Date,Season,Home,Away,HG,AG,Result,Result-U/O,1,X,2,Week,HW,AW,HL,AL,HGF,AGF,HAGF,HGA,AGA,HAGA,HGD,AGD,HAGD,HWGD,AWGD,HAWGD,HLGD,ALGD,HALGD,HW%,HL%,AW%,AL%,HElo,AElo
2026-08-25,2026,Botafogo RJ,Athletico-PR,2.0,3.0,A,O,2.34,3.22,2.95,11,1.0,2.0,0.0,0.0,3.0,4.0,-1.0,2.0,1.0,1.0,1.0,3.0,-2.0,0.0,1.0,-1.0,0.0,0.0,0.0,40.0,20.0,36.4,45.5,1602.9,1567.2
2026-08-23,2026,Vitoria,Bahia,0.0,2.0,A,U,2.67,3.09,2.65,12,2.0,0.0,1.0,0.0,2.0,4.0,-2.0,4.0,4.0,0.0,-2.0,0.0,-2.0,0.0,0.0,0.0,1.0,0.0,1.0,72.7,18.2,36.4,27.3,1528.2,1563.3
2026-08-23,2026,Santos,Mirassol,1.0,1.0,D,U,1.73,3.63,4.46,13,1.0,0.0,1.0,2.0,5.0,2.0,3.0,5.0,5.0,0.0,0.0,-3.0,3.0,1.0,0.0,1.0,1.0,1.0,0.0,41.7,33.3,10.0,70.0,1515.3,1541.7
2026-08-23,2026,Palmeiras,Vasco,4.0,1.0,H,O,1.6,3.78,5.43,12,1.0,0.0,1.0,2.0,2.0,1.0,1.0,2.0,5.0,-3.0,0.0,-4.0,4.0,0.0,0.0,0.0,0.0,1.0,-1.0,63.6,9.1,0.0,50.0,1692.4,1484.3
2026-08-23,2026,Cruzeiro,Flamengo RJ,2.0,1.0,H,O,3.48,3.36,2.05,13,1.0,2.0,1.0,0.0,4.0,10.0,-6.0,3.0,2.0,1.0,1.0,8.0,-7.0,1.0,2.0,-1.0,0.0,0.0,0.0,41.7,25.0,58.3,16.7,1618.5,1701.0
2026-08-23,2026,Coritiba,Corinthians,2.0,1.0,H,O,2.84,2.87,2.68,12,1.0,2.0,2.0,0.0,3.0,6.0,-3.0,5.0,2.0,3.0,-2.0,4.0,-6.0,0.0,2.0,-2.0,1.0,0.0,1.0,36.4,36.4,27.3,27.3,1479.0,1562.4
2026-08-23,2026,Chapecoense-SC,Sao Paulo,1.0,0.0,H,U,3.94,3.23,1.96,12,0.0,0.0,2.0,2.0,5.0,2.0,3.0,10.0,4.0,6.0,-5.0,-2.0,-3.0,0.0,0.0,0.0,1.0,0.0,1.0,9.1,45.5,16.7,58.3,1341.5,1520.0
2026-08-23,2026,Bragantino,Gremio,1.0,0.0,H,U,1.57,3.89,5.47,12,1.0,0.0,1.0,2.0,3.0,2.0,1.0,3.0,6.0,-3.0,0.0,-4.0,4.0,1.0,0.0,1.0,1.0,1.0,0.0,45.5,36.4,0.0,63.6,1535.2,1522.3
2026-08-22,2026,Internacional,Atletico-MG,0.0,0.0,D,U,1.78,3.45,4.51,13,0.0,2.0,1.0,0.0,3.0,5.0,-2.0,4.0,3.0,1.0,-1.0,2.0,-3.0,0.0,0.0,0.0,0.0,0.0,0.0,25.0,41.7,33.3,58.3,1519.0,1560.2
2026-08-22,2026,Fluminense,Remo,2.0,1.0,H,O,1.48,3.96,6.93,13,1.0,0.0,0.0,2.0,4.0,2.0,2.0,3.0,6.0,-3.0,1.0,-4.0,5.0,0.0,0.0,0.0,0.0,1.0,-1.0,66.7,8.3,16.7,58.3,1621.8,1491.0
2026-08-18,2026,Internacional,Remo,1.0,1.0,D,U,1.45,4.24,6.6,12,1.0,1.0,1.0,2.0,6.0,4.0,2.0,4.0,7.0,-3.0,2.0,-3.0,5.0,1.0,0.0,1.0,0.0,1.0,-1.0,27.3,45.5,18.2,63.6,1519.8,1490.1
2026-08-16,2026,Vitoria,Botafogo RJ,1.0,0.0,H,U,2.22,3.27,3.16,11,2.0,1.0,1.0,1.0,3.0,3.0,0.0,4.0,3.0,1.0,-1.0,0.0,-1.0,1.0,0.0,1.0,1.0,0.0,1.0,70.0,20.0,36.4,45.5,1515.4,1615.7
2026-08-16,2026,Vasco,Santos,0.0,3.0,A,O,1.91,3.4,3.97,12,0.0,0.0,2.0,2.0,1.0,4.0,-3.0,5.0,6.0,-1.0,-4.0,-2.0,-2.0,0.0,0.0,0.0,1.0,0.0,1.0,45.5,36.4,0.0,55.6,1494.0,1505.6
2026-08-16,2026,Sao Paulo,Coritiba,1.0,1.0,D,U,1.68,3.43,5.34,10,0.0,1.0,1.0,1.0,4.0,3.0,1.0,5.0,3.0,2.0,-1.0,0.0,-1.0,0.0,1.0,-1.0,0.0,1.0,-1.0,55.6,22.2,36.4,36.4,1521.2,1477.7
2026-08-16,2026,Mirassol,Flamengo RJ,1.0,5.0,A,O,4.25,3.49,1.81,12,3.0,1.0,0.0,0.0,5.0,6.0,-1.0,2.0,2.0,0.0,3.0,4.0,-1.0,0.0,1.0,-1.0,0.0,0.0,0.0,45.5,27.3,54.5,18.2,1547.7,1695.0
2026-08-16,2026,Corinthians,Cruzeiro,1.0,2.0,A,O,1.93,3.15,4.23,12,2.0,2.0,0.0,0.0,4.0,4.0,0.0,0.0,2.0,-2.0,4.0,2.0,2.0,1.0,0.0,1.0,0.0,0.0,0.0,45.5,27.3,40.0,40.0,1571.3,1609.6
2026-08-16,2026,Chapecoense-SC,Bahia,3.0,3.0,D,O,3.36,3.31,2.11,11,0.0,0.0,3.0,1.0,3.0,3.0,0.0,9.0,4.0,5.0,-6.0,-1.0,-5.0,0.0,0.0,0.0,1.0,0.0,1.0,10.0,50.0,40.0,30.0,1335.6,1569.2
2026-08-16,2026,Atletico-MG,Gremio,3.0,0.0,H,O,1.73,3.53,4.76,10,1.0,0.0,0.0,1.0,5.0,2.0,3.0,3.0,3.0,0.0,2.0,-1.0,3.0,1.0,0.0,1.0,0.0,0.0,0.0,44.4,11.1,0.0,60.0,1550.7,1531.7
2026-08-15,2026,Fluminense,Palmeiras,3.0,2.0,H,O,2.95,3.09,2.43,12,1.0,3.0,0.0,0.0,3.0,10.0,-7.0,2.0,1.0,1.0,1.0,9.0,-8.0,0.0,3.0,-3.0,0.0,0.0,0.0,63.6,9.1,63.6,9.1,1609.1,1705.1
2026-08-15,2026,Athletico-PR,Bragantino,1.0,1.0,D,U,2.0,3.23,3.78,12,2.0,1.0,0.0,1.0,4.0,4.0,0.0,1.0,3.0,-2.0,3.0,1.0,2.0,1.0,1.0,0.0,0.0,1.0,-1.0,72.7,9.1,40.0,40.0,1568.2,1534.2
2026-08-09,2026,Santos,Athletico-PR,0.0,2.0,A,U,2.06,3.24,3.55,12,1.0,2.0,1.0,0.0,5.0,4.0,1.0,6.0,2.0,4.0,-1.0,2.0,-3.0,1.0,0.0,1.0,1.0,0.0,1.0,45.5,27.3,30.0,50.0,1514.3,1559.5
2026-08-09,2026,Palmeiras,Internacional,0.0,0.0,D,U,1.56,4.04,5.41,11,1.0,0.0,1.0,3.0,3.0,1.0,2.0,3.0,7.0,-4.0,0.0,-6.0,6.0,0.0,0.0,0.0,0.0,3.0,-3.0,70.0,10.0,20.0,40.0,1710.2,1514.7
2026-08-09,2026,Flamengo RJ,Vitoria,2.0,0.0,H,U,1.23,5.76,11.23,10,1.0,0.0,1.0,2.0,4.0,1.0,3.0,4.0,5.0,-1.0,0.0,-4.0,4.0,1.0,0.0,1.0,1.0,2.0,-1.0,55.6,11.1,0.0,63.6,1689.5,1520.9
2026-08-09,2026,Cruzeiro,Mirassol,3.0,1.0,H,O,1.65,3.58,5.25,12,1.0,0.0,1.0,2.0,3.0,2.0,1.0,3.0,5.0,-2.0,0.0,-3.0,3.0,0.0,0.0,0.0,0.0,1.0,-1.0,36.4,27.3,11.1,66.7,1600.9,1556.4
2026-08-09,2026,Coritiba,Chapecoense-SC,2.0,1.0,H,O,1.64,3.67,5.27,11,1.0,0.0,2.0,2.0,4.0,2.0,2.0,6.0,5.0,1.0,-2.0,-3.0,1.0,0.0,0.0,0.0,1.0,1.0,0.0,30.0,40.0,0.0,70.0,1471.3,1342.1
2026-08-09,2026,Bragantino,Corinthians,0.0,2.0,A,U,2.22,3.0,3.44,11,2.0,1.0,0.0,1.0,5.0,5.0,0.0,1.0,5.0,-4.0,4.0,0.0,4.0,2.0,1.0,1.0,0.0,1.0,-1.0,50.0,30.0,20.0,30.0,1543.7,1561.9
2026-08-09,2026,Botafogo RJ,Fluminense,1.0,1.0,D,U,2.26,3.13,3.21,10,2.0,0.0,0.0,1.0,5.0,2.0,3.0,2.0,3.0,-1.0,3.0,-1.0,4.0,1.0,0.0,1.0,0.0,0.0,0.0,44.4,22.2,20.0,40.0,1615.9,1608.9
2026-08-09,2026,Bahia,Vasco,0.0,0.0,D,U,1.99,3.44,3.55,12,2.0,0.0,0.0,2.0,5.0,3.0,2.0,2.0,7.0,-5.0,3.0,-4.0,7.0,1.0,0.0,1.0,0.0,1.0,-1.0,36.4,18.2,0.0,55.6,1571.4,1491.7
2026-08-08,2026,Remo,Atletico-MG,2.0,2.0,D,O,2.69,3.06,2.67,11,2.0,2.0,1.0,1.0,4.0,3.0,1.0,2.0,2.0,0.0,2.0,1.0,1.0,1.0,0.0,1.0,0.0,0.0,0.0,30.0,30.0,36.4,63.6,1488.3,1552.5
2026-08-08,2026,Gremio,Sao Paulo,2.0,1.0,H,O,2.29,3.06,3.22,11,1.0,0.0,1.0,2.0,5.0,2.0,3.0,6.0,4.0,2.0,-1.0,-2.0,1.0,0.0,0.0,0.0,1.0,0.0,1.0,50.0,20.0,18.2,54.5,1521.4,1531.5
2026-07-31,2026,Coritiba,Cruzeiro,0.0,1.0,A,U,3.19,3.1,2.25,10,1.0,2.0,1.0,0.0,6.0,5.0,1.0,7.0,3.0,4.0,-1.0,2.0,-3.0,0.0,0.0,0.0,1.0,0.0,1.0,33.3,33.3,33.3,44.4,1478.1,1594.1
2026-07-30,2026,Vitoria,Palmeiras,0.0,4.0,A,O,3.99,3.09,1.96,10,3.0,2.0,0.0,0.0,7.0,7.0,0.0,1.0,2.0,-1.0,6.0,5.0,1.0,2.0,2.0,0.0,0.0,0.0,0.0,77.8,11.1,60.0,10.0,1526.2,1704.9
2026-07-30,2026,Fluminense,Bahia,0.0,0.0,D,U,1.67,3.68,4.8,11,1.0,0.0,0.0,1.0,5.0,5.0,0.0,4.0,6.0,-2.0,1.0,-1.0,2.0,0.0,0.0,0.0,0.0,0.0,0.0,70.0,10.0,44.4,33.3,1610.1,1570.3
2026-07-30,2026,Corinthians,Athletico-PR,0.0,0.0,D,U,2.21,2.94,3.45,11,3.0,2.0,0.0,1.0,7.0,4.0,3.0,2.0,3.0,-1.0,5.0,1.0,4.0,1.0,0.0,1.0,0.0,0.0,0.0,50.0,30.0,33.3,55.6,1561.9,1559.4
2026-07-29,2026,Mirassol,Remo,2.0,1.0,H,O,1.71,3.66,4.57,11,2.0,2.0,0.0,1.0,4.0,5.0,-1.0,2.0,6.0,-4.0,2.0,-1.0,3.0,0.0,0.0,0.0,0.0,1.0,-1.0,40.0,30.0,20.0,60.0,1547.9,1496.9
2026-07-29,2026,Internacional,Flamengo RJ,1.0,1.0,D,U,3.43,3.35,2.03,11,2.0,2.0,1.0,0.0,7.0,6.0,1.0,3.0,1.0,2.0,4.0,5.0,-1.0,2.0,1.0,1.0,0.0,0.0,0.0,30.0,50.0,60.0,20.0,1509.9,1694.3
2026-07-26,2026,Vasco,Mirassol,1.0,1.0,D,U,1.98,3.28,3.68,11,1.0,0.0,2.0,3.0,1.0,1.0,0.0,4.0,5.0,-1.0,-3.0,-4.0,1.0,0.0,0.0,0.0,1.0,1.0,0.0,50.0,40.0,12.5,75.0,1490.0,1549.6
2026-07-26,2026,Remo,Vitoria,2.0,0.0,H,U,2.31,3.23,2.92,10,1.0,0.0,1.0,2.0,3.0,1.0,2.0,3.0,5.0,-2.0,0.0,-4.0,4.0,0.0,0.0,0.0,0.0,2.0,-2.0,22.2,33.3,0.0,60.0,1485.4,1537.7
2026-07-26,2026,Palmeiras,Atletico-MG,1.0,2.0,A,O,1.57,3.71,5.78,10,1.0,2.0,0.0,1.0,3.0,4.0,-1.0,2.0,2.0,0.0,1.0,2.0,-1.0,0.0,1.0,-1.0,0.0,0.0,0.0,77.8,0.0,30.0,70.0,1719.7,1537.7
2026-07-26,2026,Gremio,Fluminense,1.0,1.0,D,U,3.35,3.18,2.14,10,1.0,0.0,2.0,2.0,4.0,1.0,3.0,6.0,4.0,2.0,-2.0,-3.0,1.0,0.0,0.0,0.0,1.0,1.0,0.0,55.6,22.2,22.2,44.4,1518.8,1612.7
2026-07-26,2026,Flamengo RJ,Sao Paulo,1.0,1.0,D,U,1.41,4.32,7.26,9,1.0,0.0,1.0,3.0,5.0,3.0,2.0,5.0,6.0,-1.0,0.0,-3.0,3.0,1.0,0.0,1.0,1.0,0.0,1.0,62.5,12.5,20.0,60.0,1698.9,1526.9
2026-07-26,2026,Cruzeiro,Botafogo RJ,0.0,1.0,A,U,1.72,3.77,4.27,11,1.0,0.0,1.0,1.0,4.0,3.0,1.0,5.0,4.0,1.0,-1.0,-1.0,0.0,0.0,0.0,0.0,1.0,0.0,1.0,40.0,20.0,30.0,50.0,1604.0,1606.0
2026-07-26,2026,Bragantino,Coritiba,0.0,0.0,D,U,1.56,3.87,5.65,10,2.0,1.0,1.0,2.0,5.0,4.0,1.0,2.0,7.0,-5.0,3.0,-3.0,6.0,2.0,1.0,1.0,0.0,2.0,-2.0,55.6,33.3,40.0,40.0,1545.6,1476.1
2026-07-26,2026,Bahia,Corinthians,1.0,1.0,D,U,2.3,3.13,3.05,11,2.0,1.0,0.0,2.0,5.0,5.0,0.0,2.0,6.0,-4.0,3.0,-1.0,4.0,1.0,1.0,0.0,0.0,1.0,-1.0,40.0,20.0,22.2,33.3,1570.6,1561.7
2026-07-25,2026,Santos,Chapecoense-SC,2.0,2.0,D,O,1.32,4.91,8.39,11,2.0,0.0,1.0,3.0,5.0,1.0,4.0,4.0,5.0,-1.0,1.0,-4.0,5.0,2.0,0.0,2.0,1.0,1.0,0.0,50.0,30.0,0.0,77.8,1519.1,1337.3
2026-07-25,2026,Athletico-PR,Internacional,2.0,0.0,H,U,1.94,3.22,3.89,11,1.0,0.0,0.0,2.0,2.0,3.0,-1.0,1.0,7.0,-6.0,1.0,-4.0,5.0,0.0,0.0,0.0,0.0,2.0,-2.0,70.0,10.0,22.2,33.3,1550.3,1519.0
2026-07-23,2026,Sao Paulo,Athletico-PR,1.0,2.0,A,O,1.98,3.15,3.87,9,1.0,1.0,0.0,2.0,4.0,2.0,2.0,3.0,3.0,0.0,1.0,-1.0,2.0,0.0,0.0,0.0,0.0,0.0,0.0,62.5,12.5,25.0,62.5,1536.8,1540.4
2026-07-23,2026,Internacional,Cruzeiro,1.0,2.0,A,O,2.33,3.26,2.89,10,2.0,2.0,1.0,0.0,7.0,4.0,3.0,3.0,2.0,1.0,4.0,2.0,2.0,2.0,0.0,2.0,0.0,0.0,0.0,33.3,44.4,25.0,50.0,1527.0,1596.0
2026-07-23,2026,Corinthians,Remo,3.0,0.0,H,O,1.48,4.05,6.5,10,3.0,2.0,0.0,1.0,5.0,7.0,-2.0,2.0,7.0,-5.0,3.0,0.0,3.0,0.0,0.0,0.0,0.0,1.0,-1.0,44.4,33.3,22.2,55.6,1553.4,1493.7
2026-07-23,2026,Chapecoense-SC,Flamengo RJ,0.0,4.0,A,O,8.15,4.6,1.35,10,0.0,2.0,3.0,0.0,4.0,6.0,-2.0,9.0,1.0,8.0,-5.0,5.0,-10.0,0.0,1.0,-1.0,1.0,0.0,1.0,11.1,44.4,55.6,22.2,1339.5,1696.6
2026-07-23,2026,Botafogo RJ,Vitoria,0.0,0.0,D,U,1.72,3.66,4.39,9,2.0,0.0,1.0,2.0,6.0,3.0,3.0,4.0,7.0,-3.0,2.0,-4.0,6.0,1.0,0.0,1.0,0.0,2.0,-2.0,50.0,25.0,0.0,66.7,1608.0,1535.6
2026-07-22,2026,Coritiba,Palmeiras,1.0,3.0,A,O,3.96,3.14,1.96,9,2.0,2.0,0.0,0.0,7.0,5.0,2.0,4.0,1.0,3.0,3.0,4.0,-1.0,1.0,1.0,0.0,0.0,0.0,0.0,37.5,25.0,55.6,11.1,1480.2,1715.6
2026-07-21,2026,Atletico-MG,Bahia,1.0,1.0,D,U,1.82,3.51,4.0,9,1.0,0.0,1.0,2.0,4.0,4.0,0.0,6.0,7.0,-1.0,-2.0,-3.0,1.0,1.0,0.0,1.0,1.0,1.0,0.0,50.0,12.5,50.0,37.5,1536.7,1571.6
2026-07-18,2026,Mirassol,Gremio,2.0,1.0,H,O,1.89,3.27,4.05,10,2.0,0.0,0.0,1.0,4.0,1.0,3.0,2.0,3.0,-1.0,2.0,-2.0,4.0,0.0,0.0,0.0,0.0,1.0,-1.0,33.3,33.3,0.0,55.6,1539.9,1528.5
2026-07-18,2026,Fluminense,Bragantino,1.0,1.0,D,U,1.8,3.42,4.24,10,2.0,2.0,0.0,1.0,6.0,5.0,1.0,4.0,3.0,1.0,2.0,2.0,0.0,0.0,1.0,-1.0,0.0,1.0,-1.0,77.8,11.1,44.4,44.4,1614.7,1543.6
2026-07-17,2026,Bahia,Chapecoense-SC,2.0,0.0,H,U,1.38,4.7,7.07,10,1.0,0.0,1.0,2.0,4.0,2.0,2.0,4.0,4.0,0.0,0.0,-2.0,2.0,0.0,0.0,0.0,0.0,0.0,0.0,33.3,22.2,0.0,75.0,1567.2,1343.9
2026-07-16,2026,Vitoria,Vasco,1.0,0.0,H,U,2.46,3.19,2.79,9,2.0,0.0,0.0,2.0,6.0,3.0,3.0,1.0,7.0,-6.0,5.0,-4.0,9.0,2.0,0.0,2.0,0.0,1.0,-1.0,75.0,12.5,0.0,50.0,1526.4,1499.2
2026-07-16,2026,Botafogo RJ,Santos,2.0,1.0,H,O,2.17,3.33,3.15,8,1.0,0.0,1.0,1.0,6.0,5.0,1.0,5.0,6.0,-1.0,1.0,-1.0,2.0,1.0,0.0,1.0,0.0,0.0,0.0,42.9,28.6,0.0,50.0,1600.1,1527.1
2026-06-01,2026,Remo,Sao Paulo,1.0,0.0,H,U,2.95,3.17,2.35,9,0.0,0.0,2.0,3.0,2.0,4.0,-2.0,4.0,7.0,-3.0,-2.0,-3.0,1.0,0.0,0.0,0.0,0.0,0.0,0.0,12.5,37.5,22.2,55.6,1481.8,1548.7
2026-06-01,2026,Cruzeiro,Fluminense,1.0,1.0,D,U,1.87,3.26,4.21,10,2.0,1.0,1.0,2.0,5.0,3.0,2.0,4.0,5.0,-1.0,1.0,-2.0,3.0,1.0,0.0,1.0,1.0,1.0,0.0,44.4,22.2,25.0,50.0,1595.4,1615.3
2026-05-31,2026,Vasco,Atletico-MG,0.0,1.0,A,U,1.9,3.4,3.87,10,2.0,1.0,1.0,2.0,3.0,3.0,0.0,4.0,4.0,0.0,-1.0,-1.0,0.0,0.0,1.0,-1.0,1.0,1.0,0.0,55.6,33.3,22.2,77.8,1508.7,1527.3
2026-05-31,2026,Santos,Vitoria,3.0,1.0,H,O,1.64,3.67,5.11,10,1.0,0.0,2.0,2.0,4.0,3.0,1.0,6.0,7.0,-1.0,-2.0,-4.0,2.0,1.0,0.0,1.0,1.0,2.0,-1.0,44.4,33.3,0.0,62.5,1516.5,1537.0
2026-05-31,2026,Palmeiras,Chapecoense-SC,1.0,0.0,H,U,1.37,4.63,7.74,9,1.0,0.0,0.0,2.0,3.0,3.0,0.0,2.0,5.0,-3.0,1.0,-2.0,3.0,0.0,0.0,0.0,0.0,0.0,0.0,75.0,0.0,0.0,71.4,1713.5,1346.0
2026-05-31,2026,Bragantino,Internacional,3.0,1.0,H,O,1.98,3.41,3.54,9,2.0,0.0,1.0,1.0,6.0,4.0,2.0,3.0,6.0,-3.0,3.0,-2.0,5.0,2.0,0.0,2.0,0.0,1.0,-1.0,50.0,37.5,25.0,25.0,1533.5,1537.1
2026-05-30,2026,Gremio,Corinthians,1.0,3.0,A,O,2.99,3.08,2.38,9,2.0,0.0,1.0,2.0,4.0,2.0,2.0,3.0,5.0,-2.0,1.0,-3.0,4.0,0.0,0.0,0.0,0.0,1.0,-1.0,62.5,12.5,12.5,37.5,1538.3,1543.5
2026-05-30,2026,Flamengo RJ,Coritiba,3.0,0.0,H,O,1.32,5.08,8.16,8,1.0,1.0,1.0,2.0,4.0,4.0,0.0,5.0,5.0,0.0,-1.0,-1.0,0.0,1.0,1.0,0.0,1.0,1.0,0.0,57.1,14.3,44.4,33.3,1692.0,1484.8
2026-05-30,2026,Bahia,Botafogo RJ,2.0,1.0,H,O,1.95,3.63,3.43,9,0.0,1.0,1.0,0.0,4.0,6.0,-2.0,5.0,3.0,2.0,-1.0,3.0,-4.0,0.0,1.0,-1.0,0.0,0.0,0.0,25.0,25.0,33.3,44.4,1555.6,1611.7
2026-05-30,2026,Athletico-PR,Mirassol,1.0,0.0,H,U,1.88,3.21,4.28,10,1.0,1.0,0.0,2.0,4.0,3.0,1.0,2.0,5.0,-3.0,2.0,-2.0,4.0,1.0,0.0,1.0,0.0,1.0,-1.0,66.7,11.1,14.3,71.4,1529.8,1550.5
2026-05-26,2026,Coritiba,Bahia,3.0,2.0,H,O,2.51,3.23,2.69,8,1.0,1.0,0.0,1.0,5.0,4.0,1.0,3.0,5.0,-2.0,2.0,-1.0,3.0,1.0,0.0,1.0,0.0,1.0,-1.0,28.6,28.6,57.1,28.6,1472.1,1568.3
2026-05-25,2026,Vasco,Bragantino,0.0,3.0,A,O,2.05,3.33,3.45,9,2.0,1.0,1.0,2.0,4.0,3.0,1.0,3.0,5.0,-2.0,1.0,-2.0,3.0,0.0,0.0,0.0,0.0,1.0,-1.0,62.5,25.0,37.5,50.0,1518.5,1523.7
2026-05-24,2026,Remo,Athletico-PR,1.0,2.0,A,O,2.16,3.18,3.31,8,0.0,0.0,1.0,3.0,2.0,1.0,1.0,3.0,4.0,-1.0,-1.0,-3.0,2.0,0.0,0.0,0.0,0.0,0.0,0.0,14.3,28.6,14.3,71.4,1490.9,1520.7
2026-05-24,2026,Flamengo RJ,Palmeiras,0.0,3.0,A,O,1.73,3.43,4.77,7,2.0,1.0,0.0,0.0,7.0,2.0,5.0,3.0,1.0,2.0,4.0,1.0,3.0,2.0,0.0,2.0,0.0,0.0,0.0,66.7,0.0,50.0,12.5,1701.9,1703.5
2026-05-24,2026,Cruzeiro,Chapecoense-SC,2.0,1.0,H,O,1.27,5.41,9.47,9,2.0,0.0,1.0,2.0,5.0,2.0,3.0,4.0,5.0,-1.0,1.0,-3.0,4.0,1.0,0.0,1.0,1.0,1.0,0.0,37.5,25.0,0.0,66.7,1591.4,1350.0
2026-05-24,2026,Corinthians,Atletico-MG,1.0,0.0,H,U,1.8,3.22,4.71,9,2.0,1.0,0.0,2.0,4.0,3.0,1.0,2.0,4.0,-2.0,2.0,-1.0,3.0,0.0,1.0,-1.0,0.0,1.0,-1.0,37.5,37.5,25.0,75.0,1533.4,1537.4
2026-05-23,2026,Vitoria,Internacional,2.0,0.0,H,U,2.79,3.1,2.52,8,2.0,1.0,0.0,0.0,6.0,5.0,1.0,1.0,4.0,-3.0,5.0,1.0,4.0,2.0,0.0,2.0,0.0,0.0,0.0,71.4,14.3,28.6,14.3,1526.4,1547.7
2026-05-23,2026,Sao Paulo,Botafogo RJ,1.0,1.0,D,U,1.69,3.71,4.59,8,2.0,2.0,0.0,0.0,7.0,7.0,0.0,3.0,3.0,0.0,4.0,4.0,0.0,1.0,1.0,0.0,0.0,0.0,0.0,71.4,14.3,37.5,50.0,1546.8,1613.6
2026-05-23,2026,Mirassol,Fluminense,1.0,0.0,H,U,2.55,2.98,2.85,9,1.0,1.0,1.0,1.0,4.0,4.0,0.0,4.0,5.0,-1.0,0.0,-1.0,1.0,0.0,0.0,0.0,0.0,1.0,-1.0,25.0,37.5,28.6,42.9,1538.0,1627.8
2026-05-23,2026,Gremio,Santos,3.0,2.0,H,O,2.14,3.21,3.35,8,1.0,0.0,1.0,1.0,1.0,4.0,-3.0,1.0,6.0,-5.0,0.0,-2.0,2.0,0.0,0.0,0.0,0.0,1.0,-1.0,57.1,14.3,0.0,42.9,1528.4,1526.4
2026-05-17,2026,Santos,Coritiba,0.0,3.0,A,O,1.55,3.85,5.79,9,2.0,0.0,1.0,2.0,5.0,3.0,2.0,3.0,7.0,-4.0,2.0,-4.0,6.0,1.0,0.0,1.0,0.0,1.0,-1.0,50.0,25.0,37.5,37.5,1538.7,1459.9
2026-05-17,2026,Palmeiras,Cruzeiro,1.0,1.0,D,U,1.88,3.33,3.98,8,2.0,2.0,0.0,1.0,4.0,4.0,0.0,2.0,5.0,-3.0,2.0,-1.0,3.0,0.0,0.0,0.0,0.0,1.0,-1.0,85.7,0.0,28.6,57.1,1706.8,1588.1
2026-05-17,2026,Chapecoense-SC,Remo,2.0,3.0,A,O,2.46,3.21,2.76,9,0.0,1.0,2.0,1.0,3.0,4.0,-1.0,7.0,5.0,2.0,-4.0,-1.0,-3.0,0.0,0.0,0.0,1.0,1.0,0.0,12.5,37.5,12.5,62.5,1356.5,1484.4
2026-05-17,2026,Bragantino,Vitoria,2.0,0.0,H,U,1.54,4.01,5.6,8,2.0,0.0,1.0,1.0,7.0,4.0,3.0,3.0,6.0,-3.0,4.0,-2.0,6.0,2.0,0.0,2.0,0.0,1.0,-1.0,42.9,42.9,0.0,57.1,1513.0,1537.1
2026-05-17,2026,Botafogo RJ,Corinthians,3.0,1.0,H,O,2.59,3.07,2.74,7,0.0,0.0,1.0,2.0,5.0,2.0,3.0,6.0,5.0,1.0,-1.0,-3.0,2.0,0.0,0.0,0.0,0.0,1.0,-1.0,33.3,33.3,14.3,28.6,1605.4,1541.6
2026-05-17,2026,Bahia,Gremio,1.0,1.0,D,U,1.64,3.85,4.78,8,0.0,0.0,2.0,1.0,4.0,0.0,4.0,6.0,2.0,4.0,-2.0,-2.0,0.0,0.0,0.0,0.0,0.0,1.0,-1.0,28.6,28.6,0.0,62.5,1569.5,1527.2
2026-05-17,2026,Athletico-PR,Flamengo RJ,1.0,1.0,D,U,3.5,3.17,2.08,9,2.0,3.0,0.0,0.0,5.0,7.0,-2.0,1.0,1.0,0.0,4.0,6.0,-2.0,2.0,1.0,1.0,0.0,0.0,0.0,75.0,12.5,62.5,25.0,1515.7,1706.9
2026-05-16,2026,Internacional,Vasco,4.0,1.0,H,O,1.91,3.27,4.01,9,1.0,0.0,1.0,1.0,3.0,3.0,0.0,2.0,4.0,-2.0,1.0,-1.0,2.0,1.0,0.0,1.0,0.0,0.0,0.0,25.0,50.0,0.0,42.9,1538.0,1528.3
2026-05-16,2026,Fluminense,Sao Paulo,2.0,1.0,H,O,1.7,3.62,4.67,9,1.0,0.0,1.0,3.0,5.0,3.0,2.0,5.0,7.0,-2.0,0.0,-4.0,4.0,0.0,0.0,0.0,0.0,1.0,-1.0,75.0,12.5,25.0,50.0,1619.7,1555.0
2026-05-16,2026,Atletico-MG,Mirassol,3.0,1.0,H,O,1.95,3.28,3.83,8,1.0,1.0,1.0,2.0,3.0,4.0,-1.0,6.0,5.0,1.0,-3.0,-1.0,-2.0,0.0,0.0,0.0,1.0,0.0,1.0,42.9,14.3,16.7,66.7,1526.7,1548.6
2026-05-11,2026,Vasco,Athletico-PR,1.0,0.0,H,U,1.79,3.34,4.48,8,2.0,0.0,1.0,3.0,5.0,1.0,4.0,4.0,6.0,-2.0,1.0,-5.0,6.0,0.0,0.0,0.0,0.0,1.0,-1.0,57.1,28.6,16.7,66.7,1518.0,1525.9
2026-05-10,2026,Santos,Bragantino,2.0,0.0,H,U,2.11,3.3,3.32,8,2.0,2.0,1.0,1.0,5.0,4.0,1.0,3.0,3.0,0.0,2.0,1.0,1.0,1.0,0.0,1.0,0.0,0.0,0.0,42.9,28.6,42.9,42.9,1528.8,1522.8
2026-05-10,2026,Remo,Palmeiras,1.0,1.0,D,U,3.9,3.38,1.9,7,1.0,2.0,1.0,0.0,5.0,3.0,2.0,3.0,1.0,2.0,2.0,2.0,0.0,1.0,0.0,1.0,0.0,0.0,0.0,16.7,33.3,57.1,14.3,1478.6,1712.7
2026-05-10,2026,Mirassol,Chapecoense-SC,1.0,1.0,D,U,1.44,4.25,6.83,8,1.0,0.0,2.0,3.0,3.0,1.0,2.0,4.0,6.0,-2.0,-1.0,-5.0,4.0,0.0,0.0,0.0,0.0,2.0,-2.0,28.6,42.9,0.0,80.0,1553.9,1351.2
2026-05-10,2026,Gremio,Flamengo RJ,0.0,1.0,A,U,3.9,3.3,1.91,7,2.0,2.0,0.0,1.0,3.0,6.0,-3.0,0.0,4.0,-4.0,3.0,2.0,1.0,1.0,1.0,0.0,0.0,1.0,-1.0,66.7,0.0,57.1,28.6,1532.6,1701.4
2026-05-10,2026,Corinthians,Sao Paulo,3.0,2.0,H,O,2.04,3.08,3.8,8,1.0,0.0,1.0,2.0,1.0,2.0,-1.0,1.0,5.0,-4.0,0.0,-3.0,3.0,0.0,0.0,0.0,0.0,1.0,-1.0,28.6,42.9,28.6,42.9,1530.6,1566.0
2026-05-10,2026,Bahia,Cruzeiro,1.0,2.0,A,O,1.93,3.45,3.69,7,1.0,1.0,1.0,2.0,6.0,3.0,3.0,4.0,6.0,-2.0,2.0,-3.0,5.0,1.0,0.0,1.0,0.0,1.0,-1.0,33.3,16.7,16.7,66.7,1579.6,1578.1
2026-05-10,2026,Atletico-MG,Botafogo RJ,1.0,1.0,D,U,2.15,3.29,3.22,7,2.0,2.0,1.0,1.0,3.0,7.0,-4.0,5.0,6.0,-1.0,-2.0,1.0,-3.0,0.0,1.0,-1.0,1.0,1.0,0.0,50.0,16.7,42.9,57.1,1524.4,1607.8
2026-05-09,2026,Fluminense,Vitoria,2.0,2.0,D,O,1.49,4.1,6.22,8,2.0,0.0,1.0,2.0,6.0,2.0,4.0,4.0,7.0,-3.0,2.0,-5.0,7.0,1.0,0.0,1.0,0.0,2.0,-2.0,85.7,14.3,0.0,66.7,1622.1,1534.6
2026-05-09,2026,Coritiba,Internacional,2.0,2.0,D,O,2.66,3.06,2.66,7,1.0,2.0,0.0,0.0,4.0,5.0,-1.0,2.0,3.0,-1.0,2.0,2.0,0.0,1.0,0.0,1.0,0.0,0.0,0.0,33.3,33.3,33.3,16.7,1457.6,1540.3
2026-05-04,2026,Mirassol,Corinthians,2.0,1.0,H,O,2.56,2.91,2.88,7,0.0,0.0,3.0,1.0,1.0,1.0,0.0,4.0,3.0,1.0,-3.0,-2.0,-1.0,0.0,0.0,0.0,0.0,1.0,-1.0,16.7,50.0,16.7,16.7,1544.0,1540.5
2026-05-03,2026,Sao Paulo,Bahia,2.0,2.0,D,O,1.98,3.38,3.6,7,2.0,1.0,1.0,2.0,5.0,3.0,2.0,2.0,7.0,-5.0,3.0,-4.0,7.0,1.0,0.0,1.0,0.0,2.0,-2.0,83.3,16.7,66.7,33.3,1565.6,1580.0
2026-05-03,2026,Internacional,Fluminense,2.0,0.0,H,U,2.17,3.16,3.32,8,0.0,1.0,1.0,1.0,2.0,6.0,-4.0,3.0,6.0,-3.0,-1.0,0.0,-1.0,0.0,0.0,0.0,0.0,0.0,0.0,14.3,57.1,33.3,33.3,1527.3,1635.1
2026-05-03,2026,Flamengo RJ,Vasco,2.0,2.0,D,O,1.43,4.22,7.05,6,3.0,0.0,0.0,1.0,8.0,2.0,6.0,1.0,3.0,-2.0,7.0,-1.0,8.0,3.0,0.0,3.0,0.0,0.0,0.0,80.0,0.0,0.0,50.0,1706.5,1513.0
2026-05-03,2026,Cruzeiro,Atletico-MG,1.0,3.0,A,O,1.82,3.29,4.45,8,3.0,1.0,0.0,2.0,7.0,4.0,3.0,1.0,3.0,-2.0,6.0,1.0,5.0,2.0,1.0,1.0,0.0,1.0,-1.0,42.9,14.3,14.3,85.7,1590.3,1512.2
2026-05-03,2026,Chapecoense-SC,Bragantino,1.0,2.0,A,O,4.04,3.36,1.87,8,0.0,1.0,2.0,2.0,2.0,2.0,0.0,9.0,4.0,5.0,-7.0,-2.0,-5.0,0.0,0.0,0.0,2.0,1.0,1.0,14.3,28.6,33.3,50.0,1356.9,1517.1
2026-05-03,2026,Athletico-PR,Gremio,0.0,0.0,D,U,1.72,3.36,4.98,8,3.0,0.0,0.0,2.0,9.0,1.0,8.0,2.0,4.0,-2.0,7.0,-3.0,10.0,3.0,0.0,3.0,0.0,1.0,-1.0,85.7,14.3,0.0,71.4,1525.7,1532.8
2026-05-02,2026,Vitoria,Coritiba,4.0,1.0,H,O,2.16,3.01,3.52,7,2.0,0.0,0.0,2.0,3.0,2.0,1.0,0.0,5.0,-5.0,3.0,-3.0,6.0,1.0,0.0,1.0,0.0,1.0,-1.0,66.7,16.7,42.9,28.6,1526.3,1465.9
2026-05-02,2026,Palmeiras,Santos,1.0,1.0,D,U,1.55,3.79,6.06,7,3.0,0.0,0.0,1.0,5.0,3.0,2.0,2.0,5.0,-3.0,3.0,-2.0,5.0,0.0,0.0,0.0,0.0,1.0,-1.0,100.0,0.0,0.0,50.0,1717.8,1523.8
2026-05-02,2026,Botafogo RJ,Remo,1.0,2.0,A,O,1.53,3.98,5.69,6,1.0,0.0,0.0,2.0,7.0,2.0,5.0,6.0,6.0,0.0,1.0,-4.0,5.0,0.0,0.0,0.0,0.0,2.0,-2.0,40.0,20.0,0.0,71.4,1622.0,1464.3
2026-04-27,2026,Fluminense,Chapecoense-SC,2.0,1.0,H,O,1.28,5.27,9.42,7,2.0,0.0,1.0,3.0,5.0,0.0,5.0,3.0,6.0,-3.0,2.0,-6.0,8.0,1.0,0.0,1.0,0.0,3.0,-3.0,83.3,16.7,0.0,75.0,1631.7,1360.4
2026-04-27,2026,Atletico-MG,Flamengo RJ,0.0,4.0,A,O,4.6,3.47,1.74,6,3.0,1.0,0.0,1.0,4.0,3.0,1.0,1.0,5.0,-4.0,3.0,-2.0,5.0,0.0,0.0,0.0,0.0,1.0,-1.0,60.0,0.0,50.0,33.3,1517.3,1701.4
2026-04-26,2026,Sao Paulo,Mirassol,1.0,0.0,H,U,1.95,3.29,3.83,6,2.0,1.0,1.0,2.0,6.0,4.0,2.0,2.0,5.0,-3.0,4.0,-1.0,5.0,2.0,0.0,2.0,0.0,0.0,0.0,80.0,20.0,20.0,60.0,1555.6,1553.9
2026-04-26,2026,Gremio,Coritiba,1.0,0.0,H,U,1.87,3.27,4.16,6,1.0,1.0,0.0,1.0,3.0,3.0,0.0,1.0,4.0,-3.0,2.0,-1.0,3.0,1.0,0.0,1.0,0.0,1.0,-1.0,60.0,0.0,50.0,16.7,1524.3,1474.4
2026-04-26,2026,Corinthians,Vasco,1.0,0.0,H,U,2.14,3.21,3.34,7,0.0,0.0,1.0,0.0,1.0,5.0,-4.0,2.0,5.0,-3.0,-1.0,0.0,-1.0,0.0,0.0,0.0,0.0,0.0,0.0,16.7,50.0,0.0,40.0,1530.7,1522.8
2026-04-26,2026,Bragantino,Palmeiras,0.0,1.0,A,U,2.8,3.13,2.48,7,2.0,2.0,1.0,0.0,8.0,3.0,5.0,4.0,1.0,3.0,4.0,2.0,2.0,2.0,0.0,2.0,0.0,0.0,0.0,50.0,33.3,50.0,16.7,1522.1,1712.8
2026-04-26,2026,Athletico-PR,Vitoria,3.0,1.0,H,O,1.59,3.64,5.79,7,3.0,0.0,0.0,2.0,8.0,1.0,7.0,1.0,6.0,-5.0,7.0,-5.0,12.0,3.0,0.0,3.0,0.0,2.0,-2.0,83.3,16.7,0.0,60.0,1515.1,1537.0
2026-04-25,2026,Remo,Cruzeiro,0.0,1.0,A,U,2.82,3.28,2.38,6,1.0,0.0,1.0,3.0,5.0,2.0,3.0,4.0,8.0,-4.0,1.0,-6.0,7.0,1.0,0.0,1.0,1.0,2.0,-1.0,20.0,20.0,0.0,80.0,1471.2,1583.4
2026-04-25,2026,Botafogo RJ,Internacional,2.0,2.0,D,O,2.48,3.18,2.75,5,1.0,2.0,1.0,1.0,5.0,3.0,2.0,7.0,2.0,5.0,-2.0,1.0,-3.0,0.0,0.0,0.0,1.0,0.0,1.0,50.0,25.0,40.0,20.0,1624.8,1524.5
2026-04-25,2026,Bahia,Santos,2.0,2.0,D,O,1.59,3.86,5.21,6,2.0,0.0,1.0,1.0,6.0,3.0,3.0,2.0,5.0,-3.0,4.0,-2.0,6.0,2.0,0.0,2.0,0.0,1.0,-1.0,40.0,20.0,0.0,60.0,1581.7,1522.1
2026-04-19,2026,Vitoria,Corinthians,0.0,0.0,D,U,2.6,2.96,2.84,6,3.0,0.0,0.0,1.0,5.0,2.0,3.0,0.0,4.0,-4.0,5.0,-2.0,7.0,2.0,0.0,2.0,0.0,1.0,-1.0,80.0,20.0,20.0,20.0,1537.1,1530.5
2026-04-19,2026,Santos,Fluminense,2.0,3.0,A,O,2.22,3.18,3.22,7,2.0,1.0,1.0,1.0,4.0,5.0,-1.0,2.0,4.0,-2.0,2.0,1.0,1.0,1.0,1.0,0.0,0.0,0.0,0.0,50.0,16.7,20.0,40.0,1529.4,1624.3
2026-04-19,2026,Palmeiras,Athletico-PR,1.0,0.0,H,U,1.56,3.78,5.93,6,3.0,0.0,0.0,3.0,5.0,3.0,2.0,2.0,8.0,-6.0,3.0,-5.0,8.0,0.0,0.0,0.0,0.0,1.0,-1.0,100.0,0.0,20.0,60.0,1707.7,1520.1
2026-04-19,2026,Internacional,Mirassol,1.0,2.0,A,O,1.88,3.4,4.04,7,1.0,0.0,0.0,3.0,3.0,2.0,1.0,1.0,5.0,-4.0,2.0,-3.0,5.0,1.0,0.0,1.0,0.0,0.0,0.0,16.7,50.0,0.0,75.0,1534.2,1544.2
2026-04-19,2026,Flamengo RJ,Bahia,2.0,0.0,H,U,1.43,4.46,6.67,5,3.0,2.0,0.0,1.0,8.0,4.0,4.0,1.0,5.0,-4.0,7.0,-1.0,8.0,3.0,0.0,3.0,0.0,1.0,-1.0,75.0,0.0,80.0,20.0,1694.3,1588.8
2026-04-19,2026,Cruzeiro,Gremio,2.0,0.0,H,U,1.66,3.65,5.03,7,2.0,0.0,0.0,2.0,5.0,2.0,3.0,1.0,4.0,-3.0,4.0,-2.0,6.0,1.0,0.0,1.0,0.0,0.0,0.0,33.3,16.7,0.0,66.7,1574.6,1533.1
2026-04-19,2026,Coritiba,Atletico-MG,2.0,0.0,H,U,2.23,3.1,3.29,6,1.0,1.0,0.0,2.0,3.0,4.0,-1.0,2.0,2.0,0.0,1.0,2.0,-1.0,0.0,1.0,-1.0,0.0,0.0,0.0,20.0,40.0,16.7,83.3,1462.5,1529.2
2026-04-19,2026,Bragantino,Remo,4.0,2.0,H,O,1.49,4.05,6.34,6,1.0,0.0,2.0,2.0,5.0,0.0,5.0,4.0,5.0,-1.0,1.0,-5.0,6.0,1.0,0.0,1.0,0.0,2.0,-2.0,40.0,40.0,0.0,66.7,1513.1,1480.2
2026-04-18,2026,Vasco,Sao Paulo,2.0,1.0,H,O,2.12,3.19,3.44,7,2.0,0.0,1.0,2.0,6.0,1.0,5.0,5.0,4.0,1.0,1.0,-3.0,4.0,0.0,0.0,0.0,0.0,1.0,-1.0,50.0,33.3,33.3,33.3,1511.2,1567.2
2026-04-18,2026,Chapecoense-SC,Botafogo RJ,1.0,4.0,A,O,3.49,3.41,2.02,7,0.0,2.0,1.0,1.0,1.0,5.0,-4.0,5.0,6.0,-1.0,-4.0,-1.0,-3.0,0.0,0.0,0.0,1.0,1.0,0.0,16.7,16.7,33.3,66.7,1364.1,1621.1
2026-04-12,2026,Santos,Atletico-MG,1.0,0.0,H,U,2.18,3.15,3.31,6,1.0,1.0,1.0,2.0,4.0,4.0,0.0,3.0,3.0,0.0,1.0,1.0,0.0,1.0,1.0,0.0,0.0,1.0,-1.0,40.0,20.0,20.0,80.0,1518.8,1539.8
2026-04-12,2026,Internacional,Gremio,0.0,0.0,D,U,1.76,3.49,4.51,6,1.0,0.0,1.0,2.0,3.0,3.0,0.0,2.0,5.0,-3.0,1.0,-2.0,3.0,1.0,0.0,1.0,0.0,0.0,0.0,20.0,60.0,0.0,80.0,1534.3,1533.0
2026-04-12,2026,Fluminense,Flamengo RJ,1.0,2.0,A,O,3.07,3.01,2.38,6,3.0,1.0,0.0,1.0,7.0,4.0,3.0,3.0,4.0,-1.0,4.0,0.0,4.0,1.0,1.0,0.0,0.0,1.0,-1.0,100.0,0.0,40.0,40.0,1632.8,1685.8
2026-04-12,2026,Cruzeiro,Bragantino,2.0,1.0,H,O,1.93,3.32,3.89,6,1.0,1.0,0.0,1.0,6.0,2.0,4.0,3.0,3.0,0.0,3.0,-1.0,4.0,1.0,0.0,1.0,0.0,1.0,-1.0,20.0,20.0,40.0,40.0,1565.9,1521.8
2026-04-12,2026,Corinthians,Palmeiras,0.0,0.0,D,U,2.69,2.91,2.78,6,0.0,2.0,2.0,1.0,1.0,4.0,-3.0,4.0,3.0,1.0,-3.0,1.0,-4.0,0.0,0.0,0.0,1.0,0.0,1.0,20.0,60.0,60.0,20.0,1525.6,1712.6
2026-04-12,2026,Botafogo RJ,Coritiba,2.0,2.0,D,O,1.83,3.35,4.3,4,2.0,2.0,1.0,1.0,7.0,3.0,4.0,5.0,2.0,3.0,2.0,1.0,1.0,1.0,1.0,0.0,1.0,1.0,0.0,66.7,33.3,60.0,20.0,1625.6,1458.1
2026-04-12,2026,Athletico-PR,Chapecoense-SC,2.0,0.0,H,U,1.46,4.14,6.34,6,3.0,0.0,0.0,2.0,8.0,1.0,7.0,2.0,5.0,-3.0,6.0,-4.0,10.0,2.0,0.0,2.0,0.0,2.0,-2.0,80.0,20.0,0.0,66.7,1514.1,1370.2
2026-04-11,2026,Vitoria,Sao Paulo,2.0,0.0,H,U,2.95,3.0,2.47,5,2.0,1.0,1.0,1.0,4.0,3.0,1.0,2.0,3.0,-1.0,2.0,0.0,2.0,1.0,0.0,1.0,0.0,0.0,0.0,75.0,25.0,40.0,20.0,1525.6,1578.7
2026-04-11,2026,Remo,Vasco,1.0,1.0,D,U,2.86,3.2,2.41,5,1.0,0.0,1.0,1.0,5.0,5.0,0.0,4.0,6.0,-2.0,1.0,-1.0,2.0,1.0,0.0,1.0,1.0,0.0,1.0,25.0,25.0,0.0,50.0,1479.3,1512.1
2026-04-11,2026,Mirassol,Bahia,1.0,2.0,A,O,2.17,3.3,3.18,6,0.0,2.0,2.0,1.0,2.0,3.0,-1.0,4.0,4.0,0.0,-2.0,-1.0,-1.0,0.0,0.0,0.0,0.0,1.0,-1.0,20.0,40.0,75.0,25.0,1553.5,1579.5
2026-04-06,2026,Mirassol,Bragantino,0.0,1.0,A,U,2.1,3.26,3.4,5,0.0,0.0,1.0,2.0,4.0,1.0,3.0,5.0,5.0,0.0,-1.0,-4.0,3.0,0.0,0.0,0.0,0.0,2.0,-2.0,25.0,25.0,25.0,50.0,1565.0,1510.2
2026-04-06,2026,Gremio,Remo,0.0,0.0,D,U,1.67,3.74,4.8,5,2.0,0.0,0.0,3.0,5.0,0.0,5.0,2.0,6.0,-4.0,3.0,-6.0,9.0,1.0,0.0,1.0,0.0,2.0,-2.0,75.0,0.0,0.0,80.0,1534.7,1477.7
2026-04-05,2026,Vasco,Botafogo RJ,1.0,2.0,A,O,1.93,3.34,3.82,6,3.0,1.0,0.0,2.0,7.0,4.0,3.0,4.0,7.0,-3.0,3.0,-3.0,6.0,0.0,0.0,0.0,0.0,1.0,-1.0,60.0,20.0,20.0,80.0,1519.3,1618.4
2026-04-05,2026,Flamengo RJ,Santos,3.0,1.0,H,O,1.33,4.64,8.96,4,2.0,0.0,0.0,1.0,6.0,3.0,3.0,1.0,4.0,-3.0,5.0,-1.0,6.0,2.0,0.0,2.0,0.0,0.0,0.0,66.7,0.0,0.0,50.0,1680.0,1524.6
2026-04-05,2026,Coritiba,Fluminense,1.0,1.0,D,U,3.04,2.95,2.44,5,1.0,1.0,1.0,2.0,2.0,5.0,-3.0,2.0,5.0,-3.0,0.0,0.0,0.0,0.0,1.0,-1.0,0.0,0.0,0.0,25.0,50.0,25.0,50.0,1453.2,1637.7
2026-04-05,2026,Corinthians,Internacional,0.0,1.0,A,U,2.14,3.03,3.54,5,1.0,1.0,1.0,1.0,3.0,3.0,0.0,3.0,3.0,0.0,0.0,0.0,0.0,1.0,0.0,1.0,1.0,0.0,1.0,25.0,50.0,25.0,25.0,1535.9,1523.9
2026-04-05,2026,Chapecoense-SC,Vitoria,1.0,1.0,D,U,2.53,3.16,2.72,6,0.0,0.0,1.0,2.0,1.0,1.0,0.0,5.0,6.0,-1.0,-4.0,-5.0,1.0,0.0,0.0,0.0,1.0,2.0,-1.0,20.0,20.0,0.0,75.0,1365.8,1530.0
2026-04-05,2026,Bahia,Palmeiras,1.0,2.0,A,O,2.53,3.08,2.78,5,2.0,2.0,0.0,1.0,6.0,5.0,1.0,1.0,3.0,-2.0,5.0,2.0,3.0,2.0,1.0,1.0,0.0,0.0,0.0,50.0,0.0,50.0,25.0,1586.2,1705.9
2026-04-05,2026,Atletico-MG,Athletico-PR,2.0,1.0,H,O,2.16,3.17,3.34,5,2.0,0.0,0.0,2.0,5.0,3.0,2.0,3.0,7.0,-4.0,2.0,-4.0,6.0,0.0,0.0,0.0,0.0,1.0,-1.0,50.0,0.0,25.0,50.0,1530.0,1523.9
2026-04-04,2026,Sao Paulo,Cruzeiro,4.0,1.0,H,O,2.21,3.08,3.35,5,2.0,0.0,1.0,2.0,4.0,3.0,1.0,1.0,6.0,-5.0,3.0,-3.0,6.0,2.0,0.0,2.0,0.0,1.0,-1.0,75.0,25.0,0.0,75.0,1568.5,1576.1
2026-04-03,2026,Palmeiras,Gremio,2.0,1.0,H,O,1.5,4.15,5.72,5,3.0,0.0,0.0,2.0,5.0,2.0,3.0,2.0,5.0,-3.0,3.0,-3.0,6.0,0.0,0.0,0.0,0.0,1.0,-1.0,100.0,0.0,0.0,75.0,1700.2,1540.4
2026-04-03,2026,Bragantino,Flamengo RJ,3.0,0.0,H,O,3.68,3.14,2.05,5,0.0,2.0,2.0,0.0,3.0,6.0,-3.0,5.0,2.0,3.0,-2.0,4.0,-6.0,0.0,1.0,-1.0,0.0,0.0,0.0,25.0,50.0,50.0,25.0,1495.0,1695.2
2026-04-02,2026,Santos,Remo,2.0,0.0,H,U,1.62,3.64,5.39,5,1.0,0.0,1.0,2.0,4.0,3.0,1.0,4.0,7.0,-3.0,0.0,-4.0,4.0,0.0,0.0,0.0,0.0,1.0,-1.0,25.0,25.0,0.0,75.0,1515.4,1486.9
2026-04-02,2026,Fluminense,Corinthians,3.0,1.0,H,O,1.79,3.3,4.64,5,3.0,0.0,0.0,0.0,5.0,2.0,3.0,2.0,2.0,0.0,3.0,0.0,3.0,0.0,0.0,0.0,0.0,0.0,0.0,100.0,0.0,25.0,0.0,1630.1,1543.5
2026-04-02,2026,Cruzeiro,Vitoria,3.0,0.0,H,O,1.5,3.93,6.21,5,0.0,0.0,0.0,2.0,4.0,2.0,2.0,4.0,8.0,-4.0,0.0,-6.0,6.0,0.0,0.0,0.0,0.0,2.0,-2.0,0.0,25.0,0.0,66.7,1566.9,1539.2
2026-04-02,2026,Coritiba,Vasco,1.0,1.0,D,U,2.66,2.95,2.75,4,1.0,0.0,2.0,2.0,1.0,5.0,-4.0,2.0,7.0,-5.0,-1.0,-2.0,1.0,0.0,0.0,0.0,0.0,0.0,0.0,33.3,66.7,0.0,66.7,1451.2,1521.3
2026-04-02,2026,Chapecoense-SC,Atletico-MG,0.0,4.0,A,O,3.26,3.19,2.19,5,0.0,0.0,0.0,3.0,4.0,1.0,3.0,4.0,5.0,-1.0,0.0,-4.0,4.0,0.0,0.0,0.0,0.0,1.0,-1.0,25.0,0.0,0.0,100.0,1371.6,1524.1
2026-04-02,2026,Bahia,Athletico-PR,3.0,0.0,H,O,1.77,3.48,4.44,4,1.0,1.0,0.0,1.0,4.0,4.0,0.0,2.0,4.0,-2.0,2.0,0.0,2.0,1.0,0.0,1.0,0.0,0.0,0.0,33.3,0.0,33.3,33.3,1577.5,1532.6
2026-04-01,2026,Internacional,Sao Paulo,1.0,1.0,D,U,2.18,3.08,3.4,5,1.0,2.0,2.0,1.0,3.0,3.0,0.0,4.0,2.0,2.0,-1.0,1.0,-2.0,1.0,0.0,1.0,1.0,0.0,1.0,25.0,75.0,50.0,25.0,1522.6,1569.9
2026-04-01,2026,Botafogo RJ,Mirassol,3.0,2.0,H,O,2.26,3.24,3.04,3,,0.0,,2.0,,2.0,,,4.0,,,-2.0,,,0.0,,,0.0,,50.0,50.0,0.0,66.7,1609.4,1574.0
2026-03-29,2026,Athletico-PR,Botafogo RJ,4.0,1.0,H,O,1.95,3.21,3.9,5,2.0,1.0,1.0,2.0,4.0,3.0,1.0,2.0,4.0,-2.0,2.0,-1.0,3.0,1.0,0.0,1.0,0.0,0.0,0.0,75.0,25.0,25.0,75.0,1519.7,1622.3
2026-03-22,2026,Vitoria,Mirassol,1.0,0.0,H,U,2.51,3.07,2.82,4,2.0,,1.0,,5.0,,,2.0,,,3.0,,,2.0,,,0.0,,,66.7,33.3,0.0,50.0,1527.6,1585.7
2026-03-22,2026,Vasco,Gremio,2.0,1.0,H,O,1.85,3.45,4.03,5,2.0,0.0,1.0,2.0,5.0,2.0,3.0,4.0,5.0,-1.0,1.0,-3.0,4.0,0.0,0.0,0.0,0.0,1.0,-1.0,50.0,25.0,0.0,66.7,1510.1,1551.6
2026-03-22,2026,Sao Paulo,Palmeiras,0.0,1.0,A,U,2.62,2.97,2.78,4,3.0,1.0,0.0,1.0,6.0,6.0,0.0,1.0,5.0,-4.0,5.0,1.0,4.0,2.0,1.0,1.0,0.0,0.0,0.0,100.0,0.0,33.3,33.3,1576.6,1693.5
2026-03-22,2026,Remo,Bahia,4.0,1.0,H,O,2.92,3.12,2.41,4,0.0,3.0,1.0,0.0,3.0,4.0,-1.0,5.0,1.0,4.0,-2.0,3.0,-5.0,0.0,0.0,0.0,1.0,0.0,1.0,0.0,33.3,100.0,0.0,1473.6,1590.7
2026-03-22,2026,Internacional,Chapecoense-SC,2.0,0.0,H,U,1.37,4.72,7.48,4,0.0,,3.0,,1.0,,,5.0,,,-4.0,,,0.0,,,1.0,,,0.0,100.0,0.0,50.0,1516.4,1377.8
2026-03-22,2026,Cruzeiro,Santos,0.0,0.0,D,U,1.67,3.57,5.04,4,0.0,0.0,1.0,2.0,5.0,5.0,0.0,6.0,8.0,-2.0,-1.0,-3.0,2.0,0.0,0.0,0.0,0.0,1.0,-1.0,0.0,33.3,0.0,66.7,1568.5,1513.9
2026-03-22,2026,Corinthians,Flamengo RJ,1.0,1.0,D,U,3.28,3.03,2.26,4,1.0,2.0,2.0,1.0,3.0,6.0,-3.0,4.0,3.0,1.0,-1.0,3.0,-4.0,1.0,1.0,0.0,1.0,0.0,1.0,33.3,66.7,66.7,33.3,1539.2,1699.5
2026-03-22,2026,Athletico-PR,Coritiba,2.0,0.0,H,U,1.93,3.14,4.16,4,2.0,2.0,1.0,0.0,4.0,6.0,-2.0,3.0,3.0,0.0,1.0,3.0,-2.0,0.0,1.0,-1.0,0.0,0.0,0.0,66.7,33.3,75.0,0.0,1511.2,1459.7
2026-03-21,2026,Fluminense,Atletico-MG,1.0,0.0,H,U,1.63,3.5,5.62,4,3.0,0.0,0.0,3.0,6.0,1.0,5.0,3.0,5.0,-2.0,3.0,-4.0,7.0,0.0,0.0,0.0,0.0,1.0,-1.0,100.0,0.0,0.0,100.0,1622.7,1531.6
2026-03-21,2026,Bragantino,Botafogo RJ,1.0,2.0,A,O,1.89,3.37,3.98,4,1.0,0.0,1.0,3.0,3.0,4.0,-1.0,3.0,8.0,-5.0,0.0,-4.0,4.0,0.0,0.0,0.0,0.0,1.0,-1.0,33.3,33.3,0.0,100.0,1501.9,1615.4
2026-03-20,2026,Chapecoense-SC,Corinthians,0.0,0.0,D,U,3.24,3.1,2.25,4,1.0,1.0,0.0,0.0,8.0,3.0,5.0,6.0,2.0,4.0,2.0,1.0,1.0,1.0,0.0,1.0,0.0,0.0,0.0,33.3,0.0,33.3,0.0,1373.3,1543.7
2026-03-19,2026,Vasco,Fluminense,3.0,2.0,H,O,3.52,3.11,2.11,4,1.0,1.0,1.0,1.0,3.0,4.0,-1.0,3.0,3.0,0.0,0.0,1.0,-1.0,0.0,1.0,-1.0,0.0,0.0,0.0,33.3,33.3,33.3,33.3,1496.3,1636.5
2026-03-19,2026,Santos,Internacional,1.0,2.0,A,O,2.09,3.21,3.47,4,1.0,0.0,0.0,1.0,4.0,2.0,2.0,3.0,3.0,0.0,1.0,-1.0,2.0,0.0,0.0,0.0,0.0,0.0,0.0,33.3,0.0,0.0,33.3,1524.4,1505.8
2026-03-19,2026,Gremio,Vitoria,2.0,0.0,H,U,1.78,3.39,4.55,4,2.0,,0.0,,8.0,,,5.0,,,3.0,,,1.0,,,0.0,,,66.7,0.0,0.0,50.0,1541.7,1537.5
2026-03-19,2026,Flamengo RJ,Remo,3.0,0.0,H,O,1.14,7.42,16.04,3,,0.0,,2.0,,3.0,,,6.0,,,-3.0,,,0.0,,,1.0,,50.0,0.0,0.0,66.7,1695.1,1478.1
2026-03-18,2026,Palmeiras,Botafogo RJ,2.0,1.0,H,O,1.49,4.06,6.24,4,3.0,,0.0,,8.0,,,2.0,,,6.0,,,1.0,,,0.0,,,100.0,0.0,0.0,100.0,1685.2,1623.7
2026-03-18,2026,Mirassol,Coritiba,0.0,1.0,A,U,1.63,3.6,5.43,4,1.0,2.0,0.0,0.0,6.0,7.0,-1.0,5.0,4.0,1.0,1.0,3.0,-2.0,0.0,1.0,-1.0,0.0,0.0,0.0,33.3,0.0,66.7,0.0,1599.8,1445.6
2026-03-18,2026,Bahia,Bragantino,2.0,0.0,H,U,1.64,3.69,5.13,3,,1.0,,1.0,,2.0,,,3.0,,,-1.0,,,0.0,,,1.0,,0.0,0.0,33.3,33.3,1582.8,1509.8
2026-03-18,2026,Atletico-MG,Sao Paulo,1.0,0.0,H,U,2.31,3.01,3.2,4,1.0,2.0,0.0,0.0,6.0,4.0,2.0,5.0,2.0,3.0,1.0,2.0,-1.0,0.0,0.0,0.0,0.0,0.0,0.0,33.3,0.0,66.7,0.0,1519.6,1588.6
2026-03-18,2026,Athletico-PR,Cruzeiro,2.0,1.0,H,O,2.11,3.2,3.45,3,,0.0,,2.0,,2.0,,,8.0,,,-6.0,,,0.0,,,2.0,,50.0,50.0,0.0,66.7,1498.9,1580.8
2026-03-16,2026,Chapecoense-SC,Gremio,1.0,1.0,D,U,2.91,3.35,2.29,3,,,,,,,,,,,,,,,,,,,,50.0,0.0,0.0,100.0,1368.6,1546.4
2026-03-15,2026,Santos,Corinthians,1.0,1.0,D,U,2.48,3.02,2.92,3,,,,,,,,,,,,,,,,,,,,50.0,0.0,50.0,0.0,1523.8,1544.3
2026-03-15,2026,Palmeiras,Mirassol,1.0,0.0,H,U,1.63,3.76,5.09,3,,,,,,,,,,,,,,,,,,,,100.0,0.0,0.0,0.0,1677.2,1607.9
2026-03-15,2026,Internacional,Bahia,0.0,1.0,A,U,1.8,3.62,4.04,3,,,,,,,,,,,,,,,,,,,,0.0,100.0,100.0,0.0,1514.1,1574.5
2026-03-15,2026,Fluminense,Athletico-PR,3.0,2.0,H,O,1.78,3.39,4.53,3,,,,,,,,,,,,,,,,,,,,100.0,0.0,50.0,0.0,1629.9,1505.4
2026-03-15,2026,Cruzeiro,Vasco,3.0,3.0,D,O,1.88,3.27,4.14,3,,,,,,,,,,,,,,,,,,,,0.0,50.0,0.0,100.0,1583.3,1493.8
2026-03-15,2026,Coritiba,Remo,1.0,0.0,H,U,1.72,3.56,4.63,3,,,,,,,,,,,,,,,,,,,,0.0,100.0,0.0,50.0,1434.0,1489.7
2026-03-15,2026,Bragantino,Sao Paulo,1.0,2.0,A,O,2.36,3.08,3.04,3,,,,,,,,,,,,,,,,,,,,50.0,0.0,50.0,0.0,1518.0,1580.4
2026-03-14,2026,Vitoria,Atletico-MG,2.0,0.0,H,U,2.33,3.01,3.15,3,,,,,,,,,,,,,,,,,,,,50.0,50.0,0.0,100.0,1527.4,1529.7
2026-03-14,2026,Botafogo RJ,Flamengo RJ,0.0,3.0,A,O,3.97,3.25,1.93,2,,,,,,,,,,,,,,,,,,,,100.0,0.0,50.0,50.0,1632.1,1686.6
2026-03-13,2026,Gremio,Bragantino,1.0,1.0,D,U,2.21,3.29,3.12,3,,,,,,,,,,,,,,,,,,,,100.0,0.0,50.0,50.0,1547.3,1517.2
2026-03-12,2026,Vasco,Palmeiras,2.0,1.0,H,O,3.0,3.21,2.33,3,,,,,,,,,,,,,,,,,,,,0.0,50.0,50.0,0.0,1478.3,1692.7
2026-03-12,2026,Sao Paulo,Chapecoense-SC,2.0,0.0,H,U,1.41,4.43,7.11,3,,,,,,,,,,,,,,,,,,,,100.0,0.0,0.0,0.0,1575.6,1373.3
2026-03-12,2026,Remo,Fluminense,0.0,2.0,A,U,3.92,3.52,1.87,3,,,,,,,,,,,,,,,,,,,,0.0,0.0,0.0,50.0,1496.1,1623.5
2026-03-12,2026,Flamengo RJ,Cruzeiro,2.0,0.0,H,U,1.47,4.08,6.64,2,,,,,,,,,,,,,,,,,,,,0.0,0.0,0.0,50.0,1679.1,1590.8
2026-03-12,2026,Corinthians,Coritiba,0.0,2.0,A,U,1.63,3.61,5.46,3,,,,,,,,,,,,,,,,,,,,50.0,50.0,50.0,0.0,1558.1,1420.2
2026-03-11,2026,Mirassol,Santos,2.0,2.0,D,O,1.73,3.62,4.5,3,,,,,,,,,,,,,,,,,,,,50.0,0.0,0.0,100.0,1610.4,1521.3
2026-03-11,2026,Bahia,Vitoria,1.0,1.0,D,U,1.68,3.58,4.93,2,,,,,,,,,,,,,,,,,,,,0.0,0.0,0.0,100.0,1575.9,1526.0
2026-03-11,2026,Atletico-MG,Internacional,1.0,0.0,H,U,2.03,3.37,3.51,3,,,,,,,,,,,,,,,,,,,,0.0,0.0,0.0,0.0,1519.5,1524.3
2026-02-26,2026,Santos,Vasco,2.0,1.0,H,O,2.02,3.35,3.56,2,,,,,,,,,,,,,,,,,,,,0.0,0.0,0.0,100.0,1512.0,1487.6
2026-02-26,2026,Palmeiras,Fluminense,2.0,1.0,H,O,1.65,3.71,5.01,2,,,,,,,,,,,,,,,,,,,,100.0,0.0,0.0,0.0,1684.2,1632.0
2026-02-26,2026,Gremio,Atletico-MG,2.0,1.0,H,O,2.19,3.22,3.22,2,,,,,,,,,,,,,,,,,,,,100.0,0.0,0.0,100.0,1537.5,1529.3
2026-02-25,2026,Remo,Internacional,1.0,1.0,D,U,3.22,3.34,2.14,2,,,,,,,,,,,,,,,,,,,,0.0,0.0,0.0,0.0,1495.3,1525.1
2026-02-25,2026,Cruzeiro,Corinthians,1.0,1.0,D,U,1.7,3.48,5.03,2,,,,,,,,,,,,,,,,,,,,0.0,100.0,100.0,0.0,1591.8,1557.1
2026-02-25,2026,Coritiba,Sao Paulo,0.0,1.0,A,U,2.5,3.04,2.9,2,,,,,,,,,,,,,,,,,,,,0.0,100.0,0.0,0.0,1426.3,1569.5
2026-02-25,2026,Bragantino,Athletico-PR,1.0,1.0,D,U,2.02,3.2,3.71,2,,,,,,,,,,,,,,,,,,,,100.0,0.0,100.0,0.0,1517.5,1505.1
2026-02-19,2026,Athletico-PR,Corinthians,0.0,1.0,A,U,2.59,2.92,2.89,2,,,,,,,,,,,,,,,,,,,,100.0,0.0,,,1514.1,1548.1
2026-02-13,2026,Internacional,Palmeiras,1.0,3.0,A,O,3.03,3.31,2.27,2,,,,,,,,,,,,,,,,,,,,0.0,100.0,0.0,0.0,1531.1,1678.2
2026-02-12,2026,Vasco,Bahia,0.0,1.0,A,U,2.23,3.26,3.15,2,,,,,,,,,,,,,,,,,,,,0.0,0.0,100.0,0.0,1495.5,1568.0
2026-02-12,2026,Sao Paulo,Gremio,2.0,0.0,H,U,1.9,3.23,4.22,2,,,,,,,,,,,,,,,,,,,,100.0,0.0,0.0,100.0,1559.9,1547.1
2026-02-12,2026,Fluminense,Botafogo RJ,1.0,0.0,H,U,1.8,3.26,4.81,2,,,,,,,,,,,,,,,,,,,,100.0,0.0,0.0,100.0,1621.3,1642.7
2026-02-12,2026,Corinthians,Bragantino,2.0,0.0,H,U,1.91,3.16,4.29,2,,,,,,,,,,,,,,,,,,,,0.0,100.0,100.0,0.0,1538.4,1527.2
2026-02-12,2026,Athletico-PR,Santos,2.0,1.0,H,O,1.99,3.19,3.89,1,,,,,,,,,,,,,,,,,,,,,,0.0,100.0,1503.6,1522.5
2026-02-11,2026,Vitoria,Flamengo RJ,1.0,2.0,A,O,5.53,3.71,1.61,2,,,,,,,,,,,,,,,,,,,,100.0,0.0,0.0,100.0,1532.1,1673.0
2026-02-11,2026,Mirassol,Cruzeiro,2.0,2.0,D,O,2.38,3.09,3.04,2,,,,,,,,,,,,,,,,,,,,100.0,0.0,0.0,100.0,1610.9,1591.2
2026-02-11,2026,Chapecoense-SC,Coritiba,3.0,3.0,D,O,2.69,3.06,2.67,2,,,,,,,,,,,,,,,,,,,,100.0,0.0,100.0,0.0,1371.7,1427.9
2026-02-11,2026,Atletico-MG,Remo,3.0,3.0,D,O,1.4,4.36,7.61,2,,,,,,,,,,,,,,,,,,,,0.0,0.0,0.0,100.0,1530.3,1494.3
2026-02-06,2026,Cruzeiro,Coritiba,1.0,2.0,A,O,1.37,4.31,8.94,1,,,,,,,,,,,,,,,,,,,,,,,,1606.3,1412.8
2026-02-05,2026,Vasco,Chapecoense-SC,1.0,1.0,D,U,1.54,3.9,5.98,1,,,,,,,,,,,,,,,,,,,,,,,,1499.1,1368.1
2026-02-05,2026,Palmeiras,Vitoria,5.0,1.0,H,O,1.31,4.86,9.17,1,,,,,,,,,,,,,,,,,,,,,,,,1671.8,1538.5
2026-02-05,2026,Gremio,Botafogo RJ,5.0,3.0,H,O,2.28,3.1,3.21,1,,,,,,,,,,,,,,,,,,,,,,,,1533.7,1656.1
2026-02-05,2026,Bahia,Fluminense,1.0,1.0,D,U,2.1,3.21,3.5,1,,,,,,,,,,,,,,,,,,,,,,,,1566.4,1623.0
2026-02-04,2026,Santos,Sao Paulo,1.0,1.0,D,U,2.21,3.13,3.29,1,,,,,,,,,,,,,,,,,,,,,,,,1521.4,1561.0
2026-02-04,2026,Remo,Mirassol,2.0,2.0,D,O,2.97,3.1,2.42,1,,,,,,,,,,,,,,,,,,,,,,,,1490.8,1614.3
2026-02-04,2026,Flamengo RJ,Internacional,1.0,1.0,D,U,1.4,4.46,7.62,1,,,,,,,,,,,,,,,,,,,,,,,,1677.0,1527.0
2026-02-04,2026,Bragantino,Atletico-MG,1.0,0.0,H,U,2.07,3.16,3.67,1,,,,,,,,,,,,,,,,,,,,,,,,1516.5,1541.0
2026-01-30,2026,Botafogo RJ,Cruzeiro,4.0,0.0,H,O,2.39,3.03,3.11,1,,,,,,,,,,,,,,,,,,,,,,,,1647.0,1615.4
2026-01-29,2026,Sao Paulo,Flamengo RJ,2.0,1.0,H,O,3.7,2.95,2.16,1,,,,,,,,,,,,,,,,,,,,,,,,1547.1,1690.9
2026-01-29,2026,Mirassol,Vasco,2.0,1.0,H,O,1.89,3.3,4.13,1,,,,,,,,,,,,,,,,,,,,,,,,1607.2,1506.3
2026-01-28,2026,Vitoria,Remo,2.0,0.0,H,U,1.79,3.34,4.62,1,,,,,,,,,,,,,,,,,,,,,,,,1529.3,1500.0
2026-01-28,2026,Internacional,Athletico-PR,0.0,1.0,A,U,1.97,3.21,3.93,1,,,,,,,,,,,,,,,,,,,,,,,,1538.4,1492.3
2026-01-28,2026,Fluminense,Gremio,2.0,1.0,H,O,1.59,3.79,5.53,1,,,,,,,,,,,,,,,,,,,,,,,,1615.0,1541.7
2026-01-28,2026,Coritiba,Bragantino,0.0,1.0,A,U,2.62,2.91,2.87,1,,,,,,,,,,,,,,,,,,,,,,,,1420.3,1509.0
2026-01-28,2026,Corinthians,Bahia,1.0,2.0,A,O,2.21,3.31,3.15,1,,,,,,,,,,,,,,,,,,,,,,,,1548.2,1556.6
2026-01-28,2026,Chapecoense-SC,Santos,4.0,2.0,H,O,2.86,3.08,2.51,1,,,,,,,,,,,,,,,,,,,,,,,,1353.3,1536.2
2026-01-28,2026,Atletico-MG,Palmeiras,2.0,2.0,D,O,2.99,3.06,2.42,1,,,,,,,,,,,,,,,,,,,,,,,,1537.3,1675.6
2025-12-07,2025,Vitoria,Sao Paulo,1.0,0.0,H,U,2.47,3.12,2.9,19,2.0,1.0,0.0,2.0,3.0,3.0,0.0,0.0,9.0,-9.0,3.0,-6.0,9.0,1.0,1.0,0.0,0.0,2.0,-2.0,44.4,22.2,22.2,50.0,1518.2,1558.2
2025-12-07,2025,Sport Recife,Gremio,0.0,4.0,A,O,3.82,3.64,1.88,19,0.0,0.0,3.0,2.0,4.0,4.0,0.0,12.0,7.0,5.0,-8.0,-3.0,-5.0,0.0,0.0,0.0,3.0,1.0,2.0,5.6,55.6,16.7,55.6,1378.4,1535.9
2025-12-07,2025,Santos,Cruzeiro,3.0,0.0,H,O,1.35,4.68,8.88,19,2.0,1.0,0.0,0.0,5.0,5.0,0.0,1.0,4.0,-3.0,4.0,1.0,3.0,1.0,0.0,1.0,0.0,0.0,0.0,38.9,27.8,33.3,16.7,1523.3,1628.3
2025-12-07,2025,Internacional,Bragantino,3.0,1.0,H,O,1.59,3.98,5.32,19,0.0,1.0,0.0,2.0,3.0,2.0,1.0,3.0,5.0,-2.0,0.0,-3.0,3.0,0.0,0.0,0.0,0.0,1.0,-1.0,38.9,27.8,27.8,61.1,1528.7,1518.7
2025-12-07,2025,Fluminense,Bahia,2.0,0.0,H,U,1.76,3.6,4.47,19,3.0,0.0,0.0,1.0,9.0,3.0,6.0,1.0,6.0,-5.0,8.0,-3.0,11.0,1.0,0.0,1.0,0.0,1.0,-1.0,77.8,16.7,16.7,50.0,1606.2,1565.5
2025-12-07,2025,Corinthians,Juventude,1.0,1.0,D,U,1.75,3.47,4.82,19,1.0,2.0,1.0,1.0,5.0,6.0,-1.0,4.0,3.0,1.0,1.0,3.0,-2.0,1.0,2.0,-1.0,0.0,0.0,0.0,44.4,27.8,16.7,72.2,1550.9,1454.0
2025-12-07,2025,Ceara,Palmeiras,1.0,3.0,A,O,2.01,3.27,3.75,19,0.0,1.0,1.0,2.0,3.0,5.0,-2.0,4.0,4.0,0.0,-1.0,1.0,-2.0,0.0,1.0,-1.0,0.0,0.0,0.0,38.9,33.3,55.6,33.3,1486.9,1670.5
2025-12-07,2025,Botafogo RJ,Fortaleza,4.0,2.0,H,O,1.75,3.79,4.25,19,3.0,2.0,0.0,0.0,9.0,7.0,2.0,4.0,5.0,-1.0,5.0,2.0,3.0,1.0,0.0,1.0,0.0,0.0,0.0,55.6,16.7,16.7,44.4,1639.2,1562.1
2025-12-07,2025,Atletico-MG,Vasco,5.0,0.0,H,O,1.5,4.11,6.31,19,0.0,0.0,1.0,3.0,4.0,0.0,4.0,7.0,6.0,1.0,-3.0,-6.0,3.0,0.0,0.0,0.0,1.0,2.0,-1.0,44.4,11.1,27.8,61.1,1527.6,1516.0
2025-12-06,2025,Mirassol,Flamengo RJ,3.0,3.0,D,O,1.32,5.08,8.62,19,2.0,1.0,0.0,1.0,5.0,7.0,-2.0,1.0,4.0,-3.0,4.0,3.0,1.0,1.0,1.0,0.0,0.0,0.0,0.0,66.7,0.0,50.0,27.8,1604.7,1693.4
2025-12-04,2025,Flamengo RJ,Ceara,1.0,0.0,H,U,1.23,5.87,11.84,19,3.0,1.0,0.0,2.0,9.0,1.0,8.0,2.0,4.0,-2.0,7.0,-3.0,10.0,2.0,0.0,2.0,0.0,1.0,-1.0,72.2,0.0,22.2,50.0,1688.6,1491.8
2025-12-04,2025,Cruzeiro,Botafogo RJ,2.0,2.0,D,O,1.71,3.51,5.02,19,2.0,0.0,0.0,0.0,6.0,2.0,4.0,1.0,2.0,-1.0,5.0,0.0,5.0,2.0,0.0,2.0,0.0,0.0,0.0,72.2,11.1,33.3,33.3,1628.0,1639.5
2025-12-04,2025,Atletico-MG,Palmeiras,0.0,3.0,A,O,3.4,3.11,2.21,18,1.0,0.0,0.0,3.0,7.0,3.0,4.0,4.0,6.0,-2.0,3.0,-3.0,6.0,1.0,0.0,1.0,0.0,0.0,0.0,47.1,5.9,52.9,35.3,1534.0,1664.0
2025-12-03,2025,Sao Paulo,Internacional,3.0,0.0,H,O,2.51,3.11,2.86,19,1.0,1.0,1.0,2.0,4.0,3.0,1.0,4.0,7.0,-3.0,0.0,-4.0,4.0,0.0,0.0,0.0,0.0,1.0,-1.0,50.0,27.8,16.7,55.6,1548.5,1538.4
2025-12-03,2025,Juventude,Santos,0.0,3.0,A,O,5.25,3.81,1.62,19,0.0,0.0,1.0,2.0,4.0,3.0,1.0,6.0,6.0,0.0,-2.0,-3.0,1.0,0.0,0.0,0.0,1.0,1.0,0.0,33.3,38.9,16.7,55.6,1462.5,1514.8
2025-12-03,2025,Gremio,Fluminense,1.0,2.0,A,O,2.92,3.1,2.49,19,2.0,0.0,1.0,1.0,5.0,0.0,5.0,3.0,2.0,1.0,2.0,-2.0,4.0,1.0,0.0,1.0,0.0,1.0,-1.0,50.0,22.2,16.7,50.0,1544.4,1597.7
2025-12-03,2025,Fortaleza,Corinthians,2.0,1.0,H,O,1.86,3.28,4.45,19,2.0,1.0,0.0,2.0,4.0,2.0,2.0,2.0,5.0,-3.0,2.0,-3.0,5.0,0.0,0.0,0.0,0.0,1.0,-1.0,38.9,44.4,22.2,50.0,1551.9,1561.1
2025-12-03,2025,Bragantino,Vitoria,4.0,0.0,H,O,1.8,3.45,4.48,19,2.0,1.0,1.0,1.0,4.0,4.0,0.0,2.0,4.0,-2.0,2.0,0.0,2.0,1.0,1.0,0.0,0.0,1.0,-1.0,44.4,33.3,11.1,55.6,1508.1,1528.8
2025-12-03,2025,Bahia,Sport Recife,2.0,0.0,H,U,1.18,6.89,12.69,19,2.0,0.0,1.0,3.0,5.0,2.0,3.0,4.0,9.0,-5.0,1.0,-7.0,8.0,0.0,0.0,0.0,0.0,2.0,-2.0,72.2,11.1,5.6,72.2,1560.1,1383.7
2025-12-02,2025,Vasco,Mirassol,0.0,2.0,A,U,2.08,3.33,3.48,19,1.0,0.0,2.0,2.0,6.0,1.0,5.0,6.0,4.0,2.0,0.0,-3.0,3.0,1.0,0.0,1.0,2.0,1.0,1.0,44.4,33.3,27.8,38.9,1523.9,1596.7
2025-11-30,2025,Fortaleza,Atletico-MG,1.0,0.0,H,U,2.24,3.17,3.24,18,1.0,1.0,1.0,1.0,3.0,4.0,-1.0,4.0,4.0,0.0,-1.0,0.0,-1.0,0.0,1.0,-1.0,1.0,1.0,0.0,35.3,47.1,16.7,61.1,1541.8,1544.1
2025-11-30,2025,Corinthians,Botafogo RJ,2.0,2.0,D,O,2.1,3.21,3.54,18,2.0,1.0,1.0,0.0,5.0,2.0,3.0,2.0,0.0,2.0,3.0,2.0,1.0,2.0,1.0,1.0,0.0,0.0,0.0,47.1,29.4,35.3,35.3,1558.8,1641.9
2025-11-30,2025,Ceara,Cruzeiro,1.0,1.0,D,U,2.68,3.04,2.73,18,1.0,1.0,1.0,0.0,4.0,4.0,0.0,3.0,3.0,0.0,1.0,1.0,0.0,1.0,0.0,1.0,0.0,0.0,0.0,41.2,35.3,35.3,17.6,1487.8,1631.9
2025-11-29,2025,Vitoria,Mirassol,2.0,0.0,H,U,2.4,3.09,3.04,18,1.0,1.0,1.0,1.0,1.0,3.0,-2.0,1.0,3.0,-2.0,0.0,0.0,0.0,0.0,0.0,0.0,0.0,0.0,0.0,41.2,23.5,29.4,35.3,1516.1,1609.4
2025-11-29,2025,Santos,Sport Recife,3.0,0.0,H,O,1.31,5.41,8.37,18,1.0,0.0,0.0,3.0,3.0,2.0,1.0,2.0,8.0,-6.0,1.0,-6.0,7.0,0.0,0.0,0.0,0.0,2.0,-2.0,35.3,29.4,5.9,70.6,1508.0,1390.4
2025-11-28,2025,Vasco,Internacional,5.0,1.0,H,O,2.41,3.14,2.98,18,1.0,1.0,2.0,2.0,3.0,2.0,1.0,5.0,3.0,2.0,-2.0,-1.0,-1.0,1.0,0.0,1.0,2.0,0.0,2.0,41.2,35.3,17.6,52.9,1512.8,1549.4
2025-11-28,2025,Juventude,Bahia,1.0,1.0,D,U,3.1,3.36,2.22,18,1.0,0.0,1.0,2.0,4.0,2.0,2.0,5.0,7.0,-2.0,-1.0,-5.0,4.0,0.0,0.0,0.0,1.0,2.0,-1.0,35.3,41.2,17.6,52.9,1459.6,1563.0
2025-11-27,2025,Fluminense,Sao Paulo,6.0,0.0,H,O,1.52,3.83,6.68,18,3.0,1.0,0.0,2.0,4.0,3.0,1.0,1.0,6.0,-5.0,3.0,-3.0,6.0,0.0,1.0,-1.0,0.0,2.0,-2.0,76.5,17.6,23.5,47.1,1588.6,1557.6
2025-11-26,2025,Gremio,Palmeiras,3.0,2.0,H,O,2.3,3.2,3.11,18,2.0,1.0,1.0,2.0,5.0,3.0,2.0,2.0,3.0,-1.0,3.0,0.0,3.0,2.0,1.0,1.0,0.0,0.0,0.0,47.1,23.5,56.2,31.2,1530.4,1678.0
2025-11-26,2025,Bragantino,Fortaleza,0.0,1.0,A,U,1.8,3.67,4.15,18,2.0,1.0,1.0,0.0,4.0,7.0,-3.0,4.0,6.0,-2.0,0.0,1.0,-1.0,1.0,0.0,1.0,1.0,0.0,1.0,47.1,29.4,11.8,47.1,1517.7,1532.2
2025-11-26,2025,Atletico-MG,Flamengo RJ,1.0,1.0,D,U,3.91,3.14,2.02,17,2.0,1.0,0.0,1.0,7.0,8.0,-1.0,3.0,5.0,-2.0,4.0,3.0,1.0,1.0,1.0,0.0,0.0,0.0,0.0,50.0,6.2,52.9,29.4,1539.9,1692.7
2025-11-25,2025,Internacional,Santos,1.0,1.0,D,U,1.91,3.31,4.08,18,1.0,0.0,0.0,2.0,4.0,4.0,0.0,2.0,7.0,-5.0,2.0,-3.0,5.0,1.0,0.0,1.0,0.0,1.0,-1.0,41.2,29.4,17.6,58.8,1550.7,1506.8
2025-11-24,2025,Mirassol,Ceara,3.0,0.0,H,O,1.76,3.46,4.68,18,2.0,1.0,0.0,2.0,5.0,1.0,4.0,1.0,2.0,-1.0,4.0,-1.0,5.0,1.0,0.0,1.0,0.0,0.0,0.0,64.7,0.0,23.5,47.1,1602.4,1494.8
2025-11-23,2025,Sport Recife,Vitoria,1.0,3.0,A,O,3.29,3.31,2.17,18,0.0,1.0,3.0,1.0,3.0,2.0,1.0,11.0,3.0,8.0,-8.0,-1.0,-7.0,0.0,0.0,0.0,3.0,1.0,2.0,5.9,52.9,5.9,58.8,1397.3,1509.2
2025-11-23,2025,Sao Paulo,Juventude,2.0,1.0,H,O,1.61,3.68,5.7,18,1.0,2.0,1.0,1.0,4.0,6.0,-2.0,3.0,4.0,-1.0,1.0,2.0,-1.0,1.0,2.0,-1.0,0.0,1.0,-1.0,47.1,29.4,17.6,70.6,1550.0,1467.3
2025-11-23,2025,Palmeiras,Fluminense,0.0,0.0,D,U,1.52,3.87,6.45,19,1.0,0.0,0.0,2.0,2.0,0.0,2.0,0.0,4.0,-4.0,2.0,-4.0,6.0,1.0,0.0,1.0,0.0,2.0,-2.0,66.7,11.1,17.6,52.9,1680.7,1586.0
2025-11-23,2025,Flamengo RJ,Bragantino,3.0,0.0,H,O,1.31,5.08,9.09,18,3.0,1.0,0.0,2.0,9.0,2.0,7.0,4.0,3.0,1.0,5.0,-1.0,6.0,1.0,0.0,1.0,0.0,0.0,0.0,70.6,0.0,29.4,58.8,1687.1,1523.3
2025-11-23,2025,Cruzeiro,Corinthians,3.0,0.0,H,O,1.68,3.64,5.09,18,2.0,1.0,0.0,2.0,4.0,3.0,1.0,1.0,5.0,-4.0,3.0,-2.0,5.0,1.0,0.0,1.0,0.0,1.0,-1.0,70.6,11.8,23.5,47.1,1623.5,1567.2
2025-11-23,2025,Bahia,Vasco,1.0,0.0,H,U,1.65,3.83,4.96,18,2.0,1.0,1.0,2.0,5.0,3.0,2.0,4.0,5.0,-1.0,1.0,-2.0,3.0,0.0,1.0,-1.0,0.0,2.0,-2.0,70.6,11.8,29.4,58.8,1554.0,1521.9
2025-11-22,2025,Botafogo RJ,Gremio,3.0,2.0,H,O,1.64,3.73,5.16,18,2.0,0.0,0.0,2.0,8.0,2.0,6.0,4.0,8.0,-4.0,4.0,-6.0,10.0,1.0,0.0,1.0,0.0,2.0,-2.0,52.9,17.6,17.6,52.9,1634.6,1537.7
2025-11-21,2025,Ceara,Internacional,1.0,2.0,A,O,2.14,3.15,3.51,17,1.0,0.0,1.0,3.0,3.0,0.0,3.0,3.0,3.0,0.0,0.0,-3.0,3.0,1.0,0.0,1.0,1.0,0.0,1.0,43.8,31.2,12.5,56.2,1503.7,1541.8
2025-11-20,2025,Santos,Mirassol,1.0,1.0,D,U,1.83,3.49,4.26,17,1.0,1.0,1.0,2.0,2.0,2.0,0.0,2.0,5.0,-3.0,0.0,-3.0,3.0,0.0,0.0,0.0,0.0,1.0,-1.0,37.5,31.2,31.2,37.5,1504.0,1605.2
2025-11-20,2025,Juventude,Cruzeiro,3.0,3.0,D,O,3.6,3.18,2.1,17,1.0,1.0,2.0,0.0,2.0,2.0,0.0,4.0,1.0,3.0,-2.0,1.0,-3.0,0.0,0.0,0.0,1.0,0.0,1.0,37.5,43.8,37.5,18.8,1462.9,1627.9
2025-11-20,2025,Gremio,Vasco,2.0,0.0,H,U,1.82,3.73,3.94,17,2.0,2.0,1.0,1.0,5.0,5.0,0.0,2.0,3.0,-1.0,3.0,2.0,1.0,2.0,2.0,0.0,0.0,1.0,-1.0,43.8,25.0,31.2,56.2,1527.5,1532.1
2025-11-20,2025,Fluminense,Flamengo RJ,2.0,1.0,H,O,3.68,2.97,2.17,17,3.0,1.0,0.0,1.0,3.0,7.0,-4.0,0.0,4.0,-4.0,3.0,3.0,0.0,0.0,1.0,-1.0,0.0,0.0,0.0,75.0,18.8,56.2,25.0,1572.4,1700.6
2025-11-20,2025,Corinthians,Sao Paulo,3.0,1.0,H,O,2.42,2.68,3.53,17,2.0,1.0,1.0,2.0,3.0,2.0,1.0,1.0,5.0,-4.0,2.0,-3.0,5.0,1.0,1.0,0.0,0.0,2.0,-2.0,43.8,31.2,25.0,43.8,1557.1,1560.1
2025-11-20,2025,Bahia,Fortaleza,2.0,3.0,A,O,1.5,4.36,5.79,17,3.0,0.0,0.0,0.0,7.0,5.0,2.0,1.0,5.0,-4.0,6.0,0.0,6.0,1.0,0.0,1.0,0.0,0.0,0.0,75.0,6.2,6.2,50.0,1565.2,1521.0
2025-11-19,2025,Palmeiras,Vitoria,0.0,0.0,D,U,1.32,4.92,9.13,18,2.0,1.0,0.0,2.0,7.0,5.0,2.0,1.0,7.0,-6.0,6.0,-2.0,8.0,2.0,0.0,2.0,0.0,1.0,-1.0,70.6,11.8,6.2,62.5,1685.5,1504.5
2025-11-18,2025,Botafogo RJ,Sport Recife,3.0,2.0,H,O,1.18,6.8,13.34,17,1.0,0.0,1.0,3.0,5.0,1.0,4.0,5.0,8.0,-3.0,0.0,-7.0,7.0,1.0,0.0,1.0,1.0,3.0,-2.0,50.0,18.8,6.2,68.8,1630.4,1401.6
2025-11-16,2025,Santos,Palmeiras,1.0,0.0,H,U,2.77,3.18,2.54,16,1.0,1.0,1.0,2.0,4.0,5.0,-1.0,3.0,5.0,-2.0,1.0,0.0,1.0,1.0,1.0,0.0,0.0,0.0,0.0,33.3,33.3,60.0,26.7,1488.5,1700.9
2025-11-16,2025,Bragantino,Atletico-MG,2.0,0.0,H,U,2.24,3.13,3.29,17,2.0,1.0,1.0,1.0,3.0,4.0,-1.0,4.0,3.0,1.0,-1.0,1.0,-2.0,0.0,1.0,-1.0,1.0,0.0,1.0,43.8,31.2,17.6,58.8,1512.2,1551.1
2025-11-15,2025,Sport Recife,Flamengo RJ,1.0,5.0,A,O,7.24,4.49,1.42,17,0.0,1.0,3.0,1.0,3.0,5.0,-2.0,8.0,3.0,5.0,-5.0,2.0,-7.0,0.0,1.0,-1.0,2.0,0.0,2.0,6.2,50.0,53.3,26.7,1404.7,1697.5
2025-11-12,2025,Atletico-MG,Fortaleza,3.0,3.0,D,O,1.55,3.93,5.93,16,2.0,0.0,0.0,1.0,5.0,2.0,3.0,1.0,3.0,-2.0,4.0,-1.0,5.0,1.0,0.0,1.0,0.0,0.0,0.0,53.3,6.7,6.7,53.3,1552.0,1520.0
2025-11-09,2025,Vitoria,Botafogo RJ,0.0,0.0,D,U,3.09,3.13,2.34,17,2.0,1.0,1.0,1.0,3.0,2.0,1.0,2.0,2.0,0.0,1.0,0.0,1.0,0.0,1.0,-1.0,0.0,1.0,-1.0,43.8,25.0,37.5,37.5,1500.8,1634.0
2025-11-09,2025,Sao Paulo,Bragantino,0.0,1.0,A,U,1.67,3.54,5.39,17,1.0,0.0,1.0,3.0,6.0,2.0,4.0,5.0,8.0,-3.0,1.0,-6.0,7.0,1.0,0.0,1.0,0.0,1.0,-1.0,50.0,25.0,25.0,62.5,1572.1,1500.1
2025-11-09,2025,Mirassol,Palmeiras,2.0,1.0,H,O,3.77,3.28,2.0,17,2.0,2.0,0.0,1.0,6.0,7.0,-1.0,1.0,5.0,-4.0,5.0,2.0,3.0,2.0,1.0,1.0,0.0,0.0,0.0,62.5,0.0,64.3,21.4,1591.8,1714.3
2025-11-09,2025,Fortaleza,Gremio,2.0,2.0,D,O,1.98,3.36,3.74,17,1.0,0.0,2.0,3.0,1.0,0.0,1.0,4.0,7.0,-3.0,-3.0,-7.0,4.0,0.0,0.0,0.0,2.0,2.0,0.0,37.5,50.0,18.8,56.2,1519.8,1527.8
2025-11-09,2025,Flamengo RJ,Santos,3.0,2.0,H,O,1.34,4.78,9.03,17,2.0,0.0,0.0,2.0,6.0,2.0,4.0,2.0,7.0,-5.0,4.0,-5.0,9.0,1.0,0.0,1.0,0.0,2.0,-2.0,68.8,0.0,18.8,56.2,1692.7,1493.3
2025-11-09,2025,Cruzeiro,Fluminense,0.0,0.0,D,U,1.93,3.21,4.19,17,2.0,0.0,0.0,3.0,5.0,1.0,4.0,2.0,6.0,-4.0,3.0,-5.0,8.0,1.0,0.0,1.0,0.0,2.0,-2.0,75.0,12.5,18.8,56.2,1629.6,1570.8
2025-11-09,2025,Corinthians,Ceara,0.0,1.0,A,U,1.76,3.31,5.09,16,3.0,0.0,0.0,2.0,6.0,1.0,5.0,0.0,3.0,-3.0,6.0,-2.0,8.0,2.0,0.0,2.0,0.0,0.0,0.0,46.7,26.7,18.8,50.0,1569.3,1491.5
2025-11-08,2025,Vasco,Juventude,1.0,3.0,A,O,1.5,4.13,6.34,17,2.0,1.0,1.0,2.0,6.0,3.0,3.0,5.0,4.0,1.0,1.0,-1.0,2.0,1.0,1.0,0.0,1.0,1.0,0.0,43.8,31.2,12.5,75.0,1544.7,1450.2
2025-11-08,2025,Sport Recife,Atletico-MG,2.0,4.0,A,O,3.08,3.11,2.36,16,0.0,0.0,2.0,2.0,2.0,0.0,2.0,5.0,4.0,1.0,-3.0,-4.0,1.0,0.0,0.0,0.0,1.0,1.0,0.0,6.7,46.7,12.5,62.5,1411.0,1545.7
2025-11-08,2025,Internacional,Bahia,2.0,2.0,D,O,2.26,3.14,3.24,17,2.0,0.0,0.0,3.0,4.0,1.0,3.0,0.0,7.0,-7.0,4.0,-6.0,10.0,2.0,0.0,2.0,0.0,2.0,-2.0,43.8,31.2,18.8,56.2,1541.0,1565.9
2025-11-07,2025,Palmeiras,Santos,2.0,0.0,H,U,1.33,4.94,8.98,17,2.0,0.0,0.0,1.0,9.0,4.0,5.0,2.0,7.0,-5.0,7.0,-3.0,10.0,2.0,0.0,2.0,0.0,1.0,-1.0,68.8,12.5,20.0,53.3,1709.8,1497.9
2025-11-06,2025,Sao Paulo,Flamengo RJ,2.0,2.0,D,O,4.45,3.13,1.91,16,1.0,1.0,2.0,2.0,4.0,3.0,1.0,4.0,2.0,2.0,0.0,1.0,-1.0,1.0,1.0,0.0,0.0,0.0,0.0,53.3,26.7,57.1,28.6,1568.6,1696.2
2025-11-06,2025,Fluminense,Mirassol,1.0,0.0,H,U,1.79,3.34,4.78,16,3.0,1.0,0.0,2.0,3.0,2.0,1.0,0.0,5.0,-5.0,3.0,-3.0,6.0,0.0,0.0,0.0,0.0,1.0,-1.0,73.3,20.0,33.3,33.3,1559.5,1603.0
2025-11-06,2025,Ceara,Fortaleza,1.0,1.0,D,U,2.28,3.06,3.3,16,2.0,1.0,1.0,1.0,5.0,3.0,2.0,2.0,3.0,-1.0,3.0,0.0,3.0,2.0,0.0,2.0,1.0,0.0,1.0,46.7,33.3,7.1,57.1,1490.7,1520.7
2025-11-05,2025,Vitoria,Internacional,1.0,0.0,H,U,2.46,3.1,2.94,16,2.0,0.0,1.0,3.0,3.0,1.0,2.0,2.0,5.0,-3.0,1.0,-4.0,5.0,0.0,0.0,0.0,0.0,1.0,-1.0,40.0,26.7,13.3,53.3,1489.0,1552.9
2025-11-05,2025,Sport Recife,Juventude,0.0,2.0,A,U,1.89,3.48,3.98,15,0.0,0.0,1.0,3.0,4.0,2.0,2.0,5.0,8.0,-3.0,-1.0,-6.0,5.0,0.0,0.0,0.0,0.0,2.0,-2.0,7.1,42.9,6.7,80.0,1420.4,1440.8
2025-11-05,2025,Gremio,Cruzeiro,0.0,1.0,A,U,3.27,3.24,2.19,16,3.0,0.0,0.0,0.0,8.0,1.0,7.0,2.0,1.0,1.0,6.0,0.0,6.0,3.0,0.0,3.0,0.0,0.0,0.0,46.7,20.0,33.3,20.0,1535.3,1622.1
2025-11-05,2025,Bragantino,Corinthians,2.0,1.0,H,O,2.73,3.14,2.62,16,1.0,1.0,1.0,1.0,3.0,3.0,0.0,5.0,4.0,1.0,-2.0,-1.0,-1.0,0.0,0.0,0.0,1.0,1.0,0.0,40.0,33.3,25.0,43.8,1487.5,1582.0
2025-11-05,2025,Botafogo RJ,Vasco,3.0,0.0,H,O,1.74,3.71,4.47,16,1.0,2.0,1.0,1.0,4.0,5.0,-1.0,6.0,3.0,3.0,-2.0,2.0,-4.0,0.0,2.0,-2.0,1.0,1.0,0.0,46.7,20.0,33.3,53.3,1626.1,1552.6
2025-11-05,2025,Atletico-MG,Bahia,3.0,0.0,H,O,2.11,3.17,3.56,15,2.0,0.0,0.0,3.0,5.0,2.0,3.0,2.0,6.0,-4.0,3.0,-4.0,7.0,1.0,0.0,1.0,0.0,1.0,-1.0,50.0,7.1,20.0,53.3,1534.4,1577.2
2025-11-02,2025,Vasco,Sao Paulo,0.0,2.0,A,U,2.23,3.04,3.44,16,3.0,1.0,0.0,2.0,8.0,2.0,6.0,3.0,5.0,-2.0,5.0,-3.0,8.0,2.0,1.0,1.0,0.0,2.0,-2.0,46.7,26.7,20.0,46.7,1562.7,1558.5
2025-11-02,2025,Juventude,Palmeiras,0.0,2.0,A,U,6.03,3.67,1.59,16,1.0,1.0,1.0,2.0,3.0,5.0,-2.0,3.0,6.0,-3.0,0.0,-1.0,1.0,0.0,0.0,0.0,0.0,0.0,0.0,40.0,40.0,61.5,23.1,1444.5,1706.1
2025-11-02,2025,Internacional,Atletico-MG,0.0,0.0,D,U,2.01,3.15,3.93,16,2.0,0.0,0.0,3.0,5.0,0.0,5.0,1.0,5.0,-4.0,4.0,-5.0,9.0,2.0,0.0,2.0,0.0,1.0,-1.0,46.7,33.3,13.3,66.7,1553.4,1533.9
2025-11-02,2025,Flamengo RJ,Sport Recife,3.0,0.0,H,O,1.21,6.23,12.84,16,1.0,0.0,0.0,2.0,4.0,2.0,2.0,3.0,6.0,-3.0,1.0,-4.0,5.0,0.0,0.0,0.0,0.0,2.0,-2.0,66.7,0.0,6.7,66.7,1692.7,1423.9
2025-11-02,2025,Corinthians,Gremio,2.0,0.0,H,U,1.63,3.73,5.36,15,2.0,0.0,1.0,2.0,5.0,1.0,4.0,2.0,6.0,-4.0,3.0,-5.0,8.0,1.0,0.0,1.0,0.0,1.0,-1.0,42.9,28.6,20.0,53.3,1572.8,1544.5
2025-11-02,2025,Ceara,Fluminense,2.0,0.0,H,U,3.0,2.9,2.56,15,1.0,0.0,1.0,2.0,4.0,3.0,1.0,3.0,6.0,-3.0,1.0,-3.0,4.0,1.0,0.0,1.0,1.0,1.0,0.0,42.9,35.7,20.0,53.3,1478.0,1572.2
2025-11-02,2025,Bahia,Bragantino,2.0,1.0,H,O,1.64,3.73,5.3,16,3.0,0.0,0.0,2.0,6.0,2.0,4.0,0.0,7.0,-7.0,6.0,-5.0,11.0,1.0,0.0,1.0,0.0,1.0,-1.0,73.3,6.7,26.7,60.0,1569.3,1495.4
2025-11-01,2025,Santos,Fortaleza,1.0,1.0,D,U,1.67,3.76,4.94,15,1.0,1.0,1.0,2.0,4.0,3.0,1.0,3.0,6.0,-3.0,1.0,-3.0,4.0,1.0,0.0,1.0,0.0,1.0,-1.0,35.7,35.7,7.7,61.5,1497.2,1521.4
2025-11-01,2025,Mirassol,Botafogo RJ,0.0,0.0,D,U,2.31,3.3,3.02,16,3.0,1.0,0.0,2.0,8.0,2.0,6.0,2.0,4.0,-2.0,6.0,-2.0,8.0,2.0,1.0,1.0,0.0,2.0,-2.0,66.7,0.0,40.0,40.0,1602.3,1626.8
2025-11-01,2025,Cruzeiro,Vitoria,3.0,1.0,H,O,1.4,4.41,7.94,16,2.0,1.0,0.0,2.0,4.0,5.0,-1.0,2.0,7.0,-5.0,2.0,-2.0,4.0,0.0,0.0,0.0,0.0,1.0,-1.0,73.3,13.3,6.7,60.0,1615.4,1495.7
2025-10-29,2025,Fluminense,Ceara,1.0,0.0,H,U,1.55,3.78,6.33,15,3.0,0.0,0.0,2.0,5.0,1.0,4.0,0.0,3.0,-3.0,5.0,-2.0,7.0,1.0,0.0,1.0,0.0,0.0,0.0,71.4,21.4,20.0,46.7,1564.4,1485.8
2025-10-26,2025,Sao Paulo,Bahia,2.0,0.0,H,U,1.77,3.6,4.06,15,1.0,0.0,2.0,3.0,3.0,3.0,0.0,4.0,7.0,-3.0,-1.0,-4.0,3.0,0.0,0.0,0.0,0.0,1.0,-1.0,50.0,28.6,21.4,50.0,1547.5,1580.2
2025-10-26,2025,Palmeiras,Cruzeiro,0.0,0.0,D,U,1.65,3.72,5.18,16,3.0,0.0,0.0,1.0,12.0,1.0,11.0,2.0,3.0,-1.0,10.0,-2.0,12.0,3.0,0.0,3.0,0.0,1.0,-1.0,73.3,13.3,35.7,21.4,1708.8,1612.7
2025-10-26,2025,Gremio,Juventude,3.0,1.0,H,O,1.75,3.54,4.61,15,2.0,0.0,0.0,2.0,6.0,1.0,5.0,2.0,5.0,-3.0,4.0,-4.0,8.0,2.0,0.0,2.0,0.0,1.0,-1.0,42.9,21.4,7.1,78.6,1536.9,1452.1
2025-10-26,2025,Bragantino,Vasco,0.0,3.0,A,O,2.08,3.42,3.41,15,1.0,1.0,0.0,1.0,4.0,3.0,1.0,3.0,4.0,-1.0,1.0,-1.0,2.0,0.0,1.0,-1.0,0.0,1.0,-1.0,42.9,28.6,28.6,57.1,1504.0,1554.2
2025-10-26,2025,Botafogo RJ,Santos,2.0,2.0,D,O,1.65,3.71,5.23,15,2.0,0.0,1.0,1.0,3.0,3.0,0.0,4.0,6.0,-2.0,-1.0,-3.0,2.0,0.0,0.0,0.0,1.0,1.0,0.0,50.0,21.4,21.4,57.1,1630.6,1493.4
2025-10-25,2025,Vitoria,Corinthians,0.0,1.0,A,U,2.67,3.02,2.76,15,2.0,0.0,1.0,2.0,3.0,2.0,1.0,2.0,5.0,-3.0,1.0,-3.0,4.0,0.0,0.0,0.0,0.0,1.0,-1.0,42.9,21.4,20.0,46.7,1503.9,1564.5
2025-10-25,2025,Sport Recife,Mirassol,1.0,2.0,A,O,2.73,3.25,2.54,14,1.0,0.0,0.0,2.0,4.0,3.0,1.0,3.0,7.0,-4.0,1.0,-4.0,5.0,0.0,0.0,0.0,0.0,1.0,-1.0,7.7,38.5,28.6,35.7,1429.4,1596.8
2025-10-25,2025,Fortaleza,Flamengo RJ,1.0,0.0,H,U,5.26,3.71,1.64,16,1.0,2.0,2.0,1.0,1.0,5.0,-4.0,4.0,2.0,2.0,-3.0,3.0,-6.0,0.0,1.0,-1.0,2.0,0.0,2.0,33.3,53.3,61.5,23.1,1506.1,1707.9
2025-10-25,2025,Fluminense,Internacional,1.0,0.0,H,U,1.68,3.53,5.32,14,3.0,0.0,0.0,2.0,6.0,2.0,4.0,0.0,5.0,-5.0,6.0,-3.0,9.0,2.0,0.0,2.0,0.0,1.0,-1.0,69.2,23.1,14.3,50.0,1554.1,1563.7
2025-10-25,2025,Atletico-MG,Ceara,1.0,0.0,H,U,1.85,3.31,4.45,14,1.0,1.0,0.0,1.0,4.0,2.0,2.0,2.0,2.0,0.0,2.0,0.0,2.0,1.0,0.0,1.0,0.0,0.0,0.0,46.2,7.7,21.4,42.9,1524.7,1495.0
2025-10-22,2025,Bahia,Internacional,1.0,0.0,H,U,1.75,3.52,4.68,15,3.0,0.0,0.0,2.0,6.0,3.0,3.0,0.0,8.0,-8.0,6.0,-5.0,11.0,1.0,0.0,1.0,0.0,2.0,-2.0,71.4,7.1,15.4,46.2,1570.1,1573.8
2025-10-21,2025,Santos,Vitoria,0.0,1.0,A,U,1.56,3.88,5.97,14,2.0,0.0,0.0,3.0,5.0,4.0,1.0,2.0,9.0,-7.0,3.0,-5.0,8.0,1.0,0.0,1.0,0.0,2.0,-2.0,38.5,30.8,0.0,64.3,1503.7,1493.7
2025-10-20,2025,Vasco,Fluminense,2.0,0.0,H,U,3.26,3.1,2.26,15,3.0,1.0,0.0,1.0,9.0,4.0,5.0,4.0,4.0,0.0,5.0,0.0,5.0,2.0,0.0,2.0,0.0,0.0,0.0,42.9,28.6,21.4,50.0,1543.6,1564.7
2025-10-20,2025,Juventude,Bragantino,1.0,0.0,H,U,3.11,3.16,2.33,15,0.0,0.0,2.0,2.0,2.0,3.0,-1.0,5.0,8.0,-3.0,-3.0,-5.0,2.0,0.0,0.0,0.0,1.0,1.0,0.0,35.7,42.9,28.6,57.1,1439.9,1516.1
2025-10-20,2025,Bahia,Gremio,4.0,0.0,H,O,1.73,3.62,4.65,14,2.0,1.0,1.0,1.0,3.0,4.0,-1.0,2.0,4.0,-2.0,1.0,0.0,1.0,0.0,0.0,0.0,0.0,0.0,0.0,69.2,7.7,21.4,50.0,1560.5,1546.5
2025-10-19,2025,Mirassol,Sao Paulo,3.0,0.0,H,O,2.53,3.04,2.92,15,2.0,1.0,0.0,2.0,6.0,2.0,4.0,3.0,3.0,0.0,3.0,-1.0,4.0,1.0,1.0,0.0,0.0,1.0,-1.0,64.3,0.0,21.4,42.9,1587.7,1556.6
2025-10-19,2025,Internacional,Sport Recife,2.0,0.0,H,U,1.61,3.84,5.33,15,1.0,0.0,1.0,2.0,5.0,2.0,3.0,4.0,5.0,-1.0,1.0,-3.0,4.0,1.0,0.0,1.0,0.0,1.0,-1.0,42.9,35.7,7.1,64.3,1567.4,1435.8
2025-10-19,2025,Flamengo RJ,Palmeiras,3.0,2.0,H,O,1.86,3.33,4.31,15,0.0,1.0,0.0,1.0,2.0,4.0,-2.0,2.0,4.0,-2.0,0.0,0.0,0.0,0.0,0.0,0.0,0.0,0.0,0.0,64.3,0.0,66.7,16.7,1697.3,1719.5
2025-10-19,2025,Cruzeiro,Fortaleza,1.0,0.0,H,U,1.56,4.08,5.46,15,2.0,1.0,0.0,2.0,4.0,4.0,0.0,2.0,7.0,-5.0,2.0,-3.0,5.0,0.0,0.0,0.0,0.0,1.0,-1.0,71.4,14.3,8.3,58.3,1605.3,1513.6
2025-10-19,2025,Ceara,Botafogo RJ,0.0,2.0,A,U,2.42,2.97,3.14,14,1.0,0.0,1.0,2.0,4.0,1.0,3.0,2.0,5.0,-3.0,2.0,-4.0,6.0,1.0,0.0,1.0,0.0,2.0,-2.0,46.2,30.8,35.7,42.9,1501.6,1624.0
2025-10-18,2025,Corinthians,Atletico-MG,1.0,0.0,H,U,1.91,3.17,4.37,14,1.0,0.0,1.0,3.0,5.0,0.0,5.0,3.0,5.0,-2.0,2.0,-5.0,7.0,1.0,0.0,1.0,0.0,1.0,-1.0,38.5,30.8,14.3,64.3,1555.1,1534.1
2025-10-17,2025,Vitoria,Bahia,2.0,1.0,H,O,1.32,4.79,9.58,14,2.0,0.0,1.0,2.0,2.0,3.0,-1.0,1.0,6.0,-5.0,1.0,-3.0,4.0,0.0,0.0,0.0,0.0,1.0,-1.0,38.5,23.1,23.1,46.2,1481.1,1573.1
2025-10-17,2025,Fluminense,Juventude,1.0,0.0,H,U,1.38,4.69,7.37,13,2.0,0.0,1.0,2.0,5.0,1.0,4.0,1.0,6.0,-5.0,4.0,-5.0,9.0,2.0,0.0,2.0,0.0,2.0,-2.0,66.7,25.0,7.7,76.9,1557.8,1446.8
2025-10-16,2025,Sport Recife,Ceara,1.0,1.0,D,U,2.35,3.29,2.95,13,1.0,1.0,1.0,1.0,5.0,3.0,2.0,5.0,3.0,2.0,0.0,0.0,0.0,0.0,0.0,0.0,0.0,0.0,0.0,8.3,41.7,23.1,46.2,1433.8,1503.6
2025-10-16,2025,Santos,Corinthians,3.0,1.0,H,O,2.36,3.1,3.12,13,1.0,1.0,0.0,1.0,2.0,2.0,0.0,1.0,2.0,-1.0,1.0,0.0,1.0,0.0,0.0,0.0,0.0,0.0,0.0,33.3,33.3,21.4,42.9,1491.6,1567.2
2025-10-16,2025,Mirassol,Internacional,3.0,1.0,H,O,3.25,3.03,2.32,14,2.0,0.0,0.0,2.0,5.0,3.0,2.0,2.0,7.0,-5.0,3.0,-4.0,7.0,1.0,0.0,1.0,0.0,1.0,-1.0,61.5,0.0,16.7,41.7,1577.7,1577.4
2025-10-16,2025,Gremio,Sao Paulo,2.0,0.0,H,U,4.25,3.15,1.94,14,1.0,1.0,1.0,2.0,4.0,2.0,2.0,3.0,2.0,1.0,1.0,0.0,1.0,1.0,1.0,0.0,0.0,0.0,0.0,38.5,23.1,23.1,38.5,1535.6,1567.6
2025-10-16,2025,Fortaleza,Vasco,0.0,2.0,A,U,2.21,3.17,3.32,15,2.0,1.0,1.0,1.0,3.0,4.0,-1.0,2.0,6.0,-4.0,1.0,-2.0,3.0,1.0,0.0,1.0,1.0,1.0,0.0,35.7,50.0,23.1,61.5,1523.3,1533.9
2025-10-16,2025,Atletico-MG,Cruzeiro,1.0,1.0,D,U,2.06,3.1,3.8,13,2.0,1.0,0.0,1.0,4.0,2.0,2.0,1.0,3.0,-2.0,3.0,-1.0,4.0,1.0,0.0,1.0,0.0,1.0,-1.0,50.0,8.3,38.5,23.1,1532.0,1607.4
2025-10-15,2025,Palmeiras,Bragantino,5.0,1.0,H,O,4.81,3.78,1.63,15,3.0,0.0,0.0,2.0,11.0,3.0,8.0,2.0,7.0,-5.0,9.0,-4.0,13.0,3.0,0.0,3.0,0.0,1.0,-1.0,71.4,14.3,30.8,53.8,1714.5,1521.1
2025-10-15,2025,Botafogo RJ,Flamengo RJ,0.0,3.0,A,O,2.12,3.73,2.84,14,2.0,2.0,0.0,1.0,6.0,4.0,2.0,4.0,2.0,2.0,2.0,2.0,0.0,0.0,1.0,-1.0,0.0,0.0,0.0,53.8,15.4,58.3,25.0,1632.4,1688.9
2025-10-11,2025,Palmeiras,Juventude,4.0,1.0,H,O,1.21,5.86,13.47,14,3.0,1.0,0.0,1.0,11.0,1.0,10.0,2.0,2.0,0.0,9.0,-1.0,10.0,3.0,0.0,3.0,0.0,1.0,-1.0,69.2,15.4,8.3,75.0,1710.9,1450.5
2025-10-09,2025,Mirassol,Fluminense,2.0,1.0,H,O,2.76,2.99,2.67,13,2.0,1.0,0.0,0.0,8.0,3.0,5.0,2.0,2.0,0.0,6.0,1.0,5.0,2.0,0.0,2.0,0.0,0.0,0.0,58.3,0.0,23.1,46.2,1567.7,1567.8
2025-10-08,2025,Atletico-MG,Sport Recife,3.0,1.0,H,O,1.72,3.5,4.9,12,1.0,0.0,0.0,1.0,2.0,2.0,0.0,1.0,3.0,-2.0,1.0,-1.0,2.0,0.0,0.0,0.0,0.0,0.0,0.0,45.5,9.1,7.7,61.5,1524.3,1441.5
2025-10-06,2025,Cruzeiro,Sport Recife,1.0,1.0,D,U,1.52,4.0,6.23,14,3.0,0.0,0.0,2.0,5.0,1.0,4.0,2.0,5.0,-3.0,3.0,-4.0,7.0,0.0,0.0,0.0,0.0,1.0,-1.0,76.9,15.4,8.3,66.7,1612.1,1436.8
2025-10-06,2025,Ceara,Santos,3.0,0.0,H,O,2.43,2.93,3.16,13,1.0,0.0,1.0,1.0,2.0,3.0,-1.0,2.0,5.0,-3.0,0.0,-2.0,2.0,0.0,0.0,0.0,0.0,1.0,-1.0,41.7,33.3,23.1,53.8,1493.3,1501.8
2025-10-05,2025,Vasco,Vitoria,4.0,3.0,H,O,1.65,3.73,5.19,14,2.0,0.0,0.0,3.0,7.0,1.0,6.0,3.0,13.0,-10.0,4.0,-12.0,16.0,2.0,0.0,2.0,0.0,3.0,-3.0,38.5,30.8,0.0,61.5,1524.9,1490.1
2025-10-05,2025,Sao Paulo,Palmeiras,2.0,3.0,A,O,3.42,2.89,2.32,14,2.0,1.0,1.0,1.0,3.0,2.0,1.0,1.0,2.0,-1.0,2.0,0.0,2.0,1.0,0.0,1.0,0.0,0.0,0.0,53.8,23.1,63.6,18.2,1574.0,1704.5
2025-10-05,2025,Juventude,Fortaleza,1.0,2.0,A,O,2.67,3.1,2.7,14,0.0,0.0,2.0,3.0,2.0,3.0,-1.0,6.0,8.0,-2.0,-4.0,-5.0,1.0,0.0,0.0,0.0,2.0,1.0,1.0,38.5,38.5,0.0,63.6,1458.9,1514.9
2025-10-05,2025,Corinthians,Mirassol,3.0,0.0,H,O,2.01,3.21,3.86,13,0.0,1.0,2.0,1.0,3.0,4.0,-1.0,5.0,4.0,1.0,-2.0,0.0,-2.0,0.0,0.0,0.0,0.0,0.0,0.0,33.3,33.3,30.8,30.8,1556.6,1578.3
2025-10-05,2025,Bahia,Flamengo RJ,1.0,0.0,H,U,5.37,3.63,1.65,13,2.0,3.0,1.0,0.0,4.0,7.0,-3.0,2.0,2.0,0.0,2.0,5.0,-3.0,1.0,2.0,-1.0,0.0,0.0,0.0,66.7,8.3,63.6,18.2,1559.2,1702.8
2025-10-04,2025,Internacional,Botafogo RJ,2.0,0.0,H,U,2.29,3.18,3.15,14,1.0,0.0,1.0,2.0,5.0,1.0,4.0,5.0,4.0,1.0,0.0,-3.0,3.0,0.0,0.0,0.0,0.0,1.0,-1.0,38.5,38.5,38.5,38.5,1565.2,1644.6
2025-10-04,2025,Fluminense,Atletico-MG,3.0,0.0,H,O,1.92,3.11,4.4,12,2.0,0.0,1.0,3.0,4.0,0.0,4.0,2.0,4.0,-2.0,2.0,-4.0,6.0,1.0,0.0,1.0,0.0,1.0,-1.0,63.6,27.3,15.4,61.5,1558.5,1533.6
2025-10-04,2025,Bragantino,Gremio,1.0,0.0,H,U,1.9,3.4,4.03,14,1.0,1.0,0.0,0.0,7.0,5.0,2.0,5.0,4.0,1.0,2.0,1.0,1.0,1.0,0.0,1.0,0.0,0.0,0.0,38.5,30.8,23.1,46.2,1510.0,1546.6
2025-10-03,2025,Flamengo RJ,Cruzeiro,0.0,0.0,D,U,1.53,3.91,6.11,14,1.0,1.0,0.0,1.0,10.0,3.0,7.0,2.0,4.0,-2.0,8.0,-1.0,9.0,1.0,0.0,1.0,0.0,1.0,-1.0,69.2,0.0,41.7,25.0,1705.5,1609.4
2025-10-02,2025,Vitoria,Ceara,1.0,0.0,H,U,2.32,2.98,3.29,13,1.0,1.0,1.0,0.0,3.0,3.0,0.0,3.0,2.0,1.0,0.0,1.0,-1.0,0.0,0.0,0.0,0.0,0.0,0.0,33.3,25.0,25.0,41.7,1479.4,1504.0
2025-10-02,2025,Santos,Gremio,1.0,1.0,D,U,1.72,3.51,4.88,12,1.0,2.0,1.0,0.0,1.0,7.0,-6.0,6.0,4.0,2.0,-5.0,3.0,-8.0,0.0,1.0,-1.0,1.0,0.0,1.0,36.4,36.4,25.0,50.0,1500.5,1548.0
2025-10-02,2025,Fortaleza,Sao Paulo,0.0,2.0,A,U,2.65,2.94,2.84,14,2.0,0.0,1.0,2.0,3.0,2.0,1.0,1.0,4.0,-3.0,2.0,-2.0,4.0,1.0,0.0,1.0,0.0,0.0,0.0,38.5,46.2,16.7,41.7,1523.7,1565.2
2025-10-02,2025,Botafogo RJ,Bahia,2.0,1.0,H,O,1.86,3.49,4.14,13,2.0,0.0,0.0,2.0,8.0,3.0,5.0,4.0,9.0,-5.0,4.0,-6.0,10.0,1.0,0.0,1.0,0.0,2.0,-2.0,50.0,16.7,25.0,41.7,1636.6,1567.2
2025-10-01,2025,Sport Recife,Fluminense,2.0,2.0,D,O,3.46,3.1,2.19,12,1.0,1.0,1.0,1.0,5.0,3.0,2.0,5.0,4.0,1.0,0.0,-1.0,1.0,0.0,0.0,0.0,0.0,1.0,-1.0,9.1,45.5,25.0,50.0,1433.3,1562.1
2025-10-01,2025,Palmeiras,Vasco,3.0,0.0,H,O,1.32,4.99,8.84,13,3.0,1.0,0.0,1.0,11.0,4.0,7.0,2.0,5.0,-3.0,9.0,-1.0,10.0,3.0,0.0,3.0,0.0,1.0,-1.0,66.7,16.7,25.0,58.3,1699.0,1530.4
2025-10-01,2025,Mirassol,Bragantino,1.0,1.0,D,U,1.75,3.56,4.62,12,2.0,0.0,0.0,3.0,8.0,2.0,6.0,2.0,7.0,-5.0,6.0,-5.0,11.0,2.0,0.0,2.0,0.0,1.0,-1.0,63.6,0.0,33.3,58.3,1580.4,1508.0
2025-10-01,2025,Internacional,Corinthians,1.0,1.0,D,U,2.01,2.95,4.27,13,1.0,2.0,2.0,1.0,5.0,4.0,1.0,7.0,3.0,4.0,-2.0,1.0,-3.0,0.0,0.0,0.0,1.0,0.0,1.0,41.7,41.7,23.1,46.2,1565.4,1556.3
2025-10-01,2025,Atletico-MG,Juventude,0.0,0.0,D,U,1.6,3.59,5.99,11,1.0,1.0,1.0,1.0,3.0,3.0,0.0,4.0,4.0,0.0,-1.0,-1.0,0.0,0.0,0.0,0.0,1.0,1.0,0.0,50.0,10.0,9.1,81.8,1535.9,1456.6
2025-09-30,2025,Sao Paulo,Ceara,0.0,1.0,A,U,1.66,3.39,5.88,13,3.0,0.0,0.0,1.0,5.0,3.0,2.0,0.0,4.0,-4.0,5.0,-1.0,6.0,2.0,0.0,2.0,0.0,0.0,0.0,58.3,16.7,18.2,45.5,1577.6,1491.6
2025-09-29,2025,Corinthians,Flamengo RJ,1.0,2.0,A,O,4.63,3.12,1.87,12,0.0,2.0,1.0,0.0,3.0,6.0,-3.0,4.0,2.0,2.0,-1.0,4.0,-5.0,0.0,2.0,-2.0,0.0,0.0,0.0,36.4,27.3,60.0,20.0,1562.6,1699.2
2025-09-28,2025,Gremio,Vitoria,3.0,1.0,H,O,1.85,3.38,4.26,13,0.0,0.0,1.0,3.0,1.0,0.0,1.0,2.0,12.0,-10.0,-1.0,-12.0,11.0,0.0,0.0,0.0,0.0,3.0,-3.0,33.3,25.0,0.0,58.3,1539.4,1487.9
2025-09-28,2025,Fluminense,Botafogo RJ,2.0,0.0,H,U,2.09,3.09,3.8,11,2.0,1.0,1.0,1.0,3.0,4.0,-1.0,2.0,3.0,-1.0,1.0,1.0,0.0,0.0,1.0,-1.0,0.0,0.0,0.0,60.0,30.0,41.7,33.3,1549.3,1649.4
2025-09-28,2025,Bragantino,Santos,2.0,2.0,D,O,2.22,3.15,3.31,13,1.0,1.0,1.0,1.0,6.0,3.0,3.0,6.0,4.0,2.0,0.0,-1.0,1.0,1.0,0.0,1.0,1.0,1.0,0.0,41.7,33.3,25.0,58.3,1508.2,1500.2
2025-09-28,2025,Bahia,Palmeiras,1.0,0.0,H,U,4.03,3.35,1.92,12,1.0,1.0,1.0,0.0,6.0,4.0,2.0,5.0,3.0,2.0,1.0,1.0,0.0,1.0,0.0,1.0,0.0,0.0,0.0,63.6,9.1,70.0,10.0,1552.9,1713.3
2025-09-28,2025,Atletico-MG,Mirassol,1.0,0.0,H,U,2.15,3.11,3.54,10,1.0,2.0,1.0,0.0,4.0,5.0,-1.0,5.0,3.0,2.0,-1.0,2.0,-3.0,0.0,0.0,0.0,1.0,0.0,1.0,44.4,11.1,33.3,25.0,1523.9,1592.3
2025-09-27,2025,Vasco,Cruzeiro,2.0,0.0,H,U,2.84,3.07,2.55,13,1.0,2.0,1.0,0.0,7.0,5.0,2.0,6.0,2.0,4.0,1.0,3.0,-2.0,1.0,1.0,0.0,0.0,0.0,0.0,33.3,33.3,45.5,18.2,1517.4,1622.3
2025-09-27,2025,Juventude,Internacional,1.0,1.0,D,U,3.27,3.15,2.24,13,1.0,1.0,2.0,2.0,3.0,5.0,-2.0,5.0,7.0,-2.0,-2.0,-2.0,0.0,1.0,1.0,0.0,2.0,1.0,1.0,41.7,41.7,18.2,45.5,1453.4,1568.6
2025-09-27,2025,Fortaleza,Sport Recife,1.0,0.0,H,U,1.79,3.5,4.4,13,1.0,1.0,2.0,1.0,2.0,2.0,0.0,6.0,4.0,2.0,-4.0,-2.0,-2.0,1.0,0.0,1.0,1.0,1.0,0.0,33.3,50.0,9.1,63.6,1515.8,1441.2
2025-09-24,2025,Vasco,Bahia,3.0,1.0,H,O,2.27,3.24,3.15,12,0.0,1.0,1.0,1.0,5.0,4.0,1.0,6.0,7.0,-1.0,-1.0,-3.0,2.0,0.0,0.0,0.0,0.0,1.0,-1.0,27.3,36.4,27.3,36.4,1505.8,1564.6
2025-09-24,2025,Gremio,Botafogo RJ,1.0,1.0,D,U,2.61,3.0,2.84,12,0.0,2.0,2.0,1.0,0.0,8.0,-8.0,2.0,2.0,0.0,-2.0,6.0,-8.0,0.0,2.0,-2.0,0.0,0.0,0.0,36.4,27.3,45.5,36.4,1536.2,1652.6
2025-09-22,2025,Santos,Sao Paulo,1.0,0.0,H,U,2.22,3.04,3.43,11,1.0,1.0,1.0,1.0,3.0,4.0,-1.0,7.0,4.0,3.0,-4.0,0.0,-4.0,1.0,0.0,1.0,1.0,0.0,1.0,30.0,40.0,18.2,36.4,1487.4,1590.5
2025-09-22,2025,Cruzeiro,Bragantino,2.0,1.0,H,O,1.48,4.14,6.71,13,2.0,0.0,1.0,3.0,4.0,2.0,2.0,3.0,7.0,-4.0,1.0,-5.0,6.0,0.0,0.0,0.0,0.0,1.0,-1.0,75.0,16.7,36.4,54.5,1615.1,1515.4
2025-09-21,2025,Sport Recife,Corinthians,1.0,0.0,H,U,2.95,2.97,2.54,11,0.0,2.0,1.0,1.0,4.0,5.0,-1.0,5.0,4.0,1.0,-1.0,1.0,-2.0,0.0,0.0,0.0,0.0,0.0,0.0,0.0,50.0,25.0,41.7,1427.1,1576.7
2025-09-21,2025,Palmeiras,Fortaleza,4.0,1.0,H,O,1.4,4.44,7.9,12,3.0,0.0,0.0,2.0,9.0,3.0,6.0,2.0,5.0,-3.0,7.0,-2.0,9.0,2.0,0.0,2.0,0.0,0.0,0.0,63.6,18.2,0.0,60.0,1708.2,1520.9
2025-09-21,2025,Mirassol,Juventude,2.0,0.0,H,U,1.52,4.0,6.14,11,2.0,1.0,0.0,1.0,9.0,4.0,5.0,4.0,5.0,-1.0,5.0,-1.0,6.0,1.0,0.0,1.0,0.0,1.0,-1.0,60.0,0.0,10.0,80.0,1585.8,1459.9
2025-09-21,2025,Internacional,Gremio,2.0,3.0,A,O,1.84,3.43,4.29,12,1.0,1.0,2.0,1.0,4.0,4.0,0.0,6.0,3.0,3.0,-2.0,1.0,-3.0,0.0,1.0,-1.0,1.0,0.0,1.0,45.5,36.4,18.2,54.5,1580.2,1524.6
2025-09-21,2025,Flamengo RJ,Vasco,1.0,1.0,D,U,1.32,4.88,9.29,13,2.0,2.0,0.0,1.0,11.0,9.0,2.0,2.0,4.0,-2.0,9.0,5.0,4.0,1.0,1.0,0.0,0.0,1.0,-1.0,75.0,0.0,27.3,63.6,1704.5,1500.5
2025-09-20,2025,Vitoria,Fluminense,0.0,1.0,A,U,2.6,2.99,2.86,12,1.0,0.0,0.0,1.0,5.0,5.0,0.0,4.0,7.0,-3.0,1.0,-2.0,3.0,0.0,0.0,0.0,0.0,1.0,-1.0,36.4,18.2,18.2,54.5,1496.6,1540.5
2025-09-20,2025,Ceara,Bahia,1.0,1.0,D,U,2.71,2.93,2.77,12,1.0,1.0,1.0,1.0,2.0,3.0,-1.0,2.0,6.0,-4.0,0.0,-3.0,3.0,0.0,0.0,0.0,0.0,1.0,-1.0,45.5,36.4,30.0,40.0,1489.4,1566.7
2025-09-20,2025,Botafogo RJ,Atletico-MG,1.0,0.0,H,U,1.73,3.38,5.09,12,1.0,0.0,1.0,2.0,7.0,1.0,6.0,5.0,4.0,1.0,2.0,-3.0,5.0,1.0,0.0,1.0,0.0,1.0,-1.0,45.5,18.2,16.7,58.3,1645.8,1530.7
2025-09-17,2025,Botafogo RJ,Mirassol,3.0,3.0,D,O,1.71,3.57,4.89,11,1.0,2.0,2.0,1.0,4.0,3.0,1.0,4.0,2.0,2.0,0.0,1.0,-1.0,1.0,0.0,1.0,1.0,0.0,1.0,50.0,20.0,36.4,27.3,1647.6,1584.0
2025-09-16,2025,Bahia,Cruzeiro,1.0,2.0,A,O,2.89,3.07,2.52,11,2.0,1.0,0.0,0.0,8.0,3.0,5.0,3.0,1.0,2.0,5.0,2.0,3.0,2.0,1.0,1.0,0.0,0.0,0.0,70.0,0.0,40.0,20.0,1575.9,1605.9
2025-09-15,2025,Vasco,Ceara,2.0,2.0,D,O,1.94,3.23,4.08,11,0.0,1.0,1.0,1.0,4.0,3.0,1.0,5.0,3.0,2.0,-1.0,0.0,-1.0,0.0,0.0,0.0,0.0,0.0,0.0,30.0,40.0,20.0,50.0,1500.8,1489.1
2025-09-14,2025,Sao Paulo,Botafogo RJ,1.0,0.0,H,U,2.17,2.95,3.71,12,3.0,3.0,0.0,0.0,7.0,9.0,-2.0,1.0,1.0,0.0,6.0,8.0,-2.0,3.0,2.0,1.0,0.0,0.0,0.0,54.5,18.2,50.0,30.0,1578.2,1659.9
2025-09-14,2025,Juventude,Flamengo RJ,0.0,2.0,A,U,8.67,4.63,1.34,12,2.0,2.0,1.0,0.0,5.0,6.0,-1.0,4.0,3.0,1.0,1.0,3.0,-2.0,1.0,1.0,0.0,1.0,0.0,1.0,45.5,36.4,55.6,22.2,1464.0,1700.4
2025-09-14,2025,Fluminense,Corinthians,0.0,1.0,A,U,2.34,2.87,3.41,10,2.0,1.0,1.0,1.0,4.0,5.0,-1.0,3.0,5.0,-2.0,1.0,0.0,1.0,0.0,0.0,0.0,0.0,0.0,0.0,66.7,22.2,18.2,45.5,1550.0,1567.2
2025-09-14,2025,Bragantino,Sport Recife,1.0,1.0,D,U,1.7,3.63,4.96,12,1.0,1.0,2.0,1.0,6.0,3.0,3.0,7.0,5.0,2.0,-1.0,-2.0,1.0,1.0,0.0,1.0,1.0,1.0,0.0,45.5,36.4,10.0,70.0,1518.0,1424.5
2025-09-14,2025,Atletico-MG,Santos,1.0,1.0,D,U,1.9,3.38,4.07,9,2.0,1.0,1.0,1.0,5.0,4.0,1.0,4.0,5.0,-1.0,1.0,-1.0,2.0,1.0,0.0,1.0,1.0,1.0,0.0,50.0,12.5,27.3,63.6,1532.0,1486.0
2025-09-13,2025,Palmeiras,Internacional,4.0,1.0,H,O,1.44,4.14,7.46,11,3.0,2.0,0.0,1.0,6.0,6.0,0.0,1.0,4.0,-3.0,5.0,2.0,3.0,1.0,1.0,0.0,0.0,0.0,0.0,60.0,20.0,20.0,40.0,1701.4,1587.0
2025-09-13,2025,Gremio,Mirassol,0.0,1.0,A,U,2.28,3.1,3.25,11,1.0,2.0,1.0,1.0,2.0,4.0,-2.0,2.0,2.0,0.0,0.0,2.0,-2.0,0.0,1.0,-1.0,0.0,0.0,0.0,40.0,20.0,30.0,30.0,1533.4,1575.2
2025-09-13,2025,Fortaleza,Vitoria,2.0,0.0,H,U,1.83,3.42,4.39,12,1.0,0.0,2.0,2.0,3.0,1.0,2.0,7.0,11.0,-4.0,-4.0,-10.0,6.0,1.0,0.0,1.0,1.0,2.0,-1.0,27.3,54.5,0.0,54.5,1511.0,1506.5
2025-09-01,2025,Sport Recife,Vasco,2.0,3.0,A,O,2.41,3.22,2.92,10,0.0,1.0,0.0,2.0,4.0,8.0,-4.0,4.0,5.0,-1.0,0.0,3.0,-3.0,0.0,1.0,-1.0,0.0,1.0,-1.0,0.0,44.4,20.0,70.0,1432.8,1492.5
2025-09-01,2025,Internacional,Fortaleza,2.0,1.0,H,O,1.62,3.81,5.36,11,0.0,0.0,2.0,2.0,3.0,3.0,0.0,6.0,5.0,1.0,-3.0,-2.0,-1.0,0.0,0.0,0.0,1.0,0.0,1.0,40.0,40.0,0.0,55.6,1578.7,1519.3
2025-08-31,2025,Vitoria,Atletico-MG,1.0,0.0,H,U,3.25,3.01,2.34,11,0.0,0.0,0.0,2.0,6.0,1.0,5.0,6.0,4.0,2.0,0.0,-3.0,3.0,0.0,0.0,0.0,0.0,1.0,-1.0,30.0,20.0,18.2,54.5,1495.1,1543.4
2025-08-31,2025,Santos,Fluminense,0.0,0.0,D,U,2.39,3.13,3.04,10,1.0,0.0,2.0,2.0,4.0,6.0,-2.0,9.0,10.0,-1.0,-5.0,-4.0,-1.0,1.0,0.0,1.0,1.0,2.0,-1.0,33.3,44.4,20.0,60.0,1484.1,1551.9
2025-08-31,2025,Mirassol,Bahia,5.0,1.0,H,O,2.26,3.22,3.16,10,1.0,1.0,0.0,0.0,5.0,3.0,2.0,4.0,2.0,2.0,1.0,1.0,0.0,0.0,0.0,0.0,0.0,0.0,0.0,55.6,0.0,33.3,33.3,1564.6,1586.5
2025-08-31,2025,Flamengo RJ,Gremio,1.0,1.0,D,U,1.22,5.81,13.13,12,3.0,1.0,0.0,2.0,11.0,3.0,8.0,1.0,3.0,-2.0,10.0,0.0,10.0,1.0,1.0,0.0,0.0,0.0,0.0,81.8,0.0,20.0,60.0,1705.1,1528.8
2025-08-31,2025,Cruzeiro,Sao Paulo,1.0,0.0,H,U,1.91,3.19,4.37,12,1.0,2.0,2.0,0.0,4.0,5.0,-1.0,5.0,3.0,2.0,-1.0,2.0,-3.0,0.0,0.0,0.0,0.0,0.0,0.0,72.7,18.2,20.0,30.0,1596.2,1587.9
2025-08-31,2025,Corinthians,Palmeiras,1.0,1.0,D,U,3.62,3.04,2.16,11,0.0,2.0,1.0,0.0,2.0,5.0,-3.0,3.0,3.0,0.0,-1.0,2.0,-3.0,0.0,0.0,0.0,0.0,0.0,0.0,40.0,30.0,77.8,11.1,1563.3,1705.3
2025-08-30,2025,Ceara,Juventude,0.0,1.0,A,U,1.72,3.51,5.0,11,1.0,0.0,1.0,2.0,2.0,3.0,-1.0,3.0,8.0,-5.0,-1.0,-5.0,4.0,0.0,0.0,0.0,1.0,2.0,-1.0,50.0,30.0,0.0,88.9,1500.4,1452.7
2025-08-30,2025,Botafogo RJ,Bragantino,4.0,1.0,H,O,1.67,3.78,4.93,10,0.0,0.0,2.0,3.0,1.0,2.0,-1.0,4.0,6.0,-2.0,-3.0,-4.0,1.0,0.0,0.0,0.0,1.0,1.0,0.0,44.4,22.2,40.0,50.0,1653.5,1524.5
2025-08-26,2025,Flamengo RJ,Vitoria,8.0,0.0,H,O,1.18,6.47,15.25,11,3.0,0.0,0.0,1.0,4.0,1.0,3.0,1.0,3.0,-2.0,3.0,-2.0,5.0,0.0,0.0,0.0,0.0,1.0,-1.0,80.0,0.0,0.0,50.0,1700.3,1499.9
2025-08-25,2025,Sao Paulo,Atletico-MG,2.0,0.0,H,U,1.74,3.31,5.15,11,3.0,0.0,0.0,2.0,7.0,3.0,4.0,1.0,5.0,-4.0,6.0,-2.0,8.0,3.0,0.0,3.0,0.0,0.0,0.0,50.0,20.0,20.0,50.0,1578.7,1552.7
2025-08-25,2025,Palmeiras,Sport Recife,3.0,0.0,H,O,1.29,5.19,9.98,10,3.0,1.0,0.0,1.0,6.0,3.0,3.0,3.0,4.0,-1.0,3.0,-1.0,4.0,0.0,0.0,0.0,0.0,1.0,-1.0,55.6,22.2,11.1,66.7,1701.7,1436.4
2025-08-24,2025,Vasco,Corinthians,2.0,3.0,A,O,2.04,3.15,3.82,10,0.0,0.0,1.0,2.0,2.0,2.0,0.0,4.0,5.0,-1.0,-2.0,-3.0,1.0,0.0,0.0,0.0,1.0,1.0,0.0,33.3,33.3,10.0,50.0,1501.0,1554.8
2025-08-24,2025,Juventude,Botafogo RJ,1.0,3.0,A,O,3.74,3.27,2.02,11,2.0,3.0,1.0,0.0,4.0,8.0,-4.0,2.0,0.0,2.0,2.0,8.0,-6.0,1.0,2.0,-1.0,0.0,0.0,0.0,50.0,30.0,44.4,33.3,1457.7,1648.5
2025-08-24,2025,Gremio,Ceara,0.0,0.0,D,U,2.03,3.06,3.97,10,1.0,1.0,1.0,2.0,3.0,3.0,0.0,3.0,4.0,-1.0,0.0,-1.0,1.0,0.0,0.0,0.0,0.0,0.0,0.0,44.4,22.2,22.2,55.6,1529.6,1499.6
2025-08-24,2025,Fortaleza,Mirassol,0.0,1.0,A,U,2.49,3.14,2.85,11,1.0,1.0,1.0,1.0,4.0,4.0,0.0,7.0,3.0,4.0,-3.0,1.0,-4.0,1.0,1.0,0.0,1.0,0.0,1.0,30.0,50.0,22.2,33.3,1528.5,1555.3
2025-08-24,2025,Bahia,Santos,2.0,0.0,H,U,1.62,3.83,5.21,10,2.0,1.0,0.0,1.0,8.0,4.0,4.0,4.0,6.0,-2.0,4.0,-2.0,6.0,1.0,0.0,1.0,0.0,1.0,-1.0,66.7,0.0,30.0,60.0,1579.0,1491.6
2025-08-23,2025,Cruzeiro,Internacional,2.0,1.0,H,O,1.78,3.37,4.75,11,1.0,2.0,2.0,1.0,6.0,5.0,1.0,4.0,4.0,0.0,2.0,1.0,1.0,1.0,1.0,0.0,0.0,1.0,-1.0,70.0,20.0,22.2,33.3,1586.1,1588.8
2025-08-23,2025,Bragantino,Fluminense,4.0,2.0,H,O,2.48,3.03,2.95,11,0.0,0.0,2.0,2.0,4.0,4.0,0.0,7.0,7.0,0.0,-3.0,-3.0,0.0,0.0,0.0,0.0,1.0,1.0,0.0,40.0,40.0,22.2,55.6,1513.0,1563.4
2025-08-20,2025,Juventude,Vasco,2.0,0.0,H,U,3.77,3.36,1.97,10,2.0,1.0,1.0,1.0,4.0,9.0,-5.0,2.0,4.0,-2.0,2.0,5.0,-3.0,1.0,1.0,0.0,0.0,0.0,0.0,44.4,33.3,22.2,66.7,1445.8,1512.9
2025-08-19,2025,Mirassol,Cruzeiro,1.0,1.0,D,U,2.74,3.17,2.56,9,2.0,2.0,0.0,0.0,7.0,4.0,3.0,3.0,0.0,3.0,4.0,4.0,0.0,1.0,2.0,-1.0,0.0,0.0,0.0,62.5,0.0,44.4,22.2,1554.4,1587.0
2025-08-18,2025,Botafogo RJ,Palmeiras,0.0,1.0,A,U,2.88,2.93,2.64,9,0.0,1.0,1.0,1.0,1.0,5.0,-4.0,3.0,5.0,-2.0,-2.0,0.0,-2.0,0.0,0.0,0.0,1.0,0.0,1.0,50.0,12.5,75.0,12.5,1657.5,1692.7
2025-08-17,2025,Santos,Vasco,0.0,6.0,A,O,1.82,3.57,4.18,9,2.0,1.0,1.0,1.0,5.0,6.0,-1.0,3.0,5.0,-2.0,2.0,1.0,1.0,1.0,1.0,0.0,0.0,0.0,0.0,37.5,37.5,12.5,75.0,1501.6,1502.9
2025-08-17,2025,Internacional,Flamengo RJ,1.0,3.0,A,O,4.55,3.3,1.83,10,1.0,1.0,1.0,1.0,3.0,3.0,0.0,3.0,3.0,0.0,0.0,0.0,0.0,0.0,0.0,0.0,0.0,0.0,0.0,44.4,33.3,50.0,25.0,1596.1,1693.1
2025-08-17,2025,Corinthians,Bahia,1.0,2.0,A,O,2.56,2.99,2.91,10,0.0,1.0,1.0,0.0,2.0,4.0,-2.0,3.0,1.0,2.0,-1.0,3.0,-4.0,0.0,1.0,-1.0,0.0,0.0,0.0,44.4,22.2,25.0,37.5,1564.7,1569.1
2025-08-17,2025,Atletico-MG,Gremio,1.0,3.0,A,O,1.65,3.63,5.34,8,2.0,0.0,0.0,2.0,4.0,1.0,3.0,1.0,3.0,-2.0,3.0,-2.0,5.0,1.0,0.0,1.0,0.0,0.0,0.0,57.1,0.0,11.1,66.7,1564.0,1518.3
2025-08-16,2025,Vitoria,Juventude,2.0,2.0,D,O,1.72,3.53,4.93,10,1.0,0.0,0.0,3.0,5.0,1.0,4.0,4.0,10.0,-6.0,1.0,-9.0,10.0,0.0,0.0,0.0,0.0,3.0,-3.0,33.3,22.2,0.0,100.0,1501.6,1444.1
2025-08-16,2025,Sport Recife,Sao Paulo,2.0,2.0,D,O,2.02,3.18,3.85,9,0.0,2.0,1.0,0.0,2.0,5.0,-3.0,3.0,3.0,0.0,-1.0,2.0,-3.0,0.0,0.0,0.0,0.0,0.0,0.0,0.0,50.0,22.2,33.3,1432.3,1582.7
2025-08-16,2025,Fluminense,Fortaleza,2.0,1.0,H,O,1.73,3.51,4.81,9,1.0,0.0,2.0,2.0,2.0,2.0,0.0,4.0,8.0,-4.0,-2.0,-6.0,4.0,0.0,0.0,0.0,1.0,1.0,0.0,62.5,25.0,0.0,50.0,1553.8,1538.1
2025-08-16,2025,Ceara,Bragantino,1.0,0.0,H,U,2.15,3.05,3.59,10,0.0,0.0,2.0,3.0,1.0,2.0,-1.0,4.0,6.0,-2.0,-3.0,-4.0,1.0,0.0,0.0,0.0,1.0,1.0,0.0,44.4,33.3,44.4,44.4,1488.5,1524.1
2025-08-12,2025,Juventude,Corinthians,2.0,1.0,H,O,4.05,3.16,1.98,9,1.0,1.0,2.0,1.0,2.0,2.0,0.0,3.0,3.0,0.0,-1.0,-1.0,0.0,1.0,0.0,1.0,1.0,1.0,0.0,37.5,37.5,11.1,44.4,1430.1,1578.7
2025-08-11,2025,Gremio,Sport Recife,0.0,1.0,A,U,1.81,3.38,4.49,9,2.0,0.0,0.0,2.0,4.0,2.0,2.0,2.0,5.0,-3.0,2.0,-3.0,5.0,0.0,0.0,0.0,0.0,1.0,-1.0,50.0,12.5,0.0,75.0,1531.4,1419.2
2025-08-10,2025,Vasco,Atletico-MG,1.0,1.0,D,U,2.73,2.94,2.76,9,0.0,0.0,2.0,3.0,1.0,3.0,-2.0,5.0,6.0,-1.0,-4.0,-3.0,-1.0,0.0,0.0,0.0,2.0,0.0,2.0,37.5,37.5,22.2,55.6,1501.1,1565.8
2025-08-10,2025,Palmeiras,Ceara,2.0,1.0,H,O,1.38,4.32,8.82,9,2.0,2.0,0.0,1.0,5.0,3.0,2.0,3.0,2.0,1.0,2.0,1.0,1.0,0.0,0.0,0.0,0.0,0.0,0.0,50.0,25.0,25.0,50.0,1687.8,1493.5
2025-08-10,2025,Fortaleza,Botafogo RJ,0.0,5.0,A,O,2.52,3.04,2.91,10,1.0,3.0,1.0,0.0,4.0,4.0,0.0,3.0,0.0,3.0,1.0,4.0,-3.0,1.0,1.0,0.0,0.0,0.0,0.0,33.3,44.4,37.5,37.5,1545.1,1650.4
2025-08-10,2025,Cruzeiro,Santos,1.0,2.0,A,O,1.52,4.08,5.98,10,2.0,1.0,1.0,1.0,9.0,5.0,4.0,3.0,7.0,-4.0,6.0,-2.0,8.0,2.0,0.0,2.0,0.0,1.0,-1.0,77.8,11.1,22.2,66.7,1600.1,1488.5
2025-08-10,2025,Bahia,Fluminense,3.0,3.0,D,O,1.64,3.56,5.63,9,3.0,1.0,0.0,2.0,7.0,3.0,4.0,2.0,4.0,-2.0,5.0,-1.0,6.0,1.0,1.0,0.0,0.0,1.0,-1.0,75.0,0.0,25.0,62.5,1569.6,1553.4
2025-08-09,2025,Sao Paulo,Vitoria,2.0,0.0,H,U,1.71,3.32,5.43,10,2.0,0.0,1.0,1.0,6.0,1.0,5.0,4.0,2.0,2.0,2.0,-1.0,3.0,2.0,0.0,2.0,1.0,0.0,1.0,44.4,22.2,0.0,44.4,1574.6,1509.7
2025-08-09,2025,Flamengo RJ,Mirassol,2.0,1.0,H,O,1.3,5.06,9.94,10,3.0,2.0,0.0,0.0,4.0,5.0,-1.0,0.0,1.0,-1.0,4.0,4.0,0.0,1.0,2.0,-1.0,0.0,0.0,0.0,77.8,0.0,25.0,25.0,1686.5,1560.9
2025-08-09,2025,Bragantino,Internacional,1.0,3.0,A,O,2.85,3.05,2.56,10,0.0,1.0,2.0,1.0,3.0,3.0,0.0,7.0,4.0,3.0,-4.0,-1.0,-3.0,0.0,0.0,0.0,1.0,1.0,0.0,44.4,33.3,12.5,37.5,1532.5,1587.7
2025-08-05,2025,Santos,Juventude,3.0,1.0,H,O,1.38,4.67,7.68,8,1.0,0.0,2.0,3.0,2.0,0.0,2.0,3.0,8.0,-5.0,-1.0,-8.0,7.0,0.0,0.0,0.0,0.0,2.0,-2.0,28.6,42.9,0.0,100.0,1479.7,1438.9
2025-08-04,2025,Internacional,Sao Paulo,1.0,2.0,A,O,2.45,2.94,3.11,9,2.0,1.0,0.0,1.0,3.0,3.0,0.0,1.0,4.0,-3.0,2.0,-1.0,3.0,0.0,0.0,0.0,0.0,1.0,-1.0,50.0,25.0,12.5,37.5,1598.7,1563.6
2025-08-03,2025,Vitoria,Palmeiras,2.0,2.0,D,O,3.08,2.84,2.54,9,1.0,2.0,0.0,1.0,3.0,5.0,-2.0,2.0,4.0,-2.0,1.0,1.0,0.0,0.0,0.0,0.0,0.0,0.0,0.0,37.5,25.0,85.7,14.3,1504.8,1692.7
2025-08-03,2025,Fluminense,Gremio,1.0,0.0,H,U,1.87,3.18,4.51,8,1.0,0.0,2.0,2.0,3.0,2.0,1.0,5.0,6.0,-1.0,-2.0,-4.0,2.0,0.0,0.0,0.0,1.0,1.0,0.0,57.1,28.6,12.5,62.5,1543.4,1541.4
2025-08-03,2025,Corinthians,Fortaleza,1.0,1.0,D,U,2.03,3.08,3.98,9,0.0,0.0,1.0,3.0,1.0,1.0,0.0,2.0,10.0,-8.0,-1.0,-9.0,8.0,0.0,0.0,0.0,0.0,2.0,-2.0,50.0,25.0,0.0,57.1,1579.8,1544.1
2025-08-03,2025,Ceara,Flamengo RJ,1.0,1.0,D,U,5.22,3.38,1.72,9,0.0,2.0,3.0,1.0,0.0,4.0,-4.0,4.0,2.0,2.0,-4.0,2.0,-6.0,0.0,1.0,-1.0,1.0,0.0,1.0,50.0,37.5,57.1,28.6,1488.2,1691.8
2025-08-03,2025,Botafogo RJ,Cruzeiro,0.0,2.0,A,U,2.22,3.05,3.44,8,1.0,1.0,0.0,0.0,4.0,2.0,2.0,3.0,0.0,3.0,1.0,2.0,-1.0,0.0,1.0,-1.0,0.0,0.0,0.0,57.1,0.0,37.5,25.0,1662.5,1588.0
2025-08-03,2025,Atletico-MG,Bragantino,2.0,1.0,H,O,1.91,3.37,3.99,7,2.0,1.0,0.0,2.0,5.0,3.0,2.0,2.0,5.0,-3.0,3.0,-2.0,5.0,1.0,0.0,1.0,0.0,1.0,-1.0,50.0,0.0,50.0,37.5,1556.2,1542.1
2025-08-02,2025,Sport Recife,Bahia,0.0,0.0,D,U,3.16,3.1,2.32,8,0.0,1.0,1.0,1.0,3.0,4.0,-1.0,4.0,2.0,2.0,-1.0,2.0,-3.0,0.0,1.0,-1.0,0.0,0.0,0.0,0.0,57.1,28.6,42.9,1414.9,1573.8
2025-08-02,2025,Mirassol,Vasco,3.0,2.0,H,O,1.85,3.25,4.55,8,2.0,1.0,0.0,1.0,5.0,5.0,0.0,1.0,4.0,-3.0,4.0,1.0,3.0,1.0,1.0,0.0,0.0,0.0,0.0,57.1,0.0,14.3,71.4,1552.2,1509.9
2025-07-30,2025,Gremio,Fortaleza,2.0,1.0,H,O,1.92,3.38,3.96,8,1.0,0.0,0.0,2.0,3.0,0.0,3.0,2.0,8.0,-6.0,1.0,-8.0,9.0,0.0,0.0,0.0,0.0,2.0,-2.0,42.9,14.3,0.0,50.0,1530.7,1554.8
2025-07-28,2025,Flamengo RJ,Atletico-MG,1.0,0.0,H,U,1.41,4.16,8.25,9,3.0,1.0,0.0,2.0,8.0,4.0,4.0,0.0,5.0,-5.0,8.0,-1.0,9.0,2.0,0.0,2.0,0.0,0.0,0.0,75.0,0.0,25.0,50.0,1685.2,1562.8
2025-07-27,2025,Sao Paulo,Fluminense,3.0,1.0,H,O,2.05,2.97,4.08,9,1.0,1.0,2.0,1.0,3.0,3.0,0.0,5.0,2.0,3.0,-2.0,1.0,-3.0,1.0,1.0,0.0,2.0,0.0,2.0,37.5,25.0,28.6,57.1,1553.6,1553.4
2025-07-27,2025,Palmeiras,Gremio,1.0,0.0,H,U,1.4,4.42,7.96,8,1.0,1.0,1.0,1.0,4.0,4.0,0.0,5.0,5.0,0.0,-1.0,-1.0,0.0,0.0,1.0,-1.0,1.0,1.0,0.0,42.9,28.6,14.3,57.1,1686.8,1536.6
2025-07-27,2025,Internacional,Vasco,1.0,1.0,D,U,1.53,3.94,6.13,8,2.0,1.0,1.0,2.0,2.0,5.0,-3.0,2.0,5.0,-3.0,0.0,0.0,0.0,0.0,1.0,-1.0,1.0,0.0,1.0,57.1,28.6,16.7,83.3,1601.3,1507.3
2025-07-27,2025,Cruzeiro,Ceara,1.0,2.0,A,O,1.46,4.0,7.4,9,3.0,1.0,0.0,2.0,10.0,3.0,7.0,2.0,4.0,-2.0,8.0,-1.0,9.0,2.0,0.0,2.0,0.0,0.0,0.0,87.5,0.0,14.3,57.1,1601.5,1474.7
2025-07-27,2025,Bahia,Juventude,3.0,0.0,H,O,1.26,5.44,10.64,8,3.0,0.0,0.0,3.0,6.0,0.0,6.0,3.0,10.0,-7.0,3.0,-10.0,13.0,0.0,0.0,0.0,0.0,2.0,-2.0,71.4,0.0,0.0,100.0,1567.2,1445.5
2025-07-26,2025,Sport Recife,Santos,2.0,2.0,D,O,2.6,3.11,2.76,7,0.0,2.0,2.0,1.0,1.0,4.0,-3.0,6.0,5.0,1.0,-5.0,-1.0,-4.0,0.0,0.0,0.0,1.0,1.0,0.0,0.0,66.7,25.0,75.0,1412.9,1481.6
2025-07-26,2025,Mirassol,Vitoria,1.0,1.0,D,U,1.69,3.43,5.42,7,3.0,0.0,0.0,1.0,6.0,0.0,6.0,1.0,1.0,0.0,5.0,-1.0,6.0,1.0,0.0,1.0,0.0,0.0,0.0,66.7,0.0,0.0,50.0,1553.6,1503.3
2025-07-26,2025,Fortaleza,Bragantino,3.0,1.0,H,O,1.81,3.66,4.15,9,0.0,2.0,2.0,1.0,3.0,4.0,-1.0,5.0,2.0,3.0,-2.0,2.0,-4.0,0.0,1.0,-1.0,0.0,0.0,0.0,25.0,50.0,57.1,28.6,1544.6,1552.3
2025-07-26,2025,Botafogo RJ,Corinthians,1.0,1.0,D,U,1.59,3.5,6.46,7,2.0,1.0,0.0,1.0,7.0,2.0,5.0,2.0,3.0,-1.0,5.0,-1.0,6.0,1.0,0.0,1.0,0.0,1.0,-1.0,66.7,0.0,12.5,50.0,1665.0,1577.3
2025-07-24,2025,Vitoria,Sport Recife,2.0,2.0,D,O,2.32,2.94,3.4,8,1.0,0.0,1.0,3.0,1.0,0.0,1.0,1.0,5.0,-4.0,0.0,-5.0,5.0,0.0,0.0,0.0,0.0,2.0,-2.0,42.9,28.6,0.0,85.7,1506.0,1410.2
2025-07-24,2025,Santos,Internacional,1.0,2.0,A,O,2.37,3.06,3.15,7,1.0,0.0,1.0,2.0,1.0,1.0,0.0,1.0,7.0,-6.0,0.0,-6.0,6.0,0.0,0.0,0.0,0.0,2.0,-2.0,33.3,33.3,0.0,42.9,1488.7,1594.3
2025-07-24,2025,Juventude,Sao Paulo,0.0,1.0,A,U,4.65,3.23,1.84,8,1.0,0.0,1.0,2.0,3.0,3.0,0.0,3.0,6.0,-3.0,0.0,-3.0,3.0,1.0,0.0,1.0,1.0,1.0,0.0,42.9,28.6,0.0,42.9,1452.9,1546.2
2025-07-24,2025,Bragantino,Flamengo RJ,1.0,2.0,A,O,4.1,3.33,1.91,9,1.0,1.0,1.0,2.0,3.0,3.0,0.0,5.0,3.0,2.0,-2.0,0.0,-2.0,0.0,1.0,-1.0,1.0,0.0,1.0,50.0,25.0,50.0,33.3,1559.0,1678.5
2025-07-23,2025,Fluminense,Palmeiras,1.0,2.0,A,O,2.89,2.8,2.75,7,2.0,2.0,1.0,1.0,4.0,4.0,0.0,4.0,3.0,1.0,0.0,1.0,-1.0,0.0,0.0,0.0,1.0,0.0,1.0,66.7,16.7,83.3,16.7,1560.1,1680.1
2025-07-23,2025,Corinthians,Cruzeiro,0.0,0.0,D,U,2.76,2.82,2.86,8,1.0,2.0,1.0,0.0,2.0,4.0,-2.0,2.0,0.0,2.0,0.0,4.0,-4.0,0.0,2.0,-2.0,0.0,0.0,0.0,57.1,28.6,42.9,28.6,1576.5,1602.3
2025-07-23,2025,Ceara,Mirassol,0.0,2.0,A,U,2.12,3.08,3.72,8,1.0,1.0,2.0,0.0,2.0,4.0,-2.0,2.0,2.0,0.0,0.0,2.0,-2.0,1.0,1.0,0.0,0.0,0.0,0.0,57.1,28.6,14.3,28.6,1482.9,1545.4
2025-07-20,2025,Vitoria,Bragantino,1.0,0.0,H,U,2.45,2.94,3.13,7,1.0,2.0,1.0,0.0,2.0,5.0,-3.0,2.0,2.0,0.0,0.0,3.0,-3.0,0.0,1.0,-1.0,0.0,0.0,0.0,33.3,33.3,66.7,16.7,1493.8,1571.2
2025-07-20,2025,Sport Recife,Botafogo RJ,0.0,1.0,A,U,3.71,3.03,2.14,6,0.0,2.0,1.0,0.0,1.0,3.0,-2.0,5.0,0.0,5.0,-4.0,3.0,-7.0,0.0,1.0,-1.0,1.0,0.0,1.0,0.0,60.0,28.6,42.9,1414.1,1661.1
2025-07-20,2025,Sao Paulo,Corinthians,2.0,0.0,H,U,2.17,2.8,3.96,8,1.0,1.0,2.0,0.0,3.0,2.0,1.0,6.0,1.0,5.0,-3.0,1.0,-4.0,0.0,0.0,0.0,2.0,0.0,2.0,28.6,28.6,14.3,42.9,1534.7,1588.1
2025-07-20,2025,Palmeiras,Atletico-MG,3.0,2.0,H,O,1.69,3.36,5.65,7,1.0,1.0,1.0,1.0,2.0,2.0,0.0,3.0,2.0,1.0,-1.0,0.0,-1.0,0.0,0.0,0.0,1.0,0.0,1.0,33.3,33.3,28.6,42.9,1673.0,1570.0
2025-07-20,2025,Internacional,Ceara,1.0,0.0,H,U,1.59,3.63,6.11,7,1.0,1.0,1.0,1.0,2.0,3.0,-1.0,3.0,3.0,0.0,-1.0,0.0,-1.0,0.0,0.0,0.0,1.0,0.0,1.0,50.0,33.3,16.7,50.0,1587.0,1490.2
2025-07-20,2025,Flamengo RJ,Fluminense,1.0,0.0,H,U,1.73,3.27,5.38,8,2.0,1.0,0.0,1.0,7.0,5.0,2.0,0.0,4.0,-4.0,7.0,1.0,6.0,2.0,1.0,1.0,0.0,0.0,0.0,71.4,0.0,33.3,50.0,1671.4,1567.2
2025-07-20,2025,Cruzeiro,Juventude,4.0,0.0,H,O,1.31,4.97,9.77,8,2.0,0.0,0.0,3.0,6.0,1.0,5.0,2.0,9.0,-7.0,4.0,-8.0,12.0,1.0,0.0,1.0,0.0,2.0,-2.0,85.7,0.0,0.0,100.0,1596.0,1459.2
2025-07-19,2025,Vasco,Gremio,1.0,1.0,D,U,2.1,3.1,3.7,8,1.0,1.0,2.0,2.0,3.0,4.0,-1.0,4.0,6.0,-2.0,-1.0,-2.0,1.0,1.0,1.0,0.0,2.0,1.0,1.0,42.9,42.9,16.7,66.7,1506.4,1537.5
2025-07-19,2025,Mirassol,Santos,3.0,0.0,H,O,2.66,3.01,2.78,6,2.0,2.0,0.0,1.0,5.0,4.0,1.0,3.0,3.0,0.0,2.0,1.0,1.0,0.0,0.0,0.0,0.0,0.0,0.0,60.0,0.0,28.6,71.4,1536.5,1497.6
2025-07-19,2025,Fortaleza,Bahia,1.0,1.0,D,U,2.9,3.11,2.5,8,0.0,1.0,3.0,2.0,2.0,3.0,-1.0,6.0,2.0,4.0,-4.0,1.0,-5.0,0.0,1.0,-1.0,1.0,0.0,1.0,28.6,57.1,33.3,50.0,1543.9,1567.9
2025-07-17,2025,Santos,Flamengo RJ,1.0,0.0,H,U,4.36,3.25,1.88,6,0.0,1.0,2.0,1.0,1.0,3.0,-2.0,3.0,2.0,1.0,-2.0,1.0,-3.0,0.0,1.0,-1.0,0.0,0.0,0.0,20.0,40.0,60.0,20.0,1482.3,1686.7
2025-07-17,2025,Fluminense,Cruzeiro,0.0,2.0,A,U,2.33,2.88,3.44,6,2.0,2.0,0.0,0.0,5.0,6.0,-1.0,3.0,0.0,3.0,2.0,6.0,-4.0,0.0,2.0,-2.0,0.0,0.0,0.0,80.0,0.0,33.3,33.3,1576.9,1586.3
2025-07-17,2025,Bragantino,Sao Paulo,2.0,2.0,D,O,2.4,2.85,3.32,8,1.0,0.0,2.0,3.0,2.0,1.0,1.0,5.0,5.0,0.0,-3.0,-4.0,1.0,0.0,0.0,0.0,1.0,1.0,0.0,57.1,28.6,0.0,50.0,1572.3,1533.6
2025-07-17,2025,Botafogo RJ,Vitoria,0.0,0.0,D,U,1.36,4.54,8.77,6,3.0,0.0,0.0,2.0,9.0,1.0,8.0,2.0,3.0,-1.0,7.0,-2.0,9.0,2.0,0.0,2.0,0.0,0.0,0.0,80.0,0.0,0.0,57.1,1665.8,1489.2
2025-07-16,2025,Palmeiras,Mirassol,1.0,1.0,D,U,1.39,4.38,8.26,6,1.0,1.0,2.0,1.0,1.0,3.0,-2.0,3.0,2.0,1.0,-2.0,1.0,-3.0,0.0,1.0,-1.0,1.0,0.0,1.0,40.0,40.0,16.7,33.3,1676.9,1532.6
2025-07-16,2025,Ceara,Corinthians,0.0,1.0,A,U,2.42,2.88,3.26,7,2.0,0.0,1.0,1.0,3.0,2.0,1.0,1.0,3.0,-2.0,2.0,-1.0,3.0,1.0,0.0,1.0,0.0,0.0,0.0,66.7,16.7,0.0,50.0,1497.9,1580.4
2025-07-15,2025,Juventude,Sport Recife,2.0,0.0,H,U,2.74,2.97,2.74,7,0.0,0.0,2.0,3.0,1.0,1.0,0.0,4.0,5.0,-1.0,-3.0,-4.0,1.0,0.0,0.0,0.0,1.0,1.0,0.0,33.3,33.3,0.0,83.3,1449.9,1423.4
2025-07-14,2025,Fortaleza,Ceara,0.0,1.0,A,U,2.22,2.98,3.54,7,1.0,0.0,2.0,2.0,7.0,2.0,5.0,5.0,4.0,1.0,2.0,-2.0,4.0,1.0,0.0,1.0,1.0,0.0,1.0,33.3,50.0,0.0,60.0,1555.9,1485.9
2025-07-14,2025,Cruzeiro,Gremio,4.0,1.0,H,O,1.61,3.63,5.93,7,2.0,1.0,0.0,1.0,4.0,4.0,0.0,2.0,3.0,-1.0,2.0,1.0,1.0,0.0,1.0,-1.0,0.0,0.0,0.0,83.3,0.0,20.0,60.0,1577.2,1546.6
2025-07-13,2025,Corinthians,Bragantino,1.0,2.0,A,O,1.94,3.17,4.19,7,2.0,2.0,0.0,0.0,5.0,5.0,0.0,2.0,2.0,0.0,3.0,3.0,0.0,1.0,1.0,0.0,0.0,0.0,0.0,66.7,16.7,60.0,20.0,1591.3,1561.4
2025-07-13,2025,Bahia,Atletico-MG,2.0,1.0,H,O,2.11,3.03,3.8,7,3.0,2.0,0.0,0.0,5.0,2.0,3.0,2.0,0.0,2.0,3.0,2.0,1.0,0.0,0.0,0.0,0.0,0.0,0.0,66.7,0.0,33.3,33.3,1557.2,1580.6
2025-07-12,2025,Vasco,Botafogo RJ,0.0,2.0,A,U,3.56,3.1,2.15,7,1.0,1.0,2.0,1.0,3.0,1.0,2.0,3.0,1.0,2.0,0.0,0.0,0.0,1.0,0.0,1.0,1.0,0.0,1.0,50.0,33.3,16.7,50.0,1512.4,1659.8
2025-07-12,2025,Internacional,Vitoria,1.0,0.0,H,U,1.54,3.73,6.58,6,1.0,0.0,1.0,2.0,4.0,1.0,3.0,4.0,3.0,1.0,0.0,-2.0,2.0,1.0,0.0,1.0,1.0,0.0,1.0,40.0,40.0,0.0,50.0,1579.3,1496.8
2025-07-12,2025,Flamengo RJ,Sao Paulo,2.0,0.0,H,U,1.44,3.95,8.21,7,2.0,0.0,0.0,2.0,6.0,2.0,4.0,0.0,4.0,-4.0,6.0,-2.0,8.0,1.0,0.0,1.0,0.0,0.0,0.0,66.7,0.0,0.0,40.0,1680.5,1539.7
2025-06-13,2025,Sao Paulo,Vasco,1.0,3.0,A,O,1.84,3.1,4.93,7,1.0,0.0,1.0,3.0,2.0,2.0,0.0,3.0,5.0,-2.0,-1.0,-3.0,2.0,0.0,0.0,0.0,1.0,0.0,1.0,33.3,16.7,0.0,100.0,1551.2,1500.9
2025-06-13,2025,Gremio,Corinthians,1.0,1.0,D,U,2.32,2.89,3.45,7,2.0,0.0,0.0,2.0,3.0,1.0,2.0,1.0,6.0,-5.0,2.0,-5.0,7.0,0.0,0.0,0.0,0.0,1.0,-1.0,50.0,16.7,0.0,60.0,1545.3,1592.6
2025-06-13,2025,Atletico-MG,Internacional,2.0,0.0,H,U,1.89,3.26,4.32,6,2.0,0.0,0.0,2.0,4.0,3.0,1.0,2.0,9.0,-7.0,2.0,-6.0,8.0,0.0,0.0,0.0,0.0,2.0,-2.0,40.0,0.0,0.0,33.3,1570.1,1589.9
2025-06-12,2025,Vitoria,Cruzeiro,0.0,0.0,D,U,3.36,3.03,2.28,6,1.0,2.0,1.0,1.0,3.0,6.0,-3.0,3.0,1.0,2.0,0.0,5.0,-5.0,0.0,2.0,-2.0,0.0,0.0,0.0,40.0,40.0,40.0,40.0,1494.4,1579.6
2025-06-12,2025,Fortaleza,Santos,2.0,3.0,A,O,2.23,3.1,3.38,6,1.0,1.0,2.0,2.0,6.0,1.0,5.0,4.0,2.0,2.0,2.0,-1.0,3.0,1.0,0.0,1.0,1.0,0.0,1.0,40.0,40.0,16.7,83.3,1568.7,1469.5
2025-06-12,2025,Bragantino,Bahia,0.0,3.0,A,O,2.23,3.09,3.38,7,2.0,1.0,1.0,2.0,3.0,1.0,2.0,2.0,2.0,0.0,1.0,-1.0,2.0,0.0,0.0,0.0,0.0,0.0,0.0,66.7,16.7,20.0,60.0,1572.2,1546.5
2025-06-05,2025,Botafogo RJ,Ceara,3.0,2.0,H,O,1.56,3.8,6.81,5,2.0,0.0,0.0,2.0,8.0,1.0,7.0,2.0,3.0,-1.0,6.0,-2.0,8.0,2.0,0.0,2.0,0.0,0.0,0.0,75.0,0.0,0.0,50.0,1654.2,1491.5
2025-06-02,2025,Internacional,Fluminense,0.0,2.0,A,U,2.16,3.08,3.74,5,1.0,0.0,1.0,2.0,4.0,3.0,1.0,3.0,6.0,-3.0,1.0,-3.0,4.0,1.0,0.0,1.0,0.0,1.0,-1.0,50.0,25.0,20.0,60.0,1600.9,1565.9
2025-06-01,2025,Vasco,Bragantino,0.0,2.0,A,U,2.43,3.18,3.06,6,1.0,2.0,1.0,0.0,3.0,4.0,-1.0,1.0,2.0,-1.0,2.0,2.0,0.0,1.0,0.0,1.0,0.0,0.0,0.0,60.0,20.0,50.0,25.0,1509.4,1563.7
2025-06-01,2025,Santos,Botafogo RJ,0.0,1.0,A,U,2.1,3.13,3.87,5,1.0,0.0,1.0,2.0,3.0,0.0,3.0,2.0,2.0,0.0,1.0,-2.0,3.0,1.0,0.0,1.0,0.0,0.0,0.0,25.0,25.0,0.0,60.0,1474.9,1648.8
2025-06-01,2025,Mirassol,Sport Recife,1.0,0.0,H,U,1.87,3.34,4.55,5,2.0,0.0,0.0,3.0,8.0,2.0,6.0,4.0,6.0,-2.0,4.0,-4.0,8.0,1.0,0.0,1.0,0.0,1.0,-1.0,50.0,0.0,0.0,80.0,1525.2,1430.7
2025-06-01,2025,Juventude,Gremio,0.0,2.0,A,U,3.16,3.18,2.37,6,0.0,0.0,1.0,2.0,3.0,3.0,0.0,4.0,7.0,-3.0,-1.0,-4.0,3.0,0.0,0.0,0.0,0.0,1.0,-1.0,40.0,20.0,0.0,75.0,1457.7,1537.5
2025-06-01,2025,Flamengo RJ,Fortaleza,5.0,0.0,H,O,1.35,4.88,9.4,6,2.0,0.0,0.0,1.0,5.0,0.0,5.0,0.0,3.0,-3.0,5.0,-3.0,8.0,1.0,0.0,1.0,0.0,1.0,-1.0,60.0,0.0,0.0,40.0,1673.3,1575.9
2025-06-01,2025,Cruzeiro,Palmeiras,2.0,1.0,H,O,3.05,2.89,2.63,6,2.0,3.0,0.0,0.0,3.0,5.0,-2.0,1.0,2.0,-1.0,2.0,3.0,-1.0,0.0,0.0,0.0,0.0,0.0,0.0,80.0,0.0,100.0,0.0,1566.1,1690.3
2025-06-01,2025,Corinthians,Vitoria,0.0,0.0,D,U,1.71,3.34,5.87,6,3.0,0.0,0.0,2.0,7.0,2.0,5.0,3.0,4.0,-1.0,4.0,-2.0,6.0,1.0,0.0,1.0,0.0,0.0,0.0,80.0,20.0,0.0,60.0,1595.5,1491.5
2025-06-01,2025,Ceara,Atletico-MG,0.0,1.0,A,U,2.8,2.89,2.86,6,2.0,1.0,0.0,0.0,4.0,3.0,1.0,1.0,2.0,-1.0,3.0,1.0,2.0,1.0,0.0,1.0,0.0,0.0,0.0,80.0,0.0,20.0,40.0,1499.8,1561.8
2025-05-31,2025,Bahia,Sao Paulo,2.0,1.0,H,O,1.88,3.14,4.91,6,3.0,0.0,0.0,1.0,4.0,3.0,1.0,1.0,4.0,-3.0,3.0,-1.0,4.0,0.0,0.0,0.0,0.0,0.0,0.0,60.0,0.0,0.0,25.0,1535.7,1561.9
2025-05-27,2025,Bragantino,Juventude,1.0,0.0,H,U,1.42,4.35,8.14,6,2.0,0.0,1.0,3.0,3.0,1.0,2.0,2.0,14.0,-12.0,1.0,-13.0,14.0,0.0,0.0,0.0,0.0,3.0,-3.0,60.0,20.0,0.0,100.0,1556.3,1465.1
2025-05-26,2025,Fortaleza,Cruzeiro,0.0,2.0,A,U,2.27,3.1,3.43,5,1.0,1.0,1.0,1.0,6.0,5.0,1.0,2.0,2.0,0.0,4.0,3.0,1.0,1.0,1.0,0.0,0.0,0.0,0.0,50.0,25.0,25.0,50.0,1586.8,1555.2
2025-05-25,2025,Vitoria,Santos,0.0,1.0,A,U,2.23,3.06,3.56,5,2.0,0.0,0.0,3.0,5.0,1.0,4.0,3.0,4.0,-1.0,2.0,-3.0,5.0,0.0,0.0,0.0,0.0,0.0,0.0,50.0,25.0,0.0,100.0,1502.6,1463.8
2025-05-25,2025,Sport Recife,Internacional,1.0,1.0,D,U,2.56,3.05,2.98,5,0.0,0.0,2.0,2.0,0.0,3.0,-3.0,5.0,9.0,-4.0,-5.0,-6.0,1.0,0.0,0.0,0.0,1.0,2.0,-1.0,0.0,75.0,0.0,40.0,1426.0,1605.6
2025-05-25,2025,Palmeiras,Flamengo RJ,0.0,2.0,A,U,2.23,3.04,3.59,5,2.0,1.0,1.0,1.0,3.0,3.0,0.0,1.0,2.0,-1.0,2.0,1.0,1.0,1.0,1.0,0.0,0.0,0.0,0.0,50.0,25.0,50.0,25.0,1701.5,1662.1
2025-05-25,2025,Gremio,Bahia,1.0,0.0,H,U,2.46,3.14,3.04,6,1.0,1.0,0.0,2.0,3.0,1.0,2.0,2.0,4.0,-2.0,1.0,-3.0,4.0,0.0,0.0,0.0,0.0,1.0,-1.0,40.0,20.0,25.0,50.0,1527.0,1546.3
2025-05-25,2025,Atletico-MG,Corinthians,0.0,0.0,D,U,1.72,3.47,5.4,5,2.0,0.0,0.0,3.0,6.0,1.0,5.0,4.0,8.0,-4.0,2.0,-7.0,9.0,0.0,0.0,0.0,0.0,2.0,-2.0,50.0,0.0,0.0,75.0,1560.8,1596.5
2025-05-24,2025,Sao Paulo,Mirassol,0.0,2.0,A,U,1.71,3.51,5.39,6,2.0,0.0,0.0,1.0,4.0,3.0,1.0,2.0,4.0,-2.0,2.0,-1.0,3.0,0.0,0.0,0.0,0.0,0.0,0.0,40.0,0.0,0.0,40.0,1573.6,1513.5
2025-05-24,2025,Fluminense,Vasco,2.0,1.0,H,O,1.81,3.35,4.92,5,2.0,0.0,0.0,3.0,4.0,2.0,2.0,2.0,5.0,-3.0,2.0,-3.0,5.0,0.0,0.0,0.0,0.0,0.0,0.0,75.0,0.0,0.0,100.0,1557.0,1518.2
2025-05-19,2025,Internacional,Mirassol,1.0,1.0,D,U,1.68,3.73,5.31,4,2.0,0.0,1.0,1.0,6.0,3.0,3.0,2.0,4.0,-2.0,4.0,-1.0,5.0,2.0,0.0,2.0,0.0,0.0,0.0,66.7,33.3,0.0,50.0,1608.4,1510.8
2025-05-19,2025,Cruzeiro,Atletico-MG,0.0,0.0,D,U,2.54,3.08,2.98,5,3.0,1.0,0.0,1.0,6.0,3.0,3.0,1.0,4.0,-3.0,5.0,-1.0,6.0,1.0,0.0,1.0,0.0,1.0,-1.0,100.0,0.0,25.0,50.0,1555.1,1561.0
2025-05-18,2025,Sao Paulo,Gremio,2.0,1.0,H,O,1.64,3.69,5.84,5,1.0,0.0,0.0,2.0,3.0,2.0,1.0,2.0,7.0,-5.0,1.0,-5.0,6.0,0.0,0.0,0.0,0.0,2.0,-2.0,25.0,0.0,0.0,66.7,1564.5,1536.2
2025-05-18,2025,Juventude,Fluminense,1.0,1.0,D,U,3.8,3.28,2.09,5,1.0,1.0,1.0,2.0,4.0,4.0,0.0,4.0,5.0,-1.0,0.0,-1.0,1.0,0.0,1.0,-1.0,0.0,1.0,-1.0,50.0,25.0,25.0,75.0,1462.4,1559.8
2025-05-18,2025,Flamengo RJ,Botafogo RJ,0.0,0.0,D,U,1.74,3.48,5.17,5,3.0,0.0,0.0,3.0,11.0,0.0,11.0,0.0,3.0,-3.0,11.0,-3.0,14.0,2.0,0.0,2.0,0.0,0.0,0.0,75.0,0.0,0.0,75.0,1662.5,1648.4
2025-05-18,2025,Corinthians,Santos,1.0,0.0,H,U,2.08,3.08,4.03,5,2.0,0.0,1.0,3.0,6.0,1.0,5.0,5.0,4.0,1.0,1.0,-3.0,4.0,1.0,0.0,1.0,1.0,0.0,1.0,75.0,25.0,0.0,100.0,1589.8,1470.4
2025-05-18,2025,Bragantino,Palmeiras,1.0,2.0,A,O,3.93,3.18,2.07,5,3.0,3.0,0.0,0.0,3.0,4.0,-1.0,0.0,1.0,-1.0,3.0,3.0,0.0,0.0,0.0,0.0,0.0,0.0,0.0,75.0,0.0,100.0,0.0,1562.7,1695.1
2025-05-18,2025,Bahia,Vitoria,2.0,1.0,H,O,1.72,3.48,5.39,5,2.0,0.0,0.0,1.0,3.0,3.0,0.0,1.0,4.0,-3.0,2.0,-1.0,3.0,0.0,0.0,0.0,0.0,0.0,0.0,50.0,0.0,0.0,50.0,1537.0,1511.9
2025-05-17,2025,Vasco,Fortaleza,3.0,0.0,H,O,2.48,2.98,3.19,5,1.0,0.0,1.0,1.0,3.0,1.0,2.0,2.0,2.0,0.0,1.0,-1.0,2.0,1.0,0.0,1.0,0.0,0.0,0.0,50.0,25.0,0.0,25.0,1505.6,1599.5
2025-05-17,2025,Ceara,Sport Recife,2.0,0.0,H,U,1.92,3.26,4.46,5,2.0,0.0,0.0,3.0,4.0,3.0,1.0,2.0,7.0,-5.0,2.0,-4.0,6.0,0.0,0.0,0.0,0.0,1.0,-1.0,75.0,0.0,0.0,75.0,1491.4,1434.3
2025-05-13,2025,Santos,Ceara,0.0,0.0,D,U,2.42,2.93,3.35,4,1.0,0.0,1.0,2.0,5.0,3.0,2.0,4.0,5.0,-1.0,1.0,-2.0,3.0,1.0,0.0,1.0,0.0,0.0,0.0,33.3,33.3,0.0,66.7,1469.8,1492.0
2025-05-12,2025,Botafogo RJ,Internacional,4.0,0.0,H,O,1.72,3.52,5.32,4,2.0,0.0,0.0,1.0,6.0,3.0,3.0,2.0,5.0,-3.0,4.0,-2.0,6.0,2.0,0.0,2.0,0.0,1.0,-1.0,66.7,0.0,0.0,25.0,1639.0,1617.8
2025-05-11,2025,Sport Recife,Cruzeiro,0.0,4.0,A,O,2.5,2.98,3.12,4,0.0,0.0,2.0,2.0,1.0,1.0,0.0,3.0,5.0,-2.0,-2.0,-4.0,2.0,0.0,0.0,0.0,0.0,1.0,-1.0,0.0,66.7,0.0,66.7,1441.4,1548.0
2025-05-11,2025,Palmeiras,Sao Paulo,1.0,0.0,H,U,1.76,3.33,5.36,4,1.0,0.0,1.0,0.0,2.0,3.0,-1.0,1.0,3.0,-2.0,1.0,0.0,1.0,1.0,0.0,1.0,0.0,0.0,0.0,33.3,33.3,0.0,0.0,1688.4,1571.2
2025-05-11,2025,Flamengo RJ,Bahia,1.0,0.0,H,U,1.39,4.54,8.57,4,2.0,1.0,0.0,1.0,11.0,3.0,8.0,1.0,5.0,-4.0,10.0,-2.0,12.0,2.0,0.0,2.0,0.0,1.0,-1.0,66.7,0.0,33.3,33.3,1655.6,1543.9
2025-05-11,2025,Atletico-MG,Fluminense,3.0,2.0,H,O,1.93,3.22,4.4,4,1.0,1.0,0.0,2.0,3.0,2.0,1.0,2.0,4.0,-2.0,1.0,-2.0,3.0,0.0,1.0,-1.0,0.0,2.0,-2.0,33.3,0.0,33.3,66.7,1550.4,1570.3
2025-05-10,2025,Vitoria,Vasco,2.0,1.0,H,O,1.98,3.31,4.04,4,1.0,0.0,1.0,3.0,4.0,1.0,3.0,4.0,6.0,-2.0,0.0,-5.0,5.0,0.0,0.0,0.0,0.0,1.0,-1.0,33.3,33.3,0.0,100.0,1501.5,1516.0
2025-05-10,2025,Mirassol,Corinthians,2.0,1.0,H,O,2.88,3.02,2.66,4,1.0,0.0,0.0,2.0,7.0,1.0,6.0,4.0,7.0,-3.0,3.0,-6.0,9.0,1.0,0.0,1.0,0.0,2.0,-2.0,33.3,0.0,0.0,66.7,1497.8,1602.8
2025-05-10,2025,Gremio,Bragantino,1.0,1.0,D,U,2.64,3.13,2.79,5,1.0,2.0,1.0,1.0,2.0,4.0,-2.0,3.0,3.0,0.0,-1.0,1.0,-2.0,0.0,0.0,0.0,1.0,0.0,1.0,50.0,25.0,66.7,33.3,1535.4,1563.5
2025-05-10,2025,Fortaleza,Juventude,5.0,0.0,H,O,1.58,3.93,5.97,4,1.0,0.0,1.0,3.0,3.0,1.0,2.0,2.0,11.0,-9.0,1.0,-10.0,11.0,1.0,0.0,1.0,0.0,3.0,-3.0,33.3,33.3,0.0,100.0,1592.9,1469.0
2025-05-06,2025,Juventude,Atletico-MG,0.0,1.0,A,U,3.36,3.16,2.27,4,2.0,0.0,0.0,2.0,6.0,3.0,3.0,3.0,6.0,-3.0,3.0,-3.0,6.0,1.0,0.0,1.0,0.0,1.0,-1.0,66.7,0.0,0.0,66.7,1477.1,1542.3
2025-05-05,2025,Bragantino,Mirassol,1.0,0.0,H,U,1.82,3.38,4.75,4,2.0,0.0,0.0,1.0,4.0,4.0,0.0,2.0,5.0,-3.0,2.0,-1.0,3.0,0.0,0.0,0.0,0.0,0.0,0.0,66.7,0.0,0.0,33.3,1554.8,1506.4
2025-05-04,2025,Vasco,Palmeiras,0.0,1.0,A,U,6.42,3.64,1.6,4,2.0,3.0,0.0,0.0,5.0,5.0,0.0,2.0,2.0,0.0,3.0,3.0,0.0,1.0,0.0,1.0,0.0,0.0,0.0,66.7,0.0,100.0,0.0,1521.7,1682.7
2025-05-04,2025,Gremio,Santos,1.0,0.0,H,U,2.27,3.1,3.43,4,1.0,0.0,1.0,3.0,3.0,2.0,1.0,4.0,5.0,-1.0,-1.0,-3.0,2.0,0.0,0.0,0.0,1.0,0.0,1.0,33.3,33.3,0.0,100.0,1526.7,1478.4
2025-05-04,2025,Cruzeiro,Flamengo RJ,2.0,1.0,H,O,4.67,3.26,1.88,4,3.0,2.0,0.0,0.0,6.0,4.0,2.0,1.0,1.0,0.0,5.0,3.0,2.0,1.0,1.0,0.0,0.0,0.0,0.0,100.0,0.0,66.7,0.0,1534.3,1669.3
2025-05-04,2025,Bahia,Botafogo RJ,1.0,0.0,H,U,1.98,3.36,3.94,4,1.0,0.0,0.0,2.0,3.0,0.0,3.0,2.0,2.0,0.0,1.0,-2.0,3.0,0.0,0.0,0.0,0.0,0.0,0.0,33.3,0.0,0.0,66.7,1530.5,1652.4
2025-05-03,2025,Sao Paulo,Fortaleza,0.0,0.0,D,U,1.85,3.19,4.98,4,1.0,0.0,0.0,1.0,3.0,2.0,1.0,2.0,3.0,-1.0,1.0,-1.0,2.0,0.0,0.0,0.0,0.0,0.0,0.0,33.3,0.0,0.0,33.3,1570.5,1593.6
2025-05-03,2025,Fluminense,Sport Recife,2.0,1.0,H,O,1.75,3.45,5.17,4,2.0,0.0,0.0,2.0,4.0,2.0,2.0,2.0,5.0,-3.0,2.0,-3.0,5.0,0.0,0.0,0.0,0.0,1.0,-1.0,66.7,0.0,0.0,66.7,1563.5,1448.1
2025-05-03,2025,Corinthians,Internacional,4.0,2.0,H,O,2.62,2.89,3.06,4,2.0,0.0,1.0,0.0,5.0,2.0,3.0,3.0,2.0,1.0,2.0,0.0,2.0,1.0,0.0,1.0,1.0,0.0,1.0,66.7,33.3,0.0,0.0,1591.7,1628.8
2025-05-03,2025,Ceara,Vitoria,1.0,0.0,H,U,2.26,2.86,3.82,4,2.0,0.0,0.0,1.0,5.0,3.0,2.0,2.0,5.0,-3.0,3.0,-2.0,5.0,1.0,0.0,1.0,0.0,1.0,-1.0,66.7,0.0,0.0,33.3,1481.1,1512.4
2025-04-28,2025,Santos,Bragantino,1.0,2.0,A,O,2.17,3.18,3.58,3,,,,,,,,,,,,,,,,,,,,50.0,0.0,50.0,50.0,1486.7,1546.5
2025-04-27,2025,Vitoria,Gremio,1.0,1.0,D,U,2.37,3.07,3.26,3,,,,,,,,,,,,,,,,,,,,50.0,50.0,0.0,100.0,1511.9,1527.2
2025-04-27,2025,Sport Recife,Fortaleza,0.0,0.0,D,U,2.05,3.28,3.82,3,,,,,,,,,,,,,,,,,,,,0.0,100.0,0.0,50.0,1444.0,1597.7
2025-04-27,2025,Palmeiras,Bahia,0.0,1.0,A,U,1.55,4.04,6.22,3,,,,,,,,,,,,,,,,,,,,50.0,0.0,0.0,50.0,1697.5,1515.7
2025-04-27,2025,Flamengo RJ,Corinthians,4.0,0.0,H,O,1.48,4.11,7.29,3,,,,,,,,,,,,,,,,,,,,50.0,0.0,0.0,50.0,1661.1,1600.0
2025-04-27,2025,Cruzeiro,Vasco,1.0,0.0,H,U,2.23,3.01,3.63,3,,,,,,,,,,,,,,,,,,,,100.0,0.0,0.0,100.0,1524.1,1531.9
2025-04-27,2025,Botafogo RJ,Fluminense,2.0,0.0,H,U,2.14,3.02,3.87,3,,,,,,,,,,,,,,,,,,,,50.0,0.0,50.0,50.0,1644.4,1571.5
2025-04-26,2025,Mirassol,Atletico-MG,2.0,2.0,D,O,3.24,3.04,2.4,3,,,,,,,,,,,,,,,,,,,,50.0,0.0,0.0,100.0,1505.3,1543.3
2025-04-26,2025,Internacional,Juventude,3.0,1.0,H,O,1.4,4.6,8.21,3,,,,,,,,,,,,,,,,,,,,50.0,50.0,0.0,100.0,1622.6,1483.3
2025-04-26,2025,Ceara,Sao Paulo,1.0,1.0,D,U,2.35,2.82,3.64,3,,,,,,,,,,,,,,,,,,,,100.0,0.0,0.0,0.0,1478.5,1573.2
2025-04-22,2025,Bahia,Ceara,1.0,0.0,H,U,1.79,3.63,4.54,3,,,,,,,,,,,,,,,,,,,,0.0,0.0,0.0,50.0,1506.3,1487.9
2025-04-21,2025,Bragantino,Cruzeiro,1.0,0.0,H,U,2.18,3.23,3.5,3,,,,,,,,,,,,,,,,,,,,50.0,0.0,0.0,50.0,1536.6,1534.0
2025-04-20,2025,Sao Paulo,Santos,2.0,1.0,H,O,2.34,2.93,3.52,3,,,,,,,,,,,,,,,,,,,,0.0,0.0,0.0,100.0,1565.2,1494.7
2025-04-20,2025,Juventude,Mirassol,2.0,2.0,D,O,2.35,3.04,3.34,3,,,,,,,,,,,,,,,,,,,,100.0,0.0,0.0,50.0,1482.6,1506.0
2025-04-20,2025,Gremio,Internacional,1.0,1.0,D,U,3.38,2.93,2.39,3,,,,,,,,,,,,,,,,,,,,50.0,50.0,0.0,0.0,1524.3,1625.5
2025-04-20,2025,Fortaleza,Palmeiras,1.0,2.0,A,O,4.13,3.18,2.01,3,,,,,,,,,,,,,,,,,,,,50.0,0.0,100.0,0.0,1605.3,1689.9
2025-04-20,2025,Fluminense,Vitoria,1.0,1.0,D,U,1.67,3.47,5.99,3,,,,,,,,,,,,,,,,,,,,100.0,0.0,0.0,50.0,1573.3,1510.1
2025-04-20,2025,Atletico-MG,Botafogo RJ,1.0,0.0,H,U,2.22,3.27,3.35,3,,,,,,,,,,,,,,,,,,,,0.0,0.0,0.0,50.0,1529.8,1658.0
2025-04-19,2025,Vasco,Flamengo RJ,0.0,0.0,D,U,8.45,4.31,1.41,3,,,,,,,,,,,,,,,,,,,,100.0,0.0,100.0,0.0,1528.2,1664.8
2025-04-19,2025,Corinthians,Sport Recife,2.0,1.0,H,O,1.73,3.47,5.27,3,,,,,,,,,,,,,,,,,,,,50.0,50.0,0.0,50.0,1593.9,1450.1
2025-04-18,2025,Cruzeiro,Bahia,3.0,0.0,H,O,2.3,3.07,3.42,2,,,,,,,,,,,,,,,,,,,,100.0,0.0,0.0,0.0,1524.3,1516.0
2025-04-17,2025,Vitoria,Fortaleza,2.0,1.0,H,O,2.35,3.04,3.32,2,,,,,,,,,,,,,,,,,,,,0.0,100.0,0.0,0.0,1496.8,1618.7
2025-04-17,2025,Santos,Atletico-MG,2.0,0.0,H,U,2.44,3.13,3.08,2,,,,,,,,,,,,,,,,,,,,0.0,0.0,0.0,100.0,1483.1,1541.5
2025-04-17,2025,Flamengo RJ,Juventude,6.0,0.0,H,O,1.21,6.39,14.52,2,,,,,,,,,,,,,,,,,,,,0.0,0.0,0.0,100.0,1659.4,1488.1
2025-04-16,2025,Sport Recife,Bragantino,0.0,1.0,A,U,2.37,3.18,3.17,2,,,,,,,,,,,,,,,,,,,,0.0,100.0,0.0,100.0,1458.1,1528.6
2025-04-16,2025,Mirassol,Gremio,4.0,1.0,H,O,2.97,2.99,2.6,2,,,,,,,,,,,,,,,,,,,,0.0,0.0,0.0,100.0,1494.9,1535.5
2025-04-16,2025,Internacional,Palmeiras,0.0,1.0,A,U,2.75,2.94,2.85,2,,,,,,,,,,,,,,,,,,,,100.0,0.0,100.0,0.0,1634.1,1681.2
2025-04-16,2025,Corinthians,Fluminense,0.0,2.0,A,U,2.19,3.01,3.8,2,,,,,,,,,,,,,,,,,,,,100.0,0.0,0.0,100.0,1605.1,1562.0
2025-04-16,2025,Ceara,Vasco,2.0,1.0,H,O,2.22,3.16,3.48,2,,,,,,,,,,,,,,,,,,,,100.0,0.0,0.0,100.0,1476.1,1540.0
2025-04-16,2025,Botafogo RJ,Sao Paulo,2.0,2.0,D,O,1.83,3.28,4.9,2,,,,,,,,,,,,,,,,,,,,100.0,0.0,0.0,0.0,1660.7,1562.4
2025-04-14,2025,Fortaleza,Internacional,0.0,0.0,D,U,3.0,3.09,2.52,2,,,,,,,,,,,,,,,,,,,,100.0,0.0,0.0,0.0,1618.2,1634.6
2025-04-14,2025,Atletico-MG,Vitoria,2.0,2.0,D,O,1.56,3.81,6.64,2,,,,,,,,,,,,,,,,,,,,0.0,0.0,0.0,100.0,1542.8,1495.4
2025-04-13,2025,Vasco,Sport Recife,3.0,1.0,H,O,1.94,3.35,4.16,2,,,,,,,,,,,,,,,,,,,,100.0,0.0,0.0,0.0,1531.9,1466.2
2025-04-13,2025,Sao Paulo,Cruzeiro,1.0,1.0,D,U,1.88,3.14,4.87,2,,,,,,,,,,,,,,,,,,,,0.0,0.0,0.0,100.0,1563.6,1523.1
2025-04-13,2025,Gremio,Flamengo RJ,0.0,2.0,A,U,4.47,3.43,1.85,2,,,,,,,,,,,,,,,,,,,,100.0,0.0,100.0,0.0,1542.4,1652.5
2025-04-13,2025,Fluminense,Santos,1.0,0.0,H,U,1.79,3.27,5.21,2,,,,,,,,,,,,,,,,,,,,100.0,0.0,0.0,100.0,1553.8,1491.3
2025-04-13,2025,Bahia,Mirassol,1.0,1.0,D,U,1.5,4.05,7.06,2,,,,,,,,,,,,,,,,,,,,0.0,0.0,0.0,100.0,1516.7,1494.2
2025-04-12,2025,Palmeiras,Corinthians,2.0,0.0,H,U,1.76,3.44,5.14,2,,,,,,,,,,,,,,,,,,,,0.0,0.0,0.0,0.0,1672.9,1613.4
2025-04-12,2025,Juventude,Ceara,2.0,1.0,H,O,2.27,3.09,3.44,2,,,,,,,,,,,,,,,,,,,,100.0,0.0,0.0,0.0,1477.8,1486.4
2025-04-12,2025,Bragantino,Botafogo RJ,1.0,0.0,H,U,2.97,3.06,2.56,2,,,,,,,,,,,,,,,,,,,,0.0,0.0,0.0,0.0,1514.3,1675.0
2025-04-07,2025,Santos,Bahia,2.0,2.0,D,O,2.1,3.13,3.86,1,,,,,,,,,,,,,,,,,,,,,,,,1490.5,1517.4
2025-04-06,2025,Vitoria,Flamengo RJ,1.0,2.0,A,O,5.15,3.32,1.79,1,,,,,,,,,,,,,,,,,,,,,,,,1501.5,1646.4
2025-04-06,2025,Sport Recife,Palmeiras,1.0,2.0,A,O,3.15,2.98,2.49,1,,,,,,,,,,,,,,,,,,,,,,,,1471.1,1668.1
2025-04-06,2025,Mirassol,Fortaleza,1.0,1.0,D,U,2.34,2.99,3.43,1,,,,,,,,,,,,,,,,,,,,,,,,1490.6,1621.8
2025-04-06,2025,Internacional,Cruzeiro,3.0,0.0,H,O,1.62,3.66,6.14,1,,,,,,,,,,,,,,,,,,,,,,,,1627.3,1530.4
2025-04-06,2025,Fluminense,Bragantino,2.0,1.0,H,O,1.83,3.36,4.78,1,,,,,,,,,,,,,,,,,,,,,,,,1544.4,1523.7
2025-04-06,2025,Botafogo RJ,Juventude,2.0,0.0,H,U,1.4,4.52,8.59,1,,,,,,,,,,,,,,,,,,,,,,,,1670.0,1482.9
2025-04-06,2025,Atletico-MG,Sao Paulo,0.0,0.0,D,U,2.0,3.05,4.42,1,,,,,,,,,,,,,,,,,,,,,,,,1542.2,1564.2
2025-04-05,2025,Corinthians,Vasco,3.0,0.0,H,O,1.58,3.89,6.16,1,,,,,,,,,,,,,,,,,,,,,,,,1605.3,1540.0
2025-04-05,2025,Ceara,Gremio,2.0,0.0,H,U,2.1,3.18,3.8,1,,,,,,,,,,,,,,,,,,,,,,,,1474.1,1554.7
2025-04-01,2025,Bragantino,Ceara,2.0,2.0,D,O,1.96,3.32,4.1,1,,,,,,,,,,,,,,,,,,,,,,,,1525.2,1472.6
2025-03-31,2025,Bahia,Corinthians,1.0,1.0,D,U,1.82,3.48,4.61,1,,,,,,,,,,,,,,,,,,,,,,,,1514.8,1607.9
2025-03-30,2025,Vasco,Santos,2.0,1.0,H,O,2.33,3.07,3.34,1,,,,,,,,,,,,,,,,,,,,,,,,1530.9,1499.6
2025-03-30,2025,Palmeiras,Botafogo RJ,0.0,0.0,D,U,1.67,3.6,5.7,1,,,,,,,,,,,,,,,,,,,,,,,,1668.0,1670.0
2025-03-30,2025,Flamengo RJ,Internacional,1.0,1.0,D,U,1.79,3.47,4.79,1,,,,,,,,,,,,,,,,,,,,,,,,1647.0,1626.7
2025-03-29,2025,Sao Paulo,Sport Recife,0.0,0.0,D,U,1.75,3.37,5.38,1,,,,,,,,,,,,,,,,,,,,,,,,1567.0,1468.3
2025-03-29,2025,Juventude,Vitoria,2.0,0.0,H,U,2.19,3.13,3.58,1,,,,,,,,,,,,,,,,,,,,,,,,1471.7,1512.6
2025-03-29,2025,Gremio,Atletico-MG,2.0,1.0,H,O,2.68,3.02,2.85,1,,,,,,,,,,,,,,,,,,,,,,,,1544.5,1552.4
2025-03-29,2025,Fortaleza,Fluminense,2.0,0.0,H,U,2.46,2.98,3.21,1,,,,,,,,,,,,,,,,,,,,,,,,1613.6,1552.7
2025-03-29,2025,Cruzeiro,Mirassol,2.0,1.0,H,O,1.58,3.66,6.75,1,,,,,,,,,,,,,,,,,,,,,,,,1521.0,1500.0
2024-12-08,2024,Palmeiras,Fluminense,0.0,1.0,A,U,1.46,4.41,6.74,19,1.0,0.0,1.0,2.0,4.0,2.0,2.0,5.0,5.0,0.0,-1.0,-3.0,2.0,0.0,0.0,0.0,1.0,1.0,0.0,66.7,22.2,22.2,66.7,1681.9,1538.8
2024-12-08,2024,Juventude,Cruzeiro,0.0,1.0,A,U,2.13,3.37,3.44,19,1.0,0.0,1.0,2.0,3.0,2.0,1.0,5.0,6.0,-1.0,-2.0,-4.0,2.0,0.0,0.0,0.0,1.0,1.0,0.0,44.4,22.2,16.7,55.6,1480.8,1511.9
2024-12-08,2024,Gremio,Corinthians,0.0,3.0,A,O,2.67,3.34,2.61,19,2.0,3.0,0.0,0.0,7.0,7.0,0.0,4.0,3.0,1.0,3.0,4.0,-1.0,1.0,1.0,0.0,0.0,0.0,0.0,50.0,38.9,22.2,61.1,1553.2,1599.2
2024-12-08,2024,Fortaleza,Internacional,3.0,0.0,H,O,2.59,3.18,2.8,19,1.0,2.0,0.0,1.0,4.0,6.0,-2.0,1.0,4.0,-3.0,3.0,2.0,1.0,1.0,1.0,0.0,0.0,0.0,0.0,72.2,0.0,38.9,27.8,1602.6,1637.7
2024-12-08,2024,Flamengo RJ,Vitoria,2.0,2.0,D,O,1.37,5.02,7.66,19,2.0,2.0,0.0,0.0,7.0,4.0,3.0,4.0,2.0,2.0,3.0,2.0,1.0,1.0,0.0,1.0,0.0,0.0,0.0,61.1,16.7,27.8,50.0,1650.9,1508.8
2024-12-08,2024,Cuiaba,Vasco,1.0,2.0,A,O,3.52,3.16,2.19,19,0.0,0.0,3.0,3.0,2.0,1.0,1.0,5.0,9.0,-4.0,-3.0,-8.0,5.0,0.0,0.0,0.0,0.0,3.0,-3.0,16.7,55.6,16.7,66.7,1456.4,1522.8
2024-12-08,2024,Bragantino,Criciuma,5.0,1.0,H,O,1.38,4.81,7.85,19,0.0,0.0,0.0,2.0,2.0,1.0,1.0,2.0,4.0,-2.0,0.0,-3.0,3.0,0.0,0.0,0.0,0.0,1.0,-1.0,38.9,22.2,22.2,61.1,1516.5,1472.9
2024-12-08,2024,Botafogo RJ,Sao Paulo,2.0,1.0,H,O,1.26,5.24,13.76,19,1.0,1.0,0.0,1.0,4.0,5.0,-1.0,1.0,3.0,-2.0,3.0,2.0,1.0,1.0,1.0,0.0,0.0,0.0,0.0,61.1,11.1,27.8,44.4,1662.5,1574.5
2024-12-08,2024,Bahia,Atletico GO,2.0,0.0,H,U,1.42,4.72,7.09,19,0.0,0.0,2.0,2.0,2.0,3.0,-1.0,6.0,7.0,-1.0,-4.0,-4.0,0.0,0.0,0.0,0.0,1.0,2.0,-1.0,55.6,27.8,11.1,66.7,1506.5,1446.0
2024-12-08,2024,Atletico-MG,Athletico-PR,1.0,0.0,H,U,2.07,3.09,3.99,19,0.0,0.0,2.0,2.0,3.0,2.0,1.0,6.0,4.0,2.0,-3.0,-2.0,-1.0,0.0,0.0,0.0,1.0,0.0,1.0,33.3,27.8,22.2,50.0,1543.7,1501.0
2024-12-05,2024,Internacional,Botafogo RJ,0.0,1.0,A,U,2.72,3.24,2.62,19,3.0,2.0,0.0,0.0,8.0,4.0,4.0,1.0,1.0,0.0,7.0,3.0,4.0,3.0,1.0,2.0,0.0,0.0,0.0,61.1,11.1,55.6,16.7,1647.6,1652.6
2024-12-05,2024,Fluminense,Cuiaba,1.0,0.0,H,U,1.37,4.46,9.8,19,0.0,0.0,0.0,0.0,4.0,1.0,3.0,4.0,1.0,3.0,0.0,0.0,0.0,0.0,0.0,0.0,0.0,0.0,0.0,33.3,22.2,16.7,44.4,1530.7,1464.5
2024-12-05,2024,Cruzeiro,Palmeiras,1.0,2.0,A,O,3.91,3.37,1.98,19,1.0,2.0,1.0,1.0,3.0,3.0,0.0,3.0,3.0,0.0,0.0,0.0,0.0,0.0,0.0,0.0,0.0,1.0,-1.0,55.6,16.7,50.0,22.2,1517.6,1676.2
2024-12-05,2024,Atletico GO,Fortaleza,3.0,1.0,H,O,2.59,3.27,2.75,19,1.0,1.0,1.0,1.0,1.0,5.0,-4.0,1.0,4.0,-3.0,0.0,1.0,-1.0,0.0,1.0,-1.0,0.0,1.0,-1.0,22.2,50.0,27.8,38.9,1431.1,1617.5
2024-12-05,2024,Athletico-PR,Bragantino,1.0,2.0,A,O,2.12,3.24,3.59,19,2.0,0.0,0.0,2.0,4.0,1.0,3.0,1.0,5.0,-4.0,3.0,-4.0,7.0,1.0,0.0,1.0,0.0,1.0,-1.0,38.9,38.9,5.6,55.6,1511.2,1506.3
2024-12-04,2024,Vitoria,Gremio,1.0,1.0,D,U,2.4,3.11,3.15,19,2.0,0.0,1.0,1.0,5.0,3.0,2.0,3.0,4.0,-1.0,2.0,-1.0,3.0,1.0,0.0,1.0,0.0,0.0,0.0,44.4,44.4,16.7,50.0,1507.4,1554.5
2024-12-04,2024,Vasco,Atletico-MG,2.0,0.0,H,U,2.98,2.92,2.64,19,1.0,0.0,1.0,1.0,5.0,2.0,3.0,5.0,3.0,2.0,0.0,-1.0,1.0,0.0,0.0,0.0,0.0,0.0,0.0,50.0,22.2,22.2,38.9,1511.6,1554.9
2024-12-04,2024,Sao Paulo,Juventude,1.0,2.0,A,O,1.7,3.73,5.0,19,2.0,1.0,0.0,1.0,7.0,7.0,0.0,3.0,8.0,-5.0,4.0,-1.0,5.0,1.0,0.0,1.0,0.0,1.0,-1.0,66.7,16.7,11.1,55.6,1587.9,1467.5
2024-12-04,2024,Criciuma,Flamengo RJ,0.0,3.0,A,O,3.12,3.61,2.19,19,0.0,2.0,2.0,0.0,3.0,3.0,0.0,6.0,1.0,5.0,-3.0,2.0,-5.0,0.0,0.0,0.0,1.0,0.0,1.0,27.8,27.8,44.4,27.8,1478.4,1645.3
2024-12-03,2024,Corinthians,Bahia,3.0,0.0,H,O,1.68,3.94,4.83,19,3.0,1.0,0.0,2.0,7.0,5.0,2.0,2.0,6.0,-4.0,5.0,-1.0,6.0,2.0,0.0,2.0,0.0,0.0,0.0,50.0,5.6,22.2,50.0,1591.4,1514.4
2024-12-01,2024,Vitoria,Fortaleza,2.0,0.0,H,U,2.24,3.13,3.42,18,2.0,1.0,1.0,0.0,4.0,7.0,-3.0,3.0,4.0,-1.0,1.0,3.0,-2.0,0.0,1.0,-1.0,0.0,0.0,0.0,41.2,47.1,29.4,35.3,1493.7,1631.2
2024-12-01,2024,Vasco,Atletico GO,2.0,2.0,D,O,1.9,3.4,4.23,18,2.0,0.0,1.0,3.0,4.0,1.0,3.0,3.0,7.0,-4.0,1.0,-6.0,7.0,0.0,0.0,0.0,0.0,3.0,-3.0,52.9,23.5,11.8,70.6,1514.0,1428.6
2024-12-01,2024,Gremio,Sao Paulo,2.0,1.0,H,O,2.33,3.15,3.2,18,2.0,1.0,0.0,0.0,8.0,5.0,3.0,4.0,2.0,2.0,4.0,3.0,1.0,2.0,1.0,1.0,0.0,0.0,0.0,47.1,41.2,29.4,41.2,1542.9,1599.5
2024-12-01,2024,Flamengo RJ,Internacional,3.0,2.0,H,O,1.91,3.39,4.21,18,1.0,2.0,1.0,0.0,4.0,6.0,-2.0,4.0,3.0,1.0,0.0,3.0,-3.0,1.0,1.0,0.0,1.0,0.0,1.0,58.8,17.6,41.2,23.5,1634.6,1658.3
2024-12-01,2024,Bragantino,Cruzeiro,1.0,1.0,D,U,2.0,3.32,3.91,18,0.0,0.0,1.0,3.0,1.0,1.0,0.0,2.0,6.0,-4.0,-1.0,-5.0,4.0,0.0,0.0,0.0,0.0,1.0,-1.0,41.2,23.5,17.6,58.8,1506.0,1518.0
2024-12-01,2024,Athletico-PR,Fluminense,1.0,1.0,D,U,2.28,2.95,3.58,18,2.0,1.0,1.0,2.0,4.0,3.0,1.0,2.0,4.0,-2.0,2.0,-1.0,3.0,1.0,1.0,0.0,0.0,1.0,-1.0,41.2,41.2,23.5,70.6,1510.6,1531.3
2024-11-30,2024,Cuiaba,Bahia,1.0,2.0,A,O,4.21,3.42,1.9,18,1.0,0.0,2.0,2.0,3.0,4.0,-1.0,3.0,6.0,-3.0,0.0,-2.0,2.0,1.0,0.0,1.0,0.0,0.0,0.0,17.6,52.9,17.6,52.9,1473.6,1505.3
2024-11-30,2024,Criciuma,Corinthians,2.0,4.0,A,O,3.4,3.27,2.19,18,1.0,2.0,1.0,1.0,3.0,4.0,-1.0,2.0,4.0,-2.0,1.0,0.0,1.0,1.0,0.0,1.0,0.0,1.0,-1.0,29.4,23.5,17.6,64.7,1485.7,1584.2
2024-11-28,2024,Cruzeiro,Gremio,1.0,1.0,D,U,1.99,3.31,3.95,18,1.0,0.0,1.0,2.0,3.0,2.0,1.0,3.0,4.0,-1.0,0.0,-2.0,2.0,0.0,0.0,0.0,0.0,0.0,0.0,58.8,17.6,17.6,52.9,1517.2,1543.7
2024-11-27,2024,Palmeiras,Botafogo RJ,1.0,3.0,A,O,2.05,3.24,3.9,18,2.0,2.0,0.0,0.0,5.0,2.0,3.0,3.0,0.0,3.0,2.0,2.0,0.0,0.0,0.0,0.0,0.0,0.0,0.0,70.6,17.6,52.9,17.6,1687.5,1641.3
2024-11-27,2024,Atletico-MG,Juventude,2.0,3.0,A,O,2.55,2.99,3.03,18,1.0,0.0,1.0,1.0,3.0,5.0,-2.0,4.0,7.0,-3.0,-1.0,-2.0,1.0,0.0,0.0,0.0,1.0,1.0,0.0,35.3,23.5,5.9,58.8,1568.1,1454.3
2024-11-26,2024,Fortaleza,Flamengo RJ,0.0,0.0,D,U,3.11,3.2,2.36,18,2.0,2.0,0.0,0.0,5.0,4.0,1.0,1.0,2.0,-1.0,4.0,2.0,2.0,1.0,0.0,1.0,0.0,0.0,0.0,76.5,0.0,47.1,29.4,1631.1,1634.8
2024-11-26,2024,Fluminense,Criciuma,0.0,0.0,D,U,1.63,3.66,5.79,18,1.0,0.0,0.0,2.0,5.0,2.0,3.0,4.0,5.0,-1.0,1.0,-3.0,4.0,0.0,0.0,0.0,0.0,1.0,-1.0,35.3,23.5,23.5,64.7,1532.6,1484.3
2024-11-24,2024,Sao Paulo,Atletico-MG,2.0,2.0,D,O,1.97,3.12,4.34,18,3.0,0.0,0.0,2.0,8.0,0.0,8.0,2.0,2.0,0.0,6.0,-2.0,8.0,2.0,0.0,2.0,0.0,0.0,0.0,70.6,17.6,23.5,41.2,1600.4,1567.1
2024-11-24,2024,Internacional,Bragantino,4.0,1.0,H,O,1.56,4.14,5.69,18,2.0,0.0,0.0,1.0,5.0,1.0,4.0,1.0,2.0,-1.0,4.0,-1.0,5.0,2.0,0.0,2.0,0.0,0.0,0.0,58.8,11.8,5.9,52.9,1652.1,1512.2
2024-11-24,2024,Corinthians,Vasco,3.0,1.0,H,O,1.59,3.91,5.82,18,3.0,0.0,0.0,3.0,9.0,0.0,9.0,3.0,9.0,-6.0,6.0,-9.0,15.0,2.0,0.0,2.0,0.0,3.0,-3.0,47.1,5.9,17.6,64.7,1575.7,1522.4
2024-11-24,2024,Bahia,Athletico-PR,1.0,1.0,D,U,1.7,3.94,4.64,18,0.0,0.0,3.0,3.0,1.0,3.0,-2.0,7.0,8.0,-1.0,-6.0,-5.0,-1.0,0.0,0.0,0.0,2.0,1.0,1.0,58.8,29.4,23.5,52.9,1505.1,1510.7
2024-11-23,2024,Juventude,Cuiaba,1.0,1.0,D,U,1.62,3.72,5.93,18,1.0,0.0,2.0,1.0,5.0,0.0,5.0,9.0,1.0,8.0,-4.0,-1.0,-3.0,0.0,0.0,0.0,2.0,0.0,2.0,47.1,23.5,17.6,47.1,1453.8,1474.2
2024-11-23,2024,Fluminense,Fortaleza,2.0,2.0,D,O,2.06,3.18,3.9,17,2.0,1.0,0.0,1.0,4.0,6.0,-2.0,2.0,5.0,-3.0,2.0,1.0,1.0,0.0,1.0,-1.0,0.0,1.0,-1.0,37.5,25.0,31.2,37.5,1529.7,1634.0
2024-11-23,2024,Botafogo RJ,Vitoria,1.0,1.0,D,U,1.36,4.84,8.74,18,1.0,2.0,0.0,0.0,4.0,5.0,-1.0,1.0,3.0,-2.0,3.0,2.0,1.0,1.0,0.0,1.0,0.0,0.0,0.0,64.7,11.8,29.4,52.9,1645.5,1489.4
2024-11-23,2024,Atletico GO,Palmeiras,0.0,1.0,A,U,8.19,5.09,1.35,18,1.0,2.0,0.0,1.0,1.0,7.0,-6.0,0.0,6.0,-6.0,1.0,1.0,0.0,0.0,1.0,-1.0,0.0,1.0,-1.0,23.5,47.1,47.1,23.5,1432.5,1683.7
2024-11-21,2024,Vasco,Internacional,0.0,1.0,A,U,3.61,3.26,2.11,17,2.0,1.0,0.0,0.0,5.0,7.0,-2.0,3.0,5.0,-2.0,2.0,2.0,0.0,0.0,1.0,-1.0,0.0,0.0,0.0,56.2,18.8,37.5,25.0,1529.2,1645.3
2024-11-21,2024,Atletico-MG,Botafogo RJ,0.0,0.0,D,U,3.99,3.18,2.03,17,1.0,3.0,1.0,0.0,5.0,3.0,2.0,6.0,0.0,6.0,-1.0,3.0,-4.0,0.0,0.0,0.0,1.0,0.0,1.0,37.5,25.0,56.2,18.8,1564.8,1647.9
2024-11-20,2024,Gremio,Juventude,2.0,2.0,D,O,1.81,3.6,4.46,17,2.0,0.0,1.0,2.0,7.0,3.0,4.0,4.0,6.0,-2.0,3.0,-3.0,6.0,2.0,0.0,2.0,0.0,1.0,-1.0,50.0,43.8,6.2,62.5,1546.3,1451.1
2024-11-20,2024,Cuiaba,Flamengo RJ,1.0,2.0,A,O,4.21,3.3,1.94,17,1.0,2.0,1.0,0.0,2.0,4.0,-2.0,1.0,1.0,0.0,1.0,3.0,-2.0,1.0,1.0,0.0,0.0,0.0,0.0,18.8,50.0,43.8,31.2,1480.1,1628.8
2024-11-20,2024,Criciuma,Vitoria,0.0,1.0,A,U,2.13,3.22,3.64,17,1.0,1.0,0.0,1.0,3.0,5.0,-2.0,1.0,6.0,-5.0,2.0,-1.0,3.0,1.0,0.0,1.0,0.0,1.0,-1.0,31.2,18.8,25.0,56.2,1494.7,1479.0
2024-11-20,2024,Corinthians,Cruzeiro,2.0,1.0,H,O,1.47,4.25,6.96,17,2.0,0.0,0.0,2.0,9.0,0.0,9.0,4.0,4.0,0.0,5.0,-4.0,9.0,2.0,0.0,2.0,0.0,1.0,-1.0,43.8,6.2,18.8,56.2,1566.8,1526.0
2024-11-20,2024,Bragantino,Sao Paulo,1.0,1.0,D,U,2.48,3.05,3.09,17,0.0,1.0,1.0,1.0,0.0,4.0,-4.0,1.0,3.0,-2.0,-1.0,1.0,-2.0,0.0,1.0,-1.0,0.0,1.0,-1.0,43.8,25.0,31.2,43.8,1509.5,1603.1
2024-11-20,2024,Bahia,Palmeiras,1.0,2.0,A,O,3.23,3.59,2.14,17,1.0,1.0,2.0,1.0,1.0,5.0,-4.0,5.0,5.0,0.0,-4.0,0.0,-4.0,0.0,1.0,-1.0,2.0,1.0,1.0,62.5,25.0,43.8,25.0,1510.6,1678.2
2024-11-20,2024,Athletico-PR,Atletico GO,2.0,0.0,H,U,1.64,3.82,5.41,17,2.0,0.0,1.0,3.0,5.0,1.0,4.0,2.0,8.0,-6.0,3.0,-7.0,10.0,1.0,0.0,1.0,0.0,3.0,-3.0,37.5,43.8,12.5,68.8,1502.5,1440.7
2024-11-16,2024,Athletico-PR,Atletico-MG,1.0,0.0,H,U,2.29,3.19,3.26,16,1.0,0.0,2.0,1.0,4.0,1.0,3.0,3.0,2.0,1.0,1.0,-1.0,2.0,1.0,0.0,1.0,0.0,0.0,0.0,33.3,46.7,25.0,37.5,1490.0,1577.2
2024-11-13,2024,Flamengo RJ,Atletico-MG,0.0,0.0,D,U,1.98,3.29,4.02,17,2.0,0.0,1.0,2.0,5.0,2.0,3.0,4.0,4.0,0.0,1.0,-2.0,3.0,1.0,0.0,1.0,1.0,0.0,1.0,62.5,18.8,26.7,40.0,1630.3,1575.7
2024-11-10,2024,Sao Paulo,Athletico-PR,2.0,1.0,H,O,1.56,3.89,6.31,17,2.0,0.0,1.0,3.0,7.0,2.0,5.0,4.0,7.0,-3.0,3.0,-5.0,8.0,2.0,0.0,2.0,1.0,1.0,0.0,68.8,18.8,25.0,50.0,1595.8,1497.3
2024-11-09,2024,Vitoria,Corinthians,1.0,2.0,A,O,3.12,3.03,2.47,17,3.0,1.0,0.0,2.0,4.0,3.0,1.0,1.0,5.0,-4.0,3.0,-2.0,5.0,0.0,0.0,0.0,0.0,1.0,-1.0,43.8,43.8,12.5,68.8,1486.9,1558.9
2024-11-09,2024,Palmeiras,Gremio,1.0,0.0,H,U,1.37,5.09,7.68,17,2.0,0.0,0.0,2.0,9.0,3.0,6.0,3.0,5.0,-2.0,6.0,-2.0,8.0,1.0,0.0,1.0,0.0,0.0,0.0,68.8,18.8,18.8,50.0,1671.4,1553.1
2024-11-09,2024,Juventude,Bahia,2.0,1.0,H,O,2.47,3.4,2.79,17,0.0,0.0,2.0,2.0,4.0,4.0,0.0,9.0,8.0,1.0,-5.0,-4.0,-1.0,0.0,0.0,0.0,2.0,1.0,1.0,43.8,25.0,18.8,50.0,1438.7,1523.0
2024-11-09,2024,Fortaleza,Vasco,3.0,0.0,H,O,1.71,3.69,4.97,17,2.0,0.0,0.0,2.0,6.0,1.0,5.0,2.0,7.0,-5.0,4.0,-6.0,10.0,1.0,0.0,1.0,0.0,2.0,-2.0,75.0,0.0,18.8,62.5,1626.6,1536.7
2024-11-09,2024,Cruzeiro,Criciuma,2.0,1.0,H,O,1.63,3.78,5.6,17,0.0,0.0,1.0,2.0,2.0,1.0,1.0,3.0,4.0,-1.0,-1.0,-3.0,2.0,0.0,0.0,0.0,0.0,1.0,-1.0,56.2,18.8,25.0,62.5,1516.4,1504.4
2024-11-09,2024,Botafogo RJ,Cuiaba,0.0,0.0,D,U,1.22,6.0,13.8,17,1.0,0.0,0.0,1.0,4.0,0.0,4.0,1.0,1.0,0.0,3.0,-1.0,4.0,1.0,0.0,1.0,0.0,0.0,0.0,68.8,12.5,18.8,50.0,1652.6,1475.4
2024-11-09,2024,Atletico GO,Bragantino,0.0,0.0,D,U,2.61,3.35,2.67,17,2.0,0.0,0.0,2.0,2.0,1.0,1.0,0.0,5.0,-5.0,2.0,-4.0,6.0,0.0,0.0,0.0,0.0,1.0,-1.0,25.0,50.0,6.2,56.2,1438.6,1511.6
2024-11-08,2024,Internacional,Fluminense,2.0,0.0,H,U,1.47,4.2,7.13,17,2.0,1.0,0.0,2.0,4.0,3.0,1.0,1.0,3.0,-2.0,3.0,0.0,3.0,1.0,1.0,0.0,0.0,0.0,0.0,56.2,12.5,25.0,68.8,1638.1,1536.9
2024-11-07,2024,Cruzeiro,Flamengo RJ,0.0,1.0,A,U,2.55,3.12,2.92,16,0.0,1.0,1.0,1.0,2.0,5.0,-3.0,3.0,4.0,-1.0,-1.0,1.0,-2.0,0.0,1.0,-1.0,0.0,0.0,0.0,60.0,13.3,40.0,33.3,1523.6,1623.1
2024-11-07,2024,Atletico GO,Atletico-MG,1.0,0.0,H,U,2.27,3.2,3.31,16,1.0,0.0,1.0,2.0,1.0,2.0,-1.0,2.0,6.0,-4.0,-1.0,-4.0,3.0,0.0,0.0,0.0,1.0,1.0,0.0,20.0,53.3,28.6,35.7,1424.2,1590.1
2024-11-06,2024,Internacional,Criciuma,2.0,0.0,H,U,1.35,5.05,8.46,16,2.0,1.0,0.0,1.0,5.0,3.0,2.0,2.0,3.0,-1.0,3.0,0.0,3.0,1.0,0.0,1.0,0.0,0.0,0.0,53.3,13.3,26.7,60.0,1631.5,1511.1
2024-11-06,2024,Botafogo RJ,Vasco,3.0,0.0,H,O,1.39,4.75,7.94,16,1.0,0.0,0.0,1.0,3.0,2.0,1.0,2.0,5.0,-3.0,1.0,-3.0,4.0,0.0,0.0,0.0,0.0,1.0,-1.0,66.7,13.3,20.0,60.0,1645.4,1543.9
2024-11-06,2024,Bahia,Sao Paulo,0.0,3.0,A,O,2.28,3.11,3.37,16,2.0,1.0,1.0,1.0,4.0,2.0,2.0,2.0,3.0,-1.0,2.0,-1.0,3.0,1.0,0.0,1.0,1.0,1.0,0.0,66.7,20.0,26.7,46.7,1531.4,1587.4
2024-11-04,2024,Corinthians,Palmeiras,2.0,0.0,H,U,3.14,3.21,2.35,16,2.0,2.0,0.0,0.0,10.0,6.0,4.0,4.0,3.0,1.0,6.0,3.0,3.0,2.0,1.0,1.0,0.0,0.0,0.0,40.0,6.7,46.7,20.0,1545.1,1685.3
2024-11-02,2024,Juventude,Fortaleza,0.0,3.0,A,O,2.52,3.17,2.91,16,1.0,0.0,1.0,1.0,6.0,4.0,2.0,7.0,6.0,1.0,-1.0,-2.0,1.0,0.0,0.0,0.0,1.0,1.0,0.0,46.7,20.0,26.7,40.0,1444.0,1621.3
2024-11-02,2024,Fluminense,Gremio,2.0,2.0,D,O,2.11,3.19,3.71,16,2.0,0.0,1.0,2.0,2.0,1.0,1.0,1.0,3.0,-2.0,1.0,-2.0,3.0,0.0,0.0,0.0,0.0,0.0,0.0,40.0,26.7,20.0,53.3,1536.4,1553.6
2024-11-02,2024,Bragantino,Cuiaba,0.0,0.0,D,U,1.69,3.47,5.76,16,0.0,0.0,1.0,2.0,2.0,0.0,2.0,3.0,2.0,1.0,-1.0,-2.0,1.0,0.0,0.0,0.0,0.0,0.0,0.0,46.7,26.7,20.0,53.3,1512.7,1474.3
2024-11-02,2024,Athletico-PR,Vitoria,1.0,2.0,A,O,1.81,3.39,4.83,15,1.0,1.0,1.0,1.0,4.0,5.0,-1.0,2.0,5.0,-3.0,2.0,0.0,2.0,1.0,1.0,0.0,0.0,1.0,-1.0,35.7,42.9,20.0,60.0,1508.2,1476.0
2024-10-30,2024,Internacional,Flamengo RJ,1.0,1.0,D,U,1.85,3.46,4.39,15,3.0,1.0,0.0,2.0,7.0,5.0,2.0,1.0,5.0,-4.0,6.0,0.0,6.0,2.0,1.0,1.0,0.0,0.0,0.0,57.1,14.3,42.9,35.7,1631.7,1622.9
2024-10-29,2024,Vasco,Bahia,3.0,2.0,H,O,2.8,3.3,2.53,16,1.0,0.0,1.0,2.0,2.0,3.0,-1.0,2.0,7.0,-5.0,0.0,-4.0,4.0,0.0,0.0,0.0,0.0,1.0,-1.0,53.3,20.0,20.0,46.7,1533.6,1541.6
2024-10-28,2024,Cuiaba,Corinthians,0.0,1.0,A,U,3.3,3.01,2.36,16,1.0,0.0,0.0,3.0,2.0,2.0,0.0,0.0,6.0,-6.0,2.0,-4.0,6.0,1.0,0.0,1.0,0.0,1.0,-1.0,20.0,46.7,6.7,73.3,1482.8,1536.6
2024-10-27,2024,Criciuma,Sao Paulo,1.0,1.0,D,U,3.17,3.03,2.4,16,2.0,1.0,0.0,2.0,3.0,1.0,2.0,0.0,4.0,-4.0,3.0,-3.0,6.0,1.0,0.0,1.0,0.0,2.0,-2.0,33.3,20.0,28.6,50.0,1508.8,1589.7
2024-10-26,2024,Vitoria,Fluminense,2.0,1.0,H,O,2.43,2.91,3.33,16,2.0,1.0,1.0,2.0,2.0,3.0,-1.0,1.0,3.0,-2.0,1.0,0.0,1.0,0.0,1.0,-1.0,0.0,0.0,0.0,40.0,46.7,26.7,66.7,1463.6,1548.8
2024-10-26,2024,Palmeiras,Fortaleza,2.0,2.0,D,O,1.36,5.02,8.24,16,3.0,0.0,0.0,2.0,12.0,3.0,9.0,1.0,6.0,-5.0,11.0,-3.0,14.0,2.0,0.0,2.0,0.0,1.0,-1.0,73.3,20.0,28.6,42.9,1687.2,1619.3
2024-10-26,2024,Gremio,Atletico GO,3.0,1.0,H,O,1.56,4.1,5.8,16,2.0,0.0,1.0,3.0,7.0,1.0,6.0,5.0,8.0,-3.0,2.0,-7.0,9.0,1.0,0.0,1.0,0.0,3.0,-3.0,46.7,46.7,13.3,66.7,1546.8,1431.0
2024-10-26,2024,Flamengo RJ,Juventude,4.0,2.0,H,O,1.34,5.03,9.13,16,1.0,0.0,1.0,1.0,2.0,1.0,1.0,3.0,2.0,1.0,-1.0,-1.0,0.0,0.0,0.0,0.0,1.0,0.0,1.0,60.0,20.0,6.7,60.0,1617.4,1449.5
2024-10-26,2024,Bragantino,Botafogo RJ,0.0,1.0,A,U,3.57,3.37,2.09,15,0.0,2.0,0.0,0.0,4.0,2.0,2.0,4.0,0.0,4.0,0.0,2.0,-2.0,0.0,0.0,0.0,0.0,0.0,0.0,50.0,21.4,53.3,20.0,1519.4,1638.7
2024-10-26,2024,Atletico-MG,Internacional,1.0,3.0,A,O,3.49,3.09,2.24,16,2.0,1.0,0.0,0.0,7.0,7.0,0.0,3.0,5.0,-2.0,4.0,2.0,2.0,1.0,1.0,0.0,0.0,0.0,0.0,40.0,20.0,33.3,26.7,1599.4,1622.4
2024-10-26,2024,Athletico-PR,Cruzeiro,3.0,0.0,H,O,1.83,3.46,4.49,14,0.0,0.0,2.0,2.0,1.0,0.0,1.0,4.0,2.0,2.0,-3.0,-2.0,-1.0,0.0,0.0,0.0,1.0,0.0,1.0,30.8,46.2,20.0,53.3,1497.1,1534.7
2024-10-24,2024,Vasco,Cuiaba,1.0,0.0,H,U,1.82,3.29,4.96,15,1.0,0.0,1.0,2.0,3.0,0.0,3.0,3.0,4.0,-1.0,0.0,-4.0,4.0,0.0,0.0,0.0,0.0,1.0,-1.0,50.0,21.4,21.4,50.0,1524.6,1491.9
2024-10-22,2024,Fluminense,Athletico-PR,1.0,0.0,H,U,1.77,3.39,5.04,15,2.0,0.0,1.0,2.0,3.0,2.0,1.0,1.0,6.0,-5.0,2.0,-4.0,6.0,1.0,0.0,1.0,0.0,1.0,-1.0,35.7,28.6,26.7,46.7,1539.8,1506.2
2024-10-21,2024,Juventude,Palmeiras,3.0,5.0,A,O,5.13,3.8,1.66,15,1.0,2.0,1.0,0.0,4.0,3.0,1.0,5.0,0.0,5.0,-1.0,3.0,-4.0,0.0,1.0,-1.0,1.0,0.0,1.0,50.0,14.3,42.9,21.4,1453.7,1683.0
2024-10-19,2024,Vitoria,Bragantino,1.0,0.0,H,U,2.22,3.12,3.49,15,1.0,0.0,1.0,2.0,3.0,1.0,2.0,3.0,5.0,-2.0,0.0,-4.0,4.0,0.0,0.0,0.0,0.0,1.0,-1.0,35.7,50.0,6.7,53.3,1451.4,1531.7
2024-10-19,2024,Internacional,Gremio,1.0,0.0,H,U,1.74,3.59,4.94,14,3.0,0.0,0.0,1.0,8.0,3.0,5.0,2.0,4.0,-2.0,6.0,-1.0,7.0,2.0,0.0,2.0,0.0,0.0,0.0,53.8,15.4,21.4,50.0,1614.1,1555.1
2024-10-19,2024,Cruzeiro,Bahia,1.0,1.0,D,U,1.91,3.48,4.06,15,1.0,1.0,1.0,2.0,4.0,4.0,0.0,3.0,6.0,-3.0,1.0,-2.0,3.0,1.0,1.0,0.0,0.0,1.0,-1.0,64.3,14.3,21.4,50.0,1534.5,1541.9
2024-10-19,2024,Botafogo RJ,Criciuma,1.0,1.0,D,U,1.32,5.25,9.24,15,2.0,1.0,0.0,2.0,4.0,2.0,2.0,1.0,7.0,-6.0,3.0,-5.0,8.0,1.0,0.0,1.0,0.0,1.0,-1.0,71.4,14.3,28.6,64.3,1642.5,1505.0
2024-10-18,2024,Flamengo RJ,Fluminense,0.0,2.0,A,U,1.72,3.34,5.69,15,2.0,1.0,0.0,2.0,4.0,3.0,1.0,2.0,3.0,-1.0,2.0,0.0,2.0,0.0,1.0,-1.0,0.0,0.0,0.0,64.3,14.3,21.4,71.4,1630.3,1526.9
2024-10-18,2024,Corinthians,Athletico-PR,5.0,2.0,H,O,1.62,3.93,5.45,15,2.0,0.0,0.0,2.0,7.0,1.0,6.0,3.0,3.0,0.0,4.0,-2.0,6.0,1.0,0.0,1.0,0.0,0.0,0.0,35.7,7.1,28.6,42.9,1526.9,1515.8
2024-10-18,2024,Atletico GO,Cuiaba,0.0,0.0,D,U,2.18,3.1,3.65,15,2.0,0.0,1.0,3.0,3.0,0.0,3.0,3.0,9.0,-6.0,0.0,-9.0,9.0,0.0,0.0,0.0,1.0,2.0,-1.0,21.4,57.1,23.1,53.8,1429.1,1493.7
2024-10-17,2024,Sao Paulo,Vasco,3.0,0.0,H,O,1.8,3.48,4.7,16,2.0,1.0,1.0,0.0,6.0,3.0,3.0,5.0,2.0,3.0,1.0,1.0,0.0,1.0,0.0,1.0,1.0,0.0,1.0,66.7,20.0,21.4,57.1,1581.1,1533.2
2024-10-17,2024,Fortaleza,Atletico-MG,1.0,1.0,D,U,1.71,3.5,5.48,16,3.0,1.0,0.0,2.0,6.0,4.0,2.0,1.0,7.0,-6.0,5.0,-3.0,8.0,1.0,0.0,1.0,0.0,1.0,-1.0,80.0,0.0,30.8,38.5,1619.9,1598.8
2024-10-09,2024,Atletico-MG,Gremio,2.0,1.0,H,O,1.81,3.55,4.43,15,1.0,1.0,1.0,0.0,5.0,3.0,2.0,4.0,2.0,2.0,1.0,1.0,0.0,1.0,0.0,1.0,1.0,0.0,1.0,35.7,21.4,23.1,46.2,1589.6,1564.4
2024-10-06,2024,Vasco,Juventude,1.0,1.0,D,U,1.73,3.63,4.9,14,2.0,0.0,1.0,2.0,4.0,1.0,3.0,2.0,3.0,-1.0,2.0,-2.0,4.0,1.0,0.0,1.0,0.0,0.0,0.0,53.8,23.1,7.1,64.3,1535.6,1451.4
2024-10-05,2024,Gremio,Fortaleza,3.0,1.0,H,O,2.12,3.35,3.49,15,1.0,0.0,2.0,2.0,6.0,2.0,4.0,7.0,5.0,2.0,-1.0,-3.0,2.0,0.0,0.0,0.0,0.0,1.0,-1.0,42.9,50.0,30.8,38.5,1552.1,1632.2
2024-10-05,2024,Cuiaba,Sao Paulo,2.0,0.0,H,U,3.69,2.78,2.35,15,1.0,1.0,0.0,2.0,2.0,2.0,0.0,1.0,4.0,-3.0,1.0,-2.0,3.0,0.0,0.0,0.0,0.0,1.0,-1.0,14.3,50.0,30.8,46.2,1480.5,1594.2
2024-10-05,2024,Corinthians,Internacional,2.0,2.0,D,O,2.26,3.17,3.32,14,2.0,2.0,0.0,0.0,6.0,8.0,-2.0,2.0,4.0,-2.0,4.0,4.0,0.0,1.0,2.0,-1.0,0.0,0.0,0.0,38.5,7.7,35.7,28.6,1524.3,1616.7
2024-10-05,2024,Bragantino,Palmeiras,0.0,0.0,D,U,4.29,3.59,1.83,14,1.0,2.0,0.0,0.0,6.0,4.0,2.0,5.0,1.0,4.0,1.0,3.0,-2.0,0.0,1.0,-1.0,0.0,0.0,0.0,53.8,23.1,46.2,23.1,1527.4,1687.3
2024-10-05,2024,Bahia,Flamengo RJ,0.0,2.0,A,U,2.71,3.25,2.63,15,2.0,0.0,0.0,3.0,4.0,4.0,0.0,0.0,9.0,-9.0,4.0,-5.0,9.0,1.0,0.0,1.0,0.0,1.0,-1.0,71.4,14.3,38.5,38.5,1549.8,1622.3
2024-10-05,2024,Atletico-MG,Vitoria,2.0,2.0,D,O,1.82,3.26,5.03,14,1.0,1.0,1.0,2.0,4.0,4.0,0.0,3.0,5.0,-2.0,1.0,-1.0,2.0,1.0,1.0,0.0,1.0,1.0,0.0,38.5,23.1,21.4,64.3,1593.5,1447.4
2024-10-05,2024,Athletico-PR,Botafogo RJ,0.0,1.0,A,U,3.18,3.44,2.21,13,0.0,1.0,2.0,1.0,2.0,3.0,-1.0,5.0,3.0,2.0,-3.0,0.0,-3.0,0.0,0.0,0.0,1.0,0.0,1.0,33.3,41.7,50.0,21.4,1522.7,1635.6
2024-10-04,2024,Fluminense,Cruzeiro,1.0,0.0,H,U,2.43,2.99,3.21,14,1.0,0.0,1.0,1.0,2.0,2.0,0.0,1.0,3.0,-2.0,1.0,-1.0,2.0,1.0,0.0,1.0,0.0,0.0,0.0,30.8,30.8,21.4,50.0,1516.0,1545.3
2024-10-03,2024,Criciuma,Atletico GO,2.0,0.0,H,U,1.85,3.57,4.26,15,1.0,0.0,1.0,3.0,1.0,1.0,0.0,1.0,7.0,-6.0,0.0,-6.0,6.0,0.0,0.0,0.0,0.0,2.0,-2.0,28.6,21.4,14.3,64.3,1496.7,1437.4
2024-09-30,2024,Flamengo RJ,Athletico-PR,1.0,0.0,H,U,1.67,3.76,5.14,14,1.0,0.0,0.0,1.0,4.0,3.0,1.0,3.0,4.0,-1.0,1.0,-1.0,2.0,0.0,0.0,0.0,0.0,0.0,0.0,61.5,15.4,30.8,38.5,1614.7,1530.3
2024-09-29,2024,Sao Paulo,Corinthians,3.0,1.0,H,O,2.59,2.9,3.08,15,2.0,0.0,1.0,2.0,4.0,1.0,3.0,4.0,3.0,1.0,0.0,-2.0,2.0,0.0,0.0,0.0,1.0,0.0,1.0,64.3,21.4,7.1,71.4,1585.8,1532.8
2024-09-29,2024,Juventude,Bragantino,1.0,1.0,D,U,2.58,3.15,2.83,14,2.0,0.0,1.0,3.0,6.0,1.0,5.0,6.0,6.0,0.0,0.0,-5.0,5.0,0.0,0.0,0.0,1.0,1.0,0.0,53.8,15.4,7.1,57.1,1449.1,1529.6
2024-09-29,2024,Internacional,Vitoria,3.0,1.0,H,O,1.38,4.74,8.25,13,3.0,1.0,0.0,2.0,6.0,3.0,3.0,1.0,4.0,-3.0,5.0,-1.0,6.0,1.0,1.0,0.0,0.0,1.0,-1.0,50.0,16.7,23.1,61.5,1610.9,1453.1
2024-09-29,2024,Fortaleza,Cuiaba,1.0,0.0,H,U,1.72,3.54,5.2,15,3.0,0.0,0.0,2.0,6.0,1.0,5.0,1.0,9.0,-8.0,5.0,-8.0,13.0,1.0,0.0,1.0,0.0,2.0,-2.0,78.6,0.0,25.0,50.0,1626.0,1486.7
2024-09-29,2024,Cruzeiro,Vasco,1.0,1.0,D,U,1.78,3.51,4.69,14,1.0,1.0,1.0,0.0,3.0,4.0,-1.0,2.0,3.0,-1.0,1.0,1.0,0.0,1.0,0.0,1.0,0.0,0.0,0.0,69.2,15.4,23.1,61.5,1545.6,1535.3
2024-09-29,2024,Botafogo RJ,Gremio,0.0,0.0,D,U,1.67,3.89,4.89,14,3.0,2.0,0.0,0.0,8.0,6.0,2.0,2.0,3.0,-1.0,6.0,3.0,3.0,2.0,1.0,1.0,0.0,0.0,0.0,76.9,15.4,25.0,50.0,1638.1,1549.6
2024-09-29,2024,Bahia,Criciuma,1.0,0.0,H,U,1.61,4.02,5.26,14,2.0,1.0,0.0,2.0,5.0,3.0,2.0,0.0,8.0,-8.0,5.0,-5.0,10.0,2.0,0.0,2.0,0.0,1.0,-1.0,69.2,15.4,30.8,61.5,1540.8,1505.7
2024-09-29,2024,Atletico GO,Fluminense,1.0,0.0,H,U,2.49,3.11,2.99,14,2.0,1.0,1.0,2.0,3.0,3.0,0.0,3.0,4.0,-1.0,0.0,-1.0,1.0,0.0,1.0,-1.0,1.0,1.0,0.0,15.4,61.5,23.1,69.2,1424.5,1528.9
2024-09-28,2024,Palmeiras,Atletico-MG,2.0,1.0,H,O,1.7,3.65,5.14,15,3.0,1.0,0.0,1.0,12.0,3.0,9.0,1.0,5.0,-4.0,11.0,-2.0,13.0,2.0,0.0,2.0,0.0,1.0,-1.0,71.4,21.4,33.3,33.3,1679.5,1601.3
2024-09-25,2024,Gremio,Criciuma,1.0,2.0,A,O,1.69,3.81,4.88,14,1.0,0.0,2.0,3.0,5.0,1.0,4.0,7.0,8.0,-1.0,-2.0,-7.0,5.0,0.0,0.0,0.0,1.0,1.0,0.0,46.2,46.2,25.0,66.7,1561.5,1493.8
2024-09-25,2024,Bragantino,Internacional,2.0,2.0,D,O,3.2,3.24,2.31,13,1.0,2.0,1.0,0.0,5.0,6.0,-1.0,5.0,2.0,3.0,0.0,4.0,-4.0,0.0,2.0,-2.0,0.0,0.0,0.0,58.3,25.0,38.5,30.8,1527.2,1613.3
2024-09-23,2024,Criciuma,Athletico-PR,0.0,0.0,D,U,2.22,3.31,3.28,14,1.0,1.0,1.0,1.0,3.0,5.0,-2.0,3.0,5.0,-2.0,0.0,0.0,0.0,0.0,0.0,0.0,0.0,0.0,0.0,30.8,23.1,33.3,41.7,1492.7,1531.4
2024-09-22,2024,Vasco,Palmeiras,0.0,1.0,A,U,4.23,3.78,1.8,13,2.0,1.0,0.0,0.0,6.0,4.0,2.0,3.0,2.0,1.0,3.0,2.0,1.0,1.0,1.0,0.0,0.0,0.0,0.0,58.3,16.7,41.7,25.0,1541.7,1673.1
2024-09-22,2024,Sao Paulo,Internacional,1.0,3.0,A,O,2.84,2.87,2.8,14,3.0,1.0,0.0,1.0,4.0,3.0,1.0,1.0,2.0,-1.0,3.0,1.0,2.0,0.0,1.0,-1.0,0.0,0.0,0.0,69.2,15.4,33.3,33.3,1595.5,1603.6
2024-09-22,2024,Gremio,Flamengo RJ,3.0,2.0,H,O,1.81,3.57,4.4,13,1.0,0.0,2.0,3.0,3.0,2.0,1.0,5.0,7.0,-2.0,-2.0,-5.0,3.0,0.0,0.0,0.0,1.0,1.0,0.0,41.7,50.0,41.7,33.3,1549.3,1626.9
2024-09-22,2024,Fortaleza,Bahia,4.0,1.0,H,O,2.59,3.2,2.79,14,3.0,1.0,0.0,2.0,3.0,3.0,0.0,0.0,3.0,-3.0,3.0,0.0,3.0,0.0,1.0,-1.0,0.0,0.0,0.0,76.9,0.0,23.1,46.2,1618.0,1548.8
2024-09-22,2024,Cuiaba,Cruzeiro,0.0,0.0,D,U,2.8,2.87,2.84,14,1.0,1.0,1.0,1.0,3.0,5.0,-2.0,4.0,3.0,1.0,-1.0,2.0,-3.0,0.0,1.0,-1.0,1.0,0.0,1.0,15.4,53.8,23.1,53.8,1485.0,1547.4
2024-09-22,2024,Atletico-MG,Bragantino,3.0,0.0,H,O,2.18,3.28,3.42,13,1.0,0.0,1.0,2.0,3.0,2.0,1.0,4.0,4.0,0.0,-1.0,-2.0,1.0,0.0,0.0,0.0,1.0,0.0,1.0,33.3,25.0,7.7,53.8,1592.9,1535.6
2024-09-21,2024,Vitoria,Juventude,1.0,0.0,H,U,2.01,3.25,3.97,14,1.0,1.0,1.0,1.0,3.0,3.0,0.0,3.0,3.0,0.0,0.0,0.0,0.0,0.0,0.0,0.0,0.0,0.0,0.0,30.8,53.8,7.7,61.5,1442.6,1459.6
2024-09-21,2024,Fluminense,Botafogo RJ,0.0,1.0,A,U,3.41,3.13,2.25,13,2.0,1.0,0.0,1.0,3.0,6.0,-3.0,0.0,4.0,-4.0,3.0,2.0,1.0,1.0,1.0,0.0,0.0,0.0,0.0,33.3,25.0,46.2,23.1,1536.3,1630.8
2024-09-21,2024,Corinthians,Atletico GO,3.0,0.0,H,O,1.58,3.83,6.13,13,1.0,0.0,0.0,3.0,4.0,1.0,3.0,3.0,6.0,-3.0,1.0,-5.0,6.0,0.0,0.0,0.0,0.0,2.0,-2.0,33.3,8.3,15.4,61.5,1525.4,1431.9
2024-09-17,2024,Internacional,Cuiaba,3.0,0.0,H,O,1.45,4.02,8.06,12,3.0,0.0,0.0,2.0,5.0,1.0,4.0,2.0,7.0,-5.0,3.0,-6.0,9.0,0.0,0.0,0.0,0.0,1.0,-1.0,45.5,18.2,27.3,45.5,1596.5,1492.0
2024-09-15,2024,Palmeiras,Criciuma,5.0,0.0,H,O,1.28,5.56,10.48,14,2.0,1.0,1.0,2.0,7.0,3.0,4.0,3.0,4.0,-1.0,4.0,-1.0,5.0,1.0,0.0,1.0,1.0,0.0,1.0,69.2,23.1,27.3,63.6,1667.6,1498.1
2024-09-15,2024,Juventude,Fluminense,2.0,1.0,H,O,2.95,3.2,2.46,13,1.0,2.0,2.0,1.0,5.0,3.0,2.0,7.0,2.0,5.0,-2.0,1.0,-3.0,0.0,1.0,-1.0,1.0,1.0,0.0,50.0,16.7,25.0,66.7,1446.7,1549.2
2024-09-15,2024,Flamengo RJ,Vasco,1.0,1.0,D,U,1.71,3.64,5.0,13,2.0,1.0,0.0,1.0,5.0,3.0,2.0,2.0,3.0,-1.0,3.0,0.0,3.0,1.0,0.0,1.0,0.0,0.0,0.0,66.7,16.7,25.0,66.7,1629.4,1539.1
2024-09-15,2024,Cruzeiro,Sao Paulo,0.0,1.0,A,U,1.84,3.22,4.94,13,1.0,0.0,0.0,3.0,3.0,1.0,2.0,1.0,5.0,-4.0,2.0,-4.0,6.0,1.0,0.0,1.0,0.0,1.0,-1.0,75.0,8.3,25.0,50.0,1556.5,1586.4
2024-09-15,2024,Bragantino,Gremio,2.0,2.0,D,O,2.43,3.34,2.88,12,1.0,3.0,2.0,0.0,3.0,6.0,-3.0,4.0,1.0,3.0,-1.0,5.0,-6.0,0.0,2.0,-2.0,0.0,0.0,0.0,63.6,27.3,27.3,54.5,1535.1,1549.8
2024-09-15,2024,Botafogo RJ,Corinthians,2.0,1.0,H,O,1.59,3.86,5.89,13,2.0,0.0,1.0,2.0,6.0,1.0,5.0,4.0,3.0,1.0,2.0,-2.0,4.0,2.0,0.0,2.0,1.0,0.0,1.0,75.0,16.7,7.7,69.2,1623.3,1532.9
2024-09-15,2024,Bahia,Atletico-MG,3.0,0.0,H,O,1.93,3.46,3.99,13,1.0,1.0,0.0,1.0,3.0,4.0,-1.0,1.0,4.0,-3.0,2.0,0.0,2.0,1.0,0.0,1.0,0.0,0.0,0.0,66.7,16.7,36.4,27.3,1536.9,1604.9
2024-09-14,2024,Atletico GO,Vitoria,0.0,2.0,A,U,1.96,3.3,4.09,13,2.0,1.0,1.0,2.0,4.0,3.0,1.0,5.0,4.0,1.0,-1.0,-1.0,0.0,0.0,1.0,-1.0,1.0,1.0,0.0,16.7,58.3,16.7,66.7,1442.2,1432.4
2024-09-14,2024,Athletico-PR,Fortaleza,1.0,1.0,D,U,1.9,3.58,3.99,12,0.0,1.0,3.0,2.0,1.0,3.0,-2.0,6.0,5.0,1.0,-5.0,-2.0,-3.0,0.0,0.0,0.0,2.0,1.0,1.0,36.4,45.5,33.3,41.7,1528.8,1620.6
2024-09-11,2024,Internacional,Fortaleza,2.0,1.0,H,O,2.0,3.3,3.97,11,2.0,2.0,0.0,1.0,5.0,4.0,1.0,3.0,4.0,-1.0,2.0,0.0,2.0,0.0,0.0,0.0,0.0,1.0,-1.0,40.0,20.0,36.4,36.4,1585.2,1631.9
2024-09-06,2024,Cuiaba,Juventude,0.0,0.0,D,U,2.11,3.29,3.62,13,1.0,1.0,2.0,2.0,4.0,4.0,0.0,6.0,5.0,1.0,-2.0,-1.0,-1.0,0.0,0.0,0.0,1.0,0.0,1.0,16.7,58.3,8.3,66.7,1493.4,1445.3
2024-09-01,2024,Vitoria,Vasco,0.0,1.0,A,U,2.3,3.13,3.28,13,1.0,0.0,1.0,2.0,4.0,2.0,2.0,4.0,5.0,-1.0,0.0,-3.0,3.0,0.0,0.0,0.0,0.0,1.0,-1.0,33.3,50.0,18.2,72.7,1439.8,1531.7
2024-09-01,2024,Juventude,Internacional,1.0,3.0,A,O,3.43,3.21,2.2,12,1.0,0.0,1.0,1.0,4.0,1.0,3.0,4.0,2.0,2.0,0.0,-1.0,1.0,0.0,0.0,0.0,0.0,0.0,0.0,54.5,9.1,27.3,36.4,1451.8,1578.7
2024-09-01,2024,Gremio,Atletico-MG,2.0,3.0,A,O,2.17,3.01,3.8,12,2.0,0.0,1.0,1.0,3.0,2.0,1.0,2.0,3.0,-1.0,1.0,-1.0,2.0,1.0,0.0,1.0,1.0,0.0,1.0,45.5,45.5,30.0,30.0,1558.7,1595.9
2024-09-01,2024,Fluminense,Sao Paulo,2.0,0.0,H,U,2.36,2.88,3.5,12,2.0,0.0,0.0,2.0,2.0,1.0,1.0,0.0,3.0,-3.0,2.0,-2.0,4.0,0.0,0.0,0.0,0.0,0.0,0.0,27.3,27.3,27.3,45.5,1537.4,1598.1
2024-09-01,2024,Cruzeiro,Atletico GO,3.0,1.0,H,O,1.64,3.58,6.05,12,0.0,0.0,1.0,3.0,1.0,1.0,0.0,2.0,6.0,-4.0,-1.0,-5.0,4.0,0.0,0.0,0.0,0.0,2.0,-2.0,72.7,9.1,16.7,58.3,1549.3,1449.4
2024-09-01,2024,Corinthians,Flamengo RJ,2.0,1.0,H,O,2.52,2.96,3.09,12,0.0,1.0,0.0,2.0,4.0,3.0,1.0,4.0,6.0,-2.0,0.0,-3.0,3.0,0.0,0.0,0.0,0.0,1.0,-1.0,27.3,9.1,45.5,27.3,1519.5,1642.8
2024-09-01,2024,Bragantino,Bahia,2.0,1.0,H,O,2.3,3.35,3.08,11,1.0,1.0,2.0,1.0,2.0,3.0,-1.0,3.0,2.0,1.0,-1.0,1.0,-2.0,0.0,1.0,-1.0,0.0,0.0,0.0,60.0,30.0,25.0,41.7,1524.5,1547.6
2024-09-01,2024,Botafogo RJ,Fortaleza,2.0,0.0,H,U,1.59,3.97,5.71,12,2.0,2.0,1.0,0.0,5.0,5.0,0.0,4.0,3.0,1.0,1.0,2.0,-1.0,1.0,0.0,1.0,1.0,0.0,1.0,72.7,18.2,40.0,30.0,1612.4,1642.8
2024-09-01,2024,Athletico-PR,Palmeiras,0.0,2.0,A,U,3.59,3.47,2.04,11,0.0,0.0,3.0,1.0,2.0,2.0,0.0,7.0,3.0,4.0,-5.0,-1.0,-4.0,0.0,0.0,0.0,2.0,0.0,2.0,40.0,40.0,36.4,27.3,1535.4,1661.1
2024-08-31,2024,Cuiaba,Criciuma,2.0,1.0,H,O,2.0,3.25,4.02,12,0.0,1.0,3.0,2.0,2.0,3.0,-1.0,6.0,4.0,2.0,-4.0,-1.0,-3.0,0.0,0.0,0.0,1.0,0.0,1.0,9.1,63.6,30.0,60.0,1482.7,1508.9
2024-08-28,2024,Cruzeiro,Internacional,0.0,0.0,D,U,2.26,3.13,3.4,11,1.0,0.0,1.0,2.0,3.0,1.0,2.0,2.0,3.0,-1.0,1.0,-2.0,3.0,1.0,0.0,1.0,0.0,0.0,0.0,80.0,10.0,30.0,40.0,1548.4,1579.5
2024-08-28,2024,Criciuma,Bragantino,1.0,0.0,H,U,2.38,3.19,3.12,13,1.0,0.0,1.0,1.0,4.0,4.0,0.0,4.0,5.0,-1.0,0.0,-1.0,1.0,0.0,0.0,0.0,0.0,0.0,0.0,25.0,25.0,8.3,50.0,1497.8,1535.6
2024-08-27,2024,Vasco,Athletico-PR,2.0,1.0,H,O,2.18,3.23,3.48,12,2.0,1.0,0.0,1.0,6.0,4.0,2.0,2.0,4.0,-2.0,4.0,0.0,4.0,2.0,0.0,2.0,0.0,0.0,0.0,54.5,18.2,36.4,36.4,1521.0,1546.1
2024-08-26,2024,Flamengo RJ,Bragantino,2.0,1.0,H,O,1.61,3.76,5.87,12,2.0,0.0,0.0,1.0,5.0,4.0,1.0,2.0,5.0,-3.0,3.0,-1.0,4.0,1.0,0.0,1.0,0.0,0.0,0.0,63.6,18.2,9.1,45.5,1635.4,1543.0
2024-08-25,2024,Sao Paulo,Vitoria,2.0,1.0,H,O,1.73,3.53,5.09,13,2.0,1.0,0.0,2.0,4.0,2.0,2.0,2.0,4.0,-2.0,2.0,-2.0,4.0,0.0,1.0,-1.0,0.0,2.0,-2.0,66.7,16.7,18.2,63.6,1592.1,1445.8
2024-08-25,2024,Internacional,Cruzeiro,1.0,0.0,H,U,2.0,3.15,4.18,10,1.0,1.0,0.0,1.0,5.0,5.0,0.0,4.0,4.0,0.0,1.0,1.0,0.0,0.0,1.0,-1.0,0.0,1.0,-1.0,33.3,22.2,25.0,50.0,1569.9,1558.1
2024-08-25,2024,Fortaleza,Corinthians,1.0,0.0,H,U,1.97,3.22,4.21,13,3.0,1.0,0.0,1.0,5.0,2.0,3.0,1.0,2.0,-1.0,4.0,0.0,4.0,1.0,0.0,1.0,0.0,0.0,0.0,75.0,0.0,8.3,66.7,1635.8,1526.4
2024-08-25,2024,Criciuma,Gremio,0.0,1.0,A,U,2.75,3.21,2.64,12,1.0,2.0,0.0,0.0,5.0,7.0,-2.0,4.0,3.0,1.0,1.0,4.0,-3.0,0.0,2.0,-2.0,0.0,0.0,0.0,27.3,18.2,20.0,60.0,1506.6,1549.9
2024-08-25,2024,Bahia,Botafogo RJ,0.0,0.0,D,U,2.22,3.4,3.21,12,1.0,1.0,1.0,1.0,3.0,8.0,-5.0,2.0,6.0,-4.0,1.0,2.0,-1.0,1.0,1.0,0.0,0.0,0.0,0.0,72.7,18.2,50.0,25.0,1545.6,1614.4
2024-08-25,2024,Atletico-MG,Fluminense,0.0,2.0,A,U,1.92,3.16,4.55,12,2.0,2.0,0.0,1.0,5.0,2.0,3.0,2.0,2.0,0.0,3.0,0.0,3.0,1.0,0.0,1.0,0.0,1.0,-1.0,36.4,18.2,18.2,72.7,1608.3,1525.1
2024-08-24,2024,Palmeiras,Cuiaba,5.0,0.0,H,O,1.44,4.31,7.7,13,2.0,1.0,1.0,1.0,4.0,3.0,1.0,3.0,3.0,0.0,1.0,0.0,1.0,1.0,0.0,1.0,1.0,0.0,1.0,66.7,25.0,30.0,40.0,1655.6,1488.2
2024-08-24,2024,Atletico GO,Juventude,2.0,1.0,H,O,1.82,3.49,4.54,12,1.0,1.0,1.0,1.0,3.0,4.0,-1.0,5.0,4.0,1.0,-2.0,0.0,-2.0,0.0,0.0,0.0,1.0,0.0,1.0,9.1,63.6,9.1,63.6,1438.7,1462.5
2024-08-20,2024,Vitoria,Cruzeiro,2.0,2.0,D,O,2.79,2.9,2.82,12,1.0,2.0,2.0,1.0,2.0,5.0,-3.0,3.0,2.0,1.0,-1.0,3.0,-4.0,0.0,2.0,-2.0,0.0,1.0,-1.0,36.4,54.5,27.3,54.5,1442.5,1561.4
2024-08-18,2024,Palmeiras,Sao Paulo,2.0,1.0,H,O,1.7,3.45,5.58,12,2.0,0.0,1.0,2.0,5.0,1.0,4.0,3.0,3.0,0.0,2.0,-2.0,4.0,2.0,0.0,2.0,1.0,0.0,1.0,63.6,27.3,30.0,40.0,1646.9,1600.8
2024-08-18,2024,Fluminense,Corinthians,0.0,0.0,D,U,2.53,2.88,3.17,11,2.0,1.0,0.0,2.0,3.0,2.0,1.0,1.0,4.0,-3.0,2.0,-2.0,4.0,0.0,0.0,0.0,0.0,1.0,-1.0,30.0,30.0,9.1,72.7,1525.0,1526.5
2024-08-18,2024,Criciuma,Vasco,2.0,2.0,D,O,2.06,3.25,3.77,11,1.0,1.0,0.0,2.0,4.0,1.0,3.0,3.0,3.0,0.0,1.0,-2.0,3.0,0.0,0.0,0.0,0.0,1.0,-1.0,30.0,20.0,20.0,80.0,1506.1,1521.4
2024-08-18,2024,Botafogo RJ,Flamengo RJ,4.0,1.0,H,O,2.38,3.11,3.19,11,2.0,2.0,1.0,1.0,2.0,6.0,-4.0,3.0,4.0,-1.0,-1.0,2.0,-3.0,0.0,1.0,-1.0,1.0,0.0,1.0,70.0,20.0,50.0,20.0,1603.2,1646.7
2024-08-18,2024,Atletico GO,Internacional,1.0,0.0,H,U,3.0,3.1,2.49,11,0.0,0.0,2.0,1.0,2.0,2.0,0.0,6.0,3.0,3.0,-4.0,-1.0,-3.0,0.0,0.0,0.0,1.0,0.0,1.0,0.0,70.0,33.3,33.3,1424.4,1584.2
2024-08-18,2024,Athletico-PR,Juventude,1.0,2.0,A,O,1.68,3.92,4.87,10,0.0,0.0,3.0,2.0,2.0,2.0,0.0,7.0,5.0,2.0,-5.0,-3.0,-2.0,0.0,0.0,0.0,2.0,1.0,1.0,44.4,33.3,0.0,70.0,1559.2,1449.5
2024-08-17,2024,Gremio,Bahia,0.0,2.0,A,U,2.71,3.18,2.69,11,2.0,1.0,1.0,1.0,3.0,4.0,-1.0,2.0,3.0,-1.0,1.0,1.0,0.0,1.0,1.0,0.0,1.0,0.0,1.0,50.0,40.0,18.2,45.5,1560.7,1534.9
2024-08-17,2024,Bragantino,Fortaleza,1.0,2.0,A,O,2.55,3.17,2.87,10,2.0,2.0,1.0,0.0,4.0,5.0,-1.0,2.0,3.0,-1.0,2.0,2.0,0.0,1.0,0.0,1.0,0.0,0.0,0.0,66.7,22.2,33.3,33.3,1550.8,1628.0
2024-08-17,2024,Atletico-MG,Cuiaba,1.0,1.0,D,U,1.85,3.21,4.93,11,3.0,1.0,0.0,1.0,6.0,3.0,3.0,2.0,3.0,-1.0,4.0,0.0,4.0,1.0,0.0,1.0,0.0,0.0,0.0,40.0,20.0,33.3,44.4,1611.8,1484.7
2024-08-14,2024,Internacional,Juventude,2.0,1.0,H,O,1.57,4.16,5.59,9,0.0,0.0,1.0,2.0,4.0,1.0,3.0,5.0,5.0,0.0,-1.0,-4.0,3.0,0.0,0.0,0.0,0.0,2.0,-2.0,25.0,25.0,0.0,66.7,1577.5,1456.1
2024-08-11,2024,Vasco,Fluminense,2.0,0.0,H,U,2.68,2.99,2.86,11,2.0,2.0,0.0,0.0,6.0,3.0,3.0,2.0,1.0,1.0,4.0,2.0,2.0,2.0,0.0,2.0,0.0,0.0,0.0,50.0,20.0,20.0,70.0,1510.7,1535.8
2024-08-11,2024,Sao Paulo,Atletico GO,1.0,0.0,H,U,1.89,3.31,4.44,12,2.0,0.0,0.0,3.0,4.0,2.0,2.0,2.0,8.0,-6.0,2.0,-6.0,8.0,0.0,0.0,0.0,0.0,3.0,-3.0,63.6,18.2,18.2,54.5,1595.2,1430.0
2024-08-11,2024,Juventude,Botafogo RJ,3.0,2.0,H,O,3.78,3.34,2.02,11,0.0,2.0,1.0,0.0,2.0,7.0,-5.0,3.0,3.0,0.0,-1.0,4.0,-5.0,0.0,1.0,-1.0,0.0,0.0,0.0,50.0,10.0,54.5,18.2,1441.4,1617.8
2024-08-11,2024,Internacional,Athletico-PR,2.0,2.0,D,O,1.92,3.26,4.32,8,0.0,2.0,2.0,1.0,3.0,4.0,-1.0,5.0,3.0,2.0,-2.0,1.0,-3.0,0.0,0.0,0.0,0.0,0.0,0.0,28.6,28.6,40.0,40.0,1578.1,1558.6
2024-08-11,2024,Flamengo RJ,Palmeiras,1.0,1.0,D,U,1.73,3.56,5.04,11,2.0,0.0,1.0,2.0,5.0,1.0,4.0,3.0,3.0,0.0,2.0,-2.0,4.0,1.0,0.0,1.0,0.0,0.0,0.0,70.0,20.0,40.0,30.0,1646.7,1646.9
2024-08-11,2024,Cruzeiro,Atletico-MG,0.0,0.0,D,U,2.31,3.0,3.44,10,2.0,0.0,1.0,2.0,5.0,2.0,3.0,3.0,6.0,-3.0,2.0,-4.0,6.0,1.0,0.0,1.0,0.0,1.0,-1.0,88.9,11.1,33.3,33.3,1559.8,1613.3
2024-08-11,2024,Corinthians,Bragantino,1.0,1.0,D,U,2.16,3.06,3.75,11,1.0,0.0,0.0,2.0,5.0,3.0,2.0,4.0,6.0,-2.0,1.0,-3.0,4.0,0.0,0.0,0.0,0.0,1.0,-1.0,30.0,10.0,10.0,50.0,1525.7,1551.5
2024-08-11,2024,Bahia,Vitoria,2.0,0.0,H,U,1.64,3.63,5.75,11,0.0,1.0,2.0,2.0,2.0,3.0,-1.0,4.0,5.0,-1.0,-2.0,-2.0,0.0,0.0,1.0,-1.0,0.0,2.0,-2.0,70.0,20.0,20.0,60.0,1527.1,1450.3
2024-08-10,2024,Fortaleza,Criciuma,1.0,0.0,H,U,1.79,3.39,4.91,12,3.0,1.0,0.0,2.0,7.0,4.0,3.0,2.0,5.0,-3.0,5.0,-1.0,6.0,2.0,0.0,2.0,0.0,0.0,0.0,72.7,0.0,33.3,55.6,1621.0,1513.1
2024-08-10,2024,Cuiaba,Gremio,1.0,3.0,A,O,2.53,2.96,3.09,11,0.0,1.0,3.0,1.0,2.0,4.0,-2.0,5.0,3.0,2.0,-3.0,1.0,-4.0,0.0,1.0,-1.0,0.0,0.0,0.0,10.0,60.0,11.1,66.7,1493.0,1552.4
2024-08-06,2024,Cruzeiro,Fortaleza,1.0,2.0,A,O,1.87,3.39,4.38,9,3.0,1.0,0.0,1.0,7.0,3.0,4.0,1.0,4.0,-3.0,6.0,-1.0,7.0,2.0,0.0,2.0,0.0,1.0,-1.0,100.0,0.0,25.0,37.5,1568.6,1612.3
2024-08-04,2024,Sao Paulo,Flamengo RJ,1.0,0.0,H,U,2.21,3.01,3.71,11,2.0,2.0,0.0,1.0,5.0,7.0,-2.0,2.0,5.0,-3.0,3.0,2.0,1.0,1.0,1.0,0.0,0.0,0.0,0.0,60.0,20.0,55.6,11.1,1583.0,1658.8
2024-08-04,2024,Internacional,Palmeiras,1.0,1.0,D,U,2.34,3.18,3.17,7,1.0,0.0,2.0,2.0,3.0,2.0,1.0,4.0,4.0,0.0,-1.0,-2.0,1.0,0.0,0.0,0.0,0.0,0.0,0.0,33.3,33.3,44.4,33.3,1576.0,1649.0
2024-08-04,2024,Fluminense,Bahia,1.0,0.0,H,U,2.08,3.27,3.72,10,1.0,1.0,1.0,1.0,2.0,4.0,-2.0,2.0,4.0,-2.0,0.0,0.0,0.0,0.0,1.0,-1.0,0.0,1.0,-1.0,22.2,33.3,20.0,40.0,1525.4,1537.4
2024-08-04,2024,Criciuma,Atletico-MG,2.0,1.0,H,O,3.97,3.4,1.96,10,1.0,1.0,0.0,1.0,3.0,3.0,0.0,2.0,5.0,-3.0,1.0,-2.0,3.0,0.0,0.0,0.0,0.0,1.0,-1.0,22.2,22.2,37.5,25.0,1499.6,1626.8
2024-08-04,2024,Corinthians,Juventude,1.0,1.0,D,U,1.65,3.68,5.64,10,2.0,0.0,0.0,3.0,7.0,1.0,6.0,5.0,6.0,-1.0,2.0,-5.0,7.0,0.0,0.0,0.0,0.0,2.0,-2.0,33.3,11.1,0.0,75.0,1528.3,1438.9
2024-08-04,2024,Atletico GO,Botafogo RJ,1.0,4.0,A,O,2.94,3.12,2.53,10,0.0,2.0,2.0,0.0,2.0,5.0,-3.0,4.0,3.0,1.0,-2.0,2.0,-4.0,0.0,0.0,0.0,0.0,0.0,0.0,0.0,66.7,50.0,20.0,1435.3,1612.5
2024-08-04,2024,Athletico-PR,Gremio,0.0,2.0,A,U,1.65,3.85,5.24,9,0.0,0.0,2.0,2.0,3.0,2.0,1.0,6.0,6.0,0.0,-3.0,-4.0,1.0,0.0,0.0,0.0,1.0,1.0,0.0,50.0,25.0,0.0,75.0,1569.4,1541.6
2024-08-03,2024,Vitoria,Cuiaba,1.0,0.0,H,U,2.85,2.9,2.78,11,1.0,1.0,2.0,0.0,3.0,4.0,-1.0,4.0,3.0,1.0,-1.0,1.0,-2.0,0.0,0.0,0.0,0.0,0.0,0.0,30.0,60.0,37.5,37.5,1438.4,1504.9
2024-08-03,2024,Vasco,Bragantino,2.0,2.0,D,O,1.93,3.84,3.63,10,2.0,0.0,0.0,2.0,5.0,2.0,3.0,1.0,5.0,-4.0,4.0,-3.0,7.0,2.0,0.0,2.0,0.0,1.0,-1.0,55.6,22.2,11.1,55.6,1509.5,1552.8
2024-07-28,2024,Gremio,Vasco,1.0,0.0,H,U,2.04,3.26,3.83,10,1.0,2.0,1.0,1.0,4.0,3.0,1.0,4.0,3.0,1.0,0.0,0.0,0.0,1.0,0.0,1.0,1.0,1.0,0.0,44.4,44.4,22.2,77.8,1531.9,1519.1
2024-07-28,2024,Fortaleza,Sao Paulo,1.0,0.0,H,U,2.3,2.89,3.63,11,3.0,1.0,0.0,1.0,7.0,3.0,4.0,2.0,3.0,-1.0,5.0,0.0,5.0,2.0,0.0,2.0,0.0,0.0,0.0,70.0,0.0,33.3,33.3,1602.5,1592.8
2024-07-28,2024,Flamengo RJ,Atletico GO,2.0,0.0,H,U,1.29,5.45,10.47,10,1.0,0.0,1.0,3.0,4.0,3.0,1.0,4.0,9.0,-5.0,0.0,-6.0,6.0,0.0,0.0,0.0,0.0,3.0,-3.0,66.7,22.2,20.0,50.0,1654.3,1439.8
2024-07-28,2024,Cuiaba,Athletico-PR,1.0,2.0,A,O,2.37,3.07,3.24,10,0.0,2.0,2.0,1.0,2.0,3.0,-1.0,4.0,2.0,2.0,-2.0,1.0,-3.0,0.0,0.0,0.0,0.0,0.0,0.0,11.1,55.6,33.3,44.4,1513.5,1560.7
2024-07-28,2024,Bragantino,Fluminense,0.0,1.0,A,U,2.35,3.16,3.17,9,3.0,1.0,0.0,1.0,6.0,2.0,4.0,2.0,2.0,0.0,4.0,0.0,4.0,1.0,0.0,1.0,0.0,0.0,0.0,75.0,12.5,11.1,77.8,1564.2,1514.0
2024-07-28,2024,Botafogo RJ,Cruzeiro,0.0,3.0,A,O,2.1,3.26,3.65,10,3.0,1.0,0.0,2.0,5.0,2.0,3.0,0.0,3.0,-3.0,5.0,-1.0,6.0,1.0,1.0,0.0,0.0,1.0,-1.0,77.8,11.1,20.0,60.0,1624.5,1556.7
2024-07-28,2024,Bahia,Internacional,1.0,1.0,D,U,1.99,3.34,3.93,10,1.0,0.0,2.0,1.0,3.0,2.0,1.0,3.0,3.0,0.0,0.0,-1.0,1.0,1.0,0.0,1.0,0.0,0.0,0.0,77.8,22.2,37.5,37.5,1536.2,1577.2
2024-07-28,2024,Atletico-MG,Corinthians,2.0,1.0,H,O,1.69,3.56,5.37,10,2.0,1.0,1.0,2.0,6.0,1.0,5.0,5.0,5.0,0.0,1.0,-4.0,5.0,1.0,0.0,1.0,1.0,2.0,-1.0,33.3,22.2,10.0,70.0,1619.2,1535.9
2024-07-27,2024,Palmeiras,Vitoria,0.0,2.0,A,U,1.46,4.42,6.93,11,3.0,0.0,0.0,3.0,7.0,3.0,4.0,1.0,8.0,-7.0,6.0,-5.0,11.0,3.0,0.0,3.0,0.0,2.0,-2.0,70.0,20.0,11.1,66.7,1665.0,1422.4
2024-07-27,2024,Juventude,Criciuma,1.0,2.0,A,O,2.27,3.1,3.41,10,1.0,0.0,0.0,3.0,4.0,3.0,1.0,1.0,6.0,-5.0,3.0,-3.0,6.0,1.0,0.0,1.0,0.0,0.0,0.0,55.6,0.0,25.0,62.5,1447.7,1490.8
2024-07-26,2024,Corinthians,Gremio,2.0,2.0,D,O,1.99,3.21,4.11,9,2.0,0.0,0.0,2.0,6.0,1.0,5.0,4.0,5.0,-1.0,2.0,-4.0,6.0,0.0,0.0,0.0,0.0,1.0,-1.0,37.5,12.5,0.0,85.7,1536.0,1531.8
2024-07-25,2024,Vitoria,Flamengo RJ,1.0,2.0,A,O,4.97,3.65,1.72,10,1.0,2.0,2.0,1.0,2.0,6.0,-4.0,3.0,4.0,-1.0,-1.0,2.0,-3.0,0.0,1.0,-1.0,0.0,0.0,0.0,33.3,55.6,50.0,12.5,1426.7,1650.0
2024-07-25,2024,Fluminense,Palmeiras,1.0,0.0,H,U,3.08,3.17,2.41,9,0.0,0.0,2.0,2.0,1.0,2.0,-1.0,3.0,6.0,-3.0,-2.0,-4.0,2.0,0.0,0.0,0.0,0.0,1.0,-1.0,12.5,37.5,50.0,25.0,1499.2,1679.8
2024-07-25,2024,Atletico GO,Bahia,1.0,1.0,D,U,3.03,3.21,2.4,9,0.0,1.0,2.0,2.0,2.0,4.0,-2.0,4.0,6.0,-2.0,-2.0,-2.0,0.0,0.0,1.0,-1.0,0.0,2.0,-2.0,0.0,75.0,22.2,44.4,1436.9,1539.1
2024-07-24,2024,Sao Paulo,Botafogo RJ,2.0,2.0,D,O,2.23,2.96,3.68,10,3.0,2.0,0.0,0.0,6.0,4.0,2.0,1.0,2.0,-1.0,5.0,2.0,3.0,2.0,0.0,2.0,0.0,0.0,0.0,66.7,22.2,55.6,22.2,1591.8,1625.4
2024-07-24,2024,Cruzeiro,Juventude,2.0,0.0,H,U,1.46,4.23,7.31,8,3.0,0.0,0.0,3.0,7.0,2.0,5.0,1.0,7.0,-6.0,6.0,-5.0,11.0,2.0,0.0,2.0,0.0,2.0,-2.0,100.0,0.0,0.0,71.4,1549.3,1455.0
2024-07-24,2024,Criciuma,Fortaleza,1.0,1.0,D,U,2.67,3.1,2.76,9,1.0,1.0,0.0,1.0,3.0,3.0,0.0,2.0,4.0,-2.0,1.0,-1.0,2.0,0.0,0.0,0.0,0.0,1.0,-1.0,25.0,25.0,28.6,42.9,1487.6,1605.8
2024-07-22,2024,Cuiaba,Fluminense,0.0,1.0,A,U,2.52,2.96,3.11,9,0.0,0.0,1.0,2.0,2.0,1.0,1.0,3.0,3.0,0.0,-1.0,-2.0,1.0,0.0,0.0,0.0,0.0,0.0,0.0,12.5,50.0,0.0,87.5,1524.6,1488.2
2024-07-21,2024,Palmeiras,Cruzeiro,2.0,0.0,H,U,1.71,3.69,4.93,10,3.0,1.0,0.0,2.0,7.0,3.0,4.0,1.0,3.0,-2.0,6.0,0.0,6.0,3.0,1.0,2.0,0.0,0.0,0.0,66.7,22.2,22.2,55.6,1673.0,1556.1
2024-07-21,2024,Juventude,Sao Paulo,0.0,0.0,D,U,3.64,3.25,2.1,9,2.0,1.0,0.0,2.0,6.0,4.0,2.0,2.0,7.0,-5.0,4.0,-3.0,7.0,1.0,0.0,1.0,0.0,1.0,-1.0,62.5,0.0,37.5,37.5,1451.1,1595.7
2024-07-21,2024,Gremio,Vitoria,2.0,0.0,H,U,1.79,3.4,4.9,9,1.0,1.0,1.0,2.0,3.0,4.0,-1.0,4.0,6.0,-2.0,-1.0,-2.0,1.0,0.0,0.0,0.0,1.0,1.0,0.0,37.5,50.0,12.5,62.5,1524.4,1434.2
2024-07-21,2024,Fortaleza,Atletico GO,3.0,1.0,H,O,1.72,3.61,5.03,10,3.0,0.0,0.0,2.0,6.0,3.0,3.0,2.0,7.0,-5.0,4.0,-4.0,8.0,1.0,0.0,1.0,0.0,2.0,-2.0,66.7,0.0,22.2,44.4,1600.1,1442.7
2024-07-21,2024,Bragantino,Athletico-PR,1.0,0.0,H,U,1.97,3.38,3.92,8,3.0,2.0,0.0,1.0,7.0,3.0,4.0,3.0,3.0,0.0,4.0,0.0,4.0,1.0,0.0,1.0,0.0,1.0,-1.0,71.4,14.3,37.5,37.5,1553.7,1571.3
2024-07-21,2024,Bahia,Corinthians,0.0,1.0,A,U,1.68,3.79,5.07,9,2.0,0.0,1.0,3.0,5.0,0.0,5.0,3.0,7.0,-4.0,2.0,-7.0,9.0,1.0,0.0,1.0,0.0,3.0,-3.0,87.5,12.5,0.0,77.8,1549.8,1525.3
2024-07-21,2024,Atletico-MG,Vasco,2.0,0.0,H,U,1.7,3.77,4.92,9,1.0,2.0,1.0,1.0,5.0,4.0,1.0,6.0,3.0,3.0,-1.0,1.0,-2.0,0.0,0.0,0.0,1.0,0.0,1.0,25.0,25.0,25.0,75.0,1611.6,1526.7
2024-07-20,2024,Flamengo RJ,Criciuma,2.0,1.0,H,O,1.4,4.58,7.9,9,1.0,0.0,1.0,3.0,4.0,3.0,1.0,4.0,6.0,-2.0,0.0,-3.0,3.0,0.0,0.0,0.0,0.0,0.0,0.0,62.5,25.0,28.6,57.1,1644.1,1493.5
2024-07-20,2024,Botafogo RJ,Internacional,1.0,0.0,H,U,1.91,3.26,4.43,9,3.0,1.0,0.0,0.0,6.0,3.0,3.0,1.0,2.0,-1.0,5.0,1.0,4.0,1.0,0.0,1.0,0.0,0.0,0.0,75.0,12.5,42.9,28.6,1616.3,1586.4
2024-07-18,2024,Sao Paulo,Gremio,1.0,0.0,H,U,1.56,3.78,6.54,9,3.0,0.0,0.0,2.0,7.0,1.0,6.0,2.0,5.0,-3.0,5.0,-4.0,9.0,2.0,0.0,2.0,0.0,1.0,-1.0,62.5,25.0,0.0,83.3,1587.3,1532.8
2024-07-18,2024,Fortaleza,Vitoria,3.0,1.0,H,O,1.62,3.75,5.66,9,3.0,1.0,0.0,2.0,6.0,4.0,2.0,1.0,5.0,-4.0,5.0,-1.0,6.0,1.0,0.0,1.0,0.0,0.0,0.0,62.5,0.0,14.3,57.1,1594.2,1440.0
2024-07-18,2024,Botafogo RJ,Palmeiras,1.0,0.0,H,U,2.79,3.23,2.56,8,2.0,1.0,0.0,1.0,6.0,6.0,0.0,2.0,5.0,-3.0,4.0,1.0,3.0,1.0,1.0,0.0,0.0,1.0,-1.0,71.4,14.3,57.1,14.3,1604.0,1685.3
2024-07-17,2024,Corinthians,Criciuma,2.0,1.0,H,O,1.78,3.54,4.68,8,1.0,1.0,0.0,2.0,6.0,4.0,2.0,5.0,5.0,0.0,1.0,-1.0,2.0,0.0,0.0,0.0,0.0,0.0,0.0,28.6,14.3,33.3,50.0,1515.7,1503.1
2024-07-17,2024,Atletico GO,Vasco,0.0,1.0,A,U,2.22,3.2,3.38,8,0.0,1.0,2.0,2.0,3.0,3.0,0.0,5.0,5.0,0.0,-2.0,-2.0,0.0,0.0,0.0,0.0,0.0,1.0,-1.0,0.0,71.4,14.3,85.7,1450.7,1518.6
2024-07-16,2024,Juventude,Atletico-MG,1.0,1.0,D,U,3.98,3.48,1.93,8,3.0,1.0,0.0,2.0,7.0,4.0,3.0,1.0,8.0,-7.0,6.0,-4.0,10.0,2.0,0.0,2.0,0.0,2.0,-2.0,71.4,0.0,42.9,28.6,1446.5,1616.1
2024-07-13,2024,Cruzeiro,Bragantino,2.0,1.0,H,O,2.08,3.32,3.62,7,3.0,0.0,0.0,2.0,7.0,2.0,5.0,0.0,5.0,-5.0,7.0,-3.0,10.0,3.0,0.0,3.0,0.0,1.0,-1.0,100.0,0.0,12.5,50.0,1545.5,1564.2
2024-07-13,2024,Bahia,Cuiaba,1.0,2.0,A,O,1.65,3.59,5.71,8,3.0,1.0,0.0,0.0,8.0,3.0,5.0,2.0,2.0,0.0,6.0,1.0,5.0,2.0,0.0,2.0,0.0,0.0,0.0,100.0,0.0,28.6,42.9,1561.2,1513.2
2024-07-12,2024,Vitoria,Botafogo RJ,0.0,1.0,A,U,3.09,3.0,2.51,9,2.0,1.0,1.0,1.0,6.0,4.0,2.0,4.0,4.0,0.0,2.0,0.0,2.0,1.0,0.0,1.0,0.0,0.0,0.0,37.5,50.0,50.0,25.0,1445.9,1598.1
2024-07-12,2024,Flamengo RJ,Fortaleza,1.0,2.0,A,O,1.6,3.8,5.89,8,2.0,0.0,0.0,2.0,5.0,1.0,4.0,3.0,8.0,-5.0,2.0,-7.0,9.0,0.0,0.0,0.0,0.0,2.0,-2.0,71.4,14.3,16.7,50.0,1656.2,1582.1
2024-07-12,2024,Criciuma,Fluminense,1.0,1.0,D,U,2.0,3.28,3.98,8,2.0,0.0,0.0,3.0,4.0,0.0,4.0,2.0,4.0,-2.0,2.0,-4.0,6.0,0.0,0.0,0.0,0.0,1.0,-1.0,28.6,28.6,0.0,100.0,1503.6,1487.7
2024-07-12,2024,Atletico-MG,Sao Paulo,2.0,1.0,H,O,2.48,3.07,3.06,8,0.0,1.0,1.0,1.0,4.0,5.0,-1.0,6.0,7.0,-1.0,-2.0,-2.0,0.0,0.0,0.0,0.0,1.0,1.0,0.0,14.3,28.6,42.9,28.6,1606.4,1597.0
2024-07-11,2024,Palmeiras,Atletico GO,3.0,1.0,H,O,1.37,4.77,8.59,9,3.0,0.0,0.0,1.0,7.0,2.0,5.0,1.0,4.0,-3.0,6.0,-2.0,8.0,3.0,0.0,3.0,0.0,1.0,-1.0,62.5,25.0,25.0,37.5,1681.1,1455.0
2024-07-10,2024,Vasco,Corinthians,2.0,0.0,H,U,2.28,3.13,3.35,9,2.0,0.0,0.0,2.0,7.0,1.0,6.0,2.0,6.0,-4.0,5.0,-5.0,10.0,2.0,0.0,2.0,0.0,2.0,-2.0,50.0,25.0,0.0,75.0,1508.1,1526.2
2024-07-10,2024,Gremio,Cruzeiro,0.0,2.0,A,U,2.52,3.18,2.88,8,1.0,0.0,1.0,3.0,3.0,2.0,1.0,3.0,7.0,-4.0,0.0,-5.0,5.0,0.0,0.0,0.0,0.0,1.0,-1.0,42.9,42.9,12.5,62.5,1543.0,1535.3
2024-07-10,2024,Athletico-PR,Bahia,1.0,3.0,A,O,2.29,3.31,3.16,8,0.0,0.0,1.0,3.0,3.0,2.0,1.0,4.0,7.0,-3.0,-1.0,-5.0,4.0,0.0,0.0,0.0,0.0,2.0,-2.0,57.1,14.3,12.5,50.0,1582.2,1550.2
2024-07-08,2024,Botafogo RJ,Atletico-MG,3.0,0.0,H,O,1.96,3.4,3.88,7,2.0,2.0,0.0,1.0,4.0,6.0,-2.0,2.0,6.0,-4.0,2.0,0.0,2.0,0.0,0.0,0.0,0.0,1.0,-1.0,66.7,16.7,50.0,16.7,1587.2,1617.2
2024-07-07,2024,Vitoria,Criciuma,2.0,1.0,H,O,2.17,3.15,3.55,8,2.0,1.0,1.0,2.0,6.0,4.0,2.0,4.0,6.0,-2.0,2.0,-2.0,4.0,1.0,0.0,1.0,0.0,1.0,-1.0,28.6,57.1,40.0,40.0,1433.6,1515.9
2024-07-07,2024,Sao Paulo,Bragantino,2.0,0.0,H,U,1.95,3.27,4.08,8,2.0,0.0,1.0,2.0,5.0,3.0,2.0,3.0,5.0,-2.0,2.0,-2.0,4.0,1.0,0.0,1.0,0.0,0.0,0.0,57.1,28.6,14.3,42.9,1587.4,1573.8
2024-07-07,2024,Palmeiras,Bahia,2.0,0.0,H,U,1.66,4.07,4.72,8,3.0,0.0,0.0,2.0,7.0,4.0,3.0,2.0,7.0,-5.0,5.0,-3.0,8.0,2.0,0.0,2.0,0.0,1.0,-1.0,57.1,28.6,14.3,42.9,1674.3,1557.0
2024-07-07,2024,Juventude,Gremio,3.0,0.0,H,O,2.59,3.14,2.81,7,2.0,0.0,0.0,2.0,5.0,2.0,3.0,2.0,4.0,-2.0,3.0,-2.0,5.0,1.0,0.0,1.0,0.0,0.0,0.0,66.7,0.0,0.0,80.0,1433.1,1556.4
2024-07-07,2024,Internacional,Vasco,1.0,2.0,A,O,1.67,3.57,5.54,6,1.0,0.0,1.0,3.0,2.0,1.0,1.0,2.0,6.0,-4.0,0.0,-5.0,5.0,0.0,0.0,0.0,0.0,2.0,-2.0,40.0,20.0,0.0,100.0,1599.3,1495.2
2024-07-07,2024,Fortaleza,Fluminense,1.0,0.0,H,U,1.72,3.55,5.05,8,3.0,0.0,0.0,3.0,6.0,0.0,6.0,1.0,4.0,-3.0,5.0,-4.0,9.0,1.0,0.0,1.0,0.0,1.0,-1.0,57.1,0.0,0.0,100.0,1574.4,1495.5
2024-07-07,2024,Flamengo RJ,Cuiaba,1.0,1.0,D,U,1.41,4.29,8.12,7,3.0,1.0,0.0,1.0,6.0,3.0,3.0,3.0,3.0,0.0,3.0,0.0,3.0,0.0,0.0,0.0,0.0,0.0,0.0,83.3,16.7,33.3,50.0,1660.3,1509.1
2024-07-07,2024,Cruzeiro,Corinthians,3.0,0.0,H,O,1.79,3.54,4.53,6,3.0,0.0,0.0,2.0,6.0,1.0,5.0,1.0,4.0,-3.0,5.0,-3.0,8.0,2.0,0.0,2.0,0.0,1.0,-1.0,100.0,0.0,0.0,71.4,1525.0,1536.5
2024-07-07,2024,Atletico GO,Athletico-PR,1.0,2.0,A,O,1.94,3.36,4.02,7,0.0,1.0,1.0,1.0,4.0,2.0,2.0,5.0,3.0,2.0,-1.0,-1.0,0.0,0.0,0.0,0.0,0.0,1.0,-1.0,0.0,66.7,28.6,42.9,1461.9,1575.3
2024-07-05,2024,Fluminense,Internacional,1.0,1.0,D,U,2.72,3.0,2.77,8,0.0,1.0,3.0,1.0,1.0,3.0,-2.0,4.0,3.0,1.0,-3.0,0.0,-3.0,0.0,0.0,0.0,0.0,0.0,0.0,14.3,42.9,50.0,33.3,1492.4,1602.3
2024-07-05,2024,Corinthians,Vitoria,3.0,2.0,H,O,1.83,3.3,4.74,7,0.0,1.0,1.0,1.0,3.0,3.0,0.0,4.0,3.0,1.0,-1.0,0.0,-1.0,0.0,0.0,0.0,0.0,0.0,0.0,16.7,16.7,16.7,50.0,1529.0,1441.1
2024-07-04,2024,Vasco,Fortaleza,2.0,0.0,H,U,2.27,3.19,3.25,8,1.0,0.0,0.0,2.0,5.0,1.0,4.0,2.0,7.0,-5.0,3.0,-6.0,9.0,1.0,0.0,1.0,0.0,1.0,-1.0,42.9,28.6,20.0,40.0,1482.3,1587.3
2024-07-04,2024,Gremio,Palmeiras,2.0,2.0,D,O,3.1,3.2,2.35,7,1.0,2.0,2.0,1.0,2.0,6.0,-4.0,3.0,4.0,-1.0,-1.0,2.0,-3.0,0.0,1.0,-1.0,0.0,1.0,-1.0,50.0,50.0,66.7,16.7,1553.0,1677.8
2024-07-04,2024,Criciuma,Cruzeiro,1.0,0.0,H,U,2.47,2.98,3.11,7,1.0,0.0,0.0,2.0,5.0,2.0,3.0,4.0,6.0,-2.0,1.0,-4.0,5.0,0.0,0.0,0.0,0.0,1.0,-1.0,16.7,33.3,14.3,57.1,1505.0,1535.9
2024-07-04,2024,Bragantino,Atletico GO,3.0,1.0,H,O,1.82,3.42,4.52,7,2.0,1.0,1.0,0.0,5.0,3.0,2.0,4.0,2.0,2.0,1.0,1.0,0.0,0.0,0.0,0.0,0.0,0.0,0.0,66.7,16.7,28.6,28.6,1566.6,1469.1
2024-07-04,2024,Bahia,Juventude,2.0,0.0,H,U,1.51,4.22,6.18,7,3.0,0.0,0.0,3.0,7.0,3.0,4.0,2.0,7.0,-5.0,5.0,-4.0,9.0,1.0,0.0,1.0,0.0,1.0,-1.0,100.0,0.0,0.0,66.7,1550.1,1440.1
2024-07-04,2024,Atletico-MG,Flamengo RJ,2.0,4.0,A,O,2.74,3.08,2.69,7,0.0,1.0,1.0,1.0,2.0,3.0,-1.0,6.0,3.0,3.0,-4.0,0.0,-4.0,0.0,0.0,0.0,1.0,0.0,1.0,16.7,16.7,42.9,14.3,1626.5,1651.0
2024-07-04,2024,Athletico-PR,Sao Paulo,1.0,2.0,A,O,2.32,3.1,3.26,7,1.0,0.0,0.0,1.0,5.0,3.0,2.0,3.0,6.0,-3.0,2.0,-3.0,5.0,1.0,0.0,1.0,0.0,1.0,-1.0,66.7,0.0,33.3,33.3,1585.6,1577.2
2024-07-03,2024,Cuiaba,Botafogo RJ,1.0,2.0,A,O,2.54,2.99,3.03,8,1.0,1.0,0.0,1.0,6.0,4.0,2.0,1.0,4.0,-3.0,5.0,0.0,5.0,1.0,0.0,1.0,0.0,0.0,0.0,14.3,42.9,42.9,28.6,1517.3,1579.0
2024-07-02,2024,Palmeiras,Corinthians,2.0,0.0,H,U,1.58,4.02,5.59,7,3.0,0.0,0.0,1.0,7.0,3.0,4.0,2.0,4.0,-2.0,5.0,-1.0,6.0,2.0,0.0,2.0,0.0,0.0,0.0,50.0,33.3,0.0,66.7,1671.5,1535.3
2024-06-30,2024,Vitoria,Athletico-PR,0.0,1.0,A,U,2.29,3.16,3.25,7,2.0,0.0,1.0,2.0,6.0,1.0,5.0,5.0,4.0,1.0,1.0,-3.0,4.0,1.0,0.0,1.0,1.0,1.0,0.0,33.3,50.0,16.7,50.0,1447.5,1579.2
2024-06-30,2024,Sao Paulo,Bahia,3.0,1.0,H,O,1.96,3.36,3.96,7,2.0,0.0,1.0,1.0,4.0,4.0,0.0,2.0,5.0,-3.0,2.0,-1.0,3.0,1.0,0.0,1.0,0.0,0.0,0.0,50.0,33.3,16.7,33.3,1567.4,1559.8
2024-06-30,2024,Gremio,Fluminense,1.0,0.0,H,U,1.91,3.33,4.26,6,0.0,0.0,3.0,3.0,1.0,1.0,0.0,5.0,5.0,0.0,-4.0,-4.0,0.0,0.0,0.0,0.0,1.0,1.0,0.0,40.0,60.0,0.0,100.0,1544.2,1501.2
2024-06-30,2024,Fortaleza,Juventude,2.0,1.0,H,O,1.63,3.66,5.78,7,3.0,0.0,0.0,2.0,5.0,3.0,2.0,0.0,6.0,-6.0,5.0,-3.0,8.0,1.0,0.0,1.0,0.0,1.0,-1.0,50.0,0.0,0.0,60.0,1581.0,1446.4
2024-06-30,2024,Flamengo RJ,Cruzeiro,2.0,1.0,H,O,1.64,3.89,5.28,6,3.0,0.0,0.0,2.0,6.0,1.0,5.0,2.0,6.0,-4.0,4.0,-5.0,9.0,1.0,0.0,1.0,0.0,2.0,-2.0,80.0,20.0,16.7,50.0,1643.8,1543.0
2024-06-30,2024,Criciuma,Internacional,1.0,1.0,D,U,2.79,2.96,2.74,6,1.0,2.0,1.0,1.0,6.0,3.0,3.0,8.0,2.0,6.0,-2.0,1.0,-3.0,0.0,0.0,0.0,1.0,0.0,1.0,20.0,40.0,60.0,40.0,1502.1,1605.2
2024-06-30,2024,Atletico-MG,Atletico GO,1.0,1.0,D,U,2.01,3.38,3.73,6,0.0,1.0,1.0,1.0,2.0,2.0,0.0,6.0,2.0,4.0,-4.0,0.0,-4.0,0.0,0.0,0.0,1.0,0.0,1.0,20.0,20.0,33.3,33.3,1631.0,1464.7
2024-06-29,2024,Vasco,Botafogo RJ,1.0,1.0,D,U,3.01,3.09,2.47,7,1.0,2.0,1.0,1.0,5.0,4.0,1.0,7.0,3.0,4.0,-2.0,1.0,-3.0,1.0,0.0,1.0,1.0,0.0,1.0,50.0,33.3,50.0,33.3,1479.4,1581.9
2024-06-29,2024,Cuiaba,Bragantino,1.0,1.0,D,U,2.69,3.05,2.77,7,1.0,1.0,0.0,2.0,5.0,4.0,1.0,0.0,4.0,-4.0,5.0,0.0,5.0,1.0,1.0,0.0,0.0,0.0,0.0,16.7,50.0,16.7,50.0,1515.9,1568.1
2024-06-28,2024,Sao Paulo,Criciuma,2.0,1.0,H,O,1.53,4.05,6.14,6,2.0,2.0,1.0,1.0,4.0,7.0,-3.0,2.0,4.0,-2.0,2.0,3.0,-1.0,1.0,1.0,0.0,0.0,1.0,-1.0,40.0,40.0,50.0,25.0,1558.8,1510.8
2024-06-27,2024,Juventude,Flamengo RJ,2.0,1.0,H,O,4.55,3.31,1.86,6,2.0,2.0,0.0,0.0,4.0,8.0,-4.0,1.0,2.0,-1.0,3.0,6.0,-3.0,1.0,1.0,0.0,0.0,0.0,0.0,60.0,0.0,50.0,0.0,1430.6,1659.6
2024-06-27,2024,Internacional,Atletico-MG,1.0,2.0,A,O,2.13,3.05,3.8,5,1.0,1.0,0.0,1.0,2.0,6.0,-4.0,1.0,7.0,-6.0,1.0,-1.0,2.0,0.0,0.0,0.0,0.0,1.0,-1.0,50.0,0.0,40.0,20.0,1615.0,1621.2
2024-06-27,2024,Fortaleza,Palmeiras,3.0,0.0,H,O,3.1,3.09,2.41,6,2.0,3.0,0.0,0.0,3.0,8.0,-5.0,1.0,1.0,0.0,2.0,7.0,-5.0,0.0,2.0,-2.0,0.0,0.0,0.0,40.0,0.0,80.0,0.0,1567.7,1684.7
2024-06-27,2024,Fluminense,Vitoria,0.0,1.0,A,U,1.86,3.47,4.26,7,0.0,0.0,2.0,1.0,2.0,2.0,0.0,4.0,3.0,1.0,-2.0,-1.0,-1.0,0.0,0.0,0.0,0.0,0.0,0.0,16.7,33.3,0.0,60.0,1513.4,1435.3
2024-06-27,2024,Corinthians,Cuiaba,1.0,1.0,D,U,2.0,3.19,4.08,6,0.0,2.0,1.0,1.0,2.0,7.0,-5.0,3.0,4.0,-1.0,-1.0,3.0,-4.0,0.0,1.0,-1.0,0.0,0.0,0.0,20.0,20.0,40.0,60.0,1535.9,1515.3
2024-06-27,2024,Bahia,Vasco,2.0,1.0,H,O,1.59,3.93,5.59,6,3.0,0.0,0.0,3.0,6.0,0.0,6.0,1.0,5.0,-4.0,5.0,-5.0,10.0,1.0,0.0,1.0,0.0,2.0,-2.0,100.0,0.0,0.0,100.0,1551.7,1487.6
2024-06-27,2024,Atletico GO,Gremio,1.0,1.0,D,U,2.19,3.15,3.48,6,0.0,0.0,2.0,3.0,3.0,1.0,2.0,5.0,4.0,1.0,-2.0,-3.0,1.0,0.0,0.0,0.0,0.0,0.0,0.0,0.0,80.0,0.0,100.0,1462.3,1546.6
2024-06-26,2024,Cruzeiro,Athletico-PR,2.0,0.0,H,U,2.14,3.1,3.7,5,3.0,1.0,0.0,1.0,7.0,3.0,4.0,2.0,2.0,0.0,5.0,1.0,4.0,2.0,1.0,1.0,0.0,0.0,0.0,100.0,0.0,20.0,40.0,1531.3,1590.9
2024-06-26,2024,Botafogo RJ,Bragantino,2.0,1.0,H,O,1.95,3.4,3.93,6,1.0,1.0,1.0,2.0,3.0,3.0,0.0,3.0,3.0,0.0,0.0,0.0,0.0,0.0,1.0,-1.0,0.0,0.0,0.0,60.0,20.0,20.0,40.0,1571.7,1578.2
2024-06-23,2024,Vasco,Sao Paulo,4.0,1.0,H,O,3.33,3.12,2.28,6,1.0,1.0,1.0,0.0,3.0,5.0,-2.0,7.0,3.0,4.0,-4.0,2.0,-6.0,0.0,1.0,-1.0,1.0,0.0,1.0,40.0,40.0,40.0,20.0,1474.9,1571.5
2024-06-23,2024,Palmeiras,Juventude,3.0,1.0,H,O,1.39,4.49,8.17,6,2.0,0.0,1.0,2.0,4.0,3.0,1.0,3.0,8.0,-5.0,1.0,-5.0,6.0,1.0,0.0,1.0,1.0,1.0,0.0,40.0,40.0,0.0,50.0,1680.8,1434.5
2024-06-23,2024,Fluminense,Flamengo RJ,0.0,1.0,A,U,4.44,3.7,1.77,6,0.0,1.0,1.0,0.0,4.0,8.0,-4.0,5.0,3.0,2.0,-1.0,5.0,-6.0,0.0,1.0,-1.0,0.0,0.0,0.0,20.0,20.0,40.0,0.0,1519.7,1653.2
2024-06-23,2024,Bragantino,Vitoria,2.0,1.0,H,O,1.51,4.04,6.48,6,1.0,0.0,1.0,1.0,4.0,2.0,2.0,4.0,3.0,1.0,0.0,-1.0,1.0,0.0,0.0,0.0,0.0,0.0,0.0,60.0,20.0,0.0,50.0,1571.8,1441.7
2024-06-23,2024,Bahia,Cruzeiro,4.0,1.0,H,O,2.05,3.26,3.76,5,3.0,1.0,0.0,1.0,3.0,1.0,2.0,0.0,2.0,-2.0,3.0,-1.0,4.0,0.0,0.0,0.0,0.0,1.0,-1.0,100.0,0.0,20.0,40.0,1541.7,1541.3
2024-06-23,2024,Atletico-MG,Fortaleza,1.0,1.0,D,U,1.74,3.51,4.97,5,1.0,0.0,1.0,2.0,4.0,0.0,4.0,5.0,6.0,-1.0,-1.0,-6.0,5.0,1.0,0.0,1.0,1.0,1.0,0.0,25.0,25.0,25.0,50.0,1622.8,1566.1
2024-06-23,2024,Athletico-PR,Corinthians,1.0,1.0,D,U,1.64,3.89,5.2,6,2.0,0.0,0.0,2.0,5.0,2.0,3.0,2.0,5.0,-3.0,3.0,-3.0,6.0,1.0,0.0,1.0,0.0,1.0,-1.0,80.0,0.0,0.0,80.0,1592.5,1534.2
2024-06-22,2024,Gremio,Internacional,0.0,1.0,A,U,3.03,2.97,2.55,5,1.0,1.0,2.0,2.0,2.0,2.0,0.0,4.0,3.0,1.0,-2.0,-1.0,-1.0,0.0,0.0,0.0,1.0,0.0,1.0,50.0,50.0,50.0,50.0,1555.1,1606.5
2024-06-22,2024,Cuiaba,Atletico GO,0.0,0.0,D,U,2.05,3.15,3.91,6,1.0,2.0,1.0,1.0,5.0,4.0,1.0,1.0,2.0,-1.0,4.0,2.0,2.0,1.0,1.0,0.0,0.0,0.0,0.0,20.0,60.0,40.0,40.0,1516.9,1460.7
2024-06-22,2024,Criciuma,Botafogo RJ,2.0,1.0,H,O,3.0,3.21,2.4,5,0.0,2.0,2.0,0.0,5.0,4.0,1.0,9.0,2.0,7.0,-4.0,2.0,-6.0,0.0,0.0,0.0,1.0,0.0,1.0,0.0,50.0,60.0,20.0,1498.4,1584.1
2024-06-21,2024,Palmeiras,Bragantino,2.0,1.0,H,O,1.71,3.67,4.9,5,1.0,1.0,1.0,1.0,2.0,3.0,-1.0,2.0,2.0,0.0,0.0,1.0,-1.0,1.0,1.0,0.0,1.0,0.0,1.0,25.0,50.0,25.0,25.0,1673.5,1579.2
2024-06-21,2024,Flamengo RJ,Bahia,2.0,1.0,H,O,1.6,3.96,5.38,5,2.0,1.0,1.0,0.0,4.0,5.0,-1.0,3.0,4.0,-1.0,1.0,1.0,0.0,1.0,0.0,1.0,1.0,0.0,1.0,75.0,25.0,20.0,20.0,1646.0,1548.9
2024-06-20,2024,Vitoria,Atletico-MG,4.0,2.0,H,O,2.91,2.9,2.7,6,1.0,2.0,2.0,0.0,3.0,7.0,-4.0,6.0,3.0,3.0,-3.0,4.0,-7.0,0.0,1.0,-1.0,2.0,0.0,2.0,20.0,60.0,50.0,0.0,1426.2,1638.2
2024-06-20,2024,Sao Paulo,Cuiaba,0.0,1.0,A,U,1.53,3.77,7.1,5,2.0,1.0,0.0,2.0,4.0,6.0,-2.0,1.0,5.0,-4.0,3.0,1.0,2.0,1.0,1.0,0.0,0.0,0.0,0.0,50.0,25.0,25.0,75.0,1583.7,1504.6
2024-06-20,2024,Juventude,Vasco,2.0,0.0,H,U,2.14,3.06,3.78,5,1.0,0.0,0.0,3.0,3.0,1.0,2.0,2.0,5.0,-3.0,1.0,-4.0,5.0,0.0,0.0,0.0,0.0,1.0,-1.0,50.0,0.0,0.0,100.0,1422.7,1486.7
2024-06-20,2024,Internacional,Corinthians,1.0,0.0,H,U,2.2,3.09,3.54,4,1.0,0.0,0.0,2.0,3.0,2.0,1.0,2.0,5.0,-3.0,1.0,-3.0,4.0,0.0,0.0,0.0,0.0,1.0,-1.0,33.3,0.0,0.0,75.0,1598.1,1542.6
2024-06-20,2024,Fortaleza,Gremio,1.0,0.0,H,U,1.89,3.39,4.28,5,1.0,0.0,0.0,3.0,3.0,2.0,1.0,2.0,5.0,-3.0,1.0,-3.0,4.0,0.0,0.0,0.0,0.0,0.0,0.0,25.0,0.0,0.0,100.0,1555.9,1565.4
2024-06-20,2024,Cruzeiro,Fluminense,2.0,0.0,H,U,1.75,3.57,4.78,4,3.0,0.0,0.0,3.0,8.0,1.0,7.0,4.0,6.0,-2.0,4.0,-5.0,9.0,1.0,0.0,1.0,0.0,1.0,-1.0,100.0,0.0,0.0,100.0,1531.4,1529.7
2024-06-19,2024,Botafogo RJ,Athletico-PR,1.0,1.0,D,U,1.98,3.26,4.04,5,2.0,1.0,1.0,1.0,7.0,3.0,4.0,3.0,2.0,1.0,4.0,1.0,3.0,1.0,1.0,0.0,0.0,0.0,0.0,75.0,25.0,25.0,50.0,1583.8,1592.8
2024-06-19,2024,Atletico GO,Criciuma,1.0,2.0,A,O,1.67,3.71,5.22,5,0.0,1.0,2.0,1.0,2.0,6.0,-4.0,6.0,4.0,2.0,-4.0,2.0,-6.0,0.0,1.0,-1.0,1.0,1.0,0.0,0.0,75.0,33.3,33.3,1470.2,1488.9
2024-06-18,2024,Atletico-MG,Palmeiras,0.0,4.0,A,O,2.63,3.07,2.81,4,1.0,2.0,0.0,0.0,5.0,4.0,1.0,2.0,1.0,1.0,3.0,3.0,0.0,1.0,1.0,0.0,0.0,0.0,0.0,33.3,0.0,75.0,0.0,1647.8,1663.9
2024-06-16,2024,Vitoria,Internacional,2.0,1.0,H,O,2.7,2.84,2.96,5,0.0,2.0,2.0,1.0,3.0,2.0,1.0,7.0,1.0,6.0,-4.0,1.0,-5.0,0.0,0.0,0.0,2.0,0.0,2.0,0.0,75.0,66.7,33.3,1411.0,1613.3
2024-06-16,2024,Vasco,Cruzeiro,0.0,0.0,D,U,2.78,3.07,2.67,5,1.0,1.0,2.0,2.0,3.0,1.0,2.0,11.0,5.0,6.0,-8.0,-4.0,-4.0,0.0,0.0,0.0,2.0,2.0,0.0,50.0,50.0,25.0,50.0,1485.3,1532.7
2024-06-16,2024,Gremio,Botafogo RJ,1.0,2.0,A,O,3.48,3.15,2.19,4,2.0,2.0,1.0,0.0,3.0,4.0,-1.0,2.0,1.0,1.0,1.0,3.0,-2.0,1.0,1.0,0.0,1.0,0.0,1.0,66.7,33.3,50.0,25.0,1575.5,1573.8
2024-06-16,2024,Fluminense,Atletico GO,1.0,2.0,A,O,1.87,3.41,4.31,5,1.0,1.0,0.0,1.0,5.0,3.0,2.0,4.0,2.0,2.0,1.0,1.0,0.0,0.0,1.0,-1.0,0.0,0.0,0.0,25.0,0.0,25.0,50.0,1542.1,1457.8
2024-06-16,2024,Cuiaba,Fortaleza,5.0,0.0,H,O,3.18,2.87,2.53,5,0.0,1.0,2.0,1.0,0.0,2.0,-2.0,3.0,2.0,1.0,-3.0,0.0,-3.0,0.0,0.0,0.0,1.0,0.0,1.0,0.0,75.0,33.3,33.3,1492.5,1568.0
2024-06-16,2024,Criciuma,Bahia,2.0,2.0,D,O,3.49,3.18,2.18,4,0.0,1.0,2.0,0.0,4.0,5.0,-1.0,8.0,4.0,4.0,-4.0,1.0,-5.0,0.0,0.0,0.0,1.0,0.0,1.0,0.0,66.7,25.0,25.0,1487.1,1550.8
2024-06-16,2024,Corinthians,Sao Paulo,2.0,2.0,D,O,3.34,3.02,2.34,5,1.0,2.0,1.0,0.0,3.0,6.0,-3.0,1.0,1.0,0.0,2.0,5.0,-3.0,1.0,2.0,-1.0,0.0,0.0,0.0,25.0,25.0,50.0,25.0,1541.4,1585.0
2024-06-16,2024,Athletico-PR,Flamengo RJ,1.0,1.0,D,U,2.58,3.11,2.84,5,3.0,1.0,0.0,0.0,5.0,7.0,-2.0,1.0,2.0,-1.0,4.0,5.0,-1.0,1.0,1.0,0.0,0.0,0.0,0.0,100.0,0.0,50.0,0.0,1591.2,1647.6
2024-06-15,2024,Bragantino,Juventude,2.0,1.0,H,O,1.59,3.83,5.87,5,1.0,0.0,1.0,1.0,3.0,3.0,0.0,3.0,7.0,-4.0,0.0,-4.0,4.0,0.0,0.0,0.0,0.0,1.0,-1.0,50.0,25.0,0.0,33.3,1573.1,1428.7
2024-06-14,2024,Palmeiras,Vasco,2.0,0.0,H,U,1.44,4.29,7.39,4,0.0,0.0,2.0,3.0,0.0,2.0,-2.0,3.0,5.0,-2.0,-3.0,-3.0,0.0,0.0,0.0,0.0,1.0,0.0,1.0,0.0,66.7,0.0,100.0,1658.4,1490.8
2024-06-14,2024,Internacional,Sao Paulo,0.0,0.0,D,U,2.38,2.99,3.28,3,,2.0,,1.0,,7.0,,,3.0,,,4.0,,,2.0,,,0.0,,50.0,0.0,66.7,33.3,1614.2,1584.1
2024-06-14,2024,Flamengo RJ,Gremio,2.0,1.0,H,O,1.56,3.93,6.11,4,2.0,,1.0,,4.0,,,3.0,,,1.0,,,1.0,,,1.0,,,66.7,33.3,0.0,100.0,1639.1,1583.9
2024-06-14,2024,Bahia,Fortaleza,1.0,0.0,H,U,1.85,3.58,4.17,4,3.0,,0.0,,4.0,,,1.0,,,3.0,,,0.0,,,0.0,,,100.0,0.0,50.0,0.0,1539.6,1579.1
2024-06-14,2024,Athletico-PR,Criciuma,3.0,1.0,H,O,1.47,4.23,6.85,4,3.0,,0.0,,6.0,,,0.0,,,6.0,,,1.0,,,0.0,,,100.0,0.0,50.0,0.0,1583.7,1494.6
2024-06-13,2024,Cruzeiro,Cuiaba,2.0,1.0,H,O,1.58,3.65,6.56,3,,1.0,,2.0,,5.0,,,7.0,,,-2.0,,,1.0,,,1.0,,100.0,0.0,33.3,66.7,1523.4,1501.9
2024-06-12,2024,Bragantino,Atletico-MG,1.0,2.0,A,O,2.29,3.12,3.27,4,2.0,1.0,0.0,0.0,4.0,5.0,-1.0,2.0,2.0,0.0,2.0,3.0,-1.0,0.0,1.0,-1.0,0.0,0.0,0.0,66.7,0.0,33.3,0.0,1581.5,1639.4
2024-06-12,2024,Botafogo RJ,Fluminense,1.0,0.0,H,U,1.96,3.29,4.06,4,2.0,0.0,1.0,3.0,7.0,2.0,5.0,3.0,7.0,-4.0,4.0,-5.0,9.0,1.0,0.0,1.0,0.0,1.0,-1.0,66.7,33.3,0.0,100.0,1564.1,1551.7
2024-06-11,2024,Juventude,Vitoria,1.0,1.0,D,U,1.97,3.14,4.25,4,2.0,0.0,0.0,2.0,4.0,2.0,2.0,1.0,5.0,-4.0,3.0,-3.0,6.0,1.0,0.0,1.0,0.0,1.0,-1.0,66.7,0.0,0.0,66.7,1429.3,1410.5
2024-06-11,2024,Atletico GO,Corinthians,2.0,2.0,D,O,2.59,3.02,2.91,4,0.0,0.0,3.0,3.0,1.0,0.0,1.0,6.0,5.0,1.0,-5.0,-5.0,0.0,0.0,0.0,0.0,1.0,2.0,-1.0,0.0,100.0,0.0,100.0,1455.3,1543.9
2024-06-09,2024,Criciuma,Cuiaba,2.0,5.0,A,O,2.13,3.06,3.76,3,,,,,,,,,,,,,,,,,,,,0.0,50.0,0.0,100.0,1505.0,1491.5
2024-06-06,2024,Cuiaba,Vitoria,0.0,0.0,D,U,2.18,2.95,3.8,4,0.0,,3.0,,0.0,,,6.0,,,-6.0,,,0.0,,,2.0,,,0.0,100.0,0.0,100.0,1493.9,1408.0
2024-06-05,2024,Juventude,Atletico GO,1.0,0.0,H,U,2.37,2.93,3.36,3,,1.0,,1.0,,3.0,,,2.0,,,1.0,,,1.0,,,0.0,,50.0,0.0,33.3,33.3,1417.9,1466.7
2024-06-02,2024,Vasco,Flamengo RJ,1.0,6.0,A,O,4.89,3.75,1.69,4,2.0,1.0,1.0,0.0,4.0,3.0,1.0,6.0,2.0,4.0,-2.0,1.0,-3.0,0.0,0.0,0.0,1.0,0.0,1.0,66.7,33.3,33.3,0.0,1497.1,1632.9
2024-06-02,2024,Sao Paulo,Cruzeiro,2.0,0.0,H,U,1.94,3.17,4.34,4,1.0,1.0,1.0,1.0,3.0,2.0,1.0,3.0,4.0,-1.0,0.0,-2.0,2.0,0.0,0.0,0.0,0.0,1.0,-1.0,33.3,33.3,33.3,33.3,1575.3,1532.1
2024-06-02,2024,Fortaleza,Athletico-PR,1.0,0.0,H,U,1.93,3.3,4.17,4,0.0,1.0,0.0,1.0,3.0,3.0,0.0,3.0,3.0,0.0,0.0,0.0,0.0,0.0,1.0,-1.0,0.0,1.0,-1.0,0.0,0.0,33.3,33.3,1568.4,1594.5
2024-06-02,2024,Criciuma,Palmeiras,1.0,2.0,A,O,4.61,3.28,1.86,2,,2.0,,0.0,,3.0,,,0.0,,,3.0,,,1.0,,,0.0,,0.0,0.0,66.7,0.0,1511.1,1652.3
2024-06-02,2024,Corinthians,Botafogo RJ,0.0,1.0,A,U,2.14,3.23,3.51,4,1.0,1.0,0.0,1.0,3.0,5.0,-2.0,0.0,4.0,-4.0,3.0,1.0,2.0,1.0,1.0,0.0,0.0,0.0,0.0,33.3,0.0,33.3,33.3,1553.9,1554.2
2024-06-02,2024,Atletico-MG,Bahia,1.0,1.0,D,U,1.77,3.63,4.49,3,,1.0,,1.0,,5.0,,,5.0,,,0.0,,,0.0,,,0.0,,50.0,0.0,33.3,33.3,1642.4,1536.7
2024-06-01,2024,Vitoria,Atletico GO,0.0,2.0,A,U,2.2,3.12,3.51,4,0.0,,2.0,,3.0,,,6.0,,,-3.0,,,0.0,,,1.0,,,0.0,66.7,0.0,50.0,1416.9,1457.9
2024-06-01,2024,Gremio,Bragantino,0.0,2.0,A,U,3.17,3.15,2.34,3,,0.0,,1.0,,3.0,,,4.0,,,-1.0,,,0.0,,,0.0,,100.0,0.0,0.0,33.3,1594.6,1570.8
2024-06-01,2024,Fluminense,Juventude,1.0,1.0,D,U,1.56,4.04,5.8,4,1.0,,0.0,,6.0,,,5.0,,,1.0,,,0.0,,,0.0,,,33.3,0.0,0.0,50.0,1555.6,1414.0
2024-06-01,2024,Cuiaba,Internacional,0.0,1.0,A,U,3.67,2.97,2.21,3,,,,,,,,,,,,,,,,,,,,0.0,100.0,50.0,50.0,1500.9,1607.2
2024-05-14,2024,Sao Paulo,Fluminense,2.0,1.0,H,O,1.69,3.6,5.15,3,,,,,,,,,,,,,,,,,,,,0.0,50.0,0.0,100.0,1565.3,1565.6
2024-05-12,2024,Vasco,Vitoria,2.0,1.0,H,O,1.73,3.6,4.89,3,,,,,,,,,,,,,,,,,,,,50.0,50.0,0.0,100.0,1488.9,1425.0
2024-05-12,2024,Palmeiras,Athletico-PR,0.0,2.0,A,U,1.7,3.67,4.96,3,,,,,,,,,,,,,,,,,,,,0.0,50.0,0.0,50.0,1664.6,1582.1
2024-05-12,2024,Fortaleza,Botafogo RJ,1.0,1.0,D,U,1.96,3.38,3.97,3,,,,,,,,,,,,,,,,,,,,0.0,0.0,50.0,50.0,1568.8,1553.7
2024-05-12,2024,Bahia,Bragantino,1.0,0.0,H,U,1.79,3.7,4.33,3,,,,,,,,,,,,,,,,,,,,100.0,0.0,0.0,0.0,1525.0,1582.4
2024-05-12,2024,Atletico GO,Cruzeiro,0.0,1.0,A,U,2.98,3.11,2.48,3,,,,,,,,,,,,,,,,,,,,0.0,100.0,0.0,50.0,1466.2,1523.8
2024-05-11,2024,Flamengo RJ,Corinthians,2.0,0.0,H,U,1.59,3.8,6.03,3,,,,,,,,,,,,,,,,,,,,50.0,50.0,0.0,100.0,1624.6,1562.1
2024-05-05,2024,Vitoria,Sao Paulo,1.0,3.0,A,O,3.66,3.04,2.18,3,,,,,,,,,,,,,,,,,,,,0.0,50.0,50.0,50.0,1431.5,1558.8
2024-05-05,2024,Cuiaba,Palmeiras,0.0,2.0,A,U,4.99,3.18,1.83,2,,,,,,,,,,,,,,,,,,,,0.0,100.0,50.0,0.0,1506.8,1658.7
2024-05-05,2024,Corinthians,Fortaleza,0.0,0.0,D,U,2.13,3.06,3.78,3,,,,,,,,,,,,,,,,,,,,50.0,0.0,100.0,0.0,1561.9,1569.0
2024-05-05,2024,Botafogo RJ,Bahia,1.0,2.0,A,O,2.11,3.48,3.34,3,,,,,,,,,,,,,,,,,,,,100.0,0.0,0.0,50.0,1565.2,1513.6
2024-05-05,2024,Athletico-PR,Vasco,1.0,0.0,H,U,1.66,3.73,5.22,3,,,,,,,,,,,,,,,,,,,,100.0,0.0,0.0,100.0,1574.3,1496.7
2024-05-04,2024,Fluminense,Atletico-MG,2.0,2.0,D,O,3.44,3.24,2.16,3,,,,,,,,,,,,,,,,,,,,50.0,0.0,50.0,0.0,1563.3,1644.7
2024-05-04,2024,Bragantino,Flamengo RJ,1.0,1.0,D,U,2.8,3.11,2.6,3,,,,,,,,,,,,,,,,,,,,100.0,0.0,50.0,0.0,1581.1,1625.9
2024-04-30,2024,Sao Paulo,Palmeiras,0.0,0.0,D,U,2.61,2.92,2.98,2,,,,,,,,,,,,,,,,,,,,0.0,100.0,100.0,0.0,1555.9,1661.7
2024-04-29,2024,Internacional,Atletico GO,1.0,1.0,D,U,1.53,3.79,6.63,2,,,,,,,,,,,,,,,,,,,,100.0,0.0,0.0,100.0,1611.2,1462.2
2024-04-28,2024,Juventude,Athletico-PR,1.0,1.0,D,U,2.91,2.97,2.62,2,,,,,,,,,,,,,,,,,,,,100.0,0.0,0.0,100.0,1409.5,1578.8
2024-04-28,2024,Fortaleza,Bragantino,1.0,1.0,D,U,2.2,3.18,3.38,2,,,,,,,,,,,,,,,,,,,,0.0,0.0,0.0,0.0,1568.6,1581.5
2024-04-28,2024,Flamengo RJ,Botafogo RJ,0.0,2.0,A,U,1.58,3.98,5.58,2,,,,,,,,,,,,,,,,,,,,100.0,0.0,0.0,100.0,1638.3,1552.8
2024-04-28,2024,Cruzeiro,Vitoria,3.0,1.0,H,O,1.53,3.95,6.35,2,,,,,,,,,,,,,,,,,,,,100.0,0.0,,,1515.9,1439.4
2024-04-28,2024,Corinthians,Fluminense,3.0,0.0,H,O,2.19,3.13,3.48,2,,,,,,,,,,,,,,,,,,,,0.0,0.0,0.0,100.0,1551.2,1573.9
2024-04-28,2024,Bahia,Gremio,1.0,0.0,H,U,1.72,3.76,4.65,2,,,,,,,,,,,,,,,,,,,,100.0,0.0,0.0,100.0,1500.6,1607.5
2024-04-27,2024,Vasco,Criciuma,0.0,4.0,A,O,1.66,3.57,5.58,2,,,,,,,,,,,,,,,,,,,,100.0,0.0,0.0,0.0,1506.9,1500.9
2024-04-27,2024,Cuiaba,Atletico-MG,0.0,3.0,A,O,3.51,2.85,2.35,1,,,,,,,,,,,,,,,,,,,,,,0.0,0.0,1513.4,1638.1
2024-04-21,2024,Vitoria,Bahia,2.0,2.0,D,O,3.26,3.25,2.26,2,,,,,,,,,,,,,,,,,,,,0.0,100.0,0.0,100.0,1437.5,1502.4
2024-04-21,2024,Palmeiras,Flamengo RJ,0.0,0.0,D,U,2.09,3.18,3.78,2,,,,,,,,,,,,,,,,,,,,0.0,100.0,100.0,0.0,1662.4,1637.6
2024-04-21,2024,Botafogo RJ,Juventude,5.0,1.0,H,O,1.6,3.71,6.03,2,,,,,,,,,,,,,,,,,,,,100.0,0.0,0.0,0.0,1546.4,1415.9
2024-04-21,2024,Atletico-MG,Cruzeiro,3.0,0.0,H,O,1.88,3.34,4.37,2,,,,,,,,,,,,,,,,,,,,0.0,0.0,0.0,0.0,1631.1,1522.9
2024-04-21,2024,Atletico GO,Sao Paulo,0.0,3.0,A,O,2.87,2.99,2.65,2,,,,,,,,,,,,,,,,,,,,0.0,100.0,0.0,100.0,1470.0,1548.1
2024-04-21,2024,Athletico-PR,Internacional,1.0,0.0,H,U,1.99,3.33,3.87,2,,,,,,,,,,,,,,,,,,,,100.0,0.0,100.0,0.0,1567.3,1622.8
2024-04-20,2024,Gremio,Cuiaba,1.0,0.0,H,U,1.7,3.45,5.47,2,,,,,,,,,,,,,,,,,,,,100.0,0.0,0.0,100.0,1599.8,1521.2
2024-04-20,2024,Fluminense,Vasco,2.0,1.0,H,O,1.96,3.38,3.93,2,,,,,,,,,,,,,,,,,,,,0.0,0.0,0.0,100.0,1565.3,1515.5
2024-04-20,2024,Bragantino,Corinthians,1.0,0.0,H,U,2.22,3.25,3.31,2,,,,,,,,,,,,,,,,,,,,100.0,0.0,0.0,100.0,1571.8,1560.9
2024-04-19,2024,Botafogo RJ,Atletico GO,1.0,0.0,H,U,1.76,3.55,4.73,1,,,,,,,,,,,,,,,,,,,,,,,,1538.1,1478.3
2024-04-18,2024,Palmeiras,Internacional,0.0,1.0,A,U,1.68,3.55,5.55,1,,,,,,,,,,,,,,,,,,,,,,,,1674.2,1611.0
2024-04-18,2024,Juventude,Corinthians,2.0,0.0,H,U,3.47,2.93,2.33,1,,,,,,,,,,,,,,,,,,,,,,,,1401.3,1575.5
2024-04-18,2024,Fortaleza,Cruzeiro,1.0,1.0,D,U,1.96,3.28,4.11,1,,,,,,,,,,,,,,,,,,,,,,,,1570.0,1521.5
2024-04-18,2024,Flamengo RJ,Sao Paulo,2.0,1.0,H,O,1.7,3.44,5.55,1,,,,,,,,,,,,,,,,,,,,,,,,1629.7,1556.0
2024-04-18,2024,Atletico-MG,Criciuma,1.0,1.0,D,U,1.43,4.31,7.83,1,,,,,,,,,,,,,,,,,,,,,,,,1634.9,1497.2
2024-04-17,2024,Gremio,Athletico-PR,2.0,0.0,H,U,2.6,3.22,2.75,1,,,,,,,,,,,,,,,,,,,,,,,,1590.1,1576.9
2024-04-17,2024,Bragantino,Vasco,2.0,1.0,H,O,1.94,3.44,3.96,1,,,,,,,,,,,,,,,,,,,,,,,,1562.9,1524.4
2024-04-17,2024,Bahia,Fluminense,2.0,1.0,H,O,2.11,3.4,3.43,1,,,,,,,,,,,,,,,,,,,,,,,,1490.0,1577.8
2024-04-14,2024,Vitoria,Palmeiras,0.0,1.0,A,U,3.72,3.32,2.04,1,,,,,,,,,,,,,,,,,,,,,,,,1441.8,1669.9
2024-04-14,2024,Vasco,Gremio,2.0,1.0,H,O,2.17,3.22,3.4,1,,,,,,,,,,,,,,,,,,,,,,,,1511.8,1602.7
2024-04-14,2024,Sao Paulo,Fortaleza,1.0,2.0,A,O,1.88,3.29,4.47,1,,,,,,,,,,,,,,,,,,,,,,,,1566.2,1559.9
2024-04-14,2024,Fluminense,Bragantino,2.0,2.0,D,O,1.78,3.48,4.79,1,,,,,,,,,,,,,,,,,,,,,,,,1578.3,1562.5
2024-04-14,2024,Cruzeiro,Botafogo RJ,3.0,2.0,H,O,2.2,3.12,3.5,1,,,,,,,,,,,,,,,,,,,,,,,,1510.4,1549.2
2024-04-14,2024,Corinthians,Atletico-MG,0.0,0.0,D,U,2.56,2.98,3.0,1,,,,,,,,,,,,,,,,,,,,,,,,1573.8,1636.7
2024-04-14,2024,Atletico GO,Flamengo RJ,1.0,2.0,A,O,4.83,3.69,1.72,1,,,,,,,,,,,,,,,,,,,,,,,,1484.5,1623.5
2024-04-14,2024,Athletico-PR,Cuiaba,4.0,0.0,H,O,1.57,3.69,6.61,1,,,,,,,,,,,,,,,,,,,,,,,,1568.0,1530.1
2024-04-13,2024,Internacional,Bahia,2.0,1.0,H,O,1.87,3.38,4.31,1,,,,,,,,,,,,,,,,,,,,,,,,1604.0,1497.0
2024-04-13,2024,Criciuma,Juventude,1.0,1.0,D,U,2.13,3.0,3.89,1,,,,,,,,,,,,,,,,,,,,,,,,1500.0,1398.4
2023-12-07,2023,Vasco,Bragantino,2.0,1.0,H,O,2.18,3.31,3.38,19,2.0,0.0,1.0,3.0,5.0,0.0,5.0,5.0,3.0,2.0,0.0,-3.0,3.0,0.0,0.0,0.0,1.0,0.0,1.0,44.4,44.4,33.3,33.3,1499.7,1574.6
2023-12-07,2023,Sao Paulo,Flamengo RJ,1.0,0.0,H,U,3.35,3.28,2.21,19,2.0,2.0,0.0,1.0,2.0,7.0,-5.0,0.0,3.0,-3.0,2.0,4.0,-2.0,0.0,2.0,-2.0,0.0,0.0,0.0,66.7,16.7,50.0,27.8,1553.9,1635.8
2023-12-07,2023,Santos,Fortaleza,1.0,2.0,A,O,1.94,3.28,4.23,19,0.0,1.0,1.0,1.0,0.0,4.0,-4.0,3.0,4.0,-1.0,-3.0,0.0,-3.0,0.0,0.0,0.0,1.0,0.0,1.0,33.3,27.8,27.8,55.6,1508.4,1551.1
2023-12-07,2023,Internacional,Botafogo RJ,3.0,1.0,H,O,2.09,3.36,3.56,19,1.0,0.0,0.0,0.0,2.0,5.0,-3.0,1.0,5.0,-4.0,1.0,0.0,1.0,0.0,0.0,0.0,0.0,0.0,0.0,44.4,27.8,38.9,27.8,1595.0,1558.1
2023-12-07,2023,Fluminense,Gremio,2.0,3.0,A,O,2.08,3.75,3.23,19,3.0,2.0,0.0,1.0,8.0,6.0,2.0,4.0,7.0,-3.0,4.0,-1.0,5.0,1.0,0.0,1.0,0.0,1.0,-1.0,72.2,5.6,33.3,50.0,1588.1,1592.8
2023-12-07,2023,Cuiaba,Athletico-PR,3.0,0.0,H,O,2.31,3.1,3.33,19,1.0,0.0,2.0,1.0,2.0,2.0,0.0,5.0,3.0,2.0,-3.0,-1.0,-2.0,0.0,0.0,0.0,2.0,0.0,2.0,27.8,38.9,22.2,44.4,1518.3,1579.7
2023-12-07,2023,Cruzeiro,Palmeiras,1.0,1.0,D,U,3.81,2.87,2.24,19,0.0,1.0,1.0,1.0,4.0,6.0,-2.0,5.0,8.0,-3.0,-1.0,-2.0,1.0,0.0,0.0,0.0,0.0,1.0,-1.0,22.2,38.9,33.3,27.8,1505.9,1674.5
2023-12-07,2023,Coritiba,Corinthians,0.0,2.0,A,U,3.23,3.22,2.29,19,1.0,2.0,1.0,1.0,2.0,5.0,-3.0,2.0,3.0,-1.0,0.0,2.0,-2.0,0.0,1.0,-1.0,0.0,0.0,0.0,22.2,55.6,27.8,50.0,1426.5,1567.6
2023-12-07,2023,Bahia,Atletico-MG,4.0,1.0,H,O,2.51,3.45,2.71,19,0.0,1.0,2.0,0.0,1.0,5.0,-4.0,5.0,2.0,3.0,-4.0,3.0,-7.0,0.0,1.0,-1.0,1.0,0.0,1.0,38.9,33.3,44.4,22.2,1482.5,1651.2
2023-12-06,2023,Goias,America MG,1.0,0.0,H,U,1.71,3.97,4.49,19,0.0,0.0,3.0,2.0,0.0,2.0,-2.0,4.0,7.0,-3.0,-4.0,-5.0,1.0,0.0,0.0,0.0,1.0,1.0,0.0,22.2,38.9,0.0,61.1,1458.4,1437.4
2023-12-03,2023,Palmeiras,Fluminense,1.0,0.0,H,U,1.27,5.76,10.63,19,3.0,1.0,0.0,0.0,8.0,4.0,4.0,0.0,1.0,-1.0,8.0,3.0,5.0,2.0,1.0,1.0,0.0,0.0,0.0,72.2,16.7,16.7,61.1,1666.4,1596.1
2023-12-03,2023,Gremio,Vasco,1.0,0.0,H,U,1.83,3.58,4.34,19,2.0,1.0,1.0,0.0,3.0,4.0,-1.0,2.0,2.0,0.0,1.0,2.0,-1.0,0.0,1.0,-1.0,0.0,0.0,0.0,72.2,16.7,16.7,44.4,1585.0,1507.5
2023-12-03,2023,Fortaleza,Goias,1.0,0.0,H,U,1.4,4.54,8.14,19,0.0,1.0,1.0,2.0,4.0,3.0,1.0,5.0,4.0,1.0,-1.0,-1.0,0.0,0.0,0.0,0.0,0.0,0.0,0.0,44.4,22.2,22.2,55.6,1543.3,1466.2
2023-12-03,2023,Flamengo RJ,Cuiaba,2.0,1.0,H,O,1.36,4.66,9.55,19,1.0,1.0,1.0,0.0,2.0,3.0,-1.0,4.0,0.0,4.0,-2.0,3.0,-5.0,0.0,1.0,-1.0,1.0,0.0,1.0,50.0,22.2,44.4,38.9,1628.7,1525.4
2023-12-03,2023,Bragantino,Coritiba,1.0,0.0,H,U,1.19,7.07,13.37,19,1.0,2.0,1.0,1.0,4.0,8.0,-4.0,4.0,5.0,-1.0,0.0,3.0,-3.0,0.0,1.0,-1.0,0.0,0.0,0.0,55.6,16.7,22.2,66.7,1568.3,1432.8
2023-12-03,2023,Botafogo RJ,Cruzeiro,0.0,0.0,D,U,1.92,3.42,4.14,19,0.0,2.0,2.0,1.0,7.0,2.0,5.0,9.0,1.0,8.0,-2.0,1.0,-3.0,0.0,0.0,0.0,0.0,0.0,0.0,61.1,22.2,38.9,33.3,1559.7,1504.3
2023-12-03,2023,Atletico-MG,Sao Paulo,2.0,1.0,H,O,1.66,3.57,5.85,19,3.0,1.0,0.0,1.0,8.0,1.0,7.0,2.0,1.0,1.0,6.0,0.0,6.0,2.0,0.0,2.0,0.0,0.0,0.0,55.6,27.8,5.6,50.0,1643.5,1561.5
2023-12-03,2023,Athletico-PR,Santos,3.0,0.0,H,O,1.97,3.37,4.0,19,0.0,2.0,0.0,0.0,2.0,4.0,-2.0,2.0,2.0,0.0,0.0,2.0,-2.0,0.0,0.0,0.0,0.0,0.0,0.0,50.0,5.6,27.8,55.6,1571.3,1516.8
2023-12-03,2023,America MG,Bahia,3.0,2.0,H,O,3.74,3.67,1.94,19,0.0,1.0,2.0,2.0,1.0,5.0,-4.0,7.0,3.0,4.0,-6.0,2.0,-8.0,0.0,1.0,-1.0,2.0,0.0,2.0,22.2,66.7,22.2,61.1,1425.4,1494.4
2023-12-02,2023,Corinthians,Internacional,1.0,2.0,A,O,2.52,2.87,3.23,19,1.0,2.0,1.0,1.0,3.0,4.0,-1.0,6.0,4.0,2.0,-3.0,0.0,-3.0,0.0,1.0,-1.0,1.0,1.0,0.0,33.3,11.1,27.8,44.4,1577.4,1585.3
2023-11-30,2023,Palmeiras,America MG,4.0,0.0,H,O,1.19,7.31,13.82,18,3.0,0.0,0.0,2.0,5.0,4.0,1.0,0.0,6.0,-6.0,5.0,-2.0,7.0,1.0,0.0,1.0,0.0,0.0,0.0,70.6,17.6,0.0,58.8,1662.3,1429.5
2023-11-30,2023,Gremio,Goias,2.0,1.0,H,O,1.52,4.31,6.01,18,2.0,1.0,1.0,2.0,4.0,5.0,-1.0,3.0,7.0,-4.0,1.0,-2.0,3.0,0.0,0.0,0.0,0.0,1.0,-1.0,70.6,17.6,23.5,52.9,1578.0,1473.3
2023-11-30,2023,Cruzeiro,Athletico-PR,1.0,1.0,D,U,2.0,3.34,3.99,18,1.0,0.0,1.0,2.0,6.0,1.0,5.0,4.0,3.0,1.0,2.0,-2.0,4.0,1.0,0.0,1.0,0.0,0.0,0.0,23.5,41.2,23.5,47.1,1502.3,1573.3
2023-11-30,2023,Coritiba,Botafogo RJ,1.0,1.0,D,U,4.69,3.69,1.76,18,1.0,0.0,2.0,1.0,2.0,4.0,-2.0,3.0,5.0,-2.0,-1.0,-1.0,0.0,0.0,0.0,0.0,0.0,0.0,0.0,23.5,58.8,41.2,29.4,1429.1,1563.4
2023-11-30,2023,Bragantino,Fortaleza,1.0,2.0,A,O,1.79,3.64,4.49,18,1.0,0.0,1.0,2.0,4.0,3.0,1.0,4.0,6.0,-2.0,0.0,-3.0,3.0,0.0,0.0,0.0,0.0,1.0,-1.0,58.8,11.8,23.5,58.8,1579.7,1531.9
2023-11-29,2023,Vasco,Corinthians,2.0,4.0,A,O,1.99,3.12,4.28,18,2.0,2.0,1.0,1.0,4.0,2.0,2.0,3.0,1.0,2.0,1.0,1.0,0.0,0.0,0.0,0.0,0.0,0.0,0.0,47.1,41.2,23.5,52.9,1516.0,1568.9
2023-11-29,2023,Santos,Fluminense,0.0,3.0,A,O,2.43,3.21,3.04,18,1.0,0.0,0.0,1.0,2.0,1.0,1.0,1.0,2.0,-1.0,1.0,-1.0,2.0,0.0,0.0,0.0,0.0,0.0,0.0,35.3,23.5,11.8,64.7,1525.0,1587.9
2023-11-29,2023,Flamengo RJ,Atletico-MG,0.0,3.0,A,O,1.73,3.62,5.04,18,2.0,1.0,0.0,0.0,5.0,4.0,1.0,1.0,3.0,-2.0,4.0,1.0,3.0,1.0,0.0,1.0,0.0,0.0,0.0,52.9,17.6,41.2,23.5,1638.9,1633.4
2023-11-29,2023,Cuiaba,Internacional,0.0,2.0,A,U,3.07,2.84,2.66,18,1.0,2.0,2.0,1.0,2.0,4.0,-2.0,4.0,5.0,-1.0,-2.0,-1.0,-1.0,0.0,0.0,0.0,1.0,1.0,0.0,29.4,35.3,23.5,47.1,1534.2,1576.5
2023-11-29,2023,Bahia,Sao Paulo,0.0,1.0,A,U,2.25,3.14,3.45,18,1.0,0.0,1.0,1.0,2.0,1.0,1.0,4.0,2.0,2.0,-2.0,-1.0,-1.0,0.0,0.0,0.0,1.0,0.0,1.0,41.2,29.4,0.0,52.9,1503.0,1553.0
2023-11-28,2023,Goias,Cruzeiro,0.0,1.0,A,U,2.81,3.07,2.68,18,0.0,1.0,2.0,2.0,1.0,1.0,0.0,4.0,2.0,2.0,-3.0,-1.0,-2.0,0.0,0.0,0.0,1.0,0.0,1.0,23.5,35.3,35.3,35.3,1483.0,1492.6
2023-11-26,2023,Sao Paulo,Cuiaba,0.0,0.0,D,U,1.66,3.47,6.16,18,3.0,2.0,0.0,0.0,5.0,4.0,1.0,0.0,0.0,0.0,5.0,4.0,1.0,1.0,1.0,0.0,0.0,0.0,0.0,70.6,17.6,47.1,41.2,1553.5,1533.6
2023-11-26,2023,Internacional,Bragantino,1.0,0.0,H,U,2.47,3.29,2.89,18,0.0,1.0,1.0,2.0,4.0,2.0,2.0,5.0,2.0,3.0,-1.0,0.0,-1.0,0.0,1.0,-1.0,0.0,0.0,0.0,41.2,29.4,35.3,29.4,1565.8,1590.4
2023-11-26,2023,Fortaleza,Palmeiras,2.0,2.0,D,O,3.17,3.15,2.36,18,0.0,2.0,2.0,1.0,2.0,6.0,-4.0,5.0,6.0,-1.0,-3.0,0.0,-3.0,0.0,1.0,-1.0,1.0,1.0,0.0,47.1,23.5,35.3,29.4,1528.1,1666.1
2023-11-26,2023,Fluminense,Coritiba,2.0,1.0,H,O,1.33,5.11,9.36,18,2.0,2.0,0.0,1.0,9.0,8.0,1.0,6.0,5.0,1.0,3.0,3.0,0.0,1.0,1.0,0.0,0.0,0.0,0.0,70.6,5.9,23.5,64.7,1581.9,1435.1
2023-11-26,2023,Botafogo RJ,Santos,1.0,1.0,D,U,1.83,3.46,4.57,18,0.0,2.0,3.0,0.0,6.0,4.0,2.0,9.0,2.0,7.0,-3.0,2.0,-5.0,0.0,0.0,0.0,0.0,0.0,0.0,64.7,23.5,29.4,58.8,1564.6,1523.9
2023-11-26,2023,Atletico-MG,Gremio,3.0,0.0,H,O,1.74,3.66,4.8,18,3.0,3.0,0.0,0.0,7.0,10.0,-3.0,2.0,7.0,-5.0,5.0,3.0,2.0,2.0,0.0,2.0,0.0,0.0,0.0,52.9,29.4,35.3,47.1,1624.4,1586.9
2023-11-26,2023,America MG,Flamengo RJ,0.0,3.0,A,O,7.61,4.83,1.4,18,0.0,2.0,2.0,1.0,4.0,6.0,-2.0,8.0,3.0,5.0,-4.0,3.0,-7.0,0.0,2.0,-2.0,1.0,0.0,1.0,23.5,64.7,47.1,29.4,1434.4,1634.1
2023-11-25,2023,Corinthians,Bahia,1.0,5.0,A,O,2.07,3.16,3.9,18,1.0,0.0,0.0,3.0,3.0,0.0,3.0,2.0,5.0,-3.0,1.0,-5.0,6.0,0.0,0.0,0.0,0.0,1.0,-1.0,35.3,5.9,17.6,64.7,1581.4,1490.4
2023-11-25,2023,Athletico-PR,Vasco,0.0,0.0,D,U,1.95,3.37,4.04,18,1.0,1.0,0.0,0.0,5.0,5.0,0.0,4.0,3.0,1.0,1.0,2.0,-1.0,0.0,1.0,-1.0,0.0,0.0,0.0,52.9,5.9,17.6,47.1,1575.0,1514.3
2023-11-24,2023,Flamengo RJ,Bragantino,1.0,0.0,H,U,2.1,3.42,3.48,17,1.0,2.0,1.0,1.0,5.0,5.0,0.0,3.0,2.0,1.0,2.0,3.0,-1.0,1.0,2.0,-1.0,0.0,0.0,0.0,50.0,18.8,37.5,25.0,1624.8,1599.6
2023-11-23,2023,Fortaleza,Botafogo RJ,2.0,2.0,D,O,2.15,3.36,3.43,17,1.0,1.0,2.0,1.0,3.0,4.0,-1.0,5.0,4.0,1.0,-2.0,0.0,-2.0,0.0,0.0,0.0,1.0,0.0,1.0,50.0,25.0,43.8,31.2,1527.0,1565.7
2023-11-23,2023,Fluminense,Sao Paulo,1.0,0.0,H,U,2.19,3.14,3.54,17,1.0,0.0,1.0,1.0,8.0,1.0,7.0,8.0,6.0,2.0,0.0,-5.0,5.0,1.0,0.0,1.0,1.0,1.0,0.0,68.8,6.2,0.0,50.0,1572.2,1563.3
2023-11-22,2023,Cruzeiro,Vasco,2.0,2.0,D,O,2.13,3.04,3.86,17,1.0,1.0,2.0,1.0,4.0,3.0,1.0,4.0,2.0,2.0,0.0,1.0,-1.0,1.0,1.0,0.0,1.0,0.0,1.0,25.0,43.8,18.8,50.0,1491.9,1514.9
2023-11-18,2023,Fortaleza,Cruzeiro,0.0,1.0,A,U,1.97,3.17,4.31,16,1.0,1.0,1.0,2.0,4.0,1.0,3.0,5.0,2.0,3.0,-1.0,-1.0,0.0,0.0,0.0,0.0,1.0,0.0,1.0,53.3,20.0,31.2,37.5,1538.7,1480.3
2023-11-12,2023,Vasco,America MG,2.0,1.0,H,O,1.47,4.31,6.9,17,2.0,0.0,1.0,1.0,3.0,4.0,-1.0,2.0,5.0,-3.0,1.0,-1.0,2.0,0.0,0.0,0.0,0.0,0.0,0.0,43.8,43.8,0.0,56.2,1506.8,1442.5
2023-11-12,2023,Santos,Sao Paulo,0.0,0.0,D,U,2.64,3.0,2.88,17,1.0,0.0,1.0,2.0,3.0,1.0,2.0,4.0,8.0,-4.0,-1.0,-7.0,6.0,0.0,0.0,0.0,1.0,2.0,-1.0,37.5,25.0,0.0,53.3,1522.7,1564.5
2023-11-12,2023,Palmeiras,Internacional,3.0,0.0,H,O,1.61,3.91,5.53,17,3.0,2.0,0.0,1.0,7.0,4.0,3.0,0.0,3.0,-3.0,7.0,1.0,6.0,1.0,0.0,1.0,0.0,0.0,0.0,68.8,18.8,25.0,43.8,1658.5,1573.4
2023-11-12,2023,Gremio,Corinthians,0.0,1.0,A,U,1.66,3.72,5.32,17,2.0,1.0,1.0,1.0,5.0,4.0,1.0,4.0,4.0,0.0,1.0,0.0,1.0,0.0,0.0,0.0,0.0,0.0,0.0,75.0,12.5,18.8,56.2,1597.7,1570.7
2023-11-12,2023,Cuiaba,Fortaleza,2.0,1.0,H,O,2.75,2.84,2.93,17,0.0,0.0,2.0,2.0,1.0,2.0,-1.0,4.0,6.0,-2.0,-3.0,-4.0,1.0,0.0,0.0,0.0,1.0,2.0,-1.0,25.0,37.5,25.0,56.2,1522.9,1549.4
2023-11-12,2023,Bragantino,Botafogo RJ,2.0,2.0,D,O,1.7,3.78,4.82,17,2.0,2.0,1.0,1.0,3.0,4.0,-1.0,2.0,2.0,0.0,1.0,2.0,-1.0,0.0,1.0,-1.0,0.0,0.0,0.0,62.5,12.5,46.7,33.3,1600.7,1564.6
2023-11-12,2023,Bahia,Athletico-PR,1.0,1.0,D,U,2.31,3.23,3.18,17,2.0,0.0,1.0,2.0,3.0,1.0,2.0,3.0,3.0,0.0,0.0,-2.0,2.0,1.0,0.0,1.0,1.0,0.0,1.0,43.8,31.2,25.0,50.0,1487.9,1577.5
2023-11-12,2023,Atletico-MG,Goias,2.0,1.0,H,O,1.56,3.83,6.38,17,2.0,1.0,1.0,1.0,5.0,5.0,0.0,2.0,6.0,-4.0,3.0,-1.0,4.0,2.0,0.0,2.0,0.0,1.0,-1.0,50.0,31.2,25.0,50.0,1618.0,1489.5
2023-11-11,2023,Flamengo RJ,Fluminense,1.0,1.0,D,U,1.96,3.47,3.86,16,2.0,0.0,1.0,2.0,5.0,0.0,5.0,2.0,3.0,-1.0,3.0,-3.0,6.0,1.0,0.0,1.0,0.0,1.0,-1.0,53.3,20.0,12.5,68.8,1626.4,1570.6
2023-11-11,2023,Coritiba,Cruzeiro,1.0,0.0,H,U,3.43,3.28,2.17,17,0.0,1.0,3.0,1.0,1.0,1.0,0.0,5.0,1.0,4.0,-4.0,0.0,-4.0,0.0,0.0,0.0,1.0,0.0,1.0,18.8,62.5,33.3,33.3,1423.1,1492.2
2023-11-09,2023,Goias,Santos,0.0,1.0,A,U,2.15,3.27,3.52,17,1.0,1.0,1.0,1.0,3.0,4.0,-1.0,3.0,9.0,-6.0,0.0,-5.0,5.0,1.0,0.0,1.0,1.0,1.0,0.0,25.0,31.2,25.0,62.5,1499.1,1513.1
2023-11-09,2023,Flamengo RJ,Palmeiras,3.0,0.0,H,O,2.4,3.2,3.06,15,2.0,2.0,1.0,1.0,3.0,7.0,-4.0,2.0,5.0,-3.0,1.0,2.0,-1.0,0.0,1.0,-1.0,0.0,0.0,0.0,50.0,21.4,37.5,25.0,1614.8,1670.0
2023-11-09,2023,Corinthians,Atletico-MG,1.0,1.0,D,U,2.81,2.87,2.84,17,1.0,2.0,0.0,0.0,3.0,5.0,-2.0,2.0,2.0,0.0,1.0,3.0,-2.0,0.0,1.0,-1.0,0.0,0.0,0.0,37.5,6.2,43.8,25.0,1569.2,1619.4
2023-11-09,2023,Botafogo RJ,Gremio,3.0,4.0,A,O,1.92,3.62,3.86,17,0.0,2.0,2.0,1.0,4.0,6.0,-2.0,6.0,7.0,-1.0,-2.0,-1.0,-1.0,0.0,0.0,0.0,0.0,1.0,-1.0,68.8,18.8,31.2,50.0,1574.2,1588.1
2023-11-09,2023,Bahia,Cuiaba,0.0,3.0,A,O,1.85,3.36,4.59,16,3.0,2.0,0.0,0.0,4.0,4.0,0.0,0.0,0.0,0.0,4.0,4.0,0.0,1.0,1.0,0.0,0.0,0.0,0.0,46.7,26.7,43.8,43.8,1497.4,1513.3
2023-11-08,2023,Sao Paulo,Bragantino,1.0,0.0,H,U,3.07,3.25,2.36,17,3.0,2.0,0.0,0.0,6.0,6.0,0.0,1.0,2.0,-1.0,5.0,4.0,1.0,1.0,2.0,-1.0,0.0,0.0,0.0,68.8,18.8,40.0,20.0,1552.8,1612.4
2023-11-08,2023,Internacional,Fluminense,0.0,0.0,D,U,1.86,3.5,4.29,17,1.0,0.0,1.0,3.0,11.0,0.0,11.0,6.0,4.0,2.0,5.0,-4.0,9.0,1.0,0.0,1.0,0.0,1.0,-1.0,43.8,31.2,13.3,73.3,1573.4,1570.5
2023-11-08,2023,Athletico-PR,Fortaleza,1.0,1.0,D,U,1.98,3.38,3.91,17,1.0,0.0,0.0,3.0,5.0,1.0,4.0,4.0,6.0,-2.0,1.0,-5.0,6.0,0.0,0.0,0.0,0.0,2.0,-2.0,56.2,6.2,26.7,60.0,1578.4,1548.6
2023-11-08,2023,America MG,Coritiba,0.0,3.0,A,O,1.72,3.91,4.53,17,0.0,2.0,2.0,1.0,5.0,7.0,-2.0,7.0,6.0,1.0,-2.0,1.0,-3.0,0.0,0.0,0.0,0.0,0.0,0.0,25.0,62.5,18.8,68.8,1453.7,1411.9
2023-11-07,2023,Santos,Cuiaba,0.0,0.0,D,U,1.79,3.37,4.93,16,2.0,2.0,1.0,1.0,7.0,4.0,3.0,5.0,1.0,4.0,2.0,3.0,-1.0,1.0,1.0,0.0,1.0,0.0,1.0,40.0,26.7,46.7,46.7,1513.1,1513.4
2023-11-06,2023,Vasco,Botafogo RJ,1.0,0.0,H,U,2.32,3.25,3.14,16,1.0,2.0,1.0,1.0,2.0,4.0,-2.0,2.0,2.0,0.0,0.0,2.0,-2.0,0.0,1.0,-1.0,0.0,0.0,0.0,40.0,46.7,50.0,28.6,1494.2,1586.8
2023-11-05,2023,Palmeiras,Athletico-PR,1.0,0.0,H,U,1.67,3.76,5.21,16,2.0,1.0,1.0,1.0,6.0,3.0,3.0,2.0,3.0,-1.0,4.0,0.0,4.0,1.0,0.0,1.0,1.0,0.0,1.0,66.7,20.0,26.7,46.7,1662.2,1586.2
2023-11-05,2023,Fortaleza,Flamengo RJ,0.0,2.0,A,U,2.49,3.13,2.94,15,2.0,1.0,0.0,1.0,6.0,5.0,1.0,4.0,4.0,0.0,2.0,1.0,1.0,0.0,1.0,-1.0,0.0,0.0,0.0,57.1,14.3,43.8,31.2,1557.2,1606.2
2023-11-05,2023,Cruzeiro,Internacional,1.0,2.0,A,O,2.13,3.15,3.69,16,1.0,1.0,1.0,2.0,4.0,3.0,1.0,3.0,4.0,-1.0,1.0,-1.0,2.0,1.0,0.0,1.0,1.0,0.0,1.0,26.7,40.0,20.0,46.7,1500.4,1565.3
2023-11-05,2023,Coritiba,Goias,0.0,1.0,A,U,2.6,3.26,2.71,16,0.0,0.0,3.0,1.0,1.0,5.0,-4.0,7.0,7.0,0.0,-6.0,-2.0,-4.0,0.0,0.0,0.0,2.0,1.0,1.0,20.0,60.0,20.0,53.3,1419.9,1491.1
2023-11-05,2023,Bragantino,Corinthians,1.0,0.0,H,U,1.59,4.03,5.56,16,2.0,1.0,1.0,1.0,4.0,5.0,-1.0,3.0,5.0,-2.0,1.0,0.0,1.0,0.0,0.0,0.0,0.0,0.0,0.0,60.0,13.3,20.0,53.3,1603.1,1578.5
2023-11-04,2023,Gremio,Bahia,1.0,0.0,H,U,1.72,3.77,4.69,16,2.0,1.0,1.0,2.0,5.0,6.0,-1.0,4.0,8.0,-4.0,1.0,-2.0,3.0,0.0,1.0,-1.0,0.0,1.0,-1.0,73.3,13.3,18.8,62.5,1580.2,1505.3
2023-11-04,2023,America MG,Atletico-MG,1.0,1.0,D,U,4.36,3.64,1.8,16,0.0,3.0,3.0,0.0,4.0,6.0,-2.0,7.0,1.0,6.0,-3.0,5.0,-8.0,0.0,2.0,-2.0,0.0,0.0,0.0,26.7,66.7,46.7,26.7,1449.1,1624.1
2023-11-02,2023,Sao Paulo,Cruzeiro,1.0,0.0,H,U,1.89,3.24,4.56,16,3.0,1.0,0.0,1.0,7.0,1.0,6.0,2.0,1.0,1.0,5.0,0.0,5.0,1.0,0.0,1.0,0.0,0.0,0.0,66.7,20.0,35.7,28.6,1543.8,1509.4
2023-11-02,2023,Goias,Bragantino,0.0,2.0,A,U,3.17,3.32,2.27,16,1.0,2.0,1.0,0.0,7.0,6.0,1.0,7.0,2.0,5.0,0.0,4.0,-4.0,1.0,2.0,-1.0,1.0,0.0,1.0,26.7,26.7,35.7,21.4,1498.3,1595.8
2023-11-02,2023,Cuiaba,Vasco,0.0,2.0,A,U,2.59,2.98,2.98,16,0.0,0.0,1.0,2.0,1.0,2.0,-1.0,2.0,6.0,-4.0,-1.0,-4.0,3.0,0.0,0.0,0.0,0.0,1.0,-1.0,26.7,33.3,13.3,53.3,1524.5,1483.0
2023-11-02,2023,Botafogo RJ,Palmeiras,3.0,4.0,A,O,2.97,3.12,2.49,16,0.0,1.0,1.0,2.0,2.0,3.0,-1.0,3.0,3.0,0.0,-1.0,0.0,-1.0,0.0,1.0,-1.0,0.0,0.0,0.0,73.3,13.3,33.3,26.7,1595.2,1653.9
2023-11-02,2023,Atletico-MG,Fortaleza,3.0,1.0,H,O,1.72,3.56,5.13,16,1.0,1.0,2.0,2.0,3.0,2.0,1.0,3.0,4.0,-1.0,0.0,-2.0,2.0,1.0,0.0,1.0,0.0,1.0,-1.0,46.7,33.3,28.6,57.1,1615.5,1565.8
2023-11-01,2023,Internacional,America MG,1.0,1.0,D,U,1.56,4.23,5.46,16,2.0,0.0,1.0,2.0,13.0,5.0,8.0,7.0,7.0,0.0,6.0,-2.0,8.0,1.0,0.0,1.0,0.0,0.0,0.0,46.7,33.3,0.0,60.0,1568.7,1445.7
2023-11-01,2023,Flamengo RJ,Santos,1.0,2.0,A,O,1.46,4.3,6.97,14,2.0,1.0,1.0,1.0,2.0,4.0,-2.0,3.0,9.0,-6.0,-1.0,-5.0,4.0,0.0,0.0,0.0,1.0,1.0,0.0,53.8,15.4,20.0,66.7,1619.5,1499.7
2023-11-01,2023,Coritiba,Gremio,1.0,2.0,A,O,3.09,3.57,2.2,15,1.0,1.0,2.0,2.0,2.0,6.0,-4.0,5.0,9.0,-4.0,-3.0,-3.0,0.0,1.0,0.0,1.0,2.0,1.0,1.0,21.4,57.1,26.7,53.3,1425.9,1574.2
2023-11-01,2023,Corinthians,Athletico-PR,1.0,0.0,H,U,2.66,2.98,2.89,16,0.0,1.0,0.0,1.0,3.0,3.0,0.0,3.0,4.0,-1.0,0.0,-1.0,1.0,0.0,0.0,0.0,0.0,1.0,-1.0,33.3,6.7,28.6,42.9,1567.7,1597.1
2023-10-31,2023,Bahia,Fluminense,1.0,0.0,H,U,1.46,4.42,6.78,15,2.0,0.0,1.0,3.0,4.0,0.0,4.0,2.0,6.0,-4.0,2.0,-6.0,8.0,1.0,0.0,1.0,0.0,2.0,-2.0,42.9,28.6,14.3,71.4,1492.8,1583.0
2023-10-29,2023,Internacional,Coritiba,3.0,4.0,A,O,1.39,4.66,7.98,15,2.0,1.0,1.0,2.0,10.0,4.0,6.0,5.0,5.0,0.0,5.0,-1.0,6.0,1.0,0.0,1.0,1.0,0.0,1.0,50.0,28.6,13.3,73.3,1583.3,1411.3
2023-10-29,2023,Goias,Vasco,1.0,1.0,D,U,2.44,3.05,3.13,15,1.0,1.0,1.0,2.0,6.0,2.0,4.0,6.0,5.0,1.0,0.0,-3.0,3.0,1.0,0.0,1.0,1.0,1.0,0.0,28.6,28.6,14.3,57.1,1498.8,1482.5
2023-10-29,2023,Corinthians,Santos,1.0,1.0,D,U,2.12,3.22,3.62,15,1.0,2.0,0.0,1.0,3.0,5.0,-2.0,2.0,9.0,-7.0,1.0,-4.0,5.0,0.0,0.0,0.0,0.0,1.0,-1.0,35.7,7.1,21.4,71.4,1569.7,1497.7
2023-10-29,2023,Botafogo RJ,Cuiaba,0.0,1.0,A,U,1.65,3.59,5.78,15,0.0,1.0,1.0,2.0,3.0,3.0,0.0,4.0,3.0,1.0,-1.0,0.0,-1.0,0.0,1.0,-1.0,0.0,1.0,-1.0,78.6,7.1,42.9,50.0,1607.9,1511.8
2023-10-29,2023,Atletico-MG,Fluminense,2.0,0.0,H,U,1.73,3.53,5.11,15,1.0,0.0,2.0,3.0,2.0,2.0,0.0,3.0,8.0,-5.0,-1.0,-6.0,5.0,0.0,0.0,0.0,0.0,2.0,-2.0,42.9,35.7,15.4,69.2,1605.9,1592.7
2023-10-29,2023,Athletico-PR,Sao Paulo,1.0,1.0,D,U,2.04,3.27,3.82,16,2.0,0.0,0.0,2.0,6.0,0.0,6.0,4.0,7.0,-3.0,2.0,-7.0,9.0,0.0,0.0,0.0,0.0,2.0,-2.0,60.0,6.7,0.0,57.1,1598.7,1542.2
2023-10-28,2023,Palmeiras,Bahia,1.0,0.0,H,U,1.35,4.83,9.21,15,1.0,1.0,2.0,2.0,6.0,6.0,0.0,4.0,8.0,-4.0,2.0,-2.0,4.0,1.0,1.0,0.0,1.0,1.0,0.0,64.3,21.4,20.0,60.0,1647.9,1498.7
2023-10-28,2023,America MG,Gremio,3.0,4.0,A,O,2.26,3.46,3.06,15,0.0,0.0,3.0,2.0,1.0,3.0,-2.0,5.0,7.0,-2.0,-4.0,-4.0,0.0,0.0,0.0,0.0,1.0,1.0,0.0,28.6,64.3,21.4,57.1,1452.5,1567.4
2023-10-27,2023,Santos,Coritiba,2.0,1.0,H,O,1.67,3.96,4.95,15,1.0,1.0,2.0,2.0,5.0,4.0,1.0,7.0,8.0,-1.0,-2.0,-4.0,2.0,1.0,0.0,1.0,2.0,1.0,1.0,35.7,28.6,14.3,71.4,1489.7,1419.3
2023-10-26,2023,Vasco,Internacional,1.0,2.0,A,O,2.18,3.17,3.54,15,2.0,0.0,0.0,2.0,6.0,1.0,5.0,1.0,3.0,-2.0,5.0,-2.0,7.0,1.0,0.0,1.0,0.0,0.0,0.0,42.9,42.9,14.3,50.0,1490.1,1575.7
2023-10-26,2023,Palmeiras,Sao Paulo,5.0,0.0,H,O,2.02,3.19,4.04,14,1.0,0.0,2.0,2.0,2.0,1.0,1.0,4.0,4.0,0.0,-2.0,-3.0,1.0,0.0,0.0,0.0,1.0,1.0,0.0,61.5,23.1,0.0,53.8,1640.5,1549.6
2023-10-26,2023,Gremio,Flamengo RJ,3.0,2.0,H,O,3.84,3.31,2.04,15,2.0,1.0,1.0,0.0,4.0,3.0,1.0,2.0,1.0,1.0,2.0,2.0,0.0,1.0,1.0,0.0,0.0,0.0,0.0,71.4,14.3,46.7,26.7,1555.2,1631.7
2023-10-26,2023,Cuiaba,Corinthians,0.0,1.0,A,U,2.18,3.04,3.73,15,1.0,0.0,0.0,2.0,4.0,5.0,-1.0,1.0,7.0,-6.0,3.0,-2.0,5.0,1.0,0.0,1.0,0.0,0.0,0.0,28.6,28.6,14.3,57.1,1520.7,1560.9
2023-10-26,2023,Cruzeiro,Bahia,3.0,0.0,H,O,1.95,3.28,4.25,15,0.0,2.0,1.0,1.0,1.0,10.0,-9.0,3.0,7.0,-4.0,-2.0,3.0,-5.0,0.0,2.0,-2.0,1.0,0.0,1.0,21.4,42.9,21.4,57.1,1499.1,1509.0
2023-10-25,2023,Fluminense,Goias,5.0,3.0,H,O,1.59,4.03,5.59,16,1.0,0.0,1.0,1.0,4.0,2.0,2.0,5.0,3.0,2.0,-1.0,-1.0,0.0,0.0,0.0,0.0,1.0,0.0,1.0,66.7,6.7,21.4,50.0,1584.9,1506.6
2023-10-25,2023,Bragantino,Atletico-MG,1.0,2.0,A,O,1.89,3.36,4.4,15,3.0,2.0,0.0,0.0,5.0,5.0,0.0,1.0,1.0,0.0,4.0,4.0,0.0,1.0,2.0,-1.0,0.0,0.0,0.0,64.3,7.1,42.9,28.6,1606.1,1595.6
2023-10-25,2023,Athletico-PR,America MG,3.0,2.0,H,O,1.55,4.19,5.81,15,1.0,0.0,0.0,1.0,4.0,4.0,0.0,3.0,5.0,-2.0,1.0,-1.0,2.0,0.0,0.0,0.0,0.0,0.0,0.0,57.1,7.1,0.0,57.1,1592.4,1458.8
2023-10-22,2023,Internacional,Santos,7.0,1.0,H,O,1.55,3.9,6.51,14,2.0,2.0,1.0,1.0,5.0,4.0,1.0,5.0,4.0,1.0,0.0,0.0,0.0,0.0,0.0,0.0,1.0,1.0,0.0,46.2,30.8,23.1,69.2,1567.7,1497.7
2023-10-22,2023,Flamengo RJ,Vasco,1.0,0.0,H,U,1.66,3.73,5.38,13,1.0,1.0,1.0,1.0,1.0,3.0,-2.0,3.0,5.0,-2.0,-2.0,-2.0,0.0,0.0,0.0,0.0,1.0,1.0,0.0,50.0,16.7,15.4,53.8,1625.2,1496.5
2023-10-22,2023,Coritiba,Palmeiras,0.0,2.0,A,U,4.63,3.47,1.81,14,1.0,0.0,2.0,2.0,4.0,1.0,3.0,7.0,3.0,4.0,-3.0,-2.0,-1.0,1.0,0.0,1.0,2.0,0.0,2.0,23.1,53.8,28.6,28.6,1423.9,1635.9
2023-10-22,2023,Corinthians,America MG,1.0,1.0,D,U,2.02,3.3,3.86,14,1.0,0.0,0.0,1.0,6.0,5.0,1.0,5.0,6.0,-1.0,1.0,-1.0,2.0,0.0,0.0,0.0,0.0,0.0,0.0,38.5,7.7,0.0,61.5,1563.9,1455.8
2023-10-22,2023,Bragantino,Fluminense,1.0,0.0,H,U,1.74,3.77,4.58,14,3.0,0.0,0.0,2.0,6.0,4.0,2.0,1.0,9.0,-8.0,5.0,-5.0,10.0,2.0,0.0,2.0,0.0,2.0,-2.0,61.5,7.7,16.7,66.7,1596.2,1594.8
2023-10-22,2023,Botafogo RJ,Athletico-PR,1.0,1.0,D,U,1.9,3.36,4.35,14,1.0,2.0,1.0,1.0,5.0,5.0,0.0,3.0,3.0,0.0,2.0,2.0,0.0,1.0,1.0,0.0,0.0,1.0,-1.0,84.6,7.7,30.8,46.2,1608.3,1591.9
2023-10-22,2023,Atletico-MG,Cruzeiro,0.0,1.0,A,U,1.87,3.18,4.92,14,2.0,1.0,1.0,1.0,3.0,3.0,0.0,2.0,1.0,1.0,1.0,2.0,-1.0,0.0,1.0,-1.0,0.0,0.0,0.0,46.2,30.8,30.8,30.8,1609.0,1485.7
2023-10-21,2023,Sao Paulo,Gremio,3.0,0.0,H,O,1.58,3.94,5.9,15,2.0,0.0,1.0,1.0,5.0,7.0,-2.0,4.0,8.0,-4.0,1.0,-1.0,2.0,0.0,0.0,0.0,0.0,0.0,0.0,64.3,21.4,23.1,53.8,1538.8,1566.0
2023-10-21,2023,Cuiaba,Goias,1.0,1.0,D,U,2.0,3.12,4.23,14,1.0,0.0,0.0,1.0,5.0,2.0,3.0,2.0,3.0,-1.0,3.0,-1.0,4.0,1.0,0.0,1.0,0.0,0.0,0.0,30.8,30.8,23.1,53.8,1521.1,1506.2
2023-10-21,2023,Bahia,Fortaleza,2.0,0.0,H,U,2.1,3.34,3.57,14,1.0,1.0,1.0,2.0,3.0,2.0,1.0,3.0,3.0,0.0,0.0,-1.0,1.0,0.0,0.0,0.0,0.0,0.0,0.0,38.5,30.8,30.8,53.8,1496.7,1578.1
2023-10-20,2023,Santos,Bragantino,1.0,3.0,A,O,3.05,3.3,2.35,14,2.0,1.0,1.0,0.0,6.0,3.0,3.0,5.0,1.0,4.0,1.0,2.0,-1.0,1.0,1.0,0.0,1.0,0.0,1.0,38.5,23.1,30.8,23.1,1505.4,1588.5
2023-10-20,2023,Fluminense,Corinthians,3.0,3.0,D,O,1.61,3.81,5.78,15,2.0,0.0,1.0,2.0,2.0,3.0,-1.0,2.0,5.0,-3.0,0.0,-2.0,2.0,0.0,0.0,0.0,1.0,0.0,1.0,71.4,7.1,15.4,61.5,1595.8,1563.0
2023-10-19,2023,Vasco,Fortaleza,1.0,0.0,H,U,2.28,3.16,3.31,14,2.0,2.0,0.0,1.0,9.0,3.0,6.0,3.0,2.0,1.0,6.0,1.0,5.0,2.0,0.0,2.0,0.0,0.0,0.0,38.5,46.2,33.3,50.0,1483.5,1591.1
2023-10-19,2023,Palmeiras,Atletico-MG,0.0,2.0,A,U,1.76,3.4,5.18,13,2.0,1.0,1.0,1.0,3.0,3.0,0.0,2.0,2.0,0.0,1.0,1.0,0.0,0.0,1.0,-1.0,0.0,0.0,0.0,66.7,16.7,38.5,30.8,1647.3,1597.5
2023-10-19,2023,Goias,Sao Paulo,2.0,0.0,H,U,3.44,3.1,2.26,14,0.0,0.0,1.0,2.0,4.0,2.0,2.0,6.0,4.0,2.0,-2.0,-2.0,0.0,0.0,0.0,0.0,1.0,0.0,1.0,23.1,30.8,0.0,50.0,1494.6,1550.4
2023-10-19,2023,Cruzeiro,Flamengo RJ,0.0,2.0,A,U,3.34,3.17,2.26,14,0.0,1.0,0.0,0.0,2.0,3.0,-1.0,2.0,2.0,0.0,0.0,1.0,-1.0,0.0,0.0,0.0,0.0,0.0,0.0,23.1,38.5,42.9,28.6,1492.2,1618.7
2023-10-19,2023,Coritiba,Cuiaba,0.0,3.0,A,O,2.5,2.92,3.19,13,1.0,0.0,2.0,3.0,6.0,0.0,6.0,7.0,5.0,2.0,-1.0,-5.0,4.0,1.0,0.0,1.0,1.0,2.0,-1.0,25.0,50.0,38.5,53.8,1431.6,1513.4
2023-10-19,2023,Bahia,Internacional,1.0,0.0,H,U,2.05,3.28,3.81,13,1.0,0.0,1.0,1.0,6.0,1.0,5.0,3.0,2.0,1.0,3.0,-1.0,4.0,1.0,0.0,1.0,0.0,0.0,0.0,33.3,33.3,15.4,46.2,1484.0,1580.4
2023-10-19,2023,America MG,Botafogo RJ,1.0,2.0,A,O,2.84,3.22,2.54,14,1.0,1.0,2.0,2.0,2.0,2.0,0.0,3.0,2.0,1.0,-1.0,0.0,-1.0,1.0,1.0,0.0,1.0,0.0,1.0,30.8,61.5,46.2,30.8,1462.0,1602.2
2023-10-18,2023,Gremio,Athletico-PR,1.0,2.0,A,O,2.06,3.28,3.76,14,3.0,1.0,0.0,1.0,6.0,4.0,2.0,0.0,3.0,-3.0,6.0,1.0,5.0,2.0,1.0,1.0,0.0,1.0,-1.0,76.9,7.7,25.0,50.0,1575.8,1582.1
2023-10-15,2023,Cuiaba,Cruzeiro,0.0,0.0,D,U,2.37,2.93,3.42,13,1.0,1.0,1.0,2.0,5.0,3.0,2.0,4.0,4.0,0.0,1.0,-1.0,2.0,1.0,1.0,0.0,1.0,1.0,0.0,33.3,33.3,33.3,33.3,1514.1,1491.6
2023-10-08,2023,Palmeiras,Santos,1.0,2.0,A,O,1.43,4.3,7.81,12,3.0,1.0,0.0,2.0,3.0,2.0,1.0,0.0,5.0,-5.0,3.0,-3.0,6.0,0.0,0.0,0.0,0.0,2.0,-2.0,72.7,9.1,16.7,75.0,1661.9,1490.8
2023-10-08,2023,Internacional,Gremio,3.0,2.0,H,O,2.26,3.18,3.32,13,1.0,0.0,2.0,1.0,2.0,5.0,-3.0,4.0,7.0,-3.0,-2.0,-2.0,0.0,0.0,0.0,0.0,1.0,1.0,0.0,41.7,33.3,25.0,50.0,1569.9,1586.3
2023-10-08,2023,Fortaleza,America MG,3.0,2.0,H,O,1.52,4.22,6.17,14,2.0,0.0,0.0,1.0,6.0,4.0,2.0,3.0,6.0,-3.0,3.0,-2.0,5.0,1.0,0.0,1.0,0.0,1.0,-1.0,53.8,15.4,0.0,58.3,1584.3,1468.8
2023-10-08,2023,Fluminense,Botafogo RJ,0.0,2.0,A,U,1.97,3.34,4.01,14,3.0,0.0,0.0,2.0,5.0,0.0,5.0,1.0,2.0,-1.0,4.0,-2.0,6.0,1.0,0.0,1.0,0.0,0.0,0.0,76.9,0.0,41.7,33.3,1606.2,1591.8
2023-10-08,2023,Corinthians,Flamengo RJ,1.0,1.0,D,U,3.43,3.09,2.26,13,1.0,2.0,0.0,0.0,5.0,5.0,0.0,4.0,3.0,1.0,1.0,2.0,-1.0,0.0,0.0,0.0,0.0,0.0,0.0,41.7,8.3,46.2,30.8,1561.3,1620.4
2023-10-08,2023,Atletico-MG,Coritiba,1.0,2.0,A,O,1.36,4.67,9.22,13,3.0,0.0,0.0,3.0,4.0,3.0,1.0,0.0,10.0,-10.0,4.0,-7.0,11.0,1.0,0.0,1.0,0.0,2.0,-2.0,50.0,25.0,7.7,76.9,1612.6,1416.4
2023-10-08,2023,Athletico-PR,Bragantino,1.0,1.0,D,U,2.59,3.17,2.8,14,1.0,1.0,0.0,1.0,5.0,2.0,3.0,4.0,4.0,0.0,1.0,-2.0,3.0,0.0,1.0,-1.0,0.0,1.0,-1.0,61.5,7.7,33.3,25.0,1581.9,1588.7
2023-10-07,2023,Vasco,Sao Paulo,0.0,0.0,D,U,2.57,3.09,2.9,13,3.0,0.0,0.0,2.0,10.0,3.0,7.0,3.0,5.0,-2.0,7.0,-2.0,9.0,2.0,0.0,2.0,0.0,0.0,0.0,41.7,50.0,0.0,54.5,1481.5,1552.4
2023-10-07,2023,Goias,Bahia,4.0,6.0,A,O,2.41,3.12,3.12,13,0.0,1.0,0.0,2.0,1.0,4.0,-3.0,1.0,6.0,-5.0,0.0,-2.0,2.0,0.0,1.0,-1.0,0.0,1.0,-1.0,25.0,25.0,15.4,61.5,1505.5,1473.1
2023-10-03,2023,Botafogo RJ,Goias,1.0,1.0,D,U,1.63,3.66,5.94,13,2.0,1.0,1.0,1.0,7.0,2.0,5.0,3.0,2.0,1.0,4.0,0.0,4.0,2.0,0.0,2.0,0.0,0.0,0.0,91.7,8.3,25.0,58.3,1594.3,1502.9
2023-10-01,2023,Santos,Vasco,4.0,1.0,H,O,2.53,3.09,2.96,13,1.0,1.0,1.0,1.0,3.0,2.0,1.0,5.0,2.0,3.0,-2.0,0.0,-2.0,0.0,0.0,0.0,1.0,0.0,1.0,33.3,25.0,16.7,50.0,1480.5,1491.9
2023-10-01,2023,Internacional,Atletico-MG,0.0,2.0,A,U,3.57,3.01,2.26,12,1.0,1.0,1.0,1.0,4.0,3.0,1.0,4.0,2.0,2.0,0.0,1.0,-1.0,0.0,1.0,-1.0,0.0,0.0,0.0,45.5,27.3,33.3,33.3,1579.2,1603.3
2023-10-01,2023,Cruzeiro,America MG,1.0,1.0,D,U,1.69,3.78,4.99,13,0.0,0.0,0.0,2.0,1.0,4.0,-3.0,1.0,8.0,-7.0,0.0,-4.0,4.0,0.0,0.0,0.0,0.0,2.0,-2.0,25.0,41.7,0.0,63.6,1492.3,1468.1
2023-10-01,2023,Coritiba,Athletico-PR,2.0,0.0,H,U,3.49,3.21,2.18,12,0.0,1.0,3.0,0.0,4.0,5.0,-1.0,8.0,2.0,6.0,-4.0,3.0,-7.0,0.0,1.0,-1.0,1.0,0.0,1.0,18.2,54.5,27.3,45.5,1401.3,1597.0
2023-10-01,2023,Bragantino,Palmeiras,2.0,1.0,H,O,1.73,3.76,4.73,13,2.0,1.0,0.0,1.0,5.0,2.0,3.0,1.0,1.0,0.0,4.0,1.0,3.0,2.0,1.0,1.0,0.0,0.0,0.0,58.3,8.3,30.8,23.1,1575.9,1674.7
2023-09-30,2023,Sao Paulo,Corinthians,2.0,1.0,H,O,1.52,3.82,7.48,14,1.0,0.0,1.0,1.0,3.0,4.0,-1.0,3.0,5.0,-2.0,0.0,-1.0,1.0,0.0,0.0,0.0,0.0,0.0,0.0,61.5,23.1,16.7,58.3,1541.6,1572.1
2023-09-30,2023,Fortaleza,Gremio,1.0,1.0,D,U,2.57,3.22,2.8,13,3.0,0.0,0.0,2.0,9.0,5.0,4.0,2.0,8.0,-6.0,7.0,-3.0,10.0,2.0,0.0,2.0,0.0,1.0,-1.0,58.3,16.7,27.3,54.5,1584.2,1586.4
2023-09-30,2023,Flamengo RJ,Bahia,1.0,0.0,H,U,1.53,4.2,6.19,12,0.0,1.0,1.0,2.0,1.0,4.0,-3.0,4.0,6.0,-2.0,-3.0,-2.0,-1.0,0.0,1.0,-1.0,1.0,1.0,0.0,45.5,18.2,16.7,58.3,1614.1,1479.4
2023-09-30,2023,Cuiaba,Fluminense,3.0,0.0,H,O,2.26,3.07,3.49,12,1.0,0.0,1.0,2.0,5.0,5.0,0.0,4.0,8.0,-4.0,1.0,-3.0,4.0,1.0,0.0,1.0,1.0,1.0,0.0,27.3,36.4,18.2,63.6,1500.8,1619.5
2023-09-27,2023,Sao Paulo,Coritiba,2.0,1.0,H,O,1.45,4.37,7.27,13,0.0,0.0,2.0,3.0,1.0,3.0,-2.0,4.0,11.0,-7.0,-3.0,-8.0,5.0,0.0,0.0,0.0,1.0,3.0,-2.0,58.3,25.0,8.3,75.0,1535.1,1407.8
2023-09-26,2023,America MG,Vasco,0.0,1.0,A,U,2.78,3.25,2.55,13,2.0,0.0,1.0,1.0,4.0,2.0,2.0,3.0,3.0,0.0,1.0,-1.0,2.0,1.0,0.0,1.0,1.0,0.0,1.0,33.3,58.3,9.1,54.5,1478.0,1482.0
2023-09-24,2023,Atletico-MG,Cuiaba,1.0,0.0,H,U,1.58,3.54,6.97,12,3.0,0.0,0.0,3.0,4.0,0.0,4.0,0.0,6.0,-6.0,4.0,-6.0,10.0,1.0,0.0,1.0,0.0,3.0,-3.0,45.5,27.3,41.7,50.0,1595.8,1508.3
2023-09-23,2023,Corinthians,Botafogo RJ,1.0,0.0,H,U,2.83,2.97,2.74,12,0.0,0.0,0.0,1.0,5.0,0.0,5.0,5.0,1.0,4.0,0.0,-1.0,1.0,0.0,0.0,0.0,0.0,0.0,0.0,36.4,9.1,45.5,27.3,1560.9,1605.6
2023-09-22,2023,Gremio,Palmeiras,1.0,0.0,H,U,3.03,3.26,2.39,13,3.0,1.0,0.0,1.0,7.0,3.0,4.0,1.0,2.0,-1.0,6.0,1.0,5.0,2.0,1.0,1.0,0.0,0.0,0.0,75.0,8.3,33.3,16.7,1573.2,1687.9
2023-09-21,2023,Vasco,Coritiba,5.0,1.0,H,O,1.58,3.82,6.2,12,3.0,0.0,0.0,3.0,6.0,3.0,3.0,2.0,10.0,-8.0,4.0,-7.0,11.0,1.0,0.0,1.0,0.0,3.0,-3.0,36.4,54.5,9.1,72.7,1473.6,1416.2
2023-09-21,2023,Sao Paulo,Fortaleza,1.0,2.0,A,O,2.37,3.17,3.13,12,0.0,1.0,1.0,2.0,0.0,1.0,-1.0,2.0,2.0,0.0,-2.0,-1.0,-1.0,0.0,0.0,0.0,1.0,0.0,1.0,63.6,18.2,27.3,54.5,1544.2,1575.1
2023-09-21,2023,Fluminense,Cruzeiro,1.0,0.0,H,U,1.84,3.44,4.48,13,3.0,1.0,0.0,2.0,6.0,3.0,3.0,2.0,4.0,-2.0,4.0,-1.0,5.0,1.0,1.0,0.0,0.0,1.0,-1.0,75.0,0.0,36.4,27.3,1612.6,1499.1
2023-09-21,2023,Athletico-PR,Internacional,2.0,1.0,H,O,1.66,3.64,5.6,13,1.0,0.0,0.0,1.0,5.0,1.0,4.0,3.0,3.0,0.0,2.0,-2.0,4.0,1.0,0.0,1.0,0.0,1.0,-1.0,58.3,8.3,16.7,41.7,1586.9,1589.3
2023-09-20,2023,Goias,Flamengo RJ,0.0,0.0,D,U,2.92,3.1,2.55,12,1.0,2.0,0.0,1.0,2.0,5.0,-3.0,1.0,6.0,-5.0,1.0,-1.0,2.0,0.0,0.0,0.0,0.0,1.0,-1.0,27.3,27.3,50.0,33.3,1499.7,1617.4
2023-09-20,2023,America MG,Bragantino,0.0,2.0,A,U,2.92,3.39,2.39,12,2.0,1.0,1.0,1.0,4.0,1.0,3.0,2.0,4.0,-2.0,2.0,-3.0,5.0,1.0,0.0,1.0,0.0,1.0,-1.0,36.4,54.5,27.3,27.3,1485.6,1568.3
2023-09-19,2023,Corinthians,Gremio,4.0,4.0,D,O,2.48,3.09,3.01,11,1.0,0.0,0.0,3.0,4.0,1.0,3.0,2.0,5.0,-3.0,2.0,-4.0,6.0,1.0,0.0,1.0,0.0,1.0,-1.0,40.0,10.0,30.0,60.0,1560.5,1573.6
2023-09-19,2023,Bahia,Santos,1.0,2.0,A,O,1.67,3.65,5.39,12,2.0,0.0,0.0,3.0,8.0,0.0,8.0,2.0,8.0,-6.0,6.0,-8.0,14.0,2.0,0.0,2.0,0.0,3.0,-3.0,36.4,27.3,9.1,81.8,1490.0,1469.9
2023-09-17,2023,Atletico-MG,Botafogo RJ,1.0,0.0,H,U,2.23,3.14,3.46,11,2.0,0.0,1.0,0.0,4.0,2.0,2.0,2.0,2.0,0.0,2.0,0.0,2.0,1.0,0.0,1.0,0.0,0.0,0.0,40.0,30.0,50.0,20.0,1584.9,1616.5
2023-09-16,2023,Vasco,Fluminense,4.0,2.0,H,O,3.38,3.09,2.29,11,2.0,0.0,1.0,2.0,2.0,3.0,-1.0,2.0,6.0,-4.0,0.0,-3.0,3.0,0.0,0.0,0.0,1.0,1.0,0.0,30.0,60.0,20.0,60.0,1459.1,1627.1
2023-09-16,2023,Palmeiras,Goias,1.0,0.0,H,U,1.27,5.47,11.7,11,3.0,2.0,0.0,0.0,5.0,3.0,2.0,1.0,1.0,0.0,4.0,2.0,2.0,1.0,0.0,1.0,0.0,0.0,0.0,70.0,10.0,27.3,54.5,1682.6,1505.0
2023-09-16,2023,Cuiaba,America MG,2.0,2.0,D,O,1.88,3.35,4.43,11,2.0,0.0,1.0,2.0,5.0,3.0,2.0,3.0,7.0,-4.0,2.0,-4.0,6.0,1.0,0.0,1.0,1.0,2.0,-1.0,30.0,40.0,0.0,70.0,1509.0,1484.9
2023-09-15,2023,Coritiba,Bahia,2.0,4.0,A,O,2.53,3.18,2.89,11,1.0,0.0,2.0,2.0,4.0,0.0,4.0,4.0,4.0,0.0,0.0,-4.0,4.0,1.0,0.0,1.0,0.0,1.0,-1.0,20.0,50.0,9.1,63.6,1424.6,1481.6
2023-09-15,2023,Bragantino,Gremio,2.0,0.0,H,U,1.72,3.8,4.77,12,1.0,0.0,0.0,2.0,3.0,2.0,1.0,1.0,4.0,-3.0,2.0,-2.0,4.0,1.0,0.0,1.0,0.0,0.0,0.0,54.5,9.1,33.3,55.6,1557.5,1584.3
2023-09-14,2023,Santos,Cruzeiro,0.0,3.0,A,O,2.38,3.02,3.3,12,1.0,0.0,0.0,2.0,5.0,3.0,2.0,4.0,7.0,-3.0,1.0,-4.0,5.0,0.0,0.0,0.0,0.0,1.0,-1.0,36.4,18.2,30.0,30.0,1479.6,1489.4
2023-09-14,2023,Internacional,Sao Paulo,2.0,1.0,H,O,2.52,3.01,3.06,11,0.0,0.0,2.0,2.0,3.0,3.0,0.0,5.0,5.0,0.0,-2.0,-2.0,0.0,0.0,0.0,0.0,0.0,0.0,0.0,40.0,30.0,0.0,50.0,1580.0,1553.4
2023-09-14,2023,Fortaleza,Corinthians,2.0,1.0,H,O,1.58,3.76,6.33,12,2.0,0.0,1.0,0.0,7.0,3.0,4.0,4.0,3.0,1.0,3.0,0.0,3.0,2.0,0.0,2.0,1.0,0.0,1.0,54.5,18.2,18.2,54.5,1564.9,1570.7
2023-09-14,2023,Flamengo RJ,Athletico-PR,0.0,3.0,A,O,1.77,3.59,4.74,11,0.0,1.0,0.0,0.0,2.0,4.0,-2.0,2.0,2.0,0.0,0.0,2.0,-2.0,0.0,1.0,-1.0,0.0,0.0,0.0,50.0,10.0,20.0,50.0,1628.9,1575.4
2023-09-03,2023,Gremio,Cuiaba,2.0,0.0,H,U,1.66,3.66,5.58,12,3.0,1.0,0.0,2.0,6.0,2.0,4.0,1.0,5.0,-4.0,5.0,-3.0,8.0,1.0,0.0,1.0,0.0,2.0,-2.0,72.7,9.1,45.5,45.5,1576.0,1517.4
2023-09-03,2023,Fluminense,Fortaleza,1.0,0.0,H,U,1.89,3.42,4.23,12,3.0,1.0,0.0,2.0,6.0,2.0,4.0,2.0,4.0,-2.0,4.0,-2.0,6.0,1.0,0.0,1.0,0.0,1.0,-1.0,72.7,0.0,30.0,50.0,1618.4,1573.6
2023-09-03,2023,Cruzeiro,Bragantino,0.0,0.0,D,U,2.41,3.08,3.13,12,0.0,2.0,1.0,1.0,1.0,4.0,-3.0,2.0,4.0,-2.0,-1.0,0.0,-1.0,0.0,1.0,-1.0,0.0,1.0,-1.0,27.3,45.5,30.0,30.0,1487.3,1559.5
2023-09-03,2023,Corinthians,Palmeiras,0.0,0.0,D,U,4.66,3.14,1.9,10,2.0,2.0,0.0,1.0,7.0,7.0,0.0,3.0,3.0,0.0,4.0,4.0,0.0,2.0,2.0,0.0,0.0,0.0,0.0,44.4,11.1,36.4,18.2,1567.4,1685.9
2023-09-03,2023,Botafogo RJ,Flamengo RJ,1.0,2.0,A,O,2.45,3.18,2.99,12,3.0,2.0,0.0,1.0,10.0,5.0,5.0,2.0,6.0,-4.0,8.0,-1.0,9.0,3.0,0.0,3.0,0.0,1.0,-1.0,100.0,0.0,45.5,36.4,1626.7,1618.7
2023-09-03,2023,Bahia,Vasco,1.0,1.0,D,U,2.06,3.26,3.73,11,2.0,0.0,0.0,2.0,7.0,2.0,5.0,1.0,5.0,-4.0,6.0,-3.0,9.0,2.0,0.0,2.0,0.0,1.0,-1.0,40.0,30.0,10.0,60.0,1482.3,1458.4
2023-09-03,2023,America MG,Santos,2.0,0.0,H,U,2.16,3.16,3.56,11,1.0,0.0,2.0,3.0,3.0,0.0,3.0,6.0,7.0,-1.0,-3.0,-7.0,4.0,0.0,0.0,0.0,1.0,2.0,-1.0,30.0,60.0,10.0,80.0,1474.5,1490.1
2023-09-02,2023,Goias,Internacional,0.0,0.0,D,U,2.77,2.9,2.86,11,1.0,0.0,0.0,1.0,3.0,1.0,2.0,2.0,3.0,-1.0,1.0,-2.0,3.0,0.0,0.0,0.0,0.0,1.0,-1.0,30.0,30.0,18.2,45.5,1502.7,1582.3
2023-09-02,2023,Athletico-PR,Atletico-MG,1.0,1.0,D,U,2.36,3.06,3.28,12,1.0,1.0,0.0,2.0,7.0,2.0,5.0,5.0,2.0,3.0,2.0,0.0,2.0,1.0,1.0,0.0,0.0,0.0,0.0,63.6,9.1,36.4,36.4,1575.1,1585.2
2023-08-27,2023,Palmeiras,Vasco,1.0,0.0,H,U,1.36,4.8,9.05,10,2.0,0.0,0.0,2.0,5.0,2.0,3.0,2.0,6.0,-4.0,3.0,-4.0,7.0,1.0,0.0,1.0,0.0,2.0,-2.0,66.7,11.1,11.1,55.6,1681.4,1462.9
2023-08-27,2023,Gremio,Cruzeiro,3.0,0.0,H,O,2.0,3.37,3.86,11,2.0,1.0,1.0,1.0,3.0,4.0,-1.0,3.0,4.0,-1.0,0.0,0.0,0.0,0.0,0.0,0.0,1.0,0.0,1.0,70.0,10.0,33.3,22.2,1568.1,1495.3
2023-08-27,2023,Fortaleza,Coritiba,3.0,1.0,H,O,1.5,4.11,6.88,11,1.0,0.0,2.0,2.0,4.0,2.0,2.0,4.0,7.0,-3.0,0.0,-5.0,5.0,1.0,0.0,1.0,1.0,2.0,-1.0,50.0,20.0,10.0,70.0,1567.4,1430.8
2023-08-27,2023,Corinthians,Goias,1.0,1.0,D,U,2.0,3.13,4.23,9,2.0,2.0,1.0,1.0,6.0,5.0,1.0,3.0,4.0,-1.0,3.0,1.0,2.0,2.0,0.0,2.0,0.0,0.0,0.0,50.0,12.5,30.0,60.0,1569.3,1500.8
2023-08-27,2023,Bragantino,Cuiaba,2.0,0.0,H,U,1.69,3.53,5.55,11,0.0,2.0,0.0,1.0,1.0,3.0,-2.0,1.0,3.0,-2.0,0.0,0.0,0.0,0.0,0.0,0.0,0.0,1.0,-1.0,50.0,10.0,50.0,40.0,1550.2,1526.7
2023-08-27,2023,Botafogo RJ,Bahia,3.0,0.0,H,O,1.88,3.5,4.2,11,3.0,0.0,0.0,2.0,9.0,0.0,9.0,2.0,3.0,-1.0,7.0,-3.0,10.0,3.0,0.0,3.0,0.0,1.0,-1.0,100.0,0.0,10.0,60.0,1620.4,1488.7
2023-08-27,2023,Atletico-MG,Santos,2.0,0.0,H,U,1.57,3.67,6.81,10,1.0,0.0,2.0,3.0,2.0,1.0,1.0,3.0,9.0,-6.0,-1.0,-8.0,7.0,0.0,0.0,0.0,0.0,2.0,-2.0,33.3,33.3,11.1,77.8,1577.4,1497.8
2023-08-27,2023,Athletico-PR,Fluminense,2.0,2.0,D,O,1.77,3.56,4.73,11,2.0,0.0,0.0,3.0,7.0,1.0,6.0,3.0,5.0,-2.0,4.0,-4.0,8.0,2.0,0.0,2.0,0.0,1.0,-1.0,70.0,10.0,22.2,66.7,1573.8,1619.7
2023-08-27,2023,America MG,Sao Paulo,2.0,1.0,H,O,2.62,3.23,2.73,10,0.0,0.0,3.0,1.0,2.0,2.0,0.0,7.0,3.0,4.0,-5.0,-1.0,-4.0,0.0,0.0,0.0,1.0,0.0,1.0,22.2,66.7,0.0,44.4,1461.6,1566.3
2023-08-26,2023,Flamengo RJ,Internacional,0.0,0.0,D,U,1.46,4.29,7.24,10,1.0,0.0,0.0,2.0,4.0,1.0,3.0,2.0,5.0,-3.0,2.0,-4.0,6.0,1.0,0.0,1.0,0.0,2.0,-2.0,55.6,11.1,20.0,50.0,1619.8,1581.2
2023-08-22,2023,Goias,Athletico-PR,1.0,1.0,D,U,2.85,3.02,2.64,10,1.0,1.0,0.0,1.0,2.0,3.0,-1.0,1.0,2.0,-1.0,1.0,1.0,0.0,0.0,1.0,-1.0,0.0,0.0,0.0,33.3,33.3,22.2,55.6,1498.6,1576.0
2023-08-20,2023,Vasco,Atletico-MG,1.0,0.0,H,U,2.67,3.01,2.85,10,1.0,1.0,2.0,1.0,1.0,2.0,-1.0,3.0,1.0,2.0,-2.0,1.0,-3.0,0.0,1.0,-1.0,1.0,0.0,1.0,22.2,66.7,40.0,30.0,1449.0,1591.3
2023-08-20,2023,Santos,Gremio,2.0,1.0,H,O,2.56,3.13,2.85,11,1.0,1.0,0.0,1.0,7.0,3.0,4.0,6.0,3.0,3.0,1.0,0.0,1.0,0.0,0.0,0.0,0.0,0.0,0.0,30.0,20.0,37.5,50.0,1485.1,1580.8
2023-08-20,2023,Cruzeiro,Corinthians,1.0,1.0,D,U,1.78,3.41,4.9,11,0.0,1.0,1.0,0.0,0.0,3.0,-3.0,1.0,2.0,-1.0,-1.0,1.0,-2.0,0.0,0.0,0.0,0.0,0.0,0.0,30.0,50.0,20.0,60.0,1493.1,1571.5
2023-08-20,2023,Coritiba,Flamengo RJ,2.0,3.0,A,O,3.73,3.44,1.99,10,2.0,1.0,1.0,1.0,5.0,2.0,3.0,2.0,4.0,-2.0,3.0,-2.0,5.0,2.0,0.0,2.0,0.0,1.0,-1.0,22.2,44.4,40.0,40.0,1436.1,1614.5
2023-08-20,2023,Bahia,Bragantino,4.0,0.0,H,O,2.39,3.26,2.99,10,1.0,2.0,1.0,1.0,4.0,4.0,0.0,3.0,2.0,1.0,1.0,2.0,-1.0,1.0,1.0,0.0,0.0,1.0,-1.0,33.3,33.3,33.3,22.2,1476.2,1562.7
2023-08-19,2023,Sao Paulo,Botafogo RJ,0.0,0.0,D,U,1.93,3.38,4.09,11,1.0,1.0,1.0,0.0,4.0,4.0,0.0,3.0,2.0,1.0,1.0,2.0,-1.0,1.0,1.0,0.0,1.0,0.0,1.0,70.0,20.0,55.6,22.2,1564.7,1622.0
2023-08-19,2023,Internacional,Fortaleza,0.0,1.0,A,U,2.35,3.07,3.24,10,0.0,0.0,1.0,3.0,3.0,1.0,2.0,4.0,6.0,-2.0,-1.0,-5.0,4.0,0.0,0.0,0.0,0.0,2.0,-2.0,44.4,22.2,22.2,55.6,1592.2,1556.4
2023-08-19,2023,Fluminense,America MG,3.0,1.0,H,O,1.46,4.25,7.17,11,2.0,0.0,0.0,2.0,3.0,3.0,0.0,1.0,7.0,-6.0,2.0,-4.0,6.0,0.0,0.0,0.0,0.0,2.0,-2.0,70.0,0.0,0.0,66.7,1613.7,1467.6
2023-08-19,2023,Cuiaba,Palmeiras,0.0,2.0,A,U,3.45,3.06,2.25,10,2.0,1.0,0.0,1.0,6.0,5.0,1.0,2.0,3.0,-1.0,4.0,2.0,2.0,1.0,1.0,0.0,0.0,0.0,0.0,33.3,33.3,30.0,20.0,1532.8,1675.3
2023-08-16,2023,Athletico-PR,Cuiaba,2.0,0.0,H,U,1.83,3.31,4.72,10,1.0,2.0,0.0,1.0,7.0,3.0,4.0,5.0,2.0,3.0,2.0,1.0,1.0,1.0,0.0,1.0,0.0,0.0,0.0,66.7,11.1,55.6,33.3,1566.7,1542.1
2023-08-15,2023,Bragantino,Vasco,1.0,1.0,D,U,1.6,3.75,5.92,10,1.0,0.0,0.0,3.0,2.0,2.0,0.0,0.0,7.0,-7.0,2.0,-5.0,7.0,1.0,0.0,1.0,0.0,2.0,-2.0,55.6,11.1,12.5,62.5,1566.0,1445.6
2023-08-14,2023,Palmeiras,Cruzeiro,1.0,0.0,H,U,1.57,3.9,5.93,9,1.0,1.0,1.0,0.0,4.0,4.0,0.0,3.0,3.0,0.0,1.0,1.0,0.0,1.0,0.0,1.0,0.0,0.0,0.0,62.5,12.5,37.5,12.5,1669.9,1498.5
2023-08-13,2023,Gremio,Fluminense,2.0,1.0,H,O,2.24,3.3,3.22,10,2.0,0.0,1.0,2.0,6.0,2.0,4.0,3.0,5.0,-2.0,3.0,-3.0,6.0,1.0,0.0,1.0,1.0,1.0,0.0,66.7,11.1,25.0,62.5,1569.2,1625.3
2023-08-13,2023,Fortaleza,Santos,4.0,0.0,H,O,1.52,3.84,7.02,10,1.0,0.0,2.0,3.0,1.0,1.0,0.0,4.0,8.0,-4.0,-3.0,-7.0,4.0,0.0,0.0,0.0,1.0,2.0,-1.0,44.4,22.2,12.5,75.0,1547.9,1493.6
2023-08-13,2023,Flamengo RJ,Sao Paulo,1.0,1.0,D,U,1.77,3.63,4.56,9,2.0,0.0,0.0,2.0,6.0,1.0,5.0,1.0,3.0,-2.0,5.0,-2.0,7.0,2.0,0.0,2.0,0.0,0.0,0.0,62.5,12.5,0.0,50.0,1616.0,1563.2
2023-08-13,2023,Corinthians,Coritiba,3.0,1.0,H,O,1.7,3.51,5.31,8,1.0,1.0,1.0,1.0,4.0,3.0,1.0,3.0,5.0,-2.0,1.0,-2.0,3.0,1.0,0.0,1.0,0.0,1.0,-1.0,42.9,14.3,11.1,66.7,1564.9,1442.7
2023-08-13,2023,Botafogo RJ,Internacional,3.0,1.0,H,O,2.33,3.0,3.36,10,3.0,1.0,0.0,1.0,8.0,2.0,6.0,1.0,3.0,-2.0,7.0,-1.0,8.0,3.0,0.0,3.0,0.0,1.0,-1.0,100.0,0.0,22.2,44.4,1612.3,1601.9
2023-08-13,2023,Atletico-MG,Bahia,1.0,0.0,H,U,1.58,3.77,6.18,9,0.0,0.0,2.0,1.0,3.0,1.0,2.0,5.0,3.0,2.0,-2.0,-2.0,0.0,0.0,0.0,0.0,0.0,1.0,-1.0,25.0,37.5,11.1,55.6,1584.1,1483.4
2023-08-13,2023,America MG,Goias,0.0,1.0,A,U,1.97,3.38,3.92,9,0.0,1.0,2.0,2.0,4.0,4.0,0.0,8.0,6.0,2.0,-4.0,-2.0,-2.0,0.0,0.0,0.0,1.0,1.0,0.0,25.0,62.5,22.2,66.7,1477.2,1488.9
2023-08-07,2023,Cuiaba,Flamengo RJ,3.0,0.0,H,O,2.87,3.06,2.59,9,2.0,1.0,0.0,0.0,6.0,3.0,3.0,2.0,2.0,0.0,4.0,1.0,3.0,1.0,0.0,1.0,0.0,0.0,0.0,25.0,37.5,44.4,33.3,1529.3,1628.8
2023-08-06,2023,Vasco,Gremio,1.0,0.0,H,U,2.62,3.11,2.81,9,1.0,1.0,2.0,1.0,1.0,3.0,-2.0,3.0,5.0,-2.0,-2.0,-2.0,0.0,0.0,0.0,0.0,1.0,1.0,0.0,12.5,75.0,42.9,42.9,1431.5,1583.3
2023-08-06,2023,Sao Paulo,Atletico-MG,0.0,2.0,A,U,1.92,3.26,4.35,10,2.0,0.0,0.0,2.0,5.0,1.0,4.0,1.0,3.0,-2.0,4.0,-2.0,6.0,1.0,0.0,1.0,0.0,0.0,0.0,77.8,11.1,33.3,33.3,1573.2,1574.2
2023-08-06,2023,Fluminense,Palmeiras,2.0,1.0,H,O,2.18,3.21,3.46,10,2.0,1.0,0.0,0.0,3.0,6.0,-3.0,0.0,3.0,-3.0,3.0,3.0,0.0,1.0,1.0,0.0,0.0,0.0,0.0,66.7,0.0,33.3,11.1,1613.4,1681.8
2023-08-06,2023,Cruzeiro,Botafogo RJ,0.0,0.0,D,U,2.3,3.16,3.25,10,1.0,2.0,1.0,0.0,1.0,5.0,-4.0,1.0,2.0,-1.0,0.0,3.0,-3.0,0.0,1.0,-1.0,0.0,0.0,0.0,33.3,55.6,62.5,25.0,1495.2,1615.6
2023-08-06,2023,Coritiba,Bragantino,0.0,1.0,A,U,3.31,3.23,2.24,9,2.0,2.0,1.0,1.0,5.0,4.0,1.0,2.0,2.0,0.0,3.0,2.0,1.0,2.0,1.0,1.0,0.0,1.0,-1.0,25.0,37.5,25.0,25.0,1449.7,1559.0
2023-08-06,2023,Bahia,America MG,3.0,1.0,H,O,1.9,3.58,3.95,9,1.0,0.0,1.0,1.0,2.0,4.0,-2.0,2.0,6.0,-4.0,0.0,-2.0,2.0,0.0,0.0,0.0,0.0,1.0,-1.0,25.0,37.5,0.0,62.5,1473.0,1487.7
2023-08-05,2023,Santos,Athletico-PR,1.0,1.0,D,U,2.27,3.01,3.47,10,1.0,1.0,1.0,2.0,8.0,3.0,5.0,8.0,3.0,5.0,0.0,0.0,0.0,0.0,1.0,-1.0,0.0,0.0,0.0,33.3,22.2,25.0,62.5,1491.4,1568.9
2023-08-05,2023,Internacional,Corinthians,2.0,2.0,D,O,2.28,2.91,3.61,9,0.0,1.0,1.0,1.0,1.0,1.0,0.0,2.0,1.0,1.0,-1.0,0.0,-1.0,0.0,0.0,0.0,0.0,0.0,0.0,50.0,25.0,22.2,66.7,1603.0,1563.8
2023-08-05,2023,Goias,Fortaleza,1.0,0.0,H,U,2.67,3.0,2.84,9,0.0,1.0,1.0,2.0,2.0,2.0,0.0,3.0,5.0,-2.0,-1.0,-3.0,2.0,0.0,0.0,0.0,0.0,2.0,-2.0,25.0,37.5,25.0,50.0,1476.5,1560.3
2023-07-30,2023,Sao Paulo,Bahia,0.0,0.0,D,U,1.64,3.65,5.71,9,3.0,0.0,0.0,2.0,7.0,2.0,5.0,2.0,5.0,-3.0,5.0,-3.0,8.0,1.0,0.0,1.0,0.0,1.0,-1.0,87.5,12.5,12.5,62.5,1576.1,1470.0
2023-07-30,2023,Goias,Gremio,1.0,1.0,D,U,2.68,3.21,2.68,8,0.0,2.0,1.0,1.0,3.0,4.0,-1.0,4.0,5.0,-1.0,-1.0,-1.0,0.0,0.0,0.0,0.0,0.0,1.0,-1.0,28.6,42.9,50.0,50.0,1473.4,1586.4
2023-07-30,2023,Botafogo RJ,Coritiba,4.0,1.0,H,O,1.67,3.61,5.51,9,3.0,1.0,0.0,1.0,6.0,3.0,3.0,0.0,6.0,-6.0,6.0,-3.0,9.0,3.0,0.0,3.0,0.0,1.0,-1.0,100.0,0.0,12.5,62.5,1609.8,1455.5
2023-07-30,2023,Atletico-MG,Flamengo RJ,1.0,2.0,A,O,2.16,3.24,3.46,8,0.0,1.0,1.0,0.0,3.0,4.0,-1.0,4.0,3.0,1.0,-1.0,1.0,-2.0,0.0,0.0,0.0,0.0,0.0,0.0,28.6,28.6,37.5,37.5,1583.1,1619.9
2023-07-30,2023,America MG,Palmeiras,1.0,4.0,A,O,3.5,3.34,2.11,8,1.0,0.0,1.0,1.0,5.0,2.0,3.0,4.0,3.0,1.0,1.0,-1.0,2.0,1.0,0.0,1.0,0.0,0.0,0.0,28.6,57.1,25.0,12.5,1492.8,1676.7
2023-07-29,2023,Internacional,Cuiaba,1.0,2.0,A,O,1.8,3.29,5.02,8,1.0,1.0,0.0,1.0,2.0,2.0,0.0,1.0,2.0,-1.0,1.0,0.0,1.0,0.0,0.0,0.0,0.0,0.0,0.0,57.1,14.3,50.0,37.5,1615.8,1516.5
2023-07-29,2023,Fortaleza,Bragantino,0.0,3.0,A,O,2.21,3.25,3.34,9,2.0,1.0,1.0,1.0,3.0,2.0,1.0,2.0,3.0,-1.0,1.0,-1.0,2.0,0.0,0.0,0.0,0.0,1.0,-1.0,50.0,12.5,14.3,28.6,1570.9,1548.4
2023-07-29,2023,Fluminense,Santos,1.0,0.0,H,U,1.54,3.88,6.71,9,2.0,0.0,0.0,2.0,4.0,1.0,3.0,1.0,7.0,-6.0,3.0,-6.0,9.0,1.0,0.0,1.0,0.0,2.0,-2.0,62.5,0.0,14.3,71.4,1606.4,1498.4
2023-07-29,2023,Corinthians,Vasco,3.0,1.0,H,O,2.03,3.07,4.12,7,1.0,0.0,1.0,3.0,3.0,1.0,2.0,2.0,6.0,-4.0,1.0,-5.0,6.0,1.0,0.0,1.0,0.0,2.0,-2.0,33.3,16.7,14.3,57.1,1557.1,1438.2
2023-07-29,2023,Athletico-PR,Cruzeiro,3.0,3.0,D,O,1.82,3.39,4.6,9,2.0,1.0,0.0,0.0,5.0,3.0,2.0,2.0,2.0,0.0,3.0,1.0,2.0,1.0,0.0,1.0,0.0,0.0,0.0,75.0,12.5,42.9,14.3,1571.1,1492.9
2023-07-24,2023,Coritiba,Fluminense,2.0,0.0,H,U,3.28,3.14,2.29,8,1.0,0.0,1.0,2.0,3.0,2.0,1.0,2.0,5.0,-3.0,1.0,-3.0,4.0,1.0,0.0,1.0,0.0,1.0,-1.0,14.3,42.9,28.6,57.1,1440.7,1621.1
2023-07-23,2023,Vasco,Athletico-PR,0.0,2.0,A,U,2.75,3.09,2.7,8,1.0,0.0,2.0,2.0,1.0,3.0,-2.0,2.0,5.0,-3.0,-1.0,-2.0,1.0,0.0,0.0,0.0,0.0,0.0,0.0,14.3,71.4,14.3,71.4,1444.9,1564.4
2023-07-23,2023,Santos,Botafogo RJ,2.0,2.0,D,O,2.89,2.92,2.7,9,1.0,3.0,2.0,0.0,6.0,4.0,2.0,8.0,0.0,8.0,-2.0,4.0,-6.0,0.0,1.0,-1.0,1.0,0.0,1.0,37.5,25.0,71.4,28.6,1495.1,1613.1
2023-07-23,2023,Gremio,Atletico-MG,1.0,0.0,H,U,2.39,3.15,3.11,9,2.0,0.0,1.0,1.0,8.0,2.0,6.0,4.0,3.0,1.0,4.0,-1.0,5.0,2.0,0.0,2.0,1.0,0.0,1.0,62.5,12.5,37.5,25.0,1575.9,1593.6
2023-07-23,2023,Cruzeiro,Goias,0.0,1.0,A,U,1.53,3.9,6.73,9,1.0,1.0,1.0,2.0,1.0,4.0,-3.0,1.0,6.0,-5.0,0.0,-2.0,2.0,0.0,0.0,0.0,0.0,1.0,-1.0,37.5,50.0,12.5,75.0,1504.1,1462.2
2023-07-23,2023,Bragantino,Internacional,0.0,0.0,D,U,1.74,3.53,4.97,9,2.0,2.0,0.0,1.0,6.0,3.0,3.0,0.0,3.0,-3.0,6.0,0.0,6.0,2.0,0.0,2.0,0.0,1.0,-1.0,62.5,12.5,25.0,50.0,1546.4,1617.9
2023-07-22,2023,Palmeiras,Fortaleza,3.0,1.0,H,O,1.51,4.02,6.62,8,1.0,1.0,1.0,2.0,4.0,1.0,3.0,3.0,4.0,-1.0,1.0,-3.0,4.0,1.0,0.0,1.0,0.0,2.0,-2.0,57.1,14.3,28.6,42.9,1669.2,1578.4
2023-07-22,2023,Flamengo RJ,America MG,1.0,1.0,D,U,1.33,5.1,9.18,8,2.0,0.0,0.0,2.0,6.0,4.0,2.0,1.0,8.0,-7.0,5.0,-4.0,9.0,2.0,0.0,2.0,0.0,2.0,-2.0,71.4,14.3,0.0,71.4,1623.5,1489.1
2023-07-22,2023,Cuiaba,Sao Paulo,2.0,1.0,H,O,2.77,2.97,2.74,8,1.0,0.0,1.0,2.0,4.0,1.0,3.0,2.0,3.0,-1.0,2.0,-2.0,4.0,1.0,0.0,1.0,0.0,0.0,0.0,14.3,42.9,0.0,42.9,1504.1,1588.5
2023-07-22,2023,Bahia,Corinthians,0.0,0.0,D,U,2.22,3.07,3.59,8,1.0,2.0,1.0,1.0,4.0,3.0,1.0,4.0,1.0,3.0,0.0,2.0,-2.0,0.0,1.0,-1.0,0.0,0.0,0.0,28.6,42.9,25.0,75.0,1467.4,1559.7
2023-07-18,2023,Goias,Atletico-MG,0.0,0.0,D,U,4.05,3.36,1.94,7,0.0,1.0,2.0,1.0,3.0,3.0,0.0,5.0,3.0,2.0,-2.0,0.0,-2.0,0.0,0.0,0.0,0.0,0.0,0.0,33.3,50.0,42.9,28.6,1458.4,1597.4
2023-07-16,2023,Sao Paulo,Santos,4.0,1.0,H,O,1.62,3.54,6.34,8,2.0,0.0,1.0,2.0,3.0,0.0,3.0,3.0,5.0,-2.0,0.0,-5.0,5.0,0.0,0.0,0.0,1.0,2.0,-1.0,85.7,14.3,16.7,66.7,1580.7,1502.9
2023-07-16,2023,Internacional,Palmeiras,0.0,0.0,D,U,2.77,3.06,2.68,7,2.0,1.0,0.0,1.0,4.0,4.0,0.0,1.0,3.0,-2.0,3.0,1.0,2.0,1.0,1.0,0.0,0.0,0.0,0.0,66.7,16.7,28.6,14.3,1616.3,1670.8
2023-07-16,2023,Fortaleza,Cuiaba,0.0,1.0,A,U,1.76,3.46,5.0,8,2.0,1.0,0.0,1.0,3.0,2.0,1.0,1.0,2.0,-1.0,2.0,0.0,2.0,0.0,0.0,0.0,0.0,0.0,0.0,57.1,0.0,42.9,42.9,1591.2,1491.3
2023-07-16,2023,Fluminense,Flamengo RJ,0.0,0.0,D,U,2.78,3.25,2.55,8,2.0,1.0,0.0,1.0,5.0,4.0,1.0,2.0,7.0,-5.0,3.0,-3.0,6.0,1.0,0.0,1.0,0.0,1.0,-1.0,71.4,0.0,42.9,42.9,1621.1,1623.6
2023-07-16,2023,Cruzeiro,Coritiba,0.0,0.0,D,U,1.61,3.77,5.81,8,1.0,1.0,2.0,2.0,1.0,4.0,-3.0,2.0,9.0,-7.0,-1.0,-5.0,4.0,0.0,0.0,0.0,0.0,2.0,-2.0,42.9,57.1,14.3,71.4,1506.1,1438.8
2023-07-16,2023,Botafogo RJ,Bragantino,2.0,0.0,H,U,2.09,3.28,3.66,8,3.0,1.0,0.0,1.0,6.0,3.0,3.0,0.0,3.0,-3.0,6.0,0.0,6.0,3.0,0.0,3.0,0.0,0.0,0.0,100.0,0.0,16.7,16.7,1604.5,1554.9
2023-07-16,2023,Athletico-PR,Bahia,2.0,0.0,H,U,1.57,3.99,5.8,8,2.0,0.0,0.0,1.0,4.0,2.0,2.0,2.0,3.0,-1.0,2.0,-1.0,3.0,0.0,0.0,0.0,0.0,0.0,0.0,71.4,14.3,14.3,57.1,1556.7,1475.1
2023-07-09,2023,Santos,Goias,4.0,3.0,H,O,1.93,3.23,4.39,8,0.0,1.0,2.0,2.0,3.0,2.0,1.0,6.0,4.0,2.0,-3.0,-2.0,-1.0,0.0,0.0,0.0,1.0,1.0,0.0,28.6,28.6,14.3,71.4,1493.6,1467.6
2023-07-09,2023,Palmeiras,Flamengo RJ,1.0,1.0,D,U,1.86,3.68,4.01,7,1.0,2.0,1.0,1.0,4.0,7.0,-3.0,3.0,7.0,-4.0,1.0,0.0,1.0,1.0,1.0,0.0,0.0,1.0,-1.0,66.7,16.7,50.0,50.0,1672.2,1622.2
2023-07-09,2023,Gremio,Botafogo RJ,0.0,2.0,A,U,1.8,3.53,4.48,8,3.0,2.0,0.0,1.0,10.0,2.0,8.0,3.0,1.0,2.0,7.0,1.0,6.0,2.0,0.0,2.0,0.0,0.0,0.0,71.4,0.0,66.7,33.3,1585.6,1594.8
2023-07-09,2023,Fortaleza,Athletico-PR,1.0,0.0,H,U,1.53,3.93,6.75,7,2.0,0.0,0.0,2.0,4.0,3.0,1.0,1.0,6.0,-5.0,3.0,-3.0,6.0,1.0,0.0,1.0,0.0,1.0,-1.0,50.0,0.0,16.7,66.7,1581.6,1566.2
2023-07-09,2023,Fluminense,Internacional,2.0,0.0,H,U,1.89,3.36,4.34,7,2.0,2.0,0.0,0.0,5.0,4.0,1.0,3.0,2.0,1.0,2.0,2.0,0.0,0.0,0.0,0.0,0.0,0.0,0.0,66.7,0.0,28.6,42.9,1610.6,1626.8
2023-07-09,2023,Bragantino,Sao Paulo,0.0,0.0,D,U,1.67,3.68,5.23,8,3.0,0.0,0.0,2.0,8.0,2.0,6.0,0.0,4.0,-4.0,8.0,-2.0,10.0,3.0,0.0,3.0,0.0,0.0,0.0,71.4,14.3,0.0,50.0,1554.2,1581.5
2023-07-08,2023,Vasco,Cruzeiro,0.0,1.0,A,U,2.87,3.13,2.55,7,1.0,0.0,2.0,0.0,2.0,3.0,-1.0,5.0,3.0,2.0,-3.0,0.0,-3.0,0.0,0.0,0.0,1.0,0.0,1.0,16.7,66.7,33.3,16.7,1453.7,1497.3
2023-07-08,2023,Cuiaba,Bahia,1.0,1.0,D,U,1.77,3.39,5.04,7,1.0,0.0,1.0,2.0,4.0,1.0,3.0,2.0,4.0,-2.0,2.0,-3.0,5.0,1.0,0.0,1.0,0.0,1.0,-1.0,16.7,50.0,16.7,66.7,1491.8,1474.6
2023-07-08,2023,Coritiba,America MG,3.0,1.0,H,O,2.14,3.31,3.44,7,0.0,0.0,2.0,2.0,1.0,3.0,-2.0,3.0,7.0,-4.0,-2.0,-4.0,2.0,0.0,0.0,0.0,0.0,2.0,-2.0,0.0,50.0,0.0,66.7,1426.7,1501.2
2023-07-08,2023,Atletico-MG,Corinthians,0.0,1.0,A,U,1.77,3.25,5.31,7,0.0,1.0,0.0,2.0,4.0,2.0,2.0,4.0,3.0,1.0,0.0,-1.0,1.0,0.0,1.0,-1.0,0.0,1.0,-1.0,33.3,16.7,14.3,85.7,1609.2,1547.9
2023-07-04,2023,Goias,Coritiba,1.0,2.0,A,O,2.12,3.2,3.61,6,1.0,0.0,1.0,2.0,4.0,3.0,1.0,4.0,9.0,-5.0,0.0,-6.0,6.0,0.0,0.0,0.0,0.0,2.0,-2.0,40.0,40.0,0.0,83.3,1479.5,1414.9
2023-07-02,2023,Internacional,Cruzeiro,0.0,0.0,D,U,2.08,3.18,3.76,6,2.0,1.0,1.0,0.0,4.0,7.0,-3.0,3.0,3.0,0.0,1.0,4.0,-3.0,1.0,1.0,0.0,1.0,0.0,1.0,80.0,20.0,40.0,20.0,1630.5,1493.6
2023-07-02,2023,Cuiaba,Santos,3.0,0.0,H,O,1.95,3.09,4.48,6,0.0,1.0,2.0,1.0,1.0,1.0,0.0,6.0,2.0,4.0,-5.0,-1.0,-4.0,0.0,0.0,0.0,1.0,1.0,0.0,0.0,60.0,20.0,60.0,1481.2,1504.3
2023-07-02,2023,Corinthians,Bragantino,0.0,1.0,A,U,2.77,2.96,2.78,6,1.0,0.0,0.0,1.0,4.0,3.0,1.0,2.0,4.0,-2.0,2.0,-1.0,3.0,1.0,0.0,1.0,0.0,0.0,0.0,40.0,0.0,0.0,20.0,1558.4,1543.7
2023-07-02,2023,Botafogo RJ,Vasco,2.0,0.0,H,U,1.89,3.35,4.3,7,3.0,0.0,0.0,3.0,5.0,3.0,2.0,0.0,8.0,-8.0,5.0,-5.0,10.0,2.0,0.0,2.0,0.0,2.0,-2.0,100.0,0.0,16.7,50.0,1588.3,1460.2
2023-07-02,2023,Atletico-MG,America MG,2.0,2.0,D,O,1.5,3.94,7.09,6,1.0,0.0,0.0,2.0,4.0,3.0,1.0,2.0,7.0,-5.0,2.0,-4.0,6.0,1.0,0.0,1.0,0.0,2.0,-2.0,40.0,20.0,0.0,80.0,1612.4,1498.1
2023-07-02,2023,Athletico-PR,Palmeiras,2.0,2.0,D,O,2.31,3.14,3.26,7,2.0,1.0,1.0,1.0,3.0,3.0,0.0,2.0,2.0,0.0,1.0,1.0,0.0,0.0,1.0,-1.0,0.0,0.0,0.0,83.3,16.7,33.3,16.7,1563.1,1675.3
2023-07-01,2023,Sao Paulo,Fluminense,1.0,0.0,H,U,2.13,3.37,3.39,7,2.0,0.0,1.0,2.0,4.0,2.0,2.0,4.0,5.0,-1.0,0.0,-3.0,3.0,0.0,0.0,0.0,1.0,1.0,0.0,83.3,16.7,33.3,50.0,1570.0,1622.1
2023-07-01,2023,Flamengo RJ,Fortaleza,2.0,0.0,H,U,1.59,3.98,5.55,7,2.0,1.0,0.0,2.0,5.0,2.0,3.0,1.0,4.0,-3.0,4.0,-2.0,6.0,1.0,0.0,1.0,0.0,1.0,-1.0,66.7,16.7,33.3,33.3,1612.8,1591.0
2023-07-01,2023,Bahia,Gremio,1.0,2.0,A,O,2.74,3.32,2.54,7,1.0,1.0,0.0,2.0,4.0,3.0,1.0,3.0,8.0,-5.0,1.0,-5.0,6.0,0.0,0.0,0.0,0.0,2.0,-2.0,33.3,33.3,40.0,60.0,1481.9,1578.3
2023-06-27,2023,Vasco,Cuiaba,1.0,0.0,H,U,2.2,3.08,3.56,6,0.0,2.0,3.0,0.0,1.0,3.0,-2.0,6.0,1.0,5.0,-5.0,2.0,-7.0,0.0,0.0,0.0,1.0,0.0,1.0,0.0,80.0,50.0,33.3,1448.9,1492.4
2023-06-25,2023,Santos,Flamengo RJ,2.0,3.0,A,O,3.29,3.12,2.3,7,0.0,2.0,1.0,1.0,1.0,7.0,-6.0,3.0,7.0,-4.0,-2.0,0.0,-2.0,0.0,1.0,-1.0,1.0,1.0,0.0,33.3,16.7,40.0,60.0,1511.7,1605.5
2023-06-25,2023,Palmeiras,Botafogo RJ,0.0,1.0,A,U,1.45,4.46,6.74,6,2.0,1.0,0.0,2.0,8.0,2.0,6.0,3.0,3.0,0.0,5.0,-1.0,6.0,2.0,0.0,2.0,0.0,0.0,0.0,80.0,0.0,60.0,40.0,1688.5,1575.1
2023-06-25,2023,Gremio,Coritiba,5.0,1.0,H,O,1.51,4.2,6.22,7,3.0,0.0,0.0,2.0,8.0,4.0,4.0,3.0,7.0,-4.0,5.0,-3.0,8.0,2.0,0.0,2.0,0.0,1.0,-1.0,66.7,0.0,0.0,80.0,1572.4,1420.8
2023-06-25,2023,Cruzeiro,Sao Paulo,1.0,0.0,H,U,2.22,3.19,3.37,7,0.0,0.0,3.0,1.0,0.0,2.0,-2.0,3.0,3.0,0.0,-3.0,-1.0,-2.0,0.0,0.0,0.0,0.0,0.0,0.0,33.3,66.7,0.0,40.0,1480.7,1582.9
2023-06-25,2023,Bragantino,Goias,2.0,0.0,H,U,1.41,4.56,7.68,7,3.0,1.0,0.0,1.0,8.0,3.0,5.0,0.0,3.0,-3.0,8.0,0.0,8.0,3.0,0.0,3.0,0.0,0.0,0.0,66.7,16.7,16.7,66.7,1535.1,1488.1
2023-06-25,2023,America MG,Internacional,1.0,2.0,A,O,1.98,3.34,3.9,7,2.0,1.0,0.0,1.0,6.0,3.0,3.0,3.0,4.0,-1.0,3.0,-1.0,4.0,1.0,0.0,1.0,0.0,1.0,-1.0,33.3,50.0,16.7,50.0,1504.8,1623.8
2023-06-24,2023,Fortaleza,Atletico-MG,2.0,1.0,H,O,2.75,3.05,2.71,6,1.0,2.0,0.0,0.0,2.0,4.0,-2.0,0.0,2.0,-2.0,2.0,2.0,0.0,1.0,0.0,1.0,0.0,0.0,0.0,40.0,0.0,50.0,16.7,1579.7,1623.6
2023-06-24,2023,Fluminense,Bahia,2.0,1.0,H,O,1.54,4.09,6.07,6,2.0,0.0,0.0,2.0,5.0,0.0,5.0,2.0,5.0,-3.0,3.0,-5.0,8.0,1.0,0.0,1.0,0.0,2.0,-2.0,60.0,0.0,20.0,60.0,1615.6,1488.4
2023-06-24,2023,Athletico-PR,Corinthians,1.0,0.0,H,U,1.95,3.14,4.36,6,2.0,1.0,1.0,2.0,5.0,2.0,3.0,4.0,3.0,1.0,1.0,-1.0,2.0,0.0,1.0,-1.0,0.0,1.0,-1.0,80.0,20.0,16.7,83.3,1552.7,1568.8
2023-06-23,2023,Vasco,Goias,0.0,1.0,A,U,1.91,3.32,4.3,5,0.0,0.0,3.0,2.0,1.0,2.0,-1.0,6.0,5.0,1.0,-5.0,-3.0,-2.0,0.0,0.0,0.0,1.0,1.0,0.0,0.0,75.0,0.0,80.0,1458.3,1478.7
2023-06-23,2023,Cuiaba,Botafogo RJ,0.0,1.0,A,U,2.64,2.98,2.88,5,0.0,1.0,2.0,2.0,2.0,4.0,-2.0,7.0,5.0,2.0,-5.0,-1.0,-4.0,0.0,0.0,0.0,1.0,0.0,1.0,0.0,50.0,50.0,50.0,1500.5,1567.0
2023-06-23,2023,Coritiba,Internacional,0.0,1.0,A,U,2.67,2.95,2.87,6,0.0,0.0,1.0,2.0,2.0,2.0,0.0,3.0,6.0,-3.0,-1.0,-4.0,3.0,0.0,0.0,0.0,0.0,2.0,-2.0,0.0,40.0,0.0,60.0,1425.7,1618.9
2023-06-23,2023,Bragantino,Flamengo RJ,4.0,0.0,H,O,2.99,3.35,2.34,6,2.0,2.0,0.0,1.0,6.0,8.0,-2.0,2.0,5.0,-3.0,4.0,3.0,1.0,2.0,1.0,1.0,0.0,0.0,0.0,60.0,20.0,50.0,50.0,1522.4,1618.1
2023-06-22,2023,Santos,Corinthians,0.0,2.0,A,U,2.26,2.89,3.67,6,1.0,0.0,0.0,3.0,4.0,0.0,4.0,1.0,6.0,-5.0,3.0,-6.0,9.0,1.0,0.0,1.0,0.0,2.0,-2.0,40.0,0.0,0.0,100.0,1520.5,1560.0
2023-06-22,2023,Gremio,America MG,3.0,1.0,H,O,1.66,3.89,5.03,6,2.0,0.0,0.0,2.0,5.0,4.0,1.0,2.0,7.0,-5.0,3.0,-3.0,6.0,1.0,0.0,1.0,0.0,1.0,-1.0,60.0,0.0,0.0,75.0,1563.9,1513.3
2023-06-22,2023,Fluminense,Atletico-MG,1.0,1.0,D,U,2.82,3.09,2.61,5,2.0,3.0,0.0,0.0,5.0,7.0,-2.0,2.0,1.0,1.0,3.0,6.0,-3.0,1.0,1.0,0.0,0.0,0.0,0.0,75.0,0.0,60.0,20.0,1615.4,1623.9
2023-06-22,2023,Bahia,Palmeiras,1.0,0.0,H,U,3.58,3.38,2.06,6,0.0,1.0,1.0,0.0,5.0,3.0,2.0,6.0,1.0,5.0,-1.0,2.0,-3.0,0.0,1.0,-1.0,0.0,0.0,0.0,20.0,40.0,40.0,0.0,1472.6,1704.3
2023-06-21,2023,Sao Paulo,Athletico-PR,2.0,1.0,H,O,1.78,3.45,4.78,6,2.0,1.0,1.0,1.0,6.0,4.0,2.0,5.0,4.0,1.0,1.0,0.0,1.0,1.0,1.0,0.0,1.0,1.0,0.0,80.0,20.0,20.0,60.0,1573.2,1562.3
2023-06-21,2023,Cruzeiro,Fortaleza,0.0,1.0,A,U,1.93,3.42,4.02,6,0.0,0.0,3.0,2.0,0.0,1.0,-1.0,4.0,4.0,0.0,-4.0,-3.0,-1.0,0.0,0.0,0.0,1.0,1.0,0.0,40.0,60.0,20.0,40.0,1488.3,1572.1
2023-06-11,2023,Sao Paulo,Palmeiras,0.0,2.0,A,U,3.06,3.21,2.37,5,3.0,1.0,0.0,0.0,8.0,6.0,2.0,3.0,1.0,2.0,5.0,5.0,0.0,2.0,1.0,1.0,0.0,0.0,0.0,100.0,0.0,25.0,0.0,1579.9,1697.6
2023-06-11,2023,Internacional,Vasco,2.0,1.0,H,O,1.8,3.41,4.68,5,2.0,0.0,1.0,2.0,3.0,3.0,0.0,2.0,7.0,-5.0,1.0,-4.0,5.0,1.0,0.0,1.0,1.0,2.0,-1.0,75.0,25.0,20.0,40.0,1612.9,1464.3
2023-06-11,2023,Goias,Fluminense,2.0,2.0,D,O,3.45,3.22,2.18,5,1.0,1.0,2.0,2.0,2.0,2.0,0.0,7.0,3.0,4.0,-5.0,-1.0,-4.0,0.0,1.0,-1.0,1.0,1.0,0.0,50.0,50.0,40.0,60.0,1474.8,1619.3
2023-06-11,2023,Flamengo RJ,Gremio,3.0,0.0,H,O,1.59,4.0,5.49,6,2.0,2.0,0.0,1.0,4.0,5.0,-1.0,1.0,6.0,-5.0,3.0,-1.0,4.0,1.0,0.0,1.0,0.0,1.0,-1.0,60.0,20.0,50.0,50.0,1609.2,1572.8
2023-06-11,2023,Botafogo RJ,Fortaleza,2.0,0.0,H,U,2.21,3.2,3.39,6,3.0,0.0,0.0,1.0,6.0,2.0,4.0,0.0,3.0,-3.0,6.0,-1.0,7.0,2.0,0.0,2.0,0.0,0.0,0.0,100.0,0.0,25.0,25.0,1556.3,1582.8
2023-06-11,2023,America MG,Athletico-PR,2.0,2.0,D,O,2.53,3.18,2.85,6,2.0,1.0,1.0,2.0,4.0,3.0,1.0,5.0,4.0,1.0,-1.0,-1.0,0.0,1.0,1.0,0.0,1.0,1.0,0.0,40.0,60.0,25.0,75.0,1511.8,1563.8
2023-06-10,2023,Coritiba,Santos,0.0,0.0,D,U,2.53,2.89,3.12,5,0.0,1.0,1.0,2.0,3.0,2.0,1.0,4.0,4.0,0.0,-1.0,-2.0,1.0,0.0,0.0,0.0,0.0,1.0,-1.0,0.0,50.0,25.0,75.0,1422.9,1523.3
2023-06-10,2023,Corinthians,Cuiaba,1.0,1.0,D,U,1.74,3.26,5.57,5,1.0,2.0,0.0,1.0,4.0,2.0,2.0,2.0,2.0,0.0,2.0,0.0,2.0,1.0,0.0,1.0,0.0,1.0,-1.0,50.0,0.0,60.0,40.0,1561.7,1498.7
2023-06-10,2023,Bahia,Cruzeiro,2.0,2.0,D,O,2.77,3.17,2.6,5,1.0,2.0,1.0,0.0,6.0,8.0,-2.0,5.0,1.0,4.0,1.0,7.0,-6.0,1.0,2.0,-1.0,0.0,0.0,0.0,25.0,50.0,50.0,25.0,1472.1,1488.8
2023-06-10,2023,Atletico-MG,Bragantino,1.0,1.0,D,U,1.79,3.39,4.87,5,2.0,0.0,0.0,1.0,5.0,5.0,0.0,2.0,6.0,-4.0,3.0,-1.0,4.0,1.0,0.0,1.0,0.0,0.0,0.0,50.0,25.0,0.0,25.0,1626.9,1519.4
2023-06-06,2023,Vasco,Flamengo RJ,1.0,4.0,A,O,4.06,3.56,1.87,4,0.0,1.0,2.0,2.0,2.0,5.0,-3.0,4.0,6.0,-2.0,-2.0,-1.0,-1.0,0.0,0.0,0.0,0.0,0.0,0.0,0.0,66.7,33.3,66.7,1470.7,1602.8
2023-06-04,2023,Santos,Internacional,1.0,1.0,D,U,2.36,2.88,3.46,5,2.0,0.0,0.0,3.0,6.0,1.0,5.0,2.0,7.0,-5.0,4.0,-6.0,10.0,1.0,0.0,1.0,0.0,3.0,-3.0,50.0,0.0,0.0,75.0,1520.7,1615.6
2023-06-04,2023,Palmeiras,Coritiba,3.0,1.0,H,O,1.27,5.51,11.53,5,2.0,0.0,0.0,2.0,7.0,4.0,3.0,3.0,7.0,-4.0,4.0,-3.0,7.0,1.0,0.0,1.0,0.0,1.0,-1.0,75.0,0.0,0.0,75.0,1694.1,1426.4
2023-06-04,2023,Gremio,Sao Paulo,2.0,1.0,H,O,2.09,3.25,3.67,5,1.0,0.0,0.0,0.0,6.0,2.0,4.0,4.0,2.0,2.0,2.0,0.0,2.0,1.0,0.0,1.0,0.0,0.0,0.0,50.0,0.0,0.0,25.0,1562.0,1590.7
2023-06-04,2023,Goias,Cuiaba,0.0,1.0,A,U,2.26,2.99,3.53,4,2.0,2.0,1.0,1.0,5.0,3.0,2.0,7.0,3.0,4.0,-2.0,0.0,-2.0,1.0,0.0,1.0,1.0,1.0,0.0,66.7,33.3,50.0,50.0,1484.7,1488.8
2023-06-04,2023,Fluminense,Bragantino,2.0,1.0,H,O,1.74,3.69,4.66,4,2.0,0.0,0.0,0.0,5.0,5.0,0.0,1.0,5.0,-4.0,4.0,0.0,4.0,2.0,0.0,2.0,0.0,0.0,0.0,66.7,0.0,0.0,0.0,1611.7,1527.0
2023-06-03,2023,Fortaleza,Bahia,0.0,0.0,D,U,1.6,3.88,5.68,5,2.0,1.0,0.0,2.0,6.0,1.0,5.0,2.0,5.0,-3.0,4.0,-4.0,8.0,2.0,0.0,2.0,0.0,2.0,-2.0,50.0,0.0,25.0,75.0,1586.1,1468.9
2023-06-03,2023,Cruzeiro,Atletico-MG,0.0,1.0,A,U,3.32,3.06,2.32,5,1.0,2.0,2.0,1.0,2.0,6.0,-4.0,4.0,3.0,1.0,-2.0,3.0,-5.0,0.0,1.0,-1.0,1.0,1.0,0.0,50.0,50.0,50.0,25.0,1495.4,1620.3
2023-06-03,2023,Athletico-PR,Botafogo RJ,1.0,0.0,H,U,2.05,3.34,3.69,5,2.0,2.0,1.0,1.0,6.0,6.0,0.0,5.0,5.0,0.0,1.0,1.0,0.0,0.0,0.0,0.0,0.0,0.0,0.0,75.0,25.0,66.7,33.3,1553.5,1566.6
2023-06-03,2023,America MG,Corinthians,2.0,0.0,H,U,2.8,3.08,2.65,5,1.0,0.0,2.0,3.0,3.0,1.0,2.0,7.0,6.0,1.0,-4.0,-5.0,1.0,0.0,0.0,0.0,1.0,1.0,0.0,25.0,75.0,0.0,100.0,1499.7,1573.9
2023-05-28,2023,Sao Paulo,Goias,2.0,1.0,H,O,1.55,3.89,6.45,4,3.0,0.0,0.0,2.0,9.0,1.0,8.0,2.0,4.0,-2.0,7.0,-3.0,10.0,3.0,0.0,3.0,0.0,1.0,-1.0,100.0,0.0,0.0,75.0,1583.3,1492.1
2023-05-28,2023,Internacional,Bahia,2.0,0.0,H,U,2.05,3.44,3.59,4,2.0,1.0,1.0,2.0,3.0,2.0,1.0,3.0,5.0,-2.0,0.0,-3.0,3.0,0.0,0.0,0.0,1.0,1.0,0.0,66.7,33.3,33.3,66.7,1609.2,1475.2
2023-05-28,2023,Corinthians,Fluminense,2.0,0.0,H,U,2.71,3.09,2.71,4,1.0,1.0,0.0,2.0,4.0,4.0,0.0,3.0,5.0,-2.0,1.0,-1.0,2.0,0.0,1.0,-1.0,0.0,1.0,-1.0,33.3,0.0,50.0,50.0,1562.1,1623.4
2023-05-28,2023,Bragantino,Santos,2.0,0.0,H,U,1.76,3.41,5.07,5,1.0,1.0,1.0,2.0,4.0,2.0,2.0,5.0,3.0,2.0,-1.0,-1.0,0.0,1.0,0.0,1.0,1.0,0.0,1.0,50.0,25.0,33.3,66.7,1516.6,1531.1
2023-05-28,2023,Botafogo RJ,America MG,2.0,0.0,H,U,1.79,3.59,4.49,5,3.0,0.0,0.0,2.0,6.0,4.0,2.0,0.0,8.0,-8.0,6.0,-4.0,10.0,2.0,0.0,2.0,0.0,1.0,-1.0,100.0,0.0,0.0,66.7,1558.1,1508.3
2023-05-28,2023,Atletico-MG,Palmeiras,1.0,1.0,D,U,2.25,3.23,3.28,4,2.0,1.0,1.0,0.0,5.0,7.0,-2.0,3.0,2.0,1.0,2.0,5.0,-3.0,1.0,1.0,0.0,0.0,0.0,0.0,66.7,33.3,33.3,0.0,1618.1,1696.3
2023-05-27,2023,Fortaleza,Vasco,2.0,0.0,H,U,1.66,3.89,5.05,4,1.0,0.0,0.0,1.0,5.0,4.0,1.0,3.0,6.0,-3.0,2.0,-2.0,4.0,1.0,0.0,1.0,0.0,1.0,-1.0,33.3,0.0,25.0,25.0,1578.9,1477.8
2023-05-27,2023,Flamengo RJ,Cruzeiro,1.0,1.0,D,U,1.68,3.7,5.11,5,2.0,2.0,1.0,1.0,5.0,8.0,-3.0,3.0,2.0,1.0,2.0,6.0,-4.0,1.0,2.0,-1.0,0.0,0.0,0.0,75.0,25.0,66.7,33.3,1606.0,1492.2
2023-05-27,2023,Cuiaba,Coritiba,1.0,1.0,D,U,1.85,3.3,4.65,4,0.0,0.0,2.0,3.0,2.0,3.0,-1.0,7.0,9.0,-2.0,-5.0,-6.0,1.0,0.0,0.0,0.0,1.0,2.0,-1.0,0.0,66.7,0.0,100.0,1490.7,1424.6
2023-05-27,2023,Athletico-PR,Gremio,1.0,2.0,A,O,1.64,3.74,5.51,4,3.0,1.0,0.0,2.0,7.0,3.0,4.0,3.0,6.0,-3.0,4.0,-3.0,7.0,1.0,0.0,1.0,0.0,1.0,-1.0,100.0,0.0,33.3,66.7,1563.8,1551.7
2023-05-23,2023,Cruzeiro,Cuiaba,0.0,1.0,A,U,1.58,3.75,6.27,4,2.0,1.0,1.0,2.0,3.0,3.0,0.0,3.0,5.0,-2.0,0.0,-2.0,2.0,0.0,0.0,0.0,1.0,1.0,0.0,66.7,33.3,33.3,66.7,1502.9,1480.1
2023-05-21,2023,Santos,Palmeiras,0.0,0.0,D,U,5.1,3.53,1.73,4,2.0,,0.0,,6.0,,,2.0,,,4.0,,,1.0,,,0.0,,,66.7,0.0,50.0,0.0,1526.5,1700.9
2023-05-21,2023,Gremio,Internacional,3.0,1.0,H,O,2.02,3.26,3.85,4,1.0,0.0,0.0,2.0,4.0,1.0,3.0,3.0,5.0,-2.0,1.0,-4.0,5.0,0.0,0.0,0.0,0.0,2.0,-2.0,33.3,0.0,0.0,66.7,1539.3,1621.6
2023-05-21,2023,Flamengo RJ,Corinthians,1.0,0.0,H,U,1.41,4.4,8.09,4,2.0,0.0,1.0,3.0,7.0,2.0,5.0,3.0,8.0,-5.0,4.0,-6.0,10.0,2.0,0.0,2.0,0.0,2.0,-2.0,66.7,33.3,0.0,100.0,1596.7,1571.4
2023-05-20,2023,Sao Paulo,Vasco,4.0,2.0,H,O,1.84,3.38,4.51,3,,1.0,,0.0,,4.0,,,3.0,,,1.0,,,0.0,,,0.0,,100.0,0.0,33.3,0.0,1575.9,1485.3
2023-05-20,2023,Coritiba,Atletico-MG,1.0,2.0,A,O,4.6,3.36,1.83,4,0.0,1.0,1.0,1.0,2.0,4.0,-2.0,5.0,2.0,3.0,-3.0,2.0,-5.0,0.0,1.0,-1.0,1.0,1.0,0.0,0.0,33.3,33.3,33.3,1429.7,1612.9
2023-05-20,2023,Bragantino,Athletico-PR,2.0,0.0,H,U,1.83,3.57,4.26,4,1.0,1.0,1.0,2.0,4.0,3.0,1.0,6.0,4.0,2.0,-2.0,-1.0,-1.0,0.0,1.0,-1.0,1.0,1.0,0.0,33.3,33.3,33.3,66.7,1504.6,1575.8
2023-05-20,2023,Botafogo RJ,Fluminense,1.0,0.0,H,U,2.7,3.25,2.62,4,3.0,2.0,0.0,1.0,7.0,7.0,0.0,1.0,4.0,-3.0,6.0,3.0,3.0,2.0,2.0,0.0,0.0,1.0,-1.0,100.0,0.0,66.7,33.3,1545.5,1636.0
2023-05-20,2023,Bahia,Goias,1.0,1.0,D,U,1.7,3.66,5.09,4,1.0,0.0,2.0,3.0,6.0,0.0,6.0,6.0,5.0,1.0,0.0,-5.0,5.0,1.0,0.0,1.0,0.0,2.0,-2.0,33.3,66.7,0.0,100.0,1474.7,1492.6
2023-05-20,2023,America MG,Fortaleza,2.0,1.0,H,O,2.87,3.32,2.44,4,0.0,1.0,3.0,0.0,1.0,4.0,-3.0,9.0,1.0,8.0,-8.0,3.0,-11.0,0.0,1.0,-1.0,2.0,0.0,2.0,0.0,100.0,33.3,0.0,1495.6,1591.6
2023-05-14,2023,Vasco,Santos,0.0,1.0,A,U,1.9,3.22,4.47,3,,,,,,,,,,,,,,,,,,,,0.0,50.0,0.0,100.0,1494.6,1517.1
2023-05-14,2023,Gremio,Fortaleza,0.0,0.0,D,U,1.89,3.54,4.03,3,,,,,,,,,,,,,,,,,,,,50.0,0.0,50.0,0.0,1537.8,1593.2
2023-05-14,2023,Goias,Botafogo RJ,2.0,1.0,H,O,3.11,3.26,2.32,3,,,,,,,,,,,,,,,,,,,,50.0,50.0,100.0,0.0,1480.4,1557.7
2023-05-14,2023,Corinthians,Sao Paulo,1.0,1.0,D,U,2.49,2.99,3.08,3,,0.0,,1.0,,2.0,,,3.0,,,-1.0,,,0.0,,,0.0,,50.0,0.0,0.0,33.3,1571.2,1576.0
2023-05-14,2023,Atletico-MG,Internacional,2.0,0.0,H,U,1.56,3.89,6.1,3,,,,,,,,,,,,,,,,,,,,50.0,50.0,0.0,50.0,1602.1,1632.4
2023-05-14,2023,Athletico-PR,Coritiba,3.0,2.0,H,O,1.61,3.67,6.1,3,,,,,,,,,,,,,,,,,,,,100.0,0.0,0.0,100.0,1569.5,1436.1
2023-05-14,2023,America MG,Cruzeiro,0.0,4.0,A,O,2.49,3.34,2.78,3,,,,,,,,,,,,,,,,,,,,0.0,100.0,50.0,50.0,1506.0,1492.5
2023-05-13,2023,Palmeiras,Bragantino,1.0,1.0,D,U,1.56,4.11,5.64,4,3.0,,0.0,,8.0,,,3.0,,,5.0,,,1.0,,,0.0,,,100.0,0.0,0.0,0.0,1706.3,1499.2
2023-05-13,2023,Fluminense,Cuiaba,2.0,0.0,H,U,1.4,4.63,7.53,3,,,,,,,,,,,,,,,,,,,,50.0,0.0,50.0,50.0,1629.9,1486.2
2023-05-13,2023,Bahia,Flamengo RJ,2.0,3.0,A,O,3.05,3.37,2.3,3,,,,,,,,,,,,,,,,,,,,50.0,50.0,0.0,100.0,1481.6,1589.7
2023-05-12,2023,Fortaleza,Sao Paulo,0.0,0.0,D,U,1.95,3.37,4.01,3,,,,,,,,,,,,,,,,,,,,50.0,0.0,0.0,50.0,1593.7,1575.5
2023-05-11,2023,Palmeiras,Gremio,4.0,1.0,H,O,1.39,4.64,7.92,3,,,,,,,,,,,,,,,,,,,,100.0,0.0,50.0,50.0,1700.5,1543.5
2023-05-11,2023,Flamengo RJ,Goias,2.0,0.0,H,U,1.24,5.98,11.65,3,,,,,,,,,,,,,,,,,,,,50.0,50.0,0.0,100.0,1582.4,1487.8
2023-05-11,2023,Cuiaba,Atletico-MG,0.0,4.0,A,O,3.63,3.19,2.13,3,,,,,,,,,,,,,,,,,,,,0.0,50.0,0.0,50.0,1493.3,1594.9
2023-05-11,2023,Cruzeiro,Fluminense,0.0,2.0,A,U,2.62,3.15,2.76,3,,,,,,,,,,,,,,,,,,,,100.0,0.0,50.0,50.0,1499.0,1623.3
2023-05-11,2023,Coritiba,Vasco,1.0,1.0,D,U,3.28,3.09,2.34,3,,,,,,,,,,,,,,,,,,,,0.0,50.0,50.0,0.0,1434.3,1496.4
2023-05-11,2023,Botafogo RJ,Corinthians,3.0,0.0,H,O,1.86,3.41,4.34,3,,,,,,,,,,,,,,,,,,,,100.0,0.0,0.0,100.0,1546.7,1582.3
2023-05-10,2023,Santos,Bahia,3.0,0.0,H,O,2.26,3.08,3.41,3,,,,,,,,,,,,,,,,,,,,50.0,0.0,50.0,50.0,1507.6,1491.2
2023-05-10,2023,Internacional,Athletico-PR,0.0,2.0,A,U,1.8,3.48,4.62,3,,,,,,,,,,,,,,,,,,,,100.0,0.0,0.0,100.0,1644.9,1557.0
2023-05-10,2023,Bragantino,America MG,2.0,2.0,D,O,1.8,3.67,4.36,3,,,,,,,,,,,,,,,,,,,,50.0,50.0,0.0,100.0,1499.0,1506.2
2023-05-09,2023,Corinthians,Fortaleza,1.0,1.0,D,U,2.55,3.06,2.93,2,,,,,,,,,,,,,,,,,,,,100.0,0.0,100.0,0.0,1581.9,1594.1
2023-05-07,2023,Sao Paulo,Internacional,2.0,0.0,H,U,2.05,3.36,3.66,2,,,,,,,,,,,,,,,,,,,,100.0,0.0,0.0,0.0,1562.8,1657.6
2023-05-07,2023,Gremio,Bragantino,3.0,3.0,D,O,1.9,3.47,4.05,2,,,,,,,,,,,,,,,,,,,,100.0,0.0,0.0,0.0,1544.9,1497.7
2023-05-07,2023,Goias,Palmeiras,0.0,5.0,A,O,5.13,3.81,1.66,2,,,,,,,,,,,,,,,,,,,,100.0,0.0,0.0,0.0,1492.5,1695.8
2023-05-07,2023,Fluminense,Vasco,1.0,1.0,D,U,1.74,3.69,4.66,2,,,,,,,,,,,,,,,,,,,,100.0,0.0,100.0,0.0,1627.0,1492.7
2023-05-07,2023,Botafogo RJ,Atletico-MG,2.0,0.0,H,U,3.5,3.22,2.15,2,,,,,,,,,,,,,,,,,,,,100.0,0.0,0.0,0.0,1534.6,1606.9
2023-05-07,2023,Bahia,Coritiba,3.0,1.0,H,O,1.72,3.63,4.91,2,,,,,,,,,,,,,,,,,,,,0.0,100.0,0.0,100.0,1482.3,1443.2
2023-05-07,2023,Athletico-PR,Flamengo RJ,2.0,1.0,H,O,2.88,3.16,2.52,2,,,,,,,,,,,,,,,,,,,,100.0,0.0,0.0,100.0,1545.6,1593.8
2023-05-07,2023,America MG,Cuiaba,1.0,2.0,A,O,1.73,3.67,4.78,2,,,,,,,,,,,,,,,,,,,,0.0,100.0,0.0,100.0,1517.2,1482.3
2023-05-06,2023,Cruzeiro,Santos,2.0,1.0,H,O,1.7,3.53,5.24,2,,,,,,,,,,,,,,,,,,,,100.0,0.0,0.0,100.0,1488.2,1518.5
2023-05-02,2023,Vasco,Bahia,0.0,1.0,A,U,1.75,3.64,4.67,2,,,,,,,,,,,,,,,,,,,,0.0,0.0,0.0,100.0,1503.6,1471.4
2023-04-30,2023,Internacional,Goias,1.0,0.0,H,U,1.6,3.87,5.66,2,,,,,,,,,,,,,,,,,,,,100.0,0.0,0.0,100.0,1651.7,1498.4
2023-04-30,2023,Flamengo RJ,Botafogo RJ,2.0,3.0,A,O,1.6,3.89,5.58,2,,,,,,,,,,,,,,,,,,,,100.0,0.0,100.0,0.0,1606.1,1522.3
2023-04-30,2023,Cuiaba,Gremio,1.0,2.0,A,O,2.7,3.09,2.74,2,,,,,,,,,,,,,,,,,,,,0.0,0.0,0.0,100.0,1491.0,1536.2
2023-04-30,2023,Atletico-MG,Athletico-PR,2.0,1.0,H,O,1.6,3.7,6.13,2,,,,,,,,,,,,,,,,,,,,0.0,100.0,0.0,100.0,1598.2,1554.4
2023-04-29,2023,Santos,America MG,3.0,2.0,H,O,2.32,3.15,3.2,2,,,,,,,,,,,,,,,,,,,,0.0,0.0,0.0,100.0,1507.9,1527.8
2023-04-29,2023,Palmeiras,Corinthians,2.0,1.0,H,O,1.49,4.01,7.13,2,,,,,,,,,,,,,,,,,,,,100.0,0.0,0.0,100.0,1688.5,1589.1
2023-04-29,2023,Fortaleza,Fluminense,4.0,2.0,H,O,2.19,3.29,3.37,2,,,,,,,,,,,,,,,,,,,,0.0,0.0,100.0,0.0,1582.5,1638.6
2023-04-29,2023,Coritiba,Sao Paulo,1.0,1.0,D,U,2.99,3.09,2.47,2,,,,,,,,,,,,,,,,,,,,0.0,100.0,0.0,100.0,1439.7,1566.3
2023-04-29,2023,Bragantino,Cruzeiro,0.0,3.0,A,O,1.89,3.43,4.18,2,,,,,,,,,,,,,,,,,,,,100.0,0.0,0.0,100.0,1508.6,1477.3
2023-04-25,2023,Bahia,Botafogo RJ,1.0,2.0,A,O,2.08,3.24,3.7,1,,,,,,,,,,,,,,,,,,,,,,,,1480.4,1513.2
2023-04-23,2023,Vasco,Palmeiras,2.0,2.0,D,O,3.21,3.15,2.32,1,,,,,,,,,,,,,,,,,,,,,,,,1498.5,1693.6
2023-04-23,2023,Santos,Atletico-MG,0.0,0.0,D,U,3.24,3.07,2.35,1,,,,,,,,,,,,,,,,,,,,,,,,1505.2,1600.9
2023-04-23,2023,Internacional,Flamengo RJ,2.0,1.0,H,O,2.71,3.22,2.63,1,,,,,,,,,,,,,,,,,,,,,,,,1642.5,1615.3
2023-04-23,2023,Goias,Corinthians,3.0,1.0,H,O,3.01,2.94,2.58,1,,,,,,,,,,,,,,,,,,,,,,,,1485.1,1602.4
2023-04-23,2023,Cruzeiro,Gremio,1.0,0.0,H,U,2.38,3.13,3.11,1,,,,,,,,,,,,,,,,,,,,,,,,1464.9,1548.5
2023-04-23,2023,Coritiba,Fortaleza,0.0,3.0,A,O,2.65,3.12,2.76,1,,,,,,,,,,,,,,,,,,,,,,,,1446.1,1576.0
2023-04-22,2023,Sao Paulo,America MG,3.0,0.0,H,O,1.88,3.41,4.29,1,,,,,,,,,,,,,,,,,,,,,,,,1556.9,1537.2
2023-04-22,2023,Fluminense,Athletico-PR,2.0,0.0,H,U,1.5,4.13,6.71,1,,,,,,,,,,,,,,,,,,,,,,,,1630.5,1562.4
2023-04-22,2023,Cuiaba,Bragantino,1.0,1.0,D,U,2.54,3.07,2.93,1,,,,,,,,,,,,,,,,,,,,,,,,1490.5,1509.1
2023-04-16,2023,Gremio,Santos,1.0,0.0,H,U,1.77,3.38,4.99,1,,,,,,,,,,,,,,,,,,,,,,,,1539.3,1514.5
2023-04-16,2023,Flamengo RJ,Coritiba,3.0,0.0,H,O,1.38,4.76,8.13,1,,,,,,,,,,,,,,,,,,,,,,,,1609.6,1451.9
2023-04-16,2023,Corinthians,Cruzeiro,2.0,1.0,H,O,1.77,3.41,4.96,1,,,,,,,,,,,,,,,,,,,,,,,,1595.8,1471.5
2023-04-16,2023,Atletico-MG,Vasco,1.0,2.0,A,O,1.8,3.5,4.54,1,,,,,,,,,,,,,,,,,,,,,,,,1614.4,1485.0
2023-04-15,2023,Palmeiras,Cuiaba,2.0,1.0,H,O,1.35,4.92,8.54,1,,,,,,,,,,,,,,,,,,,,,,,,1688.7,1495.4
2023-04-15,2023,Fortaleza,Internacional,1.0,1.0,D,U,1.91,3.44,4.07,1,,,,,,,,,,,,,,,,,,,,,,,,1574.0,1644.5
2023-04-15,2023,Bragantino,Bahia,2.0,1.0,H,O,1.84,3.56,4.21,1,,,,,,,,,,,,,,,,,,,,,,,,1499.4,1490.2
2023-04-15,2023,Botafogo RJ,Sao Paulo,2.0,1.0,H,O,2.4,3.05,3.15,1,,,,,,,,,,,,,,,,,,,,,,,,1501.3,1568.8
2023-04-15,2023,Athletico-PR,Goias,2.0,0.0,H,U,1.62,3.57,6.17,1,,,,,,,,,,,,,,,,,,,,,,,,1554.2,1493.4
2023-04-15,2023,America MG,Fluminense,0.0,3.0,A,O,2.49,3.23,2.87,1,,,,,,,,,,,,,,,,,,,,,,,,1545.0,1622.7
2022-11-13,2022,Santos,Fortaleza,0.0,2.0,A,U,3.2,3.3,2.24,19,1.0,1.0,1.0,1.0,5.0,3.0,2.0,3.0,6.0,-3.0,2.0,-3.0,5.0,1.0,0.0,1.0,0.0,1.0,-1.0,44.4,27.8,38.9,50.0,1523.3,1565.2
2022-11-13,2022,Internacional,Palmeiras,3.0,0.0,H,O,2.49,3.45,2.72,19,3.0,1.0,0.0,0.0,8.0,5.0,3.0,3.0,3.0,0.0,5.0,2.0,3.0,2.0,1.0,1.0,0.0,0.0,0.0,66.7,5.6,55.6,0.0,1632.6,1700.6
2022-11-13,2022,Goias,Sao Paulo,0.0,4.0,A,O,4.85,3.78,1.69,19,1.0,1.0,0.0,1.0,3.0,3.0,0.0,2.0,4.0,-2.0,1.0,-1.0,2.0,0.0,0.0,0.0,0.0,1.0,-1.0,33.3,22.2,22.2,27.8,1501.7,1560.5
2022-11-13,2022,Cuiaba,Coritiba,2.0,1.0,H,O,1.94,3.37,4.0,19,1.0,1.0,1.0,2.0,3.0,3.0,0.0,3.0,6.0,-3.0,0.0,-3.0,3.0,0.0,0.0,0.0,0.0,2.0,-2.0,27.8,27.8,5.6,83.3,1486.1,1461.1
2022-11-13,2022,Corinthians,Atletico-MG,0.0,1.0,A,U,3.06,3.07,2.45,19,2.0,0.0,1.0,1.0,3.0,2.0,1.0,3.0,3.0,0.0,0.0,-1.0,1.0,0.0,0.0,0.0,1.0,0.0,1.0,66.7,11.1,33.3,22.2,1605.9,1604.4
2022-11-13,2022,Ceara,Juventude,4.0,1.0,H,O,1.67,3.84,4.98,19,0.0,0.0,1.0,3.0,2.0,1.0,1.0,3.0,6.0,-3.0,-1.0,-5.0,4.0,0.0,0.0,0.0,0.0,1.0,-1.0,16.7,38.9,5.6,72.2,1464.2,1406.8
2022-11-13,2022,Bragantino,Fluminense,0.0,1.0,A,U,2.4,3.53,2.76,19,1.0,3.0,2.0,0.0,5.0,6.0,-1.0,8.0,0.0,8.0,-3.0,6.0,-9.0,1.0,2.0,-1.0,2.0,0.0,2.0,44.4,27.8,44.4,33.3,1506.3,1615.8
2022-11-13,2022,Athletico-PR,Botafogo RJ,3.0,0.0,H,O,2.18,3.26,3.38,19,2.0,2.0,1.0,0.0,5.0,5.0,0.0,5.0,2.0,3.0,0.0,3.0,-3.0,0.0,1.0,-1.0,1.0,0.0,1.0,55.6,11.1,50.0,27.8,1545.2,1510.3
2022-11-13,2022,America MG,Atletico GO,1.0,1.0,D,U,1.59,4.21,5.14,19,1.0,0.0,2.0,1.0,3.0,3.0,0.0,4.0,4.0,0.0,-1.0,-1.0,0.0,0.0,0.0,0.0,0.0,0.0,0.0,50.0,33.3,11.1,55.6,1546.9,1482.6
2022-11-12,2022,Flamengo RJ,Avai,1.0,2.0,A,O,1.16,7.56,16.07,19,2.0,0.0,1.0,2.0,5.0,1.0,4.0,4.0,5.0,-1.0,1.0,-4.0,5.0,0.0,0.0,0.0,0.0,1.0,-1.0,61.1,22.2,5.6,72.2,1625.6,1383.4
2022-11-10,2022,Palmeiras,America MG,2.0,1.0,H,O,1.52,4.5,5.59,19,2.0,2.0,0.0,0.0,7.0,8.0,-1.0,0.0,3.0,-3.0,7.0,5.0,2.0,2.0,2.0,0.0,0.0,0.0,0.0,66.7,11.1,33.3,44.4,1694.5,1553.0
2022-11-10,2022,Juventude,Flamengo RJ,2.0,2.0,D,O,5.45,3.75,1.64,19,0.0,2.0,2.0,1.0,2.0,4.0,-2.0,4.0,3.0,1.0,-2.0,1.0,-3.0,0.0,0.0,0.0,0.0,0.0,0.0,11.1,44.4,38.9,38.9,1401.0,1631.4
2022-11-10,2022,Botafogo RJ,Santos,3.0,0.0,H,O,2.21,3.24,3.37,19,1.0,2.0,2.0,1.0,2.0,7.0,-5.0,4.0,5.0,-1.0,-2.0,2.0,-4.0,0.0,1.0,-1.0,1.0,0.0,1.0,27.8,50.0,22.2,44.4,1499.3,1534.3
2022-11-10,2022,Atletico-MG,Cuiaba,3.0,0.0,H,O,1.46,4.17,7.25,19,1.0,1.0,1.0,1.0,1.0,4.0,-3.0,2.0,3.0,-1.0,-1.0,1.0,-2.0,0.0,1.0,-1.0,1.0,0.0,1.0,38.9,33.3,22.2,61.1,1597.3,1493.2
2022-11-10,2022,Atletico GO,Athletico-PR,1.0,1.0,D,U,2.1,3.39,3.46,19,1.0,0.0,1.0,3.0,4.0,3.0,1.0,4.0,8.0,-4.0,0.0,-5.0,5.0,0.0,0.0,0.0,0.0,2.0,-2.0,33.3,44.4,27.8,55.6,1480.7,1547.1
2022-11-09,2022,Sao Paulo,Internacional,0.0,1.0,A,U,1.87,3.5,4.26,19,2.0,1.0,0.0,1.0,7.0,2.0,5.0,4.0,2.0,2.0,3.0,0.0,3.0,1.0,0.0,1.0,0.0,0.0,0.0,44.4,22.2,33.3,22.2,1568.9,1624.1
2022-11-09,2022,Fortaleza,Bragantino,6.0,0.0,H,O,1.81,3.58,4.39,19,1.0,1.0,0.0,2.0,4.0,4.0,0.0,2.0,5.0,-3.0,2.0,-1.0,3.0,1.0,0.0,1.0,0.0,0.0,0.0,33.3,22.2,16.7,50.0,1556.4,1515.1
2022-11-09,2022,Fluminense,Goias,3.0,0.0,H,O,1.36,5.03,7.82,19,1.0,1.0,1.0,2.0,5.0,6.0,-1.0,5.0,8.0,-3.0,0.0,-2.0,2.0,1.0,0.0,1.0,1.0,1.0,0.0,61.1,22.2,27.8,44.4,1608.6,1508.9
2022-11-09,2022,Coritiba,Corinthians,2.0,2.0,D,O,2.82,2.96,2.73,19,2.0,2.0,0.0,0.0,4.0,3.0,1.0,2.0,1.0,1.0,2.0,2.0,0.0,0.0,0.0,0.0,0.0,0.0,0.0,61.1,22.2,33.3,33.3,1457.0,1610.0
2022-11-09,2022,Avai,Ceara,2.0,0.0,H,U,4.05,3.33,1.96,19,0.0,0.0,3.0,3.0,2.0,1.0,1.0,7.0,4.0,3.0,-5.0,-3.0,-2.0,0.0,0.0,0.0,1.0,0.0,1.0,33.3,44.4,16.7,38.9,1370.5,1477.2
2022-11-07,2022,Atletico-MG,Botafogo RJ,0.0,2.0,A,U,1.61,3.77,5.84,18,2.0,2.0,0.0,0.0,3.0,5.0,-2.0,0.0,3.0,-3.0,3.0,2.0,1.0,1.0,0.0,1.0,0.0,0.0,0.0,41.2,29.4,47.1,29.4,1610.8,1485.8
2022-11-06,2022,Internacional,Athletico-PR,2.0,0.0,H,U,1.9,3.45,4.21,18,3.0,0.0,0.0,3.0,7.0,3.0,4.0,3.0,8.0,-5.0,4.0,-5.0,9.0,1.0,0.0,1.0,0.0,2.0,-2.0,64.7,5.9,29.4,52.9,1615.9,1555.3
2022-11-06,2022,Fortaleza,Atletico GO,1.0,1.0,D,U,1.68,3.81,5.07,18,2.0,1.0,0.0,1.0,5.0,4.0,1.0,1.0,4.0,-3.0,4.0,0.0,4.0,2.0,0.0,2.0,0.0,0.0,0.0,35.3,23.5,11.8,58.8,1558.7,1478.5
2022-11-06,2022,Cuiaba,Palmeiras,1.0,1.0,D,U,3.68,3.38,2.04,18,1.0,2.0,2.0,0.0,3.0,7.0,-4.0,4.0,3.0,1.0,-1.0,4.0,-5.0,0.0,2.0,-2.0,0.0,0.0,0.0,29.4,29.4,58.8,0.0,1487.8,1699.9
2022-11-06,2022,Coritiba,Flamengo RJ,1.0,0.0,H,U,3.5,3.28,2.14,18,2.0,2.0,0.0,1.0,4.0,6.0,-2.0,2.0,5.0,-3.0,2.0,1.0,1.0,0.0,0.0,0.0,0.0,0.0,0.0,58.8,23.5,41.2,35.3,1441.7,1646.7
2022-11-05,2022,Santos,Avai,1.0,1.0,D,U,1.38,4.56,8.85,18,1.0,0.0,2.0,3.0,5.0,0.0,5.0,4.0,6.0,-2.0,1.0,-6.0,7.0,1.0,0.0,1.0,0.0,2.0,-2.0,47.1,29.4,5.9,76.5,1538.9,1365.8
2022-11-05,2022,Goias,Juventude,1.0,0.0,H,U,1.68,3.75,5.15,18,0.0,0.0,1.0,3.0,2.0,1.0,1.0,3.0,7.0,-4.0,-1.0,-6.0,5.0,0.0,0.0,0.0,0.0,2.0,-2.0,29.4,23.5,5.9,70.6,1501.5,1408.4
2022-11-05,2022,Fluminense,Sao Paulo,3.0,1.0,H,O,2.06,3.48,3.56,18,1.0,2.0,1.0,0.0,6.0,4.0,2.0,4.0,2.0,2.0,2.0,2.0,0.0,1.0,0.0,1.0,1.0,0.0,1.0,58.8,23.5,23.5,23.5,1599.2,1578.3
2022-11-05,2022,Corinthians,Ceara,1.0,0.0,H,U,1.87,3.26,4.56,18,2.0,0.0,1.0,2.0,4.0,1.0,3.0,3.0,3.0,0.0,1.0,-2.0,3.0,1.0,0.0,1.0,1.0,0.0,1.0,64.7,11.8,17.6,35.3,1603.3,1483.9
2022-11-05,2022,Bragantino,America MG,1.0,4.0,A,O,2.0,3.49,3.69,18,2.0,2.0,1.0,0.0,6.0,6.0,0.0,5.0,3.0,2.0,1.0,3.0,-2.0,1.0,1.0,0.0,1.0,0.0,1.0,47.1,23.5,29.4,47.1,1524.6,1543.5
2022-11-03,2022,Palmeiras,Fortaleza,4.0,0.0,H,O,1.45,4.55,6.85,18,2.0,2.0,0.0,0.0,7.0,4.0,3.0,0.0,2.0,-2.0,7.0,2.0,5.0,2.0,0.0,2.0,0.0,0.0,0.0,64.7,11.8,41.2,47.1,1693.5,1565.2
2022-11-03,2022,Flamengo RJ,Corinthians,1.0,2.0,A,O,1.7,3.63,5.12,18,2.0,1.0,0.0,0.0,4.0,3.0,1.0,2.0,2.0,0.0,2.0,1.0,1.0,0.0,0.0,0.0,0.0,0.0,0.0,64.7,17.6,29.4,35.3,1658.6,1591.4
2022-11-02,2022,Sao Paulo,Atletico-MG,2.0,2.0,D,O,2.5,2.96,3.13,18,2.0,1.0,1.0,1.0,5.0,2.0,3.0,3.0,2.0,1.0,2.0,0.0,2.0,1.0,0.0,1.0,0.0,0.0,0.0,47.1,23.5,35.3,23.5,1577.3,1611.8
2022-11-02,2022,Juventude,Coritiba,0.0,1.0,A,U,2.54,3.15,2.88,18,0.0,0.0,1.0,3.0,4.0,2.0,2.0,5.0,7.0,-2.0,-1.0,-5.0,4.0,0.0,0.0,0.0,0.0,2.0,-2.0,11.8,41.2,0.0,88.2,1418.0,1432.1
2022-11-02,2022,Avai,Bragantino,1.0,2.0,A,O,3.35,3.24,2.21,18,0.0,0.0,3.0,3.0,2.0,3.0,-1.0,7.0,8.0,-1.0,-5.0,-5.0,0.0,0.0,0.0,0.0,1.0,1.0,0.0,35.3,41.2,11.8,52.9,1371.9,1518.6
2022-11-02,2022,Atletico GO,Santos,2.0,3.0,A,O,1.97,3.33,3.99,18,2.0,1.0,0.0,2.0,5.0,4.0,1.0,3.0,4.0,-1.0,2.0,0.0,2.0,0.0,1.0,-1.0,0.0,0.0,0.0,35.3,41.2,17.6,47.1,1487.2,1530.1
2022-11-02,2022,Athletico-PR,Goias,3.0,2.0,H,O,1.58,3.96,5.76,18,1.0,1.0,1.0,1.0,3.0,5.0,-2.0,4.0,6.0,-2.0,-1.0,-1.0,0.0,0.0,0.0,0.0,1.0,1.0,0.0,52.9,11.8,29.4,41.2,1546.4,1510.5
2022-11-02,2022,America MG,Internacional,1.0,0.0,H,U,2.39,3.21,3.05,18,0.0,1.0,3.0,0.0,3.0,2.0,1.0,6.0,1.0,5.0,-3.0,1.0,-4.0,0.0,0.0,0.0,0.0,0.0,0.0,47.1,35.3,35.3,17.6,1530.8,1628.6
2022-11-01,2022,Botafogo RJ,Cuiaba,0.0,2.0,A,U,1.86,3.28,4.64,18,1.0,0.0,2.0,2.0,3.0,2.0,1.0,5.0,5.0,0.0,-2.0,-3.0,1.0,0.0,0.0,0.0,1.0,1.0,0.0,29.4,47.1,17.6,64.7,1496.4,1477.2
2022-10-31,2022,Ceara,Fluminense,0.0,1.0,A,U,3.3,3.19,2.26,18,0.0,2.0,1.0,1.0,3.0,7.0,-4.0,4.0,3.0,1.0,-1.0,4.0,-5.0,0.0,2.0,-2.0,0.0,0.0,0.0,17.6,35.3,41.2,35.3,1491.1,1592.0
2022-10-29,2022,Goias,Corinthians,0.0,0.0,D,U,2.79,3.0,2.73,17,0.0,1.0,2.0,1.0,2.0,3.0,-1.0,4.0,3.0,1.0,-2.0,0.0,-2.0,0.0,0.0,0.0,0.0,0.0,0.0,31.2,25.0,31.2,37.5,1508.1,1593.8
2022-10-28,2022,Cuiaba,Avai,1.0,0.0,H,U,1.84,3.38,4.52,17,1.0,0.0,2.0,3.0,4.0,0.0,4.0,5.0,9.0,-4.0,-1.0,-9.0,8.0,0.0,0.0,0.0,0.0,3.0,-3.0,25.0,31.2,6.2,75.0,1469.8,1379.3
2022-10-27,2022,Sao Paulo,Atletico GO,2.0,1.0,H,O,1.64,3.84,5.31,17,2.0,1.0,1.0,1.0,7.0,4.0,3.0,2.0,4.0,-2.0,5.0,0.0,5.0,2.0,0.0,2.0,0.0,0.0,0.0,43.8,25.0,12.5,56.2,1569.4,1495.1
2022-10-27,2022,Internacional,Ceara,2.0,1.0,H,O,1.63,3.72,5.65,17,2.0,0.0,0.0,2.0,5.0,0.0,5.0,2.0,2.0,0.0,3.0,-2.0,5.0,1.0,0.0,1.0,0.0,0.0,0.0,62.5,6.2,18.8,31.2,1622.1,1497.6
2022-10-27,2022,Goias,America MG,2.0,2.0,D,O,2.94,3.15,2.47,16,0.0,2.0,2.0,1.0,1.0,5.0,-4.0,3.0,3.0,0.0,-2.0,2.0,-4.0,0.0,1.0,-1.0,0.0,0.0,0.0,33.3,26.7,31.2,50.0,1507.4,1531.5
2022-10-27,2022,Fortaleza,Coritiba,3.0,1.0,H,O,1.45,4.33,7.05,17,2.0,0.0,0.0,3.0,5.0,1.0,4.0,2.0,8.0,-6.0,3.0,-7.0,10.0,1.0,0.0,1.0,0.0,2.0,-2.0,31.2,25.0,0.0,87.5,1558.5,1438.8
2022-10-27,2022,Corinthians,Fluminense,0.0,2.0,A,U,2.23,3.09,3.49,17,3.0,1.0,0.0,2.0,6.0,5.0,1.0,2.0,5.0,-3.0,4.0,0.0,4.0,1.0,1.0,0.0,0.0,1.0,-1.0,68.8,6.2,37.5,37.5,1604.5,1581.3
2022-10-27,2022,Atletico-MG,Juventude,1.0,0.0,H,U,1.2,6.52,13.96,17,1.0,0.0,1.0,3.0,2.0,1.0,1.0,1.0,10.0,-9.0,1.0,-9.0,10.0,1.0,0.0,1.0,0.0,3.0,-3.0,37.5,31.2,6.2,68.8,1606.6,1423.1
2022-10-26,2022,Flamengo RJ,Santos,3.0,2.0,H,O,1.38,4.72,8.17,17,2.0,1.0,0.0,2.0,5.0,2.0,3.0,1.0,2.0,-1.0,4.0,0.0,4.0,1.0,1.0,0.0,0.0,0.0,0.0,62.5,18.8,18.8,43.8,1651.8,1536.9
2022-10-26,2022,Botafogo RJ,Bragantino,2.0,1.0,H,O,2.29,3.19,3.22,17,1.0,0.0,2.0,2.0,3.0,2.0,1.0,4.0,6.0,-2.0,-1.0,-4.0,3.0,1.0,0.0,1.0,1.0,1.0,0.0,25.0,50.0,12.5,50.0,1485.1,1529.8
2022-10-26,2022,Athletico-PR,Palmeiras,1.0,3.0,A,O,6.1,3.8,1.59,17,2.0,2.0,0.0,0.0,4.0,5.0,-1.0,1.0,2.0,-1.0,3.0,3.0,0.0,1.0,1.0,0.0,0.0,0.0,0.0,56.2,6.2,56.2,0.0,1552.7,1687.1
2022-10-25,2022,Fortaleza,Atletico-MG,0.0,0.0,D,U,2.4,2.97,3.27,16,2.0,1.0,1.0,2.0,6.0,2.0,4.0,5.0,3.0,2.0,1.0,-1.0,2.0,1.0,0.0,1.0,1.0,0.0,1.0,33.3,26.7,37.5,25.0,1557.0,1608.1
2022-10-23,2022,Palmeiras,Avai,3.0,0.0,H,O,1.16,7.47,17.28,17,2.0,0.0,0.0,2.0,5.0,1.0,4.0,0.0,7.0,-7.0,5.0,-6.0,11.0,1.0,0.0,1.0,0.0,2.0,-2.0,62.5,12.5,6.7,73.3,1684.1,1382.3
2022-10-23,2022,Juventude,Sao Paulo,1.0,2.0,A,O,4.43,3.43,1.85,17,0.0,2.0,0.0,0.0,4.0,4.0,0.0,4.0,1.0,3.0,0.0,3.0,-3.0,0.0,1.0,-1.0,0.0,0.0,0.0,12.5,37.5,18.8,25.0,1429.5,1563.1
2022-10-23,2022,Fluminense,Botafogo RJ,2.0,2.0,D,O,1.86,3.43,4.4,17,2.0,3.0,1.0,0.0,6.0,4.0,2.0,3.0,1.0,2.0,3.0,3.0,0.0,1.0,0.0,1.0,1.0,0.0,1.0,62.5,25.0,50.0,31.2,1584.2,1482.2
2022-10-23,2022,Cuiaba,Goias,1.0,2.0,A,O,1.71,3.57,5.1,16,1.0,0.0,1.0,1.0,4.0,4.0,0.0,4.0,6.0,-2.0,0.0,-2.0,2.0,0.0,0.0,0.0,0.0,1.0,-1.0,26.7,26.7,25.0,43.8,1479.3,1497.9
2022-10-23,2022,Coritiba,Internacional,1.0,1.0,D,U,3.99,3.39,1.95,17,3.0,2.0,0.0,0.0,5.0,3.0,2.0,1.0,1.0,0.0,4.0,2.0,2.0,1.0,0.0,1.0,0.0,0.0,0.0,62.5,25.0,37.5,18.8,1433.7,1627.1
2022-10-23,2022,Atletico GO,Ceara,1.0,0.0,H,U,2.27,3.18,3.27,17,1.0,0.0,1.0,1.0,5.0,1.0,4.0,5.0,2.0,3.0,0.0,-1.0,1.0,0.0,0.0,0.0,0.0,0.0,0.0,31.2,43.8,20.0,26.7,1484.5,1508.3
2022-10-22,2022,Santos,Corinthians,0.0,1.0,A,U,2.59,2.86,3.13,17,2.0,0.0,1.0,1.0,7.0,3.0,4.0,3.0,4.0,-1.0,4.0,-1.0,5.0,2.0,0.0,2.0,0.0,0.0,0.0,50.0,25.0,26.7,40.0,1545.5,1595.9
2022-10-22,2022,Bragantino,Athletico-PR,4.0,2.0,H,O,2.12,3.27,3.55,17,1.0,0.0,1.0,2.0,3.0,2.0,1.0,4.0,5.0,-1.0,-1.0,-3.0,2.0,0.0,0.0,0.0,1.0,1.0,0.0,43.8,25.0,31.2,50.0,1518.5,1564.0
2022-10-22,2022,America MG,Flamengo RJ,1.0,2.0,A,O,2.76,3.21,2.63,17,1.0,1.0,2.0,1.0,3.0,5.0,-2.0,4.0,5.0,-1.0,-1.0,0.0,-1.0,0.0,0.0,0.0,0.0,0.0,0.0,50.0,31.2,37.5,37.5,1538.5,1644.8
2022-10-21,2022,Sao Paulo,Coritiba,3.0,1.0,H,O,1.4,4.46,8.39,16,1.0,0.0,1.0,3.0,5.0,0.0,5.0,2.0,7.0,-5.0,3.0,-7.0,10.0,1.0,0.0,1.0,0.0,2.0,-2.0,40.0,26.7,0.0,86.7,1556.3,1440.5
2022-10-18,2022,Bragantino,Santos,0.0,2.0,A,U,1.98,3.2,4.14,16,1.0,0.0,0.0,3.0,5.0,1.0,4.0,4.0,4.0,0.0,1.0,-3.0,4.0,0.0,0.0,0.0,0.0,0.0,0.0,46.7,20.0,13.3,46.7,1528.3,1535.7
2022-10-16,2022,Palmeiras,Sao Paulo,0.0,0.0,D,U,1.64,3.8,5.38,16,3.0,2.0,0.0,0.0,7.0,5.0,2.0,1.0,2.0,-1.0,6.0,3.0,3.0,1.0,1.0,0.0,0.0,0.0,0.0,66.7,13.3,20.0,26.7,1687.9,1552.6
2022-10-16,2022,Juventude,Atletico GO,1.0,1.0,D,U,2.74,3.13,2.68,16,0.0,1.0,0.0,2.0,4.0,3.0,1.0,4.0,5.0,-1.0,0.0,-2.0,2.0,0.0,0.0,0.0,0.0,1.0,-1.0,13.3,40.0,13.3,60.0,1427.8,1486.1
2022-10-16,2022,Flamengo RJ,Atletico-MG,1.0,0.0,H,U,2.6,3.03,2.94,16,1.0,2.0,1.0,1.0,5.0,4.0,1.0,3.0,2.0,1.0,2.0,2.0,0.0,1.0,1.0,0.0,0.0,0.0,0.0,60.0,20.0,40.0,20.0,1635.3,1617.5
2022-10-16,2022,Ceara,Cuiaba,1.0,1.0,D,U,2.02,3.06,4.23,17,0.0,0.0,2.0,2.0,2.0,3.0,-1.0,5.0,6.0,-1.0,-3.0,-3.0,0.0,0.0,0.0,0.0,1.0,1.0,0.0,18.8,37.5,18.8,68.8,1509.2,1478.4
2022-10-16,2022,Botafogo RJ,Internacional,0.0,1.0,A,U,2.64,3.09,2.8,16,1.0,1.0,1.0,0.0,3.0,4.0,-1.0,3.0,3.0,0.0,0.0,1.0,-1.0,1.0,0.0,1.0,1.0,0.0,1.0,26.7,46.7,33.3,20.0,1488.6,1620.7
2022-10-16,2022,Avai,Fluminense,0.0,3.0,A,O,4.05,3.29,1.97,17,1.0,1.0,2.0,2.0,3.0,4.0,-1.0,4.0,6.0,-2.0,-1.0,-2.0,1.0,0.0,0.0,0.0,0.0,1.0,-1.0,37.5,37.5,33.3,40.0,1387.3,1579.2
2022-10-16,2022,Athletico-PR,Coritiba,1.0,0.0,H,U,1.67,3.7,5.25,16,1.0,0.0,0.0,3.0,5.0,0.0,5.0,3.0,8.0,-5.0,2.0,-8.0,10.0,1.0,0.0,1.0,0.0,3.0,-3.0,53.3,6.7,0.0,85.7,1557.0,1447.5
2022-10-16,2022,America MG,Fortaleza,1.0,2.0,A,O,2.14,3.26,3.51,16,2.0,1.0,1.0,0.0,4.0,3.0,1.0,2.0,2.0,0.0,2.0,1.0,1.0,1.0,0.0,1.0,0.0,0.0,0.0,53.3,26.7,37.5,50.0,1548.6,1547.0
2022-10-11,2022,Santos,Juventude,4.0,1.0,H,O,1.46,4.12,7.67,16,1.0,0.0,2.0,3.0,4.0,1.0,3.0,4.0,8.0,-4.0,0.0,-7.0,7.0,1.0,0.0,1.0,0.0,2.0,-2.0,46.7,26.7,6.7,66.7,1528.3,1435.2
2022-10-10,2022,Atletico GO,Palmeiras,1.0,1.0,D,U,5.55,3.86,1.62,16,1.0,2.0,2.0,0.0,4.0,6.0,-2.0,6.0,3.0,3.0,-2.0,3.0,-5.0,0.0,1.0,-1.0,1.0,0.0,1.0,33.3,46.7,60.0,0.0,1480.7,1693.3
2022-10-09,2022,Sao Paulo,Botafogo RJ,0.0,1.0,A,U,1.69,3.69,5.12,15,1.0,3.0,1.0,0.0,5.0,6.0,-1.0,2.0,2.0,0.0,3.0,4.0,-1.0,1.0,1.0,0.0,0.0,0.0,0.0,42.9,21.4,46.7,33.3,1565.1,1476.1
2022-10-09,2022,Internacional,Goias,4.0,2.0,H,O,1.38,4.67,8.24,16,2.0,1.0,0.0,0.0,2.0,4.0,-2.0,0.0,3.0,-3.0,2.0,1.0,1.0,0.0,0.0,0.0,0.0,0.0,0.0,60.0,6.7,26.7,40.0,1613.8,1504.9
2022-10-09,2022,Fortaleza,Avai,2.0,0.0,H,U,1.47,4.06,7.63,15,2.0,0.0,1.0,2.0,5.0,1.0,4.0,5.0,6.0,-1.0,0.0,-5.0,5.0,0.0,0.0,0.0,1.0,1.0,0.0,28.6,28.6,7.1,71.4,1541.0,1393.3
2022-10-09,2022,Fluminense,America MG,0.0,2.0,A,U,1.63,3.89,5.44,16,2.0,1.0,0.0,1.0,7.0,3.0,4.0,2.0,3.0,-1.0,5.0,0.0,5.0,1.0,0.0,1.0,0.0,0.0,0.0,66.7,20.0,26.7,53.3,1590.8,1537.0
2022-10-09,2022,Coritiba,Bragantino,2.0,1.0,H,O,2.51,3.1,2.96,16,3.0,0.0,0.0,1.0,4.0,2.0,2.0,0.0,5.0,-5.0,4.0,-3.0,7.0,1.0,0.0,1.0,0.0,1.0,-1.0,60.0,26.7,13.3,46.7,1434.5,1541.3
2022-10-09,2022,Corinthians,Athletico-PR,2.0,1.0,H,O,2.16,3.08,3.73,16,2.0,0.0,0.0,1.0,6.0,1.0,5.0,3.0,3.0,0.0,3.0,-2.0,5.0,1.0,0.0,1.0,0.0,1.0,-1.0,66.7,6.7,33.3,46.7,1586.5,1566.5
2022-10-09,2022,Atletico-MG,Ceara,0.0,0.0,D,U,1.44,4.22,8.07,16,1.0,0.0,1.0,1.0,3.0,2.0,1.0,2.0,3.0,-1.0,1.0,-1.0,2.0,1.0,0.0,1.0,0.0,0.0,0.0,40.0,33.3,21.4,28.6,1620.7,1506.0
2022-10-08,2022,Cuiaba,Flamengo RJ,1.0,2.0,A,O,3.56,3.15,2.18,15,1.0,1.0,0.0,1.0,3.0,4.0,-1.0,2.0,4.0,-2.0,1.0,0.0,1.0,0.0,0.0,0.0,0.0,0.0,0.0,28.6,21.4,33.3,40.0,1484.4,1629.2
2022-10-07,2022,Avai,Botafogo RJ,1.0,2.0,A,O,2.58,3.01,2.94,16,1.0,2.0,1.0,0.0,3.0,6.0,-3.0,3.0,3.0,0.0,0.0,3.0,-3.0,0.0,1.0,-1.0,0.0,0.0,0.0,40.0,33.3,42.9,35.7,1401.4,1468.0
2022-10-07,2022,America MG,Sao Paulo,1.0,2.0,A,O,2.67,3.13,2.74,15,2.0,1.0,0.0,1.0,4.0,3.0,1.0,1.0,2.0,-1.0,3.0,1.0,2.0,1.0,1.0,0.0,0.0,0.0,0.0,57.1,21.4,14.3,28.6,1546.8,1555.3
2022-10-06,2022,Santos,Atletico-MG,1.0,2.0,A,O,3.21,3.04,2.41,15,2.0,1.0,1.0,1.0,4.0,3.0,1.0,2.0,2.0,0.0,2.0,1.0,1.0,1.0,1.0,0.0,0.0,0.0,0.0,50.0,21.4,35.7,21.4,1536.1,1612.9
2022-10-06,2022,Palmeiras,Coritiba,4.0,0.0,H,O,1.23,6.25,12.04,15,2.0,0.0,0.0,3.0,4.0,2.0,2.0,2.0,9.0,-7.0,2.0,-7.0,9.0,0.0,0.0,0.0,0.0,3.0,-3.0,64.3,14.3,0.0,84.6,1689.5,1438.3
2022-10-06,2022,Flamengo RJ,Internacional,0.0,0.0,D,U,1.39,4.73,7.94,15,1.0,2.0,1.0,0.0,6.0,5.0,1.0,4.0,3.0,1.0,2.0,2.0,0.0,1.0,0.0,1.0,0.0,0.0,0.0,64.3,21.4,35.7,21.4,1629.7,1613.3
2022-10-05,2022,Juventude,Corinthians,2.0,2.0,D,O,4.45,3.27,1.9,15,0.0,0.0,0.0,2.0,4.0,1.0,3.0,4.0,3.0,1.0,0.0,-2.0,2.0,0.0,0.0,0.0,0.0,0.0,0.0,14.3,42.9,28.6,42.9,1430.9,1590.8
2022-10-05,2022,Ceara,Goias,1.0,1.0,D,U,1.67,3.62,5.45,16,1.0,2.0,2.0,0.0,3.0,4.0,-1.0,5.0,2.0,3.0,-2.0,2.0,-4.0,0.0,0.0,0.0,1.0,0.0,1.0,20.0,40.0,28.6,42.9,1506.1,1504.9
2022-10-05,2022,Bragantino,Cuiaba,2.0,1.0,H,O,1.95,3.17,4.36,15,0.0,0.0,0.0,2.0,4.0,2.0,2.0,4.0,5.0,-1.0,0.0,-3.0,3.0,0.0,0.0,0.0,0.0,1.0,-1.0,42.9,21.4,20.0,66.7,1532.4,1493.3
2022-10-05,2022,Atletico GO,Fluminense,3.0,2.0,H,O,3.14,3.2,2.34,15,0.0,1.0,2.0,2.0,2.0,2.0,0.0,5.0,4.0,1.0,-3.0,-2.0,-1.0,0.0,0.0,0.0,1.0,1.0,0.0,28.6,50.0,35.7,35.7,1466.9,1604.5
2022-10-05,2022,Athletico-PR,Fortaleza,1.0,1.0,D,U,2.03,3.23,3.94,15,2.0,1.0,0.0,1.0,5.0,3.0,2.0,2.0,3.0,-1.0,3.0,0.0,3.0,1.0,0.0,1.0,0.0,0.0,0.0,57.1,7.1,40.0,53.3,1567.2,1540.2
2022-10-04,2022,Botafogo RJ,Palmeiras,1.0,3.0,A,O,4.95,3.52,1.75,15,1.0,1.0,1.0,0.0,2.0,4.0,-2.0,1.0,3.0,-2.0,1.0,1.0,0.0,1.0,0.0,1.0,0.0,0.0,0.0,28.6,42.9,57.1,0.0,1472.6,1684.9
2022-10-02,2022,Corinthians,Cuiaba,2.0,0.0,H,U,1.67,3.42,5.92,15,2.0,0.0,0.0,1.0,5.0,3.0,2.0,3.0,4.0,-1.0,2.0,-1.0,3.0,0.0,0.0,0.0,0.0,0.0,0.0,64.3,7.1,21.4,64.3,1583.1,1501.0
2022-10-01,2022,Internacional,Santos,1.0,0.0,H,U,1.72,3.53,5.18,15,2.0,0.0,0.0,2.0,5.0,1.0,4.0,0.0,3.0,-3.0,5.0,-2.0,7.0,1.0,0.0,1.0,0.0,0.0,0.0,57.1,7.1,14.3,42.9,1605.0,1544.4
2022-10-01,2022,Goias,Fortaleza,0.0,1.0,A,U,2.83,3.0,2.66,15,1.0,1.0,1.0,1.0,3.0,3.0,0.0,3.0,3.0,0.0,0.0,0.0,0.0,0.0,0.0,0.0,0.0,0.0,0.0,35.7,21.4,35.7,57.1,1514.4,1530.7
2022-10-01,2022,Flamengo RJ,Bragantino,4.0,1.0,H,O,1.43,4.44,7.25,14,1.0,0.0,1.0,1.0,7.0,1.0,6.0,3.0,2.0,1.0,4.0,-1.0,5.0,1.0,0.0,1.0,0.0,0.0,0.0,61.5,23.1,14.3,42.9,1622.0,1540.1
2022-10-01,2022,Ceara,America MG,1.0,2.0,A,O,2.01,3.25,3.92,15,1.0,0.0,1.0,1.0,2.0,2.0,0.0,3.0,3.0,0.0,-1.0,-1.0,0.0,0.0,0.0,0.0,1.0,0.0,1.0,21.4,35.7,21.4,57.1,1515.4,1537.4
2022-10-01,2022,Avai,Atletico GO,1.0,2.0,A,O,2.19,3.16,3.47,15,1.0,0.0,1.0,3.0,2.0,2.0,0.0,2.0,6.0,-4.0,0.0,-4.0,4.0,0.0,0.0,0.0,0.0,1.0,-1.0,42.9,28.6,7.1,64.3,1410.0,1458.3
2022-10-01,2022,Atletico-MG,Fluminense,2.0,0.0,H,U,1.73,3.53,5.05,15,0.0,1.0,2.0,2.0,1.0,2.0,-1.0,3.0,5.0,-2.0,-2.0,-3.0,1.0,0.0,0.0,0.0,0.0,1.0,-1.0,35.7,35.7,38.5,30.8,1602.5,1614.9
2022-10-01,2022,Athletico-PR,Juventude,2.0,0.0,H,U,1.45,4.26,7.18,14,1.0,0.0,0.0,3.0,4.0,1.0,3.0,3.0,10.0,-7.0,1.0,-9.0,10.0,0.0,0.0,0.0,0.0,2.0,-2.0,53.8,7.7,7.1,64.3,1560.6,1437.5
2022-09-29,2022,Internacional,Bragantino,0.0,0.0,D,U,1.89,3.44,4.18,14,3.0,0.0,0.0,2.0,8.0,1.0,7.0,0.0,5.0,-5.0,8.0,-4.0,12.0,2.0,0.0,2.0,0.0,1.0,-1.0,61.5,7.7,15.4,46.2,1607.0,1538.2
2022-09-29,2022,Goias,Botafogo RJ,0.0,1.0,A,U,3.26,3.09,2.33,14,1.0,1.0,0.0,1.0,4.0,5.0,-1.0,3.0,4.0,-1.0,1.0,1.0,0.0,0.0,1.0,-1.0,0.0,0.0,0.0,38.5,15.4,38.5,38.5,1526.3,1460.7
2022-09-29,2022,Cuiaba,America MG,2.0,1.0,H,O,2.48,2.97,3.13,14,1.0,1.0,0.0,0.0,2.0,2.0,0.0,1.0,1.0,0.0,1.0,1.0,0.0,0.0,0.0,0.0,0.0,0.0,0.0,23.1,23.1,23.1,53.8,1489.3,1549.1
2022-09-29,2022,Atletico-MG,Palmeiras,0.0,1.0,A,U,1.89,3.34,4.4,14,0.0,1.0,2.0,0.0,3.0,4.0,-1.0,5.0,3.0,2.0,-2.0,1.0,-3.0,0.0,0.0,0.0,0.0,0.0,0.0,38.5,30.8,53.8,0.0,1610.7,1676.8
2022-09-28,2022,Santos,Athletico-PR,2.0,0.0,H,U,2.07,3.24,3.76,14,1.0,0.0,1.0,1.0,4.0,1.0,3.0,4.0,6.0,-2.0,0.0,-5.0,5.0,0.0,0.0,0.0,0.0,1.0,-1.0,46.2,23.1,35.7,42.9,1533.3,1571.7
2022-09-28,2022,Fortaleza,Flamengo RJ,3.0,2.0,H,O,2.99,2.96,2.59,14,2.0,1.0,1.0,0.0,5.0,3.0,2.0,3.0,2.0,1.0,2.0,1.0,1.0,1.0,0.0,1.0,1.0,0.0,1.0,23.1,30.8,35.7,35.7,1517.4,1635.3
2022-09-28,2022,Fluminense,Juventude,4.0,0.0,H,O,1.34,5.06,8.39,15,2.0,0.0,0.0,3.0,8.0,1.0,7.0,4.0,7.0,-3.0,4.0,-6.0,10.0,1.0,0.0,1.0,0.0,1.0,-1.0,64.3,21.4,7.7,61.5,1609.3,1443.0
2022-09-28,2022,Coritiba,Ceara,1.0,0.0,H,U,2.23,3.18,3.38,15,2.0,0.0,1.0,0.0,3.0,3.0,0.0,1.0,3.0,-2.0,2.0,0.0,2.0,1.0,0.0,1.0,0.0,0.0,0.0,57.1,28.6,23.1,23.1,1425.4,1528.3
2022-09-28,2022,Corinthians,Atletico GO,2.0,1.0,H,O,1.6,3.73,5.97,14,1.0,0.0,1.0,2.0,3.0,1.0,2.0,3.0,4.0,-1.0,0.0,-3.0,3.0,0.0,0.0,0.0,0.0,1.0,-1.0,61.5,7.7,7.7,61.5,1576.2,1465.2
2022-09-26,2022,Sao Paulo,Avai,4.0,0.0,H,O,1.39,4.56,8.23,14,1.0,0.0,1.0,1.0,4.0,2.0,2.0,2.0,3.0,-1.0,2.0,-1.0,3.0,1.0,0.0,1.0,0.0,0.0,0.0,38.5,23.1,7.7,69.2,1549.0,1416.4
2022-09-20,2022,Atletico GO,Internacional,1.0,2.0,A,O,3.47,3.18,2.2,14,1.0,1.0,1.0,1.0,3.0,3.0,0.0,4.0,5.0,-1.0,-1.0,-2.0,1.0,0.0,0.0,0.0,1.0,1.0,0.0,30.8,46.2,30.8,23.1,1471.6,1600.5
2022-09-18,2022,Palmeiras,Santos,1.0,0.0,H,U,1.38,4.64,8.69,14,2.0,0.0,0.0,2.0,6.0,1.0,5.0,2.0,3.0,-1.0,4.0,-2.0,6.0,1.0,0.0,1.0,0.0,0.0,0.0,61.5,15.4,15.4,38.5,1670.4,1539.7
2022-09-18,2022,Juventude,Fortaleza,1.0,1.0,D,U,3.32,3.14,2.27,14,0.0,2.0,1.0,1.0,3.0,3.0,0.0,4.0,2.0,2.0,-1.0,1.0,-2.0,0.0,0.0,0.0,0.0,0.0,0.0,15.4,46.2,38.5,61.5,1440.8,1519.6
2022-09-18,2022,Flamengo RJ,Fluminense,1.0,2.0,A,O,1.67,3.7,5.29,13,2.0,0.0,0.0,2.0,10.0,2.0,8.0,2.0,6.0,-4.0,8.0,-4.0,12.0,2.0,0.0,2.0,0.0,1.0,-1.0,66.7,16.7,33.3,33.3,1646.7,1597.9
2022-09-18,2022,Ceara,Sao Paulo,0.0,2.0,A,U,2.6,3.01,2.92,14,1.0,0.0,1.0,2.0,2.0,1.0,1.0,2.0,3.0,-1.0,0.0,-2.0,2.0,0.0,0.0,0.0,0.0,0.0,0.0,23.1,30.8,7.7,30.8,1538.3,1539.0
2022-09-18,2022,Bragantino,Goias,1.0,1.0,D,U,1.45,4.3,7.31,14,1.0,2.0,0.0,1.0,4.0,3.0,1.0,3.0,4.0,-1.0,1.0,-1.0,2.0,0.0,0.0,0.0,0.0,1.0,-1.0,46.2,23.1,30.8,46.2,1538.5,1525.9
2022-09-18,2022,Athletico-PR,Cuiaba,2.0,2.0,D,O,1.72,3.32,5.7,13,2.0,0.0,0.0,2.0,3.0,1.0,2.0,1.0,3.0,-2.0,2.0,-2.0,4.0,0.0,0.0,0.0,0.0,0.0,0.0,58.3,8.3,23.1,69.2,1574.2,1486.8
2022-09-18,2022,America MG,Corinthians,1.0,0.0,H,U,2.21,3.06,3.57,14,2.0,0.0,0.0,1.0,4.0,2.0,2.0,1.0,3.0,-2.0,3.0,-1.0,4.0,1.0,0.0,1.0,0.0,0.0,0.0,53.8,23.1,30.8,38.5,1537.7,1587.6
2022-09-17,2022,Botafogo RJ,Coritiba,2.0,0.0,H,U,1.55,3.9,6.33,14,0.0,0.0,1.0,3.0,0.0,2.0,-2.0,1.0,8.0,-7.0,-1.0,-6.0,5.0,0.0,0.0,0.0,0.0,2.0,-2.0,23.1,46.2,0.0,83.3,1451.2,1435.0
2022-09-17,2022,Avai,Atletico-MG,1.0,0.0,H,U,4.48,3.38,1.86,14,0.0,2.0,1.0,0.0,2.0,4.0,-2.0,3.0,1.0,2.0,-1.0,3.0,-4.0,0.0,1.0,-1.0,0.0,0.0,0.0,38.5,30.8,38.5,15.4,1400.6,1626.4
2022-09-11,2022,Sao Paulo,Corinthians,1.0,1.0,D,U,2.46,2.89,3.3,13,1.0,1.0,2.0,1.0,3.0,3.0,0.0,3.0,3.0,0.0,0.0,0.0,0.0,1.0,0.0,1.0,1.0,0.0,1.0,41.7,25.0,33.3,41.7,1537.5,1589.1
2022-09-11,2022,Palmeiras,Juventude,2.0,1.0,H,O,1.17,6.8,16.67,13,2.0,0.0,0.0,3.0,6.0,0.0,6.0,2.0,6.0,-4.0,4.0,-6.0,10.0,1.0,0.0,1.0,0.0,1.0,-1.0,58.3,16.7,8.3,58.3,1666.0,1445.2
2022-09-11,2022,Goias,Flamengo RJ,1.0,1.0,D,U,5.71,3.94,1.59,13,2.0,2.0,0.0,0.0,4.0,4.0,0.0,2.0,1.0,1.0,2.0,3.0,-1.0,0.0,1.0,-1.0,0.0,0.0,0.0,41.7,16.7,38.5,38.5,1522.4,1650.2
2022-09-11,2022,Coritiba,Atletico GO,2.0,0.0,H,U,2.2,3.14,3.49,14,1.0,0.0,2.0,2.0,2.0,2.0,0.0,3.0,6.0,-3.0,-1.0,-4.0,3.0,0.0,0.0,0.0,0.0,1.0,-1.0,53.8,30.8,8.3,58.3,1423.2,1483.4
2022-09-11,2022,Botafogo RJ,America MG,0.0,0.0,D,U,2.03,3.25,3.89,13,0.0,2.0,1.0,0.0,1.0,3.0,-2.0,2.0,1.0,1.0,-1.0,2.0,-3.0,0.0,0.0,0.0,0.0,0.0,0.0,25.0,50.0,25.0,58.3,1448.6,1540.3
2022-09-11,2022,Avai,Athletico-PR,1.0,1.0,D,U,3.24,3.04,2.37,13,0.0,1.0,2.0,1.0,2.0,3.0,-1.0,4.0,7.0,-3.0,-2.0,-4.0,2.0,0.0,0.0,0.0,0.0,1.0,-1.0,41.7,33.3,38.5,46.2,1395.8,1579.0
2022-09-10,2022,Internacional,Cuiaba,1.0,0.0,H,U,1.6,3.62,6.39,13,3.0,0.0,0.0,2.0,10.0,1.0,9.0,0.0,3.0,-3.0,10.0,-2.0,12.0,3.0,0.0,3.0,0.0,0.0,0.0,58.3,8.3,25.0,66.7,1593.3,1494.0
2022-09-10,2022,Fluminense,Fortaleza,2.0,1.0,H,O,1.7,3.58,5.24,14,2.0,3.0,0.0,0.0,7.0,3.0,4.0,3.0,0.0,3.0,4.0,3.0,1.0,1.0,0.0,1.0,0.0,0.0,0.0,61.5,23.1,41.7,58.3,1589.7,1527.9
2022-09-10,2022,Ceara,Santos,2.0,1.0,H,O,2.14,3.02,3.83,13,0.0,1.0,2.0,1.0,1.0,2.0,-1.0,3.0,2.0,1.0,-2.0,0.0,-2.0,0.0,0.0,0.0,0.0,0.0,0.0,16.7,33.3,16.7,33.3,1527.6,1550.4
2022-09-07,2022,Atletico-MG,Bragantino,1.0,1.0,D,U,1.67,3.67,5.46,13,0.0,0.0,3.0,3.0,3.0,1.0,2.0,6.0,6.0,0.0,-3.0,-5.0,2.0,0.0,0.0,0.0,0.0,1.0,-1.0,41.7,33.3,16.7,50.0,1629.0,1535.9
2022-09-06,2022,Santos,Goias,1.0,2.0,A,O,1.59,3.83,5.85,13,2.0,1.0,0.0,1.0,5.0,4.0,1.0,2.0,6.0,-4.0,3.0,-2.0,5.0,1.0,0.0,1.0,0.0,1.0,-1.0,50.0,16.7,25.0,50.0,1561.8,1510.9
2022-09-04,2022,Fortaleza,Botafogo RJ,1.0,3.0,A,O,1.7,3.47,5.44,13,2.0,0.0,0.0,2.0,4.0,2.0,2.0,0.0,5.0,-5.0,4.0,-3.0,7.0,1.0,0.0,1.0,0.0,1.0,-1.0,25.0,25.0,33.3,41.7,1540.8,1435.6
2022-09-04,2022,Flamengo RJ,Ceara,1.0,1.0,D,U,1.35,4.78,9.07,12,3.0,0.0,0.0,1.0,13.0,2.0,11.0,1.0,3.0,-2.0,12.0,-1.0,13.0,3.0,0.0,3.0,0.0,0.0,0.0,72.7,18.2,25.0,25.0,1653.8,1524.1
2022-09-04,2022,Cuiaba,Sao Paulo,1.0,1.0,D,U,2.32,2.81,3.69,13,1.0,0.0,1.0,2.0,1.0,3.0,-2.0,1.0,5.0,-4.0,0.0,-2.0,2.0,0.0,0.0,0.0,0.0,0.0,0.0,25.0,25.0,8.3,33.3,1492.7,1538.8
2022-09-04,2022,Corinthians,Internacional,2.0,2.0,D,O,2.39,2.94,3.38,13,2.0,1.0,1.0,2.0,2.0,2.0,0.0,1.0,5.0,-4.0,1.0,-3.0,4.0,0.0,0.0,0.0,0.0,1.0,-1.0,66.7,8.3,33.3,25.0,1589.0,1593.4
2022-09-04,2022,Atletico GO,Atletico-MG,0.0,2.0,A,U,4.31,3.39,1.88,13,1.0,1.0,1.0,1.0,3.0,2.0,1.0,3.0,4.0,-1.0,0.0,-2.0,2.0,0.0,0.0,0.0,0.0,1.0,-1.0,33.3,41.7,33.3,16.7,1489.7,1622.6
2022-09-04,2022,America MG,Coritiba,2.0,0.0,H,U,1.67,3.58,5.56,13,2.0,0.0,0.0,3.0,5.0,3.0,2.0,2.0,9.0,-7.0,3.0,-6.0,9.0,1.0,0.0,1.0,0.0,2.0,-2.0,50.0,25.0,0.0,81.8,1533.2,1430.4
2022-09-03,2022,Juventude,Avai,1.0,1.0,D,U,2.24,3.08,3.48,13,1.0,0.0,1.0,2.0,3.0,2.0,1.0,3.0,5.0,-2.0,0.0,-3.0,3.0,0.0,0.0,0.0,0.0,1.0,-1.0,16.7,50.0,8.3,75.0,1446.7,1394.3
2022-09-03,2022,Bragantino,Palmeiras,2.0,2.0,D,O,2.63,3.02,2.87,13,2.0,2.0,0.0,0.0,4.0,4.0,0.0,2.0,2.0,0.0,2.0,2.0,0.0,0.0,0.0,0.0,0.0,0.0,0.0,50.0,25.0,58.3,0.0,1532.2,1669.8
2022-09-03,2022,Athletico-PR,Fluminense,1.0,0.0,H,U,3.14,3.27,2.31,12,2.0,1.0,0.0,1.0,6.0,5.0,1.0,2.0,7.0,-5.0,4.0,-2.0,6.0,1.0,0.0,1.0,0.0,1.0,-1.0,54.5,9.1,36.4,27.3,1568.1,1600.6
2022-08-30,2022,Internacional,Juventude,4.0,0.0,H,O,1.43,4.38,7.65,12,2.0,0.0,0.0,3.0,9.0,0.0,9.0,3.0,6.0,-3.0,6.0,-6.0,12.0,2.0,0.0,2.0,0.0,1.0,-1.0,54.5,9.1,9.1,54.5,1587.1,1453.0
2022-08-30,2022,Corinthians,Bragantino,1.0,0.0,H,U,2.04,3.05,4.18,12,2.0,0.0,1.0,3.0,4.0,2.0,2.0,2.0,7.0,-5.0,2.0,-5.0,7.0,1.0,0.0,1.0,0.0,1.0,-1.0,63.6,9.1,18.2,45.5,1580.1,1541.0
2022-08-28,2022,Sao Paulo,Fortaleza,0.0,1.0,A,U,1.94,3.28,4.17,12,1.0,2.0,1.0,1.0,6.0,3.0,3.0,5.0,2.0,3.0,1.0,1.0,0.0,1.0,0.0,1.0,1.0,0.0,1.0,45.5,18.2,36.4,63.6,1549.4,1530.3
2022-08-28,2022,Cuiaba,Santos,0.0,0.0,D,U,2.35,2.89,3.5,12,1.0,1.0,1.0,1.0,2.0,2.0,0.0,2.0,2.0,0.0,0.0,0.0,0.0,0.0,0.0,0.0,0.0,0.0,0.0,27.3,27.3,18.2,36.4,1490.6,1563.9
2022-08-28,2022,Ceara,Athletico-PR,0.0,0.0,D,U,1.77,3.51,4.75,12,1.0,1.0,2.0,2.0,2.0,3.0,-1.0,3.0,9.0,-6.0,-1.0,-6.0,5.0,0.0,0.0,0.0,0.0,2.0,-2.0,18.2,36.4,41.7,50.0,1522.7,1569.4
2022-08-28,2022,Botafogo RJ,Flamengo RJ,0.0,1.0,A,U,4.75,3.59,1.75,12,1.0,2.0,0.0,0.0,3.0,5.0,-2.0,1.0,2.0,-1.0,2.0,3.0,-1.0,1.0,1.0,0.0,0.0,0.0,0.0,27.3,45.5,33.3,41.7,1440.3,1649.2
2022-08-28,2022,America MG,Atletico-MG,1.0,1.0,D,U,5.4,3.68,1.66,12,2.0,1.0,1.0,1.0,4.0,2.0,2.0,2.0,4.0,-2.0,2.0,-2.0,4.0,1.0,0.0,1.0,0.0,1.0,-1.0,54.5,27.3,36.4,18.2,1530.5,1625.3
2022-08-27,2022,Goias,Atletico GO,2.0,1.0,H,O,2.67,3.02,2.83,12,1.0,0.0,1.0,2.0,4.0,2.0,2.0,4.0,8.0,-4.0,0.0,-6.0,6.0,0.0,0.0,0.0,0.0,2.0,-2.0,36.4,18.2,9.1,54.5,1501.0,1499.7
2022-08-27,2022,Fluminense,Palmeiras,1.0,1.0,D,U,3.02,3.16,2.44,13,3.0,3.0,0.0,0.0,8.0,4.0,4.0,3.0,1.0,2.0,5.0,3.0,2.0,1.0,0.0,1.0,0.0,0.0,0.0,66.7,25.0,63.6,0.0,1598.5,1671.9
2022-08-27,2022,Coritiba,Avai,1.0,0.0,H,U,1.94,3.33,4.08,13,1.0,0.0,2.0,2.0,2.0,2.0,0.0,3.0,5.0,-2.0,-1.0,-3.0,2.0,0.0,0.0,0.0,0.0,1.0,-1.0,50.0,33.3,9.1,72.7,1420.9,1403.8
2022-08-23,2022,Avai,Internacional,0.0,1.0,A,U,3.66,3.18,2.13,12,1.0,0.0,1.0,2.0,3.0,1.0,2.0,3.0,5.0,-2.0,0.0,-4.0,4.0,0.0,0.0,0.0,0.0,1.0,-1.0,45.5,27.3,27.3,27.3,1409.2,1581.7
2022-08-21,2022,Santos,Sao Paulo,1.0,0.0,H,U,2.41,3.03,3.21,12,2.0,0.0,0.0,1.0,5.0,3.0,2.0,2.0,4.0,-2.0,3.0,-1.0,4.0,1.0,0.0,1.0,0.0,0.0,0.0,45.5,18.2,9.1,27.3,1553.7,1559.5
2022-08-21,2022,Palmeiras,Flamengo RJ,1.0,1.0,D,U,2.01,3.38,3.8,12,3.0,2.0,0.0,1.0,6.0,4.0,2.0,1.0,2.0,-1.0,5.0,2.0,3.0,1.0,1.0,0.0,0.0,0.0,0.0,63.6,18.2,36.4,45.5,1672.6,1648.5
2022-08-21,2022,Juventude,Botafogo RJ,2.0,2.0,D,O,2.44,3.08,3.09,12,1.0,0.0,1.0,3.0,1.0,0.0,1.0,1.0,5.0,-4.0,0.0,-5.0,5.0,0.0,0.0,0.0,0.0,2.0,-2.0,18.2,54.5,36.4,45.5,1453.4,1439.9
2022-08-21,2022,Fortaleza,Corinthians,1.0,0.0,H,U,1.93,3.22,4.39,12,1.0,1.0,0.0,1.0,3.0,4.0,-1.0,0.0,5.0,-5.0,3.0,-1.0,4.0,1.0,0.0,1.0,0.0,1.0,-1.0,18.2,27.3,36.4,36.4,1518.2,1592.2
2022-08-21,2022,Bragantino,Ceara,1.0,1.0,D,U,1.85,3.38,4.55,12,3.0,0.0,0.0,2.0,7.0,2.0,5.0,1.0,4.0,-3.0,6.0,-2.0,8.0,1.0,0.0,1.0,0.0,0.0,0.0,54.5,27.3,27.3,27.3,1541.6,1522.2
2022-08-21,2022,Atletico GO,Cuiaba,1.0,1.0,D,U,2.21,2.97,3.76,12,1.0,0.0,2.0,3.0,2.0,0.0,2.0,3.0,3.0,0.0,-1.0,-3.0,2.0,0.0,0.0,0.0,0.0,0.0,0.0,36.4,45.5,27.3,72.7,1499.9,1490.4
2022-08-21,2022,Athletico-PR,America MG,1.0,1.0,D,U,1.85,3.48,4.33,11,2.0,2.0,0.0,1.0,5.0,2.0,3.0,1.0,1.0,0.0,4.0,1.0,3.0,1.0,0.0,1.0,0.0,0.0,0.0,60.0,10.0,27.3,63.6,1570.6,1529.3
2022-08-20,2022,Fluminense,Coritiba,5.0,2.0,H,O,1.37,4.75,8.46,12,3.0,0.0,0.0,3.0,5.0,1.0,4.0,2.0,6.0,-4.0,3.0,-5.0,8.0,0.0,0.0,0.0,0.0,2.0,-2.0,63.6,27.3,0.0,80.0,1593.0,1426.4
2022-08-20,2022,Atletico-MG,Goias,0.0,1.0,A,U,1.22,6.14,12.81,12,0.0,0.0,2.0,1.0,3.0,3.0,0.0,5.0,6.0,-1.0,-2.0,-3.0,1.0,0.0,0.0,0.0,0.0,1.0,-1.0,45.5,27.3,18.2,54.5,1639.4,1486.8
2022-08-14,2022,Sao Paulo,Bragantino,3.0,0.0,H,O,2.14,3.28,3.49,11,0.0,1.0,1.0,2.0,5.0,5.0,0.0,7.0,4.0,3.0,-2.0,1.0,-3.0,0.0,1.0,-1.0,1.0,0.0,1.0,40.0,20.0,20.0,40.0,1549.5,1551.7
2022-08-14,2022,Internacional,Fluminense,3.0,0.0,H,O,2.41,3.12,3.11,11,2.0,1.0,0.0,0.0,7.0,7.0,0.0,3.0,6.0,-3.0,4.0,1.0,3.0,1.0,0.0,1.0,0.0,0.0,0.0,50.0,10.0,40.0,20.0,1570.8,1604.0
2022-08-14,2022,Flamengo RJ,Athletico-PR,5.0,0.0,H,O,1.31,5.22,9.79,11,3.0,1.0,0.0,2.0,10.0,4.0,6.0,1.0,6.0,-5.0,9.0,-2.0,11.0,3.0,0.0,3.0,0.0,1.0,-1.0,70.0,20.0,45.5,45.5,1640.2,1578.9
2022-08-14,2022,Cuiaba,Juventude,1.0,0.0,H,U,2.0,3.03,4.43,11,1.0,0.0,1.0,2.0,3.0,2.0,1.0,2.0,7.0,-5.0,1.0,-5.0,6.0,1.0,0.0,1.0,0.0,1.0,-1.0,20.0,30.0,10.0,50.0,1480.9,1462.9
2022-08-14,2022,Coritiba,Atletico-MG,0.0,1.0,A,U,5.08,3.61,1.71,12,1.0,1.0,1.0,1.0,4.0,2.0,2.0,4.0,4.0,0.0,0.0,-2.0,2.0,0.0,0.0,0.0,0.0,1.0,-1.0,54.5,27.3,30.0,20.0,1431.1,1634.7
2022-08-14,2022,Ceara,Fortaleza,0.0,1.0,A,U,2.82,2.93,2.75,11,2.0,2.0,1.0,1.0,5.0,3.0,2.0,3.0,2.0,1.0,2.0,1.0,1.0,1.0,0.0,1.0,0.0,0.0,0.0,20.0,30.0,30.0,70.0,1532.9,1507.4
2022-08-14,2022,Botafogo RJ,Atletico GO,0.0,0.0,D,U,2.05,3.3,3.75,11,1.0,0.0,1.0,3.0,3.0,2.0,1.0,2.0,9.0,-7.0,1.0,-7.0,8.0,1.0,0.0,1.0,0.0,2.0,-2.0,30.0,50.0,10.0,60.0,1438.0,1501.8
2022-08-14,2022,America MG,Santos,1.0,0.0,H,U,2.35,3.07,3.27,11,1.0,1.0,2.0,1.0,3.0,2.0,1.0,5.0,2.0,3.0,-2.0,0.0,-2.0,1.0,0.0,1.0,1.0,0.0,1.0,50.0,30.0,20.0,30.0,1518.0,1565.1
2022-08-13,2022,Goias,Avai,1.0,1.0,D,U,1.94,3.37,4.07,11,2.0,0.0,1.0,3.0,5.0,1.0,4.0,4.0,8.0,-4.0,1.0,-7.0,8.0,0.0,0.0,0.0,0.0,2.0,-2.0,40.0,20.0,10.0,80.0,1489.2,1406.9
2022-08-13,2022,Corinthians,Palmeiras,0.0,1.0,A,U,3.39,3.01,2.33,11,3.0,2.0,0.0,0.0,5.0,3.0,2.0,1.0,1.0,0.0,4.0,2.0,2.0,1.0,0.0,1.0,0.0,0.0,0.0,70.0,0.0,60.0,0.0,1600.4,1664.4
2022-08-09,2022,Coritiba,Santos,1.0,2.0,A,O,2.64,3.0,2.88,11,2.0,0.0,0.0,1.0,5.0,0.0,5.0,3.0,1.0,2.0,2.0,-1.0,3.0,0.0,0.0,0.0,0.0,0.0,0.0,60.0,20.0,11.1,33.3,1437.8,1558.4
2022-08-07,2022,Sao Paulo,Flamengo RJ,0.0,2.0,A,U,3.31,3.18,2.27,10,0.0,2.0,0.0,1.0,5.0,4.0,1.0,5.0,3.0,2.0,0.0,1.0,-1.0,0.0,0.0,0.0,0.0,0.0,0.0,44.4,11.1,30.0,50.0,1557.4,1632.3
2022-08-07,2022,Palmeiras,Goias,3.0,0.0,H,O,1.24,5.99,11.21,11,2.0,0.0,1.0,1.0,3.0,3.0,0.0,3.0,4.0,-1.0,0.0,-1.0,1.0,0.0,0.0,0.0,1.0,0.0,1.0,60.0,20.0,20.0,50.0,1658.8,1494.8
2022-08-07,2022,Fortaleza,Internacional,3.0,0.0,H,O,1.76,3.58,4.78,11,1.0,0.0,0.0,1.0,1.0,2.0,-1.0,0.0,3.0,-3.0,1.0,-1.0,2.0,0.0,0.0,0.0,0.0,0.0,0.0,10.0,30.0,30.0,20.0,1495.0,1583.2
2022-08-07,2022,Fluminense,Cuiaba,1.0,0.0,H,U,1.51,3.8,7.6,11,3.0,1.0,0.0,2.0,8.0,2.0,6.0,2.0,3.0,-1.0,6.0,-1.0,7.0,1.0,0.0,1.0,0.0,0.0,0.0,60.0,30.0,30.0,70.0,1597.0,1487.8
2022-08-07,2022,Atletico-MG,Athletico-PR,2.0,3.0,A,O,1.5,4.04,7.01,11,1.0,1.0,1.0,2.0,4.0,3.0,1.0,4.0,4.0,0.0,0.0,-1.0,1.0,0.0,1.0,-1.0,0.0,1.0,-1.0,50.0,20.0,40.0,50.0,1647.0,1566.6
2022-08-06,2022,Juventude,America MG,0.0,1.0,A,U,2.38,3.16,3.12,11,1.0,1.0,1.0,2.0,2.0,1.0,1.0,2.0,4.0,-2.0,0.0,-3.0,3.0,0.0,0.0,0.0,0.0,1.0,-1.0,20.0,50.0,20.0,70.0,1471.8,1509.0
2022-08-06,2022,Botafogo RJ,Ceara,1.0,1.0,D,U,2.36,3.05,3.25,10,1.0,0.0,2.0,2.0,2.0,1.0,1.0,2.0,3.0,-1.0,0.0,-2.0,2.0,1.0,0.0,1.0,0.0,0.0,0.0,33.3,55.6,30.0,30.0,1435.2,1535.7
2022-08-06,2022,Avai,Corinthians,1.0,1.0,D,U,3.15,2.93,2.5,11,1.0,1.0,2.0,2.0,3.0,3.0,0.0,4.0,8.0,-4.0,-1.0,-5.0,4.0,0.0,0.0,0.0,0.0,2.0,-2.0,50.0,30.0,40.0,40.0,1401.6,1605.6
2022-08-06,2022,Atletico GO,Bragantino,2.0,1.0,H,O,3.02,3.16,2.43,11,0.0,1.0,3.0,2.0,1.0,6.0,-5.0,4.0,6.0,-2.0,-3.0,0.0,-3.0,0.0,1.0,-1.0,0.0,1.0,-1.0,30.0,50.0,22.2,33.3,1489.7,1563.8
2022-08-02,2022,Santos,Fluminense,2.0,2.0,D,O,3.01,3.1,2.47,11,2.0,2.0,1.0,0.0,4.0,6.0,-2.0,2.0,4.0,-2.0,2.0,2.0,0.0,1.0,0.0,1.0,0.0,0.0,0.0,50.0,20.0,44.4,22.2,1557.2,1598.2
2022-07-31,2022,Internacional,Atletico-MG,3.0,0.0,H,O,3.09,2.99,2.51,10,2.0,2.0,0.0,0.0,7.0,4.0,3.0,3.0,2.0,1.0,4.0,2.0,2.0,1.0,0.0,1.0,0.0,0.0,0.0,44.4,11.1,33.3,11.1,1570.7,1659.5
2022-07-31,2022,Flamengo RJ,Atletico GO,4.0,1.0,H,O,1.45,4.25,7.4,10,3.0,0.0,0.0,2.0,9.0,2.0,7.0,0.0,6.0,-6.0,9.0,-4.0,13.0,3.0,0.0,3.0,0.0,1.0,-1.0,66.7,22.2,11.1,55.6,1625.9,1496.1
2022-07-31,2022,Cuiaba,Fortaleza,0.0,1.0,A,U,2.62,2.88,3.04,10,1.0,1.0,0.0,2.0,3.0,3.0,0.0,1.0,4.0,-3.0,2.0,-1.0,3.0,1.0,0.0,1.0,0.0,0.0,0.0,22.2,22.2,22.2,77.8,1498.2,1484.6
2022-07-31,2022,Bragantino,Juventude,1.0,0.0,H,U,1.55,3.91,6.33,11,2.0,0.0,1.0,1.0,6.0,2.0,4.0,2.0,6.0,-4.0,4.0,-4.0,8.0,1.0,0.0,1.0,0.0,1.0,-1.0,50.0,30.0,11.1,44.4,1555.9,1479.6
2022-07-31,2022,Athletico-PR,Sao Paulo,1.0,0.0,H,U,2.02,3.25,3.89,10,2.0,1.0,0.0,0.0,8.0,5.0,3.0,3.0,4.0,-1.0,5.0,1.0,4.0,2.0,0.0,2.0,0.0,0.0,0.0,55.6,11.1,10.0,20.0,1556.3,1567.7
2022-07-31,2022,America MG,Avai,3.0,1.0,H,O,1.74,3.48,5.03,10,1.0,0.0,2.0,3.0,1.0,0.0,1.0,4.0,7.0,-3.0,-3.0,-7.0,4.0,0.0,0.0,0.0,1.0,2.0,-1.0,44.4,33.3,11.1,77.8,1501.6,1409.0
2022-07-30,2022,Goias,Coritiba,1.0,0.0,H,U,2.46,3.1,3.01,10,2.0,0.0,1.0,3.0,5.0,1.0,4.0,4.0,8.0,-4.0,1.0,-7.0,8.0,0.0,0.0,0.0,0.0,3.0,-3.0,33.3,22.2,0.0,77.8,1485.9,1446.7
2022-07-30,2022,Corinthians,Botafogo RJ,1.0,0.0,H,U,1.82,3.23,4.97,10,2.0,1.0,0.0,2.0,4.0,1.0,3.0,1.0,4.0,-3.0,3.0,-3.0,6.0,1.0,0.0,1.0,0.0,2.0,-2.0,66.7,0.0,40.0,40.0,1599.9,1441.0
2022-07-30,2022,Ceara,Palmeiras,1.0,2.0,A,O,3.59,3.23,2.12,10,2.0,1.0,0.0,0.0,5.0,3.0,2.0,2.0,2.0,0.0,3.0,1.0,2.0,1.0,0.0,1.0,0.0,0.0,0.0,22.2,22.2,55.6,0.0,1542.7,1651.9
2022-07-26,2022,Coritiba,Cuiaba,1.0,0.0,H,U,2.13,3.09,3.78,10,1.0,1.0,1.0,2.0,4.0,2.0,2.0,4.0,3.0,1.0,0.0,-1.0,1.0,0.0,0.0,0.0,0.0,0.0,0.0,55.6,22.2,33.3,66.7,1434.5,1510.4
2022-07-24,2022,Palmeiras,Internacional,2.0,1.0,H,O,1.42,4.41,7.89,10,2.0,1.0,1.0,0.0,5.0,3.0,2.0,4.0,2.0,2.0,1.0,1.0,0.0,1.0,0.0,1.0,1.0,0.0,1.0,55.6,22.2,33.3,11.1,1643.7,1578.9
2022-07-24,2022,Juventude,Ceara,1.0,0.0,H,U,3.15,3.05,2.41,10,0.0,0.0,2.0,1.0,2.0,2.0,0.0,4.0,3.0,1.0,-2.0,-1.0,-1.0,0.0,0.0,0.0,0.0,0.0,0.0,11.1,55.6,33.3,22.2,1467.2,1555.1
2022-07-24,2022,Fortaleza,Santos,0.0,0.0,D,U,1.83,3.46,4.51,10,1.0,1.0,0.0,1.0,1.0,2.0,-1.0,0.0,2.0,-2.0,1.0,0.0,1.0,0.0,0.0,0.0,0.0,0.0,0.0,11.1,33.3,12.5,37.5,1482.4,1559.4
2022-07-24,2022,Fluminense,Bragantino,2.0,1.0,H,O,1.9,3.49,4.03,10,3.0,1.0,0.0,1.0,8.0,7.0,1.0,1.0,6.0,-5.0,7.0,1.0,6.0,2.0,1.0,1.0,0.0,1.0,-1.0,55.6,33.3,25.0,25.0,1588.8,1565.2
2022-07-24,2022,Botafogo RJ,Athletico-PR,2.0,0.0,H,U,2.37,3.09,3.15,9,1.0,2.0,2.0,1.0,1.0,4.0,-3.0,2.0,2.0,0.0,-1.0,2.0,-3.0,0.0,1.0,-1.0,0.0,0.0,0.0,25.0,62.5,44.4,44.4,1427.1,1570.2
2022-07-24,2022,Avai,Flamengo RJ,1.0,2.0,A,O,5.61,3.89,1.59,10,1.0,1.0,1.0,2.0,4.0,2.0,2.0,4.0,4.0,0.0,0.0,-2.0,2.0,0.0,0.0,0.0,0.0,1.0,-1.0,55.6,22.2,22.2,55.6,1413.7,1621.3
2022-07-24,2022,Atletico-MG,Corinthians,1.0,2.0,A,O,1.45,4.07,8.26,10,2.0,0.0,0.0,2.0,5.0,2.0,3.0,2.0,8.0,-6.0,3.0,-6.0,9.0,1.0,0.0,1.0,0.0,2.0,-2.0,55.6,11.1,33.3,44.4,1671.9,1587.5
2022-07-24,2022,Atletico GO,America MG,0.0,1.0,A,U,1.86,3.38,4.46,10,1.0,0.0,2.0,3.0,4.0,0.0,4.0,4.0,5.0,-1.0,0.0,-5.0,5.0,1.0,0.0,1.0,0.0,1.0,-1.0,33.3,44.4,11.1,77.8,1506.5,1491.2
2022-07-23,2022,Sao Paulo,Goias,3.0,3.0,D,O,1.42,4.3,8.12,9,0.0,0.0,1.0,2.0,3.0,0.0,3.0,4.0,2.0,2.0,-1.0,-2.0,1.0,0.0,0.0,0.0,0.0,0.0,0.0,50.0,12.5,22.2,55.6,1570.1,1483.4
2022-07-22,2022,America MG,Palmeiras,0.0,1.0,A,U,4.51,3.46,1.82,9,1.0,1.0,1.0,0.0,1.0,4.0,-3.0,3.0,3.0,0.0,-2.0,1.0,-3.0,0.0,0.0,0.0,1.0,0.0,1.0,50.0,25.0,50.0,0.0,1497.4,1637.5
2022-07-21,2022,Santos,Botafogo RJ,2.0,0.0,H,U,1.86,3.4,4.37,10,1.0,2.0,1.0,1.0,4.0,4.0,0.0,4.0,4.0,0.0,0.0,0.0,0.0,0.0,0.0,0.0,0.0,1.0,-1.0,44.4,22.2,44.4,33.3,1552.7,1433.8
2022-07-21,2022,Internacional,Sao Paulo,3.0,3.0,D,O,1.85,3.31,4.67,9,2.0,1.0,1.0,1.0,6.0,2.0,4.0,3.0,2.0,1.0,3.0,0.0,3.0,1.0,0.0,1.0,0.0,0.0,0.0,50.0,12.5,11.1,22.2,1579.2,1569.9
2022-07-21,2022,Flamengo RJ,Juventude,4.0,0.0,H,O,1.34,5.11,8.63,9,3.0,0.0,0.0,1.0,7.0,3.0,4.0,0.0,5.0,-5.0,7.0,-2.0,9.0,3.0,0.0,3.0,0.0,1.0,-1.0,62.5,25.0,12.5,37.5,1615.1,1473.3
2022-07-21,2022,Cuiaba,Atletico-MG,1.0,1.0,D,U,3.66,2.94,2.24,9,1.0,2.0,0.0,0.0,3.0,3.0,0.0,1.0,1.0,0.0,2.0,2.0,0.0,1.0,0.0,1.0,0.0,0.0,0.0,25.0,25.0,37.5,12.5,1505.8,1676.4
2022-07-21,2022,Corinthians,Coritiba,3.0,1.0,H,O,1.67,3.51,5.67,9,2.0,0.0,0.0,3.0,2.0,2.0,0.0,0.0,9.0,-9.0,2.0,-7.0,9.0,0.0,0.0,0.0,0.0,3.0,-3.0,62.5,0.0,0.0,75.0,1581.4,1440.7
2022-07-20,2022,Goias,Fluminense,2.0,3.0,A,O,4.3,3.44,1.86,9,2.0,1.0,1.0,0.0,4.0,3.0,1.0,3.0,2.0,1.0,1.0,1.0,0.0,0.0,0.0,0.0,0.0,0.0,0.0,37.5,12.5,37.5,25.0,1490.9,1581.4
2022-07-20,2022,Ceara,Avai,1.0,0.0,H,U,1.34,4.83,9.44,9,1.0,1.0,0.0,2.0,5.0,1.0,4.0,3.0,6.0,-3.0,2.0,-5.0,7.0,1.0,0.0,1.0,0.0,2.0,-2.0,12.5,25.0,12.5,75.0,1548.7,1420.1
2022-07-20,2022,Bragantino,Fortaleza,2.0,1.0,H,O,1.81,3.38,4.76,10,2.0,1.0,1.0,2.0,8.0,4.0,4.0,3.0,5.0,-2.0,5.0,-1.0,6.0,2.0,0.0,2.0,0.0,0.0,0.0,44.4,33.3,25.0,75.0,1557.1,1490.5
2022-07-20,2022,Athletico-PR,Atletico GO,4.0,1.0,H,O,1.97,3.26,4.08,9,1.0,0.0,0.0,2.0,5.0,3.0,2.0,3.0,6.0,-3.0,2.0,-3.0,5.0,1.0,0.0,1.0,0.0,1.0,-1.0,50.0,12.5,12.5,50.0,1561.5,1515.2
2022-07-19,2022,Palmeiras,Cuiaba,1.0,0.0,H,U,1.25,5.61,12.29,9,2.0,1.0,1.0,2.0,8.0,2.0,6.0,4.0,4.0,0.0,4.0,-2.0,6.0,2.0,0.0,2.0,1.0,1.0,0.0,50.0,25.0,37.5,62.5,1630.8,1512.5
2022-07-17,2022,Sao Paulo,Fluminense,2.0,2.0,D,O,2.52,3.02,3.04,8,1.0,1.0,1.0,1.0,2.0,1.0,1.0,2.0,1.0,1.0,0.0,0.0,0.0,0.0,0.0,0.0,0.0,0.0,0.0,57.1,14.3,42.9,28.6,1569.5,1581.7
2022-07-17,2022,Juventude,Goias,0.0,0.0,D,U,2.05,3.13,3.97,9,0.0,0.0,3.0,2.0,3.0,1.0,2.0,7.0,3.0,4.0,-4.0,-2.0,-2.0,0.0,0.0,0.0,1.0,0.0,1.0,12.5,62.5,25.0,62.5,1472.8,1491.4
2022-07-17,2022,Ceara,Corinthians,3.0,1.0,H,O,1.85,3.16,4.96,8,0.0,0.0,0.0,2.0,2.0,1.0,1.0,2.0,6.0,-4.0,0.0,-5.0,5.0,0.0,0.0,0.0,0.0,1.0,-1.0,0.0,28.6,37.5,37.5,1537.1,1593.0
2022-07-17,2022,Botafogo RJ,Atletico-MG,0.0,1.0,A,U,4.82,3.45,1.78,8,1.0,1.0,2.0,1.0,1.0,5.0,-4.0,2.0,6.0,-4.0,-1.0,-1.0,0.0,0.0,0.0,0.0,0.0,1.0,-1.0,28.6,57.1,28.6,14.3,1437.9,1672.3
2022-07-17,2022,Atletico GO,Fortaleza,0.0,1.0,A,U,2.06,3.28,3.73,9,2.0,0.0,1.0,3.0,6.0,5.0,1.0,4.0,8.0,-4.0,2.0,-3.0,5.0,1.0,0.0,1.0,0.0,0.0,0.0,37.5,37.5,14.3,85.7,1526.6,1479.1
2022-07-17,2022,America MG,Bragantino,0.0,3.0,A,O,2.75,3.09,2.68,8,1.0,0.0,1.0,1.0,1.0,5.0,-4.0,2.0,7.0,-5.0,-1.0,-2.0,1.0,0.0,0.0,0.0,1.0,1.0,0.0,57.1,14.3,14.3,28.6,1506.2,1548.3
2022-07-16,2022,Flamengo RJ,Coritiba,2.0,0.0,H,U,1.49,4.38,6.26,8,2.0,0.0,1.0,2.0,6.0,3.0,3.0,2.0,8.0,-6.0,4.0,-5.0,9.0,2.0,0.0,2.0,0.0,2.0,-2.0,57.1,28.6,0.0,71.4,1609.5,1446.3
2022-07-16,2022,Avai,Santos,1.0,0.0,H,U,2.99,3.06,2.51,9,1.0,1.0,1.0,0.0,6.0,3.0,3.0,6.0,2.0,4.0,0.0,1.0,-1.0,0.0,0.0,0.0,0.0,0.0,0.0,50.0,25.0,14.3,28.6,1405.8,1567.1
2022-07-16,2022,Athletico-PR,Internacional,0.0,0.0,D,U,2.23,3.17,3.44,8,1.0,1.0,0.0,0.0,7.0,4.0,3.0,5.0,3.0,2.0,2.0,1.0,1.0,1.0,0.0,1.0,0.0,0.0,0.0,57.1,14.3,37.5,12.5,1561.0,1579.7
2022-07-12,2022,Internacional,America MG,1.0,0.0,H,U,1.65,3.74,5.38,8,2.0,0.0,1.0,3.0,8.0,0.0,8.0,4.0,5.0,-1.0,4.0,-5.0,9.0,2.0,0.0,2.0,0.0,1.0,-1.0,42.9,14.3,12.5,75.0,1571.3,1514.5
2022-07-10,2022,Santos,Atletico GO,1.0,0.0,H,U,1.94,3.3,4.17,9,0.0,1.0,1.0,1.0,4.0,5.0,-1.0,5.0,5.0,0.0,-1.0,0.0,-1.0,0.0,1.0,-1.0,0.0,1.0,-1.0,37.5,25.0,14.3,42.9,1557.7,1535.9
2022-07-10,2022,Goias,Athletico-PR,2.0,1.0,H,O,2.75,2.96,2.79,8,1.0,2.0,1.0,0.0,3.0,3.0,0.0,3.0,0.0,3.0,0.0,3.0,-3.0,0.0,1.0,-1.0,0.0,0.0,0.0,28.6,14.3,50.0,37.5,1478.8,1573.6
2022-07-10,2022,Fortaleza,Palmeiras,0.0,0.0,D,U,3.66,3.36,2.04,9,1.0,2.0,0.0,0.0,2.0,6.0,-4.0,1.0,3.0,-2.0,1.0,3.0,-2.0,0.0,1.0,-1.0,0.0,0.0,0.0,12.5,37.5,57.1,0.0,1474.8,1635.1
2022-07-10,2022,Cuiaba,Botafogo RJ,2.0,0.0,H,U,2.28,2.92,3.61,8,1.0,2.0,0.0,1.0,2.0,4.0,-2.0,1.0,6.0,-5.0,1.0,-2.0,3.0,0.0,0.0,0.0,0.0,1.0,-1.0,14.3,28.6,50.0,25.0,1504.2,1446.2
2022-07-10,2022,Coritiba,Juventude,2.0,2.0,D,O,1.89,3.33,4.3,9,1.0,0.0,2.0,2.0,2.0,1.0,1.0,4.0,5.0,-1.0,-2.0,-4.0,2.0,0.0,0.0,0.0,1.0,2.0,-1.0,62.5,25.0,14.3,42.9,1445.5,1473.6
2022-07-10,2022,Corinthians,Flamengo RJ,1.0,0.0,H,U,2.99,2.93,2.62,8,2.0,1.0,0.0,2.0,3.0,3.0,0.0,0.0,6.0,-6.0,3.0,-3.0,6.0,1.0,0.0,1.0,0.0,2.0,-2.0,57.1,0.0,25.0,50.0,1581.9,1620.6
2022-07-10,2022,Atletico-MG,Sao Paulo,0.0,0.0,D,U,1.59,3.77,6.23,9,2.0,1.0,0.0,1.0,6.0,3.0,3.0,3.0,3.0,0.0,3.0,0.0,3.0,1.0,0.0,1.0,0.0,0.0,0.0,62.5,12.5,12.5,25.0,1675.3,1566.5
2022-07-09,2022,Fluminense,Ceara,2.0,1.0,H,O,1.72,3.49,5.21,9,2.0,1.0,1.0,0.0,6.0,3.0,3.0,2.0,1.0,1.0,4.0,2.0,2.0,2.0,1.0,1.0,1.0,0.0,1.0,50.0,37.5,37.5,12.5,1572.5,1546.3
2022-07-09,2022,Bragantino,Avai,4.0,0.0,H,O,1.49,4.15,6.68,9,2.0,1.0,1.0,2.0,5.0,2.0,3.0,3.0,4.0,-1.0,2.0,-2.0,4.0,1.0,0.0,1.0,0.0,1.0,-1.0,37.5,37.5,14.3,71.4,1541.9,1412.2
2022-07-05,2022,Bragantino,Botafogo RJ,0.0,1.0,A,U,1.69,3.56,5.32,8,2.0,1.0,1.0,2.0,5.0,3.0,2.0,4.0,7.0,-3.0,1.0,-4.0,5.0,1.0,0.0,1.0,1.0,1.0,0.0,42.9,28.6,42.9,28.6,1555.3,1432.8
2022-07-03,2022,Palmeiras,Athletico-PR,0.0,2.0,A,U,1.33,5.2,8.68,8,2.0,2.0,0.0,0.0,8.0,4.0,4.0,2.0,1.0,1.0,6.0,3.0,3.0,2.0,1.0,1.0,0.0,0.0,0.0,57.1,14.3,42.9,42.9,1647.5,1561.2
2022-07-03,2022,Coritiba,Fortaleza,2.0,1.0,H,O,2.39,3.15,3.06,8,0.0,1.0,2.0,2.0,1.0,6.0,-5.0,4.0,7.0,-3.0,-3.0,-1.0,-2.0,0.0,0.0,0.0,1.0,0.0,1.0,57.1,28.6,16.7,83.3,1434.0,1486.3
2022-07-03,2022,Avai,Cuiaba,1.0,2.0,A,O,2.24,2.96,3.61,8,1.0,0.0,0.0,3.0,6.0,1.0,5.0,5.0,5.0,0.0,1.0,-4.0,5.0,0.0,0.0,0.0,0.0,1.0,-1.0,57.1,14.3,28.6,71.4,1420.1,1496.4
2022-07-03,2022,Atletico GO,Sao Paulo,1.0,2.0,A,O,2.66,3.11,2.75,8,2.0,0.0,1.0,1.0,5.0,2.0,3.0,3.0,3.0,0.0,2.0,-1.0,3.0,1.0,0.0,1.0,0.0,0.0,0.0,42.9,28.6,0.0,28.6,1545.6,1556.8
2022-07-03,2022,America MG,Goias,1.0,0.0,H,U,1.8,3.39,4.72,7,1.0,1.0,1.0,1.0,2.0,3.0,-1.0,3.0,3.0,0.0,-1.0,0.0,-1.0,0.0,0.0,0.0,1.0,0.0,1.0,50.0,16.7,28.6,57.1,1505.0,1488.3
2022-07-02,2022,Santos,Flamengo RJ,1.0,2.0,A,O,2.91,3.13,2.51,8,0.0,0.0,1.0,3.0,3.0,1.0,2.0,4.0,6.0,-2.0,-1.0,-5.0,4.0,0.0,0.0,0.0,0.0,2.0,-2.0,42.9,14.3,14.3,57.1,1566.4,1611.9
2022-07-02,2022,Juventude,Atletico-MG,1.0,2.0,A,O,4.5,3.3,1.87,8,1.0,0.0,2.0,1.0,3.0,3.0,0.0,5.0,5.0,0.0,-2.0,-2.0,0.0,0.0,0.0,0.0,1.0,1.0,0.0,14.3,57.1,16.7,16.7,1478.5,1670.3
2022-07-02,2022,Fluminense,Corinthians,4.0,0.0,H,O,1.62,3.48,6.6,8,2.0,1.0,1.0,1.0,7.0,2.0,5.0,5.0,2.0,3.0,2.0,0.0,2.0,2.0,0.0,2.0,1.0,0.0,1.0,42.9,42.9,42.9,28.6,1561.6,1592.8
2022-07-02,2022,Ceara,Internacional,1.0,1.0,D,U,2.11,3.15,3.72,7,0.0,2.0,0.0,0.0,2.0,5.0,-3.0,2.0,2.0,0.0,0.0,3.0,-3.0,0.0,1.0,-1.0,0.0,0.0,0.0,0.0,33.3,42.9,14.3,1545.6,1572.1
2022-06-26,2022,Sao Paulo,Juventude,0.0,0.0,D,U,1.56,3.78,6.59,7,1.0,0.0,1.0,2.0,4.0,2.0,2.0,4.0,6.0,-2.0,0.0,-4.0,4.0,0.0,0.0,0.0,0.0,2.0,-2.0,66.7,16.7,16.7,50.0,1559.1,1476.2
2022-06-26,2022,Goias,Cuiaba,1.0,0.0,H,U,2.42,2.94,3.29,7,0.0,0.0,1.0,3.0,3.0,2.0,1.0,4.0,6.0,-2.0,-1.0,-4.0,3.0,0.0,0.0,0.0,0.0,1.0,-1.0,16.7,16.7,33.3,66.7,1477.4,1507.2
2022-06-26,2022,Ceara,Atletico GO,1.0,1.0,D,U,1.99,3.25,4.02,6,0.0,1.0,0.0,1.0,3.0,5.0,-2.0,3.0,5.0,-2.0,0.0,0.0,0.0,0.0,1.0,-1.0,0.0,1.0,-1.0,0.0,40.0,16.7,50.0,1545.6,1545.6
2022-06-26,2022,Botafogo RJ,Fluminense,0.0,1.0,A,U,3.03,3.04,2.51,7,1.0,1.0,2.0,1.0,2.0,1.0,1.0,3.0,1.0,2.0,-1.0,0.0,-1.0,0.0,0.0,0.0,0.0,0.0,0.0,33.3,50.0,33.3,33.3,1439.6,1554.8
2022-06-26,2022,Avai,Palmeiras,2.0,2.0,D,O,4.86,3.27,1.83,7,1.0,3.0,1.0,0.0,5.0,5.0,0.0,5.0,1.0,4.0,0.0,4.0,-4.0,0.0,1.0,-1.0,0.0,0.0,0.0,66.7,16.7,66.7,0.0,1414.1,1653.5
2022-06-26,2022,Atletico-MG,Fortaleza,3.0,2.0,H,O,1.82,3.25,4.99,8,2.0,1.0,0.0,2.0,5.0,5.0,0.0,2.0,7.0,-5.0,3.0,-2.0,5.0,1.0,0.0,1.0,0.0,1.0,-1.0,57.1,14.3,20.0,80.0,1665.0,1491.7
2022-06-25,2022,Internacional,Coritiba,3.0,0.0,H,O,1.76,3.57,4.7,7,1.0,0.0,1.0,2.0,6.0,3.0,3.0,5.0,7.0,-2.0,1.0,-4.0,5.0,1.0,0.0,1.0,0.0,2.0,-2.0,33.3,16.7,0.0,66.7,1565.5,1440.5
2022-06-25,2022,Flamengo RJ,America MG,3.0,0.0,H,O,1.51,4.17,6.39,7,2.0,0.0,1.0,2.0,4.0,1.0,3.0,2.0,3.0,-1.0,2.0,-2.0,4.0,1.0,0.0,1.0,0.0,0.0,0.0,50.0,33.3,14.3,71.4,1604.5,1512.4
2022-06-25,2022,Corinthians,Santos,0.0,0.0,D,U,2.25,2.96,3.64,7,2.0,1.0,0.0,0.0,4.0,5.0,-1.0,1.0,4.0,-3.0,3.0,1.0,2.0,1.0,0.0,1.0,0.0,0.0,0.0,66.7,0.0,16.7,33.3,1593.6,1565.6
2022-06-25,2022,Athletico-PR,Bragantino,4.0,2.0,H,O,3.19,3.06,2.39,7,1.0,0.0,0.0,0.0,5.0,4.0,1.0,4.0,4.0,0.0,1.0,0.0,1.0,0.0,0.0,0.0,0.0,0.0,0.0,50.0,16.7,16.7,16.7,1550.7,1565.7
2022-06-21,2022,Sao Paulo,Palmeiras,1.0,2.0,A,O,3.02,3.04,2.52,6,2.0,3.0,0.0,0.0,5.0,6.0,-1.0,3.0,0.0,3.0,2.0,6.0,-4.0,0.0,2.0,-2.0,0.0,0.0,0.0,80.0,0.0,60.0,0.0,1566.9,1645.8
2022-06-19,2022,Santos,Bragantino,2.0,2.0,D,O,2.09,3.2,3.72,7,0.0,0.0,1.0,1.0,1.0,2.0,-1.0,2.0,4.0,-2.0,-1.0,-2.0,1.0,0.0,0.0,0.0,0.0,1.0,-1.0,50.0,16.7,20.0,20.0,1565.6,1565.7
2022-06-19,2022,Internacional,Botafogo RJ,2.0,3.0,A,O,1.55,3.88,6.4,6,1.0,0.0,0.0,2.0,6.0,1.0,5.0,4.0,6.0,-2.0,2.0,-5.0,7.0,1.0,0.0,1.0,0.0,1.0,-1.0,40.0,0.0,33.3,33.3,1579.7,1425.5
2022-06-19,2022,Fortaleza,America MG,1.0,0.0,H,U,1.74,3.58,4.87,8,0.0,0.0,1.0,2.0,1.0,1.0,0.0,2.0,3.0,-1.0,-1.0,-2.0,1.0,0.0,0.0,0.0,0.0,0.0,0.0,0.0,42.9,16.7,66.7,1480.5,1523.7
2022-06-19,2022,Fluminense,Avai,2.0,0.0,H,U,1.66,3.55,5.69,7,1.0,1.0,2.0,2.0,6.0,3.0,3.0,7.0,4.0,3.0,-1.0,-1.0,0.0,1.0,0.0,1.0,1.0,0.0,1.0,33.3,50.0,16.7,66.7,1548.3,1420.6
2022-06-19,2022,Coritiba,Athletico-PR,0.0,1.0,A,U,2.6,2.92,3.0,7,1.0,2.0,1.0,0.0,2.0,4.0,-2.0,3.0,1.0,2.0,-1.0,3.0,-4.0,0.0,1.0,-1.0,1.0,0.0,1.0,66.7,16.7,33.3,50.0,1447.9,1543.4
2022-06-19,2022,Corinthians,Goias,1.0,0.0,H,U,1.52,3.87,7.02,6,1.0,1.0,0.0,1.0,4.0,3.0,1.0,2.0,3.0,-1.0,2.0,0.0,2.0,1.0,0.0,1.0,0.0,0.0,0.0,60.0,0.0,33.3,50.0,1586.4,1484.6
2022-06-19,2022,Atletico-MG,Flamengo RJ,2.0,0.0,H,U,1.96,3.47,3.85,7,2.0,1.0,0.0,2.0,5.0,3.0,2.0,2.0,5.0,-3.0,3.0,-2.0,5.0,1.0,0.0,1.0,0.0,1.0,-1.0,50.0,16.7,16.7,50.0,1656.2,1613.3
2022-06-19,2022,Atletico GO,Juventude,3.0,1.0,H,O,1.69,3.63,5.21,7,2.0,1.0,1.0,1.0,4.0,3.0,1.0,2.0,4.0,-2.0,2.0,-1.0,3.0,1.0,0.0,1.0,0.0,1.0,-1.0,33.3,33.3,20.0,40.0,1537.1,1484.7
2022-06-18,2022,Cuiaba,Ceara,0.0,0.0,D,U,2.78,2.86,2.86,7,1.0,2.0,1.0,0.0,2.0,4.0,-2.0,2.0,1.0,1.0,0.0,3.0,-3.0,0.0,1.0,-1.0,0.0,0.0,0.0,16.7,33.3,42.9,14.3,1506.1,1546.7
2022-06-16,2022,Palmeiras,Atletico GO,4.0,2.0,H,O,1.42,4.57,7.35,7,2.0,1.0,0.0,1.0,6.0,3.0,3.0,0.0,3.0,-3.0,6.0,0.0,6.0,2.0,1.0,1.0,0.0,1.0,-1.0,50.0,16.7,20.0,40.0,1638.4,1544.5
2022-06-16,2022,Goias,Internacional,1.0,2.0,A,O,3.42,3.09,2.26,6,1.0,1.0,0.0,0.0,3.0,4.0,-1.0,2.0,2.0,0.0,1.0,2.0,-1.0,0.0,1.0,-1.0,0.0,0.0,0.0,20.0,0.0,33.3,16.7,1492.3,1572.0
2022-06-16,2022,Flamengo RJ,Cuiaba,2.0,0.0,H,U,1.32,5.18,9.18,6,1.0,0.0,2.0,3.0,2.0,3.0,-1.0,3.0,8.0,-5.0,-1.0,-5.0,4.0,0.0,0.0,0.0,0.0,1.0,-1.0,40.0,40.0,40.0,60.0,1605.9,1513.5
2022-06-16,2022,Botafogo RJ,Sao Paulo,1.0,0.0,H,U,3.38,2.99,2.32,6,1.0,0.0,2.0,0.0,4.0,3.0,1.0,4.0,3.0,1.0,0.0,0.0,0.0,1.0,0.0,1.0,0.0,0.0,0.0,20.0,60.0,0.0,16.7,1410.9,1581.5
2022-06-16,2022,Avai,Fortaleza,3.0,2.0,H,O,3.12,3.11,2.39,6,1.0,1.0,1.0,2.0,4.0,3.0,1.0,4.0,5.0,-1.0,0.0,-2.0,2.0,0.0,0.0,0.0,0.0,1.0,-1.0,60.0,20.0,25.0,75.0,1408.2,1492.9
2022-06-16,2022,Athletico-PR,Corinthians,1.0,1.0,D,U,2.36,3.03,3.29,6,2.0,1.0,0.0,1.0,5.0,3.0,2.0,3.0,3.0,0.0,2.0,0.0,2.0,0.0,0.0,0.0,0.0,0.0,0.0,60.0,20.0,50.0,33.3,1542.1,1587.7
2022-06-16,2022,America MG,Fluminense,0.0,0.0,D,U,2.33,3.02,3.36,6,1.0,1.0,1.0,1.0,3.0,2.0,1.0,4.0,2.0,2.0,-1.0,0.0,-1.0,0.0,0.0,0.0,1.0,0.0,1.0,60.0,20.0,40.0,40.0,1522.9,1549.1
2022-06-15,2022,Juventude,Santos,1.0,2.0,A,O,2.32,2.97,3.42,7,1.0,0.0,2.0,1.0,2.0,3.0,-1.0,6.0,4.0,2.0,-4.0,-1.0,-3.0,0.0,0.0,0.0,2.0,0.0,2.0,16.7,50.0,0.0,40.0,1492.9,1557.4
2022-06-15,2022,Ceara,Atletico-MG,0.0,0.0,D,U,3.46,3.14,2.21,5,0.0,0.0,1.0,1.0,3.0,4.0,-1.0,4.0,6.0,-2.0,-1.0,-2.0,1.0,0.0,0.0,0.0,0.0,1.0,-1.0,0.0,50.0,20.0,20.0,1543.5,1659.4
2022-06-15,2022,Bragantino,Coritiba,4.0,2.0,H,O,1.54,3.84,6.76,7,1.0,0.0,1.0,2.0,2.0,2.0,0.0,3.0,5.0,-2.0,-1.0,-3.0,2.0,0.0,0.0,0.0,1.0,1.0,0.0,33.3,33.3,0.0,60.0,1558.6,1455.0
2022-06-13,2022,Botafogo RJ,Avai,0.0,1.0,A,U,1.84,3.38,4.53,5,1.0,0.0,1.0,3.0,5.0,3.0,2.0,4.0,6.0,-2.0,1.0,-3.0,4.0,1.0,0.0,1.0,0.0,0.0,0.0,25.0,50.0,0.0,80.0,1421.6,1397.5
2022-06-12,2022,Sao Paulo,America MG,1.0,0.0,H,U,1.72,3.51,5.25,5,2.0,1.0,0.0,1.0,6.0,3.0,3.0,4.0,3.0,1.0,2.0,0.0,2.0,0.0,0.0,0.0,0.0,0.0,0.0,75.0,0.0,20.0,60.0,1572.6,1531.7
2022-06-12,2022,Internacional,Flamengo RJ,3.0,1.0,H,O,3.13,3.17,2.36,5,0.0,1.0,0.0,1.0,3.0,4.0,-1.0,3.0,4.0,-1.0,0.0,0.0,0.0,0.0,0.0,0.0,0.0,0.0,0.0,25.0,0.0,20.0,40.0,1560.3,1617.5
2022-06-12,2022,Goias,Ceara,1.0,1.0,D,U,2.8,3.0,2.71,5,1.0,2.0,0.0,0.0,4.0,5.0,-1.0,3.0,2.0,1.0,1.0,3.0,-2.0,0.0,1.0,-1.0,0.0,0.0,0.0,25.0,0.0,50.0,16.7,1490.8,1545.1
2022-06-12,2022,Fortaleza,Athletico-PR,0.0,0.0,D,U,1.63,3.76,5.53,7,0.0,2.0,1.0,1.0,2.0,5.0,-3.0,3.0,3.0,0.0,-1.0,2.0,-3.0,0.0,1.0,-1.0,0.0,0.0,0.0,0.0,50.0,40.0,60.0,1491.4,1543.6
2022-06-12,2022,Coritiba,Palmeiras,0.0,2.0,A,U,5.04,3.72,1.68,6,2.0,2.0,0.0,0.0,3.0,4.0,-1.0,1.0,0.0,1.0,2.0,4.0,-2.0,0.0,1.0,-1.0,0.0,0.0,0.0,80.0,0.0,50.0,0.0,1460.4,1633.0
2022-06-11,2022,Fluminense,Atletico GO,0.0,2.0,A,U,1.88,3.36,4.4,6,2.0,0.0,1.0,1.0,8.0,2.0,6.0,6.0,4.0,2.0,2.0,-2.0,4.0,1.0,0.0,1.0,0.0,1.0,-1.0,40.0,40.0,0.0,50.0,1559.8,1533.7
2022-06-11,2022,Cuiaba,Bragantino,1.0,1.0,D,U,3.45,2.93,2.34,6,1.0,1.0,1.0,1.0,2.0,2.0,0.0,2.0,3.0,-1.0,0.0,-1.0,1.0,0.0,0.0,0.0,0.0,1.0,-1.0,20.0,40.0,25.0,25.0,1512.1,1560.0
2022-06-11,2022,Corinthians,Juventude,2.0,0.0,H,U,1.77,3.24,5.35,5,1.0,1.0,0.0,0.0,3.0,4.0,-1.0,2.0,3.0,-1.0,1.0,1.0,0.0,0.0,0.0,0.0,0.0,0.0,0.0,50.0,0.0,25.0,25.0,1580.0,1500.6
2022-06-11,2022,Atletico-MG,Santos,1.0,1.0,D,U,1.45,4.35,7.32,6,2.0,0.0,1.0,2.0,5.0,3.0,2.0,3.0,5.0,-2.0,2.0,-2.0,4.0,1.0,0.0,1.0,0.0,0.0,0.0,60.0,20.0,0.0,50.0,1662.4,1554.4
2022-06-10,2022,Fortaleza,Goias,1.0,1.0,D,U,1.51,4.01,6.75,6,0.0,2.0,2.0,1.0,1.0,3.0,-2.0,3.0,2.0,1.0,-2.0,1.0,-3.0,0.0,0.0,0.0,0.0,0.0,0.0,0.0,60.0,40.0,60.0,1491.4,1490.8
2022-06-10,2022,Coritiba,Sao Paulo,1.0,1.0,D,U,3.26,3.05,2.36,5,3.0,0.0,0.0,0.0,5.0,3.0,2.0,2.0,3.0,-1.0,3.0,0.0,3.0,0.0,0.0,0.0,0.0,0.0,0.0,100.0,0.0,0.0,20.0,1457.1,1575.9
2022-06-09,2022,Santos,Internacional,1.0,1.0,D,U,2.21,2.99,3.65,6,1.0,1.0,1.0,0.0,4.0,4.0,0.0,2.0,2.0,0.0,2.0,2.0,0.0,1.0,1.0,0.0,0.0,0.0,0.0,60.0,20.0,40.0,20.0,1554.2,1560.5
2022-06-09,2022,Palmeiras,Botafogo RJ,4.0,0.0,H,O,1.4,4.73,7.48,6,1.0,1.0,0.0,1.0,3.0,2.0,1.0,1.0,2.0,-1.0,2.0,0.0,2.0,1.0,0.0,1.0,0.0,0.0,0.0,40.0,20.0,40.0,20.0,1628.2,1426.4
2022-06-09,2022,Fluminense,Atletico-MG,5.0,3.0,H,O,3.66,2.99,2.22,5,1.0,0.0,2.0,0.0,3.0,3.0,0.0,4.0,3.0,1.0,-1.0,0.0,-1.0,0.0,0.0,0.0,0.0,0.0,0.0,25.0,50.0,25.0,0.0,1546.3,1676.0
2022-06-09,2022,Bragantino,Flamengo RJ,1.0,0.0,H,U,2.41,3.13,3.11,6,0.0,1.0,2.0,1.0,1.0,4.0,-3.0,4.0,4.0,0.0,-3.0,0.0,-3.0,0.0,0.0,0.0,1.0,0.0,1.0,20.0,40.0,25.0,25.0,1547.7,1629.8
2022-06-09,2022,Atletico GO,Avai,2.0,1.0,H,O,1.65,3.63,5.62,6,1.0,0.0,2.0,2.0,2.0,2.0,0.0,2.0,4.0,-2.0,0.0,-2.0,2.0,1.0,0.0,1.0,0.0,0.0,0.0,20.0,40.0,0.0,75.0,1527.1,1404.1
2022-06-08,2022,Juventude,Athletico-PR,1.0,3.0,A,O,2.74,2.86,2.9,6,1.0,1.0,1.0,2.0,2.0,2.0,0.0,4.0,3.0,1.0,-2.0,-1.0,-1.0,0.0,0.0,0.0,1.0,0.0,1.0,20.0,40.0,25.0,75.0,1509.9,1534.3
2022-06-08,2022,Cuiaba,Corinthians,1.0,0.0,H,U,2.98,2.79,2.74,5,0.0,2.0,1.0,0.0,2.0,4.0,-2.0,3.0,2.0,1.0,-1.0,2.0,-3.0,0.0,0.0,0.0,0.0,0.0,0.0,0.0,50.0,60.0,20.0,1499.5,1592.6
2022-06-08,2022,America MG,Ceara,0.0,2.0,A,U,2.22,3.0,3.61,5,2.0,1.0,0.0,0.0,4.0,3.0,1.0,2.0,2.0,0.0,2.0,1.0,1.0,0.0,0.0,0.0,0.0,0.0,0.0,75.0,0.0,40.0,20.0,1541.9,1534.9
2022-06-07,2022,Botafogo RJ,Goias,1.0,2.0,A,O,1.7,3.39,5.61,4,1.0,1.0,1.0,2.0,5.0,3.0,2.0,5.0,4.0,1.0,0.0,-1.0,1.0,1.0,0.0,1.0,1.0,0.0,1.0,33.3,33.3,25.0,75.0,1435.0,1482.1
2022-06-05,2022,Palmeiras,Atletico-MG,0.0,0.0,D,U,2.14,3.3,3.48,5,2.0,1.0,0.0,0.0,6.0,4.0,2.0,1.0,3.0,-2.0,5.0,1.0,4.0,2.0,0.0,2.0,0.0,0.0,0.0,50.0,25.0,33.3,0.0,1626.8,1677.4
2022-06-05,2022,Juventude,Fluminense,1.0,0.0,H,U,2.67,2.94,2.89,5,0.0,1.0,2.0,1.0,1.0,4.0,-3.0,5.0,4.0,1.0,-4.0,0.0,-4.0,0.0,0.0,0.0,1.0,0.0,1.0,0.0,50.0,50.0,25.0,1498.2,1558.0
2022-06-05,2022,Flamengo RJ,Fortaleza,1.0,2.0,A,O,1.5,4.18,6.53,5,1.0,0.0,1.0,3.0,1.0,2.0,-1.0,1.0,6.0,-5.0,0.0,-4.0,4.0,0.0,0.0,0.0,0.0,1.0,-1.0,50.0,25.0,0.0,100.0,1644.3,1476.9
2022-06-05,2022,Bragantino,Internacional,0.0,2.0,A,U,2.31,3.06,3.34,5,0.0,1.0,1.0,0.0,2.0,3.0,-1.0,3.0,2.0,1.0,-1.0,1.0,-2.0,0.0,0.0,0.0,0.0,0.0,0.0,25.0,25.0,25.0,25.0,1557.9,1550.3
2022-06-05,2022,Atletico GO,Corinthians,0.0,1.0,A,U,2.44,3.05,3.1,5,1.0,1.0,1.0,1.0,3.0,3.0,0.0,2.0,5.0,-3.0,1.0,-2.0,3.0,1.0,0.0,1.0,0.0,1.0,-1.0,25.0,25.0,50.0,25.0,1535.7,1584.0
2022-06-04,2022,Ceara,Coritiba,1.0,1.0,D,U,1.59,3.83,5.89,4,0.0,0.0,2.0,2.0,3.0,3.0,0.0,6.0,6.0,0.0,-3.0,-3.0,0.0,0.0,0.0,0.0,1.0,1.0,0.0,0.0,66.7,0.0,75.0,1537.2,1454.7
2022-06-04,2022,Avai,Sao Paulo,1.0,1.0,D,U,4.09,3.04,2.06,5,2.0,0.0,1.0,0.0,6.0,3.0,3.0,5.0,3.0,2.0,1.0,0.0,1.0,0.0,0.0,0.0,0.0,0.0,0.0,75.0,25.0,0.0,25.0,1399.3,1580.7
2022-06-04,2022,Athletico-PR,Santos,2.0,2.0,D,O,2.09,3.19,3.72,5,3.0,0.0,0.0,2.0,4.0,1.0,3.0,1.0,3.0,-2.0,3.0,-2.0,5.0,0.0,0.0,0.0,0.0,0.0,0.0,75.0,25.0,0.0,66.7,1533.7,1554.8
2022-06-04,2022,America MG,Cuiaba,2.0,1.0,H,O,1.8,3.19,5.22,4,2.0,1.0,0.0,2.0,6.0,3.0,3.0,2.0,6.0,-4.0,4.0,-3.0,7.0,1.0,0.0,1.0,0.0,1.0,-1.0,66.7,0.0,50.0,50.0,1532.6,1508.8
2022-06-02,2022,Fortaleza,Ceara,0.0,1.0,A,U,2.47,2.93,3.18,5,0.0,0.0,1.0,1.0,2.0,2.0,0.0,3.0,3.0,0.0,-1.0,-1.0,0.0,0.0,0.0,0.0,0.0,0.0,0.0,0.0,50.0,25.0,25.0,1485.7,1528.4
2022-05-31,2022,Internacional,Atletico GO,1.0,1.0,D,U,1.59,3.73,6.07,4,1.0,0.0,0.0,2.0,4.0,1.0,3.0,3.0,7.0,-4.0,1.0,-6.0,7.0,0.0,0.0,0.0,0.0,2.0,-2.0,33.3,0.0,0.0,66.7,1550.7,1535.3
2022-05-29,2022,Santos,Palmeiras,0.0,1.0,A,U,4.05,3.36,1.95,5,2.0,1.0,0.0,0.0,7.0,4.0,3.0,1.0,1.0,0.0,6.0,3.0,3.0,2.0,1.0,1.0,0.0,0.0,0.0,75.0,0.0,33.3,0.0,1563.3,1618.3
2022-05-29,2022,Fortaleza,Juventude,1.0,1.0,D,U,1.58,3.77,6.26,4,0.0,1.0,2.0,1.0,1.0,4.0,-3.0,3.0,6.0,-3.0,-2.0,-2.0,0.0,0.0,0.0,0.0,0.0,1.0,-1.0,0.0,66.7,33.3,33.3,1485.3,1498.6
2022-05-29,2022,Fluminense,Flamengo RJ,1.0,2.0,A,O,4.12,3.34,1.94,4,1.0,0.0,1.0,1.0,2.0,3.0,-1.0,2.0,4.0,-2.0,0.0,-1.0,1.0,0.0,0.0,0.0,0.0,0.0,0.0,33.3,33.3,0.0,33.3,1566.0,1636.3
2022-05-29,2022,Cuiaba,Athletico-PR,0.0,1.0,A,U,2.57,2.79,3.22,4,0.0,0.0,1.0,3.0,2.0,1.0,1.0,3.0,7.0,-4.0,-1.0,-6.0,5.0,0.0,0.0,0.0,0.0,1.0,-1.0,0.0,33.3,0.0,100.0,1518.6,1523.9
2022-05-29,2022,Coritiba,Botafogo RJ,1.0,0.0,H,U,2.74,3.0,2.76,4,3.0,1.0,0.0,0.0,7.0,3.0,4.0,2.0,2.0,0.0,5.0,1.0,4.0,1.0,0.0,1.0,0.0,0.0,0.0,100.0,0.0,50.0,0.0,1444.7,1445.0
2022-05-29,2022,Corinthians,America MG,1.0,1.0,D,U,1.63,3.61,5.89,4,2.0,1.0,0.0,2.0,5.0,2.0,3.0,1.0,5.0,-4.0,4.0,-3.0,7.0,1.0,0.0,1.0,0.0,1.0,-1.0,66.7,0.0,25.0,75.0,1585.5,1531.1
2022-05-29,2022,Atletico-MG,Avai,2.0,1.0,H,O,1.21,6.21,14.43,5,1.0,0.0,1.0,2.0,5.0,1.0,4.0,4.0,5.0,-1.0,1.0,-4.0,5.0,1.0,0.0,1.0,0.0,1.0,-1.0,50.0,25.0,0.0,66.7,1674.0,1402.8
2022-05-28,2022,Sao Paulo,Ceara,2.0,2.0,D,O,1.72,3.46,5.29,4,3.0,1.0,0.0,1.0,8.0,3.0,5.0,2.0,3.0,-1.0,6.0,0.0,6.0,1.0,0.0,1.0,0.0,0.0,0.0,100.0,0.0,33.3,33.3,1582.3,1526.8
2022-05-28,2022,Goias,Bragantino,1.0,1.0,D,U,2.87,2.92,2.71,4,1.0,1.0,0.0,1.0,4.0,3.0,1.0,3.0,4.0,-1.0,1.0,-1.0,2.0,0.0,0.0,0.0,0.0,1.0,-1.0,33.3,0.0,33.3,33.3,1479.8,1560.2
2022-05-22,2022,Fortaleza,Fluminense,0.0,1.0,A,U,2.03,3.21,3.97,3,,1.0,,1.0,,4.0,,,4.0,,,0.0,,,0.0,,,0.0,,0.0,50.0,33.3,33.3,1493.5,1557.8
2022-05-22,2022,Cuiaba,Internacional,1.0,1.0,D,U,2.89,2.88,2.73,3,,1.0,,1.0,,2.0,,,3.0,,,-1.0,,,0.0,,,1.0,,0.0,50.0,33.3,33.3,1517.7,1551.7
2022-05-22,2022,Corinthians,Sao Paulo,1.0,1.0,D,U,2.49,2.86,3.28,3,,0.0,,1.0,,3.0,,,5.0,,,-2.0,,,0.0,,,1.0,,100.0,0.0,0.0,33.3,1585.6,1582.2
2022-05-22,2022,Athletico-PR,Avai,2.0,1.0,H,O,1.6,3.67,6.2,4,2.0,,1.0,,2.0,,,1.0,,,1.0,,,0.0,,,0.0,,,66.7,33.3,0.0,50.0,1516.9,1409.8
2022-05-22,2022,America MG,Botafogo RJ,1.0,1.0,D,U,2.67,3.03,2.82,3,,2.0,,0.0,,5.0,,,2.0,,,3.0,,,1.0,,,0.0,,100.0,0.0,66.7,0.0,1533.6,1442.5
2022-05-21,2022,Santos,Ceara,0.0,0.0,D,U,2.31,3.1,3.3,4,3.0,,0.0,,9.0,,,2.0,,,7.0,,,2.0,,,0.0,,,100.0,0.0,50.0,50.0,1564.4,1525.7
2022-05-21,2022,Juventude,Palmeiras,0.0,3.0,A,O,4.68,3.37,1.83,4,0.0,,1.0,,3.0,,,4.0,,,-1.0,,,0.0,,,0.0,,,0.0,33.3,0.0,0.0,1505.7,1611.3
2022-05-21,2022,Flamengo RJ,Goias,1.0,0.0,H,U,1.17,7.26,16.02,4,1.0,1.0,1.0,2.0,3.0,3.0,0.0,2.0,6.0,-4.0,1.0,-3.0,4.0,1.0,0.0,1.0,0.0,1.0,-1.0,33.3,33.3,33.3,66.7,1630.3,1485.9
2022-05-21,2022,Atletico GO,Coritiba,2.0,0.0,H,U,2.12,3.24,3.6,4,0.0,0.0,1.0,2.0,2.0,4.0,-2.0,3.0,6.0,-3.0,-1.0,-2.0,1.0,0.0,0.0,0.0,0.0,0.0,0.0,0.0,33.3,0.0,66.7,1527.4,1452.6
2022-05-15,2022,Sao Paulo,Cuiaba,2.0,1.0,H,O,1.47,4.05,7.57,3,,2.0,,1.0,,3.0,,,4.0,,,-1.0,,,0.0,,,1.0,,100.0,0.0,66.7,33.3,1573.6,1526.3
2022-05-15,2022,Goias,Santos,1.0,0.0,H,U,3.08,3.05,2.46,3,,,,,,,,,,,,,,,,,,,,0.0,0.0,0.0,50.0,1473.0,1577.3
2022-05-15,2022,Fluminense,Athletico-PR,2.0,1.0,H,O,2.05,3.06,4.08,3,,,,,,,,,,,,,,,,,,,,0.0,50.0,0.0,100.0,1548.4,1526.2
2022-05-15,2022,Coritiba,America MG,1.0,0.0,H,U,2.17,3.11,3.61,3,,1.0,,2.0,,2.0,,,5.0,,,-3.0,,,0.0,,,1.0,,100.0,0.0,33.3,66.7,1439.6,1546.6
2022-05-15,2022,Botafogo RJ,Fortaleza,3.0,1.0,H,O,2.29,3.09,3.36,3,,,,,,,,,,,,,,,,,,,,0.0,50.0,0.0,100.0,1430.3,1505.6
2022-05-15,2022,Avai,Juventude,1.0,2.0,A,O,2.28,2.99,3.49,4,3.0,,0.0,,6.0,,,3.0,,,3.0,,,0.0,,,0.0,,,100.0,0.0,0.0,50.0,1417.5,1497.9
2022-05-14,2022,Palmeiras,Bragantino,2.0,0.0,H,U,1.33,5.24,8.86,4,1.0,,1.0,,6.0,,,4.0,,,2.0,,,1.0,,,0.0,,,33.3,33.3,50.0,0.0,1602.2,1569.2
2022-05-14,2022,Internacional,Corinthians,2.0,2.0,D,O,2.24,3.12,3.46,3,,2.0,,1.0,,4.0,,,4.0,,,0.0,,,1.0,,,1.0,,50.0,0.0,66.7,33.3,1550.7,1586.7
2022-05-14,2022,Ceara,Flamengo RJ,2.0,2.0,D,O,3.86,3.41,1.97,3,,,,,,,,,,,,,,,,,,,,0.0,100.0,0.0,50.0,1522.7,1633.3
2022-05-14,2022,Atletico-MG,Atletico GO,2.0,0.0,H,U,1.25,5.93,11.0,4,1.0,,1.0,,5.0,,,4.0,,,1.0,,,1.0,,,0.0,,,33.3,33.3,0.0,50.0,1667.6,1533.7
2022-05-12,2022,Bragantino,Atletico-MG,1.0,1.0,D,U,3.41,3.1,2.26,4,1.0,,1.0,,5.0,,,2.0,,,3.0,,,1.0,,,0.0,,,33.3,33.3,50.0,0.0,1566.3,1670.6
2022-05-10,2022,Avai,Coritiba,2.0,1.0,H,O,2.34,3.07,3.28,3,,,,,,,,,,,,,,,,,,,,100.0,0.0,0.0,50.0,1406.2,1450.9
2022-05-08,2022,Santos,Cuiaba,4.0,1.0,H,O,1.85,3.18,4.96,3,,,,,,,,,,,,,,,,,,,,100.0,0.0,100.0,0.0,1568.2,1535.4
2022-05-08,2022,Palmeiras,Fluminense,1.0,1.0,D,U,1.46,4.25,7.26,3,,,,,,,,,,,,,,,,,,,,50.0,50.0,50.0,50.0,1603.9,1546.8
2022-05-08,2022,Juventude,Internacional,1.0,1.0,D,U,2.77,2.91,2.83,3,,,,,,,,,,,,,,,,,,,,0.0,50.0,50.0,50.0,1496.3,1552.3
2022-05-08,2022,Fortaleza,Sao Paulo,1.0,1.0,D,U,2.43,3.03,3.16,2,,,,,,,,,,,,,,,,,,,,0.0,100.0,0.0,50.0,1503.6,1575.6
2022-05-08,2022,Flamengo RJ,Botafogo RJ,0.0,1.0,A,U,1.48,4.31,6.58,3,,,,,,,,,,,,,,,,,,,,50.0,0.0,50.0,0.0,1649.2,1414.5
2022-05-08,2022,Bragantino,Corinthians,0.0,1.0,A,U,2.55,3.06,2.94,3,,,,,,,,,,,,,,,,,,,,50.0,0.0,50.0,50.0,1576.3,1576.7
2022-05-08,2022,Atletico GO,Goias,0.0,1.0,A,U,1.76,3.37,5.12,3,,,,,,,,,,,,,,,,,,,,0.0,0.0,0.0,100.0,1546.2,1460.6
2022-05-08,2022,Athletico-PR,Ceara,1.0,0.0,H,U,2.12,3.19,3.66,3,,,,,,,,,,,,,,,,,,,,50.0,50.0,100.0,0.0,1515.7,1533.2
2022-05-07,2022,Atletico-MG,America MG,1.0,2.0,A,O,1.43,4.47,7.31,3,,,,,,,,,,,,,,,,,,,,50.0,0.0,0.0,100.0,1684.7,1532.5
2022-05-03,2022,Sao Paulo,Santos,2.0,1.0,H,O,1.63,3.66,5.92,2,,,,,,,,,,,,,,,,,,,,100.0,0.0,0.0,0.0,1565.2,1578.6
2022-05-01,2022,Internacional,Avai,0.0,0.0,D,U,1.52,3.9,6.93,2,,,,,,,,,,,,,,,,,,,,100.0,0.0,0.0,100.0,1556.5,1402.0
2022-05-01,2022,Coritiba,Fluminense,3.0,2.0,H,O,2.5,2.94,3.14,2,,,,,,,,,,,,,,,,,,,,100.0,0.0,100.0,0.0,1437.5,1560.2
2022-05-01,2022,Corinthians,Fortaleza,1.0,0.0,H,U,1.81,3.37,4.81,2,,,,,,,,,,,,,,,,,,,,100.0,0.0,0.0,100.0,1568.3,1512.0
2022-05-01,2022,Botafogo RJ,Juventude,1.0,1.0,D,U,1.93,3.29,4.26,2,,,,,,,,,,,,,,,,,,,,0.0,100.0,0.0,100.0,1412.0,1498.8
2022-04-30,2022,Goias,Atletico-MG,2.0,2.0,D,O,7.35,4.16,1.47,2,,,,,,,,,,,,,,,,,,,,0.0,0.0,100.0,0.0,1454.7,1690.6
2022-04-30,2022,Cuiaba,Atletico GO,1.0,1.0,D,U,2.27,2.95,3.58,2,,,,,,,,,,,,,,,,,,,,0.0,100.0,0.0,100.0,1535.0,1546.5
2022-04-30,2022,Ceara,Bragantino,0.0,1.0,A,U,2.04,3.27,3.85,2,,,,,,,,,,,,,,,,,,,,0.0,100.0,0.0,0.0,1542.5,1567.0
2022-04-30,2022,America MG,Athletico-PR,1.0,0.0,H,U,1.98,3.2,4.19,2,,,,,,,,,,,,,,,,,,,,100.0,0.0,0.0,100.0,1522.4,1525.8
2022-04-26,2022,Avai,Goias,3.0,2.0,H,O,2.22,2.92,3.79,2,,,,,,,,,,,,,,,,,,,,100.0,0.0,0.0,100.0,1389.9,1466.8
2022-04-24,2022,Santos,America MG,3.0,0.0,H,O,2.24,3.06,3.54,2,,,,,,,,,,,,,,,,,,,,100.0,0.0,0.0,100.0,1569.7,1531.3
2022-04-24,2022,Juventude,Cuiaba,0.0,1.0,A,U,2.05,3.01,4.26,2,,,,,,,,,,,,,,,,,,,,0.0,0.0,100.0,0.0,1508.3,1525.5
2022-04-24,2022,Atletico-MG,Coritiba,2.0,2.0,D,O,1.23,5.79,14.05,2,,,,,,,,,,,,,,,,,,,,100.0,0.0,0.0,100.0,1697.0,1431.1
2022-04-24,2022,Atletico GO,Botafogo RJ,1.0,1.0,D,U,2.24,3.27,3.27,2,,,,,,,,,,,,,,,,,,,,0.0,0.0,100.0,0.0,1550.4,1408.1
2022-04-23,2022,Palmeiras,Corinthians,3.0,0.0,H,O,1.9,3.29,4.44,2,,,,,,,,,,,,,,,,,,,,0.0,100.0,100.0,0.0,1594.4,1577.8
2022-04-23,2022,Fluminense,Internacional,0.0,1.0,A,U,1.85,3.25,4.78,2,,,,,,,,,,,,,,,,,,,,0.0,0.0,0.0,100.0,1570.9,1545.7
2022-04-23,2022,Bragantino,Sao Paulo,1.0,1.0,D,U,3.31,3.11,2.32,2,,,,,,,,,,,,,,,,,,,,100.0,0.0,0.0,100.0,1567.1,1565.2
2022-04-23,2022,Athletico-PR,Flamengo RJ,1.0,0.0,H,U,3.59,3.36,2.07,2,,,,,,,,,,,,,,,,,,,,0.0,100.0,0.0,0.0,1511.7,1663.3
2022-04-20,2022,Flamengo RJ,Palmeiras,0.0,0.0,D,U,2.06,3.38,3.6,2,,,,,,,,,,,,,,,,,,,,100.0,0.0,0.0,0.0,1665.4,1592.3
2022-04-17,2022,Santos,Coritiba,2.0,1.0,H,O,1.97,3.33,4.01,1,,,,,,,,,,,,,,,,,,,,,,,,1563.2,1437.6
2022-04-17,2022,Internacional,Fortaleza,2.0,1.0,H,O,2.37,3.07,3.26,1,,,,,,,,,,,,,,,,,,,,,,,,1536.2,1521.5
2022-04-17,2022,Flamengo RJ,Sao Paulo,3.0,1.0,H,O,1.74,3.68,4.76,1,,,,,,,,,,,,,,,,,,,,,,,,1657.8,1572.8
2022-04-17,2022,Cuiaba,Fluminense,0.0,1.0,A,U,2.98,2.84,2.71,1,,,,,,,,,,,,,,,,,,,,,,,,1534.7,1561.7
2022-04-17,2022,Ceara,Botafogo RJ,1.0,3.0,A,O,1.75,3.56,4.92,1,,,,,,,,,,,,,,,,,,,,,,,,1556.8,1393.8
2022-04-17,2022,Bragantino,Atletico GO,4.0,0.0,H,O,1.86,3.41,4.43,1,,,,,,,,,,,,,,,,,,,,,,,,1556.9,1560.5
2022-04-17,2022,Athletico-PR,Atletico-MG,0.0,1.0,A,U,3.64,3.14,2.17,1,,,,,,,,,,,,,,,,,,,,,,,,1517.1,1691.7
2022-04-16,2022,Goias,Palmeiras,1.0,1.0,D,U,6.15,3.84,1.57,1,,,,,,,,,,,,,,,,,,,,,,,,1463.2,1595.9
2022-04-16,2022,Corinthians,Avai,3.0,0.0,H,O,1.5,3.84,7.7,1,,,,,,,,,,,,,,,,,,,,,,,,1572.5,1395.2
2022-04-16,2022,America MG,Juventude,4.0,1.0,H,O,2.05,2.99,4.27,1,,,,,,,,,,,,,,,,,,,,,,,,1521.4,1518.2
2022-04-12,2022,Juventude,Bragantino,2.0,2.0,D,O,2.37,3.05,3.22,1,,,,,,,,,,,,,,,,,,,,,,,,1517.0,1558.1
2022-04-10,2022,Sao Paulo,Athletico-PR,4.0,0.0,H,O,1.63,3.62,5.98,1,,,,,,,,,,,,,,,,,,,,,,,,1563.8,1526.0
2022-04-10,2022,Palmeiras,Ceara,2.0,3.0,A,O,1.42,4.32,7.99,1,,,,,,,,,,,,,,,,,,,,,,,,1607.7,1545.0
2022-04-10,2022,Fortaleza,Cuiaba,0.0,1.0,A,U,1.9,3.12,4.75,1,,,,,,,,,,,,,,,,,,,,,,,,1531.7,1524.5
2022-04-10,2022,Coritiba,Goias,3.0,0.0,H,O,1.87,3.26,4.63,1,,,,,,,,,,,,,,,,,,,,,,,,1426.2,1474.6
2022-04-10,2022,Botafogo RJ,Corinthians,1.0,3.0,A,O,2.57,3.0,2.98,1,,,,,,,,,,,,,,,,,,,,,,,,1399.3,1567.0
2022-04-10,2022,Avai,America MG,1.0,0.0,H,U,2.92,2.87,2.71,1,,,,,,,,,,,,,,,,,,,,,,,,1381.0,1535.6
2022-04-10,2022,Atletico-MG,Internacional,2.0,0.0,H,U,1.47,4.27,7.11,1,,,,,,,,,,,,,,,,,,,,,,,,1685.6,1542.2
2022-04-09,2022,Fluminense,Santos,0.0,0.0,D,U,1.76,3.38,5.19,1,,,,,,,,,,,,,,,,,,,,,,,,1561.6,1563.2
2022-04-09,2022,Atletico GO,Flamengo RJ,1.0,1.0,D,U,3.92,3.38,1.97,1,,,,,,,,,,,,,,,,,,,,,,,,1557.6,1660.7
2021-12-10,2021,Sport Recife,Athletico-PR,1.0,1.0,D,U,1.71,3.57,5.19,19,1.0,0.0,1.0,2.0,4.0,1.0,3.0,4.0,3.0,1.0,0.0,-2.0,2.0,0.0,0.0,0.0,0.0,0.0,0.0,27.8,38.9,27.8,61.1,1466.6,1527.7
2021-12-10,2021,Santos,Cuiaba,1.0,1.0,D,U,2.07,3.01,4.09,19,3.0,0.0,0.0,2.0,6.0,2.0,4.0,0.0,4.0,-4.0,6.0,-2.0,8.0,3.0,0.0,3.0,0.0,0.0,0.0,50.0,22.2,16.7,27.8,1564.4,1523.4
2021-12-10,2021,Palmeiras,Ceara,1.0,0.0,H,U,4.0,3.73,1.85,19,1.0,1.0,1.0,1.0,6.0,6.0,0.0,4.0,3.0,1.0,2.0,3.0,-1.0,1.0,1.0,0.0,1.0,0.0,1.0,55.6,27.8,5.6,38.9,1599.0,1553.7
2021-12-10,2021,Juventude,Corinthians,1.0,0.0,H,U,2.25,3.06,3.46,19,3.0,0.0,0.0,3.0,4.0,1.0,3.0,1.0,6.0,-5.0,3.0,-5.0,8.0,0.0,0.0,0.0,0.0,1.0,-1.0,44.4,22.2,27.8,33.3,1504.9,1579.1
2021-12-10,2021,Gremio,Atletico-MG,4.0,3.0,H,O,1.52,4.33,5.77,19,2.0,2.0,0.0,0.0,8.0,6.0,2.0,2.0,4.0,-2.0,6.0,2.0,4.0,2.0,0.0,2.0,0.0,0.0,0.0,38.9,27.8,50.0,22.2,1524.6,1700.2
2021-12-10,2021,Fortaleza,Bahia,2.0,1.0,H,O,2.45,3.2,2.94,19,2.0,0.0,1.0,3.0,2.0,1.0,1.0,4.0,6.0,-2.0,-2.0,-5.0,3.0,0.0,0.0,0.0,1.0,1.0,0.0,55.6,22.2,16.7,55.6,1522.4,1499.5
2021-12-10,2021,Fluminense,Chapecoense-SC,3.0,0.0,H,O,1.19,6.7,15.66,19,3.0,0.0,0.0,2.0,5.0,0.0,5.0,1.0,5.0,-4.0,4.0,-5.0,9.0,1.0,0.0,1.0,0.0,2.0,-2.0,55.6,16.7,5.6,61.1,1556.8,1358.1
2021-12-10,2021,Bragantino,Internacional,1.0,0.0,H,U,1.89,3.61,3.95,19,1.0,0.0,1.0,3.0,4.0,1.0,3.0,3.0,4.0,-1.0,1.0,-3.0,4.0,1.0,0.0,1.0,1.0,0.0,1.0,33.3,16.7,22.2,44.4,1548.0,1552.4
2021-12-10,2021,Atletico GO,Flamengo RJ,2.0,0.0,H,U,1.73,3.87,4.49,19,1.0,1.0,0.0,0.0,4.0,5.0,-1.0,3.0,4.0,-1.0,1.0,1.0,0.0,0.0,0.0,0.0,0.0,0.0,0.0,27.8,16.7,44.4,16.7,1544.0,1674.3
2021-12-10,2021,America MG,Sao Paulo,2.0,0.0,H,U,1.98,3.29,4.02,19,2.0,1.0,0.0,1.0,6.0,3.0,3.0,1.0,4.0,-3.0,5.0,-1.0,6.0,2.0,1.0,1.0,0.0,1.0,-1.0,44.4,22.2,22.2,44.4,1524.1,1575.3
2021-12-07,2021,Chapecoense-SC,Sport Recife,0.0,1.0,A,U,3.0,3.09,2.48,19,0.0,0.0,3.0,3.0,1.0,1.0,0.0,6.0,5.0,1.0,-5.0,-4.0,-1.0,0.0,0.0,0.0,2.0,1.0,1.0,0.0,66.7,16.7,61.1,1365.5,1459.2
2021-12-06,2021,Sao Paulo,Juventude,3.0,1.0,H,O,1.63,3.53,6.12,19,1.0,0.0,1.0,2.0,2.0,1.0,1.0,4.0,4.0,0.0,-2.0,-3.0,1.0,1.0,0.0,1.0,1.0,1.0,0.0,33.3,16.7,11.1,50.0,1566.8,1513.4
2021-12-06,2021,Internacional,Atletico GO,1.0,2.0,A,O,1.55,4.0,6.12,19,1.0,1.0,1.0,1.0,4.0,1.0,3.0,4.0,4.0,0.0,0.0,-3.0,3.0,0.0,0.0,0.0,0.0,1.0,-1.0,44.4,22.2,33.3,44.4,1563.2,1533.1
2021-12-06,2021,Flamengo RJ,Santos,0.0,1.0,A,U,1.51,4.53,5.77,19,3.0,0.0,0.0,1.0,6.0,1.0,5.0,1.0,3.0,-2.0,5.0,-2.0,7.0,1.0,0.0,1.0,0.0,1.0,-1.0,72.2,22.2,11.1,44.4,1688.0,1550.6
2021-12-06,2021,Cuiaba,Fortaleza,1.0,0.0,H,U,2.12,3.04,3.89,19,1.0,0.0,1.0,3.0,2.0,0.0,2.0,3.0,6.0,-3.0,-1.0,-6.0,5.0,0.0,0.0,0.0,1.0,2.0,-1.0,33.3,33.3,33.3,50.0,1512.8,1533.0
2021-12-06,2021,Athletico-PR,Palmeiras,0.0,0.0,D,U,1.42,4.43,7.67,19,2.0,1.0,1.0,2.0,3.0,4.0,-1.0,2.0,4.0,-2.0,1.0,0.0,1.0,0.0,1.0,-1.0,0.0,0.0,0.0,44.4,33.3,50.0,38.9,1525.6,1601.1
2021-12-05,2021,Corinthians,Gremio,1.0,1.0,D,U,2.27,3.31,3.13,19,3.0,1.0,0.0,2.0,6.0,5.0,1.0,2.0,7.0,-5.0,4.0,-2.0,6.0,1.0,1.0,0.0,0.0,2.0,-2.0,55.6,22.2,22.2,77.8,1580.7,1522.9
2021-12-05,2021,Ceara,America MG,0.0,0.0,D,U,2.13,3.18,3.62,19,3.0,1.0,0.0,1.0,5.0,4.0,1.0,2.0,5.0,-3.0,3.0,-1.0,4.0,0.0,0.0,0.0,0.0,1.0,-1.0,55.6,11.1,22.2,38.9,1554.7,1523.2
2021-12-05,2021,Bahia,Fluminense,2.0,0.0,H,U,2.05,3.13,3.96,19,1.0,0.0,1.0,3.0,5.0,1.0,4.0,4.0,4.0,0.0,1.0,-3.0,4.0,1.0,0.0,1.0,0.0,0.0,0.0,38.9,33.3,22.2,55.6,1487.2,1569.1
2021-12-05,2021,Atletico-MG,Bragantino,4.0,3.0,H,O,1.97,3.37,3.93,19,3.0,0.0,0.0,3.0,7.0,0.0,7.0,1.0,6.0,-5.0,6.0,-6.0,12.0,2.0,0.0,2.0,0.0,2.0,-2.0,88.9,5.6,38.9,33.3,1694.1,1554.2
2021-12-04,2021,Fortaleza,Juventude,1.0,0.0,H,U,1.7,3.5,5.23,18,1.0,1.0,1.0,1.0,2.0,3.0,-1.0,5.0,3.0,2.0,-3.0,0.0,-3.0,0.0,1.0,-1.0,1.0,1.0,0.0,52.9,23.5,11.8,47.1,1523.0,1523.4
2021-12-03,2021,Sport Recife,Flamengo RJ,1.0,1.0,D,U,4.65,3.76,1.71,18,2.0,2.0,1.0,0.0,5.0,8.0,-3.0,3.0,3.0,0.0,2.0,5.0,-3.0,1.0,1.0,0.0,0.0,0.0,0.0,29.4,41.2,47.1,17.6,1453.2,1694.0
2021-12-03,2021,Chapecoense-SC,Atletico GO,0.0,1.0,A,U,3.65,3.18,2.11,18,0.0,0.0,2.0,2.0,3.0,0.0,3.0,7.0,6.0,1.0,-4.0,-6.0,2.0,0.0,0.0,0.0,2.0,2.0,0.0,0.0,64.7,29.4,47.1,1371.3,1527.3
2021-12-03,2021,Athletico-PR,Cuiaba,1.0,0.0,H,U,1.72,3.2,5.86,18,1.0,0.0,1.0,2.0,4.0,2.0,2.0,4.0,4.0,0.0,0.0,-2.0,2.0,0.0,0.0,0.0,0.0,0.0,0.0,41.2,35.3,17.6,23.5,1515.4,1523.0
2021-12-02,2021,Gremio,Sao Paulo,3.0,0.0,H,O,2.2,3.16,3.46,18,2.0,1.0,0.0,1.0,6.0,3.0,3.0,2.0,2.0,0.0,4.0,1.0,3.0,1.0,1.0,0.0,0.0,0.0,0.0,35.3,29.4,23.5,41.2,1511.0,1578.8
2021-12-02,2021,Bahia,Atletico-MG,2.0,3.0,A,O,4.1,3.17,1.99,18,2.0,1.0,0.0,1.0,4.0,3.0,1.0,1.0,3.0,-2.0,3.0,0.0,3.0,1.0,0.0,1.0,0.0,0.0,0.0,41.2,29.4,47.1,23.5,1492.1,1689.2
2021-12-01,2021,Cuiaba,Palmeiras,1.0,3.0,A,O,1.73,3.47,5.1,18,2.0,1.0,0.0,2.0,2.0,3.0,-1.0,0.0,3.0,-3.0,2.0,0.0,2.0,0.0,1.0,-1.0,0.0,0.0,0.0,35.3,29.4,47.1,41.2,1531.2,1592.9
2021-12-01,2021,America MG,Chapecoense-SC,3.0,0.0,H,O,1.27,5.48,11.48,18,2.0,0.0,0.0,2.0,5.0,0.0,5.0,2.0,3.0,-1.0,3.0,-3.0,6.0,1.0,0.0,1.0,0.0,1.0,-1.0,41.2,23.5,5.9,58.8,1517.0,1377.5
2021-11-30,2021,Juventude,Bragantino,1.0,0.0,H,U,2.42,2.95,3.23,18,2.0,0.0,0.0,3.0,3.0,0.0,3.0,1.0,6.0,-5.0,2.0,-6.0,8.0,0.0,0.0,0.0,0.0,2.0,-2.0,41.2,23.5,41.2,29.4,1511.9,1565.7
2021-11-30,2021,Flamengo RJ,Ceara,2.0,1.0,H,O,1.43,4.57,6.88,18,3.0,1.0,0.0,1.0,6.0,6.0,0.0,0.0,3.0,-3.0,6.0,3.0,3.0,2.0,1.0,1.0,0.0,0.0,0.0,70.6,23.5,5.9,35.3,1687.5,1561.2
2021-11-29,2021,Atletico GO,Bahia,2.0,1.0,H,O,2.54,2.99,3.0,18,0.0,0.0,0.0,2.0,2.0,0.0,2.0,2.0,4.0,-2.0,0.0,-4.0,4.0,0.0,0.0,0.0,0.0,1.0,-1.0,23.5,17.6,17.6,52.9,1517.8,1501.6
2021-11-28,2021,Sao Paulo,Sport Recife,2.0,0.0,H,U,1.48,4.06,7.08,18,1.0,0.0,1.0,3.0,1.0,1.0,0.0,4.0,6.0,-2.0,-3.0,-5.0,2.0,0.0,0.0,0.0,1.0,1.0,0.0,29.4,17.6,17.6,58.8,1571.9,1460.1
2021-11-28,2021,Internacional,Santos,1.0,1.0,D,U,1.56,3.91,6.08,18,2.0,1.0,1.0,1.0,4.0,1.0,3.0,3.0,2.0,1.0,1.0,-1.0,2.0,0.0,0.0,0.0,0.0,1.0,-1.0,47.1,23.5,11.8,47.1,1563.6,1550.2
2021-11-28,2021,Corinthians,Athletico-PR,1.0,0.0,H,U,2.0,3.07,4.24,18,3.0,1.0,0.0,1.0,6.0,3.0,3.0,2.0,2.0,0.0,4.0,1.0,3.0,1.0,1.0,0.0,0.0,0.0,0.0,52.9,23.5,29.4,58.8,1572.1,1524.0
2021-11-28,2021,Atletico-MG,Fluminense,2.0,1.0,H,O,1.37,4.54,9.06,18,3.0,0.0,0.0,3.0,6.0,0.0,6.0,0.0,3.0,-3.0,6.0,-3.0,9.0,2.0,0.0,2.0,0.0,0.0,0.0,88.2,5.9,23.5,52.9,1682.2,1576.2
2021-11-27,2021,Bragantino,America MG,1.0,1.0,D,U,1.95,3.35,4.02,18,2.0,1.0,1.0,2.0,6.0,3.0,3.0,2.0,5.0,-3.0,4.0,-2.0,6.0,2.0,0.0,2.0,1.0,1.0,0.0,35.3,17.6,23.5,41.2,1567.2,1515.6
2021-11-26,2021,Bahia,Gremio,3.0,1.0,H,O,2.59,3.07,2.85,17,1.0,1.0,0.0,2.0,2.0,4.0,-2.0,1.0,5.0,-4.0,1.0,-1.0,2.0,0.0,1.0,-1.0,0.0,1.0,-1.0,37.5,31.2,23.5,76.5,1490.7,1521.9
2021-11-25,2021,Sao Paulo,Athletico-PR,0.0,0.0,D,U,1.84,3.22,4.79,17,2.0,1.0,1.0,2.0,2.0,3.0,-1.0,4.0,5.0,-1.0,-2.0,-2.0,0.0,0.0,1.0,-1.0,1.0,1.0,0.0,31.2,18.8,31.2,62.5,1573.3,1522.5
2021-11-25,2021,Santos,Fortaleza,2.0,0.0,H,U,2.74,2.98,2.78,18,2.0,0.0,1.0,3.0,4.0,1.0,3.0,2.0,6.0,-4.0,2.0,-5.0,7.0,2.0,0.0,2.0,1.0,1.0,0.0,47.1,23.5,35.3,47.1,1540.5,1532.7
2021-11-25,2021,Fluminense,Internacional,1.0,0.0,H,U,2.37,3.02,3.22,18,3.0,0.0,0.0,3.0,5.0,1.0,4.0,1.0,4.0,-3.0,4.0,-3.0,7.0,1.0,0.0,1.0,0.0,0.0,0.0,52.9,17.6,23.5,41.2,1565.9,1573.9
2021-11-25,2021,Ceara,Corinthians,2.0,1.0,H,O,2.36,3.05,3.22,18,3.0,0.0,0.0,2.0,4.0,2.0,2.0,1.0,6.0,-5.0,3.0,-4.0,7.0,0.0,0.0,0.0,0.0,1.0,-1.0,52.9,11.8,29.4,29.4,1550.2,1583.1
2021-11-24,2021,Palmeiras,Atletico-MG,2.0,2.0,D,O,4.59,3.54,1.78,18,2.0,1.0,1.0,2.0,6.0,2.0,4.0,3.0,3.0,0.0,3.0,-1.0,4.0,1.0,0.0,1.0,1.0,0.0,1.0,58.8,29.4,50.0,25.0,1590.2,1684.8
2021-11-24,2021,Gremio,Flamengo RJ,2.0,2.0,D,O,2.03,3.51,3.5,17,2.0,2.0,1.0,0.0,5.0,8.0,-3.0,3.0,3.0,0.0,2.0,5.0,-3.0,1.0,1.0,0.0,1.0,0.0,1.0,37.5,31.2,50.0,18.8,1517.3,1692.2
2021-11-23,2021,Atletico GO,Juventude,1.0,1.0,D,U,2.13,3.0,3.89,17,1.0,1.0,0.0,2.0,3.0,4.0,-1.0,1.0,5.0,-4.0,2.0,-1.0,3.0,1.0,1.0,0.0,0.0,1.0,-1.0,25.0,18.8,12.5,50.0,1518.0,1511.7
2021-11-21,2021,Internacional,Flamengo RJ,1.0,2.0,A,O,3.83,3.4,1.99,17,2.0,1.0,0.0,0.0,5.0,8.0,-3.0,3.0,4.0,-1.0,2.0,4.0,-2.0,0.0,1.0,-1.0,0.0,0.0,0.0,50.0,18.8,46.7,20.0,1580.9,1685.1
2021-11-21,2021,Fluminense,America MG,2.0,0.0,H,U,2.17,3.12,3.54,17,3.0,2.0,0.0,1.0,6.0,5.0,1.0,2.0,3.0,-1.0,4.0,2.0,2.0,1.0,1.0,0.0,0.0,0.0,0.0,50.0,18.8,25.0,37.5,1556.9,1524.6
2021-11-21,2021,Corinthians,Santos,2.0,0.0,H,U,1.74,3.29,5.56,17,3.0,1.0,0.0,0.0,5.0,1.0,4.0,2.0,0.0,2.0,3.0,1.0,2.0,0.0,0.0,0.0,0.0,0.0,0.0,50.0,25.0,12.5,43.8,1573.7,1549.8
2021-11-21,2021,Bahia,Cuiaba,0.0,0.0,D,U,1.86,3.23,4.65,16,2.0,0.0,0.0,3.0,5.0,3.0,2.0,1.0,6.0,-5.0,4.0,-3.0,7.0,1.0,0.0,1.0,0.0,0.0,0.0,40.0,33.3,18.8,25.0,1489.5,1532.5
2021-11-21,2021,Atletico GO,Ceara,1.0,1.0,D,U,2.27,3.07,3.36,16,2.0,1.0,0.0,1.0,4.0,6.0,-2.0,1.0,3.0,-2.0,3.0,3.0,0.0,1.0,1.0,0.0,0.0,0.0,0.0,26.7,20.0,6.2,37.5,1517.0,1551.2
2021-11-20,2021,Fortaleza,Palmeiras,1.0,0.0,H,U,2.62,3.08,2.82,17,1.0,2.0,1.0,1.0,4.0,6.0,-2.0,5.0,3.0,2.0,-1.0,3.0,-4.0,1.0,2.0,-1.0,1.0,0.0,1.0,50.0,25.0,50.0,37.5,1520.4,1602.6
2021-11-20,2021,Chapecoense-SC,Gremio,1.0,3.0,A,O,5.95,4.04,1.55,17,0.0,0.0,2.0,3.0,3.0,2.0,1.0,6.0,6.0,0.0,-3.0,-4.0,1.0,0.0,0.0,0.0,1.0,1.0,0.0,0.0,62.5,18.8,81.2,1384.0,1510.8
2021-11-20,2021,Atletico-MG,Juventude,2.0,0.0,H,U,1.32,4.93,9.82,17,3.0,1.0,0.0,2.0,6.0,5.0,1.0,1.0,6.0,-5.0,5.0,-1.0,6.0,1.0,1.0,0.0,0.0,1.0,-1.0,87.5,6.2,13.3,46.7,1679.2,1517.3
2021-11-19,2021,Sport Recife,Bahia,1.0,0.0,H,U,2.79,2.97,2.74,17,1.0,0.0,1.0,1.0,4.0,0.0,4.0,3.0,3.0,0.0,1.0,-3.0,4.0,1.0,0.0,1.0,0.0,1.0,-1.0,25.0,43.8,18.8,50.0,1448.6,1501.0
2021-11-18,2021,Flamengo RJ,Corinthians,1.0,0.0,H,U,1.9,3.35,4.31,17,3.0,0.0,0.0,2.0,6.0,2.0,4.0,0.0,6.0,-6.0,6.0,-4.0,10.0,2.0,0.0,2.0,0.0,1.0,-1.0,68.8,25.0,31.2,25.0,1677.8,1581.0
2021-11-17,2021,Santos,Chapecoense-SC,2.0,0.0,H,U,1.36,4.61,9.19,17,2.0,0.0,1.0,2.0,4.0,0.0,4.0,2.0,4.0,-2.0,2.0,-4.0,6.0,2.0,0.0,2.0,1.0,1.0,0.0,43.8,25.0,6.2,56.2,1543.9,1389.8
2021-11-17,2021,Palmeiras,Sao Paulo,0.0,2.0,A,U,2.14,3.27,3.51,17,3.0,0.0,0.0,2.0,7.0,1.0,6.0,1.0,3.0,-2.0,6.0,-2.0,8.0,1.0,0.0,1.0,0.0,0.0,0.0,62.5,25.0,18.8,43.8,1614.1,1561.8
2021-11-17,2021,Juventude,Fluminense,1.0,0.0,H,U,2.8,2.7,3.01,17,1.0,0.0,0.0,3.0,2.0,0.0,2.0,1.0,4.0,-3.0,1.0,-4.0,5.0,0.0,0.0,0.0,0.0,1.0,-1.0,37.5,25.0,25.0,50.0,1505.5,1568.7
2021-11-17,2021,Fortaleza,Ceara,0.0,4.0,A,O,2.42,2.97,3.2,16,2.0,0.0,0.0,1.0,5.0,2.0,3.0,1.0,3.0,-2.0,4.0,-1.0,5.0,1.0,0.0,1.0,0.0,0.0,0.0,53.3,20.0,0.0,40.0,1530.1,1541.5
2021-11-17,2021,Cuiaba,Internacional,1.0,0.0,H,U,2.6,2.98,2.97,17,2.0,0.0,0.0,3.0,2.0,1.0,1.0,0.0,4.0,-4.0,2.0,-3.0,5.0,0.0,0.0,0.0,0.0,0.0,0.0,31.2,31.2,25.0,37.5,1520.4,1593.0
2021-11-17,2021,America MG,Atletico GO,0.0,0.0,D,U,1.6,3.88,5.67,17,2.0,0.0,0.0,3.0,5.0,0.0,5.0,2.0,8.0,-6.0,3.0,-8.0,11.0,1.0,0.0,1.0,0.0,3.0,-3.0,43.8,25.0,31.2,50.0,1524.9,1516.8
2021-11-16,2021,Gremio,Bragantino,3.0,0.0,H,O,1.54,4.15,5.88,16,2.0,0.0,1.0,2.0,5.0,1.0,4.0,5.0,4.0,1.0,0.0,-3.0,3.0,0.0,0.0,0.0,1.0,1.0,0.0,33.3,33.3,43.8,25.0,1498.5,1579.5
2021-11-16,2021,Athletico-PR,Atletico-MG,0.0,1.0,A,U,6.48,4.07,1.51,17,1.0,0.0,1.0,2.0,4.0,3.0,1.0,4.0,5.0,-1.0,0.0,-2.0,2.0,0.0,0.0,0.0,0.0,0.0,0.0,43.8,31.2,46.7,26.7,1528.6,1673.1
2021-11-14,2021,Sao Paulo,Flamengo RJ,0.0,4.0,A,O,2.72,3.3,2.59,16,2.0,0.0,0.0,1.0,3.0,5.0,-2.0,1.0,7.0,-6.0,2.0,-2.0,4.0,0.0,0.0,0.0,0.0,1.0,-1.0,33.3,13.3,42.9,21.4,1569.0,1670.6
2021-11-14,2021,Fluminense,Palmeiras,2.0,1.0,H,O,3.16,3.11,2.36,16,2.0,3.0,0.0,0.0,4.0,7.0,-3.0,1.0,2.0,-1.0,3.0,5.0,-2.0,1.0,2.0,-1.0,0.0,0.0,0.0,46.7,20.0,53.3,33.3,1556.7,1626.0
2021-11-14,2021,Corinthians,Cuiaba,3.0,2.0,H,O,1.59,3.53,6.93,16,3.0,0.0,0.0,2.0,3.0,1.0,2.0,0.0,3.0,-3.0,3.0,-2.0,5.0,0.0,0.0,0.0,0.0,0.0,0.0,46.7,26.7,20.0,20.0,1572.3,1529.2
2021-11-14,2021,Chapecoense-SC,Juventude,0.0,2.0,A,U,3.31,3.1,2.3,16,0.0,0.0,1.0,3.0,4.0,4.0,0.0,5.0,9.0,-4.0,-1.0,-5.0,4.0,0.0,0.0,0.0,0.0,2.0,-2.0,0.0,60.0,7.1,50.0,1397.0,1498.4
2021-11-14,2021,Ceara,Sport Recife,2.0,1.0,H,O,1.77,3.35,5.05,17,2.0,0.0,1.0,3.0,3.0,1.0,2.0,2.0,6.0,-4.0,1.0,-5.0,6.0,0.0,0.0,0.0,0.0,1.0,-1.0,50.0,12.5,18.8,56.2,1533.7,1456.4
2021-11-13,2021,Internacional,Athletico-PR,2.0,1.0,H,O,2.15,3.06,3.75,16,1.0,1.0,0.0,1.0,4.0,3.0,1.0,3.0,4.0,-1.0,1.0,-1.0,2.0,0.0,1.0,-1.0,0.0,1.0,-1.0,46.7,20.0,33.3,60.0,1584.3,1537.2
2021-11-13,2021,Bragantino,Fortaleza,3.0,0.0,H,O,2.04,3.25,3.83,17,2.0,1.0,1.0,2.0,4.0,3.0,1.0,2.0,4.0,-2.0,2.0,-1.0,3.0,1.0,0.0,1.0,1.0,0.0,1.0,31.2,18.8,37.5,43.8,1570.4,1539.2
2021-11-13,2021,Atletico GO,Santos,0.0,0.0,D,U,2.09,3.17,3.77,15,2.0,1.0,1.0,1.0,4.0,2.0,2.0,3.0,3.0,0.0,1.0,-1.0,2.0,1.0,0.0,1.0,1.0,1.0,0.0,28.6,21.4,13.3,46.7,1515.9,1544.8
2021-11-13,2021,America MG,Gremio,3.0,1.0,H,O,2.09,3.21,3.69,16,2.0,0.0,0.0,3.0,4.0,1.0,3.0,2.0,5.0,-3.0,2.0,-4.0,6.0,0.0,0.0,0.0,0.0,1.0,-1.0,40.0,26.7,20.0,80.0,1515.1,1508.3
2021-11-11,2021,Sport Recife,America MG,2.0,3.0,A,O,2.97,3.03,2.54,16,2.0,1.0,0.0,2.0,3.0,3.0,0.0,0.0,4.0,-4.0,3.0,-1.0,4.0,1.0,1.0,0.0,0.0,1.0,-1.0,26.7,40.0,20.0,40.0,1465.2,1506.2
2021-11-11,2021,Juventude,Internacional,2.0,1.0,H,O,2.67,2.8,3.04,16,0.0,0.0,0.0,2.0,1.0,0.0,1.0,1.0,2.0,-1.0,0.0,-2.0,2.0,0.0,0.0,0.0,0.0,0.0,0.0,33.3,26.7,26.7,33.3,1485.3,1597.5
2021-11-11,2021,Fortaleza,Sao Paulo,1.0,1.0,D,U,2.62,2.97,2.91,15,2.0,0.0,1.0,2.0,4.0,0.0,4.0,3.0,2.0,1.0,1.0,-2.0,3.0,1.0,0.0,1.0,1.0,0.0,1.0,57.1,21.4,20.0,46.7,1538.3,1569.9
2021-11-11,2021,Flamengo RJ,Bahia,3.0,0.0,H,O,1.58,4.03,5.48,16,2.0,1.0,0.0,0.0,3.0,2.0,1.0,0.0,0.0,0.0,3.0,2.0,1.0,1.0,1.0,0.0,0.0,0.0,0.0,66.7,26.7,20.0,46.7,1664.9,1506.7
2021-11-10,2021,Santos,Bragantino,2.0,0.0,H,U,2.53,3.13,2.9,16,1.0,0.0,2.0,1.0,2.0,3.0,-1.0,4.0,4.0,0.0,-2.0,-1.0,-1.0,1.0,0.0,1.0,2.0,0.0,2.0,40.0,26.7,46.7,20.0,1533.4,1581.8
2021-11-10,2021,Palmeiras,Atletico GO,4.0,0.0,H,O,1.36,4.69,8.9,16,2.0,0.0,1.0,3.0,5.0,0.0,5.0,5.0,5.0,0.0,0.0,-5.0,5.0,0.0,0.0,0.0,1.0,2.0,-1.0,60.0,26.7,33.3,46.7,1618.7,1523.3
2021-11-10,2021,Gremio,Fluminense,1.0,0.0,H,U,2.36,2.92,3.4,15,1.0,1.0,1.0,2.0,6.0,1.0,5.0,7.0,3.0,4.0,-1.0,-2.0,1.0,0.0,0.0,0.0,1.0,1.0,0.0,28.6,35.7,26.7,46.7,1496.2,1568.7
2021-11-10,2021,Atletico-MG,Corinthians,3.0,0.0,H,O,1.55,3.65,7.1,16,3.0,0.0,0.0,2.0,5.0,2.0,3.0,2.0,4.0,-2.0,3.0,-2.0,5.0,0.0,0.0,0.0,0.0,0.0,0.0,86.7,6.7,33.3,20.0,1665.5,1579.8
2021-11-10,2021,Athletico-PR,Ceara,2.0,1.0,H,O,1.81,3.38,4.7,16,0.0,0.0,2.0,0.0,2.0,2.0,0.0,4.0,2.0,2.0,-2.0,0.0,-2.0,0.0,0.0,0.0,0.0,0.0,0.0,40.0,33.3,0.0,35.7,1526.7,1544.2
2021-11-08,2021,Chapecoense-SC,Flamengo RJ,2.0,2.0,D,O,8.18,4.87,1.36,15,0.0,1.0,1.0,1.0,4.0,6.0,-2.0,5.0,5.0,0.0,-1.0,1.0,-2.0,0.0,1.0,-1.0,0.0,1.0,-1.0,0.0,64.3,46.2,23.1,1390.3,1671.6
2021-11-07,2021,Santos,Palmeiras,0.0,2.0,A,U,3.73,3.25,2.08,15,2.0,2.0,1.0,0.0,3.0,5.0,-2.0,2.0,2.0,0.0,1.0,3.0,-2.0,1.0,1.0,0.0,1.0,0.0,1.0,42.9,21.4,50.0,35.7,1541.4,1610.7
2021-11-07,2021,Fluminense,Sport Recife,1.0,0.0,H,U,1.72,3.27,5.74,15,1.0,0.0,1.0,3.0,3.0,1.0,2.0,3.0,6.0,-3.0,0.0,-5.0,5.0,1.0,0.0,1.0,1.0,1.0,0.0,42.9,21.4,20.0,53.3,1561.2,1472.7
2021-11-07,2021,Ceara,Cuiaba,1.0,0.0,H,U,1.94,3.14,4.49,16,1.0,0.0,1.0,1.0,4.0,3.0,1.0,4.0,4.0,0.0,0.0,-1.0,1.0,0.0,0.0,0.0,0.0,0.0,0.0,46.7,13.3,21.4,14.3,1534.1,1539.3
2021-11-07,2021,Bragantino,Athletico-PR,0.0,2.0,A,U,2.15,3.15,3.61,16,3.0,1.0,0.0,1.0,5.0,3.0,2.0,0.0,4.0,-4.0,5.0,-1.0,6.0,1.0,1.0,0.0,0.0,1.0,-1.0,33.3,13.3,28.6,64.3,1594.0,1514.5
2021-11-07,2021,Bahia,Sao Paulo,1.0,0.0,H,U,2.98,3.06,2.52,15,1.0,0.0,0.0,1.0,4.0,1.0,3.0,1.0,2.0,-1.0,3.0,-1.0,4.0,1.0,0.0,1.0,0.0,0.0,0.0,35.7,35.7,21.4,42.9,1494.2,1582.4
2021-11-07,2021,Atletico-MG,America MG,1.0,0.0,H,U,1.65,3.68,5.49,15,3.0,1.0,0.0,1.0,7.0,4.0,3.0,3.0,4.0,-1.0,4.0,0.0,4.0,1.0,1.0,0.0,0.0,1.0,-1.0,85.7,7.1,21.4,35.7,1659.5,1512.2
2021-11-06,2021,Internacional,Gremio,1.0,0.0,H,U,2.3,3.0,3.44,15,1.0,0.0,0.0,3.0,6.0,1.0,5.0,4.0,5.0,-1.0,2.0,-4.0,6.0,1.0,0.0,1.0,0.0,1.0,-1.0,42.9,21.4,21.4,78.6,1589.9,1503.8
2021-11-06,2021,Flamengo RJ,Atletico GO,2.0,0.0,H,U,1.33,5.13,8.8,15,2.0,0.0,0.0,2.0,4.0,0.0,4.0,1.0,3.0,-2.0,3.0,-3.0,6.0,1.0,0.0,1.0,0.0,1.0,-1.0,64.3,28.6,35.7,42.9,1665.3,1529.5
2021-11-06,2021,Corinthians,Fortaleza,1.0,0.0,H,U,1.81,3.34,4.9,15,3.0,2.0,0.0,1.0,5.0,5.0,0.0,1.0,3.0,-2.0,4.0,2.0,2.0,1.0,1.0,0.0,0.0,0.0,0.0,42.9,28.6,40.0,40.0,1570.5,1547.6
2021-11-05,2021,Cuiaba,Chapecoense-SC,0.0,0.0,D,U,1.68,3.44,5.67,16,2.0,0.0,0.0,3.0,2.0,2.0,0.0,0.0,9.0,-9.0,2.0,-7.0,9.0,0.0,0.0,0.0,0.0,2.0,-2.0,33.3,33.3,6.7,60.0,1543.6,1386.0
2021-11-04,2021,Atletico-MG,Gremio,2.0,1.0,H,O,1.42,4.45,7.53,14,3.0,0.0,0.0,3.0,8.0,0.0,8.0,3.0,4.0,-1.0,5.0,-4.0,9.0,2.0,0.0,2.0,0.0,1.0,-1.0,84.6,7.7,23.1,76.9,1653.4,1509.9
2021-11-02,2021,Corinthians,Chapecoense-SC,1.0,0.0,H,U,1.37,4.55,8.59,14,3.0,0.0,0.0,3.0,6.0,2.0,4.0,2.0,9.0,-7.0,4.0,-7.0,11.0,1.0,0.0,1.0,0.0,2.0,-2.0,38.5,30.8,7.1,57.1,1565.1,1391.4
2021-11-02,2021,Athletico-PR,Flamengo RJ,2.0,2.0,D,O,3.27,3.2,2.24,15,0.0,1.0,3.0,1.0,0.0,5.0,-5.0,4.0,4.0,0.0,-4.0,1.0,-5.0,0.0,1.0,-1.0,1.0,1.0,0.0,42.9,35.7,50.0,25.0,1510.2,1669.6
2021-11-01,2021,Cuiaba,Bragantino,1.0,0.0,H,U,2.5,2.97,3.03,15,1.0,1.0,1.0,0.0,1.0,7.0,-6.0,2.0,5.0,-3.0,-1.0,2.0,-3.0,0.0,1.0,-1.0,1.0,0.0,1.0,28.6,35.7,50.0,14.3,1531.5,1606.1
2021-10-31,2021,Sport Recife,Atletico GO,2.0,0.0,H,U,2.43,2.85,3.27,15,2.0,1.0,0.0,1.0,4.0,3.0,1.0,1.0,1.0,0.0,3.0,2.0,1.0,1.0,1.0,0.0,0.0,0.0,0.0,21.4,42.9,38.5,38.5,1460.4,1541.8
2021-10-31,2021,Sao Paulo,Internacional,1.0,0.0,H,U,1.75,3.52,4.88,15,1.0,0.0,0.0,2.0,3.0,0.0,3.0,2.0,2.0,0.0,1.0,-2.0,3.0,0.0,0.0,0.0,0.0,0.0,0.0,28.6,14.3,28.6,28.6,1571.5,1600.7
2021-10-31,2021,Gremio,Palmeiras,1.0,3.0,A,O,2.85,3.19,2.5,14,1.0,1.0,1.0,1.0,6.0,3.0,3.0,6.0,3.0,3.0,0.0,0.0,0.0,0.0,0.0,0.0,0.0,0.0,0.0,30.8,30.8,46.2,38.5,1517.5,1603.1
2021-10-31,2021,Ceara,Fluminense,1.0,0.0,H,U,2.3,2.99,3.39,15,0.0,1.0,1.0,2.0,3.0,1.0,2.0,4.0,3.0,1.0,-1.0,-2.0,1.0,0.0,0.0,0.0,0.0,1.0,-1.0,42.9,14.3,28.6,42.9,1522.6,1572.7
2021-10-31,2021,America MG,Fortaleza,2.0,1.0,H,O,2.08,2.99,3.7,15,1.0,3.0,0.0,0.0,3.0,5.0,-2.0,2.0,1.0,1.0,1.0,4.0,-3.0,0.0,1.0,-1.0,0.0,0.0,0.0,35.7,28.6,42.9,35.7,1500.6,1559.3
2021-10-30,2021,Juventude,Bahia,0.0,0.0,D,U,2.42,2.9,3.27,15,1.0,1.0,0.0,1.0,4.0,3.0,1.0,1.0,3.0,-2.0,3.0,0.0,3.0,1.0,1.0,0.0,0.0,1.0,-1.0,35.7,28.6,21.4,50.0,1485.0,1494.5
2021-10-30,2021,Flamengo RJ,Atletico-MG,1.0,0.0,H,U,2.25,3.25,3.23,14,2.0,0.0,0.0,1.0,6.0,3.0,3.0,1.0,4.0,-3.0,5.0,-1.0,6.0,2.0,0.0,2.0,0.0,0.0,0.0,61.5,30.8,50.0,21.4,1659.5,1663.5
2021-10-30,2021,Athletico-PR,Santos,0.0,1.0,A,U,1.8,3.38,4.65,14,1.0,0.0,2.0,1.0,4.0,2.0,2.0,5.0,4.0,1.0,-1.0,-2.0,1.0,1.0,0.0,1.0,1.0,1.0,0.0,46.2,30.8,7.1,50.0,1519.9,1531.8
2021-10-28,2021,Bragantino,Sport Recife,3.0,0.0,H,O,1.47,4.12,7.11,15,2.0,1.0,0.0,2.0,3.0,3.0,0.0,1.0,4.0,-3.0,2.0,-1.0,3.0,0.0,0.0,0.0,0.0,0.0,0.0,28.6,14.3,21.4,50.0,1599.8,1466.8
2021-10-27,2021,Santos,Fluminense,2.0,0.0,H,U,2.54,2.93,3.03,14,1.0,1.0,1.0,1.0,1.0,3.0,-2.0,2.0,3.0,-1.0,-1.0,0.0,-1.0,0.0,0.0,0.0,1.0,0.0,1.0,38.5,23.1,30.8,38.5,1519.9,1584.5
2021-10-27,2021,Bahia,Ceara,1.0,1.0,D,U,2.05,3.21,3.75,14,1.0,0.0,0.0,1.0,4.0,2.0,2.0,1.0,4.0,-3.0,3.0,-2.0,5.0,1.0,0.0,1.0,0.0,1.0,-1.0,38.5,38.5,0.0,38.5,1493.6,1523.5
2021-10-26,2021,Palmeiras,Sport Recife,2.0,1.0,H,O,1.36,4.64,8.6,15,1.0,1.0,1.0,2.0,4.0,2.0,2.0,5.0,5.0,0.0,-1.0,-3.0,2.0,0.0,0.0,0.0,1.0,1.0,0.0,57.1,28.6,23.1,46.2,1596.5,1473.4
2021-10-26,2021,Atletico GO,Gremio,2.0,0.0,H,U,2.77,3.0,2.68,14,1.0,0.0,1.0,3.0,2.0,2.0,0.0,3.0,6.0,-3.0,-1.0,-4.0,3.0,0.0,0.0,0.0,1.0,1.0,0.0,23.1,23.1,25.0,75.0,1532.0,1527.3
2021-10-25,2021,Bahia,Chapecoense-SC,3.0,0.0,H,O,1.46,4.27,6.82,13,1.0,1.0,0.0,2.0,5.0,4.0,1.0,3.0,7.0,-4.0,2.0,-3.0,5.0,1.0,0.0,1.0,0.0,1.0,-1.0,33.3,41.7,7.7,53.8,1486.1,1399.0
2021-10-24,2021,Internacional,Corinthians,2.0,2.0,D,O,2.13,3.06,3.71,14,2.0,0.0,0.0,2.0,9.0,2.0,7.0,4.0,4.0,0.0,5.0,-2.0,7.0,2.0,0.0,2.0,0.0,0.0,0.0,46.2,23.1,35.7,21.4,1601.8,1564.0
2021-10-24,2021,Bragantino,Sao Paulo,1.0,0.0,H,U,2.68,3.06,2.7,14,1.0,0.0,0.0,1.0,4.0,2.0,2.0,3.0,3.0,0.0,1.0,-1.0,2.0,0.0,0.0,0.0,0.0,0.0,0.0,23.1,15.4,23.1,38.5,1590.0,1581.3
2021-10-24,2021,Atletico-MG,Cuiaba,2.0,1.0,H,O,1.27,5.28,11.18,13,3.0,0.0,0.0,0.0,7.0,2.0,5.0,2.0,2.0,0.0,5.0,0.0,5.0,2.0,0.0,2.0,0.0,0.0,0.0,83.3,8.3,23.1,7.7,1656.8,1538.2
2021-10-23,2021,Santos,America MG,0.0,2.0,A,U,2.37,3.03,3.18,13,1.0,1.0,1.0,1.0,1.0,4.0,-3.0,4.0,4.0,0.0,-3.0,0.0,-3.0,0.0,1.0,-1.0,1.0,1.0,0.0,41.7,16.7,15.4,38.5,1531.1,1489.4
2021-10-23,2021,Juventude,Ceara,0.0,0.0,D,U,2.75,2.86,2.83,14,1.0,0.0,1.0,2.0,5.0,2.0,3.0,3.0,6.0,-3.0,2.0,-4.0,6.0,1.0,0.0,1.0,0.0,2.0,-2.0,38.5,30.8,0.0,41.7,1483.8,1524.7
2021-10-23,2021,Fortaleza,Athletico-PR,3.0,0.0,H,O,1.55,3.77,6.38,14,1.0,1.0,2.0,1.0,1.0,3.0,-2.0,6.0,4.0,2.0,-5.0,-1.0,-4.0,0.0,1.0,-1.0,2.0,1.0,1.0,53.8,23.1,30.8,61.5,1549.9,1529.3
2021-10-23,2021,Fluminense,Flamengo RJ,3.0,1.0,H,O,4.69,3.28,1.83,14,1.0,1.0,1.0,0.0,2.0,5.0,-3.0,3.0,2.0,1.0,-1.0,3.0,-4.0,0.0,1.0,-1.0,1.0,0.0,1.0,38.5,23.1,54.5,18.2,1571.7,1672.3
2021-10-22,2021,Internacional,Bragantino,1.0,1.0,D,U,1.84,3.48,4.26,13,3.0,1.0,0.0,1.0,10.0,7.0,3.0,3.0,6.0,-3.0,7.0,1.0,6.0,3.0,1.0,2.0,0.0,0.0,0.0,50.0,25.0,53.8,15.4,1602.2,1589.7
2021-10-20,2021,Ceara,Palmeiras,1.0,2.0,A,O,3.05,3.13,2.39,14,1.0,0.0,0.0,2.0,3.0,2.0,1.0,2.0,4.0,-2.0,1.0,-2.0,3.0,0.0,0.0,0.0,0.0,0.0,0.0,46.2,7.7,41.7,41.7,1533.1,1588.1
2021-10-19,2021,Sao Paulo,Corinthians,1.0,0.0,H,U,2.09,3.02,3.94,14,0.0,0.0,0.0,1.0,2.0,3.0,-1.0,2.0,4.0,-2.0,0.0,-1.0,1.0,0.0,0.0,0.0,0.0,0.0,0.0,23.1,15.4,38.5,15.4,1571.2,1574.1
2021-10-18,2021,Sport Recife,Santos,0.0,0.0,D,U,2.55,2.89,3.02,14,2.0,0.0,1.0,2.0,4.0,2.0,2.0,2.0,7.0,-5.0,2.0,-5.0,7.0,1.0,0.0,1.0,0.0,2.0,-2.0,23.1,46.2,7.7,53.8,1471.6,1532.9
2021-10-18,2021,Flamengo RJ,Cuiaba,0.0,0.0,D,U,1.26,5.62,10.94,13,2.0,1.0,1.0,0.0,6.0,4.0,2.0,2.0,3.0,-1.0,4.0,1.0,3.0,2.0,0.0,2.0,0.0,0.0,0.0,66.7,33.3,25.0,8.3,1676.2,1534.3
2021-10-17,2021,Palmeiras,Internacional,1.0,0.0,H,U,1.75,3.61,4.65,14,0.0,1.0,2.0,1.0,4.0,1.0,3.0,8.0,1.0,7.0,-4.0,0.0,-4.0,0.0,0.0,0.0,2.0,0.0,2.0,53.8,30.8,30.8,23.1,1577.0,1613.2
2021-10-17,2021,Gremio,Juventude,3.0,2.0,H,O,1.73,3.3,5.42,13,1.0,0.0,1.0,2.0,5.0,3.0,2.0,4.0,7.0,-3.0,1.0,-4.0,5.0,1.0,0.0,1.0,0.0,2.0,-2.0,25.0,33.3,7.7,46.2,1518.0,1493.1
2021-10-17,2021,Ceara,Bragantino,2.0,2.0,D,O,2.15,3.17,3.51,13,1.0,1.0,0.0,1.0,1.0,6.0,-5.0,0.0,5.0,-5.0,1.0,1.0,0.0,0.0,1.0,-1.0,0.0,0.0,0.0,50.0,8.3,58.3,16.7,1531.4,1591.4
2021-10-17,2021,Atletico GO,Atletico-MG,2.0,1.0,H,O,4.89,3.36,1.77,13,0.0,1.0,1.0,0.0,1.0,4.0,-3.0,3.0,2.0,1.0,-2.0,2.0,-4.0,0.0,1.0,-1.0,1.0,0.0,1.0,16.7,25.0,53.8,15.4,1517.8,1671.0
2021-10-17,2021,Athletico-PR,Fluminense,0.0,1.0,A,U,2.46,2.94,3.11,13,2.0,1.0,1.0,1.0,6.0,4.0,2.0,5.0,4.0,1.0,1.0,0.0,1.0,1.0,0.0,1.0,1.0,0.0,1.0,50.0,25.0,25.0,41.7,1538.6,1562.4
2021-10-17,2021,America MG,Bahia,0.0,0.0,D,U,2.01,3.26,3.8,14,2.0,1.0,0.0,2.0,5.0,3.0,2.0,2.0,5.0,-3.0,3.0,-2.0,5.0,1.0,1.0,0.0,0.0,2.0,-2.0,38.5,30.8,23.1,53.8,1489.5,1486.0
2021-10-16,2021,Chapecoense-SC,Fortaleza,1.0,2.0,A,O,4.89,3.58,1.72,14,0.0,2.0,0.0,1.0,4.0,3.0,1.0,4.0,1.0,3.0,0.0,2.0,-2.0,0.0,1.0,-1.0,0.0,0.0,0.0,0.0,61.5,38.5,38.5,1405.2,1543.7
2021-10-14,2021,Sao Paulo,Ceara,1.0,1.0,D,U,1.68,3.45,5.38,13,0.0,0.0,0.0,3.0,1.0,1.0,0.0,1.0,7.0,-6.0,0.0,-6.0,6.0,0.0,0.0,0.0,0.0,3.0,-3.0,25.0,16.7,0.0,45.5,1572.4,1530.2
2021-10-14,2021,Internacional,America MG,3.0,1.0,H,O,1.92,3.32,4.02,12,3.0,1.0,0.0,0.0,8.0,3.0,5.0,2.0,1.0,1.0,6.0,2.0,4.0,2.0,1.0,1.0,0.0,0.0,0.0,45.5,27.3,16.7,33.3,1606.3,1496.4
2021-10-14,2021,Fortaleza,Gremio,1.0,0.0,H,U,1.84,3.34,4.44,13,0.0,1.0,3.0,2.0,0.0,3.0,-3.0,8.0,5.0,3.0,-8.0,-2.0,-6.0,0.0,0.0,0.0,3.0,1.0,2.0,50.0,25.0,27.3,72.7,1533.9,1527.9
2021-10-14,2021,Cuiaba,Sport Recife,1.0,0.0,H,U,2.11,2.92,4.03,14,0.0,1.0,1.0,1.0,2.0,2.0,0.0,4.0,4.0,0.0,-2.0,-2.0,0.0,0.0,0.0,0.0,1.0,1.0,0.0,23.1,38.5,25.0,41.7,1525.6,1480.3
2021-10-14,2021,Corinthians,Fluminense,1.0,0.0,H,U,1.94,3.12,4.38,13,2.0,1.0,0.0,1.0,6.0,6.0,0.0,3.0,7.0,-4.0,3.0,-1.0,4.0,1.0,0.0,1.0,0.0,1.0,-1.0,33.3,33.3,27.3,36.4,1563.9,1572.6
2021-10-13,2021,Flamengo RJ,Juventude,3.0,1.0,H,O,1.35,4.68,8.95,12,2.0,0.0,1.0,2.0,5.0,3.0,2.0,1.0,6.0,-5.0,4.0,-3.0,7.0,2.0,0.0,2.0,0.0,1.0,-1.0,63.6,36.4,8.3,41.7,1670.8,1498.5
2021-10-13,2021,Chapecoense-SC,Athletico-PR,1.0,1.0,D,U,3.92,3.29,1.97,13,0.0,1.0,1.0,2.0,3.0,2.0,1.0,5.0,5.0,0.0,-2.0,-3.0,1.0,0.0,1.0,-1.0,1.0,2.0,-1.0,0.0,66.7,33.3,66.7,1401.3,1542.4
2021-10-13,2021,Bahia,Palmeiras,0.0,0.0,D,U,3.07,3.24,2.31,12,1.0,1.0,1.0,2.0,6.0,4.0,2.0,5.0,4.0,1.0,1.0,0.0,1.0,1.0,1.0,0.0,0.0,0.0,0.0,36.4,45.5,45.5,45.5,1483.3,1579.7
2021-10-13,2021,Atletico-MG,Santos,3.0,1.0,H,O,1.43,4.27,7.51,12,3.0,0.0,0.0,1.0,7.0,1.0,6.0,1.0,4.0,-3.0,6.0,-3.0,9.0,2.0,0.0,2.0,0.0,1.0,-1.0,81.8,9.1,8.3,50.0,1664.4,1539.4
2021-10-12,2021,Cuiaba,Sao Paulo,0.0,0.0,D,U,3.67,2.97,2.19,13,1.0,0.0,1.0,1.0,4.0,3.0,1.0,5.0,4.0,1.0,-1.0,-1.0,0.0,0.0,0.0,0.0,1.0,0.0,1.0,25.0,41.7,25.0,41.7,1524.2,1573.8
2021-10-12,2021,Bragantino,Atletico GO,1.0,0.0,H,U,1.74,3.46,4.87,13,0.0,1.0,1.0,1.0,4.0,4.0,0.0,5.0,2.0,3.0,-1.0,2.0,-3.0,0.0,1.0,-1.0,0.0,0.0,0.0,16.7,16.7,41.7,33.3,1583.0,1526.2
2021-10-10,2021,Santos,Gremio,1.0,0.0,H,U,2.65,3.01,2.82,12,0.0,2.0,1.0,1.0,2.0,4.0,-2.0,6.0,4.0,2.0,-4.0,0.0,-4.0,0.0,0.0,0.0,1.0,1.0,0.0,36.4,18.2,30.0,70.0,1529.2,1538.1
2021-10-10,2021,Palmeiras,Bragantino,2.0,4.0,A,O,1.82,3.54,4.35,13,1.0,1.0,1.0,1.0,4.0,4.0,0.0,5.0,3.0,2.0,-1.0,1.0,-2.0,0.0,1.0,-1.0,1.0,0.0,1.0,58.3,25.0,54.5,18.2,1590.2,1572.5
2021-10-10,2021,Juventude,America MG,1.0,1.0,D,U,3.03,2.78,2.68,13,1.0,1.0,1.0,0.0,5.0,3.0,2.0,3.0,1.0,2.0,2.0,2.0,0.0,1.0,1.0,0.0,0.0,0.0,0.0,41.7,33.3,18.2,36.4,1498.6,1496.3
2021-10-10,2021,Internacional,Chapecoense-SC,5.0,2.0,H,O,1.4,4.55,7.82,11,3.0,1.0,0.0,1.0,7.0,2.0,5.0,2.0,2.0,0.0,5.0,0.0,5.0,2.0,0.0,2.0,0.0,0.0,0.0,40.0,30.0,8.3,50.0,1601.4,1406.2
2021-10-09,2021,Sport Recife,Corinthians,1.0,0.0,H,U,4.02,2.83,2.17,13,1.0,1.0,2.0,0.0,3.0,4.0,-1.0,3.0,3.0,0.0,0.0,1.0,-1.0,1.0,0.0,1.0,0.0,0.0,0.0,16.7,50.0,41.7,8.3,1467.3,1576.9
2021-10-09,2021,Fortaleza,Flamengo RJ,0.0,3.0,A,O,3.0,3.11,2.46,12,0.0,1.0,2.0,0.0,0.0,5.0,-5.0,5.0,3.0,2.0,-5.0,2.0,-7.0,0.0,1.0,-1.0,2.0,0.0,2.0,54.5,18.2,50.0,20.0,1540.4,1664.2
2021-10-09,2021,Fluminense,Atletico GO,0.0,0.0,D,U,1.92,3.12,4.52,13,2.0,2.0,1.0,1.0,4.0,6.0,-2.0,4.0,3.0,1.0,0.0,3.0,-3.0,0.0,1.0,-1.0,1.0,0.0,1.0,41.7,25.0,45.5,36.4,1574.0,1524.8
2021-10-09,2021,Atletico-MG,Ceara,3.0,1.0,H,O,1.49,3.96,7.18,11,3.0,0.0,0.0,3.0,6.0,1.0,5.0,0.0,7.0,-7.0,6.0,-6.0,12.0,2.0,0.0,2.0,0.0,3.0,-3.0,80.0,10.0,0.0,40.0,1657.8,1536.8
2021-10-09,2021,Athletico-PR,Bahia,0.0,2.0,A,U,1.66,3.67,5.26,12,2.0,0.0,0.0,2.0,6.0,1.0,5.0,3.0,5.0,-2.0,3.0,-4.0,7.0,1.0,0.0,1.0,0.0,2.0,-2.0,54.5,18.2,16.7,58.3,1554.8,1470.9
2021-10-07,2021,Sao Paulo,Santos,1.0,1.0,D,U,1.7,3.52,5.2,12,1.0,0.0,0.0,2.0,2.0,1.0,1.0,1.0,5.0,-4.0,1.0,-4.0,5.0,0.0,0.0,0.0,0.0,1.0,-1.0,27.3,18.2,9.1,54.5,1575.2,1527.8
2021-10-07,2021,Gremio,Cuiaba,2.0,2.0,D,O,1.53,3.73,6.85,12,1.0,1.0,2.0,0.0,3.0,2.0,1.0,3.0,1.0,2.0,0.0,1.0,-1.0,1.0,0.0,1.0,0.0,0.0,0.0,27.3,36.4,27.3,9.1,1538.5,1523.8
2021-10-07,2021,Fluminense,Fortaleza,0.0,2.0,A,U,2.37,3.03,3.15,12,2.0,1.0,0.0,2.0,5.0,3.0,2.0,3.0,5.0,-2.0,2.0,-2.0,4.0,0.0,0.0,0.0,0.0,1.0,-1.0,45.5,18.2,33.3,41.7,1585.7,1528.8
2021-10-07,2021,Bragantino,Flamengo RJ,1.0,1.0,D,U,3.1,3.31,2.27,12,0.0,2.0,1.0,0.0,4.0,8.0,-4.0,5.0,2.0,3.0,-1.0,6.0,-7.0,0.0,2.0,-2.0,0.0,0.0,0.0,18.2,18.2,55.6,22.2,1569.8,1666.9
2021-10-07,2021,America MG,Palmeiras,2.0,1.0,H,O,2.67,3.02,2.76,13,2.0,1.0,0.0,2.0,5.0,3.0,2.0,1.0,4.0,-3.0,4.0,-1.0,5.0,2.0,1.0,1.0,0.0,1.0,-1.0,33.3,33.3,50.0,40.0,1483.0,1603.6
2021-10-06,2021,Sport Recife,Juventude,3.0,1.0,H,O,2.48,2.73,3.34,12,0.0,0.0,2.0,1.0,0.0,3.0,-3.0,2.0,4.0,-2.0,-2.0,-1.0,-1.0,0.0,0.0,0.0,0.0,0.0,0.0,9.1,54.5,9.1,36.4,1455.7,1510.1
2021-10-06,2021,Corinthians,Bahia,3.0,1.0,H,O,1.63,3.53,5.91,12,1.0,0.0,0.0,2.0,4.0,0.0,4.0,3.0,4.0,-1.0,1.0,-4.0,5.0,0.0,0.0,0.0,0.0,2.0,-2.0,27.3,36.4,18.2,54.5,1569.5,1478.3
2021-10-06,2021,Chapecoense-SC,Atletico-MG,2.0,2.0,D,O,7.05,4.15,1.45,12,0.0,1.0,2.0,0.0,2.0,3.0,-1.0,5.0,1.0,4.0,-3.0,2.0,-5.0,0.0,1.0,-1.0,1.0,0.0,1.0,0.0,72.7,58.3,16.7,1399.8,1664.2
2021-10-06,2021,Ceara,Internacional,0.0,0.0,D,U,2.4,2.94,3.22,12,1.0,1.0,0.0,1.0,2.0,1.0,1.0,1.0,1.0,0.0,1.0,0.0,1.0,0.0,0.0,0.0,0.0,0.0,0.0,54.5,9.1,33.3,25.0,1534.9,1603.3
2021-10-06,2021,Atletico GO,Athletico-PR,0.0,2.0,A,U,2.65,2.88,2.89,12,0.0,0.0,0.0,3.0,1.0,1.0,0.0,1.0,7.0,-6.0,0.0,-6.0,6.0,0.0,0.0,0.0,0.0,2.0,-2.0,18.2,18.2,27.3,72.7,1534.5,1545.1
2021-10-04,2021,Gremio,Sport Recife,1.0,2.0,A,O,1.43,4.11,8.09,11,2.0,0.0,1.0,2.0,4.0,0.0,4.0,1.0,5.0,-4.0,3.0,-5.0,8.0,2.0,0.0,2.0,0.0,2.0,-2.0,30.0,30.0,18.2,45.5,1551.6,1442.7
2021-10-03,2021,Palmeiras,Juventude,1.0,1.0,D,U,1.41,4.31,8.17,12,1.0,0.0,2.0,1.0,3.0,3.0,0.0,6.0,4.0,2.0,-3.0,-1.0,-2.0,0.0,0.0,0.0,2.0,0.0,2.0,63.6,27.3,10.0,40.0,1606.3,1507.3
2021-10-03,2021,Flamengo RJ,Athletico-PR,3.0,0.0,H,O,1.2,6.68,12.46,11,1.0,0.0,2.0,3.0,2.0,1.0,1.0,5.0,5.0,0.0,-3.0,-4.0,1.0,1.0,0.0,1.0,1.0,1.0,0.0,60.0,40.0,30.0,70.0,1659.9,1552.1
2021-10-03,2021,Chapecoense-SC,Sao Paulo,1.0,1.0,D,U,4.29,3.3,1.9,11,0.0,1.0,2.0,1.0,2.0,3.0,-1.0,5.0,3.0,2.0,-3.0,0.0,-3.0,0.0,0.0,0.0,1.0,0.0,1.0,0.0,80.0,27.3,45.5,1394.9,1580.1
2021-10-03,2021,Atletico-MG,Internacional,1.0,0.0,H,U,1.58,3.89,5.93,10,3.0,1.0,0.0,0.0,7.0,3.0,4.0,0.0,2.0,-2.0,7.0,1.0,6.0,3.0,0.0,3.0,0.0,0.0,0.0,77.8,11.1,36.4,18.2,1655.4,1612.1
2021-10-02,2021,Fortaleza,Atletico GO,0.0,3.0,A,O,1.61,3.74,5.8,11,0.0,1.0,1.0,1.0,1.0,3.0,-2.0,3.0,3.0,0.0,-2.0,0.0,-2.0,0.0,0.0,0.0,1.0,0.0,1.0,60.0,10.0,40.0,40.0,1539.3,1524.1
2021-10-02,2021,Cuiaba,America MG,0.0,2.0,A,U,2.88,2.91,2.7,12,1.0,0.0,1.0,0.0,4.0,2.0,2.0,4.0,2.0,2.0,0.0,0.0,0.0,0.0,0.0,0.0,0.0,0.0,0.0,27.3,36.4,10.0,40.0,1535.6,1471.2
2021-10-02,2021,Bragantino,Corinthians,2.0,2.0,D,O,2.88,2.97,2.65,11,0.0,2.0,2.0,0.0,3.0,3.0,0.0,5.0,1.0,4.0,-2.0,2.0,-4.0,0.0,0.0,0.0,0.0,0.0,0.0,20.0,20.0,45.5,9.1,1569.8,1569.5
2021-09-27,2021,Atletico GO,Cuiaba,0.0,0.0,D,U,2.36,2.85,3.48,11,0.0,2.0,0.0,0.0,2.0,4.0,-2.0,2.0,1.0,1.0,0.0,3.0,-3.0,0.0,1.0,-1.0,0.0,0.0,0.0,20.0,20.0,30.0,10.0,1523.7,1535.9
2021-09-26,2021,Sport Recife,Fortaleza,0.0,1.0,A,U,3.9,3.1,2.07,11,0.0,0.0,2.0,2.0,0.0,3.0,-3.0,2.0,6.0,-4.0,-2.0,-3.0,1.0,0.0,0.0,0.0,0.0,1.0,-1.0,10.0,50.0,27.3,45.5,1450.4,1531.5
2021-09-26,2021,Sao Paulo,Atletico-MG,0.0,0.0,D,U,3.38,3.05,2.29,11,2.0,1.0,0.0,0.0,4.0,4.0,0.0,2.0,2.0,0.0,2.0,2.0,0.0,0.0,1.0,-1.0,0.0,0.0,0.0,30.0,20.0,63.6,18.2,1577.8,1657.7
2021-09-26,2021,Juventude,Santos,3.0,0.0,H,O,2.91,2.9,2.66,12,0.0,0.0,1.0,1.0,3.0,2.0,1.0,4.0,3.0,1.0,-1.0,-1.0,0.0,0.0,0.0,0.0,0.0,0.0,0.0,36.4,36.4,10.0,50.0,1496.1,1539.0
2021-09-26,2021,Internacional,Bahia,2.0,0.0,H,U,1.74,3.59,4.77,10,2.0,0.0,0.0,2.0,5.0,0.0,5.0,2.0,4.0,-2.0,3.0,-4.0,7.0,1.0,0.0,1.0,0.0,2.0,-2.0,33.3,33.3,20.0,50.0,1605.4,1485.0
2021-09-26,2021,Fluminense,Bragantino,2.0,1.0,H,O,1.74,3.45,5.07,11,2.0,1.0,0.0,0.0,5.0,3.0,2.0,2.0,1.0,1.0,3.0,2.0,1.0,1.0,1.0,0.0,0.0,0.0,0.0,40.0,20.0,60.0,10.0,1575.5,1579.9
2021-09-26,2021,Athletico-PR,Gremio,4.0,2.0,H,O,3.05,2.94,2.52,11,1.0,2.0,1.0,1.0,2.0,3.0,-1.0,2.0,2.0,0.0,0.0,1.0,-1.0,0.0,0.0,0.0,0.0,0.0,0.0,50.0,20.0,33.3,66.7,1541.5,1562.2
2021-09-26,2021,America MG,Flamengo RJ,1.0,1.0,D,U,3.74,3.39,2.0,12,2.0,2.0,1.0,0.0,4.0,8.0,-4.0,2.0,2.0,0.0,2.0,6.0,-4.0,2.0,2.0,0.0,1.0,0.0,1.0,36.4,36.4,62.5,25.0,1466.0,1665.1
2021-09-25,2021,Corinthians,Palmeiras,2.0,1.0,H,O,3.15,2.94,2.48,11,1.0,1.0,0.0,1.0,5.0,2.0,3.0,3.0,2.0,1.0,2.0,0.0,2.0,1.0,1.0,0.0,0.0,1.0,-1.0,20.0,40.0,55.6,33.3,1557.8,1618.1
2021-09-25,2021,Ceara,Chapecoense-SC,1.0,0.0,H,U,1.79,3.37,4.88,11,0.0,1.0,0.0,0.0,1.0,3.0,-2.0,1.0,2.0,-1.0,0.0,1.0,-1.0,0.0,0.0,0.0,0.0,0.0,0.0,50.0,10.0,9.1,45.5,1528.4,1401.4
2021-09-23,2021,Sao Paulo,America MG,0.0,0.0,D,U,2.02,3.26,3.81,10,2.0,0.0,0.0,0.0,4.0,3.0,1.0,2.0,3.0,-1.0,2.0,0.0,2.0,0.0,0.0,0.0,0.0,0.0,0.0,33.3,22.2,11.1,44.4,1581.1,1462.7
2021-09-21,2021,Cuiaba,Fluminense,2.0,2.0,D,O,3.36,2.8,2.45,11,2.0,1.0,1.0,2.0,3.0,4.0,-1.0,2.0,6.0,-4.0,1.0,-2.0,3.0,0.0,0.0,0.0,0.0,1.0,-1.0,30.0,40.0,30.0,40.0,1534.7,1576.7
2021-09-20,2021,Flamengo RJ,Gremio,0.0,1.0,A,U,1.46,4.33,6.88,10,2.0,1.0,1.0,2.0,7.0,2.0,5.0,5.0,3.0,2.0,2.0,-1.0,3.0,2.0,0.0,2.0,1.0,0.0,1.0,66.7,33.3,25.0,75.0,1678.7,1548.6
2021-09-19,2021,Sao Paulo,Atletico GO,2.0,1.0,H,O,1.57,3.83,6.24,9,1.0,2.0,1.0,0.0,2.0,3.0,-1.0,2.0,1.0,1.0,0.0,2.0,-2.0,0.0,0.0,0.0,0.0,0.0,0.0,25.0,25.0,44.4,33.3,1572.2,1532.6
2021-09-19,2021,Internacional,Fortaleza,1.0,0.0,H,U,2.0,3.34,3.78,9,2.0,1.0,0.0,1.0,5.0,6.0,-1.0,2.0,7.0,-5.0,3.0,-1.0,4.0,1.0,0.0,1.0,0.0,1.0,-1.0,25.0,37.5,30.0,40.0,1597.0,1539.9
2021-09-19,2021,Corinthians,America MG,1.0,1.0,D,U,2.0,3.13,4.09,10,1.0,0.0,1.0,0.0,5.0,3.0,2.0,5.0,3.0,2.0,0.0,0.0,0.0,1.0,0.0,1.0,1.0,0.0,1.0,22.2,44.4,12.5,50.0,1560.6,1459.9
2021-09-19,2021,Ceara,Santos,0.0,0.0,D,U,2.3,2.99,3.41,10,1.0,1.0,0.0,1.0,4.0,3.0,1.0,2.0,3.0,-1.0,2.0,0.0,2.0,1.0,0.0,1.0,0.0,0.0,0.0,55.6,11.1,11.1,55.6,1528.1,1539.4
2021-09-19,2021,Bahia,Bragantino,1.0,1.0,D,U,2.33,3.2,3.11,11,1.0,1.0,2.0,1.0,5.0,2.0,3.0,5.0,1.0,4.0,0.0,1.0,-1.0,1.0,1.0,0.0,0.0,0.0,0.0,40.0,50.0,66.7,11.1,1482.2,1582.7
2021-09-18,2021,Chapecoense-SC,Palmeiras,0.0,2.0,A,U,5.84,3.88,1.57,10,0.0,1.0,2.0,1.0,2.0,3.0,-1.0,4.0,2.0,2.0,-2.0,1.0,-3.0,0.0,1.0,-1.0,0.0,1.0,-1.0,0.0,77.8,50.0,37.5,1406.1,1613.4
2021-09-18,2021,Atletico-MG,Sport Recife,3.0,0.0,H,O,1.25,5.38,12.78,9,3.0,1.0,0.0,1.0,7.0,1.0,6.0,0.0,2.0,-2.0,7.0,-1.0,8.0,3.0,0.0,3.0,0.0,1.0,-1.0,75.0,12.5,20.0,40.0,1652.8,1455.2
2021-09-18,2021,Athletico-PR,Juventude,2.0,1.0,H,O,2.07,3.03,3.96,10,0.0,1.0,2.0,0.0,1.0,4.0,-3.0,3.0,3.0,0.0,-2.0,1.0,-3.0,0.0,0.0,0.0,0.0,0.0,0.0,44.4,22.2,11.1,33.3,1532.3,1505.3
2021-09-14,2021,Sport Recife,Internacional,0.0,1.0,A,U,3.69,3.02,2.16,10,0.0,1.0,1.0,0.0,0.0,6.0,-6.0,1.0,2.0,-1.0,-1.0,4.0,-5.0,0.0,1.0,-1.0,0.0,0.0,0.0,11.1,44.4,30.0,20.0,1461.7,1590.6
2021-09-13,2021,Fluminense,Sao Paulo,2.0,1.0,H,O,3.21,2.91,2.44,10,1.0,2.0,0.0,0.0,4.0,4.0,0.0,2.0,2.0,0.0,2.0,2.0,0.0,1.0,0.0,1.0,0.0,0.0,0.0,33.3,22.2,30.0,40.0,1566.3,1582.7
2021-09-12,2021,Santos,Bahia,0.0,0.0,D,U,2.27,3.2,3.22,11,0.0,0.0,1.0,2.0,2.0,1.0,1.0,6.0,5.0,1.0,-4.0,-4.0,0.0,0.0,0.0,0.0,1.0,2.0,-1.0,40.0,20.0,22.2,55.6,1541.1,1480.5
2021-09-12,2021,Palmeiras,Flamengo RJ,1.0,3.0,A,O,2.32,3.42,2.94,11,1.0,2.0,2.0,0.0,4.0,8.0,-4.0,6.0,2.0,4.0,-2.0,6.0,-8.0,0.0,2.0,-2.0,1.0,0.0,1.0,70.0,20.0,57.1,28.6,1622.0,1670.0
2021-09-12,2021,Gremio,Ceara,2.0,0.0,H,U,2.11,3.07,3.77,10,2.0,0.0,1.0,2.0,4.0,1.0,3.0,2.0,5.0,-3.0,2.0,-4.0,6.0,1.0,0.0,1.0,0.0,2.0,-2.0,22.2,33.3,0.0,33.3,1538.6,1538.1
2021-09-12,2021,Fortaleza,Atletico-MG,0.0,2.0,A,U,3.23,3.05,2.36,10,1.0,1.0,0.0,0.0,2.0,4.0,-2.0,1.0,3.0,-2.0,1.0,1.0,0.0,0.0,0.0,0.0,0.0,0.0,0.0,66.7,0.0,60.0,20.0,1547.2,1645.6
2021-09-12,2021,Atletico GO,Corinthians,1.0,1.0,D,U,3.06,2.75,2.68,10,0.0,2.0,0.0,0.0,2.0,2.0,0.0,2.0,0.0,2.0,0.0,2.0,-2.0,0.0,0.0,0.0,0.0,0.0,0.0,22.2,22.2,50.0,10.0,1531.7,1561.4
2021-09-11,2021,Juventude,Cuiaba,1.0,2.0,A,O,2.41,2.8,3.45,11,0.0,1.0,1.0,0.0,3.0,2.0,1.0,4.0,0.0,4.0,-1.0,2.0,-3.0,0.0,1.0,-1.0,0.0,0.0,0.0,40.0,30.0,22.2,11.1,1515.1,1525.0
2021-09-11,2021,Bragantino,Chapecoense-SC,1.0,2.0,A,O,1.58,3.85,5.94,10,1.0,0.0,1.0,1.0,3.0,2.0,1.0,3.0,3.0,0.0,0.0,-1.0,1.0,0.0,0.0,0.0,0.0,0.0,0.0,22.2,11.1,0.0,50.0,1598.1,1390.8
2021-09-11,2021,America MG,Athletico-PR,2.0,0.0,H,U,2.41,3.09,3.07,11,2.0,0.0,1.0,3.0,3.0,1.0,2.0,2.0,5.0,-3.0,1.0,-4.0,5.0,1.0,0.0,1.0,1.0,1.0,0.0,30.0,40.0,33.3,66.7,1447.1,1545.0
2021-09-08,2021,Corinthians,Juventude,1.0,1.0,D,U,1.63,3.29,6.94,9,1.0,1.0,2.0,1.0,5.0,3.0,2.0,6.0,3.0,3.0,-1.0,0.0,-1.0,1.0,0.0,1.0,1.0,0.0,1.0,25.0,50.0,12.5,37.5,1562.8,1513.6
2021-09-08,2021,Chapecoense-SC,Fluminense,1.0,2.0,A,O,4.16,3.08,2.0,9,0.0,0.0,2.0,3.0,3.0,2.0,1.0,5.0,6.0,-1.0,-2.0,-4.0,2.0,0.0,0.0,0.0,0.0,1.0,-1.0,0.0,75.0,22.2,44.4,1396.3,1560.7
2021-09-05,2021,Cuiaba,Santos,2.0,1.0,H,O,2.6,2.96,2.92,10,1.0,1.0,1.0,0.0,2.0,4.0,-2.0,2.0,3.0,-1.0,0.0,1.0,-1.0,0.0,0.0,0.0,0.0,0.0,0.0,22.2,44.4,12.5,50.0,1513.9,1552.2
2021-09-05,2021,Bahia,Fortaleza,4.0,2.0,H,O,2.94,3.1,2.5,10,0.0,1.0,3.0,1.0,1.0,5.0,-4.0,8.0,6.0,2.0,-7.0,-1.0,-6.0,0.0,0.0,0.0,1.0,1.0,0.0,33.3,55.6,33.3,33.3,1467.9,1559.7
2021-09-05,2021,Athletico-PR,Sport Recife,0.0,0.0,D,U,1.65,3.52,5.71,9,1.0,2.0,2.0,1.0,3.0,2.0,1.0,4.0,2.0,2.0,-1.0,0.0,-1.0,0.0,0.0,0.0,0.0,1.0,-1.0,50.0,25.0,22.2,44.4,1547.5,1459.2
2021-09-02,2021,Fluminense,Juventude,1.0,1.0,D,U,1.87,3.08,4.9,9,1.0,1.0,1.0,2.0,3.0,2.0,1.0,2.0,3.0,-1.0,1.0,-1.0,2.0,1.0,0.0,1.0,0.0,0.0,0.0,37.5,25.0,14.3,42.9,1562.1,1512.2
2021-08-31,2021,Fortaleza,Cuiaba,0.0,0.0,D,U,1.61,3.61,6.12,9,2.0,2.0,0.0,0.0,3.0,5.0,-2.0,1.0,2.0,-1.0,2.0,3.0,-1.0,0.0,1.0,-1.0,0.0,0.0,0.0,75.0,0.0,25.0,12.5,1561.1,1512.5
2021-08-30,2021,Fluminense,Bahia,2.0,0.0,H,U,2.1,3.14,3.71,8,0.0,0.0,1.0,2.0,1.0,1.0,0.0,2.0,6.0,-4.0,-1.0,-5.0,4.0,0.0,0.0,0.0,0.0,2.0,-2.0,28.6,28.6,25.0,50.0,1554.3,1475.7
2021-08-30,2021,Bragantino,Atletico-MG,1.0,1.0,D,U,3.59,3.29,2.09,9,1.0,2.0,1.0,0.0,4.0,5.0,-1.0,4.0,3.0,1.0,0.0,2.0,-2.0,0.0,0.0,0.0,0.0,0.0,0.0,25.0,12.5,66.7,22.2,1596.6,1647.0
2021-08-29,2021,Palmeiras,Athletico-PR,2.0,1.0,H,O,1.64,3.83,5.27,10,1.0,0.0,2.0,3.0,3.0,0.0,3.0,5.0,4.0,1.0,-2.0,-4.0,2.0,0.0,0.0,0.0,1.0,1.0,0.0,66.7,22.2,37.5,62.5,1613.7,1555.9
2021-08-29,2021,Juventude,Sao Paulo,1.0,1.0,D,U,4.39,2.97,2.01,10,1.0,2.0,1.0,1.0,3.0,4.0,-1.0,3.0,6.0,-3.0,0.0,-2.0,2.0,0.0,0.0,0.0,0.0,1.0,-1.0,44.4,33.3,33.3,44.4,1510.1,1584.8
2021-08-29,2021,Gremio,Corinthians,0.0,1.0,A,U,2.23,2.9,3.67,9,2.0,2.0,0.0,0.0,5.0,3.0,2.0,2.0,1.0,1.0,3.0,2.0,1.0,1.0,0.0,1.0,0.0,0.0,0.0,25.0,25.0,44.4,11.1,1548.5,1553.0
2021-08-29,2021,Atletico GO,Internacional,0.0,0.0,D,U,3.68,3.27,2.06,9,0.0,1.0,1.0,1.0,2.0,7.0,-5.0,5.0,4.0,1.0,-3.0,3.0,-6.0,0.0,1.0,-1.0,1.0,0.0,1.0,25.0,25.0,33.3,22.2,1530.0,1592.4
2021-08-29,2021,America MG,Ceara,2.0,0.0,H,U,2.52,2.92,3.07,10,1.0,0.0,2.0,1.0,1.0,3.0,-2.0,3.0,5.0,-2.0,-2.0,-2.0,0.0,0.0,0.0,0.0,1.0,1.0,0.0,22.2,44.4,0.0,25.0,1433.9,1551.3
2021-08-28,2021,Sport Recife,Chapecoense-SC,0.0,0.0,D,U,1.98,3.14,4.19,9,0.0,0.0,1.0,2.0,0.0,2.0,-2.0,1.0,4.0,-3.0,-1.0,-2.0,1.0,0.0,0.0,0.0,0.0,0.0,0.0,12.5,50.0,0.0,55.6,1461.1,1394.5
2021-08-28,2021,Santos,Flamengo RJ,0.0,4.0,A,O,5.79,4.45,1.5,10,0.0,2.0,1.0,0.0,2.0,9.0,-7.0,3.0,2.0,1.0,-1.0,7.0,-8.0,0.0,2.0,-2.0,0.0,0.0,0.0,44.4,11.1,50.0,33.3,1559.3,1662.9
2021-08-24,2021,Fluminense,Atletico-MG,1.0,1.0,D,U,4.21,3.19,1.96,7,0.0,3.0,2.0,0.0,1.0,5.0,-4.0,5.0,2.0,3.0,-4.0,3.0,-7.0,0.0,0.0,0.0,1.0,0.0,1.0,33.3,33.3,75.0,25.0,1551.6,1649.8
2021-08-24,2021,America MG,Bragantino,0.0,2.0,A,U,3.02,3.19,2.38,9,1.0,0.0,2.0,1.0,1.0,2.0,-1.0,2.0,3.0,-1.0,-1.0,-1.0,0.0,0.0,0.0,0.0,0.0,0.0,0.0,25.0,37.5,62.5,12.5,1439.8,1590.7
2021-08-23,2021,Sport Recife,Sao Paulo,0.0,1.0,A,U,4.59,3.16,1.88,8,0.0,2.0,1.0,1.0,1.0,5.0,-4.0,2.0,6.0,-4.0,-1.0,-1.0,0.0,0.0,1.0,-1.0,0.0,1.0,-1.0,14.3,42.9,25.0,50.0,1468.0,1577.9
2021-08-22,2021,Santos,Internacional,2.0,2.0,D,O,3.39,3.11,2.24,9,1.0,1.0,1.0,1.0,2.0,5.0,-3.0,2.0,2.0,0.0,0.0,3.0,-3.0,0.0,1.0,-1.0,0.0,0.0,0.0,50.0,12.5,37.5,25.0,1558.3,1593.4
2021-08-22,2021,Palmeiras,Cuiaba,0.0,2.0,A,U,1.45,4.1,7.58,9,2.0,1.0,1.0,0.0,6.0,4.0,2.0,5.0,3.0,2.0,1.0,1.0,0.0,0.0,0.0,0.0,0.0,0.0,0.0,75.0,12.5,14.3,14.3,1627.2,1499.0
2021-08-22,2021,Juventude,Fortaleza,1.0,1.0,D,U,3.75,2.96,2.17,9,1.0,2.0,1.0,1.0,3.0,5.0,-2.0,3.0,5.0,-2.0,0.0,0.0,0.0,0.0,0.0,0.0,0.0,1.0,-1.0,50.0,37.5,37.5,37.5,1508.6,1562.7
2021-08-22,2021,Ceara,Flamengo RJ,1.0,1.0,D,U,4.3,3.56,1.81,9,2.0,2.0,0.0,1.0,4.0,9.0,-5.0,1.0,3.0,-2.0,3.0,6.0,-3.0,1.0,2.0,-1.0,0.0,0.0,0.0,62.5,12.5,60.0,40.0,1548.0,1666.2
2021-08-22,2021,Athletico-PR,Corinthians,0.0,1.0,A,U,2.47,2.98,3.09,8,1.0,1.0,1.0,1.0,5.0,2.0,3.0,5.0,2.0,3.0,0.0,0.0,0.0,0.0,0.0,0.0,0.0,0.0,0.0,57.1,14.3,37.5,12.5,1566.6,1542.3
2021-08-21,2021,Gremio,Bahia,2.0,0.0,H,U,1.92,3.29,4.14,8,1.0,0.0,0.0,2.0,3.0,1.0,2.0,2.0,5.0,-3.0,1.0,-4.0,5.0,0.0,0.0,0.0,0.0,1.0,-1.0,14.3,28.6,28.6,42.9,1540.1,1484.1
2021-08-21,2021,Atletico GO,Chapecoense-SC,1.0,1.0,D,U,1.84,3.26,4.67,8,0.0,0.0,1.0,3.0,2.0,2.0,0.0,5.0,5.0,0.0,-3.0,-3.0,0.0,0.0,0.0,0.0,1.0,0.0,1.0,28.6,28.6,0.0,62.5,1533.9,1390.5
2021-08-18,2021,Cuiaba,Gremio,0.0,1.0,A,U,3.31,3.0,2.32,9,1.0,1.0,1.0,2.0,3.0,2.0,1.0,3.0,3.0,0.0,0.0,-1.0,1.0,0.0,0.0,0.0,0.0,0.0,0.0,25.0,37.5,14.3,85.7,1508.4,1530.7
2021-08-17,2021,Chapecoense-SC,America MG,1.0,1.0,D,U,3.49,3.17,2.14,8,0.0,0.0,3.0,1.0,2.0,2.0,0.0,5.0,6.0,-1.0,-3.0,-4.0,1.0,0.0,0.0,0.0,0.0,1.0,-1.0,0.0,85.7,14.3,57.1,1389.1,1441.3
2021-08-16,2021,Internacional,Fluminense,4.0,2.0,H,O,1.93,3.15,4.35,8,1.0,1.0,1.0,2.0,1.0,2.0,-1.0,2.0,3.0,-1.0,-1.0,-1.0,0.0,0.0,0.0,0.0,1.0,0.0,1.0,14.3,42.9,25.0,37.5,1584.0,1560.9
2021-08-15,2021,Sao Paulo,Gremio,2.0,1.0,H,O,2.36,2.87,3.39,8,1.0,1.0,1.0,2.0,1.0,1.0,0.0,1.0,3.0,-2.0,0.0,-2.0,2.0,0.0,0.0,0.0,0.0,1.0,-1.0,14.3,28.6,16.7,83.3,1568.7,1539.9
2021-08-15,2021,Fortaleza,Santos,1.0,1.0,D,U,1.8,3.45,4.53,8,3.0,1.0,0.0,1.0,6.0,5.0,1.0,0.0,5.0,-5.0,6.0,0.0,6.0,1.0,0.0,1.0,0.0,0.0,0.0,85.7,0.0,14.3,57.1,1562.8,1558.1
2021-08-15,2021,Flamengo RJ,Sport Recife,2.0,0.0,H,U,1.3,5.3,9.16,9,2.0,2.0,1.0,0.0,7.0,3.0,4.0,6.0,1.0,5.0,1.0,2.0,-1.0,1.0,0.0,1.0,1.0,0.0,1.0,62.5,37.5,25.0,37.5,1661.2,1473.1
2021-08-15,2021,Cuiaba,Athletico-PR,1.0,0.0,H,U,2.18,3.03,3.57,8,1.0,0.0,1.0,3.0,4.0,1.0,3.0,4.0,5.0,-1.0,0.0,-4.0,4.0,0.0,0.0,0.0,0.0,1.0,-1.0,14.3,42.9,42.9,57.1,1496.0,1578.9
2021-08-15,2021,Corinthians,Ceara,3.0,1.0,H,O,2.24,2.9,3.6,8,0.0,0.0,2.0,0.0,3.0,2.0,1.0,6.0,2.0,4.0,-3.0,0.0,-3.0,0.0,0.0,0.0,1.0,0.0,1.0,14.3,57.1,0.0,14.3,1531.5,1558.8
2021-08-15,2021,Bahia,Atletico GO,1.0,2.0,A,O,2.04,3.21,3.77,9,1.0,1.0,2.0,1.0,1.0,2.0,-1.0,6.0,2.0,4.0,-5.0,0.0,-5.0,0.0,0.0,0.0,1.0,0.0,1.0,37.5,50.0,37.5,37.5,1493.1,1524.8
2021-08-14,2021,Bragantino,Juventude,1.0,2.0,A,O,1.9,3.17,4.44,8,1.0,0.0,0.0,3.0,4.0,0.0,4.0,3.0,4.0,-1.0,1.0,-4.0,5.0,0.0,0.0,0.0,0.0,1.0,-1.0,28.6,0.0,0.0,50.0,1603.7,1495.5
2021-08-14,2021,Atletico-MG,Palmeiras,2.0,0.0,H,U,2.06,3.22,3.69,8,3.0,2.0,0.0,0.0,7.0,4.0,3.0,1.0,0.0,1.0,6.0,4.0,2.0,2.0,1.0,1.0,0.0,0.0,0.0,71.4,14.3,57.1,28.6,1639.9,1637.1
2021-08-10,2021,Gremio,Chapecoense-SC,2.0,1.0,H,O,1.47,3.92,7.78,7,0.0,0.0,1.0,3.0,1.0,3.0,-2.0,2.0,6.0,-4.0,-1.0,-3.0,2.0,0.0,0.0,0.0,0.0,0.0,0.0,0.0,33.3,0.0,57.1,1533.7,1395.3
2021-08-08,2021,Santos,Corinthians,0.0,0.0,D,U,2.67,2.91,2.91,8,1.0,2.0,1.0,1.0,2.0,3.0,-1.0,2.0,2.0,0.0,0.0,1.0,-1.0,0.0,0.0,0.0,0.0,0.0,0.0,57.1,14.3,42.9,14.3,1558.9,1530.7
2021-08-08,2021,Palmeiras,Fortaleza,2.0,3.0,A,O,1.72,3.45,5.23,8,3.0,1.0,0.0,2.0,6.0,3.0,3.0,2.0,5.0,-3.0,4.0,-2.0,6.0,1.0,0.0,1.0,0.0,1.0,-1.0,85.7,0.0,28.6,42.9,1649.9,1550.0
2021-08-08,2021,Juventude,Atletico-MG,1.0,2.0,A,O,4.11,2.99,2.06,8,2.0,3.0,0.0,0.0,4.0,4.0,0.0,1.0,1.0,0.0,3.0,3.0,0.0,1.0,0.0,1.0,0.0,0.0,0.0,57.1,28.6,71.4,28.6,1501.9,1633.5
2021-08-08,2021,Flamengo RJ,Internacional,0.0,4.0,A,O,1.46,4.28,6.96,8,2.0,0.0,1.0,1.0,7.0,2.0,5.0,3.0,3.0,0.0,4.0,-1.0,5.0,1.0,0.0,1.0,0.0,0.0,0.0,71.4,28.6,28.6,28.6,1674.0,1571.2
2021-08-08,2021,Cuiaba,Bahia,1.0,1.0,D,U,2.45,3.0,3.11,7,1.0,1.0,1.0,2.0,5.0,2.0,3.0,5.0,4.0,1.0,0.0,-2.0,2.0,0.0,1.0,-1.0,0.0,1.0,-1.0,16.7,50.0,33.3,50.0,1496.1,1493.1
2021-08-08,2021,Ceara,Atletico GO,0.0,0.0,D,U,1.77,3.39,4.87,8,3.0,1.0,0.0,1.0,6.0,3.0,3.0,1.0,3.0,-2.0,5.0,0.0,5.0,2.0,0.0,2.0,0.0,0.0,0.0,71.4,14.3,42.9,42.9,1559.9,1523.7
2021-08-08,2021,America MG,Fluminense,1.0,0.0,H,U,2.86,2.89,2.71,8,1.0,2.0,2.0,1.0,2.0,3.0,-1.0,2.0,2.0,0.0,0.0,1.0,-1.0,1.0,0.0,1.0,0.0,0.0,0.0,14.3,42.9,28.6,28.6,1427.3,1574.9
2021-08-07,2021,Athletico-PR,Sao Paulo,1.0,2.0,A,O,2.82,2.97,2.69,7,2.0,1.0,0.0,1.0,6.0,3.0,3.0,4.0,5.0,-1.0,2.0,-2.0,4.0,0.0,1.0,-1.0,0.0,1.0,-1.0,66.7,0.0,14.3,57.1,1589.8,1557.8
2021-08-06,2021,Sport Recife,Bragantino,0.0,0.0,D,U,3.45,2.93,2.33,7,0.0,1.0,2.0,1.0,1.0,4.0,-3.0,3.0,4.0,-1.0,-2.0,0.0,-2.0,0.0,0.0,0.0,0.0,0.0,0.0,16.7,50.0,71.4,14.3,1469.3,1607.5
2021-08-02,2021,Ceara,Fortaleza,3.0,1.0,H,O,3.28,2.85,2.45,7,2.0,1.0,0.0,1.0,4.0,2.0,2.0,1.0,2.0,-1.0,3.0,0.0,3.0,1.0,0.0,1.0,0.0,0.0,0.0,66.7,16.7,33.3,33.3,1549.5,1560.3
2021-08-02,2021,Atletico GO,America MG,1.0,1.0,D,U,2.5,2.99,3.05,7,0.0,1.0,2.0,1.0,1.0,5.0,-4.0,5.0,8.0,-3.0,-4.0,-3.0,-1.0,0.0,0.0,0.0,1.0,1.0,0.0,33.3,33.3,16.7,66.7,1526.6,1424.4
2021-08-01,2021,Internacional,Cuiaba,0.0,0.0,D,U,1.7,3.35,5.66,7,1.0,1.0,2.0,0.0,2.0,4.0,-2.0,4.0,3.0,1.0,-2.0,1.0,-3.0,0.0,0.0,0.0,1.0,0.0,1.0,16.7,50.0,16.7,16.7,1573.4,1493.9
2021-08-01,2021,Corinthians,Flamengo RJ,1.0,3.0,A,O,4.87,3.67,1.71,7,0.0,2.0,1.0,1.0,2.0,8.0,-6.0,3.0,2.0,1.0,-1.0,6.0,-7.0,0.0,2.0,-2.0,0.0,0.0,0.0,16.7,50.0,50.0,50.0,1537.1,1667.6
2021-08-01,2021,Chapecoense-SC,Santos,0.0,1.0,A,U,3.55,3.23,2.12,7,0.0,0.0,3.0,2.0,2.0,4.0,-2.0,6.0,7.0,-1.0,-4.0,-3.0,-1.0,0.0,0.0,0.0,1.0,1.0,0.0,0.0,83.3,0.0,66.7,1401.2,1553.1
2021-08-01,2021,Bragantino,Gremio,1.0,0.0,H,U,2.02,3.24,3.88,7,0.0,1.0,0.0,2.0,3.0,1.0,2.0,3.0,4.0,-1.0,0.0,-3.0,3.0,0.0,0.0,0.0,0.0,2.0,-2.0,16.7,0.0,20.0,80.0,1599.1,1542.1
2021-08-01,2021,Bahia,Sport Recife,0.0,1.0,A,U,1.85,3.32,4.53,8,1.0,1.0,2.0,0.0,4.0,2.0,2.0,9.0,1.0,8.0,-5.0,1.0,-6.0,0.0,0.0,0.0,1.0,0.0,1.0,42.9,42.9,14.3,42.9,1504.4,1458.0
2021-08-01,2021,Atletico-MG,Athletico-PR,2.0,0.0,H,U,1.68,3.57,5.39,7,3.0,1.0,0.0,2.0,9.0,5.0,4.0,2.0,4.0,-2.0,7.0,1.0,6.0,2.0,1.0,1.0,0.0,0.0,0.0,66.7,16.7,50.0,50.0,1624.2,1599.1
2021-07-31,2021,Sao Paulo,Palmeiras,0.0,0.0,D,U,2.86,2.93,2.69,7,1.0,3.0,2.0,0.0,2.0,6.0,-4.0,3.0,1.0,2.0,-1.0,5.0,-6.0,0.0,1.0,-1.0,0.0,0.0,0.0,16.7,33.3,66.7,33.3,1555.0,1652.7
2021-07-27,2021,Cuiaba,Corinthians,1.0,2.0,A,O,3.09,2.77,2.65,6,1.0,1.0,1.0,1.0,4.0,2.0,2.0,4.0,2.0,2.0,0.0,0.0,0.0,0.0,0.0,0.0,0.0,0.0,0.0,20.0,40.0,33.3,16.7,1503.2,1527.8
2021-07-26,2021,Sport Recife,Ceara,0.0,0.0,D,U,3.43,2.87,2.36,6,0.0,0.0,2.0,0.0,1.0,2.0,-1.0,3.0,2.0,1.0,-2.0,0.0,-2.0,0.0,0.0,0.0,0.0,0.0,0.0,20.0,60.0,0.0,16.7,1455.3,1552.3
2021-07-26,2021,Juventude,Chapecoense-SC,1.0,0.0,H,U,2.2,2.92,3.78,7,2.0,0.0,0.0,2.0,4.0,5.0,-1.0,1.0,7.0,-6.0,3.0,-2.0,5.0,1.0,0.0,1.0,0.0,0.0,0.0,50.0,33.3,0.0,50.0,1494.3,1408.7
2021-07-25,2021,Santos,Atletico GO,0.0,1.0,A,U,1.8,3.33,4.83,7,2.0,1.0,0.0,1.0,4.0,3.0,1.0,1.0,3.0,-2.0,3.0,0.0,3.0,1.0,0.0,1.0,0.0,0.0,0.0,66.7,0.0,33.3,50.0,1564.5,1515.2
2021-07-25,2021,Fortaleza,Bragantino,1.0,0.0,H,U,2.69,3.04,2.76,7,3.0,2.0,0.0,0.0,8.0,5.0,3.0,2.0,3.0,-1.0,6.0,2.0,4.0,1.0,0.0,1.0,0.0,0.0,0.0,83.3,0.0,83.3,0.0,1548.5,1610.9
2021-07-25,2021,Flamengo RJ,Sao Paulo,5.0,1.0,H,O,1.61,3.81,5.59,7,2.0,1.0,1.0,0.0,4.0,3.0,1.0,3.0,1.0,2.0,1.0,2.0,-1.0,0.0,1.0,-1.0,0.0,0.0,0.0,66.7,33.3,16.7,50.0,1660.4,1562.3
2021-07-25,2021,Atletico-MG,Bahia,3.0,0.0,H,O,1.64,3.78,5.36,6,2.0,1.0,0.0,2.0,7.0,4.0,3.0,3.0,4.0,-1.0,4.0,0.0,4.0,1.0,1.0,0.0,0.0,0.0,0.0,60.0,20.0,40.0,40.0,1617.1,1511.4
2021-07-25,2021,Athletico-PR,Internacional,2.0,1.0,H,O,2.46,3.05,3.02,6,1.0,0.0,0.0,0.0,6.0,2.0,4.0,5.0,2.0,3.0,1.0,0.0,1.0,0.0,0.0,0.0,0.0,0.0,0.0,60.0,0.0,33.3,16.7,1589.3,1583.2
2021-07-24,2021,Palmeiras,Fluminense,1.0,0.0,H,U,1.58,3.68,6.32,7,3.0,2.0,0.0,1.0,8.0,3.0,5.0,4.0,2.0,2.0,4.0,1.0,3.0,1.0,0.0,1.0,0.0,0.0,0.0,83.3,0.0,33.3,16.7,1644.4,1583.2
2021-07-24,2021,Gremio,America MG,1.0,1.0,D,U,1.92,3.26,4.28,6,0.0,1.0,1.0,2.0,0.0,5.0,-5.0,1.0,9.0,-8.0,-1.0,-4.0,3.0,0.0,0.0,0.0,0.0,1.0,-1.0,0.0,40.0,20.0,80.0,1545.5,1421.0
2021-07-21,2021,Cuiaba,Atletico GO,2.0,1.0,H,O,2.53,2.9,3.09,5,0.0,1.0,2.0,1.0,2.0,3.0,-1.0,5.0,5.0,0.0,-3.0,-2.0,-1.0,0.0,0.0,0.0,1.0,1.0,0.0,0.0,50.0,40.0,40.0,1492.2,1526.2
2021-07-20,2021,America MG,Sport Recife,0.0,1.0,A,U,1.75,3.28,5.43,7,1.0,0.0,1.0,1.0,3.0,2.0,1.0,2.0,3.0,-1.0,1.0,-1.0,2.0,1.0,0.0,1.0,0.0,0.0,0.0,16.7,33.3,0.0,50.0,1430.5,1445.7
2021-07-19,2021,Internacional,Juventude,1.0,0.0,H,U,1.72,3.33,5.53,6,0.0,0.0,2.0,2.0,2.0,1.0,1.0,5.0,4.0,1.0,-3.0,-3.0,0.0,0.0,0.0,0.0,1.0,1.0,0.0,0.0,60.0,0.0,40.0,1575.3,1502.3
2021-07-19,2021,Bragantino,Santos,2.0,2.0,D,O,1.86,3.49,4.18,6,1.0,0.0,0.0,2.0,4.0,4.0,0.0,2.0,7.0,-5.0,2.0,-3.0,5.0,1.0,0.0,1.0,0.0,1.0,-1.0,20.0,0.0,0.0,80.0,1612.3,1563.1
2021-07-18,2021,Fluminense,Gremio,0.0,1.0,A,U,2.62,2.96,2.92,6,0.0,0.0,1.0,3.0,2.0,0.0,2.0,5.0,5.0,0.0,-3.0,-5.0,2.0,0.0,0.0,0.0,1.0,2.0,-1.0,40.0,20.0,0.0,100.0,1594.9,1533.8
2021-07-18,2021,Chapecoense-SC,Cuiaba,2.0,3.0,A,O,2.54,2.91,3.06,6,0.0,0.0,3.0,0.0,1.0,3.0,-2.0,5.0,3.0,2.0,-4.0,0.0,-4.0,0.0,0.0,0.0,1.0,0.0,1.0,0.0,80.0,0.0,20.0,1416.8,1484.1
2021-07-18,2021,Bahia,Flamengo RJ,0.0,5.0,A,O,5.08,3.84,1.65,7,2.0,1.0,1.0,2.0,6.0,3.0,3.0,5.0,3.0,2.0,1.0,0.0,1.0,0.0,1.0,-1.0,0.0,0.0,0.0,50.0,33.3,33.3,66.7,1517.7,1654.1
2021-07-18,2021,Atletico GO,Palmeiras,0.0,3.0,A,O,4.11,3.32,1.93,6,1.0,2.0,1.0,1.0,2.0,4.0,-2.0,2.0,4.0,-2.0,0.0,0.0,0.0,0.0,0.0,0.0,0.0,1.0,-1.0,40.0,20.0,60.0,40.0,1533.2,1637.3
2021-07-17,2021,Sao Paulo,Fortaleza,0.0,1.0,A,U,2.12,3.0,3.84,6,1.0,0.0,1.0,2.0,4.0,2.0,2.0,4.0,4.0,0.0,0.0,-2.0,2.0,0.0,0.0,0.0,0.0,0.0,0.0,20.0,20.0,20.0,40.0,1573.3,1537.5
2021-07-17,2021,Corinthians,Atletico-MG,1.0,2.0,A,O,2.67,2.94,2.88,6,1.0,2.0,0.0,1.0,3.0,2.0,1.0,2.0,2.0,0.0,1.0,0.0,1.0,0.0,0.0,0.0,0.0,1.0,-1.0,20.0,40.0,66.7,33.3,1535.7,1609.2
2021-07-17,2021,Ceara,Athletico-PR,1.0,0.0,H,U,2.04,3.18,3.9,6,2.0,1.0,0.0,2.0,5.0,6.0,-1.0,2.0,5.0,-3.0,3.0,1.0,2.0,1.0,1.0,0.0,0.0,0.0,0.0,60.0,20.0,60.0,40.0,1540.5,1601.0
2021-07-12,2021,Fortaleza,Corinthians,1.0,0.0,H,U,2.32,2.95,3.41,6,2.0,1.0,0.0,0.0,8.0,2.0,6.0,3.0,1.0,2.0,5.0,1.0,4.0,1.0,0.0,1.0,0.0,0.0,0.0,80.0,0.0,40.0,0.0,1527.0,1546.3
2021-07-11,2021,Juventude,Atletico GO,1.0,1.0,D,U,2.55,2.85,3.15,6,3.0,1.0,0.0,2.0,4.0,3.0,1.0,0.0,6.0,-6.0,4.0,-3.0,7.0,1.0,0.0,1.0,0.0,1.0,-1.0,60.0,40.0,50.0,50.0,1501.3,1534.2
2021-07-11,2021,Flamengo RJ,Chapecoense-SC,2.0,1.0,H,O,1.2,6.41,15.15,6,1.0,0.0,2.0,1.0,4.0,5.0,-1.0,5.0,6.0,-1.0,-1.0,-1.0,0.0,0.0,0.0,0.0,0.0,0.0,0.0,60.0,40.0,0.0,40.0,1649.9,1421.1
2021-07-11,2021,Cuiaba,Ceara,2.0,2.0,D,O,2.87,2.83,2.79,4,0.0,0.0,2.0,0.0,2.0,1.0,1.0,5.0,1.0,4.0,-3.0,0.0,-3.0,0.0,0.0,0.0,1.0,0.0,1.0,0.0,66.7,0.0,20.0,1482.4,1542.3
2021-07-10,2021,Sport Recife,Fluminense,1.0,2.0,A,O,2.75,2.83,2.9,5,1.0,1.0,1.0,1.0,1.0,2.0,-1.0,1.0,2.0,-1.0,0.0,0.0,0.0,0.0,0.0,0.0,0.0,0.0,0.0,25.0,50.0,20.0,20.0,1452.0,1588.6
2021-07-10,2021,Sao Paulo,Bahia,1.0,0.0,H,U,1.9,3.31,4.28,5,0.0,2.0,1.0,1.0,4.0,6.0,-2.0,5.0,4.0,1.0,-1.0,2.0,-3.0,0.0,1.0,-1.0,0.0,0.0,0.0,0.0,25.0,50.0,25.0,1564.4,1526.6
2021-07-10,2021,Palmeiras,Santos,3.0,2.0,H,O,1.53,4.0,6.46,6,3.0,0.0,0.0,2.0,7.0,2.0,5.0,3.0,5.0,-2.0,4.0,-3.0,7.0,1.0,0.0,1.0,0.0,1.0,-1.0,80.0,0.0,0.0,75.0,1629.0,1571.4
2021-07-10,2021,Gremio,Internacional,0.0,0.0,D,U,2.32,3.03,3.34,5,0.0,1.0,1.0,0.0,2.0,4.0,-2.0,3.0,3.0,0.0,-1.0,1.0,-2.0,0.0,0.0,0.0,0.0,0.0,0.0,0.0,50.0,40.0,20.0,1532.5,1576.6
2021-07-10,2021,Athletico-PR,Bragantino,2.0,2.0,D,O,2.55,3.18,2.83,5,2.0,3.0,0.0,0.0,6.0,6.0,0.0,4.0,3.0,1.0,2.0,3.0,-1.0,0.0,0.0,0.0,0.0,0.0,0.0,75.0,0.0,100.0,0.0,1600.7,1612.7
2021-07-10,2021,America MG,Atletico-MG,0.0,1.0,A,U,4.01,3.23,1.99,6,1.0,1.0,0.0,2.0,4.0,2.0,2.0,2.0,4.0,-2.0,2.0,-2.0,4.0,1.0,0.0,1.0,0.0,1.0,-1.0,20.0,20.0,60.0,40.0,1436.1,1603.7
2021-07-09,2021,Chapecoense-SC,Corinthians,0.0,1.0,A,U,4.23,3.1,1.98,5,0.0,0.0,2.0,0.0,1.0,2.0,-1.0,4.0,2.0,2.0,-3.0,0.0,-3.0,0.0,0.0,0.0,1.0,0.0,1.0,0.0,75.0,25.0,0.0,1428.0,1539.4
2021-07-08,2021,Internacional,Sao Paulo,0.0,2.0,A,U,2.78,3.0,2.7,5,0.0,0.0,2.0,1.0,2.0,1.0,1.0,4.0,3.0,1.0,-2.0,-2.0,0.0,0.0,0.0,0.0,0.0,1.0,-1.0,0.0,50.0,0.0,60.0,1587.5,1553.4
2021-07-08,2021,Fluminense,Ceara,0.0,0.0,D,U,2.24,2.95,3.57,5,1.0,0.0,1.0,0.0,3.0,1.0,2.0,5.0,1.0,4.0,-2.0,0.0,-2.0,0.0,0.0,0.0,1.0,0.0,1.0,50.0,25.0,0.0,25.0,1590.1,1540.8
2021-07-07,2021,Palmeiras,Gremio,2.0,0.0,H,U,1.99,3.33,3.87,5,2.0,0.0,0.0,3.0,6.0,2.0,4.0,4.0,6.0,-2.0,2.0,-4.0,6.0,0.0,0.0,0.0,0.0,1.0,-1.0,75.0,0.0,0.0,100.0,1621.3,1540.2
2021-07-07,2021,Fortaleza,America MG,4.0,0.0,H,O,1.83,3.35,4.54,5,2.0,1.0,0.0,2.0,5.0,5.0,0.0,3.0,7.0,-4.0,2.0,-2.0,4.0,0.0,0.0,0.0,0.0,1.0,-1.0,75.0,0.0,25.0,75.0,1519.1,1443.9
2021-07-07,2021,Bragantino,Cuiaba,1.0,1.0,D,U,1.62,3.63,5.84,5,1.0,0.0,0.0,0.0,5.0,2.0,3.0,3.0,2.0,1.0,2.0,0.0,2.0,1.0,0.0,1.0,0.0,0.0,0.0,25.0,0.0,0.0,25.0,1616.4,1478.6
2021-07-07,2021,Bahia,Juventude,1.0,0.0,H,U,1.74,3.42,5.05,6,1.0,0.0,1.0,1.0,5.0,1.0,4.0,5.0,3.0,2.0,0.0,-2.0,2.0,0.0,0.0,0.0,0.0,1.0,-1.0,40.0,40.0,0.0,25.0,1516.8,1511.2
2021-07-07,2021,Atletico-MG,Flamengo RJ,2.0,1.0,H,O,2.98,3.15,2.43,5,2.0,,0.0,,6.0,,,2.0,,,4.0,,,1.0,,,0.0,,,50.0,25.0,50.0,50.0,1591.7,1661.9
2021-07-07,2021,Atletico GO,Sport Recife,1.0,1.0,D,U,1.92,3.1,4.59,5,1.0,0.0,1.0,2.0,1.0,1.0,0.0,1.0,3.0,-2.0,0.0,-2.0,2.0,0.0,0.0,0.0,0.0,0.0,0.0,50.0,25.0,0.0,60.0,1536.6,1449.5
2021-07-06,2021,Santos,Athletico-PR,2.0,1.0,H,O,2.62,3.0,2.85,6,2.0,2.0,0.0,1.0,4.0,6.0,-2.0,0.0,3.0,-3.0,4.0,3.0,1.0,2.0,1.0,1.0,0.0,0.0,0.0,60.0,0.0,75.0,25.0,1559.9,1612.1
2021-07-05,2021,Gremio,Atletico GO,0.0,1.0,A,U,1.53,3.96,6.41,4,0.0,1.0,1.0,2.0,2.0,3.0,-1.0,3.0,6.0,-3.0,-1.0,-3.0,2.0,0.0,0.0,0.0,0.0,1.0,-1.0,0.0,33.3,33.3,66.7,1550.9,1525.9
2021-07-04,2021,Sport Recife,Palmeiras,0.0,1.0,A,U,4.31,3.37,1.87,4,1.0,2.0,1.0,1.0,1.0,6.0,-5.0,1.0,4.0,-3.0,0.0,2.0,-2.0,0.0,1.0,-1.0,0.0,1.0,-1.0,33.3,33.3,50.0,50.0,1455.2,1615.6
2021-07-04,2021,Sao Paulo,Bragantino,1.0,2.0,A,O,2.27,3.05,3.39,4,0.0,3.0,0.0,0.0,3.0,6.0,-3.0,3.0,3.0,0.0,0.0,3.0,-3.0,0.0,0.0,0.0,0.0,0.0,0.0,0.0,0.0,100.0,0.0,1562.1,1607.7
2021-07-04,2021,Flamengo RJ,Fluminense,0.0,1.0,A,U,1.75,3.44,4.96,5,2.0,0.0,1.0,1.0,6.0,3.0,3.0,4.0,4.0,0.0,2.0,-1.0,3.0,1.0,0.0,1.0,0.0,0.0,0.0,75.0,25.0,0.0,25.0,1674.6,1577.3
2021-07-04,2021,Cuiaba,Atletico-MG,0.0,1.0,A,U,4.47,3.24,1.89,3,,1.0,,2.0,,2.0,,,4.0,,,-2.0,,,0.0,,,1.0,,0.0,50.0,50.0,50.0,1485.9,1584.5
2021-07-04,2021,Corinthians,Internacional,1.0,1.0,D,U,2.44,2.93,3.22,5,1.0,2.0,1.0,0.0,3.0,4.0,-1.0,3.0,2.0,1.0,0.0,2.0,-2.0,0.0,0.0,0.0,0.0,0.0,0.0,25.0,50.0,50.0,25.0,1537.9,1589.0
2021-07-04,2021,Chapecoense-SC,Bahia,0.0,2.0,A,U,3.17,3.2,2.3,4,0.0,1.0,2.0,1.0,1.0,7.0,-6.0,5.0,7.0,-2.0,-4.0,0.0,-4.0,0.0,0.0,0.0,1.0,0.0,1.0,0.0,66.7,33.3,33.3,1435.9,1508.8
2021-07-04,2021,Ceara,Juventude,2.0,0.0,H,U,1.89,3.21,4.54,5,1.0,0.0,1.0,0.0,4.0,3.0,1.0,4.0,3.0,1.0,0.0,0.0,0.0,0.0,0.0,0.0,0.0,0.0,0.0,50.0,25.0,0.0,0.0,1531.1,1520.9
2021-07-03,2021,Athletico-PR,Fortaleza,2.0,1.0,H,O,2.09,3.09,3.84,4,2.0,0.0,0.0,1.0,5.0,1.0,4.0,3.0,2.0,1.0,2.0,-1.0,3.0,0.0,0.0,0.0,0.0,0.0,0.0,66.7,0.0,25.0,25.0,1604.3,1526.9
2021-07-03,2021,America MG,Santos,2.0,0.0,H,U,2.21,3.09,3.47,5,0.0,0.0,0.0,2.0,2.0,2.0,0.0,2.0,6.0,-4.0,0.0,-4.0,4.0,0.0,0.0,0.0,0.0,1.0,-1.0,0.0,25.0,0.0,66.7,1430.0,1573.8
2021-07-02,2021,Cuiaba,Flamengo RJ,0.0,2.0,A,U,5.95,3.76,1.59,2,,,,,,,,,,,,,,,,,,,,0.0,0.0,0.0,100.0,1491.1,1669.3
2021-07-01,2021,Santos,Sport Recife,0.0,0.0,D,U,1.67,3.36,5.89,5,2.0,0.0,0.0,3.0,4.0,1.0,3.0,0.0,4.0,-4.0,4.0,-3.0,7.0,2.0,0.0,2.0,0.0,0.0,0.0,75.0,0.0,0.0,75.0,1577.3,1451.7
2021-07-01,2021,Juventude,Gremio,2.0,0.0,H,U,4.49,3.14,1.91,5,2.0,,1.0,,2.0,,,3.0,,,-1.0,,,0.0,,,1.0,,,50.0,50.0,0.0,100.0,1509.4,1562.4
2021-07-01,2021,Corinthians,Sao Paulo,0.0,0.0,D,U,3.12,2.83,2.57,4,1.0,0.0,2.0,2.0,3.0,1.0,2.0,4.0,4.0,0.0,-1.0,-3.0,2.0,0.0,0.0,0.0,0.0,1.0,-1.0,33.3,66.7,0.0,75.0,1537.2,1562.9
2021-07-01,2021,Bragantino,Ceara,0.0,0.0,D,U,1.62,3.79,5.47,4,1.0,0.0,0.0,1.0,8.0,2.0,6.0,6.0,4.0,2.0,2.0,-2.0,4.0,1.0,0.0,1.0,0.0,1.0,-1.0,33.3,0.0,0.0,33.3,1610.0,1528.8
2021-07-01,2021,Atletico-MG,Atletico GO,4.0,1.0,H,O,1.75,3.36,5.17,4,1.0,,1.0,,3.0,,,3.0,,,0.0,,,0.0,,,0.0,,,33.3,33.3,50.0,50.0,1575.7,1534.8
2021-06-30,2021,Internacional,Palmeiras,1.0,2.0,A,O,2.58,3.1,2.84,4,0.0,1.0,1.0,2.0,3.0,4.0,-1.0,4.0,4.0,0.0,-1.0,0.0,-1.0,0.0,1.0,-1.0,0.0,1.0,-1.0,0.0,33.3,33.3,66.7,1598.8,1605.8
2021-06-30,2021,Fortaleza,Chapecoense-SC,3.0,2.0,H,O,1.5,3.99,6.78,4,2.0,0.0,0.0,0.0,7.0,4.0,3.0,2.0,4.0,-2.0,5.0,0.0,5.0,1.0,0.0,1.0,0.0,0.0,0.0,66.7,0.0,0.0,25.0,1519.0,1443.7
2021-06-30,2021,Fluminense,Athletico-PR,1.0,4.0,A,O,2.44,2.9,3.22,4,2.0,2.0,0.0,1.0,3.0,5.0,-2.0,1.0,2.0,-1.0,2.0,3.0,-1.0,0.0,1.0,-1.0,0.0,0.0,0.0,66.7,0.0,66.7,33.3,1587.1,1594.6
2021-06-30,2021,Bahia,America MG,3.0,4.0,A,O,2.12,3.11,3.69,5,1.0,0.0,1.0,3.0,2.0,1.0,1.0,2.0,5.0,-3.0,0.0,-4.0,4.0,0.0,0.0,0.0,0.0,1.0,-1.0,50.0,25.0,0.0,100.0,1521.8,1417.1
2021-06-29,2021,Atletico GO,Bragantino,0.0,1.0,A,U,3.33,3.21,2.21,4,2.0,3.0,0.0,0.0,3.0,8.0,-5.0,0.0,3.0,-3.0,3.0,5.0,-2.0,1.0,1.0,0.0,0.0,0.0,0.0,66.7,0.0,100.0,0.0,1543.1,1601.7
2021-06-28,2021,Sport Recife,Cuiaba,0.0,0.0,D,U,2.33,2.92,3.45,3,,0.0,,1.0,,2.0,,,3.0,,,-1.0,,,0.0,,,0.0,,50.0,50.0,0.0,33.3,1450.5,1492.3
2021-06-28,2021,Santos,Atletico-MG,2.0,0.0,H,U,2.86,3.13,2.53,4,2.0,2.0,0.0,1.0,5.0,3.0,2.0,1.0,2.0,-1.0,4.0,1.0,3.0,2.0,0.0,2.0,0.0,0.0,0.0,66.7,0.0,66.7,33.3,1566.8,1586.2
2021-06-28,2021,Palmeiras,Bahia,3.0,2.0,H,O,1.62,3.74,5.58,4,2.0,,0.0,,6.0,,,3.0,,,3.0,,,1.0,,,0.0,,,66.7,0.0,50.0,0.0,1597.7,1529.8
2021-06-28,2021,Gremio,Fortaleza,0.0,0.0,D,U,1.96,3.15,4.23,3,,1.0,,1.0,,3.0,,,3.0,,,0.0,,,0.0,,,0.0,,0.0,50.0,33.3,33.3,1563.8,1517.7
2021-06-28,2021,Ceara,Sao Paulo,1.0,1.0,D,U,2.72,3.04,2.72,4,2.0,0.0,1.0,3.0,6.0,0.0,6.0,5.0,5.0,0.0,1.0,-5.0,6.0,0.0,0.0,0.0,0.0,2.0,-2.0,66.7,33.3,0.0,100.0,1527.8,1563.9
2021-06-28,2021,Athletico-PR,Chapecoense-SC,2.0,2.0,D,O,1.56,3.62,6.84,3,,0.0,,1.0,,3.0,,,5.0,,,-2.0,,,0.0,,,1.0,,100.0,0.0,0.0,33.3,1598.8,1439.5
2021-06-28,2021,America MG,Internacional,1.0,1.0,D,U,2.75,2.93,2.79,4,0.0,2.0,1.0,1.0,1.0,4.0,-3.0,2.0,6.0,-4.0,-1.0,-2.0,1.0,0.0,0.0,0.0,0.0,1.0,-1.0,0.0,33.3,66.7,33.3,1412.1,1603.8
2021-06-27,2021,Juventude,Flamengo RJ,1.0,0.0,H,U,7.16,4.07,1.47,4,1.0,,2.0,,1.0,,,6.0,,,-5.0,,,0.0,,,2.0,,,33.3,66.7,,,1494.4,1684.3
2021-06-27,2021,Fluminense,Corinthians,1.0,1.0,D,U,2.5,2.8,3.25,3,,1.0,,0.0,,2.0,,,1.0,,,1.0,,,0.0,,,0.0,,100.0,0.0,33.3,0.0,1588.6,1535.7
2021-06-25,2021,Gremio,Santos,2.0,2.0,D,O,2.04,3.07,4.03,2,,,,,,,,,,,,,,,,,,,,0.0,100.0,0.0,100.0,1563.7,1566.8
2021-06-25,2021,Bahia,Athletico-PR,2.0,1.0,H,O,2.61,2.86,3.02,4,1.0,,1.0,,3.0,,,1.0,,,2.0,,,1.0,,,0.0,,,33.3,33.3,100.0,0.0,1517.2,1611.5
2021-06-24,2021,Corinthians,Sport Recife,2.0,1.0,H,O,1.73,3.37,5.31,3,,0.0,,2.0,,2.0,,,4.0,,,-2.0,,,0.0,,,0.0,,0.0,100.0,0.0,66.7,1527.6,1458.6
2021-06-24,2021,Chapecoense-SC,Internacional,1.0,2.0,A,O,4.22,3.19,1.94,3,,,,,,,,,,,,,,,,,,,,0.0,50.0,50.0,50.0,1445.3,1598.0
2021-06-24,2021,Ceara,Atletico-MG,2.0,1.0,H,O,3.24,3.19,2.26,3,,,,,,,,,,,,,,,,,,,,50.0,50.0,100.0,0.0,1515.5,1598.6
2021-06-24,2021,America MG,Juventude,1.0,1.0,D,U,1.77,3.23,5.25,3,,,,,,,,,,,,,,,,,,,,0.0,50.0,0.0,0.0,1409.6,1496.8
2021-06-23,2021,Sao Paulo,Cuiaba,2.0,2.0,D,O,1.53,3.81,6.92,3,,,,,,,,,,,,,,,,,,,,0.0,0.0,0.0,50.0,1566.0,1490.2
2021-06-23,2021,Flamengo RJ,Fortaleza,2.0,1.0,H,O,1.44,4.23,7.42,4,2.0,,1.0,,5.0,,,3.0,,,2.0,,,1.0,,,0.0,,,66.7,33.3,50.0,0.0,1678.5,1523.5
2021-06-23,2021,Bragantino,Palmeiras,3.0,1.0,H,O,2.55,3.15,2.81,3,,,,,,,,,,,,,,,,,,,,0.0,0.0,50.0,50.0,1591.2,1608.2
2021-06-23,2021,Atletico GO,Fluminense,1.0,0.0,H,U,2.78,2.86,2.81,3,,0.0,,0.0,,3.0,,,3.0,,,0.0,,,0.0,,,0.0,,50.0,0.0,0.0,0.0,1531.1,1600.6
2021-06-22,2021,Atletico-MG,Chapecoense-SC,1.0,1.0,D,U,1.28,5.43,10.08,3,,,,,,,,,,,,,,,,,,,,50.0,50.0,0.0,50.0,1602.9,1441.0
2021-06-21,2021,Juventude,Sport Recife,1.0,0.0,H,U,2.42,2.93,3.21,3,,,,,,,,,,,,,,,,,,,,0.0,100.0,0.0,50.0,1487.4,1468.0
2021-06-20,2021,Santos,Sao Paulo,2.0,0.0,H,U,3.06,3.09,2.41,3,,,,,,,,,,,,,,,,,,,,50.0,0.0,0.0,100.0,1556.3,1576.6
2021-06-20,2021,Palmeiras,America MG,2.0,1.0,H,O,1.58,3.73,6.08,3,,,,,,,,,,,,,,,,,,,,50.0,0.0,0.0,100.0,1603.2,1414.7
2021-06-20,2021,Internacional,Ceara,1.0,1.0,D,U,1.67,3.54,5.44,3,,,,,,,,,,,,,,,,,,,,0.0,50.0,0.0,50.0,1600.4,1513.0
2021-06-20,2021,Fortaleza,Fluminense,1.0,1.0,D,U,2.33,2.94,3.4,3,,,,,,,,,,,,,,,,,,,,100.0,0.0,0.0,0.0,1521.2,1602.9
2021-06-20,2021,Flamengo RJ,Bragantino,2.0,3.0,A,O,1.63,3.78,5.33,3,,,,,,,,,,,,,,,,,,,,100.0,0.0,100.0,0.0,1691.6,1578.1
2021-06-20,2021,Bahia,Corinthians,0.0,0.0,D,U,2.34,3.04,3.27,3,,,,,,,,,,,,,,,,,,,,50.0,50.0,50.0,0.0,1516.9,1527.9
2021-06-20,2021,Athletico-PR,Atletico GO,2.0,1.0,H,O,2.02,2.99,4.29,2,,,,,,,,,,,,,,,,,,,,100.0,0.0,100.0,0.0,1603.3,1539.3
2021-06-17,2021,Sport Recife,Gremio,1.0,0.0,H,U,4.45,3.39,1.84,2,,,,,,,,,,,,,,,,,,,,0.0,100.0,0.0,100.0,1454.6,1577.0
2021-06-17,2021,Juventude,Palmeiras,0.0,3.0,A,O,5.0,3.39,1.76,2,,,,,,,,,,,,,,,,,,,,0.0,100.0,0.0,100.0,1494.6,1596.0
2021-06-17,2021,Fluminense,Santos,1.0,0.0,H,U,2.07,3.12,3.86,2,,,,,,,,,,,,,,,,,,,,100.0,0.0,0.0,100.0,1593.7,1565.4
2021-06-17,2021,Corinthians,Bragantino,1.0,2.0,A,O,2.51,2.95,3.07,2,,,,,,,,,,,,,,,,,,,,0.0,100.0,100.0,0.0,1537.0,1569.0
2021-06-17,2021,Ceara,Bahia,1.0,2.0,A,O,2.48,3.04,3.02,2,,,,,,,,,,,,,,,,,,,,100.0,0.0,0.0,0.0,1523.5,1506.4
2021-06-17,2021,Atletico GO,Fortaleza,0.0,0.0,D,U,2.51,2.82,3.22,2,,,,,,,,,,,,,,,,,,,,100.0,0.0,100.0,0.0,1539.8,1520.7
2021-06-17,2021,America MG,Cuiaba,0.0,0.0,D,U,1.97,3.07,4.37,2,,,,,,,,,,,,,,,,,,,,0.0,100.0,0.0,100.0,1412.4,1492.5
2021-06-16,2021,Sao Paulo,Chapecoense-SC,1.0,1.0,D,U,1.35,4.88,8.64,2,,,,,,,,,,,,,,,,,,,,0.0,0.0,0.0,100.0,1580.5,1437.1
2021-06-16,2021,Internacional,Atletico-MG,0.0,1.0,A,U,2.5,3.12,2.88,2,,,,,,,,,,,,,,,,,,,,0.0,0.0,100.0,0.0,1611.0,1592.4
2021-06-14,2021,Fortaleza,Sport Recife,1.0,0.0,H,U,1.68,3.45,5.62,2,,,,,,,,,,,,,,,,,,,,100.0,0.0,0.0,0.0,1512.1,1463.2
2021-06-14,2021,Chapecoense-SC,Ceara,0.0,0.0,D,U,3.22,3.04,2.37,2,,,,,,,,,,,,,,,,,,,,0.0,100.0,0.0,100.0,1434.5,1526.1
2021-06-14,2021,Bragantino,Fluminense,2.0,2.0,D,O,1.99,3.26,3.94,2,,,,,,,,,,,,,,,,,,,,0.0,0.0,0.0,0.0,1568.2,1594.5
2021-06-14,2021,Bahia,Internacional,0.0,1.0,A,U,2.54,3.19,2.8,2,,,,,,,,,,,,,,,,,,,,100.0,0.0,0.0,100.0,1513.9,1603.5
2021-06-13,2021,Gremio,Athletico-PR,0.0,1.0,A,U,1.83,3.25,4.78,1,,,,,,,,,,,,,,,,,,,,,,100.0,0.0,1586.9,1593.5
2021-06-13,2021,Flamengo RJ,America MG,2.0,0.0,H,U,1.5,4.07,6.71,2,,,,,,,,,,,,,,,,,,,,100.0,0.0,0.0,100.0,1688.2,1415.8
2021-06-13,2021,Atletico-MG,Sao Paulo,1.0,0.0,H,U,2.12,3.19,3.6,2,,,,,,,,,,,,,,,,,,,,0.0,100.0,0.0,100.0,1582.1,1590.8
2021-06-12,2021,Santos,Juventude,0.0,0.0,D,U,1.63,3.73,5.51,2,,,,,,,,,,,,,,,,,,,,100.0,0.0,0.0,0.0,1567.6,1492.4
2021-06-12,2021,Palmeiras,Corinthians,1.0,1.0,D,U,1.88,3.3,4.36,2,,,,,,,,,,,,,,,,,,,,100.0,0.0,100.0,0.0,1597.8,1535.2
2021-06-07,2021,Sport Recife,Atletico-MG,0.0,1.0,A,U,4.23,3.33,1.9,1,,,,,,,,,,,,,,,,,,,,,,,,1470.3,1575.1
2021-06-06,2021,Santos,Ceara,3.0,1.0,H,O,1.96,3.32,4.0,1,,,,,,,,,,,,,,,,,,,,,,,,1558.2,1535.4
2021-06-06,2021,Palmeiras,Chapecoense-SC,3.0,1.0,H,O,1.37,4.51,8.91,1,,,,,,,,,,,,,,,,,,,,,,,,1591.9,1440.4
2021-06-06,2021,Juventude,Athletico-PR,0.0,3.0,A,O,2.82,2.95,2.7,1,,,,,,,,,,,,,,,,,,,,,,,,1500.0,1585.9
2021-06-06,2021,Fortaleza,Internacional,5.0,1.0,H,O,2.66,2.93,2.9,1,,,,,,,,,,,,,,,,,,,,,,,,1498.8,1616.7
2021-06-06,2021,Fluminense,Cuiaba,1.0,0.0,H,U,1.71,3.45,5.31,1,,,,,,,,,,,,,,,,,,,,,,,,1586.9,1500.0
2021-06-06,2021,Bragantino,Bahia,3.0,3.0,D,O,1.95,3.31,4.05,1,,,,,,,,,,,,,,,,,,,,,,,,1569.9,1512.2
2021-06-06,2021,America MG,Corinthians,0.0,1.0,A,U,2.12,3.03,3.81,1,,,,,,,,,,,,,,,,,,,,,,,,1422.9,1528.2
2021-06-05,2021,Atletico GO,Sao Paulo,2.0,0.0,H,U,3.38,2.84,2.41,1,,,,,,,,,,,,,,,,,,,,,,,,1527.7,1602.9
2021-05-31,2021,Internacional,Sport Recife,2.0,2.0,D,O,1.32,5.07,9.41,1,,,,,,,,,,,,,,,,,,,,,,,,1620.9,1466.1
2021-05-30,2021,Sao Paulo,Fluminense,0.0,0.0,D,U,1.9,3.12,4.65,1,,,,,,,,,,,,,,,,,,,,,,,,1603.4,1586.4
2021-05-30,2021,Flamengo RJ,Palmeiras,1.0,0.0,H,U,1.82,3.52,4.33,1,,,,,,,,,,,,,,,,,,,,,,,,1680.5,1599.6
2021-05-30,2021,Corinthians,Atletico GO,0.0,1.0,A,U,2.01,3.22,3.9,1,,,,,,,,,,,,,,,,,,,,,,,,1538.8,1517.1
2021-05-30,2021,Chapecoense-SC,Bragantino,0.0,3.0,A,O,3.88,3.25,2.02,1,,,,,,,,,,,,,,,,,,,,,,,,1447.2,1563.1
2021-05-30,2021,Ceara,Gremio,3.0,2.0,H,O,3.62,3.09,2.16,1,,,,,,,,,,,,,,,,,,,,,,,,1523.3,1599.0
2021-05-30,2021,Bahia,Santos,3.0,0.0,H,O,2.36,3.15,3.09,1,,,,,,,,,,,,,,,,,,,,,,,,1500.2,1570.2
2021-05-30,2021,Atletico-MG,Fortaleza,1.0,2.0,A,O,1.47,4.14,6.98,1,,,,,,,,,,,,,,,,,,,,,,,,1587.9,1485.9
2021-05-30,2021,Athletico-PR,America MG,1.0,0.0,H,U,2.44,2.95,3.18,1,,,,,,,,,,,,,,,,,,,,,,,,1580.0,1428.8
2021-05-29,2021,Cuiaba,Juventude,2.0,2.0,D,O,2.21,3.06,3.51,1,,,,,,,,,,,,,,,,,,,,,,,,1500.0,1500.0
2021-02-26,2020,Vasco,Goias,3.0,2.0,H,O,1.82,3.56,4.25,19,1.0,1.0,1.0,1.0,3.0,7.0,-4.0,4.0,9.0,-5.0,-1.0,-2.0,1.0,0.0,0.0,0.0,1.0,1.0,0.0,33.3,38.9,16.7,55.6,1474.7,1484.9
2021-02-26,2020,Sao Paulo,Flamengo RJ,2.0,1.0,H,O,4.71,4.02,1.67,19,0.0,2.0,0.0,0.0,3.0,8.0,-5.0,3.0,3.0,0.0,0.0,5.0,-5.0,0.0,2.0,-2.0,0.0,0.0,0.0,50.0,11.1,55.6,22.2,1590.5,1693.4
2021-02-26,2020,Internacional,Corinthians,0.0,0.0,D,U,1.45,4.19,7.2,19,2.0,0.0,1.0,3.0,5.0,2.0,3.0,4.0,5.0,-1.0,1.0,-3.0,4.0,0.0,0.0,0.0,0.0,0.0,0.0,66.7,11.1,27.8,50.0,1623.4,1536.4
2021-02-26,2020,Fluminense,Fortaleza,2.0,0.0,H,U,1.74,3.38,5.09,19,2.0,0.0,0.0,3.0,5.0,0.0,5.0,0.0,7.0,-7.0,5.0,-7.0,12.0,2.0,0.0,2.0,0.0,3.0,-3.0,55.6,16.7,11.1,61.1,1578.8,1493.5
2021-02-26,2020,Ceara,Botafogo RJ,2.0,1.0,H,O,1.81,3.81,4.02,19,1.0,0.0,2.0,2.0,3.0,1.0,2.0,6.0,5.0,1.0,-3.0,-4.0,1.0,0.0,0.0,0.0,2.0,2.0,0.0,33.3,38.9,11.1,50.0,1516.3,1406.2
2021-02-26,2020,Bragantino,Gremio,1.0,0.0,H,U,1.7,3.79,4.74,19,2.0,1.0,0.0,1.0,7.0,7.0,0.0,2.0,5.0,-3.0,5.0,2.0,3.0,2.0,1.0,1.0,0.0,0.0,0.0,50.0,22.2,22.2,16.7,1551.4,1610.7
2021-02-26,2020,Bahia,Santos,2.0,0.0,H,U,1.53,4.02,6.2,19,1.0,0.0,1.0,1.0,5.0,4.0,1.0,5.0,6.0,-1.0,0.0,-2.0,2.0,0.0,0.0,0.0,0.0,1.0,-1.0,44.4,44.4,27.8,44.4,1487.6,1582.9
2021-02-26,2020,Atletico-MG,Palmeiras,2.0,0.0,H,U,1.5,4.38,5.93,19,2.0,0.0,0.0,2.0,5.0,2.0,3.0,1.0,4.0,-3.0,4.0,-2.0,6.0,2.0,0.0,2.0,0.0,0.0,0.0,72.2,5.6,33.3,38.9,1576.9,1610.6
2021-02-26,2020,Atletico GO,Coritiba,3.0,1.0,H,O,1.61,3.82,5.52,19,2.0,0.0,0.0,2.0,5.0,2.0,3.0,2.0,6.0,-4.0,3.0,-4.0,7.0,1.0,0.0,1.0,0.0,2.0,-2.0,27.8,22.2,16.7,61.1,1509.2,1434.1
2021-02-26,2020,Athletico-PR,Sport Recife,2.0,0.0,H,U,1.81,3.48,4.42,19,2.0,2.0,0.0,1.0,4.0,3.0,1.0,2.0,4.0,-2.0,2.0,-1.0,3.0,0.0,0.0,0.0,0.0,1.0,-1.0,44.4,27.8,22.2,55.6,1572.8,1473.3
2021-02-22,2020,Palmeiras,Atletico GO,1.0,1.0,D,U,1.57,3.93,5.66,19,1.0,1.0,0.0,2.0,5.0,4.0,1.0,2.0,5.0,-3.0,3.0,-1.0,4.0,1.0,1.0,0.0,0.0,1.0,-1.0,50.0,11.1,33.3,44.4,1613.5,1506.2
2021-02-22,2020,Botafogo RJ,Sao Paulo,1.0,0.0,H,U,7.87,4.84,1.37,19,0.0,1.0,3.0,1.0,3.0,4.0,-1.0,9.0,4.0,5.0,-6.0,0.0,-6.0,0.0,0.0,0.0,2.0,0.0,2.0,11.1,61.1,44.4,27.8,1390.7,1606.0
2021-02-21,2020,Sport Recife,Atletico-MG,2.0,3.0,A,O,5.47,3.74,1.62,19,1.0,0.0,1.0,2.0,2.0,2.0,0.0,3.0,4.0,-1.0,-1.0,-2.0,1.0,1.0,0.0,1.0,1.0,0.0,1.0,44.4,44.4,27.8,50.0,1480.8,1569.4
2021-02-21,2020,Santos,Fluminense,1.0,1.0,D,U,2.36,3.08,3.15,19,2.0,2.0,1.0,0.0,6.0,7.0,-1.0,4.0,4.0,0.0,2.0,3.0,-1.0,1.0,1.0,0.0,0.0,0.0,0.0,50.0,16.7,38.9,38.9,1583.0,1578.7
2021-02-21,2020,Gremio,Athletico-PR,1.0,0.0,H,U,1.9,3.25,4.29,19,0.0,1.0,2.0,1.0,6.0,5.0,1.0,9.0,4.0,5.0,-3.0,1.0,-4.0,0.0,1.0,-1.0,1.0,0.0,1.0,50.0,16.7,33.3,50.0,1601.2,1582.3
2021-02-21,2020,Goias,Bragantino,0.0,0.0,D,U,4.27,3.81,1.75,19,2.0,1.0,1.0,1.0,3.0,3.0,0.0,4.0,2.0,2.0,-1.0,1.0,-2.0,1.0,1.0,0.0,1.0,0.0,1.0,33.3,44.4,16.7,38.9,1482.9,1553.4
2021-02-21,2020,Fortaleza,Bahia,0.0,4.0,A,O,2.21,3.06,3.48,19,3.0,0.0,0.0,1.0,8.0,1.0,7.0,1.0,3.0,-2.0,7.0,-2.0,9.0,3.0,0.0,3.0,0.0,1.0,-1.0,44.4,22.2,11.1,55.6,1504.3,1476.8
2021-02-21,2020,Flamengo RJ,Internacional,2.0,1.0,H,O,1.58,3.95,5.66,19,3.0,2.0,0.0,0.0,6.0,7.0,-1.0,1.0,1.0,0.0,5.0,6.0,-1.0,2.0,2.0,0.0,0.0,0.0,0.0,55.6,22.2,44.4,27.8,1684.9,1631.9
2021-02-21,2020,Corinthians,Vasco,0.0,0.0,D,U,1.83,3.49,4.24,19,1.0,0.0,1.0,2.0,5.0,1.0,4.0,6.0,6.0,0.0,-1.0,-5.0,4.0,0.0,0.0,0.0,1.0,2.0,-1.0,44.4,22.2,16.7,55.6,1538.2,1472.8
2021-02-20,2020,Sao Paulo,Palmeiras,1.0,1.0,D,U,2.17,3.12,3.48,18,0.0,0.0,1.0,3.0,3.0,1.0,2.0,7.0,5.0,2.0,-4.0,-4.0,0.0,0.0,0.0,0.0,1.0,1.0,0.0,52.9,11.8,35.3,41.2,1605.8,1613.8
2021-02-20,2020,Coritiba,Ceara,0.0,2.0,A,U,3.47,3.27,2.11,19,1.0,1.0,0.0,1.0,5.0,6.0,-1.0,4.0,3.0,1.0,1.0,3.0,-2.0,0.0,1.0,-1.0,0.0,0.0,0.0,22.2,44.4,33.3,38.9,1442.2,1508.2
2021-02-17,2020,Santos,Corinthians,1.0,0.0,H,U,2.29,3.18,3.17,18,2.0,0.0,1.0,3.0,7.0,2.0,5.0,5.0,8.0,-3.0,2.0,-6.0,8.0,1.0,0.0,1.0,0.0,1.0,-1.0,47.1,17.6,29.4,47.1,1573.8,1547.5
2021-02-17,2020,Coritiba,Palmeiras,1.0,0.0,H,U,5.1,3.56,1.69,18,0.0,1.0,0.0,2.0,4.0,2.0,2.0,4.0,4.0,0.0,0.0,-2.0,2.0,0.0,0.0,0.0,0.0,1.0,-1.0,17.6,47.1,37.5,37.5,1427.0,1629.0
2021-02-15,2020,Sport Recife,Bragantino,0.0,0.0,D,U,4.37,3.59,1.79,18,1.0,2.0,2.0,1.0,2.0,5.0,-3.0,4.0,3.0,1.0,-2.0,2.0,-4.0,1.0,1.0,0.0,1.0,0.0,1.0,47.1,47.1,17.6,41.2,1478.7,1555.6
2021-02-15,2020,Ceara,Fluminense,1.0,3.0,A,O,2.45,3.1,2.98,18,1.0,1.0,2.0,1.0,3.0,4.0,-1.0,5.0,8.0,-3.0,-2.0,-4.0,2.0,0.0,0.0,0.0,1.0,1.0,0.0,35.3,35.3,35.3,41.2,1516.7,1570.2
2021-02-14,2020,Vasco,Internacional,0.0,2.0,A,U,3.29,2.98,2.35,18,1.0,2.0,1.0,0.0,3.0,7.0,-4.0,3.0,1.0,2.0,0.0,6.0,-6.0,0.0,2.0,-2.0,0.0,0.0,0.0,35.3,35.3,41.2,29.4,1478.8,1625.9
2021-02-14,2020,Palmeiras,Fortaleza,3.0,0.0,H,O,2.09,3.17,3.67,18,1.0,0.0,0.0,3.0,6.0,2.0,4.0,2.0,8.0,-6.0,4.0,-6.0,10.0,1.0,0.0,1.0,0.0,3.0,-3.0,47.1,11.8,11.8,58.8,1622.1,1511.2
2021-02-14,2020,Gremio,Sao Paulo,1.0,2.0,A,O,2.2,3.27,3.28,18,0.0,0.0,1.0,2.0,6.0,4.0,2.0,8.0,7.0,1.0,-2.0,-3.0,1.0,0.0,0.0,0.0,1.0,1.0,0.0,52.9,11.8,41.2,29.4,1611.7,1595.3
2021-02-14,2020,Flamengo RJ,Corinthians,2.0,1.0,H,O,1.31,5.19,9.12,18,2.0,1.0,1.0,2.0,4.0,3.0,1.0,2.0,6.0,-4.0,2.0,-3.0,5.0,2.0,1.0,1.0,1.0,1.0,0.0,52.9,23.5,31.2,43.8,1678.3,1554.0
2021-02-14,2020,Athletico-PR,Atletico GO,2.0,1.0,H,O,1.87,3.37,4.23,18,1.0,1.0,0.0,2.0,3.0,4.0,-1.0,2.0,6.0,-4.0,1.0,-2.0,3.0,0.0,1.0,-1.0,0.0,2.0,-2.0,41.2,29.4,35.3,41.2,1574.0,1514.5
2021-02-13,2020,Santos,Coritiba,2.0,0.0,H,U,1.31,5.12,9.14,17,1.0,1.0,1.0,1.0,6.0,3.0,3.0,6.0,4.0,2.0,0.0,-1.0,1.0,0.0,0.0,0.0,0.0,1.0,-1.0,43.8,18.8,17.6,58.8,1567.5,1433.3
2021-02-13,2020,Goias,Botafogo RJ,2.0,0.0,H,U,1.8,3.67,4.17,18,1.0,0.0,2.0,2.0,1.0,2.0,-1.0,7.0,5.0,2.0,-6.0,-3.0,-3.0,0.0,0.0,0.0,2.0,1.0,1.0,29.4,47.1,11.8,47.1,1475.0,1398.5
2021-02-13,2020,Atletico-MG,Bahia,1.0,1.0,D,U,1.38,4.89,7.19,18,3.0,0.0,0.0,1.0,7.0,1.0,6.0,1.0,3.0,-2.0,6.0,-2.0,8.0,3.0,0.0,3.0,0.0,1.0,-1.0,76.5,5.9,11.8,58.8,1572.2,1474.0
2021-02-11,2020,Sao Paulo,Ceara,1.0,1.0,D,U,1.69,3.67,4.96,17,0.0,2.0,2.0,1.0,2.0,7.0,-5.0,7.0,2.0,5.0,-5.0,5.0,-10.0,0.0,2.0,-2.0,1.0,0.0,1.0,56.2,12.5,35.3,41.2,1597.7,1514.3
2021-02-11,2020,Fluminense,Atletico-MG,0.0,0.0,D,U,3.42,3.2,2.16,18,3.0,0.0,0.0,2.0,6.0,3.0,3.0,0.0,5.0,-5.0,6.0,-2.0,8.0,2.0,0.0,2.0,0.0,0.0,0.0,58.8,17.6,29.4,52.9,1570.2,1572.3
2021-02-11,2020,Corinthians,Athletico-PR,3.0,3.0,D,O,1.97,3.24,3.98,18,2.0,1.0,1.0,1.0,5.0,2.0,3.0,3.0,1.0,2.0,2.0,1.0,1.0,1.0,1.0,0.0,1.0,0.0,1.0,47.1,23.5,35.3,52.9,1553.4,1574.6
2021-02-10,2020,Internacional,Sport Recife,1.0,2.0,A,O,1.48,3.91,7.29,18,3.0,1.0,0.0,2.0,8.0,1.0,7.0,4.0,4.0,0.0,4.0,-3.0,7.0,1.0,0.0,1.0,0.0,1.0,-1.0,70.6,5.9,17.6,58.8,1640.6,1464.0
2021-02-10,2020,Fortaleza,Vasco,3.0,0.0,H,O,2.01,2.94,4.36,18,2.0,0.0,0.0,2.0,5.0,2.0,3.0,1.0,7.0,-6.0,4.0,-5.0,9.0,2.0,0.0,2.0,0.0,2.0,-2.0,41.2,23.5,17.6,52.9,1501.6,1488.5
2021-02-08,2020,Botafogo RJ,Gremio,2.0,5.0,A,O,6.34,4.15,1.5,18,0.0,0.0,3.0,1.0,1.0,3.0,-2.0,6.0,4.0,2.0,-5.0,-1.0,-4.0,0.0,0.0,0.0,2.0,0.0,2.0,11.8,58.8,17.6,17.6,1403.3,1607.0
2021-02-07,2020,Bragantino,Flamengo RJ,1.0,1.0,D,U,3.12,3.58,2.13,18,2.0,2.0,0.0,1.0,8.0,8.0,0.0,3.0,4.0,-1.0,5.0,4.0,1.0,2.0,2.0,0.0,0.0,0.0,0.0,52.9,23.5,58.8,23.5,1552.0,1681.9
2021-02-07,2020,Atletico GO,Santos,1.0,1.0,D,U,2.44,3.17,2.93,18,2.0,0.0,0.0,2.0,5.0,3.0,2.0,2.0,7.0,-5.0,3.0,-4.0,7.0,1.0,0.0,1.0,0.0,2.0,-2.0,29.4,23.5,29.4,47.1,1512.9,1569.1
2021-02-06,2020,Bahia,Goias,3.0,3.0,D,O,1.62,3.88,5.18,18,2.0,1.0,1.0,2.0,3.0,4.0,-1.0,2.0,7.0,-5.0,1.0,-3.0,4.0,0.0,0.0,0.0,0.0,1.0,-1.0,47.1,47.1,17.6,58.8,1474.0,1475.1
2021-02-05,2020,Flamengo RJ,Vasco,2.0,0.0,H,U,1.29,5.51,9.42,17,1.0,0.0,2.0,1.0,3.0,2.0,1.0,4.0,5.0,-1.0,-1.0,-3.0,2.0,1.0,0.0,1.0,1.0,1.0,0.0,50.0,25.0,18.8,50.0,1676.7,1493.6
2021-02-05,2020,Botafogo RJ,Sport Recife,0.0,1.0,A,U,2.73,3.06,2.67,17,0.0,0.0,3.0,3.0,1.0,0.0,1.0,7.0,5.0,2.0,-6.0,-5.0,-1.0,0.0,0.0,0.0,3.0,1.0,2.0,12.5,56.2,12.5,62.5,1412.0,1455.2
2021-02-05,2020,Athletico-PR,Internacional,0.0,0.0,D,U,3.15,3.03,2.41,17,2.0,3.0,0.0,0.0,6.0,9.0,-3.0,2.0,2.0,0.0,4.0,7.0,-3.0,1.0,2.0,-1.0,0.0,0.0,0.0,43.8,31.2,43.8,31.2,1572.6,1642.5
2021-02-04,2020,Goias,Atletico-MG,1.0,0.0,H,U,7.04,4.69,1.41,17,1.0,0.0,2.0,1.0,1.0,5.0,-4.0,7.0,6.0,1.0,-6.0,-1.0,-5.0,0.0,0.0,0.0,2.0,0.0,2.0,25.0,50.0,31.2,50.0,1461.6,1585.7
2021-02-04,2020,Fortaleza,Coritiba,3.0,1.0,H,O,1.56,3.8,6.23,17,1.0,1.0,0.0,1.0,2.0,2.0,0.0,0.0,3.0,-3.0,2.0,-1.0,3.0,1.0,0.0,1.0,0.0,1.0,-1.0,37.5,25.0,18.8,56.2,1493.1,1441.8
2021-02-04,2020,Corinthians,Ceara,2.0,1.0,H,O,1.99,3.36,3.76,17,2.0,2.0,1.0,0.0,8.0,7.0,1.0,2.0,1.0,1.0,6.0,6.0,0.0,2.0,2.0,0.0,1.0,0.0,1.0,43.8,25.0,37.5,37.5,1544.0,1523.7
2021-02-04,2020,Bahia,Fluminense,0.0,1.0,A,U,2.72,3.15,2.63,17,2.0,1.0,1.0,1.0,4.0,5.0,-1.0,3.0,9.0,-6.0,1.0,-4.0,5.0,0.0,0.0,0.0,0.0,1.0,-1.0,50.0,43.8,31.2,43.8,1481.7,1562.5
2021-02-03,2020,Gremio,Santos,3.0,3.0,D,O,1.68,3.67,5.07,17,1.0,1.0,1.0,2.0,5.0,1.0,4.0,6.0,4.0,2.0,-1.0,-3.0,2.0,0.0,0.0,0.0,1.0,2.0,-1.0,56.2,12.5,31.2,50.0,1608.1,1567.9
2021-02-03,2020,Bragantino,Atletico GO,2.0,0.0,H,U,1.59,3.94,5.45,17,2.0,1.0,0.0,2.0,10.0,5.0,5.0,5.0,6.0,-1.0,5.0,-1.0,6.0,2.0,1.0,1.0,0.0,1.0,-1.0,50.0,25.0,37.5,37.5,1542.6,1522.3
2021-02-02,2020,Palmeiras,Botafogo RJ,1.0,1.0,D,U,1.49,4.25,6.28,17,1.0,0.0,0.0,3.0,6.0,1.0,5.0,2.0,7.0,-5.0,4.0,-6.0,10.0,1.0,0.0,1.0,0.0,2.0,-2.0,50.0,12.5,12.5,50.0,1627.7,1406.4
2021-02-01,2020,Sport Recife,Flamengo RJ,0.0,3.0,A,O,8.36,5.06,1.34,17,2.0,2.0,1.0,1.0,3.0,8.0,-5.0,1.0,4.0,-3.0,2.0,4.0,-2.0,1.0,2.0,-1.0,0.0,0.0,0.0,50.0,43.8,56.2,25.0,1459.8,1672.2
2021-01-31,2020,Vasco,Bahia,0.0,0.0,D,U,2.28,3.1,3.29,17,2.0,0.0,1.0,2.0,6.0,2.0,4.0,3.0,5.0,-2.0,3.0,-3.0,6.0,1.0,0.0,1.0,0.0,1.0,-1.0,37.5,37.5,12.5,62.5,1494.0,1481.3
2021-01-31,2020,Internacional,Bragantino,2.0,1.0,H,O,2.2,3.19,3.37,17,3.0,2.0,0.0,1.0,7.0,4.0,3.0,3.0,2.0,1.0,4.0,2.0,2.0,1.0,1.0,0.0,0.0,0.0,0.0,68.8,6.2,18.8,37.5,1634.9,1550.2
2021-01-31,2020,Fluminense,Goias,3.0,0.0,H,O,1.7,3.72,4.83,17,2.0,2.0,1.0,1.0,4.0,6.0,-2.0,2.0,5.0,-3.0,2.0,1.0,1.0,1.0,0.0,1.0,0.0,0.0,0.0,56.2,18.8,18.8,56.2,1554.9,1469.2
2021-01-31,2020,Coritiba,Gremio,1.0,1.0,D,U,3.98,3.24,1.98,17,0.0,0.0,1.0,1.0,4.0,2.0,2.0,5.0,3.0,2.0,-1.0,-1.0,0.0,0.0,0.0,0.0,0.0,0.0,0.0,18.8,50.0,18.8,18.8,1437.2,1612.8
2021-01-31,2020,Ceara,Athletico-PR,0.0,2.0,A,U,2.13,3.25,3.48,17,1.0,1.0,2.0,1.0,3.0,2.0,1.0,5.0,1.0,4.0,-2.0,1.0,-3.0,0.0,1.0,-1.0,1.0,0.0,1.0,37.5,31.2,31.2,56.2,1532.9,1563.5
2021-01-31,2020,Atletico-MG,Fortaleza,2.0,0.0,H,U,1.45,4.31,6.86,17,3.0,0.0,0.0,3.0,7.0,2.0,5.0,1.0,7.0,-6.0,6.0,-5.0,11.0,3.0,0.0,3.0,0.0,2.0,-2.0,75.0,6.2,12.5,56.2,1577.9,1500.9
2021-01-31,2020,Atletico GO,Sao Paulo,2.0,1.0,H,O,3.79,3.46,1.97,17,1.0,1.0,0.0,1.0,3.0,5.0,-2.0,1.0,6.0,-5.0,2.0,-1.0,3.0,1.0,0.0,1.0,0.0,1.0,-1.0,25.0,25.0,43.8,25.0,1509.5,1610.5
2021-01-28,2020,Gremio,Flamengo RJ,2.0,4.0,A,O,3.0,3.4,2.28,16,2.0,1.0,0.0,1.0,5.0,4.0,1.0,3.0,2.0,1.0,2.0,2.0,0.0,0.0,1.0,-1.0,0.0,0.0,0.0,60.0,6.7,53.3,26.7,1621.6,1663.4
2021-01-28,2020,Bahia,Corinthians,2.0,1.0,H,O,2.26,3.27,3.16,16,1.0,1.0,2.0,1.0,2.0,2.0,0.0,4.0,4.0,0.0,-2.0,-2.0,0.0,0.0,1.0,-1.0,1.0,1.0,0.0,46.7,46.7,33.3,40.0,1468.9,1556.5
2021-01-26,2020,Palmeiras,Vasco,1.0,1.0,D,U,2.06,3.22,3.71,16,2.0,0.0,0.0,2.0,6.0,1.0,5.0,1.0,7.0,-6.0,5.0,-6.0,11.0,1.0,0.0,1.0,0.0,2.0,-2.0,53.3,13.3,20.0,53.3,1631.6,1490.1
2021-01-26,2020,Atletico-MG,Santos,2.0,0.0,H,U,1.19,6.54,13.41,16,2.0,1.0,0.0,2.0,7.0,1.0,6.0,3.0,3.0,0.0,4.0,-2.0,6.0,2.0,0.0,2.0,0.0,1.0,-1.0,73.3,6.7,33.3,46.7,1567.6,1578.2
2021-01-25,2020,Corinthians,Bragantino,0.0,2.0,A,U,2.54,3.29,2.71,16,3.0,1.0,0.0,1.0,10.0,2.0,8.0,1.0,2.0,-1.0,9.0,0.0,9.0,2.0,0.0,2.0,0.0,0.0,0.0,46.7,20.0,13.3,40.0,1567.3,1539.4
2021-01-24,2020,Vasco,Atletico-MG,3.0,2.0,H,O,4.39,3.67,1.77,16,2.0,0.0,1.0,1.0,4.0,3.0,1.0,1.0,6.0,-5.0,3.0,-3.0,6.0,1.0,0.0,1.0,0.0,1.0,-1.0,33.3,40.0,33.3,46.7,1477.2,1580.4
2021-01-24,2020,Sport Recife,Bahia,2.0,0.0,H,U,2.91,3.12,2.48,16,1.0,0.0,1.0,2.0,2.0,5.0,-3.0,2.0,7.0,-5.0,0.0,-2.0,2.0,0.0,0.0,0.0,0.0,0.0,0.0,46.7,46.7,13.3,60.0,1448.9,1479.7
2021-01-24,2020,Santos,Goias,3.0,4.0,A,O,1.36,4.87,8.17,16,1.0,1.0,0.0,2.0,5.0,3.0,2.0,4.0,4.0,0.0,1.0,-1.0,2.0,0.0,0.0,0.0,0.0,0.0,0.0,46.7,13.3,13.3,60.0,1592.0,1455.5
2021-01-24,2020,Internacional,Gremio,2.0,1.0,H,O,2.79,2.86,2.83,16,3.0,0.0,0.0,0.0,7.0,2.0,5.0,2.0,2.0,0.0,5.0,0.0,5.0,2.0,0.0,2.0,0.0,0.0,0.0,66.7,6.7,20.0,13.3,1624.7,1631.8
2021-01-24,2020,Fluminense,Botafogo RJ,2.0,0.0,H,U,2.09,3.23,3.61,16,2.0,1.0,1.0,2.0,5.0,3.0,2.0,3.0,6.0,-3.0,2.0,-3.0,5.0,1.0,0.0,1.0,0.0,1.0,-1.0,53.3,20.0,13.3,46.7,1548.6,1412.7
2021-01-24,2020,Ceara,Palmeiras,2.0,1.0,H,O,2.35,3.13,3.12,16,0.0,1.0,3.0,2.0,2.0,1.0,1.0,6.0,4.0,2.0,-4.0,-3.0,-1.0,0.0,0.0,0.0,1.0,2.0,-1.0,33.3,33.3,40.0,33.3,1519.4,1645.1
2021-01-24,2020,Atletico GO,Fortaleza,2.0,0.0,H,U,2.36,2.98,3.26,16,1.0,0.0,0.0,3.0,3.0,3.0,0.0,2.0,7.0,-5.0,1.0,-4.0,5.0,0.0,0.0,0.0,0.0,1.0,-1.0,20.0,26.7,13.3,53.3,1499.2,1511.3
2021-01-24,2020,Athletico-PR,Flamengo RJ,2.0,1.0,H,O,4.95,3.87,1.65,16,1.0,2.0,1.0,0.0,4.0,4.0,0.0,2.0,0.0,2.0,2.0,4.0,-2.0,1.0,1.0,0.0,0.0,0.0,0.0,40.0,33.3,57.1,21.4,1550.0,1676.9
2021-01-23,2020,Sao Paulo,Coritiba,1.0,1.0,D,U,1.34,4.9,8.86,16,1.0,1.0,2.0,2.0,4.0,1.0,3.0,6.0,3.0,3.0,-2.0,-2.0,0.0,1.0,0.0,1.0,1.0,1.0,0.0,60.0,13.3,20.0,60.0,1615.4,1432.3
2021-01-22,2020,Corinthians,Sport Recife,3.0,0.0,H,O,1.64,3.65,5.6,15,3.0,0.0,0.0,3.0,8.0,0.0,8.0,1.0,3.0,-2.0,7.0,-3.0,10.0,1.0,0.0,1.0,0.0,0.0,0.0,42.9,21.4,13.3,60.0,1560.2,1456.0
2021-01-21,2020,Sao Paulo,Internacional,1.0,5.0,A,O,2.01,3.23,3.91,15,2.0,2.0,1.0,0.0,7.0,6.0,1.0,1.0,3.0,-2.0,6.0,3.0,3.0,2.0,1.0,1.0,0.0,0.0,0.0,64.3,7.1,40.0,33.3,1625.7,1614.4
2021-01-21,2020,Goias,Ceara,0.0,4.0,A,O,3.37,3.24,2.18,16,1.0,2.0,1.0,0.0,1.0,5.0,-4.0,3.0,1.0,2.0,-2.0,4.0,-6.0,0.0,2.0,-2.0,1.0,0.0,1.0,26.7,46.7,33.3,40.0,1464.2,1510.7
2021-01-21,2020,Fortaleza,Santos,2.0,0.0,H,U,1.93,3.18,4.29,16,0.0,1.0,1.0,2.0,0.0,2.0,-2.0,2.0,5.0,-3.0,-2.0,-3.0,1.0,0.0,0.0,0.0,1.0,1.0,0.0,33.3,26.7,35.7,42.9,1498.3,1604.9
2021-01-21,2020,Flamengo RJ,Palmeiras,2.0,0.0,H,U,2.02,3.51,3.48,16,1.0,1.0,2.0,1.0,5.0,3.0,2.0,7.0,4.0,3.0,-2.0,-1.0,-1.0,0.0,0.0,0.0,1.0,1.0,0.0,46.7,26.7,42.9,28.6,1667.2,1654.7
2021-01-21,2020,Bragantino,Vasco,4.0,1.0,H,O,1.66,3.65,5.34,16,1.0,0.0,1.0,2.0,6.0,0.0,6.0,5.0,7.0,-2.0,1.0,-7.0,8.0,1.0,0.0,1.0,0.0,2.0,-2.0,46.7,26.7,21.4,50.0,1530.7,1486.0
2021-01-20,2020,Gremio,Atletico-MG,1.0,1.0,D,U,2.46,3.27,2.83,15,3.0,1.0,0.0,1.0,8.0,3.0,5.0,2.0,5.0,-3.0,6.0,-2.0,8.0,1.0,0.0,1.0,0.0,1.0,-1.0,64.3,7.1,35.7,50.0,1633.4,1578.9
2021-01-20,2020,Coritiba,Fluminense,3.0,3.0,D,O,3.13,3.05,2.4,16,0.0,1.0,2.0,2.0,2.0,3.0,-1.0,4.0,8.0,-4.0,-2.0,-5.0,3.0,0.0,0.0,0.0,0.0,1.0,-1.0,20.0,53.3,33.3,46.7,1428.9,1552.0
2021-01-20,2020,Botafogo RJ,Atletico GO,1.0,3.0,A,O,2.34,3.14,3.15,16,0.0,1.0,3.0,2.0,0.0,4.0,-4.0,5.0,6.0,-1.0,-5.0,-2.0,-3.0,0.0,0.0,0.0,2.0,1.0,1.0,13.3,53.3,33.3,40.0,1420.7,1491.2
2021-01-20,2020,Bahia,Athletico-PR,1.0,0.0,H,U,1.98,3.27,3.92,15,0.0,2.0,3.0,0.0,2.0,3.0,-1.0,7.0,0.0,7.0,-5.0,3.0,-8.0,0.0,1.0,-1.0,2.0,0.0,2.0,42.9,50.0,33.3,53.3,1467.1,1562.6
2021-01-18,2020,Palmeiras,Corinthians,4.0,0.0,H,O,2.11,3.11,3.71,15,2.0,2.0,0.0,0.0,5.0,3.0,2.0,1.0,0.0,1.0,4.0,3.0,1.0,1.0,1.0,0.0,0.0,0.0,0.0,50.0,14.3,35.7,35.7,1646.9,1568.0
2021-01-18,2020,Goias,Flamengo RJ,0.0,3.0,A,O,7.5,5.02,1.37,15,1.0,1.0,1.0,1.0,1.0,1.0,0.0,3.0,4.0,-1.0,-2.0,-3.0,1.0,0.0,0.0,0.0,1.0,1.0,0.0,28.6,42.9,53.8,23.1,1469.1,1662.3
2021-01-17,2020,Vasco,Coritiba,0.0,1.0,A,U,1.74,3.37,5.25,15,2.0,0.0,0.0,3.0,5.0,1.0,4.0,1.0,6.0,-5.0,4.0,-5.0,9.0,1.0,0.0,1.0,0.0,2.0,-2.0,35.7,35.7,14.3,64.3,1498.3,1416.6
2021-01-17,2020,Santos,Botafogo RJ,2.0,1.0,H,O,1.85,3.51,4.16,15,1.0,1.0,0.0,2.0,7.0,3.0,4.0,5.0,6.0,-1.0,2.0,-3.0,5.0,1.0,0.0,1.0,0.0,1.0,-1.0,42.9,14.3,14.3,42.9,1599.5,1426.0
2021-01-17,2020,Internacional,Fortaleza,4.0,2.0,H,O,1.91,3.07,4.63,15,3.0,1.0,0.0,2.0,5.0,3.0,2.0,1.0,4.0,-3.0,4.0,-1.0,5.0,1.0,0.0,1.0,0.0,0.0,0.0,64.3,7.1,14.3,50.0,1607.3,1505.4
2021-01-17,2020,Ceara,Bragantino,1.0,2.0,A,O,2.76,3.11,2.62,15,0.0,0.0,2.0,1.0,2.0,0.0,2.0,5.0,1.0,4.0,-3.0,-1.0,-2.0,0.0,0.0,0.0,1.0,0.0,1.0,35.7,28.6,7.1,42.9,1520.7,1520.7
2021-01-17,2020,Atletico-MG,Atletico GO,3.0,1.0,H,O,1.43,4.4,7.15,15,2.0,2.0,0.0,1.0,6.0,4.0,2.0,3.0,3.0,0.0,3.0,1.0,2.0,1.0,0.0,1.0,0.0,0.0,0.0,71.4,7.1,35.7,35.7,1570.9,1499.1
2021-01-17,2020,Athletico-PR,Sao Paulo,1.0,1.0,D,U,3.56,3.1,2.17,15,2.0,1.0,1.0,2.0,4.0,4.0,0.0,1.0,6.0,-5.0,3.0,-2.0,5.0,1.0,0.0,1.0,0.0,1.0,-1.0,42.9,35.7,46.7,26.7,1560.7,1627.6
2021-01-16,2020,Palmeiras,Gremio,1.0,1.0,D,U,2.7,2.99,2.8,14,3.0,0.0,0.0,0.0,7.0,1.0,6.0,0.0,1.0,-1.0,7.0,0.0,7.0,2.0,0.0,2.0,0.0,0.0,0.0,53.8,15.4,21.4,14.3,1647.3,1632.9
2021-01-16,2020,Fluminense,Sport Recife,1.0,0.0,H,U,2.06,3.07,3.96,15,1.0,0.0,1.0,3.0,4.0,2.0,2.0,3.0,6.0,-3.0,1.0,-4.0,5.0,1.0,0.0,1.0,0.0,1.0,-1.0,50.0,21.4,14.3,57.1,1544.3,1463.7
2021-01-14,2020,Corinthians,Fluminense,5.0,0.0,H,O,2.09,3.04,3.94,14,2.0,1.0,0.0,1.0,3.0,4.0,-1.0,1.0,4.0,-3.0,2.0,0.0,2.0,0.0,0.0,0.0,0.0,0.0,0.0,38.5,23.1,35.7,42.9,1558.1,1554.2
2021-01-11,2020,Bragantino,Atletico-MG,2.0,2.0,D,O,3.12,3.42,2.22,15,2.0,1.0,1.0,1.0,6.0,3.0,3.0,4.0,5.0,-1.0,2.0,-2.0,4.0,1.0,0.0,1.0,0.0,1.0,-1.0,50.0,28.6,38.5,53.8,1519.2,1572.4
2021-01-10,2020,Vasco,Botafogo RJ,3.0,0.0,H,O,2.2,3.11,3.47,14,1.0,1.0,1.0,2.0,3.0,3.0,0.0,5.0,7.0,-2.0,-2.0,-4.0,2.0,0.0,0.0,0.0,1.0,1.0,0.0,30.8,38.5,15.4,38.5,1489.9,1434.5
2021-01-10,2020,Sao Paulo,Santos,0.0,1.0,A,U,1.45,4.19,7.23,14,3.0,0.0,0.0,3.0,8.0,1.0,7.0,0.0,6.0,-6.0,8.0,-5.0,13.0,2.0,0.0,2.0,0.0,1.0,-1.0,69.2,0.0,30.8,46.2,1639.0,1588.1
2021-01-10,2020,Internacional,Goias,1.0,0.0,H,U,1.46,4.16,7.17,14,2.0,2.0,1.0,1.0,5.0,4.0,1.0,3.0,3.0,0.0,2.0,1.0,1.0,1.0,0.0,1.0,0.0,0.0,0.0,61.5,7.7,14.3,57.1,1600.7,1475.7
2021-01-10,2020,Fortaleza,Gremio,0.0,0.0,D,U,3.5,2.99,2.25,15,0.0,0.0,1.0,0.0,0.0,1.0,-1.0,2.0,1.0,1.0,-2.0,0.0,-2.0,0.0,0.0,0.0,1.0,0.0,1.0,35.7,28.6,23.1,15.4,1501.7,1636.6
2021-01-10,2020,Flamengo RJ,Ceara,0.0,2.0,A,U,1.37,4.98,7.64,15,2.0,2.0,1.0,0.0,9.0,5.0,4.0,6.0,1.0,5.0,3.0,4.0,-1.0,1.0,2.0,-1.0,0.0,0.0,0.0,50.0,21.4,28.6,42.9,1676.8,1506.2
2021-01-10,2020,Atletico GO,Bahia,1.0,1.0,D,U,2.34,3.07,3.21,15,1.0,0.0,1.0,3.0,2.0,4.0,-2.0,2.0,9.0,-7.0,0.0,-5.0,5.0,0.0,0.0,0.0,0.0,1.0,-1.0,21.4,28.6,14.3,64.3,1500.1,1466.1
2021-01-09,2020,Sport Recife,Palmeiras,0.0,1.0,A,U,3.82,3.25,2.02,15,2.0,0.0,0.0,2.0,3.0,2.0,1.0,1.0,5.0,-4.0,2.0,-3.0,5.0,0.0,0.0,0.0,0.0,1.0,-1.0,50.0,42.9,38.5,30.8,1469.1,1641.9
2021-01-09,2020,Coritiba,Athletico-PR,0.0,0.0,D,U,3.33,2.95,2.35,15,0.0,2.0,2.0,1.0,2.0,4.0,-2.0,4.0,3.0,1.0,-2.0,1.0,-3.0,0.0,1.0,-1.0,0.0,1.0,-1.0,21.4,57.1,35.7,57.1,1412.5,1564.9
2021-01-08,2020,Atletico GO,Vasco,0.0,0.0,D,U,2.11,3.05,3.82,14,1.0,0.0,1.0,2.0,2.0,1.0,1.0,2.0,8.0,-6.0,0.0,-7.0,7.0,0.0,0.0,0.0,0.0,2.0,-2.0,23.1,30.8,23.1,53.8,1500.4,1489.5
2021-01-07,2020,Flamengo RJ,Fluminense,1.0,2.0,A,O,1.46,4.38,6.76,14,3.0,1.0,0.0,1.0,11.0,4.0,7.0,5.0,4.0,1.0,6.0,0.0,6.0,2.0,0.0,2.0,0.0,0.0,0.0,53.8,15.4,30.8,46.2,1690.9,1540.1
2021-01-07,2020,Ceara,Internacional,0.0,2.0,A,U,2.86,2.96,2.65,14,0.0,1.0,1.0,0.0,4.0,4.0,0.0,5.0,3.0,2.0,-1.0,1.0,-2.0,0.0,0.0,0.0,0.0,0.0,0.0,38.5,23.1,35.7,35.7,1513.9,1592.9
2021-01-07,2020,Bragantino,Sao Paulo,4.0,2.0,H,O,2.89,3.13,2.51,14,2.0,2.0,1.0,1.0,6.0,5.0,1.0,2.0,2.0,0.0,4.0,3.0,1.0,1.0,1.0,0.0,0.0,0.0,0.0,46.2,30.8,50.0,21.4,1505.1,1653.1
2021-01-06,2020,Sport Recife,Fortaleza,1.0,0.0,H,U,3.06,2.88,2.55,14,1.0,1.0,1.0,1.0,2.0,3.0,-1.0,2.0,3.0,-1.0,0.0,0.0,0.0,0.0,0.0,0.0,0.0,0.0,0.0,46.2,46.2,15.4,46.2,1457.5,1513.3
2021-01-06,2020,Gremio,Bahia,2.0,1.0,H,O,1.44,4.28,7.18,14,3.0,0.0,0.0,3.0,8.0,3.0,5.0,2.0,11.0,-9.0,6.0,-8.0,14.0,1.0,0.0,1.0,0.0,2.0,-2.0,61.5,7.7,15.4,61.5,1630.9,1471.8
2021-01-06,2020,Coritiba,Goias,1.0,2.0,A,O,2.13,3.25,3.51,14,0.0,1.0,2.0,2.0,1.0,3.0,-2.0,3.0,4.0,-1.0,-2.0,-1.0,-1.0,0.0,0.0,0.0,0.0,0.0,0.0,23.1,53.8,7.7,61.5,1421.2,1467.0
2021-01-06,2020,Botafogo RJ,Athletico-PR,0.0,2.0,A,U,2.51,3.12,2.9,15,0.0,1.0,3.0,2.0,1.0,2.0,-1.0,5.0,6.0,-1.0,-4.0,-4.0,0.0,0.0,0.0,0.0,1.0,2.0,-1.0,14.3,50.0,30.8,61.5,1441.2,1558.1
2020-12-27,2020,Santos,Ceara,1.0,1.0,D,U,2.06,3.35,3.56,14,2.0,3.0,0.0,0.0,8.0,8.0,0.0,4.0,1.0,3.0,4.0,7.0,-3.0,2.0,3.0,-1.0,0.0,0.0,0.0,46.2,15.4,30.8,46.2,1590.3,1511.7
2020-12-27,2020,Palmeiras,Bragantino,1.0,0.0,H,U,1.86,3.4,4.26,13,3.0,1.0,0.0,0.0,8.0,2.0,6.0,0.0,1.0,-1.0,8.0,1.0,7.0,3.0,0.0,3.0,0.0,0.0,0.0,50.0,16.7,7.7,38.5,1635.4,1511.7
2020-12-27,2020,Gremio,Atletico GO,2.0,1.0,H,O,2.01,3.11,4.05,13,3.0,2.0,0.0,0.0,10.0,4.0,6.0,3.0,2.0,1.0,7.0,2.0,5.0,2.0,0.0,2.0,0.0,0.0,0.0,58.3,8.3,38.5,30.8,1624.2,1507.2
2020-12-27,2020,Fluminense,Sao Paulo,1.0,2.0,A,O,4.39,3.32,1.88,14,1.0,2.0,1.0,1.0,3.0,6.0,-3.0,2.0,2.0,0.0,1.0,4.0,-3.0,1.0,2.0,-1.0,0.0,0.0,0.0,53.8,15.4,46.2,23.1,1547.3,1645.8
2020-12-27,2020,Botafogo RJ,Corinthians,0.0,2.0,A,U,2.95,3.08,2.49,14,0.0,1.0,3.0,0.0,2.0,2.0,0.0,5.0,1.0,4.0,-3.0,1.0,-4.0,0.0,0.0,0.0,0.0,0.0,0.0,15.4,46.2,30.8,38.5,1448.4,1550.9
2020-12-27,2020,Bahia,Internacional,1.0,2.0,A,O,2.65,2.97,2.86,14,1.0,0.0,2.0,1.0,3.0,2.0,1.0,6.0,4.0,2.0,-3.0,-2.0,-1.0,0.0,0.0,0.0,2.0,1.0,1.0,46.2,46.2,30.8,38.5,1478.8,1585.9
2020-12-27,2020,Athletico-PR,Vasco,3.0,0.0,H,O,1.91,3.26,4.27,14,2.0,1.0,1.0,1.0,3.0,3.0,0.0,2.0,5.0,-3.0,1.0,-2.0,3.0,0.0,1.0,-1.0,0.0,1.0,-1.0,38.5,38.5,25.0,50.0,1549.6,1498.1
2020-12-26,2020,Goias,Sport Recife,1.0,0.0,H,U,2.56,3.19,2.77,14,1.0,0.0,1.0,2.0,1.0,2.0,-1.0,3.0,5.0,-2.0,-2.0,-3.0,1.0,0.0,0.0,0.0,1.0,1.0,0.0,23.1,46.2,15.4,53.8,1456.6,1467.8
2020-12-26,2020,Fortaleza,Flamengo RJ,0.0,0.0,D,U,4.67,3.71,1.72,14,0.0,1.0,1.0,1.0,1.0,3.0,-2.0,3.0,6.0,-3.0,-2.0,-3.0,1.0,0.0,0.0,0.0,1.0,1.0,0.0,38.5,30.8,58.3,25.0,1508.4,1695.8
2020-12-26,2020,Atletico-MG,Coritiba,2.0,0.0,H,U,1.32,5.36,8.53,14,1.0,0.0,1.0,2.0,4.0,3.0,1.0,5.0,6.0,-1.0,-1.0,-3.0,2.0,0.0,0.0,0.0,1.0,1.0,0.0,69.2,7.7,15.4,61.5,1566.2,1427.4
2020-12-21,2020,Corinthians,Goias,2.0,1.0,H,O,1.4,4.48,7.85,13,1.0,1.0,1.0,1.0,2.0,3.0,-1.0,2.0,3.0,-1.0,0.0,0.0,0.0,0.0,0.0,0.0,0.0,0.0,0.0,33.3,25.0,8.3,58.3,1543.2,1464.4
2020-12-20,2020,Vasco,Santos,1.0,0.0,H,U,2.63,3.07,2.78,13,0.0,0.0,1.0,2.0,2.0,2.0,0.0,5.0,6.0,-1.0,-3.0,-4.0,1.0,0.0,0.0,0.0,1.0,1.0,0.0,25.0,41.7,33.3,41.7,1484.8,1603.6
2020-12-20,2020,Internacional,Palmeiras,2.0,0.0,H,U,2.73,2.79,2.91,13,1.0,1.0,1.0,1.0,5.0,3.0,2.0,5.0,3.0,2.0,0.0,0.0,0.0,0.0,0.0,0.0,0.0,0.0,0.0,58.3,8.3,41.7,25.0,1573.8,1647.4
2020-12-20,2020,Fortaleza,Ceara,0.0,2.0,A,U,2.83,2.92,2.7,13,0.0,2.0,1.0,1.0,3.0,8.0,-5.0,4.0,5.0,-1.0,-1.0,3.0,-4.0,0.0,2.0,-2.0,0.0,1.0,-1.0,41.7,25.0,25.0,50.0,1518.9,1501.2
2020-12-20,2020,Flamengo RJ,Bahia,4.0,3.0,H,O,1.3,5.38,8.99,13,2.0,1.0,0.0,2.0,8.0,2.0,6.0,3.0,8.0,-5.0,5.0,-6.0,11.0,2.0,0.0,2.0,0.0,2.0,-2.0,50.0,16.7,16.7,58.3,1691.2,1483.5
2020-12-20,2020,Coritiba,Botafogo RJ,1.0,2.0,A,O,2.63,2.97,2.86,13,0.0,0.0,2.0,3.0,1.0,2.0,-1.0,3.0,8.0,-5.0,-2.0,-6.0,4.0,0.0,0.0,0.0,0.0,1.0,-1.0,25.0,50.0,8.3,41.7,1437.4,1438.4
2020-12-20,2020,Bragantino,Athletico-PR,0.0,1.0,A,U,1.88,3.41,4.2,13,2.0,1.0,0.0,2.0,7.0,3.0,4.0,2.0,6.0,-4.0,5.0,-3.0,8.0,1.0,1.0,0.0,0.0,2.0,-2.0,50.0,25.0,25.0,66.7,1521.2,1540.1
2020-12-19,2020,Sport Recife,Gremio,1.0,1.0,D,U,4.43,3.35,1.84,13,1.0,1.0,2.0,0.0,1.0,1.0,0.0,3.0,0.0,3.0,-2.0,1.0,-3.0,0.0,0.0,0.0,1.0,0.0,1.0,50.0,50.0,25.0,16.7,1463.4,1628.6
2020-12-17,2020,Sao Paulo,Atletico-MG,3.0,0.0,H,O,2.35,3.27,2.99,13,2.0,2.0,0.0,0.0,6.0,5.0,1.0,1.0,3.0,-2.0,5.0,2.0,3.0,1.0,0.0,1.0,0.0,0.0,0.0,66.7,0.0,41.7,50.0,1637.6,1574.4
2020-12-17,2020,Atletico GO,Fluminense,2.0,1.0,H,O,2.53,2.98,2.96,13,0.0,1.0,1.0,1.0,1.0,3.0,-2.0,2.0,4.0,-2.0,-1.0,-1.0,0.0,0.0,0.0,0.0,0.0,1.0,-1.0,16.7,33.3,33.3,41.7,1495.4,1559.2
2020-12-13,2020,Vasco,Fluminense,1.0,1.0,D,U,3.08,2.93,2.49,12,0.0,2.0,2.0,1.0,1.0,3.0,-2.0,5.0,3.0,2.0,-4.0,0.0,-4.0,0.0,0.0,0.0,1.0,1.0,0.0,27.3,45.5,36.4,45.5,1482.5,1561.4
2020-12-13,2020,Sport Recife,Coritiba,1.0,0.0,H,U,2.42,2.97,3.18,12,1.0,0.0,2.0,2.0,1.0,4.0,-3.0,3.0,7.0,-4.0,-2.0,-3.0,1.0,0.0,0.0,0.0,1.0,1.0,0.0,45.5,54.5,16.7,58.3,1453.6,1447.2
2020-12-13,2020,Goias,Gremio,0.0,0.0,D,U,5.62,3.87,1.59,13,1.0,2.0,2.0,0.0,1.0,3.0,-2.0,4.0,1.0,3.0,-3.0,2.0,-5.0,0.0,0.0,0.0,1.0,0.0,1.0,25.0,50.0,27.3,18.2,1459.8,1633.2
2020-12-13,2020,Flamengo RJ,Santos,4.0,1.0,H,O,1.29,5.6,9.45,12,1.0,0.0,1.0,2.0,5.0,2.0,3.0,6.0,5.0,1.0,-1.0,-3.0,2.0,1.0,0.0,1.0,1.0,1.0,0.0,45.5,18.2,36.4,36.4,1683.2,1611.6
2020-12-13,2020,Corinthians,Sao Paulo,1.0,0.0,H,U,4.18,3.26,1.92,12,1.0,2.0,1.0,0.0,2.0,7.0,-5.0,2.0,2.0,0.0,0.0,5.0,-5.0,0.0,2.0,-2.0,0.0,0.0,0.0,27.3,27.3,50.0,16.7,1529.8,1651.0
2020-12-13,2020,Ceara,Atletico GO,1.0,2.0,A,O,1.95,3.21,4.16,13,0.0,1.0,0.0,1.0,3.0,2.0,1.0,3.0,2.0,1.0,0.0,0.0,0.0,0.0,0.0,0.0,0.0,0.0,0.0,41.7,16.7,33.3,33.3,1512.0,1484.6
2020-12-12,2020,Palmeiras,Bahia,3.0,0.0,H,O,1.59,3.77,5.86,12,3.0,1.0,0.0,2.0,8.0,3.0,5.0,0.0,8.0,-8.0,8.0,-5.0,13.0,3.0,0.0,3.0,0.0,2.0,-2.0,45.5,18.2,18.2,54.5,1641.6,1489.3
2020-12-12,2020,Internacional,Botafogo RJ,2.0,1.0,H,O,1.62,3.64,5.81,12,0.0,0.0,1.0,3.0,5.0,1.0,4.0,6.0,7.0,-1.0,-1.0,-6.0,5.0,0.0,0.0,0.0,0.0,1.0,-1.0,54.5,9.1,9.1,36.4,1567.2,1445.0
2020-12-12,2020,Bragantino,Fortaleza,2.0,1.0,H,O,1.79,3.4,4.71,12,2.0,1.0,0.0,1.0,7.0,3.0,4.0,1.0,3.0,-2.0,6.0,0.0,6.0,2.0,0.0,2.0,0.0,0.0,0.0,45.5,27.3,16.7,41.7,1510.6,1529.5
2020-12-12,2020,Athletico-PR,Atletico-MG,0.0,1.0,A,U,3.75,3.55,1.94,13,2.0,1.0,1.0,1.0,4.0,4.0,0.0,3.0,6.0,-3.0,1.0,-2.0,3.0,0.0,0.0,0.0,0.0,1.0,-1.0,41.7,33.3,36.4,54.5,1549.7,1564.9
2020-12-10,2020,Sao Paulo,Botafogo RJ,4.0,0.0,H,O,1.46,4.15,6.94,12,2.0,0.0,0.0,3.0,4.0,2.0,2.0,2.0,6.0,-4.0,2.0,-4.0,6.0,0.0,0.0,0.0,0.0,1.0,-1.0,63.6,0.0,10.0,30.0,1646.1,1449.9
2020-12-07,2020,Atletico GO,Goias,0.0,1.0,A,U,1.62,3.78,5.42,12,0.0,0.0,1.0,2.0,1.0,3.0,-2.0,4.0,5.0,-1.0,-3.0,-2.0,-1.0,0.0,0.0,0.0,1.0,0.0,1.0,18.2,27.3,0.0,63.6,1495.9,1448.4
2020-12-06,2020,Sao Paulo,Sport Recife,1.0,0.0,H,U,1.34,4.79,9.19,11,1.0,0.0,0.0,1.0,3.0,2.0,1.0,2.0,4.0,-2.0,1.0,-2.0,3.0,0.0,0.0,0.0,0.0,1.0,-1.0,60.0,0.0,16.7,50.0,1640.9,1458.8
2020-12-06,2020,Gremio,Vasco,4.0,0.0,H,O,1.49,3.98,7.05,12,3.0,1.0,0.0,0.0,8.0,4.0,4.0,4.0,2.0,2.0,4.0,2.0,2.0,1.0,1.0,0.0,0.0,0.0,0.0,54.5,9.1,27.3,45.5,1627.0,1488.8
2020-12-06,2020,Coritiba,Bragantino,0.0,0.0,D,U,3.38,3.21,2.18,12,1.0,1.0,2.0,1.0,2.0,3.0,-1.0,3.0,3.0,0.0,-1.0,0.0,-1.0,0.0,0.0,0.0,0.0,0.0,0.0,27.3,54.5,8.3,41.7,1445.3,1512.5
2020-12-06,2020,Atletico-MG,Internacional,2.0,2.0,D,O,1.74,3.56,4.81,13,2.0,0.0,1.0,2.0,6.0,0.0,6.0,3.0,3.0,0.0,3.0,-3.0,6.0,1.0,0.0,1.0,1.0,1.0,0.0,75.0,8.3,33.3,41.7,1564.8,1567.3
2020-12-05,2020,Santos,Palmeiras,2.0,2.0,D,O,3.12,3.13,2.35,13,3.0,2.0,0.0,1.0,9.0,4.0,5.0,3.0,1.0,2.0,6.0,3.0,3.0,3.0,1.0,2.0,0.0,0.0,0.0,50.0,16.7,45.5,27.3,1610.7,1642.5
2020-12-05,2020,Fluminense,Athletico-PR,3.0,1.0,H,O,2.32,3.08,3.22,13,1.0,2.0,1.0,1.0,3.0,3.0,0.0,2.0,3.0,-1.0,1.0,0.0,1.0,1.0,1.0,0.0,0.0,1.0,-1.0,50.0,16.7,27.3,63.6,1551.1,1560.0
2020-12-05,2020,Botafogo RJ,Flamengo RJ,0.0,1.0,A,U,5.75,4.2,1.53,13,0.0,1.0,2.0,1.0,4.0,7.0,-3.0,6.0,7.0,-1.0,-2.0,0.0,-2.0,0.0,1.0,-1.0,0.0,1.0,-1.0,16.7,41.7,54.5,27.3,1454.2,1678.9
2020-12-05,2020,Bahia,Ceara,0.0,2.0,A,U,2.6,3.13,2.76,13,2.0,1.0,1.0,1.0,4.0,8.0,-4.0,4.0,7.0,-3.0,0.0,1.0,-1.0,0.0,1.0,-1.0,1.0,1.0,0.0,50.0,41.7,18.2,54.5,1499.3,1502.1
2020-12-03,2020,Goias,Sao Paulo,0.0,3.0,A,O,8.28,4.78,1.36,12,1.0,2.0,1.0,0.0,2.0,7.0,-5.0,2.0,4.0,-2.0,0.0,3.0,-3.0,0.0,1.0,-1.0,0.0,0.0,0.0,27.3,45.5,45.5,18.2,1453.6,1635.7
2020-12-03,2020,Fortaleza,Corinthians,0.0,0.0,D,U,2.36,2.96,3.29,12,0.0,2.0,2.0,0.0,3.0,4.0,-1.0,5.0,2.0,3.0,-2.0,2.0,-4.0,0.0,0.0,0.0,0.0,0.0,0.0,45.5,27.3,33.3,41.7,1529.4,1529.8
2020-11-30,2020,Vasco,Ceara,1.0,4.0,A,O,3.07,2.97,2.5,11,0.0,0.0,2.0,1.0,1.0,6.0,-5.0,3.0,8.0,-5.0,-2.0,-2.0,0.0,0.0,0.0,0.0,0.0,1.0,-1.0,30.0,40.0,10.0,60.0,1499.0,1491.9
2020-11-30,2020,Gremio,Goias,2.0,1.0,H,O,1.28,5.29,11.03,11,3.0,0.0,0.0,2.0,9.0,2.0,7.0,4.0,5.0,-1.0,5.0,-3.0,8.0,2.0,0.0,2.0,0.0,1.0,-1.0,50.0,10.0,0.0,60.0,1621.3,1459.3
2020-11-30,2020,Fluminense,Bragantino,0.0,0.0,D,U,3.43,3.23,2.16,12,1.0,1.0,1.0,1.0,5.0,4.0,1.0,4.0,4.0,0.0,1.0,0.0,1.0,1.0,0.0,1.0,0.0,0.0,0.0,54.5,18.2,9.1,45.5,1552.3,1511.4
2020-11-29,2020,Atletico GO,Internacional,0.0,0.0,D,U,3.03,3.04,2.45,11,0.0,1.0,1.0,2.0,2.0,5.0,-3.0,5.0,6.0,-1.0,-3.0,-1.0,-2.0,0.0,1.0,-1.0,1.0,1.0,0.0,20.0,30.0,36.4,45.5,1493.8,1569.4
2020-11-28,2020,Santos,Sport Recife,4.0,2.0,H,O,1.68,3.63,5.21,12,2.0,0.0,1.0,1.0,5.0,0.0,5.0,2.0,2.0,0.0,3.0,-2.0,5.0,2.0,0.0,2.0,0.0,1.0,-1.0,45.5,18.2,18.2,45.5,1604.5,1465.0
2020-11-28,2020,Palmeiras,Athletico-PR,3.0,0.0,H,O,1.69,3.54,5.26,11,2.0,2.0,1.0,1.0,6.0,3.0,3.0,3.0,1.0,2.0,3.0,2.0,1.0,2.0,1.0,1.0,1.0,0.0,1.0,40.0,20.0,30.0,60.0,1634.4,1568.1
2020-11-28,2020,Bahia,Sao Paulo,1.0,3.0,A,O,3.43,3.29,2.15,12,3.0,2.0,0.0,0.0,6.0,8.0,-2.0,2.0,4.0,-2.0,4.0,4.0,0.0,1.0,1.0,0.0,0.0,0.0,0.0,54.5,36.4,40.0,20.0,1505.8,1629.1
2020-11-26,2020,Fortaleza,Goias,1.0,1.0,D,U,1.64,3.76,5.33,11,1.0,0.0,2.0,2.0,4.0,1.0,3.0,4.0,4.0,0.0,0.0,-3.0,3.0,1.0,0.0,1.0,0.0,1.0,-1.0,50.0,30.0,0.0,66.7,1531.5,1457.2
2020-11-26,2020,Coritiba,Corinthians,0.0,1.0,A,U,3.03,2.86,2.59,11,1.0,2.0,2.0,0.0,3.0,4.0,-1.0,4.0,2.0,2.0,-1.0,2.0,-3.0,0.0,0.0,0.0,0.0,0.0,0.0,30.0,50.0,27.3,45.5,1453.3,1521.8
2020-11-26,2020,Atletico-MG,Botafogo RJ,2.0,1.0,H,O,1.63,4.0,4.97,12,1.0,1.0,1.0,2.0,4.0,3.0,1.0,2.0,5.0,-3.0,2.0,-2.0,4.0,1.0,0.0,1.0,1.0,1.0,0.0,72.7,9.1,11.1,22.2,1557.5,1461.5
2020-11-25,2020,Ceara,Sao Paulo,1.0,1.0,D,U,3.05,3.21,2.34,12,1.0,3.0,0.0,0.0,4.0,9.0,-5.0,3.0,3.0,0.0,1.0,6.0,-5.0,0.0,2.0,-2.0,0.0,0.0,0.0,45.5,18.2,44.4,22.2,1487.9,1633.1
2020-11-23,2020,Sport Recife,Atletico GO,0.0,1.0,A,U,3.05,2.96,2.49,11,1.0,1.0,2.0,1.0,4.0,2.0,2.0,7.0,2.0,5.0,-3.0,0.0,-3.0,0.0,0.0,0.0,2.0,0.0,2.0,50.0,50.0,27.3,36.4,1474.7,1484.1
2020-11-22,2020,Sao Paulo,Vasco,1.0,1.0,D,U,1.37,4.63,8.32,10,2.0,1.0,0.0,1.0,5.0,3.0,2.0,1.0,3.0,-2.0,4.0,0.0,4.0,1.0,1.0,0.0,0.0,1.0,-1.0,66.7,0.0,30.0,50.0,1636.9,1495.1
2020-11-22,2020,Internacional,Fluminense,1.0,2.0,A,O,2.02,3.01,4.24,11,1.0,1.0,0.0,1.0,6.0,2.0,4.0,4.0,3.0,1.0,2.0,-1.0,3.0,1.0,0.0,1.0,0.0,1.0,-1.0,60.0,0.0,30.0,50.0,1580.6,1541.2
2020-11-22,2020,Goias,Palmeiras,1.0,0.0,H,U,4.47,3.43,1.8,11,0.0,2.0,1.0,1.0,2.0,4.0,-2.0,3.0,2.0,1.0,-1.0,2.0,-3.0,0.0,1.0,-1.0,0.0,1.0,-1.0,20.0,50.0,50.0,20.0,1441.8,1649.7
2020-11-22,2020,Corinthians,Gremio,0.0,0.0,D,U,3.35,2.99,2.32,11,1.0,2.0,2.0,0.0,3.0,3.0,0.0,7.0,1.0,6.0,-4.0,2.0,-6.0,0.0,0.0,0.0,1.0,0.0,1.0,30.0,30.0,30.0,20.0,1518.8,1624.3
2020-11-22,2020,Ceara,Atletico-MG,2.0,2.0,D,O,2.74,3.34,2.49,11,2.0,1.0,0.0,2.0,4.0,3.0,1.0,2.0,7.0,-5.0,2.0,-4.0,6.0,0.0,0.0,0.0,0.0,2.0,-2.0,50.0,20.0,40.0,60.0,1485.8,1559.6
2020-11-22,2020,Botafogo RJ,Fortaleza,1.0,2.0,A,O,2.18,3.06,3.57,12,0.0,0.0,1.0,2.0,3.0,2.0,1.0,4.0,4.0,0.0,-1.0,-2.0,1.0,0.0,0.0,0.0,0.0,0.0,0.0,18.2,36.4,9.1,45.5,1470.0,1523.1
2020-11-21,2020,Flamengo RJ,Coritiba,3.0,1.0,H,O,1.35,4.89,8.22,11,0.0,1.0,1.0,1.0,3.0,6.0,-3.0,6.0,5.0,1.0,-3.0,1.0,-4.0,0.0,1.0,-1.0,1.0,0.0,1.0,40.0,20.0,18.2,54.5,1674.5,1457.8
2020-11-21,2020,Athletico-PR,Santos,1.0,0.0,H,U,1.52,4.05,6.28,12,1.0,1.0,2.0,1.0,3.0,4.0,-1.0,4.0,5.0,-1.0,-1.0,-1.0,0.0,0.0,0.0,0.0,0.0,1.0,-1.0,36.4,36.4,40.0,30.0,1556.4,1616.2
2020-11-20,2020,Bragantino,Bahia,4.0,0.0,H,O,2.18,3.25,3.34,11,2.0,1.0,0.0,1.0,5.0,4.0,1.0,1.0,5.0,-4.0,4.0,-1.0,5.0,2.0,0.0,2.0,0.0,1.0,-1.0,40.0,30.0,20.0,50.0,1500.9,1516.3
2020-11-19,2020,Vasco,Fortaleza,0.0,0.0,D,U,2.33,3.0,3.31,10,0.0,0.0,3.0,2.0,2.0,2.0,0.0,5.0,4.0,1.0,-3.0,-2.0,-1.0,0.0,0.0,0.0,0.0,0.0,0.0,33.3,44.4,10.0,50.0,1494.2,1523.9
2020-11-18,2020,Atletico-MG,Athletico-PR,0.0,2.0,A,U,1.71,3.71,4.64,11,1.0,1.0,0.0,1.0,5.0,2.0,3.0,1.0,2.0,-1.0,4.0,0.0,4.0,1.0,0.0,1.0,0.0,0.0,0.0,80.0,0.0,22.2,66.7,1570.3,1545.7
2020-11-16,2020,Coritiba,Bahia,1.0,2.0,A,O,2.83,2.98,2.64,10,1.0,0.0,1.0,2.0,2.0,2.0,0.0,2.0,5.0,-3.0,0.0,-3.0,3.0,0.0,0.0,0.0,0.0,1.0,-1.0,33.3,44.4,11.1,55.6,1466.6,1507.5
2020-11-16,2020,Botafogo RJ,Bragantino,1.0,2.0,A,O,2.55,3.1,2.84,11,1.0,0.0,0.0,2.0,4.0,3.0,1.0,3.0,5.0,-2.0,1.0,-2.0,3.0,0.0,0.0,0.0,0.0,0.0,0.0,20.0,30.0,0.0,50.0,1479.6,1491.3
2020-11-15,2020,Palmeiras,Fluminense,2.0,0.0,H,U,2.0,3.24,3.9,10,1.0,2.0,2.0,0.0,4.0,6.0,-2.0,5.0,3.0,2.0,-1.0,3.0,-4.0,1.0,1.0,0.0,2.0,0.0,2.0,33.3,22.2,33.3,44.4,1642.4,1548.5
2020-11-15,2020,Flamengo RJ,Atletico GO,1.0,1.0,D,U,1.45,4.49,6.35,10,1.0,1.0,1.0,2.0,4.0,1.0,3.0,6.0,4.0,2.0,-2.0,-3.0,1.0,0.0,0.0,0.0,1.0,1.0,0.0,44.4,22.2,30.0,40.0,1679.7,1478.8
2020-11-14,2020,Sport Recife,Vasco,0.0,2.0,A,U,2.6,3.01,2.87,10,1.0,0.0,2.0,2.0,5.0,1.0,4.0,7.0,6.0,1.0,-2.0,-5.0,3.0,0.0,0.0,0.0,1.0,2.0,-1.0,55.6,44.4,22.2,55.6,1484.7,1484.2
2020-11-14,2020,Santos,Internacional,2.0,0.0,H,U,3.61,3.21,2.1,11,2.0,2.0,1.0,1.0,5.0,7.0,-2.0,3.0,4.0,-1.0,2.0,3.0,-1.0,1.0,2.0,-1.0,0.0,0.0,0.0,40.0,20.0,40.0,40.0,1606.7,1590.1
2020-11-14,2020,Gremio,Ceara,4.0,2.0,H,O,1.73,3.51,4.94,10,3.0,0.0,0.0,0.0,7.0,4.0,3.0,3.0,4.0,-1.0,4.0,0.0,4.0,1.0,0.0,1.0,0.0,0.0,0.0,44.4,11.1,11.1,55.6,1617.8,1492.4
2020-11-14,2020,Goias,Athletico-PR,0.0,1.0,A,U,4.27,3.54,1.82,10,0.0,0.0,1.0,2.0,4.0,2.0,2.0,6.0,4.0,2.0,-2.0,-2.0,0.0,0.0,0.0,0.0,1.0,0.0,1.0,22.2,44.4,12.5,75.0,1449.3,1538.2
2020-11-14,2020,Fortaleza,Sao Paulo,2.0,3.0,A,O,3.02,3.1,2.44,10,2.0,2.0,1.0,0.0,4.0,7.0,-3.0,2.0,2.0,0.0,2.0,5.0,-3.0,1.0,2.0,-1.0,0.0,0.0,0.0,55.6,22.2,37.5,25.0,1531.2,1629.7
2020-11-14,2020,Corinthians,Atletico-MG,1.0,2.0,A,O,3.7,3.61,1.94,10,1.0,0.0,1.0,3.0,3.0,2.0,1.0,6.0,8.0,-2.0,-3.0,-6.0,3.0,0.0,0.0,0.0,1.0,2.0,-1.0,33.3,22.2,33.3,66.7,1527.9,1561.3
2020-11-11,2020,Bahia,Fortaleza,2.0,1.0,H,O,2.33,2.97,3.34,11,3.0,0.0,0.0,1.0,7.0,2.0,5.0,1.0,3.0,-2.0,6.0,-1.0,7.0,2.0,0.0,2.0,0.0,0.0,0.0,50.0,40.0,11.1,44.4,1496.1,1542.5
2020-11-08,2020,Vasco,Palmeiras,0.0,1.0,A,U,4.24,3.23,1.93,9,0.0,1.0,2.0,2.0,3.0,4.0,-1.0,5.0,4.0,1.0,-2.0,0.0,-2.0,0.0,1.0,-1.0,0.0,1.0,-1.0,37.5,37.5,44.4,22.2,1490.3,1636.3
2020-11-08,2020,Internacional,Coritiba,2.0,2.0,D,O,1.74,3.3,5.37,10,2.0,1.0,0.0,2.0,6.0,5.0,1.0,3.0,5.0,-2.0,3.0,0.0,3.0,1.0,1.0,0.0,0.0,0.0,0.0,66.7,0.0,20.0,60.0,1593.7,1463.0
2020-11-08,2020,Fluminense,Gremio,0.0,1.0,A,U,2.7,2.85,2.91,11,2.0,1.0,0.0,1.0,6.0,3.0,3.0,3.0,3.0,0.0,3.0,0.0,3.0,1.0,0.0,1.0,0.0,0.0,0.0,60.0,10.0,22.2,22.2,1557.0,1609.2
2020-11-08,2020,Ceara,Sport Recife,0.0,0.0,D,U,1.83,3.42,4.41,10,2.0,0.0,0.0,2.0,6.0,0.0,6.0,4.0,5.0,-1.0,2.0,-5.0,7.0,0.0,0.0,0.0,0.0,2.0,-2.0,55.6,22.2,20.0,50.0,1492.6,1484.5
2020-11-08,2020,Bragantino,Santos,1.0,1.0,D,U,2.19,3.33,3.23,10,2.0,1.0,1.0,1.0,4.0,4.0,0.0,2.0,5.0,-3.0,2.0,-1.0,3.0,2.0,0.0,2.0,1.0,1.0,0.0,44.4,33.3,44.4,33.3,1487.9,1610.0
2020-11-08,2020,Bahia,Botafogo RJ,1.0,0.0,H,U,2.08,3.29,3.55,10,2.0,1.0,1.0,1.0,7.0,4.0,3.0,3.0,5.0,-2.0,4.0,-1.0,5.0,2.0,0.0,2.0,0.0,1.0,-1.0,44.4,44.4,12.5,12.5,1486.0,1489.8
2020-11-08,2020,Atletico-MG,Flamengo RJ,4.0,0.0,H,O,2.32,3.57,2.83,10,1.0,2.0,0.0,0.0,4.0,9.0,-5.0,1.0,4.0,-3.0,3.0,5.0,-2.0,1.0,1.0,0.0,0.0,0.0,0.0,77.8,0.0,60.0,20.0,1547.3,1693.6
2020-11-08,2020,Atletico GO,Corinthians,1.0,1.0,D,U,2.38,3.06,3.15,10,1.0,2.0,1.0,1.0,3.0,4.0,-1.0,5.0,3.0,2.0,-2.0,1.0,-3.0,0.0,0.0,0.0,1.0,0.0,1.0,22.2,33.3,30.0,50.0,1477.4,1529.3
2020-11-07,2020,Sao Paulo,Goias,2.0,1.0,H,O,1.31,5.29,9.01,9,1.0,0.0,0.0,2.0,4.0,1.0,3.0,1.0,4.0,-3.0,3.0,-3.0,6.0,1.0,0.0,1.0,0.0,1.0,-1.0,62.5,0.0,0.0,62.5,1624.2,1454.8
2020-11-07,2020,Athletico-PR,Fortaleza,2.0,1.0,H,O,2.15,2.99,3.76,11,0.0,0.0,2.0,0.0,1.0,2.0,-1.0,3.0,2.0,1.0,-2.0,0.0,-2.0,0.0,0.0,0.0,0.0,0.0,0.0,30.0,40.0,12.5,37.5,1527.4,1553.2
2020-11-02,2020,Palmeiras,Atletico-MG,3.0,0.0,H,O,2.38,3.27,2.96,9,1.0,1.0,2.0,2.0,3.0,6.0,-3.0,6.0,8.0,-2.0,-3.0,-2.0,-1.0,0.0,0.0,0.0,2.0,1.0,1.0,25.0,25.0,37.5,62.5,1628.4,1555.2
2020-11-02,2020,Gremio,Bragantino,2.0,1.0,H,O,2.0,3.26,3.89,9,2.0,0.0,0.0,1.0,6.0,3.0,3.0,3.0,4.0,-1.0,3.0,-1.0,4.0,1.0,0.0,1.0,0.0,0.0,0.0,37.5,12.5,0.0,44.4,1602.2,1494.9
2020-11-01,2020,Sport Recife,Athletico-PR,1.0,0.0,H,U,3.0,3.02,2.49,9,1.0,0.0,2.0,2.0,5.0,3.0,2.0,7.0,6.0,1.0,-2.0,-3.0,1.0,0.0,0.0,0.0,1.0,1.0,0.0,50.0,50.0,14.3,71.4,1472.6,1539.3
2020-11-01,2020,Santos,Bahia,3.0,1.0,H,O,2.1,3.35,3.44,10,1.0,1.0,1.0,1.0,3.0,3.0,0.0,3.0,3.0,0.0,0.0,0.0,0.0,0.0,0.0,0.0,0.0,0.0,0.0,33.3,22.2,12.5,50.0,1603.1,1493.0
2020-11-01,2020,Goias,Vasco,1.0,1.0,D,U,2.85,3.09,2.57,9,0.0,0.0,2.0,3.0,5.0,1.0,4.0,8.0,9.0,-1.0,-3.0,-8.0,5.0,0.0,0.0,0.0,1.0,3.0,-2.0,25.0,50.0,25.0,62.5,1453.7,1491.3
2020-11-01,2020,Fortaleza,Fluminense,0.0,1.0,A,U,2.26,3.0,3.46,9,2.0,1.0,0.0,0.0,4.0,6.0,-2.0,1.0,4.0,-3.0,3.0,2.0,1.0,1.0,1.0,0.0,0.0,0.0,0.0,62.5,12.5,25.0,50.0,1563.7,1546.6
2020-11-01,2020,Flamengo RJ,Sao Paulo,1.0,4.0,A,O,1.83,3.55,4.23,9,2.0,1.0,0.0,0.0,6.0,4.0,2.0,2.0,2.0,0.0,4.0,2.0,2.0,1.0,1.0,0.0,0.0,0.0,0.0,50.0,12.5,28.6,28.6,1706.3,1611.5
2020-10-31,2020,Coritiba,Atletico GO,1.0,0.0,H,U,2.39,3.06,3.13,9,0.0,1.0,1.0,1.0,2.0,1.0,1.0,3.0,3.0,0.0,-1.0,-2.0,1.0,0.0,0.0,0.0,0.0,1.0,-1.0,25.0,50.0,33.3,33.3,1452.0,1488.4
2020-10-31,2020,Corinthians,Internacional,1.0,0.0,H,U,3.26,3.07,2.32,9,0.0,2.0,1.0,0.0,2.0,8.0,-6.0,6.0,4.0,2.0,-4.0,4.0,-8.0,0.0,2.0,-2.0,1.0,0.0,1.0,25.0,25.0,44.4,33.3,1516.8,1606.2
2020-10-31,2020,Botafogo RJ,Ceara,2.0,2.0,D,O,2.32,3.22,3.08,10,1.0,0.0,0.0,1.0,3.0,3.0,0.0,2.0,4.0,-2.0,1.0,-1.0,2.0,0.0,0.0,0.0,0.0,0.0,0.0,22.2,33.3,12.5,62.5,1489.7,1492.7
2020-10-25,2020,Internacional,Flamengo RJ,2.0,2.0,D,O,2.85,3.1,2.57,9,2.0,2.0,0.0,0.0,5.0,8.0,-3.0,2.0,3.0,-1.0,3.0,5.0,-2.0,1.0,1.0,0.0,0.0,0.0,0.0,75.0,0.0,66.7,22.2,1603.2,1709.3
2020-10-25,2020,Fluminense,Santos,3.0,1.0,H,O,2.44,3.07,3.06,10,2.0,2.0,0.0,0.0,7.0,6.0,1.0,2.0,4.0,-2.0,5.0,2.0,3.0,1.0,0.0,1.0,0.0,0.0,0.0,55.6,11.1,50.0,25.0,1534.3,1615.4
2020-10-25,2020,Atletico-MG,Sport Recife,0.0,0.0,D,U,1.22,5.91,12.71,9,2.0,1.0,0.0,2.0,8.0,2.0,6.0,2.0,6.0,-4.0,6.0,-4.0,10.0,2.0,0.0,2.0,0.0,2.0,-2.0,87.5,0.0,22.2,55.6,1557.7,1470.1
2020-10-25,2020,Atletico GO,Palmeiras,0.0,3.0,A,O,3.6,3.08,2.17,9,1.0,0.0,0.0,2.0,4.0,2.0,2.0,3.0,5.0,-2.0,1.0,-3.0,4.0,0.0,0.0,0.0,0.0,1.0,-1.0,25.0,25.0,37.5,25.0,1494.9,1621.9
2020-10-25,2020,Athletico-PR,Gremio,1.0,2.0,A,O,2.38,2.93,3.32,10,1.0,0.0,1.0,2.0,1.0,2.0,-1.0,1.0,5.0,-4.0,0.0,-3.0,3.0,0.0,0.0,0.0,0.0,1.0,-1.0,33.3,33.3,12.5,25.0,1548.0,1593.5
2020-10-24,2020,Ceara,Coritiba,2.0,1.0,H,O,1.93,3.27,4.14,9,2.0,1.0,0.0,2.0,6.0,4.0,2.0,3.0,7.0,-4.0,3.0,-3.0,6.0,1.0,1.0,0.0,0.0,1.0,-1.0,50.0,25.0,22.2,55.6,1483.3,1461.3
2020-10-24,2020,Bragantino,Goias,2.0,0.0,H,U,1.4,4.74,7.1,9,1.0,0.0,1.0,2.0,2.0,1.0,1.0,2.0,5.0,-3.0,0.0,-4.0,4.0,1.0,0.0,1.0,1.0,1.0,0.0,37.5,37.5,0.0,57.1,1485.5,1463.1
2020-10-22,2020,Vasco,Corinthians,1.0,2.0,A,O,2.73,2.79,2.92,8,0.0,1.0,2.0,1.0,3.0,2.0,1.0,5.0,2.0,3.0,-2.0,0.0,-2.0,0.0,0.0,0.0,0.0,0.0,0.0,42.9,28.6,22.2,55.6,1501.2,1507.0
2020-10-20,2020,Botafogo RJ,Goias,0.0,0.0,D,U,1.56,3.94,5.9,9,1.0,0.0,1.0,2.0,4.0,3.0,1.0,4.0,7.0,-3.0,0.0,-4.0,4.0,0.0,0.0,0.0,0.0,1.0,-1.0,25.0,37.5,0.0,66.7,1490.5,1462.2
2020-10-20,2020,Bahia,Atletico-MG,3.0,1.0,H,O,4.64,3.84,1.7,9,1.0,1.0,2.0,2.0,4.0,6.0,-2.0,3.0,8.0,-5.0,1.0,-2.0,3.0,1.0,0.0,1.0,0.0,1.0,-1.0,37.5,50.0,42.9,57.1,1480.4,1570.2
2020-10-19,2020,Fortaleza,Palmeiras,2.0,0.0,H,U,3.23,2.96,2.4,8,2.0,1.0,0.0,1.0,3.0,4.0,-1.0,1.0,3.0,-2.0,2.0,1.0,1.0,0.0,1.0,-1.0,0.0,0.0,0.0,57.1,14.3,42.9,14.3,1551.4,1634.3
2020-10-19,2020,Bragantino,Sport Recife,2.0,0.0,H,U,1.69,3.69,4.92,8,1.0,1.0,1.0,1.0,4.0,4.0,0.0,4.0,6.0,-2.0,0.0,-2.0,2.0,1.0,0.0,1.0,1.0,1.0,0.0,28.6,42.9,25.0,50.0,1475.4,1480.2
2020-10-18,2020,Sao Paulo,Gremio,0.0,0.0,D,U,2.12,3.03,3.81,8,2.0,1.0,0.0,2.0,7.0,4.0,3.0,2.0,5.0,-3.0,5.0,-1.0,6.0,2.0,1.0,1.0,0.0,1.0,-1.0,71.4,0.0,14.3,28.6,1612.1,1593.0
2020-10-18,2020,Internacional,Vasco,2.0,0.0,H,U,1.49,4.08,6.76,8,2.0,0.0,0.0,3.0,5.0,1.0,4.0,2.0,8.0,-6.0,3.0,-7.0,10.0,1.0,0.0,1.0,0.0,2.0,-2.0,71.4,0.0,28.6,57.1,1595.7,1508.7
2020-10-18,2020,Corinthians,Flamengo RJ,1.0,5.0,A,O,3.97,3.64,1.87,8,1.0,1.0,0.0,1.0,4.0,3.0,1.0,3.0,4.0,-1.0,1.0,-1.0,2.0,0.0,0.0,0.0,0.0,1.0,-1.0,28.6,14.3,62.5,25.0,1512.0,1704.3
2020-10-17,2020,Goias,Bahia,1.0,1.0,D,U,3.79,3.39,1.98,8,1.0,1.0,2.0,2.0,5.0,2.0,3.0,7.0,3.0,4.0,-2.0,-1.0,-1.0,0.0,0.0,0.0,1.0,0.0,1.0,28.6,57.1,14.3,57.1,1461.7,1481.0
2020-10-17,2020,Fluminense,Ceara,2.0,2.0,D,O,2.03,3.25,3.78,9,3.0,0.0,0.0,2.0,7.0,3.0,4.0,1.0,6.0,-5.0,6.0,-3.0,9.0,1.0,0.0,1.0,0.0,1.0,-1.0,62.5,12.5,14.3,71.4,1535.8,1481.8
2020-10-17,2020,Coritiba,Santos,1.0,2.0,A,O,2.88,3.14,2.5,8,1.0,1.0,0.0,0.0,2.0,4.0,-2.0,1.0,3.0,-2.0,1.0,1.0,0.0,0.0,0.0,0.0,0.0,0.0,0.0,28.6,42.9,42.9,28.6,1467.5,1609.3
2020-10-17,2020,Atletico GO,Athletico-PR,1.0,1.0,D,U,2.44,2.98,3.11,8,1.0,0.0,1.0,3.0,6.0,2.0,4.0,6.0,6.0,0.0,0.0,-4.0,4.0,0.0,0.0,0.0,0.0,1.0,-1.0,28.6,28.6,16.7,83.3,1493.3,1549.6
2020-10-16,2020,Flamengo RJ,Bragantino,1.0,1.0,D,U,1.56,4.26,5.17,8,3.0,0.0,0.0,2.0,8.0,3.0,5.0,2.0,5.0,-3.0,6.0,-2.0,8.0,2.0,0.0,2.0,0.0,0.0,0.0,57.1,14.3,0.0,50.0,1710.3,1469.4
2020-10-15,2020,Sport Recife,Internacional,3.0,5.0,A,O,4.32,3.07,1.98,8,2.0,1.0,1.0,1.0,3.0,3.0,0.0,2.0,2.0,0.0,1.0,1.0,0.0,0.0,1.0,-1.0,0.0,0.0,0.0,57.1,42.9,37.5,37.5,1487.4,1588.5
2020-10-15,2020,Santos,Atletico GO,0.0,1.0,A,U,2.15,3.32,3.33,9,1.0,0.0,0.0,1.0,5.0,0.0,5.0,4.0,3.0,1.0,1.0,-3.0,4.0,0.0,0.0,0.0,0.0,1.0,-1.0,37.5,12.5,25.0,37.5,1623.2,1479.4
2020-10-15,2020,Atletico-MG,Fluminense,1.0,1.0,D,U,1.45,4.49,6.53,8,3.0,1.0,0.0,1.0,10.0,5.0,5.0,2.0,4.0,-2.0,8.0,1.0,7.0,3.0,1.0,2.0,0.0,0.0,0.0,100.0,0.0,28.6,57.1,1571.2,1534.8
2020-10-15,2020,Athletico-PR,Corinthians,0.0,1.0,A,U,2.23,3.0,3.52,9,2.0,0.0,0.0,2.0,2.0,1.0,1.0,0.0,3.0,-3.0,2.0,-2.0,4.0,0.0,0.0,0.0,0.0,0.0,0.0,37.5,25.0,12.5,62.5,1561.4,1500.2
2020-10-14,2020,Palmeiras,Coritiba,1.0,3.0,A,O,1.5,3.92,6.87,8,1.0,0.0,1.0,3.0,3.0,1.0,2.0,4.0,7.0,-3.0,-1.0,-6.0,5.0,0.0,0.0,0.0,1.0,1.0,0.0,28.6,14.3,12.5,62.5,1649.4,1452.3
2020-10-14,2020,Gremio,Botafogo RJ,3.0,1.0,H,O,1.47,4.26,6.71,8,1.0,1.0,0.0,0.0,4.0,4.0,0.0,3.0,3.0,0.0,1.0,1.0,0.0,0.0,0.0,0.0,0.0,0.0,0.0,28.6,14.3,14.3,0.0,1585.5,1498.0
2020-10-13,2020,Flamengo RJ,Goias,2.0,1.0,H,O,1.23,6.18,10.78,7,3.0,0.0,0.0,2.0,8.0,3.0,5.0,2.0,7.0,-5.0,6.0,-4.0,10.0,2.0,0.0,2.0,0.0,1.0,-1.0,50.0,16.7,0.0,60.0,1706.3,1465.7
2020-10-12,2020,Internacional,Athletico-PR,2.0,1.0,H,O,1.78,3.26,5.17,7,1.0,0.0,0.0,3.0,5.0,1.0,4.0,3.0,5.0,-2.0,2.0,-4.0,6.0,1.0,0.0,1.0,0.0,1.0,-1.0,66.7,0.0,20.0,80.0,1578.7,1571.1
2020-10-12,2020,Ceara,Corinthians,2.0,1.0,H,O,2.14,3.16,3.58,8,1.0,0.0,1.0,2.0,4.0,1.0,3.0,3.0,3.0,0.0,1.0,-2.0,3.0,1.0,0.0,1.0,0.0,0.0,0.0,42.9,28.6,14.3,57.1,1470.6,1511.4
2020-10-11,2020,Sport Recife,Botafogo RJ,1.0,2.0,A,O,2.47,3.04,3.02,7,3.0,0.0,0.0,0.0,4.0,4.0,0.0,1.0,4.0,-3.0,3.0,0.0,3.0,0.0,0.0,0.0,0.0,0.0,0.0,66.7,33.3,0.0,0.0,1497.7,1487.7
2020-10-11,2020,Santos,Gremio,2.0,1.0,H,O,3.32,3.0,2.33,8,1.0,1.0,0.0,1.0,6.0,4.0,2.0,4.0,4.0,0.0,2.0,0.0,2.0,1.0,1.0,0.0,0.0,1.0,-1.0,28.6,14.3,16.7,16.7,1613.7,1594.9
2020-10-11,2020,Fluminense,Bahia,1.0,0.0,H,U,2.37,3.17,3.03,8,2.0,1.0,1.0,2.0,7.0,4.0,3.0,3.0,5.0,-2.0,4.0,-1.0,5.0,1.0,0.0,1.0,0.0,0.0,0.0,57.1,14.3,16.7,50.0,1525.8,1490.0
2020-10-11,2020,Atletico-MG,Goias,3.0,0.0,H,O,1.25,6.22,9.59,7,3.0,0.0,0.0,1.0,9.0,4.0,5.0,3.0,5.0,-2.0,6.0,-1.0,7.0,2.0,0.0,2.0,0.0,0.0,0.0,100.0,0.0,0.0,50.0,1563.8,1473.1
2020-10-11,2020,Atletico GO,Bragantino,2.0,1.0,H,O,2.45,3.01,3.08,7,0.0,0.0,1.0,1.0,5.0,3.0,2.0,6.0,4.0,2.0,-1.0,-1.0,0.0,0.0,0.0,0.0,0.0,0.0,0.0,16.7,33.3,0.0,42.9,1469.1,1479.7
2020-10-10,2020,Vasco,Flamengo RJ,1.0,2.0,A,O,4.94,3.69,1.7,7,1.0,1.0,1.0,1.0,3.0,3.0,0.0,3.0,4.0,-1.0,0.0,-1.0,1.0,0.0,0.0,0.0,0.0,1.0,-1.0,50.0,16.7,57.1,28.6,1513.8,1701.2
2020-10-10,2020,Palmeiras,Sao Paulo,0.0,2.0,A,U,2.53,2.98,3.01,7,1.0,0.0,0.0,0.0,5.0,4.0,1.0,4.0,4.0,0.0,1.0,0.0,1.0,0.0,0.0,0.0,0.0,0.0,0.0,33.3,0.0,16.7,33.3,1661.1,1600.4
2020-10-10,2020,Coritiba,Fortaleza,0.0,0.0,D,U,2.72,2.91,2.84,7,1.0,0.0,1.0,1.0,2.0,3.0,-1.0,2.0,4.0,-2.0,0.0,-1.0,1.0,0.0,0.0,0.0,0.0,0.0,0.0,33.3,50.0,14.3,42.9,1449.4,1554.3
2020-10-09,2020,Bragantino,Internacional,0.0,2.0,A,U,2.84,2.96,2.65,7,1.0,0.0,1.0,2.0,5.0,1.0,4.0,4.0,3.0,1.0,1.0,-2.0,3.0,1.0,0.0,1.0,0.0,0.0,0.0,33.3,33.3,28.6,42.9,1487.3,1571.1
2020-10-08,2020,Sao Paulo,Atletico GO,3.0,0.0,H,O,1.63,3.74,5.36,7,2.0,1.0,0.0,0.0,6.0,1.0,5.0,3.0,0.0,3.0,3.0,1.0,2.0,1.0,0.0,1.0,0.0,0.0,0.0,66.7,0.0,28.6,28.6,1593.6,1475.8
2020-10-08,2020,Goias,Fluminense,2.0,4.0,A,O,3.35,3.27,2.15,7,1.0,0.0,1.0,2.0,6.0,2.0,4.0,6.0,5.0,1.0,0.0,-3.0,3.0,0.0,0.0,0.0,0.0,1.0,-1.0,33.3,50.0,16.7,66.7,1482.2,1516.8
2020-10-08,2020,Fortaleza,Atletico-MG,2.0,1.0,H,O,3.99,3.54,1.88,7,2.0,2.0,0.0,1.0,2.0,6.0,-4.0,0.0,6.0,-6.0,2.0,0.0,2.0,0.0,0.0,0.0,0.0,1.0,-1.0,50.0,16.7,50.0,50.0,1543.4,1574.7
2020-10-08,2020,Botafogo RJ,Palmeiras,2.0,1.0,H,O,3.94,3.16,2.01,8,0.0,2.0,1.0,0.0,2.0,5.0,-3.0,3.0,2.0,1.0,-1.0,3.0,-4.0,0.0,1.0,-1.0,0.0,0.0,0.0,14.3,42.9,50.0,0.0,1472.4,1676.4
2020-10-08,2020,Athletico-PR,Ceara,0.0,0.0,D,U,2.03,3.23,3.78,8,2.0,0.0,0.0,3.0,3.0,3.0,0.0,1.0,8.0,-7.0,2.0,-5.0,7.0,0.0,0.0,0.0,0.0,2.0,-2.0,42.9,28.6,16.7,83.3,1574.1,1467.6
2020-10-07,2020,Gremio,Coritiba,2.0,1.0,H,O,1.51,3.82,7.05,7,0.0,0.0,0.0,2.0,3.0,3.0,0.0,3.0,8.0,-5.0,0.0,-5.0,5.0,0.0,0.0,0.0,0.0,1.0,-1.0,16.7,16.7,14.3,57.1,1588.6,1455.8
2020-10-07,2020,Flamengo RJ,Sport Recife,3.0,0.0,H,O,1.39,4.76,7.43,6,2.0,1.0,0.0,1.0,6.0,4.0,2.0,3.0,4.0,-1.0,3.0,0.0,3.0,1.0,0.0,1.0,0.0,0.0,0.0,40.0,20.0,28.6,42.9,1696.3,1502.6
2020-10-07,2020,Corinthians,Santos,1.0,1.0,D,U,2.21,3.16,3.36,7,1.0,2.0,1.0,0.0,3.0,4.0,-1.0,4.0,2.0,2.0,-1.0,2.0,-3.0,0.0,0.0,0.0,1.0,0.0,1.0,33.3,16.7,50.0,33.3,1508.4,1616.7
2020-10-07,2020,Bahia,Vasco,3.0,0.0,H,O,1.8,3.42,4.58,8,0.0,1.0,3.0,2.0,1.0,4.0,-3.0,5.0,7.0,-2.0,-4.0,-3.0,-1.0,0.0,0.0,0.0,1.0,1.0,0.0,28.6,57.1,33.3,50.0,1478.6,1525.1
2020-10-05,2020,Atletico-MG,Vasco,4.0,1.0,H,O,1.34,5.06,8.42,6,3.0,1.0,0.0,1.0,8.0,5.0,3.0,2.0,5.0,-3.0,6.0,0.0,6.0,2.0,0.0,2.0,0.0,0.0,0.0,100.0,0.0,40.0,40.0,1565.6,1534.2
2020-10-04,2020,Goias,Santos,2.0,3.0,A,O,2.82,3.33,2.44,6,1.0,1.0,1.0,1.0,5.0,2.0,3.0,5.0,2.0,3.0,0.0,0.0,0.0,0.0,0.0,0.0,0.0,0.0,0.0,40.0,40.0,40.0,40.0,1488.8,1610.1
2020-10-04,2020,Fortaleza,Atletico GO,0.0,0.0,D,U,2.36,2.97,3.31,6,3.0,2.0,0.0,0.0,5.0,3.0,2.0,0.0,1.0,-1.0,5.0,2.0,3.0,1.0,0.0,1.0,0.0,0.0,0.0,60.0,20.0,33.3,33.3,1545.4,1473.8
2020-10-04,2020,Flamengo RJ,Athletico-PR,3.0,1.0,H,O,1.5,4.12,6.38,5,1.0,0.0,0.0,3.0,4.0,1.0,3.0,3.0,5.0,-2.0,1.0,-4.0,5.0,0.0,0.0,0.0,0.0,1.0,-1.0,25.0,25.0,25.0,75.0,1689.3,1581.1
2020-10-04,2020,Coritiba,Sao Paulo,1.0,1.0,D,U,4.8,3.45,1.77,6,2.0,0.0,1.0,1.0,2.0,3.0,-1.0,1.0,6.0,-5.0,1.0,-3.0,4.0,0.0,0.0,0.0,0.0,1.0,-1.0,40.0,60.0,20.0,40.0,1451.8,1597.6
2020-10-04,2020,Bragantino,Corinthians,0.0,0.0,D,U,2.13,3.28,3.48,6,1.0,1.0,2.0,2.0,6.0,3.0,3.0,6.0,4.0,2.0,0.0,-1.0,1.0,1.0,0.0,1.0,0.0,0.0,0.0,40.0,40.0,16.7,66.7,1486.7,1509.0
2020-10-04,2020,Botafogo RJ,Fluminense,1.0,1.0,D,U,2.88,2.96,2.63,7,0.0,1.0,2.0,2.0,3.0,2.0,1.0,5.0,4.0,1.0,-2.0,-2.0,0.0,0.0,0.0,0.0,0.0,1.0,-1.0,16.7,50.0,20.0,80.0,1471.1,1518.1
2020-10-04,2020,Bahia,Sport Recife,1.0,2.0,A,O,1.85,3.36,4.4,7,0.0,1.0,3.0,1.0,3.0,4.0,-1.0,8.0,4.0,4.0,-5.0,0.0,-5.0,0.0,0.0,0.0,2.0,0.0,2.0,33.3,50.0,16.7,50.0,1488.5,1492.8
2020-10-03,2020,Palmeiras,Ceara,2.0,1.0,H,O,1.44,4.21,7.72,6,0.0,1.0,0.0,2.0,4.0,4.0,0.0,4.0,6.0,-2.0,0.0,-2.0,2.0,0.0,1.0,-1.0,0.0,2.0,-2.0,20.0,0.0,20.0,80.0,1671.6,1472.5
2020-10-03,2020,Gremio,Internacional,1.0,1.0,D,U,2.36,2.88,3.44,6,0.0,0.0,1.0,2.0,3.0,1.0,2.0,4.0,3.0,1.0,-1.0,-2.0,1.0,0.0,0.0,0.0,0.0,0.0,0.0,20.0,20.0,33.3,50.0,1589.1,1570.6
2020-10-01,2020,Corinthians,Atletico GO,0.0,0.0,D,U,2.28,3.01,3.4,6,1.0,2.0,1.0,0.0,5.0,4.0,1.0,6.0,2.0,4.0,-1.0,2.0,-3.0,0.0,0.0,0.0,1.0,0.0,1.0,40.0,20.0,40.0,40.0,1510.1,1472.7
2020-10-01,2020,Botafogo RJ,Bahia,1.0,2.0,A,O,2.57,3.18,2.76,6,0.0,0.0,1.0,2.0,2.0,4.0,-2.0,3.0,6.0,-3.0,-1.0,-2.0,1.0,0.0,0.0,0.0,0.0,0.0,0.0,20.0,40.0,0.0,60.0,1481.2,1478.4
2020-09-29,2020,Fluminense,Coritiba,4.0,0.0,H,O,1.99,3.14,4.06,7,1.0,0.0,1.0,1.0,4.0,3.0,1.0,4.0,4.0,0.0,0.0,-1.0,1.0,0.0,0.0,0.0,0.0,0.0,0.0,50.0,16.7,16.7,50.0,1509.5,1460.4
2020-09-28,2020,Santos,Fortaleza,1.0,1.0,D,U,2.06,3.27,3.63,7,1.0,0.0,0.0,2.0,7.0,2.0,5.0,5.0,4.0,1.0,2.0,-2.0,4.0,1.0,0.0,1.0,0.0,0.0,0.0,33.3,16.7,16.7,50.0,1612.0,1543.5
2020-09-27,2020,Vasco,Bragantino,1.0,1.0,D,U,3.19,3.33,2.22,6,1.0,0.0,1.0,1.0,2.0,3.0,-1.0,2.0,4.0,-2.0,0.0,-1.0,1.0,0.0,0.0,0.0,0.0,0.0,0.0,60.0,20.0,0.0,50.0,1535.7,1485.3
2020-09-27,2020,Palmeiras,Flamengo RJ,1.0,1.0,D,U,1.26,5.58,10.3,5,1.0,2.0,0.0,1.0,5.0,7.0,-2.0,4.0,6.0,-2.0,1.0,1.0,0.0,0.0,1.0,-1.0,0.0,1.0,-1.0,25.0,0.0,66.7,33.3,1671.0,1689.8
2020-09-27,2020,Ceara,Goias,2.0,2.0,D,O,1.63,3.74,5.45,7,2.0,0.0,1.0,2.0,3.0,3.0,0.0,1.0,5.0,-4.0,2.0,-2.0,4.0,1.0,0.0,1.0,0.0,0.0,0.0,50.0,33.3,0.0,66.7,1472.0,1489.3
2020-09-27,2020,Atletico-MG,Gremio,3.0,1.0,H,O,1.72,3.72,4.72,5,3.0,1.0,0.0,0.0,7.0,3.0,4.0,1.0,1.0,0.0,6.0,2.0,4.0,2.0,1.0,1.0,0.0,0.0,0.0,100.0,0.0,20.0,0.0,1554.3,1600.4
2020-09-27,2020,Atletico GO,Botafogo RJ,1.0,1.0,D,U,2.0,3.22,3.92,6,0.0,0.0,2.0,0.0,4.0,4.0,0.0,7.0,4.0,3.0,-3.0,0.0,-3.0,0.0,0.0,0.0,1.0,0.0,1.0,20.0,40.0,0.0,0.0,1472.4,1481.4
2020-09-26,2020,Internacional,Sao Paulo,1.0,1.0,D,U,2.34,2.97,3.34,6,2.0,1.0,0.0,1.0,5.0,3.0,2.0,2.0,5.0,-3.0,3.0,-2.0,5.0,1.0,0.0,1.0,0.0,1.0,-1.0,80.0,0.0,25.0,50.0,1569.7,1598.4
2020-09-26,2020,Athletico-PR,Bahia,1.0,0.0,H,U,2.21,3.04,3.52,7,1.0,0.0,0.0,2.0,3.0,4.0,-1.0,2.0,7.0,-5.0,1.0,-3.0,4.0,0.0,0.0,0.0,0.0,1.0,-1.0,33.3,33.3,0.0,50.0,1573.6,1486.0
2020-09-24,2020,Sport Recife,Corinthians,1.0,0.0,H,U,2.73,2.92,2.81,6,2.0,1.0,1.0,2.0,3.0,4.0,-1.0,2.0,5.0,-3.0,1.0,-1.0,2.0,0.0,0.0,0.0,0.0,0.0,0.0,60.0,40.0,20.0,60.0,1481.6,1521.2
2020-09-21,2020,Sport Recife,Fluminense,1.0,0.0,H,U,2.37,3.02,3.22,5,1.0,1.0,2.0,2.0,2.0,3.0,-1.0,3.0,5.0,-2.0,-1.0,-2.0,1.0,0.0,0.0,0.0,0.0,1.0,-1.0,50.0,50.0,25.0,75.0,1470.2,1521.0
2020-09-20,2020,Gremio,Palmeiras,1.0,1.0,D,U,2.51,2.88,3.16,5,0.0,2.0,1.0,0.0,2.0,5.0,-3.0,3.0,2.0,1.0,-1.0,3.0,-4.0,0.0,1.0,-1.0,0.0,0.0,0.0,25.0,25.0,60.0,0.0,1598.3,1673.2
2020-09-20,2020,Coritiba,Vasco,1.0,0.0,H,U,2.12,3.17,3.62,5,1.0,1.0,2.0,1.0,1.0,6.0,-5.0,2.0,6.0,-4.0,-1.0,0.0,-1.0,0.0,0.0,0.0,0.0,0.0,0.0,25.0,75.0,50.0,25.0,1447.6,1548.5
2020-09-20,2020,Botafogo RJ,Santos,0.0,0.0,D,U,2.64,3.36,2.57,5,0.0,2.0,2.0,1.0,2.0,3.0,-1.0,5.0,2.0,3.0,-3.0,1.0,-4.0,0.0,0.0,0.0,1.0,0.0,1.0,25.0,50.0,50.0,50.0,1477.7,1615.8
2020-09-20,2020,Atletico GO,Atletico-MG,3.0,4.0,A,O,4.53,3.44,1.81,5,0.0,1.0,1.0,2.0,2.0,2.0,0.0,4.0,4.0,0.0,-2.0,-2.0,0.0,0.0,0.0,0.0,1.0,1.0,0.0,25.0,25.0,40.0,60.0,1480.6,1546.1
2020-09-19,2020,Fortaleza,Internacional,1.0,0.0,H,U,2.88,2.84,2.74,5,2.0,1.0,0.0,1.0,4.0,3.0,1.0,0.0,2.0,-2.0,4.0,1.0,3.0,1.0,1.0,0.0,0.0,0.0,0.0,50.0,25.0,40.0,40.0,1532.1,1581.1
2020-09-19,2020,Bragantino,Ceara,4.0,2.0,H,O,2.06,3.35,3.57,5,1.0,1.0,2.0,2.0,4.0,2.0,2.0,5.0,4.0,1.0,-1.0,-2.0,1.0,0.0,1.0,-1.0,0.0,2.0,-2.0,25.0,50.0,25.0,75.0,1475.0,1482.2
2020-09-17,2020,Corinthians,Bahia,3.0,2.0,H,O,2.22,3.11,3.43,5,0.0,0.0,1.0,1.0,3.0,3.0,0.0,5.0,5.0,0.0,-2.0,-2.0,0.0,0.0,0.0,0.0,1.0,1.0,0.0,25.0,25.0,0.0,33.3,1511.7,1495.5
2020-09-14,2020,Botafogo RJ,Vasco,2.0,3.0,A,O,2.56,2.98,2.95,4,1.0,1.0,1.0,1.0,2.0,6.0,-4.0,3.0,4.0,-1.0,-1.0,2.0,-3.0,0.0,1.0,-1.0,1.0,0.0,1.0,33.3,33.3,33.3,33.3,1486.1,1540.0
2020-09-13,2020,Palmeiras,Sport Recife,2.0,2.0,D,O,1.44,4.09,7.93,4,1.0,1.0,0.0,2.0,4.0,2.0,2.0,3.0,3.0,0.0,1.0,-1.0,2.0,0.0,0.0,0.0,0.0,0.0,0.0,33.3,0.0,20.0,60.0,1678.6,1464.7
2020-09-13,2020,Gremio,Fortaleza,1.0,1.0,D,U,1.59,3.67,6.18,4,1.0,0.0,1.0,2.0,2.0,2.0,0.0,2.0,4.0,-2.0,0.0,-2.0,2.0,0.0,0.0,0.0,0.0,0.0,0.0,33.3,33.3,20.0,60.0,1600.3,1530.1
2020-09-13,2020,Goias,Internacional,1.0,0.0,H,U,4.3,3.36,1.88,5,1.0,1.0,1.0,1.0,6.0,4.0,2.0,5.0,3.0,2.0,1.0,1.0,0.0,1.0,1.0,0.0,0.0,0.0,0.0,25.0,50.0,50.0,25.0,1476.0,1594.4
2020-09-13,2020,Fluminense,Corinthians,2.0,1.0,H,O,2.3,3.02,3.36,6,1.0,1.0,1.0,1.0,4.0,3.0,1.0,4.0,3.0,1.0,0.0,0.0,0.0,0.0,0.0,0.0,0.0,0.0,0.0,40.0,20.0,25.0,50.0,1510.7,1522.0
2020-09-13,2020,Ceara,Flamengo RJ,2.0,0.0,H,U,3.58,3.32,2.07,6,2.0,3.0,1.0,0.0,3.0,8.0,-5.0,1.0,4.0,-3.0,2.0,4.0,-2.0,1.0,1.0,0.0,0.0,0.0,0.0,40.0,40.0,80.0,20.0,1466.2,1705.8
2020-09-13,2020,Bahia,Atletico GO,0.0,1.0,A,U,2.12,3.09,3.74,6,0.0,1.0,2.0,1.0,4.0,3.0,1.0,8.0,4.0,4.0,-4.0,-1.0,-3.0,0.0,0.0,0.0,2.0,1.0,1.0,40.0,40.0,25.0,50.0,1506.5,1469.5
2020-09-13,2020,Atletico-MG,Bragantino,2.0,1.0,H,O,1.64,3.93,5.02,4,3.0,0.0,0.0,1.0,8.0,2.0,6.0,2.0,5.0,-3.0,6.0,-3.0,9.0,2.0,0.0,2.0,0.0,1.0,-1.0,100.0,0.0,0.0,40.0,1537.7,1483.5
2020-09-12,2020,Santos,Sao Paulo,2.0,2.0,D,O,3.2,3.22,2.27,6,1.0,1.0,1.0,2.0,5.0,2.0,3.0,4.0,5.0,-1.0,1.0,-3.0,4.0,1.0,0.0,1.0,0.0,1.0,-1.0,40.0,20.0,33.3,66.7,1616.4,1597.9
2020-09-12,2020,Athletico-PR,Coritiba,1.0,0.0,H,U,1.96,3.11,4.31,6,0.0,1.0,1.0,0.0,2.0,5.0,-3.0,3.0,4.0,-1.0,-1.0,1.0,-2.0,0.0,0.0,0.0,0.0,0.0,0.0,20.0,40.0,20.0,40.0,1566.7,1454.5
2020-09-11,2020,Vasco,Atletico GO,1.0,2.0,A,O,2.16,3.06,3.64,5,2.0,0.0,0.0,2.0,3.0,1.0,2.0,1.0,6.0,-5.0,2.0,-5.0,7.0,0.0,0.0,0.0,0.0,2.0,-2.0,75.0,0.0,0.0,66.7,1552.7,1456.8
2020-09-10,2020,Santos,Atletico-MG,3.0,1.0,H,O,4.2,3.85,1.76,5,1.0,1.0,1.0,2.0,5.0,2.0,3.0,4.0,3.0,1.0,1.0,-1.0,2.0,1.0,0.0,1.0,0.0,0.0,0.0,25.0,25.0,50.0,50.0,1608.1,1545.9
2020-09-10,2020,Internacional,Ceara,2.0,0.0,H,U,1.68,3.38,5.69,5,2.0,1.0,0.0,2.0,6.0,4.0,2.0,2.0,5.0,-3.0,4.0,-1.0,5.0,1.0,1.0,0.0,0.0,1.0,-1.0,75.0,0.0,33.3,66.7,1587.6,1473.0
2020-09-10,2020,Fluminense,Flamengo RJ,1.0,2.0,A,O,5.46,3.71,1.63,5,2.0,3.0,0.0,0.0,5.0,7.0,-2.0,3.0,3.0,0.0,2.0,4.0,-2.0,0.0,1.0,-1.0,0.0,0.0,0.0,50.0,0.0,75.0,25.0,1515.8,1700.7
2020-09-10,2020,Corinthians,Palmeiras,0.0,2.0,A,U,3.72,2.9,2.2,4,1.0,2.0,0.0,0.0,6.0,4.0,2.0,4.0,2.0,2.0,2.0,2.0,0.0,1.0,0.0,1.0,0.0,0.0,0.0,33.3,0.0,50.0,0.0,1528.1,1672.6
2020-09-10,2020,Bahia,Gremio,0.0,2.0,A,U,3.66,3.13,2.11,5,1.0,0.0,1.0,0.0,6.0,2.0,4.0,7.0,2.0,5.0,-1.0,0.0,-1.0,0.0,0.0,0.0,1.0,0.0,1.0,50.0,25.0,0.0,0.0,1514.3,1592.5
2020-09-09,2020,Sao Paulo,Bragantino,1.0,1.0,D,U,2.03,3.32,3.66,6,3.0,0.0,0.0,2.0,6.0,2.0,4.0,2.0,6.0,-4.0,4.0,-4.0,8.0,1.0,0.0,1.0,0.0,1.0,-1.0,80.0,0.0,0.0,50.0,1601.2,1480.2
2020-09-09,2020,Goias,Coritiba,3.0,3.0,D,O,2.52,2.94,3.0,4,1.0,1.0,2.0,1.0,4.0,3.0,1.0,5.0,4.0,1.0,-1.0,-1.0,0.0,1.0,0.0,1.0,1.0,1.0,0.0,33.3,66.7,25.0,50.0,1476.7,1453.8
2020-09-09,2020,Fortaleza,Sport Recife,1.0,0.0,H,U,1.95,3.21,4.13,4,1.0,1.0,1.0,1.0,3.0,3.0,0.0,2.0,3.0,-1.0,1.0,0.0,1.0,1.0,0.0,1.0,1.0,0.0,1.0,33.3,33.3,25.0,50.0,1521.5,1473.3
2020-09-09,2020,Athletico-PR,Botafogo RJ,1.0,1.0,D,U,1.77,3.42,4.73,5,0.0,0.0,2.0,0.0,1.0,3.0,-2.0,3.0,3.0,0.0,-2.0,0.0,-2.0,0.0,0.0,0.0,0.0,0.0,0.0,25.0,50.0,0.0,0.0,1569.1,1483.7
2020-09-07,2020,Sport Recife,Goias,2.0,1.0,H,O,1.91,3.21,4.34,4,1.0,,2.0,,3.0,,,4.0,,,-1.0,,,0.0,,,0.0,,,33.3,66.7,0.0,50.0,1462.6,1487.4
2020-09-07,2020,Coritiba,Atletico-MG,0.0,1.0,A,U,4.79,3.64,1.72,4,1.0,1.0,2.0,2.0,1.0,2.0,-1.0,2.0,3.0,-1.0,-1.0,-1.0,0.0,0.0,0.0,0.0,0.0,0.0,0.0,33.3,66.7,33.3,66.7,1461.6,1538.1
2020-09-06,2020,Vasco,Athletico-PR,1.0,0.0,H,U,2.31,3.05,3.29,4,2.0,1.0,0.0,2.0,4.0,3.0,1.0,1.0,4.0,-3.0,3.0,-1.0,4.0,1.0,1.0,0.0,0.0,1.0,-1.0,66.7,0.0,33.3,66.7,1541.6,1580.2
2020-09-06,2020,Sao Paulo,Fluminense,3.0,1.0,H,O,1.88,3.23,4.49,5,2.0,1.0,0.0,2.0,4.0,2.0,2.0,2.0,3.0,-1.0,2.0,-1.0,3.0,0.0,0.0,0.0,0.0,0.0,0.0,75.0,0.0,33.3,66.7,1593.2,1523.8
2020-09-06,2020,Internacional,Bahia,2.0,2.0,D,O,1.55,3.81,6.28,4,3.0,,0.0,,6.0,,,0.0,,,6.0,,,2.0,,,0.0,,,100.0,0.0,0.0,50.0,1589.8,1512.1
2020-09-06,2020,Ceara,Santos,0.0,1.0,A,U,2.04,3.22,3.81,5,2.0,1.0,1.0,2.0,3.0,2.0,1.0,3.0,4.0,-1.0,0.0,-2.0,2.0,1.0,0.0,1.0,1.0,1.0,0.0,50.0,25.0,33.3,66.7,1479.6,1601.5
2020-09-06,2020,Bragantino,Palmeiras,1.0,2.0,A,O,3.24,3.07,2.32,4,1.0,1.0,1.0,0.0,4.0,3.0,1.0,4.0,2.0,2.0,0.0,1.0,-1.0,0.0,0.0,0.0,0.0,0.0,0.0,33.3,33.3,33.3,0.0,1485.3,1667.4
2020-09-06,2020,Atletico GO,Gremio,1.0,1.0,D,U,4.83,3.28,1.81,4,1.0,0.0,1.0,0.0,4.0,2.0,2.0,3.0,2.0,1.0,1.0,0.0,1.0,1.0,0.0,1.0,1.0,0.0,1.0,33.3,33.3,0.0,0.0,1452.9,1596.4
2020-09-05,2020,Flamengo RJ,Fortaleza,2.0,1.0,H,O,1.44,4.3,7.11,4,0.0,1.0,1.0,1.0,2.0,4.0,-2.0,3.0,3.0,0.0,-1.0,1.0,-2.0,0.0,1.0,-1.0,0.0,0.0,0.0,0.0,33.3,25.0,50.0,1695.2,1527.0
2020-09-05,2020,Corinthians,Botafogo RJ,2.0,2.0,D,O,1.79,3.37,4.79,3,,0.0,,0.0,,2.0,,,2.0,,,0.0,,,0.0,,,0.0,,50.0,0.0,0.0,0.0,1529.4,1482.4
2020-09-04,2020,Atletico-MG,Sao Paulo,3.0,0.0,H,O,2.0,3.22,3.9,3,,,,,,,,,,,,,,,,,,,,100.0,0.0,50.0,50.0,1525.8,1605.5
2020-09-03,2020,Santos,Vasco,2.0,2.0,D,O,1.7,3.7,4.9,4,1.0,,1.0,,4.0,,,3.0,,,1.0,,,1.0,,,0.0,,,33.3,33.3,50.0,50.0,1603.3,1539.8
2020-09-03,2020,Palmeiras,Internacional,1.0,1.0,D,U,1.95,3.07,4.45,3,,2.0,,1.0,,4.0,,,2.0,,,2.0,,,1.0,,,0.0,,50.0,0.0,66.7,33.3,1669.7,1587.5
2020-09-03,2020,Gremio,Sport Recife,1.0,2.0,A,O,1.38,4.53,8.45,3,,0.0,,2.0,,1.0,,,4.0,,,-3.0,,,0.0,,,1.0,,50.0,0.0,0.0,66.7,1610.8,1448.2
2020-09-03,2020,Botafogo RJ,Coritiba,0.0,0.0,D,U,2.13,3.13,3.62,3,,1.0,,2.0,,3.0,,,5.0,,,-2.0,,,0.0,,,1.0,,50.0,50.0,33.3,66.7,1483.0,1461.0
2020-09-03,2020,Bahia,Flamengo RJ,3.0,5.0,A,O,3.28,3.1,2.28,4,2.0,2.0,0.0,1.0,4.0,2.0,2.0,2.0,3.0,-1.0,2.0,-1.0,3.0,0.0,0.0,0.0,0.0,1.0,-1.0,66.7,0.0,66.7,33.3,1517.5,1689.8
2020-09-03,2020,Athletico-PR,Bragantino,1.0,1.0,D,U,2.35,3.18,3.06,4,1.0,0.0,2.0,2.0,2.0,2.0,0.0,3.0,6.0,-3.0,-1.0,-4.0,3.0,0.0,0.0,0.0,0.0,1.0,-1.0,33.3,66.7,0.0,66.7,1583.0,1482.5
2020-09-02,2020,Goias,Corinthians,1.0,2.0,A,O,3.32,3.03,2.3,3,,0.0,,2.0,,3.0,,,5.0,,,-2.0,,,0.0,,,0.0,,50.0,50.0,0.0,66.7,1496.7,1520.1
2020-09-02,2020,Fluminense,Atletico GO,1.0,1.0,D,U,1.73,3.38,5.19,4,2.0,,0.0,,5.0,,,3.0,,,2.0,,,0.0,,,0.0,,,66.7,0.0,0.0,100.0,1525.9,1450.8
2020-09-02,2020,Ceara,Fortaleza,1.0,0.0,H,U,2.57,2.89,2.99,4,1.0,1.0,1.0,1.0,3.0,4.0,-1.0,4.0,3.0,1.0,-1.0,1.0,-2.0,1.0,1.0,0.0,1.0,0.0,1.0,33.3,33.3,33.3,33.3,1467.6,1539.0
2020-08-30,2020,Sao Paulo,Corinthians,2.0,1.0,H,O,2.26,2.97,3.46,4,2.0,,0.0,,3.0,,,1.0,,,2.0,,,0.0,,,0.0,,,66.7,0.0,0.0,50.0,1597.4,1528.1
2020-08-30,2020,Santos,Flamengo RJ,0.0,1.0,A,U,3.49,3.35,2.08,3,,,,,,,,,,,,,,,,,,,,50.0,0.0,50.0,50.0,1611.3,1681.8
2020-08-30,2020,Fortaleza,Bragantino,3.0,0.0,H,O,2.3,3.15,3.18,3,,,,,,,,,,,,,,,,,,,,0.0,50.0,0.0,50.0,1530.1,1491.4
2020-08-30,2020,Coritiba,Sport Recife,1.0,0.0,H,U,2.37,2.94,3.29,3,,,,,,,,,,,,,,,,,,,,0.0,100.0,0.0,50.0,1450.8,1458.5
2020-08-30,2020,Atletico GO,Ceara,0.0,2.0,A,U,2.46,3.08,3.0,3,,,,,,,,,,,,,,,,,,,,50.0,0.0,0.0,100.0,1460.9,1457.5
2020-08-29,2020,Fluminense,Vasco,2.0,1.0,H,O,2.23,3.05,3.47,3,,,,,,,,,,,,,,,,,,,,50.0,0.0,100.0,0.0,1514.9,1550.8
2020-08-29,2020,Botafogo RJ,Internacional,0.0,2.0,A,U,4.64,3.34,1.82,2,,,,,,,,,,,,,,,,,,,,100.0,0.0,50.0,50.0,1490.5,1580.0
2020-08-29,2020,Bahia,Palmeiras,1.0,1.0,D,U,4.06,2.99,2.07,3,,,,,,,,,,,,,,,,,,,,100.0,0.0,50.0,0.0,1513.2,1674.0
2020-08-27,2020,Corinthians,Fortaleza,1.0,1.0,D,U,1.89,3.24,4.35,2,,,,,,,,,,,,,,,,,,,,100.0,0.0,50.0,50.0,1528.1,1530.2
2020-08-26,2020,Sao Paulo,Athletico-PR,1.0,0.0,H,U,1.97,3.15,4.13,3,,,,,,,,,,,,,,,,,,,,50.0,0.0,50.0,50.0,1587.3,1593.2
2020-08-24,2020,Ceara,Bahia,2.0,0.0,H,U,2.13,3.1,3.66,3,,,,,,,,,,,,,,,,,,,,0.0,50.0,0.0,0.0,1445.3,1525.5
2020-08-23,2020,Vasco,Gremio,0.0,0.0,D,U,3.82,3.13,2.07,3,,,,,,,,,,,,,,,,,,,,100.0,0.0,0.0,0.0,1549.0,1612.6
2020-08-23,2020,Sport Recife,Sao Paulo,0.0,1.0,A,U,3.32,3.04,2.3,3,,,,,,,,,,,,,,,,,,,,50.0,50.0,0.0,100.0,1465.3,1580.5
2020-08-23,2020,Palmeiras,Santos,2.0,1.0,H,O,1.96,3.11,4.27,2,,,,,,,,,,,,,,,,,,,,0.0,0.0,50.0,50.0,1665.3,1620.0
2020-08-23,2020,Goias,Atletico GO,2.0,0.0,H,U,2.91,2.95,2.59,2,,,,,,,,,,,,,,,,,,,,0.0,100.0,0.0,100.0,1487.2,1470.4
2020-08-23,2020,Flamengo RJ,Botafogo RJ,1.0,1.0,D,U,1.36,4.66,8.59,3,,,,,,,,,,,,,,,,,,,,0.0,50.0,0.0,0.0,1687.0,1485.2
2020-08-23,2020,Bragantino,Coritiba,1.0,2.0,A,O,1.58,3.75,6.08,3,,,,,,,,,,,,,,,,,,,,50.0,0.0,0.0,100.0,1503.3,1438.9
2020-08-22,2020,Internacional,Atletico-MG,1.0,0.0,H,U,2.25,3.21,3.21,3,,,,,,,,,,,,,,,,,,,,100.0,0.0,50.0,50.0,1571.1,1534.8
2020-08-22,2020,Athletico-PR,Fluminense,0.0,1.0,A,U,1.9,3.21,4.35,3,,,,,,,,,,,,,,,,,,,,50.0,50.0,0.0,100.0,1606.1,1502.0
2020-08-21,2020,Sao Paulo,Bahia,1.0,1.0,D,U,1.74,3.41,5.13,2,,,,,,,,,,,,,,,,,,,,100.0,0.0,,,1582.1,1523.8
2020-08-21,2020,Ceara,Vasco,0.0,3.0,A,O,2.07,3.07,3.92,2,,,,,,,,,,,,,,,,,,,,0.0,0.0,,,1452.8,1541.5
2020-08-20,2020,Sport Recife,Santos,0.0,1.0,A,U,2.45,3.15,2.93,2,,,,,,,,,,,,,,,,,,,,100.0,0.0,0.0,100.0,1471.4,1613.9
2020-08-20,2020,Internacional,Atletico GO,3.0,0.0,H,O,1.75,3.36,5.06,2,,,,,,,,,,,,,,,,,,,,100.0,0.0,,,1563.5,1478.0
2020-08-20,2020,Goias,Fortaleza,1.0,3.0,A,O,2.69,2.94,2.81,1,,,,,,,,,,,,,,,,,,,,,,0.0,100.0,1496.5,1520.9
2020-08-20,2020,Corinthians,Coritiba,3.0,1.0,H,O,1.83,3.14,5.0,1,,,,,,,,,,,,,,,,,,,,,,0.0,100.0,1520.1,1446.9
2020-08-20,2020,Botafogo RJ,Atletico-MG,2.0,1.0,H,O,4.39,3.43,1.83,1,,,,,,,,,,,,,,,,,,,,,,100.0,0.0,1473.2,1546.9
2020-08-19,2020,Flamengo RJ,Gremio,1.0,1.0,D,U,2.03,3.11,3.95,2,,,,,,,,,,,,,,,,,,,,0.0,100.0,0.0,0.0,1689.2,1610.3
2020-08-19,2020,Bragantino,Fluminense,2.0,1.0,H,O,2.06,3.2,3.72,2,,,,,,,,,,,,,,,,,,,,0.0,0.0,0.0,100.0,1492.7,1512.6
2020-08-19,2020,Athletico-PR,Palmeiras,0.0,1.0,A,U,3.45,2.94,2.29,2,,,,,,,,,,,,,,,,,,,,100.0,0.0,0.0,0.0,1614.9,1656.5
2020-08-16,2020,Vasco,Sao Paulo,2.0,1.0,H,O,3.09,3.11,2.38,2,,,,,,,,,,,,,,,,,,,,100.0,0.0,,,1529.7,1593.9
2020-08-16,2020,Santos,Athletico-PR,3.0,1.0,H,O,2.4,3.13,3.02,2,,,,,,,,,,,,,,,,,,,,0.0,0.0,100.0,0.0,1603.3,1625.5
2020-08-16,2020,Palmeiras,Goias,1.0,1.0,D,U,1.19,6.51,14.23,1,,,,,,,,,,,,,,,,,,,,,,0.0,100.0,1661.0,1492.0
2020-08-16,2020,Fortaleza,Botafogo RJ,0.0,0.0,D,U,2.01,3.13,3.97,2,,,,,,,,,,,,,,,,,,,,0.0,100.0,0.0,0.0,1522.3,1471.7
2020-08-16,2020,Fluminense,Internacional,2.0,1.0,H,O,3.52,3.0,2.22,2,,,,,,,,,,,,,,,,,,,,0.0,0.0,100.0,0.0,1500.4,1575.6
2020-08-16,2020,Bahia,Bragantino,2.0,1.0,H,O,2.81,3.1,2.56,2,,,,,,,,,,,,,,,,,,,,100.0,0.0,0.0,0.0,1514.2,1502.3
2020-08-16,2020,Atletico-MG,Ceara,2.0,0.0,H,U,1.55,3.85,6.05,2,,,,,,,,,,,,,,,,,,,,100.0,0.0,0.0,100.0,1539.1,1460.5
2020-08-16,2020,Atletico GO,Sport Recife,1.0,1.0,D,U,2.01,3.1,4.03,2,,,,,,,,,,,,,,,,,,,,100.0,0.0,0.0,100.0,1478.2,1471.2
2020-08-15,2020,Gremio,Corinthians,0.0,0.0,D,U,1.75,3.21,5.39,2,,,,,,,,,,,,,,,,,,,,100.0,0.0,0.0,100.0,1613.0,1517.5
2020-08-15,2020,Coritiba,Flamengo RJ,0.0,1.0,A,U,5.22,3.66,1.66,2,,,,,,,,,,,,,,,,,,,,0.0,100.0,0.0,100.0,1451.0,1685.1
2020-08-14,2020,Vasco,Sport Recife,2.0,0.0,H,U,2.11,3.0,3.89,1,,,,,,,,,,,,,,,,,,,,,,,,1520.9,1480.0
2020-08-13,2020,Sao Paulo,Fortaleza,1.0,0.0,H,U,1.58,3.65,6.34,1,,,,,,,,,,,,,,,,,,,,,,,,1585.5,1530.8
2020-08-13,2020,Internacional,Santos,2.0,0.0,H,U,1.85,3.21,4.67,1,,,,,,,,,,,,,,,,,,,,,,,,1564.1,1614.7
2020-08-13,2020,Fluminense,Palmeiras,1.0,1.0,D,U,4.47,3.26,1.86,1,,,,,,,,,,,,,,,,,,,,,,,,1495.9,1665.6
2020-08-13,2020,Ceara,Gremio,1.0,1.0,D,U,2.59,2.92,2.92,1,,,,,,,,,,,,,,,,,,,,,,,,1456.2,1617.4
2020-08-13,2020,Bahia,Coritiba,1.0,0.0,H,U,2.08,2.96,4.02,1,,,,,,,,,,,,,,,,,,,,,,,,1505.5,1459.7
2020-08-13,2020,Atletico GO,Flamengo RJ,3.0,0.0,H,O,7.0,4.34,1.44,1,,,,,,,,,,,,,,,,,,,,,,,,1462.2,1701.1
2020-08-12,2020,Bragantino,Botafogo RJ,1.0,1.0,D,U,1.62,3.75,5.42,1,,,,,,,,,,,,,,,,,,,,,,,,1503.3,1470.8
2020-08-12,2020,Atletico-MG,Corinthians,3.0,2.0,H,O,1.98,3.21,4.0,1,,,,,,,,,,,,,,,,,,,,,,,,1529.2,1527.4
2020-08-12,2020,Athletico-PR,Goias,2.0,1.0,H,O,1.28,5.38,10.03,1,,,,,,,,,,,,,,,,,,,,,,,,1618.9,1498.7
2020-08-09,2020,Sport Recife,Ceara,3.0,2.0,H,O,2.91,2.93,2.61,1,,,,,,,,,,,,,,,,,,,,,,,,1470.1,1466.1
2020-08-09,2020,Santos,Bragantino,1.0,1.0,D,U,2.15,3.25,3.39,1,,,,,,,,,,,,,,,,,,,,,,,,1618.0,1500.0
2020-08-09,2020,Gremio,Fluminense,1.0,0.0,H,U,1.58,3.67,6.13,1,,,,,,,,,,,,,,,,,,,,,,,,1610.4,1502.9
2020-08-09,2020,Flamengo RJ,Atletico-MG,0.0,1.0,A,U,1.47,4.46,6.27,1,,,,,,,,,,,,,,,,,,,,,,,,1716.3,1513.9
2020-08-08,2020,Fortaleza,Athletico-PR,0.0,2.0,A,U,2.02,3.25,3.77,1,,,,,,,,,,,,,,,,,,,,,,,,1538.7,1610.9
2020-08-08,2020,Coritiba,Internacional,0.0,1.0,A,U,3.77,3.06,2.11,1,,,,,,,,,,,,,,,,,,,,,,,,1467.2,1556.7
2019-12-08,2019,Vasco,Chapecoense-SC,1.0,1.0,D,U,1.4,4.46,7.8,19,1.0,1.0,1.0,1.0,3.0,2.0,1.0,3.0,3.0,0.0,0.0,-1.0,1.0,0.0,0.0,0.0,0.0,1.0,-1.0,38.9,33.3,16.7,55.6,1523.1,1445.0
2019-12-08,2019,Santos,Flamengo RJ,4.0,0.0,H,O,2.65,3.54,2.47,19,2.0,3.0,0.0,0.0,7.0,5.0,2.0,2.0,1.0,1.0,5.0,4.0,1.0,2.0,1.0,1.0,0.0,0.0,0.0,72.2,5.6,61.1,16.7,1604.5,1729.8
2019-12-08,2019,Internacional,Atletico-MG,2.0,1.0,H,O,1.57,4.09,5.42,19,1.0,0.0,1.0,0.0,5.0,2.0,3.0,5.0,2.0,3.0,0.0,0.0,0.0,0.0,0.0,0.0,0.0,0.0,0.0,55.6,11.1,16.7,44.4,1547.4,1523.2
2019-12-08,2019,Goias,Gremio,3.0,2.0,H,O,2.01,3.52,3.53,19,1.0,2.0,2.0,1.0,5.0,3.0,2.0,8.0,3.0,5.0,-3.0,0.0,-3.0,0.0,0.0,0.0,1.0,1.0,0.0,55.6,27.8,38.9,33.3,1484.8,1624.2
2019-12-08,2019,Fortaleza,Bahia,2.0,1.0,H,O,2.02,3.51,3.54,19,3.0,1.0,0.0,2.0,6.0,6.0,0.0,1.0,8.0,-7.0,5.0,-2.0,7.0,1.0,0.0,1.0,0.0,1.0,-1.0,55.6,33.3,27.8,44.4,1529.1,1515.1
2019-12-08,2019,Cruzeiro,Palmeiras,0.0,2.0,A,U,2.55,3.23,2.76,19,0.0,1.0,1.0,1.0,0.0,3.0,-3.0,1.0,3.0,-2.0,-1.0,0.0,-1.0,0.0,0.0,0.0,0.0,0.0,0.0,27.8,27.8,38.9,22.2,1476.6,1660.4
2019-12-08,2019,Corinthians,Fluminense,1.0,2.0,A,O,2.11,3.19,3.6,19,2.0,1.0,0.0,1.0,6.0,3.0,3.0,2.0,3.0,-1.0,4.0,0.0,4.0,1.0,0.0,1.0,0.0,0.0,0.0,55.6,5.6,27.8,55.6,1538.8,1491.6
2019-12-08,2019,CSA,Sao Paulo,1.0,2.0,A,O,3.43,3.21,2.17,19,0.0,0.0,3.0,1.0,1.0,2.0,-1.0,6.0,5.0,1.0,-5.0,-3.0,-2.0,0.0,0.0,0.0,1.0,1.0,0.0,33.3,38.9,33.3,33.3,1431.9,1579.5
2019-12-08,2019,Botafogo RJ,Ceara,1.0,1.0,D,U,3.1,2.51,2.9,19,2.0,0.0,1.0,3.0,3.0,1.0,2.0,1.0,6.0,-5.0,2.0,-5.0,7.0,1.0,0.0,1.0,0.0,1.0,-1.0,50.0,44.4,11.1,77.8,1470.9,1465.9
2019-12-08,2019,Avai,Athletico-PR,0.0,0.0,D,U,4.01,3.47,1.9,19,0.0,2.0,2.0,0.0,2.0,3.0,-1.0,4.0,1.0,3.0,-2.0,2.0,-4.0,0.0,0.0,0.0,0.0,0.0,0.0,5.6,50.0,33.3,33.3,1375.0,1616.9
2019-12-05,2019,Sao Paulo,Internacional,2.0,1.0,H,O,2.13,2.95,3.89,19,1.0,1.0,2.0,1.0,1.0,1.0,0.0,3.0,2.0,1.0,-2.0,-1.0,-1.0,0.0,0.0,0.0,1.0,1.0,0.0,50.0,16.7,27.8,55.6,1569.9,1557.0
2019-12-05,2019,Palmeiras,Goias,5.0,1.0,H,O,1.39,4.79,7.46,19,0.0,1.0,2.0,1.0,3.0,3.0,0.0,6.0,4.0,2.0,-3.0,-1.0,-2.0,0.0,0.0,0.0,1.0,1.0,0.0,66.7,11.1,22.2,55.6,1654.8,1490.4
2019-12-05,2019,Gremio,Cruzeiro,2.0,0.0,H,U,1.62,3.76,5.49,19,2.0,0.0,1.0,2.0,5.0,1.0,4.0,2.0,5.0,-3.0,3.0,-4.0,7.0,1.0,0.0,1.0,0.0,1.0,-1.0,61.1,22.2,11.1,50.0,1617.9,1482.9
2019-12-05,2019,Fluminense,Fortaleza,0.0,0.0,D,U,1.83,3.52,4.32,19,1.0,1.0,0.0,1.0,2.0,6.0,-4.0,1.0,6.0,-5.0,1.0,0.0,1.0,0.0,0.0,0.0,0.0,0.0,0.0,33.3,33.3,22.2,50.0,1490.4,1530.3
2019-12-05,2019,Flamengo RJ,Avai,6.0,1.0,H,O,1.1,9.53,21.17,19,2.0,0.0,0.0,2.0,11.0,0.0,11.0,6.0,5.0,1.0,5.0,-5.0,10.0,2.0,0.0,2.0,0.0,2.0,-2.0,88.9,0.0,11.1,77.8,1727.4,1377.3
2019-12-05,2019,Chapecoense-SC,CSA,3.0,0.0,H,O,2.08,3.16,3.75,19,1.0,1.0,2.0,2.0,1.0,2.0,-1.0,2.0,5.0,-3.0,-1.0,-3.0,2.0,0.0,0.0,0.0,0.0,1.0,-1.0,16.7,55.6,11.1,72.2,1434.7,1442.1
2019-12-05,2019,Bahia,Vasco,1.0,1.0,D,U,1.85,3.29,4.54,19,0.0,1.0,0.0,1.0,3.0,7.0,-4.0,3.0,5.0,-2.0,0.0,2.0,-2.0,0.0,1.0,-1.0,0.0,0.0,0.0,38.9,22.2,27.8,38.9,1514.8,1523.3
2019-12-04,2019,Ceara,Corinthians,0.0,1.0,A,U,2.07,3.03,3.99,19,1.0,0.0,0.0,2.0,4.0,2.0,2.0,2.0,4.0,-2.0,2.0,-2.0,4.0,1.0,0.0,1.0,0.0,0.0,0.0,44.4,22.2,16.7,44.4,1474.3,1530.4
2019-12-04,2019,Atletico-MG,Botafogo RJ,2.0,0.0,H,U,1.42,4.33,7.83,19,2.0,1.0,1.0,2.0,4.0,2.0,2.0,2.0,5.0,-3.0,2.0,-3.0,5.0,1.0,0.0,1.0,0.0,1.0,-1.0,50.0,38.9,22.2,66.7,1514.2,1479.9
2019-12-04,2019,Athletico-PR,Santos,1.0,0.0,H,U,2.21,3.32,3.22,19,2.0,2.0,0.0,1.0,3.0,6.0,-3.0,0.0,3.0,-3.0,3.0,3.0,0.0,1.0,1.0,0.0,0.0,0.0,0.0,61.1,22.2,44.4,33.3,1606.7,1614.7
2019-12-02,2019,Vasco,Cruzeiro,1.0,0.0,H,U,2.49,2.98,3.03,18,0.0,1.0,2.0,1.0,3.0,3.0,0.0,6.0,4.0,2.0,-3.0,-1.0,-2.0,0.0,1.0,-1.0,1.0,1.0,0.0,35.3,35.3,11.8,47.1,1514.0,1492.3
2019-12-01,2019,Santos,Chapecoense-SC,2.0,0.0,H,U,1.22,5.98,12.31,18,2.0,2.0,0.0,0.0,9.0,4.0,5.0,3.0,1.0,2.0,6.0,3.0,3.0,2.0,1.0,1.0,0.0,0.0,0.0,70.6,5.9,17.6,52.9,1609.3,1440.2
2019-12-01,2019,Palmeiras,Flamengo RJ,1.0,3.0,A,O,2.37,3.32,2.91,18,1.0,2.0,1.0,0.0,3.0,4.0,-1.0,3.0,2.0,1.0,0.0,2.0,-2.0,0.0,0.0,0.0,0.0,0.0,0.0,70.6,5.9,58.8,17.6,1663.2,1719.0
2019-12-01,2019,Gremio,Sao Paulo,3.0,0.0,H,O,1.8,3.34,4.75,18,2.0,1.0,1.0,0.0,4.0,5.0,-1.0,2.0,2.0,0.0,2.0,3.0,-1.0,1.0,1.0,0.0,0.0,0.0,0.0,58.8,23.5,35.3,29.4,1608.7,1579.0
2019-12-01,2019,Goias,Fortaleza,1.0,2.0,A,O,1.94,3.51,3.75,18,2.0,1.0,1.0,1.0,6.0,7.0,-1.0,6.0,6.0,0.0,0.0,1.0,-1.0,1.0,1.0,0.0,1.0,0.0,1.0,58.8,23.5,17.6,52.9,1499.8,1520.9
2019-12-01,2019,CSA,Bahia,1.0,2.0,A,O,3.06,3.15,2.36,18,1.0,0.0,2.0,2.0,2.0,5.0,-3.0,5.0,8.0,-3.0,-3.0,-3.0,0.0,0.0,0.0,0.0,1.0,1.0,0.0,35.3,35.3,23.5,47.1,1450.5,1506.4
2019-12-01,2019,Avai,Fluminense,1.0,1.0,D,U,6.11,3.86,1.55,18,0.0,2.0,3.0,1.0,2.0,4.0,-2.0,6.0,2.0,4.0,-4.0,2.0,-6.0,0.0,1.0,-1.0,1.0,0.0,1.0,5.9,52.9,29.4,58.8,1374.0,1493.7
2019-12-01,2019,Atletico-MG,Corinthians,2.0,1.0,H,O,1.95,3.29,4.02,18,1.0,0.0,2.0,2.0,2.0,2.0,0.0,3.0,6.0,-3.0,-1.0,-4.0,3.0,1.0,0.0,1.0,1.0,1.0,0.0,47.1,41.2,17.6,41.2,1503.1,1541.5
2019-11-30,2019,Ceara,Athletico-PR,1.0,1.0,D,U,2.07,3.11,3.79,18,2.0,2.0,0.0,0.0,5.0,3.0,2.0,1.0,1.0,0.0,4.0,2.0,2.0,2.0,0.0,2.0,0.0,0.0,0.0,47.1,23.5,35.3,35.3,1470.5,1610.5
2019-11-30,2019,Botafogo RJ,Internacional,0.0,1.0,A,U,3.65,3.1,2.13,18,2.0,0.0,1.0,2.0,3.0,0.0,3.0,1.0,4.0,-3.0,2.0,-4.0,6.0,1.0,0.0,1.0,0.0,2.0,-2.0,52.9,41.2,23.5,58.8,1488.2,1548.7
2019-11-29,2019,Cruzeiro,CSA,0.0,1.0,A,U,1.33,4.73,10.06,18,0.0,0.0,0.0,3.0,1.0,1.0,0.0,1.0,6.0,-5.0,0.0,-5.0,5.0,0.0,0.0,0.0,0.0,1.0,-1.0,29.4,23.5,5.9,76.5,1504.2,1438.6
2019-11-28,2019,Sao Paulo,Vasco,1.0,0.0,H,U,1.65,3.56,5.63,18,1.0,1.0,2.0,0.0,2.0,7.0,-5.0,3.0,4.0,-1.0,-1.0,3.0,-4.0,1.0,1.0,0.0,1.0,0.0,1.0,47.1,17.6,29.4,35.3,1570.4,1522.6
2019-11-28,2019,Fortaleza,Santos,2.0,1.0,H,O,3.14,3.21,2.29,18,2.0,2.0,0.0,0.0,6.0,5.0,1.0,2.0,1.0,1.0,4.0,4.0,0.0,1.0,1.0,0.0,0.0,0.0,0.0,52.9,35.3,47.1,29.4,1507.7,1622.5
2019-11-28,2019,Fluminense,Palmeiras,1.0,0.0,H,U,2.71,3.08,2.7,18,0.0,2.0,0.0,0.0,2.0,5.0,-3.0,2.0,3.0,-1.0,0.0,2.0,-2.0,0.0,0.0,0.0,0.0,0.0,0.0,29.4,35.3,41.2,17.6,1478.5,1678.4
2019-11-28,2019,Flamengo RJ,Ceara,4.0,1.0,H,O,1.43,4.47,6.94,18,2.0,0.0,0.0,3.0,11.0,0.0,11.0,6.0,3.0,3.0,5.0,-3.0,8.0,2.0,0.0,2.0,0.0,0.0,0.0,88.2,0.0,11.8,76.5,1715.0,1474.5
2019-11-28,2019,Corinthians,Avai,3.0,0.0,H,O,1.37,4.27,10.05,18,1.0,0.0,0.0,2.0,3.0,0.0,3.0,2.0,4.0,-2.0,1.0,-4.0,5.0,0.0,0.0,0.0,0.0,2.0,-2.0,52.9,5.9,11.8,76.5,1535.7,1379.8
2019-11-28,2019,Bahia,Atletico-MG,1.0,1.0,D,U,2.44,3.18,2.93,18,0.0,0.0,1.0,0.0,4.0,3.0,1.0,5.0,3.0,2.0,-1.0,0.0,-1.0,0.0,0.0,0.0,0.0,0.0,0.0,41.2,23.5,17.6,47.1,1506.5,1503.0
2019-11-28,2019,Athletico-PR,Gremio,2.0,0.0,H,U,2.51,3.17,2.84,18,2.0,3.0,0.0,0.0,2.0,6.0,-4.0,0.0,2.0,-2.0,2.0,4.0,-2.0,0.0,1.0,-1.0,0.0,0.0,0.0,58.8,23.5,41.2,29.4,1600.0,1619.3
2019-11-27,2019,Internacional,Goias,1.0,2.0,A,O,1.37,4.67,8.19,18,1.0,0.0,0.0,2.0,5.0,2.0,3.0,4.0,7.0,-3.0,1.0,-5.0,6.0,0.0,0.0,0.0,0.0,2.0,-2.0,58.8,5.9,17.6,58.8,1560.8,1487.8
2019-11-27,2019,Chapecoense-SC,Botafogo RJ,0.0,1.0,A,U,2.49,2.99,3.02,18,1.0,0.0,2.0,3.0,1.0,1.0,0.0,4.0,8.0,-4.0,-3.0,-7.0,4.0,0.0,0.0,0.0,1.0,2.0,-1.0,17.6,52.9,17.6,70.6,1449.4,1479.1
2019-11-25,2019,CSA,Fluminense,0.0,1.0,A,U,3.67,3.27,2.05,17,1.0,1.0,1.0,2.0,4.0,3.0,1.0,6.0,4.0,2.0,-2.0,-1.0,-1.0,0.0,1.0,-1.0,1.0,1.0,0.0,37.5,31.2,25.0,62.5,1448.0,1469.2
2019-11-24,2019,Santos,Cruzeiro,4.0,1.0,H,O,1.84,3.44,4.35,17,2.0,2.0,0.0,0.0,6.0,4.0,2.0,2.0,1.0,1.0,4.0,3.0,1.0,1.0,1.0,0.0,0.0,0.0,0.0,68.8,6.2,12.5,43.8,1615.4,1511.3
2019-11-24,2019,Palmeiras,Gremio,1.0,2.0,A,O,2.13,3.15,3.57,17,2.0,2.0,0.0,1.0,5.0,5.0,0.0,1.0,3.0,-2.0,4.0,2.0,2.0,1.0,1.0,0.0,0.0,0.0,0.0,75.0,0.0,37.5,31.2,1690.8,1606.9
2019-11-24,2019,Internacional,Fortaleza,2.0,2.0,D,O,1.4,4.36,8.15,17,1.0,1.0,1.0,1.0,3.0,6.0,-3.0,3.0,5.0,-2.0,0.0,1.0,-1.0,0.0,1.0,-1.0,0.0,0.0,0.0,62.5,6.2,18.8,56.2,1562.4,1506.1
2019-11-24,2019,Goias,Bahia,4.0,3.0,H,O,2.42,3.17,2.95,17,1.0,0.0,1.0,2.0,4.0,2.0,2.0,5.0,5.0,0.0,-1.0,-3.0,2.0,1.0,0.0,1.0,1.0,1.0,0.0,56.2,25.0,25.0,43.8,1476.6,1517.7
2019-11-24,2019,Ceara,Sao Paulo,1.0,1.0,D,U,2.57,2.98,2.93,17,2.0,1.0,0.0,1.0,5.0,4.0,1.0,1.0,4.0,-3.0,4.0,0.0,4.0,2.0,1.0,1.0,0.0,1.0,-1.0,50.0,25.0,37.5,31.2,1471.7,1573.3
2019-11-24,2019,Botafogo RJ,Corinthians,1.0,0.0,H,U,3.02,2.9,2.55,17,1.0,0.0,2.0,2.0,2.0,3.0,-1.0,3.0,7.0,-4.0,-1.0,-4.0,3.0,1.0,0.0,1.0,1.0,1.0,0.0,50.0,43.8,18.8,37.5,1466.8,1548.0
2019-11-24,2019,Avai,Chapecoense-SC,0.0,1.0,A,U,2.41,3.06,3.07,17,0.0,1.0,3.0,0.0,3.0,4.0,-1.0,7.0,2.0,5.0,-4.0,2.0,-6.0,0.0,1.0,-1.0,1.0,0.0,1.0,6.2,50.0,12.5,56.2,1388.3,1440.9
2019-11-24,2019,Atletico-MG,Athletico-PR,0.0,1.0,A,U,1.93,3.5,3.82,17,2.0,2.0,1.0,0.0,4.0,4.0,0.0,2.0,2.0,0.0,2.0,2.0,0.0,2.0,0.0,2.0,1.0,0.0,1.0,50.0,37.5,31.2,37.5,1510.7,1592.3
2019-11-18,2019,Vasco,Goias,1.0,1.0,D,U,1.51,3.98,6.62,17,1.0,0.0,2.0,2.0,4.0,3.0,1.0,6.0,8.0,-2.0,-2.0,-5.0,3.0,0.0,0.0,0.0,1.0,2.0,-1.0,37.5,37.5,18.8,62.5,1524.0,1475.2
2019-11-18,2019,Cruzeiro,Avai,0.0,0.0,D,U,1.28,5.05,11.39,17,0.0,0.0,0.0,3.0,2.0,0.0,2.0,2.0,5.0,-3.0,0.0,-5.0,5.0,0.0,0.0,0.0,0.0,2.0,-2.0,31.2,25.0,12.5,81.2,1514.8,1384.7
2019-11-17,2019,Gremio,Flamengo RJ,0.0,1.0,A,U,1.96,3.39,3.84,17,3.0,2.0,0.0,0.0,7.0,5.0,2.0,1.0,3.0,-2.0,6.0,2.0,4.0,2.0,0.0,2.0,0.0,0.0,0.0,62.5,18.8,56.2,18.8,1614.3,1707.6
2019-11-17,2019,Fortaleza,CSA,3.0,0.0,H,O,1.61,3.66,5.91,17,2.0,0.0,0.0,3.0,5.0,1.0,4.0,3.0,4.0,-1.0,2.0,-3.0,5.0,0.0,0.0,0.0,0.0,0.0,0.0,50.0,37.5,6.2,75.0,1497.2,1456.9
2019-11-17,2019,Corinthians,Internacional,0.0,0.0,D,U,2.43,2.94,3.18,17,1.0,1.0,1.0,2.0,4.0,3.0,1.0,4.0,6.0,-2.0,0.0,-3.0,3.0,0.0,0.0,0.0,0.0,2.0,-2.0,56.2,6.2,25.0,62.5,1547.5,1562.8
2019-11-17,2019,Chapecoense-SC,Ceara,1.0,0.0,H,U,3.15,3.08,2.36,17,0.0,1.0,2.0,2.0,2.0,2.0,0.0,6.0,3.0,3.0,-4.0,-1.0,-3.0,0.0,0.0,0.0,1.0,0.0,1.0,12.5,56.2,12.5,75.0,1429.3,1483.2
2019-11-17,2019,Bahia,Palmeiras,1.0,1.0,D,U,4.42,3.19,1.9,17,0.0,2.0,2.0,0.0,4.0,5.0,-1.0,6.0,3.0,3.0,-2.0,2.0,-4.0,0.0,0.0,0.0,0.0,0.0,0.0,43.8,25.0,43.8,18.8,1512.9,1695.6
2019-11-17,2019,Athletico-PR,Botafogo RJ,1.0,0.0,H,U,1.39,4.5,8.06,17,2.0,0.0,0.0,3.0,5.0,2.0,3.0,1.0,9.0,-8.0,4.0,-7.0,11.0,1.0,0.0,1.0,0.0,2.0,-2.0,56.2,25.0,18.8,68.8,1585.4,1473.7
2019-11-16,2019,Santos,Sao Paulo,1.0,1.0,D,U,1.95,3.18,4.2,16,3.0,1.0,0.0,2.0,7.0,3.0,4.0,2.0,4.0,-2.0,5.0,-1.0,6.0,1.0,1.0,0.0,0.0,1.0,-1.0,73.3,6.7,40.0,33.3,1616.6,1572.0
2019-11-16,2019,Fluminense,Atletico-MG,1.0,1.0,D,U,2.19,3.29,3.27,17,0.0,0.0,1.0,1.0,2.0,2.0,0.0,3.0,4.0,-1.0,-1.0,-2.0,1.0,0.0,0.0,0.0,0.0,1.0,-1.0,31.2,37.5,18.8,50.0,1467.9,1511.9
2019-11-14,2019,Flamengo RJ,Vasco,4.0,4.0,D,O,1.37,4.62,8.17,17,3.0,1.0,0.0,0.0,8.0,4.0,4.0,2.0,1.0,1.0,6.0,3.0,3.0,2.0,1.0,1.0,0.0,0.0,0.0,93.8,0.0,31.2,37.5,1712.7,1518.9
2019-11-11,2019,Botafogo RJ,Avai,2.0,0.0,H,U,1.65,3.59,5.5,16,1.0,0.0,2.0,3.0,2.0,0.0,2.0,4.0,4.0,0.0,-2.0,-4.0,2.0,0.0,0.0,0.0,1.0,1.0,0.0,46.7,46.7,13.3,80.0,1465.7,1392.6
2019-11-10,2019,Sao Paulo,Athletico-PR,0.0,1.0,A,U,1.71,3.47,5.25,17,2.0,1.0,1.0,0.0,3.0,5.0,-2.0,2.0,4.0,-2.0,1.0,1.0,0.0,1.0,0.0,1.0,1.0,0.0,1.0,50.0,12.5,26.7,40.0,1582.2,1575.2
2019-11-10,2019,Internacional,Fluminense,2.0,1.0,H,O,1.71,3.53,5.13,16,0.0,1.0,1.0,2.0,1.0,2.0,-1.0,2.0,4.0,-2.0,-1.0,-2.0,1.0,0.0,1.0,-1.0,0.0,2.0,-2.0,60.0,6.7,26.7,60.0,1555.1,1475.6
2019-11-10,2019,Fortaleza,Ceara,1.0,0.0,H,U,2.88,2.98,2.62,16,1.0,1.0,1.0,2.0,5.0,3.0,2.0,5.0,4.0,1.0,0.0,-1.0,1.0,0.0,0.0,0.0,0.0,0.0,0.0,46.7,40.0,13.3,73.3,1487.0,1493.4
2019-11-10,2019,Flamengo RJ,Bahia,3.0,1.0,H,O,1.27,5.27,11.21,16,3.0,1.0,0.0,1.0,7.0,2.0,5.0,1.0,2.0,-1.0,6.0,0.0,6.0,2.0,0.0,2.0,0.0,0.0,0.0,93.3,0.0,26.7,40.0,1707.7,1517.9
2019-11-10,2019,Cruzeiro,Atletico-MG,0.0,0.0,D,U,2.24,3.12,3.36,16,1.0,0.0,0.0,1.0,3.0,4.0,-1.0,2.0,6.0,-4.0,1.0,-2.0,3.0,0.0,0.0,0.0,0.0,1.0,-1.0,33.3,26.7,20.0,53.3,1514.9,1511.9
2019-11-10,2019,Chapecoense-SC,Gremio,0.0,1.0,A,U,5.91,3.69,1.6,16,0.0,2.0,1.0,1.0,3.0,8.0,-5.0,6.0,4.0,2.0,-3.0,4.0,-7.0,0.0,2.0,-2.0,1.0,0.0,1.0,13.3,53.3,33.3,33.3,1434.7,1608.9
2019-11-10,2019,CSA,Vasco,0.0,3.0,A,O,2.97,2.97,2.55,16,2.0,1.0,0.0,0.0,5.0,2.0,3.0,3.0,1.0,2.0,2.0,1.0,1.0,0.0,0.0,0.0,0.0,0.0,0.0,40.0,26.7,26.7,40.0,1465.6,1510.2
2019-11-09,2019,Palmeiras,Corinthians,1.0,1.0,D,U,1.57,3.58,6.75,16,3.0,0.0,0.0,2.0,5.0,4.0,1.0,0.0,8.0,-8.0,5.0,-4.0,9.0,1.0,0.0,1.0,0.0,1.0,-1.0,80.0,0.0,20.0,40.0,1699.8,1543.3
2019-11-09,2019,Goias,Santos,0.0,3.0,A,O,3.76,3.43,1.97,16,1.0,1.0,0.0,1.0,6.0,2.0,4.0,4.0,3.0,1.0,2.0,-1.0,3.0,1.0,0.0,1.0,0.0,1.0,-1.0,60.0,20.0,43.8,31.2,1481.6,1610.2
2019-11-08,2019,Gremio,CSA,2.0,1.0,H,O,1.15,7.37,17.73,16,2.0,0.0,1.0,3.0,5.0,1.0,4.0,1.0,4.0,-3.0,4.0,-3.0,7.0,2.0,0.0,2.0,0.0,0.0,0.0,60.0,20.0,6.7,73.3,1602.5,1472.0
2019-11-07,2019,Vasco,Palmeiras,1.0,2.0,A,O,2.99,2.95,2.55,16,2.0,1.0,1.0,1.0,4.0,3.0,1.0,4.0,4.0,0.0,0.0,-1.0,1.0,0.0,0.0,0.0,1.0,1.0,0.0,40.0,33.3,40.0,20.0,1515.5,1694.6
2019-11-07,2019,Sao Paulo,Fluminense,0.0,2.0,A,U,1.7,3.49,5.28,16,3.0,0.0,0.0,2.0,4.0,0.0,4.0,0.0,4.0,-4.0,4.0,-4.0,8.0,1.0,0.0,1.0,0.0,2.0,-2.0,53.3,6.7,21.4,64.3,1595.8,1462.0
2019-11-07,2019,Ceara,Internacional,2.0,0.0,H,U,2.4,3.05,3.11,16,2.0,2.0,0.0,1.0,4.0,5.0,-1.0,1.0,4.0,-3.0,3.0,1.0,2.0,1.0,1.0,0.0,0.0,1.0,-1.0,46.7,26.7,26.7,60.0,1481.0,1567.5
2019-11-07,2019,Botafogo RJ,Flamengo RJ,0.0,1.0,A,U,7.08,4.53,1.42,15,2.0,2.0,1.0,0.0,5.0,6.0,-1.0,4.0,3.0,1.0,1.0,3.0,-2.0,1.0,1.0,0.0,1.0,0.0,1.0,50.0,42.9,53.3,20.0,1469.9,1703.5
2019-11-07,2019,Bahia,Chapecoense-SC,1.0,1.0,D,U,1.47,4.07,7.31,16,0.0,1.0,2.0,1.0,3.0,3.0,0.0,5.0,2.0,3.0,-2.0,1.0,-3.0,0.0,1.0,-1.0,0.0,0.0,0.0,46.7,26.7,13.3,60.0,1520.4,1432.2
2019-11-07,2019,Avai,Santos,1.0,2.0,A,O,6.27,3.77,1.56,16,0.0,0.0,3.0,1.0,2.0,0.0,2.0,7.0,2.0,5.0,-5.0,-2.0,-3.0,0.0,0.0,0.0,2.0,1.0,1.0,6.7,46.7,40.0,33.3,1397.3,1605.5
2019-11-07,2019,Athletico-PR,Cruzeiro,0.0,0.0,D,U,1.73,3.56,4.84,16,2.0,2.0,0.0,0.0,6.0,5.0,1.0,2.0,2.0,0.0,4.0,3.0,1.0,1.0,1.0,0.0,0.0,0.0,0.0,60.0,26.7,13.3,46.7,1577.0,1513.1
2019-11-06,2019,Corinthians,Fortaleza,3.0,2.0,H,O,1.68,3.49,5.41,16,0.0,1.0,1.0,1.0,3.0,4.0,-1.0,4.0,3.0,1.0,-1.0,1.0,-2.0,0.0,1.0,-1.0,0.0,0.0,0.0,53.3,6.7,20.0,53.3,1534.4,1495.9
2019-11-06,2019,Atletico-MG,Goias,2.0,0.0,H,U,1.44,4.36,7.04,16,1.0,0.0,2.0,2.0,3.0,4.0,-1.0,6.0,9.0,-3.0,-3.0,-5.0,2.0,1.0,0.0,1.0,2.0,2.0,0.0,46.7,40.0,20.0,60.0,1502.2,1491.3
2019-11-03,2019,Santos,Botafogo RJ,4.0,1.0,H,O,1.31,5.06,9.72,15,3.0,0.0,0.0,3.0,5.0,1.0,4.0,1.0,6.0,-5.0,4.0,-5.0,9.0,1.0,0.0,1.0,0.0,1.0,-1.0,71.4,7.1,20.0,66.7,1598.9,1476.5
2019-11-03,2019,Gremio,Internacional,2.0,0.0,H,U,2.0,3.1,4.11,15,2.0,2.0,1.0,1.0,5.0,5.0,0.0,2.0,3.0,-1.0,3.0,2.0,1.0,1.0,1.0,0.0,0.0,0.0,0.0,57.1,21.4,28.6,57.1,1593.0,1577.1
2019-11-03,2019,Goias,Avai,2.0,0.0,H,U,1.6,3.71,5.86,15,1.0,0.0,0.0,3.0,5.0,1.0,4.0,4.0,5.0,-1.0,1.0,-4.0,5.0,0.0,0.0,0.0,0.0,1.0,-1.0,57.1,21.4,14.3,78.6,1483.6,1405.0
2019-11-03,2019,Flamengo RJ,Corinthians,4.0,1.0,H,O,1.46,4.05,7.43,15,3.0,0.0,0.0,2.0,6.0,3.0,3.0,1.0,5.0,-4.0,5.0,-2.0,7.0,2.0,0.0,2.0,0.0,0.0,0.0,92.9,0.0,21.4,35.7,1697.8,1540.1
2019-11-03,2019,Cruzeiro,Bahia,1.0,1.0,D,U,1.78,3.3,4.97,15,1.0,1.0,0.0,2.0,2.0,1.0,1.0,1.0,3.0,-2.0,1.0,-2.0,3.0,0.0,0.0,0.0,0.0,1.0,-1.0,35.7,28.6,28.6,42.9,1512.9,1520.6
2019-11-03,2019,Chapecoense-SC,Sao Paulo,0.0,3.0,A,O,4.54,3.22,1.87,15,0.0,0.0,1.0,2.0,3.0,0.0,3.0,4.0,4.0,0.0,-1.0,-4.0,3.0,0.0,0.0,0.0,0.0,1.0,-1.0,14.3,50.0,35.7,35.7,1438.1,1590.0
2019-11-03,2019,Athletico-PR,CSA,1.0,0.0,H,U,1.25,5.68,11.19,15,1.0,0.0,1.0,3.0,5.0,1.0,4.0,4.0,4.0,0.0,1.0,-3.0,4.0,1.0,0.0,1.0,1.0,0.0,1.0,57.1,28.6,7.1,71.4,1569.6,1479.5
2019-11-02,2019,Palmeiras,Ceara,1.0,0.0,H,U,1.25,5.41,12.42,15,3.0,1.0,0.0,2.0,5.0,4.0,1.0,0.0,5.0,-5.0,5.0,-1.0,6.0,1.0,0.0,1.0,0.0,0.0,0.0,78.6,0.0,14.3,71.4,1689.9,1485.7
2019-11-02,2019,Fortaleza,Atletico-MG,2.0,2.0,D,O,2.58,3.09,2.83,15,2.0,0.0,1.0,2.0,5.0,3.0,2.0,3.0,7.0,-4.0,2.0,-4.0,6.0,1.0,0.0,1.0,0.0,2.0,-2.0,50.0,42.9,21.4,57.1,1495.7,1502.4
2019-11-02,2019,Fluminense,Vasco,0.0,0.0,D,U,2.27,3.11,3.27,16,1.0,1.0,1.0,0.0,4.0,2.0,2.0,3.0,1.0,2.0,1.0,1.0,0.0,1.0,0.0,1.0,0.0,0.0,0.0,33.3,40.0,28.6,42.9,1460.4,1517.1
2019-11-01,2019,Internacional,Athletico-PR,1.0,1.0,D,U,1.81,3.49,4.42,15,0.0,2.0,1.0,0.0,1.0,6.0,-5.0,2.0,4.0,-2.0,-1.0,2.0,-3.0,0.0,0.0,0.0,0.0,0.0,0.0,64.3,7.1,28.6,42.9,1577.3,1569.3
2019-11-01,2019,Botafogo RJ,Cruzeiro,0.0,2.0,A,U,3.24,2.95,2.39,14,2.0,1.0,1.0,1.0,5.0,3.0,2.0,3.0,3.0,0.0,2.0,0.0,2.0,1.0,0.0,1.0,0.0,0.0,0.0,53.8,38.5,7.1,50.0,1486.0,1503.4
2019-10-31,2019,Vasco,Gremio,1.0,3.0,A,O,2.63,2.98,2.86,15,2.0,1.0,1.0,2.0,3.0,6.0,-3.0,2.0,5.0,-3.0,1.0,1.0,0.0,0.0,1.0,-1.0,0.0,0.0,0.0,42.9,28.6,28.6,35.7,1525.4,1584.7
2019-10-31,2019,Santos,Bahia,1.0,0.0,H,U,1.56,3.85,5.98,14,3.0,2.0,0.0,1.0,6.0,3.0,3.0,1.0,2.0,-1.0,5.0,1.0,4.0,2.0,1.0,1.0,0.0,1.0,-1.0,69.2,7.7,30.8,38.5,1590.7,1528.9
2019-10-31,2019,Goias,Flamengo RJ,2.0,2.0,D,O,7.15,4.49,1.42,14,2.0,3.0,0.0,0.0,4.0,5.0,-1.0,2.0,1.0,1.0,2.0,4.0,-2.0,0.0,1.0,-1.0,0.0,0.0,0.0,61.5,23.1,57.1,21.4,1477.8,1703.5
2019-10-31,2019,Ceara,Fluminense,2.0,0.0,H,U,1.97,3.24,4.01,15,1.0,1.0,1.0,1.0,2.0,1.0,1.0,2.0,2.0,0.0,0.0,-1.0,1.0,0.0,0.0,0.0,0.0,1.0,-1.0,42.9,28.6,23.1,61.5,1475.8,1470.2
2019-10-31,2019,CSA,Corinthians,2.0,1.0,H,O,3.87,2.92,2.15,15,2.0,0.0,0.0,1.0,6.0,2.0,4.0,3.0,3.0,0.0,3.0,-1.0,4.0,1.0,0.0,1.0,0.0,0.0,0.0,35.7,28.6,23.1,30.8,1467.1,1552.6
2019-10-30,2019,Palmeiras,Sao Paulo,3.0,0.0,H,O,1.8,3.23,5.05,14,2.0,0.0,0.0,1.0,3.0,0.0,3.0,1.0,1.0,0.0,2.0,-1.0,3.0,0.0,0.0,0.0,0.0,0.0,0.0,76.9,0.0,38.5,30.8,1682.2,1597.6
2019-10-30,2019,Avai,Fortaleza,1.0,3.0,A,O,2.54,2.98,2.97,15,0.0,0.0,2.0,2.0,1.0,2.0,-1.0,4.0,4.0,0.0,-3.0,-2.0,-1.0,0.0,0.0,0.0,1.0,0.0,1.0,7.1,42.9,14.3,57.1,1412.9,1487.9
2019-10-30,2019,Atletico-MG,Chapecoense-SC,0.0,2.0,A,U,1.29,5.32,9.91,15,1.0,0.0,2.0,2.0,4.0,1.0,3.0,6.0,4.0,2.0,-2.0,-3.0,1.0,1.0,0.0,1.0,1.0,1.0,0.0,50.0,35.7,7.1,64.3,1514.9,1425.6
2019-10-27,2019,Sao Paulo,Atletico-MG,2.0,0.0,H,U,1.83,3.34,4.53,15,3.0,0.0,0.0,1.0,4.0,4.0,0.0,1.0,6.0,-5.0,3.0,-2.0,5.0,0.0,0.0,0.0,0.0,1.0,-1.0,50.0,7.1,23.1,53.8,1589.5,1523.0
2019-10-27,2019,Gremio,Botafogo RJ,3.0,0.0,H,O,1.3,5.07,10.01,14,1.0,0.0,1.0,3.0,2.0,1.0,1.0,2.0,4.0,-2.0,0.0,-3.0,3.0,0.0,0.0,0.0,0.0,0.0,0.0,53.8,23.1,21.4,64.3,1577.0,1493.6
2019-10-27,2019,Flamengo RJ,CSA,1.0,0.0,H,U,1.07,10.82,26.58,14,2.0,0.0,0.0,3.0,5.0,1.0,4.0,1.0,5.0,-4.0,4.0,-4.0,8.0,2.0,0.0,2.0,0.0,1.0,-1.0,92.3,0.0,7.7,69.2,1699.3,1471.3
2019-10-27,2019,Cruzeiro,Fortaleza,1.0,1.0,D,U,1.62,3.47,6.08,14,1.0,0.0,0.0,3.0,2.0,2.0,0.0,1.0,7.0,-6.0,1.0,-5.0,6.0,0.0,0.0,0.0,0.0,1.0,-1.0,38.5,30.8,15.4,61.5,1503.9,1487.4
2019-10-27,2019,Avai,Palmeiras,1.0,2.0,A,O,6.3,3.52,1.61,14,0.0,0.0,2.0,1.0,0.0,2.0,-2.0,4.0,4.0,0.0,-4.0,-2.0,-2.0,0.0,0.0,0.0,2.0,1.0,1.0,7.7,38.5,35.7,21.4,1416.5,1678.6
2019-10-27,2019,Athletico-PR,Goias,4.0,1.0,H,O,1.29,5.33,9.85,14,0.0,1.0,1.0,1.0,2.0,4.0,-2.0,4.0,5.0,-1.0,-2.0,-1.0,-1.0,0.0,0.0,0.0,1.0,1.0,0.0,53.8,30.8,21.4,57.1,1561.5,1485.7
2019-10-26,2019,Fluminense,Chapecoense-SC,1.0,1.0,D,U,1.42,4.34,7.66,15,2.0,0.0,1.0,2.0,5.0,1.0,4.0,3.0,4.0,-1.0,2.0,-3.0,5.0,1.0,0.0,1.0,0.0,1.0,-1.0,35.7,42.9,7.7,69.2,1471.5,1424.2
2019-10-26,2019,Corinthians,Santos,0.0,0.0,D,U,2.64,2.99,2.84,15,1.0,1.0,1.0,1.0,4.0,1.0,3.0,4.0,2.0,2.0,0.0,-1.0,1.0,0.0,0.0,0.0,0.0,1.0,-1.0,57.1,7.1,42.9,35.7,1551.4,1591.9
2019-10-26,2019,Ceara,Vasco,1.0,1.0,D,U,2.03,3.2,3.86,14,1.0,2.0,1.0,0.0,1.0,3.0,-2.0,1.0,1.0,0.0,0.0,2.0,-2.0,0.0,0.0,0.0,0.0,0.0,0.0,46.2,30.8,30.8,46.2,1474.3,1526.9
2019-10-26,2019,Bahia,Internacional,2.0,3.0,A,O,2.5,2.95,3.07,15,0.0,1.0,2.0,1.0,2.0,3.0,-1.0,4.0,2.0,2.0,-2.0,1.0,-3.0,0.0,1.0,-1.0,0.0,0.0,0.0,50.0,21.4,23.1,61.5,1538.0,1568.2
2019-10-22,2019,Botafogo RJ,CSA,2.0,1.0,H,O,1.69,3.43,5.42,13,1.0,0.0,2.0,3.0,4.0,2.0,2.0,4.0,9.0,-5.0,0.0,-7.0,7.0,1.0,0.0,1.0,0.0,2.0,-2.0,50.0,41.7,8.3,66.7,1483.7,1481.2
2019-10-21,2019,Bahia,Ceara,1.0,2.0,A,O,1.67,3.51,5.55,14,1.0,0.0,1.0,3.0,3.0,3.0,0.0,2.0,6.0,-4.0,1.0,-3.0,4.0,1.0,0.0,1.0,0.0,0.0,0.0,53.8,15.4,7.7,76.9,1550.5,1461.8
2019-10-20,2019,Sao Paulo,Avai,1.0,0.0,H,U,1.38,4.39,8.94,14,2.0,0.0,1.0,3.0,3.0,2.0,1.0,2.0,10.0,-8.0,1.0,-8.0,9.0,0.0,0.0,0.0,0.0,2.0,-2.0,46.2,7.7,15.4,76.9,1583.8,1422.2
2019-10-20,2019,Internacional,Vasco,0.0,1.0,A,U,1.77,3.37,4.91,14,1.0,1.0,0.0,1.0,2.0,2.0,0.0,1.0,2.0,-1.0,1.0,0.0,1.0,0.0,0.0,0.0,0.0,0.0,0.0,69.2,0.0,25.0,50.0,1580.0,1515.0
2019-10-20,2019,Flamengo RJ,Fluminense,2.0,0.0,H,U,1.45,4.23,7.16,13,2.0,1.0,0.0,1.0,6.0,1.0,5.0,2.0,3.0,-1.0,4.0,-2.0,6.0,2.0,0.0,2.0,0.0,1.0,-1.0,91.7,0.0,25.0,58.3,1694.8,1476.0
2019-10-20,2019,Chapecoense-SC,Goias,2.0,2.0,D,O,1.99,3.15,4.07,14,0.0,2.0,2.0,1.0,1.0,3.0,-2.0,3.0,3.0,0.0,-2.0,0.0,-2.0,0.0,0.0,0.0,0.0,1.0,-1.0,15.4,53.8,23.1,61.5,1422.4,1487.6
2019-10-20,2019,Atletico-MG,Santos,2.0,0.0,H,U,2.39,3.28,2.93,14,1.0,1.0,2.0,0.0,4.0,2.0,2.0,7.0,1.0,6.0,-3.0,1.0,-4.0,0.0,0.0,0.0,1.0,0.0,1.0,46.2,38.5,46.2,30.8,1510.3,1604.5
2019-10-20,2019,Athletico-PR,Palmeiras,1.0,1.0,D,U,2.73,3.13,2.63,13,1.0,1.0,1.0,1.0,5.0,2.0,3.0,4.0,3.0,1.0,1.0,-1.0,2.0,1.0,0.0,1.0,1.0,1.0,0.0,58.3,33.3,38.5,23.1,1558.0,1682.0
2019-10-19,2019,Fortaleza,Gremio,2.0,1.0,H,O,2.71,2.98,2.76,14,2.0,2.0,1.0,1.0,4.0,8.0,-4.0,2.0,3.0,-1.0,2.0,5.0,-3.0,1.0,2.0,-1.0,0.0,0.0,0.0,46.2,46.2,30.8,30.8,1474.2,1590.2
2019-10-19,2019,Corinthians,Cruzeiro,1.0,2.0,A,O,2.23,2.97,3.54,14,2.0,0.0,0.0,1.0,5.0,1.0,4.0,3.0,2.0,1.0,2.0,-1.0,3.0,0.0,0.0,0.0,0.0,0.0,0.0,61.5,0.0,0.0,53.8,1563.4,1491.8
2019-10-18,2019,Fluminense,Athletico-PR,1.0,2.0,A,O,2.45,3.17,2.91,14,2.0,1.0,0.0,0.0,5.0,5.0,0.0,2.0,4.0,-2.0,3.0,1.0,2.0,1.0,0.0,1.0,0.0,0.0,0.0,38.5,38.5,23.1,46.2,1484.1,1549.9
2019-10-17,2019,Vasco,Botafogo RJ,2.0,1.0,H,O,1.7,3.57,5.04,14,1.0,0.0,1.0,3.0,2.0,0.0,2.0,2.0,4.0,-2.0,0.0,-4.0,4.0,0.0,0.0,0.0,0.0,1.0,-1.0,38.5,30.8,23.1,61.5,1505.4,1493.4
2019-10-17,2019,Santos,Ceara,2.0,1.0,H,O,1.48,4.04,6.95,13,2.0,0.0,1.0,3.0,4.0,2.0,2.0,3.0,5.0,-2.0,1.0,-3.0,4.0,2.0,0.0,2.0,1.0,0.0,1.0,66.7,8.3,8.3,75.0,1598.1,1468.3
2019-10-17,2019,Palmeiras,Chapecoense-SC,1.0,0.0,H,U,1.16,6.89,17.2,13,2.0,0.0,0.0,2.0,8.0,1.0,7.0,3.0,4.0,-1.0,5.0,-3.0,8.0,1.0,0.0,1.0,0.0,1.0,-1.0,75.0,0.0,8.3,66.7,1678.2,1426.2
2019-10-17,2019,Goias,Corinthians,2.0,2.0,D,O,2.8,2.9,2.74,13,3.0,1.0,0.0,1.0,5.0,1.0,4.0,0.0,1.0,-1.0,5.0,0.0,5.0,1.0,0.0,1.0,0.0,0.0,0.0,66.7,25.0,25.0,33.3,1485.3,1565.7
2019-10-17,2019,Fortaleza,Flamengo RJ,1.0,2.0,A,O,5.79,3.83,1.58,13,2.0,3.0,1.0,0.0,3.0,5.0,-2.0,1.0,1.0,0.0,2.0,4.0,-2.0,1.0,1.0,0.0,0.0,0.0,0.0,50.0,41.7,53.8,23.1,1478.7,1690.3
2019-10-17,2019,Cruzeiro,Sao Paulo,1.0,0.0,H,U,2.56,2.89,3.02,13,0.0,1.0,1.0,0.0,2.0,2.0,0.0,3.0,1.0,2.0,-1.0,1.0,-2.0,0.0,0.0,0.0,0.0,0.0,0.0,33.3,33.3,41.7,25.0,1478.5,1597.1
2019-10-17,2019,Avai,Internacional,0.0,2.0,A,U,3.88,2.95,2.12,13,1.0,0.0,1.0,2.0,1.0,2.0,-1.0,2.0,5.0,-3.0,-1.0,-3.0,2.0,0.0,0.0,0.0,1.0,1.0,0.0,8.3,33.3,16.7,66.7,1428.2,1574.0
2019-10-16,2019,Gremio,Bahia,0.0,1.0,A,U,1.49,4.04,6.71,13,2.0,1.0,0.0,2.0,8.0,3.0,5.0,2.0,4.0,-2.0,6.0,-1.0,7.0,1.0,1.0,0.0,0.0,1.0,-1.0,58.3,16.7,25.0,41.7,1602.0,1538.7
2019-10-16,2019,CSA,Atletico-MG,2.0,2.0,D,O,3.58,3.22,2.1,14,3.0,0.0,0.0,2.0,5.0,2.0,3.0,1.0,5.0,-4.0,4.0,-3.0,7.0,1.0,0.0,1.0,0.0,1.0,-1.0,38.5,30.8,25.0,58.3,1480.4,1511.2
2019-10-13,2019,Vasco,Fortaleza,1.0,0.0,H,U,1.55,4.0,6.04,13,0.0,0.0,2.0,2.0,1.0,3.0,-2.0,4.0,7.0,-3.0,-3.0,-4.0,1.0,0.0,0.0,0.0,1.0,1.0,0.0,33.3,33.3,16.7,58.3,1495.6,1488.5
2019-10-13,2019,Sao Paulo,Corinthians,1.0,0.0,H,U,2.21,2.82,3.93,13,1.0,1.0,1.0,1.0,3.0,1.0,2.0,3.0,1.0,2.0,0.0,0.0,0.0,0.0,0.0,0.0,0.0,0.0,0.0,41.7,8.3,27.3,27.3,1587.4,1575.4
2019-10-13,2019,Palmeiras,Botafogo RJ,1.0,0.0,H,U,1.24,5.61,12.51,12,2.0,0.0,0.0,2.0,8.0,0.0,8.0,3.0,3.0,0.0,5.0,-3.0,8.0,1.0,0.0,1.0,0.0,1.0,-1.0,72.7,0.0,25.0,58.3,1672.9,1498.7
2019-10-13,2019,Internacional,Santos,0.0,0.0,D,U,2.16,3.15,3.54,13,2.0,1.0,0.0,1.0,3.0,2.0,1.0,1.0,2.0,-1.0,2.0,0.0,2.0,0.0,0.0,0.0,0.0,0.0,0.0,75.0,0.0,50.0,33.3,1573.2,1598.8
2019-10-13,2019,Chapecoense-SC,Cruzeiro,1.0,1.0,D,U,4.14,3.1,2.01,13,0.0,0.0,3.0,2.0,1.0,0.0,1.0,4.0,2.0,2.0,-3.0,-2.0,-1.0,0.0,0.0,0.0,0.0,0.0,0.0,16.7,58.3,0.0,58.3,1424.6,1480.1
2019-10-13,2019,Ceara,Avai,1.0,0.0,H,U,1.55,3.69,6.83,13,0.0,1.0,1.0,2.0,0.0,3.0,-3.0,1.0,9.0,-8.0,-1.0,-6.0,5.0,0.0,0.0,0.0,0.0,2.0,-2.0,41.7,33.3,16.7,75.0,1458.9,1437.6
2019-10-13,2019,Atletico-MG,Gremio,1.0,4.0,A,O,2.42,3.26,2.9,13,1.0,2.0,2.0,1.0,4.0,8.0,-4.0,6.0,3.0,3.0,-2.0,5.0,-7.0,0.0,2.0,-2.0,1.0,0.0,1.0,50.0,33.3,25.0,33.3,1519.1,1594.2
2019-10-13,2019,Athletico-PR,Flamengo RJ,0.0,2.0,A,U,2.88,3.27,2.43,12,1.0,3.0,1.0,0.0,5.0,6.0,-1.0,3.0,1.0,2.0,2.0,5.0,-3.0,1.0,1.0,0.0,0.0,0.0,0.0,63.6,27.3,50.0,25.0,1556.4,1683.8
2019-10-12,2019,Goias,CSA,1.0,0.0,H,U,1.63,3.69,5.58,12,2.0,0.0,1.0,2.0,5.0,3.0,2.0,2.0,9.0,-7.0,3.0,-6.0,9.0,1.0,0.0,1.0,0.0,2.0,-2.0,63.6,27.3,9.1,63.6,1474.8,1490.8
2019-10-12,2019,Fluminense,Bahia,2.0,0.0,H,U,2.11,3.1,3.78,13,2.0,2.0,0.0,1.0,4.0,5.0,-1.0,2.0,2.0,0.0,2.0,3.0,-1.0,0.0,2.0,-2.0,0.0,0.0,0.0,33.3,41.7,27.3,36.4,1471.9,1550.9
2019-10-11,2019,Flamengo RJ,Atletico-MG,3.0,1.0,H,O,1.48,4.12,6.7,12,2.0,0.0,0.0,2.0,4.0,2.0,2.0,1.0,4.0,-3.0,3.0,-2.0,5.0,1.0,0.0,1.0,0.0,0.0,0.0,90.9,0.0,27.3,54.5,1677.9,1525.0
2019-10-10,2019,Santos,Palmeiras,2.0,0.0,H,U,2.8,2.95,2.71,12,1.0,2.0,1.0,0.0,3.0,4.0,-1.0,4.0,2.0,2.0,-1.0,2.0,-3.0,1.0,0.0,1.0,1.0,0.0,1.0,63.6,9.1,41.7,16.7,1586.0,1685.7
2019-10-10,2019,Gremio,Ceara,2.0,1.0,H,O,1.66,3.51,5.55,12,2.0,0.0,0.0,2.0,9.0,3.0,6.0,1.0,5.0,-4.0,8.0,-2.0,10.0,2.0,0.0,2.0,0.0,0.0,0.0,54.5,18.2,9.1,72.7,1587.5,1465.5
2019-10-10,2019,Fortaleza,Chapecoense-SC,2.0,0.0,H,U,1.59,3.81,5.58,12,1.0,0.0,2.0,2.0,1.0,1.0,0.0,2.0,4.0,-2.0,-1.0,-3.0,2.0,0.0,0.0,0.0,0.0,1.0,-1.0,45.5,45.5,9.1,63.6,1479.9,1433.3
2019-10-10,2019,Cruzeiro,Fluminense,0.0,0.0,D,U,1.82,3.37,4.58,12,0.0,1.0,2.0,2.0,3.0,1.0,2.0,7.0,6.0,1.0,-4.0,-5.0,1.0,0.0,0.0,0.0,1.0,2.0,-1.0,36.4,36.4,27.3,63.6,1480.4,1471.6
2019-10-10,2019,Corinthians,Athletico-PR,2.0,2.0,D,O,1.91,3.18,4.35,13,2.0,1.0,0.0,0.0,5.0,4.0,1.0,3.0,3.0,0.0,2.0,1.0,1.0,0.0,0.0,0.0,0.0,0.0,0.0,66.7,0.0,25.0,50.0,1575.9,1555.8
2019-10-10,2019,Bahia,Sao Paulo,0.0,0.0,D,U,2.47,2.88,3.17,13,1.0,1.0,1.0,1.0,4.0,2.0,2.0,3.0,2.0,1.0,1.0,0.0,1.0,1.0,0.0,1.0,0.0,0.0,0.0,58.3,16.7,45.5,27.3,1549.8,1588.5
2019-10-10,2019,Avai,Vasco,0.0,0.0,D,U,3.07,2.81,2.59,12,1.0,2.0,2.0,1.0,1.0,4.0,-3.0,5.0,3.0,2.0,-4.0,1.0,-5.0,0.0,0.0,0.0,2.0,0.0,2.0,9.1,36.4,27.3,54.5,1435.9,1497.3
2019-10-09,2019,CSA,Internacional,1.0,0.0,H,U,4.92,3.28,1.79,13,3.0,1.0,0.0,1.0,6.0,5.0,1.0,1.0,5.0,-4.0,5.0,0.0,5.0,2.0,1.0,1.0,0.0,1.0,-1.0,33.3,33.3,18.2,63.6,1477.8,1586.3
2019-10-09,2019,Botafogo RJ,Goias,3.0,1.0,H,O,2.08,3.22,3.64,12,1.0,2.0,2.0,1.0,3.0,2.0,1.0,4.0,3.0,1.0,-1.0,-1.0,0.0,0.0,0.0,0.0,0.0,1.0,-1.0,45.5,45.5,25.0,58.3,1488.8,1484.7
2019-10-06,2019,Palmeiras,Atletico-MG,1.0,1.0,D,U,1.4,4.35,8.2,11,3.0,0.0,0.0,3.0,10.0,1.0,9.0,2.0,4.0,-2.0,8.0,-3.0,11.0,2.0,0.0,2.0,0.0,0.0,0.0,80.0,0.0,30.0,60.0,1690.2,1520.4
2019-10-06,2019,Cruzeiro,Internacional,1.0,1.0,D,U,2.52,2.93,3.06,11,1.0,1.0,2.0,2.0,3.0,5.0,-2.0,6.0,6.0,0.0,-3.0,-1.0,-2.0,0.0,1.0,-1.0,1.0,1.0,0.0,40.0,40.0,20.0,70.0,1477.3,1589.4
2019-10-06,2019,Chapecoense-SC,Flamengo RJ,0.0,1.0,A,U,5.94,3.78,1.58,12,0.0,3.0,3.0,0.0,1.0,8.0,-7.0,4.0,1.0,3.0,-3.0,7.0,-10.0,0.0,2.0,-2.0,0.0,0.0,0.0,18.2,54.5,45.5,27.3,1437.4,1673.8
2019-10-06,2019,Ceara,Goias,0.0,1.0,A,U,1.62,3.67,5.8,12,0.0,1.0,1.0,2.0,0.0,1.0,-1.0,3.0,5.0,-2.0,-3.0,-4.0,1.0,0.0,0.0,0.0,1.0,2.0,-1.0,45.5,27.3,18.2,63.6,1475.5,1474.7
2019-10-06,2019,CSA,Avai,3.0,1.0,H,O,2.44,2.85,3.28,12,2.0,2.0,0.0,1.0,4.0,3.0,1.0,1.0,6.0,-5.0,3.0,-3.0,6.0,1.0,0.0,1.0,0.0,1.0,-1.0,27.3,36.4,18.2,72.7,1468.5,1445.2
2019-10-06,2019,Botafogo RJ,Fluminense,0.0,1.0,A,U,2.97,3.04,2.5,11,1.0,1.0,1.0,2.0,3.0,1.0,2.0,3.0,6.0,-3.0,0.0,-5.0,5.0,0.0,0.0,0.0,0.0,2.0,-2.0,50.0,40.0,20.0,70.0,1500.0,1460.5
2019-10-05,2019,Vasco,Santos,0.0,1.0,A,U,2.51,3.11,2.9,12,1.0,1.0,1.0,1.0,3.0,2.0,1.0,3.0,2.0,1.0,0.0,0.0,0.0,1.0,0.0,1.0,1.0,0.0,1.0,36.4,27.3,45.5,36.4,1505.3,1578.1
2019-10-05,2019,Sao Paulo,Fortaleza,2.0,1.0,H,O,1.46,4.17,7.14,12,0.0,0.0,1.0,1.0,1.0,5.0,-4.0,2.0,8.0,-6.0,-1.0,-3.0,2.0,0.0,0.0,0.0,0.0,1.0,-1.0,36.4,9.1,18.2,54.5,1581.2,1487.2
2019-10-05,2019,Gremio,Corinthians,0.0,0.0,D,U,1.73,3.35,5.23,11,3.0,1.0,0.0,1.0,11.0,2.0,9.0,2.0,2.0,0.0,9.0,0.0,9.0,2.0,0.0,2.0,0.0,0.0,0.0,60.0,20.0,30.0,30.0,1587.9,1575.6
2019-10-05,2019,Bahia,Athletico-PR,1.0,2.0,A,O,2.14,3.19,3.54,12,2.0,0.0,0.0,1.0,4.0,3.0,1.0,1.0,4.0,-3.0,3.0,-1.0,4.0,1.0,0.0,1.0,0.0,0.0,0.0,63.6,9.1,18.2,54.5,1560.2,1545.4
2019-10-02,2019,Chapecoense-SC,Corinthians,0.0,1.0,A,U,3.99,2.99,2.07,11,1.0,0.0,2.0,1.0,2.0,1.0,1.0,3.0,2.0,1.0,-1.0,-1.0,0.0,0.0,0.0,0.0,0.0,0.0,0.0,20.0,50.0,22.2,33.3,1443.9,1569.0
2019-10-02,2019,Atletico-MG,Vasco,1.0,2.0,A,O,1.77,3.47,4.72,12,1.0,1.0,2.0,2.0,3.0,2.0,1.0,5.0,3.0,2.0,-2.0,-1.0,-1.0,0.0,0.0,0.0,1.0,0.0,1.0,54.5,27.3,20.0,60.0,1531.5,1494.2
2019-10-01,2019,Goias,Cruzeiro,1.0,0.0,H,U,2.92,2.97,2.58,11,2.0,0.0,1.0,1.0,6.0,1.0,5.0,3.0,2.0,1.0,3.0,-1.0,4.0,1.0,0.0,1.0,0.0,0.0,0.0,60.0,30.0,0.0,54.5,1464.0,1487.9
2019-10-01,2019,Fortaleza,Botafogo RJ,1.0,0.0,H,U,1.8,3.51,4.47,11,1.0,0.0,2.0,2.0,2.0,2.0,0.0,2.0,5.0,-3.0,0.0,-3.0,3.0,1.0,0.0,1.0,0.0,1.0,-1.0,40.0,50.0,27.3,54.5,1476.2,1511.0
2019-10-01,2019,Avai,Bahia,0.0,2.0,A,U,3.08,2.88,2.53,11,1.0,2.0,1.0,1.0,2.0,4.0,-2.0,4.0,2.0,2.0,-2.0,2.0,-4.0,0.0,1.0,-1.0,1.0,0.0,1.0,10.0,30.0,20.0,40.0,1452.4,1553.1
2019-09-29,2019,Santos,CSA,2.0,0.0,H,U,1.19,6.42,14.74,11,0.0,0.0,1.0,2.0,4.0,3.0,1.0,7.0,8.0,-1.0,-3.0,-5.0,2.0,0.0,0.0,0.0,1.0,1.0,0.0,60.0,10.0,10.0,60.0,1570.7,1475.8
2019-09-29,2019,Internacional,Palmeiras,1.0,1.0,D,U,3.17,2.94,2.44,12,3.0,2.0,0.0,1.0,5.0,3.0,2.0,2.0,4.0,-2.0,3.0,-1.0,4.0,0.0,0.0,0.0,0.0,1.0,-1.0,81.8,0.0,45.5,18.2,1586.4,1693.2
2019-09-29,2019,Fluminense,Gremio,2.0,1.0,H,O,2.22,3.24,3.23,12,1.0,2.0,1.0,0.0,2.0,7.0,-5.0,2.0,1.0,1.0,0.0,6.0,-6.0,0.0,2.0,-2.0,0.0,0.0,0.0,27.3,45.5,27.3,27.3,1446.3,1602.1
2019-09-29,2019,Corinthians,Vasco,1.0,0.0,H,U,1.79,3.3,4.92,12,2.0,2.0,0.0,1.0,5.0,3.0,2.0,3.0,2.0,1.0,2.0,1.0,1.0,0.0,0.0,0.0,0.0,0.0,0.0,63.6,0.0,22.2,55.6,1560.7,1502.5
2019-09-29,2019,Atletico-MG,Ceara,2.0,1.0,H,O,1.58,3.82,5.81,11,1.0,0.0,2.0,2.0,3.0,2.0,1.0,5.0,4.0,1.0,-2.0,-2.0,0.0,0.0,0.0,0.0,1.0,0.0,1.0,50.0,30.0,10.0,70.0,1522.6,1484.4
2019-09-29,2019,Athletico-PR,Chapecoense-SC,1.0,1.0,D,U,1.27,5.36,10.82,11,2.0,0.0,1.0,2.0,5.0,0.0,5.0,2.0,3.0,-1.0,3.0,-3.0,6.0,1.0,0.0,1.0,0.0,1.0,-1.0,70.0,30.0,10.0,70.0,1548.4,1440.9
2019-09-28,2019,Flamengo RJ,Sao Paulo,0.0,0.0,D,U,1.61,3.66,5.79,11,3.0,1.0,0.0,2.0,7.0,2.0,5.0,1.0,4.0,-3.0,6.0,-2.0,8.0,2.0,0.0,2.0,0.0,1.0,-1.0,100.0,0.0,50.0,30.0,1676.6,1578.4
2019-09-27,2019,Gremio,Avai,6.0,1.0,H,O,1.32,4.64,10.63,10,2.0,2.0,0.0,1.0,6.0,2.0,4.0,2.0,1.0,1.0,4.0,1.0,3.0,1.0,0.0,1.0,0.0,0.0,0.0,55.6,22.2,20.0,70.0,1595.9,1458.6
2019-09-27,2019,Fluminense,Santos,1.0,1.0,D,U,2.61,3.19,2.71,11,1.0,1.0,2.0,2.0,1.0,1.0,0.0,2.0,3.0,-1.0,-1.0,-2.0,1.0,0.0,0.0,0.0,0.0,1.0,-1.0,30.0,50.0,50.0,40.0,1442.6,1574.4
2019-09-27,2019,Athletico-PR,Fortaleza,4.0,1.0,H,O,1.44,4.39,6.9,10,1.0,1.0,2.0,0.0,1.0,6.0,-5.0,2.0,4.0,-2.0,-1.0,2.0,-3.0,0.0,1.0,-1.0,0.0,0.0,0.0,66.7,33.3,20.0,50.0,1540.0,1484.7
2019-09-26,2019,Sao Paulo,Goias,0.0,1.0,A,U,1.34,4.65,9.71,11,1.0,0.0,0.0,2.0,2.0,1.0,1.0,1.0,6.0,-5.0,1.0,-5.0,6.0,0.0,0.0,0.0,0.0,2.0,-2.0,40.0,0.0,10.0,70.0,1592.3,1450.1
2019-09-26,2019,Palmeiras,CSA,6.0,2.0,H,O,1.18,6.5,15.63,10,2.0,1.0,0.0,1.0,6.0,2.0,4.0,2.0,2.0,0.0,4.0,0.0,4.0,1.0,0.0,1.0,0.0,0.0,0.0,77.8,0.0,11.1,55.6,1688.5,1480.4
2019-09-26,2019,Flamengo RJ,Internacional,3.0,1.0,H,O,1.57,3.83,5.95,10,3.0,2.0,0.0,1.0,7.0,5.0,2.0,1.0,3.0,-2.0,6.0,2.0,4.0,2.0,1.0,1.0,0.0,0.0,0.0,100.0,0.0,22.2,66.7,1668.7,1594.3
2019-09-26,2019,Bahia,Botafogo RJ,2.0,0.0,H,U,1.6,3.69,5.86,11,1.0,0.0,0.0,2.0,3.0,2.0,1.0,2.0,5.0,-3.0,1.0,-3.0,4.0,0.0,0.0,0.0,0.0,1.0,-1.0,60.0,10.0,30.0,50.0,1543.7,1520.3
2019-09-25,2019,Ceara,Cruzeiro,0.0,0.0,D,U,2.17,3.04,3.64,11,1.0,0.0,1.0,1.0,4.0,3.0,1.0,4.0,4.0,0.0,0.0,-1.0,1.0,1.0,0.0,1.0,1.0,0.0,1.0,50.0,30.0,0.0,60.0,1484.3,1488.1
2019-09-24,2019,Avai,Atletico-MG,1.0,0.0,H,U,2.56,3.06,2.87,10,0.0,0.0,1.0,3.0,3.0,1.0,2.0,6.0,4.0,2.0,-3.0,-3.0,0.0,0.0,0.0,0.0,1.0,0.0,1.0,0.0,33.3,33.3,55.6,1446.1,1535.1
2019-09-22,2019,Vasco,Athletico-PR,1.0,1.0,D,U,2.09,3.24,3.58,11,1.0,0.0,2.0,2.0,3.0,3.0,0.0,6.0,5.0,1.0,-3.0,-2.0,-1.0,1.0,0.0,1.0,2.0,0.0,2.0,40.0,30.0,20.0,60.0,1501.4,1541.1
2019-09-22,2019,Santos,Gremio,0.0,3.0,A,O,2.0,3.33,3.79,10,1.0,1.0,0.0,1.0,10.0,5.0,5.0,5.0,4.0,1.0,5.0,1.0,4.0,1.0,1.0,0.0,0.0,1.0,-1.0,66.7,0.0,20.0,30.0,1584.3,1585.9
2019-09-22,2019,Internacional,Chapecoense-SC,1.0,0.0,H,U,1.41,4.18,8.5,11,2.0,0.0,0.0,2.0,4.0,1.0,3.0,2.0,6.0,-4.0,2.0,-5.0,7.0,0.0,0.0,0.0,0.0,2.0,-2.0,80.0,0.0,11.1,66.7,1588.1,1447.0
2019-09-22,2019,Goias,Fluminense,3.0,0.0,H,O,2.82,3.26,2.47,10,1.0,1.0,2.0,2.0,3.0,2.0,1.0,4.0,5.0,-1.0,-1.0,-3.0,2.0,0.0,0.0,0.0,0.0,1.0,-1.0,55.6,33.3,22.2,66.7,1439.7,1453.0
2019-09-22,2019,Fortaleza,Palmeiras,0.0,1.0,A,U,4.54,3.35,1.83,10,1.0,1.0,2.0,1.0,2.0,3.0,-1.0,2.0,5.0,-3.0,0.0,-2.0,2.0,1.0,0.0,1.0,0.0,1.0,-1.0,44.4,44.4,40.0,20.0,1489.6,1683.6
2019-09-22,2019,CSA,Ceara,1.0,0.0,H,U,3.06,2.97,2.48,11,1.0,0.0,1.0,2.0,3.0,2.0,1.0,3.0,4.0,-1.0,0.0,-2.0,2.0,1.0,0.0,1.0,1.0,0.0,1.0,20.0,40.0,11.1,66.7,1469.7,1495.1
2019-09-21,2019,Cruzeiro,Flamengo RJ,1.0,2.0,A,O,3.75,3.36,1.99,10,2.0,3.0,1.0,0.0,4.0,10.0,-6.0,4.0,1.0,3.0,0.0,9.0,-9.0,1.0,3.0,-2.0,1.0,0.0,1.0,44.4,33.3,40.0,30.0,1493.5,1663.2
2019-09-21,2019,Corinthians,Bahia,2.0,1.0,H,O,1.95,3.02,4.53,11,2.0,2.0,0.0,0.0,5.0,5.0,0.0,2.0,2.0,0.0,3.0,3.0,0.0,1.0,1.0,0.0,0.0,0.0,0.0,60.0,0.0,22.2,33.3,1550.6,1553.8
2019-09-21,2019,Botafogo RJ,Sao Paulo,1.0,2.0,A,O,3.7,3.13,2.1,10,2.0,1.0,0.0,2.0,4.0,1.0,3.0,2.0,3.0,-1.0,2.0,-2.0,4.0,0.0,0.0,0.0,0.0,1.0,-1.0,55.6,33.3,44.4,33.3,1528.7,1583.9
2019-09-15,2019,Sao Paulo,CSA,1.0,1.0,D,U,1.26,5.05,12.82,10,2.0,1.0,0.0,1.0,4.0,1.0,3.0,2.0,1.0,1.0,2.0,0.0,2.0,0.0,0.0,0.0,0.0,0.0,0.0,44.4,0.0,12.5,62.5,1587.2,1466.4
2019-09-15,2019,Gremio,Goias,3.0,0.0,H,O,1.26,5.51,11.49,9,1.0,0.0,0.0,2.0,6.0,1.0,5.0,5.0,5.0,0.0,1.0,-4.0,5.0,0.0,0.0,0.0,0.0,2.0,-2.0,50.0,25.0,11.1,66.7,1579.6,1446.1
2019-09-15,2019,Fluminense,Corinthians,1.0,0.0,H,U,3.12,2.96,2.45,10,1.0,1.0,2.0,0.0,2.0,4.0,-2.0,3.0,2.0,1.0,-1.0,2.0,-3.0,0.0,1.0,-1.0,0.0,0.0,0.0,22.2,55.6,25.0,25.0,1439.6,1564.0
2019-09-15,2019,Ceara,Botafogo RJ,0.0,0.0,D,U,1.68,3.54,5.33,10,2.0,1.0,1.0,2.0,6.0,4.0,2.0,5.0,5.0,0.0,1.0,-1.0,2.0,1.0,1.0,0.0,1.0,1.0,0.0,55.6,33.3,33.3,55.6,1494.0,1529.7
2019-09-15,2019,Bahia,Fortaleza,1.0,1.0,D,U,1.59,3.7,6.0,10,2.0,1.0,0.0,1.0,5.0,6.0,-1.0,1.0,5.0,-4.0,4.0,1.0,3.0,1.0,1.0,0.0,0.0,0.0,0.0,66.7,11.1,22.2,55.6,1555.8,1487.7
2019-09-15,2019,Atletico-MG,Internacional,1.0,3.0,A,O,1.65,3.66,5.4,10,2.0,1.0,1.0,2.0,4.0,3.0,1.0,2.0,4.0,-2.0,2.0,-1.0,3.0,1.0,0.0,1.0,0.0,0.0,0.0,55.6,22.2,12.5,75.0,1544.1,1579.2
2019-09-15,2019,Athletico-PR,Avai,0.0,1.0,A,U,1.71,3.59,5.0,9,2.0,1.0,1.0,2.0,2.0,2.0,0.0,1.0,4.0,-3.0,1.0,-2.0,3.0,0.0,0.0,0.0,0.0,1.0,-1.0,75.0,25.0,11.1,77.8,1554.5,1432.8
2019-09-14,2019,Palmeiras,Cruzeiro,1.0,0.0,H,U,1.32,4.87,9.78,9,1.0,0.0,0.0,1.0,6.0,3.0,3.0,3.0,5.0,-2.0,3.0,-2.0,5.0,1.0,0.0,1.0,0.0,1.0,-1.0,75.0,0.0,0.0,55.6,1678.4,1498.8
2019-09-14,2019,Flamengo RJ,Santos,1.0,0.0,H,U,1.57,3.87,5.86,9,3.0,1.0,0.0,2.0,9.0,3.0,6.0,3.0,5.0,-2.0,6.0,-2.0,8.0,2.0,0.0,2.0,0.0,1.0,-1.0,100.0,0.0,55.6,33.3,1655.0,1592.5
2019-09-14,2019,Chapecoense-SC,Vasco,1.0,2.0,A,O,2.73,2.88,2.83,10,1.0,1.0,1.0,1.0,1.0,2.0,-1.0,1.0,2.0,-1.0,0.0,0.0,0.0,0.0,0.0,0.0,0.0,0.0,0.0,22.2,44.4,12.5,62.5,1456.0,1492.4
2019-09-11,2019,Palmeiras,Fluminense,3.0,0.0,H,O,1.34,4.83,8.88,8,1.0,1.0,0.0,2.0,5.0,3.0,2.0,3.0,4.0,-1.0,2.0,-1.0,3.0,1.0,0.0,1.0,0.0,0.0,0.0,71.4,0.0,25.0,62.5,1674.2,1443.8
2019-09-08,2019,Santos,Athletico-PR,1.0,1.0,D,U,1.45,4.38,6.78,9,2.0,1.0,0.0,2.0,12.0,4.0,8.0,5.0,4.0,1.0,7.0,0.0,7.0,2.0,1.0,1.0,0.0,0.0,0.0,75.0,0.0,22.2,66.7,1593.7,1553.3
2019-09-08,2019,Goias,Palmeiras,1.0,2.0,A,O,5.53,3.51,1.67,9,1.0,0.0,1.0,1.0,2.0,2.0,0.0,2.0,5.0,-3.0,0.0,-3.0,3.0,0.0,0.0,0.0,0.0,1.0,-1.0,62.5,25.0,33.3,22.2,1450.5,1669.8
2019-09-08,2019,Cruzeiro,Gremio,1.0,4.0,A,O,2.48,3.0,3.03,9,2.0,0.0,1.0,1.0,3.0,1.0,2.0,2.0,3.0,-1.0,1.0,-2.0,3.0,1.0,0.0,1.0,1.0,1.0,0.0,50.0,25.0,11.1,33.3,1506.9,1571.4
2019-09-08,2019,CSA,Chapecoense-SC,2.0,0.0,H,U,2.58,2.9,3.01,10,0.0,0.0,1.0,1.0,1.0,4.0,-3.0,3.0,7.0,-4.0,-2.0,-3.0,1.0,0.0,0.0,0.0,1.0,1.0,0.0,11.1,44.4,12.5,62.5,1456.1,1466.3
2019-09-08,2019,Botafogo RJ,Atletico-MG,2.0,1.0,H,O,3.33,3.21,2.2,9,1.0,0.0,1.0,2.0,2.0,0.0,2.0,2.0,2.0,0.0,0.0,-2.0,2.0,0.0,0.0,0.0,0.0,0.0,0.0,50.0,37.5,37.5,50.0,1518.7,1555.1
2019-09-07,2019,Vasco,Bahia,0.0,2.0,A,U,2.19,3.05,3.54,10,1.0,1.0,1.0,0.0,3.0,3.0,0.0,4.0,2.0,2.0,-1.0,1.0,-2.0,1.0,0.0,1.0,1.0,0.0,1.0,44.4,22.2,12.5,37.5,1501.1,1547.1
2019-09-07,2019,Internacional,Sao Paulo,1.0,0.0,H,U,2.47,2.96,3.1,10,2.0,2.0,0.0,1.0,4.0,3.0,1.0,2.0,3.0,-1.0,2.0,0.0,2.0,0.0,0.0,0.0,0.0,1.0,-1.0,77.8,0.0,50.0,25.0,1568.3,1598.1
2019-09-07,2019,Fortaleza,Fluminense,0.0,1.0,A,U,2.2,3.2,3.35,9,1.0,0.0,2.0,2.0,3.0,3.0,0.0,4.0,5.0,-1.0,-1.0,-2.0,1.0,1.0,0.0,1.0,1.0,0.0,1.0,50.0,37.5,14.3,71.4,1499.6,1431.9
2019-09-07,2019,Corinthians,Ceara,2.0,2.0,D,O,1.69,3.34,5.78,10,3.0,0.0,0.0,3.0,5.0,0.0,5.0,0.0,3.0,-3.0,5.0,-3.0,8.0,2.0,0.0,2.0,0.0,0.0,0.0,66.7,0.0,12.5,75.0,1566.1,1491.9
2019-09-07,2019,Avai,Flamengo RJ,0.0,3.0,A,O,7.75,4.27,1.43,9,0.0,2.0,1.0,1.0,3.0,7.0,-4.0,5.0,4.0,1.0,-2.0,3.0,-5.0,0.0,2.0,-2.0,1.0,1.0,0.0,0.0,25.0,33.3,33.3,1437.3,1650.5
2019-09-03,2019,Fluminense,Avai,0.0,1.0,A,U,1.53,3.87,6.5,9,1.0,0.0,2.0,3.0,3.0,1.0,2.0,4.0,6.0,-2.0,-1.0,-5.0,4.0,0.0,0.0,0.0,0.0,2.0,-2.0,25.0,50.0,0.0,87.5,1442.3,1426.8
2019-09-01,2019,Internacional,Botafogo RJ,3.0,2.0,H,O,1.56,3.7,6.5,9,1.0,1.0,0.0,2.0,2.0,4.0,-2.0,1.0,5.0,-4.0,1.0,-1.0,2.0,0.0,1.0,-1.0,0.0,1.0,-1.0,75.0,0.0,37.5,50.0,1559.2,1527.8
2019-09-01,2019,Fortaleza,Goias,2.0,0.0,H,U,1.83,3.38,4.48,8,1.0,0.0,2.0,2.0,3.0,2.0,1.0,4.0,9.0,-5.0,-1.0,-7.0,6.0,1.0,0.0,1.0,1.0,2.0,-1.0,42.9,42.9,12.5,62.5,1490.5,1459.6
2019-09-01,2019,Flamengo RJ,Palmeiras,3.0,0.0,H,O,2.17,3.12,3.51,8,3.0,0.0,0.0,1.0,12.0,2.0,10.0,4.0,4.0,0.0,8.0,-2.0,10.0,2.0,0.0,2.0,0.0,1.0,-1.0,100.0,0.0,37.5,12.5,1639.3,1681.0
2019-09-01,2019,Cruzeiro,Vasco,1.0,0.0,H,U,1.75,3.48,4.87,8,1.0,1.0,1.0,1.0,2.0,3.0,-1.0,2.0,3.0,-1.0,0.0,0.0,0.0,1.0,0.0,1.0,1.0,0.0,1.0,42.9,28.6,14.3,57.1,1496.5,1511.6
2019-09-01,2019,Corinthians,Atletico-MG,1.0,0.0,H,U,2.14,2.96,3.85,9,2.0,1.0,0.0,1.0,5.0,2.0,3.0,1.0,2.0,-1.0,4.0,0.0,4.0,2.0,0.0,2.0,0.0,0.0,0.0,62.5,0.0,42.9,42.9,1555.9,1565.4
2019-08-31,2019,Sao Paulo,Gremio,0.0,0.0,D,U,1.98,3.19,4.03,9,3.0,0.0,0.0,1.0,8.0,2.0,6.0,2.0,4.0,-2.0,6.0,-2.0,8.0,1.0,0.0,1.0,0.0,1.0,-1.0,50.0,0.0,12.5,37.5,1598.9,1570.6
2019-08-31,2019,Chapecoense-SC,Santos,0.0,1.0,A,U,4.01,3.42,1.92,9,1.0,1.0,1.0,2.0,2.0,3.0,-1.0,2.0,5.0,-3.0,0.0,-2.0,2.0,0.0,0.0,0.0,0.0,1.0,-1.0,25.0,37.5,50.0,37.5,1473.1,1586.9
2019-08-31,2019,Bahia,CSA,1.0,0.0,H,U,1.32,4.53,11.32,9,1.0,1.0,0.0,1.0,4.0,1.0,3.0,1.0,1.0,0.0,3.0,0.0,3.0,1.0,0.0,1.0,0.0,0.0,0.0,62.5,12.5,14.3,57.1,1539.2,1463.9
2019-08-31,2019,Athletico-PR,Ceara,1.0,0.0,H,U,1.44,4.2,7.61,8,2.0,0.0,1.0,2.0,2.0,1.0,1.0,1.0,3.0,-2.0,1.0,-2.0,3.0,0.0,0.0,0.0,0.0,0.0,0.0,71.4,28.6,14.3,71.4,1544.6,1500.7
2019-08-27,2019,Botafogo RJ,Chapecoense-SC,0.0,0.0,D,U,1.75,3.43,4.95,8,1.0,0.0,2.0,2.0,2.0,4.0,-2.0,3.0,11.0,-8.0,-1.0,-7.0,6.0,0.0,0.0,0.0,0.0,2.0,-2.0,57.1,42.9,14.3,71.4,1529.5,1471.5
2019-08-25,2019,Vasco,Sao Paulo,2.0,0.0,H,U,2.91,2.94,2.63,9,1.0,2.0,1.0,0.0,3.0,4.0,-1.0,5.0,2.0,3.0,-2.0,2.0,-4.0,0.0,0.0,0.0,1.0,0.0,1.0,37.5,25.0,57.1,14.3,1498.4,1612.1
2019-08-25,2019,Santos,Fortaleza,3.0,3.0,D,O,1.32,4.98,9.68,8,3.0,1.0,0.0,1.0,10.0,5.0,5.0,2.0,4.0,-2.0,8.0,1.0,7.0,2.0,1.0,1.0,0.0,0.0,0.0,85.7,0.0,25.0,62.5,1589.7,1487.6
2019-08-25,2019,Goias,Internacional,2.0,1.0,H,O,2.52,3.07,2.94,8,1.0,1.0,1.0,2.0,2.0,2.0,0.0,2.0,3.0,-1.0,0.0,-1.0,1.0,0.0,0.0,0.0,0.0,0.0,0.0,57.1,28.6,14.3,71.4,1446.1,1572.7
2019-08-25,2019,Ceara,Flamengo RJ,0.0,3.0,A,O,3.14,3.19,2.31,9,3.0,1.0,0.0,1.0,8.0,5.0,3.0,2.0,5.0,-3.0,6.0,0.0,6.0,2.0,1.0,1.0,0.0,1.0,-1.0,62.5,25.0,25.0,37.5,1507.2,1632.7
2019-08-25,2019,CSA,Cruzeiro,1.0,1.0,D,U,4.39,3.25,1.9,9,0.0,0.0,2.0,1.0,0.0,2.0,-2.0,6.0,4.0,2.0,-6.0,-2.0,-4.0,0.0,0.0,0.0,2.0,1.0,1.0,12.5,50.0,0.0,62.5,1462.9,1497.5
2019-08-25,2019,Avai,Corinthians,1.0,1.0,D,U,2.75,2.8,2.9,8,0.0,1.0,1.0,1.0,2.0,3.0,-1.0,4.0,2.0,2.0,-2.0,1.0,-3.0,0.0,1.0,-1.0,1.0,0.0,1.0,0.0,28.6,28.6,28.6,1423.1,1559.6
2019-08-24,2019,Gremio,Athletico-PR,2.0,1.0,H,O,2.22,3.13,3.4,8,1.0,2.0,0.0,1.0,6.0,7.0,-1.0,5.0,2.0,3.0,1.0,5.0,-4.0,0.0,2.0,-2.0,0.0,0.0,0.0,42.9,28.6,25.0,62.5,1560.8,1554.4
2019-08-24,2019,Atletico-MG,Bahia,0.0,1.0,A,U,2.06,3.16,3.81,9,2.0,0.0,0.0,1.0,6.0,3.0,3.0,3.0,5.0,-2.0,3.0,-2.0,5.0,1.0,0.0,1.0,0.0,1.0,-1.0,62.5,12.5,0.0,42.9,1576.8,1527.8
2019-08-21,2019,Athletico-PR,Sao Paulo,0.0,1.0,A,U,2.0,3.14,4.06,7,3.0,1.0,0.0,0.0,5.0,3.0,2.0,0.0,2.0,-2.0,5.0,1.0,4.0,1.0,0.0,1.0,0.0,0.0,0.0,83.3,16.7,50.0,16.7,1563.3,1603.2
2019-08-18,2019,Sao Paulo,Ceara,1.0,0.0,H,U,1.63,3.52,5.93,8,2.0,0.0,0.0,2.0,8.0,1.0,7.0,3.0,3.0,0.0,5.0,-2.0,7.0,1.0,0.0,1.0,0.0,0.0,0.0,42.9,0.0,16.7,66.7,1595.5,1514.9
2019-08-18,2019,Gremio,Palmeiras,1.0,1.0,D,U,2.74,2.98,2.74,7,2.0,0.0,0.0,1.0,6.0,2.0,4.0,4.0,4.0,0.0,2.0,-2.0,4.0,0.0,0.0,0.0,0.0,1.0,-1.0,50.0,33.3,42.9,14.3,1557.3,1684.5
2019-08-18,2019,Fluminense,CSA,0.0,1.0,A,U,1.31,4.9,10.4,8,1.0,0.0,1.0,2.0,4.0,0.0,4.0,4.0,5.0,-1.0,0.0,-5.0,5.0,0.0,0.0,0.0,0.0,1.0,-1.0,28.6,42.9,0.0,66.7,1452.3,1453.0
2019-08-18,2019,Cruzeiro,Santos,2.0,0.0,H,U,2.71,3.05,2.71,7,0.0,2.0,1.0,1.0,0.0,4.0,-4.0,2.0,3.0,-1.0,-2.0,1.0,-3.0,0.0,0.0,0.0,1.0,0.0,1.0,33.3,33.3,57.1,28.6,1484.2,1603.0
2019-08-18,2019,Chapecoense-SC,Avai,1.0,0.0,H,U,2.07,3.02,3.97,8,0.0,0.0,1.0,3.0,2.0,1.0,1.0,3.0,7.0,-4.0,-1.0,-6.0,5.0,0.0,0.0,0.0,0.0,3.0,-3.0,14.3,42.9,0.0,85.7,1462.3,1432.2
2019-08-18,2019,Bahia,Goias,1.0,1.0,D,U,1.46,4.2,7.09,8,1.0,0.0,1.0,2.0,3.0,1.0,2.0,1.0,8.0,-7.0,2.0,-7.0,9.0,1.0,0.0,1.0,0.0,2.0,-2.0,71.4,14.3,14.3,71.4,1530.3,1443.7
2019-08-17,2019,Vasco,Flamengo RJ,1.0,4.0,A,O,5.74,3.68,1.62,8,2.0,1.0,0.0,1.0,3.0,3.0,0.0,1.0,4.0,-3.0,2.0,-1.0,3.0,0.0,1.0,-1.0,0.0,1.0,-1.0,42.9,14.3,14.3,42.9,1505.1,1626.1
2019-08-17,2019,Fortaleza,Internacional,0.0,1.0,A,U,2.18,3.14,3.47,7,2.0,0.0,1.0,3.0,5.0,2.0,3.0,4.0,5.0,-1.0,1.0,-3.0,4.0,1.0,0.0,1.0,1.0,0.0,1.0,50.0,33.3,0.0,83.3,1495.6,1564.6
2019-08-17,2019,Corinthians,Botafogo RJ,2.0,0.0,H,U,1.59,3.51,6.58,8,1.0,1.0,0.0,1.0,4.0,4.0,0.0,2.0,3.0,-1.0,2.0,1.0,1.0,1.0,1.0,0.0,0.0,0.0,0.0,57.1,0.0,42.9,42.9,1549.9,1539.1
2019-08-17,2019,Athletico-PR,Atletico-MG,1.0,0.0,H,U,1.84,3.54,4.17,6,2.0,1.0,1.0,1.0,4.0,3.0,1.0,2.0,4.0,-2.0,2.0,-1.0,3.0,1.0,0.0,1.0,1.0,1.0,0.0,80.0,20.0,50.0,33.3,1552.2,1587.8
2019-08-13,2019,CSA,Fortaleza,0.0,2.0,A,U,2.82,2.94,2.68,8,0.0,0.0,2.0,2.0,0.0,3.0,-3.0,6.0,5.0,1.0,-6.0,-2.0,-4.0,0.0,0.0,0.0,2.0,0.0,2.0,14.3,42.9,14.3,71.4,1462.3,1486.3
2019-08-11,2019,Palmeiras,Bahia,2.0,2.0,D,O,1.37,4.38,9.27,7,2.0,0.0,0.0,1.0,4.0,1.0,3.0,1.0,3.0,-2.0,3.0,-2.0,5.0,1.0,0.0,1.0,0.0,1.0,-1.0,83.3,0.0,0.0,50.0,1688.8,1525.9
2019-08-11,2019,Internacional,Corinthians,0.0,0.0,D,U,1.91,3.1,4.56,8,2.0,1.0,0.0,1.0,5.0,3.0,2.0,2.0,2.0,0.0,3.0,1.0,2.0,1.0,1.0,0.0,0.0,0.0,0.0,85.7,0.0,33.3,33.3,1565.1,1549.5
2019-08-11,2019,Goias,Vasco,0.0,1.0,A,U,2.15,3.18,3.49,7,2.0,0.0,0.0,2.0,5.0,2.0,3.0,2.0,4.0,-2.0,3.0,-2.0,5.0,1.0,0.0,1.0,0.0,0.0,0.0,66.7,16.7,0.0,66.7,1452.4,1496.3
2019-08-11,2019,Botafogo RJ,Athletico-PR,2.0,1.0,H,O,2.09,3.28,3.55,7,1.0,2.0,2.0,1.0,1.0,7.0,-6.0,2.0,2.0,0.0,-1.0,5.0,-6.0,0.0,2.0,-2.0,0.0,0.0,0.0,50.0,50.0,28.6,57.1,1528.1,1563.2
2019-08-11,2019,Avai,Cruzeiro,2.0,2.0,D,O,3.13,2.94,2.45,7,0.0,0.0,1.0,2.0,0.0,1.0,-1.0,2.0,4.0,-2.0,-2.0,-3.0,1.0,0.0,0.0,0.0,1.0,1.0,0.0,0.0,33.3,0.0,71.4,1430.7,1485.8
2019-08-11,2019,Atletico-MG,Fluminense,2.0,1.0,H,O,1.8,3.6,4.29,8,1.0,0.0,0.0,2.0,5.0,2.0,3.0,3.0,6.0,-3.0,2.0,-4.0,6.0,1.0,0.0,1.0,0.0,1.0,-1.0,57.1,14.3,16.7,66.7,1581.2,1458.9
2019-08-10,2019,Sao Paulo,Santos,3.0,2.0,H,O,2.54,2.96,2.98,7,1.0,3.0,0.0,0.0,6.0,3.0,3.0,2.0,0.0,2.0,4.0,3.0,1.0,1.0,0.0,1.0,0.0,0.0,0.0,33.3,0.0,66.7,16.7,1584.6,1613.8
2019-08-10,2019,Flamengo RJ,Gremio,3.0,1.0,H,O,1.56,3.75,6.21,7,3.0,1.0,0.0,0.0,11.0,2.0,9.0,3.0,1.0,2.0,8.0,1.0,7.0,2.0,0.0,2.0,0.0,0.0,0.0,100.0,0.0,14.3,28.6,1617.6,1565.8
2019-08-10,2019,Ceara,Chapecoense-SC,4.0,1.0,H,O,1.63,3.67,5.64,8,2.0,0.0,0.0,2.0,4.0,4.0,0.0,1.0,10.0,-9.0,3.0,-6.0,9.0,1.0,0.0,1.0,0.0,2.0,-2.0,57.1,28.6,16.7,66.7,1505.9,1471.4
2019-08-07,2019,Corinthians,Goias,2.0,0.0,H,U,1.5,3.85,7.2,7,1.0,0.0,0.0,2.0,3.0,2.0,1.0,2.0,12.0,-10.0,1.0,-10.0,11.0,0.0,0.0,0.0,0.0,2.0,-2.0,50.0,0.0,16.7,66.7,1541.8,1460.1
2019-08-06,2019,Gremio,Chapecoense-SC,3.0,3.0,D,O,1.28,5.09,11.47,6,3.0,1.0,0.0,2.0,4.0,3.0,1.0,1.0,8.0,-7.0,3.0,-5.0,8.0,0.0,0.0,0.0,0.0,2.0,-2.0,60.0,40.0,20.0,80.0,1568.6,1468.6
2019-08-04,2019,Vasco,CSA,0.0,0.0,D,U,1.57,3.72,6.19,7,3.0,0.0,0.0,3.0,5.0,0.0,5.0,2.0,7.0,-5.0,3.0,-7.0,10.0,0.0,0.0,0.0,0.0,2.0,-2.0,50.0,16.7,0.0,80.0,1497.3,1461.2
2019-08-04,2019,Santos,Goias,6.0,1.0,H,O,1.24,5.85,11.49,7,3.0,0.0,0.0,2.0,7.0,1.0,6.0,2.0,7.0,-5.0,5.0,-6.0,11.0,2.0,0.0,2.0,0.0,1.0,-1.0,83.3,0.0,20.0,60.0,1607.7,1466.2
2019-08-04,2019,Corinthians,Palmeiras,1.0,1.0,D,U,3.48,2.77,2.39,6,2.0,1.0,0.0,1.0,3.0,3.0,0.0,1.0,4.0,-3.0,2.0,-1.0,3.0,0.0,0.0,0.0,0.0,1.0,-1.0,60.0,0.0,50.0,16.7,1537.6,1693.0
2019-08-04,2019,Bahia,Flamengo RJ,3.0,0.0,H,O,2.81,3.14,2.54,7,1.0,1.0,1.0,0.0,1.0,3.0,-2.0,1.0,1.0,0.0,0.0,2.0,-2.0,0.0,1.0,-1.0,0.0,0.0,0.0,66.7,16.7,16.7,33.3,1512.6,1630.9
2019-08-04,2019,Avai,Botafogo RJ,0.0,2.0,A,U,2.24,2.96,3.52,6,0.0,1.0,1.0,1.0,1.0,4.0,-3.0,2.0,4.0,-2.0,-1.0,0.0,-1.0,0.0,0.0,0.0,0.0,0.0,0.0,0.0,20.0,33.3,50.0,1438.3,1520.5
2019-08-04,2019,Atletico-MG,Cruzeiro,2.0,0.0,H,U,2.04,3.24,3.73,7,1.0,0.0,0.0,1.0,7.0,2.0,5.0,3.0,3.0,0.0,4.0,-1.0,5.0,1.0,0.0,1.0,0.0,0.0,0.0,50.0,16.7,0.0,66.7,1573.5,1493.5
2019-08-03,2019,Fluminense,Internacional,2.0,1.0,H,O,1.9,3.34,4.19,7,0.0,0.0,1.0,2.0,2.0,1.0,1.0,3.0,3.0,0.0,-1.0,-2.0,1.0,0.0,0.0,0.0,0.0,0.0,0.0,16.7,50.0,0.0,80.0,1445.2,1578.8
2019-08-03,2019,Ceara,Fortaleza,2.0,1.0,H,O,2.25,2.99,3.47,7,1.0,0.0,1.0,2.0,2.0,2.0,0.0,1.0,5.0,-4.0,1.0,-3.0,4.0,1.0,0.0,1.0,0.0,1.0,-1.0,50.0,33.3,16.7,66.7,1495.9,1496.4
2019-07-30,2019,CSA,Gremio,0.0,0.0,D,U,5.65,3.47,1.67,7,0.0,1.0,3.0,1.0,1.0,2.0,-1.0,8.0,2.0,6.0,-7.0,0.0,-7.0,0.0,0.0,0.0,2.0,0.0,2.0,16.7,50.0,16.7,33.3,1458.1,1571.7
2019-07-28,2019,Santos,Avai,3.0,1.0,H,O,1.29,4.96,11.28,6,2.0,0.0,0.0,3.0,4.0,0.0,4.0,1.0,6.0,-5.0,3.0,-6.0,9.0,1.0,0.0,1.0,0.0,3.0,-3.0,80.0,0.0,0.0,83.3,1602.0,1444.1
2019-07-28,2019,Goias,Atletico-MG,0.0,0.0,D,U,2.83,3.31,2.43,6,3.0,1.0,0.0,2.0,6.0,3.0,3.0,2.0,5.0,-3.0,4.0,-2.0,6.0,1.0,0.0,1.0,0.0,1.0,-1.0,80.0,20.0,60.0,40.0,1463.1,1576.6
2019-07-28,2019,Fortaleza,Corinthians,1.0,3.0,A,O,2.48,2.84,3.22,6,2.0,1.0,0.0,1.0,5.0,2.0,3.0,2.0,1.0,1.0,3.0,1.0,2.0,1.0,1.0,0.0,0.0,0.0,0.0,60.0,20.0,20.0,40.0,1505.7,1528.2
2019-07-28,2019,Flamengo RJ,Botafogo RJ,3.0,2.0,H,O,1.37,4.58,8.37,6,3.0,1.0,0.0,1.0,11.0,2.0,9.0,3.0,2.0,1.0,8.0,0.0,8.0,2.0,0.0,2.0,0.0,0.0,0.0,100.0,0.0,40.0,40.0,1623.5,1527.8
2019-07-28,2019,Chapecoense-SC,Bahia,0.0,0.0,D,U,2.71,2.93,2.81,7,0.0,0.0,2.0,1.0,3.0,1.0,2.0,5.0,3.0,2.0,-2.0,-2.0,0.0,0.0,0.0,0.0,0.0,1.0,-1.0,16.7,50.0,0.0,60.0,1467.2,1513.9
2019-07-27,2019,Palmeiras,Vasco,1.0,1.0,D,U,1.47,3.99,7.38,6,3.0,0.0,0.0,2.0,7.0,2.0,5.0,0.0,4.0,-4.0,7.0,-2.0,9.0,2.0,0.0,2.0,0.0,0.0,0.0,100.0,0.0,0.0,80.0,1698.4,1492.0
2019-07-27,2019,Internacional,Ceara,1.0,0.0,H,U,1.94,3.18,4.26,7,2.0,1.0,0.0,1.0,6.0,3.0,3.0,2.0,3.0,-1.0,4.0,0.0,4.0,2.0,0.0,2.0,0.0,0.0,0.0,83.3,0.0,20.0,60.0,1570.7,1504.0
2019-07-27,2019,Fluminense,Sao Paulo,1.0,2.0,A,O,2.43,3.06,3.04,6,1.0,0.0,0.0,1.0,5.0,1.0,4.0,2.0,2.0,0.0,3.0,-1.0,4.0,1.0,0.0,1.0,0.0,0.0,0.0,20.0,40.0,40.0,20.0,1451.8,1578.1
2019-07-27,2019,Cruzeiro,Athletico-PR,0.0,2.0,A,U,3.29,3.07,2.31,6,0.0,1.0,1.0,2.0,1.0,5.0,-4.0,2.0,3.0,-1.0,-1.0,2.0,-3.0,0.0,1.0,-1.0,0.0,0.0,0.0,40.0,20.0,16.7,66.7,1502.0,1554.8
2019-07-23,2019,Sao Paulo,Chapecoense-SC,4.0,0.0,H,O,1.51,3.83,7.07,6,0.0,1.0,0.0,2.0,2.0,4.0,-2.0,2.0,6.0,-4.0,0.0,-2.0,2.0,0.0,0.0,0.0,0.0,1.0,-1.0,20.0,0.0,25.0,75.0,1570.8,1474.5
2019-07-21,2019,Corinthians,Flamengo RJ,1.0,1.0,D,U,2.94,2.9,2.68,5,2.0,1.0,0.0,1.0,2.0,3.0,-1.0,0.0,2.0,-2.0,2.0,1.0,1.0,0.0,1.0,-1.0,0.0,0.0,0.0,75.0,0.0,20.0,40.0,1525.4,1626.4
2019-07-21,2019,Botafogo RJ,Santos,0.0,1.0,A,U,3.41,3.05,2.25,6,1.0,2.0,2.0,1.0,1.0,2.0,-1.0,2.0,4.0,-2.0,-1.0,-2.0,1.0,0.0,0.0,0.0,0.0,1.0,-1.0,60.0,40.0,60.0,20.0,1536.1,1593.6
2019-07-21,2019,Avai,Goias,0.0,0.0,D,U,2.01,3.14,4.04,5,0.0,0.0,1.0,3.0,1.0,2.0,-1.0,2.0,9.0,-7.0,-1.0,-7.0,6.0,0.0,0.0,0.0,0.0,1.0,-1.0,0.0,25.0,25.0,75.0,1443.5,1463.6
2019-07-21,2019,Atletico-MG,Fortaleza,2.0,2.0,D,O,1.5,4.12,6.29,6,2.0,1.0,0.0,2.0,7.0,3.0,4.0,2.0,4.0,-2.0,5.0,-1.0,6.0,1.0,1.0,0.0,0.0,1.0,-1.0,60.0,20.0,20.0,80.0,1578.8,1503.6
2019-07-20,2019,Vasco,Fluminense,2.0,1.0,H,O,2.34,3.18,3.1,6,2.0,0.0,0.0,2.0,4.0,3.0,1.0,2.0,7.0,-5.0,2.0,-4.0,6.0,0.0,0.0,0.0,0.0,1.0,-1.0,40.0,20.0,20.0,60.0,1482.6,1461.1
2019-07-20,2019,Internacional,Gremio,1.0,1.0,D,U,2.22,2.91,3.67,6,3.0,1.0,0.0,2.0,7.0,2.0,5.0,1.0,3.0,-2.0,6.0,-1.0,7.0,3.0,0.0,3.0,0.0,0.0,0.0,100.0,0.0,20.0,40.0,1570.6,1571.8
2019-07-20,2019,Ceara,Palmeiras,2.0,0.0,H,U,4.84,3.27,1.81,6,1.0,2.0,1.0,0.0,2.0,4.0,-2.0,2.0,2.0,0.0,0.0,2.0,-2.0,0.0,0.0,0.0,0.0,0.0,0.0,40.0,40.0,60.0,0.0,1488.3,1714.1
2019-07-20,2019,CSA,Athletico-PR,0.0,4.0,A,O,3.34,3.23,2.19,6,1.0,0.0,2.0,3.0,2.0,3.0,-1.0,4.0,6.0,-2.0,-2.0,-3.0,1.0,0.0,0.0,0.0,1.0,0.0,1.0,20.0,40.0,0.0,80.0,1465.8,1547.0
2019-07-20,2019,Bahia,Cruzeiro,0.0,0.0,D,U,1.67,3.58,5.39,6,2.0,0.0,1.0,2.0,4.0,3.0,1.0,3.0,7.0,-4.0,1.0,-4.0,5.0,0.0,0.0,0.0,0.0,1.0,-1.0,80.0,20.0,0.0,80.0,1514.3,1501.6
2019-07-16,2019,Fluminense,Ceara,1.0,1.0,D,U,1.66,3.52,5.55,5,1.0,1.0,1.0,2.0,4.0,3.0,1.0,2.0,4.0,-2.0,2.0,-1.0,3.0,1.0,0.0,1.0,0.0,0.0,0.0,25.0,50.0,25.0,75.0,1460.3,1489.1
2019-07-14,2019,Flamengo RJ,Goias,6.0,1.0,H,O,1.23,5.89,11.76,5,3.0,1.0,0.0,2.0,7.0,2.0,5.0,3.0,3.0,0.0,4.0,-1.0,5.0,1.0,0.0,1.0,0.0,0.0,0.0,100.0,0.0,33.3,66.7,1620.5,1469.6
2019-07-14,2019,Cruzeiro,Botafogo RJ,0.0,0.0,D,U,1.66,3.6,5.45,5,1.0,2.0,1.0,1.0,3.0,3.0,0.0,3.0,2.0,1.0,0.0,1.0,-1.0,0.0,0.0,0.0,0.0,0.0,0.0,50.0,25.0,50.0,50.0,1500.6,1537.2
2019-07-14,2019,Corinthians,CSA,1.0,0.0,H,U,1.36,4.28,10.09,4,2.0,0.0,0.0,2.0,2.0,0.0,2.0,0.0,6.0,-6.0,2.0,-6.0,8.0,0.0,0.0,0.0,0.0,2.0,-2.0,66.7,0.0,0.0,75.0,1516.6,1474.6
2019-07-14,2019,Chapecoense-SC,Atletico-MG,1.0,2.0,A,O,2.42,3.1,3.04,6,0.0,1.0,2.0,2.0,3.0,3.0,0.0,6.0,5.0,1.0,-3.0,-2.0,-1.0,0.0,0.0,0.0,1.0,1.0,0.0,20.0,40.0,50.0,50.0,1482.0,1571.3
2019-07-14,2019,Athletico-PR,Internacional,1.0,0.0,H,U,1.63,3.64,5.75,5,2.0,0.0,1.0,2.0,4.0,1.0,3.0,2.0,3.0,-1.0,2.0,-2.0,4.0,1.0,0.0,1.0,1.0,0.0,1.0,75.0,25.0,0.0,75.0,1535.7,1581.9
2019-07-13,2019,Sao Paulo,Palmeiras,1.0,1.0,D,U,3.67,2.82,2.28,5,0.0,3.0,0.0,0.0,2.0,5.0,-3.0,2.0,1.0,1.0,0.0,4.0,-4.0,0.0,1.0,-1.0,0.0,0.0,0.0,25.0,0.0,75.0,0.0,1566.7,1718.2
2019-07-13,2019,Gremio,Vasco,2.0,1.0,H,O,1.58,3.74,6.07,5,2.0,0.0,1.0,2.0,6.0,1.0,5.0,5.0,5.0,0.0,1.0,-4.0,5.0,0.0,0.0,0.0,0.0,1.0,-1.0,50.0,50.0,0.0,75.0,1563.9,1490.6
2019-07-13,2019,Fortaleza,Avai,2.0,0.0,H,U,1.96,3.09,4.34,5,1.0,0.0,1.0,2.0,3.0,1.0,2.0,3.0,5.0,-2.0,0.0,-4.0,4.0,0.0,0.0,0.0,0.0,2.0,-2.0,50.0,25.0,0.0,80.0,1494.8,1452.3
2019-07-13,2019,Bahia,Santos,0.0,1.0,A,U,2.71,3.06,2.7,5,3.0,1.0,0.0,1.0,5.0,1.0,4.0,2.0,4.0,-2.0,3.0,-3.0,6.0,0.0,0.0,0.0,0.0,1.0,-1.0,100.0,0.0,50.0,25.0,1522.5,1585.4
2019-06-14,2019,Palmeiras,Avai,2.0,0.0,H,U,1.24,5.35,14.04,5,3.0,0.0,0.0,2.0,6.0,1.0,5.0,0.0,4.0,-4.0,6.0,-3.0,9.0,1.0,0.0,1.0,0.0,1.0,-1.0,100.0,0.0,0.0,75.0,1714.5,1456.0
2019-06-14,2019,Goias,Athletico-PR,2.0,1.0,H,O,2.86,3.1,2.53,5,3.0,0.0,0.0,2.0,6.0,3.0,3.0,2.0,5.0,-3.0,4.0,-2.0,6.0,1.0,0.0,1.0,0.0,0.0,0.0,75.0,25.0,0.0,75.0,1457.0,1548.3
2019-06-14,2019,Chapecoense-SC,Fluminense,1.0,1.0,D,U,2.7,2.96,2.79,5,0.0,1.0,2.0,2.0,3.0,7.0,-4.0,6.0,10.0,-4.0,-3.0,-3.0,0.0,0.0,0.0,0.0,1.0,1.0,0.0,25.0,50.0,25.0,75.0,1482.7,1459.6
2019-06-14,2019,Atletico-MG,Sao Paulo,1.0,1.0,D,U,1.94,3.23,4.15,5,2.0,1.0,1.0,1.0,6.0,1.0,5.0,3.0,1.0,2.0,3.0,0.0,3.0,1.0,0.0,1.0,1.0,0.0,1.0,75.0,25.0,50.0,25.0,1571.4,1566.6
2019-06-13,2019,Vasco,Ceara,1.0,0.0,H,U,2.22,3.08,3.44,5,1.0,1.0,0.0,2.0,4.0,3.0,1.0,3.0,4.0,-1.0,1.0,-1.0,2.0,0.0,0.0,0.0,0.0,0.0,0.0,25.0,25.0,33.3,66.7,1480.0,1499.7
2019-06-13,2019,Santos,Corinthians,1.0,0.0,H,U,1.68,3.48,5.41,5,2.0,1.0,0.0,0.0,6.0,3.0,3.0,1.0,1.0,0.0,5.0,2.0,3.0,2.0,1.0,1.0,0.0,0.0,0.0,75.0,0.0,25.0,25.0,1576.9,1525.1
2019-06-13,2019,Internacional,Bahia,3.0,1.0,H,O,1.74,3.34,5.18,5,3.0,0.0,0.0,1.0,7.0,0.0,7.0,1.0,1.0,0.0,6.0,-1.0,7.0,3.0,0.0,3.0,0.0,0.0,0.0,100.0,0.0,0.0,50.0,1573.1,1531.3
2019-06-13,2019,Fortaleza,Cruzeiro,2.0,1.0,H,O,3.2,2.96,2.41,4,1.0,0.0,1.0,2.0,3.0,3.0,0.0,3.0,8.0,-5.0,0.0,-5.0,5.0,0.0,0.0,0.0,0.0,2.0,-2.0,33.3,33.3,0.0,75.0,1484.0,1511.4
2019-06-13,2019,CSA,Flamengo RJ,0.0,2.0,A,U,11.74,5.64,1.24,5,1.0,0.0,1.0,1.0,2.0,2.0,0.0,2.0,3.0,-1.0,0.0,-1.0,1.0,0.0,0.0,0.0,0.0,0.0,0.0,25.0,25.0,0.0,50.0,1480.9,1614.1
2019-06-12,2019,Botafogo RJ,Gremio,0.0,1.0,A,U,3.01,2.98,2.5,5,2.0,0.0,1.0,2.0,2.0,1.0,1.0,1.0,3.0,-2.0,1.0,-2.0,3.0,0.0,0.0,0.0,0.0,0.0,0.0,75.0,25.0,0.0,50.0,1547.0,1554.1
2019-06-11,2019,Goias,Chapecoense-SC,3.0,1.0,H,O,1.85,3.28,4.53,4,2.0,1.0,1.0,2.0,4.0,3.0,1.0,3.0,4.0,-1.0,1.0,-1.0,2.0,0.0,0.0,0.0,0.0,0.0,0.0,66.7,33.3,33.3,66.7,1445.6,1494.0
2019-06-09,2019,Santos,Atletico-MG,3.0,1.0,H,O,1.73,3.67,4.65,4,2.0,2.0,0.0,1.0,5.0,4.0,1.0,1.0,3.0,-2.0,4.0,1.0,3.0,1.0,0.0,1.0,0.0,0.0,0.0,66.7,0.0,66.7,33.3,1566.4,1581.9
2019-06-09,2019,Fluminense,Flamengo RJ,0.0,0.0,D,U,4.57,3.56,1.77,4,1.0,0.0,2.0,2.0,4.0,3.0,1.0,3.0,5.0,-2.0,1.0,-2.0,3.0,1.0,0.0,1.0,0.0,0.0,0.0,33.3,66.7,0.0,66.7,1455.3,1618.5
2019-06-09,2019,CSA,Botafogo RJ,1.0,2.0,A,O,2.98,2.91,2.57,4,1.0,1.0,0.0,2.0,2.0,1.0,1.0,1.0,3.0,-2.0,1.0,-2.0,3.0,0.0,0.0,0.0,0.0,1.0,-1.0,33.3,0.0,33.3,66.7,1489.5,1538.4
2019-06-09,2019,Avai,Sao Paulo,0.0,0.0,D,U,2.99,2.82,2.67,4,0.0,2.0,1.0,1.0,2.0,3.0,-1.0,3.0,2.0,1.0,-1.0,1.0,-2.0,0.0,0.0,0.0,0.0,0.0,0.0,0.0,33.3,66.7,33.3,1452.7,1569.8
2019-06-08,2019,Vasco,Internacional,2.0,1.0,H,O,3.0,3.04,2.46,4,0.0,0.0,1.0,2.0,3.0,0.0,3.0,4.0,3.0,1.0,-1.0,-3.0,2.0,0.0,0.0,0.0,0.0,1.0,-1.0,0.0,33.3,0.0,66.7,1466.7,1586.5
2019-06-08,2019,Palmeiras,Athletico-PR,1.0,0.0,H,U,1.55,3.77,6.35,4,3.0,0.0,0.0,2.0,9.0,4.0,5.0,0.0,6.0,-6.0,9.0,-2.0,11.0,2.0,0.0,2.0,0.0,0.0,0.0,100.0,0.0,0.0,66.7,1708.7,1554.1
2019-06-08,2019,Gremio,Fortaleza,1.0,0.0,H,U,1.45,4.08,7.56,4,1.0,1.0,2.0,2.0,6.0,3.0,3.0,7.0,4.0,3.0,-1.0,-1.0,0.0,0.0,1.0,-1.0,0.0,1.0,-1.0,33.3,66.7,25.0,75.0,1545.6,1492.5
2019-06-08,2019,Cruzeiro,Corinthians,0.0,0.0,D,U,1.88,3.16,4.58,4,2.0,1.0,1.0,1.0,4.0,5.0,-1.0,3.0,4.0,-1.0,1.0,1.0,0.0,0.0,1.0,-1.0,0.0,0.0,0.0,66.7,33.3,33.3,33.3,1511.0,1525.5
2019-06-08,2019,Ceara,Bahia,0.0,0.0,D,U,2.52,2.88,3.09,5,1.0,0.0,2.0,2.0,3.0,2.0,1.0,4.0,4.0,0.0,-1.0,-2.0,1.0,0.0,0.0,0.0,0.0,0.0,0.0,50.0,50.0,0.0,66.7,1498.7,1532.3
2019-06-02,2019,Sao Paulo,Cruzeiro,1.0,1.0,D,U,2.26,2.93,3.52,4,1.0,0.0,0.0,3.0,3.0,3.0,0.0,1.0,10.0,-9.0,2.0,-7.0,9.0,1.0,0.0,1.0,0.0,3.0,-3.0,33.3,0.0,0.0,100.0,1571.6,1509.2
2019-06-02,2019,Internacional,Avai,2.0,0.0,H,U,1.43,4.14,7.95,4,3.0,0.0,0.0,2.0,7.0,2.0,5.0,2.0,4.0,-2.0,5.0,-2.0,7.0,2.0,0.0,2.0,0.0,0.0,0.0,100.0,0.0,0.0,66.7,1579.8,1459.4
2019-06-02,2019,Chapecoense-SC,Palmeiras,1.0,2.0,A,O,5.92,3.49,1.63,4,1.0,2.0,1.0,0.0,4.0,4.0,0.0,4.0,1.0,3.0,0.0,3.0,-3.0,1.0,1.0,0.0,1.0,0.0,1.0,33.3,33.3,66.7,0.0,1498.7,1704.0
2019-06-02,2019,Ceara,Santos,0.0,1.0,A,U,2.69,3.13,2.65,4,2.0,1.0,1.0,1.0,7.0,2.0,5.0,3.0,5.0,-2.0,4.0,-3.0,7.0,1.0,0.0,1.0,0.0,1.0,-1.0,66.7,33.3,33.3,33.3,1507.3,1557.9
2019-06-02,2019,Botafogo RJ,Vasco,1.0,0.0,H,U,2.24,3.13,3.3,4,2.0,0.0,1.0,2.0,4.0,2.0,2.0,3.0,8.0,-5.0,1.0,-6.0,7.0,0.0,0.0,0.0,0.0,2.0,-2.0,66.7,33.3,0.0,66.7,1529.9,1475.1
2019-06-02,2019,Atletico-MG,CSA,4.0,0.0,H,O,1.42,4.28,7.77,4,2.0,0.0,1.0,2.0,4.0,0.0,4.0,4.0,6.0,-2.0,0.0,-6.0,6.0,0.0,0.0,0.0,1.0,2.0,-1.0,66.7,33.3,0.0,66.7,1574.0,1497.3
2019-06-02,2019,Athletico-PR,Fluminense,3.0,0.0,H,O,1.64,3.76,5.23,4,2.0,1.0,1.0,2.0,5.0,8.0,-3.0,3.0,9.0,-6.0,2.0,-1.0,3.0,1.0,0.0,1.0,1.0,0.0,1.0,66.7,33.3,33.3,66.7,1546.5,1462.9
2019-06-01,2019,Flamengo RJ,Fortaleza,2.0,0.0,H,U,1.41,4.4,7.63,4,3.0,1.0,0.0,2.0,8.0,3.0,5.0,4.0,6.0,-2.0,4.0,-3.0,7.0,1.0,1.0,0.0,0.0,1.0,-1.0,100.0,0.0,33.3,66.7,1611.6,1499.4
2019-06-01,2019,Bahia,Gremio,1.0,0.0,H,U,2.4,2.92,3.23,4,3.0,0.0,0.0,1.0,7.0,2.0,5.0,4.0,3.0,1.0,3.0,-1.0,4.0,0.0,0.0,0.0,0.0,0.0,0.0,100.0,0.0,0.0,33.3,1521.3,1556.6
2019-05-28,2019,CSA,Goias,1.0,0.0,H,U,2.64,2.89,2.92,3,,,,,,,,,,,,,,,,,,,,0.0,0.0,50.0,50.0,1488.3,1454.6
2019-05-28,2019,Avai,Ceara,1.0,2.0,A,O,2.49,2.88,3.14,3,,,,,,,,,,,,,,,,,,,,0.0,0.0,0.0,100.0,1468.5,1498.1
2019-05-26,2019,Santos,Internacional,0.0,0.0,D,U,1.82,3.46,4.38,3,,,,,,,,,,,,,,,,,,,,100.0,0.0,0.0,100.0,1557.2,1580.5
2019-05-26,2019,Fortaleza,Vasco,1.0,1.0,D,U,1.88,3.33,4.21,3,,,,,,,,,,,,,,,,,,,,50.0,50.0,0.0,100.0,1500.1,1474.4
2019-05-26,2019,Flamengo RJ,Athletico-PR,3.0,2.0,H,O,1.4,4.35,8.08,3,,,,,,,,,,,,,,,,,,,,100.0,0.0,0.0,50.0,1603.0,1555.1
2019-05-26,2019,Cruzeiro,Chapecoense-SC,1.0,2.0,A,O,1.39,4.22,9.06,3,,,,,,,,,,,,,,,,,,,,100.0,0.0,0.0,100.0,1520.1,1487.8
2019-05-26,2019,Corinthians,Sao Paulo,1.0,0.0,H,U,2.36,2.76,3.56,3,,,,,,,,,,,,,,,,,,,,50.0,0.0,100.0,0.0,1513.6,1583.6
2019-05-26,2019,Bahia,Fluminense,3.0,2.0,H,O,1.89,3.27,4.29,3,,,,,,,,,,,,,,,,,,,,100.0,0.0,50.0,50.0,1512.4,1471.7
2019-05-25,2019,Gremio,Atletico-MG,1.0,0.0,H,U,1.61,3.76,5.57,3,,,,,,,,,,,,,,,,,,,,0.0,100.0,100.0,0.0,1545.4,1585.2
2019-05-25,2019,Botafogo RJ,Palmeiras,0.0,1.0,A,U,8.15,4.13,1.42,3,,,,,,,,,,,,,,,,,,,,100.0,0.0,50.0,0.0,1535.6,1698.3
2019-05-19,2019,Vasco,Avai,1.0,1.0,D,U,1.7,3.55,5.15,3,,,,,,,,,,,,,,,,,,,,0.0,50.0,0.0,100.0,1474.6,1468.4
2019-05-19,2019,Sao Paulo,Bahia,0.0,0.0,D,U,1.76,3.4,4.91,3,,,,,,,,,,,,,,,,,,,,50.0,0.0,0.0,100.0,1585.7,1510.3
2019-05-19,2019,Internacional,CSA,2.0,0.0,H,U,1.23,5.62,14.01,3,,,,,,,,,,,,,,,,,,,,100.0,0.0,0.0,50.0,1572.6,1496.1
2019-05-19,2019,Goias,Botafogo RJ,1.0,0.0,H,U,2.19,3.14,3.44,3,,,,,,,,,,,,,,,,,,,,50.0,50.0,50.0,50.0,1441.7,1548.5
2019-05-19,2019,Chapecoense-SC,Fortaleza,1.0,3.0,A,O,2.31,2.97,3.37,3,,,,,,,,,,,,,,,,,,,,50.0,0.0,0.0,100.0,1498.1,1489.9
2019-05-19,2019,Ceara,Gremio,2.0,1.0,H,O,2.94,2.98,2.56,3,,,,,,,,,,,,,,,,,,,,50.0,50.0,0.0,0.0,1486.1,1557.5
2019-05-19,2019,Athletico-PR,Corinthians,0.0,2.0,A,U,2.29,2.95,3.43,3,,,,,,,,,,,,,,,,,,,,100.0,0.0,0.0,50.0,1567.0,1501.7
2019-05-18,2019,Palmeiras,Santos,4.0,0.0,H,O,1.67,3.58,5.32,3,,,,,,,,,,,,,,,,,,,,100.0,0.0,50.0,0.0,1691.9,1563.7
2019-05-18,2019,Fluminense,Cruzeiro,4.0,1.0,H,O,2.59,2.98,2.91,3,,,,,,,,,,,,,,,,,,,,0.0,100.0,0.0,100.0,1459.7,1532.2
2019-05-18,2019,Atletico-MG,Flamengo RJ,2.0,1.0,H,O,2.84,3.14,2.52,3,,,,,,,,,,,,,,,,,,,,50.0,50.0,0.0,50.0,1574.0,1614.1
2019-05-12,2019,Santos,Vasco,3.0,0.0,H,O,1.4,4.52,7.44,2,,,,,,,,,,,,,,,,,,,,100.0,0.0,0.0,100.0,1555.7,1482.5
2019-05-12,2019,Internacional,Cruzeiro,3.0,1.0,H,O,2.02,3.12,3.98,2,,,,,,,,,,,,,,,,,,,,100.0,0.0,0.0,100.0,1563.3,1541.5
2019-05-12,2019,Goias,Ceara,2.0,1.0,H,O,2.12,3.08,3.69,2,,,,,,,,,,,,,,,,,,,,0.0,100.0,0.0,100.0,1429.7,1498.0
2019-05-12,2019,Fortaleza,Sao Paulo,0.0,1.0,A,U,2.86,3.03,2.58,2,,,,,,,,,,,,,,,,,,,,100.0,0.0,100.0,0.0,1497.6,1578.0
2019-05-12,2019,Flamengo RJ,Chapecoense-SC,2.0,1.0,H,O,1.41,4.23,7.98,2,,,,,,,,,,,,,,,,,,,,100.0,0.0,0.0,100.0,1607.0,1505.2
2019-05-12,2019,Avai,CSA,0.0,0.0,D,U,1.69,3.5,5.28,2,,,,,,,,,,,,,,,,,,,,0.0,0.0,0.0,100.0,1467.5,1497.0
2019-05-12,2019,Atletico-MG,Palmeiras,0.0,2.0,A,U,3.12,2.99,2.42,2,,,,,,,,,,,,,,,,,,,,100.0,0.0,0.0,0.0,1581.1,1684.8
2019-05-12,2019,Athletico-PR,Bahia,1.0,0.0,H,U,1.8,3.39,4.59,2,,,,,,,,,,,,,,,,,,,,100.0,0.0,0.0,100.0,1558.1,1519.2
2019-05-11,2019,Fluminense,Botafogo RJ,0.0,1.0,A,U,1.98,3.26,3.91,2,,,,,,,,,,,,,,,,,,,,0.0,100.0,0.0,100.0,1467.6,1540.6
2019-05-11,2019,Corinthians,Gremio,0.0,0.0,D,U,2.87,2.89,2.67,2,,,,,,,,,,,,,,,,,,,,100.0,0.0,0.0,0.0,1500.0,1559.2
2019-05-05,2019,Sao Paulo,Flamengo RJ,1.0,1.0,D,U,1.99,3.28,3.85,2,,,,,,,,,,,,,,,,,,,,100.0,0.0,0.0,100.0,1577.1,1607.9
2019-05-05,2019,Gremio,Fluminense,4.0,5.0,A,O,1.51,3.85,6.79,2,,,,,,,,,,,,,,,,,,,,0.0,100.0,0.0,100.0,1572.4,1454.3
2019-05-05,2019,Cruzeiro,Goias,2.0,1.0,H,O,1.38,4.36,8.71,2,,,,,,,,,,,,,,,,,,,,100.0,0.0,100.0,0.0,1534.3,1437.0
2019-05-05,2019,Chapecoense-SC,Athletico-PR,1.0,1.0,D,U,2.49,2.96,3.04,2,,,,,,,,,,,,,,,,,,,,100.0,0.0,0.0,100.0,1503.6,1559.7
2019-05-05,2019,Ceara,Atletico-MG,1.0,2.0,A,O,2.31,3.12,3.17,2,,,,,,,,,,,,,,,,,,,,100.0,0.0,100.0,0.0,1506.1,1573.0
2019-05-05,2019,CSA,Santos,0.0,0.0,D,U,4.57,3.37,1.81,2,,,,,,,,,,,,,,,,,,,,0.0,0.0,100.0,0.0,1495.2,1557.5
2019-05-05,2019,Botafogo RJ,Fortaleza,1.0,0.0,H,U,1.71,3.68,4.74,2,,,,,,,,,,,,,,,,,,,,100.0,0.0,0.0,100.0,1531.3,1506.9
2019-05-05,2019,Bahia,Avai,1.0,0.0,H,U,1.6,3.68,5.87,2,,,,,,,,,,,,,,,,,,,,100.0,0.0,0.0,100.0,1510.1,1476.6
2019-05-04,2019,Vasco,Corinthians,1.0,1.0,D,U,3.1,3.06,2.39,2,,,,,,,,,,,,,,,,,,,,0.0,100.0,0.0,100.0,1481.9,1500.6
2019-05-04,2019,Palmeiras,Internacional,1.0,0.0,H,U,1.6,3.7,5.78,2,,,,,,,,,,,,,,,,,,,,100.0,0.0,0.0,100.0,1677.8,1570.3
2019-05-03,2019,Botafogo RJ,Bahia,3.0,2.0,H,O,2.27,3.0,3.42,1,,,,,,,,,,,,,,,,,,,,,,,,1521.4,1520.1
2019-05-02,2019,Vasco,Atletico-MG,1.0,2.0,A,O,3.15,3.17,2.3,1,,,,,,,,,,,,,,,,,,,,,,,,1489.8,1565.2
2019-05-02,2019,Santos,Fluminense,2.0,1.0,H,O,1.61,3.69,5.64,1,,,,,,,,,,,,,,,,,,,,,,,,1550.0,1461.9
2019-05-02,2019,Goias,Sao Paulo,1.0,2.0,A,O,3.03,2.98,2.49,1,,,,,,,,,,,,,,,,,,,,,,,,1443.5,1570.6
2019-05-02,2019,Fortaleza,Athletico-PR,2.0,1.0,H,O,3.42,3.09,2.21,1,,,,,,,,,,,,,,,,,,,,,,,,1494.7,1571.9
2019-05-01,2019,Internacional,Flamengo RJ,2.0,1.0,H,O,2.33,3.09,3.17,1,,,,,,,,,,,,,,,,,,,,,,,,1558.5,1619.6
2019-05-01,2019,Cruzeiro,Ceara,1.0,0.0,H,U,1.46,3.97,7.58,1,,,,,,,,,,,,,,,,,,,,,,,,1524.5,1515.9
2019-05-01,2019,Corinthians,Chapecoense-SC,1.0,0.0,H,U,1.62,3.42,6.38,1,,,,,,,,,,,,,,,,,,,,,,,,1489.8,1514.3
2019-05-01,2019,CSA,Palmeiras,1.0,1.0,D,U,6.88,3.85,1.51,1,,,,,,,,,,,,,,,,,,,,,,,,1490.2,1682.8
2019-05-01,2019,Avai,Gremio,1.0,1.0,D,U,3.72,3.11,2.1,1,,,,,,,,,,,,,,,,,,,,,,,,1473.7,1575.3
2019-04-28,2019,Palmeiras,Fortaleza,4.0,0.0,H,O,1.36,4.66,8.53,1,,,,,,,,,,,,,,,,,,,,,,,,1677.5,1500.0
2019-04-28,2019,Gremio,Santos,1.0,2.0,A,O,1.71,3.41,5.31,1,,,,,,,,,,,,,,,,,,,,,,,,1586.6,1538.6
2019-04-28,2019,Fluminense,Goias,0.0,1.0,A,U,1.75,3.49,4.75,1,,,,,,,,,,,,,,,,,,,,,,,,1473.0,1432.3
2019-04-28,2019,Flamengo RJ,Cruzeiro,3.0,1.0,H,O,2.21,3.12,3.4,1,,,,,,,,,,,,,,,,,,,,,,,,1611.9,1532.3
2019-04-28,2019,Ceara,CSA,4.0,0.0,H,O,1.84,3.32,4.49,1,,,,,,,,,,,,,,,,,,,,,,,,1506.1,1500.0
2019-04-28,2019,Bahia,Corinthians,3.0,2.0,H,O,2.23,3.06,3.44,1,,,,,,,,,,,,,,,,,,,,,,,,1510.4,1499.5
2019-04-28,2019,Athletico-PR,Vasco,4.0,1.0,H,O,1.46,4.02,7.31,1,,,,,,,,,,,,,,,,,,,,,,,,1563.7,1497.9
2019-04-27,2019,Sao Paulo,Botafogo RJ,2.0,0.0,H,U,1.74,3.37,5.14,1,,,,,,,,,,,,,,,,,,,,,,,,1561.5,1530.5
2019-04-27,2019,Chapecoense-SC,Internacional,2.0,0.0,H,U,2.94,2.94,2.59,1,,,,,,,,,,,,,,,,,,,,,,,,1502.4,1570.5
2019-04-27,2019,Atletico-MG,Avai,2.0,1.0,H,O,1.53,3.9,6.34,1,,,,,,,,,,,,,,,,,,,,,,,,1557.3,1481.6
2018-12-02,2018,Sport Recife,Santos,2.0,1.0,H,O,1.61,3.7,5.75,19,1.0,0.0,1.0,3.0,1.0,3.0,-2.0,1.0,6.0,-5.0,0.0,-3.0,3.0,0.0,0.0,0.0,0.0,0.0,0.0,38.9,27.8,22.2,50.0,1457.5,1551.3
2018-12-02,2018,Parana,Internacional,1.0,1.0,D,U,4.85,3.36,1.78,19,0.0,0.0,1.0,1.0,2.0,2.0,0.0,3.0,3.0,0.0,-1.0,-1.0,0.0,0.0,0.0,0.0,0.0,0.0,0.0,16.7,33.3,27.8,33.3,1391.2,1575.3
2018-12-02,2018,Palmeiras,Vitoria,3.0,2.0,H,O,1.17,7.15,14.77,19,3.0,0.0,0.0,1.0,10.0,1.0,9.0,2.0,4.0,-2.0,8.0,-3.0,11.0,2.0,0.0,2.0,0.0,1.0,-1.0,83.3,5.6,11.1,61.1,1673.3,1446.0
2018-12-02,2018,Gremio,Corinthians,1.0,0.0,H,U,1.31,4.81,10.64,19,2.0,0.0,1.0,3.0,7.0,0.0,7.0,5.0,3.0,2.0,2.0,-3.0,5.0,1.0,0.0,1.0,0.0,0.0,0.0,61.1,11.1,11.1,72.2,1578.7,1507.5
2018-12-02,2018,Fluminense,America MG,1.0,0.0,H,U,2.16,3.16,3.53,19,0.0,0.0,1.0,3.0,0.0,0.0,0.0,1.0,7.0,-6.0,-1.0,-7.0,6.0,0.0,0.0,0.0,0.0,2.0,-2.0,44.4,27.8,11.1,72.2,1463.8,1438.1
2018-12-02,2018,Chapecoense-SC,Sao Paulo,1.0,0.0,H,U,2.26,3.11,3.31,19,2.0,1.0,1.0,1.0,3.0,2.0,1.0,2.0,3.0,-1.0,1.0,-1.0,2.0,0.0,0.0,0.0,0.0,1.0,-1.0,50.0,22.2,33.3,27.8,1490.0,1573.9
2018-12-02,2018,Ceara,Vasco,0.0,0.0,D,U,2.33,2.9,3.43,19,2.0,1.0,0.0,2.0,4.0,2.0,2.0,2.0,3.0,-1.0,2.0,-1.0,3.0,0.0,0.0,0.0,0.0,0.0,0.0,38.9,22.2,5.6,55.6,1506.3,1497.7
2018-12-02,2018,Bahia,Cruzeiro,0.0,0.0,D,U,1.92,3.41,4.02,19,3.0,1.0,0.0,2.0,5.0,2.0,3.0,1.0,4.0,-3.0,4.0,-2.0,6.0,1.0,0.0,1.0,0.0,1.0,-1.0,55.6,11.1,16.7,50.0,1509.7,1532.9
2018-12-01,2018,Flamengo RJ,Athletico-PR,1.0,2.0,A,O,1.43,4.47,6.97,19,2.0,1.0,0.0,1.0,4.0,4.0,0.0,1.0,4.0,-3.0,3.0,0.0,3.0,1.0,0.0,1.0,0.0,0.0,0.0,77.8,11.1,5.6,55.6,1623.9,1551.7
2018-12-01,2018,Atletico-MG,Botafogo RJ,1.0,0.0,H,U,1.33,4.92,9.15,19,1.0,1.0,1.0,1.0,2.0,3.0,-1.0,2.0,3.0,-1.0,0.0,0.0,0.0,0.0,0.0,0.0,0.0,0.0,0.0,61.1,16.7,16.7,55.6,1547.5,1540.3
2018-11-26,2018,Sao Paulo,Sport Recife,0.0,0.0,D,U,1.4,4.42,8.09,19,1.0,1.0,0.0,1.0,4.0,5.0,-1.0,3.0,5.0,-2.0,1.0,0.0,1.0,0.0,0.0,0.0,0.0,0.0,0.0,55.6,5.6,16.7,72.2,1577.3,1454.1
2018-11-26,2018,Botafogo RJ,Parana,2.0,1.0,H,O,1.3,5.02,10.26,19,3.0,1.0,0.0,2.0,4.0,2.0,2.0,1.0,4.0,-3.0,3.0,-2.0,5.0,0.0,0.0,0.0,0.0,1.0,-1.0,50.0,11.1,5.6,88.9,1534.0,1397.4
2018-11-25,2018,Vitoria,Gremio,0.0,0.0,D,U,4.35,3.51,1.82,19,0.0,1.0,2.0,1.0,3.0,2.0,1.0,5.0,3.0,2.0,-2.0,-1.0,-1.0,0.0,0.0,0.0,0.0,1.0,-1.0,38.9,38.9,33.3,33.3,1442.2,1582.5
2018-11-25,2018,Vasco,Palmeiras,0.0,1.0,A,U,3.84,3.15,2.05,19,1.0,0.0,0.0,0.0,4.0,3.0,1.0,2.0,3.0,-1.0,2.0,0.0,2.0,1.0,0.0,1.0,0.0,0.0,0.0,50.0,22.2,33.3,16.7,1503.3,1667.7
2018-11-25,2018,Internacional,Fluminense,2.0,0.0,H,U,1.44,4.22,7.45,19,2.0,0.0,1.0,3.0,5.0,0.0,5.0,3.0,8.0,-5.0,2.0,-8.0,10.0,1.0,0.0,1.0,0.0,3.0,-3.0,72.2,5.6,16.7,61.1,1568.0,1471.0
2018-11-25,2018,Cruzeiro,Flamengo RJ,0.0,2.0,A,U,2.63,2.97,2.87,19,3.0,1.0,0.0,1.0,7.0,4.0,3.0,1.0,4.0,-3.0,6.0,0.0,6.0,2.0,0.0,2.0,0.0,0.0,0.0,61.1,16.7,33.3,27.8,1540.8,1616.0
2018-11-25,2018,Corinthians,Chapecoense-SC,0.0,0.0,D,U,2.02,2.95,4.3,19,2.0,1.0,0.0,2.0,4.0,1.0,3.0,2.0,3.0,-1.0,2.0,-2.0,4.0,0.0,0.0,0.0,0.0,1.0,-1.0,50.0,11.1,5.6,66.7,1508.0,1489.5
2018-11-25,2018,Athletico-PR,Ceara,2.0,2.0,D,O,1.86,3.23,4.57,19,3.0,0.0,0.0,2.0,5.0,1.0,4.0,1.0,3.0,-2.0,4.0,-2.0,6.0,1.0,0.0,1.0,0.0,0.0,0.0,77.8,16.7,16.7,55.6,1553.1,1504.9
2018-11-25,2018,America MG,Bahia,1.0,0.0,H,U,2.03,3.02,4.15,19,1.0,0.0,2.0,2.0,3.0,3.0,0.0,4.0,5.0,-1.0,-1.0,-2.0,1.0,0.0,0.0,0.0,0.0,0.0,0.0,38.9,22.2,11.1,61.1,1425.3,1522.5
2018-11-24,2018,Santos,Atletico-MG,3.0,2.0,H,O,2.4,3.08,3.06,19,1.0,2.0,1.0,1.0,4.0,4.0,0.0,2.0,3.0,-1.0,2.0,1.0,1.0,1.0,0.0,1.0,0.0,0.0,0.0,44.4,22.2,27.8,50.0,1540.8,1558.0
2018-11-22,2018,Vasco,Sao Paulo,2.0,0.0,H,U,2.43,3.01,3.08,18,1.0,1.0,0.0,1.0,4.0,3.0,1.0,2.0,4.0,-2.0,2.0,-1.0,3.0,1.0,0.0,1.0,0.0,1.0,-1.0,47.1,23.5,35.3,23.5,1490.5,1590.1
2018-11-22,2018,Chapecoense-SC,Sport Recife,2.0,1.0,H,O,1.83,3.23,4.78,18,1.0,1.0,2.0,1.0,1.0,4.0,-3.0,2.0,7.0,-5.0,-1.0,-3.0,2.0,0.0,0.0,0.0,0.0,1.0,-1.0,47.1,23.5,17.6,70.6,1479.9,1463.6
2018-11-22,2018,Ceara,Parana,1.0,0.0,H,U,1.33,4.78,9.7,18,1.0,1.0,0.0,2.0,3.0,2.0,1.0,2.0,5.0,-3.0,1.0,-3.0,4.0,0.0,0.0,0.0,0.0,2.0,-2.0,35.3,23.5,5.9,88.2,1497.5,1404.8
2018-11-22,2018,Bahia,Fluminense,2.0,0.0,H,U,1.59,3.67,6.02,18,3.0,0.0,0.0,3.0,5.0,0.0,5.0,1.0,9.0,-8.0,4.0,-9.0,13.0,1.0,0.0,1.0,0.0,3.0,-3.0,52.9,11.8,17.6,58.8,1513.4,1480.1
2018-11-21,2018,Santos,Botafogo RJ,1.0,1.0,D,U,1.91,3.18,4.41,18,2.0,1.0,1.0,1.0,4.0,2.0,2.0,1.0,2.0,-1.0,3.0,0.0,3.0,1.0,0.0,1.0,0.0,0.0,0.0,47.1,23.5,17.6,58.8,1541.0,1533.8
2018-11-21,2018,Palmeiras,America MG,4.0,0.0,H,O,1.28,5.07,11.43,18,3.0,0.0,0.0,2.0,8.0,0.0,8.0,3.0,3.0,0.0,5.0,-3.0,8.0,1.0,0.0,1.0,0.0,1.0,-1.0,82.4,5.9,11.8,70.6,1663.5,1429.5
2018-11-21,2018,Internacional,Atletico-MG,1.0,2.0,A,O,1.81,3.4,4.58,18,2.0,1.0,0.0,2.0,6.0,2.0,4.0,3.0,3.0,0.0,3.0,-1.0,4.0,1.0,0.0,1.0,0.0,0.0,0.0,76.5,0.0,23.5,52.9,1578.9,1547.1
2018-11-21,2018,Flamengo RJ,Gremio,2.0,0.0,H,U,2.14,3.02,3.75,18,2.0,1.0,0.0,0.0,5.0,3.0,2.0,1.0,2.0,-1.0,4.0,1.0,3.0,1.0,0.0,1.0,0.0,0.0,0.0,76.5,11.8,35.3,29.4,1606.5,1592.1
2018-11-21,2018,Cruzeiro,Vitoria,3.0,0.0,H,O,1.68,3.64,5.09,18,2.0,1.0,1.0,0.0,4.0,2.0,2.0,3.0,1.0,2.0,1.0,1.0,0.0,1.0,0.0,1.0,1.0,0.0,1.0,58.8,17.6,11.8,58.8,1533.2,1449.8
2018-11-21,2018,Athletico-PR,Corinthians,1.0,0.0,H,U,1.45,4.11,7.4,18,3.0,0.0,0.0,2.0,8.0,2.0,6.0,1.0,4.0,-3.0,7.0,-2.0,9.0,2.0,0.0,2.0,0.0,0.0,0.0,76.5,17.6,11.8,70.6,1543.8,1517.3
2018-11-19,2018,Fluminense,Ceara,0.0,0.0,D,U,1.96,3.13,4.32,18,1.0,1.0,1.0,2.0,1.0,3.0,-2.0,1.0,3.0,-2.0,0.0,0.0,0.0,0.0,1.0,-1.0,0.0,0.0,0.0,47.1,29.4,17.6,58.8,1479.6,1498.1
2018-11-18,2018,Sport Recife,Flamengo RJ,0.0,1.0,A,U,3.38,3.21,2.19,18,2.0,1.0,0.0,1.0,3.0,7.0,-4.0,1.0,4.0,-3.0,2.0,3.0,-1.0,0.0,1.0,-1.0,0.0,0.0,0.0,41.2,23.5,29.4,29.4,1470.0,1600.0
2018-11-18,2018,Sao Paulo,Cruzeiro,1.0,0.0,H,U,1.94,3.05,4.5,18,0.0,1.0,0.0,2.0,3.0,2.0,1.0,3.0,5.0,-2.0,0.0,-3.0,3.0,0.0,0.0,0.0,0.0,2.0,-2.0,52.9,5.9,17.6,47.1,1581.2,1542.0
2018-11-18,2018,Parana,Palmeiras,1.0,1.0,D,U,20.23,6.98,1.15,18,0.0,1.0,2.0,0.0,1.0,4.0,-3.0,6.0,2.0,4.0,-5.0,2.0,-7.0,0.0,1.0,-1.0,1.0,0.0,1.0,17.6,35.3,35.3,17.6,1398.3,1670.1
2018-11-18,2018,Gremio,Chapecoense-SC,2.0,0.0,H,U,1.46,4.04,7.59,18,1.0,1.0,1.0,2.0,7.0,1.0,6.0,7.0,4.0,3.0,0.0,-3.0,3.0,0.0,0.0,0.0,0.0,1.0,-1.0,58.8,11.8,5.9,64.7,1584.8,1487.2
2018-11-18,2018,Botafogo RJ,Internacional,1.0,0.0,H,U,2.9,2.89,2.68,18,2.0,0.0,1.0,1.0,3.0,3.0,0.0,2.0,4.0,-2.0,1.0,-1.0,2.0,0.0,0.0,0.0,0.0,0.0,0.0,47.1,11.8,29.4,29.4,1521.8,1590.9
2018-11-18,2018,America MG,Santos,2.0,1.0,H,O,3.34,3.01,2.31,18,0.0,0.0,2.0,2.0,2.0,4.0,-2.0,4.0,6.0,-2.0,-2.0,-2.0,0.0,0.0,0.0,0.0,0.0,0.0,0.0,35.3,23.5,23.5,47.1,1415.7,1554.8
2018-11-17,2018,Vitoria,Athletico-PR,1.0,2.0,A,O,2.73,3.22,2.57,18,0.0,0.0,1.0,1.0,4.0,2.0,2.0,5.0,3.0,2.0,-1.0,-1.0,0.0,0.0,0.0,0.0,0.0,0.0,0.0,41.2,35.3,0.0,58.8,1457.6,1536.0
2018-11-17,2018,Corinthians,Vasco,1.0,0.0,H,U,1.74,3.35,5.18,18,1.0,1.0,1.0,2.0,3.0,3.0,0.0,5.0,4.0,1.0,-2.0,-1.0,-1.0,0.0,0.0,0.0,1.0,0.0,1.0,47.1,11.8,5.9,52.9,1507.5,1500.3
2018-11-17,2018,Atletico-MG,Bahia,1.0,0.0,H,U,1.71,3.56,5.08,18,0.0,1.0,1.0,1.0,1.0,4.0,-3.0,2.0,4.0,-2.0,-1.0,0.0,-1.0,0.0,0.0,0.0,0.0,0.0,0.0,58.8,17.6,11.8,58.8,1537.5,1523.0
2018-11-15,2018,Sao Paulo,Gremio,1.0,1.0,D,U,2.81,2.87,2.77,17,0.0,1.0,1.0,1.0,2.0,2.0,0.0,4.0,3.0,1.0,-2.0,-1.0,-1.0,0.0,0.0,0.0,1.0,1.0,0.0,56.2,6.2,37.5,31.2,1581.1,1584.9
2018-11-15,2018,Internacional,America MG,2.0,0.0,H,U,1.35,4.58,9.24,17,2.0,0.0,0.0,2.0,7.0,0.0,7.0,4.0,5.0,-1.0,3.0,-5.0,8.0,1.0,0.0,1.0,0.0,1.0,-1.0,75.0,0.0,12.5,68.8,1585.3,1421.3
2018-11-15,2018,Flamengo RJ,Santos,1.0,0.0,H,U,1.69,3.55,5.27,17,2.0,1.0,0.0,1.0,6.0,5.0,1.0,2.0,5.0,-3.0,4.0,0.0,4.0,1.0,0.0,1.0,0.0,0.0,0.0,75.0,12.5,25.0,43.8,1590.8,1564.0
2018-11-15,2018,Chapecoense-SC,Botafogo RJ,0.0,1.0,A,U,2.12,3.02,3.83,17,2.0,1.0,1.0,1.0,2.0,5.0,-3.0,1.0,5.0,-4.0,1.0,0.0,1.0,0.0,0.0,0.0,0.0,0.0,0.0,50.0,18.8,12.5,62.5,1496.8,1512.3
2018-11-14,2018,Vasco,Athletico-PR,1.0,1.0,D,U,2.92,3.04,2.55,17,2.0,0.0,0.0,2.0,5.0,1.0,4.0,2.0,3.0,-1.0,3.0,-2.0,5.0,1.0,0.0,1.0,0.0,0.0,0.0,50.0,25.0,0.0,62.5,1499.2,1537.1
2018-11-14,2018,Sport Recife,Vitoria,0.0,0.0,D,U,1.99,3.31,3.83,17,3.0,1.0,0.0,1.0,5.0,3.0,2.0,2.0,3.0,-1.0,3.0,0.0,3.0,0.0,0.0,0.0,0.0,0.0,0.0,43.8,25.0,12.5,62.5,1470.4,1457.2
2018-11-14,2018,Parana,Atletico-MG,0.0,1.0,A,U,6.76,3.86,1.52,17,0.0,0.0,1.0,3.0,2.0,1.0,1.0,6.0,4.0,2.0,-4.0,-3.0,-1.0,0.0,0.0,0.0,1.0,0.0,1.0,18.8,31.2,18.8,56.2,1404.8,1531.0
2018-11-14,2018,Palmeiras,Fluminense,3.0,0.0,H,O,1.35,4.58,9.32,17,3.0,1.0,0.0,2.0,7.0,2.0,5.0,3.0,7.0,-4.0,4.0,-5.0,9.0,1.0,0.0,1.0,0.0,2.0,-2.0,81.2,6.2,18.8,56.2,1664.8,1484.8
2018-11-14,2018,Cruzeiro,Corinthians,1.0,0.0,H,U,2.03,3.03,4.12,17,2.0,0.0,1.0,2.0,6.0,2.0,4.0,3.0,4.0,-1.0,3.0,-2.0,5.0,2.0,0.0,2.0,1.0,0.0,1.0,56.2,18.8,12.5,68.8,1532.5,1517.1
2018-11-14,2018,Bahia,Ceara,2.0,1.0,H,O,1.78,3.24,5.18,17,2.0,1.0,0.0,2.0,3.0,3.0,0.0,0.0,3.0,-3.0,3.0,0.0,3.0,1.0,1.0,0.0,0.0,0.0,0.0,50.0,12.5,18.8,56.2,1513.2,1507.9
2018-11-12,2018,Santos,Chapecoense-SC,0.0,1.0,A,U,1.6,3.63,6.09,17,3.0,0.0,0.0,3.0,5.0,1.0,4.0,0.0,7.0,-7.0,5.0,-6.0,11.0,1.0,0.0,1.0,0.0,2.0,-2.0,50.0,18.8,0.0,68.8,1576.6,1484.2
2018-11-11,2018,Vitoria,Bahia,2.0,2.0,D,O,2.75,3.03,2.69,17,0.0,1.0,2.0,1.0,2.0,4.0,-2.0,4.0,4.0,0.0,-2.0,0.0,-2.0,0.0,0.0,0.0,0.0,0.0,0.0,43.8,37.5,12.5,62.5,1455.5,1514.9
2018-11-11,2018,Gremio,Vasco,2.0,1.0,H,O,1.39,4.42,8.5,17,1.0,1.0,1.0,1.0,8.0,3.0,5.0,8.0,3.0,5.0,0.0,0.0,0.0,0.0,0.0,0.0,0.0,0.0,0.0,56.2,12.5,6.2,50.0,1576.9,1507.2
2018-11-11,2018,Fluminense,Sport Recife,0.0,0.0,D,U,1.88,3.38,4.24,17,2.0,1.0,1.0,2.0,5.0,6.0,-1.0,1.0,12.0,-11.0,4.0,-6.0,10.0,1.0,0.0,1.0,0.0,2.0,-2.0,50.0,31.2,18.8,75.0,1485.2,1470.0
2018-11-11,2018,Ceara,Internacional,1.0,1.0,D,U,2.73,2.94,2.78,17,2.0,0.0,0.0,1.0,5.0,3.0,2.0,2.0,4.0,-2.0,3.0,-1.0,4.0,1.0,0.0,1.0,0.0,0.0,0.0,37.5,25.0,31.2,31.2,1505.6,1587.6
2018-11-11,2018,Atletico-MG,Palmeiras,1.0,1.0,D,U,2.61,3.14,2.76,17,1.0,2.0,1.0,0.0,5.0,4.0,1.0,3.0,1.0,2.0,2.0,3.0,-1.0,1.0,1.0,0.0,0.0,0.0,0.0,62.5,18.8,37.5,18.8,1527.1,1668.7
2018-11-10,2018,Corinthians,Sao Paulo,1.0,1.0,D,U,2.52,2.95,3.03,17,1.0,1.0,1.0,1.0,3.0,4.0,-1.0,5.0,5.0,0.0,-2.0,-1.0,-1.0,0.0,0.0,0.0,1.0,1.0,0.0,50.0,12.5,37.5,25.0,1515.1,1583.0
2018-11-10,2018,Botafogo RJ,Flamengo RJ,2.0,1.0,H,O,4.01,3.37,1.93,17,1.0,2.0,1.0,0.0,2.0,9.0,-7.0,2.0,2.0,0.0,0.0,7.0,-7.0,0.0,2.0,-2.0,0.0,0.0,0.0,43.8,12.5,31.2,25.0,1499.4,1603.7
2018-11-10,2018,Athletico-PR,Cruzeiro,2.0,0.0,H,U,2.07,3.18,3.78,17,3.0,1.0,0.0,2.0,10.0,3.0,7.0,1.0,6.0,-5.0,9.0,-3.0,12.0,2.0,0.0,2.0,0.0,2.0,-2.0,75.0,18.8,18.8,43.8,1526.7,1542.9
2018-11-10,2018,America MG,Parana,0.0,1.0,A,U,1.45,3.96,8.1,17,0.0,0.0,1.0,3.0,2.0,1.0,1.0,3.0,9.0,-6.0,-1.0,-8.0,7.0,0.0,0.0,0.0,0.0,3.0,-3.0,37.5,18.8,0.0,93.8,1432.4,1393.7
2018-11-05,2018,Sport Recife,Ceara,1.0,0.0,H,U,2.19,3.11,3.49,16,2.0,1.0,1.0,2.0,4.0,5.0,-1.0,3.0,5.0,-2.0,1.0,0.0,1.0,0.0,1.0,-1.0,0.0,0.0,0.0,40.0,26.7,20.0,53.3,1458.3,1517.3
2018-11-04,2018,Sao Paulo,Flamengo RJ,2.0,2.0,D,O,2.8,3.04,2.64,16,0.0,2.0,1.0,0.0,1.0,7.0,-6.0,3.0,0.0,3.0,-2.0,7.0,-9.0,0.0,2.0,-2.0,1.0,0.0,1.0,60.0,6.7,33.3,26.7,1582.4,1604.4
2018-11-04,2018,Parana,Vitoria,1.0,1.0,D,U,3.2,3.06,2.35,16,0.0,1.0,2.0,2.0,1.0,2.0,-1.0,7.0,4.0,3.0,-6.0,-2.0,-4.0,0.0,0.0,0.0,2.0,1.0,1.0,20.0,33.3,13.3,66.7,1391.8,1457.4
2018-11-04,2018,Internacional,Athletico-PR,2.0,1.0,H,O,1.51,3.88,6.94,16,2.0,0.0,0.0,2.0,7.0,1.0,6.0,4.0,3.0,1.0,3.0,-2.0,5.0,1.0,0.0,1.0,0.0,0.0,0.0,73.3,0.0,0.0,60.0,1578.9,1535.4
2018-11-04,2018,Botafogo RJ,Corinthians,1.0,0.0,H,U,2.05,3.08,3.97,16,0.0,0.0,1.0,1.0,3.0,2.0,1.0,4.0,3.0,1.0,-1.0,-1.0,0.0,0.0,0.0,0.0,0.0,0.0,0.0,40.0,13.3,13.3,66.7,1488.3,1526.2
2018-11-04,2018,Bahia,Chapecoense-SC,1.0,0.0,H,U,1.64,3.5,5.86,16,1.0,0.0,0.0,3.0,3.0,1.0,2.0,1.0,8.0,-7.0,2.0,-7.0,9.0,1.0,0.0,1.0,0.0,3.0,-3.0,46.7,13.3,0.0,66.7,1505.2,1493.8
2018-11-04,2018,America MG,Cruzeiro,1.0,2.0,A,O,3.94,2.96,2.11,16,0.0,0.0,0.0,2.0,1.0,1.0,0.0,1.0,5.0,-4.0,0.0,-4.0,4.0,0.0,0.0,0.0,0.0,2.0,-2.0,40.0,13.3,13.3,46.7,1439.7,1535.6
2018-11-03,2018,Palmeiras,Santos,3.0,2.0,H,O,1.91,3.22,4.32,16,3.0,1.0,0.0,1.0,7.0,4.0,3.0,2.0,4.0,-2.0,5.0,0.0,5.0,2.0,0.0,2.0,0.0,0.0,0.0,80.0,6.7,26.7,40.0,1660.9,1584.4
2018-11-03,2018,Fluminense,Vasco,0.0,1.0,A,U,2.79,3.07,2.64,16,2.0,0.0,1.0,1.0,5.0,3.0,2.0,1.0,4.0,-3.0,4.0,-1.0,5.0,1.0,0.0,1.0,0.0,0.0,0.0,53.3,26.7,0.0,53.3,1495.2,1497.3
2018-11-03,2018,Atletico-MG,Gremio,0.0,1.0,A,U,2.17,3.17,3.46,16,2.0,1.0,0.0,1.0,8.0,2.0,6.0,3.0,3.0,0.0,5.0,-1.0,6.0,2.0,0.0,2.0,0.0,1.0,-1.0,66.7,13.3,33.3,33.3,1536.2,1567.8
2018-10-29,2018,Ceara,Atletico-MG,2.0,1.0,H,O,2.4,3.1,3.07,16,2.0,0.0,0.0,3.0,5.0,1.0,4.0,1.0,4.0,-3.0,4.0,-3.0,7.0,2.0,0.0,2.0,0.0,0.0,0.0,33.3,26.7,20.0,53.3,1506.1,1547.4
2018-10-28,2018,Cruzeiro,Parana,3.0,1.0,H,O,1.3,5.13,10.36,16,2.0,0.0,1.0,3.0,5.0,0.0,5.0,3.0,9.0,-6.0,2.0,-9.0,11.0,1.0,0.0,1.0,1.0,3.0,-2.0,53.3,20.0,0.0,93.3,1529.2,1398.2
2018-10-28,2018,Athletico-PR,Botafogo RJ,2.0,1.0,H,O,1.88,3.32,4.45,16,3.0,1.0,0.0,1.0,11.0,4.0,7.0,0.0,4.0,-4.0,11.0,0.0,11.0,3.0,0.0,3.0,0.0,0.0,0.0,73.3,20.0,13.3,60.0,1526.2,1497.4
2018-10-27,2018,Vasco,Internacional,1.0,1.0,D,U,3.01,3.21,2.38,16,2.0,0.0,0.0,2.0,5.0,3.0,2.0,2.0,5.0,-3.0,3.0,-2.0,5.0,1.0,0.0,1.0,0.0,0.0,0.0,53.3,26.7,33.3,33.3,1494.8,1581.3
2018-10-27,2018,Santos,Fluminense,3.0,0.0,H,O,1.36,4.43,9.73,16,2.0,1.0,0.0,2.0,3.0,3.0,0.0,1.0,7.0,-6.0,2.0,-4.0,6.0,0.0,0.0,0.0,0.0,2.0,-2.0,46.7,20.0,20.0,53.3,1576.5,1503.1
2018-10-27,2018,Gremio,Sport Recife,3.0,4.0,A,O,1.6,3.75,5.73,16,2.0,0.0,0.0,3.0,7.0,3.0,4.0,4.0,11.0,-7.0,3.0,-8.0,11.0,1.0,0.0,1.0,0.0,2.0,-2.0,60.0,6.7,13.3,80.0,1581.6,1444.5
2018-10-27,2018,Flamengo RJ,Palmeiras,1.0,1.0,D,U,2.15,3.06,3.7,16,3.0,2.0,0.0,0.0,7.0,4.0,3.0,1.0,1.0,0.0,6.0,3.0,3.0,2.0,1.0,1.0,0.0,0.0,0.0,80.0,13.3,40.0,20.0,1602.6,1662.6
2018-10-27,2018,Corinthians,Bahia,2.0,1.0,H,O,2.08,3.0,4.01,16,1.0,1.0,1.0,1.0,3.0,4.0,-1.0,5.0,4.0,1.0,-2.0,0.0,-2.0,0.0,0.0,0.0,1.0,0.0,1.0,46.7,13.3,13.3,60.0,1516.2,1515.1
2018-10-27,2018,Chapecoense-SC,America MG,1.0,0.0,H,U,1.98,3.1,4.25,16,1.0,0.0,2.0,1.0,2.0,1.0,1.0,3.0,5.0,-2.0,-1.0,-4.0,3.0,0.0,0.0,0.0,0.0,1.0,-1.0,46.7,20.0,13.3,66.7,1484.9,1448.6
2018-10-26,2018,Vitoria,Sao Paulo,0.0,1.0,A,U,3.12,3.18,2.32,16,0.0,0.0,2.0,1.0,5.0,3.0,2.0,7.0,5.0,2.0,-2.0,-2.0,0.0,0.0,0.0,0.0,0.0,1.0,-1.0,46.7,33.3,33.3,26.7,1464.3,1575.5
2018-10-24,2018,Cruzeiro,Ceara,0.0,2.0,A,U,1.61,3.61,6.08,15,2.0,0.0,0.0,2.0,5.0,3.0,2.0,1.0,5.0,-4.0,4.0,-2.0,6.0,1.0,0.0,1.0,0.0,0.0,0.0,57.1,14.3,14.3,57.1,1540.6,1494.8
2018-10-23,2018,Internacional,Santos,2.0,2.0,D,O,1.81,3.25,4.91,15,3.0,2.0,0.0,1.0,6.0,4.0,2.0,2.0,2.0,0.0,4.0,2.0,2.0,1.0,1.0,0.0,0.0,0.0,0.0,78.6,0.0,28.6,42.9,1581.4,1576.4
2018-10-21,2018,Vitoria,Corinthians,2.0,2.0,D,O,2.41,2.93,3.27,15,1.0,0.0,2.0,2.0,4.0,0.0,4.0,5.0,2.0,3.0,-1.0,-2.0,1.0,0.0,0.0,0.0,0.0,0.0,0.0,50.0,35.7,14.3,71.4,1462.7,1517.8
2018-10-21,2018,Parana,Flamengo RJ,0.0,4.0,A,O,7.59,3.83,1.49,15,0.0,1.0,1.0,0.0,2.0,4.0,-2.0,4.0,1.0,3.0,-2.0,3.0,-5.0,0.0,1.0,-1.0,1.0,0.0,1.0,21.4,28.6,28.6,28.6,1403.1,1597.7
2018-10-21,2018,Palmeiras,Ceara,2.0,1.0,H,O,1.39,4.21,9.3,15,3.0,1.0,0.0,1.0,6.0,3.0,3.0,1.0,3.0,-2.0,5.0,0.0,5.0,2.0,0.0,2.0,0.0,0.0,0.0,78.6,7.1,15.4,53.8,1656.8,1500.6
2018-10-21,2018,Fluminense,Atletico-MG,1.0,0.0,H,U,2.47,3.14,2.93,15,2.0,0.0,1.0,2.0,5.0,1.0,4.0,1.0,3.0,-2.0,4.0,-2.0,6.0,1.0,0.0,1.0,0.0,0.0,0.0,50.0,28.6,21.4,50.0,1491.1,1559.4
2018-10-21,2018,Cruzeiro,Chapecoense-SC,3.0,0.0,H,O,1.56,3.72,6.45,14,1.0,0.0,0.0,2.0,2.0,2.0,0.0,1.0,6.0,-5.0,1.0,-4.0,5.0,0.0,0.0,0.0,0.0,2.0,-2.0,53.8,15.4,0.0,64.3,1531.6,1493.8
2018-10-20,2018,Sport Recife,Vasco,2.0,1.0,H,O,2.69,3.11,2.7,15,1.0,0.0,1.0,0.0,2.0,3.0,-1.0,2.0,3.0,-1.0,0.0,0.0,0.0,0.0,0.0,0.0,0.0,0.0,0.0,35.7,28.6,0.0,50.0,1432.4,1506.9
2018-10-20,2018,Sao Paulo,Athletico-PR,0.0,0.0,D,U,2.15,3.03,3.7,15,1.0,0.0,1.0,3.0,2.0,2.0,0.0,3.0,6.0,-3.0,-1.0,-4.0,3.0,0.0,0.0,0.0,1.0,1.0,0.0,64.3,7.1,0.0,64.3,1577.0,1524.8
2018-10-20,2018,Botafogo RJ,Bahia,0.0,1.0,A,U,2.29,2.98,3.47,15,1.0,0.0,0.0,2.0,4.0,3.0,1.0,3.0,5.0,-2.0,1.0,-2.0,3.0,0.0,0.0,0.0,0.0,0.0,0.0,42.9,7.1,7.1,64.3,1507.5,1505.1
2018-10-20,2018,America MG,Gremio,1.0,1.0,D,U,2.73,2.92,2.83,15,1.0,1.0,0.0,2.0,2.0,1.0,1.0,1.0,3.0,-2.0,1.0,-2.0,3.0,0.0,0.0,0.0,0.0,1.0,-1.0,42.9,14.3,35.7,35.7,1444.8,1585.4
2018-10-16,2018,Ceara,Botafogo RJ,0.0,0.0,D,U,2.09,3.16,3.7,15,3.0,1.0,0.0,2.0,7.0,4.0,3.0,2.0,8.0,-6.0,5.0,-4.0,9.0,2.0,0.0,2.0,0.0,1.0,-1.0,35.7,28.6,14.3,64.3,1500.4,1507.7
2018-10-14,2018,Vasco,Cruzeiro,2.0,0.0,H,U,2.16,3.07,3.61,15,1.0,0.0,1.0,1.0,3.0,2.0,1.0,5.0,4.0,1.0,-2.0,-2.0,0.0,0.0,0.0,0.0,1.0,1.0,0.0,50.0,28.6,14.3,42.9,1495.6,1543.0
2018-10-14,2018,Palmeiras,Gremio,2.0,0.0,H,U,1.91,3.05,4.73,14,3.0,1.0,0.0,1.0,6.0,1.0,5.0,1.0,1.0,0.0,5.0,0.0,5.0,2.0,0.0,2.0,0.0,0.0,0.0,76.9,7.7,38.5,30.8,1648.4,1593.9
2018-10-14,2018,Internacional,Sao Paulo,3.0,1.0,H,O,1.9,3.18,4.49,14,3.0,0.0,0.0,1.0,5.0,2.0,3.0,2.0,3.0,-1.0,3.0,-1.0,4.0,0.0,0.0,0.0,0.0,0.0,0.0,76.9,0.0,35.7,21.4,1571.0,1587.5
2018-10-14,2018,Chapecoense-SC,Vitoria,0.0,1.0,A,U,1.81,3.28,4.86,15,2.0,0.0,1.0,2.0,4.0,1.0,3.0,3.0,4.0,-1.0,1.0,-3.0,4.0,0.0,0.0,0.0,0.0,1.0,-1.0,50.0,14.3,7.1,71.4,1505.3,1451.2
2018-10-14,2018,Bahia,Parana,2.0,0.0,H,U,1.36,4.3,9.98,15,1.0,0.0,0.0,3.0,3.0,0.0,3.0,1.0,9.0,-8.0,2.0,-9.0,11.0,1.0,0.0,1.0,0.0,3.0,-3.0,42.9,14.3,0.0,92.9,1497.5,1410.7
2018-10-14,2018,Atletico-MG,America MG,0.0,0.0,D,U,1.55,3.87,6.21,15,3.0,0.0,0.0,2.0,9.0,1.0,8.0,3.0,6.0,-3.0,6.0,-5.0,11.0,2.0,0.0,2.0,0.0,1.0,-1.0,71.4,14.3,14.3,71.4,1562.7,1441.5
2018-10-14,2018,Athletico-PR,Sport Recife,4.0,0.0,H,O,1.34,4.81,9.11,15,3.0,0.0,0.0,3.0,10.0,3.0,7.0,1.0,9.0,-8.0,9.0,-6.0,15.0,3.0,0.0,3.0,0.0,2.0,-2.0,71.4,21.4,14.3,78.6,1516.9,1440.2
2018-10-13,2018,Santos,Corinthians,1.0,0.0,H,U,1.47,3.82,7.99,15,1.0,0.0,0.0,2.0,2.0,1.0,1.0,1.0,3.0,-2.0,1.0,-2.0,3.0,0.0,0.0,0.0,0.0,0.0,0.0,42.9,21.4,15.4,69.2,1567.6,1526.6
2018-10-13,2018,Flamengo RJ,Fluminense,3.0,0.0,H,O,1.69,3.53,5.35,15,2.0,1.0,1.0,1.0,4.0,4.0,0.0,2.0,5.0,-3.0,2.0,-1.0,3.0,1.0,0.0,1.0,0.0,1.0,-1.0,78.6,14.3,21.4,50.0,1590.3,1498.6
2018-10-10,2018,Botafogo RJ,Vasco,1.0,1.0,D,U,2.15,3.09,3.65,14,1.0,0.0,0.0,1.0,4.0,2.0,2.0,3.0,3.0,0.0,1.0,-1.0,2.0,0.0,0.0,0.0,0.0,0.0,0.0,46.2,7.7,0.0,53.8,1508.1,1495.2
2018-10-09,2018,Fluminense,Parana,4.0,0.0,H,O,1.5,3.72,7.67,14,1.0,0.0,1.0,3.0,1.0,0.0,1.0,1.0,6.0,-5.0,0.0,-6.0,6.0,0.0,0.0,0.0,0.0,2.0,-2.0,46.2,30.8,0.0,92.3,1490.6,1418.6
2018-10-07,2018,Gremio,Bahia,2.0,2.0,D,O,1.36,4.41,9.83,15,3.0,0.0,0.0,3.0,9.0,1.0,8.0,2.0,5.0,-3.0,7.0,-4.0,11.0,2.0,0.0,2.0,0.0,1.0,-1.0,64.3,7.1,7.7,69.2,1596.7,1494.7
2018-10-06,2018,Vitoria,Santos,0.0,1.0,A,U,3.67,3.19,2.09,14,2.0,2.0,1.0,1.0,5.0,6.0,-1.0,4.0,2.0,2.0,1.0,4.0,-3.0,0.0,2.0,-2.0,0.0,0.0,0.0,53.8,30.8,23.1,46.2,1458.3,1560.4
2018-10-06,2018,Sao Paulo,Palmeiras,0.0,2.0,A,U,2.66,2.89,2.91,14,1.0,2.0,0.0,0.0,3.0,4.0,-1.0,2.0,2.0,0.0,1.0,2.0,-1.0,0.0,0.0,0.0,0.0,0.0,0.0,69.2,0.0,35.7,21.4,1596.2,1639.6
2018-10-06,2018,Corinthians,Flamengo RJ,0.0,3.0,A,O,2.95,2.87,2.64,15,1.0,0.0,0.0,1.0,4.0,2.0,2.0,3.0,3.0,0.0,1.0,-1.0,2.0,0.0,0.0,0.0,0.0,0.0,0.0,50.0,7.1,23.1,30.8,1535.3,1581.6
2018-10-06,2018,Chapecoense-SC,Atletico-MG,1.0,0.0,H,U,2.86,3.01,2.62,14,2.0,0.0,1.0,1.0,5.0,2.0,3.0,4.0,3.0,1.0,1.0,-1.0,2.0,0.0,0.0,0.0,0.0,0.0,0.0,46.2,15.4,23.1,46.2,1493.0,1575.0
2018-10-06,2018,Athletico-PR,America MG,4.0,0.0,H,O,1.44,4.06,7.94,14,3.0,0.0,0.0,2.0,8.0,1.0,7.0,1.0,3.0,-2.0,7.0,-2.0,9.0,3.0,0.0,3.0,0.0,0.0,0.0,69.2,23.1,15.4,69.2,1508.6,1449.8
2018-10-05,2018,Sport Recife,Internacional,2.0,1.0,H,O,4.04,3.27,1.96,14,1.0,0.0,1.0,1.0,1.0,2.0,-1.0,1.0,3.0,-2.0,0.0,-1.0,1.0,0.0,0.0,0.0,0.0,0.0,0.0,30.8,30.8,35.7,28.6,1426.0,1585.3
2018-10-02,2018,Parana,Vasco,1.0,1.0,D,U,2.89,2.91,2.65,14,0.0,0.0,1.0,2.0,2.0,2.0,0.0,4.0,4.0,0.0,-2.0,-2.0,0.0,0.0,0.0,0.0,1.0,0.0,1.0,23.1,30.8,0.0,58.3,1416.3,1497.5
2018-09-30,2018,Santos,Athletico-PR,1.0,0.0,H,U,1.93,3.23,4.23,14,0.0,0.0,0.0,3.0,1.0,2.0,-1.0,1.0,7.0,-6.0,0.0,-5.0,5.0,0.0,0.0,0.0,0.0,2.0,-2.0,38.5,23.1,0.0,61.5,1551.4,1517.6
2018-09-30,2018,Palmeiras,Cruzeiro,3.0,1.0,H,O,1.58,3.59,6.57,13,3.0,0.0,0.0,0.0,5.0,2.0,3.0,0.0,2.0,-2.0,5.0,0.0,5.0,2.0,0.0,2.0,0.0,0.0,0.0,75.0,8.3,15.4,38.5,1631.9,1550.7
2018-09-30,2018,Internacional,Vitoria,2.0,1.0,H,O,1.31,4.97,9.95,13,2.0,0.0,0.0,2.0,3.0,0.0,3.0,1.0,3.0,-2.0,2.0,-3.0,5.0,0.0,0.0,0.0,0.0,1.0,-1.0,75.0,0.0,7.7,69.2,1578.4,1465.2
2018-09-30,2018,Ceara,Chapecoense-SC,3.0,1.0,H,O,2.08,2.98,4.07,14,2.0,0.0,1.0,2.0,4.0,2.0,2.0,3.0,6.0,-3.0,1.0,-4.0,5.0,1.0,0.0,1.0,1.0,2.0,-1.0,30.8,30.8,0.0,61.5,1490.0,1503.4
2018-09-30,2018,Botafogo RJ,Sao Paulo,2.0,2.0,D,O,2.65,3.04,2.79,13,2.0,0.0,0.0,1.0,4.0,1.0,3.0,1.0,2.0,-1.0,3.0,-1.0,4.0,1.0,0.0,1.0,0.0,0.0,0.0,50.0,8.3,38.5,23.1,1505.5,1598.9
2018-09-30,2018,Bahia,Flamengo RJ,0.0,0.0,D,U,2.72,3.05,2.71,14,1.0,0.0,1.0,1.0,3.0,4.0,-1.0,2.0,5.0,-3.0,1.0,-1.0,2.0,1.0,0.0,1.0,0.0,0.0,0.0,46.2,15.4,25.0,33.3,1492.1,1584.2
2018-09-30,2018,Atletico-MG,Sport Recife,5.0,2.0,H,O,1.35,4.69,9.09,14,2.0,0.0,0.0,3.0,4.0,1.0,3.0,1.0,6.0,-5.0,3.0,-5.0,8.0,1.0,0.0,1.0,0.0,2.0,-2.0,69.2,15.4,15.4,76.9,1568.8,1432.2
2018-09-29,2018,Fluminense,Gremio,0.0,1.0,A,U,2.82,2.95,2.7,13,2.0,0.0,0.0,2.0,2.0,1.0,1.0,0.0,3.0,-3.0,2.0,-2.0,4.0,0.0,0.0,0.0,0.0,0.0,0.0,50.0,25.0,33.3,33.3,1498.0,1589.3
2018-09-29,2018,America MG,Corinthians,0.0,0.0,D,U,2.35,2.87,3.44,14,1.0,0.0,0.0,3.0,4.0,1.0,3.0,3.0,4.0,-1.0,1.0,-3.0,4.0,0.0,0.0,0.0,0.0,0.0,0.0,46.2,15.4,16.7,75.0,1447.2,1537.9
2018-09-28,2018,Santos,Vasco,1.0,1.0,D,U,1.47,3.95,7.66,13,1.0,0.0,0.0,3.0,2.0,1.0,1.0,0.0,4.0,-4.0,2.0,-3.0,5.0,1.0,0.0,1.0,0.0,0.0,0.0,41.7,25.0,0.0,63.6,1553.0,1495.9
2018-09-25,2018,Vasco,Bahia,2.0,1.0,H,O,2.05,3.24,3.79,14,1.0,1.0,1.0,2.0,4.0,2.0,2.0,5.0,3.0,2.0,-1.0,-1.0,0.0,1.0,1.0,0.0,1.0,1.0,0.0,46.2,30.8,8.3,66.7,1485.4,1502.6
2018-09-25,2018,Chapecoense-SC,Fluminense,1.0,2.0,A,O,2.21,3.04,3.57,13,2.0,0.0,1.0,2.0,5.0,3.0,2.0,4.0,6.0,-2.0,1.0,-3.0,4.0,0.0,0.0,0.0,0.0,1.0,-1.0,50.0,8.3,15.4,53.8,1514.2,1487.3
2018-09-23,2018,Vitoria,Botafogo RJ,3.0,4.0,A,O,2.72,3.02,2.75,13,3.0,0.0,0.0,3.0,3.0,0.0,3.0,0.0,7.0,-7.0,3.0,-7.0,10.0,0.0,0.0,0.0,0.0,2.0,-2.0,58.3,25.0,7.7,69.2,1474.6,1496.1
2018-09-23,2018,Sport Recife,Palmeiras,0.0,1.0,A,U,4.4,3.33,1.87,13,1.0,1.0,1.0,0.0,1.0,3.0,-2.0,2.0,2.0,0.0,-1.0,1.0,-2.0,0.0,0.0,0.0,1.0,0.0,1.0,33.3,25.0,30.8,23.1,1437.2,1626.9
2018-09-23,2018,Gremio,Ceara,3.0,2.0,H,O,1.35,4.26,11.64,14,2.0,1.0,0.0,1.0,7.0,1.0,6.0,1.0,1.0,0.0,6.0,0.0,6.0,2.0,0.0,2.0,0.0,0.0,0.0,61.5,7.7,16.7,50.0,1581.7,1497.6
2018-09-23,2018,Flamengo RJ,Atletico-MG,2.0,1.0,H,O,1.82,3.37,4.62,14,2.0,0.0,1.0,1.0,3.0,1.0,2.0,1.0,2.0,-1.0,2.0,-1.0,3.0,1.0,0.0,1.0,0.0,0.0,0.0,76.9,15.4,25.0,41.7,1574.1,1578.9
2018-09-23,2018,Cruzeiro,Santos,2.0,1.0,H,O,2.42,2.91,3.26,13,1.0,2.0,0.0,1.0,2.0,6.0,-4.0,1.0,3.0,-2.0,1.0,3.0,-2.0,0.0,2.0,-2.0,0.0,1.0,-1.0,50.0,16.7,25.0,41.7,1540.0,1563.7
2018-09-23,2018,Corinthians,Internacional,1.0,1.0,D,U,2.69,2.86,2.92,14,2.0,1.0,0.0,1.0,4.0,2.0,2.0,2.0,2.0,0.0,2.0,0.0,2.0,0.0,0.0,0.0,0.0,0.0,0.0,53.8,7.7,38.5,30.8,1536.6,1579.6
2018-09-23,2018,Athletico-PR,Parana,3.0,0.0,H,O,1.5,3.95,6.96,13,3.0,0.0,0.0,3.0,6.0,0.0,6.0,1.0,4.0,-3.0,5.0,-4.0,9.0,2.0,0.0,2.0,0.0,1.0,-1.0,66.7,25.0,0.0,91.7,1510.1,1423.9
2018-09-22,2018,Sao Paulo,America MG,1.0,1.0,D,U,1.43,4.02,8.87,13,2.0,1.0,0.0,2.0,3.0,2.0,1.0,1.0,2.0,-1.0,2.0,0.0,2.0,0.0,1.0,-1.0,0.0,0.0,0.0,75.0,0.0,16.7,75.0,1603.2,1442.9
2018-09-18,2018,Chapecoense-SC,Internacional,2.0,1.0,H,O,3.69,2.98,2.19,12,2.0,2.0,1.0,0.0,5.0,4.0,1.0,4.0,0.0,4.0,1.0,4.0,-3.0,0.0,1.0,-1.0,0.0,0.0,0.0,45.5,9.1,41.7,25.0,1501.6,1592.2
2018-09-16,2018,Santos,Sao Paulo,0.0,0.0,D,U,2.37,3.0,3.25,12,2.0,1.0,0.0,1.0,5.0,4.0,1.0,0.0,3.0,-3.0,5.0,1.0,4.0,2.0,1.0,1.0,0.0,0.0,0.0,45.5,27.3,41.7,25.0,1562.5,1604.4
2018-09-16,2018,Cruzeiro,Atletico-MG,0.0,0.0,D,U,2.76,3.04,2.7,12,1.0,1.0,0.0,1.0,3.0,4.0,-1.0,2.0,2.0,0.0,1.0,2.0,-1.0,0.0,1.0,-1.0,0.0,0.0,0.0,54.5,18.2,27.3,45.5,1538.8,1580.1
2018-09-16,2018,Corinthians,Sport Recife,2.0,1.0,H,O,1.63,3.51,6.21,13,1.0,0.0,1.0,3.0,2.0,0.0,2.0,2.0,7.0,-5.0,0.0,-7.0,7.0,0.0,0.0,0.0,0.0,3.0,-3.0,50.0,8.3,16.7,75.0,1529.0,1444.9
2018-09-16,2018,Botafogo RJ,America MG,1.0,0.0,H,U,1.66,3.56,5.71,12,1.0,1.0,1.0,2.0,3.0,2.0,1.0,4.0,2.0,2.0,-1.0,0.0,-1.0,1.0,1.0,0.0,1.0,0.0,1.0,45.5,9.1,18.2,72.7,1487.1,1451.9
2018-09-16,2018,Bahia,Palmeiras,1.0,1.0,D,U,2.94,2.98,2.57,13,2.0,2.0,1.0,0.0,3.0,5.0,-2.0,1.0,1.0,0.0,2.0,4.0,-2.0,1.0,1.0,0.0,0.0,0.0,0.0,50.0,16.7,33.3,25.0,1499.0,1630.5
2018-09-16,2018,Athletico-PR,Fluminense,3.0,1.0,H,O,1.62,3.75,5.65,12,3.0,0.0,0.0,1.0,5.0,2.0,3.0,1.0,3.0,-2.0,4.0,-1.0,5.0,1.0,0.0,1.0,0.0,0.0,0.0,63.6,27.3,16.7,50.0,1500.2,1497.2
2018-09-15,2018,Vasco,Flamengo RJ,1.0,1.0,D,U,5.13,3.49,1.72,13,1.0,0.0,1.0,2.0,4.0,3.0,1.0,5.0,7.0,-2.0,-1.0,-4.0,3.0,1.0,0.0,1.0,1.0,1.0,0.0,50.0,33.3,27.3,36.4,1482.7,1576.7
2018-09-15,2018,Gremio,Parana,2.0,0.0,H,U,1.52,3.78,7.29,13,2.0,0.0,0.0,3.0,9.0,0.0,9.0,1.0,3.0,-2.0,8.0,-3.0,11.0,2.0,0.0,2.0,0.0,0.0,0.0,58.3,8.3,0.0,90.9,1575.6,1430.0
2018-09-15,2018,Ceara,Vitoria,2.0,0.0,H,U,1.92,3.26,4.24,13,1.0,0.0,1.0,2.0,2.0,0.0,2.0,3.0,5.0,-2.0,-1.0,-5.0,4.0,0.0,0.0,0.0,1.0,1.0,0.0,25.0,33.3,8.3,66.7,1487.7,1484.5
2018-09-14,2018,Chapecoense-SC,Athletico-PR,2.0,1.0,H,O,2.89,2.83,2.75,11,1.0,0.0,1.0,2.0,4.0,1.0,3.0,4.0,5.0,-1.0,0.0,-4.0,4.0,0.0,0.0,0.0,0.0,2.0,-2.0,40.0,10.0,0.0,58.3,1491.1,1510.7
2018-09-11,2018,Atletico-MG,Athletico-PR,3.0,1.0,H,O,1.93,3.28,4.18,13,2.0,0.0,0.0,1.0,4.0,0.0,4.0,1.0,2.0,-1.0,3.0,-2.0,5.0,1.0,0.0,1.0,0.0,1.0,-1.0,66.7,16.7,0.0,54.5,1571.6,1519.2
2018-09-09,2018,Vitoria,Vasco,1.0,0.0,H,U,2.26,3.16,3.28,12,2.0,0.0,1.0,2.0,2.0,1.0,1.0,3.0,3.0,0.0,-1.0,-2.0,1.0,0.0,0.0,0.0,1.0,0.0,1.0,54.5,27.3,0.0,60.0,1473.9,1493.3
2018-09-09,2018,Parana,Santos,0.0,2.0,A,U,3.43,2.95,2.31,13,0.0,1.0,0.0,1.0,3.0,5.0,-2.0,3.0,4.0,-1.0,0.0,1.0,-1.0,0.0,1.0,-1.0,0.0,1.0,-1.0,25.0,25.0,18.2,45.5,1436.7,1555.8
2018-09-09,2018,Palmeiras,Corinthians,1.0,0.0,H,U,1.58,3.59,6.66,12,3.0,0.0,0.0,3.0,5.0,2.0,3.0,0.0,5.0,-5.0,5.0,-3.0,8.0,2.0,0.0,2.0,0.0,0.0,0.0,72.7,9.1,18.2,72.7,1622.9,1536.6
2018-09-09,2018,Internacional,Gremio,1.0,0.0,H,U,2.5,2.77,3.3,12,2.0,1.0,0.0,1.0,3.0,2.0,1.0,1.0,2.0,-1.0,2.0,0.0,2.0,0.0,0.0,0.0,0.0,0.0,0.0,72.7,0.0,36.4,27.3,1582.1,1585.7
2018-09-09,2018,Fluminense,Botafogo RJ,1.0,0.0,H,U,2.47,3.0,3.05,12,1.0,0.0,1.0,2.0,1.0,1.0,0.0,3.0,7.0,-4.0,-2.0,-6.0,4.0,0.0,0.0,0.0,1.0,2.0,-1.0,45.5,27.3,8.3,66.7,1486.9,1497.4
2018-09-09,2018,Flamengo RJ,Chapecoense-SC,2.0,0.0,H,U,1.5,3.8,7.34,13,2.0,0.0,1.0,2.0,2.0,2.0,0.0,1.0,6.0,-5.0,1.0,-4.0,5.0,0.0,0.0,0.0,0.0,2.0,-2.0,75.0,16.7,0.0,58.3,1568.7,1499.1
2018-09-09,2018,America MG,Ceara,0.0,0.0,D,U,1.94,3.23,4.19,13,1.0,1.0,0.0,1.0,4.0,2.0,2.0,3.0,2.0,1.0,1.0,0.0,1.0,0.0,0.0,0.0,0.0,0.0,0.0,50.0,16.7,18.2,54.5,1450.8,1488.8
2018-09-08,2018,Sport Recife,Cruzeiro,0.0,0.0,D,U,3.5,2.91,2.29,12,1.0,0.0,2.0,1.0,2.0,2.0,0.0,5.0,3.0,2.0,-3.0,-1.0,-2.0,0.0,0.0,0.0,2.0,0.0,2.0,36.4,27.3,16.7,41.7,1442.1,1541.6
2018-09-08,2018,Sao Paulo,Bahia,1.0,0.0,H,U,1.71,3.3,5.72,12,2.0,1.0,0.0,2.0,4.0,2.0,2.0,1.0,4.0,-3.0,3.0,-2.0,5.0,1.0,1.0,0.0,0.0,2.0,-2.0,72.7,0.0,9.1,63.6,1596.9,1506.4
2018-09-07,2018,America MG,Vasco,2.0,1.0,H,O,2.65,2.95,2.87,12,0.0,0.0,0.0,2.0,2.0,0.0,2.0,2.0,2.0,0.0,0.0,-2.0,2.0,0.0,0.0,0.0,0.0,0.0,0.0,45.5,18.2,0.0,55.6,1438.9,1505.2
2018-09-06,2018,Santos,Gremio,0.0,0.0,D,U,2.57,2.84,3.09,11,2.0,1.0,1.0,1.0,5.0,3.0,2.0,1.0,3.0,-2.0,4.0,0.0,4.0,2.0,0.0,2.0,0.0,0.0,0.0,50.0,30.0,40.0,30.0,1554.9,1586.6
2018-09-06,2018,Parana,Chapecoense-SC,1.0,1.0,D,U,2.39,2.87,3.35,12,0.0,0.0,1.0,2.0,2.0,2.0,0.0,3.0,6.0,-3.0,-1.0,-4.0,3.0,0.0,0.0,0.0,0.0,2.0,-2.0,27.3,27.3,0.0,63.6,1434.8,1501.0
2018-09-06,2018,Palmeiras,Athletico-PR,2.0,0.0,H,U,1.52,3.78,7.18,11,3.0,0.0,0.0,1.0,6.0,1.0,5.0,0.0,2.0,-2.0,6.0,-1.0,7.0,2.0,0.0,2.0,0.0,0.0,0.0,70.0,10.0,0.0,50.0,1615.4,1526.7
2018-09-06,2018,Internacional,Flamengo RJ,2.0,1.0,H,O,2.04,3.03,4.11,11,2.0,0.0,0.0,2.0,4.0,2.0,2.0,0.0,7.0,-7.0,4.0,-5.0,9.0,1.0,0.0,1.0,0.0,2.0,-2.0,70.0,0.0,30.0,30.0,1571.9,1578.9
2018-09-06,2018,Fluminense,Vitoria,0.0,0.0,D,U,1.73,3.47,5.09,11,1.0,0.0,1.0,3.0,2.0,0.0,2.0,4.0,9.0,-5.0,-2.0,-9.0,7.0,0.0,0.0,0.0,1.0,2.0,-1.0,50.0,30.0,9.1,72.7,1487.3,1473.5
2018-09-06,2018,Ceara,Corinthians,2.0,1.0,H,O,2.26,2.96,3.55,12,0.0,1.0,1.0,2.0,1.0,5.0,-4.0,3.0,4.0,-1.0,-2.0,1.0,-3.0,0.0,1.0,-1.0,1.0,0.0,1.0,18.2,36.4,20.0,70.0,1476.8,1548.6
2018-09-06,2018,Atletico-MG,Sao Paulo,1.0,0.0,H,U,2.11,3.29,3.53,12,1.0,2.0,1.0,0.0,3.0,6.0,-3.0,2.0,2.0,0.0,1.0,4.0,-3.0,1.0,2.0,-1.0,0.0,0.0,0.0,63.6,18.2,45.5,18.2,1560.2,1608.3
2018-09-05,2018,Botafogo RJ,Cruzeiro,1.0,1.0,D,U,3.11,2.96,2.49,11,1.0,0.0,1.0,1.0,2.0,2.0,0.0,3.0,3.0,0.0,-1.0,-1.0,0.0,1.0,0.0,1.0,1.0,0.0,1.0,50.0,10.0,18.2,45.5,1496.1,1543.0
2018-09-05,2018,Bahia,Sport Recife,2.0,0.0,H,U,1.64,3.6,5.66,12,1.0,0.0,1.0,3.0,3.0,1.0,2.0,3.0,9.0,-6.0,0.0,-8.0,8.0,0.0,0.0,0.0,0.0,3.0,-3.0,45.5,18.2,18.2,72.7,1497.8,1450.7
2018-09-02,2018,Sport Recife,Parana,1.0,0.0,H,U,1.86,3.27,4.57,11,0.0,0.0,2.0,3.0,2.0,0.0,2.0,6.0,5.0,1.0,-4.0,-5.0,1.0,0.0,0.0,0.0,2.0,1.0,1.0,30.0,30.0,0.0,90.0,1440.6,1444.9
2018-09-02,2018,Sao Paulo,Fluminense,1.0,1.0,D,U,1.61,3.62,6.15,11,3.0,0.0,0.0,2.0,5.0,1.0,4.0,1.0,3.0,-2.0,4.0,-2.0,6.0,1.0,0.0,1.0,0.0,0.0,0.0,80.0,0.0,18.2,54.5,1611.8,1483.7
2018-09-02,2018,Flamengo RJ,Ceara,0.0,1.0,A,U,1.34,4.6,10.14,12,3.0,1.0,0.0,1.0,6.0,2.0,4.0,1.0,2.0,-1.0,5.0,0.0,5.0,1.0,0.0,1.0,0.0,0.0,0.0,81.8,9.1,10.0,60.0,1592.5,1463.2
2018-09-02,2018,Cruzeiro,Internacional,0.0,0.0,D,U,2.04,3.03,4.11,11,1.0,3.0,1.0,0.0,3.0,5.0,-2.0,4.0,0.0,4.0,-1.0,5.0,-6.0,0.0,1.0,-1.0,1.0,0.0,1.0,60.0,20.0,45.5,27.3,1542.1,1572.8
2018-09-02,2018,Corinthians,Atletico-MG,1.0,1.0,D,U,2.86,3.12,2.54,12,1.0,1.0,1.0,1.0,1.0,5.0,-4.0,1.0,3.0,-2.0,0.0,2.0,-2.0,0.0,1.0,-1.0,0.0,0.0,0.0,54.5,9.1,30.0,50.0,1548.3,1560.6
2018-09-02,2018,Chapecoense-SC,Palmeiras,1.0,2.0,A,O,3.61,2.97,2.22,10,1.0,1.0,0.0,0.0,3.0,3.0,0.0,2.0,0.0,2.0,1.0,3.0,-2.0,0.0,1.0,-1.0,0.0,0.0,0.0,44.4,0.0,27.3,27.3,1508.2,1608.2
2018-09-02,2018,Athletico-PR,Bahia,2.0,0.0,H,U,1.84,3.39,4.46,11,3.0,1.0,0.0,1.0,6.0,3.0,3.0,1.0,3.0,-2.0,5.0,0.0,5.0,1.0,1.0,0.0,0.0,1.0,-1.0,60.0,30.0,10.0,60.0,1517.0,1507.5
2018-09-01,2018,Vitoria,America MG,1.0,0.0,H,U,2.01,3.2,3.97,11,1.0,2.0,1.0,1.0,2.0,3.0,-1.0,4.0,1.0,3.0,-2.0,2.0,-4.0,0.0,1.0,-1.0,1.0,0.0,1.0,50.0,30.0,20.0,70.0,1464.0,1448.5
2018-09-01,2018,Vasco,Santos,0.0,3.0,A,O,2.56,3.0,2.94,12,1.0,0.0,1.0,1.0,5.0,2.0,3.0,6.0,4.0,2.0,-1.0,-2.0,1.0,1.0,0.0,1.0,1.0,1.0,0.0,54.5,27.3,10.0,50.0,1514.3,1545.8
2018-09-01,2018,Gremio,Botafogo RJ,4.0,0.0,H,O,1.42,4.17,8.39,12,2.0,0.0,0.0,2.0,7.0,1.0,6.0,1.0,6.0,-5.0,6.0,-5.0,11.0,2.0,0.0,2.0,0.0,2.0,-2.0,54.5,9.1,9.1,63.6,1578.8,1503.9
2018-08-29,2018,Ceara,Bahia,0.0,2.0,A,U,2.52,2.91,3.09,11,1.0,0.0,0.0,1.0,2.0,2.0,0.0,1.0,4.0,-3.0,1.0,-2.0,3.0,0.0,0.0,0.0,0.0,1.0,-1.0,20.0,30.0,0.0,66.7,1472.5,1498.2
2018-08-29,2018,Athletico-PR,Vasco,1.0,0.0,H,U,1.62,3.74,5.64,10,3.0,0.0,0.0,2.0,9.0,1.0,8.0,1.0,3.0,-2.0,8.0,-2.0,10.0,2.0,0.0,2.0,0.0,0.0,0.0,55.6,33.3,0.0,50.0,1506.5,1524.8
2018-08-26,2018,Vitoria,Atletico-MG,1.0,0.0,H,U,3.17,3.48,2.16,10,1.0,1.0,1.0,1.0,2.0,7.0,-5.0,4.0,5.0,-1.0,-2.0,2.0,-4.0,0.0,1.0,-1.0,1.0,0.0,1.0,44.4,33.3,33.3,44.4,1450.6,1574.0
2018-08-26,2018,Vasco,Chapecoense-SC,3.0,1.0,H,O,1.94,3.17,4.29,11,1.0,0.0,1.0,2.0,3.0,1.0,2.0,5.0,4.0,1.0,-2.0,-3.0,1.0,0.0,0.0,0.0,1.0,1.0,0.0,50.0,30.0,0.0,60.0,1514.7,1518.3
2018-08-26,2018,Sao Paulo,Ceara,1.0,0.0,H,U,1.38,4.4,9.07,10,3.0,1.0,0.0,1.0,7.0,2.0,5.0,2.0,2.0,0.0,5.0,0.0,5.0,2.0,0.0,2.0,0.0,0.0,0.0,77.8,0.0,11.1,55.6,1605.3,1479.0
2018-08-26,2018,Internacional,Palmeiras,0.0,0.0,D,U,2.1,3.13,3.69,10,3.0,1.0,0.0,1.0,5.0,3.0,2.0,0.0,1.0,-1.0,5.0,2.0,3.0,1.0,1.0,0.0,0.0,0.0,0.0,77.8,0.0,30.0,30.0,1571.7,1609.3
2018-08-26,2018,Cruzeiro,Fluminense,2.0,1.0,H,O,1.58,3.7,6.23,10,1.0,1.0,1.0,1.0,3.0,2.0,1.0,4.0,2.0,2.0,-1.0,0.0,-1.0,0.0,0.0,0.0,1.0,0.0,1.0,55.6,22.2,20.0,50.0,1533.3,1492.6
2018-08-26,2018,Botafogo RJ,Sport Recife,2.0,0.0,H,U,1.76,3.47,4.79,10,1.0,0.0,1.0,3.0,1.0,1.0,0.0,3.0,8.0,-5.0,-2.0,-7.0,5.0,0.0,0.0,0.0,1.0,2.0,-1.0,44.4,11.1,20.0,70.0,1495.3,1449.3
2018-08-26,2018,America MG,Flamengo RJ,2.0,2.0,D,O,4.14,3.16,1.98,11,1.0,0.0,0.0,2.0,2.0,1.0,1.0,1.0,6.0,-5.0,1.0,-5.0,6.0,0.0,0.0,0.0,0.0,2.0,-2.0,50.0,20.0,33.3,33.3,1444.4,1596.6
2018-08-25,2018,Santos,Bahia,2.0,0.0,H,U,1.81,3.32,4.76,10,1.0,0.0,1.0,0.0,4.0,3.0,1.0,2.0,3.0,-1.0,2.0,0.0,2.0,1.0,0.0,1.0,0.0,0.0,0.0,44.4,33.3,0.0,62.5,1536.6,1507.4
2018-08-25,2018,Corinthians,Parana,1.0,0.0,H,U,1.69,3.29,6.02,11,1.0,0.0,1.0,3.0,2.0,0.0,2.0,1.0,6.0,-5.0,1.0,-6.0,7.0,1.0,0.0,1.0,0.0,2.0,-2.0,50.0,10.0,0.0,88.9,1540.7,1452.4
2018-08-25,2018,Athletico-PR,Gremio,2.0,1.0,H,O,2.03,3.1,3.98,9,2.0,1.0,0.0,1.0,9.0,2.0,7.0,2.0,2.0,0.0,7.0,0.0,7.0,2.0,0.0,2.0,0.0,0.0,0.0,50.0,37.5,44.4,22.2,1493.7,1591.5
2018-08-24,2018,Atletico-MG,Vasco,0.0,0.0,D,U,1.46,4.26,6.93,11,2.0,0.0,1.0,3.0,5.0,2.0,3.0,2.0,6.0,-4.0,3.0,-4.0,7.0,2.0,0.0,2.0,0.0,1.0,-1.0,70.0,20.0,0.0,57.1,1575.8,1512.9
2018-08-23,2018,Sport Recife,America MG,0.0,2.0,A,U,1.92,3.23,4.27,10,0.0,1.0,2.0,2.0,3.0,1.0,2.0,6.0,2.0,4.0,-3.0,-1.0,-2.0,0.0,0.0,0.0,1.0,0.0,1.0,33.3,22.2,11.1,77.8,1460.1,1433.6
2018-08-23,2018,Palmeiras,Botafogo RJ,2.0,0.0,H,U,1.37,4.58,8.68,10,3.0,0.0,0.0,2.0,7.0,1.0,6.0,2.0,6.0,-4.0,5.0,-5.0,10.0,1.0,0.0,1.0,0.0,2.0,-2.0,66.7,11.1,10.0,60.0,1602.1,1502.5
2018-08-23,2018,Gremio,Cruzeiro,1.0,1.0,D,U,1.86,3.08,4.89,11,3.0,0.0,0.0,2.0,8.0,1.0,7.0,1.0,4.0,-3.0,7.0,-3.0,10.0,2.0,0.0,2.0,0.0,1.0,-1.0,60.0,10.0,20.0,50.0,1593.3,1531.5
2018-08-23,2018,Fluminense,Corinthians,1.0,0.0,H,U,2.1,3.06,3.83,10,1.0,1.0,1.0,2.0,2.0,6.0,-4.0,4.0,6.0,-2.0,-2.0,0.0,-2.0,0.0,1.0,-1.0,1.0,1.0,0.0,44.4,33.3,22.2,66.7,1480.5,1552.8
2018-08-23,2018,Flamengo RJ,Vitoria,1.0,0.0,H,U,1.29,5.19,10.83,11,3.0,0.0,0.0,3.0,7.0,1.0,6.0,1.0,12.0,-11.0,6.0,-11.0,17.0,2.0,0.0,2.0,0.0,3.0,-3.0,80.0,10.0,10.0,70.0,1590.2,1456.9
2018-08-22,2018,Parana,Sao Paulo,1.0,1.0,D,U,4.45,3.21,1.9,11,1.0,2.0,1.0,1.0,2.0,6.0,-4.0,2.0,3.0,-1.0,0.0,3.0,-3.0,0.0,2.0,-2.0,0.0,0.0,0.0,30.0,30.0,50.0,20.0,1448.1,1609.6
2018-08-22,2018,Bahia,Internacional,0.0,1.0,A,U,2.59,2.88,2.99,11,2.0,2.0,0.0,1.0,7.0,5.0,2.0,3.0,2.0,1.0,4.0,3.0,1.0,1.0,1.0,0.0,0.0,0.0,0.0,50.0,10.0,40.0,30.0,1516.0,1563.0
2018-08-21,2018,Vasco,Ceara,1.0,1.0,D,U,1.68,3.43,5.59,10,1.0,1.0,1.0,2.0,3.0,2.0,1.0,5.0,3.0,2.0,-2.0,-1.0,-1.0,0.0,0.0,0.0,1.0,0.0,1.0,55.6,33.3,12.5,62.5,1513.9,1477.9
2018-08-19,2018,Vitoria,Palmeiras,0.0,3.0,A,O,3.35,3.36,2.13,9,2.0,0.0,0.0,1.0,3.0,1.0,2.0,1.0,2.0,-1.0,2.0,-1.0,3.0,0.0,0.0,0.0,0.0,0.0,0.0,50.0,25.0,22.2,33.3,1463.3,1595.7
2018-08-19,2018,Sao Paulo,Chapecoense-SC,2.0,0.0,H,U,1.6,3.55,6.49,9,3.0,0.0,0.0,1.0,8.0,1.0,7.0,2.0,2.0,0.0,6.0,-1.0,7.0,2.0,0.0,2.0,0.0,0.0,0.0,75.0,0.0,0.0,55.6,1601.8,1526.1
2018-08-19,2018,Internacional,Parana,1.0,0.0,H,U,1.41,4.22,8.32,9,3.0,0.0,0.0,3.0,7.0,0.0,7.0,1.0,6.0,-5.0,6.0,-6.0,12.0,2.0,0.0,2.0,0.0,2.0,-2.0,75.0,0.0,0.0,87.5,1555.8,1455.2
2018-08-19,2018,Cruzeiro,Bahia,1.0,1.0,D,U,1.44,3.94,8.48,9,2.0,0.0,1.0,1.0,5.0,2.0,3.0,4.0,3.0,1.0,1.0,-1.0,2.0,1.0,0.0,1.0,1.0,0.0,1.0,62.5,25.0,0.0,71.4,1532.0,1515.6
2018-08-19,2018,Botafogo RJ,Atletico-MG,0.0,3.0,A,O,2.31,3.29,3.04,9,2.0,0.0,0.0,2.0,3.0,4.0,-1.0,0.0,7.0,-7.0,3.0,-3.0,6.0,1.0,0.0,1.0,0.0,1.0,-1.0,50.0,0.0,25.0,50.0,1510.9,1567.4
2018-08-19,2018,Athletico-PR,Flamengo RJ,3.0,0.0,H,O,2.53,3.08,2.88,8,1.0,0.0,1.0,1.0,6.0,2.0,4.0,3.0,4.0,-1.0,3.0,-2.0,5.0,1.0,0.0,1.0,0.0,1.0,-1.0,42.9,42.9,37.5,25.0,1480.3,1603.6
2018-08-19,2018,America MG,Fluminense,0.0,0.0,D,U,2.39,3.08,3.11,10,1.0,1.0,0.0,1.0,2.0,3.0,-1.0,1.0,3.0,-2.0,1.0,0.0,1.0,0.0,0.0,0.0,0.0,0.0,0.0,55.6,22.2,22.2,55.6,1432.2,1482.0
2018-08-18,2018,Santos,Sport Recife,3.0,0.0,H,O,1.51,4.02,6.61,9,0.0,0.0,1.0,3.0,2.0,1.0,1.0,3.0,6.0,-3.0,-1.0,-5.0,4.0,0.0,0.0,0.0,0.0,1.0,-1.0,37.5,37.5,22.2,66.7,1528.3,1468.3
2018-08-18,2018,Corinthians,Gremio,0.0,1.0,A,U,3.32,2.83,2.44,10,2.0,0.0,0.0,1.0,4.0,1.0,3.0,0.0,2.0,-2.0,4.0,-1.0,5.0,2.0,0.0,2.0,0.0,0.0,0.0,55.6,0.0,37.5,25.0,1562.2,1583.9
2018-08-14,2018,Fluminense,Internacional,0.0,3.0,A,O,2.59,2.98,2.9,9,1.0,1.0,1.0,1.0,2.0,4.0,-2.0,2.0,4.0,-2.0,0.0,0.0,0.0,0.0,0.0,0.0,0.0,0.0,0.0,50.0,25.0,33.3,33.3,1490.3,1547.5
2018-08-12,2018,Sport Recife,Sao Paulo,1.0,3.0,A,O,3.04,3.12,2.4,9,0.0,2.0,1.0,1.0,2.0,4.0,-2.0,3.0,2.0,1.0,-1.0,2.0,-3.0,0.0,1.0,-1.0,0.0,0.0,0.0,37.5,12.5,44.4,22.2,1475.0,1595.1
2018-08-12,2018,Parana,Botafogo RJ,1.0,1.0,D,U,2.69,2.94,2.84,10,1.0,0.0,1.0,3.0,2.0,0.0,2.0,2.0,7.0,-5.0,0.0,-7.0,7.0,0.0,0.0,0.0,0.0,3.0,-3.0,33.3,33.3,11.1,66.7,1453.6,1512.5
2018-08-12,2018,Palmeiras,Vasco,1.0,0.0,H,U,1.61,3.82,5.52,9,2.0,0.0,0.0,2.0,7.0,3.0,4.0,3.0,6.0,-3.0,4.0,-3.0,7.0,1.0,0.0,1.0,0.0,1.0,-1.0,62.5,12.5,0.0,50.0,1587.6,1522.1
2018-08-12,2018,Gremio,Vitoria,4.0,0.0,H,O,1.65,3.62,5.51,10,3.0,0.0,0.0,3.0,6.0,1.0,5.0,1.0,11.0,-10.0,5.0,-10.0,15.0,2.0,0.0,2.0,0.0,3.0,-3.0,55.6,11.1,11.1,66.7,1576.9,1470.3
2018-08-12,2018,Flamengo RJ,Cruzeiro,1.0,0.0,H,U,1.68,3.41,5.72,10,2.0,0.0,1.0,1.0,6.0,2.0,4.0,2.0,4.0,-2.0,4.0,-2.0,6.0,2.0,0.0,2.0,0.0,1.0,-1.0,77.8,11.1,22.2,44.4,1595.2,1540.4
2018-08-12,2018,Chapecoense-SC,Corinthians,2.0,1.0,H,O,1.89,3.21,4.55,9,0.0,1.0,0.0,2.0,2.0,5.0,-3.0,2.0,5.0,-3.0,0.0,0.0,0.0,0.0,1.0,-1.0,0.0,1.0,-1.0,37.5,0.0,25.0,62.5,1514.4,1573.9
2018-08-12,2018,Atletico-MG,Santos,3.0,1.0,H,O,1.96,3.41,3.85,10,2.0,0.0,1.0,0.0,4.0,1.0,3.0,2.0,1.0,1.0,2.0,0.0,2.0,1.0,0.0,1.0,0.0,0.0,0.0,66.7,22.2,11.1,44.4,1558.0,1537.8
2018-08-11,2018,Ceara,Athletico-PR,0.0,0.0,D,U,2.26,3.1,3.34,10,2.0,0.0,0.0,2.0,3.0,1.0,2.0,1.0,4.0,-3.0,2.0,-3.0,5.0,0.0,0.0,0.0,0.0,1.0,-1.0,22.2,33.3,0.0,55.6,1477.9,1480.4
2018-08-11,2018,Bahia,America MG,1.0,0.0,H,U,1.62,3.69,5.68,10,2.0,1.0,0.0,2.0,7.0,2.0,5.0,3.0,4.0,-1.0,4.0,-2.0,6.0,1.0,0.0,1.0,0.0,1.0,-1.0,44.4,11.1,12.5,75.0,1507.5,1440.3
2018-08-08,2018,Ceara,Santos,1.0,1.0,D,U,3.06,3.0,2.46,9,2.0,1.0,0.0,0.0,4.0,1.0,3.0,2.0,0.0,2.0,2.0,1.0,1.0,0.0,0.0,0.0,0.0,0.0,0.0,25.0,37.5,12.5,50.0,1476.1,1539.6
2018-08-07,2018,Atletico-MG,Internacional,0.0,1.0,A,U,2.21,3.28,3.23,9,3.0,1.0,0.0,1.0,9.0,5.0,4.0,3.0,5.0,-2.0,6.0,0.0,6.0,2.0,0.0,2.0,0.0,0.0,0.0,75.0,12.5,25.0,37.5,1568.9,1536.5
2018-08-05,2018,Vitoria,Cruzeiro,1.0,1.0,D,U,2.56,3.16,2.77,8,3.0,0.0,0.0,2.0,3.0,1.0,2.0,0.0,5.0,-5.0,3.0,-4.0,7.0,0.0,0.0,0.0,0.0,2.0,-2.0,57.1,28.6,25.0,50.0,1468.2,1542.5
2018-08-05,2018,Sport Recife,Chapecoense-SC,1.0,1.0,D,U,2.0,3.08,4.12,8,1.0,0.0,1.0,2.0,2.0,0.0,2.0,2.0,2.0,0.0,0.0,-2.0,2.0,0.0,0.0,0.0,0.0,0.0,0.0,42.9,14.3,0.0,62.5,1473.8,1515.6
2018-08-05,2018,Sao Paulo,Vasco,2.0,1.0,H,O,1.41,4.2,8.23,8,2.0,0.0,0.0,2.0,6.0,2.0,4.0,1.0,7.0,-6.0,5.0,-5.0,10.0,2.0,0.0,2.0,0.0,2.0,-2.0,71.4,0.0,0.0,40.0,1586.7,1530.5
2018-08-05,2018,Parana,Ceara,0.0,1.0,A,U,2.07,3.03,3.97,9,2.0,0.0,0.0,2.0,3.0,1.0,2.0,1.0,3.0,-2.0,2.0,-2.0,4.0,0.0,0.0,0.0,0.0,0.0,0.0,37.5,25.0,0.0,71.4,1463.5,1466.1
2018-08-05,2018,Fluminense,Bahia,1.0,1.0,D,U,2.03,3.23,3.82,8,1.0,0.0,2.0,2.0,1.0,1.0,0.0,3.0,4.0,-1.0,-2.0,-3.0,1.0,0.0,0.0,0.0,1.0,1.0,0.0,57.1,28.6,0.0,83.3,1489.8,1508.0
2018-08-05,2018,Corinthians,Athletico-PR,0.0,0.0,D,U,2.26,3.03,3.41,9,2.0,0.0,0.0,3.0,4.0,1.0,3.0,0.0,5.0,-5.0,4.0,-4.0,8.0,2.0,0.0,2.0,0.0,1.0,-1.0,62.5,0.0,0.0,62.5,1576.6,1477.6
2018-08-05,2018,America MG,Palmeiras,0.0,0.0,D,U,3.23,3.13,2.29,9,1.0,0.0,1.0,1.0,3.0,3.0,0.0,4.0,4.0,0.0,-1.0,-1.0,0.0,0.0,0.0,0.0,1.0,0.0,1.0,62.5,25.0,25.0,37.5,1436.1,1591.8
2018-08-04,2018,Gremio,Flamengo RJ,2.0,0.0,H,U,3.1,2.8,2.59,9,3.0,1.0,0.0,0.0,5.0,4.0,1.0,1.0,2.0,-1.0,4.0,2.0,2.0,1.0,1.0,0.0,0.0,0.0,0.0,50.0,12.5,42.9,14.3,1565.7,1606.4
2018-08-04,2018,Botafogo RJ,Santos,0.0,0.0,D,U,2.71,3.07,2.7,8,2.0,1.0,0.0,0.0,3.0,2.0,1.0,0.0,1.0,-1.0,3.0,1.0,2.0,1.0,0.0,1.0,0.0,0.0,0.0,57.1,0.0,14.3,57.1,1511.7,1540.4
2018-07-31,2018,Bahia,Atletico-MG,2.0,2.0,D,O,2.22,3.33,3.19,9,2.0,1.0,0.0,2.0,8.0,5.0,3.0,4.0,6.0,-2.0,4.0,-1.0,5.0,1.0,1.0,0.0,0.0,1.0,-1.0,50.0,12.5,28.6,57.1,1506.2,1570.7
2018-07-29,2018,Vasco,Corinthians,1.0,4.0,A,O,2.81,2.99,2.66,9,2.0,0.0,0.0,3.0,5.0,1.0,4.0,3.0,5.0,-2.0,2.0,-4.0,6.0,0.0,0.0,0.0,0.0,1.0,-1.0,62.5,25.0,14.3,71.4,1539.7,1567.4
2018-07-29,2018,Santos,America MG,0.0,1.0,A,U,1.45,4.07,7.57,8,0.0,0.0,1.0,3.0,3.0,1.0,2.0,4.0,5.0,-1.0,-1.0,-4.0,3.0,0.0,0.0,0.0,0.0,1.0,-1.0,42.9,28.6,0.0,85.7,1554.0,1422.4
2018-07-29,2018,Palmeiras,Parana,3.0,0.0,H,O,1.31,4.85,10.39,8,2.0,0.0,0.0,3.0,7.0,0.0,7.0,4.0,5.0,-1.0,3.0,-5.0,8.0,1.0,0.0,1.0,0.0,2.0,-2.0,57.1,14.3,0.0,85.7,1585.0,1470.3
2018-07-29,2018,Internacional,Botafogo RJ,3.0,0.0,H,O,1.56,3.79,6.29,8,2.0,0.0,0.0,2.0,4.0,3.0,1.0,1.0,7.0,-6.0,3.0,-4.0,7.0,1.0,0.0,1.0,0.0,2.0,-2.0,71.4,0.0,12.5,62.5,1526.7,1521.6
2018-07-29,2018,Flamengo RJ,Sport Recife,4.0,1.0,H,O,1.38,4.39,8.8,9,2.0,0.0,1.0,3.0,4.0,2.0,2.0,1.0,5.0,-4.0,3.0,-3.0,6.0,2.0,0.0,2.0,0.0,0.0,0.0,75.0,12.5,25.0,62.5,1599.7,1480.5
2018-07-29,2018,Cruzeiro,Sao Paulo,0.0,2.0,A,U,1.69,3.55,5.23,8,2.0,2.0,0.0,1.0,6.0,3.0,3.0,3.0,2.0,1.0,3.0,1.0,2.0,1.0,0.0,1.0,0.0,0.0,0.0,71.4,14.3,37.5,25.0,1551.8,1577.5
2018-07-29,2018,Chapecoense-SC,Gremio,1.0,1.0,D,U,2.38,2.88,3.33,8,1.0,1.0,0.0,1.0,3.0,2.0,1.0,1.0,1.0,0.0,2.0,1.0,1.0,1.0,1.0,0.0,0.0,0.0,0.0,42.9,0.0,42.9,28.6,1514.1,1567.2
2018-07-29,2018,Athletico-PR,Vitoria,4.0,0.0,H,O,1.66,3.92,4.85,7,1.0,0.0,1.0,2.0,4.0,1.0,3.0,3.0,7.0,-4.0,1.0,-6.0,7.0,1.0,0.0,1.0,0.0,2.0,-2.0,33.3,50.0,12.5,62.5,1467.3,1478.5
2018-07-28,2018,Ceara,Fluminense,1.0,0.0,H,U,2.61,3.09,2.77,8,1.0,1.0,1.0,1.0,3.0,5.0,-2.0,3.0,7.0,-4.0,0.0,-2.0,2.0,0.0,0.0,0.0,0.0,1.0,-1.0,14.3,42.9,25.0,50.0,1454.8,1501.1
2018-07-27,2018,America MG,Internacional,2.0,1.0,H,O,2.97,3.03,2.5,8,1.0,1.0,1.0,0.0,4.0,4.0,0.0,4.0,3.0,1.0,0.0,1.0,-1.0,1.0,0.0,1.0,1.0,0.0,1.0,57.1,28.6,28.6,28.6,1408.8,1540.3
2018-07-26,2018,Vitoria,Sport Recife,1.0,0.0,H,U,2.19,3.31,3.24,7,2.0,0.0,1.0,2.0,4.0,2.0,2.0,3.0,4.0,-1.0,1.0,-2.0,3.0,0.0,0.0,0.0,0.0,0.0,0.0,50.0,33.3,28.6,57.1,1467.8,1491.2
2018-07-26,2018,Santos,Flamengo RJ,1.0,1.0,D,U,2.75,3.03,2.69,7,1.0,2.0,1.0,0.0,7.0,4.0,3.0,5.0,1.0,4.0,2.0,3.0,-1.0,1.0,1.0,0.0,0.0,0.0,0.0,50.0,33.3,50.0,16.7,1552.6,1601.1
2018-07-26,2018,Gremio,Sao Paulo,2.0,1.0,H,O,1.9,3.17,4.49,8,2.0,2.0,1.0,1.0,3.0,3.0,0.0,2.0,3.0,-1.0,1.0,0.0,1.0,1.0,0.0,1.0,1.0,1.0,0.0,42.9,14.3,42.9,14.3,1556.3,1588.4
2018-07-26,2018,Corinthians,Cruzeiro,2.0,0.0,H,U,3.31,2.93,2.36,8,1.0,1.0,0.0,1.0,3.0,2.0,1.0,1.0,3.0,-2.0,2.0,-1.0,3.0,1.0,0.0,1.0,0.0,1.0,-1.0,57.1,0.0,28.6,42.9,1557.3,1561.9
2018-07-26,2018,Botafogo RJ,Chapecoense-SC,1.0,0.0,H,U,1.83,3.29,4.67,7,1.0,0.0,0.0,1.0,3.0,3.0,0.0,1.0,4.0,-3.0,2.0,-1.0,3.0,1.0,0.0,1.0,0.0,0.0,0.0,50.0,0.0,0.0,57.1,1511.2,1524.5
2018-07-26,2018,Atletico-MG,Parana,2.0,0.0,H,U,1.47,4.17,6.94,8,2.0,0.0,0.0,3.0,10.0,0.0,10.0,6.0,4.0,2.0,4.0,-4.0,8.0,1.0,0.0,1.0,0.0,1.0,-1.0,71.4,14.3,0.0,83.3,1563.1,1477.9
2018-07-25,2018,Fluminense,Palmeiras,1.0,0.0,H,U,3.27,3.27,2.2,7,1.0,1.0,2.0,0.0,3.0,5.0,-2.0,4.0,3.0,1.0,-1.0,2.0,-3.0,1.0,1.0,0.0,1.0,0.0,1.0,50.0,33.3,28.6,28.6,1488.1,1598.0
2018-07-24,2018,Internacional,Ceara,1.0,0.0,H,U,1.47,3.97,7.58,7,2.0,0.0,0.0,2.0,5.0,1.0,4.0,2.0,4.0,-2.0,3.0,-3.0,6.0,1.0,0.0,1.0,0.0,1.0,-1.0,66.7,0.0,0.0,66.7,1532.3,1462.8
2018-07-22,2018,Vasco,Gremio,1.0,0.0,H,U,3.64,3.02,2.17,8,1.0,2.0,1.0,0.0,5.0,3.0,2.0,5.0,0.0,5.0,0.0,3.0,-3.0,0.0,1.0,-1.0,0.0,0.0,0.0,57.1,28.6,50.0,16.7,1528.6,1567.4
2018-07-22,2018,Sport Recife,Fluminense,1.0,2.0,A,O,2.1,3.25,3.57,7,2.0,0.0,0.0,2.0,4.0,4.0,0.0,2.0,8.0,-6.0,2.0,-4.0,6.0,0.0,0.0,0.0,0.0,1.0,-1.0,50.0,0.0,14.3,57.1,1501.9,1477.4
2018-07-22,2018,Sao Paulo,Corinthians,3.0,1.0,H,O,2.05,3.08,3.95,7,2.0,0.0,0.0,3.0,6.0,1.0,5.0,2.0,4.0,-2.0,4.0,-3.0,7.0,1.0,0.0,1.0,0.0,0.0,0.0,66.7,0.0,16.7,66.7,1578.7,1567.0
2018-07-22,2018,Parana,America MG,1.0,0.0,H,U,2.29,2.99,3.4,8,2.0,0.0,0.0,3.0,4.0,1.0,3.0,2.0,5.0,-3.0,2.0,-4.0,6.0,0.0,0.0,0.0,0.0,1.0,-1.0,28.6,28.6,0.0,83.3,1469.4,1417.3
2018-07-22,2018,Palmeiras,Atletico-MG,3.0,2.0,H,O,1.55,4.02,5.85,7,1.0,1.0,1.0,2.0,6.0,5.0,1.0,5.0,6.0,-1.0,1.0,-1.0,2.0,1.0,1.0,0.0,0.0,1.0,-1.0,50.0,16.7,33.3,50.0,1588.5,1572.7
2018-07-22,2018,Cruzeiro,Athletico-PR,2.0,1.0,H,O,1.44,4.11,7.92,7,2.0,0.0,0.0,3.0,5.0,1.0,4.0,2.0,6.0,-4.0,3.0,-5.0,8.0,1.0,0.0,1.0,0.0,2.0,-2.0,66.7,16.7,0.0,57.1,1554.1,1475.1
2018-07-22,2018,Chapecoense-SC,Santos,0.0,0.0,D,U,2.78,3.05,2.64,7,2.0,1.0,0.0,1.0,5.0,2.0,3.0,1.0,3.0,-2.0,4.0,-1.0,5.0,2.0,0.0,2.0,0.0,1.0,-1.0,50.0,0.0,16.7,66.7,1523.6,1553.5
2018-07-22,2018,Bahia,Vitoria,4.0,1.0,H,O,1.84,3.49,4.28,8,1.0,0.0,1.0,2.0,4.0,2.0,2.0,5.0,8.0,-3.0,-1.0,-6.0,5.0,0.0,0.0,0.0,1.0,2.0,-1.0,42.9,14.3,14.3,57.1,1496.7,1477.3
2018-07-21,2018,Flamengo RJ,Botafogo RJ,2.0,0.0,H,U,1.67,3.51,5.49,8,2.0,1.0,1.0,1.0,3.0,5.0,-2.0,1.0,6.0,-5.0,2.0,-1.0,3.0,1.0,0.0,1.0,0.0,1.0,-1.0,71.4,14.3,14.3,57.1,1593.2,1519.1
2018-07-20,2018,Vasco,Fluminense,1.0,1.0,D,U,2.25,3.18,3.25,7,2.0,0.0,1.0,2.0,5.0,3.0,2.0,4.0,7.0,-3.0,1.0,-4.0,5.0,0.0,0.0,0.0,0.0,1.0,-1.0,66.7,33.3,16.7,66.7,1530.1,1475.8
2018-07-20,2018,Santos,Palmeiras,1.0,1.0,D,U,2.57,3.13,2.8,6,1.0,1.0,2.0,1.0,6.0,4.0,2.0,5.0,3.0,2.0,1.0,1.0,0.0,1.0,1.0,0.0,0.0,0.0,0.0,60.0,40.0,33.3,33.3,1552.4,1589.6
2018-07-20,2018,Athletico-PR,Internacional,2.0,2.0,D,O,2.61,2.95,2.89,6,1.0,2.0,2.0,0.0,3.0,5.0,-2.0,3.0,3.0,0.0,0.0,2.0,-2.0,1.0,0.0,1.0,0.0,0.0,0.0,40.0,60.0,33.3,33.3,1473.3,1534.0
2018-07-19,2018,Vitoria,Parana,1.0,0.0,H,U,1.88,3.33,4.3,6,2.0,0.0,1.0,3.0,5.0,1.0,4.0,4.0,6.0,-2.0,1.0,-5.0,6.0,0.0,0.0,0.0,0.0,2.0,-2.0,40.0,40.0,0.0,80.0,1466.9,1479.8
2018-07-19,2018,Gremio,Atletico-MG,2.0,0.0,H,U,1.6,3.7,5.91,7,1.0,2.0,1.0,1.0,1.0,7.0,-6.0,2.0,5.0,-3.0,-1.0,2.0,-3.0,0.0,1.0,-1.0,1.0,0.0,1.0,33.3,16.7,40.0,40.0,1556.6,1583.4
2018-07-19,2018,Flamengo RJ,Sao Paulo,0.0,1.0,A,U,2.01,3.25,3.85,7,3.0,2.0,0.0,1.0,5.0,5.0,0.0,0.0,4.0,-4.0,5.0,1.0,4.0,2.0,1.0,1.0,0.0,1.0,-1.0,83.3,0.0,33.3,16.7,1604.2,1567.7
2018-07-19,2018,Cruzeiro,America MG,3.0,1.0,H,O,1.48,4.0,7.32,6,2.0,0.0,0.0,2.0,4.0,2.0,2.0,1.0,4.0,-3.0,3.0,-2.0,5.0,1.0,0.0,1.0,0.0,0.0,0.0,60.0,20.0,0.0,80.0,1547.6,1423.9
2018-07-19,2018,Corinthians,Botafogo RJ,2.0,0.0,H,U,1.92,3.28,4.18,7,1.0,1.0,0.0,1.0,2.0,7.0,-5.0,1.0,7.0,-6.0,1.0,0.0,1.0,0.0,0.0,0.0,0.0,0.0,0.0,50.0,0.0,16.7,50.0,1557.8,1528.2
2018-07-19,2018,Chapecoense-SC,Bahia,1.0,1.0,D,U,2.02,3.03,4.16,6,3.0,0.0,0.0,3.0,7.0,0.0,7.0,2.0,6.0,-4.0,5.0,-6.0,11.0,2.0,0.0,2.0,0.0,2.0,-2.0,60.0,0.0,0.0,100.0,1524.4,1495.9
2018-07-18,2018,Ceara,Sport Recife,1.0,0.0,H,U,2.45,3.07,3.01,7,0.0,1.0,2.0,1.0,2.0,5.0,-3.0,4.0,5.0,-1.0,-2.0,0.0,-2.0,0.0,0.0,0.0,0.0,0.0,0.0,0.0,50.0,33.3,50.0,1451.1,1513.7
2018-06-14,2018,Palmeiras,Flamengo RJ,1.0,1.0,D,U,2.05,3.23,3.72,6,2.0,2.0,1.0,1.0,8.0,5.0,3.0,4.0,3.0,1.0,4.0,2.0,2.0,2.0,1.0,1.0,0.0,0.0,0.0,60.0,20.0,60.0,20.0,1589.1,1604.7
2018-06-14,2018,Internacional,Vasco,3.0,1.0,H,O,1.46,4.1,7.29,6,2.0,0.0,0.0,1.0,5.0,2.0,3.0,1.0,5.0,-4.0,4.0,-3.0,7.0,1.0,0.0,1.0,0.0,1.0,-1.0,60.0,0.0,0.0,25.0,1523.5,1540.6
2018-06-14,2018,Botafogo RJ,Athletico-PR,2.0,0.0,H,U,2.01,3.22,3.86,6,1.0,0.0,0.0,2.0,3.0,1.0,2.0,2.0,4.0,-2.0,1.0,-3.0,4.0,0.0,0.0,0.0,0.0,1.0,-1.0,40.0,0.0,0.0,50.0,1519.3,1482.3
2018-06-14,2018,Bahia,Corinthians,1.0,0.0,H,U,1.85,3.36,4.36,7,1.0,0.0,1.0,2.0,6.0,2.0,4.0,5.0,4.0,1.0,1.0,-2.0,3.0,1.0,0.0,1.0,1.0,0.0,1.0,33.3,16.7,20.0,60.0,1483.5,1570.3
2018-06-14,2018,Atletico-MG,Ceara,2.0,1.0,H,O,1.29,5.32,10.03,7,1.0,0.0,1.0,2.0,8.0,1.0,7.0,6.0,4.0,2.0,2.0,-3.0,5.0,1.0,0.0,1.0,0.0,1.0,-1.0,66.7,16.7,0.0,60.0,1576.7,1457.8
2018-06-13,2018,Sport Recife,Gremio,0.0,0.0,D,U,3.11,2.98,2.44,6,2.0,2.0,0.0,0.0,5.0,3.0,2.0,3.0,0.0,3.0,2.0,3.0,-1.0,0.0,1.0,-1.0,0.0,0.0,0.0,60.0,0.0,60.0,20.0,1512.4,1557.9
2018-06-13,2018,Sao Paulo,Vitoria,3.0,0.0,H,O,1.4,4.56,7.64,6,2.0,0.0,0.0,1.0,4.0,3.0,1.0,2.0,6.0,-4.0,2.0,-3.0,5.0,0.0,0.0,0.0,0.0,1.0,-1.0,60.0,0.0,16.7,50.0,1560.1,1474.5
2018-06-13,2018,Parana,Cruzeiro,1.0,1.0,D,U,3.74,2.96,2.17,7,2.0,2.0,0.0,1.0,3.0,2.0,1.0,1.0,2.0,-1.0,2.0,0.0,2.0,0.0,0.0,0.0,0.0,1.0,-1.0,33.3,33.3,33.3,50.0,1477.7,1549.6
2018-06-13,2018,Fluminense,Santos,0.0,1.0,A,U,2.57,3.16,2.77,6,2.0,0.0,1.0,2.0,5.0,1.0,4.0,3.0,4.0,-1.0,2.0,-3.0,5.0,2.0,0.0,2.0,1.0,1.0,0.0,60.0,20.0,0.0,80.0,1484.1,1544.1
2018-06-13,2018,America MG,Chapecoense-SC,0.0,0.0,D,U,2.12,3.16,3.6,7,1.0,0.0,2.0,2.0,5.0,4.0,1.0,7.0,7.0,0.0,-2.0,-3.0,1.0,1.0,0.0,1.0,2.0,1.0,1.0,66.7,33.3,0.0,66.7,1421.0,1527.4
2018-06-10,2018,Santos,Internacional,1.0,2.0,A,O,2.28,3.1,3.29,5,2.0,1.0,1.0,0.0,8.0,3.0,5.0,4.0,2.0,2.0,4.0,1.0,3.0,2.0,0.0,2.0,0.0,0.0,0.0,75.0,25.0,20.0,40.0,1555.4,1512.3
2018-06-10,2018,Gremio,America MG,1.0,0.0,H,U,1.33,4.62,10.59,6,0.0,0.0,1.0,2.0,0.0,3.0,-3.0,2.0,7.0,-5.0,-2.0,-4.0,2.0,0.0,0.0,0.0,1.0,1.0,0.0,20.0,20.0,0.0,75.0,1551.3,1427.5
2018-06-10,2018,Flamengo RJ,Parana,2.0,0.0,H,U,1.29,4.77,12.3,6,2.0,0.0,0.0,2.0,4.0,2.0,2.0,1.0,5.0,-4.0,3.0,-3.0,6.0,1.0,0.0,1.0,0.0,1.0,-1.0,80.0,0.0,0.0,75.0,1597.8,1484.6
2018-06-10,2018,Corinthians,Vitoria,0.0,0.0,D,U,1.8,3.38,4.69,6,2.0,1.0,0.0,1.0,3.0,6.0,-3.0,1.0,8.0,-7.0,2.0,-2.0,4.0,0.0,0.0,0.0,0.0,1.0,-1.0,60.0,0.0,20.0,60.0,1573.1,1471.7
2018-06-10,2018,Ceara,Palmeiras,2.0,2.0,D,O,5.33,3.49,1.69,6,0.0,1.0,2.0,2.0,2.0,2.0,0.0,4.0,2.0,2.0,-2.0,0.0,-2.0,0.0,1.0,-1.0,0.0,0.0,0.0,0.0,60.0,40.0,40.0,1454.0,1592.9
2018-06-10,2018,Bahia,Botafogo RJ,3.0,3.0,D,O,1.83,3.44,4.41,6,1.0,1.0,1.0,2.0,5.0,4.0,1.0,4.0,5.0,-1.0,1.0,-1.0,2.0,1.0,0.0,1.0,1.0,0.0,1.0,40.0,20.0,20.0,60.0,1482.4,1520.4
2018-06-10,2018,Atletico-MG,Fluminense,5.0,2.0,H,O,1.56,3.89,5.93,6,1.0,0.0,1.0,2.0,4.0,2.0,2.0,4.0,4.0,0.0,0.0,-2.0,2.0,0.0,0.0,0.0,0.0,0.0,0.0,60.0,20.0,20.0,60.0,1568.9,1491.9
2018-06-09,2018,Vasco,Sport Recife,3.0,2.0,H,O,1.91,3.28,4.21,6,1.0,1.0,2.0,1.0,4.0,3.0,1.0,5.0,4.0,1.0,-1.0,-1.0,0.0,0.0,0.0,0.0,0.0,1.0,-1.0,60.0,40.0,40.0,40.0,1530.9,1522.1
2018-06-09,2018,Chapecoense-SC,Cruzeiro,2.0,0.0,H,U,3.49,3.01,2.23,5,2.0,2.0,0.0,1.0,6.0,2.0,4.0,3.0,1.0,2.0,3.0,1.0,2.0,1.0,0.0,1.0,0.0,0.0,0.0,50.0,0.0,40.0,40.0,1516.1,1560.9
2018-06-09,2018,Athletico-PR,Sao Paulo,0.0,1.0,A,U,2.76,3.08,2.65,5,1.0,1.0,2.0,1.0,4.0,6.0,-2.0,5.0,6.0,-1.0,-1.0,0.0,-1.0,1.0,1.0,0.0,1.0,1.0,0.0,50.0,50.0,20.0,20.0,1490.5,1551.8
2018-06-08,2018,Parana,Bahia,1.0,0.0,H,U,2.47,2.93,3.13,6,1.0,0.0,0.0,3.0,2.0,0.0,2.0,1.0,7.0,-6.0,1.0,-7.0,8.0,0.0,0.0,0.0,0.0,3.0,-3.0,20.0,40.0,0.0,100.0,1474.0,1492.9
2018-06-08,2018,Fluminense,Flamengo RJ,0.0,2.0,A,U,4.45,3.2,1.89,5,2.0,2.0,0.0,1.0,6.0,6.0,0.0,2.0,3.0,-1.0,4.0,3.0,1.0,2.0,1.0,1.0,0.0,0.0,0.0,75.0,0.0,50.0,25.0,1499.3,1590.4
2018-06-08,2018,America MG,Atletico-MG,1.0,3.0,A,O,4.27,3.41,1.86,6,2.0,1.0,1.0,1.0,5.0,6.0,-1.0,4.0,6.0,-2.0,1.0,0.0,1.0,1.0,0.0,1.0,1.0,0.0,1.0,80.0,20.0,25.0,50.0,1434.0,1562.5
2018-06-07,2018,Sport Recife,Athletico-PR,1.0,0.0,H,U,2.03,3.38,3.61,5,2.0,0.0,0.0,2.0,6.0,1.0,5.0,3.0,5.0,-2.0,3.0,-4.0,7.0,1.0,0.0,1.0,0.0,2.0,-2.0,50.0,0.0,0.0,40.0,1512.5,1500.2
2018-06-07,2018,Gremio,Palmeiras,0.0,2.0,A,U,2.0,3.12,4.03,5,1.0,1.0,0.0,2.0,5.0,3.0,2.0,1.0,3.0,-2.0,4.0,0.0,4.0,1.0,1.0,0.0,0.0,0.0,0.0,25.0,0.0,25.0,50.0,1560.7,1583.6
2018-06-07,2018,Cruzeiro,Vasco,1.0,1.0,D,U,1.34,4.53,10.44,5,3.0,0.0,0.0,1.0,4.0,2.0,2.0,0.0,5.0,-5.0,4.0,-3.0,7.0,1.0,0.0,1.0,0.0,1.0,-1.0,75.0,25.0,0.0,33.3,1561.8,1530.0
2018-06-07,2018,Corinthians,Santos,1.0,1.0,D,U,2.03,3.13,3.9,5,2.0,0.0,0.0,3.0,3.0,1.0,2.0,1.0,8.0,-7.0,2.0,-7.0,9.0,0.0,0.0,0.0,0.0,2.0,-2.0,75.0,0.0,0.0,100.0,1573.7,1554.8
2018-06-06,2018,Vitoria,Chapecoense-SC,1.0,0.0,H,U,1.99,3.46,3.68,5,1.0,0.0,2.0,2.0,5.0,4.0,1.0,6.0,9.0,-3.0,-1.0,-5.0,4.0,0.0,0.0,0.0,0.0,2.0,-2.0,25.0,50.0,0.0,60.0,1459.7,1528.1
2018-06-06,2018,Sao Paulo,Internacional,0.0,0.0,D,U,2.21,2.99,3.56,5,2.0,1.0,0.0,1.0,6.0,3.0,3.0,4.0,4.0,0.0,2.0,-1.0,3.0,0.0,0.0,0.0,0.0,1.0,-1.0,75.0,0.0,25.0,50.0,1553.0,1511.1
2018-06-06,2018,Botafogo RJ,Ceara,0.0,0.0,D,U,1.59,3.67,6.14,5,2.0,0.0,0.0,2.0,5.0,2.0,3.0,3.0,5.0,-2.0,2.0,-3.0,5.0,0.0,0.0,0.0,0.0,1.0,-1.0,50.0,0.0,0.0,75.0,1522.4,1452.0
2018-06-05,2018,Parana,Fluminense,2.0,1.0,H,O,2.51,3.05,2.94,5,0.0,1.0,1.0,1.0,1.0,3.0,-2.0,2.0,3.0,-1.0,-1.0,0.0,-1.0,0.0,0.0,0.0,0.0,0.0,0.0,0.0,50.0,25.0,50.0,1462.6,1510.7
2018-06-03,2018,Santos,Vitoria,5.0,2.0,H,O,1.56,4.0,5.79,4,2.0,1.0,1.0,1.0,5.0,5.0,0.0,2.0,5.0,-3.0,3.0,0.0,3.0,2.0,0.0,2.0,0.0,0.0,0.0,66.7,33.3,25.0,50.0,1547.1,1467.5
2018-06-03,2018,Palmeiras,Sao Paulo,3.0,1.0,H,O,2.02,3.26,3.8,5,1.0,1.0,1.0,0.0,5.0,6.0,-1.0,3.0,4.0,-1.0,2.0,2.0,0.0,1.0,1.0,0.0,0.0,0.0,0.0,50.0,25.0,25.0,0.0,1573.9,1562.7
2018-06-03,2018,Flamengo RJ,Corinthians,1.0,0.0,H,U,1.74,3.42,5.09,5,2.0,0.0,0.0,2.0,5.0,2.0,3.0,1.0,4.0,-3.0,4.0,-2.0,6.0,2.0,0.0,2.0,0.0,0.0,0.0,75.0,0.0,25.0,50.0,1580.3,1583.8
2018-06-03,2018,Ceara,Cruzeiro,0.0,1.0,A,U,4.36,3.24,1.89,5,0.0,1.0,2.0,1.0,2.0,1.0,1.0,6.0,1.0,5.0,-4.0,0.0,-4.0,0.0,0.0,0.0,1.0,0.0,1.0,0.0,50.0,25.0,50.0,1459.3,1554.5
2018-06-03,2018,Bahia,Gremio,0.0,2.0,A,U,2.98,2.94,2.55,5,1.0,1.0,0.0,1.0,5.0,2.0,3.0,2.0,2.0,0.0,3.0,0.0,3.0,1.0,0.0,1.0,0.0,0.0,0.0,50.0,0.0,50.0,25.0,1501.5,1552.1
2018-06-03,2018,America MG,Athletico-PR,3.0,1.0,H,O,2.3,3.22,3.11,5,2.0,0.0,1.0,1.0,4.0,0.0,4.0,4.0,2.0,2.0,0.0,-2.0,2.0,0.0,0.0,0.0,1.0,1.0,0.0,75.0,25.0,0.0,25.0,1421.4,1512.7
2018-06-02,2018,Vasco,Botafogo RJ,1.0,2.0,A,O,2.41,3.2,2.95,5,2.0,0.0,1.0,3.0,7.0,2.0,5.0,4.0,5.0,-1.0,3.0,-3.0,6.0,1.0,0.0,1.0,0.0,0.0,0.0,75.0,25.0,0.0,75.0,1540.8,1511.5
2018-06-02,2018,Internacional,Sport Recife,0.0,0.0,D,U,1.41,4.31,8.06,5,2.0,2.0,0.0,1.0,5.0,5.0,0.0,1.0,5.0,-4.0,4.0,0.0,4.0,1.0,0.0,1.0,0.0,1.0,-1.0,75.0,0.0,50.0,50.0,1511.0,1512.5
2018-06-02,2018,Atletico-MG,Chapecoense-SC,3.0,3.0,D,O,1.54,3.82,6.48,5,2.0,0.0,1.0,2.0,2.0,1.0,1.0,1.0,6.0,-5.0,1.0,-5.0,6.0,0.0,0.0,0.0,0.0,2.0,-2.0,75.0,25.0,0.0,75.0,1563.5,1527.0
2018-06-01,2018,Athletico-PR,Santos,2.0,0.0,H,U,2.28,3.24,3.14,4,1.0,0.0,2.0,3.0,7.0,1.0,6.0,6.0,7.0,-1.0,1.0,-6.0,7.0,1.0,0.0,1.0,1.0,1.0,0.0,33.3,66.7,0.0,100.0,1501.1,1558.7
2018-05-31,2018,Sao Paulo,Botafogo RJ,3.0,2.0,H,O,1.6,3.66,6.0,4,2.0,0.0,0.0,2.0,4.0,1.0,3.0,2.0,3.0,-1.0,2.0,-2.0,4.0,0.0,0.0,0.0,0.0,0.0,0.0,66.7,0.0,0.0,66.7,1553.7,1520.6
2018-05-31,2018,Gremio,Fluminense,0.0,0.0,D,U,1.38,4.49,8.32,4,1.0,1.0,0.0,2.0,5.0,4.0,1.0,1.0,5.0,-4.0,4.0,-1.0,5.0,1.0,0.0,1.0,0.0,0.0,0.0,33.3,0.0,33.3,66.7,1553.4,1509.5
2018-05-31,2018,Flamengo RJ,Bahia,2.0,0.0,H,U,1.41,4.15,8.6,4,2.0,0.0,0.0,3.0,5.0,0.0,5.0,1.0,7.0,-6.0,4.0,-7.0,11.0,2.0,0.0,2.0,0.0,3.0,-3.0,66.7,0.0,0.0,100.0,1572.0,1509.7
2018-05-31,2018,Cruzeiro,Palmeiras,1.0,0.0,H,U,2.05,3.29,3.64,4,2.0,1.0,1.0,1.0,3.0,4.0,-1.0,1.0,3.0,-2.0,2.0,1.0,1.0,1.0,1.0,0.0,0.0,0.0,0.0,66.7,33.3,33.3,33.3,1543.3,1585.1
2018-05-31,2018,Corinthians,America MG,1.0,0.0,H,U,1.52,3.8,7.0,4,2.0,0.0,0.0,2.0,4.0,3.0,1.0,2.0,8.0,-6.0,2.0,-5.0,7.0,0.0,0.0,0.0,0.0,2.0,-2.0,66.7,0.0,0.0,66.7,1577.8,1427.4
2018-05-31,2018,Chapecoense-SC,Ceara,2.0,0.0,H,U,1.9,3.25,4.34,4,1.0,0.0,0.0,2.0,5.0,2.0,3.0,4.0,5.0,-1.0,1.0,-3.0,4.0,0.0,0.0,0.0,0.0,1.0,-1.0,33.3,0.0,0.0,66.7,1518.5,1467.8
2018-05-30,2018,Vitoria,Internacional,2.0,3.0,A,O,3.27,3.13,2.27,4,1.0,0.0,1.0,2.0,5.0,0.0,5.0,5.0,3.0,2.0,0.0,-3.0,3.0,0.0,0.0,0.0,0.0,1.0,-1.0,33.3,33.3,0.0,66.7,1476.7,1501.8
2018-05-30,2018,Vasco,Parana,1.0,0.0,H,U,1.94,3.14,4.29,4,2.0,0.0,1.0,2.0,8.0,2.0,6.0,5.0,5.0,0.0,3.0,-3.0,6.0,1.0,0.0,1.0,0.0,1.0,-1.0,66.7,33.3,0.0,66.7,1532.5,1470.9
2018-05-30,2018,Sport Recife,Atletico-MG,3.0,2.0,H,O,2.67,3.17,2.65,4,1.0,1.0,0.0,1.0,4.0,5.0,-1.0,2.0,5.0,-3.0,2.0,0.0,2.0,1.0,0.0,1.0,0.0,0.0,0.0,33.3,0.0,33.3,33.3,1500.4,1575.6
2018-05-27,2018,Santos,Cruzeiro,0.0,1.0,A,U,2.77,3.05,2.66,3,,0.0,,2.0,,0.0,,,2.0,,,-2.0,,,0.0,,,0.0,,100.0,0.0,0.0,66.7,1569.8,1532.2
2018-05-27,2018,Parana,Athletico-PR,0.0,0.0,D,U,2.56,3.02,2.91,4,0.0,0.0,2.0,1.0,1.0,0.0,1.0,6.0,2.0,4.0,-5.0,-2.0,-3.0,0.0,0.0,0.0,1.0,1.0,0.0,0.0,66.7,0.0,33.3,1470.0,1502.0
2018-05-27,2018,Internacional,Corinthians,2.0,1.0,H,O,1.81,3.28,4.82,4,2.0,1.0,0.0,1.0,5.0,5.0,0.0,0.0,2.0,-2.0,5.0,3.0,2.0,2.0,1.0,1.0,0.0,0.0,0.0,66.7,0.0,33.3,33.3,1488.9,1590.7
2018-05-27,2018,Ceara,Gremio,0.0,1.0,A,U,3.61,3.03,2.18,4,0.0,1.0,1.0,1.0,2.0,2.0,0.0,5.0,2.0,3.0,-3.0,0.0,-3.0,0.0,0.0,0.0,1.0,0.0,1.0,0.0,33.3,33.3,33.3,1475.9,1545.4
2018-05-27,2018,Botafogo RJ,Vitoria,1.0,1.0,D,U,1.84,3.62,4.07,4,2.0,1.0,0.0,2.0,5.0,5.0,0.0,3.0,6.0,-3.0,2.0,-1.0,3.0,0.0,0.0,0.0,0.0,0.0,0.0,66.7,0.0,33.3,66.7,1521.9,1475.4
2018-05-27,2018,Bahia,Vasco,3.0,0.0,H,O,1.69,3.68,4.99,4,1.0,,0.0,,3.0,,,2.0,,,1.0,,,0.0,,,0.0,,,33.3,0.0,0.0,0.0,1498.4,1543.8
2018-05-27,2018,Atletico-MG,Flamengo RJ,0.0,1.0,A,U,1.89,3.39,4.13,4,3.0,1.0,0.0,1.0,4.0,7.0,-3.0,1.0,5.0,-4.0,3.0,2.0,1.0,0.0,1.0,-1.0,0.0,0.0,0.0,100.0,0.0,33.3,33.3,1586.4,1561.3
2018-05-27,2018,America MG,Sao Paulo,1.0,3.0,A,O,2.98,2.96,2.55,4,3.0,0.0,0.0,0.0,6.0,3.0,3.0,1.0,3.0,-2.0,5.0,0.0,5.0,1.0,0.0,1.0,0.0,0.0,0.0,100.0,0.0,0.0,0.0,1434.2,1546.8
2018-05-26,2018,Palmeiras,Sport Recife,2.0,3.0,A,O,1.34,4.73,9.22,4,2.0,1.0,0.0,2.0,4.0,2.0,2.0,0.0,6.0,-6.0,4.0,-4.0,8.0,1.0,0.0,1.0,0.0,2.0,-2.0,66.7,0.0,33.3,66.7,1598.2,1487.3
2018-05-26,2018,Fluminense,Chapecoense-SC,3.0,1.0,H,O,1.88,3.21,4.49,4,2.0,0.0,0.0,2.0,4.0,1.0,3.0,1.0,8.0,-7.0,3.0,-7.0,10.0,1.0,0.0,1.0,0.0,2.0,-2.0,66.7,0.0,0.0,66.7,1498.6,1529.4
2018-05-22,2018,Internacional,Chapecoense-SC,3.0,0.0,H,O,1.63,3.52,5.98,3,,,,,,,,,,,,,,,,,,,,50.0,0.0,0.0,50.0,1477.1,1541.2
2018-05-20,2018,Vitoria,Ceara,2.0,1.0,H,O,1.9,3.43,4.06,3,,,,,,,,,,,,,,,,,,,,0.0,50.0,0.0,50.0,1464.8,1486.5
2018-05-20,2018,Sport Recife,Corinthians,1.0,1.0,D,U,1.97,3.19,4.08,3,,,,,,,,,,,,,,,,,,,,50.0,0.0,50.0,50.0,1484.2,1593.7
2018-05-20,2018,Sao Paulo,Santos,1.0,0.0,H,U,2.04,3.24,3.77,3,,,,,,,,,,,,,,,,,,,,50.0,0.0,0.0,100.0,1535.5,1581.1
2018-05-20,2018,Parana,Gremio,0.0,0.0,D,U,4.65,3.32,1.82,3,,,,,,,,,,,,,,,,,,,,0.0,100.0,50.0,50.0,1467.7,1547.6
2018-05-20,2018,Palmeiras,Bahia,3.0,0.0,H,O,1.39,4.41,8.44,3,,,,,,,,,,,,,,,,,,,,50.0,0.0,0.0,100.0,1590.6,1506.0
2018-05-20,2018,Fluminense,Athletico-PR,2.0,0.0,H,U,1.91,3.41,4.03,3,,,,,,,,,,,,,,,,,,,,50.0,0.0,0.0,0.0,1487.9,1512.7
2018-05-20,2018,America MG,Botafogo RJ,1.0,0.0,H,U,2.24,3.19,3.25,3,,,,,,,,,,,,,,,,,,,,100.0,0.0,0.0,50.0,1421.1,1535.1
2018-05-19,2018,Flamengo RJ,Vasco,1.0,1.0,D,U,1.59,3.86,5.62,3,,,,,,,,,,,,,,,,,,,,100.0,0.0,0.0,0.0,1561.9,1543.3
2018-05-19,2018,Atletico-MG,Cruzeiro,1.0,0.0,H,U,1.98,3.29,3.89,3,,,,,,,,,,,,,,,,,,,,100.0,0.0,0.0,50.0,1577.4,1541.1
2018-05-15,2018,Ceara,America MG,2.0,2.0,D,O,1.95,3.25,4.04,3,,,,,,,,,,,,,,,,,,,,0.0,50.0,0.0,100.0,1488.5,1419.1
2018-05-15,2018,Botafogo RJ,Fluminense,2.0,1.0,H,O,2.43,3.12,2.99,3,,,,,,,,,,,,,,,,,,,,50.0,0.0,50.0,50.0,1525.9,1497.0
2018-05-13,2018,Vasco,Vitoria,2.0,3.0,A,O,1.85,3.46,4.23,3,,,,,,,,,,,,,,,,,,,,100.0,0.0,0.0,100.0,1556.2,1451.9
2018-05-13,2018,Santos,Parana,3.0,1.0,H,O,1.53,3.83,6.69,2,,,,,,,,,,,,,,,,,,,,100.0,0.0,0.0,50.0,1573.9,1474.9
2018-05-13,2018,Cruzeiro,Sport Recife,2.0,0.0,H,U,1.39,4.49,8.25,3,,,,,,,,,,,,,,,,,,,,50.0,50.0,50.0,50.0,1532.3,1493.1
2018-05-13,2018,Corinthians,Palmeiras,1.0,0.0,H,U,2.87,2.97,2.62,3,,,,,,,,,,,,,,,,,,,,50.0,0.0,50.0,0.0,1583.2,1601.1
2018-05-13,2018,Chapecoense-SC,Flamengo RJ,3.0,2.0,H,O,3.07,3.06,2.41,3,,,,,,,,,,,,,,,,,,,,0.0,0.0,50.0,0.0,1529.9,1573.1
2018-05-13,2018,Bahia,Sao Paulo,2.0,2.0,D,O,2.3,3.06,3.27,3,,,,,,,,,,,,,,,,,,,,50.0,0.0,0.0,0.0,1505.1,1536.4
2018-05-13,2018,Athletico-PR,Atletico-MG,1.0,2.0,A,O,2.38,3.18,3.0,3,,,,,,,,,,,,,,,,,,,,50.0,50.0,0.0,50.0,1521.4,1568.8
2018-05-12,2018,Gremio,Internacional,0.0,0.0,D,U,1.84,3.14,4.91,3,,,,,,,,,,,,,,,,,,,,50.0,0.0,0.0,100.0,1549.8,1475.0
2018-05-08,2018,Chapecoense-SC,Parana,1.0,1.0,D,U,1.74,3.34,5.27,2,,,,,,,,,,,,,,,,,,,,0.0,0.0,0.0,100.0,1531.6,1473.3
2018-05-06,2018,Vitoria,Fluminense,1.0,2.0,A,O,2.05,3.36,3.54,2,,,,,,,,,,,,,,,,,,,,0.0,0.0,0.0,100.0,1461.1,1487.8
2018-05-06,2018,Sport Recife,Bahia,2.0,0.0,H,U,2.23,3.21,3.25,2,,,,,,,,,,,,,,,,,,,,0.0,0.0,0.0,100.0,1482.2,1516.1
2018-05-06,2018,Gremio,Santos,5.0,1.0,H,O,1.59,3.72,5.91,2,,,,,,,,,,,,,,,,,,,,0.0,0.0,0.0,100.0,1538.4,1585.2
2018-05-06,2018,Flamengo RJ,Internacional,2.0,0.0,H,U,1.77,3.41,4.84,2,,,,,,,,,,,,,,,,,,,,100.0,0.0,0.0,100.0,1565.4,1482.6
2018-05-06,2018,Cruzeiro,Botafogo RJ,1.0,0.0,H,U,1.45,4.13,7.51,2,,,,,,,,,,,,,,,,,,,,0.0,100.0,0.0,0.0,1521.8,1536.3
2018-05-06,2018,Corinthians,Ceara,1.0,1.0,D,U,1.65,3.45,5.81,2,,,,,,,,,,,,,,,,,,,,100.0,0.0,0.0,100.0,1586.0,1485.7
2018-05-06,2018,Athletico-PR,Palmeiras,1.0,3.0,A,O,2.86,3.09,2.52,2,,,,,,,,,,,,,,,,,,,,100.0,0.0,0.0,0.0,1529.6,1592.9
2018-05-05,2018,Vasco,America MG,4.0,1.0,H,O,2.03,3.17,3.9,2,,,,,,,,,,,,,,,,,,,,100.0,0.0,0.0,100.0,1549.7,1425.7
2018-05-05,2018,Sao Paulo,Atletico-MG,2.0,2.0,D,O,2.04,3.27,3.71,2,,,,,,,,,,,,,,,,,,,,100.0,0.0,0.0,100.0,1535.4,1569.7
2018-05-01,2018,America MG,Vitoria,2.0,1.0,H,O,2.01,3.23,3.88,2,,,,,,,,,,,,,,,,,,,,100.0,0.0,0.0,100.0,1414.0,1472.8
2018-04-29,2018,Parana,Sport Recife,1.0,2.0,A,O,2.21,3.17,3.35,2,,,,,,,,,,,,,,,,,,,,0.0,100.0,0.0,100.0,1483.6,1471.8
2018-04-29,2018,Palmeiras,Chapecoense-SC,0.0,0.0,D,U,1.31,4.84,10.64,2,,,,,,,,,,,,,,,,,,,,100.0,0.0,0.0,100.0,1594.7,1529.8
2018-04-29,2018,Internacional,Cruzeiro,0.0,0.0,D,U,1.88,3.22,4.47,2,,,,,,,,,,,,,,,,,,,,100.0,0.0,0.0,100.0,1481.4,1523.0
2018-04-29,2018,Fluminense,Sao Paulo,1.0,1.0,D,U,2.44,3.12,2.99,2,,,,,,,,,,,,,,,,,,,,100.0,0.0,0.0,0.0,1486.4,1536.8
2018-04-29,2018,Ceara,Flamengo RJ,0.0,3.0,A,O,3.21,3.12,2.31,2,,,,,,,,,,,,,,,,,,,,0.0,0.0,0.0,0.0,1493.9,1557.2
2018-04-29,2018,Bahia,Athletico-PR,0.0,0.0,D,U,1.99,3.26,3.93,2,,,,,,,,,,,,,,,,,,,,100.0,0.0,0.0,0.0,1515.7,1530.0
2018-04-29,2018,Atletico-MG,Corinthians,1.0,0.0,H,U,1.97,3.28,3.96,2,,,,,,,,,,,,,,,,,,,,100.0,0.0,100.0,0.0,1558.6,1597.1
2018-04-28,2018,Botafogo RJ,Gremio,2.0,1.0,H,O,2.51,3.02,2.97,2,,,,,,,,,,,,,,,,,,,,0.0,0.0,100.0,0.0,1525.7,1549.1
2018-04-24,2018,Sport Recife,Botafogo RJ,1.0,1.0,D,U,2.21,3.16,3.38,1,,,,,,,,,,,,,,,,,,,,,,,,1470.2,1527.3
2018-04-22,2018,Parana,Corinthians,0.0,4.0,A,O,3.79,2.96,2.16,1,,,,,,,,,,,,,,,,,,,,,,,,1490.8,1589.9
2018-04-22,2018,Palmeiras,Internacional,1.0,0.0,H,U,1.6,3.63,6.11,1,,,,,,,,,,,,,,,,,,,,,,,,1587.5,1488.7
2018-04-22,2018,Gremio,Athletico-PR,0.0,0.0,D,U,1.61,3.61,6.08,1,,,,,,,,,,,,,,,,,,,,,,,,1549.7,1529.4
2018-04-22,2018,Fluminense,Cruzeiro,1.0,0.0,H,U,2.61,3.11,2.79,1,,,,,,,,,,,,,,,,,,,,,,,,1474.7,1534.8
2018-04-22,2018,Chapecoense-SC,Vasco,1.0,1.0,D,U,1.84,3.4,4.43,1,,,,,,,,,,,,,,,,,,,,,,,,1529.2,1550.3
2018-04-22,2018,Ceara,Sao Paulo,0.0,0.0,D,U,2.94,3.11,2.47,1,,,,,,,,,,,,,,,,,,,,,,,,1492.5,1538.2
2018-04-22,2018,Atletico-MG,Vitoria,2.0,1.0,H,O,1.54,4.02,6.14,1,,,,,,,,,,,,,,,,,,,,,,,,1550.6,1480.8
2018-04-21,2018,Flamengo RJ,America MG,2.0,0.0,H,U,1.41,4.43,8.0,1,,,,,,,,,,,,,,,,,,,,,,,,1550.8,1420.4
2018-04-21,2018,Bahia,Santos,1.0,0.0,H,U,2.26,3.12,3.34,1,,,,,,,,,,,,,,,,,,,,,,,,1503.0,1597.9
2018-04-17,2018,Sao Paulo,Parana,1.0,0.0,H,U,1.42,4.19,8.2,1,,,,,,,,,,,,,,,,,,,,,,,,1529.0,1500.0
2018-04-17,2018,Botafogo RJ,Palmeiras,1.0,1.0,D,U,3.61,3.23,2.08,1,,,,,,,,,,,,,,,,,,,,,,,,1525.5,1589.3
2018-04-15,2018,Vasco,Atletico-MG,2.0,1.0,H,O,2.79,3.15,2.57,1,,,,,,,,,,,,,,,,,,,,,,,,1539.6,1561.2
2018-04-15,2018,Santos,Ceara,2.0,0.0,H,U,1.55,3.88,6.12,1,,,,,,,,,,,,,,,,,,,,,,,,1590.4,1500.0
2018-04-15,2018,Internacional,Bahia,2.0,0.0,H,U,1.74,3.42,5.05,1,,,,,,,,,,,,,,,,,,,,,,,,1477.6,1514.0
2018-04-15,2018,Corinthians,Fluminense,2.0,1.0,H,O,1.62,3.55,6.03,1,,,,,,,,,,,,,,,,,,,,,,,,1582.7,1481.8
2018-04-15,2018,Athletico-PR,Chapecoense-SC,5.0,1.0,H,O,2.08,3.17,3.72,1,,,,,,,,,,,,,,,,,,,,,,,,1518.8,1539.8
2018-04-15,2018,America MG,Sport Recife,3.0,0.0,H,O,1.96,3.27,4.01,1,,,,,,,,,,,,,,,,,,,,,,,,1408.3,1482.3
2018-04-14,2018,Vitoria,Flamengo RJ,2.0,2.0,D,O,3.4,3.31,2.14,1,,,,,,,,,,,,,,,,,,,,,,,,1478.7,1552.9
2018-04-14,2018,Cruzeiro,Gremio,0.0,1.0,A,U,1.98,3.16,4.15,1,,,,,,,,,,,,,,,,,,,,,,,,1544.9,1539.5
2017-12-03,2017,Vitoria,Flamengo RJ,1.0,2.0,A,O,2.16,3.42,3.24,19,1.0,0.0,0.0,3.0,5.0,1.0,4.0,3.0,6.0,-3.0,2.0,-5.0,7.0,1.0,0.0,1.0,0.0,2.0,-2.0,16.7,55.6,22.2,50.0,1487.1,1544.6
2017-12-03,2017,Vasco,Ponte Preta,2.0,1.0,H,O,1.33,4.81,9.27,19,0.0,0.0,0.0,2.0,3.0,1.0,2.0,3.0,5.0,-2.0,0.0,-4.0,4.0,0.0,0.0,0.0,0.0,2.0,-2.0,38.9,22.2,5.6,61.1,1531.8,1453.9
2017-12-03,2017,Sport Recife,Corinthians,1.0,0.0,H,U,1.37,4.78,7.73,19,1.0,1.0,2.0,2.0,5.0,1.0,4.0,6.0,4.0,2.0,-1.0,-3.0,2.0,0.0,0.0,0.0,0.0,1.0,-1.0,33.3,27.8,50.0,27.8,1468.8,1596.2
2017-12-03,2017,Sao Paulo,Bahia,1.0,1.0,D,U,1.67,3.8,4.89,19,1.0,1.0,0.0,1.0,4.0,3.0,1.0,3.0,3.0,0.0,1.0,0.0,1.0,0.0,0.0,0.0,0.0,0.0,0.0,50.0,11.1,16.7,50.0,1529.4,1513.6
2017-12-03,2017,Santos,Avai,1.0,1.0,D,U,1.98,3.58,3.54,19,2.0,0.0,1.0,2.0,5.0,2.0,3.0,3.0,7.0,-4.0,2.0,-5.0,7.0,1.0,0.0,1.0,0.0,1.0,-1.0,66.7,16.7,27.8,55.6,1593.6,1478.4
2017-12-03,2017,Chapecoense-SC,Coritiba,2.0,1.0,H,O,2.11,3.39,3.35,19,2.0,1.0,0.0,1.0,5.0,6.0,-1.0,2.0,8.0,-6.0,3.0,-2.0,5.0,1.0,0.0,1.0,0.0,1.0,-1.0,44.4,38.9,22.2,50.0,1531.3,1475.6
2017-12-03,2017,Botafogo RJ,Cruzeiro,2.0,2.0,D,O,1.75,3.47,4.83,19,0.0,0.0,3.0,1.0,2.0,3.0,-1.0,5.0,5.0,0.0,-3.0,-2.0,-1.0,0.0,0.0,0.0,0.0,1.0,-1.0,50.0,38.9,33.3,44.4,1524.9,1545.5
2017-12-03,2017,Atletico-MG,Gremio,4.0,3.0,H,O,1.24,5.83,11.71,19,2.0,1.0,0.0,1.0,6.0,3.0,3.0,2.0,3.0,-1.0,4.0,0.0,4.0,1.0,0.0,1.0,0.0,0.0,0.0,33.3,44.4,44.4,33.3,1551.3,1549.5
2017-12-03,2017,Atletico GO,Fluminense,1.0,1.0,D,U,2.34,3.39,2.91,19,1.0,1.0,1.0,2.0,3.0,4.0,-1.0,2.0,7.0,-5.0,1.0,-3.0,4.0,1.0,0.0,1.0,0.0,2.0,-2.0,22.2,55.6,22.2,38.9,1461.6,1482.4
2017-12-03,2017,Athletico-PR,Palmeiras,3.0,0.0,H,O,2.8,3.38,2.41,19,1.0,0.0,1.0,3.0,3.0,4.0,-1.0,2.0,8.0,-6.0,1.0,-4.0,5.0,1.0,0.0,1.0,0.0,1.0,-1.0,38.9,33.3,38.9,44.4,1506.1,1602.0
2017-11-27,2017,Palmeiras,Botafogo RJ,2.0,0.0,H,U,1.73,3.68,4.61,19,2.0,1.0,0.0,0.0,9.0,2.0,7.0,3.0,1.0,2.0,6.0,1.0,5.0,2.0,0.0,2.0,0.0,0.0,0.0,61.1,22.2,27.8,27.8,1593.7,1533.2
2017-11-26,2017,Ponte Preta,Vitoria,2.0,3.0,A,O,2.12,3.34,3.38,19,2.0,0.0,1.0,1.0,3.0,3.0,0.0,2.0,4.0,-2.0,1.0,-1.0,2.0,0.0,0.0,0.0,0.0,0.0,0.0,50.0,33.3,38.9,33.3,1463.5,1477.5
2017-11-26,2017,Gremio,Atletico GO,1.0,1.0,D,U,1.73,3.5,4.94,19,2.0,1.0,0.0,1.0,5.0,5.0,0.0,2.0,5.0,-3.0,3.0,0.0,3.0,1.0,0.0,1.0,0.0,0.0,0.0,55.6,27.8,27.8,55.6,1552.1,1459.0
2017-11-26,2017,Flamengo RJ,Santos,1.0,2.0,A,O,1.62,3.68,5.7,19,2.0,0.0,0.0,3.0,5.0,2.0,3.0,0.0,7.0,-7.0,5.0,-5.0,10.0,2.0,0.0,2.0,0.0,2.0,-2.0,55.6,11.1,22.2,33.3,1553.7,1584.5
2017-11-26,2017,Cruzeiro,Vasco,0.0,1.0,A,U,1.91,3.47,3.95,19,2.0,1.0,0.0,1.0,6.0,3.0,3.0,3.0,4.0,-1.0,3.0,-1.0,4.0,1.0,0.0,1.0,0.0,1.0,-1.0,50.0,11.1,33.3,44.4,1556.5,1520.8
2017-11-26,2017,Coritiba,Sao Paulo,1.0,2.0,A,O,1.95,3.37,3.92,19,2.0,1.0,0.0,1.0,6.0,2.0,4.0,1.0,2.0,-1.0,5.0,0.0,5.0,1.0,0.0,1.0,0.0,0.0,0.0,38.9,33.3,16.7,66.7,1484.5,1520.5
2017-11-26,2017,Corinthians,Atletico-MG,2.0,2.0,D,O,2.16,3.35,3.27,19,3.0,0.0,0.0,1.0,7.0,4.0,3.0,3.0,6.0,-3.0,4.0,-2.0,6.0,1.0,0.0,1.0,0.0,1.0,-1.0,66.7,11.1,38.9,22.2,1597.6,1549.9
2017-11-26,2017,Bahia,Chapecoense-SC,0.0,1.0,A,U,1.69,3.77,4.82,19,2.0,0.0,0.0,0.0,7.0,3.0,4.0,3.0,3.0,0.0,4.0,0.0,4.0,2.0,0.0,2.0,0.0,0.0,0.0,55.6,22.2,27.8,38.9,1523.6,1521.3
2017-11-26,2017,Avai,Athletico-PR,1.0,0.0,H,U,2.58,3.2,2.72,19,1.0,1.0,1.0,2.0,5.0,2.0,3.0,5.0,3.0,2.0,0.0,-1.0,1.0,0.0,0.0,0.0,0.0,0.0,0.0,22.2,27.8,33.3,44.4,1466.9,1517.6
2017-11-25,2017,Fluminense,Sport Recife,1.0,2.0,A,O,2.16,3.37,3.25,19,1.0,0.0,0.0,2.0,5.0,2.0,3.0,3.0,8.0,-5.0,2.0,-6.0,8.0,1.0,0.0,1.0,0.0,2.0,-2.0,38.9,27.8,22.2,66.7,1493.4,1457.7
2017-11-20,2017,Fluminense,Ponte Preta,2.0,0.0,H,U,1.82,3.42,4.46,18,1.0,0.0,0.0,2.0,6.0,1.0,5.0,4.0,5.0,-1.0,2.0,-4.0,6.0,1.0,0.0,1.0,0.0,2.0,-2.0,35.3,29.4,5.9,58.8,1483.7,1473.2
2017-11-20,2017,Avai,Palmeiras,2.0,1.0,H,O,3.68,3.48,1.97,18,0.0,1.0,1.0,2.0,4.0,6.0,-2.0,5.0,7.0,-2.0,-1.0,-1.0,0.0,0.0,1.0,-1.0,0.0,1.0,-1.0,17.6,29.4,41.2,41.2,1452.7,1607.9
2017-11-19,2017,Vitoria,Cruzeiro,1.0,1.0,D,U,1.97,3.46,3.73,18,1.0,0.0,1.0,2.0,6.0,2.0,4.0,5.0,5.0,0.0,1.0,-3.0,4.0,1.0,0.0,1.0,0.0,1.0,-1.0,17.6,58.8,35.3,47.1,1475.1,1558.9
2017-11-19,2017,Sport Recife,Bahia,1.0,0.0,H,U,1.96,3.57,3.66,18,0.0,1.0,2.0,1.0,5.0,4.0,1.0,7.0,6.0,1.0,-2.0,-2.0,0.0,0.0,0.0,0.0,0.0,1.0,-1.0,29.4,29.4,17.6,47.1,1445.2,1536.2
2017-11-19,2017,Sao Paulo,Botafogo RJ,0.0,0.0,D,U,2.1,3.27,3.52,18,2.0,1.0,0.0,0.0,6.0,3.0,3.0,3.0,2.0,1.0,3.0,1.0,2.0,1.0,0.0,1.0,0.0,0.0,0.0,52.9,11.8,29.4,29.4,1520.1,1533.5
2017-11-19,2017,Santos,Gremio,1.0,0.0,H,U,1.49,4.07,6.79,18,2.0,1.0,1.0,0.0,5.0,3.0,2.0,3.0,2.0,1.0,2.0,1.0,1.0,1.0,0.0,1.0,0.0,0.0,0.0,64.7,17.6,47.1,29.4,1574.9,1561.7
2017-11-19,2017,Flamengo RJ,Corinthians,3.0,0.0,H,O,1.64,3.68,5.44,18,2.0,1.0,0.0,2.0,6.0,2.0,4.0,1.0,3.0,-2.0,5.0,-1.0,6.0,2.0,0.0,2.0,0.0,0.0,0.0,52.9,11.8,52.9,23.5,1541.8,1609.5
2017-11-19,2017,Atletico-MG,Coritiba,3.0,0.0,H,O,1.55,4.08,5.76,18,1.0,1.0,1.0,0.0,5.0,7.0,-2.0,5.0,6.0,-1.0,0.0,1.0,-1.0,0.0,0.0,0.0,0.0,0.0,0.0,29.4,47.1,23.5,47.1,1541.3,1493.2
2017-11-19,2017,Atletico GO,Chapecoense-SC,1.0,1.0,D,U,2.45,3.24,2.85,18,1.0,1.0,2.0,0.0,2.0,5.0,-3.0,2.0,4.0,-2.0,0.0,1.0,-1.0,1.0,0.0,1.0,0.0,0.0,0.0,23.5,58.8,29.4,41.2,1457.1,1523.2
2017-11-19,2017,Athletico-PR,Vasco,3.0,1.0,H,O,2.02,3.26,3.79,18,1.0,2.0,1.0,0.0,2.0,3.0,-1.0,2.0,1.0,1.0,0.0,2.0,-2.0,0.0,0.0,0.0,0.0,0.0,0.0,35.3,35.3,35.3,41.2,1506.8,1531.5
2017-11-16,2017,Palmeiras,Sport Recife,5.0,1.0,H,O,1.54,4.2,5.61,18,2.0,0.0,0.0,2.0,6.0,2.0,4.0,2.0,5.0,-3.0,4.0,-3.0,7.0,2.0,0.0,2.0,0.0,1.0,-1.0,58.8,23.5,23.5,64.7,1602.0,1451.1
2017-11-16,2017,Coritiba,Flamengo RJ,1.0,0.0,H,U,2.92,3.11,2.48,18,2.0,0.0,0.0,3.0,6.0,1.0,5.0,1.0,7.0,-6.0,5.0,-6.0,11.0,1.0,0.0,1.0,0.0,3.0,-3.0,35.3,35.3,23.5,47.1,1481.1,1553.8
2017-11-16,2017,Chapecoense-SC,Vitoria,2.0,1.0,H,O,2.43,3.19,2.92,18,2.0,0.0,0.0,1.0,5.0,3.0,2.0,1.0,4.0,-3.0,4.0,-1.0,5.0,2.0,0.0,2.0,0.0,0.0,0.0,41.2,41.2,41.2,29.4,1514.0,1484.2
2017-11-16,2017,Botafogo RJ,Atletico GO,1.0,2.0,A,O,1.49,4.09,6.68,18,1.0,0.0,2.0,2.0,3.0,3.0,0.0,4.0,5.0,-1.0,-1.0,-2.0,1.0,0.0,0.0,0.0,0.0,0.0,0.0,52.9,35.3,23.5,58.8,1546.4,1444.3
2017-11-16,2017,Bahia,Santos,3.0,1.0,H,O,1.9,3.44,4.01,18,2.0,0.0,0.0,2.0,6.0,2.0,4.0,3.0,5.0,-2.0,3.0,-3.0,6.0,1.0,0.0,1.0,0.0,1.0,-1.0,52.9,23.5,23.5,29.4,1524.4,1586.6
2017-11-15,2017,Vasco,Atletico-MG,1.0,1.0,D,U,2.64,3.16,2.69,18,0.0,1.0,0.0,1.0,3.0,6.0,-3.0,3.0,6.0,-3.0,0.0,0.0,0.0,0.0,1.0,-1.0,0.0,1.0,-1.0,41.2,23.5,41.2,23.5,1531.2,1541.6
2017-11-15,2017,Ponte Preta,Athletico-PR,2.0,1.0,H,O,2.08,3.23,3.61,18,1.0,2.0,2.0,1.0,2.0,4.0,-2.0,3.0,3.0,0.0,-1.0,1.0,-2.0,0.0,0.0,0.0,0.0,0.0,0.0,47.1,35.3,35.3,41.2,1461.6,1518.5
2017-11-15,2017,Gremio,Sao Paulo,1.0,0.0,H,U,1.98,3.21,4.01,18,1.0,1.0,1.0,1.0,5.0,3.0,2.0,5.0,4.0,1.0,0.0,-1.0,1.0,1.0,0.0,1.0,1.0,1.0,0.0,52.9,29.4,17.6,64.7,1552.4,1529.4
2017-11-15,2017,Cruzeiro,Avai,2.0,2.0,D,O,1.49,4.03,6.83,18,2.0,1.0,1.0,2.0,5.0,2.0,3.0,4.0,6.0,-2.0,1.0,-4.0,5.0,1.0,0.0,1.0,1.0,1.0,0.0,52.9,11.8,29.4,58.8,1562.0,1449.6
2017-11-15,2017,Corinthians,Fluminense,3.0,1.0,H,O,1.55,3.86,6.13,18,2.0,1.0,0.0,2.0,4.0,3.0,1.0,2.0,6.0,-4.0,2.0,-3.0,5.0,0.0,0.0,0.0,0.0,2.0,-2.0,64.7,11.8,23.5,35.3,1602.7,1490.6
2017-11-13,2017,Chapecoense-SC,Santos,2.0,0.0,H,U,2.31,3.11,3.19,17,1.0,0.0,1.0,1.0,3.0,3.0,0.0,2.0,4.0,-2.0,1.0,-1.0,2.0,1.0,0.0,1.0,0.0,0.0,0.0,37.5,43.8,25.0,25.0,1501.3,1599.4
2017-11-12,2017,Vasco,Sao Paulo,1.0,1.0,D,U,2.86,3.1,2.53,17,1.0,1.0,0.0,2.0,3.0,2.0,1.0,2.0,4.0,-2.0,1.0,-2.0,3.0,0.0,0.0,0.0,0.0,1.0,-1.0,43.8,25.0,18.8,68.8,1531.3,1529.4
2017-11-12,2017,Palmeiras,Flamengo RJ,2.0,0.0,H,U,1.97,3.41,3.76,17,1.0,1.0,0.0,2.0,6.0,2.0,4.0,4.0,5.0,-1.0,2.0,-3.0,5.0,1.0,0.0,1.0,0.0,2.0,-2.0,56.2,25.0,25.0,43.8,1592.9,1563.0
2017-11-12,2017,Gremio,Vitoria,1.0,1.0,D,U,1.85,3.52,4.17,17,1.0,0.0,2.0,1.0,4.0,4.0,0.0,5.0,5.0,0.0,-1.0,-1.0,0.0,1.0,0.0,1.0,1.0,0.0,1.0,56.2,31.2,43.8,31.2,1554.4,1482.2
2017-11-12,2017,Cruzeiro,Fluminense,3.0,1.0,H,O,1.68,3.59,5.18,17,2.0,1.0,1.0,1.0,4.0,3.0,1.0,4.0,4.0,0.0,0.0,-1.0,1.0,0.0,0.0,0.0,1.0,1.0,0.0,50.0,12.5,25.0,31.2,1553.6,1499.1
2017-11-12,2017,Coritiba,Ponte Preta,1.0,1.0,D,U,1.82,3.45,4.39,17,2.0,0.0,1.0,3.0,5.0,1.0,4.0,1.0,6.0,-5.0,4.0,-5.0,9.0,1.0,0.0,1.0,0.0,2.0,-2.0,37.5,37.5,6.2,62.5,1481.7,1461.0
2017-11-12,2017,Bahia,Atletico-MG,2.0,2.0,D,O,2.07,3.39,3.47,17,3.0,1.0,0.0,1.0,6.0,5.0,1.0,1.0,5.0,-4.0,5.0,0.0,5.0,2.0,1.0,1.0,0.0,1.0,-1.0,56.2,25.0,43.8,25.0,1523.9,1542.1
2017-11-12,2017,Atletico GO,Sport Recife,2.0,0.0,H,U,3.04,3.3,2.3,17,0.0,1.0,3.0,1.0,1.0,4.0,-3.0,5.0,4.0,1.0,-4.0,0.0,-4.0,0.0,0.0,0.0,1.0,0.0,1.0,18.8,62.5,25.0,62.5,1433.4,1461.9
2017-11-11,2017,Corinthians,Avai,1.0,0.0,H,U,1.41,4.36,7.83,17,2.0,1.0,0.0,2.0,6.0,2.0,4.0,3.0,6.0,-3.0,3.0,-4.0,7.0,1.0,0.0,1.0,0.0,1.0,-1.0,62.5,12.5,31.2,56.2,1596.5,1455.8
2017-11-11,2017,Botafogo RJ,Athletico-PR,0.0,1.0,A,U,2.04,3.21,3.76,17,2.0,1.0,1.0,2.0,5.0,4.0,1.0,4.0,5.0,-1.0,1.0,-1.0,2.0,0.0,0.0,0.0,0.0,0.0,0.0,56.2,31.2,31.2,43.8,1557.9,1507.0
2017-11-09,2017,Sao Paulo,Chapecoense-SC,2.0,2.0,D,O,1.57,3.82,5.95,17,3.0,1.0,0.0,1.0,6.0,4.0,2.0,2.0,4.0,-2.0,4.0,0.0,4.0,1.0,0.0,1.0,0.0,0.0,0.0,56.2,12.5,31.2,43.8,1530.2,1500.4
2017-11-09,2017,Fluminense,Coritiba,2.0,2.0,D,O,1.93,3.37,3.98,17,2.0,1.0,0.0,1.0,5.0,6.0,-1.0,2.0,7.0,-5.0,3.0,-1.0,4.0,1.0,0.0,1.0,0.0,1.0,-1.0,37.5,31.2,25.0,50.0,1499.6,1481.2
2017-11-09,2017,Atletico-MG,Atletico GO,3.0,2.0,H,O,1.3,5.26,9.64,17,1.0,0.0,1.0,1.0,3.0,3.0,0.0,3.0,4.0,-1.0,0.0,-1.0,1.0,0.0,0.0,0.0,0.0,0.0,0.0,25.0,50.0,25.0,56.2,1534.8,1440.8
2017-11-08,2017,Vitoria,Palmeiras,3.0,1.0,H,O,2.8,3.28,2.45,17,0.0,2.0,2.0,1.0,4.0,8.0,-4.0,6.0,5.0,1.0,-2.0,3.0,-5.0,0.0,2.0,-2.0,0.0,0.0,0.0,12.5,62.5,43.8,37.5,1468.4,1606.7
2017-11-08,2017,Sport Recife,Botafogo RJ,1.0,2.0,A,O,2.0,3.37,3.69,17,0.0,0.0,1.0,1.0,5.0,1.0,4.0,6.0,2.0,4.0,-1.0,-1.0,0.0,0.0,0.0,0.0,0.0,0.0,0.0,31.2,25.0,25.0,31.2,1469.6,1550.1
2017-11-08,2017,Santos,Vasco,1.0,2.0,A,O,1.55,3.95,5.88,17,2.0,2.0,0.0,0.0,6.0,3.0,3.0,3.0,1.0,2.0,3.0,2.0,1.0,1.0,0.0,1.0,0.0,0.0,0.0,68.8,12.5,31.2,43.8,1612.0,1518.7
2017-11-08,2017,Ponte Preta,Gremio,0.0,1.0,A,U,2.25,3.05,3.39,17,1.0,1.0,1.0,0.0,3.0,3.0,0.0,3.0,2.0,1.0,0.0,1.0,-1.0,0.0,0.0,0.0,0.0,0.0,0.0,50.0,31.2,43.8,31.2,1468.8,1546.6
2017-11-08,2017,Flamengo RJ,Cruzeiro,2.0,0.0,H,U,1.73,3.52,4.9,17,1.0,1.0,0.0,1.0,5.0,3.0,2.0,2.0,3.0,-1.0,3.0,0.0,3.0,1.0,0.0,1.0,0.0,0.0,0.0,50.0,12.5,37.5,43.8,1552.6,1563.9
2017-11-08,2017,Avai,Bahia,1.0,2.0,A,O,2.74,3.04,2.67,17,0.0,0.0,1.0,1.0,4.0,4.0,0.0,5.0,7.0,-2.0,-1.0,-3.0,2.0,0.0,0.0,0.0,0.0,1.0,-1.0,18.8,25.0,12.5,50.0,1464.3,1515.4
2017-11-08,2017,Athletico-PR,Corinthians,0.0,1.0,A,U,2.51,3.0,2.97,17,1.0,0.0,0.0,3.0,4.0,1.0,3.0,3.0,5.0,-2.0,1.0,-4.0,5.0,0.0,0.0,0.0,0.0,1.0,-1.0,37.5,31.2,50.0,25.0,1514.9,1588.6
2017-11-05,2017,Vasco,Vitoria,1.0,1.0,D,U,2.09,3.3,3.5,16,1.0,1.0,0.0,1.0,3.0,6.0,-3.0,2.0,6.0,-4.0,1.0,0.0,1.0,0.0,0.0,0.0,0.0,0.0,0.0,46.7,26.7,46.7,33.3,1520.2,1466.9
2017-11-05,2017,Gremio,Flamengo RJ,3.0,1.0,H,O,2.28,3.01,3.37,16,1.0,1.0,2.0,2.0,2.0,1.0,1.0,4.0,3.0,1.0,-2.0,-2.0,0.0,0.0,0.0,0.0,1.0,1.0,0.0,53.3,33.3,26.7,40.0,1535.8,1563.4
2017-11-05,2017,Cruzeiro,Athletico-PR,1.0,0.0,H,U,1.8,3.34,4.71,16,1.0,1.0,1.0,2.0,4.0,4.0,0.0,5.0,5.0,0.0,-1.0,-1.0,0.0,0.0,0.0,0.0,1.0,0.0,1.0,46.7,13.3,33.3,40.0,1554.8,1524.0
2017-11-05,2017,Corinthians,Palmeiras,3.0,2.0,H,O,2.33,3.06,3.21,16,2.0,3.0,0.0,0.0,4.0,7.0,-3.0,1.0,2.0,-1.0,3.0,5.0,-2.0,1.0,2.0,-1.0,0.0,0.0,0.0,60.0,13.3,46.7,33.3,1577.4,1617.8
2017-11-05,2017,Chapecoense-SC,Sport Recife,1.0,1.0,D,U,2.22,3.23,3.25,16,2.0,1.0,1.0,2.0,3.0,3.0,0.0,1.0,4.0,-3.0,2.0,-1.0,3.0,1.0,0.0,1.0,0.0,0.0,0.0,40.0,46.7,26.7,66.7,1501.3,1468.7
2017-11-05,2017,Bahia,Ponte Preta,2.0,0.0,H,U,1.7,3.48,5.2,16,2.0,0.0,0.0,3.0,5.0,1.0,4.0,2.0,5.0,-3.0,3.0,-4.0,7.0,1.0,0.0,1.0,0.0,1.0,-1.0,53.3,26.7,6.7,60.0,1506.2,1478.0
2017-11-04,2017,Santos,Atletico-MG,3.0,1.0,H,O,2.21,3.3,3.2,16,2.0,2.0,0.0,0.0,4.0,6.0,-2.0,2.0,2.0,0.0,2.0,4.0,-2.0,0.0,2.0,-2.0,0.0,0.0,0.0,66.7,13.3,46.7,20.0,1603.8,1543.0
2017-11-04,2017,Coritiba,Avai,4.0,0.0,H,O,1.74,3.5,4.91,16,1.0,1.0,2.0,1.0,3.0,3.0,0.0,4.0,3.0,1.0,-1.0,0.0,-1.0,0.0,0.0,0.0,0.0,0.0,0.0,33.3,40.0,33.3,53.3,1471.1,1474.4
2017-11-04,2017,Botafogo RJ,Fluminense,1.0,2.0,A,O,1.99,3.27,3.87,16,2.0,0.0,1.0,2.0,6.0,1.0,5.0,5.0,4.0,1.0,1.0,-3.0,4.0,0.0,0.0,0.0,0.0,1.0,-1.0,60.0,26.7,20.0,33.3,1562.2,1487.5
2017-11-04,2017,Atletico GO,Sao Paulo,0.0,1.0,A,U,3.64,3.37,2.02,16,0.0,1.0,3.0,2.0,2.0,3.0,-1.0,6.0,5.0,1.0,-4.0,-2.0,-2.0,0.0,0.0,0.0,1.0,1.0,0.0,20.0,60.0,13.3,73.3,1448.7,1522.3
2017-10-30,2017,Palmeiras,Cruzeiro,2.0,2.0,D,O,1.69,3.58,5.05,16,1.0,2.0,1.0,1.0,4.0,3.0,1.0,3.0,2.0,1.0,1.0,1.0,0.0,1.0,0.0,1.0,0.0,0.0,0.0,60.0,26.7,40.0,46.7,1619.7,1552.9
2017-10-29,2017,Vitoria,Atletico GO,1.0,1.0,D,U,1.57,4.02,5.46,16,0.0,1.0,3.0,1.0,4.0,4.0,0.0,7.0,3.0,4.0,-3.0,1.0,-4.0,0.0,1.0,-1.0,0.0,0.0,0.0,13.3,66.7,26.7,60.0,1467.4,1448.2
2017-10-29,2017,Sport Recife,Coritiba,3.0,4.0,A,O,1.85,3.41,4.3,16,0.0,0.0,0.0,1.0,3.0,3.0,0.0,3.0,5.0,-2.0,0.0,-2.0,2.0,0.0,0.0,0.0,0.0,1.0,-1.0,33.3,20.0,20.0,53.3,1479.2,1460.5
2017-10-29,2017,Ponte Preta,Corinthians,1.0,0.0,H,U,3.22,3.09,2.3,16,1.0,0.0,1.0,2.0,3.0,2.0,1.0,3.0,5.0,-2.0,0.0,-3.0,3.0,0.0,0.0,0.0,0.0,1.0,-1.0,46.7,33.3,53.3,20.0,1464.5,1590.9
2017-10-29,2017,Fluminense,Bahia,1.0,1.0,D,U,2.04,3.3,3.64,16,2.0,0.0,1.0,2.0,4.0,3.0,1.0,2.0,7.0,-5.0,2.0,-4.0,6.0,1.0,0.0,1.0,0.0,1.0,-1.0,40.0,33.3,13.3,53.3,1486.9,1506.8
2017-10-29,2017,Avai,Gremio,2.0,2.0,D,O,2.38,2.95,3.23,16,0.0,1.0,2.0,1.0,2.0,1.0,1.0,5.0,1.0,4.0,-3.0,0.0,-3.0,0.0,0.0,0.0,1.0,0.0,1.0,20.0,26.7,46.7,33.3,1472.5,1537.7
2017-10-29,2017,Atletico-MG,Botafogo RJ,0.0,0.0,D,U,1.65,3.71,5.23,16,1.0,1.0,2.0,1.0,4.0,4.0,0.0,6.0,4.0,2.0,-2.0,0.0,-2.0,0.0,0.0,0.0,1.0,0.0,1.0,26.7,53.3,26.7,33.3,1542.5,1562.8
2017-10-29,2017,Athletico-PR,Chapecoense-SC,0.0,0.0,D,U,1.78,3.47,4.6,16,1.0,1.0,1.0,1.0,4.0,5.0,-1.0,5.0,5.0,0.0,-1.0,0.0,-1.0,0.0,0.0,0.0,1.0,0.0,1.0,40.0,33.3,33.3,46.7,1524.7,1500.7
2017-10-28,2017,Sao Paulo,Santos,2.0,1.0,H,O,1.93,3.32,4.03,16,3.0,1.0,0.0,0.0,5.0,3.0,2.0,1.0,2.0,-1.0,4.0,1.0,3.0,1.0,0.0,1.0,0.0,0.0,0.0,53.3,13.3,26.7,20.0,1509.3,1616.8
2017-10-28,2017,Flamengo RJ,Vasco,0.0,0.0,D,U,1.68,3.52,5.3,16,1.0,2.0,0.0,0.0,6.0,4.0,2.0,3.0,2.0,1.0,3.0,2.0,1.0,1.0,0.0,1.0,0.0,0.0,0.0,53.3,13.3,33.3,46.7,1564.8,1518.9
2017-10-23,2017,Botafogo RJ,Corinthians,2.0,1.0,H,O,2.64,2.96,2.83,15,2.0,0.0,1.0,1.0,6.0,2.0,4.0,4.0,4.0,0.0,2.0,-2.0,4.0,1.0,0.0,1.0,0.0,1.0,-1.0,57.1,28.6,57.1,14.3,1551.4,1602.4
2017-10-22,2017,Sao Paulo,Flamengo RJ,2.0,0.0,H,U,2.33,3.2,3.07,15,2.0,1.0,0.0,2.0,4.0,1.0,3.0,2.0,3.0,-1.0,2.0,-2.0,4.0,0.0,0.0,0.0,0.0,1.0,-1.0,50.0,14.3,28.6,35.7,1497.1,1577.0
2017-10-22,2017,Santos,Atletico GO,1.0,0.0,H,U,1.5,4.07,6.6,15,2.0,2.0,0.0,0.0,5.0,7.0,-2.0,2.0,3.0,-1.0,3.0,4.0,-1.0,1.0,2.0,-1.0,0.0,0.0,0.0,64.3,14.3,28.6,57.1,1611.0,1453.9
2017-10-22,2017,Ponte Preta,Avai,1.0,2.0,A,O,1.67,3.46,5.55,15,1.0,1.0,1.0,1.0,3.0,2.0,1.0,4.0,2.0,2.0,-1.0,0.0,-1.0,0.0,0.0,0.0,1.0,0.0,1.0,50.0,28.6,28.6,57.1,1474.9,1462.2
2017-10-22,2017,Gremio,Palmeiras,1.0,3.0,A,O,2.83,2.99,2.63,15,1.0,2.0,2.0,0.0,1.0,5.0,-4.0,2.0,2.0,0.0,-1.0,3.0,-4.0,0.0,1.0,-1.0,0.0,0.0,0.0,57.1,28.6,42.9,35.7,1545.8,1611.6
2017-10-22,2017,Cruzeiro,Atletico-MG,1.0,3.0,A,O,1.95,3.33,3.95,15,2.0,1.0,0.0,0.0,4.0,4.0,0.0,2.0,2.0,0.0,2.0,2.0,0.0,0.0,1.0,-1.0,0.0,0.0,0.0,50.0,7.1,42.9,21.4,1563.8,1531.5
2017-10-22,2017,Chapecoense-SC,Fluminense,2.0,0.0,H,U,1.98,3.38,3.78,15,1.0,0.0,2.0,2.0,2.0,2.0,0.0,3.0,5.0,-2.0,-1.0,-3.0,2.0,0.0,0.0,0.0,0.0,1.0,-1.0,35.7,50.0,21.4,28.6,1490.5,1497.1
2017-10-22,2017,Bahia,Vitoria,2.0,1.0,H,O,2.06,3.29,3.59,15,2.0,2.0,0.0,0.0,4.0,8.0,-4.0,1.0,5.0,-4.0,3.0,3.0,0.0,1.0,1.0,0.0,0.0,0.0,0.0,50.0,28.6,50.0,28.6,1497.3,1476.8
2017-10-22,2017,Athletico-PR,Sport Recife,2.0,1.0,H,O,1.85,3.44,4.27,15,1.0,1.0,1.0,2.0,5.0,2.0,3.0,5.0,4.0,1.0,0.0,-2.0,2.0,1.0,0.0,1.0,1.0,1.0,0.0,35.7,35.7,28.6,64.3,1515.5,1488.5
2017-10-21,2017,Vasco,Coritiba,1.0,1.0,D,U,2.01,3.2,3.87,15,2.0,0.0,0.0,2.0,3.0,2.0,1.0,1.0,5.0,-4.0,2.0,-3.0,5.0,0.0,0.0,0.0,0.0,1.0,-1.0,50.0,28.6,21.4,57.1,1520.6,1458.8
2017-10-20,2017,Sport Recife,Santos,1.0,1.0,D,U,1.95,3.49,3.75,15,0.0,1.0,1.0,1.0,2.0,2.0,0.0,3.0,3.0,0.0,-1.0,-1.0,0.0,0.0,0.0,0.0,0.0,1.0,-1.0,35.7,21.4,28.6,21.4,1484.9,1614.6
2017-10-20,2017,Flamengo RJ,Bahia,4.0,1.0,H,O,1.45,4.13,7.31,15,1.0,0.0,0.0,1.0,4.0,3.0,1.0,2.0,4.0,-2.0,2.0,-1.0,3.0,1.0,0.0,1.0,0.0,0.0,0.0,50.0,14.3,14.3,50.0,1568.8,1505.5
2017-10-19,2017,Vitoria,Athletico-PR,2.0,3.0,A,O,2.2,3.24,3.3,15,0.0,0.0,2.0,3.0,4.0,1.0,3.0,6.0,5.0,1.0,-2.0,-4.0,2.0,0.0,0.0,0.0,0.0,1.0,-1.0,14.3,64.3,28.6,42.9,1486.3,1506.1
2017-10-19,2017,Palmeiras,Ponte Preta,2.0,0.0,H,U,1.47,4.05,7.27,15,1.0,0.0,1.0,2.0,3.0,3.0,0.0,3.0,5.0,-2.0,0.0,-2.0,2.0,0.0,0.0,0.0,0.0,0.0,0.0,57.1,28.6,7.1,57.1,1605.0,1481.5
2017-10-19,2017,Fluminense,Sao Paulo,3.0,1.0,H,O,2.64,3.23,2.64,15,1.0,1.0,2.0,2.0,1.0,4.0,-3.0,2.0,6.0,-4.0,-1.0,-2.0,1.0,0.0,0.0,0.0,0.0,1.0,-1.0,35.7,35.7,14.3,71.4,1486.5,1507.7
2017-10-19,2017,Corinthians,Gremio,0.0,0.0,D,U,2.1,3.03,3.84,15,2.0,1.0,1.0,2.0,4.0,1.0,3.0,2.0,2.0,0.0,2.0,-1.0,3.0,1.0,0.0,1.0,0.0,0.0,0.0,64.3,14.3,50.0,35.7,1604.1,1544.1
2017-10-19,2017,Avai,Botafogo RJ,1.0,1.0,D,U,2.77,2.98,2.68,15,0.0,2.0,2.0,1.0,2.0,5.0,-3.0,5.0,4.0,1.0,-3.0,1.0,-4.0,0.0,0.0,0.0,1.0,0.0,1.0,21.4,28.6,28.6,35.7,1459.5,1554.0
2017-10-19,2017,Atletico-MG,Chapecoense-SC,2.0,3.0,A,O,1.48,4.25,6.46,15,1.0,1.0,1.0,1.0,3.0,3.0,0.0,4.0,3.0,1.0,-1.0,0.0,-1.0,0.0,0.0,0.0,1.0,0.0,1.0,28.6,50.0,28.6,50.0,1543.4,1478.6
2017-10-18,2017,Coritiba,Cruzeiro,1.0,0.0,H,U,3.19,3.12,2.31,15,0.0,3.0,3.0,0.0,2.0,5.0,-3.0,5.0,2.0,3.0,-3.0,3.0,-6.0,0.0,0.0,0.0,0.0,0.0,0.0,28.6,42.9,42.9,42.9,1445.1,1577.4
2017-10-18,2017,Atletico GO,Vasco,0.0,1.0,A,U,2.48,3.12,2.88,15,0.0,1.0,2.0,1.0,3.0,3.0,0.0,6.0,3.0,3.0,-3.0,0.0,-3.0,0.0,0.0,0.0,1.0,0.0,1.0,21.4,57.1,28.6,50.0,1462.5,1512.1
2017-10-16,2017,Santos,Vitoria,2.0,2.0,D,O,1.63,3.82,5.22,14,2.0,3.0,0.0,0.0,3.0,7.0,-4.0,0.0,3.0,-3.0,3.0,4.0,-1.0,1.0,1.0,0.0,0.0,0.0,0.0,69.2,15.4,53.8,30.8,1618.3,1482.6
2017-10-15,2017,Sport Recife,Atletico-MG,1.0,1.0,D,U,2.23,3.32,3.14,14,0.0,2.0,1.0,0.0,1.0,5.0,-4.0,2.0,2.0,0.0,-1.0,3.0,-4.0,0.0,1.0,-1.0,0.0,0.0,0.0,38.5,23.1,46.2,23.1,1483.1,1545.1
2017-10-15,2017,Sao Paulo,Athletico-PR,2.0,1.0,H,O,1.79,3.46,4.55,14,1.0,0.0,0.0,2.0,4.0,0.0,4.0,3.0,3.0,0.0,1.0,-3.0,4.0,0.0,0.0,0.0,0.0,1.0,-1.0,46.2,15.4,30.8,38.5,1497.1,1516.6
2017-10-15,2017,Fluminense,Avai,1.0,0.0,H,U,1.64,3.61,5.6,14,1.0,2.0,2.0,0.0,2.0,3.0,-1.0,3.0,1.0,2.0,-1.0,2.0,-3.0,0.0,0.0,0.0,0.0,0.0,0.0,30.8,38.5,30.8,53.8,1476.7,1469.3
2017-10-15,2017,Coritiba,Gremio,0.0,1.0,A,U,3.16,3.0,2.39,14,0.0,0.0,2.0,3.0,2.0,0.0,2.0,4.0,3.0,1.0,-2.0,-3.0,1.0,0.0,0.0,0.0,0.0,0.0,0.0,30.8,38.5,46.2,38.5,1452.8,1536.5
2017-10-15,2017,Chapecoense-SC,Flamengo RJ,0.0,1.0,A,U,3.47,3.19,2.15,14,1.0,0.0,2.0,3.0,2.0,0.0,2.0,3.0,5.0,-2.0,-1.0,-5.0,4.0,0.0,0.0,0.0,0.0,2.0,-2.0,38.5,46.2,23.1,38.5,1486.5,1560.9
2017-10-15,2017,Bahia,Corinthians,2.0,0.0,H,U,2.56,3.03,2.87,14,1.0,0.0,1.0,1.0,3.0,2.0,1.0,3.0,4.0,-1.0,0.0,-2.0,2.0,0.0,0.0,0.0,0.0,1.0,-1.0,46.2,30.8,61.5,7.7,1492.1,1617.5
2017-10-15,2017,Atletico GO,Palmeiras,1.0,3.0,A,O,3.72,3.31,2.01,14,1.0,1.0,1.0,0.0,3.0,3.0,0.0,3.0,2.0,1.0,0.0,1.0,-1.0,0.0,0.0,0.0,0.0,0.0,0.0,23.1,53.8,38.5,38.5,1468.9,1598.6
2017-10-14,2017,Vasco,Botafogo RJ,1.0,0.0,H,U,2.67,3.01,2.76,14,1.0,2.0,0.0,1.0,3.0,6.0,-3.0,2.0,5.0,-3.0,1.0,1.0,0.0,0.0,0.0,0.0,0.0,0.0,0.0,46.2,30.8,30.8,30.8,1500.2,1565.9
2017-10-13,2017,Palmeiras,Bahia,2.0,2.0,D,O,1.54,3.9,6.25,14,2.0,0.0,1.0,2.0,5.0,2.0,3.0,3.0,6.0,-3.0,2.0,-4.0,6.0,1.0,0.0,1.0,0.0,1.0,-1.0,61.5,30.8,15.4,53.8,1601.7,1488.9
2017-10-12,2017,Vitoria,Sport Recife,1.0,2.0,A,O,2.23,3.33,3.13,14,0.0,0.0,2.0,3.0,3.0,0.0,3.0,5.0,8.0,-3.0,-2.0,-8.0,6.0,0.0,0.0,0.0,0.0,2.0,-2.0,15.4,61.5,23.1,69.2,1493.1,1472.5
2017-10-12,2017,Ponte Preta,Santos,1.0,1.0,D,U,2.33,3.08,3.2,14,1.0,1.0,2.0,1.0,3.0,2.0,1.0,5.0,3.0,2.0,-2.0,-1.0,-1.0,0.0,0.0,0.0,1.0,1.0,0.0,53.8,30.8,30.8,23.1,1477.5,1622.2
2017-10-12,2017,Gremio,Cruzeiro,0.0,1.0,A,U,1.96,3.15,4.14,14,2.0,2.0,1.0,1.0,6.0,6.0,0.0,1.0,5.0,-4.0,5.0,1.0,4.0,1.0,0.0,1.0,0.0,0.0,0.0,61.5,23.1,38.5,46.2,1545.8,1568.1
2017-10-12,2017,Flamengo RJ,Fluminense,1.0,1.0,D,U,1.6,3.85,5.46,14,2.0,0.0,0.0,2.0,5.0,3.0,2.0,1.0,6.0,-5.0,4.0,-3.0,7.0,2.0,0.0,2.0,0.0,1.0,-1.0,53.8,15.4,23.1,30.8,1563.4,1474.2
2017-10-12,2017,Corinthians,Coritiba,3.0,1.0,H,O,1.53,3.86,6.46,14,1.0,0.0,2.0,1.0,1.0,2.0,-1.0,2.0,3.0,-1.0,-1.0,-1.0,0.0,0.0,0.0,0.0,0.0,0.0,0.0,61.5,15.4,23.1,53.8,1611.7,1458.6
2017-10-12,2017,Avai,Vasco,1.0,2.0,A,O,2.55,2.99,2.93,14,1.0,1.0,1.0,1.0,2.0,2.0,0.0,3.0,2.0,1.0,-1.0,0.0,-1.0,0.0,0.0,0.0,1.0,0.0,1.0,23.1,23.1,23.1,53.8,1479.0,1490.5
2017-10-12,2017,Atletico-MG,Sao Paulo,1.0,0.0,H,U,2.11,3.38,3.37,14,1.0,1.0,1.0,1.0,4.0,5.0,-1.0,4.0,6.0,-2.0,0.0,-1.0,1.0,1.0,0.0,1.0,1.0,1.0,0.0,23.1,53.8,15.4,69.2,1536.0,1506.2
2017-10-11,2017,Botafogo RJ,Chapecoense-SC,2.0,1.0,H,O,1.73,3.42,5.07,14,2.0,1.0,1.0,1.0,6.0,2.0,4.0,3.0,2.0,1.0,3.0,0.0,3.0,2.0,0.0,2.0,0.0,0.0,0.0,53.8,30.8,30.8,46.2,1557.7,1494.7
2017-10-11,2017,Athletico-PR,Atletico GO,2.0,2.0,D,O,1.57,3.88,5.71,14,1.0,3.0,1.0,0.0,4.0,6.0,-2.0,4.0,1.0,3.0,0.0,5.0,-5.0,1.0,2.0,-1.0,1.0,0.0,1.0,38.5,38.5,30.8,61.5,1518.1,1467.5
2017-10-07,2017,Cruzeiro,Ponte Preta,2.0,1.0,H,O,1.58,3.7,6.17,14,1.0,0.0,0.0,1.0,3.0,2.0,1.0,2.0,3.0,-1.0,1.0,-1.0,2.0,0.0,0.0,0.0,0.0,0.0,0.0,46.2,7.7,7.7,53.8,1560.2,1485.4
2017-10-03,2017,Ponte Preta,Flamengo RJ,1.0,0.0,H,U,3.36,3.13,2.22,13,1.0,0.0,2.0,3.0,4.0,2.0,2.0,6.0,7.0,-1.0,-2.0,-5.0,3.0,0.0,0.0,0.0,1.0,2.0,-1.0,50.0,33.3,25.0,33.3,1472.5,1576.3
2017-10-01,2017,Sao Paulo,Sport Recife,1.0,0.0,H,U,1.56,3.99,5.84,13,1.0,0.0,0.0,3.0,6.0,0.0,6.0,5.0,9.0,-4.0,1.0,-9.0,10.0,0.0,0.0,0.0,0.0,3.0,-3.0,41.7,16.7,25.0,66.7,1496.7,1482.1
2017-10-01,2017,Gremio,Fluminense,1.0,0.0,H,U,1.62,3.73,5.56,13,1.0,0.0,1.0,1.0,5.0,3.0,2.0,1.0,5.0,-4.0,4.0,-2.0,6.0,1.0,0.0,1.0,0.0,1.0,-1.0,58.3,25.0,25.0,25.0,1537.4,1482.6
2017-10-01,2017,Cruzeiro,Corinthians,1.0,1.0,D,U,2.17,3.07,3.6,13,2.0,1.0,0.0,1.0,4.0,2.0,2.0,1.0,3.0,-2.0,3.0,-1.0,4.0,1.0,0.0,1.0,0.0,1.0,-1.0,50.0,8.3,66.7,8.3,1558.6,1613.2
2017-10-01,2017,Botafogo RJ,Vitoria,2.0,3.0,A,O,1.72,3.6,4.83,13,3.0,3.0,0.0,0.0,5.0,5.0,0.0,0.0,1.0,-1.0,5.0,4.0,1.0,2.0,1.0,1.0,0.0,0.0,0.0,58.3,25.0,50.0,33.3,1570.2,1480.6
2017-10-01,2017,Avai,Atletico GO,0.0,2.0,A,U,2.14,3.19,3.5,13,1.0,2.0,0.0,1.0,3.0,4.0,-1.0,2.0,3.0,-1.0,1.0,1.0,0.0,0.0,1.0,-1.0,0.0,1.0,-1.0,25.0,16.7,25.0,66.7,1489.9,1456.5
2017-10-01,2017,Athletico-PR,Atletico-MG,0.0,2.0,A,U,2.19,3.24,3.33,13,2.0,1.0,0.0,1.0,8.0,4.0,4.0,3.0,4.0,-1.0,5.0,0.0,5.0,2.0,0.0,2.0,0.0,0.0,0.0,41.7,33.3,41.7,25.0,1528.1,1525.9
2017-09-30,2017,Vasco,Chapecoense-SC,1.0,1.0,D,U,2.02,3.19,3.89,13,1.0,2.0,1.0,1.0,2.0,3.0,-1.0,4.0,1.0,3.0,-2.0,2.0,-4.0,0.0,1.0,-1.0,1.0,0.0,1.0,50.0,33.3,33.3,50.0,1490.4,1494.8
2017-09-30,2017,Palmeiras,Santos,0.0,1.0,A,U,1.62,3.66,5.71,13,2.0,0.0,1.0,1.0,5.0,1.0,4.0,4.0,3.0,1.0,1.0,-2.0,3.0,1.0,0.0,1.0,1.0,1.0,0.0,66.7,25.0,25.0,25.0,1611.7,1612.2
2017-09-30,2017,Bahia,Coritiba,1.0,1.0,D,U,1.86,3.36,4.32,13,2.0,0.0,1.0,2.0,5.0,1.0,4.0,2.0,3.0,-1.0,3.0,-2.0,5.0,1.0,0.0,1.0,0.0,0.0,0.0,50.0,33.3,25.0,58.3,1489.9,1457.7
2017-09-26,2017,Sport Recife,Vasco,1.0,1.0,D,U,1.81,3.44,4.44,13,0.0,1.0,1.0,2.0,2.0,1.0,1.0,3.0,4.0,-1.0,-1.0,-3.0,2.0,0.0,0.0,0.0,0.0,1.0,-1.0,41.7,25.0,25.0,58.3,1481.9,1490.6
2017-09-24,2017,Sao Paulo,Corinthians,1.0,1.0,D,U,2.16,3.22,3.39,12,1.0,2.0,1.0,1.0,6.0,3.0,3.0,6.0,2.0,4.0,0.0,1.0,-1.0,0.0,1.0,-1.0,0.0,1.0,-1.0,45.5,18.2,72.7,9.1,1493.3,1616.7
2017-09-24,2017,Santos,Athletico-PR,1.0,0.0,H,U,1.97,3.22,3.98,13,2.0,1.0,0.0,1.0,5.0,1.0,4.0,2.0,2.0,0.0,3.0,-1.0,4.0,1.0,0.0,1.0,0.0,1.0,-1.0,66.7,16.7,33.3,33.3,1604.2,1536.2
2017-09-24,2017,Fluminense,Palmeiras,0.0,1.0,A,U,3.05,3.23,2.32,13,2.0,1.0,1.0,0.0,5.0,4.0,1.0,3.0,3.0,0.0,2.0,1.0,1.0,1.0,0.0,1.0,0.0,0.0,0.0,33.3,33.3,33.3,41.7,1489.4,1604.9
2017-09-24,2017,Coritiba,Botafogo RJ,2.0,3.0,A,O,2.34,3.0,3.23,13,1.0,1.0,1.0,1.0,2.0,3.0,-1.0,1.0,3.0,-2.0,1.0,0.0,1.0,1.0,0.0,1.0,0.0,0.0,0.0,33.3,33.3,25.0,33.3,1465.0,1563.0
2017-09-24,2017,Chapecoense-SC,Ponte Preta,1.0,0.0,H,U,1.92,3.25,4.16,13,0.0,0.0,2.0,1.0,2.0,3.0,-1.0,4.0,5.0,-1.0,-2.0,-2.0,0.0,0.0,0.0,0.0,0.0,1.0,-1.0,33.3,50.0,8.3,50.0,1484.9,1482.4
2017-09-24,2017,Bahia,Gremio,1.0,0.0,H,U,2.33,3.09,3.15,12,2.0,1.0,1.0,2.0,6.0,1.0,5.0,3.0,2.0,1.0,3.0,-1.0,4.0,1.0,0.0,1.0,0.0,0.0,0.0,45.5,36.4,50.0,33.3,1477.8,1549.4
2017-09-24,2017,Atletico-MG,Vitoria,1.0,3.0,A,O,1.5,4.25,5.99,13,1.0,3.0,1.0,0.0,3.0,4.0,-1.0,3.0,0.0,3.0,0.0,4.0,-4.0,1.0,1.0,0.0,1.0,0.0,1.0,25.0,50.0,45.5,36.4,1537.9,1468.7
2017-09-24,2017,Atletico GO,Cruzeiro,1.0,2.0,A,O,2.76,3.1,2.6,13,1.0,2.0,1.0,1.0,2.0,7.0,-5.0,2.0,4.0,-2.0,0.0,3.0,-3.0,0.0,1.0,-1.0,0.0,0.0,0.0,25.0,50.0,33.3,50.0,1464.1,1551.1
2017-09-23,2017,Flamengo RJ,Avai,1.0,1.0,D,U,1.4,4.37,7.98,13,3.0,2.0,0.0,1.0,6.0,2.0,4.0,0.0,5.0,-5.0,6.0,-3.0,9.0,3.0,0.0,3.0,0.0,1.0,-1.0,58.3,16.7,33.3,58.3,1578.9,1487.4
2017-09-19,2017,Palmeiras,Coritiba,1.0,0.0,H,U,1.42,4.3,7.72,12,1.0,1.0,2.0,1.0,4.0,3.0,1.0,5.0,3.0,2.0,-1.0,0.0,-1.0,1.0,0.0,1.0,1.0,0.0,1.0,63.6,27.3,27.3,54.5,1598.4,1471.5
2017-09-17,2017,Vitoria,Sao Paulo,1.0,2.0,A,O,2.48,3.25,2.79,13,1.0,0.0,1.0,2.0,5.0,4.0,1.0,4.0,7.0,-3.0,1.0,-3.0,4.0,1.0,0.0,1.0,0.0,1.0,-1.0,16.7,58.3,8.3,75.0,1478.5,1483.4
2017-09-17,2017,Ponte Preta,Atletico GO,1.0,3.0,A,O,1.62,3.62,5.74,12,1.0,1.0,1.0,2.0,3.0,2.0,1.0,3.0,5.0,-2.0,0.0,-3.0,3.0,0.0,0.0,0.0,0.0,2.0,-2.0,54.5,27.3,18.2,72.7,1493.6,1452.9
2017-09-17,2017,Gremio,Chapecoense-SC,0.0,1.0,A,U,1.64,3.61,5.61,12,2.0,1.0,0.0,2.0,7.0,2.0,5.0,0.0,3.0,-3.0,7.0,-1.0,8.0,2.0,1.0,1.0,0.0,1.0,-1.0,63.6,18.2,27.3,54.5,1561.9,1472.4
2017-09-17,2017,Flamengo RJ,Sport Recife,2.0,0.0,H,U,1.47,4.19,6.73,12,2.0,0.0,1.0,3.0,4.0,1.0,3.0,2.0,10.0,-8.0,2.0,-9.0,11.0,2.0,0.0,2.0,1.0,3.0,-2.0,54.5,18.2,27.3,63.6,1571.2,1489.6
2017-09-17,2017,Cruzeiro,Bahia,1.0,0.0,H,U,1.51,3.9,6.79,12,1.0,0.0,0.0,1.0,3.0,3.0,0.0,1.0,6.0,-5.0,2.0,-3.0,5.0,1.0,0.0,1.0,0.0,1.0,-1.0,45.5,9.1,16.7,50.0,1542.7,1486.2
2017-09-17,2017,Corinthians,Vasco,1.0,0.0,H,U,1.55,3.73,6.53,13,1.0,1.0,2.0,1.0,3.0,1.0,2.0,3.0,3.0,0.0,0.0,-2.0,2.0,1.0,0.0,1.0,0.0,1.0,-1.0,58.3,16.7,27.3,54.5,1609.8,1497.5
2017-09-17,2017,Avai,Atletico-MG,1.0,1.0,D,U,3.64,3.18,2.09,12,1.0,1.0,0.0,2.0,2.0,3.0,-1.0,1.0,5.0,-4.0,1.0,-2.0,3.0,0.0,0.0,0.0,0.0,1.0,-1.0,27.3,18.2,45.5,27.3,1485.8,1539.4
2017-09-17,2017,Athletico-PR,Fluminense,3.0,1.0,H,O,1.77,3.46,4.77,12,2.0,0.0,0.0,0.0,10.0,2.0,8.0,2.0,2.0,0.0,8.0,0.0,8.0,2.0,0.0,2.0,0.0,0.0,0.0,36.4,36.4,27.3,18.2,1527.0,1498.6
2017-09-16,2017,Botafogo RJ,Santos,2.0,0.0,H,U,1.99,3.2,3.96,12,2.0,0.0,1.0,0.0,4.0,1.0,3.0,2.0,1.0,1.0,2.0,0.0,2.0,1.0,0.0,1.0,0.0,0.0,0.0,54.5,27.3,27.3,18.2,1551.1,1616.0
2017-09-12,2017,Atletico GO,Bahia,1.0,1.0,D,U,2.5,3.07,2.92,12,1.0,0.0,1.0,2.0,2.0,2.0,0.0,2.0,8.0,-6.0,0.0,-6.0,6.0,0.0,0.0,0.0,0.0,2.0,-2.0,27.3,54.5,18.2,54.5,1451.9,1487.2
2017-09-10,2017,Vitoria,Fluminense,2.0,2.0,D,O,2.2,3.29,3.23,12,1.0,0.0,2.0,0.0,4.0,2.0,2.0,4.0,2.0,2.0,0.0,0.0,0.0,1.0,0.0,1.0,0.0,0.0,0.0,18.2,63.6,30.0,20.0,1477.9,1499.2
2017-09-10,2017,Sport Recife,Avai,0.0,1.0,A,U,1.46,4.0,7.42,12,0.0,1.0,1.0,2.0,2.0,1.0,1.0,4.0,7.0,-3.0,-2.0,-6.0,4.0,0.0,0.0,0.0,1.0,2.0,-1.0,45.5,18.2,27.3,63.6,1500.3,1475.1
2017-09-10,2017,Santos,Corinthians,2.0,0.0,H,U,2.4,3.08,3.04,12,2.0,3.0,0.0,0.0,6.0,4.0,2.0,2.0,0.0,2.0,4.0,4.0,0.0,1.0,1.0,0.0,0.0,0.0,0.0,63.6,18.2,80.0,0.0,1605.6,1620.2
2017-09-10,2017,Chapecoense-SC,Cruzeiro,1.0,2.0,A,O,2.98,3.04,2.48,12,0.0,1.0,2.0,2.0,2.0,5.0,-3.0,4.0,4.0,0.0,-2.0,1.0,-3.0,0.0,1.0,-1.0,0.0,0.0,0.0,36.4,45.5,27.3,54.5,1480.9,1534.2
2017-09-10,2017,Botafogo RJ,Flamengo RJ,2.0,0.0,H,U,3.27,3.16,2.24,11,1.0,0.0,2.0,2.0,5.0,3.0,2.0,6.0,6.0,0.0,-1.0,-3.0,2.0,0.0,0.0,0.0,0.0,1.0,-1.0,50.0,30.0,27.3,27.3,1539.9,1582.4
2017-09-10,2017,Athletico-PR,Coritiba,1.0,1.0,D,U,1.76,3.38,4.9,11,2.0,1.0,1.0,2.0,9.0,3.0,6.0,3.0,4.0,-1.0,6.0,-1.0,7.0,2.0,0.0,2.0,1.0,0.0,1.0,40.0,40.0,30.0,60.0,1528.7,1469.8
2017-09-09,2017,Vasco,Gremio,1.0,0.0,H,U,2.97,3.01,2.5,12,0.0,1.0,2.0,1.0,1.0,2.0,-1.0,5.0,2.0,3.0,-4.0,0.0,-4.0,0.0,0.0,0.0,1.0,0.0,1.0,45.5,36.4,54.5,27.3,1485.0,1574.4
2017-09-09,2017,Sao Paulo,Ponte Preta,2.0,2.0,D,O,1.68,3.63,5.06,11,1.0,1.0,1.0,1.0,5.0,3.0,2.0,5.0,3.0,2.0,0.0,0.0,0.0,0.0,1.0,-1.0,0.0,1.0,-1.0,50.0,20.0,9.1,54.5,1483.1,1493.9
2017-09-09,2017,Atletico-MG,Palmeiras,1.0,1.0,D,U,2.07,3.3,3.54,12,1.0,2.0,2.0,0.0,3.0,5.0,-2.0,4.0,2.0,2.0,-1.0,3.0,-4.0,1.0,1.0,0.0,1.0,0.0,1.0,27.3,54.5,36.4,45.5,1537.6,1600.2
2017-09-02,2017,Gremio,Sport Recife,5.0,0.0,H,O,1.7,3.45,5.23,11,1.0,1.0,0.0,2.0,3.0,4.0,-1.0,1.0,6.0,-5.0,2.0,-2.0,4.0,1.0,1.0,0.0,0.0,2.0,-2.0,60.0,20.0,30.0,60.0,1566.1,1508.6
2017-08-29,2017,Coritiba,Vitoria,0.0,1.0,A,U,2.07,3.27,3.58,12,1.0,2.0,1.0,0.0,2.0,3.0,-1.0,2.0,0.0,2.0,0.0,3.0,-3.0,1.0,1.0,0.0,1.0,0.0,1.0,36.4,27.3,40.0,40.0,1480.1,1467.5
2017-08-27,2017,Ponte Preta,Atletico-MG,1.0,2.0,A,O,2.47,3.1,2.9,11,1.0,1.0,0.0,2.0,2.0,3.0,-1.0,1.0,4.0,-3.0,1.0,-1.0,2.0,0.0,1.0,-1.0,0.0,1.0,-1.0,60.0,20.0,40.0,30.0,1503.2,1528.4
2017-08-27,2017,Palmeiras,Sao Paulo,4.0,2.0,H,O,2.01,3.29,3.73,11,1.0,1.0,2.0,1.0,2.0,6.0,-4.0,3.0,6.0,-3.0,-1.0,0.0,-1.0,1.0,0.0,1.0,1.0,0.0,1.0,60.0,30.0,9.1,72.7,1593.0,1490.2
2017-08-27,2017,Flamengo RJ,Athletico-PR,2.0,0.0,H,U,1.51,3.96,6.5,11,2.0,2.0,1.0,0.0,4.0,2.0,2.0,3.0,0.0,3.0,1.0,2.0,-1.0,1.0,0.0,1.0,1.0,0.0,1.0,50.0,20.0,36.4,27.3,1573.5,1537.7
2017-08-27,2017,Cruzeiro,Santos,1.0,1.0,D,U,1.77,3.44,4.75,11,1.0,0.0,0.0,0.0,2.0,1.0,1.0,0.0,1.0,-1.0,2.0,0.0,2.0,1.0,0.0,1.0,0.0,0.0,0.0,50.0,10.0,30.0,20.0,1532.1,1607.7
2017-08-27,2017,Bahia,Botafogo RJ,1.0,2.0,A,O,2.0,3.27,3.78,11,2.0,0.0,1.0,1.0,6.0,2.0,4.0,4.0,3.0,1.0,2.0,-1.0,3.0,1.0,0.0,1.0,1.0,0.0,1.0,50.0,30.0,18.2,36.4,1496.2,1530.9
2017-08-27,2017,Avai,Chapecoense-SC,1.0,0.0,H,U,2.6,2.92,2.9,11,1.0,2.0,0.0,1.0,2.0,4.0,-2.0,1.0,3.0,-2.0,1.0,1.0,0.0,0.0,1.0,-1.0,0.0,1.0,-1.0,20.0,20.0,30.0,50.0,1464.3,1491.7
2017-08-26,2017,Fluminense,Vasco,0.0,1.0,A,U,2.04,3.22,3.74,12,2.0,1.0,1.0,1.0,5.0,2.0,3.0,3.0,4.0,-1.0,2.0,-2.0,4.0,1.0,0.0,1.0,0.0,1.0,-1.0,36.4,27.3,20.0,60.0,1510.3,1474.0
2017-08-26,2017,Corinthians,Atletico GO,0.0,1.0,A,U,1.37,4.53,8.75,12,1.0,1.0,1.0,2.0,4.0,3.0,1.0,3.0,6.0,-3.0,1.0,-3.0,4.0,1.0,0.0,1.0,0.0,2.0,-2.0,63.6,9.1,10.0,80.0,1635.4,1436.7
2017-08-23,2017,Chapecoense-SC,Corinthians,0.0,1.0,A,U,2.78,3.03,2.61,11,1.0,2.0,1.0,0.0,4.0,3.0,1.0,3.0,0.0,3.0,1.0,3.0,-2.0,1.0,1.0,0.0,0.0,0.0,0.0,40.0,40.0,77.8,0.0,1498.1,1629.0
2017-08-22,2017,Fluminense,Atletico-MG,2.0,1.0,H,O,2.23,3.24,3.19,11,1.0,2.0,1.0,1.0,4.0,4.0,0.0,3.0,3.0,0.0,1.0,1.0,0.0,1.0,1.0,0.0,0.0,1.0,-1.0,30.0,30.0,44.4,22.2,1499.1,1539.5
2017-08-20,2017,Ponte Preta,Botafogo RJ,2.0,1.0,H,O,1.7,3.42,5.35,10,1.0,0.0,0.0,0.0,4.0,1.0,3.0,0.0,1.0,-1.0,4.0,0.0,4.0,1.0,0.0,1.0,0.0,0.0,0.0,55.6,22.2,20.0,30.0,1491.8,1542.3
2017-08-20,2017,Palmeiras,Chapecoense-SC,0.0,2.0,A,U,1.5,3.95,6.71,10,2.0,1.0,1.0,2.0,6.0,2.0,4.0,3.0,4.0,-1.0,3.0,-2.0,5.0,2.0,0.0,2.0,0.0,1.0,-1.0,66.7,22.2,22.2,55.6,1606.4,1484.7
2017-08-20,2017,Gremio,Athletico-PR,0.0,0.0,D,U,1.92,3.22,4.23,10,2.0,2.0,0.0,0.0,6.0,4.0,2.0,2.0,2.0,0.0,4.0,2.0,2.0,2.0,0.0,2.0,0.0,0.0,0.0,66.7,22.2,40.0,30.0,1567.0,1536.8
2017-08-20,2017,Cruzeiro,Sport Recife,2.0,0.0,H,U,1.7,3.58,5.02,10,0.0,1.0,0.0,2.0,1.0,5.0,-4.0,1.0,6.0,-5.0,0.0,-1.0,1.0,0.0,1.0,-1.0,0.0,1.0,-1.0,44.4,11.1,33.3,55.6,1522.2,1518.5
2017-08-20,2017,Coritiba,Santos,0.0,0.0,D,U,2.46,3.13,2.9,11,1.0,0.0,2.0,0.0,3.0,1.0,2.0,4.0,1.0,3.0,-1.0,0.0,-1.0,1.0,0.0,1.0,1.0,0.0,1.0,40.0,30.0,33.3,22.2,1476.4,1611.4
2017-08-20,2017,Bahia,Vasco,3.0,0.0,H,O,1.87,3.4,4.17,10,1.0,1.0,1.0,1.0,4.0,2.0,2.0,5.0,2.0,3.0,-1.0,0.0,-1.0,0.0,0.0,0.0,1.0,0.0,1.0,44.4,33.3,22.2,55.6,1486.3,1483.9
2017-08-20,2017,Avai,Sao Paulo,1.0,1.0,D,U,3.71,3.24,2.04,10,1.0,1.0,0.0,2.0,1.0,5.0,-4.0,0.0,7.0,-7.0,1.0,-2.0,3.0,0.0,0.0,0.0,0.0,1.0,-1.0,22.2,22.2,10.0,80.0,1463.5,1491.0
2017-08-19,2017,Flamengo RJ,Atletico GO,2.0,0.0,H,U,1.39,4.58,7.56,10,1.0,1.0,1.0,2.0,4.0,3.0,1.0,5.0,8.0,-3.0,-1.0,-5.0,4.0,0.0,0.0,0.0,1.0,2.0,-1.0,44.4,22.2,11.1,77.8,1566.9,1443.3
2017-08-19,2017,Corinthians,Vitoria,0.0,1.0,A,U,1.42,4.36,7.48,11,1.0,1.0,0.0,1.0,6.0,4.0,2.0,4.0,4.0,0.0,2.0,0.0,2.0,1.0,1.0,0.0,0.0,1.0,-1.0,70.0,0.0,33.3,44.4,1644.0,1452.5
2017-08-15,2017,Santos,Fluminense,0.0,0.0,D,U,1.99,3.28,3.67,11,3.0,1.0,0.0,0.0,7.0,4.0,3.0,2.0,3.0,-1.0,5.0,1.0,4.0,1.0,0.0,1.0,0.0,0.0,0.0,70.0,20.0,33.3,22.2,1614.7,1495.8
2017-08-13,2017,Vasco,Palmeiras,1.0,1.0,D,U,3.36,3.19,2.18,11,0.0,2.0,2.0,0.0,0.0,6.0,-6.0,4.0,3.0,1.0,-4.0,3.0,-7.0,0.0,1.0,-1.0,1.0,0.0,1.0,50.0,40.0,40.0,50.0,1480.3,1610.0
2017-08-13,2017,Sport Recife,Ponte Preta,0.0,0.0,D,U,1.67,3.6,5.19,11,1.0,1.0,1.0,2.0,6.0,4.0,2.0,4.0,6.0,-2.0,2.0,-2.0,4.0,1.0,1.0,0.0,1.0,2.0,-1.0,50.0,20.0,10.0,60.0,1519.4,1490.9
2017-08-13,2017,Sao Paulo,Cruzeiro,3.0,2.0,H,O,1.89,3.3,4.21,10,1.0,1.0,1.0,1.0,3.0,4.0,-1.0,3.0,2.0,1.0,0.0,2.0,-2.0,0.0,1.0,-1.0,0.0,0.0,0.0,44.4,22.2,30.0,50.0,1479.4,1533.7
2017-08-13,2017,Botafogo RJ,Gremio,1.0,0.0,H,U,2.46,3.08,2.94,10,1.0,2.0,2.0,0.0,6.0,5.0,1.0,7.0,2.0,5.0,-1.0,3.0,-4.0,0.0,1.0,-1.0,0.0,0.0,0.0,44.4,33.3,60.0,20.0,1531.0,1578.3
2017-08-13,2017,Atletico-MG,Flamengo RJ,2.0,0.0,H,U,2.46,3.21,2.83,11,0.0,0.0,3.0,1.0,1.0,4.0,-3.0,6.0,5.0,1.0,-5.0,-1.0,-4.0,0.0,0.0,0.0,2.0,0.0,2.0,20.0,60.0,30.0,20.0,1528.1,1578.3
2017-08-13,2017,Athletico-PR,Bahia,4.0,1.0,H,O,1.96,3.21,4.01,10,1.0,1.0,1.0,1.0,5.0,3.0,2.0,2.0,4.0,-2.0,3.0,-1.0,4.0,1.0,1.0,0.0,1.0,1.0,0.0,33.3,44.4,20.0,50.0,1527.8,1495.4
2017-08-12,2017,Vitoria,Avai,0.0,1.0,A,U,1.62,3.72,5.45,11,1.0,0.0,2.0,2.0,5.0,1.0,4.0,6.0,8.0,-2.0,-1.0,-7.0,6.0,1.0,0.0,1.0,1.0,2.0,-1.0,20.0,60.0,20.0,70.0,1462.8,1453.3
2017-08-12,2017,Atletico GO,Coritiba,1.0,0.0,H,U,2.33,3.11,3.12,11,0.0,1.0,2.0,2.0,2.0,3.0,-1.0,4.0,7.0,-3.0,-2.0,-4.0,2.0,0.0,0.0,0.0,0.0,1.0,-1.0,20.0,60.0,33.3,55.6,1431.7,1488.0
2017-08-10,2017,Ponte Preta,Fluminense,0.0,0.0,D,U,2.17,3.27,3.29,9,1.0,1.0,1.0,0.0,4.0,5.0,-1.0,3.0,4.0,-1.0,1.0,1.0,0.0,1.0,0.0,1.0,1.0,0.0,1.0,62.5,25.0,37.5,25.0,1490.8,1496.0
2017-08-06,2017,Ponte Preta,Vasco,0.0,0.0,D,U,1.65,3.6,5.32,8,1.0,2.0,2.0,1.0,5.0,6.0,-1.0,5.0,3.0,2.0,0.0,3.0,-3.0,1.0,1.0,0.0,1.0,0.0,1.0,71.4,28.6,25.0,62.5,1491.1,1480.0
2017-08-06,2017,Palmeiras,Athletico-PR,0.0,1.0,A,U,1.6,3.65,5.81,9,2.0,1.0,1.0,0.0,6.0,4.0,2.0,4.0,3.0,1.0,2.0,1.0,1.0,2.0,0.0,2.0,1.0,0.0,1.0,75.0,12.5,33.3,33.3,1623.0,1514.7
2017-08-06,2017,Gremio,Atletico-MG,2.0,0.0,H,U,1.63,3.75,5.25,9,1.0,2.0,1.0,0.0,4.0,5.0,-1.0,4.0,2.0,2.0,0.0,3.0,-3.0,1.0,1.0,0.0,1.0,0.0,1.0,62.5,25.0,50.0,12.5,1569.2,1537.2
2017-08-06,2017,Flamengo RJ,Vitoria,0.0,2.0,A,U,1.3,5.2,9.45,9,1.0,1.0,1.0,1.0,4.0,4.0,0.0,4.0,5.0,-1.0,0.0,-1.0,1.0,0.0,0.0,0.0,0.0,1.0,-1.0,50.0,12.5,25.0,50.0,1592.2,1448.9
2017-08-06,2017,Cruzeiro,Botafogo RJ,0.0,0.0,D,U,1.46,3.97,7.37,9,1.0,1.0,0.0,0.0,4.0,2.0,2.0,2.0,1.0,1.0,2.0,1.0,1.0,1.0,0.0,1.0,0.0,0.0,0.0,50.0,12.5,22.2,33.3,1533.8,1530.9
2017-08-06,2017,Coritiba,Chapecoense-SC,2.0,0.0,H,U,1.82,3.44,4.33,10,0.0,1.0,3.0,2.0,1.0,2.0,-1.0,7.0,5.0,2.0,-6.0,-3.0,-3.0,0.0,0.0,0.0,2.0,1.0,1.0,33.3,33.3,25.0,50.0,1477.5,1495.2
2017-08-06,2017,Bahia,Sao Paulo,2.0,1.0,H,O,2.6,3.24,2.65,9,0.0,1.0,1.0,2.0,3.0,6.0,-3.0,5.0,8.0,-3.0,-2.0,-2.0,0.0,0.0,0.0,0.0,1.0,1.0,0.0,37.5,37.5,11.1,77.8,1485.3,1489.6
2017-08-06,2017,Avai,Santos,0.0,0.0,D,U,3.34,3.16,2.19,9,1.0,1.0,1.0,0.0,2.0,2.0,0.0,4.0,1.0,3.0,-2.0,1.0,-3.0,0.0,0.0,0.0,1.0,0.0,1.0,25.0,25.0,37.5,25.0,1448.7,1619.3
2017-08-05,2017,Fluminense,Atletico GO,3.0,1.0,H,O,1.59,3.88,5.42,10,0.0,1.0,2.0,1.0,1.0,4.0,-3.0,3.0,7.0,-4.0,-2.0,-3.0,1.0,0.0,0.0,0.0,0.0,1.0,-1.0,22.2,33.3,12.5,75.0,1487.3,1440.4
2017-08-05,2017,Corinthians,Sport Recife,3.0,1.0,H,O,1.5,3.96,6.67,10,1.0,2.0,0.0,1.0,5.0,7.0,-2.0,3.0,3.0,0.0,2.0,4.0,-2.0,1.0,2.0,-1.0,0.0,0.0,0.0,66.7,0.0,37.5,50.0,1637.1,1526.3
2017-08-04,2017,Vasco,Cruzeiro,0.0,3.0,A,O,3.1,3.05,2.38,10,0.0,1.0,2.0,1.0,0.0,3.0,-3.0,2.0,2.0,0.0,-2.0,1.0,-3.0,0.0,1.0,-1.0,0.0,0.0,0.0,55.6,33.3,22.2,55.6,1489.0,1524.9
2017-08-03,2017,Vitoria,Ponte Preta,3.0,1.0,H,O,2.27,3.22,3.12,10,0.0,1.0,3.0,2.0,3.0,3.0,0.0,9.0,5.0,4.0,-6.0,-2.0,-4.0,0.0,1.0,-1.0,2.0,2.0,0.0,11.1,66.7,11.1,55.6,1437.0,1503.0
2017-08-03,2017,Sao Paulo,Coritiba,1.0,2.0,A,O,1.4,4.3,8.17,9,1.0,1.0,0.0,2.0,4.0,5.0,-1.0,3.0,7.0,-4.0,1.0,-2.0,3.0,0.0,1.0,-1.0,0.0,1.0,-1.0,50.0,12.5,25.0,62.5,1500.5,1466.6
2017-08-03,2017,Santos,Flamengo RJ,3.0,2.0,H,O,2.72,3.23,2.53,10,3.0,1.0,0.0,0.0,7.0,3.0,4.0,2.0,2.0,0.0,5.0,1.0,4.0,1.0,0.0,1.0,0.0,0.0,0.0,66.7,22.2,33.3,11.1,1609.5,1602.0
2017-08-03,2017,Botafogo RJ,Palmeiras,1.0,2.0,A,O,2.71,3.09,2.64,9,1.0,1.0,1.0,1.0,6.0,5.0,1.0,6.0,5.0,1.0,0.0,0.0,0.0,0.0,1.0,-1.0,0.0,1.0,-1.0,50.0,25.0,33.3,55.6,1538.7,1615.2
2017-08-03,2017,Atletico-MG,Corinthians,0.0,2.0,A,U,2.17,3.21,3.32,10,0.0,2.0,3.0,0.0,1.0,3.0,-2.0,5.0,0.0,5.0,-4.0,3.0,-7.0,0.0,1.0,-1.0,1.0,0.0,1.0,22.2,55.6,75.0,0.0,1544.8,1629.4
2017-08-03,2017,Atletico GO,Gremio,0.0,1.0,A,U,3.56,3.29,2.04,10,0.0,2.0,2.0,0.0,3.0,5.0,-2.0,5.0,2.0,3.0,-2.0,3.0,-5.0,0.0,1.0,-1.0,0.0,0.0,0.0,22.2,55.6,55.6,22.2,1447.2,1562.4
2017-08-03,2017,Athletico-PR,Avai,5.0,0.0,H,O,1.69,3.39,5.42,9,0.0,1.0,2.0,1.0,0.0,3.0,-3.0,4.0,3.0,1.0,-4.0,0.0,-4.0,0.0,1.0,-1.0,2.0,1.0,1.0,25.0,50.0,22.2,66.7,1506.1,1457.3
2017-08-02,2017,Sport Recife,Fluminense,2.0,2.0,D,O,1.81,3.54,4.25,10,2.0,1.0,1.0,0.0,7.0,4.0,3.0,2.0,3.0,-1.0,5.0,1.0,4.0,2.0,0.0,2.0,1.0,0.0,1.0,55.6,22.2,42.9,28.6,1527.5,1486.1
2017-08-02,2017,Chapecoense-SC,Bahia,1.0,1.0,D,U,1.95,3.3,3.94,10,1.0,2.0,1.0,1.0,4.0,5.0,-1.0,3.0,3.0,0.0,1.0,2.0,-1.0,1.0,2.0,-1.0,0.0,1.0,-1.0,44.4,44.4,22.2,55.6,1495.5,1485.0
2017-08-01,2017,Vasco,Athletico-PR,0.0,1.0,A,U,2.38,2.96,3.14,9,1.0,0.0,1.0,1.0,1.0,3.0,-2.0,1.0,4.0,-3.0,0.0,-1.0,1.0,0.0,0.0,0.0,0.0,0.0,0.0,62.5,25.0,25.0,37.5,1499.1,1496.0
2017-07-30,2017,Gremio,Santos,1.0,1.0,D,U,1.65,3.56,5.48,8,1.0,1.0,2.0,0.0,3.0,2.0,1.0,4.0,1.0,3.0,-1.0,1.0,-2.0,1.0,0.0,1.0,1.0,0.0,1.0,71.4,28.6,42.9,28.6,1561.0,1610.9
2017-07-30,2017,Cruzeiro,Vitoria,0.0,0.0,D,U,1.41,4.4,7.5,8,2.0,1.0,0.0,2.0,6.0,5.0,1.0,2.0,9.0,-7.0,4.0,-4.0,8.0,2.0,0.0,2.0,0.0,2.0,-2.0,57.1,14.3,28.6,57.1,1527.5,1434.4
2017-07-30,2017,Coritiba,Atletico-MG,0.0,2.0,A,U,2.34,3.2,3.02,9,0.0,2.0,2.0,0.0,3.0,4.0,-1.0,7.0,2.0,5.0,-4.0,2.0,-6.0,0.0,0.0,0.0,1.0,0.0,1.0,37.5,25.0,42.9,14.3,1474.8,1536.5
2017-07-30,2017,Corinthians,Flamengo RJ,1.0,1.0,D,U,2.43,3.11,2.96,9,2.0,2.0,0.0,0.0,5.0,3.0,2.0,2.0,1.0,1.0,3.0,2.0,1.0,1.0,0.0,1.0,0.0,0.0,0.0,75.0,0.0,37.5,12.5,1630.3,1601.2
2017-07-30,2017,Chapecoense-SC,Atletico GO,1.0,2.0,A,O,1.53,4.03,6.01,9,1.0,0.0,1.0,2.0,3.0,2.0,1.0,2.0,7.0,-5.0,1.0,-5.0,6.0,1.0,0.0,1.0,0.0,1.0,-1.0,50.0,37.5,0.0,85.7,1507.6,1435.1
2017-07-30,2017,Bahia,Sport Recife,1.0,3.0,A,O,1.62,3.67,5.5,8,0.0,2.0,1.0,1.0,2.0,5.0,-3.0,3.0,2.0,1.0,-1.0,3.0,-4.0,0.0,1.0,-1.0,0.0,0.0,0.0,42.9,28.6,28.6,57.1,1494.3,1518.1
2017-07-29,2017,Palmeiras,Avai,2.0,0.0,H,U,1.31,4.84,10.02,8,2.0,2.0,1.0,0.0,5.0,5.0,0.0,4.0,1.0,3.0,1.0,4.0,-3.0,1.0,2.0,-1.0,1.0,0.0,1.0,71.4,14.3,25.0,62.5,1609.1,1463.3
2017-07-29,2017,Botafogo RJ,Sao Paulo,3.0,4.0,A,O,2.41,3.12,2.97,8,1.0,0.0,1.0,3.0,3.0,2.0,1.0,4.0,7.0,-3.0,-1.0,-5.0,4.0,0.0,0.0,0.0,1.0,2.0,-1.0,57.1,14.3,0.0,87.5,1550.5,1488.8
2017-07-25,2017,Sao Paulo,Gremio,1.0,1.0,D,U,2.3,3.12,3.15,8,1.0,2.0,0.0,1.0,4.0,4.0,0.0,3.0,2.0,1.0,1.0,2.0,-1.0,0.0,1.0,-1.0,0.0,0.0,0.0,57.1,14.3,62.5,25.0,1486.6,1563.2
2017-07-23,2017,Sport Recife,Palmeiras,0.0,2.0,A,U,2.08,3.37,3.43,9,3.0,1.0,0.0,1.0,8.0,5.0,3.0,0.0,6.0,-6.0,8.0,-1.0,9.0,2.0,0.0,2.0,0.0,1.0,-1.0,62.5,12.5,25.0,62.5,1526.0,1601.3
2017-07-23,2017,Santos,Bahia,3.0,0.0,H,O,1.95,3.28,3.94,9,2.0,2.0,1.0,0.0,4.0,5.0,-1.0,3.0,0.0,3.0,1.0,5.0,-4.0,0.0,2.0,-2.0,0.0,0.0,0.0,62.5,25.0,25.0,50.0,1603.8,1501.4
2017-07-23,2017,Fluminense,Corinthians,0.0,1.0,A,U,2.74,3.16,2.57,9,0.0,2.0,1.0,0.0,4.0,3.0,1.0,5.0,0.0,5.0,-1.0,3.0,-4.0,0.0,1.0,-1.0,0.0,0.0,0.0,25.0,25.0,71.4,0.0,1492.5,1623.9
2017-07-23,2017,Avai,Cruzeiro,1.0,0.0,H,U,3.92,3.2,1.98,8,0.0,1.0,1.0,1.0,1.0,4.0,-3.0,4.0,4.0,0.0,-3.0,0.0,-3.0,0.0,1.0,-1.0,1.0,1.0,0.0,14.3,28.6,25.0,50.0,1450.8,1540.0
2017-07-23,2017,Atletico-MG,Vasco,1.0,2.0,A,O,1.75,3.61,4.52,9,1.0,1.0,2.0,1.0,3.0,6.0,-3.0,4.0,4.0,0.0,-1.0,2.0,-3.0,1.0,1.0,0.0,1.0,0.0,1.0,25.0,50.0,14.3,71.4,1548.3,1487.3
2017-07-23,2017,Atletico GO,Botafogo RJ,1.0,1.0,D,U,2.39,3.02,3.12,9,0.0,1.0,2.0,1.0,3.0,1.0,2.0,5.0,1.0,4.0,-2.0,0.0,-2.0,0.0,0.0,0.0,0.0,0.0,0.0,25.0,62.5,25.0,37.5,1431.7,1553.9
2017-07-23,2017,Athletico-PR,Ponte Preta,0.0,2.0,A,U,2.18,3.09,3.43,8,1.0,0.0,1.0,2.0,4.0,1.0,3.0,3.0,5.0,-2.0,1.0,-4.0,5.0,1.0,0.0,1.0,1.0,2.0,-1.0,28.6,42.9,0.0,62.5,1506.4,1492.6
2017-07-22,2017,Vitoria,Chapecoense-SC,1.0,2.0,A,O,2.14,3.33,3.32,9,0.0,0.0,2.0,2.0,2.0,3.0,-1.0,7.0,7.0,0.0,-5.0,-4.0,-1.0,0.0,0.0,0.0,2.0,1.0,1.0,12.5,62.5,14.3,57.1,1442.8,1499.2
2017-07-22,2017,Flamengo RJ,Coritiba,2.0,1.0,H,O,1.38,4.55,8.1,8,1.0,1.0,1.0,2.0,4.0,4.0,0.0,3.0,7.0,-4.0,1.0,-3.0,4.0,1.0,1.0,0.0,0.0,2.0,-2.0,42.9,14.3,28.6,57.1,1594.3,1481.7
2017-07-21,2017,Sport Recife,Atletico GO,4.0,0.0,H,O,1.47,4.16,6.8,8,2.0,0.0,1.0,2.0,5.0,2.0,3.0,3.0,4.0,-1.0,2.0,-2.0,4.0,1.0,0.0,1.0,1.0,0.0,1.0,57.1,14.3,0.0,83.3,1518.2,1439.5
2017-07-21,2017,Athletico-PR,Botafogo RJ,0.0,0.0,D,U,2.21,3.08,3.42,7,2.0,2.0,1.0,1.0,5.0,3.0,2.0,3.0,1.0,2.0,2.0,2.0,0.0,1.0,1.0,0.0,1.0,0.0,1.0,33.3,50.0,28.6,42.9,1505.0,1555.3
2017-07-20,2017,Sao Paulo,Vasco,1.0,0.0,H,U,1.54,3.95,5.99,7,0.0,1.0,1.0,1.0,4.0,7.0,-3.0,5.0,6.0,-1.0,-1.0,1.0,-2.0,0.0,1.0,-1.0,0.0,1.0,-1.0,50.0,16.7,16.7,66.7,1476.0,1498.0
2017-07-20,2017,Ponte Preta,Coritiba,4.0,0.0,H,O,1.9,3.28,4.21,7,1.0,1.0,2.0,2.0,2.0,4.0,-2.0,5.0,5.0,0.0,-3.0,-1.0,-2.0,0.0,1.0,-1.0,1.0,2.0,-1.0,66.7,33.3,33.3,50.0,1482.3,1492.0
2017-07-20,2017,Fluminense,Cruzeiro,1.0,1.0,D,U,2.44,3.2,2.85,8,0.0,1.0,1.0,2.0,5.0,3.0,2.0,6.0,4.0,2.0,-1.0,-1.0,0.0,0.0,1.0,-1.0,0.0,1.0,-1.0,28.6,28.6,28.6,57.1,1491.1,1541.4
2017-07-20,2017,Flamengo RJ,Palmeiras,2.0,2.0,D,O,1.76,3.52,4.59,7,2.0,2.0,1.0,1.0,7.0,7.0,0.0,2.0,6.0,-4.0,5.0,1.0,4.0,2.0,1.0,1.0,0.0,1.0,-1.0,50.0,16.7,28.6,71.4,1594.1,1601.5
2017-07-20,2017,Avai,Corinthians,0.0,0.0,D,U,3.97,3.19,1.98,7,0.0,2.0,2.0,0.0,1.0,3.0,-2.0,7.0,0.0,7.0,-6.0,3.0,-9.0,0.0,1.0,-1.0,2.0,0.0,2.0,16.7,33.3,83.3,0.0,1446.0,1628.7
2017-07-20,2017,Atletico-MG,Bahia,0.0,2.0,A,U,1.72,3.57,4.79,8,1.0,1.0,1.0,1.0,5.0,3.0,2.0,4.0,3.0,1.0,1.0,0.0,1.0,1.0,1.0,0.0,0.0,1.0,-1.0,28.6,42.9,14.3,57.1,1560.3,1489.4
2017-07-19,2017,Vitoria,Gremio,1.0,3.0,A,O,3.09,3.25,2.28,8,0.0,1.0,2.0,1.0,1.0,4.0,-3.0,6.0,4.0,2.0,-5.0,0.0,-5.0,0.0,0.0,0.0,2.0,0.0,2.0,14.3,57.1,57.1,28.6,1449.8,1556.1
2017-07-19,2017,Santos,Chapecoense-SC,1.0,0.0,H,U,1.69,3.67,4.91,8,1.0,0.0,1.0,2.0,3.0,4.0,-1.0,3.0,11.0,-8.0,0.0,-7.0,7.0,0.0,0.0,0.0,0.0,2.0,-2.0,57.1,28.6,16.7,50.0,1596.3,1506.6
2017-07-18,2017,Botafogo RJ,Sport Recife,2.0,1.0,H,O,1.92,3.33,4.01,7,1.0,2.0,1.0,0.0,4.0,6.0,-2.0,4.0,2.0,2.0,0.0,4.0,-4.0,1.0,1.0,0.0,1.0,0.0,1.0,50.0,16.7,33.3,50.0,1545.8,1527.7
2017-07-16,2017,Vasco,Santos,0.0,0.0,D,U,2.46,3.24,2.83,8,2.0,2.0,1.0,0.0,2.0,4.0,-2.0,1.0,1.0,0.0,1.0,3.0,-2.0,0.0,1.0,-1.0,0.0,0.0,0.0,71.4,28.6,50.0,33.3,1495.0,1599.2
2017-07-16,2017,Palmeiras,Vitoria,4.0,2.0,H,O,1.26,5.46,10.8,7,2.0,2.0,1.0,1.0,2.0,6.0,-4.0,2.0,6.0,-4.0,0.0,0.0,0.0,0.0,1.0,-1.0,1.0,1.0,0.0,66.7,16.7,33.3,50.0,1595.3,1456.0
2017-07-16,2017,Gremio,Ponte Preta,3.0,1.0,H,O,1.5,3.93,6.77,7,1.0,0.0,2.0,1.0,2.0,0.0,2.0,3.0,2.0,1.0,-1.0,-2.0,1.0,1.0,0.0,1.0,1.0,1.0,0.0,66.7,33.3,0.0,57.1,1547.8,1490.7
2017-07-16,2017,Cruzeiro,Flamengo RJ,1.0,1.0,D,U,2.38,3.23,2.94,7,2.0,2.0,0.0,0.0,8.0,4.0,4.0,4.0,2.0,2.0,4.0,2.0,2.0,2.0,0.0,2.0,0.0,0.0,0.0,66.7,16.7,42.9,14.3,1539.8,1595.7
2017-07-16,2017,Coritiba,Fluminense,1.0,2.0,A,O,2.04,3.36,3.54,8,0.0,1.0,1.0,0.0,2.0,5.0,-3.0,5.0,2.0,3.0,-3.0,3.0,-6.0,0.0,1.0,-1.0,1.0,0.0,1.0,42.9,14.3,33.3,33.3,1502.6,1480.4
2017-07-16,2017,Chapecoense-SC,Sao Paulo,2.0,0.0,H,U,2.68,3.2,2.6,8,0.0,0.0,2.0,3.0,1.0,2.0,-1.0,4.0,6.0,-2.0,-3.0,-4.0,1.0,0.0,0.0,0.0,1.0,1.0,0.0,42.9,42.9,0.0,85.7,1497.0,1485.7
2017-07-16,2017,Bahia,Avai,1.0,1.0,D,U,1.46,4.01,7.48,7,0.0,2.0,2.0,1.0,3.0,4.0,-1.0,6.0,1.0,5.0,-3.0,3.0,-6.0,0.0,2.0,-2.0,1.0,0.0,1.0,50.0,33.3,28.6,71.4,1490.7,1444.7
2017-07-16,2017,Atletico GO,Atletico-MG,1.0,2.0,A,O,3.19,3.31,2.2,8,0.0,2.0,2.0,0.0,2.0,4.0,-2.0,4.0,2.0,2.0,-2.0,2.0,-4.0,0.0,0.0,0.0,0.0,0.0,0.0,28.6,57.1,33.3,16.7,1446.5,1553.3
2017-07-15,2017,Corinthians,Athletico-PR,2.0,2.0,D,O,1.45,4.1,7.43,8,3.0,1.0,0.0,1.0,6.0,2.0,4.0,0.0,2.0,-2.0,6.0,0.0,6.0,2.0,0.0,2.0,0.0,0.0,0.0,85.7,0.0,28.6,42.9,1632.3,1501.4
2017-07-14,2017,Avai,Coritiba,1.0,4.0,A,O,2.61,3.0,2.81,6,0.0,0.0,1.0,2.0,1.0,2.0,-1.0,4.0,6.0,-2.0,-3.0,-4.0,1.0,0.0,0.0,0.0,1.0,2.0,-1.0,20.0,20.0,20.0,60.0,1453.5,1493.7
2017-07-13,2017,Vitoria,Vasco,1.0,4.0,A,O,1.85,3.5,4.1,7,0.0,0.0,1.0,2.0,2.0,4.0,-2.0,4.0,7.0,-3.0,-2.0,-3.0,1.0,0.0,0.0,0.0,1.0,1.0,0.0,16.7,50.0,0.0,80.0,1465.4,1485.6
2017-07-13,2017,Sport Recife,Chapecoense-SC,3.0,0.0,H,O,1.91,3.48,3.85,7,1.0,0.0,1.0,2.0,2.0,6.0,-4.0,3.0,11.0,-8.0,-1.0,-5.0,4.0,0.0,0.0,0.0,1.0,1.0,0.0,50.0,16.7,20.0,40.0,1518.0,1506.6
2017-07-13,2017,Sao Paulo,Atletico GO,2.0,2.0,D,O,1.36,4.65,8.56,6,1.0,0.0,1.0,3.0,4.0,0.0,4.0,3.0,4.0,-1.0,1.0,-4.0,5.0,1.0,0.0,1.0,0.0,1.0,-1.0,60.0,20.0,0.0,100.0,1486.9,1445.3
2017-07-13,2017,Palmeiras,Corinthians,0.0,2.0,A,U,2.13,3.23,3.43,6,3.0,2.0,0.0,0.0,5.0,6.0,-1.0,1.0,2.0,-1.0,4.0,4.0,0.0,1.0,1.0,0.0,0.0,0.0,0.0,80.0,0.0,80.0,0.0,1604.8,1622.8
2017-07-13,2017,Fluminense,Botafogo RJ,0.0,1.0,A,U,2.07,3.23,3.61,7,0.0,1.0,1.0,1.0,5.0,4.0,1.0,7.0,3.0,4.0,-2.0,1.0,-3.0,0.0,1.0,-1.0,1.0,0.0,1.0,33.3,16.7,16.7,50.0,1489.1,1537.2
2017-07-13,2017,Flamengo RJ,Gremio,0.0,1.0,A,U,1.83,3.44,4.3,6,3.0,1.0,0.0,1.0,9.0,5.0,4.0,1.0,4.0,-3.0,8.0,1.0,7.0,3.0,1.0,2.0,0.0,0.0,0.0,60.0,0.0,50.0,33.3,1607.7,1535.7
2017-07-13,2017,Athletico-PR,Cruzeiro,0.0,2.0,A,U,2.62,3.1,2.74,6,2.0,0.0,1.0,3.0,5.0,1.0,4.0,3.0,5.0,-2.0,2.0,-4.0,6.0,1.0,0.0,1.0,1.0,1.0,0.0,40.0,40.0,16.7,66.7,1510.8,1530.4
2017-07-12,2017,Ponte Preta,Bahia,0.0,3.0,A,O,1.87,3.31,4.29,6,2.0,0.0,1.0,1.0,5.0,0.0,5.0,4.0,3.0,1.0,1.0,-3.0,4.0,0.0,0.0,0.0,0.0,1.0,-1.0,80.0,20.0,0.0,66.7,1501.3,1480.1
2017-07-12,2017,Atletico-MG,Santos,0.0,1.0,A,U,1.61,3.76,5.53,7,1.0,2.0,1.0,0.0,5.0,5.0,0.0,4.0,1.0,3.0,1.0,4.0,-3.0,1.0,2.0,-1.0,0.0,0.0,0.0,33.3,33.3,40.0,40.0,1562.5,1590.0
2017-07-11,2017,Coritiba,Sport Recife,0.0,3.0,A,O,1.77,3.38,4.83,7,0.0,1.0,0.0,1.0,2.0,4.0,-2.0,2.0,4.0,-2.0,0.0,0.0,0.0,0.0,0.0,0.0,0.0,0.0,0.0,50.0,0.0,20.0,60.0,1503.6,1508.2
2017-07-09,2017,Santos,Sao Paulo,3.0,2.0,H,O,2.21,3.2,3.3,7,1.0,0.0,1.0,2.0,1.0,0.0,1.0,1.0,3.0,-2.0,0.0,-3.0,3.0,0.0,0.0,0.0,0.0,1.0,-1.0,50.0,33.3,0.0,83.3,1582.5,1494.4
2017-07-09,2017,Gremio,Avai,0.0,2.0,A,U,1.22,5.77,13.25,6,2.0,1.0,1.0,2.0,3.0,3.0,0.0,1.0,4.0,-3.0,2.0,-1.0,3.0,1.0,1.0,0.0,0.0,1.0,-1.0,80.0,20.0,16.7,83.3,1548.7,1440.5
2017-07-09,2017,Cruzeiro,Palmeiras,3.0,1.0,H,O,2.08,3.22,3.61,6,2.0,2.0,0.0,1.0,7.0,6.0,1.0,3.0,4.0,-1.0,4.0,2.0,2.0,2.0,1.0,1.0,0.0,0.0,0.0,60.0,20.0,33.3,66.7,1517.6,1617.6
2017-07-09,2017,Chapecoense-SC,Athletico-PR,1.0,1.0,D,U,1.82,3.36,4.53,7,1.0,2.0,2.0,1.0,2.0,2.0,0.0,4.0,1.0,3.0,-2.0,1.0,-3.0,0.0,0.0,0.0,1.0,0.0,1.0,50.0,50.0,33.3,50.0,1506.5,1511.0
2017-07-09,2017,Botafogo RJ,Atletico-MG,1.0,1.0,D,U,2.02,3.3,3.69,6,1.0,2.0,1.0,1.0,5.0,3.0,2.0,5.0,3.0,2.0,0.0,0.0,0.0,1.0,0.0,1.0,1.0,1.0,0.0,60.0,20.0,40.0,20.0,1536.4,1563.2
2017-07-09,2017,Bahia,Fluminense,1.0,1.0,D,U,2.12,3.39,3.31,6,1.0,1.0,2.0,1.0,3.0,5.0,-2.0,5.0,4.0,1.0,-2.0,1.0,-3.0,0.0,1.0,-1.0,1.0,1.0,0.0,60.0,40.0,40.0,40.0,1479.8,1489.3
2017-07-08,2017,Vasco,Flamengo RJ,0.0,1.0,A,U,3.64,3.33,2.01,7,3.0,1.0,0.0,0.0,4.0,4.0,0.0,1.0,3.0,-2.0,3.0,1.0,2.0,0.0,0.0,0.0,0.0,0.0,0.0,83.3,16.7,33.3,16.7,1492.6,1600.7
2017-07-08,2017,Corinthians,Ponte Preta,2.0,0.0,H,U,1.66,3.52,5.51,7,3.0,0.0,0.0,1.0,5.0,0.0,5.0,0.0,2.0,-2.0,5.0,-2.0,7.0,1.0,0.0,1.0,0.0,1.0,-1.0,83.3,0.0,0.0,50.0,1615.8,1508.3
2017-07-08,2017,Atletico GO,Vitoria,1.0,2.0,A,O,2.15,3.18,3.45,7,1.0,1.0,1.0,2.0,4.0,4.0,0.0,3.0,7.0,-4.0,1.0,-3.0,4.0,1.0,1.0,0.0,0.0,2.0,-2.0,33.3,50.0,20.0,60.0,1455.3,1455.4
2017-07-04,2017,Fluminense,Chapecoense-SC,3.0,3.0,D,O,1.7,3.65,4.9,6,0.0,1.0,1.0,2.0,3.0,5.0,-2.0,5.0,8.0,-3.0,-2.0,-3.0,1.0,0.0,1.0,-1.0,1.0,1.0,0.0,40.0,20.0,25.0,50.0,1488.8,1507.0
2017-07-02,2017,Vitoria,Bahia,0.0,0.0,D,U,2.47,3.1,2.92,6,1.0,0.0,1.0,2.0,4.0,0.0,4.0,4.0,4.0,0.0,0.0,-4.0,4.0,1.0,0.0,1.0,1.0,1.0,0.0,20.0,60.0,0.0,80.0,1454.7,1480.6
2017-07-02,2017,Sport Recife,Athletico-PR,1.0,0.0,H,U,1.64,3.62,5.49,6,1.0,2.0,1.0,0.0,3.0,3.0,0.0,3.0,1.0,2.0,0.0,2.0,-2.0,1.0,0.0,1.0,1.0,0.0,1.0,40.0,20.0,40.0,40.0,1497.5,1521.7
2017-07-02,2017,Flamengo RJ,Sao Paulo,2.0,0.0,H,U,1.59,3.81,5.7,5,2.0,0.0,0.0,2.0,7.0,2.0,5.0,1.0,4.0,-3.0,6.0,-2.0,8.0,2.0,0.0,2.0,0.0,0.0,0.0,50.0,0.0,0.0,80.0,1593.3,1501.8
2017-07-02,2017,Coritiba,Vasco,2.0,2.0,D,O,1.88,3.31,4.23,6,1.0,0.0,0.0,3.0,1.0,2.0,-1.0,0.0,7.0,-7.0,1.0,-5.0,6.0,0.0,0.0,0.0,0.0,2.0,-2.0,60.0,0.0,0.0,100.0,1503.9,1492.3
2017-07-02,2017,Corinthians,Botafogo RJ,1.0,0.0,H,U,1.53,3.9,6.28,6,3.0,1.0,0.0,1.0,7.0,4.0,3.0,2.0,3.0,-1.0,5.0,1.0,4.0,1.0,1.0,0.0,0.0,0.0,0.0,80.0,0.0,20.0,40.0,1607.6,1544.6
2017-07-02,2017,Avai,Ponte Preta,0.0,0.0,D,U,2.81,2.91,2.7,5,1.0,0.0,1.0,2.0,2.0,0.0,2.0,4.0,5.0,-1.0,-2.0,-5.0,3.0,0.0,0.0,0.0,1.0,2.0,-1.0,25.0,25.0,0.0,60.0,1438.5,1510.3
2017-07-02,2017,Atletico-MG,Cruzeiro,3.0,1.0,H,O,2.38,3.2,2.98,6,1.0,0.0,1.0,3.0,3.0,0.0,3.0,3.0,3.0,0.0,0.0,-3.0,3.0,0.0,0.0,0.0,0.0,0.0,0.0,20.0,40.0,20.0,60.0,1554.0,1526.8
2017-07-01,2017,Palmeiras,Gremio,1.0,0.0,H,U,1.9,3.38,4.1,5,2.0,2.0,0.0,0.0,4.0,11.0,-7.0,1.0,6.0,-5.0,3.0,5.0,-2.0,1.0,2.0,-1.0,0.0,0.0,0.0,75.0,0.0,60.0,20.0,1609.0,1557.3
2017-07-01,2017,Atletico GO,Santos,1.0,1.0,D,U,2.63,3.14,2.7,6,2.0,2.0,1.0,1.0,6.0,4.0,2.0,2.0,2.0,0.0,4.0,2.0,2.0,2.0,2.0,0.0,0.0,1.0,-1.0,40.0,60.0,50.0,50.0,1451.7,1586.2
2017-06-27,2017,Botafogo RJ,Avai,0.0,2.0,A,U,1.42,4.12,8.31,5,2.0,0.0,0.0,3.0,6.0,1.0,5.0,3.0,5.0,-2.0,3.0,-4.0,7.0,1.0,0.0,1.0,0.0,1.0,-1.0,75.0,0.0,0.0,100.0,1558.3,1424.8
2017-06-25,2017,Vasco,Atletico GO,1.0,0.0,H,U,1.54,3.94,6.1,6,2.0,0.0,1.0,3.0,5.0,0.0,5.0,6.0,6.0,0.0,-1.0,-6.0,5.0,0.0,0.0,0.0,1.0,2.0,-1.0,80.0,20.0,0.0,100.0,1482.9,1461.0
2017-06-25,2017,Sao Paulo,Fluminense,1.0,1.0,D,U,1.68,3.74,4.85,5,2.0,1.0,1.0,2.0,5.0,6.0,-1.0,2.0,6.0,-4.0,3.0,0.0,3.0,2.0,1.0,1.0,0.0,1.0,-1.0,75.0,25.0,50.0,50.0,1502.2,1488.4
2017-06-25,2017,Ponte Preta,Palmeiras,1.0,2.0,A,O,2.74,3.15,2.58,5,3.0,1.0,0.0,2.0,5.0,4.0,1.0,2.0,4.0,-2.0,3.0,0.0,3.0,0.0,1.0,-1.0,0.0,0.0,0.0,100.0,0.0,20.0,80.0,1518.0,1601.4
2017-06-25,2017,Gremio,Corinthians,0.0,1.0,A,U,1.84,3.38,4.37,5,3.0,2.0,0.0,0.0,5.0,6.0,-1.0,0.0,2.0,-2.0,5.0,4.0,1.0,2.0,1.0,1.0,0.0,0.0,0.0,100.0,0.0,75.0,0.0,1566.3,1598.6
2017-06-25,2017,Cruzeiro,Coritiba,2.0,0.0,H,U,1.56,3.71,6.32,5,1.0,1.0,1.0,1.0,5.0,3.0,2.0,5.0,4.0,1.0,0.0,-1.0,1.0,1.0,0.0,1.0,1.0,1.0,0.0,50.0,25.0,25.0,50.0,1516.9,1513.9
2017-06-25,2017,Chapecoense-SC,Atletico-MG,0.0,1.0,A,U,1.72,3.7,4.61,6,1.0,1.0,2.0,1.0,5.0,2.0,3.0,9.0,3.0,6.0,-4.0,-1.0,-3.0,0.0,0.0,0.0,2.0,1.0,1.0,60.0,40.0,25.0,25.0,1516.2,1544.8
2017-06-25,2017,Bahia,Flamengo RJ,0.0,1.0,A,U,2.6,3.28,2.62,5,2.0,0.0,1.0,1.0,6.0,3.0,3.0,4.0,5.0,-1.0,2.0,-2.0,4.0,1.0,0.0,1.0,1.0,1.0,0.0,75.0,25.0,20.0,20.0,1487.8,1586.1
2017-06-25,2017,Athletico-PR,Vitoria,4.0,1.0,H,O,1.78,3.43,4.65,5,1.0,1.0,1.0,2.0,2.0,4.0,-2.0,3.0,5.0,-2.0,-1.0,-1.0,0.0,0.0,1.0,-1.0,1.0,1.0,0.0,25.0,50.0,25.0,50.0,1513.1,1463.3
2017-06-24,2017,Santos,Sport Recife,0.0,1.0,A,U,1.45,4.16,7.28,6,2.0,0.0,0.0,2.0,2.0,3.0,-1.0,0.0,5.0,-5.0,2.0,-2.0,4.0,0.0,0.0,0.0,0.0,0.0,0.0,60.0,20.0,0.0,75.0,1599.4,1484.3
2017-06-23,2017,Gremio,Coritiba,2.0,0.0,H,U,1.53,3.88,6.29,4,3.0,1.0,0.0,1.0,5.0,3.0,2.0,0.0,3.0,-3.0,5.0,0.0,5.0,2.0,0.0,2.0,0.0,0.0,0.0,100.0,0.0,33.3,33.3,1557.3,1522.9
2017-06-23,2017,Flamengo RJ,Chapecoense-SC,5.0,1.0,H,O,1.48,4.13,6.73,4,1.0,1.0,0.0,1.0,3.0,5.0,-2.0,1.0,4.0,-3.0,2.0,1.0,1.0,1.0,1.0,0.0,0.0,0.0,0.0,33.3,0.0,33.3,33.3,1577.6,1524.7
2017-06-22,2017,Ponte Preta,Cruzeiro,1.0,0.0,H,U,2.17,3.19,3.35,4,3.0,1.0,0.0,2.0,8.0,1.0,7.0,2.0,2.0,0.0,6.0,-1.0,7.0,1.0,0.0,1.0,0.0,0.0,0.0,100.0,0.0,25.0,50.0,1507.4,1527.5
2017-06-22,2017,Palmeiras,Atletico GO,1.0,0.0,H,U,1.24,5.56,11.9,4,2.0,0.0,0.0,3.0,7.0,1.0,6.0,1.0,9.0,-8.0,6.0,-8.0,14.0,2.0,0.0,2.0,0.0,3.0,-3.0,66.7,0.0,0.0,100.0,1594.9,1467.5
2017-06-22,2017,Corinthians,Bahia,3.0,0.0,H,O,1.49,3.92,6.99,5,3.0,0.0,0.0,2.0,6.0,0.0,6.0,2.0,2.0,0.0,4.0,-2.0,6.0,1.0,0.0,1.0,0.0,0.0,0.0,75.0,0.0,0.0,75.0,1591.3,1495.1
2017-06-22,2017,Botafogo RJ,Vasco,3.0,1.0,H,O,2.03,3.32,3.63,4,2.0,0.0,0.0,3.0,5.0,1.0,4.0,2.0,8.0,-6.0,3.0,-7.0,10.0,1.0,0.0,1.0,0.0,2.0,-2.0,66.7,0.0,0.0,100.0,1550.0,1491.2
2017-06-22,2017,Avai,Fluminense,0.0,3.0,A,O,2.9,3.12,2.46,4,1.0,1.0,0.0,2.0,2.0,5.0,-3.0,1.0,7.0,-6.0,1.0,-2.0,3.0,0.0,0.0,0.0,0.0,1.0,-1.0,33.3,0.0,33.3,66.7,1433.5,1479.7
2017-06-22,2017,Atletico-MG,Sport Recife,2.0,2.0,D,O,1.44,4.35,6.88,5,1.0,0.0,1.0,3.0,3.0,1.0,2.0,3.0,7.0,-4.0,0.0,-6.0,6.0,0.0,0.0,0.0,0.0,1.0,-1.0,25.0,50.0,0.0,100.0,1546.7,1482.5
2017-06-22,2017,Athletico-PR,Sao Paulo,1.0,0.0,H,U,2.44,3.02,3.04,4,0.0,0.0,2.0,2.0,1.0,2.0,-1.0,5.0,4.0,1.0,-4.0,-2.0,-2.0,0.0,0.0,0.0,2.0,0.0,2.0,0.0,66.7,0.0,75.0,1502.8,1512.5
2017-06-21,2017,Vitoria,Santos,0.0,2.0,A,U,2.4,3.14,2.99,5,1.0,1.0,1.0,2.0,4.0,4.0,0.0,3.0,5.0,-2.0,1.0,-1.0,2.0,1.0,1.0,0.0,0.0,1.0,-1.0,25.0,50.0,33.3,66.7,1469.9,1592.8
2017-06-20,2017,Cruzeiro,Gremio,3.0,3.0,D,O,2.24,3.12,3.27,4,2.0,2.0,1.0,1.0,3.0,11.0,-8.0,2.0,7.0,-5.0,1.0,4.0,-3.0,1.0,2.0,-1.0,1.0,0.0,1.0,66.7,33.3,75.0,25.0,1526.6,1558.2
2017-06-18,2017,Sport Recife,Vitoria,1.0,3.0,A,O,1.68,3.6,5.13,5,2.0,0.0,0.0,2.0,6.0,1.0,5.0,3.0,4.0,-1.0,3.0,-3.0,6.0,1.0,0.0,1.0,0.0,1.0,-1.0,50.0,0.0,0.0,66.7,1493.4,1458.9
2017-06-18,2017,Sao Paulo,Atletico-MG,1.0,2.0,A,O,1.67,3.73,5.01,4,3.0,0.0,0.0,1.0,6.0,1.0,5.0,0.0,3.0,-3.0,6.0,-2.0,8.0,3.0,0.0,3.0,0.0,1.0,-1.0,100.0,0.0,0.0,33.3,1522.0,1537.1
2017-06-18,2017,Santos,Ponte Preta,0.0,0.0,D,U,1.68,3.53,5.29,5,2.0,0.0,1.0,2.0,2.0,2.0,0.0,1.0,7.0,-6.0,1.0,-5.0,6.0,0.0,0.0,0.0,0.0,2.0,-2.0,75.0,25.0,0.0,75.0,1595.3,1504.8
2017-06-18,2017,Fluminense,Flamengo RJ,2.0,2.0,D,O,3.53,3.3,2.08,5,1.0,0.0,1.0,1.0,3.0,2.0,1.0,4.0,4.0,0.0,-1.0,-2.0,1.0,0.0,0.0,0.0,1.0,1.0,0.0,50.0,25.0,25.0,25.0,1476.8,1580.5
2017-06-18,2017,Coritiba,Corinthians,0.0,0.0,D,U,2.71,2.99,2.73,5,2.0,3.0,0.0,0.0,2.0,7.0,-5.0,0.0,2.0,-2.0,2.0,5.0,-3.0,0.0,1.0,-1.0,0.0,0.0,0.0,75.0,0.0,100.0,0.0,1520.8,1593.3
2017-06-18,2017,Chapecoense-SC,Botafogo RJ,0.0,2.0,A,U,1.81,3.39,4.49,5,2.0,0.0,1.0,1.0,7.0,2.0,5.0,7.0,3.0,4.0,0.0,-1.0,1.0,1.0,0.0,1.0,1.0,0.0,1.0,75.0,25.0,0.0,50.0,1534.5,1540.1
2017-06-18,2017,Bahia,Palmeiras,2.0,4.0,A,O,2.38,3.08,3.07,4,3.0,0.0,0.0,3.0,10.0,0.0,10.0,2.0,4.0,-2.0,8.0,-4.0,12.0,2.0,0.0,2.0,0.0,1.0,-1.0,100.0,0.0,0.0,100.0,1502.7,1587.3
2017-06-17,2017,Vasco,Avai,1.0,0.0,H,U,1.46,4.08,7.16,5,2.0,0.0,1.0,3.0,7.0,1.0,6.0,8.0,6.0,2.0,-1.0,-5.0,4.0,0.0,0.0,0.0,1.0,2.0,-1.0,75.0,25.0,0.0,100.0,1482.4,1442.4
2017-06-17,2017,Atletico GO,Athletico-PR,0.0,1.0,A,U,2.28,3.15,3.17,5,2.0,1.0,1.0,1.0,6.0,2.0,4.0,2.0,2.0,0.0,4.0,0.0,4.0,2.0,0.0,2.0,0.0,0.0,0.0,50.0,50.0,25.0,50.0,1477.0,1493.3
2017-06-16,2017,Fluminense,Gremio,0.0,2.0,A,U,2.45,3.15,2.89,4,2.0,2.0,0.0,1.0,6.0,11.0,-5.0,4.0,7.0,-3.0,2.0,4.0,-2.0,0.0,2.0,-2.0,0.0,0.0,0.0,66.7,0.0,66.7,33.3,1485.0,1550.1
2017-06-15,2017,Santos,Palmeiras,1.0,0.0,H,U,2.23,3.23,3.2,4,2.0,0.0,1.0,3.0,2.0,0.0,2.0,1.0,4.0,-3.0,1.0,-4.0,5.0,0.0,0.0,0.0,0.0,1.0,-1.0,66.7,33.3,0.0,100.0,1585.0,1597.7
2017-06-15,2017,Flamengo RJ,Ponte Preta,2.0,0.0,H,U,1.55,3.92,5.96,3,,0.0,,2.0,,2.0,,,7.0,,,-5.0,,,0.0,,,2.0,,0.0,0.0,0.0,66.7,1572.2,1513.2
2017-06-15,2017,Coritiba,Bahia,0.0,0.0,D,U,1.83,3.31,4.56,4,3.0,0.0,0.0,3.0,6.0,1.0,5.0,1.0,4.0,-3.0,5.0,-3.0,8.0,1.0,0.0,1.0,0.0,0.0,0.0,100.0,0.0,0.0,100.0,1521.4,1502.2
2017-06-15,2017,Corinthians,Cruzeiro,1.0,0.0,H,U,1.82,3.33,4.59,4,2.0,1.0,0.0,1.0,6.0,2.0,4.0,3.0,2.0,1.0,3.0,0.0,3.0,1.0,0.0,1.0,0.0,0.0,0.0,66.7,0.0,33.3,33.3,1584.7,1535.1
2017-06-15,2017,Chapecoense-SC,Vasco,2.0,1.0,H,O,1.74,3.51,4.75,4,2.0,,1.0,,6.0,,,6.0,,,0.0,,,1.0,,,1.0,,,66.7,33.3,0.0,100.0,1525.5,1491.4
2017-06-14,2017,Vitoria,Botafogo RJ,2.0,2.0,D,O,2.25,3.11,3.31,4,1.0,0.0,2.0,2.0,2.0,0.0,2.0,2.0,3.0,-1.0,0.0,-3.0,3.0,1.0,0.0,1.0,0.0,1.0,-1.0,33.3,66.7,0.0,66.7,1456.5,1542.6
2017-06-14,2017,Sport Recife,Sao Paulo,0.0,0.0,D,U,2.38,3.19,2.96,4,2.0,0.0,0.0,3.0,7.0,2.0,5.0,4.0,5.0,-1.0,3.0,-3.0,6.0,1.0,0.0,1.0,0.0,0.0,0.0,66.7,0.0,0.0,100.0,1492.6,1522.9
2017-06-14,2017,Atletico-MG,Athletico-PR,0.0,1.0,A,U,1.57,3.85,5.82,4,1.0,0.0,1.0,2.0,4.0,3.0,1.0,4.0,8.0,-4.0,0.0,-5.0,5.0,0.0,0.0,0.0,0.0,1.0,-1.0,33.3,33.3,0.0,66.7,1549.0,1481.4
2017-06-14,2017,Atletico GO,Avai,3.0,1.0,H,O,1.92,3.26,4.12,4,1.0,0.0,2.0,3.0,3.0,0.0,3.0,4.0,5.0,-1.0,-1.0,-5.0,4.0,1.0,0.0,1.0,1.0,2.0,-1.0,33.3,66.7,0.0,100.0,1467.5,1451.9
2017-06-13,2017,Gremio,Bahia,1.0,0.0,H,U,1.53,3.89,6.45,3,,,,,,,,,,,,,,,,,,,,100.0,0.0,0.0,100.0,1540.9,1511.3
2017-06-11,2017,Vitoria,Atletico-MG,2.0,0.0,H,U,2.59,3.28,2.64,3,,,,,,,,,,,,,,,,,,,,0.0,100.0,0.0,0.0,1443.2,1562.3
2017-06-11,2017,Ponte Preta,Chapecoense-SC,3.0,2.0,H,O,1.85,3.36,4.33,3,,,,,,,,,,,,,,,,,,,,100.0,0.0,50.0,0.0,1502.2,1536.5
2017-06-11,2017,Cruzeiro,Atletico GO,2.0,0.0,H,U,1.36,4.68,8.48,3,,,,,,,,,,,,,,,,,,,,50.0,50.0,0.0,100.0,1526.6,1476.1
2017-06-11,2017,Corinthians,Sao Paulo,3.0,2.0,H,O,1.95,3.18,4.15,3,,,,,,,,,,,,,,,,,,,,50.0,0.0,0.0,100.0,1576.0,1531.6
2017-06-11,2017,Botafogo RJ,Coritiba,2.0,2.0,D,O,2.01,3.15,3.91,3,,,,,,,,,,,,,,,,,,,,100.0,0.0,50.0,50.0,1543.2,1520.7
2017-06-11,2017,Avai,Flamengo RJ,1.0,1.0,D,U,3.52,3.2,2.1,3,,1.0,,1.0,,4.0,,,3.0,,,1.0,,,1.0,,,1.0,,50.0,0.0,33.3,33.3,1448.4,1575.7
2017-06-11,2017,Athletico-PR,Santos,0.0,2.0,A,U,2.04,3.18,3.77,3,,,,,,,,,,,,,,,,,,,,0.0,50.0,0.0,100.0,1488.9,1577.5
2017-06-10,2017,Vasco,Sport Recife,2.0,1.0,H,O,1.75,3.61,4.54,4,2.0,,1.0,,7.0,,,8.0,,,-1.0,,,0.0,,,1.0,,,66.7,33.3,0.0,100.0,1480.7,1503.2
2017-06-10,2017,Palmeiras,Fluminense,3.0,1.0,H,O,1.55,3.81,6.11,3,,,,,,,,,,,,,,,,,,,,50.0,0.0,50.0,50.0,1590.4,1492.2
2017-06-09,2017,Chapecoense-SC,Gremio,3.0,6.0,A,O,2.5,3.07,2.89,3,,,,,,,,,,,,,,,,,,,,100.0,0.0,50.0,50.0,1547.0,1530.5
2017-06-09,2017,Bahia,Cruzeiro,1.0,0.0,H,U,2.31,3.12,3.14,3,,,,,,,,,,,,,,,,,,,,100.0,0.0,50.0,0.0,1500.3,1537.7
2017-06-08,2017,Vasco,Corinthians,2.0,5.0,A,O,2.51,3.11,2.84,3,,,,,,,,,,,,,,,,,,,,100.0,0.0,100.0,0.0,1488.5,1568.3
2017-06-08,2017,Sport Recife,Flamengo RJ,2.0,0.0,H,U,3.05,3.15,2.35,3,,,,,,,,,,,,,,,,,,,,50.0,0.0,50.0,0.0,1490.5,1588.4
2017-06-08,2017,Sao Paulo,Vitoria,2.0,0.0,H,U,1.4,4.33,8.02,3,,,,,,,,,,,,,,,,,,,,100.0,0.0,0.0,50.0,1523.7,1451.1
2017-06-08,2017,Santos,Botafogo RJ,1.0,0.0,H,U,1.7,3.57,4.91,3,,,,,,,,,,,,,,,,,,,,50.0,50.0,0.0,50.0,1567.9,1552.8
2017-06-08,2017,Atletico GO,Ponte Preta,3.0,0.0,H,O,3.02,3.22,2.33,3,,,,,,,,,,,,,,,,,,,,0.0,100.0,0.0,50.0,1464.7,1513.6
2017-06-07,2017,Fluminense,Athletico-PR,1.0,1.0,D,U,1.63,3.67,5.43,3,,,,,,,,,,,,,,,,,,,,100.0,0.0,0.0,100.0,1492.3,1488.8
2017-06-07,2017,Coritiba,Palmeiras,1.0,0.0,H,U,2.44,3.09,2.95,3,,,,,,,,,,,,,,,,,,,,100.0,0.0,0.0,100.0,1508.0,1603.1
2017-06-07,2017,Atletico-MG,Avai,1.0,0.0,H,U,1.31,5.03,9.66,3,,,,,,,,,,,,,,,,,,,,0.0,50.0,0.0,100.0,1555.1,1455.6
2017-06-06,2017,Bahia,Atletico GO,3.0,0.0,H,O,1.45,4.27,6.92,2,,,,,,,,,,,,,,,,,,,,100.0,0.0,0.0,100.0,1490.7,1474.2
2017-06-04,2017,Ponte Preta,Sao Paulo,1.0,0.0,H,U,2.44,3.12,2.94,2,,,,,,,,,,,,,,,,,,,,100.0,0.0,0.0,100.0,1502.7,1534.6
2017-06-04,2017,Palmeiras,Atletico-MG,0.0,0.0,D,U,1.73,3.69,4.53,2,,,,,,,,,,,,,,,,,,,,100.0,0.0,0.0,0.0,1604.5,1553.7
2017-06-04,2017,Gremio,Vasco,2.0,0.0,H,U,1.39,4.4,8.36,2,,,,,,,,,,,,,,,,,,,,100.0,0.0,0.0,100.0,1521.1,1497.8
2017-06-04,2017,Flamengo RJ,Botafogo RJ,0.0,0.0,D,U,1.65,3.62,5.37,2,,,,,,,,,,,,,,,,,,,,0.0,0.0,0.0,100.0,1589.5,1551.7
2017-06-04,2017,Cruzeiro,Chapecoense-SC,0.0,2.0,A,U,1.53,3.73,6.59,2,,,,,,,,,,,,,,,,,,,,100.0,0.0,0.0,0.0,1548.0,1536.6
2017-06-04,2017,Avai,Sport Recife,1.0,0.0,H,U,2.4,3.08,3.04,2,,,,,,,,,,,,,,,,,,,,0.0,0.0,0.0,100.0,1443.9,1502.1
2017-06-03,2017,Fluminense,Vitoria,2.0,1.0,H,O,1.53,4.05,5.92,2,,,,,,,,,,,,,,,,,,,,100.0,0.0,0.0,0.0,1483.0,1460.5
2017-06-03,2017,Coritiba,Athletico-PR,1.0,0.0,H,U,1.86,3.27,4.4,2,,,,,,,,,,,,,,,,,,,,100.0,0.0,0.0,100.0,1498.0,1498.8
2017-06-03,2017,Corinthians,Santos,2.0,0.0,H,U,1.74,3.45,4.9,2,,,,,,,,,,,,,,,,,,,,0.0,0.0,0.0,100.0,1557.7,1578.5
2017-05-30,2017,Chapecoense-SC,Avai,2.0,0.0,H,U,1.58,3.62,6.19,2,,,,,,,,,,,,,,,,,,,,100.0,0.0,0.0,100.0,1528.8,1451.8
2017-05-28,2017,Vitoria,Coritiba,0.0,1.0,A,U,2.14,3.19,3.46,2,,,,,,,,,,,,,,,,,,,,0.0,100.0,0.0,100.0,1469.9,1488.6
2017-05-28,2017,Sport Recife,Gremio,4.0,3.0,H,O,1.89,3.29,4.23,2,,,,,,,,,,,,,,,,,,,,0.0,0.0,100.0,0.0,1490.9,1532.3
2017-05-28,2017,Santos,Cruzeiro,0.0,1.0,A,U,1.97,3.31,3.86,2,,,,,,,,,,,,,,,,,,,,100.0,0.0,0.0,0.0,1590.0,1536.5
2017-05-28,2017,Botafogo RJ,Bahia,1.0,0.0,H,U,1.99,3.27,3.86,2,,,,,,,,,,,,,,,,,,,,100.0,0.0,0.0,100.0,1542.9,1499.5
2017-05-28,2017,Atletico-MG,Ponte Preta,2.0,2.0,D,O,1.51,4.1,6.09,2,,,,,,,,,,,,,,,,,,,,0.0,100.0,0.0,100.0,1555.2,1501.1
2017-05-28,2017,Atletico GO,Corinthians,0.0,1.0,A,U,4.06,3.23,1.94,2,,,,,,,,,,,,,,,,,,,,0.0,100.0,100.0,0.0,1482.3,1549.6
2017-05-28,2017,Athletico-PR,Flamengo RJ,1.0,1.0,D,U,2.87,3.13,2.48,2,,,,,,,,,,,,,,,,,,,,0.0,100.0,100.0,0.0,1496.1,1592.2
2017-05-27,2017,Vasco,Fluminense,3.0,2.0,H,O,2.63,3.23,2.62,2,,,,,,,,,,,,,,,,,,,,100.0,0.0,100.0,0.0,1487.7,1493.1
2017-05-27,2017,Sao Paulo,Palmeiras,2.0,0.0,H,U,2.47,3.11,2.9,2,,,,,,,,,,,,,,,,,,,,100.0,0.0,0.0,100.0,1521.9,1617.2
2017-05-23,2017,Sao Paulo,Avai,2.0,0.0,H,U,1.32,4.82,9.71,1,,,,,,,,,,,,,,,,,,,,,,,,1513.5,1460.2
2017-05-21,2017,Vitoria,Corinthians,0.0,1.0,A,U,3.13,3.12,2.32,1,,,,,,,,,,,,,,,,,,,,,,,,1478.1,1541.4
2017-05-21,2017,Vasco,Bahia,2.0,1.0,H,O,1.82,3.46,4.31,1,,,,,,,,,,,,,,,,,,,,,,,,1476.7,1510.5
2017-05-21,2017,Sport Recife,Cruzeiro,1.0,1.0,D,U,2.61,3.13,2.72,1,,,,,,,,,,,,,,,,,,,,,,,,1489.6,1537.8
2017-05-21,2017,Botafogo RJ,Ponte Preta,2.0,0.0,H,U,2.06,3.22,3.63,1,,,,,,,,,,,,,,,,,,,,,,,,1533.6,1510.5
2017-05-21,2017,Atletico-MG,Fluminense,1.0,2.0,A,O,1.64,3.92,4.91,1,,,,,,,,,,,,,,,,,,,,,,,,1567.7,1480.7
2017-05-21,2017,Athletico-PR,Gremio,0.0,2.0,A,U,2.53,3.02,2.89,1,,,,,,,,,,,,,,,,,,,,,,,,1505.6,1522.8
2017-05-20,2017,Santos,Coritiba,1.0,0.0,H,U,1.58,3.88,5.56,1,,,,,,,,,,,,,,,,,,,,,,,,1582.4,1496.1
2017-05-20,2017,Chapecoense-SC,Palmeiras,1.0,0.0,H,U,3.03,3.19,2.34,1,,,,,,,,,,,,,,,,,,,,,,,,1515.6,1630.4
2017-05-20,2017,Atletico GO,Flamengo RJ,0.0,3.0,A,O,4.02,3.32,1.92,1,,,,,,,,,,,,,,,,,,,,,,,,1489.6,1584.9
2017-05-16,2017,Coritiba,Atletico GO,4.0,1.0,H,O,1.6,3.6,5.99,1,,,,,,,,,,,,,,,,,,,,,,,,1485.7,1500.0
2017-05-14,2017,Ponte Preta,Sport Recife,4.0,0.0,H,O,1.61,3.69,5.65,1,,,,,,,,,,,,,,,,,,,,,,,,1500.5,1499.5
2017-05-14,2017,Palmeiras,Vasco,4.0,0.0,H,O,1.4,4.41,7.88,1,,,,,,,,,,,,,,,,,,,,,,,,1624.3,1482.8
2017-05-14,2017,Gremio,Botafogo RJ,2.0,0.0,H,U,1.69,3.48,5.27,1,,,,,,,,,,,,,,,,,,,,,,,,1511.9,1544.6
2017-05-14,2017,Fluminense,Santos,3.0,2.0,H,O,1.92,3.43,3.9,1,,,,,,,,,,,,,,,,,,,,,,,,1467.1,1596.0
2017-05-14,2017,Cruzeiro,Sao Paulo,1.0,0.0,H,U,1.99,3.19,3.95,1,,,,,,,,,,,,,,,,,,,,,,,,1528.0,1523.3
2017-05-14,2017,Bahia,Athletico-PR,6.0,2.0,H,O,1.72,3.37,5.25,1,,,,,,,,,,,,,,,,,,,,,,,,1500.0,1516.0
2017-05-14,2017,Avai,Vitoria,0.0,0.0,D,U,2.32,3.11,3.15,1,,,,,,,,,,,,,,,,,,,,,,,,1459.7,1478.7
2017-05-13,2017,Flamengo RJ,Atletico-MG,1.0,1.0,D,U,1.87,3.49,4.04,1,,,,,,,,,,,,,,,,,,,,,,,,1585.4,1567.1
2017-05-13,2017,Corinthians,Chapecoense-SC,1.0,1.0,D,U,1.34,4.55,9.79,1,,,,,,,,,,,,,,,,,,,,,,,,1542.1,1514.9
2016-12-11,2016,Vitoria,Palmeiras,1.0,2.0,A,O,1.88,3.46,4.0,19,2.0,1.0,1.0,1.0,7.0,3.0,4.0,3.0,3.0,0.0,4.0,0.0,4.0,1.0,0.0,1.0,0.0,0.0,0.0,44.4,33.3,50.0,27.8,1485.0,1617.9
2016-12-11,2016,Sport Recife,Figueirense,2.0,0.0,H,U,1.24,5.55,11.75,19,2.0,0.0,1.0,3.0,2.0,0.0,2.0,1.0,8.0,-7.0,1.0,-8.0,9.0,0.0,0.0,0.0,0.0,2.0,-2.0,50.0,22.2,5.6,72.2,1491.1,1437.6
2016-12-11,2016,Sao Paulo,Santa Cruz,5.0,0.0,H,O,1.26,5.77,10.12,19,2.0,0.0,0.0,2.0,7.0,1.0,6.0,1.0,5.0,-4.0,6.0,-4.0,10.0,2.0,0.0,2.0,0.0,1.0,-1.0,44.4,27.8,5.6,66.7,1516.1,1418.1
2016-12-11,2016,Santos,America MG,1.0,0.0,H,U,1.19,6.42,14.32,19,2.0,0.0,0.0,3.0,5.0,0.0,5.0,3.0,6.0,-3.0,2.0,-6.0,8.0,0.0,0.0,0.0,0.0,2.0,-2.0,77.8,11.1,0.0,77.8,1590.7,1413.6
2016-12-11,2016,Ponte Preta,Coritiba,2.0,0.0,H,U,1.63,3.78,5.22,19,2.0,0.0,1.0,1.0,5.0,2.0,3.0,2.0,4.0,-2.0,3.0,-2.0,5.0,1.0,0.0,1.0,0.0,1.0,-1.0,66.7,22.2,11.1,55.6,1490.3,1495.9
2016-12-11,2016,Gremio,Botafogo RJ,0.0,1.0,A,U,3.52,3.3,2.05,19,1.0,1.0,1.0,1.0,3.0,1.0,2.0,3.0,1.0,2.0,0.0,0.0,0.0,1.0,0.0,1.0,1.0,0.0,1.0,61.1,16.7,33.3,50.0,1521.5,1534.9
2016-12-11,2016,Fluminense,Internacional,1.0,1.0,D,U,3.9,3.47,1.9,19,0.0,0.0,1.0,2.0,4.0,0.0,4.0,5.0,2.0,3.0,-1.0,-2.0,1.0,0.0,0.0,0.0,0.0,0.0,0.0,44.4,27.8,11.1,66.7,1466.8,1477.9
2016-12-11,2016,Cruzeiro,Corinthians,3.0,2.0,H,O,2.39,3.28,2.87,19,1.0,0.0,0.0,1.0,6.0,3.0,3.0,4.0,7.0,-3.0,2.0,-4.0,6.0,1.0,0.0,1.0,0.0,1.0,-1.0,33.3,27.8,27.8,55.6,1516.9,1553.2
2016-12-11,2016,Athletico-PR,Flamengo RJ,0.0,0.0,D,U,2.13,3.29,3.34,19,3.0,1.0,0.0,1.0,5.0,4.0,1.0,0.0,4.0,-4.0,5.0,0.0,5.0,2.0,0.0,2.0,0.0,0.0,0.0,83.3,5.6,44.4,27.8,1514.0,1587.5
2016-11-28,2016,Coritiba,Vitoria,0.0,1.0,A,U,2.26,3.26,3.12,19,2.0,0.0,0.0,2.0,4.0,4.0,0.0,1.0,6.0,-5.0,3.0,-2.0,5.0,1.0,0.0,1.0,0.0,0.0,0.0,50.0,11.1,16.7,55.6,1506.8,1474.1
2016-11-27,2016,Santa Cruz,Gremio,5.0,1.0,H,O,2.34,3.31,2.93,19,1.0,0.0,1.0,0.0,4.0,2.0,2.0,4.0,2.0,2.0,0.0,0.0,0.0,0.0,0.0,0.0,0.0,0.0,0.0,33.3,55.6,16.7,44.4,1404.5,1535.1
2016-11-27,2016,Palmeiras,Chapecoense-SC,1.0,0.0,H,U,1.43,4.22,7.58,19,3.0,1.0,0.0,0.0,4.0,3.0,1.0,1.0,1.0,0.0,3.0,2.0,1.0,0.0,1.0,-1.0,0.0,0.0,0.0,72.2,5.6,27.8,33.3,1610.4,1522.4
2016-11-27,2016,Internacional,Cruzeiro,1.0,0.0,H,U,1.67,3.58,5.22,19,1.0,2.0,0.0,1.0,4.0,2.0,2.0,3.0,1.0,2.0,1.0,1.0,0.0,0.0,0.0,0.0,0.0,0.0,0.0,44.4,27.8,38.9,50.0,1466.2,1528.7
2016-11-27,2016,Flamengo RJ,Santos,2.0,0.0,H,U,1.84,3.48,4.13,19,0.0,2.0,0.0,0.0,4.0,5.0,-1.0,4.0,3.0,1.0,0.0,2.0,-2.0,0.0,0.0,0.0,0.0,0.0,0.0,61.1,11.1,38.9,44.4,1576.8,1601.4
2016-11-27,2016,Figueirense,Fluminense,1.0,0.0,H,U,2.94,3.14,2.42,19,0.0,0.0,1.0,2.0,2.0,3.0,-1.0,3.0,6.0,-3.0,-1.0,-3.0,2.0,0.0,0.0,0.0,0.0,1.0,-1.0,33.3,16.7,27.8,44.4,1426.2,1478.3
2016-11-27,2016,Atletico-MG,Sao Paulo,1.0,2.0,A,O,2.73,3.28,2.5,19,1.0,1.0,0.0,2.0,6.0,2.0,4.0,3.0,4.0,-1.0,3.0,-2.0,5.0,1.0,0.0,1.0,0.0,1.0,-1.0,72.2,11.1,22.2,50.0,1579.3,1503.9
2016-11-26,2016,Corinthians,Athletico-PR,0.0,0.0,D,U,1.71,3.45,5.11,19,2.0,0.0,0.0,2.0,4.0,3.0,1.0,1.0,5.0,-4.0,3.0,-2.0,5.0,1.0,0.0,1.0,0.0,0.0,0.0,55.6,11.1,11.1,77.8,1554.4,1512.8
2016-11-26,2016,Botafogo RJ,Ponte Preta,1.0,1.0,D,U,1.71,3.51,5.02,19,1.0,0.0,1.0,2.0,3.0,1.0,2.0,4.0,4.0,0.0,-1.0,-3.0,2.0,0.0,0.0,0.0,1.0,1.0,0.0,55.6,22.2,11.1,61.1,1536.3,1489.0
2016-11-26,2016,America MG,Sport Recife,2.0,2.0,D,O,3.33,3.23,2.18,19,2.0,1.0,1.0,2.0,2.0,4.0,-2.0,1.0,4.0,-3.0,1.0,0.0,1.0,0.0,1.0,-1.0,0.0,1.0,-1.0,38.9,50.0,16.7,72.2,1411.3,1493.4
2016-11-21,2016,Corinthians,Internacional,1.0,0.0,H,U,2.08,3.15,3.68,18,1.0,0.0,0.0,2.0,3.0,0.0,3.0,1.0,2.0,-1.0,2.0,-2.0,4.0,1.0,0.0,1.0,0.0,0.0,0.0,52.9,11.8,11.8,64.7,1546.4,1474.1
2016-11-20,2016,Vitoria,Figueirense,4.0,0.0,H,O,1.56,3.96,5.74,18,1.0,0.0,2.0,2.0,3.0,0.0,3.0,4.0,4.0,0.0,-1.0,-4.0,3.0,0.0,0.0,0.0,0.0,1.0,-1.0,41.2,35.3,5.9,70.6,1464.9,1435.3
2016-11-20,2016,Santa Cruz,Atletico-MG,3.0,3.0,D,O,2.28,3.48,2.9,18,1.0,0.0,2.0,2.0,3.0,2.0,1.0,5.0,5.0,0.0,-2.0,-3.0,1.0,0.0,0.0,0.0,1.0,1.0,0.0,35.3,58.8,23.5,35.3,1399.6,1584.1
2016-11-20,2016,Ponte Preta,Fluminense,1.0,0.0,H,U,2.24,3.23,3.19,18,2.0,0.0,1.0,2.0,6.0,4.0,2.0,2.0,7.0,-5.0,4.0,-3.0,7.0,2.0,0.0,2.0,0.0,1.0,-1.0,64.7,23.5,29.4,41.2,1478.7,1488.6
2016-11-20,2016,Palmeiras,Botafogo RJ,1.0,0.0,H,U,1.52,3.91,6.48,18,2.0,2.0,0.0,0.0,3.0,2.0,1.0,1.0,0.0,1.0,2.0,2.0,0.0,0.0,0.0,0.0,0.0,0.0,0.0,70.6,5.9,35.3,47.1,1602.0,1544.7
2016-11-20,2016,Gremio,America MG,3.0,0.0,H,O,1.51,3.99,6.38,18,1.0,0.0,1.0,3.0,1.0,0.0,1.0,3.0,6.0,-3.0,-2.0,-6.0,4.0,0.0,0.0,0.0,1.0,2.0,-1.0,58.8,17.6,0.0,76.5,1528.1,1418.2
2016-11-20,2016,Flamengo RJ,Coritiba,2.0,2.0,D,O,1.39,4.41,8.01,18,1.0,0.0,0.0,2.0,5.0,0.0,5.0,2.0,3.0,-1.0,3.0,-3.0,6.0,1.0,0.0,1.0,0.0,1.0,-1.0,64.7,11.8,11.8,58.8,1578.9,1504.7
2016-11-20,2016,Cruzeiro,Santos,2.0,2.0,D,O,2.14,3.34,3.29,18,2.0,3.0,0.0,0.0,6.0,4.0,2.0,2.0,1.0,1.0,4.0,3.0,1.0,2.0,0.0,2.0,0.0,0.0,0.0,35.3,29.4,41.2,47.1,1526.5,1603.6
2016-11-20,2016,Chapecoense-SC,Sao Paulo,2.0,0.0,H,U,2.62,3.05,2.77,18,2.0,1.0,1.0,1.0,4.0,3.0,1.0,1.0,3.0,-2.0,3.0,0.0,3.0,1.0,0.0,1.0,0.0,0.0,0.0,41.2,23.5,23.5,47.1,1512.3,1514.0
2016-11-20,2016,Athletico-PR,Sport Recife,2.0,0.0,H,U,1.81,3.4,4.49,18,3.0,1.0,0.0,2.0,6.0,4.0,2.0,1.0,5.0,-4.0,5.0,-1.0,6.0,2.0,1.0,1.0,0.0,1.0,-1.0,82.4,5.9,17.6,70.6,1502.7,1503.4
2016-11-17,2016,Sao Paulo,Gremio,1.0,1.0,D,U,1.94,3.18,4.16,18,2.0,1.0,1.0,0.0,6.0,2.0,4.0,1.0,1.0,0.0,5.0,1.0,4.0,2.0,0.0,2.0,0.0,0.0,0.0,47.1,29.4,17.6,47.1,1513.6,1528.6
2016-11-17,2016,Santos,Vitoria,3.0,2.0,H,O,1.4,4.59,7.12,18,2.0,0.0,0.0,2.0,4.0,2.0,2.0,2.0,5.0,-3.0,2.0,-3.0,5.0,0.0,0.0,0.0,0.0,1.0,-1.0,76.5,11.8,17.6,52.9,1597.0,1471.5
2016-11-17,2016,Internacional,Ponte Preta,1.0,1.0,D,U,1.52,3.77,6.65,18,2.0,0.0,0.0,3.0,4.0,0.0,4.0,2.0,5.0,-3.0,2.0,-5.0,7.0,0.0,0.0,0.0,0.0,2.0,-2.0,47.1,29.4,11.8,64.7,1474.0,1478.8
2016-11-17,2016,Atletico-MG,Palmeiras,1.0,1.0,D,U,2.2,3.3,3.2,18,2.0,2.0,0.0,1.0,8.0,4.0,4.0,2.0,2.0,0.0,6.0,2.0,4.0,2.0,1.0,1.0,0.0,0.0,0.0,76.5,11.8,52.9,29.4,1583.6,1602.6
2016-11-16,2016,Sport Recife,Cruzeiro,0.0,1.0,A,U,2.17,3.13,3.45,18,2.0,1.0,0.0,1.0,3.0,1.0,2.0,1.0,1.0,0.0,2.0,0.0,2.0,0.0,0.0,0.0,0.0,0.0,0.0,52.9,17.6,35.3,52.9,1513.3,1516.6
2016-11-16,2016,Figueirense,Corinthians,1.0,1.0,D,U,2.85,3.14,2.5,18,0.0,1.0,2.0,1.0,1.0,6.0,-5.0,3.0,8.0,-5.0,-2.0,-2.0,0.0,0.0,1.0,-1.0,0.0,1.0,-1.0,35.3,17.6,29.4,58.8,1432.0,1549.7
2016-11-16,2016,Coritiba,Santa Cruz,1.0,0.0,H,U,1.41,4.43,7.39,18,1.0,0.0,0.0,2.0,3.0,1.0,2.0,1.0,7.0,-6.0,2.0,-6.0,8.0,1.0,0.0,1.0,0.0,2.0,-2.0,47.1,11.8,5.9,64.7,1497.3,1407.1
2016-11-16,2016,Botafogo RJ,Chapecoense-SC,0.0,2.0,A,U,1.6,3.65,5.87,18,2.0,0.0,0.0,1.0,4.0,2.0,2.0,2.0,4.0,-2.0,2.0,-2.0,4.0,0.0,0.0,0.0,0.0,1.0,-1.0,58.8,17.6,23.5,35.3,1556.2,1500.7
2016-11-16,2016,America MG,Flamengo RJ,0.0,1.0,A,U,6.78,4.12,1.47,18,2.0,1.0,1.0,1.0,2.0,5.0,-3.0,2.0,5.0,-3.0,0.0,0.0,0.0,0.0,0.0,0.0,1.0,0.0,1.0,41.2,47.1,41.2,29.4,1424.2,1572.9
2016-11-15,2016,Fluminense,Athletico-PR,1.0,1.0,D,U,1.62,3.55,5.79,18,0.0,0.0,2.0,3.0,4.0,2.0,2.0,6.0,5.0,1.0,-2.0,-3.0,1.0,0.0,0.0,0.0,0.0,0.0,0.0,47.1,29.4,11.8,82.4,1488.2,1503.2
2016-11-07,2016,Gremio,Sport Recife,0.0,3.0,A,O,1.77,3.41,4.75,17,2.0,0.0,0.0,3.0,2.0,2.0,0.0,0.0,8.0,-8.0,2.0,-6.0,8.0,0.0,0.0,0.0,0.0,2.0,-2.0,62.5,12.5,12.5,75.0,1539.6,1502.2
2016-11-06,2016,Vitoria,Athletico-PR,3.0,2.0,H,O,1.79,3.39,4.63,17,1.0,0.0,2.0,3.0,2.0,0.0,2.0,2.0,4.0,-2.0,0.0,-4.0,4.0,1.0,0.0,1.0,0.0,1.0,-1.0,37.5,37.5,12.5,81.2,1459.9,1514.7
2016-11-06,2016,Santa Cruz,America MG,1.0,0.0,H,U,1.8,3.49,4.38,17,0.0,0.0,3.0,3.0,4.0,0.0,4.0,8.0,8.0,0.0,-4.0,-8.0,4.0,0.0,0.0,0.0,1.0,3.0,-2.0,31.2,62.5,0.0,75.0,1396.0,1435.3
2016-11-06,2016,Ponte Preta,Santos,1.0,2.0,A,O,2.34,3.2,3.0,17,2.0,2.0,1.0,1.0,6.0,2.0,4.0,2.0,1.0,1.0,4.0,1.0,3.0,2.0,0.0,2.0,0.0,0.0,0.0,68.8,18.8,37.5,50.0,1485.9,1590.0
2016-11-06,2016,Palmeiras,Internacional,1.0,0.0,H,U,1.59,3.66,5.98,17,2.0,0.0,0.0,2.0,4.0,1.0,3.0,2.0,4.0,-2.0,2.0,-3.0,5.0,0.0,0.0,0.0,0.0,1.0,-1.0,68.8,6.2,12.5,62.5,1595.8,1480.8
2016-11-06,2016,Cruzeiro,Fluminense,4.0,2.0,H,O,1.81,3.41,4.45,17,2.0,1.0,0.0,1.0,3.0,3.0,0.0,0.0,3.0,-3.0,3.0,0.0,3.0,1.0,0.0,1.0,0.0,0.0,0.0,31.2,31.2,31.2,37.5,1506.9,1497.9
2016-11-06,2016,Coritiba,Atletico-MG,2.0,0.0,H,U,2.45,3.19,2.87,17,1.0,1.0,0.0,1.0,4.0,4.0,0.0,1.0,4.0,-3.0,3.0,0.0,3.0,1.0,0.0,1.0,0.0,0.0,0.0,43.8,12.5,25.0,31.2,1484.1,1596.7
2016-11-06,2016,Chapecoense-SC,Figueirense,1.0,0.0,H,U,1.81,3.34,4.58,17,1.0,0.0,2.0,2.0,4.0,0.0,4.0,5.0,4.0,1.0,-1.0,-4.0,3.0,1.0,0.0,1.0,1.0,1.0,0.0,37.5,25.0,6.2,68.8,1492.2,1440.6
2016-11-05,2016,Sao Paulo,Corinthians,4.0,0.0,H,O,2.09,3.18,3.62,17,1.0,1.0,1.0,1.0,2.0,6.0,-4.0,1.0,6.0,-5.0,1.0,0.0,1.0,1.0,1.0,0.0,0.0,1.0,-1.0,43.8,31.2,31.2,56.2,1501.9,1561.4
2016-11-05,2016,Flamengo RJ,Botafogo RJ,0.0,0.0,D,U,1.67,3.65,5.13,17,2.0,2.0,0.0,1.0,7.0,2.0,5.0,3.0,1.0,2.0,4.0,1.0,3.0,1.0,0.0,1.0,0.0,0.0,0.0,68.8,12.5,37.5,50.0,1573.4,1555.7
2016-10-31,2016,America MG,Sao Paulo,1.0,0.0,H,U,3.94,3.25,1.97,17,2.0,1.0,1.0,1.0,2.0,3.0,-1.0,2.0,4.0,-2.0,0.0,-1.0,1.0,0.0,0.0,0.0,1.0,1.0,0.0,37.5,50.0,25.0,43.8,1422.7,1514.4
2016-10-29,2016,Santos,Palmeiras,1.0,0.0,H,U,2.3,3.25,3.05,17,2.0,3.0,0.0,0.0,5.0,7.0,-2.0,2.0,3.0,-1.0,3.0,4.0,-1.0,1.0,1.0,0.0,0.0,0.0,0.0,75.0,12.5,56.2,25.0,1579.2,1606.5
2016-10-29,2016,Internacional,Santa Cruz,1.0,1.0,D,U,1.33,4.66,9.56,17,3.0,0.0,0.0,3.0,4.0,1.0,3.0,1.0,9.0,-8.0,3.0,-8.0,11.0,0.0,0.0,0.0,0.0,3.0,-3.0,50.0,31.2,6.2,68.8,1483.3,1393.4
2016-10-29,2016,Figueirense,Gremio,0.0,0.0,D,U,2.39,3.06,3.07,17,1.0,1.0,2.0,1.0,4.0,2.0,2.0,4.0,2.0,2.0,0.0,0.0,0.0,1.0,0.0,1.0,0.0,0.0,0.0,37.5,18.8,18.8,50.0,1437.6,1542.6
2016-10-29,2016,Corinthians,Chapecoense-SC,1.0,1.0,D,U,1.53,3.86,6.46,17,1.0,0.0,1.0,2.0,2.0,1.0,1.0,1.0,4.0,-3.0,1.0,-3.0,4.0,1.0,0.0,1.0,0.0,1.0,-1.0,56.2,12.5,25.0,37.5,1563.5,1490.1
2016-10-29,2016,Botafogo RJ,Coritiba,0.0,0.0,D,U,1.73,3.42,5.0,17,3.0,0.0,0.0,3.0,6.0,1.0,5.0,2.0,5.0,-3.0,4.0,-4.0,8.0,1.0,0.0,1.0,0.0,1.0,-1.0,62.5,18.8,12.5,62.5,1557.9,1482.0
2016-10-29,2016,Atletico-MG,Flamengo RJ,2.0,2.0,D,O,2.23,3.36,3.09,17,3.0,1.0,0.0,1.0,9.0,3.0,6.0,1.0,3.0,-2.0,8.0,0.0,8.0,3.0,0.0,3.0,0.0,0.0,0.0,81.2,12.5,43.8,31.2,1597.4,1572.7
2016-10-29,2016,Athletico-PR,Cruzeiro,1.0,0.0,H,U,2.13,3.07,3.63,17,3.0,1.0,0.0,1.0,8.0,2.0,6.0,1.0,2.0,-1.0,7.0,0.0,7.0,3.0,0.0,3.0,0.0,0.0,0.0,81.2,6.2,37.5,50.0,1504.4,1517.3
2016-10-28,2016,Fluminense,Vitoria,2.0,2.0,D,O,1.59,3.88,5.46,17,1.0,1.0,2.0,2.0,5.0,4.0,1.0,5.0,4.0,1.0,0.0,0.0,0.0,1.0,1.0,0.0,0.0,1.0,-1.0,50.0,31.2,18.8,56.2,1499.1,1458.7
2016-10-27,2016,Sport Recife,Ponte Preta,1.0,0.0,H,U,1.91,3.35,4.04,17,2.0,0.0,0.0,3.0,3.0,0.0,3.0,1.0,7.0,-6.0,2.0,-7.0,9.0,0.0,0.0,0.0,0.0,3.0,-3.0,50.0,18.8,12.5,62.5,1492.1,1496.0
2016-10-24,2016,America MG,Athletico-PR,1.0,0.0,H,U,2.6,2.96,2.87,16,2.0,0.0,1.0,3.0,2.0,0.0,2.0,2.0,4.0,-2.0,0.0,-4.0,4.0,0.0,0.0,0.0,1.0,1.0,0.0,33.3,53.3,13.3,80.0,1409.7,1517.4
2016-10-23,2016,Vitoria,Cruzeiro,0.0,1.0,A,U,2.58,3.16,2.71,16,1.0,0.0,2.0,2.0,2.0,1.0,1.0,2.0,3.0,-1.0,0.0,-2.0,2.0,1.0,0.0,1.0,0.0,0.0,0.0,40.0,33.3,33.3,53.3,1467.6,1508.4
2016-10-23,2016,Palmeiras,Sport Recife,2.0,1.0,H,O,1.36,4.72,8.32,16,1.0,0.0,0.0,3.0,3.0,1.0,2.0,2.0,7.0,-5.0,1.0,-6.0,7.0,0.0,0.0,0.0,0.0,2.0,-2.0,66.7,6.7,13.3,73.3,1599.3,1499.3
2016-10-23,2016,Gremio,Internacional,0.0,0.0,D,U,2.14,3.07,3.6,16,2.0,0.0,1.0,3.0,2.0,1.0,1.0,1.0,5.0,-4.0,1.0,-4.0,5.0,0.0,0.0,0.0,0.0,1.0,-1.0,66.7,13.3,13.3,66.7,1544.4,1481.5
2016-10-23,2016,Flamengo RJ,Corinthians,2.0,2.0,D,O,1.64,3.67,5.29,16,3.0,1.0,0.0,1.0,7.0,5.0,2.0,1.0,5.0,-4.0,6.0,0.0,6.0,2.0,1.0,1.0,0.0,1.0,-1.0,73.3,13.3,33.3,60.0,1573.0,1563.2
2016-10-23,2016,Coritiba,Fluminense,1.0,1.0,D,U,2.21,3.18,3.29,16,1.0,2.0,0.0,1.0,4.0,3.0,1.0,1.0,2.0,-1.0,3.0,1.0,2.0,1.0,0.0,1.0,0.0,0.0,0.0,46.7,13.3,33.3,40.0,1481.4,1499.6
2016-10-23,2016,Chapecoense-SC,Santos,0.0,1.0,A,U,2.74,3.16,2.57,16,1.0,2.0,1.0,1.0,6.0,2.0,4.0,6.0,1.0,5.0,0.0,1.0,-1.0,1.0,0.0,1.0,1.0,0.0,1.0,40.0,20.0,33.3,53.3,1498.1,1571.2
2016-10-23,2016,Atletico-MG,Figueirense,3.0,0.0,H,O,1.27,5.2,10.91,16,3.0,0.0,0.0,2.0,7.0,0.0,7.0,1.0,3.0,-2.0,6.0,-3.0,9.0,2.0,0.0,2.0,0.0,1.0,-1.0,80.0,13.3,6.7,66.7,1591.4,1443.6
2016-10-22,2016,Sao Paulo,Ponte Preta,2.0,0.0,H,U,1.9,3.34,4.09,16,1.0,0.0,1.0,2.0,1.0,2.0,-1.0,1.0,7.0,-6.0,0.0,-5.0,5.0,0.0,0.0,0.0,0.0,2.0,-2.0,40.0,33.3,13.3,60.0,1504.4,1506.1
2016-10-20,2016,Santa Cruz,Botafogo RJ,0.0,1.0,A,U,2.76,3.2,2.52,16,1.0,2.0,2.0,1.0,5.0,2.0,3.0,7.0,1.0,6.0,-2.0,1.0,-3.0,0.0,0.0,0.0,1.0,0.0,1.0,33.3,60.0,33.3,53.3,1399.3,1552.0
2016-10-17,2016,Fluminense,Sao Paulo,1.0,2.0,A,O,1.93,3.31,3.98,16,1.0,0.0,2.0,2.0,5.0,1.0,4.0,5.0,4.0,1.0,0.0,-3.0,3.0,1.0,0.0,1.0,0.0,1.0,-1.0,53.3,26.7,20.0,46.7,1510.1,1493.9
2016-10-16,2016,Sport Recife,Vitoria,1.0,0.0,H,U,1.81,3.55,4.16,16,1.0,2.0,1.0,1.0,2.0,5.0,-3.0,2.0,3.0,-1.0,0.0,2.0,-2.0,0.0,1.0,-1.0,0.0,1.0,-1.0,46.7,20.0,20.0,53.3,1489.7,1477.2
2016-10-16,2016,Santos,Gremio,1.0,1.0,D,U,1.61,3.71,5.5,16,3.0,1.0,0.0,2.0,7.0,1.0,6.0,3.0,4.0,-1.0,4.0,-3.0,7.0,1.0,0.0,1.0,0.0,1.0,-1.0,80.0,13.3,20.0,53.3,1572.1,1543.5
2016-10-16,2016,Ponte Preta,Santa Cruz,3.0,0.0,H,O,1.58,3.84,5.59,16,2.0,0.0,1.0,3.0,6.0,3.0,3.0,2.0,9.0,-7.0,4.0,-6.0,10.0,2.0,0.0,2.0,0.0,2.0,-2.0,66.7,20.0,6.7,66.7,1498.7,1406.7
2016-10-16,2016,Internacional,Flamengo RJ,2.0,1.0,H,O,2.57,3.06,2.81,16,2.0,1.0,1.0,0.0,2.0,3.0,-1.0,1.0,2.0,-1.0,1.0,1.0,0.0,0.0,0.0,0.0,0.0,0.0,0.0,46.7,33.3,46.7,26.7,1468.2,1586.3
2016-10-16,2016,Figueirense,Palmeiras,1.0,2.0,A,O,4.65,3.46,1.77,16,1.0,3.0,1.0,0.0,5.0,7.0,-2.0,4.0,2.0,2.0,1.0,5.0,-4.0,1.0,2.0,-1.0,0.0,0.0,0.0,40.0,13.3,53.3,26.7,1449.7,1593.3
2016-10-16,2016,Cruzeiro,Chapecoense-SC,0.0,0.0,D,U,1.45,4.09,7.42,16,2.0,1.0,0.0,2.0,4.0,3.0,1.0,1.0,5.0,-4.0,3.0,-2.0,5.0,1.0,0.0,1.0,0.0,1.0,-1.0,33.3,33.3,26.7,40.0,1508.7,1497.8
2016-10-16,2016,Corinthians,America MG,2.0,0.0,H,U,1.33,4.82,8.85,16,0.0,0.0,2.0,2.0,0.0,2.0,-2.0,3.0,8.0,-5.0,-3.0,-6.0,3.0,0.0,0.0,0.0,1.0,2.0,-1.0,53.3,13.3,0.0,73.3,1557.0,1415.9
2016-10-16,2016,Botafogo RJ,Atletico-MG,3.0,2.0,H,O,2.57,3.15,2.75,16,2.0,1.0,1.0,0.0,3.0,3.0,0.0,1.0,2.0,-1.0,2.0,1.0,1.0,1.0,0.0,1.0,0.0,0.0,0.0,60.0,20.0,26.7,26.7,1540.2,1603.2
2016-10-16,2016,Athletico-PR,Coritiba,2.0,0.0,H,U,2.88,2.91,2.63,16,3.0,1.0,0.0,2.0,7.0,2.0,5.0,1.0,3.0,-2.0,6.0,-1.0,7.0,2.0,0.0,2.0,0.0,0.0,0.0,80.0,6.7,13.3,60.0,1507.9,1491.0
2016-10-14,2016,Sao Paulo,Santos,0.0,1.0,A,U,2.46,3.09,2.93,15,2.0,1.0,0.0,2.0,4.0,2.0,2.0,1.0,3.0,-2.0,3.0,-1.0,4.0,1.0,0.0,1.0,0.0,0.0,0.0,42.9,28.6,28.6,57.1,1502.2,1563.8
2016-10-14,2016,Gremio,Athletico-PR,1.0,0.0,H,U,1.54,3.66,6.87,15,1.0,0.0,1.0,3.0,1.0,0.0,1.0,1.0,4.0,-3.0,0.0,-4.0,4.0,0.0,0.0,0.0,0.0,1.0,-1.0,64.3,14.3,14.3,78.6,1534.0,1517.4
2016-10-14,2016,Fluminense,Flamengo RJ,1.0,2.0,A,O,3.17,3.16,2.28,15,2.0,1.0,1.0,0.0,8.0,3.0,5.0,5.0,2.0,3.0,3.0,1.0,2.0,2.0,0.0,2.0,0.0,0.0,0.0,57.1,21.4,42.9,28.6,1518.4,1578.0
2016-10-13,2016,Santa Cruz,Corinthians,2.0,4.0,A,O,4.27,3.48,1.82,15,1.0,0.0,1.0,2.0,5.0,2.0,3.0,5.0,5.0,0.0,0.0,-3.0,3.0,0.0,0.0,0.0,0.0,1.0,-1.0,35.7,57.1,28.6,64.3,1412.9,1550.8
2016-10-13,2016,Ponte Preta,Vitoria,2.0,0.0,H,U,1.67,3.64,5.04,15,1.0,2.0,1.0,1.0,5.0,6.0,-1.0,3.0,3.0,0.0,2.0,3.0,-1.0,1.0,1.0,0.0,0.0,0.0,0.0,64.3,21.4,21.4,50.0,1488.7,1487.2
2016-10-13,2016,Palmeiras,Cruzeiro,0.0,0.0,D,U,1.73,3.58,4.69,15,2.0,1.0,0.0,2.0,5.0,3.0,2.0,3.0,3.0,0.0,2.0,0.0,2.0,0.0,1.0,-1.0,0.0,0.0,0.0,71.4,7.1,35.7,57.1,1595.8,1506.2
2016-10-13,2016,Botafogo RJ,Internacional,1.0,0.0,H,U,1.95,3.21,4.07,15,2.0,0.0,1.0,3.0,3.0,2.0,1.0,1.0,6.0,-5.0,2.0,-4.0,6.0,1.0,0.0,1.0,0.0,1.0,-1.0,57.1,21.4,14.3,64.3,1531.8,1476.7
2016-10-13,2016,Atletico-MG,America MG,3.0,0.0,H,O,1.32,4.95,8.83,15,3.0,0.0,0.0,1.0,6.0,3.0,3.0,2.0,6.0,-4.0,4.0,-3.0,7.0,1.0,0.0,1.0,0.0,1.0,-1.0,78.6,14.3,0.0,71.4,1597.9,1421.2
2016-10-12,2016,Coritiba,Figueirense,0.0,0.0,D,U,1.5,3.83,6.9,15,2.0,0.0,0.0,3.0,8.0,1.0,7.0,1.0,6.0,-5.0,7.0,-5.0,12.0,2.0,0.0,2.0,0.0,2.0,-2.0,50.0,14.3,7.1,71.4,1492.2,1448.5
2016-10-12,2016,Chapecoense-SC,Sport Recife,3.0,0.0,H,O,1.94,3.36,3.91,15,1.0,0.0,1.0,3.0,4.0,1.0,3.0,6.0,7.0,-1.0,-2.0,-6.0,4.0,0.0,0.0,0.0,1.0,2.0,-1.0,35.7,21.4,14.3,71.4,1487.4,1500.0
2016-10-09,2016,Flamengo RJ,Santa Cruz,3.0,0.0,H,O,1.36,4.74,7.85,15,3.0,0.0,0.0,3.0,6.0,6.0,0.0,2.0,11.0,-9.0,4.0,-5.0,9.0,1.0,0.0,1.0,0.0,2.0,-2.0,71.4,14.3,7.1,64.3,1572.1,1418.8
2016-10-09,2016,Figueirense,Botafogo RJ,0.0,1.0,A,U,2.57,3.09,2.8,15,2.0,2.0,0.0,1.0,6.0,3.0,3.0,3.0,1.0,2.0,3.0,2.0,1.0,1.0,1.0,0.0,0.0,0.0,0.0,42.9,7.1,28.6,57.1,1456.5,1523.7
2016-10-09,2016,Cruzeiro,Ponte Preta,2.0,0.0,H,U,1.67,3.64,5.1,15,1.0,0.0,1.0,2.0,2.0,3.0,-1.0,3.0,7.0,-4.0,-1.0,-4.0,3.0,0.0,0.0,0.0,1.0,1.0,0.0,28.6,35.7,14.3,57.1,1496.2,1498.8
2016-10-09,2016,America MG,Palmeiras,0.0,2.0,A,U,7.37,4.24,1.43,15,2.0,2.0,1.0,0.0,2.0,5.0,-3.0,2.0,2.0,0.0,0.0,3.0,-3.0,0.0,1.0,-1.0,1.0,0.0,1.0,35.7,50.0,50.0,28.6,1426.8,1590.2
2016-10-06,2016,Sport Recife,Sao Paulo,1.0,1.0,D,U,2.14,3.2,3.45,15,2.0,0.0,1.0,3.0,6.0,1.0,5.0,4.0,5.0,-1.0,2.0,-4.0,6.0,1.0,0.0,1.0,0.0,1.0,-1.0,50.0,21.4,21.4,50.0,1500.0,1502.2
2016-10-06,2016,Santos,Fluminense,2.0,1.0,H,O,1.95,3.34,3.89,15,3.0,2.0,0.0,1.0,7.0,2.0,5.0,3.0,1.0,2.0,4.0,1.0,3.0,1.0,0.0,1.0,0.0,0.0,0.0,78.6,14.3,35.7,35.7,1554.6,1527.6
2016-10-06,2016,Internacional,Coritiba,1.0,0.0,H,U,1.77,3.31,4.95,15,2.0,1.0,1.0,2.0,3.0,2.0,1.0,2.0,3.0,-1.0,1.0,-1.0,2.0,0.0,0.0,0.0,0.0,0.0,0.0,42.9,35.7,14.3,57.1,1465.6,1503.3
2016-10-06,2016,Corinthians,Atletico-MG,0.0,0.0,D,U,1.91,3.49,3.88,15,1.0,1.0,2.0,1.0,3.0,5.0,-2.0,3.0,6.0,-3.0,0.0,-1.0,1.0,1.0,0.0,1.0,1.0,1.0,0.0,57.1,14.3,28.6,28.6,1549.4,1599.4
2016-10-05,2016,Vitoria,Gremio,0.0,1.0,A,U,2.09,3.28,3.47,15,1.0,0.0,2.0,3.0,3.0,0.0,3.0,3.0,8.0,-5.0,0.0,-8.0,8.0,1.0,0.0,1.0,0.0,2.0,-2.0,42.9,28.6,14.3,57.1,1496.3,1524.8
2016-10-05,2016,Athletico-PR,Chapecoense-SC,3.0,1.0,H,O,1.95,3.14,4.2,15,3.0,1.0,0.0,1.0,6.0,4.0,2.0,1.0,4.0,-3.0,5.0,0.0,5.0,1.0,0.0,1.0,0.0,0.0,0.0,78.6,7.1,28.6,35.7,1507.7,1497.1
2016-10-04,2016,Santa Cruz,Palmeiras,2.0,3.0,A,O,3.01,3.19,2.35,14,1.0,2.0,1.0,0.0,3.0,4.0,-1.0,3.0,0.0,3.0,0.0,4.0,-4.0,0.0,2.0,-2.0,0.0,0.0,0.0,38.5,53.8,46.2,30.8,1424.5,1584.5
2016-10-04,2016,Coritiba,America MG,3.0,0.0,H,O,1.52,3.84,6.6,14,2.0,0.0,0.0,1.0,7.0,4.0,3.0,2.0,5.0,-3.0,5.0,-1.0,6.0,1.0,0.0,1.0,0.0,0.0,0.0,46.2,15.4,0.0,69.2,1495.0,1435.1
2016-10-02,2016,Internacional,Figueirense,1.0,0.0,H,U,1.44,4.11,7.64,14,1.0,0.0,1.0,3.0,3.0,3.0,0.0,3.0,8.0,-5.0,0.0,-5.0,5.0,0.0,0.0,0.0,0.0,2.0,-2.0,38.5,38.5,7.7,69.2,1455.3,1466.9
2016-10-01,2016,Sao Paulo,Flamengo RJ,0.0,0.0,D,U,2.4,3.18,2.93,14,2.0,2.0,0.0,0.0,4.0,6.0,-2.0,1.0,3.0,-2.0,3.0,3.0,0.0,1.0,1.0,0.0,0.0,0.0,0.0,46.2,30.8,46.2,30.8,1500.1,1574.2
2016-10-01,2016,Santos,Athletico-PR,2.0,0.0,H,U,1.56,3.69,6.43,14,2.0,0.0,1.0,3.0,5.0,0.0,5.0,4.0,3.0,1.0,1.0,-3.0,4.0,0.0,0.0,0.0,0.0,0.0,0.0,76.9,15.4,15.4,76.9,1545.4,1516.9
2016-10-01,2016,Ponte Preta,Atletico-MG,1.0,2.0,A,O,2.23,3.25,3.2,14,2.0,0.0,0.0,1.0,6.0,4.0,2.0,1.0,6.0,-5.0,5.0,-2.0,7.0,2.0,0.0,2.0,0.0,1.0,-1.0,69.2,15.4,23.1,30.8,1506.4,1591.8
2016-10-01,2016,Fluminense,Sport Recife,3.0,1.0,H,O,1.68,3.6,5.04,14,2.0,0.0,1.0,3.0,8.0,0.0,8.0,6.0,7.0,-1.0,2.0,-7.0,9.0,1.0,0.0,1.0,0.0,2.0,-2.0,53.8,23.1,15.4,69.2,1517.8,1509.7
2016-10-01,2016,Cruzeiro,Gremio,1.0,0.0,H,U,1.64,3.69,5.22,14,1.0,0.0,1.0,3.0,3.0,1.0,2.0,3.0,9.0,-6.0,0.0,-8.0,8.0,1.0,0.0,1.0,1.0,2.0,-1.0,23.1,38.5,15.4,53.8,1484.7,1536.3
2016-10-01,2016,Chapecoense-SC,Vitoria,1.0,4.0,A,O,1.91,3.34,4.06,14,1.0,1.0,1.0,2.0,4.0,3.0,1.0,5.0,4.0,1.0,-1.0,-1.0,0.0,0.0,0.0,0.0,1.0,0.0,1.0,38.5,15.4,15.4,53.8,1507.7,1485.7
2016-10-01,2016,Botafogo RJ,Corinthians,2.0,0.0,H,U,2.3,3.09,3.21,14,2.0,0.0,1.0,2.0,3.0,2.0,1.0,2.0,5.0,-3.0,1.0,-3.0,4.0,0.0,0.0,0.0,0.0,1.0,-1.0,53.8,23.1,30.8,61.5,1512.3,1560.8
2016-09-25,2016,Vitoria,Sao Paulo,2.0,0.0,H,U,2.34,3.22,2.99,14,1.0,0.0,2.0,2.0,3.0,2.0,1.0,4.0,4.0,0.0,-1.0,-2.0,1.0,0.0,0.0,0.0,0.0,0.0,0.0,38.5,30.8,23.1,46.2,1474.7,1511.2
2016-09-25,2016,Gremio,Chapecoense-SC,1.0,0.0,H,U,1.59,3.69,5.9,14,0.0,2.0,1.0,0.0,1.0,6.0,-5.0,2.0,4.0,-2.0,-1.0,2.0,-3.0,0.0,0.0,0.0,0.0,0.0,0.0,61.5,15.4,30.8,30.8,1526.6,1517.5
2016-09-25,2016,Flamengo RJ,Cruzeiro,2.0,1.0,H,O,1.84,3.53,4.1,14,3.0,2.0,0.0,1.0,6.0,4.0,2.0,2.0,2.0,0.0,4.0,2.0,2.0,1.0,1.0,0.0,0.0,0.0,0.0,69.2,15.4,38.5,53.8,1566.3,1492.6
2016-09-25,2016,Figueirense,Santa Cruz,3.0,1.0,H,O,2.43,3.12,2.96,14,1.0,0.0,1.0,3.0,4.0,5.0,-1.0,4.0,10.0,-6.0,0.0,-5.0,5.0,0.0,0.0,0.0,0.0,2.0,-2.0,38.5,7.7,7.7,61.5,1457.6,1433.8
2016-09-25,2016,Corinthians,Fluminense,0.0,1.0,A,U,1.74,3.38,5.01,14,2.0,2.0,1.0,1.0,5.0,2.0,3.0,3.0,1.0,2.0,2.0,1.0,1.0,1.0,0.0,1.0,1.0,0.0,1.0,61.5,7.7,30.8,38.5,1572.7,1505.9
2016-09-25,2016,Atletico-MG,Internacional,3.0,1.0,H,O,1.68,3.6,5.07,14,3.0,0.0,0.0,2.0,4.0,2.0,2.0,1.0,4.0,-3.0,3.0,-2.0,5.0,0.0,0.0,0.0,0.0,0.0,0.0,76.9,15.4,15.4,61.5,1585.2,1461.8
2016-09-25,2016,Athletico-PR,Ponte Preta,3.0,0.0,H,O,2.34,2.98,3.25,14,3.0,0.0,0.0,1.0,4.0,5.0,-1.0,1.0,6.0,-5.0,3.0,-1.0,4.0,0.0,0.0,0.0,0.0,0.0,0.0,76.9,7.7,15.4,53.8,1506.6,1516.7
2016-09-25,2016,America MG,Botafogo RJ,1.0,0.0,H,U,2.5,3.09,2.86,14,1.0,2.0,2.0,1.0,2.0,3.0,-1.0,4.0,1.0,3.0,-2.0,2.0,-4.0,0.0,1.0,-1.0,1.0,0.0,1.0,30.8,53.8,30.8,53.8,1422.2,1525.2
2016-09-24,2016,Sport Recife,Santos,1.0,0.0,H,U,2.28,3.2,3.14,14,1.0,1.0,1.0,2.0,6.0,3.0,3.0,5.0,4.0,1.0,1.0,-1.0,2.0,1.0,0.0,1.0,0.0,0.0,0.0,46.2,23.1,30.8,53.8,1498.1,1557.1
2016-09-24,2016,Palmeiras,Coritiba,2.0,1.0,H,O,1.39,4.41,8.1,14,1.0,1.0,0.0,1.0,5.0,1.0,4.0,4.0,1.0,3.0,1.0,0.0,1.0,0.0,0.0,0.0,0.0,0.0,0.0,69.2,7.7,15.4,53.8,1576.6,1502.9
2016-09-20,2016,America MG,Internacional,1.0,0.0,H,U,2.98,3.07,2.45,13,1.0,0.0,2.0,2.0,2.0,2.0,0.0,4.0,4.0,0.0,-2.0,-2.0,0.0,0.0,0.0,0.0,1.0,0.0,1.0,25.0,58.3,16.7,58.3,1410.4,1473.6
2016-09-18,2016,Vitoria,Botafogo RJ,0.0,1.0,A,U,2.03,3.37,3.57,13,1.0,2.0,1.0,1.0,5.0,3.0,2.0,5.0,1.0,4.0,0.0,2.0,-2.0,0.0,1.0,-1.0,0.0,0.0,0.0,41.7,25.0,25.0,58.3,1483.7,1516.1
2016-09-18,2016,Sport Recife,Coritiba,0.0,1.0,A,U,1.85,3.38,4.25,13,2.0,0.0,0.0,1.0,7.0,2.0,5.0,4.0,3.0,1.0,3.0,-1.0,4.0,1.0,0.0,1.0,0.0,0.0,0.0,50.0,16.7,8.3,58.3,1508.5,1492.5
2016-09-18,2016,Santos,Santa Cruz,3.0,2.0,H,O,1.49,4.11,6.4,13,2.0,0.0,1.0,2.0,5.0,5.0,0.0,2.0,9.0,-7.0,3.0,-4.0,7.0,1.0,0.0,1.0,0.0,2.0,-2.0,75.0,16.7,8.3,58.3,1550.1,1440.8
2016-09-18,2016,Gremio,Fluminense,0.0,1.0,A,U,1.75,3.43,4.85,13,1.0,1.0,0.0,1.0,4.0,3.0,1.0,1.0,3.0,-2.0,3.0,0.0,3.0,1.0,0.0,1.0,0.0,0.0,0.0,66.7,8.3,25.0,41.7,1537.8,1494.7
2016-09-18,2016,Flamengo RJ,Figueirense,2.0,0.0,H,U,1.31,4.88,9.77,13,3.0,1.0,0.0,2.0,5.0,4.0,1.0,2.0,6.0,-4.0,3.0,-2.0,5.0,0.0,0.0,0.0,0.0,1.0,-1.0,66.7,16.7,8.3,66.7,1559.0,1464.9
2016-09-18,2016,Cruzeiro,Atletico-MG,1.0,1.0,D,U,1.93,3.49,3.74,13,1.0,0.0,1.0,2.0,4.0,3.0,1.0,4.0,8.0,-4.0,0.0,-5.0,5.0,1.0,0.0,1.0,1.0,2.0,-1.0,25.0,41.7,25.0,33.3,1489.8,1587.9
2016-09-18,2016,Chapecoense-SC,Ponte Preta,2.0,2.0,D,O,2.49,3.01,2.95,13,2.0,0.0,1.0,2.0,3.0,4.0,-1.0,3.0,7.0,-4.0,0.0,-3.0,3.0,0.0,0.0,0.0,1.0,1.0,0.0,41.7,16.7,16.7,58.3,1517.5,1516.6
2016-09-18,2016,Athletico-PR,Sao Paulo,1.0,0.0,H,U,2.78,2.94,2.69,13,2.0,1.0,1.0,1.0,3.0,4.0,-1.0,2.0,4.0,-2.0,1.0,0.0,1.0,0.0,0.0,0.0,0.0,0.0,0.0,75.0,8.3,25.0,41.7,1495.8,1521.9
2016-09-17,2016,Corinthians,Palmeiras,0.0,2.0,A,U,2.29,3.15,3.15,13,2.0,2.0,0.0,0.0,6.0,3.0,3.0,2.0,0.0,2.0,4.0,3.0,1.0,1.0,1.0,0.0,0.0,0.0,0.0,66.7,0.0,41.7,33.3,1583.2,1566.1
2016-09-16,2016,Sao Paulo,Cruzeiro,1.0,0.0,H,U,1.93,3.34,3.96,13,1.0,2.0,1.0,0.0,3.0,5.0,-2.0,2.0,2.0,0.0,1.0,3.0,-2.0,1.0,1.0,0.0,0.0,0.0,0.0,41.7,33.3,41.7,50.0,1512.3,1499.5
2016-09-16,2016,Internacional,Vitoria,0.0,1.0,A,U,1.5,4.01,6.52,13,1.0,0.0,0.0,3.0,5.0,3.0,2.0,4.0,6.0,-2.0,1.0,-3.0,4.0,0.0,0.0,0.0,0.0,0.0,0.0,41.7,33.3,8.3,58.3,1484.0,1473.4
2016-09-15,2016,Santa Cruz,Athletico-PR,1.0,0.0,H,U,1.95,3.29,3.93,13,0.0,0.0,2.0,3.0,3.0,0.0,3.0,5.0,3.0,2.0,-2.0,-3.0,1.0,0.0,0.0,0.0,0.0,0.0,0.0,33.3,58.3,16.7,75.0,1428.5,1508.1
2016-09-15,2016,Ponte Preta,Gremio,3.0,0.0,H,O,2.34,3.07,3.14,13,2.0,0.0,0.0,3.0,5.0,2.0,3.0,1.0,8.0,-7.0,4.0,-6.0,10.0,2.0,0.0,2.0,0.0,1.0,-1.0,66.7,16.7,16.7,50.0,1505.4,1549.1
2016-09-15,2016,Palmeiras,Flamengo RJ,1.0,1.0,D,U,1.94,3.4,3.82,13,2.0,2.0,0.0,1.0,6.0,5.0,1.0,4.0,3.0,1.0,2.0,2.0,0.0,0.0,1.0,-1.0,0.0,0.0,0.0,75.0,8.3,50.0,33.3,1566.3,1558.7
2016-09-15,2016,Fluminense,Chapecoense-SC,1.0,2.0,A,O,1.66,3.54,5.4,13,2.0,1.0,1.0,1.0,7.0,5.0,2.0,6.0,6.0,0.0,1.0,-1.0,2.0,1.0,0.0,1.0,1.0,1.0,0.0,58.3,16.7,25.0,33.3,1504.6,1507.6
2016-09-15,2016,Coritiba,Corinthians,1.0,1.0,D,U,2.44,3.09,2.96,13,3.0,0.0,0.0,3.0,9.0,1.0,8.0,2.0,7.0,-5.0,7.0,-6.0,13.0,2.0,0.0,2.0,0.0,2.0,-2.0,50.0,16.7,33.3,66.7,1489.8,1585.9
2016-09-15,2016,Atletico-MG,Sport Recife,1.0,0.0,H,U,1.45,4.4,6.69,13,3.0,0.0,0.0,2.0,6.0,1.0,5.0,2.0,7.0,-5.0,4.0,-6.0,10.0,1.0,0.0,1.0,0.0,2.0,-2.0,75.0,16.7,16.7,66.7,1579.7,1516.7
2016-09-14,2016,Figueirense,America MG,2.0,2.0,D,O,2.2,3.07,3.42,13,1.0,0.0,1.0,2.0,3.0,2.0,1.0,3.0,4.0,-1.0,0.0,-2.0,2.0,0.0,0.0,0.0,0.0,0.0,0.0,41.7,8.3,0.0,75.0,1466.6,1408.8
2016-09-14,2016,Botafogo RJ,Santos,0.0,1.0,A,U,2.58,3.22,2.68,13,3.0,0.0,0.0,3.0,6.0,2.0,4.0,1.0,5.0,-4.0,5.0,-3.0,8.0,1.0,0.0,1.0,0.0,0.0,0.0,58.3,16.7,25.0,58.3,1525.7,1540.6
2016-09-13,2016,Fluminense,Atletico-MG,4.0,2.0,H,O,2.19,3.41,3.12,12,2.0,1.0,1.0,1.0,4.0,3.0,1.0,4.0,5.0,-1.0,0.0,-2.0,2.0,0.0,0.0,0.0,1.0,1.0,0.0,54.5,18.2,27.3,27.3,1491.8,1592.5
2016-09-11,2016,Sport Recife,Santa Cruz,5.0,3.0,H,O,2.03,3.29,3.65,12,1.0,0.0,0.0,1.0,3.0,2.0,1.0,2.0,4.0,-2.0,1.0,-2.0,3.0,0.0,0.0,0.0,0.0,1.0,-1.0,45.5,18.2,9.1,54.5,1508.8,1436.5
2016-09-11,2016,Sao Paulo,Figueirense,3.0,1.0,H,O,1.45,4.1,7.38,12,0.0,1.0,2.0,2.0,1.0,3.0,-2.0,3.0,5.0,-2.0,-2.0,-2.0,0.0,0.0,0.0,0.0,0.0,1.0,-1.0,36.4,36.4,9.1,63.6,1503.1,1475.8
2016-09-11,2016,Santos,Corinthians,2.0,1.0,H,O,2.3,3.15,3.16,12,1.0,0.0,1.0,3.0,3.0,0.0,3.0,1.0,7.0,-6.0,2.0,-7.0,9.0,1.0,0.0,1.0,0.0,3.0,-3.0,72.7,18.2,36.4,63.6,1528.6,1597.8
2016-09-11,2016,Ponte Preta,America MG,1.0,1.0,D,U,1.45,4.01,7.44,12,3.0,0.0,0.0,2.0,6.0,2.0,4.0,0.0,4.0,-4.0,6.0,-2.0,8.0,3.0,0.0,3.0,0.0,0.0,0.0,72.7,18.2,0.0,81.8,1508.2,1405.9
2016-09-11,2016,Gremio,Palmeiras,0.0,0.0,D,U,2.11,3.38,3.33,12,1.0,2.0,0.0,0.0,4.0,4.0,0.0,1.0,1.0,0.0,3.0,3.0,0.0,1.0,1.0,0.0,0.0,0.0,0.0,72.7,9.1,45.5,36.4,1548.5,1566.8
2016-09-11,2016,Cruzeiro,Botafogo RJ,0.0,2.0,A,U,1.5,4.15,6.14,12,2.0,1.0,0.0,2.0,8.0,1.0,7.0,4.0,3.0,1.0,4.0,-2.0,6.0,2.0,0.0,2.0,0.0,1.0,-1.0,27.3,36.4,18.2,63.6,1509.3,1515.9
2016-09-11,2016,Chapecoense-SC,Coritiba,1.0,0.0,H,U,2.04,3.24,3.7,12,1.0,0.0,1.0,1.0,3.0,3.0,0.0,4.0,5.0,-1.0,-1.0,-2.0,1.0,0.0,0.0,0.0,1.0,1.0,0.0,36.4,18.2,9.1,54.5,1497.5,1499.8
2016-09-11,2016,Athletico-PR,Internacional,2.0,1.0,H,O,2.48,3.02,2.98,12,2.0,0.0,1.0,2.0,3.0,3.0,0.0,1.0,6.0,-5.0,2.0,-3.0,5.0,1.0,0.0,1.0,0.0,1.0,-1.0,72.7,9.1,18.2,54.5,1498.2,1493.8
2016-09-10,2016,Vitoria,Flamengo RJ,1.0,2.0,A,O,3.0,3.38,2.27,12,2.0,1.0,0.0,1.0,7.0,3.0,4.0,4.0,2.0,2.0,3.0,1.0,2.0,1.0,1.0,0.0,0.0,0.0,0.0,45.5,18.2,45.5,36.4,1481.5,1550.7
2016-09-09,2016,Internacional,Santos,2.0,1.0,H,O,2.06,3.25,3.6,12,0.0,1.0,1.0,2.0,3.0,4.0,-1.0,4.0,5.0,-1.0,-1.0,-1.0,0.0,0.0,0.0,0.0,0.0,0.0,0.0,36.4,36.4,27.3,54.5,1482.2,1540.3
2016-09-09,2016,America MG,Cruzeiro,0.0,2.0,A,U,4.24,3.45,1.84,12,1.0,1.0,1.0,1.0,2.0,3.0,-1.0,2.0,4.0,-2.0,0.0,-1.0,1.0,0.0,0.0,0.0,0.0,1.0,-1.0,27.3,54.5,36.4,54.5,1413.4,1501.8
2016-09-08,2016,Palmeiras,Sao Paulo,2.0,1.0,H,O,1.7,3.58,4.9,12,1.0,1.0,1.0,1.0,4.0,3.0,1.0,4.0,3.0,1.0,0.0,0.0,0.0,0.0,0.0,0.0,0.0,0.0,0.0,72.7,9.1,27.3,36.4,1558.1,1511.8
2016-09-08,2016,Flamengo RJ,Ponte Preta,2.0,1.0,H,O,1.66,3.61,5.18,12,3.0,0.0,0.0,2.0,5.0,3.0,2.0,2.0,8.0,-6.0,3.0,-5.0,8.0,0.0,0.0,0.0,0.0,2.0,-2.0,63.6,18.2,18.2,54.5,1541.4,1517.6
2016-09-08,2016,Coritiba,Gremio,4.0,0.0,H,O,2.4,3.05,3.07,12,2.0,0.0,1.0,2.0,5.0,2.0,3.0,4.0,4.0,0.0,1.0,-2.0,3.0,1.0,0.0,1.0,1.0,0.0,1.0,45.5,18.2,18.2,45.5,1487.8,1560.6
2016-09-08,2016,Corinthians,Sport Recife,3.0,0.0,H,O,1.5,4.02,6.6,12,1.0,1.0,0.0,1.0,4.0,3.0,1.0,3.0,5.0,-2.0,1.0,-2.0,3.0,0.0,0.0,0.0,0.0,1.0,-1.0,63.6,0.0,18.2,63.6,1589.9,1516.7
2016-09-07,2016,Santa Cruz,Chapecoense-SC,2.0,2.0,D,O,2.1,3.18,3.58,12,0.0,1.0,3.0,1.0,1.0,5.0,-4.0,4.0,6.0,-2.0,-3.0,-1.0,-2.0,0.0,0.0,0.0,0.0,1.0,-1.0,36.4,63.6,27.3,36.4,1434.6,1499.3
2016-09-07,2016,Figueirense,Athletico-PR,1.0,0.0,H,U,2.33,3.04,3.2,12,1.0,0.0,1.0,3.0,3.0,0.0,3.0,3.0,4.0,-1.0,0.0,-4.0,4.0,0.0,0.0,0.0,0.0,1.0,-1.0,36.4,9.1,18.2,72.7,1464.5,1509.5
2016-09-07,2016,Botafogo RJ,Fluminense,1.0,0.0,H,U,2.38,3.07,3.08,12,3.0,1.0,0.0,1.0,8.0,3.0,5.0,2.0,3.0,-1.0,6.0,0.0,6.0,2.0,0.0,2.0,0.0,0.0,0.0,54.5,18.2,27.3,36.4,1506.0,1501.6
2016-09-07,2016,Atletico-MG,Vitoria,2.0,1.0,H,O,1.4,4.63,7.16,12,3.0,0.0,0.0,3.0,7.0,2.0,5.0,1.0,5.0,-4.0,6.0,-3.0,9.0,2.0,0.0,2.0,0.0,0.0,0.0,72.7,18.2,9.1,54.5,1585.2,1488.8
2016-09-04,2016,Botafogo RJ,Gremio,2.0,1.0,H,O,2.38,3.27,2.91,11,2.0,0.0,0.0,2.0,9.0,3.0,6.0,4.0,6.0,-2.0,5.0,-3.0,8.0,2.0,0.0,2.0,0.0,1.0,-1.0,50.0,20.0,20.0,40.0,1493.8,1572.8
2016-09-03,2016,Fluminense,Figueirense,3.0,2.0,H,O,1.42,4.17,7.98,11,2.0,1.0,1.0,1.0,4.0,2.0,2.0,2.0,3.0,-1.0,2.0,-1.0,3.0,1.0,0.0,1.0,1.0,1.0,0.0,50.0,20.0,10.0,60.0,1492.2,1474.0
2016-08-30,2016,Athletico-PR,Botafogo RJ,1.0,0.0,H,U,2.19,3.21,3.32,11,2.0,1.0,1.0,2.0,3.0,2.0,1.0,1.0,4.0,-3.0,2.0,-2.0,4.0,1.0,0.0,1.0,0.0,1.0,-1.0,70.0,10.0,20.0,60.0,1499.4,1503.9
2016-08-28,2016,Vitoria,America MG,2.0,1.0,H,O,1.67,3.67,5.03,11,1.0,0.0,1.0,2.0,7.0,2.0,5.0,6.0,4.0,2.0,1.0,-2.0,3.0,1.0,0.0,1.0,0.0,0.0,0.0,40.0,20.0,0.0,80.0,1480.4,1421.7
2016-08-28,2016,Sport Recife,Internacional,1.0,1.0,D,U,2.4,3.1,2.98,11,2.0,0.0,0.0,2.0,4.0,4.0,0.0,1.0,7.0,-6.0,3.0,-3.0,6.0,1.0,0.0,1.0,0.0,1.0,-1.0,50.0,20.0,20.0,60.0,1517.8,1481.1
2016-08-28,2016,Sao Paulo,Coritiba,0.0,0.0,D,U,1.72,3.54,4.87,11,0.0,1.0,2.0,1.0,3.0,4.0,-1.0,5.0,5.0,0.0,-2.0,-1.0,-1.0,0.0,0.0,0.0,0.0,1.0,-1.0,40.0,40.0,10.0,60.0,1512.5,1487.0
2016-08-28,2016,Santos,Figueirense,0.0,1.0,A,U,1.38,4.56,8.12,11,2.0,0.0,0.0,2.0,5.0,2.0,3.0,0.0,5.0,-5.0,5.0,-3.0,8.0,2.0,0.0,2.0,0.0,1.0,-1.0,80.0,10.0,0.0,66.7,1552.8,1461.4
2016-08-28,2016,Gremio,Atletico-MG,1.0,1.0,D,U,1.77,3.57,4.48,11,2.0,2.0,0.0,1.0,4.0,3.0,1.0,0.0,4.0,-4.0,4.0,-1.0,5.0,1.0,0.0,1.0,0.0,1.0,-1.0,80.0,10.0,30.0,30.0,1572.5,1585.6
2016-08-28,2016,Fluminense,Palmeiras,0.0,2.0,A,U,3.05,3.24,2.3,10,3.0,1.0,0.0,1.0,6.0,3.0,3.0,0.0,4.0,-4.0,6.0,-1.0,7.0,2.0,0.0,2.0,0.0,1.0,-1.0,55.6,11.1,40.0,40.0,1500.8,1549.5
2016-08-28,2016,Cruzeiro,Santa Cruz,2.0,0.0,H,U,1.4,4.55,7.57,11,1.0,0.0,1.0,1.0,7.0,2.0,5.0,6.0,5.0,1.0,1.0,-3.0,4.0,1.0,0.0,1.0,0.0,1.0,-1.0,20.0,40.0,10.0,50.0,1493.2,1443.2
2016-08-28,2016,Chapecoense-SC,Flamengo RJ,1.0,3.0,A,O,2.82,3.08,2.56,11,2.0,1.0,0.0,1.0,4.0,2.0,2.0,2.0,1.0,1.0,2.0,1.0,1.0,0.0,1.0,-1.0,0.0,0.0,0.0,40.0,10.0,40.0,40.0,1508.7,1532.1
2016-08-27,2016,Ponte Preta,Corinthians,2.0,0.0,H,U,2.73,3.1,2.62,11,2.0,1.0,0.0,2.0,6.0,1.0,5.0,2.0,5.0,-3.0,4.0,-4.0,8.0,2.0,0.0,2.0,0.0,2.0,-2.0,70.0,20.0,40.0,60.0,1504.8,1602.6
2016-08-23,2016,Corinthians,Vitoria,2.0,1.0,H,O,1.39,4.56,7.73,11,0.0,0.0,0.0,2.0,3.0,2.0,1.0,3.0,4.0,-1.0,0.0,-2.0,2.0,0.0,0.0,0.0,0.0,0.0,0.0,60.0,0.0,10.0,50.0,1595.7,1487.4
2016-08-21,2016,Santa Cruz,Fluminense,0.0,1.0,A,U,2.46,3.15,2.88,11,1.0,0.0,2.0,1.0,2.0,2.0,0.0,3.0,3.0,0.0,-1.0,-1.0,0.0,0.0,0.0,0.0,0.0,0.0,0.0,40.0,60.0,20.0,40.0,1452.0,1491.9
2016-08-21,2016,Palmeiras,Ponte Preta,2.0,2.0,D,O,1.63,3.74,5.35,11,1.0,0.0,1.0,3.0,3.0,2.0,1.0,3.0,9.0,-6.0,0.0,-7.0,7.0,0.0,0.0,0.0,0.0,3.0,-3.0,80.0,10.0,20.0,60.0,1550.9,1503.5
2016-08-21,2016,Internacional,Sao Paulo,1.0,1.0,D,U,2.08,3.19,3.64,11,0.0,1.0,2.0,1.0,2.0,3.0,-1.0,4.0,3.0,1.0,-2.0,0.0,-2.0,0.0,0.0,0.0,0.0,0.0,0.0,40.0,40.0,30.0,40.0,1480.2,1513.4
2016-08-21,2016,Flamengo RJ,Gremio,2.0,1.0,H,O,2.01,3.29,3.71,11,3.0,1.0,0.0,1.0,5.0,3.0,2.0,1.0,4.0,-3.0,4.0,-1.0,5.0,1.0,0.0,1.0,0.0,1.0,-1.0,60.0,20.0,22.2,33.3,1520.2,1584.3
2016-08-21,2016,Figueirense,Cruzeiro,1.0,2.0,A,O,3.16,3.21,2.26,11,1.0,0.0,0.0,2.0,3.0,1.0,2.0,2.0,5.0,-3.0,1.0,-4.0,5.0,0.0,0.0,0.0,0.0,2.0,-2.0,40.0,0.0,30.0,60.0,1471.0,1483.6
2016-08-21,2016,Coritiba,Santos,2.0,1.0,H,O,2.44,3.1,2.97,11,1.0,1.0,1.0,1.0,3.0,4.0,-1.0,3.0,4.0,-1.0,0.0,0.0,0.0,1.0,0.0,1.0,1.0,0.0,1.0,40.0,20.0,30.0,50.0,1474.5,1565.4
2016-08-21,2016,Botafogo RJ,Sport Recife,3.0,0.0,H,O,1.92,3.34,3.98,10,2.0,1.0,0.0,1.0,8.0,4.0,4.0,5.0,4.0,1.0,3.0,0.0,3.0,1.0,0.0,1.0,0.0,0.0,0.0,44.4,22.2,20.0,60.0,1492.9,1528.8
2016-08-21,2016,Atletico-MG,Athletico-PR,1.0,0.0,H,U,1.42,4.33,7.46,11,3.0,1.0,0.0,2.0,8.0,3.0,5.0,2.0,3.0,-1.0,6.0,0.0,6.0,2.0,1.0,1.0,0.0,1.0,-1.0,70.0,20.0,20.0,70.0,1577.6,1507.4
2016-08-20,2016,America MG,Chapecoense-SC,1.0,2.0,A,O,2.18,3.09,3.46,11,1.0,0.0,1.0,1.0,1.0,4.0,-3.0,3.0,6.0,-3.0,-2.0,-2.0,0.0,0.0,0.0,0.0,1.0,1.0,0.0,30.0,50.0,20.0,40.0,1429.7,1500.7
2016-08-16,2016,Chapecoense-SC,Internacional,1.0,0.0,H,U,2.33,3.06,3.18,10,1.0,0.0,1.0,2.0,3.0,4.0,-1.0,4.0,7.0,-3.0,-1.0,-3.0,2.0,0.0,0.0,0.0,1.0,1.0,0.0,33.3,11.1,22.2,55.6,1490.7,1490.1
2016-08-14,2016,Vitoria,Santa Cruz,2.0,2.0,D,O,1.77,3.56,4.44,10,1.0,1.0,1.0,1.0,5.0,3.0,2.0,4.0,3.0,1.0,1.0,0.0,1.0,1.0,1.0,0.0,0.0,1.0,-1.0,44.4,22.2,11.1,55.6,1488.5,1451.0
2016-08-14,2016,Sao Paulo,Botafogo RJ,0.0,1.0,A,U,1.61,3.73,5.53,10,1.0,0.0,1.0,2.0,6.0,1.0,5.0,4.0,4.0,0.0,2.0,-3.0,5.0,1.0,0.0,1.0,0.0,1.0,-1.0,44.4,33.3,11.1,66.7,1524.7,1481.6
2016-08-14,2016,Santos,Atletico-MG,3.0,0.0,H,O,2.23,3.29,3.14,10,2.0,2.0,0.0,1.0,5.0,3.0,2.0,1.0,3.0,-2.0,4.0,0.0,4.0,2.0,0.0,2.0,0.0,1.0,-1.0,77.8,11.1,33.3,22.2,1554.4,1588.6
2016-08-14,2016,Gremio,Corinthians,3.0,0.0,H,O,2.15,3.14,3.49,10,2.0,2.0,0.0,1.0,3.0,3.0,0.0,1.0,2.0,-1.0,2.0,1.0,1.0,0.0,1.0,-1.0,0.0,1.0,-1.0,77.8,11.1,44.4,55.6,1573.3,1606.6
2016-08-14,2016,Fluminense,America MG,1.0,0.0,H,U,1.47,3.99,7.22,9,2.0,0.0,0.0,2.0,5.0,2.0,3.0,0.0,6.0,-6.0,5.0,-4.0,9.0,2.0,0.0,2.0,0.0,1.0,-1.0,50.0,12.5,0.0,77.8,1483.2,1438.4
2016-08-14,2016,Cruzeiro,Coritiba,2.0,2.0,D,O,1.52,3.9,6.53,10,1.0,1.0,2.0,2.0,5.0,3.0,2.0,7.0,5.0,2.0,-2.0,-2.0,0.0,1.0,0.0,1.0,1.0,1.0,0.0,22.2,44.4,11.1,66.7,1483.8,1474.2
2016-08-14,2016,Athletico-PR,Palmeiras,0.0,1.0,A,U,2.54,3.13,2.79,10,2.0,1.0,0.0,1.0,4.0,3.0,1.0,1.0,4.0,-3.0,3.0,-1.0,4.0,1.0,0.0,1.0,0.0,1.0,-1.0,77.8,0.0,33.3,44.4,1516.7,1541.6
2016-08-13,2016,Sport Recife,Flamengo RJ,1.0,0.0,H,U,2.78,3.2,2.5,10,2.0,1.0,0.0,0.0,7.0,5.0,2.0,3.0,3.0,0.0,4.0,2.0,2.0,2.0,1.0,1.0,0.0,0.0,0.0,44.4,22.2,44.4,33.3,1518.4,1530.6
2016-08-13,2016,Ponte Preta,Figueirense,2.0,0.0,H,U,1.6,3.72,5.71,10,2.0,0.0,0.0,2.0,6.0,2.0,4.0,3.0,7.0,-4.0,3.0,-5.0,8.0,1.0,0.0,1.0,0.0,1.0,-1.0,66.7,22.2,0.0,62.5,1493.8,1480.7
2016-08-09,2016,Corinthians,Cruzeiro,1.0,1.0,D,U,1.64,3.71,5.21,10,1.0,0.0,0.0,3.0,6.0,2.0,4.0,2.0,7.0,-5.0,4.0,-5.0,9.0,1.0,0.0,1.0,0.0,2.0,-2.0,66.7,0.0,33.3,66.7,1610.2,1480.3
2016-08-09,2016,Atletico-MG,Chapecoense-SC,3.0,1.0,H,O,1.43,4.26,7.25,10,3.0,0.0,0.0,1.0,10.0,3.0,7.0,4.0,6.0,-2.0,6.0,-3.0,9.0,2.0,0.0,2.0,0.0,1.0,-1.0,66.7,22.2,22.2,33.3,1580.9,1498.4
2016-08-07,2016,Santa Cruz,Sao Paulo,1.0,2.0,A,O,2.48,3.1,2.89,10,1.0,0.0,2.0,2.0,1.0,1.0,0.0,4.0,3.0,1.0,-3.0,-2.0,-1.0,0.0,0.0,0.0,1.0,0.0,1.0,44.4,55.6,22.2,44.4,1459.3,1516.3
2016-08-07,2016,Palmeiras,Vitoria,2.0,1.0,H,O,1.41,4.51,7.08,10,1.0,0.0,1.0,1.0,5.0,3.0,2.0,2.0,4.0,-2.0,3.0,-1.0,4.0,1.0,0.0,1.0,0.0,0.0,0.0,77.8,11.1,11.1,44.4,1532.6,1497.5
2016-08-07,2016,Internacional,Fluminense,2.0,2.0,D,O,2.15,3.22,3.4,10,0.0,0.0,3.0,2.0,0.0,1.0,-1.0,3.0,3.0,0.0,-3.0,-2.0,-1.0,0.0,0.0,0.0,0.0,0.0,0.0,44.4,44.4,22.2,44.4,1490.4,1483.0
2016-08-07,2016,Figueirense,Sport Recife,1.0,1.0,D,U,2.31,3.15,3.11,10,1.0,1.0,0.0,2.0,3.0,5.0,-2.0,2.0,6.0,-4.0,1.0,-1.0,2.0,0.0,0.0,0.0,0.0,0.0,0.0,44.4,0.0,22.2,66.7,1479.5,1519.6
2016-08-07,2016,Coritiba,Ponte Preta,3.0,1.0,H,O,1.93,3.27,4.05,10,1.0,1.0,1.0,2.0,1.0,4.0,-3.0,2.0,6.0,-4.0,-1.0,-2.0,1.0,0.0,1.0,-1.0,1.0,2.0,-1.0,33.3,22.2,22.2,55.6,1463.0,1505.0
2016-08-07,2016,America MG,Santos,1.0,0.0,H,U,3.07,3.2,2.33,10,0.0,1.0,2.0,1.0,0.0,6.0,-6.0,5.0,6.0,-1.0,-5.0,0.0,-5.0,0.0,0.0,0.0,2.0,0.0,2.0,22.2,55.6,33.3,44.4,1424.5,1568.3
2016-08-06,2016,Flamengo RJ,Athletico-PR,1.0,0.0,H,U,1.72,3.44,5.05,10,3.0,1.0,0.0,2.0,5.0,3.0,2.0,1.0,3.0,-2.0,4.0,0.0,4.0,1.0,1.0,0.0,0.0,1.0,-1.0,55.6,22.2,22.2,66.7,1520.4,1526.8
2016-08-05,2016,Cruzeiro,Internacional,4.0,2.0,H,O,1.69,3.6,4.99,9,0.0,0.0,2.0,2.0,3.0,2.0,1.0,7.0,4.0,3.0,-4.0,-2.0,-2.0,0.0,0.0,0.0,1.0,0.0,1.0,12.5,50.0,25.0,50.0,1469.3,1501.3
2016-08-05,2016,Chapecoense-SC,Palmeiras,1.0,1.0,D,U,2.72,3.19,2.57,9,2.0,2.0,1.0,1.0,5.0,5.0,0.0,5.0,4.0,1.0,0.0,1.0,-1.0,0.0,1.0,-1.0,1.0,1.0,0.0,37.5,12.5,37.5,50.0,1497.3,1533.7
2016-08-04,2016,Sao Paulo,Atletico-MG,1.0,2.0,A,O,2.23,3.34,3.11,9,2.0,1.0,0.0,1.0,7.0,2.0,5.0,3.0,3.0,0.0,4.0,-1.0,5.0,1.0,0.0,1.0,0.0,1.0,-1.0,50.0,25.0,25.0,25.0,1524.9,1572.3
2016-08-04,2016,Santos,Flamengo RJ,0.0,0.0,D,U,3.46,3.2,2.13,9,3.0,1.0,0.0,1.0,8.0,5.0,3.0,1.0,7.0,-6.0,7.0,-2.0,9.0,3.0,1.0,2.0,0.0,1.0,-1.0,87.5,12.5,50.0,37.5,1569.8,1519.0
2016-08-04,2016,Ponte Preta,Botafogo RJ,2.0,0.0,H,U,2.02,3.35,3.61,9,2.0,0.0,0.0,2.0,5.0,4.0,1.0,3.0,7.0,-4.0,2.0,-3.0,5.0,0.0,0.0,0.0,0.0,1.0,-1.0,62.5,25.0,12.5,62.5,1495.1,1491.5
2016-08-04,2016,Gremio,Santa Cruz,0.0,0.0,D,U,1.47,4.19,6.63,9,3.0,1.0,0.0,2.0,6.0,4.0,2.0,3.0,5.0,-2.0,3.0,-1.0,4.0,0.0,1.0,-1.0,0.0,1.0,-1.0,87.5,12.5,12.5,62.5,1576.7,1456.0
2016-08-04,2016,Athletico-PR,Corinthians,2.0,0.0,H,U,2.96,3.05,2.47,9,2.0,3.0,0.0,0.0,3.0,5.0,-2.0,1.0,0.0,1.0,2.0,5.0,-3.0,0.0,2.0,-2.0,0.0,0.0,0.0,75.0,0.0,50.0,50.0,1513.8,1623.2
2016-08-03,2016,Vitoria,Coritiba,3.0,1.0,H,O,2.04,3.25,3.68,9,1.0,1.0,1.0,1.0,5.0,2.0,3.0,5.0,2.0,3.0,0.0,0.0,0.0,0.0,0.0,0.0,0.0,0.0,0.0,37.5,25.0,12.5,62.5,1487.9,1472.5
2016-08-03,2016,Sport Recife,America MG,1.0,1.0,D,U,1.49,4.14,6.47,9,2.0,0.0,1.0,3.0,7.0,1.0,6.0,5.0,6.0,-1.0,2.0,-5.0,7.0,2.0,0.0,2.0,1.0,1.0,0.0,50.0,25.0,0.0,87.5,1522.4,1421.7
2016-07-31,2016,Sao Paulo,Chapecoense-SC,2.0,2.0,D,O,1.56,3.65,6.48,8,2.0,0.0,0.0,2.0,5.0,2.0,3.0,1.0,9.0,-8.0,4.0,-7.0,11.0,1.0,0.0,1.0,0.0,2.0,-2.0,57.1,28.6,25.0,37.5,1525.8,1496.5
2016-07-31,2016,Santos,Cruzeiro,2.0,0.0,H,U,1.88,3.41,4.08,8,3.0,1.0,0.0,2.0,9.0,6.0,3.0,1.0,5.0,-4.0,8.0,1.0,7.0,3.0,1.0,2.0,0.0,1.0,-1.0,85.7,14.3,37.5,62.5,1562.2,1476.9
2016-07-31,2016,Internacional,Corinthians,0.0,1.0,A,U,2.51,3.02,2.93,9,0.0,2.0,3.0,1.0,2.0,5.0,-3.0,5.0,2.0,3.0,-3.0,3.0,-6.0,0.0,2.0,-2.0,0.0,0.0,0.0,50.0,37.5,42.9,57.1,1508.3,1616.3
2016-07-31,2016,Fluminense,Ponte Preta,3.0,0.0,H,O,1.92,3.34,4.01,8,1.0,1.0,1.0,1.0,4.0,5.0,-1.0,4.0,4.0,0.0,0.0,1.0,-1.0,1.0,1.0,0.0,1.0,1.0,0.0,42.9,14.3,25.0,50.0,1472.0,1506.1
2016-07-31,2016,Coritiba,Flamengo RJ,0.0,2.0,A,U,2.49,3.05,2.93,9,1.0,1.0,0.0,1.0,2.0,4.0,-2.0,1.0,7.0,-6.0,1.0,-3.0,4.0,0.0,0.0,0.0,0.0,1.0,-1.0,37.5,12.5,42.9,42.9,1481.7,1509.8
2016-07-31,2016,Botafogo RJ,Palmeiras,3.0,1.0,H,O,2.63,3.26,2.62,9,1.0,2.0,0.0,1.0,5.0,5.0,0.0,4.0,3.0,1.0,1.0,2.0,-1.0,0.0,1.0,-1.0,0.0,0.0,0.0,37.5,25.0,42.9,42.9,1479.7,1545.5
2016-07-31,2016,Atletico-MG,Santa Cruz,3.0,0.0,H,O,1.38,4.61,7.69,9,3.0,1.0,0.0,2.0,9.0,5.0,4.0,5.0,4.0,1.0,4.0,1.0,3.0,1.0,1.0,0.0,0.0,0.0,0.0,62.5,25.0,14.3,57.1,1565.1,1463.2
2016-07-31,2016,America MG,Gremio,0.0,0.0,D,U,4.09,3.37,1.89,9,0.0,1.0,3.0,2.0,0.0,3.0,-3.0,6.0,6.0,0.0,-6.0,-3.0,-3.0,0.0,0.0,0.0,2.0,2.0,0.0,25.0,62.5,25.0,37.5,1417.3,1581.1
2016-07-30,2016,Sport Recife,Athletico-PR,2.0,0.0,H,U,1.64,3.65,5.35,8,2.0,1.0,1.0,1.0,10.0,3.0,7.0,6.0,1.0,5.0,4.0,2.0,2.0,2.0,1.0,1.0,1.0,0.0,1.0,42.9,28.6,25.0,62.5,1512.1,1524.1
2016-07-30,2016,Figueirense,Vitoria,1.0,0.0,H,U,2.47,3.18,2.85,9,0.0,1.0,0.0,0.0,2.0,5.0,-3.0,2.0,4.0,-2.0,0.0,1.0,-1.0,0.0,0.0,0.0,0.0,0.0,0.0,37.5,0.0,12.5,37.5,1468.6,1498.8
2016-07-26,2016,Flamengo RJ,America MG,2.0,1.0,H,O,1.35,4.77,8.52,9,2.0,0.0,1.0,3.0,4.0,0.0,4.0,2.0,6.0,-4.0,2.0,-6.0,8.0,1.0,0.0,1.0,0.0,2.0,-2.0,50.0,25.0,0.0,85.7,1501.9,1425.1
2016-07-24,2016,Vitoria,Santos,2.0,3.0,A,O,2.4,3.31,2.84,8,1.0,1.0,0.0,1.0,4.0,7.0,-3.0,3.0,6.0,-3.0,1.0,1.0,0.0,0.0,1.0,-1.0,0.0,0.0,0.0,42.9,14.3,25.0,50.0,1507.5,1553.5
2016-07-24,2016,Ponte Preta,Internacional,2.0,2.0,D,O,2.36,3.09,3.09,8,2.0,0.0,1.0,2.0,3.0,1.0,2.0,5.0,3.0,2.0,-2.0,-2.0,0.0,0.0,0.0,0.0,1.0,0.0,1.0,71.4,28.6,28.6,57.1,1506.1,1508.3
2016-07-24,2016,Palmeiras,Atletico-MG,0.0,1.0,A,U,1.78,3.79,4.11,9,2.0,1.0,0.0,1.0,7.0,2.0,5.0,1.0,3.0,-2.0,6.0,-1.0,7.0,2.0,0.0,2.0,0.0,1.0,-1.0,87.5,0.0,14.3,28.6,1555.5,1555.1
2016-07-24,2016,Gremio,Sao Paulo,1.0,0.0,H,U,1.96,3.31,3.88,8,2.0,0.0,1.0,2.0,6.0,1.0,5.0,5.0,5.0,0.0,1.0,-4.0,5.0,0.0,0.0,0.0,0.0,1.0,-1.0,85.7,14.3,25.0,37.5,1572.1,1534.7
2016-07-24,2016,Cruzeiro,Sport Recife,1.0,2.0,A,O,1.56,4.01,5.58,8,1.0,0.0,1.0,2.0,4.0,3.0,1.0,6.0,5.0,1.0,-2.0,-2.0,0.0,0.0,0.0,0.0,1.0,0.0,1.0,14.3,42.9,12.5,75.0,1486.5,1502.5
2016-07-24,2016,Chapecoense-SC,Botafogo RJ,2.0,1.0,H,O,2.03,3.29,3.65,8,1.0,1.0,1.0,1.0,3.0,6.0,-3.0,4.0,7.0,-3.0,-1.0,-1.0,0.0,0.0,0.0,0.0,1.0,1.0,0.0,28.6,14.3,14.3,57.1,1486.4,1489.8
2016-07-24,2016,Athletico-PR,Fluminense,1.0,0.0,H,U,2.16,3.18,3.42,8,2.0,1.0,0.0,1.0,4.0,3.0,1.0,1.0,3.0,-2.0,3.0,0.0,3.0,1.0,0.0,1.0,0.0,0.0,0.0,71.4,0.0,25.0,37.5,1515.1,1481.0
2016-07-23,2016,Santa Cruz,Coritiba,0.0,1.0,A,U,2.28,3.14,3.21,9,1.0,0.0,2.0,1.0,1.0,1.0,0.0,4.0,2.0,2.0,-3.0,-1.0,-2.0,0.0,0.0,0.0,1.0,0.0,1.0,50.0,50.0,0.0,71.4,1473.2,1471.7
2016-07-23,2016,Corinthians,Figueirense,1.0,1.0,D,U,1.3,4.91,10.67,9,2.0,0.0,0.0,2.0,7.0,1.0,6.0,2.0,6.0,-4.0,5.0,-5.0,10.0,1.0,0.0,1.0,0.0,1.0,-1.0,75.0,0.0,0.0,71.4,1620.5,1464.4
2016-07-19,2016,Atletico-MG,Coritiba,2.0,1.0,H,O,1.65,3.78,5.01,8,3.0,0.0,0.0,1.0,10.0,1.0,9.0,4.0,2.0,2.0,6.0,-1.0,7.0,2.0,0.0,2.0,0.0,0.0,0.0,57.1,28.6,0.0,66.7,1547.0,1479.8
2016-07-17,2016,Sport Recife,Gremio,4.0,2.0,H,O,2.69,3.14,2.62,7,2.0,1.0,1.0,1.0,8.0,4.0,4.0,5.0,5.0,0.0,3.0,-1.0,4.0,1.0,0.0,1.0,1.0,1.0,0.0,33.3,33.3,28.6,28.6,1489.9,1584.8
2016-07-17,2016,Internacional,Palmeiras,0.0,1.0,A,U,2.3,3.22,3.08,8,1.0,1.0,2.0,1.0,4.0,6.0,-2.0,4.0,5.0,-1.0,0.0,1.0,-1.0,1.0,1.0,0.0,0.0,0.0,0.0,57.1,28.6,33.3,50.0,1517.5,1546.4
2016-07-17,2016,Fluminense,Cruzeiro,2.0,0.0,H,U,2.37,3.14,3.03,7,1.0,1.0,1.0,2.0,3.0,6.0,-3.0,4.0,5.0,-1.0,-1.0,1.0,-2.0,0.0,1.0,-1.0,1.0,1.0,0.0,33.3,16.7,42.9,57.1,1470.3,1497.2
2016-07-17,2016,Figueirense,Chapecoense-SC,1.0,1.0,D,U,2.22,3.12,3.34,8,1.0,1.0,0.0,2.0,4.0,3.0,1.0,3.0,9.0,-6.0,1.0,-6.0,7.0,0.0,0.0,0.0,0.0,2.0,-2.0,42.9,0.0,28.6,42.9,1463.8,1487.0
2016-07-17,2016,Corinthians,Sao Paulo,1.0,1.0,D,U,1.62,3.63,5.69,8,3.0,0.0,0.0,2.0,9.0,2.0,7.0,2.0,6.0,-4.0,7.0,-4.0,11.0,2.0,0.0,2.0,0.0,1.0,-1.0,85.7,0.0,28.6,42.9,1623.0,1532.2
2016-07-17,2016,Athletico-PR,Vitoria,1.0,1.0,D,U,1.59,3.76,5.74,7,3.0,1.0,0.0,1.0,4.0,4.0,0.0,0.0,5.0,-5.0,4.0,-1.0,5.0,1.0,0.0,1.0,0.0,1.0,-1.0,83.3,0.0,14.3,42.9,1515.3,1507.2
2016-07-17,2016,America MG,Santa Cruz,0.0,3.0,A,O,2.16,3.16,3.45,8,1.0,0.0,2.0,3.0,2.0,3.0,-1.0,4.0,7.0,-3.0,-2.0,-4.0,2.0,0.0,0.0,0.0,1.0,1.0,0.0,28.6,57.1,0.0,66.7,1434.3,1464.1
2016-07-16,2016,Santos,Ponte Preta,3.0,1.0,H,O,1.42,4.39,7.24,7,3.0,1.0,0.0,1.0,8.0,4.0,4.0,0.0,4.0,-4.0,8.0,0.0,8.0,3.0,1.0,2.0,0.0,1.0,-1.0,83.3,16.7,28.6,42.9,1544.3,1515.2
2016-07-16,2016,Botafogo RJ,Flamengo RJ,3.0,3.0,D,O,3.17,3.22,2.25,8,2.0,2.0,0.0,1.0,5.0,2.0,3.0,2.0,4.0,-2.0,3.0,-2.0,5.0,1.0,0.0,1.0,0.0,1.0,-1.0,42.9,28.6,50.0,50.0,1489.4,1502.3
2016-07-13,2016,Palmeiras,Santos,1.0,1.0,D,U,2.13,3.3,3.34,8,3.0,1.0,0.0,2.0,9.0,6.0,3.0,1.0,6.0,-5.0,8.0,0.0,8.0,3.0,1.0,2.0,0.0,0.0,0.0,100.0,0.0,28.6,57.1,1546.4,1544.3
2016-07-12,2016,Cruzeiro,Athletico-PR,0.0,3.0,A,O,1.69,3.66,4.84,7,1.0,0.0,1.0,2.0,4.0,2.0,2.0,4.0,4.0,0.0,0.0,-2.0,2.0,0.0,0.0,0.0,0.0,0.0,0.0,16.7,33.3,14.3,71.4,1507.3,1505.3
2016-07-10,2016,Vitoria,Fluminense,0.0,0.0,D,U,2.07,3.37,3.45,7,1.0,1.0,1.0,2.0,5.0,4.0,1.0,5.0,5.0,0.0,0.0,-1.0,1.0,0.0,0.0,0.0,0.0,0.0,0.0,50.0,16.7,28.6,42.9,1508.4,1469.1
2016-07-10,2016,Sao Paulo,America MG,3.0,0.0,H,O,1.55,3.82,6.05,7,2.0,0.0,0.0,3.0,4.0,1.0,3.0,1.0,6.0,-5.0,3.0,-5.0,8.0,1.0,0.0,1.0,0.0,2.0,-2.0,50.0,33.3,0.0,83.3,1524.5,1441.9
2016-07-10,2016,Santa Cruz,Internacional,1.0,0.0,H,U,2.7,3.1,2.64,8,1.0,0.0,2.0,2.0,1.0,3.0,-2.0,4.0,5.0,-1.0,-3.0,-2.0,-1.0,0.0,0.0,0.0,1.0,0.0,1.0,42.9,57.1,33.3,50.0,1451.9,1529.7
2016-07-10,2016,Ponte Preta,Sport Recife,2.0,1.0,H,O,1.85,3.46,4.19,7,2.0,0.0,1.0,2.0,4.0,2.0,2.0,6.0,5.0,1.0,-2.0,-3.0,1.0,0.0,0.0,0.0,1.0,1.0,0.0,66.7,33.3,14.3,71.4,1505.4,1499.7
2016-07-10,2016,Gremio,Figueirense,2.0,1.0,H,O,1.33,4.69,9.7,7,2.0,0.0,1.0,2.0,6.0,0.0,6.0,4.0,5.0,-1.0,2.0,-5.0,7.0,1.0,0.0,1.0,0.0,1.0,-1.0,83.3,16.7,0.0,66.7,1577.8,1470.8
2016-07-10,2016,Flamengo RJ,Atletico-MG,2.0,0.0,H,U,2.53,3.2,2.76,8,1.0,1.0,1.0,1.0,4.0,2.0,2.0,4.0,3.0,1.0,0.0,-1.0,1.0,0.0,0.0,0.0,0.0,1.0,-1.0,42.9,28.6,16.7,16.7,1490.4,1559.0
2016-07-09,2016,Coritiba,Botafogo RJ,0.0,0.0,D,U,1.89,3.41,4.03,8,1.0,1.0,0.0,2.0,4.0,7.0,-3.0,3.0,10.0,-7.0,1.0,-3.0,4.0,0.0,0.0,0.0,0.0,2.0,-2.0,42.9,14.3,16.7,66.7,1479.5,1489.7
2016-07-09,2016,Chapecoense-SC,Corinthians,0.0,2.0,A,U,3.0,3.17,2.36,7,1.0,1.0,0.0,2.0,6.0,3.0,3.0,5.0,3.0,2.0,1.0,0.0,1.0,0.0,1.0,-1.0,0.0,0.0,0.0,33.3,0.0,33.3,66.7,1493.7,1616.4
2016-07-05,2016,Sport Recife,Palmeiras,1.0,3.0,A,O,2.81,3.3,2.42,6,2.0,1.0,0.0,1.0,11.0,5.0,6.0,6.0,5.0,1.0,5.0,0.0,5.0,1.0,0.0,1.0,0.0,0.0,0.0,40.0,20.0,20.0,60.0,1508.9,1537.2
2016-07-03,2016,Santos,Chapecoense-SC,3.0,0.0,H,O,1.41,4.37,7.78,6,3.0,1.0,0.0,2.0,8.0,4.0,4.0,0.0,8.0,-8.0,8.0,-4.0,12.0,3.0,0.0,3.0,0.0,1.0,-1.0,80.0,20.0,33.3,33.3,1535.2,1502.7
2016-07-03,2016,Ponte Preta,Sao Paulo,1.0,0.0,H,U,2.14,3.23,3.47,6,2.0,1.0,1.0,1.0,5.0,3.0,2.0,7.0,5.0,2.0,-2.0,-2.0,0.0,0.0,0.0,0.0,1.0,1.0,0.0,60.0,40.0,33.3,33.3,1494.2,1535.7
2016-07-03,2016,Internacional,Gremio,0.0,1.0,A,U,2.33,3.12,3.13,7,2.0,0.0,1.0,1.0,7.0,4.0,3.0,4.0,6.0,-2.0,3.0,-2.0,5.0,2.0,0.0,2.0,0.0,1.0,-1.0,66.7,16.7,16.7,33.3,1538.9,1568.6
2016-07-03,2016,Figueirense,Atletico-MG,1.0,1.0,D,U,3.23,3.31,2.18,7,2.0,1.0,0.0,1.0,4.0,5.0,-1.0,2.0,6.0,-4.0,2.0,-1.0,3.0,0.0,0.0,0.0,0.0,1.0,-1.0,50.0,0.0,20.0,20.0,1468.1,1561.6
2016-07-03,2016,Cruzeiro,Vitoria,2.0,2.0,D,O,1.47,4.15,6.67,6,1.0,1.0,2.0,1.0,2.0,3.0,-1.0,3.0,4.0,-1.0,-1.0,-1.0,0.0,0.0,0.0,0.0,0.0,1.0,-1.0,20.0,40.0,16.7,50.0,1507.3,1508.4
2016-07-03,2016,Corinthians,Flamengo RJ,4.0,0.0,H,O,2.03,3.24,3.7,7,3.0,2.0,0.0,1.0,7.0,2.0,5.0,3.0,1.0,2.0,4.0,1.0,3.0,1.0,0.0,1.0,0.0,0.0,0.0,83.3,0.0,60.0,40.0,1609.5,1497.2
2016-07-03,2016,Botafogo RJ,Santa Cruz,2.0,1.0,H,O,1.56,3.92,5.74,7,1.0,0.0,0.0,3.0,4.0,2.0,2.0,2.0,6.0,-4.0,2.0,-4.0,6.0,1.0,0.0,1.0,0.0,1.0,-1.0,33.3,33.3,0.0,60.0,1480.2,1461.3
2016-07-02,2016,Fluminense,Coritiba,0.0,0.0,D,U,1.88,3.33,4.18,6,1.0,0.0,1.0,2.0,4.0,2.0,2.0,5.0,4.0,1.0,-1.0,-2.0,1.0,0.0,0.0,0.0,1.0,0.0,1.0,40.0,20.0,0.0,80.0,1468.8,1479.8
2016-07-02,2016,Athletico-PR,America MG,1.0,0.0,H,U,1.48,4.03,6.68,6,3.0,0.0,0.0,3.0,4.0,2.0,2.0,0.0,8.0,-8.0,4.0,-6.0,10.0,1.0,0.0,1.0,0.0,3.0,-3.0,80.0,0.0,0.0,80.0,1496.6,1450.6
2016-07-01,2016,Atletico-MG,Botafogo RJ,5.0,3.0,H,O,1.59,3.91,5.41,7,2.0,1.0,1.0,2.0,7.0,4.0,3.0,4.0,8.0,-4.0,3.0,-4.0,7.0,1.0,0.0,1.0,0.0,2.0,-2.0,50.0,33.3,20.0,60.0,1553.5,1488.4
2016-06-30,2016,Sao Paulo,Fluminense,2.0,1.0,H,O,1.9,3.29,4.11,6,1.0,1.0,1.0,1.0,3.0,3.0,0.0,2.0,3.0,-1.0,1.0,0.0,1.0,1.0,0.0,1.0,0.0,0.0,0.0,40.0,40.0,33.3,33.3,1527.1,1477.4
2016-06-30,2016,Santa Cruz,Ponte Preta,0.0,3.0,A,O,2.17,3.2,3.37,7,1.0,0.0,2.0,2.0,1.0,1.0,0.0,3.0,5.0,-2.0,-2.0,-4.0,2.0,0.0,0.0,0.0,1.0,1.0,0.0,50.0,50.0,16.7,50.0,1470.9,1484.6
2016-06-30,2016,Palmeiras,Figueirense,4.0,0.0,H,O,1.38,4.62,7.88,7,3.0,0.0,0.0,2.0,6.0,0.0,6.0,1.0,2.0,-1.0,5.0,-2.0,7.0,2.0,0.0,2.0,0.0,0.0,0.0,100.0,0.0,0.0,60.0,1528.7,1476.7
2016-06-30,2016,Coritiba,Athletico-PR,1.0,0.0,H,U,2.33,3.1,3.14,7,1.0,1.0,0.0,1.0,6.0,4.0,2.0,5.0,4.0,1.0,1.0,0.0,1.0,0.0,0.0,0.0,0.0,0.0,0.0,33.3,16.7,16.7,66.7,1468.7,1507.7
2016-06-30,2016,Chapecoense-SC,Cruzeiro,3.0,2.0,H,O,2.76,3.09,2.59,6,0.0,2.0,0.0,1.0,3.0,7.0,-4.0,3.0,4.0,-1.0,0.0,3.0,-3.0,0.0,1.0,-1.0,0.0,1.0,-1.0,20.0,0.0,50.0,50.0,1492.0,1518.0
2016-06-30,2016,America MG,Corinthians,0.0,2.0,A,U,3.62,3.2,2.07,7,2.0,0.0,1.0,3.0,3.0,1.0,2.0,2.0,4.0,-2.0,1.0,-3.0,4.0,0.0,0.0,0.0,0.0,0.0,0.0,33.3,50.0,20.0,80.0,1456.6,1603.5
2016-06-29,2016,Vitoria,Sport Recife,3.0,2.0,H,O,2.37,3.2,2.96,6,1.0,0.0,1.0,2.0,3.0,2.0,1.0,3.0,5.0,-2.0,0.0,-3.0,3.0,0.0,0.0,0.0,0.0,1.0,-1.0,40.0,20.0,16.7,66.7,1497.8,1519.5
2016-06-29,2016,Gremio,Santos,3.0,2.0,H,O,2.15,3.15,3.48,6,2.0,2.0,1.0,1.0,4.0,6.0,-2.0,2.0,3.0,-1.0,2.0,3.0,-1.0,1.0,2.0,-1.0,0.0,0.0,0.0,80.0,20.0,33.3,50.0,1559.1,1544.8
2016-06-29,2016,Flamengo RJ,Internacional,1.0,0.0,H,U,2.15,3.23,3.39,7,0.0,0.0,2.0,2.0,4.0,3.0,1.0,6.0,5.0,1.0,-2.0,-2.0,0.0,0.0,0.0,0.0,0.0,0.0,0.0,33.3,33.3,40.0,40.0,1485.4,1550.7
2016-06-26,2016,Vitoria,Ponte Preta,1.0,1.0,D,U,2.05,3.3,3.57,5,1.0,1.0,1.0,2.0,3.0,2.0,1.0,3.0,5.0,-2.0,0.0,-3.0,3.0,0.0,0.0,0.0,0.0,1.0,-1.0,50.0,25.0,20.0,60.0,1498.2,1484.2
2016-06-26,2016,Sport Recife,Chapecoense-SC,5.0,1.0,H,O,1.75,3.5,4.66,5,1.0,2.0,1.0,1.0,6.0,7.0,-1.0,7.0,6.0,1.0,-1.0,1.0,-2.0,0.0,0.0,0.0,1.0,0.0,1.0,25.0,25.0,40.0,20.0,1509.7,1501.7
2016-06-26,2016,Santos,Sao Paulo,3.0,0.0,H,O,2.13,3.22,3.45,5,2.0,1.0,1.0,1.0,5.0,3.0,2.0,1.0,3.0,-2.0,4.0,0.0,4.0,2.0,0.0,2.0,0.0,0.0,0.0,75.0,25.0,40.0,20.0,1534.7,1537.2
2016-06-26,2016,Internacional,Botafogo RJ,2.0,3.0,A,O,1.65,3.69,5.17,6,3.0,0.0,0.0,3.0,6.0,1.0,5.0,1.0,7.0,-6.0,5.0,-6.0,11.0,2.0,0.0,2.0,0.0,2.0,-2.0,80.0,0.0,0.0,75.0,1563.2,1475.9
2016-06-26,2016,Flamengo RJ,Fluminense,1.0,2.0,A,O,2.08,3.18,3.62,6,1.0,0.0,1.0,1.0,4.0,2.0,2.0,4.0,3.0,1.0,0.0,-1.0,1.0,0.0,0.0,0.0,0.0,0.0,0.0,40.0,20.0,20.0,40.0,1496.2,1466.5
2016-06-26,2016,Figueirense,Coritiba,0.0,0.0,D,U,2.23,3.12,3.33,6,3.0,0.0,0.0,3.0,5.0,2.0,3.0,2.0,6.0,-4.0,3.0,-4.0,7.0,0.0,0.0,0.0,0.0,1.0,-1.0,60.0,0.0,0.0,100.0,1476.9,1468.4
2016-06-26,2016,Corinthians,Santa Cruz,2.0,1.0,H,O,1.42,4.32,7.5,6,3.0,0.0,0.0,2.0,6.0,2.0,4.0,2.0,5.0,-3.0,4.0,-3.0,7.0,1.0,0.0,1.0,0.0,1.0,-1.0,80.0,0.0,0.0,50.0,1596.8,1477.6
2016-06-26,2016,Athletico-PR,Gremio,2.0,0.0,H,U,2.4,3.09,3.03,5,3.0,0.0,0.0,1.0,4.0,7.0,-3.0,1.0,8.0,-7.0,3.0,-1.0,4.0,0.0,0.0,0.0,0.0,0.0,0.0,75.0,0.0,20.0,20.0,1495.6,1571.2
2016-06-26,2016,America MG,Atletico-MG,0.0,1.0,A,U,5.98,3.99,1.54,6,2.0,0.0,1.0,1.0,4.0,5.0,-1.0,3.0,7.0,-4.0,1.0,-2.0,3.0,0.0,0.0,0.0,0.0,1.0,-1.0,40.0,40.0,0.0,25.0,1464.3,1545.8
2016-06-25,2016,Cruzeiro,Palmeiras,2.0,1.0,H,O,2.18,3.29,3.25,5,0.0,1.0,2.0,1.0,1.0,4.0,-3.0,3.0,4.0,-1.0,-2.0,0.0,-2.0,0.0,0.0,0.0,0.0,0.0,0.0,0.0,50.0,25.0,50.0,1507.1,1539.7
2016-06-24,2016,Sao Paulo,Sport Recife,0.0,0.0,D,U,1.38,4.49,8.07,5,2.0,1.0,1.0,2.0,4.0,3.0,1.0,2.0,5.0,-3.0,2.0,-2.0,4.0,1.0,0.0,1.0,0.0,1.0,-1.0,50.0,50.0,20.0,80.0,1538.0,1508.9
2016-06-24,2016,Coritiba,Internacional,1.0,1.0,D,U,3.02,3.16,2.36,6,1.0,1.0,1.0,2.0,8.0,3.0,5.0,8.0,4.0,4.0,0.0,-1.0,1.0,0.0,0.0,0.0,0.0,0.0,0.0,40.0,20.0,50.0,50.0,1465.6,1566.0
2016-06-23,2016,Santa Cruz,Flamengo RJ,0.0,1.0,A,U,2.88,3.16,2.46,6,1.0,2.0,2.0,1.0,1.0,3.0,-2.0,3.0,2.0,1.0,-2.0,1.0,-3.0,0.0,0.0,0.0,1.0,0.0,1.0,60.0,40.0,50.0,50.0,1487.7,1486.2
2016-06-23,2016,Gremio,Vitoria,1.0,2.0,A,O,1.31,4.85,9.79,5,3.0,0.0,0.0,2.0,5.0,1.0,4.0,0.0,4.0,-4.0,5.0,-3.0,8.0,2.0,0.0,2.0,0.0,1.0,-1.0,100.0,0.0,0.0,60.0,1584.0,1485.4
2016-06-23,2016,Fluminense,Santos,2.0,4.0,A,O,2.47,3.06,2.94,5,2.0,1.0,0.0,2.0,3.0,2.0,1.0,1.0,2.0,-1.0,2.0,0.0,2.0,0.0,1.0,-1.0,0.0,0.0,0.0,50.0,0.0,20.0,60.0,1475.1,1526.2
2016-06-23,2016,Chapecoense-SC,Athletico-PR,0.0,0.0,D,U,2.0,3.13,3.96,5,0.0,1.0,0.0,2.0,4.0,4.0,0.0,4.0,5.0,-1.0,0.0,-1.0,1.0,0.0,0.0,0.0,0.0,0.0,0.0,25.0,0.0,20.0,80.0,1501.9,1495.4
2016-06-23,2016,Botafogo RJ,Figueirense,0.0,0.0,D,U,1.9,3.33,4.12,6,1.0,0.0,1.0,3.0,4.0,1.0,3.0,3.0,4.0,-1.0,1.0,-3.0,4.0,1.0,0.0,1.0,0.0,0.0,0.0,40.0,40.0,0.0,75.0,1475.9,1476.9
2016-06-23,2016,Atletico-MG,Corinthians,2.0,1.0,H,O,1.87,3.42,4.12,6,1.0,1.0,1.0,2.0,6.0,2.0,4.0,4.0,2.0,2.0,2.0,0.0,2.0,1.0,1.0,0.0,0.0,0.0,0.0,40.0,40.0,25.0,75.0,1533.6,1609.0
2016-06-22,2016,Ponte Preta,Cruzeiro,0.0,4.0,A,O,2.61,3.08,2.75,5,2.0,2.0,1.0,1.0,6.0,4.0,2.0,5.0,4.0,1.0,1.0,0.0,1.0,0.0,0.0,0.0,0.0,1.0,-1.0,75.0,25.0,40.0,60.0,1494.1,1497.2
2016-06-22,2016,Palmeiras,America MG,2.0,0.0,H,U,1.31,5.08,9.03,6,3.0,0.0,0.0,2.0,8.0,3.0,5.0,4.0,7.0,-3.0,4.0,-4.0,8.0,1.0,0.0,1.0,0.0,2.0,-2.0,100.0,0.0,0.0,75.0,1531.3,1472.7
2016-06-19,2016,Vitoria,Chapecoense-SC,1.0,2.0,A,O,1.96,3.32,3.84,4,2.0,1.0,0.0,1.0,5.0,7.0,-2.0,3.0,7.0,-4.0,2.0,0.0,2.0,0.0,0.0,0.0,0.0,0.0,0.0,66.7,0.0,25.0,25.0,1495.5,1491.8
2016-06-19,2016,Sport Recife,Fluminense,2.0,1.0,H,O,2.24,3.17,3.23,4,0.0,0.0,1.0,1.0,5.0,1.0,4.0,7.0,3.0,4.0,-2.0,-2.0,0.0,0.0,0.0,0.0,1.0,1.0,0.0,0.0,33.3,25.0,25.0,1499.3,1484.7
2016-06-19,2016,Gremio,Cruzeiro,2.0,0.0,H,U,1.72,3.55,4.82,4,3.0,2.0,0.0,1.0,4.0,5.0,-1.0,0.0,6.0,-6.0,4.0,-1.0,5.0,1.0,0.0,1.0,0.0,1.0,-1.0,100.0,0.0,50.0,50.0,1576.0,1505.2
2016-06-19,2016,Flamengo RJ,Sao Paulo,2.0,2.0,D,O,2.55,3.05,2.85,5,1.0,1.0,1.0,1.0,4.0,2.0,2.0,4.0,2.0,2.0,0.0,0.0,0.0,0.0,0.0,0.0,0.0,0.0,0.0,50.0,25.0,50.0,25.0,1484.6,1539.6
2016-06-19,2016,Figueirense,Internacional,3.0,2.0,H,O,3.3,3.03,2.28,5,2.0,2.0,0.0,1.0,4.0,3.0,1.0,2.0,2.0,0.0,2.0,1.0,1.0,0.0,0.0,0.0,0.0,0.0,0.0,50.0,0.0,66.7,33.3,1463.7,1579.2
2016-06-19,2016,Corinthians,Botafogo RJ,3.0,1.0,H,O,1.45,4.09,7.15,5,3.0,0.0,0.0,2.0,6.0,1.0,5.0,1.0,5.0,-4.0,5.0,-4.0,9.0,1.0,0.0,1.0,0.0,1.0,-1.0,75.0,0.0,0.0,66.7,1602.3,1482.6
2016-06-19,2016,Atletico-MG,Ponte Preta,3.0,0.0,H,O,1.49,4.08,6.49,5,0.0,1.0,2.0,2.0,3.0,2.0,1.0,7.0,5.0,2.0,-4.0,-3.0,-1.0,0.0,0.0,0.0,1.0,1.0,0.0,25.0,50.0,25.0,50.0,1524.2,1503.5
2016-06-19,2016,America MG,Coritiba,2.0,1.0,H,O,2.26,3.18,3.18,5,1.0,0.0,1.0,3.0,3.0,2.0,1.0,3.0,6.0,-3.0,0.0,-4.0,4.0,0.0,0.0,0.0,0.0,1.0,-1.0,25.0,50.0,0.0,100.0,1462.3,1476.0
2016-06-18,2016,Palmeiras,Santa Cruz,3.0,1.0,H,O,1.38,4.53,7.93,5,3.0,0.0,0.0,1.0,7.0,3.0,4.0,3.0,4.0,-1.0,4.0,-1.0,5.0,1.0,0.0,1.0,0.0,0.0,0.0,100.0,0.0,0.0,33.3,1522.1,1496.9
2016-06-18,2016,Athletico-PR,Santos,1.0,0.0,H,U,2.14,3.19,3.45,4,2.0,1.0,0.0,1.0,4.0,4.0,0.0,2.0,3.0,-1.0,2.0,1.0,1.0,0.0,1.0,-1.0,0.0,0.0,0.0,66.7,0.0,25.0,50.0,1483.9,1537.7
2016-06-17,2016,Fluminense,Corinthians,1.0,0.0,H,U,3.32,3.11,2.23,4,1.0,1.0,0.0,2.0,4.0,4.0,0.0,3.0,4.0,-1.0,1.0,0.0,1.0,0.0,1.0,-1.0,0.0,0.0,0.0,33.3,0.0,33.3,66.7,1470.7,1616.3
2016-06-16,2016,Santos,Sport Recife,2.0,0.0,H,U,1.52,3.97,6.18,4,2.0,1.0,1.0,2.0,5.0,3.0,2.0,2.0,4.0,-2.0,3.0,-1.0,4.0,1.0,0.0,1.0,0.0,0.0,0.0,66.7,33.3,25.0,75.0,1528.3,1508.8
2016-06-16,2016,Santa Cruz,Figueirense,1.0,0.0,H,U,1.86,3.33,4.31,5,1.0,0.0,2.0,2.0,4.0,3.0,1.0,4.0,5.0,-1.0,0.0,-2.0,2.0,1.0,0.0,1.0,1.0,0.0,1.0,50.0,50.0,0.0,66.7,1487.3,1473.3
2016-06-16,2016,Internacional,Atletico-MG,2.0,0.0,H,U,1.85,3.47,4.17,5,3.0,0.0,0.0,0.0,5.0,6.0,-1.0,1.0,6.0,-5.0,4.0,0.0,4.0,1.0,0.0,1.0,0.0,0.0,0.0,75.0,0.0,0.0,0.0,1570.2,1533.2
2016-06-16,2016,Cruzeiro,Flamengo RJ,0.0,1.0,A,U,2.07,3.19,3.63,4,0.0,1.0,1.0,2.0,3.0,2.0,1.0,4.0,3.0,1.0,-1.0,-1.0,0.0,0.0,0.0,0.0,0.0,0.0,0.0,0.0,33.3,33.3,66.7,1516.4,1473.4
2016-06-16,2016,Coritiba,Palmeiras,2.0,2.0,D,O,2.96,3.18,2.39,5,1.0,1.0,1.0,2.0,7.0,3.0,4.0,7.0,4.0,3.0,0.0,-1.0,1.0,0.0,0.0,0.0,0.0,0.0,0.0,50.0,25.0,33.3,66.7,1474.6,1523.5
2016-06-16,2016,Botafogo RJ,America MG,3.0,1.0,H,O,1.8,3.37,4.55,5,1.0,0.0,1.0,2.0,3.0,3.0,0.0,3.0,7.0,-4.0,0.0,-4.0,4.0,0.0,0.0,0.0,0.0,2.0,-2.0,25.0,50.0,0.0,66.7,1472.6,1472.3
2016-06-15,2016,Sao Paulo,Vitoria,2.0,0.0,H,U,1.4,4.35,7.9,4,1.0,0.0,2.0,1.0,3.0,2.0,1.0,4.0,3.0,1.0,-1.0,-1.0,0.0,0.0,0.0,0.0,0.0,0.0,0.0,33.3,66.7,0.0,50.0,1530.3,1504.8
2016-06-15,2016,Ponte Preta,Athletico-PR,3.0,2.0,H,O,1.98,3.27,3.81,4,2.0,1.0,1.0,2.0,5.0,3.0,2.0,4.0,4.0,0.0,1.0,-1.0,2.0,0.0,0.0,0.0,0.0,0.0,0.0,66.7,33.3,25.0,75.0,1493.5,1493.9
2016-06-15,2016,Chapecoense-SC,Gremio,3.0,3.0,D,O,2.8,2.99,2.62,4,1.0,1.0,0.0,1.0,4.0,7.0,-3.0,2.0,5.0,-3.0,2.0,2.0,0.0,1.0,1.0,0.0,0.0,0.0,0.0,33.3,0.0,25.0,25.0,1489.3,1578.5
2016-06-12,2016,Sao Paulo,Athletico-PR,1.0,2.0,A,O,1.74,3.48,4.75,3,,0.0,,3.0,,1.0,,,7.0,,,-6.0,,,0.0,,,1.0,,50.0,50.0,0.0,100.0,1542.0,1482.2
2016-06-12,2016,Santa Cruz,Santos,0.0,2.0,A,U,2.41,3.04,3.05,4,2.0,0.0,1.0,2.0,8.0,2.0,6.0,3.0,4.0,-1.0,5.0,-2.0,7.0,2.0,0.0,2.0,0.0,0.0,0.0,66.7,33.3,0.0,66.7,1496.7,1518.9
2016-06-12,2016,Palmeiras,Corinthians,1.0,0.0,H,U,2.23,3.11,3.29,4,3.0,,0.0,,10.0,,,3.0,,,7.0,,,2.0,,,0.0,,,100.0,0.0,50.0,50.0,1510.2,1629.6
2016-06-12,2016,Figueirense,Flamengo RJ,1.0,0.0,H,U,2.74,3.07,2.61,4,1.0,,0.0,,3.0,,,2.0,,,1.0,,,0.0,,,0.0,,,33.3,0.0,50.0,50.0,1462.7,1484.0
2016-06-12,2016,Coritiba,Sport Recife,3.0,2.0,H,O,1.92,3.28,4.11,4,1.0,1.0,1.0,2.0,5.0,1.0,4.0,5.0,2.0,3.0,0.0,-1.0,1.0,0.0,0.0,0.0,0.0,0.0,0.0,33.3,33.3,33.3,66.7,1463.0,1520.4
2016-06-12,2016,Botafogo RJ,Vitoria,1.0,1.0,D,U,1.9,3.38,4.04,4,1.0,0.0,2.0,2.0,2.0,2.0,0.0,3.0,6.0,-3.0,-1.0,-4.0,3.0,0.0,0.0,0.0,0.0,1.0,-1.0,33.3,66.7,0.0,66.7,1471.6,1505.8
2016-06-12,2016,Atletico-MG,Cruzeiro,2.0,3.0,A,O,1.97,3.36,3.75,4,1.0,1.0,1.0,2.0,2.0,2.0,0.0,4.0,5.0,-1.0,-2.0,-3.0,1.0,0.0,0.0,0.0,1.0,1.0,0.0,33.3,33.3,33.3,66.7,1544.3,1505.3
2016-06-11,2016,Ponte Preta,Chapecoense-SC,2.0,1.0,H,O,2.06,3.16,3.67,3,,1.0,,0.0,,6.0,,,5.0,,,1.0,,,0.0,,,0.0,,50.0,50.0,33.3,0.0,1483.0,1499.8
2016-06-11,2016,Internacional,America MG,3.0,1.0,H,O,1.46,4.01,7.2,4,2.0,,0.0,,2.0,,,0.0,,,2.0,,,0.0,,,0.0,,,66.7,0.0,0.0,50.0,1562.6,1479.9
2016-06-11,2016,Fluminense,Gremio,1.0,1.0,D,U,2.16,3.06,3.54,3,,1.0,,1.0,,6.0,,,4.0,,,2.0,,,1.0,,,0.0,,50.0,0.0,33.3,33.3,1467.5,1581.7
2016-06-05,2016,Vitoria,Internacional,1.0,0.0,H,U,2.92,3.08,2.45,3,,,,,,,,,,,,,,,,,,,,50.0,0.0,100.0,0.0,1493.5,1574.9
2016-06-05,2016,Sport Recife,Atletico-MG,4.0,4.0,D,O,2.17,3.26,3.24,3,,,,,,,,,,,,,,,,,,,,0.0,50.0,0.0,0.0,1519.7,1545.0
2016-06-05,2016,Santos,Botafogo RJ,3.0,0.0,H,O,1.73,3.46,4.84,3,,,,,,,,,,,,,,,,,,,,50.0,50.0,0.0,50.0,1509.8,1480.8
2016-06-05,2016,Gremio,Ponte Preta,1.0,0.0,H,U,1.49,3.88,6.85,3,,1.0,,1.0,,2.0,,,4.0,,,-2.0,,,0.0,,,1.0,,100.0,0.0,33.3,33.3,1574.0,1490.7
2016-06-05,2016,Flamengo RJ,Palmeiras,1.0,2.0,A,O,2.4,3.2,2.9,4,2.0,,0.0,,4.0,,,2.0,,,2.0,,,0.0,,,0.0,,,66.7,0.0,0.0,100.0,1493.8,1500.3
2016-06-05,2016,Cruzeiro,Sao Paulo,0.0,1.0,A,U,1.73,3.37,4.98,3,,1.0,,1.0,,2.0,,,2.0,,,0.0,,,0.0,,,0.0,,0.0,0.0,33.3,33.3,1514.8,1532.5
2016-06-05,2016,Corinthians,Coritiba,2.0,1.0,H,O,1.42,4.1,7.87,4,2.0,,0.0,,4.0,,,0.0,,,4.0,,,1.0,,,0.0,,,66.7,0.0,0.0,100.0,1623.7,1468.8
2016-06-05,2016,Chapecoense-SC,Fluminense,0.0,0.0,D,U,2.52,3.09,2.82,3,,1.0,,1.0,,2.0,,,3.0,,,-1.0,,,0.0,,,1.0,,50.0,0.0,33.3,33.3,1500.8,1466.5
2016-06-05,2016,America MG,Figueirense,1.0,0.0,H,U,2.18,3.16,3.36,4,0.0,,2.0,,2.0,,,4.0,,,-2.0,,,0.0,,,0.0,,,0.0,66.7,0.0,50.0,1469.8,1472.8
2016-06-04,2016,Athletico-PR,Santa Cruz,1.0,0.0,H,U,1.54,3.88,6.08,3,,,,,,,,,,,,,,,,,,,,50.0,0.0,0.0,0.0,1471.1,1507.7
2016-06-03,2016,Palmeiras,Gremio,4.0,3.0,H,O,2.01,3.27,3.75,3,,,,,,,,,,,,,,,,,,,,100.0,0.0,50.0,0.0,1487.6,1586.8
2016-06-03,2016,Flamengo RJ,Vitoria,1.0,0.0,H,U,1.45,4.17,7.03,3,,,,,,,,,,,,,,,,,,,,50.0,0.0,0.0,50.0,1483.2,1504.1
2016-06-02,2016,Santa Cruz,Sport Recife,0.0,1.0,A,U,2.05,3.22,3.6,3,,,,,,,,,,,,,,,,,,,,100.0,0.0,0.0,100.0,1518.0,1509.4
2016-06-02,2016,Figueirense,Sao Paulo,1.0,0.0,H,U,2.62,3.03,2.77,3,,,,,,,,,,,,,,,,,,,,0.0,0.0,50.0,0.0,1460.4,1544.9
2016-06-02,2016,Coritiba,Chapecoense-SC,3.0,4.0,A,O,2.31,2.99,3.26,3,,,,,,,,,,,,,,,,,,,,50.0,0.0,0.0,0.0,1478.4,1491.1
2016-06-02,2016,Corinthians,Santos,1.0,0.0,H,U,1.58,3.64,6.11,3,,,,,,,,,,,,,,,,,,,,50.0,0.0,0.0,50.0,1616.5,1517.0
2016-06-02,2016,Botafogo RJ,Cruzeiro,0.0,1.0,A,U,4.36,3.37,1.82,3,,,,,,,,,,,,,,,,,,,,50.0,50.0,0.0,100.0,1490.3,1505.2
2016-06-02,2016,Atletico-MG,Fluminense,1.0,1.0,D,U,1.91,3.38,3.95,3,,,,,,,,,,,,,,,,,,,,50.0,50.0,50.0,50.0,1547.4,1464.2
2016-06-02,2016,America MG,Ponte Preta,1.0,2.0,A,O,2.33,3.1,3.12,3,,,,,,,,,,,,,,,,,,,,0.0,50.0,0.0,50.0,1479.8,1480.7
2016-06-01,2016,Internacional,Athletico-PR,1.0,0.0,H,U,1.53,3.77,6.54,3,,,,,,,,,,,,,,,,,,,,50.0,0.0,0.0,100.0,1567.4,1478.6
2016-05-29,2016,Vitoria,Atletico-MG,1.0,1.0,D,U,2.33,3.21,2.99,2,,,,,,,,,,,,,,,,,,,,100.0,0.0,0.0,0.0,1502.7,1548.7
2016-05-29,2016,Sport Recife,Corinthians,0.0,2.0,A,U,2.83,3.06,2.53,2,,,,,,,,,,,,,,,,,,,,0.0,0.0,0.0,100.0,1516.8,1609.1
2016-05-29,2016,Sao Paulo,Palmeiras,1.0,0.0,H,U,2.19,3.15,3.32,2,,,,,,,,,,,,,,,,,,,,0.0,100.0,0.0,100.0,1536.0,1496.4
2016-05-29,2016,Santos,Internacional,0.0,1.0,A,U,2.18,3.14,3.38,2,,,,,,,,,,,,,,,,,,,,100.0,0.0,100.0,0.0,1526.1,1558.3
2016-05-29,2016,Ponte Preta,Flamengo RJ,1.0,2.0,A,O,2.41,3.11,2.95,2,,,,,,,,,,,,,,,,,,,,100.0,0.0,0.0,100.0,1491.2,1472.7
2016-05-29,2016,Gremio,Coritiba,2.0,0.0,H,U,1.57,3.69,6.06,2,,,,,,,,,,,,,,,,,,,,100.0,0.0,0.0,100.0,1579.4,1485.8
2016-05-29,2016,Fluminense,Botafogo RJ,1.0,0.0,H,U,2.0,3.33,3.64,2,,,,,,,,,,,,,,,,,,,,0.0,0.0,0.0,0.0,1452.8,1501.7
2016-05-29,2016,Chapecoense-SC,Santa Cruz,1.0,1.0,D,U,1.93,3.29,3.89,2,,,,,,,,,,,,,,,,,,,,100.0,0.0,0.0,0.0,1490.3,1518.8
2016-05-28,2016,Cruzeiro,America MG,1.0,1.0,D,U,1.55,3.8,6.15,2,,,,,,,,,,,,,,,,,,,,0.0,0.0,0.0,100.0,1506.0,1479.0
2016-05-28,2016,Athletico-PR,Figueirense,2.0,1.0,H,O,1.69,3.56,5.04,2,,,,,,,,,,,,,,,,,,,,0.0,0.0,0.0,0.0,1468.5,1470.5
2016-05-27,2016,Atletico-MG,Gremio,0.0,3.0,A,O,2.31,3.15,3.11,2,,,,,,,,,,,,,,,,,,,,100.0,0.0,0.0,0.0,1558.4,1569.7
2016-05-26,2016,Santa Cruz,Cruzeiro,4.0,1.0,H,O,2.39,3.21,2.91,2,,,,,,,,,,,,,,,,,,,,100.0,0.0,0.0,100.0,1508.6,1516.2
2016-05-26,2016,Palmeiras,Fluminense,2.0,0.0,H,U,1.91,3.4,3.94,2,,,,,,,,,,,,,,,,,,,,100.0,0.0,100.0,0.0,1487.1,1462.1
2016-05-26,2016,Internacional,Sport Recife,1.0,0.0,H,U,1.54,3.74,6.45,2,,,,,,,,,,,,,,,,,,,,0.0,0.0,0.0,100.0,1549.0,1526.2
2016-05-26,2016,Flamengo RJ,Chapecoense-SC,2.0,2.0,D,O,1.65,3.55,5.41,2,,,,,,,,,,,,,,,,,,,,100.0,0.0,0.0,0.0,1472.1,1490.9
2016-05-26,2016,Coritiba,Sao Paulo,1.0,1.0,D,U,2.2,3.11,3.36,2,,,,,,,,,,,,,,,,,,,,100.0,0.0,100.0,0.0,1484.3,1537.6
2016-05-26,2016,Corinthians,Ponte Preta,3.0,0.0,H,O,1.52,3.9,6.17,2,,,,,,,,,,,,,,,,,,,,0.0,0.0,0.0,0.0,1602.0,1498.3
2016-05-26,2016,America MG,Vitoria,1.0,1.0,D,U,2.14,3.32,3.28,2,,,,,,,,,,,,,,,,,,,,0.0,100.0,0.0,100.0,1478.3,1503.5
2016-05-25,2016,Figueirense,Santos,2.0,2.0,D,O,2.41,3.09,2.97,2,,,,,,,,,,,,,,,,,,,,0.0,0.0,0.0,100.0,1468.8,1527.7
2016-05-25,2016,Botafogo RJ,Athletico-PR,2.0,1.0,H,O,2.17,3.19,3.34,2,,,,,,,,,,,,,,,,,,,,0.0,100.0,0.0,100.0,1492.2,1478.1
2016-05-22,2016,Vitoria,Corinthians,3.0,2.0,H,O,3.01,3.09,2.38,1,,,,,,,,,,,,,,,,,,,,,,,,1490.0,1615.5
2016-05-22,2016,Sport Recife,Botafogo RJ,1.0,1.0,D,U,1.83,3.42,4.28,1,,,,,,,,,,,,,,,,,,,,,,,,1527.2,1491.1
2016-05-22,2016,Sao Paulo,Internacional,1.0,2.0,A,O,1.97,3.22,3.91,1,,,,,,,,,,,,,,,,,,,,,,,,1547.8,1538.7
2016-05-22,2016,Santos,Coritiba,2.0,1.0,H,O,1.52,3.81,6.59,1,,,,,,,,,,,,,,,,,,,,,,,,1518.5,1493.6
2016-05-22,2016,Gremio,Flamengo RJ,1.0,0.0,H,U,2.03,3.23,3.69,1,,,,,,,,,,,,,,,,,,,,,,,,1562.1,1479.8
2016-05-22,2016,Cruzeiro,Figueirense,2.0,2.0,D,O,1.4,4.12,8.77,1,,,,,,,,,,,,,,,,,,,,,,,,1517.6,1467.3
2016-05-22,2016,Chapecoense-SC,America MG,3.0,1.0,H,O,1.64,3.55,5.58,1,,,,,,,,,,,,,,,,,,,,,,,,1480.6,1488.5
2016-05-22,2016,Athletico-PR,Atletico-MG,1.0,1.0,D,U,2.23,3.17,3.24,1,,,,,,,,,,,,,,,,,,,,,,,,1475.7,1560.8
2016-05-21,2016,Ponte Preta,Palmeiras,2.0,1.0,H,O,2.71,3.08,2.63,1,,,,,,,,,,,,,,,,,,,,,,,,1488.1,1497.4
2016-05-21,2016,Fluminense,Santa Cruz,2.0,2.0,D,O,1.62,3.66,5.53,1,,,,,,,,,,,,,,,,,,,,,,,,1460.7,1510.0
2016-05-15,2016,Santa Cruz,Vitoria,4.0,1.0,H,O,1.9,3.31,4.05,1,,,,,,,,,,,,,,,,,,,,,,,,1500.0,1500.0
2016-05-15,2016,Internacional,Chapecoense-SC,0.0,0.0,D,U,1.63,3.53,5.78,1,,,,,,,,,,,,,,,,,,,,,,,,1540.5,1478.9
2016-05-15,2016,Figueirense,Ponte Preta,0.0,0.0,D,U,2.3,3.08,3.21,1,,,,,,,,,,,,,,,,,,,,,,,,1466.7,1488.7
2016-05-15,2016,Coritiba,Cruzeiro,1.0,0.0,H,U,2.69,3.09,2.66,1,,,,,,,,,,,,,,,,,,,,,,,,1482.2,1529.0
2016-05-15,2016,Corinthians,Gremio,0.0,0.0,D,U,1.8,3.3,4.67,1,,,,,,,,,,,,,,,,,,,,,,,,1617.1,1560.5
2016-05-15,2016,Botafogo RJ,Sao Paulo,0.0,1.0,A,U,1.9,3.3,4.11,1,,,,,,,,,,,,,,,,,,,,,,,,1500.0,1538.9
2016-05-15,2016,America MG,Fluminense,0.0,1.0,A,U,2.49,3.16,2.8,1,,,,,,,,,,,,,,,,,,,,,,,,1500.0,1449.2
2016-05-14,2016,Palmeiras,Athletico-PR,4.0,0.0,H,O,1.74,3.52,4.72,1,,,,,,,,,,,,,,,,,,,,,,,,1487.5,1485.7
2016-05-14,2016,Flamengo RJ,Sport Recife,1.0,0.0,H,U,1.58,3.8,5.7,1,,,,,,,,,,,,,,,,,,,,,,,,1467.8,1539.2
2016-05-14,2016,Atletico-MG,Santos,1.0,0.0,H,U,2.84,3.14,2.47,1,,,,,,,,,,,,,,,,,,,,,,,,1551.4,1527.8
2015-12-06,2015,Santos,Athletico-PR,5.0,1.0,H,O,1.66,3.72,4.97,19,2.0,1.0,0.0,0.0,5.0,1.0,4.0,2.0,0.0,2.0,3.0,1.0,2.0,1.0,0.0,1.0,0.0,0.0,0.0,77.8,5.6,27.8,55.6,1518.4,1495.0
2015-12-06,2015,Ponte Preta,Sport Recife,0.0,1.0,A,U,2.47,3.28,2.75,19,2.0,1.0,1.0,2.0,4.0,2.0,2.0,1.0,6.0,-5.0,3.0,-4.0,7.0,1.0,1.0,0.0,0.0,2.0,-2.0,50.0,27.8,5.6,44.4,1497.8,1530.2
2015-12-06,2015,Joinville,Gremio,0.0,2.0,A,U,4.36,3.48,1.81,19,1.0,0.0,1.0,2.0,2.0,0.0,2.0,2.0,2.0,0.0,0.0,-2.0,2.0,0.0,0.0,0.0,0.0,0.0,0.0,33.3,27.8,27.8,44.4,1420.5,1554.1
2015-12-06,2015,Internacional,Cruzeiro,2.0,0.0,H,U,1.77,3.56,4.42,19,3.0,1.0,0.0,0.0,3.0,3.0,0.0,0.0,2.0,-2.0,3.0,1.0,2.0,0.0,0.0,0.0,0.0,0.0,0.0,72.2,11.1,27.8,50.0,1530.2,1539.2
2015-12-06,2015,Goias,Sao Paulo,0.0,1.0,A,U,2.62,3.36,2.57,19,1.0,1.0,2.0,2.0,3.0,4.0,-1.0,5.0,9.0,-4.0,-2.0,-5.0,3.0,0.0,0.0,0.0,1.0,1.0,0.0,38.9,38.9,27.8,61.1,1439.7,1531.5
2015-12-06,2015,Flamengo RJ,Palmeiras,1.0,2.0,A,O,1.54,4.02,5.8,19,1.0,1.0,1.0,1.0,5.0,7.0,-2.0,3.0,6.0,-3.0,2.0,1.0,1.0,1.0,1.0,0.0,0.0,0.0,0.0,44.4,38.9,27.8,50.0,1477.8,1477.5
2015-12-06,2015,Figueirense,Fluminense,1.0,0.0,H,U,1.33,4.74,9.18,19,0.0,1.0,1.0,2.0,0.0,1.0,-1.0,1.0,3.0,-2.0,-1.0,-2.0,1.0,0.0,0.0,0.0,0.0,1.0,-1.0,33.3,33.3,22.2,66.7,1456.6,1459.3
2015-12-06,2015,Coritiba,Vasco,0.0,0.0,D,U,2.39,3.18,2.95,19,1.0,2.0,1.0,0.0,3.0,6.0,-3.0,3.0,3.0,0.0,0.0,3.0,-3.0,0.0,1.0,-1.0,0.0,0.0,0.0,33.3,27.8,27.8,50.0,1482.2,1482.8
2015-12-06,2015,Corinthians,Avai,1.0,1.0,D,U,1.62,3.94,4.99,19,3.0,0.0,0.0,2.0,9.0,2.0,7.0,2.0,5.0,-3.0,7.0,-3.0,10.0,1.0,0.0,1.0,0.0,1.0,-1.0,88.9,5.6,16.7,66.7,1621.6,1455.3
2015-12-06,2015,Atletico-MG,Chapecoense-SC,3.0,0.0,H,O,1.29,5.18,9.93,19,1.0,2.0,1.0,0.0,4.0,6.0,-2.0,6.0,4.0,2.0,-2.0,2.0,-4.0,0.0,0.0,0.0,1.0,0.0,1.0,66.7,22.2,16.7,50.0,1543.0,1487.3
2015-11-29,2015,Vasco,Santos,1.0,0.0,H,U,1.63,3.66,5.44,19,0.0,0.0,1.0,1.0,1.0,0.0,1.0,2.0,1.0,1.0,-1.0,-1.0,0.0,0.0,0.0,0.0,0.0,0.0,0.0,22.2,44.4,5.6,55.6,1471.2,1530.1
2015-11-29,2015,Sport Recife,Corinthians,2.0,0.0,H,U,2.29,3.29,3.03,19,2.0,2.0,0.0,0.0,5.0,8.0,-3.0,1.0,2.0,-1.0,4.0,6.0,-2.0,1.0,2.0,-1.0,0.0,0.0,0.0,66.7,5.6,44.4,16.7,1516.9,1634.8
2015-11-29,2015,Palmeiras,Coritiba,0.0,2.0,A,U,2.75,3.2,2.54,19,0.0,1.0,2.0,2.0,1.0,4.0,-3.0,5.0,6.0,-1.0,-4.0,-2.0,-2.0,0.0,1.0,-1.0,2.0,1.0,1.0,50.0,27.8,22.2,61.1,1487.9,1471.8
2015-11-29,2015,Gremio,Atletico-MG,2.0,1.0,H,O,2.09,3.33,3.39,19,2.0,1.0,1.0,2.0,5.0,4.0,1.0,3.0,8.0,-5.0,2.0,-4.0,6.0,1.0,0.0,1.0,0.0,2.0,-2.0,72.2,11.1,44.4,33.3,1543.8,1553.3
2015-11-29,2015,Cruzeiro,Joinville,3.0,0.0,H,O,1.28,5.15,10.35,19,3.0,0.0,0.0,3.0,7.0,1.0,6.0,1.0,4.0,-3.0,6.0,-3.0,9.0,2.0,0.0,2.0,0.0,0.0,0.0,50.0,16.7,5.6,77.8,1532.1,1427.5
2015-11-29,2015,Chapecoense-SC,Goias,1.0,3.0,A,O,2.01,3.31,3.67,19,1.0,0.0,0.0,2.0,1.0,4.0,-3.0,0.0,9.0,-9.0,1.0,-5.0,6.0,0.0,0.0,0.0,0.0,2.0,-2.0,50.0,22.2,11.1,66.7,1499.3,1427.7
2015-11-29,2015,Athletico-PR,Flamengo RJ,3.0,0.0,H,O,2.38,3.26,2.91,19,1.0,0.0,1.0,2.0,6.0,0.0,6.0,8.0,3.0,5.0,-2.0,-3.0,1.0,0.0,0.0,0.0,1.0,1.0,0.0,44.4,22.2,38.9,55.6,1484.9,1487.9
2015-11-28,2015,Sao Paulo,Figueirense,3.0,2.0,H,O,1.49,4.01,6.63,19,2.0,1.0,0.0,1.0,9.0,2.0,7.0,4.0,2.0,2.0,5.0,0.0,5.0,2.0,0.0,2.0,0.0,0.0,0.0,61.1,5.6,22.2,55.6,1523.2,1465.0
2015-11-28,2015,Fluminense,Internacional,1.0,1.0,D,U,3.27,3.26,2.18,19,1.0,1.0,2.0,2.0,5.0,2.0,3.0,5.0,3.0,2.0,0.0,-1.0,1.0,1.0,0.0,1.0,0.0,0.0,0.0,55.6,33.3,16.7,55.6,1457.2,1532.3
2015-11-28,2015,Avai,Ponte Preta,1.0,0.0,H,U,1.72,3.57,4.82,19,1.0,0.0,1.0,2.0,4.0,2.0,2.0,5.0,4.0,1.0,-1.0,-2.0,1.0,0.0,0.0,0.0,1.0,0.0,1.0,38.9,33.3,22.2,33.3,1443.4,1509.6
2015-11-22,2015,Sport Recife,Athletico-PR,0.0,0.0,D,U,1.72,3.58,4.75,18,3.0,1.0,0.0,1.0,8.0,1.0,7.0,1.0,1.0,0.0,7.0,0.0,7.0,2.0,0.0,2.0,0.0,0.0,0.0,70.6,5.9,29.4,58.8,1517.9,1484.0
2015-11-22,2015,Joinville,Vasco,1.0,2.0,A,O,2.67,3.26,2.56,18,2.0,1.0,0.0,0.0,4.0,5.0,-1.0,1.0,3.0,-2.0,3.0,2.0,1.0,1.0,1.0,0.0,0.0,0.0,0.0,35.3,23.5,23.5,52.9,1436.8,1461.9
2015-11-22,2015,Internacional,Gremio,1.0,0.0,H,U,2.6,3.08,2.74,18,3.0,0.0,0.0,1.0,4.0,0.0,4.0,1.0,1.0,0.0,3.0,-1.0,4.0,0.0,0.0,0.0,0.0,0.0,0.0,70.6,11.8,29.4,41.2,1521.4,1554.8
2015-11-22,2015,Fluminense,Avai,3.0,1.0,H,O,2.07,3.18,3.65,18,1.0,0.0,2.0,2.0,4.0,1.0,3.0,4.0,5.0,-1.0,0.0,-4.0,4.0,1.0,0.0,1.0,0.0,1.0,-1.0,52.9,35.3,17.6,64.7,1447.0,1453.6
2015-11-22,2015,Flamengo RJ,Ponte Preta,1.0,1.0,D,U,1.74,3.54,4.67,18,2.0,1.0,1.0,2.0,6.0,2.0,4.0,2.0,3.0,-1.0,4.0,-1.0,5.0,2.0,0.0,2.0,0.0,0.0,0.0,47.1,41.2,23.5,35.3,1487.2,1510.3
2015-11-22,2015,Figueirense,Chapecoense-SC,0.0,0.0,D,U,1.81,3.39,4.48,18,1.0,2.0,1.0,0.0,3.0,7.0,-4.0,1.0,5.0,-4.0,2.0,2.0,0.0,1.0,0.0,1.0,0.0,0.0,0.0,35.3,35.3,17.6,52.9,1463.9,1500.4
2015-11-22,2015,Coritiba,Santos,1.0,0.0,H,U,2.65,3.22,2.6,18,0.0,0.0,2.0,1.0,2.0,0.0,2.0,6.0,1.0,5.0,-4.0,-1.0,-3.0,0.0,0.0,0.0,1.0,0.0,1.0,29.4,29.4,5.9,52.9,1459.4,1542.5
2015-11-22,2015,Corinthians,Sao Paulo,6.0,1.0,H,O,2.46,3.2,2.82,18,3.0,1.0,0.0,2.0,6.0,3.0,3.0,1.0,5.0,-4.0,5.0,-2.0,7.0,1.0,0.0,1.0,0.0,1.0,-1.0,88.2,5.9,29.4,58.8,1627.6,1530.5
2015-11-22,2015,Atletico-MG,Goias,2.0,2.0,D,O,1.48,4.33,6.23,18,2.0,0.0,1.0,3.0,4.0,2.0,2.0,5.0,10.0,-5.0,-1.0,-8.0,7.0,0.0,0.0,0.0,1.0,3.0,-2.0,70.6,23.5,11.8,70.6,1556.9,1424.0
2015-11-21,2015,Palmeiras,Cruzeiro,1.0,1.0,D,U,3.15,3.3,2.22,18,0.0,1.0,3.0,0.0,0.0,4.0,-4.0,5.0,3.0,2.0,-5.0,1.0,-6.0,0.0,0.0,0.0,2.0,0.0,2.0,52.9,29.4,29.4,52.9,1486.6,1533.5
2015-11-20,2015,Vasco,Corinthians,1.0,1.0,D,U,2.76,3.1,2.59,18,0.0,2.0,1.0,0.0,1.0,9.0,-8.0,2.0,3.0,-1.0,-1.0,6.0,-7.0,0.0,2.0,-2.0,0.0,0.0,0.0,23.5,47.1,47.1,17.6,1457.2,1632.2
2015-11-20,2015,Sao Paulo,Atletico-MG,4.0,2.0,H,O,2.01,3.48,3.51,18,2.0,2.0,0.0,1.0,6.0,5.0,1.0,2.0,4.0,-2.0,4.0,1.0,3.0,1.0,1.0,0.0,0.0,1.0,-1.0,58.8,5.9,47.1,29.4,1519.0,1568.4
2015-11-20,2015,Santos,Flamengo RJ,0.0,0.0,D,U,1.65,3.73,5.11,18,3.0,0.0,0.0,3.0,8.0,0.0,8.0,3.0,6.0,-3.0,5.0,-6.0,11.0,2.0,0.0,2.0,0.0,2.0,-2.0,82.4,5.9,41.2,58.8,1544.1,1485.5
2015-11-19,2015,Gremio,Fluminense,1.0,0.0,H,U,1.51,3.86,6.76,18,2.0,1.0,1.0,2.0,5.0,2.0,3.0,3.0,5.0,-2.0,2.0,-3.0,5.0,1.0,0.0,1.0,0.0,2.0,-2.0,70.6,11.8,23.5,64.7,1547.4,1454.3
2015-11-19,2015,Chapecoense-SC,Internacional,1.0,0.0,H,U,2.43,3.03,3.03,18,1.0,1.0,0.0,2.0,5.0,3.0,2.0,1.0,4.0,-3.0,4.0,-1.0,5.0,1.0,0.0,1.0,0.0,0.0,0.0,47.1,23.5,17.6,52.9,1489.1,1532.6
2015-11-18,2015,Ponte Preta,Figueirense,0.0,1.0,A,U,1.95,3.31,3.91,18,2.0,1.0,0.0,1.0,6.0,4.0,2.0,2.0,4.0,-2.0,4.0,0.0,4.0,1.0,0.0,1.0,0.0,0.0,0.0,52.9,23.5,17.6,58.8,1522.3,1451.9
2015-11-18,2015,Goias,Coritiba,1.0,3.0,A,O,1.96,3.28,3.91,18,1.0,0.0,2.0,3.0,4.0,2.0,2.0,5.0,8.0,-3.0,-1.0,-6.0,5.0,0.0,0.0,0.0,0.0,2.0,-2.0,41.2,35.3,17.6,64.7,1433.6,1449.9
2015-11-18,2015,Avai,Joinville,2.0,1.0,H,O,1.95,3.27,3.98,18,0.0,0.0,1.0,3.0,3.0,0.0,3.0,5.0,4.0,1.0,-2.0,-4.0,2.0,0.0,0.0,0.0,1.0,1.0,0.0,35.3,35.3,5.9,76.5,1443.5,1446.9
2015-11-18,2015,Athletico-PR,Palmeiras,3.0,3.0,D,O,2.29,3.26,3.06,18,1.0,1.0,1.0,2.0,5.0,5.0,0.0,7.0,8.0,-1.0,-2.0,-3.0,1.0,0.0,1.0,-1.0,1.0,1.0,0.0,47.1,23.5,29.4,52.9,1483.9,1486.7
2015-11-15,2015,Cruzeiro,Sport Recife,3.0,0.0,H,O,1.48,4.08,6.73,18,2.0,1.0,0.0,2.0,4.0,3.0,1.0,1.0,5.0,-4.0,3.0,-2.0,5.0,1.0,1.0,0.0,0.0,1.0,-1.0,47.1,17.6,5.9,41.2,1523.4,1528.0
2015-11-08,2015,Sport Recife,Gremio,1.0,0.0,H,U,2.35,3.16,3.04,17,3.0,0.0,0.0,1.0,10.0,2.0,8.0,1.0,3.0,-2.0,9.0,-1.0,10.0,3.0,0.0,3.0,0.0,0.0,0.0,68.8,6.2,31.2,37.5,1516.8,1558.6
2015-11-08,2015,Palmeiras,Vasco,0.0,2.0,A,U,1.54,3.98,5.84,17,1.0,1.0,2.0,0.0,3.0,5.0,-2.0,5.0,4.0,1.0,-2.0,1.0,-3.0,0.0,0.0,0.0,1.0,0.0,1.0,56.2,25.0,18.8,56.2,1498.2,1445.7
2015-11-08,2015,Joinville,Santos,0.0,0.0,D,U,4.01,3.42,1.89,17,2.0,0.0,0.0,2.0,6.0,0.0,6.0,3.0,3.0,0.0,3.0,-3.0,6.0,1.0,0.0,1.0,0.0,1.0,-1.0,37.5,25.0,6.2,56.2,1444.0,1547.0
2015-11-08,2015,Flamengo RJ,Goias,4.0,1.0,H,O,1.57,3.77,5.97,17,1.0,0.0,2.0,3.0,3.0,1.0,2.0,3.0,8.0,-5.0,0.0,-7.0,7.0,1.0,0.0,1.0,0.0,3.0,-3.0,43.8,43.8,12.5,68.8,1476.5,1442.6
2015-11-08,2015,Figueirense,Atletico-MG,0.0,1.0,A,U,2.93,3.22,2.38,17,1.0,1.0,1.0,1.0,4.0,6.0,-2.0,3.0,6.0,-3.0,1.0,0.0,1.0,1.0,1.0,0.0,1.0,1.0,0.0,37.5,31.2,43.8,31.2,1459.1,1561.2
2015-11-08,2015,Cruzeiro,Sao Paulo,2.0,1.0,H,O,2.02,3.25,3.72,17,2.0,1.0,0.0,2.0,4.0,3.0,1.0,0.0,5.0,-5.0,4.0,-2.0,6.0,2.0,0.0,2.0,0.0,1.0,-1.0,43.8,18.8,31.2,56.2,1512.9,1529.5
2015-11-07,2015,Internacional,Ponte Preta,1.0,0.0,H,U,1.55,3.79,6.11,17,2.0,2.0,0.0,1.0,4.0,4.0,0.0,2.0,3.0,-1.0,2.0,1.0,1.0,0.0,0.0,0.0,0.0,0.0,0.0,68.8,12.5,25.0,31.2,1522.3,1532.6
2015-11-07,2015,Fluminense,Chapecoense-SC,2.0,3.0,A,O,1.98,3.17,3.96,17,2.0,1.0,1.0,1.0,4.0,4.0,0.0,1.0,6.0,-5.0,3.0,-2.0,5.0,2.0,0.0,2.0,0.0,1.0,-1.0,56.2,31.2,12.5,56.2,1463.9,1479.6
2015-11-07,2015,Corinthians,Coritiba,2.0,1.0,H,O,1.33,4.66,9.63,17,3.0,0.0,0.0,3.0,6.0,1.0,5.0,0.0,8.0,-8.0,6.0,-7.0,13.0,2.0,0.0,2.0,0.0,3.0,-3.0,87.5,6.2,18.8,62.5,1626.8,1455.3
2015-11-07,2015,Athletico-PR,Avai,2.0,1.0,H,O,1.84,3.38,4.29,17,0.0,0.0,2.0,2.0,4.0,1.0,3.0,8.0,6.0,2.0,-4.0,-5.0,1.0,0.0,0.0,0.0,1.0,2.0,-1.0,43.8,25.0,18.8,62.5,1474.5,1452.8
2015-11-01,2015,Vasco,Fluminense,0.0,1.0,A,U,2.28,3.12,3.18,17,1.0,0.0,0.0,3.0,3.0,2.0,1.0,2.0,8.0,-6.0,1.0,-6.0,7.0,0.0,0.0,0.0,0.0,3.0,-3.0,25.0,43.8,18.8,68.8,1455.8,1453.8
2015-11-01,2015,Santos,Palmeiras,2.0,1.0,H,O,1.76,3.63,4.34,17,3.0,1.0,0.0,1.0,9.0,5.0,4.0,3.0,7.0,-4.0,6.0,-2.0,8.0,3.0,1.0,2.0,0.0,1.0,-1.0,81.2,6.2,31.2,50.0,1537.9,1507.3
2015-11-01,2015,Gremio,Flamengo RJ,2.0,0.0,H,U,1.68,3.52,5.24,17,2.0,0.0,1.0,3.0,6.0,1.0,5.0,4.0,8.0,-4.0,2.0,-7.0,9.0,1.0,0.0,1.0,0.0,2.0,-2.0,68.8,12.5,43.8,56.2,1550.5,1484.6
2015-11-01,2015,Goias,Internacional,2.0,1.0,H,O,2.21,3.18,3.29,17,1.0,1.0,2.0,2.0,5.0,3.0,2.0,4.0,5.0,-1.0,1.0,-2.0,3.0,1.0,0.0,1.0,0.0,1.0,-1.0,37.5,37.5,18.8,50.0,1429.7,1535.3
2015-11-01,2015,Chapecoense-SC,Athletico-PR,0.0,0.0,D,U,1.92,3.2,4.18,17,1.0,1.0,1.0,2.0,5.0,1.0,4.0,3.0,3.0,0.0,2.0,-2.0,4.0,1.0,0.0,1.0,1.0,1.0,0.0,50.0,25.0,31.2,62.5,1479.7,1474.4
2015-11-01,2015,Atletico-MG,Corinthians,0.0,3.0,A,O,1.82,3.54,4.18,17,3.0,2.0,0.0,0.0,8.0,9.0,-1.0,3.0,4.0,-1.0,5.0,5.0,0.0,1.0,2.0,-1.0,0.0,0.0,0.0,75.0,18.8,43.8,18.8,1569.8,1618.2
2015-10-31,2015,Sao Paulo,Sport Recife,3.0,0.0,H,O,1.46,4.12,7.15,17,1.0,1.0,0.0,2.0,4.0,4.0,0.0,3.0,4.0,-1.0,1.0,0.0,1.0,0.0,1.0,-1.0,0.0,0.0,0.0,56.2,6.2,6.2,37.5,1519.3,1527.0
2015-10-31,2015,Ponte Preta,Joinville,1.0,0.0,H,U,1.57,3.68,6.2,17,2.0,0.0,0.0,3.0,8.0,0.0,8.0,3.0,6.0,-3.0,5.0,-6.0,11.0,2.0,0.0,2.0,0.0,2.0,-2.0,50.0,25.0,6.2,75.0,1524.7,1452.0
2015-10-31,2015,Coritiba,Figueirense,1.0,1.0,D,U,2.07,3.12,3.73,17,1.0,1.0,2.0,1.0,3.0,4.0,-1.0,5.0,4.0,1.0,-2.0,0.0,-2.0,1.0,0.0,1.0,1.0,0.0,1.0,31.2,31.2,18.8,62.5,1455.2,1459.2
2015-10-31,2015,Avai,Cruzeiro,1.0,1.0,D,U,2.76,3.06,2.61,17,1.0,2.0,1.0,0.0,4.0,5.0,-1.0,5.0,2.0,3.0,-1.0,3.0,-4.0,0.0,1.0,-1.0,1.0,0.0,1.0,37.5,37.5,31.2,56.2,1451.0,1514.7
2015-10-25,2015,Vasco,Gremio,0.0,0.0,D,U,2.47,3.14,2.88,16,2.0,1.0,0.0,1.0,5.0,4.0,1.0,2.0,4.0,-2.0,3.0,0.0,3.0,1.0,0.0,1.0,0.0,0.0,0.0,26.7,46.7,33.3,40.0,1453.0,1553.3
2015-10-25,2015,Palmeiras,Sport Recife,0.0,2.0,A,U,1.74,3.6,4.56,16,2.0,0.0,1.0,2.0,5.0,3.0,2.0,3.0,5.0,-2.0,2.0,-2.0,4.0,1.0,0.0,1.0,0.0,0.0,0.0,60.0,20.0,0.0,40.0,1517.3,1517.0
2015-10-25,2015,Goias,Cruzeiro,0.0,1.0,A,U,2.4,3.07,3.03,16,1.0,1.0,2.0,1.0,6.0,4.0,2.0,5.0,4.0,1.0,1.0,0.0,1.0,1.0,1.0,0.0,0.0,1.0,-1.0,40.0,33.3,26.7,60.0,1437.7,1506.6
2015-10-25,2015,Coritiba,Sao Paulo,1.0,2.0,A,O,2.52,3.14,2.79,16,1.0,1.0,2.0,2.0,2.0,3.0,-1.0,4.0,5.0,-1.0,-2.0,-2.0,0.0,1.0,0.0,1.0,1.0,1.0,0.0,33.3,26.7,26.7,60.0,1463.9,1510.6
2015-10-25,2015,Corinthians,Flamengo RJ,1.0,0.0,H,U,1.68,3.6,5.12,16,3.0,1.0,0.0,2.0,8.0,4.0,4.0,0.0,8.0,-8.0,8.0,-4.0,12.0,3.0,1.0,2.0,0.0,2.0,-2.0,86.7,6.7,46.7,53.3,1611.5,1491.3
2015-10-25,2015,Chapecoense-SC,Avai,0.0,0.0,D,U,1.88,3.3,4.21,16,1.0,1.0,2.0,2.0,6.0,2.0,4.0,6.0,6.0,0.0,0.0,-4.0,4.0,1.0,0.0,1.0,2.0,2.0,0.0,53.3,26.7,20.0,66.7,1480.6,1450.1
2015-10-25,2015,Atletico-MG,Ponte Preta,2.0,1.0,H,O,1.37,4.67,7.92,16,3.0,3.0,0.0,0.0,8.0,5.0,3.0,2.0,2.0,0.0,6.0,3.0,3.0,2.0,0.0,2.0,0.0,0.0,0.0,73.3,20.0,26.7,26.7,1560.6,1533.9
2015-10-24,2015,Internacional,Joinville,1.0,0.0,H,U,1.44,4.15,7.42,16,2.0,0.0,0.0,3.0,5.0,0.0,5.0,3.0,8.0,-5.0,2.0,-8.0,10.0,0.0,0.0,0.0,0.0,3.0,-3.0,66.7,13.3,6.7,73.3,1527.2,1460.1
2015-10-24,2015,Fluminense,Athletico-PR,0.0,1.0,A,U,1.95,3.28,3.94,16,2.0,0.0,1.0,3.0,5.0,0.0,5.0,4.0,5.0,-1.0,1.0,-5.0,6.0,2.0,0.0,2.0,1.0,2.0,-1.0,60.0,26.7,26.7,66.7,1463.8,1464.4
2015-10-24,2015,Figueirense,Santos,0.0,0.0,D,U,2.76,3.19,2.51,16,1.0,0.0,2.0,3.0,4.0,1.0,3.0,4.0,6.0,-2.0,0.0,-5.0,5.0,1.0,0.0,1.0,1.0,2.0,-1.0,40.0,33.3,6.7,60.0,1456.8,1540.3
2015-10-18,2015,Sport Recife,Atletico-MG,4.0,1.0,H,O,3.0,3.28,2.3,16,3.0,1.0,0.0,1.0,7.0,5.0,2.0,0.0,6.0,-6.0,7.0,-1.0,8.0,2.0,1.0,1.0,0.0,1.0,-1.0,66.7,6.7,46.7,26.7,1505.1,1572.5
2015-10-18,2015,Sao Paulo,Vasco,2.0,2.0,D,O,1.49,3.97,6.8,16,1.0,1.0,0.0,0.0,2.0,5.0,-3.0,1.0,4.0,-3.0,1.0,1.0,0.0,0.0,0.0,0.0,0.0,0.0,0.0,60.0,6.7,20.0,60.0,1512.4,1451.2
2015-10-18,2015,Santos,Goias,3.0,1.0,H,O,1.5,3.93,6.7,16,3.0,0.0,0.0,3.0,10.0,1.0,9.0,2.0,7.0,-5.0,8.0,-6.0,14.0,3.0,0.0,3.0,0.0,2.0,-2.0,80.0,6.7,13.3,66.7,1532.7,1445.2
2015-10-18,2015,Ponte Preta,Coritiba,3.0,0.0,H,O,1.77,3.39,4.72,16,2.0,1.0,0.0,2.0,8.0,3.0,5.0,4.0,5.0,-1.0,4.0,-2.0,6.0,2.0,1.0,1.0,0.0,2.0,-2.0,46.7,26.7,20.0,60.0,1525.4,1472.3
2015-10-18,2015,Joinville,Figueirense,1.0,0.0,H,U,2.36,3.09,3.08,16,1.0,1.0,0.0,1.0,6.0,4.0,2.0,4.0,5.0,-1.0,2.0,-1.0,3.0,1.0,0.0,1.0,0.0,1.0,-1.0,33.3,26.7,20.0,60.0,1449.6,1467.4
2015-10-18,2015,Gremio,Chapecoense-SC,2.0,3.0,A,O,1.5,3.89,6.84,16,2.0,0.0,1.0,1.0,5.0,1.0,4.0,3.0,4.0,-1.0,2.0,-3.0,5.0,1.0,0.0,1.0,0.0,1.0,-1.0,73.3,6.7,6.7,60.0,1566.1,1467.9
2015-10-18,2015,Flamengo RJ,Internacional,0.0,1.0,A,U,1.79,3.46,4.43,16,1.0,1.0,2.0,2.0,3.0,3.0,0.0,4.0,5.0,-1.0,-1.0,-2.0,1.0,1.0,0.0,1.0,1.0,1.0,0.0,46.7,40.0,13.3,53.3,1500.8,1517.7
2015-10-18,2015,Cruzeiro,Fluminense,2.0,0.0,H,U,1.71,3.49,4.97,16,1.0,0.0,0.0,3.0,4.0,2.0,2.0,2.0,7.0,-5.0,2.0,-5.0,7.0,1.0,0.0,1.0,0.0,2.0,-2.0,40.0,20.0,20.0,66.7,1497.3,1473.1
2015-10-18,2015,Athletico-PR,Corinthians,1.0,4.0,A,O,2.88,3.13,2.46,16,0.0,1.0,2.0,1.0,4.0,6.0,-2.0,6.0,5.0,1.0,-2.0,1.0,-3.0,0.0,1.0,-1.0,0.0,0.0,0.0,46.7,20.0,40.0,20.0,1470.7,1605.2
2015-10-17,2015,Avai,Palmeiras,1.0,3.0,A,O,2.54,3.15,2.76,16,2.0,1.0,0.0,1.0,5.0,6.0,-1.0,3.0,7.0,-4.0,2.0,-1.0,3.0,0.0,1.0,-1.0,0.0,1.0,-1.0,40.0,33.3,26.7,53.3,1458.7,1508.7
2015-10-16,2015,Gremio,Santos,1.0,0.0,H,U,1.99,3.31,3.74,15,2.0,0.0,1.0,2.0,6.0,2.0,4.0,4.0,6.0,-2.0,2.0,-4.0,6.0,1.0,0.0,1.0,0.0,2.0,-2.0,71.4,7.1,7.1,57.1,1556.5,1542.3
2015-10-15,2015,Vasco,Chapecoense-SC,1.0,1.0,D,U,2.12,3.16,3.52,15,2.0,0.0,1.0,1.0,5.0,0.0,5.0,3.0,3.0,0.0,2.0,-3.0,5.0,1.0,0.0,1.0,0.0,1.0,-1.0,28.6,50.0,7.1,64.3,1450.7,1468.4
2015-10-15,2015,Palmeiras,Ponte Preta,0.0,1.0,A,U,1.58,3.93,5.51,15,2.0,2.0,0.0,0.0,8.0,4.0,4.0,5.0,2.0,3.0,3.0,2.0,1.0,1.0,0.0,1.0,0.0,0.0,0.0,64.3,14.3,21.4,28.6,1518.8,1515.3
2015-10-15,2015,Joinville,Coritiba,3.0,1.0,H,O,2.55,3.01,2.87,15,0.0,2.0,0.0,1.0,3.0,4.0,-1.0,3.0,2.0,1.0,0.0,2.0,-2.0,0.0,2.0,-2.0,0.0,1.0,-1.0,28.6,28.6,21.4,57.1,1438.3,1483.6
2015-10-15,2015,Fluminense,Sao Paulo,2.0,0.0,H,U,2.33,3.2,3.02,15,1.0,1.0,2.0,2.0,4.0,3.0,1.0,7.0,6.0,1.0,-3.0,-3.0,0.0,1.0,0.0,1.0,2.0,1.0,1.0,57.1,28.6,28.6,57.1,1461.3,1524.2
2015-10-15,2015,Figueirense,Flamengo RJ,3.0,0.0,H,O,2.93,3.13,2.44,15,0.0,2.0,2.0,1.0,2.0,7.0,-5.0,5.0,6.0,-1.0,-3.0,1.0,-4.0,0.0,2.0,-2.0,1.0,1.0,0.0,35.7,35.7,50.0,50.0,1455.7,1512.4
2015-10-15,2015,Corinthians,Goias,3.0,0.0,H,O,1.59,3.7,5.87,15,2.0,0.0,0.0,3.0,6.0,2.0,4.0,1.0,6.0,-5.0,5.0,-4.0,9.0,2.0,0.0,2.0,0.0,1.0,-1.0,85.7,7.1,14.3,64.3,1599.2,1451.2
2015-10-15,2015,Athletico-PR,Cruzeiro,2.0,2.0,D,O,2.31,3.12,3.14,15,0.0,2.0,2.0,1.0,2.0,4.0,-2.0,4.0,3.0,1.0,-2.0,1.0,-3.0,0.0,1.0,-1.0,0.0,1.0,-1.0,50.0,21.4,28.6,64.3,1469.9,1498.2
2015-10-14,2015,Sport Recife,Avai,3.0,0.0,H,O,1.77,3.49,4.56,15,2.0,1.0,0.0,2.0,5.0,2.0,3.0,1.0,5.0,-4.0,4.0,-3.0,7.0,1.0,0.0,1.0,0.0,2.0,-2.0,64.3,7.1,21.4,64.3,1495.9,1467.9
2015-10-14,2015,Atletico-MG,Internacional,2.0,1.0,H,O,1.46,4.29,6.61,15,2.0,1.0,1.0,2.0,6.0,2.0,4.0,2.0,5.0,-3.0,4.0,-3.0,7.0,2.0,0.0,2.0,0.0,2.0,-2.0,71.4,21.4,14.3,50.0,1563.6,1526.6
2015-10-04,2015,Sao Paulo,Athletico-PR,1.0,0.0,H,U,1.75,3.46,4.73,15,1.0,0.0,0.0,2.0,3.0,1.0,2.0,1.0,5.0,-4.0,2.0,-4.0,6.0,1.0,0.0,1.0,0.0,2.0,-2.0,57.1,7.1,28.6,64.3,1515.2,1478.8
2015-10-04,2015,Santos,Fluminense,3.0,1.0,H,O,1.51,3.92,6.42,15,3.0,0.0,0.0,2.0,10.0,2.0,8.0,1.0,5.0,-4.0,9.0,-3.0,12.0,3.0,0.0,3.0,0.0,1.0,-1.0,78.6,7.1,21.4,64.3,1534.2,1469.5
2015-10-04,2015,Ponte Preta,Corinthians,2.0,2.0,D,O,3.06,3.11,2.35,15,2.0,1.0,1.0,1.0,6.0,7.0,-1.0,3.0,6.0,-3.0,3.0,1.0,2.0,2.0,1.0,1.0,0.0,0.0,0.0,50.0,28.6,42.9,21.4,1512.8,1601.7
2015-10-04,2015,Goias,Figueirense,2.0,3.0,A,O,1.63,3.53,5.7,15,2.0,0.0,1.0,2.0,5.0,2.0,3.0,2.0,8.0,-6.0,3.0,-6.0,9.0,1.0,0.0,1.0,0.0,2.0,-2.0,42.9,28.6,14.3,64.3,1461.7,1445.3
2015-10-04,2015,Flamengo RJ,Joinville,2.0,0.0,H,U,1.4,4.28,8.09,15,1.0,0.0,2.0,2.0,3.0,0.0,3.0,4.0,6.0,-2.0,-1.0,-6.0,5.0,1.0,0.0,1.0,1.0,2.0,-1.0,42.9,42.9,7.1,71.4,1504.1,1446.6
2015-10-04,2015,Cruzeiro,Gremio,0.0,0.0,D,U,2.06,3.19,3.67,15,1.0,1.0,0.0,1.0,5.0,5.0,0.0,3.0,5.0,-2.0,2.0,0.0,2.0,1.0,0.0,1.0,0.0,0.0,0.0,42.9,21.4,35.7,42.9,1496.4,1558.2
2015-10-04,2015,Chapecoense-SC,Palmeiras,5.0,1.0,H,O,2.73,3.04,2.64,15,0.0,1.0,2.0,1.0,1.0,5.0,-4.0,5.0,3.0,2.0,-4.0,2.0,-6.0,0.0,1.0,-1.0,2.0,0.0,2.0,50.0,28.6,28.6,50.0,1456.2,1530.9
2015-10-04,2015,Avai,Vasco,1.0,1.0,D,U,2.02,3.25,3.71,15,2.0,2.0,1.0,0.0,4.0,5.0,-1.0,4.0,3.0,1.0,0.0,2.0,-2.0,0.0,0.0,0.0,1.0,0.0,1.0,42.9,35.7,21.4,64.3,1468.4,1450.2
2015-10-03,2015,Internacional,Sport Recife,2.0,1.0,H,O,1.68,3.6,5.0,15,2.0,0.0,0.0,2.0,4.0,2.0,2.0,2.0,4.0,-2.0,2.0,-2.0,4.0,0.0,0.0,0.0,0.0,0.0,0.0,64.3,14.3,0.0,35.7,1516.9,1505.6
2015-10-03,2015,Coritiba,Atletico-MG,0.0,3.0,A,O,3.06,3.27,2.26,15,1.0,0.0,1.0,1.0,3.0,3.0,0.0,2.0,7.0,-5.0,1.0,-4.0,5.0,1.0,0.0,1.0,0.0,1.0,-1.0,35.7,21.4,42.9,28.6,1491.8,1555.4
2015-09-27,2015,Sport Recife,Chapecoense-SC,3.0,0.0,H,O,1.8,3.31,4.68,14,1.0,0.0,1.0,1.0,2.0,1.0,1.0,2.0,3.0,-1.0,0.0,-2.0,2.0,0.0,0.0,0.0,0.0,1.0,-1.0,61.5,7.7,7.7,61.5,1496.5,1465.4
2015-09-27,2015,Sao Paulo,Palmeiras,1.0,1.0,D,U,2.13,3.31,3.32,14,2.0,1.0,0.0,2.0,5.0,4.0,1.0,0.0,3.0,-3.0,5.0,1.0,4.0,2.0,1.0,1.0,0.0,0.0,0.0,61.5,7.7,30.8,53.8,1514.7,1531.4
2015-09-27,2015,Santos,Internacional,3.0,1.0,H,O,1.72,3.51,4.83,14,3.0,1.0,0.0,2.0,10.0,1.0,9.0,1.0,5.0,-4.0,9.0,-4.0,13.0,3.0,0.0,3.0,0.0,2.0,-2.0,76.9,7.7,15.4,46.2,1524.1,1527.0
2015-09-27,2015,Joinville,Atletico-MG,2.0,2.0,D,O,4.38,3.47,1.8,14,0.0,1.0,0.0,1.0,1.0,3.0,-2.0,1.0,6.0,-5.0,0.0,-3.0,3.0,0.0,0.0,0.0,0.0,1.0,-1.0,30.8,30.8,46.2,30.8,1443.4,1558.6
2015-09-27,2015,Gremio,Avai,3.0,1.0,H,O,1.47,3.99,7.19,14,1.0,1.0,1.0,2.0,3.0,1.0,2.0,3.0,5.0,-2.0,0.0,-4.0,4.0,0.0,0.0,0.0,0.0,2.0,-2.0,69.2,7.7,23.1,61.5,1550.3,1476.3
2015-09-27,2015,Flamengo RJ,Vasco,1.0,2.0,A,O,1.73,3.51,4.84,14,2.0,1.0,1.0,1.0,5.0,3.0,2.0,2.0,8.0,-6.0,3.0,-5.0,8.0,2.0,0.0,2.0,1.0,1.0,0.0,46.2,38.5,15.4,69.2,1516.3,1438.0
2015-09-27,2015,Figueirense,Corinthians,1.0,3.0,A,O,3.12,3.13,2.31,14,0.0,1.0,2.0,1.0,1.0,7.0,-6.0,4.0,6.0,-2.0,-3.0,1.0,-4.0,0.0,1.0,-1.0,1.0,0.0,1.0,38.5,30.8,38.5,23.1,1451.3,1595.6
2015-09-27,2015,Cruzeiro,Coritiba,2.0,0.0,H,U,1.46,3.99,7.47,14,1.0,2.0,0.0,0.0,8.0,4.0,4.0,4.0,0.0,4.0,4.0,4.0,0.0,1.0,2.0,-1.0,0.0,0.0,0.0,38.5,23.1,23.1,53.8,1485.9,1502.3
2015-09-27,2015,Athletico-PR,Ponte Preta,1.0,2.0,A,O,1.91,3.31,4.06,14,1.0,1.0,1.0,1.0,4.0,2.0,2.0,2.0,4.0,-2.0,2.0,-2.0,4.0,1.0,0.0,1.0,0.0,1.0,-1.0,53.8,15.4,15.4,30.8,1488.4,1503.2
2015-09-26,2015,Fluminense,Goias,2.0,0.0,H,U,1.87,3.34,4.17,14,0.0,0.0,3.0,3.0,3.0,2.0,1.0,9.0,7.0,2.0,-6.0,-5.0,-1.0,0.0,0.0,0.0,2.0,1.0,1.0,53.8,30.8,15.4,61.5,1459.1,1472.1
2015-09-20,2015,Vasco,Sport Recife,2.0,1.0,H,O,2.12,3.2,3.44,14,1.0,0.0,2.0,1.0,3.0,1.0,2.0,3.0,2.0,1.0,0.0,-1.0,1.0,1.0,0.0,1.0,0.0,0.0,0.0,23.1,53.8,0.0,30.8,1425.7,1508.8
2015-09-20,2015,Ponte Preta,Fluminense,3.0,1.0,H,O,2.43,3.13,2.91,14,1.0,0.0,2.0,2.0,4.0,1.0,3.0,4.0,4.0,0.0,0.0,-3.0,3.0,1.0,0.0,1.0,0.0,1.0,-1.0,46.2,30.8,23.1,61.5,1494.0,1468.4
2015-09-20,2015,Goias,Joinville,3.0,0.0,H,O,1.58,3.66,6.01,14,2.0,0.0,1.0,2.0,3.0,2.0,1.0,2.0,6.0,-4.0,1.0,-4.0,5.0,0.0,0.0,0.0,0.0,1.0,-1.0,38.5,30.8,7.7,69.2,1462.3,1453.2
2015-09-20,2015,Coritiba,Athletico-PR,2.0,0.0,H,U,2.6,2.98,2.82,14,0.0,1.0,1.0,1.0,1.0,2.0,-1.0,2.0,3.0,-1.0,-1.0,-1.0,0.0,0.0,0.0,0.0,0.0,1.0,-1.0,30.8,23.1,30.8,61.5,1492.1,1498.6
2015-09-20,2015,Corinthians,Santos,2.0,0.0,H,U,2.16,3.23,3.32,14,2.0,1.0,0.0,1.0,6.0,3.0,3.0,1.0,4.0,-3.0,5.0,-1.0,6.0,2.0,0.0,2.0,0.0,1.0,-1.0,84.6,7.7,7.7,53.8,1587.2,1532.5
2015-09-20,2015,Chapecoense-SC,Cruzeiro,0.0,2.0,A,U,2.65,2.95,2.8,14,0.0,1.0,2.0,2.0,2.0,2.0,0.0,6.0,6.0,0.0,-4.0,-4.0,0.0,0.0,0.0,0.0,2.0,2.0,0.0,53.8,23.1,23.1,69.2,1475.3,1475.9
2015-09-20,2015,Avai,Sao Paulo,2.0,1.0,H,O,2.52,3.13,2.8,14,2.0,1.0,1.0,1.0,5.0,2.0,3.0,3.0,4.0,-1.0,2.0,-2.0,4.0,1.0,0.0,1.0,1.0,1.0,0.0,38.5,38.5,30.8,53.8,1464.6,1526.5
2015-09-20,2015,Atletico-MG,Flamengo RJ,4.0,1.0,H,O,1.7,3.63,4.72,14,2.0,3.0,1.0,0.0,4.0,7.0,-3.0,2.0,2.0,0.0,2.0,5.0,-3.0,1.0,2.0,-1.0,0.0,0.0,0.0,69.2,23.1,53.8,46.2,1549.3,1525.6
2015-09-19,2015,Palmeiras,Gremio,3.0,2.0,H,O,1.94,3.31,3.93,14,2.0,2.0,0.0,0.0,8.0,5.0,3.0,5.0,2.0,3.0,3.0,3.0,0.0,1.0,1.0,0.0,0.0,0.0,0.0,61.5,15.4,38.5,38.5,1520.2,1561.5
2015-09-19,2015,Internacional,Figueirense,1.0,1.0,D,U,1.67,3.51,5.38,14,3.0,1.0,0.0,2.0,9.0,2.0,7.0,1.0,7.0,-6.0,8.0,-5.0,13.0,1.0,0.0,1.0,0.0,2.0,-2.0,69.2,15.4,15.4,69.2,1529.3,1449.1
2015-09-18,2015,Flamengo RJ,Coritiba,0.0,2.0,A,U,1.56,3.69,6.09,13,3.0,2.0,0.0,0.0,7.0,3.0,4.0,1.0,0.0,1.0,6.0,3.0,3.0,2.0,1.0,1.0,0.0,0.0,0.0,50.0,33.3,16.7,58.3,1537.2,1480.5
2015-09-17,2015,Sao Paulo,Chapecoense-SC,0.0,0.0,D,U,1.45,4.05,7.53,13,2.0,0.0,1.0,2.0,5.0,1.0,4.0,3.0,4.0,-1.0,2.0,-3.0,5.0,2.0,0.0,2.0,1.0,1.0,0.0,66.7,8.3,8.3,66.7,1528.0,1473.8
2015-09-17,2015,Santos,Atletico-MG,4.0,0.0,H,O,2.13,3.39,3.25,13,3.0,2.0,0.0,0.0,11.0,5.0,6.0,3.0,3.0,0.0,8.0,2.0,6.0,3.0,0.0,3.0,0.0,0.0,0.0,75.0,8.3,50.0,25.0,1521.4,1560.4
2015-09-17,2015,Internacional,Corinthians,2.0,1.0,H,O,2.29,3.08,3.2,13,3.0,2.0,0.0,0.0,9.0,8.0,1.0,0.0,5.0,-5.0,9.0,3.0,6.0,2.0,1.0,1.0,0.0,0.0,0.0,66.7,16.7,41.7,16.7,1516.9,1599.5
2015-09-17,2015,Figueirense,Avai,0.0,1.0,A,U,2.12,3.13,3.55,13,1.0,0.0,1.0,3.0,3.0,2.0,1.0,4.0,10.0,-6.0,-1.0,-8.0,7.0,0.0,0.0,0.0,1.0,3.0,-2.0,41.7,25.0,16.7,66.7,1459.2,1454.4
2015-09-17,2015,Cruzeiro,Vasco,2.0,2.0,D,O,1.39,4.39,8.12,13,1.0,1.0,1.0,2.0,6.0,1.0,5.0,3.0,9.0,-6.0,3.0,-8.0,11.0,1.0,0.0,1.0,0.0,2.0,-2.0,41.7,25.0,16.7,75.0,1477.5,1424.1
2015-09-17,2015,Athletico-PR,Gremio,1.0,2.0,A,O,2.61,3.08,2.73,13,1.0,1.0,0.0,0.0,3.0,3.0,0.0,0.0,1.0,-1.0,3.0,2.0,1.0,1.0,1.0,0.0,0.0,0.0,0.0,58.3,8.3,33.3,41.7,1507.3,1552.8
2015-09-16,2015,Joinville,Sport Recife,1.0,1.0,D,U,2.59,3.01,2.81,13,1.0,0.0,0.0,2.0,2.0,1.0,1.0,1.0,3.0,-2.0,1.0,-2.0,3.0,0.0,0.0,0.0,0.0,0.0,0.0,33.3,33.3,0.0,33.3,1451.5,1510.5
2015-09-16,2015,Goias,Ponte Preta,1.0,2.0,A,O,1.8,3.44,4.46,13,3.0,0.0,0.0,1.0,5.0,1.0,4.0,0.0,4.0,-4.0,5.0,-3.0,8.0,1.0,0.0,1.0,0.0,1.0,-1.0,41.7,25.0,8.3,33.3,1472.0,1484.3
2015-09-16,2015,Fluminense,Palmeiras,1.0,4.0,A,O,2.26,3.18,3.16,13,1.0,0.0,2.0,3.0,4.0,1.0,3.0,6.0,4.0,2.0,-2.0,-3.0,1.0,0.0,0.0,0.0,1.0,0.0,1.0,58.3,25.0,25.0,58.3,1477.4,1511.2
2015-09-13,2015,Vasco,Athletico-PR,2.0,0.0,H,U,2.3,3.11,3.16,13,0.0,1.0,3.0,1.0,1.0,2.0,-1.0,4.0,3.0,1.0,-3.0,-1.0,-2.0,0.0,0.0,0.0,0.0,1.0,-1.0,16.7,58.3,33.3,58.3,1411.1,1520.3
2015-09-13,2015,Sport Recife,Fluminense,1.0,0.0,H,U,2.08,3.3,3.46,13,0.0,0.0,1.0,2.0,2.0,2.0,0.0,3.0,5.0,-2.0,-1.0,-3.0,2.0,0.0,0.0,0.0,0.0,1.0,-1.0,58.3,8.3,25.0,58.3,1500.9,1487.0
2015-09-13,2015,Ponte Preta,Santos,3.0,1.0,H,O,2.98,3.16,2.38,13,0.0,1.0,2.0,0.0,1.0,2.0,-1.0,3.0,1.0,2.0,-2.0,1.0,-3.0,0.0,0.0,0.0,0.0,0.0,0.0,41.7,33.3,8.3,50.0,1472.6,1533.1
2015-09-13,2015,Palmeiras,Figueirense,2.0,0.0,H,U,1.45,4.23,6.96,13,2.0,1.0,0.0,2.0,10.0,3.0,7.0,7.0,7.0,0.0,3.0,-4.0,7.0,1.0,0.0,1.0,0.0,1.0,-1.0,58.3,16.7,16.7,66.7,1502.2,1468.2
2015-09-13,2015,Gremio,Sao Paulo,1.0,2.0,A,O,1.88,3.37,4.1,13,2.0,0.0,0.0,2.0,4.0,1.0,3.0,2.0,5.0,-3.0,2.0,-4.0,6.0,0.0,0.0,0.0,0.0,1.0,-1.0,75.0,0.0,25.0,58.3,1564.2,1516.7
2015-09-13,2015,Cruzeiro,Atletico-MG,1.0,1.0,D,U,2.59,3.12,2.73,12,1.0,2.0,1.0,1.0,5.0,5.0,0.0,2.0,4.0,-2.0,3.0,1.0,2.0,1.0,0.0,1.0,0.0,0.0,0.0,45.5,27.3,54.5,27.3,1475.0,1562.9
2015-09-13,2015,Corinthians,Joinville,3.0,0.0,H,O,1.36,4.37,9.66,13,2.0,0.0,0.0,2.0,6.0,3.0,3.0,1.0,5.0,-4.0,5.0,-2.0,7.0,2.0,0.0,2.0,0.0,0.0,0.0,83.3,8.3,8.3,66.7,1593.2,1457.8
2015-09-13,2015,Chapecoense-SC,Flamengo RJ,1.0,3.0,A,O,2.66,2.93,2.83,13,1.0,2.0,1.0,1.0,3.0,6.0,-3.0,4.0,5.0,-1.0,-1.0,1.0,-2.0,0.0,1.0,-1.0,1.0,1.0,0.0,58.3,16.7,50.0,50.0,1482.5,1528.6
2015-09-13,2015,Avai,Goias,2.0,1.0,H,O,2.16,3.09,3.5,13,1.0,1.0,2.0,2.0,4.0,4.0,0.0,4.0,5.0,-1.0,0.0,-1.0,1.0,1.0,1.0,0.0,1.0,1.0,0.0,33.3,41.7,16.7,58.3,1443.3,1483.1
2015-09-12,2015,Coritiba,Internacional,0.0,1.0,A,U,2.35,3.08,3.11,13,1.0,0.0,0.0,2.0,2.0,0.0,2.0,1.0,5.0,-4.0,1.0,-5.0,6.0,0.0,0.0,0.0,0.0,2.0,-2.0,33.3,16.7,8.3,50.0,1490.0,1507.5
2015-09-11,2015,Joinville,Chapecoense-SC,0.0,0.0,D,U,2.35,3.0,3.19,12,2.0,0.0,0.0,2.0,5.0,1.0,4.0,1.0,4.0,-3.0,4.0,-3.0,7.0,1.0,0.0,1.0,0.0,1.0,-1.0,36.4,36.4,9.1,72.7,1457.0,1483.2
2015-09-11,2015,Flamengo RJ,Cruzeiro,2.0,0.0,H,U,2.0,3.21,3.84,12,3.0,1.0,0.0,2.0,8.0,2.0,6.0,3.0,7.0,-4.0,5.0,-5.0,10.0,1.0,0.0,1.0,0.0,2.0,-2.0,45.5,36.4,25.0,66.7,1519.6,1484.0
2015-09-10,2015,Santos,Sao Paulo,3.0,0.0,H,O,2.11,3.23,3.48,12,3.0,1.0,0.0,1.0,9.0,3.0,6.0,3.0,2.0,1.0,6.0,1.0,5.0,2.0,1.0,1.0,0.0,0.0,0.0,72.7,9.1,27.3,54.5,1523.0,1526.8
2015-09-10,2015,Goias,Sport Recife,1.0,0.0,H,U,1.89,3.25,4.23,12,2.0,0.0,0.0,2.0,4.0,4.0,0.0,0.0,6.0,-6.0,4.0,-2.0,6.0,1.0,0.0,1.0,0.0,0.0,0.0,36.4,27.3,0.0,27.3,1472.0,1512.0
2015-09-10,2015,Figueirense,Athletico-PR,1.0,1.0,D,U,2.51,3.06,2.89,12,1.0,1.0,2.0,2.0,2.0,3.0,-1.0,5.0,5.0,0.0,-3.0,-2.0,-1.0,0.0,0.0,0.0,2.0,1.0,1.0,45.5,27.3,36.4,63.6,1466.7,1521.9
2015-09-10,2015,Coritiba,Fluminense,1.0,1.0,D,U,2.18,3.12,3.42,12,2.0,0.0,0.0,3.0,3.0,1.0,2.0,1.0,5.0,-4.0,2.0,-4.0,6.0,0.0,0.0,0.0,0.0,1.0,-1.0,36.4,18.2,27.3,63.6,1490.1,1486.9
2015-09-10,2015,Corinthians,Gremio,1.0,1.0,D,U,1.89,3.24,4.28,12,3.0,2.0,0.0,0.0,9.0,4.0,5.0,3.0,0.0,3.0,6.0,4.0,2.0,2.0,2.0,0.0,0.0,0.0,0.0,90.9,9.1,36.4,45.5,1594.1,1563.3
2015-09-09,2015,Ponte Preta,Vasco,0.0,1.0,A,U,1.71,3.48,5.02,12,1.0,0.0,1.0,3.0,3.0,0.0,3.0,2.0,10.0,-8.0,1.0,-10.0,11.0,1.0,0.0,1.0,0.0,2.0,-2.0,45.5,27.3,9.1,81.8,1485.0,1398.6
2015-09-09,2015,Internacional,Palmeiras,1.0,0.0,H,U,1.79,3.48,4.48,12,3.0,0.0,0.0,3.0,9.0,2.0,7.0,0.0,5.0,-5.0,9.0,-3.0,12.0,2.0,0.0,2.0,0.0,0.0,0.0,63.6,18.2,27.3,54.5,1497.0,1512.6
2015-09-09,2015,Atletico-MG,Avai,2.0,0.0,H,U,1.26,5.58,10.76,13,1.0,0.0,2.0,3.0,2.0,2.0,0.0,4.0,10.0,-6.0,-2.0,-8.0,6.0,0.0,0.0,0.0,1.0,3.0,-2.0,66.7,25.0,18.2,63.6,1555.8,1450.4
2015-09-06,2015,Sport Recife,Santos,1.0,1.0,D,U,2.18,3.28,3.24,12,0.0,1.0,1.0,0.0,1.0,3.0,-2.0,2.0,2.0,0.0,-1.0,1.0,-2.0,0.0,0.0,0.0,0.0,0.0,0.0,63.6,9.1,9.1,54.5,1511.7,1523.3
2015-09-06,2015,Palmeiras,Corinthians,3.0,3.0,D,O,2.16,3.2,3.36,12,2.0,2.0,1.0,0.0,7.0,6.0,1.0,5.0,3.0,2.0,2.0,3.0,-1.0,1.0,1.0,0.0,0.0,0.0,0.0,63.6,18.2,45.5,18.2,1510.2,1596.6
2015-09-06,2015,Gremio,Goias,2.0,1.0,H,O,1.74,3.36,5.06,12,2.0,1.0,0.0,1.0,7.0,4.0,3.0,1.0,4.0,-3.0,6.0,0.0,6.0,1.0,1.0,0.0,0.0,1.0,-1.0,72.7,0.0,18.2,54.5,1555.4,1479.8
2015-09-06,2015,Fluminense,Flamengo RJ,1.0,3.0,A,O,3.27,3.15,2.22,12,2.0,1.0,1.0,2.0,4.0,3.0,1.0,3.0,5.0,-2.0,1.0,-2.0,3.0,0.0,0.0,0.0,0.0,1.0,-1.0,63.6,18.2,45.5,54.5,1496.5,1510.0
2015-09-06,2015,Cruzeiro,Figueirense,5.0,1.0,H,O,1.51,3.82,6.89,11,1.0,1.0,1.0,1.0,2.0,4.0,-2.0,2.0,4.0,-2.0,0.0,0.0,0.0,0.0,0.0,0.0,0.0,0.0,0.0,40.0,30.0,18.2,63.6,1473.9,1476.7
2015-09-06,2015,Chapecoense-SC,Ponte Preta,0.0,0.0,D,U,1.96,3.22,4.01,12,1.0,0.0,1.0,2.0,5.0,2.0,3.0,6.0,7.0,-1.0,-1.0,-5.0,4.0,0.0,0.0,0.0,1.0,2.0,-1.0,63.6,18.2,9.1,36.4,1483.2,1485.1
2015-09-06,2015,Avai,Coritiba,0.0,2.0,A,U,2.13,3.15,3.52,12,2.0,1.0,1.0,1.0,5.0,1.0,4.0,2.0,3.0,-1.0,3.0,-2.0,5.0,1.0,0.0,1.0,0.0,1.0,-1.0,36.4,36.4,9.1,63.6,1459.8,1480.7
2015-09-06,2015,Athletico-PR,Joinville,0.0,0.0,D,U,1.53,3.77,6.53,12,1.0,0.0,0.0,2.0,4.0,3.0,1.0,1.0,5.0,-4.0,3.0,-2.0,5.0,1.0,0.0,1.0,0.0,0.0,0.0,63.6,9.1,9.1,72.7,1523.9,1455.1
2015-09-05,2015,Vasco,Atletico-MG,1.0,2.0,A,O,4.76,3.65,1.7,12,0.0,1.0,2.0,1.0,0.0,3.0,-3.0,2.0,3.0,-1.0,-2.0,0.0,-2.0,0.0,0.0,0.0,0.0,0.0,0.0,18.2,54.5,50.0,30.0,1404.7,1549.7
2015-09-05,2015,Sao Paulo,Internacional,2.0,0.0,H,U,2.2,3.26,3.24,12,1.0,0.0,1.0,2.0,4.0,0.0,4.0,4.0,8.0,-4.0,0.0,-8.0,8.0,1.0,0.0,1.0,1.0,2.0,-1.0,63.6,9.1,9.1,45.5,1517.1,1506.7
2015-09-04,2015,Figueirense,Gremio,0.0,2.0,A,U,2.54,2.99,2.91,11,2.0,1.0,1.0,1.0,5.0,2.0,3.0,4.0,1.0,3.0,1.0,1.0,0.0,1.0,1.0,0.0,1.0,0.0,1.0,50.0,20.0,30.0,50.0,1485.0,1547.2
2015-09-03,2015,Santos,Chapecoense-SC,3.0,1.0,H,O,1.48,3.96,6.98,11,3.0,0.0,0.0,1.0,9.0,0.0,9.0,2.0,1.0,1.0,7.0,-1.0,8.0,2.0,0.0,2.0,0.0,0.0,0.0,70.0,10.0,10.0,70.0,1514.0,1492.5
2015-09-03,2015,Goias,Palmeiras,1.0,0.0,H,U,2.33,3.11,3.09,11,1.0,0.0,0.0,3.0,3.0,3.0,0.0,0.0,6.0,-6.0,3.0,-3.0,6.0,1.0,0.0,1.0,0.0,0.0,0.0,30.0,30.0,30.0,50.0,1468.3,1521.7
2015-09-03,2015,Flamengo RJ,Avai,3.0,0.0,H,O,1.59,3.72,5.79,11,2.0,0.0,0.0,3.0,7.0,2.0,5.0,5.0,9.0,-4.0,2.0,-7.0,9.0,0.0,0.0,0.0,0.0,3.0,-3.0,40.0,40.0,20.0,60.0,1500.9,1468.8
2015-09-03,2015,Coritiba,Sport Recife,0.0,0.0,D,U,1.96,3.28,3.85,11,2.0,0.0,0.0,2.0,4.0,5.0,-1.0,2.0,7.0,-5.0,2.0,-2.0,4.0,0.0,0.0,0.0,0.0,0.0,0.0,40.0,20.0,0.0,30.0,1479.7,1512.7
2015-09-03,2015,Corinthians,Fluminense,2.0,0.0,H,U,1.76,3.36,4.8,11,3.0,0.0,0.0,3.0,10.0,1.0,9.0,3.0,4.0,-1.0,7.0,-3.0,10.0,2.0,0.0,2.0,0.0,0.0,0.0,90.0,10.0,30.0,60.0,1588.9,1504.2
2015-09-03,2015,Atletico-MG,Athletico-PR,0.0,1.0,A,U,1.4,4.41,7.72,12,2.0,1.0,1.0,2.0,5.0,3.0,2.0,4.0,5.0,-1.0,1.0,-2.0,3.0,1.0,0.0,1.0,1.0,1.0,0.0,72.7,18.2,30.0,70.0,1561.1,1512.5
2015-09-02,2015,Ponte Preta,Cruzeiro,1.0,2.0,A,O,2.3,3.11,3.13,11,2.0,0.0,0.0,2.0,3.0,0.0,3.0,0.0,6.0,-6.0,3.0,-6.0,9.0,1.0,0.0,1.0,0.0,2.0,-2.0,50.0,20.0,18.2,72.7,1496.0,1462.9
2015-09-02,2015,Joinville,Sao Paulo,0.0,0.0,D,U,2.85,3.18,2.44,11,3.0,1.0,0.0,2.0,7.0,4.0,3.0,1.0,5.0,-4.0,6.0,-1.0,7.0,2.0,1.0,1.0,0.0,1.0,-1.0,40.0,40.0,30.0,60.0,1453.2,1519.0
2015-09-02,2015,Internacional,Vasco,6.0,0.0,H,O,1.51,3.84,6.64,11,2.0,0.0,0.0,3.0,3.0,0.0,3.0,0.0,7.0,-7.0,3.0,-7.0,10.0,1.0,0.0,1.0,0.0,2.0,-2.0,60.0,20.0,10.0,80.0,1499.2,1412.2
2015-08-30,2015,Sport Recife,Flamengo RJ,0.0,1.0,A,U,2.16,3.3,3.26,11,1.0,1.0,0.0,2.0,3.0,3.0,0.0,1.0,5.0,-4.0,2.0,-2.0,4.0,1.0,0.0,1.0,0.0,1.0,-1.0,70.0,0.0,40.0,60.0,1523.6,1489.9
2015-08-30,2015,Sao Paulo,Ponte Preta,3.0,0.0,H,O,1.75,3.47,4.74,11,1.0,0.0,1.0,1.0,2.0,3.0,-1.0,4.0,5.0,-1.0,-2.0,-2.0,0.0,0.0,0.0,0.0,1.0,1.0,0.0,60.0,10.0,10.0,30.0,1509.1,1505.9
2015-08-30,2015,Palmeiras,Joinville,3.0,2.0,H,O,1.42,4.16,7.67,11,2.0,0.0,1.0,2.0,5.0,1.0,4.0,3.0,4.0,-1.0,2.0,-3.0,5.0,1.0,0.0,1.0,0.0,1.0,-1.0,60.0,20.0,10.0,70.0,1513.2,1461.7
2015-08-30,2015,Gremio,Coritiba,0.0,0.0,D,U,1.52,3.8,6.72,11,2.0,1.0,0.0,1.0,8.0,1.0,7.0,2.0,3.0,-1.0,6.0,-2.0,8.0,1.0,0.0,1.0,0.0,1.0,-1.0,80.0,0.0,10.0,70.0,1549.2,1477.7
2015-08-30,2015,Fluminense,Atletico-MG,1.0,2.0,A,O,2.73,3.23,2.51,11,2.0,0.0,1.0,2.0,4.0,1.0,3.0,3.0,3.0,0.0,1.0,-2.0,3.0,0.0,0.0,0.0,0.0,0.0,0.0,70.0,10.0,44.4,33.3,1513.0,1552.3
2015-08-30,2015,Cruzeiro,Santos,0.0,1.0,A,U,2.05,3.24,3.64,10,1.0,0.0,0.0,1.0,3.0,2.0,1.0,2.0,3.0,-1.0,1.0,-1.0,2.0,0.0,0.0,0.0,0.0,0.0,0.0,44.4,22.2,0.0,60.0,1472.0,1504.9
2015-08-30,2015,Chapecoense-SC,Corinthians,1.0,3.0,A,O,2.5,2.95,2.99,11,2.0,1.0,0.0,0.0,6.0,4.0,2.0,4.0,3.0,1.0,2.0,1.0,1.0,0.0,0.0,0.0,0.0,0.0,0.0,70.0,10.0,40.0,20.0,1500.3,1581.2
2015-08-30,2015,Avai,Internacional,3.0,0.0,H,O,2.84,3.13,2.49,11,1.0,0.0,2.0,1.0,3.0,0.0,3.0,4.0,5.0,-1.0,-1.0,-5.0,4.0,0.0,0.0,0.0,0.0,1.0,-1.0,30.0,40.0,10.0,40.0,1457.3,1510.7
2015-08-30,2015,Athletico-PR,Goias,3.0,0.0,H,O,1.97,3.23,3.92,11,1.0,1.0,0.0,1.0,2.0,5.0,-3.0,1.0,3.0,-2.0,1.0,2.0,-1.0,0.0,1.0,-1.0,0.0,0.0,0.0,60.0,10.0,20.0,50.0,1503.2,1477.5
2015-08-29,2015,Vasco,Figueirense,0.0,1.0,A,U,2.04,3.15,3.8,11,0.0,0.0,2.0,2.0,1.0,3.0,-2.0,5.0,5.0,0.0,-4.0,-2.0,-2.0,0.0,0.0,0.0,1.0,0.0,1.0,20.0,50.0,10.0,70.0,1420.7,1476.6
2015-08-23,2015,Ponte Preta,Gremio,0.0,0.0,D,U,2.52,3.09,2.84,10,2.0,1.0,0.0,2.0,3.0,2.0,1.0,0.0,2.0,-2.0,3.0,0.0,3.0,1.0,1.0,0.0,0.0,0.0,0.0,55.6,22.2,33.3,55.6,1504.6,1550.5
2015-08-23,2015,Joinville,Fluminense,2.0,1.0,H,O,2.55,3.06,2.82,10,2.0,0.0,0.0,3.0,6.0,1.0,5.0,1.0,4.0,-3.0,5.0,-3.0,8.0,2.0,0.0,2.0,0.0,0.0,0.0,33.3,44.4,33.3,55.6,1449.6,1525.2
2015-08-23,2015,Internacional,Athletico-PR,2.0,0.0,H,U,1.88,3.3,4.22,10,2.0,2.0,0.0,1.0,3.0,5.0,-2.0,1.0,4.0,-3.0,2.0,1.0,1.0,0.0,0.0,0.0,0.0,0.0,0.0,55.6,22.2,33.3,66.7,1500.3,1513.6
2015-08-23,2015,Flamengo RJ,Sao Paulo,2.0,1.0,H,O,1.95,3.34,3.85,10,2.0,1.0,0.0,2.0,6.0,3.0,3.0,4.0,5.0,-1.0,2.0,-2.0,4.0,0.0,1.0,-1.0,0.0,2.0,-2.0,33.3,44.4,33.3,55.6,1478.7,1520.2
2015-08-23,2015,Figueirense,Sport Recife,2.0,1.0,H,O,2.13,3.22,3.41,10,1.0,0.0,1.0,1.0,3.0,5.0,-2.0,3.0,6.0,-3.0,0.0,-1.0,1.0,1.0,0.0,1.0,1.0,0.0,1.0,44.4,22.2,0.0,22.2,1464.5,1535.6
2015-08-23,2015,Coritiba,Chapecoense-SC,1.0,0.0,H,U,1.92,3.21,4.19,10,1.0,0.0,0.0,1.0,4.0,0.0,4.0,3.0,1.0,2.0,1.0,-1.0,2.0,0.0,0.0,0.0,0.0,0.0,0.0,33.3,22.2,11.1,66.7,1466.4,1511.5
2015-08-23,2015,Corinthians,Cruzeiro,3.0,0.0,H,O,1.98,3.22,3.91,10,3.0,0.0,0.0,2.0,8.0,0.0,8.0,3.0,4.0,-1.0,5.0,-4.0,9.0,1.0,0.0,1.0,0.0,1.0,-1.0,88.9,11.1,20.0,70.0,1573.9,1479.3
2015-08-23,2015,Atletico-MG,Palmeiras,2.0,1.0,H,O,1.61,3.78,5.39,11,2.0,1.0,1.0,2.0,4.0,6.0,-2.0,3.0,5.0,-2.0,1.0,1.0,0.0,1.0,1.0,0.0,1.0,0.0,1.0,70.0,20.0,33.3,44.4,1542.8,1522.6
2015-08-22,2015,Santos,Avai,5.0,2.0,H,O,1.4,4.38,7.95,10,3.0,0.0,0.0,2.0,6.0,1.0,5.0,0.0,5.0,-5.0,6.0,-4.0,10.0,2.0,0.0,2.0,0.0,2.0,-2.0,66.7,11.1,22.2,55.6,1495.7,1466.5
2015-08-22,2015,Goias,Vasco,3.0,0.0,H,O,1.66,3.56,5.28,10,0.0,1.0,1.0,2.0,0.0,2.0,-2.0,1.0,5.0,-4.0,-1.0,-3.0,2.0,0.0,0.0,0.0,0.0,1.0,-1.0,22.2,33.3,11.1,77.8,1468.7,1429.5
2015-08-16,2015,Sport Recife,Ponte Preta,1.0,1.0,D,U,1.81,3.46,4.32,10,1.0,0.0,0.0,1.0,4.0,2.0,2.0,2.0,4.0,-2.0,2.0,-2.0,4.0,1.0,0.0,1.0,0.0,1.0,-1.0,77.8,0.0,11.1,33.3,1536.6,1503.7
2015-08-16,2015,Sao Paulo,Goias,0.0,3.0,A,O,1.6,3.64,5.75,10,2.0,0.0,0.0,2.0,5.0,2.0,3.0,2.0,4.0,-2.0,3.0,-2.0,5.0,1.0,0.0,1.0,0.0,0.0,0.0,66.7,0.0,11.1,55.6,1532.4,1456.5
2015-08-16,2015,Palmeiras,Flamengo RJ,4.0,2.0,H,O,1.96,3.3,3.8,10,2.0,2.0,1.0,1.0,4.0,3.0,1.0,1.0,2.0,-1.0,3.0,1.0,2.0,1.0,0.0,1.0,0.0,0.0,0.0,55.6,22.2,44.4,55.6,1513.3,1488.0
2015-08-16,2015,Gremio,Joinville,2.0,1.0,H,O,1.39,4.28,8.39,10,2.0,1.0,0.0,1.0,8.0,2.0,6.0,1.0,2.0,-1.0,7.0,0.0,7.0,2.0,1.0,1.0,0.0,1.0,-1.0,77.8,0.0,11.1,66.7,1543.0,1457.2
2015-08-16,2015,Fluminense,Figueirense,2.0,1.0,H,O,1.66,3.53,5.36,10,2.0,0.0,1.0,2.0,3.0,2.0,1.0,2.0,6.0,-4.0,1.0,-4.0,5.0,0.0,0.0,0.0,0.0,1.0,-1.0,66.7,11.1,11.1,66.7,1516.4,1473.3
2015-08-16,2015,Cruzeiro,Internacional,0.0,0.0,D,U,1.73,3.42,4.96,9,2.0,1.0,0.0,1.0,4.0,2.0,2.0,2.0,5.0,-3.0,2.0,-3.0,5.0,0.0,1.0,-1.0,0.0,1.0,-1.0,50.0,25.0,11.1,44.4,1478.7,1500.9
2015-08-16,2015,Chapecoense-SC,Atletico-MG,2.0,1.0,H,O,3.16,3.18,2.26,10,2.0,1.0,0.0,1.0,5.0,2.0,3.0,3.0,1.0,2.0,2.0,1.0,1.0,0.0,1.0,-1.0,0.0,0.0,0.0,66.7,11.1,50.0,25.0,1500.0,1554.4
2015-08-16,2015,Avai,Corinthians,1.0,2.0,A,O,3.1,3.09,2.34,10,2.0,1.0,1.0,0.0,4.0,5.0,-1.0,3.0,2.0,1.0,1.0,3.0,-2.0,0.0,1.0,-1.0,0.0,0.0,0.0,33.3,33.3,33.3,22.2,1473.9,1566.5
2015-08-15,2015,Vasco,Coritiba,0.0,1.0,A,U,2.18,3.15,3.37,10,0.0,0.0,2.0,2.0,1.0,1.0,0.0,8.0,6.0,2.0,-7.0,-5.0,-2.0,0.0,0.0,0.0,2.0,2.0,0.0,22.2,44.4,0.0,77.8,1439.0,1456.9
2015-08-15,2015,Athletico-PR,Santos,0.0,0.0,D,U,2.35,3.18,2.99,10,1.0,0.0,1.0,2.0,3.0,3.0,0.0,3.0,7.0,-4.0,0.0,-4.0,4.0,0.0,0.0,0.0,0.0,1.0,-1.0,66.7,11.1,0.0,66.7,1514.1,1495.2
2015-08-14,2015,Joinville,Cruzeiro,3.0,0.0,H,O,3.32,3.02,2.26,9,1.0,0.0,1.0,2.0,3.0,0.0,3.0,3.0,2.0,1.0,0.0,-2.0,2.0,1.0,0.0,1.0,1.0,0.0,1.0,25.0,50.0,22.2,66.7,1445.9,1490.0
2015-08-14,2015,Atletico-MG,Gremio,0.0,2.0,A,U,1.73,3.44,4.91,10,3.0,0.0,0.0,3.0,6.0,0.0,6.0,2.0,3.0,-1.0,4.0,-3.0,7.0,1.0,0.0,1.0,0.0,0.0,0.0,77.8,11.1,25.0,62.5,1565.4,1532.0
2015-08-13,2015,Santos,Vasco,1.0,0.0,H,U,1.39,4.44,7.78,9,3.0,1.0,0.0,2.0,8.0,2.0,6.0,0.0,6.0,-6.0,8.0,-4.0,12.0,3.0,0.0,3.0,0.0,2.0,-2.0,62.5,12.5,12.5,75.0,1486.3,1447.9
2015-08-13,2015,Ponte Preta,Avai,2.0,0.0,H,U,1.63,3.62,5.43,9,1.0,0.0,1.0,2.0,1.0,1.0,0.0,2.0,6.0,-4.0,-1.0,-5.0,4.0,0.0,0.0,0.0,1.0,2.0,-1.0,50.0,25.0,25.0,50.0,1494.0,1483.6
2015-08-13,2015,Internacional,Fluminense,1.0,0.0,H,U,2.02,3.24,3.67,9,1.0,1.0,1.0,2.0,3.0,3.0,0.0,3.0,4.0,-1.0,0.0,-1.0,1.0,0.0,0.0,0.0,0.0,0.0,0.0,50.0,25.0,37.5,50.0,1489.9,1527.5
2015-08-13,2015,Goias,Chapecoense-SC,0.0,0.0,D,U,1.8,3.25,4.78,9,1.0,0.0,1.0,2.0,4.0,1.0,3.0,2.0,3.0,-1.0,2.0,-2.0,4.0,1.0,0.0,1.0,0.0,0.0,0.0,25.0,37.5,12.5,75.0,1455.2,1501.3
2015-08-13,2015,Figueirense,Sao Paulo,0.0,2.0,A,U,2.93,3.14,2.41,9,1.0,1.0,1.0,2.0,3.0,5.0,-2.0,3.0,5.0,-2.0,0.0,0.0,0.0,1.0,1.0,0.0,1.0,2.0,-1.0,50.0,12.5,25.0,62.5,1482.1,1523.6
2015-08-13,2015,Corinthians,Sport Recife,4.0,3.0,H,O,1.53,3.83,6.29,9,3.0,0.0,0.0,1.0,6.0,3.0,3.0,0.0,4.0,-4.0,6.0,-1.0,7.0,2.0,0.0,2.0,0.0,0.0,0.0,87.5,12.5,0.0,12.5,1556.8,1546.3
2015-08-12,2015,Flamengo RJ,Athletico-PR,3.0,2.0,H,O,1.83,3.43,4.27,9,1.0,2.0,1.0,1.0,3.0,3.0,0.0,5.0,3.0,2.0,-2.0,0.0,-2.0,0.0,0.0,0.0,1.0,1.0,0.0,25.0,50.0,37.5,62.5,1476.6,1525.5
2015-08-12,2015,Coritiba,Palmeiras,2.0,1.0,H,O,2.91,3.11,2.45,9,0.0,1.0,0.0,1.0,2.0,7.0,-5.0,2.0,5.0,-3.0,0.0,2.0,-2.0,0.0,1.0,-1.0,0.0,0.0,0.0,25.0,25.0,37.5,37.5,1444.6,1525.6
2015-08-09,2015,Vasco,Joinville,0.0,0.0,D,U,1.84,3.26,4.46,9,1.0,1.0,2.0,1.0,2.0,2.0,0.0,8.0,2.0,6.0,-6.0,0.0,-6.0,0.0,1.0,-1.0,2.0,1.0,1.0,25.0,50.0,12.5,75.0,1448.0,1445.8
2015-08-09,2015,Sao Paulo,Corinthians,1.0,1.0,D,U,2.32,3.0,3.22,9,2.0,1.0,0.0,0.0,4.0,4.0,0.0,1.0,1.0,0.0,3.0,3.0,0.0,1.0,1.0,0.0,0.0,0.0,0.0,75.0,0.0,37.5,25.0,1522.6,1557.8
2015-08-09,2015,Santos,Coritiba,3.0,0.0,H,O,1.51,3.93,6.35,8,2.0,0.0,1.0,2.0,6.0,1.0,5.0,3.0,5.0,-2.0,3.0,-4.0,7.0,2.0,0.0,2.0,1.0,2.0,-1.0,57.1,14.3,0.0,75.0,1477.0,1454.0
2015-08-09,2015,Ponte Preta,Flamengo RJ,1.0,0.0,H,U,2.58,3.1,2.75,8,0.0,3.0,2.0,0.0,0.0,4.0,-4.0,4.0,1.0,3.0,-4.0,3.0,-7.0,0.0,0.0,0.0,2.0,0.0,2.0,42.9,28.6,50.0,50.0,1483.9,1486.7
2015-08-09,2015,Gremio,Internacional,5.0,0.0,H,O,1.81,3.36,4.47,9,2.0,1.0,0.0,1.0,4.0,2.0,2.0,1.0,3.0,-2.0,3.0,-1.0,4.0,1.0,1.0,0.0,0.0,1.0,-1.0,75.0,0.0,12.5,37.5,1522.7,1499.2
2015-08-09,2015,Goias,Atletico-MG,0.0,0.0,D,U,2.95,3.15,2.39,8,1.0,2.0,1.0,1.0,4.0,5.0,-1.0,2.0,2.0,0.0,2.0,3.0,-1.0,1.0,2.0,-1.0,0.0,0.0,0.0,28.6,42.9,57.1,28.6,1452.0,1568.6
2015-08-09,2015,Cruzeiro,Palmeiras,2.0,1.0,H,O,2.04,3.19,3.7,8,2.0,2.0,0.0,0.0,4.0,8.0,-4.0,1.0,3.0,-2.0,3.0,5.0,-2.0,1.0,2.0,-1.0,0.0,0.0,0.0,42.9,28.6,42.9,28.6,1478.3,1537.3
2015-08-09,2015,Chapecoense-SC,Figueirense,2.0,2.0,D,O,1.86,3.2,4.45,9,3.0,1.0,0.0,2.0,4.0,2.0,2.0,1.0,5.0,-4.0,3.0,-3.0,6.0,0.0,0.0,0.0,0.0,1.0,-1.0,75.0,12.5,12.5,75.0,1501.9,1481.5
2015-08-09,2015,Athletico-PR,Sport Recife,1.0,1.0,D,U,1.79,3.41,4.52,9,2.0,0.0,1.0,1.0,4.0,4.0,0.0,3.0,5.0,-2.0,1.0,-1.0,2.0,0.0,0.0,0.0,0.0,0.0,0.0,75.0,12.5,0.0,14.3,1524.9,1546.9
2015-08-08,2015,Avai,Fluminense,1.0,0.0,H,U,2.44,3.16,2.87,9,1.0,1.0,1.0,1.0,5.0,3.0,2.0,5.0,3.0,2.0,0.0,0.0,0.0,0.0,0.0,0.0,0.0,0.0,0.0,25.0,37.5,42.9,42.9,1471.6,1539.4
2015-08-02,2015,Sport Recife,Cruzeiro,0.0,0.0,D,U,2.18,3.2,3.3,9,2.0,0.0,0.0,3.0,7.0,0.0,7.0,2.0,3.0,-1.0,5.0,-3.0,8.0,2.0,0.0,2.0,0.0,0.0,0.0,87.5,0.0,25.0,75.0,1549.0,1476.2
2015-08-02,2015,Palmeiras,Athletico-PR,0.0,1.0,A,U,1.49,3.99,6.73,9,3.0,1.0,0.0,2.0,6.0,2.0,4.0,0.0,5.0,-5.0,6.0,-3.0,9.0,2.0,0.0,2.0,0.0,2.0,-2.0,62.5,12.5,28.6,71.4,1548.3,1513.9
2015-08-02,2015,Joinville,Avai,2.0,0.0,H,U,2.39,3.09,3.02,8,0.0,0.0,2.0,2.0,1.0,1.0,0.0,4.0,5.0,-1.0,-3.0,-4.0,1.0,0.0,0.0,0.0,1.0,1.0,0.0,14.3,57.1,28.6,42.9,1434.4,1483.0
2015-08-02,2015,Internacional,Chapecoense-SC,0.0,0.0,D,U,1.64,3.49,5.65,8,1.0,0.0,2.0,3.0,4.0,1.0,3.0,6.0,5.0,1.0,-2.0,-4.0,2.0,0.0,0.0,0.0,1.0,1.0,0.0,57.1,28.6,14.3,85.7,1499.1,1502.0
2015-08-02,2015,Flamengo RJ,Santos,2.0,2.0,D,O,1.91,3.34,4.01,8,1.0,0.0,2.0,3.0,2.0,2.0,0.0,5.0,7.0,-2.0,-3.0,-5.0,2.0,0.0,0.0,0.0,1.0,1.0,0.0,28.6,57.1,0.0,75.0,1487.0,1476.7
2015-08-02,2015,Figueirense,Ponte Preta,3.0,1.0,H,O,2.19,3.13,3.37,8,1.0,0.0,1.0,1.0,3.0,1.0,2.0,3.0,3.0,0.0,0.0,-2.0,2.0,1.0,0.0,1.0,1.0,1.0,0.0,42.9,14.3,12.5,25.0,1470.8,1494.6
2015-08-02,2015,Coritiba,Goias,1.0,1.0,D,U,1.93,3.19,4.14,8,0.0,0.0,0.0,3.0,1.0,2.0,-1.0,1.0,6.0,-5.0,0.0,-4.0,4.0,0.0,0.0,0.0,0.0,1.0,-1.0,28.6,28.6,12.5,62.5,1454.0,1451.9
2015-08-01,2015,Fluminense,Gremio,1.0,0.0,H,U,2.15,3.11,3.49,9,2.0,1.0,1.0,2.0,4.0,3.0,1.0,3.0,3.0,0.0,1.0,0.0,1.0,0.0,1.0,-1.0,0.0,0.0,0.0,62.5,12.5,28.6,57.1,1529.3,1532.8
2015-07-30,2015,Corinthians,Vasco,3.0,0.0,H,O,1.38,4.32,8.67,8,3.0,1.0,0.0,2.0,5.0,2.0,3.0,0.0,4.0,-4.0,5.0,-2.0,7.0,2.0,0.0,2.0,0.0,1.0,-1.0,85.7,14.3,14.3,71.4,1550.5,1455.3
2015-07-30,2015,Atletico-MG,Sao Paulo,3.0,1.0,H,O,1.65,3.65,5.17,9,3.0,1.0,0.0,2.0,5.0,5.0,0.0,1.0,4.0,-3.0,4.0,1.0,3.0,1.0,1.0,0.0,0.0,1.0,-1.0,75.0,12.5,28.6,57.1,1559.4,1531.8
2015-07-26,2015,Vasco,Palmeiras,1.0,4.0,A,O,2.96,3.12,2.4,8,2.0,1.0,1.0,1.0,2.0,4.0,-2.0,4.0,3.0,1.0,-2.0,1.0,-3.0,0.0,1.0,-1.0,1.0,0.0,1.0,28.6,42.9,33.3,33.3,1463.1,1540.5
2015-07-26,2015,Sao Paulo,Cruzeiro,1.0,0.0,H,U,2.0,3.28,3.78,8,1.0,0.0,0.0,3.0,4.0,0.0,4.0,2.0,3.0,-1.0,2.0,-3.0,5.0,1.0,0.0,1.0,0.0,0.0,0.0,71.4,0.0,28.6,71.4,1522.9,1485.1
2015-07-26,2015,Santos,Joinville,2.0,0.0,H,U,1.55,3.78,6.14,7,2.0,1.0,1.0,1.0,5.0,2.0,3.0,3.0,1.0,2.0,2.0,1.0,1.0,1.0,1.0,0.0,1.0,0.0,1.0,50.0,16.7,14.3,71.4,1467.3,1443.8
2015-07-26,2015,Ponte Preta,Internacional,0.0,0.0,D,U,2.13,3.18,3.48,7,1.0,1.0,2.0,1.0,2.0,2.0,0.0,5.0,3.0,2.0,-3.0,-1.0,-2.0,0.0,1.0,-1.0,2.0,1.0,1.0,50.0,33.3,14.3,42.9,1494.4,1499.2
2015-07-26,2015,Goias,Flamengo RJ,0.0,1.0,A,U,2.53,3.04,2.88,7,1.0,2.0,1.0,1.0,5.0,3.0,2.0,3.0,2.0,1.0,2.0,1.0,1.0,1.0,0.0,1.0,0.0,0.0,0.0,33.3,33.3,42.9,57.1,1461.4,1477.4
2015-07-26,2015,Coritiba,Corinthians,1.0,1.0,D,U,2.84,3.0,2.59,7,1.0,1.0,0.0,1.0,1.0,3.0,-2.0,0.0,1.0,-1.0,1.0,2.0,-1.0,0.0,1.0,-1.0,0.0,0.0,0.0,33.3,33.3,42.9,28.6,1451.2,1553.3
2015-07-26,2015,Chapecoense-SC,Fluminense,2.0,1.0,H,O,2.15,3.15,3.43,8,2.0,2.0,0.0,0.0,3.0,4.0,-1.0,1.0,2.0,-1.0,2.0,2.0,0.0,0.0,0.0,0.0,0.0,0.0,0.0,71.4,14.3,50.0,33.3,1490.5,1540.7
2015-07-26,2015,Atletico-MG,Figueirense,1.0,0.0,H,U,1.27,5.21,10.87,8,3.0,1.0,0.0,2.0,5.0,3.0,2.0,1.0,6.0,-5.0,4.0,-3.0,7.0,1.0,0.0,1.0,0.0,1.0,-1.0,71.4,14.3,14.3,71.4,1551.4,1478.8
2015-07-25,2015,Gremio,Sport Recife,1.0,1.0,D,U,1.56,3.82,6.07,8,3.0,0.0,0.0,1.0,4.0,4.0,0.0,0.0,5.0,-5.0,4.0,-1.0,5.0,1.0,0.0,1.0,0.0,0.0,0.0,85.7,0.0,0.0,16.7,1532.3,1549.5
2015-07-25,2015,Avai,Athletico-PR,1.0,2.0,A,O,2.26,3.19,3.14,8,1.0,0.0,1.0,3.0,5.0,1.0,4.0,5.0,6.0,-1.0,0.0,-5.0,5.0,0.0,0.0,0.0,0.0,2.0,-2.0,28.6,28.6,16.7,83.3,1492.7,1504.2
2015-07-19,2015,Sport Recife,Sao Paulo,2.0,0.0,H,U,2.34,3.21,2.99,8,2.0,1.0,0.0,2.0,7.0,5.0,2.0,3.0,6.0,-3.0,4.0,-1.0,5.0,1.0,1.0,0.0,0.0,1.0,-1.0,85.7,0.0,33.3,50.0,1539.7,1532.7
2015-07-19,2015,Palmeiras,Santos,1.0,0.0,H,U,1.72,3.54,4.77,8,3.0,0.0,0.0,3.0,9.0,2.0,7.0,0.0,7.0,-7.0,9.0,-5.0,14.0,3.0,0.0,3.0,0.0,1.0,-1.0,57.1,14.3,0.0,71.4,1532.1,1475.7
2015-07-19,2015,Joinville,Ponte Preta,1.0,1.0,D,U,2.7,3.04,2.66,7,1.0,0.0,2.0,2.0,2.0,0.0,2.0,4.0,4.0,0.0,-2.0,-4.0,2.0,0.0,0.0,0.0,1.0,2.0,-1.0,16.7,66.7,14.3,28.6,1442.2,1496.0
2015-07-19,2015,Fluminense,Vasco,1.0,2.0,A,O,1.68,3.53,5.11,8,3.0,0.0,0.0,3.0,5.0,1.0,4.0,1.0,5.0,-4.0,4.0,-4.0,8.0,1.0,0.0,1.0,0.0,1.0,-1.0,71.4,0.0,0.0,83.3,1553.6,1450.2
2015-07-19,2015,Figueirense,Coritiba,0.0,0.0,D,U,2.07,3.15,3.62,7,1.0,0.0,1.0,2.0,3.0,3.0,0.0,3.0,7.0,-4.0,0.0,-4.0,4.0,1.0,0.0,1.0,1.0,2.0,-1.0,50.0,16.7,0.0,85.7,1479.6,1450.3
2015-07-19,2015,Cruzeiro,Avai,1.0,1.0,D,U,1.41,4.27,7.6,7,2.0,0.0,1.0,2.0,3.0,1.0,2.0,1.0,5.0,-4.0,2.0,-4.0,6.0,1.0,0.0,1.0,0.0,1.0,-1.0,50.0,33.3,33.3,50.0,1484.9,1492.9
2015-07-19,2015,Corinthians,Atletico-MG,1.0,0.0,H,U,2.38,3.15,2.97,7,3.0,3.0,0.0,0.0,6.0,7.0,-1.0,1.0,1.0,0.0,5.0,6.0,-1.0,2.0,3.0,-1.0,0.0,0.0,0.0,83.3,16.7,66.7,16.7,1542.8,1562.0
2015-07-19,2015,Athletico-PR,Chapecoense-SC,1.0,0.0,H,U,2.01,3.18,3.82,8,1.0,1.0,1.0,2.0,5.0,2.0,3.0,5.0,4.0,1.0,0.0,-2.0,2.0,0.0,0.0,0.0,0.0,1.0,-1.0,71.4,14.3,16.7,83.3,1494.1,1500.7
2015-07-18,2015,Internacional,Goias,2.0,1.0,H,O,1.92,3.25,4.07,7,1.0,0.0,2.0,3.0,3.0,2.0,1.0,5.0,6.0,-1.0,-2.0,-4.0,2.0,0.0,0.0,0.0,1.0,1.0,0.0,50.0,33.3,14.3,57.1,1489.8,1470.9
2015-07-18,2015,Flamengo RJ,Gremio,1.0,0.0,H,U,2.28,3.02,3.29,7,0.0,2.0,3.0,1.0,1.0,5.0,-4.0,7.0,3.0,4.0,-6.0,2.0,-8.0,0.0,1.0,-1.0,2.0,0.0,2.0,16.7,66.7,33.3,50.0,1465.2,1544.5
2015-07-12,2015,Sport Recife,Palmeiras,2.0,2.0,D,O,2.42,3.21,2.87,7,3.0,1.0,0.0,2.0,7.0,3.0,4.0,2.0,3.0,-1.0,5.0,0.0,5.0,1.0,1.0,0.0,0.0,0.0,0.0,100.0,0.0,40.0,40.0,1539.9,1531.9
2015-07-12,2015,Sao Paulo,Coritiba,3.0,1.0,H,O,1.51,3.82,6.69,7,1.0,0.0,0.0,2.0,3.0,2.0,1.0,1.0,6.0,-5.0,2.0,-4.0,6.0,1.0,0.0,1.0,0.0,2.0,-2.0,66.7,0.0,0.0,83.3,1524.5,1458.5
2015-07-12,2015,Ponte Preta,Atletico-MG,0.0,2.0,A,U,2.81,3.25,2.44,6,1.0,3.0,1.0,0.0,2.0,9.0,-7.0,3.0,2.0,1.0,-1.0,7.0,-8.0,0.0,3.0,-3.0,1.0,0.0,1.0,60.0,20.0,60.0,20.0,1504.6,1553.4
2015-07-12,2015,Joinville,Internacional,0.0,2.0,A,U,2.26,3.07,3.26,6,1.0,0.0,2.0,2.0,2.0,1.0,1.0,3.0,5.0,-2.0,-1.0,-4.0,3.0,0.0,0.0,0.0,0.0,1.0,-1.0,20.0,60.0,0.0,50.0,1451.4,1480.6
2015-07-12,2015,Flamengo RJ,Corinthians,0.0,3.0,A,O,2.42,2.98,3.08,6,1.0,1.0,2.0,1.0,2.0,1.0,1.0,4.0,1.0,3.0,-2.0,0.0,-2.0,0.0,0.0,0.0,1.0,0.0,1.0,20.0,60.0,33.3,33.3,1473.5,1534.5
2015-07-12,2015,Cruzeiro,Goias,1.0,0.0,H,U,1.54,3.74,6.35,6,2.0,0.0,1.0,2.0,3.0,2.0,1.0,1.0,5.0,-4.0,2.0,-3.0,5.0,1.0,0.0,1.0,0.0,1.0,-1.0,40.0,40.0,16.7,50.0,1474.7,1481.1
2015-07-12,2015,Avai,Chapecoense-SC,2.0,1.0,H,O,2.54,2.95,2.91,7,0.0,1.0,1.0,2.0,4.0,1.0,3.0,5.0,3.0,2.0,-1.0,-2.0,1.0,0.0,0.0,0.0,0.0,1.0,-1.0,16.7,33.3,20.0,80.0,1482.1,1511.6
2015-07-12,2015,Athletico-PR,Fluminense,1.0,2.0,A,O,1.97,3.28,3.82,7,2.0,1.0,0.0,1.0,6.0,3.0,3.0,3.0,3.0,0.0,3.0,0.0,3.0,1.0,0.0,1.0,0.0,0.0,0.0,83.3,0.0,40.0,40.0,1502.8,1544.8
2015-07-11,2015,Santos,Figueirense,3.0,0.0,H,O,1.54,3.83,6.22,6,1.0,1.0,1.0,1.0,4.0,4.0,0.0,5.0,4.0,1.0,-1.0,0.0,-1.0,0.0,0.0,0.0,1.0,0.0,1.0,40.0,20.0,16.7,66.7,1465.0,1490.4
2015-07-11,2015,Gremio,Vasco,2.0,0.0,H,U,1.39,4.17,8.81,7,3.0,0.0,0.0,3.0,4.0,1.0,3.0,1.0,5.0,-4.0,3.0,-4.0,7.0,0.0,0.0,0.0,0.0,1.0,-1.0,83.3,0.0,0.0,80.0,1536.8,1458.0
2015-07-10,2015,Fluminense,Cruzeiro,1.0,0.0,H,U,2.59,3.12,2.73,7,2.0,1.0,0.0,2.0,4.0,3.0,1.0,1.0,3.0,-2.0,3.0,0.0,3.0,1.0,1.0,0.0,0.0,0.0,0.0,66.7,0.0,33.3,66.7,1536.4,1483.2
2015-07-09,2015,Vasco,Sao Paulo,0.0,4.0,A,O,3.92,3.2,1.98,7,2.0,1.0,1.0,2.0,3.0,2.0,1.0,3.0,6.0,-3.0,0.0,-4.0,4.0,0.0,0.0,0.0,1.0,1.0,0.0,33.3,33.3,20.0,60.0,1466.6,1515.9
2015-07-09,2015,Palmeiras,Avai,3.0,0.0,H,O,1.37,4.4,8.54,7,3.0,1.0,0.0,1.0,8.0,2.0,6.0,1.0,2.0,-1.0,7.0,0.0,7.0,2.0,0.0,2.0,0.0,0.0,0.0,50.0,16.7,40.0,40.0,1522.8,1491.2
2015-07-09,2015,Internacional,Flamengo RJ,1.0,2.0,A,O,1.96,3.29,3.88,6,2.0,2.0,1.0,1.0,4.0,2.0,2.0,3.0,1.0,2.0,1.0,1.0,0.0,1.0,0.0,1.0,1.0,0.0,1.0,60.0,20.0,33.3,66.7,1491.4,1462.6
2015-07-09,2015,Figueirense,Joinville,0.0,2.0,A,U,1.75,3.34,4.86,6,2.0,0.0,0.0,2.0,5.0,1.0,4.0,2.0,3.0,-1.0,3.0,-2.0,5.0,1.0,0.0,1.0,0.0,0.0,0.0,60.0,0.0,0.0,83.3,1502.1,1439.6
2015-07-09,2015,Corinthians,Athletico-PR,2.0,0.0,H,U,1.54,3.71,6.62,6,3.0,0.0,0.0,3.0,6.0,2.0,4.0,2.0,6.0,-4.0,4.0,-4.0,8.0,1.0,0.0,1.0,0.0,1.0,-1.0,80.0,20.0,20.0,80.0,1524.9,1512.5
2015-07-09,2015,Atletico-MG,Sport Recife,2.0,1.0,H,O,1.39,4.43,7.72,7,2.0,0.0,0.0,0.0,5.0,3.0,2.0,2.0,3.0,-1.0,3.0,0.0,3.0,1.0,0.0,1.0,0.0,0.0,0.0,66.7,16.7,0.0,0.0,1543.2,1550.1
2015-07-08,2015,Goias,Santos,4.0,1.0,H,O,2.48,3.02,2.93,6,0.0,0.0,2.0,2.0,1.0,3.0,-2.0,3.0,5.0,-2.0,-2.0,-2.0,0.0,0.0,0.0,0.0,0.0,0.0,0.0,20.0,40.0,0.0,66.7,1471.0,1475.1
2015-07-08,2015,Coritiba,Ponte Preta,0.0,0.0,D,U,2.18,3.14,3.37,6,1.0,0.0,1.0,2.0,1.0,2.0,-1.0,1.0,6.0,-5.0,0.0,-4.0,4.0,0.0,0.0,0.0,0.0,2.0,-2.0,40.0,40.0,16.7,33.3,1457.1,1506.0
2015-07-08,2015,Chapecoense-SC,Gremio,1.0,0.0,H,U,2.73,2.93,2.74,7,1.0,2.0,1.0,1.0,2.0,5.0,-3.0,2.0,4.0,-2.0,0.0,1.0,-1.0,0.0,1.0,-1.0,0.0,1.0,-1.0,66.7,16.7,40.0,40.0,1500.2,1548.1
2015-07-05,2015,Sao Paulo,Fluminense,0.0,0.0,D,U,1.7,3.56,4.88,6,2.0,2.0,0.0,1.0,6.0,6.0,0.0,3.0,5.0,-2.0,3.0,1.0,2.0,1.0,0.0,1.0,0.0,0.0,0.0,80.0,0.0,50.0,50.0,1515.3,1537.0
2015-07-05,2015,Santos,Gremio,1.0,3.0,A,O,2.15,3.21,3.36,5,1.0,1.0,0.0,1.0,5.0,3.0,2.0,4.0,4.0,0.0,1.0,-1.0,2.0,0.0,0.0,0.0,0.0,1.0,-1.0,50.0,0.0,25.0,50.0,1483.5,1539.7
2015-07-05,2015,Ponte Preta,Palmeiras,0.0,2.0,A,U,3.88,3.33,1.94,5,2.0,1.0,0.0,2.0,5.0,3.0,2.0,2.0,3.0,-1.0,3.0,0.0,3.0,1.0,1.0,0.0,0.0,0.0,0.0,75.0,0.0,25.0,50.0,1516.1,1512.7
2015-07-05,2015,Internacional,Atletico-MG,1.0,3.0,A,O,2.41,3.29,2.83,5,2.0,2.0,0.0,1.0,3.0,6.0,-3.0,0.0,2.0,-2.0,3.0,4.0,-1.0,1.0,2.0,-1.0,0.0,0.0,0.0,75.0,0.0,50.0,25.0,1500.5,1534.2
2015-07-05,2015,Goias,Corinthians,0.0,0.0,D,U,3.02,2.92,2.5,5,0.0,1.0,2.0,2.0,2.0,2.0,0.0,4.0,4.0,0.0,-2.0,-2.0,0.0,0.0,0.0,0.0,0.0,1.0,-1.0,25.0,50.0,40.0,40.0,1469.3,1526.5
2015-07-05,2015,Flamengo RJ,Figueirense,1.0,2.0,A,O,1.55,3.69,6.42,5,1.0,0.0,2.0,2.0,3.0,2.0,1.0,5.0,4.0,1.0,-2.0,-2.0,0.0,0.0,0.0,0.0,1.0,0.0,1.0,25.0,50.0,0.0,80.0,1472.0,1492.7
2015-07-05,2015,Cruzeiro,Athletico-PR,2.0,0.0,H,U,1.68,3.52,5.15,5,1.0,1.0,1.0,2.0,2.0,4.0,-2.0,2.0,5.0,-3.0,0.0,-1.0,1.0,0.0,0.0,0.0,0.0,0.0,0.0,25.0,50.0,25.0,75.0,1471.7,1524.0
2015-07-05,2015,Chapecoense-SC,Vasco,1.0,0.0,H,U,1.8,3.28,4.72,6,1.0,0.0,1.0,3.0,3.0,1.0,2.0,2.0,7.0,-5.0,1.0,-6.0,7.0,1.0,0.0,1.0,0.0,2.0,-2.0,60.0,20.0,0.0,75.0,1490.6,1476.2
2015-07-05,2015,Avai,Sport Recife,2.0,2.0,D,O,2.29,3.17,3.09,6,0.0,0.0,2.0,0.0,3.0,3.0,0.0,7.0,3.0,4.0,-4.0,0.0,-4.0,0.0,0.0,0.0,1.0,0.0,1.0,20.0,40.0,0.0,0.0,1489.4,1551.9
2015-07-04,2015,Coritiba,Joinville,0.0,0.0,D,U,1.64,3.49,5.67,5,1.0,0.0,2.0,3.0,2.0,1.0,1.0,3.0,5.0,-2.0,-1.0,-4.0,3.0,0.0,0.0,0.0,0.0,1.0,-1.0,50.0,50.0,0.0,100.0,1457.6,1439.1
2015-07-03,2015,Fluminense,Santos,2.0,1.0,H,O,2.17,3.26,3.31,6,2.0,0.0,0.0,2.0,4.0,4.0,0.0,0.0,6.0,-6.0,4.0,-2.0,6.0,2.0,0.0,2.0,0.0,0.0,0.0,60.0,0.0,0.0,60.0,1528.0,1492.5
2015-07-02,2015,Palmeiras,Chapecoense-SC,2.0,0.0,H,U,1.55,3.77,6.16,6,2.0,1.0,0.0,2.0,7.0,2.0,5.0,2.0,4.0,-2.0,5.0,-2.0,7.0,1.0,0.0,1.0,0.0,1.0,-1.0,40.0,20.0,25.0,75.0,1502.7,1500.6
2015-07-02,2015,Joinville,Flamengo RJ,0.0,1.0,A,U,3.15,3.05,2.34,5,1.0,1.0,2.0,2.0,3.0,1.0,2.0,4.0,2.0,2.0,-1.0,-1.0,0.0,0.0,0.0,0.0,0.0,0.0,0.0,25.0,50.0,20.0,80.0,1448.7,1462.4
2015-07-02,2015,Gremio,Cruzeiro,1.0,0.0,H,U,1.89,3.3,4.14,6,3.0,2.0,0.0,1.0,6.0,6.0,0.0,2.0,3.0,-1.0,4.0,3.0,1.0,1.0,2.0,-1.0,0.0,0.0,0.0,80.0,0.0,40.0,60.0,1531.2,1480.2
2015-07-02,2015,Figueirense,Goias,3.0,1.0,H,O,2.14,3.05,3.6,5,2.0,0.0,0.0,2.0,4.0,1.0,3.0,2.0,3.0,-1.0,2.0,-2.0,4.0,0.0,0.0,0.0,0.0,0.0,0.0,50.0,0.0,20.0,40.0,1482.8,1479.2
2015-07-02,2015,Corinthians,Ponte Preta,2.0,0.0,H,U,1.76,3.37,4.82,5,2.0,1.0,1.0,1.0,4.0,5.0,-1.0,4.0,4.0,0.0,0.0,1.0,-1.0,0.0,1.0,-1.0,1.0,1.0,0.0,75.0,25.0,20.0,20.0,1516.2,1526.4
2015-07-02,2015,Atletico-MG,Coritiba,2.0,0.0,H,U,1.33,4.82,8.74,6,1.0,0.0,1.0,2.0,4.0,2.0,2.0,5.0,6.0,-1.0,-1.0,-4.0,3.0,0.0,0.0,0.0,1.0,2.0,-1.0,60.0,20.0,0.0,80.0,1525.9,1465.9
2015-07-02,2015,Athletico-PR,Sao Paulo,2.0,1.0,H,O,2.29,3.14,3.15,6,2.0,1.0,0.0,1.0,5.0,1.0,4.0,2.0,4.0,-2.0,3.0,-3.0,6.0,1.0,0.0,1.0,0.0,1.0,-1.0,80.0,0.0,25.0,50.0,1513.6,1525.7
2015-07-01,2015,Vasco,Avai,1.0,0.0,H,U,1.88,3.38,4.09,6,1.0,2.0,2.0,0.0,2.0,4.0,-2.0,6.0,2.0,4.0,-4.0,2.0,-6.0,0.0,0.0,0.0,2.0,0.0,2.0,20.0,40.0,50.0,25.0,1465.2,1500.4
2015-07-01,2015,Sport Recife,Internacional,3.0,0.0,H,O,1.96,3.29,3.87,6,3.0,0.0,0.0,1.0,5.0,2.0,3.0,2.0,3.0,-1.0,3.0,-1.0,4.0,0.0,0.0,0.0,0.0,0.0,0.0,100.0,0.0,0.0,40.0,1542.8,1509.5
2015-06-28,2015,Vasco,Flamengo RJ,1.0,0.0,H,U,3.66,3.21,2.05,5,0.0,1.0,2.0,2.0,2.0,2.0,0.0,7.0,3.0,4.0,-5.0,-1.0,-4.0,0.0,0.0,0.0,2.0,0.0,2.0,0.0,50.0,25.0,75.0,1454.6,1473.0
2015-06-28,2015,Ponte Preta,Athletico-PR,2.0,1.0,H,O,1.84,3.43,4.23,4,2.0,1.0,0.0,2.0,4.0,3.0,1.0,1.0,5.0,-4.0,3.0,-2.0,5.0,1.0,0.0,1.0,0.0,1.0,-1.0,66.7,0.0,33.3,66.7,1516.2,1523.9
2015-06-28,2015,Palmeiras,Sao Paulo,4.0,0.0,H,O,2.16,3.18,3.41,5,1.0,1.0,1.0,1.0,3.0,1.0,2.0,3.0,1.0,2.0,0.0,0.0,0.0,0.0,0.0,0.0,0.0,0.0,0.0,25.0,25.0,33.3,33.3,1491.4,1537.0
2015-06-28,2015,Internacional,Santos,1.0,0.0,H,U,2.04,3.25,3.65,4,2.0,0.0,0.0,2.0,3.0,4.0,-1.0,0.0,6.0,-6.0,3.0,-2.0,5.0,1.0,0.0,1.0,0.0,0.0,0.0,66.7,0.0,0.0,50.0,1499.4,1502.6
2015-06-28,2015,Goias,Fluminense,1.0,2.0,A,O,2.3,3.06,3.19,4,1.0,1.0,1.0,2.0,3.0,5.0,-2.0,2.0,8.0,-6.0,1.0,-3.0,4.0,1.0,0.0,1.0,0.0,1.0,-1.0,33.3,33.3,33.3,66.7,1488.4,1518.9
2015-06-28,2015,Coritiba,Cruzeiro,1.0,0.0,H,U,2.74,3.11,2.57,4,1.0,2.0,2.0,1.0,3.0,7.0,-4.0,3.0,4.0,-1.0,0.0,3.0,-3.0,1.0,2.0,-1.0,0.0,0.0,0.0,33.3,66.7,50.0,50.0,1454.8,1491.3
2015-06-28,2015,Corinthians,Figueirense,2.0,1.0,H,O,1.49,3.79,7.25,4,2.0,0.0,1.0,2.0,3.0,1.0,2.0,3.0,3.0,0.0,0.0,-2.0,2.0,0.0,0.0,0.0,1.0,0.0,1.0,66.7,33.3,0.0,75.0,1506.6,1492.4
2015-06-28,2015,Atletico-MG,Joinville,1.0,0.0,H,U,1.22,5.81,12.55,5,1.0,0.0,1.0,3.0,6.0,1.0,5.0,5.0,7.0,-2.0,1.0,-6.0,7.0,1.0,0.0,1.0,1.0,2.0,-1.0,50.0,25.0,0.0,100.0,1517.6,1457.0
2015-06-27,2015,Chapecoense-SC,Sport Recife,1.0,1.0,D,U,1.94,3.23,3.98,5,2.0,0.0,1.0,0.0,3.0,4.0,-1.0,1.0,4.0,-3.0,2.0,0.0,2.0,1.0,0.0,1.0,0.0,0.0,0.0,75.0,25.0,0.0,0.0,1499.3,1544.1
2015-06-27,2015,Avai,Gremio,1.0,2.0,A,O,3.15,3.06,2.32,5,1.0,0.0,1.0,2.0,4.0,1.0,3.0,6.0,5.0,1.0,-2.0,-4.0,2.0,0.0,0.0,0.0,1.0,2.0,-1.0,25.0,25.0,0.0,66.7,1510.1,1521.5
2015-06-24,2015,Fluminense,Ponte Preta,2.0,0.0,H,U,2.05,3.22,3.67,5,1.0,1.0,0.0,0.0,2.0,6.0,-4.0,0.0,3.0,-3.0,2.0,3.0,-1.0,1.0,1.0,0.0,0.0,0.0,0.0,50.0,0.0,25.0,0.0,1508.3,1526.7
2015-06-21,2015,Sao Paulo,Avai,1.0,1.0,D,U,1.47,4.1,6.64,5,3.0,2.0,0.0,1.0,8.0,3.0,5.0,2.0,2.0,0.0,6.0,1.0,5.0,2.0,0.0,2.0,0.0,0.0,0.0,100.0,0.0,66.7,33.3,1537.8,1509.3
2015-06-21,2015,Joinville,Goias,2.0,1.0,H,O,2.26,3.01,3.3,4,0.0,1.0,2.0,1.0,1.0,1.0,0.0,3.0,1.0,2.0,-2.0,0.0,-2.0,0.0,0.0,0.0,0.0,0.0,0.0,0.0,66.7,25.0,25.0,1445.4,1499.9
2015-06-21,2015,Gremio,Palmeiras,1.0,0.0,H,U,2.02,3.22,3.75,5,3.0,1.0,0.0,1.0,6.0,3.0,3.0,2.0,2.0,0.0,4.0,1.0,3.0,1.0,1.0,0.0,0.0,0.0,0.0,75.0,0.0,33.3,33.3,1511.8,1501.1
2015-06-21,2015,Cruzeiro,Chapecoense-SC,0.0,1.0,A,U,1.57,3.68,6.14,4,1.0,0.0,1.0,3.0,2.0,1.0,1.0,2.0,5.0,-3.0,0.0,-4.0,4.0,0.0,0.0,0.0,0.0,1.0,-1.0,33.3,33.3,0.0,100.0,1501.7,1488.9
2015-06-21,2015,Athletico-PR,Coritiba,2.0,2.0,D,O,1.9,3.24,4.19,5,3.0,0.0,0.0,3.0,4.0,0.0,4.0,0.0,5.0,-5.0,4.0,-5.0,9.0,1.0,0.0,1.0,0.0,2.0,-2.0,100.0,0.0,0.0,100.0,1525.9,1452.8
2015-06-20,2015,Sport Recife,Vasco,2.0,1.0,H,O,1.71,3.49,4.96,5,3.0,0.0,0.0,2.0,4.0,0.0,4.0,1.0,5.0,-4.0,3.0,-5.0,8.0,0.0,0.0,0.0,0.0,2.0,-2.0,100.0,0.0,0.0,66.7,1536.2,1462.5
2015-06-20,2015,Santos,Corinthians,1.0,0.0,H,U,2.28,3.13,3.19,4,1.0,1.0,0.0,1.0,5.0,2.0,3.0,4.0,3.0,1.0,1.0,-1.0,2.0,0.0,0.0,0.0,0.0,1.0,-1.0,33.3,0.0,50.0,25.0,1491.9,1517.4
2015-06-20,2015,Flamengo RJ,Atletico-MG,0.0,2.0,A,U,2.52,3.22,2.71,4,1.0,1.0,1.0,1.0,5.0,6.0,-1.0,5.0,4.0,1.0,0.0,2.0,-2.0,0.0,1.0,-1.0,0.0,0.0,0.0,33.3,33.3,33.3,33.3,1482.2,1508.3
2015-06-19,2015,Figueirense,Internacional,0.0,0.0,D,U,2.82,3.04,2.56,4,2.0,0.0,0.0,1.0,4.0,3.0,1.0,2.0,4.0,-2.0,2.0,-1.0,3.0,0.0,0.0,0.0,0.0,0.0,0.0,66.7,0.0,0.0,50.0,1492.2,1499.6
2015-06-14,2015,Vasco,Cruzeiro,1.0,3.0,A,O,2.92,3.07,2.46,4,0.0,1.0,1.0,2.0,1.0,4.0,-3.0,4.0,4.0,0.0,-3.0,0.0,-3.0,0.0,1.0,-1.0,1.0,0.0,1.0,0.0,33.3,33.3,66.7,1472.0,1492.2
2015-06-14,2015,Sport Recife,Joinville,2.0,1.0,H,O,1.58,3.66,5.92,4,3.0,0.0,0.0,3.0,6.0,0.0,6.0,1.0,6.0,-5.0,5.0,-6.0,11.0,1.0,0.0,1.0,0.0,2.0,-2.0,100.0,0.0,0.0,100.0,1528.3,1453.3
2015-06-14,2015,Ponte Preta,Goias,0.0,0.0,D,U,1.58,3.7,5.84,3,,1.0,,1.0,,1.0,,,1.0,,,0.0,,,0.0,,,0.0,,100.0,0.0,33.3,33.3,1527.5,1499.1
2015-06-14,2015,Palmeiras,Fluminense,2.0,1.0,H,O,1.78,3.37,4.63,4,0.0,,1.0,,3.0,,,4.0,,,-1.0,,,0.0,,,0.0,,,0.0,33.3,50.0,50.0,1490.3,1519.2
2015-06-14,2015,Gremio,Athletico-PR,2.0,1.0,H,O,1.68,3.49,5.22,4,2.0,,0.0,,7.0,,,4.0,,,3.0,,,1.0,,,0.0,,,66.7,0.0,50.0,50.0,1500.8,1537.0
2015-06-14,2015,Avai,Figueirense,1.0,1.0,D,U,2.06,3.17,3.65,4,1.0,0.0,1.0,3.0,4.0,1.0,3.0,6.0,6.0,0.0,-2.0,-5.0,3.0,0.0,0.0,0.0,1.0,1.0,0.0,33.3,33.3,0.0,100.0,1509.8,1491.7
2015-06-13,2015,Coritiba,Flamengo RJ,0.0,1.0,A,U,2.6,3.04,2.75,3,,0.0,,3.0,,2.0,,,5.0,,,-3.0,,,0.0,,,0.0,,50.0,50.0,0.0,100.0,1462.5,1472.5
2015-06-13,2015,Corinthians,Internacional,2.0,1.0,H,O,1.75,3.37,4.94,3,,0.0,,1.0,,2.0,,,5.0,,,-3.0,,,0.0,,,1.0,,50.0,50.0,0.0,33.3,1507.3,1509.7
2015-06-13,2015,Chapecoense-SC,Sao Paulo,0.0,1.0,A,U,2.62,3.01,2.76,4,3.0,,0.0,,5.0,,,1.0,,,4.0,,,1.0,,,0.0,,,100.0,0.0,0.0,50.0,1498.0,1528.7
2015-06-10,2015,Atletico-MG,Santos,2.0,2.0,D,O,1.5,4.23,6.04,4,2.0,0.0,1.0,2.0,8.0,3.0,5.0,4.0,5.0,-1.0,4.0,-2.0,6.0,2.0,0.0,2.0,1.0,0.0,1.0,66.7,33.3,0.0,66.7,1508.8,1491.4
2015-06-07,2015,Sao Paulo,Gremio,2.0,0.0,H,U,1.77,3.37,4.76,4,3.0,,0.0,,8.0,,,3.0,,,5.0,,,1.0,,,0.0,,,100.0,0.0,0.0,50.0,1518.9,1510.5
2015-06-07,2015,Joinville,Corinthians,0.0,1.0,A,U,3.84,3.09,2.04,3,,1.0,,1.0,,2.0,,,3.0,,,-1.0,,,0.0,,,1.0,,0.0,50.0,33.3,33.3,1462.2,1498.3
2015-06-07,2015,Internacional,Coritiba,2.0,0.0,H,U,1.6,3.63,5.74,3,,0.0,,3.0,,1.0,,,5.0,,,-4.0,,,0.0,,,1.0,,50.0,0.0,0.0,100.0,1500.5,1471.6
2015-06-07,2015,Goias,Avai,0.0,1.0,A,U,1.78,3.32,4.74,3,,,,,,,,,,,,,,,,,,,,50.0,0.0,50.0,50.0,1509.4,1499.5
2015-06-07,2015,Fluminense,Sport Recife,0.0,0.0,D,U,1.68,3.53,5.11,4,2.0,,0.0,,3.0,,,0.0,,,3.0,,,1.0,,,0.0,,,66.7,0.0,0.0,0.0,1518.9,1528.6
2015-06-07,2015,Figueirense,Palmeiras,2.0,1.0,H,O,3.22,3.11,2.26,3,,,,,,,,,,,,,,,,,,,,50.0,0.0,50.0,0.0,1481.1,1500.9
2015-06-07,2015,Athletico-PR,Vasco,2.0,0.0,H,U,1.64,3.57,5.51,4,3.0,,0.0,,5.0,,,0.0,,,5.0,,,1.0,,,0.0,,,100.0,0.0,0.0,50.0,1528.3,1480.6
2015-06-06,2015,Santos,Ponte Preta,2.0,2.0,D,O,1.92,3.31,4.02,3,,1.0,,0.0,,7.0,,,4.0,,,3.0,,,1.0,,,0.0,,50.0,0.0,33.3,0.0,1490.3,1528.6
2015-06-06,2015,Flamengo RJ,Chapecoense-SC,1.0,0.0,H,U,1.74,3.43,4.79,3,,,,,,,,,,,,,,,,,,,,0.0,50.0,0.0,100.0,1461.1,1509.4
2015-06-06,2015,Atletico-MG,Cruzeiro,1.0,3.0,A,O,1.63,3.7,5.22,3,,,,,,,,,,,,,,,,,,,,100.0,0.0,0.0,100.0,1520.0,1481.1
2015-06-05,2015,Sport Recife,Goias,1.0,0.0,H,U,1.75,3.38,4.81,3,,,,,,,,,,,,,,,,,,,,100.0,0.0,50.0,0.0,1518.6,1519.4
2015-06-05,2015,Palmeiras,Internacional,1.0,1.0,D,U,1.87,3.38,4.1,3,,,,,,,,,,,,,,,,,,,,0.0,50.0,0.0,50.0,1500.9,1500.5
2015-06-04,2015,Sao Paulo,Santos,3.0,2.0,H,O,1.86,3.38,4.16,3,,,,,,,,,,,,,,,,,,,,100.0,0.0,0.0,50.0,1509.2,1500.0
2015-06-04,2015,Gremio,Corinthians,3.0,1.0,H,O,2.11,3.06,3.66,3,,,,,,,,,,,,,,,,,,,,50.0,0.0,50.0,0.0,1500.3,1508.6
2015-06-04,2015,Fluminense,Coritiba,2.0,0.0,H,U,1.74,3.43,4.85,3,,,,,,,,,,,,,,,,,,,,50.0,0.0,0.0,100.0,1509.7,1480.8
2015-06-04,2015,Cruzeiro,Flamengo RJ,1.0,0.0,H,U,1.83,3.41,4.26,3,,,,,,,,,,,,,,,,,,,,0.0,50.0,0.0,100.0,1471.1,1471.1
2015-06-04,2015,Avai,Atletico-MG,1.0,4.0,A,O,3.73,3.35,1.97,3,,,,,,,,,,,,,,,,,,,,50.0,0.0,0.0,50.0,1509.5,1510.0
2015-06-03,2015,Vasco,Ponte Preta,0.0,3.0,A,O,2.41,3.11,2.98,3,,,,,,,,,,,,,,,,,,,,0.0,0.0,0.0,0.0,1489.7,1519.5
2015-06-03,2015,Chapecoense-SC,Joinville,2.0,0.0,H,U,1.65,3.52,5.46,3,,,,,,,,,,,,,,,,,,,,100.0,0.0,0.0,100.0,1500.3,1471.4
2015-06-03,2015,Athletico-PR,Figueirense,1.0,0.0,H,U,1.64,3.48,5.73,3,,,,,,,,,,,,,,,,,,,,100.0,0.0,0.0,100.0,1519.2,1490.3
2015-05-31,2015,Santos,Sport Recife,2.0,2.0,D,O,1.52,3.91,6.33,2,,,,,,,,,,,,,,,,,,,,100.0,0.0,0.0,0.0,1499.4,1519.2
2015-05-31,2015,Joinville,Athletico-PR,1.0,2.0,A,O,2.33,3.08,3.11,2,,,,,,,,,,,,,,,,,,,,0.0,0.0,0.0,100.0,1480.6,1510.0
2015-05-31,2015,Internacional,Sao Paulo,0.0,0.0,D,U,2.35,3.17,3.03,2,,,,,,,,,,,,,,,,,,,,100.0,0.0,0.0,100.0,1500.3,1509.4
2015-05-31,2015,Goias,Gremio,1.0,1.0,D,U,2.72,2.97,2.69,2,,,,,,,,,,,,,,,,,,,,100.0,0.0,0.0,100.0,1520.0,1499.7
2015-05-31,2015,Flamengo RJ,Fluminense,2.0,3.0,A,O,2.35,3.15,3.03,2,,,,,,,,,,,,,,,,,,,,0.0,0.0,0.0,100.0,1480.6,1500.3
2015-05-31,2015,Figueirense,Cruzeiro,2.0,1.0,H,O,2.91,3.08,2.47,2,,,,,,,,,,,,,,,,,,,,0.0,0.0,0.0,100.0,1480.3,1481.1
2015-05-31,2015,Corinthians,Palmeiras,0.0,2.0,A,U,2.05,3.17,3.71,2,,,,,,,,,,,,,,,,,,,,100.0,0.0,0.0,0.0,1519.4,1490.0
2015-05-31,2015,Atletico-MG,Vasco,3.0,0.0,H,O,1.41,4.24,7.79,2,,,,,,,,,,,,,,,,,,,,100.0,0.0,0.0,0.0,1500.0,1499.7
2015-05-30,2015,Ponte Preta,Chapecoense-SC,3.0,1.0,H,O,1.82,3.4,4.35,2,,,,,,,,,,,,,,,,,,,,100.0,0.0,0.0,100.0,1509.4,1510.3
2015-05-30,2015,Coritiba,Avai,1.0,2.0,A,O,1.69,3.52,5.13,2,,,,,,,,,,,,,,,,,,,,100.0,0.0,0.0,100.0,1490.6,1499.7
2015-05-24,2015,Sport Recife,Coritiba,1.0,0.0,H,U,1.82,3.38,4.41,2,,,,,,,,,,,,,,,,,,,,100.0,0.0,0.0,100.0,1509.4,1500.3
2015-05-24,2015,Palmeiras,Goias,0.0,1.0,A,U,1.53,3.76,6.54,2,,,,,,,,,,,,,,,,,,,,0.0,0.0,0.0,0.0,1499.7,1510.3
2015-05-24,2015,Gremio,Figueirense,1.0,0.0,H,U,1.5,3.79,7.08,2,,,,,,,,,,,,,,,,,,,,0.0,0.0,0.0,100.0,1489.7,1490.3
2015-05-24,2015,Fluminense,Corinthians,0.0,0.0,D,U,2.6,3.05,2.76,2,,,,,,,,,,,,,,,,,,,,100.0,0.0,100.0,0.0,1499.7,1520.0
2015-05-24,2015,Cruzeiro,Ponte Preta,1.0,1.0,D,U,2.22,3.21,3.21,2,,,,,,,,,,,,,,,,,,,,0.0,100.0,0.0,0.0,1480.3,1510.3
2015-05-24,2015,Chapecoense-SC,Santos,1.0,0.0,H,U,2.63,3.1,2.69,2,,,,,,,,,,,,,,,,,,,,100.0,0.0,0.0,0.0,1500.0,1509.7
2015-05-24,2015,Avai,Flamengo RJ,2.0,1.0,H,O,2.64,3.06,2.71,2,,,,,,,,,,,,,,,,,,,,0.0,0.0,0.0,100.0,1489.7,1490.6
2015-05-24,2015,Athletico-PR,Atletico-MG,1.0,0.0,H,U,3.34,3.25,2.14,2,,,,,,,,,,,,,,,,,,,,100.0,0.0,0.0,0.0,1499.7,1510.3
2015-05-23,2015,Vasco,Internacional,1.0,1.0,D,U,1.8,3.37,4.56,2,,,,,,,,,,,,,,,,,,,,0.0,0.0,0.0,100.0,1499.7,1500.3
2015-05-23,2015,Sao Paulo,Joinville,3.0,0.0,H,O,1.43,4.0,8.07,2,,,,,,,,,,,,,,,,,,,,100.0,0.0,0.0,100.0,1499.7,1490.3
2015-05-17,2015,Santos,Cruzeiro,1.0,0.0,H,U,1.82,3.4,4.3,1,,,,,,,,,,,,,,,,,,,,,,,,1500.0,1490.0
2015-05-17,2015,Ponte Preta,Sao Paulo,1.0,0.0,H,U,2.99,3.14,2.37,1,,,,,,,,,,,,,,,,,,,,,,,,1500.0,1510.0
2015-05-17,2015,Joinville,Palmeiras,0.0,0.0,D,U,3.09,3.11,2.33,1,,,,,,,,,,,,,,,,,,,,,,,,1490.0,1500.0
2015-05-17,2015,Internacional,Avai,1.0,0.0,H,U,1.65,3.68,5.26,1,,,,,,,,,,,,,,,,,,,,,,,,1490.0,1500.0
2015-05-17,2015,Flamengo RJ,Sport Recife,2.0,2.0,D,O,1.62,3.66,5.47,1,,,,,,,,,,,,,,,,,,,,,,,,1490.0,1510.0
2015-05-17,2015,Figueirense,Vasco,0.0,0.0,D,U,2.5,3.08,2.87,1,,,,,,,,,,,,,,,,,,,,,,,,1490.0,1500.0
2015-05-17,2015,Corinthians,Chapecoense-SC,1.0,0.0,H,U,1.6,3.59,5.93,1,,,,,,,,,,,,,,,,,,,,,,,,1510.0,1510.0
2015-05-17,2015,Atletico-MG,Fluminense,4.0,1.0,H,O,1.99,3.3,3.72,1,,,,,,,,,,,,,,,,,,,,,,,,1500.0,1510.0
2015-05-16,2015,Goias,Athletico-PR,2.0,0.0,H,U,2.23,3.1,3.3,1,,,,,,,,,,,,,,,,,,,,,,,,1500.0,1510.0
2015-05-16,2015,Coritiba,Gremio,2.0,0.0,H,U,2.54,3.02,2.87,1,,,,,,,,,,,,,,,,,,,,,,,,1490.0,1500.0
2015-05-10,2015,Vasco,Goias,0.0,0.0,D,U,1.65,3.53,5.44,1,,,,,,,,,,,,,,,,,,,,,,,,1500.0,1500.0
2015-05-10,2015,Sport Recife,Figueirense,4.0,1.0,H,O,1.71,3.46,4.97,1,,,,,,,,,,,,,,,,,,,,,,,,1500.0,1500.0
2015-05-10,2015,Sao Paulo,Flamengo RJ,2.0,1.0,H,O,2.12,3.23,3.39,1,,,,,,,,,,,,,,,,,,,,,,,,1500.0,1500.0
2015-05-10,2015,Gremio,Ponte Preta,3.0,3.0,D,O,1.57,3.63,6.16,1,,,,,,,,,,,,,,,,,,,,,,,,1500.0,1500.0
2015-05-10,2015,Fluminense,Joinville,1.0,0.0,H,U,1.57,3.72,5.96,1,,,,,,,,,,,,,,,,,,,,,,,,1500.0,1500.0
2015-05-10,2015,Cruzeiro,Corinthians,0.0,1.0,A,U,2.76,3.09,2.57,1,,,,,,,,,,,,,,,,,,,,,,,,1500.0,1500.0
2015-05-10,2015,Avai,Santos,1.0,1.0,D,U,3.43,3.27,2.09,1,,,,,,,,,,,,,,,,,,,,,,,,1500.0,1500.0
2015-05-10,2015,Athletico-PR,Internacional,3.0,0.0,H,O,2.16,3.18,3.37,1,,,,,,,,,,,,,,,,,,,,,,,,1500.0,1500.0
2015-05-09,2015,Palmeiras,Atletico-MG,2.0,2.0,D,O,1.65,3.52,5.35,1,,,,,,,,,,,,,,,,,,,,,,,,1500.0,1500.0
2015-05-09,2015,Chapecoense-SC,Coritiba,2.0,1.0,H,O,2.12,3.15,3.5,1,,,,,,,,,,,,,,,,,,,,,,,,1500.0,1500.0
