Date,Season,Home,Away,HG,AG,Result,Result-U/O,1,X,2,HST,AST,HC,AC,Week,HW,AW,HL,AL,HGF,AGF,HAGF,HGA,AGA,HAGA,HGD,AGD,HAGD,HWGD,AWGD,HAWGD,HLGD,ALGD,HALGD,HW%,HL%,AW%,AL%,HSTF,ASTF,HCF,ACF,HElo,AElo
2026-08-27,2026,Celta,Osasuna,1,2,A,O,1.95,3.31,3.94,2,5,5,3,1,,,,,,,,,,,,,,,,,,,,,,,,,,,,1556.0,1493.4
2026-08-27,2026,Barcelona,Ath Bilbao,2,0,H,U,1.31,5.42,8.18,10,0,12,5,1,,,,,,,,,,,,,,,,,,,,,,,,,,,,1796.2,1523.2
2026-08-26,2026,Real Madrid,Sociedad,4,1,H,O,1.31,5.65,8.33,11,3,4,7,1,,,,,,,,,,,,,,,,,,,,,,0.0,100.0,,,,,1763.5,1509.8
2026-08-25,2026,Valencia,Betis,0,1,A,U,2.77,3.24,2.56,3,3,8,2,2,,,,,,,,,,,,,,,,,,,,0.0,0.0,,,,,,,1545.8,1619.0
2026-08-24,2026,Osasuna,Levante,0,0,D,U,1.81,3.52,4.3,7,1,9,4,1,,,,,,,,,,,,,,,,,,,,,,0.0,100.0,,,,,1493.6,1486.6
2026-08-24,2026,Malaga,La Coruna,1,1,D,U,2.48,2.99,3.01,2,4,7,4,1,,,,,,,,,,,,,,,,,,,,,,,,,,,,1359.0,1398.1
2026-08-23,2026,Getafe,Santander,1,0,H,U,2.16,2.92,3.77,1,3,8,6,1,,,,,,,,,,,,,,,,,,,,,,,,,,,,1504.1,1504.0
2026-08-23,2026,Elche,Barcelona,0,5,A,O,8.42,5.49,1.31,2,7,3,1,1,,,,,,,,,,,,,,,,,,,,,,,,,,,,1469.6,1793.5
2026-08-23,2026,Ath Madrid,Villarreal,2,2,D,O,1.85,3.57,3.98,4,6,5,3,2,,,,,,,,,,,,,,,,,,,,100.0,0.0,0.0,0.0,,,,,1649.4,1641.7
2026-08-22,2026,Valencia,Celta,0,0,D,U,2.33,3.21,3.13,2,3,1,2,1,,,,,,,,,,,,,,,,,,,,,,,,,,,,1545.5,1556.3
2026-08-22,2026,Espanol,Real Madrid,1,2,A,O,7.36,4.59,1.41,3,8,0,8,2,,,,,,,,,,,,,,,,,,,,100.0,0.0,,,,,,,1492.3,1759.9
2026-08-22,2026,Ath Bilbao,Sevilla,1,3,A,O,1.7,3.56,5.13,8,4,10,3,1,,,,,,,,,,,,,,,,,,,,,,,,,,,,1534.4,1494.6
2026-08-21,2026,Betis,Sociedad,1,0,H,U,2.05,3.51,3.48,7,3,4,5,1,,,,,,,,,,,,,,,,,,,,,,,,,,,,1611.6,1517.1
2026-08-20,2026,Vallecano,Alaves,1,1,D,U,2.23,2.99,3.52,3,3,9,7,1,,,,,,,,,,,,,,,,,,,,,,,,,,,,1542.6,1510.4
2026-08-19,2026,Ath Madrid,Malaga,2,0,H,U,1.3,5.27,10.19,6,1,6,1,1,,,,,,,,,,,,,,,,,,,,,,,,,,,,1646.1,1362.3
2026-08-17,2026,La Coruna,Elche,1,1,D,U,2.31,3.01,3.28,3,6,2,6,1,,,,,,,,,,,,,,,,,,,,,,,,,,,,1396.0,1471.7
2026-08-16,2026,Santander,Villarreal,2,2,D,O,3.14,3.5,2.16,3,7,6,10,1,,,,,,,,,,,,,,,,,,,,,,,,,,,,1500.0,1645.7
2026-08-16,2026,Espanol,Levante,3,0,H,O,2.06,3.25,3.68,6,0,0,1,1,,,,,,,,,,,,,,,,,,,,,,,,,,,,1481.8,1497.0
2026-08-15,2026,Sevilla,Vallecano,2,1,H,O,2.29,3.17,3.26,4,3,1,2,1,,,,,,,,,,,,,,,,,,,,,,,,,,,,1482.5,1554.6
2026-08-15,2026,Alaves,Getafe,3,0,H,O,2.33,2.82,3.62,8,2,5,3,1,,,,,,,,,,,,,,,,,,,,,,,,,,,,1500.0,1514.5
2026-05-24,2025,Villarreal,Ath Madrid,5,1,H,O,2.39,3.71,2.58,8,4,5,9,19,2.0,2.0,1.0,1.0,9.0,6.0,3.0,5.0,4.0,1.0,4.0,2.0,2.0,1.0,1.0,0.0,0.0,0.0,0.0,77.8,16.7,33.3,38.9,16.0,12.0,20.0,14.0,1635.1,1656.7
2026-05-23,2025,Valencia,Barcelona,3,1,H,O,3.54,3.98,1.84,6,4,7,8,19,1.0,2.0,1.0,1.0,3.0,4.0,-1.0,4.0,2.0,2.0,-1.0,2.0,-3.0,0.0,1.0,-1.0,1.0,0.0,1.0,38.9,27.8,66.7,27.8,6.0,8.0,10.0,14.0,1528.8,1810.2
2026-05-23,2025,Real Madrid,Ath Bilbao,4,2,H,O,1.46,4.63,5.84,8,2,2,1,19,2.0,1.0,0.0,2.0,5.0,6.0,-1.0,2.0,7.0,-5.0,3.0,-1.0,4.0,1.0,1.0,0.0,0.0,1.0,-1.0,83.3,11.1,22.2,61.1,24.0,12.0,23.0,20.0,1755.5,1538.8
2026-05-23,2025,Mallorca,Oviedo,3,0,H,O,1.45,4.33,6.9,7,0,5,5,19,1.0,1.0,0.0,2.0,5.0,3.0,2.0,2.0,5.0,-3.0,3.0,-2.0,5.0,1.0,1.0,0.0,0.0,2.0,-2.0,44.4,22.2,11.1,66.7,20.0,11.0,18.0,10.0,1481.4,1448.3
2026-05-23,2025,Girona,Elche,1,1,D,U,1.76,3.86,4.16,7,1,2,1,19,0.0,1.0,2.0,2.0,3.0,4.0,-1.0,5.0,6.0,-1.0,-2.0,-2.0,0.0,0.0,0.0,0.0,0.0,1.0,-1.0,33.3,38.9,5.6,72.2,10.0,10.0,14.0,4.0,1496.3,1471.0
2026-05-23,2025,Getafe,Osasuna,1,0,H,U,2.41,2.77,3.38,3,5,2,4,19,1.0,0.0,2.0,2.0,3.0,4.0,-1.0,5.0,6.0,-1.0,-2.0,-2.0,0.0,1.0,0.0,1.0,2.0,0.0,2.0,38.9,44.4,11.1,66.7,7.0,11.0,13.0,6.0,1504.5,1503.6
2026-05-23,2025,Espanol,Sociedad,1,1,D,U,2.4,3.41,2.76,8,4,3,5,19,1.0,0.0,1.0,1.0,2.0,4.0,-2.0,2.0,5.0,-3.0,0.0,-1.0,1.0,1.0,0.0,1.0,1.0,0.0,1.0,38.9,38.9,16.7,44.4,11.0,10.0,17.0,10.0,1480.8,1518.2
2026-05-23,2025,Celta,Sevilla,1,0,H,U,1.74,3.68,4.52,3,2,4,3,19,1.0,1.0,2.0,2.0,5.0,4.0,1.0,7.0,6.0,1.0,-2.0,-2.0,0.0,1.0,0.0,1.0,1.0,1.0,0.0,27.8,44.4,27.8,55.6,16.0,7.0,12.0,14.0,1548.0,1490.9
2026-05-23,2025,Betis,Levante,2,1,H,O,2.19,3.26,3.26,8,7,4,8,19,2.0,1.0,0.0,1.0,6.0,4.0,2.0,2.0,7.0,-5.0,4.0,-3.0,7.0,1.0,0.0,1.0,0.0,1.0,-1.0,50.0,16.7,22.2,55.6,16.0,13.0,20.0,11.0,1604.4,1504.2
2026-05-23,2025,Alaves,Vallecano,1,2,A,O,2.41,3.31,2.82,11,7,10,5,19,2.0,1.0,1.0,1.0,5.0,3.0,2.0,5.0,4.0,1.0,0.0,-1.0,1.0,0.0,1.0,-1.0,1.0,1.0,0.0,38.9,27.8,22.2,55.6,11.0,12.0,19.0,9.0,1508.9,1545.7
2026-05-17,2025,Vallecano,Villarreal,2,0,H,U,2.38,3.48,2.69,7,2,1,9,19,1.0,1.0,0.0,0.0,5.0,4.0,1.0,4.0,3.0,1.0,1.0,1.0,0.0,0.0,0.0,0.0,0.0,0.0,0.0,33.3,11.1,38.9,33.3,20.0,11.0,21.0,7.0,1532.4,1648.3
2026-05-17,2025,Sociedad,Valencia,3,4,A,O,2.13,3.37,3.21,3,6,3,2,19,0.0,1.0,1.0,1.0,5.0,2.0,3.0,6.0,2.0,4.0,-1.0,0.0,-1.0,0.0,0.0,0.0,0.0,0.0,0.0,44.4,27.8,22.2,55.6,14.0,14.0,19.0,18.0,1528.5,1518.5
2026-05-17,2025,Sevilla,Real Madrid,0,1,A,U,3.03,3.5,2.16,6,1,4,4,19,3.0,1.0,0.0,1.0,5.0,3.0,2.0,2.0,3.0,-1.0,3.0,0.0,3.0,0.0,1.0,-1.0,0.0,1.0,-1.0,38.9,38.9,55.6,22.2,13.0,14.0,13.0,20.0,1494.6,1751.8
2026-05-17,2025,Oviedo,Alaves,0,1,A,U,3.69,3.56,1.9,0,1,5,2,19,0.0,0.0,1.0,1.0,2.0,5.0,-3.0,3.0,6.0,-3.0,-1.0,-1.0,0.0,0.0,0.0,0.0,0.0,0.0,0.0,22.2,38.9,16.7,61.1,11.0,11.0,14.0,14.0,1457.0,1500.1
2026-05-17,2025,Osasuna,Espanol,1,2,A,O,2.05,3.11,3.7,8,3,9,2,19,1.0,0.0,2.0,3.0,4.0,2.0,2.0,5.0,7.0,-2.0,-1.0,-5.0,4.0,0.0,0.0,0.0,0.0,1.0,-1.0,50.0,22.2,22.2,50.0,16.0,11.0,15.0,16.0,1514.9,1469.5
2026-05-17,2025,Levante,Mallorca,2,0,H,U,2.12,3.33,3.27,3,3,4,6,19,3.0,1.0,0.0,2.0,6.0,3.0,3.0,2.0,5.0,-3.0,4.0,-2.0,6.0,1.0,0.0,1.0,0.0,1.0,-1.0,33.3,38.9,11.1,72.2,19.0,8.0,26.0,9.0,1494.3,1491.3
2026-05-17,2025,Elche,Getafe,1,0,H,U,2.2,2.91,3.57,3,0,4,0,19,2.0,1.0,0.0,1.0,5.0,1.0,4.0,3.0,1.0,2.0,2.0,0.0,2.0,0.0,0.0,0.0,0.0,0.0,0.0,44.4,11.1,38.9,44.4,13.0,5.0,25.0,14.0,1459.4,1516.2
2026-05-17,2025,Barcelona,Betis,3,1,H,O,1.33,5.5,7.08,9,2,6,4,19,3.0,1.0,0.0,0.0,7.0,6.0,1.0,1.0,5.0,-4.0,6.0,1.0,5.0,2.0,0.0,2.0,0.0,0.0,0.0,100.0,0.0,27.8,22.2,20.0,12.0,16.0,7.0,1805.3,1609.3
2026-05-17,2025,Ath Madrid,Girona,1,0,H,U,1.74,3.74,4.25,4,11,9,8,19,1.0,0.0,2.0,1.0,4.0,3.0,1.0,5.0,4.0,1.0,-1.0,-1.0,0.0,0.0,0.0,0.0,0.0,0.0,0.0,77.8,16.7,16.7,38.9,10.0,11.0,14.0,10.0,1650.8,1502.3
2026-05-17,2025,Ath Bilbao,Celta,1,1,D,U,2.15,3.11,3.42,9,2,5,0,19,1.0,1.0,2.0,2.0,2.0,2.0,0.0,3.0,3.0,0.0,-1.0,-1.0,0.0,0.0,0.0,0.0,0.0,0.0,0.0,50.0,38.9,44.4,22.2,12.0,7.0,33.0,8.0,1538.5,1548.3
2026-05-14,2025,Valencia,Vallecano,1,1,D,U,2.17,3.33,3.23,3,3,5,1,18,1.0,1.0,2.0,2.0,4.0,2.0,2.0,6.0,4.0,2.0,-2.0,-2.0,0.0,0.0,1.0,-1.0,1.0,1.0,0.0,41.2,29.4,23.5,58.8,7.0,13.0,11.0,17.0,1518.0,1532.9
2026-05-14,2025,Real Madrid,Oviedo,2,0,H,U,1.23,6.28,10.42,7,1,4,5,18,2.0,1.0,0.0,2.0,6.0,5.0,1.0,4.0,7.0,-3.0,2.0,-2.0,4.0,0.0,1.0,-1.0,0.0,2.0,-2.0,82.4,11.8,11.8,64.7,27.0,12.0,23.0,6.0,1748.6,1460.2
2026-05-14,2025,Girona,Sociedad,1,1,D,U,2.06,3.64,3.21,4,2,6,3,18,1.0,0.0,2.0,2.0,3.0,4.0,-1.0,4.0,7.0,-3.0,-1.0,-3.0,2.0,0.0,0.0,0.0,0.0,1.0,-1.0,35.3,41.2,17.6,47.1,8.0,12.0,15.0,12.0,1501.5,1529.3
2026-05-13,2025,Villarreal,Sevilla,2,3,A,O,2.09,3.29,3.5,4,5,6,4,18,3.0,0.0,0.0,3.0,10.0,1.0,9.0,3.0,5.0,-2.0,7.0,-4.0,11.0,2.0,0.0,2.0,0.0,1.0,-1.0,82.4,11.8,23.5,58.8,22.0,2.0,18.0,19.0,1663.1,1479.8
2026-05-13,2025,Getafe,Mallorca,3,1,H,O,2.19,3.07,3.51,4,2,3,3,18,1.0,1.0,2.0,2.0,2.0,3.0,-1.0,4.0,4.0,0.0,-2.0,-1.0,-1.0,1.0,0.0,1.0,2.0,0.0,2.0,35.3,47.1,11.8,70.6,9.0,10.0,14.0,8.0,1506.3,1501.2
2026-05-13,2025,Espanol,Ath Bilbao,2,0,H,U,2.61,3.21,2.69,5,4,8,9,18,0.0,1.0,2.0,2.0,1.0,6.0,-5.0,4.0,7.0,-3.0,-3.0,-1.0,-2.0,0.0,1.0,-1.0,1.0,1.0,0.0,35.3,41.2,23.5,58.8,11.0,8.0,21.0,14.0,1456.8,1551.2
2026-05-13,2025,Alaves,Barcelona,1,0,H,U,3.09,3.75,2.1,3,0,6,4,18,1.0,3.0,1.0,0.0,6.0,6.0,0.0,7.0,2.0,5.0,-1.0,4.0,-5.0,0.0,1.0,-1.0,1.0,0.0,1.0,35.3,29.4,70.6,23.5,14.0,16.0,20.0,19.0,1482.6,1822.9
2026-05-12,2025,Osasuna,Ath Madrid,1,2,A,O,2.51,3.51,2.61,5,4,8,4,18,1.0,1.0,1.0,2.0,4.0,5.0,-1.0,4.0,5.0,-1.0,0.0,0.0,0.0,0.0,1.0,-1.0,0.0,0.0,0.0,52.9,17.6,29.4,41.2,15.0,10.0,13.0,16.0,1521.5,1644.2
2026-05-12,2025,Celta,Levante,2,3,A,O,1.78,3.78,4.17,6,6,4,4,18,1.0,0.0,2.0,2.0,6.0,1.0,5.0,8.0,7.0,1.0,-2.0,-6.0,4.0,1.0,0.0,1.0,1.0,2.0,-1.0,29.4,41.2,17.6,58.8,15.0,11.0,12.0,12.0,1560.5,1482.1
2026-05-12,2025,Betis,Elche,2,1,H,O,1.57,4.16,5.25,7,2,8,1,18,1.0,1.0,0.0,2.0,4.0,3.0,1.0,1.0,5.0,-4.0,3.0,-2.0,5.0,1.0,0.0,1.0,0.0,1.0,-1.0,47.1,17.6,5.9,70.6,15.0,12.0,16.0,7.0,1603.1,1465.6
2026-05-11,2025,Vallecano,Girona,1,1,D,U,2.3,3.39,2.92,5,5,9,5,18,2.0,0.0,0.0,2.0,5.0,2.0,3.0,3.0,4.0,-1.0,2.0,-2.0,4.0,0.0,0.0,0.0,0.0,0.0,0.0,35.3,11.8,17.6,41.2,20.0,6.0,21.0,7.0,1533.8,1500.6
2026-05-10,2025,Oviedo,Getafe,0,0,D,U,3.03,3.03,2.42,4,4,1,9,18,1.0,2.0,1.0,1.0,3.0,3.0,0.0,3.0,2.0,1.0,0.0,1.0,-1.0,0.0,0.0,0.0,0.0,0.0,0.0,23.5,41.2,41.2,47.1,11.0,6.0,18.0,14.0,1458.8,1507.7
2026-05-10,2025,Mallorca,Villarreal,1,1,D,U,2.32,3.48,2.83,8,2,5,4,18,2.0,1.0,0.0,1.0,6.0,3.0,3.0,2.0,3.0,-1.0,4.0,0.0,4.0,1.0,0.0,1.0,0.0,0.0,0.0,47.1,23.5,41.2,35.3,14.0,9.0,19.0,7.0,1496.6,1667.7
2026-05-10,2025,Barcelona,Real Madrid,2,0,H,U,1.61,4.65,4.28,7,1,4,8,18,3.0,1.0,0.0,1.0,6.0,4.0,2.0,1.0,3.0,-2.0,5.0,1.0,4.0,1.0,1.0,0.0,0.0,0.0,0.0,100.0,0.0,58.8,17.6,17.0,19.0,18.0,16.0,1814.5,1756.9
2026-05-10,2025,Ath Bilbao,Valencia,0,1,A,U,1.71,3.67,4.73,4,3,13,5,18,2.0,1.0,1.0,1.0,4.0,3.0,1.0,3.0,2.0,1.0,1.0,1.0,0.0,0.0,1.0,-1.0,0.0,0.0,0.0,52.9,35.3,17.6,58.8,14.0,15.0,26.0,16.0,1562.8,1506.4
2026-05-09,2025,Sociedad,Betis,2,2,D,O,2.48,3.55,2.59,6,6,4,3,18,1.0,1.0,1.0,1.0,5.0,5.0,0.0,4.0,5.0,-1.0,1.0,0.0,1.0,1.0,0.0,1.0,0.0,0.0,0.0,47.1,29.4,29.4,23.5,13.0,9.0,26.0,9.0,1527.1,1605.3
2026-05-09,2025,Sevilla,Espanol,2,1,H,O,2.02,3.34,3.66,6,5,4,6,18,2.0,0.0,1.0,2.0,3.0,1.0,2.0,3.0,5.0,-2.0,0.0,-4.0,4.0,0.0,0.0,0.0,1.0,1.0,0.0,35.3,41.2,23.5,47.1,9.0,7.0,10.0,13.0,1469.9,1466.7
2026-05-09,2025,Elche,Alaves,1,1,D,U,2.22,3.32,3.2,5,4,7,3,18,3.0,1.0,0.0,1.0,6.0,8.0,-2.0,3.0,8.0,-5.0,3.0,0.0,3.0,0.0,0.0,0.0,0.0,0.0,0.0,47.1,11.8,17.6,64.7,12.0,13.0,20.0,12.0,1465.1,1483.1
2026-05-09,2025,Ath Madrid,Celta,0,1,A,U,2.08,3.47,3.34,4,1,10,0,18,2.0,1.0,1.0,2.0,5.0,4.0,1.0,4.0,5.0,-1.0,1.0,-1.0,2.0,0.0,0.0,0.0,0.0,0.0,0.0,82.4,11.8,41.2,23.5,11.0,11.0,14.0,8.0,1657.2,1547.4
2026-05-08,2025,Levante,Osasuna,3,2,H,O,2.51,3.23,2.81,12,3,15,1,18,3.0,0.0,0.0,2.0,7.0,3.0,4.0,2.0,6.0,-4.0,5.0,-3.0,8.0,2.0,0.0,2.0,0.0,1.0,-1.0,29.4,41.2,11.8,64.7,15.0,13.0,14.0,10.0,1470.3,1533.3
2026-05-04,2025,Sevilla,Sociedad,1,0,H,U,2.34,3.35,2.87,5,0,3,3,17,1.0,0.0,1.0,2.0,3.0,6.0,-3.0,4.0,9.0,-5.0,-1.0,-3.0,2.0,0.0,0.0,0.0,1.0,1.0,0.0,31.2,43.8,18.8,43.8,6.0,15.0,13.0,10.0,1457.5,1539.4
2026-05-03,2025,Getafe,Vallecano,0,2,A,U,1.93,3.17,4.15,3,6,4,1,17,2.0,0.0,1.0,2.0,4.0,1.0,3.0,2.0,5.0,-3.0,2.0,-4.0,6.0,2.0,0.0,2.0,1.0,1.0,0.0,37.5,43.8,18.8,62.5,11.0,9.0,13.0,18.0,1517.5,1524.0
2026-05-03,2025,Espanol,Real Madrid,0,2,A,U,4.3,3.84,1.73,3,5,5,6,17,0.0,1.0,1.0,1.0,2.0,4.0,-2.0,3.0,4.0,-1.0,-1.0,0.0,-1.0,0.0,0.0,0.0,0.0,0.0,0.0,37.5,37.5,56.2,18.8,17.0,17.0,24.0,16.0,1470.0,1753.7
2026-05-03,2025,Celta,Elche,3,1,H,O,1.75,3.81,4.24,4,4,4,2,17,0.0,1.0,3.0,2.0,4.0,3.0,1.0,9.0,6.0,3.0,-5.0,-3.0,-2.0,0.0,0.0,0.0,1.0,1.0,0.0,25.0,43.8,6.2,68.8,15.0,9.0,9.0,9.0,1539.3,1473.2
2026-05-03,2025,Betis,Oviedo,3,0,H,O,1.54,4.02,5.75,5,5,5,4,17,0.0,1.0,0.0,1.0,2.0,6.0,-4.0,2.0,5.0,-3.0,0.0,1.0,-1.0,0.0,1.0,-1.0,0.0,1.0,-1.0,43.8,18.8,12.5,62.5,16.0,10.0,14.0,2.0,1599.0,1465.1
2026-05-02,2025,Villarreal,Levante,5,1,H,O,1.7,4.09,4.31,8,3,7,3,17,3.0,0.0,0.0,1.0,7.0,1.0,6.0,3.0,3.0,0.0,4.0,-2.0,6.0,1.0,0.0,1.0,0.0,1.0,-1.0,81.2,12.5,18.8,56.2,21.0,13.0,15.0,15.0,1662.6,1475.4
2026-05-02,2025,Valencia,Ath Madrid,0,2,A,U,1.78,3.77,4.19,0,5,1,7,17,2.0,0.0,1.0,3.0,7.0,5.0,2.0,6.0,8.0,-2.0,1.0,-3.0,4.0,0.0,0.0,0.0,0.0,0.0,0.0,43.8,25.0,25.0,43.8,15.0,12.0,20.0,10.0,1512.7,1651.0
2026-05-02,2025,Osasuna,Barcelona,1,2,A,O,4.35,3.97,1.71,4,4,3,7,17,2.0,3.0,0.0,0.0,4.0,5.0,-1.0,2.0,1.0,1.0,2.0,4.0,-2.0,0.0,1.0,-1.0,0.0,0.0,0.0,56.2,12.5,68.8,25.0,22.0,14.0,16.0,16.0,1536.7,1811.1
2026-05-02,2025,Alaves,Ath Bilbao,2,4,A,O,2.65,3.35,2.55,4,4,4,7,17,1.0,0.0,0.0,3.0,5.0,2.0,3.0,4.0,8.0,-4.0,1.0,-6.0,7.0,0.0,0.0,0.0,0.0,2.0,-2.0,37.5,25.0,18.8,62.5,10.0,13.0,21.0,16.0,1491.3,1554.6
2026-05-01,2025,Girona,Mallorca,0,1,A,U,2.04,3.43,3.57,4,4,5,2,17,2.0,0.0,1.0,2.0,6.0,4.0,2.0,3.0,6.0,-3.0,3.0,-2.0,5.0,1.0,0.0,1.0,0.0,0.0,0.0,37.5,37.5,6.2,75.0,10.0,10.0,12.0,6.0,1511.3,1485.9
2026-04-27,2025,Espanol,Levante,0,0,D,U,1.98,3.36,3.72,3,4,4,4,16,0.0,0.0,1.0,2.0,4.0,1.0,3.0,5.0,6.0,-1.0,-1.0,-5.0,4.0,0.0,0.0,0.0,0.0,2.0,-2.0,40.0,40.0,20.0,60.0,17.0,11.0,22.0,17.0,1469.8,1475.5
2026-04-26,2025,Villarreal,Celta,2,1,H,O,2.03,3.35,3.57,4,3,7,5,16,3.0,1.0,0.0,1.0,7.0,4.0,3.0,3.0,4.0,-1.0,4.0,0.0,4.0,1.0,0.0,1.0,0.0,0.0,0.0,80.0,13.3,43.8,18.8,22.0,11.0,13.0,7.0,1655.6,1546.2
2026-04-26,2025,Vallecano,Sociedad,3,3,D,O,2.62,3.23,2.63,9,8,6,4,17,2.0,1.0,0.0,2.0,3.0,4.0,-1.0,1.0,6.0,-5.0,2.0,-2.0,4.0,0.0,0.0,0.0,0.0,1.0,-1.0,37.5,12.5,20.0,46.7,15.0,9.0,20.0,13.0,1523.5,1539.8
2026-04-26,2025,Oviedo,Elche,1,2,A,O,2.34,3.29,2.93,3,4,6,1,17,2.0,0.0,0.0,3.0,3.0,2.0,1.0,1.0,7.0,-6.0,2.0,-5.0,7.0,0.0,0.0,0.0,0.0,1.0,-1.0,25.0,37.5,0.0,73.3,14.0,11.0,16.0,14.0,1475.5,1462.9
2026-04-26,2025,Osasuna,Sevilla,2,1,H,O,2.03,3.35,3.55,7,2,4,4,16,1.0,0.0,0.0,3.0,4.0,2.0,2.0,3.0,8.0,-5.0,1.0,-6.0,7.0,0.0,0.0,0.0,0.0,2.0,-2.0,53.3,13.3,25.0,56.2,20.0,4.0,20.0,19.0,1528.5,1465.8
2026-04-25,2025,Valencia,Girona,2,1,H,O,2.06,3.39,3.49,3,4,4,4,16,2.0,0.0,1.0,1.0,6.0,2.0,4.0,5.0,3.0,2.0,1.0,-1.0,2.0,0.0,0.0,0.0,0.0,0.0,0.0,40.0,26.7,18.8,37.5,13.0,7.0,21.0,6.0,1502.1,1521.8
2026-04-25,2025,Getafe,Barcelona,0,2,A,U,5.2,3.93,1.61,0,4,6,3,16,2.0,2.0,1.0,1.0,4.0,4.0,0.0,1.0,3.0,-2.0,3.0,1.0,2.0,2.0,0.0,2.0,0.0,0.0,0.0,40.0,40.0,66.7,26.7,14.0,14.0,9.0,20.0,1520.7,1807.9
2026-04-25,2025,Ath Madrid,Ath Bilbao,3,2,H,O,2.16,3.48,3.15,4,4,3,4,17,2.0,0.0,1.0,2.0,5.0,1.0,4.0,4.0,6.0,-2.0,1.0,-5.0,6.0,0.0,0.0,0.0,0.0,2.0,-2.0,81.2,12.5,20.0,60.0,16.0,11.0,19.0,16.0,1643.3,1562.3
2026-04-25,2025,Alaves,Mallorca,2,1,H,O,2.13,3.13,3.61,4,2,9,4,16,0.0,0.0,0.0,2.0,5.0,3.0,2.0,5.0,6.0,-1.0,0.0,-3.0,3.0,0.0,0.0,0.0,0.0,1.0,-1.0,33.3,26.7,6.7,73.3,12.0,8.0,19.0,4.0,1480.9,1496.3
2026-04-24,2025,Betis,Real Madrid,1,1,D,U,3.65,4.03,1.84,4,8,7,6,16,0.0,1.0,0.0,2.0,3.0,4.0,-1.0,3.0,5.0,-2.0,0.0,-1.0,1.0,0.0,0.0,0.0,0.0,0.0,0.0,46.7,20.0,60.0,20.0,14.0,14.0,11.0,17.0,1594.6,1758.1
2026-04-23,2025,Vallecano,Espanol,1,0,H,U,2.08,3.2,3.65,6,4,6,5,16,2.0,0.0,0.0,2.0,5.0,2.0,3.0,1.0,6.0,-5.0,4.0,-4.0,8.0,1.0,0.0,1.0,0.0,1.0,-1.0,33.3,13.3,25.0,43.8,16.0,5.0,26.0,14.0,1514.6,1478.8
2026-04-23,2025,Oviedo,Villarreal,1,1,D,U,3.66,3.32,2.03,4,3,7,0,16,2.0,1.0,1.0,1.0,2.0,3.0,-1.0,1.0,3.0,-2.0,1.0,0.0,1.0,0.0,0.0,0.0,0.0,0.0,0.0,26.7,40.0,43.8,37.5,16.0,10.0,17.0,9.0,1470.5,1660.6
2026-04-23,2025,Levante,Sevilla,2,0,H,U,2.49,3.19,2.81,3,0,3,6,17,2.0,0.0,0.0,2.0,6.0,4.0,2.0,3.0,8.0,-5.0,3.0,-4.0,7.0,1.0,0.0,1.0,0.0,1.0,-1.0,25.0,43.8,26.7,53.3,16.0,10.0,13.0,16.0,1465.2,1476.1
2026-04-22,2025,Sociedad,Getafe,0,1,A,U,2.22,3.01,3.58,4,0,6,3,17,2.0,1.0,0.0,2.0,8.0,2.0,6.0,4.0,3.0,1.0,4.0,-1.0,5.0,2.0,0.0,2.0,0.0,0.0,0.0,50.0,25.0,37.5,50.0,15.0,9.0,23.0,14.0,1551.0,1509.5
2026-04-22,2025,Elche,Ath Madrid,3,2,H,O,2.65,3.61,2.44,6,3,13,3,17,2.0,1.0,0.0,2.0,5.0,4.0,1.0,3.0,5.0,-2.0,2.0,-1.0,3.0,0.0,0.0,0.0,0.0,0.0,0.0,43.8,12.5,26.7,40.0,15.0,10.0,10.0,10.0,1447.5,1658.7
2026-04-22,2025,Barcelona,Celta,1,0,H,U,1.23,6.72,10.25,3,3,5,3,17,3.0,2.0,0.0,0.0,10.0,6.0,4.0,3.0,4.0,-1.0,7.0,2.0,5.0,2.0,0.0,2.0,0.0,0.0,0.0,100.0,0.0,46.7,13.3,22.0,13.0,16.0,10.0,1804.1,1550.0
2026-04-21,2025,Real Madrid,Alaves,2,1,H,O,1.23,6.46,11.23,8,5,9,6,17,2.0,1.0,0.0,1.0,8.0,9.0,-1.0,4.0,9.0,-5.0,4.0,0.0,4.0,1.0,0.0,1.0,0.0,0.0,0.0,81.2,12.5,18.8,62.5,25.0,12.0,19.0,8.0,1754.6,1484.4
2026-04-21,2025,Mallorca,Valencia,1,1,D,U,2.51,3.12,2.88,8,3,7,4,17,3.0,1.0,0.0,2.0,7.0,2.0,5.0,2.0,2.0,0.0,5.0,0.0,5.0,1.0,1.0,0.0,0.0,0.0,0.0,50.0,25.0,18.8,62.5,18.0,14.0,17.0,19.0,1496.2,1502.3
2026-04-21,2025,Girona,Betis,2,3,A,O,2.39,3.37,2.88,2,3,3,1,16,2.0,0.0,1.0,2.0,5.0,2.0,3.0,2.0,5.0,-3.0,3.0,-3.0,6.0,1.0,0.0,1.0,0.0,1.0,-1.0,40.0,33.3,25.0,25.0,15.0,11.0,19.0,16.0,1530.3,1586.2
2026-04-21,2025,Ath Bilbao,Osasuna,1,0,H,U,1.82,3.47,4.4,2,3,5,4,17,1.0,0.0,2.0,2.0,3.0,3.0,0.0,4.0,6.0,-2.0,-1.0,-3.0,2.0,0.0,0.0,0.0,0.0,1.0,-1.0,50.0,37.5,12.5,62.5,15.0,10.0,23.0,10.0,1552.7,1538.0
2026-04-13,2025,Levante,Getafe,1,0,H,U,2.69,2.95,2.78,4,1,8,2,16,2.0,2.0,0.0,1.0,7.0,3.0,4.0,3.0,2.0,1.0,4.0,1.0,3.0,2.0,0.0,2.0,0.0,0.0,0.0,20.0,46.7,40.0,46.7,17.0,11.0,15.0,14.0,1453.3,1521.5
2026-04-12,2025,Osasuna,Betis,1,1,D,U,2.2,3.39,3.14,4,3,6,3,15,2.0,1.0,0.0,2.0,5.0,3.0,2.0,3.0,5.0,-2.0,2.0,-2.0,4.0,0.0,0.0,0.0,0.0,1.0,-1.0,57.1,14.3,26.7,26.7,18.0,16.0,17.0,16.0,1536.6,1587.6
2026-04-12,2025,Mallorca,Vallecano,3,0,H,O,2.41,3.15,2.96,4,3,6,7,16,2.0,0.0,1.0,1.0,4.0,2.0,2.0,3.0,3.0,0.0,1.0,-1.0,2.0,0.0,0.0,0.0,0.0,0.0,0.0,46.7,26.7,20.0,60.0,15.0,9.0,14.0,16.0,1485.0,1525.7
2026-04-12,2025,Celta,Oviedo,0,3,A,O,1.66,3.8,4.9,6,5,4,1,16,1.0,0.0,2.0,2.0,6.0,3.0,3.0,6.0,8.0,-2.0,0.0,-5.0,5.0,1.0,0.0,1.0,0.0,2.0,-2.0,26.7,40.0,6.7,66.7,16.0,7.0,12.0,3.0,1563.0,1457.6
2026-04-12,2025,Ath Bilbao,Villarreal,1,2,A,O,2.26,3.41,2.99,6,6,15,3,16,2.0,0.0,1.0,2.0,4.0,2.0,2.0,3.0,6.0,-3.0,1.0,-4.0,5.0,0.0,0.0,0.0,0.0,1.0,-1.0,53.3,33.3,40.0,40.0,17.0,5.0,12.0,8.0,1560.1,1653.2
2026-04-11,2025,Sociedad,Alaves,3,3,D,O,1.72,3.68,4.76,4,2,9,5,16,2.0,1.0,0.0,2.0,8.0,6.0,2.0,4.0,8.0,-4.0,4.0,-2.0,6.0,2.0,0.0,2.0,0.0,1.0,-1.0,53.3,26.7,20.0,66.7,19.0,17.0,21.0,9.0,1553.0,1482.4
2026-04-11,2025,Sevilla,Ath Madrid,2,1,H,O,2.78,3.12,2.63,2,2,6,6,16,0.0,1.0,1.0,2.0,2.0,3.0,-1.0,4.0,6.0,-2.0,-2.0,-3.0,1.0,0.0,0.0,0.0,1.0,1.0,0.0,26.7,46.7,28.6,35.7,6.0,11.0,7.0,12.0,1460.6,1674.2
2026-04-11,2025,Elche,Valencia,1,0,H,U,2.5,3.24,2.83,2,8,5,9,16,1.0,1.0,0.0,2.0,4.0,3.0,1.0,3.0,3.0,0.0,1.0,0.0,1.0,0.0,1.0,-1.0,0.0,0.0,0.0,40.0,13.3,20.0,60.0,18.0,9.0,15.0,14.0,1435.2,1514.5
2026-04-11,2025,Barcelona,Espanol,4,1,H,O,1.26,6.26,9.39,10,2,7,5,16,3.0,0.0,0.0,1.0,10.0,3.0,7.0,3.0,4.0,-1.0,7.0,-1.0,8.0,2.0,0.0,2.0,0.0,0.0,0.0,100.0,0.0,26.7,40.0,20.0,7.0,12.0,10.0,1801.4,1481.5
2026-04-10,2025,Real Madrid,Girona,1,1,D,U,1.3,5.76,8.57,9,2,10,1,16,2.0,0.0,1.0,1.0,7.0,3.0,4.0,4.0,4.0,0.0,3.0,-1.0,4.0,1.0,0.0,1.0,0.0,0.0,0.0,86.7,13.3,20.0,40.0,23.0,10.0,19.0,11.0,1760.5,1524.3
2026-04-06,2025,Girona,Villarreal,1,0,H,U,3.09,3.45,2.19,2,0,7,4,15,2.0,1.0,1.0,1.0,6.0,3.0,3.0,3.0,5.0,-2.0,3.0,-2.0,5.0,1.0,0.0,1.0,0.0,1.0,-1.0,35.7,35.7,42.9,35.7,22.0,11.0,15.0,6.0,1510.1,1667.5
2026-04-05,2025,Valencia,Celta,2,3,A,O,2.3,3.22,3.07,4,5,6,0,15,2.0,1.0,1.0,0.0,4.0,5.0,-1.0,4.0,4.0,0.0,0.0,1.0,-1.0,0.0,0.0,0.0,1.0,0.0,1.0,42.9,21.4,42.9,14.3,9.0,13.0,20.0,12.0,1523.6,1553.8
2026-04-05,2025,Oviedo,Sevilla,1,0,H,U,2.82,2.97,2.64,4,0,5,9,15,1.0,1.0,2.0,1.0,2.0,5.0,-3.0,3.0,7.0,-4.0,-1.0,-2.0,1.0,0.0,0.0,0.0,0.0,1.0,-1.0,21.4,42.9,28.6,50.0,13.0,11.0,14.0,9.0,1446.9,1471.3
2026-04-05,2025,Getafe,Ath Bilbao,2,0,H,U,2.99,2.82,2.63,6,0,4,3,15,2.0,1.0,1.0,1.0,4.0,3.0,1.0,2.0,5.0,-3.0,2.0,-2.0,4.0,1.0,0.0,1.0,0.0,1.0,-1.0,35.7,42.9,21.4,57.1,10.0,15.0,8.0,16.0,1509.7,1571.9
2026-04-05,2025,Alaves,Osasuna,2,2,D,O,2.43,3.11,2.97,6,5,7,1,15,0.0,0.0,1.0,2.0,3.0,1.0,2.0,5.0,4.0,1.0,-2.0,-3.0,1.0,0.0,0.0,0.0,1.0,1.0,0.0,35.7,28.6,13.3,66.7,11.0,7.0,18.0,12.0,1480.7,1538.2
2026-04-04,2025,Sociedad,Levante,2,0,H,U,1.57,4.18,5.42,5,4,11,5,15,2.0,0.0,0.0,2.0,9.0,3.0,6.0,5.0,8.0,-3.0,4.0,-5.0,9.0,2.0,0.0,2.0,0.0,2.0,-2.0,50.0,28.6,21.4,57.1,17.0,10.0,12.0,15.0,1545.4,1460.9
2026-04-04,2025,Mallorca,Real Madrid,2,1,H,O,5.51,4.22,1.55,2,6,6,4,15,1.0,2.0,2.0,1.0,3.0,5.0,-2.0,4.0,3.0,1.0,-1.0,2.0,-3.0,0.0,1.0,-1.0,0.0,0.0,0.0,42.9,28.6,64.3,14.3,16.0,14.0,15.0,21.0,1467.9,1777.6
2026-04-04,2025,Betis,Espanol,0,0,D,U,1.71,3.88,4.59,6,1,4,3,15,0.0,0.0,0.0,2.0,4.0,5.0,-1.0,4.0,8.0,-4.0,0.0,-3.0,3.0,0.0,0.0,0.0,0.0,1.0,-1.0,50.0,21.4,28.6,42.9,11.0,8.0,10.0,10.0,1590.8,1478.4
2026-04-04,2025,Ath Madrid,Barcelona,1,2,A,O,3.0,3.77,2.15,2,8,1,9,16,3.0,2.0,0.0,1.0,8.0,5.0,3.0,4.0,3.0,1.0,4.0,2.0,2.0,1.0,1.0,0.0,0.0,0.0,0.0,86.7,6.7,64.3,28.6,23.0,14.0,23.0,19.0,1681.0,1794.5
2026-04-03,2025,Vallecano,Elche,1,0,H,U,1.72,3.77,4.7,5,4,9,4,15,1.0,0.0,0.0,3.0,5.0,3.0,2.0,2.0,8.0,-6.0,3.0,-5.0,8.0,1.0,0.0,1.0,0.0,1.0,-1.0,28.6,14.3,0.0,71.4,18.0,9.0,22.0,11.0,1517.9,1443.1
2026-03-22,2025,Real Madrid,Ath Madrid,3,2,H,O,1.91,3.78,3.54,10,7,4,1,15,2.0,1.0,1.0,1.0,8.0,1.0,7.0,3.0,3.0,0.0,5.0,-2.0,7.0,2.0,0.0,2.0,0.0,1.0,-1.0,85.7,14.3,30.8,30.8,18.0,8.0,19.0,18.0,1769.9,1688.8
2026-03-22,2025,Celta,Alaves,3,4,A,O,1.81,3.33,4.64,5,6,4,1,15,1.0,0.0,2.0,2.0,4.0,3.0,1.0,4.0,6.0,-2.0,0.0,-3.0,3.0,1.0,0.0,1.0,0.0,1.0,-1.0,28.6,35.7,14.3,71.4,15.0,12.0,15.0,11.0,1566.6,1468.0
2026-03-22,2025,Barcelona,Vallecano,1,0,H,U,1.22,6.54,9.96,4,4,6,9,15,3.0,0.0,0.0,1.0,12.0,3.0,9.0,3.0,4.0,-1.0,9.0,-1.0,10.0,3.0,0.0,3.0,0.0,0.0,0.0,100.0,0.0,21.4,57.1,25.0,9.0,19.0,11.0,1791.0,1521.4
2026-03-22,2025,Ath Bilbao,Betis,2,1,H,O,2.18,3.39,3.17,6,3,6,5,15,2.0,2.0,1.0,1.0,6.0,3.0,3.0,4.0,3.0,1.0,2.0,0.0,2.0,1.0,0.0,1.0,0.0,1.0,-1.0,50.0,35.7,28.6,21.4,18.0,17.0,10.0,14.0,1560.7,1601.9
2026-03-21,2025,Sevilla,Valencia,0,2,A,U,2.24,3.13,3.34,2,4,1,3,15,0.0,1.0,0.0,2.0,3.0,3.0,0.0,3.0,3.0,0.0,0.0,0.0,0.0,0.0,1.0,-1.0,0.0,0.0,0.0,28.6,42.9,14.3,64.3,7.0,7.0,11.0,13.0,1480.3,1514.6
2026-03-21,2025,Osasuna,Girona,1,0,H,U,2.17,3.35,3.29,11,0,6,2,14,1.0,0.0,0.0,0.0,6.0,4.0,2.0,5.0,4.0,1.0,1.0,0.0,1.0,0.0,0.0,0.0,0.0,0.0,0.0,53.8,15.4,21.4,35.7,12.0,16.0,17.0,16.0,1528.5,1519.8
2026-03-21,2025,Levante,Oviedo,4,2,H,O,2.18,3.28,3.33,8,2,3,1,15,1.0,0.0,1.0,1.0,3.0,4.0,-1.0,2.0,7.0,-5.0,1.0,-3.0,4.0,1.0,0.0,1.0,0.0,1.0,-1.0,14.3,50.0,7.1,64.3,13.0,11.0,15.0,8.0,1450.7,1457.1
2026-03-21,2025,Espanol,Getafe,1,2,A,O,2.4,2.92,3.28,5,5,12,9,15,0.0,2.0,1.0,1.0,4.0,3.0,1.0,5.0,1.0,4.0,-1.0,2.0,-3.0,0.0,1.0,-1.0,0.0,0.0,0.0,42.9,35.7,35.7,50.0,15.0,11.0,14.0,8.0,1488.1,1500.0
2026-03-21,2025,Elche,Mallorca,2,1,H,O,2.1,3.3,3.49,4,4,2,2,15,0.0,0.0,1.0,2.0,3.0,2.0,1.0,5.0,7.0,-2.0,-2.0,-5.0,3.0,0.0,0.0,0.0,1.0,2.0,-1.0,35.7,14.3,7.1,71.4,17.0,8.0,15.0,5.0,1431.7,1479.2
2026-03-20,2025,Villarreal,Sociedad,3,1,H,O,1.93,3.62,3.72,10,4,4,5,15,3.0,1.0,0.0,2.0,8.0,4.0,4.0,3.0,7.0,-4.0,5.0,-3.0,8.0,1.0,0.0,1.0,0.0,1.0,-1.0,78.6,14.3,21.4,42.9,15.0,8.0,14.0,14.0,1660.5,1552.4
2026-03-16,2025,Vallecano,Levante,1,1,D,U,1.67,3.74,4.92,4,5,5,6,14,2.0,0.0,0.0,3.0,7.0,2.0,5.0,1.0,9.0,-8.0,6.0,-7.0,13.0,2.0,0.0,2.0,0.0,3.0,-3.0,30.8,15.4,23.1,61.5,23.0,5.0,21.0,9.0,1523.5,1448.6
2026-03-15,2025,Sociedad,Osasuna,3,1,H,O,1.87,3.43,4.06,6,5,3,5,14,2.0,1.0,0.0,1.0,9.0,2.0,7.0,5.0,2.0,3.0,4.0,0.0,4.0,2.0,0.0,2.0,0.0,0.0,0.0,46.2,30.8,14.3,64.3,15.0,4.0,11.0,10.0,1542.5,1538.4
2026-03-15,2025,Mallorca,Espanol,2,1,H,O,2.3,3.09,3.19,12,2,5,6,14,1.0,0.0,2.0,2.0,5.0,5.0,0.0,4.0,10.0,-6.0,1.0,-5.0,6.0,1.0,0.0,1.0,0.0,2.0,-2.0,38.5,30.8,30.8,38.5,11.0,8.0,14.0,12.0,1468.4,1498.9
2026-03-15,2025,Betis,Celta,1,1,D,U,2.18,3.25,3.29,6,3,3,4,14,1.0,1.0,0.0,0.0,5.0,4.0,1.0,4.0,3.0,1.0,1.0,1.0,0.0,0.0,0.0,0.0,0.0,0.0,0.0,53.8,23.1,46.2,15.4,7.0,11.0,10.0,11.0,1603.0,1565.5
2026-03-15,2025,Barcelona,Sevilla,5,2,H,O,1.26,6.06,9.19,8,4,3,4,14,3.0,1.0,0.0,1.0,10.0,4.0,6.0,1.0,6.0,-5.0,9.0,-2.0,11.0,3.0,0.0,3.0,0.0,1.0,-1.0,100.0,0.0,30.8,46.2,24.0,12.0,28.0,13.0,1788.1,1483.3
2026-03-14,2025,Real Madrid,Elche,4,1,H,O,1.3,5.66,8.41,6,1,5,4,14,2.0,0.0,1.0,3.0,6.0,3.0,3.0,3.0,7.0,-4.0,3.0,-4.0,7.0,1.0,0.0,1.0,0.0,1.0,-1.0,84.6,15.4,0.0,69.2,18.0,13.0,23.0,11.0,1767.3,1434.3
2026-03-14,2025,Oviedo,Valencia,1,0,H,U,2.86,3.11,2.53,6,2,4,7,14,1.0,1.0,2.0,2.0,2.0,4.0,-2.0,3.0,4.0,-1.0,-1.0,0.0,-1.0,0.0,1.0,-1.0,0.0,0.0,0.0,15.4,46.2,15.4,61.5,11.0,9.0,14.0,11.0,1444.7,1526.9
2026-03-14,2025,Girona,Ath Bilbao,3,0,H,O,2.66,3.31,2.59,6,9,2,9,14,1.0,1.0,1.0,1.0,4.0,4.0,0.0,4.0,4.0,0.0,0.0,0.0,0.0,0.0,0.0,0.0,0.0,0.0,0.0,30.8,38.5,23.1,53.8,20.0,9.0,16.0,12.0,1508.0,1572.5
2026-03-14,2025,Ath Madrid,Getafe,1,0,H,U,1.55,3.67,6.91,5,3,10,3,15,2.0,2.0,1.0,0.0,7.0,4.0,3.0,5.0,1.0,4.0,2.0,3.0,-1.0,1.0,1.0,0.0,0.0,0.0,0.0,85.7,7.1,38.5,46.2,23.0,10.0,20.0,9.0,1683.5,1505.3
2026-03-13,2025,Alaves,Villarreal,1,1,D,U,3.25,3.35,2.19,0,4,5,2,14,1.0,1.0,1.0,2.0,4.0,3.0,1.0,5.0,6.0,-1.0,-1.0,-3.0,2.0,0.0,0.0,0.0,1.0,1.0,0.0,38.5,30.8,46.2,38.5,20.0,9.0,19.0,8.0,1462.7,1665.8
2026-03-09,2025,Espanol,Oviedo,1,1,D,U,1.88,3.31,4.25,9,3,8,0,14,0.0,0.0,2.0,2.0,3.0,3.0,0.0,6.0,9.0,-3.0,-3.0,-6.0,3.0,0.0,0.0,0.0,1.0,2.0,-1.0,46.2,38.5,7.7,69.2,8.0,11.0,11.0,9.0,1500.6,1443.1
2026-03-08,2025,Villarreal,Elche,2,1,H,O,1.47,4.49,5.99,7,6,4,6,14,2.0,0.0,1.0,3.0,6.0,4.0,2.0,4.0,8.0,-4.0,2.0,-4.0,6.0,1.0,0.0,1.0,1.0,1.0,0.0,76.9,15.4,0.0,66.7,9.0,10.0,16.0,6.0,1661.4,1438.6
2026-03-08,2025,Valencia,Alaves,3,2,H,O,2.06,3.1,3.85,8,4,10,2,14,2.0,1.0,1.0,1.0,4.0,3.0,1.0,4.0,4.0,0.0,0.0,-1.0,1.0,0.0,0.0,0.0,1.0,1.0,0.0,38.5,23.1,15.4,69.2,6.0,15.0,12.0,11.0,1518.3,1471.3
2026-03-08,2025,Sevilla,Vallecano,1,1,D,U,2.47,3.1,2.93,2,2,6,2,14,1.0,0.0,0.0,2.0,4.0,2.0,2.0,3.0,6.0,-3.0,1.0,-4.0,5.0,0.0,0.0,0.0,0.0,1.0,-1.0,30.8,46.2,23.1,61.5,12.0,10.0,10.0,16.0,1482.0,1524.7
2026-03-08,2025,Getafe,Betis,2,0,H,U,2.8,2.84,2.72,5,5,3,8,14,1.0,2.0,1.0,1.0,2.0,4.0,-2.0,2.0,3.0,-1.0,0.0,1.0,-1.0,0.0,0.0,0.0,0.0,0.0,0.0,30.8,46.2,30.8,15.4,7.0,16.0,10.0,10.0,1491.9,1616.5
2026-03-07,2025,Osasuna,Mallorca,2,2,D,O,1.74,3.55,4.93,5,4,8,0,13,2.0,0.0,0.0,3.0,7.0,0.0,7.0,5.0,8.0,-3.0,2.0,-8.0,10.0,0.0,0.0,0.0,0.0,3.0,-3.0,58.3,16.7,7.7,76.9,12.0,5.0,12.0,8.0,1540.5,1466.3
2026-03-07,2025,Levante,Girona,1,1,D,U,2.78,3.35,2.46,4,5,2,3,14,1.0,0.0,2.0,1.0,2.0,3.0,-1.0,3.0,4.0,-1.0,-1.0,-1.0,0.0,1.0,0.0,1.0,1.0,0.0,1.0,15.4,53.8,23.1,38.5,10.0,12.0,16.0,17.0,1446.8,1509.8
2026-03-07,2025,Ath Madrid,Sociedad,3,2,H,O,1.6,3.98,5.32,9,3,8,1,14,2.0,1.0,1.0,1.0,7.0,3.0,4.0,3.0,5.0,-2.0,4.0,-2.0,6.0,2.0,0.0,2.0,0.0,1.0,-1.0,84.6,7.7,23.1,38.5,22.0,11.0,22.0,16.0,1677.0,1549.0
2026-03-07,2025,Ath Bilbao,Barcelona,0,1,A,U,4.75,4.31,1.61,3,2,2,4,14,2.0,1.0,0.0,2.0,7.0,5.0,2.0,4.0,5.0,-1.0,3.0,0.0,3.0,1.0,1.0,0.0,0.0,0.0,0.0,53.8,30.8,61.5,30.8,19.0,21.0,14.0,23.0,1577.2,1783.4
2026-03-06,2025,Celta,Real Madrid,1,2,A,O,3.15,3.33,2.25,4,3,1,6,14,2.0,2.0,1.0,1.0,6.0,5.0,1.0,2.0,2.0,0.0,4.0,3.0,1.0,2.0,2.0,0.0,0.0,0.0,0.0,30.8,30.8,61.5,15.4,18.0,15.0,19.0,21.0,1570.5,1762.4
2026-03-04,2025,Vallecano,Oviedo,3,0,H,O,1.68,3.63,5.22,7,2,12,2,13,1.0,0.0,1.0,2.0,5.0,5.0,0.0,4.0,9.0,-5.0,1.0,-4.0,5.0,1.0,0.0,1.0,1.0,1.0,0.0,25.0,16.7,8.3,66.7,20.0,14.0,13.0,13.0,1516.6,1451.2
2026-03-02,2025,Real Madrid,Getafe,0,1,A,U,1.28,5.12,10.52,7,3,10,2,13,3.0,1.0,0.0,0.0,8.0,4.0,4.0,2.0,2.0,0.0,6.0,2.0,4.0,2.0,1.0,1.0,0.0,0.0,0.0,91.7,8.3,33.3,50.0,22.0,11.0,21.0,9.0,1779.4,1474.8
2026-03-01,2025,Valencia,Osasuna,1,0,H,U,2.33,3.12,3.13,1,0,5,4,13,1.0,2.0,1.0,0.0,4.0,5.0,-1.0,5.0,2.0,3.0,-1.0,3.0,-4.0,0.0,1.0,-1.0,1.0,0.0,1.0,33.3,25.0,15.4,61.5,9.0,9.0,15.0,9.0,1507.0,1551.7
2026-03-01,2025,Girona,Celta,1,2,A,O,2.4,3.28,2.86,7,5,10,6,13,2.0,0.0,0.0,1.0,4.0,3.0,1.0,2.0,5.0,-3.0,2.0,-2.0,4.0,0.0,0.0,0.0,0.0,1.0,-1.0,33.3,33.3,41.7,16.7,17.0,10.0,8.0,14.0,1518.6,1561.7
2026-03-01,2025,Elche,Espanol,2,2,D,O,2.38,3.17,3.0,9,4,3,1,14,0.0,0.0,1.0,3.0,3.0,5.0,-2.0,5.0,11.0,-6.0,-2.0,-6.0,4.0,0.0,0.0,0.0,1.0,2.0,-1.0,38.5,15.4,33.3,41.7,13.0,10.0,21.0,18.0,1436.8,1502.4
2026-03-01,2025,Betis,Sevilla,2,2,D,O,1.77,3.63,4.42,2,6,4,3,13,2.0,1.0,0.0,1.0,5.0,4.0,1.0,2.0,6.0,-4.0,3.0,-2.0,5.0,1.0,0.0,1.0,0.0,1.0,-1.0,58.3,25.0,33.3,50.0,11.0,14.0,8.0,17.0,1620.3,1478.2
2026-02-28,2025,Vallecano,Ath Bilbao,1,1,D,U,2.41,3.09,3.1,7,2,5,4,12,2.0,1.0,1.0,2.0,6.0,5.0,1.0,4.0,6.0,-2.0,2.0,-1.0,3.0,1.0,0.0,1.0,1.0,0.0,1.0,27.3,18.2,25.0,58.3,18.0,18.0,14.0,15.0,1514.7,1579.0
2026-02-28,2025,Oviedo,Ath Madrid,0,1,A,U,5.33,3.6,1.67,6,1,8,3,13,1.0,0.0,1.0,1.0,3.0,1.0,2.0,3.0,4.0,-1.0,0.0,-3.0,3.0,0.0,0.0,0.0,0.0,1.0,-1.0,16.7,41.7,25.0,33.3,8.0,9.0,11.0,21.0,1455.7,1672.5
2026-02-28,2025,Mallorca,Sociedad,0,1,A,U,2.97,3.24,2.39,1,2,3,7,13,2.0,1.0,1.0,1.0,8.0,4.0,4.0,5.0,6.0,-1.0,3.0,-2.0,5.0,1.0,0.0,1.0,0.0,1.0,-1.0,41.7,25.0,16.7,41.7,19.0,14.0,14.0,13.0,1474.4,1540.9
2026-02-28,2025,Barcelona,Villarreal,4,1,H,O,1.29,6.15,8.02,8,1,3,2,13,3.0,1.0,0.0,1.0,9.0,4.0,5.0,0.0,4.0,-4.0,9.0,0.0,9.0,3.0,0.0,3.0,0.0,0.0,0.0,100.0,0.0,50.0,33.3,23.0,12.0,35.0,8.0,1776.4,1668.4
2026-02-27,2025,Levante,Alaves,2,0,H,U,2.63,3.08,2.81,5,7,10,6,13,0.0,1.0,2.0,1.0,0.0,3.0,-3.0,3.0,3.0,0.0,-3.0,0.0,-3.0,0.0,0.0,0.0,1.0,0.0,1.0,8.3,58.3,16.7,66.7,7.0,8.0,10.0,11.0,1435.4,1482.7
2026-02-23,2025,Alaves,Girona,2,2,D,O,2.29,2.96,3.4,6,5,7,6,13,1.0,1.0,1.0,1.0,3.0,3.0,0.0,4.0,2.0,2.0,-1.0,1.0,-2.0,0.0,1.0,-1.0,1.0,0.0,1.0,41.7,33.3,25.0,41.7,21.0,11.0,18.0,15.0,1481.6,1519.7
2026-02-22,2025,Villarreal,Valencia,2,1,H,O,1.69,3.86,4.62,5,3,5,4,13,2.0,2.0,1.0,1.0,7.0,4.0,3.0,4.0,2.0,2.0,3.0,2.0,1.0,2.0,1.0,1.0,1.0,0.0,1.0,75.0,16.7,16.7,58.3,8.0,7.0,12.0,10.0,1662.5,1513.0
2026-02-22,2025,Getafe,Sevilla,0,1,A,U,2.39,2.87,3.31,3,1,2,2,13,1.0,0.0,1.0,2.0,2.0,3.0,-1.0,2.0,8.0,-6.0,0.0,-5.0,5.0,0.0,0.0,0.0,0.0,2.0,-2.0,33.3,41.7,27.3,54.5,7.0,18.0,17.0,20.0,1485.3,1467.6
2026-02-22,2025,Celta,Mallorca,2,0,H,U,1.81,3.4,4.53,7,0,7,2,13,2.0,0.0,1.0,3.0,8.0,1.0,7.0,3.0,8.0,-5.0,5.0,-7.0,12.0,2.0,0.0,2.0,0.0,2.0,-2.0,25.0,33.3,8.3,75.0,17.0,7.0,14.0,11.0,1553.7,1482.3
2026-02-22,2025,Barcelona,Levante,3,0,H,O,1.1,9.98,17.54,9,2,13,6,12,3.0,1.0,0.0,2.0,8.0,5.0,3.0,0.0,6.0,-6.0,8.0,-1.0,9.0,3.0,1.0,2.0,0.0,2.0,-2.0,100.0,0.0,25.0,58.3,21.0,7.0,36.0,4.0,1773.9,1438.0
2026-02-21,2025,Sociedad,Oviedo,3,3,D,O,1.46,4.06,7.52,8,6,7,6,13,3.0,0.0,0.0,2.0,8.0,3.0,5.0,3.0,7.0,-4.0,5.0,-4.0,9.0,2.0,0.0,2.0,0.0,1.0,-1.0,50.0,33.3,9.1,72.7,13.0,14.0,10.0,14.0,1543.4,1453.2
2026-02-21,2025,Osasuna,Real Madrid,2,1,H,O,4.67,3.98,1.68,2,5,3,7,12,1.0,3.0,0.0,0.0,6.0,6.0,0.0,5.0,1.0,4.0,1.0,5.0,-4.0,0.0,2.0,-2.0,0.0,0.0,0.0,54.5,18.2,66.7,8.3,14.0,16.0,10.0,21.0,1535.4,1795.8
2026-02-21,2025,Betis,Vallecano,1,1,D,U,1.88,3.45,4.19,3,3,3,5,12,3.0,0.0,0.0,3.0,8.0,1.0,7.0,1.0,9.0,-8.0,7.0,-8.0,15.0,2.0,0.0,2.0,0.0,2.0,-2.0,63.6,27.3,25.0,66.7,16.0,15.0,12.0,16.0,1623.4,1511.6
2026-02-21,2025,Ath Madrid,Espanol,4,2,H,O,1.47,4.25,6.87,9,2,5,3,13,2.0,0.0,1.0,2.0,4.0,4.0,0.0,1.0,8.0,-7.0,3.0,-4.0,7.0,1.0,0.0,1.0,0.0,1.0,-1.0,83.3,8.3,36.4,36.4,19.0,11.0,23.0,18.0,1666.8,1508.2
2026-02-20,2025,Ath Bilbao,Elche,2,1,H,O,1.66,3.83,5.03,8,2,4,1,13,1.0,0.0,1.0,2.0,6.0,4.0,2.0,5.0,7.0,-2.0,1.0,-3.0,4.0,1.0,0.0,1.0,0.0,1.0,-1.0,50.0,33.3,0.0,63.6,18.0,9.0,18.0,11.0,1572.6,1443.2
2026-02-18,2025,Levante,Villarreal,0,1,A,U,3.97,3.84,1.81,4,6,3,2,12,1.0,0.0,1.0,2.0,3.0,3.0,0.0,4.0,6.0,-2.0,-1.0,-3.0,2.0,0.0,0.0,0.0,1.0,1.0,0.0,9.1,54.5,45.5,36.4,9.0,9.0,16.0,9.0,1442.5,1658.0
2026-02-16,2025,Girona,Barcelona,2,1,H,O,6.57,5.37,1.37,9,4,3,7,12,1.0,2.0,1.0,1.0,2.0,6.0,-4.0,4.0,3.0,1.0,-2.0,3.0,-5.0,0.0,2.0,-2.0,1.0,0.0,1.0,27.3,36.4,66.7,25.0,10.0,23.0,8.0,23.0,1502.9,1790.7
2026-02-15,2025,Vallecano,Ath Madrid,3,0,H,O,4.1,3.45,1.86,9,3,4,8,11,1.0,1.0,1.0,0.0,4.0,4.0,0.0,5.0,1.0,4.0,-1.0,3.0,-4.0,0.0,1.0,-1.0,1.0,0.0,1.0,20.0,20.0,27.3,27.3,13.0,12.0,13.0,17.0,1496.7,1681.7
2026-02-15,2025,Oviedo,Ath Bilbao,1,2,A,O,3.55,3.1,2.16,1,4,2,3,12,1.0,0.0,0.0,2.0,2.0,4.0,-2.0,1.0,6.0,-5.0,1.0,-2.0,3.0,0.0,0.0,0.0,0.0,0.0,0.0,18.2,36.4,18.2,63.6,10.0,20.0,13.0,21.0,1460.2,1565.6
2026-02-15,2025,Mallorca,Betis,1,2,A,O,2.93,3.21,2.41,3,8,7,3,12,2.0,1.0,1.0,1.0,8.0,3.0,5.0,5.0,3.0,2.0,3.0,0.0,3.0,1.0,0.0,1.0,0.0,0.0,0.0,45.5,18.2,25.0,16.7,18.0,14.0,10.0,9.0,1488.8,1617.0
2026-02-15,2025,Levante,Valencia,0,2,A,U,2.69,3.25,2.56,1,2,3,2,11,1.0,1.0,0.0,2.0,4.0,3.0,1.0,3.0,6.0,-3.0,1.0,-3.0,4.0,0.0,0.0,0.0,0.0,1.0,-1.0,10.0,50.0,9.1,63.6,10.0,10.0,17.0,12.0,1450.9,1504.5
2026-02-14,2025,Sevilla,Alaves,1,1,D,U,2.09,3.12,3.71,2,1,0,3,13,1.0,1.0,1.0,2.0,3.0,3.0,0.0,3.0,5.0,-2.0,0.0,-2.0,2.0,0.0,0.0,0.0,0.0,1.0,-1.0,33.3,50.0,18.2,72.7,12.0,12.0,16.0,14.0,1467.2,1482.0
2026-02-14,2025,Real Madrid,Sociedad,4,1,H,O,1.34,5.27,7.59,5,3,4,6,12,3.0,1.0,0.0,0.0,9.0,4.0,5.0,2.0,3.0,-1.0,7.0,1.0,6.0,2.0,0.0,2.0,0.0,0.0,0.0,90.9,9.1,18.2,36.4,26.0,17.0,22.0,17.0,1791.8,1547.4
2026-02-14,2025,Getafe,Villarreal,2,1,H,O,3.23,3.07,2.31,2,2,3,4,12,0.0,1.0,2.0,1.0,1.0,5.0,-4.0,3.0,5.0,-2.0,-2.0,0.0,-2.0,0.0,1.0,-1.0,0.0,1.0,-1.0,27.3,45.5,50.0,30.0,8.0,11.0,16.0,7.0,1470.1,1673.2
2026-02-14,2025,Espanol,Celta,2,2,D,O,2.41,3.16,2.97,3,5,2,2,13,0.0,1.0,3.0,1.0,1.0,2.0,-1.0,6.0,3.0,3.0,-5.0,-1.0,-4.0,0.0,0.0,0.0,2.0,1.0,1.0,50.0,41.7,45.5,18.2,12.0,12.0,14.0,13.0,1506.8,1555.1
2026-02-13,2025,Elche,Osasuna,0,0,D,U,2.77,3.11,2.64,5,2,10,3,13,0.0,2.0,2.0,1.0,4.0,5.0,-1.0,8.0,3.0,5.0,-4.0,2.0,-6.0,0.0,1.0,-1.0,2.0,0.0,2.0,41.7,16.7,16.7,66.7,10.0,8.0,17.0,7.0,1440.5,1538.1
2026-02-09,2025,Villarreal,Espanol,4,1,H,O,1.67,3.99,4.53,3,2,5,8,12,1.0,1.0,2.0,1.0,3.0,5.0,-2.0,5.0,5.0,0.0,-2.0,0.0,-2.0,1.0,0.0,1.0,2.0,0.0,2.0,72.7,18.2,40.0,30.0,10.0,14.0,12.0,14.0,1667.4,1512.6
2026-02-08,2025,Valencia,Real Madrid,0,2,A,U,5.59,4.47,1.51,0,6,5,8,12,1.0,3.0,0.0,0.0,5.0,7.0,-2.0,4.0,1.0,3.0,1.0,6.0,-5.0,0.0,2.0,-2.0,0.0,0.0,0.0,36.4,18.2,63.6,9.1,11.0,18.0,22.0,20.0,1507.8,1788.5
2026-02-08,2025,Sevilla,Girona,1,1,D,U,2.09,3.33,3.51,3,6,5,7,12,1.0,2.0,2.0,1.0,2.0,4.0,-2.0,5.0,2.0,3.0,-3.0,2.0,-5.0,0.0,1.0,-1.0,1.0,0.0,1.0,36.4,54.5,27.3,45.5,16.0,9.0,16.0,14.0,1466.1,1503.9
2026-02-08,2025,Ath Madrid,Betis,0,1,A,U,1.47,4.47,6.15,5,4,7,3,12,3.0,0.0,0.0,2.0,6.0,3.0,3.0,1.0,8.0,-7.0,5.0,-5.0,10.0,1.0,0.0,1.0,0.0,1.0,-1.0,90.9,0.0,18.2,18.2,20.0,15.0,21.0,14.0,1694.2,1604.4
2026-02-08,2025,Ath Bilbao,Levante,4,2,H,O,1.61,3.8,5.52,7,3,4,3,12,1.0,1.0,1.0,2.0,3.0,3.0,0.0,3.0,4.0,-1.0,0.0,-1.0,1.0,0.0,1.0,-1.0,0.0,2.0,-2.0,45.5,36.4,27.3,54.5,14.0,9.0,19.0,4.0,1558.4,1458.1
2026-02-08,2025,Alaves,Getafe,0,2,A,U,2.3,2.78,3.69,5,5,6,3,12,1.0,0.0,1.0,1.0,4.0,2.0,2.0,4.0,6.0,-2.0,0.0,-4.0,4.0,0.0,0.0,0.0,0.0,1.0,-1.0,45.5,27.3,27.3,54.5,18.0,9.0,17.0,11.0,1493.0,1459.1
2026-02-07,2025,Sociedad,Elche,3,1,H,O,1.64,3.97,5.04,3,5,2,4,12,2.0,0.0,0.0,2.0,6.0,4.0,2.0,3.0,7.0,-4.0,3.0,-3.0,6.0,1.0,0.0,1.0,0.0,1.0,-1.0,45.5,36.4,0.0,60.0,18.0,4.0,14.0,8.0,1540.0,1447.9
2026-02-07,2025,Barcelona,Mallorca,3,0,H,O,1.15,8.3,14.69,7,4,12,3,11,3.0,0.0,0.0,2.0,8.0,2.0,6.0,1.0,6.0,-5.0,7.0,-4.0,11.0,3.0,0.0,3.0,0.0,1.0,-1.0,100.0,0.0,9.1,72.7,20.0,5.0,29.0,11.0,1787.6,1491.9
2026-02-06,2025,Celta,Osasuna,1,2,A,O,1.97,3.27,4.06,4,2,7,3,12,3.0,1.0,0.0,2.0,9.0,3.0,6.0,1.0,4.0,-3.0,8.0,-1.0,9.0,3.0,1.0,2.0,0.0,1.0,-1.0,27.3,27.3,9.1,72.7,15.0,8.0,8.0,5.0,1566.3,1527.0
2026-02-02,2025,Mallorca,Sevilla,4,1,H,O,2.39,3.12,3.05,7,5,4,8,11,2.0,0.0,1.0,1.0,7.0,3.0,4.0,5.0,5.0,0.0,2.0,-2.0,4.0,1.0,0.0,1.0,0.0,1.0,-1.0,40.0,20.0,30.0,50.0,19.0,14.0,7.0,14.0,1482.1,1476.0
2026-02-01,2025,Real Madrid,Vallecano,2,1,H,O,1.24,5.96,10.69,6,4,9,4,11,3.0,0.0,0.0,3.0,9.0,0.0,9.0,1.0,8.0,-7.0,8.0,-8.0,16.0,3.0,0.0,3.0,0.0,2.0,-2.0,90.0,10.0,27.3,63.6,28.0,13.0,19.0,14.0,1785.3,1500.0
2026-02-01,2025,Getafe,Celta,0,0,D,U,2.82,2.85,2.76,2,1,5,3,11,0.0,1.0,3.0,1.0,1.0,2.0,-1.0,4.0,3.0,1.0,-3.0,-1.0,-2.0,0.0,0.0,0.0,0.0,1.0,-1.0,30.0,50.0,50.0,20.0,7.0,13.0,17.0,13.0,1456.0,1569.4
2026-02-01,2025,Betis,Valencia,2,1,H,O,1.83,3.47,4.31,2,4,3,5,11,2.0,1.0,1.0,2.0,9.0,3.0,6.0,5.0,6.0,-1.0,4.0,-3.0,7.0,2.0,0.0,2.0,1.0,1.0,0.0,60.0,30.0,10.0,60.0,19.0,8.0,16.0,14.0,1596.7,1515.5
2026-02-01,2025,Ath Bilbao,Sociedad,1,1,D,U,2.24,3.1,3.33,4,6,6,3,11,1.0,1.0,2.0,1.0,2.0,3.0,-1.0,5.0,3.0,2.0,-3.0,0.0,-3.0,0.0,0.0,0.0,1.0,0.0,1.0,50.0,40.0,20.0,40.0,14.0,12.0,18.0,22.0,1558.9,1539.4
2026-01-31,2025,Oviedo,Girona,1,0,H,U,2.67,3.08,2.77,4,1,4,4,11,0.0,3.0,0.0,0.0,1.0,6.0,-5.0,1.0,2.0,-1.0,0.0,4.0,-4.0,0.0,1.0,-1.0,0.0,0.0,0.0,10.0,40.0,30.0,40.0,9.0,11.0,17.0,13.0,1448.3,1515.9
2026-01-31,2025,Osasuna,Villarreal,2,2,D,O,2.75,3.31,2.53,5,4,6,2,11,2.0,2.0,0.0,1.0,7.0,6.0,1.0,3.0,5.0,-2.0,4.0,1.0,3.0,1.0,1.0,0.0,0.0,1.0,-1.0,60.0,20.0,55.6,33.3,16.0,12.0,13.0,7.0,1523.0,1671.5
2026-01-31,2025,Levante,Ath Madrid,0,0,D,U,5.25,4.08,1.6,2,4,4,7,10,1.0,1.0,0.0,1.0,5.0,4.0,1.0,4.0,2.0,2.0,1.0,2.0,-1.0,0.0,1.0,-1.0,0.0,0.0,0.0,11.1,55.6,30.0,30.0,11.0,11.0,20.0,16.0,1452.0,1700.3
2026-01-31,2025,Elche,Barcelona,1,3,A,O,7.55,5.66,1.33,3,8,2,8,12,1.0,2.0,1.0,1.0,7.0,5.0,2.0,5.0,2.0,3.0,2.0,3.0,-1.0,1.0,2.0,-1.0,1.0,0.0,1.0,45.5,9.1,63.6,27.3,13.0,20.0,19.0,25.0,1450.4,1785.1
2026-01-30,2025,Espanol,Alaves,1,2,A,O,1.95,3.07,4.47,3,7,4,2,12,1.0,0.0,2.0,3.0,1.0,1.0,0.0,4.0,7.0,-3.0,-3.0,-6.0,3.0,0.0,0.0,0.0,2.0,2.0,0.0,54.5,36.4,10.0,80.0,11.0,8.0,16.0,12.0,1523.8,1481.8
2026-01-26,2025,Girona,Getafe,1,1,D,U,2.08,3.01,3.93,4,2,3,4,11,1.0,0.0,1.0,2.0,2.0,1.0,1.0,4.0,7.0,-3.0,-2.0,-6.0,4.0,0.0,0.0,0.0,1.0,2.0,-1.0,30.0,40.0,30.0,60.0,10.0,7.0,7.0,10.0,1517.7,1454.2
2026-01-25,2025,Sociedad,Celta,3,1,H,O,1.99,3.37,3.77,4,4,2,9,11,1.0,2.0,1.0,0.0,4.0,3.0,1.0,4.0,0.0,4.0,0.0,3.0,-3.0,0.0,1.0,-1.0,0.0,0.0,0.0,40.0,40.0,55.6,11.1,18.0,14.0,16.0,5.0,1527.9,1580.9
2026-01-25,2025,Barcelona,Oviedo,3,0,H,O,1.09,9.93,20.27,7,3,10,1,10,3.0,0.0,0.0,2.0,8.0,3.0,5.0,2.0,8.0,-6.0,6.0,-5.0,11.0,3.0,0.0,3.0,0.0,1.0,-1.0,100.0,0.0,10.0,70.0,19.0,12.0,24.0,16.0,1782.5,1450.9
2026-01-25,2025,Ath Madrid,Mallorca,3,0,H,O,1.28,5.36,10.0,8,1,10,3,11,3.0,0.0,0.0,1.0,5.0,2.0,3.0,1.0,3.0,-2.0,4.0,-1.0,5.0,1.0,0.0,1.0,0.0,0.0,0.0,90.0,0.0,10.0,70.0,20.0,10.0,18.0,13.0,1695.7,1486.7
2026-01-25,2025,Alaves,Betis,2,1,H,O,2.8,3.05,2.61,9,4,6,4,11,1.0,0.0,1.0,1.0,3.0,2.0,1.0,3.0,6.0,-3.0,0.0,-4.0,4.0,0.0,0.0,0.0,0.0,1.0,-1.0,40.0,30.0,20.0,10.0,12.0,17.0,16.0,13.0,1467.9,1610.6
2026-01-24,2025,Villarreal,Real Madrid,0,2,A,U,3.32,3.84,2.0,1,4,6,6,11,2.0,2.0,1.0,0.0,5.0,6.0,-1.0,3.0,2.0,1.0,2.0,4.0,-2.0,2.0,1.0,1.0,1.0,0.0,1.0,80.0,10.0,60.0,10.0,14.0,18.0,11.0,19.0,1678.7,1778.0
2026-01-24,2025,Vallecano,Osasuna,1,3,A,O,2.13,3.15,3.68,4,5,4,3,10,1.0,0.0,0.0,2.0,3.0,2.0,1.0,2.0,5.0,-3.0,1.0,-3.0,4.0,0.0,0.0,0.0,0.0,1.0,-1.0,22.2,11.1,0.0,80.0,16.0,5.0,17.0,10.0,1509.9,1513.1
2026-01-24,2025,Valencia,Espanol,3,2,H,O,2.39,3.17,3.07,5,6,2,7,11,0.0,2.0,0.0,0.0,3.0,4.0,-1.0,3.0,2.0,1.0,0.0,2.0,-2.0,0.0,0.0,0.0,0.0,0.0,0.0,30.0,20.0,44.4,22.2,9.0,12.0,22.0,11.0,1504.6,1534.7
2026-01-24,2025,Sevilla,Ath Bilbao,2,1,H,O,2.88,3.07,2.58,7,3,5,5,11,1.0,0.0,2.0,2.0,4.0,3.0,1.0,4.0,6.0,-2.0,0.0,-3.0,3.0,1.0,0.0,1.0,1.0,1.0,0.0,30.0,60.0,20.0,60.0,16.0,19.0,16.0,20.0,1462.9,1572.0
2026-01-23,2025,Levante,Elche,3,2,H,O,2.23,3.24,3.21,6,3,9,1,9,0.0,0.0,1.0,2.0,2.0,2.0,0.0,4.0,5.0,-1.0,-2.0,-3.0,1.0,0.0,0.0,0.0,1.0,1.0,0.0,0.0,62.5,0.0,55.6,9.0,5.0,15.0,12.0,1441.4,1461.0
2026-01-19,2025,Elche,Sevilla,2,2,D,O,2.23,3.3,3.16,5,8,9,7,11,2.0,0.0,1.0,2.0,8.0,2.0,6.0,3.0,5.0,-2.0,5.0,-3.0,8.0,2.0,0.0,2.0,1.0,1.0,0.0,50.0,10.0,33.3,55.6,14.0,12.0,12.0,20.0,1460.9,1463.0
2026-01-18,2025,Sociedad,Barcelona,2,1,H,O,4.93,4.5,1.56,6,9,6,8,10,0.0,3.0,2.0,0.0,4.0,9.0,-5.0,6.0,3.0,3.0,-2.0,6.0,-8.0,0.0,3.0,-3.0,0.0,0.0,0.0,33.3,44.4,70.0,20.0,19.0,19.0,18.0,24.0,1511.1,1799.3
2026-01-18,2025,Getafe,Valencia,0,1,A,U,2.51,2.77,3.26,3,1,9,3,10,1.0,0.0,2.0,2.0,2.0,3.0,-1.0,3.0,7.0,-4.0,-1.0,-4.0,3.0,0.0,0.0,0.0,0.0,1.0,-1.0,33.3,44.4,0.0,66.7,10.0,9.0,11.0,16.0,1463.2,1495.6
2026-01-18,2025,Celta,Vallecano,3,0,H,O,2.03,3.18,3.86,7,3,5,7,11,2.0,0.0,1.0,2.0,6.0,0.0,6.0,2.0,5.0,-3.0,4.0,-5.0,9.0,2.0,0.0,2.0,0.0,1.0,-1.0,20.0,30.0,30.0,60.0,12.0,13.0,7.0,13.0,1572.5,1518.4
2026-01-18,2025,Ath Madrid,Alaves,1,0,H,U,1.3,5.12,10.03,6,0,6,6,10,3.0,0.0,0.0,3.0,7.0,2.0,5.0,2.0,9.0,-7.0,5.0,-7.0,12.0,2.0,0.0,2.0,0.0,3.0,-3.0,88.9,0.0,11.1,77.8,24.0,10.0,33.0,10.0,1691.3,1472.3
2026-01-17,2025,Real Madrid,Levante,2,0,H,U,1.16,8.13,14.17,11,0,8,0,10,2.0,1.0,1.0,2.0,7.0,3.0,4.0,3.0,3.0,0.0,4.0,0.0,4.0,2.0,1.0,1.0,1.0,1.0,0.0,88.9,11.1,30.0,50.0,24.0,10.0,19.0,4.0,1775.5,1444.0
2026-01-17,2025,Osasuna,Oviedo,3,2,H,O,1.77,3.39,4.99,5,5,3,6,10,2.0,0.0,0.0,2.0,6.0,1.0,5.0,1.0,7.0,-6.0,5.0,-6.0,11.0,2.0,0.0,2.0,0.0,2.0,-2.0,55.6,22.2,11.1,66.7,17.0,8.0,13.0,12.0,1504.3,1459.6
2026-01-17,2025,Mallorca,Ath Bilbao,3,2,H,O,3.62,3.04,2.2,9,11,3,7,10,1.0,1.0,1.0,1.0,6.0,3.0,3.0,5.0,3.0,2.0,1.0,0.0,1.0,1.0,1.0,0.0,0.0,1.0,-1.0,33.3,22.2,22.2,55.6,14.0,12.0,6.0,15.0,1473.6,1585.1
2026-01-17,2025,Betis,Villarreal,2,0,H,U,2.53,3.51,2.63,6,3,2,3,10,1.0,3.0,1.0,0.0,8.0,8.0,0.0,6.0,3.0,3.0,2.0,5.0,-3.0,1.0,2.0,-1.0,1.0,0.0,1.0,55.6,33.3,62.5,25.0,20.0,12.0,22.0,6.0,1598.0,1691.3
2026-01-16,2025,Espanol,Girona,0,2,A,U,1.87,3.43,4.26,2,4,5,4,11,2.0,2.0,1.0,1.0,3.0,4.0,-1.0,3.0,5.0,-2.0,0.0,-1.0,1.0,0.0,0.0,0.0,1.0,1.0,0.0,60.0,30.0,22.2,44.4,14.0,11.0,15.0,11.0,1545.8,1506.6
2026-01-12,2025,Sevilla,Celta,0,1,A,U,2.54,3.27,2.71,2,7,6,1,10,1.0,2.0,2.0,0.0,4.0,3.0,1.0,5.0,0.0,5.0,-1.0,3.0,-4.0,1.0,1.0,0.0,2.0,0.0,2.0,33.3,55.6,50.0,12.5,17.0,11.0,16.0,6.0,1470.3,1565.1
2026-01-11,2025,Vallecano,Mallorca,2,1,H,O,1.88,3.23,4.46,5,2,6,5,9,0.0,0.0,0.0,1.0,2.0,2.0,0.0,2.0,3.0,-1.0,0.0,-1.0,1.0,0.0,0.0,0.0,0.0,0.0,0.0,12.5,12.5,11.1,66.7,18.0,11.0,21.0,9.0,1509.1,1482.8
2026-01-11,2025,Levante,Espanol,1,1,D,U,3.05,3.28,2.31,2,3,4,3,8,0.0,3.0,2.0,0.0,2.0,4.0,-2.0,5.0,1.0,4.0,-3.0,3.0,-6.0,0.0,0.0,0.0,1.0,0.0,1.0,0.0,71.4,50.0,25.0,10.0,11.0,15.0,11.0,1441.0,1548.8
2026-01-10,2025,Villarreal,Alaves,3,1,H,O,1.46,4.32,6.96,4,5,1,6,10,2.0,0.0,1.0,3.0,4.0,1.0,3.0,3.0,7.0,-4.0,1.0,-6.0,7.0,1.0,0.0,1.0,1.0,2.0,-1.0,77.8,11.1,12.5,75.0,17.0,10.0,13.0,5.0,1686.7,1476.9
2026-01-10,2025,Valencia,Elche,1,1,D,U,2.18,3.18,3.48,4,1,8,6,10,1.0,0.0,0.0,3.0,3.0,2.0,1.0,2.0,7.0,-5.0,1.0,-5.0,6.0,0.0,0.0,0.0,0.0,2.0,-2.0,33.3,22.2,0.0,62.5,8.0,7.0,21.0,9.0,1496.6,1459.9
2026-01-10,2025,Oviedo,Betis,1,1,D,U,4.13,3.42,1.9,3,6,5,2,10,0.0,1.0,0.0,1.0,0.0,3.0,-3.0,0.0,5.0,-5.0,0.0,-2.0,2.0,0.0,1.0,-1.0,0.0,1.0,-1.0,11.1,44.4,22.2,11.1,9.0,15.0,17.0,15.0,1455.6,1602.0
2026-01-10,2025,Girona,Osasuna,1,0,H,U,2.36,3.2,3.07,4,1,2,1,10,1.0,0.0,1.0,2.0,2.0,2.0,0.0,4.0,5.0,-1.0,-2.0,-3.0,1.0,0.0,0.0,0.0,1.0,1.0,0.0,22.2,44.4,0.0,77.8,8.0,7.0,11.0,15.0,1496.0,1514.9
2026-01-09,2025,Getafe,Sociedad,1,2,A,O,3.38,2.83,2.43,3,5,2,4,9,1.0,1.0,2.0,1.0,1.0,4.0,-3.0,2.0,3.0,-1.0,-1.0,1.0,-2.0,0.0,1.0,-1.0,0.0,0.0,0.0,37.5,37.5,11.1,44.4,8.0,16.0,15.0,21.0,1472.4,1501.9
2026-01-04,2025,Sociedad,Ath Madrid,1,1,D,U,3.82,3.51,1.92,8,2,6,6,9,1.0,1.0,2.0,2.0,6.0,4.0,2.0,7.0,4.0,3.0,-1.0,0.0,-1.0,0.0,1.0,-1.0,0.0,1.0,-1.0,37.5,50.0,33.3,33.3,16.0,11.0,18.0,14.0,1496.7,1696.5
2026-01-04,2025,Sevilla,Levante,0,3,A,O,1.77,3.6,4.48,7,4,5,1,9,2.0,0.0,1.0,3.0,5.0,1.0,4.0,2.0,6.0,-4.0,3.0,-5.0,8.0,1.0,0.0,1.0,1.0,2.0,-1.0,37.5,50.0,22.2,55.6,14.0,9.0,16.0,7.0,1481.8,1429.5
2026-01-04,2025,Real Madrid,Betis,5,1,H,O,1.46,4.67,5.99,9,5,5,8,9,2.0,1.0,1.0,0.0,6.0,3.0,3.0,2.0,1.0,1.0,4.0,2.0,2.0,2.0,1.0,1.0,1.0,0.0,1.0,87.5,12.5,25.0,0.0,26.0,12.0,21.0,9.0,1769.8,1607.6
2026-01-04,2025,Mallorca,Girona,1,2,A,O,2.24,3.12,3.34,2,4,3,6,9,2.0,1.0,0.0,1.0,6.0,3.0,3.0,3.0,5.0,-2.0,3.0,-2.0,5.0,1.0,0.0,1.0,0.0,1.0,-1.0,37.5,12.5,12.5,50.0,16.0,11.0,4.0,5.0,1493.0,1485.8
2026-01-04,2025,Alaves,Oviedo,1,1,D,U,1.84,3.08,5.02,7,6,6,7,10,1.0,0.0,2.0,3.0,2.0,0.0,2.0,3.0,7.0,-4.0,-1.0,-7.0,6.0,0.0,0.0,0.0,0.0,2.0,-2.0,44.4,33.3,12.5,75.0,7.0,4.0,14.0,9.0,1477.6,1455.0
2026-01-03,2025,Osasuna,Ath Bilbao,1,1,D,U,3.03,2.94,2.54,4,6,1,9,9,2.0,1.0,1.0,2.0,6.0,2.0,4.0,3.0,6.0,-3.0,3.0,-4.0,7.0,2.0,1.0,1.0,1.0,2.0,-1.0,62.5,25.0,25.0,62.5,17.0,8.0,15.0,13.0,1512.8,1587.2
2026-01-03,2025,Espanol,Barcelona,0,2,A,U,5.35,4.72,1.51,7,6,5,7,10,2.0,3.0,1.0,0.0,3.0,11.0,-8.0,3.0,5.0,-2.0,0.0,6.0,-6.0,0.0,3.0,-3.0,1.0,0.0,1.0,66.7,22.2,66.7,22.2,10.0,22.0,14.0,22.0,1552.8,1795.3
2026-01-03,2025,Elche,Villarreal,1,3,A,O,3.19,3.49,2.18,2,4,6,2,10,2.0,3.0,0.0,0.0,9.0,7.0,2.0,2.0,2.0,0.0,7.0,5.0,2.0,2.0,2.0,0.0,0.0,0.0,0.0,55.6,0.0,57.1,28.6,18.0,13.0,8.0,9.0,1464.3,1682.3
2026-01-03,2025,Celta,Valencia,4,1,H,O,1.96,3.31,4.0,6,5,2,4,10,1.0,0.0,2.0,2.0,4.0,2.0,2.0,5.0,7.0,-2.0,-1.0,-5.0,4.0,1.0,0.0,1.0,1.0,1.0,0.0,11.1,33.3,0.0,62.5,9.0,5.0,7.0,13.0,1556.6,1505.1
2026-01-02,2025,Vallecano,Getafe,1,1,D,U,2.04,2.86,4.46,4,4,3,2,8,0.0,0.0,0.0,3.0,1.0,0.0,1.0,1.0,7.0,-6.0,0.0,-7.0,7.0,0.0,0.0,0.0,0.0,2.0,-2.0,14.3,14.3,33.3,66.7,16.0,6.0,23.0,22.0,1510.2,1471.3
2025-12-22,2025,Ath Bilbao,Espanol,1,2,A,O,1.74,3.46,4.92,7,5,8,4,10,2.0,2.0,1.0,1.0,2.0,3.0,-1.0,3.0,2.0,1.0,-1.0,1.0,-2.0,0.0,0.0,0.0,1.0,0.0,1.0,55.6,33.3,42.9,28.6,14.0,8.0,17.0,13.0,1598.8,1541.1
2025-12-21,2025,Villarreal,Barcelona,0,2,A,U,3.39,4.53,1.82,5,5,5,10,9,3.0,2.0,0.0,1.0,8.0,10.0,-2.0,1.0,7.0,-6.0,7.0,3.0,4.0,2.0,2.0,0.0,0.0,0.0,0.0,87.5,0.0,62.5,25.0,19.0,23.0,11.0,16.0,1689.5,1788.1
2025-12-21,2025,Girona,Ath Madrid,0,3,A,O,4.79,4.01,1.65,2,6,3,4,9,1.0,1.0,0.0,2.0,5.0,2.0,3.0,4.0,4.0,0.0,1.0,-2.0,3.0,0.0,0.0,0.0,0.0,1.0,-1.0,25.0,37.5,25.0,37.5,12.0,11.0,19.0,17.0,1490.6,1691.7
2025-12-21,2025,Elche,Vallecano,4,0,H,O,2.44,3.05,3.05,6,8,4,5,9,1.0,0.0,0.0,2.0,6.0,0.0,6.0,3.0,5.0,-2.0,3.0,-5.0,8.0,1.0,0.0,1.0,0.0,1.0,-1.0,50.0,0.0,33.3,55.6,15.0,8.0,5.0,13.0,1452.3,1522.2
2025-12-21,2025,Betis,Getafe,4,0,H,O,1.7,3.44,5.36,8,3,7,5,9,1.0,1.0,1.0,2.0,7.0,1.0,6.0,6.0,3.0,3.0,1.0,-2.0,3.0,1.0,0.0,1.0,1.0,1.0,0.0,50.0,37.5,37.5,62.5,20.0,6.0,19.0,22.0,1601.0,1477.9
2025-12-20,2025,Real Madrid,Sevilla,2,0,H,U,1.21,6.82,12.31,8,5,6,5,8,2.0,0.0,1.0,2.0,6.0,2.0,4.0,3.0,6.0,-3.0,3.0,-4.0,7.0,1.0,0.0,1.0,1.0,1.0,0.0,85.7,14.3,37.5,50.0,28.0,9.0,27.0,19.0,1766.5,1485.1
2025-12-20,2025,Oviedo,Celta,0,0,D,U,3.7,3.27,2.07,3,2,4,3,9,0.0,3.0,0.0,0.0,0.0,5.0,-5.0,0.0,1.0,-1.0,0.0,4.0,-4.0,0.0,1.0,-1.0,0.0,0.0,0.0,12.5,50.0,57.1,14.3,8.0,15.0,17.0,7.0,1452.0,1559.6
2025-12-20,2025,Osasuna,Alaves,3,0,H,O,2.22,3.02,3.57,7,3,9,0,8,1.0,0.0,2.0,3.0,5.0,1.0,4.0,6.0,5.0,1.0,-1.0,-4.0,3.0,1.0,0.0,1.0,1.0,1.0,0.0,57.1,28.6,14.3,71.4,17.0,9.0,12.0,10.0,1503.2,1487.1
2025-12-20,2025,Levante,Sociedad,1,1,D,U,3.29,3.41,2.15,3,6,7,10,7,0.0,1.0,3.0,1.0,1.0,4.0,-3.0,7.0,3.0,4.0,-6.0,1.0,-7.0,0.0,1.0,-1.0,2.0,0.0,2.0,0.0,83.3,12.5,50.0,11.0,15.0,19.0,14.0,1427.5,1498.8
2025-12-19,2025,Valencia,Mallorca,1,1,D,U,1.98,3.19,4.08,2,2,12,3,9,1.0,0.0,0.0,2.0,3.0,1.0,2.0,2.0,5.0,-3.0,1.0,-4.0,5.0,0.0,0.0,0.0,0.0,1.0,-1.0,37.5,25.0,12.5,75.0,10.0,10.0,16.0,11.0,1505.5,1492.7
2025-12-15,2025,Vallecano,Betis,0,0,D,U,2.52,3.35,2.69,7,6,8,3,7,1.0,1.0,0.0,0.0,2.0,5.0,-3.0,1.0,3.0,-2.0,1.0,2.0,-1.0,0.0,1.0,-1.0,0.0,0.0,0.0,16.7,16.7,28.6,0.0,14.0,9.0,22.0,12.0,1519.8,1603.4
2025-12-14,2025,Sevilla,Oviedo,4,0,H,O,1.88,3.32,4.3,7,1,5,3,8,1.0,0.0,2.0,2.0,2.0,3.0,-1.0,5.0,6.0,-1.0,-3.0,-3.0,0.0,0.0,0.0,0.0,2.0,1.0,1.0,28.6,57.1,14.3,71.4,11.0,8.0,20.0,10.0,1475.5,1461.6
2025-12-14,2025,Celta,Ath Bilbao,2,0,H,U,2.6,3.14,2.75,2,2,1,4,9,0.0,1.0,2.0,2.0,3.0,4.0,-1.0,6.0,7.0,-1.0,-3.0,-3.0,0.0,0.0,1.0,-1.0,1.0,1.0,0.0,0.0,37.5,28.6,57.1,8.0,10.0,7.0,11.0,1547.8,1610.6
2025-12-14,2025,Alaves,Real Madrid,1,2,A,O,5.4,3.94,1.6,2,6,5,7,9,2.0,1.0,1.0,0.0,3.0,6.0,-3.0,2.0,3.0,-1.0,1.0,3.0,-2.0,0.0,1.0,-1.0,0.0,0.0,0.0,50.0,25.0,55.6,11.1,9.0,19.0,10.0,20.0,1490.6,1763.1
2025-12-13,2025,Mallorca,Elche,3,1,H,O,2.42,3.07,3.1,8,0,1,1,8,1.0,0.0,0.0,3.0,4.0,1.0,3.0,3.0,5.0,-2.0,1.0,-4.0,5.0,0.0,0.0,0.0,0.0,1.0,-1.0,28.6,14.3,0.0,57.1,12.0,11.0,8.0,10.0,1483.3,1461.7
2025-12-13,2025,Getafe,Espanol,0,1,A,U,2.52,2.85,3.18,1,4,6,4,8,2.0,2.0,1.0,1.0,3.0,4.0,-1.0,2.0,2.0,0.0,1.0,2.0,-1.0,0.0,1.0,-1.0,0.0,0.0,0.0,42.9,28.6,33.3,33.3,11.0,14.0,17.0,14.0,1486.5,1532.4
2025-12-13,2025,Barcelona,Osasuna,2,0,H,U,1.2,7.34,11.63,7,2,14,1,9,3.0,0.0,0.0,1.0,10.0,2.0,8.0,2.0,3.0,-1.0,8.0,-1.0,9.0,3.0,0.0,3.0,0.0,0.0,0.0,100.0,0.0,0.0,75.0,19.0,10.0,15.0,16.0,1784.7,1506.6
2025-12-13,2025,Ath Madrid,Valencia,2,1,H,O,1.29,5.21,10.58,6,2,5,7,9,3.0,0.0,0.0,1.0,8.0,1.0,7.0,1.0,5.0,-4.0,7.0,-4.0,11.0,3.0,0.0,3.0,0.0,1.0,-1.0,87.5,0.0,0.0,57.1,24.0,5.0,37.0,6.0,1686.4,1510.9
2025-12-12,2025,Sociedad,Girona,1,2,A,O,1.72,3.73,4.73,4,3,4,3,8,2.0,0.0,1.0,2.0,7.0,2.0,5.0,6.0,6.0,0.0,1.0,-4.0,5.0,0.0,0.0,0.0,0.0,1.0,-1.0,42.9,42.9,0.0,57.1,15.0,12.0,15.0,5.0,1509.6,1479.7
2025-12-08,2025,Osasuna,Levante,2,0,H,U,1.74,3.64,4.59,6,5,3,3,7,1.0,0.0,2.0,2.0,5.0,2.0,3.0,7.0,5.0,2.0,-2.0,-3.0,1.0,0.0,0.0,0.0,1.0,1.0,0.0,50.0,33.3,25.0,50.0,14.0,9.0,10.0,8.0,1498.4,1435.7
2025-12-07,2025,Valencia,Sevilla,1,1,D,U,2.12,3.33,3.41,3,1,2,2,8,1.0,0.0,1.0,3.0,2.0,2.0,0.0,3.0,7.0,-4.0,-1.0,-5.0,4.0,0.0,0.0,0.0,1.0,1.0,0.0,42.9,28.6,42.9,57.1,10.0,9.0,21.0,26.0,1511.9,1474.4
2025-12-07,2025,Real Madrid,Celta,0,2,A,U,1.29,5.65,8.81,7,5,8,1,7,3.0,3.0,0.0,0.0,9.0,6.0,3.0,2.0,3.0,-1.0,7.0,3.0,4.0,2.0,0.0,2.0,0.0,0.0,0.0,100.0,0.0,50.0,16.7,28.0,15.0,23.0,8.0,1779.2,1531.7
2025-12-07,2025,Espanol,Vallecano,1,0,H,U,2.25,3.19,3.18,2,2,6,2,9,2.0,1.0,1.0,1.0,3.0,3.0,0.0,3.0,4.0,-1.0,0.0,-1.0,1.0,0.0,1.0,-1.0,1.0,1.0,0.0,62.5,25.0,37.5,50.0,15.0,11.0,12.0,15.0,1522.2,1530.1
2025-12-07,2025,Elche,Girona,3,0,H,O,2.12,3.41,3.34,6,4,2,2,8,0.0,0.0,0.0,2.0,3.0,3.0,0.0,3.0,5.0,-2.0,0.0,-2.0,2.0,0.0,0.0,0.0,0.0,0.0,0.0,42.9,0.0,0.0,50.0,14.0,12.0,9.0,8.0,1450.5,1490.9
2025-12-06,2025,Villarreal,Getafe,2,0,H,U,1.6,3.79,5.95,5,0,5,3,8,2.0,1.0,0.0,2.0,8.0,2.0,6.0,3.0,3.0,0.0,5.0,-1.0,6.0,1.0,0.0,1.0,0.0,0.0,0.0,85.7,0.0,42.9,57.1,17.0,8.0,11.0,25.0,1684.5,1491.5
2025-12-06,2025,Betis,Barcelona,3,5,A,O,4.01,4.37,1.73,5,8,7,7,8,1.0,1.0,1.0,2.0,4.0,6.0,-2.0,3.0,8.0,-5.0,1.0,-2.0,3.0,1.0,1.0,0.0,1.0,1.0,0.0,57.1,28.6,57.1,28.6,20.0,23.0,14.0,15.0,1608.9,1779.3
2025-12-06,2025,Ath Bilbao,Ath Madrid,1,0,H,U,3.31,3.28,2.22,3,3,5,6,9,1.0,2.0,2.0,1.0,1.0,4.0,-3.0,4.0,3.0,1.0,-3.0,1.0,-4.0,0.0,1.0,-1.0,1.0,1.0,0.0,50.0,37.5,28.6,28.6,15.0,12.0,13.0,16.0,1597.8,1699.2
2025-12-06,2025,Alaves,Sociedad,1,0,H,U,2.75,2.98,2.77,3,1,5,8,8,1.0,1.0,1.0,0.0,2.0,5.0,-3.0,2.0,3.0,-1.0,0.0,2.0,-2.0,0.0,1.0,-1.0,0.0,0.0,0.0,42.9,28.6,14.3,42.9,9.0,21.0,12.0,16.0,1479.4,1520.8
2025-12-05,2025,Oviedo,Mallorca,0,0,D,U,2.62,2.97,2.93,3,6,8,5,8,0.0,1.0,1.0,2.0,0.0,4.0,-4.0,2.0,6.0,-4.0,-2.0,-2.0,0.0,0.0,1.0,-1.0,1.0,1.0,0.0,14.3,57.1,14.3,85.7,9.0,10.0,12.0,8.0,1460.9,1483.9
2025-12-03,2025,Ath Bilbao,Real Madrid,0,3,A,O,4.17,3.87,1.79,4,8,5,7,8,2.0,0.0,1.0,0.0,3.0,3.0,0.0,2.0,3.0,-1.0,1.0,0.0,1.0,0.0,0.0,0.0,0.0,0.0,0.0,57.1,28.6,50.0,12.5,16.0,16.0,15.0,21.0,1603.2,1773.7
2025-12-02,2025,Barcelona,Ath Madrid,3,1,H,O,1.73,4.21,4.07,6,2,5,4,8,3.0,2.0,0.0,0.0,10.0,4.0,6.0,2.0,1.0,1.0,8.0,3.0,5.0,3.0,1.0,2.0,0.0,0.0,0.0,100.0,0.0,33.3,16.7,18.0,11.0,16.0,15.0,1771.1,1707.4
2025-12-01,2025,Vallecano,Valencia,1,1,D,U,1.92,3.3,4.11,7,2,10,5,6,1.0,0.0,1.0,2.0,1.0,1.0,0.0,1.0,6.0,-5.0,0.0,-5.0,5.0,0.0,0.0,0.0,0.0,1.0,-1.0,20.0,20.0,0.0,66.7,13.0,9.0,24.0,8.0,1530.6,1511.4
2025-11-30,2025,Sociedad,Villarreal,2,3,A,O,2.81,3.35,2.43,7,5,8,2,7,2.0,2.0,1.0,1.0,5.0,5.0,0.0,4.0,3.0,1.0,1.0,2.0,-1.0,0.0,2.0,-2.0,0.0,1.0,-1.0,50.0,33.3,50.0,33.3,11.0,10.0,14.0,7.0,1526.7,1678.6
2025-11-30,2025,Sevilla,Betis,0,2,A,U,2.9,3.34,2.35,3,4,6,4,7,2.0,1.0,1.0,0.0,6.0,5.0,1.0,4.0,4.0,0.0,2.0,1.0,1.0,1.0,0.0,1.0,1.0,0.0,1.0,33.3,50.0,16.7,0.0,13.0,8.0,21.0,13.0,1481.1,1602.2
2025-11-30,2025,Girona,Real Madrid,1,1,D,U,6.6,5.05,1.4,4,4,2,5,8,2.0,1.0,0.0,0.0,6.0,3.0,3.0,4.0,2.0,2.0,2.0,1.0,1.0,0.0,0.0,0.0,0.0,0.0,0.0,28.6,42.9,57.1,14.3,12.0,22.0,17.0,20.0,1483.9,1780.7
2025-11-30,2025,Celta,Espanol,0,1,A,U,1.98,3.42,3.73,4,2,4,3,8,0.0,1.0,1.0,1.0,4.0,3.0,1.0,6.0,2.0,4.0,-2.0,1.0,-3.0,0.0,1.0,-1.0,1.0,0.0,1.0,0.0,28.6,20.0,40.0,8.0,17.0,9.0,15.0,1542.6,1511.3
2025-11-29,2025,Mallorca,Osasuna,2,2,D,O,2.34,3.03,3.3,4,2,2,8,7,2.0,0.0,0.0,2.0,3.0,0.0,3.0,1.0,2.0,-1.0,2.0,-2.0,4.0,0.0,0.0,0.0,0.0,0.0,0.0,33.3,16.7,0.0,85.7,11.0,10.0,10.0,10.0,1483.5,1498.8
2025-11-29,2025,Levante,Ath Bilbao,0,2,A,U,3.41,3.36,2.14,4,4,4,2,6,0.0,0.0,3.0,2.0,2.0,2.0,0.0,9.0,7.0,2.0,-7.0,-5.0,-2.0,0.0,0.0,0.0,2.0,1.0,1.0,0.0,80.0,16.7,66.7,9.0,7.0,16.0,11.0,1441.5,1597.4
2025-11-29,2025,Barcelona,Alaves,3,1,H,O,1.19,7.14,12.97,6,2,5,4,7,3.0,0.0,0.0,3.0,9.0,0.0,9.0,2.0,3.0,-1.0,7.0,-3.0,10.0,2.0,0.0,2.0,0.0,0.0,0.0,100.0,0.0,16.7,66.7,21.0,10.0,22.0,14.0,1767.8,1482.6
2025-11-29,2025,Ath Madrid,Oviedo,2,0,H,U,1.21,6.16,14.78,8,1,7,2,8,3.0,1.0,0.0,1.0,7.0,5.0,2.0,1.0,5.0,-4.0,6.0,0.0,6.0,2.0,0.0,2.0,0.0,0.0,0.0,85.7,0.0,16.7,66.7,25.0,11.0,34.0,12.0,1703.4,1465.0
2025-11-28,2025,Getafe,Elche,1,0,H,U,2.19,2.91,3.84,6,4,3,5,7,1.0,0.0,2.0,3.0,2.0,2.0,0.0,3.0,7.0,-4.0,-1.0,-5.0,4.0,0.0,0.0,0.0,0.0,2.0,-2.0,33.3,33.3,0.0,50.0,6.0,10.0,15.0,9.0,1482.1,1459.9
2025-11-24,2025,Espanol,Sevilla,2,1,H,O,2.07,3.29,3.59,5,6,4,13,8,1.0,1.0,2.0,2.0,2.0,2.0,0.0,4.0,5.0,-1.0,-2.0,-3.0,1.0,0.0,0.0,0.0,1.0,1.0,0.0,57.1,28.6,50.0,50.0,15.0,4.0,18.0,17.0,1501.6,1490.8
2025-11-23,2025,Oviedo,Vallecano,0,0,D,U,3.35,3.23,2.19,3,3,5,6,7,0.0,2.0,2.0,1.0,0.0,4.0,-4.0,4.0,4.0,0.0,-4.0,0.0,-4.0,0.0,1.0,-1.0,2.0,1.0,1.0,16.7,66.7,42.9,57.1,8.0,10.0,16.0,14.0,1463.0,1532.6
2025-11-23,2025,Getafe,Ath Madrid,0,1,A,U,5.1,3.41,1.74,1,6,6,7,6,1.0,1.0,1.0,0.0,3.0,4.0,-1.0,3.0,2.0,1.0,0.0,2.0,-2.0,0.0,1.0,-1.0,0.0,0.0,0.0,40.0,20.0,20.0,20.0,9.0,12.0,15.0,14.0,1486.7,1698.8
2025-11-23,2025,Elche,Real Madrid,2,2,D,O,7.48,5.27,1.35,6,7,2,8,7,1.0,1.0,0.0,1.0,3.0,3.0,0.0,2.0,5.0,-3.0,1.0,-2.0,3.0,0.0,0.0,0.0,0.0,1.0,-1.0,50.0,0.0,66.7,16.7,16.0,17.0,14.0,14.0,1452.4,1788.1
2025-11-23,2025,Betis,Girona,1,1,D,U,1.53,4.35,5.46,7,4,8,0,7,2.0,0.0,1.0,2.0,5.0,3.0,2.0,2.0,5.0,-3.0,3.0,-2.0,5.0,2.0,0.0,2.0,1.0,0.0,1.0,66.7,33.3,0.0,60.0,19.0,11.0,11.0,9.0,1605.7,1480.5
2025-11-22,2025,Villarreal,Mallorca,2,1,H,O,1.43,4.65,7.07,7,3,3,1,7,2.0,1.0,0.0,2.0,7.0,4.0,3.0,2.0,6.0,-4.0,5.0,-2.0,7.0,1.0,1.0,0.0,0.0,1.0,-1.0,83.3,0.0,16.7,83.3,15.0,9.0,14.0,9.0,1673.5,1488.6
2025-11-22,2025,Osasuna,Sociedad,1,3,A,O,2.75,3.09,2.68,4,9,3,3,6,1.0,0.0,1.0,1.0,5.0,3.0,2.0,5.0,4.0,1.0,0.0,-1.0,1.0,0.0,0.0,0.0,0.0,0.0,0.0,60.0,20.0,0.0,50.0,12.0,14.0,9.0,14.0,1508.6,1516.9
2025-11-22,2025,Barcelona,Ath Bilbao,4,0,H,O,1.41,5.01,6.7,7,2,5,7,6,3.0,0.0,0.0,2.0,7.0,2.0,5.0,3.0,4.0,-1.0,4.0,-2.0,6.0,1.0,0.0,1.0,0.0,0.0,0.0,100.0,0.0,20.0,60.0,26.0,9.0,29.0,9.0,1762.1,1603.1
2025-11-22,2025,Alaves,Celta,0,1,A,U,2.56,3.04,2.94,2,4,4,2,7,2.0,2.0,0.0,1.0,5.0,6.0,-1.0,2.0,5.0,-3.0,3.0,1.0,2.0,1.0,0.0,1.0,0.0,0.0,0.0,50.0,16.7,40.0,20.0,12.0,13.0,22.0,8.0,1491.4,1533.8
2025-11-21,2025,Valencia,Levante,1,0,H,U,2.0,3.53,3.66,3,1,7,0,7,0.0,1.0,2.0,1.0,2.0,4.0,-2.0,5.0,4.0,1.0,-3.0,0.0,-3.0,0.0,1.0,-1.0,1.0,1.0,0.0,33.3,33.3,28.6,42.9,12.0,13.0,19.0,11.0,1502.9,1450.0
2025-11-09,2025,Vallecano,Real Madrid,0,0,D,U,5.93,4.64,1.47,2,5,5,8,5,1.0,2.0,1.0,1.0,2.0,7.0,-5.0,2.0,6.0,-4.0,0.0,1.0,-1.0,0.0,1.0,-1.0,0.0,1.0,-1.0,25.0,25.0,80.0,20.0,16.0,22.0,24.0,13.0,1526.1,1794.6
2025-11-09,2025,Valencia,Betis,1,1,D,U,3.17,3.36,2.22,4,2,7,2,6,1.0,1.0,2.0,0.0,3.0,6.0,-3.0,4.0,5.0,-1.0,-1.0,1.0,-2.0,1.0,0.0,1.0,1.0,0.0,1.0,40.0,40.0,20.0,0.0,13.0,15.0,17.0,23.0,1499.9,1608.7
2025-11-09,2025,Mallorca,Getafe,1,0,H,U,2.47,2.84,3.25,4,3,1,14,6,1.0,1.0,0.0,2.0,3.0,2.0,1.0,2.0,5.0,-3.0,1.0,-3.0,4.0,0.0,0.0,0.0,0.0,1.0,-1.0,20.0,20.0,50.0,50.0,10.0,7.0,12.0,13.0,1478.1,1497.2
2025-11-09,2025,Celta,Barcelona,2,4,A,O,4.59,4.29,1.63,3,9,2,5,7,0.0,1.0,0.0,2.0,3.0,5.0,-2.0,3.0,7.0,-4.0,0.0,-2.0,2.0,0.0,1.0,-1.0,0.0,1.0,-1.0,0.0,16.7,50.0,33.3,12.0,24.0,17.0,19.0,1538.2,1757.7
2025-11-09,2025,Ath Bilbao,Oviedo,1,0,H,U,1.48,3.9,7.53,7,2,7,4,7,1.0,1.0,1.0,1.0,3.0,5.0,-2.0,3.0,5.0,-2.0,0.0,0.0,0.0,0.0,0.0,0.0,0.0,0.0,0.0,50.0,33.3,20.0,60.0,14.0,13.0,16.0,11.0,1596.7,1469.5
2025-11-08,2025,Sevilla,Osasuna,1,0,H,U,2.16,3.21,3.52,4,3,5,6,6,1.0,0.0,2.0,2.0,6.0,0.0,6.0,6.0,3.0,3.0,0.0,-3.0,3.0,1.0,0.0,1.0,1.0,1.0,0.0,20.0,60.0,0.0,83.3,11.0,8.0,19.0,9.0,1479.6,1519.7
2025-11-08,2025,Girona,Alaves,1,0,H,U,2.41,3.16,3.05,2,5,6,1,7,1.0,0.0,0.0,2.0,5.0,1.0,4.0,4.0,3.0,1.0,1.0,-2.0,3.0,0.0,0.0,0.0,0.0,0.0,0.0,16.7,50.0,20.0,60.0,13.0,9.0,19.0,20.0,1469.6,1502.4
2025-11-08,2025,Espanol,Villarreal,0,2,A,U,2.82,3.54,2.37,3,3,4,2,7,1.0,2.0,1.0,1.0,4.0,5.0,-1.0,4.0,4.0,0.0,0.0,1.0,-1.0,0.0,1.0,-1.0,0.0,1.0,-1.0,66.7,16.7,40.0,40.0,22.0,12.0,22.0,8.0,1507.3,1667.8
2025-11-08,2025,Ath Madrid,Levante,3,1,H,O,1.21,6.53,12.28,10,3,21,4,7,3.0,1.0,0.0,0.0,9.0,4.0,5.0,2.0,2.0,0.0,7.0,2.0,5.0,2.0,1.0,1.0,0.0,0.0,0.0,83.3,0.0,33.3,33.3,22.0,13.0,20.0,9.0,1694.8,1454.0
2025-11-07,2025,Elche,Sociedad,1,1,D,U,2.71,3.13,2.7,3,5,1,3,6,2.0,0.0,0.0,2.0,3.0,3.0,0.0,1.0,6.0,-5.0,2.0,-3.0,5.0,0.0,0.0,0.0,0.0,1.0,-1.0,60.0,0.0,0.0,60.0,18.0,14.0,16.0,16.0,1450.5,1518.9
2025-11-03,2025,Oviedo,Osasuna,0,0,D,U,2.95,3.01,2.52,2,5,4,2,6,0.0,0.0,3.0,3.0,1.0,1.0,0.0,7.0,5.0,2.0,-6.0,-4.0,-2.0,0.0,0.0,0.0,3.0,1.0,2.0,20.0,80.0,0.0,100.0,9.0,6.0,18.0,7.0,1467.9,1521.3
2025-11-02,2025,Levante,Celta,1,2,A,O,2.81,3.35,2.43,3,6,4,4,5,0.0,1.0,2.0,1.0,3.0,5.0,-2.0,9.0,5.0,4.0,-6.0,0.0,-6.0,0.0,0.0,0.0,2.0,0.0,2.0,0.0,75.0,25.0,25.0,8.0,12.0,16.0,11.0,1462.0,1530.2
2025-11-02,2025,Betis,Mallorca,3,0,H,O,1.58,4.02,5.42,8,1,4,5,6,2.0,1.0,1.0,2.0,5.0,4.0,1.0,3.0,4.0,-1.0,2.0,0.0,2.0,2.0,1.0,1.0,1.0,0.0,1.0,60.0,40.0,20.0,80.0,17.0,11.0,10.0,6.0,1601.9,1484.8
2025-11-02,2025,Barcelona,Elche,3,1,H,O,1.21,6.46,12.22,5,3,6,3,5,3.0,0.0,0.0,2.0,7.0,2.0,5.0,2.0,5.0,-3.0,5.0,-3.0,8.0,1.0,0.0,1.0,0.0,1.0,-1.0,100.0,0.0,0.0,40.0,28.0,11.0,26.0,9.0,1754.7,1453.5
2025-11-02,2025,Alaves,Espanol,2,1,H,O,2.38,3.01,3.24,4,2,1,6,6,1.0,1.0,1.0,1.0,4.0,2.0,2.0,3.0,2.0,1.0,1.0,0.0,1.0,1.0,1.0,0.0,0.0,1.0,-1.0,40.0,20.0,25.0,25.0,13.0,16.0,25.0,12.0,1491.6,1518.1
2025-11-01,2025,Villarreal,Vallecano,4,0,H,O,1.69,3.85,4.8,7,3,3,5,6,2.0,2.0,0.0,1.0,5.0,6.0,-1.0,3.0,3.0,0.0,2.0,3.0,-1.0,0.0,1.0,-1.0,0.0,0.0,0.0,80.0,0.0,50.0,50.0,16.0,10.0,18.0,15.0,1661.4,1532.6
2025-11-01,2025,Sociedad,Ath Bilbao,3,2,H,O,2.74,2.98,2.77,5,4,6,2,6,2.0,0.0,1.0,2.0,3.0,0.0,3.0,2.0,3.0,-1.0,1.0,-3.0,4.0,0.0,0.0,0.0,0.0,1.0,-1.0,40.0,40.0,25.0,50.0,10.0,10.0,19.0,13.0,1506.0,1609.5
2025-11-01,2025,Real Madrid,Valencia,4,0,H,O,1.17,7.58,14.28,11,1,7,1,6,3.0,0.0,0.0,1.0,7.0,3.0,4.0,2.0,4.0,-2.0,5.0,-1.0,6.0,2.0,0.0,2.0,0.0,0.0,0.0,100.0,0.0,0.0,60.0,22.0,10.0,21.0,10.0,1791.4,1503.0
2025-11-01,2025,Ath Madrid,Sevilla,3,0,H,O,1.32,5.3,8.78,6,2,9,4,6,3.0,2.0,0.0,1.0,9.0,4.0,5.0,4.0,3.0,1.0,5.0,1.0,4.0,1.0,0.0,1.0,0.0,0.0,0.0,80.0,0.0,60.0,40.0,24.0,5.0,19.0,17.0,1690.1,1484.3
2025-10-31,2025,Getafe,Girona,2,1,H,O,2.15,2.95,3.91,4,4,8,3,5,0.0,0.0,1.0,1.0,2.0,3.0,-1.0,3.0,4.0,-1.0,-1.0,-1.0,0.0,0.0,0.0,0.0,0.0,0.0,0.0,25.0,25.0,0.0,50.0,6.0,15.0,9.0,9.0,1487.5,1479.3
2025-10-27,2025,Betis,Ath Madrid,0,2,A,U,3.1,3.52,2.17,5,4,2,5,5,2.0,0.0,1.0,0.0,6.0,3.0,3.0,3.0,3.0,0.0,3.0,0.0,3.0,2.0,0.0,2.0,0.0,0.0,0.0,75.0,25.0,0.0,25.0,14.0,14.0,12.0,15.0,1609.9,1682.2
2025-10-26,2025,Vallecano,Alaves,1,0,H,U,2.08,3.06,3.88,5,2,7,5,4,0.0,1.0,1.0,1.0,2.0,2.0,0.0,3.0,2.0,1.0,-1.0,0.0,-1.0,0.0,0.0,0.0,0.0,0.0,0.0,0.0,33.3,25.0,50.0,17.0,9.0,26.0,21.0,1523.2,1501.0
2025-10-26,2025,Real Madrid,Barcelona,2,1,H,O,1.99,4.07,3.16,10,6,12,4,5,3.0,1.0,0.0,1.0,7.0,5.0,2.0,2.0,6.0,-4.0,5.0,-1.0,6.0,2.0,1.0,1.0,0.0,1.0,-1.0,100.0,0.0,60.0,20.0,19.0,21.0,13.0,19.0,1781.9,1764.2
2025-10-26,2025,Osasuna,Celta,2,3,A,O,2.36,3.17,3.08,7,5,6,2,5,2.0,0.0,0.0,1.0,5.0,3.0,2.0,2.0,4.0,-2.0,3.0,-1.0,4.0,1.0,0.0,1.0,0.0,0.0,0.0,75.0,0.0,0.0,33.3,12.0,9.0,6.0,13.0,1531.6,1519.8
2025-10-26,2025,Mallorca,Levante,1,1,D,U,2.1,3.26,3.58,4,5,5,4,5,1.0,2.0,0.0,0.0,3.0,7.0,-4.0,2.0,1.0,1.0,1.0,6.0,-5.0,0.0,2.0,-2.0,0.0,0.0,0.0,25.0,25.0,40.0,40.0,10.0,15.0,10.0,9.0,1485.5,1461.3
2025-10-25,2025,Valencia,Villarreal,0,2,A,U,3.19,3.47,2.18,3,5,7,5,5,2.0,1.0,1.0,2.0,6.0,3.0,3.0,2.0,6.0,-4.0,4.0,-3.0,7.0,2.0,0.0,2.0,0.0,2.0,-2.0,50.0,25.0,25.0,50.0,14.0,8.0,18.0,6.0,1509.1,1655.4
2025-10-25,2025,Girona,Oviedo,3,3,D,O,1.8,3.52,4.6,6,5,11,4,6,1.0,1.0,1.0,2.0,2.0,2.0,0.0,5.0,4.0,1.0,-3.0,-2.0,-1.0,0.0,0.0,0.0,1.0,1.0,0.0,20.0,60.0,25.0,75.0,8.0,9.0,13.0,10.0,1479.7,1467.6
2025-10-25,2025,Espanol,Elche,1,0,H,U,1.97,3.34,3.91,7,4,4,2,6,1.0,0.0,1.0,1.0,6.0,4.0,2.0,6.0,6.0,0.0,0.0,-2.0,2.0,0.0,0.0,0.0,0.0,1.0,-1.0,60.0,20.0,0.0,25.0,18.0,9.0,21.0,9.0,1509.4,1462.1
2025-10-25,2025,Ath Bilbao,Getafe,0,1,A,U,1.65,3.49,6.08,4,3,1,5,6,1.0,0.0,1.0,3.0,3.0,1.0,2.0,3.0,8.0,-5.0,0.0,-7.0,7.0,0.0,0.0,0.0,0.0,2.0,-2.0,60.0,20.0,40.0,60.0,13.0,5.0,21.0,14.0,1623.6,1473.4
2025-10-24,2025,Sociedad,Sevilla,2,1,H,O,1.99,3.42,3.81,3,1,1,9,5,1.0,3.0,2.0,0.0,2.0,5.0,-3.0,3.0,1.0,2.0,-1.0,4.0,-5.0,0.0,1.0,-1.0,0.0,0.0,0.0,25.0,50.0,75.0,25.0,11.0,8.0,30.0,11.0,1496.0,1494.3
2025-10-20,2025,Alaves,Valencia,0,0,D,U,2.25,3.06,3.4,3,2,7,0,5,1.0,0.0,1.0,2.0,5.0,3.0,2.0,4.0,10.0,-6.0,1.0,-7.0,8.0,1.0,0.0,1.0,0.0,1.0,-1.0,50.0,25.0,0.0,75.0,12.0,9.0,19.0,14.0,1500.7,1509.3
2025-10-19,2025,Levante,Vallecano,0,3,A,O,2.75,3.33,2.5,4,5,11,4,4,0.0,1.0,2.0,2.0,5.0,3.0,2.0,9.0,5.0,4.0,-4.0,-2.0,-2.0,0.0,0.0,0.0,1.0,1.0,0.0,0.0,66.7,40.0,60.0,9.0,11.0,5.0,17.0,1470.1,1514.5
2025-10-19,2025,Getafe,Real Madrid,0,1,A,U,7.63,4.38,1.42,1,10,1,4,4,1.0,2.0,0.0,1.0,4.0,8.0,-4.0,2.0,7.0,-5.0,2.0,1.0,1.0,1.0,1.0,0.0,0.0,1.0,-1.0,33.3,0.0,75.0,25.0,8.0,18.0,12.0,13.0,1476.4,1779.0
2025-10-19,2025,Elche,Ath Bilbao,0,0,D,U,3.58,3.2,2.12,5,1,6,2,5,3.0,1.0,0.0,2.0,5.0,2.0,3.0,1.0,4.0,-3.0,4.0,-2.0,6.0,1.0,0.0,1.0,0.0,1.0,-1.0,75.0,0.0,33.3,66.7,18.0,15.0,14.0,21.0,1457.6,1628.2
2025-10-19,2025,Celta,Sociedad,1,1,D,U,2.1,3.33,3.46,1,7,1,10,6,0.0,0.0,0.0,3.0,3.0,2.0,1.0,3.0,6.0,-3.0,0.0,-4.0,4.0,0.0,0.0,0.0,0.0,1.0,-1.0,0.0,20.0,0.0,75.0,13.0,13.0,17.0,16.0,1520.5,1495.3
2025-10-18,2025,Villarreal,Betis,2,2,D,O,1.88,3.73,3.87,3,3,5,6,5,3.0,1.0,0.0,0.0,8.0,5.0,3.0,1.0,4.0,-3.0,7.0,1.0,6.0,1.0,0.0,1.0,0.0,0.0,0.0,100.0,0.0,25.0,0.0,20.0,14.0,21.0,21.0,1656.7,1608.5
2025-10-18,2025,Sevilla,Mallorca,1,3,A,O,1.85,3.39,4.46,4,6,9,2,5,1.0,0.0,1.0,3.0,7.0,3.0,4.0,5.0,6.0,-1.0,2.0,-3.0,5.0,1.0,0.0,1.0,0.0,0.0,0.0,25.0,50.0,0.0,100.0,10.0,15.0,12.0,13.0,1505.1,1474.7
2025-10-18,2025,Barcelona,Girona,2,1,H,O,1.19,7.39,12.16,9,4,11,5,4,3.0,0.0,0.0,1.0,11.0,2.0,9.0,1.0,7.0,-6.0,10.0,-5.0,15.0,2.0,0.0,2.0,0.0,1.0,-1.0,100.0,0.0,0.0,33.3,29.0,13.0,20.0,5.0,1760.9,1483.0
2025-10-18,2025,Ath Madrid,Osasuna,1,0,H,U,1.37,4.68,8.72,9,2,4,2,5,3.0,0.0,0.0,3.0,10.0,1.0,9.0,4.0,5.0,-1.0,6.0,-4.0,10.0,2.0,0.0,2.0,0.0,1.0,-1.0,75.0,0.0,0.0,100.0,18.0,7.0,23.0,8.0,1676.0,1537.8
2025-10-17,2025,Oviedo,Espanol,0,2,A,U,2.98,3.02,2.53,4,10,3,5,5,1.0,0.0,2.0,1.0,2.0,2.0,0.0,5.0,4.0,1.0,-3.0,-2.0,-1.0,0.0,0.0,0.0,2.0,1.0,1.0,25.0,75.0,0.0,33.3,6.0,9.0,16.0,9.0,1476.9,1500.1
2025-10-05,2025,Sociedad,Vallecano,0,1,A,U,2.04,3.34,3.59,3,2,7,5,4,1.0,0.0,1.0,3.0,4.0,2.0,2.0,4.0,6.0,-2.0,0.0,-4.0,4.0,0.0,0.0,0.0,0.0,1.0,-1.0,33.3,33.3,25.0,75.0,15.0,10.0,28.0,18.0,1505.3,1504.5
2025-10-05,2025,Sevilla,Barcelona,4,1,H,O,5.84,4.97,1.45,5,8,7,6,4,0.0,2.0,2.0,0.0,4.0,7.0,-3.0,6.0,4.0,2.0,-2.0,3.0,-5.0,0.0,1.0,-1.0,0.0,0.0,0.0,0.0,66.7,75.0,0.0,8.0,23.0,10.0,24.0,1488.3,1777.7
2025-10-05,2025,Espanol,Betis,1,2,A,O,2.57,3.38,2.63,5,3,10,5,5,2.0,0.0,0.0,0.0,6.0,4.0,2.0,4.0,4.0,0.0,2.0,0.0,2.0,0.0,0.0,0.0,0.0,0.0,0.0,75.0,0.0,0.0,0.0,17.0,15.0,13.0,19.0,1507.4,1601.1
2025-10-05,2025,Celta,Ath Madrid,1,1,D,U,4.34,3.74,1.77,4,1,6,3,5,0.0,0.0,0.0,1.0,3.0,3.0,0.0,3.0,4.0,-1.0,0.0,-1.0,1.0,0.0,0.0,0.0,0.0,0.0,0.0,0.0,25.0,0.0,33.3,14.0,17.0,21.0,15.0,1516.1,1680.4
2025-10-05,2025,Alaves,Elche,3,1,H,O,2.34,3.01,3.26,5,3,14,4,4,1.0,0.0,1.0,0.0,4.0,4.0,0.0,4.0,4.0,0.0,0.0,0.0,0.0,0.0,0.0,0.0,0.0,0.0,0.0,33.3,33.3,0.0,0.0,11.0,8.0,15.0,7.0,1491.4,1466.9
2025-10-04,2025,Real Madrid,Villarreal,3,1,H,O,1.44,4.98,6.1,7,2,4,0,4,3.0,1.0,0.0,1.0,5.0,3.0,2.0,1.0,4.0,-3.0,4.0,-1.0,5.0,1.0,0.0,1.0,0.0,1.0,-1.0,100.0,0.0,33.3,33.3,17.0,9.0,16.0,11.0,1772.0,1663.7
2025-10-04,2025,Oviedo,Levante,0,2,A,U,2.48,3.26,2.86,2,5,9,3,4,1.0,1.0,2.0,1.0,2.0,5.0,-3.0,6.0,3.0,3.0,-4.0,2.0,-6.0,0.0,1.0,-1.0,2.0,1.0,1.0,33.3,66.7,25.0,50.0,7.0,11.0,8.0,8.0,1487.8,1459.2
2025-10-04,2025,Girona,Valencia,2,1,H,O,2.43,3.37,2.84,4,6,0,7,5,0.0,0.0,2.0,2.0,0.0,2.0,-2.0,6.0,9.0,-3.0,-6.0,-7.0,1.0,0.0,0.0,0.0,2.0,1.0,1.0,0.0,75.0,0.0,66.7,9.0,4.0,24.0,11.0,1471.6,1520.7
2025-10-04,2025,Ath Bilbao,Mallorca,2,1,H,O,1.52,3.92,6.8,5,2,7,2,5,1.0,0.0,1.0,3.0,2.0,3.0,-1.0,2.0,6.0,-4.0,0.0,-3.0,3.0,0.0,0.0,0.0,0.0,0.0,0.0,50.0,25.0,0.0,100.0,12.0,18.0,17.0,16.0,1622.0,1480.8
2025-10-03,2025,Osasuna,Getafe,2,1,H,O,2.15,2.86,4.1,3,2,1,6,4,2.0,1.0,0.0,2.0,4.0,2.0,2.0,1.0,7.0,-6.0,3.0,-5.0,8.0,1.0,0.0,1.0,0.0,2.0,-2.0,66.7,0.0,50.0,50.0,13.0,9.0,8.0,11.0,1529.1,1485.1
2025-09-30,2025,Valencia,Oviedo,1,2,A,O,1.68,3.64,5.11,5,4,5,4,4,2.0,0.0,0.0,3.0,6.0,0.0,6.0,1.0,5.0,-4.0,5.0,-5.0,10.0,2.0,0.0,2.0,0.0,2.0,-2.0,66.7,0.0,0.0,100.0,11.0,9.0,21.0,7.0,1532.3,1476.1
2025-09-28,2025,Vallecano,Sevilla,0,1,A,U,2.0,3.28,3.8,6,1,12,4,3,,2.0,,1.0,,6.0,,,4.0,,,2.0,,,1.0,,,0.0,,0.0,0.0,66.7,33.3,,13.0,,8.0,1515.6,1477.2
2025-09-28,2025,Elche,Celta,2,1,H,O,2.78,3.14,2.57,8,2,7,2,4,2.0,,0.0,,4.0,,,1.0,,,3.0,,,1.0,,,0.0,,,66.7,0.0,0.0,0.0,12.0,,8.0,,1454.8,1528.2
2025-09-28,2025,Betis,Osasuna,2,0,H,U,1.75,3.68,4.5,6,1,5,5,4,2.0,0.0,1.0,3.0,5.0,1.0,4.0,3.0,4.0,-1.0,2.0,-3.0,5.0,1.0,0.0,1.0,0.0,0.0,0.0,66.7,33.3,0.0,100.0,13.0,6.0,12.0,3.0,1592.7,1537.5
2025-09-28,2025,Barcelona,Sociedad,2,1,H,O,1.27,5.88,9.61,12,2,12,1,3,,0.0,,2.0,,2.0,,,5.0,,,-3.0,,,0.0,,,1.0,,100.0,0.0,0.0,66.7,,14.0,,22.0,1774.1,1508.9
2025-09-27,2025,Villarreal,Ath Bilbao,1,0,H,U,2.08,3.3,3.64,5,4,6,5,4,3.0,,0.0,,9.0,,,1.0,,,8.0,,,2.0,,,0.0,,,100.0,0.0,50.0,50.0,25.0,,25.0,,1654.4,1631.4
2025-09-27,2025,Mallorca,Alaves,1,0,H,U,2.33,2.97,3.4,3,3,4,8,4,0.0,1.0,1.0,1.0,2.0,2.0,0.0,5.0,2.0,3.0,-3.0,0.0,-3.0,0.0,0.0,0.0,1.0,0.0,1.0,0.0,33.3,33.3,33.3,8.0,11.0,9.0,15.0,1469.9,1502.3
2025-09-27,2025,Getafe,Levante,1,1,D,U,2.05,3.13,3.95,4,3,6,2,3,,1.0,,2.0,,5.0,,,4.0,,,1.0,,,1.0,,,1.0,,50.0,0.0,33.3,66.7,,11.0,,7.0,1485.9,1458.5
2025-09-27,2025,Ath Madrid,Real Madrid,5,2,H,O,2.94,3.53,2.29,7,2,7,2,4,2.0,3.0,0.0,0.0,6.0,9.0,-3.0,3.0,2.0,1.0,3.0,7.0,-4.0,1.0,2.0,-1.0,0.0,0.0,0.0,66.7,0.0,100.0,0.0,17.0,26.0,26.0,20.0,1667.1,1785.2
2025-09-26,2025,Girona,Espanol,0,0,D,U,2.44,3.31,2.87,3,5,8,4,4,0.0,,3.0,,1.0,,,9.0,,,-8.0,,,0.0,,,3.0,,,0.0,100.0,0.0,50.0,8.0,,18.0,,1470.5,1508.5
2025-09-25,2025,Oviedo,Barcelona,1,3,A,O,9.68,6.19,1.25,3,10,6,9,3,,2.0,,0.0,,7.0,,,3.0,,,4.0,,,1.0,,,0.0,,50.0,50.0,66.7,0.0,,21.0,,21.0,1479.3,1771.0
2025-09-25,2025,Osasuna,Elche,1,1,D,U,1.97,3.12,4.21,2,4,2,3,3,,,,,,,,,,,,,,,,,,,,100.0,0.0,0.0,0.0,,,,,1540.0,1452.3
2025-09-24,2025,Sociedad,Mallorca,1,0,H,U,1.79,3.49,4.69,4,3,11,2,3,,,,,,,,,,,,,,,,,,,,0.0,50.0,0.0,100.0,,,,,1499.5,1479.3
2025-09-24,2025,Getafe,Alaves,1,1,D,U,2.3,2.87,3.6,1,4,2,7,2,,,,,,,,,,,,,,,,,,,,100.0,0.0,50.0,50.0,,,,,1485.4,1502.8
2025-09-24,2025,Ath Madrid,Vallecano,3,2,H,O,1.5,4.25,6.31,8,3,8,6,3,,1.0,,2.0,,3.0,,,4.0,,,-1.0,,,1.0,,,1.0,,50.0,0.0,33.3,66.7,,12.0,,16.0,1660.9,1521.8
2025-09-23,2025,Sevilla,Villarreal,1,2,A,O,3.07,3.29,2.32,2,5,3,3,3,,,,,,,,,,,,,,,,,,,,0.0,50.0,0.0,50.0,,,,,1482.8,1648.8
2025-09-23,2025,Levante,Real Madrid,1,4,A,O,8.29,5.69,1.31,2,10,1,7,3,,,,,,,,,,,,,,,,,,,,0.0,50.0,100.0,0.0,,,,,1461.2,1782.5
2025-09-23,2025,Espanol,Valencia,2,2,D,O,2.26,3.18,3.3,10,2,8,3,4,3.0,,0.0,,6.0,,,3.0,,,3.0,,,0.0,,,0.0,,,100.0,0.0,0.0,100.0,12.0,,6.0,,1507.8,1533.1
2025-09-23,2025,Ath Bilbao,Girona,1,1,D,U,1.44,4.39,7.23,5,3,8,1,4,2.0,,1.0,,4.0,,,3.0,,,1.0,,,0.0,,,0.0,,,66.7,33.3,0.0,50.0,10.0,,19.0,,1635.9,1466.0
2025-09-21,2025,Vallecano,Celta,1,1,D,U,2.31,3.23,3.09,5,5,5,7,2,,,,,,,,,,,,,,,,,,,,0.0,0.0,0.0,0.0,,,,,1521.6,1528.4
2025-09-21,2025,Mallorca,Ath Madrid,1,1,D,U,5.05,3.51,1.72,3,7,3,6,3,,,,,,,,,,,,,,,,,,,,0.0,50.0,0.0,50.0,,,,,1474.3,1665.9
2025-09-21,2025,Elche,Oviedo,1,0,H,U,1.93,3.14,4.3,5,4,3,3,3,,,,,,,,,,,,,,,,,,,,50.0,0.0,0.0,100.0,,,,,1440.9,1490.7
2025-09-21,2025,Barcelona,Getafe,3,0,H,O,1.22,6.27,11.89,7,2,3,2,2,,2.0,,1.0,,4.0,,,4.0,,,0.0,,,1.0,,,1.0,,100.0,0.0,66.7,33.3,,10.0,,12.0,1767.6,1488.8
2025-09-20,2025,Villarreal,Osasuna,2,1,H,O,1.55,4.2,5.76,8,3,7,0,3,,,,,,,,,,,,,,,,,,,,100.0,0.0,0.0,100.0,,,,,1641.5,1547.3
2025-09-20,2025,Valencia,Ath Bilbao,2,0,H,U,3.02,3.07,2.48,5,5,5,6,3,,,,,,,,,,,,,,,,,,,,50.0,0.0,100.0,0.0,,,,,1519.5,1649.5
2025-09-20,2025,Real Madrid,Espanol,2,0,H,U,1.2,6.67,13.36,5,1,5,3,3,,,,,,,,,,,,,,,,,,,,100.0,0.0,0.0,0.0,,,,,1779.0,1511.3
2025-09-20,2025,Girona,Levante,0,4,A,O,1.93,3.51,3.95,1,7,5,4,3,,,,,,,,,,,,,,,,,,,,0.0,100.0,0.0,100.0,,,,,1476.8,1450.4
2025-09-20,2025,Alaves,Sevilla,1,2,A,O,2.3,3.11,3.29,5,3,4,4,3,,,,,,,,,,,,,,,,,,,,50.0,0.0,50.0,50.0,,,,,1514.1,1471.6
2025-09-19,2025,Betis,Sociedad,3,1,H,O,1.93,3.6,3.8,6,5,3,5,3,,,,,,,,,,,,,,,,,,,,50.0,50.0,0.0,50.0,,,,,1584.9,1507.3
2025-09-15,2025,Espanol,Mallorca,3,2,H,O,2.14,3.22,3.46,3,10,3,9,3,,,,,,,,,,,,,,,,,,,,100.0,0.0,0.0,100.0,,,,,1501.9,1483.7
2025-09-14,2025,Osasuna,Vallecano,2,0,H,U,2.48,3.15,2.91,7,6,3,6,2,,,,,,,,,,,,,,,,,,,,100.0,0.0,50.0,50.0,,,,,1537.5,1531.4
2025-09-14,2025,Levante,Betis,2,2,D,O,3.18,3.26,2.25,2,9,4,12,2,,,,,,,,,,,,,,,,,,,,0.0,100.0,0.0,0.0,,,,,1446.5,1588.8
2025-09-14,2025,Celta,Girona,1,1,D,U,1.69,3.97,4.61,7,8,10,3,4,0.0,,1.0,,2.0,,,4.0,,,-2.0,,,0.0,,,1.0,,,0.0,33.3,0.0,100.0,10.0,,20.0,,1530.0,1475.2
2025-09-14,2025,Barcelona,Valencia,6,0,H,O,1.2,7.01,11.38,10,1,5,4,1,,,,,,,,,,,,,,,,,,,,,,0.0,100.0,,,,,1763.6,1523.5
2025-09-13,2025,Sociedad,Real Madrid,1,2,A,O,5.25,4.17,1.59,4,6,12,4,2,,,,,,,,,,,,,,,,,,,,0.0,0.0,100.0,0.0,,,,,1510.9,1775.4
2025-09-13,2025,Getafe,Oviedo,2,0,H,U,1.96,3.06,4.45,3,1,4,3,1,,,,,,,,,,,,,,,,,,,,,,0.0,100.0,,,,,1478.1,1501.4
2025-09-13,2025,Ath Madrid,Villarreal,2,0,H,U,1.81,3.7,4.28,3,1,8,3,2,,,,,,,,,,,,,,,,,,,,0.0,0.0,0.0,0.0,,,,,1656.0,1651.3
2025-09-13,2025,Ath Bilbao,Alaves,0,1,A,U,1.57,3.83,6.25,3,2,6,6,3,,,,,,,,,,,,,,,,,,,,100.0,0.0,0.0,100.0,,,,,1663.9,1499.7
2025-09-12,2025,Sevilla,Elche,2,2,D,O,1.85,3.4,4.47,3,2,2,2,2,,,,,,,,,,,,,,,,,,,,0.0,100.0,0.0,0.0,,,,,1472.5,1440.0
2025-08-31,2025,Vallecano,Barcelona,1,1,D,U,6.74,5.11,1.39,6,3,9,4,1,,,,,,,,,,,,,,,,,,,,,,100.0,0.0,,,,,1525.3,1769.7
2025-08-31,2025,Espanol,Osasuna,1,0,H,U,2.34,3.15,3.09,4,3,2,3,2,,,,,,,,,,,,,,,,,,,,100.0,0.0,0.0,100.0,,,,,1490.2,1549.2
2025-08-31,2025,Celta,Villarreal,1,1,D,U,2.71,3.53,2.43,2,3,1,5,3,,,,,,,,,,,,,,,,,,,,0.0,50.0,,,,,,,1526.4,1654.9
2025-08-31,2025,Betis,Ath Bilbao,1,2,A,O,2.95,3.15,2.46,2,6,4,10,2,,,,,,,,,,,,,,,,,,,,100.0,0.0,,,,,,,1597.1,1655.5
2025-08-30,2025,Real Madrid,Mallorca,2,1,H,O,1.18,6.96,14.97,7,5,4,5,2,,,,,,,,,,,,,,,,,,,,100.0,0.0,,,,,,,1772.2,1487.0
2025-08-30,2025,Oviedo,Sociedad,1,0,H,U,3.47,3.1,2.23,1,6,1,10,2,,,,,,,,,,,,,,,,,,,,0.0,100.0,0.0,0.0,,,,,1490.5,1521.8
2025-08-30,2025,Girona,Sevilla,0,2,A,U,2.42,3.29,2.94,5,4,11,3,2,,,,,,,,,,,,,,,,,,,,0.0,100.0,0.0,100.0,,,,,1485.9,1461.8
2025-08-30,2025,Alaves,Ath Madrid,1,1,D,U,4.64,3.55,1.78,2,6,1,6,2,,,,,,,,,,,,,,,,,,,,100.0,0.0,0.0,100.0,,,,,1495.2,1660.5
2025-08-29,2025,Valencia,Getafe,3,0,H,O,2.25,2.94,3.63,4,1,8,6,2,,,,,,,,,,,,,,,,,,,,0.0,0.0,100.0,0.0,,,,,1514.3,1487.3
2025-08-29,2025,Elche,Levante,2,0,H,U,2.17,3.19,3.52,5,1,4,2,2,,,,,,,,,,,,,,,,,,,,0.0,0.0,0.0,100.0,,,,,1429.2,1457.4
2025-08-27,2025,Celta,Betis,1,1,D,U,2.19,3.48,3.17,5,2,10,4,2,,,,,,,,,,,,,,,,,,,,0.0,100.0,0.0,0.0,,,,,1524.3,1599.3
2025-08-25,2025,Sevilla,Getafe,1,2,A,O,2.25,2.99,3.46,3,6,5,3,1,,,,,,,,,,,,,,,,,,,,,,100.0,0.0,,,,,1471.6,1477.5
2025-08-25,2025,Ath Bilbao,Vallecano,1,0,H,U,1.69,3.55,5.18,4,1,3,6,2,,,,,,,,,,,,,,,,,,,,100.0,0.0,100.0,0.0,,,,,1648.8,1532.1
2025-08-24,2025,Villarreal,Girona,5,0,H,O,1.52,4.28,5.69,7,2,8,1,2,,,,,,,,,,,,,,,,,,,,100.0,0.0,,,,,,,1649.1,1491.6
2025-08-24,2025,Sociedad,Espanol,2,2,D,O,1.81,3.39,4.6,7,3,5,2,1,,,,,,,,,,,,,,,,,,,,,,,,,,,,1522.7,1489.2
2025-08-24,2025,Oviedo,Real Madrid,0,3,A,O,9.67,5.24,1.3,3,10,1,9,1,,,,,,,,,,,,,,,,,,,,,,,,,,,,1493.9,1768.8
2025-08-24,2025,Osasuna,Valencia,1,0,H,U,2.36,3.11,3.13,4,1,3,4,1,,,,,,,,,,,,,,,,,,,,,,,,,,,,1539.6,1523.8
2025-08-23,2025,Mallorca,Celta,1,1,D,U,2.94,3.09,2.52,4,2,3,4,2,,,,,,,,,,,,,,,,,,,,0.0,100.0,,,,,,,1485.9,1525.4
2025-08-23,2025,Levante,Barcelona,2,3,A,O,10.44,6.51,1.24,5,10,0,11,1,,,,,,,,,,,,,,,,,,,,,,100.0,0.0,,,,,1460.3,1766.7
2025-08-23,2025,Ath Madrid,Elche,1,1,D,U,1.24,5.74,12.91,6,2,10,2,1,,,,,,,,,,,,,,,,,,,,,,,,,,,,1666.5,1423.1
2025-08-22,2025,Betis,Alaves,1,0,H,U,1.88,3.38,4.37,5,5,5,2,1,,,,,,,,,,,,,,,,,,,,,,,,,,,,1591.8,1502.7
2025-08-19,2025,Real Madrid,Osasuna,1,0,H,U,1.2,6.66,13.16,5,0,7,0,1,,,,,,,,,,,,,,,,,,,,,,,,,,,,1764.4,1544.0
2025-08-18,2025,Elche,Betis,1,1,D,U,3.33,3.27,2.17,2,4,1,3,1,,,,,,,,,,,,,,,,,,,,,,,,,,,,1418.4,1596.5
2025-08-17,2025,Espanol,Ath Madrid,2,1,H,O,6.25,3.86,1.55,5,4,1,3,1,,,,,,,,,,,,,,,,,,,,,,,,,,,,1473.9,1681.9
2025-08-17,2025,Celta,Getafe,0,2,A,U,1.71,3.48,5.25,3,3,9,3,1,,,,,,,,,,,,,,,,,,,,,,,,,,,,1537.5,1465.4
2025-08-17,2025,Ath Bilbao,Sevilla,3,2,H,O,1.55,3.91,6.17,3,6,10,1,1,,,,,,,,,,,,,,,,,,,,,,,,,,,,1643.2,1477.2
2025-08-16,2025,Valencia,Sociedad,1,1,D,U,2.55,2.89,3.07,2,3,8,7,1,,,,,,,,,,,,,,,,,,,,,,,,,,,,1523.8,1522.7
2025-08-16,2025,Mallorca,Barcelona,0,3,A,O,6.75,4.74,1.43,1,8,3,6,1,,,,,,,,,,,,,,,,,,,,,,,,,,,,1489.3,1763.3
2025-08-16,2025,Alaves,Levante,2,1,H,O,2.19,3.04,3.64,4,3,10,1,1,,,,,,,,,,,,,,,,,,,,,,,,,,,,1493.4,1469.6
2025-08-15,2025,Villarreal,Oviedo,2,0,H,U,1.38,4.74,8.11,10,4,10,1,1,,,,,,,,,,,,,,,,,,,,,,,,,,,,1643.0,1500.0
2025-08-15,2025,Girona,Vallecano,1,3,A,O,2.24,3.26,3.26,2,5,2,4,1,,,,,,,,,,,,,,,,,,,,,,,,,,,,1501.0,1522.7
2025-05-25,2024,Villarreal,Sevilla,4,2,H,O,1.46,4.89,6.15,7,6,3,5,19,3.0,0.0,0.0,3.0,8.0,2.0,6.0,2.0,5.0,-3.0,6.0,-3.0,9.0,2.0,0.0,2.0,0.0,0.0,0.0,44.4,16.7,22.2,50.0,17.0,18.0,13.0,13.0,1637.2,1483.0
2025-05-25,2024,Girona,Ath Madrid,0,4,A,O,3.71,3.75,1.95,1,11,1,8,19,1.0,0.0,2.0,2.0,2.0,0.0,2.0,4.0,3.0,1.0,-2.0,-3.0,1.0,0.0,0.0,0.0,1.0,1.0,0.0,38.9,44.4,38.9,27.8,11.0,9.0,18.0,14.0,1506.5,1676.4
2025-05-25,2024,Ath Bilbao,Barcelona,0,3,A,O,3.22,3.75,2.11,1,4,2,6,19,3.0,3.0,0.0,0.0,5.0,5.0,0.0,1.0,1.0,0.0,4.0,4.0,0.0,1.0,1.0,0.0,0.0,0.0,0.0,61.1,5.6,72.2,11.1,11.0,14.0,19.0,19.0,1650.3,1756.3
2025-05-24,2024,Vallecano,Mallorca,0,0,D,U,1.53,4.1,6.46,8,2,11,2,19,1.0,0.0,0.0,3.0,4.0,1.0,3.0,3.0,4.0,-1.0,1.0,-3.0,4.0,0.0,0.0,0.0,0.0,0.0,0.0,33.3,27.8,33.3,55.6,18.0,3.0,22.0,4.0,1523.7,1488.3
2025-05-24,2024,Real Madrid,Sociedad,2,0,H,U,1.42,5.04,6.72,8,1,11,4,19,3.0,0.0,0.0,2.0,6.0,2.0,4.0,3.0,7.0,-4.0,3.0,-5.0,8.0,0.0,0.0,0.0,0.0,1.0,-1.0,83.3,11.1,27.8,50.0,26.0,5.0,44.0,13.0,1760.2,1526.8
2025-05-24,2024,Leganes,Valladolid,3,0,H,O,1.32,5.42,9.4,6,2,3,4,19,1.0,0.0,1.0,3.0,4.0,4.0,0.0,4.0,11.0,-7.0,0.0,-7.0,7.0,0.0,0.0,0.0,0.0,2.0,-2.0,33.3,44.4,5.6,94.4,7.0,15.0,11.0,15.0,1469.6,1332.1
2025-05-24,2024,Getafe,Celta,1,2,A,O,4.22,3.65,1.86,1,8,2,6,19,0.0,1.0,3.0,2.0,1.0,6.0,-5.0,6.0,7.0,-1.0,-5.0,-1.0,-4.0,0.0,0.0,0.0,2.0,0.0,2.0,22.2,38.9,22.2,55.6,13.0,17.0,9.0,8.0,1473.9,1529.1
2025-05-24,2024,Espanol,Las Palmas,2,0,H,U,1.38,4.88,8.3,3,4,3,6,19,1.0,1.0,2.0,2.0,2.0,3.0,-1.0,4.0,3.0,1.0,-2.0,0.0,-2.0,0.0,1.0,-1.0,1.0,0.0,1.0,38.9,27.8,22.2,61.1,9.0,10.0,12.0,7.0,1465.7,1400.8
2025-05-24,2024,Alaves,Osasuna,1,1,D,U,3.2,3.2,2.36,5,5,5,9,19,2.0,1.0,0.0,1.0,2.0,6.0,-4.0,0.0,7.0,-7.0,2.0,-1.0,3.0,0.0,0.0,0.0,0.0,1.0,-1.0,33.3,38.9,11.1,38.9,8.0,15.0,18.0,17.0,1491.9,1545.6
2025-05-23,2024,Betis,Valencia,1,1,D,U,1.96,3.78,3.66,4,2,3,2,19,1.0,1.0,1.0,1.0,7.0,4.0,3.0,4.0,4.0,0.0,3.0,0.0,3.0,1.0,0.0,1.0,0.0,0.0,0.0,50.0,16.7,11.1,44.4,16.0,11.0,15.0,11.0,1598.7,1521.7
2025-05-18,2024,Valladolid,Alaves,0,1,A,U,5.73,3.84,1.62,1,4,5,9,19,0.0,1.0,3.0,1.0,3.0,2.0,1.0,6.0,2.0,4.0,-3.0,0.0,-3.0,0.0,0.0,0.0,0.0,0.0,0.0,16.7,61.1,16.7,50.0,13.0,7.0,15.0,13.0,1338.1,1485.9
2025-05-18,2024,Valencia,Ath Bilbao,0,1,A,U,2.24,2.99,3.73,2,4,5,3,19,2.0,1.0,0.0,1.0,5.0,2.0,3.0,1.0,1.0,0.0,4.0,1.0,3.0,1.0,1.0,0.0,0.0,0.0,0.0,50.0,27.8,38.9,22.2,19.0,4.0,11.0,9.0,1528.5,1643.5
2025-05-18,2024,Sociedad,Girona,3,2,H,O,2.13,3.08,3.88,9,5,9,2,19,0.0,1.0,2.0,1.0,0.0,3.0,-3.0,3.0,3.0,0.0,-3.0,0.0,-3.0,0.0,0.0,0.0,1.0,0.0,1.0,38.9,44.4,22.2,50.0,12.0,16.0,29.0,13.0,1516.8,1516.5
2025-05-18,2024,Sevilla,Real Madrid,0,2,A,U,4.13,3.99,1.78,1,6,1,7,19,1.0,2.0,0.0,1.0,4.0,5.0,-1.0,3.0,4.0,-1.0,1.0,1.0,0.0,0.0,0.0,0.0,0.0,0.0,0.0,33.3,33.3,50.0,22.2,12.0,16.0,15.0,10.0,1486.5,1756.8
2025-05-18,2024,Osasuna,Espanol,2,0,H,U,1.83,3.48,4.59,3,6,8,6,19,3.0,0.0,0.0,2.0,5.0,3.0,2.0,1.0,5.0,-4.0,4.0,-2.0,6.0,1.0,0.0,1.0,0.0,0.0,0.0,50.0,16.7,16.7,66.7,11.0,10.0,11.0,18.0,1537.4,1473.9
2025-05-18,2024,Mallorca,Getafe,1,2,A,O,2.01,3.2,4.16,1,4,3,4,19,1.0,0.0,1.0,3.0,3.0,0.0,3.0,3.0,5.0,-2.0,0.0,-5.0,5.0,0.0,0.0,0.0,0.0,1.0,-1.0,38.9,27.8,33.3,55.6,7.0,8.0,13.0,17.0,1499.3,1462.8
2025-05-18,2024,Las Palmas,Leganes,0,1,A,U,2.9,3.45,2.39,3,4,9,2,19,1.0,0.0,2.0,1.0,3.0,2.0,1.0,4.0,5.0,-1.0,-1.0,-3.0,2.0,0.0,0.0,0.0,0.0,1.0,-1.0,22.2,50.0,5.6,44.4,7.0,10.0,21.0,12.0,1409.3,1461.1
2025-05-18,2024,Celta,Vallecano,1,2,A,O,1.78,3.91,4.32,7,2,9,2,19,2.0,1.0,1.0,2.0,6.0,2.0,4.0,4.0,6.0,-2.0,2.0,-4.0,6.0,1.0,0.0,1.0,1.0,2.0,-1.0,61.1,22.2,33.3,38.9,19.0,13.0,22.0,12.0,1539.8,1512.9
2025-05-18,2024,Barcelona,Villarreal,2,3,A,O,1.85,4.15,3.7,9,3,11,3,19,3.0,2.0,0.0,1.0,9.0,3.0,6.0,6.0,4.0,2.0,3.0,-1.0,4.0,0.0,0.0,0.0,0.0,1.0,-1.0,77.8,16.7,55.6,27.8,28.0,8.0,27.0,11.0,1770.3,1623.2
2025-05-18,2024,Ath Madrid,Betis,4,1,H,O,1.95,3.72,3.69,11,7,7,4,19,3.0,2.0,0.0,0.0,11.0,7.0,4.0,2.0,4.0,-2.0,9.0,3.0,6.0,3.0,1.0,2.0,0.0,0.0,0.0,72.2,5.6,38.9,33.3,21.0,22.0,14.0,23.0,1668.2,1606.9
2025-05-15,2024,Vallecano,Betis,2,2,D,O,3.05,3.13,2.48,6,3,10,7,18,1.0,2.0,1.0,0.0,2.0,6.0,-4.0,5.0,3.0,2.0,-3.0,3.0,-6.0,0.0,1.0,-1.0,1.0,0.0,1.0,35.3,29.4,41.2,35.3,17.0,21.0,20.0,19.0,1510.2,1609.7
2025-05-15,2024,Osasuna,Ath Madrid,2,0,H,U,3.74,3.3,2.08,3,5,3,5,18,2.0,1.0,1.0,1.0,4.0,2.0,2.0,3.0,2.0,1.0,1.0,0.0,1.0,0.0,0.0,0.0,0.0,0.0,0.0,47.1,17.6,41.2,23.5,12.0,9.0,11.0,16.0,1523.1,1682.5
2025-05-15,2024,Getafe,Ath Bilbao,0,2,A,U,3.4,2.65,2.64,1,2,2,5,18,0.0,0.0,3.0,1.0,2.0,0.0,2.0,6.0,1.0,5.0,-4.0,-1.0,-3.0,0.0,0.0,0.0,1.0,0.0,1.0,23.5,35.3,35.3,23.5,16.0,4.0,10.0,9.0,1468.3,1638.0
2025-05-15,2024,Espanol,Barcelona,0,2,A,U,9.34,5.76,1.3,1,4,3,3,18,1.0,3.0,1.0,0.0,3.0,7.0,-4.0,3.0,3.0,0.0,0.0,4.0,-4.0,0.0,1.0,-1.0,0.0,0.0,0.0,41.2,23.5,70.6,11.8,9.0,16.0,13.0,22.0,1477.1,1767.1
2025-05-14,2024,Villarreal,Leganes,3,0,H,O,1.34,5.26,8.73,7,6,3,6,18,2.0,0.0,0.0,1.0,7.0,4.0,3.0,4.0,5.0,-1.0,3.0,-1.0,4.0,1.0,0.0,1.0,0.0,0.0,0.0,41.2,17.6,5.9,41.2,15.0,8.0,20.0,9.0,1617.3,1467.0
2025-05-14,2024,Real Madrid,Mallorca,2,1,H,O,1.38,5.06,7.87,13,2,26,0,18,2.0,1.0,1.0,2.0,5.0,2.0,3.0,4.0,2.0,2.0,1.0,0.0,1.0,0.0,1.0,-1.0,0.0,0.0,0.0,82.4,11.8,35.3,52.9,22.0,4.0,27.0,6.0,1752.9,1503.2
2025-05-14,2024,Alaves,Valencia,1,0,H,U,2.16,3.17,3.69,5,3,9,4,18,1.0,2.0,1.0,0.0,1.0,6.0,-5.0,1.0,4.0,-3.0,0.0,2.0,-2.0,0.0,0.0,0.0,0.0,0.0,0.0,29.4,41.2,11.8,41.2,9.0,10.0,13.0,11.0,1474.0,1540.4
2025-05-13,2024,Valladolid,Girona,0,1,A,U,4.59,3.88,1.75,4,5,6,4,18,0.0,0.0,3.0,2.0,3.0,3.0,0.0,9.0,7.0,2.0,-6.0,-4.0,-2.0,0.0,0.0,0.0,1.0,1.0,0.0,17.6,58.8,17.6,52.9,9.0,13.0,12.0,11.0,1343.6,1510.9
2025-05-13,2024,Sociedad,Celta,0,1,A,U,2.37,3.32,3.12,5,2,14,1,18,1.0,1.0,1.0,2.0,2.0,7.0,-5.0,3.0,8.0,-5.0,-1.0,-1.0,0.0,0.0,0.0,0.0,1.0,0.0,1.0,41.2,41.2,17.6,58.8,9.0,19.0,18.0,9.0,1526.7,1529.9
2025-05-13,2024,Sevilla,Las Palmas,1,0,H,U,1.69,3.73,5.37,3,3,4,2,18,0.0,1.0,1.0,1.0,4.0,4.0,0.0,5.0,3.0,2.0,-1.0,1.0,-2.0,0.0,1.0,-1.0,0.0,0.0,0.0,29.4,35.3,23.5,58.8,15.0,9.0,18.0,7.0,1478.2,1417.6
2025-05-11,2024,Leganes,Espanol,3,2,H,O,2.41,3.07,3.22,5,6,3,8,18,0.0,1.0,1.0,1.0,2.0,3.0,-1.0,3.0,2.0,1.0,-1.0,1.0,-2.0,0.0,1.0,-1.0,0.0,0.0,0.0,29.4,47.1,17.6,64.7,9.0,7.0,12.0,15.0,1456.1,1488.0
2025-05-11,2024,Betis,Osasuna,1,1,D,U,1.64,3.98,5.24,5,5,6,7,18,2.0,1.0,1.0,1.0,8.0,6.0,2.0,4.0,7.0,-3.0,4.0,-1.0,5.0,1.0,0.0,1.0,0.0,1.0,-1.0,52.9,17.6,11.8,41.2,14.0,16.0,11.0,18.0,1612.3,1520.5
2025-05-11,2024,Barcelona,Real Madrid,4,3,H,O,1.97,4.08,3.34,9,5,10,2,18,2.0,3.0,0.0,0.0,6.0,4.0,2.0,4.0,1.0,3.0,2.0,3.0,-1.0,0.0,0.0,0.0,0.0,0.0,0.0,76.5,17.6,52.9,17.6,24.0,16.0,26.0,12.0,1756.9,1763.1
2025-05-11,2024,Ath Bilbao,Alaves,1,0,H,U,1.88,3.24,4.68,3,1,9,2,18,2.0,1.0,0.0,0.0,4.0,4.0,0.0,1.0,3.0,-2.0,3.0,1.0,2.0,1.0,0.0,1.0,0.0,0.0,0.0,58.8,5.9,17.6,47.1,13.0,9.0,13.0,16.0,1632.1,1479.9
2025-05-10,2024,Valencia,Getafe,3,0,H,O,2.05,3.12,4.13,6,3,2,6,18,2.0,1.0,0.0,2.0,3.0,4.0,-1.0,1.0,2.0,-1.0,2.0,2.0,0.0,0.0,1.0,-1.0,0.0,0.0,0.0,47.1,29.4,35.3,52.9,15.0,14.0,13.0,15.0,1531.9,1476.7
2025-05-10,2024,Mallorca,Valladolid,2,1,H,O,1.34,5.0,9.97,4,7,5,10,18,1.0,0.0,1.0,3.0,3.0,4.0,-1.0,3.0,11.0,-8.0,0.0,-7.0,7.0,0.0,0.0,0.0,0.0,2.0,-2.0,35.3,29.4,5.9,94.1,10.0,13.0,14.0,11.0,1497.2,1349.6
2025-05-10,2024,Girona,Villarreal,0,1,A,U,3.12,3.72,2.16,0,5,5,3,18,1.0,2.0,2.0,1.0,2.0,4.0,-2.0,4.0,5.0,-1.0,-2.0,-1.0,-1.0,0.0,0.0,0.0,1.0,1.0,0.0,41.2,41.2,52.9,29.4,17.0,6.0,14.0,9.0,1518.4,1609.8
2025-05-10,2024,Celta,Sevilla,3,2,H,O,1.83,3.66,4.34,4,10,3,6,18,1.0,0.0,1.0,3.0,4.0,1.0,3.0,3.0,4.0,-1.0,1.0,-3.0,4.0,1.0,0.0,1.0,1.0,0.0,1.0,58.8,23.5,23.5,47.1,22.0,10.0,23.0,9.0,1520.9,1487.3
2025-05-10,2024,Ath Madrid,Sociedad,4,0,H,O,1.68,3.83,5.18,7,1,3,3,18,2.0,1.0,1.0,1.0,9.0,5.0,4.0,6.0,4.0,2.0,3.0,1.0,2.0,2.0,1.0,1.0,1.0,0.0,1.0,70.6,5.9,29.4,47.1,16.0,12.0,17.0,14.0,1676.4,1532.8
2025-05-09,2024,Las Palmas,Vallecano,0,1,A,U,2.47,3.29,2.98,2,5,8,8,18,1.0,1.0,2.0,2.0,4.0,3.0,1.0,6.0,6.0,0.0,-2.0,-3.0,1.0,0.0,1.0,-1.0,1.0,2.0,-1.0,23.5,47.1,29.4,41.2,10.0,13.0,18.0,9.0,1425.4,1502.3
2025-05-05,2024,Girona,Mallorca,1,0,H,U,2.02,3.2,4.07,6,1,5,2,17,0.0,1.0,2.0,2.0,2.0,2.0,0.0,5.0,2.0,3.0,-3.0,0.0,-3.0,0.0,1.0,-1.0,1.0,0.0,1.0,37.5,43.8,37.5,50.0,15.0,5.0,18.0,9.0,1508.4,1507.1
2025-05-04,2024,Sociedad,Ath Bilbao,0,0,D,U,2.47,3.14,3.04,3,1,7,3,17,1.0,1.0,2.0,1.0,2.0,1.0,1.0,4.0,1.0,3.0,-2.0,0.0,-2.0,0.0,0.0,0.0,1.0,0.0,1.0,43.8,43.8,37.5,25.0,8.0,7.0,17.0,12.0,1529.9,1635.0
2025-05-04,2024,Sevilla,Leganes,2,2,D,O,1.79,3.41,4.99,7,3,8,2,17,0.0,0.0,2.0,2.0,2.0,3.0,-1.0,4.0,5.0,-1.0,-2.0,-2.0,0.0,0.0,0.0,0.0,0.0,0.0,0.0,31.2,37.5,6.2,43.8,12.0,11.0,14.0,12.0,1488.2,1455.1
2025-05-04,2024,Real Madrid,Celta,3,2,H,O,1.36,5.64,7.26,6,7,4,6,17,2.0,2.0,1.0,1.0,5.0,6.0,-1.0,4.0,5.0,-1.0,1.0,1.0,0.0,0.0,0.0,0.0,0.0,0.0,0.0,81.2,12.5,18.8,56.2,26.0,13.0,31.0,7.0,1759.0,1525.0
2025-05-04,2024,Espanol,Betis,1,2,A,O,3.37,2.98,2.39,5,10,3,7,17,1.0,2.0,0.0,0.0,3.0,7.0,-4.0,2.0,4.0,-2.0,1.0,3.0,-2.0,0.0,1.0,-1.0,0.0,0.0,0.0,43.8,18.8,37.5,37.5,8.0,17.0,14.0,19.0,1494.9,1605.4
2025-05-03,2024,Villarreal,Osasuna,4,2,H,O,1.54,4.4,5.77,5,4,2,8,17,1.0,1.0,0.0,0.0,3.0,4.0,-1.0,2.0,3.0,-1.0,1.0,1.0,0.0,0.0,0.0,0.0,0.0,0.0,0.0,37.5,18.8,12.5,37.5,14.0,14.0,24.0,14.0,1601.9,1528.4
2025-05-03,2024,Valladolid,Barcelona,1,2,A,O,14.72,8.53,1.15,4,7,4,8,17,0.0,3.0,3.0,0.0,2.0,7.0,-5.0,8.0,2.0,6.0,-6.0,5.0,-11.0,0.0,2.0,-2.0,1.0,0.0,1.0,18.8,56.2,68.8,12.5,7.0,14.0,11.0,17.0,1351.4,1755.1
2025-05-03,2024,Las Palmas,Valencia,2,3,A,O,2.59,3.34,2.73,3,5,9,5,17,1.0,1.0,1.0,0.0,4.0,4.0,0.0,5.0,3.0,2.0,-1.0,1.0,-2.0,0.0,0.0,0.0,1.0,0.0,1.0,25.0,43.8,6.2,43.8,14.0,7.0,13.0,10.0,1432.9,1524.5
2025-05-03,2024,Alaves,Ath Madrid,0,0,D,U,3.76,3.15,2.14,2,2,3,5,17,1.0,1.0,2.0,1.0,1.0,3.0,-2.0,3.0,3.0,0.0,-2.0,0.0,-2.0,0.0,0.0,0.0,1.0,0.0,1.0,31.2,43.8,43.8,25.0,11.0,9.0,18.0,14.0,1474.5,1681.7
2025-05-02,2024,Vallecano,Getafe,1,0,H,U,2.42,2.98,3.38,8,1,7,3,17,0.0,2.0,1.0,1.0,3.0,6.0,-3.0,7.0,2.0,5.0,-4.0,4.0,-8.0,0.0,1.0,-1.0,1.0,0.0,1.0,31.2,31.2,37.5,50.0,14.0,17.0,17.0,14.0,1492.5,1486.5
2025-04-27,2024,Villarreal,Espanol,1,0,H,U,1.44,4.85,6.28,5,1,8,6,16,0.0,2.0,1.0,0.0,3.0,7.0,-4.0,4.0,1.0,3.0,-1.0,6.0,-7.0,0.0,2.0,-2.0,0.0,0.0,0.0,33.3,20.0,18.8,62.5,19.0,13.0,27.0,13.0,1594.5,1502.3
2025-04-24,2024,Osasuna,Sevilla,1,0,H,U,2.49,3.03,3.15,2,3,4,4,17,1.0,1.0,1.0,2.0,6.0,2.0,4.0,6.0,3.0,3.0,0.0,-1.0,1.0,0.0,0.0,0.0,0.0,0.0,0.0,43.8,18.8,25.0,43.8,15.0,11.0,10.0,8.0,1519.0,1497.6
2025-04-24,2024,Leganes,Girona,1,1,D,U,2.76,3.05,2.77,1,3,4,5,17,0.0,0.0,2.0,2.0,3.0,3.0,0.0,5.0,7.0,-2.0,-2.0,-4.0,2.0,0.0,0.0,0.0,0.0,1.0,-1.0,31.2,50.0,18.8,56.2,12.0,14.0,11.0,15.0,1453.5,1510.0
2025-04-24,2024,Betis,Valladolid,5,1,H,O,1.19,7.04,14.88,6,5,4,4,17,2.0,0.0,1.0,3.0,4.0,4.0,0.0,3.0,8.0,-5.0,1.0,-4.0,5.0,0.0,0.0,0.0,0.0,1.0,-1.0,50.0,18.8,6.2,93.8,14.0,12.0,18.0,11.0,1601.5,1355.3
2025-04-24,2024,Ath Madrid,Vallecano,3,0,H,O,1.55,4.03,6.28,5,5,6,3,17,2.0,1.0,1.0,2.0,7.0,4.0,3.0,6.0,5.0,1.0,1.0,-1.0,2.0,1.0,1.0,0.0,1.0,1.0,0.0,68.8,6.2,31.2,37.5,15.0,14.0,17.0,12.0,1676.4,1497.8
2025-04-23,2024,Getafe,Real Madrid,0,1,A,U,4.7,3.64,1.77,6,7,4,4,17,1.0,2.0,2.0,1.0,4.0,4.0,0.0,6.0,3.0,3.0,-2.0,1.0,-3.0,0.0,0.0,0.0,1.0,0.0,1.0,25.0,31.2,50.0,18.8,13.0,11.0,10.0,10.0,1490.1,1755.4
2025-04-23,2024,Celta,Villarreal,3,0,H,O,2.52,3.41,2.77,9,1,6,3,17,1.0,2.0,1.0,1.0,3.0,4.0,-1.0,4.0,3.0,1.0,-1.0,1.0,-2.0,0.0,0.0,0.0,1.0,0.0,1.0,56.2,25.0,56.2,25.0,17.0,7.0,19.0,12.0,1512.4,1607.2
2025-04-23,2024,Ath Bilbao,Las Palmas,1,0,H,U,1.36,5.0,8.48,4,2,3,3,17,1.0,1.0,0.0,1.0,4.0,4.0,0.0,2.0,3.0,-1.0,2.0,1.0,1.0,1.0,1.0,0.0,0.0,0.0,0.0,56.2,6.2,25.0,56.2,11.0,8.0,13.0,5.0,1630.1,1437.8
2025-04-23,2024,Alaves,Sociedad,1,0,H,U,2.37,3.04,3.32,1,0,6,6,16,1.0,1.0,2.0,0.0,1.0,7.0,-6.0,3.0,5.0,-2.0,-2.0,2.0,-4.0,0.0,1.0,-1.0,1.0,0.0,1.0,26.7,46.7,31.2,43.8,13.0,16.0,13.0,12.0,1462.3,1542.2
2025-04-22,2024,Valencia,Espanol,1,1,D,U,1.98,3.34,4.13,7,3,6,4,17,3.0,2.0,0.0,1.0,4.0,7.0,-3.0,1.0,2.0,-1.0,3.0,5.0,-2.0,0.0,2.0,-2.0,0.0,0.0,0.0,50.0,31.2,20.0,66.7,12.0,10.0,12.0,11.0,1525.2,1501.6
2025-04-22,2024,Barcelona,Mallorca,1,0,H,U,1.23,6.61,12.07,13,0,13,2,17,2.0,1.0,0.0,1.0,9.0,3.0,6.0,5.0,2.0,3.0,4.0,1.0,3.0,1.0,1.0,0.0,0.0,0.0,0.0,75.0,18.8,40.0,46.7,20.0,7.0,23.0,10.0,1751.1,1511.1
2025-04-21,2024,Girona,Betis,1,3,A,O,2.83,3.39,2.49,5,9,8,9,16,0.0,2.0,1.0,0.0,3.0,6.0,-3.0,4.0,4.0,0.0,-1.0,2.0,-3.0,0.0,0.0,0.0,0.0,0.0,0.0,40.0,40.0,33.3,40.0,16.0,14.0,14.0,15.0,1517.9,1593.6
2025-04-20,2024,Villarreal,Sociedad,2,2,D,O,1.7,3.85,4.94,5,4,10,4,15,0.0,1.0,1.0,1.0,2.0,5.0,-3.0,3.0,7.0,-4.0,-1.0,-2.0,1.0,0.0,1.0,-1.0,0.0,1.0,-1.0,35.7,21.4,33.3,46.7,18.0,12.0,21.0,8.0,1609.1,1540.2
2025-04-20,2024,Valladolid,Osasuna,2,3,A,O,4.5,3.49,1.84,5,6,5,2,16,0.0,0.0,2.0,1.0,1.0,1.0,0.0,6.0,4.0,2.0,-5.0,-3.0,-2.0,0.0,0.0,0.0,1.0,1.0,0.0,20.0,53.3,6.7,40.0,9.0,8.0,19.0,16.0,1361.2,1513.1
2025-04-20,2024,Sevilla,Alaves,1,1,D,U,2.07,3.07,4.14,2,3,3,6,16,0.0,1.0,2.0,0.0,2.0,4.0,-2.0,4.0,3.0,1.0,-2.0,1.0,-3.0,0.0,0.0,0.0,0.0,0.0,0.0,33.3,40.0,18.8,50.0,14.0,13.0,15.0,19.0,1498.7,1461.2
2025-04-20,2024,Real Madrid,Ath Bilbao,1,0,H,U,1.67,3.94,5.04,7,1,14,1,16,2.0,1.0,1.0,1.0,6.0,1.0,5.0,5.0,1.0,4.0,1.0,0.0,1.0,0.0,0.0,0.0,0.0,0.0,0.0,80.0,13.3,40.0,20.0,24.0,9.0,21.0,13.0,1748.5,1637.0
2025-04-19,2024,Vallecano,Valencia,1,1,D,U,2.29,3.13,3.37,4,3,5,2,16,0.0,1.0,1.0,0.0,3.0,6.0,-3.0,7.0,5.0,2.0,-4.0,1.0,-5.0,0.0,0.0,0.0,1.0,0.0,1.0,33.3,33.3,6.7,46.7,18.0,9.0,18.0,11.0,1496.9,1526.0
2025-04-19,2024,Mallorca,Leganes,0,0,D,U,1.88,3.15,4.93,1,1,4,4,17,1.0,0.0,1.0,3.0,4.0,3.0,1.0,4.0,8.0,-4.0,0.0,-5.0,5.0,0.0,0.0,0.0,0.0,1.0,-1.0,37.5,31.2,6.7,46.7,13.0,12.0,13.0,11.0,1512.9,1451.8
2025-04-19,2024,Las Palmas,Ath Madrid,1,0,H,U,5.79,4.2,1.56,2,2,4,4,16,0.0,1.0,2.0,1.0,3.0,4.0,-1.0,7.0,4.0,3.0,-4.0,0.0,-4.0,0.0,0.0,0.0,2.0,0.0,2.0,20.0,46.7,46.7,20.0,14.0,9.0,14.0,14.0,1421.3,1693.0
2025-04-19,2024,Barcelona,Celta,4,3,H,O,1.3,6.1,8.61,6,8,4,1,16,2.0,2.0,0.0,0.0,8.0,5.0,3.0,2.0,3.0,-1.0,6.0,2.0,4.0,2.0,0.0,2.0,0.0,0.0,0.0,73.3,20.0,20.0,53.3,19.0,11.0,27.0,8.0,1746.9,1516.6
2025-04-18,2024,Espanol,Getafe,1,0,H,U,2.8,2.74,3.05,3,4,6,8,16,0.0,2.0,0.0,1.0,3.0,6.0,-3.0,3.0,2.0,1.0,0.0,4.0,-4.0,0.0,1.0,-1.0,0.0,0.0,0.0,40.0,20.0,40.0,46.7,9.0,13.0,10.0,12.0,1491.4,1500.4
2025-04-14,2024,Ath Madrid,Valladolid,4,2,H,O,1.13,8.56,19.92,9,3,5,1,16,1.0,0.0,1.0,3.0,4.0,3.0,1.0,5.0,11.0,-6.0,-1.0,-8.0,7.0,0.0,0.0,0.0,1.0,1.0,0.0,66.7,6.7,6.7,93.3,9.0,12.0,14.0,14.0,1690.3,1363.8
2025-04-13,2024,Osasuna,Girona,2,1,H,O,2.46,3.2,3.02,6,8,4,4,16,0.0,0.0,1.0,2.0,5.0,2.0,3.0,6.0,7.0,-1.0,-1.0,-5.0,4.0,0.0,0.0,0.0,0.0,2.0,-2.0,40.0,20.0,20.0,53.3,13.0,8.0,12.0,16.0,1502.4,1528.6
2025-04-13,2024,Betis,Villarreal,1,2,A,O,2.32,3.52,2.98,5,2,5,5,16,3.0,2.0,0.0,1.0,5.0,3.0,2.0,2.0,2.0,0.0,3.0,1.0,2.0,0.0,0.0,0.0,0.0,0.0,0.0,53.3,13.3,53.3,26.7,12.0,10.0,22.0,12.0,1603.7,1599.0
2025-04-13,2024,Ath Bilbao,Vallecano,3,1,H,O,1.76,3.44,5.16,4,3,7,1,16,1.0,1.0,0.0,2.0,8.0,3.0,5.0,2.0,3.0,-1.0,6.0,0.0,6.0,1.0,1.0,0.0,0.0,0.0,0.0,53.3,6.7,33.3,33.3,23.0,15.0,10.0,16.0,1630.5,1503.4
2025-04-13,2024,Alaves,Real Madrid,0,1,A,U,5.23,4.13,1.62,6,4,4,4,15,1.0,1.0,2.0,1.0,1.0,4.0,-3.0,3.0,4.0,-1.0,-2.0,0.0,-2.0,0.0,0.0,0.0,1.0,0.0,1.0,28.6,42.9,46.7,20.0,12.0,13.0,16.0,8.0,1464.5,1745.2
2025-04-12,2024,Sociedad,Mallorca,0,2,A,U,1.76,3.37,5.38,4,3,8,2,16,2.0,0.0,1.0,1.0,5.0,2.0,3.0,2.0,3.0,-1.0,3.0,-1.0,4.0,1.0,0.0,1.0,0.0,0.0,0.0,46.7,40.0,35.7,50.0,9.0,6.0,12.0,12.0,1551.6,1501.4
2025-04-12,2024,Leganes,Barcelona,0,1,A,U,8.41,5.94,1.31,1,3,4,8,16,1.0,3.0,1.0,0.0,4.0,10.0,-6.0,4.0,3.0,1.0,0.0,7.0,-7.0,0.0,3.0,-3.0,0.0,0.0,0.0,33.3,46.7,66.7,13.3,12.0,17.0,9.0,15.0,1455.0,1743.7
2025-04-12,2024,Getafe,Las Palmas,1,3,A,O,1.78,3.44,5.1,6,5,3,2,16,1.0,0.0,2.0,1.0,4.0,2.0,2.0,5.0,3.0,2.0,-1.0,-1.0,0.0,0.0,0.0,0.0,0.0,0.0,0.0,26.7,26.7,20.0,60.0,11.0,6.0,9.0,7.0,1513.3,1408.4
2025-04-12,2024,Celta,Espanol,0,2,A,U,1.64,3.81,5.69,6,3,13,5,16,2.0,2.0,0.0,1.0,4.0,6.0,-2.0,2.0,2.0,0.0,2.0,4.0,-2.0,0.0,1.0,-1.0,0.0,0.0,0.0,60.0,20.0,14.3,71.4,16.0,9.0,11.0,6.0,1527.9,1480.0
2025-04-11,2024,Valencia,Sevilla,1,0,H,U,2.34,3.12,3.36,6,5,3,3,16,2.0,1.0,1.0,1.0,3.0,3.0,0.0,4.0,3.0,1.0,-1.0,0.0,-1.0,0.0,0.0,0.0,1.0,0.0,1.0,46.7,33.3,26.7,40.0,8.0,11.0,16.0,11.0,1516.2,1508.5
2025-04-07,2024,Leganes,Osasuna,1,1,D,U,2.71,3.1,2.79,7,6,4,8,15,1.0,0.0,1.0,2.0,6.0,0.0,6.0,6.0,4.0,2.0,0.0,-4.0,4.0,0.0,0.0,0.0,0.0,1.0,-1.0,35.7,50.0,7.1,42.9,8.0,3.0,8.0,12.0,1453.5,1503.8
2025-04-06,2024,Villarreal,Ath Bilbao,0,0,D,U,2.22,3.38,3.28,4,2,6,5,14,1.0,1.0,1.0,1.0,7.0,2.0,5.0,4.0,2.0,2.0,3.0,0.0,3.0,1.0,0.0,1.0,0.0,0.0,0.0,38.5,23.1,42.9,21.4,22.0,11.0,18.0,15.0,1598.0,1631.4
2025-04-06,2024,Valladolid,Getafe,0,4,A,O,4.62,3.18,1.93,0,9,3,4,15,0.0,2.0,2.0,1.0,1.0,4.0,-3.0,6.0,3.0,3.0,-5.0,1.0,-6.0,0.0,0.0,0.0,1.0,0.0,1.0,21.4,50.0,35.7,50.0,11.0,10.0,19.0,11.0,1370.1,1507.0
2025-04-06,2024,Sevilla,Ath Madrid,1,2,A,O,3.41,3.29,2.21,6,5,7,7,15,0.0,1.0,2.0,1.0,2.0,5.0,-3.0,6.0,3.0,3.0,-4.0,2.0,-6.0,0.0,1.0,-1.0,1.0,0.0,1.0,35.7,35.7,42.9,21.4,12.0,7.0,13.0,7.0,1513.9,1684.9
2025-04-06,2024,Las Palmas,Sociedad,1,3,A,O,3.18,3.18,2.38,5,8,5,4,15,0.0,0.0,2.0,2.0,3.0,2.0,1.0,6.0,9.0,-3.0,-3.0,-7.0,4.0,0.0,0.0,0.0,1.0,2.0,-1.0,21.4,42.9,28.6,50.0,13.0,5.0,15.0,9.0,1414.8,1545.2
2025-04-05,2024,Real Madrid,Valencia,1,2,A,O,1.3,5.68,9.44,9,2,9,4,15,3.0,0.0,0.0,0.0,7.0,5.0,2.0,3.0,5.0,-2.0,4.0,0.0,4.0,1.0,0.0,1.0,0.0,0.0,0.0,85.7,7.1,0.0,50.0,20.0,10.0,23.0,12.0,1761.6,1499.9
2025-04-05,2024,Mallorca,Celta,1,2,A,O,2.68,3.09,2.85,2,4,4,2,16,2.0,1.0,0.0,0.0,6.0,4.0,2.0,3.0,3.0,0.0,3.0,1.0,2.0,1.0,0.0,1.0,0.0,0.0,0.0,40.0,26.7,14.3,57.1,16.0,11.0,12.0,13.0,1511.2,1518.1
2025-04-05,2024,Girona,Alaves,0,1,A,U,2.08,3.36,3.69,6,3,1,5,15,0.0,0.0,1.0,0.0,4.0,6.0,-2.0,5.0,6.0,-1.0,-1.0,0.0,-1.0,0.0,0.0,0.0,0.0,0.0,0.0,42.9,35.7,13.3,53.3,14.0,17.0,16.0,16.0,1541.1,1452.0
2025-04-05,2024,Barcelona,Betis,1,1,D,U,1.37,5.5,7.35,5,2,9,3,15,3.0,2.0,0.0,1.0,11.0,7.0,4.0,1.0,6.0,-5.0,10.0,1.0,9.0,3.0,0.0,3.0,0.0,0.0,0.0,78.6,21.4,35.7,42.9,24.0,17.0,30.0,19.0,1747.8,1599.7
2025-04-04,2024,Vallecano,Espanol,0,4,A,O,1.69,3.55,5.88,5,7,8,4,15,0.0,1.0,1.0,2.0,3.0,3.0,0.0,4.0,4.0,0.0,-1.0,-1.0,0.0,0.0,0.0,0.0,0.0,0.0,0.0,35.7,28.6,7.7,76.9,18.0,3.0,13.0,2.0,1514.8,1468.7
2025-03-31,2024,Celta,Las Palmas,1,1,D,U,1.57,4.17,5.64,7,2,4,2,15,3.0,0.0,0.0,2.0,6.0,2.0,4.0,3.0,5.0,-2.0,3.0,-3.0,6.0,0.0,0.0,0.0,0.0,1.0,-1.0,64.3,21.4,21.4,64.3,15.0,8.0,11.0,10.0,1521.2,1411.7
2025-03-30,2024,Valencia,Mallorca,1,0,H,U,2.17,3.15,3.69,2,2,4,5,15,2.0,0.0,1.0,1.0,4.0,2.0,2.0,4.0,4.0,0.0,0.0,-2.0,2.0,1.0,0.0,1.0,1.0,1.0,0.0,42.9,35.7,38.5,46.2,10.0,5.0,21.0,11.0,1488.9,1522.2
2025-03-30,2024,Getafe,Villarreal,1,2,A,O,3.28,3.14,2.35,4,3,3,1,15,1.0,2.0,1.0,1.0,3.0,3.0,0.0,3.0,2.0,1.0,0.0,1.0,-1.0,0.0,0.0,0.0,0.0,0.0,0.0,28.6,21.4,50.0,28.6,8.0,11.0,12.0,16.0,1514.9,1590.2
2025-03-30,2024,Betis,Sevilla,2,1,H,O,1.89,3.52,4.26,3,2,2,2,15,3.0,2.0,0.0,0.0,6.0,6.0,0.0,1.0,1.0,0.0,5.0,5.0,0.0,1.0,1.0,0.0,0.0,0.0,0.0,50.0,14.3,28.6,35.7,17.0,15.0,25.0,11.0,1591.7,1521.9
2025-03-30,2024,Barcelona,Girona,4,1,H,O,1.24,6.72,10.69,9,2,10,2,14,3.0,0.0,0.0,2.0,8.0,1.0,7.0,0.0,6.0,-6.0,8.0,-5.0,13.0,2.0,0.0,2.0,0.0,2.0,-2.0,76.9,23.1,21.4,50.0,20.0,7.0,24.0,16.0,1742.9,1546.0
2025-03-30,2024,Ath Bilbao,Osasuna,0,0,D,U,1.46,4.33,7.33,5,2,3,4,15,2.0,0.0,0.0,2.0,11.0,1.0,10.0,2.0,5.0,-3.0,9.0,-4.0,13.0,2.0,0.0,2.0,0.0,1.0,-1.0,57.1,7.1,7.7,46.2,26.0,5.0,18.0,19.0,1635.1,1500.1
2025-03-29,2024,Sociedad,Valladolid,2,1,H,O,1.34,4.81,10.49,2,5,3,6,15,2.0,0.0,1.0,3.0,5.0,2.0,3.0,2.0,10.0,-8.0,3.0,-8.0,11.0,1.0,0.0,1.0,0.0,1.0,-1.0,42.9,42.9,7.1,92.9,10.0,10.0,15.0,10.0,1539.6,1375.7
2025-03-29,2024,Real Madrid,Leganes,3,2,H,O,1.15,8.37,17.3,10,4,8,3,14,2.0,0.0,0.0,3.0,5.0,1.0,4.0,2.0,7.0,-5.0,3.0,-6.0,9.0,1.0,0.0,1.0,0.0,2.0,-2.0,84.6,7.7,7.1,42.9,19.0,12.0,21.0,11.0,1758.6,1456.5
2025-03-29,2024,Espanol,Ath Madrid,1,1,D,U,5.87,3.81,1.62,1,2,4,3,15,1.0,1.0,0.0,1.0,3.0,5.0,-2.0,2.0,3.0,-1.0,1.0,2.0,-1.0,0.0,1.0,-1.0,0.0,0.0,0.0,42.9,21.4,46.2,23.1,10.0,6.0,7.0,5.0,1462.9,1690.6
2025-03-29,2024,Alaves,Vallecano,0,2,A,U,2.19,2.99,3.89,4,5,8,5,14,1.0,1.0,2.0,2.0,1.0,2.0,-1.0,2.0,3.0,-1.0,-1.0,-1.0,0.0,0.0,0.0,0.0,0.0,0.0,0.0,30.8,38.5,28.6,35.7,12.0,13.0,16.0,20.0,1460.7,1506.1
2025-03-27,2024,Barcelona,Osasuna,3,0,H,O,1.28,6.34,8.82,5,0,8,4,13,3.0,0.0,0.0,1.0,6.0,2.0,4.0,0.0,3.0,-3.0,6.0,-1.0,7.0,1.0,0.0,1.0,0.0,0.0,0.0,75.0,25.0,8.3,41.7,19.0,9.0,21.0,17.0,1738.8,1504.2
2025-03-16,2024,Vallecano,Sociedad,2,2,D,O,2.49,3.08,3.12,5,4,4,4,14,1.0,0.0,1.0,3.0,2.0,1.0,1.0,2.0,9.0,-7.0,0.0,-8.0,8.0,0.0,0.0,0.0,0.0,2.0,-2.0,38.5,30.8,30.8,53.8,19.0,4.0,13.0,10.0,1505.0,1540.6
2025-03-16,2024,Sevilla,Ath Bilbao,0,1,A,U,2.96,3.15,2.54,4,4,4,6,14,0.0,0.0,1.0,1.0,3.0,3.0,0.0,6.0,4.0,2.0,-3.0,-1.0,-2.0,0.0,0.0,0.0,1.0,0.0,1.0,38.5,30.8,38.5,23.1,12.0,11.0,14.0,16.0,1529.1,1627.9
2025-03-16,2024,Osasuna,Getafe,1,2,A,O,2.32,2.94,3.6,4,4,3,2,15,1.0,2.0,0.0,1.0,6.0,3.0,3.0,5.0,2.0,3.0,1.0,1.0,0.0,0.0,0.0,0.0,0.0,0.0,0.0,42.9,14.3,30.8,53.8,13.0,9.0,12.0,12.0,1514.5,1504.6
2025-03-16,2024,Leganes,Betis,2,3,A,O,3.77,3.33,2.06,4,6,3,7,14,1.0,2.0,1.0,1.0,4.0,5.0,-1.0,4.0,4.0,0.0,0.0,1.0,-1.0,0.0,0.0,0.0,0.0,0.0,0.0,38.5,46.2,30.8,46.2,5.0,14.0,7.0,16.0,1463.1,1585.1
2025-03-16,2024,Ath Madrid,Barcelona,2,4,A,O,3.03,3.64,2.25,2,6,6,6,15,2.0,2.0,0.0,0.0,4.0,7.0,-3.0,1.0,2.0,-1.0,3.0,5.0,-2.0,1.0,2.0,-1.0,0.0,0.0,0.0,71.4,0.0,64.3,14.3,12.0,16.0,18.0,19.0,1699.8,1729.6
2025-03-15,2024,Villarreal,Real Madrid,1,2,A,O,3.05,3.9,2.16,10,5,11,4,13,2.0,0.0,0.0,2.0,10.0,2.0,8.0,2.0,4.0,-2.0,8.0,-2.0,10.0,2.0,0.0,2.0,0.0,0.0,0.0,41.7,16.7,42.9,21.4,19.0,15.0,13.0,12.0,1595.9,1752.8
2025-03-15,2024,Valladolid,Celta,0,1,A,U,5.07,3.88,1.69,2,1,3,4,14,0.0,0.0,2.0,1.0,1.0,4.0,-3.0,8.0,5.0,3.0,-7.0,-1.0,-6.0,0.0,0.0,0.0,2.0,0.0,2.0,23.1,46.2,7.7,61.5,11.0,12.0,17.0,11.0,1382.0,1514.8
2025-03-15,2024,Mallorca,Espanol,2,1,H,O,1.82,3.37,4.91,7,0,6,2,15,1.0,1.0,0.0,1.0,5.0,3.0,2.0,3.0,3.0,0.0,2.0,0.0,2.0,1.0,0.0,1.0,0.0,0.0,0.0,35.7,28.6,8.3,75.0,11.0,4.0,13.0,1.0,1513.4,1471.7
2025-03-15,2024,Girona,Valencia,1,1,D,U,1.98,3.53,3.87,4,2,9,4,14,1.0,0.0,1.0,1.0,5.0,5.0,0.0,5.0,11.0,-6.0,0.0,-6.0,6.0,0.0,0.0,0.0,0.0,1.0,-1.0,46.2,38.5,0.0,53.8,14.0,10.0,18.0,12.0,1547.7,1487.2
2025-03-14,2024,Las Palmas,Alaves,2,2,D,O,2.91,3.02,2.7,7,3,4,5,14,0.0,0.0,2.0,1.0,2.0,4.0,-2.0,5.0,5.0,0.0,-3.0,-1.0,-2.0,0.0,0.0,0.0,1.0,0.0,1.0,23.1,46.2,14.3,57.1,13.0,14.0,15.0,13.0,1410.2,1462.2
2025-03-10,2024,Espanol,Girona,1,1,D,U,3.13,3.22,2.39,4,4,4,9,14,2.0,0.0,0.0,3.0,4.0,1.0,3.0,2.0,7.0,-5.0,2.0,-6.0,8.0,0.0,0.0,0.0,0.0,2.0,-2.0,46.2,23.1,23.1,53.8,10.0,8.0,4.0,8.0,1469.5,1550.0
2025-03-09,2024,Sociedad,Sevilla,0,1,A,U,2.2,3.15,3.59,2,4,6,3,14,2.0,1.0,1.0,0.0,5.0,5.0,0.0,4.0,1.0,3.0,1.0,4.0,-3.0,1.0,1.0,0.0,1.0,0.0,1.0,46.2,38.5,23.1,38.5,12.0,12.0,14.0,13.0,1551.6,1518.2
2025-03-09,2024,Real Madrid,Vallecano,2,1,H,O,1.28,5.97,10.23,5,6,4,6,13,2.0,1.0,0.0,1.0,7.0,2.0,5.0,2.0,2.0,0.0,5.0,0.0,5.0,2.0,0.0,2.0,0.0,0.0,0.0,83.3,8.3,30.8,30.8,27.0,10.0,25.0,17.0,1748.8,1509.1
2025-03-09,2024,Getafe,Ath Madrid,2,1,H,O,4.48,3.1,1.98,3,2,4,4,14,0.0,1.0,1.0,1.0,2.0,4.0,-2.0,3.0,2.0,1.0,-1.0,2.0,-3.0,0.0,1.0,-1.0,0.0,0.0,0.0,23.1,23.1,50.0,16.7,9.0,8.0,10.0,10.0,1488.9,1715.5
2025-03-09,2024,Betis,Las Palmas,1,0,H,U,1.45,4.61,7.02,6,1,11,1,14,2.0,0.0,0.0,2.0,7.0,3.0,4.0,3.0,6.0,-3.0,4.0,-3.0,7.0,1.0,0.0,1.0,0.0,1.0,-1.0,46.2,15.4,23.1,61.5,17.0,9.0,17.0,12.0,1579.5,1415.8
2025-03-09,2024,Ath Bilbao,Mallorca,1,1,D,U,1.63,3.73,6.01,2,2,3,3,14,2.0,0.0,0.0,2.0,10.0,1.0,9.0,1.0,7.0,-6.0,9.0,-6.0,15.0,2.0,0.0,2.0,0.0,2.0,-2.0,61.5,7.7,41.7,50.0,27.0,5.0,31.0,13.0,1631.3,1510.0
2025-03-08,2024,Valencia,Valladolid,2,1,H,O,1.39,4.5,9.27,4,4,5,4,14,2.0,0.0,1.0,3.0,4.0,2.0,2.0,4.0,13.0,-9.0,0.0,-11.0,11.0,1.0,0.0,1.0,1.0,2.0,-1.0,38.5,38.5,7.7,92.3,11.0,8.0,21.0,12.0,1479.7,1389.5
2025-03-08,2024,Celta,Leganes,2,1,H,O,1.56,4.04,6.37,4,6,2,5,14,2.0,0.0,1.0,2.0,5.0,0.0,5.0,4.0,5.0,-1.0,1.0,-5.0,6.0,0.0,0.0,0.0,0.0,2.0,-2.0,61.5,23.1,7.7,38.5,12.0,8.0,12.0,7.0,1505.8,1472.2
2025-03-08,2024,Alaves,Villarreal,1,0,H,U,3.07,3.32,2.4,3,2,1,6,13,0.0,2.0,2.0,0.0,1.0,4.0,-3.0,3.0,2.0,1.0,-2.0,2.0,-4.0,0.0,0.0,0.0,0.0,0.0,0.0,25.0,41.7,53.8,23.1,10.0,10.0,18.0,16.0,1447.8,1610.3
2025-03-02,2024,Osasuna,Valencia,3,3,D,O,2.31,3.16,3.32,5,5,3,3,14,1.0,0.0,0.0,1.0,4.0,3.0,1.0,3.0,9.0,-6.0,1.0,-6.0,7.0,0.0,0.0,0.0,0.0,1.0,-1.0,46.2,15.4,0.0,58.3,11.0,6.0,15.0,10.0,1515.6,1478.7
2025-03-02,2024,Mallorca,Alaves,1,1,D,U,2.27,3.05,3.57,4,7,3,9,14,1.0,1.0,1.0,1.0,4.0,6.0,-2.0,3.0,5.0,-2.0,1.0,1.0,0.0,1.0,1.0,0.0,0.0,0.0,0.0,38.5,30.8,15.4,61.5,10.0,12.0,14.0,7.0,1511.9,1446.0
2025-03-02,2024,Leganes,Getafe,1,0,H,U,3.21,2.74,2.67,1,0,2,6,13,1.0,3.0,1.0,0.0,4.0,6.0,-2.0,4.0,1.0,3.0,0.0,5.0,-5.0,0.0,1.0,-1.0,0.0,0.0,0.0,33.3,50.0,33.3,50.0,7.0,13.0,7.0,8.0,1461.1,1500.0
2025-03-02,2024,Barcelona,Sociedad,4,0,H,O,1.26,5.97,11.44,10,0,12,0,12,3.0,0.0,0.0,3.0,9.0,1.0,8.0,1.0,6.0,-5.0,8.0,-5.0,13.0,1.0,0.0,1.0,0.0,1.0,-1.0,72.7,27.3,33.3,50.0,20.0,7.0,23.0,17.0,1724.1,1557.1
2025-03-01,2024,Vallecano,Sevilla,1,1,D,U,2.3,3.23,3.31,8,5,6,6,13,2.0,2.0,1.0,0.0,3.0,6.0,-3.0,2.0,1.0,1.0,1.0,5.0,-4.0,0.0,1.0,-1.0,0.0,0.0,0.0,41.7,33.3,25.0,41.7,18.0,13.0,11.0,11.0,1508.8,1518.5
2025-03-01,2024,Girona,Celta,2,2,D,O,2.17,3.51,3.31,6,6,4,2,13,1.0,0.0,2.0,1.0,4.0,3.0,1.0,5.0,4.0,1.0,-1.0,-1.0,0.0,0.0,0.0,0.0,0.0,0.0,0.0,50.0,41.7,8.3,66.7,12.0,8.0,21.0,13.0,1551.4,1504.4
2025-03-01,2024,Betis,Real Madrid,2,1,H,O,4.41,4.07,1.74,3,2,9,2,13,1.0,1.0,1.0,1.0,6.0,4.0,2.0,5.0,2.0,3.0,1.0,2.0,-1.0,1.0,1.0,0.0,1.0,0.0,1.0,41.7,16.7,46.2,15.4,16.0,17.0,10.0,17.0,1564.3,1764.0
2025-03-01,2024,Ath Madrid,Ath Bilbao,1,0,H,U,2.04,3.44,3.78,4,3,6,2,14,1.0,1.0,0.0,0.0,4.0,5.0,-1.0,2.0,4.0,-2.0,2.0,1.0,1.0,1.0,0.0,1.0,0.0,0.0,0.0,69.2,0.0,41.7,16.7,16.0,14.0,17.0,18.0,1707.5,1639.3
2025-02-28,2024,Valladolid,Las Palmas,1,1,D,U,3.14,3.21,2.43,7,3,13,4,13,1.0,0.0,2.0,3.0,1.0,3.0,-2.0,7.0,9.0,-2.0,-6.0,-6.0,0.0,0.0,0.0,0.0,2.0,2.0,0.0,25.0,50.0,25.0,66.7,5.0,8.0,5.0,10.0,1388.7,1416.6
2025-02-24,2024,Sevilla,Mallorca,1,1,D,U,2.09,3.17,3.93,4,2,4,4,13,0.0,1.0,1.0,2.0,3.0,1.0,2.0,6.0,6.0,0.0,-3.0,-5.0,2.0,0.0,0.0,0.0,1.0,2.0,-1.0,41.7,33.3,45.5,54.5,13.0,5.0,20.0,9.0,1518.7,1511.7
2025-02-23,2024,Sociedad,Leganes,3,0,H,O,1.55,3.79,7.03,5,2,3,3,13,2.0,0.0,1.0,1.0,3.0,1.0,2.0,4.0,3.0,1.0,-1.0,-2.0,1.0,0.0,0.0,0.0,1.0,1.0,0.0,41.7,41.7,8.3,33.3,10.0,12.0,14.0,8.0,1549.4,1468.8
2025-02-23,2024,Real Madrid,Girona,2,0,H,U,1.28,6.26,9.32,5,2,11,5,12,2.0,1.0,0.0,2.0,9.0,2.0,7.0,4.0,5.0,-1.0,5.0,-3.0,8.0,2.0,0.0,2.0,0.0,1.0,-1.0,81.8,9.1,25.0,50.0,30.0,7.0,20.0,6.0,1759.2,1556.1
2025-02-23,2024,Getafe,Betis,1,2,A,O,2.61,3.06,2.95,4,6,2,5,13,0.0,1.0,1.0,2.0,1.0,3.0,-2.0,2.0,4.0,-2.0,-1.0,-1.0,0.0,0.0,0.0,0.0,0.0,0.0,0.0,25.0,16.7,25.0,50.0,10.0,11.0,11.0,19.0,1508.7,1555.6
2025-02-23,2024,Ath Bilbao,Valladolid,7,1,H,O,1.16,7.34,18.55,16,3,4,4,13,2.0,0.0,0.0,3.0,5.0,2.0,3.0,0.0,8.0,-8.0,5.0,-6.0,11.0,2.0,0.0,2.0,0.0,1.0,-1.0,58.3,8.3,8.3,91.7,15.0,9.0,30.0,15.0,1635.4,1392.7
2025-02-22,2024,Vallecano,Villarreal,0,1,A,U,2.98,3.42,2.39,5,5,3,5,12,3.0,1.0,0.0,1.0,5.0,3.0,2.0,2.0,3.0,-1.0,3.0,0.0,3.0,0.0,0.0,0.0,0.0,0.0,0.0,45.5,27.3,50.0,25.0,18.0,10.0,11.0,18.0,1516.3,1602.7
2025-02-22,2024,Valencia,Ath Madrid,0,3,A,O,4.35,3.42,1.91,2,3,7,0,13,3.0,1.0,0.0,1.0,5.0,3.0,2.0,1.0,3.0,-2.0,4.0,0.0,4.0,1.0,0.0,1.0,0.0,0.0,0.0,41.7,33.3,45.5,18.2,11.0,9.0,18.0,13.0,1483.1,1703.1
2025-02-22,2024,Las Palmas,Barcelona,0,2,A,U,10.33,6.79,1.24,2,5,5,3,13,0.0,1.0,2.0,0.0,3.0,7.0,-4.0,5.0,4.0,1.0,-2.0,3.0,-5.0,0.0,1.0,-1.0,0.0,0.0,0.0,25.0,41.7,61.5,15.4,18.0,14.0,14.0,20.0,1419.6,1721.1
2025-02-22,2024,Alaves,Espanol,0,1,A,U,1.8,3.38,5.22,5,2,7,0,12,0.0,0.0,2.0,2.0,1.0,2.0,-1.0,3.0,4.0,-1.0,-2.0,-2.0,0.0,0.0,0.0,0.0,0.0,0.0,0.0,27.3,36.4,0.0,81.8,7.0,4.0,17.0,3.0,1455.8,1459.6
2025-02-21,2024,Celta,Osasuna,1,0,H,U,1.7,3.8,5.2,5,1,5,4,13,2.0,0.0,1.0,1.0,6.0,2.0,4.0,4.0,3.0,1.0,2.0,-1.0,3.0,1.0,0.0,1.0,0.0,0.0,0.0,58.3,25.0,9.1,36.4,14.0,9.0,12.0,13.0,1493.5,1526.5
2025-02-17,2024,Barcelona,Vallecano,1,0,H,U,1.2,7.43,12.37,5,4,4,5,11,2.0,1.0,1.0,0.0,9.0,3.0,6.0,3.0,2.0,1.0,6.0,1.0,5.0,1.0,0.0,1.0,0.0,0.0,0.0,70.0,30.0,33.3,25.0,22.0,10.0,30.0,17.0,1716.2,1521.3
2025-02-16,2024,Valladolid,Sevilla,0,4,A,O,4.01,3.38,1.99,2,6,3,2,12,2.0,1.0,1.0,1.0,2.0,4.0,-2.0,3.0,5.0,-2.0,-1.0,-1.0,0.0,0.0,0.0,0.0,1.0,1.0,0.0,27.3,45.5,18.2,45.5,4.0,12.0,3.0,15.0,1399.5,1511.8
2025-02-16,2024,Mallorca,Las Palmas,3,1,H,O,1.73,3.53,5.29,5,4,3,5,13,1.0,0.0,1.0,2.0,3.0,2.0,1.0,3.0,6.0,-3.0,0.0,-4.0,4.0,0.0,0.0,0.0,0.0,1.0,-1.0,33.3,33.3,27.3,63.6,7.0,7.0,13.0,11.0,1503.9,1427.5
2025-02-16,2024,Espanol,Ath Bilbao,1,1,D,U,5.22,3.52,1.75,4,4,2,7,13,2.0,2.0,0.0,0.0,4.0,6.0,-2.0,2.0,4.0,-2.0,2.0,2.0,0.0,0.0,0.0,0.0,0.0,0.0,0.0,50.0,25.0,45.5,18.2,11.0,18.0,10.0,15.0,1454.7,1640.2
2025-02-16,2024,Betis,Sociedad,3,0,H,O,2.54,3.1,3.0,8,1,5,5,12,0.0,0.0,1.0,3.0,4.0,1.0,3.0,6.0,5.0,1.0,-2.0,-4.0,2.0,0.0,0.0,0.0,1.0,1.0,0.0,36.4,18.2,36.4,45.5,13.0,7.0,10.0,19.0,1545.2,1559.8
2025-02-15,2024,Villarreal,Valencia,1,1,D,U,1.53,4.43,5.96,4,3,4,5,12,2.0,0.0,0.0,1.0,10.0,3.0,7.0,2.0,9.0,-7.0,8.0,-6.0,14.0,2.0,0.0,2.0,0.0,1.0,-1.0,45.5,18.2,0.0,63.6,20.0,7.0,16.0,12.0,1606.2,1479.6
2025-02-15,2024,Osasuna,Real Madrid,1,1,D,U,5.58,4.32,1.57,4,6,6,2,13,1.0,2.0,1.0,1.0,4.0,5.0,-1.0,4.0,2.0,2.0,0.0,3.0,-3.0,0.0,1.0,-1.0,0.0,0.0,0.0,50.0,16.7,50.0,16.7,10.0,16.0,13.0,20.0,1520.5,1765.3
2025-02-15,2024,Leganes,Alaves,3,3,D,O,3.19,2.92,2.57,3,7,3,2,12,1.0,1.0,2.0,1.0,3.0,5.0,-2.0,6.0,4.0,2.0,-3.0,1.0,-4.0,0.0,1.0,-1.0,1.0,0.0,1.0,36.4,54.5,16.7,66.7,7.0,8.0,5.0,9.0,1469.2,1455.5
2025-02-15,2024,Ath Madrid,Celta,1,1,D,U,1.42,4.64,7.71,3,4,2,7,13,2.0,0.0,0.0,2.0,4.0,3.0,1.0,1.0,5.0,-4.0,3.0,-2.0,5.0,1.0,0.0,1.0,0.0,0.0,0.0,75.0,0.0,9.1,72.7,18.0,11.0,19.0,9.0,1708.7,1487.9
2025-02-14,2024,Girona,Getafe,1,2,A,O,1.98,3.22,4.44,4,6,3,3,12,2.0,3.0,1.0,0.0,6.0,6.0,0.0,3.0,1.0,2.0,3.0,5.0,-2.0,1.0,1.0,0.0,0.0,0.0,0.0,54.5,36.4,27.3,54.5,15.0,10.0,27.0,10.0,1568.1,1496.6
2025-02-10,2024,Mallorca,Osasuna,1,1,D,U,2.02,3.15,4.22,2,4,7,11,12,1.0,0.0,2.0,1.0,3.0,1.0,2.0,7.0,2.0,5.0,-4.0,-1.0,-3.0,0.0,0.0,0.0,1.0,0.0,1.0,36.4,36.4,10.0,40.0,6.0,5.0,8.0,6.0,1503.4,1521.0
2025-02-09,2024,Valencia,Leganes,2,0,H,U,1.74,3.43,5.39,4,4,9,3,12,2.0,1.0,1.0,0.0,4.0,2.0,2.0,3.0,1.0,2.0,1.0,1.0,0.0,0.0,0.0,0.0,0.0,0.0,0.0,36.4,36.4,9.1,27.3,12.0,12.0,11.0,7.0,1469.3,1479.5
2025-02-09,2024,Sociedad,Espanol,2,1,H,O,1.59,3.81,6.29,3,1,6,0,12,1.0,0.0,1.0,2.0,1.0,1.0,0.0,3.0,3.0,0.0,-2.0,-2.0,0.0,0.0,0.0,0.0,1.0,0.0,1.0,36.4,45.5,0.0,80.0,11.0,4.0,16.0,6.0,1552.4,1462.1
2025-02-09,2024,Sevilla,Barcelona,1,4,A,O,5.47,4.63,1.54,4,6,5,6,12,1.0,1.0,0.0,0.0,3.0,8.0,-5.0,2.0,4.0,-2.0,1.0,4.0,-3.0,0.0,1.0,-1.0,0.0,0.0,0.0,45.5,27.3,58.3,16.7,12.0,17.0,18.0,19.0,1516.7,1711.3
2025-02-09,2024,Alaves,Getafe,0,1,A,U,2.32,2.9,3.63,4,3,8,3,11,0.0,2.0,1.0,1.0,2.0,5.0,-3.0,3.0,2.0,1.0,-1.0,3.0,-4.0,0.0,1.0,-1.0,0.0,0.0,0.0,30.0,30.0,20.0,60.0,6.0,8.0,11.0,10.0,1464.8,1487.3
2025-02-08,2024,Real Madrid,Ath Madrid,1,1,D,U,1.88,3.68,4.13,9,1,6,1,11,3.0,2.0,0.0,1.0,10.0,7.0,3.0,3.0,2.0,1.0,7.0,5.0,2.0,3.0,1.0,2.0,0.0,0.0,0.0,90.0,10.0,50.0,20.0,25.0,17.0,19.0,17.0,1767.0,1707.0
2025-02-08,2024,Las Palmas,Villarreal,1,2,A,O,4.51,4.04,1.73,4,4,6,5,12,1.0,1.0,1.0,1.0,3.0,6.0,-3.0,3.0,4.0,-1.0,0.0,2.0,-2.0,0.0,1.0,-1.0,0.0,0.0,0.0,27.3,36.4,45.5,27.3,18.0,15.0,10.0,18.0,1433.0,1600.7
2025-02-08,2024,Celta,Betis,3,2,H,O,2.31,3.35,3.16,6,5,4,7,12,2.0,2.0,1.0,1.0,5.0,3.0,2.0,2.0,2.0,0.0,3.0,1.0,2.0,2.0,0.0,2.0,0.0,0.0,0.0,54.5,27.3,27.3,45.5,13.0,10.0,11.0,17.0,1475.6,1557.5
2025-02-08,2024,Ath Bilbao,Girona,3,0,H,O,1.67,3.84,5.29,8,1,11,2,12,2.0,1.0,0.0,2.0,4.0,3.0,1.0,1.0,4.0,-3.0,3.0,-1.0,4.0,1.0,0.0,1.0,0.0,0.0,0.0,54.5,9.1,27.3,45.5,10.0,7.0,24.0,8.0,1631.8,1576.5
2025-02-07,2024,Vallecano,Valladolid,1,0,H,U,1.49,4.25,7.3,6,3,4,2,11,2.0,0.0,0.0,3.0,7.0,2.0,5.0,5.0,10.0,-5.0,2.0,-8.0,10.0,0.0,0.0,0.0,0.0,2.0,-2.0,40.0,30.0,9.1,90.9,17.0,7.0,11.0,14.0,1514.3,1406.5
2025-02-03,2024,Girona,Las Palmas,2,1,H,O,1.62,4.1,5.29,4,2,11,3,11,1.0,1.0,2.0,1.0,4.0,3.0,1.0,5.0,5.0,0.0,-1.0,-2.0,1.0,1.0,0.0,1.0,1.0,1.0,0.0,50.0,40.0,30.0,60.0,15.0,8.0,22.0,8.0,1570.1,1439.4
2025-02-02,2024,Valencia,Celta,2,1,H,O,2.37,3.13,3.24,5,2,5,2,11,1.0,0.0,1.0,2.0,4.0,2.0,2.0,4.0,4.0,0.0,0.0,-2.0,2.0,0.0,0.0,0.0,0.0,0.0,0.0,30.0,40.0,10.0,70.0,10.0,11.0,11.0,11.0,1458.5,1486.4
2025-02-02,2024,Osasuna,Sociedad,2,1,H,O,3.02,2.97,2.6,4,3,3,5,12,0.0,1.0,1.0,2.0,4.0,3.0,1.0,5.0,3.0,2.0,-1.0,0.0,-1.0,0.0,1.0,-1.0,0.0,1.0,-1.0,45.5,18.2,40.0,40.0,14.0,9.0,18.0,17.0,1509.4,1563.9
2025-02-02,2024,Betis,Ath Bilbao,2,2,D,O,2.98,3.26,2.46,6,4,3,7,11,0.0,2.0,1.0,0.0,4.0,5.0,-1.0,6.0,3.0,3.0,-2.0,2.0,-4.0,0.0,0.0,0.0,1.0,0.0,1.0,40.0,20.0,50.0,20.0,13.0,16.0,13.0,12.0,1555.3,1634.1
2025-02-02,2024,Barcelona,Alaves,1,0,H,U,1.19,7.52,13.89,4,0,5,2,10,1.0,1.0,2.0,0.0,8.0,7.0,1.0,4.0,5.0,-1.0,4.0,2.0,2.0,1.0,1.0,0.0,0.0,0.0,0.0,66.7,33.3,18.2,63.6,22.0,11.0,33.0,10.0,1707.2,1468.9
2025-02-01,2024,Villarreal,Valladolid,5,1,H,O,1.23,6.59,11.97,8,2,3,6,11,1.0,0.0,1.0,3.0,6.0,2.0,4.0,3.0,7.0,-4.0,3.0,-5.0,8.0,1.0,0.0,1.0,0.0,1.0,-1.0,40.0,20.0,10.0,90.0,16.0,7.0,18.0,11.0,1595.6,1411.7
2025-02-01,2024,Getafe,Sevilla,0,0,D,U,2.49,2.92,3.3,1,1,6,5,12,1.0,1.0,1.0,2.0,2.0,7.0,-5.0,2.0,9.0,-7.0,0.0,-2.0,2.0,0.0,0.0,0.0,0.0,1.0,-1.0,27.3,18.2,20.0,50.0,15.0,14.0,8.0,13.0,1486.4,1517.6
2025-02-01,2024,Espanol,Real Madrid,1,0,H,U,9.57,5.49,1.31,2,7,1,8,12,1.0,2.0,0.0,0.0,4.0,8.0,-4.0,3.0,4.0,-1.0,1.0,4.0,-3.0,0.0,1.0,-1.0,0.0,0.0,0.0,45.5,27.3,54.5,9.1,12.0,15.0,13.0,15.0,1444.6,1784.5
2025-02-01,2024,Ath Madrid,Mallorca,2,0,H,U,1.41,4.34,8.9,5,1,10,4,12,2.0,1.0,0.0,2.0,3.0,1.0,2.0,1.0,6.0,-5.0,2.0,-5.0,7.0,0.0,0.0,0.0,0.0,2.0,-2.0,72.7,0.0,50.0,50.0,16.0,8.0,17.0,8.0,1702.0,1508.3
2025-01-31,2024,Leganes,Vallecano,0,1,A,U,3.23,2.99,2.48,1,3,2,9,11,1.0,0.0,2.0,0.0,3.0,3.0,0.0,8.0,3.0,5.0,-5.0,0.0,-5.0,0.0,0.0,0.0,2.0,0.0,2.0,40.0,50.0,27.3,27.3,8.0,10.0,8.0,15.0,1489.0,1504.7
2025-01-27,2024,Alaves,Celta,1,1,D,U,2.66,3.1,2.85,1,2,3,4,10,0.0,0.0,1.0,3.0,2.0,2.0,0.0,3.0,6.0,-3.0,-1.0,-4.0,3.0,0.0,0.0,0.0,0.0,1.0,-1.0,33.3,33.3,11.1,77.8,12.0,11.0,21.0,12.0,1468.3,1486.9
2025-01-26,2024,Vallecano,Girona,2,1,H,O,2.72,3.06,2.82,7,5,4,1,10,1.0,1.0,1.0,1.0,6.0,4.0,2.0,6.0,4.0,2.0,0.0,0.0,0.0,0.0,0.0,0.0,0.0,0.0,0.0,33.3,33.3,30.0,40.0,14.0,8.0,8.0,12.0,1492.2,1582.7
2025-01-26,2024,Sociedad,Getafe,0,3,A,O,1.76,3.21,5.81,4,4,5,2,11,2.0,1.0,0.0,2.0,3.0,2.0,1.0,0.0,4.0,-4.0,3.0,-2.0,5.0,1.0,0.0,1.0,0.0,1.0,-1.0,40.0,40.0,11.1,66.7,8.0,7.0,11.0,11.0,1576.8,1473.5
2025-01-26,2024,Barcelona,Valencia,7,1,H,O,1.2,7.06,12.73,11,2,14,4,9,0.0,0.0,3.0,1.0,2.0,2.0,0.0,5.0,3.0,2.0,-3.0,-1.0,-2.0,0.0,0.0,0.0,0.0,0.0,0.0,62.5,37.5,0.0,60.0,19.0,7.0,26.0,15.0,1703.2,1462.5
2025-01-26,2024,Ath Bilbao,Leganes,0,0,D,U,1.38,4.67,9.14,3,2,16,1,11,3.0,1.0,0.0,0.0,5.0,3.0,2.0,1.0,2.0,-1.0,4.0,1.0,3.0,1.0,0.0,1.0,0.0,0.0,0.0,60.0,10.0,10.0,30.0,11.0,13.0,12.0,14.0,1638.2,1484.9
2025-01-25,2024,Valladolid,Real Madrid,0,3,A,O,10.64,6.31,1.25,2,4,1,7,11,2.0,2.0,1.0,0.0,2.0,8.0,-6.0,5.0,4.0,1.0,-3.0,4.0,-7.0,0.0,1.0,-1.0,1.0,0.0,1.0,30.0,40.0,50.0,10.0,3.0,18.0,5.0,11.0,1413.8,1782.4
2025-01-25,2024,Sevilla,Espanol,1,1,D,U,1.71,3.75,5.06,4,1,5,1,11,1.0,0.0,0.0,3.0,3.0,1.0,2.0,2.0,6.0,-4.0,1.0,-5.0,6.0,0.0,0.0,0.0,0.0,1.0,-1.0,50.0,30.0,0.0,88.9,13.0,4.0,18.0,8.0,1519.8,1442.4
2025-01-25,2024,Mallorca,Betis,0,1,A,U,2.3,3.05,3.48,3,3,4,4,11,2.0,1.0,1.0,2.0,5.0,2.0,3.0,7.0,4.0,3.0,-2.0,-2.0,0.0,0.0,0.0,0.0,1.0,1.0,0.0,40.0,30.0,20.0,50.0,6.0,9.0,7.0,17.0,1517.5,1546.1
2025-01-25,2024,Ath Madrid,Villarreal,1,1,D,U,1.7,4.09,4.61,8,1,5,6,11,3.0,1.0,0.0,2.0,6.0,5.0,1.0,3.0,5.0,-2.0,3.0,0.0,3.0,0.0,1.0,-1.0,0.0,1.0,-1.0,80.0,0.0,50.0,30.0,17.0,15.0,17.0,15.0,1705.2,1592.4
2025-01-24,2024,Las Palmas,Osasuna,1,1,D,U,2.52,3.13,3.04,7,4,4,2,11,2.0,0.0,1.0,1.0,4.0,1.0,3.0,3.0,2.0,1.0,1.0,-1.0,2.0,0.0,0.0,0.0,0.0,0.0,0.0,30.0,40.0,11.1,44.4,16.0,4.0,9.0,5.0,1437.3,1511.5
2025-01-20,2024,Villarreal,Mallorca,4,0,H,O,1.73,3.68,5.04,7,2,6,5,10,0.0,2.0,1.0,1.0,4.0,4.0,0.0,5.0,4.0,1.0,-1.0,0.0,-1.0,0.0,0.0,0.0,0.0,1.0,-1.0,33.3,22.2,55.6,44.4,13.0,9.0,13.0,6.0,1584.1,1525.8
2025-01-19,2024,Valencia,Sociedad,1,0,H,U,3.1,3.05,2.51,2,3,4,7,10,0.0,1.0,2.0,2.0,3.0,3.0,0.0,5.0,3.0,2.0,-2.0,0.0,-2.0,0.0,1.0,-1.0,0.0,1.0,-1.0,22.2,44.4,44.4,33.3,14.0,7.0,16.0,14.0,1448.6,1590.7
2025-01-19,2024,Real Madrid,Las Palmas,4,1,H,O,1.15,8.44,16.41,13,2,8,2,10,3.0,2.0,0.0,0.0,10.0,5.0,5.0,2.0,2.0,0.0,8.0,3.0,5.0,3.0,1.0,2.0,0.0,0.0,0.0,88.9,11.1,33.3,55.6,20.0,9.0,22.0,10.0,1779.9,1439.8
2025-01-19,2024,Osasuna,Vallecano,1,1,D,U,2.18,3.11,3.68,3,3,6,3,11,0.0,1.0,1.0,0.0,5.0,3.0,2.0,6.0,2.0,4.0,-1.0,1.0,-2.0,0.0,0.0,0.0,0.0,0.0,0.0,50.0,20.0,30.0,30.0,14.0,8.0,12.0,16.0,1512.1,1491.6
2025-01-19,2024,Celta,Ath Bilbao,1,2,A,O,2.83,3.14,2.64,1,6,3,4,11,2.0,2.0,0.0,0.0,6.0,5.0,1.0,2.0,3.0,-1.0,4.0,2.0,2.0,2.0,0.0,2.0,0.0,0.0,0.0,60.0,20.0,44.4,22.2,20.0,17.0,13.0,15.0,1493.1,1632.0
2025-01-18,2024,Leganes,Ath Madrid,1,0,H,U,7.03,4.15,1.5,3,4,2,9,10,0.0,3.0,3.0,0.0,2.0,8.0,-6.0,11.0,1.0,10.0,-9.0,7.0,-16.0,0.0,1.0,-1.0,3.0,0.0,3.0,33.3,55.6,55.6,11.1,5.0,15.0,8.0,10.0,1468.7,1721.4
2025-01-18,2024,Girona,Sevilla,1,2,A,O,1.94,3.55,3.96,4,6,7,4,10,2.0,0.0,1.0,3.0,7.0,5.0,2.0,4.0,9.0,-5.0,3.0,-4.0,7.0,2.0,0.0,2.0,1.0,1.0,0.0,55.6,33.3,11.1,55.6,16.0,10.0,21.0,15.0,1595.2,1507.3
2025-01-18,2024,Getafe,Barcelona,1,1,D,U,6.51,4.35,1.5,4,5,2,10,11,2.0,1.0,1.0,0.0,3.0,9.0,-6.0,1.0,5.0,-4.0,2.0,4.0,-2.0,1.0,1.0,0.0,0.0,0.0,0.0,30.0,20.0,63.6,18.2,16.0,16.0,9.0,10.0,1467.5,1709.2
2025-01-18,2024,Betis,Alaves,1,3,A,O,1.75,3.68,4.81,2,5,2,3,10,0.0,0.0,0.0,1.0,5.0,5.0,0.0,5.0,6.0,-1.0,0.0,-1.0,1.0,0.0,0.0,0.0,0.0,0.0,0.0,44.4,11.1,10.0,70.0,17.0,7.0,13.0,7.0,1559.0,1455.4
2025-01-17,2024,Espanol,Valladolid,2,1,H,O,1.81,3.36,5.12,4,4,1,7,11,0.0,0.0,0.0,3.0,2.0,1.0,1.0,2.0,7.0,-5.0,0.0,-6.0,6.0,0.0,0.0,0.0,0.0,2.0,-2.0,40.0,30.0,11.1,88.9,11.0,6.0,17.0,6.0,1432.7,1423.6
2025-01-13,2024,Sociedad,Villarreal,1,0,H,U,1.94,3.48,4.0,3,5,3,7,10,2.0,1.0,0.0,1.0,3.0,7.0,-4.0,0.0,6.0,-6.0,3.0,1.0,2.0,1.0,1.0,0.0,0.0,1.0,-1.0,33.3,44.4,55.6,22.2,11.0,17.0,15.0,16.0,1580.3,1594.5
2025-01-12,2024,Las Palmas,Getafe,1,2,A,O,2.49,2.93,3.24,7,3,4,5,10,2.0,0.0,1.0,3.0,5.0,0.0,5.0,4.0,4.0,0.0,1.0,-4.0,5.0,0.0,0.0,0.0,0.0,1.0,-1.0,33.3,33.3,0.0,75.0,12.0,6.0,9.0,8.0,1449.5,1457.7
2025-01-12,2024,Ath Madrid,Osasuna,1,0,H,U,1.31,5.3,10.29,5,1,4,0,10,3.0,0.0,0.0,1.0,7.0,1.0,6.0,4.0,5.0,-1.0,3.0,-4.0,7.0,0.0,0.0,0.0,0.0,1.0,-1.0,77.8,0.0,12.5,37.5,20.0,3.0,18.0,8.0,1716.6,1516.9
2025-01-11,2024,Valladolid,Betis,1,0,H,U,4.48,3.47,1.85,1,3,1,8,10,1.0,1.0,1.0,2.0,2.0,4.0,-2.0,6.0,7.0,-1.0,-4.0,-3.0,-1.0,0.0,0.0,0.0,1.0,2.0,-1.0,22.2,44.4,22.2,44.4,5.0,9.0,9.0,13.0,1409.2,1573.4
2025-01-11,2024,Sevilla,Valencia,1,1,D,U,2.0,3.42,3.85,5,1,10,1,10,2.0,0.0,0.0,2.0,3.0,2.0,1.0,1.0,4.0,-3.0,2.0,-2.0,4.0,0.0,0.0,0.0,0.0,0.0,0.0,55.6,33.3,0.0,66.7,11.0,7.0,16.0,20.0,1509.1,1446.8
2025-01-11,2024,Espanol,Leganes,1,1,D,U,2.09,3.03,4.07,5,6,8,4,10,1.0,1.0,0.0,1.0,4.0,5.0,-1.0,2.0,5.0,-3.0,2.0,0.0,2.0,1.0,0.0,1.0,0.0,0.0,0.0,44.4,33.3,11.1,33.3,11.0,12.0,11.0,11.0,1431.6,1469.8
2025-01-11,2024,Alaves,Girona,0,1,A,U,2.77,3.13,2.7,2,1,6,3,9,1.0,1.0,0.0,1.0,3.0,4.0,-1.0,2.0,4.0,-2.0,1.0,0.0,1.0,0.0,0.0,0.0,0.0,0.0,0.0,37.5,25.0,22.2,44.4,13.0,9.0,22.0,11.0,1461.9,1588.7
2025-01-10,2024,Vallecano,Celta,2,1,H,O,2.81,3.07,2.74,5,7,3,3,9,0.0,0.0,2.0,2.0,5.0,3.0,2.0,8.0,6.0,2.0,-3.0,-3.0,0.0,0.0,0.0,0.0,1.0,1.0,0.0,25.0,37.5,12.5,75.0,16.0,6.0,17.0,9.0,1480.9,1503.8
2025-01-03,2024,Valencia,Real Madrid,1,2,A,O,7.11,4.67,1.44,5,5,2,5,9,1.0,1.0,1.0,1.0,6.0,7.0,-1.0,5.0,5.0,0.0,1.0,2.0,-1.0,1.0,1.0,0.0,0.0,0.0,0.0,25.0,37.5,44.4,11.1,14.0,18.0,16.0,8.0,1449.5,1777.3
2024-12-22,2024,Valencia,Alaves,2,2,D,O,2.28,3.04,3.52,3,3,5,4,8,1.0,0.0,2.0,2.0,6.0,3.0,3.0,6.0,7.0,-1.0,0.0,-4.0,4.0,1.0,0.0,1.0,0.0,1.0,-1.0,28.6,42.9,11.1,77.8,18.0,7.0,22.0,5.0,1449.1,1462.3
2024-12-22,2024,Real Madrid,Sevilla,4,2,H,O,1.34,5.53,8.21,8,5,6,6,9,2.0,1.0,1.0,2.0,6.0,5.0,1.0,4.0,5.0,-1.0,2.0,0.0,2.0,2.0,1.0,1.0,1.0,0.0,1.0,87.5,12.5,12.5,50.0,16.0,8.0,26.0,11.0,1773.6,1512.7
2024-12-22,2024,Leganes,Villarreal,2,5,A,O,4.1,3.47,1.94,3,9,1,5,9,1.0,1.0,2.0,1.0,1.0,4.0,-3.0,6.0,5.0,1.0,-5.0,-1.0,-4.0,0.0,0.0,0.0,2.0,1.0,1.0,37.5,50.0,50.0,25.0,6.0,17.0,7.0,17.0,1476.7,1587.6
2024-12-22,2024,Las Palmas,Espanol,1,0,H,U,1.84,3.54,4.45,4,2,2,2,9,2.0,0.0,1.0,3.0,5.0,2.0,3.0,4.0,8.0,-4.0,1.0,-6.0,7.0,0.0,0.0,0.0,0.0,2.0,-2.0,25.0,37.5,0.0,87.5,11.0,5.0,10.0,11.0,1439.5,1441.7
2024-12-22,2024,Betis,Vallecano,1,1,D,U,1.8,3.54,4.69,5,4,5,5,9,1.0,1.0,0.0,1.0,5.0,2.0,3.0,4.0,2.0,2.0,1.0,0.0,1.0,0.0,0.0,0.0,0.0,0.0,0.0,50.0,12.5,33.3,33.3,15.0,5.0,11.0,14.0,1576.2,1478.2
2024-12-21,2024,Osasuna,Ath Bilbao,1,2,A,O,3.76,3.2,2.12,3,8,4,4,10,1.0,1.0,0.0,0.0,5.0,4.0,1.0,4.0,3.0,1.0,1.0,1.0,0.0,0.0,0.0,0.0,0.0,0.0,0.0,55.6,11.1,37.5,25.0,15.0,10.0,15.0,16.0,1524.1,1624.8
2024-12-21,2024,Getafe,Mallorca,0,1,A,U,2.31,2.76,3.93,5,2,3,0,10,2.0,1.0,1.0,2.0,3.0,3.0,0.0,1.0,5.0,-4.0,2.0,-2.0,4.0,1.0,0.0,1.0,0.0,1.0,-1.0,33.3,11.1,50.0,50.0,11.0,9.0,11.0,8.0,1466.3,1517.3
2024-12-21,2024,Celta,Sociedad,2,0,H,U,2.92,3.11,2.6,7,1,5,7,10,2.0,2.0,0.0,1.0,5.0,5.0,0.0,2.0,1.0,1.0,3.0,4.0,-1.0,1.0,2.0,-1.0,0.0,0.0,0.0,55.6,22.2,50.0,25.0,16.0,9.0,8.0,16.0,1490.9,1593.1
2024-12-21,2024,Barcelona,Ath Madrid,1,2,A,O,1.89,3.88,3.85,7,4,11,3,8,1.0,2.0,2.0,1.0,4.0,6.0,-2.0,4.0,1.0,3.0,0.0,5.0,-5.0,1.0,1.0,0.0,0.0,0.0,0.0,71.4,28.6,50.0,12.5,21.0,14.0,24.0,17.0,1719.6,1706.2
2024-12-20,2024,Girona,Valladolid,3,0,H,O,1.39,4.83,8.26,7,1,9,1,9,2.0,0.0,1.0,3.0,8.0,1.0,7.0,7.0,5.0,2.0,1.0,-4.0,5.0,1.0,0.0,1.0,1.0,1.0,0.0,50.0,37.5,12.5,87.5,15.0,9.0,18.0,7.0,1583.2,1414.7
2024-12-18,2024,Villarreal,Vallecano,1,1,D,U,1.83,3.65,4.4,5,3,7,7,9,1.0,1.0,1.0,2.0,6.0,1.0,5.0,4.0,2.0,2.0,2.0,-1.0,3.0,1.0,0.0,1.0,0.0,0.0,0.0,37.5,25.0,37.5,37.5,11.0,4.0,13.0,9.0,1590.8,1475.0
2024-12-18,2024,Espanol,Valencia,1,1,D,U,2.65,2.95,3.02,3,4,4,7,9,1.0,0.0,1.0,2.0,3.0,2.0,1.0,3.0,4.0,-1.0,0.0,-2.0,2.0,1.0,0.0,1.0,1.0,0.0,1.0,50.0,37.5,0.0,75.0,9.0,4.0,20.0,15.0,1441.4,1449.3
2024-12-15,2024,Villarreal,Betis,1,2,A,O,1.79,3.89,4.3,4,4,5,5,8,1.0,0.0,0.0,2.0,6.0,3.0,3.0,3.0,7.0,-4.0,3.0,-4.0,7.0,1.0,0.0,1.0,0.0,2.0,-2.0,42.9,14.3,12.5,50.0,11.0,9.0,13.0,10.0,1601.9,1565.1
2024-12-15,2024,Sociedad,Las Palmas,0,0,D,U,1.42,4.31,8.55,4,3,8,6,9,2.0,2.0,1.0,1.0,3.0,5.0,-2.0,2.0,4.0,-2.0,1.0,1.0,0.0,1.0,1.0,0.0,1.0,1.0,0.0,37.5,50.0,37.5,62.5,16.0,7.0,21.0,5.0,1597.5,1435.1
2024-12-15,2024,Barcelona,Leganes,0,1,A,U,1.13,8.85,18.38,4,4,8,2,7,2.0,0.0,1.0,2.0,9.0,5.0,4.0,4.0,8.0,-4.0,5.0,-3.0,8.0,2.0,0.0,2.0,0.0,1.0,-1.0,83.3,16.7,0.0,37.5,26.0,10.0,21.0,11.0,1736.2,1460.1
2024-12-15,2024,Ath Madrid,Getafe,1,0,H,U,1.4,4.3,9.61,3,1,8,3,9,3.0,0.0,0.0,2.0,8.0,1.0,7.0,4.0,4.0,0.0,4.0,-3.0,7.0,1.0,0.0,1.0,0.0,1.0,-1.0,75.0,0.0,0.0,71.4,20.0,9.0,19.0,10.0,1702.0,1470.4
2024-12-15,2024,Alaves,Ath Bilbao,1,1,D,U,3.66,3.15,2.17,3,2,2,4,8,1.0,1.0,1.0,0.0,4.0,3.0,1.0,4.0,2.0,2.0,0.0,1.0,-1.0,0.0,0.0,0.0,0.0,0.0,0.0,42.9,28.6,42.9,28.6,14.0,9.0,25.0,26.0,1457.7,1629.4
2024-12-14,2024,Vallecano,Real Madrid,3,3,D,O,5.79,4.01,1.6,5,6,4,3,8,1.0,2.0,2.0,1.0,3.0,7.0,-4.0,5.0,2.0,3.0,-2.0,5.0,-7.0,0.0,2.0,-2.0,1.0,0.0,1.0,28.6,42.9,50.0,12.5,15.0,21.0,19.0,9.0,1467.8,1780.8
2024-12-14,2024,Sevilla,Celta,1,0,H,U,2.27,3.31,3.28,3,2,3,4,9,1.0,0.0,1.0,2.0,2.0,3.0,-1.0,3.0,8.0,-5.0,-1.0,-5.0,4.0,0.0,0.0,0.0,1.0,2.0,-1.0,50.0,37.5,14.3,71.4,8.0,9.0,18.0,7.0,1502.8,1500.8
2024-12-14,2024,Mallorca,Girona,2,1,H,O,2.36,3.05,3.37,2,1,2,4,10,1.0,1.0,2.0,1.0,3.0,3.0,0.0,7.0,3.0,4.0,-4.0,0.0,-4.0,0.0,0.0,0.0,1.0,0.0,1.0,33.3,33.3,25.0,37.5,10.0,11.0,12.0,12.0,1504.7,1595.7
2024-12-14,2024,Espanol,Osasuna,0,0,D,U,2.82,3.14,2.66,3,0,5,4,8,2.0,1.0,1.0,1.0,5.0,3.0,2.0,4.0,5.0,-1.0,1.0,-2.0,3.0,1.0,1.0,0.0,1.0,1.0,0.0,57.1,42.9,14.3,42.9,9.0,7.0,19.0,8.0,1439.0,1526.6
2024-12-13,2024,Valladolid,Valencia,1,0,H,U,3.23,3.05,2.44,1,2,1,7,9,0.0,0.0,2.0,1.0,2.0,2.0,0.0,8.0,3.0,5.0,-6.0,-1.0,-5.0,0.0,0.0,0.0,1.0,0.0,1.0,12.5,50.0,0.0,71.4,7.0,3.0,12.0,10.0,1403.0,1461.0
2024-12-09,2024,Getafe,Espanol,1,0,H,U,1.8,3.17,5.61,6,1,3,3,9,1.0,0.0,1.0,3.0,3.0,3.0,0.0,2.0,11.0,-9.0,1.0,-8.0,9.0,1.0,0.0,1.0,0.0,3.0,-3.0,25.0,12.5,0.0,85.7,9.0,6.0,16.0,13.0,1460.8,1448.6
2024-12-08,2024,Osasuna,Alaves,2,2,D,O,2.08,3.35,3.72,8,3,8,3,9,1.0,0.0,1.0,3.0,4.0,1.0,3.0,4.0,6.0,-2.0,0.0,-5.0,5.0,0.0,0.0,0.0,0.0,1.0,-1.0,62.5,12.5,12.5,87.5,13.0,11.0,17.0,4.0,1528.6,1455.7
2024-12-08,2024,Leganes,Sociedad,0,3,A,O,4.61,3.15,1.94,2,5,5,3,8,2.0,2.0,1.0,1.0,4.0,3.0,1.0,3.0,1.0,2.0,1.0,2.0,-1.0,1.0,1.0,0.0,1.0,0.0,1.0,42.9,42.9,42.9,28.6,8.0,8.0,6.0,19.0,1466.6,1590.9
2024-12-08,2024,Ath Madrid,Sevilla,4,3,H,O,1.38,4.84,8.57,9,3,5,3,8,3.0,1.0,0.0,2.0,7.0,3.0,4.0,2.0,6.0,-4.0,5.0,-3.0,8.0,2.0,1.0,1.0,0.0,1.0,-1.0,71.4,0.0,14.3,42.9,20.0,6.0,22.0,13.0,1697.0,1507.8
2024-12-08,2024,Ath Bilbao,Villarreal,2,0,H,U,1.96,3.7,3.72,4,1,3,3,10,2.0,1.0,0.0,1.0,4.0,4.0,0.0,2.0,5.0,-3.0,2.0,-1.0,3.0,0.0,0.0,0.0,0.0,1.0,-1.0,55.6,11.1,57.1,14.3,15.0,17.0,15.0,19.0,1619.6,1611.6
2024-12-07,2024,Valencia,Vallecano,0,1,A,U,2.25,2.98,3.81,6,1,9,4,7,1.0,1.0,1.0,2.0,6.0,2.0,4.0,5.0,3.0,2.0,1.0,-1.0,2.0,1.0,0.0,1.0,0.0,0.0,0.0,33.3,33.3,28.6,42.9,14.0,6.0,23.0,18.0,1471.4,1457.4
2024-12-07,2024,Las Palmas,Valladolid,2,1,H,O,1.8,3.65,4.64,5,2,3,3,8,1.0,1.0,2.0,2.0,3.0,3.0,0.0,4.0,5.0,-1.0,-1.0,-2.0,1.0,0.0,0.0,0.0,0.0,1.0,-1.0,14.3,42.9,14.3,85.7,11.0,11.0,18.0,10.0,1425.5,1412.6
2024-12-07,2024,Girona,Real Madrid,0,3,A,O,4.56,4.01,1.73,4,7,6,3,8,2.0,2.0,1.0,1.0,8.0,6.0,2.0,5.0,3.0,2.0,3.0,3.0,0.0,1.0,1.0,0.0,0.0,0.0,0.0,57.1,28.6,42.9,14.3,14.0,17.0,18.0,8.0,1601.1,1775.4
2024-12-07,2024,Betis,Barcelona,2,2,D,O,5.11,4.5,1.6,6,3,6,4,8,2.0,1.0,0.0,1.0,4.0,7.0,-3.0,2.0,4.0,-2.0,2.0,3.0,-1.0,0.0,1.0,-1.0,0.0,0.0,0.0,57.1,14.3,70.0,20.0,21.0,13.0,13.0,12.0,1560.3,1741.0
2024-12-06,2024,Celta,Mallorca,2,0,H,U,1.89,3.36,4.62,5,4,3,3,9,1.0,1.0,1.0,2.0,4.0,4.0,0.0,4.0,5.0,-1.0,0.0,-1.0,1.0,0.0,0.0,0.0,0.0,0.0,0.0,50.0,25.0,57.1,42.9,16.0,9.0,11.0,11.0,1490.1,1515.5
2024-12-04,2024,Ath Bilbao,Real Madrid,2,1,H,O,3.14,3.5,2.28,3,5,5,2,9,2.0,2.0,0.0,0.0,6.0,6.0,0.0,2.0,2.0,0.0,4.0,4.0,0.0,1.0,1.0,0.0,0.0,0.0,0.0,50.0,12.5,50.0,0.0,18.0,16.0,15.0,11.0,1604.7,1790.3
2024-12-03,2024,Mallorca,Barcelona,1,5,A,O,6.11,4.38,1.53,1,9,2,5,9,1.0,1.0,1.0,1.0,2.0,6.0,-4.0,2.0,3.0,-1.0,0.0,3.0,-3.0,0.0,1.0,-1.0,0.0,0.0,0.0,37.5,25.0,66.7,22.2,10.0,11.0,11.0,10.0,1519.9,1736.5
2024-12-02,2024,Sevilla,Osasuna,1,1,D,U,2.14,3.36,3.52,5,3,5,1,8,2.0,1.0,1.0,1.0,2.0,3.0,-1.0,2.0,5.0,-3.0,0.0,-2.0,2.0,0.0,1.0,-1.0,1.0,1.0,0.0,57.1,42.9,16.7,50.0,8.0,6.0,17.0,9.0,1507.2,1529.3
2024-12-01,2024,Villarreal,Girona,2,2,D,O,1.86,3.84,4.0,4,6,1,5,7,2.0,1.0,0.0,1.0,7.0,2.0,5.0,2.0,2.0,0.0,5.0,0.0,5.0,2.0,0.0,2.0,0.0,0.0,0.0,50.0,16.7,28.6,42.9,14.0,9.0,15.0,11.0,1612.0,1600.8
2024-12-01,2024,Vallecano,Ath Bilbao,1,2,A,O,2.84,3.08,2.69,4,7,1,7,7,1.0,0.0,1.0,1.0,3.0,2.0,1.0,4.0,3.0,1.0,-1.0,-1.0,0.0,0.0,0.0,0.0,1.0,0.0,1.0,33.3,33.3,33.3,33.3,17.0,6.0,23.0,20.0,1463.7,1598.4
2024-12-01,2024,Sociedad,Betis,2,0,H,U,1.79,3.58,4.78,1,2,0,4,8,1.0,1.0,1.0,1.0,2.0,5.0,-3.0,3.0,6.0,-3.0,-1.0,-1.0,0.0,0.0,0.0,0.0,1.0,1.0,0.0,28.6,57.1,14.3,42.9,23.0,14.0,26.0,8.0,1581.3,1570.0
2024-12-01,2024,Real Madrid,Getafe,2,0,H,U,1.36,4.75,9.5,4,3,5,3,8,2.0,0.0,1.0,2.0,6.0,1.0,5.0,4.0,3.0,1.0,2.0,-2.0,4.0,2.0,0.0,2.0,1.0,0.0,1.0,85.7,14.3,0.0,66.7,14.0,7.0,23.0,12.0,1787.7,1463.5
2024-11-30,2024,Valladolid,Ath Madrid,0,5,A,O,6.33,4.07,1.56,1,9,3,5,8,0.0,1.0,2.0,1.0,3.0,2.0,1.0,5.0,2.0,3.0,-2.0,0.0,-2.0,0.0,0.0,0.0,0.0,0.0,0.0,14.3,42.9,42.9,14.3,11.0,6.0,14.0,13.0,1416.0,1693.6
2024-11-30,2024,Espanol,Celta,3,1,H,O,3.31,3.33,2.26,5,2,2,5,7,1.0,1.0,2.0,1.0,3.0,3.0,0.0,5.0,5.0,0.0,-2.0,-2.0,0.0,0.0,0.0,0.0,1.0,1.0,0.0,50.0,50.0,16.7,66.7,6.0,8.0,21.0,4.0,1436.8,1502.0
2024-11-30,2024,Barcelona,Las Palmas,1,2,A,O,1.16,8.92,14.85,8,3,7,0,6,3.0,2.0,0.0,1.0,9.0,6.0,3.0,2.0,5.0,-3.0,7.0,1.0,6.0,2.0,1.0,1.0,0.0,1.0,-1.0,100.0,0.0,28.6,71.4,22.0,10.0,21.0,7.0,1754.1,1407.9
2024-11-30,2024,Alaves,Leganes,1,1,D,U,1.83,3.27,5.19,7,3,13,8,7,1.0,0.0,2.0,2.0,3.0,5.0,-2.0,6.0,8.0,-2.0,-3.0,-3.0,0.0,0.0,0.0,0.0,1.0,1.0,0.0,50.0,33.3,0.0,42.9,9.0,10.0,23.0,8.0,1455.3,1467.0
2024-11-29,2024,Mallorca,Valencia,2,1,H,O,2.04,2.94,4.67,3,1,3,6,8,1.0,0.0,1.0,1.0,1.0,1.0,0.0,1.0,4.0,-3.0,0.0,-3.0,3.0,0.0,0.0,0.0,0.0,1.0,-1.0,28.6,28.6,0.0,66.7,12.0,6.0,17.0,8.0,1510.8,1480.5
2024-11-24,2024,Sevilla,Vallecano,1,0,H,U,2.32,3.23,3.28,3,1,8,3,7,2.0,1.0,1.0,1.0,3.0,2.0,1.0,3.0,2.0,1.0,0.0,0.0,0.0,0.0,0.0,0.0,1.0,0.0,1.0,50.0,50.0,33.3,33.3,10.0,5.0,15.0,18.0,1497.9,1473.0
2024-11-24,2024,Osasuna,Villarreal,2,2,D,O,2.59,3.45,2.7,3,7,0,8,8,2.0,2.0,1.0,1.0,6.0,4.0,2.0,4.0,4.0,0.0,2.0,0.0,2.0,1.0,0.0,1.0,0.0,1.0,-1.0,71.4,14.3,66.7,16.7,16.0,14.0,22.0,12.0,1526.8,1614.4
2024-11-24,2024,Leganes,Real Madrid,0,3,A,O,8.26,4.66,1.4,0,9,2,4,7,2.0,2.0,0.0,0.0,4.0,5.0,-1.0,0.0,2.0,-2.0,4.0,3.0,1.0,1.0,1.0,0.0,0.0,0.0,0.0,50.0,33.3,40.0,0.0,8.0,14.0,5.0,13.0,1469.8,1784.8
2024-11-24,2024,Ath Bilbao,Sociedad,1,0,H,U,2.25,3.04,3.65,4,1,4,4,8,1.0,2.0,0.0,0.0,6.0,3.0,3.0,3.0,0.0,3.0,3.0,3.0,0.0,1.0,1.0,0.0,0.0,0.0,0.0,42.9,14.3,50.0,16.7,17.0,11.0,15.0,22.0,1588.3,1591.4
2024-11-23,2024,Valencia,Betis,4,2,H,O,2.97,3.06,2.63,5,3,2,4,6,1.0,1.0,1.0,1.0,4.0,3.0,1.0,3.0,3.0,0.0,1.0,0.0,1.0,1.0,0.0,1.0,0.0,0.0,0.0,20.0,40.0,16.7,33.3,11.0,14.0,26.0,5.0,1467.3,1583.2
2024-11-23,2024,Las Palmas,Mallorca,2,3,A,O,2.96,2.94,2.72,3,3,4,3,7,1.0,1.0,1.0,2.0,2.0,3.0,-1.0,2.0,4.0,-2.0,0.0,-1.0,1.0,0.0,0.0,0.0,0.0,0.0,0.0,16.7,33.3,50.0,50.0,10.0,12.0,15.0,12.0,1415.4,1503.3
2024-11-23,2024,Girona,Espanol,4,1,H,O,1.67,3.91,5.3,5,1,6,3,7,2.0,0.0,1.0,3.0,6.0,2.0,4.0,5.0,8.0,-3.0,1.0,-6.0,7.0,0.0,0.0,0.0,0.0,2.0,-2.0,50.0,33.3,0.0,83.3,15.0,6.0,18.0,14.0,1594.9,1442.6
2024-11-23,2024,Celta,Barcelona,2,2,D,O,4.58,4.44,1.67,8,4,5,1,8,1.0,2.0,1.0,1.0,3.0,7.0,-4.0,3.0,1.0,2.0,0.0,6.0,-6.0,0.0,2.0,-2.0,0.0,0.0,0.0,57.1,28.6,75.0,25.0,10.0,15.0,10.0,12.0,1495.5,1760.6
2024-11-23,2024,Ath Madrid,Alaves,2,1,H,O,1.36,4.86,9.9,8,1,5,0,7,2.0,0.0,0.0,3.0,6.0,0.0,6.0,2.0,6.0,-4.0,4.0,-6.0,10.0,2.0,0.0,2.0,0.0,2.0,-2.0,66.7,0.0,14.3,85.7,16.0,11.0,22.0,6.0,1689.4,1459.5
2024-11-22,2024,Getafe,Valladolid,2,0,H,U,1.67,3.44,6.48,5,3,3,2,8,0.0,1.0,1.0,2.0,2.0,4.0,-2.0,3.0,5.0,-2.0,-1.0,-1.0,0.0,0.0,0.0,0.0,0.0,0.0,0.0,14.3,14.3,16.7,83.3,7.0,10.0,17.0,12.0,1454.3,1425.2
2024-11-10,2024,Valladolid,Ath Bilbao,1,1,D,U,4.53,3.42,1.87,3,1,5,5,7,0.0,1.0,3.0,1.0,3.0,3.0,0.0,6.0,2.0,4.0,-3.0,1.0,-4.0,0.0,1.0,-1.0,0.0,0.0,0.0,16.7,50.0,40.0,40.0,9.0,9.0,16.0,22.0,1420.6,1592.9
2024-11-10,2024,Sociedad,Barcelona,1,0,H,U,4.75,4.1,1.68,6,0,7,6,7,1.0,2.0,1.0,1.0,4.0,9.0,-5.0,3.0,4.0,-1.0,1.0,5.0,-4.0,1.0,2.0,-1.0,1.0,1.0,0.0,16.7,66.7,85.7,14.3,23.0,20.0,25.0,14.0,1576.2,1775.8
2024-11-10,2024,Mallorca,Ath Madrid,0,1,A,U,3.74,3.02,2.24,6,2,7,2,7,2.0,1.0,0.0,1.0,2.0,2.0,0.0,0.0,2.0,-2.0,2.0,0.0,2.0,0.0,0.0,0.0,0.0,0.0,0.0,33.3,16.7,33.3,16.7,10.0,6.0,15.0,14.0,1508.6,1684.1
2024-11-10,2024,Getafe,Girona,0,1,A,U,2.46,3.1,3.15,0,2,5,2,7,1.0,0.0,0.0,2.0,4.0,1.0,3.0,2.0,4.0,-2.0,2.0,-3.0,5.0,1.0,0.0,1.0,0.0,1.0,-1.0,16.7,0.0,16.7,50.0,15.0,10.0,14.0,13.0,1460.8,1588.4
2024-11-10,2024,Betis,Celta,2,2,D,O,2.0,3.54,3.77,6,2,2,0,7,2.0,1.0,1.0,2.0,3.0,2.0,1.0,2.0,6.0,-4.0,1.0,-4.0,5.0,0.0,0.0,0.0,0.0,2.0,-2.0,66.7,16.7,20.0,80.0,21.0,10.0,17.0,10.0,1585.8,1492.9
2024-11-09,2024,Villarreal,Alaves,3,0,H,O,1.63,4.14,5.27,3,3,7,2,6,1.0,0.0,1.0,3.0,5.0,2.0,3.0,7.0,6.0,1.0,-2.0,-4.0,2.0,1.0,0.0,1.0,1.0,1.0,0.0,40.0,20.0,16.7,83.3,15.0,11.0,15.0,8.0,1608.3,1465.6
2024-11-09,2024,Real Madrid,Osasuna,4,0,H,O,1.19,7.32,13.91,8,0,11,3,7,2.0,1.0,1.0,0.0,5.0,3.0,2.0,6.0,1.0,5.0,-1.0,2.0,-3.0,1.0,1.0,0.0,1.0,0.0,1.0,83.3,16.7,20.0,40.0,10.0,8.0,16.0,11.0,1781.0,1530.6
2024-11-09,2024,Leganes,Sevilla,1,0,H,U,2.92,3.06,2.66,4,2,0,6,6,1.0,1.0,1.0,1.0,3.0,4.0,-1.0,2.0,6.0,-4.0,1.0,-2.0,3.0,1.0,1.0,0.0,1.0,1.0,0.0,40.0,40.0,16.7,33.3,7.0,8.0,9.0,14.0,1458.3,1509.4
2024-11-08,2024,Vallecano,Las Palmas,1,3,A,O,1.88,3.43,4.56,7,3,12,4,6,1.0,1.0,0.0,2.0,3.0,4.0,-1.0,2.0,7.0,-5.0,1.0,-3.0,4.0,0.0,0.0,0.0,0.0,2.0,-2.0,40.0,20.0,16.7,83.3,13.0,10.0,14.0,5.0,1485.3,1403.1
2024-11-04,2024,Celta,Getafe,1,0,H,U,1.96,3.27,4.36,3,2,0,2,7,0.0,0.0,2.0,2.0,2.0,2.0,0.0,4.0,4.0,0.0,-2.0,-2.0,0.0,0.0,0.0,0.0,0.0,0.0,0.0,50.0,33.3,0.0,60.0,11.0,10.0,12.0,14.0,1483.3,1470.4
2024-11-03,2024,Sevilla,Sociedad,0,2,A,U,2.94,3.05,2.64,0,3,5,9,6,3.0,1.0,0.0,1.0,4.0,1.0,3.0,1.0,1.0,0.0,3.0,0.0,3.0,0.0,0.0,0.0,0.0,0.0,0.0,60.0,40.0,40.0,20.0,14.0,12.0,13.0,18.0,1517.9,1567.6
2024-11-03,2024,Barcelona,Espanol,3,1,H,O,1.12,10.76,17.94,9,3,9,5,5,3.0,0.0,0.0,3.0,13.0,2.0,11.0,1.0,9.0,-8.0,12.0,-7.0,19.0,2.0,0.0,2.0,0.0,2.0,-2.0,100.0,0.0,0.0,80.0,23.0,5.0,22.0,13.0,1773.1,1445.3
2024-11-03,2024,Ath Madrid,Las Palmas,2,0,H,U,1.27,5.92,11.1,3,1,9,1,6,2.0,1.0,0.0,2.0,7.0,5.0,2.0,2.0,7.0,-5.0,5.0,-2.0,7.0,2.0,0.0,2.0,0.0,1.0,-1.0,60.0,0.0,20.0,80.0,18.0,13.0,20.0,8.0,1680.6,1406.5
2024-11-03,2024,Ath Bilbao,Betis,1,1,D,U,1.93,3.5,4.09,8,4,6,2,7,2.0,1.0,0.0,1.0,8.0,3.0,5.0,3.0,3.0,0.0,5.0,0.0,5.0,2.0,0.0,2.0,0.0,0.0,0.0,50.0,16.7,20.0,40.0,16.0,15.0,12.0,7.0,1593.1,1585.6
2024-11-02,2024,Osasuna,Valladolid,1,0,H,U,1.63,3.79,6.02,4,4,7,2,7,2.0,1.0,1.0,2.0,7.0,5.0,2.0,5.0,7.0,-2.0,2.0,-2.0,4.0,1.0,0.0,1.0,0.0,1.0,-1.0,66.7,16.7,20.0,80.0,14.0,7.0,17.0,13.0,1523.3,1427.9
2024-11-02,2024,Girona,Leganes,4,3,H,O,1.71,3.64,5.43,6,5,6,1,6,1.0,0.0,1.0,1.0,2.0,3.0,-1.0,2.0,5.0,-3.0,0.0,-2.0,2.0,0.0,0.0,0.0,0.0,1.0,-1.0,40.0,40.0,0.0,33.3,9.0,8.0,16.0,9.0,1581.6,1465.1
2024-11-01,2024,Alaves,Mallorca,1,0,H,U,2.38,2.97,3.5,3,2,7,2,6,1.0,2.0,2.0,1.0,4.0,5.0,-1.0,7.0,4.0,3.0,-3.0,1.0,-4.0,0.0,0.0,0.0,1.0,0.0,1.0,40.0,40.0,60.0,40.0,10.0,16.0,19.0,13.0,1453.7,1520.5
2024-10-28,2024,Mallorca,Ath Bilbao,0,0,D,U,3.0,2.98,2.64,1,1,1,14,6,2.0,2.0,1.0,1.0,3.0,6.0,-3.0,2.0,4.0,-2.0,1.0,2.0,-1.0,0.0,1.0,-1.0,0.0,0.0,0.0,40.0,20.0,50.0,50.0,14.0,12.0,21.0,11.0,1518.3,1595.3
2024-10-27,2024,Sociedad,Osasuna,0,2,A,U,1.79,3.63,4.69,9,4,14,4,6,1.0,0.0,1.0,1.0,4.0,2.0,2.0,3.0,4.0,-1.0,1.0,-2.0,3.0,1.0,0.0,1.0,1.0,1.0,0.0,20.0,60.0,0.0,50.0,16.0,6.0,17.0,11.0,1579.5,1511.4
2024-10-27,2024,Leganes,Celta,3,0,H,O,3.28,3.18,2.36,4,5,4,2,5,0.0,1.0,2.0,2.0,0.0,4.0,-4.0,3.0,6.0,-3.0,-3.0,-2.0,-1.0,0.0,0.0,0.0,1.0,1.0,0.0,25.0,50.0,25.0,75.0,5.0,8.0,6.0,11.0,1453.9,1494.5
2024-10-27,2024,Getafe,Valencia,1,1,D,U,2.19,2.93,4.02,4,1,8,2,6,1.0,0.0,0.0,2.0,4.0,0.0,4.0,2.0,6.0,-4.0,2.0,-6.0,8.0,1.0,0.0,1.0,0.0,2.0,-2.0,20.0,0.0,0.0,80.0,14.0,6.0,12.0,9.0,1470.5,1467.2
2024-10-27,2024,Betis,Ath Madrid,1,0,H,U,3.19,3.22,2.37,3,3,3,10,6,2.0,1.0,1.0,0.0,4.0,3.0,1.0,3.0,2.0,1.0,1.0,1.0,0.0,0.0,0.0,0.0,0.0,0.0,0.0,60.0,20.0,40.0,0.0,26.0,8.0,22.0,8.0,1572.3,1694.0
2024-10-26,2024,Vallecano,Alaves,1,0,H,U,2.26,3.09,3.6,4,7,6,2,5,1.0,0.0,0.0,3.0,5.0,4.0,1.0,3.0,8.0,-5.0,2.0,-4.0,6.0,1.0,0.0,1.0,0.0,1.0,-1.0,25.0,25.0,20.0,80.0,15.0,10.0,15.0,11.0,1475.6,1463.4
2024-10-26,2024,Valladolid,Villarreal,1,2,A,O,3.61,3.68,2.02,3,9,4,6,6,0.0,2.0,2.0,1.0,2.0,4.0,-2.0,4.0,4.0,0.0,-2.0,0.0,-2.0,0.0,0.0,0.0,0.0,1.0,-1.0,20.0,40.0,60.0,20.0,8.0,9.0,17.0,12.0,1433.4,1602.8
2024-10-26,2024,Real Madrid,Barcelona,0,4,A,O,2.04,4.04,3.29,4,7,10,3,6,3.0,2.0,0.0,1.0,9.0,10.0,-1.0,3.0,5.0,-2.0,6.0,5.0,1.0,2.0,2.0,0.0,0.0,1.0,-1.0,100.0,0.0,83.3,16.7,20.0,23.0,15.0,14.0,1791.9,1762.3
2024-10-26,2024,Las Palmas,Girona,1,0,H,U,2.87,3.42,2.49,3,3,3,5,6,0.0,1.0,2.0,1.0,3.0,3.0,0.0,5.0,3.0,2.0,-2.0,0.0,-2.0,0.0,1.0,-1.0,0.0,1.0,-1.0,0.0,40.0,20.0,40.0,13.0,11.0,21.0,13.0,1391.2,1596.9
2024-10-25,2024,Espanol,Sevilla,0,2,A,U,3.17,3.21,2.42,1,3,13,2,6,2.0,0.0,1.0,2.0,6.0,3.0,3.0,5.0,8.0,-3.0,1.0,-5.0,6.0,0.0,0.0,0.0,0.0,1.0,-1.0,60.0,40.0,0.0,40.0,9.0,7.0,8.0,17.0,1453.7,1509.5
2024-10-21,2024,Valencia,Las Palmas,2,3,A,O,1.65,3.71,5.85,7,6,11,2,5,1.0,0.0,0.0,3.0,3.0,2.0,1.0,1.0,7.0,-6.0,2.0,-5.0,7.0,1.0,0.0,1.0,0.0,2.0,-2.0,25.0,25.0,0.0,100.0,10.0,14.0,29.0,11.0,1480.0,1378.3
2024-10-20,2024,Villarreal,Getafe,1,1,D,U,1.73,3.77,4.9,4,4,5,5,5,2.0,0.0,1.0,3.0,8.0,1.0,7.0,9.0,4.0,5.0,-1.0,-3.0,2.0,1.0,0.0,1.0,1.0,0.0,1.0,50.0,25.0,0.0,75.0,20.0,10.0,17.0,13.0,1606.7,1466.7
2024-10-20,2024,Mallorca,Vallecano,1,0,H,U,2.1,3.07,4.08,5,2,9,2,5,1.0,1.0,1.0,1.0,2.0,3.0,-1.0,2.0,3.0,-1.0,0.0,0.0,0.0,0.0,0.0,0.0,0.0,0.0,0.0,25.0,25.0,40.0,20.0,13.0,8.0,17.0,23.0,1509.0,1485.0
2024-10-20,2024,Barcelona,Sevilla,5,1,H,O,1.31,5.81,8.96,9,1,5,5,4,3.0,0.0,0.0,1.0,10.0,2.0,8.0,1.0,3.0,-2.0,9.0,-1.0,10.0,1.0,0.0,1.0,0.0,0.0,0.0,100.0,0.0,0.0,25.0,19.0,13.0,22.0,21.0,1758.4,1513.5
2024-10-20,2024,Ath Madrid,Leganes,3,1,H,O,1.33,4.96,10.5,9,2,8,2,5,1.0,0.0,0.0,1.0,4.0,2.0,2.0,1.0,4.0,-3.0,3.0,-2.0,5.0,1.0,0.0,1.0,0.0,1.0,-1.0,50.0,0.0,0.0,20.0,16.0,6.0,21.0,8.0,1689.8,1458.1
2024-10-19,2024,Osasuna,Betis,1,2,A,O,2.58,3.3,2.83,6,7,10,2,6,3.0,0.0,0.0,2.0,9.0,1.0,8.0,5.0,4.0,1.0,4.0,-3.0,7.0,1.0,0.0,1.0,0.0,1.0,-1.0,80.0,0.0,0.0,50.0,12.0,10.0,13.0,8.0,1520.1,1563.5
2024-10-19,2024,Girona,Sociedad,0,1,A,U,2.51,3.29,2.93,3,4,6,6,5,1.0,0.0,1.0,1.0,3.0,0.0,3.0,5.0,1.0,4.0,-2.0,-1.0,-1.0,0.0,0.0,0.0,1.0,0.0,1.0,50.0,25.0,25.0,25.0,10.0,8.0,11.0,13.0,1608.1,1568.4
2024-10-19,2024,Celta,Real Madrid,1,2,A,O,5.24,4.37,1.61,5,3,6,2,6,1.0,1.0,1.0,0.0,4.0,4.0,0.0,3.0,2.0,1.0,1.0,2.0,-1.0,1.0,1.0,0.0,0.0,0.0,0.0,60.0,20.0,25.0,0.0,13.0,19.0,11.0,17.0,1497.6,1788.7
2024-10-19,2024,Ath Bilbao,Espanol,4,1,H,O,1.46,4.32,7.98,6,2,5,5,6,1.0,0.0,1.0,2.0,4.0,1.0,3.0,3.0,5.0,-2.0,1.0,-4.0,5.0,1.0,0.0,1.0,0.0,1.0,-1.0,40.0,20.0,0.0,75.0,11.0,4.0,9.0,11.0,1588.9,1460.1
2024-10-18,2024,Alaves,Valladolid,2,3,A,O,1.65,3.82,5.82,4,4,5,6,5,2.0,0.0,1.0,3.0,4.0,2.0,2.0,4.0,12.0,-8.0,0.0,-10.0,10.0,1.0,0.0,1.0,1.0,2.0,-1.0,50.0,25.0,0.0,100.0,11.0,5.0,20.0,8.0,1474.9,1421.8
2024-10-06,2024,Sociedad,Ath Madrid,1,1,D,U,3.31,3.16,2.35,8,1,5,1,5,1.0,2.0,2.0,0.0,4.0,3.0,1.0,4.0,1.0,3.0,0.0,2.0,-2.0,1.0,0.0,1.0,1.0,0.0,1.0,25.0,75.0,50.0,0.0,9.0,9.0,20.0,9.0,1564.8,1693.4
2024-10-06,2024,Sevilla,Betis,1,0,H,U,2.52,3.21,2.97,5,3,4,1,5,2.0,0.0,1.0,1.0,3.0,1.0,2.0,3.0,3.0,0.0,0.0,-2.0,2.0,0.0,0.0,0.0,1.0,1.0,0.0,50.0,50.0,0.0,33.3,14.0,10.0,16.0,15.0,1501.4,1575.6
2024-10-06,2024,Girona,Ath Bilbao,2,1,H,O,2.42,3.27,3.1,6,4,6,1,4,1.0,2.0,1.0,1.0,5.0,6.0,-1.0,4.0,4.0,0.0,1.0,2.0,-1.0,1.0,1.0,0.0,1.0,0.0,1.0,33.3,33.3,66.7,33.3,9.0,10.0,10.0,16.0,1598.1,1598.9
2024-10-06,2024,Alaves,Barcelona,0,3,A,O,5.5,4.4,1.57,2,8,11,3,4,2.0,2.0,0.0,1.0,4.0,11.0,-7.0,1.0,6.0,-5.0,3.0,5.0,-2.0,1.0,2.0,-1.0,0.0,1.0,-1.0,66.7,0.0,80.0,20.0,10.0,24.0,12.0,17.0,1478.3,1755.0
2024-10-05,2024,Valladolid,Vallecano,1,2,A,O,3.13,3.01,2.56,5,3,5,13,5,0.0,0.0,1.0,1.0,1.0,1.0,0.0,2.0,2.0,0.0,-1.0,-1.0,0.0,0.0,0.0,0.0,0.0,0.0,0.0,25.0,25.0,25.0,25.0,5.0,6.0,16.0,12.0,1430.5,1476.3
2024-10-05,2024,Real Madrid,Villarreal,2,0,H,U,1.27,6.6,9.69,2,1,2,5,5,3.0,2.0,0.0,0.0,9.0,5.0,4.0,3.0,3.0,0.0,6.0,2.0,4.0,2.0,0.0,2.0,0.0,0.0,0.0,100.0,0.0,75.0,0.0,26.0,11.0,20.0,10.0,1783.3,1612.1
2024-10-05,2024,Las Palmas,Celta,0,1,A,U,3.12,3.58,2.26,5,1,11,2,5,0.0,0.0,1.0,3.0,4.0,6.0,-2.0,5.0,10.0,-5.0,-1.0,-4.0,3.0,0.0,0.0,0.0,0.0,1.0,-1.0,0.0,25.0,0.0,100.0,11.0,15.0,12.0,13.0,1385.4,1490.6
2024-10-05,2024,Getafe,Osasuna,1,1,D,U,2.23,2.95,3.87,3,2,4,2,5,1.0,0.0,0.0,2.0,3.0,1.0,2.0,1.0,7.0,-6.0,2.0,-6.0,8.0,1.0,0.0,1.0,0.0,2.0,-2.0,25.0,0.0,0.0,66.7,12.0,4.0,12.0,9.0,1465.1,1521.7
2024-10-05,2024,Espanol,Mallorca,2,1,H,O,3.2,2.92,2.58,3,4,4,6,5,2.0,3.0,1.0,0.0,6.0,5.0,1.0,5.0,2.0,3.0,1.0,3.0,-2.0,0.0,0.0,0.0,0.0,0.0,0.0,50.0,50.0,75.0,25.0,11.0,15.0,7.0,10.0,1448.1,1521.1
2024-10-04,2024,Leganes,Valencia,0,0,D,U,3.0,2.82,2.83,0,1,1,2,4,1.0,0.0,2.0,3.0,2.0,0.0,2.0,4.0,7.0,-3.0,-2.0,-7.0,5.0,0.0,0.0,0.0,1.0,2.0,-1.0,33.3,66.7,0.0,100.0,10.0,5.0,8.0,10.0,1457.4,1480.7
2024-09-30,2024,Villarreal,Las Palmas,3,1,H,O,1.48,4.71,6.37,7,3,3,2,4,1.0,0.0,1.0,3.0,7.0,2.0,5.0,10.0,6.0,4.0,-3.0,-4.0,1.0,0.0,0.0,0.0,1.0,1.0,0.0,33.3,33.3,0.0,100.0,16.0,16.0,16.0,16.0,1607.7,1389.8
2024-09-29,2024,Celta,Girona,1,1,D,U,2.16,3.65,3.26,2,4,4,4,5,2.0,1.0,1.0,2.0,6.0,2.0,4.0,3.0,5.0,-2.0,3.0,-3.0,6.0,2.0,1.0,1.0,0.0,2.0,-2.0,75.0,25.0,25.0,50.0,16.0,12.0,11.0,18.0,1487.4,1601.2
2024-09-29,2024,Betis,Espanol,1,0,H,U,1.67,3.77,5.58,12,1,8,4,5,2.0,0.0,1.0,2.0,5.0,1.0,4.0,3.0,5.0,-2.0,2.0,-4.0,6.0,1.0,0.0,1.0,0.0,1.0,-1.0,50.0,25.0,0.0,66.7,19.0,5.0,25.0,9.0,1568.8,1454.9
2024-09-29,2024,Ath Madrid,Real Madrid,1,1,D,U,2.79,3.44,2.52,4,4,5,5,4,2.0,1.0,0.0,0.0,6.0,4.0,2.0,0.0,2.0,-2.0,6.0,2.0,4.0,2.0,1.0,1.0,0.0,0.0,0.0,66.7,0.0,33.3,0.0,18.0,19.0,17.0,19.0,1690.7,1786.0
2024-09-29,2024,Ath Bilbao,Sevilla,1,1,D,U,1.72,3.83,4.9,3,4,4,7,5,2.0,0.0,1.0,1.0,4.0,3.0,1.0,2.0,4.0,-2.0,2.0,-1.0,3.0,1.0,0.0,1.0,0.0,0.0,0.0,50.0,25.0,0.0,33.3,12.0,14.0,10.0,17.0,1601.8,1498.5
2024-09-28,2024,Vallecano,Leganes,1,1,D,U,1.94,3.14,4.79,6,3,5,5,4,1.0,0.0,1.0,1.0,5.0,1.0,4.0,4.0,3.0,1.0,1.0,-2.0,3.0,1.0,0.0,1.0,0.0,1.0,-1.0,33.3,33.3,0.0,25.0,13.0,4.0,16.0,7.0,1476.8,1456.8
2024-09-28,2024,Sociedad,Valencia,3,0,H,O,1.91,3.29,4.62,6,4,6,4,4,0.0,0.0,3.0,3.0,2.0,1.0,1.0,6.0,7.0,-1.0,-4.0,-6.0,2.0,0.0,0.0,0.0,1.0,2.0,-1.0,0.0,100.0,0.0,100.0,8.0,6.0,24.0,13.0,1556.8,1488.8
2024-09-28,2024,Osasuna,Barcelona,4,2,H,O,6.38,4.76,1.47,6,5,5,8,5,3.0,3.0,0.0,0.0,6.0,11.0,-5.0,3.0,3.0,0.0,3.0,8.0,-5.0,0.0,2.0,-2.0,0.0,0.0,0.0,75.0,0.0,100.0,0.0,11.0,24.0,13.0,15.0,1505.3,1771.4
2024-09-28,2024,Getafe,Alaves,2,0,H,U,2.63,2.8,3.27,8,1,2,2,4,0.0,1.0,0.0,2.0,1.0,6.0,-5.0,1.0,7.0,-6.0,0.0,-1.0,1.0,0.0,0.0,0.0,0.0,0.0,0.0,0.0,0.0,25.0,75.0,4.0,14.0,13.0,15.0,1454.1,1489.3
2024-09-27,2024,Valladolid,Mallorca,1,2,A,O,3.03,2.9,2.72,1,6,7,4,4,1.0,2.0,0.0,1.0,1.0,3.0,-2.0,0.0,2.0,-2.0,1.0,1.0,0.0,0.0,0.0,0.0,0.0,0.0,0.0,33.3,0.0,66.7,33.3,7.0,11.0,12.0,10.0,1438.4,1513.2
2024-09-26,2024,Las Palmas,Betis,1,1,D,U,3.09,3.25,2.41,2,5,1,4,4,0.0,,1.0,,5.0,,,6.0,,,-1.0,,,0.0,,,0.0,,,0.0,33.3,0.0,50.0,14.0,,17.0,,1384.9,1573.7
2024-09-26,2024,Espanol,Villarreal,1,2,A,O,3.38,3.46,2.18,2,4,4,1,4,2.0,2.0,1.0,0.0,5.0,5.0,0.0,4.0,3.0,1.0,1.0,2.0,-1.0,0.0,0.0,0.0,0.0,0.0,0.0,66.7,33.3,66.7,0.0,12.0,12.0,10.0,11.0,1461.1,1601.5
2024-09-26,2024,Celta,Ath Madrid,0,1,A,U,3.82,3.74,1.94,4,2,2,3,4,3.0,1.0,0.0,0.0,8.0,4.0,4.0,3.0,3.0,0.0,5.0,1.0,4.0,2.0,0.0,2.0,0.0,0.0,0.0,100.0,0.0,33.3,0.0,16.0,12.0,12.0,9.0,1492.3,1685.7
2024-09-25,2024,Girona,Vallecano,0,0,D,U,1.76,3.81,4.66,0,0,4,3,3,,1.0,,1.0,,3.0,,,3.0,,,0.0,,,0.0,,,0.0,,50.0,50.0,33.3,33.3,,11.0,,14.0,1604.8,1473.2
2024-09-25,2024,Barcelona,Getafe,1,0,H,U,1.23,6.47,12.83,4,1,7,5,3,,0.0,,2.0,,2.0,,,4.0,,,-2.0,,,0.0,,,0.0,,100.0,0.0,0.0,66.7,,11.0,,14.0,1768.6,1456.9
2024-09-24,2024,Valencia,Osasuna,0,0,D,U,2.08,3.16,4.08,2,2,10,5,4,1.0,,1.0,,4.0,,,3.0,,,1.0,,,1.0,,,0.0,,,33.3,33.3,0.0,100.0,9.0,,22.0,,1488.3,1505.8
2024-09-24,2024,Sevilla,Valladolid,2,1,H,O,1.68,3.83,5.45,5,2,6,4,4,1.0,0.0,2.0,3.0,2.0,1.0,1.0,4.0,13.0,-9.0,-2.0,-12.0,10.0,0.0,0.0,0.0,1.0,3.0,-2.0,33.3,66.7,0.0,100.0,18.0,5.0,17.0,9.0,1489.7,1447.2
2024-09-24,2024,Real Madrid,Alaves,3,2,H,O,1.19,7.37,16.0,4,3,4,4,4,3.0,1.0,0.0,2.0,9.0,5.0,4.0,1.0,6.0,-5.0,8.0,-1.0,9.0,3.0,0.0,3.0,0.0,0.0,0.0,100.0,0.0,33.3,66.7,31.0,13.0,21.0,14.0,1782.8,1492.5
2024-09-23,2024,Betis,Mallorca,1,2,A,O,1.89,3.29,4.73,6,6,6,3,4,2.0,,0.0,,5.0,,,2.0,,,3.0,,,1.0,,,0.0,,,66.7,0.0,50.0,50.0,17.0,,23.0,,1586.1,1500.8
2024-09-22,2024,Villarreal,Barcelona,1,5,A,O,3.74,4.09,1.87,4,10,7,3,3,,3.0,,0.0,,8.0,,,3.0,,,5.0,,,1.0,,,0.0,,50.0,0.0,100.0,0.0,,22.0,,20.0,1607.3,1762.8
2024-09-22,2024,Vallecano,Ath Madrid,1,1,D,U,4.79,3.52,1.81,3,5,3,4,3,,,,,,,,,,,,,,,,,,,,50.0,50.0,50.0,0.0,,,,,1467.5,1691.4
2024-09-22,2024,Getafe,Leganes,1,1,D,U,2.05,2.88,4.77,3,3,6,2,3,,0.0,,1.0,,1.0,,,3.0,,,-2.0,,,0.0,,,1.0,,0.0,0.0,0.0,33.3,,5.0,,9.0,1456.9,1456.8
2024-09-22,2024,Ath Bilbao,Celta,3,1,H,O,1.71,3.96,4.83,7,4,3,6,4,1.0,,1.0,,2.0,,,2.0,,,0.0,,,0.0,,,0.0,,,33.3,33.3,0.0,100.0,9.0,,12.0,,1594.4,1499.7
2024-09-21,2024,Valladolid,Sociedad,0,0,D,U,3.79,3.07,2.19,2,4,5,7,3,,1.0,,1.0,,1.0,,,1.0,,,0.0,,,0.0,,,0.0,,50.0,0.0,33.3,33.3,,8.0,,10.0,1444.0,1560.0
2024-09-21,2024,Valencia,Girona,2,0,H,U,2.89,3.35,2.51,2,3,5,4,3,,1.0,,1.0,,3.0,,,4.0,,,-1.0,,,1.0,,,1.0,,0.0,50.0,33.3,33.3,,11.0,,18.0,1474.3,1618.8
2024-09-21,2024,Real Madrid,Espanol,4,1,H,O,1.16,8.07,16.79,14,2,9,4,3,,,,,,,,,,,,,,,,,,,,100.0,0.0,0.0,50.0,,,,,1780.0,1463.8
2024-09-21,2024,Osasuna,Las Palmas,2,1,H,O,1.92,3.44,4.33,2,4,2,4,4,2.0,,0.0,,5.0,,,3.0,,,2.0,,,0.0,,,0.0,,,66.7,0.0,0.0,100.0,14.0,,17.0,,1498.8,1391.9
2024-09-20,2024,Alaves,Sevilla,2,1,H,O,2.18,3.26,3.63,4,2,3,5,3,,,,,,,,,,,,,,,,,,,,50.0,0.0,0.0,0.0,,,,,1481.9,1500.2
2024-09-19,2024,Leganes,Ath Bilbao,0,2,A,U,4.03,3.17,2.07,3,4,4,7,3,,,,,,,,,,,,,,,,,,,,50.0,50.0,50.0,50.0,,,,,1463.4,1587.9
2024-09-18,2024,Betis,Getafe,2,1,H,O,1.98,3.08,4.64,8,5,8,4,3,,,,,,,,,,,,,,,,,,,,50.0,0.0,0.0,50.0,,,,,1579.3,1463.7
2024-09-17,2024,Mallorca,Sociedad,1,0,H,U,2.88,2.81,2.93,4,4,5,5,4,0.0,,1.0,,2.0,,,3.0,,,-1.0,,,0.0,,,0.0,,,0.0,33.3,50.0,0.0,14.0,,20.0,,1488.4,1572.4
2024-09-16,2024,Vallecano,Osasuna,3,1,H,O,2.1,3.17,3.95,6,2,7,4,2,,,,,,,,,,,,,,,,,,,,0.0,100.0,0.0,100.0,,,,,1456.0,1510.3
2024-09-15,2024,Las Palmas,Ath Bilbao,2,3,A,O,3.8,3.43,2.04,6,4,9,3,3,,,,,,,,,,,,,,,,,,,,0.0,0.0,0.0,100.0,,,,,1397.0,1582.8
2024-09-15,2024,Girona,Barcelona,1,4,A,O,4.05,3.97,1.84,4,9,1,6,2,,,,,,,,,,,,,,,,,,,,100.0,0.0,100.0,0.0,,,,,1625.2,1756.4
2024-09-15,2024,Celta,Valladolid,3,1,H,O,1.68,3.97,5.06,7,1,5,3,3,,,,,,,,,,,,,,,,,,,,100.0,0.0,0.0,100.0,,,,,1490.8,1452.9
2024-09-15,2024,Ath Madrid,Valencia,3,0,H,O,1.35,4.98,9.83,5,1,7,3,3,,,,,,,,,,,,,,,,,,,,50.0,0.0,0.0,100.0,,,,,1686.8,1479.0
2024-09-14,2024,Sociedad,Real Madrid,0,2,A,U,5.07,3.87,1.7,2,7,6,6,3,,,,,,,,,,,,,,,,,,,,0.0,100.0,0.0,0.0,,,,,1577.2,1775.2
2024-09-14,2024,Sevilla,Getafe,1,0,H,U,2.24,3.09,3.66,4,4,3,4,3,,,,,,,,,,,,,,,,,,,,0.0,100.0,0.0,0.0,,,,,1490.7,1473.2
2024-09-14,2024,Mallorca,Villarreal,1,2,A,O,2.5,3.27,2.96,5,4,7,6,3,,,,,,,,,,,,,,,,,,,,0.0,0.0,50.0,0.0,,,,,1495.5,1600.2
2024-09-14,2024,Espanol,Alaves,3,2,H,O,2.72,3.07,2.87,4,6,0,5,3,,,,,,,,,,,,,,,,,,,,50.0,50.0,50.0,50.0,,,,,1452.7,1493.1
2024-09-13,2024,Betis,Leganes,2,0,H,U,1.65,3.72,6.06,5,0,11,1,2,,,,,,,,,,,,,,,,,,,,0.0,0.0,0.0,0.0,,,,,1572.2,1470.5
2024-09-01,2024,Sevilla,Girona,0,2,A,U,2.37,3.73,2.82,5,4,7,5,2,,,,,,,,,,,,,,,,,,,,0.0,100.0,0.0,50.0,,,,,1497.4,1618.5
2024-09-01,2024,Real Madrid,Betis,2,0,H,U,1.29,5.91,10.17,8,2,7,3,2,,,,,,,,,,,,,,,,,,,,100.0,0.0,0.0,0.0,,,,,1770.2,1577.1
2024-09-01,2024,Osasuna,Celta,3,2,H,O,2.46,3.31,2.99,4,3,6,3,3,,,,,,,,,,,,,,,,,,,,50.0,0.0,0.0,100.0,,,,,1500.3,1500.8
2024-09-01,2024,Getafe,Sociedad,0,0,D,U,3.52,2.87,2.43,1,0,4,1,2,,,,,,,,,,,,,,,,,,,,0.0,0.0,100.0,0.0,,,,,1470.1,1580.3
2024-09-01,2024,Alaves,Las Palmas,2,0,H,U,1.96,3.35,4.25,5,7,6,5,2,,,,,,,,,,,,,,,,,,,,0.0,0.0,0.0,100.0,,,,,1485.4,1404.7
2024-08-31,2024,Valencia,Villarreal,1,1,D,U,2.84,3.45,2.49,6,3,14,3,2,,,,,,,,,,,,,,,,,,,,0.0,100.0,100.0,0.0,,,,,1475.4,1603.8
2024-08-31,2024,Leganes,Mallorca,0,1,A,U,2.56,2.9,3.27,2,3,1,3,2,,,,,,,,,,,,,,,,,,,,100.0,0.0,0.0,100.0,,,,,1480.4,1485.7
2024-08-31,2024,Espanol,Vallecano,2,1,H,O,2.78,3.03,2.84,5,5,3,7,2,,,,,,,,,,,,,,,,,,,,0.0,100.0,50.0,0.0,,,,,1442.0,1466.7
2024-08-31,2024,Barcelona,Valladolid,7,0,H,O,1.25,6.45,11.72,10,2,10,1,2,,,,,,,,,,,,,,,,,,,,100.0,0.0,0.0,100.0,,,,,1753.3,1456.0
2024-08-31,2024,Ath Bilbao,Ath Madrid,0,1,A,U,3.01,3.34,2.43,1,2,2,2,3,,,,,,,,,,,,,,,,,,,,50.0,0.0,0.0,0.0,,,,,1590.3,1679.3
2024-08-29,2024,Las Palmas,Real Madrid,1,1,D,U,8.01,5.09,1.38,3,8,2,6,2,,,,,,,,,,,,,,,,,,,,0.0,0.0,0.0,0.0,,,,,1396.7,1778.2
2024-08-29,2024,Girona,Osasuna,4,0,H,O,1.73,3.94,4.53,5,0,5,0,1,,,,,,,,,,,,,,,,,,,,,,,,,,,,1611.4,1507.4
2024-08-28,2024,Valladolid,Leganes,0,0,D,U,2.32,3.01,3.58,2,1,4,4,2,,,,,,,,,,,,,,,,,,,,100.0,0.0,0.0,0.0,,,,,1455.2,1481.1
2024-08-28,2024,Sociedad,Alaves,1,2,A,O,1.71,3.57,5.64,1,5,8,6,2,,,,,,,,,,,,,,,,,,,,0.0,100.0,0.0,100.0,,,,,1593.6,1472.0
2024-08-28,2024,Ath Madrid,Espanol,0,0,D,U,1.3,5.42,11.24,7,1,9,3,2,,,,,,,,,,,,,,,,,,,,100.0,0.0,0.0,100.0,,,,,1685.4,1435.8
2024-08-28,2024,Ath Bilbao,Valencia,1,0,H,U,1.62,3.89,5.91,4,0,5,3,2,,,,,,,,,,,,,,,,,,,,0.0,0.0,0.0,100.0,,,,,1583.1,1482.6
2024-08-27,2024,Vallecano,Barcelona,1,2,A,O,5.33,3.95,1.66,4,5,6,6,1,,,,,,,,,,,,,,,,,,,,,,100.0,0.0,,,,,1470.0,1750.0
2024-08-27,2024,Mallorca,Sevilla,0,0,D,U,2.41,3.11,3.26,4,7,5,9,2,,,,,,,,,,,,,,,,,,,,0.0,0.0,0.0,0.0,,,,,1485.3,1497.7
2024-08-26,2024,Villarreal,Celta,4,3,H,O,1.96,3.56,3.82,9,8,7,4,2,,,,,,,,,,,,,,,,,,,,0.0,0.0,,,,,,,1596.2,1508.3
2024-08-25,2024,Real Madrid,Valladolid,3,0,H,O,1.17,7.96,15.17,9,2,5,5,1,,,,,,,,,,,,,,,,,,,,,,,,,,,,1775.4,1458.0
2024-08-25,2024,Leganes,Las Palmas,2,1,H,O,2.29,2.99,3.64,5,5,3,7,1,,,,,,,,,,,,,,,,,,,,,,,,,,,,1473.1,1404.8
2024-08-25,2024,Ath Madrid,Girona,3,0,H,O,1.6,4.27,5.31,6,5,1,9,1,,,,,,,,,,,,,,,,,,,,,,0.0,0.0,,,,,1677.1,1619.8
2024-08-25,2024,Alaves,Betis,0,0,D,U,2.4,3.12,3.21,1,3,3,8,1,,,,,,,,,,,,,,,,,,,,,,,,,,,,1468.9,1580.2
2024-08-24,2024,Osasuna,Mallorca,1,0,H,U,2.47,3.01,3.22,5,2,5,4,2,,,,,,,,,,,,,,,,,,,,0.0,0.0,,,,,,,1497.5,1495.2
2024-08-24,2024,Getafe,Vallecano,0,0,D,U,2.5,2.93,3.27,0,1,3,2,1,,,,,,,,,,,,,,,,,,,,,,100.0,0.0,,,,,1470.1,1470.0
2024-08-24,2024,Espanol,Sociedad,0,1,A,U,4.0,3.13,2.1,3,4,7,4,1,,,,,,,,,,,,,,,,,,,,,,,,,,,,1441.8,1587.6
2024-08-24,2024,Barcelona,Ath Bilbao,2,1,H,O,1.64,4.18,5.05,5,2,5,6,1,,,,,,,,,,,,,,,,,,,,,,,,,,,,1744.2,1588.9
2024-08-23,2024,Sevilla,Villarreal,1,2,A,O,2.4,3.55,2.88,9,5,7,2,1,,,,,,,,,,,,,,,,,,,,,,,,,,,,1505.4,1588.6
2024-08-23,2024,Celta,Valencia,3,1,H,O,2.12,3.35,3.65,5,5,4,7,2,,,,,,,,,,,,,,,,,,,,100.0,0.0,,,,,,,1498.5,1492.5
2024-08-19,2024,Villarreal,Ath Madrid,2,2,D,O,3.33,3.67,2.12,3,5,2,3,1,,,,,,,,,,,,,,,,,,,,,,,,,,,,1586.0,1679.7
2024-08-19,2024,Valladolid,Espanol,1,0,H,U,2.36,3.1,3.34,3,2,3,2,1,,,,,,,,,,,,,,,,,,,,,,,,,,,,1447.9,1452.0
2024-08-18,2024,Sociedad,Vallecano,1,2,A,O,1.59,3.74,6.63,5,5,10,5,1,,,,,,,,,,,,,,,,,,,,,,,,,,,,1601.6,1456.1
2024-08-18,2024,Mallorca,Real Madrid,1,1,D,U,7.33,4.34,1.47,5,4,8,7,1,,,,,,,,,,,,,,,,,,,,,,,,,,,,1488.3,1782.3
2024-08-17,2024,Valencia,Barcelona,1,2,A,O,4.76,3.87,1.74,1,8,3,8,1,,,,,,,,,,,,,,,,,,,,,,,,,,,,1496.4,1740.2
2024-08-17,2024,Osasuna,Leganes,1,1,D,U,1.88,3.44,4.48,5,4,6,4,1,,,,,,,,,,,,,,,,,,,,,,,,,,,,1498.2,1472.3
2024-08-16,2024,Las Palmas,Sevilla,2,2,D,O,2.83,3.21,2.65,5,5,6,3,1,,,,,,,,,,,,,,,,,,,,,,,,,,,,1401.8,1508.3
2024-08-16,2024,Celta,Alaves,2,1,H,O,2.03,3.32,4.02,4,2,3,3,1,,,,,,,,,,,,,,,,,,,,,,,,,,,,1488.8,1478.6
2024-08-15,2024,Betis,Girona,1,1,D,U,2.4,3.38,3.02,4,2,4,4,1,,,,,,,,,,,,,,,,,,,,,,,,,,,,1579.0,1621.0
2024-08-15,2024,Ath Bilbao,Getafe,1,1,D,U,1.51,4.04,7.61,4,2,5,6,1,,,,,,,,,,,,,,,,,,,,,,,,,,,,1592.4,1466.7
2024-05-26,2023,Sevilla,Barcelona,1,2,A,O,3.89,4.11,1.83,6,6,6,5,19,2.0,1.0,1.0,2.0,5.0,6.0,-1.0,2.0,7.0,-5.0,3.0,-1.0,4.0,1.0,1.0,0.0,0.0,1.0,-1.0,33.3,38.9,55.6,11.1,12.0,20.0,10.0,19.0,1512.7,1735.9
2024-05-26,2023,Las Palmas,Alaves,1,1,D,U,2.47,3.34,2.91,4,4,2,6,19,0.0,1.0,2.0,2.0,2.0,1.0,1.0,6.0,7.0,-1.0,-4.0,-6.0,2.0,0.0,0.0,0.0,2.0,2.0,0.0,33.3,38.9,16.7,55.6,16.0,17.0,14.0,13.0,1399.5,1480.9
2024-05-26,2023,Getafe,Mallorca,1,2,A,O,2.33,3.22,3.25,6,4,3,4,19,0.0,0.0,2.0,1.0,1.0,3.0,-2.0,6.0,4.0,2.0,-5.0,-1.0,-4.0,0.0,0.0,0.0,2.0,0.0,2.0,44.4,27.8,5.6,50.0,16.0,12.0,16.0,9.0,1476.6,1478.4
2024-05-26,2023,Celta,Valencia,2,2,D,O,1.96,3.55,3.89,4,1,2,2,19,3.0,1.0,0.0,2.0,9.0,3.0,6.0,4.0,5.0,-1.0,5.0,-2.0,7.0,1.0,0.0,1.0,0.0,1.0,-1.0,33.3,38.9,27.8,55.6,24.0,9.0,12.0,5.0,1488.5,1496.6
2024-05-25,2023,Vallecano,Ath Bilbao,0,1,A,U,2.88,3.51,2.41,4,1,8,2,19,2.0,1.0,1.0,2.0,4.0,4.0,0.0,3.0,5.0,-2.0,1.0,-1.0,2.0,0.0,1.0,-1.0,0.0,1.0,-1.0,22.2,33.3,33.3,38.9,25.0,5.0,20.0,14.0,1462.7,1585.8
2024-05-25,2023,Sociedad,Ath Madrid,0,2,A,U,2.4,3.45,2.93,4,4,8,4,19,2.0,2.0,1.0,1.0,3.0,4.0,-1.0,1.0,2.0,-1.0,2.0,2.0,0.0,1.0,1.0,0.0,0.0,1.0,-1.0,44.4,22.2,38.9,44.4,12.0,11.0,21.0,16.0,1609.8,1671.5
2024-05-25,2023,Real Madrid,Betis,0,0,D,U,1.37,5.56,7.31,5,3,4,5,19,3.0,2.0,0.0,0.0,11.0,6.0,5.0,2.0,3.0,-1.0,9.0,3.0,6.0,2.0,1.0,1.0,0.0,0.0,0.0,88.9,0.0,27.8,33.3,28.0,14.0,13.0,19.0,1787.8,1573.6
2024-05-25,2023,Osasuna,Villarreal,1,1,D,U,2.9,3.72,2.3,6,3,6,4,19,0.0,2.0,2.0,1.0,1.0,5.0,-4.0,4.0,4.0,0.0,-3.0,1.0,-4.0,0.0,0.0,0.0,1.0,0.0,1.0,33.3,44.4,38.9,33.3,8.0,9.0,14.0,4.0,1495.6,1588.6
2024-05-25,2023,Almeria,Cadiz,6,1,H,O,2.1,3.59,3.43,12,4,1,4,19,0.0,1.0,3.0,2.0,2.0,2.0,0.0,7.0,7.0,0.0,-5.0,-5.0,0.0,0.0,0.0,0.0,2.0,2.0,0.0,0.0,55.6,5.6,61.1,19.0,14.0,18.0,17.0,1392.9,1462.7
2024-05-24,2023,Girona,Granada,7,0,H,O,1.22,7.13,11.24,9,2,4,2,19,2.0,0.0,1.0,2.0,8.0,2.0,6.0,4.0,6.0,-2.0,4.0,-4.0,8.0,2.0,0.0,2.0,0.0,1.0,-1.0,77.8,11.1,0.0,83.3,17.0,4.0,12.0,14.0,1617.0,1377.8
2024-05-19,2023,Villarreal,Real Madrid,4,4,D,O,3.24,3.93,2.07,7,6,3,3,19,2.0,3.0,1.0,0.0,7.0,6.0,1.0,4.0,0.0,4.0,3.0,6.0,-3.0,1.0,1.0,0.0,0.0,0.0,0.0,38.9,38.9,72.2,5.6,16.0,19.0,16.0,10.0,1583.2,1793.2
2024-05-19,2023,Valencia,Girona,1,3,A,O,2.92,3.62,2.35,6,5,5,4,19,0.0,1.0,2.0,1.0,1.0,5.0,-4.0,3.0,5.0,-2.0,-2.0,0.0,-2.0,0.0,1.0,-1.0,0.0,1.0,-1.0,44.4,22.2,50.0,27.8,11.0,13.0,18.0,5.0,1503.7,1609.9
2024-05-19,2023,Mallorca,Almeria,2,2,D,O,1.51,4.18,6.92,8,3,12,2,19,1.0,1.0,2.0,1.0,1.0,5.0,-4.0,2.0,5.0,-3.0,-1.0,0.0,-1.0,0.0,0.0,0.0,0.0,0.0,0.0,33.3,27.8,11.1,72.2,8.0,12.0,12.0,8.0,1480.9,1390.3
2024-05-19,2023,Granada,Celta,1,2,A,O,3.62,3.61,2.04,3,5,10,2,19,2.0,0.0,1.0,3.0,5.0,1.0,4.0,4.0,6.0,-2.0,1.0,-5.0,6.0,2.0,0.0,2.0,1.0,1.0,0.0,22.2,44.4,16.7,55.6,8.0,7.0,9.0,15.0,1385.1,1481.2
2024-05-19,2023,Cadiz,Las Palmas,0,0,D,U,1.84,3.47,4.64,3,1,5,3,19,1.0,0.0,1.0,3.0,2.0,1.0,1.0,2.0,7.0,-5.0,0.0,-6.0,6.0,0.0,0.0,0.0,0.0,2.0,-2.0,27.8,27.8,22.2,61.1,11.0,6.0,17.0,8.0,1464.6,1397.6
2024-05-19,2023,Betis,Sociedad,0,2,A,U,2.61,3.14,2.92,9,2,6,2,19,2.0,1.0,0.0,1.0,6.0,2.0,4.0,4.0,3.0,1.0,2.0,-1.0,3.0,0.0,0.0,0.0,0.0,1.0,-1.0,50.0,11.1,38.9,27.8,15.0,9.0,13.0,14.0,1583.1,1600.3
2024-05-19,2023,Barcelona,Vallecano,3,0,H,O,1.27,6.12,10.63,6,4,7,5,19,3.0,0.0,0.0,1.0,7.0,0.0,7.0,2.0,3.0,-1.0,5.0,-3.0,8.0,2.0,0.0,2.0,0.0,1.0,-1.0,77.8,16.7,22.2,44.4,20.0,7.0,27.0,11.0,1732.4,1466.2
2024-05-19,2023,Ath Madrid,Osasuna,1,4,A,O,1.4,4.91,7.75,2,6,7,5,19,3.0,0.0,0.0,2.0,7.0,3.0,4.0,2.0,7.0,-5.0,5.0,-4.0,9.0,2.0,0.0,2.0,0.0,1.0,-1.0,88.9,5.6,27.8,50.0,15.0,7.0,9.0,13.0,1686.8,1480.3
2024-05-19,2023,Ath Bilbao,Sevilla,2,0,H,U,1.73,3.84,4.81,6,4,8,3,19,0.0,1.0,0.0,1.0,4.0,5.0,-1.0,4.0,4.0,0.0,0.0,1.0,-1.0,0.0,1.0,-1.0,0.0,0.0,0.0,61.1,5.6,22.2,44.4,18.0,8.0,22.0,9.0,1577.4,1521.1
2024-05-18,2023,Alaves,Getafe,1,0,H,U,2.07,3.19,4.04,2,4,2,1,19,2.0,1.0,0.0,1.0,7.0,3.0,4.0,2.0,2.0,0.0,5.0,1.0,4.0,2.0,1.0,1.0,0.0,0.0,0.0,44.4,33.3,11.1,44.4,19.0,9.0,14.0,4.0,1470.4,1487.1
2024-05-16,2023,Sociedad,Valencia,1,0,H,U,1.65,3.76,5.85,5,3,3,3,18,1.0,2.0,1.0,1.0,4.0,4.0,0.0,3.0,4.0,-1.0,1.0,0.0,1.0,1.0,0.0,1.0,0.0,1.0,-1.0,41.2,23.5,29.4,52.9,11.0,8.0,23.0,6.0,1592.6,1511.4
2024-05-16,2023,Las Palmas,Betis,2,2,D,O,4.04,3.57,1.94,9,4,4,8,18,0.0,2.0,3.0,1.0,0.0,6.0,-6.0,5.0,4.0,1.0,-5.0,2.0,-7.0,0.0,1.0,-1.0,2.0,0.0,2.0,35.3,41.2,29.4,35.3,13.0,14.0,21.0,15.0,1392.5,1588.2
2024-05-16,2023,Almeria,Barcelona,0,2,A,U,6.62,5.32,1.42,3,7,4,7,18,0.0,1.0,3.0,2.0,2.0,5.0,-3.0,8.0,7.0,1.0,-6.0,-2.0,-4.0,0.0,0.0,0.0,2.0,1.0,1.0,0.0,52.9,52.9,11.8,21.0,15.0,20.0,16.0,1392.8,1729.8
2024-05-15,2023,Vallecano,Granada,2,1,H,O,1.67,3.77,5.54,9,1,6,6,18,1.0,0.0,1.0,2.0,2.0,1.0,1.0,2.0,5.0,-3.0,0.0,-4.0,4.0,0.0,0.0,0.0,0.0,1.0,-1.0,17.6,35.3,0.0,82.4,18.0,5.0,17.0,10.0,1458.1,1393.3
2024-05-15,2023,Sevilla,Cadiz,0,1,A,U,1.91,3.61,4.12,3,7,1,9,18,2.0,0.0,1.0,3.0,6.0,1.0,5.0,3.0,9.0,-6.0,3.0,-8.0,11.0,1.0,0.0,1.0,0.0,3.0,-3.0,35.3,35.3,0.0,64.7,13.0,9.0,12.0,10.0,1533.4,1452.3
2024-05-15,2023,Getafe,Ath Madrid,0,3,A,O,4.7,3.54,1.82,3,3,6,3,18,0.0,2.0,2.0,1.0,1.0,3.0,-2.0,4.0,3.0,1.0,-3.0,0.0,-3.0,0.0,0.0,0.0,1.0,1.0,0.0,47.1,23.5,35.3,47.1,18.0,16.0,17.0,16.0,1492.1,1681.8
2024-05-15,2023,Celta,Ath Bilbao,2,1,H,O,2.61,3.37,2.74,4,2,2,3,18,2.0,1.0,0.0,2.0,7.0,3.0,4.0,3.0,5.0,-2.0,4.0,-2.0,6.0,1.0,1.0,0.0,0.0,2.0,-2.0,29.4,41.2,35.3,35.3,20.0,6.0,13.0,18.0,1467.8,1590.8
2024-05-14,2023,Real Madrid,Alaves,5,0,H,O,1.21,7.03,14.07,11,10,4,1,18,3.0,1.0,0.0,2.0,8.0,1.0,7.0,2.0,4.0,-2.0,6.0,-3.0,9.0,2.0,0.0,2.0,0.0,2.0,-2.0,88.2,0.0,17.6,52.9,21.0,10.0,13.0,16.0,1790.4,1473.2
2024-05-14,2023,Osasuna,Mallorca,1,1,D,U,2.81,2.92,2.91,4,4,2,4,18,0.0,0.0,3.0,1.0,2.0,2.0,0.0,7.0,3.0,4.0,-5.0,-1.0,-4.0,0.0,0.0,0.0,2.0,0.0,2.0,35.3,47.1,5.9,52.9,8.0,11.0,17.0,8.0,1480.2,1481.0
2024-05-14,2023,Girona,Villarreal,0,1,A,U,1.7,4.53,4.31,5,3,5,1,18,3.0,1.0,0.0,1.0,11.0,5.0,6.0,5.0,5.0,0.0,6.0,0.0,6.0,2.0,0.0,2.0,0.0,0.0,0.0,82.4,5.9,35.3,35.3,17.0,8.0,12.0,4.0,1621.3,1571.7
2024-05-13,2023,Barcelona,Sociedad,2,0,H,U,1.82,3.72,4.35,5,3,6,2,18,3.0,2.0,0.0,0.0,6.0,5.0,1.0,2.0,3.0,-1.0,4.0,2.0,2.0,1.0,0.0,1.0,0.0,0.0,0.0,76.5,17.6,41.2,23.5,21.0,14.0,25.0,18.0,1723.3,1599.2
2024-05-12,2023,Valencia,Vallecano,0,0,D,U,2.28,3.08,3.55,5,1,6,3,18,0.0,0.0,2.0,2.0,1.0,0.0,1.0,3.0,4.0,-1.0,-2.0,-4.0,2.0,0.0,0.0,0.0,0.0,1.0,-1.0,47.1,23.5,23.5,47.1,11.0,9.0,15.0,13.0,1513.0,1456.4
2024-05-12,2023,Cadiz,Getafe,1,0,H,U,2.11,3.21,3.86,6,4,6,2,18,1.0,1.0,1.0,1.0,2.0,3.0,-1.0,2.0,2.0,0.0,0.0,1.0,-1.0,0.0,1.0,-1.0,0.0,0.0,0.0,23.5,29.4,11.8,41.2,10.0,10.0,16.0,7.0,1440.5,1503.9
2024-05-12,2023,Betis,Almeria,3,2,H,O,1.35,5.39,8.26,7,7,3,5,18,1.0,2.0,1.0,0.0,5.0,4.0,1.0,5.0,2.0,3.0,0.0,2.0,-2.0,0.0,0.0,0.0,0.0,0.0,0.0,47.1,11.8,11.8,70.6,12.0,7.0,21.0,6.0,1583.0,1398.0
2024-05-12,2023,Ath Madrid,Celta,1,0,H,U,1.44,4.64,7.42,8,2,4,7,18,2.0,1.0,1.0,2.0,6.0,3.0,3.0,5.0,6.0,-1.0,1.0,-3.0,4.0,2.0,0.0,2.0,1.0,1.0,0.0,88.2,5.9,17.6,52.9,10.0,10.0,12.0,16.0,1677.1,1472.5
2024-05-11,2023,Villarreal,Sevilla,3,2,H,O,1.87,3.94,3.9,7,4,10,1,18,2.0,2.0,1.0,0.0,5.0,4.0,1.0,2.0,1.0,1.0,3.0,3.0,0.0,1.0,1.0,0.0,0.0,0.0,0.0,35.3,41.2,23.5,41.2,16.0,7.0,12.0,11.0,1562.3,1542.8
2024-05-11,2023,Mallorca,Las Palmas,1,0,H,U,1.66,3.46,6.65,2,1,2,2,18,1.0,0.0,2.0,3.0,1.0,1.0,0.0,2.0,7.0,-5.0,-1.0,-6.0,5.0,0.0,0.0,0.0,0.0,2.0,-2.0,29.4,29.4,23.5,58.8,14.0,5.0,20.0,7.0,1473.0,1400.4
2024-05-11,2023,Granada,Real Madrid,0,4,A,O,5.8,4.57,1.53,1,7,8,5,18,2.0,3.0,1.0,0.0,5.0,6.0,-1.0,1.0,2.0,-1.0,4.0,4.0,0.0,2.0,1.0,1.0,0.0,0.0,0.0,23.5,41.2,70.6,5.9,10.0,21.0,6.0,12.0,1395.2,1788.6
2024-05-11,2023,Ath Bilbao,Osasuna,2,2,D,O,1.47,4.38,7.53,6,3,8,6,18,1.0,1.0,0.0,2.0,4.0,4.0,0.0,2.0,5.0,-3.0,2.0,-1.0,3.0,1.0,1.0,0.0,0.0,1.0,-1.0,64.7,5.9,29.4,52.9,16.0,8.0,19.0,8.0,1594.0,1477.0
2024-05-10,2023,Alaves,Girona,2,2,D,O,3.48,3.57,2.11,8,5,5,3,18,2.0,1.0,1.0,2.0,5.0,3.0,2.0,1.0,4.0,-3.0,4.0,-1.0,5.0,2.0,1.0,1.0,0.0,1.0,-1.0,47.1,35.3,52.9,29.4,11.0,11.0,12.0,7.0,1469.0,1625.6
2024-05-05,2023,Vallecano,Almeria,0,1,A,U,1.58,4.15,5.8,10,2,9,2,17,2.0,1.0,0.0,1.0,4.0,3.0,1.0,1.0,3.0,-2.0,3.0,0.0,3.0,1.0,0.0,1.0,0.0,0.0,0.0,18.8,31.2,6.2,75.0,12.0,5.0,12.0,4.0,1468.8,1385.6
2024-05-05,2023,Valencia,Alaves,0,1,A,U,2.13,3.0,4.13,1,4,5,7,17,1.0,0.0,1.0,3.0,2.0,0.0,2.0,2.0,5.0,-3.0,0.0,-5.0,5.0,0.0,0.0,0.0,0.0,2.0,-2.0,50.0,18.8,12.5,56.2,13.0,10.0,15.0,14.0,1524.9,1457.1
2024-05-05,2023,Sevilla,Granada,3,0,H,O,1.65,4.07,5.18,5,3,5,4,17,2.0,0.0,1.0,2.0,6.0,1.0,5.0,5.0,3.0,2.0,1.0,-2.0,3.0,0.0,0.0,0.0,0.0,0.0,0.0,31.2,37.5,0.0,81.2,13.0,5.0,9.0,8.0,1536.5,1401.4
2024-05-05,2023,Osasuna,Betis,0,2,A,U,3.16,3.27,2.36,2,4,8,5,17,1.0,1.0,2.0,2.0,3.0,4.0,-1.0,5.0,6.0,-1.0,-2.0,-2.0,0.0,0.0,0.0,0.0,1.0,1.0,0.0,37.5,43.8,25.0,37.5,10.0,11.0,14.0,18.0,1484.4,1575.6
2024-05-05,2023,Celta,Villarreal,3,2,H,O,2.37,3.64,2.87,7,3,2,1,17,2.0,2.0,0.0,0.0,5.0,6.0,-1.0,1.0,4.0,-3.0,4.0,2.0,2.0,1.0,0.0,1.0,0.0,0.0,0.0,25.0,43.8,37.5,31.2,19.0,9.0,18.0,7.0,1459.3,1575.5
2024-05-04,2023,Sociedad,Las Palmas,2,0,H,U,1.35,4.99,9.5,4,1,7,2,17,1.0,0.0,1.0,2.0,4.0,4.0,0.0,3.0,8.0,-5.0,1.0,-4.0,5.0,1.0,0.0,1.0,0.0,1.0,-1.0,37.5,25.0,25.0,56.2,13.0,9.0,24.0,9.0,1594.1,1405.5
2024-05-04,2023,Real Madrid,Cadiz,3,0,H,O,1.34,5.33,8.92,9,2,7,4,17,3.0,0.0,0.0,2.0,9.0,2.0,7.0,2.0,7.0,-5.0,7.0,-5.0,12.0,2.0,0.0,2.0,0.0,2.0,-2.0,87.5,0.0,0.0,62.5,25.0,12.0,18.0,15.0,1786.1,1442.9
2024-05-04,2023,Mallorca,Ath Madrid,0,1,A,U,3.75,3.2,2.15,4,4,6,2,17,2.0,1.0,1.0,2.0,2.0,2.0,0.0,1.0,5.0,-4.0,1.0,-3.0,4.0,0.0,0.0,0.0,0.0,2.0,-2.0,31.2,25.0,31.2,50.0,12.0,16.0,22.0,15.0,1477.9,1672.1
2024-05-04,2023,Girona,Barcelona,4,2,H,O,2.73,3.81,2.41,7,7,5,4,17,3.0,2.0,0.0,1.0,9.0,6.0,3.0,3.0,3.0,0.0,6.0,3.0,3.0,2.0,1.0,1.0,0.0,0.0,0.0,81.2,6.2,56.2,6.2,16.0,13.0,12.0,15.0,1612.1,1736.7
2024-05-03,2023,Getafe,Ath Bilbao,0,2,A,U,3.93,3.24,2.07,9,2,10,6,17,1.0,1.0,1.0,2.0,2.0,3.0,-1.0,2.0,5.0,-3.0,0.0,-2.0,2.0,0.0,1.0,-1.0,0.0,2.0,-2.0,50.0,18.8,31.2,37.5,12.0,6.0,9.0,15.0,1511.8,1586.1
2024-04-29,2023,Barcelona,Valencia,4,2,H,O,1.36,5.26,8.27,13,3,15,1,17,3.0,2.0,0.0,1.0,6.0,2.0,4.0,0.0,1.0,-1.0,6.0,1.0,5.0,1.0,0.0,1.0,0.0,0.0,0.0,75.0,18.8,31.2,50.0,17.0,12.0,15.0,7.0,1731.9,1529.7
2024-04-28,2023,Villarreal,Vallecano,3,0,H,O,1.73,3.91,4.74,7,4,3,6,17,2.0,0.0,1.0,2.0,7.0,0.0,7.0,3.0,4.0,-1.0,4.0,-4.0,8.0,1.0,0.0,1.0,0.0,1.0,-1.0,31.2,43.8,25.0,43.8,19.0,6.0,15.0,9.0,1568.1,1476.2
2024-04-28,2023,Granada,Osasuna,3,0,H,O,2.6,3.13,2.93,4,2,0,6,17,1.0,1.0,2.0,2.0,4.0,4.0,0.0,4.0,4.0,0.0,0.0,0.0,0.0,1.0,1.0,0.0,0.0,1.0,-1.0,18.8,43.8,31.2,50.0,12.0,7.0,10.0,9.0,1388.4,1497.5
2024-04-28,2023,Cadiz,Mallorca,1,1,D,U,2.6,2.86,3.22,2,2,3,1,17,2.0,0.0,1.0,2.0,3.0,1.0,2.0,1.0,3.0,-2.0,2.0,-2.0,4.0,1.0,0.0,1.0,0.0,0.0,0.0,25.0,31.2,6.2,56.2,11.0,12.0,16.0,8.0,1441.8,1479.0
2024-04-28,2023,Betis,Sevilla,1,1,D,U,2.08,3.39,3.7,5,1,4,6,17,2.0,2.0,1.0,0.0,7.0,5.0,2.0,5.0,2.0,3.0,2.0,3.0,-1.0,1.0,1.0,0.0,0.0,0.0,0.0,50.0,12.5,25.0,43.8,12.0,12.0,22.0,13.0,1576.8,1535.3
2024-04-27,2023,Las Palmas,Girona,0,2,A,U,4.36,3.94,1.78,5,3,4,2,17,0.0,0.0,3.0,3.0,0.0,1.0,-1.0,5.0,5.0,0.0,-5.0,-4.0,-1.0,0.0,0.0,0.0,2.0,1.0,1.0,37.5,37.5,50.0,31.2,10.0,12.0,27.0,10.0,1410.4,1607.3
2024-04-27,2023,Ath Madrid,Ath Bilbao,3,1,H,O,1.98,3.54,3.9,3,1,3,5,17,2.0,1.0,1.0,2.0,5.0,3.0,2.0,5.0,5.0,0.0,0.0,-2.0,2.0,1.0,1.0,0.0,1.0,2.0,-1.0,87.5,6.2,33.3,33.3,19.0,6.0,13.0,13.0,1664.1,1594.1
2024-04-27,2023,Almeria,Getafe,1,3,A,O,2.72,3.31,2.66,11,5,9,2,17,0.0,0.0,2.0,2.0,3.0,0.0,3.0,7.0,5.0,2.0,-4.0,-5.0,1.0,0.0,0.0,0.0,1.0,1.0,0.0,0.0,50.0,6.2,43.8,14.0,9.0,12.0,13.0,1392.5,1505.0
2024-04-27,2023,Alaves,Celta,3,0,H,O,2.66,3.1,2.9,8,0,8,3,17,2.0,1.0,1.0,2.0,3.0,3.0,0.0,1.0,7.0,-6.0,2.0,-4.0,6.0,1.0,0.0,1.0,0.0,1.0,-1.0,43.8,37.5,18.8,50.0,7.0,11.0,11.0,14.0,1446.4,1470.0
2024-04-26,2023,Sociedad,Real Madrid,0,1,A,U,2.5,3.2,3.03,3,3,11,3,16,1.0,2.0,1.0,0.0,5.0,7.0,-2.0,5.0,4.0,1.0,0.0,3.0,-3.0,1.0,1.0,0.0,1.0,0.0,1.0,40.0,20.0,68.8,6.2,18.0,23.0,26.0,11.0,1599.3,1780.9
2024-04-22,2023,Sevilla,Mallorca,2,1,H,O,1.98,3.14,4.52,4,6,4,4,16,2.0,0.0,1.0,1.0,5.0,1.0,4.0,4.0,2.0,2.0,1.0,-1.0,2.0,0.0,0.0,0.0,0.0,0.0,0.0,26.7,40.0,6.7,53.3,15.0,14.0,7.0,7.0,1526.4,1487.9
2024-04-21,2023,Real Madrid,Barcelona,3,2,H,O,1.87,3.96,3.89,8,6,2,8,16,3.0,2.0,0.0,0.0,7.0,4.0,3.0,0.0,0.0,0.0,7.0,4.0,3.0,2.0,1.0,1.0,0.0,0.0,0.0,86.7,0.0,60.0,0.0,23.0,9.0,23.0,11.0,1771.8,1741.1
2024-04-21,2023,Getafe,Sociedad,1,1,D,U,3.8,3.1,2.18,4,3,0,4,16,1.0,2.0,1.0,1.0,4.0,6.0,-2.0,4.0,5.0,-1.0,0.0,1.0,-1.0,0.0,0.0,0.0,0.0,0.0,0.0,53.3,20.0,43.8,25.0,13.0,15.0,13.0,19.0,1502.2,1602.1
2024-04-21,2023,Almeria,Villarreal,1,2,A,O,3.4,3.75,2.06,5,3,5,2,16,0.0,2.0,1.0,0.0,4.0,7.0,-3.0,7.0,4.0,3.0,-3.0,3.0,-6.0,0.0,1.0,-1.0,1.0,0.0,1.0,0.0,46.7,33.3,33.3,13.0,10.0,9.0,7.0,1398.1,1562.5
2024-04-21,2023,Alaves,Ath Madrid,2,0,H,U,4.08,3.43,1.97,3,4,1,11,16,1.0,1.0,1.0,1.0,2.0,4.0,-2.0,2.0,5.0,-3.0,0.0,-1.0,1.0,0.0,0.0,0.0,0.0,1.0,-1.0,40.0,40.0,33.3,46.7,5.0,21.0,13.0,11.0,1430.2,1680.3
2024-04-20,2023,Vallecano,Osasuna,2,1,H,O,2.22,3.13,3.63,6,2,5,1,16,1.0,1.0,0.0,1.0,3.0,4.0,-1.0,1.0,3.0,-2.0,2.0,1.0,1.0,1.0,1.0,0.0,0.0,1.0,-1.0,13.3,33.3,33.3,46.7,11.0,7.0,11.0,15.0,1465.0,1508.7
2024-04-20,2023,Valencia,Betis,1,2,A,O,2.21,3.28,3.51,5,6,7,6,16,1.0,0.0,0.0,3.0,3.0,3.0,0.0,2.0,7.0,-5.0,1.0,-4.0,5.0,0.0,0.0,0.0,0.0,1.0,-1.0,53.3,13.3,20.0,40.0,13.0,11.0,10.0,18.0,1538.8,1567.6
2024-04-20,2023,Girona,Cadiz,4,1,H,O,1.42,4.81,7.59,5,5,2,4,16,3.0,0.0,0.0,2.0,8.0,1.0,7.0,2.0,5.0,-3.0,6.0,-4.0,10.0,2.0,0.0,2.0,0.0,2.0,-2.0,80.0,6.7,0.0,60.0,19.0,8.0,12.0,15.0,1601.4,1447.7
2024-04-20,2023,Celta,Las Palmas,4,1,H,O,1.76,3.71,4.9,13,4,8,4,16,1.0,0.0,1.0,2.0,2.0,3.0,-1.0,2.0,9.0,-7.0,0.0,-6.0,6.0,0.0,0.0,0.0,0.0,1.0,-1.0,20.0,46.7,26.7,53.3,10.0,7.0,12.0,10.0,1461.2,1419.2
2024-04-19,2023,Ath Bilbao,Granada,1,1,D,U,1.28,5.86,11.69,6,0,11,4,17,1.0,0.0,0.0,3.0,3.0,1.0,2.0,1.0,7.0,-6.0,2.0,-6.0,8.0,1.0,0.0,1.0,0.0,1.0,-1.0,68.8,6.2,0.0,86.7,12.0,8.0,12.0,8.0,1599.7,1382.9
2024-04-15,2023,Osasuna,Valencia,0,1,A,U,2.22,3.1,3.65,2,3,4,1,16,2.0,1.0,1.0,2.0,5.0,1.0,4.0,4.0,3.0,1.0,1.0,-2.0,3.0,1.0,0.0,1.0,1.0,1.0,0.0,40.0,40.0,26.7,53.3,12.0,10.0,15.0,6.0,1518.4,1529.2
2024-04-14,2023,Sociedad,Almeria,2,2,D,O,1.33,5.2,9.97,4,3,5,1,15,1.0,1.0,2.0,1.0,3.0,2.0,1.0,4.0,2.0,2.0,-1.0,0.0,-1.0,1.0,0.0,1.0,1.0,0.0,1.0,42.9,21.4,6.7,80.0,17.0,5.0,28.0,7.0,1607.6,1392.6
2024-04-14,2023,Las Palmas,Sevilla,0,2,A,U,2.74,3.18,2.75,2,3,6,2,16,0.0,1.0,2.0,1.0,1.0,3.0,-2.0,4.0,3.0,1.0,-3.0,0.0,-3.0,0.0,0.0,0.0,1.0,0.0,1.0,40.0,33.3,20.0,46.7,11.0,10.0,27.0,13.0,1426.6,1519.0
2024-04-14,2023,Granada,Alaves,2,0,H,U,3.1,3.1,2.51,3,3,1,5,16,0.0,0.0,2.0,2.0,3.0,0.0,3.0,5.0,3.0,2.0,-2.0,-3.0,1.0,0.0,0.0,0.0,0.0,1.0,-1.0,13.3,46.7,13.3,53.3,16.0,11.0,19.0,17.0,1370.8,1442.3
2024-04-14,2023,Ath Bilbao,Villarreal,1,1,D,U,1.77,3.97,4.4,6,2,3,1,16,2.0,2.0,0.0,0.0,5.0,7.0,-2.0,2.0,4.0,-2.0,3.0,3.0,0.0,1.0,1.0,0.0,0.0,0.0,0.0,73.3,6.7,35.7,35.7,13.0,12.0,12.0,15.0,1600.8,1561.4
2024-04-13,2023,Vallecano,Getafe,0,0,D,U,2.23,3.05,3.73,2,0,3,0,15,1.0,0.0,0.0,2.0,4.0,1.0,3.0,2.0,6.0,-4.0,2.0,-5.0,7.0,1.0,0.0,1.0,0.0,1.0,-1.0,14.3,35.7,6.7,46.7,12.0,11.0,12.0,16.0,1463.8,1503.3
2024-04-13,2023,Mallorca,Real Madrid,0,1,A,U,4.92,3.66,1.77,2,9,4,2,16,2.0,1.0,1.0,0.0,3.0,7.0,-4.0,2.0,5.0,-3.0,1.0,2.0,-1.0,0.0,1.0,-1.0,0.0,0.0,0.0,33.3,20.0,66.7,6.7,11.0,18.0,21.0,19.0,1491.3,1768.4
2024-04-13,2023,Cadiz,Barcelona,0,1,A,U,4.33,3.57,1.88,3,2,8,4,16,2.0,2.0,0.0,0.0,5.0,5.0,0.0,2.0,1.0,1.0,3.0,4.0,-1.0,1.0,1.0,0.0,0.0,0.0,0.0,26.7,26.7,57.1,0.0,14.0,11.0,17.0,12.0,1450.9,1737.8
2024-04-13,2023,Ath Madrid,Girona,3,1,H,O,1.97,3.78,3.67,4,5,2,0,16,2.0,0.0,1.0,3.0,7.0,2.0,5.0,4.0,5.0,-1.0,3.0,-3.0,6.0,1.0,0.0,1.0,1.0,0.0,1.0,86.7,6.7,53.3,26.7,22.0,13.0,14.0,14.0,1672.1,1609.6
2024-04-12,2023,Betis,Celta,2,1,H,O,2.06,3.47,3.71,3,5,6,5,16,1.0,1.0,1.0,1.0,5.0,4.0,1.0,4.0,7.0,-3.0,1.0,-3.0,4.0,1.0,0.0,1.0,0.0,1.0,-1.0,46.7,13.3,20.0,46.7,11.0,9.0,22.0,10.0,1560.2,1468.6
2024-04-04,2023,Granada,Valencia,0,1,A,U,3.32,3.19,2.3,3,2,5,4,15,0.0,0.0,1.0,3.0,4.0,0.0,4.0,5.0,5.0,0.0,-1.0,-5.0,4.0,0.0,0.0,0.0,0.0,2.0,-2.0,14.3,42.9,21.4,57.1,14.0,11.0,16.0,8.0,1376.9,1523.1
2024-04-01,2023,Villarreal,Ath Madrid,1,2,A,O,3.0,3.71,2.27,2,8,3,3,16,2.0,0.0,0.0,2.0,7.0,2.0,5.0,2.0,5.0,-3.0,5.0,-3.0,8.0,1.0,0.0,1.0,0.0,1.0,-1.0,33.3,40.0,28.6,50.0,24.0,18.0,20.0,15.0,1568.7,1664.8
2024-03-31,2023,Real Madrid,Ath Bilbao,2,0,H,U,1.55,4.29,5.87,4,3,4,7,15,3.0,1.0,0.0,1.0,9.0,3.0,6.0,0.0,3.0,-3.0,9.0,0.0,9.0,2.0,1.0,1.0,0.0,1.0,-1.0,85.7,0.0,35.7,28.6,25.0,7.0,19.0,16.0,1762.6,1606.6
2024-03-31,2023,Girona,Betis,3,2,H,O,1.78,3.96,4.37,5,4,5,4,15,2.0,1.0,0.0,2.0,5.0,3.0,2.0,0.0,4.0,-4.0,5.0,-1.0,6.0,2.0,1.0,1.0,0.0,1.0,-1.0,78.6,7.1,21.4,35.7,17.0,12.0,10.0,17.0,1600.5,1569.3
2024-03-31,2023,Celta,Vallecano,0,0,D,U,1.96,3.39,4.16,0,2,3,2,15,1.0,0.0,2.0,3.0,2.0,1.0,1.0,3.0,6.0,-3.0,-1.0,-5.0,4.0,0.0,0.0,0.0,0.0,1.0,-1.0,21.4,50.0,26.7,46.7,15.0,8.0,14.0,8.0,1468.8,1463.7
2024-03-31,2023,Alaves,Sociedad,0,1,A,U,3.41,2.96,2.42,0,3,3,8,15,1.0,2.0,0.0,1.0,3.0,7.0,-4.0,2.0,6.0,-4.0,1.0,1.0,0.0,0.0,0.0,0.0,0.0,0.0,0.0,42.9,35.7,40.0,26.7,9.0,17.0,20.0,20.0,1448.1,1601.8
2024-03-30,2023,Valencia,Mallorca,0,0,D,U,2.1,2.96,4.35,5,3,3,3,15,1.0,0.0,0.0,2.0,3.0,1.0,2.0,2.0,6.0,-4.0,1.0,-5.0,6.0,0.0,0.0,0.0,0.0,1.0,-1.0,57.1,14.3,7.1,57.1,12.0,13.0,14.0,6.0,1524.1,1490.3
2024-03-30,2023,Getafe,Sevilla,0,1,A,U,2.53,3.15,3.02,5,3,7,3,15,2.0,0.0,0.0,1.0,7.0,2.0,5.0,5.0,3.0,2.0,2.0,-1.0,3.0,0.0,0.0,0.0,0.0,0.0,0.0,57.1,14.3,14.3,50.0,12.0,8.0,6.0,12.0,1513.4,1508.9
2024-03-30,2023,Barcelona,Las Palmas,1,0,H,U,1.27,6.34,10.15,2,0,6,1,16,2.0,0.0,0.0,1.0,8.0,4.0,4.0,3.0,9.0,-6.0,5.0,-5.0,10.0,1.0,0.0,1.0,0.0,1.0,-1.0,73.3,20.0,28.6,50.0,21.0,13.0,15.0,18.0,1734.9,1429.5
2024-03-30,2023,Almeria,Osasuna,0,3,A,O,2.62,3.25,2.83,5,4,6,1,15,0.0,1.0,0.0,1.0,4.0,2.0,2.0,4.0,3.0,1.0,0.0,-1.0,1.0,0.0,0.0,0.0,0.0,1.0,-1.0,0.0,42.9,28.6,50.0,12.0,5.0,7.0,18.0,1399.5,1511.5
2024-03-29,2023,Cadiz,Granada,1,0,H,U,2.02,3.34,4.1,5,2,5,2,15,1.0,0.0,1.0,2.0,4.0,4.0,0.0,4.0,9.0,-5.0,0.0,-5.0,5.0,1.0,0.0,1.0,1.0,1.0,0.0,21.4,28.6,0.0,85.7,14.0,11.0,17.0,8.0,1442.5,1385.2
2024-03-17,2023,Villarreal,Valencia,1,0,H,U,2.1,3.46,3.56,7,7,6,2,15,1.0,1.0,0.0,2.0,6.0,4.0,2.0,2.0,5.0,-3.0,4.0,-1.0,5.0,1.0,1.0,0.0,0.0,2.0,-2.0,28.6,42.9,23.1,53.8,21.0,9.0,27.0,7.0,1559.5,1533.4
2024-03-17,2023,Vallecano,Betis,2,0,H,U,2.49,3.23,2.98,4,1,4,8,14,0.0,2.0,1.0,1.0,3.0,4.0,-1.0,4.0,2.0,2.0,-1.0,2.0,-3.0,0.0,1.0,-1.0,0.0,0.0,0.0,7.7,38.5,23.1,30.8,13.0,13.0,14.0,13.0,1450.0,1582.9
2024-03-17,2023,Sevilla,Celta,1,2,A,O,2.01,3.42,3.92,4,5,3,8,15,2.0,0.0,0.0,2.0,5.0,4.0,1.0,3.0,9.0,-6.0,2.0,-5.0,7.0,0.0,0.0,0.0,0.0,1.0,-1.0,28.6,35.7,14.3,50.0,16.0,8.0,6.0,6.0,1520.7,1456.9
2024-03-17,2023,Las Palmas,Almeria,0,1,A,U,1.91,3.59,4.1,6,2,11,3,15,1.0,0.0,1.0,2.0,3.0,2.0,1.0,3.0,4.0,-1.0,0.0,-2.0,2.0,1.0,0.0,1.0,1.0,0.0,1.0,42.9,28.6,0.0,85.7,8.0,8.0,21.0,10.0,1441.0,1387.9
2024-03-17,2023,Ath Madrid,Barcelona,0,3,A,O,2.39,3.63,2.84,3,5,7,3,15,3.0,2.0,0.0,0.0,9.0,5.0,4.0,2.0,2.0,0.0,7.0,3.0,4.0,1.0,1.0,0.0,0.0,0.0,0.0,92.9,0.0,53.8,0.0,22.0,11.0,12.0,14.0,1673.3,1726.4
2024-03-16,2023,Osasuna,Real Madrid,2,4,A,O,5.97,4.25,1.56,4,9,5,7,15,2.0,1.0,1.0,0.0,3.0,5.0,-2.0,3.0,3.0,0.0,0.0,2.0,-2.0,1.0,1.0,0.0,1.0,0.0,1.0,42.9,35.7,64.3,7.1,9.0,18.0,19.0,18.0,1515.5,1758.7
2024-03-16,2023,Mallorca,Granada,1,0,H,U,1.84,3.4,4.85,8,3,10,2,15,2.0,0.0,1.0,2.0,4.0,4.0,0.0,3.0,10.0,-7.0,1.0,-6.0,7.0,0.0,0.0,0.0,0.0,2.0,-2.0,28.6,21.4,0.0,84.6,8.0,11.0,16.0,9.0,1482.9,1392.7
2024-03-16,2023,Getafe,Girona,1,0,H,U,3.13,3.49,2.29,3,3,2,5,14,1.0,0.0,1.0,3.0,6.0,2.0,4.0,7.0,8.0,-1.0,-1.0,-6.0,5.0,0.0,0.0,0.0,1.0,1.0,0.0,53.8,15.4,57.1,21.4,11.0,10.0,6.0,11.0,1500.3,1613.7
2024-03-16,2023,Ath Bilbao,Alaves,2,0,H,U,1.55,3.97,6.69,4,3,5,4,15,2.0,1.0,0.0,1.0,7.0,3.0,4.0,2.0,1.0,1.0,5.0,2.0,3.0,1.0,1.0,0.0,0.0,0.0,0.0,71.4,7.1,14.3,50.0,15.0,11.0,13.0,16.0,1600.6,1454.1
2024-03-15,2023,Sociedad,Cadiz,2,0,H,U,1.48,4.03,8.4,6,2,8,2,14,0.0,0.0,2.0,1.0,1.0,1.0,0.0,4.0,3.0,1.0,-3.0,-2.0,-1.0,0.0,0.0,0.0,1.0,1.0,0.0,38.5,23.1,0.0,57.1,14.0,8.0,22.0,15.0,1595.8,1448.5
2024-03-11,2023,Almeria,Sevilla,2,2,D,O,3.06,3.34,2.38,4,6,1,8,14,0.0,1.0,1.0,1.0,2.0,2.0,0.0,5.0,2.0,3.0,-3.0,0.0,-3.0,0.0,0.0,0.0,1.0,0.0,1.0,0.0,46.2,15.4,53.8,15.0,8.0,17.0,4.0,1384.1,1524.5
2024-03-10,2023,Real Madrid,Celta,4,0,H,O,1.3,5.94,9.62,13,1,12,1,14,2.0,1.0,0.0,1.0,6.0,7.0,-1.0,1.0,5.0,-4.0,5.0,2.0,3.0,1.0,1.0,0.0,0.0,0.0,0.0,84.6,0.0,15.4,46.2,16.0,12.0,9.0,6.0,1755.6,1460.0
2024-03-10,2023,Las Palmas,Ath Bilbao,0,2,A,U,3.97,3.37,2.01,2,2,10,3,14,1.0,0.0,1.0,1.0,4.0,1.0,3.0,3.0,3.0,0.0,1.0,-2.0,3.0,1.0,0.0,1.0,0.0,1.0,-1.0,46.2,23.1,30.8,30.8,8.0,5.0,12.0,21.0,1447.0,1594.6
2024-03-10,2023,Betis,Villarreal,2,3,A,O,2.08,3.62,3.48,4,4,11,4,15,1.0,2.0,0.0,0.0,4.0,9.0,-5.0,2.0,5.0,-3.0,2.0,4.0,-2.0,1.0,2.0,-1.0,0.0,0.0,0.0,50.0,7.1,30.8,38.5,10.0,14.0,14.0,11.0,1594.3,1548.1
2024-03-10,2023,Alaves,Vallecano,1,0,H,U,2.17,3.15,3.77,4,3,7,5,14,0.0,0.0,1.0,3.0,3.0,2.0,1.0,5.0,7.0,-2.0,-2.0,-5.0,3.0,0.0,0.0,0.0,1.0,1.0,0.0,38.5,38.5,28.6,42.9,7.0,7.0,27.0,9.0,1443.6,1460.5
2024-03-09,2023,Valencia,Getafe,1,0,H,U,2.0,3.18,4.38,3,5,5,5,14,1.0,0.0,0.0,1.0,4.0,2.0,2.0,3.0,6.0,-3.0,1.0,-4.0,5.0,0.0,0.0,0.0,0.0,1.0,-1.0,53.8,15.4,7.1,42.9,11.0,8.0,9.0,16.0,1523.8,1509.9
2024-03-09,2023,Granada,Sociedad,2,3,A,O,4.43,3.44,1.89,6,8,4,6,14,0.0,1.0,1.0,1.0,2.0,4.0,-2.0,3.0,4.0,-1.0,-1.0,0.0,-1.0,0.0,0.0,0.0,0.0,0.0,0.0,15.4,38.5,35.7,28.6,10.0,11.0,18.0,18.0,1397.6,1590.9
2024-03-09,2023,Girona,Osasuna,2,0,H,U,1.62,4.2,5.41,6,1,5,7,14,2.0,1.0,0.0,1.0,8.0,2.0,6.0,1.0,2.0,-1.0,7.0,0.0,7.0,2.0,0.0,2.0,0.0,0.0,0.0,76.9,7.7,30.8,46.2,19.0,5.0,9.0,17.0,1606.0,1523.2
2024-03-09,2023,Cadiz,Ath Madrid,2,0,H,U,4.93,3.71,1.75,3,4,3,1,14,0.0,0.0,1.0,1.0,2.0,3.0,-1.0,4.0,4.0,0.0,-2.0,-1.0,-1.0,0.0,0.0,0.0,1.0,0.0,1.0,15.4,30.8,30.8,46.2,13.0,19.0,20.0,22.0,1432.2,1689.5
2024-03-08,2023,Barcelona,Mallorca,1,0,H,U,1.46,4.58,7.23,6,3,4,1,15,2.0,0.0,0.0,1.0,8.0,2.0,6.0,3.0,6.0,-3.0,5.0,-4.0,9.0,1.0,0.0,1.0,0.0,1.0,-1.0,71.4,21.4,7.7,53.8,19.0,12.0,17.0,11.0,1722.3,1487.0
2024-03-04,2023,Osasuna,Alaves,1,0,H,U,2.39,3.08,3.27,4,4,5,5,14,2.0,2.0,1.0,0.0,5.0,6.0,-1.0,5.0,2.0,3.0,0.0,4.0,-4.0,1.0,1.0,0.0,1.0,0.0,1.0,38.5,38.5,15.4,46.2,12.0,15.0,15.0,15.0,1515.0,1451.8
2024-03-03,2023,Villarreal,Granada,5,1,H,O,1.65,4.21,4.99,10,3,6,4,14,0.0,0.0,0.0,2.0,2.0,3.0,-1.0,2.0,6.0,-4.0,0.0,-3.0,3.0,0.0,0.0,0.0,0.0,1.0,-1.0,23.1,46.2,0.0,83.3,16.0,10.0,25.0,6.0,1541.9,1403.9
2024-03-03,2023,Mallorca,Girona,1,0,H,U,3.23,3.3,2.3,2,4,8,5,14,1.0,1.0,2.0,2.0,3.0,3.0,0.0,4.0,7.0,-3.0,-1.0,-4.0,3.0,0.0,0.0,0.0,0.0,1.0,-1.0,23.1,23.1,61.5,15.4,7.0,12.0,13.0,13.0,1473.0,1620.0
2024-03-03,2023,Ath Madrid,Betis,2,1,H,O,1.56,4.34,5.73,12,6,4,6,14,3.0,2.0,0.0,1.0,9.0,4.0,5.0,1.0,2.0,-1.0,8.0,2.0,6.0,2.0,1.0,1.0,0.0,0.0,0.0,92.3,0.0,25.0,25.0,18.0,10.0,11.0,14.0,1681.8,1602.0
2024-03-03,2023,Ath Bilbao,Barcelona,0,0,D,U,2.86,3.54,2.42,2,2,4,4,14,3.0,3.0,0.0,0.0,9.0,9.0,0.0,3.0,4.0,-1.0,6.0,5.0,1.0,1.0,2.0,-1.0,0.0,0.0,0.0,76.9,7.7,58.3,0.0,16.0,13.0,14.0,14.0,1590.9,1726.0
2024-03-02,2023,Vallecano,Cadiz,1,1,D,U,1.83,3.34,5.09,5,5,4,9,13,0.0,0.0,2.0,2.0,2.0,0.0,2.0,5.0,3.0,2.0,-3.0,-3.0,0.0,0.0,0.0,0.0,1.0,1.0,0.0,8.3,41.7,0.0,61.5,11.0,4.0,22.0,10.0,1461.4,1431.4
2024-03-02,2023,Valencia,Real Madrid,2,2,D,O,5.32,3.91,1.67,5,5,2,2,13,2.0,2.0,0.0,0.0,3.0,5.0,-2.0,1.0,2.0,-1.0,2.0,3.0,-1.0,0.0,1.0,-1.0,0.0,0.0,0.0,58.3,16.7,69.2,7.7,7.0,18.0,11.0,22.0,1517.7,1761.7
2024-03-02,2023,Sevilla,Sociedad,3,2,H,O,2.6,3.02,3.05,5,4,2,5,14,1.0,2.0,1.0,0.0,4.0,3.0,1.0,4.0,1.0,3.0,0.0,2.0,-2.0,0.0,0.0,0.0,0.0,0.0,0.0,23.1,38.5,38.5,23.1,15.0,9.0,9.0,16.0,1512.0,1603.4
2024-03-02,2023,Getafe,Las Palmas,3,3,D,O,2.05,3.18,4.15,5,5,4,4,13,2.0,1.0,1.0,1.0,5.0,3.0,2.0,4.0,6.0,-2.0,1.0,-3.0,4.0,1.0,1.0,0.0,1.0,1.0,0.0,58.3,16.7,30.8,53.8,10.0,13.0,6.0,14.0,1511.8,1445.1
2024-03-01,2023,Celta,Almeria,1,0,H,U,1.86,3.68,4.3,6,0,7,0,14,0.0,0.0,3.0,2.0,1.0,4.0,-3.0,4.0,6.0,-2.0,-3.0,-2.0,-1.0,0.0,0.0,0.0,0.0,0.0,0.0,15.4,53.8,0.0,84.6,11.0,10.0,13.0,13.0,1451.7,1392.4
2024-02-26,2023,Girona,Vallecano,3,0,H,O,1.66,4.11,4.96,8,1,2,2,13,2.0,0.0,0.0,2.0,9.0,2.0,7.0,4.0,4.0,0.0,5.0,-2.0,7.0,1.0,0.0,1.0,0.0,0.0,0.0,75.0,8.3,30.8,38.5,20.0,6.0,14.0,9.0,1614.0,1467.4
2024-02-25,2023,Real Madrid,Sevilla,1,0,H,U,1.3,5.85,9.43,6,1,7,2,13,2.0,1.0,0.0,1.0,8.0,3.0,5.0,3.0,6.0,-3.0,5.0,-3.0,8.0,1.0,0.0,1.0,0.0,1.0,-1.0,83.3,0.0,16.7,50.0,16.0,10.0,8.0,7.0,1757.7,1516.0
2024-02-25,2023,Las Palmas,Osasuna,1,1,D,U,2.41,3.03,3.33,3,2,6,7,13,2.0,1.0,1.0,1.0,6.0,2.0,4.0,2.0,2.0,0.0,4.0,0.0,4.0,2.0,0.0,2.0,0.0,0.0,0.0,50.0,25.0,33.3,50.0,8.0,7.0,10.0,14.0,1443.0,1517.1
2024-02-25,2023,Cadiz,Celta,2,2,D,O,3.08,3.03,2.57,6,3,9,1,13,0.0,1.0,2.0,1.0,1.0,6.0,-5.0,6.0,4.0,2.0,-5.0,2.0,-7.0,0.0,1.0,-1.0,2.0,0.0,2.0,16.7,33.3,16.7,50.0,9.0,11.0,14.0,6.0,1430.8,1452.3
2024-02-25,2023,Betis,Ath Bilbao,3,1,H,O,3.5,3.26,2.21,5,1,5,3,14,0.0,0.0,1.0,1.0,3.0,0.0,3.0,5.0,1.0,4.0,-2.0,-1.0,-1.0,0.0,0.0,0.0,1.0,0.0,1.0,46.2,7.7,33.3,25.0,10.0,7.0,12.0,20.0,1591.7,1601.1
2024-02-24,2023,Barcelona,Getafe,4,0,H,O,1.42,4.97,7.2,9,4,5,8,14,1.0,0.0,1.0,1.0,7.0,4.0,3.0,8.0,5.0,3.0,-1.0,-1.0,0.0,0.0,0.0,0.0,1.0,0.0,1.0,69.2,23.1,7.7,38.5,20.0,11.0,22.0,12.0,1721.3,1516.5
2024-02-24,2023,Almeria,Ath Madrid,2,2,D,O,4.54,3.95,1.75,4,9,2,7,13,0.0,1.0,1.0,1.0,0.0,2.0,-2.0,3.0,2.0,1.0,-3.0,0.0,-3.0,0.0,0.0,0.0,1.0,0.0,1.0,0.0,50.0,33.3,50.0,14.0,15.0,19.0,17.0,1385.4,1688.8
2024-02-24,2023,Alaves,Mallorca,1,1,D,U,1.94,3.11,4.8,1,8,3,3,13,1.0,0.0,1.0,2.0,3.0,1.0,2.0,4.0,6.0,-2.0,-1.0,-5.0,4.0,0.0,0.0,0.0,1.0,1.0,0.0,41.7,41.7,8.3,58.3,9.0,4.0,28.0,12.0,1451.2,1473.6
2024-02-23,2023,Sociedad,Villarreal,1,3,A,O,1.73,3.78,5.06,8,4,13,2,13,0.0,1.0,1.0,1.0,1.0,6.0,-5.0,2.0,7.0,-5.0,-1.0,-1.0,0.0,0.0,1.0,-1.0,0.0,1.0,-1.0,41.7,16.7,25.0,41.7,12.0,13.0,15.0,15.0,1615.9,1529.5
2024-02-19,2023,Ath Bilbao,Girona,3,2,H,O,1.98,3.72,3.68,7,6,3,4,13,3.0,1.0,0.0,1.0,7.0,1.0,6.0,1.0,4.0,-3.0,6.0,-3.0,9.0,1.0,0.0,1.0,0.0,1.0,-1.0,75.0,8.3,66.7,8.3,19.0,7.0,16.0,12.0,1590.1,1625.0
2024-02-18,2023,Vallecano,Real Madrid,1,1,D,U,5.49,4.07,1.63,3,4,4,10,12,0.0,3.0,3.0,0.0,1.0,5.0,-4.0,5.0,1.0,4.0,-4.0,4.0,-8.0,0.0,1.0,-1.0,1.0,0.0,1.0,9.1,45.5,75.0,8.3,9.0,18.0,26.0,15.0,1460.3,1764.7
2024-02-18,2023,Mallorca,Sociedad,1,2,A,O,3.34,2.83,2.55,1,5,3,9,13,1.0,1.0,1.0,1.0,3.0,2.0,1.0,3.0,2.0,1.0,0.0,0.0,0.0,0.0,0.0,0.0,0.0,0.0,0.0,25.0,16.7,33.3,25.0,12.0,5.0,20.0,12.0,1480.0,1609.4
2024-02-18,2023,Granada,Almeria,1,1,D,U,2.14,3.51,3.41,7,3,10,4,13,1.0,0.0,1.0,3.0,3.0,3.0,0.0,2.0,6.0,-4.0,1.0,-3.0,4.0,1.0,0.0,1.0,0.0,0.0,0.0,16.7,41.7,0.0,91.7,11.0,7.0,13.0,13.0,1404.4,1384.8
2024-02-18,2023,Betis,Alaves,0,0,D,U,2.1,3.34,3.7,2,4,6,8,13,1.0,2.0,1.0,0.0,4.0,7.0,-3.0,5.0,3.0,2.0,-1.0,4.0,-5.0,0.0,1.0,-1.0,1.0,0.0,1.0,50.0,8.3,16.7,50.0,14.0,13.0,19.0,11.0,1595.8,1447.2
2024-02-17,2023,Valencia,Sevilla,0,0,D,U,2.26,3.31,3.34,4,1,7,2,12,3.0,1.0,0.0,2.0,6.0,3.0,3.0,2.0,7.0,-5.0,4.0,-4.0,8.0,1.0,0.0,1.0,0.0,1.0,-1.0,63.6,18.2,18.2,54.5,11.0,11.0,8.0,10.0,1517.7,1515.9
2024-02-17,2023,Osasuna,Cadiz,2,0,H,U,1.79,3.41,5.27,4,1,5,4,13,2.0,0.0,1.0,2.0,4.0,0.0,4.0,5.0,3.0,2.0,-1.0,-3.0,2.0,0.0,0.0,0.0,1.0,1.0,0.0,33.3,41.7,0.0,58.3,10.0,5.0,15.0,12.0,1509.0,1438.8
2024-02-17,2023,Celta,Barcelona,1,2,A,O,3.96,3.85,1.88,4,4,2,5,13,1.0,3.0,2.0,0.0,2.0,9.0,-7.0,3.0,4.0,-1.0,-1.0,5.0,-6.0,0.0,2.0,-2.0,0.0,0.0,0.0,16.7,50.0,54.5,0.0,13.0,14.0,19.0,19.0,1456.0,1717.7
2024-02-17,2023,Ath Madrid,Las Palmas,5,0,H,O,1.47,4.59,7.09,7,2,3,5,13,3.0,1.0,0.0,1.0,5.0,3.0,2.0,1.0,2.0,-1.0,4.0,1.0,3.0,1.0,1.0,0.0,0.0,0.0,0.0,91.7,0.0,33.3,50.0,15.0,12.0,14.0,11.0,1684.8,1447.1
2024-02-16,2023,Villarreal,Getafe,1,1,D,U,2.0,3.56,3.81,7,2,8,3,13,1.0,0.0,0.0,1.0,4.0,6.0,-2.0,3.0,7.0,-4.0,1.0,-1.0,2.0,0.0,0.0,0.0,0.0,0.0,0.0,25.0,50.0,8.3,41.7,17.0,18.0,21.0,21.0,1529.9,1516.1
2024-02-12,2023,Almeria,Ath Bilbao,0,0,D,U,4.65,3.92,1.73,4,4,4,10,12,0.0,1.0,1.0,1.0,0.0,2.0,-2.0,3.0,1.0,2.0,-3.0,1.0,-4.0,0.0,1.0,-1.0,1.0,0.0,1.0,0.0,54.5,36.4,27.3,11.0,9.0,19.0,14.0,1379.3,1595.7
2024-02-11,2023,Sevilla,Ath Madrid,1,0,H,U,3.5,3.55,2.09,6,5,2,7,13,0.0,1.0,2.0,1.0,3.0,5.0,-2.0,6.0,5.0,1.0,-3.0,0.0,-3.0,0.0,0.0,0.0,1.0,0.0,1.0,16.7,41.7,36.4,45.5,11.0,22.0,12.0,18.0,1500.7,1700.0
2024-02-11,2023,Mallorca,Vallecano,2,1,H,O,2.38,2.98,3.46,5,4,5,1,12,1.0,1.0,1.0,1.0,4.0,3.0,1.0,4.0,2.0,2.0,0.0,1.0,-1.0,0.0,1.0,-1.0,0.0,0.0,0.0,18.2,18.2,33.3,33.3,15.0,10.0,21.0,11.0,1470.0,1470.4
2024-02-11,2023,Getafe,Celta,3,2,H,O,2.24,3.14,3.59,4,4,0,4,12,1.0,1.0,2.0,1.0,2.0,6.0,-4.0,4.0,4.0,0.0,-2.0,2.0,-4.0,1.0,1.0,0.0,2.0,0.0,2.0,54.5,18.2,18.2,45.5,6.0,12.0,8.0,9.0,1507.3,1464.8
2024-02-11,2023,Barcelona,Granada,3,3,D,O,1.21,7.23,12.32,6,5,6,2,13,2.0,0.0,1.0,3.0,7.0,0.0,7.0,7.0,4.0,3.0,0.0,-4.0,4.0,0.0,0.0,0.0,1.0,1.0,0.0,75.0,25.0,0.0,90.9,25.0,7.0,28.0,5.0,1725.1,1397.1
2024-02-10,2023,Sociedad,Osasuna,0,1,A,U,1.87,3.23,5.01,3,2,7,4,12,0.0,0.0,0.0,2.0,1.0,3.0,-2.0,1.0,5.0,-4.0,0.0,-2.0,2.0,0.0,0.0,0.0,0.0,0.0,0.0,45.5,9.1,27.3,54.5,13.0,12.0,11.0,10.0,1622.9,1495.5
2024-02-10,2023,Real Madrid,Girona,4,0,H,O,1.45,5.04,6.42,6,0,0,2,12,2.0,1.0,0.0,0.0,5.0,2.0,3.0,3.0,1.0,2.0,2.0,1.0,1.0,0.0,0.0,0.0,0.0,0.0,0.0,81.8,0.0,72.7,0.0,15.0,11.0,13.0,16.0,1758.2,1631.5
2024-02-10,2023,Las Palmas,Valencia,2,0,H,U,2.72,2.99,2.93,3,1,5,0,12,1.0,2.0,2.0,1.0,5.0,5.0,0.0,4.0,3.0,1.0,1.0,2.0,-1.0,1.0,1.0,0.0,0.0,1.0,-1.0,45.5,27.3,25.0,50.0,8.0,11.0,10.0,8.0,1434.4,1530.4
2024-02-10,2023,Alaves,Villarreal,1,1,D,U,2.21,3.41,3.35,4,4,10,9,12,1.0,1.0,2.0,2.0,2.0,6.0,-4.0,4.0,9.0,-5.0,-2.0,-3.0,1.0,0.0,1.0,-1.0,1.0,2.0,-1.0,45.5,45.5,27.3,45.5,7.0,13.0,21.0,9.0,1444.7,1532.3
2024-02-09,2023,Cadiz,Betis,0,2,A,U,3.03,2.99,2.65,5,5,5,3,12,0.0,1.0,1.0,1.0,1.0,2.0,-1.0,4.0,2.0,2.0,-3.0,0.0,-3.0,0.0,0.0,0.0,1.0,0.0,1.0,18.2,27.3,18.2,27.3,6.0,8.0,16.0,18.0,1444.8,1589.7
2024-02-05,2023,Vallecano,Sevilla,1,2,A,O,2.19,3.34,3.45,5,6,6,0,11,0.0,1.0,2.0,2.0,0.0,4.0,-4.0,3.0,6.0,-3.0,-3.0,-2.0,-1.0,0.0,1.0,-1.0,1.0,1.0,0.0,10.0,40.0,10.0,60.0,8.0,10.0,28.0,14.0,1480.0,1491.0
2024-02-04,2023,Villarreal,Cadiz,0,0,D,U,1.65,4.04,5.23,4,2,13,2,12,1.0,0.0,1.0,2.0,4.0,1.0,3.0,6.0,4.0,2.0,-2.0,-3.0,1.0,0.0,0.0,0.0,1.0,1.0,0.0,27.3,54.5,0.0,63.6,17.0,8.0,13.0,16.0,1535.0,1442.2
2024-02-04,2023,Real Madrid,Ath Madrid,1,1,D,U,1.76,4.04,4.39,4,5,2,8,11,3.0,1.0,0.0,2.0,8.0,4.0,4.0,3.0,6.0,-3.0,5.0,-2.0,7.0,1.0,0.0,1.0,0.0,1.0,-1.0,90.0,0.0,40.0,50.0,20.0,20.0,22.0,17.0,1760.0,1698.2
2024-02-04,2023,Osasuna,Celta,0,3,A,O,2.35,3.17,3.31,1,5,9,1,12,3.0,0.0,0.0,1.0,5.0,3.0,2.0,2.0,4.0,-2.0,3.0,-1.0,4.0,0.0,0.0,0.0,0.0,0.0,0.0,36.4,36.4,10.0,50.0,13.0,9.0,15.0,9.0,1507.1,1453.2
2024-02-04,2023,Betis,Getafe,1,1,D,U,1.91,3.43,4.39,3,2,3,5,12,1.0,1.0,1.0,1.0,4.0,8.0,-4.0,5.0,6.0,-1.0,-1.0,2.0,-3.0,0.0,1.0,-1.0,1.0,0.0,1.0,54.5,9.1,9.1,45.5,15.0,23.0,23.0,18.0,1592.2,1504.8
2024-02-03,2023,Valencia,Almeria,2,1,H,O,1.67,3.93,5.26,2,5,0,6,11,2.0,0.0,0.0,3.0,5.0,4.0,1.0,2.0,7.0,-5.0,3.0,-3.0,6.0,1.0,0.0,1.0,0.0,0.0,0.0,60.0,20.0,0.0,90.9,13.0,7.0,12.0,7.0,1524.2,1385.5
2024-02-03,2023,Granada,Las Palmas,1,1,D,U,2.3,3.25,3.32,1,6,2,9,12,1.0,2.0,2.0,1.0,2.0,3.0,-1.0,4.0,1.0,3.0,-2.0,2.0,-4.0,1.0,1.0,0.0,1.0,0.0,1.0,18.2,45.5,36.4,54.5,13.0,8.0,17.0,5.0,1395.9,1435.5
2024-02-03,2023,Girona,Sociedad,0,0,D,U,2.15,3.46,3.48,3,2,3,4,12,3.0,1.0,0.0,1.0,12.0,2.0,10.0,4.0,2.0,2.0,8.0,0.0,8.0,2.0,0.0,2.0,0.0,0.0,0.0,81.8,9.1,36.4,27.3,21.0,4.0,14.0,13.0,1631.8,1622.7
2024-02-03,2023,Alaves,Barcelona,1,3,A,O,4.18,3.71,1.87,2,5,14,5,11,1.0,2.0,2.0,0.0,1.0,7.0,-6.0,2.0,4.0,-2.0,-1.0,3.0,-4.0,0.0,1.0,-1.0,0.0,0.0,0.0,50.0,40.0,50.0,0.0,10.0,17.0,19.0,20.0,1448.1,1721.6
2024-02-02,2023,Ath Bilbao,Mallorca,4,0,H,O,1.55,3.96,6.95,6,2,6,2,12,3.0,0.0,0.0,1.0,5.0,1.0,4.0,1.0,2.0,-1.0,4.0,-1.0,5.0,1.0,0.0,1.0,0.0,0.0,0.0,72.7,9.1,9.1,54.5,20.0,4.0,13.0,14.0,1588.8,1476.9
2024-02-01,2023,Getafe,Real Madrid,0,2,A,U,6.23,4.19,1.55,2,9,2,6,11,2.0,2.0,1.0,0.0,3.0,4.0,-1.0,2.0,2.0,0.0,1.0,2.0,-1.0,1.0,0.0,1.0,1.0,0.0,1.0,60.0,10.0,72.7,9.1,10.0,11.0,13.0,15.0,1508.7,1756.1
2024-01-31,2023,Barcelona,Osasuna,1,0,H,U,1.32,5.57,9.5,4,1,6,6,12,1.0,0.0,2.0,1.0,8.0,4.0,4.0,11.0,5.0,6.0,-3.0,-1.0,-2.0,0.0,0.0,0.0,2.0,0.0,2.0,72.7,27.3,30.0,50.0,32.0,16.0,30.0,8.0,1716.9,1511.8
2024-01-31,2023,Ath Madrid,Vallecano,2,1,H,O,1.5,4.47,6.58,3,2,5,6,12,2.0,1.0,0.0,1.0,6.0,2.0,4.0,3.0,1.0,2.0,3.0,1.0,2.0,1.0,1.0,0.0,0.0,0.0,0.0,90.9,0.0,36.4,27.3,16.0,11.0,10.0,6.0,1693.6,1484.7
2024-01-29,2023,Getafe,Granada,2,0,H,U,1.82,3.49,4.73,4,3,4,3,10,2.0,0.0,1.0,3.0,3.0,0.0,3.0,3.0,4.0,-1.0,0.0,-4.0,4.0,0.0,0.0,0.0,1.0,1.0,0.0,55.6,11.1,0.0,90.0,11.0,4.0,12.0,2.0,1501.5,1403.2
2024-01-28,2023,Sevilla,Osasuna,1,1,D,U,2.06,3.36,3.79,5,4,2,4,12,0.0,0.0,3.0,2.0,2.0,4.0,-2.0,8.0,7.0,1.0,-6.0,-3.0,-3.0,0.0,0.0,0.0,2.0,1.0,1.0,18.2,45.5,33.3,55.6,10.0,19.0,14.0,8.0,1490.4,1512.4
2024-01-28,2023,Celta,Girona,0,1,A,U,2.77,3.52,2.49,5,6,5,7,12,2.0,1.0,1.0,0.0,3.0,5.0,-2.0,2.0,3.0,-1.0,1.0,2.0,-1.0,0.0,1.0,-1.0,0.0,0.0,0.0,18.2,45.5,70.0,0.0,12.0,12.0,21.0,12.0,1458.7,1626.3
2024-01-28,2023,Cadiz,Ath Bilbao,0,0,D,U,5.14,3.62,1.74,2,0,6,8,11,0.0,1.0,1.0,1.0,2.0,3.0,-1.0,5.0,2.0,3.0,-3.0,1.0,-4.0,0.0,1.0,-1.0,1.0,0.0,1.0,20.0,30.0,40.0,30.0,9.0,13.0,12.0,14.0,1438.0,1593.0
2024-01-28,2023,Ath Madrid,Valencia,2,0,H,U,1.5,4.42,6.51,8,3,3,6,11,2.0,2.0,0.0,1.0,6.0,5.0,1.0,4.0,2.0,2.0,2.0,3.0,-1.0,0.0,1.0,-1.0,0.0,0.0,0.0,90.0,0.0,27.3,45.5,12.0,8.0,10.0,2.0,1687.8,1530.0
2024-01-27,2023,Sociedad,Vallecano,0,0,D,U,1.67,3.72,5.69,3,0,2,2,11,1.0,1.0,0.0,2.0,3.0,2.0,1.0,2.0,5.0,-3.0,1.0,-3.0,4.0,0.0,1.0,-1.0,0.0,1.0,-1.0,50.0,10.0,40.0,30.0,18.0,14.0,13.0,6.0,1626.6,1480.7
2024-01-27,2023,Mallorca,Betis,0,1,A,U,2.4,3.14,3.25,1,2,5,4,11,2.0,0.0,0.0,1.0,5.0,1.0,4.0,3.0,2.0,1.0,2.0,-1.0,3.0,0.0,0.0,0.0,0.0,0.0,0.0,20.0,10.0,10.0,30.0,17.0,8.0,20.0,20.0,1484.1,1585.0
2024-01-27,2023,Las Palmas,Real Madrid,1,2,A,O,6.81,4.71,1.46,2,5,1,6,11,1.0,2.0,1.0,0.0,5.0,5.0,0.0,3.0,1.0,2.0,2.0,4.0,-2.0,1.0,1.0,0.0,0.0,0.0,0.0,50.0,20.0,70.0,10.0,8.0,11.0,13.0,13.0,1438.3,1753.3
2024-01-27,2023,Barcelona,Villarreal,3,5,A,O,1.34,5.91,7.85,10,6,10,0,11,2.0,0.0,1.0,3.0,6.0,2.0,4.0,6.0,10.0,-4.0,0.0,-8.0,8.0,0.0,0.0,0.0,1.0,3.0,-2.0,80.0,20.0,20.0,50.0,24.0,8.0,27.0,9.0,1732.4,1519.5
2024-01-26,2023,Almeria,Alaves,0,3,A,O,2.61,3.23,2.86,7,3,11,3,11,0.0,1.0,0.0,1.0,0.0,4.0,-4.0,0.0,6.0,-6.0,0.0,-2.0,2.0,0.0,0.0,0.0,0.0,1.0,-1.0,0.0,50.0,9.1,54.5,12.0,12.0,12.0,10.0,1394.2,1439.4
2024-01-22,2023,Granada,Ath Madrid,0,1,A,U,4.79,3.97,1.71,2,5,6,2,11,1.0,0.0,1.0,3.0,3.0,3.0,0.0,4.0,7.0,-3.0,-1.0,-4.0,3.0,1.0,0.0,1.0,1.0,1.0,0.0,20.0,40.0,33.3,55.6,15.0,19.0,12.0,17.0,1406.5,1684.5
2024-01-21,2023,Real Madrid,Almeria,3,2,H,O,1.15,9.07,16.19,6,2,6,3,10,3.0,0.0,0.0,3.0,7.0,3.0,4.0,1.0,6.0,-5.0,6.0,-3.0,9.0,2.0,0.0,2.0,0.0,0.0,0.0,88.9,0.0,0.0,90.0,18.0,10.0,22.0,19.0,1751.0,1396.5
2024-01-21,2023,Osasuna,Getafe,3,2,H,O,2.18,3.09,3.81,7,7,1,4,11,2.0,1.0,0.0,1.0,3.0,6.0,-3.0,1.0,5.0,-4.0,2.0,1.0,1.0,0.0,1.0,-1.0,0.0,1.0,-1.0,30.0,40.0,10.0,40.0,9.0,20.0,15.0,18.0,1502.1,1511.7
2024-01-21,2023,Girona,Sevilla,5,1,H,O,1.73,4.0,4.6,8,3,4,5,11,3.0,1.0,0.0,2.0,9.0,3.0,6.0,4.0,2.0,2.0,5.0,1.0,4.0,1.0,1.0,0.0,0.0,0.0,0.0,80.0,10.0,11.1,55.6,18.0,12.0,13.0,21.0,1619.7,1497.0
2024-01-21,2023,Betis,Barcelona,2,4,A,O,4.24,3.92,1.81,5,4,3,4,11,1.0,1.0,0.0,0.0,3.0,4.0,-1.0,2.0,3.0,-1.0,1.0,1.0,0.0,0.0,0.0,0.0,0.0,0.0,0.0,60.0,0.0,44.4,0.0,16.0,17.0,28.0,20.0,1591.3,1726.1
2024-01-20,2023,Villarreal,Mallorca,1,1,D,U,2.09,3.48,3.59,5,2,4,6,11,2.0,0.0,1.0,2.0,6.0,0.0,6.0,6.0,2.0,4.0,0.0,-2.0,2.0,1.0,0.0,1.0,1.0,0.0,1.0,30.0,60.0,10.0,60.0,15.0,3.0,11.0,11.0,1520.6,1483.0
2024-01-20,2023,Vallecano,Las Palmas,0,2,A,U,1.92,3.43,4.37,3,5,12,0,10,0.0,1.0,1.0,2.0,1.0,1.0,0.0,2.0,2.0,0.0,-1.0,-1.0,0.0,0.0,0.0,0.0,0.0,0.0,0.0,11.1,33.3,30.0,60.0,9.0,7.0,17.0,11.0,1492.6,1426.4
2024-01-20,2023,Valencia,Ath Bilbao,1,0,H,U,3.38,3.39,2.21,1,3,4,2,10,1.0,1.0,0.0,0.0,4.0,4.0,0.0,2.0,2.0,0.0,2.0,2.0,0.0,1.0,1.0,0.0,0.0,0.0,0.0,55.6,22.2,44.4,22.2,12.0,16.0,13.0,18.0,1517.5,1605.4
2024-01-20,2023,Celta,Sociedad,0,1,A,U,3.23,3.07,2.46,2,2,6,3,11,2.0,1.0,0.0,1.0,4.0,4.0,0.0,2.0,2.0,0.0,2.0,2.0,0.0,0.0,1.0,-1.0,0.0,0.0,0.0,20.0,40.0,30.0,30.0,17.0,7.0,27.0,13.0,1464.5,1620.9
2024-01-19,2023,Alaves,Cadiz,1,0,H,U,1.73,3.45,5.83,3,1,4,4,10,1.0,0.0,2.0,1.0,3.0,2.0,1.0,3.0,4.0,-1.0,0.0,-2.0,2.0,1.0,0.0,1.0,0.0,1.0,-1.0,44.4,44.4,0.0,60.0,12.0,8.0,21.0,13.0,1428.8,1448.6
2024-01-14,2023,Cadiz,Valencia,1,4,A,O,2.93,3.02,2.7,2,5,3,1,10,0.0,1.0,1.0,2.0,1.0,2.0,-1.0,4.0,3.0,1.0,-3.0,-1.0,-2.0,0.0,0.0,0.0,1.0,0.0,1.0,22.2,22.2,20.0,50.0,11.0,6.0,13.0,3.0,1457.1,1509.0
2024-01-14,2023,Almeria,Girona,0,0,D,U,4.61,4.32,1.68,3,1,4,3,10,0.0,2.0,1.0,0.0,1.0,7.0,-6.0,3.0,4.0,-1.0,-2.0,3.0,-5.0,0.0,1.0,-1.0,1.0,0.0,1.0,0.0,55.6,77.8,0.0,11.0,18.0,13.0,12.0,1390.6,1625.5
2024-01-13,2023,Mallorca,Celta,1,1,D,U,2.57,3.02,3.1,6,2,10,1,10,2.0,0.0,0.0,1.0,4.0,2.0,2.0,2.0,3.0,-1.0,2.0,-1.0,3.0,0.0,0.0,0.0,0.0,0.0,0.0,22.2,11.1,11.1,55.6,14.0,8.0,15.0,15.0,1483.6,1464.0
2024-01-13,2023,Las Palmas,Villarreal,3,0,H,O,2.52,3.36,2.87,3,3,4,6,10,1.0,0.0,1.0,2.0,4.0,3.0,1.0,3.0,8.0,-5.0,1.0,-5.0,6.0,1.0,0.0,1.0,0.0,2.0,-2.0,44.4,22.2,22.2,44.4,11.0,9.0,13.0,7.0,1413.1,1533.9
2024-01-13,2023,Betis,Granada,1,0,H,U,1.63,4.1,5.45,6,2,13,1,10,1.0,0.0,0.0,3.0,3.0,1.0,2.0,2.0,6.0,-4.0,1.0,-5.0,6.0,0.0,0.0,0.0,0.0,2.0,-2.0,55.6,0.0,0.0,88.9,16.0,6.0,22.0,3.0,1585.9,1411.9
2024-01-13,2023,Ath Bilbao,Sociedad,2,1,H,O,2.04,3.42,3.88,3,1,5,5,11,3.0,1.0,0.0,0.0,7.0,4.0,3.0,0.0,1.0,-1.0,7.0,3.0,4.0,2.0,1.0,1.0,0.0,0.0,0.0,70.0,10.0,33.3,22.2,21.0,11.0,15.0,16.0,1594.4,1631.9
2024-01-12,2023,Sevilla,Alaves,2,3,A,O,1.94,3.35,4.42,4,8,5,4,11,0.0,0.0,2.0,1.0,1.0,1.0,0.0,6.0,4.0,2.0,-5.0,-3.0,-2.0,0.0,0.0,0.0,2.0,1.0,1.0,20.0,40.0,0.0,60.0,10.0,8.0,17.0,10.0,1509.6,1416.2
2024-01-04,2023,Sevilla,Ath Bilbao,0,2,A,U,3.08,3.33,2.39,2,6,5,4,10,0.0,1.0,1.0,0.0,2.0,5.0,-3.0,5.0,4.0,1.0,-3.0,1.0,-4.0,0.0,0.0,0.0,1.0,0.0,1.0,22.2,33.3,37.5,25.0,12.0,17.0,21.0,17.0,1517.7,1586.3
2024-01-04,2023,Osasuna,Almeria,1,0,H,U,1.71,3.92,4.89,2,0,5,4,10,1.0,0.0,0.0,3.0,3.0,4.0,-1.0,2.0,7.0,-5.0,1.0,-3.0,4.0,0.0,0.0,0.0,0.0,0.0,0.0,22.2,44.4,0.0,88.9,10.0,14.0,18.0,21.0,1494.8,1397.9
2024-01-04,2023,Las Palmas,Barcelona,1,2,A,O,5.68,4.33,1.57,3,5,5,10,9,2.0,1.0,0.0,0.0,5.0,3.0,2.0,2.0,2.0,0.0,3.0,1.0,2.0,1.0,0.0,1.0,0.0,0.0,0.0,50.0,12.5,37.5,0.0,11.0,16.0,11.0,13.0,1416.0,1723.2
2024-01-03,2023,Real Madrid,Mallorca,1,0,H,U,1.24,6.4,12.86,5,0,5,4,9,3.0,0.0,0.0,2.0,11.0,0.0,11.0,2.0,3.0,-1.0,9.0,-3.0,12.0,3.0,0.0,3.0,0.0,1.0,-1.0,87.5,0.0,11.1,55.6,20.0,4.0,21.0,8.0,1747.3,1487.2
2024-01-03,2023,Granada,Cadiz,2,0,H,U,2.26,3.19,3.49,8,2,5,6,10,0.0,0.0,1.0,0.0,2.0,3.0,-1.0,5.0,3.0,2.0,-3.0,0.0,-3.0,0.0,0.0,0.0,1.0,0.0,1.0,11.1,44.4,0.0,55.6,13.0,9.0,10.0,7.0,1399.9,1469.1
2024-01-03,2023,Girona,Ath Madrid,4,3,H,O,2.57,3.61,2.66,9,12,7,8,10,2.0,0.0,0.0,3.0,6.0,1.0,5.0,2.0,5.0,-3.0,4.0,-4.0,8.0,1.0,0.0,1.0,0.0,1.0,-1.0,77.8,11.1,37.5,50.0,11.0,12.0,8.0,13.0,1613.2,1696.8
2024-01-03,2023,Celta,Betis,2,1,H,O,2.43,3.37,2.98,6,3,8,7,10,1.0,0.0,0.0,0.0,3.0,1.0,2.0,2.0,1.0,1.0,1.0,0.0,1.0,0.0,0.0,0.0,0.0,0.0,0.0,11.1,44.4,11.1,22.2,14.0,11.0,23.0,18.0,1449.9,1600.0
2024-01-02,2023,Valencia,Villarreal,3,1,H,O,2.05,3.5,3.72,8,4,4,3,9,1.0,0.0,0.0,2.0,2.0,3.0,-1.0,1.0,8.0,-7.0,1.0,-5.0,6.0,0.0,0.0,0.0,0.0,2.0,-2.0,50.0,25.0,25.0,37.5,6.0,12.0,9.0,7.0,1497.6,1545.3
2024-01-02,2023,Sociedad,Alaves,1,1,D,U,1.59,3.84,6.63,6,2,6,4,10,1.0,0.0,1.0,2.0,2.0,1.0,1.0,2.0,5.0,-3.0,0.0,-4.0,4.0,0.0,0.0,0.0,0.0,1.0,-1.0,55.6,11.1,0.0,66.7,18.0,7.0,15.0,7.0,1637.7,1410.5
2024-01-02,2023,Getafe,Vallecano,0,2,A,U,2.42,3.0,3.39,0,8,2,3,9,3.0,0.0,0.0,2.0,4.0,0.0,4.0,1.0,5.0,-4.0,3.0,-5.0,8.0,0.0,0.0,0.0,0.0,1.0,-1.0,62.5,0.0,33.3,33.3,14.0,6.0,16.0,4.0,1522.9,1481.4
2023-12-23,2023,Ath Madrid,Sevilla,1,0,H,U,1.53,4.46,6.04,4,2,6,5,10,2.0,1.0,0.0,2.0,6.0,4.0,2.0,4.0,3.0,1.0,2.0,1.0,1.0,0.0,1.0,-1.0,0.0,0.0,0.0,88.9,0.0,12.5,50.0,11.0,12.0,11.0,20.0,1691.3,1523.2
2023-12-21,2023,Mallorca,Osasuna,3,2,H,O,2.37,3.0,3.45,8,7,6,0,9,1.0,0.0,0.0,2.0,2.0,3.0,-1.0,1.0,6.0,-5.0,1.0,-3.0,4.0,0.0,0.0,0.0,0.0,1.0,-1.0,12.5,12.5,37.5,50.0,9.0,13.0,16.0,11.0,1476.4,1505.7
2023-12-21,2023,Cadiz,Sociedad,0,0,D,U,4.61,3.46,1.85,2,1,7,5,9,0.0,2.0,1.0,0.0,3.0,7.0,-4.0,6.0,2.0,4.0,-3.0,5.0,-8.0,0.0,2.0,-2.0,1.0,0.0,1.0,25.0,25.0,37.5,25.0,14.0,16.0,8.0,16.0,1464.4,1642.4
2023-12-21,2023,Betis,Girona,1,1,D,U,2.8,3.61,2.43,4,4,7,6,9,2.0,3.0,0.0,0.0,4.0,10.0,-6.0,1.0,5.0,-4.0,3.0,5.0,-2.0,1.0,2.0,-1.0,0.0,0.0,0.0,62.5,0.0,87.5,0.0,15.0,18.0,21.0,13.0,1599.6,1613.6
2023-12-21,2023,Alaves,Real Madrid,0,1,A,U,5.78,4.27,1.57,2,4,3,3,9,2.0,2.0,1.0,0.0,4.0,6.0,-2.0,2.0,2.0,0.0,2.0,4.0,-2.0,1.0,1.0,0.0,0.0,0.0,0.0,50.0,37.5,66.7,11.1,13.0,11.0,30.0,13.0,1413.0,1744.7
2023-12-20,2023,Villarreal,Celta,3,2,H,O,2.41,3.53,2.9,8,5,4,7,10,1.0,0.0,2.0,1.0,5.0,3.0,2.0,7.0,4.0,3.0,-2.0,-1.0,-1.0,1.0,0.0,1.0,1.0,0.0,1.0,22.2,66.7,12.5,50.0,13.0,8.0,16.0,10.0,1537.5,1457.6
2023-12-20,2023,Barcelona,Almeria,3,2,H,O,1.14,9.55,16.82,11,5,12,0,10,2.0,0.0,1.0,3.0,5.0,2.0,3.0,5.0,5.0,0.0,0.0,-3.0,3.0,0.0,0.0,0.0,1.0,0.0,1.0,77.8,22.2,0.0,87.5,19.0,12.0,17.0,27.0,1720.4,1400.6
2023-12-20,2023,Ath Bilbao,Las Palmas,1,0,H,U,1.39,4.88,8.3,10,1,5,2,10,3.0,1.0,0.0,1.0,10.0,2.0,8.0,3.0,2.0,1.0,7.0,0.0,7.0,2.0,0.0,2.0,0.0,0.0,0.0,66.7,11.1,33.3,55.6,23.0,7.0,17.0,12.0,1580.6,1421.7
2023-12-19,2023,Vallecano,Valencia,0,1,A,U,2.22,3.2,3.58,1,3,8,1,9,0.0,0.0,1.0,3.0,2.0,2.0,0.0,3.0,8.0,-5.0,-1.0,-6.0,5.0,0.0,0.0,0.0,0.0,1.0,-1.0,12.5,25.0,11.1,55.6,17.0,7.0,17.0,6.0,1491.5,1487.5
2023-12-19,2023,Granada,Sevilla,0,3,A,O,2.88,3.32,2.54,3,5,6,4,9,0.0,0.0,1.0,2.0,4.0,2.0,2.0,5.0,4.0,1.0,-1.0,-2.0,1.0,0.0,0.0,0.0,0.0,0.0,0.0,12.5,37.5,0.0,57.1,18.0,12.0,8.0,22.0,1406.9,1516.2
2023-12-19,2023,Ath Madrid,Getafe,3,3,D,O,1.46,4.45,7.72,4,9,1,12,9,3.0,1.0,0.0,1.0,6.0,4.0,2.0,2.0,3.0,-1.0,4.0,1.0,3.0,1.0,1.0,0.0,0.0,1.0,-1.0,100.0,0.0,11.1,44.4,17.0,17.0,16.0,11.0,1696.0,1518.2
2023-12-18,2023,Girona,Alaves,3,0,H,O,1.55,4.3,5.95,4,2,3,2,9,2.0,0.0,0.0,2.0,4.0,2.0,2.0,2.0,4.0,-2.0,2.0,-2.0,4.0,0.0,0.0,0.0,0.0,0.0,0.0,75.0,12.5,0.0,62.5,9.0,6.0,15.0,9.0,1608.6,1418.1
2023-12-17,2023,Sociedad,Betis,0,0,D,U,1.71,3.87,5.08,4,3,3,7,9,2.0,0.0,1.0,0.0,3.0,2.0,1.0,2.0,2.0,0.0,1.0,0.0,1.0,0.0,0.0,0.0,0.0,0.0,0.0,62.5,12.5,12.5,25.0,20.0,11.0,14.0,19.0,1643.7,1598.3
2023-12-17,2023,Real Madrid,Villarreal,4,1,H,O,1.29,6.29,9.4,9,1,11,0,8,2.0,1.0,0.0,1.0,7.0,5.0,2.0,1.0,6.0,-5.0,6.0,-1.0,7.0,2.0,0.0,2.0,0.0,1.0,-1.0,85.7,0.0,28.6,28.6,16.0,16.0,21.0,8.0,1739.9,1542.4
2023-12-17,2023,Las Palmas,Cadiz,1,1,D,U,1.95,3.35,4.35,2,5,4,6,8,2.0,0.0,1.0,1.0,4.0,2.0,2.0,2.0,3.0,-1.0,2.0,-1.0,3.0,1.0,0.0,1.0,0.0,0.0,0.0,57.1,14.3,0.0,62.5,15.0,6.0,17.0,4.0,1420.4,1465.7
2023-12-17,2023,Almeria,Mallorca,0,0,D,U,2.65,3.3,2.78,1,2,4,4,9,0.0,0.0,2.0,3.0,2.0,0.0,2.0,5.0,4.0,1.0,-3.0,-4.0,1.0,0.0,0.0,0.0,1.0,1.0,0.0,0.0,62.5,12.5,62.5,14.0,9.0,12.0,9.0,1398.4,1478.7
2023-12-16,2023,Valencia,Barcelona,1,1,D,U,5.12,4.01,1.67,4,8,4,6,8,2.0,1.0,0.0,0.0,3.0,4.0,-1.0,0.0,3.0,-3.0,3.0,1.0,2.0,1.0,0.0,1.0,0.0,0.0,0.0,57.1,28.6,42.9,0.0,6.0,18.0,9.0,18.0,1481.4,1726.5
2023-12-16,2023,Sevilla,Getafe,0,3,A,O,1.95,3.42,4.25,4,7,4,2,9,0.0,0.0,0.0,1.0,3.0,1.0,2.0,3.0,3.0,0.0,0.0,-2.0,2.0,0.0,0.0,0.0,0.0,1.0,-1.0,25.0,25.0,0.0,50.0,15.0,10.0,21.0,12.0,1526.8,1507.7
2023-12-16,2023,Celta,Granada,1,0,H,U,1.67,4.09,5.06,4,2,7,1,9,0.0,0.0,1.0,3.0,2.0,1.0,1.0,5.0,6.0,-1.0,-3.0,-5.0,2.0,0.0,0.0,0.0,1.0,2.0,-1.0,0.0,50.0,0.0,87.5,13.0,5.0,23.0,6.0,1448.6,1416.0
2023-12-16,2023,Ath Bilbao,Ath Madrid,2,0,H,U,2.44,3.47,2.92,7,3,3,7,9,2.0,1.0,0.0,2.0,10.0,4.0,6.0,5.0,3.0,2.0,5.0,1.0,4.0,1.0,1.0,0.0,0.0,0.0,0.0,62.5,12.5,42.9,42.9,23.0,16.0,24.0,11.0,1566.7,1709.9
2023-12-15,2023,Osasuna,Vallecano,1,0,H,U,2.25,3.19,3.55,4,3,9,1,9,0.0,1.0,1.0,1.0,4.0,1.0,3.0,6.0,4.0,2.0,-2.0,-3.0,1.0,0.0,0.0,0.0,1.0,1.0,0.0,12.5,50.0,37.5,25.0,9.0,7.0,11.0,8.0,1495.5,1501.7
2023-12-11,2023,Vallecano,Celta,0,0,D,U,2.44,3.32,3.0,4,2,8,1,8,0.0,0.0,1.0,2.0,4.0,3.0,1.0,5.0,5.0,0.0,-1.0,-2.0,1.0,0.0,0.0,0.0,0.0,0.0,0.0,14.3,28.6,14.3,57.1,20.0,8.0,13.0,10.0,1503.3,1447.0
2023-12-11,2023,Granada,Ath Bilbao,1,1,D,U,4.8,4.12,1.69,4,4,1,8,8,0.0,1.0,1.0,1.0,5.0,4.0,1.0,6.0,4.0,2.0,-1.0,0.0,-1.0,0.0,0.0,0.0,0.0,0.0,0.0,14.3,42.9,42.9,28.6,16.0,16.0,8.0,16.0,1411.7,1571.0
2023-12-10,2023,Cadiz,Osasuna,1,1,D,U,2.95,3.14,2.58,5,5,2,4,8,0.0,0.0,2.0,3.0,2.0,2.0,0.0,6.0,9.0,-3.0,-4.0,-7.0,3.0,0.0,0.0,0.0,1.0,2.0,-1.0,28.6,28.6,42.9,57.1,11.0,9.0,11.0,11.0,1464.7,1496.4
2023-12-10,2023,Barcelona,Girona,2,4,A,O,1.53,4.79,5.6,11,7,8,3,9,2.0,3.0,1.0,0.0,4.0,7.0,-3.0,3.0,3.0,0.0,1.0,4.0,-3.0,0.0,1.0,-1.0,0.0,0.0,0.0,87.5,12.5,85.7,0.0,11.0,16.0,15.0,15.0,1740.5,1594.6
2023-12-10,2023,Ath Madrid,Almeria,2,1,H,O,1.22,7.07,12.5,4,5,3,15,8,3.0,0.0,0.0,3.0,6.0,3.0,3.0,2.0,8.0,-6.0,4.0,-5.0,9.0,1.0,0.0,1.0,0.0,1.0,-1.0,100.0,0.0,0.0,85.7,20.0,12.0,17.0,18.0,1707.0,1401.3
2023-12-09,2023,Villarreal,Sociedad,0,3,A,O,3.42,3.52,2.14,4,5,5,3,9,1.0,1.0,1.0,0.0,6.0,6.0,0.0,5.0,4.0,1.0,1.0,2.0,-1.0,1.0,1.0,0.0,0.0,0.0,0.0,25.0,62.5,28.6,28.6,12.0,14.0,20.0,18.0,1550.0,1636.1
2023-12-09,2023,Mallorca,Sevilla,1,0,H,U,2.68,3.16,2.83,3,5,4,12,8,0.0,0.0,0.0,1.0,1.0,4.0,-3.0,1.0,5.0,-4.0,0.0,-1.0,1.0,0.0,0.0,0.0,0.0,0.0,0.0,0.0,14.3,0.0,50.0,10.0,17.0,20.0,14.0,1466.6,1538.8
2023-12-09,2023,Betis,Real Madrid,1,1,D,U,4.26,3.85,1.82,6,2,8,6,8,3.0,2.0,0.0,0.0,5.0,6.0,-1.0,1.0,2.0,-1.0,4.0,4.0,0.0,1.0,1.0,0.0,0.0,0.0,0.0,71.4,0.0,75.0,12.5,11.0,14.0,19.0,13.0,1594.2,1743.9
2023-12-09,2023,Alaves,Las Palmas,0,1,A,U,2.06,3.17,4.1,5,2,12,3,8,2.0,1.0,0.0,1.0,5.0,3.0,2.0,2.0,3.0,-1.0,3.0,0.0,3.0,1.0,0.0,1.0,0.0,0.0,0.0,57.1,28.6,25.0,62.5,13.0,8.0,23.0,11.0,1428.6,1409.9
2023-12-08,2023,Getafe,Valencia,1,0,H,U,2.69,2.88,3.09,6,0,7,0,8,2.0,0.0,0.0,2.0,4.0,4.0,0.0,2.0,9.0,-7.0,2.0,-5.0,7.0,0.0,0.0,0.0,0.0,1.0,-1.0,57.1,0.0,12.5,50.0,12.0,12.0,13.0,10.0,1497.8,1491.2
2023-12-04,2023,Celta,Cadiz,1,1,D,U,1.6,4.02,5.85,7,1,12,1,8,0.0,0.0,1.0,2.0,3.0,1.0,2.0,6.0,4.0,2.0,-3.0,-3.0,0.0,0.0,0.0,0.0,1.0,1.0,0.0,0.0,57.1,0.0,71.4,17.0,9.0,24.0,9.0,1446.4,1465.3
2023-12-03,2023,Sevilla,Villarreal,1,1,D,U,2.11,3.69,3.41,4,4,8,4,8,0.0,1.0,0.0,1.0,4.0,4.0,0.0,4.0,5.0,-1.0,0.0,-1.0,1.0,0.0,0.0,0.0,0.0,1.0,-1.0,28.6,28.6,33.3,33.3,17.0,12.0,25.0,8.0,1538.5,1550.3
2023-12-03,2023,Mallorca,Alaves,0,0,D,U,2.46,3.01,3.32,3,4,5,4,7,0.0,0.0,0.0,2.0,2.0,3.0,-1.0,2.0,5.0,-3.0,0.0,-2.0,2.0,0.0,0.0,0.0,0.0,0.0,0.0,0.0,16.7,0.0,71.4,12.0,9.0,18.0,8.0,1467.8,1427.4
2023-12-03,2023,Barcelona,Ath Madrid,1,0,H,U,2.03,3.7,3.6,2,4,7,2,8,2.0,2.0,1.0,1.0,4.0,6.0,-2.0,3.0,2.0,1.0,1.0,4.0,-3.0,0.0,2.0,-2.0,0.0,0.0,0.0,85.7,14.3,50.0,33.3,16.0,15.0,12.0,11.0,1730.9,1716.6
2023-12-03,2023,Almeria,Betis,0,0,D,U,3.28,3.63,2.18,8,2,4,6,8,0.0,0.0,2.0,0.0,5.0,3.0,2.0,8.0,3.0,5.0,-3.0,0.0,-3.0,0.0,0.0,0.0,1.0,0.0,1.0,0.0,71.4,14.3,28.6,11.0,11.0,9.0,16.0,1396.0,1599.5
2023-12-02,2023,Real Madrid,Granada,2,0,H,U,1.16,8.44,15.7,4,0,6,0,7,2.0,0.0,0.0,3.0,9.0,1.0,8.0,1.0,6.0,-5.0,8.0,-5.0,13.0,2.0,0.0,2.0,0.0,2.0,-2.0,83.3,0.0,0.0,85.7,21.0,8.0,20.0,13.0,1741.3,1414.3
2023-12-02,2023,Osasuna,Sociedad,1,1,D,U,3.57,3.23,2.23,3,5,1,8,8,1.0,1.0,1.0,1.0,5.0,6.0,-1.0,5.0,5.0,0.0,0.0,1.0,-1.0,1.0,1.0,0.0,1.0,0.0,1.0,14.3,57.1,33.3,33.3,12.0,13.0,11.0,14.0,1492.4,1640.1
2023-12-02,2023,Girona,Valencia,2,1,H,O,1.7,3.99,4.99,5,3,3,2,8,2.0,0.0,0.0,1.0,7.0,4.0,3.0,3.0,8.0,-5.0,4.0,-4.0,8.0,1.0,0.0,1.0,0.0,1.0,-1.0,71.4,14.3,14.3,42.9,12.0,12.0,21.0,14.0,1587.1,1498.8
2023-12-02,2023,Ath Bilbao,Vallecano,4,0,H,O,1.59,4.22,5.72,4,3,7,2,8,2.0,1.0,0.0,0.0,9.0,3.0,6.0,5.0,2.0,3.0,4.0,1.0,3.0,1.0,0.0,1.0,0.0,0.0,0.0,57.1,14.3,42.9,14.3,28.0,8.0,23.0,8.0,1562.4,1511.8
2023-12-01,2023,Las Palmas,Getafe,2,0,H,U,2.45,2.95,3.41,6,4,4,4,7,2.0,0.0,1.0,0.0,4.0,3.0,1.0,3.0,3.0,0.0,1.0,0.0,1.0,0.0,0.0,0.0,0.0,0.0,0.0,50.0,16.7,0.0,42.9,14.0,8.0,17.0,9.0,1396.7,1511.0
2023-11-29,2023,Mallorca,Cadiz,1,1,D,U,1.98,3.24,4.38,3,3,7,0,6,0.0,0.0,0.0,3.0,3.0,2.0,1.0,3.0,6.0,-3.0,0.0,-4.0,4.0,0.0,0.0,0.0,0.0,1.0,-1.0,0.0,20.0,0.0,83.3,14.0,10.0,18.0,12.0,1467.8,1465.2
2023-11-27,2023,Girona,Ath Bilbao,1,1,D,U,2.28,3.66,3.01,2,6,2,6,7,2.0,1.0,1.0,2.0,6.0,3.0,3.0,5.0,6.0,-1.0,1.0,-3.0,4.0,1.0,0.0,1.0,1.0,1.0,0.0,83.3,16.7,50.0,33.3,13.0,13.0,20.0,17.0,1587.9,1561.7
2023-11-26,2023,Villarreal,Osasuna,3,1,H,O,2.17,3.52,3.38,3,7,2,4,8,0.0,1.0,2.0,2.0,4.0,3.0,1.0,6.0,6.0,0.0,-2.0,-3.0,1.0,0.0,1.0,-1.0,0.0,1.0,-1.0,14.3,71.4,50.0,50.0,13.0,5.0,25.0,9.0,1541.5,1501.3
2023-11-26,2023,Sociedad,Sevilla,2,1,H,O,1.76,3.71,4.89,8,2,4,4,8,2.0,0.0,1.0,1.0,4.0,3.0,1.0,1.0,4.0,-3.0,3.0,-1.0,4.0,1.0,0.0,1.0,0.0,0.0,0.0,57.1,14.3,0.0,40.0,17.0,18.0,15.0,13.0,1632.6,1546.1
2023-11-26,2023,Cadiz,Real Madrid,0,3,A,O,6.48,4.54,1.5,4,5,4,4,7,0.0,2.0,1.0,0.0,2.0,6.0,-4.0,3.0,2.0,1.0,-1.0,4.0,-5.0,0.0,1.0,-1.0,0.0,0.0,0.0,33.3,16.7,71.4,14.3,9.0,16.0,8.0,13.0,1468.7,1737.8
2023-11-26,2023,Betis,Las Palmas,1,0,H,U,1.68,3.8,5.52,6,4,7,6,7,3.0,2.0,0.0,0.0,7.0,5.0,2.0,1.0,3.0,-2.0,6.0,2.0,4.0,2.0,0.0,2.0,0.0,0.0,0.0,66.7,0.0,28.6,57.1,12.0,9.0,17.0,7.0,1594.5,1401.7
2023-11-25,2023,Vallecano,Barcelona,1,1,D,U,5.13,4.13,1.65,4,4,1,4,7,0.0,1.0,1.0,0.0,5.0,5.0,0.0,6.0,4.0,2.0,-1.0,1.0,-2.0,0.0,0.0,0.0,0.0,0.0,0.0,16.7,33.3,50.0,0.0,21.0,18.0,17.0,16.0,1506.0,1736.7
2023-11-25,2023,Valencia,Celta,0,0,D,U,2.18,3.39,3.47,0,1,5,7,7,2.0,0.0,1.0,3.0,3.0,4.0,-1.0,1.0,7.0,-6.0,2.0,-3.0,5.0,1.0,0.0,1.0,0.0,0.0,0.0,66.7,33.3,16.7,66.7,8.0,10.0,4.0,8.0,1500.3,1444.8
2023-11-25,2023,Getafe,Almeria,2,1,H,O,1.68,3.82,5.41,5,4,3,6,7,1.0,0.0,0.0,3.0,2.0,2.0,0.0,1.0,9.0,-8.0,1.0,-7.0,8.0,0.0,0.0,0.0,0.0,2.0,-2.0,50.0,0.0,0.0,83.3,16.0,9.0,16.0,14.0,1503.8,1403.2
2023-11-25,2023,Ath Madrid,Mallorca,1,0,H,U,1.38,4.83,9.17,3,1,7,3,7,3.0,0.0,0.0,2.0,7.0,2.0,5.0,3.0,5.0,-2.0,4.0,-3.0,7.0,1.0,0.0,1.0,0.0,1.0,-1.0,100.0,0.0,14.3,57.1,22.0,12.0,11.0,6.0,1712.6,1471.9
2023-11-24,2023,Alaves,Granada,3,1,H,O,1.74,3.74,5.05,5,4,6,2,7,1.0,0.0,1.0,2.0,2.0,3.0,-1.0,3.0,6.0,-3.0,-1.0,-3.0,2.0,0.0,0.0,0.0,1.0,1.0,0.0,50.0,33.3,0.0,83.3,11.0,8.0,21.0,16.0,1417.2,1424.5
2023-11-12,2023,Sevilla,Betis,1,1,D,U,2.13,3.53,3.47,4,6,9,5,7,1.0,0.0,0.0,0.0,8.0,3.0,5.0,4.0,3.0,1.0,4.0,0.0,4.0,1.0,0.0,1.0,0.0,0.0,0.0,33.3,33.3,16.7,33.3,22.0,8.0,25.0,18.0,1544.6,1596.0
2023-11-12,2023,Barcelona,Alaves,2,1,H,O,1.25,6.32,11.97,6,1,2,1,7,2.0,0.0,1.0,1.0,3.0,3.0,0.0,2.0,4.0,-2.0,1.0,-1.0,2.0,0.0,0.0,0.0,0.0,0.0,0.0,83.3,16.7,0.0,66.7,15.0,19.0,23.0,15.0,1733.9,1420.0
2023-11-12,2023,Ath Madrid,Villarreal,3,1,H,O,1.37,5.33,7.92,10,7,6,3,6,3.0,1.0,0.0,0.0,7.0,4.0,3.0,4.0,3.0,1.0,3.0,1.0,2.0,0.0,0.0,0.0,0.0,0.0,0.0,100.0,0.0,40.0,20.0,21.0,11.0,10.0,13.0,1706.9,1547.2
2023-11-11,2023,Vallecano,Girona,1,2,A,O,2.88,3.51,2.45,9,7,8,3,6,0.0,3.0,0.0,0.0,5.0,7.0,-2.0,5.0,3.0,2.0,0.0,4.0,-4.0,0.0,1.0,-1.0,0.0,0.0,0.0,20.0,20.0,83.3,0.0,18.0,14.0,11.0,18.0,1514.2,1579.7
2023-11-11,2023,Real Madrid,Valencia,5,1,H,O,1.33,5.48,9.41,7,4,4,4,6,2.0,0.0,0.0,1.0,6.0,3.0,3.0,0.0,6.0,-6.0,6.0,-3.0,9.0,2.0,0.0,2.0,0.0,1.0,-1.0,80.0,0.0,16.7,33.3,23.0,10.0,23.0,13.0,1733.6,1504.6
2023-11-11,2023,Osasuna,Las Palmas,1,1,D,U,1.99,3.32,4.21,3,1,8,3,7,1.0,2.0,2.0,1.0,4.0,4.0,0.0,6.0,4.0,2.0,-2.0,0.0,-2.0,1.0,0.0,1.0,2.0,1.0,1.0,16.7,66.7,33.3,66.7,11.0,10.0,10.0,6.0,1504.2,1398.7
2023-11-11,2023,Granada,Getafe,1,1,D,U,2.55,3.18,2.98,6,6,3,5,7,0.0,0.0,1.0,0.0,5.0,4.0,1.0,6.0,4.0,2.0,-1.0,0.0,-1.0,0.0,0.0,0.0,0.0,0.0,0.0,16.7,50.0,0.0,50.0,17.0,7.0,10.0,8.0,1422.1,1506.2
2023-11-11,2023,Almeria,Sociedad,1,3,A,O,4.71,3.95,1.73,2,6,5,5,7,0.0,1.0,1.0,1.0,6.0,4.0,2.0,7.0,4.0,3.0,-1.0,0.0,-1.0,0.0,0.0,0.0,0.0,0.0,0.0,0.0,66.7,20.0,40.0,19.0,8.0,12.0,11.0,1407.6,1628.2
2023-11-10,2023,Ath Bilbao,Celta,4,3,H,O,1.68,4.05,5.07,12,5,7,2,7,1.0,0.0,0.0,3.0,7.0,3.0,4.0,4.0,6.0,-2.0,3.0,-3.0,6.0,1.0,0.0,1.0,0.0,0.0,0.0,50.0,16.7,20.0,60.0,20.0,12.0,21.0,9.0,1554.5,1452.0
2023-11-06,2023,Getafe,Cadiz,1,0,H,U,1.93,3.21,4.67,3,2,6,3,6,1.0,0.0,0.0,2.0,4.0,3.0,1.0,3.0,6.0,-3.0,1.0,-3.0,4.0,0.0,0.0,0.0,0.0,1.0,-1.0,40.0,0.0,0.0,80.0,19.0,9.0,16.0,17.0,1496.7,1478.2
2023-11-05,2023,Villarreal,Ath Bilbao,2,3,A,O,2.98,3.58,2.36,6,7,9,3,7,0.0,1.0,2.0,2.0,3.0,2.0,1.0,5.0,4.0,1.0,-2.0,-2.0,0.0,0.0,1.0,-1.0,0.0,1.0,-1.0,16.7,66.7,40.0,40.0,10.0,9.0,21.0,18.0,1557.5,1544.2
2023-11-05,2023,Valencia,Granada,1,0,H,U,1.65,4.07,5.23,2,1,0,4,6,2.0,0.0,1.0,2.0,5.0,3.0,2.0,1.0,6.0,-5.0,4.0,-3.0,7.0,2.0,0.0,2.0,0.0,1.0,-1.0,60.0,40.0,0.0,80.0,14.0,8.0,9.0,19.0,1496.4,1430.3
2023-11-05,2023,Real Madrid,Vallecano,0,0,D,U,1.28,6.08,10.82,5,0,11,1,5,3.0,1.0,0.0,0.0,8.0,3.0,5.0,1.0,2.0,-1.0,7.0,1.0,6.0,2.0,0.0,2.0,0.0,0.0,0.0,100.0,0.0,50.0,16.7,26.0,12.0,16.0,9.0,1739.4,1508.3
2023-11-05,2023,Alaves,Almeria,1,0,H,U,1.79,3.76,4.63,3,3,12,6,6,0.0,0.0,2.0,3.0,1.0,3.0,-2.0,5.0,13.0,-8.0,-4.0,-10.0,6.0,0.0,0.0,0.0,2.0,3.0,-1.0,40.0,40.0,0.0,80.0,13.0,7.0,12.0,12.0,1409.8,1417.8
2023-11-04,2023,Sociedad,Barcelona,0,1,A,U,3.26,3.5,2.23,6,4,8,3,7,3.0,1.0,0.0,0.0,8.0,6.0,2.0,3.0,5.0,-2.0,5.0,1.0,4.0,1.0,0.0,1.0,0.0,0.0,0.0,66.7,0.0,40.0,0.0,17.0,18.0,9.0,18.0,1635.6,1726.4
2023-11-04,2023,Osasuna,Girona,2,4,A,O,2.88,3.45,2.47,3,4,2,7,6,1.0,3.0,1.0,0.0,2.0,7.0,-5.0,2.0,3.0,-1.0,0.0,4.0,-4.0,1.0,1.0,0.0,1.0,0.0,1.0,20.0,60.0,80.0,0.0,10.0,17.0,15.0,16.0,1512.5,1571.4
2023-11-04,2023,Celta,Sevilla,1,1,D,U,2.57,3.43,2.77,3,5,4,6,7,0.0,0.0,1.0,1.0,3.0,2.0,1.0,6.0,3.0,3.0,-3.0,-1.0,-2.0,0.0,0.0,0.0,1.0,0.0,1.0,0.0,66.7,0.0,50.0,14.0,16.0,22.0,11.0,1449.2,1547.3
2023-11-04,2023,Betis,Mallorca,2,0,H,U,1.92,3.4,4.42,3,1,6,1,6,2.0,0.0,0.0,2.0,6.0,5.0,1.0,2.0,8.0,-6.0,4.0,-3.0,7.0,1.0,0.0,1.0,0.0,1.0,-1.0,60.0,0.0,16.7,50.0,16.0,16.0,22.0,10.0,1589.1,1478.8
2023-11-03,2023,Las Palmas,Ath Madrid,2,1,H,O,5.7,3.79,1.66,3,5,3,4,6,2.0,2.0,1.0,1.0,3.0,5.0,-2.0,2.0,3.0,-1.0,1.0,2.0,-1.0,0.0,2.0,-2.0,0.0,1.0,-1.0,40.0,20.0,60.0,20.0,14.0,13.0,20.0,15.0,1381.2,1724.5
2023-10-30,2023,Granada,Villarreal,2,3,A,O,3.02,3.6,2.31,8,5,4,1,6,0.0,0.0,1.0,1.0,5.0,2.0,3.0,7.0,4.0,3.0,-2.0,-2.0,0.0,0.0,0.0,0.0,1.0,1.0,0.0,20.0,40.0,25.0,25.0,14.0,9.0,10.0,15.0,1437.1,1550.7
2023-10-29,2023,Vallecano,Sociedad,2,2,D,O,3.21,3.14,2.43,7,3,4,5,5,1.0,1.0,0.0,2.0,5.0,3.0,2.0,3.0,4.0,-1.0,2.0,-1.0,3.0,1.0,0.0,1.0,0.0,0.0,0.0,25.0,25.0,25.0,50.0,22.0,10.0,12.0,9.0,1504.7,1639.3
2023-10-29,2023,Betis,Osasuna,2,1,H,O,2.08,3.41,3.74,2,1,6,3,5,2.0,1.0,0.0,2.0,5.0,4.0,1.0,1.0,7.0,-6.0,4.0,-3.0,7.0,1.0,1.0,0.0,0.0,1.0,-1.0,50.0,0.0,60.0,40.0,19.0,7.0,18.0,9.0,1580.8,1520.8
2023-10-29,2023,Ath Madrid,Alaves,2,1,H,O,1.39,4.89,8.71,7,1,4,4,5,3.0,0.0,0.0,1.0,8.0,2.0,6.0,4.0,4.0,0.0,4.0,-2.0,6.0,1.0,0.0,1.0,0.0,1.0,-1.0,100.0,0.0,0.0,60.0,18.0,19.0,12.0,14.0,1721.6,1412.7
2023-10-29,2023,Ath Bilbao,Valencia,2,2,D,O,1.65,3.87,5.72,7,5,10,4,6,2.0,0.0,0.0,1.0,8.0,3.0,5.0,2.0,6.0,-4.0,6.0,-3.0,9.0,2.0,0.0,2.0,0.0,1.0,-1.0,60.0,20.0,20.0,40.0,22.0,10.0,16.0,12.0,1545.6,1495.0
2023-10-28,2023,Mallorca,Getafe,0,0,D,U,2.31,3.03,3.61,4,0,8,3,5,0.0,0.0,0.0,1.0,3.0,7.0,-4.0,3.0,8.0,-5.0,0.0,-1.0,1.0,0.0,0.0,0.0,0.0,0.0,0.0,0.0,25.0,0.0,60.0,12.0,14.0,13.0,6.0,1478.2,1497.3
2023-10-28,2023,Cadiz,Sevilla,2,2,D,O,3.29,3.34,2.29,5,10,2,4,6,1.0,0.0,1.0,2.0,3.0,3.0,0.0,2.0,5.0,-3.0,1.0,-2.0,3.0,1.0,0.0,1.0,0.0,0.0,0.0,40.0,20.0,0.0,66.7,8.0,8.0,13.0,11.0,1476.1,1549.4
2023-10-28,2023,Barcelona,Real Madrid,1,2,A,O,2.55,3.66,2.68,3,4,6,3,6,3.0,1.0,0.0,1.0,5.0,5.0,0.0,2.0,4.0,-2.0,3.0,1.0,2.0,0.0,1.0,-1.0,0.0,1.0,-1.0,100.0,0.0,66.7,16.7,18.0,17.0,19.0,21.0,1736.7,1729.2
2023-10-28,2023,Almeria,Las Palmas,1,2,A,O,2.33,3.46,3.1,4,3,3,2,6,0.0,1.0,1.0,2.0,7.0,2.0,5.0,8.0,4.0,4.0,-1.0,-2.0,1.0,0.0,0.0,0.0,0.0,1.0,-1.0,0.0,60.0,20.0,80.0,20.0,9.0,15.0,7.0,1429.5,1369.4
2023-10-27,2023,Girona,Celta,1,0,H,U,1.69,4.2,4.74,2,2,10,1,6,2.0,1.0,1.0,2.0,10.0,6.0,4.0,8.0,7.0,1.0,2.0,-1.0,3.0,2.0,0.0,2.0,1.0,0.0,1.0,80.0,20.0,25.0,50.0,21.0,18.0,16.0,13.0,1564.4,1456.2
2023-10-23,2023,Valencia,Cadiz,2,0,H,U,1.77,3.57,5.03,4,4,4,6,5,1.0,0.0,2.0,2.0,4.0,3.0,1.0,3.0,7.0,-4.0,1.0,-4.0,5.0,1.0,0.0,1.0,0.0,1.0,-1.0,50.0,50.0,0.0,75.0,14.0,9.0,11.0,15.0,1485.0,1486.1
2023-10-22,2023,Villarreal,Alaves,1,1,D,U,1.73,3.85,4.96,3,7,9,3,6,1.0,0.0,2.0,2.0,4.0,1.0,3.0,5.0,4.0,1.0,-1.0,-3.0,2.0,0.0,0.0,0.0,0.0,1.0,-1.0,20.0,80.0,0.0,75.0,11.0,14.0,19.0,16.0,1554.7,1408.7
2023-10-22,2023,Las Palmas,Vallecano,0,1,A,U,2.66,3.14,2.87,6,4,10,5,5,2.0,0.0,0.0,1.0,3.0,2.0,1.0,1.0,3.0,-2.0,2.0,-1.0,3.0,0.0,0.0,0.0,0.0,0.0,0.0,50.0,0.0,40.0,20.0,13.0,14.0,15.0,7.0,1376.1,1498.0
2023-10-22,2023,Girona,Almeria,5,2,H,O,1.47,4.81,6.6,8,5,9,6,5,2.0,0.0,1.0,3.0,6.0,2.0,4.0,6.0,10.0,-4.0,0.0,-8.0,8.0,1.0,0.0,1.0,1.0,2.0,-1.0,75.0,25.0,0.0,75.0,19.0,9.0,10.0,12.0,1557.8,1436.2
2023-10-22,2023,Barcelona,Ath Bilbao,1,0,H,U,1.67,4.09,5.13,7,3,4,7,5,3.0,1.0,0.0,1.0,9.0,2.0,7.0,2.0,3.0,-1.0,7.0,-1.0,8.0,1.0,1.0,0.0,0.0,1.0,-1.0,100.0,0.0,50.0,25.0,20.0,9.0,24.0,16.0,1731.4,1550.8
2023-10-21,2023,Sociedad,Mallorca,1,0,H,U,1.57,3.84,7.03,6,7,2,5,6,3.0,1.0,0.0,1.0,12.0,6.0,6.0,6.0,7.0,-1.0,6.0,-1.0,7.0,2.0,0.0,2.0,0.0,1.0,-1.0,60.0,0.0,20.0,40.0,17.0,13.0,9.0,6.0,1633.4,1484.2
2023-10-21,2023,Sevilla,Real Madrid,1,1,D,U,4.08,3.87,1.86,7,5,4,6,6,2.0,2.0,0.0,1.0,8.0,5.0,3.0,3.0,3.0,0.0,5.0,2.0,3.0,1.0,1.0,0.0,0.0,1.0,-1.0,40.0,40.0,80.0,20.0,24.0,15.0,28.0,20.0,1544.4,1734.2
2023-10-21,2023,Getafe,Betis,1,1,D,U,2.49,3.11,3.15,4,3,4,8,5,2.0,0.0,0.0,1.0,4.0,2.0,2.0,2.0,7.0,-5.0,2.0,-5.0,7.0,0.0,0.0,0.0,0.0,1.0,-1.0,50.0,0.0,20.0,40.0,19.0,7.0,16.0,15.0,1494.8,1583.3
2023-10-21,2023,Celta,Ath Madrid,0,3,A,O,3.58,3.49,2.11,3,7,7,5,6,0.0,2.0,1.0,1.0,3.0,9.0,-6.0,4.0,3.0,1.0,-1.0,6.0,-7.0,0.0,2.0,-2.0,0.0,1.0,-1.0,0.0,60.0,50.0,25.0,15.0,16.0,25.0,13.0,1459.9,1717.9
2023-10-20,2023,Osasuna,Granada,2,0,H,U,1.73,3.87,4.89,6,3,1,7,5,0.0,0.0,2.0,2.0,1.0,6.0,-5.0,4.0,9.0,-5.0,-3.0,-3.0,0.0,0.0,0.0,0.0,1.0,1.0,0.0,0.0,75.0,0.0,75.0,7.0,10.0,22.0,17.0,1512.7,1445.2
2023-10-08,2023,Villarreal,Las Palmas,1,2,A,O,1.62,4.17,5.48,4,5,7,2,5,1.0,0.0,2.0,3.0,6.0,0.0,6.0,7.0,4.0,3.0,-1.0,-4.0,3.0,0.0,0.0,0.0,0.0,1.0,-1.0,25.0,75.0,0.0,100.0,13.0,9.0,14.0,10.0,1570.1,1360.7
2023-10-08,2023,Granada,Barcelona,2,2,D,O,6.92,5.18,1.42,2,10,1,11,5,1.0,2.0,1.0,0.0,6.0,8.0,-2.0,7.0,6.0,1.0,-1.0,2.0,-3.0,0.0,0.0,0.0,1.0,0.0,1.0,25.0,50.0,50.0,0.0,16.0,19.0,14.0,13.0,1438.2,1738.4
2023-10-08,2023,Celta,Getafe,2,2,D,O,2.06,3.2,4.11,11,2,13,1,5,0.0,0.0,2.0,2.0,1.0,6.0,-5.0,3.0,8.0,-5.0,-2.0,-2.0,0.0,0.0,0.0,0.0,0.0,0.0,0.0,0.0,75.0,0.0,75.0,8.0,14.0,15.0,6.0,1458.8,1495.9
2023-10-08,2023,Ath Madrid,Sociedad,2,1,H,O,1.91,3.45,4.42,5,4,1,4,4,3.0,1.0,0.0,1.0,9.0,2.0,7.0,4.0,2.0,2.0,5.0,0.0,5.0,2.0,0.0,2.0,0.0,0.0,0.0,100.0,0.0,33.3,33.3,19.0,7.0,14.0,12.0,1709.8,1641.4
2023-10-08,2023,Alaves,Betis,1,1,D,U,2.86,3.18,2.65,5,2,5,3,5,1.0,0.0,2.0,2.0,1.0,3.0,-2.0,4.0,10.0,-6.0,-3.0,-7.0,4.0,0.0,0.0,0.0,2.0,2.0,0.0,50.0,50.0,25.0,50.0,9.0,8.0,8.0,15.0,1403.9,1588.2
2023-10-07,2023,Sevilla,Vallecano,2,2,D,O,1.89,3.58,4.27,6,4,12,2,5,2.0,1.0,1.0,1.0,7.0,2.0,5.0,3.0,1.0,2.0,4.0,1.0,3.0,1.0,1.0,0.0,0.0,0.0,0.0,50.0,50.0,50.0,25.0,22.0,19.0,22.0,11.0,1545.9,1496.6
2023-10-07,2023,Real Madrid,Osasuna,4,0,H,O,1.31,5.7,9.96,9,1,5,4,4,3.0,2.0,0.0,1.0,6.0,6.0,0.0,2.0,4.0,-2.0,4.0,2.0,2.0,1.0,1.0,0.0,0.0,0.0,0.0,100.0,0.0,75.0,25.0,29.0,8.0,22.0,8.0,1729.6,1517.3
2023-10-07,2023,Mallorca,Valencia,1,1,D,U,2.51,3.08,3.16,5,3,3,6,4,0.0,0.0,1.0,2.0,2.0,2.0,0.0,3.0,6.0,-3.0,-1.0,-4.0,3.0,0.0,0.0,0.0,0.0,1.0,-1.0,0.0,33.3,25.0,50.0,8.0,11.0,16.0,8.0,1484.2,1485.0
2023-10-07,2023,Cadiz,Girona,0,1,A,U,3.25,3.41,2.28,2,5,5,5,5,1.0,3.0,0.0,0.0,4.0,8.0,-4.0,2.0,4.0,-2.0,2.0,4.0,-2.0,1.0,1.0,0.0,0.0,0.0,0.0,50.0,0.0,75.0,0.0,9.0,15.0,15.0,17.0,1494.6,1549.3
2023-10-06,2023,Ath Bilbao,Almeria,3,0,H,O,1.38,5.24,8.16,9,1,6,2,5,2.0,0.0,0.0,2.0,9.0,3.0,6.0,4.0,8.0,-4.0,5.0,-5.0,10.0,2.0,0.0,2.0,0.0,1.0,-1.0,50.0,25.0,0.0,66.7,19.0,10.0,15.0,13.0,1543.6,1443.4
2023-10-02,2023,Las Palmas,Celta,2,1,H,O,2.48,3.21,3.03,5,3,4,5,4,1.0,1.0,0.0,1.0,2.0,6.0,-4.0,1.0,6.0,-5.0,1.0,0.0,1.0,0.0,0.0,0.0,0.0,0.0,0.0,33.3,0.0,33.3,33.3,10.0,21.0,14.0,15.0,1347.2,1472.3
2023-10-01,2023,Betis,Valencia,3,0,H,O,2.31,3.32,3.23,7,2,5,3,4,1.0,1.0,0.0,1.0,2.0,4.0,-2.0,1.0,4.0,-3.0,1.0,0.0,1.0,0.0,0.0,0.0,0.0,0.0,0.0,33.3,0.0,33.3,33.3,12.0,12.0,15.0,6.0,1580.6,1492.5
2023-10-01,2023,Ath Madrid,Cadiz,3,2,H,O,1.36,5.08,9.18,9,4,5,3,3,,0.0,,2.0,,1.0,,,6.0,,,-5.0,,,0.0,,,2.0,,100.0,0.0,0.0,66.7,,6.0,,14.0,1705.1,1499.3
2023-10-01,2023,Almeria,Granada,3,3,D,O,1.96,3.7,3.79,5,4,1,5,5,0.0,0.0,2.0,3.0,5.0,4.0,1.0,8.0,9.0,-1.0,-3.0,-5.0,2.0,0.0,0.0,0.0,1.0,2.0,-1.0,0.0,75.0,0.0,100.0,23.0,10.0,18.0,15.0,1443.5,1438.0
2023-10-01,2023,Alaves,Osasuna,0,2,A,U,2.71,3.06,2.87,3,3,4,2,4,2.0,2.0,1.0,1.0,5.0,6.0,-1.0,5.0,4.0,1.0,0.0,2.0,-2.0,0.0,1.0,-1.0,1.0,0.0,1.0,66.7,33.3,66.7,33.3,13.0,10.0,8.0,8.0,1411.1,1510.1
2023-09-30,2023,Vallecano,Mallorca,2,2,D,O,2.18,3.15,3.79,5,4,5,0,4,1.0,1.0,1.0,2.0,3.0,6.0,-3.0,8.0,8.0,0.0,-5.0,-2.0,-3.0,1.0,0.0,1.0,1.0,1.0,0.0,33.3,33.3,25.0,50.0,20.0,14.0,15.0,9.0,1497.0,1483.8
2023-09-30,2023,Sociedad,Ath Bilbao,3,0,H,O,2.24,3.25,3.49,5,3,5,7,5,2.0,2.0,0.0,0.0,10.0,4.0,6.0,7.0,0.0,7.0,3.0,4.0,-1.0,1.0,2.0,-1.0,0.0,0.0,0.0,50.0,0.0,66.7,0.0,14.0,8.0,13.0,12.0,1633.8,1551.3
2023-09-30,2023,Girona,Real Madrid,0,3,A,O,3.57,3.92,1.98,3,7,1,4,4,3.0,2.0,0.0,1.0,9.0,5.0,4.0,3.0,4.0,-1.0,6.0,1.0,5.0,2.0,1.0,1.0,0.0,1.0,-1.0,100.0,0.0,75.0,25.0,22.0,17.0,12.0,21.0,1554.8,1724.1
2023-09-30,2023,Getafe,Villarreal,0,0,D,U,2.93,3.25,2.56,9,0,6,4,4,2.0,1.0,0.0,1.0,4.0,3.0,1.0,2.0,4.0,-2.0,2.0,-1.0,3.0,0.0,0.0,0.0,0.0,1.0,-1.0,66.7,0.0,33.3,33.3,12.0,12.0,13.0,16.0,1493.6,1572.3
2023-09-29,2023,Barcelona,Sevilla,1,0,H,U,1.38,5.35,7.92,5,3,13,3,4,3.0,,0.0,,10.0,,,2.0,,,8.0,,,2.0,,,0.0,,,100.0,0.0,0.0,50.0,25.0,,21.0,,1733.2,1551.0
2023-09-28,2023,Osasuna,Ath Madrid,0,2,A,U,3.53,3.43,2.14,2,3,7,2,4,0.0,1.0,2.0,1.0,1.0,7.0,-6.0,4.0,3.0,1.0,-3.0,4.0,-7.0,0.0,1.0,-1.0,1.0,1.0,0.0,0.0,66.7,33.3,33.3,12.0,14.0,20.0,18.0,1515.2,1700.0
2023-09-28,2023,Granada,Betis,1,1,D,U,3.04,3.45,2.36,7,3,5,7,4,1.0,1.0,2.0,2.0,5.0,4.0,1.0,8.0,10.0,-2.0,-3.0,-6.0,3.0,0.0,0.0,0.0,2.0,2.0,0.0,33.3,66.7,33.3,66.7,16.0,10.0,14.0,12.0,1434.0,1584.7
2023-09-28,2023,Celta,Alaves,1,1,D,U,1.71,3.57,5.6,0,11,2,8,4,0.0,0.0,3.0,3.0,0.0,0.0,0.0,4.0,4.0,0.0,-4.0,-4.0,0.0,0.0,0.0,0.0,1.0,1.0,0.0,0.0,100.0,0.0,100.0,9.0,5.0,20.0,12.0,1474.1,1409.3
2023-09-27,2023,Villarreal,Girona,1,2,A,O,2.23,3.66,3.12,3,5,5,6,4,1.0,2.0,2.0,0.0,6.0,7.0,-1.0,7.0,4.0,3.0,-1.0,3.0,-4.0,0.0,1.0,-1.0,0.0,0.0,0.0,33.3,66.7,66.7,0.0,15.0,11.0,18.0,12.0,1583.4,1543.7
2023-09-27,2023,Valencia,Sociedad,0,1,A,U,2.65,3.14,2.89,2,1,0,2,4,2.0,,1.0,,5.0,,,2.0,,,3.0,,,1.0,,,0.0,,,66.7,33.3,0.0,50.0,16.0,,17.0,,1499.0,1627.3
2023-09-27,2023,Real Madrid,Las Palmas,2,0,H,U,1.22,6.92,13.1,9,2,7,2,3,,0.0,,3.0,,0.0,,,3.0,,,-3.0,,,0.0,,,0.0,,100.0,0.0,0.0,100.0,,8.0,,12.0,1722.0,1349.3
2023-09-27,2023,Cadiz,Vallecano,0,0,D,U,2.58,3.17,2.95,2,4,1,2,4,2.0,2.0,0.0,1.0,5.0,4.0,1.0,2.0,1.0,1.0,3.0,3.0,0.0,1.0,2.0,-1.0,0.0,0.0,0.0,66.7,0.0,66.7,33.3,10.0,19.0,16.0,12.0,1499.3,1496.9
2023-09-27,2023,Ath Bilbao,Getafe,2,2,D,O,1.64,3.7,6.21,4,5,5,4,4,2.0,0.0,1.0,3.0,7.0,4.0,3.0,4.0,9.0,-5.0,3.0,-5.0,8.0,2.0,0.0,2.0,1.0,1.0,0.0,66.7,33.3,0.0,100.0,16.0,11.0,17.0,4.0,1553.1,1491.9
2023-09-26,2023,Sevilla,Almeria,5,1,H,O,1.67,4.04,5.08,9,1,9,4,4,1.0,,2.0,,3.0,,,4.0,,,-1.0,,,0.0,,,0.0,,,33.3,66.7,0.0,50.0,16.0,,21.0,,1543.7,1450.9
2023-09-26,2023,Mallorca,Barcelona,2,2,D,O,6.89,4.38,1.5,5,4,7,2,3,,2.0,,0.0,,6.0,,,4.0,,,2.0,,,0.0,,,0.0,,0.0,50.0,66.7,0.0,,19.0,,15.0,1477.4,1739.6
2023-09-24,2023,Vallecano,Villarreal,1,1,D,U,2.52,3.54,2.74,6,6,2,8,3,,,,,,,,,,,,,,,,,,,,50.0,50.0,50.0,50.0,,,,,1494.3,1586.0
2023-09-24,2023,Sociedad,Getafe,4,3,H,O,1.55,3.77,7.37,6,7,2,1,4,1.0,,0.0,,7.0,,,5.0,,,2.0,,,1.0,,,0.0,,,33.3,0.0,0.0,100.0,10.0,,15.0,,1620.7,1498.5
2023-09-24,2023,Las Palmas,Granada,1,0,H,U,2.03,3.49,3.77,3,1,6,7,3,,,,,,,,,,,,,,,,,,,,0.0,0.0,0.0,100.0,,,,,1336.2,1447.0
2023-09-24,2023,Betis,Cadiz,1,1,D,U,1.85,3.56,4.49,7,1,11,8,3,,,,,,,,,,,,,,,,,,,,50.0,0.0,0.0,100.0,,,,,1587.3,1496.8
2023-09-24,2023,Ath Madrid,Real Madrid,3,1,H,O,2.83,3.36,2.56,4,5,6,11,2,,3.0,,0.0,,6.0,,,1.0,,,5.0,,,2.0,,,0.0,,100.0,0.0,100.0,0.0,,20.0,,15.0,1688.7,1733.3
2023-09-23,2023,Osasuna,Sevilla,0,0,D,U,2.55,3.21,2.94,2,3,7,4,3,,,,,,,,,,,,,,,,,,,,0.0,100.0,0.0,100.0,,,,,1514.3,1544.5
2023-09-23,2023,Girona,Mallorca,5,3,H,O,1.92,3.38,4.42,10,5,6,5,3,,1.0,,1.0,,4.0,,,4.0,,,0.0,,,0.0,,,0.0,,100.0,0.0,33.3,33.3,,11.0,,10.0,1535.1,1486.0
2023-09-23,2023,Barcelona,Celta,3,2,H,O,1.29,5.95,10.23,6,7,2,3,3,,,,,,,,,,,,,,,,,,,,100.0,0.0,50.0,0.0,,,,,1735.9,1477.8
2023-09-23,2023,Almeria,Valencia,2,2,D,O,3.04,3.48,2.34,10,5,8,3,4,0.0,,3.0,,3.0,,,8.0,,,-5.0,,,0.0,,,2.0,,,0.0,100.0,50.0,50.0,18.0,,18.0,,1449.5,1500.4
2023-09-22,2023,Alaves,Ath Bilbao,0,2,A,U,4.07,3.14,2.09,5,3,3,4,3,,,,,,,,,,,,,,,,,,,,100.0,0.0,50.0,0.0,,,,,1415.7,1546.7
2023-09-18,2023,Granada,Girona,2,4,A,O,2.71,3.37,2.64,5,7,4,5,3,,,,,,,,,,,,,,,,,,,,50.0,50.0,50.0,0.0,,,,,1455.0,1527.1
2023-09-17,2023,Villarreal,Almeria,2,1,H,O,1.48,4.77,6.36,4,7,7,6,3,,,,,,,,,,,,,,,,,,,,0.0,100.0,0.0,0.0,,,,,1579.4,1456.1
2023-09-17,2023,Sevilla,Las Palmas,1,0,H,U,1.64,3.92,5.68,9,2,7,3,3,,,,,,,,,,,,,,,,,,,,0.0,100.0,0.0,100.0,,,,,1539.7,1341.1
2023-09-17,2023,Real Madrid,Sociedad,2,1,H,O,1.67,3.97,5.2,8,5,4,3,2,,,,,,,,,,,,,,,,,,,,100.0,0.0,0.0,0.0,,,,,1726.1,1627.9
2023-09-17,2023,Getafe,Osasuna,3,2,H,O,2.6,2.93,3.16,6,3,6,3,3,,,,,,,,,,,,,,,,,,,,50.0,0.0,100.0,0.0,,,,,1487.4,1525.4
2023-09-16,2023,Valencia,Ath Madrid,3,0,H,O,3.82,3.38,2.06,8,3,5,8,3,,,,,,,,,,,,,,,,,,,,50.0,50.0,50.0,0.0,,,,,1484.8,1704.3
2023-09-16,2023,Celta,Mallorca,0,1,A,U,2.05,3.13,4.25,4,4,10,1,3,,,,,,,,,,,,,,,,,,,,0.0,100.0,0.0,50.0,,,,,1488.2,1475.6
2023-09-16,2023,Barcelona,Betis,5,0,H,O,1.37,5.23,7.99,9,2,9,5,2,,,,,,,,,,,,,,,,,,,,100.0,0.0,50.0,50.0,,,,,1729.6,1593.5
2023-09-16,2023,Ath Bilbao,Cadiz,3,0,H,O,1.55,4.08,6.56,9,4,5,4,3,,,,,,,,,,,,,,,,,,,,50.0,50.0,0.0,100.0,,,,,1537.6,1505.9
2023-09-15,2023,Vallecano,Alaves,2,0,H,U,2.01,3.2,4.36,11,1,5,3,2,,,,,,,,,,,,,,,,,,,,0.0,100.0,0.0,100.0,,,,,1486.1,1423.9
2023-09-03,2023,Osasuna,Barcelona,1,2,A,O,5.12,4.1,1.66,3,4,8,5,2,,,,,,,,,,,,,,,,,,,,0.0,100.0,50.0,0.0,,,,,1530.3,1724.7
2023-09-03,2023,Mallorca,Ath Bilbao,0,0,D,U,3.26,3.09,2.42,2,3,3,5,2,,,,,,,,,,,,,,,,,,,,0.0,100.0,100.0,0.0,,,,,1473.8,1539.4
2023-09-03,2023,Girona,Las Palmas,1,0,H,U,1.68,3.79,5.46,6,5,3,5,2,,,,,,,,,,,,,,,,,,,,100.0,0.0,0.0,100.0,,,,,1521.8,1346.4
2023-09-02,2023,Sociedad,Granada,5,3,H,O,1.45,4.59,7.29,6,5,2,5,3,,,,,,,,,,,,,,,,,,,,0.0,0.0,0.0,100.0,,,,,1622.3,1460.6
2023-09-02,2023,Real Madrid,Getafe,2,1,H,O,1.33,5.14,10.55,12,2,11,1,1,,,,,,,,,,,,,,,,,,,,,,0.0,100.0,,,,,1721.9,1491.6
2023-09-02,2023,Betis,Vallecano,1,0,H,U,1.98,3.5,3.99,5,6,2,3,2,,,,,,,,,,,,,,,,,,,,0.0,0.0,100.0,0.0,,,,,1586.1,1493.5
2023-09-02,2023,Alaves,Valencia,1,0,H,U,2.93,2.94,2.77,1,4,1,2,2,,,,,,,,,,,,,,,,,,,,100.0,0.0,100.0,0.0,,,,,1411.5,1497.3
2023-09-01,2023,Cadiz,Villarreal,3,1,H,O,3.36,3.53,2.18,4,3,7,3,3,,,,,,,,,,,,,,,,,,,,50.0,0.0,100.0,0.0,,,,,1493.1,1592.2
2023-09-01,2023,Almeria,Celta,2,3,A,O,2.97,3.31,2.5,5,8,6,5,3,,,,,,,,,,,,,,,,,,,,0.0,100.0,0.0,0.0,,,,,1465.7,1478.5
2023-08-28,2023,Vallecano,Ath Madrid,0,7,A,O,4.04,3.47,1.97,3,10,8,3,1,,,,,,,,,,,,,,,,,,,,,,0.0,0.0,,,,,1498.3,1699.5
2023-08-28,2023,Getafe,Alaves,1,0,H,U,2.28,2.93,3.8,4,2,4,5,2,,,,,,,,,,,,,,,,,,,,0.0,0.0,0.0,100.0,,,,,1483.4,1419.7
2023-08-27,2023,Villarreal,Barcelona,3,4,A,O,3.54,3.7,2.05,6,11,2,6,2,,,,,,,,,,,,,,,,,,,,0.0,100.0,0.0,0.0,,,,,1598.9,1718.0
2023-08-27,2023,Valencia,Osasuna,1,2,A,O,1.9,3.49,4.33,4,2,6,3,2,,,,,,,,,,,,,,,,,,,,100.0,0.0,100.0,0.0,,,,,1506.9,1520.7
2023-08-27,2023,Ath Bilbao,Betis,4,2,H,O,1.92,3.66,4.03,6,3,5,3,2,,,,,,,,,,,,,,,,,,,,0.0,100.0,100.0,0.0,,,,,1527.4,1598.2
2023-08-26,2023,Sevilla,Girona,1,2,A,O,2.08,3.48,3.65,4,3,6,6,2,,,,,,,,,,,,,,,,,,,,0.0,100.0,0.0,0.0,,,,,1550.8,1510.6
2023-08-26,2023,Granada,Mallorca,3,2,H,O,2.65,3.0,3.01,4,5,5,3,2,,,,,,,,,,,,,,,,,,,,0.0,100.0,0.0,0.0,,,,,1449.6,1484.8
2023-08-26,2023,Cadiz,Almeria,1,1,D,U,2.25,3.36,3.34,3,2,7,3,2,,,,,,,,,,,,,,,,,,,,100.0,0.0,,,,,,,1493.9,1464.8
2023-08-25,2023,Las Palmas,Sociedad,0,0,D,U,4.1,3.28,2.04,5,1,5,7,2,,,,,,,,,,,,,,,,,,,,0.0,0.0,,,,,,,1339.6,1629.1
2023-08-25,2023,Celta,Real Madrid,0,1,A,U,4.74,3.94,1.74,4,3,3,5,2,,,,,,,,,,,,,,,,,,,,0.0,100.0,100.0,0.0,,,,,1482.6,1717.7
2023-08-21,2023,Granada,Vallecano,0,2,A,U,2.65,3.08,2.92,7,9,5,6,1,,,,,,,,,,,,,,,,,,,,,,100.0,0.0,,,,,1458.8,1489.2
2023-08-21,2023,Alaves,Sevilla,4,3,H,O,3.32,3.06,2.4,7,2,4,4,1,,,,,,,,,,,,,,,,,,,,,,,,,,,,1405.4,1565.1
2023-08-20,2023,Girona,Getafe,3,0,H,O,2.05,3.18,4.15,6,2,3,2,1,,,,,,,,,,,,,,,,,,,,,,,,,,,,1500.9,1493.2
2023-08-20,2023,Betis,Ath Madrid,0,0,D,U,3.86,3.45,2.03,0,1,2,7,1,,,,,,,,,,,,,,,,,,,,,,,,,,,,1595.2,1702.5
2023-08-20,2023,Barcelona,Cadiz,2,0,H,U,1.21,6.7,14.64,10,1,10,2,1,,,,,,,,,,,,,,,,,,,,,,,,,,,,1713.5,1498.4
2023-08-19,2023,Sociedad,Celta,1,1,D,U,1.76,3.5,5.24,2,6,9,7,2,,,,,,,,,,,,,,,,,,,,0.0,0.0,,,,,,,1633.3,1478.5
2023-08-19,2023,Osasuna,Ath Bilbao,0,2,A,U,2.83,3.11,2.71,7,2,5,3,1,,,,,,,,,,,,,,,,,,,,,,,,,,,,1531.1,1517.0
2023-08-19,2023,Almeria,Real Madrid,1,3,A,O,8.0,5.01,1.39,8,9,4,5,2,,,,,,,,,,,,,,,,,,,,0.0,100.0,100.0,0.0,,,,,1468.8,1713.8
2023-08-18,2023,Valencia,Las Palmas,1,0,H,U,1.59,3.94,6.28,4,1,6,4,1,,,,,,,,,,,,,,,,,,,,,,,,,,,,1501.1,1345.4
2023-08-18,2023,Mallorca,Villarreal,0,1,A,U,2.95,3.11,2.63,1,3,6,5,1,,,,,,,,,,,,,,,,,,,,,,,,,,,,1492.0,1591.7
2023-08-14,2023,Cadiz,Alaves,1,0,H,U,2.19,3.06,3.79,3,2,2,4,1,,,,,,,,,,,,,,,,,,,,,,,,,,,,1490.6,1413.2
2023-08-14,2023,Ath Madrid,Granada,3,1,H,O,1.3,5.49,10.27,6,4,3,3,1,,,,,,,,,,,,,,,,,,,,,,,,,,,,1698.4,1462.9
2023-08-13,2023,Villarreal,Betis,1,2,A,O,1.77,3.93,4.4,5,5,9,4,1,,,,,,,,,,,,,,,,,,,,,,,,,,,,1602.2,1584.7
2023-08-13,2023,Getafe,Barcelona,0,0,D,U,6.35,3.99,1.57,2,4,3,4,1,,,,,,,,,,,,,,,,,,,,,,,,,,,,1487.4,1719.4
2023-08-13,2023,Celta,Osasuna,0,2,A,U,2.12,3.23,3.8,1,5,7,2,1,,,,,,,,,,,,,,,,,,,,,,,,,,,,1487.5,1522.1
2023-08-12,2023,Sociedad,Girona,1,1,D,U,1.63,3.97,5.58,2,1,4,1,1,,,,,,,,,,,,,,,,,,,,,,,,,,,,1637.1,1497.0
2023-08-12,2023,Las Palmas,Mallorca,1,1,D,U,2.44,3.0,3.31,2,2,3,6,1,,,,,,,,,,,,,,,,,,,,,,,,,,,,1341.2,1496.2
2023-08-12,2023,Ath Bilbao,Real Madrid,0,2,A,U,3.4,3.52,2.15,1,8,7,5,1,,,,,,,,,,,,,,,,,,,,,,,,,,,,1522.1,1708.7
2023-08-11,2023,Sevilla,Valencia,1,2,A,O,1.93,3.4,4.33,3,3,8,1,1,,,,,,,,,,,,,,,,,,,,,,,,,,,,1577.6,1488.5
2023-08-11,2023,Almeria,Vallecano,0,2,A,U,2.54,3.26,2.92,5,4,8,3,1,,,,,,,,,,,,,,,,,,,,,,,,,,,,1478.8,1479.2
2023-06-04,2022,Villarreal,Ath Madrid,2,2,D,O,2.69,3.65,2.51,7,3,12,1,19,3.0,1.0,0.0,1.0,10.0,8.0,2.0,2.0,6.0,-4.0,8.0,2.0,6.0,3.0,1.0,2.0,0.0,0.0,0.0,66.7,22.2,55.6,22.2,21.0,17.0,18.0,7.0,1599.3,1701.3
2023-06-04,2022,Valladolid,Getafe,0,0,D,U,2.22,3.31,3.4,0,1,6,1,19,1.0,1.0,2.0,2.0,5.0,1.0,4.0,9.0,2.0,7.0,-4.0,-1.0,-3.0,1.0,0.0,1.0,2.0,0.0,2.0,44.4,38.9,16.7,55.6,16.0,6.0,19.0,11.0,1446.7,1488.6
2023-06-04,2022,Sociedad,Sevilla,2,1,H,O,1.71,4.03,4.68,6,4,5,2,19,2.0,2.0,0.0,0.0,5.0,5.0,0.0,2.0,1.0,1.0,3.0,4.0,-1.0,1.0,1.0,0.0,0.0,0.0,0.0,55.6,16.7,33.3,38.9,12.0,9.0,19.0,10.0,1628.3,1586.4
2023-06-04,2022,Real Madrid,Ath Bilbao,1,1,D,U,1.93,3.88,3.73,2,9,5,6,19,3.0,0.0,0.0,2.0,7.0,2.0,5.0,3.0,8.0,-5.0,4.0,-6.0,10.0,1.0,0.0,1.0,0.0,2.0,-2.0,72.2,5.6,33.3,38.9,18.0,16.0,13.0,18.0,1713.9,1517.0
2023-06-04,2022,Osasuna,Girona,2,1,H,O,2.13,3.54,3.41,7,6,5,2,19,2.0,1.0,1.0,0.0,5.0,5.0,0.0,3.0,3.0,0.0,2.0,2.0,0.0,2.0,1.0,1.0,1.0,0.0,1.0,55.6,38.9,16.7,44.4,11.0,13.0,11.0,8.0,1512.3,1506.9
2023-06-04,2022,Mallorca,Vallecano,3,0,H,O,3.1,3.33,2.36,4,4,2,6,19,2.0,0.0,0.0,3.0,3.0,2.0,1.0,1.0,9.0,-8.0,2.0,-7.0,9.0,0.0,0.0,0.0,0.0,2.0,-2.0,50.0,22.2,22.2,50.0,8.0,13.0,10.0,15.0,1486.1,1489.3
2023-06-04,2022,Espanol,Almeria,3,3,D,O,2.78,3.74,2.4,8,4,7,6,19,1.0,0.0,1.0,3.0,6.0,3.0,3.0,7.0,8.0,-1.0,-1.0,-5.0,4.0,0.0,0.0,0.0,1.0,2.0,-1.0,22.2,44.4,5.6,72.2,28.0,8.0,26.0,3.0,1451.1,1479.6
2023-06-04,2022,Elche,Cadiz,1,1,D,U,2.67,3.4,2.65,5,3,7,4,19,2.0,0.0,0.0,3.0,6.0,1.0,5.0,1.0,8.0,-7.0,5.0,-7.0,12.0,1.0,0.0,1.0,0.0,2.0,-2.0,16.7,55.6,16.7,55.6,20.0,13.0,15.0,15.0,1416.2,1492.8
2023-06-04,2022,Celta,Barcelona,2,1,H,O,2.63,3.68,2.54,9,2,2,4,19,1.0,1.0,1.0,2.0,3.0,6.0,-3.0,3.0,7.0,-4.0,0.0,-1.0,1.0,0.0,1.0,-1.0,0.0,1.0,-1.0,33.3,33.3,72.2,22.2,22.0,16.0,24.0,18.0,1471.0,1735.8
2023-06-04,2022,Betis,Valencia,1,1,D,U,2.78,3.59,2.46,3,3,5,4,19,1.0,1.0,1.0,2.0,3.0,3.0,0.0,2.0,4.0,-2.0,1.0,-1.0,2.0,1.0,0.0,1.0,0.0,0.0,0.0,50.0,27.8,16.7,66.7,10.0,14.0,10.0,14.0,1587.5,1485.7
2023-05-28,2022,Vallecano,Villarreal,2,1,H,O,3.01,3.7,2.25,4,2,4,6,19,2.0,1.0,1.0,1.0,5.0,4.0,1.0,4.0,4.0,0.0,1.0,0.0,1.0,0.0,0.0,0.0,0.0,0.0,0.0,44.4,27.8,38.9,38.9,17.0,14.0,10.0,10.0,1475.5,1613.1
2023-05-28,2022,Valencia,Espanol,2,2,D,O,2.01,3.62,3.64,4,5,10,3,19,2.0,1.0,0.0,2.0,4.0,6.0,-2.0,2.0,8.0,-6.0,2.0,-2.0,4.0,0.0,0.0,0.0,0.0,1.0,-1.0,44.4,33.3,22.2,50.0,12.0,13.0,14.0,6.0,1486.7,1450.1
2023-05-28,2022,Girona,Betis,1,2,A,O,2.0,3.59,3.69,3,7,8,5,19,2.0,1.0,1.0,1.0,7.0,1.0,6.0,5.0,4.0,1.0,2.0,-3.0,5.0,1.0,0.0,1.0,0.0,1.0,-1.0,55.6,27.8,38.9,38.9,15.0,3.0,15.0,5.0,1515.0,1579.3
2023-05-28,2022,Getafe,Osasuna,2,1,H,O,2.23,3.11,3.58,6,2,1,1,19,1.0,1.0,1.0,2.0,3.0,1.0,2.0,3.0,4.0,-1.0,0.0,-3.0,3.0,0.0,0.0,0.0,0.0,1.0,-1.0,33.3,33.3,22.2,38.9,18.0,8.0,10.0,12.0,1477.3,1523.6
2023-05-28,2022,Cadiz,Celta,1,0,H,U,2.63,3.22,2.81,3,4,3,3,19,2.0,0.0,1.0,3.0,4.0,2.0,2.0,2.0,6.0,-4.0,2.0,-4.0,6.0,1.0,0.0,1.0,0.0,1.0,-1.0,33.3,33.3,22.2,55.6,12.0,9.0,20.0,19.0,1482.8,1481.0
2023-05-28,2022,Barcelona,Mallorca,3,0,H,O,1.32,5.42,9.38,9,1,14,3,19,2.0,0.0,1.0,3.0,6.0,2.0,4.0,2.0,8.0,-6.0,4.0,-6.0,10.0,1.0,0.0,1.0,0.0,2.0,-2.0,77.8,5.6,22.2,61.1,16.0,7.0,29.0,19.0,1731.8,1490.1
2023-05-28,2022,Ath Madrid,Sociedad,2,1,H,O,2.05,3.5,3.68,5,5,6,4,19,3.0,2.0,0.0,0.0,11.0,4.0,7.0,2.0,1.0,1.0,9.0,3.0,6.0,3.0,1.0,2.0,0.0,0.0,0.0,66.7,16.7,55.6,27.8,22.0,17.0,18.0,8.0,1692.9,1636.7
2023-05-28,2022,Ath Bilbao,Elche,0,1,A,U,1.32,5.37,9.45,8,2,19,3,19,1.0,0.0,2.0,2.0,2.0,2.0,0.0,3.0,4.0,-1.0,-1.0,-2.0,1.0,0.0,0.0,0.0,0.0,0.0,0.0,44.4,38.9,5.6,72.2,11.0,6.0,29.0,25.0,1530.5,1402.7
2023-05-28,2022,Almeria,Valladolid,0,0,D,U,2.28,3.56,3.06,7,2,2,4,19,2.0,0.0,1.0,3.0,6.0,2.0,4.0,3.0,6.0,-3.0,3.0,-4.0,7.0,1.0,0.0,1.0,0.0,1.0,-1.0,55.6,33.3,16.7,72.2,11.0,8.0,14.0,9.0,1480.6,1445.7
2023-05-27,2022,Sevilla,Real Madrid,1,2,A,O,2.87,3.46,2.44,1,3,1,1,19,1.0,0.0,1.0,3.0,3.0,2.0,1.0,4.0,7.0,-3.0,-1.0,-5.0,4.0,0.0,0.0,0.0,1.0,2.0,-1.0,38.9,33.3,55.6,38.9,15.0,13.0,19.0,23.0,1593.3,1707.0
2023-05-25,2022,Osasuna,Ath Bilbao,2,0,H,U,3.02,3.32,2.43,3,5,3,6,18,2.0,1.0,1.0,1.0,6.0,4.0,2.0,5.0,7.0,-2.0,1.0,-3.0,4.0,1.0,0.0,1.0,1.0,1.0,0.0,52.9,41.2,35.3,35.3,13.0,14.0,13.0,16.0,1512.8,1541.3
2023-05-25,2022,Mallorca,Valencia,1,0,H,U,3.4,2.97,2.41,3,5,2,4,18,2.0,2.0,0.0,1.0,5.0,5.0,0.0,2.0,3.0,-1.0,3.0,2.0,1.0,1.0,1.0,0.0,0.0,0.0,0.0,47.1,23.5,17.6,64.7,9.0,12.0,10.0,16.0,1479.5,1497.3
2023-05-24,2022,Villarreal,Cadiz,2,0,H,U,1.49,4.5,6.6,7,8,7,6,18,3.0,0.0,0.0,2.0,12.0,1.0,11.0,4.0,6.0,-2.0,8.0,-5.0,13.0,3.0,0.0,3.0,0.0,1.0,-1.0,64.7,23.5,17.6,52.9,27.0,7.0,20.0,12.0,1606.3,1489.6
2023-05-24,2022,Real Madrid,Vallecano,2,1,H,O,1.65,4.19,5.07,3,6,5,2,18,3.0,0.0,0.0,3.0,7.0,2.0,5.0,2.0,9.0,-7.0,5.0,-7.0,12.0,2.0,0.0,2.0,0.0,2.0,-2.0,70.6,5.9,23.5,47.1,20.0,9.0,16.0,16.0,1702.7,1479.9
2023-05-24,2022,Espanol,Ath Madrid,3,3,D,O,2.94,3.57,2.36,13,7,16,1,18,1.0,1.0,1.0,2.0,3.0,5.0,-2.0,4.0,4.0,0.0,-1.0,1.0,-2.0,0.0,1.0,-1.0,1.0,0.0,1.0,23.5,47.1,58.8,23.5,20.0,13.0,16.0,9.0,1443.8,1699.2
2023-05-24,2022,Elche,Sevilla,1,1,D,U,4.04,3.74,1.89,7,3,9,5,18,2.0,3.0,1.0,0.0,5.0,6.0,-1.0,2.0,0.0,2.0,3.0,6.0,-3.0,1.0,2.0,-1.0,1.0,0.0,1.0,17.6,58.8,35.3,41.2,14.0,9.0,17.0,7.0,1397.5,1598.5
2023-05-24,2022,Betis,Getafe,0,1,A,U,2.06,3.22,4.05,4,2,2,5,18,2.0,0.0,0.0,3.0,6.0,1.0,5.0,2.0,5.0,-3.0,4.0,-4.0,8.0,2.0,0.0,2.0,0.0,1.0,-1.0,52.9,23.5,11.8,58.8,14.0,5.0,12.0,8.0,1592.9,1463.7
2023-05-23,2022,Valladolid,Barcelona,3,1,H,O,3.59,3.83,1.99,4,6,2,6,18,1.0,1.0,2.0,1.0,3.0,5.0,-2.0,8.0,4.0,4.0,-5.0,1.0,-6.0,0.0,1.0,-1.0,2.0,0.0,2.0,41.2,41.2,76.5,17.6,18.0,13.0,22.0,17.0,1428.4,1749.1
2023-05-23,2022,Sociedad,Almeria,1,0,H,U,1.37,5.13,8.39,2,2,10,2,18,2.0,1.0,0.0,2.0,6.0,5.0,1.0,3.0,8.0,-5.0,3.0,-3.0,6.0,1.0,0.0,1.0,0.0,2.0,-2.0,52.9,17.6,5.9,70.6,11.0,17.0,12.0,7.0,1630.6,1486.7
2023-05-23,2022,Celta,Girona,1,1,D,U,2.03,3.49,3.79,7,4,9,3,18,1.0,1.0,2.0,1.0,2.0,4.0,-2.0,3.0,3.0,0.0,-1.0,1.0,-2.0,0.0,1.0,-1.0,0.0,0.0,0.0,35.3,35.3,17.6,47.1,18.0,15.0,22.0,12.0,1480.0,1516.1
2023-05-21,2022,Vallecano,Espanol,1,2,A,O,2.17,3.46,3.42,5,6,4,4,18,3.0,0.0,0.0,3.0,6.0,5.0,1.0,3.0,10.0,-7.0,3.0,-5.0,8.0,0.0,0.0,0.0,0.0,2.0,-2.0,47.1,23.5,17.6,52.9,15.0,11.0,8.0,15.0,1491.5,1432.1
2023-05-21,2022,Valencia,Real Madrid,1,0,H,U,3.17,3.62,2.21,6,5,2,9,18,1.0,1.0,1.0,2.0,3.0,4.0,-1.0,4.0,6.0,-2.0,-1.0,-2.0,1.0,0.0,1.0,-1.0,1.0,2.0,-1.0,41.2,35.3,58.8,35.3,9.0,19.0,18.0,23.0,1481.3,1718.6
2023-05-21,2022,Sevilla,Betis,0,0,D,U,2.35,3.38,3.12,4,0,4,3,18,2.0,1.0,1.0,2.0,5.0,3.0,2.0,5.0,7.0,-2.0,0.0,-4.0,4.0,0.0,0.0,0.0,1.0,1.0,0.0,41.2,35.3,41.2,41.2,15.0,9.0,20.0,15.0,1598.7,1592.7
2023-05-21,2022,Ath Madrid,Osasuna,3,0,H,O,1.38,4.98,8.57,5,2,8,10,18,3.0,1.0,0.0,2.0,10.0,2.0,8.0,3.0,3.0,0.0,7.0,-1.0,8.0,2.0,0.0,2.0,0.0,0.0,0.0,64.7,17.6,23.5,35.3,24.0,10.0,19.0,5.0,1693.8,1518.1
2023-05-20,2022,Girona,Villarreal,1,2,A,O,2.86,3.73,2.36,3,5,3,1,18,3.0,1.0,0.0,1.0,8.0,5.0,3.0,3.0,5.0,-2.0,5.0,0.0,5.0,2.0,0.0,2.0,0.0,0.0,0.0,58.8,23.5,35.3,41.2,16.0,17.0,15.0,16.0,1524.0,1598.4
2023-05-20,2022,Getafe,Elche,1,1,D,U,1.51,4.09,7.46,5,4,5,6,18,1.0,0.0,1.0,3.0,2.0,1.0,1.0,2.0,5.0,-3.0,0.0,-4.0,4.0,0.0,0.0,0.0,0.0,1.0,-1.0,35.3,35.3,5.9,76.5,14.0,7.0,6.0,23.0,1465.7,1395.5
2023-05-20,2022,Barcelona,Sociedad,1,2,A,O,1.85,3.7,4.33,4,6,8,2,18,3.0,1.0,0.0,1.0,6.0,2.0,4.0,0.0,2.0,-2.0,6.0,0.0,6.0,1.0,1.0,0.0,0.0,1.0,-1.0,82.4,0.0,52.9,29.4,16.0,15.0,24.0,8.0,1763.1,1616.6
2023-05-20,2022,Ath Bilbao,Celta,2,1,H,O,1.67,3.87,5.44,3,3,8,5,18,1.0,0.0,2.0,3.0,2.0,1.0,1.0,2.0,6.0,-4.0,0.0,-5.0,5.0,1.0,0.0,1.0,0.0,2.0,-2.0,41.2,41.2,23.5,52.9,13.0,8.0,26.0,17.0,1532.6,1488.7
2023-05-20,2022,Almeria,Mallorca,3,0,H,O,2.29,3.32,3.29,3,3,4,6,18,2.0,1.0,1.0,2.0,5.0,3.0,2.0,4.0,5.0,-1.0,1.0,-2.0,3.0,0.0,0.0,0.0,0.0,1.0,-1.0,52.9,35.3,23.5,58.8,12.0,6.0,13.0,18.0,1476.3,1489.9
2023-05-19,2022,Cadiz,Valladolid,2,0,H,U,2.22,3.41,3.36,4,2,4,3,18,1.0,1.0,2.0,2.0,2.0,4.0,-2.0,4.0,5.0,-1.0,-2.0,-1.0,-1.0,0.0,0.0,0.0,1.0,0.0,1.0,29.4,35.3,17.6,70.6,11.0,13.0,18.0,11.0,1480.9,1437.1
2023-05-15,2022,Betis,Vallecano,3,1,H,O,1.92,3.52,4.15,5,4,6,5,17,1.0,0.0,1.0,2.0,3.0,2.0,1.0,3.0,7.0,-4.0,0.0,-5.0,5.0,1.0,0.0,1.0,1.0,1.0,0.0,50.0,25.0,25.0,43.8,12.0,7.0,11.0,14.0,1585.1,1499.1
2023-05-14,2022,Valladolid,Sevilla,0,3,A,O,2.24,3.52,3.16,6,5,8,3,17,1.0,3.0,1.0,0.0,6.0,5.0,1.0,8.0,0.0,8.0,-2.0,5.0,-7.0,0.0,2.0,-2.0,1.0,0.0,1.0,43.8,37.5,31.2,43.8,18.0,9.0,15.0,8.0,1443.1,1592.7
2023-05-14,2022,Espanol,Barcelona,2,4,A,O,5.28,4.06,1.64,7,5,4,3,17,1.0,1.0,1.0,1.0,2.0,5.0,-3.0,2.0,2.0,0.0,0.0,3.0,-3.0,0.0,1.0,-1.0,0.0,0.0,0.0,25.0,43.8,75.0,18.8,15.0,14.0,20.0,17.0,1434.8,1760.4
2023-05-14,2022,Elche,Ath Madrid,1,0,H,U,8.74,5.11,1.36,4,4,3,5,17,1.0,2.0,2.0,1.0,4.0,7.0,-3.0,6.0,4.0,2.0,-2.0,3.0,-5.0,1.0,1.0,0.0,2.0,0.0,2.0,12.5,62.5,62.5,18.8,12.0,13.0,25.0,6.0,1378.1,1711.3
2023-05-14,2022,Celta,Valencia,1,2,A,O,2.28,3.22,3.37,6,5,5,4,17,1.0,1.0,1.0,2.0,3.0,4.0,-1.0,3.0,4.0,-1.0,0.0,0.0,0.0,0.0,1.0,-1.0,0.0,0.0,0.0,37.5,31.2,12.5,68.8,17.0,11.0,21.0,19.0,1499.5,1470.5
2023-05-13,2022,Villarreal,Ath Bilbao,5,1,H,O,2.17,3.5,3.39,11,5,7,5,17,2.0,2.0,1.0,0.0,8.0,5.0,3.0,5.0,3.0,2.0,3.0,2.0,1.0,2.0,0.0,2.0,0.0,0.0,0.0,62.5,25.0,37.5,31.2,23.0,16.0,21.0,18.0,1589.8,1541.2
2023-05-13,2022,Sociedad,Girona,2,2,D,O,1.65,3.91,5.47,6,6,7,4,17,3.0,1.0,0.0,1.0,6.0,2.0,4.0,1.0,1.0,0.0,5.0,1.0,4.0,2.0,1.0,1.0,0.0,0.0,0.0,56.2,18.8,18.8,50.0,11.0,9.0,8.0,10.0,1619.4,1521.2
2023-05-13,2022,Real Madrid,Getafe,1,0,H,U,1.57,4.1,6.1,3,2,1,3,17,2.0,0.0,1.0,3.0,8.0,1.0,7.0,5.0,6.0,-1.0,3.0,-5.0,8.0,2.0,0.0,2.0,0.0,2.0,-2.0,68.8,6.2,12.5,56.2,21.0,7.0,21.0,7.0,1714.7,1469.6
2023-05-13,2022,Osasuna,Almeria,3,1,H,O,2.09,3.55,3.53,7,3,4,1,17,2.0,1.0,1.0,2.0,5.0,5.0,0.0,5.0,7.0,-2.0,0.0,-2.0,2.0,0.0,0.0,0.0,1.0,1.0,0.0,50.0,43.8,6.2,68.8,12.0,14.0,18.0,8.0,1508.8,1485.6
2023-05-12,2022,Mallorca,Cadiz,1,0,H,U,2.19,2.99,3.95,3,4,3,7,17,1.0,1.0,0.0,1.0,4.0,3.0,1.0,2.0,5.0,-3.0,2.0,-2.0,4.0,1.0,1.0,0.0,0.0,1.0,-1.0,43.8,25.0,18.8,50.0,7.0,7.0,9.0,11.0,1479.6,1491.2
2023-05-04,2022,Vallecano,Valladolid,2,1,H,O,1.79,3.73,4.59,6,4,3,4,17,2.0,1.0,1.0,2.0,5.0,3.0,2.0,4.0,9.0,-5.0,1.0,-6.0,7.0,0.0,0.0,0.0,0.0,1.0,-1.0,43.8,25.0,18.8,68.8,12.0,11.0,13.0,8.0,1490.2,1452.0
2023-05-04,2022,Sevilla,Espanol,3,2,H,O,1.86,3.58,4.36,6,3,9,0,17,1.0,0.0,1.0,3.0,4.0,4.0,0.0,5.0,9.0,-4.0,-1.0,-5.0,4.0,0.0,0.0,0.0,1.0,2.0,-1.0,37.5,37.5,18.8,50.0,11.0,9.0,19.0,17.0,1586.7,1440.8
2023-05-04,2022,Girona,Mallorca,2,1,H,O,2.13,3.23,3.79,7,2,9,5,17,3.0,1.0,0.0,1.0,8.0,5.0,3.0,3.0,6.0,-3.0,5.0,-1.0,6.0,2.0,0.0,2.0,0.0,1.0,-1.0,56.2,25.0,25.0,56.2,13.0,10.0,11.0,15.0,1511.9,1489.0
2023-05-04,2022,Ath Bilbao,Betis,0,1,A,U,1.7,3.87,5.15,6,2,13,2,17,1.0,0.0,1.0,3.0,2.0,2.0,0.0,1.0,8.0,-7.0,1.0,-6.0,7.0,1.0,0.0,1.0,0.0,1.0,-1.0,43.8,37.5,37.5,43.8,10.0,9.0,26.0,14.0,1550.5,1575.9
2023-05-03,2022,Valencia,Villarreal,1,1,D,U,2.76,3.43,2.56,1,4,6,6,17,1.0,2.0,1.0,1.0,3.0,7.0,-4.0,4.0,4.0,0.0,-1.0,3.0,-4.0,0.0,1.0,-1.0,1.0,0.0,1.0,43.8,37.5,37.5,43.8,12.0,19.0,25.0,11.0,1467.0,1593.3
2023-05-03,2022,Getafe,Celta,1,0,H,U,2.56,2.99,3.14,4,1,1,5,17,1.0,0.0,1.0,2.0,3.0,3.0,0.0,2.0,7.0,-5.0,1.0,-4.0,5.0,1.0,0.0,1.0,0.0,2.0,-2.0,31.2,37.5,25.0,50.0,14.0,11.0,9.0,15.0,1458.1,1511.0
2023-05-03,2022,Ath Madrid,Cadiz,5,1,H,O,1.28,5.69,12.11,8,1,5,2,17,3.0,1.0,0.0,0.0,6.0,3.0,3.0,2.0,1.0,1.0,4.0,2.0,2.0,1.0,1.0,0.0,0.0,0.0,0.0,62.5,18.8,20.0,46.7,23.0,10.0,19.0,11.0,1706.7,1495.8
2023-05-02,2022,Sociedad,Real Madrid,2,0,H,U,2.54,3.35,2.87,4,5,2,6,16,3.0,1.0,0.0,2.0,6.0,5.0,1.0,1.0,6.0,-5.0,5.0,-1.0,6.0,2.0,1.0,1.0,0.0,1.0,-1.0,53.3,20.0,62.5,31.2,11.0,17.0,11.0,18.0,1606.0,1728.1
2023-05-02,2022,Barcelona,Osasuna,1,0,H,U,1.16,7.76,18.74,4,2,11,0,17,2.0,1.0,0.0,1.0,5.0,2.0,3.0,0.0,2.0,-2.0,5.0,0.0,5.0,1.0,0.0,1.0,0.0,0.0,0.0,81.2,0.0,25.0,31.2,15.0,10.0,25.0,8.0,1756.4,1512.7
2023-05-02,2022,Almeria,Elche,2,1,H,O,1.62,4.33,5.21,4,1,7,13,17,1.0,0.0,1.0,3.0,4.0,1.0,3.0,4.0,5.0,-1.0,0.0,-4.0,4.0,0.0,0.0,0.0,0.0,1.0,-1.0,50.0,37.5,6.2,75.0,13.0,7.0,11.0,12.0,1478.2,1385.5
2023-05-01,2022,Sevilla,Girona,0,2,A,U,1.99,3.5,3.87,5,3,6,1,16,2.0,0.0,0.0,1.0,6.0,2.0,4.0,4.0,3.0,1.0,2.0,-1.0,3.0,0.0,0.0,0.0,0.0,0.0,0.0,40.0,33.3,13.3,53.3,11.0,10.0,19.0,14.0,1599.5,1499.1
2023-05-01,2022,Mallorca,Ath Bilbao,1,1,D,U,3.64,2.98,2.29,2,6,5,7,16,1.0,3.0,0.0,0.0,4.0,7.0,-3.0,2.0,3.0,-1.0,2.0,4.0,-2.0,1.0,1.0,0.0,0.0,0.0,0.0,46.7,26.7,40.0,33.3,7.0,16.0,7.0,20.0,1487.1,1552.3
2023-04-30,2022,Villarreal,Celta,3,1,H,O,1.82,3.77,4.32,3,5,4,9,16,2.0,1.0,1.0,1.0,7.0,5.0,2.0,4.0,5.0,-1.0,3.0,0.0,3.0,2.0,1.0,1.0,0.0,1.0,-1.0,60.0,26.7,26.7,46.7,24.0,10.0,21.0,7.0,1585.2,1519.2
2023-04-30,2022,Valladolid,Ath Madrid,2,5,A,O,5.21,4.01,1.66,6,6,9,1,16,1.0,2.0,1.0,1.0,5.0,3.0,2.0,6.0,2.0,4.0,-1.0,1.0,-2.0,0.0,0.0,0.0,1.0,0.0,1.0,46.7,33.3,60.0,20.0,15.0,11.0,8.0,8.0,1455.9,1702.8
2023-04-30,2022,Espanol,Getafe,1,0,H,U,2.42,3.0,3.35,8,2,6,3,16,0.0,0.0,2.0,2.0,2.0,1.0,1.0,5.0,5.0,0.0,-3.0,-4.0,1.0,0.0,0.0,0.0,1.0,2.0,-1.0,20.0,46.7,13.3,53.3,10.0,6.0,18.0,7.0,1429.7,1469.2
2023-04-30,2022,Cadiz,Valencia,2,1,H,O,3.02,3.19,2.49,4,4,5,6,17,0.0,1.0,3.0,2.0,0.0,3.0,-3.0,5.0,5.0,0.0,-5.0,-2.0,-3.0,0.0,1.0,-1.0,2.0,1.0,1.0,25.0,37.5,13.3,66.7,10.0,8.0,21.0,15.0,1486.0,1476.7
2023-04-29,2022,Real Madrid,Almeria,4,2,H,O,1.16,8.52,16.07,12,3,7,0,16,2.0,1.0,1.0,1.0,10.0,5.0,5.0,3.0,5.0,-2.0,7.0,0.0,7.0,2.0,0.0,2.0,0.0,0.0,0.0,66.7,6.7,6.7,66.7,26.0,14.0,23.0,9.0,1724.1,1482.2
2023-04-29,2022,Elche,Vallecano,4,0,H,O,4.66,3.54,1.83,9,3,3,8,16,0.0,0.0,2.0,2.0,1.0,2.0,-1.0,7.0,6.0,1.0,-6.0,-4.0,-2.0,0.0,0.0,0.0,2.0,1.0,1.0,6.7,66.7,26.7,40.0,13.0,7.0,32.0,13.0,1371.8,1503.8
2023-04-29,2022,Barcelona,Betis,4,0,H,O,1.34,5.22,9.1,8,1,10,0,16,2.0,0.0,0.0,2.0,3.0,3.0,0.0,1.0,5.0,-4.0,2.0,-2.0,4.0,0.0,0.0,0.0,0.0,0.0,0.0,80.0,0.0,40.0,40.0,14.0,11.0,23.0,18.0,1751.0,1581.3
2023-04-28,2022,Osasuna,Sociedad,0,2,A,U,3.84,3.01,2.22,1,8,4,2,16,2.0,0.0,1.0,2.0,5.0,0.0,5.0,6.0,4.0,2.0,-1.0,-4.0,3.0,0.0,0.0,0.0,1.0,2.0,-1.0,53.3,40.0,50.0,31.2,13.0,10.0,21.0,10.0,1520.5,1598.2
2023-04-27,2022,Villarreal,Espanol,4,2,H,O,1.6,4.05,5.75,13,4,9,2,15,1.0,0.0,1.0,3.0,4.0,3.0,1.0,3.0,8.0,-5.0,1.0,-5.0,6.0,1.0,0.0,1.0,0.0,2.0,-2.0,57.1,28.6,20.0,46.7,15.0,8.0,14.0,19.0,1579.1,1435.8
2023-04-27,2022,Valencia,Valladolid,2,1,H,O,1.75,3.77,4.77,5,2,6,2,16,1.0,1.0,1.0,1.0,2.0,3.0,-1.0,3.0,8.0,-5.0,-1.0,-5.0,4.0,0.0,0.0,0.0,1.0,1.0,0.0,40.0,40.0,20.0,66.7,11.0,10.0,31.0,9.0,1466.8,1465.8
2023-04-27,2022,Ath Bilbao,Sevilla,0,1,A,U,1.79,3.65,4.69,2,1,8,2,16,1.0,2.0,1.0,1.0,2.0,4.0,-2.0,1.0,2.0,-1.0,1.0,2.0,-1.0,1.0,2.0,-1.0,0.0,1.0,-1.0,46.7,33.3,26.7,46.7,13.0,12.0,23.0,7.0,1561.5,1590.3
2023-04-26,2022,Vallecano,Barcelona,2,1,H,O,4.9,3.72,1.75,6,5,3,9,16,1.0,2.0,1.0,0.0,5.0,5.0,0.0,5.0,0.0,5.0,0.0,5.0,-5.0,0.0,1.0,-1.0,0.0,0.0,0.0,40.0,26.7,80.0,13.3,9.0,11.0,13.0,11.0,1487.2,1767.7
2023-04-26,2022,Getafe,Almeria,1,2,A,O,1.89,3.44,4.44,9,11,4,6,16,2.0,0.0,0.0,2.0,5.0,4.0,1.0,2.0,6.0,-4.0,3.0,-2.0,5.0,1.0,0.0,1.0,0.0,0.0,0.0,33.3,33.3,0.0,71.4,11.0,8.0,8.0,7.0,1479.5,1472.0
2023-04-26,2022,Celta,Elche,1,0,H,U,1.33,5.16,10.21,9,1,10,6,16,1.0,0.0,1.0,3.0,5.0,1.0,4.0,3.0,6.0,-3.0,2.0,-5.0,7.0,1.0,0.0,1.0,0.0,2.0,-2.0,33.3,33.3,6.7,73.3,14.0,9.0,14.0,9.0,1512.9,1378.1
2023-04-26,2022,Ath Madrid,Mallorca,3,1,H,O,1.42,4.25,9.22,9,2,5,8,16,3.0,1.0,0.0,1.0,6.0,4.0,2.0,1.0,4.0,-3.0,5.0,0.0,5.0,1.0,0.0,1.0,0.0,0.0,0.0,60.0,20.0,26.7,53.3,20.0,9.0,18.0,11.0,1698.1,1491.8
2023-04-25,2022,Girona,Real Madrid,4,2,H,O,5.45,4.39,1.58,5,3,3,8,16,2.0,1.0,1.0,1.0,4.0,3.0,1.0,2.0,2.0,0.0,2.0,1.0,1.0,1.0,1.0,0.0,0.0,0.0,0.0,53.3,26.7,66.7,26.7,12.0,19.0,9.0,13.0,1482.8,1740.4
2023-04-25,2022,Cadiz,Osasuna,0,1,A,U,2.37,3.14,3.33,4,4,11,2,16,0.0,0.0,2.0,2.0,2.0,1.0,1.0,6.0,3.0,3.0,-4.0,-2.0,-2.0,0.0,0.0,0.0,2.0,0.0,2.0,26.7,33.3,20.0,33.3,10.0,6.0,12.0,9.0,1495.6,1511.0
2023-04-25,2022,Betis,Sociedad,0,0,D,U,2.84,3.22,2.65,1,3,2,4,16,2.0,0.0,1.0,2.0,4.0,1.0,3.0,3.0,5.0,-2.0,1.0,-4.0,5.0,1.0,0.0,1.0,1.0,2.0,-1.0,53.3,26.7,53.3,33.3,14.0,9.0,13.0,8.0,1580.8,1598.7
2023-04-23,2022,Sevilla,Villarreal,2,1,H,O,2.82,3.38,2.53,4,5,5,3,15,1.0,3.0,1.0,0.0,6.0,8.0,-2.0,6.0,2.0,4.0,0.0,6.0,-6.0,0.0,2.0,-2.0,0.0,0.0,0.0,35.7,35.7,40.0,40.0,15.0,20.0,24.0,18.0,1580.1,1589.4
2023-04-23,2022,Mallorca,Getafe,3,1,H,O,2.35,2.81,3.79,4,1,2,2,15,0.0,0.0,1.0,1.0,1.0,2.0,-1.0,2.0,4.0,-2.0,-1.0,-2.0,1.0,0.0,0.0,0.0,0.0,1.0,-1.0,42.9,28.6,14.3,50.0,6.0,15.0,11.0,11.0,1481.5,1489.7
2023-04-23,2022,Elche,Valencia,0,2,A,U,4.35,3.5,1.89,1,3,11,6,15,0.0,0.0,2.0,3.0,3.0,1.0,2.0,8.0,6.0,2.0,-5.0,-5.0,0.0,0.0,0.0,0.0,1.0,1.0,0.0,7.1,64.3,7.1,71.4,14.0,6.0,24.0,11.0,1386.1,1458.8
2023-04-23,2022,Barcelona,Ath Madrid,1,0,H,U,1.97,3.43,4.09,4,3,3,3,15,2.0,2.0,0.0,0.0,3.0,4.0,-1.0,1.0,2.0,-1.0,2.0,2.0,0.0,0.0,0.0,0.0,0.0,0.0,0.0,78.6,0.0,64.3,14.3,14.0,10.0,25.0,9.0,1759.2,1706.6
2023-04-22,2022,Valladolid,Girona,1,0,H,U,2.47,3.42,2.87,6,6,5,7,15,1.0,0.0,1.0,1.0,6.0,4.0,2.0,7.0,5.0,2.0,-1.0,-1.0,0.0,0.0,0.0,0.0,1.0,0.0,1.0,42.9,35.7,14.3,50.0,14.0,11.0,12.0,10.0,1454.7,1493.9
2023-04-22,2022,Sociedad,Vallecano,2,1,H,O,1.67,3.65,5.81,1,2,3,3,15,2.0,0.0,0.0,2.0,4.0,1.0,3.0,0.0,5.0,-5.0,4.0,-4.0,8.0,2.0,0.0,2.0,0.0,1.0,-1.0,50.0,21.4,28.6,35.7,13.0,7.0,12.0,16.0,1591.5,1494.4
2023-04-22,2022,Real Madrid,Celta,2,0,H,U,1.37,5.25,8.16,5,2,8,3,15,2.0,1.0,1.0,0.0,11.0,5.0,6.0,4.0,3.0,1.0,7.0,2.0,5.0,2.0,1.0,1.0,0.0,0.0,0.0,64.3,7.1,28.6,42.9,28.0,8.0,22.0,8.0,1736.0,1517.3
2023-04-22,2022,Osasuna,Betis,3,2,H,O,2.64,3.12,2.9,5,6,5,13,15,1.0,1.0,1.0,1.0,2.0,4.0,-2.0,4.0,4.0,0.0,-2.0,0.0,-2.0,0.0,0.0,0.0,1.0,0.0,1.0,50.0,42.9,42.9,35.7,13.0,14.0,22.0,8.0,1498.3,1593.5
2023-04-22,2022,Almeria,Ath Bilbao,1,2,A,O,4.11,3.68,1.88,4,3,3,4,16,1.0,2.0,1.0,0.0,3.0,5.0,-2.0,4.0,2.0,2.0,-1.0,3.0,-4.0,0.0,1.0,-1.0,1.0,0.0,1.0,53.3,33.3,35.7,35.7,9.0,16.0,10.0,25.0,1479.9,1553.6
2023-04-21,2022,Espanol,Cadiz,0,0,D,U,2.08,3.32,3.84,5,2,6,3,15,1.0,1.0,2.0,0.0,4.0,3.0,1.0,6.0,1.0,5.0,-2.0,2.0,-4.0,0.0,1.0,-1.0,1.0,0.0,1.0,21.4,50.0,21.4,50.0,8.0,10.0,12.0,8.0,1434.0,1497.4
2023-04-17,2022,Celta,Mallorca,0,1,A,U,1.81,3.33,5.21,3,2,7,5,15,2.0,0.0,0.0,2.0,8.0,4.0,4.0,2.0,6.0,-4.0,6.0,-2.0,8.0,2.0,0.0,2.0,0.0,0.0,0.0,35.7,28.6,21.4,57.1,15.0,11.0,12.0,10.0,1529.0,1469.8
2023-04-16,2022,Valencia,Sevilla,0,2,A,U,2.19,3.27,3.57,3,3,6,2,15,2.0,1.0,0.0,2.0,3.0,3.0,0.0,1.0,8.0,-7.0,2.0,-5.0,7.0,0.0,1.0,-1.0,0.0,2.0,-2.0,42.9,35.7,21.4,50.0,11.0,10.0,32.0,8.0,1465.8,1573.1
2023-04-16,2022,Girona,Elche,2,0,H,U,1.53,4.28,6.34,4,5,3,4,15,2.0,1.0,1.0,2.0,8.0,2.0,6.0,4.0,4.0,0.0,4.0,-2.0,6.0,1.0,0.0,1.0,0.0,1.0,-1.0,50.0,28.6,7.1,71.4,16.0,10.0,7.0,12.0,1486.5,1393.5
2023-04-16,2022,Getafe,Barcelona,0,0,D,U,6.13,3.87,1.61,1,3,1,5,15,3.0,2.0,0.0,1.0,6.0,5.0,1.0,2.0,1.0,1.0,4.0,4.0,0.0,1.0,1.0,0.0,0.0,0.0,0.0,35.7,35.7,85.7,14.3,16.0,9.0,11.0,13.0,1483.0,1765.9
2023-04-16,2022,Ath Madrid,Almeria,2,1,H,O,1.23,6.35,13.07,7,0,9,2,15,3.0,0.0,0.0,2.0,10.0,5.0,5.0,1.0,10.0,-9.0,9.0,-5.0,14.0,2.0,0.0,2.0,0.0,1.0,-1.0,57.1,21.4,0.0,69.2,21.0,12.0,16.0,12.0,1702.2,1484.3
2023-04-15,2022,Villarreal,Valladolid,1,2,A,O,1.43,4.87,7.17,7,7,8,5,14,2.0,0.0,0.0,2.0,5.0,1.0,4.0,2.0,10.0,-8.0,3.0,-9.0,12.0,1.0,0.0,1.0,0.0,2.0,-2.0,61.5,23.1,14.3,71.4,13.0,6.0,12.0,8.0,1603.7,1440.3
2023-04-15,2022,Cadiz,Real Madrid,0,2,A,U,5.78,4.26,1.57,3,11,2,9,15,1.0,1.0,1.0,1.0,3.0,3.0,0.0,4.0,2.0,2.0,-1.0,1.0,-2.0,0.0,1.0,-1.0,1.0,0.0,1.0,28.6,28.6,64.3,28.6,10.0,14.0,14.0,9.0,1501.6,1731.8
2023-04-15,2022,Betis,Espanol,3,1,H,O,1.85,3.54,4.56,8,4,4,13,15,1.0,0.0,1.0,3.0,1.0,3.0,-2.0,2.0,7.0,-5.0,-1.0,-4.0,3.0,0.0,0.0,0.0,1.0,1.0,0.0,50.0,28.6,21.4,42.9,10.0,6.0,14.0,12.0,1587.5,1440.0
2023-04-15,2022,Ath Bilbao,Sociedad,2,0,H,U,2.28,3.16,3.5,5,4,5,2,15,0.0,0.0,2.0,2.0,2.0,1.0,1.0,4.0,4.0,0.0,-2.0,-3.0,1.0,0.0,0.0,0.0,0.0,1.0,-1.0,42.9,35.7,57.1,28.6,11.0,8.0,29.0,14.0,1541.8,1603.2
2023-04-14,2022,Vallecano,Osasuna,2,1,H,O,2.21,3.11,3.73,3,4,2,3,15,0.0,1.0,1.0,1.0,3.0,3.0,0.0,4.0,3.0,1.0,-1.0,0.0,-1.0,0.0,0.0,0.0,0.0,0.0,0.0,35.7,28.6,21.4,28.6,8.0,6.0,18.0,8.0,1483.7,1509.0
2023-04-10,2022,Barcelona,Girona,0,0,D,U,1.3,5.62,10.2,3,0,12,2,14,3.0,1.0,0.0,1.0,5.0,7.0,-2.0,1.0,7.0,-6.0,4.0,0.0,4.0,1.0,0.0,1.0,0.0,0.0,0.0,84.6,0.0,15.4,53.8,16.0,15.0,18.0,11.0,1772.8,1479.6
2023-04-09,2022,Vallecano,Ath Madrid,1,2,A,O,4.45,3.45,1.89,3,4,8,2,14,0.0,2.0,0.0,0.0,3.0,3.0,0.0,3.0,1.0,2.0,0.0,2.0,-2.0,0.0,0.0,0.0,0.0,0.0,0.0,38.5,23.1,61.5,15.4,10.0,8.0,17.0,12.0,1488.3,1697.6
2023-04-09,2022,Valladolid,Mallorca,3,3,D,O,2.57,2.91,3.2,6,6,1,2,14,1.0,0.0,1.0,3.0,3.0,1.0,2.0,4.0,5.0,-1.0,-1.0,-4.0,3.0,0.0,0.0,0.0,1.0,1.0,0.0,46.2,38.5,23.1,61.5,13.0,5.0,21.0,10.0,1439.4,1470.7
2023-04-09,2022,Betis,Cadiz,0,2,A,U,1.67,3.74,5.64,3,4,5,6,14,2.0,0.0,0.0,1.0,3.0,1.0,2.0,1.0,3.0,-2.0,2.0,-2.0,4.0,0.0,0.0,0.0,0.0,1.0,-1.0,53.8,23.1,15.4,53.8,17.0,10.0,13.0,8.0,1600.6,1488.5
2023-04-09,2022,Almeria,Valencia,2,1,H,O,3.03,3.34,2.41,4,4,3,7,15,1.0,0.0,1.0,3.0,2.0,0.0,2.0,3.0,5.0,-2.0,-1.0,-5.0,4.0,0.0,0.0,0.0,1.0,1.0,0.0,50.0,35.7,7.7,69.2,9.0,5.0,11.0,9.0,1474.3,1475.9
2023-04-08,2022,Sociedad,Getafe,2,0,H,U,1.7,3.44,6.1,6,4,3,2,14,1.0,0.0,0.0,1.0,3.0,3.0,0.0,1.0,4.0,-3.0,2.0,-1.0,3.0,1.0,0.0,1.0,0.0,0.0,0.0,46.2,23.1,15.4,46.2,10.0,14.0,12.0,15.0,1596.2,1490.0
2023-04-08,2022,Real Madrid,Villarreal,2,3,A,O,1.53,4.51,5.93,4,8,6,7,14,2.0,2.0,0.0,1.0,10.0,7.0,3.0,2.0,4.0,-2.0,8.0,3.0,5.0,2.0,2.0,0.0,0.0,1.0,-1.0,69.2,0.0,35.7,42.9,31.0,16.0,23.0,15.0,1746.0,1589.5
2023-04-08,2022,Osasuna,Elche,2,1,H,O,1.77,3.54,5.13,6,1,9,2,14,0.0,1.0,2.0,2.0,0.0,1.0,-1.0,5.0,6.0,-1.0,-5.0,-5.0,0.0,0.0,0.0,0.0,2.0,2.0,0.0,46.2,46.2,7.7,69.2,11.0,9.0,18.0,14.0,1501.9,1400.6
2023-04-08,2022,Espanol,Ath Bilbao,1,2,A,O,3.48,3.22,2.24,2,7,8,7,14,1.0,1.0,2.0,1.0,5.0,3.0,2.0,7.0,2.0,5.0,-2.0,1.0,-3.0,0.0,1.0,-1.0,1.0,0.0,1.0,23.1,46.2,30.8,38.5,12.0,11.0,8.0,23.0,1447.5,1534.3
2023-04-07,2022,Sevilla,Celta,2,2,D,O,2.19,3.36,3.47,2,4,8,3,14,2.0,1.0,1.0,0.0,6.0,4.0,2.0,4.0,2.0,2.0,2.0,2.0,0.0,1.0,1.0,0.0,0.0,0.0,0.0,38.5,38.5,30.8,46.2,19.0,8.0,24.0,12.0,1574.4,1527.6
2023-04-03,2022,Valencia,Vallecano,1,1,D,U,2.12,3.21,3.81,4,2,13,3,14,2.0,0.0,1.0,2.0,3.0,1.0,2.0,2.0,5.0,-3.0,1.0,-4.0,5.0,0.0,0.0,0.0,0.0,1.0,-1.0,46.2,38.5,30.8,38.5,15.0,9.0,26.0,19.0,1475.5,1488.7
2023-04-02,2022,Villarreal,Sociedad,2,0,H,U,2.4,3.21,3.16,4,3,4,4,13,1.0,1.0,1.0,1.0,3.0,4.0,-1.0,3.0,4.0,-1.0,0.0,0.0,0.0,0.0,0.0,0.0,0.0,0.0,0.0,58.3,25.0,61.5,23.1,11.0,10.0,14.0,13.0,1578.7,1607.0
2023-04-02,2022,Real Madrid,Valladolid,6,0,H,O,1.21,7.2,13.22,17,2,9,1,13,2.0,0.0,0.0,2.0,8.0,2.0,6.0,2.0,6.0,-4.0,6.0,-4.0,10.0,2.0,0.0,2.0,0.0,1.0,-1.0,66.7,0.0,15.4,69.2,27.0,7.0,20.0,13.0,1743.0,1442.5
2023-04-02,2022,Celta,Almeria,2,2,D,O,1.57,4.17,6.01,5,3,4,1,14,2.0,0.0,1.0,3.0,6.0,3.0,3.0,1.0,10.0,-9.0,5.0,-7.0,12.0,2.0,0.0,2.0,0.0,2.0,-2.0,38.5,30.8,0.0,75.0,13.0,14.0,15.0,18.0,1529.2,1472.7
2023-04-02,2022,Ath Madrid,Betis,1,0,H,U,1.54,4.17,6.47,7,2,5,1,14,3.0,2.0,0.0,0.0,10.0,7.0,3.0,1.0,5.0,-4.0,9.0,2.0,7.0,2.0,0.0,2.0,0.0,0.0,0.0,53.8,23.1,46.2,30.8,19.0,19.0,17.0,9.0,1689.9,1608.3
2023-04-01,2022,Girona,Espanol,2,1,H,O,1.94,3.46,4.15,4,1,5,2,14,2.0,1.0,1.0,2.0,7.0,3.0,4.0,3.0,5.0,-2.0,4.0,-2.0,6.0,1.0,0.0,1.0,0.0,1.0,-1.0,46.2,30.8,23.1,38.5,20.0,9.0,10.0,15.0,1470.0,1457.2
2023-04-01,2022,Elche,Barcelona,0,4,A,O,9.44,5.16,1.34,2,6,11,3,14,0.0,2.0,2.0,1.0,3.0,2.0,1.0,5.0,1.0,4.0,-2.0,1.0,-3.0,0.0,0.0,0.0,0.0,0.0,0.0,7.7,61.5,84.6,15.4,17.0,7.0,23.0,12.0,1402.8,1770.6
2023-04-01,2022,Cadiz,Sevilla,0,2,A,U,3.37,3.13,2.34,3,5,8,4,14,2.0,0.0,0.0,2.0,5.0,2.0,3.0,2.0,9.0,-7.0,3.0,-7.0,10.0,1.0,0.0,1.0,0.0,2.0,-2.0,30.8,23.1,15.4,53.8,10.0,7.0,11.0,7.0,1496.5,1566.4
2023-04-01,2022,Ath Bilbao,Getafe,0,0,D,U,1.62,3.68,6.48,3,1,13,3,14,1.0,0.0,2.0,1.0,6.0,4.0,2.0,5.0,5.0,0.0,1.0,-1.0,2.0,1.0,0.0,1.0,0.0,0.0,0.0,46.2,38.5,16.7,50.0,17.0,14.0,16.0,12.0,1535.6,1488.7
2023-03-31,2022,Mallorca,Osasuna,0,0,D,U,2.23,2.87,4.02,1,2,2,3,14,1.0,1.0,1.0,1.0,5.0,3.0,2.0,4.0,3.0,1.0,1.0,0.0,1.0,1.0,0.0,1.0,0.0,0.0,0.0,46.2,30.8,23.1,30.8,10.0,8.0,13.0,9.0,1469.8,1502.8
2023-03-19,2022,Sociedad,Elche,2,0,H,U,1.4,4.66,8.9,4,3,5,3,13,0.0,1.0,1.0,2.0,1.0,1.0,0.0,2.0,7.0,-5.0,-1.0,-6.0,5.0,0.0,0.0,0.0,0.0,2.0,-2.0,41.7,25.0,8.3,66.7,10.0,7.0,7.0,13.0,1602.1,1407.7
2023-03-19,2022,Osasuna,Villarreal,0,3,A,O,3.09,3.19,2.46,2,6,7,1,13,0.0,1.0,2.0,2.0,0.0,5.0,-5.0,3.0,7.0,-4.0,-3.0,-2.0,-1.0,0.0,1.0,-1.0,1.0,2.0,-1.0,50.0,41.7,30.8,46.2,13.0,12.0,16.0,24.0,1511.1,1570.4
2023-03-19,2022,Getafe,Sevilla,2,0,H,U,2.99,3.03,2.63,4,4,4,1,14,2.0,0.0,0.0,2.0,5.0,2.0,3.0,3.0,10.0,-7.0,2.0,-8.0,10.0,0.0,0.0,0.0,0.0,2.0,-2.0,30.8,38.5,16.7,50.0,16.0,4.0,12.0,9.0,1475.8,1579.3
2023-03-19,2022,Betis,Mallorca,1,0,H,U,1.86,3.31,4.9,3,1,4,4,13,1.0,0.0,1.0,3.0,5.0,1.0,4.0,5.0,6.0,-1.0,0.0,-5.0,5.0,0.0,0.0,0.0,0.0,2.0,-2.0,50.0,25.0,25.0,58.3,21.0,6.0,14.0,8.0,1601.8,1476.3
2023-03-19,2022,Barcelona,Real Madrid,2,1,H,O,2.19,3.54,3.3,7,3,8,1,13,3.0,1.0,0.0,1.0,6.0,2.0,4.0,0.0,1.0,-1.0,6.0,1.0,5.0,2.0,1.0,1.0,0.0,0.0,0.0,83.3,0.0,69.2,23.1,16.0,12.0,18.0,20.0,1760.8,1752.7
2023-03-18,2022,Vallecano,Girona,2,2,D,O,2.08,3.39,3.72,3,4,3,5,13,1.0,1.0,0.0,2.0,3.0,5.0,-2.0,1.0,7.0,-6.0,2.0,-2.0,4.0,1.0,0.0,1.0,0.0,1.0,-1.0,41.7,25.0,16.7,58.3,18.0,12.0,17.0,12.0,1489.3,1469.4
2023-03-18,2022,Espanol,Celta,1,3,A,O,2.88,3.19,2.6,3,4,4,1,13,1.0,1.0,1.0,0.0,5.0,5.0,0.0,5.0,4.0,1.0,0.0,1.0,-1.0,0.0,0.0,0.0,0.0,0.0,0.0,25.0,41.7,25.0,50.0,13.0,11.0,8.0,16.0,1465.6,1520.8
2023-03-18,2022,Ath Madrid,Valencia,3,0,H,O,1.57,3.95,6.53,6,1,4,2,13,2.0,0.0,0.0,3.0,8.0,0.0,8.0,2.0,3.0,-1.0,6.0,-3.0,9.0,1.0,0.0,1.0,0.0,0.0,0.0,50.0,25.0,8.3,66.7,17.0,8.0,21.0,11.0,1685.2,1480.2
2023-03-18,2022,Almeria,Cadiz,1,1,D,U,2.08,3.4,3.71,5,4,5,2,14,1.0,0.0,2.0,2.0,3.0,1.0,2.0,5.0,6.0,-1.0,-2.0,-5.0,3.0,0.0,0.0,0.0,1.0,2.0,-1.0,53.8,38.5,16.7,58.3,13.0,9.0,14.0,9.0,1471.9,1497.2
2023-03-17,2022,Valladolid,Ath Bilbao,1,3,A,O,4.27,3.69,1.86,3,6,2,9,13,2.0,1.0,0.0,1.0,3.0,2.0,1.0,1.0,2.0,-1.0,2.0,0.0,2.0,0.0,0.0,0.0,0.0,0.0,0.0,50.0,33.3,25.0,41.7,16.0,8.0,23.0,15.0,1450.3,1527.8
2023-03-13,2022,Girona,Ath Madrid,0,1,A,U,3.65,3.37,2.1,4,4,1,3,13,2.0,2.0,1.0,0.0,7.0,3.0,4.0,3.0,1.0,2.0,4.0,2.0,2.0,1.0,0.0,1.0,0.0,0.0,0.0,50.0,25.0,58.3,16.7,18.0,9.0,13.0,13.0,1474.1,1680.5
2023-03-12,2022,Villarreal,Betis,1,1,D,U,1.98,3.62,3.75,4,3,2,4,12,1.0,3.0,2.0,0.0,2.0,7.0,-5.0,3.0,4.0,-1.0,-1.0,3.0,-4.0,0.0,0.0,0.0,0.0,0.0,0.0,63.6,27.3,50.0,33.3,10.0,18.0,17.0,6.0,1569.5,1602.7
2023-03-12,2022,Sevilla,Almeria,2,1,H,O,1.74,3.76,4.89,5,5,6,4,13,2.0,0.0,1.0,2.0,7.0,4.0,3.0,3.0,10.0,-7.0,4.0,-6.0,10.0,2.0,0.0,2.0,0.0,2.0,-2.0,33.3,41.7,0.0,72.7,22.0,12.0,23.0,16.0,1571.9,1479.3
2023-03-12,2022,Mallorca,Sociedad,1,1,D,U,3.47,2.91,2.42,2,2,3,2,13,2.0,1.0,1.0,1.0,5.0,3.0,2.0,3.0,3.0,0.0,2.0,0.0,2.0,1.0,0.0,1.0,0.0,0.0,0.0,50.0,33.3,66.7,25.0,9.0,11.0,11.0,14.0,1472.7,1605.7
2023-03-12,2022,Ath Bilbao,Barcelona,0,1,A,U,3.49,3.34,2.18,5,2,5,3,13,1.0,2.0,2.0,1.0,6.0,3.0,3.0,6.0,2.0,4.0,0.0,1.0,-1.0,1.0,0.0,1.0,1.0,0.0,1.0,50.0,33.3,83.3,16.7,15.0,8.0,23.0,15.0,1532.1,1756.5
2023-03-11,2022,Valencia,Osasuna,1,0,H,U,2.1,3.2,3.89,4,0,12,3,13,1.0,1.0,1.0,0.0,4.0,4.0,0.0,4.0,3.0,1.0,0.0,1.0,-1.0,0.0,0.0,0.0,0.0,0.0,0.0,41.7,41.7,25.0,25.0,17.0,11.0,20.0,9.0,1468.7,1522.7
2023-03-11,2022,Real Madrid,Espanol,3,1,H,O,1.26,6.0,11.6,7,3,7,4,12,2.0,1.0,0.0,2.0,7.0,3.0,4.0,1.0,5.0,-4.0,6.0,-2.0,8.0,2.0,0.0,2.0,0.0,1.0,-1.0,63.6,0.0,25.0,33.3,27.0,9.0,19.0,13.0,1749.4,1468.9
2023-03-11,2022,Elche,Valladolid,1,1,D,U,2.67,3.29,2.73,10,1,10,3,13,1.0,1.0,2.0,2.0,5.0,2.0,3.0,5.0,5.0,0.0,0.0,-3.0,3.0,1.0,0.0,1.0,0.0,1.0,-1.0,8.3,66.7,16.7,75.0,14.0,8.0,19.0,14.0,1406.4,1451.5
2023-03-11,2022,Celta,Vallecano,3,0,H,O,2.11,3.19,3.9,6,3,3,7,13,2.0,1.0,1.0,1.0,4.0,2.0,2.0,1.0,2.0,-1.0,3.0,0.0,3.0,1.0,0.0,1.0,0.0,0.0,0.0,33.3,33.3,33.3,33.3,10.0,9.0,14.0,16.0,1511.2,1498.9
2023-03-10,2022,Cadiz,Getafe,2,2,D,O,2.52,2.85,3.38,4,10,2,6,13,3.0,0.0,0.0,2.0,5.0,2.0,3.0,0.0,4.0,-4.0,5.0,-2.0,7.0,2.0,0.0,2.0,0.0,0.0,0.0,33.3,25.0,18.2,54.5,10.0,7.0,15.0,8.0,1497.9,1475.1
2023-03-06,2022,Osasuna,Celta,0,0,D,U,2.81,3.06,2.77,5,0,6,4,12,1.0,1.0,2.0,1.0,1.0,5.0,-4.0,3.0,5.0,-2.0,-2.0,0.0,-2.0,0.0,0.0,0.0,1.0,0.0,1.0,54.5,45.5,27.3,54.5,12.0,14.0,13.0,18.0,1523.0,1510.8
2023-03-05,2022,Vallecano,Ath Bilbao,0,0,D,U,3.04,3.13,2.53,2,3,7,9,12,1.0,1.0,1.0,2.0,3.0,2.0,1.0,3.0,3.0,0.0,0.0,-1.0,1.0,1.0,0.0,1.0,1.0,0.0,1.0,45.5,27.3,27.3,45.5,18.0,5.0,13.0,11.0,1497.9,1533.1
2023-03-05,2022,Valladolid,Espanol,2,1,H,O,2.55,3.21,2.93,5,2,9,6,12,1.0,2.0,1.0,1.0,1.0,4.0,-3.0,1.0,4.0,-3.0,0.0,0.0,0.0,0.0,0.0,0.0,0.0,1.0,-1.0,45.5,36.4,27.3,27.3,13.0,11.0,18.0,8.0,1440.4,1480.0
2023-03-05,2022,Betis,Real Madrid,0,0,D,U,4.58,3.88,1.76,4,5,5,3,12,1.0,2.0,2.0,1.0,6.0,4.0,2.0,7.0,1.0,6.0,-1.0,3.0,-4.0,0.0,2.0,-2.0,0.0,0.0,0.0,54.5,27.3,75.0,25.0,18.0,11.0,10.0,19.0,1598.6,1753.6
2023-03-05,2022,Barcelona,Valencia,1,0,H,U,1.53,4.33,6.25,4,1,5,2,12,3.0,0.0,0.0,3.0,6.0,0.0,6.0,0.0,4.0,-4.0,6.0,-4.0,10.0,2.0,0.0,2.0,0.0,1.0,-1.0,81.8,0.0,9.1,63.6,16.0,7.0,17.0,15.0,1753.2,1472.0
2023-03-04,2022,Mallorca,Elche,0,1,A,U,1.71,3.39,6.09,3,6,6,7,12,3.0,0.0,0.0,2.0,6.0,1.0,5.0,2.0,8.0,-6.0,4.0,-7.0,11.0,1.0,0.0,1.0,0.0,2.0,-2.0,54.5,27.3,0.0,72.7,9.0,6.0,9.0,12.0,1485.3,1393.8
2023-03-04,2022,Getafe,Girona,3,2,H,O,2.79,2.96,2.89,6,7,3,3,13,1.0,1.0,1.0,2.0,2.0,3.0,-1.0,2.0,5.0,-3.0,0.0,-2.0,2.0,0.0,0.0,0.0,0.0,1.0,-1.0,25.0,41.7,18.2,54.5,11.0,6.0,15.0,11.0,1464.5,1484.7
2023-03-04,2022,Ath Madrid,Sevilla,6,1,H,O,1.7,3.65,5.46,8,1,7,3,12,2.0,0.0,0.0,2.0,5.0,2.0,3.0,1.0,6.0,-5.0,4.0,-4.0,8.0,1.0,0.0,1.0,0.0,1.0,-1.0,45.5,27.3,18.2,45.5,17.0,5.0,18.0,8.0,1673.1,1579.3
2023-03-04,2022,Almeria,Villarreal,0,2,A,U,3.43,3.66,2.09,0,6,2,10,13,2.0,0.0,1.0,2.0,6.0,4.0,2.0,4.0,8.0,-4.0,2.0,-4.0,6.0,1.0,0.0,1.0,0.0,2.0,-2.0,58.3,33.3,25.0,50.0,20.0,7.0,14.0,17.0,1487.2,1561.6
2023-03-03,2022,Sociedad,Cadiz,0,0,D,U,1.53,3.93,7.47,3,2,4,0,12,1.0,0.0,1.0,3.0,4.0,1.0,3.0,3.0,7.0,-4.0,1.0,-6.0,7.0,1.0,0.0,1.0,0.0,2.0,-2.0,45.5,27.3,18.2,63.6,12.0,8.0,7.0,10.0,1608.9,1494.7
2023-02-27,2022,Villarreal,Getafe,2,1,H,O,1.68,3.68,5.67,5,3,6,6,11,1.0,0.0,2.0,2.0,1.0,2.0,-1.0,2.0,4.0,-2.0,-1.0,-2.0,1.0,0.0,0.0,0.0,0.0,0.0,0.0,60.0,30.0,20.0,50.0,14.0,6.0,14.0,6.0,1553.9,1472.2
2023-02-26,2022,Sevilla,Osasuna,2,3,A,O,1.88,3.46,4.51,8,4,10,2,12,3.0,0.0,0.0,0.0,6.0,2.0,4.0,0.0,2.0,-2.0,6.0,0.0,6.0,2.0,0.0,2.0,0.0,0.0,0.0,36.4,36.4,18.2,27.3,23.0,11.0,21.0,9.0,1591.5,1510.7
2023-02-26,2022,Celta,Valladolid,3,0,H,O,1.68,3.77,5.49,4,3,5,4,12,1.0,1.0,1.0,2.0,2.0,2.0,0.0,2.0,5.0,-3.0,0.0,-3.0,3.0,0.0,0.0,0.0,0.0,1.0,-1.0,27.3,36.4,18.2,72.7,14.0,6.0,23.0,11.0,1502.3,1448.9
2023-02-26,2022,Ath Bilbao,Girona,2,3,A,O,1.69,3.78,5.29,3,4,11,3,12,1.0,0.0,1.0,2.0,4.0,2.0,2.0,3.0,5.0,-2.0,1.0,-3.0,4.0,1.0,0.0,1.0,1.0,1.0,0.0,54.5,27.3,10.0,60.0,15.0,7.0,26.0,10.0,1545.2,1472.6
2023-02-26,2022,Almeria,Barcelona,1,0,H,U,6.87,4.9,1.44,4,1,4,7,12,1.0,3.0,1.0,0.0,6.0,4.0,2.0,5.0,1.0,4.0,1.0,3.0,-2.0,1.0,0.0,1.0,0.0,0.0,0.0,54.5,36.4,90.9,9.1,19.0,10.0,13.0,10.0,1470.2,1770.2
2023-02-25,2022,Valencia,Sociedad,1,0,H,U,3.09,3.2,2.46,3,3,7,8,12,0.0,2.0,2.0,0.0,3.0,5.0,-2.0,5.0,2.0,3.0,-2.0,3.0,-5.0,0.0,1.0,-1.0,0.0,0.0,0.0,36.4,45.5,72.7,18.2,16.0,15.0,26.0,10.0,1457.5,1623.3
2023-02-25,2022,Real Madrid,Ath Madrid,1,1,D,U,1.82,3.65,4.6,7,2,7,4,11,2.0,2.0,0.0,0.0,6.0,3.0,3.0,0.0,1.0,-1.0,6.0,2.0,4.0,2.0,0.0,2.0,0.0,0.0,0.0,70.0,0.0,63.6,18.2,27.0,13.0,22.0,13.0,1756.0,1670.7
2023-02-25,2022,Espanol,Mallorca,2,1,H,O,2.58,2.93,3.19,3,4,0,4,12,1.0,0.0,1.0,3.0,4.0,0.0,4.0,4.0,5.0,-1.0,0.0,-5.0,5.0,0.0,0.0,0.0,0.0,2.0,-2.0,18.2,45.5,27.3,54.5,12.0,4.0,15.0,5.0,1469.3,1496.0
2023-02-25,2022,Cadiz,Vallecano,1,0,H,U,2.99,2.96,2.7,3,2,4,6,12,2.0,2.0,0.0,0.0,5.0,3.0,2.0,1.0,1.0,0.0,4.0,2.0,2.0,2.0,0.0,2.0,0.0,0.0,0.0,27.3,27.3,36.4,27.3,10.0,13.0,14.0,18.0,1484.0,1508.6
2023-02-24,2022,Elche,Betis,2,3,A,O,3.7,3.41,2.09,2,9,3,3,12,1.0,2.0,1.0,1.0,4.0,4.0,0.0,3.0,3.0,0.0,1.0,1.0,0.0,1.0,0.0,1.0,0.0,0.0,0.0,9.1,63.6,45.5,36.4,16.0,13.0,23.0,7.0,1398.8,1593.6
2023-02-20,2022,Getafe,Valencia,1,0,H,U,2.83,2.91,2.87,6,3,4,5,12,0.0,0.0,2.0,3.0,2.0,0.0,2.0,4.0,4.0,0.0,-2.0,-4.0,2.0,0.0,0.0,0.0,0.0,1.0,-1.0,18.2,45.5,10.0,60.0,7.0,6.0,16.0,17.0,1462.1,1467.7
2023-02-19,2022,Vallecano,Sevilla,1,1,D,U,2.5,3.15,3.07,5,2,7,3,11,1.0,0.0,2.0,2.0,3.0,2.0,1.0,4.0,6.0,-2.0,-1.0,-4.0,3.0,1.0,0.0,1.0,1.0,1.0,0.0,50.0,30.0,20.0,50.0,16.0,8.0,11.0,11.0,1506.1,1594.0
2023-02-19,2022,Elche,Espanol,0,1,A,U,2.89,3.14,2.63,5,4,10,5,11,1.0,1.0,1.0,1.0,4.0,4.0,0.0,3.0,5.0,-2.0,1.0,-1.0,2.0,1.0,0.0,1.0,0.0,1.0,-1.0,10.0,60.0,20.0,30.0,16.0,8.0,21.0,5.0,1407.2,1460.8
2023-02-19,2022,Barcelona,Cadiz,2,0,H,U,1.19,7.09,14.96,5,4,5,6,11,2.0,1.0,0.0,2.0,5.0,2.0,3.0,1.0,5.0,-4.0,4.0,-3.0,7.0,1.0,0.0,1.0,0.0,1.0,-1.0,80.0,0.0,20.0,60.0,17.0,6.0,22.0,6.0,1766.9,1487.3
2023-02-19,2022,Ath Madrid,Ath Bilbao,1,0,H,U,2.05,3.27,4.0,5,2,6,5,11,1.0,1.0,1.0,2.0,4.0,3.0,1.0,2.0,5.0,-3.0,2.0,-2.0,4.0,1.0,0.0,1.0,0.0,1.0,-1.0,40.0,30.0,30.0,40.0,17.0,5.0,19.0,8.0,1663.8,1552.1
2023-02-18,2022,Sociedad,Celta,1,1,D,U,1.8,3.44,5.03,3,4,3,7,11,2.0,2.0,1.0,1.0,5.0,5.0,0.0,2.0,4.0,-2.0,3.0,1.0,2.0,2.0,0.0,2.0,0.0,0.0,0.0,50.0,30.0,30.0,60.0,11.0,17.0,7.0,15.0,1626.8,1498.8
2023-02-18,2022,Osasuna,Real Madrid,0,2,A,U,4.54,3.64,1.82,4,6,5,5,11,1.0,1.0,2.0,2.0,2.0,3.0,-1.0,3.0,3.0,0.0,-1.0,0.0,-1.0,0.0,1.0,-1.0,0.0,0.0,0.0,60.0,40.0,72.7,27.3,11.0,8.0,10.0,19.0,1514.8,1752.0
2023-02-18,2022,Mallorca,Villarreal,4,2,H,O,3.34,2.94,2.47,5,4,4,4,11,3.0,1.0,0.0,1.0,3.0,3.0,0.0,0.0,4.0,-4.0,3.0,-1.0,4.0,0.0,0.0,0.0,0.0,1.0,-1.0,50.0,30.0,27.3,45.5,8.0,6.0,11.0,20.0,1483.7,1566.2
2023-02-18,2022,Betis,Valladolid,2,1,H,O,1.63,3.9,5.77,10,3,4,6,11,0.0,1.0,2.0,2.0,4.0,1.0,3.0,6.0,4.0,2.0,-2.0,-3.0,1.0,0.0,0.0,0.0,0.0,1.0,-1.0,50.0,30.0,20.0,70.0,13.0,4.0,8.0,7.0,1587.3,1455.3
2023-02-17,2022,Girona,Almeria,6,2,H,O,1.84,3.65,4.41,8,4,1,7,12,2.0,0.0,1.0,1.0,3.0,3.0,0.0,2.0,5.0,-3.0,1.0,-2.0,3.0,0.0,0.0,0.0,0.0,1.0,-1.0,45.5,27.3,0.0,70.0,17.0,17.0,17.0,11.0,1462.1,1480.8
2023-02-15,2022,Real Madrid,Elche,4,0,H,O,1.2,7.12,14.67,13,0,6,4,10,2.0,0.0,0.0,2.0,4.0,1.0,3.0,1.0,6.0,-5.0,3.0,-5.0,8.0,1.0,0.0,1.0,0.0,2.0,-2.0,66.7,0.0,0.0,70.0,19.0,7.0,23.0,13.0,1749.5,1409.7
2023-02-13,2022,Espanol,Sociedad,2,3,A,O,3.45,3.1,2.31,6,5,4,3,11,1.0,2.0,0.0,0.0,4.0,4.0,0.0,3.0,0.0,3.0,1.0,4.0,-3.0,0.0,2.0,-2.0,0.0,0.0,0.0,20.0,40.0,70.0,20.0,12.0,16.0,16.0,9.0,1466.6,1621.0
2023-02-12,2022,Villarreal,Barcelona,0,1,A,U,4.2,3.85,1.83,2,4,6,2,10,2.0,3.0,1.0,0.0,3.0,4.0,-1.0,2.0,1.0,1.0,1.0,3.0,-2.0,0.0,0.0,0.0,0.0,0.0,0.0,66.7,22.2,90.0,10.0,17.0,8.0,14.0,12.0,1571.2,1761.9
2023-02-12,2022,Valladolid,Osasuna,0,0,D,U,2.8,3.06,2.76,5,4,10,4,11,1.0,0.0,2.0,0.0,1.0,2.0,-1.0,3.0,2.0,1.0,-2.0,0.0,-2.0,0.0,0.0,0.0,1.0,0.0,1.0,50.0,40.0,20.0,30.0,12.0,8.0,13.0,6.0,1453.5,1516.6
2023-02-12,2022,Getafe,Vallecano,1,1,D,U,2.87,2.83,2.92,4,4,5,6,11,1.0,2.0,2.0,0.0,3.0,4.0,-1.0,3.0,2.0,1.0,0.0,2.0,-2.0,1.0,0.0,1.0,0.0,0.0,0.0,20.0,50.0,40.0,30.0,9.0,13.0,15.0,16.0,1460.7,1507.5
2023-02-12,2022,Celta,Ath Madrid,0,1,A,U,3.58,3.21,2.2,3,2,7,5,11,1.0,1.0,0.0,1.0,3.0,2.0,1.0,2.0,2.0,0.0,1.0,0.0,1.0,0.0,0.0,0.0,0.0,0.0,0.0,30.0,30.0,60.0,20.0,16.0,16.0,21.0,13.0,1504.7,1658.0
2023-02-11,2022,Valencia,Ath Bilbao,1,2,A,O,3.01,3.25,2.48,8,3,7,1,11,1.0,0.0,1.0,2.0,5.0,1.0,4.0,3.0,4.0,-1.0,2.0,-3.0,5.0,1.0,0.0,1.0,0.0,1.0,-1.0,40.0,40.0,22.2,44.4,15.0,2.0,24.0,13.0,1475.7,1544.0
2023-02-11,2022,Sevilla,Mallorca,2,0,H,U,1.97,3.15,4.57,6,0,8,2,11,3.0,0.0,0.0,3.0,6.0,0.0,6.0,1.0,5.0,-4.0,5.0,-5.0,10.0,1.0,0.0,1.0,0.0,2.0,-2.0,30.0,40.0,30.0,50.0,22.0,4.0,17.0,5.0,1586.7,1491.0
2023-02-11,2022,Almeria,Betis,2,3,A,O,2.91,3.35,2.48,9,7,8,2,11,1.0,2.0,1.0,1.0,4.0,3.0,1.0,4.0,2.0,2.0,0.0,1.0,-1.0,1.0,0.0,1.0,1.0,0.0,1.0,60.0,30.0,40.0,40.0,11.0,9.0,9.0,12.0,1488.2,1579.8
2023-02-10,2022,Cadiz,Girona,2,0,H,U,3.06,3.18,2.5,3,1,5,6,11,1.0,1.0,0.0,1.0,4.0,4.0,0.0,2.0,4.0,-2.0,2.0,0.0,2.0,1.0,0.0,1.0,0.0,0.0,0.0,20.0,30.0,11.1,55.6,13.0,9.0,12.0,9.0,1477.5,1471.9
2023-02-06,2022,Vallecano,Almeria,2,0,H,U,1.75,3.73,4.88,11,5,3,7,10,0.0,0.0,2.0,1.0,1.0,3.0,-2.0,4.0,5.0,-1.0,-3.0,-2.0,-1.0,0.0,0.0,0.0,1.0,1.0,0.0,44.4,33.3,0.0,66.7,8.0,13.0,13.0,5.0,1497.5,1498.2
2023-02-05,2022,Sociedad,Valladolid,0,1,A,U,1.43,4.4,8.29,4,2,0,4,10,2.0,0.0,0.0,3.0,6.0,0.0,6.0,2.0,7.0,-5.0,4.0,-7.0,11.0,2.0,0.0,2.0,0.0,2.0,-2.0,55.6,22.2,11.1,77.8,11.0,2.0,8.0,5.0,1636.2,1438.3
2023-02-05,2022,Mallorca,Real Madrid,1,0,H,U,5.05,3.63,1.75,1,1,1,12,10,3.0,2.0,0.0,1.0,3.0,5.0,-2.0,0.0,2.0,-2.0,3.0,3.0,0.0,0.0,2.0,-2.0,0.0,0.0,0.0,44.4,33.3,80.0,20.0,10.0,15.0,12.0,16.0,1474.1,1766.3
2023-02-05,2022,Girona,Valencia,1,0,H,U,2.22,3.34,3.4,8,4,8,4,11,1.0,0.0,1.0,3.0,4.0,1.0,3.0,4.0,5.0,-1.0,0.0,-4.0,4.0,0.0,0.0,0.0,0.0,1.0,-1.0,40.0,30.0,11.1,55.6,16.0,6.0,11.0,15.0,1461.2,1486.5
2023-02-05,2022,Barcelona,Sevilla,3,0,H,O,1.33,5.39,9.7,7,1,8,3,10,2.0,0.0,0.0,1.0,4.0,3.0,1.0,1.0,4.0,-3.0,3.0,-1.0,4.0,1.0,0.0,1.0,0.0,0.0,0.0,77.8,0.0,22.2,44.4,23.0,13.0,23.0,12.0,1756.3,1592.3
2023-02-04,2022,Espanol,Osasuna,1,1,D,U,2.58,3.05,3.03,4,3,4,3,10,1.0,0.0,1.0,1.0,3.0,1.0,2.0,3.0,3.0,0.0,0.0,-2.0,2.0,0.0,0.0,0.0,0.0,1.0,-1.0,22.2,44.4,22.2,33.3,14.0,8.0,16.0,5.0,1465.1,1518.1
2023-02-04,2022,Elche,Villarreal,3,1,H,O,5.22,3.87,1.69,7,2,6,10,10,0.0,1.0,2.0,1.0,2.0,2.0,0.0,4.0,2.0,2.0,-2.0,0.0,-2.0,0.0,0.0,0.0,0.0,0.0,0.0,0.0,66.7,30.0,40.0,11.0,7.0,17.0,12.0,1394.7,1586.2
2023-02-04,2022,Betis,Celta,3,4,A,O,2.22,3.16,3.65,7,7,5,5,10,0.0,1.0,1.0,1.0,2.0,1.0,1.0,3.0,1.0,2.0,-1.0,0.0,-1.0,0.0,0.0,0.0,0.0,0.0,0.0,55.6,22.2,22.2,66.7,10.0,13.0,4.0,13.0,1592.7,1491.8
2023-02-04,2022,Ath Madrid,Getafe,1,1,D,U,1.42,4.24,9.63,4,1,8,0,10,2.0,0.0,1.0,3.0,5.0,1.0,4.0,1.0,4.0,-3.0,4.0,-3.0,7.0,2.0,0.0,2.0,0.0,0.0,0.0,44.4,33.3,22.2,55.6,17.0,8.0,14.0,12.0,1663.4,1455.4
2023-02-03,2022,Ath Bilbao,Cadiz,4,1,H,O,1.37,4.69,9.68,9,3,0,3,11,1.0,1.0,1.0,2.0,3.0,2.0,1.0,2.0,3.0,-1.0,1.0,-1.0,2.0,1.0,0.0,1.0,1.0,0.0,1.0,50.0,30.0,22.2,55.6,12.0,8.0,36.0,4.0,1535.4,1486.1
2023-02-02,2022,Real Madrid,Valencia,2,0,H,U,1.43,4.92,7.06,7,0,6,6,9,1.0,0.0,0.0,2.0,3.0,2.0,1.0,2.0,4.0,-2.0,1.0,-2.0,3.0,0.0,0.0,0.0,0.0,0.0,0.0,62.5,0.0,12.5,50.0,18.0,9.0,24.0,20.0,1762.9,1489.9
2023-02-01,2022,Betis,Barcelona,1,2,A,O,5.09,4.05,1.67,1,3,1,6,9,0.0,3.0,1.0,0.0,2.0,4.0,-2.0,3.0,1.0,2.0,-1.0,3.0,-4.0,0.0,0.0,0.0,0.0,0.0,0.0,62.5,12.5,88.9,11.1,13.0,8.0,10.0,11.0,1598.6,1750.4
2023-01-30,2022,Villarreal,Vallecano,0,1,A,U,1.7,3.84,5.13,3,3,5,4,9,3.0,2.0,0.0,0.0,5.0,4.0,1.0,2.0,2.0,0.0,3.0,2.0,1.0,0.0,0.0,0.0,0.0,0.0,0.0,75.0,12.5,33.3,33.3,22.0,15.0,14.0,18.0,1599.4,1484.3
2023-01-29,2022,Valladolid,Valencia,1,0,H,U,3.16,3.26,2.38,6,2,4,7,10,1.0,0.0,2.0,1.0,2.0,3.0,-1.0,4.0,4.0,0.0,-2.0,-1.0,-1.0,0.0,0.0,0.0,1.0,0.0,1.0,44.4,44.4,14.3,42.9,17.0,12.0,17.0,19.0,1426.2,1502.1
2023-01-29,2022,Real Madrid,Sociedad,0,0,D,U,1.71,3.93,4.96,7,3,10,3,8,2.0,3.0,0.0,0.0,6.0,6.0,0.0,3.0,1.0,2.0,3.0,5.0,-2.0,1.0,2.0,-1.0,0.0,0.0,0.0,71.4,0.0,77.8,22.2,17.0,22.0,18.0,7.0,1766.6,1632.5
2023-01-29,2022,Osasuna,Ath Madrid,0,1,A,U,3.58,3.23,2.2,4,5,5,4,10,2.0,0.0,1.0,2.0,4.0,3.0,1.0,2.0,5.0,-3.0,2.0,-2.0,4.0,1.0,0.0,1.0,0.0,0.0,0.0,66.7,33.3,55.6,22.2,17.0,18.0,6.0,12.0,1524.5,1657.0
2023-01-29,2022,Celta,Ath Bilbao,1,0,H,U,2.9,3.05,2.7,3,0,2,5,10,0.0,0.0,1.0,2.0,3.0,2.0,1.0,4.0,5.0,-1.0,-1.0,-3.0,2.0,0.0,0.0,0.0,0.0,1.0,-1.0,22.2,33.3,25.0,37.5,18.0,9.0,21.0,9.0,1479.9,1547.3
2023-01-28,2022,Sevilla,Elche,3,0,H,O,1.52,4.13,6.93,8,1,5,2,10,2.0,0.0,1.0,2.0,4.0,2.0,2.0,3.0,5.0,-2.0,1.0,-3.0,4.0,0.0,0.0,0.0,0.0,1.0,-1.0,22.2,44.4,0.0,66.7,17.0,8.0,14.0,15.0,1587.2,1399.8
2023-01-28,2022,Girona,Barcelona,0,1,A,U,5.27,4.31,1.61,2,3,4,2,10,2.0,3.0,0.0,0.0,6.0,4.0,2.0,4.0,1.0,3.0,2.0,3.0,-1.0,0.0,0.0,0.0,0.0,0.0,0.0,44.4,22.2,87.5,12.5,24.0,7.0,14.0,19.0,1464.5,1747.1
2023-01-28,2022,Getafe,Betis,0,1,A,U,3.15,2.89,2.63,1,2,6,1,10,1.0,1.0,1.0,2.0,3.0,2.0,1.0,2.0,5.0,-3.0,1.0,-3.0,4.0,1.0,0.0,1.0,0.0,1.0,-1.0,22.2,44.4,33.3,44.4,10.0,8.0,14.0,16.0,1461.8,1592.1
2023-01-28,2022,Cadiz,Mallorca,2,0,H,U,2.89,2.8,2.94,4,2,6,2,10,1.0,1.0,0.0,2.0,5.0,2.0,3.0,4.0,3.0,1.0,1.0,-1.0,2.0,0.0,1.0,-1.0,0.0,1.0,-1.0,11.1,33.3,33.3,44.4,16.0,7.0,11.0,5.0,1475.8,1484.4
2023-01-27,2022,Almeria,Espanol,3,1,H,O,2.4,3.18,3.23,7,3,2,2,10,1.0,1.0,1.0,0.0,2.0,4.0,-2.0,3.0,3.0,0.0,-1.0,1.0,-2.0,0.0,0.0,0.0,1.0,0.0,1.0,55.6,33.3,22.2,22.2,7.0,7.0,14.0,5.0,1488.6,1474.7
2023-01-23,2022,Valencia,Almeria,2,2,D,O,1.61,4.13,5.46,6,3,6,2,10,1.0,0.0,2.0,2.0,3.0,2.0,1.0,2.0,5.0,-3.0,1.0,-3.0,4.0,1.0,0.0,1.0,0.0,1.0,-1.0,44.4,44.4,0.0,75.0,11.0,14.0,21.0,7.0,1502.5,1488.2
2023-01-22,2022,Villarreal,Girona,1,0,H,U,1.75,3.95,4.54,9,1,3,2,8,2.0,1.0,1.0,0.0,4.0,5.0,-1.0,4.0,4.0,0.0,0.0,1.0,-1.0,0.0,0.0,0.0,1.0,0.0,1.0,71.4,14.3,12.5,50.0,15.0,10.0,16.0,8.0,1592.8,1471.1
2023-01-22,2022,Elche,Osasuna,1,1,D,U,3.62,3.29,2.16,4,4,7,2,9,0.0,1.0,3.0,1.0,1.0,2.0,-1.0,4.0,3.0,1.0,-3.0,-1.0,-2.0,0.0,0.0,0.0,0.0,1.0,-1.0,0.0,75.0,25.0,37.5,12.0,8.0,16.0,6.0,1396.1,1528.1
2023-01-22,2022,Barcelona,Getafe,1,0,H,U,1.18,7.33,17.65,4,3,4,2,9,2.0,1.0,0.0,2.0,7.0,2.0,5.0,1.0,3.0,-2.0,6.0,-1.0,7.0,2.0,0.0,2.0,0.0,0.0,0.0,75.0,0.0,25.0,50.0,26.0,8.0,20.0,12.0,1743.7,1465.1
2023-01-22,2022,Ath Bilbao,Real Madrid,0,2,A,U,2.91,3.47,2.43,3,4,12,2,10,2.0,1.0,0.0,2.0,4.0,5.0,-1.0,0.0,5.0,-5.0,4.0,0.0,4.0,1.0,1.0,0.0,0.0,0.0,0.0,55.6,22.2,77.8,22.2,16.0,13.0,30.0,19.0,1551.9,1762.0
2023-01-21,2022,Vallecano,Sociedad,0,2,A,U,3.14,3.16,2.45,2,7,3,4,9,1.0,2.0,1.0,1.0,4.0,4.0,0.0,4.0,2.0,2.0,0.0,2.0,-2.0,0.0,1.0,-1.0,0.0,0.0,0.0,50.0,25.0,75.0,25.0,13.0,17.0,14.0,13.0,1490.5,1626.2
2023-01-21,2022,Sevilla,Cadiz,1,0,H,U,1.7,3.73,5.3,9,1,8,1,9,1.0,1.0,2.0,1.0,3.0,2.0,1.0,4.0,2.0,2.0,-1.0,0.0,-1.0,0.0,0.0,0.0,0.0,0.0,0.0,12.5,50.0,25.0,50.0,12.0,11.0,12.0,8.0,1579.9,1483.1
2023-01-21,2022,Espanol,Betis,1,0,H,U,2.79,3.16,2.72,2,4,7,4,9,0.0,2.0,1.0,1.0,4.0,4.0,0.0,5.0,4.0,1.0,-1.0,0.0,-1.0,0.0,1.0,-1.0,0.0,1.0,-1.0,12.5,50.0,37.5,37.5,17.0,8.0,14.0,15.0,1460.8,1606.1
2023-01-21,2022,Ath Madrid,Valladolid,3,0,H,O,1.38,4.8,8.75,8,1,4,1,9,1.0,0.0,1.0,3.0,3.0,0.0,3.0,2.0,6.0,-4.0,1.0,-6.0,7.0,1.0,0.0,1.0,0.0,2.0,-2.0,37.5,37.5,12.5,75.0,16.0,3.0,22.0,12.0,1652.6,1430.5
2023-01-20,2022,Mallorca,Celta,1,0,H,U,2.85,2.76,3.06,3,3,4,6,9,2.0,1.0,0.0,1.0,3.0,2.0,1.0,1.0,3.0,-2.0,2.0,-1.0,3.0,0.0,0.0,0.0,0.0,1.0,-1.0,37.5,37.5,25.0,62.5,12.0,13.0,12.0,11.0,1473.9,1490.4
2023-01-16,2022,Cadiz,Elche,1,1,D,U,1.94,3.38,4.29,3,5,3,6,9,1.0,0.0,0.0,2.0,4.0,3.0,1.0,3.0,6.0,-3.0,1.0,-3.0,4.0,0.0,0.0,0.0,0.0,1.0,-1.0,12.5,37.5,0.0,75.0,16.0,7.0,12.0,12.0,1485.7,1393.5
2023-01-15,2022,Getafe,Espanol,1,2,A,O,2.54,3.02,3.14,2,4,5,1,9,1.0,0.0,0.0,0.0,4.0,3.0,1.0,2.0,3.0,-1.0,2.0,0.0,2.0,1.0,0.0,1.0,0.0,0.0,0.0,25.0,37.5,12.5,25.0,12.0,5.0,16.0,8.0,1475.9,1450.0
2023-01-15,2022,Almeria,Ath Madrid,1,1,D,U,4.84,3.84,1.73,3,6,3,4,9,2.0,1.0,1.0,2.0,4.0,4.0,0.0,3.0,5.0,-2.0,1.0,-1.0,2.0,1.0,0.0,1.0,1.0,0.0,1.0,62.5,37.5,62.5,25.0,9.0,15.0,17.0,12.0,1483.6,1657.3
2023-01-14,2022,Valladolid,Vallecano,0,1,A,U,2.78,3.25,2.66,2,6,4,8,9,2.0,1.0,1.0,0.0,3.0,4.0,-1.0,3.0,3.0,0.0,0.0,1.0,-1.0,0.0,0.0,0.0,1.0,0.0,1.0,50.0,37.5,25.0,37.5,17.0,13.0,17.0,14.0,1439.3,1481.8
2023-01-14,2022,Sociedad,Ath Bilbao,3,1,H,O,2.45,3.19,3.12,5,2,4,2,9,1.0,0.0,1.0,2.0,3.0,1.0,2.0,3.0,6.0,-3.0,0.0,-5.0,5.0,1.0,0.0,1.0,1.0,1.0,0.0,50.0,25.0,28.6,28.6,13.0,10.0,9.0,9.0,1617.9,1560.3
2023-01-14,2022,Osasuna,Mallorca,1,0,H,U,2.06,3.12,4.21,4,2,3,1,9,2.0,2.0,1.0,1.0,4.0,4.0,0.0,2.0,3.0,-1.0,2.0,1.0,1.0,1.0,1.0,0.0,0.0,1.0,-1.0,62.5,37.5,37.5,37.5,18.0,10.0,12.0,7.0,1519.2,1482.9
2023-01-14,2022,Girona,Sevilla,2,1,H,O,2.42,3.34,3.03,7,2,5,2,9,1.0,0.0,0.0,1.0,5.0,3.0,2.0,4.0,5.0,-1.0,1.0,-2.0,3.0,0.0,0.0,0.0,0.0,1.0,-1.0,37.5,25.0,25.0,37.5,18.0,13.0,12.0,13.0,1457.4,1593.7
2023-01-13,2022,Celta,Villarreal,1,1,D,U,2.81,3.31,2.6,8,1,14,3,9,0.0,1.0,1.0,2.0,3.0,1.0,2.0,4.0,4.0,0.0,-1.0,-3.0,2.0,0.0,0.0,0.0,0.0,1.0,-1.0,25.0,37.5,33.3,44.4,15.0,7.0,17.0,9.0,1487.4,1595.8
2023-01-09,2022,Ath Bilbao,Osasuna,0,0,D,U,1.68,3.69,5.6,3,1,14,1,9,2.0,1.0,1.0,1.0,4.0,3.0,1.0,1.0,4.0,-3.0,3.0,-1.0,4.0,1.0,0.0,1.0,0.0,1.0,-1.0,62.5,25.0,28.6,42.9,16.0,9.0,22.0,10.0,1561.5,1517.9
2023-01-08,2022,Vallecano,Betis,1,2,A,O,2.34,3.28,3.22,3,3,5,7,8,2.0,1.0,0.0,1.0,8.0,2.0,6.0,3.0,3.0,0.0,5.0,-1.0,6.0,1.0,1.0,0.0,0.0,1.0,-1.0,57.1,14.3,28.6,42.9,21.0,8.0,19.0,17.0,1488.7,1599.2
2023-01-08,2022,Sevilla,Getafe,2,1,H,O,1.77,3.46,5.27,5,2,4,4,8,0.0,1.0,2.0,1.0,2.0,2.0,0.0,4.0,2.0,2.0,-2.0,0.0,-2.0,0.0,0.0,0.0,0.0,0.0,0.0,0.0,57.1,28.6,42.9,12.0,7.0,19.0,8.0,1586.6,1483.0
2023-01-08,2022,Ath Madrid,Barcelona,0,1,A,U,3.1,3.46,2.33,5,2,7,4,8,1.0,2.0,0.0,1.0,4.0,4.0,0.0,2.0,4.0,-2.0,2.0,0.0,2.0,1.0,0.0,1.0,0.0,1.0,-1.0,42.9,28.6,85.7,14.3,15.0,10.0,18.0,18.0,1665.3,1735.7
2023-01-08,2022,Almeria,Sociedad,0,2,A,U,4.06,3.4,1.99,1,6,4,2,8,3.0,2.0,0.0,1.0,7.0,4.0,3.0,3.0,3.0,0.0,4.0,1.0,3.0,1.0,0.0,1.0,0.0,0.0,0.0,71.4,28.6,71.4,28.6,15.0,17.0,17.0,17.0,1490.2,1611.2
2023-01-07,2022,Villarreal,Real Madrid,2,1,H,O,3.34,3.83,2.09,5,3,6,5,7,2.0,2.0,1.0,1.0,4.0,7.0,-3.0,4.0,3.0,1.0,0.0,4.0,-4.0,0.0,2.0,-2.0,1.0,0.0,1.0,66.7,16.7,87.5,12.5,15.0,17.0,20.0,16.0,1580.7,1777.1
2023-01-07,2022,Mallorca,Valladolid,1,0,H,U,1.96,3.34,4.26,4,1,6,2,8,1.0,0.0,1.0,3.0,2.0,0.0,2.0,2.0,6.0,-4.0,0.0,-6.0,6.0,0.0,0.0,0.0,0.0,2.0,-2.0,28.6,42.9,14.3,71.4,13.0,4.0,7.0,14.0,1473.6,1448.6
2023-01-07,2022,Espanol,Girona,2,2,D,O,2.3,3.41,3.17,6,5,5,2,8,1.0,1.0,1.0,1.0,3.0,5.0,-2.0,3.0,5.0,-2.0,0.0,0.0,0.0,0.0,0.0,0.0,0.0,0.0,0.0,14.3,57.1,14.3,57.1,14.0,10.0,15.0,11.0,1449.8,1457.6
2023-01-06,2022,Valencia,Cadiz,0,1,A,U,1.59,4.08,5.94,2,2,13,2,9,1.0,0.0,2.0,2.0,4.0,2.0,2.0,3.0,7.0,-4.0,1.0,-5.0,6.0,1.0,0.0,1.0,0.0,1.0,-1.0,50.0,37.5,14.3,57.1,12.0,9.0,13.0,7.0,1513.6,1474.6
2023-01-06,2022,Elche,Celta,0,1,A,U,4.07,3.28,2.03,5,7,8,4,8,0.0,0.0,3.0,2.0,1.0,2.0,-1.0,6.0,7.0,-1.0,-5.0,-5.0,0.0,0.0,0.0,0.0,1.0,2.0,-1.0,0.0,71.4,14.3,71.4,10.0,11.0,16.0,14.0,1401.3,1479.6
2022-12-31,2022,Villarreal,Valencia,2,1,H,O,1.97,3.45,4.09,8,4,5,2,6,2.0,1.0,1.0,0.0,4.0,4.0,0.0,3.0,3.0,0.0,1.0,1.0,0.0,1.0,0.0,1.0,1.0,0.0,1.0,60.0,20.0,16.7,33.3,16.0,15.0,23.0,22.0,1572.1,1522.2
2022-12-31,2022,Sociedad,Osasuna,2,0,H,U,1.9,3.42,4.46,2,3,3,2,8,1.0,1.0,1.0,1.0,2.0,3.0,-1.0,3.0,4.0,-1.0,-1.0,-1.0,0.0,0.0,0.0,0.0,1.0,1.0,0.0,42.9,28.6,33.3,33.3,18.0,9.0,16.0,12.0,1603.4,1525.7
2022-12-31,2022,Barcelona,Espanol,1,1,D,U,1.25,6.43,11.21,6,1,10,2,8,3.0,0.0,0.0,1.0,9.0,2.0,7.0,0.0,3.0,-3.0,9.0,-1.0,10.0,3.0,0.0,3.0,0.0,0.0,0.0,85.7,0.0,14.3,28.6,25.0,7.0,18.0,8.0,1742.7,1442.8
2022-12-30,2022,Valladolid,Real Madrid,0,2,A,U,6.39,4.68,1.48,4,8,5,9,8,3.0,2.0,0.0,1.0,7.0,6.0,1.0,2.0,3.0,-1.0,5.0,3.0,2.0,1.0,1.0,0.0,0.0,0.0,0.0,57.1,28.6,85.7,14.3,20.0,13.0,15.0,11.0,1451.3,1774.4
2022-12-30,2022,Getafe,Mallorca,2,0,H,U,2.81,2.75,3.09,6,0,4,2,8,0.0,2.0,1.0,1.0,2.0,4.0,-2.0,3.0,2.0,1.0,-1.0,2.0,-3.0,0.0,1.0,-1.0,0.0,0.0,0.0,14.3,42.9,42.9,28.6,8.0,13.0,16.0,12.0,1472.7,1483.9
2022-12-30,2022,Celta,Sevilla,1,1,D,U,2.21,3.36,3.42,5,5,5,6,8,0.0,1.0,2.0,1.0,3.0,3.0,0.0,5.0,4.0,1.0,-2.0,-1.0,-1.0,0.0,0.0,0.0,0.0,1.0,-1.0,28.6,42.9,28.6,42.9,13.0,9.0,13.0,10.0,1476.4,1589.7
2022-12-30,2022,Cadiz,Almeria,1,1,D,U,2.37,3.18,3.27,6,9,3,2,8,1.0,0.0,0.0,3.0,5.0,2.0,3.0,4.0,7.0,-3.0,1.0,-5.0,6.0,0.0,0.0,0.0,0.0,2.0,-2.0,14.3,42.9,0.0,85.7,13.0,10.0,17.0,8.0,1474.1,1490.7
2022-12-29,2022,Girona,Vallecano,2,2,D,O,2.36,3.29,3.18,7,4,2,4,8,1.0,1.0,0.0,1.0,4.0,3.0,1.0,3.0,4.0,-1.0,1.0,-1.0,2.0,0.0,0.0,0.0,0.0,1.0,-1.0,42.9,28.6,28.6,42.9,17.0,13.0,16.0,16.0,1456.7,1489.6
2022-12-29,2022,Betis,Ath Bilbao,0,0,D,U,2.86,3.38,2.53,5,0,2,6,8,1.0,0.0,1.0,2.0,5.0,3.0,2.0,4.0,8.0,-4.0,1.0,-5.0,6.0,1.0,0.0,1.0,0.0,1.0,-1.0,71.4,14.3,33.3,33.3,14.0,14.0,17.0,7.0,1600.3,1560.4
2022-12-29,2022,Ath Madrid,Elche,2,0,H,U,1.29,5.67,11.24,4,1,3,5,7,1.0,0.0,0.0,1.0,4.0,5.0,-1.0,3.0,6.0,-3.0,1.0,-1.0,2.0,0.0,0.0,0.0,0.0,0.0,0.0,33.3,33.3,0.0,71.4,18.0,12.0,23.0,8.0,1661.5,1405.0
2022-11-10,2022,Vallecano,Celta,0,0,D,U,2.17,3.3,3.57,3,3,5,3,7,2.0,0.0,0.0,3.0,8.0,2.0,6.0,3.0,8.0,-5.0,5.0,-6.0,11.0,1.0,0.0,1.0,0.0,2.0,-2.0,66.7,16.7,16.7,83.3,21.0,11.0,18.0,14.0,1490.0,1476.0
2022-11-10,2022,Valencia,Betis,3,0,H,O,2.17,3.37,3.5,7,1,5,5,8,0.0,1.0,2.0,0.0,3.0,2.0,1.0,5.0,0.0,5.0,-2.0,2.0,-4.0,0.0,1.0,-1.0,0.0,0.0,0.0,42.9,42.9,33.3,33.3,13.0,8.0,14.0,13.0,1509.3,1613.2
2022-11-10,2022,Real Madrid,Cadiz,2,1,H,O,1.15,8.36,19.48,5,5,7,1,7,2.0,0.0,0.0,1.0,7.0,2.0,5.0,3.0,6.0,-3.0,4.0,-4.0,8.0,2.0,0.0,2.0,0.0,1.0,-1.0,66.7,0.0,16.7,50.0,16.0,6.0,13.0,8.0,1771.3,1477.2
2022-11-09,2022,Sevilla,Sociedad,1,2,A,O,2.6,3.19,2.91,3,9,2,1,7,0.0,2.0,1.0,1.0,2.0,7.0,-5.0,3.0,5.0,-2.0,-1.0,2.0,-3.0,0.0,1.0,-1.0,0.0,0.0,0.0,0.0,50.0,66.7,33.3,12.0,13.0,22.0,18.0,1599.9,1593.2
2022-11-09,2022,Mallorca,Ath Madrid,1,0,H,U,3.78,3.2,2.14,3,5,2,5,7,0.0,2.0,2.0,1.0,1.0,5.0,-4.0,3.0,4.0,-1.0,-2.0,1.0,-3.0,0.0,0.0,0.0,0.0,0.0,0.0,16.7,50.0,71.4,14.3,13.0,11.0,10.0,8.0,1468.6,1676.9
2022-11-09,2022,Espanol,Villarreal,0,1,A,U,3.09,3.3,2.4,6,3,4,7,7,1.0,0.0,0.0,3.0,5.0,0.0,5.0,4.0,5.0,-1.0,1.0,-5.0,6.0,0.0,0.0,0.0,0.0,1.0,-1.0,16.7,50.0,25.0,50.0,13.0,5.0,17.0,5.0,1449.6,1565.3
2022-11-09,2022,Almeria,Getafe,1,0,H,U,2.22,3.22,3.54,3,3,7,6,7,3.0,1.0,0.0,0.0,9.0,2.0,7.0,4.0,1.0,3.0,5.0,1.0,4.0,2.0,0.0,2.0,0.0,0.0,0.0,66.7,33.3,33.3,33.3,16.0,7.0,17.0,3.0,1480.7,1482.7
2022-11-08,2022,Osasuna,Barcelona,1,2,A,O,6.13,4.38,1.54,3,3,2,5,8,2.0,2.0,1.0,1.0,4.0,3.0,1.0,2.0,3.0,-1.0,2.0,0.0,2.0,1.0,0.0,1.0,0.0,1.0,-1.0,71.4,28.6,83.3,16.7,17.0,10.0,17.0,18.0,1530.4,1738.1
2022-11-08,2022,Elche,Girona,1,2,A,O,3.36,3.3,2.26,2,3,2,5,7,0.0,0.0,2.0,2.0,1.0,4.0,-3.0,5.0,6.0,-1.0,-4.0,-2.0,-2.0,0.0,0.0,0.0,1.0,0.0,1.0,0.0,66.7,0.0,66.7,10.0,11.0,19.0,9.0,1414.1,1447.6
2022-11-08,2022,Ath Bilbao,Valladolid,3,0,H,O,1.42,4.69,7.85,6,0,10,2,8,2.0,1.0,1.0,2.0,5.0,3.0,2.0,1.0,5.0,-4.0,4.0,-2.0,6.0,1.0,0.0,1.0,0.0,1.0,-1.0,57.1,28.6,16.7,66.7,14.0,11.0,23.0,14.0,1553.1,1458.6
2022-11-07,2022,Vallecano,Real Madrid,3,2,H,O,5.2,4.11,1.64,7,2,4,5,6,2.0,3.0,0.0,0.0,7.0,6.0,1.0,2.0,1.0,1.0,5.0,5.0,0.0,1.0,1.0,0.0,0.0,0.0,0.0,60.0,20.0,100.0,0.0,20.0,14.0,27.0,7.0,1472.8,1788.5
2022-11-06,2022,Villarreal,Mallorca,0,2,A,U,1.61,3.93,5.89,2,5,5,2,5,2.0,1.0,0.0,1.0,5.0,3.0,2.0,2.0,3.0,-1.0,3.0,0.0,3.0,1.0,0.0,1.0,0.0,0.0,0.0,75.0,0.0,33.3,33.3,21.0,12.0,24.0,17.0,1578.7,1455.1
2022-11-06,2022,Sociedad,Valencia,1,1,D,U,1.95,3.44,4.18,4,3,1,11,7,2.0,1.0,1.0,0.0,2.0,5.0,-3.0,2.0,4.0,-2.0,0.0,1.0,-1.0,0.0,0.0,0.0,1.0,0.0,1.0,50.0,33.3,20.0,40.0,19.0,17.0,24.0,15.0,1595.7,1506.8
2022-11-06,2022,Betis,Sevilla,1,1,D,U,2.18,3.31,3.54,4,6,1,4,7,2.0,1.0,1.0,1.0,6.0,3.0,3.0,4.0,4.0,0.0,2.0,-1.0,3.0,1.0,0.0,1.0,0.0,1.0,-1.0,83.3,16.7,33.3,50.0,13.0,4.0,18.0,10.0,1613.6,1599.5
2022-11-06,2022,Ath Madrid,Espanol,1,1,D,U,1.45,4.36,7.91,7,2,12,2,6,1.0,0.0,1.0,1.0,4.0,3.0,1.0,4.0,4.0,0.0,0.0,-1.0,1.0,0.0,0.0,0.0,0.0,0.0,0.0,40.0,40.0,16.7,33.3,16.0,11.0,19.0,9.0,1682.9,1443.6
2022-11-05,2022,Valladolid,Elche,2,1,H,O,1.82,3.72,4.42,11,2,8,4,7,2.0,0.0,0.0,1.0,5.0,5.0,0.0,1.0,6.0,-5.0,4.0,-1.0,5.0,1.0,0.0,1.0,0.0,0.0,0.0,50.0,33.3,0.0,66.7,12.0,12.0,10.0,7.0,1449.4,1423.3
2022-11-05,2022,Getafe,Cadiz,0,0,D,U,2.2,3.09,3.77,2,4,5,5,7,0.0,1.0,2.0,1.0,4.0,3.0,1.0,6.0,6.0,0.0,-2.0,-3.0,1.0,0.0,0.0,0.0,0.0,1.0,-1.0,16.7,50.0,20.0,60.0,12.0,3.0,15.0,5.0,1482.9,1477.0
2022-11-05,2022,Celta,Osasuna,1,2,A,O,2.14,3.34,3.61,5,4,2,3,7,1.0,0.0,1.0,1.0,3.0,2.0,1.0,3.0,4.0,-1.0,0.0,-2.0,2.0,0.0,0.0,0.0,0.0,1.0,-1.0,33.3,33.3,20.0,40.0,12.0,7.0,16.0,11.0,1485.0,1521.4
2022-11-05,2022,Barcelona,Almeria,2,0,H,U,1.1,10.92,25.93,13,1,9,1,7,3.0,0.0,0.0,3.0,8.0,2.0,6.0,0.0,9.0,-9.0,8.0,-7.0,15.0,2.0,0.0,2.0,0.0,2.0,-2.0,83.3,0.0,0.0,83.3,17.0,11.0,15.0,9.0,1734.2,1484.5
2022-11-04,2022,Girona,Ath Bilbao,2,1,H,O,3.84,3.55,1.99,10,7,7,1,7,0.0,0.0,1.0,1.0,5.0,3.0,2.0,7.0,7.0,0.0,-2.0,-4.0,2.0,0.0,0.0,0.0,1.0,1.0,0.0,33.3,33.3,40.0,20.0,15.0,11.0,11.0,13.0,1434.0,1566.7
2022-10-31,2022,Elche,Getafe,0,1,A,U,2.71,3.02,2.86,5,3,6,2,6,0.0,1.0,2.0,0.0,2.0,3.0,-1.0,8.0,1.0,7.0,-6.0,2.0,-8.0,0.0,1.0,-1.0,2.0,0.0,2.0,0.0,60.0,20.0,40.0,7.0,8.0,18.0,2.0,1432.1,1474.1
2022-10-30,2022,Sociedad,Betis,0,2,A,U,2.05,3.47,3.72,7,4,5,3,6,3.0,0.0,0.0,1.0,4.0,0.0,4.0,1.0,1.0,0.0,3.0,-1.0,4.0,0.0,0.0,0.0,0.0,0.0,0.0,60.0,20.0,20.0,40.0,18.0,8.0,23.0,13.0,1605.8,1603.6
2022-10-30,2022,Real Madrid,Girona,1,1,D,U,1.21,6.96,13.19,6,2,7,1,6,2.0,0.0,0.0,3.0,7.0,4.0,3.0,3.0,7.0,-4.0,4.0,-3.0,7.0,2.0,0.0,2.0,0.0,0.0,0.0,80.0,0.0,0.0,80.0,14.0,12.0,16.0,12.0,1796.4,1426.1
2022-10-30,2022,Osasuna,Valladolid,2,0,H,U,1.93,3.47,4.18,10,2,1,8,7,1.0,1.0,2.0,2.0,2.0,4.0,-2.0,4.0,5.0,-1.0,-2.0,-1.0,-1.0,0.0,0.0,0.0,1.0,0.0,1.0,66.7,33.3,20.0,60.0,11.0,13.0,24.0,18.0,1513.0,1457.8
2022-10-30,2022,Ath Bilbao,Villarreal,1,0,H,U,2.2,3.41,3.32,7,3,6,2,7,2.0,0.0,1.0,2.0,7.0,0.0,7.0,3.0,4.0,-1.0,4.0,-4.0,8.0,1.0,0.0,1.0,0.0,1.0,-1.0,50.0,33.3,28.6,42.9,14.0,8.0,19.0,8.0,1555.7,1589.7
2022-10-29,2022,Valencia,Barcelona,0,1,A,U,5.29,4.38,1.59,2,2,3,10,7,1.0,2.0,1.0,1.0,6.0,6.0,0.0,4.0,3.0,1.0,2.0,3.0,-1.0,1.0,1.0,0.0,0.0,1.0,-1.0,50.0,33.3,80.0,20.0,18.0,16.0,16.0,14.0,1511.2,1729.8
2022-10-29,2022,Sevilla,Vallecano,0,1,A,U,1.99,3.41,3.99,4,5,6,6,6,0.0,0.0,1.0,2.0,2.0,4.0,-2.0,4.0,7.0,-3.0,-2.0,-3.0,1.0,0.0,0.0,0.0,1.0,1.0,0.0,0.0,40.0,16.7,50.0,11.0,10.0,21.0,17.0,1613.7,1458.6
2022-10-29,2022,Cadiz,Ath Madrid,3,2,H,O,6.47,3.76,1.6,7,7,5,3,7,0.0,3.0,0.0,0.0,2.0,5.0,-3.0,2.0,1.0,1.0,0.0,4.0,-4.0,0.0,1.0,-1.0,0.0,0.0,0.0,0.0,50.0,83.3,0.0,8.0,10.0,18.0,12.0,1461.1,1698.8
2022-10-29,2022,Almeria,Celta,3,1,H,O,3.26,3.37,2.26,5,3,6,4,6,2.0,0.0,1.0,3.0,6.0,1.0,5.0,4.0,8.0,-4.0,2.0,-7.0,9.0,1.0,0.0,1.0,0.0,2.0,-2.0,60.0,40.0,20.0,80.0,13.0,10.0,16.0,14.0,1473.9,1495.6
2022-10-28,2022,Mallorca,Espanol,1,1,D,U,2.3,3.08,3.49,5,2,4,4,6,1.0,0.0,2.0,2.0,1.0,3.0,-2.0,2.0,5.0,-3.0,-1.0,-2.0,1.0,0.0,0.0,0.0,0.0,0.0,0.0,20.0,60.0,20.0,40.0,10.0,13.0,11.0,7.0,1455.5,1443.3
2022-10-24,2022,Celta,Getafe,1,1,D,U,1.79,3.5,4.99,5,1,10,0,6,2.0,1.0,1.0,1.0,5.0,3.0,2.0,2.0,5.0,-3.0,3.0,-2.0,5.0,1.0,1.0,0.0,0.0,1.0,-1.0,40.0,40.0,25.0,50.0,12.0,11.0,8.0,3.0,1496.3,1473.4
2022-10-23,2022,Villarreal,Almeria,2,1,H,O,1.38,5.04,8.53,5,4,10,4,4,2.0,0.0,0.0,3.0,7.0,1.0,6.0,1.0,8.0,-7.0,6.0,-7.0,13.0,2.0,0.0,2.0,0.0,2.0,-2.0,66.7,0.0,0.0,80.0,26.0,10.0,20.0,7.0,1582.6,1481.0
2022-10-23,2022,Girona,Osasuna,1,1,D,U,2.59,3.19,2.9,1,2,3,5,6,1.0,1.0,1.0,1.0,6.0,2.0,4.0,7.0,3.0,4.0,-1.0,-1.0,0.0,0.0,0.0,0.0,1.0,1.0,0.0,40.0,40.0,25.0,50.0,19.0,9.0,11.0,16.0,1423.5,1515.6
2022-10-23,2022,Espanol,Elche,2,2,D,O,1.7,3.87,5.04,5,4,5,3,6,1.0,0.0,1.0,2.0,5.0,3.0,2.0,5.0,7.0,-2.0,0.0,-4.0,4.0,0.0,0.0,0.0,0.0,1.0,-1.0,20.0,60.0,0.0,80.0,13.0,9.0,21.0,4.0,1443.6,1431.8
2022-10-23,2022,Betis,Ath Madrid,1,2,A,O,3.16,3.32,2.35,4,3,7,4,6,3.0,2.0,0.0,0.0,6.0,4.0,2.0,2.0,1.0,1.0,4.0,3.0,1.0,1.0,1.0,0.0,0.0,0.0,0.0,100.0,0.0,80.0,0.0,14.0,14.0,20.0,15.0,1611.3,1691.1
2022-10-23,2022,Barcelona,Ath Bilbao,4,0,H,O,1.56,4.47,5.68,7,3,1,2,6,3.0,1.0,0.0,0.0,7.0,7.0,0.0,0.0,4.0,-4.0,7.0,3.0,4.0,2.0,1.0,1.0,0.0,0.0,0.0,80.0,0.0,50.0,0.0,19.0,16.0,20.0,16.0,1724.2,1561.4
2022-10-22,2022,Vallecano,Cadiz,5,1,H,O,1.75,3.58,5.17,11,0,10,1,5,2.0,1.0,0.0,1.0,4.0,2.0,2.0,2.0,4.0,-2.0,2.0,-2.0,4.0,0.0,0.0,0.0,0.0,1.0,-1.0,50.0,25.0,25.0,50.0,15.0,3.0,24.0,6.0,1447.9,1471.8
2022-10-22,2022,Valladolid,Sociedad,1,0,H,U,3.62,3.42,2.11,2,2,4,10,6,1.0,2.0,1.0,1.0,4.0,8.0,-4.0,2.0,6.0,-4.0,2.0,2.0,0.0,1.0,1.0,0.0,0.0,0.0,0.0,40.0,40.0,80.0,20.0,16.0,17.0,14.0,15.0,1443.1,1620.5
2022-10-22,2022,Valencia,Mallorca,1,2,A,O,1.76,3.58,5.05,3,5,5,3,6,2.0,0.0,0.0,2.0,10.0,2.0,8.0,3.0,6.0,-3.0,7.0,-4.0,11.0,2.0,0.0,2.0,0.0,1.0,-1.0,60.0,20.0,20.0,40.0,24.0,9.0,20.0,17.0,1523.4,1443.2
2022-10-22,2022,Real Madrid,Sevilla,3,1,H,O,1.37,5.03,8.62,6,2,4,3,5,2.0,2.0,0.0,0.0,8.0,5.0,3.0,3.0,3.0,0.0,5.0,2.0,3.0,2.0,0.0,2.0,0.0,0.0,0.0,75.0,0.0,40.0,40.0,15.0,9.0,16.0,10.0,1791.0,1619.1
2022-10-20,2022,Osasuna,Espanol,1,0,H,U,2.11,3.41,3.61,5,3,9,2,6,1.0,1.0,2.0,1.0,3.0,4.0,-1.0,5.0,4.0,1.0,-2.0,0.0,-2.0,0.0,0.0,0.0,1.0,0.0,1.0,60.0,40.0,25.0,25.0,12.0,12.0,19.0,7.0,1507.1,1452.1
2022-10-20,2022,Barcelona,Villarreal,3,0,H,O,1.5,4.76,6.13,5,1,8,0,5,3.0,0.0,0.0,2.0,8.0,0.0,8.0,0.0,2.0,-2.0,8.0,-2.0,10.0,2.0,0.0,2.0,0.0,0.0,0.0,75.0,0.0,33.3,33.3,23.0,10.0,26.0,16.0,1717.7,1589.0
2022-10-20,2022,Almeria,Girona,3,2,H,O,2.61,3.29,2.81,7,5,4,5,5,2.0,0.0,1.0,2.0,5.0,3.0,2.0,3.0,5.0,-2.0,2.0,-2.0,4.0,1.0,0.0,1.0,0.0,0.0,0.0,50.0,50.0,0.0,75.0,11.0,11.0,17.0,10.0,1472.2,1432.4
2022-10-19,2022,Valladolid,Celta,4,1,H,O,2.89,3.28,2.55,7,5,3,7,5,1.0,0.0,1.0,3.0,1.0,1.0,0.0,1.0,8.0,-7.0,0.0,-7.0,7.0,0.0,0.0,0.0,0.0,2.0,-2.0,25.0,50.0,25.0,75.0,15.0,8.0,13.0,14.0,1430.9,1508.5
2022-10-19,2022,Sociedad,Mallorca,1,0,H,U,1.55,4.08,6.49,7,3,10,7,5,2.0,1.0,0.0,1.0,4.0,4.0,0.0,2.0,5.0,-3.0,2.0,-1.0,3.0,0.0,1.0,-1.0,0.0,1.0,-1.0,50.0,25.0,25.0,25.0,16.0,10.0,20.0,13.0,1614.9,1448.8
2022-10-19,2022,Elche,Real Madrid,0,3,A,O,9.5,5.7,1.31,3,7,8,2,5,0.0,3.0,2.0,0.0,2.0,6.0,-4.0,6.0,2.0,4.0,-4.0,4.0,-8.0,0.0,1.0,-1.0,1.0,0.0,1.0,0.0,50.0,100.0,0.0,9.0,13.0,14.0,12.0,1434.1,1788.7
2022-10-19,2022,Cadiz,Betis,0,0,D,U,3.73,3.28,2.13,3,3,4,9,6,0.0,0.0,1.0,2.0,2.0,1.0,1.0,6.0,3.0,3.0,-4.0,-2.0,-2.0,0.0,0.0,0.0,1.0,0.0,1.0,0.0,60.0,25.0,50.0,5.0,9.0,19.0,6.0,1467.8,1615.3
2022-10-18,2022,Sevilla,Valencia,1,1,D,U,2.3,3.39,3.22,5,5,11,6,5,0.0,1.0,2.0,1.0,1.0,5.0,-4.0,6.0,5.0,1.0,-5.0,0.0,-5.0,0.0,0.0,0.0,2.0,0.0,2.0,0.0,50.0,25.0,50.0,10.0,16.0,14.0,16.0,1622.0,1520.6
2022-10-18,2022,Getafe,Ath Bilbao,2,2,D,O,4.52,3.38,1.91,4,4,7,4,6,1.0,2.0,2.0,0.0,4.0,9.0,-5.0,5.0,2.0,3.0,-1.0,7.0,-8.0,0.0,2.0,-2.0,0.0,0.0,0.0,20.0,60.0,66.7,0.0,11.0,20.0,11.0,18.0,1470.8,1564.0
2022-10-18,2022,Ath Madrid,Vallecano,1,1,D,U,1.53,4.02,7.19,4,4,3,4,5,2.0,0.0,1.0,3.0,7.0,4.0,3.0,4.0,8.0,-4.0,3.0,-4.0,7.0,1.0,0.0,1.0,0.0,1.0,-1.0,50.0,50.0,20.0,60.0,16.0,9.0,20.0,13.0,1697.3,1441.7
2022-10-17,2022,Villarreal,Osasuna,2,0,H,U,1.58,4.16,5.92,9,3,8,4,3,,1.0,,1.0,,2.0,,,2.0,,,0.0,,,0.0,,,0.0,,50.0,0.0,33.3,33.3,,8.0,,16.0,1580.9,1515.3
2022-10-16,2022,Real Madrid,Barcelona,3,1,H,O,2.28,3.64,3.05,4,5,2,3,4,2.0,3.0,0.0,0.0,7.0,8.0,-1.0,3.0,0.0,3.0,4.0,8.0,-4.0,1.0,2.0,-1.0,0.0,0.0,0.0,66.7,0.0,100.0,0.0,15.0,18.0,23.0,15.0,1780.2,1726.2
2022-10-16,2022,Espanol,Valladolid,1,0,H,U,2.2,3.36,3.42,3,2,6,4,5,0.0,1.0,2.0,2.0,5.0,4.0,1.0,8.0,8.0,0.0,-3.0,-4.0,1.0,0.0,0.0,0.0,1.0,1.0,0.0,0.0,75.0,25.0,50.0,14.0,14.0,22.0,18.0,1442.1,1440.9
2022-10-16,2022,Celta,Sociedad,1,2,A,O,2.58,3.25,2.88,3,6,1,6,5,2.0,2.0,1.0,1.0,5.0,7.0,-2.0,4.0,5.0,-1.0,1.0,2.0,-1.0,1.0,1.0,0.0,1.0,0.0,1.0,50.0,25.0,75.0,25.0,11.0,16.0,9.0,15.0,1515.9,1607.5
2022-10-16,2022,Betis,Almeria,3,1,H,O,1.58,4.22,5.77,6,5,9,3,5,3.0,0.0,0.0,3.0,4.0,0.0,4.0,1.0,6.0,-5.0,3.0,-6.0,9.0,0.0,0.0,0.0,0.0,1.0,-1.0,100.0,0.0,0.0,75.0,9.0,6.0,13.0,12.0,1608.9,1478.6
2022-10-15,2022,Valencia,Elche,2,2,D,O,1.41,4.85,7.89,8,6,6,1,5,2.0,0.0,1.0,3.0,8.0,1.0,7.0,2.0,9.0,-7.0,6.0,-8.0,14.0,2.0,0.0,2.0,0.0,2.0,-2.0,75.0,25.0,0.0,100.0,18.0,3.0,20.0,7.0,1523.2,1431.5
2022-10-15,2022,Mallorca,Sevilla,0,1,A,U,2.93,3.11,2.63,5,1,1,3,5,1.0,1.0,1.0,1.0,2.0,5.0,-3.0,2.0,5.0,-3.0,0.0,0.0,0.0,0.0,0.0,0.0,0.0,0.0,0.0,25.0,50.0,25.0,50.0,9.0,13.0,16.0,9.0,1454.4,1616.3
2022-10-15,2022,Girona,Cadiz,1,1,D,U,1.91,3.32,4.58,6,2,6,2,5,1.0,1.0,2.0,2.0,5.0,1.0,4.0,7.0,5.0,2.0,-2.0,-4.0,2.0,0.0,0.0,0.0,1.0,2.0,-1.0,50.0,50.0,33.3,66.7,16.0,3.0,7.0,6.0,1431.3,1468.9
2022-10-15,2022,Ath Bilbao,Ath Madrid,0,1,A,U,2.47,3.28,3.02,3,1,6,1,6,2.0,2.0,1.0,0.0,7.0,4.0,3.0,3.0,1.0,2.0,4.0,3.0,1.0,1.0,1.0,0.0,0.0,0.0,0.0,60.0,20.0,75.0,0.0,13.0,20.0,17.0,16.0,1570.7,1690.7
2022-10-14,2022,Vallecano,Getafe,0,0,D,U,2.07,3.18,4.12,3,3,4,1,4,2.0,1.0,1.0,2.0,4.0,4.0,0.0,4.0,8.0,-4.0,0.0,-4.0,4.0,0.0,1.0,-1.0,1.0,2.0,-1.0,66.7,33.3,33.3,66.7,12.0,11.0,27.0,4.0,1440.8,1471.7
2022-10-10,2022,Elche,Mallorca,1,1,D,U,3.08,3.04,2.56,2,4,5,7,4,0.0,1.0,2.0,1.0,2.0,3.0,-1.0,6.0,4.0,2.0,-4.0,-1.0,-3.0,0.0,1.0,-1.0,1.0,1.0,0.0,0.0,66.7,33.3,33.3,10.0,8.0,15.0,8.0,1430.8,1455.1
2022-10-09,2022,Valladolid,Betis,0,0,D,U,2.88,3.42,2.48,3,1,3,1,4,1.0,1.0,2.0,2.0,1.0,3.0,-2.0,4.0,4.0,0.0,-3.0,-1.0,-2.0,0.0,0.0,0.0,1.0,0.0,1.0,33.3,66.7,33.3,66.7,18.0,11.0,14.0,7.0,1436.2,1613.6
2022-10-09,2022,Sociedad,Villarreal,1,0,H,U,2.57,3.31,2.86,5,1,9,3,4,1.0,0.0,1.0,1.0,4.0,0.0,4.0,6.0,1.0,5.0,-2.0,-1.0,-1.0,0.0,0.0,0.0,1.0,0.0,1.0,33.3,33.3,40.0,20.0,16.0,15.0,14.0,17.0,1597.7,1590.7
2022-10-09,2022,Cadiz,Espanol,2,2,D,O,2.93,3.1,2.64,3,6,8,3,5,0.0,1.0,2.0,1.0,0.0,4.0,-4.0,8.0,4.0,4.0,-8.0,0.0,-8.0,0.0,0.0,0.0,2.0,0.0,2.0,0.0,75.0,33.3,33.3,5.0,8.0,11.0,7.0,1469.7,1441.3
2022-10-09,2022,Barcelona,Celta,1,0,H,U,1.29,5.91,10.72,5,3,6,3,4,2.0,1.0,0.0,2.0,7.0,2.0,5.0,0.0,7.0,-7.0,7.0,-5.0,12.0,2.0,0.0,2.0,0.0,2.0,-2.0,66.7,0.0,33.3,66.7,24.0,11.0,28.0,15.0,1721.4,1520.7
2022-10-08,2022,Sevilla,Ath Bilbao,1,1,D,U,3.04,3.3,2.44,3,4,5,7,4,0.0,,2.0,,1.0,,,6.0,,,-5.0,,,0.0,,,2.0,,,0.0,66.7,100.0,0.0,9.0,,21.0,,1617.7,1569.3
2022-10-08,2022,Getafe,Real Madrid,0,1,A,U,6.64,4.46,1.5,2,4,4,4,5,1.0,3.0,1.0,0.0,4.0,9.0,-5.0,4.0,3.0,1.0,0.0,6.0,-6.0,0.0,2.0,-2.0,0.0,0.0,0.0,25.0,50.0,100.0,0.0,11.0,16.0,8.0,10.0,1474.7,1777.2
2022-10-08,2022,Ath Madrid,Girona,2,1,H,O,1.49,4.4,7.0,7,4,8,3,4,1.0,0.0,2.0,2.0,5.0,2.0,3.0,5.0,4.0,1.0,0.0,-2.0,2.0,1.0,0.0,1.0,1.0,0.0,1.0,33.3,66.7,0.0,66.7,14.0,8.0,17.0,11.0,1686.9,1435.1
2022-10-08,2022,Almeria,Vallecano,3,1,H,O,3.01,3.24,2.5,4,4,7,6,4,1.0,1.0,2.0,2.0,3.0,5.0,-2.0,4.0,5.0,-1.0,-1.0,0.0,-1.0,0.0,1.0,-1.0,0.0,0.0,0.0,33.3,66.7,25.0,50.0,13.0,8.0,12.0,9.0,1469.1,1450.3
2022-10-07,2022,Osasuna,Valencia,1,2,A,O,2.42,3.25,3.11,2,7,7,5,5,2.0,0.0,1.0,2.0,4.0,3.0,1.0,3.0,5.0,-2.0,1.0,-2.0,3.0,1.0,0.0,1.0,1.0,0.0,1.0,75.0,25.0,0.0,66.7,13.0,9.0,14.0,14.0,1525.6,1512.8
2022-10-03,2022,Vallecano,Elche,2,1,H,O,1.73,3.68,5.13,6,2,13,3,3,,0.0,,3.0,,0.0,,,10.0,,,-10.0,,,0.0,,,3.0,,50.0,50.0,0.0,100.0,,3.0,,8.0,1440.2,1440.8
2022-10-02,2022,Real Madrid,Osasuna,1,1,D,U,1.33,5.48,9.22,4,2,10,2,3,,,,,,,,,,,,,,,,,,,,100.0,0.0,50.0,50.0,,,,,1783.6,1519.2
2022-10-02,2022,Girona,Sociedad,3,5,A,O,3.26,3.24,2.32,8,5,2,2,4,2.0,2.0,1.0,1.0,5.0,3.0,2.0,3.0,2.0,1.0,2.0,1.0,1.0,1.0,0.0,1.0,0.0,0.0,0.0,66.7,33.3,66.7,33.3,14.0,18.0,10.0,19.0,1441.0,1591.8
2022-10-02,2022,Espanol,Valencia,2,2,D,O,2.72,3.26,2.7,5,5,6,4,4,0.0,,3.0,,3.0,,,8.0,,,-5.0,,,0.0,,,2.0,,,0.0,100.0,0.0,100.0,10.0,,25.0,,1439.1,1515.0
2022-10-02,2022,Celta,Betis,1,0,H,U,2.48,3.37,2.9,4,4,5,3,4,1.0,,1.0,,6.0,,,6.0,,,0.0,,,1.0,,,1.0,,,33.3,33.3,50.0,50.0,10.0,,7.0,,1507.4,1626.9
2022-10-01,2022,Sevilla,Ath Madrid,0,2,A,U,3.05,3.19,2.49,3,6,5,7,3,,2.0,,0.0,,5.0,,,1.0,,,4.0,,,1.0,,,0.0,,0.0,50.0,66.7,0.0,,19.0,,15.0,1626.2,1678.3
2022-10-01,2022,Mallorca,Barcelona,0,1,A,U,8.63,5.3,1.35,3,3,5,5,4,1.0,3.0,1.0,0.0,3.0,11.0,-8.0,3.0,1.0,2.0,0.0,10.0,-10.0,0.0,3.0,-3.0,0.0,0.0,0.0,33.3,33.3,100.0,0.0,13.0,22.0,16.0,16.0,1458.8,1717.7
2022-10-01,2022,Getafe,Valladolid,2,3,A,O,2.31,3.1,3.45,6,7,4,2,4,1.0,0.0,1.0,2.0,2.0,2.0,0.0,4.0,7.0,-3.0,-2.0,-5.0,3.0,0.0,0.0,0.0,1.0,1.0,0.0,33.3,33.3,0.0,66.7,5.0,10.0,7.0,18.0,1486.4,1424.4
2022-10-01,2022,Cadiz,Villarreal,0,0,D,U,5.68,3.97,1.62,2,6,6,5,4,0.0,1.0,3.0,1.0,0.0,2.0,-2.0,9.0,1.0,8.0,-9.0,1.0,-10.0,0.0,1.0,-1.0,2.0,0.0,2.0,0.0,100.0,50.0,25.0,5.0,14.0,8.0,18.0,1466.1,1594.2
2022-09-30,2022,Ath Bilbao,Almeria,4,0,H,O,1.37,4.96,8.83,4,2,11,2,5,2.0,0.0,1.0,2.0,4.0,1.0,3.0,3.0,3.0,0.0,1.0,-2.0,3.0,0.0,0.0,0.0,0.0,0.0,0.0,50.0,25.0,0.0,66.7,11.0,11.0,12.0,15.0,1561.7,1476.7
2022-09-18,2022,Villarreal,Sevilla,1,1,D,U,1.72,3.84,4.99,7,1,6,4,2,,1.0,,2.0,,5.0,,,6.0,,,-1.0,,,0.0,,,0.0,,100.0,0.0,33.3,66.7,,15.0,,7.0,1593.2,1627.2
2022-09-18,2022,Sociedad,Espanol,2,1,H,O,1.73,3.77,4.93,6,4,4,2,3,,,,,,,,,,,,,,,,,,,,0.0,50.0,50.0,0.0,,,,,1585.6,1445.3
2022-09-18,2022,Osasuna,Getafe,0,2,A,U,1.83,3.33,5.07,4,4,8,1,4,3.0,,0.0,,6.0,,,2.0,,,4.0,,,1.0,,,0.0,,,100.0,0.0,0.0,100.0,14.0,,11.0,,1530.8,1474.9
2022-09-18,2022,Betis,Girona,2,1,H,O,1.75,3.69,4.98,3,3,2,4,4,3.0,,0.0,,5.0,,,0.0,,,5.0,,,1.0,,,0.0,,,100.0,0.0,0.0,50.0,14.0,,19.0,,1621.6,1446.4
2022-09-18,2022,Ath Madrid,Real Madrid,1,2,A,O,3.1,3.48,2.31,5,3,8,1,3,,3.0,,0.0,,9.0,,,3.0,,,6.0,,,2.0,,,0.0,,50.0,50.0,100.0,0.0,,28.0,,24.0,1685.8,1776.2
2022-09-17,2022,Valencia,Celta,3,0,H,O,2.37,3.27,3.16,7,2,5,4,4,2.0,,1.0,,6.0,,,2.0,,,4.0,,,1.0,,,0.0,,,66.7,33.3,50.0,50.0,13.0,,19.0,,1504.6,1517.8
2022-09-17,2022,Mallorca,Almeria,1,0,H,U,2.05,3.32,3.94,2,3,5,2,3,,,,,,,,,,,,,,,,,,,,0.0,50.0,0.0,50.0,,,,,1447.6,1487.9
2022-09-17,2022,Barcelona,Elche,3,0,H,O,1.1,10.86,25.46,9,1,6,0,3,,,,,,,,,,,,,,,,,,,,50.0,0.0,0.0,100.0,,,,,1714.2,1444.3
2022-09-17,2022,Ath Bilbao,Vallecano,3,2,H,O,1.55,4.1,6.55,7,2,2,7,4,1.0,1.0,1.0,1.0,1.0,3.0,-2.0,1.0,2.0,-1.0,0.0,1.0,-1.0,0.0,1.0,-1.0,0.0,0.0,0.0,33.3,33.3,33.3,33.3,10.0,8.0,17.0,2.0,1554.7,1447.2
2022-09-16,2022,Valladolid,Cadiz,0,1,A,U,2.04,3.22,4.13,6,1,8,2,3,,,,,,,,,,,,,,,,,,,,50.0,50.0,0.0,100.0,,,,,1433.7,1456.8
2022-09-12,2022,Almeria,Osasuna,0,1,A,U,2.68,3.19,2.79,2,4,5,10,3,,,,,,,,,,,,,,,,,,,,50.0,50.0,0.0,100.0,,,,,1497.2,1521.5
2022-09-11,2022,Real Madrid,Mallorca,4,1,H,O,1.27,6.11,10.84,7,2,4,3,2,,,,,,,,,,,,,,,,,,,,100.0,0.0,50.0,0.0,,,,,1773.5,1450.3
2022-09-11,2022,Getafe,Sociedad,2,1,H,O,3.77,3.07,2.2,3,6,3,7,3,,,,,,,,,,,,,,,,,,,,0.0,50.0,100.0,0.0,,,,,1461.1,1599.4
2022-09-11,2022,Elche,Ath Bilbao,1,4,A,O,4.15,3.47,1.95,2,8,5,5,3,,,,,,,,,,,,,,,,,,,,0.0,50.0,100.0,0.0,,,,,1451.6,1547.3
2022-09-11,2022,Betis,Villarreal,1,0,H,U,2.88,3.48,2.45,5,3,9,8,3,,2.0,,0.0,,5.0,,,0.0,,,5.0,,,2.0,,,0.0,,100.0,0.0,66.7,0.0,,15.0,,15.0,1611.8,1603.0
2022-09-10,2022,Vallecano,Valencia,2,1,H,O,2.6,3.17,2.9,6,4,7,7,2,,,,,,,,,,,,,,,,,,,,0.0,100.0,0.0,100.0,,,,,1434.9,1516.9
2022-09-10,2022,Espanol,Sevilla,2,3,A,O,2.93,3.24,2.54,5,7,9,3,3,,,,,,,,,,,,,,,,,,,,0.0,100.0,0.0,100.0,,,,,1450.7,1621.7
2022-09-10,2022,Cadiz,Barcelona,0,4,A,O,13.05,6.27,1.24,0,8,5,6,3,,,,,,,,,,,,,,,,,,,,0.0,100.0,100.0,0.0,,,,,1460.7,1710.4
2022-09-10,2022,Ath Madrid,Celta,4,1,H,O,1.65,3.81,5.76,4,3,4,7,2,,,,,,,,,,,,,,,,,,,,0.0,100.0,100.0,0.0,,,,,1680.0,1523.5
2022-09-09,2022,Girona,Valladolid,2,1,H,O,2.27,3.2,3.46,5,4,3,12,3,,,,,,,,,,,,,,,,,,,,50.0,50.0,0.0,50.0,,,,,1436.1,1443.9
2022-09-05,2022,Valladolid,Almeria,1,0,H,U,2.34,3.3,3.19,6,1,2,8,2,,,,,,,,,,,,,,,,,,,,0.0,100.0,0.0,0.0,,,,,1431.7,1509.4
2022-09-04,2022,Villarreal,Elche,4,0,H,O,1.35,5.08,9.56,10,0,6,4,1,,,,,,,,,,,,,,,,,,,,,,0.0,100.0,,,,,1596.8,1457.8
2022-09-04,2022,Valencia,Getafe,5,1,H,O,1.96,3.2,4.52,9,4,9,1,3,,,,,,,,,,,,,,,,,,,,50.0,50.0,0.0,100.0,,,,,1508.0,1470.0
2022-09-04,2022,Osasuna,Vallecano,2,1,H,O,2.06,3.13,4.23,6,3,4,0,3,,,,,,,,,,,,,,,,,,,,100.0,0.0,50.0,0.0,,,,,1513.5,1442.9
2022-09-04,2022,Ath Bilbao,Espanol,0,1,A,U,1.57,3.98,6.46,2,2,4,2,3,,,,,,,,,,,,,,,,,,,,50.0,0.0,0.0,0.0,,,,,1560.8,1437.3
2022-09-03,2022,Sociedad,Ath Madrid,1,1,D,U,2.96,3.17,2.58,5,7,7,7,2,,,,,,,,,,,,,,,,,,,,0.0,100.0,100.0,0.0,,,,,1597.0,1682.4
2022-09-03,2022,Sevilla,Barcelona,0,3,A,O,4.48,3.74,1.82,4,7,4,4,2,,,,,,,,,,,,,,,,,,,,0.0,0.0,100.0,0.0,,,,,1629.7,1702.5
2022-09-03,2022,Real Madrid,Betis,2,1,H,O,1.43,5.13,6.82,4,4,9,2,1,,,,,,,,,,,,,,,,,,,,,,100.0,0.0,,,,,1767.5,1617.8
2022-09-03,2022,Mallorca,Girona,1,1,D,U,2.17,3.16,3.79,4,4,6,3,2,,,,,,,,,,,,,,,,,,,,0.0,100.0,0.0,100.0,,,,,1450.8,1435.7
2022-09-02,2022,Celta,Cadiz,3,0,H,O,1.67,3.65,5.93,5,0,2,2,3,,,,,,,,,,,,,,,,,,,,0.0,50.0,0.0,100.0,,,,,1514.8,1469.3
2022-08-29,2022,Valencia,Ath Madrid,0,1,A,U,4.02,3.33,2.03,2,7,6,2,2,,,,,,,,,,,,,,,,,,,,100.0,0.0,100.0,0.0,,,,,1513.6,1676.8
2022-08-29,2022,Cadiz,Ath Bilbao,0,4,A,O,3.78,3.11,2.18,3,8,0,6,2,,,,,,,,,,,,,,,,,,,,0.0,100.0,,,,,,,1477.2,1552.9
2022-08-28,2022,Getafe,Villarreal,0,0,D,U,4.49,3.36,1.91,2,6,1,4,2,,,,,,,,,,,,,,,,,,,,0.0,100.0,100.0,0.0,,,,,1466.3,1600.5
2022-08-28,2022,Espanol,Real Madrid,1,3,A,O,6.63,4.83,1.46,4,6,7,7,2,,,,,,,,,,,,,,,,,,,,0.0,100.0,100.0,0.0,,,,,1440.0,1764.9
2022-08-28,2022,Barcelona,Valladolid,4,0,H,O,1.15,8.47,17.97,9,3,14,4,2,,,,,,,,,,,,,,,,,,,,0.0,0.0,0.0,0.0,,,,,1698.9,1435.3
2022-08-27,2022,Vallecano,Mallorca,0,2,A,U,2.07,3.23,4.02,0,4,7,3,1,,,,,,,,,,,,,,,,,,,,,,0.0,0.0,,,,,1453.3,1440.4
2022-08-27,2022,Elche,Sociedad,0,1,A,U,3.64,3.16,2.21,5,5,4,6,2,,,,,,,,,,,,,,,,,,,,0.0,0.0,100.0,0.0,,,,,1464.4,1590.5
2022-08-27,2022,Almeria,Sevilla,2,1,H,O,3.56,3.23,2.21,5,5,5,2,2,,,,,,,,,,,,,,,,,,,,0.0,100.0,0.0,100.0,,,,,1495.4,1643.7
2022-08-26,2022,Girona,Celta,0,1,A,U,2.77,3.15,2.75,3,6,2,4,2,,,,,,,,,,,,,,,,,,,,100.0,0.0,,,,,,,1443.9,1506.6
2022-08-26,2022,Betis,Osasuna,1,0,H,U,1.8,3.68,4.66,1,2,2,4,2,,,,,,,,,,,,,,,,,,,,100.0,0.0,,,,,,,1610.3,1521.0
2022-08-22,2022,Girona,Getafe,3,1,H,O,2.81,2.84,2.97,6,3,5,2,1,,,,,,,,,,,,,,,,,,,,,,,,,,,,1432.6,1477.6
2022-08-22,2022,Elche,Almeria,1,1,D,U,2.5,3.2,3.01,3,7,6,5,1,,,,,,,,,,,,,,,,,,,,,,,,,,,,1463.4,1496.3
2022-08-21,2022,Sociedad,Barcelona,1,4,A,O,3.38,3.62,2.12,5,7,3,6,1,,,,,,,,,,,,,,,,,,,,,,,,,,,,1597.8,1691.5
2022-08-21,2022,Ath Madrid,Villarreal,0,2,A,U,1.93,3.52,4.14,5,5,5,6,1,,,,,,,,,,,,,,,,,,,,,,100.0,0.0,,,,,1689.7,1587.6
2022-08-21,2022,Ath Bilbao,Valencia,1,0,H,U,1.77,3.61,4.95,2,0,6,3,2,,,,,,,,,,,,,,,,,,,,0.0,0.0,,,,,,,1543.5,1523.0
2022-08-20,2022,Osasuna,Cadiz,2,0,H,U,1.95,3.26,4.44,3,2,2,2,2,,,,,,,,,,,,,,,,,,,,100.0,0.0,,,,,,,1511.7,1486.5
2022-08-20,2022,Mallorca,Betis,1,2,A,O,3.1,3.26,2.42,7,3,5,2,1,,,,,,,,,,,,,,,,,,,,,,,,,,,,1446.1,1604.5
2022-08-20,2022,Celta,Real Madrid,1,4,A,O,4.71,4.19,1.68,2,7,2,2,2,,,,,,,,,,,,,,,,,,,,0.0,0.0,100.0,0.0,,,,,1510.5,1761.1
2022-08-19,2022,Sevilla,Valladolid,1,1,D,U,1.53,4.17,6.71,2,3,12,2,1,,,,,,,,,,,,,,,,,,,,,,,,,,,,1649.3,1429.8
2022-08-19,2022,Espanol,Vallecano,0,2,A,U,2.51,3.05,3.18,1,3,9,2,1,,,,,,,,,,,,,,,,,,,,,,0.0,0.0,,,,,1450.2,1443.1
2022-08-15,2022,Getafe,Ath Madrid,0,3,A,O,4.79,3.19,1.92,0,5,3,6,1,,,,,,,,,,,,,,,,,,,,,,,,,,,,1482.3,1684.9
2022-08-15,2022,Betis,Elche,3,0,H,O,1.45,4.57,7.27,8,2,8,4,1,,,,,,,,,,,,,,,,,,,,,,,,,,,,1598.1,1469.9
2022-08-15,2022,Ath Bilbao,Mallorca,0,0,D,U,1.6,3.83,6.23,6,2,7,2,1,,,,,,,,,,,,,,,,,,,,,,,,,,,,1546.4,1443.2
2022-08-14,2022,Valencia,Girona,1,0,H,U,1.89,3.5,4.35,2,1,4,4,1,,,,,,,,,,,,,,,,,,,,,,,,,,,,1515.1,1440.5
2022-08-14,2022,Cadiz,Sociedad,0,1,A,U,3.55,3.24,2.2,2,7,3,6,1,,,,,,,,,,,,,,,,,,,,,,,,,,,,1493.8,1590.6
2022-08-14,2022,Almeria,Real Madrid,1,2,A,O,7.17,4.91,1.42,6,15,2,15,1,,,,,,,,,,,,,,,,,,,,,,,,,,,,1500.0,1757.4
2022-08-13,2022,Valladolid,Villarreal,0,3,A,O,3.93,3.66,1.94,6,4,4,5,1,,,,,,,,,,,,,,,,,,,,,,,,,,,,1435.8,1581.6
2022-08-13,2022,Celta,Espanol,2,2,D,O,1.83,3.68,4.5,3,2,3,3,1,,,,,,,,,,,,,,,,,,,,,,,,,,,,1512.3,1448.4
2022-08-13,2022,Barcelona,Vallecano,0,0,D,U,1.21,6.79,14.2,6,2,8,0,1,,,,,,,,,,,,,,,,,,,,,,,,,,,,1697.8,1436.7
2022-08-12,2022,Osasuna,Sevilla,2,1,H,O,3.28,3.08,2.43,5,3,5,2,1,,,,,,,,,,,,,,,,,,,,,,,,,,,,1497.3,1663.8
2022-05-22,2021,Sociedad,Ath Madrid,1,2,A,O,2.69,3.27,2.75,3,5,3,2,19,1.0,1.0,1.0,2.0,3.0,2.0,1.0,1.0,3.0,-2.0,2.0,-1.0,3.0,1.0,1.0,0.0,0.0,1.0,-1.0,55.6,16.7,44.4,38.9,14.0,10.0,15.0,12.0,1598.3,1677.2
2022-05-22,2021,Sevilla,Ath Bilbao,1,0,H,U,2.52,3.29,2.91,3,1,5,0,19,0.0,1.0,1.0,1.0,3.0,4.0,-1.0,4.0,4.0,0.0,-1.0,0.0,-1.0,0.0,0.0,0.0,0.0,0.0,0.0,61.1,5.6,22.2,27.8,12.0,14.0,11.0,10.0,1656.6,1553.5
2022-05-22,2021,Osasuna,Mallorca,0,2,A,U,3.39,3.38,2.2,1,6,5,7,19,1.0,0.0,1.0,2.0,3.0,1.0,2.0,4.0,5.0,-1.0,-1.0,-4.0,3.0,0.0,0.0,0.0,1.0,1.0,0.0,27.8,33.3,11.1,72.2,8.0,6.0,17.0,6.0,1509.5,1431.0
2022-05-22,2021,Granada,Espanol,0,0,D,U,1.45,4.66,7.08,5,5,7,3,19,1.0,0.0,1.0,3.0,3.0,2.0,1.0,5.0,8.0,-3.0,-2.0,-6.0,4.0,0.0,0.0,0.0,1.0,1.0,0.0,27.8,38.9,5.6,66.7,12.0,14.0,20.0,14.0,1463.3,1447.9
2022-05-22,2021,Elche,Getafe,3,1,H,O,3.12,2.92,2.63,9,2,8,3,19,1.0,1.0,1.0,1.0,4.0,3.0,1.0,3.0,3.0,0.0,1.0,0.0,1.0,1.0,1.0,0.0,1.0,1.0,0.0,33.3,33.3,5.6,50.0,6.0,3.0,15.0,5.0,1458.9,1493.3
2022-05-22,2021,Barcelona,Villarreal,0,2,A,U,2.12,3.94,3.15,3,3,12,1,19,2.0,2.0,1.0,1.0,5.0,8.0,-3.0,3.0,4.0,-1.0,2.0,4.0,-2.0,1.0,1.0,0.0,0.0,0.0,0.0,66.7,22.2,27.8,44.4,14.0,20.0,16.0,17.0,1711.8,1567.6
2022-05-22,2021,Alaves,Cadiz,0,1,A,U,4.2,3.71,1.87,2,6,4,4,19,3.0,1.0,0.0,1.0,5.0,2.0,3.0,2.0,4.0,-2.0,3.0,-2.0,5.0,0.0,0.0,0.0,0.0,1.0,-1.0,38.9,38.9,22.2,44.4,19.0,9.0,19.0,19.0,1421.3,1485.6
2022-05-21,2021,Valencia,Celta,2,0,H,U,2.77,3.31,2.63,3,3,3,3,19,0.0,1.0,2.0,1.0,2.0,4.0,-2.0,6.0,4.0,2.0,-4.0,0.0,-4.0,0.0,1.0,-1.0,1.0,1.0,0.0,27.8,27.8,27.8,38.9,10.0,15.0,17.0,16.0,1504.6,1522.8
2022-05-20,2021,Vallecano,Levante,2,4,A,O,1.89,3.97,3.85,8,7,7,3,19,0.0,1.0,1.0,1.0,3.0,5.0,-2.0,7.0,8.0,-1.0,-4.0,-3.0,-1.0,0.0,1.0,-1.0,1.0,1.0,0.0,44.4,27.8,11.1,66.7,14.0,15.0,22.0,15.0,1446.3,1460.0
2022-05-20,2021,Real Madrid,Betis,0,0,D,U,1.69,4.43,4.47,3,2,8,5,19,3.0,1.0,0.0,0.0,12.0,3.0,9.0,0.0,0.0,0.0,12.0,3.0,9.0,3.0,1.0,2.0,0.0,0.0,0.0,72.2,5.6,50.0,22.2,29.0,11.0,22.0,8.0,1761.8,1593.6
2022-05-15,2021,Villarreal,Sociedad,1,2,A,O,2.16,3.63,3.29,4,6,4,3,19,1.0,1.0,0.0,1.0,4.0,4.0,0.0,2.0,4.0,-2.0,2.0,0.0,2.0,1.0,0.0,1.0,0.0,0.0,0.0,55.6,11.1,33.3,33.3,16.0,15.0,14.0,20.0,1577.3,1588.7
2022-05-15,2021,Mallorca,Vallecano,2,1,H,O,1.62,3.82,6.04,5,4,5,3,19,2.0,2.0,1.0,0.0,5.0,2.0,3.0,7.0,0.0,7.0,-2.0,2.0,-4.0,0.0,0.0,0.0,1.0,0.0,1.0,33.3,33.3,16.7,61.1,14.0,4.0,6.0,16.0,1420.0,1457.4
2022-05-15,2021,Levante,Alaves,3,1,H,O,2.99,3.67,2.28,5,2,3,4,19,1.0,0.0,2.0,3.0,6.0,1.0,5.0,7.0,7.0,0.0,-1.0,-6.0,5.0,0.0,0.0,0.0,0.0,1.0,-1.0,22.2,38.9,5.6,77.8,19.0,7.0,21.0,10.0,1450.6,1430.8
2022-05-15,2021,Getafe,Barcelona,0,0,D,U,3.6,3.29,2.17,3,1,5,5,19,0.0,3.0,1.0,0.0,1.0,6.0,-5.0,2.0,3.0,-1.0,-1.0,3.0,-4.0,0.0,0.0,0.0,0.0,0.0,0.0,38.9,27.8,50.0,11.1,13.0,13.0,12.0,14.0,1487.5,1717.6
2022-05-15,2021,Celta,Elche,1,0,H,U,1.65,3.9,5.56,5,1,7,5,19,1.0,1.0,2.0,2.0,5.0,2.0,3.0,4.0,5.0,-1.0,1.0,-3.0,4.0,1.0,0.0,1.0,1.0,1.0,0.0,33.3,44.4,22.2,61.1,13.0,5.0,18.0,8.0,1514.1,1467.6
2022-05-15,2021,Cadiz,Real Madrid,1,1,D,U,3.3,3.39,2.24,7,7,10,2,19,1.0,2.0,2.0,1.0,6.0,6.0,0.0,5.0,4.0,1.0,1.0,2.0,-1.0,1.0,1.0,0.0,0.0,0.0,0.0,16.7,38.9,72.2,16.7,19.0,23.0,20.0,13.0,1478.8,1768.7
2022-05-15,2021,Betis,Granada,2,0,H,U,1.51,4.41,6.5,4,4,4,9,19,1.0,1.0,2.0,1.0,5.0,8.0,-3.0,4.0,6.0,-2.0,1.0,2.0,-1.0,1.0,1.0,0.0,0.0,1.0,-1.0,50.0,38.9,16.7,44.4,16.0,14.0,17.0,9.0,1586.8,1470.1
2022-05-15,2021,Ath Madrid,Sevilla,1,1,D,U,2.32,2.99,3.57,3,4,4,5,19,2.0,1.0,0.0,1.0,3.0,4.0,-1.0,1.0,4.0,-3.0,2.0,0.0,2.0,0.0,0.0,0.0,0.0,0.0,0.0,66.7,11.1,33.3,16.7,6.0,11.0,21.0,8.0,1677.8,1656.0
2022-05-15,2021,Ath Bilbao,Osasuna,2,0,H,U,1.55,4.18,6.23,8,1,10,6,19,1.0,1.0,1.0,0.0,2.0,4.0,-2.0,2.0,3.0,-1.0,0.0,1.0,-1.0,1.0,0.0,1.0,1.0,0.0,1.0,50.0,27.8,38.9,38.9,11.0,11.0,14.0,15.0,1544.2,1518.8
2022-05-14,2021,Espanol,Valencia,1,1,D,U,2.55,3.34,2.84,3,5,2,3,19,1.0,0.0,1.0,1.0,2.0,1.0,1.0,2.0,3.0,-1.0,0.0,-2.0,2.0,0.0,0.0,0.0,0.0,1.0,-1.0,50.0,22.2,27.8,38.9,7.0,4.0,11.0,8.0,1446.2,1506.3
2022-05-12,2021,Vallecano,Villarreal,1,5,A,O,4.44,3.75,1.81,3,8,9,3,18,0.0,1.0,1.0,2.0,2.0,3.0,-1.0,3.0,5.0,-2.0,-1.0,-2.0,1.0,0.0,0.0,0.0,0.0,1.0,-1.0,47.1,23.5,23.5,47.1,14.0,14.0,16.0,22.0,1464.4,1570.3
2022-05-12,2021,Sociedad,Cadiz,3,0,H,O,1.67,3.7,5.69,7,1,2,12,18,1.0,1.0,1.0,0.0,1.0,2.0,-1.0,1.0,1.0,0.0,0.0,1.0,-1.0,0.0,0.0,0.0,0.0,0.0,0.0,52.9,17.6,23.5,41.2,13.0,11.0,19.0,10.0,1581.3,1486.1
2022-05-12,2021,Real Madrid,Levante,6,0,H,O,1.5,4.94,5.67,16,1,6,6,18,2.0,1.0,1.0,1.0,6.0,6.0,0.0,4.0,5.0,-1.0,2.0,1.0,1.0,2.0,1.0,1.0,1.0,1.0,0.0,70.6,5.9,11.8,64.7,17.0,18.0,20.0,10.0,1765.8,1453.4
2022-05-11,2021,Sevilla,Mallorca,0,0,D,U,1.62,3.9,5.9,4,2,6,3,18,1.0,0.0,1.0,3.0,7.0,1.0,6.0,6.0,6.0,0.0,1.0,-5.0,6.0,1.0,0.0,1.0,0.0,1.0,-1.0,64.7,5.9,11.8,76.5,16.0,5.0,19.0,4.0,1662.1,1413.8
2022-05-11,2021,Osasuna,Getafe,1,1,D,U,2.66,2.96,3.05,1,0,7,2,18,2.0,1.0,1.0,1.0,5.0,3.0,2.0,4.0,3.0,1.0,1.0,0.0,1.0,1.0,1.0,0.0,1.0,1.0,0.0,29.4,35.3,5.9,52.9,14.0,5.0,16.0,5.0,1519.7,1486.6
2022-05-11,2021,Elche,Ath Madrid,0,2,A,U,5.69,3.74,1.67,0,6,6,3,18,1.0,1.0,1.0,2.0,5.0,1.0,4.0,3.0,3.0,0.0,2.0,-2.0,4.0,1.0,0.0,1.0,0.0,1.0,-1.0,35.3,29.4,41.2,41.2,7.0,7.0,17.0,15.0,1472.4,1673.0
2022-05-11,2021,Alaves,Espanol,2,1,H,O,2.15,3.49,3.45,9,3,12,3,18,2.0,0.0,1.0,3.0,5.0,1.0,4.0,4.0,7.0,-3.0,1.0,-6.0,7.0,0.0,0.0,0.0,0.0,1.0,-1.0,35.3,41.2,5.9,64.7,16.0,13.0,13.0,11.0,1419.7,1457.3
2022-05-10,2021,Valencia,Betis,0,3,A,O,3.23,3.39,2.3,5,5,7,3,18,0.0,1.0,1.0,0.0,2.0,2.0,0.0,3.0,1.0,2.0,-1.0,1.0,-2.0,0.0,0.0,0.0,0.0,0.0,0.0,29.4,23.5,47.1,23.5,6.0,9.0,14.0,9.0,1514.5,1578.6
2022-05-10,2021,Granada,Ath Bilbao,1,0,H,U,3.29,3.39,2.28,2,1,2,7,18,0.0,1.0,1.0,1.0,4.0,4.0,0.0,7.0,4.0,3.0,-3.0,0.0,-3.0,0.0,0.0,0.0,1.0,0.0,1.0,23.5,41.2,23.5,23.5,19.0,15.0,23.0,9.0,1457.3,1557.0
2022-05-10,2021,Barcelona,Celta,3,1,H,O,1.44,5.01,6.89,4,5,2,8,18,1.0,1.0,2.0,1.0,2.0,3.0,-1.0,3.0,2.0,1.0,-1.0,1.0,-2.0,0.0,1.0,-1.0,0.0,0.0,0.0,64.7,23.5,29.4,35.3,16.0,15.0,22.0,11.0,1712.6,1519.1
2022-05-08,2021,Villarreal,Sevilla,1,1,D,U,2.35,3.31,3.16,6,2,4,2,18,2.0,1.0,0.0,1.0,4.0,4.0,0.0,1.0,4.0,-3.0,3.0,0.0,3.0,1.0,0.0,1.0,0.0,0.0,0.0,58.8,11.8,35.3,17.6,13.0,11.0,15.0,12.0,1567.5,1664.9
2022-05-08,2021,Getafe,Vallecano,0,0,D,U,2.11,3.07,4.13,6,1,4,5,18,1.0,2.0,1.0,1.0,2.0,2.0,0.0,2.0,1.0,1.0,0.0,1.0,-1.0,0.0,0.0,0.0,0.0,0.0,0.0,41.2,29.4,17.6,64.7,10.0,6.0,13.0,23.0,1487.2,1463.8
2022-05-08,2021,Espanol,Osasuna,1,1,D,U,2.36,3.29,3.17,3,5,6,6,18,2.0,1.0,1.0,1.0,2.0,4.0,-2.0,1.0,6.0,-5.0,1.0,-2.0,3.0,0.0,0.0,0.0,0.0,1.0,-1.0,52.9,23.5,41.2,41.2,7.0,9.0,11.0,16.0,1455.4,1521.6
2022-05-08,2021,Ath Madrid,Real Madrid,1,0,H,U,2.09,3.54,3.56,2,6,4,6,18,2.0,3.0,0.0,0.0,6.0,8.0,-2.0,2.0,4.0,-2.0,4.0,4.0,0.0,1.0,1.0,0.0,0.0,0.0,0.0,64.7,11.8,76.5,11.8,12.0,23.0,25.0,10.0,1659.7,1779.1
2022-05-07,2021,Mallorca,Granada,2,6,A,O,2.02,3.39,3.99,8,7,5,5,18,2.0,1.0,1.0,1.0,3.0,5.0,-2.0,4.0,6.0,-2.0,-1.0,-1.0,0.0,0.0,0.0,0.0,1.0,1.0,0.0,35.3,29.4,11.8,47.1,9.0,10.0,2.0,6.0,1423.1,1448.0
2022-05-07,2021,Celta,Alaves,4,0,H,O,1.91,3.43,4.38,7,1,7,1,18,0.0,0.0,2.0,3.0,1.0,2.0,-1.0,4.0,7.0,-3.0,-3.0,-5.0,2.0,0.0,0.0,0.0,1.0,1.0,0.0,29.4,47.1,5.9,76.5,9.0,7.0,13.0,11.0,1511.4,1427.3
2022-05-07,2021,Cadiz,Elche,3,0,H,O,1.75,3.66,5.03,7,2,8,1,18,1.0,2.0,2.0,1.0,4.0,3.0,1.0,5.0,2.0,3.0,-1.0,1.0,-2.0,0.0,0.0,0.0,0.0,0.0,0.0,11.8,41.2,23.5,58.8,19.0,5.0,18.0,10.0,1475.9,1482.5
2022-05-07,2021,Betis,Barcelona,1,2,A,O,3.09,3.76,2.21,5,5,4,8,18,2.0,3.0,1.0,0.0,5.0,8.0,-3.0,2.0,2.0,0.0,3.0,6.0,-3.0,1.0,1.0,0.0,0.0,0.0,0.0,52.9,35.3,47.1,11.8,16.0,18.0,18.0,9.0,1585.3,1706.0
2022-05-07,2021,Ath Bilbao,Valencia,0,0,D,U,1.56,4.11,6.23,5,1,4,2,18,2.0,1.0,1.0,1.0,4.0,2.0,2.0,3.0,3.0,0.0,1.0,-1.0,2.0,1.0,0.0,1.0,1.0,1.0,0.0,52.9,29.4,29.4,41.2,12.0,6.0,17.0,8.0,1558.3,1513.2
2022-05-06,2021,Levante,Sociedad,2,1,H,O,3.4,3.52,2.16,7,6,7,6,18,1.0,1.0,2.0,0.0,6.0,3.0,3.0,6.0,2.0,4.0,0.0,1.0,-1.0,1.0,0.0,1.0,0.0,0.0,0.0,17.6,41.2,35.3,29.4,16.0,11.0,15.0,17.0,1439.2,1595.5
2022-05-02,2021,Getafe,Betis,0,0,D,U,2.78,3.13,2.73,2,4,2,4,17,1.0,1.0,1.0,0.0,2.0,2.0,0.0,2.0,1.0,1.0,0.0,1.0,-1.0,0.0,0.0,0.0,0.0,0.0,0.0,43.8,31.2,50.0,25.0,14.0,6.0,16.0,7.0,1484.3,1588.2
2022-05-01,2021,Vallecano,Sociedad,1,1,D,U,3.21,3.19,2.38,7,3,8,5,17,0.0,1.0,1.0,1.0,2.0,3.0,-1.0,3.0,5.0,-2.0,-1.0,-2.0,1.0,0.0,0.0,0.0,0.0,1.0,-1.0,50.0,25.0,37.5,31.2,9.0,9.0,13.0,13.0,1460.0,1599.4
2022-05-01,2021,Granada,Celta,1,1,D,U,2.82,3.25,2.63,6,6,5,4,17,0.0,1.0,2.0,2.0,3.0,2.0,1.0,7.0,2.0,5.0,-4.0,0.0,-4.0,0.0,1.0,-1.0,1.0,0.0,1.0,25.0,43.8,31.2,37.5,17.0,11.0,21.0,13.0,1446.1,1513.4
2022-05-01,2021,Elche,Osasuna,1,1,D,U,2.82,3.18,2.68,4,3,7,4,17,1.0,1.0,2.0,2.0,4.0,3.0,1.0,3.0,9.0,-6.0,1.0,-6.0,7.0,1.0,0.0,1.0,0.0,2.0,-2.0,37.5,31.2,43.8,43.8,5.0,9.0,14.0,13.0,1481.4,1522.8
2022-05-01,2021,Barcelona,Mallorca,2,1,H,O,1.32,5.6,9.33,5,2,5,2,17,1.0,0.0,2.0,3.0,1.0,0.0,1.0,2.0,5.0,-3.0,-1.0,-5.0,4.0,0.0,0.0,0.0,0.0,1.0,-1.0,62.5,25.0,12.5,75.0,17.0,6.0,26.0,8.0,1702.6,1426.5
2022-04-30,2021,Valencia,Levante,1,1,D,U,2.28,3.51,3.11,1,6,1,7,17,1.0,1.0,1.0,2.0,4.0,6.0,-2.0,3.0,7.0,-4.0,1.0,-1.0,2.0,1.0,1.0,0.0,0.0,2.0,-2.0,31.2,25.0,12.5,68.8,9.0,14.0,16.0,6.0,1515.4,1437.0
2022-04-30,2021,Real Madrid,Espanol,4,0,H,O,1.51,4.45,6.53,5,6,6,8,17,2.0,0.0,1.0,2.0,6.0,2.0,4.0,5.0,4.0,1.0,1.0,-2.0,3.0,2.0,0.0,2.0,1.0,0.0,1.0,68.8,6.2,6.2,62.5,20.0,8.0,21.0,5.0,1776.4,1458.2
2022-04-30,2021,Ath Bilbao,Ath Madrid,2,0,H,U,3.03,3.08,2.57,4,3,5,3,17,1.0,2.0,1.0,1.0,3.0,4.0,-1.0,4.0,2.0,2.0,-1.0,2.0,-3.0,0.0,1.0,-1.0,1.0,0.0,1.0,50.0,31.2,43.8,37.5,19.0,10.0,20.0,15.0,1544.8,1673.2
2022-04-30,2021,Alaves,Villarreal,2,1,H,O,3.47,3.41,2.16,5,6,5,8,17,1.0,1.0,1.0,2.0,3.0,2.0,1.0,3.0,4.0,-1.0,0.0,-2.0,2.0,0.0,0.0,0.0,0.0,1.0,-1.0,31.2,43.8,25.0,43.8,13.0,9.0,13.0,17.0,1412.8,1582.1
2022-04-29,2021,Sevilla,Cadiz,1,1,D,U,1.65,3.71,6.11,6,4,5,6,17,1.0,1.0,1.0,1.0,6.0,2.0,4.0,5.0,2.0,3.0,1.0,0.0,1.0,1.0,0.0,1.0,0.0,0.0,0.0,68.8,6.2,25.0,43.8,10.0,10.0,21.0,8.0,1670.1,1470.7
2022-04-24,2021,Barcelona,Vallecano,0,1,A,U,1.3,5.66,10.03,5,1,9,1,16,2.0,1.0,1.0,1.0,5.0,3.0,2.0,1.0,3.0,-2.0,4.0,0.0,4.0,1.0,0.0,1.0,0.0,0.0,0.0,66.7,20.0,12.5,68.8,21.0,9.0,22.0,26.0,1719.2,1443.4
2022-04-21,2021,Sociedad,Barcelona,0,1,A,U,3.38,3.61,2.14,5,1,5,3,17,2.0,3.0,0.0,0.0,2.0,9.0,-7.0,0.0,3.0,-3.0,2.0,6.0,-4.0,0.0,1.0,-1.0,0.0,0.0,0.0,56.2,12.5,43.8,12.5,14.0,26.0,20.0,12.0,1606.4,1712.1
2022-04-21,2021,Levante,Sevilla,2,3,A,O,3.5,3.48,2.13,6,6,10,4,17,1.0,0.0,1.0,1.0,5.0,1.0,4.0,4.0,2.0,2.0,1.0,-1.0,2.0,1.0,0.0,1.0,0.0,0.0,0.0,18.8,37.5,31.2,18.8,13.0,9.0,13.0,13.0,1441.3,1665.7
2022-04-21,2021,Espanol,Vallecano,0,1,A,U,2.46,3.16,3.12,2,2,3,10,17,3.0,0.0,0.0,2.0,4.0,2.0,2.0,0.0,5.0,-5.0,4.0,-3.0,7.0,1.0,0.0,1.0,0.0,1.0,-1.0,56.2,18.8,6.7,73.3,6.0,10.0,9.0,22.0,1469.2,1432.3
2022-04-21,2021,Cadiz,Ath Bilbao,2,3,A,O,3.44,3.13,2.3,8,7,4,1,17,2.0,0.0,1.0,2.0,4.0,1.0,3.0,2.0,6.0,-4.0,2.0,-5.0,7.0,1.0,0.0,1.0,0.0,1.0,-1.0,12.5,37.5,18.8,25.0,18.0,11.0,19.0,8.0,1479.1,1536.4
2022-04-20,2021,Osasuna,Real Madrid,1,3,A,O,5.31,3.84,1.68,3,11,3,4,17,3.0,3.0,0.0,0.0,5.0,8.0,-3.0,1.0,3.0,-2.0,4.0,5.0,-1.0,1.0,1.0,0.0,0.0,0.0,0.0,31.2,31.2,75.0,12.5,14.0,17.0,19.0,12.0,1526.7,1772.5
2022-04-20,2021,Celta,Getafe,0,2,A,U,2.21,3.07,3.77,2,3,2,1,17,1.0,0.0,1.0,2.0,5.0,1.0,4.0,5.0,5.0,0.0,0.0,-4.0,4.0,0.0,0.0,0.0,0.0,2.0,-2.0,31.2,43.8,0.0,56.2,15.0,5.0,15.0,9.0,1524.8,1472.9
2022-04-20,2021,Ath Madrid,Granada,0,0,D,U,1.3,5.43,10.75,1,2,11,1,17,3.0,1.0,0.0,2.0,8.0,6.0,2.0,3.0,9.0,-6.0,5.0,-3.0,8.0,1.0,0.0,1.0,0.0,2.0,-2.0,68.8,12.5,12.5,50.0,16.0,8.0,14.0,11.0,1679.2,1440.1
2022-04-19,2021,Villarreal,Valencia,2,0,H,U,1.46,4.69,7.11,5,1,3,2,17,2.0,1.0,0.0,0.0,7.0,2.0,5.0,2.0,1.0,1.0,5.0,1.0,4.0,1.0,0.0,1.0,0.0,0.0,0.0,56.2,12.5,31.2,37.5,19.0,5.0,22.0,9.0,1573.5,1524.0
2022-04-19,2021,Mallorca,Alaves,2,1,H,O,2.0,3.24,4.34,3,4,0,6,17,1.0,0.0,2.0,3.0,1.0,1.0,0.0,5.0,6.0,-1.0,-4.0,-5.0,1.0,0.0,0.0,0.0,2.0,1.0,1.0,31.2,31.2,6.2,75.0,7.0,7.0,5.0,9.0,1416.3,1423.0
2022-04-19,2021,Betis,Elche,0,1,A,U,1.55,4.24,6.36,3,1,2,3,17,2.0,1.0,1.0,2.0,6.0,2.0,4.0,4.0,5.0,-1.0,2.0,-3.0,5.0,1.0,0.0,1.0,1.0,1.0,0.0,56.2,31.2,18.8,62.5,19.0,7.0,26.0,10.0,1601.9,1467.7
2022-04-18,2021,Barcelona,Cadiz,0,1,A,U,1.22,6.63,13.92,6,4,8,1,15,3.0,0.0,0.0,1.0,9.0,1.0,8.0,0.0,2.0,-2.0,9.0,-1.0,10.0,2.0,0.0,2.0,0.0,0.0,0.0,71.4,14.3,20.0,46.7,22.0,10.0,19.0,11.0,1728.6,1462.6
2022-04-17,2021,Sevilla,Real Madrid,2,3,A,O,2.97,3.35,2.44,2,6,0,3,16,2.0,3.0,0.0,0.0,6.0,6.0,0.0,3.0,1.0,2.0,3.0,5.0,-2.0,1.0,1.0,0.0,0.0,0.0,0.0,73.3,0.0,73.3,13.3,11.0,17.0,25.0,18.0,1673.2,1765.1
2022-04-17,2021,Granada,Levante,1,4,A,O,2.36,3.55,2.96,4,8,13,2,16,0.0,0.0,1.0,2.0,2.0,3.0,-1.0,3.0,7.0,-4.0,-1.0,-4.0,3.0,0.0,0.0,0.0,0.0,2.0,-2.0,26.7,40.0,6.7,73.3,14.0,9.0,8.0,9.0,1450.7,1430.7
2022-04-17,2021,Ath Madrid,Espanol,2,1,H,O,1.43,4.5,8.03,3,5,6,3,16,3.0,0.0,0.0,2.0,8.0,2.0,6.0,2.0,7.0,-5.0,6.0,-5.0,11.0,2.0,0.0,2.0,0.0,1.0,-1.0,66.7,13.3,6.7,60.0,19.0,5.0,13.0,5.0,1674.4,1474.0
2022-04-17,2021,Ath Bilbao,Celta,0,2,A,U,1.83,3.57,4.59,2,4,5,4,16,2.0,0.0,0.0,3.0,6.0,0.0,6.0,3.0,4.0,-1.0,3.0,-4.0,7.0,1.0,0.0,1.0,0.0,1.0,-1.0,53.3,26.7,26.7,40.0,26.0,9.0,19.0,18.0,1547.4,1513.9
2022-04-16,2021,Valencia,Osasuna,1,2,A,O,2.15,3.25,3.7,4,3,9,5,16,1.0,0.0,1.0,3.0,4.0,1.0,3.0,5.0,9.0,-4.0,-1.0,-8.0,7.0,1.0,0.0,1.0,1.0,2.0,-1.0,33.3,20.0,40.0,46.7,10.0,7.0,15.0,13.0,1534.6,1516.2
2022-04-16,2021,Getafe,Villarreal,1,2,A,O,3.1,3.11,2.51,5,6,6,6,16,1.0,0.0,0.0,3.0,3.0,0.0,3.0,2.0,4.0,-2.0,1.0,-4.0,5.0,0.0,0.0,0.0,0.0,1.0,-1.0,46.7,26.7,20.0,46.7,12.0,4.0,16.0,19.0,1480.4,1565.9
2022-04-16,2021,Elche,Mallorca,3,0,H,O,2.68,3.05,2.92,2,2,2,1,16,0.0,0.0,3.0,3.0,2.0,3.0,-1.0,5.0,6.0,-1.0,-3.0,-3.0,0.0,0.0,0.0,0.0,0.0,0.0,0.0,33.3,33.3,13.3,73.3,6.0,7.0,17.0,12.0,1458.6,1425.3
2022-04-16,2021,Alaves,Vallecano,1,0,H,U,2.71,3.13,2.81,5,3,2,12,16,1.0,0.0,1.0,2.0,4.0,3.0,1.0,4.0,6.0,-2.0,0.0,-3.0,3.0,0.0,0.0,0.0,0.0,1.0,-1.0,26.7,46.7,7.1,71.4,13.0,9.0,16.0,13.0,1412.1,1443.2
2022-04-15,2021,Sociedad,Betis,0,0,D,U,2.14,3.48,3.48,2,2,8,1,16,3.0,1.0,0.0,1.0,3.0,3.0,0.0,0.0,3.0,-3.0,3.0,0.0,3.0,0.0,0.0,0.0,0.0,0.0,0.0,60.0,13.3,53.3,26.7,17.0,6.0,18.0,10.0,1606.5,1601.8
2022-04-11,2021,Vallecano,Valencia,1,1,D,U,2.25,3.27,3.4,4,2,5,4,16,0.0,2.0,2.0,0.0,1.0,2.0,-1.0,3.0,0.0,3.0,-2.0,2.0,-4.0,0.0,0.0,0.0,0.0,0.0,0.0,53.3,26.7,33.3,40.0,10.0,7.0,13.0,6.0,1440.5,1537.3
2022-04-10,2021,Osasuna,Alaves,1,0,H,U,1.97,3.32,4.34,4,2,7,3,16,2.0,0.0,1.0,2.0,4.0,3.0,1.0,4.0,7.0,-3.0,0.0,-4.0,4.0,1.0,0.0,1.0,1.0,1.0,0.0,26.7,33.3,6.7,73.3,14.0,8.0,16.0,7.0,1508.7,1419.6
2022-04-10,2021,Levante,Barcelona,2,3,A,O,6.6,4.97,1.45,6,7,4,3,16,2.0,3.0,0.0,0.0,6.0,10.0,-4.0,1.0,2.0,-1.0,5.0,8.0,-3.0,2.0,2.0,0.0,0.0,0.0,0.0,20.0,33.3,40.0,13.3,11.0,25.0,12.0,12.0,1433.8,1725.4
2022-04-10,2021,Espanol,Celta,1,0,H,U,2.81,3.14,2.73,2,5,2,3,16,2.0,0.0,0.0,2.0,4.0,0.0,4.0,1.0,3.0,-2.0,3.0,-3.0,6.0,1.0,0.0,1.0,0.0,1.0,-1.0,53.3,20.0,28.6,35.7,8.0,5.0,10.0,18.0,1462.2,1525.7
2022-04-10,2021,Elche,Sociedad,1,2,A,O,3.86,3.44,2.03,1,6,8,9,15,1.0,1.0,2.0,1.0,3.0,3.0,0.0,4.0,4.0,0.0,-1.0,-1.0,0.0,0.0,1.0,-1.0,0.0,1.0,-1.0,35.7,28.6,33.3,33.3,10.0,6.0,11.0,8.0,1464.9,1600.3
2022-04-09,2021,Villarreal,Ath Bilbao,1,1,D,U,2.33,3.35,3.2,5,6,7,2,16,2.0,0.0,0.0,3.0,6.0,2.0,4.0,1.0,8.0,-7.0,5.0,-6.0,11.0,1.0,0.0,1.0,0.0,1.0,-1.0,60.0,13.3,20.0,26.7,16.0,7.0,18.0,12.0,1566.4,1546.8
2022-04-09,2021,Real Madrid,Getafe,2,0,H,U,1.41,4.57,8.73,8,0,10,2,16,2.0,0.0,1.0,1.0,7.0,2.0,5.0,5.0,4.0,1.0,2.0,-2.0,4.0,2.0,0.0,2.0,1.0,1.0,0.0,66.7,6.7,0.0,53.3,21.0,6.0,18.0,9.0,1761.7,1483.8
2022-04-09,2021,Mallorca,Ath Madrid,1,0,H,U,4.33,3.35,1.95,3,1,1,6,16,0.0,3.0,3.0,0.0,0.0,7.0,-7.0,6.0,1.0,5.0,-6.0,6.0,-12.0,0.0,2.0,-2.0,2.0,0.0,2.0,26.7,33.3,46.7,33.3,7.0,13.0,18.0,11.0,1408.6,1691.1
2022-04-09,2021,Cadiz,Betis,1,2,A,O,3.38,3.23,2.29,4,3,8,4,16,2.0,1.0,0.0,1.0,4.0,5.0,-1.0,1.0,4.0,-3.0,3.0,1.0,2.0,1.0,1.0,0.0,0.0,0.0,0.0,13.3,33.3,50.0,28.6,16.0,14.0,18.0,13.0,1469.2,1595.2
2022-04-08,2021,Sevilla,Granada,4,2,H,O,1.48,4.26,7.74,8,5,14,3,15,2.0,1.0,0.0,2.0,4.0,4.0,0.0,1.0,7.0,-6.0,3.0,-3.0,6.0,1.0,0.0,1.0,0.0,2.0,-2.0,71.4,0.0,13.3,46.7,9.0,5.0,16.0,13.0,1668.6,1455.2
2022-04-04,2021,Sociedad,Espanol,1,0,H,U,1.61,4.04,5.83,6,2,6,0,15,3.0,0.0,0.0,2.0,4.0,3.0,1.0,0.0,8.0,-8.0,4.0,-5.0,9.0,1.0,0.0,1.0,0.0,1.0,-1.0,57.1,14.3,7.1,57.1,19.0,6.0,18.0,8.0,1593.7,1468.8
2022-04-03,2021,Valencia,Cadiz,0,0,D,U,1.9,3.36,4.59,1,3,4,3,15,1.0,0.0,1.0,2.0,4.0,2.0,2.0,5.0,4.0,1.0,-1.0,-2.0,1.0,1.0,0.0,1.0,1.0,0.0,1.0,35.7,21.4,21.4,50.0,12.0,12.0,20.0,12.0,1539.3,1467.1
2022-04-03,2021,Granada,Vallecano,2,2,D,O,2.63,3.16,2.89,9,4,5,4,15,0.0,0.0,2.0,3.0,1.0,1.0,0.0,5.0,6.0,-1.0,-4.0,-5.0,1.0,0.0,0.0,0.0,1.0,2.0,-1.0,28.6,42.9,7.7,76.9,10.0,5.0,12.0,11.0,1455.7,1440.0
2022-04-03,2021,Betis,Osasuna,4,1,H,O,1.98,3.44,4.05,8,3,11,7,16,2.0,1.0,1.0,2.0,4.0,3.0,1.0,4.0,5.0,-1.0,0.0,-2.0,2.0,0.0,1.0,-1.0,1.0,1.0,0.0,53.3,33.3,42.9,42.9,16.0,9.0,19.0,11.0,1587.2,1516.7
2022-04-03,2021,Barcelona,Sevilla,1,0,H,U,1.48,4.5,7.02,6,3,9,2,14,3.0,0.0,0.0,0.0,12.0,2.0,10.0,2.0,2.0,0.0,10.0,0.0,10.0,3.0,0.0,3.0,0.0,0.0,0.0,69.2,15.4,33.3,13.3,20.0,8.0,13.0,18.0,1716.6,1677.5
2022-04-03,2021,Ath Bilbao,Elche,2,1,H,O,1.48,4.35,7.38,6,2,7,4,15,2.0,1.0,0.0,2.0,8.0,1.0,7.0,2.0,5.0,-3.0,6.0,-4.0,10.0,2.0,0.0,2.0,0.0,2.0,-2.0,50.0,28.6,20.0,60.0,28.0,6.0,18.0,10.0,1538.7,1473.1
2022-04-02,2021,Levante,Villarreal,2,0,H,U,3.7,3.73,1.98,4,2,1,8,15,1.0,1.0,1.0,2.0,6.0,4.0,2.0,5.0,3.0,2.0,1.0,1.0,0.0,1.0,1.0,0.0,1.0,0.0,1.0,14.3,35.7,21.4,42.9,11.0,9.0,16.0,13.0,1419.5,1580.8
2022-04-02,2021,Getafe,Mallorca,1,0,H,U,2.18,3.03,3.98,3,1,5,1,15,1.0,0.0,0.0,3.0,5.0,4.0,1.0,2.0,7.0,-5.0,3.0,-3.0,6.0,1.0,0.0,1.0,0.0,0.0,0.0,42.9,28.6,14.3,71.4,17.0,7.0,13.0,18.0,1475.5,1417.0
2022-04-02,2021,Celta,Real Madrid,1,2,A,O,4.05,3.67,1.92,4,6,9,3,16,1.0,2.0,0.0,0.0,5.0,4.0,1.0,4.0,0.0,4.0,1.0,4.0,-3.0,0.0,1.0,-1.0,0.0,0.0,0.0,33.3,40.0,71.4,14.3,15.0,17.0,8.0,18.0,1529.9,1757.4
2022-04-02,2021,Ath Madrid,Alaves,4,1,H,O,1.37,4.76,9.77,8,1,8,2,15,2.0,0.0,1.0,2.0,4.0,2.0,2.0,2.0,6.0,-4.0,2.0,-4.0,6.0,1.0,0.0,1.0,0.0,1.0,-1.0,64.3,14.3,7.1,71.4,12.0,9.0,10.0,6.0,1687.5,1423.2
2022-03-20,2021,Sevilla,Sociedad,0,0,D,U,2.11,3.25,3.87,0,2,7,3,14,2.0,1.0,0.0,2.0,6.0,3.0,3.0,3.0,8.0,-5.0,3.0,-5.0,8.0,1.0,1.0,0.0,0.0,2.0,-2.0,76.9,0.0,35.7,35.7,14.0,6.0,16.0,9.0,1680.0,1591.2
2022-03-20,2021,Real Madrid,Barcelona,0,4,A,O,2.15,3.66,3.29,4,10,4,3,15,3.0,2.0,0.0,0.0,8.0,8.0,0.0,1.0,4.0,-3.0,7.0,4.0,3.0,2.0,1.0,1.0,0.0,0.0,0.0,71.4,0.0,35.7,14.3,28.0,19.0,23.0,14.0,1769.3,1704.7
2022-03-20,2021,Espanol,Mallorca,1,0,H,U,2.1,3.43,3.63,3,3,6,6,15,1.0,0.0,0.0,3.0,5.0,4.0,1.0,3.0,9.0,-6.0,2.0,-5.0,7.0,1.0,0.0,1.0,0.0,1.0,-1.0,50.0,21.4,15.4,69.2,9.0,6.0,7.0,18.0,1459.8,1426.0
2022-03-20,2021,Celta,Betis,0,0,D,U,2.23,3.41,3.3,3,1,2,2,15,2.0,2.0,0.0,1.0,7.0,9.0,-2.0,4.0,5.0,-1.0,3.0,4.0,-1.0,1.0,2.0,-1.0,0.0,0.0,0.0,35.7,42.9,53.8,30.8,15.0,21.0,13.0,16.0,1528.2,1589.0
2022-03-20,2021,Cadiz,Villarreal,1,0,H,U,4.7,3.6,1.81,7,1,6,3,15,1.0,2.0,0.0,1.0,3.0,6.0,-3.0,1.0,2.0,-1.0,2.0,4.0,-2.0,1.0,2.0,-1.0,0.0,0.0,0.0,7.1,35.7,23.1,38.5,11.0,11.0,15.0,16.0,1453.3,1594.6
2022-03-19,2021,Vallecano,Ath Madrid,0,1,A,U,3.94,3.31,2.05,3,3,3,6,15,0.0,2.0,2.0,1.0,1.0,8.0,-7.0,5.0,5.0,0.0,-4.0,3.0,-7.0,0.0,2.0,-2.0,1.0,1.0,0.0,57.1,21.4,42.9,35.7,10.0,14.0,14.0,10.0,1444.0,1683.5
2022-03-19,2021,Osasuna,Levante,3,1,H,O,1.92,3.51,4.23,7,4,6,1,15,1.0,1.0,1.0,1.0,1.0,3.0,-2.0,3.0,4.0,-1.0,-2.0,-1.0,-1.0,0.0,0.0,0.0,1.0,1.0,0.0,21.4,35.7,7.1,71.4,10.0,10.0,11.0,11.0,1509.0,1427.2
2022-03-19,2021,Elche,Valencia,0,1,A,U,2.72,3.18,2.77,2,3,4,2,14,2.0,1.0,1.0,1.0,6.0,2.0,4.0,4.0,2.0,2.0,2.0,0.0,2.0,1.0,0.0,1.0,0.0,0.0,0.0,38.5,23.1,28.6,42.9,12.0,8.0,14.0,13.0,1481.6,1530.7
2022-03-19,2021,Alaves,Granada,2,3,A,O,2.06,3.31,3.92,6,3,6,2,15,1.0,0.0,1.0,3.0,2.0,1.0,1.0,2.0,6.0,-4.0,0.0,-5.0,5.0,0.0,0.0,0.0,0.0,2.0,-2.0,28.6,42.9,7.1,50.0,9.0,5.0,11.0,13.0,1432.8,1446.0
2022-03-18,2021,Ath Bilbao,Getafe,1,1,D,U,1.76,3.28,6.0,11,2,8,2,14,3.0,0.0,0.0,2.0,9.0,4.0,5.0,2.0,7.0,-5.0,7.0,-3.0,10.0,2.0,0.0,2.0,0.0,1.0,-1.0,53.8,30.8,0.0,57.1,21.0,8.0,15.0,11.0,1540.6,1473.6
2022-03-14,2021,Mallorca,Real Madrid,0,3,A,O,5.78,4.28,1.56,3,5,1,6,15,1.0,1.0,2.0,1.0,3.0,1.0,2.0,5.0,1.0,4.0,-2.0,0.0,-2.0,0.0,0.0,0.0,1.0,0.0,1.0,28.6,28.6,69.2,15.4,9.0,16.0,23.0,21.0,1428.5,1766.8
2022-03-13,2021,Vallecano,Sevilla,1,1,D,U,3.34,3.17,2.33,2,2,5,6,14,0.0,0.0,3.0,0.0,0.0,1.0,-1.0,5.0,1.0,4.0,-5.0,0.0,-5.0,0.0,0.0,0.0,1.0,0.0,1.0,61.5,23.1,35.7,14.3,11.0,10.0,18.0,13.0,1437.9,1686.2
2022-03-13,2021,Sociedad,Alaves,1,0,H,U,1.51,4.18,6.98,6,4,6,4,14,2.0,0.0,0.0,2.0,3.0,3.0,0.0,0.0,8.0,-8.0,3.0,-5.0,8.0,1.0,0.0,1.0,0.0,2.0,-2.0,53.8,15.4,7.7,69.2,16.0,7.0,19.0,5.0,1585.2,1438.8
2022-03-13,2021,Betis,Ath Bilbao,1,0,H,U,2.37,3.28,3.17,5,2,5,6,15,1.0,1.0,2.0,2.0,3.0,3.0,0.0,6.0,7.0,-1.0,-3.0,-4.0,1.0,0.0,0.0,0.0,2.0,1.0,1.0,50.0,35.7,21.4,21.4,14.0,8.0,20.0,13.0,1579.8,1549.7
2022-03-13,2021,Barcelona,Osasuna,4,0,H,O,1.34,5.2,9.51,9,3,5,1,13,3.0,2.0,0.0,1.0,11.0,5.0,6.0,4.0,1.0,3.0,7.0,4.0,3.0,2.0,2.0,0.0,0.0,0.0,0.0,66.7,16.7,46.2,38.5,19.0,13.0,13.0,13.0,1699.6,1514.1
2022-03-12,2021,Villarreal,Celta,1,0,H,U,1.67,4.1,5.02,3,2,5,6,15,2.0,0.0,0.0,1.0,8.0,2.0,6.0,1.0,4.0,-3.0,7.0,-2.0,9.0,2.0,0.0,2.0,0.0,1.0,-1.0,57.1,14.3,30.8,30.8,19.0,7.0,23.0,12.0,1586.0,1536.8
2022-03-12,2021,Levante,Espanol,1,1,D,U,2.31,3.45,3.13,3,1,8,2,14,1.0,0.0,2.0,2.0,5.0,4.0,1.0,6.0,9.0,-3.0,-1.0,-5.0,4.0,1.0,0.0,1.0,2.0,1.0,1.0,15.4,38.5,7.7,61.5,16.0,12.0,16.0,8.0,1426.2,1460.8
2022-03-12,2021,Granada,Elche,0,1,A,U,2.29,3.2,3.38,4,2,3,3,14,0.0,0.0,2.0,2.0,1.0,2.0,-1.0,6.0,7.0,-1.0,-5.0,-5.0,0.0,0.0,0.0,0.0,2.0,2.0,0.0,30.8,38.5,14.3,64.3,8.0,6.0,13.0,10.0,1455.6,1472.1
2022-03-12,2021,Getafe,Valencia,0,0,D,U,2.37,3.14,3.3,6,0,5,3,14,2.0,1.0,0.0,2.0,9.0,4.0,5.0,4.0,5.0,-1.0,5.0,-1.0,6.0,2.0,0.0,2.0,0.0,0.0,0.0,46.2,30.8,30.8,46.2,15.0,11.0,12.0,14.0,1471.8,1532.5
2022-03-11,2021,Ath Madrid,Cadiz,2,1,H,O,1.39,4.6,10.05,5,3,0,4,14,2.0,1.0,1.0,1.0,6.0,3.0,3.0,4.0,2.0,2.0,2.0,1.0,1.0,1.0,1.0,0.0,0.0,0.0,0.0,61.5,15.4,23.1,46.2,14.0,11.0,15.0,10.0,1679.1,1457.6
2022-03-07,2021,Ath Bilbao,Levante,3,1,H,O,1.56,4.15,6.04,9,2,4,3,13,2.0,1.0,1.0,1.0,7.0,2.0,5.0,3.0,4.0,-1.0,4.0,-2.0,6.0,1.0,0.0,1.0,0.0,1.0,-1.0,50.0,33.3,7.7,69.2,14.0,10.0,18.0,16.0,1542.8,1433.1
2022-03-06,2021,Elche,Barcelona,1,2,A,O,7.64,4.73,1.42,3,9,5,6,13,3.0,2.0,0.0,0.0,6.0,7.0,-1.0,2.0,3.0,-1.0,4.0,4.0,0.0,1.0,1.0,0.0,0.0,0.0,0.0,41.7,16.7,30.8,15.4,11.0,14.0,12.0,18.0,1476.6,1695.2
2022-03-06,2021,Celta,Mallorca,4,3,H,O,1.77,3.49,5.15,8,3,4,5,14,2.0,0.0,0.0,3.0,5.0,1.0,4.0,1.0,7.0,-6.0,4.0,-6.0,10.0,2.0,0.0,2.0,0.0,2.0,-2.0,30.8,46.2,16.7,66.7,10.0,11.0,9.0,18.0,1529.4,1435.9
2022-03-06,2021,Cadiz,Vallecano,2,0,H,U,2.81,3.03,2.79,7,3,5,6,14,0.0,0.0,0.0,3.0,3.0,1.0,2.0,3.0,6.0,-3.0,0.0,-5.0,5.0,0.0,0.0,0.0,0.0,2.0,-2.0,0.0,38.5,8.3,75.0,8.0,2.0,13.0,7.0,1447.6,1447.9
2022-03-06,2021,Betis,Ath Madrid,1,3,A,O,3.08,3.29,2.4,6,6,10,3,14,2.0,1.0,1.0,1.0,6.0,7.0,-1.0,3.0,6.0,-3.0,3.0,1.0,2.0,1.0,1.0,0.0,1.0,1.0,0.0,53.8,30.8,38.5,38.5,13.0,13.0,18.0,10.0,1587.5,1671.5
2022-03-05,2021,Valencia,Granada,3,1,H,O,1.79,3.69,4.61,4,0,3,6,14,0.0,0.0,1.0,3.0,2.0,2.0,0.0,5.0,7.0,-2.0,-3.0,-5.0,2.0,0.0,0.0,0.0,1.0,2.0,-1.0,30.8,23.1,7.7,46.2,10.0,9.0,21.0,15.0,1524.2,1463.8
2022-03-05,2021,Real Madrid,Sociedad,4,1,H,O,1.62,4.13,5.42,8,1,7,1,14,2.0,1.0,0.0,1.0,6.0,2.0,4.0,2.0,4.0,-2.0,4.0,-2.0,6.0,1.0,1.0,0.0,0.0,1.0,-1.0,69.2,0.0,38.5,30.8,28.0,7.0,26.0,17.0,1761.3,1590.6
2022-03-05,2021,Osasuna,Villarreal,1,0,H,U,3.65,3.41,2.11,3,1,6,8,14,1.0,2.0,1.0,1.0,2.0,6.0,-4.0,3.0,2.0,1.0,-1.0,4.0,-5.0,1.0,2.0,-1.0,1.0,0.0,1.0,15.4,38.5,25.0,33.3,12.0,14.0,10.0,16.0,1501.4,1598.8
2022-03-05,2021,Espanol,Getafe,2,0,H,U,2.24,3.09,3.66,1,3,1,5,14,0.0,0.0,1.0,1.0,4.0,4.0,0.0,7.0,5.0,2.0,-3.0,-1.0,-2.0,0.0,0.0,0.0,1.0,0.0,1.0,46.2,23.1,0.0,53.8,12.0,7.0,12.0,8.0,1449.8,1482.8
2022-03-04,2021,Alaves,Sevilla,0,0,D,U,4.48,3.13,2.01,2,4,5,5,14,1.0,0.0,1.0,0.0,2.0,2.0,0.0,2.0,2.0,0.0,0.0,0.0,0.0,0.0,0.0,0.0,0.0,0.0,0.0,30.8,46.2,38.5,15.4,8.0,9.0,13.0,12.0,1432.5,1692.5
2022-03-02,2021,Mallorca,Sociedad,0,2,A,U,3.47,3.21,2.25,1,3,3,4,14,2.0,0.0,1.0,1.0,5.0,1.0,4.0,4.0,5.0,-1.0,1.0,-4.0,5.0,0.0,0.0,0.0,0.0,1.0,-1.0,30.8,23.1,33.3,33.3,13.0,8.0,26.0,16.0,1442.0,1584.5
2022-02-28,2021,Granada,Cadiz,0,0,D,U,2.01,3.33,4.04,1,4,0,4,13,0.0,1.0,2.0,2.0,2.0,3.0,-1.0,7.0,4.0,3.0,-5.0,-1.0,-4.0,0.0,1.0,-1.0,2.0,1.0,1.0,33.3,41.7,25.0,50.0,11.0,8.0,16.0,13.0,1464.3,1447.1
2022-02-27,2021,Villarreal,Espanol,5,1,H,O,1.49,4.4,6.91,11,2,10,3,14,1.0,1.0,0.0,1.0,5.0,5.0,0.0,2.0,5.0,-3.0,3.0,0.0,3.0,1.0,0.0,1.0,0.0,0.0,0.0,53.8,15.4,8.3,58.3,11.0,14.0,20.0,10.0,1592.5,1456.1
2022-02-27,2021,Sociedad,Osasuna,1,0,H,U,1.89,3.33,4.69,5,1,6,5,13,2.0,2.0,0.0,1.0,3.0,5.0,-2.0,0.0,2.0,-2.0,3.0,3.0,0.0,1.0,2.0,-1.0,0.0,1.0,-1.0,50.0,16.7,50.0,33.3,14.0,12.0,19.0,13.0,1576.4,1509.5
2022-02-27,2021,Sevilla,Betis,2,1,H,O,2.22,3.2,3.58,3,2,4,4,13,2.0,2.0,0.0,0.0,5.0,9.0,-4.0,2.0,4.0,-2.0,3.0,5.0,-2.0,1.0,2.0,-1.0,0.0,0.0,0.0,75.0,0.0,58.3,25.0,12.0,24.0,17.0,16.0,1685.0,1594.9
2022-02-27,2021,Barcelona,Ath Bilbao,4,0,H,O,1.59,4.12,5.87,7,3,5,0,12,2.0,1.0,1.0,1.0,7.0,3.0,4.0,5.0,3.0,2.0,2.0,0.0,2.0,1.0,0.0,1.0,0.0,0.0,0.0,63.6,18.2,23.1,15.4,15.0,7.0,14.0,18.0,1689.0,1548.9
2022-02-26,2021,Vallecano,Real Madrid,0,1,A,U,5.07,4.05,1.67,5,6,5,9,13,0.0,1.0,2.0,1.0,1.0,2.0,-1.0,5.0,2.0,3.0,-4.0,0.0,-4.0,0.0,0.0,0.0,1.0,0.0,1.0,66.7,16.7,66.7,16.7,13.0,17.0,19.0,12.0,1450.8,1758.4
2022-02-26,2021,Mallorca,Valencia,0,1,A,U,2.47,3.17,3.11,3,4,14,1,13,2.0,0.0,1.0,3.0,5.0,4.0,1.0,4.0,9.0,-5.0,1.0,-5.0,6.0,0.0,0.0,0.0,0.0,1.0,-1.0,33.3,16.7,25.0,50.0,13.0,14.0,16.0,21.0,1450.1,1516.0
2022-02-26,2021,Getafe,Alaves,2,2,D,O,1.95,3.11,4.76,3,3,6,1,13,3.0,0.0,0.0,3.0,8.0,1.0,7.0,2.0,10.0,-8.0,6.0,-9.0,15.0,2.0,0.0,2.0,0.0,3.0,-3.0,50.0,33.3,8.3,75.0,15.0,6.0,8.0,7.0,1484.3,1430.9
2022-02-26,2021,Ath Madrid,Celta,2,0,H,U,1.63,3.87,5.83,6,2,5,9,13,2.0,0.0,1.0,1.0,7.0,2.0,5.0,6.0,3.0,3.0,1.0,-1.0,2.0,0.0,0.0,0.0,0.0,0.0,0.0,58.3,16.7,33.3,25.0,14.0,5.0,15.0,7.0,1665.0,1535.9
2022-02-25,2021,Levante,Elche,3,0,H,O,2.08,3.32,3.87,4,3,3,3,13,1.0,1.0,2.0,1.0,4.0,4.0,0.0,6.0,5.0,1.0,-2.0,-1.0,-1.0,1.0,0.0,1.0,2.0,1.0,1.0,8.3,41.7,15.4,61.5,20.0,5.0,18.0,7.0,1421.2,1488.5
2022-02-21,2021,Celta,Levante,1,1,D,U,1.63,4.11,5.33,4,3,2,5,13,3.0,1.0,0.0,2.0,7.0,1.0,6.0,1.0,8.0,-7.0,6.0,-7.0,13.0,3.0,0.0,3.0,0.0,2.0,-2.0,33.3,50.0,8.3,75.0,11.0,10.0,10.0,16.0,1539.2,1417.9
2022-02-20,2021,Valencia,Barcelona,1,4,A,O,3.66,3.69,2.0,5,6,8,3,13,0.0,1.0,1.0,0.0,2.0,4.0,-2.0,3.0,3.0,0.0,-1.0,1.0,-2.0,0.0,0.0,0.0,0.0,0.0,0.0,33.3,16.7,25.0,16.7,7.0,9.0,20.0,17.0,1521.7,1683.3
2022-02-20,2021,Espanol,Sevilla,1,1,D,U,3.52,3.25,2.22,4,2,3,7,13,0.0,1.0,2.0,0.0,4.0,2.0,2.0,8.0,1.0,7.0,-4.0,1.0,-5.0,0.0,0.0,0.0,1.0,0.0,1.0,50.0,25.0,41.7,16.7,11.0,11.0,22.0,13.0,1450.1,1691.0
2022-02-20,2021,Betis,Mallorca,2,1,H,O,1.58,4.12,5.97,5,1,4,7,13,1.0,0.0,2.0,3.0,4.0,1.0,3.0,4.0,9.0,-5.0,0.0,-8.0,8.0,1.0,0.0,1.0,2.0,3.0,-1.0,50.0,33.3,18.2,63.6,15.0,15.0,17.0,13.0,1588.6,1456.5
2022-02-20,2021,Ath Bilbao,Sociedad,4,0,H,O,2.47,2.93,3.36,8,2,6,4,12,2.0,0.0,1.0,1.0,6.0,1.0,5.0,5.0,5.0,0.0,1.0,-4.0,5.0,0.0,0.0,0.0,0.0,1.0,-1.0,45.5,36.4,36.4,27.3,12.0,11.0,17.0,19.0,1537.5,1587.9
2022-02-19,2021,Real Madrid,Alaves,3,0,H,O,1.22,6.55,14.19,9,2,7,1,13,2.0,0.0,0.0,3.0,7.0,3.0,4.0,3.0,12.0,-9.0,4.0,-9.0,13.0,1.0,0.0,1.0,0.0,3.0,-3.0,66.7,0.0,9.1,72.7,27.0,6.0,22.0,8.0,1755.7,1433.6
2022-02-19,2021,Osasuna,Ath Madrid,0,3,A,O,3.74,3.3,2.11,4,4,4,2,13,1.0,0.0,1.0,2.0,3.0,5.0,-2.0,3.0,8.0,-5.0,0.0,-3.0,3.0,1.0,0.0,1.0,1.0,1.0,0.0,16.7,33.3,33.3,41.7,12.0,12.0,10.0,15.0,1515.5,1659.0
2022-02-19,2021,Granada,Villarreal,1,4,A,O,4.08,3.49,1.96,5,7,9,2,12,1.0,2.0,1.0,1.0,3.0,5.0,-2.0,4.0,2.0,2.0,-1.0,3.0,-4.0,0.0,2.0,-2.0,1.0,0.0,1.0,36.4,36.4,18.2,36.4,10.0,15.0,9.0,19.0,1471.2,1585.7
2022-02-19,2021,Cadiz,Getafe,1,1,D,U,3.19,2.94,2.56,2,1,7,2,13,0.0,0.0,1.0,2.0,2.0,3.0,-1.0,3.0,5.0,-2.0,-1.0,-2.0,1.0,0.0,0.0,0.0,0.0,0.0,0.0,0.0,41.7,0.0,58.3,8.0,8.0,8.0,8.0,1446.0,1485.4
2022-02-18,2021,Elche,Vallecano,2,1,H,O,3.1,2.9,2.68,5,2,2,3,12,2.0,0.0,0.0,3.0,4.0,0.0,4.0,1.0,6.0,-5.0,3.0,-6.0,9.0,1.0,0.0,1.0,0.0,3.0,-3.0,36.4,18.2,9.1,72.7,8.0,7.0,16.0,10.0,1479.0,1460.3
2022-02-16,2021,Ath Madrid,Levante,0,1,A,U,1.33,5.15,10.11,1,5,5,3,12,3.0,0.0,0.0,3.0,9.0,3.0,6.0,5.0,12.0,-7.0,4.0,-9.0,13.0,1.0,0.0,1.0,0.0,2.0,-2.0,63.6,9.1,0.0,81.8,18.0,10.0,18.0,15.0,1675.5,1401.3
2022-02-14,2021,Mallorca,Ath Bilbao,3,2,H,O,3.37,3.12,2.33,5,2,6,6,12,1.0,2.0,1.0,0.0,2.0,4.0,-2.0,2.0,1.0,1.0,0.0,3.0,-3.0,0.0,1.0,-1.0,0.0,0.0,0.0,27.3,18.2,25.0,8.3,9.0,10.0,17.0,17.0,1443.5,1550.5
2022-02-13,2021,Sociedad,Granada,2,0,H,U,1.41,4.61,8.32,8,2,6,5,12,1.0,0.0,1.0,2.0,2.0,2.0,0.0,3.0,5.0,-2.0,-1.0,-3.0,2.0,0.0,0.0,0.0,1.0,1.0,0.0,45.5,18.2,8.3,41.7,10.0,12.0,18.0,13.0,1580.7,1478.3
2022-02-13,2021,Levante,Betis,2,4,A,O,3.38,3.74,2.08,4,11,5,7,12,1.0,1.0,2.0,1.0,5.0,7.0,-2.0,6.0,5.0,1.0,-1.0,2.0,-3.0,1.0,1.0,0.0,1.0,0.0,1.0,9.1,36.4,54.5,27.3,25.0,21.0,19.0,15.0,1406.6,1583.2
2022-02-13,2021,Espanol,Barcelona,2,2,D,O,4.62,3.92,1.75,4,4,3,5,12,1.0,2.0,2.0,0.0,6.0,3.0,3.0,9.0,1.0,8.0,-3.0,2.0,-5.0,0.0,0.0,0.0,1.0,0.0,1.0,54.5,27.3,27.3,18.2,15.0,9.0,23.0,15.0,1444.0,1689.4
2022-02-13,2021,Alaves,Valencia,2,1,H,O,2.87,3.26,2.56,5,4,5,9,13,0.0,1.0,1.0,2.0,1.0,7.0,-6.0,2.0,10.0,-8.0,-1.0,-3.0,2.0,0.0,0.0,0.0,0.0,1.0,-1.0,25.0,50.0,27.3,45.5,8.0,18.0,10.0,16.0,1420.5,1534.9
2022-02-12,2021,Villarreal,Real Madrid,0,0,D,U,2.57,3.51,2.71,2,6,3,3,13,2.0,2.0,0.0,1.0,10.0,4.0,6.0,2.0,2.0,0.0,8.0,2.0,6.0,2.0,1.0,1.0,0.0,0.0,0.0,58.3,16.7,72.7,18.2,16.0,19.0,23.0,14.0,1580.9,1760.5
2022-02-12,2021,Vallecano,Osasuna,0,3,A,O,2.2,3.17,3.64,3,5,4,5,12,1.0,1.0,1.0,2.0,3.0,2.0,1.0,2.0,3.0,-1.0,1.0,-1.0,2.0,1.0,1.0,0.0,0.0,1.0,-1.0,72.7,9.1,45.5,36.4,15.0,9.0,20.0,11.0,1469.2,1506.6
2022-02-12,2021,Cadiz,Celta,0,0,D,U,3.88,3.33,2.06,2,1,3,3,12,0.0,1.0,1.0,1.0,3.0,4.0,-1.0,4.0,3.0,1.0,-1.0,1.0,-2.0,0.0,1.0,-1.0,0.0,0.0,0.0,0.0,45.5,36.4,27.3,9.0,9.0,13.0,7.0,1443.2,1542.0
2022-02-12,2021,Ath Madrid,Getafe,4,3,H,O,1.44,4.22,8.85,7,4,5,4,11,2.0,0.0,1.0,1.0,6.0,1.0,5.0,4.0,2.0,2.0,2.0,-1.0,3.0,1.0,0.0,1.0,0.0,0.0,0.0,60.0,10.0,0.0,54.5,17.0,6.0,21.0,5.0,1670.3,1490.7
2022-02-11,2021,Sevilla,Elche,2,0,H,U,1.45,4.25,8.47,6,1,5,4,12,1.0,1.0,0.0,1.0,4.0,6.0,-2.0,3.0,6.0,-3.0,1.0,0.0,1.0,0.0,0.0,0.0,0.0,0.0,0.0,72.7,0.0,16.7,58.3,7.0,7.0,16.0,3.0,1686.3,1483.8
2022-02-07,2021,Ath Bilbao,Espanol,2,1,H,O,1.62,3.83,5.8,4,3,5,3,11,1.0,1.0,2.0,1.0,4.0,5.0,-1.0,5.0,6.0,-1.0,-1.0,-1.0,0.0,0.0,0.0,0.0,0.0,1.0,-1.0,40.0,40.0,9.1,54.5,10.0,14.0,21.0,10.0,1543.1,1451.4
2022-02-06,2021,Valencia,Sociedad,0,0,D,U,2.86,3.27,2.57,3,2,9,9,12,1.0,0.0,1.0,2.0,4.0,1.0,3.0,4.0,6.0,-2.0,0.0,-5.0,5.0,0.0,0.0,0.0,0.0,1.0,-1.0,36.4,18.2,40.0,30.0,12.0,13.0,19.0,19.0,1533.5,1582.1
2022-02-06,2021,Real Madrid,Granada,1,0,H,U,1.25,6.26,11.55,11,3,9,2,12,1.0,0.0,0.0,1.0,6.0,3.0,3.0,3.0,5.0,-2.0,3.0,-2.0,5.0,1.0,0.0,1.0,0.0,1.0,-1.0,63.6,0.0,9.1,36.4,25.0,14.0,26.0,12.0,1757.1,1481.7
2022-02-06,2021,Betis,Villarreal,0,2,A,U,2.39,3.57,2.87,3,3,6,6,12,2.0,1.0,1.0,2.0,8.0,3.0,5.0,2.0,3.0,-1.0,6.0,0.0,6.0,2.0,1.0,1.0,1.0,0.0,1.0,54.5,27.3,10.0,40.0,17.0,14.0,15.0,21.0,1593.9,1570.3
2022-02-06,2021,Barcelona,Ath Madrid,4,2,H,O,2.32,3.37,3.17,4,4,3,5,11,2.0,0.0,1.0,2.0,4.0,4.0,0.0,3.0,6.0,-3.0,1.0,-2.0,3.0,0.0,0.0,0.0,0.0,0.0,0.0,60.0,20.0,36.4,36.4,17.0,11.0,15.0,17.0,1679.4,1680.3
2022-02-05,2021,Osasuna,Sevilla,0,0,D,U,3.51,3.15,2.26,3,4,1,1,12,1.0,2.0,1.0,0.0,5.0,3.0,2.0,5.0,1.0,4.0,0.0,2.0,-2.0,1.0,0.0,1.0,1.0,0.0,1.0,18.2,36.4,45.5,18.2,12.0,8.0,15.0,14.0,1501.6,1691.3
2022-02-05,2021,Mallorca,Cadiz,2,1,H,O,1.83,3.39,4.93,5,5,6,4,11,0.0,1.0,1.0,1.0,0.0,2.0,-2.0,1.0,2.0,-1.0,-1.0,0.0,-1.0,0.0,1.0,-1.0,0.0,1.0,-1.0,20.0,20.0,27.3,45.5,6.0,3.0,13.0,11.0,1432.9,1453.8
2022-02-05,2021,Elche,Alaves,3,1,H,O,2.43,3.09,3.25,4,2,7,3,11,2.0,0.0,0.0,3.0,4.0,2.0,2.0,1.0,11.0,-10.0,3.0,-9.0,12.0,1.0,0.0,1.0,0.0,3.0,-3.0,30.0,20.0,10.0,70.0,7.0,8.0,12.0,10.0,1475.1,1429.2
2022-02-05,2021,Celta,Vallecano,2,0,H,U,1.97,3.36,4.16,3,0,7,2,12,2.0,0.0,1.0,2.0,6.0,1.0,5.0,3.0,5.0,-2.0,3.0,-4.0,7.0,2.0,0.0,2.0,0.0,2.0,-2.0,27.3,54.5,10.0,70.0,13.0,13.0,9.0,17.0,1533.6,1477.6
2022-02-04,2021,Getafe,Levante,3,0,H,O,2.02,3.14,4.39,8,2,2,8,12,3.0,0.0,0.0,3.0,6.0,4.0,2.0,2.0,12.0,-10.0,4.0,-8.0,12.0,1.0,0.0,1.0,0.0,2.0,-2.0,45.5,36.4,0.0,80.0,11.0,10.0,10.0,15.0,1482.6,1414.7
2022-01-23,2021,Vallecano,Ath Bilbao,0,1,A,U,2.84,2.88,2.86,3,3,9,7,11,2.0,1.0,0.0,0.0,4.0,3.0,1.0,1.0,1.0,0.0,3.0,2.0,1.0,1.0,1.0,0.0,0.0,0.0,0.0,80.0,0.0,18.2,9.1,12.0,10.0,17.0,13.0,1486.2,1534.4
2022-01-23,2021,Sociedad,Getafe,0,0,D,U,1.66,3.5,6.33,3,2,7,2,11,1.0,0.0,2.0,1.0,2.0,1.0,1.0,5.0,2.0,3.0,-3.0,-1.0,-2.0,0.0,0.0,0.0,2.0,0.0,2.0,50.0,20.0,0.0,60.0,7.0,4.0,16.0,3.0,1585.1,1479.7
2022-01-23,2021,Real Madrid,Elche,2,2,D,O,1.16,7.79,18.27,8,2,10,3,11,2.0,1.0,0.0,2.0,6.0,5.0,1.0,1.0,6.0,-5.0,5.0,-1.0,6.0,2.0,0.0,2.0,0.0,0.0,0.0,70.0,0.0,18.2,63.6,20.0,9.0,19.0,1.0,1764.0,1468.1
2022-01-23,2021,Granada,Osasuna,0,2,A,U,2.54,3.14,2.98,2,7,4,3,11,2.0,0.0,0.0,2.0,7.0,0.0,7.0,3.0,3.0,0.0,4.0,-3.0,7.0,1.0,0.0,1.0,0.0,1.0,-1.0,40.0,30.0,40.0,40.0,14.0,3.0,9.0,10.0,1491.7,1491.6
2022-01-23,2021,Alaves,Barcelona,0,1,A,U,5.83,4.25,1.56,2,4,1,10,12,0.0,1.0,0.0,0.0,2.0,3.0,-1.0,2.0,2.0,0.0,0.0,1.0,-1.0,0.0,0.0,0.0,0.0,0.0,0.0,27.3,45.5,20.0,20.0,7.0,12.0,10.0,14.0,1433.1,1675.4
2022-01-22,2021,Villarreal,Mallorca,3,0,H,O,1.4,4.73,8.05,6,2,10,6,12,2.0,1.0,0.0,2.0,12.0,3.0,9.0,4.0,7.0,-3.0,8.0,-4.0,12.0,2.0,0.0,2.0,0.0,2.0,-2.0,54.5,18.2,20.0,60.0,20.0,16.0,19.0,12.0,1563.7,1439.5
2022-01-22,2021,Sevilla,Celta,2,2,D,O,1.77,3.59,4.95,5,4,7,0,11,2.0,1.0,0.0,1.0,4.0,2.0,2.0,2.0,1.0,1.0,2.0,1.0,1.0,0.0,1.0,-1.0,0.0,0.0,0.0,80.0,0.0,40.0,30.0,4.0,10.0,13.0,11.0,1695.7,1529.1
2022-01-22,2021,Levante,Cadiz,0,2,A,U,1.77,3.68,4.74,8,2,8,2,11,1.0,0.0,1.0,2.0,5.0,1.0,4.0,4.0,5.0,-1.0,1.0,-4.0,5.0,1.0,0.0,1.0,0.0,2.0,-2.0,10.0,30.0,20.0,50.0,20.0,7.0,18.0,12.0,1424.1,1444.4
2022-01-22,2021,Ath Madrid,Valencia,3,2,H,O,1.47,4.27,7.5,6,3,5,4,10,2.0,2.0,1.0,1.0,4.0,7.0,-3.0,2.0,8.0,-6.0,2.0,-1.0,3.0,1.0,0.0,1.0,0.0,1.0,-1.0,55.6,11.1,30.0,40.0,13.0,20.0,23.0,16.0,1674.0,1539.8
2022-01-21,2021,Espanol,Betis,1,4,A,O,3.18,3.33,2.33,4,8,6,5,11,2.0,1.0,1.0,1.0,6.0,4.0,2.0,5.0,4.0,1.0,1.0,0.0,1.0,0.0,0.0,0.0,0.0,0.0,0.0,60.0,20.0,50.0,30.0,13.0,15.0,19.0,11.0,1457.8,1587.5
2022-01-20,2021,Getafe,Granada,4,2,H,O,2.13,3.1,3.9,4,4,4,8,11,2.0,0.0,0.0,0.0,2.0,3.0,-1.0,0.0,3.0,-3.0,2.0,0.0,2.0,0.0,0.0,0.0,0.0,0.0,0.0,40.0,40.0,10.0,30.0,12.0,14.0,11.0,7.0,1468.7,1502.7
2022-01-19,2021,Valencia,Sevilla,1,1,D,U,3.23,3.17,2.38,2,3,4,4,11,1.0,2.0,1.0,1.0,4.0,3.0,1.0,4.0,2.0,2.0,0.0,1.0,-1.0,0.0,0.0,0.0,0.0,0.0,0.0,40.0,20.0,50.0,20.0,14.0,11.0,18.0,14.0,1535.4,1700.1
2022-01-19,2021,Celta,Osasuna,2,0,H,U,1.89,3.41,4.45,3,0,0,5,11,1.0,0.0,1.0,2.0,5.0,0.0,5.0,4.0,2.0,2.0,1.0,-2.0,3.0,1.0,0.0,1.0,0.0,0.0,0.0,20.0,60.0,44.4,33.3,13.0,6.0,12.0,9.0,1519.7,1501.1
2022-01-18,2021,Cadiz,Espanol,2,2,D,O,3.24,3.09,2.42,4,7,3,2,11,0.0,1.0,2.0,2.0,2.0,3.0,-1.0,6.0,5.0,1.0,-4.0,-2.0,-2.0,0.0,0.0,0.0,1.0,1.0,0.0,0.0,50.0,10.0,60.0,5.0,10.0,14.0,11.0,1444.0,1458.2
2022-01-18,2021,Betis,Alaves,4,0,H,O,1.49,4.38,6.82,5,2,8,3,11,2.0,0.0,1.0,3.0,7.0,3.0,4.0,3.0,9.0,-6.0,4.0,-6.0,10.0,2.0,0.0,2.0,1.0,2.0,-1.0,50.0,30.0,11.1,66.7,20.0,8.0,12.0,12.0,1581.4,1439.2
2022-01-16,2021,Elche,Villarreal,1,0,H,U,4.66,3.72,1.78,2,4,3,8,10,1.0,1.0,1.0,1.0,3.0,4.0,-1.0,4.0,3.0,1.0,-1.0,1.0,-2.0,1.0,1.0,0.0,1.0,0.0,1.0,22.2,22.2,11.1,33.3,9.0,16.0,19.0,18.0,1454.8,1577.1
2022-01-10,2021,Espanol,Elche,1,2,A,O,1.87,3.43,4.5,3,2,13,0,10,3.0,0.0,0.0,2.0,7.0,4.0,3.0,3.0,6.0,-3.0,4.0,-2.0,6.0,1.0,0.0,1.0,0.0,0.0,0.0,66.7,11.1,10.0,70.0,16.0,11.0,11.0,5.0,1469.0,1444.0
2022-01-09,2021,Villarreal,Ath Madrid,2,2,D,O,2.81,3.23,2.63,3,5,7,3,11,3.0,0.0,0.0,3.0,12.0,2.0,10.0,2.0,6.0,-4.0,10.0,-4.0,14.0,3.0,0.0,3.0,0.0,1.0,-1.0,60.0,20.0,40.0,40.0,22.0,12.0,17.0,20.0,1574.2,1676.9
2022-01-09,2021,Vallecano,Betis,1,1,D,U,2.52,3.46,2.76,7,5,6,4,10,3.0,2.0,0.0,1.0,6.0,6.0,0.0,1.0,3.0,-2.0,5.0,3.0,2.0,2.0,1.0,1.0,0.0,0.0,0.0,88.9,0.0,55.6,33.3,11.0,14.0,17.0,8.0,1483.4,1584.2
2022-01-09,2021,Sevilla,Getafe,1,0,H,U,1.59,3.66,7.02,1,2,5,2,10,2.0,0.0,0.0,1.0,4.0,1.0,3.0,2.0,2.0,0.0,2.0,-1.0,3.0,0.0,0.0,0.0,0.0,0.0,0.0,77.8,0.0,0.0,55.6,6.0,4.0,13.0,5.0,1695.8,1473.1
2022-01-09,2021,Osasuna,Cadiz,2,0,H,U,1.77,3.36,5.5,5,1,5,7,11,0.0,0.0,1.0,2.0,4.0,1.0,3.0,6.0,7.0,-1.0,-2.0,-6.0,4.0,0.0,0.0,0.0,1.0,2.0,-1.0,10.0,40.0,22.2,44.4,11.0,8.0,15.0,12.0,1492.2,1452.9
2022-01-09,2021,Alaves,Ath Bilbao,0,0,D,U,3.88,3.33,2.03,1,2,7,5,11,0.0,1.0,1.0,1.0,3.0,3.0,0.0,4.0,2.0,2.0,-1.0,1.0,-2.0,0.0,1.0,-1.0,0.0,0.0,0.0,30.0,50.0,20.0,10.0,11.0,10.0,8.0,14.0,1436.4,1537.3
2022-01-08,2021,Sociedad,Celta,1,0,H,U,1.88,3.45,4.44,3,0,6,4,10,0.0,2.0,2.0,0.0,1.0,4.0,-3.0,5.0,1.0,4.0,-4.0,3.0,-7.0,0.0,1.0,-1.0,2.0,0.0,2.0,44.4,22.2,44.4,22.2,6.0,15.0,12.0,10.0,1576.4,1528.3
2022-01-08,2021,Real Madrid,Valencia,4,1,H,O,1.36,5.2,8.61,8,7,3,8,10,2.0,2.0,0.0,0.0,3.0,6.0,-3.0,0.0,4.0,-4.0,3.0,2.0,1.0,1.0,0.0,1.0,0.0,0.0,0.0,66.7,0.0,33.3,33.3,19.0,16.0,23.0,12.0,1759.6,1539.8
2022-01-08,2021,Levante,Mallorca,2,0,H,U,2.19,3.34,3.44,8,8,5,5,10,0.0,1.0,1.0,2.0,3.0,4.0,-1.0,4.0,8.0,-4.0,-1.0,-4.0,3.0,0.0,0.0,0.0,0.0,2.0,-2.0,0.0,33.3,22.2,55.6,14.0,13.0,19.0,11.0,1413.0,1450.5
2022-01-08,2021,Granada,Barcelona,1,1,D,U,4.55,3.79,1.77,4,1,3,2,10,3.0,1.0,0.0,0.0,8.0,4.0,4.0,3.0,3.0,0.0,5.0,1.0,4.0,1.0,0.0,1.0,0.0,0.0,0.0,44.4,33.3,22.2,22.2,12.0,13.0,9.0,17.0,1497.9,1680.2
2022-01-03,2021,Villarreal,Levante,5,0,H,O,1.43,4.83,7.09,7,3,6,5,10,2.0,0.0,1.0,3.0,8.0,5.0,3.0,5.0,9.0,-4.0,3.0,-4.0,7.0,2.0,0.0,2.0,1.0,1.0,0.0,55.6,22.2,0.0,77.8,17.0,14.0,15.0,13.0,1568.3,1419.0
2022-01-03,2021,Osasuna,Ath Bilbao,1,3,A,O,3.1,3.0,2.55,4,5,4,5,10,0.0,0.0,1.0,1.0,3.0,0.0,3.0,5.0,1.0,4.0,-2.0,-1.0,-1.0,0.0,0.0,0.0,1.0,0.0,1.0,11.1,33.3,11.1,11.1,9.0,7.0,16.0,12.0,1501.5,1528.0
2022-01-03,2021,Cadiz,Sevilla,0,1,A,U,4.89,3.37,1.83,2,4,2,8,10,0.0,2.0,1.0,1.0,3.0,4.0,-1.0,6.0,2.0,4.0,-3.0,2.0,-5.0,0.0,1.0,-1.0,1.0,0.0,1.0,0.0,44.4,44.4,22.2,5.0,9.0,18.0,7.0,1457.0,1691.7
2022-01-02,2021,Mallorca,Barcelona,0,1,A,U,3.59,3.33,2.14,3,4,4,3,10,0.0,1.0,0.0,0.0,2.0,6.0,-4.0,2.0,4.0,-2.0,0.0,2.0,-2.0,0.0,1.0,-1.0,0.0,0.0,0.0,22.2,11.1,12.5,25.0,9.0,15.0,12.0,18.0,1454.9,1675.9
2022-01-02,2021,Getafe,Real Madrid,1,0,H,U,5.52,3.72,1.67,3,4,2,9,10,2.0,3.0,0.0,0.0,5.0,8.0,-3.0,0.0,2.0,-2.0,5.0,6.0,-1.0,1.0,2.0,-1.0,0.0,0.0,0.0,33.3,44.4,80.0,10.0,17.0,25.0,12.0,11.0,1455.8,1776.9
2022-01-02,2021,Elche,Granada,0,0,D,U,2.51,3.11,3.05,2,5,6,3,9,1.0,0.0,2.0,1.0,4.0,3.0,1.0,6.0,5.0,1.0,-2.0,-2.0,0.0,1.0,0.0,1.0,1.0,1.0,0.0,25.0,25.0,11.1,33.3,11.0,14.0,18.0,7.0,1442.4,1499.5
2022-01-02,2021,Betis,Celta,0,2,A,U,1.77,3.79,4.58,7,5,3,3,10,2.0,1.0,1.0,0.0,7.0,2.0,5.0,3.0,1.0,2.0,4.0,1.0,3.0,2.0,0.0,2.0,1.0,0.0,1.0,55.6,22.2,37.5,25.0,14.0,14.0,11.0,14.0,1596.5,1516.0
2022-01-02,2021,Ath Madrid,Vallecano,2,0,H,U,1.36,4.8,9.85,5,0,8,2,9,2.0,0.0,1.0,2.0,5.0,2.0,3.0,2.0,5.0,-3.0,3.0,-3.0,6.0,1.0,0.0,1.0,0.0,1.0,-1.0,50.0,12.5,11.1,66.7,17.0,20.0,28.0,20.0,1671.7,1488.6
2022-01-02,2021,Alaves,Sociedad,1,1,D,U,3.42,3.14,2.28,5,4,2,3,10,1.0,1.0,1.0,2.0,4.0,2.0,2.0,4.0,5.0,-1.0,0.0,-3.0,3.0,0.0,1.0,-1.0,0.0,1.0,-1.0,33.3,55.6,44.4,33.3,9.0,13.0,7.0,18.0,1432.4,1580.5
2021-12-31,2021,Valencia,Espanol,1,2,A,O,1.81,3.76,4.46,2,4,7,5,10,1.0,0.0,0.0,3.0,6.0,1.0,5.0,5.0,5.0,0.0,1.0,-4.0,5.0,0.0,0.0,0.0,0.0,1.0,-1.0,44.4,11.1,0.0,66.7,17.0,8.0,20.0,10.0,1552.5,1456.3
2021-12-22,2021,Granada,Ath Madrid,2,1,H,O,6.28,3.77,1.61,4,3,2,7,9,2.0,1.0,1.0,2.0,7.0,5.0,2.0,6.0,5.0,1.0,1.0,0.0,1.0,1.0,1.0,0.0,1.0,1.0,0.0,37.5,37.5,44.4,33.3,11.0,16.0,16.0,21.0,1484.2,1686.9
2021-12-22,2021,Ath Bilbao,Real Madrid,1,2,A,O,3.37,3.49,2.17,2,7,7,0,10,1.0,3.0,1.0,0.0,5.0,8.0,-3.0,5.0,2.0,3.0,0.0,6.0,-6.0,0.0,2.0,-2.0,0.0,0.0,0.0,44.4,33.3,77.8,11.1,13.0,23.0,22.0,15.0,1532.0,1772.9
2021-12-21,2021,Villarreal,Alaves,5,2,H,O,1.37,5.05,8.68,10,2,6,2,9,2.0,0.0,1.0,2.0,4.0,3.0,1.0,3.0,6.0,-3.0,1.0,-3.0,4.0,1.0,0.0,1.0,1.0,1.0,0.0,50.0,25.0,12.5,62.5,11.0,9.0,15.0,12.0,1561.6,1439.0
2021-12-21,2021,Sevilla,Barcelona,1,1,D,U,2.55,3.23,2.95,1,7,4,9,9,2.0,1.0,0.0,0.0,5.0,8.0,-3.0,3.0,6.0,-3.0,2.0,2.0,0.0,0.0,1.0,-1.0,0.0,0.0,0.0,87.5,0.0,14.3,28.6,11.0,14.0,14.0,10.0,1692.2,1675.4
2021-12-20,2021,Levante,Valencia,3,4,A,O,2.69,3.27,2.71,9,8,6,4,9,0.0,1.0,1.0,1.0,0.0,3.0,-3.0,3.0,5.0,-2.0,-3.0,-2.0,-1.0,0.0,0.0,0.0,1.0,1.0,0.0,0.0,25.0,25.0,37.5,8.0,12.0,16.0,15.0,1425.6,1545.8
2021-12-19,2021,Real Madrid,Cadiz,0,0,D,U,1.24,6.51,11.43,9,0,13,2,9,3.0,1.0,0.0,2.0,5.0,2.0,3.0,1.0,7.0,-6.0,4.0,-5.0,9.0,1.0,0.0,1.0,0.0,2.0,-2.0,75.0,0.0,25.0,50.0,14.0,12.0,10.0,11.0,1780.3,1449.6
2021-12-19,2021,Granada,Mallorca,4,1,H,O,2.51,3.09,3.1,6,5,4,2,8,1.0,1.0,1.0,1.0,4.0,4.0,0.0,6.0,5.0,1.0,-2.0,-1.0,-1.0,0.0,0.0,0.0,1.0,1.0,0.0,28.6,42.9,25.0,50.0,8.0,13.0,17.0,14.0,1474.5,1464.6
2021-12-19,2021,Getafe,Osasuna,1,0,H,U,2.47,2.93,3.35,4,2,4,3,9,2.0,0.0,0.0,2.0,6.0,0.0,6.0,1.0,3.0,-2.0,5.0,-3.0,8.0,1.0,0.0,1.0,0.0,1.0,-1.0,25.0,50.0,50.0,25.0,20.0,7.0,14.0,11.0,1443.8,1513.5
2021-12-19,2021,Ath Bilbao,Betis,3,2,H,O,2.25,3.27,3.39,6,8,5,6,9,0.0,2.0,2.0,1.0,2.0,4.0,-2.0,4.0,3.0,1.0,-2.0,1.0,-3.0,0.0,1.0,-1.0,0.0,1.0,-1.0,37.5,37.5,62.5,25.0,12.0,7.0,22.0,2.0,1519.5,1609.0
2021-12-18,2021,Vallecano,Alaves,2,0,H,U,1.8,3.55,4.84,5,4,5,5,9,2.0,0.0,0.0,1.0,4.0,4.0,0.0,1.0,5.0,-4.0,3.0,-1.0,4.0,1.0,0.0,1.0,0.0,0.0,0.0,87.5,0.0,14.3,57.1,11.0,7.0,16.0,7.0,1479.5,1448.1
2021-12-18,2021,Sociedad,Villarreal,1,3,A,O,2.23,3.27,3.47,4,8,5,5,9,0.0,0.0,1.0,2.0,1.0,1.0,0.0,3.0,4.0,-1.0,-2.0,-3.0,1.0,0.0,0.0,0.0,1.0,1.0,0.0,50.0,12.5,0.0,37.5,5.0,9.0,9.0,19.0,1591.6,1550.5
2021-12-18,2021,Sevilla,Ath Madrid,2,1,H,O,2.79,3.0,2.84,2,3,4,7,8,2.0,1.0,0.0,1.0,5.0,7.0,-2.0,2.0,6.0,-4.0,3.0,1.0,2.0,1.0,1.0,0.0,0.0,1.0,-1.0,85.7,0.0,50.0,25.0,13.0,20.0,14.0,14.0,1681.7,1697.4
2021-12-18,2021,Barcelona,Elche,3,2,H,O,1.35,5.21,9.13,8,3,5,0,10,1.0,0.0,1.0,1.0,2.0,4.0,-2.0,2.0,5.0,-3.0,0.0,-1.0,1.0,0.0,0.0,0.0,0.0,0.0,0.0,55.6,22.2,11.1,66.7,14.0,10.0,19.0,8.0,1671.1,1446.7
2021-12-17,2021,Celta,Espanol,3,1,H,O,1.99,3.4,4.04,5,3,3,3,10,0.0,0.0,1.0,3.0,5.0,1.0,4.0,6.0,4.0,2.0,-1.0,-3.0,2.0,0.0,0.0,0.0,0.0,0.0,0.0,11.1,66.7,0.0,62.5,12.0,8.0,12.0,18.0,1507.2,1465.1
2021-12-13,2021,Cadiz,Granada,1,1,D,U,2.58,3.11,2.96,3,5,8,1,9,0.0,1.0,2.0,1.0,2.0,5.0,-3.0,7.0,4.0,3.0,-5.0,1.0,-6.0,0.0,1.0,-1.0,2.0,1.0,1.0,0.0,50.0,12.5,37.5,6.0,15.0,24.0,11.0,1448.8,1475.3
2021-12-12,2021,Villarreal,Vallecano,2,0,H,U,1.78,3.77,4.57,5,7,5,6,8,1.0,0.0,1.0,2.0,5.0,4.0,1.0,6.0,6.0,0.0,-1.0,-2.0,1.0,0.0,0.0,0.0,1.0,0.0,1.0,42.9,28.6,12.5,62.5,11.0,16.0,18.0,18.0,1542.0,1488.0
2021-12-12,2021,Real Madrid,Ath Madrid,2,0,H,U,2.1,3.5,3.55,3,6,3,6,8,3.0,1.0,0.0,0.0,5.0,9.0,-4.0,2.0,6.0,-4.0,3.0,3.0,0.0,0.0,1.0,-1.0,0.0,0.0,0.0,71.4,0.0,57.1,14.3,18.0,17.0,11.0,10.0,1772.2,1705.5
2021-12-12,2021,Osasuna,Barcelona,2,2,D,O,3.91,3.52,1.98,3,2,6,5,9,0.0,1.0,1.0,1.0,2.0,6.0,-4.0,4.0,5.0,-1.0,-2.0,1.0,-3.0,0.0,1.0,-1.0,1.0,0.0,1.0,12.5,37.5,16.7,33.3,12.0,13.0,14.0,12.0,1509.0,1675.5
2021-12-12,2021,Betis,Sociedad,4,0,H,O,2.31,3.31,3.21,5,5,4,7,9,2.0,2.0,1.0,1.0,7.0,4.0,3.0,4.0,1.0,3.0,3.0,3.0,0.0,2.0,2.0,0.0,1.0,0.0,1.0,50.0,25.0,50.0,25.0,18.0,12.0,11.0,17.0,1598.9,1601.7
2021-12-11,2021,Valencia,Elche,2,1,H,O,1.78,3.55,4.99,8,4,8,1,9,1.0,0.0,0.0,1.0,6.0,3.0,3.0,4.0,4.0,0.0,2.0,-1.0,3.0,1.0,0.0,1.0,0.0,0.0,0.0,37.5,12.5,12.5,62.5,12.0,7.0,19.0,14.0,1538.2,1454.4
2021-12-11,2021,Espanol,Levante,4,3,H,O,2.06,3.36,3.85,8,5,4,2,9,2.0,0.0,0.0,3.0,4.0,5.0,-1.0,1.0,10.0,-9.0,3.0,-5.0,8.0,1.0,0.0,1.0,0.0,2.0,-2.0,62.5,12.5,0.0,75.0,11.0,16.0,15.0,14.0,1455.6,1435.0
2021-12-11,2021,Ath Bilbao,Sevilla,0,1,A,U,2.54,3.06,3.1,2,1,9,2,8,1.0,1.0,1.0,1.0,4.0,4.0,0.0,4.0,3.0,1.0,0.0,1.0,-1.0,0.0,1.0,-1.0,0.0,0.0,0.0,42.9,28.6,37.5,25.0,17.0,11.0,22.0,7.0,1525.4,1675.8
2021-12-11,2021,Alaves,Getafe,1,1,D,U,2.53,2.91,3.28,1,2,1,1,9,2.0,0.0,1.0,1.0,4.0,1.0,3.0,3.0,2.0,1.0,1.0,-1.0,2.0,0.0,0.0,0.0,0.0,0.0,0.0,37.5,62.5,0.0,62.5,13.0,6.0,10.0,4.0,1448.2,1443.7
2021-12-10,2021,Mallorca,Celta,0,0,D,U,2.56,2.98,3.14,1,5,7,4,9,0.0,2.0,0.0,0.0,3.0,5.0,-2.0,3.0,1.0,2.0,0.0,4.0,-4.0,0.0,1.0,-1.0,0.0,0.0,0.0,25.0,12.5,42.9,28.6,12.0,17.0,9.0,17.0,1463.3,1508.5
2021-12-06,2021,Getafe,Ath Bilbao,0,0,D,U,3.45,3.03,2.34,5,3,5,3,8,2.0,0.0,1.0,1.0,6.0,1.0,5.0,4.0,2.0,2.0,2.0,-1.0,3.0,1.0,0.0,1.0,1.0,0.0,1.0,28.6,57.1,12.5,12.5,17.0,9.0,11.0,16.0,1441.2,1527.9
2021-12-05,2021,Vallecano,Espanol,1,0,H,U,2.15,3.25,3.66,0,3,6,3,8,2.0,0.0,0.0,2.0,4.0,3.0,1.0,1.0,5.0,-4.0,3.0,-2.0,5.0,1.0,0.0,1.0,0.0,0.0,0.0,85.7,0.0,0.0,57.1,14.0,12.0,13.0,22.0,1478.3,1465.3
2021-12-05,2021,Levante,Osasuna,0,0,D,U,2.49,3.24,2.98,3,1,7,2,8,0.0,0.0,1.0,2.0,2.0,0.0,2.0,5.0,3.0,2.0,-3.0,-3.0,0.0,0.0,0.0,0.0,1.0,1.0,0.0,0.0,28.6,57.1,28.6,8.0,6.0,14.0,12.0,1432.8,1511.2
2021-12-05,2021,Elche,Cadiz,3,1,H,O,2.03,3.2,4.15,3,6,3,3,8,0.0,1.0,2.0,1.0,3.0,4.0,-1.0,7.0,7.0,0.0,-4.0,-3.0,-1.0,0.0,0.0,0.0,1.0,1.0,0.0,14.3,28.6,28.6,42.9,15.0,10.0,18.0,10.0,1443.9,1459.3
2021-12-05,2021,Celta,Valencia,1,2,A,O,2.11,3.38,3.61,5,5,6,4,9,0.0,0.0,1.0,2.0,4.0,2.0,2.0,6.0,7.0,-1.0,-2.0,-5.0,3.0,0.0,0.0,0.0,1.0,2.0,-1.0,12.5,62.5,14.3,42.9,13.0,10.0,13.0,14.0,1518.2,1528.5
2021-12-04,2021,Sociedad,Real Madrid,0,2,A,U,3.27,3.46,2.23,0,8,5,5,8,1.0,3.0,0.0,0.0,2.0,8.0,-6.0,1.0,3.0,-2.0,1.0,5.0,-4.0,0.0,1.0,-1.0,0.0,0.0,0.0,57.1,0.0,75.0,12.5,7.0,20.0,6.0,14.0,1607.4,1766.5
2021-12-04,2021,Sevilla,Villarreal,1,0,H,U,2.01,3.41,3.96,3,2,5,8,7,2.0,0.0,0.0,2.0,9.0,2.0,7.0,5.0,5.0,0.0,4.0,-3.0,7.0,2.0,0.0,2.0,0.0,1.0,-1.0,83.3,0.0,0.0,28.6,21.0,10.0,19.0,13.0,1669.1,1548.7
2021-12-04,2021,Barcelona,Betis,0,1,A,U,1.5,4.71,6.11,3,2,6,1,9,1.0,2.0,1.0,1.0,3.0,4.0,-1.0,3.0,3.0,0.0,0.0,1.0,-1.0,0.0,1.0,-1.0,0.0,1.0,-1.0,62.5,12.5,57.1,28.6,13.0,9.0,20.0,8.0,1688.4,1586.0
2021-12-04,2021,Ath Madrid,Mallorca,1,2,A,O,1.33,5.13,10.59,6,3,8,5,8,2.0,0.0,0.0,1.0,6.0,4.0,2.0,2.0,6.0,-4.0,4.0,-2.0,6.0,1.0,0.0,1.0,0.0,1.0,-1.0,57.1,0.0,14.3,57.1,15.0,14.0,24.0,9.0,1722.1,1446.7
2021-12-03,2021,Granada,Alaves,2,1,H,O,2.48,3.06,3.2,2,2,3,5,7,1.0,1.0,1.0,0.0,3.0,5.0,-2.0,5.0,3.0,2.0,-2.0,2.0,-4.0,0.0,1.0,-1.0,1.0,0.0,1.0,16.7,50.0,16.7,50.0,7.0,9.0,16.0,5.0,1465.5,1458.0
2021-12-01,2021,Real Madrid,Ath Bilbao,1,0,H,U,1.44,4.58,7.11,7,2,7,6,7,2.0,0.0,0.0,0.0,4.0,2.0,2.0,2.0,2.0,0.0,2.0,0.0,2.0,0.0,0.0,0.0,0.0,0.0,0.0,66.7,0.0,14.3,0.0,14.0,14.0,15.0,22.0,1762.3,1532.1
2021-11-29,2021,Osasuna,Elche,1,1,D,U,1.85,3.42,4.59,4,4,5,4,8,1.0,0.0,1.0,2.0,2.0,3.0,-1.0,3.0,5.0,-2.0,-1.0,-2.0,1.0,0.0,0.0,0.0,1.0,0.0,1.0,14.3,42.9,14.3,71.4,11.0,6.0,15.0,12.0,1513.2,1441.9
2021-11-28,2021,Real Madrid,Sevilla,2,1,H,O,1.68,4.0,4.89,4,6,0,4,6,1.0,2.0,0.0,0.0,2.0,4.0,-2.0,1.0,1.0,0.0,1.0,3.0,-2.0,0.0,1.0,-1.0,0.0,0.0,0.0,60.0,0.0,42.9,14.3,12.0,7.0,21.0,7.0,1754.5,1676.9
2021-11-28,2021,Espanol,Sociedad,1,0,H,U,3.18,3.25,2.33,2,4,2,9,8,2.0,2.0,0.0,0.0,5.0,6.0,-1.0,1.0,2.0,-1.0,4.0,4.0,0.0,2.0,2.0,0.0,0.0,0.0,0.0,57.1,14.3,57.1,14.3,15.0,12.0,20.0,11.0,1450.7,1622.0
2021-11-28,2021,Cadiz,Ath Madrid,1,4,A,O,7.58,3.98,1.5,0,7,4,8,8,0.0,0.0,1.0,1.0,1.0,5.0,-4.0,3.0,6.0,-3.0,-2.0,-1.0,-1.0,0.0,0.0,0.0,1.0,0.0,1.0,0.0,42.9,50.0,16.7,7.0,11.0,21.0,10.0,1463.0,1718.4
2021-11-28,2021,Betis,Levante,3,1,H,O,1.67,4.15,4.79,8,2,5,8,8,2.0,0.0,1.0,3.0,7.0,4.0,3.0,5.0,8.0,-3.0,2.0,-4.0,6.0,1.0,0.0,1.0,1.0,1.0,0.0,42.9,28.6,0.0,71.4,15.0,16.0,10.0,9.0,1579.9,1439.0
2021-11-27,2021,Villarreal,Barcelona,1,3,A,O,2.71,3.45,2.59,2,6,4,4,7,1.0,0.0,1.0,2.0,5.0,3.0,2.0,5.0,6.0,-1.0,0.0,-3.0,3.0,0.0,0.0,0.0,0.0,1.0,-1.0,50.0,16.7,0.0,40.0,15.0,9.0,18.0,14.0,1555.2,1681.9
2021-11-27,2021,Valencia,Vallecano,1,1,D,U,2.02,3.39,3.91,4,6,3,9,8,1.0,0.0,0.0,3.0,7.0,3.0,4.0,5.0,6.0,-1.0,2.0,-3.0,5.0,1.0,0.0,1.0,0.0,0.0,0.0,42.9,14.3,14.3,71.4,14.0,10.0,21.0,12.0,1530.0,1476.8
2021-11-27,2021,Mallorca,Getafe,0,0,D,U,2.31,2.94,3.65,2,0,2,0,8,1.0,0.0,0.0,1.0,4.0,1.0,3.0,3.0,2.0,1.0,1.0,-1.0,2.0,0.0,0.0,0.0,0.0,0.0,0.0,28.6,14.3,0.0,71.4,17.0,10.0,15.0,15.0,1446.9,1441.1
2021-11-27,2021,Alaves,Celta,1,2,A,O,2.97,3.15,2.56,5,5,5,3,8,2.0,1.0,1.0,1.0,3.0,3.0,0.0,2.0,1.0,1.0,1.0,2.0,-1.0,0.0,1.0,-1.0,0.0,0.0,0.0,42.9,57.1,33.3,33.3,10.0,13.0,12.0,18.0,1466.8,1509.4
2021-11-26,2021,Ath Bilbao,Granada,2,2,D,O,1.4,4.6,8.89,5,4,8,3,7,2.0,1.0,1.0,1.0,3.0,4.0,-1.0,2.0,3.0,-1.0,1.0,1.0,0.0,0.0,1.0,-1.0,0.0,1.0,-1.0,50.0,33.3,14.3,42.9,17.0,15.0,27.0,9.0,1534.1,1463.5
2021-11-22,2021,Vallecano,Mallorca,3,1,H,O,1.83,3.49,4.67,6,5,6,4,7,2.0,0.0,0.0,1.0,3.0,3.0,0.0,1.0,4.0,-3.0,2.0,-1.0,3.0,0.0,0.0,0.0,0.0,0.0,0.0,83.3,0.0,16.7,50.0,12.0,10.0,13.0,11.0,1467.1,1456.6
2021-11-21,2021,Sociedad,Valencia,0,0,D,U,1.73,3.86,4.76,2,3,2,4,7,2.0,0.0,0.0,2.0,3.0,2.0,1.0,1.0,7.0,-6.0,2.0,-5.0,7.0,0.0,0.0,0.0,0.0,2.0,-2.0,66.7,0.0,16.7,50.0,10.0,11.0,10.0,13.0,1624.7,1527.3
2021-11-21,2021,Granada,Real Madrid,1,4,A,O,6.97,4.5,1.47,3,10,9,6,6,1.0,2.0,1.0,1.0,4.0,5.0,-1.0,4.0,4.0,0.0,0.0,1.0,-1.0,0.0,0.0,0.0,0.0,0.0,0.0,20.0,40.0,71.4,14.3,6.0,14.0,11.0,16.0,1466.7,1751.2
2021-11-21,2021,Getafe,Cadiz,4,0,H,O,2.0,3.14,4.39,8,2,3,7,7,1.0,1.0,1.0,1.0,3.0,4.0,-1.0,5.0,5.0,0.0,-2.0,-1.0,-1.0,0.0,0.0,0.0,1.0,1.0,0.0,16.7,66.7,33.3,33.3,11.0,10.0,10.0,12.0,1429.8,1474.3
2021-11-21,2021,Elche,Betis,0,3,A,O,3.53,3.34,2.16,4,4,10,1,7,1.0,1.0,1.0,2.0,4.0,1.0,3.0,4.0,5.0,-1.0,0.0,-4.0,4.0,0.0,0.0,0.0,0.0,2.0,-2.0,16.7,16.7,50.0,33.3,16.0,8.0,15.0,13.0,1448.5,1573.3
2021-11-20,2021,Sevilla,Alaves,2,2,D,O,1.42,4.46,8.44,6,3,5,2,6,3.0,1.0,0.0,1.0,9.0,3.0,6.0,3.0,2.0,1.0,6.0,1.0,5.0,3.0,1.0,2.0,0.0,0.0,0.0,100.0,0.0,20.0,60.0,20.0,11.0,18.0,12.0,1682.5,1461.2
2021-11-20,2021,Celta,Villarreal,1,1,D,U,2.81,3.31,2.59,3,6,3,5,8,0.0,0.0,2.0,2.0,3.0,1.0,2.0,6.0,4.0,2.0,-3.0,-3.0,0.0,0.0,0.0,0.0,1.0,1.0,0.0,14.3,71.4,0.0,33.3,13.0,6.0,15.0,11.0,1508.1,1556.6
2021-11-20,2021,Barcelona,Espanol,1,0,H,U,1.37,5.08,8.42,6,2,4,4,8,1.0,0.0,1.0,2.0,5.0,3.0,2.0,4.0,6.0,-2.0,1.0,-3.0,4.0,1.0,0.0,1.0,0.0,1.0,-1.0,57.1,14.3,0.0,50.0,12.0,12.0,25.0,26.0,1677.5,1455.1
2021-11-20,2021,Ath Madrid,Osasuna,1,0,H,U,1.41,4.49,8.7,2,3,7,4,7,2.0,1.0,0.0,1.0,7.0,2.0,5.0,2.0,3.0,-1.0,5.0,-1.0,6.0,2.0,0.0,2.0,0.0,1.0,-1.0,50.0,0.0,66.7,16.7,16.0,5.0,19.0,12.0,1713.5,1518.1
2021-11-19,2021,Levante,Ath Bilbao,0,0,D,U,3.49,3.25,2.23,2,2,6,3,7,0.0,0.0,1.0,0.0,2.0,3.0,-1.0,5.0,3.0,2.0,-3.0,0.0,-3.0,0.0,0.0,0.0,1.0,0.0,1.0,0.0,33.3,16.7,0.0,8.0,16.0,11.0,24.0,1436.2,1536.9
2021-11-07,2021,Villarreal,Getafe,1,0,H,U,1.53,4.09,6.88,4,2,6,4,6,1.0,0.0,1.0,1.0,6.0,1.0,5.0,5.0,3.0,2.0,1.0,-2.0,3.0,1.0,0.0,1.0,0.0,1.0,-1.0,40.0,20.0,0.0,66.7,16.0,11.0,16.0,14.0,1549.7,1436.6
2021-11-07,2021,Valencia,Ath Madrid,3,3,D,O,4.38,3.27,1.96,5,7,9,0,7,1.0,1.0,0.0,1.0,5.0,4.0,1.0,3.0,4.0,-1.0,2.0,0.0,2.0,1.0,0.0,1.0,0.0,0.0,0.0,50.0,16.7,60.0,20.0,15.0,8.0,16.0,15.0,1522.2,1718.6
2021-11-07,2021,Osasuna,Sociedad,0,2,A,U,3.1,3.3,2.36,2,4,5,2,7,1.0,1.0,1.0,0.0,3.0,5.0,-2.0,4.0,3.0,1.0,-1.0,2.0,-3.0,0.0,1.0,-1.0,1.0,0.0,1.0,16.7,33.3,50.0,16.7,12.0,13.0,14.0,14.0,1525.6,1617.3
2021-11-07,2021,Mallorca,Elche,2,2,D,O,2.06,3.1,4.19,6,2,3,3,7,1.0,0.0,1.0,3.0,4.0,1.0,3.0,4.0,4.0,0.0,0.0,-3.0,3.0,0.0,0.0,0.0,0.0,0.0,0.0,33.3,16.7,16.7,83.3,19.0,6.0,17.0,10.0,1456.8,1448.2
2021-11-07,2021,Betis,Sevilla,0,2,A,U,2.94,3.28,2.49,1,2,2,1,7,3.0,1.0,0.0,1.0,9.0,2.0,7.0,3.0,2.0,1.0,6.0,0.0,6.0,2.0,0.0,2.0,0.0,0.0,0.0,50.0,16.7,33.3,16.7,19.0,8.0,11.0,12.0,1580.7,1675.2
2021-11-06,2021,Real Madrid,Vallecano,2,1,H,O,1.38,5.29,7.68,7,7,4,5,5,1.0,1.0,0.0,2.0,6.0,4.0,2.0,1.0,5.0,-4.0,5.0,-1.0,6.0,1.0,0.0,1.0,0.0,0.0,0.0,50.0,0.0,16.7,66.7,17.0,6.0,20.0,8.0,1747.8,1470.5
2021-11-06,2021,Espanol,Granada,2,0,H,U,1.88,3.42,4.52,6,5,5,3,7,2.0,1.0,0.0,1.0,5.0,4.0,1.0,2.0,2.0,0.0,3.0,2.0,1.0,1.0,1.0,0.0,0.0,0.0,0.0,50.0,16.7,16.7,33.3,13.0,14.0,17.0,9.0,1444.1,1477.7
2021-11-06,2021,Celta,Barcelona,3,3,D,O,3.33,3.6,2.15,4,6,3,1,7,1.0,0.0,2.0,2.0,1.0,0.0,1.0,3.0,3.0,0.0,-2.0,-3.0,1.0,0.0,0.0,0.0,1.0,1.0,0.0,16.7,83.3,0.0,50.0,14.0,5.0,17.0,18.0,1503.3,1682.3
2021-11-06,2021,Alaves,Levante,2,1,H,O,2.49,3.07,3.15,3,7,1,3,7,2.0,0.0,1.0,3.0,2.0,3.0,-1.0,1.0,9.0,-8.0,1.0,-6.0,7.0,0.0,0.0,0.0,0.0,2.0,-2.0,33.3,66.7,0.0,66.7,8.0,11.0,14.0,7.0,1451.3,1446.0
2021-11-05,2021,Ath Bilbao,Cadiz,0,1,A,U,1.37,4.81,9.42,5,4,5,1,6,2.0,0.0,1.0,2.0,4.0,4.0,0.0,3.0,8.0,-5.0,1.0,-4.0,5.0,0.0,0.0,0.0,0.0,2.0,-2.0,60.0,20.0,20.0,40.0,13.0,7.0,24.0,14.0,1549.4,1461.8
2021-11-01,2021,Vallecano,Celta,0,0,D,U,2.38,3.33,3.03,5,4,4,7,6,3.0,2.0,0.0,1.0,6.0,5.0,1.0,2.0,1.0,1.0,4.0,4.0,0.0,1.0,2.0,-1.0,0.0,0.0,0.0,100.0,0.0,40.0,40.0,13.0,11.0,13.0,15.0,1469.5,1504.3
2021-11-01,2021,Levante,Granada,0,3,A,O,2.01,3.44,3.85,3,6,3,5,6,0.0,0.0,1.0,1.0,2.0,2.0,0.0,4.0,3.0,1.0,-2.0,-1.0,-1.0,0.0,0.0,0.0,1.0,0.0,1.0,0.0,20.0,0.0,40.0,7.0,10.0,10.0,8.0,1455.6,1468.1
2021-10-31,2021,Sociedad,Ath Bilbao,1,1,D,U,2.14,3.17,3.76,3,5,2,7,6,2.0,0.0,0.0,0.0,2.0,2.0,0.0,0.0,2.0,-2.0,2.0,0.0,2.0,0.0,0.0,0.0,0.0,0.0,0.0,80.0,0.0,20.0,0.0,11.0,11.0,13.0,22.0,1619.4,1547.3
2021-10-31,2021,Getafe,Espanol,2,1,H,O,2.37,3.06,3.31,7,3,6,11,6,0.0,0.0,2.0,1.0,2.0,4.0,-2.0,6.0,6.0,0.0,-4.0,-2.0,-2.0,0.0,0.0,0.0,1.0,1.0,0.0,0.0,80.0,0.0,40.0,6.0,13.0,6.0,19.0,1425.8,1454.9
2021-10-31,2021,Cadiz,Mallorca,1,1,D,U,2.56,2.97,3.1,2,5,6,5,7,0.0,0.0,1.0,2.0,0.0,3.0,-3.0,2.0,9.0,-7.0,-2.0,-6.0,4.0,0.0,0.0,0.0,1.0,1.0,0.0,0.0,50.0,20.0,60.0,8.0,10.0,19.0,8.0,1461.9,1456.7
2021-10-31,2021,Ath Madrid,Betis,3,0,H,O,1.58,3.98,6.02,9,1,13,0,6,1.0,2.0,0.0,1.0,4.0,4.0,0.0,2.0,3.0,-1.0,2.0,1.0,1.0,1.0,1.0,0.0,0.0,1.0,-1.0,40.0,0.0,60.0,20.0,9.0,16.0,11.0,20.0,1712.0,1587.2
2021-10-30,2021,Valencia,Villarreal,2,0,H,U,2.95,3.44,2.39,3,1,7,6,6,0.0,0.0,1.0,1.0,4.0,1.0,3.0,5.0,2.0,3.0,-1.0,-1.0,0.0,0.0,0.0,0.0,0.0,0.0,0.0,40.0,20.0,0.0,20.0,16.0,8.0,11.0,6.0,1510.7,1561.2
2021-10-30,2021,Sevilla,Osasuna,2,0,H,U,1.53,4.14,6.64,4,3,4,5,5,3.0,2.0,0.0,0.0,10.0,5.0,5.0,4.0,3.0,1.0,6.0,2.0,4.0,3.0,0.0,3.0,0.0,0.0,0.0,100.0,0.0,80.0,0.0,21.0,8.0,15.0,12.0,1669.0,1531.8
2021-10-30,2021,Elche,Real Madrid,1,2,A,O,7.34,4.56,1.45,4,5,5,4,6,1.0,2.0,0.0,1.0,4.0,5.0,-1.0,3.0,4.0,-1.0,1.0,1.0,0.0,0.0,0.0,0.0,0.0,0.0,0.0,20.0,0.0,66.7,16.7,14.0,19.0,14.0,17.0,1451.3,1744.7
2021-10-30,2021,Barcelona,Alaves,1,1,D,U,1.3,5.69,9.98,5,2,9,0,7,2.0,1.0,1.0,2.0,7.0,2.0,5.0,3.0,2.0,1.0,4.0,0.0,4.0,2.0,1.0,1.0,0.0,0.0,0.0,66.7,16.7,25.0,75.0,19.0,11.0,27.0,20.0,1688.3,1445.3
2021-10-28,2021,Levante,Ath Madrid,2,2,D,O,5.55,3.62,1.68,3,3,5,2,5,0.0,2.0,1.0,1.0,1.0,4.0,-3.0,3.0,3.0,0.0,-2.0,1.0,-3.0,0.0,0.0,0.0,1.0,0.0,1.0,0.0,25.0,75.0,25.0,6.0,8.0,7.0,16.0,1449.1,1718.5
2021-10-28,2021,Granada,Getafe,1,1,D,U,2.61,2.85,3.16,3,4,5,0,5,1.0,0.0,2.0,2.0,4.0,0.0,4.0,5.0,5.0,0.0,-1.0,-5.0,4.0,0.0,0.0,0.0,0.0,2.0,-2.0,25.0,50.0,0.0,80.0,5.0,10.0,12.0,17.0,1469.3,1424.5
2021-10-28,2021,Celta,Sociedad,0,2,A,U,2.8,3.35,2.54,6,4,7,6,6,1.0,1.0,2.0,0.0,2.0,6.0,-4.0,3.0,5.0,-2.0,-1.0,1.0,-2.0,0.0,0.0,0.0,0.0,0.0,0.0,20.0,80.0,40.0,20.0,12.0,20.0,17.0,15.0,1511.5,1612.2
2021-10-27,2021,Vallecano,Barcelona,1,0,H,U,4.32,3.78,1.81,3,1,3,7,5,3.0,0.0,0.0,1.0,8.0,1.0,7.0,2.0,3.0,-1.0,6.0,-2.0,8.0,2.0,0.0,2.0,0.0,1.0,-1.0,100.0,0.0,0.0,33.3,15.0,7.0,15.0,13.0,1453.3,1704.5
2021-10-27,2021,Real Madrid,Osasuna,0,0,D,U,1.33,5.49,8.71,3,0,11,3,4,2.0,3.0,0.0,0.0,11.0,7.0,4.0,3.0,3.0,0.0,8.0,4.0,4.0,2.0,1.0,1.0,0.0,0.0,0.0,66.7,0.0,100.0,0.0,25.0,13.0,16.0,17.0,1750.4,1526.1
2021-10-27,2021,Mallorca,Sevilla,1,1,D,U,5.09,3.33,1.81,4,3,4,2,6,1.0,1.0,1.0,1.0,3.0,1.0,2.0,3.0,1.0,2.0,0.0,0.0,0.0,0.0,0.0,0.0,0.0,0.0,0.0,40.0,20.0,40.0,20.0,16.0,9.0,16.0,16.0,1451.0,1674.6
2021-10-27,2021,Betis,Valencia,4,1,H,O,1.87,3.57,4.29,9,4,4,7,6,2.0,0.0,0.0,2.0,7.0,2.0,5.0,4.0,6.0,-2.0,3.0,-4.0,7.0,1.0,0.0,1.0,0.0,2.0,-2.0,40.0,20.0,20.0,40.0,19.0,10.0,17.0,10.0,1578.9,1519.0
2021-10-26,2021,Villarreal,Cadiz,3,3,D,O,1.32,5.34,10.03,5,4,8,2,5,2.0,1.0,1.0,2.0,7.0,3.0,4.0,3.0,6.0,-3.0,4.0,-3.0,7.0,2.0,0.0,2.0,0.0,2.0,-2.0,50.0,25.0,25.0,50.0,20.0,6.0,16.0,13.0,1564.1,1459.0
2021-10-26,2021,Espanol,Ath Bilbao,1,1,D,U,2.93,3.01,2.69,3,7,8,12,6,3.0,1.0,0.0,0.0,5.0,2.0,3.0,1.0,1.0,0.0,4.0,1.0,3.0,1.0,0.0,1.0,0.0,0.0,0.0,60.0,20.0,25.0,0.0,12.0,6.0,13.0,14.0,1452.2,1550.1
2021-10-26,2021,Alaves,Elche,1,0,H,U,2.35,2.99,3.49,5,1,4,7,6,1.0,0.0,2.0,3.0,1.0,2.0,-1.0,3.0,7.0,-4.0,-2.0,-5.0,3.0,0.0,0.0,0.0,1.0,1.0,0.0,20.0,80.0,20.0,80.0,6.0,8.0,12.0,10.0,1434.5,1462.1
2021-10-25,2021,Getafe,Celta,0,3,A,O,2.65,2.94,3.03,2,8,2,7,5,0.0,1.0,2.0,2.0,2.0,4.0,-2.0,4.0,6.0,-2.0,-2.0,-2.0,0.0,0.0,1.0,-1.0,0.0,1.0,-1.0,0.0,75.0,25.0,50.0,5.0,7.0,12.0,11.0,1432.5,1503.5
2021-10-24,2021,Sevilla,Levante,5,3,H,O,1.45,4.43,7.38,11,7,10,3,4,3.0,0.0,0.0,2.0,8.0,1.0,7.0,1.0,5.0,-4.0,7.0,-4.0,11.0,3.0,0.0,3.0,0.0,1.0,-1.0,100.0,0.0,0.0,60.0,18.0,10.0,9.0,11.0,1670.2,1453.6
2021-10-24,2021,Betis,Vallecano,3,2,H,O,1.8,3.77,4.35,5,3,4,4,5,1.0,1.0,1.0,1.0,4.0,3.0,1.0,3.0,3.0,0.0,1.0,0.0,1.0,1.0,0.0,1.0,0.0,0.0,0.0,25.0,25.0,20.0,60.0,20.0,9.0,16.0,9.0,1572.0,1460.2
2021-10-24,2021,Barcelona,Real Madrid,1,2,A,O,2.7,3.67,2.48,2,5,7,4,6,2.0,2.0,0.0,1.0,7.0,4.0,3.0,2.0,3.0,-1.0,5.0,1.0,4.0,2.0,0.0,2.0,0.0,0.0,0.0,80.0,0.0,60.0,20.0,23.0,17.0,32.0,20.0,1713.7,1741.2
2021-10-24,2021,Ath Madrid,Sociedad,2,2,D,O,1.65,3.77,5.67,4,4,4,3,5,1.0,2.0,0.0,0.0,4.0,6.0,-2.0,2.0,3.0,-1.0,2.0,3.0,-1.0,1.0,1.0,0.0,0.0,0.0,0.0,50.0,0.0,50.0,25.0,10.0,20.0,23.0,20.0,1721.7,1609.0
2021-10-23,2021,Valencia,Mallorca,2,2,D,O,1.69,3.84,5.17,6,4,5,0,5,1.0,0.0,1.0,3.0,5.0,1.0,4.0,3.0,9.0,-6.0,2.0,-8.0,10.0,1.0,0.0,1.0,0.0,2.0,-2.0,50.0,25.0,25.0,75.0,14.0,7.0,10.0,10.0,1521.0,1449.0
2021-10-23,2021,Elche,Espanol,2,2,D,O,2.73,3.0,2.87,7,7,3,7,5,1.0,0.0,0.0,2.0,3.0,2.0,1.0,2.0,5.0,-3.0,1.0,-3.0,4.0,0.0,0.0,0.0,0.0,1.0,-1.0,25.0,0.0,0.0,50.0,11.0,9.0,16.0,14.0,1462.4,1451.9
2021-10-23,2021,Cadiz,Alaves,0,2,A,U,2.59,2.96,3.13,4,4,14,3,6,0.0,0.0,1.0,3.0,0.0,0.0,0.0,2.0,5.0,-3.0,-2.0,-5.0,3.0,0.0,0.0,0.0,1.0,1.0,0.0,0.0,40.0,0.0,100.0,5.0,10.0,7.0,21.0,1470.4,1423.1
2021-10-23,2021,Ath Bilbao,Villarreal,2,1,H,O,2.48,3.17,3.04,7,3,9,2,5,2.0,0.0,1.0,0.0,4.0,2.0,2.0,2.0,2.0,0.0,2.0,0.0,2.0,1.0,0.0,1.0,0.0,0.0,0.0,50.0,25.0,0.0,0.0,11.0,7.0,22.0,4.0,1539.0,1575.1
2021-10-22,2021,Osasuna,Granada,1,1,D,U,1.78,3.52,5.01,6,4,4,1,6,1.0,0.0,2.0,2.0,3.0,1.0,2.0,7.0,6.0,1.0,-4.0,-5.0,1.0,0.0,0.0,0.0,2.0,1.0,1.0,20.0,40.0,0.0,50.0,8.0,9.0,14.0,13.0,1527.8,1467.6
2021-10-18,2021,Espanol,Cadiz,2,0,H,U,1.68,3.69,5.54,6,2,7,9,5,2.0,1.0,1.0,1.0,4.0,4.0,0.0,3.0,5.0,-2.0,1.0,-1.0,2.0,0.0,0.0,0.0,0.0,1.0,-1.0,50.0,25.0,33.3,33.3,9.0,7.0,12.0,9.0,1440.7,1481.5
2021-10-18,2021,Alaves,Betis,0,1,A,U,3.49,3.34,2.17,2,4,7,7,5,1.0,2.0,2.0,1.0,1.0,5.0,-4.0,3.0,4.0,-1.0,-2.0,1.0,-3.0,0.0,1.0,-1.0,1.0,1.0,0.0,25.0,75.0,50.0,25.0,8.0,21.0,6.0,21.0,1429.4,1565.8
2021-10-17,2021,Villarreal,Osasuna,1,2,A,O,1.68,3.87,5.18,6,2,4,4,4,2.0,3.0,0.0,0.0,6.0,8.0,-2.0,1.0,4.0,-3.0,5.0,4.0,1.0,2.0,1.0,1.0,0.0,0.0,0.0,66.7,0.0,100.0,0.0,18.0,15.0,18.0,24.0,1587.1,1515.8
2021-10-17,2021,Vallecano,Elche,2,1,H,O,1.82,3.57,4.65,4,3,6,2,4,3.0,1.0,0.0,2.0,10.0,2.0,8.0,1.0,5.0,-4.0,9.0,-3.0,12.0,3.0,0.0,3.0,0.0,1.0,-1.0,100.0,0.0,25.0,75.0,17.0,8.0,14.0,10.0,1449.5,1473.1
2021-10-17,2021,Celta,Sevilla,0,1,A,U,3.42,3.18,2.26,3,2,5,4,5,1.0,0.0,2.0,1.0,2.0,1.0,1.0,3.0,2.0,1.0,-1.0,-1.0,0.0,0.0,0.0,0.0,0.0,0.0,0.0,25.0,75.0,25.0,25.0,9.0,12.0,17.0,15.0,1509.3,1664.4
2021-10-17,2021,Barcelona,Valencia,3,1,H,O,1.54,4.29,6.23,5,3,9,3,5,2.0,1.0,0.0,1.0,6.0,5.0,1.0,2.0,4.0,-2.0,4.0,1.0,3.0,1.0,1.0,0.0,0.0,1.0,-1.0,75.0,0.0,25.0,25.0,21.0,11.0,26.0,11.0,1708.5,1526.2
2021-10-16,2021,Sociedad,Mallorca,1,0,H,U,1.43,4.44,8.13,2,1,2,6,5,2.0,1.0,0.0,2.0,2.0,2.0,0.0,0.0,8.0,-8.0,2.0,-6.0,8.0,0.0,0.0,0.0,0.0,2.0,-2.0,75.0,0.0,33.3,66.7,11.0,8.0,13.0,12.0,1603.1,1455.0
2021-10-16,2021,Levante,Getafe,0,0,D,U,2.53,2.92,3.22,2,4,3,11,4,0.0,0.0,1.0,3.0,4.0,1.0,3.0,6.0,7.0,-1.0,-2.0,-6.0,4.0,0.0,0.0,0.0,1.0,2.0,-1.0,0.0,33.3,0.0,100.0,8.0,9.0,8.0,8.0,1454.3,1431.9
2021-10-03,2021,Villarreal,Betis,2,0,H,U,1.99,3.69,3.69,5,3,4,6,3,,2.0,,0.0,,6.0,,,3.0,,,3.0,,,1.0,,,0.0,,50.0,0.0,66.7,0.0,,19.0,,18.0,1577.2,1575.7
2021-10-03,2021,Granada,Sevilla,1,0,H,U,4.97,3.53,1.78,1,3,2,6,4,0.0,1.0,2.0,0.0,4.0,2.0,2.0,6.0,1.0,5.0,-2.0,1.0,-3.0,0.0,0.0,0.0,0.0,0.0,0.0,0.0,66.7,33.3,0.0,6.0,12.0,12.0,13.0,1451.9,1680.1
2021-10-03,2021,Getafe,Sociedad,1,1,D,U,3.66,3.11,2.22,2,5,2,5,4,0.0,2.0,3.0,1.0,1.0,7.0,-6.0,4.0,6.0,-2.0,-3.0,1.0,-4.0,0.0,1.0,-1.0,0.0,1.0,-1.0,0.0,100.0,66.7,33.3,3.0,18.0,15.0,18.0,1427.1,1607.8
2021-10-03,2021,Espanol,Real Madrid,2,1,H,O,5.04,4.07,1.67,4,4,2,8,4,1.0,2.0,1.0,0.0,2.0,6.0,-4.0,2.0,4.0,-2.0,0.0,2.0,-2.0,0.0,0.0,0.0,0.0,0.0,0.0,33.3,33.3,75.0,0.0,8.0,18.0,19.0,18.0,1423.2,1758.6
2021-10-03,2021,Elche,Celta,1,0,H,U,3.36,3.16,2.33,5,1,7,4,4,0.0,1.0,0.0,1.0,2.0,4.0,-2.0,2.0,5.0,-3.0,0.0,-1.0,1.0,0.0,1.0,-1.0,0.0,1.0,-1.0,0.0,0.0,33.3,33.3,8.0,6.0,15.0,9.0,1461.4,1521.0
2021-10-02,2021,Osasuna,Vallecano,1,0,H,U,2.21,3.39,3.4,3,0,6,3,5,0.0,1.0,2.0,1.0,2.0,3.0,-1.0,7.0,3.0,4.0,-5.0,0.0,-5.0,0.0,0.0,0.0,2.0,0.0,2.0,0.0,50.0,25.0,50.0,12.0,10.0,9.0,10.0,1507.2,1458.1
2021-10-02,2021,Mallorca,Levante,1,0,H,U,2.17,3.37,3.47,7,2,8,3,5,1.0,0.0,1.0,2.0,3.0,1.0,2.0,3.0,5.0,-2.0,0.0,-4.0,4.0,0.0,0.0,0.0,0.0,1.0,-1.0,25.0,25.0,0.0,50.0,15.0,8.0,11.0,10.0,1444.4,1464.8
2021-10-02,2021,Cadiz,Valencia,0,0,D,U,3.31,3.08,2.4,1,4,1,3,5,0.0,1.0,2.0,1.0,2.0,6.0,-4.0,5.0,5.0,0.0,-3.0,1.0,-4.0,0.0,1.0,-1.0,1.0,1.0,0.0,0.0,50.0,33.3,33.3,7.0,14.0,10.0,14.0,1480.2,1527.6
2021-10-02,2021,Ath Madrid,Barcelona,2,0,H,U,1.92,3.52,4.21,3,2,2,6,4,1.0,,0.0,,3.0,,,2.0,,,1.0,,,0.0,,,0.0,,,33.3,0.0,0.0,0.0,11.0,,23.0,,1711.4,1718.7
2021-10-01,2021,Ath Bilbao,Alaves,1,0,H,U,1.58,3.82,6.78,5,5,13,9,4,1.0,,1.0,,4.0,,,3.0,,,1.0,,,1.0,,,0.0,,,33.3,33.3,0.0,100.0,13.0,,22.0,,1531.7,1436.7
2021-09-27,2021,Celta,Granada,1,0,H,U,1.65,4.02,5.24,5,4,5,3,4,0.0,0.0,3.0,1.0,2.0,1.0,1.0,5.0,5.0,0.0,-3.0,-4.0,1.0,0.0,0.0,0.0,0.0,1.0,-1.0,0.0,100.0,0.0,33.3,6.0,6.0,14.0,12.0,1512.5,1460.4
2021-09-26,2021,Vallecano,Cadiz,3,1,H,O,1.64,3.82,5.78,6,1,4,3,3,,,,,,,,,,,,,,,,,,,,100.0,0.0,50.0,0.0,,,,,1446.8,1491.5
2021-09-26,2021,Sociedad,Elche,1,0,H,U,1.44,4.42,8.22,5,2,6,1,4,2.0,1.0,0.0,2.0,2.0,2.0,0.0,0.0,5.0,-5.0,2.0,-3.0,5.0,0.0,0.0,0.0,0.0,1.0,-1.0,66.7,0.0,33.3,66.7,14.0,8.0,12.0,10.0,1601.5,1467.7
2021-09-26,2021,Mallorca,Osasuna,2,3,A,O,2.77,3.12,2.77,8,6,5,5,4,1.0,,0.0,,2.0,,,1.0,,,1.0,,,0.0,,,0.0,,,33.3,0.0,100.0,0.0,9.0,,10.0,,1453.1,1498.5
2021-09-26,2021,Betis,Getafe,2,0,H,U,1.78,3.7,4.77,5,3,3,3,4,0.0,0.0,1.0,3.0,3.0,1.0,2.0,4.0,6.0,-2.0,-1.0,-5.0,4.0,0.0,0.0,0.0,0.0,1.0,-1.0,0.0,33.3,0.0,100.0,22.0,10.0,17.0,14.0,1569.5,1433.3
2021-09-26,2021,Barcelona,Levante,3,0,H,O,1.43,4.99,6.87,12,2,11,1,4,2.0,0.0,0.0,1.0,7.0,2.0,5.0,4.0,3.0,1.0,3.0,-1.0,4.0,1.0,0.0,1.0,0.0,0.0,0.0,66.7,0.0,0.0,33.3,17.0,9.0,20.0,13.0,1714.8,1468.7
2021-09-25,2021,Valencia,Ath Bilbao,1,1,D,U,2.62,3.2,2.85,6,4,4,5,4,2.0,1.0,1.0,0.0,5.0,1.0,4.0,2.0,0.0,2.0,3.0,1.0,2.0,1.0,0.0,1.0,0.0,0.0,0.0,66.7,33.3,33.3,0.0,10.0,5.0,7.0,17.0,1527.5,1531.8
2021-09-25,2021,Sevilla,Espanol,2,0,H,U,1.63,3.82,5.99,5,2,4,8,3,,0.0,,1.0,,2.0,,,3.0,,,-1.0,,,0.0,,,0.0,,100.0,0.0,0.0,33.3,,10.0,,12.0,1676.3,1427.1
2021-09-25,2021,Real Madrid,Villarreal,0,0,D,U,1.5,4.69,6.06,2,2,6,3,3,,0.0,,0.0,,2.0,,,2.0,,,0.0,,,0.0,,,0.0,,100.0,0.0,0.0,0.0,,7.0,,8.0,1763.7,1572.2
2021-09-25,2021,Alaves,Ath Madrid,1,0,H,U,7.13,3.91,1.55,1,1,3,8,4,0.0,3.0,3.0,0.0,1.0,6.0,-5.0,7.0,3.0,4.0,-6.0,3.0,-9.0,0.0,0.0,0.0,2.0,0.0,2.0,0.0,100.0,100.0,0.0,11.0,11.0,3.0,13.0,1419.6,1728.6
2021-09-23,2021,Osasuna,Betis,1,3,A,O,2.36,3.31,3.13,3,9,4,7,4,0.0,,1.0,,1.0,,,4.0,,,-3.0,,,0.0,,,1.0,,,0.0,33.3,50.0,0.0,10.0,,9.0,,1507.0,1561.0
2021-09-23,2021,Granada,Sociedad,2,3,A,O,4.06,3.51,1.95,2,11,4,7,3,,,,,,,,,,,,,,,,,,,,0.0,50.0,50.0,50.0,,,,,1466.8,1595.0
2021-09-23,2021,Cadiz,Barcelona,0,0,D,U,6.18,4.43,1.52,3,2,4,5,4,0.0,,2.0,,3.0,,,6.0,,,-3.0,,,0.0,,,1.0,,,0.0,66.7,0.0,0.0,6.0,,8.0,,1485.6,1720.7
2021-09-22,2021,Villarreal,Elche,4,1,H,O,1.51,4.14,7.04,9,3,8,7,2,,,,,,,,,,,,,,,,,,,,0.0,0.0,50.0,50.0,,,,,1564.7,1475.2
2021-09-22,2021,Sevilla,Valencia,3,1,H,O,1.66,3.88,5.53,5,3,1,4,2,,,,,,,,,,,,,,,,,,,,100.0,0.0,50.0,0.0,,,,,1670.0,1533.7
2021-09-22,2021,Real Madrid,Mallorca,6,1,H,O,1.24,6.36,12.33,12,5,3,2,2,,,,,,,,,,,,,,,,,,,,100.0,0.0,50.0,50.0,,,,,1760.7,1456.0
2021-09-22,2021,Espanol,Alaves,1,0,H,U,1.85,3.41,4.74,2,2,4,8,3,,,,,,,,,,,,,,,,,,,,0.0,50.0,0.0,100.0,,,,,1416.7,1430.0
2021-09-21,2021,Levante,Celta,0,2,A,U,2.62,3.39,2.74,2,2,2,4,3,,,,,,,,,,,,,,,,,,,,0.0,0.0,0.0,50.0,,,,,1478.0,1503.2
2021-09-21,2021,Getafe,Ath Madrid,1,2,A,O,6.19,3.47,1.69,2,4,2,5,3,,,,,,,,,,,,,,,,,,,,0.0,100.0,100.0,0.0,,,,,1436.5,1725.4
2021-09-21,2021,Ath Bilbao,Vallecano,1,2,A,O,1.9,3.37,4.58,1,3,2,1,3,,0.0,,2.0,,1.0,,,5.0,,,-4.0,,,0.0,,,1.0,,50.0,0.0,0.0,66.7,,10.0,,9.0,1544.9,1433.7
2021-09-20,2021,Barcelona,Granada,1,1,D,U,1.29,5.83,10.53,6,2,12,4,3,,,,,,,,,,,,,,,,,,,,100.0,0.0,0.0,50.0,,,,,1727.2,1460.4
2021-09-19,2021,Valencia,Real Madrid,1,2,A,O,3.76,3.82,1.95,4,10,2,5,3,,2.0,,0.0,,8.0,,,4.0,,,4.0,,,1.0,,,0.0,,100.0,0.0,66.7,0.0,,15.0,,17.0,1538.2,1756.3
2021-09-19,2021,Sociedad,Sevilla,0,0,D,U,2.63,3.19,2.85,4,4,5,6,3,,,,,,,,,,,,,,,,,,,,100.0,0.0,50.0,0.0,,,,,1592.8,1672.2
2021-09-19,2021,Mallorca,Villarreal,0,0,D,U,3.47,3.13,2.29,1,3,3,1,3,,,,,,,,,,,,,,,,,,,,50.0,0.0,0.0,0.0,,,,,1452.8,1567.9
2021-09-19,2021,Betis,Espanol,2,2,D,O,2.02,3.33,3.98,9,4,10,4,3,,,,,,,,,,,,,,,,,,,,0.0,50.0,0.0,50.0,,,,,1565.1,1412.6
2021-09-18,2021,Vallecano,Getafe,3,0,H,O,2.48,2.98,3.28,5,3,5,3,2,,,,,,,,,,,,,,,,,,,,100.0,0.0,0.0,100.0,,,,,1423.0,1447.2
2021-09-18,2021,Elche,Levante,1,1,D,U,2.47,3.13,3.14,2,6,4,7,3,,,,,,,,,,,,,,,,,,,,0.0,0.0,0.0,50.0,,,,,1475.1,1478.1
2021-09-18,2021,Ath Madrid,Ath Bilbao,0,0,D,U,1.68,3.57,5.94,2,0,5,5,3,,,,,,,,,,,,,,,,,,,,50.0,0.0,50.0,0.0,,,,,1730.4,1539.9
2021-09-18,2021,Alaves,Osasuna,0,2,A,U,3.05,3.07,2.57,3,5,2,8,3,,,,,,,,,,,,,,,,,,,,0.0,100.0,100.0,0.0,,,,,1438.3,1498.7
2021-09-17,2021,Celta,Cadiz,1,2,A,O,1.51,4.28,6.99,4,3,7,1,3,,,,,,,,,,,,,,,,,,,,0.0,100.0,0.0,0.0,,,,,1514.4,1474.4
2021-09-13,2021,Granada,Betis,1,2,A,O,3.06,3.3,2.41,2,9,6,8,2,,,,,,,,,,,,,,,,,,,,0.0,0.0,0.0,0.0,,,,,1467.9,1557.7
2021-09-13,2021,Getafe,Elche,0,1,A,U,1.84,3.36,4.87,1,3,8,2,2,,,,,,,,,,,,,,,,,,,,0.0,100.0,0.0,100.0,,,,,1457.0,1465.4
2021-09-12,2021,Real Madrid,Celta,5,2,H,O,1.37,5.25,7.97,11,4,7,3,1,,,,,,,,,,,,,,,,,,,,,,0.0,0.0,,,,,1752.1,1518.5
2021-09-12,2021,Osasuna,Valencia,1,4,A,O,2.47,3.14,3.11,2,4,4,4,3,,,,,,,,,,,,,,,,,,,,0.0,0.0,0.0,0.0,,,,,1508.1,1528.8
2021-09-12,2021,Espanol,Ath Madrid,1,2,A,O,4.26,3.38,1.95,3,3,6,3,2,,,,,,,,,,,,,,,,,,,,0.0,0.0,100.0,0.0,,,,,1415.4,1727.5
2021-09-12,2021,Cadiz,Sociedad,0,2,A,U,5.25,3.52,1.75,1,4,2,8,3,,,,,,,,,,,,,,,,,,,,0.0,50.0,0.0,100.0,,,,,1481.5,1585.7
2021-09-11,2021,Levante,Vallecano,1,1,D,U,2.1,3.44,3.6,2,6,2,5,2,,,,,,,,,,,,,,,,,,,,0.0,0.0,0.0,100.0,,,,,1479.8,1421.4
2021-09-11,2021,Ath Bilbao,Mallorca,2,0,H,U,1.74,3.62,5.17,5,1,7,2,2,,,,,,,,,,,,,,,,,,,,0.0,0.0,100.0,0.0,,,,,1532.0,1460.8
2021-08-29,2021,Vallecano,Granada,4,0,H,O,2.59,3.2,2.89,6,3,5,6,1,,,,,,,,,,,,,,,,,,,,,,0.0,0.0,,,,,1409.4,1479.9
2021-08-29,2021,Cadiz,Osasuna,2,3,A,O,3.15,3.07,2.5,3,4,4,11,2,,,,,,,,,,,,,,,,,,,,0.0,0.0,,,,,,,1491.3,1498.3
2021-08-29,2021,Barcelona,Getafe,2,1,H,O,1.4,4.83,8.36,3,3,3,2,2,,,,,,,,,,,,,,,,,,,,100.0,0.0,0.0,100.0,,,,,1723.6,1460.6
2021-08-29,2021,Ath Madrid,Villarreal,2,2,D,O,1.78,3.41,5.28,5,2,16,0,2,,,,,,,,,,,,,,,,,,,,100.0,0.0,0.0,0.0,,,,,1732.0,1563.4
2021-08-28,2021,Sociedad,Levante,1,0,H,U,1.57,4.2,5.94,2,0,2,2,2,,,,,,,,,,,,,,,,,,,,100.0,0.0,0.0,0.0,,,,,1578.3,1487.2
2021-08-28,2021,Elche,Sevilla,1,1,D,U,5.24,3.46,1.77,4,5,5,3,2,,,,,,,,,,,,,,,,,,,,0.0,0.0,100.0,0.0,,,,,1459.8,1677.8
2021-08-28,2021,Celta,Ath Bilbao,0,1,A,U,2.48,3.2,3.05,0,2,5,4,2,,,,,,,,,,,,,,,,,,,,0.0,100.0,0.0,0.0,,,,,1528.7,1521.8
2021-08-28,2021,Betis,Real Madrid,0,1,A,U,4.21,3.84,1.84,6,3,3,7,2,,,,,,,,,,,,,,,,,,,,0.0,0.0,50.0,0.0,,,,,1562.8,1747.0
2021-08-27,2021,Valencia,Alaves,3,0,H,O,1.78,3.58,5.02,4,3,4,4,2,,,,,,,,,,,,,,,,,,,,100.0,0.0,,,,,,,1520.9,1446.2
2021-08-27,2021,Mallorca,Espanol,1,0,H,U,2.64,2.95,3.08,6,3,3,2,2,,,,,,,,,,,,,,,,,,,,0.0,0.0,0.0,0.0,,,,,1451.6,1424.6
2021-08-23,2021,Osasuna,Celta,0,0,D,U,2.66,3.19,2.8,7,0,1,2,2,,,,,,,,,,,,,,,,,,,,0.0,0.0,,,,,,,1497.4,1529.6
2021-08-23,2021,Getafe,Sevilla,0,1,A,U,3.49,3.14,2.26,0,3,5,4,1,,,,,,,,,,,,,,,,,,,,,,,,,,,,1465.2,1673.2
2021-08-22,2021,Sociedad,Vallecano,1,0,H,U,1.47,4.38,7.33,8,1,5,4,1,,,,,,,,,,,,,,,,,,,,,,0.0,100.0,,,,,1572.5,1415.1
2021-08-22,2021,Levante,Real Madrid,3,3,D,O,4.97,4.23,1.65,4,5,4,6,1,,,,,,,,,,,,,,,,,,,,,,100.0,0.0,,,,,1480.7,1753.6
2021-08-22,2021,Ath Madrid,Elche,1,0,H,U,1.23,6.07,15.8,4,2,2,1,1,,,,,,,,,,,,,,,,,,,,,,,,,,,,1728.4,1463.4
2021-08-21,2021,Granada,Valencia,1,1,D,U,2.53,3.25,2.92,2,7,2,6,1,,,,,,,,,,,,,,,,,,,,,,,,,,,,1478.6,1522.1
2021-08-21,2021,Espanol,Villarreal,0,0,D,U,3.07,3.38,2.36,3,2,9,7,1,,,,,,,,,,,,,,,,,,,,,,,,,,,,1420.7,1567.4
2021-08-21,2021,Ath Bilbao,Barcelona,1,1,D,U,4.14,3.63,1.9,7,3,13,2,1,,,,,,,,,,,,,,,,,,,,,,,,,,,,1516.3,1729.0
2021-08-21,2021,Alaves,Mallorca,0,1,A,U,2.3,3.19,3.36,4,2,1,8,2,,,,,,,,,,,,,,,,,,,,0.0,100.0,,,,,,,1456.6,1441.1
2021-08-20,2021,Betis,Cadiz,1,1,D,U,1.52,4.3,6.69,7,3,4,5,1,,,,,,,,,,,,,,,,,,,,,,,,,,,,1565.0,1489.1
2021-08-16,2021,Villarreal,Granada,0,0,D,U,1.54,4.24,6.25,4,1,6,2,1,,,,,,,,,,,,,,,,,,,,,,,,,,,,1570.0,1476.0
2021-08-16,2021,Elche,Ath Bilbao,0,0,D,U,3.78,3.3,2.09,2,3,6,8,1,,,,,,,,,,,,,,,,,,,,,,,,,,,,1461.8,1517.9
2021-08-15,2021,Sevilla,Vallecano,3,0,H,O,1.44,4.54,7.6,8,3,4,0,1,,,,,,,,,,,,,,,,,,,,,,,,,,,,1669.3,1418.9
2021-08-15,2021,Celta,Ath Madrid,1,2,A,O,4.17,3.25,2.01,2,4,2,5,1,,,,,,,,,,,,,,,,,,,,,,,,,,,,1534.7,1723.4
2021-08-15,2021,Barcelona,Sociedad,4,2,H,O,1.74,4.06,4.44,8,3,5,3,1,,,,,,,,,,,,,,,,,,,,,,,,,,,,1723.0,1578.6
2021-08-14,2021,Osasuna,Espanol,0,0,D,U,2.29,3.26,3.31,1,3,4,6,1,,,,,,,,,,,,,,,,,,,,,,,,,,,,1499.7,1418.4
2021-08-14,2021,Mallorca,Betis,1,1,D,U,3.38,3.29,2.24,2,1,4,3,1,,,,,,,,,,,,,,,,,,,,,,,,,,,,1437.5,1568.6
2021-08-14,2021,Cadiz,Levante,1,1,D,U,2.78,3.23,2.66,2,3,2,4,1,,,,,,,,,,,,,,,,,,,,,,,,,,,,1489.4,1480.4
2021-08-14,2021,Alaves,Real Madrid,1,4,A,O,7.08,4.57,1.46,4,7,0,4,1,,,,,,,,,,,,,,,,,,,,,,,,,,,,1459.8,1750.4
2021-08-13,2021,Valencia,Getafe,1,0,H,U,2.64,3.01,3.06,2,4,1,9,1,,,,,,,,,,,,,,,,,,,,,,,,,,,,1513.2,1474.1
2021-05-23,2020,Sevilla,Alaves,1,0,H,U,1.55,4.31,6.01,2,2,6,4,19,2.0,1.0,1.0,1.0,3.0,3.0,0.0,2.0,4.0,-2.0,1.0,-1.0,2.0,0.0,1.0,-1.0,0.0,1.0,-1.0,72.2,22.2,16.7,55.6,11.0,6.0,14.0,12.0,1664.5,1464.6
2021-05-23,2020,Granada,Getafe,0,0,D,U,2.72,3.37,2.62,3,2,6,3,19,1.0,1.0,2.0,2.0,5.0,2.0,3.0,6.0,2.0,4.0,-1.0,0.0,-1.0,1.0,1.0,0.0,1.0,0.0,1.0,50.0,33.3,16.7,61.1,11.0,11.0,12.0,9.0,1476.0,1474.1
2021-05-22,2020,Valladolid,Ath Madrid,1,2,A,O,9.2,5.27,1.34,4,3,4,6,19,0.0,1.0,1.0,1.0,2.0,2.0,0.0,4.0,2.0,2.0,-2.0,0.0,-2.0,0.0,0.0,0.0,1.0,0.0,1.0,16.7,44.4,55.6,16.7,10.0,13.0,11.0,20.0,1439.1,1720.1
2021-05-22,2020,Real Madrid,Villarreal,2,1,H,O,1.42,5.05,6.92,4,2,6,1,19,1.0,2.0,0.0,1.0,4.0,8.0,-4.0,2.0,3.0,-1.0,2.0,5.0,-3.0,1.0,2.0,-1.0,0.0,0.0,0.0,66.7,16.7,38.9,22.2,17.0,15.0,22.0,19.0,1744.9,1575.5
2021-05-22,2020,Osasuna,Sociedad,0,1,A,U,4.97,4.4,1.62,1,1,3,3,19,3.0,1.0,0.0,2.0,8.0,2.0,6.0,3.0,3.0,0.0,5.0,-1.0,6.0,2.0,0.0,2.0,0.0,0.0,0.0,38.9,33.3,38.9,33.3,16.0,12.0,12.0,17.0,1507.9,1570.4
2021-05-22,2020,Huesca,Valencia,0,0,D,U,1.68,4.18,4.73,8,4,9,3,19,2.0,0.0,1.0,2.0,2.0,3.0,-1.0,2.0,6.0,-4.0,0.0,-3.0,3.0,0.0,0.0,0.0,1.0,1.0,0.0,27.8,38.9,11.1,61.1,10.0,10.0,8.0,14.0,1446.0,1515.2
2021-05-22,2020,Elche,Ath Bilbao,2,0,H,U,1.99,3.62,3.75,3,2,3,1,19,1.0,1.0,2.0,1.0,1.0,1.0,0.0,3.0,1.0,2.0,-2.0,0.0,-2.0,0.0,0.0,0.0,1.0,0.0,1.0,22.2,33.3,16.7,44.4,8.0,9.0,14.0,6.0,1449.5,1530.2
2021-05-22,2020,Eibar,Barcelona,0,1,A,U,4.46,4.4,1.68,3,3,6,3,19,1.0,2.0,1.0,0.0,4.0,8.0,-4.0,2.0,6.0,-4.0,2.0,2.0,0.0,1.0,0.0,1.0,0.0,0.0,0.0,11.1,50.0,66.7,22.2,13.0,17.0,17.0,8.0,1430.3,1719.8
2021-05-22,2020,Celta,Betis,2,3,A,O,3.21,3.83,2.11,4,5,8,4,19,3.0,0.0,0.0,0.0,5.0,2.0,3.0,1.0,2.0,-1.0,4.0,0.0,4.0,1.0,0.0,1.0,0.0,0.0,0.0,50.0,33.3,33.3,38.9,8.0,10.0,4.0,8.0,1544.3,1559.0
2021-05-21,2020,Levante,Cadiz,2,2,D,O,1.8,4.07,4.17,4,2,7,0,19,0.0,1.0,2.0,1.0,4.0,4.0,0.0,9.0,4.0,5.0,-5.0,0.0,-5.0,0.0,0.0,0.0,1.0,0.0,1.0,27.8,27.8,33.3,38.9,10.0,10.0,14.0,17.0,1480.1,1489.7
2021-05-16,2020,Villarreal,Sevilla,4,0,H,O,2.43,3.47,2.88,5,5,3,6,19,1.0,2.0,2.0,0.0,4.0,5.0,-1.0,6.0,3.0,3.0,-2.0,2.0,-4.0,0.0,0.0,0.0,1.0,0.0,1.0,38.9,27.8,55.6,22.2,14.0,13.0,15.0,9.0,1562.3,1677.7
2021-05-16,2020,Valencia,Eibar,4,1,H,O,2.84,3.43,2.48,5,8,2,10,19,1.0,1.0,1.0,2.0,6.0,2.0,4.0,4.0,9.0,-5.0,2.0,-7.0,9.0,1.0,0.0,1.0,0.0,2.0,-2.0,38.9,22.2,22.2,50.0,9.0,6.0,10.0,12.0,1507.2,1438.3
2021-05-16,2020,Sociedad,Valladolid,4,1,H,O,1.66,3.74,5.68,8,5,2,4,19,2.0,0.0,1.0,1.0,5.0,3.0,2.0,3.0,6.0,-3.0,2.0,-3.0,5.0,1.0,0.0,1.0,0.0,1.0,-1.0,44.4,22.2,11.1,38.9,8.0,10.0,16.0,22.0,1563.6,1445.8
2021-05-16,2020,Getafe,Levante,2,1,H,O,1.64,3.88,5.6,3,1,3,4,19,0.0,0.0,2.0,2.0,0.0,2.0,-2.0,2.0,5.0,-3.0,-2.0,-3.0,1.0,0.0,0.0,0.0,0.0,1.0,-1.0,27.8,38.9,22.2,50.0,12.0,6.0,20.0,10.0,1463.3,1490.9
2021-05-16,2020,Cadiz,Elche,1,3,A,O,3.21,3.13,2.4,3,5,1,8,19,1.0,0.0,1.0,3.0,2.0,1.0,1.0,4.0,7.0,-3.0,-2.0,-6.0,4.0,0.0,0.0,0.0,1.0,3.0,-2.0,27.8,44.4,11.1,66.7,6.0,4.0,14.0,11.0,1501.5,1437.7
2021-05-16,2020,Betis,Huesca,1,0,H,U,1.84,3.79,4.17,2,0,2,5,19,1.0,0.0,0.0,3.0,4.0,1.0,3.0,3.0,5.0,-2.0,1.0,-4.0,5.0,0.0,0.0,0.0,0.0,1.0,-1.0,50.0,22.2,11.1,55.6,13.0,8.0,20.0,7.0,1551.8,1453.2
2021-05-16,2020,Barcelona,Celta,1,2,A,O,1.24,6.69,10.7,4,4,7,1,19,1.0,1.0,1.0,1.0,6.0,5.0,1.0,4.0,4.0,0.0,2.0,1.0,1.0,1.0,1.0,0.0,0.0,0.0,0.0,61.1,11.1,22.2,33.3,17.0,13.0,14.0,14.0,1735.1,1528.9
2021-05-16,2020,Ath Madrid,Osasuna,2,1,H,O,1.24,5.97,13.72,9,2,8,0,19,3.0,0.0,0.0,2.0,9.0,3.0,6.0,1.0,6.0,-5.0,8.0,-3.0,11.0,2.0,0.0,2.0,0.0,1.0,-1.0,77.8,5.6,22.2,44.4,23.0,9.0,17.0,12.0,1715.3,1512.7
2021-05-16,2020,Ath Bilbao,Real Madrid,0,1,A,U,5.39,4.27,1.6,1,2,4,11,19,1.0,2.0,0.0,0.0,6.0,7.0,-1.0,5.0,1.0,4.0,1.0,6.0,-5.0,0.0,2.0,-2.0,0.0,0.0,0.0,44.4,22.2,61.1,5.6,13.0,13.0,19.0,12.0,1534.9,1740.2
2021-05-16,2020,Alaves,Granada,4,2,H,O,1.87,3.64,4.26,9,2,6,1,19,2.0,1.0,0.0,2.0,5.0,4.0,1.0,3.0,5.0,-2.0,2.0,-1.0,3.0,0.0,0.0,0.0,0.0,0.0,0.0,27.8,38.9,22.2,61.1,11.0,9.0,18.0,8.0,1453.6,1487.0
2021-05-13,2020,Valladolid,Villarreal,0,2,A,U,3.86,3.55,1.98,2,3,3,6,18,0.0,2.0,1.0,1.0,3.0,9.0,-6.0,4.0,3.0,1.0,-1.0,6.0,-7.0,0.0,2.0,-2.0,0.0,0.0,0.0,17.6,41.2,35.3,23.5,11.0,18.0,10.0,18.0,1453.0,1555.1
2021-05-13,2020,Granada,Real Madrid,1,4,A,O,8.01,4.9,1.4,5,7,2,3,18,1.0,2.0,2.0,0.0,4.0,6.0,-2.0,5.0,1.0,4.0,-1.0,5.0,-6.0,1.0,2.0,-1.0,1.0,0.0,1.0,52.9,29.4,58.8,5.9,8.0,10.0,13.0,16.0,1490.9,1736.3
2021-05-13,2020,Eibar,Betis,1,1,D,U,2.8,3.39,2.55,4,4,5,4,18,1.0,0.0,2.0,0.0,3.0,2.0,1.0,2.0,2.0,0.0,1.0,0.0,1.0,1.0,0.0,1.0,0.0,0.0,0.0,11.8,52.9,35.3,41.2,13.0,9.0,18.0,6.0,1435.0,1555.1
2021-05-12,2020,Sevilla,Valencia,1,0,H,U,1.46,4.63,6.78,4,2,3,5,18,2.0,0.0,1.0,2.0,3.0,4.0,-1.0,2.0,7.0,-5.0,1.0,-3.0,4.0,0.0,0.0,0.0,0.0,1.0,-1.0,70.6,23.5,11.8,58.8,12.0,14.0,14.0,22.0,1672.0,1512.9
2021-05-12,2020,Huesca,Ath Bilbao,1,0,H,U,2.55,3.22,2.92,6,3,5,0,18,2.0,1.0,1.0,0.0,4.0,2.0,2.0,3.0,1.0,2.0,1.0,1.0,0.0,1.0,0.0,1.0,1.0,0.0,1.0,23.5,41.2,17.6,41.2,9.0,8.0,9.0,12.0,1440.2,1547.9
2021-05-12,2020,Celta,Getafe,1,0,H,U,2.4,3.25,3.11,1,4,1,5,18,2.0,1.0,1.0,2.0,7.0,4.0,3.0,5.0,6.0,-1.0,2.0,-2.0,4.0,1.0,1.0,0.0,0.0,1.0,-1.0,47.1,35.3,17.6,58.8,12.0,8.0,8.0,5.0,1520.3,1471.9
2021-05-12,2020,Ath Madrid,Sociedad,2,1,H,O,1.61,3.9,6.01,4,7,1,7,18,3.0,1.0,0.0,1.0,8.0,3.0,5.0,0.0,3.0,-3.0,8.0,0.0,8.0,2.0,0.0,2.0,0.0,0.0,0.0,76.5,5.9,41.2,29.4,23.0,10.0,21.0,15.0,1709.1,1569.8
2021-05-11,2020,Osasuna,Cadiz,3,2,H,O,2.0,3.37,4.07,4,4,3,5,18,2.0,2.0,0.0,0.0,5.0,3.0,2.0,1.0,1.0,0.0,4.0,2.0,2.0,2.0,0.0,2.0,0.0,0.0,0.0,35.3,35.3,35.3,35.3,13.0,9.0,11.0,16.0,1502.4,1511.8
2021-05-11,2020,Levante,Barcelona,3,3,D,O,11.54,7.38,1.22,6,5,8,6,18,0.0,2.0,3.0,1.0,1.0,6.0,-5.0,8.0,5.0,3.0,-7.0,1.0,-8.0,0.0,0.0,0.0,2.0,0.0,2.0,29.4,29.4,70.6,23.5,7.0,16.0,14.0,8.0,1484.6,1741.4
2021-05-11,2020,Elche,Alaves,0,2,A,U,2.93,3.03,2.69,4,2,7,5,18,1.0,0.0,1.0,1.0,2.0,1.0,1.0,2.0,4.0,-2.0,0.0,-3.0,3.0,0.0,0.0,0.0,0.0,1.0,-1.0,23.5,29.4,11.8,58.8,7.0,4.0,11.0,13.0,1447.8,1443.5
2021-05-10,2020,Betis,Granada,2,1,H,O,1.8,3.69,4.57,6,5,9,2,18,0.0,2.0,0.0,1.0,3.0,5.0,-2.0,3.0,4.0,-1.0,0.0,1.0,-1.0,0.0,0.0,0.0,0.0,0.0,0.0,47.1,23.5,23.5,58.8,11.0,10.0,16.0,10.0,1546.4,1499.6
2021-05-09,2020,Villarreal,Celta,2,4,A,O,1.99,3.64,3.72,7,6,5,3,18,1.0,1.0,2.0,1.0,3.0,4.0,-1.0,4.0,3.0,1.0,-1.0,1.0,-2.0,0.0,1.0,-1.0,0.0,0.0,0.0,41.2,23.5,17.6,35.3,13.0,13.0,16.0,13.0,1566.8,1508.7
2021-05-09,2020,Valencia,Valladolid,3,0,H,O,2.05,3.3,3.93,3,2,1,9,18,0.0,0.0,1.0,1.0,5.0,3.0,2.0,6.0,4.0,2.0,-1.0,-1.0,0.0,0.0,0.0,0.0,0.0,0.0,0.0,35.3,23.5,11.8,35.3,8.0,10.0,13.0,14.0,1504.1,1461.8
2021-05-09,2020,Real Madrid,Sevilla,2,2,D,O,1.98,3.64,3.74,6,3,7,3,18,2.0,3.0,0.0,0.0,4.0,7.0,-3.0,1.0,4.0,-3.0,3.0,3.0,0.0,1.0,0.0,1.0,0.0,0.0,0.0,70.6,17.6,58.8,23.5,14.0,16.0,20.0,8.0,1738.2,1670.1
2021-05-09,2020,Getafe,Eibar,0,1,A,U,2.26,3.07,3.6,2,3,4,2,18,0.0,0.0,1.0,3.0,1.0,1.0,0.0,2.0,11.0,-9.0,-1.0,-10.0,9.0,0.0,0.0,0.0,0.0,3.0,-3.0,29.4,35.3,17.6,52.9,15.0,7.0,20.0,19.0,1483.6,1423.3
2021-05-08,2020,Cadiz,Huesca,2,1,H,O,3.64,3.23,2.17,1,5,3,3,18,1.0,1.0,1.0,2.0,2.0,2.0,0.0,4.0,3.0,1.0,-2.0,-1.0,-1.0,0.0,1.0,-1.0,1.0,1.0,0.0,23.5,47.1,11.8,52.9,7.0,5.0,15.0,6.0,1503.3,1448.7
2021-05-08,2020,Barcelona,Ath Madrid,0,0,D,U,1.81,3.69,4.52,7,6,5,7,18,2.0,1.0,1.0,1.0,7.0,3.0,4.0,4.0,3.0,1.0,3.0,0.0,3.0,1.0,0.0,1.0,0.0,0.0,0.0,64.7,11.8,58.8,17.6,20.0,11.0,13.0,18.0,1742.4,1708.2
2021-05-08,2020,Ath Bilbao,Osasuna,2,2,D,O,1.81,3.55,4.72,3,4,10,4,18,1.0,1.0,0.0,2.0,4.0,3.0,1.0,3.0,5.0,-2.0,1.0,-2.0,3.0,0.0,0.0,0.0,0.0,1.0,-1.0,47.1,23.5,23.5,47.1,14.0,9.0,15.0,13.0,1549.3,1501.0
2021-05-08,2020,Alaves,Levante,2,2,D,O,2.17,3.32,3.54,5,3,8,3,18,2.0,1.0,1.0,2.0,4.0,1.0,3.0,4.0,3.0,1.0,0.0,-2.0,2.0,0.0,0.0,0.0,1.0,1.0,0.0,29.4,41.2,23.5,52.9,13.0,4.0,16.0,10.0,1442.3,1485.9
2021-05-07,2020,Sociedad,Elche,2,0,H,U,1.5,4.1,7.5,3,0,7,0,18,1.0,0.0,1.0,2.0,4.0,2.0,2.0,4.0,6.0,-2.0,0.0,-4.0,4.0,0.0,0.0,0.0,0.0,2.0,-2.0,41.2,23.5,11.8,64.7,7.0,6.0,12.0,19.0,1562.8,1454.8
2021-05-03,2020,Sevilla,Ath Bilbao,0,1,A,U,1.6,3.96,5.92,3,2,6,2,17,3.0,0.0,0.0,0.0,5.0,1.0,4.0,1.0,1.0,0.0,4.0,0.0,4.0,1.0,0.0,1.0,0.0,0.0,0.0,75.0,18.8,12.5,43.8,17.0,7.0,12.0,13.0,1684.1,1535.2
2021-05-02,2020,Villarreal,Getafe,1,0,H,U,2.18,3.01,3.92,3,3,4,4,17,1.0,1.0,2.0,1.0,4.0,4.0,0.0,5.0,5.0,0.0,-1.0,-1.0,0.0,0.0,1.0,-1.0,0.0,1.0,-1.0,37.5,25.0,18.8,56.2,14.0,7.0,17.0,5.0,1558.7,1491.7
2021-05-02,2020,Valladolid,Betis,1,1,D,U,3.18,3.46,2.26,2,4,3,2,17,0.0,0.0,1.0,1.0,3.0,1.0,2.0,4.0,2.0,2.0,-1.0,-1.0,0.0,0.0,0.0,0.0,0.0,0.0,0.0,18.8,43.8,37.5,43.8,11.0,8.0,9.0,10.0,1459.2,1548.9
2021-05-02,2020,Valencia,Barcelona,2,3,A,O,7.4,5.37,1.38,4,7,2,1,17,1.0,2.0,0.0,1.0,5.0,9.0,-4.0,4.0,4.0,0.0,1.0,5.0,-4.0,0.0,1.0,-1.0,0.0,0.0,0.0,37.5,18.8,68.8,25.0,13.0,19.0,14.0,8.0,1508.3,1738.2
2021-05-02,2020,Granada,Cadiz,0,1,A,U,1.83,3.4,4.84,2,4,6,5,17,2.0,1.0,1.0,1.0,5.0,3.0,2.0,4.0,3.0,1.0,1.0,0.0,1.0,1.0,0.0,1.0,1.0,0.0,1.0,56.2,25.0,31.2,37.5,8.0,8.0,11.0,17.0,1510.1,1492.8
2021-05-01,2020,Real Madrid,Osasuna,2,0,H,U,1.38,4.93,8.48,6,2,7,0,17,2.0,1.0,0.0,1.0,4.0,3.0,1.0,1.0,3.0,-2.0,3.0,0.0,3.0,1.0,0.0,1.0,0.0,0.0,0.0,68.8,18.8,25.0,43.8,16.0,9.0,19.0,14.0,1734.0,1505.2
2021-05-01,2020,Huesca,Sociedad,1,0,H,U,3.74,3.47,2.04,3,3,2,7,17,1.0,1.0,1.0,1.0,3.0,3.0,0.0,3.0,3.0,0.0,0.0,0.0,0.0,1.0,0.0,1.0,1.0,0.0,1.0,18.8,43.8,43.8,25.0,9.0,8.0,12.0,14.0,1434.8,1576.7
2021-05-01,2020,Elche,Ath Madrid,0,1,A,U,8.79,4.5,1.41,1,4,3,2,17,1.0,0.0,0.0,2.0,3.0,2.0,1.0,2.0,4.0,-2.0,1.0,-2.0,3.0,0.0,0.0,0.0,0.0,0.0,0.0,25.0,25.0,56.2,18.8,9.0,11.0,15.0,18.0,1458.7,1704.3
2021-05-01,2020,Eibar,Alaves,3,0,H,O,2.51,3.11,3.07,4,2,10,5,17,0.0,0.0,3.0,1.0,1.0,1.0,0.0,5.0,2.0,3.0,-4.0,-1.0,-3.0,0.0,0.0,0.0,1.0,0.0,1.0,6.2,56.2,12.5,56.2,16.0,5.0,15.0,13.0,1412.1,1453.5
2021-04-30,2020,Celta,Levante,2,0,H,U,1.86,3.65,4.35,5,2,1,5,17,1.0,1.0,2.0,2.0,6.0,1.0,5.0,8.0,3.0,5.0,-2.0,-2.0,0.0,0.0,0.0,0.0,1.0,1.0,0.0,43.8,37.5,25.0,50.0,10.0,3.0,8.0,6.0,1498.8,1495.8
2021-04-29,2020,Barcelona,Granada,1,2,A,O,1.15,8.44,16.88,4,2,6,1,17,3.0,1.0,0.0,2.0,10.0,4.0,6.0,3.0,5.0,-2.0,7.0,-1.0,8.0,2.0,0.0,2.0,0.0,0.0,0.0,68.8,6.2,18.8,62.5,21.0,11.0,14.0,13.0,1754.5,1493.7
2021-04-28,2020,Ath Bilbao,Valladolid,2,2,D,O,1.86,3.22,5.04,7,4,5,7,17,1.0,0.0,0.0,1.0,3.0,1.0,2.0,2.0,2.0,0.0,1.0,-1.0,2.0,0.0,0.0,0.0,0.0,0.0,0.0,50.0,25.0,12.5,37.5,11.0,8.0,20.0,10.0,1537.5,1457.0
2021-04-26,2020,Eibar,Sociedad,0,1,A,U,4.14,3.47,1.92,5,2,2,3,16,0.0,0.0,2.0,1.0,2.0,3.0,-1.0,5.0,4.0,1.0,-3.0,-1.0,-2.0,0.0,0.0,0.0,1.0,0.0,1.0,6.7,53.3,40.0,26.7,14.0,8.0,19.0,15.0,1418.0,1570.8
2021-04-25,2020,Villarreal,Barcelona,1,2,A,O,4.61,4.32,1.67,4,5,6,1,16,1.0,2.0,2.0,1.0,3.0,9.0,-6.0,5.0,3.0,2.0,-2.0,6.0,-8.0,0.0,2.0,-2.0,1.0,0.0,1.0,40.0,20.0,66.7,26.7,16.0,20.0,21.0,11.0,1563.8,1749.4
2021-04-25,2020,Sevilla,Granada,2,1,H,O,1.42,4.71,7.65,4,2,5,5,16,3.0,1.0,0.0,2.0,4.0,4.0,0.0,0.0,5.0,-5.0,4.0,-1.0,5.0,1.0,0.0,1.0,0.0,0.0,0.0,73.3,20.0,20.0,60.0,16.0,12.0,10.0,17.0,1678.9,1498.9
2021-04-25,2020,Huesca,Getafe,0,2,A,U,2.89,2.9,2.8,1,4,1,0,16,1.0,0.0,1.0,2.0,6.0,3.0,3.0,5.0,7.0,-2.0,1.0,-4.0,5.0,1.0,0.0,1.0,0.0,1.0,-1.0,20.0,40.0,13.3,60.0,15.0,5.0,17.0,11.0,1443.7,1482.8
2021-04-25,2020,Celta,Osasuna,2,1,H,O,2.24,3.39,3.24,2,3,2,8,16,0.0,2.0,2.0,0.0,4.0,3.0,1.0,7.0,1.0,6.0,-3.0,2.0,-5.0,0.0,0.0,0.0,1.0,0.0,1.0,40.0,40.0,26.7,40.0,11.0,9.0,7.0,8.0,1488.0,1516.0
2021-04-25,2020,Ath Bilbao,Ath Madrid,2,1,H,O,4.32,3.34,1.93,3,3,4,11,16,1.0,0.0,0.0,1.0,3.0,1.0,2.0,2.0,2.0,0.0,1.0,-1.0,2.0,0.0,0.0,0.0,0.0,0.0,0.0,46.7,26.7,60.0,13.3,13.0,15.0,22.0,18.0,1522.4,1719.4
2021-04-24,2020,Valladolid,Cadiz,1,1,D,U,1.94,3.31,4.35,6,2,5,7,16,1.0,1.0,1.0,1.0,4.0,3.0,1.0,4.0,3.0,1.0,0.0,0.0,0.0,0.0,0.0,0.0,0.0,0.0,0.0,20.0,46.7,33.3,40.0,8.0,7.0,5.0,15.0,1455.9,1493.9
2021-04-24,2020,Valencia,Alaves,1,1,D,U,2.16,3.25,3.62,2,2,7,2,16,2.0,0.0,0.0,2.0,6.0,2.0,4.0,4.0,4.0,0.0,2.0,-2.0,4.0,0.0,0.0,0.0,0.0,0.0,0.0,40.0,20.0,13.3,60.0,15.0,6.0,12.0,12.0,1510.0,1451.8
2021-04-24,2020,Real Madrid,Betis,0,0,D,U,1.5,4.53,6.35,5,2,8,2,16,3.0,1.0,0.0,1.0,6.0,2.0,4.0,2.0,2.0,0.0,4.0,0.0,4.0,1.0,0.0,1.0,0.0,0.0,0.0,73.3,20.0,40.0,46.7,15.0,10.0,17.0,15.0,1739.1,1543.9
2021-04-24,2020,Elche,Levante,1,0,H,U,2.73,3.29,2.65,3,1,4,2,16,1.0,1.0,0.0,2.0,4.0,1.0,3.0,3.0,3.0,0.0,1.0,-2.0,3.0,0.0,0.0,0.0,0.0,1.0,-1.0,20.0,26.7,26.7,46.7,9.0,3.0,17.0,9.0,1447.0,1507.5
2021-04-22,2020,Sociedad,Celta,2,1,H,O,1.87,3.61,4.22,3,3,2,4,17,0.0,2.0,2.0,0.0,3.0,7.0,-4.0,9.0,4.0,5.0,-6.0,3.0,-9.0,0.0,1.0,-1.0,1.0,0.0,1.0,37.5,25.0,18.8,31.2,9.0,17.0,11.0,12.0,1562.7,1496.1
2021-04-22,2020,Granada,Eibar,4,1,H,O,2.43,3.08,3.22,4,3,4,7,16,2.0,0.0,1.0,2.0,3.0,1.0,2.0,4.0,8.0,-4.0,-1.0,-7.0,6.0,0.0,0.0,0.0,1.0,2.0,-1.0,53.3,26.7,18.8,50.0,8.0,6.0,12.0,13.0,1490.8,1426.1
2021-04-22,2020,Barcelona,Getafe,5,2,H,O,1.23,6.3,13.62,6,1,3,1,16,3.0,0.0,0.0,2.0,8.0,1.0,7.0,1.0,3.0,-2.0,7.0,-2.0,9.0,2.0,0.0,2.0,0.0,0.0,0.0,66.7,6.7,14.3,57.1,20.0,5.0,17.0,12.0,1745.7,1486.5
2021-04-22,2020,Ath Madrid,Huesca,2,0,H,U,1.39,4.57,8.86,12,2,8,1,17,3.0,1.0,0.0,2.0,8.0,3.0,5.0,1.0,5.0,-4.0,7.0,-2.0,9.0,1.0,1.0,0.0,0.0,1.0,-1.0,75.0,6.2,12.5,50.0,16.0,7.0,18.0,8.0,1715.9,1447.2
2021-04-21,2020,Osasuna,Valencia,3,1,H,O,2.43,3.12,3.17,9,5,5,6,17,1.0,0.0,0.0,2.0,2.0,3.0,-1.0,0.0,5.0,-5.0,2.0,-2.0,4.0,1.0,0.0,1.0,0.0,0.0,0.0,31.2,37.5,12.5,56.2,6.0,11.0,13.0,19.0,1505.6,1520.4
2021-04-21,2020,Levante,Sevilla,0,1,A,U,4.85,4.17,1.67,1,3,2,3,17,1.0,2.0,2.0,0.0,2.0,7.0,-5.0,7.0,5.0,2.0,-5.0,2.0,-7.0,0.0,0.0,0.0,2.0,0.0,2.0,31.2,25.0,56.2,25.0,9.0,17.0,15.0,13.0,1513.2,1673.2
2021-04-21,2020,Elche,Valladolid,1,1,D,U,2.85,3.02,2.74,3,4,4,6,15,2.0,0.0,0.0,1.0,4.0,1.0,3.0,2.0,2.0,0.0,2.0,-1.0,3.0,0.0,0.0,0.0,0.0,0.0,0.0,21.4,28.6,13.3,40.0,8.0,7.0,14.0,9.0,1446.7,1456.1
2021-04-21,2020,Cadiz,Real Madrid,0,3,A,O,9.04,4.65,1.38,3,4,7,3,17,2.0,1.0,0.0,0.0,3.0,4.0,-1.0,1.0,2.0,-1.0,2.0,2.0,0.0,0.0,1.0,-1.0,0.0,0.0,0.0,25.0,43.8,56.2,6.2,6.0,14.0,8.0,19.0,1498.0,1735.0
2021-04-21,2020,Betis,Ath Bilbao,0,0,D,U,2.44,3.27,3.03,2,4,5,4,17,1.0,0.0,0.0,1.0,5.0,2.0,3.0,3.0,3.0,0.0,2.0,-1.0,3.0,1.0,0.0,1.0,0.0,0.0,0.0,50.0,25.0,13.3,46.7,15.0,5.0,15.0,13.0,1544.5,1521.7
2021-04-21,2020,Alaves,Villarreal,2,1,H,O,4.31,3.5,1.89,4,5,3,8,17,1.0,3.0,1.0,0.0,3.0,11.0,-8.0,4.0,2.0,2.0,-1.0,9.0,-10.0,0.0,3.0,-3.0,1.0,0.0,1.0,25.0,43.8,37.5,18.8,12.0,21.0,15.0,12.0,1438.0,1577.6
2021-04-18,2020,Sociedad,Sevilla,1,2,A,O,2.88,3.29,2.53,2,7,7,3,16,1.0,1.0,1.0,1.0,3.0,6.0,-3.0,7.0,6.0,1.0,-4.0,0.0,-4.0,0.0,0.0,0.0,1.0,0.0,1.0,40.0,20.0,53.3,26.7,15.0,13.0,11.0,13.0,1570.1,1665.9
2021-04-18,2020,Osasuna,Elche,2,0,H,U,1.96,3.22,4.42,3,2,4,5,16,0.0,0.0,1.0,2.0,0.0,2.0,-2.0,2.0,6.0,-4.0,-2.0,-4.0,2.0,0.0,0.0,0.0,1.0,2.0,-1.0,26.7,40.0,12.5,62.5,6.0,9.0,12.0,15.0,1496.8,1455.5
2021-04-18,2020,Levante,Villarreal,1,5,A,O,3.81,3.35,2.06,3,7,4,5,16,1.0,2.0,1.0,1.0,2.0,7.0,-5.0,3.0,3.0,0.0,-1.0,4.0,-5.0,0.0,2.0,-2.0,1.0,0.0,1.0,33.3,20.0,33.3,20.0,10.0,19.0,13.0,10.0,1521.9,1569.0
2021-04-18,2020,Getafe,Real Madrid,0,0,D,U,5.98,3.73,1.64,6,2,6,6,17,0.0,2.0,1.0,0.0,1.0,5.0,-4.0,2.0,2.0,0.0,-1.0,3.0,-4.0,0.0,1.0,-1.0,0.0,0.0,0.0,31.2,37.5,60.0,6.7,11.0,14.0,17.0,18.0,1480.1,1741.4
2021-04-18,2020,Cadiz,Celta,0,0,D,U,3.63,3.39,2.1,2,4,4,7,16,2.0,2.0,1.0,1.0,3.0,7.0,-4.0,2.0,6.0,-4.0,1.0,1.0,0.0,0.0,1.0,-1.0,0.0,1.0,-1.0,26.7,46.7,20.0,33.3,7.0,15.0,7.0,6.0,1498.1,1496.0
2021-04-18,2020,Betis,Valencia,2,2,D,O,1.88,3.62,4.17,5,3,6,3,16,2.0,0.0,0.0,3.0,6.0,1.0,5.0,3.0,6.0,-3.0,3.0,-5.0,8.0,1.0,0.0,1.0,0.0,1.0,-1.0,53.3,26.7,13.3,60.0,18.0,8.0,21.0,22.0,1545.2,1519.6
2021-04-18,2020,Ath Madrid,Eibar,5,0,H,O,1.44,4.25,8.51,7,0,8,3,16,2.0,0.0,0.0,2.0,4.0,1.0,3.0,2.0,4.0,-2.0,2.0,-3.0,5.0,0.0,0.0,0.0,0.0,1.0,-1.0,73.3,6.7,20.0,46.7,14.0,7.0,11.0,22.0,1712.6,1429.4
2021-04-18,2020,Alaves,Huesca,1,0,H,U,2.46,3.11,3.14,2,1,7,3,16,0.0,1.0,2.0,1.0,2.0,4.0,-2.0,5.0,5.0,0.0,-3.0,-1.0,-2.0,0.0,1.0,-1.0,1.0,1.0,0.0,20.0,46.7,13.3,46.7,11.0,7.0,13.0,7.0,1427.1,1458.1
2021-04-12,2020,Celta,Sevilla,3,4,A,O,3.44,3.29,2.21,5,6,5,2,15,0.0,1.0,1.0,1.0,2.0,4.0,-2.0,4.0,3.0,1.0,-2.0,1.0,-3.0,0.0,1.0,-1.0,1.0,0.0,1.0,42.9,35.7,50.0,28.6,8.0,12.0,5.0,16.0,1501.7,1660.2
2021-04-11,2020,Villarreal,Osasuna,1,2,A,O,1.68,3.64,5.64,6,4,6,5,15,1.0,2.0,2.0,0.0,3.0,2.0,1.0,5.0,0.0,5.0,-2.0,2.0,-4.0,0.0,0.0,0.0,1.0,0.0,1.0,42.9,14.3,21.4,42.9,15.0,7.0,22.0,4.0,1581.7,1484.1
2021-04-11,2020,Valladolid,Granada,1,2,A,O,2.13,3.33,3.59,3,6,2,4,15,1.0,0.0,1.0,3.0,3.0,4.0,-1.0,3.0,7.0,-4.0,0.0,-3.0,3.0,0.0,0.0,0.0,0.0,0.0,0.0,21.4,42.9,14.3,64.3,10.0,11.0,7.0,15.0,1465.7,1481.2
2021-04-11,2020,Valencia,Sociedad,2,2,D,O,3.53,3.28,2.17,2,5,4,5,15,3.0,1.0,0.0,1.0,6.0,2.0,4.0,2.0,2.0,0.0,4.0,0.0,4.0,1.0,0.0,1.0,0.0,0.0,0.0,42.9,21.4,42.9,28.6,16.0,5.0,14.0,15.0,1518.1,1571.6
2021-04-11,2020,Betis,Ath Madrid,1,1,D,U,3.27,3.11,2.39,4,4,5,5,15,3.0,1.0,0.0,1.0,6.0,2.0,4.0,2.0,1.0,1.0,4.0,1.0,3.0,1.0,1.0,0.0,0.0,0.0,0.0,57.1,28.6,64.3,14.3,19.0,16.0,21.0,15.0,1540.6,1717.3
2021-04-10,2020,Real Madrid,Barcelona,2,1,H,O,2.92,3.78,2.28,3,4,5,6,15,2.0,3.0,0.0,0.0,5.0,10.0,-5.0,2.0,1.0,1.0,3.0,9.0,-6.0,1.0,3.0,-2.0,0.0,0.0,0.0,71.4,21.4,71.4,21.4,14.0,21.0,25.0,8.0,1730.7,1756.5
2021-04-10,2020,Getafe,Cadiz,0,1,A,U,1.96,3.1,4.74,4,3,10,4,16,1.0,0.0,0.0,1.0,4.0,3.0,1.0,1.0,4.0,-3.0,3.0,-1.0,4.0,1.0,0.0,1.0,0.0,0.0,0.0,33.3,33.3,28.6,42.9,11.0,5.0,10.0,11.0,1490.2,1488.0
2021-04-10,2020,Eibar,Levante,0,1,A,U,2.22,3.42,3.28,4,1,6,3,15,0.0,1.0,1.0,2.0,3.0,2.0,1.0,5.0,3.0,2.0,-2.0,-1.0,-1.0,0.0,1.0,-1.0,1.0,1.0,0.0,7.1,50.0,21.4,50.0,12.0,3.0,20.0,8.0,1437.2,1514.0
2021-04-10,2020,Ath Bilbao,Alaves,0,0,D,U,1.92,3.31,4.45,4,0,6,6,15,1.0,0.0,0.0,3.0,4.0,2.0,2.0,3.0,8.0,-5.0,1.0,-6.0,7.0,0.0,0.0,0.0,0.0,1.0,-1.0,50.0,28.6,14.3,64.3,17.0,8.0,22.0,9.0,1524.5,1424.3
2021-04-09,2020,Huesca,Elche,3,1,H,O,2.05,3.21,4.09,5,2,6,6,15,1.0,0.0,1.0,2.0,6.0,2.0,4.0,6.0,5.0,1.0,0.0,-3.0,3.0,0.0,0.0,0.0,0.0,1.0,-1.0,14.3,42.9,13.3,60.0,16.0,9.0,16.0,10.0,1447.5,1466.0
2021-04-07,2020,Sociedad,Ath Bilbao,1,1,D,U,2.2,3.17,3.58,2,2,3,6,15,2.0,0.0,1.0,1.0,6.0,2.0,4.0,6.0,3.0,3.0,0.0,-1.0,1.0,1.0,0.0,1.0,1.0,0.0,1.0,42.9,21.4,14.3,50.0,17.0,8.0,12.0,17.0,1573.0,1523.1
2021-04-05,2020,Barcelona,Valladolid,1,0,H,U,1.13,9.05,20.1,10,2,4,1,15,2.0,0.0,0.0,0.0,8.0,2.0,6.0,2.0,2.0,0.0,6.0,0.0,6.0,2.0,0.0,2.0,0.0,0.0,0.0,64.3,7.1,14.3,35.7,14.0,6.0,21.0,11.0,1753.2,1469.0
2021-04-04,2020,Sevilla,Ath Madrid,1,0,H,U,2.9,3.06,2.67,5,4,3,2,15,2.0,1.0,1.0,0.0,3.0,3.0,0.0,2.0,1.0,1.0,1.0,2.0,-1.0,1.0,1.0,0.0,1.0,0.0,1.0,71.4,21.4,69.2,7.7,13.0,18.0,10.0,21.0,1647.8,1729.6
2021-04-04,2020,Elche,Betis,1,1,D,U,4.52,3.6,1.82,3,3,7,2,14,2.0,2.0,0.0,1.0,5.0,3.0,2.0,3.0,2.0,1.0,2.0,1.0,1.0,0.0,0.0,0.0,0.0,0.0,0.0,23.1,30.8,42.9,50.0,7.0,11.0,11.0,16.0,1463.8,1542.8
2021-04-04,2020,Cadiz,Valencia,2,1,H,O,3.11,3.13,2.44,2,6,4,13,15,1.0,0.0,2.0,3.0,1.0,0.0,1.0,5.0,6.0,-1.0,-4.0,-6.0,2.0,0.0,0.0,0.0,1.0,2.0,-1.0,21.4,50.0,14.3,57.1,7.0,3.0,8.0,10.0,1476.5,1529.6
2021-04-04,2020,Alaves,Celta,1,3,A,O,2.97,3.18,2.52,7,6,6,2,15,1.0,1.0,1.0,1.0,2.0,6.0,-4.0,2.0,7.0,-5.0,0.0,-1.0,1.0,0.0,0.0,0.0,0.0,1.0,-1.0,21.4,42.9,14.3,35.7,9.0,11.0,18.0,8.0,1432.5,1493.5
2021-04-03,2020,Real Madrid,Eibar,2,0,H,U,1.35,5.1,8.93,8,4,6,9,14,2.0,0.0,0.0,2.0,5.0,1.0,4.0,2.0,3.0,-1.0,3.0,-2.0,5.0,1.0,0.0,1.0,0.0,0.0,0.0,69.2,23.1,21.4,42.9,13.0,6.0,25.0,17.0,1727.4,1440.4
2021-04-03,2020,Osasuna,Getafe,0,0,D,U,2.67,2.79,3.16,1,2,2,4,15,0.0,0.0,2.0,3.0,0.0,1.0,-1.0,4.0,5.0,-1.0,-4.0,-4.0,0.0,0.0,0.0,0.0,2.0,1.0,1.0,28.6,42.9,15.4,61.5,5.0,3.0,13.0,9.0,1483.9,1490.4
2021-04-03,2020,Granada,Villarreal,0,3,A,O,3.74,3.27,2.11,2,6,3,5,15,2.0,1.0,1.0,1.0,4.0,5.0,-1.0,3.0,4.0,-1.0,1.0,1.0,0.0,0.0,1.0,-1.0,0.0,0.0,0.0,57.1,21.4,28.6,21.4,7.0,15.0,16.0,5.0,1488.8,1574.1
2021-04-02,2020,Levante,Huesca,0,2,A,U,2.42,3.32,3.02,3,2,8,2,15,1.0,0.0,0.0,2.0,3.0,2.0,1.0,2.0,6.0,-4.0,1.0,-4.0,5.0,0.0,0.0,0.0,0.0,1.0,-1.0,35.7,14.3,7.1,50.0,11.0,10.0,6.0,11.0,1526.6,1435.0
2021-03-21,2020,Villarreal,Cadiz,2,1,H,O,1.41,4.42,8.78,4,3,5,6,14,0.0,0.0,2.0,1.0,2.0,3.0,-1.0,5.0,6.0,-1.0,-3.0,-3.0,0.0,0.0,0.0,0.0,1.0,1.0,0.0,38.5,15.4,30.8,38.5,13.0,3.0,18.0,6.0,1566.5,1484.1
2021-03-21,2020,Valencia,Granada,2,1,H,O,2.05,3.41,3.72,9,3,3,4,14,3.0,0.0,0.0,2.0,5.0,5.0,0.0,1.0,7.0,-6.0,4.0,-2.0,6.0,1.0,0.0,1.0,0.0,0.0,0.0,38.5,23.1,15.4,61.5,11.0,13.0,15.0,13.0,1520.3,1498.2
2021-03-21,2020,Sociedad,Barcelona,1,6,A,O,3.53,3.78,1.99,5,10,1,1,14,3.0,3.0,0.0,0.0,9.0,7.0,2.0,1.0,2.0,-1.0,8.0,5.0,3.0,2.0,2.0,0.0,0.0,0.0,0.0,46.2,15.4,69.2,23.1,18.0,15.0,16.0,12.0,1578.5,1747.8
2021-03-21,2020,Getafe,Elche,1,1,D,U,1.88,3.11,5.07,5,2,4,8,15,1.0,0.0,1.0,3.0,3.0,2.0,1.0,1.0,6.0,-5.0,2.0,-4.0,6.0,1.0,0.0,1.0,0.0,1.0,-1.0,35.7,35.7,14.3,64.3,6.0,11.0,8.0,7.0,1491.2,1463.0
2021-03-21,2020,Ath Madrid,Alaves,1,0,H,U,1.35,4.65,10.69,4,3,5,5,15,1.0,0.0,1.0,3.0,3.0,3.0,0.0,4.0,12.0,-8.0,-1.0,-9.0,8.0,0.0,0.0,0.0,1.0,2.0,-1.0,71.4,7.1,15.4,61.5,21.0,7.0,18.0,8.0,1726.4,1435.7
2021-03-20,2020,Valladolid,Sevilla,1,1,D,U,4.59,3.39,1.86,2,4,2,8,14,1.0,2.0,2.0,1.0,3.0,5.0,-2.0,5.0,2.0,3.0,-2.0,3.0,-5.0,0.0,2.0,-2.0,1.0,0.0,1.0,23.1,46.2,53.8,30.8,12.0,12.0,11.0,10.0,1464.0,1652.8
2021-03-20,2020,Huesca,Osasuna,0,0,D,U,2.56,3.11,2.97,3,2,5,1,14,1.0,2.0,2.0,1.0,7.0,2.0,5.0,8.0,1.0,7.0,-1.0,1.0,-2.0,0.0,0.0,0.0,0.0,0.0,0.0,15.4,46.2,23.1,46.2,15.0,10.0,14.0,7.0,1433.5,1485.4
2021-03-20,2020,Celta,Real Madrid,1,3,A,O,4.51,3.9,1.75,3,4,1,7,14,1.0,2.0,0.0,0.0,4.0,4.0,0.0,2.0,2.0,0.0,2.0,2.0,0.0,1.0,0.0,1.0,0.0,0.0,0.0,46.2,30.8,57.1,7.1,11.0,17.0,7.0,21.0,1497.8,1723.2
2021-03-20,2020,Ath Bilbao,Eibar,1,1,D,U,1.81,3.59,4.61,4,2,10,1,14,1.0,0.0,0.0,3.0,4.0,1.0,3.0,3.0,4.0,-1.0,1.0,-3.0,4.0,0.0,0.0,0.0,0.0,0.0,0.0,53.8,30.8,23.1,46.2,15.0,7.0,18.0,17.0,1525.5,1438.0
2021-03-19,2020,Betis,Levante,2,0,H,U,1.77,3.75,4.64,6,1,4,1,14,2.0,2.0,1.0,1.0,6.0,4.0,2.0,5.0,2.0,3.0,1.0,2.0,-1.0,0.0,1.0,-1.0,0.0,0.0,0.0,53.8,30.8,23.1,46.2,18.0,10.0,20.0,14.0,1532.7,1536.7
2021-03-17,2020,Sevilla,Elche,2,0,H,U,1.42,4.47,8.1,8,5,4,1,14,2.0,0.0,1.0,3.0,2.0,2.0,0.0,2.0,7.0,-5.0,0.0,-5.0,5.0,0.0,0.0,0.0,1.0,1.0,0.0,69.2,23.1,15.4,61.5,9.0,7.0,12.0,9.0,1647.5,1468.3
2021-03-15,2020,Barcelona,Huesca,4,1,H,O,1.2,7.05,13.24,5,4,7,3,14,2.0,1.0,0.0,1.0,9.0,4.0,5.0,2.0,3.0,-1.0,7.0,1.0,6.0,2.0,1.0,1.0,0.0,0.0,0.0,61.5,7.7,7.7,46.2,18.0,11.0,19.0,15.0,1744.9,1436.4
2021-03-14,2020,Sevilla,Betis,1,0,H,U,2.01,3.45,3.83,3,3,3,6,13,2.0,2.0,1.0,0.0,4.0,5.0,-1.0,2.0,3.0,-1.0,2.0,2.0,0.0,1.0,0.0,1.0,1.0,0.0,1.0,66.7,25.0,46.2,46.2,11.0,12.0,12.0,13.0,1640.4,1539.9
2021-03-14,2020,Granada,Sociedad,1,0,H,U,5.57,3.98,1.62,2,1,4,6,14,1.0,1.0,1.0,0.0,3.0,3.0,0.0,3.0,2.0,1.0,0.0,1.0,-1.0,0.0,0.0,0.0,0.0,0.0,0.0,53.8,23.1,46.2,23.1,10.0,7.0,18.0,16.0,1485.2,1591.5
2021-03-14,2020,Eibar,Villarreal,1,3,A,O,3.01,3.39,2.37,7,8,7,2,14,0.0,0.0,1.0,1.0,2.0,4.0,-2.0,4.0,5.0,-1.0,-2.0,-1.0,-1.0,0.0,0.0,0.0,1.0,0.0,1.0,7.7,46.2,23.1,23.1,11.0,11.0,19.0,5.0,1444.8,1559.7
2021-03-14,2020,Celta,Ath Bilbao,0,0,D,U,2.67,3.25,2.72,3,1,1,3,13,1.0,1.0,0.0,1.0,5.0,6.0,-1.0,3.0,3.0,0.0,2.0,3.0,-1.0,1.0,1.0,0.0,0.0,0.0,0.0,50.0,33.3,15.4,53.8,12.0,15.0,6.0,22.0,1496.9,1526.4
2021-03-13,2020,Real Madrid,Elche,2,1,H,O,1.2,6.81,14.37,4,2,6,1,13,2.0,0.0,0.0,3.0,5.0,2.0,3.0,1.0,8.0,-7.0,4.0,-6.0,10.0,2.0,0.0,2.0,0.0,2.0,-2.0,66.7,25.0,16.7,58.3,13.0,7.0,27.0,14.0,1719.3,1472.1
2021-03-13,2020,Osasuna,Valladolid,0,0,D,U,2.23,3.09,3.62,2,2,7,3,14,1.0,0.0,2.0,1.0,2.0,2.0,0.0,5.0,3.0,2.0,-3.0,-1.0,-2.0,0.0,0.0,0.0,2.0,0.0,2.0,30.8,46.2,15.4,38.5,7.0,5.0,8.0,9.0,1486.0,1463.3
2021-03-13,2020,Getafe,Ath Madrid,0,0,D,U,4.75,3.12,1.93,2,7,3,11,14,1.0,2.0,1.0,0.0,3.0,5.0,-2.0,1.0,2.0,-1.0,2.0,3.0,-1.0,1.0,1.0,0.0,0.0,0.0,0.0,38.5,38.5,75.0,8.3,5.0,15.0,10.0,13.0,1485.1,1732.6
2021-03-13,2020,Alaves,Cadiz,1,1,D,U,2.14,3.15,3.83,3,1,2,5,14,1.0,0.0,2.0,2.0,2.0,2.0,0.0,5.0,8.0,-3.0,-3.0,-6.0,3.0,0.0,0.0,0.0,1.0,2.0,-1.0,23.1,46.2,33.3,41.7,10.0,5.0,20.0,7.0,1434.2,1485.6
2021-03-12,2020,Levante,Valencia,1,0,H,U,2.34,3.32,3.18,3,2,3,3,14,0.0,0.0,1.0,2.0,2.0,1.0,1.0,3.0,6.0,-3.0,-1.0,-5.0,4.0,0.0,0.0,0.0,0.0,2.0,-2.0,30.8,15.4,15.4,53.8,12.0,3.0,5.0,13.0,1526.6,1530.4
2021-03-10,2020,Ath Madrid,Ath Bilbao,2,1,H,O,1.82,3.27,5.25,5,2,5,4,14,0.0,1.0,1.0,1.0,3.0,6.0,-3.0,5.0,3.0,2.0,-2.0,3.0,-5.0,0.0,1.0,-1.0,1.0,0.0,1.0,69.2,7.7,16.7,50.0,18.0,15.0,14.0,21.0,1727.7,1531.3
2021-03-08,2020,Betis,Alaves,3,2,H,O,1.76,3.69,4.76,8,3,12,1,13,2.0,0.0,1.0,2.0,4.0,1.0,3.0,3.0,9.0,-6.0,1.0,-8.0,9.0,0.0,0.0,0.0,0.0,2.0,-2.0,50.0,33.3,16.7,58.3,14.0,5.0,11.0,9.0,1532.4,1441.7
2021-03-07,2020,Sociedad,Levante,1,0,H,U,1.47,4.39,7.07,8,1,7,5,13,2.0,2.0,0.0,0.0,10.0,6.0,4.0,3.0,3.0,0.0,7.0,3.0,4.0,2.0,1.0,1.0,0.0,0.0,0.0,41.7,16.7,25.0,41.7,16.0,14.0,17.0,11.0,1582.8,1535.3
2021-03-07,2020,Huesca,Celta,3,4,A,O,2.98,3.23,2.48,7,7,6,3,13,1.0,0.0,1.0,1.0,4.0,2.0,2.0,4.0,4.0,0.0,0.0,-2.0,2.0,0.0,0.0,0.0,0.0,1.0,-1.0,16.7,41.7,7.7,38.5,9.0,5.0,9.0,10.0,1445.1,1488.1
2021-03-07,2020,Ath Madrid,Real Madrid,1,1,D,U,2.61,3.21,2.82,5,8,1,6,13,1.0,3.0,1.0,0.0,5.0,7.0,-2.0,5.0,2.0,3.0,0.0,5.0,-5.0,1.0,1.0,0.0,1.0,0.0,1.0,75.0,8.3,61.5,7.7,18.0,16.0,20.0,19.0,1727.9,1719.0
2021-03-07,2020,Ath Bilbao,Granada,2,1,H,O,1.62,3.9,5.74,5,3,6,9,13,1.0,0.0,0.0,2.0,7.0,5.0,2.0,3.0,8.0,-5.0,4.0,-3.0,7.0,1.0,0.0,1.0,0.0,1.0,-1.0,50.0,33.3,16.7,58.3,18.0,11.0,16.0,9.0,1522.1,1494.4
2021-03-06,2020,Valladolid,Getafe,2,1,H,O,3.06,2.85,2.72,3,2,1,6,13,0.0,0.0,2.0,3.0,3.0,0.0,3.0,6.0,6.0,0.0,-3.0,-6.0,3.0,0.0,0.0,0.0,1.0,2.0,-1.0,16.7,50.0,16.7,58.3,11.0,2.0,14.0,4.0,1452.1,1496.3
2021-03-06,2020,Osasuna,Barcelona,0,2,A,U,6.09,4.45,1.52,3,6,3,4,13,2.0,3.0,1.0,0.0,5.0,7.0,-2.0,4.0,2.0,2.0,1.0,5.0,-4.0,1.0,2.0,-1.0,1.0,0.0,1.0,33.3,41.7,66.7,25.0,8.0,17.0,6.0,15.0,1489.8,1741.0
2021-03-06,2020,Elche,Sevilla,2,1,H,O,6.6,3.61,1.61,3,3,6,3,13,1.0,3.0,1.0,0.0,3.0,6.0,-3.0,4.0,1.0,3.0,-1.0,5.0,-6.0,0.0,2.0,-2.0,1.0,0.0,1.0,16.7,33.3,58.3,25.0,6.0,12.0,5.0,9.0,1457.0,1655.5
2021-03-06,2020,Cadiz,Eibar,1,0,H,U,3.32,3.15,2.33,2,1,0,12,14,0.0,0.0,3.0,2.0,2.0,2.0,0.0,9.0,4.0,5.0,-7.0,-2.0,-5.0,0.0,0.0,0.0,2.0,0.0,2.0,15.4,53.8,25.0,41.7,11.0,8.0,10.0,11.0,1476.3,1454.1
2021-03-05,2020,Valencia,Villarreal,2,1,H,O,4.0,3.42,1.99,4,5,5,3,13,2.0,0.0,0.0,0.0,4.0,3.0,1.0,1.0,3.0,-2.0,3.0,0.0,3.0,1.0,0.0,1.0,0.0,0.0,0.0,33.3,25.0,25.0,16.7,10.0,8.0,19.0,4.0,1518.9,1571.1
2021-03-01,2020,Real Madrid,Sociedad,1,1,D,U,1.88,3.73,4.01,2,2,13,4,12,2.0,1.0,1.0,1.0,5.0,4.0,1.0,2.0,4.0,-2.0,3.0,0.0,3.0,2.0,0.0,2.0,0.0,0.0,0.0,72.7,27.3,50.0,25.0,13.0,9.0,17.0,21.0,1722.9,1578.9
2021-02-28,2020,Villarreal,Ath Madrid,0,2,A,U,3.2,3.02,2.48,6,5,10,2,13,0.0,2.0,1.0,0.0,4.0,7.0,-3.0,5.0,4.0,1.0,-1.0,3.0,-4.0,0.0,1.0,-1.0,0.0,0.0,0.0,41.7,8.3,72.7,9.1,10.0,14.0,11.0,13.0,1577.2,1721.9
2021-02-28,2020,Granada,Elche,2,1,H,O,2.08,3.12,4.06,4,4,5,5,13,1.0,0.0,1.0,3.0,3.0,1.0,2.0,2.0,7.0,-5.0,1.0,-6.0,7.0,1.0,0.0,1.0,0.0,2.0,-2.0,50.0,25.0,18.2,54.5,8.0,4.0,17.0,19.0,1485.0,1466.4
2021-02-28,2020,Celta,Valladolid,1,1,D,U,1.77,3.75,4.57,2,3,3,5,12,1.0,0.0,1.0,1.0,4.0,3.0,1.0,6.0,4.0,2.0,-2.0,-1.0,-1.0,1.0,0.0,1.0,1.0,0.0,1.0,54.5,36.4,16.7,41.7,13.0,5.0,6.0,6.0,1489.2,1451.0
2021-02-28,2020,Cadiz,Betis,0,1,A,U,3.84,3.31,2.06,3,4,3,7,13,0.0,2.0,2.0,0.0,4.0,6.0,-2.0,10.0,3.0,7.0,-6.0,3.0,-9.0,0.0,1.0,-1.0,2.0,0.0,2.0,16.7,50.0,41.7,50.0,10.0,13.0,12.0,12.0,1485.2,1523.5
2021-02-27,2020,Sevilla,Barcelona,0,2,A,U,3.19,3.51,2.23,2,5,3,3,12,3.0,3.0,0.0,0.0,7.0,9.0,-2.0,0.0,2.0,-2.0,7.0,7.0,0.0,2.0,2.0,0.0,0.0,0.0,0.0,72.7,18.2,63.6,27.3,16.0,16.0,16.0,13.0,1663.6,1733.0
2021-02-27,2020,Getafe,Valencia,3,0,H,O,2.55,2.94,3.18,4,0,3,6,13,1.0,0.0,1.0,2.0,1.0,2.0,-1.0,1.0,6.0,-5.0,0.0,-4.0,4.0,0.0,0.0,0.0,0.0,2.0,-2.0,33.3,41.7,16.7,50.0,6.0,7.0,10.0,14.0,1485.0,1530.2
2021-02-27,2020,Eibar,Huesca,1,1,D,U,2.17,3.26,3.55,3,1,6,2,13,0.0,1.0,2.0,2.0,2.0,3.0,-1.0,5.0,3.0,2.0,-3.0,0.0,-3.0,0.0,1.0,-1.0,1.0,0.0,1.0,8.3,50.0,8.3,50.0,10.0,13.0,16.0,21.0,1454.4,1444.9
2021-02-27,2020,Alaves,Osasuna,0,1,A,U,2.71,2.94,2.94,1,3,5,2,13,1.0,1.0,2.0,1.0,3.0,2.0,1.0,6.0,2.0,4.0,-3.0,0.0,-3.0,0.0,0.0,0.0,1.0,0.0,1.0,25.0,41.7,16.7,50.0,12.0,12.0,18.0,9.0,1450.8,1480.7
2021-02-26,2020,Levante,Ath Bilbao,1,1,D,U,3.34,3.26,2.27,4,5,2,10,13,0.0,1.0,1.0,1.0,3.0,6.0,-3.0,4.0,3.0,1.0,-1.0,3.0,-4.0,0.0,1.0,-1.0,0.0,0.0,0.0,33.3,16.7,18.2,54.5,15.0,13.0,9.0,15.0,1535.7,1521.7
2021-02-24,2020,Barcelona,Elche,3,0,H,O,1.13,8.99,19.71,5,1,6,3,13,2.0,0.0,0.0,2.0,8.0,3.0,5.0,3.0,6.0,-3.0,5.0,-3.0,8.0,1.0,0.0,1.0,0.0,1.0,-1.0,58.3,8.3,20.0,50.0,19.0,6.0,20.0,21.0,1729.3,1470.1
2021-02-22,2020,Osasuna,Sevilla,0,2,A,U,4.3,3.26,1.96,0,5,3,5,12,2.0,2.0,0.0,1.0,5.0,4.0,1.0,2.0,3.0,-1.0,3.0,1.0,2.0,1.0,1.0,0.0,0.0,1.0,-1.0,36.4,36.4,54.5,27.3,10.0,9.0,5.0,16.0,1486.1,1658.1
2021-02-21,2020,Sociedad,Alaves,4,0,H,O,1.66,3.63,5.89,4,2,4,3,12,1.0,0.0,0.0,2.0,7.0,2.0,5.0,4.0,8.0,-4.0,3.0,-6.0,9.0,1.0,0.0,1.0,0.0,2.0,-2.0,36.4,18.2,18.2,54.5,14.0,5.0,20.0,7.0,1572.1,1457.6
2021-02-21,2020,Huesca,Granada,3,2,H,O,2.19,3.2,3.58,6,5,5,2,12,0.0,0.0,2.0,1.0,1.0,5.0,-4.0,4.0,7.0,-3.0,-3.0,-2.0,-1.0,0.0,0.0,0.0,1.0,1.0,0.0,9.1,45.5,18.2,54.5,6.0,8.0,7.0,7.0,1433.1,1496.8
2021-02-21,2020,Barcelona,Cadiz,1,1,D,U,1.16,7.91,16.05,4,1,8,0,12,2.0,0.0,0.0,2.0,8.0,2.0,6.0,3.0,8.0,-5.0,5.0,-6.0,11.0,1.0,0.0,1.0,0.0,2.0,-2.0,63.6,9.1,36.4,45.5,20.0,6.0,17.0,14.0,1735.6,1478.9
2021-02-21,2020,Ath Bilbao,Villarreal,1,1,D,U,2.53,3.11,3.03,8,2,6,0,12,1.0,1.0,1.0,0.0,8.0,6.0,2.0,5.0,2.0,3.0,3.0,4.0,-1.0,1.0,1.0,0.0,0.0,0.0,0.0,54.5,36.4,27.3,18.2,13.0,12.0,13.0,8.0,1520.0,1578.9
2021-02-20,2020,Valladolid,Real Madrid,0,1,A,U,5.89,4.04,1.58,5,2,4,5,12,0.0,2.0,2.0,0.0,3.0,6.0,-3.0,6.0,2.0,4.0,-3.0,4.0,-7.0,0.0,1.0,-1.0,1.0,0.0,1.0,18.2,45.5,58.3,8.3,10.0,15.0,10.0,18.0,1454.6,1719.4
2021-02-20,2020,Valencia,Celta,2,0,H,U,2.48,3.21,2.99,3,2,6,1,12,1.0,0.0,0.0,1.0,3.0,3.0,0.0,2.0,4.0,-2.0,1.0,-1.0,2.0,0.0,0.0,0.0,0.0,0.0,0.0,27.3,27.3,8.3,33.3,11.0,6.0,22.0,15.0,1520.8,1498.6
2021-02-20,2020,Elche,Eibar,1,0,H,U,3.7,3.2,2.15,2,3,1,4,12,0.0,0.0,2.0,2.0,3.0,3.0,0.0,7.0,5.0,2.0,-4.0,-2.0,-2.0,0.0,0.0,0.0,2.0,0.0,2.0,9.1,36.4,27.3,36.4,8.0,9.0,5.0,16.0,1460.0,1464.5
2021-02-20,2020,Ath Madrid,Levante,0,2,A,U,1.55,3.96,6.71,11,1,12,2,12,2.0,1.0,0.0,1.0,7.0,5.0,2.0,3.0,5.0,-2.0,4.0,0.0,4.0,2.0,0.0,2.0,0.0,0.0,0.0,81.8,0.0,18.2,45.5,11.0,15.0,11.0,14.0,1737.4,1520.1
2021-02-19,2020,Betis,Getafe,1,0,H,U,2.04,3.14,4.22,5,1,5,2,12,2.0,0.0,1.0,3.0,5.0,1.0,4.0,4.0,10.0,-6.0,1.0,-9.0,10.0,0.0,0.0,0.0,0.0,3.0,-3.0,45.5,36.4,18.2,54.5,13.0,3.0,11.0,6.0,1514.1,1494.5
2021-02-17,2020,Levante,Ath Madrid,1,1,D,U,4.69,3.41,1.84,4,6,1,8,12,0.0,3.0,1.0,0.0,4.0,8.0,-4.0,5.0,4.0,1.0,-1.0,4.0,-5.0,0.0,1.0,-1.0,0.0,0.0,0.0,36.4,18.2,80.0,10.0,14.0,12.0,16.0,8.0,1514.3,1743.2
2021-02-15,2020,Cadiz,Ath Bilbao,0,4,A,O,3.86,3.15,2.11,2,8,5,8,12,1.0,0.0,1.0,2.0,7.0,3.0,4.0,7.0,6.0,1.0,0.0,-3.0,3.0,1.0,0.0,1.0,1.0,1.0,0.0,18.2,45.5,10.0,60.0,15.0,9.0,11.0,13.0,1488.2,1510.6
2021-02-14,2020,Villarreal,Betis,1,2,A,O,1.95,3.4,4.14,5,4,7,3,12,1.0,1.0,0.0,1.0,5.0,7.0,-2.0,4.0,6.0,-2.0,1.0,1.0,0.0,0.0,1.0,-1.0,0.0,0.0,0.0,45.5,0.0,36.4,54.5,12.0,16.0,7.0,15.0,1591.4,1501.5
2021-02-14,2020,Real Madrid,Valencia,2,0,H,U,1.43,4.69,7.28,7,1,6,1,11,2.0,1.0,1.0,1.0,5.0,3.0,2.0,2.0,4.0,-2.0,3.0,-1.0,4.0,2.0,0.0,2.0,0.0,1.0,-1.0,70.0,30.0,18.2,45.5,8.0,12.0,12.0,17.0,1714.3,1525.9
2021-02-14,2020,Levante,Osasuna,0,1,A,U,2.32,3.15,3.31,4,2,2,1,11,1.0,0.0,0.0,2.0,6.0,1.0,5.0,5.0,4.0,1.0,1.0,-3.0,4.0,0.0,0.0,0.0,0.0,1.0,-1.0,40.0,10.0,9.1,54.5,12.0,13.0,18.0,12.0,1525.8,1474.6
2021-02-14,2020,Getafe,Sociedad,0,1,A,U,3.81,3.17,2.12,0,2,2,5,12,1.0,1.0,1.0,1.0,1.0,4.0,-3.0,1.0,4.0,-3.0,0.0,0.0,0.0,0.0,0.0,0.0,0.0,0.0,0.0,36.4,36.4,45.5,27.3,10.0,10.0,13.0,20.0,1502.7,1563.8
2021-02-13,2020,Sevilla,Huesca,1,0,H,U,1.54,3.92,6.94,4,5,6,6,11,3.0,1.0,0.0,2.0,9.0,4.0,5.0,2.0,4.0,-2.0,7.0,0.0,7.0,2.0,1.0,1.0,0.0,0.0,0.0,70.0,20.0,9.1,45.5,19.0,14.0,12.0,20.0,1653.7,1437.5
2021-02-13,2020,Granada,Ath Madrid,1,2,A,O,5.13,3.31,1.82,1,4,7,3,12,1.0,3.0,1.0,0.0,2.0,8.0,-6.0,4.0,4.0,0.0,-2.0,4.0,-6.0,1.0,1.0,0.0,1.0,0.0,1.0,54.5,18.2,77.8,11.1,11.0,12.0,14.0,10.0,1500.8,1739.2
2021-02-13,2020,Eibar,Valladolid,1,1,D,U,2.0,3.3,4.07,2,1,7,3,12,1.0,1.0,2.0,1.0,3.0,3.0,0.0,4.0,3.0,1.0,-1.0,0.0,-1.0,1.0,0.0,1.0,1.0,0.0,1.0,9.1,54.5,18.2,45.5,15.0,6.0,13.0,12.0,1464.9,1454.3
2021-02-13,2020,Barcelona,Alaves,5,1,H,O,1.3,5.82,9.51,9,2,5,4,11,1.0,0.0,0.0,1.0,5.0,2.0,3.0,4.0,4.0,0.0,1.0,-2.0,3.0,0.0,0.0,0.0,0.0,1.0,-1.0,60.0,10.0,20.0,50.0,20.0,4.0,20.0,7.0,1732.2,1461.1
2021-02-12,2020,Celta,Elche,3,1,H,O,1.49,4.09,7.73,6,2,3,6,11,1.0,0.0,1.0,2.0,3.0,2.0,1.0,6.0,4.0,2.0,-3.0,-2.0,-1.0,0.0,0.0,0.0,1.0,0.0,1.0,50.0,40.0,22.2,44.4,13.0,6.0,3.0,19.0,1489.2,1469.4
2021-02-09,2020,Real Madrid,Getafe,2,0,H,U,1.54,4.05,6.64,4,0,8,1,10,2.0,1.0,1.0,2.0,5.0,4.0,1.0,2.0,9.0,-7.0,3.0,-5.0,8.0,2.0,1.0,1.0,0.0,2.0,-2.0,66.7,33.3,20.0,50.0,10.0,10.0,12.0,12.0,1709.5,1507.5
2021-02-08,2020,Ath Madrid,Celta,2,2,D,O,1.62,3.67,6.33,2,2,1,4,11,3.0,0.0,0.0,2.0,6.0,1.0,5.0,1.0,4.0,-3.0,5.0,-3.0,8.0,2.0,0.0,2.0,0.0,1.0,-1.0,90.0,0.0,9.1,36.4,12.0,5.0,15.0,16.0,1745.5,1482.8
2021-02-07,2020,Sociedad,Cadiz,4,1,H,O,1.49,4.17,7.18,6,1,5,1,11,0.0,0.0,1.0,2.0,3.0,1.0,2.0,5.0,5.0,0.0,-2.0,-4.0,2.0,0.0,0.0,0.0,1.0,1.0,0.0,30.0,20.0,40.0,40.0,9.0,8.0,20.0,18.0,1555.5,1496.5
2021-02-07,2020,Osasuna,Eibar,2,1,H,O,2.61,2.98,3.04,4,3,2,1,11,1.0,0.0,0.0,1.0,4.0,3.0,1.0,2.0,4.0,-2.0,2.0,-1.0,3.0,1.0,0.0,1.0,0.0,0.0,0.0,30.0,40.0,30.0,30.0,9.0,9.0,8.0,22.0,1464.3,1475.2
2021-02-07,2020,Betis,Barcelona,2,3,A,O,5.7,4.58,1.53,5,4,3,5,11,2.0,3.0,0.0,0.0,4.0,9.0,-5.0,2.0,2.0,0.0,2.0,7.0,-5.0,0.0,2.0,-2.0,0.0,0.0,0.0,50.0,30.0,60.0,30.0,11.0,21.0,10.0,12.0,1505.9,1727.8
2021-02-07,2020,Ath Bilbao,Valencia,1,1,D,U,2.23,3.27,3.42,2,2,6,6,11,2.0,1.0,1.0,2.0,8.0,3.0,5.0,4.0,5.0,-1.0,4.0,-2.0,6.0,1.0,0.0,1.0,0.0,1.0,-1.0,60.0,40.0,20.0,50.0,13.0,16.0,12.0,17.0,1510.2,1526.3
2021-02-06,2020,Sevilla,Getafe,3,0,H,O,1.69,3.57,5.67,5,1,3,1,10,3.0,1.0,0.0,2.0,8.0,4.0,4.0,2.0,7.0,-5.0,6.0,-3.0,9.0,2.0,1.0,1.0,0.0,1.0,-1.0,66.7,22.2,22.2,44.4,17.0,11.0,13.0,13.0,1647.3,1513.8
2021-02-06,2020,Levante,Granada,2,2,D,O,2.21,3.29,3.44,7,5,6,2,10,2.0,0.0,0.0,2.0,8.0,3.0,5.0,6.0,7.0,-1.0,2.0,-4.0,6.0,0.0,0.0,0.0,0.0,2.0,-2.0,44.4,11.1,20.0,60.0,10.0,6.0,15.0,7.0,1526.6,1500.1
2021-02-06,2020,Huesca,Real Madrid,1,2,A,O,6.82,4.49,1.47,2,7,3,10,11,0.0,1.0,2.0,0.0,0.0,5.0,-5.0,3.0,2.0,1.0,-3.0,3.0,-6.0,0.0,1.0,-1.0,1.0,0.0,1.0,10.0,40.0,54.5,9.1,8.0,14.0,6.0,11.0,1441.1,1706.0
2021-02-06,2020,Elche,Villarreal,2,2,D,O,6.46,3.87,1.57,2,4,4,2,11,0.0,1.0,2.0,1.0,2.0,4.0,-2.0,6.0,2.0,4.0,-4.0,2.0,-6.0,0.0,1.0,-1.0,2.0,1.0,1.0,10.0,40.0,30.0,20.0,9.0,10.0,3.0,13.0,1465.9,1595.0
2021-02-05,2020,Alaves,Valladolid,1,0,H,U,2.6,3.0,3.06,5,1,11,1,12,0.0,1.0,3.0,0.0,3.0,3.0,0.0,8.0,2.0,6.0,-5.0,1.0,-6.0,0.0,0.0,0.0,1.0,0.0,1.0,18.2,45.5,20.0,40.0,8.0,6.0,8.0,17.0,1450.7,1464.7
2021-02-01,2020,Betis,Osasuna,1,0,H,U,1.89,3.47,4.33,4,5,3,4,10,2.0,0.0,0.0,1.0,4.0,2.0,2.0,2.0,4.0,-2.0,2.0,-2.0,4.0,0.0,0.0,0.0,0.0,1.0,-1.0,44.4,33.3,10.0,50.0,8.0,10.0,12.0,10.0,1496.6,1473.7
2021-01-31,2020,Granada,Celta,0,0,D,U,2.74,3.24,2.67,5,1,6,5,11,2.0,0.0,1.0,2.0,4.0,2.0,2.0,5.0,5.0,0.0,-1.0,-3.0,2.0,1.0,0.0,1.0,1.0,1.0,0.0,60.0,20.0,10.0,40.0,11.0,5.0,14.0,15.0,1500.6,1482.2
2021-01-31,2020,Getafe,Alaves,0,0,D,U,1.95,3.2,4.5,1,1,5,2,11,1.0,0.0,1.0,2.0,2.0,2.0,0.0,2.0,6.0,-4.0,0.0,-4.0,4.0,0.0,0.0,0.0,0.0,2.0,-2.0,40.0,40.0,22.2,55.6,12.0,5.0,9.0,10.0,1515.7,1448.8
2021-01-31,2020,Cadiz,Ath Madrid,2,4,A,O,8.73,3.93,1.48,6,4,2,2,11,1.0,3.0,0.0,0.0,5.0,6.0,-1.0,3.0,2.0,1.0,2.0,4.0,-2.0,1.0,1.0,0.0,0.0,0.0,0.0,20.0,40.0,75.0,12.5,12.0,11.0,10.0,13.0,1500.5,1741.5
2021-01-31,2020,Barcelona,Ath Bilbao,2,1,H,O,1.42,4.93,7.12,6,2,7,3,10,1.0,0.0,0.0,1.0,5.0,4.0,1.0,4.0,6.0,-2.0,1.0,-2.0,3.0,0.0,0.0,0.0,0.0,1.0,-1.0,55.6,11.1,11.1,55.6,18.0,12.0,15.0,20.0,1723.2,1514.8
2021-01-30,2020,Villarreal,Sociedad,1,1,D,U,2.41,3.14,3.22,2,3,1,7,11,1.0,1.0,0.0,2.0,5.0,4.0,1.0,4.0,5.0,-1.0,1.0,-1.0,2.0,0.0,0.0,0.0,0.0,0.0,0.0,50.0,0.0,50.0,30.0,16.0,12.0,12.0,17.0,1596.2,1554.3
2021-01-30,2020,Valencia,Elche,1,0,H,U,1.66,3.73,5.73,4,1,4,10,11,0.0,0.0,1.0,2.0,2.0,3.0,-1.0,3.0,6.0,-3.0,-1.0,-3.0,2.0,0.0,0.0,0.0,0.0,1.0,-1.0,20.0,30.0,25.0,37.5,11.0,8.0,21.0,14.0,1517.6,1474.6
2021-01-30,2020,Real Madrid,Levante,1,2,A,O,1.35,5.53,8.0,2,8,3,7,9,3.0,0.0,0.0,1.0,7.0,4.0,3.0,1.0,5.0,-4.0,6.0,-1.0,7.0,3.0,0.0,3.0,0.0,0.0,0.0,75.0,25.0,10.0,50.0,13.0,8.0,15.0,10.0,1721.4,1511.2
2021-01-30,2020,Eibar,Sevilla,0,2,A,U,4.05,3.26,2.03,6,4,6,2,11,1.0,1.0,2.0,1.0,4.0,3.0,1.0,5.0,4.0,1.0,-1.0,-1.0,0.0,1.0,0.0,1.0,1.0,1.0,0.0,10.0,50.0,50.0,30.0,12.0,7.0,11.0,15.0,1480.8,1641.7
2021-01-29,2020,Valladolid,Huesca,1,3,A,O,2.24,3.14,3.56,4,5,6,7,11,0.0,0.0,2.0,3.0,2.0,1.0,1.0,6.0,5.0,1.0,-4.0,-4.0,0.0,0.0,0.0,0.0,1.0,1.0,0.0,20.0,40.0,0.0,50.0,11.0,10.0,8.0,18.0,1476.0,1429.8
2021-01-25,2020,Ath Bilbao,Getafe,5,1,H,O,2.31,3.0,3.56,8,2,4,4,10,1.0,2.0,2.0,1.0,3.0,5.0,-2.0,4.0,2.0,2.0,-1.0,3.0,-4.0,0.0,2.0,-2.0,0.0,0.0,0.0,55.6,44.4,25.0,37.5,5.0,13.0,10.0,13.0,1504.2,1526.4
2021-01-24,2020,Osasuna,Granada,3,1,H,O,2.53,3.01,3.12,4,1,1,5,10,0.0,0.0,1.0,2.0,2.0,2.0,0.0,4.0,6.0,-2.0,-2.0,-4.0,2.0,0.0,0.0,0.0,1.0,2.0,-1.0,22.2,44.4,22.2,55.6,6.0,6.0,9.0,3.0,1462.2,1512.0
2021-01-24,2020,Elche,Barcelona,0,2,A,U,7.89,5.24,1.37,2,8,0,7,10,0.0,3.0,1.0,0.0,4.0,8.0,-4.0,6.0,2.0,4.0,-2.0,6.0,-8.0,0.0,1.0,-1.0,1.0,0.0,1.0,11.1,33.3,55.6,33.3,9.0,20.0,7.0,11.0,1478.6,1719.2
2021-01-24,2020,Celta,Eibar,1,1,D,U,2.06,3.4,3.71,4,2,0,6,10,2.0,0.0,1.0,2.0,4.0,3.0,1.0,5.0,5.0,0.0,-1.0,-2.0,1.0,1.0,0.0,1.0,1.0,0.0,1.0,55.6,44.4,33.3,33.3,12.0,11.0,6.0,23.0,1482.3,1480.8
2021-01-24,2020,Ath Madrid,Valencia,3,1,H,O,1.42,4.61,8.0,5,4,7,7,10,3.0,1.0,0.0,1.0,6.0,4.0,2.0,1.0,4.0,-3.0,5.0,0.0,5.0,2.0,0.0,2.0,0.0,0.0,0.0,88.9,0.0,22.2,44.4,13.0,16.0,10.0,13.0,1737.0,1522.1
2021-01-23,2020,Sociedad,Betis,2,2,D,O,1.85,3.75,4.17,6,4,8,3,10,0.0,1.0,1.0,2.0,2.0,5.0,-3.0,4.0,6.0,-2.0,-2.0,-1.0,-1.0,0.0,1.0,-1.0,1.0,1.0,0.0,33.3,22.2,40.0,60.0,5.0,13.0,17.0,22.0,1556.0,1494.8
2021-01-23,2020,Sevilla,Cadiz,3,0,H,O,1.48,4.08,7.88,7,3,7,6,9,2.0,0.0,0.0,2.0,6.0,1.0,5.0,3.0,6.0,-3.0,3.0,-5.0,8.0,1.0,0.0,1.0,0.0,1.0,-1.0,62.5,25.0,44.4,33.3,13.0,7.0,13.0,17.0,1635.2,1507.0
2021-01-23,2020,Huesca,Villarreal,0,0,D,U,4.46,3.59,1.83,1,2,1,2,10,0.0,2.0,2.0,1.0,1.0,7.0,-6.0,4.0,3.0,1.0,-3.0,4.0,-7.0,0.0,2.0,-2.0,1.0,1.0,0.0,11.1,44.4,33.3,22.2,9.0,14.0,15.0,13.0,1425.1,1600.8
2021-01-23,2020,Alaves,Real Madrid,1,4,A,O,5.79,4.17,1.57,4,7,4,4,11,1.0,1.0,2.0,0.0,4.0,4.0,0.0,5.0,2.0,3.0,-1.0,2.0,-3.0,0.0,1.0,-1.0,0.0,0.0,0.0,20.0,40.0,50.0,10.0,7.0,12.0,6.0,11.0,1452.4,1717.8
2021-01-22,2020,Levante,Valladolid,2,2,D,O,1.97,3.39,4.1,3,3,8,2,9,3.0,1.0,0.0,0.0,8.0,2.0,6.0,5.0,1.0,4.0,3.0,1.0,2.0,0.0,0.0,0.0,0.0,0.0,0.0,50.0,12.5,22.2,44.4,12.0,8.0,10.0,22.0,1512.2,1474.9
2021-01-21,2020,Valencia,Osasuna,1,1,D,U,2.06,3.42,3.67,3,5,9,4,10,0.0,0.0,1.0,1.0,3.0,3.0,0.0,4.0,5.0,-1.0,-1.0,-2.0,1.0,0.0,0.0,0.0,0.0,1.0,-1.0,22.2,33.3,11.1,55.6,10.0,11.0,12.0,10.0,1523.9,1460.4
2021-01-21,2020,Eibar,Ath Madrid,1,2,A,O,5.99,3.42,1.7,2,4,3,3,10,1.0,2.0,1.0,1.0,3.0,4.0,-1.0,3.0,3.0,0.0,0.0,1.0,-1.0,1.0,1.0,0.0,1.0,1.0,0.0,11.1,44.4,71.4,14.3,13.0,8.0,16.0,16.0,1484.7,1733.2
2021-01-20,2020,Villarreal,Granada,2,2,D,O,1.53,4.06,6.87,3,2,3,0,10,1.0,1.0,0.0,2.0,3.0,1.0,2.0,2.0,4.0,-2.0,1.0,-3.0,4.0,0.0,0.0,0.0,0.0,2.0,-2.0,55.6,0.0,25.0,62.5,16.0,9.0,13.0,8.0,1603.5,1509.4
2021-01-20,2020,Getafe,Huesca,1,0,H,U,1.94,3.18,4.58,5,3,3,8,10,0.0,0.0,2.0,2.0,1.0,4.0,-3.0,3.0,7.0,-4.0,-2.0,-3.0,1.0,0.0,0.0,0.0,0.0,1.0,-1.0,33.3,44.4,0.0,44.4,9.0,14.0,11.0,12.0,1518.8,1432.7
2021-01-20,2020,Betis,Celta,2,1,H,O,2.16,3.45,3.39,4,3,5,6,9,1.0,1.0,0.0,1.0,3.0,3.0,0.0,2.0,3.0,-1.0,1.0,0.0,1.0,0.0,1.0,-1.0,0.0,1.0,-1.0,37.5,37.5,11.1,33.3,9.0,6.0,11.0,14.0,1484.6,1492.5
2021-01-19,2020,Valladolid,Elche,2,2,D,O,1.86,3.41,4.66,2,3,4,5,10,1.0,0.0,2.0,2.0,3.0,1.0,2.0,6.0,4.0,2.0,-3.0,-3.0,0.0,0.0,0.0,0.0,1.0,1.0,0.0,22.2,44.4,28.6,42.9,15.0,5.0,7.0,9.0,1474.8,1478.8
2021-01-19,2020,Cadiz,Levante,2,2,D,O,2.99,3.09,2.59,2,5,5,2,10,1.0,0.0,1.0,2.0,3.0,2.0,1.0,3.0,4.0,-1.0,0.0,-2.0,2.0,1.0,0.0,1.0,1.0,0.0,1.0,22.2,44.4,11.1,55.6,11.0,6.0,7.0,12.0,1506.8,1512.4
2021-01-19,2020,Alaves,Sevilla,1,2,A,O,5.55,3.63,1.7,3,3,3,2,10,1.0,1.0,1.0,1.0,3.0,2.0,1.0,3.0,3.0,0.0,0.0,-1.0,1.0,0.0,0.0,0.0,0.0,1.0,-1.0,22.2,33.3,44.4,33.3,5.0,7.0,5.0,18.0,1457.8,1629.8
2021-01-12,2020,Granada,Osasuna,2,0,H,U,2.32,3.06,3.48,2,3,4,4,10,2.0,0.0,1.0,1.0,4.0,5.0,-1.0,5.0,6.0,-1.0,-1.0,-1.0,0.0,1.0,0.0,1.0,1.0,0.0,1.0,55.6,22.2,12.5,50.0,12.0,14.0,11.0,9.0,1500.2,1469.5
2021-01-12,2020,Ath Madrid,Sevilla,2,0,H,U,1.95,3.18,4.61,4,2,3,12,9,3.0,2.0,0.0,0.0,6.0,3.0,3.0,1.0,1.0,0.0,5.0,2.0,3.0,2.0,0.0,2.0,0.0,0.0,0.0,87.5,0.0,50.0,25.0,13.0,5.0,11.0,9.0,1725.7,1637.3
2021-01-11,2020,Huesca,Betis,0,2,A,U,2.84,3.31,2.55,3,5,3,6,9,1.0,1.0,1.0,2.0,2.0,5.0,-3.0,2.0,6.0,-4.0,0.0,-1.0,1.0,0.0,1.0,-1.0,0.0,1.0,-1.0,12.5,37.5,33.3,66.7,9.0,13.0,17.0,21.0,1441.7,1475.6
2021-01-11,2020,Elche,Getafe,1,3,A,O,4.4,2.85,2.13,4,7,1,7,9,0.0,1.0,1.0,2.0,3.0,2.0,1.0,4.0,4.0,0.0,-1.0,-2.0,1.0,0.0,1.0,-1.0,0.0,1.0,-1.0,12.5,25.0,14.3,42.9,6.0,6.0,12.0,11.0,1488.1,1509.4
2021-01-10,2020,Valladolid,Valencia,0,1,A,U,2.44,3.21,3.08,4,6,0,4,9,1.0,0.0,1.0,1.0,4.0,3.0,1.0,6.0,4.0,2.0,-2.0,-1.0,-1.0,0.0,0.0,0.0,1.0,0.0,1.0,25.0,37.5,12.5,50.0,15.0,14.0,10.0,9.0,1483.9,1514.8
2021-01-10,2020,Levante,Eibar,2,1,H,O,2.29,3.42,3.14,2,4,4,9,8,3.0,0.0,0.0,1.0,9.0,3.0,6.0,4.0,4.0,0.0,5.0,-1.0,6.0,1.0,0.0,1.0,0.0,0.0,0.0,42.9,14.3,37.5,25.0,18.0,11.0,11.0,18.0,1502.6,1494.4
2021-01-10,2020,Cadiz,Alaves,3,1,H,O,2.7,2.89,3.02,7,2,4,1,9,1.0,0.0,1.0,2.0,2.0,1.0,1.0,3.0,4.0,-1.0,-1.0,-3.0,2.0,0.0,0.0,0.0,1.0,1.0,0.0,12.5,50.0,25.0,50.0,7.0,4.0,8.0,11.0,1497.7,1466.9
2021-01-09,2020,Sevilla,Sociedad,3,2,H,O,2.24,3.1,3.63,7,4,2,9,8,1.0,1.0,1.0,2.0,3.0,3.0,0.0,2.0,4.0,-2.0,1.0,-1.0,2.0,1.0,0.0,1.0,0.0,0.0,0.0,57.1,28.6,55.6,22.2,8.0,13.0,15.0,11.0,1629.1,1564.2
2021-01-09,2020,Osasuna,Real Madrid,0,0,D,U,6.8,4.44,1.49,2,1,2,4,9,0.0,2.0,2.0,0.0,2.0,5.0,-3.0,6.0,2.0,4.0,-4.0,3.0,-7.0,0.0,1.0,-1.0,2.0,0.0,2.0,25.0,50.0,55.6,11.1,4.0,14.0,9.0,10.0,1463.2,1724.2
2021-01-09,2020,Granada,Barcelona,0,4,A,O,6.75,5.06,1.42,4,4,4,1,9,2.0,3.0,0.0,0.0,7.0,7.0,0.0,4.0,2.0,2.0,3.0,5.0,-2.0,1.0,1.0,0.0,0.0,0.0,0.0,62.5,12.5,50.0,37.5,14.0,26.0,11.0,15.0,1504.8,1714.6
2021-01-08,2020,Celta,Villarreal,0,4,A,O,3.42,3.25,2.25,3,6,3,4,9,3.0,1.0,0.0,1.0,8.0,4.0,4.0,1.0,4.0,-3.0,7.0,0.0,7.0,2.0,1.0,1.0,0.0,1.0,-1.0,62.5,37.5,25.0,25.0,14.0,10.0,4.0,17.0,1499.8,1596.2
2021-01-06,2020,Ath Bilbao,Barcelona,2,3,A,O,4.33,3.75,1.82,3,9,3,4,9,2.0,2.0,1.0,1.0,3.0,5.0,-2.0,1.0,2.0,-1.0,2.0,3.0,-1.0,1.0,1.0,0.0,0.0,0.0,0.0,62.5,37.5,42.9,42.9,5.0,25.0,12.0,24.0,1508.9,1709.8
2021-01-04,2020,Valencia,Cadiz,1,1,D,U,2.02,3.43,3.81,4,2,9,7,9,0.0,0.0,2.0,2.0,2.0,1.0,1.0,4.0,6.0,-2.0,-2.0,-5.0,3.0,0.0,0.0,0.0,0.0,1.0,-1.0,25.0,37.5,50.0,37.5,8.0,7.0,5.0,19.0,1515.3,1497.2
2021-01-03,2020,Sociedad,Osasuna,1,1,D,U,1.57,4.07,6.05,2,2,7,2,9,0.0,0.0,1.0,2.0,2.0,4.0,-2.0,4.0,9.0,-5.0,-2.0,-5.0,3.0,0.0,0.0,0.0,1.0,1.0,0.0,37.5,25.0,14.3,57.1,7.0,17.0,14.0,10.0,1567.2,1460.2
2021-01-03,2020,Huesca,Barcelona,0,1,A,U,6.38,4.7,1.47,4,7,2,6,8,1.0,1.0,1.0,2.0,2.0,4.0,-2.0,2.0,3.0,-1.0,0.0,1.0,-1.0,0.0,1.0,-1.0,0.0,0.0,0.0,14.3,28.6,33.3,50.0,6.0,22.0,16.0,26.0,1445.4,1706.1
2021-01-03,2020,Eibar,Granada,2,0,H,U,2.43,3.1,3.18,7,3,4,2,9,0.0,1.0,1.0,2.0,1.0,2.0,-1.0,3.0,5.0,-2.0,-2.0,-3.0,1.0,0.0,0.0,0.0,1.0,2.0,-1.0,0.0,50.0,28.6,57.1,11.0,8.0,15.0,6.0,1483.5,1515.8
2021-01-03,2020,Ath Bilbao,Elche,1,0,H,U,1.53,3.89,7.28,2,2,5,4,8,1.0,0.0,2.0,1.0,2.0,2.0,0.0,3.0,4.0,-1.0,-1.0,-2.0,1.0,1.0,0.0,1.0,1.0,1.0,0.0,57.1,42.9,33.3,33.3,3.0,8.0,11.0,9.0,1499.0,1498.1
2021-01-03,2020,Alaves,Ath Madrid,1,2,A,O,6.7,3.76,1.58,1,4,1,5,9,1.0,2.0,0.0,1.0,4.0,3.0,1.0,3.0,2.0,1.0,1.0,1.0,0.0,0.0,1.0,-1.0,0.0,1.0,-1.0,25.0,25.0,66.7,16.7,7.0,10.0,8.0,18.0,1470.7,1721.9
2021-01-02,2020,Villarreal,Levante,2,1,H,O,1.64,3.92,5.49,7,2,3,5,9,0.0,0.0,0.0,1.0,2.0,2.0,0.0,2.0,3.0,-1.0,0.0,-1.0,1.0,0.0,0.0,0.0,0.0,0.0,0.0,50.0,0.0,12.5,50.0,10.0,7.0,14.0,18.0,1588.4,1510.4
2021-01-02,2020,Real Madrid,Celta,2,0,H,U,1.49,4.75,6.12,2,1,1,5,8,3.0,1.0,0.0,1.0,7.0,5.0,2.0,1.0,5.0,-4.0,6.0,0.0,6.0,3.0,1.0,2.0,0.0,1.0,-1.0,71.4,28.6,12.5,25.0,14.0,12.0,17.0,11.0,1719.7,1504.3
2021-01-02,2020,Getafe,Valladolid,0,1,A,U,2.01,3.12,4.32,4,2,5,9,9,0.0,0.0,1.0,1.0,2.0,1.0,1.0,3.0,3.0,0.0,-1.0,-2.0,1.0,0.0,0.0,0.0,0.0,1.0,-1.0,37.5,37.5,12.5,50.0,8.0,9.0,9.0,17.0,1520.8,1472.5
2021-01-02,2020,Betis,Sevilla,1,1,D,U,3.83,3.46,2.01,3,2,2,1,8,1.0,3.0,1.0,0.0,2.0,3.0,-1.0,3.0,0.0,3.0,-1.0,3.0,-4.0,0.0,0.0,0.0,1.0,0.0,1.0,42.9,42.9,57.1,28.6,9.0,7.0,15.0,18.0,1471.2,1633.5
2020-12-31,2020,Osasuna,Alaves,1,1,D,U,2.37,3.23,3.14,3,1,5,4,8,0.0,1.0,2.0,2.0,2.0,2.0,0.0,6.0,4.0,2.0,-4.0,-2.0,-2.0,0.0,0.0,0.0,2.0,1.0,1.0,28.6,57.1,28.6,57.1,8.0,9.0,8.0,16.0,1459.9,1471.0
2020-12-31,2020,Ath Bilbao,Sociedad,0,1,A,U,2.97,3.13,2.55,0,3,2,4,7,2.0,0.0,1.0,2.0,6.0,2.0,4.0,2.0,4.0,-2.0,4.0,-2.0,6.0,2.0,0.0,2.0,1.0,0.0,1.0,66.7,33.3,50.0,25.0,12.0,15.0,15.0,10.0,1507.5,1558.6
2020-12-30,2020,Granada,Valencia,2,1,H,O,2.23,3.33,3.32,5,6,6,6,8,1.0,0.0,1.0,0.0,6.0,4.0,2.0,6.0,4.0,2.0,0.0,0.0,0.0,1.0,0.0,1.0,1.0,0.0,1.0,57.1,14.3,14.3,42.9,15.0,13.0,10.0,8.0,1505.2,1525.9
2020-12-30,2020,Elche,Real Madrid,1,1,D,U,10.49,5.83,1.28,3,6,2,3,8,0.0,2.0,1.0,0.0,3.0,5.0,-2.0,4.0,2.0,2.0,-1.0,3.0,-4.0,0.0,1.0,-1.0,0.0,0.0,0.0,14.3,28.6,62.5,12.5,6.0,9.0,11.0,9.0,1492.3,1725.5
2020-12-30,2020,Celta,Huesca,2,1,H,O,1.77,3.7,4.67,6,6,0,5,8,3.0,0.0,0.0,1.0,9.0,4.0,5.0,1.0,6.0,-5.0,8.0,-2.0,10.0,3.0,0.0,3.0,0.0,1.0,-1.0,57.1,42.9,0.0,37.5,16.0,13.0,12.0,10.0,1495.5,1454.2
2020-12-30,2020,Ath Madrid,Getafe,1,0,H,U,1.46,4.12,8.28,3,2,5,2,8,3.0,1.0,0.0,1.0,6.0,2.0,4.0,1.0,3.0,-2.0,5.0,-1.0,6.0,2.0,1.0,1.0,0.0,1.0,-1.0,85.7,0.0,16.7,33.3,12.0,7.0,14.0,13.0,1716.9,1525.8
2020-12-29,2020,Sevilla,Villarreal,2,0,H,U,2.25,3.26,3.41,3,2,4,7,7,1.0,1.0,1.0,0.0,5.0,5.0,0.0,4.0,3.0,1.0,1.0,2.0,-1.0,1.0,1.0,0.0,0.0,0.0,0.0,50.0,33.3,28.6,14.3,15.0,10.0,14.0,14.0,1624.2,1597.6
2020-12-29,2020,Levante,Betis,4,3,H,O,2.43,3.42,2.93,5,7,3,6,7,2.0,1.0,0.0,2.0,6.0,2.0,4.0,2.0,6.0,-4.0,4.0,-4.0,8.0,1.0,1.0,0.0,0.0,2.0,-2.0,33.3,16.7,37.5,62.5,18.0,7.0,13.0,18.0,1501.0,1480.6
2020-12-29,2020,Cadiz,Valladolid,0,0,D,U,2.9,2.89,2.83,3,1,1,6,8,1.0,1.0,2.0,1.0,2.0,4.0,-2.0,4.0,4.0,0.0,-2.0,0.0,-2.0,0.0,1.0,-1.0,1.0,1.0,0.0,14.3,57.1,14.3,57.1,4.0,11.0,8.0,14.0,1498.0,1471.8
2020-12-29,2020,Barcelona,Eibar,1,1,D,U,1.29,5.88,10.11,5,3,5,7,9,2.0,1.0,0.0,1.0,5.0,4.0,1.0,3.0,3.0,0.0,2.0,1.0,1.0,0.0,1.0,-1.0,0.0,0.0,0.0,62.5,12.5,42.9,28.6,26.0,14.0,22.0,13.0,1712.0,1477.6
2020-12-23,2020,Real Madrid,Granada,2,0,H,U,1.33,5.41,8.88,6,1,8,1,7,2.0,1.0,1.0,2.0,6.0,2.0,4.0,3.0,5.0,-2.0,3.0,-3.0,6.0,2.0,0.0,2.0,0.0,2.0,-2.0,66.7,33.3,33.3,50.0,17.0,8.0,21.0,5.0,1721.0,1509.8
2020-12-23,2020,Getafe,Celta,1,1,D,U,2.77,3.11,2.72,3,1,1,4,8,0.0,1.0,2.0,1.0,2.0,5.0,-3.0,5.0,5.0,0.0,-3.0,0.0,-3.0,0.0,1.0,-1.0,1.0,1.0,0.0,42.9,42.9,14.3,28.6,10.0,17.0,11.0,10.0,1526.7,1494.6
2020-12-23,2020,Betis,Cadiz,1,0,H,U,1.9,3.4,4.38,1,3,5,5,7,1.0,0.0,1.0,2.0,4.0,1.0,3.0,4.0,9.0,-5.0,0.0,-8.0,8.0,1.0,0.0,1.0,1.0,2.0,-1.0,33.3,50.0,57.1,28.6,18.0,7.0,11.0,21.0,1469.5,1509.1
2020-12-23,2020,Alaves,Eibar,2,1,H,O,2.76,2.93,2.9,3,4,2,7,8,0.0,1.0,0.0,0.0,3.0,4.0,-1.0,3.0,2.0,1.0,0.0,2.0,-2.0,0.0,1.0,-1.0,0.0,0.0,0.0,14.3,28.6,50.0,16.7,7.0,13.0,8.0,9.0,1460.2,1488.4
2020-12-22,2020,Villarreal,Ath Bilbao,1,1,D,U,1.99,3.38,4.03,6,3,6,4,8,1.0,0.0,0.0,1.0,3.0,4.0,-1.0,1.0,6.0,-5.0,2.0,-2.0,4.0,1.0,0.0,1.0,0.0,1.0,-1.0,57.1,0.0,12.5,62.5,9.0,11.0,14.0,18.0,1600.3,1504.8
2020-12-22,2020,Valladolid,Barcelona,0,3,A,O,7.45,5.04,1.4,5,10,4,5,8,2.0,0.0,0.0,2.0,6.0,2.0,4.0,4.0,4.0,0.0,2.0,-2.0,4.0,0.0,0.0,0.0,0.0,0.0,0.0,28.6,28.6,20.0,60.0,14.0,21.0,8.0,35.0,1475.9,1707.8
2020-12-22,2020,Valencia,Sevilla,0,1,A,U,3.73,3.37,2.08,4,3,3,5,8,1.0,2.0,1.0,1.0,6.0,3.0,3.0,4.0,2.0,2.0,2.0,1.0,1.0,1.0,0.0,1.0,0.0,0.0,0.0,28.6,28.6,50.0,33.3,8.0,7.0,3.0,14.0,1533.5,1616.6
2020-12-22,2020,Sociedad,Ath Madrid,0,2,A,U,3.28,3.14,2.37,1,3,5,5,8,1.0,2.0,0.0,1.0,4.0,4.0,0.0,2.0,3.0,-1.0,2.0,1.0,1.0,1.0,1.0,0.0,0.0,1.0,-1.0,42.9,14.3,60.0,20.0,15.0,13.0,24.0,15.0,1564.7,1710.8
2020-12-22,2020,Huesca,Levante,1,1,D,U,2.7,3.33,2.67,2,1,10,3,7,1.0,0.0,1.0,1.0,2.0,2.0,0.0,2.0,3.0,-1.0,0.0,-1.0,1.0,0.0,0.0,0.0,0.0,0.0,0.0,16.7,33.3,14.3,57.1,10.0,10.0,10.0,23.0,1452.8,1502.4
2020-12-22,2020,Elche,Osasuna,2,2,D,O,3.33,3.0,2.42,2,6,4,4,7,0.0,0.0,1.0,3.0,2.0,2.0,0.0,3.0,8.0,-5.0,-1.0,-6.0,5.0,0.0,0.0,0.0,0.0,1.0,-1.0,16.7,33.3,16.7,66.7,5.0,13.0,10.0,6.0,1493.2,1458.9
2020-12-20,2020,Granada,Betis,2,0,H,U,2.55,3.31,2.8,3,1,1,10,7,0.0,1.0,1.0,2.0,5.0,4.0,1.0,7.0,9.0,-2.0,-2.0,-5.0,3.0,0.0,1.0,-1.0,1.0,2.0,-1.0,50.0,16.7,42.9,57.1,14.0,12.0,11.0,13.0,1500.4,1478.9
2020-12-20,2020,Eibar,Real Madrid,1,3,A,O,6.36,4.12,1.54,3,5,4,4,8,0.0,1.0,1.0,1.0,0.0,3.0,-3.0,2.0,5.0,-3.0,-2.0,-2.0,0.0,0.0,0.0,0.0,1.0,1.0,0.0,0.0,42.9,57.1,14.3,11.0,10.0,18.0,13.0,1492.7,1716.6
2020-12-20,2020,Celta,Alaves,2,0,H,U,1.72,3.87,4.77,3,2,3,5,7,2.0,1.0,1.0,1.0,8.0,3.0,5.0,5.0,3.0,2.0,3.0,0.0,3.0,2.0,0.0,2.0,1.0,0.0,1.0,50.0,50.0,33.3,50.0,15.0,9.0,11.0,12.0,1485.0,1469.8
2020-12-20,2020,Cadiz,Getafe,0,2,A,U,3.34,2.86,2.48,1,4,2,4,7,1.0,0.0,1.0,1.0,2.0,2.0,0.0,2.0,5.0,-3.0,0.0,-3.0,3.0,0.0,0.0,0.0,0.0,1.0,-1.0,16.7,50.0,0.0,40.0,3.0,8.0,6.0,12.0,1519.2,1516.6
2020-12-19,2020,Sevilla,Valladolid,1,1,D,U,1.54,3.94,7.02,3,5,7,7,6,2.0,1.0,1.0,2.0,5.0,3.0,2.0,3.0,5.0,-2.0,2.0,-2.0,4.0,1.0,1.0,0.0,0.0,2.0,-2.0,60.0,40.0,16.7,66.7,13.0,7.0,10.0,11.0,1620.6,1471.9
2020-12-19,2020,Osasuna,Villarreal,1,3,A,O,3.58,3.33,2.13,1,6,2,2,7,0.0,1.0,2.0,0.0,2.0,5.0,-3.0,6.0,3.0,3.0,-4.0,2.0,-6.0,0.0,1.0,-1.0,2.0,0.0,2.0,33.3,50.0,16.7,16.7,10.0,9.0,9.0,15.0,1465.4,1593.9
2020-12-19,2020,Levante,Sociedad,2,1,H,O,3.52,3.37,2.13,5,5,3,4,6,1.0,1.0,0.0,1.0,5.0,2.0,3.0,2.0,2.0,0.0,3.0,0.0,3.0,1.0,0.0,1.0,0.0,0.0,0.0,20.0,20.0,57.1,14.3,18.0,14.0,22.0,12.0,1490.0,1577.1
2020-12-19,2020,Barcelona,Valencia,2,2,D,O,1.31,5.86,8.76,9,4,8,3,8,3.0,0.0,0.0,1.0,7.0,3.0,4.0,1.0,4.0,-3.0,6.0,-1.0,7.0,1.0,0.0,1.0,0.0,0.0,0.0,71.4,14.3,16.7,50.0,28.0,13.0,19.0,12.0,1712.7,1528.7
2020-12-19,2020,Ath Madrid,Elche,3,1,H,O,1.22,5.92,17.1,6,3,2,5,7,3.0,0.0,0.0,1.0,7.0,2.0,5.0,0.0,4.0,-4.0,7.0,-2.0,9.0,2.0,0.0,2.0,0.0,1.0,-1.0,83.3,0.0,40.0,20.0,13.0,7.0,14.0,5.0,1706.2,1497.9
2020-12-18,2020,Ath Bilbao,Huesca,2,0,H,U,1.95,3.3,4.37,3,1,5,5,6,2.0,0.0,1.0,1.0,6.0,5.0,1.0,3.0,8.0,-5.0,3.0,-3.0,6.0,1.0,0.0,1.0,1.0,1.0,0.0,60.0,40.0,0.0,28.6,14.0,14.0,16.0,8.0,1495.8,1461.8
2020-12-16,2020,Barcelona,Sociedad,2,1,H,O,1.63,4.38,4.86,4,5,2,3,7,3.0,2.0,0.0,0.0,10.0,5.0,5.0,2.0,1.0,1.0,8.0,4.0,4.0,2.0,1.0,1.0,0.0,0.0,0.0,66.7,16.7,66.7,0.0,33.0,16.0,26.0,12.0,1706.1,1583.7
2020-12-15,2020,Real Madrid,Ath Bilbao,3,1,H,O,1.56,4.18,6.06,5,4,6,6,6,2.0,0.0,1.0,1.0,7.0,4.0,3.0,3.0,5.0,-2.0,4.0,-1.0,5.0,2.0,0.0,2.0,0.0,0.0,0.0,60.0,40.0,14.3,57.1,18.0,9.0,21.0,23.0,1712.1,1500.4
2020-12-14,2020,Celta,Cadiz,4,0,H,O,1.76,3.59,4.96,5,2,1,5,6,1.0,1.0,2.0,1.0,4.0,3.0,1.0,7.0,5.0,2.0,-3.0,-2.0,-1.0,1.0,1.0,0.0,2.0,1.0,1.0,40.0,60.0,66.7,16.7,15.0,9.0,18.0,18.0,1473.4,1530.8
2020-12-13,2020,Sociedad,Eibar,1,1,D,U,1.65,3.72,5.8,2,4,5,4,7,2.0,2.0,0.0,0.0,7.0,4.0,3.0,2.0,1.0,1.0,5.0,3.0,2.0,2.0,1.0,1.0,0.0,0.0,0.0,50.0,16.7,60.0,20.0,19.0,10.0,23.0,8.0,1586.4,1490.0
2020-12-13,2020,Elche,Granada,0,1,A,U,3.34,3.1,2.34,1,5,6,5,6,1.0,1.0,0.0,2.0,4.0,2.0,2.0,3.0,5.0,-2.0,1.0,-3.0,4.0,0.0,0.0,0.0,0.0,2.0,-2.0,20.0,20.0,20.0,60.0,6.0,5.0,4.0,1.0,1508.4,1489.8
2020-12-13,2020,Betis,Villarreal,1,1,D,U,3.04,3.54,2.29,5,2,4,8,6,1.0,1.0,2.0,0.0,3.0,4.0,-1.0,6.0,2.0,4.0,-3.0,2.0,-5.0,1.0,1.0,0.0,2.0,0.0,2.0,40.0,60.0,20.0,20.0,14.0,9.0,13.0,12.0,1475.5,1597.2
2020-12-13,2020,Barcelona,Levante,1,0,H,U,1.25,6.6,10.45,13,3,12,4,6,2.0,0.0,1.0,1.0,10.0,2.0,8.0,5.0,4.0,1.0,5.0,-2.0,7.0,2.0,0.0,2.0,1.0,1.0,0.0,60.0,20.0,16.7,50.0,24.0,8.0,21.0,22.0,1701.4,1494.6
2020-12-12,2020,Valencia,Ath Bilbao,2,2,D,O,3.21,3.13,2.39,2,5,0,10,7,1.0,0.0,1.0,2.0,6.0,2.0,4.0,4.0,4.0,0.0,2.0,-2.0,4.0,1.0,0.0,1.0,0.0,0.0,0.0,33.3,33.3,16.7,66.7,11.0,9.0,3.0,18.0,1529.5,1499.5
2020-12-12,2020,Real Madrid,Ath Madrid,2,0,H,U,2.39,3.28,3.08,3,1,3,6,5,1.0,3.0,2.0,0.0,5.0,6.0,-1.0,4.0,1.0,3.0,1.0,5.0,-4.0,1.0,2.0,-1.0,0.0,0.0,0.0,50.0,50.0,75.0,0.0,17.0,16.0,22.0,13.0,1701.7,1716.6
2020-12-12,2020,Huesca,Alaves,1,0,H,U,2.23,3.21,3.45,3,1,5,2,6,0.0,2.0,1.0,0.0,3.0,5.0,-2.0,4.0,2.0,2.0,-1.0,3.0,-4.0,0.0,1.0,-1.0,0.0,0.0,0.0,0.0,40.0,40.0,40.0,14.0,12.0,8.0,14.0,1450.9,1480.7
2020-12-12,2020,Getafe,Sevilla,0,1,A,U,3.8,3.19,2.12,2,0,5,3,7,0.0,1.0,2.0,2.0,2.0,2.0,0.0,5.0,3.0,2.0,-3.0,-1.0,-2.0,0.0,0.0,0.0,1.0,0.0,1.0,50.0,33.3,40.0,40.0,9.0,10.0,12.0,12.0,1524.1,1613.1
2020-12-11,2020,Valladolid,Osasuna,3,2,H,O,2.55,2.99,3.12,6,6,3,3,7,1.0,0.0,1.0,2.0,3.0,0.0,3.0,4.0,5.0,-1.0,-1.0,-5.0,4.0,0.0,0.0,0.0,1.0,1.0,0.0,16.7,33.3,20.0,60.0,9.0,9.0,7.0,10.0,1461.5,1475.8
2020-12-07,2020,Eibar,Valencia,0,0,D,U,2.49,3.16,3.0,3,4,8,0,7,0.0,0.0,1.0,2.0,0.0,4.0,-4.0,2.0,6.0,-4.0,-2.0,-2.0,0.0,0.0,0.0,0.0,1.0,0.0,1.0,0.0,50.0,20.0,60.0,14.0,12.0,16.0,19.0,1488.8,1530.7
2020-12-06,2020,Villarreal,Elche,0,0,D,U,1.34,5.27,8.96,3,0,4,0,7,2.0,1.0,0.0,1.0,5.0,4.0,1.0,2.0,4.0,-2.0,3.0,0.0,3.0,1.0,1.0,0.0,0.0,1.0,-1.0,66.7,0.0,50.0,25.0,12.0,10.0,13.0,11.0,1599.9,1505.8
2020-12-06,2020,Osasuna,Betis,0,2,A,U,2.71,3.27,2.67,0,5,2,5,6,1.0,0.0,1.0,3.0,3.0,2.0,1.0,4.0,11.0,-7.0,-1.0,-9.0,8.0,0.0,0.0,0.0,1.0,3.0,-2.0,40.0,40.0,33.3,66.7,12.0,10.0,9.0,13.0,1486.4,1464.9
2020-12-06,2020,Granada,Huesca,3,3,D,O,2.45,3.09,3.16,6,7,4,2,6,1.0,0.0,1.0,2.0,3.0,3.0,0.0,4.0,9.0,-5.0,-1.0,-6.0,5.0,0.0,0.0,0.0,1.0,2.0,-1.0,60.0,20.0,0.0,33.3,11.0,11.0,12.0,11.0,1491.0,1449.7
2020-12-06,2020,Alaves,Sociedad,0,0,D,U,4.67,3.41,1.85,1,5,2,3,7,0.0,3.0,1.0,0.0,3.0,8.0,-5.0,5.0,1.0,4.0,-2.0,7.0,-9.0,0.0,2.0,-2.0,1.0,0.0,1.0,16.7,33.3,80.0,0.0,8.0,16.0,8.0,11.0,1477.5,1589.6
2020-12-05,2020,Sevilla,Real Madrid,0,1,A,U,2.55,3.52,2.7,2,3,4,3,5,2.0,1.0,1.0,1.0,5.0,5.0,0.0,3.0,6.0,-3.0,2.0,-1.0,3.0,1.0,1.0,0.0,0.0,1.0,-1.0,75.0,25.0,50.0,16.7,14.0,16.0,19.0,17.0,1621.1,1693.7
2020-12-05,2020,Levante,Getafe,3,0,H,O,2.92,3.1,2.61,8,0,5,5,5,0.0,0.0,0.0,1.0,3.0,2.0,1.0,3.0,5.0,-2.0,0.0,-3.0,3.0,0.0,0.0,0.0,0.0,1.0,-1.0,0.0,25.0,0.0,25.0,13.0,9.0,20.0,11.0,1483.1,1535.6
2020-12-05,2020,Cadiz,Barcelona,2,1,H,O,8.1,5.19,1.36,3,8,5,13,6,0.0,0.0,1.0,2.0,1.0,1.0,0.0,2.0,3.0,-1.0,-1.0,-2.0,1.0,0.0,0.0,0.0,0.0,0.0,0.0,0.0,60.0,25.0,50.0,4.0,14.0,3.0,24.0,1515.6,1716.6
2020-12-05,2020,Ath Madrid,Valladolid,2,0,H,U,1.39,4.51,9.42,4,3,4,4,6,3.0,1.0,0.0,1.0,7.0,5.0,2.0,0.0,5.0,-5.0,7.0,0.0,7.0,2.0,1.0,1.0,0.0,1.0,-1.0,80.0,0.0,20.0,60.0,15.0,7.0,18.0,8.0,1712.8,1465.4
2020-12-04,2020,Ath Bilbao,Celta,0,2,A,U,2.08,3.3,3.84,0,4,4,5,5,3.0,0.0,0.0,1.0,8.0,4.0,4.0,1.0,6.0,-5.0,7.0,-2.0,9.0,2.0,0.0,2.0,0.0,1.0,-1.0,75.0,25.0,0.0,33.3,19.0,16.0,21.0,7.0,1510.9,1462.0
2020-11-30,2020,Betis,Eibar,0,2,A,U,1.79,3.68,4.57,3,6,6,2,5,1.0,2.0,2.0,0.0,5.0,4.0,1.0,7.0,2.0,5.0,-2.0,2.0,-4.0,1.0,0.0,1.0,1.0,0.0,1.0,50.0,50.0,50.0,25.0,16.0,9.0,15.0,10.0,1474.8,1479.0
2020-11-29,2020,Sociedad,Villarreal,1,1,D,U,2.12,3.56,3.38,4,2,4,4,6,3.0,1.0,0.0,0.0,9.0,3.0,6.0,1.0,1.0,0.0,8.0,2.0,6.0,3.0,1.0,2.0,0.0,0.0,0.0,60.0,20.0,25.0,25.0,21.0,9.0,24.0,9.0,1589.2,1600.2
2020-11-29,2020,Getafe,Ath Bilbao,1,1,D,U,2.77,2.91,2.9,3,2,3,2,6,1.0,0.0,2.0,3.0,2.0,1.0,1.0,4.0,4.0,0.0,-2.0,-3.0,1.0,0.0,0.0,0.0,1.0,0.0,1.0,60.0,40.0,20.0,80.0,10.0,7.0,16.0,22.0,1536.4,1510.2
2020-11-29,2020,Celta,Granada,3,1,H,O,2.0,3.44,3.87,8,2,8,0,5,0.0,1.0,3.0,1.0,1.0,2.0,-1.0,9.0,3.0,6.0,-8.0,-1.0,-7.0,0.0,0.0,0.0,3.0,1.0,2.0,25.0,75.0,25.0,50.0,10.0,8.0,13.0,6.0,1450.5,1502.5
2020-11-29,2020,Barcelona,Osasuna,4,0,H,O,1.26,6.25,10.74,11,5,5,3,5,1.0,0.0,1.0,2.0,7.0,0.0,7.0,6.0,2.0,4.0,1.0,-2.0,3.0,1.0,0.0,1.0,1.0,0.0,1.0,50.0,25.0,25.0,50.0,18.0,7.0,22.0,8.0,1712.3,1490.8
2020-11-28,2020,Valencia,Ath Madrid,0,1,A,U,4.86,3.74,1.74,2,6,2,7,6,1.0,2.0,1.0,0.0,6.0,5.0,1.0,5.0,1.0,4.0,1.0,4.0,-3.0,1.0,2.0,-1.0,1.0,0.0,1.0,40.0,20.0,66.7,0.0,11.0,12.0,5.0,13.0,1536.2,1707.3
2020-11-28,2020,Real Madrid,Alaves,1,2,A,O,1.35,5.3,8.65,9,6,12,9,4,2.0,1.0,1.0,1.0,5.0,4.0,1.0,2.0,4.0,-2.0,3.0,0.0,3.0,1.0,1.0,0.0,0.0,1.0,-1.0,66.7,33.3,25.0,50.0,13.0,9.0,14.0,5.0,1709.9,1461.4
2020-11-28,2020,Huesca,Sevilla,0,1,A,U,4.09,3.31,1.99,1,4,1,10,5,0.0,0.0,0.0,2.0,3.0,2.0,1.0,3.0,4.0,-1.0,0.0,-2.0,2.0,0.0,0.0,0.0,0.0,0.0,0.0,0.0,25.0,25.0,50.0,16.0,7.0,12.0,7.0,1455.4,1615.4
2020-11-28,2020,Elche,Cadiz,1,1,D,U,3.21,2.98,2.49,3,2,1,9,5,1.0,2.0,0.0,1.0,3.0,3.0,0.0,2.0,4.0,-2.0,1.0,-1.0,2.0,0.0,1.0,-1.0,0.0,1.0,-1.0,25.0,25.0,80.0,20.0,3.0,12.0,3.0,20.0,1505.5,1515.9
2020-11-27,2020,Valladolid,Levante,1,1,D,U,2.56,3.29,2.86,4,3,3,11,6,1.0,0.0,2.0,2.0,3.0,1.0,2.0,5.0,4.0,1.0,-2.0,-3.0,1.0,0.0,0.0,0.0,1.0,1.0,0.0,20.0,40.0,20.0,60.0,8.0,6.0,7.0,15.0,1464.8,1483.7
2020-11-23,2020,Ath Bilbao,Betis,4,0,H,O,2.2,3.32,3.42,9,1,6,3,4,2.0,1.0,1.0,2.0,4.0,4.0,0.0,2.0,7.0,-5.0,2.0,-3.0,5.0,1.0,1.0,0.0,0.0,2.0,-2.0,66.7,33.3,40.0,60.0,14.0,17.0,20.0,17.0,1500.6,1484.3
2020-11-22,2020,Granada,Valladolid,1,3,A,O,2.14,3.11,3.82,6,3,5,3,5,2.0,0.0,0.0,2.0,4.0,2.0,2.0,2.0,5.0,-3.0,2.0,-3.0,5.0,0.0,0.0,0.0,0.0,1.0,-1.0,75.0,0.0,0.0,75.0,8.0,9.0,11.0,12.0,1514.2,1453.1
2020-11-22,2020,Eibar,Getafe,0,0,D,U,3.4,2.97,2.4,5,3,3,4,6,0.0,0.0,2.0,1.0,0.0,2.0,-2.0,3.0,5.0,-2.0,-3.0,-3.0,0.0,0.0,0.0,0.0,1.0,1.0,0.0,0.0,60.0,0.0,33.3,13.0,10.0,16.0,12.0,1477.2,1538.1
2020-11-22,2020,Cadiz,Sociedad,0,1,A,U,4.39,3.64,1.84,0,4,1,6,5,0.0,3.0,1.0,0.0,2.0,10.0,-8.0,4.0,1.0,3.0,-2.0,9.0,-11.0,0.0,3.0,-3.0,1.0,0.0,1.0,0.0,50.0,75.0,0.0,9.0,19.0,8.0,16.0,1524.3,1580.9
2020-11-22,2020,Alaves,Valencia,2,2,D,O,2.67,3.14,2.8,3,5,4,5,6,1.0,1.0,1.0,2.0,2.0,3.0,-1.0,3.0,4.0,-1.0,-1.0,-1.0,0.0,0.0,0.0,0.0,1.0,0.0,1.0,20.0,40.0,25.0,75.0,8.0,12.0,4.0,17.0,1459.2,1538.4
2020-11-21,2020,Villarreal,Real Madrid,1,1,D,U,2.92,3.76,2.29,1,1,4,2,6,3.0,2.0,0.0,1.0,7.0,6.0,1.0,2.0,5.0,-3.0,5.0,1.0,4.0,2.0,2.0,0.0,0.0,1.0,-1.0,80.0,0.0,60.0,20.0,17.0,18.0,11.0,21.0,1597.0,1713.1
2020-11-21,2020,Sevilla,Celta,4,2,H,O,1.72,3.6,5.3,10,7,3,2,4,2.0,0.0,1.0,1.0,2.0,2.0,0.0,1.0,4.0,-3.0,1.0,-2.0,3.0,0.0,0.0,0.0,0.0,1.0,-1.0,66.7,33.3,0.0,20.0,6.0,12.0,18.0,10.0,1609.5,1456.3
2020-11-21,2020,Levante,Elche,1,1,D,U,1.6,4.19,5.47,5,5,5,4,4,0.0,2.0,1.0,1.0,2.0,4.0,-2.0,4.0,3.0,1.0,-2.0,1.0,-3.0,0.0,1.0,-1.0,1.0,1.0,0.0,0.0,33.3,66.7,33.3,12.0,7.0,19.0,9.0,1483.0,1506.1
2020-11-21,2020,Ath Madrid,Barcelona,1,0,H,U,2.84,3.48,2.46,2,4,8,8,5,2.0,1.0,0.0,1.0,6.0,4.0,2.0,0.0,2.0,-2.0,6.0,2.0,4.0,2.0,1.0,1.0,0.0,0.0,0.0,75.0,0.0,33.3,33.3,14.0,13.0,19.0,23.0,1696.6,1723.0
2020-11-20,2020,Osasuna,Huesca,1,1,D,U,2.41,3.06,3.3,7,5,4,3,5,2.0,0.0,1.0,2.0,4.0,2.0,2.0,3.0,8.0,-5.0,1.0,-6.0,7.0,1.0,0.0,1.0,1.0,2.0,-1.0,50.0,50.0,0.0,40.0,10.0,10.0,11.0,13.0,1491.8,1454.4
2020-11-08,2020,Valladolid,Ath Bilbao,2,1,H,O,3.43,2.93,2.4,4,2,2,11,5,0.0,1.0,2.0,2.0,2.0,2.0,0.0,5.0,3.0,2.0,-3.0,-1.0,-2.0,0.0,0.0,0.0,1.0,0.0,1.0,0.0,50.0,25.0,75.0,8.0,10.0,9.0,15.0,1441.1,1512.7
2020-11-08,2020,Valencia,Real Madrid,4,1,H,O,6.2,4.71,1.48,4,6,1,8,5,0.0,3.0,1.0,0.0,3.0,8.0,-5.0,5.0,3.0,2.0,-2.0,5.0,-7.0,0.0,2.0,-2.0,1.0,0.0,1.0,25.0,25.0,75.0,0.0,9.0,16.0,8.0,16.0,1523.1,1728.4
2020-11-08,2020,Sociedad,Granada,2,0,H,U,1.68,3.87,5.12,9,1,15,0,5,2.0,1.0,1.0,1.0,7.0,3.0,4.0,2.0,7.0,-5.0,5.0,-4.0,9.0,2.0,0.0,2.0,0.0,1.0,-1.0,50.0,25.0,33.3,33.3,15.0,13.0,18.0,7.0,1572.3,1522.8
2020-11-08,2020,Levante,Alaves,1,1,D,U,2.2,3.35,3.39,5,2,12,1,3,,1.0,,2.0,,4.0,,,5.0,,,-1.0,,,1.0,,,1.0,,0.0,50.0,33.3,66.7,,10.0,,8.0,1483.7,1458.4
2020-11-08,2020,Getafe,Villarreal,1,3,A,O,2.58,3.05,3.01,5,5,3,3,5,2.0,0.0,1.0,1.0,4.0,0.0,4.0,1.0,4.0,-3.0,3.0,-4.0,7.0,1.0,0.0,1.0,0.0,1.0,-1.0,75.0,25.0,0.0,33.3,9.0,5.0,14.0,10.0,1546.9,1588.1
2020-11-07,2020,Sevilla,Osasuna,1,0,H,U,1.55,4.02,6.6,1,2,3,0,3,,1.0,,1.0,,2.0,,,1.0,,,1.0,,,1.0,,,0.0,,50.0,50.0,33.3,33.3,,9.0,,10.0,1602.4,1498.9
2020-11-07,2020,Huesca,Eibar,1,1,D,U,2.15,3.16,3.76,6,3,4,3,4,0.0,2.0,1.0,1.0,2.0,4.0,-2.0,4.0,3.0,1.0,-2.0,1.0,-3.0,0.0,0.0,0.0,1.0,0.0,1.0,0.0,33.3,66.7,33.3,10.0,10.0,10.0,10.0,1453.7,1477.9
2020-11-07,2020,Barcelona,Betis,5,2,H,O,1.4,5.12,7.35,9,6,9,5,4,1.0,1.0,1.0,2.0,6.0,2.0,4.0,4.0,5.0,-1.0,2.0,-3.0,5.0,1.0,1.0,0.0,1.0,2.0,-1.0,33.3,33.3,50.0,50.0,18.0,13.0,21.0,16.0,1718.8,1488.5
2020-11-07,2020,Ath Madrid,Cadiz,4,0,H,O,1.43,4.12,9.68,7,3,2,7,4,2.0,3.0,0.0,0.0,8.0,4.0,4.0,1.0,0.0,1.0,7.0,4.0,3.0,2.0,1.0,1.0,0.0,0.0,0.0,66.7,0.0,100.0,0.0,17.0,10.0,18.0,15.0,1690.9,1530.0
2020-11-06,2020,Elche,Celta,1,1,D,U,3.97,3.32,2.04,1,6,3,3,4,1.0,0.0,1.0,1.0,2.0,2.0,0.0,4.0,4.0,0.0,-2.0,-2.0,0.0,0.0,0.0,0.0,1.0,1.0,0.0,33.3,33.3,0.0,25.0,4.0,7.0,2.0,8.0,1507.6,1454.8
2020-11-02,2020,Villarreal,Valladolid,2,0,H,U,1.61,3.95,5.81,5,1,6,4,5,3.0,0.0,0.0,2.0,7.0,2.0,5.0,3.0,5.0,-2.0,4.0,-3.0,7.0,1.0,0.0,1.0,0.0,1.0,-1.0,75.0,0.0,0.0,66.7,20.0,10.0,9.0,11.0,1581.8,1447.4
2020-11-01,2020,Valencia,Getafe,2,2,D,O,3.26,2.95,2.48,5,5,0,3,4,1.0,,1.0,,5.0,,,5.0,,,0.0,,,1.0,,,1.0,,,33.3,33.3,0.0,50.0,12.0,,11.0,,1522.4,1547.7
2020-11-01,2020,Granada,Levante,1,1,D,U,2.25,3.25,3.37,2,4,2,8,4,3.0,1.0,0.0,2.0,5.0,3.0,2.0,1.0,4.0,-3.0,4.0,-1.0,5.0,1.0,1.0,0.0,0.0,1.0,-1.0,100.0,0.0,25.0,75.0,8.0,7.0,10.0,14.0,1524.0,1482.6
2020-11-01,2020,Celta,Sociedad,1,4,A,O,3.03,3.23,2.45,2,7,2,3,4,1.0,2.0,2.0,0.0,2.0,7.0,-5.0,6.0,1.0,5.0,-4.0,6.0,-10.0,0.0,2.0,-2.0,2.0,0.0,2.0,33.3,66.7,66.7,0.0,14.0,14.0,17.0,16.0,1461.9,1565.2
2020-11-01,2020,Betis,Elche,3,1,H,O,1.47,4.32,7.24,10,2,1,1,4,1.0,,2.0,,4.0,,,6.0,,,-2.0,,,1.0,,,1.0,,,33.3,66.7,100.0,0.0,12.0,,19.0,,1477.3,1518.8
2020-10-31,2020,Real Madrid,Huesca,4,1,H,O,1.38,5.09,8.01,6,2,6,3,3,,0.0,,1.0,,2.0,,,5.0,,,-3.0,,,0.0,,,1.0,,50.0,50.0,0.0,25.0,,12.0,,14.0,1724.9,1457.2
2020-10-31,2020,Osasuna,Ath Madrid,1,3,A,O,5.14,3.37,1.8,3,6,3,2,4,2.0,,1.0,,4.0,,,3.0,,,1.0,,,1.0,,,1.0,,,66.7,33.3,50.0,0.0,11.0,,11.0,,1504.1,1685.7
2020-10-31,2020,Ath Bilbao,Sevilla,2,1,H,O,3.05,2.95,2.64,5,3,6,1,3,,1.0,,1.0,,4.0,,,3.0,,,1.0,,,1.0,,,0.0,,50.0,50.0,33.3,33.3,,9.0,,11.0,1499.4,1615.6
2020-10-31,2020,Alaves,Barcelona,1,1,D,U,6.73,4.71,1.46,3,9,2,14,5,1.0,,1.0,,1.0,,,2.0,,,-1.0,,,0.0,,,1.0,,,25.0,50.0,50.0,50.0,5.0,,3.0,,1451.9,1725.4
2020-10-30,2020,Eibar,Cadiz,0,2,A,U,2.6,2.8,3.32,3,4,7,2,5,0.0,3.0,2.0,0.0,1.0,4.0,-3.0,3.0,0.0,3.0,-2.0,4.0,-6.0,0.0,1.0,-1.0,0.0,0.0,0.0,0.0,50.0,100.0,0.0,11.0,10.0,14.0,14.0,1486.9,1520.9
2020-10-26,2020,Levante,Celta,1,1,D,U,2.45,3.31,2.94,3,3,3,2,2,,0.0,,1.0,,1.0,,,3.0,,,-2.0,,,0.0,,,1.0,,0.0,100.0,0.0,33.3,,7.0,,9.0,1483.2,1461.3
2020-10-25,2020,Valladolid,Alaves,0,2,A,U,2.35,2.89,3.6,1,4,2,4,4,0.0,,1.0,,3.0,,,4.0,,,-1.0,,,0.0,,,0.0,,,0.0,33.3,0.0,100.0,10.0,,12.0,,1457.8,1441.4
2020-10-25,2020,Sociedad,Huesca,4,1,H,O,1.63,3.76,5.96,6,4,4,5,4,1.0,0.0,1.0,0.0,3.0,2.0,1.0,1.0,2.0,-1.0,2.0,0.0,2.0,1.0,0.0,1.0,0.0,0.0,0.0,33.3,33.3,0.0,0.0,10.0,11.0,15.0,15.0,1557.8,1464.6
2020-10-25,2020,Getafe,Granada,0,1,A,U,1.92,3.04,4.95,1,2,6,1,4,3.0,,0.0,,5.0,,,0.0,,,5.0,,,1.0,,,0.0,,,100.0,0.0,0.0,50.0,9.0,,12.0,,1559.0,1512.7
2020-10-25,2020,Cadiz,Villarreal,0,0,D,U,3.6,3.24,2.16,0,2,0,5,4,0.0,,2.0,,2.0,,,6.0,,,-4.0,,,0.0,,,2.0,,,0.0,66.7,0.0,50.0,12.0,,14.0,,1519.1,1583.7
2020-10-24,2020,Sevilla,Eibar,0,1,A,U,1.48,4.26,7.31,3,1,13,3,2,,,,,,,,,,,,,,,,,,,,100.0,0.0,50.0,50.0,,,,,1629.9,1472.7
2020-10-24,2020,Osasuna,Ath Bilbao,1,0,H,U,3.28,2.95,2.47,2,5,2,5,3,,1.0,,2.0,,2.0,,,4.0,,,-2.0,,,0.0,,,1.0,,50.0,50.0,33.3,66.7,,7.0,,12.0,1493.7,1509.9
2020-10-24,2020,Barcelona,Real Madrid,1,3,A,O,2.03,3.66,3.55,4,9,7,7,3,,2.0,,0.0,,5.0,,,2.0,,,3.0,,,1.0,,,0.0,,50.0,0.0,66.7,0.0,,11.0,,20.0,1736.0,1714.2
2020-10-24,2020,Ath Madrid,Betis,2,0,H,U,1.58,3.98,6.18,6,3,8,5,3,,2.0,,1.0,,3.0,,,3.0,,,0.0,,,1.0,,,1.0,,50.0,0.0,66.7,33.3,,14.0,,15.0,1680.9,1482.1
2020-10-23,2020,Elche,Valencia,2,1,H,O,3.17,3.18,2.4,2,4,0,7,3,,1.0,,2.0,,3.0,,,4.0,,,-1.0,,,0.0,,,0.0,,0.0,50.0,33.3,66.7,,11.0,,16.0,1508.1,1533.1
2020-10-18,2020,Villarreal,Valencia,2,1,H,O,1.65,4.03,5.04,6,3,3,7,4,2.0,,0.0,,6.0,,,3.0,,,3.0,,,1.0,,,0.0,,,66.7,0.0,50.0,50.0,18.0,,12.0,,1574.6,1542.2
2020-10-18,2020,Huesca,Valladolid,2,2,D,O,2.25,2.99,3.69,7,3,3,1,3,,,,,,,,,,,,,,,,,,,,0.0,50.0,0.0,100.0,,,,,1464.8,1457.6
2020-10-18,2020,Eibar,Osasuna,0,0,D,U,2.62,3.03,2.98,6,2,6,7,4,0.0,,2.0,,1.0,,,3.0,,,-2.0,,,0.0,,,0.0,,,0.0,66.7,50.0,50.0,6.0,,11.0,,1472.1,1494.3
2020-10-18,2020,Betis,Sociedad,0,3,A,O,2.47,3.44,2.83,1,5,6,2,3,,,,,,,,,,,,,,,,,,,,50.0,50.0,50.0,0.0,,,,,1490.4,1549.5
2020-10-18,2020,Ath Bilbao,Levante,2,0,H,U,2.07,3.29,3.82,5,1,9,3,2,,1.0,,2.0,,5.0,,,6.0,,,-1.0,,,1.0,,,1.0,,0.0,100.0,33.3,66.7,,14.0,,15.0,1500.1,1493.0
2020-10-18,2020,Alaves,Elche,0,2,A,U,1.77,3.36,5.29,2,3,2,6,4,1.0,,1.0,,1.0,,,1.0,,,0.0,,,0.0,,,0.0,,,33.3,33.3,100.0,0.0,5.0,,7.0,,1450.0,1499.5
2020-10-17,2020,Real Madrid,Cadiz,0,1,A,U,1.22,6.64,13.22,2,5,4,11,2,,,,,,,,,,,,,,,,,,,,100.0,0.0,100.0,0.0,,,,,1730.0,1503.4
2020-10-17,2020,Granada,Sevilla,1,0,H,U,4.23,3.4,1.94,3,3,5,1,3,,,,,,,,,,,,,,,,,,,,100.0,0.0,50.0,0.0,,,,,1498.7,1643.8
2020-10-17,2020,Getafe,Barcelona,1,0,H,U,4.88,3.7,1.75,4,1,7,2,3,,,,,,,,,,,,,,,,,,,,100.0,0.0,100.0,0.0,,,,,1543.6,1751.4
2020-10-17,2020,Celta,Ath Madrid,0,2,A,U,5.34,3.35,1.78,5,4,8,4,3,,,,,,,,,,,,,,,,,,,,50.0,50.0,0.0,0.0,,,,,1465.9,1676.3
2020-10-04,2020,Osasuna,Celta,2,0,H,U,2.66,3.08,2.88,5,3,6,5,2,,,,,,,,,,,,,,,,,,,,0.0,100.0,0.0,0.0,,,,,1484.6,1475.6
2020-10-04,2020,Levante,Real Madrid,0,2,A,U,6.0,4.57,1.51,4,3,4,6,1,,,,,,,,,,,,,,,,,,,,,,50.0,0.0,,,,,1497.2,1725.7
2020-10-04,2020,Cadiz,Granada,1,1,D,U,3.0,2.96,2.64,4,5,2,5,3,,,,,,,,,,,,,,,,,,,,0.0,100.0,0.0,100.0,,,,,1503.5,1498.6
2020-10-04,2020,Barcelona,Sevilla,1,1,D,U,1.62,4.22,5.18,5,1,6,5,2,,,,,,,,,,,,,,,,,,,,100.0,0.0,100.0,0.0,,,,,1754.5,1640.7
2020-10-04,2020,Alaves,Ath Bilbao,1,0,H,U,3.35,2.95,2.43,3,0,0,6,3,,,,,,,,,,,,,,,,,,,,0.0,50.0,50.0,50.0,,,,,1437.9,1512.2
2020-10-03,2020,Valladolid,Eibar,1,2,A,O,2.37,3.07,3.33,3,5,3,4,3,,,,,,,,,,,,,,,,,,,,0.0,0.0,0.0,100.0,,,,,1467.8,1461.9
2020-10-03,2020,Valencia,Betis,0,2,A,U,2.75,3.26,2.64,2,8,4,7,3,,,,,,,,,,,,,,,,,,,,50.0,0.0,50.0,50.0,,,,,1554.3,1478.3
2020-10-03,2020,Sociedad,Getafe,3,0,H,O,2.31,3.06,3.44,6,1,5,4,3,,,,,,,,,,,,,,,,,,,,0.0,50.0,0.0,0.0,,,,,1539.0,1554.1
2020-10-03,2020,Elche,Huesca,0,0,D,U,3.11,3.13,2.44,0,4,0,5,2,,,,,,,,,,,,,,,,,,,,0.0,100.0,0.0,0.0,,,,,1500.6,1463.7
2020-10-03,2020,Ath Madrid,Villarreal,0,0,D,U,1.68,3.75,5.39,1,2,9,1,2,,,,,,,,,,,,,,,,,,,,100.0,0.0,0.0,100.0,,,,,1679.3,1571.6
2020-10-01,2020,Sevilla,Levante,1,0,H,U,1.44,4.59,7.25,2,1,2,4,1,,,,,,,,,,,,,,,,,,,,,,50.0,50.0,,,,,1634.3,1503.6
2020-10-01,2020,Celta,Barcelona,0,3,A,O,5.76,4.4,1.55,3,3,3,7,2,,,,,,,,,,,,,,,,,,,,100.0,0.0,,,,,,,1479.1,1751.1
2020-10-01,2020,Ath Bilbao,Cadiz,0,1,A,U,1.57,3.73,6.82,4,1,5,2,1,,,,,,,,,,,,,,,,,,,,,,100.0,0.0,,,,,1523.1,1492.6
2020-09-30,2020,Villarreal,Alaves,3,1,H,O,1.61,3.9,5.84,6,3,2,0,3,,,,,,,,,,,,,,,,,,,,50.0,0.0,0.0,100.0,,,,,1564.9,1444.5
2020-09-30,2020,Real Madrid,Valladolid,1,0,H,U,1.26,6.04,11.55,5,5,4,7,1,,,,,,,,,,,,,,,,,,,,,,0.0,100.0,,,,,1721.9,1471.6
2020-09-30,2020,Huesca,Ath Madrid,0,0,D,U,8.01,4.05,1.48,3,2,5,7,2,,,,,,,,,,,,,,,,,,,,0.0,100.0,,,,,,,1458.0,1685.0
2020-09-30,2020,Eibar,Elche,0,1,A,U,1.83,3.5,4.63,4,2,3,2,3,,,,,,,,,,,,,,,,,,,,0.0,50.0,,,,,,,1471.3,1491.2
2020-09-29,2020,Sociedad,Valencia,0,1,A,U,1.56,4.29,5.86,3,5,9,3,2,,,,,,,,,,,,,,,,,,,,0.0,0.0,0.0,100.0,,,,,1549.2,1544.2
2020-09-29,2020,Getafe,Betis,3,0,H,O,2.51,3.07,3.11,4,2,1,4,2,,,,,,,,,,,,,,,,,,,,100.0,0.0,100.0,0.0,,,,,1545.7,1486.6
2020-09-27,2020,Valladolid,Celta,1,1,D,U,2.9,2.89,2.77,4,1,4,1,2,,,,,,,,,,,,,,,,,,,,0.0,0.0,0.0,0.0,,,,,1471.4,1479.3
2020-09-27,2020,Osasuna,Levante,1,3,A,O,2.29,3.34,3.19,4,5,3,7,1,,,,,,,,,,,,,,,,,,,,,,0.0,100.0,,,,,1494.6,1493.6
2020-09-27,2020,Eibar,Ath Bilbao,1,2,A,O,3.04,2.94,2.63,1,5,5,4,2,,,,,,,,,,,,,,,,,,,,0.0,0.0,0.0,100.0,,,,,1480.4,1514.1
2020-09-27,2020,Cadiz,Sevilla,1,3,A,O,5.24,3.36,1.78,5,5,6,5,2,,,,,,,,,,,,,,,,,,,,0.0,100.0,,,,,,,1499.1,1627.8
2020-09-27,2020,Barcelona,Villarreal,4,0,H,O,1.54,4.49,5.73,9,1,8,4,1,,,,,,,,,,,,,,,,,,,,,,,,,,,,1745.7,1570.3
2020-09-27,2020,Ath Madrid,Granada,6,1,H,O,1.5,4.0,7.49,10,6,1,1,1,,,,,,,,,,,,,,,,,,,,,,,,,,,,1679.7,1503.9
2020-09-26,2020,Valencia,Huesca,1,1,D,U,2.05,3.36,3.79,2,4,4,4,2,,,,,,,,,,,,,,,,,,,,100.0,0.0,0.0,0.0,,,,,1546.8,1455.4
2020-09-26,2020,Elche,Sociedad,0,3,A,O,4.2,3.31,1.96,2,7,2,11,1,,,,,,,,,,,,,,,,,,,,,,0.0,0.0,,,,,1500.0,1540.3
2020-09-26,2020,Betis,Real Madrid,2,3,A,O,4.16,3.8,1.84,5,4,8,3,2,,,,,,,,,,,,,,,,,,,,100.0,0.0,0.0,0.0,,,,,1490.9,1717.6
2020-09-26,2020,Alaves,Getafe,0,0,D,U,3.49,2.82,2.45,0,4,1,5,2,,,,,,,,,,,,,,,,,,,,0.0,100.0,,,,,,,1441.5,1548.7
2020-09-20,2020,Sociedad,Real Madrid,0,0,D,U,4.65,3.8,1.76,1,4,1,11,1,,,,,,,,,,,,,,,,,,,,,,,,,,,,1535.4,1722.6
2020-09-20,2020,Huesca,Cadiz,0,2,A,U,2.17,3.01,3.92,0,4,2,1,1,,,,,,,,,,,,,,,,,,,,,,,,,,,,1464.7,1489.8
2020-09-20,2020,Granada,Alaves,2,1,H,O,2.08,3.07,4.17,3,3,4,4,2,,,,,,,,,,,,,,,,,,,,100.0,0.0,,,,,,,1495.2,1450.2
2020-09-20,2020,Betis,Valladolid,2,0,H,U,1.87,3.52,4.38,6,2,5,3,1,,,,,,,,,,,,,,,,,,,,,,,,,,,,1480.8,1481.4
2020-09-19,2020,Villarreal,Eibar,2,1,H,O,1.6,4.05,5.72,8,4,4,3,2,,,,,,,,,,,,,,,,,,,,0.0,0.0,,,,,,,1562.4,1488.3
2020-09-19,2020,Getafe,Osasuna,1,0,H,U,1.99,3.18,4.36,1,3,4,1,1,,,,,,,,,,,,,,,,,,,,,,100.0,0.0,,,,,1539.8,1503.6
2020-09-19,2020,Celta,Valencia,2,1,H,O,2.24,3.5,3.17,6,3,6,6,1,,,,,,,,,,,,,,,,,,,,,,,,,,,,1466.7,1559.4
2020-09-13,2020,Villarreal,Huesca,1,1,D,U,1.57,4.1,5.92,4,3,6,6,1,,,,,,,,,,,,,,,,,,,,,,,,,,,,1565.3,1461.8
2020-09-13,2020,Valladolid,Sociedad,1,1,D,U,2.88,3.2,2.55,3,2,5,3,1,,,,,,,,,,,,,,,,,,,,,,,,,,,,1479.8,1537.0
2020-09-13,2020,Valencia,Levante,4,2,H,O,2.1,3.46,3.53,8,8,3,4,1,,,,,,,,,,,,,,,,,,,,,,,,,,,,1550.7,1502.2
2020-09-13,2020,Alaves,Betis,0,1,A,U,2.83,3.21,2.59,2,4,6,4,1,,,,,,,,,,,,,,,,,,,,,,,,,,,,1459.9,1471.2
2020-09-12,2020,Granada,Ath Bilbao,2,0,H,U,2.82,3.0,2.75,2,2,1,2,1,,,,,,,,,,,,,,,,,,,,,,,,,,,,1484.0,1525.2
2020-09-12,2020,Eibar,Celta,0,0,D,U,2.53,3.16,2.97,1,3,3,3,1,,,,,,,,,,,,,,,,,,,,,,,,,,,,1488.9,1466.1
2020-09-12,2020,Cadiz,Osasuna,0,2,A,U,2.8,2.95,2.82,3,4,6,2,1,,,,,,,,,,,,,,,,,,,,,,,,,,,,1500.0,1493.4
2020-07-19,2019,Villarreal,Eibar,4,0,H,O,1.51,4.4,6.0,5,3,4,4,19,1.0,2.0,2.0,1.0,4.0,4.0,0.0,6.0,2.0,4.0,-2.0,2.0,-4.0,1.0,1.0,0.0,1.0,0.0,1.0,44.4,27.8,16.7,50.0,11.0,15.0,5.0,15.0,1557.0,1497.2
2020-07-19,2019,Valladolid,Betis,2,0,H,U,2.62,3.27,2.73,4,3,3,5,19,1.0,0.0,1.0,2.0,1.0,3.0,-2.0,1.0,6.0,-5.0,0.0,-3.0,3.0,0.0,0.0,0.0,0.0,1.0,-1.0,22.2,22.2,5.6,55.6,11.0,14.0,13.0,17.0,1469.4,1481.5
2020-07-19,2019,Sevilla,Valencia,1,0,H,U,1.93,3.63,3.88,4,2,4,7,19,2.0,0.0,0.0,2.0,4.0,2.0,2.0,1.0,5.0,-4.0,3.0,-3.0,6.0,1.0,0.0,1.0,0.0,1.0,-1.0,50.0,11.1,16.7,61.1,11.0,8.0,21.0,15.0,1619.5,1559.0
2020-07-19,2019,Osasuna,Mallorca,2,2,D,O,1.81,3.72,4.33,5,4,3,5,19,2.0,0.0,0.0,3.0,4.0,1.0,3.0,2.0,8.0,-6.0,2.0,-7.0,9.0,0.0,0.0,0.0,0.0,3.0,-3.0,38.9,27.8,5.6,83.3,12.0,8.0,7.0,18.0,1495.1,1435.8
2020-07-19,2019,Levante,Getafe,1,0,H,U,4.86,3.55,1.77,4,4,6,8,19,1.0,0.0,1.0,1.0,6.0,0.0,6.0,5.0,1.0,4.0,1.0,-1.0,2.0,1.0,0.0,1.0,0.0,0.0,0.0,44.4,27.8,33.3,33.3,9.0,8.0,8.0,11.0,1490.5,1551.5
2020-07-19,2019,Leganes,Real Madrid,2,2,D,O,2.73,3.58,2.43,7,4,5,2,19,1.0,3.0,1.0,0.0,1.0,4.0,-3.0,3.0,1.0,2.0,-2.0,3.0,-5.0,0.0,0.0,0.0,1.0,0.0,1.0,27.8,50.0,61.1,16.7,7.0,15.0,10.0,10.0,1465.9,1728.9
2020-07-19,2019,Granada,Ath Bilbao,4,0,H,O,2.03,3.47,3.7,6,3,2,3,19,0.0,2.0,2.0,1.0,4.0,4.0,0.0,6.0,2.0,4.0,-2.0,2.0,-4.0,0.0,1.0,-1.0,0.0,0.0,0.0,50.0,33.3,22.2,33.3,13.0,9.0,19.0,13.0,1472.2,1537.1
2020-07-19,2019,Espanol,Celta,0,0,D,U,5.6,3.74,1.65,1,3,1,4,19,0.0,1.0,3.0,2.0,0.0,3.0,-3.0,4.0,7.0,-3.0,-4.0,-4.0,0.0,0.0,0.0,0.0,1.0,1.0,0.0,11.1,61.1,11.1,50.0,10.0,12.0,7.0,18.0,1416.9,1467.5
2020-07-19,2019,Ath Madrid,Sociedad,1,1,D,U,1.99,3.27,4.1,3,4,2,3,19,3.0,1.0,0.0,1.0,6.0,4.0,2.0,1.0,4.0,-3.0,5.0,0.0,5.0,1.0,0.0,1.0,0.0,0.0,0.0,66.7,5.6,38.9,44.4,11.0,10.0,9.0,16.0,1683.8,1532.9
2020-07-19,2019,Alaves,Barcelona,0,5,A,O,5.44,4.3,1.57,0,8,2,1,19,0.0,2.0,2.0,0.0,0.0,7.0,-7.0,3.0,3.0,0.0,-3.0,4.0,-7.0,0.0,1.0,-1.0,1.0,0.0,1.0,38.9,27.8,44.4,27.8,5.0,20.0,15.0,19.0,1463.3,1742.4
2020-07-16,2019,Valencia,Espanol,1,0,H,U,1.54,4.21,6.22,3,6,4,4,19,2.0,0.0,1.0,3.0,4.0,1.0,3.0,3.0,4.0,-1.0,1.0,-3.0,4.0,1.0,0.0,1.0,1.0,0.0,1.0,55.6,5.6,16.7,61.1,8.0,7.0,9.0,13.0,1552.6,1423.4
2020-07-16,2019,Sociedad,Sevilla,0,0,D,U,2.41,3.42,2.91,4,3,3,2,19,1.0,2.0,2.0,0.0,4.0,7.0,-3.0,5.0,3.0,2.0,-1.0,4.0,-5.0,0.0,1.0,-1.0,0.0,0.0,0.0,50.0,33.3,50.0,22.2,15.0,19.0,19.0,17.0,1530.4,1622.1
2020-07-16,2019,Real Madrid,Villarreal,2,1,H,O,1.45,4.79,6.61,7,4,4,2,19,3.0,3.0,0.0,0.0,5.0,6.0,-1.0,0.0,1.0,-1.0,5.0,5.0,0.0,2.0,2.0,0.0,0.0,0.0,0.0,77.8,0.0,50.0,44.4,18.0,10.0,14.0,8.0,1723.3,1562.6
2020-07-16,2019,Mallorca,Granada,1,2,A,O,2.06,3.47,3.63,5,6,5,6,19,2.0,2.0,0.0,0.0,8.0,5.0,3.0,2.0,2.0,0.0,6.0,3.0,3.0,2.0,1.0,1.0,0.0,0.0,0.0,44.4,38.9,27.8,44.4,15.0,8.0,6.0,7.0,1445.3,1462.7
2020-07-16,2019,Getafe,Ath Madrid,0,2,A,U,3.56,2.95,2.33,6,3,4,3,19,1.0,1.0,1.0,0.0,4.0,4.0,0.0,5.0,3.0,2.0,-1.0,1.0,-2.0,0.0,0.0,0.0,1.0,0.0,1.0,44.4,22.2,27.8,16.7,8.0,12.0,8.0,7.0,1558.2,1677.1
2020-07-16,2019,Eibar,Valladolid,3,1,H,O,2.19,3.12,3.67,7,8,3,12,19,1.0,0.0,1.0,2.0,1.0,2.0,-1.0,2.0,4.0,-2.0,-1.0,-2.0,1.0,0.0,0.0,0.0,1.0,0.0,1.0,38.9,44.4,22.2,50.0,10.0,12.0,27.0,4.0,1487.5,1479.2
2020-07-16,2019,Celta,Levante,2,3,A,O,1.61,4.23,5.16,6,4,8,4,19,0.0,1.0,0.0,1.0,4.0,3.0,1.0,4.0,3.0,1.0,0.0,0.0,0.0,0.0,1.0,-1.0,0.0,1.0,-1.0,27.8,27.8,22.2,66.7,11.0,13.0,11.0,13.0,1477.4,1480.6
2020-07-16,2019,Betis,Alaves,1,2,A,O,2.35,3.25,3.16,7,5,6,5,19,2.0,0.0,1.0,3.0,4.0,1.0,3.0,2.0,5.0,-3.0,2.0,-4.0,6.0,1.0,0.0,1.0,1.0,1.0,0.0,50.0,27.8,11.1,72.2,15.0,6.0,12.0,6.0,1492.7,1452.1
2020-07-16,2019,Barcelona,Osasuna,1,2,A,O,1.15,8.0,17.44,3,5,10,2,19,2.0,2.0,0.0,1.0,4.0,3.0,1.0,2.0,3.0,-1.0,2.0,0.0,2.0,0.0,1.0,-1.0,0.0,1.0,-1.0,88.9,0.0,27.8,38.9,11.0,9.0,15.0,15.0,1759.1,1478.4
2020-07-16,2019,Ath Bilbao,Leganes,0,2,A,U,1.81,3.41,4.91,3,4,3,3,19,1.0,1.0,2.0,1.0,4.0,2.0,2.0,4.0,2.0,2.0,0.0,0.0,0.0,1.0,0.0,1.0,0.0,0.0,0.0,50.0,27.8,11.1,50.0,11.0,10.0,8.0,8.0,1549.8,1453.2
2020-07-13,2019,Villarreal,Sociedad,1,2,A,O,2.28,3.5,3.07,3,6,2,10,18,1.0,0.0,1.0,2.0,5.0,2.0,3.0,6.0,5.0,1.0,-1.0,-3.0,2.0,1.0,0.0,1.0,1.0,1.0,0.0,47.1,23.5,35.3,47.1,13.0,5.0,6.0,12.0,1574.2,1518.8
2020-07-13,2019,Granada,Real Madrid,1,2,A,O,7.12,4.51,1.45,4,5,4,3,18,0.0,3.0,2.0,0.0,3.0,4.0,-1.0,5.0,1.0,4.0,-2.0,3.0,-5.0,0.0,0.0,0.0,0.0,0.0,0.0,52.9,29.4,58.8,17.6,13.0,16.0,20.0,8.0,1466.5,1719.5
2020-07-13,2019,Alaves,Getafe,0,0,D,U,3.66,2.91,2.32,1,4,2,4,18,1.0,0.0,2.0,1.0,2.0,1.0,1.0,3.0,2.0,1.0,-1.0,-1.0,0.0,1.0,0.0,1.0,1.0,0.0,1.0,41.2,29.4,35.3,35.3,11.0,5.0,18.0,15.0,1449.0,1561.3
2020-07-12,2019,Sevilla,Mallorca,2,0,H,U,1.4,4.81,7.83,5,5,5,5,18,1.0,0.0,0.0,3.0,2.0,1.0,1.0,1.0,8.0,-7.0,1.0,-7.0,8.0,0.0,0.0,0.0,0.0,3.0,-3.0,47.1,11.8,5.9,82.4,10.0,7.0,18.0,17.0,1616.5,1450.9
2020-07-12,2019,Levante,Ath Bilbao,1,2,A,O,3.55,3.28,2.16,1,5,2,6,18,1.0,1.0,1.0,1.0,5.0,4.0,1.0,4.0,3.0,1.0,1.0,1.0,0.0,1.0,1.0,0.0,0.0,0.0,0.0,47.1,23.5,17.6,35.3,8.0,7.0,16.0,10.0,1489.1,1541.3
2020-07-12,2019,Leganes,Valencia,1,0,H,U,3.37,3.13,2.3,1,5,2,8,18,0.0,0.0,2.0,2.0,1.0,2.0,-1.0,5.0,5.0,0.0,-4.0,-3.0,-1.0,0.0,0.0,0.0,1.0,1.0,0.0,23.5,52.9,17.6,58.8,8.0,3.0,10.0,15.0,1439.8,1566.1
2020-07-12,2019,Espanol,Eibar,0,2,A,U,3.39,3.24,2.25,3,6,7,2,18,0.0,1.0,3.0,1.0,1.0,3.0,-2.0,5.0,3.0,2.0,-4.0,0.0,-4.0,0.0,0.0,0.0,1.0,0.0,1.0,11.8,58.8,11.8,52.9,10.0,11.0,8.0,14.0,1432.0,1478.8
2020-07-11,2019,Valladolid,Barcelona,0,1,A,U,9.63,4.99,1.34,4,6,4,5,18,1.0,1.0,0.0,0.0,2.0,6.0,-4.0,1.0,3.0,-2.0,1.0,3.0,-2.0,0.0,1.0,-1.0,0.0,0.0,0.0,23.5,17.6,41.2,29.4,9.0,18.0,16.0,23.0,1482.6,1755.6
2020-07-11,2019,Osasuna,Celta,2,1,H,O,3.1,3.11,2.46,5,3,3,4,18,1.0,1.0,1.0,1.0,2.0,2.0,0.0,6.0,5.0,1.0,-4.0,-3.0,-1.0,0.0,0.0,0.0,1.0,1.0,0.0,35.3,29.4,11.8,47.1,10.0,13.0,7.0,22.0,1467.8,1488.0
2020-07-11,2019,Ath Madrid,Betis,1,0,H,U,1.49,4.18,7.41,4,3,2,4,18,3.0,0.0,0.0,2.0,6.0,3.0,3.0,1.0,6.0,-5.0,5.0,-3.0,8.0,1.0,0.0,1.0,0.0,1.0,-1.0,64.7,5.9,5.9,52.9,11.0,16.0,17.0,18.0,1671.7,1498.1
2020-07-10,2019,Sociedad,Granada,2,3,A,O,1.74,3.7,4.88,5,3,8,3,18,1.0,1.0,2.0,0.0,3.0,4.0,-1.0,4.0,2.0,2.0,-1.0,2.0,-3.0,0.0,1.0,-1.0,0.0,0.0,0.0,52.9,29.4,23.5,47.1,12.0,10.0,15.0,6.0,1531.0,1454.3
2020-07-10,2019,Real Madrid,Alaves,2,0,H,U,1.22,6.33,13.66,8,4,3,2,18,3.0,0.0,0.0,3.0,6.0,1.0,5.0,0.0,9.0,-9.0,6.0,-8.0,14.0,2.0,0.0,2.0,0.0,1.0,-1.0,76.5,0.0,11.8,70.6,24.0,4.0,19.0,8.0,1715.9,1452.6
2020-07-09,2019,Mallorca,Levante,2,0,H,U,2.09,3.66,3.37,5,2,1,5,18,1.0,1.0,1.0,0.0,6.0,4.0,2.0,6.0,2.0,4.0,0.0,2.0,-2.0,1.0,1.0,0.0,1.0,0.0,1.0,41.2,41.2,23.5,64.7,13.0,15.0,14.0,14.0,1439.1,1500.8
2020-07-09,2019,Eibar,Leganes,0,0,D,U,2.5,3.05,3.1,1,1,8,1,18,1.0,1.0,1.0,1.0,3.0,3.0,0.0,4.0,3.0,1.0,-1.0,0.0,-1.0,0.0,0.0,0.0,1.0,0.0,1.0,41.2,47.1,11.8,52.9,15.0,13.0,27.0,14.0,1480.0,1438.6
2020-07-09,2019,Ath Bilbao,Sevilla,1,2,A,O,3.05,3.02,2.55,4,7,4,7,18,2.0,1.0,1.0,0.0,4.0,6.0,-2.0,2.0,3.0,-1.0,2.0,3.0,-1.0,1.0,1.0,0.0,0.0,0.0,0.0,52.9,23.5,47.1,23.5,10.0,16.0,15.0,16.0,1549.6,1608.2
2020-07-08,2019,Getafe,Villarreal,1,3,A,O,2.61,3.08,2.91,2,3,1,3,18,1.0,3.0,0.0,0.0,3.0,4.0,-1.0,2.0,0.0,2.0,1.0,4.0,-3.0,0.0,1.0,-1.0,0.0,0.0,0.0,47.1,17.6,47.1,47.1,10.0,11.0,12.0,13.0,1571.6,1564.0
2020-07-08,2019,Betis,Osasuna,3,0,H,O,2.1,3.43,3.53,8,2,5,8,18,1.0,2.0,1.0,1.0,3.0,3.0,0.0,4.0,2.0,2.0,-1.0,1.0,-2.0,0.0,1.0,-1.0,1.0,1.0,0.0,47.1,29.4,29.4,35.3,13.0,10.0,18.0,14.0,1488.4,1477.5
2020-07-08,2019,Barcelona,Espanol,1,0,H,U,1.14,8.41,20.7,2,2,6,5,18,2.0,0.0,0.0,2.0,5.0,1.0,4.0,2.0,3.0,-1.0,3.0,-2.0,5.0,1.0,0.0,1.0,0.0,0.0,0.0,88.2,0.0,17.6,58.8,14.0,8.0,12.0,13.0,1752.9,1434.8
2020-07-07,2019,Valencia,Valladolid,2,1,H,O,2.03,3.18,4.18,4,5,5,2,18,1.0,1.0,1.0,1.0,3.0,3.0,0.0,3.0,3.0,0.0,0.0,0.0,0.0,1.0,0.0,1.0,1.0,0.0,1.0,52.9,5.9,23.5,47.1,7.0,9.0,4.0,3.0,1558.0,1490.7
2020-07-07,2019,Celta,Ath Madrid,1,1,D,U,4.41,3.16,1.99,4,2,6,2,18,1.0,2.0,0.0,0.0,9.0,8.0,1.0,3.0,2.0,1.0,6.0,6.0,0.0,1.0,1.0,0.0,0.0,0.0,0.0,29.4,29.4,29.4,17.6,17.0,16.0,12.0,7.0,1482.9,1676.7
2020-07-06,2019,Sevilla,Eibar,1,0,H,U,1.46,4.36,7.41,3,3,11,8,17,1.0,1.0,0.0,1.0,3.0,4.0,-1.0,1.0,5.0,-4.0,2.0,-1.0,3.0,1.0,0.0,1.0,0.0,1.0,-1.0,43.8,12.5,12.5,50.0,12.0,13.0,18.0,9.0,1601.4,1486.8
2020-07-06,2019,Levante,Sociedad,1,1,D,U,2.94,3.42,2.4,4,3,4,2,17,1.0,1.0,1.0,2.0,5.0,3.0,2.0,4.0,5.0,-1.0,1.0,-2.0,3.0,1.0,0.0,1.0,0.0,1.0,-1.0,50.0,25.0,37.5,50.0,9.0,4.0,17.0,11.0,1499.9,1531.9
2020-07-05,2019,Villarreal,Barcelona,1,4,A,O,4.31,3.98,1.77,4,12,2,6,17,2.0,1.0,0.0,0.0,5.0,6.0,-1.0,2.0,2.0,0.0,3.0,4.0,-1.0,1.0,1.0,0.0,0.0,0.0,0.0,50.0,18.8,37.5,31.2,13.0,13.0,6.0,20.0,1569.3,1747.6
2020-07-05,2019,Osasuna,Getafe,0,0,D,U,3.06,2.98,2.58,2,1,2,2,17,2.0,0.0,1.0,2.0,3.0,2.0,1.0,6.0,4.0,2.0,-3.0,-2.0,-1.0,0.0,0.0,0.0,1.0,0.0,1.0,37.5,31.2,37.5,37.5,14.0,6.0,11.0,16.0,1474.7,1574.4
2020-07-05,2019,Espanol,Leganes,0,1,A,U,2.66,2.98,2.97,2,2,0,3,17,1.0,0.0,2.0,2.0,3.0,2.0,1.0,4.0,5.0,-1.0,-1.0,-3.0,2.0,1.0,0.0,1.0,1.0,1.0,0.0,12.5,56.2,6.2,56.2,17.0,13.0,10.0,13.0,1445.3,1428.1
2020-07-05,2019,Ath Bilbao,Real Madrid,0,1,A,U,5.12,3.74,1.71,1,4,3,2,17,2.0,2.0,0.0,1.0,5.0,4.0,1.0,2.0,3.0,-1.0,3.0,1.0,2.0,1.0,0.0,1.0,0.0,0.0,0.0,56.2,18.8,56.2,18.8,12.0,16.0,17.0,8.0,1555.4,1710.1
2020-07-04,2019,Valladolid,Alaves,1,0,H,U,2.6,2.78,3.28,3,0,1,3,17,0.0,0.0,0.0,3.0,1.0,1.0,0.0,1.0,10.0,-9.0,0.0,-9.0,9.0,0.0,0.0,0.0,0.0,2.0,-2.0,18.8,18.8,12.5,68.8,7.0,4.0,20.0,6.0,1481.3,1462.0
2020-07-04,2019,Granada,Valencia,2,2,D,O,2.89,3.22,2.55,4,3,7,3,17,1.0,0.0,2.0,3.0,3.0,0.0,3.0,4.0,6.0,-2.0,-1.0,-6.0,5.0,0.0,0.0,0.0,0.0,2.0,-2.0,56.2,31.2,18.8,62.5,13.0,2.0,15.0,14.0,1451.3,1561.0
2020-07-04,2019,Celta,Betis,1,1,D,U,2.18,3.4,3.38,1,3,2,8,17,1.0,0.0,1.0,3.0,8.0,2.0,6.0,3.0,7.0,-4.0,5.0,-5.0,10.0,1.0,0.0,1.0,0.0,2.0,-2.0,31.2,31.2,6.2,56.2,16.0,14.0,12.0,12.0,1482.8,1488.5
2020-07-03,2019,Ath Madrid,Mallorca,3,0,H,O,1.3,5.39,11.01,3,1,4,5,17,2.0,0.0,0.0,3.0,5.0,1.0,4.0,3.0,6.0,-3.0,2.0,-5.0,7.0,0.0,0.0,0.0,0.0,2.0,-2.0,62.5,6.2,6.2,81.2,11.0,11.0,21.0,18.0,1672.5,1443.4
2020-07-02,2019,Sociedad,Espanol,2,1,H,O,1.9,3.42,4.36,4,3,4,3,17,0.0,0.0,2.0,2.0,2.0,0.0,2.0,4.0,2.0,2.0,-2.0,-2.0,0.0,0.0,0.0,0.0,0.0,0.0,0.0,50.0,31.2,18.8,56.2,12.0,7.0,12.0,12.0,1523.9,1453.3
2020-07-02,2019,Real Madrid,Getafe,1,0,H,U,1.38,4.83,8.76,4,3,6,5,17,3.0,1.0,0.0,1.0,8.0,3.0,5.0,1.0,3.0,-2.0,7.0,0.0,7.0,3.0,0.0,3.0,0.0,0.0,0.0,75.0,0.0,40.0,33.3,25.0,8.0,16.0,14.0,1703.4,1581.0
2020-07-02,2019,Eibar,Osasuna,0,2,A,U,2.38,3.19,3.17,4,6,9,4,17,1.0,1.0,1.0,1.0,4.0,2.0,2.0,4.0,3.0,1.0,0.0,-1.0,1.0,0.0,0.0,0.0,0.0,1.0,-1.0,43.8,43.8,25.0,37.5,15.0,5.0,21.0,16.0,1497.8,1463.7
2020-07-01,2019,Valladolid,Levante,0,0,D,U,2.4,3.23,3.1,4,3,8,3,16,0.0,1.0,1.0,1.0,2.0,4.0,-2.0,5.0,5.0,0.0,-3.0,-1.0,-2.0,0.0,1.0,-1.0,1.0,1.0,0.0,20.0,20.0,25.0,68.8,5.0,16.0,20.0,17.0,1480.7,1500.5
2020-07-01,2019,Valencia,Ath Bilbao,0,2,A,U,2.51,3.05,3.1,1,4,3,5,17,2.0,1.0,0.0,1.0,5.0,6.0,-1.0,2.0,4.0,-2.0,3.0,2.0,1.0,1.0,1.0,0.0,0.0,0.0,0.0,56.2,0.0,12.5,37.5,11.0,8.0,7.0,6.0,1571.8,1544.6
2020-07-01,2019,Betis,Villarreal,0,2,A,U,2.81,3.49,2.46,1,6,1,5,17,2.0,2.0,0.0,1.0,5.0,2.0,3.0,3.0,1.0,2.0,2.0,1.0,1.0,0.0,0.0,0.0,0.0,0.0,0.0,50.0,25.0,43.8,50.0,15.0,8.0,23.0,14.0,1496.7,1561.1
2020-07-01,2019,Alaves,Granada,0,2,A,U,2.34,3.01,3.46,4,4,6,2,17,1.0,0.0,1.0,0.0,3.0,3.0,0.0,2.0,3.0,-1.0,1.0,0.0,1.0,1.0,0.0,1.0,0.0,0.0,0.0,43.8,25.0,18.8,50.0,9.0,13.0,15.0,8.0,1473.0,1440.3
2020-06-30,2019,Mallorca,Celta,5,1,H,O,3.22,3.13,2.41,7,8,2,11,17,0.0,1.0,2.0,0.0,1.0,1.0,0.0,6.0,0.0,6.0,-5.0,1.0,-6.0,0.0,0.0,0.0,1.0,0.0,1.0,37.5,43.8,12.5,43.8,7.0,7.0,16.0,12.0,1431.6,1494.6
2020-06-30,2019,Leganes,Sevilla,0,3,A,O,4.5,3.23,1.95,3,6,4,2,17,0.0,0.0,1.0,0.0,2.0,5.0,-3.0,3.0,5.0,-2.0,-1.0,0.0,-1.0,0.0,0.0,0.0,0.0,0.0,0.0,25.0,50.0,43.8,25.0,11.0,14.0,12.0,18.0,1433.7,1595.7
2020-06-30,2019,Barcelona,Ath Madrid,2,2,D,O,1.84,3.62,4.45,5,3,3,1,17,3.0,2.0,0.0,0.0,4.0,7.0,-3.0,0.0,1.0,-1.0,4.0,6.0,-2.0,1.0,1.0,0.0,0.0,0.0,0.0,93.8,0.0,31.2,18.8,15.0,15.0,13.0,13.0,1749.9,1670.3
2020-06-29,2019,Getafe,Sociedad,2,1,H,O,2.51,3.04,3.1,4,1,5,4,17,0.0,1.0,0.0,2.0,1.0,2.0,-1.0,1.0,4.0,-3.0,0.0,-2.0,2.0,0.0,0.0,0.0,0.0,1.0,-1.0,43.8,18.8,40.0,46.7,12.0,4.0,16.0,11.0,1572.1,1532.7
2020-06-28,2019,Villarreal,Valencia,2,0,H,U,2.2,3.54,3.21,4,0,1,4,16,1.0,0.0,1.0,2.0,4.0,1.0,3.0,4.0,5.0,-1.0,0.0,-4.0,4.0,0.0,0.0,0.0,0.0,1.0,-1.0,46.7,20.0,20.0,60.0,14.0,4.0,7.0,13.0,1550.2,1582.7
2020-06-28,2019,Levante,Betis,4,2,H,O,2.65,3.41,2.65,4,8,2,5,16,0.0,0.0,1.0,3.0,2.0,1.0,1.0,3.0,5.0,-2.0,-1.0,-4.0,3.0,0.0,0.0,0.0,0.0,1.0,-1.0,46.7,26.7,6.7,53.3,8.0,11.0,21.0,14.0,1490.0,1507.2
2020-06-28,2019,Granada,Eibar,1,2,A,O,2.43,2.97,3.31,5,6,8,5,16,1.0,0.0,1.0,2.0,2.0,2.0,0.0,2.0,9.0,-7.0,0.0,-7.0,7.0,0.0,0.0,0.0,0.0,2.0,-2.0,60.0,26.7,6.7,53.3,8.0,12.0,13.0,9.0,1449.2,1488.9
2020-06-28,2019,Espanol,Real Madrid,0,1,A,U,7.04,4.79,1.43,5,6,0,5,16,1.0,1.0,1.0,2.0,4.0,3.0,1.0,4.0,4.0,0.0,0.0,-1.0,1.0,1.0,0.0,1.0,1.0,0.0,1.0,13.3,53.3,53.3,20.0,15.0,17.0,13.0,10.0,1457.2,1699.5
2020-06-27,2019,Osasuna,Leganes,2,1,H,O,2.35,2.98,3.48,5,7,2,4,16,1.0,1.0,2.0,1.0,1.0,3.0,-2.0,8.0,4.0,4.0,-7.0,-1.0,-6.0,0.0,0.0,0.0,2.0,1.0,1.0,33.3,33.3,6.7,53.3,10.0,13.0,15.0,14.0,1454.0,1443.4
2020-06-27,2019,Celta,Barcelona,2,2,D,O,5.17,4.05,1.64,6,2,3,8,16,2.0,1.0,1.0,1.0,7.0,4.0,3.0,1.0,2.0,-1.0,6.0,2.0,4.0,1.0,1.0,0.0,0.0,1.0,-1.0,33.3,33.3,40.0,33.3,11.0,15.0,11.0,14.0,1488.1,1756.3
2020-06-27,2019,Ath Madrid,Alaves,2,1,H,O,1.33,4.76,11.77,4,2,3,1,16,2.0,0.0,0.0,2.0,6.0,1.0,5.0,3.0,9.0,-6.0,3.0,-8.0,11.0,1.0,0.0,1.0,0.0,2.0,-2.0,60.0,6.7,13.3,66.7,16.0,6.0,24.0,9.0,1665.2,1478.0
2020-06-27,2019,Ath Bilbao,Mallorca,3,1,H,O,1.48,4.11,7.84,6,2,1,8,16,2.0,1.0,0.0,2.0,3.0,2.0,1.0,1.0,4.0,-3.0,2.0,-2.0,4.0,0.0,0.0,0.0,0.0,1.0,-1.0,53.3,20.0,6.7,80.0,12.0,13.0,21.0,13.0,1537.4,1438.8
2020-06-26,2019,Sevilla,Valladolid,1,1,D,U,1.43,4.32,8.86,3,5,5,1,16,2.0,1.0,0.0,2.0,5.0,2.0,3.0,2.0,3.0,-1.0,3.0,-1.0,4.0,1.0,0.0,1.0,0.0,0.0,0.0,46.7,13.3,25.0,50.0,14.0,5.0,20.0,6.0,1599.1,1477.4
2020-06-25,2019,Eibar,Valencia,1,0,H,U,2.82,3.36,2.51,5,0,10,8,16,0.0,0.0,2.0,2.0,4.0,1.0,3.0,6.0,7.0,-1.0,-2.0,-6.0,4.0,0.0,0.0,0.0,0.0,2.0,-2.0,40.0,46.7,21.4,57.1,12.0,5.0,15.0,12.0,1475.6,1596.1
2020-06-25,2019,Betis,Espanol,1,0,H,U,2.2,3.36,3.34,6,2,6,5,16,1.0,0.0,0.0,2.0,7.0,1.0,6.0,6.0,3.0,3.0,1.0,-2.0,3.0,0.0,0.0,0.0,0.0,0.0,0.0,46.7,26.7,20.0,53.3,15.0,7.0,24.0,9.0,1498.1,1466.3
2020-06-24,2019,Sociedad,Celta,0,1,A,U,2.07,3.23,3.92,6,1,7,3,16,1.0,0.0,1.0,0.0,3.0,0.0,3.0,3.0,0.0,3.0,0.0,0.0,0.0,0.0,0.0,0.0,0.0,0.0,0.0,53.3,26.7,6.7,46.7,10.0,8.0,13.0,10.0,1544.7,1476.1
2020-06-24,2019,Real Madrid,Mallorca,2,0,H,U,1.15,8.33,17.41,6,4,5,4,16,3.0,1.0,0.0,1.0,8.0,5.0,3.0,1.0,5.0,-4.0,7.0,0.0,7.0,3.0,0.0,3.0,0.0,0.0,0.0,73.3,0.0,7.1,78.6,24.0,13.0,19.0,10.0,1695.7,1442.6
2020-06-24,2019,Alaves,Osasuna,0,1,A,U,2.63,3.07,2.91,0,1,7,3,16,2.0,0.0,0.0,2.0,5.0,3.0,2.0,2.0,6.0,-4.0,3.0,-3.0,6.0,1.0,0.0,1.0,0.0,1.0,-1.0,46.7,20.0,20.0,40.0,13.0,8.0,10.0,14.0,1489.4,1442.7
2020-06-23,2019,Valladolid,Getafe,1,1,D,U,3.39,2.81,2.53,2,1,7,8,15,1.0,1.0,1.0,2.0,3.0,3.0,0.0,5.0,4.0,1.0,-2.0,-1.0,-1.0,0.0,0.0,0.0,1.0,0.0,1.0,21.4,21.4,42.9,35.7,9.0,9.0,17.0,9.0,1474.5,1574.9
2020-06-23,2019,Levante,Ath Madrid,0,1,A,U,5.84,3.65,1.67,0,7,10,4,15,1.0,1.0,0.0,0.0,3.0,7.0,-4.0,2.0,2.0,0.0,1.0,5.0,-4.0,0.0,1.0,-1.0,0.0,0.0,0.0,50.0,21.4,26.7,20.0,10.0,10.0,14.0,13.0,1495.6,1659.6
2020-06-23,2019,Barcelona,Ath Bilbao,1,0,H,U,1.33,5.35,9.42,4,0,6,2,16,3.0,1.0,0.0,1.0,8.0,7.0,1.0,0.0,5.0,-5.0,8.0,2.0,6.0,2.0,1.0,1.0,0.0,0.0,0.0,93.3,0.0,13.3,33.3,22.0,13.0,12.0,13.0,1751.7,1542.0
2020-06-22,2019,Villarreal,Sevilla,2,2,D,O,2.61,3.42,2.67,5,6,3,8,15,2.0,1.0,1.0,0.0,4.0,6.0,-2.0,3.0,3.0,0.0,1.0,3.0,-2.0,0.0,1.0,-1.0,0.0,0.0,0.0,50.0,21.4,46.7,26.7,15.0,13.0,9.0,13.0,1548.7,1600.6
2020-06-22,2019,Leganes,Granada,0,0,D,U,2.43,2.96,3.34,3,1,4,2,16,0.0,1.0,1.0,0.0,2.0,6.0,-4.0,3.0,3.0,0.0,-1.0,3.0,-4.0,0.0,1.0,-1.0,0.0,0.0,0.0,26.7,53.3,20.0,53.3,9.0,16.0,12.0,9.0,1443.2,1449.4
2020-06-21,2019,Valencia,Osasuna,2,0,H,U,1.94,3.57,3.94,3,3,1,7,16,1.0,1.0,0.0,1.0,5.0,4.0,1.0,4.0,4.0,0.0,1.0,0.0,1.0,0.0,0.0,0.0,0.0,0.0,0.0,53.3,0.0,21.4,35.7,11.0,7.0,17.0,7.0,1589.9,1448.8
2020-06-21,2019,Sociedad,Real Madrid,1,2,A,O,4.16,4.14,1.77,2,6,4,1,15,2.0,1.0,0.0,2.0,5.0,5.0,0.0,1.0,4.0,-3.0,4.0,1.0,3.0,1.0,1.0,0.0,0.0,0.0,0.0,57.1,21.4,50.0,21.4,15.0,18.0,15.0,12.0,1550.9,1689.5
2020-06-21,2019,Celta,Alaves,6,0,H,O,1.94,3.25,4.48,10,2,7,4,15,2.0,0.0,1.0,2.0,3.0,1.0,2.0,2.0,4.0,-2.0,1.0,-3.0,4.0,0.0,0.0,0.0,0.0,1.0,-1.0,28.6,35.7,14.3,64.3,8.0,4.0,7.0,10.0,1465.1,1500.4
2020-06-20,2019,Getafe,Eibar,1,1,D,U,1.82,3.37,4.95,2,2,2,1,16,0.0,0.0,1.0,3.0,0.0,2.0,-2.0,3.0,10.0,-7.0,-3.0,-8.0,5.0,0.0,0.0,0.0,1.0,2.0,-1.0,46.7,20.0,7.1,57.1,12.0,11.0,19.0,13.0,1577.8,1472.6
2020-06-20,2019,Espanol,Levante,1,3,A,O,1.99,3.51,3.85,3,8,8,5,15,2.0,0.0,0.0,2.0,4.0,2.0,2.0,1.0,6.0,-5.0,3.0,-4.0,7.0,1.0,0.0,1.0,0.0,1.0,-1.0,14.3,50.0,20.0,73.3,19.0,10.0,6.0,22.0,1476.0,1485.9
2020-06-20,2019,Ath Madrid,Valladolid,1,0,H,U,1.38,4.48,9.86,4,2,10,1,15,2.0,1.0,0.0,2.0,6.0,3.0,3.0,3.0,4.0,-1.0,3.0,-1.0,4.0,1.0,0.0,1.0,0.0,0.0,0.0,57.1,7.1,26.7,46.7,15.0,7.0,16.0,10.0,1654.2,1479.9
2020-06-20,2019,Ath Bilbao,Betis,1,0,H,U,2.14,3.29,3.61,3,5,11,5,15,1.0,0.0,1.0,2.0,2.0,1.0,1.0,2.0,4.0,-2.0,0.0,-3.0,3.0,0.0,0.0,0.0,0.0,1.0,-1.0,50.0,21.4,7.1,50.0,11.0,8.0,14.0,11.0,1532.7,1507.4
2020-06-19,2019,Sevilla,Barcelona,0,0,D,U,3.4,3.57,2.13,4,4,2,9,15,2.0,2.0,0.0,1.0,7.0,7.0,0.0,4.0,4.0,0.0,3.0,3.0,0.0,1.0,1.0,0.0,0.0,1.0,-1.0,50.0,14.3,42.9,35.7,16.0,17.0,27.0,13.0,1596.3,1756.0
2020-06-19,2019,Mallorca,Leganes,1,1,D,U,2.77,2.93,2.9,3,4,3,7,16,1.0,1.0,2.0,2.0,1.0,2.0,-1.0,5.0,4.0,1.0,-4.0,-2.0,-2.0,0.0,0.0,0.0,1.0,1.0,0.0,40.0,46.7,7.1,57.1,10.0,11.0,21.0,16.0,1442.6,1443.3
2020-06-19,2019,Granada,Villarreal,0,1,A,U,3.12,3.19,2.43,4,1,5,0,15,2.0,1.0,0.0,2.0,4.0,2.0,2.0,2.0,4.0,-2.0,2.0,-2.0,4.0,0.0,0.0,0.0,0.0,1.0,-1.0,64.3,21.4,40.0,53.3,9.0,11.0,18.0,15.0,1457.0,1541.1
2020-06-18,2019,Real Madrid,Valencia,3,0,H,O,1.38,5.09,7.71,14,2,8,2,15,2.0,0.0,0.0,2.0,7.0,1.0,6.0,3.0,7.0,-4.0,4.0,-6.0,10.0,2.0,0.0,2.0,0.0,2.0,-2.0,71.4,0.0,23.1,53.8,14.0,3.0,20.0,10.0,1681.9,1597.6
2020-06-18,2019,Alaves,Sociedad,2,0,H,U,4.16,3.37,1.95,7,1,5,6,15,2.0,1.0,0.0,2.0,5.0,3.0,2.0,3.0,4.0,-1.0,2.0,-1.0,3.0,0.0,0.0,0.0,0.0,0.0,0.0,42.9,21.4,42.9,42.9,11.0,4.0,8.0,6.0,1488.3,1563.0
2020-06-17,2019,Valladolid,Celta,0,0,D,U,2.95,2.96,2.68,1,4,5,8,14,1.0,0.0,1.0,0.0,4.0,2.0,2.0,6.0,2.0,4.0,-2.0,0.0,-2.0,0.0,0.0,0.0,1.0,0.0,1.0,23.1,23.1,7.1,50.0,9.0,7.0,14.0,5.0,1480.4,1464.7
2020-06-17,2019,Osasuna,Ath Madrid,0,5,A,O,5.01,3.25,1.85,3,6,3,2,15,1.0,0.0,2.0,0.0,2.0,4.0,-2.0,7.0,4.0,3.0,-5.0,0.0,-5.0,0.0,0.0,0.0,2.0,0.0,2.0,35.7,28.6,21.4,21.4,11.0,7.0,16.0,15.0,1453.7,1649.3
2020-06-17,2019,Eibar,Ath Bilbao,2,2,D,O,3.28,3.04,2.41,6,3,8,3,15,1.0,1.0,2.0,2.0,5.0,6.0,-1.0,4.0,5.0,-1.0,1.0,1.0,0.0,1.0,1.0,0.0,0.0,0.0,0.0,42.9,50.0,14.3,35.7,15.0,13.0,10.0,14.0,1470.8,1534.6
2020-06-16,2019,Villarreal,Mallorca,1,0,H,U,1.52,4.45,6.0,4,5,2,6,14,2.0,1.0,1.0,1.0,6.0,5.0,1.0,4.0,5.0,-1.0,2.0,0.0,2.0,1.0,0.0,1.0,0.0,0.0,0.0,46.2,23.1,7.7,76.9,15.0,11.0,11.0,11.0,1533.4,1450.2
2020-06-16,2019,Getafe,Espanol,0,0,D,U,2.01,3.14,4.32,4,3,5,5,15,1.0,0.0,1.0,2.0,3.0,3.0,0.0,3.0,5.0,-2.0,0.0,-2.0,2.0,1.0,0.0,1.0,1.0,0.0,1.0,50.0,21.4,21.4,57.1,18.0,7.0,24.0,6.0,1580.9,1473.0
2020-06-16,2019,Barcelona,Leganes,2,0,H,U,1.16,8.06,17.42,5,2,3,2,15,3.0,1.0,0.0,2.0,8.0,2.0,6.0,1.0,4.0,-3.0,7.0,-2.0,9.0,1.0,0.0,1.0,0.0,1.0,-1.0,92.9,0.0,7.7,53.8,22.0,13.0,11.0,16.0,1753.1,1446.2
2020-06-15,2019,Levante,Sevilla,1,1,D,U,5.09,3.98,1.67,5,4,5,6,14,2.0,1.0,0.0,1.0,4.0,6.0,-2.0,1.0,4.0,-3.0,3.0,2.0,1.0,1.0,1.0,0.0,0.0,0.0,0.0,53.8,23.1,50.0,28.6,10.0,13.0,11.0,11.0,1482.6,1599.5
2020-06-15,2019,Betis,Granada,2,2,D,O,1.94,3.48,4.11,6,5,11,2,15,1.0,1.0,1.0,1.0,7.0,4.0,3.0,7.0,2.0,5.0,0.0,2.0,-2.0,0.0,1.0,-1.0,0.0,0.0,0.0,50.0,28.6,21.4,57.1,12.0,13.0,13.0,10.0,1508.9,1455.5
2020-06-14,2019,Sociedad,Osasuna,1,1,D,U,1.69,3.89,5.01,4,1,1,6,14,3.0,1.0,0.0,2.0,6.0,4.0,2.0,1.0,6.0,-5.0,5.0,-2.0,7.0,1.0,0.0,1.0,0.0,1.0,-1.0,61.5,23.1,23.1,38.5,15.0,11.0,18.0,7.0,1566.2,1450.5
2020-06-14,2019,Real Madrid,Eibar,3,1,H,O,1.24,6.41,11.84,5,5,3,3,14,2.0,0.0,0.0,2.0,5.0,1.0,4.0,2.0,7.0,-5.0,3.0,-6.0,9.0,1.0,0.0,1.0,0.0,1.0,-1.0,69.2,0.0,7.7,53.8,14.0,9.0,22.0,13.0,1677.1,1475.6
2020-06-14,2019,Ath Bilbao,Ath Madrid,1,1,D,U,3.74,2.96,2.27,3,2,5,7,14,1.0,0.0,2.0,1.0,1.0,3.0,-2.0,3.0,4.0,-1.0,-2.0,-1.0,-1.0,0.0,0.0,0.0,1.0,0.0,1.0,53.8,23.1,23.1,23.1,10.0,6.0,14.0,14.0,1531.2,1652.7
2020-06-13,2019,Mallorca,Barcelona,0,4,A,O,9.91,6.0,1.28,3,7,9,3,15,1.0,1.0,2.0,2.0,1.0,3.0,-2.0,2.0,6.0,-4.0,-1.0,-3.0,2.0,0.0,0.0,0.0,0.0,2.0,-2.0,42.9,42.9,38.5,38.5,11.0,15.0,20.0,10.0,1453.3,1750.0
2020-06-13,2019,Leganes,Valladolid,1,2,A,O,2.31,3.02,3.51,2,2,2,1,15,1.0,1.0,0.0,2.0,3.0,2.0,1.0,2.0,3.0,-1.0,1.0,-1.0,2.0,0.0,0.0,0.0,0.0,0.0,0.0,28.6,50.0,21.4,50.0,12.0,12.0,13.0,14.0,1455.7,1470.8
2020-06-13,2019,Espanol,Alaves,2,0,H,U,2.1,3.2,3.83,9,0,2,1,14,1.0,0.0,0.0,1.0,3.0,2.0,1.0,2.0,3.0,-1.0,1.0,-1.0,2.0,0.0,0.0,0.0,0.0,0.0,0.0,7.7,53.8,15.4,61.5,13.0,7.0,6.0,10.0,1462.0,1499.3
2020-06-13,2019,Celta,Villarreal,0,1,A,U,2.59,3.35,2.75,0,4,2,8,14,2.0,0.0,0.0,2.0,3.0,2.0,1.0,1.0,5.0,-4.0,2.0,-3.0,5.0,0.0,0.0,0.0,0.0,1.0,-1.0,30.8,30.8,35.7,57.1,13.0,10.0,11.0,11.0,1473.2,1524.9
2020-06-12,2019,Valencia,Levante,1,1,D,U,1.73,4.08,4.48,3,4,0,6,15,2.0,0.0,0.0,3.0,5.0,2.0,3.0,3.0,7.0,-4.0,2.0,-5.0,7.0,0.0,0.0,0.0,0.0,1.0,-1.0,57.1,0.0,21.4,78.6,13.0,11.0,21.0,19.0,1600.9,1479.2
2020-06-12,2019,Granada,Getafe,2,1,H,O,3.31,2.94,2.46,4,2,2,3,14,2.0,2.0,0.0,1.0,4.0,4.0,0.0,2.0,2.0,0.0,2.0,2.0,0.0,0.0,1.0,-1.0,0.0,0.0,0.0,61.5,23.1,46.2,30.8,7.0,10.0,19.0,10.0,1441.3,1595.0
2020-06-11,2019,Sevilla,Betis,2,0,H,U,1.85,3.68,4.35,5,1,11,2,14,1.0,0.0,0.0,1.0,6.0,2.0,4.0,5.0,3.0,2.0,1.0,-1.0,2.0,0.0,0.0,0.0,0.0,0.0,0.0,46.2,15.4,7.7,46.2,14.0,13.0,22.0,16.0,1591.7,1516.8
2020-03-10,2019,Eibar,Sociedad,1,2,A,O,3.34,3.33,2.24,4,2,3,1,14,1.0,0.0,1.0,3.0,5.0,1.0,4.0,3.0,6.0,-3.0,2.0,-5.0,7.0,1.0,0.0,1.0,0.0,1.0,-1.0,46.2,46.2,38.5,46.2,14.0,2.0,9.0,7.0,1483.5,1558.4
2020-03-08,2019,Villarreal,Leganes,1,2,A,O,1.74,3.7,4.97,5,7,2,5,13,2.0,0.0,1.0,2.0,6.0,0.0,6.0,4.0,3.0,1.0,2.0,-3.0,5.0,1.0,0.0,1.0,0.0,1.0,-1.0,50.0,16.7,0.0,58.3,15.0,10.0,13.0,17.0,1537.5,1443.1
2020-03-08,2019,Valladolid,Ath Bilbao,1,4,A,O,2.98,2.82,2.79,2,5,8,1,13,1.0,0.0,1.0,2.0,3.0,3.0,0.0,3.0,5.0,-2.0,0.0,-2.0,2.0,0.0,0.0,0.0,0.0,0.0,0.0,25.0,16.7,7.7,38.5,7.0,11.0,9.0,16.0,1479.6,1522.4
2020-03-08,2019,Osasuna,Espanol,1,0,H,U,2.43,3.23,3.06,6,2,6,2,14,1.0,0.0,2.0,2.0,3.0,4.0,-1.0,7.0,6.0,1.0,-4.0,-2.0,-2.0,1.0,0.0,1.0,2.0,0.0,2.0,30.8,30.8,23.1,53.8,8.0,9.0,15.0,13.0,1439.5,1472.9
2020-03-08,2019,Levante,Granada,1,1,D,U,2.06,3.44,3.66,3,7,6,4,13,2.0,1.0,1.0,2.0,3.0,3.0,0.0,1.0,3.0,-2.0,2.0,0.0,2.0,1.0,1.0,0.0,0.0,1.0,-1.0,58.3,25.0,23.1,61.5,10.0,7.0,12.0,12.0,1480.4,1440.1
2020-03-08,2019,Betis,Real Madrid,2,1,H,O,4.24,4.02,1.77,3,4,6,2,14,1.0,2.0,1.0,1.0,8.0,5.0,3.0,6.0,2.0,4.0,2.0,3.0,-1.0,1.0,1.0,0.0,0.0,0.0,0.0,46.2,30.8,53.8,15.4,15.0,17.0,13.0,15.0,1501.8,1692.1
2020-03-07,2019,Getafe,Celta,0,0,D,U,1.85,3.27,4.99,6,2,9,1,14,2.0,0.0,1.0,1.0,4.0,2.0,2.0,3.0,3.0,0.0,1.0,-1.0,2.0,1.0,0.0,1.0,1.0,0.0,1.0,53.8,23.1,7.7,53.8,15.0,9.0,23.0,11.0,1598.6,1469.7
2020-03-07,2019,Eibar,Mallorca,1,2,A,O,1.72,3.69,5.13,2,4,4,3,13,2.0,0.0,0.0,2.0,6.0,3.0,3.0,1.0,7.0,-6.0,5.0,-4.0,9.0,2.0,0.0,2.0,0.0,1.0,-1.0,50.0,41.7,0.0,83.3,16.0,11.0,11.0,11.0,1495.0,1441.8
2020-03-07,2019,Barcelona,Sociedad,1,0,H,U,1.36,5.38,7.91,6,1,4,4,14,3.0,1.0,0.0,2.0,9.0,5.0,4.0,2.0,8.0,-6.0,7.0,-3.0,10.0,1.0,0.0,1.0,0.0,1.0,-1.0,92.3,0.0,41.7,41.7,25.0,8.0,15.0,6.0,1744.8,1563.6
2020-03-07,2019,Ath Madrid,Sevilla,2,2,D,O,1.94,3.25,4.45,3,4,8,4,14,2.0,1.0,0.0,2.0,4.0,5.0,-1.0,1.0,4.0,-3.0,3.0,1.0,2.0,1.0,1.0,0.0,0.0,0.0,0.0,61.5,7.7,53.8,30.8,15.0,12.0,15.0,11.0,1654.5,1589.8
2020-03-06,2019,Alaves,Valencia,1,1,D,U,2.64,3.23,2.8,2,2,3,3,14,2.0,0.0,1.0,3.0,5.0,1.0,4.0,4.0,10.0,-6.0,1.0,-9.0,10.0,0.0,0.0,0.0,0.0,3.0,-3.0,46.2,23.1,25.0,58.3,15.0,2.0,12.0,13.0,1496.3,1603.9
2020-03-01,2019,Sevilla,Osasuna,3,2,H,O,1.47,4.28,7.29,5,4,7,1,13,1.0,1.0,0.0,1.0,5.0,3.0,2.0,3.0,4.0,-1.0,2.0,-1.0,3.0,1.0,0.0,1.0,0.0,1.0,-1.0,41.7,16.7,25.0,33.3,13.0,8.0,18.0,7.0,1583.6,1445.8
2020-03-01,2019,Real Madrid,Barcelona,2,0,H,U,2.19,3.66,3.13,5,4,8,2,13,2.0,1.0,0.0,1.0,5.0,5.0,0.0,3.0,6.0,-3.0,2.0,-1.0,3.0,0.0,0.0,0.0,0.0,1.0,-1.0,66.7,0.0,41.7,33.3,13.0,18.0,16.0,13.0,1679.9,1757.0
2020-03-01,2019,Mallorca,Getafe,0,1,A,U,3.61,2.99,2.28,1,5,4,3,14,2.0,2.0,1.0,1.0,5.0,6.0,-1.0,2.0,2.0,0.0,3.0,4.0,-1.0,1.0,2.0,-1.0,0.0,0.0,0.0,46.2,38.5,41.7,33.3,16.0,9.0,17.0,11.0,1447.8,1592.5
2020-03-01,2019,Espanol,Ath Madrid,1,1,D,U,4.28,3.06,2.05,3,2,3,4,13,1.0,0.0,0.0,2.0,4.0,2.0,2.0,3.0,5.0,-2.0,1.0,-3.0,4.0,0.0,0.0,0.0,0.0,1.0,-1.0,8.3,58.3,25.0,25.0,13.0,8.0,7.0,17.0,1467.9,1659.6
2020-03-01,2019,Ath Bilbao,Villarreal,1,0,H,U,2.31,3.29,3.18,6,3,5,6,13,0.0,1.0,2.0,1.0,1.0,4.0,-3.0,4.0,5.0,-1.0,-3.0,-1.0,-2.0,0.0,0.0,0.0,1.0,1.0,0.0,50.0,25.0,38.5,53.8,10.0,13.0,22.0,9.0,1511.4,1548.6
2020-02-29,2019,Valencia,Betis,2,1,H,O,2.21,3.4,3.3,5,5,6,7,14,2.0,0.0,0.0,1.0,5.0,1.0,4.0,2.0,2.0,0.0,3.0,-1.0,4.0,1.0,0.0,1.0,0.0,0.0,0.0,53.8,0.0,8.3,41.7,14.0,9.0,17.0,13.0,1596.4,1509.4
2020-02-29,2019,Leganes,Alaves,1,1,D,U,2.04,3.06,4.27,6,4,6,4,14,1.0,1.0,1.0,1.0,2.0,2.0,0.0,4.0,2.0,2.0,-2.0,0.0,-2.0,0.0,0.0,0.0,1.0,0.0,1.0,30.8,53.8,16.7,66.7,8.0,9.0,11.0,12.0,1441.5,1498.0
2020-02-29,2019,Granada,Celta,0,0,D,U,2.81,3.06,2.72,0,2,6,1,13,3.0,0.0,0.0,1.0,5.0,3.0,2.0,2.0,4.0,-2.0,3.0,-1.0,4.0,0.0,0.0,0.0,0.0,0.0,0.0,66.7,25.0,8.3,58.3,11.0,10.0,16.0,10.0,1439.2,1470.6
2020-02-29,2019,Eibar,Levante,3,0,H,O,1.99,3.55,3.78,9,4,3,6,12,2.0,0.0,0.0,3.0,6.0,2.0,4.0,1.0,6.0,-5.0,5.0,-4.0,9.0,2.0,0.0,2.0,0.0,1.0,-1.0,45.5,45.5,23.1,76.9,14.0,9.0,13.0,18.0,1484.8,1490.6
2020-02-28,2019,Sociedad,Valladolid,1,0,H,U,1.54,4.04,6.63,4,1,8,4,13,3.0,1.0,0.0,1.0,8.0,2.0,6.0,1.0,2.0,-1.0,7.0,0.0,7.0,2.0,0.0,2.0,0.0,0.0,0.0,58.3,25.0,23.1,46.2,16.0,14.0,17.0,11.0,1555.5,1487.6
2020-02-23,2019,Valladolid,Espanol,2,1,H,O,2.62,2.97,3.02,6,2,4,2,12,0.0,1.0,1.0,1.0,3.0,5.0,-2.0,4.0,5.0,-1.0,-1.0,0.0,-1.0,0.0,0.0,0.0,0.0,0.0,0.0,18.2,18.2,25.0,50.0,6.0,12.0,9.0,15.0,1477.6,1477.9
2020-02-23,2019,Osasuna,Granada,0,3,A,O,1.93,3.37,4.25,1,4,6,3,13,1.0,0.0,1.0,3.0,3.0,0.0,3.0,4.0,4.0,0.0,-1.0,-4.0,3.0,1.0,0.0,1.0,1.0,1.0,0.0,33.3,25.0,16.7,66.7,12.0,4.0,18.0,9.0,1456.6,1428.4
2020-02-23,2019,Getafe,Sevilla,0,3,A,O,2.32,3.08,3.39,2,5,5,3,13,2.0,1.0,1.0,2.0,4.0,4.0,0.0,3.0,4.0,-1.0,1.0,0.0,1.0,1.0,1.0,0.0,1.0,0.0,1.0,58.3,16.7,50.0,33.3,17.0,13.0,25.0,14.0,1603.4,1572.7
2020-02-23,2019,Ath Madrid,Villarreal,3,1,H,O,1.66,3.72,5.63,9,4,6,1,13,2.0,2.0,0.0,0.0,3.0,5.0,-2.0,1.0,3.0,-2.0,2.0,2.0,0.0,0.0,0.0,0.0,0.0,0.0,0.0,58.3,8.3,41.7,50.0,14.0,11.0,14.0,10.0,1652.3,1555.9
2020-02-23,2019,Alaves,Ath Bilbao,2,1,H,O,2.95,2.9,2.72,4,5,2,9,13,1.0,0.0,1.0,1.0,4.0,3.0,1.0,4.0,4.0,0.0,0.0,-1.0,1.0,0.0,0.0,0.0,0.0,0.0,0.0,41.7,25.0,8.3,33.3,12.0,7.0,13.0,8.0,1486.9,1522.4
2020-02-22,2019,Sociedad,Valencia,3,0,H,O,1.69,4.03,4.79,7,1,6,7,12,2.0,0.0,1.0,2.0,6.0,2.0,4.0,3.0,8.0,-5.0,3.0,-6.0,9.0,1.0,0.0,1.0,0.0,2.0,-2.0,54.5,27.3,27.3,54.5,11.0,3.0,18.0,10.0,1543.7,1608.2
2020-02-22,2019,Levante,Real Madrid,1,0,H,U,6.2,4.93,1.46,2,7,3,7,12,2.0,3.0,1.0,0.0,5.0,8.0,-3.0,2.0,1.0,1.0,3.0,7.0,-4.0,2.0,2.0,0.0,0.0,0.0,0.0,54.5,27.3,58.3,8.3,15.0,18.0,17.0,12.0,1475.0,1695.5
2020-02-22,2019,Celta,Leganes,1,0,H,U,1.86,3.39,4.67,1,2,2,9,13,1.0,0.0,0.0,1.0,3.0,2.0,1.0,2.0,4.0,-2.0,1.0,-2.0,3.0,0.0,0.0,0.0,0.0,1.0,-1.0,25.0,33.3,0.0,54.5,19.0,13.0,15.0,11.0,1460.8,1451.2
2020-02-22,2019,Barcelona,Eibar,5,0,H,O,1.2,7.01,13.36,11,5,5,5,13,3.0,0.0,0.0,2.0,5.0,1.0,4.0,2.0,3.0,-1.0,3.0,-2.0,5.0,0.0,0.0,0.0,0.0,0.0,0.0,91.7,0.0,8.3,50.0,20.0,7.0,17.0,13.0,1753.4,1488.4
2020-02-21,2019,Betis,Mallorca,3,3,D,O,1.48,4.52,6.7,6,4,7,1,13,1.0,0.0,2.0,3.0,6.0,0.0,6.0,5.0,5.0,0.0,1.0,-5.0,6.0,1.0,0.0,1.0,0.0,1.0,-1.0,50.0,33.3,0.0,90.9,11.0,12.0,11.0,14.0,1511.2,1446.0
2020-02-16,2019,Sevilla,Espanol,2,2,D,O,1.6,3.91,6.0,6,3,9,2,12,1.0,1.0,0.0,2.0,4.0,3.0,1.0,2.0,5.0,-3.0,2.0,-2.0,4.0,1.0,0.0,1.0,0.0,1.0,-1.0,45.5,18.2,27.3,54.5,9.0,12.0,18.0,18.0,1575.5,1475.1
2020-02-16,2019,Real Madrid,Celta,2,2,D,O,1.28,5.94,10.2,4,3,9,3,12,2.0,0.0,0.0,2.0,3.0,2.0,1.0,1.0,5.0,-4.0,2.0,-3.0,5.0,0.0,0.0,0.0,0.0,1.0,-1.0,72.7,0.0,9.1,63.6,17.0,12.0,13.0,14.0,1701.6,1454.7
2020-02-16,2019,Leganes,Betis,0,0,D,U,2.45,3.17,3.05,1,2,4,2,13,2.0,0.0,1.0,1.0,4.0,2.0,2.0,4.0,3.0,1.0,0.0,-1.0,1.0,1.0,0.0,1.0,1.0,0.0,1.0,33.3,58.3,9.1,45.5,12.0,10.0,8.0,17.0,1449.4,1513.0
2020-02-16,2019,Ath Bilbao,Osasuna,0,1,A,U,2.03,3.19,4.09,2,2,4,0,12,0.0,0.0,1.0,2.0,1.0,2.0,-1.0,3.0,6.0,-3.0,-2.0,-4.0,2.0,0.0,0.0,0.0,1.0,2.0,-1.0,54.5,18.2,18.2,36.4,11.0,9.0,24.0,12.0,1534.9,1444.0
2020-02-15,2019,Villarreal,Levante,2,1,H,O,1.52,4.53,5.82,6,2,5,10,12,2.0,0.0,1.0,3.0,5.0,2.0,3.0,3.0,6.0,-3.0,2.0,-4.0,6.0,1.0,0.0,1.0,0.0,1.0,-1.0,45.5,18.2,25.0,75.0,13.0,10.0,10.0,13.0,1547.7,1483.1
2020-02-15,2019,Mallorca,Alaves,1,0,H,U,2.44,3.13,3.11,6,0,8,5,13,1.0,1.0,2.0,1.0,4.0,3.0,1.0,4.0,5.0,-1.0,0.0,-2.0,2.0,1.0,0.0,1.0,1.0,1.0,0.0,41.7,41.7,18.2,63.6,11.0,12.0,12.0,11.0,1434.1,1498.8
2020-02-15,2019,Granada,Valladolid,2,1,H,O,2.46,2.97,3.27,5,4,10,5,12,2.0,1.0,1.0,1.0,4.0,1.0,3.0,3.0,2.0,1.0,1.0,-1.0,2.0,0.0,0.0,0.0,0.0,1.0,-1.0,63.6,27.3,25.0,41.7,10.0,13.0,14.0,9.0,1416.4,1489.7
2020-02-15,2019,Barcelona,Getafe,2,1,H,O,1.43,4.53,7.67,5,2,2,3,12,3.0,2.0,0.0,1.0,7.0,5.0,2.0,2.0,1.0,1.0,5.0,4.0,1.0,1.0,2.0,-1.0,0.0,0.0,0.0,90.9,0.0,45.5,27.3,19.0,7.0,18.0,13.0,1747.2,1609.6
2020-02-14,2019,Valencia,Ath Madrid,2,2,D,O,3.52,3.06,2.29,3,3,11,4,13,3.0,1.0,0.0,2.0,4.0,2.0,2.0,0.0,4.0,-4.0,4.0,-2.0,6.0,1.0,0.0,1.0,0.0,1.0,-1.0,58.3,0.0,27.3,27.3,12.0,10.0,12.0,16.0,1606.9,1653.6
2020-02-09,2019,Sociedad,Ath Bilbao,2,1,H,O,2.1,3.2,3.81,4,3,4,4,11,1.0,0.0,1.0,0.0,6.0,2.0,4.0,4.0,2.0,2.0,2.0,0.0,2.0,1.0,0.0,1.0,0.0,0.0,0.0,50.0,30.0,9.1,27.3,12.0,6.0,22.0,8.0,1533.3,1545.3
2020-02-09,2019,Osasuna,Real Madrid,1,4,A,O,5.83,4.38,1.54,4,7,4,3,12,1.0,2.0,1.0,0.0,5.0,4.0,1.0,4.0,0.0,4.0,1.0,4.0,-3.0,1.0,1.0,0.0,0.0,0.0,0.0,36.4,18.2,54.5,9.1,15.0,15.0,22.0,15.0,1447.9,1697.8
2020-02-09,2019,Espanol,Mallorca,1,0,H,U,1.65,3.87,5.43,7,3,1,7,12,0.0,0.0,0.0,2.0,5.0,2.0,3.0,5.0,6.0,-1.0,0.0,-4.0,4.0,0.0,0.0,0.0,0.0,1.0,-1.0,0.0,63.6,0.0,90.0,10.0,11.0,13.0,10.0,1465.7,1443.5
2020-02-09,2019,Celta,Sevilla,2,1,H,O,3.39,3.27,2.23,7,4,3,4,12,0.0,1.0,0.0,1.0,3.0,4.0,-1.0,3.0,3.0,0.0,0.0,1.0,-1.0,0.0,1.0,-1.0,0.0,0.0,0.0,18.2,36.4,54.5,27.3,19.0,13.0,15.0,16.0,1440.7,1589.6
2020-02-09,2019,Betis,Barcelona,2,3,A,O,4.0,3.85,1.85,3,6,0,8,12,2.0,0.0,1.0,1.0,7.0,4.0,3.0,4.0,6.0,-2.0,3.0,-2.0,5.0,1.0,0.0,1.0,0.0,1.0,-1.0,54.5,27.3,36.4,36.4,14.0,17.0,14.0,10.0,1517.3,1742.9
2020-02-08,2019,Valladolid,Villarreal,1,1,D,U,3.03,3.19,2.44,1,3,2,4,11,0.0,3.0,1.0,0.0,3.0,6.0,-3.0,4.0,3.0,1.0,-1.0,3.0,-4.0,0.0,0.0,0.0,0.0,0.0,0.0,20.0,20.0,45.5,54.5,11.0,11.0,12.0,8.0,1488.0,1549.5
2020-02-08,2019,Levante,Leganes,2,0,H,U,2.59,3.21,2.85,5,4,2,2,11,1.0,0.0,2.0,0.0,5.0,3.0,2.0,6.0,3.0,3.0,-1.0,0.0,-1.0,1.0,0.0,1.0,1.0,0.0,1.0,50.0,30.0,0.0,50.0,16.0,10.0,20.0,9.0,1473.5,1459.0
2020-02-08,2019,Getafe,Valencia,3,0,H,O,2.03,3.29,3.98,10,0,10,0,12,2.0,1.0,1.0,1.0,3.0,6.0,-3.0,3.0,7.0,-4.0,0.0,-1.0,1.0,1.0,1.0,0.0,1.0,1.0,0.0,54.5,18.2,30.0,50.0,10.0,9.0,19.0,11.0,1599.1,1617.4
2020-02-08,2019,Ath Madrid,Granada,1,0,H,U,1.4,4.19,10.44,3,2,2,3,12,2.0,0.0,0.0,3.0,4.0,0.0,4.0,1.0,6.0,-5.0,3.0,-6.0,9.0,1.0,0.0,1.0,0.0,2.0,-2.0,54.5,9.1,18.2,63.6,20.0,3.0,18.0,11.0,1649.4,1420.6
2020-02-07,2019,Alaves,Eibar,2,1,H,O,2.24,3.12,3.56,5,1,3,5,12,0.0,0.0,1.0,1.0,3.0,0.0,3.0,4.0,1.0,3.0,-1.0,-1.0,0.0,0.0,0.0,0.0,0.0,0.0,0.0,36.4,27.3,9.1,45.5,10.0,8.0,12.0,15.0,1488.5,1498.7
2020-02-02,2019,Villarreal,Osasuna,3,1,H,O,1.77,3.87,4.45,4,5,4,6,11,1.0,1.0,1.0,1.0,2.0,5.0,-3.0,2.0,5.0,-3.0,0.0,0.0,0.0,0.0,1.0,-1.0,0.0,1.0,-1.0,40.0,20.0,20.0,30.0,12.0,12.0,17.0,9.0,1541.9,1455.4
2020-02-02,2019,Sevilla,Alaves,1,1,D,U,1.35,4.95,9.11,3,3,6,1,11,1.0,1.0,1.0,2.0,4.0,2.0,2.0,3.0,7.0,-4.0,1.0,-5.0,6.0,1.0,0.0,1.0,0.0,2.0,-2.0,50.0,20.0,20.0,70.0,11.0,10.0,26.0,12.0,1592.6,1485.5
2020-02-02,2019,Leganes,Sociedad,2,1,H,O,2.9,3.14,2.58,5,1,3,1,12,2.0,1.0,1.0,1.0,5.0,4.0,1.0,5.0,6.0,-1.0,0.0,-2.0,2.0,1.0,0.0,1.0,1.0,1.0,0.0,27.3,63.6,45.5,36.4,15.0,9.0,8.0,9.0,1446.2,1546.1
2020-02-02,2019,Eibar,Betis,1,1,D,U,2.48,3.39,2.83,3,6,2,7,11,2.0,0.0,1.0,1.0,5.0,3.0,2.0,1.0,4.0,-3.0,4.0,-1.0,5.0,2.0,0.0,2.0,0.0,0.0,0.0,50.0,50.0,10.0,50.0,14.0,9.0,14.0,15.0,1498.1,1517.9
2020-02-02,2019,Barcelona,Levante,2,1,H,O,1.14,9.14,16.42,9,5,8,3,11,2.0,1.0,0.0,2.0,5.0,3.0,2.0,1.0,5.0,-4.0,4.0,-2.0,6.0,1.0,0.0,1.0,0.0,1.0,-1.0,90.0,0.0,27.3,72.7,12.0,11.0,12.0,16.0,1739.3,1477.2
2020-02-02,2019,Ath Bilbao,Getafe,0,2,A,U,2.55,2.85,3.24,2,3,5,4,11,1.0,2.0,0.0,1.0,3.0,4.0,-1.0,1.0,1.0,0.0,2.0,3.0,-1.0,1.0,1.0,0.0,0.0,0.0,0.0,60.0,10.0,40.0,30.0,15.0,7.0,23.0,17.0,1554.2,1590.1
2020-02-01,2019,Valencia,Celta,1,0,H,U,1.81,3.61,4.55,5,4,4,7,12,2.0,0.0,0.0,2.0,4.0,4.0,0.0,1.0,7.0,-6.0,3.0,-3.0,6.0,1.0,0.0,1.0,0.0,1.0,-1.0,54.5,0.0,10.0,60.0,13.0,12.0,9.0,12.0,1611.8,1446.2
2020-02-01,2019,Real Madrid,Ath Madrid,1,0,H,U,1.8,3.57,4.63,5,1,5,6,11,2.0,1.0,0.0,1.0,4.0,2.0,2.0,1.0,3.0,-2.0,3.0,-1.0,4.0,1.0,0.0,1.0,0.0,1.0,-1.0,70.0,0.0,30.0,20.0,20.0,12.0,13.0,16.0,1688.6,1658.5
2020-02-01,2019,Mallorca,Valladolid,0,1,A,U,2.26,3.21,3.38,4,7,8,5,12,1.0,0.0,2.0,1.0,5.0,0.0,5.0,5.0,2.0,3.0,0.0,-2.0,2.0,1.0,0.0,1.0,1.0,1.0,0.0,45.5,36.4,18.2,45.5,14.0,8.0,10.0,7.0,1452.7,1478.7
2020-02-01,2019,Granada,Espanol,2,1,H,O,2.69,3.07,2.85,2,4,3,9,11,2.0,1.0,1.0,2.0,5.0,2.0,3.0,2.0,5.0,-3.0,3.0,-3.0,6.0,1.0,0.0,1.0,0.0,2.0,-2.0,60.0,30.0,30.0,50.0,11.0,10.0,17.0,12.0,1408.6,1477.7
2020-01-26,2019,Valladolid,Real Madrid,0,1,A,U,7.15,4.81,1.42,0,3,3,5,10,0.0,1.0,0.0,0.0,3.0,4.0,-1.0,3.0,1.0,2.0,0.0,3.0,-3.0,0.0,1.0,-1.0,0.0,0.0,0.0,22.2,11.1,50.0,10.0,13.0,18.0,10.0,12.0,1483.5,1683.8
2020-01-26,2019,Sociedad,Mallorca,3,0,H,O,1.45,4.54,7.05,5,4,7,3,10,1.0,0.0,1.0,2.0,7.0,4.0,3.0,5.0,8.0,-3.0,2.0,-4.0,6.0,1.0,0.0,1.0,0.0,1.0,-1.0,44.4,33.3,0.0,88.9,11.0,10.0,21.0,11.0,1538.3,1460.5
2020-01-26,2019,Getafe,Betis,1,0,H,U,2.03,3.3,3.94,3,1,8,4,11,2.0,1.0,1.0,0.0,6.0,5.0,1.0,3.0,4.0,-1.0,3.0,1.0,2.0,2.0,0.0,2.0,1.0,0.0,1.0,50.0,20.0,11.1,44.4,16.0,11.0,17.0,16.0,1581.7,1526.3
2020-01-26,2019,Celta,Eibar,0,0,D,U,2.05,3.37,3.76,5,3,6,3,11,0.0,0.0,0.0,2.0,3.0,1.0,2.0,3.0,5.0,-2.0,0.0,-4.0,4.0,0.0,0.0,0.0,0.0,1.0,-1.0,20.0,40.0,10.0,50.0,19.0,9.0,20.0,16.0,1444.7,1499.7
2020-01-26,2019,Ath Madrid,Leganes,0,0,D,U,1.45,4.13,8.73,3,4,7,6,11,2.0,0.0,1.0,1.0,4.0,3.0,1.0,2.0,4.0,-2.0,2.0,-1.0,3.0,1.0,0.0,1.0,0.0,0.0,0.0,60.0,10.0,0.0,55.6,19.0,10.0,20.0,7.0,1664.2,1440.5
2020-01-25,2019,Valencia,Barcelona,2,0,H,U,4.77,4.29,1.65,6,5,2,0,11,2.0,1.0,0.0,0.0,4.0,5.0,-1.0,2.0,4.0,-2.0,2.0,1.0,1.0,0.0,0.0,0.0,0.0,0.0,0.0,50.0,0.0,40.0,30.0,14.0,17.0,13.0,15.0,1597.6,1753.5
2020-01-25,2019,Sevilla,Granada,2,0,H,U,1.38,4.62,9.29,4,1,3,6,10,1.0,0.0,1.0,3.0,3.0,0.0,3.0,3.0,6.0,-3.0,0.0,-6.0,6.0,0.0,0.0,0.0,0.0,2.0,-2.0,44.4,22.2,20.0,60.0,15.0,3.0,30.0,8.0,1587.2,1414.0
2020-01-25,2019,Espanol,Ath Bilbao,1,1,D,U,2.48,2.96,3.25,3,3,2,3,11,0.0,0.0,1.0,1.0,6.0,3.0,3.0,8.0,4.0,4.0,-2.0,-1.0,-1.0,0.0,0.0,0.0,1.0,0.0,1.0,0.0,70.0,10.0,30.0,12.0,5.0,13.0,8.0,1475.4,1556.5
2020-01-25,2019,Alaves,Villarreal,1,2,A,O,2.8,3.24,2.6,6,6,7,4,11,0.0,2.0,1.0,1.0,3.0,5.0,-2.0,4.0,4.0,0.0,-1.0,1.0,-2.0,0.0,0.0,0.0,0.0,0.0,0.0,40.0,20.0,40.0,60.0,6.0,12.0,14.0,8.0,1494.4,1533.0
2020-01-24,2019,Osasuna,Levante,2,0,H,U,1.69,4.07,4.78,3,2,5,5,11,0.0,1.0,1.0,2.0,4.0,3.0,1.0,5.0,7.0,-2.0,-1.0,-4.0,3.0,0.0,0.0,0.0,0.0,1.0,-1.0,30.0,20.0,30.0,70.0,13.0,11.0,19.0,18.0,1444.2,1488.4
2020-01-19,2019,Villarreal,Espanol,1,2,A,O,1.66,3.92,5.21,5,5,4,4,10,1.0,0.0,1.0,3.0,2.0,1.0,1.0,3.0,7.0,-4.0,-1.0,-6.0,5.0,0.0,0.0,0.0,1.0,3.0,-2.0,44.4,11.1,22.2,55.6,8.0,6.0,21.0,10.0,1545.4,1463.1
2020-01-19,2019,Mallorca,Valencia,4,1,H,O,3.68,3.49,2.04,6,1,1,6,11,1.0,1.0,2.0,1.0,4.0,6.0,-2.0,5.0,5.0,0.0,-1.0,1.0,-2.0,1.0,1.0,0.0,1.0,0.0,1.0,40.0,40.0,33.3,44.4,11.0,11.0,11.0,9.0,1446.1,1612.1
2020-01-19,2019,Betis,Sociedad,3,0,H,O,2.46,3.63,2.72,6,0,6,2,11,2.0,1.0,1.0,1.0,6.0,5.0,1.0,5.0,6.0,-1.0,1.0,-1.0,2.0,0.0,0.0,0.0,0.0,1.0,-1.0,50.0,30.0,50.0,30.0,16.0,15.0,13.0,10.0,1515.3,1549.3
2020-01-19,2019,Barcelona,Granada,1,0,H,U,1.15,8.1,17.04,6,1,7,0,10,2.0,0.0,0.0,3.0,9.0,0.0,9.0,3.0,7.0,-4.0,6.0,-7.0,13.0,2.0,0.0,2.0,0.0,3.0,-3.0,88.9,0.0,22.2,55.6,23.0,3.0,13.0,12.0,1751.0,1416.6
2020-01-19,2019,Ath Bilbao,Celta,1,1,D,U,1.95,3.21,4.46,6,3,13,0,10,2.0,1.0,0.0,2.0,4.0,6.0,-2.0,1.0,7.0,-6.0,3.0,-1.0,4.0,1.0,1.0,0.0,0.0,1.0,-1.0,66.7,11.1,11.1,66.7,19.0,16.0,20.0,14.0,1559.8,1441.4
2020-01-18,2019,Real Madrid,Sevilla,2,1,H,O,1.62,4.3,5.08,4,3,2,4,10,2.0,2.0,0.0,0.0,5.0,4.0,1.0,1.0,1.0,0.0,4.0,3.0,1.0,2.0,1.0,1.0,0.0,0.0,0.0,66.7,0.0,60.0,20.0,26.0,12.0,15.0,16.0,1676.1,1594.9
2020-01-18,2019,Osasuna,Valladolid,0,0,D,U,1.85,3.43,4.61,5,3,9,1,10,0.0,0.0,2.0,2.0,5.0,0.0,5.0,7.0,5.0,2.0,-2.0,-5.0,3.0,0.0,0.0,0.0,0.0,2.0,-2.0,33.3,22.2,20.0,50.0,15.0,6.0,16.0,13.0,1443.0,1484.7
2020-01-18,2019,Levante,Alaves,0,1,A,U,2.06,3.47,3.61,3,6,7,6,10,2.0,1.0,1.0,2.0,7.0,3.0,4.0,6.0,7.0,-1.0,1.0,-4.0,5.0,1.0,1.0,0.0,1.0,2.0,-1.0,55.6,22.2,11.1,77.8,19.0,9.0,16.0,10.0,1498.9,1484.0
2020-01-18,2019,Eibar,Ath Madrid,2,0,H,U,4.95,3.34,1.82,4,4,6,7,10,1.0,1.0,2.0,0.0,3.0,3.0,0.0,3.0,2.0,1.0,0.0,1.0,-1.0,1.0,0.0,1.0,1.0,0.0,1.0,44.4,55.6,33.3,11.1,17.0,14.0,18.0,17.0,1484.6,1679.3
2020-01-17,2019,Leganes,Getafe,0,3,A,O,2.97,2.82,2.8,2,4,4,4,11,2.0,1.0,1.0,1.0,6.0,2.0,4.0,4.0,2.0,2.0,2.0,0.0,2.0,1.0,0.0,1.0,0.0,0.0,0.0,30.0,60.0,33.3,33.3,17.0,5.0,4.0,16.0,1447.0,1575.2
2020-01-05,2019,Sociedad,Villarreal,1,2,A,O,1.91,3.86,3.75,2,2,7,2,9,1.0,1.0,0.0,2.0,7.0,4.0,3.0,4.0,6.0,-2.0,3.0,-2.0,5.0,1.0,0.0,1.0,0.0,1.0,-1.0,50.0,25.0,33.3,66.7,14.0,16.0,19.0,11.0,1560.0,1534.6
2020-01-05,2019,Granada,Mallorca,1,0,H,U,1.94,3.35,4.24,4,5,3,4,10,1.0,0.0,1.0,2.0,5.0,5.0,0.0,3.0,9.0,-6.0,2.0,-4.0,6.0,1.0,0.0,1.0,0.0,1.0,-1.0,55.6,33.3,0.0,87.5,10.0,12.0,16.0,13.0,1405.1,1457.6
2020-01-05,2019,Celta,Osasuna,1,1,D,U,2.1,3.35,3.63,7,1,6,1,10,0.0,1.0,1.0,1.0,2.0,4.0,-2.0,3.0,4.0,-1.0,-1.0,0.0,-1.0,0.0,1.0,-1.0,0.0,1.0,-1.0,22.2,44.4,22.2,33.3,14.0,12.0,18.0,13.0,1441.3,1443.0
2020-01-05,2019,Alaves,Betis,1,1,D,U,2.65,3.21,2.75,1,3,3,6,10,1.0,1.0,1.0,0.0,5.0,4.0,1.0,3.0,3.0,0.0,2.0,1.0,1.0,1.0,0.0,1.0,0.0,0.0,0.0,44.4,22.2,12.5,50.0,10.0,11.0,17.0,14.0,1483.0,1516.3
2020-01-04,2019,Valencia,Eibar,1,0,H,U,1.66,3.87,5.33,1,3,6,5,10,2.0,1.0,0.0,1.0,5.0,3.0,2.0,2.0,5.0,-3.0,3.0,-2.0,5.0,1.0,0.0,1.0,0.0,1.0,-1.0,44.4,0.0,11.1,44.4,17.0,10.0,14.0,13.0,1605.2,1491.4
2020-01-04,2019,Getafe,Real Madrid,0,3,A,O,4.31,3.63,1.85,4,8,7,4,10,2.0,1.0,0.0,0.0,6.0,3.0,3.0,0.0,2.0,-2.0,6.0,1.0,5.0,2.0,0.0,2.0,0.0,0.0,0.0,55.6,11.1,44.4,11.1,17.0,16.0,19.0,12.0,1582.8,1668.6
2020-01-04,2019,Espanol,Barcelona,2,2,D,O,6.76,4.69,1.45,3,7,4,5,10,0.0,2.0,1.0,0.0,5.0,5.0,0.0,7.0,3.0,4.0,-2.0,2.0,-4.0,0.0,0.0,0.0,1.0,0.0,1.0,0.0,77.8,44.4,33.3,11.0,16.0,12.0,16.0,1456.1,1758.0
2020-01-04,2019,Ath Madrid,Levante,2,1,H,O,1.28,5.65,11.17,8,3,5,5,10,2.0,1.0,1.0,2.0,5.0,3.0,2.0,2.0,7.0,-5.0,3.0,-4.0,7.0,2.0,0.0,2.0,0.0,1.0,-1.0,55.6,11.1,33.3,66.7,16.0,10.0,24.0,15.0,1673.8,1504.3
2020-01-03,2019,Valladolid,Leganes,2,2,D,O,2.72,2.83,3.06,5,5,4,3,9,0.0,0.0,1.0,1.0,1.0,2.0,-1.0,2.0,3.0,-1.0,-1.0,-1.0,0.0,0.0,0.0,0.0,0.0,0.0,0.0,25.0,12.5,0.0,62.5,9.0,7.0,14.0,5.0,1485.8,1445.8
2020-01-03,2019,Sevilla,Ath Bilbao,1,1,D,U,1.65,3.67,5.93,2,1,9,1,9,1.0,1.0,1.0,1.0,3.0,4.0,-1.0,3.0,4.0,-1.0,0.0,0.0,0.0,0.0,0.0,0.0,0.0,0.0,0.0,50.0,25.0,11.1,33.3,17.0,8.0,27.0,9.0,1595.9,1558.8
2019-12-22,2019,Real Madrid,Ath Bilbao,0,0,D,U,1.35,5.12,8.61,8,2,6,4,9,2.0,1.0,0.0,1.0,5.0,4.0,1.0,1.0,4.0,-3.0,4.0,0.0,4.0,2.0,0.0,2.0,0.0,0.0,0.0,75.0,0.0,12.5,37.5,25.0,8.0,18.0,15.0,1671.8,1555.5
2019-12-22,2019,Osasuna,Sociedad,3,4,A,O,2.8,3.29,2.58,7,7,8,3,9,1.0,1.0,1.0,1.0,6.0,3.0,3.0,5.0,4.0,1.0,1.0,-1.0,2.0,1.0,0.0,1.0,0.0,1.0,-1.0,37.5,12.5,44.4,33.3,14.0,13.0,13.0,12.0,1450.1,1552.9
2019-12-22,2019,Levante,Celta,3,1,H,O,2.62,3.49,2.6,7,5,8,7,9,2.0,1.0,1.0,2.0,7.0,6.0,1.0,6.0,8.0,-2.0,1.0,-2.0,3.0,1.0,1.0,0.0,1.0,1.0,0.0,50.0,25.0,12.5,62.5,15.0,16.0,10.0,9.0,1495.6,1450.0
2019-12-22,2019,Leganes,Espanol,2,0,H,U,2.12,3.09,3.93,5,3,1,5,10,1.0,0.0,2.0,3.0,5.0,1.0,4.0,6.0,8.0,-2.0,-1.0,-7.0,6.0,0.0,0.0,0.0,0.0,3.0,-3.0,22.2,66.7,25.0,50.0,17.0,8.0,7.0,10.0,1434.9,1467.0
2019-12-22,2019,Betis,Ath Madrid,1,2,A,O,3.82,3.33,2.06,2,5,5,3,10,2.0,0.0,1.0,0.0,6.0,2.0,4.0,5.0,2.0,3.0,1.0,0.0,1.0,0.0,0.0,0.0,0.0,0.0,0.0,55.6,22.2,25.0,12.5,19.0,14.0,12.0,17.0,1522.3,1667.7
2019-12-21,2019,Villarreal,Getafe,1,0,H,U,2.22,3.18,3.53,4,0,2,5,9,0.0,2.0,1.0,0.0,1.0,3.0,-2.0,3.0,1.0,2.0,-2.0,2.0,-4.0,0.0,0.0,0.0,1.0,0.0,1.0,37.5,12.5,37.5,25.0,11.0,10.0,27.0,15.0,1522.6,1594.9
2019-12-21,2019,Valladolid,Valencia,1,1,D,U,3.49,3.28,2.18,6,2,5,4,8,1.0,2.0,1.0,1.0,3.0,7.0,-4.0,1.0,5.0,-4.0,2.0,2.0,0.0,1.0,1.0,0.0,0.0,0.0,0.0,28.6,14.3,37.5,50.0,9.0,13.0,11.0,10.0,1482.4,1608.7
2019-12-21,2019,Mallorca,Sevilla,0,2,A,U,4.95,3.89,1.7,1,6,3,6,10,1.0,2.0,1.0,0.0,6.0,4.0,2.0,5.0,2.0,3.0,1.0,2.0,-1.0,1.0,0.0,1.0,0.0,0.0,0.0,44.4,33.3,55.6,22.2,13.0,12.0,13.0,14.0,1464.1,1589.4
2019-12-21,2019,Barcelona,Alaves,4,1,H,O,1.15,8.35,18.61,4,3,3,4,9,2.0,1.0,0.0,2.0,9.0,4.0,5.0,3.0,7.0,-4.0,6.0,-3.0,9.0,2.0,1.0,1.0,0.0,2.0,-2.0,87.5,0.0,12.5,75.0,26.0,9.0,12.0,7.0,1754.4,1486.5
2019-12-20,2019,Eibar,Granada,3,0,H,O,2.09,3.21,3.94,7,1,5,5,9,0.0,0.0,3.0,3.0,0.0,1.0,-1.0,7.0,7.0,0.0,-7.0,-6.0,-1.0,0.0,0.0,0.0,2.0,3.0,-1.0,37.5,62.5,25.0,50.0,11.0,4.0,19.0,10.0,1483.4,1413.1
2019-12-18,2019,Barcelona,Real Madrid,0,0,D,U,1.74,4.16,4.3,2,4,2,6,8,3.0,2.0,0.0,0.0,14.0,7.0,7.0,4.0,2.0,2.0,10.0,5.0,5.0,3.0,1.0,2.0,0.0,0.0,0.0,100.0,0.0,50.0,12.5,33.0,17.0,16.0,12.0,1756.9,1669.3
2019-12-15,2019,Valencia,Real Madrid,1,1,D,U,3.75,3.91,1.9,6,6,1,2,9,2.0,2.0,0.0,1.0,5.0,6.0,-1.0,2.0,2.0,0.0,3.0,4.0,-1.0,1.0,1.0,0.0,0.0,0.0,0.0,50.0,0.0,57.1,14.3,14.0,15.0,19.0,14.0,1606.9,1671.2
2019-12-15,2019,Sevilla,Villarreal,1,2,A,O,1.69,4.07,4.78,5,3,14,2,8,2.0,0.0,0.0,3.0,4.0,3.0,1.0,1.0,7.0,-6.0,3.0,-4.0,7.0,1.0,0.0,1.0,0.0,1.0,-1.0,57.1,14.3,25.0,75.0,20.0,15.0,18.0,12.0,1602.0,1510.0
2019-12-15,2019,Getafe,Valladolid,2,0,H,U,1.65,3.58,6.07,3,3,4,3,9,2.0,0.0,0.0,2.0,7.0,1.0,6.0,1.0,8.0,-7.0,6.0,-7.0,13.0,2.0,0.0,2.0,0.0,2.0,-2.0,50.0,12.5,22.2,44.4,17.0,4.0,17.0,13.0,1587.6,1489.6
2019-12-15,2019,Espanol,Betis,2,2,D,O,2.57,3.36,2.76,4,5,7,5,9,0.0,1.0,2.0,1.0,4.0,2.0,2.0,7.0,2.0,5.0,-3.0,0.0,-3.0,0.0,0.0,0.0,1.0,0.0,1.0,0.0,87.5,14.3,57.1,11.0,6.0,10.0,11.0,1465.3,1524.0
2019-12-15,2019,Celta,Mallorca,2,2,D,O,1.69,3.76,5.22,7,2,3,3,9,0.0,0.0,2.0,3.0,0.0,3.0,-3.0,2.0,10.0,-8.0,-2.0,-7.0,5.0,0.0,0.0,0.0,0.0,2.0,-2.0,25.0,50.0,0.0,100.0,8.0,11.0,18.0,16.0,1449.6,1464.6
2019-12-14,2019,Sociedad,Barcelona,2,2,D,O,4.76,4.24,1.67,5,5,8,5,8,1.0,2.0,1.0,1.0,6.0,4.0,2.0,4.0,4.0,0.0,2.0,0.0,2.0,1.0,0.0,1.0,0.0,1.0,-1.0,57.1,28.6,50.0,37.5,14.0,17.0,20.0,14.0,1547.4,1762.4
2019-12-14,2019,Granada,Levante,1,2,A,O,2.01,3.55,3.73,4,6,8,6,9,1.0,1.0,1.0,2.0,5.0,3.0,2.0,3.0,7.0,-4.0,2.0,-4.0,6.0,1.0,0.0,1.0,0.0,1.0,-1.0,62.5,25.0,25.0,75.0,9.0,8.0,12.0,14.0,1421.2,1487.5
2019-12-14,2019,Ath Madrid,Osasuna,2,0,H,U,1.4,4.27,10.06,9,3,6,5,9,2.0,1.0,1.0,0.0,5.0,6.0,-1.0,2.0,4.0,-2.0,3.0,2.0,1.0,2.0,1.0,1.0,0.0,0.0,0.0,50.0,12.5,25.0,25.0,9.0,13.0,25.0,11.0,1663.1,1454.8
2019-12-14,2019,Ath Bilbao,Eibar,0,0,D,U,1.7,3.58,5.52,3,2,6,7,9,3.0,1.0,0.0,2.0,7.0,3.0,4.0,1.0,7.0,-6.0,6.0,-4.0,10.0,2.0,0.0,2.0,0.0,2.0,-2.0,75.0,12.5,12.5,50.0,21.0,11.0,16.0,9.0,1557.7,1481.3
2019-12-13,2019,Alaves,Leganes,1,1,D,U,2.53,2.95,3.2,3,1,2,0,9,1.0,0.0,1.0,2.0,5.0,1.0,4.0,3.0,7.0,-4.0,2.0,-6.0,8.0,1.0,0.0,1.0,0.0,1.0,-1.0,50.0,25.0,0.0,71.4,10.0,9.0,19.0,8.0,1488.1,1433.3
2019-12-08,2019,Valladolid,Sociedad,0,0,D,U,3.27,3.22,2.31,2,2,1,4,7,2.0,2.0,1.0,1.0,5.0,4.0,1.0,1.0,4.0,-3.0,4.0,0.0,4.0,2.0,0.0,2.0,0.0,1.0,-1.0,33.3,16.7,50.0,37.5,11.0,15.0,14.0,15.0,1487.9,1549.1
2019-12-08,2019,Osasuna,Sevilla,1,1,D,U,3.44,3.38,2.16,1,4,2,6,8,2.0,2.0,1.0,0.0,8.0,4.0,4.0,5.0,2.0,3.0,3.0,2.0,1.0,2.0,0.0,2.0,0.0,0.0,0.0,42.9,14.3,62.5,25.0,26.0,9.0,17.0,9.0,1450.6,1606.2
2019-12-08,2019,Leganes,Celta,3,2,H,O,2.35,3.09,3.34,8,4,3,5,9,1.0,1.0,2.0,2.0,3.0,5.0,-2.0,4.0,7.0,-3.0,-1.0,-2.0,1.0,0.0,1.0,-1.0,0.0,1.0,-1.0,12.5,75.0,14.3,57.1,12.0,17.0,8.0,14.0,1422.2,1460.7
2019-12-08,2019,Eibar,Getafe,0,1,A,U,2.77,2.98,2.83,3,3,3,8,8,1.0,1.0,2.0,1.0,2.0,2.0,0.0,7.0,3.0,4.0,-5.0,-1.0,-4.0,0.0,0.0,0.0,2.0,1.0,1.0,42.9,57.1,28.6,28.6,16.0,11.0,24.0,7.0,1488.7,1580.2
2019-12-08,2019,Betis,Ath Bilbao,3,2,H,O,2.33,3.24,3.21,6,2,3,3,9,2.0,1.0,1.0,1.0,5.0,2.0,3.0,4.0,3.0,1.0,1.0,-1.0,2.0,0.0,0.0,0.0,0.0,1.0,-1.0,50.0,25.0,14.3,28.6,20.0,8.0,14.0,19.0,1512.4,1569.3
2019-12-07,2019,Real Madrid,Espanol,2,0,H,U,1.2,7.06,14.13,8,2,5,3,8,2.0,1.0,0.0,2.0,8.0,2.0,6.0,1.0,6.0,-5.0,7.0,-4.0,11.0,2.0,0.0,2.0,0.0,2.0,-2.0,71.4,0.0,28.6,42.9,28.0,9.0,21.0,14.0,1666.3,1470.2
2019-12-07,2019,Levante,Valencia,2,4,A,O,3.05,3.76,2.2,6,6,5,1,8,2.0,1.0,1.0,2.0,5.0,4.0,1.0,3.0,6.0,-3.0,2.0,-2.0,4.0,1.0,0.0,1.0,0.0,1.0,-1.0,57.1,14.3,28.6,57.1,12.0,8.0,9.0,10.0,1494.6,1599.8
2019-12-07,2019,Granada,Alaves,3,0,H,O,2.24,3.06,3.65,3,1,6,2,8,1.0,1.0,1.0,2.0,3.0,5.0,-2.0,3.0,8.0,-5.0,0.0,-3.0,3.0,0.0,1.0,-1.0,0.0,2.0,-2.0,57.1,28.6,14.3,71.4,9.0,11.0,10.0,9.0,1408.6,1500.7
2019-12-07,2019,Barcelona,Mallorca,5,2,H,O,1.12,9.16,21.61,17,3,8,4,7,3.0,0.0,0.0,3.0,13.0,1.0,12.0,2.0,6.0,-4.0,11.0,-5.0,16.0,3.0,0.0,3.0,0.0,1.0,-1.0,100.0,0.0,0.0,100.0,24.0,9.0,15.0,17.0,1759.3,1467.7
2019-12-06,2019,Villarreal,Ath Madrid,0,0,D,U,3.52,3.29,2.19,3,3,11,6,8,1.0,0.0,1.0,0.0,5.0,3.0,2.0,4.0,3.0,1.0,1.0,0.0,1.0,1.0,0.0,1.0,1.0,0.0,1.0,42.9,14.3,28.6,14.3,16.0,14.0,21.0,12.0,1505.7,1667.5
2019-12-01,2019,Sevilla,Leganes,1,0,H,U,1.53,4.01,6.86,8,4,7,4,7,2.0,0.0,0.0,2.0,4.0,1.0,3.0,1.0,8.0,-7.0,3.0,-7.0,10.0,1.0,0.0,1.0,0.0,2.0,-2.0,50.0,16.7,0.0,66.7,17.0,8.0,20.0,7.0,1600.8,1427.6
2019-12-01,2019,Getafe,Levante,4,0,H,O,1.68,3.77,5.32,9,2,6,7,8,2.0,1.0,0.0,2.0,5.0,3.0,2.0,1.0,4.0,-3.0,4.0,-1.0,5.0,2.0,0.0,2.0,0.0,0.0,0.0,42.9,14.3,28.6,71.4,10.0,11.0,13.0,8.0,1572.2,1502.6
2019-12-01,2019,Espanol,Osasuna,2,4,A,O,2.21,3.23,3.49,5,8,2,3,8,0.0,0.0,2.0,1.0,2.0,2.0,0.0,4.0,3.0,1.0,-2.0,-1.0,-1.0,0.0,0.0,0.0,0.0,0.0,0.0,0.0,85.7,14.3,28.6,9.0,9.0,15.0,15.0,1481.4,1439.4
2019-12-01,2019,Ath Madrid,Barcelona,0,1,A,U,2.79,3.24,2.61,2,5,9,5,8,2.0,2.0,0.0,1.0,6.0,6.0,0.0,2.0,4.0,-2.0,4.0,2.0,2.0,2.0,1.0,1.0,0.0,1.0,-1.0,57.1,0.0,42.9,42.9,11.0,16.0,18.0,11.0,1675.3,1751.4
2019-12-01,2019,Ath Bilbao,Granada,2,0,H,U,1.71,3.42,5.85,6,1,4,3,8,2.0,0.0,0.0,3.0,6.0,3.0,3.0,2.0,9.0,-7.0,4.0,-6.0,10.0,1.0,0.0,1.0,0.0,3.0,-3.0,71.4,14.3,28.6,42.9,22.0,8.0,15.0,9.0,1563.4,1414.5
2019-11-30,2019,Valencia,Villarreal,2,1,H,O,2.38,3.43,2.96,7,7,6,4,8,2.0,1.0,0.0,2.0,5.0,3.0,2.0,2.0,5.0,-3.0,3.0,-2.0,5.0,1.0,0.0,1.0,0.0,1.0,-1.0,42.9,0.0,28.6,71.4,10.0,13.0,17.0,11.0,1592.1,1513.4
2019-11-30,2019,Sociedad,Eibar,4,1,H,O,1.71,3.84,4.93,4,4,6,4,7,1.0,1.0,1.0,1.0,5.0,3.0,2.0,4.0,4.0,0.0,1.0,-1.0,2.0,1.0,0.0,1.0,0.0,1.0,-1.0,50.0,33.3,14.3,42.9,16.0,9.0,25.0,14.0,1540.4,1497.5
2019-11-30,2019,Mallorca,Betis,1,2,A,O,2.66,3.33,2.68,7,3,6,5,9,2.0,0.0,0.0,2.0,6.0,1.0,5.0,3.0,4.0,-1.0,3.0,-3.0,6.0,1.0,0.0,1.0,0.0,1.0,-1.0,50.0,25.0,0.0,66.7,7.0,8.0,11.0,8.0,1477.0,1503.1
2019-11-30,2019,Alaves,Real Madrid,1,2,A,O,6.03,4.44,1.52,2,6,9,4,8,2.0,1.0,0.0,1.0,6.0,4.0,2.0,1.0,1.0,0.0,5.0,3.0,2.0,2.0,1.0,1.0,0.0,0.0,0.0,57.1,14.3,50.0,16.7,13.0,12.0,14.0,17.0,1506.5,1660.4
2019-11-29,2019,Celta,Valladolid,0,0,D,U,1.74,3.62,5.13,5,2,11,3,8,1.0,0.0,2.0,2.0,1.0,2.0,-1.0,2.0,9.0,-7.0,-1.0,-7.0,6.0,0.0,0.0,0.0,0.0,2.0,-2.0,28.6,57.1,25.0,50.0,5.0,5.0,13.0,14.0,1459.9,1488.7
2019-11-24,2019,Villarreal,Celta,1,3,A,O,1.77,3.87,4.41,1,7,8,2,7,2.0,0.0,0.0,3.0,9.0,2.0,7.0,2.0,8.0,-6.0,7.0,-6.0,13.0,2.0,0.0,2.0,0.0,2.0,-2.0,50.0,0.0,0.0,66.7,25.0,12.0,16.0,18.0,1525.6,1447.7
2019-11-24,2019,Valladolid,Sevilla,0,1,A,U,4.14,3.59,1.89,1,2,8,4,6,2.0,1.0,0.0,1.0,5.0,3.0,2.0,0.0,6.0,-6.0,5.0,-3.0,8.0,2.0,0.0,2.0,0.0,1.0,-1.0,40.0,0.0,57.1,28.6,11.0,11.0,9.0,15.0,1495.9,1593.5
2019-11-24,2019,Osasuna,Ath Bilbao,1,2,A,O,2.61,2.98,3.01,7,4,6,2,7,3.0,0.0,0.0,2.0,9.0,0.0,9.0,4.0,3.0,1.0,5.0,-3.0,8.0,2.0,0.0,2.0,0.0,1.0,-1.0,50.0,0.0,0.0,33.3,23.0,6.0,19.0,21.0,1446.3,1556.4
2019-11-24,2019,Espanol,Getafe,1,1,D,U,2.77,2.94,2.85,2,2,3,3,7,0.0,2.0,3.0,1.0,1.0,3.0,-2.0,5.0,3.0,2.0,-4.0,0.0,-4.0,0.0,0.0,0.0,1.0,1.0,0.0,0.0,100.0,33.3,33.3,9.0,13.0,16.0,12.0,1478.7,1574.9
2019-11-24,2019,Eibar,Alaves,0,2,A,U,1.85,3.4,4.65,7,5,10,4,7,1.0,0.0,2.0,3.0,2.0,4.0,-2.0,8.0,10.0,-2.0,-6.0,-6.0,0.0,0.0,0.0,0.0,2.0,2.0,0.0,50.0,50.0,0.0,83.3,9.0,10.0,16.0,12.0,1507.8,1496.2
2019-11-23,2019,Real Madrid,Sociedad,3,1,H,O,1.37,5.4,7.42,10,6,4,3,7,2.0,2.0,0.0,1.0,9.0,5.0,4.0,2.0,4.0,-2.0,7.0,1.0,6.0,2.0,0.0,2.0,0.0,0.0,0.0,66.7,0.0,57.1,28.6,28.0,11.0,23.0,12.0,1653.4,1547.4
2019-11-23,2019,Leganes,Barcelona,1,2,A,O,6.98,4.46,1.47,4,6,0,6,8,1.0,2.0,2.0,1.0,3.0,6.0,-3.0,4.0,3.0,1.0,-1.0,3.0,-4.0,0.0,2.0,-2.0,0.0,1.0,-1.0,14.3,71.4,33.3,50.0,18.0,16.0,17.0,6.0,1430.4,1748.7
2019-11-23,2019,Granada,Ath Madrid,1,1,D,U,4.89,3.1,1.92,3,6,2,8,7,2.0,0.0,1.0,0.0,3.0,2.0,1.0,2.0,2.0,0.0,1.0,0.0,1.0,0.0,0.0,0.0,0.0,0.0,0.0,66.7,33.3,33.3,16.7,8.0,9.0,10.0,8.0,1408.0,1681.9
2019-11-23,2019,Betis,Valencia,2,1,H,O,2.41,3.4,2.93,8,3,5,4,8,1.0,1.0,1.0,1.0,4.0,4.0,0.0,4.0,5.0,-1.0,0.0,-1.0,1.0,0.0,0.0,0.0,0.0,1.0,-1.0,42.9,28.6,33.3,50.0,15.0,8.0,13.0,10.0,1489.9,1605.3
2019-11-22,2019,Levante,Mallorca,2,1,H,O,1.77,3.77,4.64,6,7,3,6,7,1.0,0.0,1.0,3.0,4.0,0.0,4.0,3.0,6.0,-3.0,1.0,-6.0,7.0,1.0,0.0,1.0,0.0,2.0,-2.0,50.0,16.7,0.0,100.0,11.0,3.0,13.0,12.0,1492.8,1486.8
2019-11-10,2019,Mallorca,Villarreal,3,1,H,O,3.35,3.45,2.17,3,6,2,5,8,2.0,1.0,0.0,2.0,5.0,3.0,2.0,2.0,4.0,-2.0,3.0,-1.0,4.0,1.0,0.0,1.0,0.0,0.0,0.0,42.9,28.6,33.3,66.7,7.0,12.0,11.0,15.0,1475.0,1537.4
2019-11-10,2019,Getafe,Osasuna,0,0,D,U,1.95,3.26,4.35,5,1,9,5,7,2.0,0.0,1.0,1.0,5.0,3.0,2.0,3.0,4.0,-1.0,2.0,-1.0,3.0,2.0,0.0,2.0,1.0,0.0,1.0,50.0,16.7,16.7,33.3,6.0,11.0,8.0,21.0,1578.6,1442.6
2019-11-10,2019,Betis,Sevilla,1,2,A,O,3.4,3.44,2.15,5,6,4,4,7,2.0,0.0,0.0,2.0,6.0,3.0,3.0,3.0,8.0,-5.0,3.0,-5.0,8.0,1.0,0.0,1.0,0.0,1.0,-1.0,50.0,16.7,50.0,33.3,15.0,9.0,14.0,12.0,1497.4,1586.0
2019-11-10,2019,Ath Madrid,Espanol,3,1,H,O,1.46,4.02,8.64,5,1,9,2,7,1.0,1.0,0.0,2.0,3.0,1.0,2.0,1.0,5.0,-4.0,2.0,-4.0,6.0,1.0,0.0,1.0,0.0,2.0,-2.0,50.0,0.0,33.3,33.3,7.0,11.0,14.0,16.0,1676.9,1483.7
2019-11-10,2019,Ath Bilbao,Levante,2,1,H,O,1.69,3.77,5.18,10,2,10,2,7,1.0,2.0,1.0,1.0,4.0,4.0,0.0,2.0,3.0,-1.0,2.0,1.0,1.0,1.0,0.0,1.0,0.0,0.0,0.0,66.7,16.7,33.3,66.7,15.0,11.0,12.0,10.0,1547.8,1501.5
2019-11-09,2019,Valencia,Granada,2,0,H,U,1.67,3.63,5.87,4,1,7,4,7,1.0,0.0,0.0,2.0,6.0,4.0,2.0,5.0,8.0,-3.0,1.0,-4.0,5.0,0.0,0.0,0.0,0.0,2.0,-2.0,33.3,0.0,33.3,33.3,10.0,11.0,14.0,8.0,1600.2,1413.0
2019-11-09,2019,Eibar,Real Madrid,0,4,A,O,5.48,4.13,1.6,1,5,6,6,6,2.0,1.0,1.0,1.0,4.0,1.0,3.0,4.0,1.0,3.0,0.0,0.0,0.0,1.0,0.0,1.0,1.0,0.0,1.0,60.0,40.0,40.0,20.0,11.0,11.0,16.0,17.0,1514.2,1647.0
2019-11-09,2019,Barcelona,Celta,4,1,H,O,1.21,6.93,13.22,7,5,2,2,6,3.0,0.0,0.0,3.0,11.0,1.0,10.0,2.0,6.0,-4.0,9.0,-5.0,14.0,2.0,0.0,2.0,0.0,2.0,-2.0,100.0,0.0,0.0,60.0,21.0,9.0,19.0,21.0,1745.6,1450.8
2019-11-09,2019,Alaves,Valladolid,3,0,H,O,2.4,3.02,3.34,5,1,6,7,7,2.0,1.0,0.0,1.0,5.0,4.0,1.0,1.0,6.0,-5.0,4.0,-2.0,6.0,2.0,1.0,1.0,0.0,1.0,-1.0,50.0,16.7,28.6,42.9,14.0,10.0,12.0,10.0,1485.6,1506.6
2019-11-08,2019,Sociedad,Leganes,1,1,D,U,1.84,3.34,4.95,5,2,5,1,6,1.0,0.0,2.0,3.0,5.0,0.0,5.0,5.0,8.0,-3.0,0.0,-8.0,8.0,1.0,0.0,1.0,0.0,2.0,-2.0,60.0,40.0,0.0,80.0,14.0,12.0,23.0,9.0,1550.8,1427.0
2019-11-03,2019,Villarreal,Ath Bilbao,0,0,D,U,1.88,3.5,4.36,7,2,8,10,6,3.0,0.0,0.0,2.0,11.0,1.0,10.0,2.0,4.0,-2.0,9.0,-3.0,12.0,3.0,0.0,3.0,0.0,1.0,-1.0,60.0,0.0,0.0,40.0,24.0,6.0,12.0,16.0,1537.1,1548.1
2019-11-03,2019,Valladolid,Mallorca,3,0,H,O,2.07,3.29,3.86,6,1,2,6,5,1.0,0.0,0.0,3.0,3.0,2.0,1.0,1.0,7.0,-6.0,2.0,-5.0,7.0,1.0,0.0,1.0,0.0,2.0,-2.0,25.0,0.0,0.0,100.0,10.0,5.0,13.0,8.0,1496.9,1484.7
2019-11-03,2019,Osasuna,Alaves,4,2,H,O,2.08,3.04,4.25,6,3,5,1,6,2.0,0.0,0.0,3.0,5.0,2.0,3.0,2.0,9.0,-7.0,3.0,-7.0,10.0,1.0,0.0,1.0,0.0,2.0,-2.0,40.0,0.0,0.0,80.0,23.0,7.0,23.0,14.0,1430.7,1497.5
2019-11-03,2019,Leganes,Eibar,1,2,A,O,2.32,3.17,3.32,5,4,4,2,7,1.0,0.0,1.0,1.0,3.0,1.0,2.0,3.0,3.0,0.0,0.0,-2.0,2.0,0.0,0.0,0.0,0.0,1.0,-1.0,16.7,66.7,0.0,50.0,16.0,9.0,17.0,19.0,1434.9,1506.2
2019-11-03,2019,Granada,Sociedad,1,2,A,O,3.05,3.17,2.47,3,5,4,5,6,3.0,2.0,0.0,1.0,3.0,6.0,-3.0,0.0,4.0,-4.0,3.0,2.0,1.0,0.0,1.0,-1.0,0.0,0.0,0.0,80.0,20.0,50.0,33.3,9.0,11.0,14.0,14.0,1419.6,1544.3
2019-11-03,2019,Celta,Getafe,0,1,A,U,2.57,3.05,3.02,2,5,4,4,7,1.0,1.0,1.0,1.0,2.0,5.0,-3.0,2.0,6.0,-4.0,0.0,-1.0,1.0,0.0,0.0,0.0,0.0,1.0,-1.0,33.3,50.0,20.0,40.0,6.0,13.0,15.0,13.0,1457.6,1571.8
2019-11-02,2019,Sevilla,Ath Madrid,1,1,D,U,2.39,3.14,3.24,4,5,6,3,6,3.0,1.0,0.0,0.0,6.0,3.0,3.0,2.0,1.0,1.0,4.0,2.0,2.0,1.0,1.0,0.0,0.0,0.0,0.0,60.0,20.0,40.0,20.0,21.0,7.0,21.0,10.0,1583.3,1679.6
2019-11-02,2019,Real Madrid,Betis,0,0,D,U,1.28,6.27,9.58,7,3,9,4,6,3.0,0.0,0.0,3.0,11.0,2.0,9.0,2.0,9.0,-7.0,9.0,-7.0,16.0,3.0,0.0,3.0,0.0,2.0,-2.0,80.0,0.0,0.0,80.0,25.0,11.0,21.0,11.0,1651.3,1493.2
2019-11-02,2019,Levante,Barcelona,3,1,H,O,8.36,5.92,1.32,3,6,2,3,6,0.0,2.0,1.0,1.0,1.0,5.0,-4.0,2.0,2.0,0.0,-1.0,3.0,-4.0,0.0,2.0,-2.0,0.0,1.0,-1.0,40.0,20.0,40.0,40.0,12.0,11.0,17.0,8.0,1484.8,1762.2
2019-11-02,2019,Espanol,Valencia,1,2,A,O,2.77,3.21,2.68,4,4,5,5,6,0.0,1.0,3.0,1.0,1.0,3.0,-2.0,6.0,4.0,2.0,-5.0,-1.0,-4.0,0.0,0.0,0.0,2.0,1.0,1.0,0.0,100.0,20.0,60.0,8.0,10.0,16.0,12.0,1490.8,1593.0
2019-10-31,2019,Mallorca,Osasuna,2,2,D,O,2.53,3.01,3.1,3,4,5,3,7,2.0,0.0,1.0,2.0,3.0,1.0,2.0,2.0,4.0,-2.0,1.0,-3.0,4.0,1.0,0.0,1.0,1.0,1.0,0.0,50.0,33.3,20.0,40.0,7.0,7.0,14.0,23.0,1486.3,1429.0
2019-10-31,2019,Getafe,Granada,3,1,H,O,1.92,3.25,4.57,3,2,2,3,6,2.0,1.0,1.0,1.0,6.0,5.0,1.0,4.0,5.0,-1.0,2.0,0.0,2.0,2.0,1.0,1.0,1.0,1.0,0.0,40.0,20.0,40.0,20.0,8.0,12.0,13.0,10.0,1565.6,1425.8
2019-10-31,2019,Eibar,Villarreal,2,1,H,O,2.73,3.42,2.56,8,2,8,3,5,2.0,1.0,1.0,2.0,5.0,3.0,2.0,5.0,4.0,1.0,0.0,-1.0,1.0,1.0,0.0,1.0,1.0,0.0,1.0,50.0,50.0,40.0,60.0,7.0,13.0,11.0,17.0,1494.6,1548.6
2019-10-30,2019,Valencia,Sevilla,1,1,D,U,2.84,3.38,2.5,3,1,6,1,6,1.0,1.0,0.0,2.0,6.0,3.0,3.0,5.0,7.0,-2.0,1.0,-4.0,5.0,0.0,0.0,0.0,0.0,1.0,-1.0,40.0,0.0,60.0,40.0,11.0,15.0,14.0,17.0,1593.3,1583.0
2019-10-30,2019,Sociedad,Levante,1,2,A,O,1.5,4.55,6.21,5,4,9,5,5,2.0,1.0,1.0,2.0,7.0,3.0,4.0,3.0,5.0,-2.0,4.0,-2.0,6.0,2.0,0.0,2.0,0.0,1.0,-1.0,75.0,25.0,20.0,80.0,16.0,10.0,19.0,7.0,1556.7,1472.4
2019-10-30,2019,Real Madrid,Leganes,5,0,H,O,1.27,5.87,11.5,11,3,8,3,5,3.0,0.0,0.0,2.0,9.0,1.0,8.0,4.0,4.0,0.0,5.0,-3.0,8.0,2.0,0.0,2.0,0.0,1.0,-1.0,75.0,0.0,0.0,75.0,25.0,13.0,22.0,12.0,1646.6,1439.6
2019-10-30,2019,Betis,Celta,2,1,H,O,2.07,3.47,3.63,7,5,5,10,6,1.0,0.0,0.0,2.0,5.0,0.0,5.0,3.0,4.0,-1.0,2.0,-4.0,6.0,1.0,0.0,1.0,0.0,2.0,-2.0,40.0,20.0,0.0,50.0,10.0,7.0,14.0,14.0,1483.6,1467.1
2019-10-30,2019,Ath Bilbao,Espanol,3,0,H,O,1.91,3.19,4.76,5,5,2,5,6,1.0,1.0,1.0,1.0,3.0,2.0,1.0,2.0,3.0,-1.0,1.0,-1.0,2.0,1.0,0.0,1.0,0.0,1.0,-1.0,60.0,20.0,40.0,20.0,14.0,10.0,13.0,15.0,1539.2,1499.7
2019-10-29,2019,Barcelona,Valladolid,5,1,H,O,1.13,9.03,19.44,9,1,6,3,5,3.0,1.0,0.0,1.0,11.0,3.0,8.0,3.0,3.0,0.0,8.0,0.0,8.0,2.0,1.0,1.0,0.0,1.0,-1.0,100.0,0.0,33.3,33.3,22.0,12.0,15.0,15.0,1758.5,1500.6
2019-10-29,2019,Alaves,Ath Madrid,1,1,D,U,6.12,3.45,1.69,3,3,4,1,6,2.0,1.0,1.0,1.0,4.0,2.0,2.0,1.0,2.0,-1.0,3.0,0.0,3.0,2.0,1.0,1.0,0.0,1.0,-1.0,60.0,20.0,50.0,25.0,11.0,6.0,10.0,14.0,1492.5,1684.7
2019-10-27,2019,Sevilla,Getafe,2,0,H,U,1.73,3.62,5.22,8,4,5,0,5,2.0,1.0,1.0,0.0,4.0,6.0,-2.0,3.0,5.0,-2.0,1.0,1.0,0.0,0.0,0.0,0.0,0.0,0.0,0.0,50.0,25.0,25.0,25.0,13.0,13.0,25.0,19.0,1572.9,1575.7
2019-10-27,2019,Osasuna,Valencia,3,1,H,O,2.78,3.17,2.68,13,1,6,1,5,1.0,1.0,0.0,1.0,4.0,4.0,0.0,3.0,6.0,-3.0,1.0,-2.0,3.0,0.0,0.0,0.0,0.0,1.0,-1.0,25.0,0.0,25.0,50.0,15.0,12.0,20.0,16.0,1413.9,1608.4
2019-10-27,2019,Levante,Espanol,0,1,A,U,2.19,3.4,3.38,3,3,4,7,5,1.0,1.0,0.0,1.0,3.0,3.0,0.0,1.0,4.0,-3.0,2.0,-1.0,3.0,1.0,0.0,1.0,0.0,1.0,-1.0,50.0,0.0,25.0,25.0,12.0,9.0,19.0,10.0,1482.2,1489.9
2019-10-27,2019,Granada,Betis,1,0,H,U,2.5,3.33,2.87,3,0,4,2,5,3.0,0.0,0.0,2.0,4.0,2.0,2.0,0.0,8.0,-8.0,4.0,-6.0,10.0,1.0,0.0,1.0,0.0,2.0,-2.0,75.0,25.0,0.0,75.0,10.0,13.0,14.0,13.0,1413.5,1496.0
2019-10-27,2019,Celta,Sociedad,0,1,A,U,2.84,3.29,2.54,1,4,3,7,6,1.0,1.0,1.0,2.0,2.0,5.0,-3.0,3.0,6.0,-3.0,-1.0,-1.0,0.0,0.0,1.0,-1.0,1.0,1.0,0.0,40.0,40.0,40.0,40.0,5.0,9.0,15.0,7.0,1475.0,1548.7
2019-10-26,2019,Valladolid,Eibar,2,0,H,U,2.42,3.12,3.17,4,3,4,3,4,0.0,0.0,0.0,1.0,2.0,3.0,-1.0,2.0,4.0,-2.0,0.0,-1.0,1.0,0.0,0.0,0.0,0.0,0.0,0.0,0.0,0.0,0.0,40.0,7.0,8.0,19.0,17.0,1490.2,1505.1
2019-10-26,2019,Leganes,Mallorca,1,0,H,U,1.85,3.39,4.79,3,1,4,5,6,0.0,0.0,2.0,3.0,2.0,2.0,0.0,6.0,8.0,-2.0,-4.0,-6.0,2.0,0.0,0.0,0.0,1.0,3.0,-2.0,0.0,80.0,0.0,100.0,17.0,5.0,21.0,7.0,1427.6,1498.3
2019-10-26,2019,Ath Madrid,Ath Bilbao,2,0,H,U,1.74,3.37,5.73,2,2,7,7,6,0.0,0.0,0.0,1.0,1.0,1.0,0.0,1.0,2.0,-1.0,0.0,-1.0,1.0,0.0,0.0,0.0,0.0,0.0,0.0,40.0,0.0,0.0,25.0,10.0,9.0,20.0,15.0,1678.3,1545.6
2019-10-25,2019,Villarreal,Alaves,4,1,H,O,1.52,4.25,6.58,8,3,5,4,5,2.0,0.0,0.0,3.0,9.0,1.0,8.0,3.0,7.0,-4.0,6.0,-6.0,12.0,2.0,0.0,2.0,0.0,2.0,-2.0,50.0,0.0,0.0,75.0,21.0,5.0,8.0,12.0,1539.7,1501.4
2019-10-20,2019,Sociedad,Betis,3,1,H,O,1.76,3.88,4.5,6,5,11,2,4,2.0,0.0,1.0,2.0,6.0,3.0,3.0,2.0,10.0,-8.0,4.0,-7.0,11.0,2.0,0.0,2.0,0.0,2.0,-2.0,66.7,33.3,0.0,66.7,15.0,11.0,13.0,11.0,1539.7,1505.0
2019-10-20,2019,Sevilla,Levante,1,0,H,U,1.33,5.53,8.64,5,5,9,1,4,1.0,1.0,1.0,2.0,4.0,5.0,-1.0,4.0,7.0,-3.0,0.0,-2.0,2.0,0.0,0.0,0.0,0.0,1.0,-1.0,33.3,33.3,25.0,75.0,13.0,8.0,25.0,12.0,1565.1,1490.1
2019-10-20,2019,Espanol,Villarreal,0,1,A,U,3.04,3.4,2.36,3,5,7,3,5,0.0,1.0,3.0,2.0,1.0,5.0,-4.0,8.0,4.0,4.0,-7.0,1.0,-8.0,0.0,1.0,-1.0,3.0,0.0,3.0,0.0,100.0,25.0,75.0,8.0,12.0,17.0,20.0,1499.0,1530.6
2019-10-20,2019,Ath Bilbao,Valladolid,1,1,D,U,1.69,3.46,6.03,7,3,3,4,5,2.0,1.0,1.0,2.0,4.0,2.0,2.0,1.0,4.0,-3.0,3.0,-2.0,5.0,2.0,1.0,1.0,0.0,2.0,-2.0,75.0,25.0,40.0,40.0,12.0,13.0,13.0,17.0,1547.2,1488.5
2019-10-20,2019,Alaves,Celta,2,0,H,U,2.96,3.0,2.65,5,2,4,6,5,1.0,0.0,1.0,1.0,2.0,1.0,1.0,1.0,3.0,-2.0,1.0,-2.0,3.0,1.0,0.0,1.0,0.0,1.0,-1.0,50.0,25.0,0.0,33.3,8.0,6.0,9.0,9.0,1491.5,1484.8
2019-10-19,2019,Mallorca,Real Madrid,1,0,H,U,6.26,4.34,1.52,1,4,4,4,6,1.0,1.0,1.0,0.0,2.0,3.0,-1.0,2.0,2.0,0.0,0.0,1.0,-1.0,1.0,0.0,1.0,1.0,0.0,1.0,40.0,40.0,50.0,0.0,7.0,12.0,14.0,21.0,1483.6,1661.3
2019-10-19,2019,Getafe,Leganes,2,0,H,U,1.84,3.21,5.17,2,3,2,3,5,1.0,0.0,1.0,2.0,5.0,2.0,3.0,5.0,4.0,1.0,0.0,-2.0,2.0,1.0,0.0,1.0,1.0,0.0,1.0,25.0,25.0,0.0,66.7,7.0,17.0,15.0,17.0,1569.4,1433.9
2019-10-19,2019,Eibar,Barcelona,0,3,A,O,5.8,4.5,1.53,0,4,2,2,4,2.0,1.0,1.0,1.0,6.0,4.0,2.0,4.0,4.0,0.0,2.0,0.0,2.0,1.0,1.0,0.0,0.0,1.0,-1.0,66.7,33.3,25.0,50.0,8.0,11.0,16.0,8.0,1509.0,1754.6
2019-10-19,2019,Ath Madrid,Valencia,1,1,D,U,1.61,3.87,5.95,4,3,2,4,5,1.0,1.0,0.0,2.0,3.0,3.0,0.0,2.0,6.0,-4.0,1.0,-3.0,4.0,0.0,0.0,0.0,0.0,1.0,-1.0,50.0,0.0,33.3,66.7,9.0,10.0,19.0,16.0,1680.4,1606.3
2019-10-18,2019,Granada,Osasuna,1,0,H,U,2.4,3.01,3.38,2,4,2,7,4,2.0,0.0,1.0,1.0,3.0,2.0,1.0,1.0,4.0,-3.0,2.0,-2.0,4.0,1.0,0.0,1.0,0.0,1.0,-1.0,66.7,33.3,25.0,25.0,8.0,8.0,18.0,22.0,1402.8,1424.6
2019-10-06,2019,Valladolid,Ath Madrid,0,0,D,U,5.36,3.52,1.74,1,1,3,4,3,,2.0,,1.0,,3.0,,,2.0,,,1.0,,,1.0,,,1.0,,0.0,0.0,66.7,33.3,,9.0,,14.0,1483.3,1685.6
2019-10-06,2019,Sociedad,Getafe,1,2,A,O,1.9,3.36,4.46,3,4,3,8,3,,0.0,,1.0,,4.0,,,5.0,,,-1.0,,,0.0,,,0.0,,100.0,0.0,0.0,33.3,,9.0,,15.0,1549.4,1559.7
2019-10-06,2019,Mallorca,Espanol,2,0,H,U,2.49,3.13,3.06,3,3,2,4,5,0.0,1.0,2.0,0.0,0.0,3.0,-3.0,3.0,2.0,1.0,-3.0,1.0,-4.0,0.0,0.0,0.0,1.0,0.0,1.0,25.0,50.0,33.3,0.0,8.0,7.0,17.0,11.0,1472.5,1510.1
2019-10-06,2019,Celta,Ath Bilbao,1,0,H,U,2.7,3.04,2.87,2,2,6,4,5,1.0,0.0,1.0,0.0,2.0,2.0,0.0,3.0,2.0,1.0,-1.0,0.0,-1.0,0.0,0.0,0.0,1.0,0.0,1.0,25.0,50.0,0.0,0.0,9.0,9.0,15.0,17.0,1472.4,1559.7
2019-10-06,2019,Barcelona,Sevilla,4,0,H,O,1.51,4.46,6.19,8,4,7,10,4,3.0,2.0,0.0,1.0,12.0,4.0,8.0,5.0,3.0,2.0,7.0,1.0,6.0,2.0,0.0,2.0,0.0,0.0,0.0,100.0,0.0,75.0,25.0,21.0,17.0,19.0,13.0,1749.3,1570.3
2019-10-05,2019,Valencia,Alaves,2,1,H,O,1.52,4.1,6.81,3,4,4,7,5,1.0,0.0,0.0,2.0,6.0,1.0,5.0,4.0,6.0,-2.0,2.0,-5.0,7.0,1.0,0.0,1.0,0.0,2.0,-2.0,25.0,0.0,0.0,66.7,12.0,2.0,17.0,7.0,1599.1,1498.7
2019-10-05,2019,Real Madrid,Granada,4,2,H,O,1.3,5.78,9.42,10,5,6,2,4,2.0,2.0,0.0,0.0,6.0,6.0,0.0,3.0,1.0,2.0,3.0,5.0,-2.0,1.0,2.0,-1.0,0.0,0.0,0.0,66.7,0.0,50.0,0.0,19.0,13.0,20.0,14.0,1657.5,1406.6
2019-10-05,2019,Osasuna,Villarreal,2,1,H,O,2.99,3.28,2.45,4,5,8,9,4,0.0,1.0,0.0,2.0,2.0,5.0,-3.0,2.0,4.0,-2.0,0.0,1.0,-1.0,0.0,1.0,-1.0,0.0,0.0,0.0,0.0,0.0,33.3,66.7,13.0,13.0,18.0,14.0,1410.9,1544.3
2019-10-05,2019,Leganes,Levante,1,2,A,O,1.98,3.44,4.0,10,2,9,4,5,0.0,0.0,2.0,3.0,1.0,3.0,-2.0,5.0,7.0,-2.0,-4.0,-4.0,0.0,0.0,0.0,0.0,1.0,1.0,0.0,0.0,75.0,0.0,100.0,11.0,10.0,21.0,17.0,1442.8,1481.2
2019-10-04,2019,Betis,Eibar,1,1,D,U,2.02,3.62,3.68,3,2,4,9,5,2.0,0.0,0.0,1.0,6.0,2.0,4.0,3.0,3.0,0.0,3.0,-1.0,4.0,1.0,0.0,1.0,0.0,0.0,0.0,50.0,25.0,0.0,50.0,12.0,6.0,21.0,14.0,1504.8,1509.1
2019-09-29,2019,Sevilla,Sociedad,3,2,H,O,1.87,3.56,4.33,8,2,7,0,3,,2.0,,1.0,,4.0,,,3.0,,,1.0,,,1.0,,,1.0,,0.0,50.0,50.0,25.0,,11.0,,12.0,1560.4,1559.4
2019-09-29,2019,Levante,Osasuna,1,1,D,U,2.15,3.45,3.41,5,3,7,11,4,2.0,1.0,0.0,1.0,4.0,2.0,2.0,1.0,3.0,-2.0,3.0,-1.0,4.0,1.0,0.0,1.0,0.0,1.0,-1.0,66.7,0.0,33.3,33.3,11.0,7.0,19.0,11.0,1483.3,1408.8
2019-09-29,2019,Espanol,Valladolid,0,2,A,U,2.03,3.26,4.08,2,6,4,3,4,0.0,0.0,3.0,2.0,1.0,1.0,0.0,8.0,5.0,3.0,-7.0,-4.0,-3.0,0.0,0.0,0.0,3.0,2.0,1.0,0.0,100.0,25.0,50.0,8.0,9.0,21.0,17.0,1521.5,1471.8
2019-09-29,2019,Eibar,Celta,2,0,H,U,2.36,3.3,3.13,3,2,6,5,3,,,,,,,,,,,,,,,,,,,,50.0,50.0,0.0,0.0,,,,,1499.6,1481.9
2019-09-29,2019,Alaves,Mallorca,2,0,H,U,2.25,3.13,3.52,6,1,4,1,4,1.0,,1.0,,1.0,,,1.0,,,0.0,,,0.0,,,0.0,,,33.3,33.3,0.0,100.0,4.0,,7.0,,1488.9,1482.3
2019-09-28,2019,Granada,Leganes,1,0,H,U,2.36,3.07,3.35,4,6,8,3,3,,,,,,,,,,,,,,,,,,,,50.0,50.0,0.0,50.0,,,,,1395.0,1454.5
2019-09-28,2019,Getafe,Barcelona,0,2,A,U,4.38,3.44,1.89,1,6,4,1,4,1.0,0.0,0.0,2.0,6.0,2.0,4.0,4.0,5.0,-1.0,2.0,-3.0,5.0,1.0,0.0,1.0,0.0,1.0,-1.0,33.3,0.0,0.0,66.7,8.0,7.0,15.0,15.0,1564.9,1744.1
2019-09-28,2019,Ath Madrid,Real Madrid,0,0,D,U,2.41,3.33,3.0,1,3,5,7,4,2.0,2.0,0.0,0.0,4.0,6.0,-2.0,2.0,3.0,-1.0,2.0,3.0,-1.0,0.0,1.0,-1.0,0.0,0.0,0.0,66.7,0.0,66.7,0.0,13.0,20.0,17.0,18.0,1686.5,1656.7
2019-09-28,2019,Ath Bilbao,Valencia,0,1,A,U,2.16,3.21,3.69,3,6,7,7,4,3.0,,0.0,,5.0,,,0.0,,,5.0,,,2.0,,,0.0,,,100.0,0.0,0.0,100.0,14.0,,9.0,,1569.1,1589.7
2019-09-27,2019,Villarreal,Betis,5,1,H,O,1.87,3.82,4.04,10,6,3,7,4,1.0,,0.0,,8.0,,,6.0,,,2.0,,,1.0,,,0.0,,,33.3,0.0,0.0,50.0,18.0,,7.0,,1534.9,1514.2
2019-09-26,2019,Sociedad,Alaves,3,0,H,O,1.65,3.83,5.55,7,0,5,3,2,,,,,,,,,,,,,,,,,,,,100.0,0.0,0.0,50.0,,,,,1550.9,1497.4
2019-09-26,2019,Eibar,Sevilla,3,2,H,O,3.25,3.34,2.27,4,4,3,1,2,,3.0,,0.0,,4.0,,,0.0,,,4.0,,,1.0,,,0.0,,0.0,100.0,100.0,0.0,,17.0,,16.0,1487.2,1572.8
2019-09-26,2019,Celta,Espanol,1,1,D,U,1.85,3.64,4.33,3,4,6,4,4,1.0,,2.0,,2.0,,,5.0,,,-3.0,,,0.0,,,2.0,,,33.3,66.7,50.0,0.0,10.0,,15.0,,1480.7,1522.7
2019-09-25,2019,Valencia,Getafe,3,3,D,O,1.93,3.31,4.46,4,5,4,5,4,1.0,,0.0,,4.0,,,2.0,,,2.0,,,1.0,,,0.0,,,33.3,0.0,0.0,50.0,14.0,,16.0,,1590.5,1564.2
2019-09-25,2019,Real Madrid,Osasuna,2,0,H,U,1.24,6.45,11.19,4,0,7,5,3,,,,,,,,,,,,,,,,,,,,50.0,0.0,50.0,0.0,,,,,1652.7,1412.8
2019-09-25,2019,Mallorca,Ath Madrid,0,2,A,U,6.33,3.65,1.63,3,3,8,5,4,1.0,,1.0,,2.0,,,2.0,,,0.0,,,0.0,,,0.0,,,33.3,33.3,50.0,50.0,9.0,,18.0,,1487.3,1681.6
2019-09-25,2019,Leganes,Ath Bilbao,1,1,D,U,2.86,2.94,2.79,3,2,4,5,4,0.0,,3.0,,0.0,,,5.0,,,-5.0,,,0.0,,,1.0,,,0.0,100.0,0.0,0.0,10.0,,25.0,,1451.1,1572.5
2019-09-24,2019,Valladolid,Granada,1,1,D,U,2.36,3.17,3.27,5,4,6,3,2,,2.0,,0.0,,9.0,,,4.0,,,5.0,,,2.0,,,0.0,,0.0,0.0,66.7,0.0,,16.0,,18.0,1474.1,1392.6
2019-09-24,2019,Betis,Levante,3,1,H,O,1.97,3.67,3.77,5,3,5,2,4,1.0,,1.0,,4.0,,,4.0,,,0.0,,,0.0,,,0.0,,,33.3,33.3,0.0,100.0,11.0,,22.0,,1504.6,1493.0
2019-09-24,2019,Barcelona,Villarreal,2,1,H,O,1.31,6.06,8.84,4,3,6,5,3,,,,,,,,,,,,,,,,,,,,100.0,0.0,50.0,50.0,,,,,1739.3,1539.7
2019-09-22,2019,Valencia,Leganes,1,1,D,U,1.59,3.9,6.16,4,4,6,6,3,,,,,,,,,,,,,,,,,,,,50.0,0.0,0.0,100.0,,,,,1594.5,1447.1
2019-09-22,2019,Sevilla,Real Madrid,0,1,A,U,2.61,3.77,2.5,0,4,9,6,2,,,,,,,,,,,,,,,,,,,,0.0,0.0,50.0,0.0,,,,,1581.0,1644.5
2019-09-22,2019,Getafe,Mallorca,4,2,H,O,1.85,3.23,5.06,5,3,7,2,3,,,,,,,,,,,,,,,,,,,,0.0,0.0,0.0,100.0,,,,,1555.9,1495.5
2019-09-22,2019,Espanol,Sociedad,1,3,A,O,2.94,3.25,2.5,3,5,5,7,3,,1.0,,1.0,,2.0,,,3.0,,,-1.0,,,0.0,,,1.0,,0.0,100.0,33.3,33.3,,9.0,,8.0,1532.4,1541.2
2019-09-22,2019,Ath Bilbao,Alaves,2,0,H,U,1.65,3.61,6.16,4,1,3,2,3,,,,,,,,,,,,,,,,,,,,100.0,0.0,0.0,0.0,,,,,1564.1,1505.7
2019-09-21,2019,Villarreal,Valladolid,2,0,H,U,1.59,4.19,5.61,6,3,4,8,3,,1.0,,1.0,,3.0,,,4.0,,,-1.0,,,0.0,,,1.0,,0.0,0.0,33.3,33.3,,9.0,,10.0,1531.1,1482.8
2019-09-21,2019,Levante,Eibar,0,0,D,U,2.26,3.51,3.12,4,4,6,7,3,,0.0,,2.0,,3.0,,,5.0,,,-2.0,,,0.0,,,0.0,,100.0,0.0,0.0,66.7,,7.0,,10.0,1493.2,1487.0
2019-09-21,2019,Granada,Barcelona,2,0,H,U,9.24,5.44,1.32,4,1,4,5,2,,,,,,,,,,,,,,,,,,,,0.0,100.0,0.0,50.0,,,,,1374.6,1757.3
2019-09-21,2019,Ath Madrid,Celta,0,0,D,U,1.42,4.35,8.61,5,3,13,3,3,,,,,,,,,,,,,,,,,,,,100.0,0.0,0.0,0.0,,,,,1687.0,1475.2
2019-09-20,2019,Osasuna,Betis,0,0,D,U,2.34,3.37,3.12,6,2,9,4,3,,,,,,,,,,,,,,,,,,,,0.0,0.0,0.0,100.0,,,,,1410.1,1507.3
2019-09-15,2019,Valladolid,Osasuna,1,1,D,U,2.23,3.05,3.73,1,5,10,6,1,,,,,,,,,,,,,,,,,,,,,,100.0,0.0,,,,,1484.9,1407.9
2019-09-15,2019,Eibar,Espanol,1,2,A,O,1.97,3.34,4.21,1,2,7,2,1,,,,,,,,,,,,,,,,,,,,,,0.0,0.0,,,,,1496.3,1523.2
2019-09-15,2019,Celta,Granada,0,2,A,U,1.84,3.64,4.4,0,3,3,5,3,,,,,,,,,,,,,,,,,,,,50.0,50.0,50.0,0.0,,,,,1488.7,1361.1
2019-09-15,2019,Betis,Getafe,1,1,D,U,2.22,3.22,3.51,2,4,5,6,3,,,,,,,,,,,,,,,,,,,,50.0,50.0,0.0,100.0,,,,,1505.8,1557.4
2019-09-15,2019,Alaves,Sevilla,0,1,A,U,4.23,3.37,1.95,0,7,2,6,3,,,,,,,,,,,,,,,,,,,,50.0,0.0,100.0,0.0,,,,,1514.1,1572.6
2019-09-14,2019,Sociedad,Ath Madrid,2,0,H,U,3.73,3.15,2.17,5,2,5,5,1,,,,,,,,,,,,,,,,,,,,,,100.0,0.0,,,,,1526.5,1701.7
2019-09-14,2019,Real Madrid,Levante,3,2,H,O,1.25,6.59,10.54,11,3,9,6,2,,,,,,,,,,,,,,,,,,,,0.0,0.0,0.0,100.0,,,,,1638.3,1499.4
2019-09-14,2019,Leganes,Villarreal,0,3,A,O,2.51,3.15,3.04,4,4,8,6,3,,,,,,,,,,,,,,,,,,,,0.0,100.0,0.0,100.0,,,,,1455.2,1523.0
2019-09-14,2019,Barcelona,Valencia,5,2,H,O,1.47,4.59,6.69,10,3,2,5,2,,,,,,,,,,,,,,,,,,,,100.0,0.0,0.0,100.0,,,,,1751.4,1600.4
2019-09-13,2019,Mallorca,Ath Bilbao,0,0,D,U,3.65,3.02,2.28,1,5,4,6,3,,,,,,,,,,,,,,,,,,,,50.0,50.0,0.0,0.0,,,,,1493.5,1566.2
2019-09-01,2019,Villarreal,Real Madrid,2,2,D,O,3.71,4.14,1.88,5,5,1,8,2,,,,,,,,,,,,,,,,,,,,0.0,0.0,100.0,0.0,,,,,1519.7,1641.6
2019-09-01,2019,Valencia,Mallorca,2,0,H,U,1.41,4.63,8.14,4,1,7,4,2,,,,,,,,,,,,,,,,,,,,0.0,0.0,,,,,,,1593.0,1500.9
2019-09-01,2019,Espanol,Granada,0,3,A,O,2.1,3.2,3.92,3,6,8,6,2,,,,,,,,,,,,,,,,,,,,0.0,100.0,0.0,0.0,,,,,1538.2,1346.1
2019-09-01,2019,Ath Madrid,Eibar,3,2,H,O,1.42,4.16,9.92,3,2,1,1,2,,,,,,,,,,,,,,,,,,,,100.0,0.0,0.0,50.0,,,,,1696.8,1501.2
2019-08-31,2019,Osasuna,Barcelona,2,2,D,O,9.52,4.86,1.36,5,4,3,2,2,,,,,,,,,,,,,,,,,,,,0.0,0.0,0.0,100.0,,,,,1400.2,1759.1
2019-08-31,2019,Levante,Valladolid,2,0,H,U,2.01,3.56,3.74,3,4,6,6,2,,,,,,,,,,,,,,,,,,,,100.0,0.0,50.0,0.0,,,,,1489.2,1495.1
2019-08-31,2019,Getafe,Alaves,1,1,D,U,1.77,3.34,5.55,1,1,4,2,2,,,,,,,,,,,,,,,,,,,,0.0,0.0,,,,,,,1558.7,1512.7
2019-08-31,2019,Betis,Leganes,2,1,H,O,1.95,3.24,4.49,5,7,11,8,2,,,,,,,,,,,,,,,,,,,,0.0,100.0,,,,,,,1496.8,1464.2
2019-08-30,2019,Sevilla,Celta,1,1,D,U,1.55,4.31,5.97,5,1,9,1,1,,,,,,,,,,,,,,,,,,,,,,,,,,,,1575.1,1486.2
2019-08-30,2019,Ath Bilbao,Sociedad,2,0,H,U,2.33,3.07,3.45,5,2,3,0,2,,,,,,,,,,,,,,,,,,,,100.0,0.0,50.0,0.0,,,,,1556.8,1535.9
2019-08-25,2019,Mallorca,Sociedad,0,1,A,U,3.02,3.23,2.44,4,4,5,5,2,,,,,,,,,,,,,,,,,,,,100.0,0.0,0.0,0.0,,,,,1510.4,1526.4
2019-08-25,2019,Leganes,Ath Madrid,0,1,A,U,5.18,3.29,1.81,4,4,9,4,2,,,,,,,,,,,,,,,,,,,,0.0,100.0,,,,,,,1468.6,1692.4
2019-08-25,2019,Barcelona,Betis,5,2,H,O,1.27,6.07,10.56,7,3,11,0,1,,,,,,,,,,,,,,,,,,,,,,,,,,,,1755.4,1500.5
2019-08-25,2019,Alaves,Espanol,0,0,D,U,2.52,3.18,2.97,2,1,3,5,2,,,,,,,,,,,,,,,,,,,,100.0,0.0,,,,,,,1512.0,1539.0
2019-08-24,2019,Real Madrid,Valladolid,1,1,D,U,1.21,6.97,13.16,4,2,4,3,1,,,,,,,,,,,,,,,,,,,,,,100.0,0.0,,,,,1645.8,1490.9
2019-08-24,2019,Osasuna,Eibar,0,0,D,U,2.53,3.12,2.99,2,0,6,6,1,,,,,,,,,,,,,,,,,,,,,,0.0,100.0,,,,,1397.2,1504.1
2019-08-24,2019,Getafe,Ath Bilbao,1,1,D,U,2.61,2.94,3.06,2,2,4,6,1,,,,,,,,,,,,,,,,,,,,,,,,,,,,1558.7,1556.7
2019-08-24,2019,Celta,Valencia,1,0,H,U,3.17,3.45,2.26,6,1,6,4,2,,,,,,,,,,,,,,,,,,,,0.0,100.0,,,,,,,1472.6,1606.7
2019-08-23,2019,Levante,Villarreal,2,1,H,O,2.59,3.54,2.63,4,6,7,3,1,,,,,,,,,,,,,,,,,,,,,,,,,,,,1477.7,1531.2
2019-08-23,2019,Granada,Sevilla,0,1,A,U,3.95,3.58,1.94,0,6,6,6,1,,,,,,,,,,,,,,,,,,,,,,100.0,0.0,,,,,1350.5,1570.7
2019-08-18,2019,Espanol,Sevilla,0,2,A,U,3.08,3.41,2.33,2,4,8,4,1,,,,,,,,,,,,,,,,,,,,,,,,,,,,1548.7,1561.1
2019-08-18,2019,Betis,Valladolid,1,2,A,O,1.64,3.76,5.78,4,3,6,1,1,,,,,,,,,,,,,,,,,,,,,,,,,,,,1511.4,1480.0
2019-08-18,2019,Ath Madrid,Getafe,1,0,H,U,1.47,4.23,7.63,5,0,3,4,1,,,,,,,,,,,,,,,,,,,,,,,,,,,,1685.8,1565.4
2019-08-18,2019,Alaves,Levante,1,0,H,U,2.23,3.25,3.43,2,4,2,9,1,,,,,,,,,,,,,,,,,,,,,,,,,,,,1502.4,1487.2
2019-08-17,2019,Villarreal,Granada,4,4,D,O,1.61,3.95,5.8,7,7,2,7,1,,,,,,,,,,,,,,,,,,,,,,,,,,,,1536.2,1345.5
2019-08-17,2019,Valencia,Sociedad,1,1,D,U,1.68,3.8,5.29,6,3,3,3,1,,,,,,,,,,,,,,,,,,,,,,,,,,,,1609.1,1524.0
2019-08-17,2019,Mallorca,Eibar,2,1,H,O,2.91,3.09,2.62,4,5,9,3,1,,,,,,,,,,,,,,,,,,,,,,,,,,,,1500.0,1514.6
2019-08-17,2019,Leganes,Osasuna,0,1,A,U,2.06,3.18,4.02,2,2,8,0,1,,,,,,,,,,,,,,,,,,,,,,,,,,,,1481.3,1384.5
2019-08-17,2019,Celta,Real Madrid,1,3,A,O,4.67,4.12,1.69,4,11,6,4,1,,,,,,,,,,,,,,,,,,,,,,,,,,,,1478.2,1640.2
2019-08-16,2019,Ath Bilbao,Barcelona,1,0,H,U,5.07,3.81,1.71,5,2,3,8,1,,,,,,,,,,,,,,,,,,,,,,,,,,,,1540.9,1771.2
2019-05-19,2018,Real Madrid,Betis,0,2,A,U,1.57,4.75,4.75,2,7,1,5,19,3.0,0.0,0.0,3.0,8.0,2.0,6.0,3.0,8.0,-5.0,5.0,-6.0,11.0,1.0,0.0,1.0,0.0,1.0,-1.0,72.2,22.2,27.8,55.6,22.0,15.0,21.0,16.0,1654.4,1497.2
2019-05-19,2018,Eibar,Barcelona,2,2,D,O,3.6,4.0,1.9,8,3,5,2,19,2.0,1.0,1.0,1.0,3.0,2.0,1.0,2.0,2.0,0.0,1.0,0.0,1.0,0.0,1.0,-1.0,0.0,1.0,-1.0,50.0,22.2,61.1,11.1,14.0,9.0,18.0,10.0,1508.1,1777.7
2019-05-18,2018,Valladolid,Valencia,0,2,A,U,8.0,5.25,1.36,4,6,8,2,19,2.0,2.0,0.0,1.0,4.0,10.0,-6.0,2.0,6.0,-4.0,2.0,4.0,-2.0,0.0,1.0,-1.0,0.0,0.0,0.0,27.8,44.4,38.9,27.8,11.0,14.0,10.0,10.0,1486.8,1602.3
2019-05-18,2018,Sevilla,Ath Bilbao,2,0,H,U,1.85,3.4,4.33,3,1,2,3,19,2.0,1.0,1.0,2.0,8.0,1.0,7.0,5.0,4.0,1.0,3.0,-3.0,6.0,1.0,0.0,1.0,1.0,1.0,0.0,61.1,22.2,22.2,44.4,19.0,6.0,13.0,7.0,1551.1,1550.9
2019-05-18,2018,Levante,Ath Madrid,2,2,D,O,3.75,3.75,1.95,7,8,6,4,19,2.0,1.0,0.0,2.0,10.0,1.0,9.0,3.0,5.0,-2.0,7.0,-4.0,11.0,2.0,0.0,2.0,0.0,2.0,-2.0,33.3,33.3,38.9,27.8,16.0,9.0,21.0,15.0,1481.8,1691.2
2019-05-18,2018,Huesca,Leganes,2,1,H,O,2.5,3.75,2.62,6,1,4,6,19,1.0,1.0,1.0,1.0,4.0,5.0,-1.0,6.0,3.0,3.0,-2.0,2.0,-4.0,1.0,1.0,0.0,1.0,0.0,1.0,22.2,44.4,22.2,55.6,8.0,12.0,18.0,11.0,1450.6,1492.5
2019-05-18,2018,Getafe,Villarreal,2,2,D,O,1.61,4.2,5.25,5,4,6,4,19,2.0,2.0,0.0,1.0,5.0,4.0,1.0,0.0,3.0,-3.0,5.0,1.0,4.0,2.0,0.0,2.0,0.0,0.0,0.0,61.1,27.8,27.8,44.4,16.0,16.0,12.0,11.0,1566.3,1535.3
2019-05-18,2018,Espanol,Sociedad,2,0,H,U,2.3,3.6,3.0,4,2,4,5,19,2.0,1.0,0.0,2.0,6.0,3.0,3.0,2.0,5.0,-3.0,4.0,-2.0,6.0,1.0,0.0,1.0,0.0,1.0,-1.0,55.6,27.8,33.3,38.9,9.0,11.0,11.0,15.0,1538.8,1533.9
2019-05-18,2018,Celta,Vallecano,2,2,D,O,1.45,4.75,7.0,5,4,3,5,19,3.0,0.0,0.0,3.0,7.0,3.0,4.0,2.0,12.0,-10.0,5.0,-9.0,14.0,2.0,0.0,2.0,0.0,2.0,-2.0,44.4,33.3,16.7,77.8,18.0,10.0,18.0,17.0,1480.0,1417.2
2019-05-18,2018,Alaves,Girona,2,1,H,O,2.25,3.5,3.1,7,4,6,4,19,0.0,0.0,2.0,3.0,2.0,1.0,1.0,5.0,5.0,0.0,-3.0,-4.0,1.0,0.0,0.0,0.0,1.0,1.0,0.0,33.3,22.2,33.3,44.4,11.0,3.0,19.0,9.0,1493.7,1449.2
2019-05-12,2018,Villarreal,Eibar,1,0,H,U,1.6,4.33,5.0,3,0,5,3,19,1.0,1.0,0.0,1.0,7.0,2.0,5.0,6.0,3.0,3.0,1.0,-1.0,2.0,0.0,0.0,0.0,0.0,1.0,-1.0,22.2,33.3,11.1,44.4,19.0,9.0,12.0,12.0,1525.5,1517.8
2019-05-12,2018,Vallecano,Valladolid,1,2,A,O,4.2,3.8,1.8,5,6,4,2,19,2.0,0.0,0.0,2.0,3.0,2.0,1.0,0.0,4.0,-4.0,3.0,-2.0,5.0,1.0,0.0,1.0,0.0,0.0,0.0,27.8,38.9,22.2,44.4,13.0,12.0,18.0,14.0,1425.7,1478.3
2019-05-12,2018,Valencia,Alaves,3,1,H,O,1.4,5.0,7.5,4,3,7,4,19,2.0,0.0,1.0,2.0,5.0,2.0,3.0,3.0,5.0,-2.0,2.0,-3.0,5.0,1.0,0.0,1.0,0.0,1.0,-1.0,33.3,11.1,33.3,50.0,12.0,8.0,21.0,15.0,1594.9,1501.0
2019-05-12,2018,Sociedad,Real Madrid,3,1,H,O,3.0,3.6,2.3,7,2,5,2,19,1.0,0.0,1.0,1.0,3.0,1.0,2.0,3.0,2.0,1.0,0.0,-1.0,1.0,0.0,0.0,0.0,0.0,0.0,0.0,33.3,33.3,44.4,33.3,11.0,13.0,11.0,15.0,1519.8,1668.4
2019-05-12,2018,Leganes,Espanol,0,2,A,U,2.4,3.5,2.87,4,7,6,7,19,0.0,1.0,1.0,0.0,1.0,5.0,-4.0,2.0,4.0,-2.0,-1.0,1.0,-2.0,0.0,0.0,0.0,0.0,0.0,0.0,38.9,16.7,11.1,44.4,4.0,13.0,7.0,16.0,1501.7,1529.6
2019-05-12,2018,Girona,Levante,1,2,A,O,2.15,3.6,3.2,6,2,9,2,19,1.0,0.0,2.0,3.0,2.0,3.0,-1.0,3.0,7.0,-4.0,-1.0,-4.0,3.0,0.0,0.0,0.0,0.0,1.0,-1.0,16.7,50.0,22.2,55.6,14.0,11.0,13.0,15.0,1458.8,1472.2
2019-05-12,2018,Betis,Huesca,2,1,H,O,1.55,4.33,5.75,8,2,9,2,19,1.0,0.0,1.0,0.0,4.0,3.0,1.0,4.0,3.0,1.0,0.0,0.0,0.0,0.0,0.0,0.0,0.0,0.0,0.0,38.9,33.3,11.1,55.6,19.0,10.0,18.0,5.0,1488.0,1459.8
2019-05-12,2018,Barcelona,Getafe,2,0,H,U,1.53,4.33,6.0,8,0,4,3,19,3.0,0.0,0.0,1.0,5.0,4.0,1.0,1.0,5.0,-4.0,4.0,-1.0,5.0,1.0,0.0,1.0,0.0,0.0,0.0,77.8,5.6,22.2,16.7,26.0,9.0,15.0,14.0,1772.9,1571.1
2019-05-12,2018,Ath Madrid,Sevilla,1,1,D,U,2.1,3.6,3.4,4,5,5,7,19,3.0,1.0,0.0,2.0,6.0,2.0,4.0,2.0,4.0,-2.0,4.0,-2.0,6.0,1.0,1.0,0.0,0.0,1.0,-1.0,83.3,5.6,27.8,50.0,12.0,9.0,12.0,20.0,1695.2,1547.1
2019-05-12,2018,Ath Bilbao,Celta,3,1,H,O,2.0,3.5,3.8,4,2,3,3,19,2.0,0.0,0.0,1.0,7.0,1.0,6.0,5.0,3.0,2.0,2.0,-2.0,4.0,0.0,0.0,0.0,0.0,1.0,-1.0,44.4,11.1,11.1,55.6,17.0,11.0,13.0,12.0,1542.5,1488.5
2019-05-05,2018,Valladolid,Ath Bilbao,1,0,H,U,2.9,3.1,2.6,3,1,1,3,18,1.0,1.0,1.0,2.0,3.0,1.0,2.0,4.0,4.0,0.0,-1.0,-3.0,2.0,0.0,0.0,0.0,1.0,1.0,0.0,23.5,47.1,23.5,41.2,13.0,6.0,15.0,6.0,1465.8,1555.0
2019-05-05,2018,Real Madrid,Villarreal,3,2,H,O,1.7,4.0,4.75,11,7,8,3,18,3.0,2.0,0.0,1.0,8.0,3.0,5.0,3.0,2.0,1.0,5.0,1.0,4.0,1.0,0.0,1.0,0.0,0.0,0.0,70.6,23.5,29.4,41.2,19.0,13.0,17.0,11.0,1662.0,1531.9
2019-05-05,2018,Huesca,Valencia,2,6,A,O,3.5,3.4,2.1,4,7,7,5,18,1.0,1.0,0.0,2.0,5.0,4.0,1.0,3.0,6.0,-3.0,2.0,-2.0,4.0,1.0,0.0,1.0,0.0,1.0,-1.0,23.5,41.2,35.3,29.4,11.0,10.0,16.0,12.0,1466.4,1588.3
2019-05-05,2018,Getafe,Girona,2,0,H,U,1.8,3.6,4.75,8,2,1,3,18,2.0,0.0,0.0,3.0,4.0,1.0,3.0,0.0,5.0,-5.0,4.0,-4.0,8.0,1.0,0.0,1.0,0.0,1.0,-1.0,58.8,29.4,35.3,41.2,10.0,5.0,12.0,9.0,1563.8,1466.1
2019-05-05,2018,Eibar,Betis,1,0,H,U,2.05,3.6,3.5,6,6,11,8,18,1.0,0.0,2.0,3.0,3.0,3.0,0.0,4.0,9.0,-5.0,-1.0,-6.0,5.0,0.0,0.0,0.0,0.0,1.0,-1.0,47.1,23.5,29.4,52.9,11.0,15.0,12.0,14.0,1508.1,1497.7
2019-05-04,2018,Levante,Vallecano,4,1,H,O,1.95,3.8,3.6,7,3,6,7,18,1.0,0.0,0.0,3.0,8.0,3.0,5.0,4.0,10.0,-6.0,4.0,-7.0,11.0,1.0,0.0,1.0,0.0,1.0,-1.0,29.4,35.3,17.6,76.5,17.0,9.0,24.0,16.0,1463.0,1434.8
2019-05-04,2018,Espanol,Ath Madrid,3,0,H,O,3.8,3.3,2.05,5,3,5,6,18,1.0,2.0,0.0,1.0,4.0,5.0,-1.0,3.0,2.0,1.0,1.0,3.0,-2.0,0.0,1.0,-1.0,0.0,1.0,-1.0,52.9,29.4,41.2,23.5,7.0,13.0,11.0,11.0,1514.5,1710.3
2019-05-04,2018,Celta,Barcelona,2,0,H,U,2.15,3.6,3.25,6,1,11,1,18,3.0,1.0,0.0,0.0,8.0,6.0,2.0,4.0,4.0,0.0,4.0,2.0,2.0,1.0,1.0,0.0,0.0,0.0,0.0,41.2,35.3,64.7,5.9,18.0,17.0,17.0,12.0,1471.2,1790.2
2019-05-04,2018,Alaves,Sociedad,0,1,A,U,2.5,3.25,2.9,6,2,13,6,18,0.0,0.0,1.0,2.0,3.0,3.0,0.0,5.0,6.0,-1.0,-2.0,-3.0,1.0,0.0,0.0,0.0,1.0,1.0,0.0,35.3,17.6,29.4,41.2,6.0,10.0,9.0,14.0,1511.1,1509.8
2019-05-03,2018,Sevilla,Leganes,0,3,A,O,1.36,5.0,8.5,3,5,3,4,18,3.0,1.0,0.0,1.0,10.0,4.0,6.0,2.0,3.0,-1.0,8.0,1.0,7.0,2.0,1.0,1.0,0.0,0.0,0.0,64.7,17.6,17.6,58.8,21.0,10.0,21.0,11.0,1559.1,1489.7
2019-04-29,2018,Betis,Espanol,1,1,D,U,2.3,3.3,3.1,5,4,6,5,18,1.0,1.0,2.0,1.0,4.0,4.0,0.0,7.0,5.0,2.0,-3.0,-1.0,-2.0,0.0,0.0,0.0,1.0,1.0,0.0,41.2,35.3,11.8,47.1,17.0,11.0,15.0,13.0,1497.2,1515.0
2019-04-28,2018,Villarreal,Huesca,1,1,D,U,1.55,4.0,6.5,5,3,0,1,18,2.0,0.0,0.0,1.0,9.0,4.0,5.0,6.0,5.0,1.0,3.0,-1.0,4.0,1.0,0.0,1.0,0.0,0.0,0.0,23.5,35.3,11.8,58.8,18.0,10.0,17.0,10.0,1533.9,1464.5
2019-04-28,2018,Vallecano,Real Madrid,1,0,H,U,7.5,4.5,1.4,5,3,6,6,18,1.0,0.0,0.0,1.0,3.0,2.0,1.0,1.0,3.0,-2.0,2.0,-1.0,3.0,1.0,0.0,1.0,0.0,0.0,0.0,23.5,41.2,47.1,29.4,13.0,15.0,18.0,15.0,1418.5,1678.4
2019-04-28,2018,Valencia,Eibar,0,1,A,U,1.45,4.5,6.5,2,3,7,6,18,2.0,0.0,0.0,2.0,5.0,2.0,3.0,2.0,5.0,-3.0,3.0,-3.0,6.0,1.0,0.0,1.0,0.0,1.0,-1.0,35.3,5.9,5.9,47.1,12.0,7.0,17.0,10.0,1601.2,1495.2
2019-04-28,2018,Sociedad,Getafe,2,1,H,O,2.6,3.2,2.75,7,3,5,7,18,1.0,0.0,1.0,0.0,3.0,3.0,0.0,3.0,3.0,0.0,0.0,0.0,0.0,0.0,0.0,0.0,0.0,0.0,0.0,29.4,35.3,23.5,11.8,11.0,7.0,9.0,12.0,1497.6,1576.0
2019-04-28,2018,Girona,Sevilla,1,0,H,U,4.75,3.4,1.75,4,3,3,6,18,0.0,2.0,3.0,1.0,2.0,3.0,-1.0,5.0,3.0,2.0,-3.0,0.0,-3.0,0.0,1.0,-1.0,0.0,1.0,-1.0,11.8,52.9,29.4,47.1,12.0,9.0,13.0,19.0,1452.8,1572.4
2019-04-27,2018,Leganes,Celta,0,0,D,U,2.37,3.25,3.0,1,2,4,6,18,1.0,0.0,1.0,1.0,2.0,4.0,-2.0,2.0,6.0,-4.0,0.0,-2.0,2.0,0.0,0.0,0.0,0.0,1.0,-1.0,41.2,17.6,11.8,58.8,5.0,14.0,6.0,6.0,1490.3,1470.6
2019-04-27,2018,Barcelona,Levante,1,0,H,U,1.2,6.5,11.0,12,2,6,3,18,3.0,0.0,0.0,2.0,6.0,4.0,2.0,1.0,7.0,-6.0,5.0,-3.0,8.0,2.0,0.0,2.0,0.0,1.0,-1.0,76.5,5.9,23.5,52.9,17.0,12.0,14.0,15.0,1787.4,1465.7
2019-04-27,2018,Ath Madrid,Valladolid,1,0,H,U,1.33,4.5,11.0,1,4,7,3,18,3.0,1.0,0.0,1.0,7.0,4.0,3.0,2.0,4.0,-2.0,5.0,0.0,5.0,2.0,0.0,2.0,0.0,0.0,0.0,82.4,5.9,23.5,41.2,18.0,11.0,9.0,11.0,1706.2,1469.9
2019-04-27,2018,Ath Bilbao,Alaves,1,1,D,U,1.45,4.2,7.5,1,3,8,6,18,3.0,1.0,0.0,2.0,8.0,4.0,4.0,4.0,5.0,-1.0,4.0,-1.0,5.0,1.0,1.0,0.0,0.0,1.0,-1.0,47.1,11.8,35.3,52.9,21.0,10.0,6.0,11.0,1556.3,1509.7
2019-04-25,2018,Sociedad,Villarreal,0,1,A,U,2.5,3.3,2.9,2,3,6,3,17,1.0,1.0,0.0,2.0,4.0,4.0,0.0,3.0,5.0,-2.0,1.0,-1.0,2.0,0.0,0.0,0.0,0.0,0.0,0.0,31.2,31.2,25.0,43.8,16.0,15.0,8.0,15.0,1507.1,1524.4
2019-04-25,2018,Sevilla,Vallecano,5,0,H,O,1.33,5.25,9.0,11,3,5,4,17,2.0,0.0,1.0,3.0,5.0,4.0,1.0,3.0,8.0,-5.0,2.0,-4.0,6.0,1.0,0.0,1.0,0.0,1.0,-1.0,62.5,18.8,18.8,75.0,15.0,9.0,21.0,17.0,1566.2,1424.6
2019-04-25,2018,Getafe,Real Madrid,0,0,D,U,4.0,3.6,1.9,5,4,9,4,17,2.0,1.0,1.0,1.0,4.0,6.0,-2.0,2.0,4.0,-2.0,2.0,2.0,0.0,1.0,1.0,0.0,1.0,0.0,1.0,62.5,31.2,50.0,31.2,7.0,17.0,6.0,23.0,1573.0,1681.4
2019-04-24,2018,Levante,Betis,4,0,H,O,2.5,3.3,2.9,4,2,3,4,17,0.0,0.0,0.0,2.0,6.0,4.0,2.0,6.0,6.0,0.0,0.0,-2.0,2.0,0.0,0.0,0.0,0.0,0.0,0.0,25.0,37.5,31.2,50.0,15.0,15.0,27.0,13.0,1454.2,1508.7
2019-04-24,2018,Leganes,Ath Bilbao,0,1,A,U,2.6,3.0,3.0,1,2,2,2,17,1.0,1.0,1.0,2.0,2.0,2.0,0.0,3.0,5.0,-2.0,-1.0,-3.0,2.0,0.0,0.0,0.0,1.0,1.0,0.0,43.8,12.5,18.8,43.8,7.0,9.0,10.0,7.0,1498.9,1547.7
2019-04-24,2018,Espanol,Celta,1,1,D,U,2.3,3.2,3.3,2,6,2,4,17,1.0,0.0,1.0,2.0,3.0,3.0,0.0,3.0,7.0,-4.0,0.0,-4.0,4.0,0.0,0.0,0.0,0.0,2.0,-2.0,56.2,31.2,12.5,62.5,8.0,9.0,15.0,4.0,1516.4,1469.3
2019-04-24,2018,Ath Madrid,Valencia,3,2,H,O,1.8,3.4,5.0,6,4,4,3,17,3.0,2.0,0.0,1.0,5.0,3.0,2.0,0.0,3.0,-3.0,5.0,0.0,5.0,2.0,0.0,2.0,0.0,1.0,-1.0,81.2,6.2,37.5,25.0,16.0,8.0,9.0,12.0,1698.7,1608.7
2019-04-23,2018,Valladolid,Girona,1,0,H,U,2.3,3.3,3.25,4,0,4,5,17,0.0,1.0,1.0,2.0,3.0,3.0,0.0,5.0,4.0,1.0,-2.0,-1.0,-1.0,0.0,1.0,-1.0,1.0,1.0,0.0,18.8,50.0,37.5,37.5,13.0,9.0,18.0,6.0,1459.8,1462.9
2019-04-23,2018,Huesca,Eibar,2,0,H,U,2.25,3.5,3.0,3,4,5,3,17,0.0,0.0,1.0,1.0,4.0,4.0,0.0,6.0,5.0,1.0,-2.0,-1.0,-1.0,0.0,0.0,0.0,1.0,0.0,1.0,18.8,43.8,6.2,43.8,10.0,6.0,13.0,14.0,1452.9,1506.7
2019-04-23,2018,Alaves,Barcelona,0,2,A,U,7.0,5.25,1.4,1,6,1,4,17,0.0,1.0,1.0,0.0,3.0,8.0,-5.0,7.0,5.0,2.0,-4.0,3.0,-7.0,0.0,1.0,-1.0,1.0,0.0,1.0,37.5,12.5,62.5,6.2,9.0,20.0,17.0,15.0,1513.2,1784.0
2019-04-21,2018,Villarreal,Leganes,2,1,H,O,1.72,3.5,5.0,5,2,7,4,17,1.0,1.0,1.0,1.0,8.0,3.0,5.0,7.0,2.0,5.0,1.0,1.0,0.0,1.0,1.0,0.0,0.0,0.0,0.0,18.8,37.5,18.8,56.2,15.0,10.0,18.0,11.0,1514.6,1508.7
2019-04-21,2018,Real Madrid,Ath Bilbao,3,0,H,O,1.45,4.33,7.0,4,3,8,2,17,3.0,1.0,0.0,2.0,7.0,2.0,5.0,3.0,4.0,-1.0,4.0,-2.0,6.0,1.0,0.0,1.0,0.0,1.0,-1.0,68.8,25.0,20.0,40.0,22.0,7.0,18.0,7.0,1674.7,1554.4
2019-04-21,2018,Levante,Espanol,2,2,D,O,2.3,3.5,3.0,5,7,12,7,16,0.0,1.0,1.0,1.0,4.0,3.0,1.0,6.0,4.0,2.0,-2.0,-1.0,-1.0,0.0,0.0,0.0,1.0,1.0,0.0,26.7,40.0,12.5,50.0,13.0,6.0,23.0,6.0,1452.3,1518.2
2019-04-21,2018,Getafe,Sevilla,3,0,H,O,3.1,3.4,2.3,3,2,2,7,16,2.0,2.0,1.0,1.0,3.0,4.0,-1.0,3.0,2.0,1.0,0.0,2.0,-2.0,0.0,1.0,-1.0,1.0,0.0,1.0,60.0,33.3,31.2,43.8,10.0,12.0,17.0,24.0,1562.6,1576.6
2019-04-21,2018,Betis,Valencia,1,2,A,O,3.0,3.3,2.4,7,3,8,2,17,1.0,2.0,2.0,1.0,4.0,4.0,0.0,7.0,4.0,3.0,-3.0,0.0,-3.0,0.0,0.0,0.0,1.0,1.0,0.0,43.8,31.2,33.3,26.7,12.0,11.0,11.0,11.0,1516.3,1601.1
2019-04-20,2018,Vallecano,Huesca,0,0,D,U,2.05,3.75,3.4,3,3,8,3,17,1.0,0.0,1.0,2.0,3.0,5.0,-2.0,3.0,7.0,-4.0,0.0,-2.0,2.0,1.0,0.0,1.0,1.0,0.0,1.0,25.0,43.8,12.5,62.5,13.0,8.0,17.0,8.0,1423.8,1453.8
2019-04-20,2018,Eibar,Ath Madrid,0,1,A,U,3.2,3.1,2.4,2,4,5,8,17,2.0,1.0,1.0,2.0,4.0,4.0,0.0,3.0,4.0,-1.0,1.0,0.0,1.0,0.0,1.0,-1.0,0.0,2.0,-2.0,50.0,18.8,37.5,25.0,13.0,11.0,14.0,10.0,1511.9,1693.5
2019-04-20,2018,Celta,Girona,2,1,H,O,2.0,3.75,3.5,8,1,5,1,17,2.0,2.0,1.0,1.0,6.0,4.0,2.0,4.0,2.0,2.0,2.0,2.0,0.0,1.0,2.0,-1.0,0.0,1.0,-1.0,37.5,37.5,40.0,33.3,11.0,12.0,16.0,6.0,1458.9,1473.3
2019-04-20,2018,Barcelona,Sociedad,2,1,H,O,1.22,6.5,13.0,4,2,4,2,17,3.0,0.0,0.0,2.0,7.0,4.0,3.0,1.0,9.0,-8.0,6.0,-5.0,11.0,3.0,0.0,3.0,0.0,2.0,-2.0,75.0,6.2,31.2,37.5,19.0,10.0,20.0,14.0,1780.5,1510.6
2019-04-19,2018,Alaves,Valladolid,2,2,D,O,2.1,3.2,3.75,4,7,5,7,16,0.0,1.0,1.0,2.0,2.0,3.0,-1.0,6.0,5.0,1.0,-4.0,-2.0,-2.0,0.0,0.0,0.0,1.0,1.0,0.0,40.0,13.3,25.0,43.8,8.0,7.0,15.0,7.0,1514.8,1458.2
2019-04-15,2018,Leganes,Real Madrid,1,1,D,U,5.25,4.2,1.6,2,6,1,5,16,2.0,2.0,1.0,1.0,2.0,7.0,-5.0,2.0,4.0,-2.0,0.0,3.0,-3.0,0.0,1.0,-1.0,1.0,0.0,1.0,46.7,13.3,53.3,33.3,8.0,16.0,11.0,24.0,1504.1,1679.4
2019-04-14,2018,Valladolid,Getafe,2,2,D,O,3.2,2.9,2.55,4,3,5,3,16,0.0,1.0,2.0,0.0,2.0,3.0,-1.0,7.0,2.0,5.0,-5.0,1.0,-6.0,0.0,0.0,0.0,2.0,0.0,2.0,20.0,53.3,25.0,12.5,11.0,9.0,18.0,13.0,1455.1,1565.7
2019-04-14,2018,Valencia,Levante,3,1,H,O,1.5,4.75,5.5,6,3,8,3,17,2.0,0.0,0.0,2.0,4.0,3.0,1.0,1.0,5.0,-4.0,3.0,-2.0,5.0,1.0,0.0,1.0,0.0,0.0,0.0,31.2,6.2,25.0,50.0,9.0,13.0,15.0,14.0,1594.8,1458.6
2019-04-14,2018,Sociedad,Eibar,1,1,D,U,2.2,3.5,3.25,2,2,0,3,16,1.0,0.0,1.0,1.0,3.0,4.0,-1.0,4.0,5.0,-1.0,-1.0,-1.0,0.0,0.0,0.0,0.0,1.0,0.0,1.0,33.3,33.3,6.7,46.7,17.0,7.0,15.0,16.0,1510.5,1512.0
2019-04-14,2018,Girona,Villarreal,0,1,A,U,2.5,3.25,2.8,5,6,9,5,17,0.0,1.0,3.0,2.0,4.0,5.0,-1.0,7.0,5.0,2.0,-3.0,0.0,-3.0,0.0,1.0,-1.0,0.0,0.0,0.0,12.5,50.0,20.0,46.7,15.0,14.0,10.0,12.0,1482.6,1505.2
2019-04-14,2018,Ath Bilbao,Vallecano,3,2,H,O,1.6,4.0,5.5,9,4,3,6,17,2.0,0.0,0.0,3.0,6.0,3.0,3.0,3.0,8.0,-5.0,3.0,-5.0,8.0,1.0,0.0,1.0,0.0,2.0,-2.0,43.8,12.5,20.0,73.3,18.0,6.0,10.0,15.0,1547.6,1430.5
2019-04-13,2018,Sevilla,Betis,3,2,H,O,1.66,4.0,5.0,5,7,5,4,16,2.0,1.0,1.0,1.0,7.0,3.0,4.0,3.0,3.0,0.0,4.0,0.0,4.0,2.0,0.0,2.0,0.0,0.0,0.0,60.0,20.0,33.3,46.7,21.0,12.0,23.0,13.0,1567.9,1525.1
2019-04-13,2018,Huesca,Barcelona,0,0,D,U,4.75,4.2,1.65,1,2,6,5,16,1.0,2.0,1.0,0.0,6.0,9.0,-3.0,7.0,5.0,2.0,-1.0,4.0,-5.0,0.0,1.0,-1.0,1.0,0.0,1.0,20.0,46.7,66.7,6.7,12.0,22.0,10.0,16.0,1446.2,1788.0
2019-04-13,2018,Espanol,Alaves,2,1,H,O,1.8,3.5,4.75,2,3,4,8,16,1.0,2.0,1.0,1.0,4.0,5.0,-1.0,3.0,4.0,-1.0,1.0,1.0,0.0,1.0,1.0,0.0,0.0,1.0,-1.0,53.3,33.3,37.5,50.0,12.0,9.0,16.0,5.0,1507.7,1525.3
2019-04-13,2018,Ath Madrid,Celta,2,0,H,U,1.36,4.75,9.0,5,3,1,2,16,3.0,0.0,0.0,2.0,5.0,3.0,2.0,0.0,6.0,-6.0,5.0,-3.0,8.0,2.0,0.0,2.0,0.0,1.0,-1.0,80.0,6.7,13.3,60.0,18.0,7.0,14.0,2.0,1689.3,1463.2
2019-04-07,2018,Valladolid,Sevilla,0,2,A,U,3.5,3.4,2.05,5,4,6,7,15,0.0,1.0,2.0,2.0,2.0,2.0,0.0,7.0,5.0,2.0,-5.0,-3.0,-2.0,0.0,0.0,0.0,2.0,1.0,1.0,21.4,50.0,26.7,46.7,8.0,13.0,25.0,21.0,1462.3,1560.6
2019-04-07,2018,Levante,Huesca,2,2,D,O,1.95,3.6,3.8,8,4,9,1,15,0.0,0.0,2.0,2.0,3.0,4.0,-1.0,6.0,6.0,0.0,-3.0,-2.0,-1.0,0.0,0.0,0.0,1.0,0.0,1.0,28.6,42.9,13.3,66.7,7.0,8.0,18.0,11.0,1458.9,1445.9
2019-04-07,2018,Getafe,Ath Bilbao,1,0,H,U,2.3,3.0,3.5,2,1,1,2,15,2.0,2.0,1.0,1.0,4.0,3.0,1.0,4.0,3.0,1.0,0.0,0.0,0.0,0.0,0.0,0.0,1.0,1.0,0.0,57.1,35.7,21.4,35.7,10.0,10.0,18.0,10.0,1555.6,1557.7
2019-04-07,2018,Celta,Sociedad,3,1,H,O,2.4,3.3,3.0,4,7,2,7,16,1.0,0.0,2.0,1.0,4.0,3.0,1.0,7.0,6.0,1.0,-3.0,-3.0,0.0,0.0,0.0,0.0,1.0,1.0,0.0,33.3,40.0,33.3,33.3,14.0,4.0,19.0,12.0,1451.1,1522.6
2019-04-07,2018,Betis,Villarreal,2,1,H,O,2.2,3.4,3.3,7,4,4,3,16,0.0,1.0,2.0,2.0,3.0,4.0,-1.0,7.0,5.0,2.0,-4.0,-1.0,-3.0,0.0,1.0,-1.0,1.0,1.0,0.0,40.0,33.3,21.4,42.9,15.0,13.0,13.0,16.0,1515.1,1515.2
2019-04-07,2018,Alaves,Leganes,1,1,D,U,2.5,3.0,3.1,1,5,3,3,15,0.0,1.0,1.0,2.0,1.0,2.0,-1.0,5.0,4.0,1.0,-4.0,-2.0,-2.0,0.0,1.0,-1.0,1.0,1.0,0.0,42.9,14.3,20.0,60.0,11.0,8.0,15.0,9.0,1526.0,1503.4
2019-04-06,2018,Vallecano,Valencia,2,0,H,U,4.2,3.5,1.9,5,3,4,7,16,0.0,2.0,2.0,0.0,1.0,5.0,-4.0,4.0,3.0,1.0,-3.0,2.0,-5.0,0.0,0.0,0.0,1.0,0.0,1.0,20.0,46.7,35.7,21.4,14.0,9.0,17.0,6.0,1415.5,1609.9
2019-04-06,2018,Real Madrid,Eibar,2,1,H,O,1.3,5.5,9.5,7,1,5,4,16,2.0,0.0,1.0,1.0,5.0,3.0,2.0,3.0,4.0,-1.0,2.0,-1.0,3.0,1.0,0.0,1.0,0.0,0.0,0.0,66.7,26.7,7.1,42.9,18.0,8.0,21.0,14.0,1673.6,1517.7
2019-04-06,2018,Girona,Espanol,1,2,A,O,2.5,3.2,3.0,5,2,1,4,16,0.0,0.0,2.0,1.0,3.0,1.0,2.0,5.0,3.0,2.0,-2.0,-2.0,0.0,0.0,0.0,0.0,0.0,1.0,-1.0,13.3,46.7,6.7,53.3,13.0,5.0,12.0,4.0,1492.5,1497.9
2019-04-06,2018,Barcelona,Ath Madrid,2,0,H,U,1.75,3.6,5.0,10,2,5,1,16,3.0,2.0,0.0,1.0,6.0,6.0,0.0,1.0,2.0,-1.0,5.0,4.0,1.0,2.0,2.0,0.0,0.0,1.0,-1.0,73.3,6.7,40.0,20.0,17.0,12.0,18.0,12.0,1780.4,1696.9
2019-04-04,2018,Sociedad,Betis,2,1,H,O,2.25,3.3,3.3,7,6,3,6,15,1.0,2.0,1.0,0.0,4.0,4.0,0.0,3.0,1.0,2.0,1.0,3.0,-2.0,1.0,1.0,0.0,1.0,0.0,1.0,28.6,35.7,35.7,42.9,16.0,9.0,16.0,11.0,1512.2,1525.5
2019-04-04,2018,Sevilla,Alaves,2,0,H,U,1.5,4.33,6.5,5,2,11,1,15,1.0,2.0,2.0,0.0,7.0,6.0,1.0,7.0,3.0,4.0,0.0,3.0,-3.0,1.0,1.0,0.0,1.0,0.0,1.0,57.1,21.4,40.0,46.7,20.0,10.0,15.0,7.0,1551.1,1535.5
2019-04-04,2018,Leganes,Valladolid,1,0,H,U,1.9,3.3,4.5,2,1,3,4,15,1.0,1.0,1.0,2.0,2.0,3.0,-1.0,3.0,5.0,-2.0,-1.0,-2.0,1.0,0.0,0.0,0.0,1.0,1.0,0.0,42.9,14.3,26.7,40.0,12.0,6.0,12.0,8.0,1494.0,1471.7
2019-04-03,2018,Valencia,Real Madrid,2,1,H,O,3.3,3.6,2.15,4,5,6,6,16,1.0,3.0,0.0,0.0,2.0,9.0,-7.0,0.0,3.0,-3.0,2.0,6.0,-4.0,1.0,2.0,-1.0,0.0,0.0,0.0,26.7,6.7,57.1,28.6,6.0,15.0,19.0,22.0,1597.4,1686.1
2019-04-03,2018,Huesca,Celta,3,3,D,O,2.62,3.5,2.62,7,5,5,0,15,1.0,0.0,2.0,2.0,3.0,0.0,3.0,5.0,3.0,2.0,-2.0,-3.0,1.0,0.0,0.0,0.0,1.0,1.0,0.0,21.4,50.0,14.3,64.3,7.0,4.0,8.0,6.0,1445.7,1451.3
2019-04-03,2018,Eibar,Vallecano,2,1,H,O,1.61,4.0,5.5,6,2,2,6,16,1.0,0.0,1.0,3.0,4.0,3.0,1.0,4.0,8.0,-4.0,0.0,-5.0,5.0,0.0,0.0,0.0,0.0,2.0,-2.0,46.7,20.0,21.4,71.4,13.0,6.0,15.0,11.0,1510.2,1423.0
2019-04-03,2018,Ath Bilbao,Levante,3,2,H,O,1.61,4.0,5.5,7,6,2,9,16,2.0,1.0,0.0,1.0,4.0,5.0,-1.0,1.0,3.0,-2.0,3.0,2.0,1.0,1.0,1.0,0.0,0.0,0.0,0.0,40.0,13.3,26.7,46.7,15.0,15.0,18.0,12.0,1550.0,1466.6
2019-04-02,2018,Villarreal,Barcelona,4,4,D,O,5.25,4.2,1.61,9,9,5,3,16,2.0,3.0,1.0,0.0,7.0,9.0,-2.0,3.0,3.0,0.0,4.0,6.0,-2.0,2.0,2.0,0.0,0.0,0.0,0.0,20.0,40.0,71.4,7.1,12.0,21.0,19.0,21.0,1508.6,1787.0
2019-04-02,2018,Espanol,Getafe,1,1,D,U,2.4,3.1,3.2,3,3,5,4,15,1.0,1.0,1.0,0.0,4.0,4.0,0.0,3.0,3.0,0.0,1.0,1.0,0.0,1.0,0.0,1.0,0.0,0.0,0.0,57.1,35.7,26.7,13.3,11.0,10.0,18.0,12.0,1496.1,1557.3
2019-04-02,2018,Ath Madrid,Girona,2,0,H,U,1.36,4.5,10.0,7,4,4,3,15,2.0,3.0,1.0,0.0,4.0,6.0,-2.0,3.0,1.0,2.0,1.0,5.0,-4.0,1.0,2.0,-1.0,1.0,0.0,1.0,78.6,7.1,42.9,28.6,13.0,14.0,13.0,3.0,1692.0,1497.4
2019-03-31,2018,Vallecano,Betis,1,1,D,U,2.75,3.5,2.45,5,2,6,3,15,0.0,2.0,3.0,1.0,1.0,3.0,-2.0,5.0,3.0,2.0,-4.0,0.0,-4.0,0.0,1.0,-1.0,1.0,1.0,0.0,21.4,50.0,38.5,46.2,15.0,8.0,16.0,12.0,1420.0,1528.5
2019-03-31,2018,Valladolid,Sociedad,1,1,D,U,2.6,3.0,3.0,4,1,7,5,14,0.0,0.0,2.0,1.0,1.0,2.0,-1.0,6.0,5.0,1.0,-5.0,-3.0,-2.0,0.0,0.0,0.0,2.0,1.0,1.0,23.1,53.8,35.7,35.7,7.0,4.0,26.0,12.0,1470.5,1513.4
2019-03-31,2018,Sevilla,Valencia,0,1,A,U,2.05,3.5,3.6,5,2,5,3,14,1.0,1.0,1.0,0.0,9.0,6.0,3.0,8.0,5.0,3.0,1.0,1.0,0.0,1.0,0.0,1.0,1.0,0.0,1.0,61.5,15.4,30.8,23.1,19.0,14.0,19.0,4.0,1560.3,1588.2
2019-03-31,2018,Real Madrid,Huesca,3,2,H,O,1.11,10.0,19.0,8,3,4,6,15,1.0,1.0,2.0,1.0,3.0,4.0,-1.0,3.0,3.0,0.0,0.0,1.0,-1.0,1.0,1.0,0.0,0.0,0.0,0.0,64.3,28.6,14.3,64.3,17.0,11.0,24.0,7.0,1681.9,1449.9
2019-03-31,2018,Levante,Eibar,2,2,D,O,2.8,3.5,2.45,2,3,6,7,14,0.0,0.0,2.0,1.0,1.0,3.0,-2.0,4.0,4.0,0.0,-3.0,-1.0,-2.0,0.0,0.0,0.0,1.0,0.0,1.0,30.8,46.2,7.7,46.2,9.0,9.0,17.0,14.0,1465.3,1511.5
2019-03-30,2018,Getafe,Leganes,0,2,A,U,1.95,3.2,4.5,2,3,3,4,14,3.0,1.0,0.0,2.0,7.0,2.0,5.0,3.0,5.0,-2.0,4.0,-3.0,7.0,1.0,0.0,1.0,0.0,1.0,-1.0,61.5,30.8,14.3,64.3,14.0,9.0,19.0,11.0,1569.8,1481.6
2019-03-30,2018,Celta,Villarreal,3,2,H,O,2.5,3.3,2.75,6,5,10,7,15,1.0,1.0,2.0,1.0,2.0,2.0,0.0,5.0,2.0,3.0,-3.0,0.0,-3.0,0.0,1.0,-1.0,1.0,1.0,0.0,28.6,42.9,23.1,38.5,12.0,11.0,13.0,12.0,1439.0,1520.9
2019-03-30,2018,Barcelona,Espanol,2,0,H,U,1.14,9.0,15.0,3,2,5,2,15,2.0,0.0,0.0,0.0,6.0,3.0,3.0,3.0,3.0,0.0,3.0,0.0,3.0,1.0,0.0,1.0,0.0,0.0,0.0,71.4,7.1,7.1,50.0,22.0,5.0,22.0,4.0,1783.8,1499.4
2019-03-30,2018,Alaves,Ath Madrid,0,4,A,O,5.5,3.4,1.75,4,7,9,2,14,1.0,2.0,0.0,1.0,3.0,3.0,0.0,1.0,2.0,-1.0,2.0,1.0,1.0,1.0,1.0,0.0,0.0,1.0,-1.0,46.2,7.7,35.7,21.4,11.0,8.0,9.0,16.0,1541.6,1685.9
2019-03-29,2018,Girona,Ath Bilbao,1,2,A,O,2.87,2.9,2.7,2,5,3,3,15,0.0,1.0,2.0,2.0,2.0,2.0,0.0,5.0,4.0,1.0,-3.0,-2.0,-1.0,0.0,0.0,0.0,1.0,1.0,0.0,14.3,42.9,15.4,38.5,18.0,10.0,22.0,10.0,1506.4,1541.0
2019-03-17,2018,Villarreal,Vallecano,3,1,H,O,1.6,4.2,5.5,4,3,5,5,15,1.0,0.0,1.0,3.0,6.0,3.0,3.0,4.0,7.0,-3.0,2.0,-4.0,6.0,1.0,0.0,1.0,0.0,1.0,-1.0,14.3,42.9,23.1,69.2,13.0,6.0,17.0,8.0,1513.3,1427.5
2019-03-17,2018,Valencia,Getafe,0,0,D,U,2.0,3.3,4.0,2,1,3,5,15,1.0,1.0,0.0,0.0,2.0,4.0,-2.0,0.0,3.0,-3.0,2.0,1.0,1.0,1.0,0.0,1.0,0.0,0.0,0.0,28.6,7.1,28.6,14.3,8.0,11.0,23.0,12.0,1588.8,1569.3
2019-03-17,2018,Espanol,Sevilla,0,1,A,U,2.4,3.5,2.9,3,3,6,5,14,2.0,0.0,0.0,3.0,6.0,1.0,5.0,3.0,6.0,-3.0,3.0,-5.0,8.0,1.0,0.0,1.0,0.0,1.0,-1.0,61.5,30.8,21.4,50.0,13.0,12.0,18.0,25.0,1508.2,1551.5
2019-03-17,2018,Eibar,Valladolid,1,2,A,O,1.66,3.8,5.5,3,3,5,0,15,2.0,0.0,0.0,3.0,6.0,1.0,5.0,2.0,8.0,-6.0,4.0,-7.0,11.0,1.0,0.0,1.0,0.0,2.0,-2.0,50.0,14.3,21.4,42.9,15.0,7.0,18.0,15.0,1523.4,1458.6
2019-03-17,2018,Betis,Barcelona,1,4,A,O,7.0,5.0,1.4,3,9,3,7,15,1.0,2.0,1.0,0.0,3.0,5.0,-2.0,3.0,2.0,1.0,0.0,3.0,-3.0,0.0,1.0,-1.0,0.0,0.0,0.0,42.9,28.6,69.2,7.7,15.0,14.0,11.0,18.0,1532.4,1779.9
2019-03-16,2018,Real Madrid,Celta,2,0,H,U,1.18,7.5,13.0,7,1,9,2,14,1.0,0.0,2.0,2.0,4.0,1.0,3.0,3.0,4.0,-1.0,1.0,-3.0,4.0,1.0,0.0,1.0,0.0,1.0,-1.0,61.5,30.8,15.4,61.5,18.0,6.0,22.0,7.0,1677.8,1443.1
2019-03-16,2018,Leganes,Girona,0,2,A,U,2.15,3.2,3.7,3,4,6,2,14,2.0,2.0,0.0,1.0,5.0,4.0,1.0,1.0,4.0,-3.0,4.0,0.0,4.0,1.0,1.0,0.0,0.0,1.0,-1.0,46.2,7.7,38.5,30.8,13.0,12.0,10.0,6.0,1491.4,1496.6
2019-03-16,2018,Huesca,Alaves,1,3,A,O,2.45,3.2,3.0,2,5,2,2,14,2.0,1.0,1.0,1.0,6.0,3.0,3.0,2.0,5.0,-3.0,4.0,-2.0,6.0,1.0,0.0,1.0,0.0,1.0,-1.0,23.1,46.2,35.7,50.0,12.0,6.0,13.0,7.0,1457.7,1533.8
2019-03-16,2018,Ath Bilbao,Ath Madrid,2,0,H,U,3.9,3.0,2.2,5,2,1,7,15,1.0,2.0,0.0,1.0,2.0,3.0,-1.0,1.0,1.0,0.0,1.0,2.0,-1.0,0.0,1.0,-1.0,0.0,0.0,0.0,35.7,14.3,38.5,15.4,15.0,7.0,23.0,16.0,1526.4,1700.6
2019-03-15,2018,Sociedad,Levante,1,1,D,U,1.8,3.75,4.5,7,3,5,3,14,2.0,1.0,1.0,2.0,5.0,4.0,1.0,3.0,4.0,-1.0,2.0,0.0,2.0,1.0,1.0,0.0,1.0,1.0,0.0,30.8,38.5,28.6,50.0,11.0,12.0,14.0,19.0,1514.9,1463.8
2019-03-10,2018,Valladolid,Real Madrid,1,4,A,O,5.0,4.33,1.61,2,6,5,12,13,1.0,3.0,1.0,0.0,2.0,9.0,-7.0,3.0,4.0,-1.0,-1.0,5.0,-6.0,0.0,2.0,-2.0,1.0,0.0,1.0,25.0,50.0,53.8,30.8,12.0,18.0,28.0,16.0,1463.2,1673.2
2019-03-10,2018,Sevilla,Sociedad,5,2,H,O,1.66,4.2,4.75,11,2,7,2,13,1.0,0.0,1.0,0.0,9.0,2.0,7.0,6.0,2.0,4.0,3.0,0.0,3.0,1.0,0.0,1.0,1.0,0.0,1.0,58.3,16.7,38.5,30.8,17.0,6.0,17.0,19.0,1542.0,1524.4
2019-03-10,2018,Levante,Villarreal,0,2,A,U,2.9,3.3,2.5,3,5,8,2,13,1.0,0.0,1.0,2.0,3.0,0.0,3.0,2.0,5.0,-3.0,1.0,-5.0,6.0,1.0,0.0,1.0,0.0,2.0,-2.0,33.3,41.7,16.7,41.7,10.0,11.0,12.0,14.0,1472.9,1504.2
2019-03-10,2018,Girona,Valencia,2,3,A,O,3.3,3.2,2.35,8,6,6,1,14,0.0,1.0,2.0,0.0,0.0,5.0,-5.0,4.0,4.0,0.0,-4.0,1.0,-5.0,0.0,0.0,0.0,2.0,0.0,2.0,15.4,38.5,25.0,25.0,15.0,16.0,19.0,9.0,1504.4,1580.9
2019-03-10,2018,Celta,Betis,0,1,A,U,2.5,3.3,2.9,1,4,4,4,14,1.0,1.0,2.0,2.0,3.0,2.0,1.0,6.0,4.0,2.0,-3.0,-2.0,-1.0,0.0,1.0,-1.0,1.0,1.0,0.0,30.8,38.5,33.3,50.0,15.0,6.0,13.0,12.0,1451.0,1524.5
2019-03-09,2018,Getafe,Huesca,2,1,H,O,1.61,3.6,6.5,6,1,13,1,13,3.0,1.0,0.0,0.0,9.0,3.0,6.0,2.0,1.0,1.0,7.0,2.0,5.0,2.0,1.0,1.0,0.0,0.0,0.0,58.3,33.3,15.4,61.5,13.0,11.0,10.0,8.0,1562.0,1465.0
2019-03-09,2018,Barcelona,Vallecano,3,1,H,O,1.16,8.0,15.0,6,1,10,4,14,2.0,1.0,0.0,2.0,6.0,3.0,3.0,3.0,4.0,-1.0,3.0,-1.0,4.0,1.0,0.0,1.0,0.0,0.0,0.0,69.2,7.7,25.0,66.7,23.0,8.0,17.0,8.0,1777.5,1429.9
2019-03-09,2018,Ath Madrid,Leganes,1,0,H,U,1.45,4.2,10.0,4,2,4,4,14,2.0,1.0,1.0,2.0,5.0,3.0,2.0,3.0,7.0,-4.0,2.0,-4.0,6.0,2.0,0.0,2.0,1.0,2.0,-1.0,76.9,7.7,15.4,61.5,15.0,9.0,12.0,8.0,1695.7,1496.2
2019-03-09,2018,Alaves,Eibar,1,1,D,U,2.9,3.2,2.55,3,3,3,5,13,1.0,0.0,1.0,1.0,2.0,4.0,-2.0,1.0,5.0,-4.0,1.0,-1.0,2.0,1.0,0.0,1.0,0.0,0.0,0.0,50.0,8.3,8.3,50.0,9.0,8.0,13.0,14.0,1534.1,1523.1
2019-03-08,2018,Ath Bilbao,Espanol,1,1,D,U,1.66,3.6,6.0,6,2,7,0,14,2.0,0.0,0.0,1.0,2.0,2.0,0.0,0.0,5.0,-5.0,2.0,-3.0,5.0,0.0,0.0,0.0,0.0,1.0,-1.0,38.5,15.4,7.7,53.8,11.0,3.0,22.0,6.0,1527.0,1507.6
2019-03-04,2018,Leganes,Levante,1,0,H,U,1.95,3.4,4.2,3,4,2,2,13,1.0,1.0,0.0,2.0,6.0,4.0,2.0,3.0,8.0,-5.0,3.0,-4.0,7.0,1.0,1.0,0.0,0.0,2.0,-2.0,41.7,8.3,30.8,46.2,13.0,8.0,12.0,25.0,1486.3,1482.8
2019-03-03,2018,Valencia,Ath Bilbao,2,0,H,U,2.0,3.3,4.0,3,1,6,2,14,1.0,1.0,0.0,1.0,3.0,3.0,0.0,0.0,3.0,-3.0,3.0,0.0,3.0,1.0,0.0,1.0,0.0,0.0,0.0,23.1,7.7,16.7,33.3,14.0,11.0,24.0,11.0,1572.0,1535.9
2019-03-03,2018,Sociedad,Ath Madrid,0,2,A,U,4.0,3.25,2.05,3,3,7,3,13,2.0,2.0,0.0,1.0,5.0,4.0,1.0,1.0,1.0,0.0,4.0,3.0,1.0,1.0,1.0,0.0,0.0,0.0,0.0,33.3,33.3,33.3,16.7,9.0,12.0,12.0,18.0,1530.0,1690.0
2019-03-03,2018,Eibar,Celta,1,0,H,U,1.72,3.8,4.75,4,1,7,0,14,2.0,0.0,0.0,2.0,8.0,2.0,6.0,2.0,5.0,-3.0,6.0,-3.0,9.0,2.0,0.0,2.0,0.0,1.0,-1.0,46.2,15.4,16.7,58.3,20.0,8.0,17.0,12.0,1514.6,1459.4
2019-03-03,2018,Betis,Getafe,1,2,A,O,2.3,3.0,3.4,2,5,4,4,14,2.0,0.0,0.0,1.0,5.0,2.0,3.0,3.0,4.0,-1.0,2.0,-2.0,4.0,0.0,0.0,0.0,0.0,1.0,-1.0,46.2,23.1,23.1,15.4,18.0,8.0,14.0,14.0,1534.0,1552.5
2019-03-02,2018,Villarreal,Alaves,1,2,A,O,1.66,3.75,5.5,2,2,8,2,14,1.0,0.0,0.0,2.0,6.0,1.0,5.0,3.0,8.0,-5.0,3.0,-7.0,10.0,1.0,0.0,1.0,0.0,2.0,-2.0,15.4,38.5,30.8,53.8,12.0,4.0,10.0,7.0,1513.9,1524.4
2019-03-02,2018,Real Madrid,Barcelona,0,1,A,U,2.75,3.7,2.45,3,4,8,6,13,2.0,2.0,1.0,0.0,6.0,6.0,0.0,2.0,2.0,0.0,4.0,4.0,0.0,2.0,2.0,0.0,0.0,0.0,0.0,66.7,25.0,66.7,8.3,21.0,17.0,21.0,20.0,1680.7,1770.0
2019-03-02,2018,Huesca,Sevilla,2,1,H,O,3.8,3.6,1.95,3,5,3,12,13,1.0,0.0,2.0,3.0,4.0,0.0,4.0,4.0,6.0,-2.0,0.0,-6.0,6.0,1.0,0.0,1.0,1.0,2.0,-1.0,16.7,50.0,23.1,46.2,12.0,8.0,16.0,17.0,1452.1,1554.9
2019-03-02,2018,Espanol,Valladolid,3,1,H,O,1.8,3.6,4.75,6,3,5,3,13,1.0,0.0,1.0,3.0,5.0,0.0,5.0,6.0,7.0,-1.0,-1.0,-7.0,6.0,0.0,0.0,0.0,1.0,2.0,-1.0,58.3,33.3,23.1,38.5,13.0,7.0,14.0,14.0,1498.3,1472.5
2019-03-01,2018,Vallecano,Girona,0,2,A,U,2.25,3.4,3.2,3,4,7,1,14,0.0,1.0,2.0,2.0,3.0,4.0,-1.0,5.0,7.0,-2.0,-2.0,-3.0,1.0,0.0,0.0,0.0,0.0,1.0,-1.0,23.1,46.2,33.3,33.3,16.0,13.0,11.0,7.0,1438.3,1496.0
2019-02-25,2018,Girona,Sociedad,0,0,D,U,2.37,3.2,3.0,3,1,3,5,13,0.0,1.0,2.0,0.0,1.0,4.0,-3.0,5.0,2.0,3.0,-4.0,2.0,-6.0,0.0,1.0,-1.0,2.0,0.0,2.0,16.7,41.7,41.7,33.3,16.0,9.0,22.0,18.0,1495.0,1531.1
2019-02-24,2018,Valladolid,Betis,0,2,A,U,2.7,3.2,2.75,2,3,13,4,12,1.0,0.0,1.0,3.0,2.0,1.0,1.0,2.0,6.0,-4.0,0.0,-5.0,5.0,0.0,0.0,0.0,0.0,1.0,-1.0,27.3,45.5,27.3,54.5,15.0,4.0,24.0,14.0,1481.2,1525.2
2019-02-24,2018,Levante,Real Madrid,1,2,A,O,5.25,4.75,1.53,2,5,4,6,12,1.0,3.0,0.0,0.0,4.0,9.0,-5.0,2.0,4.0,-2.0,2.0,5.0,-3.0,1.0,2.0,-1.0,0.0,0.0,0.0,36.4,36.4,50.0,33.3,16.0,18.0,16.0,15.0,1487.9,1675.6
2019-02-24,2018,Leganes,Valencia,1,1,D,U,2.8,3.1,2.7,6,1,4,2,12,2.0,1.0,0.0,1.0,6.0,5.0,1.0,2.0,5.0,-3.0,4.0,0.0,4.0,1.0,0.0,1.0,0.0,0.0,0.0,45.5,9.1,27.3,27.3,14.0,17.0,12.0,13.0,1483.8,1574.5
2019-02-24,2018,Ath Madrid,Villarreal,2,0,H,U,1.57,3.75,7.0,7,3,6,7,13,2.0,0.0,1.0,1.0,4.0,0.0,4.0,3.0,3.0,0.0,1.0,-3.0,4.0,1.0,0.0,1.0,1.0,1.0,0.0,75.0,8.3,18.2,36.4,13.0,12.0,11.0,8.0,1684.5,1519.5
2019-02-23,2018,Sevilla,Barcelona,2,4,A,O,3.5,4.0,1.95,4,8,3,8,12,1.0,2.0,0.0,0.0,8.0,4.0,4.0,3.0,1.0,2.0,5.0,3.0,2.0,1.0,1.0,0.0,0.0,0.0,0.0,63.6,9.1,63.6,9.1,18.0,17.0,18.0,16.0,1559.6,1765.3
2019-02-23,2018,Getafe,Vallecano,2,1,H,O,1.7,3.6,5.5,2,2,2,2,12,2.0,2.0,1.0,1.0,8.0,3.0,5.0,3.0,2.0,1.0,5.0,1.0,4.0,2.0,0.0,2.0,0.0,0.0,0.0,54.5,36.4,27.3,63.6,13.0,11.0,12.0,11.0,1545.3,1445.5
2019-02-23,2018,Ath Bilbao,Eibar,1,0,H,U,2.1,3.25,3.8,4,2,10,2,13,2.0,0.0,0.0,1.0,3.0,4.0,-1.0,0.0,7.0,-7.0,3.0,-3.0,6.0,1.0,0.0,1.0,0.0,1.0,-1.0,33.3,16.7,9.1,45.5,10.0,8.0,19.0,15.0,1526.0,1524.6
2019-02-23,2018,Alaves,Celta,0,0,D,U,2.3,3.3,3.2,4,2,3,4,12,2.0,0.0,1.0,3.0,4.0,4.0,0.0,2.0,9.0,-7.0,2.0,-5.0,7.0,1.0,0.0,1.0,0.0,2.0,-2.0,54.5,9.1,18.2,63.6,10.0,10.0,12.0,13.0,1526.3,1457.5
2019-02-22,2018,Espanol,Huesca,1,1,D,U,1.72,3.6,5.0,2,4,7,4,12,2.0,1.0,1.0,1.0,5.0,2.0,3.0,5.0,1.0,4.0,0.0,1.0,-1.0,0.0,1.0,-1.0,1.0,0.0,1.0,63.6,36.4,16.7,66.7,12.0,10.0,10.0,8.0,1499.7,1450.7
2019-02-18,2018,Huesca,Ath Bilbao,0,1,A,U,3.1,3.1,2.5,2,4,3,5,12,2.0,1.0,1.0,1.0,6.0,4.0,2.0,4.0,4.0,0.0,2.0,0.0,2.0,1.0,0.0,1.0,1.0,0.0,1.0,18.2,45.5,9.1,36.4,16.0,11.0,17.0,8.0,1459.0,1517.6
2019-02-17,2018,Villarreal,Sevilla,3,0,H,O,2.5,3.4,2.8,6,5,6,4,13,0.0,0.0,1.0,3.0,4.0,0.0,4.0,5.0,5.0,0.0,-1.0,-5.0,4.0,0.0,0.0,0.0,0.0,2.0,-2.0,8.3,41.7,25.0,41.7,12.0,7.0,10.0,19.0,1507.7,1571.4
2019-02-17,2018,Valencia,Espanol,0,0,D,U,1.72,3.7,4.8,1,1,10,2,13,1.0,0.0,0.0,2.0,4.0,4.0,0.0,1.0,8.0,-7.0,3.0,-4.0,7.0,1.0,0.0,1.0,0.0,1.0,-1.0,25.0,8.3,8.3,58.3,18.0,4.0,21.0,7.0,1576.8,1497.5
2019-02-17,2018,Real Madrid,Girona,1,2,A,O,1.16,8.0,15.0,7,6,7,0,12,2.0,0.0,1.0,2.0,5.0,4.0,1.0,2.0,8.0,-6.0,3.0,-4.0,7.0,2.0,0.0,2.0,1.0,1.0,0.0,72.7,18.2,27.3,36.4,22.0,9.0,24.0,9.0,1691.0,1479.6
2019-02-17,2018,Betis,Alaves,1,1,D,U,1.72,3.5,5.25,10,3,6,3,13,2.0,0.0,1.0,2.0,5.0,1.0,4.0,4.0,8.0,-4.0,1.0,-7.0,8.0,0.0,0.0,0.0,0.0,2.0,-2.0,50.0,25.0,33.3,58.3,10.0,5.0,14.0,7.0,1525.2,1526.4
2019-02-16,2018,Vallecano,Ath Madrid,0,1,A,U,6.0,3.5,1.65,6,3,4,6,13,1.0,1.0,1.0,1.0,7.0,4.0,3.0,6.0,2.0,4.0,1.0,2.0,-1.0,1.0,1.0,0.0,0.0,0.0,0.0,25.0,41.7,27.3,18.2,18.0,16.0,14.0,17.0,1449.7,1680.3
2019-02-16,2018,Sociedad,Leganes,3,0,H,O,2.05,3.1,4.2,6,3,4,1,12,2.0,1.0,0.0,2.0,5.0,3.0,2.0,3.0,5.0,-2.0,2.0,-2.0,4.0,0.0,0.0,0.0,0.0,1.0,-1.0,27.3,36.4,16.7,58.3,7.0,8.0,15.0,13.0,1521.9,1492.9
2019-02-16,2018,Celta,Levante,1,4,A,O,1.8,3.8,4.5,7,8,5,7,13,1.0,0.0,2.0,3.0,3.0,0.0,3.0,4.0,8.0,-4.0,-1.0,-8.0,7.0,0.0,0.0,0.0,0.0,2.0,-2.0,33.3,33.3,25.0,50.0,11.0,2.0,11.0,20.0,1467.2,1478.2
2019-02-16,2018,Barcelona,Valladolid,1,0,H,U,1.14,9.0,15.0,8,0,3,5,13,2.0,0.0,0.0,2.0,8.0,1.0,7.0,3.0,7.0,-4.0,5.0,-6.0,11.0,2.0,0.0,2.0,0.0,2.0,-2.0,66.7,8.3,25.0,33.3,21.0,8.0,16.0,9.0,1762.0,1484.6
2019-02-15,2018,Eibar,Getafe,2,2,D,O,2.05,3.3,4.0,6,4,3,3,13,2.0,1.0,0.0,1.0,6.0,2.0,4.0,0.0,3.0,-3.0,6.0,-1.0,7.0,2.0,0.0,2.0,0.0,1.0,-1.0,50.0,16.7,25.0,16.7,20.0,8.0,27.0,12.0,1524.0,1546.0
2019-02-11,2018,Alaves,Levante,2,0,H,U,2.0,3.4,3.8,4,0,3,10,11,1.0,0.0,1.0,3.0,2.0,1.0,1.0,2.0,8.0,-6.0,0.0,-7.0,7.0,0.0,0.0,0.0,0.0,1.0,-1.0,50.0,10.0,27.3,45.5,8.0,9.0,14.0,15.0,1517.2,1487.3
2019-02-10,2018,Valencia,Sociedad,0,0,D,U,1.83,3.5,4.5,4,1,7,5,12,2.0,1.0,0.0,1.0,6.0,4.0,2.0,2.0,3.0,-1.0,4.0,1.0,3.0,1.0,1.0,0.0,0.0,0.0,0.0,27.3,9.1,45.5,36.4,22.0,12.0,26.0,16.0,1578.4,1520.3
2019-02-10,2018,Sevilla,Eibar,2,2,D,O,1.66,4.0,5.0,4,4,9,7,11,2.0,0.0,0.0,1.0,8.0,3.0,5.0,1.0,6.0,-5.0,7.0,-3.0,10.0,2.0,0.0,2.0,0.0,1.0,-1.0,70.0,10.0,10.0,50.0,19.0,8.0,14.0,19.0,1572.8,1522.5
2019-02-10,2018,Leganes,Betis,3,0,H,O,2.25,3.0,3.6,4,1,4,4,11,1.0,1.0,0.0,2.0,4.0,4.0,0.0,3.0,4.0,-1.0,1.0,0.0,1.0,0.0,1.0,-1.0,0.0,0.0,0.0,40.0,10.0,30.0,50.0,14.0,8.0,11.0,14.0,1481.4,1536.8
2019-02-10,2018,Ath Bilbao,Barcelona,0,0,D,U,4.75,4.0,1.7,5,2,6,4,12,2.0,3.0,0.0,0.0,4.0,9.0,-5.0,1.0,1.0,0.0,3.0,8.0,-5.0,1.0,2.0,-1.0,0.0,0.0,0.0,36.4,18.2,70.0,10.0,8.0,24.0,16.0,15.0,1511.3,1768.3
2019-02-09,2018,Girona,Huesca,0,2,A,U,2.0,3.3,4.0,7,6,13,2,12,0.0,0.0,1.0,2.0,2.0,1.0,1.0,4.0,3.0,1.0,-2.0,-2.0,0.0,0.0,0.0,0.0,1.0,0.0,1.0,18.2,36.4,9.1,72.7,13.0,8.0,13.0,11.0,1490.8,1447.8
2019-02-09,2018,Getafe,Celta,3,1,H,O,1.9,3.4,4.33,6,3,4,3,11,2.0,0.0,1.0,3.0,6.0,3.0,3.0,2.0,8.0,-6.0,4.0,-5.0,9.0,1.0,0.0,1.0,0.0,2.0,-2.0,50.0,40.0,20.0,60.0,9.0,8.0,10.0,16.0,1537.7,1475.4
2019-02-09,2018,Espanol,Vallecano,2,1,H,O,1.8,3.6,4.5,5,3,6,2,11,1.0,2.0,2.0,1.0,4.0,2.0,2.0,7.0,1.0,6.0,-3.0,1.0,-4.0,0.0,0.0,0.0,2.0,0.0,2.0,60.0,40.0,30.0,60.0,10.0,11.0,4.0,13.0,1488.4,1458.8
2019-02-09,2018,Ath Madrid,Real Madrid,1,3,A,O,2.37,3.25,3.1,2,4,3,4,12,3.0,2.0,0.0,0.0,4.0,8.0,-4.0,0.0,5.0,-5.0,4.0,3.0,1.0,1.0,1.0,0.0,0.0,0.0,0.0,81.8,0.0,45.5,36.4,16.0,21.0,13.0,15.0,1690.6,1680.8
2019-02-08,2018,Valladolid,Villarreal,0,0,D,U,2.9,3.3,2.4,3,3,8,3,11,1.0,0.0,2.0,1.0,4.0,2.0,2.0,5.0,5.0,0.0,-1.0,-3.0,2.0,0.0,0.0,0.0,0.0,1.0,-1.0,30.0,50.0,20.0,40.0,14.0,14.0,25.0,7.0,1483.9,1508.4
2019-02-04,2018,Vallecano,Leganes,1,2,A,O,2.37,3.25,3.1,6,4,5,6,12,2.0,0.0,0.0,2.0,8.0,1.0,7.0,5.0,4.0,1.0,3.0,-3.0,6.0,1.0,0.0,1.0,0.0,1.0,-1.0,27.3,36.4,9.1,63.6,20.0,6.0,12.0,7.0,1468.8,1471.4
2019-02-03,2018,Villarreal,Espanol,2,2,D,O,1.8,3.75,4.5,5,2,3,2,12,0.0,0.0,1.0,3.0,4.0,2.0,2.0,5.0,7.0,-2.0,-1.0,-5.0,4.0,0.0,0.0,0.0,0.0,1.0,-1.0,9.1,45.5,9.1,63.6,11.0,6.0,13.0,14.0,1509.0,1487.7
2019-02-03,2018,Real Madrid,Alaves,3,0,H,O,1.2,6.5,15.0,8,1,7,2,11,2.0,1.0,1.0,1.0,3.0,2.0,1.0,2.0,5.0,-3.0,1.0,-3.0,4.0,1.0,0.0,1.0,1.0,1.0,0.0,70.0,20.0,36.4,54.5,18.0,7.0,21.0,6.0,1674.9,1523.1
2019-02-03,2018,Eibar,Girona,3,0,H,O,1.66,4.0,5.0,5,2,8,5,12,1.0,0.0,0.0,2.0,4.0,4.0,0.0,1.0,7.0,-6.0,3.0,-3.0,6.0,1.0,0.0,1.0,0.0,1.0,-1.0,45.5,18.2,30.0,30.0,21.0,9.0,23.0,7.0,1512.9,1500.5
2019-02-03,2018,Betis,Ath Madrid,1,0,H,U,4.0,3.2,2.05,3,1,1,7,12,1.0,2.0,1.0,0.0,5.0,7.0,-2.0,5.0,3.0,2.0,0.0,4.0,-4.0,0.0,1.0,-1.0,0.0,0.0,0.0,45.5,27.3,30.0,10.0,9.0,20.0,17.0,13.0,1521.9,1705.4
2019-02-02,2018,Sociedad,Ath Bilbao,2,1,H,O,2.35,3.3,3.2,2,5,3,3,11,1.0,1.0,1.0,0.0,3.0,3.0,0.0,3.0,2.0,1.0,0.0,1.0,-1.0,0.0,0.0,0.0,0.0,0.0,0.0,20.0,40.0,10.0,30.0,9.0,9.0,22.0,8.0,1509.9,1521.7
2019-02-02,2018,Levante,Getafe,0,0,D,U,2.37,3.25,3.1,4,2,5,5,11,1.0,1.0,1.0,1.0,4.0,3.0,1.0,7.0,4.0,3.0,-3.0,-1.0,-2.0,1.0,0.0,1.0,1.0,1.0,0.0,40.0,40.0,27.3,18.2,18.0,8.0,26.0,8.0,1485.8,1539.3
2019-02-02,2018,Celta,Sevilla,1,0,H,U,3.75,3.6,2.0,4,2,4,9,12,0.0,0.0,2.0,2.0,2.0,1.0,1.0,4.0,5.0,-1.0,-2.0,-4.0,2.0,0.0,0.0,0.0,0.0,2.0,-2.0,27.3,36.4,27.3,36.4,9.0,7.0,17.0,16.0,1461.9,1586.2
2019-02-02,2018,Barcelona,Valencia,2,2,D,O,1.28,5.75,11.0,8,7,9,1,12,3.0,1.0,0.0,1.0,8.0,4.0,4.0,1.0,4.0,-3.0,7.0,0.0,7.0,3.0,0.0,3.0,0.0,0.0,0.0,72.7,9.1,30.0,30.0,18.0,14.0,11.0,14.0,1773.5,1573.2
2019-02-01,2018,Huesca,Valladolid,4,0,H,O,2.25,3.25,3.4,7,4,7,7,11,1.0,0.0,1.0,1.0,4.0,2.0,2.0,6.0,4.0,2.0,-2.0,-2.0,0.0,0.0,0.0,0.0,1.0,1.0,0.0,10.0,50.0,27.3,27.3,22.0,6.0,23.0,3.0,1436.1,1495.6
2019-01-28,2018,Alaves,Vallecano,0,1,A,U,2.15,3.3,3.5,1,3,7,4,10,1.0,1.0,0.0,2.0,3.0,1.0,2.0,2.0,3.0,-1.0,1.0,-2.0,3.0,0.0,0.0,0.0,0.0,1.0,-1.0,55.6,0.0,22.2,66.7,10.0,11.0,9.0,18.0,1535.4,1456.5
2019-01-27,2018,Valladolid,Celta,2,1,H,O,2.4,3.2,3.1,7,3,7,5,10,0.0,1.0,3.0,2.0,4.0,5.0,-1.0,8.0,8.0,0.0,-4.0,-3.0,-1.0,0.0,0.0,0.0,1.0,2.0,-1.0,22.2,55.6,22.2,55.6,13.0,12.0,24.0,12.0,1486.0,1471.5
2019-01-27,2018,Sociedad,Huesca,0,0,D,U,1.61,3.75,6.0,1,1,5,2,10,1.0,0.0,2.0,3.0,4.0,1.0,3.0,5.0,5.0,0.0,-1.0,-4.0,3.0,0.0,0.0,0.0,0.0,1.0,-1.0,22.2,44.4,10.0,80.0,13.0,10.0,28.0,13.0,1512.1,1433.9
2019-01-27,2018,Girona,Barcelona,0,2,A,U,10.0,5.25,1.33,5,7,3,8,11,0.0,3.0,0.0,0.0,3.0,11.0,-8.0,3.0,1.0,2.0,0.0,10.0,-10.0,0.0,2.0,-2.0,0.0,0.0,0.0,20.0,30.0,66.7,11.1,11.0,26.0,12.0,11.0,1504.0,1769.9
2019-01-27,2018,Espanol,Real Madrid,2,4,A,O,4.2,4.0,1.8,6,9,1,6,10,1.0,2.0,2.0,0.0,2.0,5.0,-3.0,7.0,3.0,4.0,-5.0,2.0,-7.0,0.0,0.0,0.0,2.0,0.0,2.0,66.7,33.3,40.0,40.0,7.0,16.0,14.0,15.0,1493.1,1669.6
2019-01-27,2018,Ath Bilbao,Betis,1,0,H,U,2.1,3.3,3.5,2,2,6,4,11,2.0,1.0,0.0,2.0,4.0,5.0,-1.0,1.0,5.0,-4.0,3.0,0.0,3.0,1.0,1.0,0.0,0.0,0.0,0.0,30.0,20.0,33.3,44.4,16.0,12.0,21.0,14.0,1511.1,1532.5
2019-01-26,2018,Valencia,Villarreal,3,0,H,O,1.83,3.6,4.5,9,5,7,4,11,1.0,0.0,0.0,1.0,4.0,2.0,2.0,3.0,4.0,-1.0,1.0,-2.0,3.0,0.0,0.0,0.0,0.0,1.0,-1.0,20.0,10.0,22.2,33.3,19.0,11.0,25.0,4.0,1564.6,1517.6
2019-01-26,2018,Sevilla,Levante,5,0,H,O,1.53,4.33,6.0,9,0,5,8,10,2.0,0.0,0.0,2.0,4.0,5.0,-1.0,1.0,7.0,-6.0,3.0,-2.0,5.0,1.0,0.0,1.0,0.0,0.0,0.0,66.7,11.1,30.0,40.0,19.0,14.0,17.0,10.0,1578.7,1493.4
2019-01-26,2018,Leganes,Eibar,2,2,D,O,2.62,3.0,3.0,3,2,4,5,10,1.0,0.0,0.0,2.0,3.0,1.0,2.0,2.0,5.0,-3.0,1.0,-4.0,5.0,0.0,0.0,0.0,0.0,1.0,-1.0,44.4,11.1,11.1,55.6,16.0,11.0,14.0,18.0,1470.2,1514.1
2019-01-26,2018,Ath Madrid,Getafe,2,0,H,U,1.53,3.6,8.0,6,2,3,6,11,3.0,1.0,0.0,0.0,5.0,4.0,1.0,0.0,3.0,-3.0,5.0,1.0,4.0,1.0,0.0,1.0,0.0,0.0,0.0,80.0,0.0,30.0,10.0,15.0,8.0,15.0,4.0,1699.6,1545.1
2019-01-21,2018,Eibar,Espanol,3,0,H,O,2.1,3.1,4.0,9,0,6,2,11,0.0,0.0,0.0,3.0,5.0,2.0,3.0,5.0,7.0,-2.0,0.0,-5.0,5.0,0.0,0.0,0.0,0.0,1.0,-1.0,40.0,20.0,10.0,60.0,19.0,8.0,29.0,16.0,1504.2,1503.0
2019-01-20,2018,Villarreal,Ath Bilbao,1,1,D,U,2.2,3.3,3.4,1,2,1,3,11,0.0,1.0,2.0,1.0,5.0,2.0,3.0,7.0,4.0,3.0,-2.0,-2.0,0.0,0.0,0.0,0.0,0.0,1.0,-1.0,10.0,50.0,11.1,33.3,13.0,10.0,18.0,11.0,1517.8,1510.9
2019-01-20,2018,Vallecano,Sociedad,2,2,D,O,2.87,3.3,2.5,4,4,2,9,11,3.0,1.0,0.0,2.0,7.0,2.0,5.0,3.0,2.0,1.0,4.0,0.0,4.0,1.0,1.0,0.0,0.0,0.0,0.0,30.0,40.0,50.0,40.0,18.0,12.0,11.0,11.0,1454.8,1513.8
2019-01-20,2018,Levante,Valladolid,2,0,H,U,2.1,3.5,3.5,4,3,3,2,10,1.0,1.0,1.0,0.0,5.0,4.0,1.0,7.0,3.0,4.0,-2.0,1.0,-3.0,1.0,0.0,1.0,1.0,0.0,1.0,33.3,44.4,30.0,20.0,21.0,9.0,25.0,7.0,1483.0,1496.4
2019-01-20,2018,Betis,Girona,3,2,H,O,1.61,3.75,6.0,5,5,7,2,11,1.0,0.0,1.0,2.0,4.0,2.0,2.0,3.0,5.0,-2.0,1.0,-3.0,4.0,1.0,0.0,1.0,0.0,1.0,-1.0,40.0,30.0,33.3,22.2,7.0,5.0,12.0,5.0,1522.8,1513.8
2019-01-20,2018,Barcelona,Leganes,3,1,H,O,1.12,9.0,21.0,7,2,5,1,11,3.0,1.0,0.0,1.0,7.0,4.0,3.0,0.0,3.0,-3.0,7.0,1.0,6.0,3.0,1.0,2.0,0.0,0.0,0.0,70.0,10.0,10.0,60.0,18.0,9.0,17.0,11.0,1766.8,1473.3
2019-01-19,2018,Real Madrid,Sevilla,2,0,H,U,1.7,4.2,4.5,6,1,7,4,10,2.0,0.0,1.0,1.0,3.0,2.0,1.0,2.0,4.0,-2.0,1.0,-2.0,3.0,1.0,0.0,1.0,1.0,1.0,0.0,66.7,22.2,30.0,30.0,15.0,9.0,16.0,16.0,1661.7,1586.5
2019-01-19,2018,Huesca,Ath Madrid,0,3,A,O,5.75,3.6,1.66,3,8,6,5,10,1.0,1.0,1.0,0.0,4.0,5.0,-1.0,4.0,4.0,0.0,0.0,1.0,-1.0,0.0,0.0,0.0,0.0,0.0,0.0,11.1,44.4,22.2,11.1,23.0,15.0,28.0,17.0,1437.6,1695.9
2019-01-19,2018,Celta,Valencia,1,2,A,O,3.1,3.2,2.4,4,8,4,6,11,1.0,0.0,1.0,2.0,3.0,2.0,1.0,2.0,5.0,-3.0,1.0,-3.0,4.0,1.0,0.0,1.0,0.0,1.0,-1.0,30.0,30.0,22.2,33.3,10.0,8.0,17.0,10.0,1479.3,1556.8
2019-01-18,2018,Getafe,Alaves,4,0,H,O,2.0,3.1,4.5,5,0,4,2,10,2.0,1.0,1.0,1.0,5.0,2.0,3.0,2.0,4.0,-2.0,3.0,-2.0,5.0,1.0,0.0,1.0,0.0,1.0,-1.0,44.4,44.4,40.0,50.0,9.0,10.0,13.0,9.0,1534.8,1545.7
2019-01-14,2018,Sociedad,Espanol,3,2,H,O,2.0,3.3,4.0,4,2,7,3,9,1.0,0.0,2.0,3.0,3.0,1.0,2.0,4.0,6.0,-2.0,-1.0,-5.0,4.0,0.0,0.0,0.0,0.0,1.0,-1.0,12.5,50.0,11.1,55.6,17.0,13.0,27.0,16.0,1503.5,1513.3
2019-01-13,2018,Betis,Real Madrid,1,2,A,O,3.25,3.75,2.1,2,5,6,5,10,2.0,1.0,0.0,1.0,4.0,3.0,1.0,1.0,5.0,-4.0,3.0,-2.0,5.0,1.0,0.0,1.0,0.0,1.0,-1.0,44.4,22.2,33.3,44.4,9.0,14.0,12.0,14.0,1529.3,1655.2
2019-01-13,2018,Barcelona,Eibar,3,0,H,O,1.12,9.0,21.0,6,2,2,3,10,2.0,0.0,1.0,1.0,7.0,1.0,6.0,4.0,2.0,2.0,3.0,-1.0,4.0,2.0,0.0,2.0,0.0,0.0,0.0,66.7,11.1,12.5,50.0,17.0,15.0,25.0,19.0,1763.0,1507.9
2019-01-13,2018,Ath Madrid,Levante,1,0,H,U,1.25,6.0,12.0,5,2,5,2,10,2.0,0.0,0.0,1.0,5.0,7.0,-2.0,1.0,8.0,-7.0,4.0,-1.0,5.0,1.0,0.0,1.0,0.0,0.0,0.0,77.8,0.0,33.3,33.3,11.0,15.0,12.0,10.0,1691.1,1487.8
2019-01-13,2018,Ath Bilbao,Sevilla,2,0,H,U,2.75,3.2,2.7,3,4,7,6,10,1.0,0.0,0.0,0.0,3.0,3.0,0.0,2.0,3.0,-1.0,1.0,0.0,1.0,0.0,0.0,0.0,0.0,0.0,0.0,22.2,22.2,33.3,22.2,17.0,8.0,16.0,15.0,1498.0,1599.4
2019-01-12,2018,Villarreal,Getafe,1,2,A,O,2.15,3.1,3.8,6,4,6,1,10,1.0,0.0,1.0,0.0,6.0,3.0,3.0,6.0,3.0,3.0,0.0,0.0,0.0,0.0,0.0,0.0,0.0,0.0,0.0,11.1,44.4,22.2,11.1,15.0,6.0,17.0,5.0,1527.9,1524.7
2019-01-12,2018,Valencia,Valladolid,1,1,D,U,1.53,4.0,7.0,5,1,7,0,10,2.0,1.0,0.0,1.0,6.0,3.0,3.0,2.0,3.0,-1.0,4.0,0.0,4.0,1.0,0.0,1.0,0.0,0.0,0.0,22.2,11.1,33.3,22.2,24.0,13.0,24.0,13.0,1558.6,1494.6
2019-01-12,2018,Leganes,Huesca,1,0,H,U,1.95,3.25,4.33,7,3,4,4,9,1.0,0.0,0.0,3.0,3.0,2.0,1.0,2.0,6.0,-4.0,1.0,-4.0,5.0,0.0,0.0,0.0,0.0,1.0,-1.0,37.5,12.5,11.1,77.8,15.0,9.0,15.0,13.0,1463.8,1447.1
2019-01-12,2018,Girona,Alaves,1,1,D,U,2.1,3.1,4.0,4,4,6,3,10,0.0,1.0,0.0,2.0,2.0,1.0,1.0,2.0,4.0,-2.0,0.0,-3.0,3.0,0.0,0.0,0.0,0.0,1.0,-1.0,22.2,33.3,44.4,55.6,7.0,8.0,6.0,9.0,1512.8,1546.6
2019-01-11,2018,Vallecano,Celta,4,2,H,O,2.5,3.4,2.8,8,4,7,5,10,2.0,1.0,0.0,2.0,5.0,4.0,1.0,3.0,6.0,-3.0,2.0,-2.0,4.0,0.0,0.0,0.0,0.0,1.0,-1.0,22.2,44.4,25.0,50.0,17.0,10.0,12.0,9.0,1443.5,1490.7
2019-01-07,2018,Celta,Ath Bilbao,1,2,A,O,2.4,3.3,3.0,3,4,3,2,10,1.0,0.0,1.0,2.0,4.0,2.0,2.0,4.0,6.0,-2.0,0.0,-4.0,4.0,1.0,0.0,1.0,1.0,1.0,0.0,33.3,22.2,0.0,37.5,11.0,11.0,19.0,11.0,1501.1,1487.6
2019-01-06,2018,Sevilla,Ath Madrid,1,1,D,U,2.8,3.1,2.7,5,7,4,5,9,3.0,1.0,0.0,0.0,5.0,5.0,0.0,1.0,4.0,-3.0,4.0,1.0,3.0,1.0,0.0,1.0,0.0,0.0,0.0,75.0,12.5,25.0,12.5,24.0,12.0,19.0,19.0,1596.6,1693.9
2019-01-06,2018,Real Madrid,Sociedad,0,2,A,U,1.33,6.0,7.5,8,4,10,4,9,3.0,1.0,0.0,2.0,5.0,3.0,2.0,0.0,3.0,-3.0,5.0,0.0,5.0,2.0,1.0,1.0,0.0,0.0,0.0,75.0,12.5,44.4,44.4,14.0,12.0,14.0,11.0,1669.9,1488.7
2019-01-06,2018,Getafe,Barcelona,1,2,A,O,8.0,5.25,1.36,2,8,4,4,9,2.0,2.0,1.0,0.0,4.0,10.0,-6.0,1.0,1.0,0.0,3.0,9.0,-6.0,1.0,2.0,-1.0,0.0,0.0,0.0,50.0,37.5,62.5,12.5,10.0,20.0,15.0,15.0,1528.9,1758.8
2019-01-06,2018,Eibar,Villarreal,0,0,D,U,2.1,3.25,3.5,6,4,13,1,10,1.0,0.0,0.0,1.0,8.0,4.0,4.0,5.0,6.0,-1.0,3.0,-2.0,5.0,1.0,0.0,1.0,0.0,1.0,-1.0,44.4,22.2,25.0,37.5,21.0,12.0,21.0,7.0,1507.3,1528.6
2019-01-05,2018,Valladolid,Vallecano,0,1,A,U,2.1,3.4,3.6,5,5,9,5,9,0.0,0.0,2.0,3.0,4.0,0.0,4.0,7.0,6.0,1.0,-3.0,-6.0,3.0,0.0,0.0,0.0,1.0,2.0,-1.0,25.0,50.0,12.5,75.0,9.0,9.0,19.0,18.0,1506.7,1431.4
2019-01-05,2018,Huesca,Betis,2,1,H,O,3.2,3.5,2.2,6,1,4,6,9,0.0,2.0,1.0,1.0,4.0,8.0,-4.0,5.0,6.0,-1.0,-1.0,2.0,-3.0,0.0,1.0,-1.0,0.0,0.0,0.0,0.0,50.0,37.5,37.5,29.0,19.0,31.0,13.0,1434.1,1542.3
2019-01-05,2018,Alaves,Valencia,2,1,H,O,3.1,3.1,2.4,5,2,2,6,9,1.0,1.0,0.0,1.0,3.0,2.0,1.0,2.0,3.0,-1.0,1.0,-1.0,2.0,0.0,0.0,0.0,0.0,1.0,-1.0,50.0,0.0,25.0,25.0,10.0,9.0,12.0,8.0,1535.7,1569.6
2019-01-04,2018,Levante,Girona,2,2,D,O,2.15,3.5,3.3,8,2,8,2,9,1.0,1.0,2.0,2.0,4.0,3.0,1.0,8.0,4.0,4.0,-4.0,-1.0,-3.0,1.0,1.0,0.0,2.0,1.0,1.0,37.5,50.0,37.5,25.0,15.0,14.0,23.0,6.0,1487.0,1513.5
2019-01-04,2018,Espanol,Leganes,1,0,H,U,2.0,3.3,4.2,1,2,3,6,9,0.0,1.0,3.0,0.0,2.0,4.0,-2.0,10.0,2.0,8.0,-8.0,2.0,-10.0,0.0,1.0,-1.0,3.0,0.0,3.0,62.5,37.5,11.1,55.6,16.0,8.0,19.0,11.0,1504.2,1472.9
2019-01-03,2018,Villarreal,Real Madrid,2,2,D,O,3.8,3.8,1.85,4,7,6,4,9,1.0,2.0,1.0,1.0,5.0,5.0,0.0,5.0,5.0,0.0,0.0,0.0,0.0,0.0,1.0,-1.0,0.0,1.0,-1.0,12.5,50.0,37.5,50.0,15.0,12.0,16.0,11.0,1524.5,1674.0
2018-12-23,2018,Vallecano,Levante,2,1,H,O,2.1,3.6,3.4,8,7,3,5,9,1.0,0.0,1.0,0.0,5.0,7.0,-2.0,5.0,7.0,-2.0,0.0,0.0,0.0,0.0,0.0,0.0,0.0,0.0,0.0,12.5,50.0,37.5,25.0,14.0,10.0,12.0,9.0,1419.1,1499.3
2018-12-23,2018,Valencia,Huesca,2,1,H,O,1.4,4.75,8.0,8,4,12,5,9,1.0,0.0,1.0,3.0,4.0,2.0,2.0,2.0,6.0,-4.0,2.0,-4.0,6.0,1.0,0.0,1.0,0.0,1.0,-1.0,12.5,12.5,12.5,75.0,25.0,7.0,23.0,10.0,1562.9,1440.7
2018-12-23,2018,Leganes,Sevilla,1,1,D,U,3.4,3.2,2.25,4,2,3,6,8,1.0,0.0,0.0,0.0,3.0,2.0,1.0,2.0,2.0,0.0,1.0,0.0,1.0,0.0,0.0,0.0,0.0,0.0,0.0,42.9,14.3,37.5,25.0,14.0,7.0,16.0,16.0,1469.3,1600.2
2018-12-22,2018,Betis,Eibar,1,1,D,U,1.8,3.75,4.5,2,4,4,11,9,2.0,0.0,0.0,2.0,6.0,0.0,6.0,3.0,5.0,-2.0,3.0,-5.0,8.0,1.0,0.0,1.0,0.0,1.0,-1.0,50.0,25.0,14.3,57.1,13.0,16.0,12.0,16.0,1543.4,1506.2
2018-12-22,2018,Barcelona,Celta,2,0,H,U,1.12,9.0,21.0,5,1,4,6,9,2.0,1.0,1.0,1.0,10.0,7.0,3.0,5.0,7.0,-2.0,5.0,0.0,5.0,2.0,0.0,2.0,0.0,0.0,0.0,62.5,12.5,28.6,42.9,20.0,16.0,25.0,7.0,1755.0,1504.9
2018-12-22,2018,Ath Madrid,Espanol,1,0,H,U,1.4,4.0,10.0,5,4,5,9,9,2.0,0.0,0.0,2.0,7.0,2.0,5.0,3.0,6.0,-3.0,4.0,-4.0,8.0,1.0,0.0,1.0,0.0,1.0,-1.0,75.0,0.0,12.5,50.0,9.0,13.0,19.0,9.0,1688.6,1509.5
2018-12-22,2018,Ath Bilbao,Valladolid,1,1,D,U,1.75,3.4,5.0,3,2,3,1,9,1.0,1.0,0.0,2.0,2.0,2.0,0.0,1.0,4.0,-3.0,1.0,-2.0,3.0,0.0,0.0,0.0,0.0,1.0,-1.0,25.0,25.0,37.5,25.0,16.0,13.0,18.0,18.0,1487.1,1507.3
2018-12-21,2018,Sociedad,Alaves,0,1,A,U,1.75,3.5,5.0,4,3,10,1,8,1.0,0.0,1.0,3.0,3.0,1.0,2.0,3.0,6.0,-3.0,0.0,-5.0,5.0,0.0,0.0,0.0,0.0,1.0,-1.0,14.3,42.9,37.5,62.5,14.0,8.0,24.0,9.0,1497.9,1526.5
2018-12-21,2018,Girona,Getafe,1,1,D,U,2.62,3.0,2.9,4,2,4,1,9,1.0,0.0,0.0,0.0,3.0,3.0,0.0,2.0,3.0,-1.0,1.0,0.0,1.0,0.0,0.0,0.0,0.0,0.0,0.0,25.0,37.5,25.0,12.5,9.0,6.0,6.0,6.0,1513.1,1529.4
2018-12-17,2018,Alaves,Ath Bilbao,0,0,D,U,3.0,3.2,2.5,2,3,5,3,8,2.0,0.0,0.0,3.0,5.0,2.0,3.0,3.0,7.0,-4.0,2.0,-5.0,7.0,0.0,0.0,0.0,0.0,1.0,-1.0,57.1,0.0,0.0,42.9,14.0,10.0,15.0,9.0,1527.7,1485.9
2018-12-16,2018,Sevilla,Girona,2,0,H,U,1.44,4.5,7.0,5,2,5,3,8,3.0,2.0,0.0,1.0,5.0,4.0,1.0,2.0,2.0,0.0,3.0,2.0,1.0,0.0,1.0,-1.0,0.0,0.0,0.0,71.4,14.3,42.9,14.3,23.0,15.0,18.0,5.0,1592.3,1521.1
2018-12-16,2018,Levante,Barcelona,0,5,A,O,9.0,6.5,1.25,6,9,15,3,8,2.0,2.0,1.0,0.0,6.0,8.0,-2.0,3.0,3.0,0.0,3.0,5.0,-2.0,2.0,1.0,1.0,1.0,0.0,1.0,42.9,42.9,57.1,14.3,13.0,16.0,11.0,13.0,1503.1,1751.1
2018-12-16,2018,Huesca,Villarreal,2,2,D,O,3.5,3.2,2.14,13,5,13,2,8,0.0,0.0,1.0,2.0,3.0,3.0,0.0,4.0,6.0,-2.0,-1.0,-3.0,2.0,0.0,0.0,0.0,0.0,1.0,-1.0,0.0,57.1,28.6,42.9,23.0,9.0,28.0,9.0,1438.2,1527.0
2018-12-16,2018,Espanol,Betis,1,3,A,O,2.4,3.3,3.0,3,5,0,4,8,1.0,1.0,2.0,2.0,2.0,5.0,-3.0,7.0,7.0,0.0,-5.0,-2.0,-3.0,0.0,0.0,0.0,2.0,1.0,1.0,71.4,28.6,28.6,42.9,16.0,17.0,21.0,13.0,1519.0,1533.8
2018-12-15,2018,Valladolid,Ath Madrid,2,3,A,O,5.75,3.4,1.72,2,5,9,3,8,0.0,0.0,1.0,0.0,3.0,3.0,0.0,5.0,3.0,2.0,-2.0,0.0,-2.0,0.0,0.0,0.0,1.0,0.0,1.0,28.6,42.9,14.3,14.3,9.0,11.0,15.0,23.0,1512.7,1683.2
2018-12-15,2018,Real Madrid,Vallecano,1,0,H,U,1.14,9.0,15.0,4,3,4,4,8,2.0,0.0,1.0,3.0,5.0,1.0,4.0,2.0,7.0,-5.0,3.0,-6.0,9.0,2.0,0.0,2.0,0.0,2.0,-2.0,71.4,14.3,14.3,71.4,22.0,11.0,25.0,21.0,1670.1,1423.0
2018-12-15,2018,Getafe,Sociedad,1,0,H,U,2.25,3.1,3.5,2,4,2,3,8,2.0,1.0,1.0,2.0,5.0,3.0,2.0,1.0,4.0,-3.0,4.0,-1.0,5.0,2.0,1.0,1.0,0.0,1.0,-1.0,42.9,42.9,50.0,37.5,15.0,8.0,18.0,9.0,1519.7,1507.6
2018-12-15,2018,Eibar,Valencia,1,1,D,U,2.7,3.2,2.7,6,4,4,2,9,2.0,1.0,0.0,1.0,9.0,1.0,8.0,5.0,2.0,3.0,4.0,-1.0,5.0,1.0,0.0,1.0,0.0,1.0,-1.0,50.0,25.0,28.6,28.6,23.0,8.0,30.0,8.0,1504.5,1564.6
2018-12-14,2018,Celta,Leganes,0,0,D,U,1.85,3.5,4.33,2,2,10,0,9,2.0,1.0,1.0,1.0,8.0,4.0,4.0,4.0,4.0,0.0,4.0,0.0,4.0,2.0,1.0,1.0,1.0,1.0,0.0,37.5,25.0,12.5,62.5,15.0,12.0,11.0,13.0,1506.0,1468.2
2018-12-10,2018,Ath Bilbao,Girona,1,0,H,U,1.95,3.4,4.0,10,1,11,0,8,0.0,2.0,1.0,0.0,2.0,4.0,-2.0,4.0,1.0,3.0,-2.0,3.0,-5.0,0.0,1.0,-1.0,1.0,0.0,1.0,14.3,28.6,50.0,0.0,11.0,16.0,18.0,11.0,1474.2,1532.7
2018-12-09,2018,Sociedad,Valladolid,1,2,A,O,1.61,3.6,6.5,5,6,11,6,7,1.0,1.0,0.0,2.0,2.0,1.0,1.0,1.0,3.0,-2.0,1.0,-2.0,3.0,0.0,0.0,0.0,0.0,1.0,-1.0,16.7,33.3,28.6,28.6,17.0,9.0,20.0,18.0,1518.0,1502.3
2018-12-09,2018,Huesca,Real Madrid,0,1,A,U,10.0,5.5,1.3,4,4,11,6,7,0.0,1.0,1.0,2.0,3.0,5.0,-2.0,5.0,10.0,-5.0,-2.0,-5.0,3.0,0.0,1.0,-1.0,1.0,2.0,-1.0,0.0,50.0,28.6,57.1,21.0,12.0,23.0,7.0,1442.5,1665.8
2018-12-09,2018,Eibar,Levante,4,4,D,O,1.75,3.8,4.5,7,5,12,3,8,2.0,1.0,0.0,0.0,6.0,5.0,1.0,2.0,4.0,-2.0,4.0,1.0,3.0,1.0,0.0,1.0,0.0,0.0,0.0,57.1,28.6,42.9,28.6,22.0,7.0,26.0,7.0,1504.6,1503.1
2018-12-09,2018,Betis,Vallecano,2,0,H,U,1.53,4.33,6.0,3,3,2,9,8,1.0,0.0,1.0,3.0,4.0,1.0,3.0,4.0,6.0,-2.0,0.0,-5.0,5.0,0.0,0.0,0.0,0.0,1.0,-1.0,42.9,28.6,16.7,66.7,14.0,10.0,19.0,16.0,1526.5,1430.3
2018-12-08,2018,Villarreal,Celta,2,3,A,O,1.72,3.8,4.75,3,7,6,1,8,1.0,0.0,0.0,2.0,4.0,5.0,-1.0,3.0,7.0,-4.0,1.0,-2.0,3.0,0.0,0.0,0.0,0.0,0.0,0.0,14.3,42.9,16.7,50.0,18.0,14.0,18.0,14.0,1538.2,1494.7
2018-12-08,2018,Valencia,Sevilla,1,1,D,U,2.2,3.5,3.2,6,3,6,4,8,1.0,0.0,1.0,1.0,4.0,3.0,1.0,2.0,5.0,-3.0,2.0,-2.0,4.0,1.0,0.0,1.0,0.0,1.0,-1.0,14.3,14.3,42.9,28.6,23.0,11.0,27.0,19.0,1563.8,1593.1
2018-12-08,2018,Espanol,Barcelona,0,4,A,O,6.5,4.33,1.5,3,9,11,4,7,2.0,1.0,1.0,0.0,5.0,5.0,0.0,4.0,4.0,0.0,1.0,1.0,0.0,1.0,0.0,1.0,1.0,0.0,1.0,83.3,16.7,50.0,16.7,25.0,12.0,20.0,11.0,1523.4,1746.8
2018-12-08,2018,Ath Madrid,Alaves,3,0,H,O,1.36,4.5,10.0,5,3,5,5,8,2.0,1.0,0.0,2.0,6.0,2.0,4.0,3.0,3.0,0.0,3.0,-1.0,4.0,1.0,0.0,1.0,0.0,0.0,0.0,71.4,0.0,42.9,57.1,8.0,7.0,24.0,6.0,1677.1,1533.8
2018-12-07,2018,Leganes,Getafe,1,1,D,U,2.62,2.9,3.0,5,2,7,2,7,2.0,1.0,0.0,0.0,3.0,4.0,-1.0,1.0,3.0,-2.0,2.0,1.0,1.0,0.0,0.0,0.0,0.0,0.0,0.0,50.0,16.7,28.6,14.3,13.0,6.0,15.0,6.0,1466.6,1521.3
2018-12-03,2018,Levante,Ath Bilbao,3,0,H,O,2.75,3.4,2.54,7,3,2,6,7,2.0,0.0,1.0,2.0,5.0,3.0,2.0,4.0,5.0,-1.0,1.0,-2.0,3.0,1.0,0.0,1.0,1.0,0.0,1.0,33.3,50.0,0.0,33.3,10.0,11.0,18.0,7.0,1493.4,1483.9
2018-12-02,2018,Girona,Ath Madrid,1,1,D,U,5.5,3.4,1.75,3,3,2,9,8,1.0,0.0,1.0,0.0,4.0,2.0,2.0,4.0,2.0,2.0,0.0,0.0,0.0,0.0,0.0,0.0,0.0,0.0,0.0,28.6,42.9,16.7,16.7,9.0,11.0,8.0,20.0,1528.6,1681.2
2018-12-02,2018,Betis,Sociedad,1,0,H,U,2.2,3.3,3.4,4,4,6,4,7,1.0,2.0,1.0,1.0,4.0,6.0,-2.0,4.0,4.0,0.0,0.0,2.0,-2.0,0.0,2.0,-2.0,0.0,1.0,-1.0,33.3,33.3,57.1,28.6,14.0,7.0,20.0,5.0,1516.2,1528.4
2018-12-02,2018,Barcelona,Villarreal,2,0,H,U,1.25,6.5,11.0,7,2,11,1,8,2.0,0.0,1.0,2.0,12.0,4.0,8.0,7.0,7.0,0.0,5.0,-3.0,8.0,2.0,0.0,2.0,0.0,1.0,-1.0,57.1,14.3,33.3,33.3,22.0,13.0,19.0,11.0,1742.0,1543.1
2018-12-02,2018,Alaves,Sevilla,1,1,D,U,3.6,3.6,2.0,3,3,2,5,7,3.0,1.0,0.0,1.0,5.0,5.0,0.0,2.0,5.0,-3.0,3.0,0.0,3.0,0.0,1.0,-1.0,0.0,1.0,-1.0,66.7,0.0,50.0,33.3,15.0,13.0,17.0,17.0,1532.0,1594.9
2018-12-01,2018,Valladolid,Leganes,2,4,A,O,2.37,3.1,3.3,6,5,6,5,7,1.0,0.0,0.0,1.0,2.0,1.0,1.0,1.0,3.0,-2.0,1.0,-2.0,3.0,0.0,0.0,0.0,0.0,1.0,-1.0,33.3,33.3,0.0,71.4,6.0,12.0,15.0,9.0,1514.0,1454.9
2018-12-01,2018,Real Madrid,Valencia,2,0,H,U,1.44,4.75,7.0,3,2,2,2,7,1.0,2.0,1.0,0.0,3.0,2.0,1.0,2.0,0.0,2.0,1.0,2.0,-1.0,1.0,0.0,1.0,0.0,0.0,0.0,66.7,16.7,33.3,16.7,25.0,8.0,31.0,6.0,1658.2,1571.4
2018-12-01,2018,Getafe,Espanol,3,0,H,O,2.4,2.87,3.4,5,2,7,4,7,1.0,1.0,2.0,1.0,2.0,4.0,-2.0,2.0,3.0,-1.0,0.0,1.0,-1.0,1.0,1.0,0.0,0.0,0.0,0.0,33.3,50.0,14.3,42.9,14.0,13.0,21.0,9.0,1510.6,1534.0
2018-12-01,2018,Celta,Huesca,2,0,H,U,1.64,4.0,5.0,5,3,4,4,8,1.0,0.0,2.0,3.0,6.0,2.0,4.0,5.0,5.0,0.0,1.0,-3.0,4.0,1.0,0.0,1.0,1.0,0.0,1.0,28.6,28.6,14.3,71.4,19.0,5.0,13.0,8.0,1485.7,1451.6
2018-11-30,2018,Vallecano,Eibar,1,0,H,U,3.1,3.3,2.3,2,5,1,4,8,0.0,1.0,1.0,1.0,5.0,3.0,2.0,6.0,6.0,0.0,-1.0,-3.0,2.0,0.0,0.0,0.0,0.0,1.0,-1.0,0.0,57.1,16.7,50.0,15.0,15.0,16.0,21.0,1417.5,1517.4
2018-11-26,2018,Sociedad,Celta,2,1,H,O,1.85,3.75,4.2,8,2,6,2,6,0.0,0.0,1.0,1.0,0.0,5.0,-5.0,1.0,6.0,-5.0,-1.0,-1.0,0.0,0.0,0.0,0.0,0.0,0.0,0.0,0.0,40.0,20.0,40.0,14.0,15.0,17.0,14.0,1519.1,1495.0
2018-11-25,2018,Villarreal,Betis,2,1,H,O,2.14,3.4,3.4,8,6,5,4,7,0.0,1.0,1.0,2.0,2.0,4.0,-2.0,3.0,6.0,-3.0,-1.0,-2.0,1.0,0.0,0.0,0.0,0.0,1.0,-1.0,0.0,50.0,33.3,33.3,17.0,11.0,20.0,13.0,1533.3,1526.0
2018-11-25,2018,Sevilla,Valladolid,1,0,H,U,1.4,4.75,8.0,9,5,8,6,7,3.0,2.0,0.0,1.0,6.0,2.0,4.0,3.0,2.0,1.0,3.0,0.0,3.0,0.0,0.0,0.0,0.0,1.0,-1.0,66.7,16.7,33.3,16.7,17.0,7.0,18.0,14.0,1586.7,1522.1
2018-11-25,2018,Espanol,Girona,1,3,A,O,1.66,3.6,5.75,10,11,8,3,6,3.0,1.0,0.0,0.0,5.0,2.0,3.0,1.0,1.0,0.0,4.0,1.0,3.0,1.0,0.0,1.0,0.0,0.0,0.0,100.0,0.0,40.0,0.0,20.0,9.0,16.0,13.0,1544.8,1517.8
2018-11-25,2018,Ath Bilbao,Getafe,1,1,D,U,2.04,3.3,3.9,4,2,2,2,7,0.0,1.0,2.0,0.0,1.0,4.0,-3.0,6.0,3.0,3.0,-5.0,1.0,-6.0,0.0,0.0,0.0,2.0,0.0,2.0,16.7,33.3,33.3,16.7,9.0,8.0,22.0,13.0,1483.1,1511.4
2018-11-24,2018,Valencia,Vallecano,3,0,H,O,1.44,4.5,7.5,10,3,6,5,7,0.0,0.0,1.0,2.0,2.0,3.0,-1.0,3.0,5.0,-2.0,-1.0,-2.0,1.0,0.0,0.0,0.0,0.0,0.0,0.0,0.0,16.7,20.0,60.0,16.0,13.0,26.0,16.0,1565.2,1423.6
2018-11-24,2018,Huesca,Levante,2,2,D,O,2.25,3.4,3.25,12,3,7,2,6,0.0,2.0,1.0,0.0,2.0,4.0,-2.0,4.0,2.0,2.0,-2.0,2.0,-4.0,0.0,0.0,0.0,1.0,0.0,1.0,0.0,60.0,50.0,33.3,15.0,7.0,21.0,7.0,1450.3,1494.6
2018-11-24,2018,Eibar,Real Madrid,3,0,H,O,6.0,4.33,1.53,8,3,5,4,7,1.0,1.0,1.0,2.0,4.0,5.0,-1.0,5.0,8.0,-3.0,-1.0,-3.0,2.0,0.0,1.0,-1.0,1.0,1.0,0.0,50.0,33.3,33.3,50.0,16.0,15.0,27.0,6.0,1502.8,1672.8
2018-11-24,2018,Ath Madrid,Barcelona,1,1,D,U,3.0,3.3,2.37,1,2,2,8,7,3.0,1.0,0.0,1.0,6.0,5.0,1.0,2.0,5.0,-3.0,4.0,0.0,4.0,1.0,0.0,1.0,0.0,0.0,0.0,83.3,0.0,60.0,20.0,12.0,15.0,28.0,8.0,1679.4,1743.8
2018-11-23,2018,Leganes,Alaves,1,0,H,U,2.2,3.1,3.6,6,2,5,3,6,2.0,1.0,0.0,2.0,4.0,3.0,1.0,2.0,4.0,-2.0,2.0,-1.0,3.0,0.0,0.0,0.0,0.0,0.0,0.0,40.0,20.0,50.0,50.0,13.0,7.0,14.0,7.0,1442.1,1544.9
2018-11-11,2018,Vallecano,Villarreal,2,2,D,O,3.1,3.4,2.25,7,5,8,4,7,0.0,1.0,2.0,2.0,4.0,5.0,-1.0,6.0,5.0,1.0,-2.0,0.0,-2.0,0.0,1.0,-1.0,0.0,1.0,-1.0,0.0,66.7,40.0,40.0,11.0,14.0,14.0,11.0,1420.4,1536.5
2018-11-11,2018,Sevilla,Espanol,2,1,H,O,1.75,3.6,4.5,10,7,6,3,6,3.0,1.0,0.0,0.0,7.0,5.0,2.0,2.0,3.0,-1.0,5.0,2.0,3.0,1.0,1.0,0.0,0.0,0.0,0.0,60.0,20.0,16.7,33.3,14.0,11.0,17.0,9.0,1577.4,1554.1
2018-11-11,2018,Celta,Real Madrid,2,4,A,O,5.0,4.5,1.55,4,5,5,1,7,1.0,0.0,1.0,3.0,5.0,1.0,4.0,2.0,9.0,-7.0,3.0,-8.0,11.0,1.0,0.0,1.0,0.0,2.0,-2.0,33.3,16.7,20.0,60.0,17.0,13.0,11.0,11.0,1500.6,1667.2
2018-11-11,2018,Barcelona,Betis,3,4,A,O,1.18,7.0,13.0,5,8,10,5,7,2.0,1.0,0.0,2.0,10.0,1.0,9.0,4.0,3.0,1.0,6.0,-2.0,8.0,2.0,0.0,2.0,0.0,1.0,-1.0,66.7,0.0,20.0,40.0,25.0,9.0,13.0,9.0,1760.0,1509.8
2018-11-11,2018,Alaves,Huesca,2,1,H,O,1.8,3.6,4.33,5,2,5,4,6,2.0,0.0,0.0,3.0,4.0,1.0,3.0,2.0,6.0,-4.0,2.0,-5.0,7.0,0.0,0.0,0.0,0.0,1.0,-1.0,60.0,0.0,16.7,66.7,12.0,4.0,17.0,7.0,1537.1,1458.0
2018-11-10,2018,Valladolid,Eibar,0,0,D,U,2.3,3.3,3.25,1,6,4,4,6,2.0,1.0,0.0,2.0,4.0,3.0,1.0,2.0,7.0,-5.0,2.0,-4.0,6.0,0.0,0.0,0.0,0.0,1.0,-1.0,40.0,40.0,20.0,60.0,11.0,10.0,19.0,20.0,1522.7,1502.2
2018-11-10,2018,Girona,Leganes,0,0,D,U,2.04,3.2,3.75,0,1,0,6,7,1.0,0.0,2.0,2.0,4.0,1.0,3.0,5.0,4.0,1.0,-1.0,-3.0,2.0,0.0,0.0,0.0,0.0,1.0,-1.0,33.3,50.0,0.0,83.3,11.0,16.0,13.0,4.0,1520.1,1439.8
2018-11-10,2018,Getafe,Valencia,0,1,A,U,2.75,3.1,2.75,3,3,6,4,6,1.0,1.0,2.0,0.0,2.0,1.0,1.0,3.0,0.0,3.0,-1.0,1.0,-2.0,1.0,0.0,1.0,1.0,0.0,1.0,40.0,40.0,20.0,20.0,13.0,7.0,16.0,8.0,1520.4,1556.3
2018-11-10,2018,Ath Madrid,Ath Bilbao,3,2,H,O,1.44,4.0,9.0,3,5,12,2,6,3.0,0.0,0.0,1.0,6.0,2.0,4.0,0.0,3.0,-3.0,6.0,-1.0,7.0,2.0,0.0,2.0,0.0,0.0,0.0,80.0,0.0,0.0,20.0,14.0,9.0,20.0,7.0,1674.3,1488.2
2018-11-09,2018,Levante,Sociedad,1,3,A,O,2.62,3.4,2.62,2,4,6,4,6,2.0,2.0,1.0,1.0,6.0,4.0,2.0,7.0,3.0,4.0,-1.0,1.0,-2.0,1.0,1.0,0.0,1.0,1.0,0.0,40.0,40.0,50.0,33.3,18.0,4.0,20.0,6.0,1504.5,1509.2
2018-11-05,2018,Espanol,Ath Bilbao,1,0,H,U,2.0,3.3,4.0,3,2,2,1,5,3.0,0.0,0.0,0.0,5.0,3.0,2.0,1.0,3.0,-2.0,4.0,0.0,4.0,1.0,0.0,1.0,0.0,0.0,0.0,100.0,0.0,0.0,0.0,26.0,9.0,19.0,9.0,1545.5,1496.8
2018-11-04,2018,Villarreal,Levante,1,1,D,U,1.55,4.0,6.0,4,2,5,4,6,0.0,2.0,1.0,1.0,1.0,4.0,-3.0,2.0,3.0,-1.0,-1.0,1.0,-2.0,0.0,0.0,0.0,0.0,0.0,0.0,0.0,60.0,60.0,40.0,14.0,9.0,23.0,9.0,1537.5,1503.5
2018-11-04,2018,Sociedad,Sevilla,0,0,D,U,2.75,3.5,2.45,1,1,7,7,5,0.0,2.0,1.0,1.0,2.0,11.0,-9.0,3.0,7.0,-4.0,-1.0,4.0,-5.0,0.0,2.0,-2.0,0.0,1.0,-1.0,0.0,50.0,60.0,40.0,19.0,21.0,18.0,14.0,1507.2,1579.4
2018-11-04,2018,Huesca,Getafe,1,1,D,U,3.6,3.3,2.1,7,2,10,2,5,0.0,1.0,2.0,0.0,1.0,4.0,-3.0,4.0,3.0,1.0,-3.0,1.0,-4.0,0.0,0.0,0.0,1.0,0.0,1.0,0.0,75.0,40.0,20.0,11.0,11.0,18.0,18.0,1456.2,1522.2
2018-11-04,2018,Eibar,Alaves,2,1,H,O,2.04,3.3,3.9,8,3,13,1,6,1.0,2.0,1.0,1.0,3.0,7.0,-4.0,4.0,3.0,1.0,-1.0,4.0,-5.0,0.0,1.0,-1.0,1.0,0.0,1.0,40.0,40.0,60.0,40.0,11.0,11.0,19.0,10.0,1490.6,1548.8
2018-11-04,2018,Betis,Celta,3,3,D,O,1.8,3.8,4.5,6,7,4,4,6,1.0,0.0,1.0,2.0,3.0,4.0,-1.0,3.0,6.0,-3.0,0.0,-2.0,2.0,0.0,0.0,0.0,0.0,0.0,0.0,40.0,40.0,25.0,50.0,11.0,15.0,22.0,11.0,1510.1,1500.3
2018-11-03,2018,Vallecano,Barcelona,2,3,A,O,9.5,6.0,1.28,5,5,3,1,6,0.0,1.0,1.0,1.0,4.0,4.0,0.0,5.0,4.0,1.0,-1.0,0.0,-1.0,0.0,0.0,0.0,0.0,0.0,0.0,0.0,60.0,50.0,25.0,11.0,16.0,16.0,13.0,1422.9,1757.4
2018-11-03,2018,Valencia,Girona,0,1,A,U,1.5,4.0,7.5,9,3,11,2,6,0.0,0.0,0.0,0.0,3.0,3.0,0.0,3.0,3.0,0.0,0.0,0.0,0.0,0.0,0.0,0.0,0.0,0.0,0.0,0.0,0.0,25.0,0.0,12.0,12.0,15.0,13.0,1567.9,1508.4
2018-11-03,2018,Real Madrid,Valladolid,2,0,H,U,1.16,8.0,15.0,7,2,8,6,6,1.0,2.0,1.0,0.0,2.0,5.0,-3.0,2.0,3.0,-1.0,0.0,2.0,-2.0,0.0,0.0,0.0,0.0,0.0,0.0,60.0,20.0,40.0,0.0,23.0,9.0,31.0,16.0,1660.9,1529.1
2018-11-03,2018,Leganes,Ath Madrid,1,1,D,U,5.75,3.4,1.72,3,4,4,7,5,2.0,1.0,1.0,0.0,3.0,3.0,0.0,2.0,1.0,1.0,1.0,2.0,-1.0,0.0,1.0,-1.0,0.0,0.0,0.0,50.0,25.0,20.0,20.0,13.0,11.0,16.0,18.0,1433.7,1680.4
2018-10-28,2018,Sevilla,Huesca,2,1,H,O,1.22,6.5,13.0,4,2,4,2,5,2.0,0.0,1.0,3.0,5.0,2.0,3.0,3.0,12.0,-9.0,2.0,-10.0,12.0,1.0,0.0,1.0,1.0,2.0,-1.0,50.0,25.0,20.0,60.0,11.0,5.0,20.0,9.0,1572.5,1463.1
2018-10-28,2018,Getafe,Betis,2,0,H,U,2.4,3.1,3.25,7,3,5,4,5,0.0,1.0,2.0,1.0,0.0,1.0,-1.0,3.0,1.0,2.0,-3.0,0.0,-3.0,0.0,0.0,0.0,1.0,0.0,1.0,25.0,50.0,25.0,25.0,9.0,12.0,17.0,9.0,1512.0,1520.3
2018-10-28,2018,Barcelona,Real Madrid,5,1,H,O,1.95,3.8,3.6,8,4,4,2,6,1.0,0.0,0.0,2.0,7.0,1.0,6.0,5.0,5.0,0.0,2.0,-4.0,6.0,1.0,0.0,1.0,0.0,1.0,-1.0,60.0,0.0,25.0,50.0,28.0,15.0,17.0,11.0,1749.7,1668.6
2018-10-28,2018,Alaves,Villarreal,2,1,H,O,3.0,3.2,2.5,6,2,8,4,5,2.0,2.0,0.0,1.0,4.0,5.0,-1.0,2.0,3.0,-1.0,2.0,2.0,0.0,0.0,1.0,-1.0,0.0,1.0,-1.0,50.0,0.0,50.0,25.0,11.0,15.0,9.0,8.0,1538.5,1547.7
2018-10-27,2018,Levante,Leganes,2,0,H,U,2.1,3.25,3.75,4,6,3,2,5,1.0,0.0,1.0,2.0,6.0,1.0,5.0,9.0,3.0,6.0,-3.0,-2.0,-1.0,0.0,0.0,0.0,1.0,0.0,1.0,25.0,50.0,0.0,80.0,18.0,12.0,20.0,4.0,1495.0,1442.2
2018-10-27,2018,Girona,Vallecano,2,1,H,O,1.85,3.5,4.5,6,5,4,7,6,1.0,1.0,2.0,1.0,5.0,3.0,2.0,6.0,3.0,3.0,-1.0,0.0,-1.0,0.0,0.0,0.0,0.0,0.0,0.0,20.0,60.0,25.0,50.0,11.0,10.0,12.0,12.0,1500.4,1431.0
2018-10-27,2018,Celta,Eibar,4,0,H,O,2.14,3.3,3.6,6,5,2,8,6,0.0,1.0,1.0,1.0,4.0,4.0,0.0,5.0,4.0,1.0,-1.0,0.0,-1.0,0.0,0.0,0.0,0.0,0.0,0.0,20.0,20.0,25.0,50.0,16.0,8.0,16.0,15.0,1490.0,1500.9
2018-10-27,2018,Ath Madrid,Sociedad,2,0,H,U,1.53,3.8,7.5,4,0,10,1,5,2.0,2.0,0.0,1.0,5.0,5.0,0.0,1.0,3.0,-2.0,4.0,2.0,2.0,1.0,1.0,0.0,0.0,0.0,0.0,75.0,0.0,60.0,20.0,19.0,6.0,24.0,7.0,1674.7,1512.8
2018-10-27,2018,Ath Bilbao,Valencia,0,0,D,U,2.5,3.3,2.87,2,3,5,2,6,0.0,1.0,2.0,0.0,2.0,3.0,-1.0,7.0,2.0,5.0,-5.0,1.0,-6.0,0.0,0.0,0.0,2.0,0.0,2.0,20.0,40.0,25.0,25.0,10.0,9.0,18.0,11.0,1494.7,1570.1
2018-10-26,2018,Valladolid,Espanol,1,1,D,U,3.4,3.1,2.25,2,4,5,2,5,2.0,1.0,1.0,1.0,3.0,4.0,-1.0,2.0,3.0,-1.0,1.0,1.0,0.0,0.0,1.0,-1.0,0.0,0.0,0.0,50.0,50.0,20.0,40.0,14.0,10.0,21.0,10.0,1528.6,1546.0
2018-10-24,2018,Vallecano,Ath Bilbao,1,1,D,U,3.3,3.3,2.25,3,4,5,4,5,0.0,0.0,2.0,0.0,4.0,4.0,0.0,9.0,4.0,5.0,-5.0,0.0,-5.0,0.0,0.0,0.0,1.0,0.0,1.0,0.0,75.0,0.0,0.0,12.0,9.0,19.0,6.0,1429.0,1496.6
2018-10-22,2018,Sociedad,Girona,0,0,D,U,1.72,3.75,5.0,8,2,7,6,4,0.0,1.0,2.0,0.0,3.0,4.0,-1.0,5.0,3.0,2.0,-2.0,1.0,-3.0,0.0,0.0,0.0,0.0,0.0,0.0,0.0,66.7,33.3,0.0,16.0,16.0,12.0,9.0,1513.2,1500.0
2018-10-21,2018,Vallecano,Getafe,1,2,A,O,2.9,3.3,2.5,3,2,6,2,4,0.0,1.0,2.0,0.0,4.0,4.0,0.0,11.0,2.0,9.0,-7.0,2.0,-9.0,0.0,1.0,-1.0,2.0,0.0,2.0,0.0,66.7,25.0,25.0,11.0,14.0,15.0,17.0,1437.1,1503.9
2018-10-21,2018,Huesca,Espanol,0,2,A,U,3.5,3.3,2.14,2,2,6,4,4,0.0,0.0,2.0,2.0,1.0,3.0,-2.0,3.0,5.0,-2.0,-2.0,-2.0,0.0,0.0,0.0,0.0,0.0,0.0,0.0,0.0,66.7,0.0,50.0,13.0,15.0,18.0,18.0,1471.2,1537.9
2018-10-21,2018,Eibar,Ath Bilbao,1,1,D,U,2.7,3.2,2.75,6,3,8,2,5,2.0,,1.0,,4.0,,,4.0,,,0.0,,,0.0,,,1.0,,,50.0,50.0,0.0,0.0,7.0,,15.0,,1501.0,1496.5
2018-10-21,2018,Betis,Valladolid,0,1,A,U,1.61,3.8,6.0,4,2,9,6,5,2.0,1.0,0.0,0.0,4.0,4.0,0.0,2.0,3.0,-1.0,2.0,1.0,1.0,0.0,0.0,0.0,0.0,0.0,0.0,50.0,25.0,25.0,0.0,10.0,11.0,18.0,17.0,1530.7,1518.2
2018-10-20,2018,Villarreal,Ath Madrid,1,1,D,U,3.8,3.1,2.14,6,4,8,7,5,0.0,1.0,2.0,1.0,0.0,2.0,-2.0,2.0,2.0,0.0,-2.0,0.0,-2.0,0.0,1.0,-1.0,0.0,1.0,-1.0,0.0,75.0,25.0,25.0,11.0,7.0,22.0,19.0,1544.1,1678.4
2018-10-20,2018,Valencia,Leganes,1,1,D,U,1.5,4.0,7.5,4,5,10,1,5,0.0,0.0,0.0,3.0,2.0,1.0,1.0,2.0,6.0,-4.0,0.0,-5.0,5.0,0.0,0.0,0.0,0.0,1.0,-1.0,0.0,0.0,0.0,100.0,10.0,10.0,10.0,4.0,1573.8,1438.5
2018-10-20,2018,Real Madrid,Levante,1,2,A,O,1.14,8.5,19.0,12,2,15,1,5,2.0,1.0,0.0,2.0,5.0,2.0,3.0,1.0,3.0,-2.0,4.0,-1.0,5.0,1.0,0.0,1.0,0.0,0.0,0.0,75.0,0.0,50.0,50.0,19.0,11.0,24.0,12.0,1683.8,1479.7
2018-10-20,2018,Barcelona,Sevilla,4,2,H,O,1.33,6.0,7.5,9,7,5,7,5,1.0,2.0,0.0,1.0,11.0,9.0,2.0,5.0,4.0,1.0,6.0,5.0,1.0,1.0,2.0,-1.0,0.0,0.0,0.0,50.0,0.0,75.0,25.0,34.0,16.0,21.0,15.0,1744.2,1578.0
2018-10-19,2018,Celta,Alaves,0,1,A,U,1.66,4.0,5.0,9,2,6,2,5,1.0,2.0,0.0,1.0,6.0,7.0,-1.0,4.0,3.0,1.0,2.0,4.0,-2.0,1.0,1.0,0.0,0.0,0.0,0.0,25.0,0.0,50.0,50.0,11.0,13.0,12.0,10.0,1499.1,1529.4
2018-10-07,2018,Valladolid,Huesca,1,0,H,U,1.9,3.5,4.2,3,1,6,2,4,1.0,0.0,2.0,2.0,2.0,4.0,-2.0,3.0,13.0,-10.0,-1.0,-9.0,8.0,0.0,0.0,0.0,0.0,2.0,-2.0,33.3,66.7,25.0,50.0,15.0,8.0,21.0,9.0,1509.1,1480.4
2018-10-07,2018,Valencia,Barcelona,1,1,D,U,4.75,4.2,1.64,3,5,5,2,4,0.0,2.0,0.0,1.0,2.0,4.0,-2.0,2.0,3.0,-1.0,0.0,1.0,-1.0,0.0,0.0,0.0,0.0,0.0,0.0,0.0,0.0,66.7,33.3,11.0,16.0,9.0,21.0,1569.0,1748.9
2018-10-07,2018,Sevilla,Celta,2,1,H,O,1.53,4.33,6.0,3,5,8,8,4,1.0,1.0,1.0,1.0,3.0,5.0,-2.0,2.0,5.0,-3.0,1.0,0.0,1.0,1.0,0.0,1.0,1.0,0.0,1.0,33.3,33.3,33.3,33.3,10.0,19.0,16.0,10.0,1569.8,1507.3
2018-10-07,2018,Espanol,Villarreal,3,1,H,O,2.25,3.2,3.4,12,6,10,3,4,3.0,2.0,0.0,0.0,4.0,4.0,0.0,0.0,0.0,0.0,4.0,4.0,0.0,1.0,1.0,0.0,0.0,0.0,0.0,100.0,0.0,66.7,0.0,23.0,15.0,15.0,10.0,1527.1,1554.9
2018-10-07,2018,Ath Madrid,Betis,1,0,H,U,1.44,4.0,9.0,5,0,6,4,4,2.0,1.0,0.0,0.0,5.0,1.0,4.0,1.0,0.0,1.0,4.0,1.0,3.0,1.0,0.0,1.0,0.0,0.0,0.0,66.7,0.0,33.3,0.0,16.0,17.0,26.0,11.0,1672.1,1537.0
2018-10-06,2018,Leganes,Vallecano,1,0,H,U,2.0,3.3,4.0,4,2,6,4,4,1.0,1.0,1.0,1.0,4.0,3.0,1.0,4.0,3.0,1.0,0.0,0.0,0.0,0.0,0.0,0.0,0.0,0.0,0.0,33.3,33.3,33.3,33.3,14.0,11.0,15.0,13.0,1427.9,1447.7
2018-10-06,2018,Girona,Eibar,2,3,A,O,2.1,3.2,3.8,3,4,4,9,5,1.0,0.0,2.0,2.0,4.0,1.0,3.0,7.0,4.0,3.0,-3.0,-3.0,0.0,0.0,0.0,0.0,1.0,1.0,0.0,25.0,50.0,0.0,66.7,13.0,4.0,12.0,11.0,1510.6,1490.4
2018-10-06,2018,Getafe,Levante,0,1,A,U,1.72,3.6,5.25,4,3,10,2,4,1.0,1.0,1.0,2.0,2.0,4.0,-2.0,2.0,3.0,-1.0,0.0,1.0,-1.0,1.0,1.0,0.0,1.0,0.0,1.0,33.3,33.3,33.3,66.7,9.0,12.0,12.0,13.0,1515.2,1468.4
2018-10-06,2018,Alaves,Real Madrid,1,0,H,U,9.0,4.75,1.36,4,6,4,3,4,1.0,1.0,0.0,1.0,3.0,5.0,-2.0,2.0,5.0,-3.0,1.0,0.0,1.0,0.0,1.0,-1.0,0.0,1.0,-1.0,33.3,0.0,33.3,33.3,11.0,17.0,10.0,15.0,1514.5,1698.7
2018-10-05,2018,Ath Bilbao,Sociedad,1,3,A,O,2.04,3.4,3.8,5,3,11,0,5,0.0,1.0,1.0,1.0,3.0,4.0,-1.0,6.0,4.0,2.0,-3.0,0.0,-3.0,0.0,0.0,0.0,1.0,0.0,1.0,25.0,25.0,50.0,25.0,9.0,9.0,10.0,7.0,1506.6,1503.1
2018-10-01,2018,Celta,Getafe,1,1,D,U,2.0,3.5,3.8,2,4,3,9,4,1.0,1.0,0.0,1.0,6.0,3.0,3.0,4.0,3.0,1.0,2.0,0.0,2.0,1.0,1.0,0.0,0.0,1.0,-1.0,33.3,0.0,33.3,33.3,11.0,11.0,17.0,8.0,1507.1,1515.5
2018-09-30,2018,Villarreal,Valladolid,0,1,A,U,1.53,4.0,6.5,7,3,7,2,4,0.0,0.0,2.0,0.0,1.0,3.0,-2.0,3.0,3.0,0.0,-2.0,0.0,-2.0,0.0,0.0,0.0,0.0,0.0,0.0,0.0,66.7,0.0,0.0,11.0,9.0,19.0,17.0,1566.8,1497.1
2018-09-30,2018,Levante,Alaves,2,1,H,O,2.14,3.5,3.3,4,2,9,4,4,0.0,2.0,2.0,1.0,5.0,6.0,-1.0,10.0,4.0,6.0,-5.0,2.0,-7.0,0.0,1.0,-1.0,1.0,1.0,0.0,0.0,66.7,66.7,33.3,20.0,11.0,18.0,7.0,1456.4,1526.5
2018-09-30,2018,Huesca,Girona,1,1,D,U,2.5,3.3,2.9,6,4,5,5,3,,,,,,,,,,,,,,,,,,,,0.0,100.0,50.0,0.0,,,,,1479.5,1511.5
2018-09-30,2018,Betis,Leganes,1,0,H,U,1.64,3.8,5.5,4,5,7,1,4,1.0,0.0,1.0,3.0,3.0,2.0,1.0,5.0,7.0,-2.0,-2.0,-5.0,3.0,0.0,0.0,0.0,1.0,1.0,0.0,33.3,33.3,0.0,100.0,14.0,7.0,16.0,5.0,1529.6,1435.3
2018-09-29,2018,Sociedad,Valencia,0,1,A,U,2.2,3.4,3.2,5,2,3,0,3,,0.0,,1.0,,2.0,,,4.0,,,-2.0,,,0.0,,,1.0,,0.0,50.0,0.0,33.3,,11.0,,21.0,1511.7,1560.4
2018-09-29,2018,Real Madrid,Ath Madrid,0,0,D,U,2.0,3.5,3.75,6,3,8,6,4,3.0,1.0,0.0,1.0,7.0,3.0,4.0,1.0,3.0,-2.0,6.0,0.0,6.0,2.0,1.0,1.0,0.0,1.0,-1.0,100.0,0.0,33.3,33.3,16.0,7.0,19.0,23.0,1699.5,1671.3
2018-09-29,2018,Eibar,Sevilla,1,3,A,O,3.3,3.4,2.2,2,5,6,3,4,2.0,2.0,1.0,1.0,4.0,10.0,-6.0,3.0,4.0,-1.0,1.0,6.0,-5.0,0.0,2.0,-2.0,0.0,0.0,0.0,66.7,33.3,66.7,33.3,11.0,19.0,16.0,18.0,1498.7,1561.6
2018-09-29,2018,Barcelona,Ath Bilbao,1,1,D,U,1.16,7.5,17.0,8,2,4,3,4,2.0,,0.0,,13.0,,,4.0,,,9.0,,,2.0,,,0.0,,,66.7,0.0,0.0,0.0,35.0,,24.0,,1755.2,1500.3
2018-09-28,2018,Vallecano,Espanol,2,2,D,O,2.8,3.3,2.6,5,5,5,3,3,,0.0,,2.0,,2.0,,,4.0,,,-2.0,,,0.0,,,0.0,,0.0,100.0,0.0,66.7,,15.0,,22.0,1445.3,1529.5
2018-09-27,2018,Valladolid,Levante,2,1,H,O,2.04,3.5,3.6,6,4,8,6,3,,,,,,,,,,,,,,,,,,,,0.0,100.0,50.0,50.0,,,,,1487.7,1465.8
2018-09-27,2018,Girona,Betis,0,1,A,U,2.5,3.3,2.87,2,6,5,1,4,1.0,,1.0,,4.0,,,6.0,,,-2.0,,,0.0,,,1.0,,,33.3,33.3,0.0,0.0,12.0,,10.0,,1521.5,1519.6
2018-09-27,2018,Alaves,Getafe,1,1,D,U,2.8,3.0,2.75,2,5,5,7,3,,,,,,,,,,,,,,,,,,,,50.0,0.0,50.0,50.0,,,,,1526.8,1515.2
2018-09-26,2018,Valencia,Celta,1,1,D,U,1.66,4.0,4.75,5,3,0,2,3,,,,,,,,,,,,,,,,,,,,0.0,0.0,50.0,50.0,,,,,1562.0,1505.5
2018-09-26,2018,Sevilla,Real Madrid,3,0,H,O,4.33,4.2,1.72,7,3,5,6,3,,,,,,,,,,,,,,,,,,,,0.0,50.0,50.0,0.0,,,,,1547.1,1714.0
2018-09-26,2018,Leganes,Barcelona,2,1,H,O,12.0,6.0,1.25,6,5,4,5,3,,,,,,,,,,,,,,,,,,,,0.0,50.0,100.0,0.0,,,,,1417.5,1772.9
2018-09-26,2018,Ath Bilbao,Villarreal,0,3,A,O,2.25,3.3,3.3,2,6,6,4,4,1.0,,0.0,,5.0,,,4.0,,,1.0,,,0.0,,,0.0,,,33.3,0.0,50.0,0.0,12.0,,10.0,,1508.9,1558.2
2018-09-25,2018,Sociedad,Vallecano,2,2,D,O,1.61,4.0,5.5,6,6,8,5,2,,,,,,,,,,,,,,,,,,,,0.0,100.0,50.0,50.0,,,,,1513.7,1443.3
2018-09-25,2018,Espanol,Eibar,1,0,H,U,1.9,3.3,4.5,5,1,4,3,3,,,,,,,,,,,,,,,,,,,,100.0,0.0,0.0,50.0,,,,,1519.9,1508.3
2018-09-25,2018,Ath Madrid,Huesca,3,0,H,O,1.22,6.0,15.0,5,1,4,3,3,,1.0,,1.0,,6.0,,,11.0,,,-5.0,,,0.0,,,1.0,,50.0,0.0,33.3,33.3,,13.0,,6.0,1666.1,1484.7
2018-09-23,2018,Villarreal,Valencia,0,0,D,U,2.25,3.25,3.3,1,2,8,6,3,,,,,,,,,,,,,,,,,,,,0.0,100.0,0.0,50.0,,,,,1558.1,1562.2
2018-09-23,2018,Levante,Sevilla,2,6,A,O,3.5,3.6,2.04,10,9,8,4,3,,,,,,,,,,,,,,,,,,,,0.0,50.0,50.0,50.0,,,,,1473.9,1539.0
2018-09-23,2018,Betis,Ath Bilbao,2,2,D,O,2.14,3.3,3.6,3,4,6,1,3,,,,,,,,,,,,,,,,,,,,50.0,50.0,,,,,,,1519.9,1508.6
2018-09-23,2018,Barcelona,Girona,2,2,D,O,1.08,11.0,21.0,11,6,8,2,3,,,,,,,,,,,,,,,,,,,,100.0,0.0,100.0,0.0,,,,,1779.3,1515.1
2018-09-22,2018,Vallecano,Alaves,1,5,A,O,2.04,3.4,3.6,4,7,8,4,2,,,,,,,,,,,,,,,,,,,,0.0,100.0,50.0,50.0,,,,,1451.4,1518.8
2018-09-22,2018,Real Madrid,Espanol,1,0,H,U,1.18,7.0,15.0,5,3,8,3,3,,,,,,,,,,,,,,,,,,,,100.0,0.0,0.0,50.0,,,,,1708.8,1525.0
2018-09-22,2018,Getafe,Ath Madrid,0,2,A,U,5.0,3.3,1.8,2,4,1,5,3,,,,,,,,,,,,,,,,,,,,50.0,0.0,0.0,50.0,,,,,1521.4,1659.9
2018-09-22,2018,Eibar,Leganes,1,0,H,U,2.04,3.2,4.0,3,2,5,2,3,,,,,,,,,,,,,,,,,,,,50.0,50.0,0.0,100.0,,,,,1500.4,1425.4
2018-09-22,2018,Celta,Valladolid,3,3,D,O,1.75,3.5,5.25,5,4,7,8,3,,,,,,,,,,,,,,,,,,,,50.0,0.0,0.0,0.0,,,,,1506.0,1487.2
2018-09-21,2018,Huesca,Sociedad,0,1,A,U,3.6,3.4,2.1,3,1,7,5,2,,1.0,,1.0,,5.0,,,5.0,,,0.0,,,0.0,,,0.0,,0.0,100.0,33.3,33.3,,12.0,,8.0,1494.4,1504.0
2018-09-17,2018,Girona,Celta,3,2,H,O,2.4,3.3,3.0,6,7,3,1,3,,,,,,,,,,,,,,,,,,,,0.0,50.0,100.0,0.0,,,,,1504.8,1516.4
2018-09-16,2018,Valladolid,Alaves,0,1,A,U,2.2,3.1,3.6,5,4,7,2,2,,,,,,,,,,,,,,,,,,,,0.0,100.0,0.0,100.0,,,,,1496.8,1509.1
2018-09-16,2018,Sevilla,Getafe,0,2,A,U,1.55,4.0,7.0,1,5,7,1,2,,,,,,,,,,,,,,,,,,,,0.0,0.0,0.0,100.0,,,,,1550.1,1510.2
2018-09-16,2018,Leganes,Villarreal,0,1,A,U,3.0,3.1,2.54,3,3,6,1,2,,,,,,,,,,,,,,,,,,,,0.0,0.0,0.0,0.0,,,,,1432.1,1551.4
2018-09-16,2018,Espanol,Levante,1,0,H,U,1.72,3.6,5.25,9,4,5,4,2,,,,,,,,,,,,,,,,,,,,100.0,0.0,100.0,0.0,,,,,1516.0,1483.0
2018-09-15,2018,Valencia,Betis,0,0,D,U,1.75,3.75,4.75,2,6,5,4,2,,,,,,,,,,,,,,,,,,,,0.0,0.0,0.0,0.0,,,,,1563.4,1518.6
2018-09-15,2018,Sociedad,Barcelona,1,2,A,O,7.0,5.25,1.4,5,6,1,6,1,,,,,,,,,,,,,,,,,,,,,,100.0,0.0,,,,,1507.5,1775.8
2018-09-15,2018,Ath Madrid,Eibar,1,1,D,U,1.36,4.33,12.0,9,3,14,3,2,,,,,,,,,,,,,,,,,,,,100.0,0.0,0.0,100.0,,,,,1664.4,1495.9
2018-09-15,2018,Ath Bilbao,Real Madrid,1,1,D,U,6.0,4.33,1.53,3,6,1,2,3,,,,,,,,,,,,,,,,,,,,50.0,0.0,100.0,0.0,,,,,1503.2,1714.2
2018-09-14,2018,Huesca,Vallecano,0,1,A,U,2.14,3.5,3.4,4,2,6,3,1,,,,,,,,,,,,,,,,,,,,,,0.0,100.0,,,,,1506.3,1439.5
2018-09-02,2018,Levante,Valencia,2,2,D,O,3.75,3.4,2.0,4,5,3,5,2,,,,,,,,,,,,,,,,,,,,0.0,100.0,0.0,100.0,,,,,1480.6,1565.8
2018-09-02,2018,Betis,Sevilla,1,0,H,U,2.8,3.5,2.45,3,2,5,8,2,,,,,,,,,,,,,,,,,,,,0.0,100.0,100.0,0.0,,,,,1507.1,1561.7
2018-09-02,2018,Barcelona,Huesca,8,2,H,O,1.08,11.0,29.0,15,3,9,4,2,,,,,,,,,,,,,,,,,,,,100.0,0.0,50.0,0.0,,,,,1772.2,1509.9
2018-09-02,2018,Alaves,Espanol,2,1,H,O,2.9,3.1,2.54,5,7,0,12,2,,,,,,,,,,,,,,,,,,,,0.0,0.0,0.0,0.0,,,,,1498.3,1526.8
2018-09-01,2018,Real Madrid,Leganes,4,1,H,O,1.12,9.0,21.0,8,3,8,1,2,,,,,,,,,,,,,,,,,,,,100.0,0.0,0.0,100.0,,,,,1710.8,1435.5
2018-09-01,2018,Celta,Ath Madrid,2,0,H,U,5.5,3.4,1.75,4,0,2,8,2,,,,,,,,,,,,,,,,,,,,0.0,0.0,0.0,0.0,,,,,1501.6,1679.1
2018-08-31,2018,Villarreal,Girona,0,1,A,U,1.57,4.0,6.0,3,6,7,2,2,,,,,,,,,,,,,,,,,,,,0.0,100.0,,,,,,,1563.4,1492.8
2018-08-31,2018,Getafe,Valladolid,0,0,D,U,1.9,3.2,4.75,3,4,6,7,2,,,,,,,,,,,,,,,,,,,,100.0,0.0,0.0,0.0,,,,,1510.6,1496.4
2018-08-31,2018,Eibar,Sociedad,2,1,H,O,2.75,3.25,2.62,2,2,4,2,2,,,,,,,,,,,,,,,,,,,,0.0,100.0,50.0,0.0,,,,,1485.0,1518.4
2018-08-27,2018,Levante,Celta,1,2,A,O,2.4,3.25,3.0,6,9,7,7,1,,,,,,,,,,,,,,,,,,,,,,,,,,,,1490.5,1491.7
2018-08-27,2018,Ath Bilbao,Huesca,2,2,D,O,1.61,3.6,6.5,4,4,3,2,2,,,,,,,,,,,,,,,,,,,,100.0,0.0,100.0,0.0,,,,,1503.0,1510.1
2018-08-26,2018,Sevilla,Villarreal,0,0,D,U,1.72,4.2,4.33,2,6,4,5,1,,,,,,,,,,,,,,,,,,,,,,,,,,,,1561.7,1563.5
2018-08-26,2018,Girona,Real Madrid,1,4,A,O,8.0,5.5,1.36,5,8,4,7,2,,,,,,,,,,,,,,,,,,,,0.0,0.0,,,,,,,1497.4,1706.2
2018-08-26,2018,Espanol,Valencia,2,0,H,U,3.25,3.2,2.37,9,4,6,10,1,,,,,,,,,,,,,,,,,,,,,,,,,,,,1515.0,1577.6
2018-08-25,2018,Valladolid,Barcelona,0,1,A,U,17.0,7.5,1.16,4,5,6,10,1,,,,,,,,,,,,,,,,,,,,,,,,,,,,1499.9,1768.7
2018-08-25,2018,Ath Madrid,Vallecano,1,0,H,U,1.16,7.0,21.0,2,3,8,5,1,,,,,,,,,,,,,,,,,,,,,,,,,,,,1674.9,1443.7
2018-08-25,2018,Alaves,Betis,0,0,D,U,2.8,3.25,2.6,4,5,5,6,1,,,,,,,,,,,,,,,,,,,,,,,,,,,,1498.0,1507.3
2018-08-24,2018,Leganes,Sociedad,2,2,D,O,3.5,3.3,2.1,5,6,5,0,1,,,,,,,,,,,,,,,,,,,,,,100.0,0.0,,,,,1433.0,1520.9
2018-08-24,2018,Getafe,Eibar,2,0,H,U,1.95,3.2,4.33,4,0,5,5,1,,,,,,,,,,,,,,,,,,,,,,,,,,,,1500.8,1494.8
2018-08-20,2018,Valencia,Ath Madrid,1,1,D,U,3.0,3.2,2.5,4,3,4,10,1,,,,,,,,,,,,,,,,,,,,,,,,,,,,1574.7,1677.8
2018-08-20,2018,Ath Bilbao,Leganes,2,1,H,O,1.75,3.3,5.5,5,2,6,2,1,,,,,,,,,,,,,,,,,,,,,,,,,,,,1494.5,1441.5
2018-08-19,2018,Vallecano,Sevilla,1,4,A,O,3.25,3.6,2.14,2,8,2,6,1,,,,,,,,,,,,,,,,,,,,,,,,,,,,1450.8,1554.6
2018-08-19,2018,Real Madrid,Getafe,2,0,H,U,1.2,7.0,13.0,3,1,3,0,1,,,,,,,,,,,,,,,,,,,,,,,,,,,,1701.3,1505.7
2018-08-19,2018,Eibar,Huesca,1,2,A,O,1.66,3.75,5.5,6,6,7,0,1,,,,,,,,,,,,,,,,,,,,,,,,,,,,1505.0,1500.0
2018-08-18,2018,Villarreal,Sociedad,1,2,A,O,2.04,3.4,3.8,7,4,4,6,1,,,,,,,,,,,,,,,,,,,,,,,,,,,,1575.4,1509.0
2018-08-18,2018,Celta,Espanol,1,1,D,U,1.85,3.5,4.5,2,5,8,7,1,,,,,,,,,,,,,,,,,,,,,,,,,,,,1491.0,1515.7
2018-08-18,2018,Barcelona,Alaves,3,0,H,O,1.11,10.0,21.0,9,0,7,1,1,,,,,,,,,,,,,,,,,,,,,,,,,,,,1765.1,1501.6
2018-08-17,2018,Girona,Valladolid,0,0,D,U,1.75,3.6,5.0,1,1,3,2,1,,,,,,,,,,,,,,,,,,,,,,,,,,,,1497.3,1500.0
2018-08-17,2018,Betis,Levante,0,3,A,O,1.66,4.0,5.0,8,4,5,3,1,,,,,,,,,,,,,,,,,,,,,,,,,,,,1518.4,1479.4
2018-05-20,2017,Valencia,La Coruna,2,1,H,O,1.4,4.75,8.0,5,7,8,4,19,1.0,1.0,1.0,0.0,2.0,4.0,-2.0,2.0,3.0,-1.0,0.0,1.0,-1.0,0.0,0.0,0.0,0.0,0.0,0.0,66.7,16.7,11.1,61.1,14.0,8.0,19.0,20.0,1569.2,1401.5
2018-05-20,2017,Barcelona,Sociedad,1,0,H,U,1.22,7.0,11.0,4,2,3,8,19,2.0,1.0,0.0,2.0,9.0,1.0,8.0,4.0,3.0,1.0,5.0,-2.0,7.0,1.0,0.0,1.0,0.0,1.0,-1.0,83.3,0.0,22.2,55.6,17.0,14.0,16.0,13.0,1761.2,1512.9
2018-05-20,2017,Ath Madrid,Eibar,2,2,D,O,1.61,3.8,6.0,4,3,2,2,19,1.0,2.0,1.0,0.0,3.0,5.0,-2.0,2.0,1.0,1.0,1.0,4.0,-3.0,1.0,1.0,0.0,1.0,0.0,1.0,66.7,5.6,33.3,44.4,10.0,9.0,22.0,13.0,1682.6,1500.1
2018-05-20,2017,Ath Bilbao,Espanol,0,1,A,U,2.04,3.5,3.6,3,4,7,7,19,1.0,2.0,2.0,1.0,5.0,4.0,1.0,6.0,1.0,5.0,-1.0,3.0,-4.0,1.0,2.0,-1.0,1.0,0.0,1.0,33.3,22.2,16.7,44.4,14.0,10.0,17.0,6.0,1504.4,1505.7
2018-05-19,2017,Villarreal,Real Madrid,2,2,D,O,3.1,4.1,2.1,5,7,4,5,19,3.0,1.0,0.0,1.0,7.0,6.0,1.0,2.0,6.0,-4.0,5.0,0.0,5.0,1.0,0.0,1.0,0.0,0.0,0.0,61.1,27.8,55.6,16.7,18.0,15.0,22.0,15.0,1571.7,1705.0
2018-05-19,2017,Sevilla,Alaves,1,0,H,U,1.4,4.75,8.0,8,4,8,3,19,2.0,3.0,0.0,0.0,6.0,8.0,-2.0,4.0,0.0,4.0,2.0,8.0,-6.0,0.0,2.0,-2.0,0.0,0.0,0.0,55.6,16.7,33.3,61.1,16.0,15.0,18.0,11.0,1545.6,1510.6
2018-05-19,2017,Malaga,Getafe,0,1,A,U,3.3,3.3,2.25,2,3,2,9,19,1.0,3.0,2.0,0.0,3.0,4.0,-1.0,5.0,1.0,4.0,-2.0,3.0,-5.0,1.0,0.0,1.0,1.0,0.0,1.0,22.2,61.1,27.8,38.9,10.0,8.0,15.0,12.0,1368.7,1499.3
2018-05-19,2017,Leganes,Betis,3,2,H,O,2.7,3.6,2.5,3,8,6,4,19,1.0,1.0,1.0,1.0,1.0,1.0,0.0,3.0,2.0,1.0,-2.0,-1.0,-1.0,0.0,0.0,0.0,1.0,1.0,0.0,44.4,33.3,44.4,44.4,9.0,9.0,23.0,12.0,1428.7,1531.3
2018-05-19,2017,Las Palmas,Girona,1,2,A,O,3.1,3.5,2.25,7,6,4,3,19,0.0,1.0,3.0,1.0,0.0,3.0,-3.0,6.0,7.0,-1.0,-6.0,-4.0,-2.0,0.0,0.0,0.0,1.0,1.0,0.0,22.2,66.7,27.8,38.9,5.0,8.0,16.0,15.0,1347.3,1491.3
2018-05-19,2017,Celta,Levante,4,2,H,O,1.8,4.0,4.1,9,3,5,3,19,0.0,2.0,0.0,1.0,4.0,6.0,-2.0,4.0,4.0,0.0,0.0,2.0,-2.0,0.0,2.0,-2.0,0.0,1.0,-1.0,38.9,16.7,22.2,38.9,15.0,13.0,14.0,17.0,1480.7,1489.7
2018-05-13,2017,Levante,Barcelona,5,4,H,O,10.0,5.25,1.3,7,7,3,8,19,3.0,1.0,0.0,0.0,5.0,8.0,-3.0,2.0,6.0,-4.0,3.0,2.0,1.0,0.0,1.0,-1.0,0.0,0.0,0.0,33.3,33.3,66.7,0.0,11.0,24.0,12.0,20.0,1472.6,1778.3
2018-05-13,2017,Espanol,Malaga,4,1,H,O,1.61,3.7,6.25,7,3,5,3,19,0.0,0.0,1.0,3.0,1.0,3.0,-2.0,2.0,6.0,-4.0,-1.0,-3.0,2.0,0.0,0.0,0.0,0.0,0.0,0.0,38.9,27.8,5.6,83.3,14.0,9.0,15.0,13.0,1499.2,1375.3
2018-05-12,2017,Sociedad,Leganes,3,2,H,O,1.44,4.2,8.5,6,3,5,1,19,3.0,0.0,0.0,3.0,11.0,3.0,8.0,1.0,7.0,-6.0,10.0,-4.0,14.0,3.0,0.0,3.0,0.0,1.0,-1.0,50.0,33.3,16.7,66.7,15.0,8.0,13.0,9.0,1504.8,1436.7
2018-05-12,2017,Real Madrid,Celta,6,0,H,O,1.36,5.0,9.0,10,1,4,2,19,1.0,0.0,0.0,2.0,4.0,2.0,2.0,3.0,6.0,-3.0,1.0,-4.0,5.0,0.0,0.0,0.0,0.0,1.0,-1.0,61.1,16.7,27.8,61.1,23.0,9.0,30.0,15.0,1700.5,1485.2
2018-05-12,2017,La Coruna,Villarreal,2,4,A,O,3.5,3.6,2.04,7,7,11,0,19,1.0,0.0,1.0,2.0,5.0,3.0,2.0,6.0,8.0,-2.0,-1.0,-5.0,4.0,0.0,0.0,0.0,1.0,1.0,0.0,22.2,44.4,33.3,44.4,17.0,12.0,20.0,12.0,1407.2,1566.0
2018-05-12,2017,Girona,Valencia,0,1,A,U,2.5,3.39,2.75,4,4,6,2,19,0.0,0.0,3.0,2.0,1.0,2.0,-1.0,7.0,4.0,3.0,-6.0,-2.0,-4.0,0.0,0.0,0.0,2.0,0.0,2.0,44.4,38.9,44.4,33.3,15.0,15.0,22.0,11.0,1499.5,1561.0
2018-05-12,2017,Getafe,Ath Madrid,0,1,A,U,2.79,3.1,2.79,4,3,8,2,19,1.0,1.0,1.0,1.0,2.0,2.0,0.0,2.0,4.0,-2.0,0.0,-2.0,2.0,0.0,0.0,0.0,0.0,1.0,-1.0,50.0,27.8,55.6,22.2,10.0,13.0,12.0,12.0,1504.7,1677.2
2018-05-12,2017,Eibar,Las Palmas,1,0,H,U,1.39,4.5,9.0,5,2,3,11,19,0.0,0.0,2.0,2.0,0.0,2.0,-2.0,2.0,4.0,-2.0,-2.0,-2.0,0.0,0.0,0.0,0.0,0.0,0.0,0.0,38.9,38.9,5.6,66.7,9.0,7.0,28.0,15.0,1494.0,1353.5
2018-05-12,2017,Betis,Sevilla,2,2,D,O,2.62,3.39,2.7,5,5,4,5,19,3.0,0.0,0.0,2.0,5.0,1.0,4.0,1.0,6.0,-5.0,4.0,-5.0,9.0,1.0,0.0,1.0,0.0,1.0,-1.0,55.6,27.8,33.3,61.1,15.0,17.0,19.0,27.0,1530.9,1546.0
2018-05-12,2017,Alaves,Ath Bilbao,3,1,H,O,2.5,3.29,2.89,3,4,0,8,19,1.0,1.0,2.0,1.0,3.0,5.0,-2.0,3.0,5.0,-2.0,0.0,0.0,0.0,1.0,1.0,0.0,0.0,1.0,-1.0,44.4,50.0,22.2,50.0,10.0,18.0,7.0,15.0,1500.2,1514.8
2018-05-09,2017,Sevilla,Real Madrid,3,2,H,O,2.45,3.7,2.62,6,4,2,3,18,1.0,2.0,0.0,0.0,5.0,7.0,-2.0,4.0,3.0,1.0,1.0,4.0,-3.0,0.0,1.0,-1.0,0.0,0.0,0.0,52.9,17.6,58.8,11.8,16.0,18.0,21.0,15.0,1531.1,1715.3
2018-05-09,2017,Barcelona,Villarreal,5,1,H,O,1.28,5.75,10.0,6,7,4,4,18,2.0,1.0,0.0,1.0,7.0,4.0,3.0,4.0,3.0,1.0,3.0,1.0,2.0,1.0,1.0,0.0,0.0,0.0,0.0,82.4,0.0,35.3,41.2,17.0,9.0,17.0,11.0,1773.5,1570.7
2018-05-07,2017,Leganes,Levante,0,3,A,O,2.1,3.2,3.89,2,3,6,5,18,1.0,1.0,1.0,1.0,1.0,4.0,-3.0,1.0,5.0,-4.0,0.0,-1.0,1.0,0.0,1.0,-1.0,0.0,1.0,-1.0,47.1,29.4,17.6,41.2,8.0,16.0,22.0,19.0,1446.2,1463.1
2018-05-06,2017,Malaga,Alaves,0,3,A,O,2.39,3.2,3.1,4,7,6,7,18,2.0,2.0,1.0,0.0,4.0,5.0,-1.0,2.0,0.0,2.0,2.0,5.0,-3.0,1.0,1.0,0.0,0.0,0.0,0.0,23.5,58.8,29.4,64.7,9.0,12.0,12.0,9.0,1382.2,1493.3
2018-05-06,2017,Las Palmas,Getafe,0,1,A,U,4.0,3.29,2.0,4,1,9,4,18,0.0,2.0,3.0,1.0,0.0,3.0,-3.0,8.0,3.0,5.0,-8.0,0.0,-8.0,0.0,0.0,0.0,2.0,1.0,1.0,23.5,64.7,23.5,41.2,4.0,8.0,10.0,11.0,1359.7,1498.5
2018-05-06,2017,Barcelona,Real Madrid,2,2,D,O,1.66,4.33,4.5,4,5,6,5,17,3.0,3.0,0.0,0.0,7.0,7.0,0.0,2.0,2.0,0.0,5.0,5.0,0.0,2.0,1.0,1.0,0.0,0.0,0.0,87.5,0.0,62.5,12.5,22.0,19.0,17.0,16.0,1775.3,1713.6
2018-05-06,2017,Ath Madrid,Espanol,0,2,A,U,1.39,4.2,10.0,3,6,6,3,18,2.0,1.0,0.0,2.0,4.0,2.0,2.0,0.0,2.0,-2.0,4.0,0.0,4.0,1.0,1.0,0.0,0.0,0.0,0.0,70.6,0.0,11.8,47.1,10.0,10.0,25.0,6.0,1692.6,1483.8
2018-05-05,2017,Villarreal,Valencia,1,0,H,U,2.25,3.39,3.2,5,2,7,3,18,2.0,1.0,1.0,1.0,7.0,3.0,4.0,5.0,3.0,2.0,2.0,0.0,2.0,1.0,0.0,1.0,1.0,0.0,1.0,58.8,29.4,47.1,29.4,15.0,14.0,18.0,10.0,1560.4,1571.3
2018-05-05,2017,Girona,Eibar,1,4,A,O,2.1,3.29,3.75,5,6,6,5,18,0.0,1.0,2.0,1.0,1.0,1.0,0.0,4.0,2.0,2.0,-3.0,-1.0,-2.0,0.0,0.0,0.0,1.0,1.0,0.0,47.1,35.3,29.4,47.1,15.0,5.0,21.0,16.0,1510.3,1483.2
2018-05-05,2017,Celta,La Coruna,1,1,D,U,1.61,4.0,5.5,4,2,4,10,18,1.0,1.0,0.0,1.0,7.0,3.0,4.0,3.0,3.0,0.0,4.0,0.0,4.0,1.0,0.0,1.0,0.0,0.0,0.0,41.2,17.6,11.8,64.7,17.0,8.0,13.0,17.0,1487.5,1404.9
2018-05-05,2017,Ath Bilbao,Betis,2,0,H,U,2.25,3.29,3.29,5,3,4,5,18,0.0,2.0,2.0,0.0,4.0,2.0,2.0,7.0,0.0,7.0,-3.0,2.0,-5.0,0.0,0.0,0.0,1.0,0.0,1.0,29.4,23.5,47.1,41.2,11.0,10.0,17.0,7.0,1503.8,1542.0
2018-05-04,2017,Sevilla,Sociedad,1,0,H,U,2.1,3.79,3.1,6,1,6,4,17,0.0,1.0,1.0,1.0,4.0,1.0,3.0,6.0,2.0,4.0,-2.0,-1.0,-1.0,0.0,0.0,0.0,1.0,1.0,0.0,50.0,18.8,23.5,52.9,15.0,13.0,22.0,10.0,1521.3,1514.6
2018-04-30,2017,Betis,Malaga,2,1,H,O,1.44,4.5,7.5,3,3,6,4,18,3.0,0.0,0.0,2.0,6.0,2.0,4.0,0.0,4.0,-4.0,6.0,-2.0,8.0,2.0,0.0,2.0,0.0,0.0,0.0,52.9,29.4,5.9,82.4,16.0,6.0,16.0,14.0,1536.0,1388.1
2018-04-29,2017,Valencia,Eibar,0,0,D,U,1.5,4.0,7.5,5,2,8,2,18,2.0,1.0,1.0,2.0,5.0,2.0,3.0,3.0,4.0,-1.0,2.0,-2.0,4.0,1.0,0.0,1.0,0.0,1.0,-1.0,70.6,17.6,31.2,50.0,19.0,7.0,20.0,19.0,1573.9,1480.6
2018-04-29,2017,La Coruna,Barcelona,2,4,A,O,12.0,6.0,1.25,5,9,6,7,18,1.0,1.0,0.0,0.0,4.0,6.0,-2.0,3.0,4.0,-1.0,1.0,2.0,-1.0,0.0,1.0,-1.0,0.0,0.0,0.0,23.5,41.2,64.7,0.0,15.0,24.0,23.0,18.0,1407.0,1773.1
2018-04-29,2017,Getafe,Girona,1,1,D,U,2.1,3.1,4.0,2,2,4,4,18,1.0,1.0,2.0,2.0,1.0,5.0,-4.0,2.0,12.0,-10.0,-1.0,-7.0,6.0,0.0,0.0,0.0,0.0,2.0,-2.0,52.9,29.4,29.4,41.2,12.0,12.0,12.0,18.0,1498.1,1510.6
2018-04-29,2017,Alaves,Ath Madrid,0,1,A,U,3.29,3.1,2.37,3,6,3,4,18,1.0,0.0,2.0,2.0,4.0,2.0,2.0,5.0,6.0,-1.0,-1.0,-4.0,3.0,1.0,0.0,1.0,1.0,1.0,0.0,47.1,47.1,52.9,23.5,8.0,9.0,10.0,12.0,1498.3,1687.5
2018-04-28,2017,Villarreal,Celta,4,1,H,O,1.72,3.75,5.0,7,4,5,7,17,2.0,0.0,1.0,2.0,5.0,1.0,4.0,5.0,5.0,0.0,0.0,-4.0,4.0,0.0,0.0,0.0,1.0,1.0,0.0,56.2,31.2,29.4,58.8,13.0,7.0,18.0,12.0,1552.0,1495.9
2018-04-28,2017,Sociedad,Ath Bilbao,3,1,H,O,1.85,3.6,4.33,4,3,3,7,18,2.0,1.0,1.0,1.0,9.0,4.0,5.0,2.0,4.0,-2.0,7.0,0.0,7.0,2.0,1.0,1.0,0.0,1.0,-1.0,47.1,35.3,23.5,47.1,13.0,18.0,17.0,13.0,1504.4,1514.0
2018-04-28,2017,Real Madrid,Leganes,2,1,H,O,1.3,5.5,10.0,5,6,3,2,18,1.0,0.0,0.0,3.0,8.0,2.0,6.0,5.0,7.0,-2.0,3.0,-5.0,8.0,1.0,0.0,1.0,0.0,2.0,-2.0,58.8,17.6,17.6,64.7,32.0,3.0,33.0,13.0,1709.9,1449.9
2018-04-28,2017,Espanol,Las Palmas,1,1,D,U,1.36,4.75,9.5,7,2,6,7,18,1.0,0.0,1.0,2.0,2.0,2.0,0.0,2.0,4.0,-2.0,0.0,-2.0,2.0,0.0,0.0,0.0,0.0,0.0,0.0,41.2,29.4,5.9,70.6,14.0,6.0,15.0,10.0,1487.4,1356.0
2018-04-27,2017,Levante,Sevilla,2,1,H,O,4.5,3.6,1.75,5,4,4,8,18,3.0,0.0,0.0,2.0,5.0,1.0,4.0,2.0,6.0,-4.0,3.0,-5.0,8.0,0.0,0.0,0.0,0.0,1.0,-1.0,29.4,35.3,35.3,58.8,9.0,17.0,12.0,23.0,1450.8,1533.7
2018-04-23,2017,Ath Bilbao,Levante,1,3,A,O,1.66,3.75,5.5,5,7,2,9,17,1.0,1.0,1.0,1.0,5.0,2.0,3.0,4.0,4.0,0.0,1.0,-2.0,3.0,1.0,0.0,1.0,0.0,1.0,-1.0,31.2,18.8,12.5,43.8,11.0,13.0,18.0,17.0,1526.5,1438.3
2018-04-22,2017,Malaga,Sociedad,2,0,H,U,5.25,3.6,1.72,3,2,5,3,17,1.0,1.0,2.0,1.0,2.0,2.0,0.0,4.0,2.0,2.0,-2.0,0.0,-2.0,0.0,0.0,0.0,1.0,0.0,1.0,18.8,62.5,25.0,50.0,8.0,16.0,9.0,11.0,1374.2,1518.3
2018-04-22,2017,Las Palmas,Alaves,0,4,A,O,3.1,3.2,2.39,1,7,3,3,17,0.0,1.0,3.0,1.0,0.0,2.0,-2.0,6.0,3.0,3.0,-6.0,-1.0,-5.0,0.0,0.0,0.0,2.0,1.0,1.0,25.0,62.5,25.0,68.8,6.0,9.0,14.0,8.0,1362.5,1491.9
2018-04-22,2017,Girona,Espanol,0,2,A,U,2.14,3.25,3.6,6,4,10,0,17,1.0,0.0,1.0,3.0,3.0,0.0,3.0,2.0,5.0,-3.0,1.0,-5.0,6.0,1.0,0.0,1.0,0.0,1.0,-1.0,50.0,31.2,6.2,50.0,15.0,7.0,13.0,11.0,1522.0,1476.1
2018-04-22,2017,Ath Madrid,Betis,0,0,D,U,1.61,3.75,6.0,2,4,8,3,17,3.0,3.0,0.0,0.0,7.0,5.0,2.0,0.0,1.0,-1.0,7.0,4.0,3.0,2.0,1.0,1.0,0.0,0.0,0.0,75.0,0.0,50.0,43.8,11.0,10.0,23.0,6.0,1691.8,1531.7
2018-04-21,2017,Eibar,Getafe,0,1,A,U,2.04,3.2,4.0,2,4,8,3,18,0.0,2.0,2.0,1.0,1.0,4.0,-3.0,3.0,4.0,-1.0,-2.0,0.0,-2.0,0.0,0.0,0.0,0.0,1.0,-1.0,41.2,35.3,18.8,43.8,10.0,9.0,28.0,9.0,1490.7,1488.1
2018-04-21,2017,Celta,Valencia,1,1,D,U,2.7,3.39,2.6,3,7,4,3,17,1.0,2.0,0.0,1.0,6.0,4.0,2.0,2.0,2.0,0.0,4.0,2.0,2.0,1.0,1.0,0.0,0.0,0.0,0.0,43.8,18.8,50.0,31.2,17.0,12.0,13.0,10.0,1493.6,1576.3
2018-04-20,2017,Leganes,La Coruna,0,0,D,U,2.29,3.25,3.2,0,3,9,4,17,2.0,1.0,1.0,2.0,3.0,3.0,0.0,2.0,5.0,-3.0,1.0,-2.0,3.0,0.0,0.0,0.0,0.0,1.0,-1.0,50.0,31.2,12.5,68.8,14.0,9.0,18.0,15.0,1451.2,1405.7
2018-04-19,2017,Sociedad,Ath Madrid,3,0,H,O,3.29,3.29,2.25,4,2,6,6,17,2.0,0.0,1.0,2.0,8.0,2.0,6.0,3.0,4.0,-1.0,5.0,-2.0,7.0,1.0,0.0,1.0,0.0,0.0,0.0,43.8,37.5,56.2,18.8,14.0,8.0,19.0,7.0,1503.0,1707.1
2018-04-19,2017,Levante,Malaga,1,0,H,U,1.85,3.5,4.5,2,2,4,3,17,2.0,0.0,0.0,2.0,5.0,2.0,3.0,3.0,5.0,-2.0,2.0,-3.0,5.0,0.0,0.0,0.0,0.0,1.0,-1.0,25.0,37.5,6.2,81.2,11.0,5.0,10.0,12.0,1429.6,1382.9
2018-04-19,2017,Betis,Las Palmas,1,0,H,U,1.36,5.25,7.5,8,0,6,3,17,2.0,0.0,0.0,2.0,5.0,3.0,2.0,0.0,5.0,-5.0,5.0,-2.0,7.0,2.0,0.0,2.0,0.0,0.0,0.0,50.0,31.2,6.2,68.8,12.0,9.0,14.0,14.0,1525.9,1368.2
2018-04-19,2017,Alaves,Girona,1,2,A,O,2.37,3.1,3.29,5,5,3,6,17,2.0,1.0,1.0,2.0,4.0,5.0,-1.0,3.0,11.0,-8.0,1.0,-6.0,7.0,1.0,1.0,0.0,1.0,2.0,-1.0,50.0,43.8,25.0,43.8,8.0,10.0,12.0,14.0,1501.6,1512.3
2018-04-18,2017,Valencia,Getafe,1,2,A,O,1.44,4.0,8.0,3,3,7,5,17,3.0,1.0,0.0,2.0,6.0,3.0,3.0,1.0,6.0,-5.0,5.0,-3.0,8.0,2.0,0.0,2.0,0.0,2.0,-2.0,75.0,12.5,13.3,46.7,22.0,10.0,20.0,4.0,1589.4,1474.9
2018-04-18,2017,Real Madrid,Ath Bilbao,1,1,D,U,1.19,7.0,12.0,10,2,16,2,17,2.0,1.0,0.0,2.0,10.0,3.0,7.0,5.0,5.0,0.0,5.0,-2.0,7.0,2.0,1.0,1.0,0.0,2.0,-2.0,62.5,18.8,25.0,50.0,28.0,19.0,25.0,15.0,1715.0,1521.5
2018-04-18,2017,Espanol,Eibar,0,1,A,U,2.29,3.1,3.39,4,1,3,6,17,2.0,0.0,0.0,2.0,3.0,2.0,1.0,1.0,5.0,-4.0,2.0,-3.0,5.0,0.0,0.0,0.0,0.0,1.0,-1.0,43.8,25.0,26.7,53.3,17.0,9.0,15.0,22.0,1486.2,1480.5
2018-04-17,2017,Villarreal,Leganes,2,1,H,O,1.6,3.79,6.5,6,1,10,4,16,1.0,0.0,2.0,3.0,3.0,1.0,2.0,6.0,9.0,-3.0,-3.0,-8.0,5.0,0.0,0.0,0.0,2.0,3.0,-1.0,53.3,33.3,18.8,62.5,12.0,5.0,15.0,10.0,1544.5,1458.8
2018-04-17,2017,La Coruna,Sevilla,0,0,D,U,2.5,3.5,2.75,6,7,7,9,17,1.0,1.0,0.0,2.0,5.0,2.0,3.0,4.0,6.0,-2.0,1.0,-4.0,5.0,0.0,0.0,0.0,0.0,1.0,-1.0,25.0,43.8,37.5,62.5,11.0,14.0,18.0,18.0,1402.0,1537.4
2018-04-17,2017,Celta,Barcelona,2,2,D,O,4.75,4.33,1.64,8,6,6,4,16,2.0,1.0,0.0,0.0,6.0,5.0,1.0,1.0,3.0,-2.0,5.0,2.0,3.0,1.0,1.0,0.0,0.0,0.0,0.0,46.7,20.0,68.8,0.0,15.0,22.0,17.0,20.0,1486.7,1780.0
2018-04-15,2017,Malaga,Real Madrid,1,2,A,O,10.0,5.5,1.28,3,6,4,7,16,1.0,2.0,2.0,1.0,1.0,5.0,-4.0,3.0,2.0,1.0,-2.0,3.0,-5.0,0.0,1.0,-1.0,1.0,0.0,1.0,20.0,60.0,60.0,13.3,5.0,18.0,14.0,17.0,1385.5,1712.3
2018-04-15,2017,Getafe,Espanol,1,0,H,U,2.14,3.1,3.75,4,0,4,3,17,1.0,0.0,2.0,2.0,3.0,1.0,2.0,2.0,5.0,-3.0,1.0,-4.0,5.0,1.0,0.0,1.0,0.0,1.0,-1.0,50.0,31.2,6.7,46.7,13.0,10.0,18.0,9.0,1463.9,1497.2
2018-04-15,2017,Eibar,Alaves,0,1,A,U,1.83,3.39,4.75,4,1,12,1,17,1.0,0.0,1.0,2.0,2.0,2.0,0.0,2.0,5.0,-3.0,0.0,-3.0,3.0,0.0,0.0,0.0,0.0,1.0,-1.0,43.8,31.2,20.0,73.3,7.0,9.0,22.0,11.0,1490.5,1491.6
2018-04-15,2017,Ath Madrid,Levante,3,0,H,O,1.22,6.0,15.0,5,3,8,3,16,3.0,1.0,0.0,1.0,8.0,2.0,6.0,0.0,2.0,-2.0,8.0,0.0,8.0,2.0,0.0,2.0,0.0,0.0,0.0,73.3,0.0,13.3,40.0,14.0,11.0,20.0,17.0,1703.6,1433.1
2018-04-14,2017,Sevilla,Villarreal,2,2,D,O,1.8,3.75,4.5,4,4,10,2,16,1.0,1.0,1.0,2.0,4.0,2.0,2.0,4.0,2.0,2.0,0.0,0.0,0.0,1.0,1.0,0.0,1.0,0.0,1.0,53.3,20.0,37.5,43.8,19.0,8.0,20.0,13.0,1537.2,1544.7
2018-04-14,2017,Leganes,Celta,1,0,H,U,3.1,3.2,2.39,7,2,8,3,16,2.0,0.0,1.0,2.0,4.0,1.0,3.0,2.0,5.0,-3.0,2.0,-4.0,6.0,1.0,0.0,1.0,0.0,1.0,-1.0,46.7,33.3,31.2,56.2,10.0,7.0,16.0,13.0,1447.3,1498.2
2018-04-14,2017,Las Palmas,Sociedad,0,1,A,U,3.79,3.6,1.95,0,11,4,6,16,0.0,0.0,2.0,1.0,1.0,1.0,0.0,6.0,2.0,4.0,-5.0,-1.0,-4.0,0.0,0.0,0.0,2.0,0.0,2.0,26.7,60.0,20.0,53.3,7.0,10.0,16.0,15.0,1374.9,1496.4
2018-04-14,2017,Barcelona,Valencia,2,1,H,O,1.28,6.0,9.5,7,6,6,5,16,3.0,2.0,0.0,0.0,6.0,4.0,2.0,1.0,1.0,0.0,5.0,3.0,2.0,2.0,1.0,1.0,0.0,0.0,0.0,86.7,0.0,53.3,26.7,20.0,10.0,23.0,6.0,1774.8,1594.7
2018-04-14,2017,Ath Bilbao,La Coruna,2,3,A,O,1.66,3.75,5.5,4,3,11,6,16,1.0,0.0,0.0,3.0,4.0,0.0,4.0,2.0,6.0,-4.0,2.0,-6.0,8.0,1.0,0.0,1.0,0.0,2.0,-2.0,33.3,13.3,6.7,73.3,11.0,7.0,13.0,15.0,1535.5,1388.0
2018-04-13,2017,Girona,Betis,0,1,A,U,2.29,3.39,3.1,4,2,6,4,16,2.0,2.0,0.0,1.0,4.0,4.0,0.0,1.0,3.0,-2.0,3.0,1.0,2.0,1.0,1.0,0.0,0.0,1.0,-1.0,53.3,26.7,46.7,46.7,13.0,12.0,13.0,2.0,1522.5,1515.7
2018-04-09,2017,Villarreal,Ath Bilbao,1,3,A,O,1.85,3.5,4.5,2,13,3,6,15,2.0,0.0,1.0,3.0,3.0,0.0,3.0,3.0,6.0,-3.0,0.0,-6.0,6.0,0.0,0.0,0.0,1.0,3.0,-2.0,57.1,28.6,20.0,53.3,14.0,6.0,14.0,11.0,1555.6,1524.6
2018-04-08,2017,Valencia,Espanol,1,0,H,U,1.5,4.33,6.5,6,6,4,3,16,3.0,0.0,0.0,1.0,7.0,1.0,6.0,2.0,4.0,-2.0,5.0,-3.0,8.0,2.0,0.0,2.0,0.0,1.0,-1.0,73.3,13.3,7.1,42.9,20.0,5.0,20.0,8.0,1587.0,1504.9
2018-04-08,2017,Sociedad,Girona,5,0,H,O,1.9,3.6,4.0,7,1,4,5,16,2.0,1.0,1.0,2.0,6.0,6.0,0.0,3.0,12.0,-9.0,3.0,-6.0,9.0,1.0,1.0,0.0,0.0,2.0,-2.0,40.0,40.0,26.7,40.0,10.0,13.0,17.0,12.0,1485.0,1533.9
2018-04-08,2017,Real Madrid,Ath Madrid,1,1,D,U,1.75,3.75,4.75,8,5,11,2,16,3.0,1.0,0.0,2.0,13.0,6.0,7.0,4.0,5.0,-1.0,9.0,1.0,8.0,3.0,1.0,2.0,0.0,0.0,0.0,66.7,20.0,60.0,20.0,30.0,11.0,23.0,9.0,1712.6,1703.4
2018-04-08,2017,Levante,Las Palmas,2,1,H,O,1.9,3.6,4.0,4,5,4,5,16,1.0,0.0,1.0,1.0,3.0,2.0,1.0,4.0,3.0,1.0,-1.0,-1.0,0.0,0.0,0.0,0.0,1.0,0.0,1.0,20.0,40.0,6.7,66.7,9.0,5.0,11.0,14.0,1424.3,1383.7
2018-04-07,2017,Celta,Sevilla,4,0,H,O,2.2,3.39,3.29,6,6,3,10,15,2.0,2.0,0.0,1.0,4.0,4.0,0.0,1.0,3.0,-2.0,3.0,1.0,2.0,1.0,0.0,1.0,0.0,0.0,0.0,42.9,21.4,40.0,60.0,12.0,14.0,17.0,13.0,1486.4,1548.9
2018-04-07,2017,Betis,Eibar,2,0,H,U,2.25,3.39,3.25,4,2,7,8,16,1.0,0.0,1.0,2.0,6.0,2.0,4.0,5.0,5.0,0.0,1.0,-3.0,4.0,1.0,0.0,1.0,1.0,1.0,0.0,46.7,33.3,28.6,50.0,13.0,9.0,14.0,23.0,1505.9,1500.3
2018-04-07,2017,Barcelona,Leganes,3,1,H,O,1.12,9.0,21.0,6,1,5,3,15,3.0,0.0,0.0,3.0,9.0,0.0,9.0,1.0,9.0,-8.0,8.0,-9.0,17.0,2.0,0.0,2.0,0.0,3.0,-3.0,85.7,0.0,20.0,60.0,28.0,9.0,23.0,11.0,1772.1,1450.0
2018-04-07,2017,Alaves,Getafe,2,0,H,U,2.45,3.0,3.2,2,1,1,3,16,2.0,1.0,1.0,2.0,3.0,3.0,0.0,3.0,5.0,-2.0,0.0,-2.0,2.0,0.0,0.0,0.0,1.0,1.0,0.0,46.7,46.7,14.3,42.9,9.0,11.0,20.0,9.0,1481.9,1473.7
2018-04-06,2017,La Coruna,Malaga,3,2,H,O,2.04,3.29,3.79,6,4,7,6,16,0.0,0.0,0.0,2.0,2.0,1.0,1.0,2.0,4.0,-2.0,0.0,-3.0,3.0,0.0,0.0,0.0,0.0,1.0,-1.0,20.0,46.7,6.7,80.0,9.0,5.0,15.0,10.0,1377.5,1396.1
2018-04-02,2017,Getafe,Betis,0,1,A,U,1.95,3.5,3.75,4,4,4,0,16,2.0,2.0,1.0,1.0,6.0,5.0,1.0,1.0,3.0,-2.0,5.0,2.0,3.0,2.0,2.0,0.0,0.0,1.0,-1.0,53.3,26.7,42.9,50.0,14.0,14.0,19.0,7.0,1483.3,1496.3
2018-04-01,2017,Malaga,Villarreal,1,0,H,U,3.5,3.2,2.14,3,1,3,6,15,0.0,1.0,3.0,1.0,1.0,3.0,-2.0,5.0,2.0,3.0,-4.0,1.0,-5.0,0.0,1.0,-1.0,1.0,0.0,1.0,14.3,64.3,40.0,40.0,5.0,10.0,18.0,12.0,1381.1,1570.5
2018-04-01,2017,Leganes,Valencia,0,1,A,U,3.75,3.39,2.0,1,1,5,2,15,2.0,2.0,0.0,0.0,4.0,5.0,-1.0,1.0,2.0,-1.0,3.0,3.0,0.0,1.0,1.0,0.0,0.0,0.0,0.0,50.0,28.6,50.0,28.6,11.0,12.0,17.0,6.0,1456.6,1580.4
2018-04-01,2017,Espanol,Alaves,0,0,D,U,2.04,3.2,3.75,3,4,6,5,16,2.0,0.0,0.0,3.0,4.0,2.0,2.0,2.0,9.0,-7.0,2.0,-7.0,9.0,0.0,0.0,0.0,0.0,2.0,-2.0,46.7,26.7,21.4,78.6,17.0,10.0,11.0,11.0,1505.6,1481.2
2018-04-01,2017,Eibar,Sociedad,0,0,D,U,2.37,3.39,2.87,3,0,8,1,16,1.0,0.0,2.0,2.0,2.0,2.0,0.0,4.0,4.0,0.0,-2.0,-2.0,0.0,0.0,0.0,0.0,1.0,0.0,1.0,46.7,33.3,21.4,57.1,7.0,13.0,20.0,18.0,1500.8,1484.5
2018-04-01,2017,Ath Madrid,La Coruna,1,0,H,U,1.22,5.75,13.0,3,2,9,7,15,3.0,0.0,0.0,3.0,9.0,0.0,9.0,0.0,6.0,-6.0,9.0,-6.0,15.0,3.0,0.0,3.0,0.0,2.0,-2.0,71.4,0.0,7.1,71.4,15.0,5.0,16.0,11.0,1700.6,1380.2
2018-03-31,2017,Sevilla,Barcelona,2,2,D,O,4.75,4.0,1.66,6,9,5,9,15,1.0,2.0,2.0,0.0,4.0,5.0,-1.0,7.0,1.0,6.0,-3.0,4.0,-7.0,1.0,2.0,-1.0,2.0,0.0,2.0,57.1,21.4,73.3,0.0,18.0,19.0,20.0,11.0,1543.1,1777.9
2018-03-31,2017,Las Palmas,Real Madrid,0,3,A,O,10.0,6.0,1.25,3,7,3,3,15,0.0,2.0,2.0,1.0,2.0,5.0,-3.0,5.0,3.0,2.0,-3.0,2.0,-5.0,0.0,1.0,-1.0,1.0,0.0,1.0,28.6,57.1,57.1,14.3,7.0,18.0,20.0,19.0,1386.4,1709.9
2018-03-31,2017,Girona,Levante,1,1,D,U,1.57,3.79,6.0,5,6,5,7,15,3.0,1.0,0.0,2.0,6.0,1.0,5.0,0.0,4.0,-4.0,6.0,-3.0,9.0,2.0,0.0,2.0,0.0,1.0,-1.0,57.1,28.6,14.3,42.9,13.0,6.0,12.0,14.0,1537.1,1421.0
2018-03-31,2017,Ath Bilbao,Celta,1,1,D,U,2.04,3.29,3.6,2,3,4,5,15,2.0,0.0,0.0,3.0,5.0,0.0,5.0,2.0,7.0,-5.0,3.0,-7.0,10.0,1.0,0.0,1.0,0.0,2.0,-2.0,35.7,14.3,33.3,60.0,15.0,5.0,15.0,13.0,1525.7,1485.2
2018-03-18,2017,Villarreal,Ath Madrid,2,1,H,O,4.2,3.1,2.04,5,2,5,4,14,1.0,2.0,2.0,1.0,2.0,6.0,-4.0,4.0,3.0,1.0,-2.0,3.0,-5.0,0.0,1.0,-1.0,1.0,0.0,1.0,53.8,30.8,64.3,14.3,15.0,10.0,22.0,8.0,1556.3,1714.9
2018-03-18,2017,Real Madrid,Girona,6,3,H,O,1.16,7.5,17.0,14,6,6,7,15,3.0,1.0,0.0,2.0,12.0,3.0,9.0,3.0,7.0,-4.0,9.0,-4.0,13.0,3.0,1.0,2.0,0.0,1.0,-1.0,64.3,21.4,28.6,35.7,25.0,13.0,22.0,7.0,1704.2,1542.7
2018-03-18,2017,Leganes,Sevilla,2,1,H,O,3.7,3.29,2.1,6,4,5,4,14,1.0,2.0,1.0,1.0,3.0,4.0,-1.0,3.0,6.0,-3.0,0.0,-2.0,2.0,1.0,0.0,1.0,1.0,1.0,0.0,46.2,30.8,42.9,57.1,8.0,13.0,18.0,12.0,1443.5,1556.2
2018-03-18,2017,Celta,Malaga,0,0,D,U,1.44,4.5,7.0,3,0,4,5,14,2.0,0.0,0.0,3.0,6.0,1.0,5.0,3.0,5.0,-2.0,3.0,-4.0,7.0,1.0,0.0,1.0,0.0,1.0,-1.0,46.2,23.1,7.1,85.7,16.0,8.0,22.0,7.0,1488.3,1378.0
2018-03-18,2017,Barcelona,Ath Bilbao,2,0,H,U,1.16,8.0,15.0,9,3,6,5,14,2.0,0.0,0.0,3.0,7.0,0.0,7.0,1.0,6.0,-5.0,6.0,-6.0,12.0,1.0,0.0,1.0,0.0,3.0,-3.0,84.6,0.0,21.4,50.0,25.0,3.0,26.0,10.0,1774.0,1529.7
2018-03-17,2017,Valencia,Alaves,3,1,H,O,1.44,4.5,7.5,10,4,9,2,15,3.0,1.0,0.0,2.0,7.0,3.0,4.0,2.0,7.0,-5.0,5.0,-4.0,9.0,2.0,0.0,2.0,0.0,1.0,-1.0,71.4,14.3,23.1,76.9,18.0,10.0,18.0,11.0,1572.8,1488.8
2018-03-17,2017,Sociedad,Getafe,1,2,A,O,1.72,3.6,5.25,2,5,7,1,15,3.0,0.0,0.0,2.0,10.0,1.0,9.0,1.0,4.0,-3.0,9.0,-3.0,12.0,2.0,0.0,2.0,0.0,1.0,-1.0,42.9,35.7,7.7,46.2,16.0,7.0,19.0,11.0,1495.1,1472.7
2018-03-17,2017,La Coruna,Las Palmas,1,1,D,U,1.72,3.75,5.0,3,1,9,2,15,0.0,0.0,1.0,1.0,1.0,1.0,0.0,2.0,2.0,0.0,-1.0,-1.0,0.0,0.0,0.0,0.0,0.0,0.0,0.0,21.4,50.0,7.1,71.4,8.0,6.0,14.0,14.0,1380.0,1386.6
2018-03-17,2017,Betis,Espanol,3,0,H,O,2.2,3.39,3.29,4,1,3,5,15,1.0,0.0,1.0,0.0,5.0,3.0,2.0,6.0,3.0,3.0,-1.0,0.0,-1.0,0.0,0.0,0.0,1.0,0.0,1.0,42.9,35.7,7.7,38.5,13.0,6.0,13.0,4.0,1485.4,1516.5
2018-03-16,2017,Levante,Eibar,2,1,H,O,3.2,3.2,2.37,3,4,4,5,15,0.0,1.0,1.0,1.0,3.0,2.0,1.0,5.0,3.0,2.0,-2.0,-1.0,-1.0,0.0,0.0,0.0,1.0,1.0,0.0,14.3,42.9,30.8,46.2,10.0,11.0,11.0,28.0,1408.1,1513.7
2018-03-12,2017,Alaves,Betis,1,3,A,O,2.14,3.29,3.6,1,4,6,2,15,3.0,2.0,0.0,1.0,4.0,3.0,1.0,1.0,2.0,-1.0,3.0,1.0,2.0,0.0,1.0,-1.0,0.0,1.0,-1.0,50.0,42.9,38.5,53.8,11.0,14.0,16.0,6.0,1499.5,1474.7
2018-03-11,2017,Las Palmas,Villarreal,0,2,A,U,3.5,3.5,2.1,3,4,7,3,14,1.0,0.0,1.0,2.0,3.0,2.0,1.0,3.0,4.0,-1.0,0.0,-2.0,2.0,0.0,0.0,0.0,0.0,0.0,0.0,30.8,53.8,35.7,42.9,8.0,9.0,17.0,15.0,1392.3,1550.5
2018-03-11,2017,Espanol,Sociedad,2,1,H,O,2.87,3.1,2.62,7,5,6,4,15,1.0,0.0,0.0,2.0,3.0,3.0,0.0,2.0,7.0,-5.0,1.0,-4.0,5.0,0.0,0.0,0.0,0.0,1.0,-1.0,42.9,28.6,23.1,53.8,12.0,11.0,5.0,17.0,1506.5,1505.1
2018-03-11,2017,Ath Madrid,Celta,3,0,H,O,1.39,4.75,8.0,3,2,6,4,14,3.0,0.0,0.0,3.0,7.0,1.0,6.0,0.0,6.0,-6.0,7.0,-5.0,12.0,2.0,0.0,2.0,0.0,1.0,-1.0,69.2,0.0,35.7,57.1,16.0,7.0,19.0,10.0,1710.5,1492.7
2018-03-11,2017,Ath Bilbao,Leganes,2,0,H,U,1.9,3.29,4.5,5,1,3,6,14,1.0,0.0,0.0,2.0,3.0,0.0,3.0,2.0,7.0,-5.0,1.0,-7.0,8.0,0.0,0.0,0.0,0.0,2.0,-2.0,30.8,15.4,21.4,57.1,15.0,9.0,17.0,7.0,1521.7,1451.5
2018-03-10,2017,Sevilla,Valencia,0,2,A,U,2.0,3.5,3.79,5,5,7,3,14,2.0,1.0,1.0,1.0,5.0,3.0,2.0,5.0,3.0,2.0,0.0,0.0,0.0,1.0,0.0,1.0,1.0,0.0,1.0,61.5,15.4,46.2,30.8,17.0,7.0,20.0,4.0,1566.3,1562.7
2018-03-10,2017,Malaga,Barcelona,0,2,A,U,13.0,6.0,1.25,2,9,2,5,14,0.0,1.0,3.0,0.0,1.0,4.0,-3.0,4.0,2.0,2.0,-3.0,2.0,-5.0,0.0,1.0,-1.0,0.0,0.0,0.0,15.4,61.5,71.4,0.0,6.0,12.0,19.0,13.0,1379.9,1772.1
2018-03-10,2017,Getafe,Levante,0,1,A,U,1.75,3.5,5.25,4,4,4,7,15,2.0,0.0,0.0,3.0,6.0,1.0,5.0,0.0,7.0,-7.0,6.0,-6.0,12.0,2.0,0.0,2.0,0.0,2.0,-2.0,57.1,21.4,7.7,46.2,11.0,3.0,20.0,16.0,1485.2,1395.6
2018-03-10,2017,Eibar,Real Madrid,1,2,A,O,5.75,4.75,1.5,3,6,8,6,15,2.0,2.0,1.0,1.0,6.0,8.0,-2.0,3.0,5.0,-2.0,3.0,3.0,0.0,1.0,2.0,-1.0,1.0,0.0,1.0,50.0,28.6,53.8,15.4,11.0,21.0,17.0,18.0,1518.9,1699.0
2018-03-09,2017,Girona,La Coruna,2,0,H,U,1.55,4.2,5.5,6,4,2,2,14,3.0,0.0,0.0,3.0,6.0,0.0,6.0,0.0,9.0,-9.0,6.0,-9.0,15.0,2.0,0.0,2.0,0.0,2.0,-2.0,53.8,30.8,7.7,69.2,10.0,2.0,12.0,14.0,1536.8,1385.9
2018-03-05,2017,Celta,Las Palmas,2,1,H,O,1.44,4.33,7.0,6,3,10,7,13,2.0,0.0,0.0,1.0,7.0,0.0,7.0,4.0,3.0,1.0,3.0,-3.0,6.0,1.0,0.0,1.0,0.0,1.0,-1.0,41.7,25.0,7.7,69.2,15.0,4.0,19.0,8.0,1485.2,1399.9
2018-03-04,2017,Valencia,Betis,2,0,H,U,1.44,4.75,6.5,6,4,7,0,14,2.0,2.0,1.0,1.0,6.0,5.0,1.0,6.0,3.0,3.0,0.0,2.0,-2.0,1.0,1.0,0.0,1.0,0.0,1.0,69.2,15.4,41.7,50.0,16.0,13.0,15.0,8.0,1554.7,1482.6
2018-03-04,2017,Sociedad,Alaves,2,1,H,O,1.64,4.0,5.25,5,1,8,4,14,2.0,1.0,1.0,2.0,9.0,3.0,6.0,2.0,7.0,-5.0,7.0,-4.0,11.0,2.0,0.0,2.0,0.0,1.0,-1.0,38.5,38.5,25.0,75.0,13.0,13.0,19.0,8.0,1494.7,1509.9
2018-03-04,2017,Levante,Espanol,1,1,D,U,3.1,3.1,2.45,4,3,2,1,14,0.0,0.0,2.0,1.0,2.0,4.0,-2.0,5.0,5.0,0.0,-3.0,-1.0,-2.0,0.0,0.0,0.0,1.0,0.0,1.0,15.4,46.2,8.3,41.7,11.0,7.0,15.0,10.0,1392.3,1509.8
2018-03-04,2017,Barcelona,Ath Madrid,1,0,H,U,1.72,3.79,4.75,5,1,12,1,13,2.0,3.0,0.0,0.0,8.0,7.0,1.0,2.0,2.0,0.0,6.0,5.0,1.0,1.0,1.0,0.0,0.0,0.0,0.0,83.3,0.0,69.2,7.7,32.0,12.0,22.0,8.0,1763.4,1719.2
2018-03-03,2017,Villarreal,Girona,0,2,A,U,1.8,3.39,4.75,5,3,7,2,13,2.0,0.0,1.0,2.0,6.0,1.0,5.0,4.0,7.0,-3.0,2.0,-6.0,8.0,1.0,0.0,1.0,0.0,1.0,-1.0,58.3,25.0,23.1,38.5,17.0,12.0,17.0,9.0,1561.5,1525.8
2018-03-03,2017,Sevilla,Ath Bilbao,2,0,H,U,1.7,3.75,5.25,8,3,8,4,13,1.0,0.0,1.0,2.0,4.0,2.0,2.0,6.0,6.0,0.0,-2.0,-4.0,2.0,0.0,0.0,0.0,1.0,2.0,-1.0,58.3,16.7,23.1,46.2,10.0,6.0,15.0,8.0,1557.0,1530.9
2018-03-03,2017,Real Madrid,Getafe,3,1,H,O,1.19,7.5,13.0,6,4,8,0,14,3.0,0.0,0.0,1.0,16.0,1.0,15.0,3.0,2.0,1.0,13.0,-1.0,14.0,3.0,0.0,3.0,0.0,0.0,0.0,61.5,23.1,8.3,41.7,32.0,5.0,20.0,15.0,1694.3,1489.9
2018-03-03,2017,Leganes,Malaga,2,0,H,U,2.14,2.89,4.0,3,1,6,1,13,0.0,0.0,2.0,2.0,1.0,2.0,-1.0,4.0,4.0,0.0,-3.0,-2.0,-1.0,0.0,0.0,0.0,1.0,0.0,1.0,41.7,33.3,7.7,84.6,5.0,11.0,13.0,9.0,1443.0,1388.4
2018-03-03,2017,La Coruna,Eibar,1,1,D,U,2.79,3.1,2.7,2,3,2,9,14,0.0,1.0,1.0,1.0,2.0,2.0,0.0,3.0,3.0,0.0,-1.0,-1.0,0.0,0.0,0.0,0.0,0.0,1.0,-1.0,23.1,53.8,33.3,50.0,8.0,10.0,16.0,26.0,1382.1,1522.8
2018-03-01,2017,Las Palmas,Barcelona,1,1,D,U,15.0,7.5,1.18,1,4,6,6,13,2.0,2.0,1.0,0.0,4.0,8.0,-4.0,3.0,1.0,2.0,1.0,7.0,-6.0,0.0,2.0,-2.0,0.0,0.0,0.0,33.3,58.3,76.9,0.0,13.0,18.0,14.0,9.0,1391.9,1771.4
2018-03-01,2017,Betis,Sociedad,0,0,D,U,2.79,3.39,2.39,4,5,4,10,14,1.0,0.0,2.0,3.0,5.0,5.0,0.0,11.0,11.0,0.0,-6.0,-6.0,0.0,0.0,0.0,0.0,2.0,2.0,0.0,46.2,38.5,25.0,58.3,11.0,12.0,13.0,16.0,1482.3,1495.0
2018-03-01,2017,Alaves,Levante,1,0,H,U,1.8,3.39,5.0,5,1,5,3,14,2.0,0.0,0.0,2.0,5.0,3.0,2.0,3.0,8.0,-5.0,2.0,-5.0,7.0,0.0,0.0,0.0,0.0,2.0,-2.0,46.2,46.2,8.3,41.7,12.0,6.0,15.0,20.0,1502.8,1399.4
2018-02-28,2017,Malaga,Sevilla,0,1,A,U,3.5,3.2,2.14,0,4,9,4,13,0.0,2.0,2.0,1.0,1.0,6.0,-5.0,3.0,6.0,-3.0,-2.0,0.0,-2.0,0.0,1.0,-1.0,0.0,1.0,-1.0,16.7,58.3,38.5,61.5,7.0,16.0,15.0,10.0,1394.1,1551.3
2018-02-28,2017,Getafe,La Coruna,3,0,H,O,1.9,3.39,4.33,5,1,10,6,14,1.0,0.0,0.0,3.0,5.0,1.0,4.0,2.0,13.0,-11.0,3.0,-12.0,15.0,1.0,0.0,1.0,0.0,2.0,-2.0,53.8,23.1,8.3,66.7,12.0,3.0,16.0,9.0,1482.5,1389.5
2018-02-28,2017,Eibar,Villarreal,1,0,H,U,2.2,3.2,3.6,1,3,6,4,14,1.0,1.0,1.0,1.0,6.0,3.0,3.0,4.0,3.0,1.0,2.0,0.0,2.0,1.0,0.0,1.0,1.0,0.0,1.0,46.2,30.8,38.5,38.5,14.0,10.0,19.0,11.0,1511.0,1573.3
2018-02-28,2017,Ath Madrid,Leganes,4,0,H,O,1.25,5.25,15.0,8,3,5,1,13,3.0,0.0,0.0,1.0,6.0,2.0,4.0,0.0,5.0,-5.0,6.0,-3.0,9.0,2.0,0.0,2.0,0.0,1.0,-1.0,66.7,0.0,23.1,53.8,15.0,10.0,18.0,12.0,1715.7,1446.5
2018-02-28,2017,Ath Bilbao,Valencia,1,1,D,U,2.62,3.2,2.79,4,4,6,1,13,1.0,1.0,0.0,2.0,3.0,3.0,0.0,2.0,4.0,-2.0,1.0,-1.0,2.0,0.0,0.0,0.0,0.0,0.0,0.0,33.3,16.7,50.0,33.3,12.0,11.0,14.0,9.0,1530.2,1555.5
2018-02-27,2017,Girona,Celta,1,0,H,U,2.29,3.5,3.0,2,2,6,4,13,3.0,1.0,0.0,2.0,11.0,3.0,8.0,0.0,6.0,-6.0,11.0,-3.0,14.0,3.0,0.0,3.0,0.0,1.0,-1.0,50.0,33.3,38.5,53.8,16.0,8.0,11.0,9.0,1516.4,1494.5
2018-02-27,2017,Espanol,Real Madrid,1,0,H,U,6.0,4.33,1.53,7,5,3,8,14,0.0,2.0,1.0,0.0,2.0,10.0,-8.0,5.0,6.0,-1.0,-3.0,4.0,-7.0,0.0,2.0,-2.0,1.0,0.0,1.0,38.5,30.8,58.3,8.3,5.0,25.0,10.0,16.0,1494.3,1709.8
2018-02-26,2017,Levante,Betis,0,2,A,U,2.5,3.29,2.87,2,6,5,5,13,0.0,2.0,1.0,1.0,2.0,8.0,-6.0,3.0,6.0,-3.0,-1.0,2.0,-3.0,0.0,1.0,-1.0,0.0,0.0,0.0,16.7,41.7,36.4,54.5,12.0,12.0,16.0,3.0,1407.5,1474.1
2018-02-25,2017,Villarreal,Getafe,1,0,H,U,1.75,3.75,4.75,4,2,2,8,12,2.0,0.0,1.0,1.0,7.0,1.0,6.0,5.0,3.0,2.0,2.0,-2.0,4.0,1.0,0.0,1.0,0.0,1.0,-1.0,54.5,27.3,9.1,36.4,19.0,8.0,21.0,7.0,1565.4,1490.4
2018-02-25,2017,Valencia,Sociedad,2,1,H,O,1.7,4.0,4.75,4,3,4,4,13,2.0,0.0,1.0,3.0,6.0,4.0,2.0,6.0,10.0,-4.0,0.0,-6.0,6.0,1.0,0.0,1.0,1.0,2.0,-1.0,66.7,16.7,27.3,54.5,19.0,14.0,20.0,18.0,1546.7,1503.8
2018-02-25,2017,Sevilla,Ath Madrid,2,5,A,O,3.39,3.2,2.25,5,8,5,4,12,1.0,2.0,1.0,1.0,5.0,2.0,3.0,6.0,1.0,5.0,-1.0,1.0,-2.0,0.0,0.0,0.0,1.0,0.0,1.0,63.6,9.1,66.7,8.3,8.0,5.0,22.0,7.0,1557.1,1709.8
2018-02-25,2017,Ath Bilbao,Malaga,2,1,H,O,1.75,3.5,5.25,6,4,6,4,12,1.0,0.0,0.0,2.0,3.0,1.0,2.0,1.0,3.0,-2.0,2.0,-2.0,4.0,1.0,0.0,1.0,0.0,0.0,0.0,27.3,18.2,8.3,83.3,14.0,9.0,12.0,7.0,1523.6,1400.7
2018-02-24,2017,Real Madrid,Alaves,4,0,H,O,1.14,8.5,17.0,10,5,9,5,13,2.0,1.0,1.0,2.0,12.0,3.0,9.0,4.0,5.0,-1.0,8.0,-2.0,10.0,2.0,0.0,2.0,0.0,1.0,-1.0,58.3,25.0,27.3,72.7,29.0,9.0,22.0,4.0,1705.0,1507.7
2018-02-24,2017,Leganes,Las Palmas,0,0,D,U,1.8,3.5,4.75,2,1,6,5,12,1.0,0.0,2.0,2.0,4.0,0.0,4.0,6.0,9.0,-3.0,-2.0,-9.0,7.0,0.0,0.0,0.0,1.0,2.0,-1.0,45.5,36.4,8.3,75.0,9.0,4.0,8.0,5.0,1448.2,1390.3
2018-02-24,2017,Celta,Eibar,2,0,H,U,2.0,3.5,3.7,3,2,3,9,12,1.0,2.0,0.0,0.0,7.0,4.0,3.0,6.0,2.0,4.0,1.0,2.0,-1.0,0.0,0.0,0.0,0.0,0.0,0.0,36.4,27.3,36.4,45.5,17.0,13.0,19.0,20.0,1483.4,1522.1
2018-02-24,2017,Barcelona,Girona,6,1,H,O,1.14,8.0,19.0,14,4,5,3,12,2.0,0.0,0.0,1.0,5.0,1.0,4.0,1.0,2.0,-1.0,4.0,-1.0,5.0,1.0,0.0,1.0,0.0,0.0,0.0,81.8,0.0,25.0,33.3,26.0,11.0,20.0,7.0,1767.5,1520.3
2018-02-23,2017,La Coruna,Espanol,0,0,D,U,2.54,3.2,2.87,4,1,4,2,13,0.0,1.0,2.0,1.0,3.0,5.0,-2.0,5.0,5.0,0.0,-2.0,0.0,-2.0,0.0,0.0,0.0,0.0,0.0,0.0,25.0,58.3,9.1,45.5,6.0,9.0,20.0,13.0,1386.4,1497.3
2018-02-21,2017,Leganes,Real Madrid,1,3,A,O,11.0,6.0,1.25,3,7,6,5,11,2.0,2.0,1.0,0.0,4.0,11.0,-7.0,3.0,6.0,-3.0,1.0,5.0,-4.0,0.0,2.0,-2.0,0.0,0.0,0.0,50.0,30.0,54.5,9.1,10.0,25.0,7.0,15.0,1452.1,1701.1
2018-02-19,2017,Getafe,Celta,3,0,H,O,2.5,3.29,2.87,5,1,5,5,13,1.0,2.0,0.0,1.0,3.0,4.0,-1.0,2.0,3.0,-1.0,1.0,1.0,0.0,0.0,0.0,0.0,0.0,0.0,0.0,50.0,25.0,41.7,50.0,10.0,9.0,16.0,6.0,1480.0,1493.8
2018-02-18,2017,Sociedad,Levante,3,0,H,O,1.57,4.2,5.75,3,1,2,4,13,1.0,0.0,2.0,2.0,8.0,4.0,4.0,6.0,7.0,-1.0,2.0,-3.0,5.0,1.0,0.0,1.0,1.0,1.0,0.0,33.3,41.7,9.1,36.4,16.0,9.0,24.0,20.0,1496.1,1415.2
2018-02-18,2017,Espanol,Villarreal,1,1,D,U,2.5,3.25,2.89,3,3,2,5,13,0.0,2.0,1.0,1.0,2.0,3.0,-1.0,5.0,2.0,3.0,-3.0,1.0,-4.0,0.0,0.0,0.0,1.0,0.0,1.0,41.7,33.3,41.7,41.7,5.0,9.0,12.0,7.0,1495.3,1567.5
2018-02-18,2017,Betis,Real Madrid,3,5,A,O,9.0,6.0,1.3,5,9,7,5,13,2.0,1.0,1.0,0.0,5.0,8.0,-3.0,8.0,5.0,3.0,-3.0,3.0,-6.0,0.0,1.0,-1.0,1.0,0.0,1.0,50.0,33.3,50.0,10.0,15.0,24.0,7.0,17.0,1478.6,1696.7
2018-02-18,2017,Ath Madrid,Ath Bilbao,2,0,H,U,1.44,4.2,8.5,4,0,5,2,12,2.0,0.0,0.0,1.0,5.0,3.0,2.0,1.0,5.0,-4.0,4.0,-2.0,6.0,1.0,0.0,1.0,0.0,1.0,-1.0,63.6,0.0,25.0,41.7,15.0,9.0,15.0,8.0,1704.5,1528.9
2018-02-17,2017,Malaga,Valencia,1,2,A,O,3.6,3.5,2.04,3,3,7,2,12,0.0,1.0,2.0,2.0,0.0,3.0,-3.0,2.0,4.0,-2.0,-2.0,-1.0,-1.0,0.0,0.0,0.0,0.0,0.0,0.0,18.2,54.5,45.5,36.4,6.0,13.0,14.0,17.0,1407.1,1540.3
2018-02-17,2017,Las Palmas,Sevilla,1,2,A,O,3.5,3.6,2.04,3,6,7,5,12,2.0,1.0,1.0,2.0,4.0,4.0,0.0,3.0,6.0,-3.0,1.0,-2.0,3.0,0.0,1.0,-1.0,0.0,1.0,-1.0,36.4,54.5,33.3,66.7,12.0,11.0,11.0,9.0,1396.1,1551.3
2018-02-17,2017,Eibar,Barcelona,0,2,A,U,6.5,4.75,1.44,3,6,6,0,13,1.0,2.0,1.0,0.0,6.0,10.0,-4.0,3.0,3.0,0.0,3.0,7.0,-4.0,1.0,2.0,-1.0,0.0,0.0,0.0,50.0,25.0,75.0,0.0,15.0,17.0,22.0,12.0,1526.2,1763.4
2018-02-17,2017,Alaves,La Coruna,1,0,H,U,1.9,3.39,4.33,3,0,9,3,13,2.0,0.0,0.0,2.0,5.0,2.0,3.0,3.0,13.0,-10.0,2.0,-11.0,13.0,0.0,0.0,0.0,0.0,2.0,-2.0,41.7,50.0,9.1,63.6,12.0,6.0,11.0,11.0,1500.7,1393.4
2018-02-16,2017,Girona,Leganes,3,0,H,O,1.85,3.25,5.0,5,5,4,4,12,3.0,0.0,0.0,1.0,9.0,4.0,5.0,0.0,5.0,-5.0,9.0,-1.0,10.0,2.0,0.0,2.0,0.0,0.0,0.0,45.5,36.4,25.0,50.0,13.0,11.0,8.0,9.0,1511.8,1460.6
2018-02-12,2017,La Coruna,Betis,0,1,A,U,2.2,3.6,3.1,2,4,8,1,12,0.0,2.0,2.0,1.0,4.0,9.0,-5.0,7.0,6.0,1.0,-3.0,3.0,-6.0,0.0,2.0,-2.0,1.0,0.0,1.0,27.3,54.5,30.0,60.0,8.0,12.0,15.0,6.0,1401.4,1470.5
2018-02-11,2017,Valencia,Levante,3,1,H,O,1.5,4.33,6.5,8,1,7,9,12,1.0,0.0,2.0,2.0,3.0,3.0,0.0,6.0,7.0,-1.0,-3.0,-4.0,1.0,0.0,0.0,0.0,1.0,1.0,0.0,63.6,18.2,10.0,30.0,14.0,10.0,27.0,17.0,1533.4,1422.1
2018-02-11,2017,Sevilla,Girona,1,0,H,U,1.72,3.79,4.75,4,6,7,2,11,0.0,0.0,1.0,1.0,4.0,2.0,2.0,6.0,3.0,3.0,-2.0,-1.0,-1.0,0.0,0.0,0.0,1.0,0.0,1.0,60.0,10.0,27.3,27.3,10.0,10.0,23.0,12.0,1541.9,1521.2
2018-02-11,2017,Celta,Espanol,2,2,D,O,1.9,3.6,4.0,7,2,9,1,11,1.0,1.0,1.0,1.0,5.0,5.0,0.0,5.0,5.0,0.0,0.0,0.0,0.0,0.0,0.0,0.0,0.0,0.0,0.0,40.0,30.0,10.0,50.0,13.0,10.0,12.0,14.0,1493.8,1495.3
2018-02-11,2017,Barcelona,Getafe,0,0,D,U,1.12,9.0,19.0,6,1,9,3,11,3.0,0.0,0.0,2.0,9.0,1.0,8.0,1.0,4.0,-3.0,8.0,-3.0,11.0,2.0,0.0,2.0,0.0,1.0,-1.0,90.0,0.0,10.0,40.0,31.0,7.0,17.0,11.0,1770.3,1473.1
2018-02-10,2017,Villarreal,Alaves,1,2,A,O,1.66,4.0,5.0,6,4,13,2,11,2.0,0.0,0.0,3.0,7.0,1.0,6.0,4.0,5.0,-1.0,3.0,-4.0,7.0,1.0,0.0,1.0,0.0,1.0,-1.0,60.0,20.0,20.0,80.0,18.0,5.0,15.0,6.0,1580.1,1488.1
2018-02-10,2017,Real Madrid,Sociedad,5,2,H,O,1.19,7.0,13.0,9,3,5,3,12,1.0,0.0,2.0,2.0,7.0,2.0,5.0,5.0,5.0,0.0,2.0,-3.0,5.0,1.0,0.0,1.0,1.0,1.0,0.0,54.5,27.3,30.0,50.0,25.0,13.0,24.0,21.0,1691.7,1501.1
2018-02-10,2017,Malaga,Ath Madrid,0,1,A,U,7.5,3.6,1.57,3,1,3,3,11,0.0,2.0,2.0,1.0,0.0,2.0,-2.0,3.0,1.0,2.0,-3.0,1.0,-4.0,0.0,0.0,0.0,1.0,0.0,1.0,20.0,50.0,63.6,9.1,5.0,6.0,14.0,6.0,1410.2,1701.4
2018-02-10,2017,Leganes,Eibar,0,1,A,U,2.87,3.1,2.62,0,6,1,10,10,3.0,1.0,0.0,0.0,7.0,3.0,4.0,3.0,2.0,1.0,4.0,1.0,3.0,1.0,0.0,1.0,0.0,0.0,0.0,55.6,22.2,30.0,50.0,15.0,9.0,11.0,17.0,1469.2,1517.6
2018-02-09,2017,Ath Bilbao,Las Palmas,0,0,D,U,1.44,4.5,7.5,5,2,5,2,11,1.0,0.0,0.0,3.0,3.0,0.0,3.0,1.0,11.0,-10.0,2.0,-11.0,13.0,1.0,0.0,1.0,0.0,3.0,-3.0,30.0,20.0,9.1,81.8,10.0,8.0,13.0,4.0,1532.8,1392.3
2018-02-05,2017,Las Palmas,Malaga,1,0,H,U,2.25,3.39,3.2,4,3,4,2,11,1.0,0.0,1.0,2.0,5.0,1.0,4.0,5.0,3.0,2.0,0.0,-2.0,2.0,0.0,0.0,0.0,0.0,0.0,0.0,30.0,60.0,9.1,81.8,13.0,9.0,16.0,9.0,1381.1,1421.4
2018-02-04,2017,Girona,Ath Bilbao,2,0,H,U,2.39,3.29,3.0,3,0,2,4,11,2.0,1.0,1.0,0.0,9.0,5.0,4.0,3.0,3.0,0.0,6.0,2.0,4.0,1.0,1.0,0.0,0.0,0.0,0.0,40.0,40.0,27.3,36.4,13.0,16.0,12.0,13.0,1510.2,1543.7
2018-02-04,2017,Getafe,Leganes,0,0,D,U,1.9,3.2,4.5,1,1,5,2,12,2.0,0.0,0.0,1.0,5.0,4.0,1.0,2.0,5.0,-3.0,3.0,-1.0,4.0,1.0,0.0,1.0,0.0,0.0,0.0,54.5,27.3,27.3,54.5,16.0,12.0,14.0,12.0,1473.2,1469.1
2018-02-04,2017,Espanol,Barcelona,1,1,D,U,9.5,5.25,1.33,2,2,0,7,12,1.0,3.0,1.0,0.0,2.0,12.0,-10.0,4.0,2.0,2.0,-2.0,10.0,-12.0,0.0,3.0,-3.0,1.0,0.0,1.0,45.5,36.4,81.8,0.0,7.0,26.0,14.0,12.0,1488.5,1777.1
2018-02-04,2017,Ath Madrid,Valencia,1,0,H,U,1.44,4.33,7.5,4,0,9,1,11,2.0,1.0,0.0,2.0,6.0,4.0,2.0,1.0,5.0,-4.0,5.0,-1.0,6.0,2.0,0.0,2.0,0.0,0.0,0.0,60.0,0.0,50.0,30.0,16.0,16.0,11.0,22.0,1695.6,1539.2
2018-02-03,2017,Levante,Real Madrid,2,2,D,O,13.0,7.0,1.19,4,9,4,6,12,0.0,1.0,2.0,0.0,1.0,6.0,-5.0,3.0,3.0,0.0,-2.0,3.0,-5.0,0.0,1.0,-1.0,0.0,0.0,0.0,18.2,45.5,55.6,11.1,11.0,19.0,20.0,16.0,1415.4,1698.4
2018-02-03,2017,Eibar,Sevilla,5,1,H,O,2.6,3.29,2.75,7,3,5,3,12,1.0,1.0,1.0,2.0,5.0,4.0,1.0,3.0,4.0,-1.0,2.0,0.0,2.0,1.0,1.0,0.0,0.0,1.0,-1.0,45.5,27.3,36.4,63.6,14.0,12.0,20.0,11.0,1506.2,1553.3
2018-02-03,2017,Betis,Villarreal,2,1,H,O,2.79,3.39,2.5,4,3,2,6,12,1.0,3.0,2.0,0.0,3.0,3.0,0.0,9.0,0.0,9.0,-6.0,3.0,-9.0,0.0,0.0,0.0,2.0,0.0,2.0,45.5,36.4,45.5,36.4,17.0,11.0,11.0,3.0,1456.8,1593.8
2018-02-03,2017,Alaves,Celta,2,1,H,O,2.62,3.2,2.79,3,4,2,1,12,2.0,3.0,0.0,0.0,4.0,6.0,-2.0,2.0,2.0,0.0,2.0,4.0,-2.0,0.0,1.0,-1.0,0.0,0.0,0.0,36.4,54.5,45.5,45.5,14.0,8.0,13.0,6.0,1477.3,1504.5
2018-02-02,2017,Sociedad,La Coruna,5,0,H,O,1.44,4.75,6.5,8,1,9,5,12,1.0,0.0,2.0,2.0,6.0,2.0,4.0,7.0,12.0,-5.0,-1.0,-10.0,9.0,1.0,0.0,1.0,1.0,2.0,-1.0,27.3,45.5,10.0,60.0,13.0,8.0,19.0,9.0,1493.5,1409.1
2018-01-29,2017,Celta,Betis,3,2,H,O,1.75,3.75,4.75,5,3,7,2,10,1.0,2.0,1.0,1.0,3.0,7.0,-4.0,3.0,4.0,-1.0,0.0,3.0,-3.0,0.0,2.0,-2.0,0.0,0.0,0.0,33.3,33.3,33.3,55.6,15.0,11.0,8.0,8.0,1495.4,1466.0
2018-01-28,2017,Sevilla,Getafe,1,1,D,U,1.5,4.33,6.5,1,2,3,4,10,1.0,0.0,1.0,3.0,5.0,0.0,5.0,5.0,4.0,1.0,0.0,-4.0,4.0,1.0,0.0,1.0,1.0,1.0,0.0,66.7,11.1,11.1,44.4,15.0,9.0,26.0,11.0,1555.7,1470.8
2018-01-28,2017,Leganes,Espanol,3,2,H,O,2.37,2.79,3.5,6,4,1,7,9,2.0,1.0,1.0,1.0,4.0,4.0,0.0,4.0,5.0,-1.0,0.0,-1.0,1.0,1.0,0.0,1.0,1.0,1.0,0.0,50.0,25.0,11.1,44.4,16.0,9.0,16.0,9.0,1457.9,1499.7
2018-01-28,2017,Barcelona,Alaves,2,1,H,O,1.08,11.0,26.0,12,4,8,1,10,2.0,1.0,0.0,2.0,9.0,3.0,6.0,2.0,5.0,-3.0,7.0,-2.0,9.0,2.0,0.0,2.0,0.0,1.0,-1.0,88.9,0.0,22.2,77.8,26.0,5.0,13.0,10.0,1774.0,1480.4
2018-01-28,2017,Ath Madrid,Las Palmas,3,0,H,O,1.16,7.5,17.0,7,1,4,1,10,2.0,0.0,0.0,3.0,4.0,0.0,4.0,1.0,10.0,-9.0,3.0,-10.0,13.0,1.0,0.0,1.0,0.0,3.0,-3.0,55.6,0.0,10.0,80.0,13.0,8.0,11.0,6.0,1692.7,1384.0
2018-01-27,2017,Villarreal,Sociedad,4,2,H,O,2.04,3.5,3.5,7,6,2,9,10,1.0,0.0,1.0,2.0,3.0,1.0,2.0,4.0,3.0,1.0,-1.0,-2.0,1.0,0.0,0.0,0.0,1.0,0.0,1.0,55.6,22.2,33.3,44.4,16.0,9.0,15.0,18.0,1586.2,1501.1
2018-01-27,2017,Valencia,Real Madrid,1,4,A,O,5.0,4.33,1.61,4,7,4,4,11,2.0,0.0,1.0,0.0,4.0,2.0,2.0,3.0,2.0,1.0,1.0,0.0,1.0,0.0,0.0,0.0,0.0,0.0,0.0,70.0,10.0,50.0,12.5,17.0,15.0,33.0,21.0,1545.2,1692.4
2018-01-27,2017,Malaga,Girona,0,0,D,U,2.29,3.0,3.39,1,2,5,4,10,0.0,0.0,2.0,2.0,0.0,3.0,-3.0,3.0,7.0,-4.0,-3.0,-4.0,1.0,0.0,0.0,0.0,1.0,1.0,0.0,22.2,55.6,30.0,30.0,6.0,9.0,16.0,10.0,1418.7,1512.9
2018-01-27,2017,La Coruna,Levante,2,2,D,O,2.0,3.5,3.79,2,4,4,7,11,1.0,0.0,2.0,2.0,3.0,1.0,2.0,5.0,5.0,0.0,-2.0,-4.0,2.0,0.0,0.0,0.0,1.0,1.0,0.0,30.0,60.0,11.1,33.3,10.0,8.0,17.0,15.0,1408.9,1415.6
2018-01-26,2017,Ath Bilbao,Eibar,1,1,D,U,1.9,3.39,4.33,1,2,3,7,10,1.0,2.0,0.0,0.0,2.0,4.0,-2.0,0.0,2.0,-2.0,2.0,2.0,0.0,1.0,0.0,1.0,0.0,0.0,0.0,33.3,22.2,33.3,55.6,13.0,13.0,13.0,15.0,1544.9,1505.1
2018-01-22,2017,Eibar,Malaga,1,1,D,U,1.66,3.5,6.0,4,4,8,3,11,2.0,1.0,1.0,2.0,6.0,2.0,4.0,3.0,2.0,1.0,3.0,0.0,3.0,1.0,1.0,0.0,0.0,0.0,0.0,50.0,30.0,10.0,90.0,13.0,10.0,17.0,6.0,1507.7,1416.2
2018-01-21,2017,Sociedad,Celta,1,2,A,O,1.85,3.89,4.0,2,3,8,3,11,1.0,2.0,2.0,1.0,5.0,5.0,0.0,7.0,3.0,4.0,-2.0,2.0,-4.0,1.0,1.0,0.0,2.0,0.0,2.0,30.0,40.0,40.0,50.0,13.0,10.0,16.0,5.0,1511.8,1484.6
2018-01-21,2017,Real Madrid,La Coruna,7,1,H,O,1.14,9.0,15.0,13,2,6,1,11,1.0,0.0,2.0,2.0,5.0,1.0,4.0,4.0,7.0,-3.0,1.0,-6.0,7.0,1.0,0.0,1.0,1.0,2.0,-1.0,50.0,30.0,11.1,55.6,20.0,9.0,27.0,15.0,1689.0,1412.2
2018-01-21,2017,Betis,Barcelona,0,5,A,O,10.0,6.0,1.28,2,10,4,2,11,1.0,3.0,2.0,0.0,3.0,9.0,-6.0,5.0,2.0,3.0,-2.0,7.0,-9.0,0.0,3.0,-3.0,1.0,0.0,1.0,50.0,30.0,80.0,0.0,19.0,22.0,10.0,14.0,1468.9,1771.0
2018-01-21,2017,Alaves,Leganes,2,2,D,O,2.14,3.1,3.75,6,4,4,6,11,3.0,0.0,0.0,2.0,4.0,2.0,2.0,0.0,4.0,-4.0,4.0,-2.0,6.0,1.0,0.0,1.0,0.0,0.0,0.0,40.0,60.0,30.0,60.0,17.0,8.0,17.0,7.0,1481.1,1457.2
2018-01-20,2017,Villarreal,Levante,2,1,H,O,1.44,4.5,7.5,6,4,6,4,9,0.0,0.0,2.0,1.0,3.0,0.0,3.0,6.0,3.0,3.0,-3.0,-3.0,0.0,0.0,0.0,0.0,1.0,1.0,0.0,50.0,25.0,12.5,25.0,14.0,7.0,15.0,13.0,1580.5,1421.3
2018-01-20,2017,Las Palmas,Valencia,2,1,H,O,4.5,4.0,1.72,6,8,3,6,10,1.0,1.0,1.0,2.0,4.0,3.0,1.0,4.0,4.0,0.0,0.0,-1.0,1.0,0.0,0.0,0.0,0.0,0.0,0.0,22.2,66.7,55.6,22.2,14.0,14.0,19.0,28.0,1369.0,1560.2
2018-01-20,2017,Espanol,Sevilla,0,3,A,O,2.75,3.2,2.7,0,7,8,2,11,1.0,0.0,1.0,3.0,2.0,1.0,1.0,2.0,9.0,-7.0,0.0,-8.0,8.0,0.0,0.0,0.0,0.0,2.0,-2.0,50.0,30.0,30.0,70.0,10.0,8.0,14.0,12.0,1508.6,1546.8
2018-01-20,2017,Ath Madrid,Girona,1,1,D,U,1.36,4.75,9.5,4,3,2,1,9,3.0,1.0,0.0,2.0,5.0,3.0,2.0,1.0,6.0,-5.0,4.0,-3.0,7.0,1.0,0.0,1.0,0.0,1.0,-1.0,62.5,0.0,33.3,33.3,19.0,11.0,14.0,15.0,1697.7,1507.9
2018-01-19,2017,Getafe,Ath Bilbao,2,2,D,O,2.7,3.1,2.79,6,6,6,2,11,2.0,2.0,0.0,0.0,3.0,5.0,-2.0,0.0,2.0,-2.0,3.0,3.0,0.0,1.0,1.0,0.0,0.0,0.0,0.0,60.0,30.0,30.0,40.0,13.0,13.0,17.0,17.0,1468.6,1547.1
2018-01-15,2017,Betis,Leganes,3,2,H,O,2.25,3.1,3.5,9,6,1,1,10,0.0,0.0,2.0,2.0,2.0,0.0,2.0,5.0,2.0,3.0,-3.0,-2.0,-1.0,0.0,0.0,0.0,1.0,0.0,1.0,44.4,33.3,33.3,55.6,16.0,4.0,12.0,10.0,1458.7,1467.5
2018-01-14,2017,Sociedad,Barcelona,2,4,A,O,6.5,5.0,1.44,6,5,7,3,10,1.0,2.0,1.0,0.0,5.0,6.0,-1.0,5.0,1.0,4.0,0.0,5.0,-5.0,1.0,2.0,-1.0,1.0,0.0,1.0,33.3,33.3,77.8,0.0,10.0,25.0,20.0,20.0,1515.7,1767.2
2018-01-14,2017,Levante,Celta,0,1,A,U,3.0,3.25,2.45,5,2,6,2,11,0.0,1.0,2.0,1.0,1.0,6.0,-5.0,7.0,5.0,2.0,-6.0,1.0,-7.0,0.0,1.0,-1.0,1.0,0.0,1.0,20.0,40.0,33.3,55.6,8.0,13.0,16.0,4.0,1430.0,1475.9
2018-01-14,2017,Espanol,Ath Bilbao,1,1,D,U,2.54,3.0,3.0,3,3,4,2,10,2.0,2.0,1.0,0.0,2.0,6.0,-4.0,1.0,3.0,-2.0,1.0,3.0,-2.0,0.0,1.0,-1.0,0.0,0.0,0.0,55.6,33.3,33.3,44.4,12.0,13.0,16.0,17.0,1507.5,1548.2
2018-01-14,2017,Alaves,Sevilla,1,0,H,U,3.25,3.25,2.29,3,1,5,4,10,2.0,1.0,1.0,2.0,4.0,4.0,0.0,2.0,10.0,-8.0,2.0,-6.0,8.0,1.0,0.0,1.0,0.0,2.0,-2.0,33.3,66.7,33.3,66.7,16.0,11.0,14.0,14.0,1468.6,1559.3
2018-01-13,2017,Real Madrid,Villarreal,0,1,A,U,1.25,6.5,10.0,7,4,11,0,10,2.0,2.0,1.0,1.0,8.0,3.0,5.0,5.0,3.0,2.0,3.0,0.0,3.0,1.0,0.0,1.0,1.0,1.0,0.0,55.6,22.2,40.0,40.0,22.0,11.0,22.0,9.0,1702.7,1566.8
2018-01-13,2017,La Coruna,Valencia,1,2,A,O,3.0,3.39,2.37,2,5,8,10,10,1.0,1.0,1.0,2.0,4.0,3.0,1.0,5.0,3.0,2.0,-1.0,0.0,-1.0,0.0,1.0,-1.0,1.0,0.0,1.0,33.3,55.6,50.0,25.0,12.0,12.0,14.0,22.0,1418.5,1553.9
2018-01-13,2017,Girona,Las Palmas,6,0,H,O,1.72,3.79,4.75,8,1,5,2,10,1.0,0.0,1.0,2.0,4.0,2.0,2.0,4.0,6.0,-2.0,0.0,-4.0,4.0,0.0,0.0,0.0,0.0,2.0,-2.0,33.3,44.4,11.1,77.8,9.0,14.0,10.0,7.0,1501.4,1375.5
2018-01-13,2017,Eibar,Ath Madrid,0,1,A,U,4.0,3.2,2.04,4,3,9,1,10,3.0,2.0,0.0,1.0,9.0,6.0,3.0,3.0,1.0,2.0,6.0,5.0,1.0,2.0,1.0,1.0,0.0,0.0,0.0,55.6,22.2,60.0,10.0,14.0,14.0,11.0,8.0,1512.9,1692.4
2018-01-12,2017,Getafe,Malaga,1,0,H,U,1.8,3.39,5.0,3,2,5,2,10,2.0,1.0,0.0,2.0,3.0,4.0,-1.0,0.0,4.0,-4.0,3.0,0.0,3.0,1.0,1.0,0.0,0.0,0.0,0.0,55.6,33.3,11.1,88.9,13.0,11.0,17.0,4.0,1459.5,1425.2
2018-01-08,2017,Malaga,Espanol,0,1,A,U,2.54,3.0,3.1,2,3,6,5,9,1.0,0.0,1.0,2.0,3.0,3.0,0.0,4.0,6.0,-2.0,-1.0,-3.0,2.0,0.0,0.0,0.0,1.0,1.0,0.0,25.0,50.0,0.0,50.0,9.0,9.0,15.0,12.0,1433.3,1499.3
2018-01-07,2017,Villarreal,La Coruna,1,1,D,U,1.57,4.0,6.0,5,3,7,5,8,1.0,0.0,2.0,3.0,4.0,2.0,2.0,5.0,9.0,-4.0,-1.0,-7.0,6.0,1.0,0.0,1.0,1.0,2.0,-1.0,57.1,28.6,12.5,62.5,12.0,10.0,14.0,14.0,1571.0,1414.3
2018-01-07,2017,Leganes,Sociedad,1,0,H,U,2.89,3.25,2.5,4,5,5,6,8,2.0,0.0,1.0,1.0,4.0,2.0,2.0,4.0,3.0,1.0,0.0,-1.0,1.0,1.0,0.0,1.0,1.0,0.0,1.0,42.9,28.6,37.5,37.5,16.0,9.0,15.0,18.0,1455.4,1527.7
2018-01-07,2017,Celta,Real Madrid,2,2,D,O,6.5,4.33,1.5,5,8,3,7,9,2.0,0.0,1.0,1.0,4.0,1.0,3.0,2.0,2.0,0.0,2.0,-1.0,3.0,1.0,0.0,1.0,0.0,0.0,0.0,37.5,37.5,57.1,14.3,15.0,13.0,8.0,21.0,1470.0,1708.7
2018-01-07,2017,Barcelona,Levante,3,0,H,O,1.05,15.0,34.0,8,2,3,6,9,2.0,1.0,0.0,0.0,8.0,2.0,6.0,3.0,0.0,3.0,5.0,2.0,3.0,1.0,1.0,0.0,0.0,0.0,0.0,87.5,0.0,14.3,14.3,24.0,11.0,13.0,12.0,1764.7,1432.6
2018-01-07,2017,Ath Bilbao,Alaves,2,0,H,U,1.66,3.5,6.0,8,1,4,1,9,0.0,1.0,0.0,2.0,1.0,4.0,-3.0,1.0,7.0,-6.0,0.0,-3.0,3.0,0.0,0.0,0.0,0.0,1.0,-1.0,25.0,25.0,25.0,75.0,8.0,9.0,18.0,14.0,1540.1,1476.8
2018-01-06,2017,Valencia,Girona,2,1,H,O,1.61,4.0,5.5,7,5,9,7,10,1.0,1.0,1.0,1.0,3.0,4.0,-1.0,3.0,6.0,-3.0,0.0,-2.0,2.0,0.0,0.0,0.0,0.0,1.0,-1.0,66.7,11.1,37.5,25.0,11.0,13.0,27.0,13.0,1544.9,1510.4
2018-01-06,2017,Sevilla,Betis,3,5,A,O,1.5,4.33,6.5,3,5,12,0,9,2.0,1.0,0.0,2.0,4.0,2.0,2.0,1.0,6.0,-5.0,3.0,-4.0,7.0,1.0,1.0,0.0,0.0,1.0,-1.0,75.0,0.0,25.0,62.5,17.0,6.0,15.0,10.0,1572.8,1445.2
2018-01-06,2017,Las Palmas,Eibar,1,2,A,O,2.54,3.39,2.75,2,5,4,3,9,1.0,1.0,1.0,1.0,3.0,3.0,0.0,4.0,4.0,0.0,-1.0,-1.0,0.0,0.0,0.0,0.0,1.0,1.0,0.0,25.0,62.5,25.0,62.5,17.0,13.0,18.0,18.0,1382.1,1506.3
2018-01-06,2017,Ath Madrid,Getafe,2,0,H,U,1.39,4.2,10.0,5,5,5,0,8,2.0,0.0,0.0,2.0,3.0,2.0,1.0,1.0,4.0,-3.0,2.0,-2.0,4.0,0.0,0.0,0.0,0.0,0.0,0.0,57.1,0.0,12.5,37.5,15.0,6.0,16.0,17.0,1688.1,1463.9
2017-12-23,2017,Valencia,Villarreal,0,1,A,U,2.04,3.6,3.29,3,2,14,1,9,2.0,1.0,0.0,1.0,6.0,3.0,3.0,2.0,4.0,-2.0,4.0,-1.0,5.0,1.0,0.0,1.0,0.0,1.0,-1.0,75.0,0.0,33.3,44.4,15.0,13.0,17.0,15.0,1554.7,1561.2
2017-12-23,2017,Real Madrid,Barcelona,0,3,A,O,2.1,3.75,3.1,5,11,7,7,9,3.0,2.0,0.0,0.0,11.0,6.0,5.0,2.0,1.0,1.0,9.0,5.0,4.0,2.0,2.0,0.0,0.0,0.0,0.0,62.5,12.5,75.0,0.0,26.0,21.0,24.0,16.0,1717.6,1755.8
2017-12-23,2017,La Coruna,Celta,1,3,A,O,2.54,3.29,2.7,4,3,3,1,9,1.0,0.0,1.0,2.0,3.0,4.0,-1.0,3.0,6.0,-3.0,0.0,-2.0,2.0,0.0,0.0,0.0,0.0,0.0,0.0,37.5,50.0,25.0,62.5,9.0,15.0,15.0,5.0,1423.2,1461.0
2017-12-22,2017,Espanol,Ath Madrid,1,0,H,U,5.0,3.5,1.72,4,1,2,3,9,1.0,3.0,2.0,0.0,1.0,7.0,-6.0,3.0,0.0,3.0,-2.0,7.0,-9.0,0.0,1.0,-1.0,1.0,0.0,1.0,50.0,37.5,66.7,0.0,12.0,16.0,17.0,9.0,1483.7,1703.7
2017-12-22,2017,Betis,Ath Bilbao,0,2,A,U,2.7,3.25,2.62,6,7,6,9,9,0.0,1.0,1.0,1.0,4.0,5.0,-1.0,5.0,6.0,-1.0,-1.0,-1.0,0.0,0.0,0.0,0.0,0.0,1.0,-1.0,50.0,25.0,25.0,50.0,14.0,11.0,10.0,14.0,1452.9,1532.3
2017-12-21,2017,Eibar,Girona,4,1,H,O,2.0,3.39,3.75,6,1,3,2,9,3.0,2.0,0.0,0.0,10.0,5.0,5.0,2.0,3.0,-1.0,8.0,2.0,6.0,2.0,0.0,2.0,0.0,0.0,0.0,50.0,25.0,42.9,14.3,15.0,17.0,13.0,13.0,1495.6,1521.1
2017-12-21,2017,Alaves,Malaga,1,0,H,U,2.14,3.2,3.5,5,3,4,4,9,2.0,1.0,1.0,2.0,4.0,4.0,0.0,2.0,5.0,-3.0,2.0,-1.0,3.0,1.0,1.0,0.0,0.0,1.0,-1.0,25.0,75.0,12.5,87.5,17.0,10.0,13.0,4.0,1467.5,1442.6
2017-12-20,2017,Sociedad,Sevilla,3,1,H,O,2.25,3.5,3.0,5,4,4,5,9,1.0,1.0,1.0,2.0,5.0,4.0,1.0,5.0,9.0,-4.0,0.0,-5.0,5.0,1.0,0.0,1.0,1.0,1.0,0.0,25.0,37.5,37.5,62.5,11.0,10.0,19.0,12.0,1515.7,1584.8
2017-12-20,2017,Getafe,Las Palmas,2,0,H,U,1.75,3.6,5.0,7,6,3,1,9,2.0,0.0,0.0,2.0,5.0,2.0,3.0,1.0,7.0,-6.0,4.0,-5.0,9.0,1.0,0.0,1.0,0.0,2.0,-2.0,50.0,37.5,12.5,75.0,14.0,9.0,18.0,8.0,1455.7,1390.2
2017-12-19,2017,Levante,Leganes,0,0,D,U,2.7,3.0,2.89,3,2,6,5,10,0.0,0.0,3.0,3.0,2.0,0.0,2.0,9.0,5.0,4.0,-7.0,-5.0,-2.0,0.0,0.0,0.0,1.0,1.0,0.0,22.2,44.4,37.5,62.5,9.0,8.0,17.0,12.0,1431.9,1456.1
2017-12-18,2017,Malaga,Betis,0,2,A,U,2.0,3.39,3.79,2,4,3,4,8,2.0,0.0,0.0,3.0,5.0,0.0,5.0,3.0,7.0,-4.0,2.0,-7.0,9.0,0.0,0.0,0.0,0.0,1.0,-1.0,28.6,42.9,14.3,71.4,11.0,6.0,16.0,9.0,1452.9,1442.6
2017-12-17,2017,Las Palmas,Espanol,2,2,D,O,2.5,3.29,2.87,5,3,9,2,8,1.0,0.0,2.0,2.0,2.0,2.0,0.0,5.0,5.0,0.0,-3.0,-3.0,0.0,0.0,0.0,0.0,2.0,1.0,1.0,28.6,71.4,0.0,57.1,17.0,7.0,17.0,11.0,1387.5,1486.5
2017-12-17,2017,Girona,Getafe,1,0,H,U,2.2,3.25,3.5,2,0,1,7,9,1.0,0.0,1.0,1.0,5.0,3.0,2.0,5.0,4.0,1.0,0.0,-1.0,1.0,0.0,0.0,0.0,0.0,0.0,0.0,25.0,50.0,14.3,28.6,11.0,11.0,11.0,12.0,1512.5,1464.3
2017-12-17,2017,Celta,Villarreal,0,1,A,U,2.29,3.39,3.1,3,5,2,2,8,2.0,0.0,1.0,1.0,4.0,3.0,1.0,2.0,5.0,-3.0,2.0,-2.0,4.0,1.0,0.0,1.0,0.0,1.0,-1.0,42.9,28.6,25.0,50.0,20.0,12.0,10.0,19.0,1468.6,1553.6
2017-12-17,2017,Barcelona,La Coruna,4,0,H,O,1.08,13.0,23.0,11,3,6,3,8,2.0,1.0,0.0,2.0,6.0,5.0,1.0,3.0,6.0,-3.0,3.0,-1.0,4.0,1.0,1.0,0.0,0.0,1.0,-1.0,85.7,0.0,14.3,57.1,17.0,12.0,11.0,16.0,1753.1,1425.9
2017-12-16,2017,Eibar,Valencia,2,1,H,O,2.75,3.29,2.6,3,3,5,6,8,2.0,2.0,0.0,1.0,10.0,4.0,6.0,3.0,2.0,1.0,7.0,2.0,5.0,2.0,1.0,1.0,0.0,0.0,0.0,42.9,28.6,57.1,14.3,18.0,11.0,14.0,20.0,1483.2,1567.1
2017-12-16,2017,Ath Madrid,Alaves,1,0,H,U,1.19,6.5,15.0,4,0,4,4,7,1.0,1.0,0.0,2.0,3.0,4.0,-1.0,2.0,8.0,-6.0,1.0,-4.0,5.0,0.0,0.0,0.0,0.0,2.0,-2.0,50.0,0.0,28.6,71.4,17.0,12.0,23.0,15.0,1699.4,1471.7
2017-12-16,2017,Ath Bilbao,Sociedad,0,0,D,U,2.14,3.39,3.39,1,2,6,6,8,0.0,0.0,1.0,2.0,1.0,3.0,-2.0,3.0,5.0,-2.0,-2.0,-2.0,0.0,0.0,0.0,0.0,1.0,0.0,1.0,28.6,28.6,42.9,42.9,12.0,11.0,18.0,19.0,1532.8,1515.2
2017-12-15,2017,Sevilla,Levante,0,0,D,U,1.28,5.75,9.5,6,2,8,5,8,3.0,1.0,0.0,0.0,6.0,4.0,2.0,2.0,2.0,0.0,4.0,2.0,2.0,1.0,1.0,0.0,0.0,0.0,0.0,85.7,0.0,16.7,16.7,16.0,11.0,12.0,9.0,1589.1,1427.6
2017-12-11,2017,Espanol,Girona,0,1,A,U,2.04,3.5,3.6,3,5,8,6,8,2.0,2.0,1.0,0.0,2.0,6.0,-4.0,2.0,4.0,-2.0,0.0,2.0,-2.0,0.0,0.0,0.0,1.0,0.0,1.0,57.1,28.6,33.3,16.7,13.0,18.0,14.0,14.0,1496.3,1502.7
2017-12-10,2017,Villarreal,Barcelona,0,2,A,U,6.0,4.33,1.53,5,6,2,4,7,2.0,2.0,1.0,0.0,8.0,6.0,2.0,3.0,1.0,2.0,5.0,5.0,0.0,2.0,2.0,0.0,0.0,0.0,0.0,66.7,16.7,71.4,0.0,16.0,20.0,21.0,16.0,1558.6,1748.1
2017-12-10,2017,Sociedad,Malaga,0,2,A,U,1.53,4.33,6.0,2,5,5,0,8,1.0,0.0,0.0,3.0,6.0,2.0,4.0,4.0,7.0,-3.0,2.0,-5.0,7.0,1.0,0.0,1.0,0.0,2.0,-2.0,28.6,28.6,0.0,100.0,14.0,10.0,24.0,7.0,1527.7,1440.4
2017-12-10,2017,Levante,Ath Bilbao,1,2,A,O,3.25,3.39,2.25,3,3,8,6,9,0.0,0.0,2.0,2.0,2.0,3.0,-1.0,8.0,6.0,2.0,-6.0,-3.0,-3.0,0.0,0.0,0.0,1.0,1.0,0.0,25.0,37.5,14.3,57.1,7.0,9.0,12.0,11.0,1435.0,1525.3
2017-12-10,2017,Betis,Ath Madrid,0,1,A,U,4.75,3.79,1.72,4,2,3,2,8,1.0,3.0,0.0,0.0,6.0,7.0,-1.0,4.0,0.0,4.0,2.0,7.0,-5.0,1.0,1.0,0.0,0.0,0.0,0.0,57.1,14.3,62.5,0.0,15.0,16.0,13.0,11.0,1446.5,1695.6
2017-12-09,2017,Valencia,Celta,2,1,H,O,1.66,4.0,5.0,7,5,10,2,8,2.0,0.0,0.0,2.0,8.0,4.0,4.0,1.0,6.0,-5.0,7.0,-2.0,9.0,2.0,0.0,2.0,0.0,0.0,0.0,71.4,0.0,28.6,57.1,16.0,12.0,14.0,4.0,1559.5,1476.3
2017-12-09,2017,Real Madrid,Sevilla,5,0,H,O,1.33,5.5,8.5,8,3,9,3,8,3.0,1.0,0.0,2.0,9.0,4.0,5.0,2.0,8.0,-6.0,7.0,-4.0,11.0,2.0,0.0,2.0,0.0,1.0,-1.0,57.1,14.3,42.9,57.1,25.0,12.0,20.0,19.0,1710.8,1596.0
2017-12-09,2017,La Coruna,Leganes,1,0,H,U,2.37,3.2,3.2,4,0,6,1,8,0.0,0.0,2.0,3.0,3.0,1.0,2.0,5.0,6.0,-1.0,-2.0,-5.0,3.0,0.0,0.0,0.0,0.0,1.0,-1.0,28.6,57.1,42.9,57.1,11.0,9.0,18.0,17.0,1414.3,1467.6
2017-12-09,2017,Getafe,Eibar,0,0,D,U,2.04,3.39,3.75,3,2,9,7,8,3.0,1.0,0.0,2.0,7.0,3.0,4.0,2.0,7.0,-5.0,5.0,-4.0,9.0,1.0,0.0,1.0,0.0,2.0,-2.0,57.1,42.9,28.6,71.4,16.0,13.0,17.0,13.0,1463.8,1483.8
2017-12-08,2017,Alaves,Las Palmas,2,0,H,U,2.29,3.25,3.25,9,1,8,3,8,1.0,0.0,2.0,2.0,3.0,2.0,1.0,4.0,9.0,-5.0,-1.0,-7.0,6.0,0.0,0.0,0.0,0.0,2.0,-2.0,14.3,85.7,14.3,71.4,14.0,13.0,11.0,11.0,1463.7,1395.5
2017-12-04,2017,Girona,Alaves,2,3,A,O,1.6,3.79,6.0,3,4,6,5,8,1.0,1.0,1.0,2.0,4.0,3.0,1.0,4.0,6.0,-2.0,0.0,-3.0,3.0,0.0,1.0,-1.0,0.0,2.0,-2.0,28.6,42.9,16.7,83.3,11.0,11.0,13.0,14.0,1514.4,1451.9
2017-12-03,2017,Leganes,Villarreal,3,1,H,O,2.79,3.25,2.62,5,4,5,6,7,1.0,1.0,1.0,0.0,1.0,4.0,-3.0,3.0,3.0,0.0,-2.0,1.0,-3.0,0.0,0.0,0.0,1.0,0.0,1.0,33.3,33.3,28.6,42.9,14.0,10.0,12.0,14.0,1454.4,1571.9
2017-12-03,2017,Las Palmas,Betis,1,0,H,U,2.2,3.5,3.1,7,2,6,4,7,0.0,0.0,3.0,2.0,3.0,4.0,-1.0,10.0,10.0,0.0,-7.0,-6.0,-1.0,0.0,0.0,0.0,3.0,1.0,2.0,16.7,83.3,16.7,66.7,21.0,10.0,25.0,10.0,1383.4,1458.6
2017-12-03,2017,Getafe,Valencia,1,0,H,U,3.0,3.39,2.29,3,6,5,12,7,2.0,3.0,1.0,0.0,7.0,10.0,-3.0,4.0,4.0,0.0,3.0,6.0,-3.0,1.0,2.0,-1.0,0.0,0.0,0.0,50.0,50.0,66.7,0.0,16.0,14.0,16.0,13.0,1450.4,1572.8
2017-12-03,2017,Eibar,Espanol,3,1,H,O,2.37,3.1,3.29,5,3,3,2,7,1.0,0.0,0.0,2.0,7.0,1.0,6.0,2.0,4.0,-2.0,5.0,-3.0,8.0,1.0,0.0,1.0,0.0,1.0,-1.0,33.3,33.3,0.0,50.0,19.0,7.0,21.0,12.0,1472.8,1507.3
2017-12-02,2017,Sevilla,La Coruna,2,0,H,U,1.44,4.5,7.5,6,3,6,7,7,3.0,1.0,0.0,1.0,6.0,5.0,1.0,2.0,4.0,-2.0,4.0,1.0,3.0,1.0,1.0,0.0,0.0,0.0,0.0,83.3,0.0,16.7,50.0,15.0,12.0,10.0,10.0,1590.5,1419.8
2017-12-02,2017,Barcelona,Celta,2,2,D,O,1.12,10.0,17.0,7,5,4,1,7,3.0,1.0,0.0,2.0,7.0,7.0,0.0,1.0,6.0,-5.0,6.0,1.0,5.0,2.0,1.0,1.0,0.0,0.0,0.0,100.0,0.0,33.3,66.7,20.0,14.0,15.0,6.0,1754.8,1469.5
2017-12-02,2017,Ath Madrid,Sociedad,2,1,H,O,1.5,3.89,7.5,10,2,5,6,6,0.0,1.0,0.0,1.0,2.0,4.0,-2.0,2.0,3.0,-1.0,0.0,1.0,-1.0,0.0,1.0,-1.0,0.0,0.0,0.0,40.0,0.0,50.0,33.3,11.0,15.0,20.0,22.0,1689.8,1533.5
2017-12-02,2017,Ath Bilbao,Real Madrid,0,0,D,U,7.5,4.5,1.44,4,4,3,5,7,1.0,1.0,1.0,1.0,2.0,3.0,-1.0,3.0,3.0,0.0,-1.0,0.0,-1.0,0.0,0.0,0.0,1.0,0.0,1.0,33.3,33.3,66.7,16.7,10.0,15.0,21.0,23.0,1520.2,1715.9
2017-12-01,2017,Malaga,Levante,0,0,D,U,1.72,3.79,4.75,2,3,7,2,7,2.0,1.0,1.0,0.0,5.0,4.0,1.0,5.0,2.0,3.0,0.0,2.0,-2.0,0.0,1.0,-1.0,1.0,0.0,1.0,33.3,50.0,20.0,20.0,14.0,11.0,13.0,11.0,1440.6,1434.8
2017-11-27,2017,Espanol,Getafe,1,0,H,U,2.0,3.39,3.79,5,4,6,4,7,1.0,0.0,1.0,1.0,1.0,4.0,-3.0,2.0,5.0,-3.0,-1.0,-1.0,0.0,0.0,0.0,0.0,1.0,0.0,1.0,50.0,33.3,16.7,16.7,14.0,10.0,17.0,13.0,1498.5,1459.3
2017-11-26,2017,Villarreal,Sevilla,2,3,A,O,2.37,3.39,3.0,4,4,6,6,6,3.0,0.0,0.0,3.0,9.0,1.0,8.0,0.0,7.0,-7.0,9.0,-6.0,15.0,3.0,0.0,3.0,0.0,1.0,-1.0,80.0,0.0,33.3,66.7,18.0,14.0,21.0,19.0,1581.9,1580.5
2017-11-26,2017,Valencia,Barcelona,1,1,D,U,4.0,3.89,1.85,1,8,3,9,7,3.0,2.0,0.0,0.0,10.0,6.0,4.0,2.0,1.0,1.0,8.0,5.0,3.0,2.0,2.0,0.0,0.0,0.0,0.0,83.3,0.0,83.3,0.0,21.0,19.0,13.0,8.0,1567.8,1759.9
2017-11-26,2017,Sociedad,Las Palmas,2,2,D,O,1.44,4.75,7.0,3,7,11,3,7,1.0,0.0,0.0,3.0,8.0,0.0,8.0,6.0,10.0,-4.0,2.0,-10.0,12.0,1.0,0.0,1.0,0.0,3.0,-3.0,33.3,33.3,16.7,83.3,17.0,7.0,25.0,11.0,1537.8,1379.1
2017-11-26,2017,La Coruna,Ath Bilbao,2,2,D,O,2.75,3.29,2.6,4,3,5,2,7,1.0,0.0,2.0,3.0,3.0,3.0,0.0,4.0,7.0,-3.0,-1.0,-4.0,3.0,0.0,0.0,0.0,0.0,1.0,-1.0,33.3,66.7,16.7,66.7,16.0,12.0,21.0,17.0,1416.8,1523.2
2017-11-25,2017,Real Madrid,Malaga,3,2,H,O,1.08,13.0,21.0,9,3,6,0,7,3.0,0.0,0.0,3.0,8.0,0.0,8.0,0.0,6.0,-6.0,8.0,-6.0,14.0,3.0,0.0,3.0,0.0,3.0,-3.0,50.0,16.7,0.0,100.0,24.0,11.0,24.0,13.0,1712.4,1444.1
2017-11-25,2017,Levante,Ath Madrid,0,5,A,O,7.5,3.75,1.53,2,11,2,3,8,0.0,2.0,2.0,0.0,2.0,2.0,0.0,5.0,0.0,5.0,-3.0,2.0,-5.0,0.0,0.0,0.0,1.0,0.0,1.0,28.6,28.6,57.1,0.0,5.0,7.0,18.0,14.0,1438.7,1685.9
2017-11-25,2017,Betis,Girona,2,2,D,O,2.0,3.6,3.75,6,7,3,5,7,1.0,2.0,1.0,0.0,7.0,7.0,0.0,8.0,5.0,3.0,-1.0,2.0,-3.0,1.0,0.0,1.0,1.0,0.0,1.0,66.7,16.7,40.0,20.0,15.0,17.0,17.0,15.0,1456.9,1516.1
2017-11-25,2017,Alaves,Eibar,1,2,A,O,2.5,3.1,3.1,2,6,2,5,7,1.0,0.0,2.0,3.0,2.0,1.0,1.0,4.0,9.0,-5.0,-2.0,-8.0,6.0,0.0,0.0,0.0,1.0,3.0,-2.0,16.7,83.3,16.7,83.3,12.0,8.0,13.0,11.0,1461.9,1462.9
2017-11-24,2017,Celta,Leganes,1,0,H,U,1.95,3.25,4.33,7,2,3,4,7,1.0,1.0,1.0,2.0,6.0,3.0,3.0,5.0,5.0,0.0,1.0,-2.0,3.0,1.0,1.0,0.0,0.0,1.0,-1.0,33.3,33.3,50.0,50.0,22.0,16.0,12.0,15.0,1459.4,1464.5
2017-11-20,2017,Eibar,Betis,5,0,H,O,2.39,3.29,3.0,7,0,5,2,6,0.0,1.0,1.0,1.0,2.0,5.0,-3.0,6.0,5.0,1.0,-4.0,0.0,-4.0,0.0,0.0,0.0,1.0,0.0,1.0,20.0,40.0,20.0,60.0,12.0,14.0,20.0,11.0,1452.4,1467.4
2017-11-19,2017,Malaga,La Coruna,3,2,H,O,2.37,3.29,3.1,5,4,5,4,6,1.0,1.0,1.0,1.0,5.0,4.0,1.0,6.0,5.0,1.0,-1.0,-1.0,0.0,0.0,1.0,-1.0,1.0,1.0,0.0,20.0,60.0,20.0,40.0,16.0,14.0,13.0,12.0,1434.3,1426.6
2017-11-19,2017,Las Palmas,Levante,0,2,A,U,1.95,3.5,4.0,5,6,3,5,6,0.0,0.0,3.0,1.0,3.0,2.0,1.0,10.0,6.0,4.0,-7.0,-4.0,-3.0,0.0,0.0,0.0,3.0,1.0,2.0,20.0,80.0,0.0,25.0,19.0,6.0,25.0,9.0,1387.9,1429.9
2017-11-19,2017,Espanol,Valencia,0,2,A,U,3.2,3.29,2.29,4,3,3,4,6,2.0,3.0,0.0,0.0,5.0,11.0,-6.0,1.0,6.0,-5.0,4.0,5.0,-1.0,1.0,1.0,0.0,0.0,0.0,0.0,60.0,20.0,60.0,0.0,15.0,15.0,18.0,15.0,1507.0,1559.3
2017-11-19,2017,Ath Bilbao,Villarreal,1,1,D,U,2.25,3.29,3.29,3,4,9,7,6,1.0,1.0,2.0,1.0,2.0,3.0,-1.0,4.0,6.0,-2.0,-2.0,-3.0,1.0,0.0,0.0,0.0,1.0,1.0,0.0,40.0,40.0,33.3,50.0,14.0,7.0,18.0,11.0,1521.4,1583.7
2017-11-18,2017,Sevilla,Celta,2,1,H,O,1.72,3.79,4.75,5,5,1,2,6,3.0,2.0,0.0,1.0,5.0,10.0,-5.0,1.0,4.0,-3.0,4.0,6.0,-2.0,1.0,2.0,-1.0,0.0,0.0,0.0,80.0,0.0,40.0,60.0,19.0,15.0,21.0,8.0,1573.5,1466.4
2017-11-18,2017,Leganes,Barcelona,0,3,A,O,9.5,5.25,1.33,7,7,6,3,6,1.0,2.0,0.0,0.0,1.0,6.0,-5.0,0.0,1.0,-1.0,1.0,5.0,-4.0,0.0,2.0,-2.0,0.0,0.0,0.0,40.0,20.0,80.0,0.0,8.0,17.0,12.0,8.0,1467.7,1756.7
2017-11-18,2017,Getafe,Alaves,4,1,H,O,1.8,3.5,4.75,8,5,4,5,6,2.0,1.0,1.0,2.0,7.0,2.0,5.0,3.0,3.0,0.0,4.0,-1.0,5.0,1.0,1.0,0.0,0.0,1.0,-1.0,40.0,60.0,20.0,80.0,16.0,9.0,19.0,11.0,1448.6,1472.5
2017-11-18,2017,Ath Madrid,Real Madrid,0,0,D,U,3.2,3.39,2.25,1,3,7,9,5,1.0,2.0,0.0,1.0,4.0,5.0,-1.0,2.0,4.0,-2.0,2.0,1.0,1.0,1.0,0.0,1.0,0.0,0.0,0.0,50.0,0.0,80.0,20.0,14.0,19.0,20.0,27.0,1685.1,1713.2
2017-11-17,2017,Girona,Sociedad,1,1,D,U,2.89,3.5,2.37,4,5,3,6,7,1.0,1.0,2.0,2.0,3.0,3.0,0.0,6.0,5.0,1.0,-3.0,-2.0,-1.0,0.0,1.0,-1.0,1.0,1.0,0.0,33.3,50.0,60.0,40.0,9.0,13.0,19.0,22.0,1515.5,1538.4
2017-11-05,2017,Villarreal,Malaga,2,0,H,U,1.53,4.33,6.0,3,2,6,4,5,2.0,0.0,0.0,3.0,7.0,0.0,7.0,0.0,9.0,-9.0,7.0,-9.0,16.0,2.0,0.0,2.0,0.0,3.0,-3.0,75.0,0.0,0.0,100.0,20.0,11.0,20.0,18.0,1577.5,1440.6
2017-11-05,2017,Sociedad,Eibar,3,1,H,O,1.61,4.0,5.5,6,5,3,6,6,0.0,0.0,1.0,3.0,7.0,1.0,6.0,8.0,12.0,-4.0,-1.0,-11.0,10.0,0.0,0.0,0.0,0.0,3.0,-3.0,20.0,40.0,20.0,80.0,17.0,7.0,29.0,12.0,1530.4,1460.4
2017-11-05,2017,Real Madrid,Las Palmas,3,0,H,O,1.08,13.0,19.0,9,1,9,2,6,2.0,0.0,1.0,3.0,5.0,0.0,5.0,1.0,8.0,-7.0,4.0,-8.0,12.0,2.0,0.0,2.0,0.0,2.0,-2.0,40.0,20.0,20.0,80.0,22.0,6.0,27.0,9.0,1710.4,1390.6
2017-11-05,2017,Levante,Girona,1,2,A,O,2.39,3.29,3.0,4,5,7,2,7,1.0,1.0,1.0,0.0,4.0,5.0,-1.0,3.0,4.0,-1.0,1.0,1.0,0.0,1.0,0.0,1.0,1.0,0.0,1.0,33.3,16.7,25.0,25.0,10.0,12.0,14.0,16.0,1438.0,1507.4
2017-11-05,2017,Celta,Ath Bilbao,3,1,H,O,2.1,3.5,3.5,5,5,3,6,6,0.0,0.0,1.0,2.0,4.0,5.0,-1.0,5.0,7.0,-2.0,-1.0,-2.0,1.0,0.0,0.0,0.0,0.0,0.0,0.0,20.0,40.0,20.0,60.0,21.0,14.0,12.0,12.0,1454.2,1533.7
2017-11-04,2017,Valencia,Leganes,3,0,H,O,1.5,4.33,6.5,7,6,4,7,6,3.0,2.0,0.0,1.0,12.0,5.0,7.0,2.0,2.0,0.0,10.0,3.0,7.0,2.0,2.0,0.0,0.0,0.0,0.0,80.0,0.0,60.0,40.0,25.0,13.0,13.0,10.0,1551.5,1475.5
2017-11-04,2017,La Coruna,Ath Madrid,0,1,A,U,4.75,3.6,1.8,1,3,4,4,6,2.0,2.0,1.0,0.0,4.0,3.0,1.0,3.0,1.0,2.0,1.0,2.0,-1.0,0.0,0.0,0.0,0.0,0.0,0.0,40.0,60.0,50.0,0.0,18.0,13.0,22.0,10.0,1430.4,1681.3
2017-11-04,2017,Barcelona,Sevilla,2,1,H,O,1.19,7.5,12.0,6,3,3,3,6,3.0,0.0,0.0,3.0,11.0,0.0,11.0,1.0,7.0,-6.0,10.0,-7.0,17.0,3.0,0.0,3.0,0.0,2.0,-2.0,100.0,0.0,40.0,60.0,24.0,11.0,19.0,22.0,1751.3,1578.9
2017-11-04,2017,Alaves,Espanol,1,0,H,U,2.87,3.1,2.7,6,3,3,8,6,0.0,0.0,3.0,1.0,2.0,1.0,1.0,6.0,3.0,3.0,-4.0,-2.0,-2.0,0.0,0.0,0.0,1.0,1.0,0.0,0.0,100.0,0.0,40.0,9.0,7.0,15.0,9.0,1460.9,1518.6
2017-11-03,2017,Betis,Getafe,2,2,D,O,2.0,3.5,3.79,4,2,4,6,6,2.0,0.0,1.0,1.0,9.0,3.0,6.0,6.0,4.0,2.0,3.0,-1.0,4.0,2.0,0.0,2.0,1.0,0.0,1.0,80.0,20.0,20.0,20.0,17.0,11.0,19.0,9.0,1467.9,1448.0
2017-10-30,2017,Las Palmas,La Coruna,1,3,A,O,2.04,3.5,3.6,5,5,8,5,5,1.0,0.0,2.0,2.0,3.0,2.0,1.0,7.0,6.0,1.0,-4.0,-4.0,0.0,0.0,0.0,0.0,2.0,1.0,1.0,25.0,75.0,0.0,50.0,17.0,12.0,24.0,11.0,1400.0,1421.0
2017-10-30,2017,Espanol,Betis,1,0,H,U,2.14,3.39,3.39,4,4,5,3,5,2.0,1.0,0.0,1.0,6.0,6.0,0.0,2.0,7.0,-5.0,4.0,-1.0,5.0,1.0,0.0,1.0,0.0,1.0,-1.0,50.0,25.0,25.0,50.0,14.0,13.0,16.0,11.0,1509.5,1477.0
2017-10-29,2017,Malaga,Celta,2,1,H,O,3.1,3.39,2.29,4,2,4,1,5,0.0,2.0,2.0,1.0,4.0,10.0,-6.0,8.0,4.0,4.0,-4.0,6.0,-10.0,0.0,2.0,-2.0,2.0,0.0,2.0,0.0,75.0,50.0,50.0,18.0,14.0,12.0,12.0,1429.5,1465.2
2017-10-29,2017,Girona,Real Madrid,2,1,H,O,10.0,6.5,1.25,4,6,2,7,6,0.0,3.0,3.0,0.0,1.0,7.0,-6.0,6.0,3.0,3.0,-5.0,4.0,-9.0,0.0,1.0,-1.0,1.0,0.0,1.0,20.0,60.0,100.0,0.0,5.0,19.0,25.0,26.0,1491.6,1726.3
2017-10-29,2017,Getafe,Sociedad,2,1,H,O,2.45,3.39,2.87,5,4,8,7,5,1.0,2.0,2.0,1.0,6.0,6.0,0.0,4.0,5.0,-1.0,2.0,1.0,1.0,1.0,2.0,-1.0,0.0,1.0,-1.0,25.0,75.0,75.0,25.0,15.0,13.0,14.0,22.0,1435.0,1543.4
2017-10-29,2017,Eibar,Levante,2,2,D,O,1.95,3.39,4.2,6,2,6,2,5,1.0,0.0,1.0,1.0,1.0,1.0,0.0,4.0,5.0,-1.0,-3.0,-4.0,1.0,0.0,0.0,0.0,1.0,1.0,0.0,25.0,50.0,0.0,33.3,10.0,6.0,22.0,10.0,1461.1,1437.3
2017-10-28,2017,Sevilla,Leganes,2,1,H,O,1.61,3.75,6.0,5,1,5,6,5,3.0,2.0,0.0,1.0,6.0,4.0,2.0,0.0,1.0,-1.0,6.0,3.0,3.0,2.0,2.0,0.0,0.0,0.0,0.0,75.0,0.0,75.0,25.0,20.0,14.0,22.0,5.0,1571.4,1483.1
2017-10-28,2017,Ath Madrid,Villarreal,1,1,D,U,1.5,4.0,7.5,6,4,11,6,4,2.0,2.0,0.0,1.0,4.0,5.0,-1.0,1.0,5.0,-4.0,3.0,0.0,3.0,1.0,1.0,0.0,0.0,1.0,-1.0,66.7,0.0,40.0,60.0,12.0,9.0,17.0,8.0,1684.4,1574.4
2017-10-28,2017,Ath Bilbao,Barcelona,0,2,A,U,7.0,4.5,1.44,5,5,6,4,5,2.0,2.0,1.0,0.0,4.0,6.0,-2.0,2.0,2.0,0.0,2.0,4.0,-2.0,1.0,1.0,0.0,0.0,0.0,0.0,50.0,25.0,75.0,0.0,13.0,17.0,18.0,8.0,1538.3,1746.6
2017-10-28,2017,Alaves,Valencia,1,2,A,O,6.0,3.75,1.6,6,2,6,4,5,0.0,2.0,3.0,0.0,1.0,10.0,-9.0,7.0,6.0,1.0,-6.0,4.0,-10.0,0.0,1.0,-1.0,2.0,0.0,2.0,0.0,100.0,50.0,0.0,5.0,18.0,11.0,14.0,1468.8,1543.6
2017-10-23,2017,Sociedad,Espanol,1,1,D,U,1.85,3.79,4.0,5,1,10,1,5,0.0,0.0,2.0,2.0,7.0,0.0,7.0,10.0,7.0,3.0,-3.0,-7.0,4.0,0.0,0.0,0.0,1.0,2.0,-1.0,25.0,50.0,0.0,50.0,17.0,7.0,23.0,15.0,1544.5,1508.5
2017-10-23,2017,La Coruna,Girona,1,2,A,O,2.04,3.29,3.79,6,6,9,7,5,2.0,0.0,1.0,1.0,5.0,3.0,2.0,5.0,5.0,0.0,0.0,-2.0,2.0,0.0,0.0,0.0,1.0,1.0,0.0,50.0,50.0,0.0,33.3,16.0,13.0,18.0,13.0,1429.5,1483.1
2017-10-22,2017,Villarreal,Las Palmas,4,0,H,O,1.5,4.2,7.0,9,5,9,6,4,2.0,1.0,0.0,2.0,6.0,3.0,3.0,1.0,5.0,-4.0,5.0,-2.0,7.0,2.0,1.0,1.0,0.0,1.0,-1.0,66.7,0.0,25.0,75.0,18.0,9.0,15.0,5.0,1568.8,1405.7
2017-10-22,2017,Real Madrid,Eibar,3,0,H,O,1.09,11.0,23.0,7,2,5,2,5,1.0,0.0,1.0,3.0,3.0,1.0,2.0,2.0,12.0,-10.0,1.0,-11.0,12.0,1.0,0.0,1.0,0.0,3.0,-3.0,25.0,25.0,25.0,75.0,25.0,7.0,35.0,15.0,1722.6,1464.8
2017-10-22,2017,Leganes,Ath Bilbao,1,0,H,U,2.37,3.1,3.29,4,1,4,3,5,0.0,0.0,1.0,2.0,1.0,5.0,-4.0,2.0,7.0,-5.0,-1.0,-2.0,1.0,0.0,0.0,0.0,0.0,0.0,0.0,25.0,25.0,25.0,50.0,11.0,18.0,10.0,15.0,1470.8,1550.6
2017-10-22,2017,Celta,Ath Madrid,0,1,A,U,4.2,3.39,1.95,8,2,4,4,5,1.0,1.0,0.0,0.0,5.0,2.0,3.0,4.0,1.0,3.0,1.0,1.0,0.0,0.0,0.0,0.0,0.0,0.0,0.0,25.0,25.0,40.0,0.0,16.0,15.0,17.0,9.0,1469.8,1679.8
2017-10-21,2017,Valencia,Sevilla,4,0,H,O,1.85,3.89,4.0,8,5,7,10,5,2.0,1.0,0.0,2.0,8.0,1.0,7.0,2.0,3.0,-1.0,6.0,-2.0,8.0,1.0,0.0,1.0,0.0,1.0,-1.0,75.0,0.0,50.0,50.0,17.0,14.0,10.0,13.0,1532.1,1582.8
2017-10-21,2017,Levante,Getafe,1,1,D,U,2.37,3.2,3.2,1,5,3,2,6,1.0,1.0,1.0,1.0,4.0,4.0,0.0,3.0,4.0,-1.0,1.0,0.0,1.0,1.0,0.0,1.0,1.0,0.0,1.0,40.0,20.0,25.0,25.0,11.0,9.0,12.0,11.0,1437.3,1434.9
2017-10-21,2017,Betis,Alaves,2,0,H,U,1.57,4.0,6.0,5,3,6,5,5,2.0,1.0,1.0,2.0,9.0,2.0,7.0,7.0,2.0,5.0,2.0,0.0,2.0,1.0,1.0,0.0,1.0,0.0,1.0,75.0,25.0,25.0,75.0,19.0,9.0,19.0,10.0,1466.6,1479.1
2017-10-21,2017,Barcelona,Malaga,2,0,H,U,1.07,13.0,26.0,4,5,4,3,5,3.0,0.0,0.0,3.0,14.0,0.0,14.0,1.0,8.0,-7.0,13.0,-8.0,21.0,3.0,0.0,3.0,0.0,2.0,-2.0,100.0,0.0,0.0,100.0,29.0,10.0,23.0,19.0,1743.8,1432.4
2017-10-16,2017,Las Palmas,Celta,2,5,A,O,2.38,3.3,3.1,11,7,14,3,4,1.0,1.0,2.0,2.0,2.0,6.0,-4.0,7.0,4.0,3.0,-5.0,2.0,-7.0,0.0,1.0,-1.0,2.0,0.0,2.0,33.3,66.7,33.3,66.7,10.0,9.0,14.0,15.0,1414.3,1461.1
2017-10-15,2017,Malaga,Leganes,0,2,A,U,2.38,3.0,3.4,5,9,4,2,4,0.0,2.0,2.0,1.0,4.0,3.0,1.0,7.0,1.0,6.0,-3.0,2.0,-5.0,0.0,1.0,-1.0,1.0,0.0,1.0,0.0,66.7,66.7,33.3,17.0,13.0,11.0,4.0,1441.8,1461.4
2017-10-15,2017,Girona,Villarreal,1,2,A,O,2.8,3.2,2.6,3,2,8,1,5,1.0,1.0,2.0,2.0,1.0,3.0,-2.0,4.0,7.0,-3.0,-3.0,-4.0,1.0,0.0,1.0,-1.0,1.0,2.0,-1.0,25.0,50.0,25.0,75.0,6.0,8.0,19.0,11.0,1491.1,1560.8
2017-10-15,2017,Eibar,La Coruna,0,0,D,U,2.0,3.5,3.75,6,3,10,1,4,1.0,0.0,2.0,2.0,1.0,4.0,-3.0,5.0,8.0,-3.0,-4.0,-4.0,0.0,0.0,0.0,0.0,1.0,1.0,0.0,33.3,66.7,0.0,66.7,9.0,13.0,16.0,15.0,1465.9,1428.4
2017-10-15,2017,Betis,Valencia,3,6,A,O,2.55,3.5,2.7,6,9,7,5,4,3.0,1.0,0.0,0.0,8.0,6.0,2.0,2.0,5.0,-3.0,6.0,1.0,5.0,1.0,0.0,1.0,0.0,0.0,0.0,100.0,0.0,33.3,0.0,16.0,12.0,16.0,13.0,1475.3,1523.5
2017-10-14,2017,Getafe,Real Madrid,1,2,A,O,10.0,5.75,1.29,3,6,4,7,4,1.0,3.0,2.0,0.0,5.0,8.0,-3.0,3.0,2.0,1.0,2.0,6.0,-4.0,1.0,2.0,-1.0,0.0,0.0,0.0,33.3,66.7,100.0,0.0,15.0,21.0,17.0,23.0,1438.2,1719.3
2017-10-14,2017,Ath Madrid,Barcelona,1,1,D,U,3.0,3.4,2.38,4,7,2,1,3,,3.0,,0.0,,7.0,,,1.0,,,6.0,,,2.0,,,0.0,,100.0,0.0,100.0,0.0,,21.0,,21.0,1677.8,1745.7
2017-10-14,2017,Ath Bilbao,Sevilla,1,0,H,U,2.5,3.25,2.9,2,6,6,6,4,1.0,2.0,1.0,1.0,3.0,2.0,1.0,2.0,2.0,0.0,1.0,0.0,1.0,1.0,0.0,1.0,0.0,1.0,-1.0,33.3,33.3,66.7,33.3,13.0,11.0,19.0,12.0,1539.0,1594.4
2017-10-14,2017,Alaves,Sociedad,0,2,A,U,3.5,3.4,2.15,0,6,4,9,4,0.0,2.0,3.0,1.0,1.0,7.0,-6.0,7.0,7.0,0.0,-6.0,0.0,-6.0,0.0,1.0,-1.0,2.0,1.0,1.0,0.0,100.0,66.7,33.3,7.0,13.0,8.0,17.0,1487.8,1535.8
2017-10-13,2017,Espanol,Levante,0,0,D,U,1.75,3.6,5.0,6,3,9,4,4,2.0,,1.0,,6.0,,,3.0,,,3.0,,,1.0,,,0.0,,,66.7,33.3,0.0,50.0,10.0,,16.0,,1510.6,1435.2
2017-10-01,2017,Villarreal,Eibar,3,0,H,O,1.83,3.6,4.33,6,1,6,3,3,,1.0,,2.0,,2.0,,,9.0,,,-7.0,,,0.0,,,2.0,,50.0,0.0,33.3,66.7,,12.0,,19.0,1553.0,1473.6
2017-10-01,2017,Valencia,Ath Bilbao,3,2,H,O,1.91,3.5,4.2,6,6,2,8,4,2.0,1.0,0.0,1.0,6.0,4.0,2.0,0.0,4.0,-4.0,6.0,0.0,6.0,1.0,0.0,1.0,0.0,0.0,0.0,66.7,0.0,33.3,33.3,17.0,16.0,13.0,10.0,1512.4,1550.1
2017-10-01,2017,Sociedad,Betis,4,4,D,O,1.95,3.6,3.8,6,6,12,5,4,1.0,1.0,2.0,2.0,6.0,2.0,4.0,6.0,5.0,1.0,0.0,-3.0,3.0,1.0,0.0,1.0,1.0,2.0,-1.0,33.3,66.7,33.3,66.7,20.0,7.0,21.0,6.0,1537.7,1473.4
2017-10-01,2017,Real Madrid,Espanol,2,0,H,U,1.1,10.0,23.0,8,3,10,3,4,0.0,0.0,1.0,1.0,3.0,1.0,2.0,4.0,6.0,-2.0,-1.0,-5.0,4.0,0.0,0.0,0.0,0.0,1.0,-1.0,0.0,33.3,0.0,33.3,23.0,10.0,38.0,15.0,1714.5,1515.5
2017-10-01,2017,Barcelona,Las Palmas,3,0,H,O,1.08,11.0,26.0,10,1,8,3,4,3.0,1.0,0.0,2.0,13.0,3.0,10.0,1.0,3.0,-2.0,12.0,0.0,12.0,3.0,1.0,2.0,0.0,0.0,0.0,100.0,0.0,33.3,66.7,21.0,12.0,23.0,4.0,1743.1,1417.0
2017-09-30,2017,Sevilla,Malaga,2,0,H,U,1.36,5.5,7.5,5,4,4,6,4,2.0,0.0,0.0,3.0,5.0,0.0,5.0,1.0,7.0,-6.0,4.0,-7.0,11.0,1.0,0.0,1.0,0.0,1.0,-1.0,66.7,0.0,0.0,100.0,19.0,8.0,25.0,16.0,1588.2,1448.0
2017-09-30,2017,Levante,Alaves,0,2,A,U,1.83,3.5,4.5,0,3,8,4,5,1.0,0.0,0.0,3.0,6.0,0.0,6.0,3.0,3.0,0.0,3.0,-3.0,6.0,1.0,0.0,1.0,0.0,0.0,0.0,50.0,0.0,0.0,100.0,16.0,9.0,10.0,8.0,1444.2,1478.8
2017-09-30,2017,Leganes,Ath Madrid,0,0,D,U,7.5,3.75,1.55,3,2,2,6,4,1.0,2.0,1.0,0.0,2.0,7.0,-5.0,2.0,2.0,0.0,0.0,5.0,-5.0,0.0,1.0,-1.0,0.0,0.0,0.0,33.3,33.3,50.0,0.0,17.0,19.0,12.0,5.0,1455.6,1683.6
2017-09-30,2017,La Coruna,Getafe,2,1,H,O,2.25,3.25,3.4,9,3,8,5,4,1.0,1.0,2.0,0.0,3.0,3.0,0.0,7.0,2.0,5.0,-4.0,1.0,-5.0,0.0,0.0,0.0,2.0,0.0,2.0,33.3,66.7,33.3,0.0,13.0,8.0,14.0,12.0,1417.5,1449.1
2017-09-29,2017,Celta,Girona,3,3,D,O,1.67,3.6,5.75,9,6,5,6,4,1.0,,1.0,,4.0,,,4.0,,,0.0,,,0.0,,,0.0,,,33.3,33.3,0.0,50.0,12.0,,17.0,,1460.2,1492.0
2017-09-25,2017,Betis,Levante,4,0,H,O,1.85,3.5,4.5,6,1,6,3,3,,,,,,,,,,,,,,,,,,,,100.0,0.0,0.0,0.0,,,,,1463.7,1453.9
2017-09-24,2017,Sociedad,Valencia,2,3,A,O,2.3,3.4,3.1,6,4,7,6,3,,,,,,,,,,,,,,,,,,,,50.0,50.0,0.0,0.0,,,,,1549.0,1501.1
2017-09-24,2017,Las Palmas,Leganes,0,2,A,U,2.05,3.25,3.8,3,3,3,2,3,,,,,,,,,,,,,,,,,,,,50.0,50.0,50.0,50.0,,,,,1426.4,1446.2
2017-09-24,2017,Getafe,Villarreal,4,0,H,O,2.88,3.1,2.63,8,1,7,4,3,,1.0,,2.0,,3.0,,,4.0,,,-1.0,,,1.0,,,1.0,,0.0,100.0,33.3,66.7,,8.0,,13.0,1435.5,1566.6
2017-09-24,2017,Espanol,La Coruna,4,1,H,O,1.95,3.5,4.0,5,6,4,6,3,,,,,,,,,,,,,,,,,,,,50.0,50.0,0.0,50.0,,,,,1507.8,1425.2
2017-09-24,2017,Eibar,Celta,0,4,A,O,2.2,3.3,3.4,0,6,4,4,3,,,,,,,,,,,,,,,,,,,,50.0,50.0,0.0,100.0,,,,,1484.7,1449.2
2017-09-23,2017,Malaga,Ath Bilbao,3,3,D,O,2.9,3.3,2.4,7,7,5,1,3,,,,,,,,,,,,,,,,,,,,0.0,100.0,50.0,50.0,,,,,1445.0,1553.1
2017-09-23,2017,Girona,Barcelona,0,3,A,O,12.0,6.0,1.25,2,5,9,3,4,1.0,,1.0,,3.0,,,3.0,,,0.0,,,0.0,,,0.0,,,33.3,33.3,100.0,0.0,10.0,,16.0,,1496.0,1739.1
2017-09-23,2017,Ath Madrid,Sevilla,2,0,H,U,1.57,4.0,6.5,4,0,7,6,2,,,,,,,,,,,,,,,,,,,,100.0,0.0,100.0,0.0,,,,,1675.9,1596.0
2017-09-23,2017,Alaves,Real Madrid,1,2,A,O,17.0,7.5,1.17,3,7,5,13,3,,,,,,,,,,,,,,,,,,,,0.0,100.0,100.0,0.0,,,,,1483.0,1710.2
2017-09-21,2017,Villarreal,Espanol,0,0,D,U,1.73,3.5,5.5,5,3,5,5,2,,,,,,,,,,,,,,,,,,,,100.0,0.0,0.0,50.0,,,,,1568.4,1506.0
2017-09-21,2017,Levante,Sociedad,3,0,H,O,3.25,3.25,2.3,9,3,3,6,4,1.0,,0.0,,4.0,,,3.0,,,1.0,,,0.0,,,0.0,,,33.3,0.0,100.0,0.0,10.0,,18.0,,1440.6,1562.4
2017-09-21,2017,Celta,Getafe,1,1,D,U,1.8,3.6,4.5,4,3,3,2,3,,,,,,,,,,,,,,,,,,,,50.0,50.0,50.0,0.0,,,,,1449.6,1435.1
2017-09-20,2017,Sevilla,Las Palmas,1,0,H,U,1.4,4.75,7.5,9,0,12,0,3,,,,,,,,,,,,,,,,,,,,50.0,0.0,50.0,50.0,,,,,1590.2,1432.2
2017-09-20,2017,Real Madrid,Betis,0,1,A,U,1.13,10.0,17.0,7,4,12,3,3,,,,,,,,,,,,,,,,,,,,0.0,0.0,0.0,100.0,,,,,1726.9,1447.0
2017-09-20,2017,Leganes,Girona,0,0,D,U,2.15,3.2,3.7,1,0,6,3,3,,,,,,,,,,,,,,,,,,,,50.0,50.0,0.0,100.0,,,,,1444.7,1497.5
2017-09-20,2017,La Coruna,Alaves,1,0,H,U,1.91,3.3,4.5,3,3,5,2,3,,,,,,,,,,,,,,,,,,,,0.0,100.0,0.0,100.0,,,,,1412.8,1495.3
2017-09-20,2017,Ath Bilbao,Ath Madrid,1,2,A,O,3.4,3.2,2.25,7,9,6,0,3,,1.0,,0.0,,7.0,,,3.0,,,4.0,,,1.0,,,0.0,,50.0,0.0,33.3,0.0,,13.0,,5.0,1560.1,1668.9
2017-09-19,2017,Valencia,Malaga,5,0,H,O,1.5,4.0,7.0,11,2,4,9,3,,,,,,,,,,,,,,,,,,,,50.0,0.0,0.0,100.0,,,,,1492.2,1453.9
2017-09-19,2017,Barcelona,Eibar,6,1,H,O,1.11,10.0,15.0,10,4,7,7,3,,,,,,,,,,,,,,,,,,,,100.0,0.0,50.0,50.0,,,,,1735.2,1488.6
2017-09-18,2017,Espanol,Celta,2,1,H,O,2.3,3.3,3.2,3,1,3,5,2,,,,,,,,,,,,,,,,,,,,0.0,100.0,0.0,100.0,,,,,1497.1,1458.5
2017-09-17,2017,Sociedad,Real Madrid,1,3,A,O,5.0,4.0,1.67,5,6,4,6,2,,,,,,,,,,,,,,,,,,,,100.0,0.0,100.0,0.0,,,,,1568.3,1721.0
2017-09-17,2017,Las Palmas,Ath Bilbao,1,0,H,U,2.75,3.4,2.55,3,5,7,6,2,,,,,,,,,,,,,,,,,,,,0.0,100.0,100.0,0.0,,,,,1417.9,1574.3
2017-09-17,2017,Girona,Sevilla,0,1,A,U,3.3,3.25,2.3,0,8,8,1,3,,,,,,,,,,,,,,,,,,,,50.0,0.0,100.0,0.0,,,,,1505.3,1582.4
2017-09-17,2017,Alaves,Villarreal,0,3,A,O,3.1,3.1,2.4,2,6,2,3,2,,,,,,,,,,,,,,,,,,,,0.0,100.0,0.0,100.0,,,,,1503.7,1560.0
2017-09-16,2017,Levante,Valencia,1,1,D,U,3.25,3.25,2.3,2,5,1,3,3,,,,,,,,,,,,,,,,,,,,50.0,0.0,0.0,0.0,,,,,1439.0,1493.7
2017-09-16,2017,Getafe,Barcelona,1,2,A,O,11.0,6.5,1.25,4,5,3,4,2,,,,,,,,,,,,,,,,,,,,0.0,100.0,100.0,0.0,,,,,1438.2,1732.1
2017-09-16,2017,Betis,La Coruna,2,1,H,O,1.83,3.6,4.5,7,3,6,4,2,,,,,,,,,,,,,,,,,,,,100.0,0.0,0.0,0.0,,,,,1437.5,1422.4
2017-09-16,2017,Ath Madrid,Malaga,1,0,H,U,1.22,6.0,15.0,4,4,8,4,1,,,,,,,,,,,,,,,,,,,,,,0.0,100.0,,,,,1664.2,1458.6
2017-09-15,2017,Eibar,Leganes,1,0,H,U,2.05,3.25,4.0,4,2,8,1,2,,,,,,,,,,,,,,,,,,,,0.0,100.0,100.0,0.0,,,,,1479.3,1453.9
2017-09-11,2017,Malaga,Las Palmas,1,3,A,O,2.0,3.5,3.8,6,8,3,2,2,,,,,,,,,,,,,,,,,,,,0.0,100.0,0.0,100.0,,,,,1470.4,1406.1
2017-09-10,2017,Villarreal,Betis,3,1,H,O,1.85,3.6,4.33,7,3,4,3,1,,,,,,,,,,,,,,,,,,,,,,0.0,100.0,,,,,1553.0,1444.4
2017-09-10,2017,La Coruna,Sociedad,2,4,A,O,2.75,3.3,2.6,4,4,5,7,2,,,,,,,,,,,,,,,,,,,,0.0,100.0,100.0,0.0,,,,,1428.7,1561.9
2017-09-10,2017,Celta,Alaves,1,0,H,U,1.67,3.75,5.25,3,3,9,4,2,,,,,,,,,,,,,,,,,,,,0.0,100.0,0.0,100.0,,,,,1446.5,1515.7
2017-09-10,2017,Ath Bilbao,Girona,2,0,H,U,1.67,3.75,5.5,4,7,6,4,2,,,,,,,,,,,,,,,,,,,,0.0,0.0,,,,,,,1565.8,1513.8
2017-09-09,2017,Valencia,Ath Madrid,0,0,D,U,3.6,3.2,2.2,0,4,4,3,2,,,,,,,,,,,,,,,,,,,,100.0,0.0,50.0,0.0,,,,,1489.0,1669.0
2017-09-09,2017,Sevilla,Eibar,3,0,H,O,1.57,4.0,6.0,6,2,6,5,2,,,,,,,,,,,,,,,,,,,,0.0,0.0,100.0,0.0,,,,,1574.9,1486.8
2017-09-09,2017,Real Madrid,Levante,1,1,D,U,1.05,15.0,34.0,10,2,13,3,2,,,,,,,,,,,,,,,,,,,,0.0,0.0,,,,,,,1728.0,1432.1
2017-09-09,2017,Barcelona,Espanol,5,0,H,O,1.17,8.0,17.0,9,1,8,7,2,,,,,,,,,,,,,,,,,,,,100.0,0.0,0.0,0.0,,,,,1727.8,1501.4
2017-09-08,2017,Leganes,Getafe,1,2,A,O,2.05,3.25,4.0,7,3,2,4,2,,,,,,,,,,,,,,,,,,,,100.0,0.0,0.0,0.0,,,,,1465.0,1427.1
2017-08-27,2017,Real Madrid,Valencia,2,2,D,O,1.17,8.0,15.0,6,3,13,4,1,,,,,,,,,,,,,,,,,,,,,,,,,,,,1734.1,1482.8
2017-08-27,2017,Getafe,Sevilla,0,1,A,U,3.6,3.3,2.15,3,3,7,5,1,,,,,,,,,,,,,,,,,,,,,,,,,,,,1433.4,1568.6
2017-08-27,2017,Espanol,Leganes,0,1,A,U,1.95,3.25,4.33,2,8,9,1,1,,,,,,,,,,,,,,,,,,,,,,,,,,,,1513.1,1453.3
2017-08-27,2017,Eibar,Ath Bilbao,0,1,A,U,2.5,3.1,3.1,5,4,4,3,1,,,,,,,,,,,,,,,,,,,,,,,,,,,,1495.0,1557.5
2017-08-26,2017,Levante,La Coruna,2,2,D,O,2.2,3.1,3.6,5,4,6,5,2,,,,,,,,,,,,,,,,,,,,100.0,0.0,,,,,,,1432.2,1428.6
2017-08-26,2017,Las Palmas,Ath Madrid,1,5,A,O,4.75,3.75,1.75,4,6,4,2,1,,,,,,,,,,,,,,,,,,,,,,0.0,0.0,,,,,1409.8,1665.2
2017-08-26,2017,Girona,Malaga,1,0,H,U,2.15,3.25,3.6,4,2,2,3,2,,,,,,,,,,,,,,,,,,,,0.0,0.0,,,,,,,1504.5,1479.7
2017-08-26,2017,Alaves,Barcelona,0,2,A,U,10.0,5.75,1.29,2,11,1,14,1,,,,,,,,,,,,,,,,,,,,,,,,,,,,1520.4,1723.1
2017-08-25,2017,Sociedad,Villarreal,3,0,H,O,2.05,3.4,3.75,9,1,10,4,1,,,,,,,,,,,,,,,,,,,,,,0.0,100.0,,,,,1551.6,1563.4
2017-08-25,2017,Betis,Celta,2,1,H,O,2.2,3.4,3.4,3,2,4,6,1,,,,,,,,,,,,,,,,,,,,,,,,,,,,1433.8,1457.2
2017-08-21,2017,Malaga,Eibar,0,1,A,U,2.1,3.3,3.7,4,6,3,7,1,,,,,,,,,,,,,,,,,,,,,,,,,,,,1489.8,1484.9
2017-08-21,2017,Levante,Villarreal,1,0,H,U,3.25,3.25,2.3,3,1,11,6,1,,,,,,,,,,,,,,,,,,,,,,,,,,,,1417.9,1577.7
2017-08-20,2017,La Coruna,Real Madrid,0,3,A,O,9.5,5.75,1.3,6,8,4,4,1,,,,,,,,,,,,,,,,,,,,,,,,,,,,1431.7,1731.1
2017-08-20,2017,Barcelona,Betis,2,0,H,U,1.17,8.0,15.0,2,0,8,0,1,,,,,,,,,,,,,,,,,,,,,,,,,,,,1719.8,1437.0
2017-08-20,2017,Ath Bilbao,Getafe,0,0,D,U,1.5,4.0,7.5,2,2,7,6,1,,,,,,,,,,,,,,,,,,,,,,,,,,,,1561.1,1429.8
2017-08-19,2017,Sevilla,Espanol,1,1,D,U,1.62,4.0,5.5,4,6,7,3,1,,,,,,,,,,,,,,,,,,,,,,,,,,,,1570.3,1511.4
2017-08-19,2017,Girona,Ath Madrid,2,2,D,O,8.0,4.33,1.45,6,3,6,0,1,,,,,,,,,,,,,,,,,,,,,,,,,,,,1500.0,1669.8
2017-08-19,2017,Celta,Sociedad,2,3,A,O,2.38,3.25,3.2,5,6,5,4,1,,,,,,,,,,,,,,,,,,,,,,,,,,,,1465.0,1543.8
2017-08-18,2017,Valencia,Las Palmas,1,0,H,U,1.75,3.8,4.5,6,4,5,2,1,,,,,,,,,,,,,,,,,,,,,,,,,,,,1474.4,1418.2
2017-08-18,2017,Leganes,Alaves,1,0,H,U,2.05,3.2,4.1,9,3,4,2,1,,,,,,,,,,,,,,,,,,,,,,,,,,,,1440.7,1533.0
2017-05-21,2016,Valencia,Villarreal,1,3,A,O,3.1,3.4,2.3,5,6,9,0,19,1.0,1.0,1.0,2.0,6.0,3.0,3.0,4.0,6.0,-2.0,2.0,-3.0,5.0,1.0,0.0,1.0,0.0,1.0,-1.0,44.4,33.3,38.9,27.8,14.0,11.0,15.0,15.0,1481.9,1570.1
2017-05-21,2016,Malaga,Real Madrid,0,2,A,U,11.0,7.0,1.22,6,8,9,7,19,3.0,3.0,0.0,0.0,9.0,14.0,-5.0,2.0,3.0,-1.0,7.0,11.0,-4.0,3.0,3.0,0.0,0.0,0.0,0.0,55.6,33.3,77.8,11.1,17.0,27.0,10.0,14.0,1494.0,1727.0
2017-05-21,2016,Celta,Sociedad,2,2,D,O,4.75,3.75,1.75,5,8,3,7,19,0.0,1.0,3.0,1.0,1.0,6.0,-5.0,8.0,6.0,2.0,-7.0,0.0,-7.0,0.0,0.0,0.0,2.0,0.0,2.0,50.0,44.4,50.0,44.4,10.0,12.0,9.0,10.0,1462.6,1546.2
2017-05-21,2016,Barcelona,Eibar,4,2,H,O,1.05,15.0,34.0,11,4,10,4,19,3.0,0.0,0.0,2.0,14.0,0.0,14.0,4.0,3.0,1.0,10.0,-3.0,13.0,2.0,0.0,2.0,0.0,1.0,-1.0,77.8,5.6,27.8,38.9,26.0,10.0,19.0,13.0,1715.5,1489.2
2017-05-21,2016,Ath Madrid,Ath Bilbao,3,1,H,O,2.0,3.5,3.8,4,1,2,5,19,2.0,2.0,1.0,1.0,4.0,4.0,0.0,1.0,1.0,0.0,3.0,3.0,0.0,1.0,1.0,0.0,0.0,0.0,0.0,72.2,16.7,33.3,55.6,22.0,21.0,16.0,26.0,1662.4,1568.5
2017-05-20,2016,Sp Gijon,Betis,2,2,D,O,2.5,3.4,2.8,5,9,2,3,19,1.0,1.0,1.0,2.0,4.0,2.0,2.0,4.0,6.0,-2.0,0.0,-4.0,4.0,0.0,0.0,0.0,0.0,1.0,-1.0,27.8,55.6,22.2,72.2,11.0,12.0,16.0,9.0,1411.0,1437.8
2017-05-20,2016,Sevilla,Osasuna,5,0,H,O,1.14,9.0,17.0,7,2,1,1,19,2.0,0.0,0.0,3.0,5.0,2.0,3.0,2.0,14.0,-12.0,3.0,-12.0,15.0,1.0,0.0,1.0,0.0,3.0,-3.0,72.2,5.6,11.1,72.2,20.0,6.0,22.0,5.0,1564.9,1389.8
2017-05-20,2016,Leganes,Alaves,1,1,D,U,2.1,3.25,3.75,4,5,8,4,19,2.0,1.0,1.0,1.0,7.0,5.0,2.0,1.0,3.0,-2.0,6.0,2.0,4.0,2.0,1.0,1.0,0.0,0.0,0.0,27.8,44.4,38.9,38.9,14.0,10.0,13.0,12.0,1438.0,1535.8
2017-05-20,2016,La Coruna,Las Palmas,3,0,H,O,1.73,4.0,4.5,5,4,0,9,19,1.0,0.0,2.0,3.0,5.0,1.0,4.0,8.0,9.0,-1.0,-3.0,-8.0,5.0,1.0,0.0,1.0,1.0,2.0,-1.0,33.3,38.9,5.6,77.8,16.0,4.0,17.0,12.0,1421.5,1428.4
2017-05-19,2016,Granada,Espanol,1,2,A,O,4.5,4.0,1.73,7,3,3,3,19,0.0,2.0,3.0,0.0,0.0,4.0,-4.0,9.0,2.0,7.0,-9.0,2.0,-11.0,0.0,0.0,0.0,3.0,0.0,3.0,22.2,55.6,33.3,33.3,8.0,10.0,16.0,7.0,1351.3,1505.6
2017-05-17,2016,Celta,Real Madrid,1,4,A,O,13.0,7.0,1.2,6,8,4,6,18,0.0,3.0,3.0,0.0,0.0,13.0,-13.0,6.0,4.0,2.0,-6.0,9.0,-15.0,0.0,2.0,-2.0,2.0,0.0,2.0,52.9,41.2,76.5,11.8,7.0,25.0,5.0,16.0,1466.3,1723.3
2017-05-14,2016,Villarreal,La Coruna,0,0,D,U,1.5,4.33,6.5,4,1,11,3,19,3.0,0.0,0.0,2.0,8.0,4.0,4.0,3.0,7.0,-4.0,5.0,-3.0,8.0,2.0,0.0,2.0,0.0,1.0,-1.0,61.1,22.2,5.6,61.1,16.0,10.0,11.0,10.0,1574.4,1417.2
2017-05-14,2016,Sociedad,Malaga,2,2,D,O,1.53,4.1,6.5,5,4,9,3,19,3.0,2.0,0.0,1.0,6.0,3.0,3.0,2.0,2.0,0.0,4.0,1.0,3.0,1.0,1.0,0.0,0.0,1.0,-1.0,55.6,22.2,11.1,50.0,15.0,12.0,25.0,9.0,1547.8,1492.4
2017-05-14,2016,Real Madrid,Sevilla,4,1,H,O,1.17,8.0,15.0,7,6,4,5,19,1.0,0.0,1.0,2.0,5.0,2.0,3.0,5.0,7.0,-2.0,0.0,-5.0,5.0,0.0,0.0,0.0,0.0,2.0,-2.0,72.2,5.6,38.9,33.3,25.0,9.0,15.0,9.0,1717.2,1570.9
2017-05-14,2016,Las Palmas,Barcelona,1,4,A,O,26.0,11.0,1.08,5,5,3,6,19,1.0,2.0,1.0,1.0,5.0,6.0,-1.0,7.0,4.0,3.0,-2.0,2.0,-4.0,1.0,1.0,0.0,1.0,1.0,0.0,50.0,16.7,66.7,16.7,12.0,21.0,12.0,12.0,1431.8,1712.2
2017-05-14,2016,Eibar,Sp Gijon,0,1,A,U,2.0,3.75,3.5,2,4,5,6,19,2.0,0.0,1.0,2.0,5.0,4.0,1.0,2.0,8.0,-6.0,3.0,-4.0,7.0,2.0,0.0,2.0,0.0,2.0,-2.0,55.6,27.8,5.6,61.1,13.0,14.0,16.0,16.0,1502.1,1398.1
2017-05-14,2016,Betis,Ath Madrid,1,1,D,U,7.0,3.75,1.57,5,2,3,5,19,1.0,2.0,2.0,0.0,3.0,7.0,-4.0,5.0,1.0,4.0,-2.0,6.0,-8.0,1.0,1.0,0.0,1.0,0.0,1.0,33.3,33.3,50.0,16.7,10.0,14.0,13.0,6.0,1431.9,1668.3
2017-05-14,2016,Ath Bilbao,Leganes,1,1,D,U,1.44,4.2,8.5,6,2,10,1,19,3.0,0.0,0.0,3.0,9.0,2.0,7.0,2.0,6.0,-4.0,7.0,-4.0,11.0,2.0,0.0,2.0,0.0,1.0,-1.0,72.2,11.1,16.7,61.1,21.0,7.0,30.0,27.0,1572.3,1434.2
2017-05-14,2016,Alaves,Celta,3,1,H,O,1.8,3.4,5.0,4,4,4,4,19,2.0,1.0,0.0,2.0,3.0,4.0,-1.0,1.0,5.0,-4.0,2.0,-1.0,3.0,0.0,1.0,-1.0,0.0,1.0,-1.0,33.3,22.2,22.2,55.6,12.0,7.0,11.0,3.0,1527.3,1474.8
2017-05-13,2016,Osasuna,Granada,2,1,H,O,1.8,3.8,4.33,7,3,8,3,19,1.0,0.0,0.0,2.0,6.0,1.0,5.0,5.0,4.0,1.0,1.0,-3.0,4.0,0.0,0.0,0.0,0.0,1.0,-1.0,5.6,55.6,0.0,77.8,12.0,7.0,12.0,6.0,1380.4,1360.8
2017-05-13,2016,Espanol,Valencia,0,1,A,U,2.4,3.3,3.0,3,3,7,2,19,1.0,1.0,2.0,2.0,1.0,4.0,-3.0,4.0,5.0,-1.0,-3.0,-1.0,-2.0,0.0,1.0,-1.0,1.0,1.0,0.0,44.4,27.8,22.2,61.1,11.0,12.0,14.0,11.0,1516.9,1470.6
2017-05-08,2016,Leganes,Betis,4,0,H,O,1.65,3.8,5.75,4,3,2,2,18,1.0,1.0,2.0,2.0,5.0,3.0,2.0,5.0,6.0,-1.0,0.0,-3.0,3.0,1.0,0.0,1.0,1.0,1.0,0.0,23.5,47.1,23.5,70.6,13.0,14.0,15.0,13.0,1423.7,1442.4
2017-05-07,2016,Valencia,Osasuna,4,1,H,O,1.22,6.5,13.0,8,4,9,2,18,1.0,1.0,1.0,2.0,5.0,2.0,3.0,5.0,10.0,-5.0,0.0,-8.0,8.0,0.0,0.0,0.0,0.0,2.0,-2.0,41.2,35.3,11.8,70.6,16.0,8.0,12.0,4.0,1462.7,1388.3
2017-05-07,2016,Malaga,Celta,3,0,H,O,1.4,4.5,7.5,8,2,2,1,18,3.0,1.0,0.0,2.0,8.0,6.0,2.0,2.0,5.0,-3.0,6.0,1.0,5.0,3.0,1.0,2.0,0.0,0.0,0.0,52.9,35.3,23.5,52.9,13.0,8.0,10.0,4.0,1482.3,1484.9
2017-05-07,2016,La Coruna,Espanol,1,2,A,O,2.0,3.4,4.0,5,3,12,4,18,1.0,1.0,1.0,1.0,4.0,2.0,2.0,6.0,3.0,3.0,-2.0,-1.0,-1.0,1.0,0.0,1.0,1.0,1.0,0.0,35.3,35.3,29.4,35.3,14.0,9.0,11.0,4.0,1424.8,1509.3
2017-05-07,2016,Alaves,Ath Bilbao,1,0,H,U,4.75,3.5,1.8,3,6,3,10,18,1.0,2.0,1.0,1.0,2.0,5.0,-3.0,2.0,3.0,-1.0,0.0,2.0,-2.0,0.0,1.0,-1.0,0.0,1.0,-1.0,29.4,23.5,35.3,52.9,12.0,20.0,13.0,21.0,1515.3,1584.2
2017-05-06,2016,Sp Gijon,Las Palmas,1,0,H,U,1.5,4.75,5.5,3,2,5,4,18,0.0,0.0,2.0,3.0,3.0,2.0,1.0,5.0,11.0,-6.0,-2.0,-9.0,7.0,0.0,0.0,0.0,0.0,3.0,-3.0,23.5,58.8,5.9,76.5,13.0,8.0,18.0,10.0,1386.5,1443.4
2017-05-06,2016,Granada,Real Madrid,0,4,A,O,21.0,9.0,1.13,3,8,6,3,18,0.0,3.0,3.0,0.0,1.0,13.0,-12.0,8.0,6.0,2.0,-7.0,7.0,-14.0,0.0,2.0,-2.0,3.0,0.0,3.0,23.5,52.9,75.0,12.5,10.0,25.0,15.0,17.0,1363.1,1714.9
2017-05-06,2016,Barcelona,Villarreal,4,1,H,O,1.14,8.5,17.0,8,4,4,3,18,3.0,2.0,0.0,1.0,13.0,3.0,10.0,3.0,2.0,1.0,10.0,1.0,9.0,2.0,0.0,2.0,0.0,0.0,0.0,76.5,5.9,41.2,23.5,25.0,9.0,19.0,14.0,1705.6,1580.9
2017-05-06,2016,Ath Madrid,Eibar,1,0,H,U,1.3,5.25,11.0,5,3,6,5,18,2.0,1.0,1.0,1.0,4.0,2.0,2.0,1.0,2.0,-1.0,3.0,0.0,3.0,1.0,1.0,0.0,0.0,1.0,-1.0,70.6,17.6,29.4,35.3,25.0,13.0,16.0,11.0,1662.5,1507.9
2017-05-05,2016,Sevilla,Sociedad,1,1,D,U,1.62,4.0,5.5,3,3,10,3,18,3.0,1.0,0.0,2.0,8.0,5.0,3.0,3.0,6.0,-3.0,5.0,-1.0,6.0,2.0,0.0,2.0,0.0,0.0,0.0,76.5,5.9,52.9,47.1,30.0,10.0,16.0,11.0,1571.6,1547.0
2017-05-01,2016,Malaga,Sevilla,4,2,H,O,4.0,3.6,1.91,5,4,1,3,17,2.0,0.0,1.0,2.0,4.0,1.0,3.0,2.0,6.0,-4.0,2.0,-5.0,7.0,2.0,0.0,2.0,1.0,2.0,-1.0,50.0,37.5,41.2,29.4,13.0,7.0,15.0,8.0,1469.1,1584.9
2017-04-30,2016,Osasuna,La Coruna,2,2,D,O,3.9,3.6,1.95,5,5,7,7,18,1.0,0.0,1.0,3.0,5.0,2.0,3.0,5.0,8.0,-3.0,0.0,-6.0,6.0,0.0,0.0,0.0,0.0,2.0,-2.0,5.9,58.8,5.9,64.7,13.0,10.0,11.0,9.0,1387.1,1426.0
2017-04-30,2016,Eibar,Leganes,2,0,H,U,2.1,3.3,3.75,5,1,2,11,18,1.0,0.0,1.0,2.0,4.0,3.0,1.0,3.0,5.0,-2.0,1.0,-2.0,3.0,1.0,0.0,1.0,0.0,0.0,0.0,52.9,29.4,17.6,58.8,12.0,9.0,20.0,16.0,1499.8,1431.7
2017-04-30,2016,Celta,Ath Bilbao,0,3,A,O,4.5,3.7,1.8,0,12,0,11,17,1.0,2.0,2.0,1.0,3.0,4.0,-1.0,4.0,4.0,0.0,-1.0,0.0,-1.0,1.0,0.0,1.0,1.0,1.0,0.0,56.2,37.5,31.2,56.2,13.0,12.0,9.0,13.0,1492.5,1576.6
2017-04-30,2016,Betis,Alaves,1,4,A,O,2.1,3.2,3.8,3,5,4,0,18,2.0,0.0,1.0,2.0,4.0,1.0,3.0,1.0,5.0,-4.0,3.0,-4.0,7.0,2.0,0.0,2.0,0.0,1.0,-1.0,35.3,29.4,35.3,41.2,12.0,8.0,14.0,15.0,1450.8,1506.9
2017-04-29,2016,Sociedad,Granada,2,1,H,O,1.17,7.5,17.0,5,3,7,1,18,2.0,0.0,0.0,2.0,5.0,1.0,4.0,2.0,5.0,-3.0,3.0,-4.0,7.0,1.0,0.0,1.0,0.0,2.0,-2.0,52.9,23.5,0.0,76.5,15.0,9.0,25.0,8.0,1541.7,1368.5
2017-04-29,2016,Real Madrid,Valencia,2,1,H,O,1.17,9.0,13.0,5,2,2,3,18,1.0,1.0,1.0,2.0,6.0,5.0,1.0,4.0,7.0,-3.0,2.0,-2.0,4.0,1.0,1.0,0.0,0.0,2.0,-2.0,70.6,5.9,23.5,58.8,26.0,15.0,16.0,11.0,1711.0,1466.6
2017-04-29,2016,Las Palmas,Ath Madrid,0,5,A,O,5.25,3.6,1.73,3,7,7,1,18,2.0,2.0,0.0,0.0,6.0,4.0,2.0,2.0,1.0,1.0,4.0,3.0,1.0,1.0,1.0,0.0,0.0,0.0,0.0,52.9,11.8,47.1,17.6,19.0,13.0,13.0,5.0,1448.0,1657.9
2017-04-29,2016,Espanol,Barcelona,0,3,A,O,15.0,7.5,1.18,3,9,4,5,18,2.0,2.0,1.0,1.0,3.0,7.0,-4.0,2.0,5.0,-3.0,1.0,2.0,-1.0,0.0,1.0,-1.0,0.0,1.0,-1.0,47.1,23.5,64.7,17.6,13.0,25.0,14.0,16.0,1514.4,1700.5
2017-04-28,2016,Villarreal,Sp Gijon,3,1,H,O,1.4,4.75,8.0,6,7,4,7,18,2.0,0.0,1.0,1.0,7.0,3.0,4.0,5.0,5.0,0.0,2.0,-2.0,4.0,1.0,0.0,1.0,0.0,1.0,-1.0,58.8,23.5,5.9,58.8,17.0,9.0,18.0,14.0,1575.8,1391.6
2017-04-27,2016,Sevilla,Celta,2,1,H,O,1.33,5.5,8.0,5,1,5,1,17,2.0,2.0,0.0,1.0,6.0,6.0,0.0,2.0,3.0,-1.0,4.0,3.0,1.0,2.0,1.0,1.0,0.0,0.0,0.0,75.0,6.2,25.0,50.0,31.0,9.0,20.0,4.0,1577.0,1500.4
2017-04-27,2016,Ath Bilbao,Betis,2,1,H,O,1.4,4.5,9.0,9,3,11,1,18,2.0,1.0,1.0,2.0,8.0,3.0,5.0,3.0,6.0,-3.0,5.0,-3.0,8.0,2.0,0.0,2.0,0.0,1.0,-1.0,70.6,11.8,25.0,68.8,17.0,14.0,24.0,16.0,1569.7,1457.7
2017-04-27,2016,Alaves,Eibar,0,0,D,U,2.75,3.2,2.7,4,4,3,2,17,2.0,2.0,1.0,1.0,3.0,5.0,-2.0,2.0,4.0,-2.0,1.0,1.0,0.0,0.0,1.0,-1.0,0.0,1.0,-1.0,31.2,25.0,31.2,37.5,13.0,13.0,15.0,14.0,1507.1,1499.6
2017-04-26,2016,Valencia,Sociedad,2,3,A,O,2.6,3.4,2.7,3,2,2,3,17,2.0,0.0,0.0,3.0,6.0,2.0,4.0,2.0,5.0,-3.0,4.0,-3.0,7.0,1.0,0.0,1.0,0.0,0.0,0.0,43.8,31.2,50.0,50.0,21.0,10.0,13.0,16.0,1474.9,1533.3
2017-04-26,2016,Leganes,Las Palmas,3,0,H,O,1.73,3.6,4.75,5,0,6,3,17,0.0,0.0,2.0,3.0,2.0,3.0,-1.0,5.0,11.0,-6.0,-3.0,-8.0,5.0,0.0,0.0,0.0,1.0,3.0,-2.0,18.8,50.0,6.2,75.0,10.0,13.0,15.0,13.0,1420.6,1459.1
2017-04-26,2016,La Coruna,Real Madrid,2,6,A,O,8.0,4.75,1.4,7,11,4,5,17,1.0,3.0,1.0,0.0,2.0,9.0,-7.0,1.0,5.0,-4.0,1.0,4.0,-3.0,1.0,1.0,0.0,0.0,0.0,0.0,37.5,31.2,73.3,13.3,9.0,18.0,10.0,17.0,1429.3,1707.6
2017-04-26,2016,Barcelona,Osasuna,7,1,H,O,1.02,17.0,34.0,9,2,10,1,17,3.0,1.0,0.0,2.0,10.0,1.0,9.0,4.0,5.0,-1.0,6.0,-4.0,10.0,2.0,0.0,2.0,0.0,2.0,-2.0,75.0,6.2,12.5,68.8,28.0,11.0,15.0,3.0,1697.6,1390.1
2017-04-25,2016,Sp Gijon,Espanol,1,1,D,U,2.05,3.4,3.6,6,5,7,2,17,1.0,1.0,2.0,1.0,5.0,2.0,3.0,5.0,3.0,2.0,0.0,-1.0,1.0,1.0,0.0,1.0,0.0,1.0,-1.0,25.0,62.5,31.2,37.5,18.0,5.0,17.0,4.0,1388.0,1518.0
2017-04-25,2016,Granada,Malaga,0,2,A,U,3.9,3.5,1.95,1,6,2,4,17,0.0,1.0,3.0,1.0,2.0,1.0,1.0,10.0,2.0,8.0,-8.0,-1.0,-7.0,0.0,0.0,0.0,3.0,1.0,2.0,25.0,50.0,5.9,52.9,14.0,7.0,14.0,12.0,1376.1,1461.5
2017-04-25,2016,Ath Madrid,Villarreal,0,1,A,U,1.4,4.1,9.0,9,2,5,1,17,3.0,1.0,0.0,2.0,7.0,2.0,5.0,1.0,3.0,-2.0,6.0,-1.0,7.0,2.0,0.0,2.0,0.0,0.0,0.0,75.0,12.5,37.5,25.0,24.0,10.0,13.0,18.0,1670.9,1562.8
2017-04-24,2016,Eibar,Ath Bilbao,0,1,A,U,2.6,3.3,2.75,2,3,5,5,17,1.0,2.0,1.0,1.0,5.0,5.0,0.0,6.0,4.0,2.0,-1.0,1.0,-2.0,1.0,1.0,0.0,1.0,1.0,0.0,56.2,25.0,26.7,60.0,12.0,14.0,19.0,11.0,1508.1,1561.3
2017-04-23,2016,Sociedad,La Coruna,1,0,H,U,1.57,4.0,6.0,3,1,11,1,17,1.0,1.0,1.0,2.0,4.0,3.0,1.0,4.0,7.0,-3.0,0.0,-4.0,4.0,1.0,0.0,1.0,1.0,2.0,-1.0,50.0,25.0,6.2,62.5,16.0,12.0,22.0,12.0,1525.8,1436.8
2017-04-23,2016,Real Madrid,Barcelona,2,3,A,O,2.05,4.0,3.2,14,9,7,4,17,2.0,1.0,0.0,2.0,6.0,5.0,1.0,2.0,5.0,-3.0,4.0,0.0,4.0,1.0,1.0,0.0,0.0,1.0,-1.0,75.0,0.0,62.5,18.8,16.0,21.0,17.0,20.0,1718.5,1686.7
2017-04-23,2016,Las Palmas,Alaves,1,1,D,U,2.0,3.5,3.8,3,5,3,9,17,3.0,1.0,0.0,2.0,10.0,2.0,8.0,3.0,5.0,-2.0,7.0,-3.0,10.0,2.0,0.0,2.0,0.0,1.0,-1.0,56.2,12.5,37.5,43.8,24.0,5.0,15.0,9.0,1457.6,1508.6
2017-04-23,2016,Celta,Betis,0,1,A,U,2.05,3.4,3.75,4,6,5,6,16,1.0,0.0,2.0,3.0,3.0,3.0,0.0,4.0,8.0,-4.0,-1.0,-5.0,4.0,1.0,0.0,1.0,1.0,1.0,0.0,60.0,33.3,20.0,73.3,10.0,12.0,8.0,14.0,1512.2,1445.8
2017-04-22,2016,Villarreal,Leganes,2,1,H,O,1.67,3.6,5.75,5,4,3,8,17,2.0,0.0,1.0,1.0,7.0,3.0,4.0,4.0,4.0,0.0,3.0,-1.0,4.0,2.0,0.0,2.0,0.0,0.0,0.0,56.2,25.0,18.8,56.2,18.0,9.0,16.0,9.0,1556.3,1427.1
2017-04-22,2016,Osasuna,Sp Gijon,2,2,D,O,2.5,3.4,2.8,1,4,1,5,17,1.0,0.0,1.0,1.0,4.0,2.0,2.0,4.0,4.0,0.0,0.0,-2.0,2.0,0.0,0.0,0.0,0.0,1.0,-1.0,6.2,62.5,6.2,62.5,18.0,9.0,16.0,18.0,1390.1,1388.0
2017-04-22,2016,Malaga,Valencia,2,0,H,U,2.2,3.4,3.3,4,2,7,6,16,1.0,1.0,2.0,2.0,3.0,5.0,-2.0,4.0,8.0,-4.0,-1.0,-3.0,2.0,1.0,1.0,0.0,1.0,2.0,-1.0,46.7,40.0,25.0,56.2,18.0,15.0,13.0,7.0,1450.5,1486.0
2017-04-22,2016,Espanol,Ath Madrid,0,1,A,U,5.0,3.6,1.75,2,3,5,3,17,3.0,2.0,0.0,0.0,7.0,4.0,3.0,4.0,1.0,3.0,3.0,3.0,0.0,0.0,1.0,-1.0,0.0,0.0,0.0,50.0,18.8,43.8,18.8,17.0,16.0,11.0,11.0,1524.2,1664.8
2017-04-21,2016,Sevilla,Granada,2,0,H,U,1.17,8.0,15.0,12,2,7,2,16,1.0,0.0,0.0,2.0,5.0,1.0,4.0,3.0,4.0,-1.0,2.0,-3.0,5.0,1.0,0.0,1.0,0.0,1.0,-1.0,73.3,6.7,0.0,75.0,23.0,8.0,17.0,10.0,1572.0,1381.1
2017-04-17,2016,Alaves,Villarreal,2,1,H,O,3.0,3.0,2.55,5,5,5,11,16,1.0,2.0,1.0,1.0,2.0,2.0,0.0,2.0,1.0,1.0,0.0,1.0,-1.0,0.0,0.0,0.0,0.0,0.0,0.0,26.7,26.7,40.0,20.0,12.0,9.0,12.0,10.0,1496.6,1568.4
2017-04-16,2016,Valencia,Sevilla,0,0,D,U,2.55,3.2,2.75,3,2,4,2,16,2.0,0.0,0.0,2.0,7.0,2.0,5.0,3.0,7.0,-4.0,4.0,-5.0,9.0,1.0,0.0,1.0,0.0,2.0,-2.0,46.7,33.3,43.8,31.2,25.0,6.0,16.0,8.0,1483.4,1574.6
2017-04-16,2016,Leganes,Espanol,0,1,A,U,2.0,3.2,4.0,5,2,5,1,16,1.0,0.0,1.0,2.0,3.0,1.0,2.0,4.0,5.0,-1.0,-1.0,-4.0,3.0,0.0,0.0,0.0,1.0,2.0,-1.0,20.0,46.7,26.7,40.0,9.0,5.0,17.0,4.0,1434.7,1516.5
2017-04-16,2016,Granada,Celta,0,3,A,O,2.8,3.3,2.45,4,4,8,1,16,0.0,1.0,3.0,2.0,2.0,3.0,-1.0,8.0,8.0,0.0,-6.0,-5.0,-1.0,0.0,0.0,0.0,2.0,1.0,1.0,26.7,46.7,20.0,53.3,12.0,7.0,10.0,4.0,1387.8,1505.5
2017-04-16,2016,Betis,Eibar,2,0,H,U,2.7,3.2,2.63,4,3,4,6,17,1.0,2.0,2.0,0.0,4.0,6.0,-2.0,4.0,3.0,1.0,0.0,3.0,-3.0,1.0,1.0,0.0,0.0,0.0,0.0,31.2,31.2,33.3,33.3,13.0,17.0,17.0,14.0,1433.4,1520.5
2017-04-15,2016,Sp Gijon,Real Madrid,2,3,A,O,6.5,5.0,1.4,2,6,4,8,16,1.0,3.0,2.0,0.0,3.0,10.0,-7.0,3.0,4.0,-1.0,0.0,6.0,-6.0,1.0,2.0,-1.0,0.0,0.0,0.0,26.7,60.0,71.4,14.3,18.0,19.0,19.0,13.0,1390.6,1715.9
2017-04-15,2016,La Coruna,Malaga,2,0,H,U,2.25,3.2,3.25,4,3,1,4,16,1.0,1.0,1.0,1.0,2.0,1.0,1.0,2.0,1.0,1.0,0.0,0.0,0.0,0.0,0.0,0.0,0.0,0.0,0.0,33.3,33.3,6.2,50.0,14.0,6.0,13.0,10.0,1425.8,1461.5
2017-04-15,2016,Barcelona,Sociedad,3,2,H,O,1.17,6.5,17.0,9,7,5,4,16,3.0,1.0,0.0,2.0,12.0,3.0,9.0,2.0,4.0,-2.0,10.0,-1.0,11.0,3.0,0.0,3.0,0.0,0.0,0.0,73.3,6.7,53.3,46.7,28.0,9.0,20.0,18.0,1680.8,1531.8
2017-04-15,2016,Ath Madrid,Osasuna,3,0,H,O,1.14,8.0,15.0,8,0,5,2,16,3.0,1.0,0.0,2.0,7.0,3.0,4.0,1.0,7.0,-6.0,6.0,-4.0,10.0,2.0,0.0,2.0,0.0,2.0,-2.0,73.3,13.3,13.3,66.7,24.0,15.0,14.0,2.0,1661.2,1393.6
2017-04-14,2016,Ath Bilbao,Las Palmas,5,1,H,O,1.44,4.5,7.5,7,2,14,5,17,2.0,0.0,1.0,3.0,4.0,5.0,-1.0,2.0,10.0,-8.0,2.0,-5.0,7.0,1.0,0.0,1.0,0.0,2.0,-2.0,68.8,12.5,6.7,73.3,13.0,16.0,18.0,13.0,1553.8,1465.1
2017-04-10,2016,Sociedad,Sp Gijon,3,1,H,O,1.44,4.75,7.0,7,3,7,4,16,0.0,0.0,1.0,1.0,3.0,2.0,1.0,5.0,7.0,-2.0,-2.0,-5.0,3.0,0.0,0.0,0.0,1.0,1.0,0.0,46.7,26.7,6.7,60.0,16.0,8.0,18.0,17.0,1525.3,1397.1
2017-04-09,2016,Osasuna,Leganes,2,1,H,O,3.8,3.3,2.05,6,2,4,8,16,0.0,0.0,2.0,1.0,3.0,2.0,1.0,7.0,3.0,4.0,-4.0,-1.0,-3.0,0.0,0.0,0.0,1.0,0.0,1.0,0.0,66.7,20.0,53.3,15.0,7.0,20.0,4.0,1381.8,1446.6
2017-04-09,2016,Las Palmas,Betis,4,1,H,O,2.1,3.5,3.5,6,5,2,6,16,2.0,0.0,1.0,2.0,6.0,3.0,3.0,3.0,5.0,-2.0,3.0,-2.0,5.0,1.0,0.0,1.0,0.0,0.0,0.0,53.3,13.3,21.4,71.4,25.0,10.0,19.0,12.0,1455.5,1443.0
2017-04-09,2016,Granada,Valencia,1,3,A,O,3.5,3.4,2.1,5,8,5,2,15,1.0,0.0,2.0,3.0,3.0,3.0,0.0,6.0,9.0,-3.0,-3.0,-6.0,3.0,0.0,0.0,0.0,1.0,2.0,-1.0,28.6,42.9,20.0,60.0,13.0,9.0,9.0,6.0,1395.5,1475.7
2017-04-09,2016,Celta,Eibar,0,2,A,U,2.25,3.4,3.25,3,6,0,3,15,1.0,1.0,1.0,0.0,5.0,6.0,-1.0,4.0,5.0,-1.0,1.0,1.0,0.0,1.0,0.0,1.0,0.0,0.0,0.0,64.3,28.6,28.6,35.7,11.0,15.0,9.0,16.0,1515.7,1510.4
2017-04-08,2016,Sevilla,La Coruna,4,2,H,O,1.5,4.33,6.5,13,4,4,2,15,1.0,1.0,0.0,2.0,2.0,1.0,1.0,1.0,7.0,-6.0,1.0,-6.0,7.0,0.0,0.0,0.0,0.0,2.0,-2.0,71.4,7.1,6.7,60.0,14.0,11.0,19.0,17.0,1568.3,1432.0
2017-04-08,2016,Real Madrid,Ath Madrid,1,1,D,U,1.8,3.8,4.33,6,4,6,2,16,2.0,2.0,0.0,0.0,8.0,4.0,4.0,4.0,1.0,3.0,4.0,3.0,1.0,1.0,1.0,0.0,0.0,0.0,0.0,80.0,0.0,46.7,20.0,17.0,16.0,18.0,11.0,1717.5,1659.6
2017-04-08,2016,Malaga,Barcelona,2,0,H,U,8.0,5.25,1.36,4,3,2,3,15,0.0,2.0,3.0,1.0,2.0,7.0,-5.0,6.0,4.0,2.0,-4.0,3.0,-7.0,0.0,1.0,-1.0,1.0,0.0,1.0,42.9,42.9,66.7,13.3,18.0,24.0,18.0,22.0,1445.3,1697.0
2017-04-08,2016,Espanol,Alaves,1,0,H,U,2.1,3.1,3.8,6,0,5,3,16,3.0,1.0,0.0,2.0,9.0,3.0,6.0,4.0,6.0,-2.0,5.0,-3.0,8.0,1.0,0.0,1.0,0.0,1.0,-1.0,46.7,20.0,40.0,40.0,17.0,10.0,16.0,10.0,1506.5,1506.6
2017-04-07,2016,Villarreal,Ath Bilbao,3,1,H,O,2.15,3.2,3.6,5,5,4,5,16,1.0,2.0,2.0,1.0,6.0,4.0,2.0,6.0,2.0,4.0,0.0,2.0,-2.0,1.0,1.0,0.0,0.0,0.0,0.0,53.3,26.7,28.6,57.1,17.0,13.0,17.0,15.0,1558.2,1563.9
2017-04-06,2016,Valencia,Celta,3,2,H,O,2.0,3.5,3.75,10,3,6,2,15,2.0,1.0,0.0,1.0,5.0,2.0,3.0,1.0,6.0,-5.0,4.0,-4.0,8.0,1.0,0.0,1.0,0.0,1.0,-1.0,42.9,35.7,21.4,50.0,21.0,9.0,17.0,7.0,1463.9,1527.5
2017-04-06,2016,Eibar,Las Palmas,3,1,H,O,1.85,3.75,4.2,6,6,9,2,16,1.0,0.0,1.0,2.0,5.0,7.0,-2.0,5.0,10.0,-5.0,0.0,-3.0,3.0,1.0,0.0,1.0,1.0,1.0,0.0,53.3,26.7,7.1,71.4,10.0,18.0,12.0,15.0,1501.4,1464.4
2017-04-05,2016,Sp Gijon,Malaga,0,1,A,U,2.8,3.25,2.6,5,3,7,1,15,1.0,0.0,1.0,2.0,4.0,0.0,4.0,3.0,4.0,-1.0,1.0,-4.0,5.0,1.0,0.0,1.0,0.0,1.0,-1.0,28.6,57.1,0.0,53.3,19.0,5.0,19.0,11.0,1406.3,1436.2
2017-04-05,2016,Leganes,Real Madrid,2,4,A,O,8.0,5.25,1.33,3,8,4,4,15,2.0,3.0,0.0,0.0,5.0,9.0,-4.0,0.0,4.0,-4.0,5.0,5.0,0.0,1.0,1.0,0.0,0.0,0.0,0.0,21.4,42.9,69.2,15.4,11.0,17.0,15.0,14.0,1450.2,1713.9
2017-04-05,2016,La Coruna,Granada,0,0,D,U,1.55,4.0,6.5,3,2,6,3,15,1.0,0.0,1.0,3.0,3.0,2.0,1.0,3.0,7.0,-4.0,0.0,-5.0,5.0,0.0,0.0,0.0,0.0,2.0,-2.0,35.7,35.7,0.0,80.0,16.0,8.0,13.0,10.0,1433.2,1394.4
2017-04-05,2016,Barcelona,Sevilla,3,0,H,O,1.22,7.0,11.0,7,3,4,4,15,3.0,1.0,0.0,1.0,15.0,4.0,11.0,3.0,5.0,-2.0,12.0,-1.0,13.0,3.0,0.0,3.0,0.0,1.0,-1.0,71.4,7.1,46.7,26.7,30.0,7.0,26.0,8.0,1690.2,1575.1
2017-04-05,2016,Alaves,Osasuna,0,1,A,U,1.44,4.5,7.0,3,6,5,1,15,2.0,0.0,0.0,3.0,4.0,2.0,2.0,2.0,10.0,-8.0,2.0,-8.0,10.0,0.0,0.0,0.0,0.0,3.0,-3.0,28.6,21.4,7.1,71.4,14.0,10.0,9.0,3.0,1520.7,1367.7
2017-04-04,2016,Betis,Villarreal,0,1,A,U,2.75,3.2,2.7,3,2,5,2,16,1.0,2.0,2.0,1.0,5.0,5.0,0.0,5.0,2.0,3.0,0.0,3.0,-3.0,1.0,1.0,0.0,0.0,0.0,0.0,33.3,26.7,35.7,21.4,14.0,13.0,16.0,10.0,1450.2,1551.0
2017-04-04,2016,Ath Madrid,Sociedad,1,0,H,U,1.36,4.75,9.5,8,1,6,4,15,2.0,2.0,1.0,1.0,7.0,4.0,3.0,3.0,3.0,0.0,4.0,1.0,3.0,2.0,0.0,2.0,0.0,0.0,0.0,71.4,14.3,57.1,42.9,20.0,10.0,14.0,15.0,1652.9,1532.0
2017-04-04,2016,Ath Bilbao,Espanol,2,0,H,U,1.5,4.2,7.0,5,2,5,1,16,2.0,0.0,1.0,1.0,5.0,3.0,2.0,3.0,5.0,-2.0,2.0,-2.0,4.0,1.0,0.0,1.0,0.0,1.0,-1.0,66.7,13.3,28.6,35.7,15.0,5.0,13.0,6.0,1555.1,1515.3
2017-04-03,2016,Celta,Las Palmas,3,1,H,O,1.95,3.5,3.8,6,5,4,6,14,1.0,0.0,1.0,2.0,5.0,7.0,-2.0,3.0,9.0,-6.0,2.0,-2.0,4.0,1.0,0.0,1.0,0.0,0.0,0.0,61.5,30.8,7.7,69.2,9.0,17.0,8.0,15.0,1518.8,1473.1
2017-04-02,2016,Valencia,La Coruna,3,0,H,O,1.85,3.4,4.75,8,5,3,6,14,2.0,1.0,0.0,2.0,4.0,2.0,2.0,2.0,6.0,-4.0,2.0,-4.0,6.0,0.0,0.0,0.0,0.0,1.0,-1.0,38.5,38.5,7.1,57.1,18.0,9.0,17.0,13.0,1454.2,1442.8
2017-04-02,2016,Sevilla,Sp Gijon,0,0,D,U,1.33,5.5,8.5,6,2,9,5,14,2.0,1.0,0.0,1.0,4.0,4.0,0.0,1.0,7.0,-6.0,3.0,-3.0,6.0,1.0,1.0,0.0,0.0,1.0,-1.0,76.9,7.7,7.1,64.3,13.0,8.0,15.0,15.0,1579.9,1401.5
2017-04-02,2016,Real Madrid,Alaves,3,0,H,O,1.11,10.0,19.0,6,3,3,3,15,2.0,2.0,0.0,1.0,7.0,4.0,3.0,4.0,3.0,1.0,3.0,1.0,2.0,1.0,0.0,1.0,0.0,0.0,0.0,78.6,0.0,42.9,35.7,14.0,11.0,28.0,13.0,1708.7,1525.9
2017-04-02,2016,Granada,Barcelona,1,4,A,O,13.0,7.5,1.2,5,13,1,9,14,2.0,2.0,1.0,1.0,6.0,9.0,-3.0,3.0,3.0,0.0,3.0,6.0,-3.0,1.0,1.0,0.0,0.0,0.0,0.0,30.8,38.5,64.3,14.3,16.0,20.0,12.0,22.0,1397.6,1687.0
2017-04-01,2016,Villarreal,Eibar,2,3,A,O,1.85,3.6,4.33,7,4,11,5,15,1.0,0.0,1.0,1.0,5.0,3.0,2.0,4.0,5.0,-1.0,1.0,-2.0,3.0,1.0,0.0,1.0,0.0,1.0,-1.0,57.1,21.4,23.1,38.5,15.0,14.0,15.0,13.0,1563.1,1489.4
2017-04-01,2016,Sociedad,Leganes,1,1,D,U,1.75,3.4,5.5,5,3,7,0,15,0.0,0.0,2.0,2.0,2.0,2.0,0.0,5.0,4.0,1.0,-3.0,-2.0,-1.0,0.0,0.0,0.0,1.0,0.0,1.0,50.0,28.6,21.4,57.1,11.0,10.0,18.0,8.0,1534.4,1447.7
2017-04-01,2016,Osasuna,Ath Bilbao,1,2,A,O,6.0,4.0,1.57,6,4,6,3,15,0.0,1.0,2.0,2.0,3.0,2.0,1.0,8.0,3.0,5.0,-5.0,-1.0,-4.0,0.0,1.0,-1.0,2.0,1.0,1.0,0.0,64.3,23.1,61.5,17.0,14.0,17.0,13.0,1373.0,1549.7
2017-04-01,2016,Malaga,Ath Madrid,0,2,A,U,5.25,3.5,1.75,5,6,6,0,14,1.0,2.0,2.0,0.0,4.0,6.0,-2.0,5.0,2.0,3.0,-1.0,4.0,-5.0,0.0,1.0,-1.0,0.0,0.0,0.0,46.2,38.5,42.9,21.4,19.0,16.0,14.0,14.0,1440.9,1648.3
2017-03-31,2016,Espanol,Betis,2,1,H,O,2.3,3.2,3.3,5,3,4,4,15,2.0,1.0,1.0,1.0,8.0,4.0,4.0,5.0,4.0,1.0,3.0,0.0,3.0,1.0,0.0,1.0,0.0,0.0,0.0,42.9,21.4,23.1,69.2,14.0,12.0,17.0,13.0,1506.7,1458.8
2017-03-19,2016,Sp Gijon,Granada,3,1,H,O,2.0,3.5,3.8,11,5,6,3,14,0.0,0.0,2.0,3.0,2.0,1.0,1.0,6.0,8.0,-2.0,-4.0,-7.0,3.0,0.0,0.0,0.0,1.0,2.0,-1.0,23.1,61.5,0.0,78.6,10.0,6.0,25.0,15.0,1391.0,1408.1
2017-03-19,2016,Leganes,Malaga,0,0,D,U,2.4,3.0,3.3,2,1,6,7,14,2.0,0.0,1.0,2.0,5.0,1.0,4.0,2.0,5.0,-3.0,3.0,-4.0,7.0,1.0,0.0,1.0,1.0,1.0,0.0,23.1,46.2,0.0,57.1,12.0,9.0,13.0,13.0,1448.0,1440.6
2017-03-19,2016,La Coruna,Celta,0,1,A,U,2.2,3.3,3.4,2,2,3,1,14,1.0,0.0,0.0,2.0,4.0,3.0,1.0,3.0,9.0,-6.0,1.0,-6.0,7.0,0.0,0.0,0.0,0.0,1.0,-1.0,38.5,30.8,15.4,53.8,16.0,13.0,17.0,9.0,1451.1,1510.5
2017-03-19,2016,Barcelona,Valencia,4,2,H,O,1.13,9.5,19.0,12,5,6,3,14,3.0,0.0,0.0,2.0,13.0,1.0,12.0,2.0,5.0,-3.0,11.0,-4.0,15.0,2.0,0.0,2.0,0.0,1.0,-1.0,69.2,7.7,21.4,57.1,24.0,8.0,24.0,9.0,1682.7,1458.5
2017-03-19,2016,Ath Madrid,Sevilla,3,1,H,O,1.67,3.8,5.25,8,2,2,2,14,2.0,2.0,1.0,0.0,7.0,4.0,3.0,4.0,2.0,2.0,3.0,2.0,1.0,1.0,0.0,1.0,0.0,0.0,0.0,69.2,15.4,50.0,21.4,17.0,8.0,15.0,10.0,1639.7,1588.4
2017-03-18,2016,Eibar,Espanol,1,1,D,U,1.91,3.5,4.2,4,1,6,2,15,2.0,0.0,1.0,2.0,8.0,2.0,6.0,4.0,6.0,-2.0,4.0,-4.0,8.0,2.0,0.0,2.0,1.0,2.0,-1.0,57.1,28.6,30.8,38.5,15.0,5.0,13.0,6.0,1488.8,1507.2
2017-03-18,2016,Betis,Osasuna,2,0,H,U,1.44,4.33,8.0,5,5,5,0,15,0.0,0.0,2.0,3.0,3.0,2.0,1.0,5.0,11.0,-6.0,-2.0,-9.0,7.0,0.0,0.0,0.0,0.0,3.0,-3.0,28.6,28.6,7.7,69.2,11.0,8.0,15.0,8.0,1450.8,1381.0
2017-03-18,2016,Ath Bilbao,Real Madrid,1,2,A,O,5.0,4.0,1.67,5,4,5,5,15,3.0,2.0,0.0,1.0,6.0,8.0,-2.0,2.0,5.0,-3.0,4.0,3.0,1.0,1.0,1.0,0.0,0.0,0.0,0.0,71.4,7.1,66.7,16.7,15.0,18.0,11.0,20.0,1555.8,1702.7
2017-03-18,2016,Alaves,Sociedad,1,0,H,U,2.55,3.2,2.9,5,2,5,8,14,1.0,3.0,1.0,0.0,3.0,6.0,-3.0,8.0,3.0,5.0,-5.0,3.0,-8.0,0.0,0.0,0.0,1.0,0.0,1.0,23.1,23.1,61.5,38.5,13.0,13.0,7.0,13.0,1515.0,1545.3
2017-03-17,2016,Las Palmas,Villarreal,1,0,H,U,2.55,3.4,2.75,10,3,8,5,15,1.0,3.0,2.0,0.0,5.0,6.0,-1.0,4.0,1.0,3.0,1.0,5.0,-4.0,1.0,1.0,0.0,0.0,0.0,0.0,50.0,14.3,38.5,15.4,22.0,13.0,12.0,9.0,1459.9,1576.4
2017-03-13,2016,Osasuna,Eibar,1,1,D,U,3.6,3.4,2.1,6,7,6,6,14,0.0,1.0,2.0,1.0,3.0,6.0,-3.0,8.0,4.0,4.0,-5.0,2.0,-7.0,0.0,1.0,-1.0,2.0,1.0,1.0,0.0,69.2,25.0,41.7,13.0,14.0,15.0,13.0,1377.8,1492.0
2017-03-12,2016,Sociedad,Ath Bilbao,0,2,A,U,2.1,3.3,3.5,4,5,8,3,14,1.0,0.0,1.0,3.0,5.0,0.0,5.0,5.0,6.0,-1.0,0.0,-6.0,6.0,0.0,0.0,0.0,0.0,2.0,-2.0,53.8,23.1,16.7,66.7,13.0,14.0,13.0,13.0,1555.6,1545.5
2017-03-12,2016,Real Madrid,Betis,2,1,H,O,1.13,9.0,21.0,4,4,8,4,14,2.0,1.0,0.0,1.0,8.0,4.0,4.0,3.0,6.0,-3.0,5.0,-2.0,7.0,2.0,0.0,2.0,0.0,1.0,-1.0,76.9,0.0,25.0,66.7,14.0,10.0,20.0,16.0,1698.8,1454.7
2017-03-12,2016,La Coruna,Barcelona,2,1,H,O,13.0,6.5,1.22,9,5,4,8,13,0.0,2.0,1.0,0.0,2.0,9.0,-7.0,3.0,2.0,1.0,-1.0,7.0,-8.0,0.0,1.0,-1.0,0.0,0.0,0.0,33.3,33.3,69.2,7.7,11.0,19.0,23.0,16.0,1434.7,1699.1
2017-03-12,2016,Celta,Villarreal,0,1,A,U,2.75,3.2,2.75,1,4,4,3,13,2.0,2.0,0.0,0.0,6.0,5.0,1.0,2.0,1.0,1.0,4.0,4.0,0.0,1.0,1.0,0.0,0.0,0.0,0.0,66.7,25.0,33.3,16.7,12.0,13.0,11.0,6.0,1519.1,1567.7
2017-03-11,2016,Valencia,Sp Gijon,1,1,D,U,1.5,4.33,6.5,7,4,7,9,13,3.0,1.0,0.0,2.0,5.0,4.0,1.0,1.0,8.0,-7.0,4.0,-4.0,8.0,1.0,1.0,0.0,0.0,1.0,-1.0,41.7,41.7,7.7,69.2,16.0,7.0,13.0,6.0,1460.5,1389.0
2017-03-11,2016,Sevilla,Leganes,1,1,D,U,1.36,4.75,8.0,4,4,4,1,13,2.0,0.0,0.0,3.0,3.0,1.0,2.0,0.0,5.0,-5.0,3.0,-4.0,7.0,1.0,0.0,1.0,0.0,1.0,-1.0,83.3,8.3,23.1,61.5,13.0,8.0,20.0,13.0,1592.4,1443.9
2017-03-11,2016,Malaga,Alaves,1,2,A,O,2.0,3.3,4.0,9,2,5,3,13,1.0,2.0,2.0,1.0,3.0,6.0,-3.0,4.0,4.0,0.0,-1.0,2.0,-3.0,0.0,1.0,-1.0,0.0,0.0,0.0,50.0,33.3,38.5,38.5,15.0,16.0,26.0,14.0,1449.0,1506.7
2017-03-11,2016,Granada,Ath Madrid,0,1,A,U,7.5,4.0,1.5,2,6,4,9,13,3.0,1.0,0.0,0.0,7.0,5.0,2.0,2.0,2.0,0.0,5.0,3.0,2.0,1.0,1.0,0.0,0.0,0.0,0.0,33.3,33.3,38.5,23.1,18.0,12.0,14.0,7.0,1412.4,1635.4
2017-03-10,2016,Espanol,Las Palmas,4,3,H,O,2.2,3.4,3.3,6,5,2,5,14,2.0,0.0,1.0,2.0,7.0,4.0,3.0,3.0,6.0,-3.0,4.0,-2.0,6.0,2.0,0.0,2.0,0.0,0.0,0.0,38.5,23.1,8.3,66.7,16.0,17.0,22.0,15.0,1498.1,1469.1
2017-03-08,2016,La Coruna,Betis,1,1,D,U,2.15,3.2,3.7,5,3,6,4,12,0.0,1.0,1.0,2.0,1.0,3.0,-2.0,2.0,6.0,-4.0,-1.0,-3.0,2.0,0.0,0.0,0.0,0.0,1.0,-1.0,36.4,36.4,27.3,72.7,9.0,13.0,27.0,14.0,1434.1,1455.4
2017-03-06,2016,Alaves,Sevilla,1,1,D,U,4.1,3.4,1.95,4,1,2,2,13,1.0,2.0,1.0,1.0,2.0,4.0,-2.0,7.0,4.0,3.0,-5.0,0.0,-5.0,0.0,0.0,0.0,1.0,1.0,0.0,25.0,25.0,53.8,23.1,13.0,12.0,12.0,12.0,1504.1,1595.0
2017-03-05,2016,Sp Gijon,La Coruna,0,1,A,U,2.6,3.2,2.88,2,3,6,4,13,0.0,0.0,2.0,3.0,4.0,2.0,2.0,9.0,9.0,0.0,-5.0,-7.0,2.0,0.0,0.0,0.0,2.0,2.0,0.0,25.0,58.3,0.0,61.5,12.0,13.0,27.0,19.0,1398.2,1424.9
2017-03-05,2016,Las Palmas,Osasuna,5,2,H,O,1.57,4.0,6.0,8,4,5,1,14,1.0,0.0,2.0,3.0,3.0,2.0,1.0,3.0,9.0,-6.0,0.0,-7.0,7.0,1.0,0.0,1.0,0.0,2.0,-2.0,46.2,15.4,8.3,66.7,18.0,9.0,13.0,9.0,1461.2,1385.7
2017-03-05,2016,Ath Madrid,Valencia,3,0,H,O,1.44,4.5,7.5,8,2,6,2,13,2.0,0.0,1.0,2.0,6.0,2.0,4.0,4.0,5.0,-1.0,2.0,-3.0,5.0,1.0,0.0,1.0,0.0,1.0,-1.0,66.7,16.7,23.1,53.8,13.0,9.0,12.0,10.0,1629.8,1466.1
2017-03-05,2016,Ath Bilbao,Malaga,1,0,H,U,1.75,3.6,5.0,3,2,8,2,14,3.0,0.0,0.0,1.0,7.0,2.0,5.0,3.0,5.0,-2.0,4.0,-3.0,7.0,1.0,0.0,1.0,0.0,1.0,-1.0,69.2,7.7,0.0,53.8,18.0,12.0,8.0,17.0,1537.8,1456.7
2017-03-04,2016,Villarreal,Espanol,2,0,H,U,1.73,3.6,5.25,6,2,1,1,14,1.0,1.0,1.0,1.0,5.0,3.0,2.0,4.0,4.0,0.0,1.0,-1.0,2.0,1.0,0.0,1.0,0.0,1.0,-1.0,53.8,23.1,33.3,33.3,15.0,6.0,21.0,7.0,1559.2,1506.5
2017-03-04,2016,Leganes,Granada,1,0,H,U,1.8,3.4,5.0,4,1,7,4,13,1.0,0.0,2.0,3.0,4.0,1.0,3.0,4.0,9.0,-5.0,0.0,-8.0,8.0,1.0,0.0,1.0,2.0,3.0,-1.0,16.7,50.0,0.0,76.9,8.0,5.0,14.0,15.0,1434.3,1422.1
2017-03-04,2016,Eibar,Real Madrid,1,4,A,O,5.0,4.0,1.67,2,7,4,4,14,3.0,2.0,0.0,1.0,10.0,7.0,3.0,1.0,5.0,-4.0,9.0,2.0,7.0,3.0,1.0,2.0,0.0,0.0,0.0,61.5,23.1,63.6,18.2,19.0,17.0,18.0,18.0,1496.9,1693.9
2017-03-04,2016,Barcelona,Celta,5,0,H,O,1.13,8.5,23.0,9,2,10,1,13,3.0,1.0,0.0,1.0,11.0,5.0,6.0,2.0,4.0,-2.0,9.0,1.0,8.0,2.0,1.0,1.0,0.0,0.0,0.0,66.7,8.3,16.7,50.0,21.0,14.0,21.0,8.0,1693.6,1524.6
2017-03-03,2016,Betis,Sociedad,2,3,A,O,2.6,3.2,2.88,5,6,7,6,14,0.0,2.0,1.0,1.0,2.0,3.0,-1.0,3.0,4.0,-1.0,-1.0,-1.0,0.0,0.0,0.0,0.0,0.0,1.0,-1.0,30.8,23.1,58.3,41.7,13.0,10.0,16.0,10.0,1463.0,1548.0
2017-03-02,2016,Sevilla,Ath Bilbao,1,0,H,U,1.67,3.8,5.25,4,4,6,9,12,2.0,0.0,0.0,2.0,4.0,0.0,4.0,1.0,5.0,-4.0,3.0,-5.0,8.0,1.0,0.0,1.0,0.0,2.0,-2.0,81.8,9.1,18.2,63.6,13.0,12.0,20.0,12.0,1586.1,1546.6
2017-03-02,2016,La Coruna,Ath Madrid,1,1,D,U,5.5,3.75,1.65,2,4,7,2,11,1.0,1.0,1.0,0.0,2.0,6.0,-4.0,1.0,3.0,-2.0,1.0,3.0,-2.0,1.0,1.0,0.0,0.0,0.0,0.0,40.0,40.0,41.7,25.0,11.0,13.0,25.0,11.0,1419.4,1635.3
2017-03-01,2016,Real Madrid,Las Palmas,3,3,D,O,1.13,9.0,21.0,7,8,7,4,13,3.0,0.0,0.0,3.0,7.0,1.0,6.0,1.0,8.0,-7.0,6.0,-7.0,13.0,2.0,0.0,2.0,0.0,1.0,-1.0,83.3,0.0,9.1,72.7,14.0,10.0,18.0,12.0,1700.0,1455.1
2017-03-01,2016,Osasuna,Villarreal,1,4,A,O,3.8,3.4,2.05,3,6,8,2,13,0.0,1.0,2.0,0.0,5.0,1.0,4.0,8.0,0.0,8.0,-3.0,1.0,-4.0,0.0,0.0,0.0,1.0,0.0,1.0,0.0,66.7,27.3,18.2,17.0,8.0,10.0,4.0,1391.3,1553.6
2017-03-01,2016,Granada,Alaves,2,1,H,O,2.63,3.2,2.8,6,5,4,4,12,2.0,2.0,0.0,1.0,6.0,5.0,1.0,2.0,3.0,-1.0,4.0,2.0,2.0,1.0,1.0,0.0,0.0,0.0,0.0,27.3,36.4,41.7,33.3,16.0,12.0,13.0,14.0,1409.1,1517.1
2017-03-01,2016,Celta,Espanol,2,2,D,O,1.91,3.4,4.33,4,2,1,3,12,3.0,1.0,0.0,2.0,7.0,2.0,5.0,1.0,4.0,-3.0,6.0,-2.0,8.0,2.0,0.0,2.0,0.0,1.0,-1.0,72.7,27.3,36.4,36.4,11.0,7.0,12.0,7.0,1525.1,1506.0
2017-03-01,2016,Barcelona,Sp Gijon,6,1,H,O,1.05,15.0,41.0,9,2,10,3,12,3.0,1.0,0.0,1.0,10.0,3.0,7.0,1.0,2.0,-1.0,9.0,1.0,8.0,2.0,1.0,1.0,0.0,0.0,0.0,63.6,9.1,8.3,66.7,22.0,6.0,16.0,8.0,1690.4,1401.4
2017-02-28,2016,Valencia,Leganes,1,0,H,U,1.75,3.6,5.0,6,0,7,3,12,2.0,0.0,1.0,2.0,4.0,3.0,1.0,5.0,6.0,-1.0,-1.0,-3.0,2.0,1.0,0.0,1.0,1.0,1.0,0.0,36.4,45.5,25.0,58.3,11.0,12.0,8.0,13.0,1456.5,1443.9
2017-02-28,2016,Sociedad,Eibar,2,2,D,O,1.85,3.5,4.5,7,4,3,5,13,2.0,2.0,1.0,1.0,4.0,7.0,-3.0,3.0,4.0,-1.0,1.0,3.0,-2.0,0.0,1.0,-1.0,0.0,1.0,-1.0,58.3,25.0,27.3,45.5,12.0,17.0,14.0,12.0,1549.5,1495.3
2017-02-28,2016,Malaga,Betis,1,2,A,O,1.95,3.5,4.0,4,5,7,5,12,1.0,0.0,2.0,3.0,2.0,1.0,1.0,4.0,6.0,-2.0,-2.0,-5.0,3.0,0.0,0.0,0.0,1.0,1.0,0.0,54.5,27.3,20.0,80.0,12.0,11.0,27.0,13.0,1467.1,1452.5
2017-02-26,2016,Villarreal,Real Madrid,2,3,A,O,5.5,3.75,1.67,4,6,5,5,13,1.0,1.0,1.0,2.0,3.0,5.0,-2.0,3.0,5.0,-2.0,0.0,0.0,0.0,1.0,1.0,0.0,1.0,0.0,1.0,58.3,16.7,60.0,20.0,16.0,14.0,23.0,14.0,1559.9,1693.7
2017-02-26,2016,Sp Gijon,Celta,1,1,D,U,2.63,3.4,2.63,6,5,7,5,12,0.0,1.0,3.0,2.0,5.0,4.0,1.0,11.0,4.0,7.0,-6.0,0.0,-6.0,0.0,1.0,-1.0,2.0,0.0,2.0,27.3,63.6,18.2,54.5,10.0,14.0,22.0,6.0,1397.8,1528.7
2017-02-26,2016,Espanol,Osasuna,3,0,H,O,1.67,3.8,5.5,6,1,10,2,13,2.0,0.0,1.0,2.0,7.0,3.0,4.0,4.0,7.0,-3.0,3.0,-4.0,7.0,2.0,0.0,2.0,0.0,1.0,-1.0,33.3,25.0,9.1,63.6,18.0,11.0,22.0,12.0,1498.8,1398.5
2017-02-26,2016,Ath Madrid,Barcelona,1,2,A,O,3.0,3.4,2.38,4,6,6,5,12,3.0,2.0,0.0,0.0,6.0,11.0,-5.0,2.0,1.0,1.0,4.0,10.0,-6.0,1.0,2.0,-1.0,0.0,0.0,0.0,72.7,9.1,66.7,8.3,12.0,20.0,15.0,16.0,1644.2,1681.5
2017-02-26,2016,Ath Bilbao,Granada,3,1,H,O,1.44,4.5,7.5,7,2,0,3,13,2.0,0.0,0.0,3.0,6.0,1.0,5.0,4.0,9.0,-5.0,2.0,-8.0,10.0,0.0,0.0,0.0,0.0,3.0,-3.0,66.7,8.3,0.0,75.0,16.0,7.0,10.0,17.0,1540.1,1415.6
2017-02-25,2016,Leganes,La Coruna,4,0,H,O,2.4,3.1,3.2,5,3,2,7,12,0.0,0.0,2.0,2.0,0.0,3.0,-3.0,4.0,6.0,-2.0,-4.0,-3.0,-1.0,0.0,0.0,0.0,2.0,1.0,1.0,9.1,54.5,0.0,58.3,8.0,11.0,16.0,17.0,1434.0,1429.2
2017-02-25,2016,Eibar,Malaga,3,0,H,O,2.05,3.4,3.8,4,2,2,2,13,2.0,0.0,1.0,1.0,7.0,3.0,4.0,5.0,4.0,1.0,2.0,-1.0,3.0,2.0,0.0,2.0,1.0,0.0,1.0,58.3,25.0,0.0,50.0,21.0,16.0,24.0,19.0,1485.6,1476.9
2017-02-25,2016,Betis,Sevilla,1,2,A,O,3.8,3.4,2.05,4,4,4,4,13,0.0,2.0,0.0,1.0,1.0,6.0,-5.0,1.0,6.0,-5.0,0.0,0.0,0.0,0.0,0.0,0.0,0.0,1.0,-1.0,33.3,16.7,50.0,25.0,13.0,17.0,21.0,14.0,1459.2,1579.4
2017-02-25,2016,Alaves,Valencia,2,1,H,O,2.63,3.1,2.88,5,2,2,1,12,0.0,1.0,1.0,1.0,2.0,3.0,-1.0,8.0,3.0,5.0,-6.0,0.0,-6.0,0.0,1.0,-1.0,1.0,1.0,0.0,18.2,27.3,25.0,50.0,11.0,12.0,14.0,11.0,1508.4,1465.3
2017-02-24,2016,Las Palmas,Sociedad,0,1,A,U,2.6,3.4,2.7,7,2,6,1,13,1.0,2.0,1.0,1.0,4.0,4.0,0.0,3.0,4.0,-1.0,1.0,0.0,1.0,1.0,1.0,0.0,0.0,1.0,-1.0,50.0,8.3,54.5,45.5,14.0,13.0,11.0,17.0,1462.9,1541.7
2017-02-22,2016,Valencia,Real Madrid,2,1,H,O,6.0,4.33,1.53,5,5,3,11,11,2.0,1.0,1.0,1.0,4.0,5.0,-1.0,5.0,4.0,1.0,-1.0,1.0,-2.0,1.0,1.0,0.0,1.0,0.0,1.0,30.0,50.0,66.7,11.1,11.0,14.0,11.0,10.0,1448.9,1710.0
2017-02-20,2016,Malaga,Las Palmas,2,1,H,O,1.95,3.5,4.0,6,4,2,6,11,0.0,0.0,2.0,3.0,1.0,0.0,1.0,4.0,7.0,-3.0,-3.0,-7.0,4.0,0.0,0.0,0.0,1.0,1.0,0.0,50.0,30.0,10.0,70.0,13.0,9.0,31.0,11.0,1466.7,1473.1
2017-02-19,2016,Valencia,Ath Bilbao,2,0,H,U,2.3,3.25,3.25,5,5,3,1,10,1.0,0.0,1.0,2.0,4.0,0.0,4.0,7.0,4.0,3.0,-3.0,-4.0,1.0,0.0,0.0,0.0,1.0,1.0,0.0,22.2,55.6,20.0,60.0,9.0,11.0,10.0,18.0,1435.6,1553.3
2017-02-19,2016,Sociedad,Villarreal,0,1,A,U,1.95,3.3,4.2,0,3,7,4,12,2.0,1.0,1.0,0.0,4.0,3.0,1.0,6.0,1.0,5.0,-2.0,2.0,-4.0,0.0,1.0,-1.0,1.0,0.0,1.0,63.6,18.2,20.0,20.0,17.0,14.0,14.0,2.0,1551.8,1549.9
2017-02-19,2016,Celta,Osasuna,3,0,H,O,1.57,4.2,5.5,4,3,3,5,11,2.0,0.0,1.0,2.0,4.0,3.0,1.0,4.0,6.0,-2.0,0.0,-3.0,3.0,1.0,0.0,1.0,1.0,1.0,0.0,70.0,30.0,10.0,60.0,13.0,11.0,13.0,8.0,1522.0,1405.3
2017-02-19,2016,Barcelona,Leganes,2,1,H,O,1.07,11.0,41.0,6,6,4,4,11,3.0,0.0,0.0,2.0,12.0,2.0,10.0,1.0,6.0,-5.0,11.0,-4.0,15.0,3.0,0.0,3.0,0.0,2.0,-2.0,60.0,10.0,27.3,54.5,23.0,9.0,17.0,11.0,1677.4,1438.1
2017-02-18,2016,Sp Gijon,Ath Madrid,1,4,A,O,7.5,4.0,1.5,2,6,12,3,11,0.0,1.0,3.0,0.0,5.0,4.0,1.0,10.0,2.0,8.0,-5.0,2.0,-7.0,0.0,1.0,-1.0,2.0,0.0,2.0,30.0,60.0,36.4,27.3,15.0,11.0,22.0,11.0,1401.9,1640.2
2017-02-18,2016,Sevilla,Eibar,2,0,H,U,1.45,4.5,7.0,5,3,5,2,11,2.0,2.0,0.0,0.0,6.0,8.0,-2.0,2.0,3.0,-1.0,4.0,5.0,-1.0,1.0,1.0,0.0,0.0,0.0,0.0,80.0,10.0,30.0,40.0,13.0,18.0,18.0,16.0,1571.7,1493.4
2017-02-18,2016,Real Madrid,Espanol,2,0,H,U,1.14,8.0,21.0,3,1,13,2,12,3.0,1.0,0.0,2.0,10.0,3.0,7.0,1.0,6.0,-5.0,9.0,-3.0,12.0,2.0,0.0,2.0,0.0,1.0,-1.0,81.8,0.0,40.0,30.0,24.0,7.0,14.0,7.0,1705.3,1503.6
2017-02-18,2016,La Coruna,Alaves,0,1,A,U,2.0,3.1,4.2,4,4,10,6,10,2.0,1.0,0.0,1.0,7.0,4.0,3.0,1.0,3.0,-2.0,6.0,1.0,5.0,2.0,1.0,1.0,0.0,0.0,0.0,44.4,33.3,36.4,36.4,17.0,12.0,23.0,12.0,1437.4,1500.1
2017-02-17,2016,Granada,Betis,4,1,H,O,3.0,3.2,2.5,8,2,4,7,11,1.0,0.0,1.0,3.0,2.0,1.0,1.0,3.0,5.0,-2.0,-1.0,-4.0,3.0,0.0,0.0,0.0,1.0,1.0,0.0,20.0,40.0,22.2,77.8,12.0,11.0,14.0,7.0,1403.7,1471.1
2017-02-13,2016,Eibar,Granada,4,0,H,O,1.55,4.2,6.0,9,3,7,8,12,1.0,0.0,2.0,3.0,3.0,1.0,2.0,7.0,10.0,-3.0,-4.0,-9.0,5.0,1.0,0.0,1.0,2.0,3.0,-1.0,54.5,27.3,0.0,72.7,14.0,5.0,22.0,10.0,1485.4,1411.6
2017-02-12,2016,Villarreal,Malaga,1,1,D,U,1.8,3.5,4.75,5,5,9,9,12,1.0,0.0,1.0,2.0,3.0,3.0,0.0,3.0,6.0,-3.0,0.0,-3.0,3.0,1.0,0.0,1.0,1.0,1.0,0.0,63.6,18.2,0.0,54.5,14.0,15.0,16.0,17.0,1552.4,1464.2
2017-02-12,2016,Leganes,Sp Gijon,0,2,A,U,1.83,3.4,4.75,3,2,4,3,11,0.0,0.0,1.0,2.0,1.0,1.0,0.0,3.0,3.0,0.0,-2.0,-2.0,0.0,0.0,0.0,0.0,1.0,0.0,1.0,10.0,50.0,0.0,72.7,7.0,6.0,15.0,8.0,1449.8,1390.2
2017-02-12,2016,Las Palmas,Sevilla,0,1,A,U,3.3,3.6,2.1,7,3,1,4,12,2.0,2.0,0.0,1.0,5.0,9.0,-4.0,2.0,6.0,-4.0,3.0,3.0,0.0,1.0,1.0,0.0,0.0,1.0,-1.0,54.5,0.0,45.5,27.3,17.0,24.0,18.0,14.0,1480.7,1564.0
2017-02-12,2016,Ath Madrid,Celta,3,2,H,O,1.4,4.5,8.5,5,6,3,3,11,3.0,1.0,0.0,2.0,4.0,3.0,1.0,0.0,3.0,-3.0,4.0,0.0,4.0,1.0,1.0,0.0,0.0,0.0,0.0,70.0,10.0,20.0,50.0,10.0,12.0,20.0,10.0,1633.1,1529.0
2017-02-11,2016,Osasuna,Real Madrid,1,3,A,O,13.0,6.5,1.22,8,6,3,2,12,0.0,1.0,1.0,1.0,7.0,5.0,2.0,8.0,3.0,5.0,-1.0,2.0,-3.0,0.0,1.0,-1.0,0.0,0.0,0.0,0.0,63.6,62.5,12.5,13.0,15.0,14.0,14.0,1408.4,1702.2
2017-02-11,2016,Betis,Valencia,0,0,D,U,2.5,3.25,2.9,2,4,4,6,12,1.0,1.0,0.0,1.0,3.0,6.0,-3.0,1.0,6.0,-5.0,2.0,0.0,2.0,1.0,1.0,0.0,0.0,1.0,-1.0,36.4,18.2,27.3,54.5,14.0,11.0,21.0,8.0,1472.2,1434.6
2017-02-11,2016,Ath Bilbao,La Coruna,2,1,H,O,1.67,3.6,5.75,5,3,3,2,12,1.0,0.0,0.0,1.0,4.0,3.0,1.0,3.0,5.0,-2.0,1.0,-2.0,3.0,0.0,0.0,0.0,0.0,1.0,-1.0,63.6,9.1,0.0,54.5,15.0,11.0,20.0,23.0,1546.2,1444.6
2017-02-11,2016,Alaves,Barcelona,0,6,A,O,10.0,5.5,1.3,4,9,3,9,11,1.0,1.0,0.0,0.0,3.0,6.0,-3.0,2.0,2.0,0.0,1.0,4.0,-3.0,0.0,1.0,-1.0,0.0,0.0,0.0,20.0,20.0,63.6,9.1,9.0,18.0,17.0,11.0,1505.7,1671.9
2017-02-10,2016,Espanol,Sociedad,1,2,A,O,2.8,3.2,2.63,2,5,5,6,12,2.0,2.0,0.0,1.0,7.0,4.0,3.0,3.0,3.0,0.0,4.0,1.0,3.0,2.0,2.0,0.0,0.0,1.0,-1.0,36.4,18.2,50.0,50.0,20.0,14.0,19.0,20.0,1512.7,1542.7
2017-02-06,2016,Granada,Las Palmas,1,0,H,U,3.0,3.4,2.38,4,5,6,5,10,1.0,0.0,1.0,2.0,3.0,1.0,2.0,4.0,7.0,-3.0,-1.0,-6.0,5.0,0.0,0.0,0.0,1.0,1.0,0.0,11.1,44.4,11.1,66.7,14.0,7.0,12.0,11.0,1399.0,1493.4
2017-02-05,2016,Sp Gijon,Alaves,2,4,A,O,2.2,3.3,3.4,4,7,8,4,10,1.0,0.0,2.0,1.0,6.0,0.0,6.0,7.0,1.0,6.0,-1.0,-1.0,0.0,1.0,0.0,1.0,1.0,0.0,1.0,33.3,55.6,30.0,40.0,16.0,8.0,16.0,10.0,1397.3,1498.5
2017-02-05,2016,Sociedad,Osasuna,3,2,H,O,1.3,5.25,11.0,6,5,3,2,11,2.0,0.0,1.0,2.0,4.0,2.0,2.0,6.0,6.0,0.0,-2.0,-4.0,2.0,0.0,0.0,0.0,1.0,2.0,-1.0,60.0,20.0,11.1,55.6,17.0,8.0,19.0,11.0,1536.0,1415.0
2017-02-05,2016,Sevilla,Villarreal,0,0,D,U,1.6,3.8,6.0,4,4,9,0,10,3.0,1.0,0.0,0.0,8.0,3.0,5.0,3.0,1.0,2.0,5.0,2.0,3.0,1.0,1.0,0.0,0.0,0.0,0.0,88.9,11.1,22.2,22.2,10.0,13.0,12.0,6.0,1564.4,1552.0
2017-02-04,2016,Valencia,Eibar,0,4,A,O,1.91,3.6,4.0,1,7,2,6,9,1.0,1.0,0.0,1.0,5.0,5.0,0.0,4.0,6.0,-2.0,1.0,-1.0,2.0,0.0,0.0,0.0,0.0,1.0,-1.0,25.0,50.0,22.2,44.4,15.0,15.0,19.0,12.0,1443.6,1476.4
2017-02-04,2016,Malaga,Espanol,0,1,A,U,2.1,3.4,3.6,5,3,17,2,10,1.0,0.0,1.0,2.0,5.0,2.0,3.0,6.0,6.0,0.0,-1.0,-4.0,3.0,0.0,0.0,0.0,1.0,1.0,0.0,55.6,22.2,33.3,33.3,12.0,7.0,16.0,7.0,1473.3,1503.6
2017-02-04,2016,Barcelona,Ath Bilbao,3,0,H,O,1.22,6.5,13.0,6,5,7,3,10,2.0,0.0,0.0,2.0,10.0,1.0,9.0,2.0,4.0,-2.0,8.0,-3.0,11.0,2.0,0.0,2.0,0.0,1.0,-1.0,55.6,11.1,22.2,55.6,19.0,9.0,15.0,18.0,1665.0,1553.0
2017-02-04,2016,Ath Madrid,Leganes,2,0,H,U,1.29,5.0,15.0,4,2,3,6,10,2.0,0.0,0.0,1.0,2.0,3.0,-1.0,0.0,5.0,-5.0,2.0,-2.0,4.0,0.0,0.0,0.0,0.0,1.0,-1.0,66.7,11.1,30.0,50.0,9.0,13.0,26.0,9.0,1627.7,1455.2
2017-01-30,2016,Las Palmas,Valencia,3,1,H,O,2.5,3.4,2.8,4,3,6,3,11,1.0,1.0,0.0,1.0,3.0,7.0,-4.0,2.0,6.0,-4.0,1.0,1.0,0.0,0.0,1.0,-1.0,0.0,0.0,0.0,50.0,0.0,30.0,50.0,14.0,11.0,18.0,9.0,1484.3,1452.7
2017-01-29,2016,Real Madrid,Sociedad,3,0,H,O,1.25,6.5,10.0,4,3,0,3,11,3.0,2.0,0.0,1.0,10.0,5.0,5.0,3.0,5.0,-2.0,7.0,0.0,7.0,1.0,2.0,-1.0,0.0,1.0,-1.0,80.0,0.0,55.6,44.4,25.0,14.0,24.0,23.0,1696.3,1541.8
2017-01-29,2016,Espanol,Sevilla,3,1,H,O,3.3,3.4,2.2,8,5,7,4,11,2.0,3.0,0.0,0.0,6.0,11.0,-5.0,3.0,3.0,0.0,3.0,8.0,-5.0,1.0,2.0,-1.0,0.0,0.0,0.0,30.0,20.0,50.0,20.0,18.0,24.0,16.0,16.0,1491.2,1576.8
2017-01-29,2016,Betis,Barcelona,1,1,D,U,12.0,6.0,1.25,7,4,8,2,11,2.0,2.0,0.0,0.0,3.0,8.0,-5.0,0.0,1.0,-1.0,3.0,7.0,-4.0,1.0,2.0,-1.0,0.0,0.0,0.0,40.0,20.0,70.0,10.0,8.0,20.0,16.0,14.0,1466.9,1670.3
2017-01-29,2016,Ath Bilbao,Sp Gijon,2,1,H,O,1.36,4.75,9.5,6,3,5,0,11,1.0,0.0,0.0,2.0,4.0,1.0,3.0,3.0,3.0,0.0,1.0,-2.0,3.0,0.0,0.0,0.0,0.0,0.0,0.0,60.0,10.0,0.0,70.0,16.0,8.0,24.0,11.0,1547.0,1403.4
2017-01-28,2016,Villarreal,Granada,2,0,H,U,1.36,4.75,9.5,6,0,7,4,11,1.0,0.0,1.0,2.0,4.0,2.0,2.0,3.0,9.0,-6.0,1.0,-7.0,8.0,1.0,0.0,1.0,1.0,2.0,-1.0,60.0,20.0,0.0,70.0,13.0,7.0,11.0,8.0,1545.9,1405.1
2017-01-28,2016,Leganes,Celta,0,2,A,U,2.3,3.1,3.4,0,3,8,0,10,0.0,0.0,0.0,2.0,1.0,4.0,-3.0,1.0,6.0,-5.0,0.0,-2.0,2.0,0.0,0.0,0.0,0.0,0.0,0.0,11.1,44.4,11.1,55.6,11.0,15.0,9.0,13.0,1463.6,1520.7
2017-01-28,2016,Eibar,La Coruna,3,1,H,O,2.1,3.25,3.75,6,7,9,10,11,0.0,0.0,2.0,1.0,0.0,4.0,-4.0,6.0,5.0,1.0,-6.0,-1.0,-5.0,0.0,0.0,0.0,2.0,0.0,2.0,50.0,30.0,0.0,50.0,9.0,6.0,20.0,16.0,1466.7,1454.2
2017-01-28,2016,Alaves,Ath Madrid,0,0,D,U,6.0,3.6,1.62,4,2,7,2,10,1.0,1.0,0.0,1.0,4.0,4.0,0.0,3.0,5.0,-2.0,1.0,-1.0,2.0,0.0,1.0,-1.0,0.0,1.0,-1.0,22.2,22.2,40.0,30.0,7.0,12.0,13.0,16.0,1494.8,1631.4
2017-01-27,2016,Osasuna,Malaga,1,1,D,U,2.88,3.3,2.5,2,5,4,6,11,0.0,0.0,2.0,3.0,6.0,3.0,3.0,10.0,9.0,1.0,-4.0,-6.0,2.0,0.0,0.0,0.0,1.0,2.0,-1.0,0.0,70.0,0.0,60.0,12.0,13.0,12.0,17.0,1413.3,1475.1
2017-01-22,2016,Sociedad,Celta,1,0,H,U,1.95,3.6,3.8,6,5,4,3,10,1.0,0.0,1.0,2.0,4.0,4.0,0.0,7.0,6.0,1.0,-3.0,-2.0,-1.0,0.0,0.0,0.0,1.0,0.0,1.0,55.6,22.2,12.5,50.0,17.0,12.0,23.0,10.0,1531.9,1530.6
2017-01-22,2016,Osasuna,Sevilla,3,4,A,O,6.0,4.33,1.53,7,9,3,6,10,0.0,2.0,2.0,1.0,3.0,8.0,-5.0,9.0,2.0,7.0,-6.0,6.0,-12.0,0.0,2.0,-2.0,2.0,0.0,2.0,0.0,66.7,44.4,22.2,6.0,21.0,16.0,18.0,1419.2,1570.9
2017-01-22,2016,Eibar,Barcelona,0,4,A,O,9.5,6.0,1.29,6,7,8,5,10,1.0,1.0,1.0,0.0,3.0,5.0,-2.0,3.0,2.0,1.0,0.0,3.0,-3.0,1.0,1.0,0.0,1.0,0.0,1.0,55.6,22.2,66.7,11.1,12.0,15.0,17.0,15.0,1471.7,1665.3
2017-01-22,2016,Betis,Sp Gijon,0,0,D,U,1.73,3.6,5.25,4,1,9,5,10,2.0,0.0,0.0,3.0,6.0,2.0,4.0,3.0,5.0,-2.0,3.0,-3.0,6.0,1.0,0.0,1.0,0.0,0.0,0.0,44.4,22.2,0.0,77.8,9.0,10.0,11.0,12.0,1468.9,1401.5
2017-01-22,2016,Ath Bilbao,Ath Madrid,2,2,D,O,4.0,3.2,2.05,5,5,2,6,10,2.0,2.0,0.0,1.0,5.0,5.0,0.0,2.0,3.0,-1.0,3.0,2.0,1.0,1.0,2.0,-1.0,0.0,1.0,-1.0,66.7,11.1,44.4,33.3,16.0,12.0,24.0,14.0,1544.4,1634.0
2017-01-21,2016,Villarreal,Valencia,0,2,A,U,1.85,3.6,4.33,5,5,7,2,10,1.0,0.0,1.0,2.0,4.0,6.0,-2.0,3.0,8.0,-5.0,1.0,-2.0,3.0,1.0,0.0,1.0,1.0,0.0,1.0,66.7,11.1,22.2,55.6,18.0,10.0,16.0,13.0,1559.2,1439.4
2017-01-21,2016,Real Madrid,Malaga,2,1,H,O,1.13,10.0,17.0,7,6,5,4,10,3.0,0.0,0.0,2.0,10.0,4.0,6.0,3.0,9.0,-6.0,7.0,-5.0,12.0,1.0,0.0,1.0,0.0,2.0,-2.0,77.8,0.0,0.0,55.6,25.0,13.0,24.0,26.0,1691.8,1479.7
2017-01-21,2016,Espanol,Granada,3,1,H,O,1.57,4.0,6.0,8,4,10,5,10,2.0,0.0,0.0,2.0,6.0,2.0,4.0,2.0,9.0,-7.0,4.0,-7.0,11.0,1.0,0.0,1.0,0.0,2.0,-2.0,22.2,22.2,0.0,66.7,14.0,4.0,9.0,3.0,1483.2,1413.1
2017-01-21,2016,Alaves,Leganes,2,2,D,O,2.2,3.1,3.6,3,4,4,3,9,1.0,0.0,1.0,2.0,2.0,1.0,1.0,2.0,6.0,-4.0,0.0,-5.0,5.0,0.0,0.0,0.0,0.0,2.0,-2.0,25.0,25.0,33.3,55.6,8.0,12.0,11.0,10.0,1495.7,1462.6
2017-01-20,2016,Las Palmas,La Coruna,1,1,D,U,2.25,3.3,3.3,3,1,4,5,10,2.0,0.0,0.0,2.0,5.0,6.0,-1.0,2.0,8.0,-6.0,3.0,-2.0,5.0,1.0,0.0,1.0,0.0,0.0,0.0,55.6,0.0,0.0,55.6,15.0,13.0,19.0,16.0,1485.2,1453.3
2017-01-16,2016,Malaga,Sociedad,0,2,A,U,2.4,3.3,3.0,1,5,8,8,9,2.0,2.0,0.0,1.0,8.0,6.0,2.0,6.0,6.0,0.0,2.0,0.0,2.0,0.0,2.0,-2.0,0.0,1.0,-1.0,62.5,12.5,50.0,50.0,18.0,18.0,17.0,20.0,1488.7,1522.9
2017-01-15,2016,Valencia,Espanol,2,1,H,O,1.91,3.6,4.0,5,3,6,3,8,0.0,1.0,1.0,1.0,5.0,2.0,3.0,6.0,4.0,2.0,-1.0,-2.0,1.0,0.0,0.0,0.0,0.0,1.0,-1.0,14.3,57.1,37.5,25.0,14.0,7.0,16.0,9.0,1427.5,1495.1
2017-01-15,2016,Sp Gijon,Eibar,2,3,A,O,2.9,3.1,2.6,4,7,2,4,9,1.0,0.0,2.0,2.0,5.0,2.0,3.0,7.0,5.0,2.0,-2.0,-3.0,1.0,1.0,0.0,1.0,2.0,1.0,1.0,37.5,50.0,12.5,50.0,13.0,13.0,17.0,12.0,1410.0,1463.2
2017-01-15,2016,Sevilla,Real Madrid,2,1,H,O,3.6,3.8,1.95,4,3,6,1,9,2.0,2.0,1.0,0.0,7.0,8.0,-1.0,4.0,2.0,2.0,3.0,6.0,-3.0,1.0,2.0,-1.0,0.0,0.0,0.0,87.5,12.5,71.4,0.0,10.0,17.0,9.0,16.0,1556.8,1705.8
2017-01-15,2016,Granada,Osasuna,1,1,D,U,2.05,3.4,3.8,4,3,3,5,9,1.0,0.0,1.0,3.0,3.0,1.0,2.0,4.0,7.0,-3.0,-1.0,-6.0,5.0,0.0,0.0,0.0,1.0,3.0,-2.0,12.5,50.0,12.5,62.5,16.0,7.0,16.0,8.0,1413.0,1419.3
2017-01-15,2016,Celta,Alaves,1,0,H,U,1.7,3.75,5.25,4,1,7,4,10,2.0,1.0,1.0,0.0,6.0,2.0,4.0,5.0,0.0,5.0,1.0,2.0,-1.0,2.0,1.0,1.0,1.0,0.0,1.0,66.7,33.3,33.3,33.3,15.0,14.0,11.0,7.0,1521.1,1505.3
2017-01-14,2016,Leganes,Ath Bilbao,0,0,D,U,3.25,3.1,2.38,5,2,4,8,9,1.0,0.0,0.0,2.0,3.0,1.0,2.0,1.0,4.0,-3.0,2.0,-3.0,5.0,1.0,0.0,1.0,0.0,1.0,-1.0,12.5,50.0,25.0,62.5,11.0,7.0,8.0,13.0,1460.2,1546.9
2017-01-14,2016,La Coruna,Villarreal,0,0,D,U,2.7,3.1,2.8,3,1,10,0,9,2.0,1.0,1.0,1.0,9.0,3.0,6.0,4.0,2.0,2.0,5.0,1.0,4.0,2.0,1.0,1.0,0.0,0.0,0.0,50.0,37.5,25.0,25.0,17.0,14.0,16.0,11.0,1450.2,1562.3
2017-01-14,2016,Barcelona,Las Palmas,5,0,H,O,1.1,11.0,26.0,10,1,5,1,9,1.0,0.0,0.0,2.0,5.0,1.0,4.0,2.0,4.0,-2.0,3.0,-3.0,6.0,1.0,0.0,1.0,0.0,1.0,-1.0,50.0,12.5,12.5,62.5,17.0,9.0,24.0,15.0,1659.9,1490.7
2017-01-14,2016,Ath Madrid,Betis,1,0,H,U,1.2,6.5,17.0,3,6,9,2,9,1.0,0.0,1.0,3.0,1.0,1.0,0.0,3.0,6.0,-3.0,-2.0,-5.0,3.0,0.0,0.0,0.0,1.0,2.0,-1.0,62.5,12.5,25.0,75.0,11.0,8.0,25.0,6.0,1628.1,1474.7
2017-01-09,2016,Osasuna,Valencia,3,3,D,O,4.0,3.5,1.95,4,3,7,3,9,0.0,0.0,3.0,3.0,0.0,4.0,-4.0,7.0,7.0,0.0,-7.0,-3.0,-4.0,0.0,0.0,0.0,2.0,0.0,2.0,0.0,75.0,25.0,62.5,6.0,11.0,12.0,13.0,1419.1,1427.7
2017-01-08,2016,Villarreal,Barcelona,1,1,D,U,6.0,4.33,1.53,3,7,2,4,9,2.0,2.0,1.0,0.0,5.0,6.0,-1.0,2.0,2.0,0.0,3.0,4.0,-1.0,2.0,1.0,1.0,1.0,0.0,1.0,75.0,12.5,75.0,12.5,22.0,15.0,24.0,16.0,1559.4,1662.7
2017-01-08,2016,Celta,Malaga,3,1,H,O,1.85,3.6,4.33,3,4,2,7,9,2.0,0.0,1.0,1.0,5.0,3.0,2.0,5.0,6.0,-1.0,0.0,-3.0,3.0,1.0,0.0,1.0,1.0,1.0,0.0,62.5,37.5,0.0,50.0,16.0,10.0,13.0,20.0,1511.5,1498.3
2017-01-08,2016,Betis,Leganes,2,0,H,U,2.1,3.25,3.75,3,3,4,2,9,2.0,0.0,0.0,2.0,6.0,1.0,5.0,3.0,7.0,-4.0,3.0,-6.0,9.0,1.0,0.0,1.0,0.0,2.0,-2.0,37.5,25.0,37.5,50.0,9.0,12.0,11.0,10.0,1464.5,1470.3
2017-01-08,2016,Ath Bilbao,Alaves,0,0,D,U,1.53,3.8,7.5,4,4,13,4,9,3.0,2.0,0.0,0.0,6.0,3.0,3.0,2.0,0.0,2.0,4.0,3.0,1.0,1.0,1.0,0.0,0.0,0.0,0.0,75.0,12.5,37.5,37.5,17.0,13.0,17.0,7.0,1548.1,1504.0
2017-01-07,2016,Sociedad,Sevilla,0,4,A,O,2.25,3.4,3.2,5,10,7,4,9,2.0,2.0,0.0,1.0,6.0,7.0,-1.0,3.0,4.0,-1.0,3.0,3.0,0.0,1.0,1.0,0.0,0.0,0.0,0.0,62.5,12.5,37.5,25.0,15.0,18.0,22.0,28.0,1532.4,1547.3
2017-01-07,2016,Real Madrid,Granada,5,0,H,O,1.07,13.0,26.0,13,1,9,1,9,3.0,0.0,0.0,1.0,8.0,3.0,5.0,3.0,5.0,-2.0,5.0,-2.0,7.0,1.0,0.0,1.0,0.0,1.0,-1.0,75.0,0.0,0.0,62.5,19.0,8.0,17.0,4.0,1702.6,1416.2
2017-01-07,2016,Las Palmas,Sp Gijon,1,0,H,U,1.67,3.75,5.5,10,2,8,3,9,2.0,0.0,0.0,3.0,5.0,4.0,1.0,2.0,7.0,-5.0,3.0,-3.0,6.0,1.0,0.0,1.0,0.0,0.0,0.0,50.0,0.0,0.0,75.0,11.0,12.0,18.0,11.0,1482.5,1418.2
2017-01-07,2016,Eibar,Ath Madrid,0,2,A,U,5.5,3.5,1.73,2,4,5,3,9,2.0,1.0,0.0,2.0,4.0,3.0,1.0,1.0,5.0,-4.0,3.0,-2.0,5.0,1.0,1.0,0.0,0.0,2.0,-2.0,62.5,12.5,37.5,37.5,15.0,10.0,19.0,17.0,1469.1,1622.2
2017-01-06,2016,Espanol,La Coruna,1,1,D,U,2.05,3.3,3.8,4,3,2,8,9,2.0,0.0,0.0,2.0,5.0,6.0,-1.0,1.0,8.0,-7.0,4.0,-2.0,6.0,1.0,0.0,1.0,0.0,0.0,0.0,25.0,25.0,0.0,62.5,13.0,15.0,12.0,14.0,1496.4,1448.8
2016-12-19,2016,Ath Bilbao,Celta,2,1,H,O,1.83,3.5,4.33,7,4,9,7,8,2.0,0.0,0.0,1.0,5.0,6.0,-1.0,2.0,7.0,-5.0,3.0,-1.0,4.0,1.0,0.0,1.0,0.0,0.0,0.0,71.4,14.3,14.3,42.9,14.0,14.0,17.0,4.0,1538.7,1521.0
2016-12-18,2016,Leganes,Eibar,1,1,D,U,2.55,3.1,2.88,2,4,3,6,8,1.0,0.0,1.0,2.0,2.0,4.0,-2.0,2.0,7.0,-5.0,0.0,-3.0,3.0,1.0,0.0,1.0,1.0,1.0,0.0,14.3,57.1,14.3,57.1,13.0,12.0,6.0,12.0,1470.4,1469.0
2016-12-18,2016,La Coruna,Osasuna,2,0,H,U,1.57,3.75,6.0,4,3,5,1,8,1.0,0.0,1.0,2.0,8.0,2.0,6.0,5.0,6.0,-1.0,3.0,-4.0,7.0,1.0,0.0,1.0,0.0,2.0,-2.0,42.9,42.9,14.3,57.1,17.0,7.0,16.0,9.0,1439.1,1428.8
2016-12-18,2016,Barcelona,Espanol,4,1,H,O,1.1,10.0,26.0,7,1,5,2,8,1.0,2.0,0.0,0.0,2.0,2.0,0.0,1.0,0.0,1.0,1.0,2.0,-1.0,0.0,0.0,0.0,0.0,0.0,0.0,42.9,14.3,42.9,14.3,15.0,11.0,27.0,10.0,1656.9,1502.3
2016-12-17,2016,Sp Gijon,Villarreal,1,3,A,O,3.25,3.3,2.2,7,9,12,2,8,1.0,0.0,1.0,2.0,5.0,1.0,4.0,5.0,3.0,2.0,0.0,-2.0,2.0,1.0,0.0,1.0,1.0,0.0,1.0,42.9,42.9,14.3,28.6,11.0,6.0,8.0,16.0,1424.6,1552.9
2016-12-17,2016,Sevilla,Malaga,4,1,H,O,1.5,4.1,6.5,5,3,3,6,8,2.0,0.0,1.0,1.0,4.0,4.0,0.0,3.0,6.0,-3.0,1.0,-2.0,3.0,0.0,0.0,0.0,0.0,1.0,-1.0,85.7,14.3,0.0,42.9,10.0,10.0,10.0,16.0,1538.2,1507.4
2016-12-17,2016,Granada,Sociedad,0,2,A,U,3.75,3.4,2.0,4,6,5,9,8,1.0,2.0,0.0,1.0,3.0,6.0,-3.0,2.0,6.0,-4.0,1.0,0.0,1.0,0.0,2.0,-2.0,0.0,1.0,-1.0,14.3,42.9,42.9,57.1,13.0,17.0,14.0,15.0,1423.3,1525.3
2016-12-17,2016,Ath Madrid,Las Palmas,1,0,H,U,1.29,5.5,9.5,3,3,8,5,8,1.0,0.0,1.0,2.0,4.0,2.0,2.0,5.0,5.0,0.0,-1.0,-3.0,2.0,1.0,0.0,1.0,1.0,1.0,0.0,57.1,14.3,14.3,57.1,15.0,10.0,23.0,11.0,1615.7,1489.0
2016-12-16,2016,Alaves,Betis,1,0,H,U,2.3,3.1,3.4,2,3,6,4,8,0.0,1.0,2.0,2.0,2.0,3.0,-1.0,6.0,6.0,0.0,-4.0,-3.0,-1.0,0.0,0.0,0.0,1.0,2.0,-1.0,14.3,28.6,28.6,71.4,9.0,11.0,9.0,6.0,1494.6,1473.9
2016-12-12,2016,Villarreal,Ath Madrid,3,0,H,O,4.5,3.5,1.85,5,3,2,7,8,2.0,1.0,1.0,2.0,4.0,3.0,1.0,3.0,3.0,0.0,1.0,0.0,1.0,1.0,1.0,0.0,1.0,1.0,0.0,71.4,14.3,42.9,28.6,21.0,10.0,24.0,15.0,1540.5,1628.2
2016-12-11,2016,Espanol,Sp Gijon,2,1,H,O,1.73,3.75,5.0,6,5,4,3,8,1.0,0.0,0.0,2.0,6.0,3.0,3.0,3.0,5.0,-2.0,3.0,-2.0,5.0,1.0,0.0,1.0,0.0,0.0,0.0,14.3,28.6,0.0,71.4,12.0,10.0,15.0,11.0,1494.0,1432.9
2016-12-11,2016,Eibar,Alaves,0,0,D,U,1.83,3.6,4.5,1,3,7,2,8,3.0,2.0,0.0,1.0,6.0,3.0,3.0,2.0,3.0,-1.0,4.0,0.0,4.0,1.0,1.0,0.0,0.0,1.0,-1.0,71.4,14.3,42.9,42.9,23.0,13.0,15.0,7.0,1468.2,1495.4
2016-12-11,2016,Celta,Sevilla,0,3,A,O,2.75,3.3,2.63,6,5,4,6,8,3.0,1.0,0.0,1.0,9.0,5.0,4.0,3.0,5.0,-2.0,6.0,0.0,6.0,2.0,0.0,2.0,0.0,0.0,0.0,71.4,28.6,28.6,28.6,17.0,19.0,14.0,26.0,1531.0,1528.1
2016-12-11,2016,Betis,Ath Bilbao,1,0,H,U,3.1,3.25,2.38,1,4,3,7,8,1.0,0.0,1.0,2.0,5.0,2.0,3.0,4.0,5.0,-1.0,1.0,-3.0,4.0,1.0,0.0,1.0,0.0,1.0,-1.0,28.6,28.6,28.6,57.1,13.0,6.0,16.0,10.0,1461.4,1551.2
2016-12-10,2016,Sociedad,Valencia,3,2,H,O,1.91,3.75,3.8,6,3,8,4,8,2.0,0.0,0.0,2.0,6.0,3.0,3.0,1.0,5.0,-4.0,5.0,-2.0,7.0,2.0,0.0,2.0,0.0,0.0,0.0,57.1,14.3,28.6,57.1,14.0,11.0,18.0,15.0,1517.6,1435.4
2016-12-10,2016,Real Madrid,La Coruna,3,2,H,O,1.17,8.0,15.0,5,2,10,3,8,3.0,0.0,0.0,2.0,7.0,5.0,2.0,2.0,9.0,-7.0,5.0,-4.0,9.0,1.0,0.0,1.0,0.0,1.0,-1.0,71.4,0.0,0.0,57.1,22.0,14.0,13.0,15.0,1698.9,1442.9
2016-12-10,2016,Osasuna,Barcelona,0,3,A,O,15.0,7.5,1.18,1,6,2,5,8,0.0,2.0,3.0,0.0,1.0,6.0,-5.0,6.0,4.0,2.0,-5.0,2.0,-7.0,0.0,0.0,0.0,1.0,0.0,1.0,0.0,71.4,71.4,14.3,10.0,17.0,16.0,12.0,1433.2,1652.5
2016-12-10,2016,Las Palmas,Leganes,1,1,D,U,1.8,3.5,4.75,1,6,6,4,8,2.0,0.0,0.0,3.0,7.0,0.0,7.0,4.0,10.0,-6.0,3.0,-10.0,13.0,1.0,0.0,1.0,0.0,3.0,-3.0,57.1,0.0,42.9,57.1,18.0,11.0,20.0,14.0,1489.6,1469.8
2016-12-09,2016,Malaga,Granada,1,1,D,U,1.6,4.0,5.75,7,2,6,2,8,3.0,0.0,0.0,2.0,11.0,2.0,9.0,5.0,5.0,0.0,6.0,-3.0,9.0,1.0,0.0,1.0,0.0,1.0,-1.0,71.4,14.3,0.0,71.4,19.0,6.0,16.0,3.0,1509.9,1420.8
2016-12-05,2016,La Coruna,Sociedad,5,1,H,O,3.1,3.1,2.5,10,3,8,6,7,1.0,2.0,1.0,1.0,5.0,7.0,-2.0,5.0,4.0,1.0,0.0,3.0,-3.0,0.0,2.0,-2.0,0.0,0.0,0.0,33.3,50.0,50.0,50.0,13.0,17.0,19.0,13.0,1430.0,1530.4
2016-12-04,2016,Valencia,Malaga,2,2,D,O,1.75,3.6,5.0,3,6,2,13,7,0.0,0.0,2.0,1.0,3.0,3.0,0.0,6.0,5.0,1.0,-3.0,-2.0,-1.0,0.0,0.0,0.0,1.0,1.0,0.0,16.7,66.7,0.0,50.0,16.0,9.0,20.0,10.0,1433.2,1512.2
2016-12-04,2016,Sp Gijon,Osasuna,3,1,H,O,2.0,3.3,4.0,5,2,2,5,7,0.0,1.0,2.0,1.0,3.0,4.0,-1.0,6.0,5.0,1.0,-3.0,-1.0,-2.0,0.0,0.0,0.0,1.0,1.0,0.0,33.3,50.0,16.7,50.0,8.0,9.0,10.0,4.0,1422.3,1443.8
2016-12-04,2016,Betis,Celta,3,3,D,O,2.38,3.25,3.1,5,6,4,3,7,1.0,0.0,2.0,2.0,3.0,3.0,0.0,7.0,9.0,-2.0,-4.0,-6.0,2.0,1.0,0.0,1.0,1.0,1.0,0.0,33.3,33.3,16.7,50.0,10.0,9.0,14.0,6.0,1459.3,1533.1
2016-12-04,2016,Ath Bilbao,Eibar,3,1,H,O,1.85,3.4,4.75,5,4,2,2,7,2.0,0.0,0.0,1.0,5.0,4.0,1.0,3.0,5.0,-2.0,2.0,-1.0,3.0,0.0,0.0,0.0,0.0,0.0,0.0,66.7,16.7,16.7,50.0,20.0,12.0,22.0,15.0,1543.1,1476.3
2016-12-04,2016,Alaves,Las Palmas,1,1,D,U,2.5,3.2,3.0,2,3,3,5,7,0.0,0.0,2.0,2.0,2.0,3.0,-1.0,6.0,6.0,0.0,-4.0,-3.0,-1.0,0.0,0.0,0.0,1.0,1.0,0.0,16.7,33.3,16.7,66.7,11.0,12.0,12.0,18.0,1495.6,1489.4
2016-12-03,2016,Leganes,Villarreal,0,0,D,U,3.8,2.9,2.25,4,3,2,4,7,1.0,0.0,2.0,2.0,4.0,1.0,3.0,5.0,3.0,2.0,-1.0,-2.0,1.0,1.0,0.0,1.0,1.0,0.0,1.0,16.7,66.7,16.7,33.3,15.0,4.0,9.0,13.0,1467.7,1542.6
2016-12-03,2016,Granada,Sevilla,2,1,H,O,4.75,3.5,1.8,6,6,4,8,7,0.0,2.0,1.0,0.0,1.0,7.0,-6.0,2.0,5.0,-3.0,-1.0,2.0,-3.0,0.0,0.0,0.0,0.0,0.0,0.0,0.0,50.0,33.3,16.7,8.0,17.0,16.0,20.0,1407.1,1541.8
2016-12-03,2016,Barcelona,Real Madrid,1,1,D,U,1.85,4.2,4.2,2,5,5,7,7,2.0,3.0,0.0,0.0,5.0,13.0,-8.0,0.0,2.0,-2.0,5.0,11.0,-6.0,1.0,3.0,-2.0,0.0,0.0,0.0,50.0,16.7,83.3,0.0,21.0,21.0,30.0,14.0,1651.1,1700.3
2016-12-03,2016,Ath Madrid,Espanol,0,0,D,U,1.22,6.0,15.0,3,3,9,2,7,2.0,2.0,1.0,0.0,11.0,2.0,9.0,6.0,0.0,6.0,5.0,2.0,3.0,2.0,0.0,2.0,1.0,0.0,1.0,66.7,16.7,50.0,16.7,23.0,10.0,25.0,12.0,1632.1,1490.1
2016-11-28,2016,Las Palmas,Ath Bilbao,3,1,H,O,2.5,3.4,2.8,4,3,5,3,7,1.0,0.0,0.0,2.0,4.0,2.0,2.0,3.0,4.0,-1.0,1.0,-2.0,3.0,0.0,0.0,0.0,0.0,0.0,0.0,50.0,0.0,33.3,50.0,22.0,4.0,23.0,9.0,1477.2,1555.3
2016-11-27,2016,Villarreal,Alaves,0,2,A,U,1.5,4.0,7.5,10,7,12,1,7,3.0,1.0,0.0,2.0,9.0,2.0,7.0,1.0,5.0,-4.0,8.0,-3.0,11.0,2.0,0.0,2.0,0.0,1.0,-1.0,83.3,0.0,33.3,50.0,16.0,7.0,15.0,8.0,1554.6,1483.5
2016-11-27,2016,Sociedad,Barcelona,1,1,D,U,7.0,4.75,1.44,6,2,8,6,7,3.0,2.0,0.0,1.0,6.0,8.0,-2.0,0.0,7.0,-7.0,6.0,1.0,5.0,2.0,0.0,2.0,0.0,0.0,0.0,66.7,16.7,83.3,16.7,16.0,19.0,14.0,12.0,1526.9,1654.6
2016-11-27,2016,Osasuna,Ath Madrid,0,3,A,O,11.0,5.25,1.3,1,5,7,4,7,0.0,1.0,2.0,2.0,3.0,2.0,1.0,5.0,3.0,2.0,-2.0,-1.0,-1.0,0.0,1.0,-1.0,0.0,1.0,-1.0,0.0,66.7,33.3,33.3,12.0,15.0,10.0,16.0,1449.1,1626.8
2016-11-27,2016,Celta,Granada,3,1,H,O,1.53,4.0,7.0,6,1,5,0,7,3.0,0.0,0.0,2.0,10.0,2.0,8.0,5.0,9.0,-4.0,5.0,-7.0,12.0,1.0,0.0,1.0,0.0,1.0,-1.0,66.7,33.3,0.0,66.7,20.0,7.0,12.0,6.0,1526.3,1414.0
2016-11-26,2016,Sevilla,Valencia,2,1,H,O,1.73,3.75,5.0,1,4,3,6,7,2.0,1.0,1.0,1.0,4.0,4.0,0.0,3.0,4.0,-1.0,1.0,0.0,1.0,0.0,0.0,0.0,0.0,0.0,0.0,83.3,16.7,33.3,50.0,21.0,10.0,16.0,13.0,1534.4,1440.5
2016-11-26,2016,Real Madrid,Sp Gijon,2,1,H,O,1.06,13.0,34.0,7,3,5,6,7,2.0,0.0,0.0,2.0,6.0,3.0,3.0,2.0,5.0,-3.0,4.0,-2.0,6.0,1.0,0.0,1.0,0.0,0.0,0.0,66.7,0.0,0.0,66.7,18.0,9.0,15.0,9.0,1696.8,1425.8
2016-11-26,2016,Malaga,La Coruna,4,3,H,O,2.0,3.25,4.2,4,8,2,5,7,3.0,0.0,0.0,2.0,9.0,2.0,7.0,3.0,9.0,-6.0,6.0,-7.0,13.0,1.0,0.0,1.0,0.0,2.0,-2.0,66.7,16.7,0.0,50.0,18.0,6.0,21.0,12.0,1504.0,1438.2
2016-11-26,2016,Espanol,Leganes,3,0,H,O,1.85,3.4,4.75,4,3,3,4,7,0.0,1.0,0.0,2.0,3.0,1.0,2.0,3.0,7.0,-4.0,0.0,-6.0,6.0,0.0,0.0,0.0,0.0,2.0,-2.0,0.0,33.3,50.0,50.0,9.0,11.0,15.0,14.0,1480.2,1477.6
2016-11-25,2016,Eibar,Betis,3,1,H,O,1.95,3.4,4.2,9,2,5,1,7,2.0,1.0,1.0,2.0,5.0,2.0,3.0,4.0,4.0,0.0,1.0,-2.0,3.0,0.0,0.0,0.0,0.0,1.0,-1.0,66.7,16.7,33.3,66.7,19.0,11.0,15.0,7.0,1466.3,1469.4
2016-11-21,2016,Leganes,Osasuna,2,0,H,U,1.85,3.5,4.5,5,2,3,2,6,0.0,1.0,3.0,1.0,3.0,5.0,-2.0,7.0,6.0,1.0,-4.0,-1.0,-3.0,0.0,0.0,0.0,1.0,1.0,0.0,0.0,80.0,20.0,40.0,13.0,10.0,7.0,7.0,1467.9,1458.9
2016-11-20,2016,Valencia,Granada,1,1,D,U,1.33,5.5,8.5,7,5,11,2,6,1.0,0.0,2.0,3.0,4.0,2.0,2.0,6.0,11.0,-5.0,-2.0,-9.0,7.0,0.0,0.0,0.0,1.0,2.0,-1.0,20.0,80.0,0.0,80.0,11.0,5.0,16.0,10.0,1441.3,1413.2
2016-11-20,2016,Sp Gijon,Sociedad,1,3,A,O,3.4,3.3,2.2,1,9,3,5,6,0.0,1.0,2.0,2.0,2.0,4.0,-2.0,8.0,5.0,3.0,-6.0,-1.0,-5.0,0.0,1.0,-1.0,1.0,1.0,0.0,40.0,40.0,40.0,60.0,10.0,8.0,11.0,11.0,1433.3,1519.3
2016-11-20,2016,Ath Bilbao,Villarreal,1,0,H,U,2.15,3.3,3.5,5,2,6,5,6,2.0,0.0,0.0,1.0,7.0,2.0,5.0,4.0,3.0,1.0,3.0,-1.0,4.0,1.0,0.0,1.0,0.0,0.0,0.0,60.0,20.0,20.0,20.0,22.0,5.0,20.0,11.0,1544.7,1565.2
2016-11-20,2016,Alaves,Espanol,0,1,A,U,2.5,3.1,3.1,4,3,2,5,6,1.0,2.0,1.0,0.0,5.0,3.0,2.0,6.0,1.0,5.0,-1.0,2.0,-3.0,1.0,0.0,1.0,1.0,0.0,1.0,20.0,20.0,40.0,20.0,13.0,9.0,15.0,8.0,1494.3,1469.5
2016-11-19,2016,La Coruna,Sevilla,2,3,A,O,3.3,3.4,2.2,3,7,3,14,6,1.0,1.0,1.0,1.0,4.0,5.0,-1.0,4.0,6.0,-2.0,0.0,-1.0,1.0,0.0,0.0,0.0,0.0,1.0,-1.0,40.0,40.0,20.0,20.0,15.0,12.0,23.0,11.0,1445.9,1526.7
2016-11-19,2016,Eibar,Celta,1,0,H,U,2.38,3.25,3.1,5,2,7,0,6,2.0,1.0,1.0,1.0,6.0,5.0,1.0,4.0,8.0,-4.0,2.0,-3.0,5.0,1.0,1.0,0.0,0.0,1.0,-1.0,60.0,20.0,20.0,40.0,17.0,11.0,13.0,13.0,1453.9,1538.7
2016-11-19,2016,Barcelona,Malaga,0,0,D,U,1.13,9.0,21.0,8,1,14,1,6,2.0,0.0,0.0,2.0,6.0,3.0,3.0,1.0,6.0,-5.0,5.0,-3.0,8.0,1.0,0.0,1.0,0.0,1.0,-1.0,60.0,20.0,0.0,60.0,20.0,14.0,24.0,14.0,1658.9,1499.8
2016-11-19,2016,Ath Madrid,Real Madrid,0,3,A,O,2.5,3.3,2.9,5,7,8,6,6,3.0,2.0,0.0,0.0,12.0,12.0,0.0,3.0,4.0,-1.0,9.0,8.0,1.0,2.0,2.0,0.0,0.0,0.0,0.0,80.0,0.0,80.0,0.0,23.0,25.0,27.0,13.0,1635.3,1688.3
2016-11-18,2016,Betis,Las Palmas,2,0,H,U,2.35,3.4,3.1,3,3,4,5,6,1.0,0.0,2.0,2.0,2.0,4.0,-2.0,7.0,8.0,-1.0,-5.0,-4.0,-1.0,0.0,0.0,0.0,1.0,1.0,0.0,20.0,40.0,20.0,60.0,11.0,12.0,16.0,17.0,1458.6,1488.1
2016-11-06,2016,Villarreal,Betis,2,0,H,U,1.5,4.2,7.0,7,3,10,1,6,3.0,1.0,0.0,2.0,10.0,2.0,8.0,2.0,3.0,-1.0,8.0,-1.0,9.0,2.0,0.0,2.0,0.0,0.0,0.0,80.0,0.0,40.0,60.0,14.0,11.0,10.0,8.0,1557.8,1466.0
2016-11-06,2016,Sevilla,Barcelona,1,2,A,O,5.25,4.2,1.62,4,7,3,5,6,3.0,2.0,0.0,1.0,4.0,11.0,-7.0,1.0,6.0,-5.0,3.0,5.0,-2.0,0.0,1.0,-1.0,0.0,0.0,0.0,100.0,0.0,80.0,20.0,20.0,19.0,19.0,10.0,1533.4,1652.2
2016-11-06,2016,Real Madrid,Leganes,3,0,H,O,1.07,13.0,23.0,7,3,2,2,6,1.0,2.0,0.0,1.0,4.0,3.0,1.0,3.0,5.0,-2.0,1.0,-2.0,3.0,0.0,0.0,0.0,0.0,1.0,-1.0,60.0,0.0,60.0,40.0,17.0,10.0,30.0,13.0,1683.7,1472.4
2016-11-06,2016,Espanol,Ath Bilbao,0,0,D,U,3.0,3.2,2.5,3,0,5,3,6,0.0,1.0,1.0,2.0,3.0,4.0,-1.0,5.0,5.0,0.0,-2.0,-1.0,-1.0,0.0,0.0,0.0,1.0,0.0,1.0,0.0,40.0,40.0,60.0,8.0,12.0,14.0,9.0,1467.2,1547.0
2016-11-06,2016,Celta,Valencia,2,1,H,O,2.25,3.4,3.2,4,4,4,3,6,3.0,2.0,0.0,0.0,10.0,5.0,5.0,5.0,3.0,2.0,5.0,2.0,3.0,1.0,0.0,1.0,0.0,0.0,0.0,60.0,40.0,40.0,40.0,21.0,10.0,16.0,15.0,1531.0,1449.0
2016-11-05,2016,Sociedad,Ath Madrid,2,0,H,U,5.75,3.6,1.67,3,2,6,6,6,3.0,1.0,0.0,1.0,8.0,3.0,5.0,1.0,2.0,-1.0,7.0,1.0,6.0,2.0,1.0,1.0,0.0,0.0,0.0,60.0,20.0,40.0,20.0,20.0,17.0,15.0,12.0,1505.4,1649.2
2016-11-05,2016,Osasuna,Alaves,0,1,A,U,2.25,3.2,3.4,4,3,3,4,6,0.0,0.0,2.0,3.0,4.0,2.0,2.0,6.0,7.0,-1.0,-2.0,-5.0,3.0,0.0,0.0,0.0,0.0,1.0,-1.0,0.0,60.0,20.0,60.0,19.0,5.0,14.0,8.0,1468.4,1484.7
2016-11-05,2016,Las Palmas,Eibar,1,0,H,U,1.91,3.5,4.0,6,5,7,4,6,0.0,0.0,0.0,1.0,5.0,5.0,0.0,5.0,6.0,-1.0,0.0,-1.0,1.0,0.0,0.0,0.0,0.0,0.0,0.0,40.0,0.0,20.0,40.0,22.0,10.0,16.0,16.0,1478.5,1463.4
2016-11-05,2016,Granada,La Coruna,1,1,D,U,2.6,3.2,2.8,6,5,7,6,6,0.0,0.0,2.0,3.0,1.0,1.0,0.0,3.0,9.0,-6.0,-2.0,-8.0,6.0,0.0,0.0,0.0,0.0,2.0,-2.0,0.0,60.0,0.0,60.0,4.0,2.0,15.0,6.0,1412.2,1446.9
2016-11-04,2016,Malaga,Sp Gijon,3,2,H,O,1.73,3.6,5.25,7,4,9,2,6,3.0,0.0,0.0,2.0,8.0,2.0,6.0,2.0,4.0,-2.0,6.0,-2.0,8.0,1.0,0.0,1.0,0.0,0.0,0.0,60.0,20.0,0.0,60.0,17.0,6.0,19.0,7.0,1491.2,1441.9
2016-10-31,2016,La Coruna,Valencia,1,1,D,U,2.88,3.2,2.55,4,3,5,6,5,1.0,2.0,2.0,1.0,3.0,5.0,-2.0,4.0,4.0,0.0,-1.0,1.0,-2.0,0.0,0.0,0.0,0.0,0.0,0.0,50.0,50.0,50.0,50.0,14.0,9.0,25.0,10.0,1446.8,1449.1
2016-10-30,2016,Las Palmas,Celta,3,3,D,O,2.3,3.3,3.2,8,6,8,1,5,1.0,1.0,0.0,1.0,3.0,2.0,1.0,2.0,5.0,-3.0,1.0,-3.0,4.0,0.0,1.0,-1.0,0.0,1.0,-1.0,50.0,0.0,25.0,50.0,16.0,10.0,10.0,17.0,1476.9,1532.6
2016-10-30,2016,Eibar,Villarreal,2,1,H,O,3.0,3.2,2.5,9,1,3,7,5,1.0,1.0,1.0,0.0,5.0,3.0,2.0,4.0,1.0,3.0,1.0,2.0,-1.0,1.0,1.0,0.0,0.0,0.0,0.0,50.0,25.0,25.0,0.0,10.0,10.0,14.0,11.0,1450.1,1571.1
2016-10-30,2016,Betis,Espanol,0,1,A,U,2.25,3.25,3.4,5,5,8,3,5,1.0,1.0,1.0,0.0,4.0,3.0,1.0,8.0,2.0,6.0,-4.0,1.0,-5.0,0.0,0.0,0.0,1.0,0.0,1.0,25.0,25.0,25.0,25.0,13.0,5.0,15.0,6.0,1476.6,1456.7
2016-10-30,2016,Ath Bilbao,Osasuna,1,1,D,U,1.36,5.0,8.5,4,3,9,2,5,3.0,1.0,0.0,2.0,8.0,6.0,2.0,4.0,10.0,-6.0,4.0,-4.0,8.0,1.0,0.0,1.0,0.0,2.0,-2.0,75.0,25.0,25.0,50.0,22.0,10.0,18.0,12.0,1549.3,1466.0
2016-10-29,2016,Sp Gijon,Sevilla,1,1,D,U,3.8,3.6,1.95,5,6,3,4,5,1.0,1.0,2.0,1.0,3.0,5.0,-2.0,8.0,6.0,2.0,-5.0,-1.0,-4.0,0.0,0.0,0.0,1.0,1.0,0.0,50.0,50.0,25.0,25.0,9.0,10.0,11.0,9.0,1439.2,1536.1
2016-10-29,2016,Barcelona,Granada,1,0,H,U,1.05,17.0,34.0,5,0,8,1,5,1.0,0.0,1.0,2.0,6.0,4.0,2.0,3.0,12.0,-9.0,3.0,-8.0,11.0,1.0,0.0,1.0,0.0,2.0,-2.0,50.0,25.0,0.0,75.0,17.0,13.0,29.0,12.0,1648.0,1416.4
2016-10-29,2016,Ath Madrid,Malaga,4,2,H,O,1.22,6.0,15.0,7,3,6,2,5,3.0,0.0,0.0,2.0,13.0,1.0,12.0,1.0,3.0,-2.0,12.0,-2.0,14.0,2.0,0.0,2.0,0.0,0.0,0.0,75.0,0.0,0.0,50.0,23.0,13.0,22.0,14.0,1643.2,1497.2
2016-10-29,2016,Alaves,Real Madrid,1,4,A,O,13.0,6.5,1.22,3,5,4,3,5,1.0,2.0,0.0,0.0,4.0,10.0,-6.0,2.0,3.0,-1.0,2.0,7.0,-5.0,1.0,2.0,-1.0,0.0,0.0,0.0,25.0,0.0,75.0,0.0,11.0,27.0,15.0,15.0,1489.8,1678.7
2016-10-28,2016,Leganes,Sociedad,0,2,A,U,2.63,3.1,2.88,4,5,1,4,5,0.0,0.0,3.0,3.0,4.0,3.0,1.0,10.0,7.0,3.0,-6.0,-4.0,-2.0,0.0,0.0,0.0,1.0,1.0,0.0,0.0,75.0,25.0,75.0,15.0,5.0,8.0,13.0,1482.0,1495.8
2016-10-23,2016,Villarreal,Las Palmas,2,1,H,O,1.67,3.8,5.25,4,4,2,1,5,3.0,0.0,0.0,2.0,10.0,4.0,6.0,2.0,8.0,-6.0,8.0,-4.0,12.0,2.0,0.0,2.0,0.0,1.0,-1.0,75.0,0.0,25.0,50.0,14.0,12.0,11.0,17.0,1563.3,1484.7
2016-10-23,2016,Sevilla,Ath Madrid,1,0,H,U,4.0,3.5,1.95,5,3,4,5,5,3.0,2.0,0.0,0.0,5.0,7.0,-2.0,2.0,1.0,1.0,3.0,6.0,-3.0,0.0,2.0,-2.0,0.0,0.0,0.0,100.0,0.0,50.0,0.0,22.0,20.0,25.0,11.0,1522.4,1656.9
2016-10-23,2016,Real Madrid,Ath Bilbao,2,1,H,O,1.2,7.0,13.0,8,3,6,4,5,1.0,2.0,0.0,1.0,7.0,4.0,3.0,4.0,3.0,1.0,3.0,1.0,2.0,1.0,0.0,1.0,0.0,0.0,0.0,50.0,0.0,50.0,50.0,20.0,11.0,30.0,11.0,1671.9,1556.1
2016-10-23,2016,Malaga,Leganes,4,0,H,O,1.85,3.3,4.75,8,5,5,8,5,2.0,2.0,1.0,1.0,4.0,4.0,0.0,4.0,3.0,1.0,0.0,1.0,-1.0,0.0,0.0,0.0,1.0,0.0,1.0,50.0,25.0,75.0,25.0,11.0,7.0,23.0,10.0,1487.0,1492.2
2016-10-23,2016,Celta,La Coruna,4,1,H,O,1.7,3.6,5.5,7,1,5,4,5,2.0,0.0,1.0,2.0,6.0,0.0,6.0,8.0,5.0,3.0,-2.0,-5.0,3.0,0.0,0.0,0.0,1.0,1.0,0.0,50.0,50.0,0.0,50.0,15.0,2.0,17.0,7.0,1524.5,1454.8
2016-10-22,2016,Valencia,Barcelona,2,3,A,O,7.0,5.25,1.4,4,8,3,1,5,1.0,2.0,2.0,1.0,4.0,13.0,-9.0,6.0,5.0,1.0,-2.0,8.0,-10.0,0.0,2.0,-2.0,1.0,0.0,1.0,25.0,75.0,75.0,25.0,16.0,18.0,18.0,14.0,1454.1,1643.0
2016-10-22,2016,Sociedad,Alaves,3,0,H,O,1.67,3.75,5.5,5,3,4,2,5,2.0,1.0,0.0,2.0,6.0,4.0,2.0,2.0,5.0,-3.0,4.0,-1.0,5.0,1.0,0.0,1.0,0.0,0.0,0.0,50.0,25.0,25.0,50.0,18.0,6.0,22.0,6.0,1485.4,1500.2
2016-10-22,2016,Granada,Sp Gijon,0,0,D,U,2.1,3.4,3.6,1,3,3,3,5,0.0,0.0,3.0,3.0,2.0,2.0,0.0,5.0,9.0,-4.0,-3.0,-7.0,4.0,0.0,0.0,0.0,0.0,1.0,-1.0,0.0,75.0,0.0,75.0,8.0,4.0,18.0,8.0,1415.7,1439.9
2016-10-22,2016,Espanol,Eibar,3,3,D,O,2.05,3.4,3.8,5,3,7,6,5,0.0,1.0,2.0,1.0,0.0,4.0,-4.0,4.0,4.0,0.0,-4.0,0.0,-4.0,0.0,0.0,0.0,2.0,0.0,2.0,0.0,50.0,25.0,50.0,5.0,15.0,11.0,17.0,1456.9,1449.9
2016-10-21,2016,Osasuna,Betis,1,2,A,O,2.4,3.2,3.1,5,6,6,4,5,0.0,1.0,1.0,2.0,3.0,3.0,0.0,4.0,4.0,0.0,-1.0,-1.0,0.0,0.0,0.0,0.0,0.0,0.0,0.0,0.0,50.0,25.0,75.0,16.0,10.0,11.0,9.0,1476.3,1466.3
2016-10-17,2016,Eibar,Osasuna,2,3,A,O,1.7,3.6,5.0,5,4,5,0,4,2.0,0.0,0.0,2.0,4.0,4.0,0.0,1.0,9.0,-8.0,3.0,-5.0,8.0,1.0,0.0,1.0,0.0,2.0,-2.0,66.7,0.0,0.0,66.7,11.0,9.0,15.0,15.0,1459.7,1466.5
2016-10-16,2016,Villarreal,Celta,5,0,H,O,1.85,3.4,4.75,5,1,3,5,4,2.0,1.0,0.0,1.0,5.0,3.0,2.0,2.0,2.0,0.0,3.0,1.0,2.0,1.0,1.0,0.0,0.0,0.0,0.0,66.7,0.0,33.3,33.3,14.0,12.0,13.0,14.0,1553.9,1534.0
2016-10-16,2016,Sp Gijon,Valencia,1,2,A,O,3.6,3.4,2.1,2,3,4,4,4,2.0,1.0,1.0,2.0,4.0,3.0,1.0,7.0,4.0,3.0,-3.0,-1.0,-2.0,0.0,0.0,0.0,1.0,0.0,1.0,66.7,33.3,33.3,66.7,11.0,9.0,9.0,16.0,1450.1,1444.0
2016-10-16,2016,Ath Bilbao,Sociedad,3,2,H,O,1.83,3.6,4.4,11,3,7,4,4,2.0,1.0,1.0,2.0,5.0,3.0,2.0,3.0,4.0,-1.0,2.0,-1.0,3.0,1.0,1.0,0.0,0.0,1.0,-1.0,66.7,33.3,33.3,66.7,15.0,6.0,15.0,10.0,1547.6,1493.8
2016-10-16,2016,Alaves,Malaga,1,1,D,U,2.6,3.0,3.0,4,5,6,7,4,1.0,0.0,0.0,2.0,3.0,2.0,1.0,1.0,4.0,-3.0,2.0,-2.0,4.0,1.0,0.0,1.0,0.0,0.0,0.0,33.3,0.0,0.0,66.7,9.0,11.0,13.0,11.0,1500.6,1486.6
2016-10-15,2016,Leganes,Sevilla,2,3,A,O,3.4,3.2,2.25,6,4,5,2,4,0.0,0.0,2.0,1.0,2.0,2.0,0.0,7.0,4.0,3.0,-5.0,-2.0,-3.0,0.0,0.0,0.0,1.0,1.0,0.0,0.0,66.7,0.0,33.3,10.0,6.0,4.0,8.0,1501.9,1512.7
2016-10-15,2016,Betis,Real Madrid,1,6,A,O,8.0,5.25,1.36,2,9,2,5,4,1.0,2.0,0.0,0.0,3.0,7.0,-4.0,2.0,2.0,0.0,1.0,5.0,-4.0,0.0,2.0,-2.0,0.0,0.0,0.0,33.3,0.0,66.7,0.0,16.0,26.0,26.0,17.0,1471.2,1667.0
2016-10-15,2016,Barcelona,La Coruna,4,0,H,O,1.1,10.0,26.0,8,0,8,2,4,1.0,0.0,1.0,1.0,8.0,0.0,8.0,5.0,1.0,4.0,3.0,-1.0,4.0,1.0,0.0,1.0,0.0,0.0,0.0,33.3,33.3,0.0,33.3,21.0,3.0,31.0,7.0,1637.7,1460.1
2016-10-15,2016,Ath Madrid,Granada,7,1,H,O,1.13,10.0,17.0,11,2,11,3,4,2.0,0.0,0.0,2.0,7.0,4.0,3.0,1.0,10.0,-9.0,6.0,-6.0,12.0,1.0,0.0,1.0,0.0,2.0,-2.0,66.7,0.0,0.0,66.7,18.0,13.0,31.0,13.0,1652.7,1419.8
2016-10-14,2016,Las Palmas,Espanol,0,0,D,U,1.95,3.4,4.2,8,2,8,4,4,2.0,1.0,0.0,1.0,8.0,7.0,1.0,3.0,8.0,-5.0,5.0,-1.0,6.0,1.0,0.0,1.0,0.0,1.0,-1.0,66.7,0.0,33.3,33.3,18.0,10.0,8.0,4.0,1485.5,1456.0
2016-10-02,2016,Valencia,Ath Madrid,0,2,A,U,4.5,3.5,1.85,5,10,6,5,4,1.0,1.0,2.0,0.0,6.0,5.0,1.0,8.0,1.0,7.0,-2.0,4.0,-6.0,0.0,1.0,-1.0,1.0,0.0,1.0,33.3,66.7,33.3,0.0,19.0,13.0,24.0,14.0,1448.8,1647.9
2016-10-02,2016,Real Madrid,Eibar,1,1,D,U,1.08,11.0,26.0,3,4,7,5,4,2.0,1.0,0.0,2.0,8.0,4.0,4.0,4.0,5.0,-1.0,4.0,-1.0,5.0,1.0,0.0,1.0,0.0,0.0,0.0,66.7,0.0,33.3,66.7,27.0,17.0,30.0,20.0,1672.6,1454.1
2016-10-02,2016,Malaga,Ath Bilbao,2,1,H,O,2.45,3.0,3.3,3,1,7,2,4,1.0,2.0,1.0,1.0,3.0,4.0,-1.0,4.0,3.0,1.0,-1.0,1.0,-2.0,0.0,0.0,0.0,1.0,0.0,1.0,33.3,33.3,66.7,33.3,12.0,14.0,21.0,14.0,1474.2,1560.0
2016-10-02,2016,Espanol,Villarreal,0,0,D,U,2.88,3.1,2.63,1,1,3,1,4,0.0,1.0,2.0,0.0,2.0,4.0,-2.0,6.0,2.0,4.0,-4.0,2.0,-6.0,0.0,1.0,-1.0,2.0,0.0,2.0,0.0,66.7,33.3,0.0,6.0,12.0,11.0,13.0,1453.1,1556.8
2016-10-02,2016,Celta,Barcelona,4,3,H,O,8.0,4.75,1.4,9,4,3,6,4,1.0,3.0,2.0,0.0,2.0,11.0,-9.0,6.0,1.0,5.0,-4.0,10.0,-14.0,0.0,2.0,-2.0,1.0,0.0,1.0,33.3,66.7,100.0,0.0,8.0,17.0,22.0,12.0,1520.4,1651.3
2016-10-01,2016,Sevilla,Alaves,2,1,H,O,1.44,4.33,8.0,12,1,9,2,4,3.0,1.0,0.0,1.0,9.0,4.0,5.0,5.0,4.0,1.0,4.0,0.0,4.0,1.0,0.0,1.0,0.0,0.0,0.0,100.0,0.0,33.3,33.3,21.0,6.0,24.0,6.0,1502.5,1510.8
2016-10-01,2016,Osasuna,Las Palmas,2,2,D,O,2.6,3.2,2.8,3,5,1,12,4,0.0,1.0,2.0,2.0,1.0,6.0,-5.0,4.0,8.0,-4.0,-3.0,-2.0,-1.0,0.0,1.0,-1.0,1.0,1.0,0.0,0.0,66.7,33.3,66.7,16.0,11.0,20.0,6.0,1466.0,1486.1
2016-10-01,2016,La Coruna,Sp Gijon,2,1,H,O,1.95,3.4,4.2,6,2,11,4,4,1.0,0.0,2.0,2.0,3.0,1.0,2.0,4.0,7.0,-3.0,-1.0,-6.0,5.0,0.0,0.0,0.0,0.0,1.0,-1.0,33.3,66.7,0.0,66.7,14.0,3.0,15.0,10.0,1449.8,1460.4
2016-10-01,2016,Granada,Leganes,0,1,A,U,2.45,3.3,3.0,1,3,6,4,4,0.0,2.0,2.0,1.0,3.0,4.0,-1.0,5.0,3.0,2.0,-2.0,1.0,-3.0,0.0,0.0,0.0,0.0,0.0,0.0,0.0,66.7,66.7,33.3,8.0,10.0,19.0,10.0,1428.0,1493.7
2016-09-30,2016,Sociedad,Betis,1,0,H,U,1.8,3.5,4.75,8,2,4,2,4,1.0,1.0,1.0,2.0,5.0,5.0,0.0,5.0,9.0,-4.0,0.0,-4.0,4.0,1.0,0.0,1.0,1.0,1.0,0.0,33.3,33.3,33.3,66.7,10.0,10.0,22.0,9.0,1483.9,1481.1
2016-09-26,2016,Alaves,Granada,3,1,H,O,2.1,3.3,3.75,6,3,5,6,3,,,,,,,,,,,,,,,,,,,,0.0,0.0,0.0,50.0,,,,,1502.7,1436.1
2016-09-25,2016,Villarreal,Osasuna,3,1,H,O,1.4,4.33,9.5,5,3,5,5,3,,,,,,,,,,,,,,,,,,,,50.0,0.0,0.0,50.0,,,,,1548.9,1473.8
2016-09-25,2016,Leganes,Valencia,1,2,A,O,2.8,3.2,2.6,3,4,1,5,3,,,,,,,,,,,,,,,,,,,,0.0,50.0,0.0,100.0,,,,,1505.7,1436.8
2016-09-25,2016,Espanol,Celta,0,2,A,U,2.25,3.3,3.3,2,4,4,7,3,,,,,,,,,,,,,,,,,,,,0.0,50.0,0.0,50.0,,,,,1461.7,1511.8
2016-09-25,2016,Ath Madrid,La Coruna,1,0,H,U,1.22,5.5,19.0,5,1,10,0,3,,,,,,,,,,,,,,,,,,,,50.0,0.0,0.0,0.0,,,,,1642.8,1454.9
2016-09-24,2016,Sp Gijon,Barcelona,0,5,A,O,13.0,6.5,1.22,3,7,4,3,3,,,,,,,,,,,,,,,,,,,,100.0,0.0,100.0,0.0,,,,,1465.6,1646.1
2016-09-24,2016,Las Palmas,Real Madrid,2,2,D,O,8.5,5.0,1.36,6,11,0,5,3,,,,,,,,,,,,,,,,,,,,100.0,0.0,100.0,0.0,,,,,1481.0,1677.7
2016-09-24,2016,Eibar,Sociedad,2,0,H,U,2.45,3.2,3.0,3,0,5,3,3,,,,,,,,,,,,,,,,,,,,50.0,0.0,50.0,50.0,,,,,1442.6,1495.4
2016-09-24,2016,Ath Bilbao,Sevilla,3,1,H,O,2.05,3.4,3.75,7,2,4,5,3,,,,,,,,,,,,,,,,,,,,50.0,50.0,0.0,0.0,,,,,1551.2,1511.4
2016-09-23,2016,Betis,Malaga,1,0,H,U,2.6,3.1,2.9,4,6,6,5,3,,,,,,,,,,,,,,,,,,,,0.0,0.0,0.0,50.0,,,,,1470.7,1484.6
2016-09-22,2016,Valencia,Alaves,2,1,H,O,1.57,3.75,6.0,2,1,7,4,3,,,,,,,,,,,,,,,,,,,,0.0,100.0,50.0,0.0,,,,,1424.3,1515.3
2016-09-22,2016,Osasuna,Espanol,1,2,A,O,2.88,3.2,2.6,11,2,7,1,3,,,,,,,,,,,,,,,,,,,,0.0,50.0,0.0,50.0,,,,,1484.8,1450.7
2016-09-22,2016,La Coruna,Leganes,1,2,A,O,2.15,3.25,3.6,5,2,7,1,3,,,,,,,,,,,,,,,,,,,,50.0,50.0,50.0,50.0,,,,,1464.0,1496.6
2016-09-21,2016,Sociedad,Las Palmas,4,1,H,O,2.0,3.5,3.75,7,3,7,4,3,,,,,,,,,,,,,,,,,,,,0.0,50.0,50.0,50.0,,,,,1485.3,1491.1
2016-09-21,2016,Real Madrid,Villarreal,1,1,D,U,1.2,7.0,15.0,6,3,17,3,3,,,,,,,,,,,,,,,,,,,,100.0,0.0,50.0,0.0,,,,,1681.5,1545.2
2016-09-21,2016,Granada,Ath Bilbao,1,2,A,O,4.5,3.5,1.85,2,8,6,3,3,,,,,,,,,,,,,,,,,,,,0.0,50.0,50.0,50.0,,,,,1443.2,1544.0
2016-09-21,2016,Celta,Sp Gijon,2,1,H,O,1.57,4.0,6.0,5,1,8,0,3,,,,,,,,,,,,,,,,,,,,0.0,100.0,0.0,50.0,,,,,1502.6,1474.8
2016-09-21,2016,Barcelona,Ath Madrid,1,1,D,U,1.6,4.0,5.5,7,4,8,2,3,,,,,,,,,,,,,,,,,,,,50.0,50.0,50.0,0.0,,,,,1646.2,1642.7
2016-09-20,2016,Sevilla,Betis,1,0,H,U,1.45,4.5,7.0,3,3,6,2,3,,,,,,,,,,,,,,,,,,,,100.0,0.0,50.0,50.0,,,,,1502.0,1480.1
2016-09-20,2016,Malaga,Eibar,2,1,H,O,1.85,3.4,4.75,6,3,7,5,3,,,,,,,,,,,,,,,,,,,,0.0,50.0,50.0,50.0,,,,,1475.3,1451.9
2016-09-19,2016,Alaves,La Coruna,0,0,D,U,2.3,3.0,3.5,1,1,4,5,2,,,,,,,,,,,,,,,,,,,,0.0,0.0,0.0,0.0,,,,,1516.8,1462.4
2016-09-18,2016,Villarreal,Sociedad,2,1,H,O,1.85,3.5,4.5,4,2,3,6,2,,,,,,,,,,,,,,,,,,,,0.0,0.0,100.0,0.0,,,,,1536.4,1494.0
2016-09-18,2016,Osasuna,Celta,0,0,D,U,2.9,3.1,2.6,2,5,3,5,2,,,,,,,,,,,,,,,,,,,,0.0,100.0,0.0,100.0,,,,,1484.3,1503.1
2016-09-18,2016,Espanol,Real Madrid,0,2,A,U,7.5,5.5,1.36,2,7,4,5,2,,,,,,,,,,,,,,,,,,,,0.0,0.0,100.0,0.0,,,,,1455.1,1677.1
2016-09-18,2016,Ath Bilbao,Valencia,2,1,H,O,1.85,3.6,4.33,4,2,7,1,2,,,,,,,,,,,,,,,,,,,,0.0,100.0,0.0,100.0,,,,,1537.0,1431.3
2016-09-17,2016,Leganes,Barcelona,1,5,A,O,17.0,7.0,1.18,6,7,2,5,2,,,,,,,,,,,,,,,,,,,,0.0,0.0,100.0,0.0,,,,,1502.9,1639.9
2016-09-17,2016,Las Palmas,Malaga,1,0,H,U,2.3,3.25,3.3,2,2,2,2,2,,,,,,,,,,,,,,,,,,,,100.0,0.0,0.0,0.0,,,,,1481.0,1485.4
2016-09-17,2016,Eibar,Sevilla,1,1,D,U,3.1,3.3,2.35,2,4,4,2,2,,,,,,,,,,,,,,,,,,,,100.0,0.0,0.0,0.0,,,,,1450.4,1503.5
2016-09-17,2016,Ath Madrid,Sp Gijon,5,0,H,O,1.18,6.5,21.0,7,1,1,4,2,,,,,,,,,,,,,,,,,,,,0.0,0.0,0.0,0.0,,,,,1636.9,1480.6
2016-09-16,2016,Betis,Granada,2,2,D,O,1.73,3.75,5.0,7,8,7,3,2,,,,,,,,,,,,,,,,,,,,0.0,0.0,0.0,100.0,,,,,1481.2,1442.1
2016-09-11,2016,Valencia,Betis,2,3,A,O,1.65,4.2,5.0,9,5,5,5,2,,,,,,,,,,,,,,,,,,,,0.0,100.0,0.0,100.0,,,,,1440.4,1472.1
2016-09-11,2016,Sp Gijon,Leganes,2,1,H,O,2.25,3.2,3.4,4,2,3,5,2,,,,,,,,,,,,,,,,,,,,100.0,0.0,100.0,0.0,,,,,1469.3,1514.2
2016-09-11,2016,La Coruna,Ath Bilbao,0,1,A,U,3.6,3.25,2.15,3,2,7,6,2,,,,,,,,,,,,,,,,,,,,100.0,0.0,0.0,100.0,,,,,1470.7,1528.6
2016-09-11,2016,Granada,Eibar,1,2,A,O,2.15,3.25,3.5,5,8,6,7,2,,,,,,,,,,,,,,,,,,,,0.0,0.0,0.0,100.0,,,,,1452.5,1440.1
2016-09-10,2016,Sevilla,Las Palmas,2,1,H,O,1.5,4.33,6.0,7,4,10,1,2,,,,,,,,,,,,,,,,,,,,100.0,0.0,100.0,0.0,,,,,1493.6,1490.9
2016-09-10,2016,Real Madrid,Osasuna,5,2,H,O,1.04,15.0,34.0,11,3,6,7,2,,,,,,,,,,,,,,,,,,,,100.0,0.0,0.0,0.0,,,,,1671.9,1489.4
2016-09-10,2016,Malaga,Villarreal,0,2,A,U,2.3,3.1,3.3,2,6,9,7,2,,,,,,,,,,,,,,,,,,,,0.0,0.0,0.0,0.0,,,,,1494.5,1527.4
2016-09-10,2016,Celta,Ath Madrid,0,4,A,O,6.0,3.3,1.73,1,6,6,4,2,,,,,,,,,,,,,,,,,,,,0.0,100.0,0.0,0.0,,,,,1509.8,1630.3
2016-09-10,2016,Barcelona,Alaves,1,2,A,O,1.07,12.0,34.0,2,4,13,0,2,,,,,,,,,,,,,,,,,,,,100.0,0.0,0.0,0.0,,,,,1654.0,1502.7
2016-09-09,2016,Sociedad,Espanol,1,1,D,U,2.05,3.4,3.75,3,1,11,1,2,,,,,,,,,,,,,,,,,,,,0.0,100.0,0.0,100.0,,,,,1495.2,1453.9
2016-08-28,2016,Villarreal,Sevilla,0,0,D,U,2.5,3.4,2.8,5,0,5,1,1,,,,,,,,,,,,,,,,,,,,,,,,,,,,1528.4,1492.5
2016-08-28,2016,Las Palmas,Granada,5,1,H,O,1.91,3.4,4.33,10,2,6,4,1,,,,,,,,,,,,,,,,,,,,,,,,,,,,1481.5,1461.9
2016-08-28,2016,Ath Bilbao,Barcelona,0,1,A,U,6.5,4.33,1.5,4,3,4,4,1,,,,,,,,,,,,,,,,,,,,,,,,,,,,1535.5,1647.1
2016-08-28,2016,Alaves,Sp Gijon,0,0,D,U,2.15,3.2,3.75,2,1,4,6,1,,,,,,,,,,,,,,,,,,,,,,,,,,,,1503.8,1468.3
2016-08-27,2016,Real Madrid,Celta,2,1,H,O,1.18,7.0,17.0,10,3,7,2,1,,,,,,,,,,,,,,,,,,,,,,,,,,,,1666.0,1515.7
2016-08-27,2016,Osasuna,Sociedad,0,2,A,U,3.1,3.1,2.5,3,4,10,1,1,,,,,,,,,,,,,,,,,,,,,,,,,,,,1499.9,1484.8
2016-08-27,2016,Leganes,Ath Madrid,0,0,D,U,8.5,3.6,1.53,1,3,1,8,1,,,,,,,,,,,,,,,,,,,,,,,,,,,,1510.8,1633.7
2016-08-27,2016,Eibar,Valencia,1,0,H,U,2.7,3.2,2.75,6,3,6,10,1,,,,,,,,,,,,,,,,,,,,,,,,,,,,1429.4,1451.0
2016-08-26,2016,Espanol,Malaga,2,2,D,O,2.3,3.1,3.4,2,3,3,4,1,,,,,,,,,,,,,,,,,,,,,,,,,,,,1452.7,1495.7
2016-08-26,2016,Betis,La Coruna,0,0,D,U,2.2,3.2,3.5,5,1,13,2,1,,,,,,,,,,,,,,,,,,,,,,,,,,,,1472.1,1470.7
2016-08-22,2016,Valencia,Las Palmas,2,4,A,O,1.73,3.75,5.0,8,4,12,1,1,,,,,,,,,,,,,,,,,,,,,,,,,,,,1460.7,1471.8
2016-08-22,2016,Celta,Leganes,0,1,A,U,1.65,3.75,5.75,2,6,8,4,1,,,,,,,,,,,,,,,,,,,,,,,,,,,,1526.5,1500.0
2016-08-21,2016,Sp Gijon,Ath Bilbao,2,1,H,O,4.0,3.5,1.95,4,4,2,5,1,,,,,,,,,,,,,,,,,,,,,,,,,,,,1455.7,1548.1
2016-08-21,2016,Sociedad,Real Madrid,0,3,A,O,4.75,3.8,1.75,0,8,4,7,1,,,,,,,,,,,,,,,,,,,,,,,,,,,,1490.2,1660.5
2016-08-21,2016,Ath Madrid,Alaves,1,1,D,U,1.2,6.5,17.0,6,1,20,2,1,,,,,,,,,,,,,,,,,,,,,,,,,,,,1637.4,1500.0
2016-08-20,2016,Sevilla,Espanol,6,4,H,O,1.67,4.0,5.0,11,7,8,2,1,,,,,,,,,,,,,,,,,,,,,,,,,,,,1483.2,1462.0
2016-08-20,2016,Granada,Villarreal,1,1,D,U,2.5,3.2,3.0,1,3,7,3,1,,,,,,,,,,,,,,,,,,,,,,,,,,,,1459.9,1530.4
2016-08-20,2016,Barcelona,Betis,6,2,H,O,1.08,11.0,29.0,12,2,10,2,1,,,,,,,,,,,,,,,,,,,,,,,,,,,,1641.5,1477.7
2016-08-19,2016,Malaga,Osasuna,1,1,D,U,1.62,3.75,6.0,4,3,5,3,1,,,,,,,,,,,,,,,,,,,,,,,,,,,,1495.6,1500.0
2016-08-19,2016,La Coruna,Eibar,2,1,H,O,1.95,3.4,4.2,6,6,1,8,1,,,,,,,,,,,,,,,,,,,,,,,,,,,,1461.4,1438.8
2016-05-15,2015,Vallecano,Levante,3,1,H,O,1.33,5.25,9.0,9,2,9,3,19,2.0,0.0,1.0,3.0,6.0,2.0,4.0,4.0,9.0,-5.0,2.0,-7.0,9.0,1.0,0.0,1.0,0.0,2.0,-2.0,38.9,38.9,5.6,77.8,19.0,13.0,17.0,14.0,1441.2,1427.5
2016-05-15,2015,Sp Gijon,Villarreal,2,0,H,U,1.44,4.5,7.5,7,5,4,1,19,2.0,1.0,1.0,2.0,4.0,3.0,1.0,2.0,5.0,-3.0,2.0,-2.0,4.0,1.0,1.0,0.0,0.0,1.0,-1.0,33.3,44.4,33.3,33.3,7.0,7.0,13.0,7.0,1442.9,1543.2
2016-05-15,2015,Malaga,Las Palmas,4,1,H,O,1.8,3.75,4.5,8,7,3,6,19,1.0,1.0,1.0,2.0,4.0,5.0,-1.0,3.0,5.0,-2.0,1.0,0.0,1.0,1.0,1.0,0.0,0.0,0.0,0.0,38.9,27.8,22.2,61.1,22.0,12.0,28.0,10.0,1485.7,1481.7
2016-05-15,2015,Espanol,Eibar,4,2,H,O,2.0,3.6,3.7,7,8,3,4,19,1.0,0.0,1.0,3.0,3.0,0.0,3.0,4.0,10.0,-6.0,-1.0,-10.0,9.0,0.0,0.0,0.0,1.0,3.0,-2.0,44.4,27.8,16.7,55.6,13.0,10.0,9.0,15.0,1452.1,1448.7
2016-05-15,2015,Betis,Getafe,2,1,H,O,5.0,3.8,1.7,4,5,3,2,19,2.0,2.0,1.0,1.0,2.0,4.0,-2.0,2.0,3.0,-1.0,0.0,1.0,-1.0,0.0,1.0,-1.0,1.0,1.0,0.0,27.8,38.9,16.7,72.2,9.0,11.0,12.0,12.0,1468.6,1439.0
2016-05-14,2015,La Coruna,Real Madrid,0,2,A,U,13.0,8.0,1.18,2,5,4,8,19,0.0,3.0,3.0,0.0,1.0,9.0,-8.0,13.0,3.0,10.0,-12.0,6.0,-18.0,0.0,1.0,-1.0,3.0,0.0,3.0,22.2,33.3,61.1,11.1,15.0,23.0,21.0,18.0,1466.4,1655.5
2016-05-14,2015,Granada,Barcelona,0,3,A,O,26.0,11.0,1.08,2,10,5,6,19,2.0,2.0,0.0,1.0,8.0,10.0,-2.0,3.0,1.0,2.0,5.0,9.0,-4.0,1.0,2.0,-1.0,0.0,0.0,0.0,33.3,38.9,66.7,16.7,12.0,20.0,12.0,15.0,1465.4,1636.1
2016-05-14,2015,Ath Madrid,Celta,2,0,H,U,1.75,3.75,4.5,5,4,4,4,19,3.0,1.0,0.0,1.0,5.0,3.0,2.0,0.0,3.0,-3.0,5.0,0.0,5.0,1.0,0.0,1.0,0.0,0.0,0.0,77.8,5.6,44.4,38.9,13.0,8.0,19.0,11.0,1630.1,1533.8
2016-05-14,2015,Ath Bilbao,Sevilla,3,1,H,O,1.33,5.75,8.0,6,4,7,6,19,2.0,0.0,1.0,3.0,3.0,2.0,1.0,2.0,5.0,-3.0,1.0,-3.0,4.0,0.0,0.0,0.0,0.0,0.0,0.0,55.6,22.2,0.0,50.0,15.0,12.0,13.0,12.0,1539.5,1491.8
2016-05-13,2015,Valencia,Sociedad,0,1,A,U,1.95,3.75,3.75,0,7,4,6,19,2.0,1.0,1.0,1.0,6.0,3.0,3.0,3.0,3.0,0.0,3.0,0.0,3.0,1.0,0.0,1.0,1.0,0.0,1.0,33.3,27.8,27.8,50.0,16.0,8.0,25.0,8.0,1470.4,1480.5
2016-05-08,2015,Villarreal,La Coruna,0,2,A,U,2.45,3.1,3.1,4,4,8,5,19,1.0,0.0,0.0,0.0,4.0,3.0,1.0,2.0,3.0,-1.0,2.0,0.0,2.0,1.0,0.0,1.0,0.0,0.0,0.0,66.7,11.1,16.7,27.8,12.0,8.0,15.0,7.0,1556.1,1453.5
2016-05-08,2015,Sociedad,Vallecano,2,1,H,O,3.5,3.6,2.05,6,5,5,11,19,1.0,0.0,2.0,2.0,2.0,1.0,1.0,3.0,3.0,0.0,-1.0,-2.0,1.0,0.0,0.0,0.0,0.0,0.0,0.0,33.3,38.9,5.6,55.6,10.0,11.0,19.0,19.0,1471.1,1450.6
2016-05-08,2015,Sevilla,Granada,1,4,A,O,2.88,3.75,2.3,6,6,5,4,19,1.0,0.0,1.0,2.0,4.0,2.0,2.0,3.0,6.0,-3.0,1.0,-4.0,5.0,1.0,0.0,1.0,0.0,1.0,-1.0,77.8,16.7,16.7,61.1,12.0,5.0,26.0,7.0,1503.2,1454.0
2016-05-08,2015,Real Madrid,Valencia,3,2,H,O,1.2,7.5,11.0,8,8,5,8,19,3.0,1.0,0.0,1.0,11.0,5.0,6.0,0.0,5.0,-5.0,11.0,0.0,11.0,3.0,0.0,3.0,0.0,0.0,0.0,83.3,11.1,27.8,50.0,24.0,10.0,25.0,6.0,1650.1,1475.8
2016-05-08,2015,Levante,Ath Madrid,2,1,H,O,17.0,6.5,1.2,5,5,4,5,19,1.0,2.0,0.0,1.0,4.0,5.0,-1.0,3.0,3.0,0.0,1.0,2.0,-1.0,0.0,1.0,-1.0,0.0,0.0,0.0,33.3,38.9,72.2,22.2,13.0,8.0,12.0,11.0,1411.6,1646.0
2016-05-08,2015,Las Palmas,Ath Bilbao,0,0,D,U,4.0,3.6,1.91,2,3,2,2,19,2.0,1.0,0.0,1.0,7.0,4.0,3.0,2.0,4.0,-2.0,5.0,0.0,5.0,1.0,0.0,1.0,0.0,0.0,0.0,44.4,33.3,38.9,44.4,19.0,15.0,16.0,13.0,1480.0,1541.2
2016-05-08,2015,Getafe,Sp Gijon,1,1,D,U,2.1,3.6,3.4,9,3,7,3,19,0.0,0.0,1.0,1.0,4.0,1.0,3.0,8.0,7.0,1.0,-4.0,-6.0,2.0,0.0,0.0,0.0,1.0,1.0,0.0,33.3,33.3,16.7,61.1,20.0,6.0,16.0,17.0,1438.8,1443.0
2016-05-08,2015,Eibar,Betis,1,1,D,U,2.1,3.6,3.4,10,3,8,2,19,1.0,0.0,1.0,2.0,4.0,2.0,2.0,4.0,8.0,-4.0,0.0,-6.0,6.0,0.0,0.0,0.0,0.0,2.0,-2.0,44.4,33.3,27.8,44.4,9.0,11.0,17.0,14.0,1448.1,1469.2
2016-05-08,2015,Celta,Malaga,1,0,H,U,1.5,4.2,7.0,3,5,4,3,19,1.0,1.0,0.0,1.0,4.0,1.0,3.0,3.0,1.0,2.0,1.0,0.0,1.0,0.0,0.0,0.0,0.0,0.0,0.0,44.4,22.2,22.2,44.4,11.0,11.0,27.0,16.0,1524.6,1494.8
2016-05-08,2015,Barcelona,Espanol,5,0,H,O,1.04,17.0,41.0,7,1,8,0,19,1.0,0.0,2.0,2.0,8.0,2.0,6.0,4.0,7.0,-3.0,4.0,-5.0,9.0,1.0,0.0,1.0,0.0,1.0,-1.0,83.3,11.1,16.7,72.2,20.0,8.0,17.0,12.0,1630.7,1457.5
2016-05-02,2015,Malaga,Levante,3,1,H,O,2.2,3.2,3.5,11,5,13,7,18,0.0,0.0,1.0,3.0,2.0,2.0,0.0,3.0,8.0,-5.0,-1.0,-6.0,5.0,0.0,0.0,0.0,0.0,1.0,-1.0,35.3,29.4,5.9,76.5,16.0,9.0,20.0,8.0,1486.8,1419.7
2016-05-01,2015,Valencia,Villarreal,0,2,A,U,2.2,3.3,3.4,1,3,9,3,18,2.0,1.0,1.0,2.0,6.0,3.0,3.0,3.0,6.0,-3.0,3.0,-3.0,6.0,1.0,0.0,1.0,1.0,1.0,0.0,35.3,23.5,29.4,35.3,19.0,8.0,20.0,7.0,1484.0,1547.9
2016-05-01,2015,La Coruna,Getafe,0,2,A,U,2.3,3.3,3.2,5,5,8,5,18,1.0,1.0,2.0,2.0,3.0,2.0,1.0,12.0,5.0,7.0,-9.0,-3.0,-6.0,0.0,0.0,0.0,2.0,2.0,0.0,23.5,29.4,11.8,76.5,16.0,9.0,15.0,13.0,1464.6,1427.8
2016-05-01,2015,Espanol,Sevilla,1,0,H,U,2.3,3.3,3.1,7,0,4,2,18,1.0,0.0,1.0,3.0,4.0,2.0,2.0,5.0,8.0,-3.0,-1.0,-6.0,5.0,0.0,0.0,0.0,1.0,1.0,0.0,41.2,29.4,0.0,47.1,13.0,16.0,11.0,18.0,1445.6,1515.2
2016-05-01,2015,Ath Bilbao,Celta,2,1,H,O,1.85,3.6,4.33,2,2,7,2,18,1.0,2.0,1.0,0.0,2.0,4.0,-2.0,2.0,1.0,1.0,0.0,3.0,-3.0,0.0,1.0,-1.0,0.0,0.0,0.0,52.9,23.5,47.1,35.3,14.0,12.0,19.0,14.0,1531.1,1534.7
2016-04-30,2015,Sociedad,Real Madrid,0,1,A,U,5.0,4.0,1.67,4,6,6,6,18,1.0,3.0,2.0,0.0,2.0,10.0,-8.0,3.0,4.0,-1.0,-1.0,6.0,-7.0,0.0,1.0,-1.0,0.0,0.0,0.0,35.3,35.3,58.8,11.8,9.0,23.0,24.0,15.0,1476.6,1644.6
2016-04-30,2015,Granada,Las Palmas,3,2,H,O,1.6,3.8,6.0,5,6,4,3,18,1.0,2.0,0.0,1.0,7.0,4.0,3.0,3.0,2.0,1.0,4.0,2.0,2.0,1.0,1.0,0.0,0.0,0.0,0.0,29.4,41.2,23.5,58.8,9.0,13.0,14.0,12.0,1442.6,1491.4
2016-04-30,2015,Betis,Barcelona,0,2,A,U,21.0,9.0,1.13,1,4,2,4,18,2.0,1.0,1.0,1.0,2.0,10.0,-8.0,1.0,3.0,-2.0,1.0,7.0,-6.0,0.0,1.0,-1.0,0.0,0.0,0.0,29.4,35.3,64.7,17.6,13.0,22.0,15.0,15.0,1475.1,1624.7
2016-04-30,2015,Ath Madrid,Vallecano,1,0,H,U,1.33,5.0,10.0,6,3,5,7,18,3.0,0.0,0.0,1.0,9.0,3.0,6.0,1.0,4.0,-3.0,8.0,-1.0,9.0,2.0,0.0,2.0,0.0,0.0,0.0,76.5,5.9,5.9,52.9,19.0,14.0,19.0,24.0,1640.9,1455.7
2016-04-29,2015,Sp Gijon,Eibar,2,0,H,U,1.6,3.8,5.75,3,6,1,5,18,2.0,0.0,1.0,2.0,4.0,1.0,3.0,3.0,9.0,-6.0,1.0,-8.0,9.0,0.0,0.0,0.0,0.0,2.0,-2.0,29.4,47.1,17.6,52.9,7.0,10.0,19.0,13.0,1432.2,1458.8
2016-04-25,2015,Celta,Granada,2,1,H,O,1.53,4.33,6.0,4,3,4,4,18,1.0,0.0,0.0,2.0,3.0,1.0,2.0,2.0,6.0,-4.0,1.0,-5.0,6.0,0.0,0.0,0.0,0.0,2.0,-2.0,41.2,23.5,17.6,58.8,8.0,6.0,28.0,7.0,1526.9,1450.4
2016-04-24,2015,Villarreal,Sociedad,0,0,D,U,1.73,3.75,5.0,3,2,3,5,18,1.0,1.0,1.0,2.0,4.0,3.0,1.0,3.0,4.0,-1.0,1.0,-1.0,2.0,1.0,0.0,1.0,0.0,0.0,0.0,70.6,11.8,29.4,52.9,11.0,12.0,18.0,6.0,1550.0,1474.5
2016-04-24,2015,Sevilla,Betis,2,0,H,U,1.5,4.33,6.5,3,2,8,5,18,1.0,0.0,1.0,2.0,6.0,3.0,3.0,5.0,9.0,-4.0,1.0,-6.0,7.0,1.0,0.0,1.0,0.0,2.0,-2.0,76.5,17.6,29.4,41.2,13.0,10.0,23.0,15.0,1505.8,1484.5
2016-04-24,2015,Levante,Ath Bilbao,2,2,D,O,3.4,3.2,2.25,5,8,4,9,18,2.0,2.0,0.0,1.0,3.0,4.0,-1.0,1.0,2.0,-1.0,2.0,2.0,0.0,0.0,1.0,-1.0,0.0,0.0,0.0,35.3,41.2,41.2,47.1,14.0,13.0,16.0,4.0,1416.4,1534.4
2016-04-24,2015,Getafe,Valencia,2,2,D,O,3.2,3.3,2.3,11,4,8,2,18,0.0,1.0,1.0,2.0,3.0,3.0,0.0,7.0,4.0,3.0,-4.0,-1.0,-3.0,0.0,0.0,0.0,1.0,0.0,1.0,35.3,35.3,29.4,52.9,12.0,7.0,18.0,4.0,1426.1,1485.6
2016-04-23,2015,Vallecano,Real Madrid,2,3,A,O,8.5,5.5,1.33,6,6,4,6,18,2.0,3.0,0.0,0.0,5.0,9.0,-4.0,2.0,3.0,-1.0,3.0,6.0,-3.0,1.0,1.0,0.0,0.0,0.0,0.0,41.2,35.3,56.2,12.5,16.0,21.0,21.0,14.0,1461.0,1639.3
2016-04-23,2015,Eibar,La Coruna,1,1,D,U,2.25,3.2,3.4,2,1,11,7,18,1.0,0.0,2.0,1.0,3.0,2.0,1.0,7.0,5.0,2.0,-4.0,-3.0,-1.0,0.0,0.0,0.0,1.0,1.0,0.0,47.1,35.3,17.6,29.4,7.0,9.0,12.0,1.0,1458.7,1464.8
2016-04-23,2015,Barcelona,Sp Gijon,6,0,H,O,1.04,17.0,34.0,10,3,6,1,18,1.0,0.0,2.0,1.0,8.0,1.0,7.0,4.0,2.0,2.0,4.0,-1.0,5.0,1.0,0.0,1.0,0.0,0.0,0.0,82.4,11.8,17.6,58.8,19.0,7.0,16.0,20.0,1619.5,1437.4
2016-04-23,2015,Ath Madrid,Malaga,1,0,H,U,1.33,5.0,11.0,4,4,10,4,17,3.0,1.0,0.0,0.0,11.0,4.0,7.0,1.0,3.0,-2.0,10.0,1.0,9.0,3.0,0.0,3.0,0.0,0.0,0.0,75.0,6.2,23.5,41.2,22.0,9.0,19.0,16.0,1634.8,1492.9
2016-04-22,2015,Las Palmas,Espanol,4,0,H,O,2.25,3.3,3.3,9,5,5,5,18,1.0,0.0,1.0,1.0,4.0,3.0,1.0,4.0,4.0,0.0,0.0,-1.0,1.0,0.0,0.0,0.0,0.0,0.0,0.0,41.2,35.3,17.6,70.6,16.0,5.0,17.0,15.0,1482.1,1454.8
2016-04-21,2015,Sociedad,Getafe,1,2,A,O,1.53,4.2,6.0,5,3,8,2,17,1.0,0.0,1.0,3.0,2.0,0.0,2.0,2.0,10.0,-8.0,0.0,-10.0,10.0,0.0,0.0,0.0,0.0,3.0,-3.0,37.5,31.2,6.2,81.2,7.0,7.0,26.0,14.0,1486.6,1414.0
2016-04-21,2015,Granada,Levante,5,1,H,O,1.95,3.5,3.8,6,5,3,4,17,0.0,0.0,0.0,2.0,3.0,2.0,1.0,3.0,4.0,-1.0,0.0,-2.0,2.0,0.0,0.0,0.0,0.0,0.0,0.0,25.0,43.8,6.2,75.0,4.0,7.0,13.0,7.0,1440.8,1426.0
2016-04-20,2015,Valencia,Eibar,4,0,H,O,1.62,4.2,5.25,6,2,6,3,17,1.0,0.0,2.0,1.0,3.0,2.0,1.0,6.0,6.0,0.0,-3.0,-4.0,1.0,0.0,0.0,0.0,2.0,1.0,1.0,31.2,25.0,18.8,50.0,16.0,9.0,20.0,10.0,1475.9,1468.5
2016-04-20,2015,Sp Gijon,Sevilla,2,1,H,O,3.1,3.4,2.3,2,8,5,7,17,1.0,0.0,2.0,2.0,2.0,2.0,0.0,4.0,7.0,-3.0,-2.0,-5.0,3.0,0.0,0.0,0.0,1.0,1.0,0.0,25.0,50.0,0.0,43.8,6.0,12.0,17.0,20.0,1424.8,1518.4
2016-04-20,2015,Real Madrid,Villarreal,3,0,H,O,1.22,7.0,11.0,6,2,11,1,18,3.0,1.0,0.0,2.0,15.0,5.0,10.0,1.0,7.0,-6.0,14.0,-2.0,16.0,3.0,0.0,3.0,0.0,1.0,-1.0,82.4,11.8,31.2,31.2,30.0,12.0,24.0,14.0,1631.4,1558.0
2016-04-20,2015,Malaga,Vallecano,1,1,D,U,1.85,3.75,4.2,4,4,7,7,17,1.0,0.0,1.0,2.0,2.0,3.0,-1.0,2.0,5.0,-3.0,0.0,-2.0,2.0,0.0,0.0,0.0,0.0,0.0,0.0,37.5,31.2,6.2,56.2,15.0,11.0,16.0,20.0,1493.8,1460.0
2016-04-20,2015,La Coruna,Barcelona,0,8,A,O,13.0,7.0,1.2,5,10,6,2,17,1.0,1.0,1.0,1.0,6.0,6.0,0.0,7.0,3.0,4.0,-1.0,3.0,-4.0,0.0,1.0,-1.0,1.0,0.0,1.0,25.0,25.0,62.5,18.8,18.0,19.0,19.0,15.0,1470.9,1613.4
2016-04-20,2015,Ath Bilbao,Ath Madrid,0,1,A,U,4.0,3.3,2.0,6,2,6,4,17,2.0,2.0,0.0,1.0,5.0,7.0,-2.0,2.0,4.0,-2.0,3.0,3.0,0.0,1.0,2.0,-1.0,0.0,0.0,0.0,56.2,18.8,70.6,23.5,17.0,11.0,18.0,14.0,1542.0,1627.2
2016-04-19,2015,Espanol,Celta,1,1,D,U,2.38,3.3,3.0,3,1,2,2,17,2.0,2.0,1.0,1.0,5.0,4.0,1.0,5.0,7.0,-2.0,0.0,-3.0,3.0,0.0,1.0,-1.0,1.0,1.0,0.0,43.8,31.2,50.0,37.5,18.0,14.0,17.0,17.0,1452.6,1529.1
2016-04-19,2015,Betis,Las Palmas,1,0,H,U,2.1,3.5,3.5,6,0,6,3,17,2.0,3.0,1.0,0.0,3.0,5.0,-2.0,1.0,1.0,0.0,2.0,4.0,-2.0,1.0,1.0,0.0,0.0,0.0,0.0,25.0,37.5,25.0,56.2,11.0,16.0,15.0,11.0,1474.0,1492.7
2016-04-17,2015,Vallecano,Villarreal,2,1,H,O,2.6,3.3,2.75,6,2,4,3,17,1.0,1.0,1.0,1.0,4.0,4.0,0.0,6.0,5.0,1.0,-2.0,-1.0,-1.0,1.0,0.0,1.0,1.0,1.0,0.0,37.5,37.5,33.3,26.7,14.0,13.0,20.0,12.0,1446.6,1571.4
2016-04-17,2015,Sevilla,La Coruna,1,1,D,U,1.53,4.2,6.0,3,4,10,0,17,2.0,0.0,1.0,2.0,6.0,2.0,4.0,4.0,8.0,-4.0,2.0,-6.0,8.0,1.0,0.0,1.0,0.0,2.0,-2.0,81.2,18.8,18.8,31.2,14.0,9.0,25.0,3.0,1519.9,1469.4
2016-04-17,2015,Malaga,Ath Bilbao,0,1,A,U,2.3,3.25,3.25,7,3,8,2,16,1.0,2.0,1.0,1.0,3.0,6.0,-3.0,3.0,2.0,1.0,0.0,4.0,-4.0,0.0,2.0,-2.0,0.0,0.0,0.0,40.0,26.7,37.5,50.0,9.0,14.0,12.0,9.0,1503.0,1532.8
2016-04-17,2015,Barcelona,Valencia,1,2,A,O,1.14,9.0,17.0,7,2,7,2,17,2.0,1.0,1.0,2.0,9.0,3.0,6.0,3.0,4.0,-1.0,6.0,-1.0,7.0,1.0,0.0,1.0,0.0,0.0,0.0,87.5,6.2,25.0,56.2,20.0,7.0,15.0,7.0,1627.9,1461.4
2016-04-17,2015,Ath Madrid,Granada,3,0,H,O,1.22,6.0,15.0,3,0,4,2,16,3.0,1.0,0.0,1.0,11.0,2.0,9.0,1.0,3.0,-2.0,10.0,-1.0,11.0,3.0,0.0,3.0,0.0,1.0,-1.0,73.3,6.7,18.8,56.2,24.0,9.0,23.0,11.0,1621.8,1446.1
2016-04-16,2015,Las Palmas,Sp Gijon,1,1,D,U,1.95,3.5,4.0,4,2,3,10,17,2.0,0.0,1.0,2.0,7.0,0.0,7.0,3.0,3.0,0.0,4.0,-3.0,7.0,1.0,0.0,1.0,0.0,1.0,-1.0,43.8,37.5,18.8,62.5,17.0,5.0,16.0,11.0,1494.7,1422.7
2016-04-16,2015,Getafe,Real Madrid,1,5,A,O,9.5,6.0,1.29,5,11,5,6,17,0.0,3.0,1.0,0.0,2.0,7.0,-5.0,3.0,3.0,0.0,-1.0,4.0,-5.0,0.0,1.0,-1.0,0.0,0.0,0.0,37.5,31.2,53.3,13.3,9.0,18.0,17.0,18.0,1418.7,1626.8
2016-04-16,2015,Eibar,Sociedad,2,1,H,O,2.7,3.25,2.7,4,4,2,0,17,0.0,1.0,3.0,2.0,1.0,2.0,-1.0,7.0,5.0,2.0,-6.0,-3.0,-3.0,0.0,0.0,0.0,1.0,1.0,0.0,43.8,37.5,31.2,50.0,7.0,9.0,16.0,7.0,1457.3,1497.7
2016-04-16,2015,Celta,Betis,1,1,D,U,1.6,4.2,5.5,5,4,12,4,17,1.0,1.0,0.0,2.0,2.0,5.0,-3.0,1.0,8.0,-7.0,1.0,-3.0,4.0,0.0,1.0,-1.0,0.0,2.0,-2.0,43.8,25.0,31.2,43.8,7.0,12.0,18.0,11.0,1530.7,1472.3
2016-04-15,2015,Levante,Espanol,2,1,H,O,2.45,3.3,3.0,4,2,4,6,17,1.0,1.0,1.0,0.0,2.0,6.0,-4.0,3.0,4.0,-1.0,-1.0,2.0,-3.0,0.0,1.0,-1.0,1.0,0.0,1.0,31.2,43.8,18.8,68.8,14.0,10.0,15.0,11.0,1414.6,1464.0
2016-04-11,2015,La Coruna,Las Palmas,1,3,A,O,2.05,3.3,3.6,5,6,7,4,16,1.0,3.0,1.0,0.0,5.0,3.0,2.0,5.0,0.0,5.0,0.0,3.0,-3.0,0.0,0.0,0.0,0.0,0.0,0.0,26.7,20.0,20.0,60.0,15.0,14.0,18.0,13.0,1479.3,1484.9
2016-04-10,2015,Villarreal,Getafe,2,0,H,U,1.5,3.8,7.5,3,3,8,5,17,1.0,0.0,1.0,3.0,5.0,0.0,5.0,3.0,12.0,-9.0,2.0,-12.0,14.0,1.0,0.0,1.0,0.0,3.0,-3.0,68.8,12.5,6.7,80.0,11.0,6.0,13.0,15.0,1565.2,1424.8
2016-04-10,2015,Valencia,Sevilla,2,1,H,O,2.2,3.4,3.2,9,4,10,3,16,0.0,0.0,3.0,2.0,1.0,2.0,-1.0,8.0,7.0,1.0,-7.0,-5.0,-2.0,0.0,0.0,0.0,3.0,1.0,2.0,26.7,26.7,0.0,40.0,10.0,12.0,17.0,24.0,1449.1,1532.2
2016-04-10,2015,Sp Gijon,Celta,0,1,A,U,3.1,3.25,2.3,2,5,7,7,16,1.0,2.0,2.0,1.0,4.0,4.0,0.0,7.0,7.0,0.0,-3.0,-3.0,0.0,0.0,1.0,-1.0,2.0,1.0,1.0,26.7,46.7,46.7,40.0,9.0,12.0,15.0,15.0,1430.1,1523.4
2016-04-10,2015,Ath Bilbao,Vallecano,1,0,H,U,1.53,4.0,6.0,7,4,0,5,16,2.0,0.0,0.0,1.0,8.0,5.0,3.0,3.0,6.0,-3.0,5.0,-1.0,6.0,2.0,0.0,2.0,0.0,0.0,0.0,53.3,20.0,6.7,53.3,16.0,11.0,19.0,23.0,1524.8,1454.6
2016-04-09,2015,Sociedad,Barcelona,1,0,H,U,6.0,4.33,1.5,1,6,5,9,16,0.0,2.0,1.0,0.0,2.0,11.0,-9.0,3.0,3.0,0.0,-1.0,8.0,-9.0,0.0,2.0,-2.0,0.0,0.0,0.0,33.3,33.3,66.7,13.3,9.0,21.0,29.0,11.0,1483.4,1642.2
2016-04-09,2015,Real Madrid,Eibar,4,0,H,O,1.17,7.5,13.0,6,2,6,7,17,2.0,0.0,1.0,1.0,11.0,2.0,9.0,2.0,3.0,-1.0,9.0,-1.0,10.0,2.0,0.0,2.0,0.0,0.0,0.0,81.2,12.5,20.0,46.7,27.0,13.0,20.0,9.0,1621.1,1463.0
2016-04-09,2015,Espanol,Ath Madrid,1,3,A,O,4.0,3.1,2.05,3,5,3,5,16,2.0,2.0,1.0,1.0,4.0,5.0,-1.0,5.0,3.0,2.0,-1.0,2.0,-3.0,0.0,1.0,-1.0,1.0,0.0,1.0,46.7,26.7,68.8,25.0,18.0,11.0,19.0,14.0,1470.1,1615.8
2016-04-09,2015,Betis,Levante,1,0,H,U,2.05,3.25,3.75,2,3,4,3,16,1.0,0.0,1.0,2.0,4.0,2.0,2.0,3.0,6.0,-3.0,1.0,-4.0,5.0,1.0,0.0,1.0,0.0,1.0,-1.0,20.0,40.0,6.7,73.3,13.0,5.0,19.0,8.0,1463.5,1423.5
2016-04-08,2015,Granada,Malaga,0,0,D,U,2.3,3.2,3.3,1,2,5,5,16,1.0,1.0,0.0,0.0,5.0,5.0,0.0,3.0,4.0,-1.0,2.0,1.0,1.0,1.0,0.0,1.0,0.0,0.0,0.0,26.7,46.7,25.0,43.8,11.0,10.0,12.0,14.0,1444.4,1504.7
2016-04-04,2015,Levante,Sp Gijon,0,0,D,U,2.1,3.25,3.75,4,1,4,6,16,2.0,0.0,1.0,2.0,5.0,1.0,4.0,3.0,4.0,-1.0,2.0,-3.0,5.0,1.0,0.0,1.0,1.0,1.0,0.0,33.3,46.7,20.0,66.7,16.0,7.0,17.0,9.0,1423.2,1430.3
2016-04-03,2015,Sevilla,Sociedad,1,2,A,O,1.62,4.0,5.5,6,2,8,3,16,3.0,1.0,0.0,2.0,7.0,1.0,6.0,2.0,4.0,-2.0,5.0,-3.0,8.0,2.0,0.0,2.0,0.0,1.0,-1.0,86.7,13.3,26.7,53.3,13.0,11.0,25.0,7.0,1544.3,1471.4
2016-04-03,2015,Malaga,Espanol,1,1,D,U,1.85,3.4,4.75,5,1,5,1,15,1.0,1.0,1.0,1.0,3.0,6.0,-3.0,3.0,5.0,-2.0,0.0,1.0,-1.0,0.0,1.0,-1.0,0.0,0.0,0.0,42.9,28.6,20.0,73.3,9.0,15.0,13.0,19.0,1505.8,1469.0
2016-04-03,2015,Eibar,Villarreal,1,2,A,O,3.1,3.0,2.55,3,4,4,3,16,1.0,0.0,2.0,1.0,2.0,2.0,0.0,5.0,4.0,1.0,-3.0,-2.0,-1.0,1.0,0.0,1.0,1.0,1.0,0.0,46.7,33.3,28.6,28.6,10.0,9.0,20.0,11.0,1470.6,1557.7
2016-04-03,2015,Ath Bilbao,Granada,1,1,D,U,1.44,4.33,8.0,1,2,13,1,15,2.0,1.0,1.0,2.0,7.0,1.0,6.0,3.0,5.0,-2.0,4.0,-4.0,8.0,2.0,0.0,2.0,0.0,2.0,-2.0,57.1,21.4,20.0,60.0,17.0,9.0,15.0,23.0,1527.2,1442.0
2016-04-02,2015,Las Palmas,Valencia,2,1,H,O,2.38,3.25,3.1,6,4,8,2,16,1.0,2.0,2.0,1.0,6.0,4.0,2.0,4.0,3.0,1.0,2.0,1.0,1.0,1.0,0.0,1.0,0.0,0.0,0.0,40.0,40.0,26.7,53.3,14.0,9.0,11.0,8.0,1475.4,1458.6
2016-04-02,2015,Celta,La Coruna,1,1,D,U,1.75,3.8,4.75,2,3,11,0,16,2.0,0.0,0.0,3.0,4.0,1.0,3.0,2.0,8.0,-6.0,2.0,-7.0,9.0,0.0,0.0,0.0,0.0,2.0,-2.0,46.7,26.7,20.0,33.3,14.0,9.0,13.0,7.0,1524.7,1477.9
2016-04-02,2015,Barcelona,Real Madrid,1,2,A,O,1.57,4.5,5.5,3,6,4,3,16,3.0,2.0,0.0,0.0,14.0,6.0,8.0,2.0,3.0,-1.0,12.0,3.0,9.0,2.0,1.0,1.0,0.0,0.0,0.0,93.3,0.0,50.0,14.3,28.0,19.0,12.0,21.0,1653.4,1609.8
2016-04-02,2015,Ath Madrid,Betis,5,1,H,O,1.4,4.33,10.0,12,5,5,5,15,2.0,1.0,0.0,1.0,6.0,6.0,0.0,0.0,5.0,-5.0,6.0,1.0,5.0,2.0,1.0,1.0,0.0,1.0,-1.0,71.4,7.1,33.3,40.0,15.0,9.0,28.0,6.0,1609.6,1469.6
2016-04-01,2015,Vallecano,Getafe,2,0,H,U,1.91,3.6,4.0,7,3,9,6,16,0.0,0.0,1.0,3.0,4.0,0.0,4.0,8.0,13.0,-5.0,-4.0,-13.0,9.0,0.0,0.0,0.0,1.0,3.0,-2.0,33.3,40.0,7.1,78.6,11.0,9.0,14.0,17.0,1444.9,1434.5
2016-03-20,2015,Villarreal,Barcelona,2,2,D,O,8.5,5.25,1.33,6,6,4,4,16,2.0,3.0,1.0,0.0,4.0,11.0,-7.0,1.0,2.0,-1.0,3.0,9.0,-6.0,1.0,2.0,-1.0,0.0,0.0,0.0,73.3,13.3,71.4,14.3,10.0,23.0,14.0,13.0,1554.9,1656.2
2016-03-20,2015,Valencia,Celta,0,2,A,U,2.3,3.5,3.0,4,6,4,5,15,1.0,1.0,2.0,2.0,3.0,3.0,0.0,7.0,13.0,-6.0,-4.0,-10.0,6.0,0.0,0.0,0.0,2.0,2.0,0.0,28.6,21.4,42.9,42.9,10.0,10.0,22.0,11.0,1467.2,1516.1
2016-03-20,2015,Real Madrid,Sevilla,4,0,H,O,1.33,5.5,8.5,12,4,8,8,16,2.0,0.0,1.0,1.0,11.0,4.0,7.0,4.0,5.0,-1.0,7.0,-1.0,8.0,2.0,0.0,2.0,0.0,0.0,0.0,80.0,13.3,0.0,35.7,24.0,15.0,17.0,33.0,1601.2,1552.9
2016-03-20,2015,Espanol,Ath Bilbao,2,1,H,O,3.1,3.4,2.3,7,4,6,2,15,2.0,2.0,1.0,1.0,3.0,7.0,-4.0,4.0,4.0,0.0,-1.0,3.0,-4.0,0.0,2.0,-2.0,1.0,1.0,0.0,42.9,28.6,40.0,46.7,20.0,13.0,20.0,9.0,1456.7,1539.6
2016-03-19,2015,Sp Gijon,Ath Madrid,2,1,H,O,8.5,3.6,1.53,3,1,7,2,15,0.0,3.0,3.0,0.0,3.0,5.0,-2.0,9.0,1.0,8.0,-6.0,4.0,-10.0,0.0,1.0,-1.0,3.0,0.0,3.0,21.4,50.0,73.3,20.0,8.0,13.0,9.0,16.0,1414.9,1625.0
2016-03-19,2015,Sociedad,Las Palmas,0,1,A,U,1.67,3.5,6.0,3,7,11,5,15,1.0,2.0,0.0,1.0,5.0,2.0,3.0,2.0,2.0,0.0,3.0,0.0,3.0,1.0,0.0,1.0,0.0,1.0,-1.0,35.7,28.6,14.3,64.3,12.0,10.0,25.0,11.0,1481.9,1464.9
2016-03-19,2015,La Coruna,Levante,2,1,H,O,1.91,3.4,4.33,6,1,2,1,15,0.0,0.0,1.0,2.0,5.0,1.0,4.0,6.0,6.0,0.0,-1.0,-5.0,4.0,0.0,0.0,0.0,0.0,2.0,-2.0,21.4,21.4,7.1,71.4,20.0,7.0,27.0,9.0,1469.0,1432.2
2016-03-19,2015,Granada,Vallecano,2,2,D,O,2.15,3.4,3.4,2,6,6,12,15,1.0,0.0,1.0,1.0,4.0,5.0,-1.0,3.0,6.0,-3.0,1.0,-1.0,2.0,1.0,0.0,1.0,0.0,0.0,0.0,28.6,50.0,7.1,57.1,13.0,9.0,12.0,18.0,1441.9,1445.0
2016-03-19,2015,Betis,Malaga,0,1,A,U,2.6,3.1,2.9,5,5,5,7,15,1.0,0.0,0.0,1.0,5.0,4.0,1.0,3.0,5.0,-2.0,2.0,-1.0,3.0,1.0,0.0,1.0,0.0,0.0,0.0,21.4,35.7,20.0,46.7,14.0,7.0,24.0,8.0,1479.1,1496.3
2016-03-18,2015,Getafe,Eibar,1,1,D,U,2.1,3.25,3.75,4,6,3,3,16,0.0,0.0,2.0,2.0,1.0,3.0,-2.0,3.0,5.0,-2.0,-2.0,-2.0,0.0,0.0,0.0,0.0,0.0,0.0,0.0,40.0,33.3,21.4,50.0,5.0,10.0,19.0,7.0,1433.4,1471.7
2016-03-14,2015,Granada,Espanol,1,1,D,U,2.15,3.3,3.5,1,2,2,8,14,1.0,1.0,2.0,2.0,4.0,5.0,-1.0,4.0,10.0,-6.0,0.0,-5.0,5.0,1.0,1.0,0.0,0.0,1.0,-1.0,30.8,53.8,21.4,78.6,14.0,18.0,13.0,12.0,1441.5,1457.1
2016-03-13,2015,Sevilla,Villarreal,4,2,H,O,1.73,3.75,5.0,4,6,5,8,15,3.0,0.0,0.0,0.0,6.0,0.0,6.0,1.0,0.0,1.0,5.0,0.0,5.0,2.0,0.0,2.0,0.0,0.0,0.0,85.7,14.3,30.8,23.1,17.0,5.0,25.0,6.0,1542.2,1565.5
2016-03-13,2015,Levante,Valencia,1,0,H,U,2.63,3.25,2.8,6,1,8,0,15,1.0,2.0,2.0,1.0,4.0,4.0,0.0,5.0,3.0,2.0,-1.0,1.0,-2.0,1.0,0.0,1.0,2.0,0.0,2.0,28.6,50.0,28.6,50.0,13.0,10.0,11.0,13.0,1420.5,1478.8
2016-03-13,2015,Las Palmas,Real Madrid,1,2,A,O,9.5,5.25,1.33,6,4,6,5,15,2.0,2.0,1.0,0.0,7.0,6.0,1.0,3.0,3.0,0.0,4.0,3.0,1.0,1.0,1.0,0.0,0.0,0.0,0.0,42.9,35.7,46.2,15.4,13.0,19.0,12.0,22.0,1471.5,1594.6
2016-03-13,2015,Ath Bilbao,Betis,3,1,H,O,1.44,4.33,8.0,9,1,5,6,14,1.0,1.0,1.0,1.0,4.0,6.0,-2.0,2.0,4.0,-2.0,2.0,2.0,0.0,1.0,1.0,0.0,0.0,0.0,0.0,53.8,23.1,35.7,35.7,9.0,9.0,15.0,4.0,1530.8,1487.9
2016-03-12,2015,Vallecano,Eibar,1,1,D,U,2.2,3.6,3.1,3,1,8,0,15,1.0,0.0,1.0,3.0,5.0,3.0,2.0,7.0,7.0,0.0,-2.0,-4.0,2.0,1.0,0.0,1.0,1.0,1.0,0.0,35.7,42.9,23.1,53.8,16.0,11.0,11.0,9.0,1444.2,1472.5
2016-03-12,2015,Celta,Sociedad,1,0,H,U,2.1,3.4,3.5,1,6,5,3,15,1.0,2.0,0.0,1.0,4.0,6.0,-2.0,3.0,3.0,0.0,1.0,3.0,-2.0,0.0,1.0,-1.0,0.0,1.0,-1.0,42.9,28.6,28.6,50.0,18.0,11.0,18.0,9.0,1506.5,1491.4
2016-03-12,2015,Barcelona,Getafe,6,0,H,O,1.06,15.0,26.0,9,1,5,3,15,3.0,0.0,0.0,3.0,10.0,0.0,10.0,3.0,10.0,-7.0,7.0,-10.0,17.0,1.0,0.0,1.0,0.0,3.0,-3.0,92.9,0.0,7.7,76.9,23.0,10.0,15.0,20.0,1651.7,1438.0
2016-03-12,2015,Ath Madrid,La Coruna,3,0,H,O,1.25,5.5,15.0,7,2,10,1,14,2.0,0.0,0.0,2.0,6.0,2.0,4.0,1.0,6.0,-5.0,5.0,-4.0,9.0,2.0,0.0,2.0,0.0,1.0,-1.0,69.2,7.7,21.4,28.6,12.0,11.0,23.0,9.0,1619.0,1475.1
2016-03-11,2015,Malaga,Sp Gijon,1,0,H,U,1.62,3.8,6.0,3,4,3,4,14,1.0,1.0,1.0,1.0,5.0,2.0,3.0,3.0,3.0,0.0,2.0,-1.0,3.0,1.0,0.0,1.0,0.0,1.0,-1.0,38.5,30.8,21.4,64.3,10.0,6.0,14.0,8.0,1488.1,1423.1
2016-03-07,2015,Espanol,Vallecano,2,1,H,O,1.95,3.5,4.0,8,1,8,3,14,1.0,0.0,2.0,0.0,1.0,6.0,-5.0,8.0,6.0,2.0,-7.0,0.0,-7.0,0.0,0.0,0.0,2.0,0.0,2.0,38.5,30.8,7.7,53.8,13.0,11.0,16.0,19.0,1446.9,1454.4
2016-03-06,2015,Valencia,Ath Madrid,1,3,A,O,4.0,3.3,2.0,3,5,6,7,14,1.0,2.0,2.0,1.0,2.0,3.0,-1.0,5.0,2.0,3.0,-3.0,1.0,-4.0,0.0,0.0,0.0,1.0,0.0,1.0,30.8,15.4,71.4,21.4,10.0,12.0,22.0,15.0,1485.3,1612.5
2016-03-06,2015,Sp Gijon,Ath Bilbao,0,2,A,U,4.0,3.3,2.0,1,6,3,0,14,0.0,2.0,2.0,1.0,5.0,6.0,-1.0,9.0,4.0,5.0,-4.0,2.0,-6.0,0.0,1.0,-1.0,2.0,1.0,1.0,23.1,46.2,35.7,50.0,12.0,10.0,9.0,14.0,1430.5,1523.4
2016-03-06,2015,Sociedad,Levante,1,1,D,U,1.57,3.75,7.0,3,3,10,3,14,2.0,0.0,0.0,3.0,6.0,1.0,5.0,2.0,8.0,-6.0,4.0,-7.0,11.0,1.0,0.0,1.0,0.0,3.0,-3.0,38.5,30.8,7.7,76.9,13.0,8.0,18.0,15.0,1493.6,1418.4
2016-03-06,2015,Eibar,Barcelona,0,4,A,O,10.0,6.5,1.25,0,7,6,2,15,1.0,3.0,2.0,0.0,3.0,10.0,-7.0,3.0,3.0,0.0,0.0,7.0,-7.0,1.0,2.0,-1.0,0.0,0.0,0.0,50.0,28.6,69.2,15.4,13.0,24.0,15.0,15.0,1478.0,1646.2
2016-03-06,2015,Betis,Granada,2,0,H,U,2.1,3.4,3.6,4,4,6,4,14,1.0,1.0,0.0,2.0,4.0,1.0,3.0,3.0,4.0,-1.0,1.0,-3.0,4.0,0.0,0.0,0.0,0.0,1.0,-1.0,15.4,38.5,21.4,57.1,12.0,7.0,22.0,19.0,1478.7,1450.7
2016-03-05,2015,Villarreal,Las Palmas,0,1,A,U,1.62,3.75,6.0,2,3,6,2,15,3.0,1.0,0.0,2.0,5.0,1.0,4.0,0.0,4.0,-4.0,5.0,-3.0,8.0,1.0,0.0,1.0,0.0,2.0,-2.0,78.6,7.1,7.7,69.2,14.0,11.0,16.0,14.0,1578.9,1458.1
2016-03-05,2015,Real Madrid,Celta,7,1,H,O,1.3,6.0,8.0,12,3,10,5,15,2.0,1.0,1.0,2.0,10.0,3.0,7.0,3.0,8.0,-5.0,7.0,-5.0,12.0,2.0,0.0,2.0,0.0,1.0,-1.0,78.6,14.3,46.2,38.5,19.0,9.0,10.0,9.0,1586.6,1514.5
2016-03-05,2015,La Coruna,Malaga,3,3,D,O,2.5,3.1,3.0,7,2,10,4,14,0.0,1.0,1.0,1.0,4.0,3.0,1.0,5.0,3.0,2.0,-1.0,0.0,-1.0,0.0,0.0,0.0,0.0,0.0,0.0,23.1,23.1,21.4,50.0,18.0,9.0,22.0,6.0,1474.7,1488.5
2016-03-05,2015,Getafe,Sevilla,1,1,D,U,3.8,3.5,2.0,3,4,10,9,15,0.0,0.0,3.0,1.0,0.0,4.0,-4.0,3.0,5.0,-2.0,-3.0,-1.0,-2.0,0.0,0.0,0.0,0.0,0.0,0.0,42.9,35.7,0.0,38.5,5.0,13.0,16.0,29.0,1434.9,1545.3
2016-03-03,2015,Vallecano,Barcelona,1,5,A,O,13.0,7.0,1.2,4,8,3,5,14,2.0,3.0,0.0,0.0,7.0,7.0,0.0,2.0,2.0,0.0,5.0,5.0,0.0,2.0,2.0,0.0,0.0,0.0,0.0,38.5,38.5,66.7,16.7,22.0,20.0,15.0,15.0,1459.6,1641.0
2016-03-03,2015,Granada,Sp Gijon,2,0,H,U,2.1,3.3,3.75,8,0,4,1,13,1.0,1.0,2.0,1.0,5.0,3.0,2.0,6.0,6.0,0.0,-1.0,-3.0,2.0,0.0,0.0,0.0,0.0,1.0,-1.0,25.0,58.3,23.1,61.5,15.0,8.0,14.0,11.0,1440.7,1440.5
2016-03-03,2015,Espanol,Betis,0,3,A,O,1.95,3.5,4.0,3,6,5,0,13,1.0,0.0,1.0,1.0,3.0,3.0,0.0,7.0,4.0,3.0,-4.0,-1.0,-3.0,0.0,0.0,0.0,1.0,0.0,1.0,41.7,25.0,30.8,38.5,15.0,5.0,14.0,15.0,1456.5,1469.1
2016-03-02,2015,Sevilla,Eibar,1,0,H,U,1.4,4.75,8.0,4,6,12,6,14,3.0,0.0,0.0,3.0,7.0,5.0,2.0,2.0,11.0,-9.0,5.0,-6.0,11.0,2.0,0.0,2.0,0.0,2.0,-2.0,84.6,15.4,25.0,50.0,17.0,7.0,19.0,5.0,1536.7,1486.6
2016-03-02,2015,Malaga,Valencia,1,2,A,O,2.05,3.3,3.8,1,2,4,5,13,1.0,1.0,1.0,1.0,5.0,3.0,2.0,3.0,3.0,0.0,2.0,0.0,2.0,1.0,0.0,1.0,0.0,0.0,0.0,41.7,25.0,23.1,53.8,18.0,11.0,14.0,14.0,1499.2,1474.6
2016-03-02,2015,Levante,Real Madrid,1,3,A,O,7.0,4.75,1.44,4,8,3,10,14,2.0,1.0,1.0,0.0,6.0,4.0,2.0,4.0,3.0,1.0,2.0,1.0,1.0,1.0,0.0,1.0,1.0,0.0,1.0,30.8,46.2,41.7,16.7,17.0,19.0,10.0,21.0,1424.2,1580.9
2016-03-02,2015,Celta,Villarreal,0,0,D,U,2.2,3.3,3.4,4,3,2,1,14,2.0,0.0,0.0,0.0,8.0,2.0,6.0,6.0,2.0,4.0,2.0,0.0,2.0,0.0,0.0,0.0,0.0,0.0,0.0,46.2,30.8,33.3,25.0,20.0,7.0,22.0,14.0,1512.6,1580.8
2016-03-02,2015,Ath Bilbao,La Coruna,4,1,H,O,1.53,4.0,7.0,6,4,1,2,13,1.0,0.0,1.0,1.0,5.0,2.0,3.0,3.0,3.0,0.0,2.0,-1.0,3.0,1.0,0.0,1.0,0.0,0.0,0.0,50.0,25.0,23.1,23.1,8.0,11.0,21.0,11.0,1514.3,1483.8
2016-03-01,2015,Las Palmas,Getafe,4,0,H,O,2.05,3.4,3.75,5,2,2,6,14,1.0,0.0,2.0,3.0,3.0,2.0,1.0,6.0,9.0,-3.0,-3.0,-7.0,4.0,0.0,0.0,0.0,1.0,2.0,-1.0,38.5,38.5,8.3,75.0,11.0,10.0,13.0,17.0,1448.2,1444.8
2016-03-01,2015,Ath Madrid,Sociedad,3,0,H,O,1.4,4.33,9.0,5,1,8,1,13,1.0,2.0,0.0,1.0,3.0,7.0,-4.0,1.0,5.0,-4.0,2.0,2.0,0.0,1.0,1.0,0.0,0.0,1.0,-1.0,66.7,8.3,30.8,46.2,10.0,13.0,23.0,10.0,1605.4,1500.6
2016-02-28,2015,Villarreal,Levante,3,0,H,O,1.67,3.6,5.75,3,1,3,4,14,2.0,0.0,0.0,3.0,2.0,4.0,-2.0,0.0,9.0,-9.0,2.0,-5.0,7.0,0.0,0.0,0.0,0.0,2.0,-2.0,76.9,7.7,8.3,75.0,13.0,14.0,20.0,13.0,1574.7,1430.2
2016-02-28,2015,Valencia,Ath Bilbao,0,3,A,O,2.3,3.2,3.3,3,4,7,7,13,1.0,1.0,1.0,2.0,4.0,3.0,1.0,4.0,10.0,-6.0,0.0,-7.0,7.0,0.0,0.0,0.0,0.0,2.0,-2.0,33.3,8.3,30.8,53.8,12.0,9.0,22.0,9.0,1484.0,1504.9
2016-02-28,2015,La Coruna,Granada,0,1,A,U,1.8,3.5,4.75,2,3,6,6,13,0.0,0.0,0.0,3.0,5.0,1.0,4.0,5.0,9.0,-4.0,0.0,-8.0,8.0,0.0,0.0,0.0,0.0,2.0,-2.0,25.0,16.7,15.4,61.5,18.0,5.0,24.0,15.0,1495.7,1428.8
2016-02-28,2015,Barcelona,Sevilla,2,1,H,O,1.14,8.0,15.0,8,4,6,7,14,3.0,0.0,0.0,0.0,14.0,3.0,11.0,2.0,3.0,-1.0,12.0,0.0,12.0,2.0,0.0,2.0,0.0,0.0,0.0,92.3,0.0,0.0,33.3,23.0,10.0,15.0,27.0,1633.5,1544.2
2016-02-27,2015,Sp Gijon,Espanol,2,4,A,O,2.3,3.2,3.3,5,7,5,2,13,0.0,0.0,1.0,3.0,4.0,2.0,2.0,6.0,11.0,-5.0,-2.0,-9.0,7.0,0.0,0.0,0.0,1.0,2.0,-1.0,25.0,41.7,15.4,84.6,9.0,17.0,8.0,17.0,1450.6,1446.4
2016-02-27,2015,Sociedad,Malaga,1,1,D,U,2.2,3.25,3.5,3,3,8,3,13,2.0,1.0,0.0,2.0,6.0,3.0,3.0,2.0,4.0,-2.0,4.0,-1.0,5.0,1.0,0.0,1.0,0.0,0.0,0.0,41.7,33.3,23.1,53.8,16.0,9.0,19.0,7.0,1500.7,1499.2
2016-02-27,2015,Real Madrid,Ath Madrid,0,1,A,U,1.73,3.6,5.25,3,5,2,5,14,3.0,2.0,0.0,1.0,15.0,5.0,10.0,3.0,2.0,1.0,12.0,3.0,9.0,3.0,1.0,2.0,0.0,0.0,0.0,84.6,7.7,69.2,23.1,26.0,12.0,12.0,14.0,1590.7,1595.5
2016-02-27,2015,Getafe,Celta,0,1,A,U,3.2,3.3,2.3,2,3,4,5,14,1.0,0.0,2.0,3.0,3.0,2.0,1.0,3.0,11.0,-8.0,0.0,-9.0,9.0,1.0,0.0,1.0,0.0,2.0,-2.0,46.2,30.8,41.7,41.7,7.0,7.0,15.0,5.0,1453.3,1504.0
2016-02-27,2015,Betis,Vallecano,2,2,D,O,2.2,3.3,3.4,4,4,8,8,13,1.0,0.0,0.0,0.0,3.0,6.0,-3.0,2.0,6.0,-4.0,1.0,0.0,1.0,0.0,0.0,0.0,0.0,0.0,0.0,16.7,41.7,8.3,58.3,10.0,15.0,15.0,20.0,1469.4,1459.3
2016-02-26,2015,Eibar,Las Palmas,0,1,A,U,1.75,3.6,5.0,4,4,6,6,14,2.0,0.0,1.0,3.0,8.0,2.0,6.0,3.0,7.0,-4.0,5.0,-5.0,10.0,2.0,0.0,2.0,0.0,2.0,-2.0,53.8,23.1,0.0,75.0,16.0,11.0,12.0,12.0,1498.3,1436.5
2016-02-21,2015,Vallecano,Sevilla,2,2,D,O,3.1,3.6,2.2,4,7,3,17,13,2.0,0.0,0.0,1.0,7.0,2.0,5.0,2.0,3.0,-1.0,5.0,-1.0,6.0,2.0,0.0,2.0,0.0,0.0,0.0,41.7,41.7,0.0,36.4,23.0,10.0,19.0,19.0,1456.8,1546.8
2016-02-21,2015,Malaga,Real Madrid,1,1,D,U,4.75,3.8,1.73,5,7,6,6,12,2.0,1.0,1.0,0.0,6.0,5.0,1.0,2.0,4.0,-2.0,4.0,1.0,3.0,2.0,0.0,2.0,0.0,0.0,0.0,45.5,27.3,45.5,18.2,17.0,16.0,13.0,22.0,1496.4,1593.4
2016-02-21,2015,Granada,Valencia,1,2,A,O,2.88,3.2,2.55,4,6,6,3,12,2.0,0.0,1.0,2.0,6.0,1.0,5.0,5.0,4.0,1.0,1.0,-3.0,4.0,0.0,0.0,0.0,0.0,1.0,-1.0,27.3,54.5,16.7,58.3,15.0,8.0,10.0,17.0,1437.7,1475.1
2016-02-21,2015,Ath Madrid,Villarreal,0,0,D,U,1.53,3.8,7.5,3,0,10,2,12,2.0,1.0,0.0,0.0,4.0,4.0,0.0,1.0,3.0,-2.0,3.0,1.0,2.0,1.0,0.0,1.0,0.0,0.0,0.0,72.7,9.1,36.4,27.3,9.0,11.0,26.0,15.0,1596.2,1574.1
2016-02-21,2015,Ath Bilbao,Sociedad,0,1,A,U,1.8,3.5,4.75,2,4,9,3,12,1.0,1.0,0.0,1.0,7.0,8.0,-1.0,4.0,7.0,-3.0,3.0,1.0,2.0,1.0,1.0,0.0,0.0,1.0,-1.0,54.5,18.2,25.0,50.0,11.0,16.0,17.0,14.0,1515.6,1489.9
2016-02-20,2015,Las Palmas,Barcelona,1,2,A,O,15.0,7.5,1.18,3,8,3,6,13,1.0,3.0,1.0,0.0,3.0,7.0,-4.0,5.0,2.0,3.0,-2.0,5.0,-7.0,0.0,2.0,-2.0,1.0,0.0,1.0,41.7,33.3,63.6,18.2,11.0,18.0,12.0,12.0,1441.6,1628.4
2016-02-20,2015,Espanol,La Coruna,1,0,H,U,2.38,3.3,3.0,9,3,7,4,12,0.0,0.0,1.0,1.0,2.0,2.0,0.0,7.0,7.0,0.0,-5.0,-5.0,0.0,0.0,0.0,0.0,1.0,1.0,0.0,36.4,27.3,25.0,16.7,7.0,12.0,13.0,16.0,1434.3,1507.8
2016-02-20,2015,Celta,Eibar,3,2,H,O,2.0,3.5,3.8,9,3,6,1,13,1.0,1.0,1.0,2.0,5.0,7.0,-2.0,6.0,8.0,-2.0,-1.0,-1.0,0.0,0.0,1.0,-1.0,1.0,2.0,-1.0,41.7,33.3,27.3,45.5,12.0,9.0,20.0,6.0,1493.6,1508.8
2016-02-20,2015,Betis,Sp Gijon,1,1,D,U,2.05,3.3,3.8,6,3,10,4,12,1.0,1.0,1.0,2.0,2.0,2.0,0.0,5.0,7.0,-2.0,-3.0,-5.0,2.0,0.0,0.0,0.0,1.0,2.0,-1.0,18.2,45.5,25.0,66.7,9.0,7.0,11.0,16.0,1469.9,1450.0
2016-02-19,2015,Levante,Getafe,3,0,H,O,2.2,3.3,3.4,6,6,6,8,13,2.0,1.0,1.0,2.0,5.0,4.0,1.0,5.0,7.0,-2.0,0.0,-3.0,3.0,0.0,0.0,0.0,1.0,1.0,0.0,25.0,50.0,9.1,72.7,15.0,6.0,9.0,11.0,1418.9,1464.6
2016-02-17,2015,Sp Gijon,Barcelona,1,3,A,O,19.0,8.0,1.14,2,8,1,4,12,1.0,2.0,0.0,0.0,8.0,4.0,4.0,4.0,1.0,3.0,4.0,3.0,1.0,1.0,1.0,0.0,0.0,0.0,0.0,27.3,36.4,60.0,20.0,14.0,12.0,13.0,18.0,1455.5,1622.9
2016-02-14,2015,Sociedad,Granada,3,0,H,O,1.53,4.0,6.5,6,2,7,13,12,2.0,0.0,0.0,3.0,5.0,1.0,4.0,2.0,10.0,-8.0,3.0,-9.0,12.0,1.0,0.0,1.0,0.0,2.0,-2.0,36.4,36.4,16.7,58.3,17.0,7.0,17.0,2.0,1480.9,1446.7
2016-02-14,2015,Sevilla,Las Palmas,2,0,H,U,1.33,5.0,10.0,5,3,8,3,13,3.0,0.0,0.0,2.0,7.0,4.0,3.0,2.0,7.0,-5.0,5.0,-3.0,8.0,2.0,0.0,2.0,0.0,1.0,-1.0,83.3,16.7,0.0,72.7,16.0,13.0,17.0,14.0,1539.3,1449.0
2016-02-14,2015,Getafe,Ath Madrid,0,1,A,U,6.5,3.8,1.57,0,3,5,4,13,2.0,2.0,1.0,1.0,4.0,6.0,-2.0,2.0,2.0,0.0,2.0,4.0,-2.0,1.0,2.0,-1.0,0.0,0.0,0.0,50.0,25.0,66.7,25.0,10.0,12.0,18.0,14.0,1471.4,1589.4
2016-02-14,2015,Eibar,Levante,2,0,H,U,1.8,3.5,4.75,6,3,8,2,13,2.0,0.0,1.0,3.0,8.0,4.0,4.0,4.0,8.0,-4.0,4.0,-4.0,8.0,1.0,0.0,1.0,0.0,1.0,-1.0,50.0,25.0,9.1,72.7,16.0,12.0,12.0,12.0,1500.9,1426.8
2016-02-14,2015,Barcelona,Celta,6,1,H,O,1.08,11.0,26.0,11,4,1,1,13,3.0,0.0,0.0,3.0,12.0,1.0,11.0,1.0,7.0,-6.0,11.0,-6.0,17.0,2.0,0.0,2.0,0.0,2.0,-2.0,91.7,0.0,45.5,36.4,20.0,4.0,21.0,6.0,1616.1,1500.4
2016-02-13,2015,Villarreal,Malaga,1,0,H,U,2.05,3.3,3.8,5,2,5,1,13,2.0,1.0,0.0,1.0,3.0,4.0,-1.0,0.0,4.0,-4.0,3.0,0.0,3.0,1.0,0.0,1.0,0.0,0.0,0.0,75.0,8.3,25.0,50.0,12.0,10.0,18.0,11.0,1565.9,1504.7
2016-02-13,2015,Valencia,Espanol,2,1,H,O,1.75,3.6,5.0,4,6,9,9,12,0.0,0.0,1.0,3.0,4.0,2.0,2.0,5.0,11.0,-6.0,-1.0,-9.0,8.0,0.0,0.0,0.0,0.0,2.0,-2.0,27.3,9.1,16.7,83.3,12.0,15.0,17.0,10.0,1465.7,1443.7
2016-02-13,2015,Real Madrid,Ath Bilbao,4,2,H,O,1.29,6.0,9.5,9,3,5,2,13,3.0,1.0,0.0,2.0,16.0,1.0,15.0,1.0,8.0,-7.0,15.0,-7.0,22.0,3.0,0.0,3.0,0.0,2.0,-2.0,83.3,8.3,33.3,50.0,26.0,9.0,12.0,15.0,1585.2,1523.9
2016-02-13,2015,La Coruna,Betis,2,2,D,O,1.8,3.5,4.75,11,2,11,0,12,0.0,0.0,1.0,2.0,4.0,1.0,3.0,5.0,3.0,2.0,-1.0,-2.0,1.0,0.0,0.0,0.0,0.0,0.0,0.0,27.3,18.2,33.3,41.7,11.0,5.0,22.0,19.0,1508.9,1468.8
2016-02-12,2015,Sp Gijon,Vallecano,2,2,D,O,2.38,3.4,3.0,5,4,3,7,11,1.0,0.0,1.0,1.0,7.0,5.0,2.0,4.0,6.0,-2.0,3.0,-1.0,4.0,1.0,0.0,1.0,0.0,0.0,0.0,30.0,40.0,9.1,63.6,13.0,15.0,14.0,18.0,1455.5,1456.8
2016-02-08,2015,Espanol,Sociedad,0,5,A,O,2.7,3.1,2.8,1,6,4,5,11,1.0,0.0,0.0,2.0,3.0,4.0,-1.0,2.0,10.0,-8.0,1.0,-6.0,7.0,0.0,0.0,0.0,0.0,2.0,-2.0,40.0,20.0,18.2,54.5,8.0,12.0,16.0,11.0,1453.2,1471.4
2016-02-07,2015,Levante,Barcelona,0,2,A,U,15.0,7.5,1.18,3,4,2,5,12,2.0,1.0,1.0,0.0,5.0,3.0,2.0,4.0,2.0,2.0,1.0,1.0,0.0,0.0,0.0,0.0,0.0,0.0,0.0,27.3,45.5,55.6,22.2,13.0,13.0,13.0,19.0,1432.1,1610.9
2016-02-07,2015,Granada,Real Madrid,1,2,A,O,12.0,6.0,1.25,2,4,3,6,11,2.0,0.0,1.0,1.0,5.0,3.0,2.0,5.0,4.0,1.0,0.0,-1.0,1.0,0.0,0.0,0.0,1.0,0.0,1.0,30.0,50.0,40.0,20.0,14.0,13.0,16.0,25.0,1453.3,1578.7
2016-02-07,2015,Celta,Sevilla,1,1,D,U,3.2,3.3,2.3,5,2,10,5,12,1.0,0.0,2.0,1.0,4.0,1.0,3.0,6.0,2.0,4.0,-2.0,-1.0,-1.0,0.0,0.0,0.0,1.0,0.0,1.0,45.5,36.4,0.0,40.0,10.0,10.0,13.0,22.0,1499.2,1540.5
2016-02-07,2015,Betis,Valencia,1,0,H,U,2.63,3.1,2.88,2,2,4,5,11,0.0,0.0,1.0,2.0,1.0,1.0,0.0,5.0,4.0,1.0,-4.0,-3.0,-1.0,0.0,0.0,0.0,1.0,1.0,0.0,10.0,50.0,18.2,54.5,7.0,8.0,15.0,18.0,1458.3,1476.3
2016-02-06,2015,Vallecano,Las Palmas,2,0,H,U,1.91,3.6,4.0,8,4,5,5,12,1.0,0.0,1.0,2.0,5.0,4.0,1.0,4.0,6.0,-2.0,1.0,-2.0,3.0,1.0,0.0,1.0,1.0,0.0,1.0,36.4,45.5,0.0,70.0,18.0,13.0,17.0,14.0,1446.4,1459.4
2016-02-06,2015,Sp Gijon,La Coruna,1,1,D,U,2.5,3.25,2.9,2,4,4,3,10,2.0,0.0,1.0,1.0,9.0,1.0,8.0,4.0,6.0,-2.0,5.0,-5.0,10.0,2.0,0.0,2.0,0.0,1.0,-1.0,33.3,44.4,27.3,18.2,20.0,11.0,18.0,15.0,1453.9,1510.5
2016-02-06,2015,Ath Madrid,Eibar,3,1,H,O,1.36,4.5,9.5,4,2,5,2,11,2.0,1.0,0.0,2.0,3.0,6.0,-3.0,1.0,7.0,-6.0,2.0,-1.0,3.0,0.0,1.0,-1.0,0.0,2.0,-2.0,70.0,10.0,30.0,40.0,9.0,8.0,24.0,12.0,1581.5,1508.8
2016-02-06,2015,Ath Bilbao,Villarreal,0,0,D,U,1.83,3.6,4.5,1,2,5,3,11,2.0,2.0,0.0,0.0,9.0,6.0,3.0,4.0,3.0,1.0,5.0,3.0,2.0,2.0,1.0,1.0,0.0,0.0,0.0,60.0,20.0,40.0,30.0,17.0,14.0,22.0,13.0,1522.6,1567.1
2016-02-05,2015,Malaga,Getafe,3,0,H,O,1.57,3.75,6.5,4,2,4,6,11,2.0,1.0,1.0,1.0,4.0,6.0,-2.0,2.0,6.0,-4.0,2.0,0.0,2.0,1.0,0.0,1.0,0.0,0.0,0.0,40.0,30.0,10.0,70.0,17.0,7.0,13.0,6.0,1495.1,1481.0
2016-02-01,2015,La Coruna,Vallecano,2,2,D,O,1.91,3.6,4.0,5,3,5,4,11,1.0,0.0,1.0,2.0,4.0,5.0,-1.0,3.0,14.0,-11.0,1.0,-9.0,10.0,1.0,0.0,1.0,0.0,1.0,-1.0,30.0,20.0,10.0,70.0,9.0,16.0,26.0,18.0,1512.5,1444.5
2016-01-31,2015,Valencia,Sp Gijon,0,1,A,U,1.75,3.75,4.75,3,3,6,3,11,0.0,0.0,0.0,3.0,6.0,1.0,5.0,6.0,9.0,-3.0,0.0,-8.0,8.0,0.0,0.0,0.0,0.0,3.0,-3.0,30.0,0.0,18.2,72.7,16.0,4.0,16.0,20.0,1487.5,1442.6
2016-01-31,2015,Sevilla,Levante,3,1,H,O,1.33,5.0,10.0,8,4,5,9,12,3.0,0.0,0.0,3.0,6.0,3.0,3.0,1.0,7.0,-6.0,5.0,-4.0,9.0,2.0,0.0,2.0,0.0,1.0,-1.0,81.8,18.2,10.0,70.0,18.0,9.0,18.0,6.0,1533.1,1439.5
2016-01-31,2015,Real Madrid,Espanol,6,0,H,O,1.1,11.0,21.0,7,5,3,1,12,3.0,0.0,0.0,3.0,13.0,2.0,11.0,2.0,7.0,-5.0,11.0,-5.0,16.0,3.0,0.0,3.0,0.0,2.0,-2.0,81.8,9.1,18.2,81.8,32.0,11.0,22.0,15.0,1571.8,1460.1
2016-01-31,2015,Las Palmas,Celta,2,1,H,O,2.38,3.3,3.1,5,2,7,3,12,1.0,1.0,1.0,2.0,5.0,2.0,3.0,5.0,5.0,0.0,0.0,-3.0,3.0,1.0,1.0,0.0,1.0,2.0,-1.0,36.4,36.4,50.0,30.0,10.0,6.0,9.0,6.0,1447.6,1511.0
2016-01-30,2015,Villarreal,Granada,1,0,H,U,1.44,4.5,7.5,6,2,8,0,12,2.0,0.0,0.0,3.0,3.0,2.0,1.0,0.0,13.0,-13.0,3.0,-11.0,14.0,1.0,0.0,1.0,0.0,3.0,-3.0,72.7,9.1,18.2,54.5,9.0,9.0,13.0,6.0,1559.9,1460.5
2016-01-30,2015,Sociedad,Betis,2,1,H,O,1.67,3.75,5.5,4,1,3,4,11,1.0,0.0,1.0,2.0,3.0,0.0,3.0,3.0,5.0,-2.0,0.0,-5.0,5.0,1.0,0.0,1.0,1.0,1.0,0.0,30.0,40.0,36.4,36.4,15.0,8.0,23.0,18.0,1461.2,1468.5
2016-01-30,2015,Getafe,Ath Bilbao,0,1,A,U,3.4,3.3,2.2,3,3,7,5,12,2.0,1.0,0.0,2.0,4.0,1.0,3.0,1.0,8.0,-7.0,3.0,-7.0,10.0,1.0,0.0,1.0,0.0,2.0,-2.0,54.5,18.2,27.3,54.5,12.0,11.0,20.0,13.0,1490.3,1513.3
2016-01-30,2015,Eibar,Malaga,1,2,A,O,2.38,3.25,3.0,3,4,1,2,12,3.0,1.0,0.0,1.0,9.0,3.0,6.0,2.0,3.0,-1.0,7.0,0.0,7.0,2.0,0.0,2.0,0.0,0.0,0.0,54.5,18.2,18.2,54.5,18.0,11.0,16.0,14.0,1519.8,1484.1
2016-01-30,2015,Barcelona,Ath Madrid,2,1,H,O,1.5,4.2,7.0,4,4,8,6,12,3.0,3.0,0.0,0.0,14.0,7.0,7.0,0.0,0.0,0.0,14.0,7.0,7.0,3.0,3.0,0.0,0.0,0.0,0.0,90.9,0.0,72.7,18.2,23.0,14.0,15.0,16.0,1601.2,1591.2
2016-01-25,2015,Levante,Las Palmas,3,2,H,O,2.38,3.1,3.25,8,4,2,4,11,1.0,0.0,2.0,2.0,3.0,3.0,0.0,4.0,6.0,-2.0,-1.0,-3.0,2.0,0.0,0.0,0.0,0.0,1.0,-1.0,20.0,50.0,0.0,66.7,10.0,16.0,13.0,14.0,1428.6,1458.4
2016-01-24,2015,La Coruna,Valencia,1,1,D,U,2.25,3.3,3.3,2,3,8,6,10,1.0,0.0,1.0,2.0,4.0,1.0,3.0,3.0,4.0,-1.0,1.0,-3.0,4.0,1.0,0.0,1.0,0.0,1.0,-1.0,33.3,22.2,20.0,60.0,11.0,6.0,24.0,14.0,1513.2,1486.8
2016-01-24,2015,Betis,Real Madrid,1,1,D,U,9.5,5.75,1.3,2,8,1,9,10,0.0,1.0,1.0,1.0,1.0,4.0,-3.0,5.0,3.0,2.0,-4.0,1.0,-5.0,0.0,1.0,-1.0,1.0,0.0,1.0,11.1,55.6,44.4,22.2,11.0,11.0,22.0,21.0,1465.4,1574.8
2016-01-24,2015,Ath Madrid,Sevilla,0,0,D,U,1.67,3.5,6.0,3,1,8,5,10,3.0,0.0,0.0,1.0,4.0,2.0,2.0,1.0,3.0,-2.0,3.0,-1.0,4.0,0.0,0.0,0.0,0.0,0.0,0.0,77.8,11.1,0.0,44.4,12.0,11.0,22.0,19.0,1593.0,1531.4
2016-01-24,2015,Ath Bilbao,Eibar,5,2,H,O,1.67,3.75,5.5,5,2,7,2,10,1.0,1.0,0.0,2.0,4.0,5.0,-1.0,2.0,4.0,-2.0,2.0,1.0,1.0,1.0,1.0,0.0,0.0,1.0,-1.0,55.6,22.2,33.3,33.3,14.0,7.0,21.0,13.0,1502.5,1530.6
2016-01-23,2015,Vallecano,Celta,3,0,H,O,2.7,3.4,2.63,10,1,7,1,11,0.0,1.0,2.0,1.0,3.0,3.0,0.0,6.0,3.0,3.0,-3.0,0.0,-3.0,0.0,1.0,-1.0,1.0,1.0,0.0,30.0,50.0,55.6,22.2,11.0,6.0,16.0,5.0,1431.9,1523.6
2016-01-23,2015,Malaga,Barcelona,1,2,A,O,8.5,5.5,1.33,9,6,4,3,10,2.0,1.0,0.0,0.0,5.0,5.0,0.0,2.0,1.0,1.0,3.0,4.0,-1.0,1.0,1.0,0.0,0.0,0.0,0.0,44.4,22.2,50.0,25.0,15.0,14.0,16.0,20.0,1491.2,1594.0
2016-01-23,2015,Granada,Getafe,3,2,H,O,2.63,3.1,2.88,9,2,5,3,10,1.0,1.0,2.0,1.0,2.0,5.0,-3.0,5.0,7.0,-2.0,-3.0,-2.0,-1.0,0.0,0.0,0.0,2.0,1.0,1.0,22.2,55.6,11.1,66.7,8.0,8.0,17.0,7.0,1449.0,1501.8
2016-01-23,2015,Espanol,Villarreal,2,2,D,O,2.9,3.2,2.55,5,5,3,9,10,1.0,2.0,0.0,1.0,2.0,4.0,-2.0,1.0,3.0,-2.0,1.0,1.0,0.0,0.0,1.0,-1.0,0.0,1.0,-1.0,44.4,22.2,44.4,33.3,4.0,9.0,15.0,10.0,1457.1,1562.9
2016-01-22,2015,Sp Gijon,Sociedad,5,1,H,O,3.1,3.2,2.45,7,3,6,2,9,1.0,0.0,2.0,1.0,4.0,4.0,0.0,6.0,6.0,0.0,-2.0,-2.0,0.0,1.0,0.0,1.0,1.0,1.0,0.0,25.0,50.0,20.0,50.0,15.0,15.0,17.0,14.0,1431.4,1472.4
2016-01-18,2015,Eibar,Granada,5,1,H,O,1.83,3.5,4.5,7,1,3,2,11,2.0,1.0,0.0,2.0,5.0,3.0,2.0,2.0,9.0,-7.0,3.0,-6.0,9.0,1.0,0.0,1.0,0.0,2.0,-2.0,50.0,20.0,20.0,50.0,16.0,11.0,22.0,5.0,1522.5,1457.1
2016-01-17,2015,Valencia,Vallecano,2,2,D,O,1.62,4.0,5.5,5,8,7,9,10,0.0,0.0,0.0,3.0,5.0,4.0,1.0,5.0,14.0,-9.0,0.0,-10.0,10.0,0.0,0.0,0.0,0.0,1.0,-1.0,33.3,0.0,11.1,77.8,14.0,12.0,9.0,13.0,1488.4,1430.2
2016-01-17,2015,Real Madrid,Sp Gijon,5,1,H,O,1.05,17.0,26.0,10,2,4,4,11,3.0,0.0,0.0,3.0,18.0,0.0,18.0,3.0,6.0,-3.0,15.0,-6.0,21.0,3.0,0.0,3.0,0.0,3.0,-3.0,80.0,10.0,20.0,70.0,37.0,3.0,28.0,17.0,1568.4,1437.8
2016-01-17,2015,Las Palmas,Ath Madrid,0,3,A,O,6.5,3.6,1.62,3,5,3,4,11,2.0,2.0,0.0,1.0,6.0,4.0,2.0,2.0,1.0,1.0,4.0,3.0,1.0,1.0,2.0,-1.0,0.0,0.0,0.0,40.0,30.0,70.0,20.0,11.0,12.0,8.0,13.0,1465.1,1586.3
2016-01-17,2015,Getafe,Espanol,3,1,H,O,2.2,3.2,3.5,4,6,3,7,11,1.0,0.0,0.0,3.0,2.0,1.0,1.0,1.0,5.0,-4.0,1.0,-4.0,5.0,0.0,0.0,0.0,0.0,1.0,-1.0,50.0,20.0,20.0,80.0,13.0,7.0,22.0,17.0,1492.6,1466.4
2016-01-17,2015,Barcelona,Ath Bilbao,6,0,H,O,1.14,8.0,19.0,8,3,6,2,11,2.0,1.0,0.0,2.0,10.0,2.0,8.0,2.0,4.0,-2.0,8.0,-2.0,10.0,2.0,0.0,2.0,0.0,1.0,-1.0,90.0,0.0,30.0,50.0,22.0,13.0,15.0,17.0,1586.2,1510.3
2016-01-16,2015,Villarreal,Betis,0,0,D,U,1.45,4.33,8.0,2,2,7,11,11,3.0,0.0,0.0,3.0,4.0,0.0,4.0,0.0,6.0,-6.0,4.0,-6.0,10.0,1.0,0.0,1.0,0.0,1.0,-1.0,80.0,10.0,40.0,40.0,10.0,8.0,9.0,9.0,1565.8,1462.6
2016-01-16,2015,Sociedad,La Coruna,1,1,D,U,1.95,3.3,4.2,6,4,9,4,10,2.0,0.0,1.0,1.0,4.0,2.0,2.0,3.0,7.0,-4.0,1.0,-5.0,6.0,1.0,0.0,1.0,1.0,1.0,0.0,33.3,44.4,30.0,20.0,16.0,11.0,18.0,13.0,1471.2,1514.5
2016-01-16,2015,Sevilla,Malaga,2,1,H,O,1.67,3.8,5.25,4,3,6,4,11,3.0,2.0,0.0,0.0,6.0,4.0,2.0,0.0,2.0,-2.0,6.0,2.0,4.0,3.0,0.0,3.0,0.0,0.0,0.0,80.0,20.0,20.0,50.0,21.0,13.0,15.0,17.0,1522.0,1500.6
2016-01-16,2015,Celta,Levante,4,3,H,O,1.62,3.8,6.0,6,7,6,2,11,1.0,0.0,2.0,2.0,1.0,1.0,0.0,3.0,4.0,-1.0,-2.0,-3.0,1.0,0.0,0.0,0.0,1.0,1.0,0.0,40.0,40.0,11.1,66.7,7.0,7.0,11.0,10.0,1515.8,1436.4
2016-01-10,2015,Villarreal,Sp Gijon,2,0,H,U,1.5,4.33,6.5,4,2,3,9,10,3.0,0.0,0.0,3.0,4.0,1.0,3.0,1.0,6.0,-5.0,3.0,-5.0,8.0,0.0,0.0,0.0,0.0,2.0,-2.0,77.8,11.1,22.2,66.7,11.0,3.0,11.0,13.0,1558.9,1444.6
2016-01-10,2015,Sociedad,Valencia,2,0,H,U,2.25,3.3,3.3,7,3,5,6,9,2.0,0.0,1.0,2.0,4.0,1.0,3.0,3.0,3.0,0.0,1.0,-2.0,3.0,1.0,0.0,1.0,1.0,0.0,1.0,25.0,50.0,22.2,55.6,16.0,3.0,20.0,8.0,1460.0,1499.6
2016-01-10,2015,Las Palmas,Malaga,1,1,D,U,2.7,3.1,2.8,3,3,2,5,10,2.0,2.0,1.0,0.0,5.0,3.0,2.0,3.0,1.0,2.0,2.0,2.0,0.0,1.0,0.0,1.0,1.0,0.0,1.0,44.4,33.3,22.2,55.6,13.0,12.0,12.0,13.0,1464.0,1501.7
2016-01-10,2015,Eibar,Espanol,2,1,H,O,2.0,3.3,4.0,6,4,8,2,10,1.0,0.0,1.0,3.0,3.0,0.0,3.0,3.0,4.0,-1.0,0.0,-4.0,4.0,1.0,0.0,1.0,1.0,1.0,0.0,44.4,22.2,22.2,77.8,13.0,3.0,20.0,17.0,1513.6,1475.3
2016-01-10,2015,Celta,Ath Madrid,0,2,A,U,4.5,3.5,1.8,1,3,4,4,10,2.0,2.0,1.0,1.0,3.0,4.0,-1.0,2.0,1.0,1.0,1.0,3.0,-2.0,0.0,2.0,-2.0,0.0,0.0,0.0,44.4,33.3,66.7,22.2,10.0,13.0,10.0,17.0,1524.3,1577.8
2016-01-09,2015,Sevilla,Ath Bilbao,2,0,H,U,2.1,3.5,3.5,4,3,6,8,10,3.0,2.0,0.0,1.0,5.0,5.0,0.0,0.0,2.0,-2.0,5.0,3.0,2.0,2.0,1.0,1.0,0.0,0.0,0.0,77.8,22.2,33.3,44.4,22.0,14.0,26.0,11.0,1511.7,1520.6
2016-01-09,2015,Real Madrid,La Coruna,5,0,H,O,1.11,9.0,21.0,9,4,5,9,10,3.0,1.0,0.0,0.0,17.0,4.0,13.0,4.0,2.0,2.0,13.0,2.0,11.0,3.0,1.0,2.0,0.0,0.0,0.0,77.8,11.1,33.3,11.1,36.0,12.0,26.0,8.0,1559.4,1523.4
2016-01-09,2015,Levante,Vallecano,2,1,H,O,2.15,3.4,3.4,4,4,5,5,10,0.0,0.0,3.0,2.0,1.0,4.0,-3.0,4.0,13.0,-9.0,-3.0,-9.0,6.0,0.0,0.0,0.0,0.0,1.0,-1.0,11.1,55.6,12.5,75.0,7.0,12.0,15.0,15.0,1425.9,1440.7
2016-01-09,2015,Getafe,Betis,1,0,H,U,1.95,3.5,4.0,3,2,8,4,10,1.0,1.0,0.0,2.0,3.0,1.0,2.0,1.0,5.0,-4.0,2.0,-4.0,6.0,1.0,0.0,1.0,0.0,1.0,-1.0,44.4,22.2,44.4,33.3,15.0,11.0,20.0,9.0,1482.9,1472.2
2016-01-09,2015,Barcelona,Granada,4,0,H,O,1.05,15.0,34.0,8,4,7,0,10,2.0,1.0,0.0,1.0,10.0,5.0,5.0,2.0,7.0,-5.0,8.0,-2.0,10.0,2.0,0.0,2.0,0.0,1.0,-1.0,88.9,0.0,22.2,44.4,20.0,11.0,14.0,9.0,1579.4,1463.9
2016-01-04,2015,Sp Gijon,Getafe,1,2,A,O,2.25,3.3,3.3,4,2,4,2,8,2.0,0.0,1.0,2.0,4.0,4.0,0.0,4.0,9.0,-5.0,0.0,-5.0,5.0,1.0,0.0,1.0,1.0,2.0,-1.0,28.6,42.9,0.0,75.0,17.0,10.0,20.0,12.0,1454.1,1473.4
2016-01-03,2015,Vallecano,Sociedad,2,2,D,O,2.63,3.3,2.75,5,7,7,7,10,0.0,0.0,3.0,2.0,1.0,2.0,-1.0,7.0,8.0,-1.0,-6.0,-6.0,0.0,0.0,0.0,0.0,2.0,2.0,0.0,33.3,55.6,22.2,55.6,9.0,10.0,15.0,11.0,1440.1,1460.6
2016-01-03,2015,Valencia,Real Madrid,2,2,D,O,6.0,4.33,1.53,4,4,4,7,9,0.0,1.0,0.0,2.0,4.0,4.0,0.0,4.0,4.0,0.0,0.0,0.0,0.0,0.0,1.0,-1.0,0.0,0.0,0.0,37.5,0.0,50.0,25.0,13.0,17.0,6.0,20.0,1497.8,1561.2
2016-01-03,2015,La Coruna,Villarreal,1,2,A,O,2.7,3.2,2.7,4,4,9,3,9,2.0,1.0,0.0,2.0,5.0,2.0,3.0,1.0,5.0,-4.0,4.0,-3.0,7.0,2.0,1.0,1.0,0.0,2.0,-2.0,37.5,12.5,37.5,37.5,9.0,7.0,17.0,9.0,1533.0,1549.4
2016-01-03,2015,Granada,Sevilla,2,1,H,O,4.33,3.6,1.85,4,7,2,9,9,1.0,0.0,2.0,1.0,2.0,1.0,1.0,4.0,3.0,1.0,-2.0,-2.0,0.0,1.0,0.0,1.0,2.0,1.0,1.0,12.5,62.5,0.0,37.5,5.0,9.0,17.0,15.0,1451.9,1523.8
2016-01-03,2015,Betis,Eibar,0,4,A,O,2.4,3.25,3.1,5,5,6,2,9,0.0,0.0,1.0,2.0,1.0,2.0,-1.0,2.0,5.0,-3.0,-1.0,-3.0,2.0,0.0,0.0,0.0,0.0,1.0,-1.0,12.5,50.0,25.0,37.5,9.0,9.0,18.0,17.0,1481.6,1504.3
2016-01-03,2015,Ath Bilbao,Las Palmas,2,2,D,O,1.36,5.0,8.5,5,5,5,5,9,2.0,0.0,0.0,2.0,4.0,2.0,2.0,1.0,5.0,-4.0,3.0,-3.0,6.0,1.0,0.0,1.0,0.0,1.0,-1.0,62.5,25.0,0.0,75.0,11.0,18.0,20.0,17.0,1522.3,1462.3
2016-01-02,2015,Malaga,Celta,2,0,H,U,2.4,3.3,3.0,4,1,5,2,9,1.0,1.0,1.0,1.0,3.0,3.0,0.0,3.0,3.0,0.0,0.0,0.0,0.0,0.0,1.0,-1.0,0.0,1.0,-1.0,37.5,25.0,62.5,12.5,16.0,9.0,17.0,13.0,1490.4,1535.6
2016-01-02,2015,Espanol,Barcelona,0,0,D,U,14.0,7.0,1.2,1,2,6,10,9,2.0,2.0,0.0,0.0,4.0,7.0,-3.0,1.0,1.0,0.0,3.0,6.0,-3.0,1.0,2.0,-1.0,0.0,0.0,0.0,50.0,25.0,57.1,28.6,6.0,18.0,12.0,15.0,1472.2,1582.5
2016-01-02,2015,Ath Madrid,Levante,1,0,H,U,1.2,6.5,17.0,2,1,13,1,9,3.0,1.0,0.0,1.0,4.0,4.0,0.0,1.0,3.0,-2.0,3.0,1.0,2.0,0.0,1.0,-1.0,0.0,1.0,-1.0,75.0,12.5,12.5,62.5,13.0,12.0,14.0,12.0,1571.7,1432.1
2015-12-31,2015,Villarreal,Valencia,1,0,H,U,1.8,3.5,4.5,3,2,3,6,9,2.0,1.0,0.0,1.0,4.0,6.0,-2.0,2.0,3.0,-1.0,2.0,3.0,-1.0,0.0,1.0,-1.0,0.0,0.0,0.0,75.0,12.5,25.0,50.0,13.0,6.0,20.0,7.0,1540.4,1506.8
2015-12-30,2015,Vallecano,Ath Madrid,0,2,A,U,6.5,3.8,1.53,3,6,3,8,9,1.0,2.0,2.0,1.0,3.0,3.0,0.0,6.0,1.0,5.0,-3.0,2.0,-5.0,0.0,1.0,-1.0,1.0,0.0,1.0,37.5,50.0,62.5,25.0,8.0,11.0,16.0,15.0,1446.8,1564.9
2015-12-30,2015,Sevilla,Espanol,2,0,H,U,1.4,4.75,7.0,10,1,6,6,9,3.0,0.0,0.0,3.0,6.0,1.0,5.0,2.0,4.0,-2.0,4.0,-3.0,7.0,1.0,0.0,1.0,0.0,0.0,0.0,75.0,25.0,25.0,75.0,17.0,3.0,24.0,16.0,1514.7,1481.2
2015-12-30,2015,Real Madrid,Sociedad,3,1,H,O,1.1,10.0,19.0,13,2,13,2,9,2.0,0.0,1.0,2.0,14.0,1.0,13.0,7.0,7.0,0.0,7.0,-6.0,13.0,2.0,0.0,2.0,1.0,2.0,-1.0,75.0,12.5,25.0,50.0,30.0,14.0,23.0,17.0,1553.6,1468.2
2015-12-30,2015,Levante,Malaga,0,1,A,U,2.75,3.0,2.75,1,5,6,5,9,0.0,1.0,2.0,1.0,2.0,2.0,0.0,4.0,3.0,1.0,-2.0,-1.0,-1.0,0.0,0.0,0.0,0.0,1.0,-1.0,12.5,50.0,12.5,62.5,11.0,12.0,18.0,16.0,1441.0,1481.5
2015-12-30,2015,Las Palmas,Granada,4,1,H,O,2.0,3.3,3.75,4,4,4,4,9,2.0,1.0,1.0,1.0,3.0,5.0,-2.0,2.0,5.0,-3.0,1.0,0.0,1.0,1.0,0.0,1.0,1.0,0.0,1.0,37.5,37.5,25.0,37.5,13.0,9.0,8.0,6.0,1452.0,1462.2
2015-12-30,2015,Getafe,La Coruna,0,0,D,U,2.5,3.2,2.88,5,3,9,2,9,1.0,1.0,0.0,0.0,4.0,5.0,-1.0,2.0,3.0,-1.0,2.0,2.0,0.0,1.0,1.0,0.0,0.0,0.0,0.0,50.0,25.0,37.5,12.5,18.0,14.0,16.0,11.0,1471.6,1534.8
2015-12-30,2015,Eibar,Sp Gijon,2,0,H,U,1.85,3.5,4.2,5,0,5,7,9,1.0,0.0,1.0,3.0,4.0,1.0,3.0,4.0,5.0,-1.0,0.0,-4.0,4.0,1.0,0.0,1.0,1.0,1.0,0.0,37.5,25.0,25.0,62.5,15.0,5.0,20.0,7.0,1495.2,1463.2
2015-12-30,2015,Celta,Ath Bilbao,0,1,A,U,2.38,3.3,2.9,3,5,3,3,9,2.0,1.0,1.0,2.0,4.0,4.0,0.0,6.0,4.0,2.0,-2.0,0.0,-2.0,0.0,1.0,-1.0,1.0,1.0,0.0,50.0,25.0,25.0,50.0,10.0,15.0,22.0,15.0,1546.6,1511.3
2015-12-30,2015,Barcelona,Betis,4,0,H,O,1.06,13.0,26.0,7,4,2,3,9,2.0,2.0,0.0,1.0,9.0,2.0,7.0,2.0,1.0,1.0,7.0,1.0,6.0,2.0,0.0,2.0,0.0,0.0,0.0,87.5,0.0,50.0,25.0,22.0,9.0,19.0,9.0,1574.9,1489.2
2015-12-20,2015,Sociedad,Villarreal,0,2,A,U,2.4,3.2,3.1,2,5,9,1,8,2.0,0.0,1.0,2.0,6.0,0.0,6.0,4.0,5.0,-1.0,2.0,-5.0,7.0,1.0,0.0,1.0,0.0,2.0,-2.0,28.6,42.9,28.6,42.9,19.0,2.0,19.0,14.0,1476.6,1531.9
2015-12-20,2015,Real Madrid,Vallecano,10,2,H,O,1.1,11.0,21.0,15,4,10,4,8,2.0,0.0,1.0,2.0,7.0,2.0,5.0,6.0,4.0,2.0,1.0,-2.0,3.0,2.0,0.0,2.0,1.0,0.0,1.0,71.4,14.3,14.3,71.4,26.0,10.0,19.0,17.0,1546.2,1454.2
2015-12-20,2015,Malaga,Ath Madrid,1,0,H,U,5.25,3.5,1.75,4,3,4,1,8,1.0,2.0,1.0,0.0,4.0,4.0,0.0,3.0,1.0,2.0,1.0,3.0,-2.0,1.0,1.0,0.0,0.0,0.0,0.0,28.6,28.6,71.4,14.3,16.0,11.0,16.0,19.0,1468.5,1578.0
2015-12-20,2015,Granada,Celta,0,2,A,U,3.2,3.3,2.3,1,4,9,3,8,1.0,1.0,1.0,1.0,3.0,4.0,-1.0,3.0,5.0,-2.0,0.0,-1.0,1.0,1.0,0.0,1.0,1.0,1.0,0.0,14.3,57.1,57.1,14.3,11.0,13.0,11.0,17.0,1470.2,1538.5
2015-12-20,2015,Ath Bilbao,Levante,2,0,H,U,1.4,4.5,9.0,7,1,10,3,8,2.0,1.0,0.0,1.0,5.0,4.0,1.0,1.0,4.0,-3.0,4.0,0.0,4.0,1.0,1.0,0.0,0.0,1.0,-1.0,57.1,28.6,14.3,57.1,10.0,16.0,19.0,14.0,1502.8,1449.4
2015-12-19,2015,Valencia,Getafe,2,2,D,O,1.67,3.75,5.5,7,3,5,1,8,1.0,0.0,0.0,3.0,5.0,2.0,3.0,2.0,12.0,-10.0,3.0,-10.0,13.0,1.0,0.0,1.0,0.0,3.0,-3.0,42.9,0.0,0.0,85.7,12.0,7.0,6.0,14.0,1507.9,1470.6
2015-12-19,2015,La Coruna,Eibar,2,0,H,U,2.0,3.3,4.0,3,1,9,8,8,1.0,0.0,0.0,2.0,4.0,3.0,1.0,2.0,6.0,-4.0,2.0,-3.0,5.0,1.0,0.0,1.0,0.0,1.0,-1.0,28.6,14.3,28.6,28.6,9.0,13.0,9.0,11.0,1525.4,1504.6
2015-12-19,2015,Espanol,Las Palmas,1,0,H,U,2.05,3.4,3.75,2,4,7,5,8,1.0,0.0,0.0,2.0,4.0,3.0,1.0,2.0,7.0,-5.0,2.0,-4.0,6.0,1.0,0.0,1.0,0.0,2.0,-2.0,42.9,28.6,0.0,71.4,8.0,19.0,10.0,15.0,1471.5,1461.7
2015-12-19,2015,Betis,Sevilla,0,0,D,U,3.75,3.5,2.0,0,2,8,8,8,0.0,0.0,2.0,2.0,2.0,2.0,0.0,5.0,5.0,0.0,-3.0,-3.0,0.0,0.0,0.0,0.0,1.0,1.0,0.0,14.3,57.1,0.0,42.9,12.0,10.0,17.0,12.0,1488.4,1515.5
2015-12-13,2015,Villarreal,Real Madrid,1,0,H,U,5.0,4.2,1.65,3,1,3,9,8,2.0,2.0,0.0,1.0,5.0,7.0,-2.0,3.0,4.0,-1.0,2.0,3.0,-1.0,0.0,2.0,-2.0,0.0,0.0,0.0,71.4,14.3,57.1,14.3,15.0,24.0,24.0,18.0,1520.9,1557.3
2015-12-13,2015,Vallecano,Malaga,1,2,A,O,2.3,3.25,3.25,3,5,6,7,8,2.0,0.0,1.0,2.0,5.0,0.0,5.0,4.0,3.0,1.0,1.0,-3.0,4.0,1.0,0.0,1.0,1.0,1.0,0.0,42.9,42.9,0.0,71.4,12.0,12.0,16.0,14.0,1464.4,1458.3
2015-12-13,2015,Eibar,Valencia,1,1,D,U,2.45,3.2,3.0,5,1,9,2,8,2.0,1.0,1.0,2.0,4.0,6.0,-2.0,3.0,4.0,-1.0,1.0,2.0,-1.0,1.0,1.0,0.0,1.0,0.0,1.0,42.9,28.6,28.6,57.1,11.0,6.0,13.0,7.0,1504.5,1508.0
2015-12-13,2015,Ath Madrid,Ath Bilbao,2,1,H,O,1.57,3.75,7.0,4,5,3,6,8,3.0,2.0,0.0,1.0,4.0,6.0,-2.0,1.0,3.0,-2.0,3.0,3.0,0.0,0.0,2.0,-2.0,0.0,1.0,-1.0,71.4,14.3,28.6,42.9,17.0,19.0,20.0,18.0,1569.7,1511.1
2015-12-12,2015,Sevilla,Sp Gijon,2,0,H,U,1.36,5.0,8.5,7,1,3,1,8,3.0,0.0,0.0,3.0,9.0,1.0,8.0,2.0,6.0,-4.0,7.0,-5.0,12.0,1.0,0.0,1.0,0.0,1.0,-1.0,71.4,28.6,28.6,57.1,23.0,4.0,28.0,9.0,1506.5,1472.2
2015-12-12,2015,Levante,Granada,1,2,A,O,2.1,3.1,4.0,5,3,2,1,8,0.0,0.0,2.0,1.0,1.0,4.0,-3.0,6.0,5.0,1.0,-5.0,-1.0,-4.0,0.0,0.0,0.0,1.0,0.0,1.0,14.3,42.9,14.3,42.9,9.0,11.0,26.0,11.0,1459.4,1460.3
2015-12-12,2015,Las Palmas,Betis,1,0,H,U,2.15,3.3,3.5,4,2,2,2,8,1.0,2.0,1.0,0.0,2.0,3.0,-1.0,2.0,1.0,1.0,0.0,2.0,-2.0,1.0,0.0,1.0,1.0,0.0,1.0,28.6,42.9,57.1,14.3,11.0,9.0,12.0,10.0,1450.3,1499.8
2015-12-12,2015,Celta,Espanol,1,0,H,U,1.53,4.33,6.0,3,2,4,9,8,1.0,0.0,2.0,3.0,4.0,1.0,3.0,9.0,6.0,3.0,-5.0,-5.0,0.0,0.0,0.0,0.0,2.0,1.0,1.0,42.9,28.6,28.6,71.4,14.0,4.0,23.0,12.0,1529.9,1480.1
2015-12-12,2015,Barcelona,La Coruna,2,2,D,O,1.07,13.0,26.0,7,4,6,2,8,3.0,1.0,0.0,1.0,10.0,3.0,7.0,1.0,3.0,-2.0,9.0,0.0,9.0,3.0,1.0,2.0,0.0,1.0,-1.0,100.0,0.0,42.9,14.3,20.0,11.0,19.0,14.0,1576.4,1523.9
2015-12-11,2015,Getafe,Sociedad,1,1,D,U,2.88,3.2,2.6,5,6,5,5,8,1.0,1.0,1.0,2.0,3.0,4.0,-1.0,3.0,6.0,-3.0,0.0,-2.0,2.0,1.0,1.0,0.0,1.0,2.0,-1.0,57.1,28.6,28.6,57.1,13.0,14.0,14.0,15.0,1470.4,1476.8
2015-12-07,2015,Espanol,Levante,1,1,D,U,2.0,3.5,3.8,1,5,2,6,7,1.0,1.0,1.0,2.0,4.0,3.0,1.0,3.0,6.0,-3.0,1.0,-3.0,4.0,1.0,1.0,0.0,0.0,2.0,-2.0,50.0,33.3,16.7,66.7,16.0,16.0,17.0,12.0,1480.7,1458.8
2015-12-06,2015,Villarreal,Vallecano,2,1,H,O,1.57,3.8,6.5,5,4,5,4,7,1.0,0.0,1.0,2.0,4.0,3.0,1.0,4.0,7.0,-3.0,0.0,-4.0,4.0,0.0,0.0,0.0,0.0,1.0,-1.0,66.7,16.7,16.7,66.7,13.0,14.0,26.0,23.0,1512.0,1473.3
2015-12-06,2015,Sp Gijon,Las Palmas,3,1,H,O,2.3,3.3,3.25,9,7,8,4,7,1.0,0.0,1.0,2.0,4.0,2.0,2.0,6.0,8.0,-2.0,-2.0,-6.0,4.0,0.0,0.0,0.0,1.0,2.0,-1.0,16.7,50.0,0.0,66.7,14.0,15.0,18.0,12.0,1462.2,1460.2
2015-12-06,2015,Sociedad,Eibar,2,1,H,O,1.85,3.5,4.5,7,1,4,3,7,1.0,1.0,2.0,1.0,4.0,4.0,0.0,5.0,4.0,1.0,-1.0,0.0,-1.0,1.0,1.0,0.0,1.0,1.0,0.0,16.7,50.0,33.3,16.7,13.0,16.0,20.0,10.0,1465.4,1515.9
2015-12-06,2015,Ath Bilbao,Malaga,0,0,D,U,1.45,4.33,7.5,2,2,6,1,7,3.0,0.0,0.0,3.0,8.0,0.0,8.0,2.0,6.0,-4.0,6.0,-6.0,12.0,2.0,0.0,2.0,0.0,2.0,-2.0,66.7,33.3,0.0,83.3,15.0,13.0,24.0,21.0,1512.7,1456.7
2015-12-05,2015,Valencia,Barcelona,1,1,D,U,9.0,6.0,1.3,3,5,0,6,7,2.0,2.0,0.0,1.0,7.0,7.0,0.0,1.0,2.0,-1.0,6.0,5.0,1.0,2.0,2.0,0.0,0.0,0.0,0.0,50.0,0.0,66.7,33.3,12.0,22.0,12.0,18.0,1505.9,1578.4
2015-12-05,2015,Real Madrid,Getafe,4,1,H,O,1.1,11.0,21.0,8,3,3,4,7,2.0,0.0,1.0,2.0,6.0,1.0,5.0,5.0,8.0,-3.0,1.0,-7.0,8.0,2.0,0.0,2.0,1.0,2.0,-1.0,66.7,16.7,0.0,83.3,24.0,6.0,20.0,11.0,1549.3,1478.4
2015-12-05,2015,La Coruna,Sevilla,1,1,D,U,3.0,3.3,2.4,4,2,6,2,7,1.0,0.0,0.0,2.0,5.0,2.0,3.0,3.0,5.0,-2.0,2.0,-3.0,5.0,1.0,0.0,1.0,0.0,1.0,-1.0,33.3,16.7,0.0,50.0,8.0,13.0,7.0,15.0,1524.4,1506.0
2015-12-05,2015,Granada,Ath Madrid,0,2,A,U,7.0,3.75,1.57,3,4,6,8,7,1.0,2.0,0.0,0.0,4.0,4.0,0.0,2.0,1.0,1.0,2.0,3.0,-1.0,1.0,1.0,0.0,0.0,0.0,0.0,16.7,50.0,66.7,16.7,11.0,10.0,7.0,13.0,1467.6,1562.3
2015-12-05,2015,Betis,Celta,1,1,D,U,3.3,3.5,2.15,6,1,8,0,7,0.0,2.0,3.0,1.0,2.0,5.0,-3.0,7.0,5.0,2.0,-5.0,0.0,-5.0,0.0,0.0,0.0,2.0,1.0,1.0,16.7,66.7,66.7,16.7,12.0,14.0,13.0,21.0,1498.9,1530.9
2015-11-29,2015,Vallecano,Ath Bilbao,0,3,A,O,3.1,3.4,2.3,3,4,6,2,7,2.0,1.0,1.0,1.0,5.0,5.0,0.0,3.0,5.0,-2.0,2.0,0.0,2.0,1.0,1.0,0.0,1.0,1.0,0.0,50.0,33.3,16.7,50.0,18.0,17.0,18.0,22.0,1482.7,1503.3
2015-11-29,2015,Sevilla,Valencia,1,0,H,U,1.75,4.0,4.33,5,0,17,0,7,3.0,1.0,0.0,2.0,10.0,7.0,3.0,3.0,6.0,-3.0,7.0,1.0,6.0,1.0,1.0,0.0,0.0,1.0,-1.0,66.7,33.3,33.3,50.0,23.0,10.0,18.0,11.0,1495.3,1516.5
2015-11-29,2015,Getafe,Villarreal,2,0,H,U,3.0,3.3,2.4,5,0,6,6,7,1.0,0.0,1.0,2.0,5.0,0.0,5.0,3.0,4.0,-1.0,2.0,-4.0,6.0,1.0,0.0,1.0,1.0,1.0,0.0,50.0,33.3,33.3,33.3,15.0,4.0,13.0,10.0,1466.7,1523.6
2015-11-29,2015,Eibar,Real Madrid,0,2,A,U,7.5,5.0,1.4,3,6,6,5,7,2.0,1.0,0.0,1.0,5.0,6.0,-1.0,2.0,5.0,-3.0,3.0,1.0,2.0,1.0,1.0,0.0,0.0,0.0,0.0,50.0,16.7,50.0,16.7,12.0,20.0,9.0,14.0,1525.5,1539.7
2015-11-28,2015,Malaga,Granada,2,2,D,O,1.83,3.4,4.75,7,4,7,4,7,2.0,0.0,1.0,1.0,5.0,5.0,0.0,2.0,6.0,-4.0,3.0,-1.0,4.0,2.0,0.0,2.0,0.0,0.0,0.0,33.3,33.3,16.7,50.0,16.0,14.0,11.0,8.0,1456.4,1467.9
2015-11-28,2015,Las Palmas,La Coruna,0,2,A,U,2.3,3.3,3.2,5,5,6,4,7,1.0,0.0,1.0,1.0,2.0,2.0,0.0,2.0,4.0,-2.0,0.0,-2.0,2.0,1.0,0.0,1.0,1.0,1.0,0.0,33.3,33.3,33.3,16.7,10.0,9.0,9.0,15.0,1468.9,1515.7
2015-11-28,2015,Celta,Sp Gijon,2,1,H,O,1.4,5.0,7.5,4,2,3,5,7,0.0,1.0,2.0,2.0,2.0,2.0,0.0,8.0,5.0,3.0,-6.0,-3.0,-3.0,0.0,0.0,0.0,2.0,1.0,1.0,33.3,33.3,33.3,50.0,17.0,4.0,29.0,5.0,1522.3,1470.8
2015-11-28,2015,Barcelona,Sociedad,4,0,H,O,1.07,13.0,23.0,6,2,6,4,7,3.0,1.0,0.0,2.0,11.0,5.0,6.0,3.0,5.0,-2.0,8.0,0.0,8.0,3.0,1.0,2.0,0.0,2.0,-2.0,100.0,0.0,33.3,50.0,23.0,17.0,20.0,15.0,1571.2,1472.6
2015-11-28,2015,Ath Madrid,Espanol,1,0,H,U,1.22,6.0,15.0,6,0,6,2,7,2.0,1.0,0.0,2.0,4.0,4.0,0.0,2.0,6.0,-4.0,2.0,-2.0,4.0,0.0,1.0,-1.0,0.0,1.0,-1.0,66.7,16.7,33.3,66.7,15.0,8.0,19.0,13.0,1554.2,1488.9
2015-11-27,2015,Levante,Betis,0,1,A,U,2.05,3.4,3.75,1,5,7,4,7,1.0,2.0,1.0,0.0,2.0,4.0,-2.0,5.0,1.0,4.0,-3.0,3.0,-6.0,0.0,1.0,-1.0,1.0,0.0,1.0,16.7,33.3,50.0,16.7,13.0,10.0,27.0,9.0,1468.2,1489.5
2015-11-23,2015,Getafe,Vallecano,1,1,D,U,2.4,3.3,3.0,8,4,5,7,6,2.0,0.0,1.0,3.0,7.0,4.0,3.0,2.0,9.0,-7.0,5.0,-5.0,10.0,2.0,0.0,2.0,1.0,1.0,0.0,60.0,40.0,20.0,80.0,15.0,15.0,12.0,21.0,1466.2,1483.2
2015-11-22,2015,Villarreal,Eibar,1,1,D,U,1.53,4.0,7.0,5,7,12,6,6,2.0,1.0,1.0,1.0,4.0,5.0,-1.0,3.0,5.0,-2.0,1.0,0.0,1.0,0.0,1.0,-1.0,0.0,1.0,-1.0,80.0,20.0,40.0,20.0,10.0,13.0,15.0,11.0,1523.6,1525.6
2015-11-22,2015,Sp Gijon,Levante,0,3,A,O,2.2,3.2,3.5,2,6,5,3,6,1.0,0.0,1.0,3.0,5.0,0.0,5.0,5.0,9.0,-4.0,0.0,-9.0,9.0,0.0,0.0,0.0,0.0,3.0,-3.0,20.0,40.0,0.0,80.0,22.0,13.0,23.0,13.0,1481.5,1457.5
2015-11-22,2015,Granada,Ath Bilbao,2,0,H,U,3.75,3.3,2.1,1,6,2,7,6,0.0,1.0,1.0,0.0,2.0,5.0,-3.0,5.0,3.0,2.0,-3.0,2.0,-5.0,0.0,1.0,-1.0,1.0,0.0,1.0,0.0,60.0,20.0,40.0,11.0,13.0,9.0,17.0,1456.2,1515.0
2015-11-22,2015,Betis,Ath Madrid,0,1,A,U,5.5,3.8,1.67,3,4,2,6,6,0.0,1.0,3.0,1.0,3.0,3.0,0.0,8.0,2.0,6.0,-5.0,1.0,-6.0,0.0,1.0,-1.0,2.0,0.0,2.0,20.0,60.0,60.0,20.0,11.0,10.0,14.0,12.0,1498.2,1545.5
2015-11-21,2015,Valencia,Las Palmas,1,1,D,U,1.44,4.2,7.5,3,7,1,8,6,3.0,0.0,0.0,3.0,7.0,2.0,5.0,0.0,9.0,-9.0,7.0,-7.0,14.0,2.0,0.0,2.0,0.0,2.0,-2.0,60.0,0.0,0.0,80.0,14.0,14.0,22.0,8.0,1518.0,1467.5
2015-11-21,2015,Sociedad,Sevilla,2,0,H,U,2.63,3.3,2.7,7,5,7,5,6,0.0,0.0,2.0,2.0,2.0,2.0,0.0,5.0,5.0,0.0,-3.0,-3.0,0.0,0.0,0.0,0.0,1.0,1.0,0.0,0.0,60.0,0.0,40.0,10.0,11.0,17.0,15.0,1461.3,1506.6
2015-11-21,2015,Real Madrid,Barcelona,0,4,A,O,2.5,3.75,2.8,7,7,10,4,6,2.0,1.0,0.0,2.0,6.0,4.0,2.0,1.0,6.0,-5.0,5.0,-2.0,7.0,2.0,1.0,1.0,0.0,1.0,-1.0,80.0,0.0,60.0,40.0,26.0,22.0,22.0,24.0,1549.4,1561.6
2015-11-21,2015,La Coruna,Celta,2,0,H,U,3.3,3.4,2.2,2,4,2,10,6,1.0,2.0,0.0,0.0,6.0,6.0,0.0,3.0,4.0,-1.0,3.0,2.0,1.0,1.0,0.0,1.0,0.0,0.0,0.0,20.0,20.0,80.0,0.0,11.0,12.0,12.0,15.0,1504.9,1533.1
2015-11-21,2015,Espanol,Malaga,2,0,H,U,2.4,3.2,3.1,3,5,3,8,6,1.0,0.0,1.0,2.0,3.0,0.0,3.0,3.0,4.0,-1.0,0.0,-4.0,4.0,0.0,0.0,0.0,0.0,1.0,-1.0,40.0,40.0,0.0,80.0,18.0,11.0,21.0,19.0,1479.2,1466.0
2015-11-08,2015,Sevilla,Real Madrid,3,2,H,O,3.6,4.0,1.91,5,10,4,6,6,3.0,2.0,0.0,0.0,10.0,6.0,4.0,3.0,3.0,0.0,7.0,3.0,4.0,1.0,1.0,0.0,0.0,0.0,0.0,60.0,40.0,60.0,0.0,26.0,16.0,20.0,16.0,1494.7,1561.2
2015-11-08,2015,Barcelona,Villarreal,3,0,H,O,1.3,5.5,10.0,9,2,7,2,6,3.0,1.0,0.0,1.0,10.0,1.0,9.0,4.0,1.0,3.0,6.0,0.0,6.0,2.0,0.0,2.0,0.0,0.0,0.0,100.0,0.0,40.0,20.0,20.0,5.0,16.0,13.0,1552.1,1533.0
2015-11-08,2015,Ath Madrid,Sp Gijon,1,0,H,U,1.2,6.5,17.0,3,2,5,1,6,2.0,1.0,0.0,2.0,5.0,3.0,2.0,2.0,6.0,-4.0,3.0,-3.0,6.0,1.0,0.0,1.0,0.0,1.0,-1.0,60.0,20.0,40.0,40.0,15.0,4.0,20.0,8.0,1536.9,1490.1
2015-11-08,2015,Ath Bilbao,Espanol,2,1,H,O,1.44,4.5,7.5,2,1,4,5,6,2.0,1.0,1.0,2.0,7.0,3.0,4.0,3.0,7.0,-4.0,4.0,-4.0,8.0,2.0,1.0,1.0,0.0,2.0,-2.0,60.0,40.0,40.0,60.0,18.0,10.0,26.0,13.0,1505.5,1488.8
2015-11-07,2015,Vallecano,Granada,2,1,H,O,1.95,3.5,4.0,2,2,4,1,6,2.0,0.0,1.0,1.0,5.0,4.0,1.0,3.0,5.0,-2.0,2.0,-1.0,3.0,1.0,0.0,1.0,1.0,0.0,1.0,40.0,40.0,20.0,40.0,22.0,15.0,18.0,10.0,1473.4,1466.0
2015-11-07,2015,Malaga,Betis,0,1,A,U,1.95,3.5,4.0,5,2,6,3,6,2.0,2.0,1.0,0.0,5.0,5.0,0.0,2.0,2.0,0.0,3.0,3.0,0.0,2.0,1.0,1.0,0.0,0.0,0.0,40.0,20.0,40.0,20.0,15.0,13.0,13.0,10.0,1475.6,1488.5
2015-11-07,2015,Levante,La Coruna,1,1,D,U,2.6,3.1,2.9,5,5,9,5,6,1.0,1.0,1.0,1.0,3.0,3.0,0.0,6.0,4.0,2.0,-3.0,-1.0,-2.0,0.0,0.0,0.0,1.0,1.0,0.0,20.0,40.0,40.0,20.0,10.0,7.0,22.0,14.0,1456.0,1506.4
2015-11-07,2015,Eibar,Getafe,3,1,H,O,2.1,3.25,3.75,7,4,5,7,6,1.0,0.0,0.0,2.0,3.0,0.0,3.0,2.0,7.0,-5.0,1.0,-7.0,8.0,0.0,0.0,0.0,0.0,2.0,-2.0,40.0,20.0,0.0,80.0,8.0,4.0,8.0,5.0,1516.8,1475.1
2015-11-07,2015,Celta,Valencia,1,5,A,O,1.85,3.75,4.2,3,5,15,5,6,1.0,0.0,1.0,3.0,5.0,2.0,3.0,4.0,6.0,-2.0,1.0,-4.0,5.0,1.0,0.0,1.0,1.0,1.0,0.0,40.0,20.0,20.0,60.0,19.0,9.0,19.0,12.0,1544.2,1506.9
2015-11-06,2015,Las Palmas,Sociedad,2,0,H,U,2.75,3.1,2.75,4,6,0,8,6,1.0,2.0,1.0,1.0,2.0,8.0,-6.0,2.0,3.0,-1.0,0.0,5.0,-5.0,1.0,2.0,-1.0,1.0,1.0,0.0,20.0,40.0,40.0,40.0,10.0,16.0,14.0,10.0,1457.0,1471.7
2015-11-01,2015,Sp Gijon,Malaga,1,0,H,U,2.38,3.2,3.2,6,5,7,5,5,0.0,0.0,2.0,2.0,4.0,0.0,4.0,6.0,4.0,2.0,-2.0,-4.0,2.0,0.0,0.0,0.0,0.0,1.0,-1.0,0.0,50.0,0.0,75.0,24.0,9.0,21.0,21.0,1479.9,1485.8
2015-11-01,2015,Espanol,Granada,1,1,D,U,2.0,3.3,4.0,4,5,5,6,5,1.0,0.0,2.0,2.0,2.0,3.0,-1.0,8.0,5.0,3.0,-6.0,-2.0,-4.0,0.0,0.0,0.0,1.0,0.0,1.0,50.0,50.0,25.0,50.0,17.0,13.0,21.0,5.0,1489.4,1465.3
2015-11-01,2015,Eibar,Vallecano,1,0,H,U,2.2,3.4,3.3,1,2,2,6,5,0.0,1.0,1.0,2.0,2.0,5.0,-3.0,4.0,8.0,-4.0,-2.0,-3.0,1.0,0.0,0.0,0.0,1.0,1.0,0.0,25.0,25.0,25.0,75.0,10.0,19.0,7.0,20.0,1507.5,1482.7
2015-11-01,2015,Betis,Ath Bilbao,1,3,A,O,3.25,3.25,2.3,3,9,7,9,5,1.0,0.0,2.0,1.0,3.0,3.0,0.0,5.0,5.0,0.0,-2.0,-2.0,0.0,0.0,0.0,0.0,1.0,1.0,0.0,25.0,50.0,0.0,50.0,10.0,6.0,9.0,12.0,1498.6,1495.4
2015-10-31,2015,Villarreal,Sevilla,2,1,H,O,2.25,3.4,3.25,5,3,7,5,5,2.0,0.0,1.0,1.0,5.0,2.0,3.0,3.0,4.0,-1.0,2.0,-2.0,4.0,1.0,0.0,1.0,0.0,1.0,-1.0,75.0,25.0,0.0,25.0,12.0,11.0,17.0,14.0,1523.6,1504.2
2015-10-31,2015,Valencia,Levante,3,0,H,O,1.44,4.5,7.5,6,5,5,5,5,2.0,0.0,0.0,3.0,4.0,1.0,3.0,0.0,10.0,-10.0,4.0,-9.0,13.0,1.0,0.0,1.0,0.0,3.0,-3.0,50.0,0.0,0.0,75.0,13.0,12.0,24.0,12.0,1497.8,1465.1
2015-10-31,2015,Sociedad,Celta,2,3,A,O,2.7,3.2,2.75,5,8,8,7,5,0.0,2.0,2.0,0.0,2.0,5.0,-3.0,5.0,3.0,2.0,-3.0,2.0,-5.0,0.0,0.0,0.0,1.0,0.0,1.0,0.0,50.0,75.0,0.0,8.0,9.0,16.0,13.0,1480.1,1535.8
2015-10-31,2015,Real Madrid,Las Palmas,3,1,H,O,1.09,11.0,23.0,11,5,6,3,5,2.0,0.0,0.0,2.0,4.0,4.0,0.0,0.0,9.0,-9.0,4.0,-5.0,9.0,1.0,0.0,1.0,0.0,1.0,-1.0,75.0,0.0,0.0,75.0,25.0,14.0,26.0,7.0,1553.8,1464.5
2015-10-31,2015,Getafe,Barcelona,0,2,A,U,10.0,5.75,1.29,0,6,3,5,5,3.0,1.0,0.0,2.0,8.0,4.0,4.0,0.0,7.0,-7.0,8.0,-3.0,11.0,2.0,0.0,2.0,0.0,1.0,-1.0,75.0,25.0,50.0,50.0,19.0,21.0,13.0,29.0,1483.3,1543.8
2015-10-30,2015,La Coruna,Ath Madrid,1,1,D,U,5.5,3.4,1.7,3,3,1,5,5,1.0,2.0,1.0,1.0,7.0,4.0,3.0,5.0,1.0,4.0,2.0,3.0,-1.0,1.0,2.0,-1.0,0.0,0.0,0.0,25.0,25.0,75.0,25.0,17.0,13.0,19.0,11.0,1505.4,1537.8
2015-10-26,2015,Ath Bilbao,Sp Gijon,3,0,H,O,1.53,4.0,7.0,6,0,9,3,5,2.0,2.0,1.0,1.0,7.0,6.0,1.0,4.0,5.0,-1.0,3.0,1.0,2.0,2.0,0.0,2.0,0.0,0.0,0.0,50.0,50.0,50.0,25.0,18.0,8.0,29.0,8.0,1485.2,1490.1
2015-10-25,2015,Levante,Sociedad,0,4,A,O,2.63,3.2,2.8,3,6,10,3,5,1.0,1.0,0.0,2.0,4.0,4.0,0.0,3.0,4.0,-1.0,1.0,0.0,1.0,0.0,1.0,-1.0,0.0,1.0,-1.0,25.0,25.0,25.0,50.0,11.0,13.0,17.0,11.0,1475.3,1470.0
2015-10-25,2015,Las Palmas,Villarreal,0,0,D,U,3.5,3.25,2.2,2,0,6,6,5,1.0,2.0,2.0,1.0,2.0,4.0,-2.0,3.0,2.0,1.0,-1.0,2.0,-3.0,1.0,1.0,0.0,1.0,0.0,1.0,25.0,50.0,50.0,25.0,10.0,10.0,11.0,13.0,1462.7,1525.4
2015-10-25,2015,Barcelona,Eibar,3,1,H,O,1.11,10.0,19.0,5,5,6,2,5,3.0,1.0,0.0,0.0,11.0,4.0,7.0,4.0,2.0,2.0,7.0,2.0,5.0,2.0,1.0,1.0,0.0,0.0,0.0,100.0,0.0,50.0,0.0,23.0,8.0,14.0,12.0,1534.3,1517.0
2015-10-25,2015,Ath Madrid,Valencia,2,1,H,O,1.57,3.8,6.5,8,1,9,2,5,1.0,1.0,1.0,2.0,4.0,2.0,2.0,3.0,4.0,-1.0,1.0,-2.0,3.0,1.0,0.0,1.0,0.0,1.0,-1.0,50.0,25.0,25.0,50.0,10.0,11.0,12.0,16.0,1528.4,1507.2
2015-10-24,2015,Sevilla,Getafe,5,0,H,O,1.44,4.33,8.0,13,0,7,3,5,2.0,0.0,1.0,2.0,6.0,1.0,5.0,5.0,5.0,0.0,1.0,-4.0,5.0,0.0,0.0,0.0,0.0,2.0,-2.0,50.0,50.0,0.0,75.0,18.0,7.0,18.0,7.0,1494.2,1493.3
2015-10-24,2015,Malaga,La Coruna,2,0,H,U,2.25,3.25,3.4,4,1,3,5,5,1.0,2.0,1.0,0.0,3.0,6.0,-3.0,2.0,3.0,-1.0,1.0,3.0,-2.0,1.0,1.0,0.0,0.0,0.0,0.0,25.0,25.0,50.0,0.0,15.0,14.0,17.0,13.0,1474.6,1516.6
2015-10-24,2015,Granada,Betis,1,1,D,U,2.3,3.25,3.25,7,2,3,3,5,0.0,2.0,2.0,0.0,2.0,4.0,-2.0,7.0,1.0,6.0,-5.0,3.0,-8.0,0.0,1.0,-1.0,2.0,0.0,2.0,0.0,75.0,50.0,25.0,6.0,12.0,14.0,8.0,1464.3,1499.6
2015-10-24,2015,Celta,Real Madrid,1,3,A,O,3.8,3.8,1.91,7,8,5,7,5,1.0,2.0,0.0,0.0,7.0,9.0,-2.0,4.0,2.0,2.0,3.0,7.0,-4.0,1.0,1.0,0.0,0.0,0.0,0.0,50.0,0.0,50.0,0.0,24.0,16.0,21.0,15.0,1545.9,1543.7
2015-10-23,2015,Vallecano,Espanol,3,0,H,O,2.2,3.4,3.2,7,3,6,5,5,1.0,2.0,2.0,1.0,3.0,6.0,-3.0,6.0,6.0,0.0,-3.0,0.0,-3.0,0.0,1.0,-1.0,2.0,1.0,1.0,25.0,50.0,50.0,50.0,17.0,13.0,17.0,14.0,1471.9,1500.3
2015-10-19,2015,Sp Gijon,Granada,3,3,D,O,2.0,3.2,4.2,6,7,6,1,4,0.0,1.0,2.0,2.0,1.0,2.0,-1.0,3.0,3.0,0.0,-2.0,-1.0,-1.0,0.0,0.0,0.0,0.0,0.0,0.0,0.0,66.7,33.3,66.7,18.0,10.0,17.0,10.0,1490.9,1463.5
2015-10-18,2015,Villarreal,Celta,1,2,A,O,2.0,3.5,3.75,3,2,7,4,4,3.0,2.0,0.0,0.0,7.0,5.0,2.0,2.0,3.0,-1.0,5.0,2.0,3.0,2.0,0.0,2.0,0.0,0.0,0.0,100.0,0.0,66.7,0.0,13.0,13.0,12.0,15.0,1535.3,1535.9
2015-10-18,2015,Sociedad,Ath Madrid,0,2,A,U,4.0,3.2,2.05,1,3,5,2,4,0.0,2.0,1.0,1.0,2.0,5.0,-3.0,3.0,1.0,2.0,-1.0,4.0,-5.0,0.0,2.0,-2.0,0.0,0.0,0.0,0.0,33.3,66.7,33.3,8.0,17.0,17.0,10.0,1478.8,1519.6
2015-10-18,2015,La Coruna,Ath Bilbao,2,2,D,O,2.7,3.1,2.8,3,2,4,6,4,1.0,0.0,1.0,2.0,5.0,1.0,4.0,3.0,5.0,-2.0,2.0,-4.0,6.0,1.0,0.0,1.0,0.0,2.0,-2.0,33.3,33.3,0.0,66.7,19.0,5.0,20.0,10.0,1517.6,1484.3
2015-10-18,2015,Getafe,Las Palmas,4,0,H,O,2.15,3.2,3.6,7,3,5,1,4,2.0,0.0,1.0,2.0,5.0,4.0,1.0,2.0,6.0,-4.0,3.0,-2.0,5.0,1.0,0.0,1.0,0.0,0.0,0.0,66.7,33.3,0.0,66.7,16.0,12.0,14.0,10.0,1483.6,1472.4
2015-10-17,2015,Valencia,Malaga,3,0,H,O,1.62,3.75,6.0,3,3,6,8,4,1.0,0.0,0.0,2.0,2.0,0.0,2.0,1.0,2.0,-1.0,1.0,-2.0,3.0,0.0,0.0,0.0,0.0,0.0,0.0,33.3,0.0,0.0,66.7,15.0,7.0,23.0,15.0,1497.6,1484.2
2015-10-17,2015,Real Madrid,Levante,3,0,H,O,1.08,12.0,23.0,6,5,4,4,4,2.0,0.0,0.0,2.0,6.0,1.0,5.0,0.0,7.0,-7.0,6.0,-6.0,12.0,1.0,0.0,1.0,0.0,2.0,-2.0,66.7,0.0,0.0,66.7,30.0,9.0,33.0,8.0,1535.2,1483.8
2015-10-17,2015,Eibar,Sevilla,1,1,D,U,3.6,3.4,2.1,4,5,2,5,4,1.0,0.0,1.0,1.0,3.0,1.0,2.0,3.0,3.0,0.0,0.0,-2.0,2.0,1.0,0.0,1.0,1.0,1.0,0.0,33.3,33.3,0.0,33.3,14.0,8.0,16.0,11.0,1517.7,1493.5
2015-10-17,2015,Betis,Espanol,1,3,A,O,2.0,3.3,4.0,6,4,4,3,4,1.0,1.0,1.0,2.0,3.0,4.0,-1.0,3.0,8.0,-5.0,0.0,-4.0,4.0,0.0,0.0,0.0,0.0,2.0,-2.0,33.3,33.3,33.3,66.7,10.0,11.0,12.0,14.0,1510.2,1489.7
2015-10-17,2015,Barcelona,Vallecano,5,2,H,O,1.14,9.0,15.0,9,8,7,10,4,3.0,1.0,0.0,2.0,7.0,3.0,4.0,2.0,6.0,-4.0,5.0,-3.0,8.0,1.0,0.0,1.0,0.0,1.0,-1.0,100.0,0.0,33.3,66.7,27.0,11.0,22.0,14.0,1525.6,1480.6
2015-10-04,2015,Vallecano,Betis,0,2,A,U,2.2,3.5,3.2,9,6,8,3,4,1.0,1.0,1.0,1.0,3.0,2.0,1.0,4.0,6.0,-2.0,-1.0,-4.0,3.0,0.0,0.0,0.0,1.0,1.0,0.0,33.3,33.3,33.3,33.3,11.0,7.0,12.0,9.0,1490.3,1500.5
2015-10-04,2015,Levante,Villarreal,1,0,H,U,4.33,3.4,1.91,5,2,8,2,4,0.0,2.0,1.0,0.0,4.0,5.0,-1.0,5.0,2.0,3.0,-1.0,3.0,-4.0,0.0,1.0,-1.0,0.0,0.0,0.0,0.0,33.3,66.7,0.0,8.0,12.0,13.0,16.0,1471.6,1547.5
2015-10-04,2015,Ath Madrid,Real Madrid,1,1,D,U,3.2,3.3,2.3,4,2,5,1,4,2.0,2.0,1.0,0.0,4.0,8.0,-4.0,2.0,1.0,1.0,2.0,7.0,-5.0,1.0,1.0,0.0,0.0,0.0,0.0,66.7,33.3,66.7,0.0,9.0,22.0,11.0,19.0,1519.1,1535.6
2015-10-04,2015,Ath Bilbao,Valencia,3,1,H,O,2.3,3.3,3.2,7,4,11,4,4,1.0,1.0,2.0,1.0,4.0,1.0,3.0,4.0,1.0,3.0,0.0,0.0,0.0,1.0,0.0,1.0,0.0,0.0,0.0,33.3,66.7,33.3,33.3,13.0,11.0,20.0,15.0,1473.2,1508.6
2015-10-03,2015,Sevilla,Barcelona,2,1,H,O,4.0,3.6,1.91,5,9,7,9,4,1.0,2.0,2.0,1.0,4.0,4.0,0.0,7.0,5.0,2.0,-3.0,-1.0,-2.0,0.0,0.0,0.0,1.0,1.0,0.0,33.3,66.7,66.7,33.3,20.0,16.0,22.0,24.0,1481.9,1537.2
2015-10-03,2015,Malaga,Sociedad,3,1,H,O,2.38,3.1,3.3,7,5,2,4,4,0.0,1.0,1.0,1.0,0.0,3.0,-3.0,1.0,1.0,0.0,-1.0,2.0,-3.0,0.0,1.0,-1.0,0.0,0.0,0.0,0.0,33.3,33.3,33.3,13.0,10.0,22.0,11.0,1473.8,1489.3
2015-10-03,2015,Las Palmas,Eibar,0,2,A,U,2.1,3.3,3.75,4,4,3,2,4,1.0,1.0,1.0,0.0,2.0,5.0,-3.0,1.0,3.0,-2.0,1.0,2.0,-1.0,1.0,1.0,0.0,0.0,0.0,0.0,33.3,33.3,33.3,0.0,8.0,8.0,11.0,15.0,1481.7,1508.4
2015-10-03,2015,Granada,La Coruna,1,1,D,U,2.6,3.2,2.8,3,3,2,5,4,0.0,2.0,3.0,0.0,2.0,6.0,-4.0,9.0,3.0,6.0,-7.0,3.0,-10.0,0.0,1.0,-1.0,3.0,0.0,3.0,0.0,100.0,66.7,0.0,9.0,14.0,18.0,15.0,1461.9,1519.2
2015-10-03,2015,Espanol,Sp Gijon,1,2,A,O,2.0,3.3,4.0,9,2,9,1,4,2.0,1.0,1.0,1.0,2.0,4.0,-2.0,6.0,4.0,2.0,-4.0,0.0,-4.0,0.0,0.0,0.0,1.0,0.0,1.0,66.7,33.3,33.3,33.3,10.0,8.0,17.0,11.0,1500.2,1480.3
2015-10-02,2015,Celta,Getafe,0,0,D,U,1.44,4.5,7.5,7,2,9,1,4,2.0,0.0,0.0,3.0,10.0,1.0,9.0,4.0,6.0,-2.0,6.0,-5.0,11.0,2.0,0.0,2.0,0.0,2.0,-2.0,66.7,0.0,0.0,100.0,24.0,8.0,17.0,12.0,1537.5,1482.0
2015-09-27,2015,Sp Gijon,Betis,1,2,A,O,2.3,3.2,3.3,10,5,10,4,3,,,,,,,,,,,,,,,,,,,,0.0,50.0,0.0,50.0,,,,,1490.3,1490.5
2015-09-27,2015,Sociedad,Ath Bilbao,0,0,D,U,2.4,3.2,3.0,4,2,4,2,3,,,,,,,,,,,,,,,,,,,,0.0,50.0,0.0,100.0,,,,,1489.8,1472.8
2015-09-27,2015,La Coruna,Espanol,3,0,H,O,2.1,3.3,3.75,5,3,7,5,3,,,,,,,,,,,,,,,,,,,,0.0,50.0,50.0,50.0,,,,,1509.2,1510.3
2015-09-27,2015,Getafe,Levante,3,0,H,O,1.95,3.3,4.2,8,3,4,4,3,,,,,,,,,,,,,,,,,,,,50.0,50.0,0.0,50.0,,,,,1471.8,1481.9
2015-09-26,2015,Villarreal,Ath Madrid,1,0,H,U,2.9,3.1,2.6,2,4,1,5,3,,,,,,,,,,,,,,,,,,,,100.0,0.0,100.0,0.0,,,,,1537.8,1528.8
2015-09-26,2015,Sevilla,Vallecano,3,2,H,O,1.44,4.75,7.0,8,5,6,5,3,,,,,,,,,,,,,,,,,,,,0.0,100.0,50.0,50.0,,,,,1471.1,1501.1
2015-09-26,2015,Real Madrid,Malaga,0,0,D,U,1.11,10.0,21.0,9,3,12,6,3,,,,,,,,,,,,,,,,,,,,100.0,0.0,0.0,100.0,,,,,1537.5,1471.9
2015-09-26,2015,Eibar,Celta,1,1,D,U,3.75,3.4,2.05,3,2,4,4,3,,,,,,,,,,,,,,,,,,,,50.0,50.0,100.0,0.0,,,,,1507.6,1538.3
2015-09-26,2015,Barcelona,Las Palmas,2,1,H,O,1.08,11.0,26.0,6,6,3,4,3,,,,,,,,,,,,,,,,,,,,100.0,0.0,0.0,50.0,,,,,1528.3,1490.6
2015-09-25,2015,Valencia,Granada,1,0,H,U,1.45,4.5,7.5,5,3,11,3,3,,,,,,,,,,,,,,,,,,,,0.0,0.0,50.0,50.0,,,,,1499.4,1471.1
2015-09-24,2015,Betis,La Coruna,1,2,A,O,2.25,3.3,3.3,2,3,3,4,3,,,,,,,,,,,,,,,,,,,,50.0,0.0,50.0,0.0,,,,,1500.6,1499.2
2015-09-23,2015,Vallecano,Sp Gijon,2,1,H,O,2.25,3.4,3.2,6,2,4,4,3,,,,,,,,,,,,,,,,,,,,0.0,50.0,50.0,0.0,,,,,1490.9,1500.6
2015-09-23,2015,Malaga,Villarreal,0,1,A,U,2.63,3.3,2.75,4,3,8,5,3,,,,,,,,,,,,,,,,,,,,0.0,0.0,50.0,0.0,,,,,1480.5,1529.1
2015-09-23,2015,Levante,Eibar,2,2,D,O,2.38,3.1,3.25,2,4,4,7,3,,,,,,,,,,,,,,,,,,,,0.0,50.0,50.0,0.0,,,,,1481.1,1508.3
2015-09-23,2015,Las Palmas,Sevilla,2,0,H,U,3.3,3.4,2.2,4,3,5,5,3,,,,,,,,,,,,,,,,,,,,0.0,50.0,0.0,0.0,,,,,1480.6,1481.1
2015-09-23,2015,Celta,Barcelona,4,1,H,O,6.5,4.5,1.5,5,7,5,10,3,,,,,,,,,,,,,,,,,,,,50.0,0.0,100.0,0.0,,,,,1528.0,1538.6
2015-09-23,2015,Ath Bilbao,Real Madrid,1,2,A,O,5.25,4.2,1.62,5,6,6,8,3,,,,,,,,,,,,,,,,,,,,50.0,50.0,50.0,0.0,,,,,1481.4,1528.9
2015-09-22,2015,Granada,Sociedad,0,3,A,O,2.4,3.1,3.2,1,5,4,3,3,,,,,,,,,,,,,,,,,,,,0.0,100.0,0.0,50.0,,,,,1481.1,1479.7
2015-09-22,2015,Espanol,Valencia,1,0,H,U,3.25,3.25,2.3,5,4,7,6,3,,,,,,,,,,,,,,,,,,,,50.0,50.0,50.0,0.0,,,,,1500.0,1509.7
2015-09-22,2015,Ath Madrid,Getafe,2,0,H,U,1.25,5.5,15.0,3,2,6,1,3,,,,,,,,,,,,,,,,,,,,50.0,50.0,0.0,100.0,,,,,1520.0,1480.6
2015-09-20,2015,Villarreal,Ath Bilbao,3,1,H,O,2.0,3.5,3.75,7,2,9,4,2,,,,,,,,,,,,,,,,,,,,100.0,0.0,0.0,100.0,,,,,1520.0,1490.6
2015-09-20,2015,Sevilla,Celta,1,2,A,O,1.8,3.75,4.33,5,5,5,5,2,,,,,,,,,,,,,,,,,,,,0.0,100.0,100.0,0.0,,,,,1490.3,1518.9
2015-09-20,2015,Las Palmas,Vallecano,0,1,A,U,1.91,3.5,4.0,2,6,3,5,2,,,,,,,,,,,,,,,,,,,,0.0,0.0,0.0,100.0,,,,,1490.9,1480.6
2015-09-20,2015,La Coruna,Sp Gijon,2,3,A,O,2.05,3.1,4.2,9,4,8,3,2,,,,,,,,,,,,,,,,,,,,0.0,0.0,0.0,0.0,,,,,1509.7,1490.0
2015-09-20,2015,Barcelona,Levante,4,1,H,O,1.06,12.0,29.0,8,4,4,4,2,,,,,,,,,,,,,,,,,,,,100.0,0.0,0.0,0.0,,,,,1529.7,1490.0
2015-09-19,2015,Valencia,Betis,0,0,D,U,1.5,4.33,6.5,5,1,7,1,2,,,,,,,,,,,,,,,,,,,,0.0,0.0,0.0,100.0,,,,,1510.0,1500.3
2015-09-19,2015,Sociedad,Espanol,2,3,A,O,2.0,3.4,4.0,3,6,7,6,2,,,,,,,,,,,,,,,,,,,,0.0,0.0,0.0,100.0,,,,,1489.7,1490.0
2015-09-19,2015,Real Madrid,Granada,1,0,H,U,1.06,15.0,26.0,10,3,10,1,2,,,,,,,,,,,,,,,,,,,,100.0,0.0,100.0,0.0,,,,,1519.7,1490.3
2015-09-19,2015,Eibar,Ath Madrid,0,2,A,U,7.0,3.75,1.57,3,6,1,4,2,,,,,,,,,,,,,,,,,,,,100.0,0.0,100.0,0.0,,,,,1518.6,1509.7
2015-09-18,2015,Getafe,Malaga,1,0,H,U,2.6,3.1,2.9,4,3,4,7,2,,,,,,,,,,,,,,,,,,,,0.0,100.0,0.0,100.0,,,,,1470.0,1491.1
2015-09-14,2015,Vallecano,La Coruna,1,3,A,O,2.1,3.5,3.5,2,8,5,4,2,,,,,,,,,,,,,,,,,,,,0.0,0.0,0.0,0.0,,,,,1490.3,1500.0
2015-09-13,2015,Malaga,Eibar,0,0,D,U,1.75,3.5,5.25,4,0,7,3,2,,,,,,,,,,,,,,,,,,,,0.0,0.0,100.0,0.0,,,,,1490.3,1519.4
2015-09-13,2015,Granada,Villarreal,1,3,A,O,3.5,3.1,2.25,2,5,8,6,2,,,,,,,,,,,,,,,,,,,,0.0,100.0,0.0,0.0,,,,,1500.0,1510.3
2015-09-13,2015,Celta,Las Palmas,3,3,D,O,1.5,4.2,7.0,12,5,7,2,2,,,,,,,,,,,,,,,,,,,,100.0,0.0,0.0,100.0,,,,,1519.7,1490.0
2015-09-13,2015,Ath Bilbao,Getafe,3,1,H,O,1.57,3.75,7.0,6,3,12,5,2,,,,,,,,,,,,,,,,,,,,0.0,100.0,0.0,100.0,,,,,1480.6,1480.0
2015-09-12,2015,Sp Gijon,Valencia,0,1,A,U,3.4,3.2,2.25,8,3,5,6,2,,,,,,,,,,,,,,,,,,,,0.0,0.0,0.0,0.0,,,,,1500.0,1500.0
2015-09-12,2015,Espanol,Real Madrid,0,6,A,O,10.0,5.0,1.33,3,8,5,6,2,,,,,,,,,,,,,,,,,,,,100.0,0.0,0.0,0.0,,,,,1499.7,1510.0
2015-09-12,2015,Betis,Sociedad,1,0,H,U,2.3,3.3,3.2,2,3,2,4,2,,,,,,,,,,,,,,,,,,,,0.0,0.0,0.0,0.0,,,,,1490.0,1500.0
2015-09-12,2015,Ath Madrid,Barcelona,1,2,A,O,3.3,3.2,2.3,3,5,1,10,2,,,,,,,,,,,,,,,,,,,,100.0,0.0,100.0,0.0,,,,,1519.7,1519.7
2015-09-11,2015,Levante,Sevilla,1,1,D,U,4.75,3.75,1.75,4,3,5,4,2,,,,,,,,,,,,,,,,,,,,0.0,100.0,0.0,0.0,,,,,1490.0,1490.3
2015-08-30,2015,Valencia,La Coruna,1,1,D,U,1.44,4.33,8.0,5,3,5,7,1,,,,,,,,,,,,,,,,,,,,,,,,,,,,1500.0,1500.0
2015-08-30,2015,Sevilla,Ath Madrid,0,3,A,O,2.8,3.2,2.63,7,7,11,1,1,,,,,,,,,,,,,,,,,,,,,,,,,,,,1500.0,1510.0
2015-08-30,2015,Las Palmas,Levante,0,0,D,U,1.91,3.3,4.5,2,2,3,0,1,,,,,,,,,,,,,,,,,,,,,,,,,,,,1490.0,1490.0
2015-08-30,2015,Getafe,Granada,1,2,A,O,2.05,3.2,4.0,4,4,6,6,1,,,,,,,,,,,,,,,,,,,,,,,,,,,,1490.0,1490.0
2015-08-30,2015,Eibar,Ath Bilbao,2,0,H,U,4.0,3.1,2.1,8,1,11,4,1,,,,,,,,,,,,,,,,,,,,,,,,,,,,1510.0,1490.0
2015-08-29,2015,Sociedad,Sp Gijon,0,0,D,U,1.85,3.5,4.5,1,2,6,4,1,,,,,,,,,,,,,,,,,,,,,,,,,,,,1500.0,1500.0
2015-08-29,2015,Real Madrid,Betis,5,0,H,O,1.1,10.0,26.0,11,1,11,4,1,,,,,,,,,,,,,,,,,,,,,,,,,,,,1500.0,1500.0
2015-08-29,2015,Celta,Vallecano,3,0,H,O,1.53,4.33,6.0,7,0,5,4,1,,,,,,,,,,,,,,,,,,,,,,,,,,,,1510.0,1500.0
2015-08-29,2015,Barcelona,Malaga,1,0,H,U,1.1,10.0,26.0,13,1,15,2,1,,,,,,,,,,,,,,,,,,,,,,,,,,,,1510.0,1500.0
2015-08-28,2015,Villarreal,Espanol,3,1,H,O,1.57,3.8,6.5,4,2,2,3,1,,,,,,,,,,,,,,,,,,,,,,,,,,,,1500.0,1510.0
2015-08-24,2015,Granada,Eibar,1,3,A,O,1.91,3.3,4.5,6,4,6,5,1,,,,,,,,,,,,,,,,,,,,,,,,,,,,1500.0,1500.0
2015-08-23,2015,Sp Gijon,Real Madrid,0,0,D,U,13.0,6.5,1.22,0,8,2,5,1,,,,,,,,,,,,,,,,,,,,,,,,,,,,1500.0,1500.0
2015-08-23,2015,Levante,Celta,1,2,A,O,3.6,3.3,2.15,2,6,4,6,1,,,,,,,,,,,,,,,,,,,,,,,,,,,,1500.0,1500.0
2015-08-23,2015,Betis,Villarreal,1,1,D,U,2.8,3.25,2.6,6,4,7,5,1,,,,,,,,,,,,,,,,,,,,,,,,,,,,1500.0,1500.0
2015-08-23,2015,Ath Bilbao,Barcelona,0,1,A,U,6.5,4.33,1.5,2,4,2,4,1,,,,,,,,,,,,,,,,,,,,,,,,,,,,1500.0,1500.0
2015-08-22,2015,Vallecano,Valencia,0,0,D,U,3.6,3.5,2.05,3,4,3,3,1,,,,,,,,,,,,,,,,,,,,,,,,,,,,1500.0,1500.0
2015-08-22,2015,La Coruna,Sociedad,0,0,D,U,2.5,3.2,3.0,5,2,5,4,1,,,,,,,,,,,,,,,,,,,,,,,,,,,,1500.0,1500.0
2015-08-22,2015,Espanol,Getafe,1,0,H,U,1.91,3.4,4.33,2,3,5,6,1,,,,,,,,,,,,,,,,,,,,,,,,,,,,1500.0,1500.0
2015-08-22,2015,Ath Madrid,Las Palmas,1,0,H,U,1.2,6.5,15.0,3,1,4,4,1,,,,,,,,,,,,,,,,,,,,,,,,,,,,1500.0,1500.0
2015-08-21,2015,Malaga,Sevilla,0,0,D,U,3.4,3.4,2.15,5,2,7,2,1,,,,,,,,,,,,,,,,,,,,,,,,,,,,1500.0,1500.0
