Date,Season,Home,Away,HG,AG,Result,Result-U/O,1,X,2,HST,AST,HC,AC,Week,HW,AW,HL,AL,HGF,AGF,HAGF,HGA,AGA,HAGA,HGD,AGD,HAGD,HWGD,AWGD,HAWGD,HLGD,ALGD,HALGD,HW%,HL%,AW%,AL%,HSTF,ASTF,HCF,ACF,HElo,AElo
2026-05-16,2025,Werder Bremen,Dortmund,0,2,A,U,3.3,3.97,1.93,3.0,9.0,4.0,5.0,17,1.0,1.0,2.0,2.0,5.0,3.0,2.0,6.0,3.0,3.0,-1.0,0.0,-1.0,1.0,1.0,0.0,1.0,0.0,1.0,31.2,43.8,50.0,18.8,19.0,7.0,16.0,6.0,1487.4,1697.5
2026-05-16,2025,Union Berlin,Augsburg,4,0,H,O,2.57,3.77,2.39,9.0,1.0,4.0,9.0,17,0.0,2.0,1.0,0.0,4.0,6.0,-2.0,5.0,3.0,2.0,-1.0,3.0,-4.0,0.0,1.0,-1.0,0.0,0.0,0.0,25.0,31.2,31.2,56.2,18.0,15.0,20.0,8.0,1489.4,1541.1
2026-05-16,2025,St Pauli,Wolfsburg,1,3,A,O,2.78,3.63,2.28,2.0,10.0,8.0,9.0,17,0.0,1.0,2.0,1.0,2.0,6.0,-4.0,8.0,8.0,0.0,-6.0,-2.0,-4.0,0.0,0.0,0.0,1.0,1.0,0.0,25.0,43.8,25.0,50.0,12.0,13.0,18.0,13.0,1433.4,1451.4
2026-05-16,2025,M'gladbach,Hoffenheim,4,0,H,O,4.1,4.4,1.67,6.0,3.0,2.0,9.0,17,1.0,1.0,0.0,1.0,4.0,4.0,0.0,3.0,8.0,-5.0,1.0,-4.0,5.0,0.0,0.0,0.0,0.0,1.0,-1.0,31.2,31.2,50.0,18.8,15.0,12.0,3.0,16.0,1498.8,1592.3
2026-05-16,2025,Leverkusen,Hamburg,1,1,D,U,1.25,6.29,8.83,9.0,6.0,8.0,3.0,17,2.0,1.0,1.0,2.0,11.0,3.0,8.0,6.0,8.0,-2.0,5.0,-5.0,10.0,2.0,0.0,2.0,0.0,2.0,-2.0,56.2,25.0,18.8,56.2,29.0,12.0,30.0,9.0,1683.7,1474.8
2026-05-16,2025,Heidenheim,Mainz,0,2,A,U,1.88,4.14,3.35,5.0,9.0,6.0,3.0,17,2.0,2.0,0.0,0.0,8.0,5.0,3.0,4.0,3.0,1.0,4.0,2.0,2.0,2.0,0.0,2.0,0.0,0.0,0.0,25.0,43.8,31.2,37.5,13.0,18.0,11.0,16.0,1444.2,1544.1
2026-05-16,2025,Freiburg,RB Leipzig,4,1,H,O,2.65,3.88,2.28,5.0,6.0,1.0,2.0,17,1.0,2.0,1.0,1.0,5.0,6.0,-1.0,5.0,6.0,-1.0,0.0,0.0,0.0,0.0,1.0,-1.0,0.0,1.0,-1.0,50.0,18.8,50.0,31.2,11.0,15.0,11.0,9.0,1553.7,1658.7
2026-05-16,2025,Ein Frankfurt,Stuttgart,2,2,D,O,3.35,4.22,1.86,7.0,7.0,6.0,6.0,17,0.0,1.0,2.0,1.0,4.0,10.0,-6.0,7.0,9.0,-2.0,-3.0,1.0,-4.0,0.0,1.0,-1.0,1.0,1.0,0.0,43.8,37.5,37.5,37.5,17.0,20.0,21.0,13.0,1557.5,1640.0
2026-05-16,2025,Bayern Munich,FC Koln,5,1,H,O,1.14,8.71,12.84,7.0,2.0,5.0,5.0,17,2.0,0.0,0.0,0.0,11.0,5.0,6.0,5.0,5.0,0.0,6.0,0.0,6.0,2.0,0.0,2.0,0.0,0.0,0.0,81.2,6.2,12.5,43.8,25.0,14.0,36.0,10.0,1824.1,1455.7
2026-05-10,2025,Mainz,Union Berlin,1,3,A,O,1.74,3.81,4.24,3.0,9.0,7.0,8.0,17,1.0,0.0,2.0,3.0,5.0,2.0,3.0,6.0,10.0,-4.0,-1.0,-8.0,7.0,0.0,0.0,0.0,0.0,3.0,-3.0,25.0,43.8,25.0,62.5,16.0,5.0,15.0,10.0,1556.3,1477.2
2026-05-10,2025,Hamburg,Freiburg,3,2,H,O,2.74,3.57,2.35,5.0,3.0,2.0,4.0,17,0.0,2.0,1.0,1.0,3.0,3.0,0.0,4.0,5.0,-1.0,-1.0,-2.0,1.0,0.0,0.0,0.0,0.0,1.0,-1.0,31.2,31.2,25.0,56.2,9.0,13.0,14.0,6.0,1461.9,1566.6
2026-05-10,2025,FC Koln,Heidenheim,1,3,A,O,1.88,3.93,3.48,7.0,5.0,6.0,4.0,17,1.0,0.0,1.0,1.0,7.0,6.0,1.0,6.0,7.0,-1.0,1.0,-1.0,2.0,1.0,0.0,1.0,0.0,0.0,0.0,31.2,43.8,6.2,75.0,23.0,14.0,15.0,12.0,1466.7,1433.2
2026-05-09,2025,Wolfsburg,Bayern Munich,0,1,A,U,4.28,4.48,1.62,5.0,9.0,6.0,3.0,17,0.0,3.0,2.0,0.0,1.0,12.0,-11.0,3.0,5.0,-2.0,-2.0,7.0,-9.0,0.0,1.0,-1.0,0.0,0.0,0.0,12.5,62.5,81.2,0.0,15.0,23.0,23.0,16.0,1453.5,1821.9
2026-05-09,2025,Stuttgart,Leverkusen,3,1,H,O,2.13,3.96,2.82,9.0,5.0,7.0,6.0,17,1.0,2.0,1.0,0.0,5.0,6.0,-1.0,3.0,4.0,-1.0,2.0,2.0,0.0,1.0,0.0,1.0,1.0,0.0,1.0,68.8,12.5,50.0,25.0,18.0,12.0,27.0,15.0,1628.1,1695.6
2026-05-09,2025,RB Leipzig,St Pauli,2,1,H,O,1.3,5.39,8.8,5.0,3.0,3.0,5.0,17,3.0,0.0,0.0,2.0,9.0,1.0,8.0,1.0,5.0,-4.0,8.0,-4.0,12.0,2.0,0.0,2.0,0.0,2.0,-2.0,68.8,18.8,12.5,68.8,30.0,5.0,22.0,10.0,1654.3,1437.8
2026-05-09,2025,Hoffenheim,Werder Bremen,1,0,H,U,1.44,4.91,5.7,4.0,2.0,8.0,3.0,17,1.0,1.0,1.0,1.0,6.0,3.0,3.0,6.0,4.0,2.0,0.0,-1.0,1.0,0.0,0.0,0.0,0.0,1.0,-1.0,56.2,31.2,18.8,56.2,18.0,8.0,15.0,11.0,1584.9,1494.8
2026-05-09,2025,Augsburg,M'gladbach,3,1,H,O,2.06,3.66,3.2,10.0,4.0,2.0,2.0,17,0.0,0.0,1.0,1.0,5.0,3.0,2.0,8.0,4.0,4.0,-3.0,-1.0,-2.0,0.0,0.0,0.0,1.0,0.0,1.0,37.5,31.2,18.8,50.0,18.0,8.0,15.0,12.0,1531.7,1508.1
2026-05-08,2025,Dortmund,Ein Frankfurt,3,2,H,O,1.64,4.38,4.43,8.0,4.0,6.0,2.0,17,2.0,1.0,1.0,1.0,7.0,4.0,3.0,3.0,4.0,-1.0,4.0,0.0,4.0,1.0,0.0,1.0,0.0,0.0,0.0,75.0,12.5,25.0,31.2,14.0,15.0,21.0,17.0,1691.0,1564.0
2026-05-03,2025,St Pauli,Mainz,1,2,A,O,2.7,3.22,2.55,3.0,6.0,7.0,7.0,16,0.0,2.0,2.0,0.0,2.0,5.0,-3.0,8.0,2.0,6.0,-6.0,3.0,-9.0,0.0,1.0,-1.0,1.0,0.0,1.0,26.7,40.0,26.7,40.0,14.0,14.0,14.0,13.0,1444.9,1549.2
2026-05-03,2025,M'gladbach,Dortmund,1,0,H,U,3.59,3.79,1.89,4.0,1.0,1.0,1.0,16,1.0,2.0,0.0,1.0,5.0,5.0,0.0,3.0,3.0,0.0,2.0,2.0,0.0,1.0,1.0,0.0,0.0,0.0,0.0,26.7,33.3,53.3,13.3,15.0,11.0,4.0,9.0,1492.6,1706.5
2026-05-03,2025,Freiburg,Wolfsburg,1,1,D,U,2.43,3.51,2.67,3.0,4.0,1.0,7.0,16,1.0,1.0,2.0,1.0,4.0,6.0,-2.0,5.0,8.0,-3.0,-1.0,-2.0,1.0,0.0,0.0,0.0,0.0,1.0,-1.0,53.3,20.0,26.7,53.3,14.0,11.0,16.0,10.0,1570.0,1450.2
2026-05-02,2025,Werder Bremen,Augsburg,1,3,A,O,1.92,3.76,3.5,4.0,7.0,8.0,2.0,16,1.0,1.0,2.0,1.0,4.0,3.0,1.0,5.0,4.0,1.0,-1.0,-1.0,0.0,1.0,0.0,1.0,1.0,1.0,0.0,33.3,40.0,26.7,60.0,18.0,11.0,17.0,8.0,1504.3,1522.2
2026-05-02,2025,Union Berlin,FC Koln,2,2,D,O,2.37,3.31,2.84,3.0,4.0,2.0,5.0,16,0.0,0.0,2.0,0.0,3.0,4.0,-1.0,7.0,4.0,3.0,-4.0,0.0,-4.0,0.0,0.0,0.0,1.0,0.0,1.0,26.7,33.3,13.3,46.7,17.0,12.0,19.0,13.0,1477.5,1466.3
2026-05-02,2025,Leverkusen,RB Leipzig,4,1,H,O,2.1,3.98,2.9,8.0,5.0,7.0,3.0,16,1.0,2.0,1.0,1.0,8.0,5.0,3.0,6.0,3.0,3.0,2.0,2.0,0.0,1.0,1.0,0.0,0.0,0.0,0.0,53.3,26.7,53.3,26.7,28.0,14.0,27.0,12.0,1686.2,1663.6
2026-05-02,2025,Hoffenheim,Stuttgart,3,3,D,O,2.27,3.98,2.63,9.0,5.0,4.0,5.0,16,1.0,1.0,1.0,1.0,4.0,9.0,-5.0,4.0,8.0,-4.0,0.0,1.0,-1.0,0.0,1.0,-1.0,0.0,1.0,-1.0,60.0,33.3,40.0,40.0,15.0,19.0,27.0,14.0,1583.5,1629.4
2026-05-02,2025,Ein Frankfurt,Hamburg,1,2,A,O,1.7,4.05,4.26,5.0,4.0,9.0,4.0,16,1.0,0.0,1.0,3.0,4.0,3.0,1.0,5.0,10.0,-5.0,-1.0,-7.0,6.0,0.0,0.0,0.0,1.0,2.0,-1.0,46.7,33.3,13.3,60.0,16.0,12.0,17.0,8.0,1577.6,1448.3
2026-05-02,2025,Bayern Munich,Heidenheim,3,3,D,O,1.22,6.75,9.61,7.0,5.0,13.0,5.0,16,3.0,0.0,0.0,2.0,12.0,3.0,9.0,3.0,5.0,-2.0,9.0,-2.0,11.0,3.0,0.0,3.0,0.0,0.0,0.0,86.7,6.7,6.7,80.0,27.0,10.0,30.0,11.0,1830.2,1425.0
2026-04-26,2025,Stuttgart,Werder Bremen,1,1,D,U,1.5,4.46,5.46,4.0,3.0,14.0,2.0,16,2.0,2.0,1.0,1.0,5.0,6.0,-1.0,2.0,4.0,-2.0,3.0,2.0,1.0,1.0,1.0,0.0,1.0,1.0,0.0,73.3,13.3,20.0,60.0,18.0,10.0,18.0,12.0,1633.0,1500.7
2026-04-26,2025,Dortmund,Freiburg,4,0,H,O,1.35,4.98,7.51,5.0,4.0,5.0,0.0,16,2.0,2.0,1.0,1.0,5.0,3.0,2.0,3.0,3.0,0.0,2.0,0.0,2.0,1.0,0.0,1.0,0.0,1.0,-1.0,73.3,13.3,26.7,53.3,14.0,11.0,28.0,12.0,1699.9,1576.5
2026-04-25,2025,Wolfsburg,M'gladbach,0,0,D,U,2.2,3.59,2.95,4.0,2.0,8.0,5.0,16,0.0,0.0,3.0,2.0,2.0,4.0,-2.0,5.0,8.0,-3.0,-3.0,-4.0,1.0,0.0,0.0,0.0,0.0,1.0,-1.0,13.3,66.7,20.0,53.3,15.0,11.0,22.0,8.0,1448.9,1493.9
2026-04-25,2025,Mainz,Bayern Munich,3,4,A,O,4.33,4.37,1.64,8.0,6.0,4.0,4.0,16,1.0,2.0,1.0,0.0,4.0,9.0,-5.0,4.0,3.0,1.0,0.0,6.0,-6.0,0.0,1.0,-1.0,0.0,0.0,0.0,26.7,40.0,80.0,0.0,14.0,22.0,16.0,13.0,1552.7,1826.8
2026-04-25,2025,Heidenheim,St Pauli,2,0,H,U,2.35,3.32,2.89,5.0,2.0,6.0,6.0,16,1.0,1.0,1.0,1.0,8.0,2.0,6.0,8.0,3.0,5.0,0.0,-1.0,1.0,1.0,0.0,1.0,1.0,1.0,0.0,20.0,46.7,13.3,66.7,10.0,6.0,9.0,7.0,1413.8,1456.1
2026-04-25,2025,Hamburg,Hoffenheim,1,2,A,O,3.88,3.96,1.77,4.0,6.0,4.0,9.0,16,0.0,1.0,1.0,1.0,2.0,6.0,-4.0,3.0,9.0,-6.0,-1.0,-3.0,2.0,0.0,1.0,-1.0,0.0,1.0,-1.0,33.3,26.7,46.7,20.0,8.0,13.0,12.0,10.0,1455.0,1576.9
2026-04-25,2025,FC Koln,Leverkusen,1,2,A,O,3.72,3.9,1.83,10.0,3.0,2.0,5.0,16,1.0,1.0,1.0,0.0,7.0,7.0,0.0,6.0,6.0,0.0,1.0,1.0,0.0,1.0,0.0,1.0,0.0,0.0,0.0,33.3,40.0,46.7,26.7,17.0,14.0,22.0,12.0,1470.9,1681.7
2026-04-25,2025,Augsburg,Ein Frankfurt,1,1,D,U,2.45,3.69,2.53,3.0,7.0,9.0,7.0,16,1.0,1.0,1.0,1.0,6.0,3.0,3.0,7.0,3.0,4.0,-1.0,0.0,-1.0,1.0,0.0,1.0,1.0,0.0,1.0,40.0,33.3,26.7,33.3,19.0,10.0,12.0,15.0,1520.6,1579.3
2026-04-24,2025,RB Leipzig,Union Berlin,3,1,H,O,1.45,4.75,6.06,10.0,1.0,10.0,4.0,16,3.0,1.0,0.0,2.0,8.0,2.0,6.0,1.0,7.0,-6.0,7.0,-5.0,12.0,1.0,0.0,1.0,0.0,2.0,-2.0,66.7,20.0,26.7,60.0,28.0,8.0,18.0,8.0,1658.3,1482.9
2026-04-19,2025,M'gladbach,Mainz,1,1,D,U,2.39,3.4,2.79,4.0,7.0,0.0,6.0,15,2.0,2.0,0.0,0.0,5.0,5.0,0.0,2.0,2.0,0.0,3.0,3.0,0.0,1.0,1.0,0.0,0.0,0.0,0.0,28.6,35.7,28.6,42.9,18.0,11.0,10.0,9.0,1492.2,1554.4
2026-04-19,2025,Freiburg,Heidenheim,2,1,H,O,1.65,4.05,4.63,4.0,2.0,5.0,4.0,15,0.0,0.0,2.0,2.0,5.0,2.0,3.0,7.0,5.0,2.0,-2.0,-3.0,1.0,0.0,0.0,0.0,0.0,1.0,-1.0,50.0,21.4,7.1,78.6,19.0,8.0,16.0,9.0,1570.6,1419.7
2026-04-19,2025,Bayern Munich,Stuttgart,4,2,H,O,1.37,5.39,6.44,9.0,7.0,11.0,3.0,15,3.0,1.0,0.0,0.0,11.0,10.0,1.0,3.0,7.0,-4.0,8.0,3.0,5.0,2.0,1.0,1.0,0.0,0.0,0.0,85.7,7.1,42.9,35.7,29.0,20.0,27.0,15.0,1821.6,1638.2
2026-04-18,2025,Werder Bremen,Hamburg,3,1,H,O,1.97,3.55,3.55,10.0,3.0,7.0,3.0,15,1.0,1.0,2.0,2.0,3.0,4.0,-1.0,4.0,8.0,-4.0,-1.0,-4.0,3.0,1.0,0.0,1.0,1.0,1.0,0.0,28.6,42.9,14.3,57.1,14.0,16.0,13.0,8.0,1491.4,1464.2
2026-04-18,2025,Union Berlin,Wolfsburg,1,2,A,O,2.14,3.46,3.18,7.0,4.0,11.0,4.0,15,1.0,0.0,1.0,2.0,3.0,4.0,-1.0,5.0,11.0,-6.0,-2.0,-7.0,5.0,0.0,0.0,0.0,1.0,2.0,-1.0,28.6,28.6,21.4,57.1,14.0,10.0,12.0,9.0,1494.5,1437.3
2026-04-18,2025,Leverkusen,Augsburg,1,2,A,O,1.4,4.86,6.64,10.0,5.0,11.0,4.0,15,1.0,0.0,0.0,2.0,8.0,2.0,6.0,5.0,5.0,0.0,3.0,-3.0,6.0,1.0,0.0,1.0,0.0,1.0,-1.0,57.1,21.4,21.4,64.3,23.0,11.0,22.0,12.0,1696.7,1505.6
2026-04-18,2025,Hoffenheim,Dortmund,2,1,H,O,2.53,3.8,2.42,4.0,3.0,4.0,3.0,15,0.0,2.0,2.0,0.0,2.0,6.0,-4.0,4.0,3.0,1.0,-2.0,3.0,-5.0,0.0,1.0,-1.0,0.0,0.0,0.0,57.1,35.7,57.1,7.1,22.0,13.0,33.0,8.0,1562.8,1714.0
2026-04-18,2025,Ein Frankfurt,RB Leipzig,1,3,A,O,3.28,3.91,1.97,5.0,8.0,4.0,6.0,15,2.0,2.0,0.0,1.0,5.0,4.0,1.0,2.0,3.0,-1.0,3.0,1.0,2.0,1.0,0.0,1.0,0.0,0.0,0.0,50.0,28.6,50.0,28.6,18.0,11.0,18.0,15.0,1587.5,1650.1
2026-04-17,2025,St Pauli,FC Koln,1,1,D,U,2.82,3.24,2.49,6.0,1.0,8.0,5.0,15,0.0,0.0,2.0,1.0,1.0,3.0,-2.0,7.0,5.0,2.0,-6.0,-2.0,-4.0,0.0,0.0,0.0,1.0,1.0,0.0,28.6,42.9,14.3,50.0,10.0,14.0,12.0,17.0,1455.7,1471.4
2026-04-12,2025,Stuttgart,Hamburg,4,0,H,O,1.39,4.88,6.75,11.0,5.0,8.0,2.0,15,2.0,1.0,1.0,1.0,5.0,5.0,0.0,2.0,5.0,-3.0,3.0,0.0,3.0,1.0,0.0,1.0,1.0,0.0,1.0,71.4,14.3,15.4,53.8,18.0,16.0,17.0,8.0,1632.5,1469.8
2026-04-12,2025,Mainz,Freiburg,0,1,A,U,2.23,3.14,3.3,3.0,3.0,6.0,4.0,15,1.0,1.0,0.0,2.0,5.0,2.0,3.0,4.0,6.0,-2.0,1.0,-4.0,5.0,0.0,0.0,0.0,0.0,2.0,-2.0,28.6,35.7,21.4,57.1,14.0,11.0,17.0,14.0,1564.6,1560.5
2026-04-12,2025,FC Koln,Werder Bremen,3,1,H,O,2.18,3.45,3.08,8.0,2.0,8.0,5.0,15,0.0,2.0,1.0,1.0,6.0,6.0,0.0,7.0,3.0,4.0,-1.0,3.0,-4.0,0.0,1.0,-1.0,0.0,0.0,0.0,28.6,42.9,21.4,57.1,13.0,12.0,17.0,12.0,1460.2,1502.7
2026-04-11,2025,Wolfsburg,Ein Frankfurt,1,2,A,O,2.48,3.58,2.57,7.0,4.0,7.0,7.0,15,0.0,0.0,3.0,2.0,3.0,3.0,0.0,6.0,5.0,1.0,-3.0,-2.0,-1.0,0.0,0.0,0.0,0.0,0.0,0.0,14.3,64.3,21.4,35.7,12.0,9.0,19.0,10.0,1443.5,1581.2
2026-04-11,2025,St Pauli,Bayern Munich,0,5,A,O,7.83,5.06,1.34,3.0,8.0,3.0,4.0,14,1.0,2.0,1.0,0.0,3.0,7.0,-4.0,3.0,5.0,-2.0,0.0,2.0,-2.0,0.0,0.0,0.0,0.0,0.0,0.0,30.8,38.5,78.6,0.0,11.0,20.0,10.0,11.0,1457.9,1819.4
2026-04-11,2025,RB Leipzig,M'gladbach,1,0,H,U,1.49,4.58,5.57,11.0,3.0,11.0,4.0,15,2.0,0.0,0.0,2.0,9.0,5.0,4.0,3.0,9.0,-6.0,6.0,-4.0,10.0,1.0,0.0,1.0,0.0,1.0,-1.0,64.3,21.4,21.4,50.0,20.0,10.0,13.0,7.0,1644.0,1498.2
2026-04-11,2025,Heidenheim,Union Berlin,3,1,H,O,2.93,3.5,2.25,3.0,3.0,3.0,5.0,15,0.0,1.0,1.0,2.0,8.0,1.0,7.0,10.0,5.0,5.0,-2.0,-4.0,2.0,0.0,0.0,0.0,1.0,1.0,0.0,14.3,50.0,28.6,57.1,13.0,7.0,9.0,5.0,1406.9,1507.3
2026-04-11,2025,Dortmund,Leverkusen,0,1,A,U,1.95,3.8,3.42,1.0,4.0,5.0,5.0,15,2.0,1.0,1.0,0.0,7.0,7.0,0.0,5.0,6.0,-1.0,2.0,1.0,1.0,1.0,0.0,1.0,0.0,0.0,0.0,78.6,7.1,42.9,28.6,15.0,14.0,28.0,14.0,1725.2,1685.5
2026-04-10,2025,Augsburg,Hoffenheim,2,2,D,O,3.32,3.75,2.01,8.0,4.0,4.0,4.0,15,2.0,1.0,1.0,1.0,5.0,6.0,-1.0,5.0,9.0,-4.0,0.0,-3.0,3.0,1.0,1.0,0.0,1.0,1.0,0.0,42.9,35.7,50.0,21.4,15.0,15.0,12.0,16.0,1503.8,1564.5
2026-04-05,2025,Union Berlin,St Pauli,1,1,D,U,2.08,3.13,3.67,8.0,2.0,7.0,2.0,14,1.0,1.0,1.0,2.0,3.0,1.0,2.0,5.0,6.0,-1.0,-2.0,-5.0,3.0,0.0,0.0,0.0,1.0,2.0,-1.0,30.8,30.8,14.3,71.4,9.0,5.0,10.0,8.0,1508.8,1456.4
2026-04-05,2025,Ein Frankfurt,FC Koln,2,2,D,O,2.01,3.55,3.4,7.0,9.0,8.0,0.0,14,3.0,0.0,0.0,2.0,6.0,2.0,4.0,0.0,6.0,-6.0,6.0,-4.0,10.0,2.0,0.0,2.0,0.0,2.0,-2.0,53.8,30.8,15.4,53.8,20.0,8.0,12.0,22.0,1584.8,1456.6
2026-04-04,2025,Werder Bremen,RB Leipzig,1,2,A,O,3.42,3.85,1.93,5.0,2.0,1.0,0.0,14,1.0,2.0,2.0,1.0,2.0,4.0,-2.0,5.0,3.0,2.0,-3.0,1.0,-4.0,1.0,0.0,1.0,2.0,0.0,2.0,30.8,38.5,46.2,30.8,12.0,13.0,14.0,18.0,1509.1,1637.6
2026-04-04,2025,Stuttgart,Dortmund,0,2,A,U,2.28,3.86,2.68,3.0,3.0,5.0,2.0,14,3.0,2.0,0.0,0.0,8.0,6.0,2.0,1.0,4.0,-3.0,7.0,2.0,5.0,2.0,0.0,2.0,0.0,0.0,0.0,76.9,7.7,53.8,7.7,19.0,14.0,14.0,14.0,1640.3,1717.3
2026-04-04,2025,M'gladbach,Heidenheim,2,2,D,O,1.56,4.22,5.2,7.0,7.0,2.0,3.0,14,2.0,0.0,0.0,3.0,4.0,0.0,4.0,1.0,4.0,-3.0,3.0,-4.0,7.0,1.0,0.0,1.0,0.0,1.0,-1.0,30.8,38.5,7.7,84.6,17.0,3.0,10.0,11.0,1500.9,1404.2
2026-04-04,2025,Leverkusen,Wolfsburg,6,3,H,O,1.39,4.93,6.73,11.0,5.0,12.0,2.0,14,1.0,0.0,0.0,1.0,6.0,3.0,3.0,2.0,7.0,-5.0,4.0,-4.0,8.0,1.0,0.0,1.0,0.0,1.0,-1.0,53.8,23.1,23.1,53.8,19.0,8.0,18.0,9.0,1681.4,1447.6
2026-04-04,2025,Hoffenheim,Mainz,1,2,A,O,1.67,4.05,4.41,5.0,5.0,7.0,3.0,14,1.0,1.0,1.0,1.0,4.0,3.0,1.0,2.0,5.0,-3.0,2.0,-2.0,4.0,1.0,1.0,0.0,0.0,1.0,-1.0,61.5,30.8,23.1,46.2,24.0,11.0,32.0,8.0,1575.2,1553.9
2026-04-04,2025,Hamburg,Augsburg,1,1,D,U,2.22,3.41,3.07,4.0,3.0,9.0,2.0,15,0.0,1.0,2.0,2.0,2.0,4.0,-2.0,4.0,6.0,-2.0,-2.0,-2.0,0.0,0.0,0.0,0.0,0.0,1.0,-1.0,35.7,28.6,23.1,69.2,7.0,14.0,7.0,20.0,1468.8,1504.9
2026-04-04,2025,Freiburg,Bayern Munich,2,3,A,O,6.66,5.26,1.37,4.0,9.0,5.0,8.0,14,1.0,2.0,1.0,0.0,5.0,7.0,-2.0,5.0,3.0,2.0,0.0,4.0,-4.0,0.0,1.0,-1.0,0.0,0.0,0.0,53.8,15.4,76.9,0.0,21.0,19.0,14.0,7.0,1564.3,1815.6
2026-03-22,2025,St Pauli,Freiburg,1,2,A,O,2.66,3.05,2.7,5.0,6.0,3.0,2.0,13,2.0,0.0,0.0,3.0,4.0,0.0,4.0,2.0,6.0,-4.0,2.0,-6.0,8.0,0.0,0.0,0.0,0.0,2.0,-2.0,33.3,33.3,15.4,61.5,13.0,7.0,12.0,14.0,1463.8,1556.9
2026-03-22,2025,Mainz,Ein Frankfurt,2,1,H,O,2.08,3.58,3.19,5.0,4.0,5.0,3.0,14,1.0,0.0,0.0,1.0,5.0,3.0,2.0,3.0,4.0,-1.0,2.0,-1.0,3.0,1.0,0.0,1.0,0.0,0.0,0.0,23.1,38.5,23.1,30.8,15.0,6.0,18.0,9.0,1542.4,1596.3
2026-03-22,2025,Augsburg,Stuttgart,2,5,A,O,3.36,3.75,1.97,7.0,8.0,2.0,5.0,14,3.0,0.0,0.0,1.0,5.0,6.0,-1.0,1.0,7.0,-6.0,4.0,-1.0,5.0,1.0,0.0,1.0,0.0,0.0,0.0,46.2,30.8,38.5,38.5,14.0,15.0,15.0,15.0,1511.5,1633.7
2026-03-21,2025,Wolfsburg,Werder Bremen,0,1,A,U,2.32,3.56,2.77,4.0,3.0,8.0,4.0,14,0.0,1.0,3.0,2.0,4.0,5.0,-1.0,7.0,4.0,3.0,-3.0,1.0,-4.0,0.0,1.0,-1.0,0.0,0.0,0.0,15.4,61.5,15.4,61.5,10.0,14.0,15.0,16.0,1456.4,1500.4
2026-03-21,2025,Heidenheim,Leverkusen,3,3,D,O,5.1,4.32,1.56,5.0,5.0,2.0,5.0,14,0.0,1.0,2.0,1.0,5.0,4.0,1.0,9.0,4.0,5.0,-4.0,0.0,-4.0,0.0,0.0,0.0,2.0,0.0,2.0,15.4,53.8,46.2,30.8,12.0,10.0,17.0,14.0,1397.3,1688.2
2026-03-21,2025,FC Koln,M'gladbach,3,3,D,O,2.25,3.44,2.99,5.0,3.0,5.0,3.0,14,0.0,0.0,2.0,3.0,4.0,2.0,2.0,6.0,9.0,-3.0,-2.0,-7.0,5.0,0.0,0.0,0.0,0.0,2.0,-2.0,30.8,46.2,23.1,53.8,11.0,10.0,16.0,12.0,1455.3,1502.2
2026-03-21,2025,Dortmund,Hamburg,3,2,H,O,1.38,4.88,6.96,8.0,4.0,11.0,3.0,14,2.0,2.0,1.0,0.0,8.0,5.0,3.0,3.0,2.0,1.0,5.0,3.0,2.0,2.0,1.0,1.0,0.0,0.0,0.0,76.9,7.7,16.7,50.0,15.0,17.0,24.0,13.0,1713.3,1472.8
2026-03-21,2025,Bayern Munich,Union Berlin,4,0,H,O,1.16,7.61,13.38,9.0,1.0,12.0,1.0,14,3.0,1.0,0.0,2.0,12.0,3.0,9.0,4.0,4.0,0.0,8.0,-1.0,9.0,2.0,0.0,2.0,0.0,0.0,0.0,84.6,7.7,30.8,53.8,34.0,11.0,23.0,7.0,1812.6,1511.8
2026-03-20,2025,RB Leipzig,Hoffenheim,5,0,H,O,1.9,4.09,3.4,9.0,2.0,1.0,3.0,14,1.0,1.0,0.0,1.0,6.0,7.0,-1.0,5.0,9.0,-4.0,1.0,-2.0,3.0,0.0,1.0,-1.0,0.0,1.0,-1.0,61.5,23.1,53.8,15.4,21.0,17.0,18.0,16.0,1628.8,1583.9
2026-03-15,2025,Werder Bremen,Mainz,0,2,A,U,2.2,3.46,3.05,3.0,2.0,9.0,4.0,13,1.0,1.0,1.0,1.0,3.0,3.0,0.0,4.0,6.0,-2.0,-1.0,-3.0,2.0,1.0,0.0,1.0,1.0,1.0,0.0,33.3,33.3,16.7,50.0,15.0,13.0,12.0,8.0,1509.7,1533.1
2026-03-15,2025,Stuttgart,RB Leipzig,1,0,H,U,2.26,3.85,2.69,4.0,4.0,5.0,6.0,13,3.0,2.0,0.0,0.0,8.0,5.0,3.0,1.0,3.0,-2.0,7.0,2.0,5.0,2.0,0.0,2.0,0.0,0.0,0.0,75.0,8.3,50.0,25.0,22.0,14.0,15.0,15.0,1623.3,1639.3
2026-03-15,2025,Freiburg,Union Berlin,0,1,A,U,2.11,3.26,3.45,6.0,4.0,6.0,2.0,13,2.0,0.0,0.0,3.0,6.0,3.0,3.0,4.0,7.0,-3.0,2.0,-4.0,6.0,0.0,0.0,0.0,0.0,1.0,-1.0,58.3,8.3,25.0,58.3,17.0,10.0,12.0,15.0,1568.9,1499.9
2026-03-14,2025,Leverkusen,Bayern Munich,1,1,D,U,4.98,4.59,1.53,7.0,5.0,4.0,1.0,13,2.0,2.0,0.0,0.0,6.0,8.0,-2.0,1.0,4.0,-3.0,5.0,4.0,1.0,1.0,1.0,0.0,0.0,0.0,0.0,58.3,25.0,83.3,0.0,16.0,21.0,19.0,15.0,1684.6,1816.2
2026-03-14,2025,Hoffenheim,Wolfsburg,1,1,D,U,1.44,4.78,6.04,6.0,2.0,16.0,4.0,13,2.0,0.0,1.0,2.0,6.0,2.0,4.0,2.0,7.0,-5.0,4.0,-5.0,9.0,2.0,0.0,2.0,0.0,1.0,-1.0,66.7,33.3,25.0,58.3,22.0,9.0,19.0,9.0,1587.6,1452.7
2026-03-14,2025,Hamburg,FC Koln,1,1,D,U,2.09,3.52,3.21,1.0,2.0,1.0,8.0,14,1.0,0.0,2.0,3.0,4.0,2.0,2.0,5.0,7.0,-2.0,-1.0,-5.0,4.0,0.0,0.0,0.0,0.0,2.0,-2.0,38.5,30.8,16.7,58.3,10.0,10.0,12.0,19.0,1473.3,1454.7
2026-03-14,2025,Ein Frankfurt,Heidenheim,1,0,H,U,1.52,4.38,5.44,4.0,1.0,5.0,4.0,13,2.0,0.0,1.0,3.0,6.0,2.0,4.0,3.0,6.0,-3.0,3.0,-4.0,7.0,2.0,0.0,2.0,1.0,1.0,0.0,50.0,33.3,8.3,83.3,20.0,5.0,15.0,10.0,1591.3,1402.4
2026-03-14,2025,Dortmund,Augsburg,2,0,H,U,1.4,4.88,6.75,5.0,3.0,12.0,2.0,13,2.0,1.0,1.0,2.0,9.0,4.0,5.0,5.0,6.0,-1.0,4.0,-2.0,6.0,1.0,0.0,1.0,0.0,1.0,-1.0,75.0,8.3,25.0,66.7,15.0,17.0,24.0,22.0,1708.4,1516.5
2026-03-13,2025,M'gladbach,St Pauli,2,0,H,U,1.9,3.31,4.22,4.0,1.0,2.0,2.0,13,1.0,1.0,1.0,2.0,2.0,2.0,0.0,4.0,6.0,-2.0,-2.0,-4.0,2.0,0.0,0.0,0.0,1.0,1.0,0.0,25.0,41.7,15.4,69.2,16.0,9.0,9.0,11.0,1492.8,1473.2
2026-03-08,2025,Union Berlin,Werder Bremen,1,4,A,O,2.2,3.3,3.2,2.0,5.0,1.0,3.0,13,1.0,0.0,1.0,3.0,2.0,1.0,1.0,4.0,4.0,0.0,-2.0,-3.0,1.0,0.0,0.0,0.0,1.0,0.0,1.0,33.3,25.0,8.3,66.7,10.0,12.0,16.0,18.0,1510.2,1499.4
2026-03-08,2025,St Pauli,Ein Frankfurt,0,0,D,U,2.64,3.3,2.56,2.0,2.0,6.0,5.0,12,2.0,0.0,0.0,1.0,5.0,6.0,-1.0,3.0,7.0,-4.0,2.0,-1.0,3.0,0.0,0.0,0.0,0.0,0.0,0.0,36.4,36.4,25.0,33.3,13.0,8.0,10.0,5.0,1469.8,1594.7
2026-03-07,2025,Wolfsburg,Hamburg,1,2,A,O,2.3,3.52,2.82,4.0,7.0,7.0,3.0,13,0.0,1.0,2.0,0.0,4.0,3.0,1.0,6.0,1.0,5.0,-2.0,2.0,-4.0,0.0,1.0,-1.0,0.0,0.0,0.0,16.7,58.3,9.1,54.5,10.0,12.0,17.0,14.0,1462.7,1463.3
2026-03-07,2025,RB Leipzig,Augsburg,2,1,H,O,1.41,4.88,6.35,8.0,5.0,6.0,8.0,13,0.0,2.0,1.0,1.0,5.0,5.0,0.0,6.0,5.0,1.0,-1.0,0.0,-1.0,0.0,0.0,0.0,0.0,1.0,-1.0,58.3,25.0,27.3,63.6,17.0,18.0,17.0,17.0,1632.3,1523.4
2026-03-07,2025,Mainz,Stuttgart,2,2,D,O,3.05,3.65,2.12,6.0,4.0,5.0,6.0,13,2.0,1.0,0.0,1.0,6.0,7.0,-1.0,2.0,5.0,-3.0,4.0,2.0,2.0,2.0,1.0,1.0,0.0,0.0,0.0,25.0,41.7,41.7,41.7,18.0,19.0,28.0,13.0,1530.4,1625.9
2026-03-07,2025,Heidenheim,Hoffenheim,2,4,A,O,4.87,4.31,1.58,2.0,7.0,4.0,3.0,13,0.0,1.0,2.0,1.0,3.0,5.0,-2.0,8.0,7.0,1.0,-5.0,-2.0,-3.0,0.0,1.0,-1.0,2.0,1.0,1.0,16.7,50.0,50.0,16.7,12.0,13.0,17.0,20.0,1407.7,1582.2
2026-03-07,2025,Freiburg,Leverkusen,3,3,D,O,2.86,3.35,2.35,9.0,5.0,5.0,2.0,12,3.0,1.0,0.0,1.0,5.0,2.0,3.0,2.0,2.0,0.0,3.0,0.0,3.0,0.0,0.0,0.0,0.0,0.0,0.0,63.6,9.1,50.0,33.3,13.0,7.0,12.0,14.0,1565.5,1688.0
2026-03-07,2025,FC Koln,Dortmund,1,2,A,O,4.1,3.97,1.73,4.0,5.0,9.0,4.0,13,1.0,2.0,1.0,0.0,4.0,7.0,-3.0,4.0,3.0,1.0,0.0,4.0,-4.0,0.0,1.0,-1.0,0.0,0.0,0.0,33.3,41.7,50.0,8.3,10.0,14.0,10.0,12.0,1458.7,1704.5
2026-03-06,2025,Bayern Munich,M'gladbach,4,1,H,O,1.19,7.43,11.55,9.0,5.0,7.0,1.0,13,2.0,0.0,1.0,2.0,9.0,2.0,7.0,5.0,6.0,-1.0,4.0,-4.0,8.0,1.0,0.0,1.0,0.0,1.0,-1.0,83.3,8.3,25.0,50.0,31.0,7.0,25.0,14.0,1813.4,1495.6
2026-03-04,2025,Hamburg,Leverkusen,0,1,A,U,3.35,3.57,2.03,3.0,4.0,2.0,7.0,13,1.0,1.0,1.0,1.0,6.0,4.0,2.0,6.0,3.0,3.0,0.0,1.0,-1.0,0.0,1.0,-1.0,0.0,0.0,0.0,41.7,25.0,45.5,36.4,11.0,7.0,13.0,10.0,1467.8,1683.5
2026-03-01,2025,Stuttgart,Wolfsburg,4,0,H,O,1.51,4.56,5.24,11.0,3.0,7.0,3.0,12,2.0,0.0,0.0,2.0,5.0,3.0,2.0,2.0,6.0,-4.0,3.0,-3.0,6.0,1.0,0.0,1.0,0.0,1.0,-1.0,72.7,9.1,27.3,54.5,15.0,8.0,11.0,7.0,1620.1,1468.6
2026-03-01,2025,Hamburg,RB Leipzig,1,2,A,O,3.12,3.67,2.09,3.0,5.0,4.0,9.0,12,1.0,2.0,0.0,0.0,5.0,6.0,-1.0,4.0,2.0,2.0,1.0,4.0,-3.0,0.0,1.0,-1.0,0.0,0.0,0.0,45.5,18.2,45.5,27.3,20.0,17.0,11.0,6.0,1473.7,1626.5
2026-03-01,2025,Ein Frankfurt,Freiburg,2,0,H,U,2.18,3.44,3.1,7.0,2.0,5.0,6.0,12,1.0,0.0,2.0,2.0,5.0,2.0,3.0,6.0,6.0,0.0,-1.0,-4.0,3.0,1.0,0.0,1.0,2.0,1.0,1.0,45.5,36.4,16.7,58.3,16.0,10.0,16.0,14.0,1585.0,1575.2
2026-02-28,2025,Werder Bremen,Heidenheim,2,0,H,U,1.77,3.82,4.1,6.0,0.0,3.0,2.0,12,0.0,0.0,2.0,2.0,1.0,3.0,-2.0,6.0,5.0,1.0,-5.0,-2.0,-3.0,0.0,0.0,0.0,2.0,0.0,2.0,27.3,36.4,9.1,81.8,12.0,8.0,15.0,14.0,1491.6,1415.6
2026-02-28,2025,M'gladbach,Union Berlin,1,0,H,U,2.36,3.22,2.97,7.0,2.0,6.0,2.0,12,1.0,0.0,1.0,2.0,5.0,4.0,1.0,4.0,7.0,-3.0,1.0,-3.0,4.0,1.0,0.0,1.0,1.0,1.0,0.0,18.2,45.5,27.3,54.5,16.0,11.0,5.0,21.0,1484.5,1521.2
2026-02-28,2025,Leverkusen,Mainz,1,1,D,U,1.67,3.97,4.54,5.0,4.0,6.0,2.0,12,2.0,1.0,1.0,2.0,6.0,3.0,3.0,4.0,7.0,-3.0,2.0,-4.0,6.0,1.0,0.0,1.0,1.0,1.0,0.0,63.6,27.3,18.2,54.5,15.0,16.0,18.0,11.0,1687.9,1526.0
2026-02-28,2025,Hoffenheim,St Pauli,0,1,A,U,1.47,4.33,6.29,11.0,3.0,10.0,3.0,12,3.0,0.0,0.0,3.0,7.0,3.0,4.0,1.0,9.0,-8.0,6.0,-6.0,12.0,2.0,0.0,2.0,0.0,1.0,-1.0,72.7,27.3,8.3,75.0,19.0,11.0,12.0,13.0,1596.0,1455.9
2026-02-28,2025,Dortmund,Bayern Munich,2,3,A,O,4.37,4.51,1.61,2.0,6.0,5.0,2.0,12,3.0,2.0,0.0,0.0,10.0,10.0,0.0,4.0,3.0,1.0,6.0,7.0,-1.0,1.0,2.0,-1.0,0.0,0.0,0.0,81.8,0.0,81.8,0.0,19.0,27.0,24.0,22.0,1711.8,1806.0
2026-02-27,2025,Augsburg,FC Koln,2,0,H,U,2.19,3.4,3.18,4.0,3.0,6.0,9.0,13,2.0,0.0,0.0,2.0,5.0,4.0,1.0,3.0,7.0,-4.0,2.0,-3.0,5.0,0.0,0.0,0.0,0.0,1.0,-1.0,41.7,33.3,18.2,54.5,15.0,16.0,18.0,14.0,1514.8,1467.3
2026-02-22,2025,St Pauli,Werder Bremen,2,1,H,O,2.7,3.08,2.67,4.0,4.0,1.0,5.0,11,1.0,0.0,0.0,3.0,3.0,0.0,3.0,2.0,5.0,-3.0,1.0,-5.0,6.0,0.0,0.0,0.0,0.0,1.0,-1.0,30.0,40.0,9.1,63.6,12.0,11.0,14.0,16.0,1444.3,1503.2
2026-02-22,2025,Heidenheim,Stuttgart,3,3,D,O,4.4,4.06,1.68,6.0,8.0,3.0,4.0,12,0.0,2.0,2.0,1.0,2.0,8.0,-6.0,7.0,3.0,4.0,-5.0,5.0,-10.0,0.0,2.0,-2.0,2.0,0.0,2.0,18.2,54.5,45.5,45.5,12.0,18.0,19.0,12.0,1410.1,1625.6
2026-02-22,2025,Freiburg,M'gladbach,2,1,H,O,1.96,3.27,3.95,6.0,2.0,3.0,3.0,11,3.0,0.0,0.0,1.0,5.0,1.0,4.0,2.0,4.0,-2.0,3.0,-3.0,6.0,0.0,0.0,0.0,0.0,1.0,-1.0,60.0,10.0,27.3,45.5,14.0,5.0,9.0,16.0,1567.4,1492.4
2026-02-21,2025,Wolfsburg,Augsburg,2,3,A,O,2.04,3.41,3.52,4.0,6.0,4.0,10.0,12,1.0,1.0,1.0,2.0,4.0,2.0,2.0,4.0,7.0,-3.0,0.0,-5.0,5.0,0.0,0.0,0.0,0.0,2.0,-2.0,18.2,54.5,20.0,70.0,11.0,14.0,20.0,9.0,1477.8,1505.6
2026-02-21,2025,Union Berlin,Leverkusen,1,0,H,U,2.89,3.35,2.36,4.0,1.0,4.0,5.0,12,0.0,1.0,1.0,1.0,3.0,4.0,-1.0,6.0,3.0,3.0,-3.0,1.0,-4.0,0.0,1.0,-1.0,1.0,0.0,1.0,27.3,27.3,50.0,30.0,11.0,8.0,14.0,10.0,1506.1,1703.0
2026-02-21,2025,RB Leipzig,Dortmund,2,2,D,O,2.14,3.88,2.92,3.0,5.0,6.0,2.0,12,0.0,2.0,2.0,0.0,4.0,8.0,-4.0,9.0,4.0,5.0,-5.0,4.0,-9.0,0.0,1.0,-1.0,1.0,0.0,1.0,63.6,27.3,54.5,9.1,18.0,15.0,16.0,15.0,1623.9,1714.4
2026-02-21,2025,FC Koln,Hoffenheim,2,2,D,O,3.22,3.7,2.05,4.0,6.0,3.0,10.0,12,2.0,2.0,1.0,1.0,4.0,6.0,-2.0,3.0,6.0,-3.0,1.0,0.0,1.0,0.0,2.0,-2.0,0.0,1.0,-1.0,36.4,45.5,54.5,18.2,12.0,12.0,16.0,16.0,1463.6,1599.8
2026-02-21,2025,Bayern Munich,Ein Frankfurt,3,2,H,O,1.14,8.63,14.22,11.0,3.0,8.0,2.0,12,2.0,0.0,1.0,1.0,14.0,6.0,8.0,4.0,7.0,-3.0,10.0,-1.0,11.0,2.0,0.0,2.0,0.0,0.0,0.0,81.8,9.1,27.3,27.3,30.0,10.0,23.0,5.0,1801.5,1589.6
2026-02-20,2025,Mainz,Hamburg,1,1,D,U,2.05,3.45,3.5,3.0,5.0,7.0,2.0,12,3.0,1.0,0.0,1.0,7.0,3.0,4.0,2.0,2.0,0.0,5.0,1.0,4.0,2.0,1.0,1.0,0.0,0.0,0.0,27.3,45.5,10.0,60.0,21.0,12.0,25.0,15.0,1527.6,1472.1
2026-02-15,2025,RB Leipzig,Wolfsburg,2,2,D,O,1.44,4.81,6.03,10.0,3.0,6.0,2.0,11,1.0,0.0,2.0,3.0,4.0,2.0,2.0,7.0,12.0,-5.0,-3.0,-10.0,7.0,1.0,0.0,1.0,1.0,2.0,-1.0,70.0,30.0,30.0,60.0,15.0,8.0,17.0,7.0,1628.1,1473.6
2026-02-15,2025,Augsburg,Heidenheim,1,0,H,U,1.81,3.67,4.06,4.0,2.0,4.0,5.0,12,1.0,0.0,0.0,2.0,5.0,4.0,1.0,4.0,6.0,-2.0,1.0,-2.0,3.0,0.0,0.0,0.0,0.0,0.0,0.0,36.4,36.4,10.0,80.0,16.0,10.0,17.0,10.0,1497.9,1417.8
2026-02-14,2025,Werder Bremen,Bayern Munich,0,3,A,O,8.06,5.79,1.29,3.0,8.0,2.0,4.0,11,0.0,2.0,1.0,0.0,4.0,10.0,-6.0,6.0,4.0,2.0,-2.0,6.0,-8.0,0.0,2.0,-2.0,1.0,0.0,1.0,30.0,30.0,80.0,0.0,13.0,27.0,17.0,24.0,1506.4,1798.3
2026-02-14,2025,Stuttgart,FC Koln,3,1,H,O,1.43,4.77,6.21,4.0,3.0,2.0,5.0,11,2.0,0.0,0.0,2.0,5.0,3.0,2.0,3.0,6.0,-3.0,2.0,-3.0,5.0,0.0,0.0,0.0,0.0,1.0,-1.0,70.0,10.0,20.0,50.0,22.0,17.0,19.0,12.0,1619.6,1469.5
2026-02-14,2025,Leverkusen,St Pauli,4,0,H,O,1.45,4.21,6.77,7.0,1.0,8.0,3.0,11,2.0,0.0,1.0,3.0,4.0,4.0,0.0,4.0,7.0,-3.0,0.0,-3.0,3.0,1.0,0.0,1.0,1.0,0.0,1.0,60.0,30.0,9.1,72.7,14.0,14.0,18.0,14.0,1699.2,1448.1
2026-02-14,2025,Hoffenheim,Freiburg,3,0,H,O,1.72,3.85,4.4,7.0,3.0,6.0,6.0,11,3.0,0.0,0.0,2.0,9.0,2.0,7.0,2.0,5.0,-3.0,7.0,-3.0,10.0,2.0,0.0,2.0,0.0,1.0,-1.0,70.0,30.0,18.2,54.5,22.0,8.0,12.0,10.0,1590.1,1577.0
2026-02-14,2025,Hamburg,Union Berlin,3,2,H,O,2.49,3.16,2.86,4.0,5.0,6.0,3.0,11,0.0,0.0,0.0,1.0,3.0,3.0,0.0,3.0,5.0,-2.0,0.0,-2.0,2.0,0.0,0.0,0.0,0.0,1.0,-1.0,40.0,20.0,30.0,50.0,19.0,9.0,10.0,21.0,1460.5,1517.7
2026-02-14,2025,Ein Frankfurt,M'gladbach,3,0,H,O,1.92,3.58,3.71,9.0,3.0,2.0,8.0,11,0.0,0.0,2.0,1.0,5.0,2.0,3.0,9.0,6.0,3.0,-4.0,-4.0,0.0,0.0,0.0,0.0,2.0,1.0,1.0,40.0,40.0,30.0,40.0,13.0,7.0,16.0,10.0,1581.9,1500.1
2026-02-13,2025,Dortmund,Mainz,4,0,H,O,1.52,4.35,5.52,8.0,5.0,7.0,2.0,11,3.0,1.0,0.0,1.0,9.0,5.0,4.0,4.0,5.0,-1.0,5.0,0.0,5.0,1.0,0.0,1.0,0.0,0.0,0.0,80.0,0.0,20.0,50.0,19.0,17.0,20.0,10.0,1709.0,1533.0
2026-02-08,2025,FC Koln,RB Leipzig,1,2,A,O,3.14,3.81,2.05,3.0,4.0,4.0,3.0,11,2.0,1.0,1.0,1.0,4.0,5.0,-1.0,4.0,4.0,0.0,0.0,1.0,-1.0,0.0,1.0,-1.0,1.0,1.0,0.0,40.0,40.0,40.0,30.0,12.0,16.0,16.0,9.0,1475.5,1622.1
2026-02-08,2025,Bayern Munich,Hoffenheim,5,1,H,O,1.26,6.34,8.44,14.0,4.0,8.0,3.0,11,1.0,2.0,1.0,0.0,11.0,5.0,6.0,5.0,1.0,4.0,6.0,4.0,2.0,1.0,2.0,-1.0,0.0,0.0,0.0,80.0,10.0,60.0,10.0,27.0,9.0,22.0,15.0,1793.5,1595.0
2026-02-07,2025,Wolfsburg,Dortmund,1,2,A,O,4.24,4.01,1.71,2.0,4.0,4.0,8.0,11,1.0,1.0,1.0,0.0,6.0,7.0,-1.0,6.0,4.0,2.0,0.0,3.0,-3.0,0.0,1.0,-1.0,0.0,0.0,0.0,20.0,50.0,50.0,10.0,15.0,15.0,18.0,7.0,1477.8,1704.8
2026-02-07,2025,St Pauli,Stuttgart,2,1,H,O,4.2,3.63,1.8,7.0,3.0,5.0,5.0,10,1.0,3.0,0.0,0.0,3.0,11.0,-8.0,2.0,1.0,1.0,1.0,10.0,-9.0,0.0,3.0,-3.0,0.0,0.0,0.0,22.2,44.4,50.0,40.0,10.0,27.0,13.0,16.0,1432.8,1634.9
2026-02-07,2025,Mainz,Augsburg,2,0,H,U,2.04,3.51,3.41,6.0,6.0,6.0,4.0,11,2.0,1.0,0.0,2.0,5.0,2.0,3.0,2.0,6.0,-4.0,3.0,-4.0,7.0,1.0,0.0,1.0,0.0,1.0,-1.0,20.0,50.0,22.2,66.7,16.0,9.0,28.0,11.0,1523.4,1507.4
2026-02-07,2025,M'gladbach,Leverkusen,1,1,D,U,3.41,3.67,1.99,6.0,2.0,2.0,2.0,11,1.0,2.0,2.0,1.0,5.0,6.0,-1.0,6.0,3.0,3.0,-1.0,3.0,-4.0,1.0,2.0,-1.0,2.0,0.0,2.0,20.0,50.0,55.6,33.3,14.0,14.0,9.0,16.0,1494.7,1704.6
2026-02-07,2025,Heidenheim,Hamburg,0,2,A,U,2.78,3.41,2.41,4.0,5.0,10.0,8.0,11,0.0,0.0,2.0,2.0,2.0,2.0,0.0,9.0,6.0,3.0,-7.0,-4.0,-3.0,0.0,0.0,0.0,2.0,1.0,1.0,20.0,50.0,0.0,66.7,9.0,12.0,9.0,10.0,1427.1,1451.2
2026-02-07,2025,Freiburg,Werder Bremen,1,0,H,U,1.79,3.7,4.17,2.0,5.0,4.0,8.0,10,2.0,0.0,0.0,2.0,5.0,0.0,5.0,3.0,4.0,-1.0,2.0,-4.0,6.0,0.0,0.0,0.0,0.0,1.0,-1.0,55.6,11.1,10.0,60.0,18.0,6.0,11.0,19.0,1568.5,1514.9
2026-02-06,2025,Union Berlin,Ein Frankfurt,1,1,D,U,2.04,3.46,3.52,3.0,1.0,5.0,2.0,11,1.0,0.0,1.0,1.0,5.0,6.0,-1.0,6.0,7.0,-1.0,-1.0,-1.0,0.0,1.0,0.0,1.0,1.0,0.0,1.0,30.0,30.0,30.0,30.0,14.0,12.0,13.0,8.0,1515.8,1583.8
2026-02-01,2025,Stuttgart,Freiburg,1,0,H,U,1.67,3.99,4.53,7.0,2.0,6.0,2.0,10,1.0,1.0,0.0,1.0,4.0,6.0,-2.0,3.0,7.0,-4.0,1.0,-1.0,2.0,0.0,0.0,0.0,0.0,1.0,-1.0,66.7,11.1,20.0,50.0,18.0,14.0,17.0,14.0,1626.3,1577.1
2026-02-01,2025,Dortmund,Heidenheim,3,2,H,O,1.22,6.22,11.13,5.0,3.0,12.0,3.0,10,3.0,0.0,0.0,2.0,8.0,3.0,5.0,2.0,5.0,-3.0,6.0,-2.0,8.0,2.0,0.0,2.0,0.0,0.0,0.0,77.8,0.0,11.1,77.8,18.0,14.0,14.0,18.0,1701.3,1430.6
2026-01-31,2025,Werder Bremen,M'gladbach,1,1,D,U,2.35,3.49,2.79,6.0,2.0,7.0,3.0,10,0.0,0.0,2.0,2.0,3.0,1.0,2.0,9.0,7.0,2.0,-6.0,-6.0,0.0,0.0,0.0,0.0,2.0,2.0,0.0,33.3,33.3,33.3,44.4,10.0,6.0,10.0,11.0,1515.5,1494.1
2026-01-31,2025,RB Leipzig,Mainz,1,2,A,O,1.52,4.44,5.41,4.0,4.0,5.0,4.0,10,1.0,0.0,2.0,1.0,4.0,5.0,-1.0,8.0,6.0,2.0,-4.0,-1.0,-3.0,1.0,0.0,1.0,2.0,0.0,2.0,77.8,22.2,11.1,55.6,18.0,15.0,14.0,6.0,1635.6,1510.0
2026-01-31,2025,Hoffenheim,Union Berlin,3,1,H,O,1.78,3.69,4.3,4.0,3.0,3.0,10.0,10,3.0,1.0,0.0,0.0,10.0,3.0,7.0,2.0,2.0,0.0,8.0,1.0,7.0,2.0,0.0,2.0,0.0,0.0,0.0,66.7,33.3,33.3,44.4,24.0,9.0,12.0,17.0,1586.8,1524.0
2026-01-31,2025,Hamburg,Bayern Munich,2,2,D,O,8.81,6.15,1.26,4.0,7.0,3.0,9.0,10,1.0,3.0,0.0,0.0,4.0,12.0,-8.0,3.0,2.0,1.0,1.0,10.0,-9.0,0.0,3.0,-3.0,0.0,0.0,0.0,44.4,22.2,88.9,0.0,21.0,31.0,12.0,21.0,1443.4,1801.3
2026-01-31,2025,Ein Frankfurt,Leverkusen,1,3,A,O,2.92,3.67,2.21,4.0,4.0,8.0,3.0,10,1.0,1.0,1.0,2.0,5.0,3.0,2.0,6.0,4.0,2.0,-1.0,-1.0,0.0,0.0,1.0,-1.0,1.0,1.0,0.0,44.4,33.3,50.0,37.5,13.0,12.0,10.0,20.0,1590.8,1697.6
2026-01-31,2025,Augsburg,St Pauli,2,1,H,O,1.97,3.22,4.02,6.0,5.0,5.0,5.0,11,0.0,0.0,0.0,2.0,3.0,3.0,0.0,3.0,5.0,-2.0,0.0,-2.0,2.0,0.0,0.0,0.0,0.0,0.0,0.0,30.0,40.0,10.0,70.0,16.0,10.0,18.0,14.0,1499.0,1441.2
2026-01-30,2025,FC Koln,Wolfsburg,1,0,H,U,1.97,3.73,3.44,3.0,3.0,3.0,4.0,10,1.0,1.0,2.0,2.0,3.0,5.0,-2.0,5.0,12.0,-7.0,-2.0,-7.0,5.0,0.0,1.0,-1.0,1.0,2.0,-1.0,33.3,44.4,33.3,55.6,11.0,11.0,16.0,6.0,1464.8,1488.5
2026-01-27,2025,Werder Bremen,Hoffenheim,0,2,A,U,3.49,3.61,2.0,3.0,3.0,6.0,7.0,9,0.0,1.0,1.0,1.0,4.0,3.0,1.0,8.0,3.0,5.0,-4.0,0.0,-4.0,0.0,1.0,-1.0,1.0,1.0,0.0,37.5,25.0,55.6,11.1,11.0,9.0,8.0,13.0,1523.9,1578.3
2026-01-27,2025,St Pauli,RB Leipzig,1,1,D,U,4.49,3.47,1.81,2.0,5.0,4.0,3.0,9,1.0,1.0,1.0,1.0,2.0,4.0,-2.0,2.0,3.0,-1.0,0.0,1.0,-1.0,0.0,1.0,-1.0,0.0,1.0,-1.0,25.0,50.0,44.4,33.3,11.0,15.0,17.0,12.0,1435.9,1640.9
2026-01-25,2025,M'gladbach,Stuttgart,0,3,A,O,2.89,3.65,2.23,3.0,8.0,1.0,4.0,10,1.0,2.0,1.0,1.0,5.0,9.0,-4.0,3.0,3.0,0.0,2.0,6.0,-4.0,1.0,2.0,-1.0,1.0,0.0,1.0,22.2,44.4,44.4,44.4,12.0,22.0,13.0,18.0,1500.8,1619.6
2026-01-25,2025,Freiburg,FC Koln,2,1,H,O,1.9,3.59,3.78,5.0,4.0,5.0,5.0,9,2.0,0.0,0.0,1.0,7.0,3.0,4.0,2.0,5.0,-3.0,5.0,-2.0,7.0,1.0,0.0,1.0,0.0,1.0,-1.0,50.0,12.5,22.2,44.4,23.0,15.0,12.0,7.0,1569.9,1472.1
2026-01-24,2025,Union Berlin,Dortmund,0,3,A,O,3.57,3.4,2.03,3.0,5.0,7.0,2.0,10,1.0,1.0,1.0,0.0,6.0,6.0,0.0,5.0,5.0,0.0,1.0,1.0,0.0,1.0,0.0,1.0,0.0,0.0,0.0,33.3,22.2,44.4,11.1,13.0,14.0,11.0,8.0,1529.6,1695.7
2026-01-24,2025,Mainz,Wolfsburg,3,1,H,O,2.31,3.42,2.91,9.0,2.0,15.0,1.0,10,1.0,1.0,1.0,1.0,2.0,5.0,-3.0,2.0,10.0,-8.0,0.0,-5.0,5.0,0.0,1.0,-1.0,0.0,1.0,-1.0,11.1,55.6,37.5,50.0,9.0,12.0,21.0,6.0,1500.0,1498.5
2026-01-24,2025,Leverkusen,Werder Bremen,1,0,H,U,1.59,4.23,4.93,4.0,3.0,5.0,5.0,10,1.0,0.0,2.0,2.0,4.0,2.0,2.0,6.0,6.0,0.0,-2.0,-4.0,2.0,1.0,0.0,1.0,1.0,1.0,0.0,55.6,33.3,11.1,55.6,14.0,6.0,23.0,17.0,1691.9,1529.6
2026-01-24,2025,Heidenheim,RB Leipzig,0,3,A,O,5.08,4.31,1.56,2.0,8.0,4.0,0.0,10,1.0,0.0,1.0,2.0,4.0,2.0,2.0,7.0,6.0,1.0,-3.0,-4.0,1.0,0.0,0.0,0.0,1.0,2.0,-1.0,22.2,44.4,37.5,37.5,10.0,12.0,13.0,17.0,1435.4,1636.1
2026-01-24,2025,Ein Frankfurt,Hoffenheim,1,3,A,O,2.73,3.63,2.33,3.0,5.0,6.0,6.0,9,1.0,0.0,0.0,1.0,5.0,1.0,4.0,4.0,3.0,1.0,1.0,-2.0,3.0,0.0,0.0,0.0,0.0,1.0,-1.0,50.0,25.0,50.0,12.5,13.0,9.0,18.0,11.0,1601.8,1567.3
2026-01-24,2025,Bayern Munich,Augsburg,1,2,A,O,1.09,10.35,20.62,6.0,6.0,9.0,3.0,10,2.0,0.0,0.0,3.0,13.0,0.0,13.0,4.0,8.0,-4.0,9.0,-8.0,17.0,2.0,0.0,2.0,0.0,2.0,-2.0,88.9,0.0,12.5,75.0,25.0,7.0,23.0,10.0,1818.7,1481.6
2026-01-23,2025,St Pauli,Hamburg,0,0,D,U,2.85,2.89,2.72,3.0,2.0,5.0,4.0,8,1.0,0.0,2.0,3.0,2.0,2.0,0.0,6.0,7.0,-1.0,-4.0,-5.0,1.0,0.0,0.0,0.0,1.0,1.0,0.0,28.6,57.1,0.0,75.0,12.0,16.0,20.0,9.0,1435.7,1443.6
2026-01-18,2025,Stuttgart,Union Berlin,1,1,D,U,1.64,3.86,4.98,4.0,3.0,3.0,8.0,9,1.0,1.0,1.0,1.0,3.0,3.0,0.0,7.0,4.0,3.0,-4.0,-1.0,-3.0,0.0,0.0,0.0,1.0,1.0,0.0,75.0,12.5,37.5,50.0,15.0,12.0,17.0,20.0,1622.2,1526.9
2026-01-18,2025,Augsburg,Freiburg,2,2,D,O,2.83,3.29,2.44,5.0,5.0,9.0,6.0,10,1.0,1.0,0.0,2.0,3.0,5.0,-2.0,1.0,7.0,-6.0,2.0,-2.0,4.0,1.0,0.0,1.0,0.0,1.0,-1.0,33.3,44.4,22.2,55.6,17.0,11.0,14.0,14.0,1478.9,1572.5
2026-01-17,2025,Wolfsburg,Heidenheim,1,1,D,U,1.65,3.99,4.76,4.0,3.0,9.0,6.0,10,2.0,1.0,1.0,2.0,8.0,4.0,4.0,6.0,5.0,1.0,2.0,-1.0,3.0,1.0,0.0,1.0,0.0,0.0,0.0,22.2,55.6,12.5,87.5,14.0,13.0,9.0,17.0,1500.4,1433.5
2026-01-17,2025,RB Leipzig,Bayern Munich,1,5,A,O,4.9,4.69,1.54,4.0,12.0,5.0,9.0,9,2.0,3.0,1.0,0.0,9.0,12.0,-3.0,3.0,1.0,2.0,6.0,11.0,-5.0,2.0,3.0,-1.0,1.0,0.0,1.0,87.5,12.5,87.5,0.0,21.0,30.0,13.0,16.0,1641.5,1813.3
2026-01-17,2025,Hoffenheim,Leverkusen,1,0,H,U,2.37,3.74,2.65,8.0,2.0,3.0,5.0,9,3.0,2.0,0.0,1.0,12.0,6.0,6.0,2.0,4.0,-2.0,10.0,2.0,8.0,3.0,2.0,1.0,0.0,1.0,-1.0,62.5,37.5,57.1,28.6,19.0,13.0,16.0,16.0,1553.2,1706.1
2026-01-17,2025,Hamburg,M'gladbach,0,0,D,U,2.39,3.44,2.79,12.0,0.0,2.0,5.0,9,2.0,1.0,0.0,2.0,6.0,2.0,4.0,4.0,7.0,-3.0,2.0,-5.0,7.0,0.0,0.0,0.0,0.0,2.0,-2.0,50.0,25.0,37.5,50.0,11.0,11.0,14.0,12.0,1441.9,1502.5
2026-01-17,2025,FC Koln,Mainz,2,1,H,O,2.15,3.53,3.14,6.0,7.0,9.0,5.0,9,0.0,0.0,2.0,1.0,2.0,4.0,-2.0,5.0,8.0,-3.0,-3.0,-4.0,1.0,0.0,0.0,0.0,1.0,1.0,0.0,25.0,50.0,12.5,50.0,13.0,9.0,12.0,3.0,1460.6,1511.4
2026-01-17,2025,Dortmund,St Pauli,3,2,H,O,1.32,5.1,9.14,6.0,5.0,5.0,5.0,9,3.0,0.0,0.0,1.0,7.0,2.0,5.0,0.0,3.0,-3.0,7.0,-1.0,8.0,3.0,0.0,3.0,0.0,0.0,0.0,75.0,0.0,11.1,66.7,16.0,6.0,16.0,13.0,1691.9,1439.4
2026-01-16,2025,Werder Bremen,Ein Frankfurt,3,3,D,O,2.65,3.5,2.49,4.0,4.0,4.0,1.0,8,1.0,0.0,1.0,2.0,3.0,3.0,0.0,6.0,10.0,-4.0,-3.0,-7.0,4.0,0.0,0.0,0.0,1.0,1.0,0.0,42.9,28.6,33.3,33.3,14.0,10.0,17.0,7.0,1527.4,1604.0
2026-01-15,2025,Augsburg,Union Berlin,1,1,D,U,2.55,3.13,2.81,5.0,3.0,3.0,3.0,9,2.0,2.0,0.0,1.0,3.0,3.0,0.0,0.0,3.0,-3.0,3.0,0.0,3.0,1.0,0.0,1.0,0.0,1.0,-1.0,37.5,50.0,42.9,57.1,18.0,12.0,15.0,19.0,1477.5,1528.3
2026-01-14,2025,Wolfsburg,St Pauli,2,1,H,O,1.87,3.58,3.93,5.0,4.0,7.0,4.0,9,1.0,0.0,2.0,1.0,7.0,2.0,5.0,8.0,4.0,4.0,-1.0,-2.0,1.0,1.0,0.0,1.0,1.0,1.0,0.0,12.5,62.5,12.5,62.5,19.0,3.0,11.0,11.0,1491.6,1448.2
2026-01-14,2025,RB Leipzig,Freiburg,2,0,H,U,1.72,3.93,4.3,7.0,1.0,7.0,2.0,8,2.0,1.0,1.0,2.0,9.0,7.0,2.0,3.0,11.0,-8.0,6.0,-4.0,10.0,2.0,0.0,2.0,1.0,1.0,0.0,85.7,14.3,25.0,50.0,27.0,12.0,19.0,17.0,1633.0,1581.0
2026-01-14,2025,Hoffenheim,M'gladbach,5,1,H,O,1.81,3.86,3.87,10.0,5.0,6.0,2.0,8,3.0,2.0,0.0,1.0,10.0,4.0,6.0,2.0,2.0,0.0,8.0,2.0,6.0,3.0,1.0,2.0,0.0,1.0,-1.0,57.1,42.9,42.9,42.9,13.0,10.0,15.0,15.0,1544.1,1511.6
2026-01-14,2025,FC Koln,Bayern Munich,1,3,A,O,9.9,6.86,1.22,3.0,8.0,4.0,6.0,8,0.0,2.0,2.0,0.0,4.0,11.0,-7.0,6.0,2.0,4.0,-2.0,9.0,-11.0,0.0,2.0,-2.0,0.0,0.0,0.0,28.6,42.9,85.7,0.0,15.0,26.0,11.0,15.0,1463.0,1810.9
2026-01-13,2025,Stuttgart,Ein Frankfurt,3,2,H,O,1.72,4.11,4.2,11.0,5.0,10.0,2.0,8,1.0,1.0,1.0,1.0,3.0,5.0,-2.0,7.0,10.0,-3.0,-4.0,-5.0,1.0,0.0,0.0,0.0,1.0,1.0,0.0,71.4,14.3,37.5,25.0,10.0,12.0,11.0,8.0,1612.2,1614.0
2026-01-13,2025,Mainz,Heidenheim,2,1,H,O,1.75,3.74,4.47,6.0,4.0,4.0,1.0,9,0.0,1.0,1.0,2.0,1.0,3.0,-2.0,2.0,9.0,-7.0,-1.0,-6.0,5.0,0.0,0.0,0.0,0.0,1.0,-1.0,0.0,62.5,14.3,85.7,6.0,9.0,24.0,17.0,1503.2,1441.7
2026-01-13,2025,Dortmund,Werder Bremen,3,0,H,O,1.37,5.18,7.28,8.0,3.0,3.0,3.0,8,2.0,0.0,0.0,2.0,7.0,2.0,5.0,3.0,5.0,-2.0,4.0,-3.0,7.0,2.0,0.0,2.0,0.0,1.0,-1.0,71.4,0.0,12.5,50.0,14.0,9.0,15.0,21.0,1686.1,1533.2
2026-01-11,2025,M'gladbach,Augsburg,4,0,H,O,1.87,3.63,3.88,7.0,2.0,2.0,2.0,9,1.0,0.0,1.0,3.0,4.0,2.0,2.0,4.0,7.0,-3.0,0.0,-5.0,5.0,1.0,0.0,1.0,1.0,1.0,0.0,12.5,50.0,14.3,71.4,9.0,11.0,13.0,12.0,1502.0,1487.0
2026-01-11,2025,Bayern Munich,Wolfsburg,8,1,H,O,1.1,10.11,18.06,10.0,3.0,6.0,2.0,9,2.0,1.0,0.0,1.0,11.0,5.0,6.0,5.0,4.0,1.0,6.0,1.0,5.0,2.0,1.0,1.0,0.0,0.0,0.0,87.5,0.0,42.9,42.9,23.0,13.0,20.0,7.0,1808.1,1494.4
2026-01-10,2025,Union Berlin,Mainz,2,2,D,O,2.12,3.17,3.57,5.0,6.0,2.0,1.0,9,1.0,0.0,1.0,2.0,6.0,2.0,4.0,5.0,7.0,-2.0,1.0,-5.0,6.0,1.0,0.0,1.0,0.0,1.0,-1.0,37.5,25.0,14.3,57.1,12.0,3.0,15.0,5.0,1529.1,1502.4
2026-01-10,2025,Leverkusen,Stuttgart,1,4,A,O,1.92,3.88,3.47,4.0,7.0,5.0,3.0,9,2.0,1.0,1.0,1.0,9.0,8.0,1.0,2.0,5.0,-3.0,7.0,3.0,4.0,2.0,1.0,1.0,0.0,0.0,0.0,62.5,25.0,37.5,50.0,20.0,21.0,29.0,19.0,1719.4,1598.9
2026-01-10,2025,Heidenheim,FC Koln,2,2,D,O,2.88,3.48,2.3,6.0,9.0,5.0,4.0,9,1.0,0.0,2.0,2.0,2.0,2.0,0.0,8.0,6.0,2.0,-6.0,-4.0,-2.0,0.0,0.0,0.0,2.0,2.0,0.0,25.0,50.0,25.0,50.0,6.0,11.0,12.0,9.0,1441.1,1463.7
2026-01-10,2025,Freiburg,Hamburg,2,1,H,O,1.76,3.6,4.49,7.0,5.0,0.0,3.0,8,2.0,0.0,0.0,3.0,7.0,2.0,5.0,2.0,9.0,-7.0,5.0,-7.0,12.0,1.0,0.0,1.0,0.0,2.0,-2.0,42.9,14.3,0.0,71.4,20.0,16.0,21.0,9.0,1574.5,1448.4
2026-01-09,2025,Ein Frankfurt,Dortmund,3,3,D,O,3.47,3.67,1.99,6.0,6.0,2.0,5.0,8,2.0,1.0,0.0,0.0,3.0,4.0,-1.0,1.0,3.0,-2.0,2.0,1.0,1.0,0.0,0.0,0.0,0.0,0.0,0.0,57.1,28.6,50.0,12.5,11.0,9.0,20.0,9.0,1611.9,1688.2
2025-12-21,2025,Mainz,St Pauli,0,0,D,U,1.92,3.34,4.02,1.0,1.0,9.0,5.0,8,0.0,0.0,1.0,2.0,2.0,3.0,-1.0,3.0,6.0,-3.0,-1.0,-3.0,2.0,0.0,0.0,0.0,0.0,1.0,-1.0,0.0,71.4,14.3,71.4,10.0,4.0,17.0,9.0,1504.1,1446.6
2025-12-21,2025,Heidenheim,Bayern Munich,0,4,A,O,15.28,8.61,1.13,1.0,11.0,0.0,6.0,8,1.0,2.0,1.0,0.0,3.0,10.0,-7.0,5.0,2.0,3.0,-2.0,8.0,-10.0,0.0,2.0,-2.0,1.0,0.0,1.0,28.6,42.9,83.3,0.0,9.0,26.0,14.0,17.0,1443.3,1805.9
2025-12-20,2025,Wolfsburg,Freiburg,3,4,A,O,2.47,3.43,2.7,6.0,8.0,2.0,6.0,8,1.0,0.0,2.0,2.0,6.0,3.0,3.0,7.0,8.0,-1.0,-1.0,-5.0,4.0,1.0,0.0,1.0,1.0,1.0,0.0,14.3,57.1,14.3,57.1,19.0,8.0,11.0,16.0,1502.6,1566.3
2025-12-20,2025,Stuttgart,Hoffenheim,0,0,D,U,1.99,3.84,3.29,3.0,1.0,4.0,2.0,7,2.0,1.0,1.0,1.0,5.0,4.0,1.0,8.0,5.0,3.0,-3.0,-1.0,-2.0,0.0,0.0,0.0,1.0,1.0,0.0,83.3,16.7,57.1,14.3,15.0,12.0,14.0,11.0,1600.5,1542.5
2025-12-20,2025,RB Leipzig,Leverkusen,1,3,A,O,2.06,3.73,3.18,7.0,8.0,2.0,8.0,7,3.0,1.0,0.0,2.0,11.0,3.0,8.0,1.0,6.0,-5.0,10.0,-3.0,13.0,3.0,1.0,2.0,0.0,2.0,-2.0,100.0,0.0,50.0,33.3,29.0,6.0,22.0,12.0,1641.0,1711.4
2025-12-20,2025,Hamburg,Ein Frankfurt,1,1,D,U,2.62,3.48,2.51,3.0,3.0,5.0,5.0,8,2.0,1.0,0.0,1.0,6.0,5.0,1.0,4.0,10.0,-6.0,2.0,-5.0,7.0,0.0,0.0,0.0,0.0,1.0,-1.0,57.1,28.6,42.9,28.6,11.0,12.0,11.0,11.0,1443.8,1616.5
2025-12-20,2025,FC Koln,Union Berlin,0,1,A,U,2.32,3.28,3.02,2.0,3.0,3.0,6.0,7,1.0,1.0,1.0,2.0,8.0,2.0,6.0,6.0,4.0,2.0,2.0,-2.0,4.0,1.0,0.0,1.0,0.0,1.0,-1.0,33.3,33.3,33.3,66.7,23.0,11.0,10.0,19.0,1472.3,1520.5
2025-12-20,2025,Augsburg,Werder Bremen,0,0,D,U,2.24,3.48,3.01,6.0,0.0,6.0,11.0,8,2.0,0.0,1.0,2.0,3.0,3.0,0.0,1.0,6.0,-5.0,2.0,-3.0,5.0,1.0,0.0,1.0,0.0,1.0,-1.0,42.9,57.1,14.3,57.1,13.0,12.0,13.0,10.0,1485.6,1534.6
2025-12-19,2025,Dortmund,M'gladbach,2,0,H,U,1.53,4.47,5.41,4.0,1.0,6.0,4.0,7,2.0,3.0,0.0,0.0,6.0,8.0,-2.0,3.0,0.0,3.0,3.0,8.0,-5.0,1.0,2.0,-1.0,0.0,0.0,0.0,66.7,0.0,50.0,33.3,19.0,20.0,26.0,12.0,1682.9,1507.3
2025-12-14,2025,Werder Bremen,Stuttgart,0,4,A,O,2.88,3.71,2.21,3.0,12.0,0.0,9.0,7,2.0,0.0,0.0,2.0,4.0,5.0,-1.0,2.0,8.0,-6.0,2.0,-3.0,5.0,0.0,0.0,0.0,0.0,1.0,-1.0,50.0,16.7,28.6,57.1,14.0,13.0,22.0,15.0,1543.3,1591.9
2025-12-14,2025,Freiburg,Dortmund,1,1,D,U,3.25,3.44,2.12,6.0,4.0,6.0,0.0,7,2.0,2.0,0.0,0.0,8.0,4.0,4.0,3.0,2.0,1.0,5.0,2.0,3.0,1.0,0.0,1.0,0.0,0.0,0.0,50.0,16.7,57.1,14.3,19.0,6.0,18.0,12.0,1562.9,1686.3
2025-12-14,2025,Bayern Munich,Mainz,2,2,D,O,1.09,10.18,19.25,11.0,2.0,7.0,0.0,8,3.0,0.0,0.0,3.0,12.0,1.0,11.0,3.0,7.0,-4.0,9.0,-6.0,15.0,3.0,0.0,3.0,0.0,1.0,-1.0,100.0,0.0,16.7,66.7,16.0,3.0,23.0,10.0,1813.1,1496.9
2025-12-13,2025,St Pauli,Heidenheim,2,1,H,O,1.94,3.33,3.96,5.0,7.0,4.0,11.0,7,0.0,1.0,3.0,2.0,0.0,3.0,-3.0,8.0,10.0,-2.0,-8.0,-7.0,-1.0,0.0,0.0,0.0,2.0,2.0,0.0,16.7,66.7,16.7,83.3,9.0,5.0,25.0,11.0,1436.1,1453.8
2025-12-13,2025,M'gladbach,Wolfsburg,1,3,A,O,1.96,3.75,3.47,4.0,6.0,6.0,3.0,8,1.0,1.0,1.0,1.0,3.0,3.0,0.0,4.0,3.0,1.0,-1.0,0.0,-1.0,1.0,0.0,1.0,1.0,0.0,1.0,14.3,42.9,33.3,50.0,5.0,9.0,8.0,5.0,1518.1,1491.9
2025-12-13,2025,Leverkusen,FC Koln,2,0,H,U,1.53,4.44,5.28,6.0,4.0,8.0,3.0,8,2.0,0.0,1.0,2.0,9.0,2.0,7.0,2.0,5.0,-3.0,7.0,-3.0,10.0,2.0,0.0,2.0,0.0,1.0,-1.0,57.1,28.6,28.6,42.9,18.0,7.0,23.0,8.0,1707.2,1476.5
2025-12-13,2025,Hoffenheim,Hamburg,4,1,H,O,1.71,4.06,4.21,6.0,5.0,3.0,3.0,7,3.0,0.0,0.0,3.0,9.0,2.0,7.0,2.0,7.0,-5.0,7.0,-5.0,12.0,3.0,0.0,3.0,0.0,1.0,-1.0,50.0,50.0,0.0,66.7,14.0,14.0,19.0,11.0,1534.8,1451.5
2025-12-13,2025,Ein Frankfurt,Augsburg,1,0,H,U,1.68,4.06,4.39,4.0,1.0,2.0,6.0,7,2.0,0.0,0.0,2.0,4.0,3.0,1.0,1.0,7.0,-6.0,3.0,-4.0,7.0,1.0,0.0,1.0,0.0,1.0,-1.0,50.0,33.3,16.7,66.7,13.0,14.0,19.0,8.0,1609.7,1492.4
2025-12-12,2025,Union Berlin,RB Leipzig,3,1,H,O,3.22,3.38,2.19,6.0,3.0,4.0,6.0,8,0.0,1.0,1.0,1.0,3.0,7.0,-4.0,4.0,3.0,1.0,-1.0,4.0,-5.0,0.0,1.0,-1.0,0.0,1.0,-1.0,28.6,28.6,42.9,28.6,8.0,17.0,16.0,14.0,1506.4,1655.0
2025-12-07,2025,Hamburg,Werder Bremen,3,2,H,O,2.25,3.53,2.96,6.0,3.0,5.0,3.0,7,1.0,0.0,1.0,1.0,3.0,3.0,0.0,3.0,5.0,-2.0,0.0,-2.0,2.0,0.0,0.0,0.0,0.0,1.0,-1.0,50.0,33.3,16.7,50.0,11.0,13.0,17.0,9.0,1438.2,1556.5
2025-12-07,2025,Dortmund,Hoffenheim,2,0,H,U,1.58,4.41,4.84,4.0,3.0,7.0,5.0,6,1.0,2.0,0.0,0.0,5.0,7.0,-2.0,4.0,3.0,1.0,1.0,4.0,-3.0,0.0,1.0,-1.0,0.0,0.0,0.0,60.0,0.0,66.7,0.0,18.0,14.0,26.0,13.0,1680.1,1541.0
2025-12-06,2025,Wolfsburg,Union Berlin,3,1,H,O,2.1,3.41,3.38,3.0,6.0,0.0,11.0,7,0.0,1.0,3.0,2.0,3.0,1.0,2.0,9.0,3.0,6.0,-6.0,-2.0,-4.0,0.0,0.0,0.0,2.0,1.0,1.0,0.0,66.7,40.0,60.0,19.0,8.0,14.0,12.0,1480.8,1517.5
2025-12-06,2025,Stuttgart,Bayern Munich,0,5,A,O,5.43,5.0,1.47,1.0,11.0,3.0,4.0,6,3.0,2.0,0.0,0.0,6.0,8.0,-2.0,3.0,2.0,1.0,3.0,6.0,-3.0,0.0,2.0,-2.0,0.0,0.0,0.0,100.0,0.0,80.0,0.0,20.0,18.0,12.0,16.0,1596.5,1808.6
2025-12-06,2025,RB Leipzig,Ein Frankfurt,6,0,H,O,1.73,4.13,4.06,7.0,2.0,4.0,0.0,6,3.0,1.0,0.0,0.0,7.0,7.0,0.0,2.0,6.0,-4.0,5.0,1.0,4.0,2.0,0.0,2.0,0.0,0.0,0.0,100.0,0.0,50.0,16.7,26.0,13.0,21.0,12.0,1645.8,1618.9
2025-12-06,2025,Heidenheim,Freiburg,2,1,H,O,3.8,3.51,1.93,3.0,2.0,8.0,6.0,7,0.0,0.0,1.0,2.0,3.0,2.0,1.0,6.0,8.0,-2.0,-3.0,-6.0,3.0,0.0,0.0,0.0,1.0,2.0,-1.0,16.7,50.0,16.7,50.0,17.0,9.0,18.0,13.0,1440.1,1576.6
2025-12-06,2025,FC Koln,St Pauli,1,1,D,U,1.95,3.55,3.68,8.0,1.0,5.0,4.0,6,1.0,0.0,1.0,3.0,8.0,2.0,6.0,6.0,7.0,-1.0,2.0,-5.0,7.0,1.0,0.0,1.0,0.0,2.0,-2.0,40.0,40.0,16.7,83.3,17.0,4.0,10.0,8.0,1477.7,1434.8
2025-12-06,2025,Augsburg,Leverkusen,2,0,H,U,3.68,3.8,1.88,6.0,2.0,5.0,7.0,7,1.0,2.0,2.0,1.0,1.0,7.0,-6.0,7.0,7.0,0.0,-6.0,0.0,-6.0,0.0,1.0,-1.0,1.0,1.0,0.0,33.3,66.7,60.0,20.0,9.0,12.0,10.0,8.0,1476.3,1723.3
2025-12-05,2025,Mainz,M'gladbach,0,1,A,U,2.55,3.41,2.65,2.0,5.0,8.0,6.0,7,0.0,2.0,1.0,1.0,5.0,8.0,-3.0,6.0,3.0,3.0,-1.0,5.0,-6.0,0.0,2.0,-2.0,0.0,1.0,-1.0,0.0,66.7,40.0,40.0,12.0,17.0,11.0,12.0,1506.8,1508.1
2025-11-30,2025,Hamburg,Stuttgart,2,1,H,O,3.02,3.68,2.15,2.0,3.0,4.0,6.0,6,1.0,1.0,1.0,1.0,5.0,7.0,-2.0,2.0,6.0,-4.0,3.0,1.0,2.0,1.0,1.0,0.0,0.0,1.0,-1.0,40.0,40.0,33.3,50.0,18.0,17.0,14.0,17.0,1423.3,1611.4
2025-11-30,2025,Freiburg,Mainz,4,0,H,O,1.91,3.43,3.95,10.0,1.0,6.0,2.0,6,1.0,0.0,0.0,3.0,5.0,1.0,4.0,4.0,7.0,-3.0,1.0,-6.0,7.0,0.0,0.0,0.0,0.0,1.0,-1.0,40.0,20.0,20.0,60.0,10.0,6.0,18.0,12.0,1568.1,1515.3
2025-11-30,2025,Ein Frankfurt,Wolfsburg,1,1,D,U,1.7,4.17,4.22,3.0,3.0,14.0,1.0,6,2.0,1.0,1.0,2.0,3.0,3.0,0.0,3.0,5.0,-2.0,0.0,-2.0,2.0,1.0,0.0,1.0,1.0,1.0,0.0,60.0,40.0,40.0,60.0,11.0,10.0,9.0,9.0,1622.9,1476.9
2025-11-29,2025,Werder Bremen,FC Koln,1,1,D,U,2.21,3.74,2.89,4.0,2.0,4.0,0.0,6,3.0,1.0,0.0,2.0,4.0,2.0,2.0,1.0,4.0,-3.0,3.0,-2.0,5.0,0.0,0.0,0.0,0.0,1.0,-1.0,60.0,20.0,33.3,50.0,15.0,9.0,22.0,14.0,1558.9,1475.3
2025-11-29,2025,Union Berlin,Heidenheim,1,2,A,O,1.64,3.87,5.02,2.0,2.0,5.0,5.0,7,1.0,0.0,0.0,3.0,5.0,1.0,4.0,3.0,10.0,-7.0,2.0,-9.0,11.0,1.0,0.0,1.0,0.0,2.0,-2.0,33.3,16.7,0.0,100.0,11.0,4.0,17.0,7.0,1530.4,1427.2
2025-11-29,2025,Leverkusen,Dortmund,1,2,A,O,2.47,3.62,2.59,4.0,4.0,10.0,3.0,7,3.0,1.0,0.0,1.0,10.0,3.0,7.0,0.0,3.0,-3.0,10.0,0.0,10.0,3.0,0.0,3.0,0.0,0.0,0.0,66.7,16.7,50.0,16.7,17.0,3.0,17.0,12.0,1735.2,1668.2
2025-11-29,2025,Hoffenheim,Augsburg,3,0,H,O,1.67,4.18,4.44,3.0,4.0,7.0,2.0,6,2.0,0.0,1.0,2.0,6.0,4.0,2.0,3.0,6.0,-3.0,3.0,-2.0,5.0,2.0,0.0,2.0,0.0,0.0,0.0,40.0,60.0,20.0,60.0,15.0,12.0,23.0,8.0,1532.4,1484.9
2025-11-29,2025,Bayern Munich,St Pauli,3,1,H,O,1.09,9.91,21.25,4.0,1.0,10.0,2.0,7,3.0,0.0,0.0,3.0,11.0,1.0,10.0,3.0,5.0,-2.0,8.0,-4.0,12.0,2.0,0.0,2.0,0.0,1.0,-1.0,100.0,0.0,20.0,80.0,19.0,6.0,17.0,7.0,1806.4,1437.0
2025-11-28,2025,M'gladbach,RB Leipzig,0,0,D,U,2.84,3.8,2.24,1.0,4.0,5.0,6.0,7,1.0,1.0,1.0,1.0,3.0,8.0,-5.0,4.0,4.0,0.0,-1.0,4.0,-5.0,1.0,1.0,0.0,1.0,1.0,0.0,16.7,50.0,50.0,33.3,9.0,16.0,7.0,15.0,1504.2,1649.7
2025-11-23,2025,St Pauli,Union Berlin,0,1,A,U,2.43,3.21,2.91,3.0,3.0,8.0,2.0,6,0.0,1.0,3.0,2.0,1.0,4.0,-3.0,9.0,6.0,3.0,-8.0,-2.0,-6.0,0.0,0.0,0.0,2.0,1.0,1.0,20.0,60.0,25.0,75.0,12.0,10.0,30.0,11.0,1444.7,1522.6
2025-11-23,2025,RB Leipzig,Werder Bremen,2,0,H,U,1.43,5.0,5.94,13.0,6.0,13.0,7.0,5,3.0,0.0,0.0,1.0,8.0,3.0,5.0,3.0,7.0,-4.0,5.0,-4.0,9.0,2.0,0.0,2.0,0.0,1.0,-1.0,100.0,0.0,20.0,40.0,21.0,10.0,17.0,8.0,1641.9,1566.8
2025-11-22,2025,Wolfsburg,Leverkusen,1,3,A,O,3.43,3.71,1.98,10.0,3.0,9.0,1.0,6,0.0,2.0,3.0,1.0,2.0,6.0,-4.0,7.0,7.0,0.0,-5.0,-1.0,-4.0,0.0,0.0,0.0,1.0,1.0,0.0,0.0,60.0,50.0,25.0,13.0,13.0,11.0,8.0,1480.7,1731.4
2025-11-22,2025,Heidenheim,M'gladbach,0,3,A,O,3.14,3.58,2.14,2.0,4.0,4.0,5.0,6,1.0,1.0,0.0,1.0,5.0,6.0,-1.0,4.0,4.0,0.0,1.0,2.0,-1.0,0.0,1.0,-1.0,0.0,1.0,-1.0,20.0,40.0,25.0,50.0,20.0,20.0,17.0,11.0,1435.5,1495.9
2025-11-22,2025,FC Koln,Ein Frankfurt,3,4,A,O,2.91,3.77,2.19,5.0,7.0,3.0,3.0,5,1.0,1.0,1.0,0.0,6.0,9.0,-3.0,4.0,7.0,-3.0,2.0,2.0,0.0,1.0,1.0,0.0,0.0,0.0,0.0,50.0,25.0,40.0,20.0,18.0,13.0,15.0,15.0,1481.6,1616.6
2025-11-22,2025,Dortmund,Stuttgart,3,3,D,O,1.74,4.03,4.11,6.0,6.0,2.0,4.0,5,2.0,2.0,0.0,1.0,3.0,6.0,-3.0,1.0,4.0,-3.0,2.0,2.0,0.0,0.0,1.0,-1.0,0.0,1.0,-1.0,75.0,0.0,40.0,60.0,16.0,16.0,33.0,21.0,1669.9,1609.7
2025-11-22,2025,Bayern Munich,Freiburg,6,2,H,O,1.17,7.25,13.25,8.0,2.0,3.0,5.0,6,3.0,0.0,0.0,1.0,9.0,0.0,9.0,1.0,2.0,-1.0,8.0,-2.0,10.0,2.0,0.0,2.0,0.0,1.0,-1.0,100.0,0.0,20.0,40.0,24.0,8.0,21.0,9.0,1802.2,1572.3
2025-11-22,2025,Augsburg,Hamburg,1,0,H,U,2.3,3.51,2.89,6.0,6.0,4.0,3.0,6,1.0,0.0,2.0,2.0,3.0,2.0,1.0,8.0,6.0,2.0,-5.0,-4.0,-1.0,1.0,0.0,1.0,1.0,1.0,0.0,20.0,80.0,0.0,60.0,8.0,14.0,16.0,11.0,1476.2,1432.0
2025-11-21,2025,Mainz,Hoffenheim,1,1,D,U,2.48,3.56,2.65,3.0,5.0,7.0,4.0,6,0.0,2.0,2.0,0.0,4.0,7.0,-3.0,7.0,3.0,4.0,-3.0,4.0,-7.0,0.0,1.0,-1.0,1.0,0.0,1.0,0.0,80.0,80.0,0.0,11.0,13.0,11.0,17.0,1514.8,1532.9
2025-11-09,2025,Stuttgart,Augsburg,3,2,H,O,1.5,4.49,5.63,6.0,6.0,4.0,4.0,5,3.0,0.0,0.0,2.0,5.0,3.0,2.0,1.0,5.0,-4.0,4.0,-2.0,6.0,1.0,0.0,1.0,0.0,0.0,0.0,100.0,0.0,25.0,50.0,22.0,11.0,16.0,5.0,1603.0,1482.9
2025-11-09,2025,Freiburg,St Pauli,2,1,H,O,1.82,3.51,4.32,4.0,2.0,9.0,3.0,5,1.0,0.0,0.0,3.0,6.0,0.0,6.0,4.0,5.0,-1.0,2.0,-5.0,7.0,1.0,0.0,1.0,0.0,2.0,-2.0,25.0,25.0,25.0,75.0,12.0,6.0,16.0,8.0,1565.5,1451.6
2025-11-09,2025,Ein Frankfurt,Mainz,1,0,H,U,1.84,3.93,3.73,4.0,0.0,4.0,3.0,5,1.0,1.0,2.0,2.0,5.0,5.0,0.0,7.0,7.0,0.0,-2.0,-2.0,0.0,1.0,1.0,0.0,1.0,1.0,0.0,50.0,50.0,25.0,50.0,17.0,10.0,10.0,15.0,1609.1,1522.3
2025-11-08,2025,Union Berlin,Bayern Munich,2,2,D,O,12.03,6.7,1.2,4.0,4.0,6.0,5.0,6,1.0,3.0,0.0,0.0,3.0,10.0,-7.0,1.0,1.0,0.0,2.0,9.0,-7.0,1.0,3.0,-2.0,0.0,0.0,0.0,40.0,20.0,100.0,0.0,9.0,24.0,16.0,16.0,1515.7,1809.1
2025-11-08,2025,M'gladbach,FC Koln,3,1,H,O,2.19,3.54,3.06,4.0,5.0,2.0,6.0,6,0.0,1.0,2.0,2.0,4.0,2.0,2.0,9.0,4.0,5.0,-5.0,-2.0,-3.0,0.0,0.0,0.0,2.0,1.0,1.0,0.0,60.0,40.0,40.0,13.0,6.0,9.0,13.0,1485.7,1491.8
2025-11-08,2025,Leverkusen,Heidenheim,6,0,H,O,1.39,4.86,7.14,10.0,0.0,11.0,1.0,6,2.0,0.0,0.0,3.0,5.0,2.0,3.0,1.0,6.0,-5.0,4.0,-4.0,8.0,2.0,0.0,2.0,0.0,1.0,-1.0,60.0,20.0,0.0,100.0,16.0,12.0,9.0,18.0,1728.2,1438.6
2025-11-08,2025,Hoffenheim,RB Leipzig,3,1,H,O,2.64,3.8,2.36,4.0,5.0,5.0,5.0,5,1.0,2.0,2.0,0.0,4.0,8.0,-4.0,6.0,1.0,5.0,-2.0,7.0,-9.0,1.0,1.0,0.0,1.0,0.0,1.0,25.0,75.0,60.0,20.0,15.0,17.0,23.0,21.0,1519.2,1655.6
2025-11-08,2025,Hamburg,Dortmund,1,1,D,U,4.45,4.21,1.66,3.0,1.0,2.0,6.0,5,2.0,2.0,1.0,1.0,6.0,4.0,2.0,2.0,2.0,0.0,4.0,2.0,2.0,1.0,1.0,0.0,0.0,0.0,0.0,50.0,50.0,60.0,20.0,24.0,6.0,13.0,11.0,1425.8,1676.1
2025-11-07,2025,Werder Bremen,Wolfsburg,2,1,H,O,2.18,3.64,3.07,7.0,4.0,13.0,3.0,5,2.0,1.0,1.0,2.0,2.0,2.0,0.0,3.0,4.0,-1.0,-1.0,-2.0,1.0,0.0,0.0,0.0,1.0,1.0,0.0,50.0,25.0,50.0,50.0,13.0,7.0,11.0,9.0,1558.8,1488.7
2025-11-02,2025,Wolfsburg,Hoffenheim,2,3,A,O,2.76,3.68,2.31,6.0,4.0,2.0,2.0,5,0.0,2.0,2.0,0.0,3.0,8.0,-5.0,7.0,3.0,4.0,-4.0,5.0,-9.0,0.0,2.0,-2.0,1.0,0.0,1.0,0.0,50.0,75.0,0.0,13.0,17.0,16.0,17.0,1498.4,1509.5
2025-11-02,2025,FC Koln,Hamburg,4,1,H,O,2.1,3.64,3.19,10.0,5.0,2.0,3.0,4,1.0,0.0,1.0,2.0,6.0,1.0,5.0,4.0,7.0,-3.0,2.0,-6.0,8.0,1.0,0.0,1.0,0.0,1.0,-1.0,33.3,33.3,0.0,50.0,14.0,11.0,16.0,11.0,1483.2,1434.4
2025-11-01,2025,Union Berlin,Freiburg,0,0,D,U,2.56,3.23,2.74,2.0,4.0,5.0,5.0,5,1.0,1.0,1.0,1.0,5.0,3.0,2.0,5.0,2.0,3.0,0.0,1.0,-1.0,1.0,1.0,0.0,1.0,1.0,0.0,50.0,25.0,25.0,50.0,14.0,9.0,20.0,4.0,1514.2,1567.0
2025-11-01,2025,St Pauli,M'gladbach,0,4,A,O,2.11,3.44,3.34,4.0,11.0,8.0,1.0,5,1.0,0.0,2.0,2.0,3.0,2.0,1.0,6.0,5.0,1.0,-3.0,-3.0,0.0,0.0,0.0,0.0,1.0,1.0,0.0,25.0,50.0,0.0,66.7,15.0,15.0,25.0,20.0,1461.2,1476.1
2025-11-01,2025,RB Leipzig,Stuttgart,3,1,H,O,1.97,3.87,3.35,9.0,4.0,5.0,5.0,4,3.0,2.0,0.0,1.0,7.0,6.0,1.0,2.0,4.0,-2.0,5.0,2.0,3.0,2.0,1.0,1.0,0.0,1.0,-1.0,100.0,0.0,50.0,50.0,17.0,14.0,16.0,17.0,1646.6,1612.0
2025-11-01,2025,Mainz,Werder Bremen,1,1,D,U,1.99,3.77,3.37,5.0,3.0,2.0,0.0,5,0.0,1.0,3.0,1.0,3.0,6.0,-3.0,7.0,6.0,1.0,-4.0,0.0,-4.0,0.0,1.0,-1.0,1.0,1.0,0.0,0.0,100.0,25.0,50.0,8.0,14.0,12.0,12.0,1521.2,1559.9
2025-11-01,2025,Heidenheim,Ein Frankfurt,1,1,D,U,3.48,3.96,1.91,4.0,3.0,2.0,8.0,5,1.0,1.0,1.0,1.0,4.0,9.0,-5.0,5.0,9.0,-4.0,-1.0,0.0,-1.0,0.0,1.0,-1.0,1.0,1.0,0.0,25.0,50.0,50.0,25.0,17.0,12.0,20.0,15.0,1433.9,1613.8
2025-11-01,2025,Bayern Munich,Leverkusen,3,0,H,O,1.22,6.85,10.44,4.0,1.0,10.0,4.0,5,3.0,2.0,0.0,0.0,11.0,9.0,2.0,1.0,7.0,-6.0,10.0,2.0,8.0,2.0,0.0,2.0,0.0,0.0,0.0,100.0,0.0,66.7,0.0,32.0,16.0,16.0,11.0,1801.0,1736.4
2025-10-31,2025,Augsburg,Dortmund,0,1,A,U,5.03,4.34,1.58,1.0,1.0,4.0,3.0,5,1.0,2.0,2.0,1.0,4.0,5.0,-1.0,11.0,2.0,9.0,-7.0,3.0,-10.0,1.0,2.0,-1.0,2.0,0.0,2.0,25.0,75.0,50.0,25.0,12.0,13.0,18.0,12.0,1488.0,1670.9
2025-10-26,2025,Stuttgart,Mainz,2,1,H,O,1.73,3.99,4.22,8.0,2.0,7.0,5.0,4,3.0,1.0,0.0,1.0,4.0,5.0,-1.0,0.0,6.0,-6.0,4.0,-1.0,5.0,1.0,1.0,0.0,0.0,1.0,-1.0,100.0,0.0,33.3,33.3,19.0,11.0,15.0,20.0,1604.1,1529.1
2025-10-26,2025,Leverkusen,Freiburg,2,0,H,U,1.77,3.82,4.17,4.0,3.0,2.0,3.0,5,2.0,1.0,0.0,1.0,6.0,4.0,2.0,2.0,4.0,-2.0,4.0,0.0,4.0,2.0,1.0,1.0,0.0,1.0,-1.0,50.0,25.0,33.3,33.3,20.0,8.0,11.0,6.0,1730.7,1572.8
2025-10-25,2025,M'gladbach,Bayern Munich,0,3,A,O,10.53,6.81,1.22,0.0,11.0,1.0,8.0,5,0.0,3.0,2.0,0.0,4.0,10.0,-6.0,10.0,3.0,7.0,-6.0,7.0,-13.0,0.0,2.0,-2.0,2.0,0.0,2.0,0.0,50.0,100.0,0.0,16.0,23.0,17.0,13.0,1478.9,1798.2
2025-10-25,2025,Hoffenheim,Heidenheim,3,1,H,O,1.57,4.38,5.03,7.0,3.0,7.0,5.0,4,0.0,0.0,3.0,3.0,2.0,1.0,1.0,8.0,5.0,3.0,-6.0,-4.0,-2.0,0.0,0.0,0.0,2.0,1.0,1.0,0.0,100.0,0.0,100.0,13.0,12.0,20.0,16.0,1501.2,1442.2
2025-10-25,2025,Hamburg,Wolfsburg,0,1,A,U,2.32,3.58,2.81,6.0,2.0,11.0,1.0,4,2.0,1.0,1.0,2.0,6.0,4.0,2.0,3.0,5.0,-2.0,3.0,-1.0,4.0,1.0,1.0,0.0,1.0,1.0,0.0,66.7,33.3,33.3,66.7,20.0,10.0,4.0,13.0,1443.1,1489.7
2025-10-25,2025,Ein Frankfurt,St Pauli,2,0,H,U,1.68,4.06,4.43,6.0,1.0,1.0,3.0,4,1.0,1.0,2.0,2.0,7.0,2.0,5.0,8.0,3.0,5.0,-1.0,-1.0,0.0,1.0,1.0,0.0,1.0,1.0,0.0,33.3,66.7,33.3,66.7,16.0,11.0,16.0,10.0,1607.7,1467.3
2025-10-25,2025,Dortmund,FC Koln,1,0,H,U,1.42,4.97,6.36,9.0,0.0,17.0,2.0,4,2.0,1.0,0.0,1.0,5.0,5.0,0.0,1.0,6.0,-5.0,4.0,-1.0,5.0,1.0,0.0,1.0,0.0,1.0,-1.0,66.7,0.0,50.0,25.0,13.0,14.0,20.0,15.0,1665.6,1488.5
2025-10-25,2025,Augsburg,RB Leipzig,0,6,A,O,3.25,3.91,1.99,2.0,8.0,2.0,3.0,4,1.0,2.0,2.0,0.0,6.0,3.0,3.0,8.0,1.0,7.0,-2.0,2.0,-4.0,1.0,0.0,1.0,1.0,0.0,1.0,33.3,66.7,50.0,25.0,13.0,12.0,23.0,23.0,1494.0,1640.6
2025-10-24,2025,Werder Bremen,Union Berlin,1,0,H,U,2.24,3.52,3.03,3.0,2.0,5.0,6.0,4,1.0,1.0,1.0,2.0,4.0,4.0,0.0,6.0,8.0,-2.0,-2.0,-4.0,2.0,0.0,0.0,0.0,1.0,2.0,-1.0,33.3,33.3,33.3,66.7,15.0,11.0,9.0,11.0,1550.6,1523.4
2025-10-19,2025,St Pauli,Hoffenheim,0,3,A,O,2.41,3.45,2.78,2.0,5.0,9.0,7.0,4,1.0,2.0,1.0,0.0,6.0,7.0,-1.0,6.0,4.0,2.0,0.0,3.0,-3.0,0.0,1.0,-1.0,0.0,0.0,0.0,33.3,33.3,66.7,0.0,20.0,17.0,21.0,14.0,1476.9,1491.6
2025-10-19,2025,Freiburg,Ein Frankfurt,2,2,D,O,2.48,3.57,2.6,5.0,3.0,3.0,1.0,4,1.0,2.0,1.0,1.0,5.0,10.0,-5.0,5.0,8.0,-3.0,0.0,2.0,-2.0,1.0,2.0,-1.0,1.0,1.0,0.0,33.3,33.3,66.7,33.3,11.0,15.0,18.0,19.0,1571.7,1608.7
2025-10-18,2025,Wolfsburg,Stuttgart,0,3,A,O,2.6,3.59,2.49,3.0,7.0,3.0,8.0,4,0.0,1.0,1.0,2.0,4.0,4.0,0.0,5.0,6.0,-1.0,-1.0,-2.0,1.0,0.0,0.0,0.0,0.0,1.0,-1.0,0.0,33.3,33.3,66.7,13.0,13.0,16.0,20.0,1496.9,1596.9
2025-10-18,2025,RB Leipzig,Hamburg,2,1,H,O,1.4,5.07,6.34,4.0,3.0,3.0,5.0,3,,0.0,,1.0,,0.0,,,5.0,,,-5.0,,,0.0,,,1.0,,100.0,0.0,0.0,33.3,,10.0,,12.0,1635.5,1448.2
2025-10-18,2025,Mainz,Leverkusen,3,4,A,O,2.78,3.4,2.39,4.0,8.0,2.0,3.0,4,0.0,,3.0,,0.0,,,4.0,,,-4.0,,,0.0,,,1.0,,,0.0,100.0,50.0,0.0,6.0,,18.0,,1534.1,1725.7
2025-10-18,2025,Heidenheim,Werder Bremen,2,2,D,O,2.84,3.53,2.32,11.0,4.0,12.0,2.0,4,1.0,1.0,2.0,2.0,3.0,5.0,-2.0,6.0,8.0,-2.0,-3.0,-3.0,0.0,0.0,1.0,-1.0,2.0,2.0,0.0,33.3,66.7,33.3,66.7,8.0,15.0,10.0,11.0,1439.0,1553.8
2025-10-18,2025,FC Koln,Augsburg,1,1,D,U,1.98,3.79,3.39,2.0,4.0,5.0,2.0,3,,1.0,,2.0,,5.0,,,5.0,,,0.0,,,1.0,,,0.0,,50.0,50.0,33.3,66.7,,12.0,,8.0,1488.3,1494.2
2025-10-18,2025,Bayern Munich,Dortmund,2,1,H,O,1.34,5.52,7.34,7.0,1.0,4.0,3.0,4,3.0,2.0,0.0,0.0,15.0,7.0,8.0,0.0,3.0,-3.0,15.0,4.0,11.0,3.0,2.0,1.0,0.0,0.0,0.0,100.0,0.0,66.7,0.0,35.0,19.0,17.0,11.0,1791.5,1672.3
2025-10-17,2025,Union Berlin,M'gladbach,3,1,H,O,2.17,3.44,3.24,5.0,2.0,6.0,6.0,4,1.0,,1.0,,4.0,,,5.0,,,-1.0,,,0.0,,,1.0,,,33.3,33.3,0.0,50.0,11.0,,19.0,,1514.2,1488.1
2025-10-05,2025,Stuttgart,Heidenheim,1,0,H,U,1.42,4.81,6.48,6.0,1.0,1.0,1.0,3,,,,,,,,,,,,,,,,,,,,100.0,0.0,0.0,100.0,,,,,1590.9,1445.0
2025-10-05,2025,M'gladbach,Freiburg,0,0,D,U,2.27,3.53,2.92,5.0,1.0,4.0,1.0,4,0.0,,2.0,,4.0,,,10.0,,,-6.0,,,0.0,,,2.0,,,0.0,66.7,50.0,50.0,15.0,,20.0,,1485.6,1574.2
2025-10-05,2025,Hamburg,Mainz,4,0,H,O,2.76,3.54,2.36,9.0,4.0,1.0,4.0,3,,,,,,,,,,,,,,,,,,,,50.0,50.0,50.0,0.0,,,,,1435.1,1547.2
2025-10-04,2025,Werder Bremen,St Pauli,1,0,H,U,2.32,3.51,2.86,5.0,3.0,4.0,1.0,3,,,,,,,,,,,,,,,,,,,,0.0,50.0,50.0,50.0,,,,,1545.6,1485.2
2025-10-04,2025,Leverkusen,Union Berlin,2,0,H,U,1.68,3.91,4.65,3.0,3.0,4.0,4.0,4,1.0,,1.0,,5.0,,,4.0,,,1.0,,,1.0,,,0.0,,,33.3,33.3,50.0,50.0,19.0,,13.0,,1720.9,1518.9
2025-10-04,2025,Ein Frankfurt,Bayern Munich,0,3,A,O,5.9,5.19,1.42,1.0,3.0,4.0,3.0,3,,,,,,,,,,,,,,,,,,,,50.0,50.0,100.0,0.0,,,,,1614.1,1786.1
2025-10-04,2025,Dortmund,RB Leipzig,1,1,D,U,1.68,4.36,4.14,3.0,3.0,7.0,7.0,3,,2.0,,1.0,,2.0,,,6.0,,,-4.0,,,0.0,,,1.0,,100.0,0.0,66.7,33.3,,10.0,,21.0,1673.4,1634.4
2025-10-04,2025,Augsburg,Wolfsburg,3,1,H,O,2.71,3.53,2.42,5.0,4.0,10.0,5.0,3,,,,,,,,,,,,,,,,,,,,0.0,100.0,50.0,50.0,,,,,1483.5,1507.6
2025-10-03,2025,Hoffenheim,FC Koln,0,1,A,U,1.91,3.82,3.61,4.0,4.0,11.0,6.0,3,,1.0,,1.0,,5.0,,,6.0,,,-1.0,,,0.0,,,1.0,,0.0,100.0,33.3,33.3,,12.0,,12.0,1502.3,1477.6
2025-09-28,2025,Union Berlin,Hamburg,0,0,D,U,1.97,3.53,3.61,2.0,6.0,5.0,3.0,3,,,,,,,,,,,,,,,,,,,,50.0,50.0,0.0,50.0,,,,,1521.4,1432.6
2025-09-28,2025,Freiburg,Hoffenheim,1,1,D,U,2.19,3.59,3.01,1.0,4.0,6.0,8.0,3,,,,,,,,,,,,,,,,,,,,50.0,50.0,100.0,0.0,,,,,1576.3,1500.1
2025-09-28,2025,FC Koln,Stuttgart,1,2,A,O,2.78,3.64,2.29,6.0,5.0,8.0,8.0,2,,,,,,,,,,,,,,,,,,,,100.0,0.0,0.0,100.0,,,,,1484.9,1583.7
2025-09-27,2025,Wolfsburg,RB Leipzig,0,1,A,U,2.54,3.65,2.5,4.0,6.0,6.0,11.0,3,,,,,,,,,,,,,,,,,,,,0.0,0.0,50.0,50.0,,,,,1514.4,1627.5
2025-09-27,2025,St Pauli,Leverkusen,1,2,A,O,3.12,3.45,2.18,6.0,4.0,13.0,1.0,3,,,,,,,,,,,,,,,,,,,,50.0,0.0,0.0,0.0,,,,,1489.4,1716.7
2025-09-27,2025,Mainz,Dortmund,0,2,A,U,3.14,3.74,2.08,2.0,4.0,7.0,5.0,3,,,,,,,,,,,,,,,,,,,,0.0,100.0,50.0,0.0,,,,,1554.1,1666.6
2025-09-27,2025,M'gladbach,Ein Frankfurt,4,6,A,O,2.98,3.68,2.18,8.0,7.0,4.0,6.0,3,,,,,,,,,,,,,,,,,,,,0.0,50.0,50.0,50.0,,,,,1492.5,1607.3
2025-09-27,2025,Heidenheim,Augsburg,2,1,H,O,2.69,3.46,2.46,5.0,2.0,3.0,2.0,3,,,,,,,,,,,,,,,,,,,,0.0,100.0,50.0,50.0,,,,,1433.3,1495.3
2025-09-26,2025,Bayern Munich,Werder Bremen,4,0,H,O,1.09,10.97,20.23,13.0,3.0,7.0,6.0,3,,,,,,,,,,,,,,,,,,,,100.0,0.0,50.0,50.0,,,,,1781.9,1549.7
2025-09-21,2025,Leverkusen,M'gladbach,1,1,D,U,1.55,4.52,5.01,9.0,7.0,3.0,4.0,3,,,,,,,,,,,,,,,,,,,,50.0,50.0,0.0,100.0,,,,,1722.6,1486.5
2025-09-21,2025,Ein Frankfurt,Union Berlin,3,4,A,O,1.55,4.27,5.27,10.0,5.0,5.0,1.0,2,,,,,,,,,,,,,,,,,,,,100.0,0.0,0.0,100.0,,,,,1620.4,1508.3
2025-09-21,2025,Dortmund,Wolfsburg,1,0,H,U,1.47,4.72,5.78,4.0,1.0,9.0,3.0,2,,,,,,,,,,,,,,,,,,,,100.0,0.0,100.0,0.0,,,,,1660.4,1520.6
2025-09-20,2025,Werder Bremen,Freiburg,0,3,A,O,2.37,3.59,2.72,5.0,5.0,2.0,0.0,2,,,,,,,,,,,,,,,,,,,,0.0,0.0,0.0,100.0,,,,,1559.5,1566.6
2025-09-20,2025,RB Leipzig,FC Koln,3,1,H,O,1.65,4.15,4.61,8.0,2.0,9.0,5.0,2,,,,,,,,,,,,,,,,,,,,100.0,0.0,50.0,0.0,,,,,1621.1,1491.3
2025-09-20,2025,Hoffenheim,Bayern Munich,1,4,A,O,7.48,5.7,1.32,4.0,10.0,5.0,5.0,2,,,,,,,,,,,,,,,,,,,,0.0,100.0,100.0,0.0,,,,,1503.5,1778.5
2025-09-20,2025,Hamburg,Heidenheim,2,1,H,O,2.02,3.51,3.45,9.0,8.0,1.0,12.0,2,,,,,,,,,,,,,,,,,,,,0.0,100.0,0.0,100.0,,,,,1421.9,1443.9
2025-09-20,2025,Augsburg,Mainz,1,4,A,O,2.66,3.34,2.55,5.0,4.0,6.0,6.0,2,,,,,,,,,,,,,,,,,,,,0.0,100.0,0.0,0.0,,,,,1504.1,1545.3
2025-09-19,2025,Stuttgart,St Pauli,2,0,H,U,1.75,3.89,4.33,8.0,2.0,8.0,4.0,2,,,,,,,,,,,,,,,,,,,,100.0,0.0,100.0,0.0,,,,,1575.9,1497.2
2025-09-14,2025,St Pauli,Augsburg,2,1,H,O,2.19,3.31,3.25,7.0,5.0,3.0,1.0,2,,,,,,,,,,,,,,,,,,,,0.0,0.0,100.0,0.0,,,,,1486.4,1514.9
2025-09-14,2025,M'gladbach,Werder Bremen,0,4,A,O,1.92,3.92,3.46,3.0,7.0,9.0,4.0,2,,,,,,,,,,,,,,,,,,,,0.0,0.0,0.0,100.0,,,,,1494.9,1551.1
2025-09-13,2025,Wolfsburg,FC Koln,3,3,D,O,1.96,3.56,3.66,6.0,8.0,7.0,4.0,2,,,,,,,,,,,,,,,,,,,,0.0,0.0,100.0,0.0,,,,,1521.5,1490.4
2025-09-13,2025,Union Berlin,Hoffenheim,2,4,A,O,2.56,3.39,2.64,7.0,8.0,9.0,2.0,2,,,,,,,,,,,,,,,,,,,,100.0,0.0,100.0,0.0,,,,,1519.1,1492.8
2025-09-13,2025,Mainz,RB Leipzig,0,1,A,U,2.56,3.58,2.53,2.0,3.0,3.0,5.0,2,,,,,,,,,,,,,,,,,,,,0.0,100.0,0.0,100.0,,,,,1553.6,1612.8
2025-09-13,2025,Heidenheim,Dortmund,0,2,A,U,5.16,4.39,1.55,1.0,8.0,5.0,4.0,2,,,,,,,,,,,,,,,,,,,,0.0,100.0,0.0,0.0,,,,,1448.6,1655.7
2025-09-13,2025,Freiburg,Stuttgart,3,1,H,O,2.84,3.59,2.29,6.0,2.0,7.0,1.0,2,,,,,,,,,,,,,,,,,,,,0.0,100.0,0.0,100.0,,,,,1555.7,1586.8
2025-09-13,2025,Bayern Munich,Hamburg,5,0,H,O,1.06,11.91,26.44,12.0,2.0,5.0,3.0,2,,,,,,,,,,,,,,,,,,,,100.0,0.0,0.0,0.0,,,,,1776.2,1424.3
2025-09-12,2025,Leverkusen,Ein Frankfurt,3,1,H,O,2.1,3.8,3.11,8.0,2.0,4.0,8.0,2,,,,,,,,,,,,,,,,,,,,0.0,100.0,100.0,0.0,,,,,1715.0,1628.0
2025-08-31,2025,Wolfsburg,Mainz,1,1,D,U,2.04,3.62,3.34,3.0,3.0,3.0,10.0,1,,,,,,,,,,,,,,,,,,,,,,,,,,,,1520.5,1554.6
2025-08-31,2025,FC Koln,Freiburg,4,1,H,O,2.5,3.26,2.74,6.0,2.0,3.0,5.0,1,,,,,,,,,,,,,,,,,,,,,,,,,,,,1477.8,1568.2
2025-08-31,2025,Dortmund,Union Berlin,3,0,H,O,1.38,5.06,7.02,6.0,3.0,4.0,6.0,1,,,,,,,,,,,,,,,,,,,,,,,,,,,,1649.2,1525.6
2025-08-30,2025,Werder Bremen,Leverkusen,3,3,D,O,3.56,3.83,1.91,5.0,4.0,3.0,7.0,1,,,,,,,,,,,,,,,,,,,,,,,,,,,,1546.5,1719.6
2025-08-30,2025,Stuttgart,M'gladbach,1,0,H,U,1.59,4.45,4.75,5.0,6.0,6.0,10.0,1,,,,,,,,,,,,,,,,,,,,,,,,,,,,1579.0,1502.8
2025-08-30,2025,RB Leipzig,Heidenheim,2,0,H,U,1.42,4.83,6.48,5.0,3.0,4.0,3.0,1,,,,,,,,,,,,,,,,,,,,,,,,,,,,1606.9,1454.4
2025-08-30,2025,Hoffenheim,Ein Frankfurt,1,3,A,O,2.84,3.76,2.24,5.0,6.0,4.0,5.0,1,,,,,,,,,,,,,,,,,,,,,,,,,,,,1499.4,1621.4
2025-08-30,2025,Augsburg,Bayern Munich,2,3,A,O,9.87,6.41,1.24,3.0,10.0,7.0,5.0,1,,,,,,,,,,,,,,,,,,,,,,,,,,,,1518.7,1772.4
2025-08-29,2025,Hamburg,St Pauli,0,2,A,U,2.39,3.26,2.99,2.0,6.0,2.0,5.0,1,,,,,,,,,,,,,,,,,,,,,,,,,,,,1433.0,1477.7
2025-08-24,2025,Mainz,FC Koln,0,1,A,U,1.86,3.61,3.95,2.0,2.0,8.0,3.0,1,,,,,,,,,,,,,,,,,,,,,,,,,,,,1567.4,1465.0
2025-08-24,2025,M'gladbach,Hamburg,0,0,D,U,1.82,3.92,3.78,4.0,2.0,7.0,6.0,1,,,,,,,,,,,,,,,,,,,,,,,,,,,,1504.9,1430.9
2025-08-23,2025,Union Berlin,Stuttgart,2,1,H,O,3.3,3.59,2.06,2.0,6.0,5.0,11.0,1,,,,,,,,,,,,,,,,,,,,,,,,,,,,1513.4,1591.2
2025-08-23,2025,St Pauli,Dortmund,3,3,D,O,4.52,3.85,1.71,7.0,7.0,5.0,2.0,1,,,,,,,,,,,,,,,,,,,,,,,,,,,,1472.9,1653.9
2025-08-23,2025,Leverkusen,Hoffenheim,1,2,A,O,1.5,4.63,5.56,2.0,5.0,6.0,4.0,1,,,,,,,,,,,,,,,,,,,,,,,,,,,,1735.8,1483.2
2025-08-23,2025,Heidenheim,Wolfsburg,1,3,A,O,3.05,3.51,2.2,2.0,5.0,2.0,5.0,1,,,,,,,,,,,,,,,,,,,,,,,,,,,,1463.0,1511.9
2025-08-23,2025,Freiburg,Augsburg,1,3,A,O,1.82,3.58,4.25,4.0,5.0,5.0,5.0,1,,,,,,,,,,,,,,,,,,,,,,,,,,,,1580.3,1506.6
2025-08-23,2025,Ein Frankfurt,Werder Bremen,4,1,H,O,1.69,4.0,4.46,5.0,5.0,7.0,1.0,1,,,,,,,,,,,,,,,,,,,,,,,,,,,,1613.0,1554.9
2025-08-22,2025,Bayern Munich,RB Leipzig,6,0,H,O,1.21,7.13,10.3,10.0,1.0,5.0,5.0,1,,,,,,,,,,,,,,,,,,,,,,,,,,,,1766.6,1612.8
2025-05-17,2024,St Pauli,Bochum,0,2,A,U,1.67,4.2,4.68,2.0,6.0,7.0,4.0,17,0.0,0.0,1.0,2.0,2.0,1.0,1.0,3.0,4.0,-1.0,-1.0,-3.0,2.0,0.0,0.0,0.0,0.0,1.0,-1.0,18.8,50.0,12.5,68.8,15.0,7.0,19.0,13.0,1484.8,1417.6
2025-05-17,2024,RB Leipzig,Stuttgart,2,3,A,O,1.99,4.24,3.19,5.0,7.0,5.0,8.0,17,1.0,2.0,0.0,0.0,7.0,9.0,-2.0,5.0,4.0,1.0,2.0,5.0,-3.0,1.0,1.0,0.0,0.0,0.0,0.0,50.0,12.5,37.5,25.0,15.0,20.0,19.0,13.0,1624.0,1579.9
2025-05-17,2024,Mainz,Leverkusen,2,2,D,O,2.18,3.94,2.94,6.0,4.0,7.0,3.0,17,0.0,1.0,0.0,0.0,4.0,4.0,0.0,4.0,3.0,1.0,0.0,1.0,-1.0,0.0,0.0,0.0,0.0,0.0,0.0,37.5,18.8,56.2,0.0,13.0,8.0,19.0,5.0,1562.7,1740.6
2025-05-17,2024,M'gladbach,Wolfsburg,0,1,A,U,2.19,4.23,2.79,3.0,6.0,7.0,10.0,17,1.0,0.0,1.0,2.0,6.0,2.0,4.0,6.0,7.0,-1.0,0.0,-5.0,5.0,0.0,0.0,0.0,0.0,1.0,-1.0,43.8,37.5,43.8,37.5,11.0,9.0,13.0,12.0,1515.3,1501.5
2025-05-17,2024,Hoffenheim,Bayern Munich,0,4,A,O,5.11,5.23,1.5,2.0,5.0,1.0,4.0,17,1.0,2.0,1.0,0.0,5.0,10.0,-5.0,4.0,4.0,0.0,1.0,6.0,-5.0,1.0,2.0,-1.0,0.0,0.0,0.0,25.0,43.8,62.5,6.2,12.0,24.0,8.0,15.0,1486.6,1763.2
2025-05-17,2024,Heidenheim,Werder Bremen,1,4,A,O,2.3,3.87,2.78,8.0,7.0,6.0,4.0,17,0.0,2.0,2.0,0.0,0.0,7.0,-7.0,5.0,3.0,2.0,-5.0,4.0,-9.0,0.0,1.0,-1.0,1.0,0.0,1.0,18.8,68.8,50.0,31.2,6.0,18.0,14.0,13.0,1470.9,1547.0
2025-05-17,2024,Freiburg,Ein Frankfurt,1,3,A,O,2.37,3.72,2.76,1.0,6.0,4.0,7.0,17,1.0,0.0,1.0,1.0,6.0,1.0,5.0,8.0,3.0,5.0,-2.0,-2.0,0.0,0.0,0.0,0.0,1.0,1.0,0.0,56.2,25.0,37.5,31.2,13.0,7.0,9.0,16.0,1589.9,1603.4
2025-05-17,2024,Dortmund,Holstein Kiel,3,0,H,O,1.08,12.72,21.58,6.0,2.0,7.0,1.0,17,3.0,1.0,0.0,0.0,10.0,5.0,5.0,3.0,3.0,0.0,7.0,2.0,5.0,2.0,1.0,1.0,0.0,0.0,0.0,62.5,18.8,12.5,56.2,18.0,13.0,16.0,11.0,1649.1,1451.3
2025-05-17,2024,Augsburg,Union Berlin,1,2,A,O,2.08,3.47,3.52,4.0,4.0,4.0,0.0,17,0.0,1.0,2.0,0.0,2.0,3.0,-1.0,6.0,2.0,4.0,-4.0,1.0,-5.0,0.0,0.0,0.0,2.0,0.0,2.0,37.5,31.2,25.0,50.0,15.0,10.0,17.0,10.0,1517.0,1503.0
2025-05-11,2024,Stuttgart,Augsburg,4,0,H,O,1.55,4.46,5.47,11.0,0.0,11.0,2.0,17,0.0,1.0,3.0,1.0,4.0,3.0,1.0,7.0,4.0,3.0,-3.0,-1.0,-2.0,0.0,0.0,0.0,0.0,1.0,-1.0,37.5,50.0,31.2,37.5,13.0,11.0,10.0,15.0,1571.2,1525.7
2025-05-11,2024,Leverkusen,Dortmund,2,4,A,O,2.65,3.94,2.39,10.0,5.0,12.0,0.0,17,2.0,2.0,0.0,0.0,5.0,9.0,-4.0,1.0,5.0,-4.0,4.0,4.0,0.0,2.0,1.0,1.0,0.0,0.0,0.0,62.5,12.5,31.2,50.0,13.0,18.0,13.0,14.0,1753.8,1635.8
2025-05-11,2024,Ein Frankfurt,St Pauli,2,2,D,O,1.52,4.49,5.96,5.0,2.0,3.0,1.0,17,3.0,1.0,0.0,1.0,8.0,4.0,4.0,0.0,4.0,-4.0,8.0,0.0,8.0,2.0,0.0,2.0,0.0,0.0,0.0,62.5,18.8,31.2,56.2,20.0,14.0,19.0,10.0,1606.9,1481.3
2025-05-10,2024,Werder Bremen,RB Leipzig,0,0,D,U,2.36,3.68,2.82,6.0,4.0,11.0,4.0,17,2.0,1.0,0.0,2.0,3.0,3.0,0.0,0.0,7.0,-7.0,3.0,-4.0,7.0,1.0,0.0,1.0,0.0,1.0,-1.0,31.2,37.5,31.2,37.5,10.0,11.0,8.0,17.0,1544.7,1626.3
2025-05-10,2024,Union Berlin,Heidenheim,0,3,A,O,2.19,3.47,3.28,1.0,4.0,1.0,2.0,17,1.0,2.0,0.0,1.0,7.0,2.0,5.0,6.0,3.0,3.0,1.0,-1.0,2.0,0.0,0.0,0.0,0.0,1.0,-1.0,31.2,31.2,25.0,56.2,15.0,9.0,14.0,13.0,1514.6,1459.3
2025-05-10,2024,Holstein Kiel,Freiburg,1,2,A,O,3.21,3.8,2.09,3.0,4.0,2.0,5.0,17,1.0,2.0,2.0,0.0,5.0,5.0,0.0,8.0,3.0,5.0,-3.0,2.0,-5.0,0.0,0.0,0.0,1.0,0.0,1.0,25.0,62.5,37.5,37.5,13.0,17.0,13.0,12.0,1457.9,1583.4
2025-05-10,2024,Bochum,Mainz,1,4,A,O,2.95,3.68,2.27,6.0,8.0,6.0,6.0,17,0.0,0.0,2.0,3.0,2.0,1.0,1.0,7.0,8.0,-1.0,-5.0,-7.0,2.0,0.0,0.0,0.0,1.0,3.0,-2.0,18.8,56.2,43.8,43.8,15.0,7.0,19.0,15.0,1424.0,1556.3
2025-05-10,2024,Bayern Munich,M'gladbach,2,0,H,U,1.16,9.49,12.4,9.0,6.0,4.0,9.0,17,2.0,0.0,0.0,2.0,8.0,6.0,2.0,4.0,8.0,-4.0,4.0,-2.0,6.0,1.0,0.0,1.0,0.0,0.0,0.0,81.2,6.2,37.5,43.8,26.0,13.0,15.0,12.0,1759.2,1519.3
2025-05-09,2024,Wolfsburg,Hoffenheim,2,2,D,O,2.29,3.7,2.94,5.0,7.0,5.0,6.0,17,0.0,0.0,3.0,2.0,2.0,7.0,-5.0,5.0,10.0,-5.0,-3.0,-3.0,0.0,0.0,0.0,0.0,0.0,1.0,-1.0,18.8,43.8,18.8,50.0,9.0,19.0,15.0,15.0,1502.0,1486.1
2025-05-04,2024,Mainz,Ein Frankfurt,1,1,D,U,2.38,3.64,2.82,3.0,2.0,8.0,1.0,16,0.0,1.0,0.0,1.0,5.0,3.0,2.0,5.0,3.0,2.0,0.0,0.0,0.0,0.0,1.0,-1.0,0.0,1.0,-1.0,40.0,20.0,40.0,33.3,14.0,12.0,12.0,18.0,1554.8,1608.4
2025-05-04,2024,Freiburg,Leverkusen,2,2,D,O,3.08,3.51,2.27,4.0,2.0,4.0,1.0,16,1.0,2.0,2.0,0.0,5.0,6.0,-1.0,8.0,4.0,4.0,-3.0,2.0,-5.0,0.0,0.0,0.0,1.0,0.0,1.0,60.0,26.7,60.0,0.0,12.0,10.0,8.0,14.0,1578.6,1758.6
2025-05-04,2024,Augsburg,Holstein Kiel,1,3,A,O,1.84,3.76,4.14,10.0,5.0,12.0,0.0,16,1.0,0.0,1.0,1.0,2.0,3.0,-1.0,3.0,5.0,-2.0,-1.0,-2.0,1.0,0.0,0.0,0.0,1.0,1.0,0.0,40.0,26.7,6.7,60.0,7.0,12.0,6.0,16.0,1538.3,1445.2
2025-05-03,2024,Union Berlin,Werder Bremen,2,2,D,O,2.72,3.42,2.56,7.0,6.0,5.0,5.0,16,1.0,3.0,0.0,0.0,6.0,7.0,-1.0,5.0,1.0,4.0,1.0,6.0,-5.0,0.0,2.0,-2.0,0.0,0.0,0.0,33.3,33.3,53.3,33.3,11.0,19.0,11.0,11.0,1513.7,1545.6
2025-05-03,2024,St Pauli,Stuttgart,0,1,A,U,2.67,3.47,2.57,1.0,8.0,4.0,4.0,16,1.0,1.0,0.0,1.0,3.0,8.0,-5.0,2.0,5.0,-3.0,1.0,3.0,-2.0,0.0,1.0,-1.0,0.0,0.0,0.0,20.0,46.7,33.3,26.7,19.0,14.0,26.0,19.0,1489.2,1563.3
2025-05-03,2024,RB Leipzig,Bayern Munich,3,3,D,O,4.49,4.57,1.64,6.0,6.0,2.0,7.0,16,2.0,2.0,0.0,0.0,6.0,8.0,-2.0,2.0,2.0,0.0,4.0,6.0,-2.0,2.0,2.0,0.0,0.0,0.0,0.0,53.3,13.3,66.7,6.7,14.0,22.0,20.0,22.0,1622.5,1763.0
2025-05-03,2024,M'gladbach,Hoffenheim,4,4,D,O,2.1,3.95,3.11,7.0,8.0,4.0,7.0,16,1.0,0.0,2.0,3.0,3.0,3.0,0.0,5.0,7.0,-2.0,-2.0,-4.0,2.0,0.0,0.0,0.0,1.0,1.0,0.0,46.7,40.0,20.0,53.3,8.0,11.0,13.0,10.0,1520.3,1485.1
2025-05-03,2024,Dortmund,Wolfsburg,4,0,H,O,1.32,5.97,7.96,5.0,2.0,4.0,3.0,16,2.0,0.0,1.0,2.0,6.0,2.0,4.0,4.0,4.0,0.0,2.0,-2.0,4.0,1.0,0.0,1.0,0.0,0.0,0.0,60.0,20.0,46.7,33.3,14.0,9.0,24.0,13.0,1629.1,1508.7
2025-05-02,2024,Heidenheim,Bochum,0,0,D,U,2.29,3.54,3.06,3.0,3.0,6.0,4.0,16,1.0,1.0,2.0,2.0,3.0,4.0,-1.0,6.0,6.0,0.0,-3.0,-2.0,-1.0,1.0,0.0,1.0,1.0,1.0,0.0,20.0,73.3,13.3,73.3,8.0,9.0,11.0,12.0,1460.4,1422.9
2025-04-27,2024,Werder Bremen,St Pauli,0,0,D,U,1.9,3.68,3.93,2.0,4.0,1.0,3.0,16,2.0,1.0,1.0,1.0,5.0,5.0,0.0,4.0,5.0,-1.0,1.0,0.0,1.0,1.0,0.0,1.0,1.0,0.0,1.0,33.3,40.0,33.3,60.0,10.0,14.0,11.0,13.0,1547.3,1487.5
2025-04-27,2024,Bochum,Union Berlin,1,1,D,U,2.3,3.49,3.04,4.0,1.0,10.0,4.0,16,0.0,2.0,3.0,0.0,2.0,4.0,-2.0,9.0,2.0,7.0,-7.0,2.0,-9.0,0.0,0.0,0.0,2.0,0.0,2.0,20.0,60.0,26.7,53.3,18.0,12.0,17.0,11.0,1420.2,1516.4
2025-04-26,2024,Wolfsburg,Freiburg,0,1,A,U,2.4,3.56,2.84,1.0,2.0,3.0,2.0,16,0.0,1.0,2.0,0.0,3.0,4.0,-1.0,5.0,3.0,2.0,-2.0,1.0,-3.0,0.0,0.0,0.0,0.0,0.0,0.0,20.0,40.0,33.3,40.0,12.0,18.0,18.0,12.0,1517.2,1570.1
2025-04-26,2024,Leverkusen,Augsburg,2,0,H,U,1.36,5.01,8.72,5.0,2.0,3.0,7.0,16,1.0,2.0,1.0,0.0,3.0,4.0,-1.0,3.0,2.0,1.0,0.0,2.0,-2.0,1.0,0.0,1.0,1.0,0.0,1.0,60.0,13.3,33.3,33.3,12.0,10.0,20.0,11.0,1754.0,1542.9
2025-04-26,2024,Holstein Kiel,M'gladbach,4,3,H,O,3.06,3.86,2.15,11.0,7.0,7.0,8.0,16,0.0,1.0,2.0,1.0,3.0,7.0,-4.0,7.0,6.0,1.0,-4.0,1.0,-5.0,0.0,1.0,-1.0,1.0,0.0,1.0,20.0,66.7,40.0,40.0,7.0,13.0,9.0,5.0,1432.4,1533.1
2025-04-26,2024,Hoffenheim,Dortmund,2,3,A,O,4.15,4.3,1.73,3.0,8.0,2.0,5.0,16,1.0,1.0,0.0,1.0,4.0,6.0,-2.0,2.0,5.0,-3.0,2.0,1.0,1.0,1.0,1.0,0.0,0.0,1.0,-1.0,26.7,40.0,26.7,53.3,12.0,19.0,12.0,21.0,1491.5,1622.8
2025-04-26,2024,Ein Frankfurt,RB Leipzig,4,0,H,O,2.16,3.84,3.03,6.0,3.0,8.0,4.0,16,2.0,1.0,1.0,1.0,5.0,3.0,2.0,2.0,3.0,-1.0,3.0,0.0,3.0,1.0,0.0,1.0,0.0,0.0,0.0,60.0,20.0,33.3,33.3,17.0,11.0,12.0,19.0,1597.4,1633.5
2025-04-26,2024,Bayern Munich,Mainz,3,0,H,O,1.22,7.12,11.36,6.0,3.0,4.0,4.0,16,1.0,1.0,1.0,2.0,7.0,4.0,3.0,7.0,6.0,1.0,0.0,-2.0,2.0,0.0,1.0,-1.0,0.0,2.0,-2.0,80.0,6.7,46.7,40.0,25.0,12.0,20.0,14.0,1758.2,1559.7
2025-04-25,2024,Stuttgart,Heidenheim,0,1,A,U,1.49,4.9,5.87,3.0,2.0,6.0,5.0,16,0.0,1.0,3.0,1.0,5.0,2.0,3.0,9.0,4.0,5.0,-4.0,-2.0,-2.0,0.0,0.0,0.0,1.0,1.0,0.0,40.0,46.7,20.0,60.0,13.0,12.0,8.0,12.0,1576.9,1446.8
2025-04-20,2024,St Pauli,Leverkusen,1,1,D,U,5.15,3.85,1.67,5.0,4.0,4.0,4.0,15,1.0,3.0,1.0,0.0,2.0,9.0,-7.0,3.0,4.0,-1.0,-1.0,5.0,-6.0,0.0,1.0,-1.0,1.0,0.0,1.0,21.4,50.0,64.3,0.0,15.0,15.0,29.0,16.0,1480.8,1760.7
2025-04-20,2024,Dortmund,M'gladbach,3,2,H,O,1.41,5.25,6.6,6.0,3.0,6.0,2.0,15,2.0,2.0,1.0,0.0,9.0,8.0,1.0,2.0,3.0,-1.0,7.0,5.0,2.0,2.0,2.0,0.0,0.0,0.0,0.0,57.1,21.4,42.9,35.7,16.0,15.0,23.0,5.0,1614.8,1541.0
2025-04-20,2024,Augsburg,Ein Frankfurt,0,0,D,U,2.58,3.36,2.72,2.0,5.0,3.0,9.0,15,1.0,1.0,1.0,2.0,2.0,3.0,-1.0,3.0,7.0,-4.0,-1.0,-4.0,3.0,0.0,1.0,-1.0,1.0,2.0,-1.0,42.9,28.6,42.9,35.7,10.0,9.0,8.0,10.0,1541.3,1599.0
2025-04-19,2024,Werder Bremen,Bochum,1,0,H,U,1.73,4.11,4.35,4.0,1.0,2.0,7.0,15,1.0,1.0,2.0,1.0,5.0,5.0,0.0,6.0,6.0,0.0,-1.0,-1.0,0.0,1.0,0.0,1.0,1.0,1.0,0.0,28.6,42.9,14.3,71.4,13.0,13.0,17.0,10.0,1540.5,1427.0
2025-04-19,2024,Union Berlin,Stuttgart,4,4,D,O,2.83,3.4,2.48,5.0,6.0,3.0,5.0,15,1.0,1.0,1.0,1.0,2.0,6.0,-4.0,2.0,3.0,-1.0,0.0,3.0,-3.0,0.0,1.0,-1.0,0.0,0.0,0.0,35.7,35.7,35.7,28.6,9.0,10.0,19.0,15.0,1514.6,1578.7
2025-04-19,2024,RB Leipzig,Holstein Kiel,1,1,D,U,1.31,5.89,8.51,4.0,3.0,9.0,7.0,15,2.0,1.0,1.0,1.0,6.0,3.0,3.0,3.0,4.0,-1.0,3.0,-1.0,4.0,2.0,0.0,2.0,0.0,1.0,-1.0,57.1,14.3,7.1,64.3,14.0,12.0,18.0,12.0,1639.0,1427.0
2025-04-19,2024,Mainz,Wolfsburg,2,2,D,O,2.02,3.65,3.53,7.0,4.0,7.0,5.0,15,1.0,1.0,0.0,2.0,5.0,2.0,3.0,3.0,3.0,0.0,2.0,-1.0,3.0,1.0,0.0,1.0,0.0,0.0,0.0,42.9,21.4,50.0,35.7,12.0,8.0,11.0,10.0,1560.9,1515.9
2025-04-19,2024,Heidenheim,Bayern Munich,0,4,A,O,9.41,6.18,1.28,1.0,11.0,4.0,4.0,15,1.0,2.0,2.0,0.0,3.0,7.0,-4.0,5.0,3.0,2.0,-2.0,4.0,-6.0,1.0,2.0,-1.0,1.0,0.0,1.0,21.4,71.4,64.3,7.1,12.0,19.0,13.0,24.0,1449.7,1755.2
2025-04-19,2024,Freiburg,Hoffenheim,3,2,H,O,1.94,3.72,3.76,6.0,6.0,2.0,6.0,15,0.0,1.0,2.0,2.0,2.0,2.0,0.0,6.0,4.0,2.0,-4.0,-2.0,-2.0,0.0,0.0,0.0,1.0,1.0,0.0,57.1,28.6,21.4,50.0,8.0,7.0,8.0,9.0,1561.9,1499.7
2025-04-13,2024,Stuttgart,Werder Bremen,1,2,A,O,1.64,4.45,4.57,4.0,5.0,3.0,4.0,15,0.0,2.0,3.0,1.0,5.0,5.0,0.0,9.0,5.0,4.0,-4.0,0.0,-4.0,0.0,2.0,-2.0,1.0,1.0,0.0,42.9,42.9,50.0,35.7,13.0,17.0,12.0,14.0,1590.5,1528.7
2025-04-13,2024,Ein Frankfurt,Heidenheim,3,0,H,O,1.72,4.08,4.41,8.0,3.0,5.0,3.0,15,1.0,1.0,2.0,0.0,3.0,4.0,-1.0,6.0,3.0,3.0,-3.0,1.0,-4.0,0.0,0.0,0.0,1.0,0.0,1.0,57.1,21.4,21.4,57.1,12.0,11.0,9.0,13.0,1592.8,1456.0
2025-04-12,2024,M'gladbach,Freiburg,1,2,A,O,2.18,3.65,3.15,1.0,7.0,4.0,6.0,15,1.0,1.0,2.0,0.0,2.0,3.0,-1.0,6.0,2.0,4.0,-4.0,1.0,-5.0,0.0,0.0,0.0,2.0,0.0,2.0,50.0,35.7,28.6,42.9,12.0,15.0,11.0,12.0,1551.0,1551.9
2025-04-12,2024,Leverkusen,Union Berlin,0,0,D,U,1.33,5.32,8.99,3.0,3.0,7.0,3.0,15,1.0,2.0,1.0,1.0,3.0,4.0,-1.0,3.0,8.0,-5.0,0.0,-4.0,4.0,1.0,0.0,1.0,1.0,1.0,0.0,64.3,14.3,28.6,57.1,12.0,10.0,19.0,11.0,1767.0,1508.3
2025-04-12,2024,Holstein Kiel,St Pauli,1,2,A,O,3.16,3.37,2.29,2.0,6.0,3.0,3.0,15,0.0,0.0,2.0,2.0,2.0,3.0,-1.0,7.0,6.0,1.0,-5.0,-3.0,-2.0,0.0,0.0,0.0,2.0,1.0,1.0,21.4,64.3,28.6,64.3,8.0,8.0,11.0,15.0,1436.0,1471.9
2025-04-12,2024,Hoffenheim,Mainz,2,0,H,U,2.66,3.46,2.59,5.0,1.0,4.0,7.0,15,0.0,2.0,0.0,1.0,3.0,6.0,-3.0,3.0,5.0,-2.0,0.0,1.0,-1.0,0.0,1.0,-1.0,0.0,1.0,-1.0,21.4,42.9,50.0,35.7,9.0,14.0,12.0,8.0,1487.3,1573.4
2025-04-12,2024,Bochum,Augsburg,1,2,A,O,2.46,3.34,2.9,9.0,5.0,7.0,6.0,15,0.0,2.0,3.0,0.0,1.0,5.0,-4.0,8.0,1.0,7.0,-7.0,4.0,-11.0,0.0,1.0,-1.0,2.0,0.0,2.0,21.4,57.1,28.6,35.7,12.0,9.0,18.0,9.0,1434.2,1534.1
2025-04-12,2024,Bayern Munich,Dortmund,2,2,D,O,1.43,5.2,6.4,11.0,3.0,6.0,5.0,15,2.0,2.0,1.0,1.0,9.0,6.0,3.0,5.0,3.0,2.0,4.0,3.0,1.0,1.0,2.0,-1.0,0.0,1.0,-1.0,85.7,7.1,28.6,57.1,26.0,19.0,18.0,17.0,1759.3,1610.8
2025-04-11,2024,Wolfsburg,RB Leipzig,2,3,A,O,2.9,3.7,2.32,6.0,5.0,8.0,5.0,15,0.0,0.0,1.0,1.0,2.0,0.0,2.0,3.0,1.0,2.0,-1.0,-1.0,0.0,0.0,0.0,0.0,0.0,0.0,0.0,21.4,35.7,28.6,35.7,12.0,10.0,13.0,23.0,1522.8,1632.0
2025-04-06,2024,Union Berlin,Wolfsburg,1,0,H,U,2.45,3.31,2.92,3.0,3.0,6.0,4.0,14,0.0,2.0,2.0,1.0,2.0,4.0,-2.0,4.0,3.0,1.0,-2.0,1.0,-3.0,0.0,0.0,0.0,0.0,0.0,0.0,30.8,38.5,53.8,30.8,9.0,8.0,17.0,11.0,1497.2,1533.9
2025-04-06,2024,St Pauli,M'gladbach,1,1,D,U,2.49,3.4,2.8,9.0,3.0,11.0,2.0,14,1.0,3.0,2.0,0.0,1.0,9.0,-8.0,3.0,3.0,0.0,-2.0,6.0,-8.0,0.0,2.0,-2.0,1.0,0.0,1.0,23.1,53.8,46.2,38.5,7.0,17.0,20.0,8.0,1469.5,1553.4
2025-04-05,2024,Werder Bremen,Ein Frankfurt,2,0,H,U,2.64,3.67,2.51,4.0,0.0,5.0,6.0,14,0.0,1.0,3.0,1.0,4.0,4.0,0.0,9.0,6.0,3.0,-5.0,-2.0,-3.0,0.0,1.0,-1.0,2.0,1.0,1.0,23.1,46.2,46.2,30.8,10.0,16.0,18.0,5.0,1516.2,1605.3
2025-04-05,2024,RB Leipzig,Hoffenheim,3,1,H,O,1.54,4.53,5.57,5.0,5.0,8.0,2.0,14,1.0,2.0,1.0,1.0,5.0,4.0,1.0,4.0,2.0,2.0,1.0,2.0,-1.0,1.0,1.0,0.0,0.0,0.0,0.0,53.8,15.4,23.1,46.2,15.0,9.0,17.0,11.0,1625.6,1493.7
2025-04-05,2024,Mainz,Holstein Kiel,1,1,D,U,1.44,4.72,6.92,3.0,5.0,4.0,4.0,14,1.0,1.0,0.0,2.0,4.0,3.0,1.0,2.0,6.0,-4.0,2.0,-3.0,5.0,1.0,0.0,1.0,0.0,2.0,-2.0,46.2,23.1,7.7,69.2,14.0,11.0,8.0,14.0,1577.3,1432.0
2025-04-05,2024,Heidenheim,Leverkusen,0,1,A,U,6.78,4.7,1.44,2.0,2.0,4.0,0.0,14,1.0,3.0,2.0,0.0,3.0,10.0,-7.0,6.0,4.0,2.0,-3.0,6.0,-9.0,1.0,2.0,-1.0,2.0,0.0,2.0,23.1,69.2,61.5,0.0,13.0,21.0,17.0,27.0,1458.9,1764.1
2025-04-05,2024,Freiburg,Dortmund,1,4,A,O,3.07,3.53,2.27,3.0,7.0,3.0,4.0,14,1.0,1.0,1.0,2.0,6.0,2.0,4.0,2.0,4.0,-2.0,4.0,-2.0,6.0,1.0,1.0,0.0,0.0,2.0,-2.0,61.5,23.1,23.1,61.5,13.0,14.0,8.0,21.0,1560.7,1602.0
2025-04-05,2024,Bochum,Stuttgart,0,4,A,O,3.13,3.71,2.16,2.0,6.0,2.0,4.0,14,1.0,0.0,2.0,1.0,3.0,3.0,0.0,4.0,4.0,0.0,-1.0,-1.0,0.0,1.0,0.0,1.0,1.0,0.0,1.0,23.1,53.8,30.8,30.8,19.0,11.0,18.0,19.0,1440.3,1584.4
2025-04-04,2024,Augsburg,Bayern Munich,1,3,A,O,7.41,4.85,1.42,3.0,7.0,2.0,4.0,14,1.0,1.0,0.0,0.0,1.0,4.0,-3.0,0.0,2.0,-2.0,1.0,2.0,-1.0,0.0,1.0,-1.0,0.0,0.0,0.0,46.2,23.1,61.5,7.7,9.0,12.0,14.0,20.0,1538.5,1754.8
2025-03-30,2024,Freiburg,Union Berlin,1,2,A,O,2.0,3.43,3.89,3.0,6.0,3.0,3.0,13,2.0,2.0,0.0,1.0,6.0,6.0,0.0,0.0,7.0,-7.0,6.0,-1.0,7.0,1.0,1.0,0.0,0.0,1.0,-1.0,66.7,16.7,23.1,61.5,13.0,11.0,11.0,12.0,1573.2,1484.7
2025-03-30,2024,Dortmund,Mainz,3,1,H,O,1.66,4.1,4.86,7.0,3.0,6.0,4.0,14,1.0,3.0,2.0,0.0,7.0,7.0,0.0,3.0,2.0,1.0,4.0,5.0,-1.0,1.0,2.0,-1.0,0.0,0.0,0.0,53.8,23.1,53.8,30.8,14.0,16.0,26.0,8.0,1592.1,1587.2
2025-03-29,2024,Wolfsburg,Heidenheim,0,1,A,U,1.66,4.02,5.04,2.0,4.0,4.0,5.0,14,0.0,0.0,0.0,1.0,2.0,3.0,-1.0,2.0,4.0,-2.0,0.0,-1.0,1.0,0.0,0.0,0.0,0.0,0.0,0.0,23.1,30.8,15.4,61.5,18.0,12.0,12.0,11.0,1546.7,1446.1
2025-03-29,2024,M'gladbach,RB Leipzig,1,0,H,U,2.9,3.57,2.37,3.0,3.0,5.0,8.0,14,0.0,0.0,2.0,0.0,2.0,0.0,2.0,7.0,0.0,7.0,-5.0,0.0,-5.0,0.0,0.0,0.0,2.0,0.0,2.0,46.2,38.5,30.8,30.8,12.0,9.0,12.0,20.0,1540.6,1638.4
2025-03-29,2024,Holstein Kiel,Werder Bremen,0,3,A,O,3.32,3.8,2.07,0.0,7.0,3.0,4.0,14,0.0,1.0,1.0,2.0,4.0,2.0,2.0,6.0,8.0,-2.0,-2.0,-6.0,4.0,0.0,1.0,-1.0,1.0,2.0,-1.0,23.1,61.5,46.2,38.5,11.0,10.0,11.0,12.0,1440.1,1508.1
2025-03-29,2024,Hoffenheim,Augsburg,1,1,D,U,2.4,3.3,3.05,4.0,4.0,2.0,2.0,14,0.0,2.0,1.0,0.0,2.0,4.0,-2.0,6.0,0.0,6.0,-4.0,4.0,-8.0,0.0,1.0,-1.0,1.0,0.0,1.0,23.1,46.2,30.8,38.5,9.0,7.0,18.0,10.0,1492.3,1539.9
2025-03-29,2024,Ein Frankfurt,Stuttgart,1,0,H,U,2.52,3.65,2.63,6.0,2.0,6.0,10.0,14,1.0,1.0,2.0,0.0,5.0,5.0,0.0,7.0,4.0,3.0,-2.0,1.0,-3.0,1.0,0.0,1.0,1.0,0.0,1.0,53.8,23.1,33.3,25.0,15.0,11.0,7.0,13.0,1595.3,1594.4
2025-03-29,2024,Bayern Munich,St Pauli,3,2,H,O,1.14,8.67,17.25,9.0,4.0,5.0,4.0,14,2.0,0.0,1.0,2.0,9.0,1.0,8.0,3.0,5.0,-2.0,6.0,-4.0,10.0,2.0,0.0,2.0,0.0,2.0,-2.0,84.6,7.7,30.8,61.5,29.0,8.0,18.0,15.0,1751.5,1472.9
2025-03-28,2024,Leverkusen,Bochum,3,1,H,O,1.23,6.58,12.03,5.0,3.0,3.0,2.0,14,1.0,1.0,1.0,0.0,3.0,6.0,-3.0,3.0,5.0,-2.0,0.0,1.0,-1.0,1.0,0.0,1.0,1.0,0.0,1.0,61.5,15.4,15.4,69.2,12.0,16.0,19.0,13.0,1761.3,1443.1
2025-03-16,2024,Stuttgart,Leverkusen,3,4,A,O,3.03,3.54,2.29,6.0,4.0,1.0,10.0,14,0.0,2.0,3.0,0.0,3.0,6.0,-3.0,7.0,1.0,6.0,-4.0,5.0,-9.0,0.0,2.0,-2.0,1.0,0.0,1.0,46.2,38.5,58.3,0.0,10.0,18.0,13.0,26.0,1600.2,1755.5
2025-03-16,2024,Heidenheim,Holstein Kiel,3,1,H,O,2.02,3.59,3.64,5.0,4.0,3.0,5.0,13,0.0,1.0,3.0,2.0,1.0,5.0,-4.0,7.0,7.0,0.0,-6.0,-2.0,-4.0,0.0,0.0,0.0,2.0,1.0,1.0,16.7,75.0,8.3,66.7,13.0,13.0,18.0,10.0,1435.7,1450.5
2025-03-16,2024,Bochum,Ein Frankfurt,1,3,A,O,3.09,3.6,2.24,7.0,7.0,8.0,3.0,13,1.0,0.0,2.0,1.0,2.0,3.0,-1.0,2.0,7.0,-5.0,0.0,-4.0,4.0,1.0,0.0,1.0,0.0,1.0,-1.0,25.0,50.0,41.7,33.3,16.0,16.0,19.0,5.0,1449.2,1589.1
2025-03-15,2024,Werder Bremen,M'gladbach,2,4,A,O,2.4,3.61,2.83,2.0,7.0,4.0,1.0,13,1.0,3.0,2.0,0.0,3.0,7.0,-4.0,5.0,2.0,3.0,-2.0,5.0,-7.0,0.0,1.0,-1.0,1.0,0.0,1.0,25.0,41.7,41.7,41.7,13.0,16.0,17.0,7.0,1517.8,1531.0
2025-03-15,2024,Union Berlin,Bayern Munich,1,1,D,U,8.5,5.27,1.35,3.0,4.0,2.0,14.0,13,0.0,2.0,2.0,0.0,1.0,5.0,-4.0,3.0,2.0,1.0,-2.0,3.0,-5.0,0.0,1.0,-1.0,0.0,0.0,0.0,33.3,41.7,66.7,8.3,12.0,11.0,19.0,10.0,1478.0,1758.1
2025-03-15,2024,RB Leipzig,Dortmund,2,0,H,U,2.41,3.63,2.82,5.0,9.0,3.0,12.0,13,1.0,2.0,1.0,1.0,5.0,4.0,1.0,4.0,3.0,1.0,1.0,1.0,0.0,1.0,1.0,0.0,0.0,1.0,-1.0,50.0,16.7,25.0,58.3,16.0,10.0,19.0,14.0,1629.2,1601.3
2025-03-15,2024,Mainz,Freiburg,2,2,D,O,2.01,3.42,3.91,4.0,8.0,1.0,4.0,13,2.0,2.0,0.0,0.0,4.0,2.0,2.0,0.0,0.0,0.0,4.0,2.0,2.0,2.0,0.0,2.0,0.0,0.0,0.0,50.0,25.0,30.8,46.2,14.0,12.0,16.0,15.0,1587.6,1572.8
2025-03-15,2024,Augsburg,Wolfsburg,1,0,H,U,2.6,3.29,2.81,2.0,2.0,1.0,4.0,13,1.0,2.0,0.0,0.0,2.0,5.0,-3.0,1.0,3.0,-2.0,1.0,2.0,-1.0,0.0,0.0,0.0,0.0,0.0,0.0,41.7,25.0,58.3,25.0,14.0,8.0,19.0,8.0,1529.1,1557.5
2025-03-14,2024,St Pauli,Hoffenheim,1,0,H,U,2.3,3.28,3.3,5.0,0.0,11.0,2.0,13,0.0,2.0,2.0,1.0,1.0,5.0,-4.0,4.0,4.0,0.0,-3.0,1.0,-4.0,0.0,1.0,-1.0,1.0,1.0,0.0,16.7,58.3,25.0,41.7,3.0,16.0,12.0,12.0,1461.7,1503.5
2025-03-09,2024,Hoffenheim,Heidenheim,1,1,D,U,1.77,3.98,4.31,3.0,5.0,6.0,4.0,13,0.0,0.0,1.0,2.0,3.0,3.0,0.0,7.0,5.0,2.0,-4.0,-2.0,-2.0,0.0,0.0,0.0,1.0,0.0,1.0,25.0,50.0,16.7,66.7,14.0,13.0,21.0,11.0,1505.6,1433.7
2025-03-09,2024,Ein Frankfurt,Union Berlin,1,2,A,O,1.74,4.04,4.45,3.0,3.0,1.0,5.0,13,1.0,1.0,1.0,2.0,5.0,4.0,1.0,6.0,9.0,-3.0,-1.0,-5.0,4.0,1.0,1.0,0.0,1.0,2.0,-1.0,58.3,16.7,16.7,66.7,16.0,10.0,15.0,14.0,1602.9,1464.2
2025-03-08,2024,Wolfsburg,St Pauli,1,1,D,U,1.76,3.72,4.79,4.0,4.0,6.0,6.0,13,0.0,1.0,0.0,2.0,3.0,2.0,1.0,3.0,4.0,-1.0,0.0,-2.0,2.0,0.0,1.0,-1.0,0.0,2.0,-2.0,25.0,33.3,33.3,66.7,19.0,8.0,16.0,13.0,1560.3,1458.8
2025-03-08,2024,Leverkusen,Werder Bremen,0,2,A,U,1.26,6.22,10.53,4.0,7.0,10.0,3.0,13,2.0,0.0,0.0,2.0,6.0,2.0,4.0,2.0,10.0,-8.0,4.0,-8.0,12.0,2.0,0.0,2.0,0.0,2.0,-2.0,66.7,8.3,41.7,41.7,13.0,7.0,16.0,14.0,1772.0,1501.2
2025-03-08,2024,Holstein Kiel,Stuttgart,2,2,D,O,5.78,4.64,1.52,5.0,2.0,3.0,1.0,13,0.0,1.0,2.0,1.0,3.0,3.0,0.0,7.0,4.0,3.0,-4.0,-1.0,-3.0,0.0,0.0,0.0,2.0,1.0,1.0,25.0,66.7,36.4,27.3,9.0,14.0,12.0,14.0,1446.2,1604.4
2025-03-08,2024,Freiburg,RB Leipzig,0,0,D,U,2.6,3.32,2.75,2.0,3.0,2.0,6.0,12,2.0,0.0,1.0,0.0,7.0,3.0,4.0,2.0,3.0,-1.0,5.0,0.0,5.0,1.0,0.0,1.0,0.0,0.0,0.0,72.7,18.2,33.3,33.3,13.0,9.0,11.0,17.0,1571.1,1630.9
2025-03-08,2024,Dortmund,Augsburg,0,1,A,U,1.53,4.39,6.02,1.0,1.0,12.0,3.0,13,1.0,1.0,1.0,0.0,9.0,4.0,5.0,4.0,1.0,3.0,5.0,3.0,2.0,1.0,1.0,0.0,0.0,0.0,0.0,58.3,16.7,25.0,41.7,17.0,7.0,19.0,8.0,1614.1,1516.3
2025-03-08,2024,Bayern Munich,Bochum,2,3,A,O,1.11,10.81,18.52,5.0,5.0,9.0,3.0,13,3.0,0.0,0.0,1.0,11.0,3.0,8.0,3.0,6.0,-3.0,8.0,-3.0,11.0,2.0,0.0,2.0,0.0,1.0,-1.0,91.7,0.0,8.3,75.0,36.0,15.0,21.0,17.0,1775.7,1431.7
2025-03-07,2024,M'gladbach,Mainz,1,3,A,O,2.6,3.41,2.7,4.0,8.0,4.0,3.0,13,1.0,2.0,1.0,1.0,4.0,4.0,0.0,4.0,2.0,2.0,0.0,2.0,-2.0,1.0,1.0,0.0,1.0,0.0,1.0,50.0,33.3,50.0,33.3,14.0,10.0,16.0,13.0,1539.9,1578.7
2025-03-02,2024,Union Berlin,Holstein Kiel,0,1,A,U,1.6,4.23,5.3,3.0,3.0,11.0,3.0,12,1.0,0.0,1.0,2.0,3.0,6.0,-3.0,3.0,9.0,-6.0,0.0,-3.0,3.0,0.0,0.0,0.0,0.0,1.0,-1.0,36.4,36.4,0.0,72.7,13.0,12.0,10.0,10.0,1475.4,1435.1
2025-03-02,2024,Augsburg,Freiburg,0,0,D,U,2.65,3.15,2.82,5.0,3.0,5.0,2.0,12,1.0,2.0,1.0,1.0,2.0,2.0,0.0,2.0,4.0,-2.0,0.0,-2.0,2.0,0.0,0.0,0.0,0.0,1.0,-1.0,45.5,27.3,33.3,50.0,11.0,9.0,17.0,14.0,1514.7,1572.7
2025-03-01,2024,Werder Bremen,Wolfsburg,1,2,A,O,2.65,3.53,2.59,7.0,3.0,8.0,2.0,12,1.0,1.0,2.0,1.0,2.0,5.0,-3.0,5.0,5.0,0.0,-3.0,0.0,-3.0,0.0,0.0,0.0,2.0,0.0,2.0,27.3,36.4,54.5,27.3,8.0,8.0,15.0,8.0,1510.1,1551.5
2025-03-01,2024,St Pauli,Dortmund,0,2,A,U,4.12,3.73,1.87,1.0,3.0,7.0,1.0,12,1.0,1.0,1.0,2.0,4.0,2.0,2.0,2.0,5.0,-3.0,2.0,-3.0,5.0,1.0,0.0,1.0,0.0,2.0,-2.0,18.2,54.5,18.2,63.6,7.0,10.0,10.0,20.0,1464.9,1608.0
2025-03-01,2024,RB Leipzig,Mainz,1,2,A,O,1.99,3.7,3.64,4.0,3.0,7.0,1.0,12,1.0,1.0,0.0,2.0,6.0,3.0,3.0,4.0,3.0,1.0,2.0,0.0,2.0,1.0,1.0,0.0,0.0,0.0,0.0,54.5,9.1,45.5,36.4,16.0,8.0,19.0,14.0,1643.1,1566.6
2025-03-01,2024,Heidenheim,M'gladbach,0,3,A,O,3.02,3.59,2.29,5.0,5.0,6.0,2.0,12,0.0,2.0,3.0,1.0,1.0,5.0,-4.0,6.0,5.0,1.0,-5.0,0.0,-5.0,0.0,0.0,0.0,2.0,1.0,1.0,18.2,72.7,36.4,45.5,9.0,15.0,16.0,11.0,1441.1,1532.5
2025-03-01,2024,Ein Frankfurt,Leverkusen,1,4,A,O,4.58,3.92,1.74,3.0,9.0,2.0,6.0,12,2.0,1.0,0.0,0.0,6.0,4.0,2.0,2.0,2.0,0.0,4.0,2.0,2.0,2.0,1.0,1.0,0.0,0.0,0.0,63.6,9.1,54.5,0.0,18.0,16.0,18.0,23.0,1608.7,1766.3
2025-03-01,2024,Bochum,Hoffenheim,0,1,A,U,2.43,3.57,2.83,3.0,2.0,8.0,5.0,12,1.0,2.0,1.0,1.0,5.0,7.0,-2.0,4.0,5.0,-1.0,1.0,2.0,-1.0,1.0,2.0,-1.0,0.0,1.0,-1.0,27.3,45.5,18.2,45.5,16.0,20.0,17.0,10.0,1440.0,1497.2
2025-02-28,2024,Stuttgart,Bayern Munich,1,3,A,O,4.85,4.29,1.67,3.0,8.0,4.0,6.0,13,1.0,2.0,2.0,0.0,6.0,3.0,3.0,4.0,1.0,3.0,2.0,2.0,0.0,1.0,0.0,1.0,0.0,0.0,0.0,50.0,33.3,63.6,9.1,14.0,13.0,13.0,14.0,1610.1,1770.0
2025-02-23,2024,RB Leipzig,Heidenheim,2,2,D,O,1.35,5.37,7.98,6.0,2.0,7.0,4.0,11,2.0,0.0,0.0,2.0,8.0,4.0,4.0,4.0,6.0,-2.0,4.0,-2.0,6.0,2.0,0.0,2.0,0.0,0.0,0.0,60.0,10.0,18.2,72.7,17.0,16.0,16.0,9.0,1648.5,1435.6
2025-02-23,2024,Hoffenheim,Stuttgart,1,1,D,U,3.5,3.92,1.96,2.0,7.0,4.0,8.0,12,0.0,2.0,2.0,1.0,2.0,3.0,-1.0,7.0,3.0,4.0,-5.0,0.0,-5.0,0.0,0.0,0.0,1.0,1.0,0.0,27.3,54.5,40.0,30.0,14.0,12.0,21.0,15.0,1493.9,1613.4
2025-02-23,2024,Bayern Munich,Ein Frankfurt,4,0,H,O,1.3,6.33,8.27,12.0,2.0,4.0,1.0,12,3.0,1.0,0.0,0.0,10.0,4.0,6.0,5.0,3.0,2.0,5.0,1.0,4.0,1.0,0.0,1.0,0.0,0.0,0.0,90.9,0.0,45.5,27.3,34.0,20.0,23.0,7.0,1764.1,1614.6
2025-02-22,2024,Wolfsburg,Bochum,1,1,D,U,1.55,4.42,5.7,6.0,5.0,3.0,5.0,12,1.0,0.0,0.0,2.0,7.0,2.0,5.0,3.0,7.0,-4.0,4.0,-5.0,9.0,1.0,0.0,1.0,0.0,2.0,-2.0,27.3,36.4,9.1,81.8,18.0,12.0,17.0,18.0,1554.8,1436.8
2025-02-22,2024,Mainz,St Pauli,2,0,H,U,1.8,3.57,4.73,5.0,0.0,6.0,5.0,12,2.0,1.0,0.0,2.0,4.0,2.0,2.0,0.0,3.0,-3.0,4.0,-1.0,5.0,2.0,1.0,1.0,0.0,1.0,-1.0,45.5,27.3,36.4,63.6,14.0,9.0,15.0,15.0,1559.0,1472.5
2025-02-22,2024,M'gladbach,Augsburg,0,3,A,O,1.84,3.79,4.19,5.0,4.0,2.0,4.0,12,1.0,1.0,1.0,0.0,4.0,3.0,1.0,2.0,1.0,1.0,2.0,2.0,0.0,1.0,1.0,0.0,0.0,0.0,0.0,54.5,27.3,18.2,45.5,9.0,7.0,18.0,6.0,1543.6,1503.5
2025-02-22,2024,Holstein Kiel,Leverkusen,0,2,A,U,10.53,6.57,1.25,3.0,8.0,5.0,11.0,12,1.0,1.0,1.0,0.0,7.0,5.0,2.0,7.0,4.0,3.0,0.0,1.0,-1.0,1.0,0.0,1.0,1.0,0.0,1.0,27.3,63.6,50.0,0.0,13.0,13.0,8.0,13.0,1437.7,1763.6
2025-02-22,2024,Dortmund,Union Berlin,6,0,H,O,1.55,4.46,5.59,8.0,1.0,5.0,3.0,12,0.0,1.0,2.0,2.0,5.0,4.0,1.0,7.0,5.0,2.0,-2.0,-1.0,-1.0,0.0,1.0,-1.0,0.0,2.0,-2.0,54.5,18.2,18.2,63.6,14.0,15.0,20.0,15.0,1601.3,1482.1
2025-02-21,2024,Freiburg,Werder Bremen,5,0,H,O,2.06,3.48,3.74,8.0,3.0,3.0,7.0,11,2.0,0.0,1.0,2.0,5.0,4.0,1.0,4.0,9.0,-5.0,1.0,-5.0,6.0,0.0,0.0,0.0,0.0,2.0,-2.0,70.0,20.0,45.5,36.4,10.0,6.0,15.0,8.0,1564.0,1518.8
2025-02-16,2024,Werder Bremen,Hoffenheim,1,3,A,O,1.89,3.96,3.74,1.0,7.0,6.0,4.0,11,1.0,1.0,1.0,2.0,4.0,4.0,0.0,5.0,9.0,-4.0,-1.0,-5.0,4.0,0.0,1.0,-1.0,1.0,2.0,-1.0,30.0,30.0,10.0,50.0,12.0,15.0,13.0,7.0,1530.1,1482.5
2025-02-16,2024,Heidenheim,Mainz,0,2,A,U,3.56,3.51,2.07,3.0,5.0,8.0,4.0,11,1.0,0.0,2.0,3.0,3.0,1.0,2.0,4.0,4.0,0.0,-1.0,-3.0,2.0,1.0,0.0,1.0,1.0,0.0,1.0,20.0,70.0,40.0,40.0,15.0,7.0,13.0,14.0,1442.6,1552.0
2025-02-16,2024,Ein Frankfurt,Holstein Kiel,3,1,H,O,1.33,5.69,8.17,9.0,4.0,4.0,6.0,11,2.0,0.0,0.0,2.0,7.0,7.0,0.0,2.0,9.0,-7.0,5.0,-2.0,7.0,2.0,0.0,2.0,0.0,0.0,0.0,60.0,10.0,0.0,70.0,17.0,15.0,22.0,5.0,1609.0,1443.3
2025-02-15,2024,Union Berlin,M'gladbach,1,2,A,O,2.27,3.54,3.11,3.0,5.0,4.0,5.0,11,1.0,1.0,1.0,2.0,2.0,4.0,-2.0,3.0,9.0,-6.0,-1.0,-5.0,4.0,0.0,0.0,0.0,1.0,2.0,-1.0,40.0,30.0,30.0,50.0,12.0,15.0,13.0,13.0,1490.8,1534.9
2025-02-15,2024,Stuttgart,Wolfsburg,1,2,A,O,1.75,4.19,4.25,4.0,3.0,7.0,5.0,12,2.0,1.0,1.0,1.0,7.0,4.0,3.0,3.0,4.0,-1.0,4.0,0.0,4.0,1.0,0.0,1.0,0.0,0.0,0.0,54.5,27.3,50.0,30.0,16.0,8.0,11.0,11.0,1625.8,1542.5
2025-02-15,2024,St Pauli,Freiburg,0,1,A,U,2.56,3.21,2.92,1.0,4.0,2.0,6.0,11,1.0,1.0,1.0,2.0,4.0,2.0,2.0,2.0,8.0,-6.0,2.0,-6.0,8.0,1.0,0.0,1.0,0.0,2.0,-2.0,20.0,50.0,27.3,54.5,10.0,10.0,11.0,9.0,1480.3,1556.2
2025-02-15,2024,Leverkusen,Bayern Munich,0,0,D,U,3.01,3.66,2.26,3.0,0.0,6.0,0.0,12,3.0,2.0,0.0,1.0,7.0,4.0,3.0,2.0,3.0,-1.0,5.0,1.0,4.0,2.0,0.0,2.0,0.0,0.0,0.0,72.7,9.1,70.0,10.0,19.0,14.0,18.0,16.0,1763.6,1764.1
2025-02-15,2024,Bochum,Dortmund,2,0,H,U,4.83,4.21,1.66,9.0,2.0,2.0,8.0,11,1.0,1.0,1.0,2.0,4.0,4.0,0.0,4.0,7.0,-3.0,0.0,-3.0,3.0,0.0,0.0,0.0,0.0,2.0,-2.0,20.0,50.0,20.0,60.0,12.0,12.0,21.0,21.0,1421.7,1616.4
2025-02-14,2024,Augsburg,RB Leipzig,0,0,D,U,2.97,3.39,2.43,2.0,4.0,8.0,9.0,11,1.0,0.0,2.0,1.0,2.0,4.0,-2.0,4.0,5.0,-1.0,-2.0,-1.0,-1.0,0.0,0.0,0.0,1.0,0.0,1.0,50.0,30.0,36.4,36.4,13.0,8.0,13.0,8.0,1499.4,1652.7
2025-02-09,2024,RB Leipzig,St Pauli,2,0,H,U,1.57,4.31,5.56,6.0,4.0,5.0,4.0,10,2.0,2.0,0.0,1.0,8.0,3.0,5.0,5.0,1.0,4.0,3.0,2.0,1.0,1.0,1.0,0.0,0.0,0.0,0.0,55.6,11.1,40.0,60.0,20.0,10.0,17.0,12.0,1647.0,1486.0
2025-02-09,2024,Holstein Kiel,Bochum,2,2,D,O,2.29,3.54,3.04,3.0,6.0,3.0,5.0,11,2.0,1.0,1.0,2.0,10.0,2.0,8.0,6.0,5.0,1.0,4.0,-3.0,7.0,2.0,1.0,1.0,1.0,2.0,-1.0,30.0,70.0,10.0,90.0,16.0,,8.0,,1443.9,1421.0
2025-02-08,2024,Wolfsburg,Leverkusen,0,0,D,U,4.21,3.83,1.83,8.0,1.0,3.0,9.0,11,1.0,2.0,1.0,0.0,8.0,7.0,1.0,6.0,4.0,2.0,2.0,3.0,-1.0,1.0,1.0,0.0,1.0,0.0,1.0,30.0,40.0,55.6,0.0,15.0,15.0,24.0,13.0,1536.6,1769.4
2025-02-08,2024,Mainz,Augsburg,0,0,D,U,1.77,3.66,4.78,5.0,2.0,1.0,3.0,11,3.0,2.0,0.0,0.0,6.0,5.0,1.0,1.0,1.0,0.0,5.0,4.0,1.0,2.0,2.0,0.0,0.0,0.0,0.0,50.0,30.0,20.0,50.0,13.0,10.0,17.0,7.0,1553.6,1497.8
2025-02-08,2024,M'gladbach,Ein Frankfurt,1,1,D,U,2.59,3.64,2.59,3.0,7.0,6.0,1.0,11,2.0,1.0,1.0,1.0,7.0,4.0,3.0,2.0,4.0,-2.0,5.0,0.0,5.0,2.0,0.0,2.0,0.0,0.0,0.0,60.0,30.0,50.0,30.0,12.0,16.0,17.0,13.0,1532.6,1611.3
2025-02-08,2024,Hoffenheim,Union Berlin,0,4,A,O,2.22,3.57,3.18,4.0,7.0,8.0,4.0,11,0.0,0.0,2.0,3.0,3.0,1.0,2.0,5.0,9.0,-4.0,-2.0,-8.0,6.0,0.0,0.0,0.0,0.0,3.0,-3.0,30.0,50.0,10.0,70.0,18.0,12.0,21.0,20.0,1492.9,1480.5
2025-02-08,2024,Freiburg,Heidenheim,1,0,H,U,1.73,3.93,4.65,3.0,5.0,6.0,3.0,10,2.0,0.0,1.0,2.0,7.0,4.0,3.0,6.0,7.0,-1.0,1.0,-3.0,4.0,0.0,0.0,0.0,0.0,1.0,-1.0,66.7,22.2,20.0,70.0,16.0,13.0,14.0,8.0,1549.0,1449.8
2025-02-08,2024,Dortmund,Stuttgart,1,2,A,O,1.89,3.92,3.84,5.0,2.0,9.0,4.0,11,0.0,2.0,1.0,1.0,5.0,4.0,1.0,6.0,3.0,3.0,-1.0,1.0,-2.0,0.0,1.0,-1.0,0.0,1.0,-1.0,60.0,10.0,33.3,33.3,11.0,17.0,14.0,17.0,1626.7,1615.5
2025-02-07,2024,Bayern Munich,Werder Bremen,3,0,H,O,1.1,11.87,21.03,12.0,0.0,5.0,2.0,11,3.0,1.0,0.0,1.0,12.0,6.0,6.0,5.0,6.0,-1.0,7.0,0.0,7.0,1.0,1.0,0.0,0.0,1.0,-1.0,90.0,0.0,50.0,30.0,32.0,10.0,31.0,11.0,1759.8,1534.4
2025-02-02,2024,Leverkusen,Hoffenheim,3,1,H,O,1.23,6.86,10.7,5.0,7.0,3.0,3.0,11,3.0,1.0,0.0,1.0,9.0,4.0,5.0,2.0,7.0,-5.0,7.0,-3.0,10.0,2.0,1.0,1.0,0.0,1.0,-1.0,70.0,10.0,11.1,44.4,26.0,9.0,19.0,13.0,1766.0,1496.4
2025-02-02,2024,Ein Frankfurt,Wolfsburg,1,1,D,U,1.96,3.82,3.59,4.0,2.0,9.0,1.0,10,2.0,1.0,1.0,2.0,7.0,5.0,2.0,4.0,6.0,-2.0,3.0,-1.0,4.0,2.0,0.0,2.0,1.0,0.0,1.0,66.7,11.1,55.6,33.3,22.0,11.0,30.0,16.0,1613.5,1534.4
2025-02-01,2024,Union Berlin,RB Leipzig,0,0,D,U,3.12,3.49,2.26,6.0,2.0,4.0,5.0,10,1.0,0.0,2.0,2.0,2.0,5.0,-3.0,5.0,10.0,-5.0,-3.0,-5.0,2.0,0.0,0.0,0.0,2.0,1.0,1.0,44.4,33.3,40.0,40.0,,7.0,,4.0,1475.8,1651.7
2025-02-01,2024,Stuttgart,M'gladbach,1,2,A,O,1.57,4.62,5.05,3.0,6.0,2.0,0.0,11,2.0,1.0,1.0,2.0,6.0,4.0,2.0,2.0,9.0,-7.0,4.0,-5.0,9.0,1.0,0.0,1.0,0.0,2.0,-2.0,60.0,20.0,22.2,55.6,18.0,12.0,18.0,17.0,1628.5,1519.6
2025-02-01,2024,St Pauli,Augsburg,1,1,D,U,2.35,3.2,3.23,1.0,1.0,3.0,1.0,10,1.0,2.0,2.0,1.0,3.0,5.0,-2.0,3.0,5.0,-2.0,0.0,0.0,0.0,1.0,2.0,-1.0,1.0,1.0,0.0,22.2,55.6,22.2,55.6,13.0,13.0,12.0,14.0,1485.6,1498.1
2025-02-01,2024,Heidenheim,Dortmund,1,2,A,O,4.3,4.01,1.76,5.0,5.0,4.0,5.0,10,1.0,1.0,2.0,2.0,3.0,5.0,-2.0,5.0,7.0,-2.0,-2.0,-2.0,0.0,1.0,1.0,0.0,2.0,2.0,0.0,22.2,66.7,11.1,66.7,12.0,11.0,18.0,20.0,1455.4,1621.1
2025-02-01,2024,Bochum,Freiburg,0,1,A,U,2.81,3.38,2.51,4.0,5.0,9.0,7.0,10,2.0,0.0,0.0,3.0,6.0,2.0,4.0,3.0,13.0,-10.0,3.0,-11.0,14.0,1.0,0.0,1.0,0.0,3.0,-3.0,22.2,44.4,20.0,60.0,12.0,7.0,17.0,4.0,1427.8,1542.1
2025-02-01,2024,Bayern Munich,Holstein Kiel,4,3,H,O,1.05,16.44,38.04,12.0,6.0,12.0,1.0,10,3.0,0.0,0.0,2.0,13.0,5.0,8.0,3.0,9.0,-6.0,10.0,-4.0,14.0,2.0,0.0,2.0,0.0,1.0,-1.0,88.9,0.0,0.0,66.7,29.0,12.0,27.0,6.0,1756.9,1446.8
2025-01-31,2024,Werder Bremen,Mainz,1,0,H,U,2.31,3.4,3.13,5.0,2.0,3.0,8.0,10,1.0,1.0,1.0,2.0,7.0,4.0,3.0,6.0,4.0,2.0,1.0,0.0,1.0,1.0,1.0,0.0,1.0,0.0,1.0,22.2,33.3,44.4,33.3,13.0,8.0,14.0,8.0,1523.2,1564.8
2025-01-26,2024,St Pauli,Union Berlin,3,0,H,O,2.5,3.14,3.01,5.0,2.0,5.0,7.0,9,1.0,0.0,2.0,3.0,3.0,3.0,0.0,4.0,9.0,-5.0,-1.0,-6.0,5.0,1.0,0.0,1.0,1.0,2.0,-1.0,12.5,62.5,11.1,66.7,12.0,13.0,11.0,19.0,1475.3,1486.1
2025-01-26,2024,Hoffenheim,Ein Frankfurt,2,2,D,O,3.08,3.59,2.24,8.0,7.0,9.0,3.0,10,0.0,2.0,2.0,1.0,2.0,6.0,-4.0,4.0,2.0,2.0,-2.0,4.0,-6.0,0.0,1.0,-1.0,0.0,0.0,0.0,33.3,55.6,55.6,33.3,15.0,17.0,18.0,15.0,1493.0,1616.9
2025-01-25,2024,RB Leipzig,Leverkusen,2,2,D,O,3.7,3.95,1.91,4.0,7.0,7.0,3.0,9,2.0,3.0,1.0,0.0,7.0,7.0,0.0,8.0,3.0,5.0,-1.0,4.0,-5.0,1.0,1.0,0.0,1.0,0.0,1.0,62.5,12.5,62.5,0.0,20.0,11.0,17.0,13.0,1648.3,1769.3
2025-01-25,2024,Mainz,Stuttgart,2,0,H,U,2.84,3.5,2.44,4.0,5.0,9.0,2.0,10,3.0,2.0,0.0,0.0,6.0,6.0,0.0,1.0,3.0,-2.0,5.0,3.0,2.0,2.0,1.0,1.0,0.0,0.0,0.0,44.4,33.3,37.5,25.0,17.0,16.0,16.0,17.0,1552.3,1641.0
2025-01-25,2024,M'gladbach,Bochum,3,0,H,O,1.72,4.08,4.49,6.0,4.0,8.0,7.0,10,1.0,1.0,1.0,2.0,5.0,2.0,3.0,3.0,3.0,0.0,2.0,-1.0,3.0,1.0,1.0,0.0,0.0,1.0,-1.0,55.6,33.3,11.1,88.9,9.0,,16.0,,1511.8,1435.7
2025-01-25,2024,Freiburg,Bayern Munich,1,2,A,O,8.55,5.6,1.32,2.0,3.0,2.0,4.0,9,3.0,1.0,0.0,1.0,9.0,3.0,6.0,5.0,3.0,2.0,4.0,0.0,4.0,1.0,0.0,1.0,0.0,0.0,0.0,75.0,12.5,66.7,11.1,21.0,16.0,16.0,15.0,1546.8,1752.2
2025-01-25,2024,Dortmund,Werder Bremen,2,2,D,O,1.62,4.39,4.9,4.0,4.0,5.0,5.0,10,0.0,2.0,1.0,1.0,4.0,5.0,-1.0,5.0,4.0,1.0,-1.0,1.0,-2.0,0.0,1.0,-1.0,0.0,1.0,-1.0,66.7,11.1,55.6,33.3,9.0,7.0,11.0,11.0,1624.0,1520.3
2025-01-25,2024,Augsburg,Heidenheim,2,1,H,O,1.9,3.62,4.05,7.0,6.0,6.0,4.0,10,1.0,0.0,2.0,2.0,1.0,5.0,-4.0,3.0,9.0,-6.0,-2.0,-4.0,2.0,0.0,0.0,0.0,1.0,2.0,-1.0,44.4,33.3,22.2,66.7,10.0,9.0,13.0,4.0,1488.8,1464.7
2025-01-24,2024,Wolfsburg,Holstein Kiel,2,2,D,O,1.43,4.96,6.99,5.0,2.0,10.0,3.0,10,2.0,0.0,1.0,3.0,10.0,4.0,6.0,7.0,10.0,-3.0,3.0,-6.0,9.0,1.0,0.0,1.0,1.0,2.0,-1.0,33.3,44.4,0.0,75.0,15.0,13.0,17.0,7.0,1537.0,1444.2
2025-01-19,2024,Werder Bremen,Augsburg,0,2,A,U,1.86,3.72,4.09,2.0,4.0,6.0,2.0,9,1.0,1.0,0.0,1.0,9.0,5.0,4.0,6.0,7.0,-1.0,3.0,-2.0,5.0,1.0,1.0,0.0,0.0,1.0,-1.0,25.0,25.0,12.5,62.5,17.0,12.0,19.0,12.0,1531.9,1477.3
2025-01-19,2024,Union Berlin,Mainz,2,1,H,O,2.58,3.18,2.88,4.0,1.0,2.0,2.0,9,0.0,1.0,3.0,2.0,1.0,6.0,-5.0,6.0,6.0,0.0,-5.0,0.0,-5.0,0.0,1.0,-1.0,2.0,0.0,2.0,37.5,37.5,50.0,25.0,,12.0,,11.0,1473.6,1564.9
2025-01-18,2024,Stuttgart,Freiburg,4,0,H,O,1.66,4.33,4.71,7.0,0.0,4.0,1.0,10,2.0,0.0,1.0,2.0,5.0,3.0,2.0,4.0,10.0,-6.0,1.0,-7.0,8.0,0.0,0.0,0.0,0.0,2.0,-2.0,55.6,22.2,22.2,55.6,16.0,11.0,15.0,4.0,1633.2,1554.6
2025-01-18,2024,Leverkusen,M'gladbach,3,1,H,O,1.27,6.22,10.05,5.0,4.0,7.0,6.0,10,3.0,1.0,0.0,2.0,8.0,4.0,4.0,2.0,9.0,-7.0,6.0,-5.0,11.0,1.0,0.0,1.0,0.0,2.0,-2.0,66.7,11.1,25.0,50.0,23.0,12.0,19.0,17.0,1765.5,1515.6
2025-01-18,2024,Holstein Kiel,Hoffenheim,1,3,A,O,2.9,3.6,2.35,3.0,6.0,4.0,3.0,10,2.0,0.0,1.0,2.0,9.0,1.0,8.0,5.0,8.0,-3.0,4.0,-7.0,11.0,2.0,0.0,2.0,1.0,2.0,-1.0,33.3,66.7,0.0,50.0,18.0,5.0,10.0,13.0,1453.3,1483.8
2025-01-18,2024,Heidenheim,St Pauli,0,2,A,U,2.42,3.47,2.87,1.0,4.0,4.0,4.0,9,1.0,1.0,2.0,2.0,3.0,2.0,1.0,7.0,3.0,4.0,-4.0,-1.0,-3.0,1.0,0.0,1.0,2.0,0.0,2.0,25.0,62.5,33.3,66.7,12.0,10.0,20.0,12.0,1475.0,1465.0
2025-01-18,2024,Bochum,RB Leipzig,3,3,D,O,3.63,3.7,1.99,3.0,3.0,6.0,3.0,9,2.0,1.0,1.0,2.0,3.0,4.0,-1.0,1.0,7.0,-6.0,2.0,-3.0,5.0,1.0,1.0,0.0,0.0,1.0,-1.0,25.0,50.0,44.4,44.4,11.0,9.0,20.0,2.0,1430.0,1654.0
2025-01-18,2024,Bayern Munich,Wolfsburg,3,2,H,O,1.17,8.34,14.42,10.0,3.0,6.0,2.0,9,3.0,2.0,0.0,1.0,14.0,8.0,6.0,3.0,4.0,-1.0,11.0,4.0,7.0,3.0,1.0,2.0,0.0,0.0,0.0,87.5,0.0,62.5,25.0,29.0,16.0,29.0,17.0,1747.5,1541.7
2025-01-17,2024,Ein Frankfurt,Dortmund,2,0,H,U,2.56,3.59,2.65,5.0,3.0,5.0,7.0,9,1.0,1.0,1.0,1.0,7.0,6.0,1.0,6.0,6.0,0.0,1.0,0.0,1.0,1.0,1.0,0.0,1.0,1.0,0.0,62.5,12.5,12.5,62.5,21.0,11.0,29.0,17.0,1606.1,1634.9
2025-01-15,2024,Werder Bremen,Heidenheim,3,3,D,O,1.63,4.26,4.92,5.0,5.0,4.0,2.0,8,2.0,0.0,0.0,3.0,8.0,4.0,4.0,4.0,11.0,-7.0,4.0,-7.0,11.0,1.0,0.0,1.0,0.0,3.0,-3.0,28.6,28.6,25.0,75.0,17.0,7.0,21.0,2.0,1533.6,1473.2
2025-01-15,2024,Union Berlin,Augsburg,0,2,A,U,1.84,3.51,4.55,2.0,5.0,7.0,4.0,8,0.0,0.0,2.0,2.0,1.0,3.0,-2.0,4.0,10.0,-6.0,-3.0,-7.0,4.0,0.0,0.0,0.0,1.0,2.0,-1.0,42.9,28.6,0.0,71.4,,8.0,,8.0,1484.0,1466.8
2025-01-15,2024,Stuttgart,RB Leipzig,2,1,H,O,2.01,3.78,3.47,6.0,3.0,5.0,0.0,9,2.0,1.0,1.0,2.0,5.0,6.0,-1.0,3.0,9.0,-6.0,2.0,-3.0,5.0,1.0,1.0,0.0,0.0,1.0,-1.0,50.0,25.0,50.0,37.5,15.0,12.0,17.0,5.0,1622.0,1665.2
2025-01-15,2024,Bochum,St Pauli,1,0,H,U,2.59,3.27,2.81,5.0,1.0,6.0,7.0,8,1.0,1.0,1.0,2.0,3.0,2.0,1.0,2.0,4.0,-2.0,1.0,-2.0,3.0,1.0,0.0,1.0,0.0,1.0,-1.0,14.3,57.1,37.5,62.5,9.0,12.0,20.0,9.0,1418.3,1476.7
2025-01-15,2024,Bayern Munich,Hoffenheim,5,0,H,O,1.12,10.12,18.51,10.0,2.0,13.0,1.0,8,3.0,0.0,0.0,1.0,12.0,1.0,11.0,3.0,3.0,0.0,9.0,-2.0,11.0,3.0,0.0,3.0,0.0,1.0,-1.0,85.7,0.0,0.0,42.9,33.0,5.0,24.0,18.0,1743.8,1487.6
2025-01-14,2024,Wolfsburg,M'gladbach,5,1,H,O,1.96,3.8,3.69,5.0,5.0,4.0,7.0,9,2.0,1.0,1.0,1.0,6.0,3.0,3.0,6.0,4.0,2.0,0.0,-1.0,1.0,0.0,0.0,0.0,1.0,1.0,0.0,25.0,50.0,28.6,42.9,15.0,11.0,21.0,14.0,1531.8,1525.4
2025-01-14,2024,Leverkusen,Mainz,1,0,H,U,1.37,5.12,8.38,9.0,4.0,8.0,4.0,9,3.0,2.0,0.0,1.0,12.0,9.0,3.0,4.0,5.0,-1.0,8.0,4.0,4.0,2.0,2.0,0.0,0.0,0.0,0.0,62.5,12.5,57.1,14.3,24.0,15.0,17.0,13.0,1760.5,1569.9
2025-01-14,2024,Holstein Kiel,Dortmund,4,2,H,O,5.41,4.64,1.55,7.0,4.0,1.0,9.0,9,1.0,1.0,2.0,1.0,5.0,5.0,0.0,6.0,5.0,1.0,-1.0,0.0,-1.0,1.0,1.0,0.0,2.0,1.0,1.0,25.0,75.0,14.3,57.1,13.0,8.0,11.0,8.0,1437.9,1650.3
2025-01-14,2024,Ein Frankfurt,Freiburg,4,1,H,O,1.71,4.12,4.53,8.0,5.0,8.0,1.0,8,1.0,0.0,1.0,2.0,4.0,2.0,2.0,5.0,10.0,-5.0,-1.0,-8.0,7.0,0.0,0.0,0.0,1.0,2.0,-1.0,57.1,14.3,25.0,50.0,18.0,9.0,26.0,3.0,1597.1,1563.7
2025-01-12,2024,RB Leipzig,Werder Bremen,4,2,H,O,1.75,4.11,4.22,7.0,2.0,4.0,1.0,8,1.0,2.0,1.0,1.0,3.0,3.0,0.0,6.0,1.0,5.0,-3.0,2.0,-5.0,0.0,1.0,-1.0,1.0,0.0,1.0,57.1,14.3,62.5,25.0,17.0,6.0,21.0,16.0,1658.5,1540.3
2025-01-12,2024,Augsburg,Stuttgart,0,1,A,U,3.61,3.65,1.99,2.0,5.0,3.0,9.0,9,1.0,1.0,1.0,0.0,1.0,5.0,-4.0,2.0,3.0,-1.0,-1.0,2.0,-3.0,0.0,1.0,-1.0,1.0,0.0,1.0,50.0,25.0,28.6,28.6,12.0,12.0,20.0,10.0,1472.9,1615.9
2025-01-11,2024,St Pauli,Ein Frankfurt,0,1,A,U,3.57,3.47,2.08,4.0,6.0,3.0,3.0,8,1.0,2.0,2.0,1.0,3.0,8.0,-5.0,4.0,4.0,0.0,-1.0,4.0,-5.0,1.0,1.0,0.0,1.0,0.0,1.0,14.3,57.1,50.0,37.5,8.0,16.0,13.0,15.0,1483.7,1590.0
2025-01-11,2024,Mainz,Bochum,2,0,H,U,1.56,4.28,5.76,5.0,2.0,5.0,6.0,9,3.0,1.0,0.0,2.0,7.0,2.0,5.0,2.0,3.0,-1.0,5.0,-1.0,6.0,2.0,1.0,1.0,0.0,1.0,-1.0,37.5,37.5,12.5,87.5,21.0,,19.0,,1563.7,1424.5
2025-01-11,2024,M'gladbach,Bayern Munich,0,1,A,U,6.8,5.23,1.4,0.0,10.0,4.0,10.0,9,2.0,1.0,0.0,1.0,7.0,3.0,4.0,2.0,3.0,-1.0,5.0,0.0,5.0,2.0,0.0,2.0,0.0,0.0,0.0,62.5,25.0,62.5,12.5,13.0,12.0,17.0,15.0,1530.0,1739.2
2025-01-11,2024,Hoffenheim,Wolfsburg,0,1,A,U,2.43,3.45,2.87,2.0,3.0,4.0,8.0,9,1.0,2.0,1.0,1.0,6.0,10.0,-4.0,6.0,5.0,1.0,0.0,5.0,-5.0,0.0,2.0,-2.0,0.0,0.0,0.0,37.5,50.0,57.1,28.6,20.0,19.0,18.0,14.0,1496.8,1522.6
2025-01-11,2024,Heidenheim,Union Berlin,2,0,H,U,3.17,3.26,2.34,9.0,6.0,5.0,4.0,8,0.0,0.0,3.0,3.0,2.0,3.0,-1.0,10.0,8.0,2.0,-8.0,-5.0,-3.0,0.0,0.0,0.0,3.0,1.0,2.0,14.3,71.4,12.5,62.5,7.0,11.0,20.0,20.0,1462.3,1495.0
2025-01-11,2024,Freiburg,Holstein Kiel,3,2,H,O,1.39,4.98,7.58,5.0,7.0,7.0,1.0,8,2.0,0.0,0.0,3.0,6.0,3.0,3.0,3.0,9.0,-6.0,3.0,-6.0,9.0,1.0,0.0,1.0,0.0,2.0,-2.0,71.4,14.3,0.0,71.4,18.0,11.0,17.0,9.0,1556.8,1444.8
2025-01-10,2024,Dortmund,Leverkusen,2,3,A,O,2.82,3.55,2.43,5.0,5.0,6.0,1.0,9,1.0,2.0,0.0,0.0,6.0,5.0,1.0,2.0,2.0,0.0,4.0,3.0,1.0,1.0,1.0,0.0,0.0,0.0,0.0,75.0,0.0,57.1,0.0,11.0,9.0,12.0,16.0,1657.6,1753.1
2024-12-22,2024,Wolfsburg,Dortmund,1,3,A,O,3.05,3.67,2.23,5.0,4.0,10.0,4.0,8,2.0,0.0,0.0,2.0,6.0,3.0,3.0,4.0,6.0,-2.0,2.0,-3.0,5.0,0.0,0.0,0.0,0.0,1.0,-1.0,28.6,42.9,0.0,66.7,16.0,8.0,19.0,9.0,1529.2,1651.0
2024-12-22,2024,Bochum,Heidenheim,2,0,H,U,2.32,3.52,2.98,4.0,2.0,5.0,2.0,7,0.0,0.0,2.0,3.0,1.0,4.0,-3.0,7.0,10.0,-3.0,-6.0,-6.0,0.0,0.0,0.0,0.0,1.0,2.0,-1.0,0.0,66.7,28.6,71.4,7.0,9.0,17.0,6.0,1412.8,1474.0
2024-12-21,2024,Werder Bremen,Union Berlin,4,1,H,O,2.1,3.37,3.64,6.0,4.0,4.0,9.0,7,1.0,0.0,0.0,3.0,6.0,2.0,4.0,5.0,7.0,-2.0,1.0,-5.0,6.0,0.0,0.0,0.0,0.0,1.0,-1.0,16.7,33.3,14.3,57.1,19.0,8.0,20.0,15.0,1531.1,1504.2
2024-12-21,2024,Stuttgart,St Pauli,0,1,A,U,1.47,4.64,6.51,5.0,5.0,9.0,1.0,8,2.0,1.0,1.0,2.0,7.0,3.0,4.0,5.0,4.0,1.0,2.0,-1.0,3.0,1.0,1.0,0.0,0.0,1.0,-1.0,57.1,14.3,28.6,71.4,21.0,10.0,16.0,10.0,1630.2,1469.4
2024-12-21,2024,Leverkusen,Freiburg,5,1,H,O,1.38,5.03,8.04,12.0,2.0,4.0,2.0,8,2.0,0.0,0.0,1.0,7.0,1.0,6.0,3.0,5.0,-2.0,4.0,-4.0,8.0,1.0,0.0,1.0,0.0,1.0,-1.0,57.1,14.3,28.6,42.9,17.0,11.0,23.0,2.0,1748.0,1561.9
2024-12-21,2024,Holstein Kiel,Augsburg,5,1,H,O,3.05,3.31,2.4,6.0,4.0,3.0,8.0,8,1.0,0.0,2.0,1.0,1.0,3.0,-2.0,5.0,6.0,-1.0,-4.0,-3.0,-1.0,0.0,0.0,0.0,2.0,1.0,1.0,14.3,85.7,0.0,66.7,13.0,5.0,13.0,1.0,1433.3,1484.3
2024-12-21,2024,Hoffenheim,M'gladbach,1,2,A,O,2.35,3.69,2.85,8.0,3.0,8.0,4.0,8,1.0,0.0,1.0,1.0,5.0,2.0,3.0,6.0,4.0,2.0,-1.0,-2.0,1.0,0.0,0.0,0.0,1.0,1.0,0.0,42.9,42.9,16.7,50.0,18.0,13.0,17.0,14.0,1506.4,1520.4
2024-12-21,2024,Ein Frankfurt,Mainz,1,3,A,O,1.84,3.95,3.97,9.0,3.0,17.0,2.0,7,2.0,1.0,0.0,1.0,10.0,6.0,4.0,4.0,4.0,0.0,6.0,2.0,4.0,1.0,1.0,0.0,0.0,0.0,0.0,66.7,0.0,50.0,16.7,18.0,14.0,14.0,15.0,1601.4,1552.3
2024-12-20,2024,Bayern Munich,RB Leipzig,5,1,H,O,1.22,7.04,11.46,9.0,1.0,8.0,1.0,7,3.0,1.0,0.0,2.0,10.0,6.0,4.0,2.0,6.0,-4.0,8.0,0.0,8.0,3.0,1.0,2.0,0.0,0.0,0.0,83.3,0.0,57.1,28.6,31.0,14.0,23.0,4.0,1731.0,1666.7
2024-12-15,2024,RB Leipzig,Ein Frankfurt,2,1,H,O,2.1,3.86,3.18,9.0,3.0,6.0,7.0,7,1.0,2.0,1.0,0.0,4.0,8.0,-4.0,6.0,3.0,3.0,-2.0,5.0,-7.0,1.0,1.0,0.0,1.0,0.0,1.0,50.0,16.7,57.1,28.6,17.0,18.0,18.0,13.0,1658.0,1610.1
2024-12-15,2024,Heidenheim,Stuttgart,1,3,A,O,4.09,3.89,1.82,2.0,7.0,9.0,6.0,7,0.0,0.0,2.0,1.0,1.0,2.0,-1.0,7.0,6.0,1.0,-6.0,-4.0,-2.0,0.0,0.0,0.0,2.0,1.0,1.0,16.7,66.7,16.7,33.3,8.0,6.0,18.0,7.0,1480.1,1624.1
2024-12-15,2024,Dortmund,Hoffenheim,1,1,D,U,1.44,5.01,6.34,2.0,1.0,3.0,9.0,8,2.0,0.0,0.0,1.0,7.0,0.0,7.0,2.0,2.0,0.0,5.0,-2.0,7.0,1.0,0.0,1.0,0.0,1.0,-1.0,85.7,0.0,0.0,50.0,16.0,8.0,13.0,12.0,1655.1,1502.3
2024-12-14,2024,Union Berlin,Bochum,0,2,A,U,1.59,3.94,6.09,,,,,7,0.0,0.0,1.0,3.0,2.0,2.0,0.0,3.0,10.0,-7.0,-1.0,-8.0,7.0,0.0,0.0,0.0,0.0,2.0,-2.0,50.0,16.7,0.0,100.0,12.0,11.0,9.0,7.0,1517.5,1399.5
2024-12-14,2024,St Pauli,Werder Bremen,0,2,A,U,2.64,3.4,2.66,4.0,4.0,4.0,5.0,7,1.0,1.0,1.0,2.0,3.0,2.0,1.0,2.0,5.0,-3.0,1.0,-3.0,4.0,1.0,0.0,1.0,0.0,1.0,-1.0,16.7,50.0,57.1,28.6,9.0,7.0,16.0,18.0,1478.2,1522.4
2024-12-14,2024,Mainz,Bayern Munich,2,1,H,O,6.54,4.69,1.47,4.0,1.0,3.0,2.0,8,2.0,2.0,0.0,0.0,6.0,7.0,-1.0,2.0,1.0,1.0,4.0,6.0,-2.0,2.0,1.0,1.0,0.0,0.0,0.0,28.6,42.9,71.4,0.0,23.0,20.0,18.0,18.0,1536.9,1746.4
2024-12-14,2024,M'gladbach,Holstein Kiel,4,1,H,O,1.44,4.89,6.63,6.0,3.0,5.0,2.0,8,2.0,0.0,0.0,3.0,7.0,3.0,4.0,2.0,7.0,-5.0,5.0,-4.0,9.0,2.0,0.0,2.0,0.0,1.0,-1.0,57.1,28.6,0.0,66.7,15.0,11.0,19.0,12.0,1512.5,1441.3
2024-12-14,2024,Augsburg,Leverkusen,0,2,A,U,5.47,4.2,1.59,4.0,3.0,4.0,9.0,8,2.0,1.0,0.0,0.0,3.0,5.0,-2.0,1.0,4.0,-3.0,2.0,1.0,1.0,0.0,0.0,0.0,0.0,0.0,0.0,57.1,14.3,50.0,0.0,12.0,12.0,19.0,12.0,1488.1,1744.3
2024-12-13,2024,Freiburg,Wolfsburg,3,2,H,O,2.22,3.41,3.3,9.0,5.0,5.0,6.0,7,2.0,2.0,0.0,0.0,6.0,8.0,-2.0,2.0,2.0,0.0,4.0,6.0,-2.0,2.0,2.0,0.0,0.0,0.0,0.0,66.7,16.7,66.7,16.7,15.0,18.0,17.0,14.0,1552.3,1538.8
2024-12-08,2024,Wolfsburg,Mainz,4,3,H,O,2.15,3.42,3.46,5.0,5.0,3.0,5.0,7,1.0,2.0,1.0,0.0,4.0,6.0,-2.0,5.0,0.0,5.0,-1.0,6.0,-7.0,0.0,2.0,-2.0,1.0,0.0,1.0,16.7,50.0,60.0,0.0,17.0,13.0,20.0,12.0,1528.3,1547.5
2024-12-08,2024,Hoffenheim,Freiburg,1,1,D,U,2.71,3.47,2.54,5.0,4.0,6.0,1.0,7,2.0,0.0,1.0,2.0,7.0,1.0,6.0,6.0,7.0,-1.0,1.0,-6.0,7.0,1.0,0.0,1.0,1.0,2.0,-1.0,50.0,50.0,33.3,50.0,20.0,12.0,15.0,4.0,1500.8,1553.8
2024-12-07,2024,M'gladbach,Dortmund,1,1,D,U,3.23,3.89,2.1,3.0,3.0,7.0,4.0,7,3.0,0.0,0.0,3.0,9.0,3.0,6.0,3.0,7.0,-4.0,6.0,-4.0,10.0,2.0,0.0,2.0,0.0,1.0,-1.0,66.7,33.3,0.0,80.0,22.0,10.0,18.0,8.0,1508.4,1659.2
2024-12-07,2024,Leverkusen,St Pauli,2,1,H,O,1.24,6.57,11.8,2.0,4.0,7.0,4.0,7,2.0,1.0,0.0,2.0,7.0,3.0,4.0,3.0,4.0,-1.0,4.0,-1.0,5.0,1.0,1.0,0.0,0.0,1.0,-1.0,50.0,16.7,33.3,66.7,24.0,9.0,24.0,7.0,1740.6,1481.8
2024-12-07,2024,Holstein Kiel,RB Leipzig,0,2,A,U,5.36,4.37,1.59,5.0,5.0,6.0,1.0,7,1.0,1.0,2.0,2.0,1.0,6.0,-5.0,5.0,6.0,-1.0,-4.0,0.0,-4.0,0.0,1.0,-1.0,2.0,0.0,2.0,16.7,83.3,50.0,33.3,13.0,14.0,14.0,6.0,1445.9,1653.4
2024-12-07,2024,Ein Frankfurt,Augsburg,2,2,D,O,1.55,4.36,5.89,4.0,3.0,4.0,0.0,6,2.0,0.0,0.0,2.0,11.0,2.0,9.0,5.0,7.0,-2.0,6.0,-5.0,11.0,1.0,0.0,1.0,0.0,2.0,-2.0,80.0,0.0,0.0,80.0,18.0,5.0,10.0,5.0,1613.6,1484.5
2024-12-07,2024,Bochum,Werder Bremen,0,1,A,U,3.14,3.62,2.23,2.0,1.0,9.0,5.0,6,0.0,1.0,2.0,2.0,2.0,5.0,-3.0,9.0,7.0,2.0,-7.0,-2.0,-5.0,0.0,1.0,-1.0,2.0,1.0,1.0,0.0,60.0,50.0,33.3,10.0,13.0,15.0,17.0,1406.5,1515.4
2024-12-07,2024,Bayern Munich,Heidenheim,4,2,H,O,1.09,12.51,23.3,10.0,2.0,8.0,0.0,6,3.0,0.0,0.0,3.0,10.0,4.0,6.0,0.0,9.0,-9.0,10.0,-5.0,15.0,3.0,0.0,3.0,0.0,1.0,-1.0,80.0,0.0,33.3,66.7,31.0,13.0,22.0,9.0,1742.7,1483.8
2024-12-06,2024,Stuttgart,Union Berlin,3,2,H,O,1.83,3.58,4.64,5.0,3.0,1.0,6.0,7,2.0,1.0,1.0,2.0,6.0,2.0,4.0,4.0,4.0,0.0,2.0,-2.0,4.0,1.0,1.0,0.0,0.0,1.0,-1.0,50.0,16.7,16.7,50.0,22.0,9.0,24.0,12.0,1616.7,1524.9
2024-12-01,2024,Mainz,Hoffenheim,2,0,H,U,2.08,3.61,3.45,8.0,2.0,8.0,3.0,7,1.0,0.0,1.0,0.0,4.0,1.0,3.0,4.0,1.0,3.0,0.0,0.0,0.0,1.0,0.0,1.0,1.0,0.0,1.0,16.7,50.0,0.0,40.0,17.0,11.0,15.0,14.0,1538.3,1510.0
2024-12-01,2024,Heidenheim,Ein Frankfurt,0,4,A,O,3.73,3.69,1.97,1.0,8.0,6.0,5.0,6,0.0,1.0,2.0,1.0,1.0,5.0,-4.0,4.0,5.0,-1.0,-3.0,0.0,-3.0,0.0,0.0,0.0,1.0,0.0,1.0,20.0,60.0,50.0,33.3,11.0,12.0,15.0,11.0,1490.6,1606.9
2024-11-30,2024,Werder Bremen,Stuttgart,2,2,D,O,3.0,3.75,2.25,6.0,4.0,11.0,2.0,6,1.0,0.0,1.0,1.0,4.0,2.0,2.0,4.0,6.0,-2.0,0.0,-4.0,4.0,0.0,0.0,0.0,0.0,1.0,-1.0,20.0,40.0,20.0,40.0,16.0,7.0,16.0,8.0,1512.4,1619.7
2024-11-30,2024,Union Berlin,Leverkusen,1,2,A,O,4.65,3.83,1.76,2.0,3.0,1.0,3.0,6,1.0,0.0,0.0,0.0,3.0,4.0,-1.0,2.0,4.0,-2.0,1.0,0.0,1.0,0.0,0.0,0.0,0.0,0.0,0.0,60.0,0.0,40.0,0.0,15.0,12.0,11.0,10.0,1529.6,1736.0
2024-11-30,2024,RB Leipzig,Wolfsburg,1,5,A,O,1.69,4.12,4.75,4.0,8.0,7.0,3.0,6,2.0,2.0,0.0,0.0,7.0,6.0,1.0,1.0,2.0,-1.0,6.0,4.0,2.0,2.0,2.0,0.0,0.0,0.0,0.0,60.0,0.0,60.0,20.0,20.0,15.0,19.0,17.0,1667.5,1514.1
2024-11-30,2024,Freiburg,M'gladbach,3,1,H,O,2.0,3.75,3.59,7.0,4.0,4.0,6.0,6,1.0,0.0,1.0,1.0,3.0,2.0,1.0,4.0,3.0,1.0,-1.0,-1.0,0.0,1.0,0.0,1.0,1.0,0.0,1.0,60.0,20.0,20.0,40.0,10.0,14.0,17.0,13.0,1544.6,1517.6
2024-11-30,2024,Dortmund,Bayern Munich,1,1,D,U,4.54,4.32,1.69,2.0,5.0,2.0,3.0,7,3.0,2.0,0.0,0.0,8.0,9.0,-1.0,2.0,3.0,-1.0,6.0,6.0,0.0,1.0,1.0,0.0,0.0,0.0,0.0,100.0,0.0,83.3,0.0,21.0,28.0,18.0,26.0,1656.7,1745.2
2024-11-30,2024,Augsburg,Bochum,1,0,H,U,1.73,3.96,4.69,4.0,1.0,6.0,1.0,7,2.0,0.0,0.0,3.0,4.0,3.0,1.0,2.0,12.0,-10.0,2.0,-9.0,11.0,0.0,0.0,0.0,0.0,3.0,-3.0,50.0,16.7,0.0,100.0,13.0,14.0,19.0,8.0,1476.3,1414.7
2024-11-29,2024,St Pauli,Holstein Kiel,3,1,H,O,1.71,3.79,5.11,4.0,3.0,4.0,4.0,6,0.0,0.0,2.0,2.0,0.0,4.0,-4.0,4.0,6.0,-2.0,-4.0,-2.0,-2.0,0.0,0.0,0.0,1.0,0.0,1.0,0.0,60.0,0.0,60.0,9.0,12.0,14.0,11.0,1472.3,1455.5
2024-11-24,2024,M'gladbach,St Pauli,2,0,H,U,1.81,3.77,4.34,4.0,3.0,5.0,4.0,6,3.0,2.0,0.0,1.0,8.0,6.0,2.0,3.0,2.0,1.0,5.0,4.0,1.0,1.0,2.0,-1.0,0.0,0.0,0.0,60.0,40.0,40.0,60.0,21.0,10.0,15.0,5.0,1508.4,1481.6
2024-11-24,2024,Holstein Kiel,Mainz,0,3,A,O,3.07,3.49,2.3,2.0,7.0,2.0,6.0,6,1.0,2.0,2.0,0.0,3.0,6.0,-3.0,6.0,2.0,4.0,-3.0,4.0,-7.0,0.0,1.0,-1.0,2.0,0.0,2.0,20.0,80.0,50.0,0.0,16.0,9.0,16.0,7.0,1463.6,1530.2
2024-11-23,2024,Wolfsburg,Union Berlin,1,0,H,U,2.32,3.3,3.24,5.0,4.0,8.0,5.0,6,0.0,1.0,1.0,2.0,5.0,2.0,3.0,7.0,4.0,3.0,-2.0,-2.0,0.0,0.0,1.0,-1.0,1.0,1.0,0.0,0.0,60.0,20.0,40.0,14.0,8.0,13.0,11.0,1503.0,1540.7
2024-11-23,2024,Stuttgart,Bochum,2,0,H,U,1.31,6.11,8.33,5.0,2.0,7.0,4.0,6,1.0,0.0,1.0,3.0,5.0,5.0,0.0,5.0,14.0,-9.0,0.0,-9.0,9.0,0.0,0.0,0.0,0.0,3.0,-3.0,40.0,20.0,0.0,100.0,24.0,18.0,27.0,4.0,1614.8,1419.6
2024-11-23,2024,Leverkusen,Heidenheim,5,2,H,O,1.19,7.63,13.79,10.0,3.0,6.0,0.0,6,1.0,1.0,0.0,2.0,4.0,4.0,0.0,3.0,4.0,-1.0,1.0,0.0,1.0,0.0,1.0,-1.0,0.0,0.0,0.0,40.0,20.0,40.0,60.0,21.0,17.0,30.0,15.0,1731.9,1494.6
2024-11-23,2024,Hoffenheim,RB Leipzig,4,3,H,O,3.39,3.66,2.1,7.0,6.0,4.0,3.0,6,1.0,2.0,2.0,1.0,6.0,4.0,2.0,7.0,2.0,5.0,-1.0,2.0,-3.0,1.0,1.0,0.0,1.0,0.0,1.0,40.0,60.0,60.0,20.0,18.0,10.0,13.0,5.0,1495.0,1682.5
2024-11-23,2024,Ein Frankfurt,Werder Bremen,1,0,H,U,1.71,4.25,4.46,5.0,1.0,5.0,6.0,5,2.0,2.0,0.0,1.0,12.0,9.0,3.0,5.0,9.0,-4.0,7.0,0.0,7.0,2.0,1.0,1.0,0.0,1.0,-1.0,75.0,0.0,60.0,20.0,17.0,22.0,13.0,17.0,1599.1,1520.2
2024-11-23,2024,Dortmund,Freiburg,4,0,H,O,1.68,4.2,4.73,7.0,3.0,7.0,0.0,6,3.0,1.0,0.0,1.0,8.0,2.0,6.0,4.0,3.0,1.0,4.0,-1.0,5.0,1.0,0.0,1.0,0.0,1.0,-1.0,100.0,0.0,40.0,40.0,22.0,12.0,22.0,9.0,1649.5,1551.8
2024-11-22,2024,Bayern Munich,Augsburg,3,0,H,O,1.12,10.21,19.53,14.0,1.0,8.0,0.0,5,2.0,0.0,0.0,2.0,8.0,2.0,6.0,1.0,8.0,-7.0,7.0,-6.0,13.0,2.0,0.0,2.0,0.0,2.0,-2.0,75.0,0.0,0.0,75.0,20.0,5.0,20.0,10.0,1741.6,1479.9
2024-11-10,2024,Stuttgart,Ein Frankfurt,2,3,A,O,1.91,4.04,3.65,11.0,5.0,8.0,3.0,5,2.0,1.0,0.0,1.0,8.0,6.0,2.0,3.0,5.0,-2.0,5.0,1.0,4.0,1.0,1.0,0.0,0.0,0.0,0.0,50.0,0.0,40.0,40.0,22.0,17.0,25.0,17.0,1625.9,1588.0
2024-11-10,2024,Heidenheim,Wolfsburg,1,3,A,O,2.83,3.33,2.54,4.0,6.0,5.0,5.0,5,0.0,1.0,2.0,1.0,0.0,6.0,-6.0,4.0,5.0,-1.0,-4.0,1.0,-5.0,0.0,1.0,-1.0,1.0,0.0,1.0,25.0,50.0,50.0,25.0,9.0,13.0,13.0,14.0,1505.0,1492.7
2024-11-10,2024,Augsburg,Hoffenheim,0,0,D,U,2.1,3.79,3.25,4.0,2.0,10.0,6.0,6,2.0,0.0,1.0,1.0,6.0,2.0,4.0,5.0,3.0,2.0,1.0,-1.0,2.0,0.0,0.0,0.0,0.0,0.0,0.0,60.0,20.0,0.0,50.0,18.0,12.0,23.0,13.0,1479.4,1495.5
2024-11-09,2024,Werder Bremen,Holstein Kiel,2,1,H,O,1.64,4.3,4.93,5.0,5.0,6.0,3.0,5,0.0,0.0,2.0,1.0,2.0,5.0,-3.0,8.0,6.0,2.0,-6.0,-1.0,-5.0,0.0,0.0,0.0,1.0,0.0,1.0,0.0,50.0,0.0,50.0,11.0,11.0,11.0,13.0,1511.3,1472.5
2024-11-09,2024,St Pauli,Bayern Munich,0,1,A,U,11.42,6.92,1.23,0.0,6.0,5.0,10.0,5,0.0,2.0,1.0,0.0,0.0,13.0,-13.0,3.0,3.0,0.0,-3.0,10.0,-13.0,0.0,2.0,-2.0,1.0,0.0,1.0,0.0,50.0,80.0,0.0,13.0,29.0,12.0,20.0,1485.3,1737.8
2024-11-09,2024,RB Leipzig,M'gladbach,0,0,D,U,1.59,4.59,5.08,4.0,4.0,8.0,4.0,5,2.0,0.0,0.0,2.0,7.0,2.0,5.0,1.0,5.0,-4.0,6.0,-3.0,9.0,2.0,0.0,2.0,0.0,1.0,-1.0,75.0,0.0,25.0,50.0,19.0,17.0,17.0,14.0,1687.3,1503.5
2024-11-09,2024,Mainz,Dortmund,3,1,H,O,3.46,3.74,2.06,9.0,1.0,8.0,0.0,6,0.0,0.0,2.0,3.0,1.0,3.0,-2.0,5.0,9.0,-4.0,-4.0,-6.0,2.0,0.0,0.0,0.0,2.0,1.0,1.0,0.0,60.0,0.0,75.0,10.0,12.0,14.0,12.0,1516.2,1663.5
2024-11-09,2024,Bochum,Leverkusen,1,1,D,U,10.15,6.68,1.26,3.0,3.0,6.0,4.0,5,0.0,1.0,2.0,0.0,3.0,7.0,-4.0,10.0,4.0,6.0,-7.0,3.0,-10.0,0.0,1.0,-1.0,2.0,0.0,2.0,0.0,75.0,50.0,0.0,10.0,17.0,11.0,18.0,1412.3,1739.3
2024-11-08,2024,Union Berlin,Freiburg,0,0,D,U,2.52,3.18,3.04,6.0,4.0,4.0,1.0,5,2.0,2.0,0.0,1.0,5.0,5.0,0.0,3.0,3.0,0.0,2.0,2.0,0.0,0.0,1.0,-1.0,0.0,1.0,-1.0,75.0,0.0,50.0,50.0,11.0,13.0,12.0,17.0,1540.3,1552.2
2024-11-03,2024,M'gladbach,Werder Bremen,4,1,H,O,2.1,3.87,3.18,8.0,5.0,7.0,7.0,5,2.0,3.0,1.0,0.0,5.0,10.0,-5.0,5.0,6.0,-1.0,0.0,4.0,-4.0,0.0,1.0,-1.0,1.0,0.0,1.0,50.0,50.0,75.0,0.0,20.0,22.0,14.0,14.0,1492.7,1522.1
2024-11-03,2024,Freiburg,Mainz,0,0,D,U,1.7,3.95,4.84,2.0,2.0,8.0,4.0,5,2.0,2.0,1.0,0.0,5.0,9.0,-4.0,5.0,5.0,0.0,0.0,4.0,-4.0,1.0,1.0,0.0,1.0,0.0,1.0,75.0,25.0,66.7,0.0,17.0,14.0,14.0,5.0,1553.2,1515.1
2024-11-02,2024,Wolfsburg,Augsburg,1,1,D,U,2.01,3.83,3.53,6.0,1.0,8.0,1.0,5,0.0,0.0,2.0,3.0,5.0,1.0,4.0,8.0,11.0,-3.0,-3.0,-10.0,7.0,0.0,0.0,0.0,1.0,3.0,-2.0,0.0,75.0,0.0,100.0,12.0,5.0,10.0,15.0,1493.1,1479.0
2024-11-02,2024,Holstein Kiel,Heidenheim,1,0,H,U,2.79,3.49,2.51,6.0,4.0,5.0,6.0,5,0.0,1.0,3.0,2.0,3.0,6.0,-3.0,12.0,7.0,5.0,-9.0,-1.0,-8.0,0.0,1.0,-1.0,3.0,1.0,2.0,0.0,100.0,50.0,50.0,11.0,17.0,13.0,10.0,1460.9,1516.6
2024-11-02,2024,Hoffenheim,St Pauli,0,2,A,U,1.88,3.91,3.9,6.0,3.0,7.0,2.0,5,1.0,1.0,2.0,2.0,7.0,5.0,2.0,9.0,5.0,4.0,-2.0,0.0,-2.0,1.0,1.0,0.0,1.0,1.0,0.0,50.0,50.0,25.0,75.0,17.0,10.0,10.0,10.0,1506.4,1474.4
2024-11-02,2024,Ein Frankfurt,Bochum,7,2,H,O,1.33,5.88,8.06,9.0,8.0,5.0,2.0,4,2.0,0.0,0.0,3.0,8.0,4.0,4.0,4.0,9.0,-5.0,4.0,-5.0,9.0,2.0,0.0,2.0,0.0,2.0,-2.0,66.7,0.0,0.0,100.0,15.0,12.0,9.0,8.0,1582.4,1417.9
2024-11-02,2024,Dortmund,RB Leipzig,2,1,H,O,2.25,3.77,3.03,7.0,3.0,4.0,0.0,5,3.0,2.0,0.0,0.0,10.0,3.0,7.0,5.0,0.0,5.0,5.0,3.0,2.0,2.0,1.0,1.0,0.0,0.0,0.0,100.0,0.0,75.0,0.0,22.0,12.0,26.0,6.0,1652.1,1698.6
2024-11-02,2024,Bayern Munich,Union Berlin,3,0,H,O,1.17,7.97,15.38,7.0,1.0,7.0,4.0,4,2.0,1.0,0.0,1.0,7.0,2.0,5.0,1.0,1.0,0.0,6.0,1.0,5.0,2.0,1.0,1.0,0.0,0.0,0.0,66.7,0.0,25.0,25.0,17.0,10.0,15.0,12.0,1732.7,1545.4
2024-11-01,2024,Leverkusen,Stuttgart,0,0,D,U,1.56,4.8,5.16,5.0,1.0,10.0,2.0,5,2.0,1.0,0.0,1.0,8.0,5.0,3.0,6.0,7.0,-1.0,2.0,-2.0,4.0,0.0,1.0,-1.0,0.0,1.0,-1.0,50.0,25.0,25.0,50.0,23.0,13.0,26.0,8.0,1742.6,1622.6
2024-10-27,2024,Union Berlin,Ein Frankfurt,1,1,D,U,2.58,3.37,2.76,4.0,5.0,4.0,5.0,4,3.0,2.0,0.0,1.0,5.0,7.0,-2.0,2.0,5.0,-3.0,3.0,2.0,1.0,0.0,1.0,-1.0,0.0,0.0,0.0,100.0,0.0,50.0,50.0,12.0,19.0,13.0,16.0,1544.3,1583.5
2024-10-27,2024,Heidenheim,Hoffenheim,0,0,D,U,2.29,3.65,2.98,3.0,4.0,7.0,3.0,4,1.0,0.0,2.0,2.0,4.0,3.0,1.0,4.0,6.0,-2.0,0.0,-3.0,3.0,1.0,0.0,1.0,1.0,1.0,0.0,33.3,66.7,0.0,66.7,15.0,11.0,11.0,14.0,1516.9,1506.1
2024-10-27,2024,Bochum,Bayern Munich,0,5,A,O,14.44,9.35,1.15,2.0,9.0,2.0,5.0,4,0.0,2.0,2.0,0.0,3.0,14.0,-11.0,7.0,4.0,3.0,-4.0,10.0,-14.0,0.0,2.0,-2.0,2.0,0.0,2.0,0.0,66.7,75.0,0.0,12.0,33.0,12.0,25.0,1420.8,1729.9
2024-10-26,2024,Werder Bremen,Leverkusen,2,2,D,O,5.64,4.9,1.51,8.0,6.0,3.0,5.0,4,0.0,2.0,2.0,0.0,0.0,8.0,-8.0,6.0,4.0,2.0,-6.0,4.0,-10.0,0.0,1.0,-1.0,1.0,0.0,1.0,0.0,66.7,66.7,0.0,4.0,20.0,13.0,17.0,1516.3,1748.4
2024-10-26,2024,Stuttgart,Holstein Kiel,2,1,H,O,1.23,7.14,10.95,6.0,3.0,9.0,5.0,4,1.0,0.0,0.0,1.0,9.0,6.0,3.0,5.0,7.0,-2.0,4.0,-1.0,5.0,1.0,0.0,1.0,0.0,0.0,0.0,33.3,0.0,0.0,33.3,29.0,14.0,27.0,14.0,1616.6,1466.8
2024-10-26,2024,St Pauli,Wolfsburg,0,0,D,U,2.61,3.46,2.68,5.0,4.0,7.0,6.0,4,0.0,2.0,2.0,1.0,0.0,8.0,-8.0,5.0,5.0,0.0,-5.0,3.0,-8.0,0.0,2.0,-2.0,2.0,0.0,2.0,0.0,66.7,66.7,33.3,11.0,13.0,9.0,15.0,1473.9,1493.7
2024-10-26,2024,RB Leipzig,Freiburg,3,1,H,O,1.73,4.12,4.52,9.0,5.0,3.0,3.0,4,2.0,2.0,0.0,1.0,5.0,4.0,1.0,0.0,2.0,-2.0,5.0,2.0,3.0,1.0,1.0,0.0,0.0,1.0,-1.0,66.7,0.0,66.7,33.3,13.0,12.0,23.0,18.0,1692.3,1559.6
2024-10-26,2024,Augsburg,Dortmund,2,1,H,O,3.73,3.96,1.91,4.0,4.0,3.0,5.0,5,2.0,0.0,1.0,2.0,7.0,2.0,5.0,5.0,7.0,-2.0,2.0,-5.0,7.0,1.0,0.0,1.0,0.0,1.0,-1.0,50.0,25.0,0.0,66.7,24.0,12.0,27.0,13.0,1463.7,1667.4
2024-10-25,2024,Mainz,M'gladbach,1,1,D,U,2.35,3.76,2.86,6.0,5.0,2.0,4.0,5,0.0,1.0,3.0,2.0,1.0,3.0,-2.0,6.0,4.0,2.0,-5.0,-1.0,-4.0,0.0,1.0,-1.0,2.0,1.0,1.0,0.0,75.0,33.3,66.7,9.0,18.0,22.0,14.0,1515.8,1492.0
2024-10-20,2024,Wolfsburg,Werder Bremen,2,4,A,O,2.07,3.66,3.44,6.0,7.0,4.0,4.0,4,0.0,2.0,2.0,0.0,5.0,8.0,-3.0,7.0,6.0,1.0,-2.0,2.0,-4.0,0.0,0.0,0.0,0.0,0.0,0.0,0.0,66.7,66.7,0.0,8.0,21.0,7.0,12.0,1503.6,1506.4
2024-10-20,2024,Holstein Kiel,Union Berlin,0,2,A,U,3.44,3.42,2.16,5.0,4.0,7.0,3.0,4,0.0,0.0,3.0,1.0,3.0,1.0,2.0,12.0,2.0,10.0,-9.0,-1.0,-8.0,0.0,0.0,0.0,3.0,0.0,3.0,0.0,100.0,0.0,33.3,11.0,10.0,7.0,18.0,1475.1,1536.0
2024-10-19,2024,Mainz,RB Leipzig,0,2,A,U,4.04,3.83,1.88,2.0,5.0,5.0,3.0,4,0.0,2.0,2.0,0.0,2.0,4.0,-2.0,5.0,2.0,3.0,-3.0,2.0,-5.0,0.0,0.0,0.0,1.0,0.0,1.0,0.0,66.7,66.7,0.0,10.0,11.0,25.0,5.0,1521.3,1686.7
2024-10-19,2024,M'gladbach,Heidenheim,3,2,H,O,1.85,3.8,4.21,10.0,6.0,6.0,3.0,4,1.0,2.0,2.0,1.0,4.0,6.0,-2.0,6.0,4.0,2.0,-2.0,2.0,-4.0,0.0,2.0,-2.0,1.0,1.0,0.0,33.3,66.7,66.7,33.3,17.0,14.0,10.0,9.0,1480.6,1528.2
2024-10-19,2024,Leverkusen,Ein Frankfurt,2,1,H,O,1.45,5.04,6.32,9.0,2.0,8.0,3.0,4,1.0,2.0,1.0,1.0,8.0,6.0,2.0,8.0,5.0,3.0,0.0,1.0,-1.0,0.0,1.0,-1.0,0.0,1.0,-1.0,33.3,33.3,66.7,33.3,24.0,19.0,36.0,20.0,1742.6,1589.4
2024-10-19,2024,Hoffenheim,Bochum,3,1,H,O,1.7,4.44,4.38,7.0,4.0,4.0,2.0,4,1.0,0.0,2.0,3.0,7.0,3.0,4.0,10.0,7.0,3.0,-3.0,-4.0,1.0,0.0,0.0,0.0,1.0,1.0,0.0,33.3,66.7,0.0,100.0,18.0,12.0,14.0,9.0,1498.1,1428.8
2024-10-19,2024,Freiburg,Augsburg,3,1,H,O,1.74,3.91,4.75,6.0,3.0,5.0,4.0,4,2.0,,1.0,,5.0,,,5.0,,,0.0,,,1.0,,,1.0,,,66.7,33.3,0.0,100.0,15.0,,15.0,,1551.9,1471.5
2024-10-19,2024,Bayern Munich,Stuttgart,4,0,H,O,1.35,5.77,7.7,10.0,1.0,7.0,3.0,3,,1.0,,1.0,,6.0,,,6.0,,,0.0,,,1.0,,,1.0,,50.0,0.0,33.3,33.3,,14.0,,8.0,1722.6,1623.9
2024-10-18,2024,Dortmund,St Pauli,2,1,H,O,1.31,5.72,9.79,7.0,3.0,7.0,1.0,4,3.0,1.0,0.0,2.0,10.0,4.0,6.0,4.0,4.0,0.0,6.0,0.0,6.0,3.0,1.0,2.0,0.0,1.0,-1.0,100.0,0.0,33.3,66.7,20.0,9.0,26.0,13.0,1662.2,1479.0
2024-10-06,2024,Stuttgart,Hoffenheim,1,1,D,U,1.31,6.32,8.07,7.0,5.0,10.0,5.0,3,,,,,,,,,,,,,,,,,,,,50.0,0.0,0.0,100.0,,,,,1627.5,1494.4
2024-10-06,2024,Heidenheim,RB Leipzig,0,1,A,U,4.64,4.23,1.69,4.0,2.0,3.0,2.0,3,,,,,,,,,,,,,,,,,,,,50.0,50.0,50.0,0.0,,,,,1534.3,1680.7
2024-10-06,2024,Ein Frankfurt,Bayern Munich,3,3,D,O,5.51,4.85,1.52,4.0,13.0,0.0,11.0,3,,3.0,,0.0,,14.0,,,3.0,,,11.0,,,2.0,,,0.0,,100.0,0.0,100.0,0.0,,28.0,,21.0,1585.5,1726.5
2024-10-05,2024,Werder Bremen,Freiburg,0,1,A,U,2.61,3.63,2.61,3.0,3.0,7.0,5.0,3,,,,,,,,,,,,,,,,,,,,0.0,50.0,50.0,50.0,,,,,1515.6,1542.7
2024-10-05,2024,Union Berlin,Dortmund,2,1,H,O,3.37,3.53,2.16,5.0,5.0,3.0,3.0,3,,,,,,,,,,,,,,,,,,,,100.0,0.0,0.0,50.0,,,,,1521.8,1676.4
2024-10-05,2024,St Pauli,Mainz,0,3,A,O,2.44,3.42,2.93,4.0,4.0,2.0,2.0,3,,,,,,,,,,,,,,,,,,,,0.0,50.0,50.0,0.0,,,,,1488.3,1512.0
2024-10-05,2024,Leverkusen,Holstein Kiel,2,2,D,O,1.09,12.54,25.37,7.0,4.0,12.0,3.0,3,,,,,,,,,,,,,,,,,,,,50.0,50.0,0.0,50.0,,,,,1749.2,1468.4
2024-10-05,2024,Bochum,Wolfsburg,1,3,A,O,3.03,3.75,2.24,5.0,5.0,7.0,6.0,3,,,,,,,,,,,,,,,,,,,,0.0,50.0,50.0,50.0,,,,,1437.1,1495.2
2024-10-04,2024,Augsburg,M'gladbach,2,1,H,O,2.43,3.75,2.75,5.0,5.0,6.0,5.0,4,1.0,,1.0,,7.0,,,6.0,,,1.0,,,1.0,,,0.0,,,33.3,33.3,50.0,50.0,22.0,,25.0,,1460.6,1491.5
2024-09-29,2024,Holstein Kiel,Ein Frankfurt,2,4,A,O,4.41,4.24,1.72,5.0,10.0,4.0,9.0,3,,,,,,,,,,,,,,,,,,,,0.0,100.0,50.0,50.0,,,,,1475.5,1578.4
2024-09-29,2024,Hoffenheim,Werder Bremen,3,4,A,O,2.36,3.8,2.8,5.0,10.0,2.0,6.0,3,,,,,,,,,,,,,,,,,,,,50.0,50.0,50.0,0.0,,,,,1504.4,1505.6
2024-09-28,2024,Wolfsburg,Stuttgart,2,2,D,O,3.22,3.89,2.1,2.0,5.0,1.0,3.0,3,,,,,,,,,,,,,,,,,,,,0.0,100.0,50.0,50.0,,,,,1491.4,1631.4
2024-09-28,2024,RB Leipzig,Augsburg,4,0,H,O,1.42,5.22,6.88,7.0,1.0,8.0,5.0,3,,,,,,,,,,,,,,,,,,,,50.0,0.0,0.0,100.0,,,,,1676.1,1465.2
2024-09-28,2024,Mainz,Heidenheim,0,2,A,U,1.85,3.8,4.2,2.0,7.0,7.0,6.0,3,,,,,,,,,,,,,,,,,,,,0.0,50.0,50.0,50.0,,,,,1521.9,1524.3
2024-09-28,2024,M'gladbach,Union Berlin,1,0,H,U,2.12,3.54,3.47,3.0,3.0,2.0,4.0,3,,,,,,,,,,,,,,,,,,,,0.0,100.0,0.0,0.0,,,,,1480.0,1533.3
2024-09-28,2024,Freiburg,St Pauli,0,3,A,O,1.63,4.08,5.44,2.0,4.0,4.0,2.0,3,,,,,,,,,,,,,,,,,,,,100.0,0.0,0.0,100.0,,,,,1554.9,1476.1
2024-09-28,2024,Bayern Munich,Leverkusen,1,1,D,U,1.73,4.41,4.22,3.0,3.0,6.0,1.0,2,,,,,,,,,,,,,,,,,,,,100.0,0.0,100.0,0.0,,,,,1725.8,1749.9
2024-09-27,2024,Dortmund,Bochum,4,2,H,O,1.24,6.99,10.74,8.0,6.0,11.0,0.0,3,,,,,,,,,,,,,,,,,,,,100.0,0.0,0.0,100.0,,,,,1672.2,1441.3
2024-09-22,2024,Stuttgart,Dortmund,5,1,H,O,2.31,3.82,2.86,9.0,3.0,6.0,4.0,2,,,,,,,,,,,,,,,,,,,,0.0,0.0,0.0,0.0,,,,,1619.5,1684.1
2024-09-22,2024,St Pauli,RB Leipzig,0,0,D,U,5.11,4.15,1.64,4.0,5.0,3.0,1.0,2,,,,,,,,,,,,,,,,,,,,0.0,100.0,100.0,0.0,,,,,1470.7,1681.5
2024-09-22,2024,Leverkusen,Wolfsburg,4,3,H,O,1.3,5.83,9.28,7.0,4.0,6.0,2.0,2,,,,,,,,,,,,,,,,,,,,0.0,100.0,100.0,0.0,,,,,1746.1,1495.2
2024-09-21,2024,Werder Bremen,Bayern Munich,0,5,A,O,7.74,5.57,1.36,0.0,7.0,1.0,4.0,2,,,,,,,,,,,,,,,,,,,,0.0,0.0,100.0,0.0,,,,,1510.2,1721.2
2024-09-21,2024,Union Berlin,Hoffenheim,2,1,H,O,2.03,3.68,3.58,2.0,3.0,5.0,5.0,2,,,,,,,,,,,,,,,,,,,,100.0,0.0,0.0,100.0,,,,,1523.6,1514.1
2024-09-21,2024,Heidenheim,Freiburg,0,3,A,O,2.72,3.46,2.59,2.0,5.0,3.0,9.0,2,,,,,,,,,,,,,,,,,,,,100.0,0.0,0.0,100.0,,,,,1534.0,1545.2
2024-09-21,2024,Ein Frankfurt,M'gladbach,2,0,H,U,1.78,4.13,4.18,4.0,7.0,8.0,5.0,2,,,,,,,,,,,,,,,,,,,,100.0,0.0,100.0,0.0,,,,,1570.8,1487.6
2024-09-21,2024,Bochum,Holstein Kiel,2,2,D,O,1.98,3.73,3.68,3.0,4.0,2.0,5.0,2,,,,,,,,,,,,,,,,,,,,0.0,100.0,0.0,100.0,,,,,1440.3,1476.5
2024-09-20,2024,Augsburg,Mainz,2,3,A,O,2.42,3.54,2.9,9.0,3.0,14.0,1.0,3,,,,,,,,,,,,,,,,,,,,50.0,0.0,0.0,0.0,,,,,1474.0,1513.1
2024-09-15,2024,Mainz,Werder Bremen,1,2,A,O,2.04,3.66,3.57,5.0,5.0,10.0,4.0,2,,,,,,,,,,,,,,,,,,,,0.0,0.0,0.0,0.0,,,,,1523.8,1499.5
2024-09-15,2024,Augsburg,St Pauli,3,1,H,O,2.09,3.62,3.47,10.0,3.0,7.0,7.0,2,,,,,,,,,,,,,,,,,,,,0.0,0.0,0.0,100.0,,,,,1463.5,1481.2
2024-09-14,2024,Wolfsburg,Ein Frankfurt,1,2,A,O,2.69,3.53,2.58,4.0,7.0,5.0,4.0,2,,,,,,,,,,,,,,,,,,,,0.0,100.0,0.0,100.0,,,,,1503.6,1562.4
2024-09-14,2024,RB Leipzig,Union Berlin,0,0,D,U,1.48,4.68,6.68,3.0,3.0,6.0,5.0,2,,,,,,,,,,,,,,,,,,,,100.0,0.0,0.0,0.0,,,,,1686.0,1519.2
2024-09-14,2024,M'gladbach,Stuttgart,1,3,A,O,2.81,3.94,2.31,7.0,7.0,6.0,2.0,2,,,,,,,,,,,,,,,,,,,,0.0,100.0,0.0,100.0,,,,,1494.4,1612.8
2024-09-14,2024,Holstein Kiel,Bayern Munich,1,6,A,O,11.32,7.34,1.23,1.0,13.0,2.0,10.0,2,,,,,,,,,,,,,,,,,,,,0.0,100.0,100.0,0.0,,,,,1480.6,1717.1
2024-09-14,2024,Hoffenheim,Leverkusen,1,4,A,O,5.78,4.94,1.5,5.0,8.0,4.0,12.0,2,,,,,,,,,,,,,,,,,,,,100.0,0.0,100.0,0.0,,,,,1518.4,1741.8
2024-09-14,2024,Freiburg,Bochum,2,1,H,O,1.71,4.06,4.72,9.0,2.0,5.0,6.0,2,,,,,,,,,,,,,,,,,,,,100.0,0.0,0.0,100.0,,,,,1537.7,1447.7
2024-09-13,2024,Dortmund,Heidenheim,4,2,H,O,1.39,5.26,7.6,7.0,4.0,8.0,1.0,2,,,,,,,,,,,,,,,,,,,,100.0,0.0,100.0,0.0,,,,,1677.8,1540.2
2024-09-01,2024,Heidenheim,Augsburg,4,0,H,O,2.4,3.49,2.94,9.0,1.0,5.0,6.0,1,,,,,,,,,,,,,,,,,,,,,,,,,,,,1532.0,1471.8
2024-09-01,2024,Bayern Munich,Freiburg,2,0,H,U,1.21,7.74,11.63,4.0,4.0,2.0,4.0,1,,,,,,,,,,,,,,,,,,,,,,,,,,,,1711.6,1543.2
2024-08-31,2024,Werder Bremen,Dortmund,0,0,D,U,3.94,4.12,1.82,1.0,4.0,5.0,6.0,1,,,,,,,,,,,,,,,,,,,,,,,,,,,,1494.6,1682.8
2024-08-31,2024,Stuttgart,Mainz,3,3,D,O,1.65,4.24,5.02,13.0,7.0,11.0,2.0,1,,,,,,,,,,,,,,,,,,,,,,,,,,,,1615.4,1521.1
2024-08-31,2024,Leverkusen,RB Leipzig,2,3,A,O,1.8,4.14,4.05,10.0,4.0,18.0,2.0,1,,,,,,,,,,,,,,,,,,,,,,,,,,,,1754.1,1673.7
2024-08-31,2024,Holstein Kiel,Wolfsburg,0,2,A,U,3.2,3.69,2.18,5.0,4.0,1.0,7.0,1,,,,,,,,,,,,,,,,,,,,,,,,,,,,1490.5,1493.7
2024-08-31,2024,Ein Frankfurt,Hoffenheim,3,1,H,O,1.81,4.1,4.01,7.0,3.0,1.0,4.0,1,,,,,,,,,,,,,,,,,,,,,,,,,,,,1553.2,1527.7
2024-08-31,2024,Bochum,M'gladbach,0,2,A,U,2.62,3.69,2.56,4.0,6.0,3.0,4.0,1,,,,,,,,,,,,,,,,,,,,,,,,,,,,1456.9,1485.2
2024-08-30,2024,Union Berlin,St Pauli,1,0,H,U,1.94,3.5,4.15,5.0,2.0,5.0,4.0,1,,,,,,,,,,,,,,,,,,,,,,,,,,,,1509.7,1490.6
2024-08-25,2024,Wolfsburg,Bayern Munich,2,3,A,O,6.32,4.93,1.46,2.0,8.0,1.0,7.0,1,,,,,,,,,,,,,,,,,,,,,,,,,,,,1498.3,1707.0
2024-08-25,2024,St Pauli,Heidenheim,0,2,A,U,2.12,3.5,3.46,3.0,3.0,4.0,2.0,1,,,,,,,,,,,,,,,,,,,,,,,,,,,,1500.0,1522.6
2024-08-24,2024,RB Leipzig,Bochum,1,0,H,U,1.25,6.58,10.53,3.0,4.0,9.0,3.0,1,,,,,,,,,,,,,,,,,,,,,,,,,,,,1669.1,1461.6
2024-08-24,2024,Mainz,Union Berlin,1,1,D,U,2.05,3.3,4.01,3.0,4.0,8.0,9.0,1,,,,,,,,,,,,,,,,,,,,,,,,,,,,1521.5,1509.4
2024-08-24,2024,Hoffenheim,Holstein Kiel,3,2,H,O,1.65,4.33,4.85,8.0,6.0,8.0,6.0,1,,,,,,,,,,,,,,,,,,,,,,,,,,,,1518.2,1500.0
2024-08-24,2024,Freiburg,Stuttgart,3,1,H,O,3.5,3.7,2.06,4.0,2.0,6.0,3.0,1,,,,,,,,,,,,,,,,,,,,,,,,,,,,1530.5,1628.2
2024-08-24,2024,Dortmund,Ein Frankfurt,2,0,H,U,1.71,4.31,4.39,5.0,2.0,7.0,7.0,1,,,,,,,,,,,,,,,,,,,,,,,,,,,,1676.0,1560.0
2024-08-24,2024,Augsburg,Werder Bremen,2,2,D,O,2.28,3.56,3.07,3.0,6.0,4.0,2.0,1,,,,,,,,,,,,,,,,,,,,,,,,,,,,1471.1,1495.3
2024-08-23,2024,M'gladbach,Leverkusen,2,3,A,O,5.16,4.53,1.58,7.0,9.0,2.0,4.0,1,,,,,,,,,,,,,,,,,,,,,,,,,,,,1488.8,1750.4
2024-05-18,2023,Wolfsburg,Mainz,1,3,A,O,3.23,3.58,2.21,4.0,6.0,1.0,3.0,17,2.0,0.0,1.0,0.0,5.0,2.0,3.0,3.0,2.0,1.0,2.0,0.0,2.0,1.0,0.0,1.0,1.0,0.0,1.0,37.5,37.5,0.0,43.8,15.0,10.0,18.0,9.0,1508.2,1511.6
2024-05-18,2023,Werder Bremen,Bochum,4,1,H,O,2.38,3.67,2.86,12.0,8.0,8.0,8.0,17,1.0,1.0,1.0,2.0,4.0,5.0,-1.0,5.0,6.0,-1.0,-1.0,-1.0,0.0,0.0,0.0,0.0,1.0,0.0,1.0,37.5,37.5,12.5,62.5,9.0,8.0,11.0,16.0,1485.7,1471.2
2024-05-18,2023,Union Berlin,Freiburg,2,1,H,O,2.13,3.47,3.51,5.0,5.0,3.0,7.0,17,0.0,2.0,3.0,0.0,4.0,4.0,0.0,10.0,0.0,10.0,-6.0,4.0,-10.0,0.0,1.0,-1.0,1.0,0.0,1.0,37.5,50.0,37.5,50.0,11.0,11.0,18.0,4.0,1498.1,1541.8
2024-05-18,2023,Stuttgart,M'gladbach,4,0,H,O,1.28,6.63,8.97,11.0,5.0,8.0,4.0,17,2.0,1.0,0.0,1.0,9.0,8.0,1.0,4.0,7.0,-3.0,5.0,1.0,4.0,2.0,1.0,1.0,0.0,0.0,0.0,75.0,6.2,12.5,43.8,23.0,20.0,13.0,11.0,1621.7,1495.3
2024-05-18,2023,Leverkusen,Augsburg,2,1,H,O,1.29,6.59,8.71,8.0,2.0,5.0,4.0,17,2.0,0.0,0.0,3.0,9.0,3.0,6.0,3.0,11.0,-8.0,6.0,-8.0,14.0,1.0,0.0,1.0,0.0,3.0,-3.0,81.2,0.0,25.0,56.2,28.0,12.0,21.0,20.0,1747.0,1474.6
2024-05-18,2023,Hoffenheim,Bayern Munich,4,2,H,O,3.0,4.43,2.06,9.0,4.0,6.0,5.0,17,2.0,1.0,0.0,2.0,8.0,8.0,0.0,5.0,7.0,-2.0,3.0,1.0,2.0,1.0,1.0,0.0,0.0,1.0,-1.0,31.2,37.5,56.2,31.2,23.0,20.0,21.0,7.0,1502.6,1722.6
2024-05-18,2023,Heidenheim,FC Koln,4,1,H,O,2.35,3.97,2.74,7.0,9.0,5.0,12.0,17,1.0,0.0,1.0,1.0,5.0,2.0,3.0,5.0,4.0,1.0,0.0,-2.0,2.0,0.0,0.0,0.0,0.0,1.0,-1.0,37.5,31.2,6.2,43.8,15.0,13.0,11.0,17.0,1513.8,1473.8
2024-05-18,2023,Ein Frankfurt,RB Leipzig,2,2,D,O,2.76,3.79,2.4,6.0,5.0,8.0,3.0,17,1.0,2.0,1.0,0.0,5.0,7.0,-2.0,7.0,3.0,4.0,-2.0,4.0,-6.0,1.0,1.0,0.0,1.0,0.0,1.0,43.8,12.5,50.0,31.2,17.0,15.0,25.0,14.0,1556.8,1672.3
2024-05-18,2023,Dortmund,Darmstadt,4,0,H,O,1.16,8.99,14.24,10.0,1.0,7.0,3.0,17,1.0,1.0,1.0,2.0,6.0,2.0,4.0,3.0,7.0,-4.0,3.0,-5.0,8.0,1.0,1.0,0.0,0.0,2.0,-2.0,56.2,25.0,12.5,56.2,19.0,9.0,16.0,6.0,1673.3,1348.3
2024-05-12,2023,Darmstadt,Hoffenheim,0,6,A,O,4.66,4.62,1.64,1.0,7.0,2.0,3.0,17,0.0,0.0,3.0,3.0,2.0,4.0,-2.0,7.0,9.0,-2.0,-5.0,-5.0,0.0,0.0,0.0,0.0,1.0,1.0,0.0,6.2,75.0,37.5,50.0,11.0,7.0,7.0,9.0,1354.4,1496.5
2024-05-12,2023,Bochum,Leverkusen,0,5,A,O,4.34,4.32,1.72,0.0,10.0,2.0,6.0,17,1.0,2.0,0.0,0.0,6.0,7.0,-1.0,5.0,2.0,3.0,1.0,5.0,-4.0,0.0,1.0,-1.0,0.0,0.0,0.0,31.2,18.8,81.2,0.0,25.0,19.0,22.0,21.0,1474.7,1743.5
2024-05-12,2023,Bayern Munich,Wolfsburg,2,0,H,U,1.35,5.89,7.55,3.0,2.0,4.0,0.0,17,2.0,2.0,1.0,1.0,4.0,4.0,0.0,3.0,4.0,-1.0,1.0,0.0,1.0,1.0,1.0,0.0,1.0,1.0,0.0,81.2,12.5,25.0,56.2,19.0,13.0,16.0,16.0,1717.9,1512.9
2024-05-11,2023,RB Leipzig,Werder Bremen,1,1,D,U,1.29,6.54,8.64,5.0,1.0,4.0,3.0,17,2.0,1.0,0.0,1.0,7.0,4.0,3.0,1.0,6.0,-5.0,6.0,-2.0,8.0,2.0,1.0,1.0,0.0,1.0,-1.0,68.8,12.5,25.0,50.0,23.0,18.0,23.0,4.0,1677.4,1480.5
2024-05-11,2023,Mainz,Dortmund,3,0,H,O,2.21,3.9,2.98,6.0,2.0,4.0,2.0,17,2.0,2.0,0.0,1.0,9.0,5.0,4.0,2.0,5.0,-3.0,7.0,0.0,7.0,2.0,1.0,1.0,0.0,1.0,-1.0,31.2,37.5,50.0,12.5,21.0,14.0,20.0,16.0,1496.5,1688.4
2024-05-11,2023,M'gladbach,Ein Frankfurt,1,1,D,U,2.51,3.71,2.66,3.0,1.0,2.0,8.0,17,0.0,0.0,2.0,3.0,1.0,2.0,-1.0,5.0,8.0,-3.0,-4.0,-6.0,2.0,0.0,0.0,0.0,1.0,2.0,-1.0,31.2,37.5,25.0,43.8,13.0,12.0,19.0,10.0,1493.5,1558.6
2024-05-11,2023,Freiburg,Heidenheim,1,1,D,U,1.73,4.06,4.59,3.0,3.0,2.0,4.0,17,0.0,1.0,2.0,0.0,3.0,5.0,-2.0,7.0,4.0,3.0,-4.0,1.0,-5.0,0.0,0.0,0.0,1.0,0.0,1.0,31.2,31.2,18.8,43.8,10.0,12.0,13.0,17.0,1542.6,1512.9
2024-05-11,2023,FC Koln,Union Berlin,3,2,H,O,2.8,3.38,2.57,5.0,6.0,6.0,8.0,17,1.0,0.0,1.0,1.0,2.0,0.0,2.0,3.0,2.0,1.0,-1.0,-2.0,1.0,0.0,0.0,0.0,1.0,1.0,0.0,18.8,56.2,12.5,62.5,17.0,13.0,20.0,10.0,1462.5,1509.4
2024-05-10,2023,Augsburg,Stuttgart,0,1,A,U,3.88,4.34,1.81,1.0,7.0,5.0,5.0,17,1.0,1.0,1.0,1.0,3.0,4.0,-1.0,4.0,4.0,0.0,-1.0,0.0,-1.0,1.0,0.0,1.0,1.0,0.0,1.0,37.5,25.0,56.2,37.5,11.0,11.0,23.0,12.0,1480.9,1615.4
2024-05-05,2023,Union Berlin,Bochum,3,4,A,O,1.97,3.47,4.02,6.0,5.0,6.0,4.0,16,1.0,0.0,2.0,3.0,3.0,1.0,2.0,7.0,5.0,2.0,-4.0,-4.0,0.0,0.0,0.0,0.0,1.0,1.0,0.0,40.0,46.7,6.7,66.7,10.0,7.0,16.0,18.0,1521.1,1463.0
2024-05-05,2023,Heidenheim,Mainz,1,1,D,U,2.99,3.58,2.33,6.0,4.0,6.0,3.0,16,1.0,0.0,1.0,1.0,5.0,2.0,3.0,5.0,9.0,-4.0,0.0,-7.0,7.0,0.0,0.0,0.0,0.0,1.0,-1.0,40.0,33.3,0.0,46.7,14.0,9.0,15.0,13.0,1513.4,1496.0
2024-05-05,2023,Ein Frankfurt,Leverkusen,1,5,A,O,3.16,3.59,2.23,5.0,6.0,10.0,5.0,16,1.0,2.0,0.0,0.0,4.0,5.0,-1.0,2.0,3.0,-1.0,2.0,2.0,0.0,1.0,0.0,1.0,0.0,0.0,0.0,46.7,6.7,80.0,0.0,16.0,20.0,21.0,24.0,1564.0,1738.1
2024-05-04,2023,Wolfsburg,Darmstadt,3,0,H,O,1.39,5.15,7.64,6.0,1.0,9.0,2.0,16,1.0,1.0,2.0,1.0,3.0,4.0,-1.0,6.0,6.0,0.0,-3.0,-2.0,-1.0,0.0,1.0,-1.0,2.0,1.0,1.0,33.3,40.0,13.3,53.3,13.0,11.0,17.0,9.0,1506.9,1360.4
2024-05-04,2023,Werder Bremen,M'gladbach,2,2,D,O,2.3,3.75,2.91,6.0,7.0,7.0,2.0,16,1.0,1.0,2.0,1.0,3.0,7.0,-4.0,5.0,6.0,-1.0,-2.0,1.0,-3.0,0.0,1.0,-1.0,1.0,0.0,1.0,40.0,40.0,13.3,46.7,8.0,15.0,14.0,13.0,1480.1,1493.9
2024-05-04,2023,Stuttgart,Bayern Munich,3,1,H,O,2.13,4.04,3.07,11.0,3.0,3.0,1.0,16,2.0,2.0,0.0,1.0,8.0,12.0,-4.0,3.0,6.0,-3.0,5.0,6.0,-1.0,2.0,2.0,0.0,0.0,0.0,0.0,73.3,6.7,60.0,26.7,17.0,23.0,14.0,15.0,1601.8,1731.5
2024-05-04,2023,FC Koln,Freiburg,0,0,D,U,2.36,3.64,2.9,7.0,0.0,7.0,1.0,16,1.0,3.0,2.0,0.0,3.0,6.0,-3.0,8.0,1.0,7.0,-5.0,5.0,-10.0,0.0,1.0,-1.0,2.0,0.0,2.0,20.0,60.0,40.0,53.3,12.0,16.0,16.0,8.0,1460.1,1545.0
2024-05-04,2023,Dortmund,Augsburg,5,1,H,O,1.85,4.32,3.69,10.0,4.0,6.0,9.0,16,1.0,1.0,1.0,2.0,4.0,5.0,-1.0,3.0,7.0,-4.0,1.0,-2.0,3.0,1.0,1.0,0.0,0.0,2.0,-2.0,53.3,26.7,26.7,53.3,15.0,13.0,18.0,17.0,1683.5,1485.7
2024-05-03,2023,Hoffenheim,RB Leipzig,1,1,D,U,5.4,5.19,1.51,8.0,5.0,4.0,4.0,16,2.0,3.0,1.0,0.0,7.0,11.0,-4.0,7.0,3.0,4.0,0.0,8.0,-8.0,1.0,2.0,-1.0,1.0,0.0,1.0,33.3,40.0,53.3,33.3,16.0,17.0,22.0,16.0,1491.5,1682.4
2024-04-28,2023,Mainz,FC Koln,1,1,D,U,1.54,4.34,6.02,4.0,6.0,6.0,6.0,16,3.0,0.0,0.0,1.0,10.0,4.0,6.0,1.0,6.0,-5.0,9.0,-2.0,11.0,3.0,0.0,3.0,0.0,1.0,-1.0,33.3,40.0,6.7,46.7,21.0,12.0,21.0,14.0,1497.1,1459.0
2024-04-28,2023,M'gladbach,Union Berlin,0,0,D,U,2.33,3.46,3.07,4.0,7.0,3.0,4.0,16,0.0,0.0,2.0,2.0,4.0,0.0,4.0,8.0,4.0,4.0,-4.0,-4.0,0.0,0.0,0.0,0.0,1.0,2.0,-1.0,33.3,40.0,13.3,66.7,14.0,10.0,24.0,9.0,1493.0,1521.9
2024-04-28,2023,Darmstadt,Heidenheim,0,1,A,U,3.33,3.71,2.11,4.0,6.0,3.0,8.0,16,0.0,0.0,3.0,1.0,2.0,4.0,-2.0,12.0,5.0,7.0,-10.0,-1.0,-9.0,0.0,0.0,0.0,2.0,0.0,2.0,6.7,73.3,13.3,46.7,12.0,7.0,7.0,11.0,1366.6,1507.2
2024-04-27,2023,RB Leipzig,Dortmund,4,1,H,O,1.68,4.41,4.51,7.0,5.0,5.0,8.0,16,2.0,3.0,0.0,0.0,5.0,6.0,-1.0,0.0,2.0,-2.0,5.0,4.0,1.0,2.0,1.0,1.0,0.0,0.0,0.0,66.7,13.3,53.3,6.7,24.0,15.0,26.0,12.0,1671.8,1694.1
2024-04-27,2023,Leverkusen,Stuttgart,2,2,D,O,1.75,4.22,4.27,6.0,4.0,5.0,2.0,16,3.0,2.0,0.0,1.0,9.0,5.0,4.0,1.0,2.0,-1.0,8.0,3.0,5.0,2.0,1.0,1.0,0.0,0.0,0.0,86.7,0.0,60.0,40.0,29.0,19.0,25.0,16.0,1742.0,1597.9
2024-04-27,2023,Freiburg,Wolfsburg,1,2,A,O,2.33,3.56,3.0,3.0,5.0,3.0,6.0,16,0.0,1.0,2.0,2.0,4.0,2.0,2.0,8.0,5.0,3.0,-4.0,-3.0,-1.0,0.0,1.0,-1.0,1.0,2.0,-1.0,33.3,26.7,20.0,60.0,10.0,9.0,12.0,12.0,1556.8,1495.1
2024-04-27,2023,Bayern Munich,Ein Frankfurt,2,1,H,O,1.41,5.4,6.67,9.0,3.0,4.0,2.0,16,2.0,1.0,1.0,2.0,10.0,3.0,7.0,3.0,7.0,-4.0,7.0,-4.0,11.0,2.0,0.0,2.0,1.0,2.0,-1.0,80.0,13.3,26.7,40.0,22.0,15.0,18.0,11.0,1725.7,1569.8
2024-04-27,2023,Augsburg,Werder Bremen,0,3,A,O,1.81,4.09,4.05,1.0,8.0,6.0,4.0,16,2.0,0.0,0.0,2.0,4.0,2.0,2.0,1.0,8.0,-7.0,3.0,-6.0,9.0,1.0,0.0,1.0,0.0,1.0,-1.0,40.0,20.0,20.0,53.3,14.0,12.0,22.0,3.0,1496.5,1469.4
2024-04-26,2023,Bochum,Hoffenheim,3,2,H,O,2.21,3.92,2.99,13.0,4.0,10.0,4.0,16,0.0,0.0,1.0,3.0,4.0,3.0,1.0,5.0,9.0,-4.0,-1.0,-6.0,5.0,0.0,0.0,0.0,0.0,2.0,-2.0,26.7,20.0,40.0,46.7,18.0,5.0,24.0,6.0,1451.6,1503.0
2024-04-21,2023,Werder Bremen,Stuttgart,2,1,H,O,4.99,4.54,1.6,2.0,5.0,1.0,7.0,15,0.0,3.0,2.0,0.0,2.0,7.0,-5.0,5.0,2.0,3.0,-3.0,5.0,-8.0,0.0,1.0,-1.0,1.0,0.0,1.0,35.7,42.9,64.3,35.7,10.0,17.0,17.0,13.0,1455.1,1612.1
2024-04-21,2023,Freiburg,Mainz,1,1,D,U,2.58,3.56,2.67,3.0,4.0,2.0,4.0,15,0.0,0.0,2.0,2.0,5.0,2.0,3.0,9.0,10.0,-1.0,-4.0,-8.0,4.0,0.0,0.0,0.0,1.0,1.0,0.0,35.7,28.6,0.0,50.0,12.0,9.0,13.0,11.0,1558.6,1495.3
2024-04-21,2023,Dortmund,Leverkusen,1,1,D,U,2.55,3.84,2.55,2.0,5.0,2.0,6.0,15,1.0,3.0,2.0,0.0,5.0,6.0,-1.0,5.0,2.0,3.0,0.0,4.0,-4.0,1.0,1.0,0.0,0.0,0.0,0.0,57.1,28.6,85.7,0.0,20.0,21.0,26.0,27.0,1692.7,1743.5
2024-04-20,2023,Wolfsburg,Bochum,1,0,H,U,1.79,3.98,4.32,5.0,1.0,5.0,8.0,15,0.0,0.0,3.0,3.0,4.0,3.0,1.0,9.0,9.0,0.0,-5.0,-6.0,1.0,0.0,0.0,0.0,2.0,2.0,0.0,28.6,42.9,7.1,64.3,10.0,11.0,17.0,16.0,1485.8,1460.8
2024-04-20,2023,Union Berlin,Bayern Munich,1,5,A,O,4.94,4.51,1.62,4.0,9.0,5.0,3.0,15,1.0,1.0,2.0,1.0,2.0,9.0,-7.0,4.0,7.0,-3.0,-2.0,2.0,-4.0,0.0,1.0,-1.0,1.0,0.0,1.0,42.9,42.9,57.1,28.6,11.0,23.0,19.0,18.0,1526.9,1720.7
2024-04-20,2023,Hoffenheim,M'gladbach,4,3,H,O,2.12,4.02,3.09,9.0,7.0,6.0,5.0,15,2.0,1.0,1.0,0.0,5.0,5.0,0.0,5.0,3.0,2.0,0.0,2.0,-2.0,1.0,1.0,0.0,1.0,0.0,1.0,28.6,42.9,14.3,42.9,14.0,13.0,19.0,14.0,1492.7,1503.3
2024-04-20,2023,Heidenheim,RB Leipzig,1,2,A,O,6.24,5.1,1.46,5.0,4.0,2.0,6.0,15,1.0,3.0,1.0,0.0,5.0,13.0,-8.0,5.0,3.0,2.0,0.0,10.0,-10.0,0.0,3.0,-3.0,0.0,0.0,0.0,42.9,28.6,50.0,35.7,12.0,17.0,20.0,15.0,1513.1,1665.9
2024-04-20,2023,FC Koln,Darmstadt,0,2,A,U,1.5,4.57,6.35,4.0,6.0,4.0,3.0,15,1.0,0.0,2.0,2.0,3.0,2.0,1.0,8.0,8.0,0.0,-5.0,-6.0,1.0,0.0,0.0,0.0,2.0,2.0,0.0,21.4,57.1,7.1,57.1,8.0,9.0,13.0,10.0,1472.3,1353.3
2024-04-19,2023,Ein Frankfurt,Augsburg,3,1,H,O,2.05,3.77,3.48,7.0,1.0,6.0,5.0,15,1.0,2.0,0.0,1.0,4.0,10.0,-6.0,2.0,4.0,-2.0,2.0,6.0,-4.0,1.0,2.0,-1.0,0.0,1.0,-1.0,42.9,7.1,28.6,50.0,16.0,18.0,20.0,18.0,1561.4,1504.9
2024-04-14,2023,Leverkusen,Werder Bremen,5,0,H,O,1.2,7.2,13.63,10.0,3.0,7.0,0.0,15,3.0,0.0,0.0,2.0,6.0,3.0,3.0,2.0,5.0,-3.0,4.0,-2.0,6.0,1.0,0.0,1.0,0.0,0.0,0.0,85.7,0.0,21.4,50.0,26.0,17.0,29.0,6.0,1740.2,1458.4
2024-04-14,2023,Darmstadt,Freiburg,0,1,A,U,3.96,3.92,1.86,4.0,3.0,2.0,2.0,15,0.0,2.0,3.0,1.0,3.0,6.0,-3.0,13.0,3.0,10.0,-10.0,3.0,-13.0,0.0,1.0,-1.0,2.0,0.0,2.0,7.1,71.4,35.7,57.1,17.0,14.0,10.0,8.0,1358.2,1553.7
2024-04-13,2023,Stuttgart,Ein Frankfurt,3,0,H,O,1.52,4.65,5.86,6.0,3.0,4.0,5.0,15,1.0,1.0,0.0,1.0,6.0,6.0,0.0,4.0,7.0,-3.0,2.0,-1.0,3.0,1.0,0.0,1.0,0.0,1.0,-1.0,71.4,7.1,28.6,35.7,16.0,18.0,19.0,7.0,1603.0,1570.4
2024-04-13,2023,RB Leipzig,Wolfsburg,3,0,H,O,1.36,5.47,7.77,6.0,3.0,6.0,4.0,15,2.0,1.0,0.0,1.0,4.0,4.0,0.0,0.0,4.0,-4.0,4.0,0.0,4.0,2.0,1.0,1.0,0.0,1.0,-1.0,64.3,14.3,21.4,57.1,27.0,14.0,28.0,11.0,1660.4,1491.3
2024-04-13,2023,Mainz,Hoffenheim,4,1,H,O,1.99,3.93,3.52,8.0,1.0,9.0,3.0,15,2.0,1.0,0.0,2.0,7.0,5.0,2.0,1.0,7.0,-6.0,6.0,-2.0,8.0,2.0,0.0,2.0,0.0,1.0,-1.0,28.6,42.9,42.9,42.9,18.0,9.0,24.0,6.0,1484.8,1503.2
2024-04-13,2023,M'gladbach,Dortmund,1,2,A,O,3.26,4.1,2.03,5.0,4.0,2.0,4.0,15,1.0,3.0,1.0,0.0,8.0,6.0,2.0,8.0,1.0,7.0,0.0,5.0,-5.0,1.0,2.0,-1.0,1.0,0.0,1.0,35.7,35.7,50.0,7.1,15.0,18.0,27.0,15.0,1508.6,1687.4
2024-04-13,2023,Bochum,Heidenheim,1,1,D,U,2.1,3.72,3.38,5.0,3.0,6.0,2.0,15,0.0,0.0,2.0,1.0,4.0,5.0,-1.0,8.0,6.0,2.0,-4.0,-1.0,-3.0,0.0,0.0,0.0,1.0,0.0,1.0,28.6,21.4,14.3,50.0,17.0,8.0,20.0,11.0,1459.3,1514.7
2024-04-13,2023,Bayern Munich,FC Koln,2,0,H,U,1.2,7.74,12.41,7.0,5.0,5.0,5.0,15,2.0,0.0,1.0,0.0,10.0,5.0,5.0,4.0,5.0,-1.0,6.0,0.0,6.0,1.0,0.0,1.0,1.0,0.0,1.0,78.6,14.3,7.1,42.9,19.0,13.0,19.0,13.0,1716.7,1476.3
2024-04-12,2023,Augsburg,Union Berlin,2,0,H,U,2.13,3.48,3.51,4.0,4.0,5.0,4.0,15,2.0,1.0,0.0,1.0,4.0,1.0,3.0,2.0,2.0,0.0,2.0,-1.0,3.0,0.0,0.0,0.0,0.0,1.0,-1.0,35.7,21.4,14.3,64.3,18.0,9.0,27.0,7.0,1493.6,1538.1
2024-04-07,2023,Wolfsburg,M'gladbach,1,3,A,O,1.9,3.88,3.86,4.0,6.0,4.0,4.0,14,0.0,0.0,2.0,1.0,4.0,2.0,2.0,7.0,4.0,3.0,-3.0,-2.0,-1.0,0.0,0.0,0.0,1.0,1.0,0.0,30.8,38.5,7.7,46.2,10.0,7.0,18.0,14.0,1501.4,1498.5
2024-04-07,2023,Hoffenheim,Augsburg,3,1,H,O,2.25,3.93,2.91,6.0,7.0,11.0,6.0,14,1.0,2.0,2.0,1.0,2.0,9.0,-7.0,5.0,2.0,3.0,-3.0,7.0,-10.0,0.0,2.0,-2.0,1.0,0.0,1.0,23.1,46.2,30.8,46.2,12.0,15.0,14.0,19.0,1492.9,1504.0
2024-04-06,2023,Union Berlin,Leverkusen,0,1,A,U,6.02,4.28,1.56,1.0,8.0,7.0,10.0,14,1.0,3.0,1.0,0.0,4.0,7.0,-3.0,5.0,3.0,2.0,-1.0,4.0,-5.0,0.0,1.0,-1.0,1.0,0.0,1.0,46.2,38.5,84.6,0.0,13.0,17.0,16.0,22.0,1543.1,1735.2
2024-04-06,2023,Mainz,Darmstadt,4,0,H,O,1.42,4.87,7.63,9.0,2.0,5.0,1.0,14,2.0,0.0,0.0,1.0,4.0,3.0,1.0,1.0,5.0,-4.0,3.0,-2.0,5.0,1.0,0.0,1.0,0.0,1.0,-1.0,23.1,46.2,7.7,53.8,13.0,10.0,26.0,15.0,1477.9,1365.0
2024-04-06,2023,Heidenheim,Bayern Munich,3,2,H,O,7.21,5.88,1.36,4.0,8.0,3.0,3.0,14,0.0,1.0,2.0,1.0,3.0,9.0,-6.0,5.0,7.0,-2.0,-2.0,2.0,-4.0,0.0,1.0,-1.0,0.0,0.0,0.0,38.5,30.8,61.5,23.1,11.0,25.0,21.0,24.0,1498.8,1732.6
2024-04-06,2023,Freiburg,RB Leipzig,1,4,A,O,4.63,4.27,1.69,4.0,6.0,8.0,4.0,14,0.0,2.0,1.0,1.0,7.0,10.0,-3.0,8.0,4.0,4.0,-1.0,6.0,-7.0,0.0,2.0,-2.0,0.0,0.0,0.0,38.5,23.1,46.2,38.5,16.0,16.0,11.0,15.0,1561.1,1653.0
2024-04-06,2023,FC Koln,Bochum,2,1,H,O,2.3,3.59,3.05,6.0,2.0,9.0,4.0,14,0.0,0.0,3.0,2.0,1.0,3.0,-2.0,8.0,8.0,0.0,-7.0,-5.0,-2.0,0.0,0.0,0.0,2.0,2.0,0.0,15.4,61.5,7.7,61.5,4.0,14.0,9.0,15.0,1466.2,1469.3
2024-04-06,2023,Dortmund,Stuttgart,0,1,A,U,2.27,3.99,2.85,7.0,2.0,8.0,3.0,14,2.0,3.0,1.0,0.0,8.0,8.0,0.0,4.0,3.0,1.0,4.0,5.0,-1.0,2.0,1.0,1.0,0.0,0.0,0.0,61.5,23.1,61.5,38.5,21.0,19.0,23.0,13.0,1700.5,1590.0
2024-04-05,2023,Ein Frankfurt,Werder Bremen,1,1,D,U,1.79,3.9,4.44,5.0,7.0,9.0,0.0,14,1.0,1.0,0.0,2.0,5.0,3.0,2.0,3.0,4.0,-1.0,2.0,-1.0,3.0,1.0,0.0,1.0,0.0,0.0,0.0,46.2,7.7,23.1,53.8,16.0,14.0,16.0,9.0,1573.7,1455.1
2024-03-31,2023,Stuttgart,Heidenheim,3,3,D,O,1.27,6.35,10.32,6.0,3.0,6.0,7.0,14,2.0,1.0,0.0,1.0,6.0,4.0,2.0,2.0,4.0,-2.0,4.0,0.0,4.0,2.0,0.0,2.0,0.0,0.0,0.0,76.9,7.7,15.4,53.8,17.0,8.0,17.0,14.0,1592.7,1496.1
2024-03-31,2023,Bochum,Darmstadt,2,2,D,O,1.65,4.18,5.06,7.0,3.0,6.0,5.0,14,1.0,0.0,2.0,1.0,5.0,1.0,4.0,8.0,3.0,5.0,-3.0,-2.0,-1.0,0.0,0.0,0.0,1.0,1.0,0.0,30.8,23.1,8.3,58.3,15.0,8.0,18.0,12.0,1472.4,1362.0
2024-03-31,2023,Augsburg,FC Koln,1,1,D,U,1.79,3.87,4.42,6.0,2.0,12.0,6.0,14,2.0,0.0,0.0,0.0,5.0,5.0,0.0,3.0,5.0,-2.0,2.0,0.0,2.0,0.0,0.0,0.0,0.0,0.0,0.0,38.5,23.1,7.7,46.2,16.0,12.0,16.0,10.0,1505.1,1465.1
2024-03-30,2023,Werder Bremen,Wolfsburg,0,2,A,U,2.84,3.56,2.43,1.0,5.0,3.0,6.0,14,0.0,0.0,2.0,2.0,3.0,2.0,1.0,5.0,5.0,0.0,-2.0,-3.0,1.0,0.0,0.0,0.0,0.0,1.0,-1.0,38.5,38.5,15.4,61.5,12.0,14.0,19.0,15.0,1464.3,1492.2
2024-03-30,2023,RB Leipzig,Mainz,0,0,D,U,1.38,5.3,7.65,10.0,2.0,12.0,2.0,14,3.0,0.0,0.0,3.0,6.0,3.0,3.0,0.0,13.0,-13.0,6.0,-10.0,16.0,3.0,0.0,3.0,0.0,2.0,-2.0,69.2,15.4,0.0,53.8,23.0,13.0,21.0,14.0,1657.9,1473.1
2024-03-30,2023,M'gladbach,Freiburg,0,3,A,O,2.23,3.68,3.11,4.0,8.0,14.0,1.0,14,1.0,1.0,0.0,2.0,8.0,3.0,5.0,5.0,6.0,-1.0,3.0,-3.0,6.0,1.0,0.0,1.0,0.0,1.0,-1.0,38.5,30.8,30.8,61.5,19.0,9.0,20.0,10.0,1507.2,1552.4
2024-03-30,2023,Leverkusen,Hoffenheim,2,1,H,O,1.22,7.36,11.77,12.0,2.0,9.0,2.0,14,3.0,1.0,0.0,1.0,7.0,6.0,1.0,1.0,7.0,-6.0,6.0,-1.0,7.0,2.0,0.0,2.0,0.0,1.0,-1.0,84.6,0.0,46.2,38.5,22.0,14.0,24.0,6.0,1731.1,1497.0
2024-03-30,2023,Ein Frankfurt,Union Berlin,0,0,D,U,2.04,3.44,3.81,4.0,2.0,6.0,2.0,13,1.0,1.0,0.0,1.0,6.0,2.0,4.0,4.0,3.0,1.0,2.0,-1.0,3.0,1.0,0.0,1.0,0.0,1.0,-1.0,50.0,8.3,15.4,69.2,14.0,11.0,18.0,8.0,1574.7,1542.2
2024-03-30,2023,Bayern Munich,Dortmund,0,2,A,U,1.4,5.71,6.47,3.0,5.0,7.0,4.0,14,3.0,2.0,0.0,0.0,13.0,5.0,8.0,3.0,2.0,1.0,10.0,3.0,7.0,2.0,1.0,1.0,0.0,0.0,0.0,84.6,7.7,46.2,7.7,22.0,18.0,18.0,14.0,1744.2,1688.9
2024-03-17,2023,Freiburg,Leverkusen,2,3,A,O,5.69,4.35,1.56,3.0,7.0,2.0,8.0,13,0.0,3.0,1.0,0.0,6.0,6.0,0.0,8.0,1.0,7.0,-2.0,5.0,-7.0,0.0,2.0,-2.0,1.0,0.0,1.0,41.7,16.7,83.3,0.0,17.0,17.0,10.0,17.0,1557.9,1725.6
2024-03-17,2023,Dortmund,Ein Frankfurt,3,1,H,O,1.62,4.43,4.92,6.0,6.0,8.0,3.0,13,2.0,1.0,1.0,1.0,8.0,5.0,3.0,4.0,6.0,-2.0,4.0,-1.0,5.0,2.0,0.0,2.0,0.0,1.0,-1.0,58.3,25.0,30.8,30.8,21.0,16.0,23.0,11.0,1681.7,1581.9
2024-03-16,2023,Wolfsburg,Augsburg,1,3,A,O,2.09,3.64,3.44,4.0,5.0,8.0,6.0,13,0.0,1.0,1.0,1.0,5.0,7.0,-2.0,6.0,2.0,4.0,-1.0,5.0,-6.0,0.0,1.0,-1.0,0.0,0.0,0.0,33.3,33.3,25.0,50.0,14.0,16.0,17.0,18.0,1502.4,1494.9
2024-03-16,2023,Union Berlin,Werder Bremen,2,1,H,O,2.03,3.56,3.7,5.0,2.0,4.0,3.0,13,1.0,2.0,1.0,1.0,3.0,3.0,0.0,4.0,2.0,2.0,-1.0,1.0,-2.0,0.0,0.0,0.0,1.0,0.0,1.0,41.7,41.7,25.0,50.0,10.0,13.0,18.0,7.0,1533.9,1472.6
2024-03-16,2023,Mainz,Bochum,2,0,H,U,1.78,3.88,4.47,4.0,4.0,7.0,6.0,13,1.0,0.0,0.0,2.0,3.0,4.0,-1.0,2.0,9.0,-7.0,1.0,-5.0,6.0,0.0,0.0,0.0,0.0,2.0,-2.0,16.7,50.0,8.3,58.3,16.0,14.0,27.0,13.0,1462.5,1483.0
2024-03-16,2023,Hoffenheim,Stuttgart,0,3,A,O,3.75,4.15,1.87,1.0,12.0,5.0,6.0,13,1.0,3.0,1.0,0.0,3.0,8.0,-5.0,3.0,4.0,-1.0,0.0,4.0,-4.0,0.0,1.0,-1.0,0.0,0.0,0.0,25.0,41.7,58.3,41.7,15.0,16.0,19.0,13.0,1504.7,1584.9
2024-03-16,2023,Heidenheim,M'gladbach,1,1,D,U,2.45,3.64,2.78,5.0,2.0,10.0,4.0,13,0.0,0.0,2.0,2.0,2.0,2.0,0.0,4.0,6.0,-2.0,-2.0,-4.0,2.0,0.0,0.0,0.0,0.0,2.0,-2.0,41.7,33.3,8.3,50.0,6.0,9.0,15.0,15.0,1495.8,1507.6
2024-03-16,2023,Darmstadt,Bayern Munich,2,5,A,O,16.6,9.19,1.14,3.0,6.0,2.0,9.0,14,0.0,0.0,3.0,2.0,1.0,4.0,-3.0,10.0,8.0,2.0,-9.0,-4.0,-5.0,0.0,0.0,0.0,2.0,1.0,1.0,7.7,69.2,58.3,25.0,20.0,20.0,12.0,21.0,1364.0,1742.1
2024-03-15,2023,FC Koln,RB Leipzig,1,5,A,O,6.54,4.72,1.48,2.0,7.0,3.0,6.0,13,1.0,1.0,2.0,1.0,2.0,7.0,-5.0,3.0,5.0,-2.0,-1.0,2.0,-3.0,1.0,1.0,0.0,1.0,0.0,1.0,16.7,58.3,41.7,41.7,6.0,15.0,13.0,12.0,1470.3,1652.7
2024-03-10,2023,Leverkusen,Wolfsburg,2,0,H,U,1.32,5.66,8.97,7.0,1.0,9.0,2.0,13,2.0,0.0,0.0,1.0,5.0,3.0,2.0,1.0,4.0,-3.0,4.0,-1.0,5.0,1.0,0.0,1.0,0.0,0.0,0.0,83.3,0.0,16.7,58.3,23.0,16.0,23.0,15.0,1721.1,1506.9
2024-03-10,2023,Ein Frankfurt,Hoffenheim,3,1,H,O,2.06,3.87,3.35,7.0,2.0,5.0,1.0,12,1.0,1.0,0.0,1.0,4.0,7.0,-3.0,3.0,7.0,-4.0,1.0,0.0,1.0,0.0,0.0,0.0,0.0,0.0,0.0,45.5,9.1,50.0,33.3,11.0,16.0,15.0,7.0,1573.6,1513.0
2024-03-10,2023,Bochum,Freiburg,1,2,A,O,2.27,3.61,3.06,6.0,5.0,12.0,5.0,13,1.0,0.0,1.0,3.0,5.0,2.0,3.0,7.0,8.0,-1.0,-2.0,-6.0,4.0,0.0,0.0,0.0,1.0,2.0,-1.0,33.3,16.7,25.0,66.7,13.0,8.0,9.0,10.0,1491.3,1549.5
2024-03-09,2023,Werder Bremen,Dortmund,1,2,A,O,3.77,4.08,1.88,5.0,6.0,10.0,4.0,13,1.0,1.0,1.0,0.0,5.0,3.0,2.0,4.0,1.0,3.0,1.0,2.0,-1.0,1.0,1.0,0.0,0.0,0.0,0.0,41.7,33.3,41.7,8.3,11.0,17.0,14.0,16.0,1477.4,1676.9
2024-03-09,2023,RB Leipzig,Darmstadt,2,0,H,U,1.15,8.73,17.28,8.0,4.0,8.0,4.0,13,2.0,0.0,1.0,1.0,6.0,1.0,5.0,3.0,2.0,1.0,3.0,-1.0,4.0,2.0,0.0,2.0,0.0,0.0,0.0,66.7,16.7,9.1,54.5,21.0,5.0,14.0,11.0,1649.4,1367.3
2024-03-09,2023,M'gladbach,FC Koln,3,3,D,O,1.85,3.82,4.18,5.0,5.0,8.0,3.0,13,1.0,0.0,1.0,0.0,6.0,3.0,3.0,4.0,3.0,1.0,2.0,0.0,2.0,1.0,0.0,1.0,0.0,0.0,0.0,41.7,33.3,8.3,50.0,18.0,9.0,17.0,10.0,1508.7,1469.1
2024-03-09,2023,Bayern Munich,Mainz,8,1,H,O,1.23,6.88,11.56,12.0,3.0,6.0,7.0,13,3.0,0.0,0.0,3.0,6.0,2.0,4.0,2.0,6.0,-4.0,4.0,-4.0,8.0,1.0,0.0,1.0,0.0,1.0,-1.0,83.3,8.3,0.0,50.0,20.0,10.0,24.0,8.0,1738.7,1465.9
2024-03-09,2023,Augsburg,Heidenheim,1,0,H,U,1.89,3.92,3.87,4.0,1.0,5.0,2.0,13,1.0,1.0,1.0,0.0,6.0,5.0,1.0,6.0,4.0,2.0,0.0,1.0,-1.0,0.0,0.0,0.0,0.0,0.0,0.0,33.3,25.0,16.7,50.0,19.0,10.0,15.0,17.0,1484.3,1506.4
2024-03-08,2023,Stuttgart,Union Berlin,2,0,H,U,1.48,4.53,6.92,5.0,4.0,4.0,3.0,13,2.0,1.0,0.0,1.0,9.0,2.0,7.0,4.0,3.0,1.0,5.0,-1.0,6.0,2.0,0.0,2.0,0.0,1.0,-1.0,75.0,8.3,16.7,66.7,23.0,9.0,22.0,9.0,1575.9,1543.0
2024-03-03,2023,Hoffenheim,Werder Bremen,2,1,H,O,1.95,3.92,3.62,7.0,8.0,3.0,3.0,12,0.0,3.0,1.0,0.0,2.0,3.0,-1.0,3.0,0.0,3.0,-1.0,3.0,-4.0,0.0,0.0,0.0,0.0,0.0,0.0,18.2,45.5,27.3,45.5,16.0,8.0,25.0,6.0,1503.5,1486.9
2024-03-03,2023,FC Koln,Leverkusen,0,2,A,U,8.43,5.02,1.38,0.0,6.0,1.0,9.0,12,1.0,3.0,2.0,0.0,2.0,7.0,-5.0,5.0,3.0,2.0,-3.0,4.0,-7.0,1.0,1.0,0.0,1.0,0.0,1.0,18.2,54.5,81.8,0.0,11.0,16.0,25.0,17.0,1473.1,1717.1
2024-03-02,2023,Wolfsburg,Stuttgart,2,3,A,O,3.26,3.58,2.19,2.0,3.0,5.0,4.0,12,0.0,2.0,0.0,1.0,4.0,5.0,-1.0,4.0,3.0,1.0,0.0,2.0,-2.0,0.0,1.0,-1.0,0.0,0.0,0.0,36.4,27.3,54.5,45.5,17.0,17.0,18.0,16.0,1515.4,1567.4
2024-03-02,2023,Union Berlin,Dortmund,0,2,A,U,3.44,3.6,2.11,5.0,7.0,8.0,7.0,12,2.0,1.0,0.0,0.0,4.0,5.0,-1.0,2.0,1.0,1.0,2.0,4.0,-2.0,0.0,1.0,-1.0,0.0,0.0,0.0,45.5,36.4,36.4,9.1,11.0,17.0,14.0,13.0,1549.7,1670.2
2024-03-02,2023,Mainz,M'gladbach,1,1,D,U,1.97,3.76,3.71,5.0,5.0,12.0,6.0,12,1.0,0.0,1.0,2.0,2.0,1.0,1.0,2.0,5.0,-3.0,0.0,-4.0,4.0,0.0,0.0,0.0,0.0,2.0,-2.0,18.2,54.5,9.1,54.5,16.0,7.0,26.0,11.0,1464.6,1510.0
2024-03-02,2023,Heidenheim,Ein Frankfurt,1,2,A,O,2.8,3.39,2.56,3.0,6.0,7.0,3.0,12,0.0,0.0,1.0,1.0,2.0,5.0,-3.0,3.0,7.0,-4.0,-1.0,-2.0,1.0,0.0,0.0,0.0,0.0,1.0,-1.0,45.5,27.3,25.0,33.3,6.0,14.0,12.0,9.0,1515.0,1565.0
2024-03-02,2023,Darmstadt,Augsburg,0,6,A,O,2.85,3.44,2.48,5.0,6.0,3.0,6.0,13,0.0,1.0,2.0,1.0,3.0,3.0,0.0,6.0,3.0,3.0,-3.0,0.0,-3.0,0.0,0.0,0.0,1.0,0.0,1.0,8.3,66.7,18.2,54.5,18.0,17.0,13.0,19.0,1374.4,1477.1
2024-03-02,2023,Bochum,RB Leipzig,1,4,A,O,4.76,4.4,1.65,4.0,4.0,2.0,5.0,12,2.0,0.0,0.0,2.0,5.0,5.0,0.0,3.0,9.0,-6.0,2.0,-4.0,6.0,0.0,0.0,0.0,0.0,1.0,-1.0,36.4,9.1,36.4,45.5,10.0,13.0,8.0,10.0,1497.4,1643.4
2024-03-01,2023,Freiburg,Bayern Munich,2,2,D,O,5.97,4.78,1.5,5.0,9.0,3.0,6.0,12,1.0,1.0,1.0,2.0,7.0,5.0,2.0,8.0,8.0,0.0,-1.0,-3.0,2.0,0.0,0.0,0.0,1.0,1.0,0.0,45.5,18.2,63.6,27.3,20.0,15.0,9.0,20.0,1544.4,1743.9
2024-02-25,2023,Ein Frankfurt,Wolfsburg,2,2,D,O,2.25,3.47,3.22,5.0,8.0,5.0,3.0,11,2.0,0.0,0.0,1.0,4.0,2.0,2.0,2.0,3.0,-1.0,2.0,-1.0,3.0,0.0,0.0,0.0,0.0,0.0,0.0,50.0,10.0,18.2,63.6,13.0,12.0,18.0,15.0,1566.5,1513.9
2024-02-25,2023,Dortmund,Hoffenheim,2,3,A,O,1.51,5.0,5.42,7.0,5.0,10.0,3.0,12,2.0,0.0,0.0,2.0,7.0,4.0,3.0,2.0,8.0,-6.0,5.0,-4.0,9.0,2.0,0.0,2.0,0.0,1.0,-1.0,63.6,18.2,45.5,36.4,22.0,15.0,19.0,6.0,1685.4,1488.3
2024-02-25,2023,Augsburg,Freiburg,2,1,H,O,2.28,3.6,3.05,8.0,1.0,10.0,2.0,12,0.0,0.0,2.0,3.0,4.0,3.0,1.0,6.0,9.0,-3.0,-2.0,-6.0,4.0,0.0,0.0,0.0,0.0,2.0,-2.0,27.3,27.3,27.3,63.6,11.0,11.0,5.0,12.0,1464.5,1556.9
2024-02-24,2023,Werder Bremen,Darmstadt,1,1,D,U,1.68,4.04,5.03,4.0,3.0,4.0,6.0,12,1.0,0.0,1.0,1.0,5.0,3.0,2.0,4.0,4.0,0.0,1.0,-1.0,2.0,1.0,0.0,1.0,0.0,0.0,0.0,45.5,36.4,10.0,60.0,10.0,5.0,11.0,8.0,1490.2,1371.1
2024-02-24,2023,Union Berlin,Heidenheim,2,2,D,O,2.01,3.52,3.82,3.0,4.0,4.0,2.0,11,3.0,1.0,0.0,0.0,4.0,4.0,0.0,0.0,3.0,-3.0,4.0,1.0,3.0,1.0,0.0,1.0,0.0,0.0,0.0,50.0,40.0,18.2,54.5,16.0,8.0,14.0,21.0,1550.7,1513.9
2024-02-24,2023,Stuttgart,FC Koln,1,1,D,U,1.32,5.63,9.5,5.0,6.0,9.0,4.0,12,3.0,0.0,0.0,1.0,11.0,2.0,9.0,3.0,4.0,-1.0,8.0,-2.0,10.0,3.0,0.0,3.0,0.0,1.0,-1.0,81.8,9.1,9.1,54.5,25.0,10.0,17.0,11.0,1570.2,1470.3
2024-02-24,2023,M'gladbach,Bochum,5,2,H,O,2.01,3.83,3.52,6.0,5.0,5.0,6.0,12,1.0,0.0,1.0,2.0,4.0,2.0,2.0,3.0,8.0,-5.0,1.0,-6.0,7.0,1.0,0.0,1.0,0.0,2.0,-2.0,36.4,36.4,9.1,54.5,16.0,10.0,12.0,10.0,1499.8,1507.6
2024-02-24,2023,Bayern Munich,RB Leipzig,2,1,H,O,1.69,4.41,4.46,4.0,5.0,6.0,4.0,12,2.0,0.0,1.0,1.0,4.0,5.0,-1.0,2.0,8.0,-6.0,2.0,-3.0,5.0,1.0,0.0,1.0,0.0,1.0,-1.0,81.8,9.1,40.0,40.0,22.0,17.0,28.0,10.0,1736.3,1651.0
2024-02-23,2023,Leverkusen,Mainz,2,1,H,O,1.26,6.22,11.85,7.0,4.0,11.0,2.0,12,2.0,0.0,0.0,2.0,7.0,2.0,5.0,0.0,5.0,-5.0,7.0,-3.0,10.0,2.0,0.0,2.0,0.0,1.0,-1.0,81.8,0.0,0.0,45.5,24.0,12.0,16.0,7.0,1713.2,1468.6
2024-02-18,2023,Freiburg,Ein Frankfurt,3,3,D,O,2.32,3.4,3.13,8.0,6.0,6.0,1.0,11,1.0,1.0,1.0,1.0,4.0,3.0,1.0,5.0,4.0,1.0,-1.0,-1.0,0.0,0.0,0.0,0.0,1.0,1.0,0.0,50.0,20.0,27.3,36.4,16.0,9.0,7.0,12.0,1556.7,1566.8
2024-02-18,2023,Bochum,Bayern Munich,3,2,H,O,8.25,5.75,1.33,5.0,10.0,4.0,9.0,11,1.0,2.0,0.0,1.0,3.0,5.0,-2.0,2.0,6.0,-4.0,1.0,-1.0,2.0,0.0,0.0,0.0,0.0,1.0,-1.0,30.0,10.0,70.0,20.0,9.0,12.0,7.0,17.0,1491.2,1752.7
2024-02-17,2023,Wolfsburg,Dortmund,1,1,D,U,3.22,3.82,2.13,4.0,5.0,5.0,3.0,11,0.0,2.0,1.0,0.0,4.0,7.0,-3.0,5.0,0.0,5.0,-1.0,7.0,-8.0,0.0,2.0,-2.0,0.0,0.0,0.0,40.0,30.0,40.0,10.0,17.0,20.0,13.0,14.0,1509.2,1690.2
2024-02-17,2023,RB Leipzig,M'gladbach,2,0,H,U,1.38,5.55,7.2,9.0,0.0,8.0,4.0,12,1.0,0.0,2.0,2.0,4.0,2.0,2.0,4.0,5.0,-1.0,0.0,-3.0,3.0,1.0,0.0,1.0,0.0,1.0,-1.0,63.6,18.2,10.0,50.0,19.0,9.0,21.0,9.0,1644.8,1506.0
2024-02-17,2023,Mainz,Augsburg,1,0,H,U,2.02,3.61,3.68,4.0,4.0,7.0,7.0,11,0.0,1.0,1.0,1.0,2.0,3.0,-1.0,3.0,5.0,-2.0,-1.0,-2.0,1.0,0.0,0.0,0.0,0.0,1.0,-1.0,10.0,60.0,20.0,50.0,16.0,18.0,26.0,16.0,1458.1,1475.0
2024-02-17,2023,Hoffenheim,Union Berlin,0,1,A,U,2.04,3.7,3.54,4.0,3.0,6.0,2.0,11,0.0,0.0,0.0,2.0,5.0,1.0,4.0,5.0,4.0,1.0,0.0,-3.0,3.0,0.0,0.0,0.0,0.0,1.0,-1.0,20.0,40.0,9.1,72.7,16.0,7.0,27.0,8.0,1497.1,1542.0
2024-02-17,2023,Heidenheim,Leverkusen,1,2,A,O,8.33,5.58,1.35,3.0,4.0,4.0,5.0,11,1.0,3.0,0.0,0.0,4.0,6.0,-2.0,3.0,2.0,1.0,1.0,4.0,-3.0,0.0,1.0,-1.0,0.0,0.0,0.0,50.0,20.0,80.0,0.0,6.0,18.0,15.0,24.0,1519.0,1708.1
2024-02-17,2023,Darmstadt,Stuttgart,1,2,A,O,6.89,4.77,1.45,9.0,4.0,5.0,3.0,12,0.0,1.0,2.0,2.0,2.0,4.0,-2.0,7.0,5.0,2.0,-5.0,-1.0,-4.0,0.0,1.0,-1.0,2.0,1.0,1.0,9.1,63.6,50.0,50.0,11.0,15.0,11.0,16.0,1376.2,1565.1
2024-02-16,2023,FC Koln,Werder Bremen,0,1,A,U,2.5,3.4,2.88,2.0,4.0,5.0,3.0,11,1.0,2.0,1.0,0.0,3.0,3.0,0.0,5.0,1.0,4.0,-2.0,2.0,-4.0,1.0,0.0,1.0,1.0,0.0,1.0,20.0,50.0,20.0,50.0,15.0,8.0,29.0,7.0,1480.3,1480.2
2024-02-11,2023,Stuttgart,Mainz,3,1,H,O,1.44,4.7,7.27,7.0,6.0,4.0,5.0,11,2.0,0.0,0.0,1.0,9.0,1.0,8.0,3.0,2.0,1.0,6.0,-1.0,7.0,2.0,0.0,2.0,0.0,0.0,0.0,80.0,10.0,0.0,40.0,30.0,11.0,21.0,9.0,1557.7,1465.5
2024-02-11,2023,Hoffenheim,FC Koln,1,1,D,U,1.83,3.96,4.08,4.0,1.0,10.0,3.0,10,1.0,0.0,0.0,2.0,7.0,1.0,6.0,5.0,5.0,0.0,2.0,-4.0,6.0,1.0,0.0,1.0,0.0,2.0,-2.0,22.2,44.4,10.0,60.0,19.0,10.0,21.0,10.0,1497.6,1479.8
2024-02-10,2023,Werder Bremen,Heidenheim,1,2,A,O,1.85,3.81,4.17,3.0,3.0,5.0,10.0,11,2.0,1.0,0.0,0.0,6.0,3.0,3.0,2.0,2.0,0.0,4.0,1.0,3.0,2.0,0.0,2.0,0.0,0.0,0.0,50.0,30.0,10.0,60.0,12.0,7.0,11.0,12.0,1489.7,1509.5
2024-02-10,2023,Union Berlin,Wolfsburg,1,0,H,U,2.3,3.37,3.21,2.0,5.0,6.0,10.0,10,3.0,1.0,0.0,0.0,6.0,3.0,3.0,1.0,2.0,-1.0,5.0,1.0,4.0,2.0,0.0,2.0,0.0,0.0,0.0,44.4,44.4,20.0,60.0,20.0,10.0,14.0,12.0,1532.4,1518.8
2024-02-10,2023,M'gladbach,Darmstadt,0,0,D,U,1.6,4.32,5.37,8.0,1.0,7.0,2.0,11,1.0,0.0,1.0,2.0,6.0,5.0,1.0,5.0,7.0,-2.0,1.0,-2.0,3.0,1.0,0.0,1.0,0.0,0.0,0.0,40.0,40.0,11.1,66.7,12.0,11.0,9.0,9.0,1509.7,1372.4
2024-02-10,2023,Leverkusen,Bayern Munich,3,0,H,O,2.63,3.84,2.48,8.0,1.0,4.0,6.0,11,2.0,2.0,0.0,1.0,7.0,6.0,1.0,0.0,8.0,-8.0,7.0,-2.0,9.0,2.0,0.0,2.0,0.0,1.0,-1.0,80.0,0.0,77.8,11.1,22.0,17.0,17.0,20.0,1696.2,1764.6
2024-02-10,2023,Ein Frankfurt,Bochum,1,1,D,U,1.76,3.85,4.67,2.0,5.0,8.0,3.0,10,3.0,0.0,0.0,3.0,8.0,2.0,6.0,2.0,10.0,-8.0,6.0,-8.0,14.0,1.0,0.0,1.0,0.0,3.0,-3.0,55.6,11.1,10.0,60.0,17.0,10.0,11.0,12.0,1569.1,1489.0
2024-02-10,2023,Augsburg,RB Leipzig,2,2,D,O,4.21,4.23,1.76,4.0,6.0,1.0,3.0,11,0.0,1.0,2.0,1.0,3.0,6.0,-3.0,5.0,8.0,-3.0,-2.0,-2.0,0.0,0.0,0.0,0.0,0.0,1.0,-1.0,30.0,30.0,44.4,44.4,11.0,19.0,8.0,13.0,1470.3,1649.5
2024-02-09,2023,Dortmund,Freiburg,3,0,H,O,1.46,4.95,6.37,8.0,3.0,5.0,3.0,11,1.0,1.0,1.0,2.0,6.0,4.0,2.0,5.0,6.0,-1.0,1.0,-2.0,3.0,1.0,0.0,1.0,0.0,1.0,-1.0,60.0,20.0,30.0,60.0,20.0,9.0,20.0,12.0,1683.5,1563.3
2024-02-07,2023,Mainz,Union Berlin,1,1,D,U,2.18,3.31,3.56,7.0,4.0,8.0,3.0,10,0.0,0.0,2.0,2.0,1.0,0.0,1.0,3.0,3.0,0.0,-2.0,-3.0,1.0,0.0,0.0,0.0,0.0,1.0,-1.0,11.1,66.7,10.0,80.0,13.0,7.0,26.0,8.0,1463.5,1534.4
2024-02-04,2023,Wolfsburg,Hoffenheim,2,2,D,O,2.12,3.8,3.24,8.0,7.0,7.0,2.0,10,0.0,0.0,2.0,3.0,2.0,3.0,-1.0,4.0,9.0,-5.0,-2.0,-6.0,4.0,0.0,0.0,0.0,0.0,2.0,-2.0,44.4,33.3,50.0,40.0,12.0,12.0,11.0,6.0,1519.4,1496.9
2024-02-04,2023,RB Leipzig,Union Berlin,2,0,H,U,1.4,5.0,7.76,6.0,2.0,5.0,4.0,11,1.0,0.0,2.0,2.0,5.0,0.0,5.0,5.0,4.0,1.0,0.0,-4.0,4.0,1.0,0.0,1.0,0.0,1.0,-1.0,60.0,20.0,11.1,77.8,24.0,7.0,25.0,8.0,1642.3,1541.6
2024-02-03,2023,Mainz,Werder Bremen,0,1,A,U,2.1,3.53,3.53,5.0,1.0,11.0,1.0,9,0.0,1.0,2.0,0.0,1.0,4.0,-3.0,3.0,3.0,0.0,-2.0,1.0,-3.0,0.0,0.0,0.0,0.0,0.0,0.0,12.5,62.5,11.1,55.6,14.0,12.0,29.0,9.0,1473.3,1479.9
2024-02-03,2023,Freiburg,Stuttgart,1,3,A,O,3.12,3.71,2.21,4.0,9.0,1.0,6.0,10,2.0,0.0,0.0,3.0,5.0,1.0,4.0,2.0,7.0,-5.0,3.0,-6.0,9.0,1.0,0.0,1.0,0.0,2.0,-2.0,55.6,11.1,44.4,55.6,19.0,8.0,11.0,12.0,1574.1,1546.9
2024-02-03,2023,FC Koln,Ein Frankfurt,2,0,H,U,3.23,3.46,2.26,4.0,4.0,7.0,7.0,10,0.0,1.0,1.0,1.0,1.0,3.0,-2.0,5.0,5.0,0.0,-4.0,-2.0,-2.0,0.0,0.0,0.0,1.0,1.0,0.0,11.1,55.6,30.0,30.0,14.0,7.0,23.0,10.0,1466.5,1582.3
2024-02-03,2023,Darmstadt,Leverkusen,0,2,A,U,9.56,6.21,1.29,6.0,7.0,4.0,3.0,11,0.0,2.0,2.0,0.0,2.0,5.0,-3.0,6.0,3.0,3.0,-4.0,2.0,-6.0,0.0,0.0,0.0,1.0,0.0,1.0,10.0,60.0,77.8,0.0,9.0,17.0,14.0,29.0,1375.2,1693.4
2024-02-03,2023,Bochum,Augsburg,1,1,D,U,2.18,3.62,3.25,4.0,6.0,3.0,5.0,10,2.0,1.0,0.0,2.0,5.0,2.0,3.0,1.0,6.0,-5.0,4.0,-4.0,8.0,1.0,0.0,1.0,0.0,2.0,-2.0,33.3,11.1,22.2,55.6,12.0,13.0,10.0,13.0,1489.5,1469.7
2024-02-03,2023,Bayern Munich,M'gladbach,3,1,H,O,1.15,8.9,16.45,6.0,4.0,6.0,5.0,11,2.0,0.0,1.0,2.0,4.0,2.0,2.0,1.0,5.0,-4.0,3.0,-3.0,6.0,1.0,0.0,1.0,0.0,1.0,-1.0,80.0,10.0,11.1,44.4,28.0,9.0,33.0,11.0,1760.7,1513.6
2024-02-02,2023,Heidenheim,Dortmund,0,0,D,U,3.94,4.32,1.81,0.0,5.0,4.0,6.0,10,2.0,2.0,0.0,0.0,7.0,8.0,-1.0,5.0,1.0,4.0,2.0,7.0,-5.0,0.0,2.0,-2.0,0.0,0.0,0.0,55.6,22.2,44.4,11.1,13.0,21.0,19.0,15.0,1504.7,1688.3
2024-01-28,2023,Union Berlin,Darmstadt,1,0,H,U,1.63,4.01,5.58,6.0,1.0,4.0,3.0,9,2.0,0.0,0.0,1.0,6.0,6.0,0.0,2.0,7.0,-5.0,4.0,-1.0,5.0,2.0,0.0,2.0,0.0,0.0,0.0,37.5,50.0,12.5,62.5,20.0,11.0,13.0,8.0,1535.8,1381.0
2024-01-28,2023,Dortmund,Bochum,3,1,H,O,1.37,5.56,7.43,6.0,4.0,8.0,4.0,10,1.0,0.0,1.0,2.0,7.0,1.0,6.0,6.0,7.0,-1.0,1.0,-6.0,7.0,1.0,0.0,1.0,0.0,2.0,-2.0,55.6,22.2,11.1,55.6,27.0,8.0,17.0,13.0,1683.3,1494.6
2024-01-27,2023,Wolfsburg,FC Koln,1,1,D,U,1.84,3.79,4.28,5.0,2.0,6.0,3.0,9,1.0,1.0,2.0,2.0,3.0,1.0,2.0,4.0,4.0,0.0,-1.0,-3.0,2.0,0.0,0.0,0.0,0.0,2.0,-2.0,50.0,37.5,11.1,66.7,11.0,14.0,6.0,13.0,1521.0,1464.9
2024-01-27,2023,Werder Bremen,Freiburg,3,1,H,O,2.45,3.55,2.83,4.0,4.0,5.0,5.0,10,1.0,2.0,1.0,1.0,3.0,4.0,-1.0,4.0,3.0,1.0,-1.0,1.0,-2.0,1.0,0.0,1.0,1.0,0.0,1.0,44.4,33.3,33.3,55.6,9.0,10.0,7.0,10.0,1466.5,1587.5
2024-01-27,2023,Stuttgart,RB Leipzig,5,2,H,O,2.71,3.77,2.45,11.0,2.0,9.0,3.0,10,2.0,1.0,0.0,1.0,6.0,5.0,1.0,1.0,5.0,-4.0,5.0,0.0,5.0,2.0,0.0,2.0,0.0,0.0,0.0,77.8,11.1,50.0,37.5,25.0,27.0,18.0,22.0,1533.6,1655.7
2024-01-27,2023,Leverkusen,M'gladbach,0,0,D,U,1.28,6.31,9.71,8.0,3.0,8.0,2.0,10,2.0,0.0,0.0,3.0,8.0,4.0,4.0,1.0,9.0,-8.0,7.0,-5.0,12.0,2.0,0.0,2.0,0.0,2.0,-2.0,88.9,0.0,12.5,50.0,20.0,9.0,25.0,13.0,1698.4,1508.6
2024-01-27,2023,Hoffenheim,Heidenheim,1,1,D,U,1.7,4.28,4.55,8.0,3.0,9.0,5.0,9,1.0,1.0,0.0,1.0,7.0,3.0,4.0,5.0,3.0,2.0,2.0,0.0,2.0,1.0,0.0,1.0,0.0,0.0,0.0,25.0,50.0,11.1,66.7,17.0,5.0,16.0,10.0,1496.7,1504.9
2024-01-27,2023,Augsburg,Bayern Munich,2,3,A,O,9.05,6.01,1.31,7.0,4.0,4.0,5.0,10,1.0,2.0,1.0,1.0,3.0,4.0,-1.0,3.0,6.0,-3.0,0.0,-2.0,2.0,0.0,0.0,0.0,0.0,1.0,-1.0,33.3,22.2,75.0,12.5,8.0,18.0,6.0,27.0,1473.0,1757.5
2024-01-26,2023,Ein Frankfurt,Mainz,1,0,H,U,2.14,3.46,3.52,4.0,0.0,2.0,1.0,9,2.0,0.0,1.0,0.0,8.0,2.0,6.0,4.0,2.0,2.0,4.0,0.0,4.0,1.0,0.0,1.0,0.0,0.0,0.0,50.0,12.5,0.0,33.3,14.0,17.0,13.0,13.0,1574.9,1480.6
2024-01-24,2023,Bayern Munich,Union Berlin,1,0,H,U,1.16,8.09,17.3,10.0,1.0,12.0,1.0,10,2.0,0.0,1.0,2.0,6.0,0.0,6.0,1.0,7.0,-6.0,5.0,-7.0,12.0,2.0,0.0,2.0,0.0,2.0,-2.0,77.8,11.1,12.5,75.0,26.0,8.0,27.0,8.0,1752.9,1540.3
2024-01-21,2023,M'gladbach,Augsburg,1,2,A,O,1.92,3.97,3.67,4.0,7.0,5.0,7.0,10,2.0,0.0,0.0,2.0,7.0,1.0,6.0,4.0,6.0,-2.0,3.0,-5.0,8.0,1.0,0.0,1.0,0.0,2.0,-2.0,44.4,33.3,12.5,62.5,11.0,8.0,10.0,10.0,1520.3,1461.3
2024-01-21,2023,Bayern Munich,Werder Bremen,0,1,A,U,1.09,11.9,24.26,6.0,3.0,10.0,2.0,9,3.0,0.0,0.0,1.0,10.0,3.0,7.0,2.0,5.0,-3.0,8.0,-2.0,10.0,3.0,0.0,3.0,0.0,1.0,-1.0,87.5,0.0,0.0,62.5,28.0,12.0,24.0,14.0,1770.2,1449.2
2024-01-20,2023,RB Leipzig,Leverkusen,2,3,A,O,2.44,3.75,2.74,6.0,5.0,1.0,9.0,10,2.0,2.0,1.0,0.0,5.0,5.0,0.0,3.0,1.0,2.0,2.0,4.0,-2.0,1.0,1.0,0.0,0.0,0.0,0.0,66.7,11.1,75.0,0.0,26.0,16.0,29.0,26.0,1665.0,1689.1
2024-01-20,2023,Heidenheim,Wolfsburg,1,1,D,U,2.71,3.55,2.56,3.0,3.0,4.0,2.0,9,2.0,1.0,0.0,1.0,6.0,3.0,3.0,4.0,4.0,0.0,2.0,-1.0,3.0,0.0,0.0,0.0,0.0,1.0,-1.0,62.5,25.0,22.2,66.7,13.0,13.0,21.0,16.0,1504.4,1521.5
2024-01-20,2023,Freiburg,Hoffenheim,3,2,H,O,2.05,3.84,3.42,8.0,4.0,2.0,2.0,9,1.0,0.0,0.0,3.0,3.0,2.0,1.0,1.0,8.0,-7.0,2.0,-6.0,8.0,1.0,0.0,1.0,0.0,2.0,-2.0,50.0,12.5,55.6,33.3,14.0,13.0,20.0,7.0,1579.6,1504.6
2024-01-20,2023,FC Koln,Dortmund,0,4,A,O,4.32,4.22,1.75,5.0,7.0,13.0,4.0,9,0.0,1.0,1.0,0.0,1.0,5.0,-4.0,2.0,2.0,0.0,-1.0,3.0,-4.0,0.0,1.0,-1.0,0.0,0.0,0.0,12.5,50.0,37.5,12.5,11.0,16.0,13.0,12.0,1469.6,1678.7
2024-01-20,2023,Darmstadt,Ein Frankfurt,2,2,D,O,3.82,3.7,1.96,3.0,4.0,4.0,1.0,10,0.0,1.0,3.0,2.0,0.0,2.0,-2.0,5.0,5.0,0.0,-5.0,-3.0,-2.0,0.0,0.0,0.0,1.0,1.0,0.0,11.1,66.7,33.3,33.3,7.0,9.0,11.0,13.0,1375.7,1580.2
2024-01-20,2023,Bochum,Stuttgart,1,0,H,U,3.65,3.87,1.97,1.0,4.0,1.0,7.0,9,2.0,1.0,0.0,2.0,7.0,3.0,4.0,2.0,7.0,-5.0,5.0,-4.0,9.0,2.0,0.0,2.0,0.0,2.0,-2.0,25.0,12.5,50.0,50.0,20.0,9.0,15.0,7.0,1482.8,1545.3
2024-01-14,2023,M'gladbach,Stuttgart,3,1,H,O,3.6,4.05,1.93,4.0,2.0,0.0,3.0,9,2.0,1.0,0.0,2.0,8.0,2.0,6.0,3.0,6.0,-3.0,5.0,-4.0,9.0,1.0,0.0,1.0,0.0,2.0,-2.0,37.5,37.5,57.1,42.9,15.0,9.0,18.0,10.0,1509.0,1556.7
2024-01-14,2023,Bochum,Werder Bremen,1,1,D,U,2.19,3.72,3.15,4.0,4.0,3.0,4.0,8,2.0,0.0,0.0,1.0,7.0,4.0,3.0,2.0,6.0,-4.0,5.0,-2.0,7.0,2.0,0.0,2.0,0.0,1.0,-1.0,28.6,14.3,0.0,71.4,25.0,12.0,15.0,12.0,1483.8,1448.2
2024-01-13,2023,RB Leipzig,Ein Frankfurt,0,1,A,U,1.44,4.98,6.88,7.0,1.0,15.0,4.0,9,3.0,0.0,0.0,2.0,8.0,3.0,5.0,3.0,7.0,-4.0,5.0,-4.0,9.0,2.0,0.0,2.0,0.0,1.0,-1.0,75.0,0.0,25.0,37.5,25.0,11.0,21.0,16.0,1678.1,1567.1
2024-01-13,2023,Mainz,Wolfsburg,1,1,D,U,2.22,3.49,3.3,4.0,4.0,7.0,3.0,8,1.0,1.0,2.0,2.0,2.0,2.0,0.0,2.0,7.0,-5.0,0.0,-5.0,5.0,1.0,0.0,1.0,0.0,2.0,-2.0,14.3,71.4,25.0,75.0,13.0,13.0,24.0,18.0,1479.4,1522.7
2024-01-13,2023,Freiburg,Union Berlin,0,0,D,U,2.09,3.58,3.52,4.0,4.0,4.0,3.0,8,1.0,0.0,0.0,3.0,6.0,0.0,6.0,4.0,9.0,-5.0,2.0,-9.0,11.0,1.0,0.0,1.0,0.0,3.0,-3.0,57.1,14.3,14.3,85.7,18.0,6.0,24.0,8.0,1580.8,1539.1
2024-01-13,2023,FC Koln,Heidenheim,1,1,D,U,2.08,3.71,3.45,6.0,2.0,9.0,6.0,8,0.0,1.0,1.0,2.0,1.0,4.0,-3.0,2.0,6.0,-4.0,-1.0,-2.0,1.0,0.0,0.0,0.0,0.0,1.0,-1.0,14.3,57.1,12.5,75.0,17.0,5.0,14.0,6.0,1468.5,1505.5
2024-01-13,2023,Darmstadt,Dortmund,0,3,A,O,5.44,4.74,1.54,2.0,8.0,3.0,4.0,9,0.0,0.0,2.0,1.0,0.0,3.0,-3.0,2.0,4.0,-2.0,-2.0,-1.0,-1.0,0.0,0.0,0.0,0.0,0.0,0.0,12.5,62.5,28.6,14.3,8.0,9.0,8.0,9.0,1378.8,1675.6
2024-01-13,2023,Augsburg,Leverkusen,0,1,A,U,5.67,4.63,1.54,0.0,6.0,0.0,12.0,9,1.0,2.0,0.0,0.0,4.0,7.0,-3.0,3.0,3.0,0.0,1.0,4.0,-3.0,0.0,1.0,-1.0,0.0,0.0,0.0,37.5,12.5,71.4,0.0,14.0,14.0,9.0,17.0,1465.7,1684.7
2024-01-12,2023,Bayern Munich,Hoffenheim,3,0,H,O,1.15,9.39,15.67,12.0,4.0,11.0,2.0,8,3.0,0.0,0.0,2.0,15.0,3.0,12.0,2.0,6.0,-4.0,13.0,-3.0,16.0,3.0,0.0,3.0,0.0,1.0,-1.0,85.7,0.0,62.5,25.0,32.0,15.0,20.0,10.0,1766.5,1508.3
2023-12-20,2023,Wolfsburg,Bayern Munich,1,2,A,O,7.57,5.63,1.36,4.0,7.0,0.0,6.0,8,1.0,2.0,1.0,1.0,4.0,6.0,-2.0,4.0,5.0,-1.0,0.0,1.0,-1.0,0.0,1.0,-1.0,0.0,1.0,-1.0,57.1,28.6,71.4,14.3,12.0,19.0,11.0,23.0,1526.8,1762.4
2023-12-20,2023,Union Berlin,FC Koln,2,0,H,U,1.95,3.58,4.02,8.0,7.0,4.0,5.0,8,1.0,1.0,1.0,1.0,4.0,2.0,2.0,5.0,3.0,2.0,-1.0,-1.0,0.0,1.0,0.0,1.0,1.0,1.0,0.0,28.6,57.1,12.5,62.5,15.0,13.0,18.0,11.0,1530.6,1477.0
2023-12-20,2023,Stuttgart,Augsburg,3,0,H,O,1.37,5.34,7.83,7.0,5.0,4.0,4.0,9,2.0,0.0,0.0,1.0,5.0,2.0,3.0,2.0,4.0,-2.0,3.0,-2.0,5.0,1.0,0.0,1.0,0.0,1.0,-1.0,75.0,12.5,14.3,57.1,28.0,6.0,20.0,8.0,1548.8,1473.6
2023-12-20,2023,Leverkusen,Bochum,4,0,H,O,1.19,7.95,13.9,8.0,1.0,4.0,3.0,9,2.0,1.0,0.0,1.0,8.0,3.0,5.0,1.0,4.0,-3.0,7.0,-1.0,8.0,2.0,0.0,2.0,0.0,1.0,-1.0,87.5,0.0,12.5,50.0,22.0,11.0,31.0,12.0,1679.7,1488.8
2023-12-20,2023,Heidenheim,Freiburg,3,2,H,O,2.85,3.59,2.43,3.0,4.0,7.0,4.0,8,2.0,2.0,0.0,1.0,5.0,3.0,2.0,2.0,3.0,-1.0,3.0,0.0,3.0,1.0,0.0,1.0,0.0,1.0,-1.0,57.1,28.6,37.5,50.0,12.0,9.0,23.0,9.0,1492.7,1593.6
2023-12-20,2023,Ein Frankfurt,M'gladbach,2,1,H,O,1.87,3.97,3.91,7.0,2.0,8.0,2.0,8,1.0,0.0,1.0,2.0,9.0,6.0,3.0,6.0,10.0,-4.0,3.0,-4.0,7.0,1.0,0.0,1.0,0.0,2.0,-2.0,42.9,14.3,14.3,42.9,14.0,12.0,5.0,13.0,1558.3,1517.8
2023-12-19,2023,Werder Bremen,RB Leipzig,1,1,D,U,5.06,4.62,1.6,3.0,9.0,1.0,4.0,9,1.0,1.0,1.0,2.0,4.0,4.0,0.0,5.0,6.0,-1.0,-1.0,-2.0,1.0,1.0,0.0,1.0,1.0,1.0,0.0,50.0,37.5,57.1,42.9,11.0,20.0,9.0,25.0,1442.2,1684.1
2023-12-19,2023,Hoffenheim,Darmstadt,3,3,D,O,1.45,4.97,6.55,4.0,3.0,8.0,3.0,8,1.0,0.0,1.0,2.0,6.0,3.0,3.0,5.0,12.0,-7.0,1.0,-9.0,10.0,1.0,0.0,1.0,0.0,1.0,-1.0,28.6,57.1,14.3,71.4,20.0,12.0,12.0,6.0,1512.0,1375.0
2023-12-19,2023,Dortmund,Mainz,1,1,D,U,1.54,4.84,5.46,8.0,6.0,6.0,1.0,9,1.0,0.0,2.0,0.0,6.0,1.0,5.0,9.0,1.0,8.0,-3.0,0.0,-3.0,1.0,0.0,1.0,1.0,0.0,1.0,62.5,25.0,0.0,37.5,20.0,11.0,14.0,17.0,1680.9,1474.0
2023-12-17,2023,Leverkusen,Ein Frankfurt,3,0,H,O,1.35,5.48,8.06,6.0,2.0,5.0,5.0,8,2.0,1.0,0.0,1.0,7.0,6.0,1.0,2.0,4.0,-2.0,5.0,2.0,3.0,1.0,1.0,0.0,0.0,0.0,0.0,85.7,0.0,28.6,28.6,20.0,12.0,37.0,12.0,1672.7,1565.3
2023-12-17,2023,Freiburg,FC Koln,2,0,H,U,1.83,3.77,4.36,7.0,1.0,5.0,2.0,7,1.0,1.0,0.0,1.0,6.0,2.0,4.0,5.0,7.0,-2.0,1.0,-5.0,6.0,0.0,0.0,0.0,0.0,1.0,-1.0,50.0,16.7,14.3,57.1,16.0,13.0,24.0,10.0,1586.5,1484.1
2023-12-17,2023,Bayern Munich,Stuttgart,3,0,H,O,1.46,5.29,6.01,8.0,2.0,6.0,2.0,7,3.0,2.0,0.0,1.0,15.0,5.0,10.0,2.0,3.0,-1.0,13.0,2.0,11.0,3.0,1.0,2.0,0.0,1.0,-1.0,83.3,0.0,66.7,33.3,29.0,12.0,21.0,10.0,1757.7,1553.6
2023-12-16,2023,RB Leipzig,Hoffenheim,3,1,H,O,1.45,5.21,6.14,11.0,4.0,9.0,2.0,8,3.0,1.0,0.0,1.0,11.0,5.0,6.0,2.0,5.0,-3.0,9.0,0.0,9.0,2.0,0.0,2.0,0.0,0.0,0.0,71.4,0.0,71.4,14.3,27.0,16.0,23.0,8.0,1678.5,1517.7
2023-12-16,2023,Mainz,Heidenheim,0,1,A,U,1.68,4.22,4.77,4.0,2.0,8.0,1.0,7,1.0,0.0,2.0,3.0,3.0,4.0,-1.0,4.0,8.0,-4.0,-1.0,-4.0,3.0,1.0,0.0,1.0,1.0,1.0,0.0,16.7,66.7,0.0,85.7,12.0,6.0,18.0,9.0,1484.1,1482.6
2023-12-16,2023,Darmstadt,Wolfsburg,0,1,A,U,3.21,3.62,2.21,4.0,3.0,7.0,7.0,8,0.0,0.0,2.0,3.0,1.0,3.0,-2.0,3.0,10.0,-7.0,-2.0,-7.0,5.0,0.0,0.0,0.0,0.0,2.0,-2.0,14.3,57.1,14.3,85.7,8.0,16.0,12.0,16.0,1381.2,1520.6
2023-12-16,2023,Bochum,Union Berlin,3,0,H,O,2.68,3.46,2.64,7.0,2.0,6.0,4.0,7,1.0,0.0,0.0,3.0,6.0,2.0,4.0,4.0,10.0,-6.0,2.0,-8.0,10.0,1.0,0.0,1.0,0.0,3.0,-3.0,16.7,16.7,16.7,83.3,22.0,10.0,14.0,10.0,1477.0,1542.5
2023-12-16,2023,Augsburg,Dortmund,1,1,D,U,3.5,4.2,1.93,4.0,6.0,4.0,7.0,8,2.0,0.0,0.0,1.0,6.0,5.0,1.0,4.0,6.0,-2.0,2.0,-1.0,3.0,0.0,0.0,0.0,0.0,0.0,0.0,42.9,14.3,33.3,16.7,15.0,7.0,10.0,6.0,1468.0,1686.5
2023-12-15,2023,M'gladbach,Werder Bremen,2,2,D,O,2.0,3.96,3.48,4.0,5.0,4.0,3.0,8,3.0,0.0,0.0,2.0,8.0,2.0,6.0,2.0,5.0,-3.0,6.0,-3.0,9.0,1.0,0.0,1.0,0.0,1.0,-1.0,42.9,42.9,0.0,83.3,17.0,8.0,20.0,13.0,1520.1,1439.9
2023-12-10,2023,Stuttgart,Leverkusen,1,1,D,U,2.88,3.78,2.32,12.0,6.0,8.0,8.0,8,2.0,3.0,1.0,0.0,6.0,8.0,-2.0,4.0,3.0,1.0,2.0,5.0,-3.0,1.0,1.0,0.0,0.0,0.0,0.0,85.7,14.3,83.3,0.0,26.0,14.0,18.0,12.0,1550.1,1676.2
2023-12-10,2023,FC Koln,Mainz,0,0,D,U,2.39,3.49,2.97,3.0,5.0,1.0,7.0,7,1.0,0.0,1.0,0.0,4.0,3.0,1.0,3.0,3.0,0.0,1.0,0.0,1.0,1.0,0.0,1.0,0.0,0.0,0.0,16.7,66.7,0.0,42.9,22.0,10.0,21.0,14.0,1484.1,1484.1
2023-12-09,2023,Wolfsburg,Freiburg,0,1,A,U,2.27,3.68,3.03,3.0,1.0,5.0,3.0,7,1.0,1.0,1.0,2.0,5.0,3.0,2.0,5.0,5.0,0.0,0.0,-2.0,2.0,0.0,0.0,0.0,0.0,1.0,-1.0,66.7,16.7,28.6,57.1,16.0,12.0,10.0,10.0,1529.3,1577.9
2023-12-09,2023,Werder Bremen,Augsburg,2,0,H,U,2.42,3.71,2.77,5.0,1.0,5.0,2.0,8,1.0,1.0,1.0,0.0,4.0,7.0,-3.0,5.0,4.0,1.0,-1.0,3.0,-4.0,1.0,1.0,0.0,1.0,0.0,1.0,42.9,42.9,16.7,50.0,9.0,11.0,7.0,11.0,1428.5,1479.4
2023-12-09,2023,Union Berlin,M'gladbach,3,1,H,O,2.15,3.66,3.29,6.0,4.0,6.0,7.0,7,0.0,0.0,2.0,2.0,1.0,6.0,-5.0,7.0,10.0,-3.0,-6.0,-4.0,-2.0,0.0,0.0,0.0,2.0,2.0,0.0,16.7,66.7,16.7,33.3,11.0,10.0,16.0,9.0,1532.6,1530.0
2023-12-09,2023,Heidenheim,Darmstadt,3,2,H,O,2.08,3.66,3.48,7.0,7.0,8.0,3.0,7,1.0,1.0,1.0,1.0,4.0,3.0,1.0,5.0,10.0,-5.0,-1.0,-7.0,6.0,1.0,0.0,1.0,1.0,1.0,0.0,50.0,33.3,16.7,66.7,10.0,10.0,21.0,7.0,1475.1,1388.8
2023-12-09,2023,Ein Frankfurt,Bayern Munich,5,1,H,O,8.81,5.82,1.32,6.0,6.0,1.0,9.0,7,1.0,3.0,1.0,0.0,6.0,8.0,-2.0,5.0,1.0,4.0,1.0,7.0,-6.0,1.0,2.0,-1.0,0.0,0.0,0.0,33.3,16.7,83.3,0.0,14.0,18.0,7.0,21.0,1549.6,1773.4
2023-12-09,2023,Dortmund,RB Leipzig,2,3,A,O,2.55,3.89,2.54,6.0,8.0,6.0,6.0,8,2.0,1.0,1.0,2.0,5.0,4.0,1.0,6.0,5.0,1.0,-1.0,-1.0,0.0,1.0,1.0,0.0,1.0,1.0,0.0,71.4,14.3,50.0,50.0,19.0,19.0,18.0,19.0,1697.4,1667.6
2023-12-08,2023,Hoffenheim,Bochum,3,1,H,O,1.72,4.25,4.44,7.0,5.0,4.0,5.0,7,0.0,1.0,2.0,1.0,4.0,3.0,1.0,7.0,3.0,4.0,-3.0,0.0,-3.0,0.0,0.0,0.0,1.0,0.0,1.0,16.7,66.7,14.3,42.9,18.0,11.0,14.0,9.0,1508.3,1486.3
2023-12-03,2023,Mainz,Freiburg,0,1,A,U,2.29,3.53,3.12,6.0,5.0,14.0,3.0,6,1.0,0.0,2.0,3.0,3.0,2.0,1.0,6.0,8.0,-2.0,-3.0,-6.0,3.0,1.0,0.0,1.0,2.0,2.0,0.0,20.0,60.0,16.7,66.7,9.0,7.0,7.0,8.0,1491.9,1570.1
2023-12-03,2023,Leverkusen,Dortmund,1,1,D,U,1.67,4.5,4.57,6.0,2.0,16.0,1.0,7,3.0,1.0,0.0,1.0,9.0,7.0,2.0,1.0,6.0,-5.0,8.0,1.0,7.0,2.0,1.0,1.0,0.0,0.0,0.0,100.0,0.0,40.0,20.0,24.0,10.0,32.0,8.0,1675.5,1698.0
2023-12-03,2023,Augsburg,Ein Frankfurt,2,1,H,O,2.68,3.58,2.59,4.0,6.0,2.0,4.0,7,1.0,2.0,1.0,0.0,5.0,8.0,-3.0,5.0,3.0,2.0,0.0,5.0,-5.0,0.0,2.0,-2.0,0.0,0.0,0.0,33.3,16.7,33.3,16.7,14.0,11.0,12.0,11.0,1466.8,1562.3
2023-12-02,2023,Stuttgart,Werder Bremen,2,0,H,U,1.41,5.18,7.35,6.0,3.0,6.0,7.0,7,2.0,0.0,1.0,2.0,7.0,4.0,3.0,5.0,7.0,-2.0,2.0,-3.0,5.0,1.0,0.0,1.0,0.0,1.0,-1.0,83.3,16.7,0.0,80.0,27.0,12.0,17.0,10.0,1543.1,1435.5
2023-12-02,2023,RB Leipzig,Heidenheim,2,1,H,O,1.24,7.01,10.83,8.0,1.0,5.0,3.0,7,2.0,0.0,0.0,3.0,9.0,3.0,6.0,1.0,8.0,-7.0,8.0,-5.0,13.0,2.0,0.0,2.0,0.0,2.0,-2.0,66.7,0.0,0.0,83.3,24.0,7.0,27.0,12.0,1662.4,1480.2
2023-12-02,2023,M'gladbach,Hoffenheim,2,1,H,O,2.25,4.07,2.85,3.0,5.0,6.0,3.0,7,2.0,2.0,0.0,0.0,8.0,7.0,1.0,3.0,5.0,-2.0,5.0,2.0,3.0,1.0,0.0,1.0,0.0,0.0,0.0,33.3,50.0,83.3,0.0,23.0,15.0,24.0,9.0,1520.0,1518.3
2023-12-02,2023,Bochum,Wolfsburg,3,1,H,O,2.66,3.65,2.58,9.0,6.0,6.0,6.0,6,0.0,0.0,1.0,3.0,4.0,3.0,1.0,6.0,10.0,-4.0,-2.0,-7.0,5.0,0.0,0.0,0.0,1.0,2.0,-1.0,0.0,20.0,16.7,83.3,18.0,15.0,13.0,16.0,1474.4,1541.2
2023-12-01,2023,Darmstadt,FC Koln,0,1,A,U,2.68,3.51,2.63,1.0,6.0,1.0,6.0,7,0.0,0.0,2.0,2.0,2.0,1.0,1.0,5.0,10.0,-5.0,-3.0,-9.0,6.0,0.0,0.0,0.0,1.0,2.0,-1.0,16.7,50.0,0.0,66.7,10.0,10.0,17.0,8.0,1396.5,1476.4
2023-11-26,2023,Hoffenheim,Mainz,1,1,D,U,1.85,4.04,3.94,6.0,6.0,4.0,5.0,6,0.0,0.0,3.0,0.0,4.0,4.0,0.0,9.0,4.0,5.0,-5.0,0.0,-5.0,0.0,0.0,0.0,2.0,0.0,2.0,20.0,80.0,0.0,50.0,17.0,11.0,14.0,12.0,1519.1,1491.1
2023-11-26,2023,Heidenheim,Bochum,0,0,D,U,2.22,3.76,3.07,3.0,2.0,6.0,5.0,6,2.0,1.0,1.0,1.0,5.0,3.0,2.0,5.0,3.0,2.0,0.0,0.0,0.0,1.0,0.0,1.0,1.0,0.0,1.0,60.0,40.0,16.7,50.0,11.0,11.0,20.0,5.0,1480.4,1474.3
2023-11-25,2023,Wolfsburg,RB Leipzig,2,1,H,O,3.77,3.94,1.92,4.0,10.0,1.0,12.0,6,1.0,2.0,1.0,1.0,5.0,4.0,1.0,4.0,3.0,1.0,1.0,1.0,0.0,1.0,1.0,0.0,0.0,1.0,-1.0,60.0,20.0,60.0,40.0,19.0,13.0,16.0,13.0,1527.1,1676.5
2023-11-25,2023,Werder Bremen,Leverkusen,0,3,A,O,6.24,5.13,1.46,1.0,4.0,1.0,6.0,7,1.0,3.0,1.0,0.0,6.0,8.0,-2.0,5.0,3.0,2.0,1.0,5.0,-4.0,1.0,1.0,0.0,0.0,0.0,0.0,50.0,33.3,80.0,0.0,11.0,13.0,10.0,7.0,1439.6,1671.3
2023-11-25,2023,Union Berlin,Augsburg,1,1,D,U,2.01,3.63,3.76,6.0,2.0,3.0,4.0,6,0.0,1.0,3.0,1.0,0.0,6.0,-6.0,8.0,5.0,3.0,-8.0,1.0,-9.0,0.0,1.0,-1.0,3.0,1.0,2.0,20.0,80.0,20.0,60.0,11.0,13.0,24.0,10.0,1534.6,1464.8
2023-11-25,2023,Freiburg,Darmstadt,1,1,D,U,1.58,4.37,5.6,3.0,1.0,11.0,2.0,6,2.0,1.0,0.0,2.0,7.0,3.0,4.0,4.0,12.0,-8.0,3.0,-9.0,12.0,1.0,0.0,1.0,0.0,2.0,-2.0,60.0,20.0,20.0,80.0,16.0,9.0,15.0,9.0,1574.9,1391.7
2023-11-25,2023,Ein Frankfurt,Stuttgart,1,2,A,O,2.62,3.67,2.6,1.0,5.0,4.0,2.0,6,1.0,2.0,0.0,1.0,5.0,5.0,0.0,3.0,2.0,1.0,2.0,3.0,-1.0,1.0,2.0,-1.0,0.0,1.0,-1.0,40.0,0.0,60.0,40.0,18.0,11.0,10.0,12.0,1573.5,1531.9
2023-11-25,2023,Dortmund,M'gladbach,4,2,H,O,1.48,5.23,5.77,13.0,3.0,5.0,4.0,7,2.0,1.0,1.0,1.0,5.0,7.0,-2.0,6.0,7.0,-1.0,-1.0,0.0,-1.0,1.0,1.0,0.0,1.0,1.0,0.0,66.7,16.7,20.0,20.0,13.0,16.0,17.0,15.0,1692.5,1525.6
2023-11-24,2023,FC Koln,Bayern Munich,0,1,A,U,10.51,6.77,1.26,2.0,5.0,3.0,12.0,6,1.0,2.0,1.0,0.0,4.0,9.0,-5.0,4.0,3.0,1.0,0.0,6.0,-6.0,1.0,2.0,-1.0,1.0,0.0,1.0,20.0,60.0,80.0,0.0,25.0,18.0,26.0,10.0,1479.5,1770.2
2023-11-12,2023,Werder Bremen,Ein Frankfurt,2,2,D,O,3.0,3.58,2.34,5.0,3.0,3.0,7.0,6,2.0,2.0,1.0,1.0,6.0,6.0,0.0,4.0,3.0,1.0,2.0,3.0,-1.0,1.0,2.0,-1.0,0.0,1.0,-1.0,60.0,40.0,40.0,20.0,12.0,11.0,16.0,8.0,1435.8,1577.4
2023-11-12,2023,RB Leipzig,Freiburg,3,1,H,O,1.45,4.88,6.67,6.0,3.0,7.0,3.0,6,1.0,0.0,0.0,2.0,8.0,1.0,7.0,2.0,5.0,-3.0,6.0,-4.0,10.0,1.0,0.0,1.0,0.0,1.0,-1.0,60.0,0.0,20.0,60.0,20.0,6.0,25.0,8.0,1668.9,1582.5
2023-11-12,2023,Leverkusen,Union Berlin,4,0,H,O,1.28,6.03,10.54,10.0,2.0,10.0,1.0,6,3.0,0.0,0.0,3.0,9.0,2.0,7.0,2.0,7.0,-5.0,7.0,-5.0,12.0,2.0,0.0,2.0,0.0,2.0,-2.0,100.0,0.0,20.0,80.0,24.0,16.0,29.0,16.0,1664.8,1541.1
2023-11-11,2023,Stuttgart,Dortmund,2,1,H,O,2.59,3.79,2.56,10.0,1.0,6.0,1.0,6,2.0,2.0,1.0,0.0,8.0,10.0,-2.0,5.0,6.0,-1.0,3.0,4.0,-1.0,2.0,2.0,0.0,0.0,0.0,0.0,80.0,20.0,50.0,0.0,28.0,15.0,16.0,15.0,1516.9,1707.5
2023-11-11,2023,Darmstadt,Mainz,0,0,D,U,2.99,3.67,2.31,3.0,0.0,0.0,5.0,6,1.0,0.0,2.0,1.0,6.0,5.0,1.0,7.0,6.0,1.0,-1.0,-1.0,0.0,1.0,0.0,1.0,1.0,0.0,1.0,20.0,60.0,0.0,60.0,12.0,14.0,19.0,11.0,1388.7,1494.0
2023-11-11,2023,Bochum,FC Koln,1,1,D,U,2.45,3.62,2.82,9.0,6.0,3.0,3.0,5,0.0,0.0,1.0,3.0,4.0,1.0,3.0,6.0,11.0,-5.0,-2.0,-10.0,8.0,0.0,0.0,0.0,1.0,2.0,-1.0,0.0,25.0,0.0,80.0,19.0,9.0,18.0,13.0,1474.1,1479.7
2023-11-11,2023,Bayern Munich,Heidenheim,4,2,H,O,1.06,15.98,30.37,8.0,2.0,7.0,2.0,6,3.0,0.0,0.0,3.0,18.0,2.0,16.0,0.0,8.0,-8.0,18.0,-6.0,24.0,3.0,0.0,3.0,0.0,2.0,-2.0,80.0,0.0,0.0,80.0,37.0,6.0,22.0,12.0,1766.9,1483.7
2023-11-11,2023,Augsburg,Hoffenheim,1,1,D,U,2.6,3.8,2.53,6.0,6.0,3.0,5.0,6,2.0,3.0,1.0,0.0,6.0,8.0,-2.0,5.0,4.0,1.0,1.0,4.0,-3.0,0.0,1.0,-1.0,0.0,0.0,0.0,40.0,20.0,100.0,0.0,11.0,13.0,12.0,10.0,1463.1,1520.7
2023-11-10,2023,M'gladbach,Wolfsburg,4,0,H,O,2.38,3.76,2.82,8.0,4.0,8.0,5.0,6,1.0,0.0,1.0,3.0,4.0,3.0,1.0,4.0,7.0,-3.0,0.0,-4.0,4.0,0.0,0.0,0.0,0.0,1.0,-1.0,20.0,60.0,20.0,80.0,16.0,13.0,27.0,14.0,1514.9,1537.8
2023-11-05,2023,Wolfsburg,Werder Bremen,2,2,D,O,1.73,4.3,4.32,5.0,4.0,5.0,2.0,5,2.0,0.0,1.0,3.0,5.0,4.0,1.0,3.0,9.0,-6.0,2.0,-5.0,7.0,1.0,0.0,1.0,0.0,2.0,-2.0,75.0,25.0,0.0,100.0,17.0,12.0,14.0,9.0,1540.8,1432.8
2023-11-05,2023,Heidenheim,Stuttgart,2,0,H,U,4.6,4.38,1.68,2.0,2.0,9.0,6.0,5,2.0,3.0,1.0,0.0,7.0,8.0,-1.0,7.0,1.0,6.0,0.0,7.0,-7.0,1.0,3.0,-2.0,1.0,0.0,1.0,50.0,50.0,75.0,25.0,13.0,15.0,21.0,10.0,1472.1,1528.5
2023-11-04,2023,Union Berlin,Ein Frankfurt,0,3,A,O,2.56,3.25,2.92,3.0,3.0,9.0,1.0,5,0.0,1.0,3.0,1.0,0.0,4.0,-4.0,8.0,4.0,4.0,-8.0,0.0,-8.0,0.0,1.0,-1.0,3.0,1.0,2.0,25.0,75.0,25.0,25.0,9.0,14.0,18.0,9.0,1550.7,1567.9
2023-11-04,2023,Mainz,RB Leipzig,2,0,H,U,5.23,4.44,1.6,3.0,2.0,2.0,7.0,5,0.0,3.0,3.0,0.0,2.0,7.0,-5.0,9.0,1.0,8.0,-7.0,6.0,-13.0,0.0,2.0,-2.0,3.0,0.0,3.0,0.0,75.0,75.0,25.0,9.0,19.0,11.0,13.0,1478.7,1684.2
2023-11-04,2023,Hoffenheim,Leverkusen,2,3,A,O,4.85,4.82,1.59,7.0,4.0,4.0,3.0,5,1.0,2.0,2.0,0.0,5.0,7.0,-2.0,7.0,3.0,4.0,-2.0,4.0,-6.0,1.0,1.0,0.0,2.0,0.0,2.0,25.0,75.0,75.0,0.0,15.0,14.0,13.0,8.0,1527.1,1658.4
2023-11-04,2023,Freiburg,M'gladbach,3,3,D,O,2.1,3.85,3.28,8.0,5.0,8.0,2.0,5,2.0,1.0,1.0,1.0,6.0,7.0,-1.0,5.0,7.0,-2.0,1.0,0.0,1.0,1.0,1.0,0.0,1.0,1.0,0.0,75.0,25.0,25.0,25.0,12.0,21.0,13.0,19.0,1584.5,1512.9
2023-11-04,2023,FC Koln,Augsburg,1,1,D,U,2.35,3.72,2.89,12.0,3.0,10.0,2.0,5,1.0,1.0,2.0,2.0,4.0,5.0,-1.0,6.0,7.0,-1.0,-2.0,-2.0,0.0,1.0,1.0,0.0,2.0,2.0,0.0,25.0,75.0,25.0,75.0,20.0,14.0,29.0,14.0,1480.2,1462.6
2023-11-04,2023,Dortmund,Bayern Munich,0,4,A,O,3.81,4.39,1.82,1.0,8.0,3.0,2.0,6,3.0,2.0,0.0,0.0,6.0,7.0,-1.0,2.0,4.0,-2.0,4.0,3.0,1.0,1.0,1.0,0.0,0.0,0.0,0.0,80.0,0.0,75.0,0.0,16.0,19.0,19.0,23.0,1716.3,1758.1
2023-11-03,2023,Darmstadt,Bochum,1,2,A,O,2.38,3.62,2.91,4.0,4.0,11.0,2.0,5,1.0,0.0,1.0,2.0,8.0,1.0,7.0,8.0,9.0,-1.0,0.0,-8.0,8.0,1.0,0.0,1.0,1.0,1.0,0.0,25.0,50.0,0.0,60.0,16.0,8.0,14.0,4.0,1396.8,1466.1
2023-10-29,2023,Leverkusen,Freiburg,2,1,H,O,1.29,6.01,10.41,4.0,4.0,11.0,4.0,5,3.0,0.0,0.0,2.0,12.0,0.0,12.0,2.0,8.0,-6.0,10.0,-8.0,18.0,3.0,0.0,3.0,0.0,2.0,-2.0,100.0,0.0,25.0,50.0,33.0,7.0,22.0,8.0,1650.0,1592.9
2023-10-29,2023,Ein Frankfurt,Dortmund,3,3,D,O,3.24,3.69,2.17,7.0,4.0,0.0,4.0,5,1.0,2.0,0.0,0.0,3.0,8.0,-5.0,1.0,4.0,-3.0,2.0,4.0,-2.0,1.0,2.0,-1.0,0.0,0.0,0.0,50.0,0.0,66.7,0.0,15.0,14.0,18.0,15.0,1563.6,1720.5
2023-10-28,2023,Werder Bremen,Union Berlin,2,0,H,U,2.68,3.54,2.61,3.0,2.0,3.0,3.0,5,2.0,0.0,1.0,3.0,8.0,3.0,5.0,4.0,7.0,-3.0,4.0,-4.0,8.0,1.0,0.0,1.0,0.0,1.0,-1.0,50.0,50.0,25.0,75.0,15.0,19.0,14.0,20.0,1418.8,1564.6
2023-10-28,2023,Stuttgart,Hoffenheim,2,3,A,O,1.86,4.14,3.82,10.0,5.0,6.0,0.0,5,3.0,3.0,0.0,0.0,11.0,8.0,3.0,2.0,3.0,-1.0,9.0,5.0,4.0,3.0,2.0,1.0,0.0,0.0,0.0,100.0,0.0,100.0,0.0,24.0,13.0,12.0,14.0,1539.2,1516.4
2023-10-28,2023,RB Leipzig,FC Koln,6,0,H,O,1.44,4.97,7.1,13.0,1.0,11.0,1.0,5,1.0,0.0,0.0,2.0,5.0,2.0,3.0,2.0,6.0,-4.0,3.0,-4.0,7.0,1.0,0.0,1.0,0.0,1.0,-1.0,50.0,0.0,0.0,75.0,13.0,10.0,15.0,13.0,1679.3,1485.1
2023-10-28,2023,M'gladbach,Heidenheim,2,1,H,O,1.8,4.17,4.09,6.0,3.0,6.0,4.0,5,0.0,0.0,2.0,2.0,3.0,3.0,0.0,5.0,8.0,-3.0,-2.0,-5.0,3.0,0.0,0.0,0.0,0.0,2.0,-2.0,0.0,75.0,0.0,75.0,13.0,9.0,22.0,14.0,1503.5,1481.5
2023-10-28,2023,Bayern Munich,Darmstadt,8,0,H,O,1.07,14.36,28.45,16.0,4.0,7.0,1.0,5,2.0,1.0,0.0,2.0,12.0,4.0,8.0,2.0,9.0,-7.0,10.0,-5.0,15.0,2.0,0.0,2.0,0.0,2.0,-2.0,75.0,0.0,25.0,75.0,30.0,6.0,22.0,10.0,1755.8,1399.0
2023-10-28,2023,Augsburg,Wolfsburg,3,2,H,O,2.87,3.63,2.4,5.0,6.0,5.0,5.0,5,1.0,0.0,1.0,3.0,5.0,2.0,3.0,5.0,7.0,-2.0,0.0,-5.0,5.0,0.0,0.0,0.0,0.0,2.0,-2.0,25.0,25.0,25.0,75.0,9.0,14.0,10.0,12.0,1449.7,1553.7
2023-10-27,2023,Bochum,Mainz,2,2,D,O,2.72,3.54,2.56,4.0,4.0,5.0,4.0,4,0.0,0.0,1.0,2.0,3.0,3.0,0.0,5.0,8.0,-3.0,-2.0,-5.0,3.0,0.0,0.0,0.0,1.0,1.0,0.0,0.0,33.3,0.0,75.0,21.0,13.0,18.0,14.0,1465.7,1479.1
2023-10-22,2023,Heidenheim,Augsburg,2,5,A,O,2.4,3.62,2.87,5.0,6.0,6.0,5.0,4,2.0,0.0,1.0,3.0,7.0,1.0,6.0,5.0,8.0,-3.0,2.0,-7.0,9.0,1.0,0.0,1.0,0.0,3.0,-3.0,66.7,33.3,0.0,100.0,17.0,10.0,25.0,13.0,1493.0,1438.2
2023-10-22,2023,FC Koln,M'gladbach,3,1,H,O,2.38,3.72,2.86,8.0,2.0,8.0,3.0,4,0.0,1.0,3.0,0.0,2.0,10.0,-8.0,7.0,8.0,-1.0,-5.0,2.0,-7.0,0.0,1.0,-1.0,2.0,0.0,2.0,0.0,100.0,33.3,0.0,14.0,25.0,27.0,23.0,1473.9,1514.7
2023-10-21,2023,Wolfsburg,Leverkusen,1,2,A,O,4.47,4.12,1.75,7.0,6.0,4.0,3.0,4,3.0,2.0,0.0,0.0,6.0,8.0,-2.0,1.0,2.0,-1.0,5.0,6.0,-1.0,2.0,2.0,0.0,0.0,0.0,0.0,100.0,0.0,66.7,0.0,18.0,18.0,11.0,13.0,1561.4,1642.3
2023-10-21,2023,Union Berlin,Stuttgart,0,3,A,O,2.54,3.54,2.75,2.0,5.0,4.0,2.0,4,1.0,2.0,2.0,1.0,4.0,6.0,-2.0,6.0,6.0,0.0,-2.0,0.0,-2.0,1.0,2.0,-1.0,2.0,1.0,1.0,33.3,66.7,66.7,33.3,14.0,13.0,17.0,12.0,1576.0,1527.8
2023-10-21,2023,Mainz,Bayern Munich,1,3,A,O,9.77,6.53,1.28,3.0,5.0,2.0,7.0,4,0.0,2.0,2.0,0.0,2.0,8.0,-6.0,7.0,3.0,4.0,-5.0,5.0,-10.0,0.0,1.0,-1.0,2.0,0.0,2.0,0.0,66.7,66.7,0.0,13.0,24.0,14.0,22.0,1482.6,1752.4
2023-10-21,2023,Hoffenheim,Ein Frankfurt,1,3,A,O,2.12,3.67,3.37,5.0,5.0,6.0,3.0,4,1.0,0.0,2.0,1.0,5.0,2.0,3.0,6.0,4.0,2.0,-1.0,-2.0,1.0,1.0,0.0,1.0,1.0,1.0,0.0,33.3,66.7,0.0,33.3,15.0,11.0,11.0,10.0,1525.6,1554.5
2023-10-21,2023,Freiburg,Bochum,2,1,H,O,1.73,3.98,4.69,5.0,5.0,5.0,2.0,4,2.0,0.0,1.0,1.0,5.0,2.0,3.0,4.0,9.0,-5.0,1.0,-7.0,8.0,1.0,0.0,1.0,1.0,1.0,0.0,66.7,33.3,0.0,50.0,13.0,12.0,13.0,7.0,1586.0,1472.5
2023-10-21,2023,Darmstadt,RB Leipzig,1,3,A,O,6.54,4.92,1.46,3.0,7.0,6.0,0.0,4,1.0,2.0,1.0,1.0,8.0,6.0,2.0,9.0,3.0,6.0,-1.0,3.0,-4.0,1.0,1.0,0.0,1.0,0.0,1.0,33.3,33.3,66.7,33.3,19.0,18.0,11.0,18.0,1402.5,1675.8
2023-10-20,2023,Dortmund,Werder Bremen,1,0,H,U,1.3,6.52,8.74,5.0,1.0,10.0,4.0,5,2.0,0.0,0.0,3.0,7.0,4.0,3.0,4.0,9.0,-5.0,3.0,-5.0,8.0,1.0,0.0,1.0,0.0,2.0,-2.0,75.0,0.0,0.0,100.0,20.0,13.0,12.0,10.0,1717.4,1421.9
2023-10-08,2023,Leverkusen,FC Koln,3,0,H,O,1.34,5.58,8.69,10.0,3.0,11.0,4.0,4,3.0,0.0,0.0,2.0,12.0,2.0,10.0,4.0,4.0,0.0,8.0,-2.0,10.0,2.0,0.0,2.0,0.0,0.0,0.0,100.0,0.0,0.0,66.7,30.0,11.0,15.0,12.0,1636.5,1479.7
2023-10-08,2023,Ein Frankfurt,Heidenheim,2,0,H,U,1.73,4.07,4.63,6.0,2.0,3.0,6.0,4,1.0,0.0,0.0,2.0,2.0,3.0,-1.0,1.0,8.0,-7.0,1.0,-5.0,6.0,0.0,0.0,0.0,0.0,2.0,-2.0,33.3,0.0,0.0,66.7,13.0,8.0,22.0,15.0,1545.7,1501.8
2023-10-08,2023,Bayern Munich,Freiburg,3,0,H,O,1.16,8.73,15.05,5.0,0.0,7.0,1.0,4,2.0,1.0,0.0,1.0,12.0,2.0,10.0,3.0,6.0,-3.0,9.0,-4.0,13.0,2.0,0.0,2.0,0.0,1.0,-1.0,66.7,0.0,33.3,33.3,31.0,15.0,25.0,9.0,1746.5,1591.8
2023-10-07,2023,Werder Bremen,Hoffenheim,2,3,A,O,2.75,3.9,2.38,3.0,4.0,4.0,4.0,4,2.0,3.0,1.0,0.0,6.0,8.0,-2.0,5.0,3.0,2.0,1.0,5.0,-4.0,1.0,2.0,-1.0,1.0,0.0,1.0,66.7,33.3,100.0,0.0,13.0,15.0,10.0,16.0,1429.4,1518.1
2023-10-07,2023,Stuttgart,Wolfsburg,3,1,H,O,2.0,3.76,3.64,7.0,5.0,5.0,6.0,4,3.0,1.0,0.0,2.0,13.0,3.0,10.0,1.0,5.0,-4.0,12.0,-2.0,14.0,3.0,0.0,3.0,0.0,1.0,-1.0,100.0,0.0,33.3,66.7,26.0,15.0,14.0,7.0,1516.1,1573.0
2023-10-07,2023,RB Leipzig,Bochum,0,0,D,U,1.24,6.81,11.15,5.0,2.0,9.0,1.0,4,2.0,0.0,0.0,2.0,10.0,2.0,8.0,3.0,14.0,-11.0,7.0,-12.0,19.0,2.0,0.0,2.0,0.0,2.0,-2.0,66.7,0.0,0.0,66.7,19.0,11.0,10.0,6.0,1681.3,1467.0
2023-10-07,2023,Dortmund,Union Berlin,4,2,H,O,1.61,4.38,5.31,7.0,6.0,4.0,6.0,4,2.0,1.0,0.0,2.0,4.0,5.0,-1.0,2.0,4.0,-2.0,2.0,1.0,1.0,0.0,1.0,-1.0,0.0,0.0,0.0,66.7,0.0,33.3,66.7,15.0,19.0,14.0,19.0,1711.0,1582.5
2023-10-07,2023,Augsburg,Darmstadt,1,2,A,O,1.9,3.87,3.95,3.0,5.0,4.0,4.0,4,1.0,0.0,0.0,3.0,8.0,2.0,6.0,7.0,9.0,-2.0,1.0,-7.0,8.0,0.0,0.0,0.0,0.0,2.0,-2.0,33.3,0.0,0.0,100.0,14.0,3.0,14.0,9.0,1449.8,1390.8
2023-10-06,2023,M'gladbach,Mainz,2,2,D,O,2.06,3.87,3.42,9.0,7.0,10.0,3.0,4,0.0,0.0,3.0,3.0,1.0,2.0,-1.0,6.0,10.0,-4.0,-5.0,-8.0,3.0,0.0,0.0,0.0,1.0,2.0,-1.0,0.0,100.0,0.0,100.0,6.0,9.0,17.0,12.0,1515.7,1481.6
2023-10-01,2023,Freiburg,Augsburg,2,0,H,U,1.72,4.13,4.59,3.0,4.0,2.0,3.0,3,,,,,,,,,,,,,,,,,,,,50.0,50.0,0.0,100.0,,,,,1585.4,1456.3
2023-10-01,2023,Darmstadt,Werder Bremen,4,2,H,O,2.8,3.7,2.42,5.0,7.0,2.0,4.0,3,,,,,,,,,,,,,,,,,,,,0.0,50.0,0.0,100.0,,,,,1379.0,1441.1
2023-09-30,2023,Wolfsburg,Ein Frankfurt,2,0,H,U,2.11,3.55,3.51,7.0,3.0,7.0,4.0,3,,,,,,,,,,,,,,,,,,,,100.0,0.0,0.0,0.0,,,,,1563.2,1555.5
2023-09-30,2023,RB Leipzig,Bayern Munich,2,2,D,O,3.56,4.21,1.93,2.0,5.0,5.0,1.0,3,,,,,,,,,,,,,,,,,,,,100.0,0.0,100.0,0.0,,,,,1679.4,1748.5
2023-09-30,2023,Mainz,Leverkusen,0,3,A,O,5.65,4.64,1.54,3.0,3.0,3.0,1.0,3,,,,,,,,,,,,,,,,,,,,0.0,50.0,50.0,0.0,,,,,1487.7,1630.4
2023-09-30,2023,Heidenheim,Union Berlin,1,0,H,U,3.07,3.65,2.27,4.0,8.0,5.0,7.0,3,,,,,,,,,,,,,,,,,,,,50.0,50.0,50.0,50.0,,,,,1488.8,1595.4
2023-09-30,2023,FC Koln,Stuttgart,0,2,A,U,2.85,3.65,2.42,5.0,4.0,8.0,4.0,3,,,,,,,,,,,,,,,,,,,,0.0,100.0,50.0,50.0,,,,,1489.2,1506.7
2023-09-30,2023,Bochum,M'gladbach,1,3,A,O,2.33,3.79,2.88,5.0,9.0,5.0,10.0,3,,,,,,,,,,,,,,,,,,,,0.0,0.0,0.0,0.0,,,,,1476.2,1506.5
2023-09-29,2023,Hoffenheim,Dortmund,1,3,A,O,3.11,4.13,2.11,5.0,5.0,4.0,3.0,3,,,,,,,,,,,,,,,,,,,,50.0,50.0,50.0,0.0,,,,,1523.3,1705.8
2023-09-24,2023,Leverkusen,Heidenheim,4,1,H,O,1.23,6.98,11.42,10.0,1.0,7.0,2.0,3,,,,,,,,,,,,,,,,,,,,100.0,0.0,0.0,50.0,,,,,1624.0,1495.2
2023-09-24,2023,Ein Frankfurt,Freiburg,0,0,D,U,2.09,3.63,3.44,5.0,2.0,7.0,3.0,3,,,,,,,,,,,,,,,,,,,,50.0,0.0,50.0,50.0,,,,,1554.6,1586.3
2023-09-23,2023,Werder Bremen,FC Koln,2,1,H,O,2.54,3.62,2.68,6.0,5.0,9.0,8.0,3,,,,,,,,,,,,,,,,,,,,50.0,50.0,0.0,50.0,,,,,1429.1,1501.3
2023-09-23,2023,Union Berlin,Hoffenheim,0,2,A,U,2.12,3.67,3.36,6.0,4.0,11.0,6.0,3,,,,,,,,,,,,,,,,,,,,50.0,50.0,100.0,0.0,,,,,1608.2,1510.6
2023-09-23,2023,M'gladbach,RB Leipzig,0,1,A,U,5.07,4.69,1.58,1.0,4.0,11.0,6.0,3,,,,,,,,,,,,,,,,,,,,0.0,100.0,50.0,50.0,,,,,1512.2,1673.7
2023-09-23,2023,Dortmund,Wolfsburg,1,0,H,U,1.69,4.39,4.46,4.0,2.0,5.0,3.0,3,,,,,,,,,,,,,,,,,,,,50.0,0.0,50.0,50.0,,,,,1699.3,1569.7
2023-09-23,2023,Bayern Munich,Bochum,7,0,H,O,1.1,11.34,20.92,16.0,1.0,8.0,1.0,3,,,,,,,,,,,,,,,,,,,,50.0,0.0,0.0,50.0,,,,,1744.9,1479.7
2023-09-23,2023,Augsburg,Mainz,2,1,H,O,2.59,3.63,2.62,3.0,3.0,3.0,4.0,3,,,,,,,,,,,,,,,,,,,,0.0,0.0,0.0,100.0,,,,,1444.7,1499.3
2023-09-22,2023,Stuttgart,Darmstadt,3,1,H,O,1.38,5.14,7.89,11.0,0.0,5.0,4.0,3,,,,,,,,,,,,,,,,,,,,100.0,0.0,0.0,100.0,,,,,1499.8,1385.9
2023-09-17,2023,Heidenheim,Werder Bremen,4,2,H,O,2.35,3.79,2.83,4.0,4.0,10.0,1.0,2,,,,,,,,,,,,,,,,,,,,0.0,100.0,0.0,100.0,,,,,1486.6,1437.7
2023-09-17,2023,Darmstadt,M'gladbach,3,3,D,O,2.96,3.61,2.34,8.0,10.0,6.0,6.0,2,,,,,,,,,,,,,,,,,,,,0.0,100.0,0.0,0.0,,,,,1382.2,1515.9
2023-09-16,2023,Wolfsburg,Union Berlin,2,1,H,O,2.26,3.47,3.22,3.0,5.0,3.0,7.0,2,,,,,,,,,,,,,,,,,,,,100.0,0.0,100.0,0.0,,,,,1557.9,1619.9
2023-09-16,2023,RB Leipzig,Augsburg,3,0,H,O,1.23,6.98,11.49,6.0,4.0,1.0,6.0,2,,,,,,,,,,,,,,,,,,,,100.0,0.0,0.0,100.0,,,,,1669.3,1449.1
2023-09-16,2023,Mainz,Stuttgart,1,3,A,O,2.55,3.65,2.66,3.0,6.0,6.0,4.0,2,,,,,,,,,,,,,,,,,,,,0.0,0.0,0.0,100.0,,,,,1509.8,1489.2
2023-09-16,2023,Freiburg,Dortmund,2,4,A,O,3.16,3.84,2.15,4.0,6.0,6.0,8.0,2,,,,,,,,,,,,,,,,,,,,100.0,0.0,0.0,0.0,,,,,1593.5,1692.1
2023-09-16,2023,FC Koln,Hoffenheim,1,3,A,O,2.22,3.78,3.05,7.0,5.0,13.0,4.0,2,,,,,,,,,,,,,,,,,,,,0.0,100.0,100.0,0.0,,,,,1511.6,1500.2
2023-09-16,2023,Bochum,Ein Frankfurt,1,1,D,U,2.93,3.63,2.35,10.0,6.0,8.0,2.0,2,,,,,,,,,,,,,,,,,,,,0.0,0.0,0.0,0.0,,,,,1477.5,1556.8
2023-09-15,2023,Bayern Munich,Leverkusen,2,2,D,O,1.62,4.66,4.76,9.0,5.0,7.0,4.0,2,,,,,,,,,,,,,,,,,,,,100.0,0.0,100.0,0.0,,,,,1748.5,1620.4
2023-09-03,2023,Union Berlin,RB Leipzig,0,3,A,O,3.22,3.45,2.26,1.0,8.0,3.0,7.0,2,,,,,,,,,,,,,,,,,,,,100.0,0.0,0.0,100.0,,,,,1629.0,1660.2
2023-09-03,2023,Ein Frankfurt,FC Koln,1,1,D,U,2.13,3.49,3.49,4.0,2.0,8.0,1.0,2,,,,,,,,,,,,,,,,,,,,100.0,0.0,0.0,100.0,,,,,1558.2,1510.2
2023-09-02,2023,Werder Bremen,Mainz,4,0,H,O,2.7,3.57,2.55,6.0,3.0,1.0,7.0,2,,,,,,,,,,,,,,,,,,,,0.0,100.0,0.0,100.0,,,,,1425.0,1522.6
2023-09-02,2023,Stuttgart,Freiburg,5,0,H,O,2.18,3.68,3.2,6.0,5.0,2.0,4.0,2,,,,,,,,,,,,,,,,,,,,100.0,0.0,100.0,0.0,,,,,1475.6,1607.2
2023-09-02,2023,M'gladbach,Bayern Munich,1,2,A,O,8.28,6.34,1.31,3.0,9.0,1.0,15.0,2,,,,,,,,,,,,,,,,,,,,0.0,100.0,100.0,0.0,,,,,1520.2,1744.1
2023-09-02,2023,Leverkusen,Darmstadt,5,1,H,O,1.2,7.3,13.64,13.0,1.0,4.0,2.0,2,,,,,,,,,,,,,,,,,,,,100.0,0.0,0.0,100.0,,,,,1616.2,1386.4
2023-09-02,2023,Hoffenheim,Wolfsburg,3,1,H,O,2.47,3.77,2.67,5.0,7.0,3.0,3.0,2,,,,,,,,,,,,,,,,,,,,0.0,100.0,100.0,0.0,,,,,1487.9,1570.2
2023-09-02,2023,Augsburg,Bochum,2,2,D,O,2.03,3.7,3.56,3.0,9.0,3.0,5.0,2,,,,,,,,,,,,,,,,,,,,0.0,0.0,0.0,100.0,,,,,1448.3,1478.4
2023-09-01,2023,Dortmund,Heidenheim,2,2,D,O,1.25,6.82,10.4,9.0,6.0,3.0,6.0,2,,,,,,,,,,,,,,,,,,,,100.0,0.0,0.0,100.0,,,,,1697.6,1481.1
2023-08-27,2023,Mainz,Ein Frankfurt,1,1,D,U,2.43,3.63,2.83,7.0,2.0,5.0,4.0,1,,,,,,,,,,,,,,,,,,,,,,,,,,,,1521.5,1559.3
2023-08-27,2023,Bayern Munich,Augsburg,3,1,H,O,1.08,12.99,24.71,6.0,2.0,10.0,4.0,1,,,,,,,,,,,,,,,,,,,,,,,,,,,,1741.0,1451.4
2023-08-26,2023,M'gladbach,Leverkusen,0,3,A,O,3.68,4.1,1.91,2.0,10.0,5.0,8.0,1,,,,,,,,,,,,,,,,,,,,,,,,,,,,1527.9,1608.5
2023-08-26,2023,Heidenheim,Hoffenheim,2,3,A,O,2.98,3.73,2.3,9.0,6.0,10.0,6.0,1,,,,,,,,,,,,,,,,,,,,,,,,,,,,1491.5,1477.5
2023-08-26,2023,Freiburg,Werder Bremen,1,0,H,U,1.71,4.06,4.75,6.0,2.0,5.0,5.0,1,,,,,,,,,,,,,,,,,,,,,,,,,,,,1601.7,1430.4
2023-08-26,2023,FC Koln,Wolfsburg,1,2,A,O,2.36,3.56,2.98,2.0,6.0,6.0,1.0,1,,,,,,,,,,,,,,,,,,,,,,,,,,,,1519.0,1561.4
2023-08-26,2023,Darmstadt,Union Berlin,1,4,A,O,3.88,3.44,2.03,6.0,6.0,3.0,5.0,1,,,,,,,,,,,,,,,,,,,,,,,,,,,,1390.5,1624.9
2023-08-26,2023,Bochum,Dortmund,1,1,D,U,6.72,5.29,1.42,6.0,3.0,5.0,4.0,1,,,,,,,,,,,,,,,,,,,,,,,,,,,,1472.5,1703.5
2023-08-25,2023,RB Leipzig,Stuttgart,5,1,H,O,1.51,4.71,6.09,11.0,3.0,4.0,4.0,1,,,,,,,,,,,,,,,,,,,,,,,,,,,,1654.8,1481.0
2023-08-20,2023,Union Berlin,Mainz,4,1,H,O,2.01,3.45,3.92,7.0,3.0,3.0,1.0,1,,,,,,,,,,,,,,,,,,,,,,,,,,,,1617.4,1529.0
2023-08-20,2023,Ein Frankfurt,Darmstadt,1,0,H,U,1.39,5.12,7.82,4.0,2.0,7.0,3.0,1,,,,,,,,,,,,,,,,,,,,,,,,,,,,1553.5,1396.3
2023-08-19,2023,Wolfsburg,Heidenheim,2,0,H,U,1.62,4.31,5.19,8.0,1.0,1.0,7.0,1,,,,,,,,,,,,,,,,,,,,,,,,,,,,1553.0,1500.0
2023-08-19,2023,Stuttgart,Bochum,5,0,H,O,1.69,4.17,4.69,9.0,1.0,7.0,0.0,1,,,,,,,,,,,,,,,,,,,,,,,,,,,,1470.6,1482.9
2023-08-19,2023,Leverkusen,RB Leipzig,3,2,H,O,2.47,3.62,2.78,7.0,6.0,4.0,5.0,1,,,,,,,,,,,,,,,,,,,,,,,,,,,,1596.5,1666.8
2023-08-19,2023,Hoffenheim,Freiburg,1,2,A,O,2.35,3.63,2.94,5.0,8.0,4.0,2.0,1,,,,,,,,,,,,,,,,,,,,,,,,,,,,1484.4,1594.8
2023-08-19,2023,Dortmund,FC Koln,1,0,H,U,1.4,5.21,7.24,2.0,4.0,6.0,3.0,1,,,,,,,,,,,,,,,,,,,,,,,,,,,,1698.1,1524.4
2023-08-19,2023,Augsburg,M'gladbach,4,4,D,O,2.72,3.69,2.47,8.0,6.0,8.0,7.0,1,,,,,,,,,,,,,,,,,,,,,,,,,,,,1449.1,1530.2
2023-08-18,2023,Werder Bremen,Bayern Munich,0,4,A,O,8.5,6.09,1.32,1.0,10.0,0.0,6.0,1,,,,,,,,,,,,,,,,,,,,,,,,,,,,1433.3,1738.0
2023-05-27,2022,Wolfsburg,Hertha,1,2,A,O,1.34,5.7,8.18,9.0,5.0,7.0,3.0,17,2.0,0.0,0.0,3.0,5.0,4.0,1.0,1.0,12.0,-11.0,4.0,-8.0,12.0,1.0,0.0,1.0,0.0,3.0,-3.0,37.5,18.8,6.2,81.2,10.0,9.0,8.0,12.0,1567.1,1413.2
2023-05-27,2022,Union Berlin,Werder Bremen,1,0,H,U,1.44,4.77,7.05,4.0,4.0,15.0,1.0,17,1.0,1.0,0.0,2.0,5.0,6.0,-1.0,3.0,6.0,-3.0,2.0,0.0,2.0,1.0,1.0,0.0,0.0,0.0,0.0,62.5,0.0,31.2,43.8,7.0,7.0,12.0,9.0,1612.0,1438.7
2023-05-27,2022,Stuttgart,Hoffenheim,1,1,D,U,1.59,4.62,5.01,4.0,2.0,9.0,2.0,17,1.0,0.0,0.0,2.0,6.0,2.0,4.0,5.0,4.0,1.0,1.0,-2.0,3.0,0.0,0.0,0.0,0.0,0.0,0.0,31.2,37.5,18.8,62.5,11.0,7.0,17.0,12.0,1470.2,1484.9
2023-05-27,2022,RB Leipzig,Schalke 04,4,2,H,O,1.61,4.66,4.75,12.0,4.0,4.0,5.0,17,3.0,1.0,0.0,2.0,6.0,3.0,3.0,3.0,12.0,-9.0,3.0,-9.0,12.0,0.0,0.0,0.0,0.0,2.0,-2.0,75.0,12.5,12.5,56.2,15.0,14.0,13.0,14.0,1662.8,1423.5
2023-05-27,2022,M'gladbach,Augsburg,2,0,H,U,2.18,3.88,3.07,7.0,3.0,4.0,4.0,17,2.0,0.0,1.0,2.0,4.0,5.0,-1.0,1.0,7.0,-6.0,3.0,-2.0,5.0,2.0,0.0,2.0,0.0,0.0,0.0,56.2,25.0,18.8,62.5,19.0,8.0,18.0,19.0,1522.0,1457.3
2023-05-27,2022,FC Koln,Bayern Munich,1,2,A,O,7.94,6.14,1.32,3.0,3.0,7.0,3.0,17,1.0,2.0,1.0,1.0,6.0,4.0,2.0,4.0,4.0,0.0,2.0,0.0,2.0,1.0,0.0,1.0,0.0,1.0,-1.0,37.5,31.2,56.2,25.0,27.0,14.0,24.0,24.0,1529.1,1733.3
2023-05-27,2022,Ein Frankfurt,Freiburg,2,1,H,O,2.38,3.81,2.77,8.0,7.0,3.0,6.0,17,1.0,2.0,0.0,1.0,5.0,5.0,0.0,2.0,5.0,-3.0,3.0,0.0,3.0,1.0,0.0,1.0,0.0,1.0,-1.0,50.0,18.8,43.8,31.2,13.0,17.0,20.0,15.0,1541.7,1606.7
2023-05-27,2022,Dortmund,Mainz,2,2,D,O,1.15,9.23,15.14,12.0,4.0,6.0,3.0,17,3.0,0.0,0.0,2.0,15.0,1.0,14.0,2.0,7.0,-5.0,13.0,-6.0,19.0,3.0,0.0,3.0,0.0,2.0,-2.0,87.5,6.2,37.5,43.8,30.0,7.0,25.0,9.0,1702.8,1524.3
2023-05-27,2022,Bochum,Leverkusen,3,0,H,O,3.29,4.05,2.03,5.0,2.0,2.0,5.0,17,1.0,0.0,1.0,0.0,5.0,1.0,4.0,8.0,1.0,7.0,-3.0,0.0,-3.0,0.0,0.0,0.0,1.0,0.0,1.0,43.8,43.8,37.5,31.2,18.0,9.0,21.0,13.0,1469.0,1610.4
2023-05-21,2022,Mainz,Stuttgart,1,4,A,O,2.51,3.63,2.73,6.0,6.0,6.0,3.0,17,1.0,1.0,1.0,1.0,7.0,5.0,2.0,6.0,5.0,1.0,1.0,0.0,1.0,1.0,0.0,1.0,0.0,0.0,0.0,37.5,25.0,6.2,56.2,18.0,14.0,10.0,12.0,1536.5,1458.0
2023-05-21,2022,Leverkusen,M'gladbach,2,2,D,O,1.47,5.04,6.06,6.0,5.0,2.0,3.0,17,2.0,0.0,1.0,2.0,6.0,4.0,2.0,3.0,8.0,-5.0,3.0,-4.0,7.0,2.0,0.0,2.0,0.0,1.0,-1.0,50.0,37.5,6.2,56.2,18.0,14.0,11.0,14.0,1613.0,1519.4
2023-05-21,2022,Augsburg,Dortmund,0,3,A,O,6.74,5.53,1.4,1.0,10.0,3.0,8.0,17,1.0,0.0,1.0,1.0,3.0,6.0,-3.0,4.0,8.0,-4.0,-1.0,-2.0,1.0,0.0,0.0,0.0,1.0,1.0,0.0,37.5,37.5,43.8,37.5,5.0,16.0,10.0,20.0,1461.4,1698.7
2023-05-20,2022,Werder Bremen,FC Koln,1,1,D,U,2.58,3.75,2.6,6.0,4.0,4.0,9.0,17,0.0,3.0,3.0,0.0,3.0,8.0,-5.0,6.0,3.0,3.0,-3.0,5.0,-8.0,0.0,2.0,-2.0,0.0,0.0,0.0,31.2,62.5,25.0,37.5,12.0,17.0,7.0,8.0,1436.0,1531.8
2023-05-20,2022,Schalke 04,Ein Frankfurt,2,2,D,O,2.92,3.78,2.31,4.0,3.0,8.0,3.0,17,2.0,0.0,1.0,3.0,7.0,2.0,5.0,6.0,10.0,-4.0,1.0,-8.0,9.0,1.0,0.0,1.0,1.0,3.0,-2.0,31.2,43.8,25.0,43.8,20.0,11.0,25.0,18.0,1420.0,1545.1
2023-05-20,2022,Hoffenheim,Union Berlin,4,2,H,O,2.53,3.47,2.8,5.0,4.0,1.0,5.0,17,2.0,1.0,1.0,2.0,6.0,2.0,4.0,4.0,3.0,1.0,2.0,-1.0,3.0,2.0,0.0,2.0,1.0,0.0,1.0,37.5,50.0,43.8,43.8,13.0,10.0,12.0,9.0,1470.7,1626.2
2023-05-20,2022,Hertha,Bochum,1,1,D,U,2.25,3.76,3.04,4.0,6.0,9.0,5.0,17,1.0,0.0,2.0,1.0,4.0,2.0,2.0,6.0,4.0,2.0,-2.0,-2.0,0.0,0.0,0.0,0.0,1.0,1.0,0.0,31.2,37.5,12.5,75.0,9.0,13.0,15.0,12.0,1411.5,1470.7
2023-05-20,2022,Bayern Munich,RB Leipzig,1,3,A,O,1.52,4.98,5.65,4.0,8.0,7.0,2.0,17,2.0,2.0,0.0,1.0,9.0,2.0,7.0,1.0,2.0,-1.0,8.0,0.0,8.0,2.0,0.0,2.0,0.0,1.0,-1.0,68.8,0.0,37.5,37.5,30.0,20.0,35.0,16.0,1746.0,1650.1
2023-05-19,2022,Freiburg,Wolfsburg,2,0,H,U,2.03,3.79,3.55,7.0,2.0,4.0,4.0,17,1.0,1.0,2.0,2.0,4.0,5.0,-1.0,2.0,9.0,-7.0,2.0,-4.0,6.0,1.0,1.0,0.0,0.0,2.0,-2.0,56.2,18.8,43.8,37.5,16.0,12.0,11.0,17.0,1597.2,1576.5
2023-05-14,2022,Stuttgart,Leverkusen,1,1,D,U,2.48,3.59,2.76,1.0,3.0,7.0,3.0,16,1.0,1.0,1.0,0.0,5.0,3.0,2.0,5.0,0.0,5.0,0.0,3.0,-3.0,0.0,1.0,-1.0,0.0,0.0,0.0,33.3,40.0,40.0,33.3,12.0,16.0,13.0,15.0,1453.6,1617.4
2023-05-14,2022,RB Leipzig,Werder Bremen,2,1,H,O,1.25,6.59,10.7,7.0,2.0,3.0,2.0,16,2.0,1.0,1.0,1.0,4.0,7.0,-3.0,5.0,6.0,-1.0,-1.0,1.0,-2.0,0.0,1.0,-1.0,1.0,0.0,1.0,73.3,13.3,33.3,40.0,11.0,9.0,13.0,9.0,1645.4,1440.8
2023-05-13,2022,Wolfsburg,Hoffenheim,2,1,H,O,1.93,3.94,3.68,3.0,2.0,3.0,7.0,16,1.0,1.0,0.0,1.0,5.0,3.0,2.0,2.0,3.0,-1.0,3.0,0.0,3.0,1.0,0.0,1.0,0.0,0.0,0.0,33.3,20.0,20.0,60.0,12.0,7.0,9.0,11.0,1569.1,1478.1
2023-05-13,2022,Union Berlin,Freiburg,4,2,H,O,2.19,3.18,3.68,4.0,8.0,1.0,7.0,16,1.0,2.0,0.0,0.0,4.0,4.0,0.0,1.0,2.0,-1.0,3.0,2.0,1.0,1.0,0.0,1.0,0.0,0.0,0.0,60.0,0.0,46.7,26.7,8.0,14.0,14.0,13.0,1616.5,1607.0
2023-05-13,2022,Ein Frankfurt,Mainz,3,0,H,O,2.12,3.7,3.34,7.0,4.0,5.0,1.0,16,0.0,1.0,0.0,1.0,3.0,4.0,-1.0,3.0,4.0,-1.0,0.0,0.0,0.0,0.0,1.0,-1.0,0.0,1.0,-1.0,46.7,20.0,40.0,40.0,13.0,10.0,30.0,12.0,1534.8,1546.9
2023-05-13,2022,Dortmund,M'gladbach,5,2,H,O,1.25,7.03,10.12,13.0,8.0,10.0,4.0,16,3.0,0.0,0.0,1.0,12.0,2.0,10.0,1.0,3.0,-2.0,11.0,-1.0,12.0,2.0,0.0,2.0,0.0,0.0,0.0,86.7,6.7,6.7,53.3,23.0,8.0,23.0,11.0,1693.2,1524.9
2023-05-13,2022,Bochum,Augsburg,3,2,H,O,2.16,3.58,3.32,8.0,2.0,7.0,7.0,16,0.0,0.0,2.0,1.0,4.0,5.0,-1.0,9.0,6.0,3.0,-5.0,-1.0,-4.0,0.0,0.0,0.0,1.0,0.0,1.0,40.0,46.7,20.0,60.0,15.0,8.0,21.0,19.0,1460.4,1471.7
2023-05-13,2022,Bayern Munich,Schalke 04,6,0,H,O,1.12,10.0,18.74,14.0,0.0,4.0,3.0,16,2.0,1.0,0.0,2.0,7.0,3.0,4.0,3.0,8.0,-5.0,4.0,-5.0,9.0,2.0,0.0,2.0,0.0,2.0,-2.0,66.7,0.0,13.3,53.3,25.0,17.0,37.0,19.0,1743.2,1422.7
2023-05-12,2022,FC Koln,Hertha,5,2,H,O,1.9,3.74,4.07,15.0,3.0,12.0,3.0,16,0.0,0.0,1.0,2.0,1.0,3.0,-2.0,2.0,8.0,-6.0,-1.0,-5.0,4.0,0.0,0.0,0.0,0.0,2.0,-2.0,33.3,33.3,6.7,80.0,17.0,9.0,23.0,11.0,1524.8,1418.5
2023-05-07,2022,Dortmund,Wolfsburg,6,0,H,O,1.51,4.97,5.67,10.0,3.0,10.0,6.0,15,3.0,2.0,0.0,1.0,12.0,6.0,6.0,2.0,3.0,-1.0,10.0,3.0,7.0,2.0,1.0,1.0,0.0,1.0,-1.0,85.7,7.1,46.7,33.3,21.0,12.0,14.0,19.0,1686.3,1576.0
2023-05-06,2022,Werder Bremen,Bayern Munich,1,2,A,O,8.13,6.11,1.32,2.0,4.0,1.0,11.0,16,0.0,1.0,3.0,2.0,4.0,3.0,1.0,7.0,5.0,2.0,-3.0,-2.0,-1.0,0.0,0.0,0.0,0.0,1.0,-1.0,33.3,60.0,53.3,26.7,16.0,16.0,8.0,16.0,1443.8,1740.2
2023-05-06,2022,M'gladbach,Bochum,2,0,H,U,1.9,3.94,3.82,9.0,3.0,11.0,3.0,16,1.0,1.0,1.0,0.0,4.0,4.0,0.0,3.0,2.0,1.0,1.0,2.0,-1.0,1.0,1.0,0.0,0.0,0.0,0.0,53.3,26.7,13.3,73.3,19.0,13.0,13.0,10.0,1516.3,1469.0
2023-05-06,2022,Hoffenheim,Ein Frankfurt,3,1,H,O,2.35,3.65,2.93,5.0,6.0,1.0,11.0,16,2.0,0.0,1.0,3.0,6.0,1.0,5.0,4.0,9.0,-5.0,2.0,-8.0,10.0,2.0,0.0,2.0,1.0,3.0,-2.0,33.3,53.3,26.7,40.0,15.0,9.0,19.0,14.0,1465.8,1547.1
2023-05-06,2022,Hertha,Stuttgart,2,1,H,O,3.1,3.53,2.29,3.0,4.0,3.0,5.0,16,0.0,1.0,2.0,1.0,3.0,4.0,-1.0,6.0,6.0,0.0,-3.0,-2.0,-1.0,0.0,0.0,0.0,1.0,1.0,0.0,26.7,40.0,6.7,53.3,10.0,18.0,19.0,12.0,1406.9,1465.3
2023-05-06,2022,Freiburg,RB Leipzig,0,1,A,U,3.97,3.68,1.93,2.0,6.0,3.0,3.0,16,1.0,1.0,1.0,2.0,5.0,1.0,4.0,2.0,3.0,-1.0,3.0,-2.0,5.0,1.0,0.0,1.0,0.0,1.0,-1.0,60.0,13.3,33.3,40.0,22.0,22.0,10.0,20.0,1616.4,1636.0
2023-05-06,2022,Augsburg,Union Berlin,1,0,H,U,3.41,3.27,2.26,3.0,4.0,3.0,7.0,16,0.0,1.0,1.0,1.0,3.0,3.0,0.0,5.0,3.0,2.0,-2.0,0.0,-2.0,0.0,0.0,0.0,1.0,0.0,1.0,33.3,40.0,46.7,40.0,5.0,8.0,16.0,7.0,1457.1,1631.1
2023-05-05,2022,Mainz,Schalke 04,2,3,A,O,1.65,4.1,5.3,4.0,10.0,7.0,6.0,16,1.0,0.0,0.0,2.0,6.0,1.0,5.0,4.0,7.0,-3.0,2.0,-6.0,8.0,1.0,0.0,1.0,0.0,2.0,-2.0,40.0,20.0,7.1,57.1,20.0,12.0,6.0,19.0,1561.0,1408.6
2023-05-05,2022,Leverkusen,FC Koln,1,2,A,O,1.69,4.04,4.97,4.0,5.0,9.0,2.0,16,3.0,2.0,0.0,1.0,7.0,7.0,0.0,2.0,8.0,-6.0,5.0,-1.0,6.0,2.0,2.0,0.0,0.0,1.0,-1.0,53.3,33.3,20.0,40.0,20.0,17.0,7.0,12.0,1630.7,1511.4
2023-04-30,2022,Wolfsburg,Mainz,3,0,H,O,2.3,3.53,3.08,4.0,2.0,3.0,5.0,15,0.0,1.0,0.0,0.0,3.0,5.0,-2.0,3.0,2.0,1.0,0.0,3.0,-3.0,0.0,1.0,-1.0,0.0,0.0,0.0,28.6,21.4,42.9,35.7,14.0,11.0,9.0,15.0,1565.9,1571.1
2023-04-30,2022,Bayern Munich,Hertha,2,0,H,U,1.12,10.09,20.09,9.0,1.0,18.0,1.0,15,2.0,0.0,0.0,2.0,10.0,4.0,6.0,6.0,9.0,-3.0,4.0,-5.0,9.0,2.0,0.0,2.0,0.0,2.0,-2.0,64.3,0.0,7.1,78.6,25.0,13.0,27.0,19.0,1737.5,1409.5
2023-04-29,2022,Union Berlin,Leverkusen,0,0,D,U,2.91,3.37,2.5,1.0,2.0,6.0,4.0,15,2.0,2.0,0.0,0.0,6.0,6.0,0.0,1.0,2.0,-1.0,5.0,4.0,1.0,2.0,1.0,1.0,0.0,0.0,0.0,64.3,0.0,42.9,35.7,10.0,19.0,11.0,14.0,1631.1,1630.7
2023-04-29,2022,Stuttgart,M'gladbach,2,1,H,O,1.84,3.94,4.07,5.0,4.0,5.0,8.0,15,0.0,0.0,2.0,1.0,4.0,1.0,3.0,6.0,4.0,2.0,-2.0,-3.0,1.0,0.0,0.0,0.0,0.0,1.0,-1.0,28.6,42.9,7.1,50.0,11.0,7.0,11.0,3.0,1453.1,1528.4
2023-04-29,2022,Schalke 04,Werder Bremen,2,1,H,O,2.28,3.56,3.09,10.0,1.0,11.0,3.0,16,1.0,1.0,1.0,0.0,7.0,8.0,-1.0,7.0,6.0,1.0,0.0,2.0,-2.0,1.0,1.0,0.0,1.0,0.0,1.0,26.7,46.7,35.7,35.7,15.0,11.0,17.0,11.0,1396.9,1455.5
2023-04-29,2022,RB Leipzig,Hoffenheim,1,0,H,U,1.42,5.05,7.02,2.0,2.0,7.0,1.0,15,2.0,1.0,1.0,1.0,6.0,4.0,2.0,5.0,4.0,1.0,1.0,0.0,1.0,1.0,0.0,1.0,1.0,0.0,1.0,71.4,14.3,21.4,57.1,18.0,6.0,17.0,12.0,1630.3,1471.5
2023-04-29,2022,FC Koln,Freiburg,0,1,A,U,2.44,3.31,3.02,8.0,6.0,9.0,6.0,15,0.0,1.0,1.0,0.0,1.0,3.0,-2.0,3.0,2.0,1.0,-2.0,1.0,-3.0,0.0,0.0,0.0,1.0,0.0,1.0,35.7,28.6,42.9,28.6,14.0,11.0,24.0,12.0,1518.9,1608.9
2023-04-29,2022,Ein Frankfurt,Augsburg,1,1,D,U,1.56,4.48,5.64,1.0,3.0,5.0,7.0,15,0.0,0.0,0.0,2.0,3.0,7.0,-4.0,3.0,10.0,-7.0,0.0,-3.0,3.0,0.0,0.0,0.0,0.0,1.0,-1.0,50.0,21.4,21.4,64.3,13.0,11.0,28.0,17.0,1549.8,1454.4
2023-04-28,2022,Bochum,Dortmund,1,1,D,U,6.42,5.14,1.45,4.0,6.0,4.0,11.0,15,1.0,0.0,2.0,1.0,4.0,7.0,-3.0,8.0,9.0,-1.0,-4.0,-2.0,-2.0,0.0,0.0,0.0,1.0,1.0,0.0,42.9,50.0,46.7,40.0,13.0,18.0,19.0,15.0,1463.3,1692.1
2023-04-23,2022,M'gladbach,Union Berlin,0,1,A,U,2.39,3.33,3.09,4.0,4.0,2.0,2.0,15,1.0,0.0,0.0,2.0,4.0,2.0,2.0,2.0,6.0,-4.0,2.0,-4.0,6.0,1.0,0.0,1.0,0.0,1.0,-1.0,57.1,21.4,42.9,42.9,19.0,5.0,17.0,9.0,1535.9,1623.6
2023-04-23,2022,Leverkusen,RB Leipzig,2,0,H,U,2.54,3.63,2.67,6.0,8.0,0.0,9.0,15,3.0,1.0,0.0,2.0,9.0,2.0,7.0,3.0,3.0,0.0,6.0,-1.0,7.0,2.0,0.0,2.0,0.0,0.0,0.0,50.0,35.7,35.7,35.7,23.0,20.0,16.0,17.0,1620.1,1640.8
2023-04-23,2022,Freiburg,Schalke 04,4,0,H,O,1.8,3.68,4.67,12.0,4.0,6.0,5.0,15,1.0,1.0,1.0,1.0,3.0,3.0,0.0,3.0,3.0,0.0,0.0,0.0,0.0,0.0,1.0,-1.0,0.0,1.0,-1.0,57.1,14.3,7.7,53.8,13.0,13.0,6.0,18.0,1604.2,1401.7
2023-04-22,2022,Mainz,Bayern Munich,3,1,H,O,5.31,4.57,1.57,4.0,2.0,2.0,7.0,15,1.0,2.0,0.0,1.0,4.0,4.0,0.0,3.0,3.0,0.0,1.0,1.0,0.0,0.0,0.0,0.0,0.0,0.0,0.0,35.7,21.4,57.1,21.4,22.0,20.0,15.0,15.0,1556.0,1752.7
2023-04-22,2022,Hoffenheim,FC Koln,1,3,A,O,2.22,3.58,3.21,4.0,7.0,2.0,5.0,15,2.0,1.0,1.0,1.0,5.0,4.0,1.0,2.0,7.0,-5.0,3.0,-3.0,6.0,2.0,1.0,1.0,0.0,1.0,-1.0,35.7,50.0,14.3,42.9,15.0,14.0,29.0,11.0,1480.7,1509.7
2023-04-22,2022,Hertha,Werder Bremen,2,4,A,O,2.3,3.5,3.1,5.0,4.0,8.0,4.0,15,1.0,0.0,1.0,1.0,3.0,5.0,-2.0,2.0,6.0,-4.0,1.0,-1.0,2.0,1.0,0.0,1.0,0.0,0.0,0.0,28.6,35.7,30.8,38.5,8.0,15.0,12.0,14.0,1418.7,1446.3
2023-04-22,2022,Dortmund,Ein Frankfurt,4,0,H,O,1.62,4.5,4.97,7.0,2.0,5.0,2.0,14,3.0,0.0,0.0,2.0,10.0,3.0,7.0,3.0,7.0,-4.0,7.0,-4.0,11.0,1.0,0.0,1.0,0.0,2.0,-2.0,84.6,7.7,28.6,35.7,17.0,9.0,13.0,17.0,1685.7,1556.2
2023-04-22,2022,Bochum,Wolfsburg,1,5,A,O,3.02,3.55,2.33,6.0,7.0,10.0,3.0,14,1.0,2.0,2.0,1.0,3.0,3.0,0.0,5.0,2.0,3.0,-2.0,1.0,-3.0,0.0,1.0,-1.0,1.0,1.0,0.0,46.2,46.2,42.9,35.7,11.0,9.0,13.0,18.0,1470.8,1558.3
2023-04-21,2022,Augsburg,Stuttgart,1,1,D,U,3.27,3.68,2.15,1.0,3.0,1.0,3.0,15,1.0,1.0,1.0,1.0,4.0,4.0,0.0,5.0,6.0,-1.0,-1.0,-2.0,1.0,0.0,0.0,0.0,1.0,1.0,0.0,35.7,42.9,7.1,57.1,9.0,20.0,18.0,11.0,1454.4,1453.1
2023-04-16,2022,Wolfsburg,Leverkusen,0,0,D,U,2.81,3.62,2.45,3.0,4.0,2.0,6.0,14,0.0,2.0,0.0,0.0,5.0,7.0,-2.0,5.0,3.0,2.0,0.0,4.0,-4.0,0.0,1.0,-1.0,0.0,0.0,0.0,30.8,23.1,46.2,38.5,19.0,19.0,11.0,11.0,1556.5,1621.9
2023-04-16,2022,Werder Bremen,Freiburg,1,2,A,O,2.7,3.52,2.58,5.0,3.0,5.0,2.0,15,1.0,1.0,2.0,0.0,6.0,3.0,3.0,5.0,1.0,4.0,1.0,2.0,-1.0,1.0,1.0,0.0,0.0,0.0,0.0,35.7,57.1,38.5,30.8,17.0,13.0,5.0,15.0,1452.3,1598.2
2023-04-16,2022,Union Berlin,Bochum,1,1,D,U,1.62,3.91,5.95,2.0,8.0,5.0,7.0,14,2.0,1.0,0.0,1.0,5.0,3.0,2.0,0.0,4.0,-4.0,5.0,-1.0,6.0,2.0,1.0,1.0,0.0,1.0,-1.0,69.2,0.0,14.3,78.6,10.0,7.0,11.0,3.0,1628.0,1466.5
2023-04-15,2022,Stuttgart,Dortmund,3,3,D,O,3.52,3.83,2.01,5.0,6.0,5.0,7.0,14,1.0,1.0,2.0,1.0,4.0,5.0,-1.0,3.0,6.0,-3.0,1.0,-1.0,2.0,1.0,0.0,1.0,0.0,1.0,-1.0,30.8,46.2,50.0,42.9,13.0,23.0,9.0,19.0,1447.0,1691.7
2023-04-15,2022,RB Leipzig,Augsburg,3,2,H,O,1.25,6.47,11.07,6.0,3.0,3.0,5.0,14,2.0,0.0,1.0,2.0,5.0,5.0,0.0,4.0,9.0,-5.0,1.0,-4.0,5.0,1.0,0.0,1.0,1.0,2.0,-1.0,69.2,15.4,23.1,61.5,17.0,10.0,16.0,18.0,1635.5,1459.8
2023-04-15,2022,FC Koln,Mainz,1,1,D,U,2.63,3.37,2.74,4.0,1.0,3.0,3.0,14,0.0,2.0,2.0,0.0,0.0,7.0,-7.0,4.0,3.0,1.0,-4.0,4.0,-8.0,0.0,1.0,-1.0,2.0,0.0,2.0,38.5,30.8,46.2,38.5,15.0,17.0,31.0,17.0,1508.3,1557.4
2023-04-15,2022,Ein Frankfurt,M'gladbach,1,1,D,U,1.75,4.13,4.38,5.0,2.0,10.0,2.0,14,1.0,0.0,0.0,2.0,4.0,0.0,4.0,2.0,7.0,-5.0,2.0,-7.0,9.0,1.0,0.0,1.0,0.0,2.0,-2.0,53.8,23.1,7.7,53.8,14.0,7.0,23.0,4.0,1556.8,1535.3
2023-04-15,2022,Bayern Munich,Hoffenheim,1,1,D,U,1.21,7.72,11.57,7.0,3.0,13.0,4.0,14,3.0,1.0,0.0,2.0,12.0,3.0,9.0,5.0,4.0,1.0,7.0,-1.0,8.0,3.0,0.0,3.0,0.0,0.0,0.0,69.2,0.0,23.1,61.5,28.0,7.0,24.0,11.0,1759.4,1473.9
2023-04-14,2022,Schalke 04,Hertha,5,2,H,O,2.36,3.3,3.18,7.0,5.0,7.0,8.0,15,1.0,0.0,1.0,2.0,4.0,3.0,1.0,6.0,8.0,-2.0,-2.0,-5.0,3.0,0.0,0.0,0.0,1.0,2.0,-1.0,21.4,50.0,7.7,76.9,14.0,10.0,16.0,13.0,1390.6,1429.8
2023-04-09,2022,M'gladbach,Wolfsburg,2,0,H,U,2.38,3.65,2.85,6.0,2.0,5.0,8.0,14,1.0,2.0,0.0,0.0,5.0,3.0,2.0,4.0,0.0,4.0,1.0,3.0,-2.0,0.0,1.0,-1.0,0.0,0.0,0.0,53.8,23.1,46.2,30.8,20.0,9.0,16.0,13.0,1524.1,1567.7
2023-04-09,2022,Hoffenheim,Schalke 04,2,0,H,U,1.94,3.8,3.76,4.0,3.0,9.0,8.0,14,1.0,1.0,2.0,0.0,4.0,3.0,1.0,5.0,1.0,4.0,-1.0,2.0,-3.0,1.0,1.0,0.0,1.0,0.0,1.0,30.8,53.8,8.3,50.0,17.0,12.0,25.0,14.0,1465.8,1398.7
2023-04-09,2022,Bochum,Stuttgart,2,3,A,O,3.02,3.44,2.36,5.0,7.0,7.0,4.0,13,1.0,0.0,2.0,2.0,1.0,2.0,-1.0,4.0,6.0,-2.0,-3.0,-4.0,1.0,0.0,0.0,0.0,2.0,1.0,1.0,50.0,41.7,0.0,61.5,12.0,18.0,11.0,16.0,1477.7,1435.8
2023-04-08,2022,Mainz,Werder Bremen,2,2,D,O,1.73,4.01,4.65,10.0,4.0,1.0,2.0,14,2.0,0.0,0.0,2.0,6.0,3.0,3.0,1.0,6.0,-5.0,5.0,-3.0,8.0,1.0,0.0,1.0,0.0,1.0,-1.0,38.5,23.1,33.3,41.7,20.0,11.0,17.0,14.0,1560.5,1449.2
2023-04-08,2022,Leverkusen,Ein Frankfurt,3,1,H,O,1.85,3.95,3.99,8.0,3.0,2.0,5.0,14,2.0,0.0,1.0,2.0,8.0,3.0,5.0,5.0,6.0,-1.0,3.0,-3.0,6.0,1.0,0.0,1.0,0.0,1.0,-1.0,46.2,38.5,30.8,30.8,22.0,10.0,18.0,18.0,1613.3,1565.5
2023-04-08,2022,Hertha,RB Leipzig,0,1,A,U,5.35,4.11,1.62,1.0,6.0,4.0,4.0,14,2.0,1.0,0.0,2.0,7.0,4.0,3.0,2.0,3.0,-1.0,5.0,1.0,4.0,2.0,1.0,1.0,0.0,0.0,0.0,30.8,30.8,30.8,38.5,14.0,19.0,12.0,18.0,1434.7,1630.6
2023-04-08,2022,Freiburg,Bayern Munich,0,1,A,U,6.43,4.91,1.46,2.0,8.0,2.0,6.0,14,1.0,1.0,0.0,2.0,4.0,5.0,-1.0,3.0,6.0,-3.0,1.0,-1.0,2.0,0.0,0.0,0.0,0.0,0.0,0.0,61.5,7.7,53.8,23.1,15.0,16.0,5.0,9.0,1604.1,1753.5
2023-04-08,2022,Dortmund,Union Berlin,2,1,H,O,1.6,4.11,5.73,6.0,2.0,8.0,0.0,13,3.0,1.0,0.0,1.0,12.0,3.0,9.0,3.0,5.0,-2.0,9.0,-2.0,11.0,2.0,0.0,2.0,0.0,1.0,-1.0,83.3,8.3,46.2,38.5,16.0,8.0,8.0,13.0,1683.1,1636.6
2023-04-08,2022,Augsburg,FC Koln,1,3,A,O,2.8,3.46,2.51,1.0,5.0,6.0,1.0,14,2.0,0.0,0.0,2.0,4.0,1.0,3.0,2.0,9.0,-7.0,2.0,-8.0,10.0,0.0,0.0,0.0,0.0,2.0,-2.0,38.5,38.5,7.7,46.2,11.0,13.0,18.0,16.0,1468.9,1499.2
2023-04-02,2022,Werder Bremen,Hoffenheim,1,2,A,O,2.33,3.65,2.94,5.0,2.0,1.0,6.0,14,1.0,0.0,2.0,3.0,5.0,1.0,4.0,5.0,4.0,1.0,0.0,-3.0,3.0,1.0,0.0,1.0,1.0,0.0,1.0,38.5,53.8,16.7,66.7,15.0,7.0,7.0,6.0,1459.3,1455.7
2023-04-02,2022,FC Koln,M'gladbach,0,0,D,U,2.21,3.64,3.14,5.0,2.0,11.0,1.0,13,1.0,0.0,2.0,3.0,3.0,1.0,2.0,4.0,11.0,-7.0,-1.0,-10.0,9.0,1.0,0.0,1.0,2.0,3.0,-1.0,41.7,33.3,8.3,58.3,14.0,8.0,23.0,9.0,1498.5,1524.8
2023-04-01,2022,Wolfsburg,Augsburg,2,2,D,O,1.63,4.18,5.22,5.0,2.0,4.0,7.0,13,0.0,0.0,1.0,3.0,3.0,4.0,-1.0,6.0,10.0,-4.0,-3.0,-6.0,3.0,0.0,0.0,0.0,1.0,3.0,-2.0,33.3,25.0,25.0,66.7,16.0,11.0,9.0,23.0,1570.6,1466.0
2023-04-01,2022,Union Berlin,Stuttgart,3,0,H,O,2.07,3.29,3.91,5.0,8.0,3.0,5.0,13,1.0,0.0,0.0,2.0,2.0,3.0,-1.0,0.0,5.0,-5.0,2.0,-2.0,4.0,1.0,0.0,1.0,0.0,0.0,0.0,66.7,0.0,0.0,58.3,9.0,13.0,14.0,14.0,1631.6,1440.8
2023-04-01,2022,Schalke 04,Leverkusen,0,3,A,O,3.95,3.7,1.92,3.0,10.0,7.0,5.0,14,1.0,2.0,0.0,0.0,4.0,7.0,-3.0,3.0,4.0,-1.0,1.0,3.0,-2.0,0.0,1.0,-1.0,0.0,0.0,0.0,23.1,46.2,41.7,41.7,16.0,14.0,18.0,14.0,1403.4,1608.6
2023-04-01,2022,RB Leipzig,Mainz,0,3,A,O,1.53,4.5,5.94,3.0,7.0,3.0,4.0,13,2.0,1.0,1.0,1.0,6.0,5.0,1.0,3.0,5.0,-2.0,3.0,0.0,3.0,1.0,0.0,1.0,0.0,0.0,0.0,75.0,8.3,41.7,41.7,15.0,12.0,16.0,18.0,1643.3,1547.8
2023-04-01,2022,Freiburg,Hertha,1,1,D,U,1.66,3.93,5.29,8.0,3.0,2.0,2.0,13,2.0,0.0,0.0,3.0,5.0,3.0,2.0,3.0,11.0,-8.0,2.0,-8.0,10.0,0.0,0.0,0.0,0.0,3.0,-3.0,66.7,8.3,8.3,83.3,12.0,15.0,7.0,15.0,1608.8,1430.0
2023-04-01,2022,Bayern Munich,Dortmund,4,2,H,O,1.49,5.11,5.64,9.0,4.0,6.0,2.0,13,3.0,2.0,0.0,0.0,11.0,5.0,6.0,3.0,2.0,1.0,8.0,3.0,5.0,3.0,1.0,2.0,0.0,0.0,0.0,66.7,0.0,53.8,38.5,31.0,28.0,24.0,24.0,1745.0,1691.5
2023-03-31,2022,Ein Frankfurt,Bochum,1,1,D,U,1.51,4.44,6.33,7.0,2.0,15.0,2.0,13,2.0,1.0,0.0,2.0,6.0,2.0,4.0,1.0,6.0,-5.0,5.0,-4.0,9.0,2.0,1.0,1.0,0.0,2.0,-2.0,58.3,25.0,15.4,84.6,11.0,6.0,15.0,4.0,1568.1,1475.0
2023-03-19,2022,Union Berlin,Ein Frankfurt,2,0,H,U,2.41,3.19,3.15,3.0,4.0,3.0,7.0,12,1.0,0.0,0.0,2.0,2.0,3.0,-1.0,1.0,7.0,-6.0,1.0,-4.0,5.0,0.0,0.0,0.0,0.0,1.0,-1.0,63.6,0.0,33.3,25.0,11.0,7.0,16.0,20.0,1623.0,1576.7
2023-03-19,2022,Mainz,Freiburg,1,1,D,U,2.16,3.48,3.4,6.0,5.0,3.0,5.0,13,3.0,1.0,0.0,1.0,8.0,3.0,5.0,1.0,5.0,-4.0,7.0,-2.0,9.0,2.0,1.0,1.0,0.0,1.0,-1.0,41.7,25.0,41.7,33.3,21.0,11.0,18.0,10.0,1546.0,1610.7
2023-03-19,2022,Leverkusen,Bayern Munich,2,1,H,O,4.88,4.75,1.59,6.0,6.0,5.0,3.0,13,1.0,2.0,2.0,1.0,6.0,8.0,-2.0,6.0,6.0,0.0,0.0,2.0,-2.0,1.0,1.0,0.0,1.0,0.0,1.0,41.7,41.7,58.3,16.7,23.0,14.0,21.0,10.0,1594.2,1759.4
2023-03-18,2022,Stuttgart,Wolfsburg,0,1,A,U,2.42,3.41,2.93,2.0,3.0,3.0,8.0,13,1.0,1.0,2.0,1.0,4.0,3.0,1.0,4.0,2.0,2.0,0.0,1.0,-1.0,1.0,1.0,0.0,1.0,0.0,1.0,33.3,41.7,41.7,33.3,16.0,9.0,14.0,11.0,1447.6,1563.9
2023-03-18,2022,Hoffenheim,Hertha,3,1,H,O,2.08,3.58,3.49,7.0,5.0,8.0,9.0,13,0.0,0.0,3.0,3.0,2.0,2.0,0.0,8.0,11.0,-3.0,-6.0,-9.0,3.0,0.0,0.0,0.0,2.0,3.0,-1.0,25.0,58.3,9.1,81.8,15.0,13.0,21.0,7.0,1445.9,1439.8
2023-03-18,2022,Dortmund,FC Koln,6,1,H,O,1.46,4.81,6.62,8.0,5.0,1.0,6.0,12,3.0,0.0,0.0,1.0,11.0,0.0,11.0,3.0,3.0,0.0,8.0,-3.0,11.0,2.0,0.0,2.0,0.0,1.0,-1.0,81.8,9.1,8.3,41.7,16.0,8.0,21.0,17.0,1686.3,1503.6
2023-03-18,2022,Bochum,RB Leipzig,1,0,H,U,5.71,4.37,1.56,2.0,8.0,2.0,7.0,12,1.0,1.0,2.0,1.0,5.0,4.0,1.0,6.0,2.0,4.0,-1.0,2.0,-3.0,1.0,1.0,0.0,2.0,0.0,2.0,45.5,45.5,33.3,33.3,21.0,13.0,15.0,12.0,1459.9,1658.5
2023-03-18,2022,Augsburg,Schalke 04,1,1,D,U,2.32,3.42,3.09,3.0,5.0,9.0,6.0,13,3.0,1.0,0.0,0.0,4.0,2.0,2.0,1.0,0.0,1.0,3.0,2.0,1.0,0.0,1.0,-1.0,0.0,0.0,0.0,41.7,41.7,9.1,54.5,13.0,12.0,11.0,13.0,1467.8,1401.5
2023-03-17,2022,M'gladbach,Werder Bremen,2,2,D,O,1.81,3.96,4.18,9.0,3.0,6.0,5.0,13,1.0,1.0,0.0,2.0,3.0,3.0,0.0,2.0,4.0,-2.0,1.0,-1.0,2.0,0.0,1.0,-1.0,0.0,1.0,-1.0,58.3,25.0,36.4,45.5,15.0,12.0,19.0,13.0,1526.8,1457.4
2023-03-12,2022,Wolfsburg,Union Berlin,1,1,D,U,2.26,3.23,3.41,6.0,2.0,3.0,5.0,12,0.0,2.0,2.0,1.0,4.0,4.0,0.0,9.0,4.0,5.0,-5.0,0.0,-5.0,0.0,1.0,-1.0,2.0,1.0,1.0,36.4,27.3,50.0,41.7,15.0,9.0,13.0,10.0,1562.1,1624.7
2023-03-12,2022,Werder Bremen,Leverkusen,2,3,A,O,3.25,3.76,2.12,6.0,5.0,2.0,3.0,13,2.0,1.0,1.0,1.0,5.0,4.0,1.0,3.0,3.0,0.0,2.0,1.0,1.0,1.0,1.0,0.0,1.0,0.0,1.0,41.7,50.0,36.4,45.5,14.0,13.0,7.0,12.0,1463.9,1587.6
2023-03-12,2022,Freiburg,Hoffenheim,2,1,H,O,1.94,3.66,3.9,3.0,1.0,2.0,2.0,12,2.0,0.0,0.0,3.0,6.0,2.0,4.0,3.0,7.0,-4.0,3.0,-5.0,8.0,1.0,0.0,1.0,0.0,1.0,-1.0,63.6,9.1,18.2,63.6,18.0,10.0,8.0,10.0,1604.8,1451.8
2023-03-11,2022,Schalke 04,Dortmund,2,2,D,O,4.53,4.09,1.73,5.0,8.0,3.0,6.0,13,1.0,3.0,0.0,0.0,2.0,5.0,-3.0,1.0,0.0,1.0,1.0,5.0,-4.0,0.0,2.0,-2.0,0.0,0.0,0.0,25.0,50.0,58.3,41.7,13.0,22.0,22.0,22.0,1394.5,1693.3
2023-03-11,2022,RB Leipzig,M'gladbach,3,0,H,O,1.42,5.03,6.95,9.0,3.0,11.0,0.0,12,2.0,1.0,1.0,2.0,5.0,5.0,0.0,4.0,9.0,-5.0,1.0,-4.0,5.0,0.0,1.0,-1.0,0.0,2.0,-2.0,72.7,9.1,9.1,54.5,10.0,10.0,8.0,12.0,1651.7,1533.5
2023-03-11,2022,Hertha,Mainz,1,1,D,U,2.89,3.45,2.45,4.0,3.0,7.0,8.0,13,2.0,1.0,1.0,1.0,6.0,5.0,1.0,3.0,5.0,-2.0,3.0,0.0,3.0,2.0,0.0,2.0,1.0,0.0,1.0,33.3,33.3,45.5,45.5,13.0,11.0,8.0,15.0,1436.7,1549.1
2023-03-11,2022,Ein Frankfurt,Stuttgart,1,1,D,U,1.84,3.81,4.19,1.0,5.0,3.0,2.0,12,3.0,0.0,0.0,3.0,8.0,3.0,5.0,0.0,6.0,-6.0,8.0,-3.0,11.0,3.0,0.0,3.0,0.0,0.0,0.0,63.6,27.3,0.0,63.6,13.0,11.0,17.0,18.0,1580.5,1443.9
2023-03-11,2022,Bayern Munich,Augsburg,5,3,H,O,1.13,9.53,17.4,9.0,6.0,8.0,5.0,12,2.0,0.0,0.0,3.0,7.0,2.0,5.0,1.0,8.0,-7.0,6.0,-6.0,12.0,2.0,0.0,2.0,0.0,3.0,-3.0,63.6,0.0,27.3,63.6,28.0,9.0,23.0,25.0,1756.2,1471.1
2023-03-10,2022,FC Koln,Bochum,0,2,A,U,1.76,3.78,4.73,5.0,3.0,10.0,1.0,12,1.0,0.0,1.0,3.0,3.0,2.0,1.0,2.0,11.0,-9.0,1.0,-9.0,10.0,1.0,0.0,1.0,1.0,3.0,-2.0,45.5,27.3,8.3,91.7,9.0,7.0,18.0,5.0,1515.6,1448.0
2023-03-05,2022,Wolfsburg,Ein Frankfurt,2,2,D,O,2.46,3.51,2.82,8.0,2.0,4.0,5.0,11,1.0,0.0,2.0,2.0,8.0,2.0,6.0,7.0,6.0,1.0,1.0,-4.0,5.0,1.0,0.0,1.0,2.0,1.0,1.0,40.0,30.0,36.4,27.3,18.0,6.0,9.0,21.0,1561.5,1581.0
2023-03-05,2022,Leverkusen,Hertha,4,1,H,O,1.55,4.38,5.81,9.0,2.0,9.0,2.0,12,1.0,0.0,2.0,3.0,4.0,2.0,2.0,5.0,10.0,-5.0,-1.0,-8.0,7.0,1.0,0.0,1.0,1.0,3.0,-2.0,36.4,45.5,10.0,80.0,18.0,13.0,15.0,11.0,1581.4,1442.9
2023-03-04,2022,Union Berlin,FC Koln,0,0,D,U,1.93,3.38,4.35,2.0,4.0,5.0,4.0,11,2.0,0.0,0.0,1.0,5.0,1.0,4.0,2.0,4.0,-2.0,3.0,-3.0,6.0,1.0,0.0,1.0,0.0,1.0,-1.0,70.0,0.0,9.1,45.5,14.0,5.0,20.0,17.0,1627.9,1512.3
2023-03-04,2022,Stuttgart,Bayern Munich,1,2,A,O,6.53,5.03,1.45,4.0,6.0,3.0,6.0,12,1.0,1.0,1.0,1.0,4.0,7.0,-3.0,3.0,6.0,-3.0,1.0,1.0,0.0,1.0,1.0,0.0,1.0,0.0,1.0,36.4,36.4,54.5,18.2,16.0,10.0,14.0,6.0,1446.8,1753.3
2023-03-04,2022,Mainz,Hoffenheim,1,0,H,U,1.93,3.77,3.84,6.0,4.0,11.0,3.0,12,3.0,0.0,0.0,3.0,12.0,3.0,9.0,3.0,9.0,-6.0,9.0,-6.0,15.0,3.0,0.0,3.0,0.0,2.0,-2.0,36.4,27.3,20.0,60.0,22.0,11.0,10.0,11.0,1541.4,1459.5
2023-03-04,2022,M'gladbach,Freiburg,0,0,D,U,2.47,3.55,2.8,4.0,3.0,6.0,5.0,12,1.0,1.0,1.0,2.0,5.0,3.0,2.0,5.0,11.0,-6.0,0.0,-8.0,8.0,0.0,1.0,-1.0,0.0,2.0,-2.0,63.6,27.3,45.5,36.4,19.0,9.0,15.0,10.0,1531.4,1607.0
2023-03-04,2022,Bochum,Schalke 04,0,2,A,U,2.39,3.45,2.97,4.0,5.0,4.0,4.0,11,2.0,0.0,1.0,1.0,8.0,0.0,8.0,5.0,3.0,2.0,3.0,-3.0,6.0,2.0,0.0,2.0,1.0,1.0,0.0,50.0,40.0,0.0,60.0,20.0,11.0,12.0,13.0,1460.2,1382.3
2023-03-04,2022,Augsburg,Werder Bremen,2,1,H,O,2.34,3.58,2.97,5.0,8.0,3.0,7.0,12,3.0,1.0,0.0,2.0,3.0,3.0,0.0,0.0,9.0,-9.0,3.0,-6.0,9.0,0.0,1.0,-1.0,0.0,2.0,-2.0,36.4,45.5,40.0,40.0,12.0,6.0,11.0,8.0,1460.7,1474.3
2023-03-03,2022,Dortmund,RB Leipzig,2,1,H,O,2.22,3.68,3.14,3.0,6.0,4.0,6.0,11,3.0,2.0,0.0,0.0,13.0,9.0,4.0,5.0,1.0,4.0,8.0,8.0,0.0,2.0,2.0,0.0,0.0,0.0,0.0,80.0,10.0,36.4,27.3,23.0,21.0,24.0,12.0,1684.0,1661.1
2023-02-26,2022,Freiburg,Leverkusen,1,1,D,U,2.2,3.59,3.22,4.0,4.0,1.0,3.0,11,2.0,2.0,0.0,1.0,6.0,6.0,0.0,3.0,4.0,-1.0,3.0,2.0,1.0,1.0,1.0,0.0,0.0,0.0,0.0,70.0,10.0,40.0,50.0,19.0,14.0,11.0,12.0,1607.7,1580.6
2023-02-26,2022,Bayern Munich,Union Berlin,3,0,H,O,1.33,5.51,9.21,10.0,1.0,10.0,4.0,11,1.0,3.0,0.0,0.0,5.0,6.0,-1.0,2.0,2.0,0.0,3.0,4.0,-1.0,1.0,1.0,0.0,0.0,0.0,0.0,60.0,0.0,54.5,36.4,25.0,13.0,22.0,13.0,1746.4,1634.8
2023-02-25,2022,Werder Bremen,Bochum,3,0,H,O,2.02,3.71,3.6,6.0,2.0,2.0,0.0,12,1.0,0.0,2.0,3.0,3.0,2.0,1.0,5.0,10.0,-5.0,-2.0,-8.0,6.0,0.0,0.0,0.0,1.0,3.0,-2.0,36.4,54.5,9.1,90.9,11.0,7.0,10.0,9.0,1464.2,1470.3
2023-02-25,2022,Schalke 04,Stuttgart,2,1,H,O,2.99,3.37,2.43,6.0,5.0,6.0,9.0,12,0.0,0.0,1.0,2.0,1.0,4.0,-3.0,6.0,6.0,0.0,-5.0,-2.0,-3.0,0.0,0.0,0.0,1.0,0.0,1.0,18.2,54.5,0.0,60.0,8.0,10.0,17.0,13.0,1369.8,1459.3
2023-02-25,2022,RB Leipzig,Ein Frankfurt,2,1,H,O,1.71,4.12,4.66,5.0,4.0,2.0,6.0,11,1.0,0.0,1.0,1.0,4.0,2.0,2.0,4.0,5.0,-1.0,0.0,-3.0,3.0,0.0,0.0,0.0,0.0,1.0,-1.0,70.0,10.0,40.0,20.0,8.0,4.0,9.0,18.0,1652.9,1589.2
2023-02-25,2022,Hoffenheim,Dortmund,0,1,A,U,4.15,4.22,1.77,4.0,11.0,12.0,11.0,12,0.0,3.0,2.0,0.0,4.0,6.0,-2.0,9.0,1.0,8.0,-5.0,5.0,-10.0,0.0,2.0,-2.0,2.0,0.0,2.0,27.3,54.5,54.5,45.5,16.0,17.0,15.0,14.0,1463.9,1679.5
2023-02-25,2022,Hertha,Augsburg,2,0,H,U,2.15,3.63,3.3,3.0,2.0,1.0,6.0,12,1.0,0.0,2.0,3.0,4.0,5.0,-1.0,8.0,10.0,-2.0,-4.0,-5.0,1.0,1.0,0.0,1.0,2.0,2.0,0.0,27.3,36.4,30.0,60.0,12.0,11.0,13.0,22.0,1431.8,1471.8
2023-02-25,2022,FC Koln,Wolfsburg,0,2,A,U,2.38,3.49,2.97,5.0,4.0,10.0,2.0,11,2.0,1.0,0.0,1.0,10.0,6.0,4.0,1.0,2.0,-1.0,9.0,4.0,5.0,2.0,1.0,1.0,0.0,0.0,0.0,50.0,20.0,36.4,36.4,11.0,12.0,10.0,13.0,1521.5,1552.4
2023-02-24,2022,Mainz,M'gladbach,4,0,H,O,2.15,3.67,3.3,8.0,2.0,3.0,3.0,11,2.0,1.0,1.0,2.0,9.0,5.0,4.0,5.0,6.0,-1.0,4.0,-1.0,5.0,2.0,1.0,1.0,0.0,1.0,-1.0,30.0,30.0,10.0,50.0,18.0,10.0,9.0,11.0,1531.1,1541.7
2023-02-19,2022,Union Berlin,Schalke 04,0,0,D,U,1.6,3.89,6.21,4.0,2.0,6.0,4.0,10,2.0,0.0,0.0,2.0,7.0,1.0,6.0,4.0,5.0,-1.0,3.0,-4.0,7.0,1.0,0.0,1.0,0.0,1.0,-1.0,77.8,0.0,0.0,66.7,16.0,12.0,20.0,12.0,1641.5,1363.1
2023-02-19,2022,Leverkusen,Mainz,2,3,A,O,1.83,3.92,4.13,7.0,7.0,4.0,5.0,11,2.0,0.0,1.0,2.0,4.0,2.0,2.0,2.0,4.0,-2.0,2.0,-2.0,4.0,2.0,0.0,2.0,1.0,0.0,1.0,40.0,40.0,40.0,50.0,14.0,5.0,15.0,16.0,1592.7,1519.0
2023-02-19,2022,Dortmund,Hertha,4,1,H,O,1.33,5.66,8.49,5.0,8.0,3.0,4.0,10,3.0,0.0,0.0,3.0,12.0,2.0,10.0,4.0,8.0,-4.0,8.0,-6.0,14.0,2.0,0.0,2.0,0.0,2.0,-2.0,77.8,11.1,11.1,77.8,21.0,9.0,23.0,12.0,1675.5,1435.8
2023-02-18,2022,Wolfsburg,RB Leipzig,0,3,A,O,3.26,3.6,2.18,2.0,5.0,2.0,5.0,10,2.0,2.0,1.0,0.0,10.0,8.0,2.0,4.0,2.0,2.0,6.0,6.0,0.0,2.0,1.0,1.0,1.0,0.0,1.0,44.4,22.2,30.0,30.0,24.0,19.0,13.0,11.0,1560.0,1645.3
2023-02-18,2022,Stuttgart,FC Koln,3,0,H,O,2.43,3.47,2.92,7.0,4.0,3.0,6.0,11,1.0,0.0,1.0,1.0,3.0,1.0,2.0,4.0,3.0,1.0,-1.0,-2.0,1.0,0.0,0.0,0.0,1.0,1.0,0.0,30.0,40.0,10.0,40.0,16.0,3.0,19.0,16.0,1446.8,1533.9
2023-02-18,2022,M'gladbach,Bayern Munich,3,2,H,O,6.97,5.69,1.39,7.0,4.0,4.0,0.0,11,1.0,2.0,1.0,0.0,6.0,7.0,-1.0,5.0,3.0,2.0,1.0,4.0,-3.0,1.0,2.0,-1.0,0.0,0.0,0.0,60.0,30.0,60.0,10.0,18.0,12.0,13.0,11.0,1525.8,1762.3
2023-02-18,2022,Ein Frankfurt,Werder Bremen,2,0,H,U,1.61,4.39,5.09,6.0,0.0,5.0,2.0,11,3.0,1.0,0.0,2.0,10.0,4.0,6.0,2.0,13.0,-11.0,8.0,-9.0,17.0,3.0,1.0,2.0,0.0,2.0,-2.0,60.0,30.0,44.4,33.3,15.0,7.0,16.0,10.0,1582.3,1471.1
2023-02-18,2022,Bochum,Freiburg,0,2,A,U,3.09,3.52,2.29,6.0,5.0,5.0,5.0,10,3.0,0.0,0.0,3.0,10.0,2.0,8.0,4.0,14.0,-10.0,6.0,-12.0,18.0,2.0,0.0,2.0,0.0,3.0,-3.0,55.6,33.3,40.0,40.0,18.0,6.0,13.0,7.0,1476.9,1601.2
2023-02-17,2022,Augsburg,Hoffenheim,1,0,H,U,2.67,3.58,2.58,3.0,2.0,6.0,1.0,11,2.0,0.0,1.0,3.0,2.0,5.0,-3.0,1.0,12.0,-11.0,1.0,-7.0,8.0,0.0,0.0,0.0,0.0,3.0,-3.0,30.0,50.0,22.2,55.6,14.0,12.0,11.0,15.0,1461.5,1474.3
2023-02-12,2022,Hertha,M'gladbach,4,1,H,O,2.82,3.59,2.44,7.0,3.0,4.0,6.0,11,1.0,1.0,2.0,2.0,2.0,5.0,-3.0,7.0,4.0,3.0,-5.0,1.0,-6.0,1.0,1.0,0.0,2.0,0.0,2.0,20.0,40.0,11.1,44.4,13.0,9.0,19.0,8.0,1422.6,1539.0
2023-02-12,2022,FC Koln,Ein Frankfurt,3,0,H,O,2.7,3.56,2.55,4.0,1.0,3.0,9.0,10,1.0,0.0,1.0,0.0,8.0,3.0,5.0,3.0,3.0,0.0,5.0,0.0,5.0,1.0,0.0,1.0,0.0,0.0,0.0,44.4,22.2,44.4,11.1,14.0,6.0,13.0,11.0,1521.9,1594.4
2023-02-11,2022,Werder Bremen,Dortmund,0,2,A,U,3.98,4.2,1.81,3.0,9.0,3.0,7.0,11,1.0,2.0,2.0,1.0,4.0,6.0,-2.0,5.0,5.0,0.0,-1.0,1.0,-2.0,0.0,1.0,-1.0,0.0,1.0,-1.0,40.0,50.0,50.0,50.0,13.0,18.0,7.0,16.0,1476.0,1670.5
2023-02-11,2022,RB Leipzig,Union Berlin,1,2,A,O,1.74,3.71,5.12,1.0,5.0,3.0,4.0,10,2.0,2.0,0.0,1.0,6.0,5.0,1.0,3.0,5.0,-2.0,3.0,0.0,3.0,1.0,1.0,0.0,0.0,1.0,-1.0,77.8,0.0,50.0,40.0,15.0,10.0,12.0,10.0,1656.0,1630.8
2023-02-11,2022,Mainz,Augsburg,3,1,H,O,1.83,3.84,4.24,7.0,3.0,4.0,12.0,10,1.0,0.0,1.0,2.0,7.0,6.0,1.0,5.0,9.0,-4.0,2.0,-3.0,5.0,1.0,0.0,1.0,0.0,1.0,-1.0,22.2,33.3,33.3,55.6,17.0,10.0,10.0,13.0,1510.2,1470.3
2023-02-11,2022,Hoffenheim,Leverkusen,1,3,A,O,2.94,3.68,2.32,6.0,5.0,5.0,8.0,11,0.0,2.0,2.0,1.0,4.0,5.0,-1.0,8.0,4.0,4.0,-4.0,1.0,-5.0,0.0,0.0,0.0,1.0,0.0,1.0,30.0,50.0,33.3,55.6,18.0,12.0,17.0,5.0,1481.4,1585.6
2023-02-11,2022,Freiburg,Stuttgart,2,1,H,O,1.84,3.72,4.3,5.0,3.0,4.0,3.0,10,2.0,0.0,0.0,2.0,8.0,3.0,5.0,3.0,6.0,-3.0,5.0,-3.0,8.0,2.0,0.0,2.0,0.0,1.0,-1.0,66.7,11.1,0.0,55.6,19.0,8.0,9.0,12.0,1595.1,1453.0
2023-02-11,2022,Bayern Munich,Bochum,3,0,H,O,1.13,9.68,17.97,12.0,1.0,6.0,3.0,10,1.0,1.0,0.0,2.0,8.0,3.0,5.0,3.0,7.0,-4.0,5.0,-4.0,9.0,1.0,0.0,1.0,0.0,2.0,-2.0,55.6,0.0,10.0,90.0,23.0,10.0,24.0,8.0,1758.9,1480.3
2023-02-10,2022,Schalke 04,Wolfsburg,0,0,D,U,3.8,3.69,1.97,5.0,2.0,9.0,3.0,11,0.0,2.0,2.0,1.0,1.0,8.0,-7.0,8.0,3.0,5.0,-7.0,5.0,-12.0,0.0,1.0,-1.0,2.0,0.0,2.0,20.0,60.0,40.0,40.0,5.0,13.0,12.0,11.0,1357.8,1565.3
2023-02-05,2022,Wolfsburg,Bayern Munich,2,4,A,O,5.05,4.61,1.59,5.0,4.0,7.0,4.0,9,3.0,2.0,0.0,0.0,12.0,6.0,6.0,0.0,3.0,-3.0,12.0,3.0,9.0,3.0,1.0,2.0,0.0,0.0,0.0,50.0,12.5,55.6,11.1,26.0,12.0,13.0,14.0,1570.5,1753.8
2023-02-05,2022,Stuttgart,Werder Bremen,0,2,A,U,2.06,3.71,3.45,5.0,4.0,8.0,4.0,10,2.0,0.0,0.0,3.0,5.0,2.0,3.0,3.0,15.0,-12.0,2.0,-13.0,15.0,0.0,0.0,0.0,0.0,3.0,-3.0,33.3,33.3,37.5,37.5,19.0,5.0,21.0,8.0,1462.9,1466.1
2023-02-04,2022,Union Berlin,Mainz,2,1,H,O,1.98,3.41,4.1,5.0,2.0,5.0,5.0,9,2.0,0.0,0.0,2.0,7.0,3.0,4.0,4.0,8.0,-4.0,3.0,-5.0,8.0,1.0,0.0,1.0,0.0,1.0,-1.0,75.0,0.0,44.4,44.4,16.0,8.0,21.0,16.0,1623.7,1517.2
2023-02-04,2022,M'gladbach,Schalke 04,0,0,D,U,1.54,4.61,5.66,4.0,5.0,9.0,5.0,10,2.0,0.0,1.0,3.0,9.0,2.0,7.0,6.0,7.0,-1.0,3.0,-5.0,8.0,2.0,0.0,2.0,0.0,1.0,-1.0,66.7,33.3,0.0,75.0,20.0,9.0,7.0,13.0,1544.0,1352.8
2023-02-04,2022,FC Koln,RB Leipzig,0,0,D,U,3.95,3.76,1.92,0.0,2.0,5.0,1.0,9,1.0,3.0,1.0,0.0,9.0,11.0,-2.0,4.0,3.0,1.0,5.0,8.0,-3.0,1.0,2.0,-1.0,0.0,0.0,0.0,50.0,25.0,33.3,33.3,17.0,25.0,13.0,13.0,1518.0,1659.9
2023-02-04,2022,Ein Frankfurt,Hertha,3,0,H,O,1.49,4.62,6.45,4.0,3.0,7.0,1.0,10,2.0,0.0,1.0,3.0,8.0,2.0,6.0,4.0,6.0,-2.0,4.0,-4.0,8.0,2.0,0.0,2.0,0.0,1.0,-1.0,55.6,33.3,12.5,75.0,19.0,7.0,13.0,16.0,1588.7,1428.2
2023-02-04,2022,Dortmund,Freiburg,5,1,H,O,1.68,4.17,4.83,8.0,3.0,14.0,0.0,9,3.0,1.0,0.0,2.0,12.0,3.0,9.0,3.0,9.0,-6.0,9.0,-6.0,15.0,2.0,1.0,1.0,0.0,2.0,-2.0,75.0,12.5,44.4,33.3,23.0,12.0,18.0,15.0,1662.2,1603.4
2023-02-04,2022,Bochum,Hoffenheim,5,2,H,O,2.77,3.59,2.5,11.0,4.0,6.0,6.0,9,3.0,0.0,0.0,2.0,7.0,4.0,3.0,3.0,8.0,-5.0,4.0,-4.0,8.0,1.0,0.0,1.0,0.0,2.0,-2.0,50.0,37.5,25.0,50.0,12.0,12.0,10.0,13.0,1469.6,1492.0
2023-02-03,2022,Augsburg,Leverkusen,1,0,H,U,4.11,3.92,1.84,5.0,4.0,2.0,1.0,10,1.0,2.0,2.0,1.0,2.0,5.0,-3.0,3.0,5.0,-2.0,-1.0,0.0,-1.0,0.0,0.0,0.0,0.0,1.0,-1.0,22.2,55.6,37.5,50.0,14.0,9.0,12.0,7.0,1456.4,1599.5
2023-01-29,2022,Schalke 04,FC Koln,0,0,D,U,3.73,3.73,1.98,2.0,0.0,7.0,7.0,10,1.0,0.0,2.0,2.0,2.0,1.0,1.0,8.0,5.0,3.0,-6.0,-4.0,-2.0,0.0,0.0,0.0,2.0,2.0,0.0,22.2,66.7,11.1,44.4,7.0,5.0,6.0,12.0,1348.1,1522.6
2023-01-29,2022,Leverkusen,Dortmund,0,2,A,U,2.44,3.81,2.71,7.0,2.0,8.0,4.0,10,3.0,1.0,0.0,2.0,9.0,4.0,5.0,0.0,7.0,-7.0,9.0,-3.0,12.0,3.0,0.0,3.0,0.0,2.0,-2.0,44.4,33.3,44.4,55.6,15.0,22.0,8.0,21.0,1608.2,1653.5
2023-01-28,2022,Werder Bremen,Wolfsburg,2,1,H,O,3.26,3.65,2.17,5.0,3.0,2.0,6.0,10,1.0,3.0,2.0,0.0,4.0,10.0,-6.0,5.0,1.0,4.0,-1.0,9.0,-10.0,0.0,2.0,-2.0,0.0,0.0,0.0,33.3,55.6,44.4,33.3,13.0,13.0,8.0,9.0,1452.5,1584.1
2023-01-28,2022,Mainz,Bochum,5,2,H,O,1.71,3.99,4.82,7.0,4.0,3.0,2.0,9,0.0,1.0,2.0,2.0,2.0,1.0,1.0,6.0,5.0,1.0,-4.0,-4.0,0.0,0.0,0.0,0.0,1.0,2.0,-1.0,12.5,37.5,11.1,88.9,13.0,7.0,16.0,11.0,1508.0,1478.8
2023-01-28,2022,Hoffenheim,M'gladbach,1,4,A,O,2.05,3.93,3.33,5.0,5.0,4.0,3.0,10,0.0,0.0,2.0,3.0,4.0,2.0,2.0,7.0,5.0,2.0,-3.0,-3.0,0.0,0.0,0.0,0.0,1.0,0.0,1.0,33.3,44.4,0.0,50.0,16.0,7.0,19.0,10.0,1501.1,1535.0
2023-01-28,2022,Hertha,Union Berlin,0,2,A,U,3.59,3.3,2.18,3.0,3.0,3.0,2.0,10,1.0,1.0,2.0,2.0,4.0,3.0,1.0,8.0,10.0,-2.0,-4.0,-7.0,3.0,1.0,0.0,1.0,1.0,2.0,-1.0,22.2,33.3,44.4,44.4,15.0,8.0,18.0,13.0,1433.4,1618.6
2023-01-28,2022,Freiburg,Augsburg,3,1,H,O,1.51,4.52,6.25,9.0,4.0,3.0,7.0,9,2.0,0.0,0.0,2.0,7.0,6.0,1.0,2.0,8.0,-6.0,5.0,-2.0,7.0,2.0,0.0,2.0,0.0,0.0,0.0,62.5,12.5,37.5,50.0,15.0,12.0,11.0,9.0,1597.1,1462.8
2023-01-28,2022,Bayern Munich,Ein Frankfurt,1,1,D,U,1.33,6.14,7.93,6.0,1.0,7.0,6.0,9,2.0,1.0,0.0,0.0,13.0,4.0,9.0,4.0,3.0,1.0,9.0,1.0,8.0,2.0,0.0,2.0,0.0,0.0,0.0,62.5,0.0,50.0,12.5,29.0,12.0,25.0,11.0,1758.4,1584.1
2023-01-27,2022,RB Leipzig,Stuttgart,2,1,H,O,1.34,5.44,9.28,4.0,3.0,3.0,6.0,9,2.0,0.0,0.0,2.0,6.0,3.0,3.0,2.0,7.0,-5.0,4.0,-4.0,8.0,2.0,0.0,2.0,0.0,2.0,-2.0,75.0,0.0,0.0,50.0,17.0,9.0,12.0,11.0,1654.8,1468.0
2023-01-25,2022,Werder Bremen,Union Berlin,1,2,A,O,2.84,3.28,2.59,3.0,5.0,5.0,7.0,9,2.0,0.0,1.0,3.0,4.0,2.0,2.0,3.0,11.0,-8.0,1.0,-9.0,10.0,0.0,0.0,0.0,0.0,2.0,-2.0,37.5,50.0,37.5,50.0,14.0,6.0,7.0,13.0,1458.3,1612.8
2023-01-25,2022,Mainz,Dortmund,1,2,A,O,2.91,3.69,2.34,4.0,6.0,2.0,3.0,8,1.0,1.0,1.0,2.0,6.0,4.0,2.0,4.0,7.0,-3.0,2.0,-3.0,5.0,1.0,0.0,1.0,1.0,2.0,-1.0,14.3,28.6,37.5,62.5,16.0,18.0,19.0,21.0,1514.4,1647.2
2023-01-25,2022,Leverkusen,Bochum,2,0,H,U,1.44,4.87,7.06,4.0,2.0,3.0,4.0,9,2.0,1.0,0.0,2.0,9.0,1.0,8.0,2.0,7.0,-5.0,7.0,-6.0,13.0,2.0,0.0,2.0,0.0,2.0,-2.0,37.5,37.5,12.5,87.5,16.0,8.0,8.0,9.0,1601.4,1485.6
2023-01-25,2022,Freiburg,Ein Frankfurt,1,1,D,U,2.55,3.52,2.74,5.0,2.0,4.0,3.0,8,3.0,2.0,0.0,0.0,8.0,6.0,2.0,1.0,3.0,-2.0,7.0,3.0,4.0,3.0,1.0,2.0,0.0,0.0,0.0,71.4,14.3,57.1,14.3,17.0,15.0,13.0,10.0,1597.5,1583.7
2023-01-25,2022,Augsburg,M'gladbach,1,0,H,U,3.04,3.56,2.31,4.0,2.0,3.0,2.0,9,0.0,0.0,2.0,2.0,4.0,4.0,0.0,6.0,6.0,0.0,-2.0,-2.0,0.0,0.0,0.0,0.0,0.0,0.0,0.0,12.5,62.5,0.0,42.9,13.0,10.0,12.0,14.0,1450.0,1547.7
2023-01-24,2022,Schalke 04,RB Leipzig,1,6,A,O,5.74,4.37,1.57,1.0,14.0,1.0,6.0,9,1.0,2.0,2.0,0.0,1.0,8.0,-7.0,4.0,5.0,-1.0,-3.0,3.0,-6.0,0.0,1.0,-1.0,2.0,0.0,2.0,25.0,62.5,25.0,37.5,9.0,19.0,9.0,13.0,1351.1,1651.8
2023-01-24,2022,Hoffenheim,Stuttgart,2,2,D,O,2.15,3.62,3.33,5.0,4.0,6.0,4.0,9,0.0,0.0,3.0,3.0,2.0,1.0,1.0,7.0,10.0,-3.0,-5.0,-9.0,4.0,0.0,0.0,0.0,2.0,3.0,-1.0,37.5,50.0,0.0,57.1,14.0,6.0,20.0,9.0,1502.1,1467.0
2023-01-24,2022,Hertha,Wolfsburg,0,5,A,O,3.05,3.45,2.36,2.0,7.0,6.0,4.0,9,2.0,2.0,1.0,0.0,6.0,7.0,-1.0,4.0,3.0,1.0,2.0,4.0,-2.0,1.0,1.0,0.0,0.0,0.0,0.0,25.0,25.0,37.5,37.5,17.0,9.0,17.0,8.0,1439.6,1577.9
2023-01-24,2022,Bayern Munich,FC Koln,1,1,D,U,1.22,7.4,11.61,7.0,1.0,9.0,4.0,8,3.0,0.0,0.0,3.0,17.0,0.0,17.0,3.0,9.0,-6.0,14.0,-9.0,23.0,3.0,0.0,3.0,0.0,3.0,-3.0,71.4,0.0,12.5,50.0,30.0,6.0,21.0,12.0,1764.5,1516.5
2023-01-22,2022,M'gladbach,Leverkusen,2,3,A,O,2.71,3.87,2.4,8.0,5.0,2.0,3.0,9,2.0,1.0,1.0,2.0,8.0,3.0,5.0,6.0,8.0,-2.0,2.0,-5.0,7.0,2.0,0.0,2.0,1.0,2.0,-1.0,75.0,25.0,28.6,57.1,15.0,6.0,8.0,5.0,1556.7,1592.5
2023-01-22,2022,Dortmund,Augsburg,4,3,H,O,1.32,5.87,8.48,10.0,4.0,7.0,3.0,8,2.0,0.0,0.0,2.0,10.0,5.0,5.0,2.0,7.0,-5.0,8.0,-2.0,10.0,2.0,0.0,2.0,0.0,0.0,0.0,71.4,14.3,42.9,42.9,19.0,11.0,18.0,9.0,1642.1,1455.1
2023-01-21,2022,Wolfsburg,Freiburg,6,0,H,O,2.54,3.44,2.8,11.0,1.0,0.0,5.0,8,2.0,1.0,0.0,2.0,8.0,3.0,5.0,2.0,8.0,-6.0,6.0,-5.0,11.0,2.0,1.0,1.0,0.0,2.0,-2.0,42.9,14.3,50.0,25.0,19.0,11.0,20.0,15.0,1566.7,1608.7
2023-01-21,2022,Union Berlin,Hoffenheim,3,1,H,O,2.24,3.42,3.28,5.0,5.0,9.0,4.0,8,2.0,1.0,0.0,1.0,6.0,6.0,0.0,3.0,5.0,-2.0,3.0,1.0,2.0,1.0,1.0,0.0,0.0,1.0,-1.0,71.4,0.0,28.6,42.9,16.0,14.0,17.0,14.0,1605.5,1509.4
2023-01-21,2022,Stuttgart,Mainz,1,1,D,U,2.41,3.54,2.9,4.0,2.0,3.0,5.0,9,3.0,1.0,0.0,2.0,8.0,4.0,4.0,3.0,7.0,-4.0,5.0,-3.0,8.0,1.0,1.0,0.0,0.0,1.0,-1.0,37.5,37.5,50.0,50.0,22.0,11.0,21.0,14.0,1465.5,1515.8
2023-01-21,2022,FC Koln,Werder Bremen,7,1,H,O,2.23,3.79,3.03,7.0,2.0,2.0,2.0,8,1.0,1.0,1.0,2.0,5.0,3.0,2.0,5.0,9.0,-4.0,0.0,-6.0,6.0,0.0,0.0,0.0,0.0,2.0,-2.0,42.9,28.6,42.9,28.6,16.0,6.0,16.0,9.0,1507.7,1467.1
2023-01-21,2022,Ein Frankfurt,Schalke 04,3,0,H,O,1.38,5.27,7.97,3.0,4.0,5.0,4.0,9,2.0,0.0,1.0,3.0,10.0,2.0,8.0,5.0,8.0,-3.0,5.0,-6.0,11.0,2.0,0.0,2.0,0.0,1.0,-1.0,50.0,37.5,0.0,71.4,27.0,6.0,15.0,12.0,1579.4,1355.5
2023-01-21,2022,Bochum,Hertha,3,1,H,O,2.39,3.55,2.91,3.0,2.0,1.0,6.0,8,3.0,0.0,0.0,3.0,7.0,3.0,4.0,2.0,6.0,-4.0,5.0,-3.0,8.0,1.0,0.0,1.0,0.0,0.0,0.0,42.9,42.9,14.3,71.4,15.0,10.0,18.0,14.0,1476.3,1448.8
2023-01-20,2022,RB Leipzig,Bayern Munich,1,1,D,U,3.82,4.13,1.87,3.0,2.0,3.0,2.0,8,3.0,3.0,0.0,0.0,8.0,7.0,1.0,3.0,2.0,1.0,5.0,5.0,0.0,2.0,2.0,0.0,0.0,0.0,0.0,85.7,0.0,62.5,12.5,19.0,20.0,17.0,17.0,1648.5,1767.8
2022-11-13,2022,Mainz,Ein Frankfurt,1,1,D,U,2.78,3.61,2.46,6.0,3.0,5.0,2.0,7,1.0,2.0,1.0,1.0,6.0,5.0,1.0,4.0,5.0,-1.0,2.0,0.0,2.0,1.0,1.0,0.0,1.0,1.0,0.0,16.7,33.3,66.7,16.7,13.0,14.0,18.0,12.0,1513.9,1581.3
2022-11-13,2022,Freiburg,Union Berlin,4,1,H,O,2.04,3.31,4.02,5.0,2.0,2.0,1.0,7,3.0,1.0,0.0,2.0,6.0,2.0,4.0,1.0,7.0,-6.0,5.0,-5.0,10.0,2.0,0.0,2.0,0.0,1.0,-1.0,66.7,16.7,42.9,42.9,18.0,8.0,16.0,17.0,1598.1,1616.0
2022-11-12,2022,Werder Bremen,RB Leipzig,1,2,A,O,3.64,4.02,1.93,5.0,3.0,0.0,4.0,8,2.0,1.0,1.0,0.0,3.0,7.0,-4.0,3.0,5.0,-2.0,0.0,2.0,-2.0,0.0,1.0,-1.0,1.0,0.0,1.0,42.9,42.9,14.3,42.9,13.0,19.0,10.0,11.0,1472.6,1643.1
2022-11-12,2022,Schalke 04,Bayern Munich,0,2,A,U,15.62,8.42,1.16,2.0,6.0,4.0,5.0,8,1.0,2.0,2.0,0.0,1.0,7.0,-6.0,5.0,4.0,1.0,-4.0,3.0,-7.0,0.0,1.0,-1.0,2.0,0.0,2.0,28.6,57.1,57.1,14.3,9.0,17.0,9.0,16.0,1357.2,1766.1
2022-11-12,2022,Leverkusen,Stuttgart,2,0,H,U,1.72,4.14,4.54,3.0,1.0,4.0,2.0,8,2.0,0.0,0.0,3.0,11.0,3.0,8.0,2.0,11.0,-9.0,9.0,-8.0,17.0,2.0,0.0,2.0,0.0,2.0,-2.0,28.6,42.9,0.0,50.0,20.0,12.0,7.0,12.0,1585.6,1472.4
2022-11-12,2022,Hoffenheim,Wolfsburg,1,2,A,O,2.23,3.71,3.09,8.0,3.0,7.0,1.0,8,0.0,1.0,3.0,0.0,2.0,6.0,-4.0,7.0,3.0,4.0,-5.0,3.0,-8.0,0.0,1.0,-1.0,2.0,0.0,2.0,42.9,42.9,28.6,42.9,12.0,13.0,16.0,12.0,1518.2,1557.8
2022-11-12,2022,Hertha,FC Koln,2,0,H,U,2.25,3.64,3.09,8.0,2.0,10.0,5.0,8,1.0,0.0,1.0,3.0,6.0,2.0,4.0,6.0,12.0,-6.0,0.0,-10.0,10.0,0.0,0.0,0.0,0.0,3.0,-3.0,14.3,28.6,14.3,42.9,12.0,7.0,11.0,11.0,1436.4,1520.0
2022-11-12,2022,Augsburg,Bochum,0,1,A,U,2.18,3.55,3.25,5.0,4.0,6.0,2.0,8,0.0,0.0,1.0,3.0,5.0,1.0,4.0,6.0,11.0,-5.0,-1.0,-10.0,9.0,0.0,0.0,0.0,0.0,3.0,-3.0,14.3,57.1,0.0,100.0,13.0,8.0,17.0,10.0,1465.1,1466.4
2022-11-11,2022,M'gladbach,Dortmund,4,2,H,O,3.24,3.82,2.14,6.0,10.0,2.0,9.0,8,2.0,1.0,1.0,2.0,9.0,2.0,7.0,6.0,5.0,1.0,3.0,-3.0,6.0,2.0,0.0,2.0,1.0,2.0,-1.0,71.4,28.6,42.9,57.1,15.0,14.0,13.0,20.0,1543.6,1655.2
2022-11-09,2022,Union Berlin,Augsburg,2,2,D,O,1.56,4.18,6.2,6.0,2.0,6.0,3.0,7,3.0,1.0,0.0,2.0,6.0,6.0,0.0,1.0,7.0,-6.0,5.0,-1.0,6.0,2.0,0.0,2.0,0.0,0.0,0.0,83.3,0.0,50.0,50.0,14.0,14.0,15.0,10.0,1620.3,1460.8
2022-11-09,2022,Schalke 04,Mainz,1,0,H,U,3.42,3.72,2.08,4.0,1.0,1.0,6.0,7,0.0,1.0,3.0,2.0,2.0,5.0,-3.0,8.0,8.0,0.0,-6.0,-3.0,-3.0,0.0,1.0,-1.0,2.0,1.0,1.0,16.7,66.7,57.1,42.9,10.0,17.0,16.0,13.0,1342.3,1528.8
2022-11-09,2022,RB Leipzig,Freiburg,3,1,H,O,1.76,4.06,4.37,8.0,2.0,6.0,2.0,7,3.0,1.0,0.0,1.0,9.0,4.0,5.0,2.0,7.0,-5.0,7.0,-3.0,10.0,2.0,1.0,1.0,0.0,1.0,-1.0,83.3,0.0,57.1,14.3,20.0,13.0,18.0,15.0,1633.8,1607.4
2022-11-09,2022,FC Koln,Leverkusen,1,2,A,O,3.13,3.64,2.23,7.0,3.0,6.0,1.0,7,2.0,0.0,0.0,3.0,7.0,1.0,6.0,5.0,11.0,-6.0,2.0,-10.0,12.0,0.0,0.0,0.0,0.0,3.0,-3.0,50.0,16.7,16.7,66.7,25.0,8.0,17.0,6.0,1528.6,1577.0
2022-11-09,2022,Ein Frankfurt,Hoffenheim,4,2,H,O,1.93,3.85,3.78,8.0,3.0,4.0,5.0,8,2.0,1.0,1.0,0.0,8.0,5.0,3.0,3.0,2.0,1.0,5.0,3.0,2.0,2.0,1.0,1.0,0.0,0.0,0.0,42.9,42.9,33.3,33.3,23.0,15.0,15.0,15.0,1572.6,1526.9
2022-11-08,2022,Wolfsburg,Dortmund,2,0,H,U,3.11,3.58,2.26,8.0,6.0,6.0,9.0,7,2.0,1.0,0.0,2.0,9.0,4.0,5.0,4.0,6.0,-2.0,5.0,-2.0,7.0,1.0,0.0,1.0,0.0,1.0,-1.0,33.3,16.7,50.0,50.0,18.0,21.0,22.0,22.0,1544.4,1668.6
2022-11-08,2022,Stuttgart,Hertha,2,1,H,O,1.96,3.71,3.8,7.0,4.0,8.0,5.0,8,2.0,0.0,1.0,2.0,6.0,3.0,3.0,3.0,5.0,-2.0,3.0,-2.0,5.0,1.0,0.0,1.0,0.0,0.0,0.0,28.6,42.9,16.7,66.7,18.0,8.0,15.0,12.0,1462.9,1445.9
2022-11-08,2022,Bochum,M'gladbach,2,1,H,O,3.25,3.6,2.2,4.0,2.0,6.0,3.0,7,2.0,0.0,0.0,2.0,6.0,4.0,2.0,2.0,9.0,-7.0,4.0,-5.0,9.0,1.0,0.0,1.0,0.0,1.0,-1.0,33.3,50.0,0.0,33.3,11.0,17.0,16.0,16.0,1453.5,1556.5
2022-11-08,2022,Bayern Munich,Werder Bremen,6,1,H,O,1.15,8.88,16.29,10.0,1.0,8.0,4.0,7,3.0,1.0,0.0,1.0,15.0,3.0,12.0,2.0,4.0,-2.0,13.0,-1.0,14.0,3.0,0.0,3.0,0.0,1.0,-1.0,66.7,0.0,50.0,16.7,30.0,12.0,19.0,11.0,1762.9,1475.8
2022-11-06,2022,Leverkusen,Union Berlin,5,0,H,O,2.15,3.48,3.43,8.0,1.0,1.0,5.0,7,1.0,1.0,0.0,2.0,7.0,2.0,5.0,3.0,4.0,-1.0,4.0,-2.0,6.0,1.0,0.0,1.0,0.0,1.0,-1.0,16.7,50.0,50.0,33.3,19.0,12.0,15.0,19.0,1565.1,1632.2
2022-11-06,2022,Freiburg,FC Koln,2,0,H,U,1.71,4.0,4.79,5.0,2.0,5.0,3.0,6,2.0,0.0,0.0,2.0,4.0,3.0,1.0,1.0,11.0,-10.0,3.0,-8.0,11.0,1.0,0.0,1.0,0.0,2.0,-2.0,60.0,20.0,16.7,33.3,21.0,8.0,18.0,16.0,1599.2,1536.9
2022-11-05,2022,Werder Bremen,Schalke 04,2,1,H,O,1.64,4.35,4.91,5.0,3.0,3.0,3.0,7,2.0,0.0,1.0,3.0,6.0,1.0,5.0,3.0,7.0,-4.0,3.0,-6.0,9.0,1.0,0.0,1.0,1.0,1.0,0.0,33.3,50.0,0.0,66.7,17.0,3.0,11.0,11.0,1469.1,1349.0
2022-11-05,2022,Mainz,Wolfsburg,0,3,A,O,2.05,3.64,3.57,3.0,3.0,9.0,4.0,6,1.0,0.0,0.0,1.0,7.0,3.0,4.0,2.0,5.0,-3.0,5.0,-2.0,7.0,1.0,0.0,1.0,0.0,1.0,-1.0,20.0,20.0,16.7,50.0,12.0,10.0,13.0,9.0,1539.0,1534.3
2022-11-05,2022,Hoffenheim,RB Leipzig,1,3,A,O,2.98,3.67,2.3,3.0,8.0,6.0,3.0,7,0.0,0.0,2.0,1.0,1.0,4.0,-3.0,4.0,7.0,-3.0,-3.0,-3.0,0.0,0.0,0.0,0.0,1.0,1.0,0.0,50.0,33.3,0.0,50.0,12.0,17.0,15.0,11.0,1534.3,1626.4
2022-11-05,2022,Hertha,Bayern Munich,2,3,A,O,10.21,6.56,1.26,5.0,4.0,2.0,7.0,7,1.0,1.0,0.0,1.0,5.0,4.0,1.0,4.0,3.0,1.0,1.0,1.0,0.0,0.0,1.0,-1.0,0.0,0.0,0.0,16.7,16.7,50.0,16.7,12.0,20.0,11.0,17.0,1448.8,1760.0
2022-11-05,2022,Dortmund,Bochum,3,0,H,O,1.24,6.56,11.75,3.0,1.0,2.0,5.0,7,2.0,0.0,0.0,3.0,8.0,1.0,7.0,2.0,12.0,-10.0,6.0,-11.0,17.0,1.0,0.0,1.0,0.0,3.0,-3.0,66.7,16.7,0.0,100.0,23.0,8.0,27.0,7.0,1663.9,1458.2
2022-11-05,2022,Augsburg,Ein Frankfurt,1,2,A,O,4.4,4.1,1.75,5.0,7.0,3.0,6.0,7,1.0,2.0,0.0,1.0,5.0,6.0,-1.0,4.0,5.0,-1.0,1.0,1.0,0.0,0.0,2.0,-2.0,0.0,1.0,-1.0,16.7,50.0,60.0,20.0,12.0,15.0,16.0,10.0,1468.0,1565.3
2022-11-04,2022,M'gladbach,Stuttgart,3,1,H,O,2.21,3.76,3.1,6.0,4.0,3.0,5.0,7,2.0,0.0,1.0,2.0,9.0,4.0,5.0,5.0,10.0,-5.0,4.0,-6.0,10.0,2.0,0.0,2.0,1.0,1.0,0.0,66.7,33.3,0.0,40.0,19.0,11.0,18.0,7.0,1548.7,1470.6
2022-10-30,2022,Union Berlin,M'gladbach,2,1,H,O,2.07,3.48,3.67,5.0,3.0,6.0,5.0,6,2.0,0.0,0.0,1.0,5.0,3.0,2.0,1.0,7.0,-6.0,4.0,-4.0,8.0,2.0,0.0,2.0,0.0,1.0,-1.0,80.0,0.0,0.0,20.0,12.0,19.0,14.0,17.0,1624.1,1556.8
2022-10-30,2022,Schalke 04,Freiburg,0,2,A,U,3.94,3.73,1.91,3.0,9.0,4.0,8.0,6,1.0,0.0,2.0,1.0,5.0,2.0,3.0,7.0,7.0,0.0,-2.0,-5.0,3.0,1.0,0.0,1.0,1.0,1.0,0.0,20.0,60.0,50.0,16.7,15.0,8.0,15.0,10.0,1352.9,1595.2
2022-10-30,2022,FC Koln,Hoffenheim,1,1,D,U,2.88,3.58,2.4,3.0,4.0,5.0,4.0,6,2.0,1.0,1.0,1.0,6.0,4.0,2.0,5.0,2.0,3.0,1.0,2.0,-1.0,0.0,1.0,-1.0,0.0,0.0,0.0,60.0,20.0,40.0,40.0,24.0,13.0,19.0,19.0,1536.9,1534.3
2022-10-29,2022,Wolfsburg,Bochum,4,0,H,O,1.69,4.11,4.76,7.0,3.0,7.0,2.0,6,1.0,0.0,1.0,3.0,7.0,2.0,5.0,8.0,11.0,-3.0,-1.0,-9.0,8.0,0.0,0.0,0.0,1.0,3.0,-2.0,20.0,20.0,0.0,100.0,14.0,7.0,20.0,13.0,1526.0,1466.5
2022-10-29,2022,Stuttgart,Augsburg,2,1,H,O,1.82,3.88,4.25,8.0,6.0,10.0,3.0,7,1.0,2.0,2.0,1.0,5.0,6.0,-1.0,5.0,5.0,0.0,0.0,1.0,-1.0,1.0,0.0,1.0,1.0,0.0,1.0,16.7,50.0,60.0,40.0,12.0,13.0,12.0,14.0,1460.1,1478.6
2022-10-29,2022,RB Leipzig,Leverkusen,2,0,H,U,1.81,4.02,4.16,6.0,1.0,3.0,3.0,6,3.0,0.0,0.0,2.0,10.0,3.0,7.0,2.0,11.0,-9.0,8.0,-8.0,16.0,2.0,0.0,2.0,0.0,2.0,-2.0,80.0,0.0,20.0,60.0,19.0,12.0,20.0,8.0,1617.7,1573.8
2022-10-29,2022,Ein Frankfurt,Dortmund,1,2,A,O,2.81,3.67,2.4,8.0,2.0,4.0,3.0,7,2.0,0.0,1.0,3.0,7.0,2.0,5.0,2.0,8.0,-6.0,5.0,-6.0,11.0,2.0,0.0,2.0,0.0,2.0,-2.0,50.0,33.3,40.0,60.0,15.0,19.0,21.0,27.0,1573.0,1656.3
2022-10-29,2022,Bayern Munich,Mainz,6,2,H,O,1.25,6.74,10.46,12.0,5.0,8.0,5.0,6,2.0,1.0,0.0,2.0,11.0,4.0,7.0,2.0,6.0,-4.0,9.0,-2.0,11.0,2.0,1.0,1.0,0.0,1.0,-1.0,60.0,0.0,66.7,33.3,25.0,14.0,14.0,13.0,1755.5,1543.5
2022-10-28,2022,Werder Bremen,Hertha,1,0,H,U,2.05,3.83,3.4,4.0,1.0,4.0,5.0,6,1.0,1.0,2.0,1.0,5.0,5.0,0.0,4.0,4.0,0.0,1.0,1.0,0.0,1.0,1.0,0.0,1.0,0.0,1.0,20.0,60.0,20.0,60.0,19.0,13.0,10.0,8.0,1459.1,1458.8
2022-10-23,2022,Hertha,Schalke 04,2,1,H,O,1.76,3.89,4.59,4.0,2.0,5.0,6.0,6,0.0,0.0,0.0,2.0,5.0,1.0,4.0,5.0,6.0,-1.0,0.0,-5.0,5.0,0.0,0.0,0.0,0.0,1.0,-1.0,0.0,20.0,0.0,60.0,14.0,5.0,9.0,12.0,1451.3,1360.4
2022-10-23,2022,Bochum,Union Berlin,2,1,H,O,4.27,3.47,1.93,5.0,3.0,3.0,7.0,6,1.0,2.0,1.0,1.0,4.0,2.0,2.0,3.0,2.0,1.0,1.0,0.0,1.0,1.0,0.0,1.0,1.0,1.0,0.0,20.0,60.0,60.0,20.0,12.0,12.0,20.0,20.0,1451.6,1639.0
2022-10-22,2022,M'gladbach,Ein Frankfurt,1,3,A,O,2.34,3.78,2.87,3.0,5.0,3.0,2.0,6,2.0,2.0,1.0,1.0,8.0,7.0,1.0,3.0,7.0,-4.0,5.0,0.0,5.0,2.0,1.0,1.0,0.0,1.0,-1.0,80.0,20.0,50.0,25.0,19.0,17.0,19.0,15.0,1566.9,1562.8
2022-10-22,2022,Leverkusen,Wolfsburg,2,2,D,O,1.72,4.23,4.5,5.0,3.0,3.0,3.0,6,1.0,1.0,1.0,1.0,7.0,2.0,5.0,4.0,3.0,1.0,3.0,-1.0,4.0,1.0,0.0,1.0,0.0,1.0,-1.0,20.0,60.0,20.0,60.0,20.0,10.0,20.0,11.0,1575.3,1524.5
2022-10-22,2022,Hoffenheim,Bayern Munich,0,2,A,U,5.77,4.97,1.5,3.0,10.0,7.0,5.0,6,1.0,0.0,1.0,1.0,5.0,3.0,2.0,3.0,4.0,-1.0,2.0,-1.0,3.0,1.0,0.0,1.0,0.0,0.0,0.0,60.0,20.0,40.0,20.0,18.0,16.0,15.0,19.0,1538.8,1750.9
2022-10-22,2022,Freiburg,Werder Bremen,2,0,H,U,1.93,3.81,3.84,7.0,2.0,6.0,2.0,5,2.0,2.0,0.0,0.0,3.0,5.0,-2.0,1.0,2.0,-1.0,2.0,3.0,-1.0,0.0,1.0,-1.0,0.0,0.0,0.0,50.0,25.0,60.0,0.0,26.0,16.0,14.0,12.0,1588.6,1465.7
2022-10-22,2022,Dortmund,Stuttgart,5,0,H,O,1.55,4.48,5.84,10.0,1.0,9.0,2.0,6,2.0,0.0,0.0,1.0,4.0,4.0,0.0,2.0,5.0,-3.0,2.0,-1.0,3.0,0.0,0.0,0.0,0.0,0.0,0.0,60.0,20.0,0.0,25.0,18.0,15.0,23.0,13.0,1651.2,1465.2
2022-10-22,2022,Augsburg,RB Leipzig,3,3,D,O,5.45,4.43,1.58,3.0,8.0,3.0,6.0,6,1.0,0.0,1.0,2.0,2.0,1.0,1.0,3.0,8.0,-5.0,-1.0,-7.0,6.0,0.0,0.0,0.0,1.0,2.0,-1.0,20.0,60.0,0.0,60.0,11.0,9.0,18.0,8.0,1474.6,1621.7
2022-10-21,2022,Mainz,FC Koln,5,0,H,O,2.18,3.53,3.36,7.0,2.0,5.0,4.0,5,0.0,1.0,1.0,1.0,2.0,7.0,-5.0,5.0,8.0,-3.0,-3.0,-1.0,-2.0,0.0,1.0,-1.0,1.0,1.0,0.0,0.0,25.0,20.0,20.0,8.0,11.0,11.0,16.0,1533.1,1547.3
2022-10-16,2022,Union Berlin,Dortmund,2,0,H,U,2.98,3.48,2.39,5.0,6.0,5.0,8.0,5,2.0,1.0,0.0,2.0,5.0,3.0,2.0,2.0,6.0,-4.0,3.0,-3.0,6.0,1.0,0.0,1.0,0.0,1.0,-1.0,75.0,0.0,50.0,50.0,11.0,20.0,10.0,29.0,1628.1,1662.2
2022-10-16,2022,FC Koln,Augsburg,3,2,H,O,1.69,4.17,4.72,6.0,3.0,5.0,3.0,5,1.0,2.0,1.0,1.0,3.0,4.0,-1.0,3.0,3.0,0.0,0.0,1.0,-1.0,0.0,0.0,0.0,0.0,0.0,0.0,50.0,25.0,75.0,25.0,20.0,11.0,20.0,17.0,1538.9,1483.0
2022-10-16,2022,Bayern Munich,Freiburg,5,0,H,O,1.27,6.32,10.47,8.0,0.0,5.0,5.0,5,1.0,1.0,0.0,0.0,7.0,5.0,2.0,3.0,4.0,-1.0,4.0,1.0,3.0,1.0,0.0,1.0,0.0,0.0,0.0,50.0,0.0,60.0,0.0,37.0,11.0,23.0,9.0,1745.0,1594.5
2022-10-15,2022,Wolfsburg,M'gladbach,2,2,D,O,2.64,3.62,2.6,4.0,5.0,7.0,6.0,5,1.0,0.0,1.0,1.0,5.0,2.0,3.0,6.0,6.0,0.0,-1.0,-4.0,3.0,0.0,0.0,0.0,1.0,1.0,0.0,25.0,25.0,0.0,25.0,16.0,17.0,25.0,12.0,1523.2,1568.2
2022-10-15,2022,Werder Bremen,Mainz,0,2,A,U,2.36,3.6,2.94,4.0,5.0,3.0,3.0,5,1.0,1.0,2.0,2.0,8.0,3.0,5.0,6.0,6.0,0.0,2.0,-3.0,5.0,1.0,0.0,1.0,0.0,1.0,-1.0,25.0,50.0,60.0,40.0,19.0,14.0,12.0,18.0,1474.3,1524.5
2022-10-15,2022,Stuttgart,Bochum,4,1,H,O,1.65,4.04,5.24,7.0,4.0,3.0,3.0,6,0.0,0.0,2.0,3.0,2.0,1.0,1.0,5.0,8.0,-3.0,-3.0,-7.0,4.0,0.0,0.0,0.0,1.0,2.0,-1.0,0.0,60.0,0.0,100.0,8.0,8.0,14.0,15.0,1455.0,1461.8
2022-10-15,2022,RB Leipzig,Hertha,3,2,H,O,1.41,5.02,7.36,5.0,5.0,8.0,4.0,5,3.0,1.0,0.0,1.0,9.0,3.0,6.0,0.0,2.0,-2.0,9.0,1.0,8.0,3.0,1.0,2.0,0.0,0.0,0.0,75.0,0.0,25.0,50.0,21.0,13.0,20.0,9.0,1615.9,1457.1
2022-10-15,2022,Ein Frankfurt,Leverkusen,5,1,H,O,2.75,3.64,2.48,11.0,2.0,7.0,1.0,6,2.0,1.0,1.0,1.0,6.0,5.0,1.0,1.0,6.0,-5.0,5.0,-1.0,6.0,2.0,1.0,1.0,0.0,1.0,-1.0,40.0,40.0,25.0,50.0,13.0,15.0,18.0,11.0,1551.8,1586.3
2022-10-14,2022,Schalke 04,Hoffenheim,0,3,A,O,3.66,3.77,1.99,2.0,7.0,4.0,5.0,5,1.0,1.0,2.0,1.0,6.0,4.0,2.0,10.0,2.0,8.0,-4.0,2.0,-6.0,1.0,1.0,0.0,1.0,0.0,1.0,25.0,50.0,25.0,50.0,17.0,11.0,19.0,15.0,1365.9,1533.3
2022-10-09,2022,Stuttgart,Union Berlin,0,1,A,U,2.61,3.23,2.87,3.0,4.0,2.0,5.0,5,0.0,2.0,2.0,1.0,2.0,7.0,-5.0,5.0,3.0,2.0,-3.0,4.0,-7.0,0.0,1.0,-1.0,1.0,1.0,0.0,0.0,50.0,50.0,25.0,10.0,15.0,15.0,17.0,1460.7,1622.4
2022-10-09,2022,M'gladbach,FC Koln,5,2,H,O,2.0,3.89,3.51,6.0,3.0,7.0,4.0,5,2.0,1.0,1.0,0.0,4.0,6.0,-2.0,1.0,4.0,-3.0,3.0,2.0,1.0,1.0,1.0,0.0,0.0,0.0,0.0,75.0,25.0,25.0,0.0,19.0,10.0,17.0,21.0,1558.4,1548.7
2022-10-09,2022,Hertha,Freiburg,2,2,D,O,3.06,3.47,2.34,3.0,4.0,4.0,2.0,5,0.0,2.0,1.0,0.0,3.0,4.0,-1.0,4.0,2.0,2.0,-1.0,2.0,-3.0,0.0,0.0,0.0,0.0,0.0,0.0,0.0,25.0,75.0,0.0,14.0,10.0,11.0,8.0,1453.1,1598.5
2022-10-08,2022,Mainz,RB Leipzig,1,1,D,U,3.03,3.58,2.32,3.0,3.0,4.0,2.0,4,0.0,0.0,1.0,3.0,1.0,1.0,0.0,4.0,9.0,-5.0,-3.0,-8.0,5.0,0.0,0.0,0.0,1.0,2.0,-1.0,0.0,33.3,0.0,75.0,10.0,8.0,11.0,19.0,1521.8,1618.6
2022-10-08,2022,Leverkusen,Schalke 04,4,0,H,O,1.46,4.91,6.53,7.0,1.0,3.0,3.0,5,0.0,0.0,2.0,1.0,3.0,1.0,2.0,7.0,2.0,5.0,-4.0,-1.0,-3.0,0.0,0.0,0.0,1.0,0.0,1.0,0.0,75.0,0.0,50.0,16.0,6.0,20.0,13.0,1581.7,1370.5
2022-10-08,2022,Dortmund,Bayern Munich,2,2,D,O,4.41,4.7,1.66,6.0,3.0,7.0,4.0,5,2.0,1.0,1.0,1.0,4.0,8.0,-4.0,3.0,2.0,1.0,1.0,6.0,-5.0,0.0,1.0,-1.0,0.0,0.0,0.0,75.0,25.0,50.0,25.0,15.0,25.0,19.0,20.0,1659.7,1747.5
2022-10-08,2022,Bochum,Ein Frankfurt,3,0,H,O,3.87,3.89,1.9,6.0,2.0,9.0,4.0,5,0.0,2.0,2.0,0.0,1.0,8.0,-7.0,10.0,5.0,5.0,-9.0,3.0,-12.0,0.0,1.0,-1.0,2.0,0.0,2.0,0.0,75.0,66.7,0.0,13.0,16.0,16.0,16.0,1448.5,1565.1
2022-10-08,2022,Augsburg,Wolfsburg,1,1,D,U,2.96,3.42,2.43,5.0,7.0,11.0,5.0,5,1.0,1.0,2.0,2.0,2.0,1.0,1.0,4.0,4.0,0.0,-2.0,-3.0,1.0,0.0,0.0,0.0,1.0,2.0,-1.0,25.0,75.0,25.0,75.0,8.0,7.0,10.0,10.0,1481.7,1524.5
2022-10-07,2022,Hoffenheim,Werder Bremen,1,2,A,O,2.03,3.91,3.42,6.0,3.0,3.0,3.0,5,2.0,2.0,0.0,0.0,5.0,6.0,-1.0,1.0,3.0,-2.0,4.0,3.0,1.0,1.0,1.0,0.0,0.0,0.0,0.0,75.0,0.0,50.0,0.0,18.0,20.0,16.0,14.0,1545.7,1461.9
2022-10-02,2022,Schalke 04,Augsburg,2,3,A,O,1.98,3.66,3.76,5.0,5.0,8.0,4.0,4,1.0,2.0,1.0,1.0,6.0,3.0,3.0,9.0,2.0,7.0,-3.0,1.0,-4.0,1.0,0.0,1.0,1.0,0.0,1.0,33.3,33.3,66.7,33.3,17.0,10.0,13.0,16.0,1377.8,1474.5
2022-10-02,2022,Hertha,Hoffenheim,1,1,D,U,2.82,3.73,2.37,5.0,4.0,2.0,6.0,4,0.0,1.0,1.0,2.0,3.0,4.0,-1.0,4.0,4.0,0.0,-1.0,0.0,-1.0,0.0,1.0,-1.0,0.0,1.0,-1.0,0.0,33.3,33.3,66.7,14.0,8.0,13.0,11.0,1450.4,1548.4
2022-10-01,2022,Wolfsburg,Stuttgart,3,2,H,O,2.38,3.47,2.99,7.0,7.0,8.0,5.0,4,0.0,0.0,1.0,0.0,4.0,4.0,0.0,6.0,4.0,2.0,-2.0,0.0,-2.0,0.0,0.0,0.0,1.0,0.0,1.0,0.0,33.3,0.0,0.0,12.0,15.0,19.0,13.0,1515.8,1469.4
2022-10-01,2022,Werder Bremen,M'gladbach,5,1,H,O,2.58,3.76,2.56,9.0,9.0,4.0,5.0,4,0.0,0.0,2.0,0.0,5.0,3.0,2.0,7.0,3.0,4.0,-2.0,0.0,-2.0,0.0,0.0,0.0,0.0,0.0,0.0,0.0,66.7,0.0,0.0,13.0,17.0,10.0,14.0,1448.5,1571.8
2022-10-01,2022,RB Leipzig,Bochum,4,0,H,O,1.24,6.62,11.29,9.0,1.0,7.0,2.0,4,2.0,0.0,0.0,3.0,7.0,3.0,4.0,2.0,7.0,-5.0,5.0,-4.0,9.0,2.0,0.0,2.0,0.0,1.0,-1.0,66.7,0.0,0.0,100.0,17.0,12.0,15.0,15.0,1612.9,1454.3
2022-10-01,2022,Freiburg,Mainz,2,1,H,O,2.1,3.57,3.48,6.0,7.0,5.0,5.0,4,1.0,2.0,1.0,1.0,2.0,4.0,-2.0,3.0,5.0,-2.0,-1.0,-1.0,0.0,0.0,0.0,0.0,1.0,1.0,0.0,33.3,33.3,75.0,25.0,27.0,14.0,18.0,16.0,1590.2,1530.1
2022-10-01,2022,FC Koln,Dortmund,3,2,H,O,3.28,3.84,2.09,16.0,13.0,7.0,11.0,4,1.0,2.0,1.0,1.0,3.0,4.0,-1.0,2.0,4.0,-2.0,1.0,0.0,1.0,1.0,1.0,0.0,0.0,1.0,-1.0,33.3,33.3,66.7,33.3,14.0,14.0,22.0,20.0,1534.9,1673.5
2022-10-01,2022,Ein Frankfurt,Union Berlin,2,0,H,U,2.27,3.44,3.21,4.0,5.0,4.0,7.0,5,1.0,2.0,1.0,0.0,5.0,7.0,-2.0,2.0,1.0,1.0,3.0,6.0,-3.0,1.0,1.0,0.0,0.0,0.0,0.0,25.0,50.0,66.7,0.0,12.0,12.0,19.0,14.0,1552.8,1634.7
2022-09-30,2022,Bayern Munich,Leverkusen,4,0,H,O,1.37,5.79,7.18,10.0,5.0,6.0,2.0,4,1.0,1.0,0.0,1.0,5.0,5.0,0.0,3.0,3.0,0.0,2.0,2.0,0.0,1.0,1.0,0.0,0.0,0.0,0.0,33.3,0.0,33.3,33.3,35.0,13.0,25.0,12.0,1741.6,1587.5
2022-09-18,2022,Union Berlin,Wolfsburg,2,0,H,U,2.02,3.52,3.79,4.0,0.0,4.0,1.0,4,2.0,1.0,0.0,2.0,6.0,1.0,5.0,3.0,4.0,-1.0,3.0,-3.0,6.0,1.0,0.0,1.0,0.0,2.0,-2.0,66.7,0.0,33.3,66.7,15.0,8.0,11.0,13.0,1627.7,1522.9
2022-09-18,2022,Hoffenheim,Freiburg,0,0,D,U,2.17,3.75,3.14,3.0,4.0,5.0,3.0,4,3.0,3.0,0.0,0.0,8.0,8.0,0.0,3.0,2.0,1.0,5.0,6.0,-1.0,1.0,1.0,0.0,0.0,0.0,0.0,100.0,0.0,100.0,0.0,28.0,13.0,19.0,13.0,1547.1,1591.4
2022-09-18,2022,Bochum,FC Koln,1,1,D,U,3.08,3.67,2.25,0.0,3.0,4.0,8.0,4,0.0,1.0,3.0,0.0,1.0,7.0,-6.0,11.0,5.0,6.0,-10.0,2.0,-12.0,0.0,1.0,-1.0,2.0,0.0,2.0,0.0,100.0,33.3,0.0,16.0,10.0,15.0,20.0,1451.8,1537.3
2022-09-17,2022,Stuttgart,Ein Frankfurt,1,3,A,O,2.33,3.58,2.99,2.0,8.0,7.0,4.0,4,0.0,,1.0,,2.0,,,3.0,,,-1.0,,,0.0,,,0.0,,,0.0,33.3,50.0,0.0,10.0,,9.0,,1477.4,1544.7
2022-09-17,2022,M'gladbach,RB Leipzig,3,0,H,O,3.05,3.69,2.26,10.0,6.0,8.0,3.0,4,2.0,0.0,1.0,2.0,4.0,2.0,2.0,2.0,7.0,-5.0,2.0,-5.0,7.0,1.0,0.0,1.0,0.0,1.0,-1.0,66.7,33.3,0.0,66.7,17.0,11.0,13.0,25.0,1560.0,1624.8
2022-09-17,2022,Leverkusen,Werder Bremen,1,1,D,U,1.65,4.45,4.74,7.0,7.0,9.0,6.0,4,0.0,2.0,3.0,0.0,3.0,7.0,-4.0,8.0,4.0,4.0,-5.0,3.0,-8.0,0.0,1.0,-1.0,1.0,0.0,1.0,0.0,100.0,66.7,0.0,19.0,18.0,18.0,13.0,1591.5,1444.5
2022-09-17,2022,Dortmund,Schalke 04,1,0,H,U,1.39,5.39,7.41,7.0,0.0,11.0,2.0,4,2.0,0.0,1.0,1.0,4.0,2.0,2.0,3.0,4.0,-1.0,1.0,-2.0,3.0,0.0,0.0,0.0,0.0,1.0,-1.0,66.7,33.3,0.0,33.3,12.0,8.0,11.0,12.0,1670.3,1381.0
2022-09-17,2022,Augsburg,Bayern Munich,1,0,H,U,15.37,8.69,1.16,4.0,7.0,2.0,8.0,4,0.0,2.0,3.0,0.0,1.0,14.0,-13.0,8.0,2.0,6.0,-7.0,12.0,-19.0,0.0,2.0,-2.0,2.0,0.0,2.0,0.0,100.0,66.7,0.0,6.0,28.0,13.0,18.0,1457.5,1758.6
2022-09-16,2022,Mainz,Hertha,1,1,D,U,1.76,3.98,4.49,2.0,2.0,4.0,3.0,3,,1.0,,2.0,,3.0,,,4.0,,,-1.0,,,1.0,,,1.0,,0.0,50.0,33.3,66.7,,14.0,,10.0,1532.5,1448.0
2022-09-11,2022,Freiburg,M'gladbach,0,0,D,U,2.05,3.71,3.51,8.0,5.0,7.0,6.0,3,,,,,,,,,,,,,,,,,,,,50.0,50.0,0.0,0.0,,,,,1592.4,1559.0
2022-09-11,2022,FC Koln,Union Berlin,0,1,A,U,2.45,3.45,2.9,2.0,3.0,7.0,8.0,3,,,,,,,,,,,,,,,,,,,,50.0,0.0,50.0,0.0,,,,,1545.2,1619.8
2022-09-10,2022,Schalke 04,Bochum,3,1,H,O,2.04,3.67,3.56,8.0,2.0,3.0,8.0,3,,,,,,,,,,,,,,,,,,,,0.0,50.0,0.0,100.0,,,,,1368.2,1464.5
2022-09-10,2022,RB Leipzig,Dortmund,3,0,H,O,2.37,3.84,2.79,5.0,0.0,5.0,8.0,3,,,,,,,,,,,,,,,,,,,,50.0,0.0,100.0,0.0,,,,,1612.8,1682.3
2022-09-10,2022,Hoffenheim,Mainz,4,1,H,O,2.3,3.61,3.01,9.0,2.0,7.0,5.0,3,,3.0,,0.0,,5.0,,,2.0,,,3.0,,,0.0,,,0.0,,100.0,0.0,100.0,0.0,,18.0,,16.0,1537.0,1542.7
2022-09-10,2022,Hertha,Leverkusen,2,2,D,O,3.64,4.0,1.93,6.0,5.0,3.0,5.0,3,,,,,,,,,,,,,,,,,,,,0.0,50.0,50.0,50.0,,,,,1443.9,1595.6
2022-09-10,2022,Ein Frankfurt,Wolfsburg,0,1,A,U,2.04,3.63,3.6,0.0,3.0,10.0,5.0,4,1.0,,1.0,,6.0,,,7.0,,,-1.0,,,1.0,,,1.0,,,33.3,33.3,0.0,100.0,14.0,,14.0,,1555.9,1511.6
2022-09-10,2022,Bayern Munich,Stuttgart,2,2,D,O,1.16,8.66,16.09,7.0,3.0,3.0,0.0,3,,,,,,,,,,,,,,,,,,,,50.0,0.0,0.0,0.0,,,,,1765.6,1470.5
2022-09-09,2022,Werder Bremen,Augsburg,0,1,A,U,1.54,4.58,5.7,6.0,5.0,3.0,7.0,3,,,,,,,,,,,,,,,,,,,,0.0,50.0,50.0,50.0,,,,,1454.7,1447.2
2022-09-04,2022,M'gladbach,Mainz,0,1,A,U,2.23,3.7,3.08,3.0,5.0,4.0,8.0,3,,,,,,,,,,,,,,,,,,,,100.0,0.0,100.0,0.0,,,,,1570.1,1531.6
2022-09-04,2022,Augsburg,Hertha,0,2,A,U,2.54,3.37,2.84,2.0,6.0,5.0,1.0,3,,,,,,,,,,,,,,,,,,,,0.0,100.0,0.0,100.0,,,,,1458.0,1433.2
2022-09-03,2022,Wolfsburg,FC Koln,2,4,A,O,2.12,3.52,3.49,3.0,5.0,5.0,4.0,3,,,,,,,,,,,,,,,,,,,,0.0,0.0,0.0,0.0,,,,,1521.2,1535.6
2022-09-03,2022,Union Berlin,Bayern Munich,1,1,D,U,7.43,5.54,1.38,3.0,6.0,5.0,7.0,3,,,,,,,,,,,,,,,,,,,,100.0,0.0,100.0,0.0,,,,,1615.6,1769.7
2022-09-03,2022,Stuttgart,Schalke 04,1,1,D,U,1.78,4.01,4.32,3.0,4.0,5.0,7.0,3,,,,,,,,,,,,,,,,,,,,0.0,50.0,0.0,50.0,,,,,1473.6,1365.2
2022-09-03,2022,Leverkusen,Freiburg,2,3,A,O,1.92,3.88,3.81,6.0,3.0,8.0,4.0,3,,,,,,,,,,,,,,,,,,,,0.0,100.0,100.0,0.0,,,,,1606.3,1581.7
2022-09-03,2022,Ein Frankfurt,RB Leipzig,4,0,H,O,3.56,3.74,2.03,9.0,0.0,4.0,3.0,3,,,,,,,,,,,,,,,,,,,,0.0,50.0,0.0,50.0,,,,,1543.6,1625.1
2022-09-03,2022,Bochum,Werder Bremen,0,2,A,U,2.92,3.65,2.35,6.0,6.0,7.0,3.0,3,,,,,,,,,,,,,,,,,,,,0.0,100.0,50.0,0.0,,,,,1475.5,1443.8
2022-09-02,2022,Dortmund,Hoffenheim,1,0,H,U,1.66,4.54,4.59,5.0,2.0,5.0,8.0,3,,,,,,,,,,,,,,,,,,,,50.0,50.0,50.0,50.0,,,,,1675.9,1543.3
2022-08-28,2022,Werder Bremen,Ein Frankfurt,3,4,A,O,2.51,3.58,2.74,4.0,7.0,5.0,7.0,2,,,,,,,,,,,,,,,,,,,,0.0,0.0,0.0,0.0,,,,,1451.4,1536.0
2022-08-28,2022,FC Koln,Stuttgart,0,0,D,U,2.1,3.69,3.38,2.0,5.0,6.0,8.0,2,,,,,,,,,,,,,,,,,,,,100.0,0.0,0.0,0.0,,,,,1537.5,1471.7
2022-08-27,2022,Schalke 04,Union Berlin,1,6,A,O,3.08,3.44,2.34,4.0,7.0,8.0,2.0,2,,,,,,,,,,,,,,,,,,,,0.0,0.0,0.0,0.0,,,,,1369.2,1611.6
2022-08-27,2022,RB Leipzig,Wolfsburg,2,0,H,U,1.49,4.6,6.46,7.0,4.0,8.0,4.0,2,,,,,,,,,,,,,,,,,,,,0.0,0.0,0.0,100.0,,,,,1617.6,1528.7
2022-08-27,2022,Mainz,Leverkusen,0,3,A,O,2.72,3.74,2.45,3.0,5.0,3.0,4.0,2,,,,,,,,,,,,,,,,,,,,0.0,0.0,0.0,100.0,,,,,1539.9,1598.0
2022-08-27,2022,Hoffenheim,Augsburg,1,0,H,U,1.47,4.86,6.43,6.0,1.0,4.0,6.0,2,,,,,,,,,,,,,,,,,,,,100.0,0.0,100.0,0.0,,,,,1535.3,1466.0
2022-08-27,2022,Hertha,Dortmund,0,1,A,U,4.44,4.45,1.69,3.0,7.0,6.0,10.0,2,,,,,,,,,,,,,,,,,,,,0.0,0.0,100.0,0.0,,,,,1437.3,1671.8
2022-08-27,2022,Bayern Munich,M'gladbach,1,1,D,U,1.19,8.16,12.66,20.0,3.0,14.0,1.0,2,,,,,,,,,,,,,,,,,,,,100.0,0.0,0.0,0.0,,,,,1775.1,1564.7
2022-08-26,2022,Freiburg,Bochum,1,0,H,U,1.51,4.66,6.13,12.0,5.0,2.0,5.0,2,,,,,,,,,,,,,,,,,,,,0.0,100.0,0.0,100.0,,,,,1574.3,1482.9
2022-08-21,2022,Ein Frankfurt,FC Koln,1,1,D,U,2.04,3.73,3.49,3.0,2.0,5.0,9.0,2,,,,,,,,,,,,,,,,,,,,0.0,100.0,0.0,0.0,,,,,1536.0,1537.5
2022-08-21,2022,Bochum,Bayern Munich,0,7,A,O,13.38,8.0,1.19,7.0,12.0,5.0,5.0,2,,,,,,,,,,,,,,,,,,,,0.0,100.0,100.0,0.0,,,,,1486.1,1771.9
2022-08-20,2022,Wolfsburg,Schalke 04,0,0,D,U,1.85,3.86,4.1,6.0,2.0,12.0,4.0,2,,,,,,,,,,,,,,,,,,,,0.0,0.0,0.0,100.0,,,,,1533.2,1364.7
2022-08-20,2022,Union Berlin,RB Leipzig,2,1,H,O,3.54,3.56,2.1,4.0,2.0,1.0,13.0,2,,,,,,,,,,,,,,,,,,,,100.0,0.0,0.0,0.0,,,,,1600.8,1628.4
2022-08-20,2022,Stuttgart,Freiburg,0,1,A,U,2.64,3.56,2.61,5.0,3.0,3.0,1.0,2,,,,,,,,,,,,,,,,,,,,0.0,0.0,100.0,0.0,,,,,1479.2,1566.7
2022-08-20,2022,Leverkusen,Hoffenheim,0,3,A,O,1.69,4.34,4.51,3.0,5.0,3.0,1.0,2,,,,,,,,,,,,,,,,,,,,0.0,100.0,0.0,100.0,,,,,1610.5,1522.8
2022-08-20,2022,Dortmund,Werder Bremen,2,3,A,O,1.39,5.36,7.39,3.0,7.0,3.0,5.0,2,,,,,,,,,,,,,,,,,,,,100.0,0.0,0.0,0.0,,,,,1688.0,1435.2
2022-08-20,2022,Augsburg,Mainz,1,2,A,O,3.52,3.52,2.11,2.0,7.0,3.0,3.0,2,,,,,,,,,,,,,,,,,,,,0.0,100.0,100.0,0.0,,,,,1474.4,1531.5
2022-08-19,2022,M'gladbach,Hertha,1,0,H,U,1.52,4.69,5.83,6.0,5.0,5.0,5.0,2,,,,,,,,,,,,,,,,,,,,100.0,0.0,0.0,100.0,,,,,1557.9,1444.1
2022-08-14,2022,Mainz,Union Berlin,0,0,D,U,2.26,3.25,3.42,5.0,2.0,4.0,4.0,1,,,,,,,,,,,,,,,,,,,,,,,,,,,,1529.5,1602.9
2022-08-14,2022,Bayern Munich,Wolfsburg,2,0,H,U,1.15,9.11,16.45,8.0,1.0,8.0,4.0,1,,,,,,,,,,,,,,,,,,,,,,,,,,,,1767.7,1537.4
2022-08-13,2022,Werder Bremen,Stuttgart,2,2,D,O,2.33,3.59,2.99,3.0,7.0,2.0,5.0,1,,,,,,,,,,,,,,,,,,,,,,,,,,,,1433.9,1480.6
2022-08-13,2022,Schalke 04,M'gladbach,2,2,D,O,3.12,3.75,2.21,5.0,9.0,2.0,7.0,1,,,,,,,,,,,,,,,,,,,,,,,,,,,,1359.4,1563.2
2022-08-13,2022,RB Leipzig,FC Koln,2,2,D,O,1.44,4.85,7.05,5.0,3.0,2.0,7.0,1,,,,,,,,,,,,,,,,,,,,,,,,,,,,1631.1,1534.8
2022-08-13,2022,Leverkusen,Augsburg,1,2,A,O,1.33,5.63,9.07,10.0,4.0,7.0,3.0,1,,,,,,,,,,,,,,,,,,,,,,,,,,,,1624.9,1459.9
2022-08-13,2022,Hoffenheim,Bochum,3,2,H,O,1.58,4.47,5.38,13.0,5.0,8.0,2.0,1,,,,,,,,,,,,,,,,,,,,,,,,,,,,1513.3,1495.6
2022-08-13,2022,Hertha,Ein Frankfurt,1,1,D,U,3.05,3.52,2.32,5.0,1.0,4.0,5.0,1,,,,,,,,,,,,,,,,,,,,,,,,,,,,1441.4,1538.7
2022-08-12,2022,Freiburg,Dortmund,1,3,A,O,3.06,3.74,2.25,7.0,7.0,9.0,2.0,1,,,,,,,,,,,,,,,,,,,,,,,,,,,,1573.7,1681.0
2022-08-07,2022,Stuttgart,RB Leipzig,1,1,D,U,4.35,3.92,1.79,2.0,9.0,1.0,9.0,1,,,,,,,,,,,,,,,,,,,,,,,,,,,,1476.3,1635.4
2022-08-07,2022,FC Koln,Schalke 04,3,1,H,O,1.73,4.14,4.48,10.0,2.0,9.0,1.0,1,,,,,,,,,,,,,,,,,,,,,,,,,,,,1529.2,1365.0
2022-08-06,2022,Wolfsburg,Werder Bremen,2,2,D,O,1.88,3.74,4.06,3.0,5.0,2.0,5.0,1,,,,,,,,,,,,,,,,,,,,,,,,,,,,1540.4,1430.8
2022-08-06,2022,Union Berlin,Hertha,3,1,H,O,1.77,3.73,4.7,8.0,3.0,5.0,4.0,1,,,,,,,,,,,,,,,,,,,,,,,,,,,,1597.0,1447.3
2022-08-06,2022,M'gladbach,Hoffenheim,3,1,H,O,2.14,4.04,3.05,8.0,1.0,4.0,2.0,1,,,,,,,,,,,,,,,,,,,,,,,,,,,,1554.1,1522.4
2022-08-06,2022,Dortmund,Leverkusen,1,0,H,U,2.06,4.12,3.19,4.0,3.0,3.0,3.0,1,,,,,,,,,,,,,,,,,,,,,,,,,,,,1672.1,1633.8
2022-08-06,2022,Bochum,Mainz,1,2,A,O,3.23,3.42,2.26,3.0,6.0,3.0,5.0,1,,,,,,,,,,,,,,,,,,,,,,,,,,,,1505.2,1519.9
2022-08-06,2022,Augsburg,Freiburg,0,4,A,O,3.39,3.51,2.15,2.0,7.0,5.0,8.0,1,,,,,,,,,,,,,,,,,,,,,,,,,,,,1467.2,1566.5
2022-08-05,2022,Ein Frankfurt,Bayern Munich,1,6,A,O,5.82,4.96,1.49,2.0,10.0,5.0,6.0,1,,,,,,,,,,,,,,,,,,,,,,,,,,,,1543.1,1763.3
2022-05-14,2021,Wolfsburg,Bayern Munich,2,2,D,O,4.97,5.11,1.55,2.0,10.0,2.0,12.0,17,2.0,2.0,1.0,1.0,9.0,8.0,1.0,2.0,4.0,-2.0,7.0,4.0,3.0,2.0,2.0,0.0,1.0,1.0,0.0,43.8,43.8,68.8,18.8,17.0,21.0,12.0,18.0,1534.5,1769.2
2022-05-14,2021,Union Berlin,Bochum,3,2,H,O,1.41,5.13,7.32,11.0,3.0,1.0,3.0,17,2.0,2.0,0.0,1.0,4.0,6.0,-2.0,1.0,7.0,-6.0,3.0,-1.0,4.0,1.0,0.0,1.0,0.0,1.0,-1.0,56.2,12.5,25.0,62.5,12.0,13.0,8.0,13.0,1589.1,1513.0
2022-05-14,2021,Stuttgart,FC Koln,2,1,H,O,2.22,4.07,2.9,12.0,3.0,8.0,10.0,17,1.0,2.0,1.0,1.0,4.0,7.0,-3.0,5.0,3.0,2.0,-1.0,4.0,-5.0,0.0,2.0,-2.0,1.0,0.0,1.0,31.2,43.8,31.2,31.2,16.0,15.0,19.0,16.0,1464.1,1541.4
2022-05-14,2021,Mainz,Ein Frankfurt,2,2,D,O,1.69,4.41,4.5,4.0,4.0,5.0,3.0,17,2.0,0.0,0.0,2.0,7.0,0.0,7.0,1.0,4.0,-3.0,6.0,-4.0,10.0,2.0,0.0,2.0,0.0,2.0,-2.0,62.5,12.5,37.5,37.5,13.0,7.0,18.0,9.0,1519.2,1543.8
2022-05-14,2021,M'gladbach,Hoffenheim,5,1,H,O,2.04,4.4,3.08,9.0,2.0,6.0,2.0,17,1.0,0.0,1.0,2.0,5.0,2.0,3.0,5.0,8.0,-3.0,0.0,-6.0,6.0,1.0,0.0,1.0,1.0,2.0,-1.0,43.8,31.2,31.2,50.0,18.0,4.0,11.0,14.0,1544.4,1532.1
2022-05-14,2021,Leverkusen,Freiburg,2,1,H,O,2.4,4.0,2.66,5.0,2.0,6.0,9.0,17,2.0,2.0,1.0,0.0,4.0,6.0,-2.0,2.0,4.0,-2.0,2.0,2.0,0.0,1.0,0.0,1.0,0.0,0.0,0.0,56.2,31.2,43.8,25.0,14.0,12.0,14.0,20.0,1625.2,1575.1
2022-05-14,2021,Dortmund,Hertha,2,1,H,O,1.52,4.98,5.49,3.0,1.0,3.0,1.0,17,1.0,1.0,2.0,1.0,10.0,3.0,7.0,9.0,3.0,6.0,1.0,0.0,1.0,1.0,0.0,1.0,1.0,0.0,1.0,75.0,25.0,18.8,62.5,20.0,10.0,21.0,16.0,1667.6,1451.8
2022-05-14,2021,Bielefeld,RB Leipzig,1,1,D,U,11.03,6.61,1.25,4.0,9.0,2.0,6.0,17,0.0,2.0,1.0,1.0,2.0,6.0,-4.0,5.0,4.0,1.0,-3.0,2.0,-5.0,0.0,1.0,-1.0,1.0,1.0,0.0,12.5,31.2,37.5,37.5,8.0,13.0,13.0,14.0,1437.7,1640.6
2022-05-14,2021,Augsburg,Greuther Furth,2,1,H,O,1.58,4.72,5.09,3.0,3.0,3.0,5.0,17,1.0,0.0,2.0,0.0,3.0,1.0,2.0,6.0,1.0,5.0,-3.0,0.0,-3.0,0.0,0.0,0.0,1.0,0.0,1.0,37.5,37.5,0.0,75.0,11.0,5.0,11.0,5.0,1458.1,1423.8
2022-05-08,2021,RB Leipzig,Augsburg,4,0,H,O,1.26,6.32,11.32,8.0,1.0,5.0,1.0,17,1.0,1.0,1.0,2.0,4.0,4.0,0.0,2.0,4.0,-2.0,2.0,0.0,2.0,1.0,1.0,0.0,0.0,0.0,0.0,62.5,25.0,18.8,56.2,12.0,9.0,7.0,7.0,1635.2,1463.6
2022-05-08,2021,Ein Frankfurt,M'gladbach,1,1,D,U,2.34,3.92,2.79,4.0,7.0,9.0,1.0,17,0.0,2.0,1.0,0.0,3.0,7.0,-4.0,4.0,3.0,1.0,-1.0,4.0,-5.0,0.0,2.0,-2.0,0.0,0.0,0.0,25.0,37.5,25.0,50.0,18.0,16.0,20.0,8.0,1543.8,1544.5
2022-05-08,2021,Bayern Munich,Stuttgart,2,2,D,O,1.25,6.82,10.75,8.0,5.0,7.0,4.0,17,3.0,0.0,0.0,1.0,8.0,1.0,7.0,1.0,3.0,-2.0,7.0,-2.0,9.0,2.0,0.0,2.0,0.0,1.0,-1.0,81.2,12.5,6.2,50.0,17.0,12.0,9.0,11.0,1776.4,1456.8
2022-05-07,2021,Hoffenheim,Leverkusen,2,4,A,O,3.25,4.05,2.06,5.0,8.0,6.0,7.0,17,0.0,2.0,2.0,0.0,4.0,6.0,-2.0,6.0,1.0,5.0,-2.0,5.0,-7.0,0.0,2.0,-2.0,0.0,0.0,0.0,50.0,25.0,50.0,18.8,17.0,14.0,19.0,13.0,1539.9,1617.4
2022-05-07,2021,Hertha,Mainz,1,2,A,O,2.49,3.47,2.84,1.0,6.0,3.0,8.0,17,2.0,0.0,1.0,3.0,6.0,3.0,3.0,4.0,10.0,-6.0,2.0,-7.0,9.0,2.0,0.0,2.0,1.0,1.0,0.0,37.5,43.8,12.5,75.0,11.0,12.0,7.0,15.0,1460.4,1510.6
2022-05-07,2021,Greuther Furth,Dortmund,1,3,A,O,9.0,5.93,1.31,3.0,4.0,5.0,2.0,17,0.0,1.0,2.0,1.0,1.0,4.0,-3.0,6.0,4.0,2.0,-5.0,0.0,-5.0,0.0,1.0,-1.0,2.0,1.0,1.0,18.8,50.0,50.0,31.2,6.0,10.0,10.0,11.0,1427.9,1663.5
2022-05-07,2021,Freiburg,Union Berlin,1,4,A,O,1.95,3.71,3.86,4.0,5.0,4.0,6.0,17,1.0,2.0,1.0,1.0,7.0,6.0,1.0,7.0,6.0,1.0,0.0,0.0,0.0,1.0,1.0,0.0,1.0,1.0,0.0,50.0,18.8,31.2,43.8,19.0,21.0,12.0,15.0,1585.3,1579.0
2022-05-07,2021,FC Koln,Wolfsburg,0,1,A,U,1.62,4.48,5.0,9.0,3.0,9.0,2.0,17,2.0,0.0,0.0,2.0,7.0,2.0,5.0,4.0,10.0,-6.0,3.0,-8.0,11.0,1.0,0.0,1.0,0.0,2.0,-2.0,56.2,18.8,25.0,56.2,12.0,14.0,20.0,20.0,1552.2,1523.7
2022-05-06,2021,Bochum,Bielefeld,2,1,H,O,2.19,3.59,3.27,9.0,5.0,6.0,2.0,17,0.0,0.0,2.0,3.0,0.0,1.0,-1.0,4.0,11.0,-7.0,-4.0,-10.0,6.0,0.0,0.0,0.0,2.0,3.0,-1.0,43.8,31.2,18.8,62.5,12.0,7.0,19.0,13.0,1504.7,1446.0
2022-05-02,2021,M'gladbach,RB Leipzig,3,1,H,O,4.18,4.1,1.79,6.0,7.0,3.0,8.0,16,1.0,3.0,1.0,0.0,4.0,11.0,-7.0,4.0,2.0,2.0,0.0,9.0,-9.0,1.0,2.0,-1.0,1.0,0.0,1.0,40.0,33.3,40.0,33.3,17.0,13.0,11.0,8.0,1531.2,1648.5
2022-05-02,2021,Leverkusen,Ein Frankfurt,2,0,H,U,1.42,5.12,6.88,3.0,4.0,4.0,4.0,16,1.0,1.0,2.0,1.0,2.0,4.0,-2.0,3.0,3.0,0.0,-1.0,1.0,-2.0,0.0,1.0,-1.0,0.0,1.0,-1.0,53.3,33.3,40.0,33.3,14.0,9.0,17.0,13.0,1609.0,1552.2
2022-04-30,2021,Stuttgart,Wolfsburg,1,1,D,U,2.05,3.65,3.58,5.0,5.0,7.0,9.0,16,2.0,0.0,1.0,3.0,6.0,3.0,3.0,6.0,12.0,-6.0,0.0,-9.0,9.0,0.0,0.0,0.0,1.0,2.0,-1.0,33.3,46.7,26.7,60.0,18.0,14.0,17.0,16.0,1454.8,1525.7
2022-04-30,2021,Mainz,Bayern Munich,3,1,H,O,5.58,4.79,1.53,7.0,1.0,7.0,8.0,16,1.0,2.0,1.0,0.0,4.0,8.0,-4.0,1.0,2.0,-1.0,3.0,6.0,-3.0,1.0,2.0,-1.0,0.0,0.0,0.0,60.0,13.3,73.3,13.3,7.0,28.0,16.0,18.0,1493.6,1793.4
2022-04-30,2021,Hoffenheim,Freiburg,3,4,A,O,2.48,3.55,2.8,7.0,5.0,4.0,5.0,16,0.0,1.0,1.0,0.0,2.0,3.0,-1.0,3.0,2.0,1.0,-1.0,1.0,-2.0,0.0,0.0,0.0,0.0,0.0,0.0,53.3,20.0,40.0,26.7,16.0,10.0,18.0,16.0,1549.1,1576.0
2022-04-30,2021,Dortmund,Bochum,3,4,A,O,1.36,5.4,8.01,10.0,5.0,10.0,3.0,16,2.0,1.0,1.0,2.0,8.0,3.0,5.0,5.0,6.0,-1.0,3.0,-3.0,6.0,1.0,0.0,1.0,1.0,1.0,0.0,80.0,20.0,20.0,66.7,13.0,12.0,15.0,13.0,1678.5,1489.8
2022-04-30,2021,Bielefeld,Hertha,1,1,D,U,2.65,3.27,2.79,1.0,5.0,2.0,6.0,16,0.0,1.0,2.0,2.0,1.0,2.0,-1.0,5.0,4.0,1.0,-4.0,-2.0,-2.0,0.0,0.0,0.0,1.0,1.0,0.0,13.3,33.3,20.0,66.7,8.0,8.0,17.0,16.0,1445.6,1460.8
2022-04-30,2021,Augsburg,FC Koln,1,4,A,O,2.82,3.44,2.51,5.0,8.0,5.0,7.0,16,2.0,2.0,1.0,1.0,5.0,4.0,1.0,2.0,2.0,0.0,3.0,2.0,1.0,1.0,1.0,0.0,0.0,0.0,0.0,40.0,33.3,26.7,33.3,11.0,10.0,9.0,9.0,1471.5,1544.3
2022-04-29,2021,Union Berlin,Greuther Furth,1,1,D,U,1.27,5.71,13.47,3.0,2.0,2.0,4.0,16,2.0,0.0,0.0,1.0,4.0,1.0,3.0,1.0,2.0,-1.0,3.0,-1.0,4.0,1.0,0.0,1.0,0.0,0.0,0.0,60.0,13.3,0.0,80.0,12.0,5.0,9.0,7.0,1583.3,1423.6
2022-04-24,2021,Hertha,Stuttgart,2,0,H,U,3.03,3.34,2.42,2.0,5.0,4.0,6.0,16,1.0,0.0,2.0,0.0,5.0,2.0,3.0,8.0,2.0,6.0,-3.0,0.0,-3.0,1.0,0.0,1.0,2.0,0.0,2.0,33.3,46.7,6.7,46.7,13.0,10.0,6.0,8.0,1450.4,1465.2
2022-04-24,2021,Bochum,Augsburg,0,2,A,U,2.28,3.27,3.38,3.0,4.0,10.0,4.0,16,1.0,1.0,1.0,2.0,2.0,3.0,-1.0,3.0,4.0,-1.0,-1.0,-1.0,0.0,0.0,0.0,0.0,1.0,0.0,1.0,46.7,26.7,13.3,60.0,18.0,6.0,12.0,4.0,1500.9,1460.3
2022-04-23,2021,RB Leipzig,Union Berlin,1,2,A,O,1.54,4.17,6.62,1.0,4.0,2.0,5.0,16,1.0,1.0,0.0,2.0,4.0,4.0,0.0,1.0,6.0,-5.0,3.0,-2.0,5.0,1.0,1.0,0.0,0.0,1.0,-1.0,66.7,20.0,26.7,46.7,16.0,22.0,9.0,20.0,1661.0,1570.7
2022-04-23,2021,Greuther Furth,Leverkusen,1,4,A,O,8.5,5.33,1.36,4.0,5.0,6.0,3.0,16,0.0,1.0,2.0,0.0,1.0,3.0,-2.0,8.0,1.0,7.0,-7.0,2.0,-9.0,0.0,1.0,-1.0,2.0,0.0,2.0,20.0,46.7,46.7,20.0,3.0,11.0,4.0,12.0,1429.0,1603.7
2022-04-23,2021,Freiburg,M'gladbach,3,3,D,O,1.85,3.91,4.06,8.0,4.0,8.0,0.0,16,2.0,2.0,1.0,1.0,7.0,6.0,1.0,6.0,3.0,3.0,1.0,3.0,-2.0,1.0,2.0,-1.0,1.0,0.0,1.0,53.3,20.0,26.7,53.3,19.0,15.0,11.0,10.0,1577.4,1529.8
2022-04-23,2021,FC Koln,Bielefeld,3,1,H,O,1.54,4.36,6.27,6.0,4.0,5.0,10.0,16,1.0,0.0,1.0,3.0,4.0,0.0,4.0,4.0,9.0,-5.0,0.0,-9.0,9.0,0.0,0.0,0.0,0.0,2.0,-2.0,53.3,20.0,20.0,60.0,9.0,7.0,19.0,8.0,1536.6,1453.2
2022-04-23,2021,Ein Frankfurt,Hoffenheim,2,2,D,O,2.53,3.7,2.67,7.0,4.0,9.0,7.0,16,1.0,1.0,1.0,2.0,3.0,1.0,2.0,3.0,6.0,-3.0,0.0,-5.0,5.0,0.0,0.0,0.0,0.0,2.0,-2.0,26.7,40.0,33.3,53.3,14.0,3.0,20.0,8.0,1552.3,1549.0
2022-04-23,2021,Bayern Munich,Dortmund,3,1,H,O,1.38,5.65,7.12,6.0,3.0,3.0,1.0,16,2.0,2.0,0.0,0.0,6.0,4.0,2.0,1.0,1.0,0.0,5.0,3.0,2.0,1.0,1.0,0.0,0.0,0.0,0.0,80.0,13.3,53.3,26.7,17.0,11.0,13.0,15.0,1786.2,1685.7
2022-04-22,2021,Wolfsburg,Mainz,5,0,H,O,2.35,3.4,3.14,7.0,3.0,2.0,3.0,16,2.0,0.0,1.0,2.0,5.0,4.0,1.0,2.0,6.0,-4.0,3.0,-2.0,5.0,1.0,0.0,1.0,1.0,0.0,1.0,40.0,46.7,13.3,73.3,13.0,19.0,16.0,19.0,1516.1,1503.3
2022-04-17,2021,Union Berlin,Ein Frankfurt,2,0,H,U,2.16,3.42,3.46,4.0,3.0,4.0,3.0,15,2.0,1.0,0.0,1.0,5.0,4.0,1.0,2.0,2.0,0.0,3.0,2.0,1.0,1.0,1.0,0.0,0.0,0.0,0.0,57.1,14.3,42.9,28.6,11.0,8.0,7.0,16.0,1560.7,1562.3
2022-04-17,2021,Leverkusen,RB Leipzig,0,1,A,U,2.97,3.67,2.31,4.0,1.0,7.0,1.0,15,2.0,3.0,1.0,0.0,5.0,11.0,-6.0,2.0,2.0,0.0,3.0,9.0,-6.0,1.0,2.0,-1.0,0.0,0.0,0.0,57.1,28.6,35.7,35.7,19.0,13.0,16.0,7.0,1612.5,1652.1
2022-04-17,2021,Hoffenheim,Greuther Furth,0,0,D,U,1.27,6.29,10.51,3.0,1.0,10.0,1.0,15,1.0,0.0,1.0,2.0,4.0,2.0,2.0,4.0,6.0,-2.0,0.0,-4.0,4.0,0.0,0.0,0.0,0.0,1.0,-1.0,57.1,21.4,0.0,85.7,20.0,7.0,17.0,10.0,1552.5,1425.5
2022-04-17,2021,Bielefeld,Bayern Munich,0,3,A,O,14.25,7.55,1.19,3.0,9.0,5.0,4.0,15,1.0,2.0,1.0,0.0,2.0,6.0,-4.0,2.0,2.0,0.0,0.0,4.0,-4.0,0.0,1.0,-1.0,0.0,0.0,0.0,14.3,28.6,71.4,14.3,8.0,28.0,18.0,22.0,1455.8,1783.6
2022-04-16,2021,Mainz,Stuttgart,0,0,D,U,2.01,3.56,3.78,0.0,3.0,5.0,3.0,15,2.0,0.0,1.0,1.0,7.0,3.0,4.0,3.0,4.0,-1.0,4.0,-1.0,5.0,1.0,0.0,1.0,0.0,0.0,0.0,64.3,14.3,7.1,50.0,12.0,11.0,17.0,8.0,1504.4,1464.1
2022-04-16,2021,M'gladbach,FC Koln,1,3,A,O,2.0,3.78,3.57,4.0,6.0,5.0,5.0,15,1.0,1.0,0.0,1.0,5.0,2.0,3.0,3.0,2.0,1.0,2.0,0.0,2.0,1.0,0.0,1.0,0.0,0.0,0.0,42.9,28.6,21.4,35.7,24.0,9.0,13.0,15.0,1540.3,1526.2
2022-04-16,2021,Freiburg,Bochum,3,0,H,O,1.68,4.02,5.07,8.0,2.0,3.0,4.0,15,2.0,1.0,1.0,1.0,7.0,4.0,3.0,6.0,4.0,2.0,1.0,0.0,1.0,1.0,0.0,1.0,1.0,0.0,1.0,50.0,21.4,21.4,64.3,16.0,15.0,14.0,9.0,1569.1,1509.2
2022-04-16,2021,Dortmund,Wolfsburg,6,1,H,O,1.53,4.5,5.99,8.0,4.0,4.0,6.0,15,2.0,0.0,1.0,2.0,8.0,4.0,4.0,4.0,8.0,-4.0,4.0,-4.0,8.0,1.0,0.0,1.0,1.0,1.0,0.0,78.6,21.4,28.6,57.1,15.0,13.0,16.0,14.0,1679.9,1521.9
2022-04-16,2021,Augsburg,Hertha,0,1,A,U,1.93,3.61,4.03,2.0,1.0,1.0,7.0,15,2.0,0.0,0.0,3.0,6.0,1.0,5.0,2.0,7.0,-5.0,4.0,-6.0,10.0,1.0,0.0,1.0,0.0,2.0,-2.0,42.9,28.6,14.3,71.4,12.0,9.0,13.0,15.0,1471.3,1439.5
2022-04-10,2021,RB Leipzig,Hoffenheim,3,0,H,O,1.5,4.79,5.99,4.0,0.0,2.0,1.0,15,1.0,2.0,0.0,1.0,4.0,3.0,1.0,2.0,4.0,-2.0,2.0,-1.0,3.0,1.0,0.0,1.0,0.0,1.0,-1.0,64.3,21.4,35.7,50.0,16.0,7.0,12.0,9.0,1644.5,1560.1
2022-04-10,2021,Ein Frankfurt,Freiburg,1,2,A,O,2.46,3.39,2.93,5.0,4.0,2.0,4.0,15,1.0,1.0,1.0,0.0,2.0,3.0,-1.0,2.0,2.0,0.0,0.0,1.0,-1.0,0.0,0.0,0.0,0.0,0.0,0.0,28.6,35.7,35.7,28.6,11.0,11.0,20.0,16.0,1572.7,1558.7
2022-04-10,2021,Bochum,Leverkusen,0,0,D,U,4.11,4.08,1.81,2.0,2.0,2.0,3.0,15,1.0,1.0,2.0,1.0,2.0,5.0,-3.0,4.0,4.0,0.0,-2.0,1.0,-3.0,0.0,1.0,-1.0,1.0,0.0,1.0,50.0,28.6,50.0,21.4,18.0,15.0,15.0,11.0,1506.2,1615.6
2022-04-09,2021,Wolfsburg,Bielefeld,4,0,H,O,1.67,3.88,5.3,6.0,3.0,3.0,2.0,15,1.0,0.0,2.0,3.0,2.0,0.0,2.0,4.0,8.0,-4.0,-2.0,-8.0,6.0,0.0,0.0,0.0,1.0,2.0,-1.0,35.7,50.0,21.4,57.1,13.0,7.0,18.0,9.0,1513.2,1464.4
2022-04-09,2021,Hertha,Union Berlin,1,4,A,O,2.88,3.23,2.59,3.0,13.0,2.0,8.0,15,1.0,0.0,2.0,3.0,5.0,0.0,5.0,10.0,6.0,4.0,-5.0,-6.0,1.0,1.0,0.0,1.0,2.0,1.0,1.0,35.7,42.9,21.4,50.0,14.0,13.0,7.0,16.0,1446.5,1553.7
2022-04-09,2021,Greuther Furth,M'gladbach,0,2,A,U,4.77,4.11,1.7,1.0,7.0,3.0,5.0,15,0.0,1.0,1.0,2.0,2.0,4.0,-2.0,7.0,9.0,-2.0,-5.0,-5.0,0.0,0.0,1.0,-1.0,1.0,1.0,0.0,21.4,42.9,21.4,57.1,7.0,13.0,8.0,10.0,1432.7,1533.1
2022-04-09,2021,FC Koln,Mainz,3,2,H,O,2.5,3.38,2.9,5.0,6.0,8.0,5.0,15,1.0,0.0,1.0,2.0,2.0,3.0,-1.0,2.0,6.0,-4.0,0.0,-3.0,3.0,0.0,0.0,0.0,0.0,1.0,-1.0,50.0,21.4,14.3,71.4,12.0,14.0,16.0,20.0,1516.3,1514.4
2022-04-09,2021,Bayern Munich,Augsburg,1,0,H,U,1.12,9.91,19.97,4.0,1.0,3.0,3.0,15,2.0,1.0,0.0,2.0,9.0,5.0,4.0,2.0,6.0,-4.0,7.0,-1.0,8.0,2.0,0.0,2.0,0.0,0.0,0.0,78.6,14.3,14.3,57.1,21.0,13.0,16.0,3.0,1780.7,1474.2
2022-04-08,2021,Stuttgart,Dortmund,0,2,A,U,3.97,3.98,1.86,2.0,4.0,4.0,5.0,15,2.0,1.0,0.0,0.0,7.0,3.0,4.0,5.0,2.0,3.0,2.0,1.0,1.0,0.0,0.0,0.0,0.0,0.0,0.0,35.7,42.9,50.0,28.6,23.0,14.0,19.0,15.0,1468.8,1675.2
2022-04-06,2021,Augsburg,Mainz,2,1,H,O,3.34,3.3,2.27,4.0,3.0,5.0,7.0,14,1.0,0.0,1.0,1.0,5.0,3.0,2.0,3.0,5.0,-2.0,2.0,-2.0,4.0,1.0,0.0,1.0,0.0,1.0,-1.0,38.5,30.8,15.4,69.2,12.0,16.0,19.0,16.0,1462.4,1526.2
2022-04-03,2021,M'gladbach,Mainz,1,1,D,U,2.28,3.56,3.1,8.0,10.0,3.0,7.0,14,2.0,0.0,0.0,2.0,7.0,3.0,4.0,4.0,6.0,-2.0,3.0,-3.0,6.0,1.0,0.0,1.0,0.0,1.0,-1.0,46.2,30.8,16.7,75.0,21.0,10.0,13.0,17.0,1533.3,1526.0
2022-04-03,2021,Augsburg,Wolfsburg,3,0,H,O,2.97,3.29,2.49,5.0,5.0,3.0,5.0,13,1.0,1.0,1.0,1.0,4.0,6.0,-2.0,3.0,5.0,-2.0,1.0,1.0,0.0,1.0,1.0,0.0,0.0,0.0,0.0,33.3,33.3,30.8,53.8,16.0,11.0,20.0,10.0,1450.2,1525.4
2022-04-02,2021,Leverkusen,Hertha,2,1,H,O,1.42,5.07,6.96,7.0,4.0,3.0,3.0,14,2.0,0.0,1.0,3.0,7.0,1.0,6.0,3.0,7.0,-4.0,4.0,-6.0,10.0,2.0,0.0,2.0,0.0,2.0,-2.0,53.8,30.8,15.4,69.2,18.0,13.0,23.0,20.0,1609.8,1452.2
2022-04-02,2021,Hoffenheim,Bochum,1,2,A,O,1.51,4.56,6.23,7.0,6.0,5.0,6.0,14,2.0,0.0,0.0,1.0,5.0,3.0,2.0,2.0,4.0,-2.0,3.0,-1.0,4.0,1.0,0.0,1.0,0.0,0.0,0.0,61.5,15.4,15.4,69.2,22.0,13.0,25.0,10.0,1572.4,1493.9
2022-04-02,2021,Freiburg,Bayern Munich,1,4,A,O,5.66,4.82,1.52,3.0,11.0,1.0,6.0,14,2.0,1.0,0.0,1.0,7.0,4.0,3.0,3.0,5.0,-2.0,4.0,-1.0,5.0,1.0,0.0,1.0,0.0,1.0,-1.0,53.8,15.4,69.2,15.4,18.0,21.0,20.0,25.0,1563.2,1776.1
2022-04-02,2021,Ein Frankfurt,Greuther Furth,0,0,D,U,1.45,4.81,6.94,6.0,2.0,9.0,0.0,14,1.0,0.0,2.0,3.0,2.0,3.0,-1.0,4.0,10.0,-6.0,-2.0,-7.0,5.0,0.0,0.0,0.0,1.0,2.0,-1.0,30.8,38.5,0.0,92.3,7.0,9.0,21.0,13.0,1576.8,1428.6
2022-04-02,2021,Dortmund,RB Leipzig,1,4,A,O,2.44,3.74,2.74,2.0,5.0,7.0,5.0,14,2.0,3.0,1.0,0.0,9.0,13.0,-4.0,5.0,2.0,3.0,4.0,11.0,-7.0,1.0,2.0,-1.0,1.0,0.0,1.0,84.6,15.4,30.8,38.5,19.0,18.0,16.0,12.0,1686.8,1633.0
2022-04-02,2021,Bielefeld,Stuttgart,1,1,D,U,3.15,3.33,2.35,4.0,4.0,6.0,2.0,14,1.0,0.0,1.0,2.0,2.0,4.0,-2.0,2.0,7.0,-5.0,0.0,-3.0,3.0,0.0,0.0,0.0,0.0,1.0,-1.0,15.4,30.8,7.7,53.8,9.0,12.0,17.0,6.0,1464.3,1468.9
2022-04-01,2021,Union Berlin,FC Koln,1,0,H,U,2.33,3.25,3.32,5.0,1.0,2.0,4.0,14,1.0,1.0,1.0,1.0,4.0,3.0,1.0,5.0,4.0,1.0,-1.0,-1.0,0.0,1.0,0.0,1.0,1.0,1.0,0.0,53.8,15.4,23.1,30.8,8.0,10.0,7.0,17.0,1544.2,1525.7
2022-03-20,2021,Wolfsburg,Leverkusen,0,2,A,U,3.01,3.53,2.35,4.0,7.0,7.0,7.0,14,2.0,1.0,1.0,1.0,6.0,8.0,-2.0,3.0,6.0,-3.0,3.0,2.0,1.0,1.0,1.0,0.0,0.0,0.0,0.0,38.5,46.2,46.2,23.1,15.0,15.0,13.0,10.0,1533.4,1601.8
2022-03-20,2021,RB Leipzig,Ein Frankfurt,0,0,D,U,1.42,4.94,7.28,7.0,0.0,3.0,2.0,14,2.0,2.0,0.0,1.0,6.0,7.0,-1.0,2.0,4.0,-2.0,4.0,3.0,1.0,2.0,1.0,1.0,0.0,0.0,0.0,69.2,23.1,46.2,30.8,13.0,14.0,13.0,28.0,1634.7,1575.1
2022-03-20,2021,FC Koln,Dortmund,1,1,D,U,3.44,3.87,2.02,1.0,3.0,7.0,5.0,14,2.0,2.0,1.0,0.0,2.0,5.0,-3.0,1.0,1.0,0.0,1.0,4.0,-3.0,0.0,1.0,-1.0,0.0,0.0,0.0,53.8,23.1,53.8,30.8,14.0,17.0,17.0,15.0,1521.2,1691.3
2022-03-19,2021,Stuttgart,Augsburg,3,2,H,O,2.05,3.55,3.67,9.0,4.0,8.0,0.0,14,1.0,1.0,1.0,2.0,6.0,4.0,2.0,6.0,8.0,-2.0,0.0,-4.0,4.0,0.0,0.0,0.0,0.0,1.0,-1.0,30.8,46.2,15.4,53.8,20.0,14.0,14.0,8.0,1458.8,1460.3
2022-03-19,2021,Mainz,Bielefeld,4,0,H,O,1.64,3.76,6.08,6.0,0.0,6.0,1.0,14,2.0,0.0,1.0,3.0,5.0,0.0,5.0,3.0,6.0,-3.0,2.0,-6.0,8.0,1.0,0.0,1.0,0.0,2.0,-2.0,61.5,15.4,23.1,53.8,10.0,11.0,16.0,11.0,1517.2,1473.1
2022-03-19,2021,Hertha,Hoffenheim,3,0,H,O,4.36,4.22,1.74,6.0,0.0,1.0,6.0,14,0.0,2.0,2.0,1.0,3.0,3.0,0.0,11.0,3.0,8.0,-8.0,0.0,-8.0,0.0,0.0,0.0,2.0,1.0,1.0,30.8,46.2,38.5,46.2,10.0,9.0,10.0,6.0,1438.2,1586.4
2022-03-19,2021,Greuther Furth,Freiburg,0,0,D,U,4.76,4.06,1.71,1.0,3.0,1.0,11.0,14,1.0,1.0,1.0,1.0,4.0,3.0,1.0,8.0,3.0,5.0,-4.0,0.0,-4.0,0.0,0.0,0.0,1.0,0.0,1.0,23.1,46.2,38.5,30.8,16.0,10.0,15.0,13.0,1424.8,1567.1
2022-03-19,2021,Bayern Munich,Union Berlin,4,0,H,O,1.18,7.84,15.23,7.0,4.0,3.0,2.0,14,2.0,0.0,0.0,3.0,8.0,0.0,8.0,4.0,4.0,0.0,4.0,-4.0,8.0,1.0,0.0,1.0,0.0,1.0,-1.0,76.9,15.4,23.1,46.2,22.0,13.0,15.0,20.0,1771.8,1548.5
2022-03-18,2021,Bochum,M'gladbach,0,2,A,U,2.9,3.58,2.41,7.0,5.0,7.0,3.0,14,2.0,0.0,1.0,2.0,6.0,3.0,3.0,4.0,10.0,-6.0,2.0,-7.0,9.0,1.0,0.0,1.0,0.0,1.0,-1.0,53.8,23.1,15.4,61.5,18.0,12.0,12.0,18.0,1503.3,1523.9
2022-03-16,2021,Mainz,Dortmund,0,1,A,U,4.06,3.84,1.87,1.0,4.0,5.0,5.0,13,3.0,2.0,0.0,0.0,6.0,7.0,-1.0,2.0,3.0,-1.0,4.0,4.0,0.0,1.0,1.0,0.0,0.0,0.0,0.0,66.7,8.3,50.0,33.3,14.0,15.0,18.0,13.0,1522.9,1685.7
2022-03-13,2021,Leverkusen,FC Koln,0,1,A,U,1.62,4.39,5.06,3.0,3.0,7.0,0.0,13,3.0,0.0,0.0,1.0,12.0,4.0,8.0,3.0,6.0,-3.0,9.0,-2.0,11.0,3.0,0.0,3.0,0.0,1.0,-1.0,58.3,25.0,16.7,33.3,27.0,10.0,25.0,22.0,1614.8,1508.2
2022-03-13,2021,Greuther Furth,RB Leipzig,1,6,A,O,8.43,5.37,1.35,1.0,7.0,0.0,2.0,13,2.0,2.0,0.0,1.0,5.0,9.0,-4.0,3.0,4.0,-1.0,2.0,5.0,-3.0,0.0,1.0,-1.0,0.0,0.0,0.0,25.0,41.7,25.0,41.7,22.0,18.0,22.0,10.0,1429.6,1629.9
2022-03-13,2021,Ein Frankfurt,Bochum,2,1,H,O,1.89,3.59,4.24,3.0,4.0,9.0,3.0,13,0.0,0.0,3.0,1.0,0.0,2.0,-2.0,5.0,3.0,2.0,-5.0,-1.0,-4.0,0.0,0.0,0.0,2.0,0.0,2.0,25.0,41.7,16.7,66.7,11.0,12.0,22.0,10.0,1566.6,1511.8
2022-03-13,2021,Dortmund,Bielefeld,1,0,H,U,1.27,6.09,10.71,3.0,4.0,4.0,5.0,13,2.0,1.0,1.0,2.0,13.0,2.0,11.0,6.0,5.0,1.0,7.0,-3.0,10.0,2.0,1.0,1.0,1.0,2.0,-1.0,83.3,16.7,25.0,50.0,24.0,12.0,21.0,7.0,1680.9,1477.8
2022-03-12,2021,Union Berlin,Stuttgart,1,1,D,U,2.12,3.48,3.54,3.0,3.0,3.0,3.0,13,2.0,0.0,1.0,3.0,5.0,3.0,2.0,5.0,8.0,-3.0,0.0,-5.0,5.0,1.0,0.0,1.0,1.0,2.0,-1.0,58.3,16.7,8.3,58.3,8.0,10.0,4.0,6.0,1551.2,1456.2
2022-03-12,2021,M'gladbach,Hertha,2,0,H,U,1.58,4.51,5.21,5.0,3.0,3.0,6.0,13,1.0,0.0,1.0,2.0,6.0,1.0,5.0,6.0,5.0,1.0,0.0,-4.0,4.0,0.0,0.0,0.0,0.0,1.0,-1.0,41.7,33.3,16.7,66.7,21.0,12.0,14.0,16.0,1515.8,1446.2
2022-03-12,2021,Hoffenheim,Bayern Munich,1,1,D,U,4.83,4.99,1.58,6.0,8.0,3.0,8.0,13,2.0,2.0,1.0,1.0,6.0,7.0,-1.0,4.0,5.0,-1.0,2.0,2.0,0.0,1.0,1.0,0.0,0.0,1.0,-1.0,66.7,16.7,75.0,16.7,18.0,33.0,29.0,26.0,1581.3,1776.9
2022-03-12,2021,Freiburg,Wolfsburg,3,2,H,O,2.1,3.52,3.52,8.0,5.0,7.0,5.0,13,2.0,1.0,0.0,1.0,6.0,4.0,2.0,1.0,4.0,-3.0,5.0,0.0,5.0,2.0,1.0,1.0,0.0,1.0,-1.0,50.0,16.7,33.3,50.0,14.0,9.0,19.0,8.0,1557.5,1543.0
2022-03-06,2021,FC Koln,Hoffenheim,0,1,A,U,2.7,3.52,2.57,3.0,3.0,4.0,1.0,13,2.0,1.0,1.0,2.0,2.0,3.0,-1.0,4.0,5.0,-1.0,-2.0,-2.0,0.0,0.0,0.0,0.0,1.0,1.0,0.0,58.3,16.7,33.3,50.0,14.0,11.0,18.0,13.0,1516.6,1572.9
2022-03-05,2021,Wolfsburg,Union Berlin,1,0,H,U,2.23,3.3,3.44,3.0,5.0,6.0,10.0,13,1.0,1.0,1.0,2.0,5.0,2.0,3.0,3.0,4.0,-1.0,2.0,-2.0,4.0,1.0,0.0,1.0,0.0,1.0,-1.0,33.3,50.0,25.0,41.7,15.0,11.0,10.0,11.0,1532.2,1562.1
2022-03-05,2021,Stuttgart,M'gladbach,3,2,H,O,3.17,3.65,2.2,7.0,3.0,5.0,2.0,13,0.0,1.0,2.0,1.0,3.0,3.0,0.0,6.0,8.0,-2.0,-3.0,-5.0,2.0,0.0,0.0,0.0,1.0,1.0,0.0,25.0,50.0,16.7,58.3,23.0,12.0,14.0,22.0,1443.8,1528.2
2022-03-05,2021,RB Leipzig,Freiburg,1,1,D,U,1.63,4.25,5.27,5.0,3.0,4.0,1.0,13,3.0,1.0,0.0,2.0,9.0,3.0,6.0,2.0,7.0,-5.0,7.0,-4.0,11.0,3.0,0.0,3.0,0.0,1.0,-1.0,75.0,25.0,41.7,33.3,16.0,11.0,15.0,14.0,1632.1,1555.4
2022-03-05,2021,Hertha,Ein Frankfurt,1,4,A,O,3.3,3.54,2.19,4.0,6.0,3.0,8.0,13,0.0,1.0,2.0,1.0,3.0,4.0,-1.0,11.0,4.0,7.0,-8.0,0.0,-8.0,0.0,0.0,0.0,2.0,0.0,2.0,33.3,41.7,41.7,33.3,8.0,12.0,11.0,23.0,1453.2,1559.6
2022-03-05,2021,Bochum,Greuther Furth,2,1,H,O,1.79,3.72,4.69,9.0,2.0,3.0,6.0,13,1.0,0.0,1.0,2.0,6.0,4.0,2.0,5.0,10.0,-5.0,1.0,-6.0,7.0,1.0,0.0,1.0,0.0,2.0,-2.0,50.0,25.0,0.0,91.7,16.0,10.0,10.0,12.0,1503.7,1437.7
2022-03-05,2021,Bayern Munich,Leverkusen,1,1,D,U,1.4,5.62,6.64,6.0,2.0,7.0,2.0,13,2.0,2.0,1.0,1.0,8.0,9.0,-1.0,5.0,6.0,-1.0,3.0,3.0,0.0,1.0,1.0,0.0,0.0,0.0,0.0,83.3,16.7,50.0,25.0,24.0,26.0,14.0,15.0,1781.5,1610.2
2022-03-04,2021,Bielefeld,Augsburg,0,1,A,U,2.57,3.23,2.93,1.0,1.0,6.0,1.0,13,1.0,0.0,0.0,3.0,4.0,4.0,0.0,3.0,11.0,-8.0,1.0,-7.0,8.0,0.0,0.0,0.0,0.0,2.0,-2.0,16.7,25.0,8.3,58.3,13.0,17.0,14.0,11.0,1488.9,1449.1
2022-02-27,2021,Bochum,RB Leipzig,0,1,A,U,5.17,4.09,1.65,2.0,1.0,5.0,0.0,12,2.0,2.0,0.0,1.0,7.0,10.0,-3.0,4.0,4.0,0.0,3.0,6.0,-3.0,1.0,2.0,-1.0,0.0,0.0,0.0,54.5,18.2,18.2,45.5,17.0,20.0,9.0,11.0,1510.5,1625.2
2022-02-27,2021,Augsburg,Dortmund,1,1,D,U,5.36,4.23,1.62,3.0,7.0,5.0,5.0,12,1.0,3.0,1.0,0.0,4.0,9.0,-5.0,3.0,4.0,-1.0,1.0,5.0,-4.0,1.0,1.0,0.0,0.0,0.0,0.0,36.4,36.4,54.5,36.4,18.0,16.0,19.0,19.0,1443.1,1687.0
2022-02-26,2021,Union Berlin,Mainz,3,1,H,O,2.66,3.22,2.81,3.0,1.0,2.0,6.0,12,1.0,0.0,1.0,2.0,2.0,3.0,-1.0,4.0,7.0,-3.0,-2.0,-4.0,2.0,0.0,0.0,0.0,1.0,1.0,0.0,54.5,18.2,18.2,72.7,10.0,10.0,6.0,12.0,1552.6,1532.3
2022-02-26,2021,M'gladbach,Wolfsburg,2,2,D,O,2.07,3.53,3.62,11.0,3.0,7.0,4.0,12,1.0,1.0,2.0,2.0,5.0,2.0,3.0,6.0,3.0,3.0,-1.0,-1.0,0.0,0.0,1.0,-1.0,0.0,1.0,-1.0,45.5,36.4,36.4,54.5,16.0,10.0,12.0,6.0,1528.1,1532.3
2022-02-26,2021,Leverkusen,Bielefeld,3,0,H,O,1.37,5.18,8.62,9.0,3.0,6.0,3.0,12,2.0,1.0,0.0,1.0,11.0,4.0,7.0,5.0,4.0,1.0,6.0,0.0,6.0,2.0,1.0,1.0,0.0,1.0,-1.0,54.5,27.3,27.3,45.5,26.0,14.0,30.0,16.0,1603.2,1495.9
2022-02-26,2021,Greuther Furth,FC Koln,1,1,D,U,3.56,3.68,2.05,5.0,5.0,7.0,11.0,12,2.0,1.0,0.0,1.0,4.0,6.0,-2.0,2.0,6.0,-4.0,2.0,0.0,2.0,0.0,1.0,-1.0,0.0,1.0,-1.0,27.3,45.5,18.2,36.4,20.0,13.0,16.0,15.0,1435.3,1519.0
2022-02-26,2021,Freiburg,Hertha,3,0,H,O,1.57,4.3,5.79,5.0,2.0,6.0,6.0,12,1.0,0.0,0.0,2.0,5.0,1.0,4.0,3.0,6.0,-3.0,2.0,-5.0,7.0,1.0,0.0,1.0,0.0,1.0,-1.0,45.5,18.2,18.2,63.6,15.0,11.0,20.0,11.0,1547.8,1460.8
2022-02-26,2021,Ein Frankfurt,Bayern Munich,0,1,A,U,6.35,5.09,1.45,2.0,9.0,2.0,8.0,12,0.0,2.0,3.0,1.0,2.0,10.0,-8.0,7.0,5.0,2.0,-5.0,5.0,-10.0,0.0,2.0,-2.0,2.0,1.0,1.0,27.3,36.4,72.7,18.2,14.0,33.0,24.0,30.0,1564.1,1776.9
2022-02-25,2021,Hoffenheim,Stuttgart,2,1,H,O,1.53,4.59,5.88,7.0,4.0,9.0,3.0,12,2.0,0.0,1.0,2.0,7.0,2.0,5.0,4.0,6.0,-2.0,3.0,-4.0,7.0,2.0,0.0,2.0,0.0,2.0,-2.0,63.6,18.2,9.1,54.5,16.0,9.0,22.0,8.0,1566.1,1450.6
2022-02-20,2021,Hertha,RB Leipzig,1,6,A,O,6.15,4.29,1.55,4.0,10.0,3.0,10.0,12,0.0,1.0,2.0,1.0,3.0,5.0,-2.0,8.0,4.0,4.0,-5.0,1.0,-6.0,0.0,1.0,-1.0,2.0,0.0,2.0,36.4,36.4,10.0,50.0,9.0,14.0,18.0,9.0,1466.7,1619.4
2022-02-20,2021,Dortmund,M'gladbach,6,0,H,O,1.63,4.42,4.97,10.0,5.0,5.0,5.0,12,2.0,1.0,1.0,0.0,10.0,4.0,6.0,6.0,3.0,3.0,4.0,1.0,3.0,2.0,0.0,2.0,1.0,0.0,1.0,81.8,18.2,18.2,54.5,19.0,12.0,21.0,20.0,1681.0,1534.1
2022-02-20,2021,Bayern Munich,Greuther Furth,4,1,H,O,1.07,13.12,30.35,8.0,3.0,6.0,4.0,12,2.0,0.0,1.0,2.0,8.0,3.0,5.0,4.0,9.0,-5.0,4.0,-6.0,10.0,1.0,0.0,1.0,0.0,2.0,-2.0,81.8,18.2,0.0,90.9,25.0,8.0,13.0,16.0,1774.4,1437.8
2022-02-19,2021,Wolfsburg,Hoffenheim,1,2,A,O,2.73,3.5,2.57,6.0,4.0,5.0,2.0,12,1.0,0.0,1.0,2.0,6.0,3.0,3.0,4.0,6.0,-2.0,2.0,-3.0,5.0,1.0,0.0,1.0,0.0,1.0,-1.0,36.4,45.5,27.3,54.5,14.0,13.0,14.0,14.0,1541.9,1556.5
2022-02-19,2021,Stuttgart,Bochum,1,1,D,U,2.22,3.45,3.32,7.0,5.0,6.0,0.0,12,0.0,0.0,3.0,2.0,2.0,1.0,1.0,10.0,4.0,6.0,-8.0,-3.0,-5.0,0.0,0.0,0.0,2.0,1.0,1.0,27.3,54.5,18.2,72.7,17.0,10.0,9.0,12.0,1448.8,1512.3
2022-02-19,2021,FC Koln,Ein Frankfurt,1,0,H,U,2.28,3.66,3.02,8.0,2.0,5.0,6.0,12,2.0,2.0,1.0,0.0,2.0,7.0,-5.0,4.0,5.0,-1.0,-2.0,2.0,-4.0,0.0,0.0,0.0,1.0,0.0,1.0,54.5,18.2,45.5,27.3,8.0,15.0,15.0,18.0,1507.0,1576.1
2022-02-19,2021,Bielefeld,Union Berlin,1,0,H,U,3.06,3.24,2.46,3.0,4.0,6.0,4.0,12,1.0,1.0,0.0,1.0,5.0,4.0,1.0,3.0,5.0,-2.0,2.0,-1.0,3.0,1.0,0.0,1.0,0.0,1.0,-1.0,9.1,27.3,27.3,36.4,14.0,14.0,14.0,12.0,1483.6,1564.9
2022-02-19,2021,Augsburg,Freiburg,1,2,A,O,3.1,3.37,2.36,4.0,5.0,11.0,4.0,11,1.0,0.0,0.0,2.0,4.0,1.0,3.0,2.0,6.0,-4.0,2.0,-5.0,7.0,1.0,0.0,1.0,0.0,1.0,-1.0,40.0,30.0,36.4,36.4,16.0,8.0,14.0,13.0,1450.5,1540.4
2022-02-18,2021,Mainz,Leverkusen,3,2,H,O,3.25,3.66,2.19,5.0,6.0,6.0,2.0,12,3.0,2.0,0.0,1.0,7.0,8.0,-1.0,0.0,5.0,-5.0,7.0,3.0,4.0,2.0,1.0,1.0,0.0,0.0,0.0,63.6,9.1,54.5,18.2,20.0,24.0,16.0,21.0,1519.6,1615.9
2022-02-13,2021,Union Berlin,Dortmund,0,3,A,O,3.9,3.9,1.88,2.0,6.0,2.0,5.0,11,2.0,2.0,0.0,1.0,4.0,8.0,-4.0,2.0,7.0,-5.0,2.0,1.0,1.0,0.0,0.0,0.0,0.0,0.0,0.0,60.0,10.0,50.0,40.0,13.0,13.0,9.0,19.0,1572.1,1673.8
2022-02-13,2021,Hoffenheim,Bielefeld,2,0,H,U,1.52,4.41,6.14,9.0,4.0,13.0,3.0,11,1.0,2.0,1.0,0.0,6.0,6.0,0.0,5.0,2.0,3.0,1.0,4.0,-3.0,1.0,2.0,-1.0,0.0,0.0,0.0,60.0,20.0,30.0,40.0,15.0,14.0,24.0,14.0,1548.1,1492.0
2022-02-12,2021,M'gladbach,Augsburg,3,2,H,O,1.68,4.19,4.78,5.0,8.0,3.0,2.0,11,0.0,0.0,3.0,2.0,4.0,2.0,2.0,7.0,8.0,-1.0,-3.0,-6.0,3.0,0.0,0.0,0.0,0.0,2.0,-2.0,40.0,40.0,9.1,54.5,19.0,14.0,16.0,14.0,1526.0,1458.6
2022-02-12,2021,Leverkusen,Stuttgart,4,2,H,O,1.42,5.04,7.02,6.0,5.0,10.0,0.0,11,1.0,0.0,0.0,2.0,9.0,0.0,9.0,5.0,3.0,2.0,4.0,-3.0,7.0,1.0,0.0,1.0,0.0,1.0,-1.0,50.0,30.0,10.0,50.0,29.0,6.0,26.0,9.0,1610.1,1454.6
2022-02-12,2021,Greuther Furth,Hertha,2,1,H,O,2.98,3.36,2.43,10.0,8.0,8.0,8.0,11,1.0,0.0,0.0,1.0,2.0,2.0,0.0,1.0,6.0,-5.0,1.0,-4.0,5.0,0.0,0.0,0.0,0.0,1.0,-1.0,20.0,50.0,20.0,60.0,11.0,11.0,14.0,8.0,1426.4,1478.1
2022-02-12,2021,Freiburg,Mainz,1,1,D,U,2.15,3.45,3.46,5.0,5.0,7.0,3.0,11,2.0,0.0,0.0,3.0,6.0,2.0,4.0,3.0,7.0,-4.0,3.0,-5.0,8.0,1.0,0.0,1.0,0.0,1.0,-1.0,50.0,20.0,20.0,80.0,16.0,10.0,17.0,15.0,1541.0,1518.9
2022-02-12,2021,Ein Frankfurt,Wolfsburg,0,2,A,U,2.23,3.44,3.28,2.0,3.0,10.0,1.0,11,1.0,0.0,2.0,3.0,3.0,0.0,3.0,5.0,7.0,-2.0,-2.0,-7.0,5.0,0.0,0.0,0.0,1.0,2.0,-1.0,30.0,30.0,30.0,60.0,16.0,9.0,22.0,8.0,1587.7,1530.2
2022-02-12,2021,Bochum,Bayern Munich,4,2,H,O,11.91,7.28,1.22,7.0,4.0,4.0,9.0,11,1.0,3.0,1.0,0.0,3.0,13.0,-10.0,3.0,1.0,2.0,0.0,12.0,-12.0,0.0,3.0,-3.0,0.0,0.0,0.0,50.0,20.0,80.0,10.0,13.0,41.0,6.0,24.0,1495.4,1791.3
2022-02-11,2021,RB Leipzig,FC Koln,3,1,H,O,1.45,4.92,6.88,4.0,2.0,5.0,6.0,12,2.0,2.0,1.0,0.0,6.0,8.0,-2.0,3.0,5.0,-2.0,3.0,3.0,0.0,2.0,1.0,1.0,1.0,0.0,1.0,72.7,27.3,20.0,30.0,16.0,17.0,20.0,14.0,1612.1,1514.3
2022-02-06,2021,Wolfsburg,Greuther Furth,4,1,H,O,1.58,4.06,5.92,6.0,4.0,2.0,3.0,11,0.0,0.0,2.0,2.0,2.0,3.0,-1.0,5.0,12.0,-7.0,-3.0,-9.0,6.0,0.0,0.0,0.0,1.0,2.0,-1.0,30.0,50.0,0.0,90.0,11.0,7.0,17.0,16.0,1522.7,1433.8
2022-02-06,2021,Dortmund,Leverkusen,2,5,A,O,1.93,4.05,3.6,6.0,7.0,7.0,6.0,11,2.0,1.0,1.0,2.0,10.0,5.0,5.0,4.0,8.0,-4.0,6.0,-3.0,9.0,2.0,0.0,2.0,0.0,1.0,-1.0,90.0,10.0,50.0,20.0,17.0,21.0,18.0,19.0,1686.3,1597.6
2022-02-05,2021,Stuttgart,Ein Frankfurt,2,3,A,O,2.68,3.54,2.58,6.0,6.0,3.0,14.0,11,0.0,1.0,2.0,1.0,2.0,6.0,-4.0,9.0,6.0,3.0,-7.0,0.0,-7.0,0.0,0.0,0.0,2.0,0.0,2.0,30.0,50.0,40.0,30.0,14.0,11.0,13.0,10.0,1461.3,1581.0
2022-02-05,2021,Mainz,Hoffenheim,2,0,H,U,2.66,3.41,2.69,4.0,2.0,5.0,3.0,11,3.0,1.0,0.0,1.0,8.0,5.0,3.0,0.0,5.0,-5.0,8.0,0.0,8.0,2.0,0.0,2.0,0.0,0.0,0.0,60.0,10.0,30.0,50.0,21.0,19.0,17.0,18.0,1507.4,1559.6
2022-02-05,2021,FC Koln,Freiburg,1,0,H,U,2.4,3.52,2.91,3.0,2.0,8.0,8.0,11,1.0,1.0,2.0,1.0,1.0,7.0,-6.0,6.0,5.0,1.0,-5.0,2.0,-7.0,0.0,1.0,-1.0,2.0,1.0,1.0,50.0,20.0,40.0,30.0,9.0,14.0,16.0,8.0,1502.9,1552.4
2022-02-05,2021,Bielefeld,M'gladbach,1,1,D,U,3.4,3.48,2.16,5.0,4.0,5.0,11.0,11,1.0,1.0,0.0,1.0,5.0,4.0,1.0,3.0,6.0,-3.0,2.0,-2.0,4.0,1.0,0.0,1.0,0.0,1.0,-1.0,10.0,30.0,20.0,60.0,14.0,12.0,16.0,9.0,1491.0,1527.1
2022-02-05,2021,Bayern Munich,RB Leipzig,3,2,H,O,1.41,5.37,6.78,8.0,7.0,2.0,0.0,11,2.0,1.0,1.0,1.0,7.0,4.0,3.0,3.0,3.0,0.0,4.0,1.0,3.0,1.0,1.0,0.0,0.0,0.0,0.0,80.0,20.0,11.1,44.4,24.0,9.0,18.0,16.0,1785.8,1617.6
2022-02-05,2021,Augsburg,Union Berlin,2,0,H,U,2.78,3.31,2.62,9.0,4.0,4.0,6.0,10,0.0,2.0,1.0,0.0,4.0,5.0,-1.0,5.0,3.0,2.0,-1.0,2.0,-3.0,0.0,0.0,0.0,0.0,0.0,0.0,33.3,33.3,30.0,30.0,14.0,13.0,23.0,11.0,1444.8,1585.9
2022-02-04,2021,Hertha,Bochum,1,1,D,U,2.19,3.45,3.38,2.0,4.0,4.0,7.0,11,1.0,1.0,2.0,2.0,5.0,3.0,2.0,9.0,5.0,4.0,-4.0,-2.0,-2.0,0.0,0.0,0.0,2.0,1.0,1.0,40.0,40.0,20.0,80.0,12.0,12.0,15.0,11.0,1477.6,1495.9
2022-01-23,2021,RB Leipzig,Wolfsburg,2,0,H,U,1.53,4.31,6.26,4.0,3.0,4.0,3.0,11,2.0,0.0,1.0,3.0,8.0,0.0,8.0,4.0,8.0,-4.0,4.0,-8.0,12.0,2.0,0.0,2.0,1.0,2.0,-1.0,70.0,30.0,33.3,55.6,22.0,6.0,22.0,10.0,1609.9,1530.5
2022-01-23,2021,Hertha,Bayern Munich,1,4,A,O,11.06,6.92,1.23,2.0,20.0,4.0,9.0,10,2.0,3.0,1.0,0.0,6.0,12.0,-6.0,5.0,2.0,3.0,1.0,10.0,-9.0,1.0,2.0,-1.0,1.0,0.0,1.0,44.4,33.3,77.8,11.1,19.0,27.0,17.0,21.0,1480.6,1782.8
2022-01-22,2021,M'gladbach,Union Berlin,1,2,A,O,2.26,3.42,3.23,5.0,3.0,4.0,1.0,10,0.0,1.0,3.0,1.0,3.0,3.0,0.0,11.0,3.0,8.0,-8.0,0.0,-8.0,0.0,0.0,0.0,1.0,0.0,1.0,44.4,33.3,22.2,33.3,17.0,14.0,15.0,17.0,1535.9,1577.1
2022-01-22,2021,Leverkusen,Augsburg,5,1,H,O,1.44,4.65,7.26,12.0,5.0,9.0,5.0,10,1.0,1.0,0.0,1.0,11.0,3.0,8.0,5.0,3.0,2.0,6.0,0.0,6.0,1.0,1.0,0.0,0.0,1.0,-1.0,44.4,33.3,10.0,50.0,25.0,13.0,21.0,13.0,1591.4,1450.9
2022-01-22,2021,Hoffenheim,Dortmund,2,3,A,O,3.03,4.06,2.13,2.0,2.0,7.0,3.0,10,2.0,1.0,0.0,1.0,7.0,6.0,1.0,4.0,6.0,-2.0,3.0,0.0,3.0,1.0,0.0,1.0,0.0,0.0,0.0,66.7,11.1,44.4,44.4,17.0,19.0,21.0,31.0,1566.5,1679.5
2022-01-22,2021,Greuther Furth,Mainz,2,1,H,O,4.7,3.6,1.81,7.0,4.0,7.0,8.0,10,1.0,0.0,0.0,3.0,1.0,2.0,-1.0,0.0,7.0,-7.0,1.0,-5.0,6.0,0.0,0.0,0.0,0.0,1.0,-1.0,11.1,55.6,22.2,77.8,7.0,10.0,10.0,9.0,1421.1,1520.2
2022-01-22,2021,Freiburg,Stuttgart,2,0,H,U,1.97,3.5,3.96,4.0,1.0,6.0,3.0,10,1.0,1.0,1.0,1.0,5.0,2.0,3.0,5.0,1.0,4.0,0.0,1.0,-1.0,0.0,1.0,-1.0,0.0,0.0,0.0,44.4,22.2,11.1,44.4,18.0,8.0,17.0,9.0,1544.5,1469.1
2022-01-22,2021,Bochum,FC Koln,2,2,D,O,3.26,3.44,2.24,7.0,3.0,1.0,5.0,10,1.0,2.0,1.0,0.0,2.0,7.0,-5.0,2.0,4.0,-2.0,0.0,3.0,-3.0,0.0,1.0,-1.0,0.0,0.0,0.0,55.6,22.2,22.2,33.3,9.0,17.0,5.0,10.0,1495.7,1503.1
2022-01-21,2021,Ein Frankfurt,Bielefeld,0,2,A,U,1.78,3.64,4.79,7.0,5.0,10.0,1.0,10,2.0,1.0,1.0,1.0,8.0,4.0,4.0,5.0,4.0,1.0,3.0,0.0,3.0,1.0,1.0,0.0,0.0,1.0,-1.0,33.3,22.2,22.2,44.4,16.0,10.0,19.0,17.0,1594.3,1477.8
2022-01-16,2021,Bielefeld,Greuther Furth,2,2,D,O,1.98,3.46,3.96,5.0,3.0,3.0,5.0,10,1.0,0.0,0.0,3.0,5.0,1.0,4.0,3.0,14.0,-11.0,2.0,-13.0,15.0,1.0,0.0,1.0,0.0,3.0,-3.0,11.1,33.3,0.0,100.0,12.0,6.0,19.0,18.0,1479.5,1419.4
2022-01-16,2021,Augsburg,Ein Frankfurt,1,1,D,U,3.46,3.53,2.11,5.0,4.0,4.0,3.0,9,1.0,2.0,1.0,1.0,5.0,7.0,-2.0,5.0,5.0,0.0,0.0,2.0,-2.0,0.0,1.0,-1.0,0.0,0.0,0.0,37.5,37.5,44.4,33.3,12.0,14.0,20.0,11.0,1446.8,1598.4
2022-01-15,2021,Wolfsburg,Hertha,0,0,D,U,1.98,3.52,3.88,3.0,2.0,3.0,2.0,10,0.0,0.0,3.0,2.0,3.0,2.0,1.0,8.0,8.0,0.0,-5.0,-6.0,1.0,0.0,0.0,0.0,2.0,2.0,0.0,33.3,55.6,22.2,66.7,15.0,12.0,21.0,12.0,1532.0,1479.1
2022-01-15,2021,Union Berlin,Hoffenheim,2,1,H,O,2.85,3.49,2.45,3.0,5.0,0.0,8.0,10,2.0,2.0,0.0,0.0,4.0,10.0,-6.0,1.0,6.0,-5.0,3.0,4.0,-1.0,1.0,1.0,0.0,0.0,0.0,0.0,55.6,11.1,33.3,44.4,15.0,25.0,16.0,20.0,1566.8,1576.8
2022-01-15,2021,Stuttgart,RB Leipzig,0,2,A,U,5.4,4.36,1.58,10.0,3.0,5.0,1.0,10,1.0,0.0,1.0,2.0,4.0,2.0,2.0,8.0,5.0,3.0,-4.0,-3.0,-1.0,0.0,0.0,0.0,1.0,1.0,0.0,33.3,44.4,0.0,50.0,7.0,6.0,13.0,17.0,1475.6,1603.4
2022-01-15,2021,Mainz,Bochum,1,0,H,U,1.69,3.71,5.46,5.0,3.0,7.0,3.0,10,2.0,1.0,0.0,2.0,8.0,3.0,5.0,1.0,5.0,-4.0,7.0,-2.0,9.0,2.0,0.0,2.0,0.0,1.0,-1.0,55.6,11.1,22.2,77.8,18.0,16.0,15.0,15.0,1510.4,1505.5
2022-01-15,2021,M'gladbach,Leverkusen,1,2,A,O,2.61,3.85,2.48,6.0,13.0,5.0,7.0,9,1.0,1.0,2.0,2.0,6.0,6.0,0.0,9.0,8.0,1.0,-3.0,-2.0,-1.0,1.0,1.0,0.0,1.0,1.0,0.0,50.0,25.0,44.4,22.2,22.0,12.0,17.0,14.0,1544.8,1582.5
2022-01-15,2021,FC Koln,Bayern Munich,0,4,A,O,7.7,5.77,1.35,3.0,9.0,5.0,12.0,10,2.0,2.0,1.0,1.0,5.0,9.0,-4.0,3.0,4.0,-1.0,2.0,5.0,-3.0,1.0,1.0,0.0,1.0,0.0,1.0,55.6,11.1,75.0,12.5,15.0,22.0,15.0,19.0,1506.5,1779.4
2022-01-14,2021,Dortmund,Freiburg,5,1,H,O,1.46,4.96,6.29,8.0,4.0,9.0,2.0,10,2.0,1.0,1.0,1.0,7.0,7.0,0.0,4.0,2.0,2.0,3.0,5.0,-2.0,1.0,1.0,0.0,0.0,0.0,0.0,88.9,11.1,44.4,22.2,13.0,21.0,11.0,13.0,1672.9,1551.2
2022-01-09,2021,Hertha,FC Koln,1,3,A,O,2.75,3.48,2.52,5.0,8.0,10.0,4.0,9,2.0,1.0,0.0,0.0,6.0,5.0,1.0,3.0,4.0,-1.0,3.0,1.0,2.0,1.0,0.0,1.0,0.0,0.0,0.0,50.0,25.0,12.5,37.5,18.0,15.0,12.0,13.0,1488.9,1496.7
2022-01-09,2021,Bochum,Wolfsburg,1,0,H,U,3.45,3.52,2.12,3.0,4.0,4.0,2.0,9,1.0,0.0,1.0,2.0,3.0,2.0,1.0,3.0,9.0,-6.0,0.0,-7.0,7.0,0.0,0.0,0.0,0.0,2.0,-2.0,50.0,25.0,37.5,50.0,11.0,7.0,5.0,13.0,1494.1,1543.4
2022-01-08,2021,RB Leipzig,Mainz,4,1,H,O,1.79,3.87,4.42,8.0,1.0,6.0,1.0,10,1.0,0.0,2.0,3.0,5.0,2.0,3.0,6.0,5.0,1.0,-1.0,-3.0,2.0,1.0,0.0,1.0,2.0,0.0,2.0,66.7,33.3,25.0,75.0,17.0,14.0,23.0,14.0,1595.6,1518.2
2022-01-08,2021,Leverkusen,Union Berlin,2,2,D,O,1.84,3.77,4.2,8.0,7.0,11.0,5.0,9,2.0,1.0,0.0,2.0,10.0,2.0,8.0,3.0,3.0,0.0,7.0,-1.0,8.0,1.0,0.0,1.0,0.0,0.0,0.0,50.0,37.5,25.0,37.5,22.0,11.0,17.0,14.0,1583.0,1566.4
2022-01-08,2021,Hoffenheim,Augsburg,3,1,H,O,1.57,4.4,5.49,5.0,4.0,2.0,4.0,9,2.0,1.0,0.0,0.0,6.0,3.0,3.0,3.0,1.0,2.0,3.0,2.0,1.0,1.0,1.0,0.0,0.0,0.0,0.0,62.5,12.5,11.1,44.4,20.0,16.0,26.0,15.0,1570.0,1453.6
2022-01-08,2021,Greuther Furth,Stuttgart,0,0,D,U,3.65,3.64,2.01,3.0,3.0,1.0,5.0,9,1.0,1.0,1.0,2.0,4.0,3.0,1.0,6.0,3.0,3.0,-2.0,0.0,-2.0,0.0,1.0,-1.0,1.0,0.0,1.0,12.5,62.5,12.5,50.0,11.0,9.0,13.0,7.0,1417.7,1477.3
2022-01-08,2021,Freiburg,Bielefeld,2,2,D,O,1.63,4.01,5.47,6.0,5.0,7.0,12.0,9,1.0,1.0,2.0,2.0,3.0,2.0,1.0,5.0,3.0,2.0,-2.0,-1.0,-1.0,0.0,1.0,-1.0,1.0,1.0,0.0,50.0,25.0,25.0,50.0,18.0,5.0,20.0,9.0,1553.3,1477.3
2022-01-08,2021,Ein Frankfurt,Dortmund,2,3,A,O,3.55,3.95,1.97,5.0,8.0,4.0,11.0,9,3.0,1.0,0.0,1.0,8.0,6.0,2.0,3.0,5.0,-2.0,5.0,1.0,4.0,1.0,1.0,0.0,0.0,0.0,0.0,37.5,12.5,37.5,50.0,15.0,19.0,22.0,27.0,1606.7,1664.5
2022-01-07,2021,Bayern Munich,M'gladbach,1,2,A,O,1.36,5.85,7.39,8.0,3.0,6.0,6.0,10,3.0,0.0,0.0,2.0,7.0,3.0,4.0,1.0,9.0,-8.0,6.0,-6.0,12.0,1.0,0.0,1.0,0.0,2.0,-2.0,88.9,11.1,11.1,66.7,25.0,14.0,25.0,7.0,1795.9,1528.3
2021-12-19,2021,Freiburg,Leverkusen,2,1,H,O,2.69,3.61,2.53,6.0,4.0,4.0,8.0,8,1.0,1.0,2.0,1.0,4.0,6.0,-2.0,5.0,7.0,-2.0,-1.0,-1.0,0.0,1.0,1.0,0.0,1.0,1.0,0.0,42.9,28.6,50.0,12.5,17.0,11.0,21.0,12.0,1541.8,1594.5
2021-12-19,2021,FC Koln,Stuttgart,1,0,H,U,1.97,3.88,3.57,2.0,2.0,2.0,1.0,9,1.0,1.0,1.0,2.0,6.0,4.0,2.0,5.0,6.0,-1.0,1.0,-2.0,3.0,1.0,1.0,0.0,1.0,1.0,0.0,50.0,12.5,14.3,42.9,18.0,10.0,18.0,11.0,1486.7,1487.3
2021-12-18,2021,RB Leipzig,Bielefeld,0,2,A,U,1.22,6.59,13.97,4.0,4.0,10.0,1.0,9,2.0,1.0,1.0,2.0,7.0,1.0,6.0,5.0,3.0,2.0,2.0,-2.0,4.0,1.0,0.0,1.0,1.0,1.0,0.0,75.0,25.0,14.3,57.1,20.0,3.0,18.0,12.0,1609.6,1463.4
2021-12-18,2021,Hoffenheim,M'gladbach,1,1,D,U,2.04,3.97,3.31,8.0,5.0,15.0,3.0,8,3.0,0.0,0.0,2.0,7.0,3.0,4.0,2.0,9.0,-7.0,5.0,-6.0,11.0,2.0,0.0,2.0,0.0,2.0,-2.0,71.4,14.3,12.5,75.0,15.0,14.0,20.0,5.0,1571.2,1527.1
2021-12-18,2021,Hertha,Dortmund,3,2,H,O,5.21,4.39,1.6,5.0,3.0,1.0,5.0,8,1.0,1.0,0.0,1.0,4.0,5.0,-1.0,2.0,4.0,-2.0,2.0,1.0,1.0,1.0,1.0,0.0,0.0,0.0,0.0,42.9,28.6,42.9,42.9,18.0,19.0,16.0,28.0,1473.5,1679.8
2021-12-18,2021,Greuther Furth,Augsburg,0,0,D,U,2.93,3.47,2.41,1.0,5.0,6.0,5.0,8,1.0,1.0,2.0,1.0,5.0,3.0,2.0,8.0,2.0,6.0,-3.0,1.0,-4.0,0.0,1.0,-1.0,1.0,0.0,1.0,14.3,71.4,12.5,50.0,12.0,14.0,13.0,18.0,1416.6,1454.7
2021-12-18,2021,Ein Frankfurt,Mainz,1,0,H,U,2.33,3.51,3.03,4.0,5.0,8.0,6.0,8,2.0,1.0,0.0,2.0,8.0,4.0,4.0,4.0,5.0,-1.0,4.0,-1.0,5.0,1.0,0.0,1.0,0.0,0.0,0.0,28.6,14.3,28.6,71.4,14.0,15.0,19.0,14.0,1598.8,1526.1
2021-12-18,2021,Bochum,Union Berlin,0,1,A,U,3.02,3.31,2.43,3.0,3.0,1.0,5.0,8,2.0,0.0,0.0,2.0,5.0,3.0,2.0,2.0,5.0,-3.0,3.0,-2.0,5.0,1.0,0.0,1.0,0.0,0.0,0.0,57.1,14.3,14.3,42.9,12.0,11.0,6.0,11.0,1502.5,1557.9
2021-12-17,2021,Bayern Munich,Wolfsburg,4,0,H,O,1.2,7.54,13.18,9.0,2.0,5.0,3.0,9,3.0,1.0,0.0,1.0,5.0,4.0,1.0,2.0,5.0,-3.0,3.0,-1.0,4.0,0.0,1.0,-1.0,0.0,1.0,-1.0,87.5,12.5,42.9,42.9,27.0,13.0,26.0,12.0,1791.9,1547.3
2021-12-15,2021,Union Berlin,Freiburg,0,0,D,U,2.47,3.3,2.98,5.0,2.0,4.0,3.0,9,2.0,1.0,1.0,2.0,6.0,8.0,-2.0,6.0,4.0,2.0,0.0,4.0,-4.0,1.0,1.0,0.0,1.0,0.0,1.0,62.5,12.5,50.0,25.0,16.0,23.0,18.0,14.0,1558.4,1541.3
2021-12-15,2021,M'gladbach,Ein Frankfurt,2,3,A,O,2.02,3.71,3.58,8.0,5.0,7.0,1.0,8,2.0,2.0,1.0,1.0,6.0,6.0,0.0,7.0,4.0,3.0,-1.0,2.0,-3.0,1.0,1.0,0.0,1.0,0.0,1.0,57.1,14.3,37.5,37.5,19.0,13.0,19.0,13.0,1535.5,1590.4
2021-12-15,2021,Leverkusen,Hoffenheim,2,2,D,O,1.85,4.08,3.88,9.0,6.0,6.0,3.0,8,2.0,2.0,1.0,1.0,8.0,8.0,0.0,3.0,6.0,-3.0,5.0,2.0,3.0,1.0,1.0,0.0,1.0,1.0,0.0,57.1,42.9,37.5,50.0,14.0,20.0,21.0,21.0,1595.2,1570.5
2021-12-15,2021,Dortmund,Greuther Furth,3,0,H,O,1.12,9.8,21.42,5.0,1.0,5.0,8.0,9,2.0,0.0,1.0,3.0,6.0,2.0,4.0,4.0,14.0,-10.0,2.0,-12.0,14.0,1.0,0.0,1.0,0.0,3.0,-3.0,87.5,12.5,0.0,100.0,12.0,9.0,10.0,12.0,1676.1,1420.3
2021-12-15,2021,Augsburg,RB Leipzig,1,1,D,U,6.38,4.7,1.48,2.0,4.0,6.0,8.0,8,2.0,0.0,1.0,2.0,8.0,2.0,6.0,5.0,5.0,0.0,3.0,-3.0,6.0,1.0,0.0,1.0,0.0,1.0,-1.0,42.9,42.9,0.0,57.1,22.0,9.0,21.0,14.0,1450.3,1613.9
2021-12-14,2021,Wolfsburg,FC Koln,2,3,A,O,2.18,3.49,3.36,5.0,6.0,9.0,5.0,9,1.0,0.0,2.0,1.0,2.0,2.0,0.0,5.0,4.0,1.0,-3.0,-2.0,-1.0,0.0,0.0,0.0,2.0,1.0,1.0,37.5,50.0,0.0,42.9,14.0,15.0,12.0,11.0,1559.7,1474.3
2021-12-14,2021,Stuttgart,Bayern Munich,0,5,A,O,9.55,6.36,1.29,1.0,12.0,1.0,3.0,9,1.0,2.0,1.0,1.0,4.0,9.0,-5.0,4.0,6.0,-2.0,0.0,3.0,-3.0,0.0,1.0,-1.0,0.0,0.0,0.0,37.5,37.5,71.4,14.3,10.0,16.0,20.0,17.0,1490.4,1788.9
2021-12-14,2021,Mainz,Hertha,4,0,H,O,1.95,3.52,4.12,11.0,1.0,4.0,1.0,9,1.0,0.0,0.0,2.0,5.0,2.0,3.0,2.0,6.0,-4.0,3.0,-4.0,7.0,1.0,0.0,1.0,0.0,2.0,-2.0,50.0,12.5,25.0,62.5,15.0,13.0,20.0,15.0,1517.1,1482.5
2021-12-14,2021,Bielefeld,Bochum,2,0,H,U,2.33,3.4,3.14,4.0,3.0,6.0,2.0,9,0.0,1.0,1.0,2.0,4.0,4.0,0.0,5.0,5.0,0.0,-1.0,-1.0,0.0,0.0,0.0,0.0,0.0,0.0,0.0,0.0,37.5,25.0,75.0,15.0,17.0,19.0,14.0,1451.6,1514.3
2021-12-12,2021,Greuther Furth,Union Berlin,1,0,H,U,4.68,3.97,1.72,3.0,4.0,3.0,7.0,7,0.0,0.0,3.0,1.0,4.0,4.0,0.0,9.0,5.0,4.0,-5.0,-1.0,-4.0,0.0,0.0,0.0,1.0,0.0,1.0,0.0,83.3,16.7,33.3,12.0,10.0,14.0,6.0,1405.8,1572.9
2021-12-12,2021,Ein Frankfurt,Leverkusen,5,2,H,O,3.25,3.76,2.12,7.0,4.0,7.0,4.0,7,1.0,1.0,1.0,0.0,4.0,6.0,-2.0,4.0,4.0,0.0,0.0,2.0,-2.0,0.0,1.0,-1.0,0.0,0.0,0.0,16.7,16.7,57.1,0.0,12.0,13.0,19.0,14.0,1579.6,1605.9
2021-12-11,2021,Wolfsburg,Stuttgart,0,2,A,U,1.85,3.68,4.32,3.0,3.0,5.0,3.0,8,1.0,0.0,2.0,2.0,2.0,3.0,-1.0,5.0,7.0,-2.0,-3.0,-4.0,1.0,0.0,0.0,0.0,2.0,1.0,1.0,42.9,42.9,0.0,50.0,15.0,9.0,14.0,9.0,1572.4,1477.7
2021-12-11,2021,RB Leipzig,M'gladbach,4,1,H,O,1.75,4.19,4.32,10.0,4.0,6.0,0.0,8,2.0,0.0,1.0,2.0,7.0,2.0,5.0,5.0,6.0,-1.0,2.0,-4.0,6.0,1.0,0.0,1.0,1.0,1.0,0.0,71.4,28.6,14.3,71.4,15.0,11.0,15.0,11.0,1605.7,1543.7
2021-12-11,2021,Hertha,Bielefeld,2,0,H,U,2.05,3.3,3.95,9.0,1.0,6.0,4.0,7,1.0,1.0,0.0,1.0,3.0,2.0,1.0,2.0,2.0,0.0,1.0,0.0,1.0,0.0,0.0,0.0,0.0,0.0,0.0,33.3,33.3,16.7,50.0,13.0,5.0,12.0,13.0,1472.9,1461.2
2021-12-11,2021,Freiburg,Hoffenheim,1,2,A,O,2.41,3.54,2.89,6.0,8.0,6.0,7.0,7,1.0,1.0,1.0,2.0,4.0,6.0,-2.0,4.0,9.0,-5.0,0.0,-3.0,3.0,1.0,1.0,0.0,1.0,2.0,-1.0,50.0,16.7,28.6,57.1,13.0,14.0,23.0,16.0,1551.0,1560.8
2021-12-11,2021,Bochum,Dortmund,1,1,D,U,5.98,4.72,1.5,3.0,8.0,0.0,15.0,7,3.0,2.0,0.0,1.0,6.0,7.0,-1.0,1.0,4.0,-3.0,5.0,3.0,2.0,2.0,2.0,0.0,0.0,0.0,0.0,66.7,16.7,50.0,50.0,16.0,18.0,10.0,15.0,1509.8,1680.7
2021-12-11,2021,Bayern Munich,Mainz,2,1,H,O,1.23,7.04,11.59,7.0,4.0,7.0,2.0,8,3.0,1.0,0.0,2.0,7.0,4.0,3.0,1.0,6.0,-5.0,6.0,-2.0,8.0,1.0,0.0,1.0,0.0,1.0,-1.0,85.7,14.3,33.3,66.7,27.0,13.0,23.0,14.0,1785.3,1520.7
2021-12-10,2021,FC Koln,Augsburg,0,2,A,U,1.69,3.98,4.98,4.0,4.0,9.0,4.0,8,1.0,0.0,0.0,2.0,8.0,2.0,6.0,5.0,6.0,-1.0,3.0,-4.0,7.0,1.0,0.0,1.0,0.0,1.0,-1.0,57.1,0.0,0.0,57.1,19.0,12.0,15.0,16.0,1485.7,1439.0
2021-12-05,2021,Stuttgart,Hertha,2,2,D,O,2.27,3.36,3.28,3.0,8.0,7.0,5.0,8,1.0,1.0,1.0,2.0,3.0,2.0,1.0,3.0,5.0,-2.0,0.0,-3.0,3.0,0.0,0.0,0.0,0.0,2.0,-2.0,42.9,42.9,28.6,71.4,9.0,11.0,14.0,14.0,1477.8,1472.7
2021-12-05,2021,M'gladbach,Freiburg,0,6,A,O,1.86,3.75,4.15,3.0,8.0,3.0,3.0,7,2.0,1.0,0.0,2.0,7.0,4.0,3.0,2.0,4.0,-2.0,5.0,0.0,5.0,1.0,1.0,0.0,0.0,0.0,0.0,66.7,0.0,42.9,28.6,24.0,19.0,25.0,12.0,1554.1,1540.7
2021-12-04,2021,Mainz,Wolfsburg,3,0,H,O,2.53,3.27,2.92,5.0,0.0,6.0,5.0,8,1.0,1.0,0.0,1.0,6.0,4.0,2.0,3.0,4.0,-1.0,3.0,0.0,3.0,1.0,1.0,0.0,0.0,1.0,-1.0,42.9,14.3,50.0,33.3,18.0,17.0,20.0,10.0,1508.5,1584.6
2021-12-04,2021,Leverkusen,Greuther Furth,7,1,H,O,1.24,6.68,11.59,8.0,3.0,4.0,3.0,7,1.0,0.0,2.0,3.0,2.0,2.0,0.0,7.0,11.0,-4.0,-5.0,-9.0,4.0,0.0,0.0,0.0,2.0,3.0,-1.0,50.0,50.0,0.0,100.0,10.0,10.0,21.0,13.0,1600.9,1410.8
2021-12-04,2021,Hoffenheim,Ein Frankfurt,3,2,H,O,1.9,3.94,3.8,4.0,2.0,4.0,6.0,7,3.0,2.0,0.0,1.0,9.0,4.0,5.0,0.0,3.0,-3.0,9.0,1.0,8.0,3.0,1.0,2.0,0.0,1.0,-1.0,66.7,16.7,42.9,28.6,19.0,17.0,19.0,14.0,1549.6,1590.8
2021-12-04,2021,Dortmund,Bayern Munich,2,3,A,O,3.91,4.32,1.81,4.0,6.0,4.0,6.0,8,3.0,2.0,0.0,1.0,7.0,11.0,-4.0,2.0,5.0,-3.0,5.0,6.0,-1.0,2.0,2.0,0.0,0.0,0.0,0.0,100.0,0.0,66.7,16.7,13.0,21.0,12.0,18.0,1688.1,1777.9
2021-12-04,2021,Bielefeld,FC Koln,1,1,D,U,3.39,3.48,2.17,5.0,3.0,7.0,1.0,8,0.0,0.0,2.0,2.0,4.0,1.0,3.0,7.0,8.0,-1.0,-3.0,-7.0,4.0,0.0,0.0,0.0,1.0,2.0,-1.0,0.0,42.9,0.0,50.0,16.0,12.0,19.0,13.0,1460.5,1486.4
2021-12-04,2021,Augsburg,Bochum,2,3,A,O,2.35,3.33,3.14,7.0,6.0,13.0,6.0,7,2.0,1.0,0.0,2.0,7.0,2.0,5.0,3.0,3.0,0.0,4.0,-1.0,5.0,1.0,0.0,1.0,0.0,0.0,0.0,50.0,33.3,14.3,85.7,21.0,13.0,17.0,11.0,1447.4,1501.3
2021-12-03,2021,Union Berlin,RB Leipzig,2,1,H,O,3.52,3.53,2.11,5.0,2.0,5.0,7.0,8,2.0,0.0,1.0,1.0,6.0,2.0,4.0,5.0,4.0,1.0,1.0,-2.0,3.0,2.0,0.0,2.0,1.0,1.0,0.0,57.1,14.3,0.0,50.0,14.0,11.0,16.0,12.0,1561.3,1617.3
2021-11-28,2021,RB Leipzig,Leverkusen,1,3,A,O,1.83,3.96,4.03,3.0,4.0,7.0,2.0,7,3.0,1.0,0.0,0.0,9.0,7.0,2.0,2.0,3.0,-1.0,7.0,4.0,3.0,2.0,1.0,1.0,0.0,0.0,0.0,83.3,16.7,50.0,0.0,21.0,16.0,10.0,16.0,1628.4,1589.8
2021-11-28,2021,Ein Frankfurt,Union Berlin,2,1,H,O,2.34,3.48,2.99,4.0,4.0,7.0,2.0,6,0.0,1.0,1.0,0.0,3.0,5.0,-2.0,4.0,4.0,0.0,-1.0,1.0,-2.0,0.0,0.0,0.0,0.0,0.0,0.0,0.0,20.0,20.0,20.0,11.0,9.0,19.0,9.0,1581.1,1571.0
2021-11-27,2021,Wolfsburg,Dortmund,1,3,A,O,2.92,3.49,2.4,7.0,8.0,7.0,7.0,7,1.0,1.0,2.0,2.0,2.0,4.0,-2.0,5.0,4.0,1.0,-3.0,0.0,-3.0,0.0,1.0,-1.0,2.0,0.0,2.0,50.0,33.3,40.0,60.0,13.0,10.0,11.0,9.0,1592.1,1680.6
2021-11-27,2021,Hertha,Augsburg,1,1,D,U,2.16,3.23,3.7,4.0,7.0,5.0,6.0,6,1.0,0.0,1.0,3.0,3.0,2.0,1.0,3.0,7.0,-4.0,0.0,-5.0,5.0,0.0,0.0,0.0,0.0,1.0,-1.0,40.0,40.0,0.0,66.7,12.0,8.0,11.0,13.0,1473.5,1446.7
2021-11-27,2021,Greuther Furth,Hoffenheim,3,6,A,O,4.8,4.3,1.65,7.0,11.0,4.0,10.0,6,0.0,0.0,3.0,3.0,2.0,1.0,1.0,6.0,9.0,-3.0,-4.0,-8.0,4.0,0.0,0.0,0.0,1.0,3.0,-2.0,0.0,80.0,16.7,66.7,11.0,7.0,16.0,10.0,1417.4,1543.1
2021-11-27,2021,FC Koln,M'gladbach,4,1,H,O,2.84,3.6,2.4,9.0,5.0,4.0,4.0,7,1.0,1.0,0.0,1.0,7.0,4.0,3.0,5.0,3.0,2.0,2.0,1.0,1.0,1.0,1.0,0.0,0.0,0.0,0.0,50.0,0.0,16.7,66.7,18.0,17.0,19.0,13.0,1473.8,1566.7
2021-11-27,2021,Bochum,Freiburg,2,1,H,O,3.26,3.28,2.3,5.0,11.0,4.0,7.0,6,2.0,2.0,0.0,1.0,4.0,5.0,-1.0,0.0,3.0,-3.0,4.0,2.0,2.0,2.0,1.0,1.0,0.0,0.0,0.0,60.0,20.0,50.0,16.7,15.0,12.0,13.0,14.0,1489.5,1552.5
2021-11-27,2021,Bayern Munich,Bielefeld,1,0,H,U,1.09,11.5,28.43,9.0,0.0,13.0,4.0,7,2.0,1.0,1.0,1.0,7.0,2.0,5.0,3.0,2.0,1.0,4.0,0.0,4.0,1.0,0.0,1.0,0.0,0.0,0.0,83.3,16.7,20.0,40.0,29.0,7.0,20.0,13.0,1775.0,1463.3
2021-11-26,2021,Stuttgart,Mainz,2,1,H,O,2.89,3.27,2.54,3.0,5.0,5.0,6.0,7,1.0,1.0,1.0,2.0,4.0,3.0,1.0,3.0,5.0,-2.0,1.0,-2.0,3.0,1.0,0.0,1.0,0.0,1.0,-1.0,33.3,50.0,40.0,60.0,12.0,13.0,18.0,11.0,1466.3,1520.1
2021-11-21,2021,Mainz,FC Koln,1,1,D,U,2.14,3.56,3.36,2.0,6.0,5.0,7.0,7,1.0,0.0,1.0,2.0,6.0,1.0,5.0,4.0,8.0,-4.0,2.0,-7.0,9.0,1.0,0.0,1.0,0.0,2.0,-2.0,50.0,16.7,0.0,60.0,20.0,8.0,17.0,12.0,1521.5,1472.4
2021-11-21,2021,Freiburg,Ein Frankfurt,0,2,A,U,2.02,3.6,3.63,6.0,7.0,10.0,4.0,6,2.0,2.0,0.0,1.0,7.0,4.0,3.0,2.0,4.0,-2.0,5.0,0.0,5.0,2.0,0.0,2.0,0.0,1.0,-1.0,60.0,0.0,33.3,33.3,16.0,13.0,19.0,11.0,1562.2,1571.3
2021-11-20,2021,Union Berlin,Hertha,2,0,H,U,2.0,3.44,3.97,5.0,3.0,7.0,6.0,7,2.0,1.0,1.0,2.0,5.0,2.0,3.0,5.0,9.0,-4.0,0.0,-7.0,7.0,1.0,0.0,1.0,1.0,2.0,-1.0,50.0,16.7,33.3,66.7,13.0,11.0,14.0,9.0,1563.3,1481.2
2021-11-20,2021,M'gladbach,Greuther Furth,4,0,H,O,1.31,5.56,9.98,11.0,2.0,7.0,7.0,6,2.0,0.0,0.0,3.0,4.0,3.0,1.0,2.0,10.0,-8.0,2.0,-7.0,9.0,0.0,0.0,0.0,0.0,3.0,-3.0,60.0,0.0,0.0,100.0,16.0,11.0,23.0,7.0,1560.5,1423.6
2021-11-20,2021,Leverkusen,Bochum,1,0,H,U,1.4,5.04,7.77,5.0,7.0,7.0,7.0,6,1.0,1.0,2.0,2.0,2.0,2.0,0.0,7.0,5.0,2.0,-5.0,-3.0,-2.0,0.0,0.0,0.0,2.0,1.0,1.0,40.0,60.0,16.7,83.3,14.0,8.0,20.0,7.0,1582.2,1497.1
2021-11-20,2021,Hoffenheim,RB Leipzig,2,0,H,U,4.04,4.2,1.79,8.0,0.0,7.0,2.0,6,3.0,0.0,0.0,0.0,10.0,3.0,7.0,1.0,3.0,-2.0,9.0,0.0,9.0,3.0,0.0,3.0,0.0,0.0,0.0,60.0,20.0,0.0,40.0,14.0,20.0,17.0,20.0,1530.0,1641.5
2021-11-20,2021,Dortmund,Stuttgart,2,1,H,O,1.35,5.44,8.55,4.0,4.0,2.0,3.0,7,3.0,0.0,0.0,1.0,7.0,2.0,5.0,2.0,5.0,-3.0,5.0,-3.0,8.0,2.0,0.0,2.0,0.0,1.0,-1.0,100.0,0.0,0.0,40.0,12.0,8.0,17.0,8.0,1675.9,1471.0
2021-11-20,2021,Bielefeld,Wolfsburg,2,2,D,O,4.02,3.47,1.97,3.0,5.0,6.0,5.0,7,0.0,1.0,3.0,2.0,2.0,3.0,-1.0,9.0,5.0,4.0,-7.0,-2.0,-5.0,0.0,1.0,-1.0,2.0,2.0,0.0,0.0,50.0,60.0,40.0,16.0,14.0,15.0,7.0,1459.6,1595.8
2021-11-19,2021,Augsburg,Bayern Munich,2,1,H,O,14.62,7.65,1.19,3.0,4.0,1.0,10.0,6,2.0,3.0,0.0,0.0,6.0,13.0,-7.0,2.0,4.0,-2.0,4.0,9.0,-5.0,1.0,3.0,-2.0,0.0,0.0,0.0,40.0,40.0,80.0,0.0,19.0,21.0,18.0,11.0,1428.9,1792.8
2021-11-07,2021,Hertha,Leverkusen,1,1,D,U,3.53,3.59,2.06,5.0,3.0,5.0,6.0,5,2.0,2.0,1.0,0.0,4.0,9.0,-5.0,3.0,3.0,0.0,1.0,6.0,-5.0,0.0,2.0,-2.0,0.0,0.0,0.0,50.0,50.0,60.0,0.0,10.0,17.0,15.0,16.0,1478.2,1585.2
2021-11-07,2021,Greuther Furth,Ein Frankfurt,1,2,A,O,3.72,3.76,1.96,2.0,4.0,6.0,3.0,5,0.0,1.0,3.0,1.0,1.0,3.0,-2.0,6.0,4.0,2.0,-5.0,-1.0,-4.0,0.0,0.0,0.0,2.0,1.0,1.0,0.0,75.0,20.0,40.0,12.0,11.0,13.0,12.0,1429.9,1565.0
2021-11-07,2021,FC Koln,Union Berlin,2,2,D,O,2.11,3.55,3.44,5.0,3.0,5.0,2.0,6,1.0,1.0,0.0,1.0,6.0,5.0,1.0,4.0,6.0,-2.0,2.0,-1.0,3.0,1.0,0.0,1.0,0.0,1.0,-1.0,60.0,0.0,25.0,25.0,19.0,12.0,18.0,13.0,1469.7,1566.0
2021-11-06,2021,Wolfsburg,Augsburg,1,0,H,U,1.54,4.24,6.25,4.0,3.0,0.0,8.0,6,0.0,0.0,2.0,3.0,2.0,2.0,0.0,6.0,9.0,-3.0,-4.0,-7.0,3.0,0.0,0.0,0.0,2.0,2.0,0.0,40.0,40.0,0.0,60.0,15.0,7.0,18.0,8.0,1590.0,1434.7
2021-11-06,2021,Stuttgart,Bielefeld,0,1,A,U,1.89,3.64,4.16,4.0,2.0,8.0,4.0,6,1.0,0.0,1.0,2.0,5.0,2.0,3.0,5.0,5.0,0.0,0.0,-3.0,3.0,1.0,0.0,1.0,1.0,1.0,0.0,40.0,40.0,0.0,50.0,16.0,12.0,12.0,13.0,1482.0,1448.7
2021-11-06,2021,RB Leipzig,Dortmund,2,1,H,O,1.99,3.81,3.58,7.0,3.0,5.0,6.0,6,3.0,2.0,0.0,1.0,13.0,7.0,6.0,1.0,5.0,-4.0,12.0,2.0,10.0,3.0,1.0,2.0,0.0,0.0,0.0,80.0,20.0,50.0,50.0,25.0,14.0,7.0,6.0,1629.9,1687.6
2021-11-06,2021,Bochum,Hoffenheim,2,0,H,U,3.66,3.79,1.97,4.0,1.0,2.0,4.0,5,1.0,0.0,1.0,2.0,3.0,1.0,2.0,3.0,7.0,-4.0,0.0,-6.0,6.0,1.0,0.0,1.0,1.0,2.0,-1.0,50.0,25.0,20.0,60.0,16.0,9.0,18.0,12.0,1485.5,1541.6
2021-11-06,2021,Bayern Munich,Freiburg,2,1,H,O,1.18,7.94,14.45,11.0,4.0,6.0,4.0,6,2.0,2.0,1.0,0.0,12.0,4.0,8.0,2.0,1.0,1.0,10.0,3.0,7.0,2.0,1.0,1.0,0.0,0.0,0.0,80.0,20.0,60.0,0.0,33.0,10.0,16.0,14.0,1788.4,1566.5
2021-11-05,2021,Mainz,M'gladbach,1,1,D,U,2.68,3.52,2.59,8.0,5.0,9.0,1.0,6,1.0,1.0,1.0,2.0,5.0,3.0,2.0,3.0,3.0,0.0,2.0,0.0,2.0,1.0,1.0,0.0,0.0,0.0,0.0,60.0,20.0,20.0,80.0,15.0,13.0,12.0,18.0,1520.3,1561.7
2021-10-31,2021,M'gladbach,Bochum,2,1,H,O,1.36,5.12,8.37,5.0,4.0,9.0,1.0,5,2.0,1.0,0.0,2.0,5.0,1.0,4.0,2.0,10.0,-8.0,3.0,-9.0,12.0,1.0,0.0,1.0,0.0,2.0,-2.0,50.0,0.0,20.0,80.0,15.0,5.0,17.0,8.0,1553.4,1493.8
2021-10-31,2021,Augsburg,Stuttgart,4,1,H,O,2.94,3.26,2.49,12.0,3.0,7.0,5.0,5,1.0,0.0,1.0,0.0,3.0,2.0,1.0,5.0,2.0,3.0,-2.0,0.0,-2.0,0.0,0.0,0.0,1.0,0.0,1.0,25.0,50.0,0.0,25.0,11.0,8.0,15.0,9.0,1422.6,1494.0
2021-10-30,2021,Union Berlin,Bayern Munich,2,5,A,O,8.73,5.69,1.32,6.0,6.0,6.0,1.0,6,2.0,3.0,0.0,0.0,3.0,12.0,-9.0,0.0,3.0,-3.0,3.0,9.0,-6.0,1.0,3.0,-2.0,0.0,0.0,0.0,60.0,0.0,75.0,0.0,13.0,21.0,14.0,16.0,1570.6,1783.9
2021-10-30,2021,Leverkusen,Wolfsburg,0,2,A,U,1.95,3.62,3.88,1.0,8.0,10.0,2.0,5,1.0,1.0,2.0,2.0,5.0,3.0,2.0,9.0,5.0,4.0,-4.0,-2.0,-2.0,0.0,1.0,-1.0,1.0,2.0,-1.0,50.0,50.0,50.0,50.0,18.0,10.0,14.0,10.0,1595.7,1579.5
2021-10-30,2021,Freiburg,Greuther Furth,3,1,H,O,1.39,4.94,7.83,5.0,4.0,5.0,2.0,5,1.0,0.0,0.0,3.0,5.0,3.0,2.0,2.0,9.0,-7.0,3.0,-6.0,9.0,1.0,0.0,1.0,0.0,2.0,-2.0,50.0,0.0,0.0,100.0,14.0,10.0,18.0,9.0,1560.0,1436.5
2021-10-30,2021,Ein Frankfurt,RB Leipzig,1,1,D,U,4.01,4.03,1.82,3.0,7.0,5.0,5.0,5,0.0,0.0,1.0,1.0,3.0,2.0,1.0,4.0,3.0,1.0,-1.0,-1.0,0.0,0.0,0.0,0.0,0.0,0.0,0.0,0.0,25.0,0.0,50.0,13.0,15.0,20.0,22.0,1563.1,1631.8
2021-10-30,2021,Dortmund,FC Koln,2,0,H,U,1.48,4.87,5.94,4.0,6.0,4.0,3.0,6,3.0,0.0,0.0,1.0,9.0,2.0,7.0,4.0,7.0,-3.0,5.0,-5.0,10.0,2.0,0.0,2.0,0.0,1.0,-1.0,100.0,0.0,0.0,50.0,12.0,7.0,16.0,11.0,1682.9,1474.3
2021-10-30,2021,Bielefeld,Mainz,1,2,A,O,3.67,3.35,2.1,7.0,6.0,6.0,6.0,6,0.0,1.0,2.0,2.0,1.0,3.0,-2.0,7.0,4.0,3.0,-6.0,-1.0,-5.0,0.0,1.0,-1.0,2.0,1.0,1.0,0.0,40.0,25.0,75.0,11.0,11.0,14.0,10.0,1457.1,1511.8
2021-10-29,2021,Hoffenheim,Hertha,2,0,H,U,1.72,3.96,4.74,3.0,2.0,9.0,4.0,5,2.0,2.0,1.0,1.0,8.0,5.0,3.0,3.0,8.0,-5.0,5.0,-3.0,8.0,2.0,1.0,1.0,1.0,1.0,0.0,50.0,25.0,40.0,60.0,11.0,13.0,12.0,7.0,1532.9,1486.9
2021-10-24,2021,Stuttgart,Union Berlin,1,1,D,U,2.48,3.45,2.82,2.0,3.0,1.0,2.0,5,1.0,1.0,2.0,1.0,6.0,6.0,0.0,7.0,7.0,0.0,-1.0,-1.0,0.0,1.0,0.0,1.0,1.0,1.0,0.0,50.0,50.0,33.3,33.3,21.0,17.0,19.0,16.0,1491.7,1572.9
2021-10-24,2021,FC Koln,Leverkusen,2,2,D,O,3.2,3.89,2.09,5.0,6.0,6.0,6.0,5,2.0,3.0,0.0,0.0,6.0,11.0,-5.0,3.0,2.0,1.0,3.0,9.0,-6.0,1.0,3.0,-2.0,0.0,0.0,0.0,75.0,0.0,75.0,0.0,19.0,16.0,17.0,14.0,1470.8,1599.2
2021-10-24,2021,Bochum,Ein Frankfurt,2,0,H,U,3.13,3.54,2.24,7.0,6.0,4.0,7.0,4,1.0,1.0,1.0,0.0,3.0,4.0,-1.0,3.0,3.0,0.0,0.0,1.0,-1.0,1.0,0.0,1.0,1.0,0.0,1.0,33.3,33.3,25.0,25.0,14.0,8.0,16.0,9.0,1481.2,1575.7
2021-10-23,2021,Wolfsburg,Freiburg,0,2,A,U,2.18,3.3,3.52,4.0,4.0,7.0,1.0,5,1.0,2.0,1.0,0.0,3.0,5.0,-2.0,4.0,3.0,1.0,-1.0,2.0,-3.0,0.0,0.0,0.0,1.0,0.0,1.0,50.0,25.0,50.0,0.0,13.0,13.0,18.0,18.0,1590.7,1548.8
2021-10-23,2021,RB Leipzig,Greuther Furth,4,1,H,O,1.14,8.8,19.29,5.0,4.0,3.0,4.0,5,2.0,0.0,1.0,3.0,10.0,2.0,8.0,4.0,8.0,-4.0,6.0,-6.0,12.0,2.0,0.0,2.0,1.0,2.0,-1.0,75.0,25.0,0.0,100.0,24.0,7.0,6.0,9.0,1626.7,1441.6
2021-10-23,2021,Hertha,M'gladbach,1,0,H,U,3.72,3.63,1.99,4.0,1.0,2.0,6.0,4,1.0,1.0,2.0,2.0,4.0,4.0,0.0,5.0,4.0,1.0,-1.0,0.0,-1.0,0.0,1.0,-1.0,0.0,0.0,0.0,33.3,66.7,25.0,75.0,10.0,17.0,17.0,20.0,1474.3,1565.9
2021-10-23,2021,Bielefeld,Dortmund,1,3,A,O,6.35,4.5,1.5,6.0,7.0,7.0,2.0,5,0.0,1.0,1.0,2.0,1.0,5.0,-4.0,5.0,6.0,-1.0,-4.0,-1.0,-3.0,0.0,0.0,0.0,1.0,0.0,1.0,0.0,25.0,33.3,66.7,10.0,9.0,11.0,14.0,1461.6,1678.5
2021-10-23,2021,Bayern Munich,Hoffenheim,4,0,H,O,1.17,8.31,14.03,7.0,2.0,4.0,2.0,5,2.0,0.0,1.0,2.0,13.0,3.0,10.0,2.0,6.0,-4.0,11.0,-3.0,14.0,2.0,0.0,2.0,0.0,1.0,-1.0,75.0,25.0,25.0,50.0,32.0,12.0,20.0,17.0,1780.0,1536.9
2021-10-22,2021,Mainz,Augsburg,4,1,H,O,1.66,3.79,5.64,8.0,2.0,6.0,2.0,5,1.0,0.0,1.0,2.0,4.0,1.0,3.0,2.0,5.0,-3.0,2.0,-4.0,6.0,1.0,0.0,1.0,0.0,1.0,-1.0,50.0,25.0,0.0,50.0,16.0,11.0,13.0,10.0,1503.9,1430.6
2021-10-17,2021,Leverkusen,Bayern Munich,1,5,A,O,4.88,4.57,1.61,4.0,11.0,4.0,7.0,4,2.0,2.0,1.0,0.0,8.0,8.0,0.0,4.0,3.0,1.0,4.0,5.0,-1.0,1.0,2.0,-1.0,0.0,0.0,0.0,66.7,33.3,66.7,0.0,20.0,20.0,17.0,17.0,1604.7,1774.5
2021-10-17,2021,Augsburg,Bielefeld,1,1,D,U,2.3,3.21,3.32,6.0,3.0,9.0,5.0,4,1.0,0.0,2.0,2.0,2.0,2.0,0.0,8.0,5.0,3.0,-6.0,-3.0,-3.0,0.0,0.0,0.0,2.0,1.0,1.0,33.3,66.7,0.0,66.7,5.0,11.0,12.0,8.0,1429.6,1462.5
2021-10-16,2021,Union Berlin,Wolfsburg,2,0,H,U,2.73,3.19,2.73,3.0,4.0,3.0,3.0,5,2.0,2.0,0.0,1.0,3.0,5.0,-2.0,1.0,4.0,-3.0,2.0,1.0,1.0,0.0,1.0,-1.0,0.0,1.0,-1.0,50.0,0.0,66.7,33.3,14.0,9.0,15.0,11.0,1561.7,1601.9
2021-10-16,2021,M'gladbach,Stuttgart,1,1,D,U,1.52,4.65,5.75,8.0,2.0,9.0,1.0,4,2.0,0.0,0.0,1.0,5.0,1.0,4.0,2.0,5.0,-3.0,3.0,-4.0,7.0,1.0,0.0,1.0,0.0,1.0,-1.0,66.7,0.0,0.0,33.3,12.0,11.0,11.0,10.0,1568.2,1489.5
2021-10-16,2021,Greuther Furth,Bochum,0,1,A,U,2.43,3.44,2.9,3.0,2.0,4.0,3.0,4,0.0,0.0,2.0,3.0,2.0,1.0,1.0,6.0,12.0,-6.0,-4.0,-11.0,7.0,0.0,0.0,0.0,2.0,2.0,0.0,0.0,66.7,0.0,100.0,14.0,4.0,14.0,10.0,1451.0,1471.8
2021-10-16,2021,Freiburg,RB Leipzig,1,1,D,U,3.94,3.76,1.9,2.0,4.0,8.0,5.0,4,2.0,0.0,0.0,2.0,6.0,1.0,5.0,2.0,3.0,-1.0,4.0,-2.0,6.0,1.0,0.0,1.0,0.0,0.0,0.0,66.7,0.0,0.0,66.7,16.0,13.0,10.0,28.0,1546.4,1629.0
2021-10-16,2021,Ein Frankfurt,Hertha,1,2,A,O,1.75,3.86,4.67,5.0,6.0,7.0,4.0,4,0.0,1.0,0.0,2.0,2.0,3.0,-1.0,2.0,12.0,-10.0,0.0,-9.0,9.0,0.0,1.0,-1.0,0.0,2.0,-2.0,0.0,0.0,25.0,75.0,13.0,10.0,19.0,6.0,1589.3,1460.8
2021-10-16,2021,Dortmund,Mainz,3,1,H,O,1.42,4.94,7.19,5.0,2.0,6.0,2.0,5,3.0,1.0,0.0,2.0,9.0,2.0,7.0,5.0,3.0,2.0,4.0,-1.0,5.0,1.0,1.0,0.0,0.0,1.0,-1.0,100.0,0.0,33.3,66.7,20.0,12.0,14.0,15.0,1672.9,1509.5
2021-10-15,2021,Hoffenheim,FC Koln,5,0,H,O,2.08,3.81,3.32,8.0,0.0,3.0,3.0,4,1.0,0.0,1.0,1.0,5.0,4.0,1.0,5.0,5.0,0.0,0.0,-1.0,1.0,1.0,0.0,1.0,1.0,0.0,1.0,33.3,33.3,0.0,33.3,6.0,10.0,15.0,12.0,1528.3,1479.4
2021-10-03,2021,Mainz,Union Berlin,1,2,A,O,2.09,3.35,3.71,4.0,3.0,2.0,5.0,4,2.0,,0.0,,4.0,,,0.0,,,4.0,,,1.0,,,0.0,,,66.7,0.0,0.0,50.0,14.0,,16.0,,1518.6,1552.7
2021-10-03,2021,Bielefeld,Leverkusen,0,4,A,O,5.05,3.95,1.69,3.0,7.0,2.0,4.0,4,0.0,2.0,0.0,0.0,1.0,8.0,-7.0,1.0,3.0,-2.0,0.0,5.0,-5.0,0.0,2.0,-2.0,0.0,0.0,0.0,0.0,0.0,66.7,0.0,11.0,13.0,13.0,16.0,1468.9,1598.2
2021-10-03,2021,Bayern Munich,Ein Frankfurt,1,2,A,O,1.17,8.35,14.57,11.0,3.0,10.0,1.0,4,3.0,0.0,0.0,1.0,15.0,4.0,11.0,2.0,7.0,-5.0,13.0,-3.0,16.0,2.0,0.0,2.0,0.0,1.0,-1.0,100.0,0.0,0.0,33.3,27.0,8.0,13.0,11.0,1790.0,1573.8
2021-10-02,2021,Wolfsburg,M'gladbach,1,3,A,O,2.18,3.52,3.31,5.0,11.0,4.0,6.0,4,2.0,0.0,0.0,3.0,3.0,1.0,2.0,1.0,7.0,-6.0,2.0,-6.0,8.0,0.0,0.0,0.0,0.0,1.0,-1.0,66.7,0.0,0.0,100.0,17.0,12.0,19.0,17.0,1613.5,1556.5
2021-10-02,2021,Stuttgart,Hoffenheim,3,1,H,O,2.66,3.83,2.46,6.0,4.0,9.0,4.0,4,1.0,1.0,2.0,1.0,8.0,6.0,2.0,7.0,3.0,4.0,1.0,3.0,-2.0,1.0,1.0,0.0,1.0,0.0,1.0,33.3,66.7,33.3,33.3,30.0,16.0,19.0,18.0,1477.7,1540.1
2021-10-02,2021,RB Leipzig,Bochum,3,0,H,O,1.22,6.84,13.05,9.0,2.0,2.0,3.0,4,2.0,0.0,1.0,3.0,11.0,1.0,10.0,4.0,10.0,-6.0,7.0,-9.0,16.0,2.0,0.0,2.0,1.0,1.0,0.0,66.7,33.3,0.0,100.0,26.0,3.0,10.0,9.0,1623.0,1477.8
2021-10-02,2021,Hertha,Freiburg,1,2,A,O,2.88,3.35,2.51,3.0,4.0,4.0,9.0,3,,1.0,,0.0,,3.0,,,2.0,,,1.0,,,0.0,,,0.0,,50.0,50.0,33.3,0.0,,15.0,,18.0,1468.8,1538.4
2021-10-02,2021,Dortmund,Augsburg,2,1,H,O,1.23,6.62,12.16,3.0,3.0,7.0,3.0,4,3.0,0.0,0.0,1.0,12.0,0.0,12.0,6.0,3.0,3.0,6.0,-3.0,9.0,2.0,0.0,2.0,0.0,1.0,-1.0,100.0,0.0,0.0,33.3,24.0,8.0,14.0,8.0,1668.8,1433.7
2021-10-01,2021,FC Koln,Greuther Furth,3,1,H,O,1.46,4.83,6.76,8.0,3.0,8.0,1.0,4,2.0,0.0,0.0,3.0,6.0,2.0,4.0,3.0,10.0,-7.0,3.0,-8.0,11.0,1.0,0.0,1.0,0.0,2.0,-2.0,66.7,0.0,0.0,100.0,16.0,8.0,13.0,10.0,1469.6,1460.8
2021-09-26,2021,Freiburg,Augsburg,3,0,H,O,1.9,3.55,4.25,9.0,2.0,6.0,3.0,3,,,,,,,,,,,,,,,,,,,,50.0,0.0,0.0,0.0,,,,,1530.9,1441.2
2021-09-26,2021,Bochum,Stuttgart,0,0,D,U,3.03,3.53,2.32,4.0,3.0,7.0,2.0,3,,,,,,,,,,,,,,,,,,,,50.0,50.0,0.0,50.0,,,,,1477.8,1477.7
2021-09-25,2021,Union Berlin,Bielefeld,1,0,H,U,1.72,3.73,5.13,4.0,2.0,5.0,4.0,4,1.0,,0.0,,3.0,,,2.0,,,1.0,,,0.0,,,0.0,,,33.3,0.0,0.0,50.0,15.0,,11.0,,1544.6,1477.0
2021-09-25,2021,RB Leipzig,Hertha,6,0,H,O,1.35,5.27,8.85,11.0,3.0,2.0,1.0,3,,1.0,,2.0,,4.0,,,9.0,,,-5.0,,,1.0,,,2.0,,50.0,50.0,33.3,66.7,,12.0,,10.0,1616.9,1474.9
2021-09-25,2021,M'gladbach,Dortmund,1,0,H,U,4.09,4.26,1.77,3.0,0.0,5.0,1.0,3,,,,,,,,,,,,,,,,,,,,50.0,0.0,50.0,50.0,,,,,1542.7,1682.6
2021-09-25,2021,Leverkusen,Mainz,1,0,H,U,1.75,4.0,4.46,9.0,5.0,6.0,3.0,3,,,,,,,,,,,,,,,,,,,,50.0,50.0,50.0,50.0,,,,,1590.0,1526.8
2021-09-25,2021,Hoffenheim,Wolfsburg,3,1,H,O,2.84,3.48,2.48,3.0,2.0,5.0,2.0,3,,,,,,,,,,,,,,,,,,,,0.0,50.0,100.0,0.0,,,,,1527.3,1626.3
2021-09-25,2021,Ein Frankfurt,FC Koln,1,1,D,U,2.04,3.8,3.46,3.0,2.0,7.0,6.0,3,,,,,,,,,,,,,,,,,,,,0.0,0.0,0.0,50.0,,,,,1576.8,1466.5
2021-09-24,2021,Greuther Furth,Bayern Munich,1,3,A,O,22.54,12.09,1.1,6.0,4.0,6.0,3.0,3,,,,,,,,,,,,,,,,,,,,0.0,50.0,50.0,0.0,,,,,1463.5,1787.3
2021-09-19,2021,Wolfsburg,Ein Frankfurt,1,1,D,U,1.84,3.77,4.23,6.0,2.0,7.0,4.0,3,,,,,,,,,,,,,,,,,,,,100.0,0.0,0.0,50.0,,,,,1627.8,1575.3
2021-09-19,2021,Stuttgart,Leverkusen,1,3,A,O,3.18,3.73,2.16,8.0,4.0,2.0,6.0,3,,,,,,,,,,,,,,,,,,,,50.0,50.0,50.0,0.0,,,,,1485.0,1582.8
2021-09-19,2021,Dortmund,Union Berlin,4,2,H,O,1.37,5.25,8.07,4.0,6.0,3.0,6.0,3,,,,,,,,,,,,,,,,,,,,100.0,0.0,0.0,0.0,,,,,1676.0,1551.2
2021-09-18,2021,Mainz,Freiburg,0,0,D,U,2.07,3.58,3.53,3.0,2.0,4.0,4.0,3,,,,,,,,,,,,,,,,,,,,100.0,0.0,50.0,0.0,,,,,1526.6,1531.1
2021-09-18,2021,FC Koln,RB Leipzig,1,1,D,U,4.37,3.95,1.78,6.0,9.0,4.0,10.0,3,,,,,,,,,,,,,,,,,,,,100.0,0.0,0.0,100.0,,,,,1462.3,1621.1
2021-09-18,2021,Bielefeld,Hoffenheim,0,0,D,U,3.55,3.57,2.08,2.0,3.0,5.0,6.0,3,,,,,,,,,,,,,,,,,,,,0.0,0.0,50.0,50.0,,,,,1475.5,1528.8
2021-09-18,2021,Bayern Munich,Bochum,7,0,H,O,1.07,13.19,31.99,15.0,1.0,2.0,2.0,3,,,,,,,,,,,,,,,,,,,,100.0,0.0,0.0,100.0,,,,,1784.4,1480.8
2021-09-18,2021,Augsburg,M'gladbach,1,0,H,U,4.1,3.9,1.84,1.0,1.0,2.0,6.0,3,,,,,,,,,,,,,,,,,,,,0.0,100.0,0.0,100.0,,,,,1427.6,1556.3
2021-09-17,2021,Hertha,Greuther Furth,2,1,H,O,1.81,3.75,4.51,3.0,3.0,9.0,4.0,2,,,,,,,,,,,,,,,,,,,,0.0,100.0,0.0,100.0,,,,,1464.6,1473.7
2021-09-12,2021,M'gladbach,Bielefeld,3,1,H,O,1.46,4.68,6.86,4.0,7.0,3.0,4.0,2,,,,,,,,,,,,,,,,,,,,0.0,0.0,0.0,0.0,,,,,1548.1,1483.7
2021-09-12,2021,Ein Frankfurt,Stuttgart,1,1,D,U,2.05,3.76,3.44,5.0,3.0,6.0,6.0,2,,,,,,,,,,,,,,,,,,,,0.0,0.0,0.0,100.0,,,,,1578.0,1482.3
2021-09-12,2021,Bochum,Hertha,1,3,A,O,2.78,3.35,2.58,5.0,4.0,7.0,2.0,2,,,,,,,,,,,,,,,,,,,,100.0,0.0,0.0,100.0,,,,,1491.9,1453.6
2021-09-11,2021,Union Berlin,Augsburg,0,0,D,U,1.73,3.94,4.69,6.0,6.0,6.0,4.0,3,,,,,,,,,,,,,,,,,,,,50.0,0.0,0.0,0.0,,,,,1554.8,1424.1
2021-09-11,2021,RB Leipzig,Bayern Munich,1,4,A,O,2.99,3.87,2.22,4.0,6.0,2.0,6.0,2,,,,,,,,,,,,,,,,,,,,100.0,0.0,0.0,0.0,,,,,1627.0,1778.5
2021-09-11,2021,Leverkusen,Dortmund,3,4,A,O,3.11,3.84,2.17,5.0,7.0,4.0,3.0,2,,,,,,,,,,,,,,,,,,,,100.0,0.0,0.0,100.0,,,,,1590.6,1668.2
2021-09-11,2021,Hoffenheim,Mainz,0,2,A,U,2.03,3.8,3.46,0.0,4.0,4.0,5.0,2,,,,,,,,,,,,,,,,,,,,0.0,0.0,0.0,100.0,,,,,1539.5,1516.0
2021-09-11,2021,Greuther Furth,Wolfsburg,0,2,A,U,5.52,4.29,1.59,3.0,4.0,3.0,5.0,2,,,,,,,,,,,,,,,,,,,,0.0,0.0,100.0,0.0,,,,,1479.9,1621.6
2021-09-11,2021,Freiburg,FC Koln,1,1,D,U,2.14,3.7,3.25,3.0,5.0,4.0,2.0,2,,,,,,,,,,,,,,,,,,,,100.0,0.0,0.0,100.0,,,,,1533.1,1460.2
2021-08-29,2021,Wolfsburg,RB Leipzig,1,0,H,U,3.46,3.55,2.11,2.0,2.0,7.0,7.0,2,,,,,,,,,,,,,,,,,,,,100.0,0.0,0.0,100.0,,,,,1610.9,1637.8
2021-08-29,2021,Union Berlin,M'gladbach,2,1,H,O,2.58,3.3,2.82,4.0,5.0,4.0,8.0,2,,,,,,,,,,,,,,,,,,,,0.0,0.0,0.0,100.0,,,,,1544.4,1558.5
2021-08-28,2021,Stuttgart,Freiburg,2,3,A,O,2.23,3.53,3.22,7.0,7.0,8.0,5.0,2,,,,,,,,,,,,,,,,,,,,100.0,0.0,0.0,0.0,,,,,1491.3,1524.1
2021-08-28,2021,Mainz,Greuther Furth,3,0,H,O,1.71,3.97,4.9,9.0,1.0,7.0,4.0,2,,,,,,,,,,,,,,,,,,,,100.0,0.0,0.0,100.0,,,,,1506.4,1489.4
2021-08-28,2021,FC Koln,Bochum,2,1,H,O,1.88,3.73,4.11,5.0,1.0,5.0,5.0,2,,,,,,,,,,,,,,,,,,,,100.0,0.0,0.0,100.0,,,,,1448.6,1503.4
2021-08-28,2021,Bielefeld,Ein Frankfurt,1,1,D,U,3.41,3.63,2.11,5.0,3.0,4.0,4.0,2,,,,,,,,,,,,,,,,,,,,0.0,0.0,0.0,100.0,,,,,1480.9,1580.8
2021-08-28,2021,Bayern Munich,Hertha,5,0,H,O,1.18,7.96,14.67,6.0,3.0,8.0,3.0,2,,,,,,,,,,,,,,,,,,,,100.0,0.0,0.0,100.0,,,,,1775.7,1456.3
2021-08-28,2021,Augsburg,Leverkusen,1,4,A,O,4.75,3.87,1.74,4.0,5.0,4.0,4.0,2,,,,,,,,,,,,,,,,,,,,0.0,100.0,0.0,0.0,,,,,1429.9,1584.8
2021-08-27,2021,Dortmund,Hoffenheim,3,2,H,O,1.44,5.23,6.51,13.0,5.0,4.0,7.0,2,,,,,,,,,,,,,,,,,,,,100.0,0.0,100.0,0.0,,,,,1661.4,1546.3
2021-08-22,2021,Hoffenheim,Union Berlin,2,2,D,O,2.06,3.58,3.58,3.0,8.0,6.0,5.0,1,,,,,,,,,,,,,,,,,,,,,,,,,,,,1546.3,1544.3
2021-08-22,2021,Bayern Munich,FC Koln,3,2,H,O,1.13,9.35,19.76,6.0,3.0,3.0,4.0,1,,,,,,,,,,,,,,,,,,,,,,,,,,,,1773.0,1451.3
2021-08-21,2021,Leverkusen,M'gladbach,4,0,H,O,2.32,3.62,2.95,6.0,6.0,7.0,3.0,1,,,,,,,,,,,,,,,,,,,,,,,,,,,,1575.0,1568.3
2021-08-21,2021,Hertha,Wolfsburg,1,2,A,O,3.06,3.44,2.33,4.0,3.0,4.0,4.0,1,,,,,,,,,,,,,,,,,,,,,,,,,,,,1462.4,1604.7
2021-08-21,2021,Greuther Furth,Bielefeld,1,1,D,U,2.57,3.39,2.77,5.0,2.0,5.0,0.0,1,,,,,,,,,,,,,,,,,,,,,,,,,,,,1489.6,1480.6
2021-08-21,2021,Freiburg,Dortmund,2,1,H,O,5.5,4.59,1.55,4.0,2.0,0.0,10.0,1,,,,,,,,,,,,,,,,,,,,,,,,,,,,1509.6,1675.9
2021-08-21,2021,Ein Frankfurt,Augsburg,0,0,D,U,1.61,4.38,5.1,5.0,0.0,6.0,1.0,1,,,,,,,,,,,,,,,,,,,,,,,,,,,,1585.1,1425.6
2021-08-21,2021,Bochum,Mainz,2,0,H,U,2.66,3.51,2.6,5.0,3.0,2.0,7.0,1,,,,,,,,,,,,,,,,,,,,,,,,,,,,1492.7,1517.1
2021-08-20,2021,RB Leipzig,Stuttgart,4,0,H,O,1.42,4.98,7.24,11.0,5.0,6.0,2.0,1,,,,,,,,,,,,,,,,,,,,,,,,,,,,1631.5,1497.7
2021-08-15,2021,Mainz,RB Leipzig,1,0,H,U,8.07,5.44,1.35,2.0,2.0,5.0,11.0,1,,,,,,,,,,,,,,,,,,,,,,,,,,,,1503.3,1645.4
2021-08-15,2021,FC Koln,Hertha,3,1,H,O,2.57,3.34,2.8,5.0,5.0,4.0,5.0,1,,,,,,,,,,,,,,,,,,,,,,,,,,,,1440.4,1473.4
2021-08-14,2021,Wolfsburg,Bochum,1,0,H,U,1.57,4.37,5.63,9.0,1.0,5.0,2.0,1,,,,,,,,,,,,,,,,,,,,,,,,,,,,1597.5,1500.0
2021-08-14,2021,Union Berlin,Leverkusen,1,1,D,U,2.79,3.36,2.57,5.0,4.0,1.0,6.0,1,,,,,,,,,,,,,,,,,,,,,,,,,,,,1543.4,1575.9
2021-08-14,2021,Stuttgart,Greuther Furth,5,1,H,O,1.86,3.9,3.98,15.0,4.0,9.0,2.0,1,,,,,,,,,,,,,,,,,,,,,,,,,,,,1487.3,1500.0
2021-08-14,2021,Dortmund,Ein Frankfurt,5,2,H,O,1.44,5.17,6.49,7.0,3.0,7.0,3.0,1,,,,,,,,,,,,,,,,,,,,,,,,,,,,1668.0,1593.0
2021-08-14,2021,Bielefeld,Freiburg,0,0,D,U,2.92,3.27,2.52,4.0,6.0,4.0,9.0,1,,,,,,,,,,,,,,,,,,,,,,,,,,,,1479.7,1510.5
2021-08-14,2021,Augsburg,Hoffenheim,0,4,A,O,3.19,3.68,2.17,0.0,8.0,6.0,5.0,1,,,,,,,,,,,,,,,,,,,,,,,,,,,,1432.6,1539.3
2021-08-13,2021,M'gladbach,Bayern Munich,1,1,D,U,4.54,4.32,1.7,5.0,10.0,3.0,8.0,1,,,,,,,,,,,,,,,,,,,,,,,,,,,,1562.8,1778.5
2021-05-22,2020,Wolfsburg,Mainz,2,3,A,O,1.66,4.3,4.81,5.0,8.0,7.0,7.0,17,1.0,2.0,2.0,0.0,5.0,5.0,0.0,5.0,3.0,2.0,0.0,2.0,-2.0,1.0,0.0,1.0,1.0,0.0,1.0,62.5,12.5,31.2,37.5,13.0,14.0,20.0,11.0,1610.8,1489.9
2021-05-22,2020,Werder Bremen,M'gladbach,2,4,A,O,2.67,3.92,2.42,8.0,8.0,3.0,5.0,17,0.0,0.0,2.0,2.0,1.0,4.0,-3.0,5.0,11.0,-6.0,-4.0,-7.0,3.0,0.0,0.0,0.0,1.0,1.0,0.0,18.8,50.0,25.0,37.5,8.0,9.0,16.0,10.0,1437.5,1556.1
2021-05-22,2020,Union Berlin,RB Leipzig,2,1,H,O,2.97,3.89,2.22,5.0,7.0,7.0,3.0,17,2.0,1.0,0.0,2.0,6.0,7.0,-1.0,3.0,6.0,-3.0,3.0,1.0,2.0,1.0,1.0,0.0,0.0,0.0,0.0,43.8,6.2,50.0,25.0,13.0,17.0,17.0,17.0,1529.8,1658.9
2021-05-22,2020,Stuttgart,Bielefeld,0,2,A,U,2.4,3.89,2.7,0.0,3.0,3.0,6.0,17,1.0,0.0,2.0,1.0,5.0,0.0,5.0,7.0,5.0,2.0,-2.0,-5.0,3.0,0.0,0.0,0.0,1.0,1.0,0.0,31.2,31.2,12.5,50.0,13.0,11.0,9.0,7.0,1498.1,1468.9
2021-05-22,2020,Hoffenheim,Hertha,2,1,H,O,1.94,3.99,3.6,5.0,5.0,4.0,3.0,17,2.0,1.0,0.0,0.0,7.0,4.0,3.0,4.0,3.0,1.0,3.0,1.0,2.0,1.0,0.0,1.0,0.0,0.0,0.0,43.8,37.5,18.8,43.8,18.0,12.0,15.0,14.0,1530.7,1482.0
2021-05-22,2020,FC Koln,Schalke 04,1,0,H,U,1.35,5.57,8.01,10.0,1.0,8.0,4.0,17,1.0,0.0,2.0,3.0,5.0,2.0,3.0,8.0,9.0,-1.0,-3.0,-7.0,4.0,0.0,0.0,0.0,1.0,2.0,-1.0,12.5,56.2,0.0,75.0,9.0,5.0,5.0,9.0,1432.1,1373.3
2021-05-22,2020,Ein Frankfurt,Freiburg,3,1,H,O,2.07,4.23,3.07,11.0,6.0,8.0,1.0,17,2.0,1.0,0.0,2.0,7.0,4.0,3.0,4.0,5.0,-1.0,3.0,-1.0,4.0,1.0,1.0,0.0,0.0,1.0,-1.0,56.2,0.0,31.2,50.0,13.0,12.0,18.0,10.0,1584.9,1518.6
2021-05-22,2020,Dortmund,Leverkusen,3,1,H,O,1.55,4.63,5.45,4.0,7.0,3.0,6.0,17,3.0,0.0,0.0,1.0,9.0,0.0,9.0,3.0,2.0,1.0,6.0,-2.0,8.0,2.0,0.0,2.0,0.0,1.0,-1.0,62.5,25.0,37.5,31.2,24.0,12.0,18.0,10.0,1660.2,1583.7
2021-05-22,2020,Bayern Munich,Augsburg,5,2,H,O,1.13,9.9,18.62,13.0,5.0,10.0,2.0,17,2.0,0.0,0.0,3.0,9.0,1.0,8.0,1.0,5.0,-4.0,8.0,-4.0,12.0,2.0,0.0,2.0,0.0,1.0,-1.0,75.0,0.0,25.0,62.5,18.0,17.0,20.0,23.0,1776.1,1435.1
2021-05-16,2020,RB Leipzig,Wolfsburg,2,2,D,O,2.21,3.44,3.3,4.0,4.0,11.0,3.0,17,1.0,2.0,1.0,1.0,2.0,8.0,-6.0,1.0,6.0,-5.0,1.0,2.0,-1.0,1.0,1.0,0.0,0.0,0.0,0.0,68.8,12.5,43.8,25.0,16.0,16.0,22.0,17.0,1660.4,1609.4
2021-05-16,2020,Mainz,Dortmund,1,3,A,O,6.61,5.02,1.44,5.0,4.0,4.0,2.0,17,1.0,2.0,0.0,0.0,4.0,7.0,-3.0,3.0,4.0,-1.0,1.0,3.0,-2.0,0.0,1.0,-1.0,0.0,0.0,0.0,25.0,50.0,50.0,37.5,18.0,15.0,10.0,12.0,1495.6,1654.4
2021-05-15,2020,Schalke 04,Ein Frankfurt,4,3,H,O,12.16,6.92,1.22,6.0,9.0,1.0,13.0,17,1.0,1.0,2.0,2.0,2.0,3.0,-1.0,5.0,8.0,-3.0,-3.0,-5.0,2.0,0.0,0.0,0.0,1.0,2.0,-1.0,12.5,68.8,37.5,31.2,4.0,12.0,7.0,16.0,1357.3,1600.9
2021-05-15,2020,M'gladbach,Stuttgart,1,2,A,O,1.64,4.56,4.6,4.0,7.0,2.0,1.0,17,3.0,0.0,0.0,3.0,11.0,1.0,10.0,1.0,8.0,-7.0,10.0,-7.0,17.0,2.0,0.0,2.0,0.0,2.0,-2.0,50.0,25.0,37.5,43.8,21.0,6.0,11.0,8.0,1568.4,1485.8
2021-05-15,2020,Leverkusen,Union Berlin,1,1,D,U,1.88,3.71,4.12,4.0,6.0,4.0,5.0,17,3.0,0.0,0.0,2.0,8.0,1.0,7.0,2.0,6.0,-4.0,6.0,-5.0,11.0,2.0,0.0,2.0,0.0,2.0,-2.0,50.0,25.0,25.0,43.8,17.0,5.0,12.0,7.0,1585.4,1528.2
2021-05-15,2020,Hertha,FC Koln,0,0,D,U,2.59,3.28,2.83,1.0,3.0,1.0,5.0,17,1.0,1.0,0.0,2.0,5.0,3.0,2.0,2.0,6.0,-4.0,3.0,-3.0,6.0,1.0,0.0,1.0,0.0,1.0,-1.0,31.2,43.8,31.2,50.0,18.0,9.0,19.0,10.0,1483.5,1430.6
2021-05-15,2020,Freiburg,Bayern Munich,2,2,D,O,8.6,5.82,1.32,4.0,6.0,4.0,8.0,17,2.0,2.0,0.0,1.0,7.0,5.0,2.0,1.0,4.0,-3.0,6.0,1.0,5.0,2.0,0.0,2.0,0.0,0.0,0.0,43.8,25.0,68.8,25.0,18.0,18.0,12.0,12.0,1512.1,1782.6
2021-05-15,2020,Bielefeld,Hoffenheim,1,1,D,U,2.68,3.67,2.5,6.0,3.0,10.0,4.0,17,2.0,0.0,1.0,1.0,2.0,2.0,0.0,1.0,3.0,-2.0,1.0,-1.0,2.0,0.0,0.0,0.0,0.0,0.0,0.0,37.5,56.2,18.8,43.8,9.0,10.0,9.0,16.0,1467.0,1532.6
2021-05-15,2020,Augsburg,Werder Bremen,2,0,H,U,2.59,3.16,2.92,7.0,5.0,5.0,5.0,17,1.0,0.0,1.0,3.0,4.0,2.0,2.0,4.0,8.0,-4.0,0.0,-6.0,6.0,0.0,0.0,0.0,0.0,2.0,-2.0,31.2,43.8,25.0,43.8,10.0,10.0,15.0,6.0,1424.4,1448.2
2021-05-12,2020,Schalke 04,Hertha,1,2,A,O,7.0,4.67,1.45,1.0,6.0,1.0,7.0,16,1.0,0.0,1.0,1.0,1.0,2.0,-1.0,3.0,4.0,-1.0,-2.0,-2.0,0.0,0.0,0.0,0.0,1.0,1.0,0.0,13.3,66.7,13.3,46.7,5.0,6.0,8.0,7.0,1364.2,1476.6
2021-05-09,2020,Hertha,Bielefeld,0,0,D,U,1.89,3.66,4.09,4.0,5.0,4.0,3.0,16,2.0,0.0,0.0,1.0,8.0,1.0,7.0,2.0,6.0,-4.0,6.0,-5.0,11.0,2.0,0.0,2.0,0.0,1.0,-1.0,33.3,46.7,13.3,53.3,24.0,8.0,19.0,7.0,1476.9,1466.7
2021-05-09,2020,FC Koln,Freiburg,1,4,A,O,2.05,3.69,3.49,2.0,6.0,3.0,2.0,16,1.0,0.0,1.0,3.0,6.0,1.0,5.0,6.0,6.0,0.0,0.0,-5.0,5.0,0.0,0.0,0.0,0.0,1.0,-1.0,13.3,53.3,26.7,53.3,9.0,10.0,7.0,11.0,1438.7,1503.9
2021-05-09,2020,Ein Frankfurt,Mainz,1,1,D,U,1.83,4.06,3.96,4.0,3.0,8.0,2.0,16,3.0,3.0,0.0,0.0,11.0,6.0,5.0,5.0,3.0,2.0,6.0,3.0,3.0,2.0,0.0,2.0,0.0,0.0,0.0,60.0,0.0,33.3,40.0,14.0,18.0,12.0,18.0,1604.0,1492.5
2021-05-08,2020,Wolfsburg,Union Berlin,3,0,H,O,1.78,3.75,4.64,8.0,1.0,4.0,3.0,16,1.0,0.0,2.0,2.0,3.0,3.0,0.0,5.0,8.0,-3.0,-2.0,-5.0,3.0,0.0,0.0,0.0,1.0,2.0,-1.0,60.0,13.3,26.7,40.0,11.0,12.0,21.0,8.0,1601.2,1536.3
2021-05-08,2020,Werder Bremen,Leverkusen,0,0,D,U,4.32,3.8,1.81,2.0,4.0,4.0,6.0,16,0.0,0.0,3.0,2.0,2.0,0.0,2.0,7.0,5.0,2.0,-5.0,-5.0,0.0,0.0,0.0,0.0,1.0,2.0,-1.0,20.0,53.3,40.0,33.3,10.0,9.0,15.0,12.0,1444.3,1589.3
2021-05-08,2020,Hoffenheim,Schalke 04,4,2,H,O,1.22,6.72,12.63,12.0,3.0,9.0,3.0,16,1.0,0.0,1.0,3.0,4.0,1.0,3.0,4.0,7.0,-3.0,0.0,-6.0,6.0,0.0,0.0,0.0,0.0,1.0,-1.0,40.0,40.0,0.0,73.3,8.0,4.0,8.0,10.0,1526.8,1369.9
2021-05-08,2020,Dortmund,RB Leipzig,3,2,H,O,2.19,3.68,3.18,4.0,7.0,7.0,7.0,16,2.0,2.0,1.0,1.0,7.0,6.0,1.0,3.0,3.0,0.0,4.0,3.0,1.0,2.0,1.0,1.0,0.0,0.0,0.0,60.0,26.7,53.3,20.0,27.0,18.0,21.0,17.0,1643.7,1671.2
2021-05-08,2020,Bayern Munich,M'gladbach,6,0,H,O,1.37,5.48,7.64,7.0,2.0,5.0,3.0,16,2.0,1.0,0.0,1.0,7.0,7.0,0.0,1.0,5.0,-4.0,6.0,2.0,4.0,2.0,1.0,1.0,0.0,0.0,0.0,73.3,0.0,26.7,33.3,18.0,14.0,16.0,14.0,1777.9,1573.1
2021-05-07,2020,Stuttgart,Augsburg,2,1,H,O,2.24,3.46,3.25,6.0,9.0,2.0,12.0,16,1.0,0.0,2.0,3.0,4.0,0.0,4.0,6.0,5.0,1.0,-2.0,-5.0,3.0,0.0,0.0,0.0,1.0,2.0,-1.0,26.7,33.3,26.7,60.0,10.0,16.0,13.0,16.0,1477.0,1433.1
2021-05-06,2020,Hertha,Freiburg,3,0,H,O,2.03,3.61,3.62,6.0,4.0,4.0,6.0,15,2.0,0.0,0.0,3.0,7.0,1.0,6.0,3.0,4.0,-1.0,4.0,-3.0,7.0,1.0,0.0,1.0,0.0,0.0,0.0,28.6,50.0,28.6,50.0,25.0,9.0,21.0,9.0,1465.5,1515.4
2021-05-03,2020,Mainz,Hertha,1,1,D,U,2.41,3.49,2.89,9.0,5.0,6.0,4.0,16,2.0,0.0,0.0,2.0,4.0,1.0,3.0,2.0,5.0,-3.0,2.0,-4.0,6.0,0.0,0.0,0.0,0.0,2.0,-2.0,26.7,53.3,14.3,50.0,16.0,3.0,4.0,8.0,1493.4,1464.6
2021-04-25,2020,RB Leipzig,Stuttgart,2,0,H,U,1.39,5.14,7.52,11.0,0.0,10.0,1.0,16,0.0,0.0,1.0,2.0,1.0,2.0,-1.0,2.0,7.0,-5.0,-1.0,-5.0,4.0,0.0,0.0,0.0,0.0,1.0,-1.0,66.7,13.3,40.0,40.0,13.0,7.0,16.0,11.0,1666.0,1482.2
2021-04-25,2020,M'gladbach,Bielefeld,5,0,H,O,1.62,3.87,5.88,12.0,5.0,4.0,1.0,16,2.0,1.0,1.0,0.0,6.0,3.0,3.0,2.0,2.0,0.0,4.0,1.0,3.0,1.0,0.0,1.0,0.0,0.0,0.0,46.7,26.7,14.3,50.0,12.0,8.0,14.0,11.0,1565.7,1474.1
2021-04-24,2020,Wolfsburg,Dortmund,0,2,A,U,3.12,3.93,2.12,2.0,4.0,10.0,2.0,15,2.0,1.0,1.0,1.0,8.0,7.0,1.0,3.0,8.0,-5.0,5.0,-1.0,6.0,1.0,0.0,1.0,0.0,1.0,-1.0,64.3,7.1,46.7,40.0,16.0,14.0,14.0,10.0,1610.5,1634.3
2021-04-24,2020,Union Berlin,Werder Bremen,3,1,H,O,1.91,3.48,4.24,6.0,5.0,11.0,2.0,16,2.0,1.0,0.0,2.0,5.0,3.0,2.0,3.0,5.0,-2.0,2.0,-2.0,4.0,0.0,1.0,-1.0,0.0,1.0,-1.0,40.0,6.7,26.7,40.0,15.0,7.0,12.0,4.0,1528.5,1452.1
2021-04-24,2020,Mainz,Bayern Munich,2,1,H,O,8.74,5.81,1.32,4.0,4.0,2.0,3.0,15,1.0,3.0,1.0,0.0,2.0,7.0,-5.0,2.0,3.0,-1.0,0.0,4.0,-4.0,0.0,1.0,-1.0,0.0,0.0,0.0,21.4,57.1,73.3,20.0,17.0,20.0,7.0,17.0,1476.1,1795.1
2021-04-24,2020,Leverkusen,Ein Frankfurt,3,1,H,O,2.28,3.76,2.92,10.0,4.0,5.0,6.0,16,2.0,1.0,1.0,1.0,6.0,3.0,3.0,3.0,6.0,-3.0,3.0,-3.0,6.0,1.0,0.0,1.0,0.0,1.0,-1.0,46.7,26.7,40.0,26.7,15.0,10.0,16.0,13.0,1578.3,1615.1
2021-04-24,2020,Freiburg,Hoffenheim,1,1,D,U,2.76,3.51,2.5,7.0,4.0,6.0,5.0,16,2.0,0.0,1.0,2.0,6.0,1.0,5.0,3.0,4.0,-1.0,3.0,-3.0,6.0,2.0,0.0,2.0,1.0,1.0,0.0,46.7,26.7,20.0,46.7,12.0,11.0,7.0,15.0,1515.0,1527.2
2021-04-23,2020,Augsburg,FC Koln,2,3,A,O,2.91,3.26,2.54,5.0,6.0,6.0,3.0,16,2.0,0.0,0.0,3.0,5.0,1.0,4.0,2.0,6.0,-4.0,3.0,-5.0,8.0,1.0,0.0,1.0,0.0,1.0,-1.0,33.3,40.0,26.7,53.3,8.0,8.0,10.0,13.0,1443.6,1428.3
2021-04-21,2020,Werder Bremen,Mainz,0,1,A,U,3.09,3.29,2.38,4.0,5.0,10.0,4.0,15,0.0,2.0,3.0,0.0,3.0,5.0,-2.0,9.0,3.0,6.0,-6.0,2.0,-8.0,0.0,0.0,0.0,2.0,0.0,2.0,21.4,50.0,28.6,42.9,10.0,15.0,8.0,20.0,1462.0,1466.2
2021-04-21,2020,Stuttgart,Wolfsburg,1,3,A,O,3.36,3.78,2.06,4.0,4.0,4.0,1.0,15,2.0,1.0,1.0,2.0,5.0,6.0,-1.0,3.0,7.0,-4.0,2.0,-1.0,3.0,1.0,0.0,1.0,0.0,0.0,0.0,28.6,28.6,40.0,26.7,10.0,17.0,13.0,22.0,1489.0,1603.7
2021-04-21,2020,Hoffenheim,M'gladbach,3,2,H,O,3.08,3.69,2.21,6.0,3.0,5.0,4.0,15,1.0,1.0,1.0,1.0,3.0,6.0,-3.0,3.0,5.0,-2.0,0.0,1.0,-1.0,0.0,1.0,-1.0,0.0,1.0,-1.0,35.7,42.9,28.6,28.6,6.0,18.0,5.0,20.0,1515.4,1577.5
2021-04-21,2020,Dortmund,Union Berlin,2,0,H,U,1.54,4.42,5.95,11.0,2.0,4.0,3.0,15,2.0,0.0,1.0,1.0,7.0,3.0,4.0,3.0,6.0,-3.0,4.0,-3.0,7.0,2.0,0.0,2.0,0.0,1.0,-1.0,57.1,28.6,28.6,35.7,20.0,13.0,24.0,8.0,1626.9,1535.9
2021-04-20,2020,FC Koln,RB Leipzig,2,1,H,O,7.68,4.75,1.42,3.0,6.0,0.0,8.0,15,0.0,3.0,1.0,0.0,5.0,8.0,-3.0,6.0,1.0,5.0,-1.0,7.0,-8.0,0.0,2.0,-2.0,0.0,0.0,0.0,7.1,57.1,57.1,14.3,10.0,20.0,16.0,11.0,1411.7,1682.5
2021-04-20,2020,Ein Frankfurt,Augsburg,2,0,H,U,1.44,4.86,7.0,4.0,4.0,7.0,5.0,15,2.0,0.0,0.0,3.0,10.0,1.0,9.0,6.0,5.0,1.0,4.0,-4.0,8.0,1.0,0.0,1.0,0.0,1.0,-1.0,57.1,0.0,28.6,57.1,18.0,16.0,18.0,12.0,1609.4,1449.2
2021-04-20,2020,Bielefeld,Schalke 04,1,0,H,U,1.75,3.65,5.0,5.0,0.0,4.0,2.0,16,1.0,0.0,2.0,3.0,1.0,1.0,0.0,3.0,11.0,-8.0,-2.0,-10.0,8.0,0.0,0.0,0.0,1.0,2.0,-1.0,33.3,60.0,0.0,71.4,11.0,6.0,14.0,16.0,1466.7,1377.4
2021-04-20,2020,Bayern Munich,Leverkusen,2,0,H,U,1.45,4.96,6.48,9.0,3.0,7.0,3.0,15,2.0,1.0,0.0,1.0,9.0,1.0,8.0,3.0,3.0,0.0,6.0,-2.0,8.0,2.0,0.0,2.0,0.0,1.0,-1.0,71.4,0.0,42.9,28.6,18.0,11.0,15.0,17.0,1790.5,1582.9
2021-04-18,2020,Dortmund,Werder Bremen,4,1,H,O,1.39,5.05,7.65,9.0,3.0,7.0,4.0,14,2.0,1.0,1.0,1.0,6.0,3.0,3.0,2.0,2.0,0.0,4.0,1.0,3.0,2.0,1.0,1.0,0.0,0.0,0.0,53.8,30.8,28.6,35.7,20.0,9.0,22.0,3.0,1621.0,1467.9
2021-04-17,2020,Wolfsburg,Bayern Munich,2,3,A,O,3.8,3.88,1.9,3.0,9.0,6.0,5.0,14,3.0,2.0,0.0,1.0,8.0,5.0,3.0,0.0,3.0,-3.0,8.0,2.0,6.0,2.0,1.0,1.0,0.0,0.0,0.0,69.2,0.0,71.4,21.4,15.0,17.0,11.0,22.0,1609.0,1785.2
2021-04-17,2020,Union Berlin,Stuttgart,2,1,H,O,2.3,3.4,3.15,4.0,2.0,4.0,4.0,15,1.0,1.0,0.0,1.0,4.0,2.0,2.0,3.0,5.0,-2.0,1.0,-3.0,4.0,0.0,0.0,0.0,0.0,1.0,-1.0,35.7,7.1,42.9,35.7,12.0,8.0,11.0,13.0,1526.8,1498.2
2021-04-17,2020,M'gladbach,Ein Frankfurt,4,0,H,O,2.54,3.71,2.61,4.0,5.0,7.0,8.0,15,1.0,1.0,2.0,1.0,3.0,4.0,-1.0,4.0,4.0,0.0,-1.0,0.0,-1.0,0.0,0.0,0.0,0.0,0.0,0.0,42.9,28.6,42.9,21.4,11.0,9.0,11.0,13.0,1565.9,1621.0
2021-04-17,2020,Leverkusen,FC Koln,3,0,H,O,1.64,3.91,5.55,5.0,2.0,2.0,3.0,15,1.0,0.0,2.0,3.0,4.0,2.0,2.0,5.0,8.0,-3.0,-1.0,-6.0,5.0,0.0,0.0,0.0,0.0,1.0,-1.0,42.9,28.6,28.6,50.0,15.0,9.0,22.0,14.0,1577.2,1417.4
2021-04-17,2020,Freiburg,Schalke 04,4,0,H,O,1.69,3.94,4.94,8.0,2.0,3.0,4.0,15,1.0,0.0,2.0,3.0,2.0,2.0,0.0,4.0,12.0,-8.0,-2.0,-10.0,8.0,1.0,0.0,1.0,1.0,2.0,-1.0,42.9,28.6,0.0,69.2,5.0,9.0,6.0,21.0,1508.5,1384.0
2021-04-17,2020,Augsburg,Bielefeld,0,0,D,U,2.49,3.21,2.98,3.0,1.0,7.0,3.0,15,2.0,1.0,0.0,1.0,6.0,3.0,3.0,3.0,5.0,-2.0,3.0,-2.0,5.0,1.0,0.0,1.0,0.0,1.0,-1.0,35.7,42.9,15.4,53.8,8.0,9.0,4.0,10.0,1448.7,1467.2
2021-04-16,2020,RB Leipzig,Hoffenheim,0,0,D,U,1.4,5.03,7.77,2.0,0.0,4.0,1.0,15,1.0,0.0,1.0,2.0,4.0,2.0,2.0,4.0,5.0,-1.0,0.0,-3.0,3.0,0.0,0.0,0.0,0.0,1.0,-1.0,71.4,14.3,21.4,50.0,22.0,15.0,15.0,18.0,1687.2,1510.7
2021-04-12,2020,Hoffenheim,Leverkusen,0,0,D,U,2.87,3.57,2.38,0.0,5.0,1.0,1.0,14,2.0,1.0,1.0,1.0,7.0,2.0,5.0,3.0,4.0,-1.0,4.0,-2.0,6.0,1.0,0.0,1.0,0.0,1.0,-1.0,38.5,46.2,46.2,30.8,12.0,9.0,10.0,20.0,1508.7,1579.2
2021-04-11,2020,Schalke 04,Augsburg,1,0,H,U,3.22,3.34,2.29,2.0,4.0,4.0,6.0,15,0.0,1.0,2.0,2.0,0.0,2.0,-2.0,7.0,4.0,3.0,-7.0,-2.0,-5.0,0.0,0.0,0.0,2.0,1.0,1.0,7.1,71.4,30.8,53.8,5.0,15.0,8.0,9.0,1371.5,1461.2
2021-04-11,2020,FC Koln,Mainz,2,3,A,O,3.03,3.26,2.44,4.0,6.0,2.0,5.0,14,0.0,2.0,1.0,0.0,3.0,4.0,-1.0,4.0,2.0,2.0,-1.0,2.0,-3.0,0.0,0.0,0.0,0.0,0.0,0.0,7.7,53.8,23.1,46.2,6.0,15.0,14.0,19.0,1426.6,1457.1
2021-04-10,2020,Werder Bremen,RB Leipzig,1,4,A,O,7.52,4.79,1.42,2.0,4.0,2.0,2.0,14,1.0,3.0,2.0,0.0,4.0,7.0,-3.0,6.0,0.0,6.0,-2.0,7.0,-9.0,0.0,2.0,-2.0,1.0,0.0,1.0,23.1,46.2,53.8,15.4,13.0,23.0,8.0,13.0,1472.5,1682.6
2021-04-10,2020,Stuttgart,Dortmund,2,3,A,O,3.9,4.0,1.86,3.0,7.0,3.0,8.0,14,3.0,1.0,0.0,1.0,8.0,8.0,0.0,1.0,6.0,-5.0,7.0,2.0,5.0,2.0,1.0,1.0,0.0,1.0,-1.0,30.8,23.1,42.9,42.9,17.0,13.0,21.0,4.0,1505.2,1614.1
2021-04-10,2020,Hertha,M'gladbach,2,2,D,O,3.15,3.5,2.26,8.0,4.0,11.0,3.0,14,2.0,1.0,1.0,2.0,5.0,6.0,-1.0,4.0,6.0,-2.0,1.0,0.0,1.0,1.0,1.0,0.0,1.0,1.0,0.0,30.8,53.8,30.8,30.8,21.0,16.0,13.0,21.0,1461.7,1568.9
2021-04-10,2020,Ein Frankfurt,Wolfsburg,4,3,H,O,2.41,3.43,2.94,5.0,7.0,3.0,7.0,14,2.0,2.0,0.0,1.0,8.0,6.0,2.0,4.0,3.0,1.0,4.0,3.0,1.0,1.0,1.0,0.0,0.0,0.0,0.0,53.8,0.0,42.9,21.4,19.0,16.0,21.0,23.0,1610.7,1619.3
2021-04-10,2020,Bayern Munich,Union Berlin,1,1,D,U,1.47,4.68,6.49,2.0,2.0,8.0,1.0,14,3.0,1.0,0.0,1.0,13.0,3.0,10.0,3.0,5.0,-2.0,10.0,-2.0,12.0,3.0,0.0,3.0,0.0,1.0,-1.0,76.9,0.0,30.8,38.5,23.0,15.0,11.0,11.0,1791.7,1520.2
2021-04-09,2020,Bielefeld,Freiburg,1,0,H,U,2.94,3.2,2.55,4.0,2.0,4.0,2.0,15,0.0,1.0,2.0,2.0,0.0,3.0,-3.0,3.0,4.0,-1.0,-3.0,-1.0,-2.0,0.0,0.0,0.0,1.0,0.0,1.0,28.6,64.3,30.8,46.2,10.0,10.0,13.0,10.0,1455.3,1520.3
2021-04-04,2020,Union Berlin,Hertha,1,1,D,U,2.51,3.22,2.93,3.0,1.0,2.0,3.0,14,1.0,0.0,0.0,2.0,3.0,1.0,2.0,2.0,5.0,-3.0,1.0,-4.0,5.0,0.0,0.0,0.0,0.0,2.0,-2.0,38.5,7.7,15.4,53.8,12.0,5.0,10.0,10.0,1522.0,1459.9
2021-04-04,2020,Stuttgart,Werder Bremen,1,0,H,U,1.94,3.61,3.88,3.0,2.0,6.0,0.0,13,2.0,1.0,0.0,1.0,8.0,3.0,5.0,2.0,5.0,-3.0,6.0,-2.0,8.0,2.0,1.0,1.0,0.0,1.0,-1.0,25.0,25.0,30.8,30.8,17.0,8.0,16.0,6.0,1495.5,1482.1
2021-04-03,2020,Wolfsburg,FC Koln,1,0,H,U,1.53,4.2,6.25,6.0,1.0,5.0,4.0,13,2.0,0.0,0.0,3.0,7.0,2.0,5.0,0.0,9.0,-9.0,7.0,-7.0,14.0,2.0,0.0,2.0,0.0,2.0,-2.0,66.7,0.0,30.8,46.2,15.0,9.0,15.0,12.0,1614.1,1431.8
2021-04-03,2020,RB Leipzig,Bayern Munich,0,1,A,U,2.78,3.68,2.41,3.0,5.0,8.0,4.0,14,2.0,2.0,0.0,1.0,6.0,5.0,1.0,4.0,3.0,1.0,2.0,2.0,0.0,0.0,1.0,-1.0,0.0,0.0,0.0,76.9,7.7,69.2,23.1,25.0,19.0,10.0,29.0,1690.0,1784.3
2021-04-03,2020,Mainz,Bielefeld,1,1,D,U,1.8,3.64,4.62,5.0,2.0,2.0,3.0,14,2.0,1.0,1.0,1.0,2.0,5.0,-3.0,1.0,7.0,-6.0,1.0,-2.0,3.0,0.0,0.0,0.0,0.0,1.0,-1.0,23.1,61.5,16.7,58.3,17.0,10.0,8.0,9.0,1457.2,1455.3
2021-04-03,2020,M'gladbach,Freiburg,2,1,H,O,1.81,3.92,4.16,5.0,4.0,0.0,3.0,14,0.0,1.0,3.0,1.0,2.0,2.0,0.0,5.0,2.0,3.0,-3.0,0.0,-3.0,0.0,0.0,0.0,0.0,0.0,0.0,38.5,30.8,33.3,41.7,8.0,8.0,15.0,8.0,1559.8,1529.4
2021-04-03,2020,Leverkusen,Schalke 04,2,1,H,O,1.23,6.48,12.45,2.0,2.0,5.0,4.0,14,0.0,0.0,2.0,2.0,4.0,1.0,3.0,6.0,10.0,-4.0,-2.0,-9.0,7.0,0.0,0.0,0.0,0.0,2.0,-2.0,38.5,30.8,0.0,66.7,18.0,8.0,19.0,23.0,1574.4,1376.3
2021-04-03,2020,Dortmund,Ein Frankfurt,1,2,A,O,1.79,3.99,4.2,7.0,3.0,10.0,2.0,13,2.0,1.0,0.0,1.0,7.0,5.0,2.0,2.0,4.0,-2.0,5.0,1.0,4.0,2.0,1.0,1.0,0.0,0.0,0.0,58.3,25.0,38.5,23.1,16.0,11.0,13.0,18.0,1624.8,1600.0
2021-04-03,2020,Augsburg,Hoffenheim,2,1,H,O,3.66,3.72,1.97,2.0,6.0,2.0,10.0,14,1.0,0.0,1.0,1.0,4.0,3.0,1.0,4.0,5.0,-1.0,0.0,-2.0,2.0,1.0,0.0,1.0,1.0,1.0,0.0,30.8,46.2,23.1,46.2,7.0,15.0,9.0,15.0,1449.2,1520.7
2021-03-21,2020,Hoffenheim,Mainz,1,2,A,O,1.92,3.71,3.88,2.0,7.0,2.0,9.0,13,2.0,1.0,1.0,0.0,7.0,4.0,3.0,4.0,3.0,1.0,3.0,1.0,2.0,1.0,0.0,1.0,1.0,0.0,1.0,41.7,41.7,16.7,50.0,12.0,14.0,12.0,12.0,1533.2,1444.7
2021-03-21,2020,Hertha,Leverkusen,3,0,H,O,3.5,3.51,2.08,10.0,1.0,4.0,8.0,13,1.0,1.0,2.0,1.0,2.0,2.0,0.0,5.0,2.0,3.0,-3.0,0.0,-3.0,0.0,0.0,0.0,1.0,0.0,1.0,25.0,58.3,50.0,25.0,18.0,12.0,12.0,18.0,1446.0,1588.2
2021-03-21,2020,Freiburg,Augsburg,2,0,H,U,1.96,3.55,3.89,3.0,8.0,3.0,5.0,14,1.0,1.0,2.0,2.0,2.0,3.0,-1.0,5.0,4.0,1.0,-3.0,-1.0,-2.0,0.0,0.0,0.0,1.0,0.0,1.0,38.5,30.8,33.3,50.0,5.0,9.0,4.0,8.0,1521.3,1457.4
2021-03-20,2020,Werder Bremen,Wolfsburg,1,2,A,O,4.29,3.61,1.85,4.0,5.0,3.0,9.0,13,1.0,2.0,1.0,1.0,3.0,6.0,-3.0,4.0,2.0,2.0,-1.0,4.0,-5.0,0.0,2.0,-2.0,1.0,0.0,1.0,25.0,41.7,38.5,23.1,13.0,20.0,9.0,18.0,1488.8,1607.4
2021-03-20,2020,Schalke 04,M'gladbach,0,3,A,O,6.85,4.6,1.46,1.0,7.0,2.0,7.0,14,0.0,0.0,2.0,2.0,0.0,3.0,-3.0,7.0,6.0,1.0,-7.0,-3.0,-4.0,0.0,0.0,0.0,2.0,1.0,1.0,7.7,69.2,25.0,33.3,5.0,13.0,7.0,20.0,1381.7,1554.4
2021-03-20,2020,FC Koln,Dortmund,2,2,D,O,6.99,4.8,1.43,2.0,4.0,5.0,2.0,13,1.0,1.0,1.0,2.0,4.0,7.0,-3.0,3.0,6.0,-3.0,1.0,1.0,0.0,1.0,1.0,0.0,0.0,1.0,-1.0,8.3,58.3,46.2,46.2,11.0,14.0,12.0,3.0,1426.5,1630.1
2021-03-20,2020,Ein Frankfurt,Union Berlin,5,2,H,O,1.86,3.72,4.09,5.0,8.0,2.0,4.0,13,2.0,1.0,0.0,1.0,5.0,1.0,4.0,2.0,1.0,1.0,3.0,0.0,3.0,1.0,0.0,1.0,0.0,0.0,0.0,50.0,0.0,33.3,33.3,21.0,10.0,26.0,8.0,1591.8,1530.2
2021-03-20,2020,Bayern Munich,Stuttgart,4,0,H,O,1.23,6.95,10.48,7.0,4.0,1.0,3.0,13,2.0,1.0,0.0,1.0,12.0,4.0,8.0,6.0,6.0,0.0,6.0,-2.0,8.0,2.0,0.0,2.0,0.0,1.0,-1.0,75.0,0.0,46.2,30.8,27.0,11.0,15.0,14.0,1781.1,1498.8
2021-03-19,2020,Bielefeld,RB Leipzig,0,1,A,U,8.83,4.95,1.37,0.0,8.0,1.0,7.0,14,0.0,3.0,2.0,0.0,0.0,9.0,-9.0,5.0,0.0,5.0,-5.0,9.0,-14.0,0.0,3.0,-3.0,2.0,0.0,2.0,30.8,61.5,50.0,16.7,12.0,25.0,15.0,13.0,1459.6,1685.7
2021-03-14,2020,Stuttgart,Hoffenheim,2,0,H,U,2.46,3.72,2.68,4.0,5.0,4.0,4.0,12,2.0,0.0,0.0,1.0,8.0,4.0,4.0,2.0,7.0,-5.0,6.0,-3.0,9.0,2.0,0.0,2.0,0.0,1.0,-1.0,18.2,27.3,25.0,41.7,16.0,15.0,14.0,15.0,1487.2,1544.9
2021-03-14,2020,RB Leipzig,Ein Frankfurt,1,1,D,U,1.81,3.79,4.28,8.0,2.0,4.0,3.0,13,3.0,2.0,0.0,1.0,6.0,9.0,-3.0,3.0,4.0,-1.0,3.0,5.0,-2.0,0.0,2.0,-2.0,0.0,0.0,0.0,83.3,8.3,41.7,25.0,19.0,17.0,12.0,23.0,1688.5,1589.0
2021-03-14,2020,Leverkusen,Bielefeld,1,2,A,O,1.38,4.98,8.18,8.0,5.0,9.0,5.0,13,1.0,0.0,1.0,2.0,8.0,4.0,4.0,6.0,9.0,-3.0,2.0,-5.0,7.0,1.0,0.0,1.0,0.0,2.0,-2.0,41.7,25.0,9.1,63.6,21.0,8.0,14.0,9.0,1602.5,1445.3
2021-03-13,2020,Wolfsburg,Schalke 04,5,0,H,O,1.35,5.02,9.39,7.0,2.0,3.0,8.0,12,2.0,0.0,0.0,1.0,5.0,2.0,3.0,0.0,6.0,-6.0,5.0,-4.0,9.0,2.0,0.0,2.0,0.0,1.0,-1.0,63.6,0.0,0.0,63.6,14.0,7.0,17.0,16.0,1602.9,1386.2
2021-03-13,2020,Werder Bremen,Bayern Munich,1,3,A,O,10.28,6.41,1.26,4.0,6.0,3.0,8.0,12,1.0,2.0,0.0,1.0,3.0,6.0,-3.0,2.0,2.0,0.0,1.0,4.0,-3.0,0.0,1.0,-1.0,0.0,0.0,0.0,27.3,36.4,66.7,25.0,15.0,27.0,12.0,28.0,1492.0,1777.8
2021-03-13,2020,Union Berlin,FC Koln,2,1,H,O,1.96,3.35,4.17,8.0,5.0,6.0,6.0,13,0.0,1.0,0.0,2.0,2.0,3.0,-1.0,2.0,8.0,-6.0,0.0,-5.0,5.0,0.0,0.0,0.0,0.0,2.0,-2.0,33.3,8.3,33.3,41.7,7.0,7.0,6.0,7.0,1522.7,1434.0
2021-03-13,2020,Mainz,Freiburg,1,0,H,U,2.64,3.32,2.72,7.0,3.0,0.0,4.0,13,2.0,1.0,1.0,1.0,4.0,2.0,2.0,3.0,4.0,-1.0,1.0,-2.0,3.0,0.0,0.0,0.0,0.0,1.0,-1.0,16.7,66.7,36.4,36.4,14.0,7.0,11.0,14.0,1431.8,1534.1
2021-03-13,2020,Dortmund,Hertha,2,0,H,U,1.5,4.58,6.15,4.0,0.0,7.0,0.0,12,2.0,0.0,0.0,2.0,8.0,2.0,6.0,3.0,6.0,-3.0,5.0,-4.0,9.0,2.0,0.0,2.0,0.0,2.0,-2.0,54.5,27.3,16.7,50.0,17.0,9.0,16.0,17.0,1624.7,1451.4
2021-03-12,2020,Augsburg,M'gladbach,3,1,H,O,4.19,3.73,1.86,3.0,7.0,1.0,10.0,13,1.0,0.0,1.0,1.0,3.0,3.0,0.0,4.0,4.0,0.0,-1.0,-1.0,0.0,0.0,0.0,0.0,1.0,0.0,1.0,25.0,50.0,27.3,27.3,8.0,10.0,10.0,19.0,1444.0,1567.8
2021-03-10,2020,Bielefeld,Werder Bremen,0,2,A,U,3.31,3.19,2.3,7.0,2.0,9.0,0.0,13,0.0,1.0,2.0,1.0,1.0,5.0,-4.0,8.0,6.0,2.0,-7.0,-1.0,-6.0,0.0,1.0,-1.0,2.0,1.0,1.0,33.3,58.3,25.0,33.3,9.0,11.0,6.0,7.0,1454.5,1482.8
2021-03-07,2020,FC Koln,Werder Bremen,1,1,D,U,2.91,3.1,2.62,4.0,5.0,9.0,3.0,12,1.0,1.0,1.0,2.0,3.0,4.0,-1.0,2.0,6.0,-4.0,1.0,-2.0,3.0,1.0,1.0,0.0,0.0,1.0,-1.0,9.1,63.6,27.3,36.4,9.0,8.0,8.0,9.0,1432.5,1484.3
2021-03-07,2020,Bielefeld,Union Berlin,0,0,D,U,3.96,3.38,2.0,3.0,3.0,3.0,3.0,12,1.0,1.0,2.0,2.0,4.0,2.0,2.0,8.0,3.0,5.0,-4.0,-1.0,-3.0,1.0,0.0,1.0,2.0,0.0,2.0,36.4,63.6,36.4,36.4,9.0,12.0,5.0,8.0,1452.5,1524.8
2021-03-06,2020,M'gladbach,Leverkusen,0,1,A,U,2.61,3.48,2.65,3.0,5.0,7.0,8.0,13,1.0,0.0,2.0,2.0,6.0,1.0,5.0,6.0,3.0,3.0,0.0,-2.0,2.0,1.0,0.0,1.0,0.0,0.0,0.0,41.7,25.0,45.5,27.3,12.0,11.0,11.0,13.0,1577.3,1592.9
2021-03-06,2020,Hoffenheim,Wolfsburg,2,1,H,O,2.94,3.48,2.38,4.0,5.0,2.0,6.0,12,2.0,3.0,1.0,0.0,8.0,6.0,2.0,3.0,0.0,3.0,5.0,6.0,-1.0,2.0,2.0,0.0,1.0,0.0,1.0,36.4,45.5,41.7,16.7,12.0,19.0,16.0,14.0,1532.5,1615.3
2021-03-06,2020,Hertha,Augsburg,2,1,H,O,1.97,3.47,3.98,7.0,4.0,6.0,1.0,12,0.0,1.0,3.0,2.0,1.0,3.0,-2.0,8.0,5.0,3.0,-7.0,-2.0,-5.0,0.0,0.0,0.0,2.0,1.0,1.0,18.2,63.6,36.4,45.5,21.0,6.0,13.0,8.0,1441.0,1454.4
2021-03-06,2020,Freiburg,RB Leipzig,0,3,A,O,5.04,3.98,1.67,1.0,8.0,1.0,2.0,13,2.0,2.0,1.0,1.0,4.0,8.0,-4.0,3.0,3.0,0.0,1.0,5.0,-4.0,0.0,2.0,-2.0,0.0,0.0,0.0,41.7,25.0,45.5,18.2,8.0,22.0,6.0,20.0,1540.2,1682.4
2021-03-06,2020,Ein Frankfurt,Stuttgart,1,1,D,U,1.93,3.79,3.79,8.0,1.0,13.0,4.0,12,3.0,1.0,0.0,2.0,7.0,4.0,3.0,2.0,7.0,-5.0,5.0,-3.0,8.0,2.0,0.0,2.0,0.0,1.0,-1.0,54.5,0.0,50.0,33.3,21.0,21.0,17.0,15.0,1592.0,1484.2
2021-03-06,2020,Bayern Munich,Dortmund,4,2,H,O,1.65,4.38,4.69,9.0,3.0,6.0,0.0,12,2.0,1.0,0.0,2.0,12.0,7.0,5.0,5.0,6.0,-1.0,7.0,1.0,6.0,2.0,1.0,1.0,0.0,1.0,-1.0,72.7,0.0,50.0,41.7,27.0,18.0,19.0,10.0,1771.7,1630.8
2021-03-05,2020,Schalke 04,Mainz,0,0,D,U,3.47,3.54,2.11,2.0,2.0,2.0,6.0,13,0.0,1.0,3.0,1.0,0.0,4.0,-4.0,11.0,5.0,6.0,-11.0,-1.0,-10.0,0.0,0.0,0.0,3.0,1.0,2.0,8.3,75.0,18.2,54.5,7.0,14.0,8.0,10.0,1384.8,1433.2
2021-02-28,2020,Union Berlin,Hoffenheim,1,1,D,U,2.37,3.38,3.01,1.0,4.0,3.0,4.0,12,1.0,1.0,0.0,1.0,2.0,6.0,-4.0,1.0,6.0,-5.0,1.0,0.0,1.0,0.0,1.0,-1.0,0.0,1.0,-1.0,36.4,9.1,27.3,45.5,8.0,17.0,5.0,13.0,1524.5,1532.8
2021-02-28,2020,Mainz,Augsburg,0,1,A,U,2.08,3.54,3.49,5.0,3.0,5.0,3.0,12,2.0,0.0,1.0,3.0,4.0,2.0,2.0,4.0,7.0,-3.0,0.0,-5.0,5.0,0.0,0.0,0.0,1.0,2.0,-1.0,18.2,63.6,30.0,50.0,9.0,5.0,8.0,9.0,1443.2,1444.4
2021-02-28,2020,Leverkusen,Freiburg,1,2,A,O,1.84,3.61,4.37,5.0,3.0,8.0,3.0,12,1.0,0.0,1.0,2.0,7.0,1.0,6.0,5.0,5.0,0.0,2.0,-4.0,6.0,1.0,0.0,1.0,0.0,1.0,-1.0,45.5,18.2,30.0,40.0,20.0,7.0,12.0,14.0,1605.1,1528.1
2021-02-27,2020,Wolfsburg,Hertha,2,0,H,U,1.73,3.93,4.65,2.0,2.0,3.0,5.0,11,1.0,0.0,0.0,1.0,5.0,2.0,3.0,2.0,4.0,-2.0,3.0,-2.0,5.0,1.0,0.0,1.0,0.0,1.0,-1.0,60.0,0.0,18.2,45.5,14.0,10.0,20.0,16.0,1609.6,1446.6
2021-02-27,2020,Stuttgart,Schalke 04,5,1,H,O,1.5,4.57,6.2,10.0,5.0,11.0,9.0,11,1.0,0.0,0.0,1.0,5.0,2.0,3.0,3.0,4.0,-1.0,2.0,-2.0,4.0,1.0,0.0,1.0,0.0,1.0,-1.0,10.0,30.0,0.0,60.0,13.0,3.0,8.0,9.0,1476.6,1392.4
2021-02-27,2020,RB Leipzig,M'gladbach,3,2,H,O,1.63,4.19,5.12,11.0,2.0,3.0,4.0,12,3.0,0.0,0.0,0.0,4.0,3.0,1.0,1.0,3.0,-2.0,3.0,0.0,3.0,0.0,0.0,0.0,0.0,0.0,0.0,81.8,9.1,30.0,20.0,13.0,13.0,14.0,17.0,1674.9,1584.8
2021-02-27,2020,Dortmund,Bielefeld,3,0,H,O,1.2,6.83,14.26,9.0,2.0,5.0,2.0,11,1.0,0.0,0.0,1.0,6.0,4.0,2.0,4.0,6.0,-2.0,2.0,-2.0,4.0,1.0,0.0,1.0,0.0,1.0,-1.0,50.0,30.0,10.0,60.0,15.0,8.0,12.0,10.0,1625.3,1458.0
2021-02-27,2020,Bayern Munich,FC Koln,5,1,H,O,1.18,7.57,14.09,7.0,3.0,4.0,4.0,11,2.0,1.0,0.0,2.0,9.0,2.0,7.0,5.0,6.0,-1.0,4.0,-4.0,8.0,1.0,0.0,1.0,0.0,2.0,-2.0,70.0,0.0,36.4,36.4,29.0,8.0,29.0,12.0,1769.1,1435.1
2021-02-26,2020,Werder Bremen,Ein Frankfurt,2,1,H,O,4.43,3.76,1.8,5.0,4.0,2.0,8.0,11,1.0,2.0,0.0,0.0,3.0,10.0,-7.0,1.0,4.0,-3.0,2.0,6.0,-4.0,1.0,2.0,-1.0,0.0,0.0,0.0,20.0,40.0,45.5,18.2,15.0,17.0,14.0,20.0,1470.6,1605.7
2021-02-21,2020,Hoffenheim,Werder Bremen,4,0,H,O,2.09,3.63,3.39,6.0,1.0,6.0,3.0,11,1.0,1.0,1.0,1.0,4.0,5.0,-1.0,3.0,3.0,0.0,1.0,2.0,-1.0,1.0,1.0,0.0,1.0,0.0,1.0,30.0,50.0,30.0,30.0,11.0,8.0,15.0,7.0,1524.1,1479.3
2021-02-21,2020,Hertha,RB Leipzig,0,3,A,O,5.0,3.96,1.68,4.0,7.0,3.0,4.0,11,0.0,1.0,3.0,1.0,1.0,7.0,-6.0,8.0,5.0,3.0,-7.0,2.0,-9.0,0.0,1.0,-1.0,2.0,0.0,2.0,20.0,60.0,40.0,20.0,19.0,24.0,13.0,22.0,1451.0,1670.5
2021-02-21,2020,Augsburg,Leverkusen,1,1,D,U,5.2,3.94,1.66,3.0,3.0,1.0,4.0,12,1.0,0.0,2.0,3.0,2.0,1.0,1.0,4.0,4.0,0.0,-2.0,-3.0,1.0,0.0,0.0,0.0,1.0,0.0,1.0,27.3,54.5,50.0,30.0,5.0,10.0,14.0,16.0,1439.9,1609.6
2021-02-20,2020,Schalke 04,Dortmund,0,4,A,O,9.24,5.5,1.32,2.0,6.0,4.0,2.0,12,0.0,0.0,3.0,3.0,1.0,4.0,-3.0,9.0,8.0,1.0,-8.0,-4.0,-4.0,0.0,0.0,0.0,2.0,1.0,1.0,9.1,72.7,45.5,45.5,13.0,15.0,9.0,13.0,1396.7,1621.0
2021-02-20,2020,M'gladbach,Mainz,1,2,A,O,1.66,3.96,5.12,3.0,6.0,4.0,4.0,12,2.0,0.0,1.0,1.0,6.0,3.0,3.0,4.0,5.0,-1.0,2.0,-2.0,4.0,1.0,0.0,1.0,0.0,1.0,-1.0,45.5,18.2,10.0,60.0,15.0,11.0,14.0,8.0,1599.3,1428.6
2021-02-20,2020,Freiburg,Union Berlin,0,1,A,U,2.46,3.14,3.09,1.0,4.0,2.0,4.0,12,2.0,0.0,0.0,3.0,6.0,1.0,5.0,4.0,4.0,0.0,2.0,-3.0,5.0,0.0,0.0,0.0,0.0,0.0,0.0,45.5,18.2,30.0,40.0,11.0,9.0,8.0,5.0,1538.8,1513.8
2021-02-20,2020,FC Koln,Stuttgart,0,1,A,U,3.44,3.59,2.08,0.0,3.0,0.0,6.0,11,1.0,0.0,1.0,3.0,3.0,3.0,0.0,2.0,10.0,-8.0,1.0,-7.0,8.0,1.0,0.0,1.0,0.0,2.0,-2.0,10.0,60.0,45.5,36.4,11.0,21.0,16.0,15.0,1444.4,1467.2
2021-02-20,2020,Ein Frankfurt,Bayern Munich,2,1,H,O,3.95,4.3,1.78,6.0,6.0,6.0,10.0,11,3.0,3.0,0.0,0.0,8.0,6.0,2.0,2.0,0.0,2.0,6.0,6.0,0.0,3.0,1.0,2.0,0.0,0.0,0.0,50.0,0.0,72.7,18.2,26.0,25.0,19.0,25.0,1590.6,1784.2
2021-02-19,2020,Bielefeld,Wolfsburg,0,3,A,O,5.27,3.81,1.68,2.0,6.0,3.0,8.0,11,2.0,3.0,1.0,0.0,5.0,5.0,0.0,5.0,0.0,5.0,0.0,5.0,-5.0,1.0,2.0,-1.0,1.0,0.0,1.0,40.0,60.0,36.4,18.2,9.0,15.0,10.0,11.0,1464.2,1603.4
2021-02-15,2020,Bayern Munich,Bielefeld,3,3,D,O,1.16,8.3,15.56,11.0,3.0,5.0,2.0,10,3.0,1.0,0.0,1.0,11.0,2.0,9.0,4.0,3.0,1.0,7.0,-1.0,8.0,2.0,0.0,2.0,0.0,1.0,-1.0,77.8,0.0,11.1,66.7,30.0,8.0,34.0,14.0,1791.6,1456.7
2021-02-14,2020,Wolfsburg,M'gladbach,0,0,D,U,2.48,3.48,2.8,6.0,4.0,9.0,6.0,10,2.0,1.0,0.0,0.0,6.0,4.0,2.0,2.0,3.0,-1.0,4.0,1.0,3.0,1.0,0.0,1.0,0.0,0.0,0.0,66.7,0.0,33.3,22.2,12.0,16.0,15.0,25.0,1603.6,1599.2
2021-02-14,2020,Ein Frankfurt,FC Koln,2,0,H,U,1.48,4.47,6.53,7.0,1.0,7.0,2.0,10,3.0,2.0,0.0,1.0,8.0,4.0,4.0,3.0,5.0,-2.0,5.0,-1.0,6.0,2.0,0.0,2.0,0.0,1.0,-1.0,44.4,0.0,40.0,30.0,23.0,11.0,14.0,18.0,1584.3,1450.7
2021-02-13,2020,Werder Bremen,Freiburg,0,0,D,U,2.87,3.3,2.51,4.0,2.0,4.0,1.0,10,1.0,1.0,1.0,2.0,3.0,4.0,-1.0,3.0,6.0,-3.0,0.0,-2.0,2.0,1.0,1.0,0.0,1.0,1.0,0.0,22.2,44.4,33.3,44.4,13.0,9.0,16.0,16.0,1477.5,1540.6
2021-02-13,2020,Union Berlin,Schalke 04,0,0,D,U,1.78,3.63,4.7,3.0,1.0,1.0,6.0,11,1.0,0.0,0.0,2.0,4.0,2.0,2.0,3.0,7.0,-4.0,1.0,-5.0,6.0,0.0,0.0,0.0,0.0,2.0,-2.0,40.0,10.0,0.0,66.7,11.0,6.0,9.0,8.0,1517.3,1393.3
2021-02-13,2020,Stuttgart,Hertha,1,1,D,U,2.25,3.55,3.09,3.0,3.0,1.0,5.0,10,1.0,0.0,1.0,2.0,4.0,1.0,3.0,3.0,4.0,-1.0,1.0,-3.0,4.0,1.0,0.0,1.0,0.0,1.0,-1.0,11.1,33.3,20.0,50.0,11.0,13.0,10.0,14.0,1467.7,1450.5
2021-02-13,2020,Leverkusen,Mainz,2,2,D,O,1.45,4.68,6.7,5.0,6.0,2.0,2.0,11,2.0,0.0,1.0,2.0,7.0,3.0,4.0,4.0,8.0,-4.0,3.0,-5.0,8.0,1.0,0.0,1.0,0.0,2.0,-2.0,50.0,20.0,11.1,66.7,28.0,12.0,16.0,8.0,1614.6,1423.6
2021-02-13,2020,Dortmund,Hoffenheim,2,2,D,O,1.49,4.71,6.07,3.0,6.0,1.0,7.0,10,2.0,1.0,0.0,2.0,6.0,4.0,2.0,2.0,8.0,-6.0,4.0,-4.0,8.0,2.0,1.0,1.0,0.0,2.0,-2.0,55.6,33.3,30.0,50.0,19.0,16.0,21.0,10.0,1623.9,1521.2
2021-02-12,2020,RB Leipzig,Augsburg,2,1,H,O,1.26,5.97,11.32,6.0,2.0,3.0,4.0,11,2.0,1.0,1.0,2.0,3.0,2.0,1.0,3.0,5.0,-2.0,0.0,-3.0,3.0,0.0,0.0,0.0,1.0,2.0,-1.0,80.0,10.0,33.3,44.4,11.0,7.0,14.0,8.0,1666.1,1444.2
2021-02-07,2020,Hoffenheim,Ein Frankfurt,1,3,A,O,2.95,3.81,2.24,2.0,5.0,4.0,7.0,10,1.0,2.0,1.0,0.0,4.0,9.0,-5.0,3.0,3.0,0.0,1.0,6.0,-5.0,1.0,2.0,-1.0,1.0,0.0,1.0,33.3,44.4,40.0,20.0,15.0,19.0,19.0,20.0,1529.9,1575.6
2021-02-06,2020,Schalke 04,RB Leipzig,0,3,A,O,9.24,5.39,1.33,1.0,10.0,1.0,7.0,11,1.0,1.0,2.0,1.0,5.0,5.0,0.0,6.0,5.0,1.0,-1.0,0.0,-1.0,1.0,0.0,1.0,1.0,0.0,1.0,10.0,70.0,33.3,22.2,17.0,23.0,13.0,21.0,1396.9,1662.6
2021-02-06,2020,Mainz,Union Berlin,1,0,H,U,3.21,3.37,2.28,5.0,3.0,3.0,1.0,11,1.0,1.0,2.0,2.0,3.0,3.0,0.0,6.0,3.0,3.0,-3.0,0.0,-3.0,0.0,1.0,-1.0,2.0,0.0,2.0,10.0,70.0,33.3,33.3,4.0,8.0,8.0,9.0,1410.3,1530.6
2021-02-06,2020,M'gladbach,FC Koln,1,2,A,O,1.47,4.5,6.78,2.0,3.0,4.0,1.0,11,3.0,1.0,0.0,2.0,8.0,2.0,6.0,4.0,9.0,-5.0,4.0,-7.0,11.0,1.0,0.0,1.0,0.0,2.0,-2.0,50.0,10.0,33.3,33.3,17.0,10.0,13.0,20.0,1613.9,1436.0
2021-02-06,2020,Leverkusen,Stuttgart,5,2,H,O,1.99,3.78,3.6,11.0,7.0,4.0,4.0,10,1.0,1.0,1.0,2.0,3.0,5.0,-2.0,3.0,6.0,-3.0,0.0,-1.0,1.0,0.0,1.0,-1.0,0.0,1.0,-1.0,44.4,22.2,50.0,30.0,20.0,25.0,15.0,22.0,1608.3,1474.0
2021-02-06,2020,Freiburg,Dortmund,2,1,H,O,5.15,4.27,1.61,3.0,5.0,1.0,1.0,11,2.0,1.0,0.0,2.0,9.0,6.0,3.0,3.0,7.0,-4.0,6.0,-1.0,7.0,1.0,1.0,0.0,0.0,1.0,-1.0,40.0,20.0,50.0,40.0,14.0,17.0,8.0,15.0,1527.5,1636.9
2021-02-06,2020,Augsburg,Wolfsburg,0,2,A,U,4.58,3.58,1.82,1.0,9.0,7.0,4.0,11,1.0,2.0,2.0,0.0,3.0,5.0,-2.0,6.0,2.0,4.0,-3.0,3.0,-6.0,0.0,1.0,-1.0,1.0,0.0,1.0,30.0,50.0,30.0,20.0,8.0,11.0,11.0,10.0,1450.2,1597.6
2021-02-05,2020,Hertha,Bayern Munich,0,1,A,U,7.09,5.57,1.38,7.0,7.0,3.0,11.0,10,1.0,2.0,2.0,1.0,4.0,7.0,-3.0,7.0,3.0,4.0,-3.0,4.0,-7.0,1.0,1.0,0.0,2.0,0.0,2.0,22.2,55.6,70.0,20.0,22.0,22.0,19.0,22.0,1453.1,1789.1
2021-01-31,2020,Wolfsburg,Freiburg,3,0,H,O,1.85,3.74,4.13,6.0,2.0,5.0,10.0,9,2.0,2.0,0.0,1.0,5.0,6.0,-1.0,3.0,3.0,0.0,2.0,3.0,-1.0,0.0,2.0,-2.0,0.0,0.0,0.0,62.5,0.0,37.5,37.5,14.0,12.0,18.0,9.0,1589.1,1536.0
2021-01-31,2020,FC Koln,Bielefeld,3,1,H,O,2.27,3.21,3.39,7.0,3.0,3.0,5.0,10,0.0,1.0,2.0,1.0,0.0,1.0,-1.0,5.0,2.0,3.0,-5.0,-1.0,-4.0,0.0,0.0,0.0,1.0,1.0,0.0,0.0,66.7,12.5,62.5,5.0,6.0,15.0,13.0,1424.8,1468.0
2021-01-30,2020,Werder Bremen,Schalke 04,1,1,D,U,1.95,3.54,3.98,6.0,1.0,6.0,1.0,9,1.0,0.0,2.0,2.0,3.0,3.0,0.0,4.0,8.0,-4.0,-1.0,-5.0,4.0,1.0,0.0,1.0,1.0,2.0,-1.0,25.0,50.0,0.0,75.0,10.0,9.0,14.0,10.0,1479.9,1394.4
2021-01-30,2020,Union Berlin,M'gladbach,1,1,D,U,3.28,3.38,2.24,3.0,4.0,2.0,9.0,10,2.0,1.0,0.0,0.0,5.0,6.0,-1.0,3.0,5.0,-2.0,2.0,1.0,1.0,0.0,0.0,0.0,0.0,0.0,0.0,44.4,11.1,37.5,25.0,13.0,16.0,15.0,21.0,1528.1,1616.4
2021-01-30,2020,RB Leipzig,Leverkusen,1,0,H,U,1.93,3.6,4.0,2.0,4.0,6.0,6.0,10,1.0,1.0,1.0,2.0,2.0,5.0,-3.0,3.0,3.0,0.0,-1.0,2.0,-3.0,0.0,1.0,-1.0,1.0,0.0,1.0,77.8,11.1,55.6,22.2,15.0,13.0,16.0,16.0,1653.6,1617.3
2021-01-30,2020,Ein Frankfurt,Hertha,3,1,H,O,1.79,3.82,4.4,8.0,4.0,4.0,7.0,9,2.0,0.0,0.0,2.0,8.0,1.0,7.0,5.0,5.0,0.0,3.0,-4.0,7.0,1.0,0.0,1.0,0.0,1.0,-1.0,37.5,0.0,22.2,44.4,19.0,12.0,14.0,10.0,1568.6,1460.0
2021-01-30,2020,Dortmund,Augsburg,3,1,H,O,1.26,6.34,10.8,5.0,1.0,10.0,1.0,9,1.0,2.0,1.0,1.0,4.0,2.0,2.0,6.0,2.0,4.0,-2.0,0.0,-2.0,1.0,0.0,1.0,1.0,1.0,0.0,50.0,37.5,37.5,37.5,18.0,8.0,19.0,10.0,1631.6,1455.5
2021-01-30,2020,Bayern Munich,Hoffenheim,4,1,H,O,1.24,7.03,10.22,9.0,5.0,10.0,4.0,9,3.0,2.0,0.0,1.0,9.0,5.0,4.0,4.0,5.0,-1.0,5.0,0.0,5.0,1.0,1.0,0.0,0.0,1.0,-1.0,75.0,0.0,33.3,44.4,23.0,16.0,31.0,9.0,1785.3,1533.7
2021-01-29,2020,Stuttgart,Mainz,2,0,H,U,1.68,4.11,4.84,3.0,2.0,2.0,4.0,9,0.0,0.0,1.0,1.0,4.0,3.0,1.0,5.0,6.0,-1.0,-1.0,-3.0,2.0,0.0,0.0,0.0,0.0,1.0,-1.0,0.0,37.5,12.5,62.5,14.0,10.0,10.0,8.0,1465.4,1418.9
2021-01-24,2020,Schalke 04,Bayern Munich,0,4,A,O,13.48,7.92,1.18,4.0,14.0,3.0,7.0,10,1.0,2.0,2.0,1.0,5.0,5.0,0.0,3.0,4.0,-1.0,2.0,1.0,1.0,1.0,0.0,1.0,0.0,0.0,0.0,11.1,66.7,66.7,22.2,18.0,11.0,11.0,22.0,1396.4,1783.4
2021-01-24,2020,Hoffenheim,FC Koln,3,0,H,O,1.82,3.61,4.48,4.0,4.0,6.0,9.0,9,0.0,1.0,2.0,1.0,1.0,2.0,-1.0,4.0,6.0,-2.0,-3.0,-4.0,1.0,0.0,0.0,0.0,1.0,1.0,0.0,25.0,50.0,37.5,25.0,14.0,7.0,18.0,13.0,1526.3,1432.1
2021-01-23,2020,Mainz,RB Leipzig,3,2,H,O,7.57,4.81,1.41,4.0,5.0,3.0,9.0,10,0.0,2.0,3.0,0.0,0.0,4.0,-4.0,5.0,2.0,3.0,-5.0,2.0,-7.0,0.0,0.0,0.0,2.0,0.0,2.0,0.0,77.8,37.5,12.5,1.0,21.0,7.0,17.0,1402.5,1670.1
2021-01-23,2020,Leverkusen,Wolfsburg,0,1,A,U,2.07,3.63,3.47,4.0,4.0,6.0,2.0,9,1.0,1.0,1.0,1.0,4.0,4.0,0.0,4.0,4.0,0.0,0.0,0.0,0.0,0.0,1.0,-1.0,0.0,1.0,-1.0,50.0,12.5,22.2,22.2,19.0,12.0,14.0,13.0,1628.7,1577.6
2021-01-23,2020,Hertha,Werder Bremen,1,4,A,O,2.15,3.4,3.47,10.0,5.0,7.0,1.0,9,1.0,1.0,1.0,1.0,3.0,2.0,1.0,3.0,2.0,1.0,0.0,0.0,0.0,1.0,0.0,1.0,1.0,0.0,1.0,25.0,50.0,22.2,33.3,12.0,10.0,17.0,11.0,1470.1,1469.9
2021-01-23,2020,Freiburg,Stuttgart,2,1,H,O,2.64,3.71,2.51,4.0,11.0,3.0,5.0,10,2.0,1.0,0.0,2.0,11.0,4.0,7.0,3.0,5.0,-2.0,8.0,-1.0,9.0,2.0,1.0,1.0,0.0,1.0,-1.0,33.3,22.2,55.6,22.2,19.0,15.0,12.0,23.0,1527.5,1473.8
2021-01-23,2020,Bielefeld,Ein Frankfurt,1,5,A,O,4.5,3.78,1.78,4.0,8.0,0.0,8.0,10,2.0,2.0,1.0,0.0,4.0,6.0,-2.0,1.0,2.0,-1.0,3.0,4.0,-1.0,1.0,2.0,-1.0,0.0,0.0,0.0,44.4,55.6,33.3,22.2,5.0,17.0,13.0,16.0,1475.5,1561.0
2021-01-23,2020,Augsburg,Union Berlin,2,1,H,O,3.61,3.38,2.11,4.0,5.0,2.0,3.0,10,0.0,1.0,3.0,1.0,1.0,4.0,-3.0,7.0,3.0,4.0,-6.0,1.0,-7.0,0.0,1.0,-1.0,2.0,0.0,2.0,22.2,55.6,37.5,25.0,8.0,9.0,11.0,9.0,1442.8,1540.8
2021-01-22,2020,M'gladbach,Dortmund,4,2,H,O,3.26,3.74,2.11,7.0,7.0,3.0,7.0,10,2.0,1.0,1.0,2.0,5.0,5.0,0.0,4.0,5.0,-1.0,1.0,0.0,1.0,0.0,1.0,-1.0,0.0,0.0,0.0,44.4,11.1,55.6,33.3,15.0,14.0,13.0,14.0,1605.3,1642.6
2021-01-20,2020,Schalke 04,FC Koln,1,2,A,O,2.62,3.25,2.79,8.0,4.0,5.0,8.0,9,1.0,1.0,2.0,1.0,4.0,1.0,3.0,3.0,5.0,-2.0,1.0,-4.0,5.0,1.0,0.0,1.0,1.0,1.0,0.0,12.5,62.5,28.6,28.6,12.0,9.0,8.0,8.0,1405.9,1422.6
2021-01-20,2020,RB Leipzig,Union Berlin,1,0,H,U,1.51,4.2,6.87,5.0,1.0,5.0,1.0,9,1.0,1.0,1.0,1.0,3.0,5.0,-2.0,3.0,5.0,-2.0,0.0,0.0,0.0,1.0,1.0,0.0,1.0,1.0,0.0,75.0,12.5,42.9,14.3,17.0,9.0,12.0,10.0,1663.3,1547.6
2021-01-20,2020,Freiburg,Ein Frankfurt,2,2,D,O,2.87,3.47,2.43,4.0,4.0,4.0,5.0,9,3.0,2.0,0.0,1.0,11.0,5.0,6.0,1.0,2.0,-1.0,10.0,3.0,7.0,3.0,2.0,1.0,0.0,0.0,0.0,37.5,25.0,37.5,25.0,22.0,17.0,13.0,12.0,1526.5,1562.1
2021-01-20,2020,Bielefeld,Stuttgart,3,0,H,O,4.32,3.77,1.82,3.0,3.0,2.0,6.0,9,1.0,2.0,2.0,1.0,1.0,9.0,-8.0,2.0,3.0,-1.0,-1.0,6.0,-7.0,0.0,2.0,-2.0,0.0,0.0,0.0,37.5,62.5,62.5,12.5,4.0,22.0,12.0,19.0,1465.0,1484.4
2021-01-20,2020,Augsburg,Bayern Munich,0,1,A,U,12.19,7.08,1.21,0.0,4.0,5.0,7.0,9,0.0,1.0,2.0,1.0,3.0,5.0,-2.0,8.0,5.0,3.0,-5.0,0.0,-5.0,0.0,0.0,0.0,2.0,0.0,2.0,25.0,50.0,62.5,25.0,12.0,12.0,8.0,22.0,1445.3,1780.8
2021-01-19,2020,Mainz,Wolfsburg,0,2,A,U,4.03,3.83,1.86,0.0,2.0,2.0,5.0,9,0.0,0.0,3.0,2.0,0.0,3.0,-3.0,4.0,6.0,-2.0,-4.0,-3.0,-1.0,0.0,0.0,0.0,1.0,1.0,0.0,0.0,75.0,12.5,25.0,5.0,17.0,10.0,15.0,1408.1,1572.0
2021-01-19,2020,M'gladbach,Werder Bremen,1,0,H,U,1.6,4.15,5.55,6.0,2.0,7.0,5.0,9,1.0,1.0,1.0,1.0,5.0,2.0,3.0,5.0,3.0,2.0,0.0,-1.0,1.0,0.0,0.0,0.0,0.0,1.0,-1.0,37.5,12.5,25.0,25.0,13.0,10.0,19.0,12.0,1598.7,1476.6
2021-01-19,2020,Leverkusen,Dortmund,2,1,H,O,3.11,3.75,2.19,13.0,3.0,6.0,5.0,8,1.0,2.0,1.0,1.0,6.0,6.0,0.0,4.0,4.0,0.0,2.0,2.0,0.0,1.0,1.0,0.0,0.0,0.0,0.0,42.9,14.3,62.5,25.0,14.0,20.0,14.0,13.0,1617.7,1653.7
2021-01-19,2020,Hertha,Hoffenheim,0,3,A,O,2.31,3.49,3.06,2.0,6.0,3.0,2.0,8,2.0,1.0,0.0,2.0,6.0,3.0,3.0,1.0,9.0,-8.0,5.0,-6.0,11.0,2.0,0.0,2.0,0.0,2.0,-2.0,28.6,42.9,25.0,50.0,17.0,14.0,23.0,12.0,1478.9,1517.4
2021-01-17,2020,Ein Frankfurt,Schalke 04,3,1,H,O,1.52,4.47,6.1,11.0,1.0,8.0,2.0,8,1.0,0.0,0.0,2.0,6.0,3.0,3.0,5.0,9.0,-4.0,1.0,-6.0,7.0,0.0,0.0,0.0,0.0,2.0,-2.0,28.6,0.0,0.0,71.4,9.0,10.0,12.0,12.0,1556.0,1412.0
2021-01-17,2020,Bayern Munich,Freiburg,2,1,H,O,1.23,6.92,10.74,9.0,3.0,14.0,3.0,8,2.0,2.0,0.0,0.0,10.0,6.0,4.0,6.0,2.0,4.0,4.0,4.0,0.0,1.0,2.0,-1.0,0.0,0.0,0.0,71.4,0.0,42.9,28.6,20.0,14.0,27.0,7.0,1776.9,1530.4
2021-01-16,2020,Wolfsburg,RB Leipzig,2,2,D,O,3.51,3.6,2.06,2.0,9.0,6.0,6.0,8,3.0,2.0,0.0,0.0,8.0,5.0,3.0,4.0,3.0,1.0,4.0,2.0,2.0,1.0,0.0,1.0,0.0,0.0,0.0,71.4,0.0,42.9,14.3,18.0,16.0,12.0,13.0,1569.3,1666.0
2021-01-16,2020,Werder Bremen,Augsburg,2,0,H,U,2.2,3.3,3.44,5.0,2.0,4.0,4.0,8,0.0,2.0,3.0,1.0,2.0,3.0,-1.0,6.0,3.0,3.0,-4.0,0.0,-4.0,0.0,0.0,0.0,1.0,1.0,0.0,14.3,57.1,42.9,28.6,9.0,9.0,12.0,9.0,1466.9,1455.0
2021-01-16,2020,Stuttgart,M'gladbach,2,2,D,O,2.88,3.77,2.31,7.0,5.0,5.0,2.0,8,0.0,1.0,2.0,0.0,3.0,6.0,-3.0,6.0,5.0,1.0,-3.0,1.0,-4.0,0.0,0.0,0.0,1.0,0.0,1.0,0.0,42.9,42.9,28.6,11.0,15.0,9.0,24.0,1481.0,1602.1
2021-01-16,2020,Hoffenheim,Bielefeld,0,0,D,U,1.71,3.88,4.92,5.0,2.0,5.0,3.0,8,1.0,1.0,2.0,2.0,4.0,2.0,2.0,5.0,4.0,1.0,-1.0,-2.0,1.0,1.0,0.0,1.0,1.0,1.0,0.0,28.6,57.1,14.3,71.4,16.0,7.0,17.0,17.0,1519.0,1463.4
2021-01-16,2020,FC Koln,Hertha,0,0,D,U,3.29,3.25,2.29,2.0,3.0,5.0,4.0,9,0.0,0.0,2.0,2.0,2.0,2.0,0.0,7.0,6.0,1.0,-5.0,-4.0,-1.0,0.0,0.0,0.0,1.0,1.0,0.0,0.0,75.0,25.0,50.0,6.0,12.0,13.0,8.0,1420.9,1480.6
2021-01-16,2020,Dortmund,Mainz,1,1,D,U,1.2,7.2,13.63,7.0,3.0,1.0,2.0,8,1.0,0.0,2.0,2.0,4.0,3.0,1.0,7.0,7.0,0.0,-3.0,-4.0,1.0,1.0,0.0,1.0,1.0,1.0,0.0,57.1,42.9,14.3,71.4,15.0,12.0,24.0,9.0,1660.0,1401.8
2021-01-15,2020,Union Berlin,Leverkusen,1,0,H,U,3.25,3.44,2.24,2.0,4.0,2.0,3.0,9,1.0,2.0,0.0,1.0,5.0,8.0,-3.0,4.0,2.0,2.0,1.0,6.0,-5.0,0.0,2.0,-2.0,0.0,0.0,0.0,37.5,12.5,62.5,12.5,17.0,18.0,17.0,21.0,1535.0,1630.4
2021-01-10,2020,Bielefeld,Hertha,1,0,H,U,4.1,3.58,1.91,2.0,6.0,8.0,3.0,8,1.0,0.0,2.0,1.0,2.0,2.0,0.0,3.0,5.0,-2.0,-1.0,-3.0,2.0,0.0,0.0,0.0,0.0,1.0,-1.0,28.6,71.4,28.6,42.9,7.0,9.0,6.0,6.0,1452.3,1491.8
2021-01-10,2020,Augsburg,Stuttgart,1,4,A,O,3.3,3.51,2.18,4.0,11.0,4.0,11.0,8,0.0,2.0,1.0,1.0,3.0,7.0,-4.0,5.0,3.0,2.0,-2.0,4.0,-6.0,0.0,1.0,-1.0,1.0,0.0,1.0,28.6,42.9,57.1,14.3,10.0,18.0,8.0,12.0,1464.8,1471.2
2021-01-09,2020,Union Berlin,Wolfsburg,2,2,D,O,2.95,3.31,2.48,6.0,5.0,5.0,3.0,8,1.0,0.0,0.0,2.0,6.0,3.0,3.0,5.0,6.0,-1.0,1.0,-3.0,4.0,0.0,0.0,0.0,0.0,1.0,-1.0,42.9,14.3,14.3,28.6,18.0,18.0,16.0,20.0,1533.9,1570.4
2021-01-09,2020,Schalke 04,Hoffenheim,4,0,H,O,4.44,4.1,1.73,5.0,5.0,5.0,4.0,8,0.0,1.0,3.0,1.0,0.0,4.0,-4.0,6.0,6.0,0.0,-6.0,-2.0,-4.0,0.0,0.0,0.0,2.0,1.0,1.0,0.0,71.4,28.6,42.9,11.0,14.0,5.0,13.0,1398.3,1532.7
2021-01-09,2020,RB Leipzig,Dortmund,1,3,A,O,2.3,3.51,3.05,4.0,7.0,3.0,3.0,8,2.0,1.0,0.0,1.0,4.0,4.0,0.0,1.0,4.0,-3.0,3.0,0.0,3.0,1.0,0.0,1.0,0.0,0.0,0.0,85.7,0.0,57.1,28.6,20.0,18.0,15.0,15.0,1676.8,1649.2
2021-01-09,2020,Mainz,Ein Frankfurt,0,2,A,U,3.51,3.92,1.97,0.0,7.0,3.0,7.0,8,0.0,1.0,2.0,1.0,1.0,6.0,-5.0,3.0,5.0,-2.0,-2.0,1.0,-3.0,0.0,1.0,-1.0,0.0,0.0,0.0,0.0,71.4,28.6,28.6,9.0,15.0,18.0,10.0,1407.9,1549.8
2021-01-09,2020,Leverkusen,Werder Bremen,1,1,D,U,1.47,4.59,6.74,3.0,1.0,3.0,1.0,7,1.0,1.0,1.0,2.0,5.0,4.0,1.0,3.0,7.0,-4.0,2.0,-3.0,5.0,1.0,0.0,1.0,0.0,2.0,-2.0,50.0,16.7,28.6,28.6,13.0,13.0,17.0,16.0,1635.0,1462.3
2021-01-09,2020,Freiburg,FC Koln,5,0,H,O,1.94,3.6,3.95,6.0,2.0,1.0,3.0,8,2.0,2.0,0.0,0.0,8.0,3.0,5.0,3.0,1.0,2.0,5.0,2.0,3.0,2.0,0.0,2.0,0.0,0.0,0.0,28.6,28.6,33.3,16.7,23.0,12.0,17.0,7.0,1523.1,1428.3
2021-01-08,2020,M'gladbach,Bayern Munich,3,2,H,O,4.93,4.76,1.59,4.0,4.0,3.0,8.0,8,1.0,2.0,1.0,0.0,6.0,6.0,0.0,4.0,3.0,1.0,2.0,3.0,-1.0,1.0,1.0,0.0,0.0,0.0,0.0,28.6,14.3,71.4,14.3,18.0,14.0,21.0,17.0,1586.8,1792.2
2021-01-03,2020,Dortmund,Wolfsburg,2,0,H,U,1.58,4.29,5.4,7.0,5.0,10.0,5.0,7,0.0,1.0,3.0,1.0,4.0,5.0,-1.0,10.0,4.0,6.0,-6.0,1.0,-7.0,0.0,1.0,-1.0,1.0,0.0,1.0,50.0,50.0,16.7,16.7,13.0,21.0,18.0,19.0,1641.0,1578.6
2021-01-03,2020,Bayern Munich,Mainz,5,2,H,O,1.11,10.17,21.74,12.0,7.0,10.0,2.0,7,1.0,1.0,0.0,1.0,6.0,4.0,2.0,5.0,3.0,2.0,1.0,1.0,0.0,0.0,1.0,-1.0,0.0,0.0,0.0,66.7,0.0,16.7,66.7,11.0,13.0,24.0,11.0,1790.2,1409.9
2021-01-02,2020,Werder Bremen,Union Berlin,0,2,A,U,2.9,3.29,2.51,2.0,2.0,6.0,5.0,7,0.0,1.0,2.0,1.0,3.0,5.0,-2.0,5.0,6.0,-1.0,-2.0,-1.0,-1.0,0.0,0.0,0.0,0.0,1.0,-1.0,16.7,50.0,33.3,16.7,11.0,10.0,7.0,9.0,1470.7,1525.5
2021-01-02,2020,Stuttgart,RB Leipzig,0,1,A,U,3.9,4.0,1.85,1.0,9.0,3.0,6.0,7,0.0,1.0,1.0,0.0,5.0,5.0,0.0,7.0,4.0,3.0,-2.0,1.0,-3.0,0.0,0.0,0.0,1.0,0.0,1.0,0.0,33.3,33.3,16.7,15.0,10.0,16.0,13.0,1476.1,1671.9
2021-01-02,2020,Hoffenheim,Freiburg,1,3,A,O,2.04,3.75,3.41,6.0,4.0,8.0,3.0,7,1.0,1.0,1.0,1.0,6.0,3.0,3.0,5.0,4.0,1.0,1.0,-1.0,2.0,1.0,1.0,0.0,0.0,1.0,-1.0,33.3,50.0,33.3,33.3,18.0,13.0,12.0,8.0,1543.6,1512.2
2021-01-02,2020,Hertha,Schalke 04,3,0,H,O,1.72,3.87,4.75,10.0,4.0,9.0,5.0,7,1.0,0.0,1.0,1.0,5.0,5.0,0.0,6.0,8.0,-2.0,-1.0,-3.0,2.0,1.0,0.0,1.0,1.0,1.0,0.0,16.7,50.0,0.0,66.7,10.0,9.0,18.0,16.0,1484.0,1406.1
2021-01-02,2020,FC Koln,Augsburg,0,1,A,U,2.35,3.29,3.14,2.0,4.0,8.0,3.0,8,0.0,1.0,2.0,1.0,3.0,3.0,0.0,8.0,4.0,4.0,-5.0,-1.0,-4.0,0.0,0.0,0.0,1.0,1.0,0.0,0.0,71.4,33.3,33.3,8.0,10.0,10.0,7.0,1437.8,1455.3
2021-01-02,2020,Ein Frankfurt,Leverkusen,2,1,H,O,3.26,3.79,2.09,4.0,2.0,2.0,7.0,7,0.0,3.0,0.0,0.0,5.0,9.0,-4.0,5.0,1.0,4.0,0.0,8.0,-8.0,0.0,2.0,-2.0,0.0,0.0,0.0,16.7,0.0,71.4,0.0,8.0,20.0,15.0,24.0,1536.7,1648.1
2021-01-02,2020,Bielefeld,M'gladbach,0,1,A,U,5.62,4.17,1.59,0.0,7.0,3.0,14.0,7,1.0,0.0,2.0,1.0,3.0,8.0,-5.0,4.0,9.0,-5.0,-1.0,-1.0,0.0,0.0,0.0,0.0,0.0,0.0,0.0,33.3,66.7,33.3,33.3,8.0,14.0,3.0,12.0,1458.9,1580.1
2020-12-20,2020,Wolfsburg,Stuttgart,1,0,H,U,2.26,3.63,3.01,4.0,1.0,4.0,6.0,7,3.0,2.0,0.0,0.0,9.0,10.0,-1.0,5.0,5.0,0.0,4.0,5.0,-1.0,1.0,1.0,0.0,0.0,0.0,0.0,66.7,0.0,66.7,0.0,22.0,26.0,11.0,10.0,1571.0,1483.6
2020-12-20,2020,Freiburg,Hertha,4,1,H,O,2.6,3.42,2.69,9.0,3.0,7.0,3.0,7,1.0,1.0,1.0,0.0,5.0,4.0,1.0,5.0,1.0,4.0,0.0,3.0,-3.0,1.0,1.0,0.0,1.0,0.0,1.0,16.7,33.3,33.3,33.3,20.0,12.0,19.0,9.0,1502.4,1493.7
2020-12-19,2020,Schalke 04,Bielefeld,0,1,A,U,2.23,3.35,3.32,5.0,3.0,1.0,6.0,7,0.0,0.0,3.0,3.0,0.0,1.0,-1.0,7.0,9.0,-2.0,-7.0,-8.0,1.0,0.0,0.0,0.0,3.0,2.0,1.0,0.0,66.7,0.0,83.3,12.0,5.0,10.0,12.0,1415.1,1449.9
2020-12-19,2020,RB Leipzig,FC Koln,0,0,D,U,1.31,5.57,9.69,6.0,1.0,8.0,2.0,7,3.0,2.0,0.0,0.0,7.0,4.0,3.0,1.0,2.0,-1.0,6.0,2.0,4.0,2.0,0.0,2.0,0.0,0.0,0.0,100.0,0.0,40.0,20.0,21.0,12.0,10.0,8.0,1678.0,1431.6
2020-12-19,2020,Mainz,Werder Bremen,0,1,A,U,2.47,3.3,2.94,1.0,7.0,2.0,5.0,7,0.0,0.0,1.0,2.0,3.0,4.0,-1.0,4.0,8.0,-4.0,-1.0,-4.0,3.0,0.0,0.0,0.0,0.0,2.0,-2.0,0.0,66.7,16.7,33.3,15.0,10.0,20.0,14.0,1418.7,1462.0
2020-12-19,2020,M'gladbach,Hoffenheim,1,2,A,O,1.89,4.06,3.69,5.0,5.0,3.0,3.0,7,1.0,0.0,0.0,2.0,6.0,3.0,3.0,3.0,7.0,-4.0,3.0,-4.0,7.0,1.0,0.0,1.0,0.0,1.0,-1.0,33.3,0.0,16.7,50.0,19.0,14.0,20.0,17.0,1591.8,1531.9
2020-12-19,2020,Leverkusen,Bayern Munich,1,2,A,O,3.87,4.08,1.84,3.0,3.0,5.0,7.0,6,2.0,2.0,0.0,0.0,8.0,7.0,1.0,4.0,4.0,0.0,4.0,3.0,1.0,1.0,1.0,0.0,0.0,0.0,0.0,60.0,0.0,66.7,16.7,15.0,19.0,18.0,13.0,1654.5,1783.8
2020-12-19,2020,Augsburg,Ein Frankfurt,0,2,A,U,3.7,3.7,1.97,4.0,6.0,2.0,4.0,7,0.0,0.0,1.0,1.0,3.0,6.0,-3.0,6.0,7.0,-1.0,-3.0,-1.0,-2.0,0.0,0.0,0.0,1.0,0.0,1.0,33.3,33.3,16.7,33.3,8.0,17.0,8.0,14.0,1463.5,1528.6
2020-12-18,2020,Union Berlin,Dortmund,2,1,H,O,4.81,3.95,1.7,5.0,4.0,8.0,6.0,7,1.0,2.0,0.0,0.0,9.0,8.0,1.0,4.0,4.0,0.0,5.0,4.0,1.0,1.0,1.0,0.0,0.0,0.0,0.0,33.3,16.7,66.7,16.7,21.0,22.0,13.0,12.0,1511.6,1654.9
2020-12-16,2020,Schalke 04,Freiburg,0,2,A,U,3.01,3.48,2.33,2.0,5.0,2.0,3.0,6,0.0,0.0,2.0,1.0,1.0,2.0,-1.0,6.0,5.0,1.0,-5.0,-3.0,-2.0,0.0,0.0,0.0,2.0,1.0,1.0,0.0,60.0,20.0,40.0,12.0,12.0,11.0,7.0,1423.1,1494.5
2020-12-16,2020,Hoffenheim,RB Leipzig,0,1,A,U,4.54,4.44,1.65,3.0,3.0,5.0,5.0,6,1.0,0.0,1.0,1.0,7.0,4.0,3.0,7.0,5.0,2.0,0.0,-1.0,1.0,1.0,0.0,1.0,1.0,0.0,1.0,40.0,40.0,20.0,20.0,20.0,10.0,10.0,12.0,1538.2,1671.7
2020-12-16,2020,FC Koln,Leverkusen,0,4,A,O,4.95,4.02,1.67,1.0,7.0,2.0,6.0,7,0.0,3.0,2.0,0.0,4.0,9.0,-5.0,6.0,3.0,3.0,-2.0,6.0,-8.0,0.0,2.0,-2.0,0.0,0.0,0.0,0.0,66.7,66.7,0.0,9.0,20.0,13.0,24.0,1436.2,1650.0
2020-12-16,2020,Bielefeld,Augsburg,0,1,A,U,2.87,3.18,2.58,2.0,2.0,1.0,3.0,6,1.0,0.0,2.0,2.0,3.0,3.0,0.0,5.0,7.0,-2.0,-2.0,-4.0,2.0,0.0,0.0,0.0,1.0,2.0,-1.0,40.0,60.0,20.0,40.0,8.0,11.0,2.0,7.0,1460.1,1453.3
2020-12-16,2020,Bayern Munich,Wolfsburg,2,1,H,O,1.34,5.56,8.15,2.0,7.0,7.0,7.0,6,1.0,1.0,0.0,0.0,9.0,5.0,4.0,4.0,3.0,1.0,5.0,2.0,3.0,1.0,1.0,0.0,0.0,0.0,0.0,60.0,0.0,20.0,0.0,19.0,18.0,27.0,18.0,1779.0,1575.8
2020-12-15,2020,Werder Bremen,Dortmund,1,2,A,O,5.95,4.68,1.5,3.0,9.0,4.0,4.0,6,0.0,2.0,1.0,0.0,3.0,8.0,-5.0,4.0,3.0,1.0,-1.0,5.0,-6.0,0.0,2.0,-2.0,0.0,0.0,0.0,20.0,40.0,60.0,20.0,10.0,23.0,4.0,20.0,1467.2,1649.7
2020-12-15,2020,Stuttgart,Union Berlin,2,2,D,O,2.14,3.52,3.37,6.0,6.0,2.0,3.0,6,0.0,2.0,1.0,1.0,4.0,6.0,-2.0,6.0,5.0,1.0,-2.0,1.0,-3.0,0.0,1.0,-1.0,1.0,1.0,0.0,0.0,40.0,40.0,20.0,13.0,10.0,17.0,12.0,1482.8,1512.4
2020-12-15,2020,Hertha,Mainz,0,0,D,U,1.76,3.88,4.55,0.0,0.0,5.0,4.0,6,1.0,1.0,1.0,2.0,6.0,5.0,1.0,7.0,6.0,1.0,-1.0,-1.0,0.0,1.0,1.0,0.0,1.0,1.0,0.0,20.0,60.0,20.0,80.0,15.0,17.0,21.0,8.0,1496.0,1416.4
2020-12-15,2020,Ein Frankfurt,M'gladbach,3,3,D,O,2.68,3.7,2.48,4.0,4.0,4.0,5.0,6,0.0,1.0,0.0,1.0,3.0,8.0,-5.0,3.0,8.0,-5.0,0.0,0.0,0.0,0.0,0.0,0.0,0.0,0.0,0.0,20.0,0.0,40.0,40.0,9.0,22.0,16.0,14.0,1526.7,1593.7
2020-12-13,2020,Leverkusen,Hoffenheim,4,1,H,O,1.78,4.2,4.01,8.0,4.0,6.0,5.0,5,2.0,0.0,0.0,1.0,7.0,3.0,4.0,4.0,4.0,0.0,3.0,-1.0,4.0,1.0,0.0,1.0,0.0,0.0,0.0,50.0,0.0,20.0,40.0,14.0,16.0,15.0,16.0,1642.7,1545.5
2020-12-13,2020,Augsburg,Schalke 04,2,2,D,O,1.92,3.6,3.98,4.0,4.0,2.0,3.0,6,1.0,0.0,1.0,2.0,4.0,3.0,1.0,5.0,9.0,-4.0,-1.0,-6.0,5.0,1.0,0.0,1.0,1.0,2.0,-1.0,40.0,40.0,0.0,80.0,11.0,5.0,10.0,15.0,1454.2,1422.2
2020-12-12,2020,Union Berlin,Bayern Munich,1,1,D,U,8.51,6.28,1.3,6.0,5.0,4.0,7.0,6,1.0,3.0,0.0,0.0,9.0,8.0,1.0,4.0,4.0,0.0,5.0,4.0,1.0,1.0,1.0,0.0,0.0,0.0,0.0,40.0,20.0,80.0,20.0,22.0,19.0,13.0,7.0,1505.7,1785.7
2020-12-12,2020,RB Leipzig,Werder Bremen,2,0,H,U,1.36,5.24,8.4,7.0,2.0,1.0,6.0,6,3.0,0.0,0.0,1.0,7.0,5.0,2.0,2.0,7.0,-5.0,5.0,-2.0,7.0,1.0,0.0,1.0,0.0,1.0,-1.0,100.0,0.0,20.0,20.0,22.0,12.0,16.0,11.0,1666.7,1472.1
2020-12-12,2020,Mainz,FC Koln,0,1,A,U,2.43,3.56,2.82,4.0,6.0,5.0,3.0,6,0.0,1.0,1.0,0.0,5.0,4.0,1.0,6.0,3.0,3.0,-1.0,1.0,-2.0,0.0,0.0,0.0,0.0,0.0,0.0,0.0,60.0,25.0,25.0,18.0,10.0,18.0,10.0,1426.4,1426.2
2020-12-12,2020,M'gladbach,Hertha,1,1,D,U,1.92,3.77,3.81,4.0,3.0,13.0,2.0,6,2.0,1.0,0.0,1.0,6.0,4.0,2.0,2.0,2.0,0.0,4.0,2.0,2.0,1.0,1.0,0.0,0.0,0.0,0.0,40.0,0.0,40.0,40.0,19.0,12.0,9.0,10.0,1596.6,1493.1
2020-12-12,2020,Freiburg,Bielefeld,2,0,H,U,1.79,3.86,4.33,7.0,1.0,5.0,4.0,6,0.0,0.0,2.0,3.0,5.0,2.0,3.0,9.0,9.0,0.0,-4.0,-7.0,3.0,0.0,0.0,0.0,2.0,1.0,1.0,0.0,40.0,0.0,80.0,18.0,5.0,18.0,11.0,1484.9,1469.7
2020-12-12,2020,Dortmund,Stuttgart,1,5,A,O,1.51,4.62,5.92,4.0,10.0,8.0,2.0,6,1.0,1.0,2.0,0.0,6.0,6.0,0.0,5.0,5.0,0.0,1.0,1.0,0.0,1.0,0.0,1.0,0.0,0.0,0.0,60.0,40.0,60.0,0.0,16.0,21.0,17.0,12.0,1664.8,1467.7
2020-12-11,2020,Wolfsburg,Ein Frankfurt,2,1,H,O,2.34,3.62,2.91,8.0,4.0,8.0,1.0,6,3.0,0.0,0.0,1.0,9.0,5.0,4.0,5.0,10.0,-5.0,4.0,-5.0,9.0,1.0,0.0,1.0,0.0,1.0,-1.0,60.0,0.0,20.0,20.0,18.0,15.0,7.0,15.0,1566.7,1535.8
2020-12-07,2020,Hoffenheim,Augsburg,3,1,H,O,1.84,3.92,3.97,7.0,3.0,4.0,3.0,5,0.0,0.0,2.0,1.0,4.0,2.0,2.0,7.0,4.0,3.0,-3.0,-2.0,-1.0,0.0,0.0,0.0,1.0,1.0,0.0,25.0,50.0,25.0,25.0,16.0,9.0,10.0,6.0,1537.7,1462.0
2020-12-06,2020,Werder Bremen,Stuttgart,1,2,A,O,2.73,3.56,2.48,4.0,7.0,2.0,4.0,5,1.0,1.0,0.0,0.0,3.0,6.0,-3.0,2.0,4.0,-2.0,1.0,2.0,-1.0,0.0,1.0,-1.0,0.0,0.0,0.0,25.0,25.0,50.0,0.0,8.0,16.0,4.0,12.0,1482.8,1456.9
2020-12-06,2020,Schalke 04,Leverkusen,0,3,A,O,6.11,4.42,1.52,4.0,9.0,2.0,8.0,5,0.0,3.0,1.0,0.0,2.0,7.0,-5.0,4.0,3.0,1.0,-2.0,4.0,-6.0,0.0,1.0,-1.0,1.0,0.0,1.0,0.0,50.0,60.0,0.0,12.0,15.0,14.0,18.0,1426.7,1638.2
2020-12-05,2020,Freiburg,M'gladbach,2,2,D,O,3.67,3.7,1.98,7.0,4.0,5.0,5.0,5,0.0,2.0,2.0,1.0,4.0,9.0,-5.0,8.0,7.0,1.0,-4.0,2.0,-6.0,0.0,1.0,-1.0,2.0,0.0,2.0,0.0,50.0,50.0,50.0,15.0,29.0,17.0,19.0,1481.6,1599.9
2020-12-05,2020,FC Koln,Wolfsburg,2,2,D,O,3.55,3.52,2.07,3.0,6.0,3.0,8.0,6,0.0,1.0,2.0,0.0,3.0,4.0,-1.0,5.0,2.0,3.0,-2.0,2.0,-4.0,0.0,1.0,-1.0,0.0,0.0,0.0,0.0,80.0,25.0,0.0,11.0,17.0,12.0,14.0,1422.1,1570.7
2020-12-05,2020,Ein Frankfurt,Dortmund,1,1,D,U,3.58,4.0,1.93,1.0,5.0,6.0,5.0,5,1.0,3.0,0.0,0.0,4.0,8.0,-4.0,3.0,2.0,1.0,1.0,6.0,-5.0,0.0,2.0,-2.0,0.0,0.0,0.0,25.0,0.0,75.0,25.0,14.0,23.0,15.0,21.0,1532.1,1668.6
2020-12-05,2020,Bielefeld,Mainz,2,1,H,O,2.83,3.46,2.47,5.0,5.0,2.0,3.0,5,0.0,1.0,3.0,2.0,2.0,4.0,-2.0,8.0,8.0,0.0,-6.0,-4.0,-2.0,0.0,1.0,-1.0,2.0,2.0,0.0,25.0,75.0,25.0,75.0,8.0,12.0,6.0,7.0,1460.4,1435.7
2020-12-05,2020,Bayern Munich,RB Leipzig,3,3,D,O,1.41,5.27,6.77,6.0,4.0,10.0,2.0,5,2.0,1.0,0.0,1.0,10.0,3.0,7.0,4.0,2.0,2.0,6.0,1.0,5.0,1.0,1.0,0.0,0.0,0.0,0.0,75.0,0.0,25.0,25.0,22.0,12.0,23.0,18.0,1789.2,1663.3
2020-12-04,2020,Hertha,Union Berlin,3,1,H,O,2.6,3.36,2.76,7.0,1.0,9.0,2.0,5,0.0,2.0,2.0,0.0,3.0,6.0,-3.0,8.0,3.0,5.0,-5.0,3.0,-8.0,0.0,1.0,-1.0,2.0,0.0,2.0,0.0,75.0,50.0,0.0,12.0,16.0,18.0,17.0,1482.1,1516.7
2020-11-29,2020,Mainz,Hoffenheim,1,1,D,U,3.28,3.78,2.08,4.0,5.0,11.0,5.0,5,0.0,0.0,2.0,2.0,4.0,3.0,1.0,6.0,5.0,1.0,-2.0,-2.0,0.0,0.0,0.0,0.0,0.0,0.0,0.0,0.0,75.0,25.0,50.0,14.0,15.0,13.0,18.0,1432.7,1540.7
2020-11-29,2020,Leverkusen,Hertha,0,0,D,U,1.78,3.87,4.34,2.0,3.0,6.0,1.0,4,2.0,1.0,0.0,2.0,8.0,7.0,1.0,5.0,6.0,-1.0,3.0,1.0,2.0,1.0,1.0,0.0,0.0,0.0,0.0,66.7,0.0,50.0,50.0,16.0,14.0,13.0,10.0,1642.6,1477.7
2020-11-28,2020,Union Berlin,Ein Frankfurt,3,3,D,O,2.51,3.52,2.73,7.0,5.0,4.0,5.0,5,2.0,0.0,0.0,1.0,10.0,3.0,7.0,1.0,8.0,-7.0,9.0,-5.0,14.0,2.0,0.0,2.0,0.0,1.0,-1.0,50.0,25.0,25.0,25.0,22.0,14.0,13.0,18.0,1516.3,1532.5
2020-11-28,2020,Stuttgart,Bayern Munich,1,3,A,O,8.66,6.25,1.3,4.0,6.0,4.0,3.0,5,0.0,3.0,0.0,0.0,4.0,9.0,-5.0,4.0,4.0,0.0,0.0,5.0,-5.0,0.0,1.0,-1.0,0.0,0.0,0.0,0.0,25.0,75.0,25.0,11.0,23.0,20.0,14.0,1459.6,1786.5
2020-11-28,2020,RB Leipzig,Bielefeld,2,1,H,O,1.22,6.73,13.07,7.0,3.0,6.0,7.0,5,3.0,0.0,0.0,3.0,9.0,1.0,8.0,1.0,8.0,-7.0,8.0,-7.0,15.0,2.0,0.0,2.0,0.0,1.0,-1.0,100.0,0.0,0.0,75.0,22.0,7.0,18.0,5.0,1658.3,1465.3
2020-11-28,2020,M'gladbach,Schalke 04,4,1,H,O,1.35,5.3,8.36,9.0,2.0,5.0,4.0,5,1.0,0.0,0.0,2.0,3.0,2.0,1.0,2.0,9.0,-7.0,1.0,-7.0,8.0,0.0,0.0,0.0,0.0,2.0,-2.0,25.0,0.0,0.0,75.0,12.0,4.0,9.0,12.0,1594.3,1432.4
2020-11-28,2020,Dortmund,FC Koln,1,2,A,O,1.23,6.57,11.94,4.0,5.0,6.0,2.0,5,2.0,0.0,1.0,1.0,9.0,2.0,7.0,3.0,3.0,0.0,6.0,-1.0,7.0,2.0,0.0,2.0,0.0,0.0,0.0,75.0,25.0,0.0,33.3,19.0,7.0,14.0,15.0,1685.2,1405.5
2020-11-28,2020,Augsburg,Freiburg,1,1,D,U,2.42,3.43,2.91,2.0,5.0,4.0,1.0,5,1.0,0.0,2.0,2.0,3.0,1.0,2.0,6.0,8.0,-2.0,-3.0,-7.0,4.0,1.0,0.0,1.0,2.0,2.0,0.0,50.0,50.0,25.0,50.0,11.0,9.0,11.0,8.0,1461.4,1482.2
2020-11-27,2020,Wolfsburg,Werder Bremen,5,3,H,O,1.89,3.64,4.14,6.0,4.0,0.0,5.0,5,2.0,0.0,0.0,0.0,4.0,3.0,1.0,2.0,3.0,-1.0,2.0,0.0,2.0,0.0,0.0,0.0,0.0,0.0,0.0,50.0,0.0,25.0,0.0,18.0,12.0,19.0,10.0,1562.7,1490.8
2020-11-22,2020,Freiburg,Mainz,1,3,A,O,2.09,3.58,3.45,6.0,8.0,9.0,4.0,4,0.0,0.0,1.0,3.0,4.0,2.0,2.0,6.0,10.0,-4.0,-2.0,-8.0,6.0,0.0,0.0,0.0,1.0,3.0,-2.0,0.0,33.3,0.0,100.0,16.0,5.0,17.0,8.0,1494.3,1420.6
2020-11-22,2020,FC Koln,Union Berlin,1,2,A,O,2.72,3.35,2.62,4.0,3.0,5.0,4.0,5,0.0,1.0,2.0,0.0,3.0,5.0,-2.0,6.0,3.0,3.0,-3.0,2.0,-5.0,0.0,1.0,-1.0,1.0,0.0,1.0,0.0,75.0,33.3,0.0,10.0,15.0,11.0,18.0,1412.8,1509.0
2020-11-21,2020,Schalke 04,Wolfsburg,0,2,A,U,3.77,3.58,1.99,6.0,8.0,6.0,4.0,4,0.0,0.0,1.0,0.0,3.0,3.0,0.0,5.0,3.0,2.0,-2.0,0.0,-2.0,0.0,0.0,0.0,1.0,0.0,1.0,0.0,33.3,0.0,0.0,10.0,11.0,16.0,11.0,1439.1,1556.0
2020-11-21,2020,M'gladbach,Augsburg,1,1,D,U,1.5,4.65,6.08,6.0,5.0,2.0,1.0,4,1.0,1.0,0.0,1.0,3.0,4.0,-1.0,2.0,4.0,-2.0,1.0,0.0,1.0,0.0,1.0,-1.0,0.0,1.0,-1.0,33.3,0.0,33.3,33.3,11.0,9.0,14.0,6.0,1598.1,1457.6
2020-11-21,2020,Hoffenheim,Stuttgart,3,3,D,O,2.36,3.85,2.74,8.0,9.0,3.0,4.0,4,1.0,2.0,2.0,0.0,5.0,7.0,-2.0,5.0,2.0,3.0,0.0,5.0,-5.0,1.0,2.0,-1.0,1.0,0.0,1.0,33.3,66.7,66.7,0.0,16.0,14.0,10.0,17.0,1543.1,1457.1
2020-11-21,2020,Hertha,Dortmund,2,5,A,O,4.87,4.31,1.64,3.0,8.0,4.0,3.0,4,0.0,2.0,2.0,1.0,2.0,3.0,-1.0,6.0,2.0,4.0,-4.0,1.0,-5.0,0.0,1.0,-1.0,2.0,1.0,1.0,0.0,66.7,66.7,33.3,15.0,22.0,18.0,29.0,1482.5,1680.4
2020-11-21,2020,Ein Frankfurt,RB Leipzig,1,1,D,U,3.76,3.91,1.91,3.0,3.0,5.0,6.0,4,1.0,1.0,0.0,1.0,4.0,3.0,1.0,3.0,2.0,1.0,1.0,1.0,0.0,0.0,1.0,-1.0,0.0,0.0,0.0,33.3,0.0,33.3,33.3,17.0,11.0,24.0,13.0,1528.9,1662.0
2020-11-21,2020,Bielefeld,Leverkusen,1,2,A,O,5.77,4.34,1.55,1.0,4.0,0.0,10.0,4,1.0,2.0,2.0,0.0,2.0,6.0,-4.0,6.0,3.0,3.0,-4.0,3.0,-7.0,0.0,1.0,-1.0,2.0,0.0,2.0,33.3,66.7,50.0,0.0,10.0,18.0,10.0,20.0,1470.9,1637.0
2020-11-21,2020,Bayern Munich,Werder Bremen,1,1,D,U,1.11,10.28,19.29,3.0,4.0,7.0,3.0,4,3.0,1.0,0.0,0.0,17.0,5.0,12.0,3.0,3.0,0.0,14.0,2.0,12.0,2.0,1.0,1.0,0.0,0.0,0.0,100.0,0.0,33.3,0.0,31.0,16.0,25.0,10.0,1793.7,1483.7
2020-11-08,2020,Wolfsburg,Hoffenheim,2,1,H,O,2.12,3.69,3.29,8.0,5.0,3.0,7.0,4,1.0,1.0,0.0,1.0,2.0,5.0,-3.0,1.0,5.0,-4.0,1.0,0.0,1.0,0.0,0.0,0.0,0.0,0.0,0.0,33.3,0.0,33.3,33.3,11.0,17.0,20.0,17.0,1545.8,1553.3
2020-11-08,2020,Leverkusen,M'gladbach,4,3,H,O,2.36,3.56,2.92,5.0,6.0,6.0,2.0,3,,2.0,,1.0,,6.0,,,6.0,,,0.0,,,1.0,,,1.0,,50.0,0.0,66.7,33.3,,25.0,,20.0,1627.6,1607.5
2020-11-07,2020,Union Berlin,Bielefeld,5,0,H,O,1.84,3.69,4.31,8.0,1.0,5.0,1.0,4,1.0,0.0,1.0,2.0,6.0,2.0,4.0,4.0,4.0,0.0,2.0,-2.0,4.0,1.0,0.0,1.0,1.0,0.0,1.0,33.3,33.3,0.0,66.7,17.0,10.0,16.0,7.0,1499.5,1480.3
2020-11-07,2020,Stuttgart,Ein Frankfurt,2,2,D,O,2.67,3.66,2.5,5.0,8.0,10.0,8.0,4,0.0,1.0,1.0,1.0,4.0,4.0,0.0,5.0,7.0,-2.0,-1.0,-3.0,2.0,0.0,1.0,-1.0,0.0,1.0,-1.0,0.0,33.3,33.3,33.3,13.0,9.0,17.0,13.0,1455.0,1531.0
2020-11-07,2020,RB Leipzig,Freiburg,3,0,H,O,1.35,5.24,8.71,7.0,3.0,3.0,4.0,4,3.0,1.0,0.0,1.0,9.0,4.0,5.0,2.0,7.0,-5.0,7.0,-3.0,10.0,2.0,0.0,2.0,0.0,1.0,-1.0,100.0,0.0,33.3,33.3,25.0,12.0,22.0,6.0,1656.2,1500.1
2020-11-07,2020,Mainz,Schalke 04,2,2,D,O,2.21,3.48,3.24,7.0,3.0,4.0,9.0,4,0.0,0.0,3.0,3.0,3.0,0.0,3.0,8.0,15.0,-7.0,-5.0,-15.0,10.0,0.0,0.0,0.0,1.0,3.0,-2.0,0.0,100.0,0.0,100.0,10.0,2.0,12.0,5.0,1420.1,1439.7
2020-11-07,2020,Dortmund,Bayern Munich,2,3,A,O,3.89,4.19,1.82,5.0,8.0,4.0,3.0,4,3.0,2.0,0.0,1.0,10.0,7.0,3.0,0.0,6.0,-6.0,10.0,1.0,9.0,3.0,1.0,2.0,0.0,1.0,-1.0,100.0,0.0,66.7,33.3,18.0,17.0,11.0,16.0,1687.6,1786.4
2020-11-07,2020,Augsburg,Hertha,0,3,A,O,2.91,3.54,2.37,2.0,6.0,2.0,6.0,4,2.0,1.0,1.0,2.0,5.0,8.0,-3.0,3.0,7.0,-4.0,2.0,1.0,1.0,2.0,1.0,1.0,1.0,0.0,1.0,66.7,33.3,33.3,66.7,13.0,14.0,12.0,8.0,1467.4,1472.7
2020-11-06,2020,Werder Bremen,FC Koln,1,1,D,U,2.44,3.5,2.87,4.0,1.0,1.0,3.0,4,1.0,,1.0,,3.0,,,5.0,,,-2.0,,,0.0,,,1.0,,,33.3,33.3,0.0,50.0,11.0,,10.0,,1485.8,1410.6
2020-11-02,2020,Hoffenheim,Union Berlin,1,3,A,O,1.86,3.87,4.03,5.0,6.0,3.0,6.0,3,,,,,,,,,,,,,,,,,,,,50.0,50.0,0.0,0.0,,,,,1565.5,1487.3
2020-11-01,2020,Hertha,Wolfsburg,1,1,D,U,2.64,3.47,2.62,5.0,4.0,8.0,6.0,3,,,,,,,,,,,,,,,,,,,,0.0,100.0,0.0,0.0,,,,,1470.5,1548.0
2020-11-01,2020,Freiburg,Leverkusen,2,4,A,O,3.71,3.57,2.0,5.0,7.0,4.0,6.0,3,,1.0,,0.0,,2.0,,,1.0,,,1.0,,,0.0,,,0.0,,0.0,0.0,33.3,0.0,,13.0,,18.0,1506.9,1620.8
2020-10-31,2020,M'gladbach,RB Leipzig,1,0,H,U,2.96,3.63,2.31,4.0,3.0,2.0,4.0,3,,,,,,,,,,,,,,,,,,,,0.0,0.0,50.0,0.0,,,,,1595.4,1668.2
2020-10-31,2020,FC Koln,Bayern Munich,1,2,A,O,13.96,8.08,1.18,2.0,5.0,5.0,1.0,4,0.0,,2.0,,4.0,,,7.0,,,-3.0,,,0.0,,,1.0,,,0.0,66.7,50.0,50.0,14.0,,7.0,,1412.7,1784.3
2020-10-31,2020,Ein Frankfurt,Werder Bremen,1,1,D,U,1.75,4.11,4.32,5.0,4.0,5.0,3.0,3,,,,,,,,,,,,,,,,,,,,50.0,0.0,50.0,0.0,,,,,1532.4,1484.4
2020-10-31,2020,Bielefeld,Dortmund,0,2,A,U,7.49,4.96,1.4,2.0,10.0,0.0,12.0,3,,,,,,,,,,,,,,,,,,,,50.0,50.0,50.0,50.0,,,,,1485.2,1682.8
2020-10-31,2020,Augsburg,Mainz,3,1,H,O,2.03,3.62,3.61,7.0,4.0,4.0,1.0,3,,,,,,,,,,,,,,,,,,,,50.0,50.0,0.0,100.0,,,,,1458.3,1429.2
2020-10-30,2020,Schalke 04,Stuttgart,1,1,D,U,3.15,3.61,2.23,2.0,5.0,3.0,4.0,3,,,,,,,,,,,,,,,,,,,,0.0,50.0,100.0,0.0,,,,,1439.2,1455.4
2020-10-26,2020,Leverkusen,Augsburg,3,1,H,O,1.64,4.18,5.07,7.0,3.0,3.0,3.0,2,,,,,,,,,,,,,,,,,,,,0.0,0.0,50.0,0.0,,,,,1614.9,1464.2
2020-10-25,2020,Wolfsburg,Bielefeld,2,1,H,O,1.69,3.89,5.06,4.0,1.0,4.0,3.0,3,,,,,,,,,,,,,,,,,,,,0.0,0.0,0.0,50.0,,,,,1539.3,1493.9
2020-10-25,2020,Werder Bremen,Hoffenheim,1,1,D,U,3.0,3.72,2.25,2.0,6.0,1.0,4.0,3,,,,,,,,,,,,,,,,,,,,50.0,50.0,50.0,50.0,,,,,1482.0,1568.0
2020-10-24,2020,Union Berlin,Freiburg,1,1,D,U,2.27,3.41,3.16,7.0,4.0,4.0,2.0,3,,,,,,,,,,,,,,,,,,,,50.0,50.0,50.0,50.0,,,,,1486.7,1507.5
2020-10-24,2020,RB Leipzig,Hertha,2,1,H,O,1.47,4.78,6.34,8.0,3.0,7.0,3.0,3,,,,,,,,,,,,,,,,,,,,100.0,0.0,50.0,50.0,,,,,1663.2,1475.6
2020-10-24,2020,Mainz,M'gladbach,2,3,A,O,4.82,4.15,1.67,7.0,12.0,3.0,7.0,3,,,,,,,,,,,,,,,,,,,,0.0,100.0,50.0,50.0,,,,,1435.0,1589.6
2020-10-24,2020,Dortmund,Schalke 04,3,0,H,O,1.21,6.84,13.27,7.0,0.0,7.0,2.0,3,,,,,,,,,,,,,,,,,,,,100.0,0.0,0.0,100.0,,,,,1678.7,1443.3
2020-10-24,2020,Bayern Munich,Ein Frankfurt,5,0,H,O,1.22,7.26,11.2,10.0,2.0,10.0,2.0,3,,,,,,,,,,,,,,,,,,,,100.0,0.0,50.0,0.0,,,,,1780.4,1536.4
2020-10-23,2020,Stuttgart,FC Koln,1,1,D,U,1.92,3.91,3.75,4.0,4.0,3.0,5.0,3,,,,,,,,,,,,,,,,,,,,0.0,50.0,0.0,100.0,,,,,1456.7,1411.4
2020-10-18,2020,Schalke 04,Union Berlin,1,1,D,U,2.82,3.23,2.59,4.0,7.0,5.0,7.0,2,,,,,,,,,,,,,,,,,,,,0.0,100.0,0.0,0.0,,,,,1442.0,1488.0
2020-10-18,2020,FC Koln,Ein Frankfurt,1,1,D,U,3.16,3.78,2.13,5.0,4.0,2.0,8.0,3,,,,,,,,,,,,,,,,,,,,0.0,100.0,100.0,0.0,,,,,1407.8,1540.0
2020-10-17,2020,Mainz,Leverkusen,0,1,A,U,5.13,4.35,1.61,0.0,4.0,6.0,2.0,2,,,,,,,,,,,,,,,,,,,,0.0,100.0,0.0,0.0,,,,,1440.5,1609.4
2020-10-17,2020,M'gladbach,Wolfsburg,1,1,D,U,1.86,3.85,4.01,2.0,5.0,5.0,4.0,2,,,,,,,,,,,,,,,,,,,,0.0,0.0,0.0,0.0,,,,,1591.2,1537.7
2020-10-17,2020,Hoffenheim,Dortmund,0,1,A,U,4.03,4.32,1.76,3.0,5.0,4.0,6.0,2,,,,,,,,,,,,,,,,,,,,100.0,0.0,0.0,100.0,,,,,1575.3,1671.4
2020-10-17,2020,Hertha,Stuttgart,0,2,A,U,2.06,3.81,3.33,4.0,2.0,6.0,4.0,2,,,,,,,,,,,,,,,,,,,,0.0,100.0,100.0,0.0,,,,,1486.7,1445.6
2020-10-17,2020,Freiburg,Werder Bremen,1,1,D,U,2.26,3.51,3.12,4.0,4.0,4.0,4.0,2,,,,,,,,,,,,,,,,,,,,0.0,0.0,100.0,0.0,,,,,1508.3,1481.2
2020-10-17,2020,Bielefeld,Bayern Munich,1,4,A,O,13.73,7.73,1.19,5.0,10.0,6.0,10.0,2,,,,,,,,,,,,,,,,,,,,100.0,0.0,0.0,100.0,,,,,1497.2,1777.1
2020-10-17,2020,Augsburg,RB Leipzig,0,2,A,U,5.76,4.52,1.53,2.0,6.0,5.0,8.0,2,,,,,,,,,,,,,,,,,,,,100.0,0.0,0.0,0.0,,,,,1469.2,1658.1
2020-10-04,2020,Wolfsburg,Augsburg,0,0,D,U,2.02,3.56,3.66,6.0,1.0,12.0,2.0,2,,,,,,,,,,,,,,,,,,,,0.0,0.0,100.0,0.0,,,,,1539.8,1467.2
2020-10-04,2020,Bayern Munich,Hertha,4,3,H,O,1.16,8.27,15.23,9.0,5.0,6.0,1.0,2,,,,,,,,,,,,,,,,,,,,100.0,0.0,100.0,0.0,,,,,1773.8,1490.0
2020-10-03,2020,Werder Bremen,Bielefeld,1,0,H,U,2.14,3.56,3.3,2.0,5.0,2.0,1.0,2,,,,,,,,,,,,,,,,,,,,0.0,100.0,0.0,0.0,,,,,1470.1,1508.3
2020-10-03,2020,Stuttgart,Leverkusen,1,1,D,U,3.7,3.93,1.91,2.0,7.0,7.0,12.0,2,,,,,,,,,,,,,,,,,,,,0.0,100.0,0.0,0.0,,,,,1441.0,1614.0
2020-10-03,2020,RB Leipzig,Schalke 04,4,0,H,O,1.26,6.14,10.84,7.0,1.0,8.0,1.0,2,,,,,,,,,,,,,,,,,,,,100.0,0.0,0.0,100.0,,,,,1653.5,1446.7
2020-10-03,2020,FC Koln,M'gladbach,1,3,A,O,3.89,3.86,1.88,3.0,11.0,4.0,10.0,2,,,,,,,,,,,,,,,,,,,,0.0,100.0,0.0,100.0,,,,,1413.2,1585.7
2020-10-03,2020,Ein Frankfurt,Hoffenheim,2,1,H,O,2.38,3.62,2.84,6.0,4.0,5.0,7.0,2,,,,,,,,,,,,,,,,,,,,0.0,0.0,100.0,0.0,,,,,1528.3,1586.9
2020-10-03,2020,Dortmund,Freiburg,4,0,H,O,1.3,5.85,9.31,7.0,2.0,3.0,2.0,2,,,,,,,,,,,,,,,,,,,,100.0,0.0,100.0,0.0,,,,,1665.5,1514.2
2020-10-02,2020,Union Berlin,Mainz,4,0,H,O,2.14,3.56,3.37,7.0,0.0,4.0,2.0,2,,,,,,,,,,,,,,,,,,,,0.0,100.0,0.0,100.0,,,,,1478.9,1449.7
2020-09-27,2020,Hoffenheim,Bayern Munich,4,1,H,O,10.51,6.93,1.23,8.0,2.0,3.0,5.0,1,,,,,,,,,,,,,,,,,,,,,,,,,,,,1571.4,1789.4
2020-09-27,2020,Freiburg,Wolfsburg,1,1,D,U,3.06,3.45,2.3,7.0,2.0,9.0,1.0,1,,,,,,,,,,,,,,,,,,,,,,,,,,,,1513.4,1540.6
2020-09-26,2020,Schalke 04,Werder Bremen,1,3,A,O,2.55,3.44,2.74,4.0,8.0,8.0,3.0,1,,,,,,,,,,,,,,,,,,,,,,,,,,,,1456.6,1460.2
2020-09-26,2020,Mainz,Stuttgart,1,4,A,O,2.42,3.53,2.84,3.0,7.0,3.0,9.0,1,,,,,,,,,,,,,,,,,,,,,,,,,,,,1460.6,1430.1
2020-09-26,2020,M'gladbach,Union Berlin,1,1,D,U,1.44,4.61,7.3,5.0,2.0,7.0,5.0,1,,,,,,,,,,,,,,,,,,,,,,,,,,,,1588.9,1475.7
2020-09-26,2020,Leverkusen,RB Leipzig,1,1,D,U,3.03,3.65,2.25,4.0,2.0,4.0,1.0,1,,,,,,,,,,,,,,,,,,,,,,,,,,,,1612.8,1654.7
2020-09-26,2020,Bielefeld,FC Koln,1,0,H,U,2.71,3.52,2.53,3.0,2.0,4.0,7.0,1,,,,,,,,,,,,,,,,,,,,,,,,,,,,1500.6,1421.0
2020-09-26,2020,Augsburg,Dortmund,2,0,H,U,6.99,4.82,1.43,4.0,7.0,3.0,11.0,1,,,,,,,,,,,,,,,,,,,,,,,,,,,,1451.4,1681.2
2020-09-25,2020,Hertha,Ein Frankfurt,1,3,A,O,2.28,3.75,2.96,6.0,3.0,4.0,3.0,1,,,,,,,,,,,,,,,,,,,,,,,,,,,,1499.4,1518.9
2020-09-20,2020,Wolfsburg,Leverkusen,0,0,D,U,2.89,3.44,2.43,1.0,2.0,4.0,4.0,1,,,,,,,,,,,,,,,,,,,,,,,,,,,,1538.4,1614.9
2020-09-20,2020,RB Leipzig,Mainz,3,1,H,O,1.37,5.48,7.5,10.0,1.0,7.0,5.0,1,,,,,,,,,,,,,,,,,,,,,,,,,,,,1649.5,1465.7
2020-09-19,2020,Werder Bremen,Hertha,1,4,A,O,2.62,3.48,2.64,7.0,6.0,7.0,4.0,1,,,,,,,,,,,,,,,,,,,,,,,,,,,,1469.6,1490.0
2020-09-19,2020,Union Berlin,Augsburg,1,3,A,O,2.34,3.25,3.19,3.0,5.0,8.0,1.0,1,,,,,,,,,,,,,,,,,,,,,,,,,,,,1487.1,1440.0
2020-09-19,2020,Stuttgart,Freiburg,2,3,A,O,2.26,3.48,3.16,7.0,6.0,7.0,2.0,1,,,,,,,,,,,,,,,,,,,,,,,,,,,,1438.2,1505.3
2020-09-19,2020,FC Koln,Hoffenheim,2,3,A,O,2.6,3.6,2.59,6.0,7.0,1.0,6.0,1,,,,,,,,,,,,,,,,,,,,,,,,,,,,1427.2,1565.1
2020-09-19,2020,Ein Frankfurt,Bielefeld,1,1,D,U,1.65,4.19,4.91,6.0,4.0,14.0,3.0,1,,,,,,,,,,,,,,,,,,,,,,,,,,,,1519.4,1500.0
2020-09-19,2020,Dortmund,M'gladbach,3,0,H,O,1.63,4.36,4.91,4.0,2.0,1.0,3.0,1,,,,,,,,,,,,,,,,,,,,,,,,,,,,1673.4,1596.7
2020-09-18,2020,Bayern Munich,Schalke 04,8,0,H,O,1.09,11.59,24.69,12.0,1.0,9.0,2.0,1,,,,,,,,,,,,,,,,,,,,,,,,,,,,1786.7,1459.2
2020-06-27,2019,Wolfsburg,Bayern Munich,0,4,A,O,4.32,4.47,1.69,4.0,11.0,3.0,6.0,17,0.0,3.0,2.0,0.0,3.0,6.0,-3.0,6.0,2.0,4.0,-3.0,4.0,-7.0,0.0,1.0,-1.0,1.0,0.0,1.0,25.0,31.2,75.0,12.5,12.0,20.0,12.0,17.0,1542.4,1782.7
2020-06-27,2019,Werder Bremen,FC Koln,6,1,H,O,1.62,4.36,4.93,9.0,2.0,7.0,5.0,17,0.0,0.0,3.0,2.0,0.0,3.0,-3.0,5.0,7.0,-2.0,-5.0,-4.0,-1.0,0.0,0.0,0.0,1.0,2.0,-1.0,6.2,75.0,25.0,62.5,8.0,8.0,10.0,15.0,1460.3,1436.5
2020-06-27,2019,Union Berlin,Fortuna Dusseldorf,3,0,H,O,3.86,3.58,1.97,7.0,4.0,6.0,10.0,17,1.0,0.0,0.0,1.0,3.0,4.0,-1.0,2.0,9.0,-7.0,1.0,-5.0,6.0,0.0,0.0,0.0,0.0,1.0,-1.0,43.8,37.5,12.5,50.0,16.0,9.0,16.0,6.0,1477.3,1468.5
2020-06-27,2019,M'gladbach,Hertha,2,1,H,O,1.35,5.46,8.02,8.0,2.0,3.0,3.0,17,2.0,0.0,1.0,2.0,8.0,3.0,5.0,4.0,5.0,-1.0,4.0,-2.0,6.0,2.0,0.0,2.0,1.0,0.0,1.0,68.8,18.8,31.2,37.5,19.0,11.0,15.0,12.0,1589.3,1497.4
2020-06-27,2019,Leverkusen,Mainz,1,0,H,U,1.26,6.54,9.77,2.0,1.0,11.0,4.0,17,1.0,2.0,2.0,0.0,6.0,5.0,1.0,9.0,1.0,8.0,-3.0,4.0,-7.0,1.0,2.0,-1.0,2.0,0.0,2.0,50.0,25.0,37.5,50.0,14.0,13.0,25.0,12.0,1608.7,1472.0
2020-06-27,2019,Freiburg,Schalke 04,4,0,H,O,1.82,3.95,4.1,8.0,5.0,1.0,5.0,17,2.0,0.0,1.0,2.0,3.0,3.0,0.0,2.0,5.0,-3.0,1.0,-2.0,3.0,0.0,0.0,0.0,0.0,0.0,0.0,50.0,37.5,25.0,43.8,13.0,8.0,14.0,9.0,1496.1,1468.4
2020-06-27,2019,Ein Frankfurt,Paderborn,3,2,H,O,1.32,5.77,8.43,4.0,5.0,6.0,2.0,17,1.0,0.0,1.0,1.0,5.0,1.0,4.0,6.0,2.0,4.0,-1.0,-1.0,0.0,0.0,0.0,0.0,1.0,0.0,1.0,43.8,31.2,12.5,50.0,20.0,10.0,21.0,20.0,1512.4,1405.0
2020-06-27,2019,Dortmund,Hoffenheim,0,4,A,O,1.73,4.43,4.08,4.0,7.0,2.0,5.0,17,1.0,2.0,2.0,0.0,1.0,6.0,-5.0,3.0,3.0,0.0,-2.0,3.0,-5.0,0.0,1.0,-1.0,1.0,0.0,1.0,68.8,12.5,43.8,18.8,13.0,16.0,17.0,12.0,1687.1,1551.4
2020-06-27,2019,Augsburg,RB Leipzig,1,2,A,O,7.02,5.21,1.4,1.0,5.0,2.0,8.0,17,0.0,3.0,1.0,0.0,2.0,11.0,-9.0,4.0,2.0,2.0,-2.0,9.0,-11.0,0.0,3.0,-3.0,1.0,0.0,1.0,31.2,37.5,62.5,12.5,13.0,24.0,21.0,12.0,1444.9,1644.7
2020-06-20,2019,Schalke 04,Wolfsburg,1,4,A,O,5.12,4.06,1.65,3.0,5.0,2.0,4.0,17,0.0,2.0,2.0,1.0,1.0,5.0,-4.0,5.0,4.0,1.0,-4.0,1.0,-5.0,0.0,1.0,-1.0,1.0,1.0,0.0,31.2,25.0,50.0,31.2,7.0,14.0,8.0,13.0,1476.8,1534.0
2020-06-20,2019,RB Leipzig,Dortmund,0,2,A,U,2.32,3.67,2.9,5.0,7.0,4.0,1.0,17,0.0,3.0,0.0,0.0,5.0,9.0,-4.0,5.0,1.0,4.0,0.0,8.0,-8.0,0.0,2.0,-2.0,0.0,0.0,0.0,43.8,6.2,56.2,25.0,15.0,16.0,16.0,11.0,1654.0,1677.8
2020-06-20,2019,Paderborn,M'gladbach,1,3,A,O,9.86,6.06,1.28,1.0,10.0,3.0,5.0,17,0.0,0.0,2.0,2.0,3.0,1.0,2.0,12.0,3.0,9.0,-9.0,-2.0,-7.0,0.0,0.0,0.0,2.0,0.0,2.0,12.5,75.0,43.8,37.5,12.0,10.0,15.0,16.0,1410.4,1583.9
2020-06-20,2019,Mainz,Werder Bremen,3,1,H,O,2.55,3.55,2.66,12.0,6.0,7.0,8.0,17,0.0,3.0,3.0,0.0,0.0,7.0,-7.0,7.0,1.0,6.0,-7.0,6.0,-13.0,0.0,1.0,-1.0,1.0,0.0,1.0,25.0,62.5,37.5,37.5,7.0,13.0,24.0,12.0,1461.7,1470.6
2020-06-20,2019,Hoffenheim,Union Berlin,4,0,H,O,1.61,4.2,5.33,8.0,1.0,6.0,4.0,17,1.0,1.0,2.0,2.0,3.0,3.0,0.0,6.0,9.0,-3.0,-3.0,-6.0,3.0,1.0,0.0,1.0,2.0,2.0,0.0,37.5,56.2,25.0,62.5,18.0,10.0,16.0,15.0,1543.1,1485.7
2020-06-20,2019,Hertha,Leverkusen,2,0,H,U,4.99,4.24,1.63,5.0,2.0,5.0,4.0,17,2.0,2.0,1.0,0.0,7.0,5.0,2.0,4.0,2.0,2.0,3.0,3.0,0.0,2.0,1.0,1.0,1.0,0.0,1.0,31.2,50.0,62.5,25.0,17.0,13.0,12.0,18.0,1483.7,1622.5
2020-06-20,2019,Fortuna Dusseldorf,Augsburg,1,1,D,U,1.93,3.72,3.85,4.0,3.0,5.0,3.0,17,1.0,2.0,1.0,1.0,4.0,4.0,0.0,4.0,2.0,2.0,0.0,2.0,-2.0,0.0,1.0,-1.0,0.0,1.0,-1.0,25.0,43.8,25.0,56.2,16.0,12.0,20.0,15.0,1469.3,1444.1
2020-06-20,2019,FC Koln,Ein Frankfurt,1,1,D,U,2.7,3.75,2.43,2.0,2.0,5.0,9.0,17,0.0,3.0,2.0,0.0,5.0,9.0,-4.0,8.0,2.0,6.0,-3.0,7.0,-10.0,0.0,2.0,-2.0,1.0,0.0,1.0,37.5,43.8,31.2,62.5,17.0,14.0,14.0,14.0,1434.2,1514.7
2020-06-20,2019,Bayern Munich,Freiburg,3,1,H,O,1.26,6.51,9.83,8.0,3.0,8.0,2.0,17,3.0,0.0,0.0,0.0,12.0,6.0,6.0,3.0,6.0,-3.0,9.0,0.0,9.0,2.0,0.0,2.0,0.0,0.0,0.0,75.0,12.5,25.0,31.2,24.0,13.0,17.0,11.0,1779.4,1499.5
2020-06-17,2019,RB Leipzig,Fortuna Dusseldorf,2,2,D,O,1.22,6.6,12.55,5.0,2.0,5.0,2.0,16,0.0,0.0,0.0,1.0,4.0,3.0,1.0,4.0,8.0,-4.0,0.0,-5.0,5.0,0.0,0.0,0.0,0.0,1.0,-1.0,46.7,6.7,13.3,53.3,19.0,12.0,19.0,12.0,1659.1,1464.2
2020-06-17,2019,Leverkusen,FC Koln,3,1,H,O,1.47,4.68,6.42,6.0,1.0,7.0,3.0,16,1.0,0.0,2.0,2.0,7.0,3.0,4.0,8.0,6.0,2.0,-1.0,-3.0,2.0,1.0,0.0,1.0,2.0,1.0,1.0,46.7,26.7,26.7,60.0,13.0,10.0,19.0,15.0,1617.2,1439.5
2020-06-17,2019,Ein Frankfurt,Schalke 04,2,1,H,O,1.73,4.04,4.5,4.0,5.0,5.0,3.0,16,0.0,0.0,2.0,2.0,4.0,2.0,2.0,8.0,7.0,1.0,-4.0,-5.0,1.0,0.0,0.0,0.0,2.0,1.0,1.0,40.0,33.3,26.7,40.0,20.0,6.0,21.0,8.0,1505.3,1486.2
2020-06-17,2019,Dortmund,Mainz,0,2,A,U,1.26,6.25,10.55,5.0,6.0,7.0,1.0,16,2.0,1.0,1.0,0.0,5.0,5.0,0.0,1.0,3.0,-2.0,4.0,2.0,2.0,1.0,1.0,0.0,0.0,0.0,0.0,73.3,6.7,33.3,53.3,12.0,12.0,14.0,18.0,1694.0,1445.6
2020-06-17,2019,Augsburg,Hoffenheim,1,3,A,O,2.71,3.65,2.46,5.0,5.0,6.0,4.0,16,0.0,1.0,1.0,0.0,2.0,4.0,-2.0,3.0,3.0,0.0,-1.0,1.0,-2.0,0.0,0.0,0.0,0.0,0.0,0.0,33.3,33.3,40.0,20.0,11.0,18.0,18.0,16.0,1451.8,1535.4
2020-06-16,2019,Werder Bremen,Bayern Munich,0,1,A,U,13.52,7.27,1.2,1.0,4.0,0.0,10.0,16,0.0,3.0,2.0,0.0,0.0,7.0,-7.0,4.0,2.0,2.0,-4.0,5.0,-9.0,0.0,2.0,-2.0,1.0,0.0,1.0,6.7,73.3,73.3,13.3,14.0,19.0,18.0,16.0,1473.6,1776.4
2020-06-16,2019,Union Berlin,Paderborn,1,0,H,U,1.67,4.06,4.95,6.0,2.0,1.0,5.0,16,0.0,0.0,1.0,0.0,2.0,1.0,1.0,4.0,1.0,3.0,-2.0,0.0,-2.0,0.0,0.0,0.0,1.0,0.0,1.0,40.0,40.0,13.3,46.7,12.0,9.0,19.0,15.0,1477.4,1418.8
2020-06-16,2019,M'gladbach,Wolfsburg,3,0,H,O,2.13,3.61,3.32,3.0,2.0,5.0,3.0,16,2.0,3.0,1.0,0.0,7.0,7.0,0.0,5.0,2.0,3.0,2.0,5.0,-3.0,1.0,1.0,0.0,1.0,0.0,1.0,66.7,20.0,53.3,26.7,21.0,17.0,16.0,11.0,1574.8,1543.1
2020-06-16,2019,Freiburg,Hertha,2,1,H,O,2.68,3.56,2.53,6.0,5.0,5.0,5.0,16,1.0,1.0,2.0,1.0,1.0,5.0,-4.0,2.0,3.0,-1.0,-1.0,2.0,-3.0,0.0,1.0,-1.0,0.0,0.0,0.0,46.7,40.0,33.3,33.3,15.0,11.0,16.0,12.0,1489.3,1493.8
2020-06-14,2019,Schalke 04,Leverkusen,1,1,D,U,5.79,4.36,1.55,4.0,5.0,1.0,9.0,16,0.0,3.0,2.0,0.0,1.0,8.0,-7.0,5.0,2.0,3.0,-4.0,6.0,-10.0,0.0,2.0,-2.0,1.0,0.0,1.0,33.3,26.7,66.7,26.7,7.0,14.0,11.0,18.0,1482.4,1621.0
2020-06-14,2019,Mainz,Augsburg,0,1,A,U,2.31,3.45,3.06,4.0,3.0,9.0,5.0,16,0.0,1.0,2.0,2.0,1.0,3.0,-2.0,7.0,4.0,3.0,-6.0,-1.0,-5.0,0.0,1.0,-1.0,1.0,2.0,-1.0,26.7,60.0,20.0,60.0,4.0,11.0,16.0,14.0,1456.0,1441.3
2020-06-13,2019,Wolfsburg,Freiburg,2,2,D,O,1.71,3.96,4.77,7.0,6.0,6.0,5.0,16,0.0,0.0,2.0,1.0,1.0,4.0,-3.0,4.0,5.0,-1.0,-3.0,-1.0,-2.0,0.0,0.0,0.0,1.0,0.0,1.0,26.7,33.3,26.7,33.3,9.0,11.0,10.0,10.0,1544.8,1487.7
2020-06-13,2019,Paderborn,Werder Bremen,1,5,A,O,3.12,3.7,2.19,8.0,8.0,11.0,2.0,16,0.0,2.0,2.0,0.0,3.0,4.0,-1.0,9.0,2.0,7.0,-6.0,2.0,-8.0,0.0,0.0,0.0,1.0,0.0,1.0,13.3,73.3,33.3,40.0,6.0,8.0,9.0,11.0,1427.7,1464.6
2020-06-13,2019,Hertha,Ein Frankfurt,1,4,A,O,2.09,3.69,3.33,3.0,7.0,1.0,5.0,16,2.0,2.0,0.0,1.0,8.0,7.0,1.0,2.0,6.0,-4.0,6.0,1.0,5.0,2.0,1.0,1.0,0.0,1.0,-1.0,33.3,46.7,26.7,66.7,19.0,11.0,14.0,11.0,1504.0,1495.0
2020-06-13,2019,Fortuna Dusseldorf,Dortmund,0,1,A,U,7.91,5.34,1.36,4.0,3.0,6.0,1.0,16,1.0,3.0,0.0,0.0,4.0,10.0,-6.0,3.0,2.0,1.0,1.0,8.0,-7.0,0.0,2.0,-2.0,0.0,0.0,0.0,26.7,40.0,53.3,26.7,13.0,17.0,16.0,13.0,1468.6,1689.6
2020-06-13,2019,FC Koln,Union Berlin,1,2,A,O,2.04,3.46,3.7,6.0,5.0,4.0,6.0,16,0.0,0.0,1.0,3.0,6.0,2.0,4.0,8.0,11.0,-3.0,-2.0,-9.0,7.0,0.0,0.0,0.0,1.0,3.0,-2.0,40.0,40.0,20.0,66.7,17.0,9.0,15.0,11.0,1449.0,1467.9
2020-06-13,2019,Bayern Munich,M'gladbach,2,1,H,O,1.37,5.39,7.48,6.0,2.0,3.0,1.0,16,3.0,1.0,0.0,1.0,12.0,3.0,9.0,2.0,2.0,0.0,10.0,1.0,9.0,3.0,1.0,2.0,0.0,0.0,0.0,73.3,13.3,46.7,33.3,24.0,16.0,23.0,16.0,1771.4,1579.8
2020-06-12,2019,Hoffenheim,RB Leipzig,0,2,A,U,6.41,5.21,1.43,7.0,7.0,9.0,1.0,16,1.0,2.0,2.0,0.0,3.0,9.0,-6.0,10.0,2.0,8.0,-7.0,7.0,-14.0,1.0,2.0,-1.0,2.0,0.0,2.0,40.0,53.3,60.0,13.3,12.0,21.0,8.0,15.0,1542.4,1652.2
2020-06-07,2019,Werder Bremen,Wolfsburg,0,1,A,U,3.66,3.52,2.04,4.0,3.0,5.0,4.0,15,0.0,2.0,2.0,0.0,1.0,8.0,-7.0,7.0,4.0,3.0,-6.0,4.0,-10.0,0.0,1.0,-1.0,2.0,0.0,2.0,7.1,71.4,50.0,28.6,11.0,17.0,15.0,13.0,1472.8,1536.6
2020-06-07,2019,Union Berlin,Schalke 04,1,1,D,U,2.46,3.2,3.01,6.0,1.0,9.0,4.0,15,0.0,0.0,1.0,3.0,3.0,1.0,2.0,5.0,9.0,-4.0,-2.0,-8.0,6.0,0.0,0.0,0.0,1.0,2.0,-1.0,42.9,42.9,28.6,42.9,9.0,6.0,11.0,6.0,1467.5,1482.9
2020-06-07,2019,Augsburg,FC Koln,1,1,D,U,2.77,3.51,2.47,5.0,2.0,9.0,2.0,15,0.0,1.0,2.0,2.0,3.0,4.0,-1.0,5.0,6.0,-1.0,-2.0,-2.0,0.0,0.0,0.0,0.0,0.0,1.0,-1.0,35.7,35.7,28.6,64.3,9.0,11.0,14.0,22.0,1441.1,1449.2
2020-06-06,2019,RB Leipzig,Paderborn,1,1,D,U,1.14,8.88,17.59,5.0,5.0,7.0,9.0,15,0.0,0.0,0.0,1.0,4.0,0.0,4.0,4.0,2.0,2.0,0.0,-2.0,2.0,0.0,0.0,0.0,0.0,1.0,-1.0,50.0,7.1,14.3,50.0,16.0,8.0,20.0,14.0,1658.1,1421.8
2020-06-06,2019,Leverkusen,Bayern Munich,2,4,A,O,5.86,4.95,1.48,6.0,10.0,6.0,4.0,15,2.0,3.0,1.0,0.0,7.0,9.0,-2.0,4.0,0.0,4.0,3.0,9.0,-6.0,2.0,2.0,0.0,1.0,0.0,1.0,50.0,21.4,71.4,14.3,11.0,20.0,15.0,19.0,1627.2,1765.2
2020-06-06,2019,Fortuna Dusseldorf,Hoffenheim,2,2,D,O,2.77,3.55,2.46,4.0,5.0,7.0,1.0,15,1.0,1.0,0.0,0.0,5.0,3.0,2.0,4.0,2.0,2.0,1.0,1.0,0.0,0.0,0.0,0.0,0.0,0.0,0.0,28.6,42.9,42.9,21.4,14.0,14.0,12.0,20.0,1466.3,1544.6
2020-06-06,2019,Ein Frankfurt,Mainz,0,2,A,U,2.05,3.65,3.51,0.0,5.0,7.0,5.0,15,0.0,0.0,2.0,1.0,5.0,3.0,2.0,8.0,7.0,1.0,-3.0,-4.0,1.0,0.0,0.0,0.0,1.0,1.0,0.0,42.9,28.6,28.6,57.1,23.0,10.0,28.0,27.0,1506.8,1444.2
2020-06-06,2019,Dortmund,Hertha,1,0,H,U,1.37,5.32,7.68,3.0,2.0,6.0,0.0,15,2.0,1.0,1.0,0.0,5.0,8.0,-3.0,1.0,5.0,-4.0,4.0,3.0,1.0,1.0,1.0,0.0,0.0,0.0,0.0,71.4,7.1,35.7,28.6,11.0,16.0,14.0,17.0,1684.2,1509.4
2020-06-05,2019,Freiburg,M'gladbach,1,0,H,U,4.42,4.01,1.76,6.0,4.0,3.0,10.0,15,1.0,2.0,2.0,0.0,3.0,6.0,-3.0,3.0,3.0,0.0,0.0,3.0,-3.0,1.0,1.0,0.0,0.0,0.0,0.0,42.9,42.9,50.0,28.6,13.0,19.0,20.0,9.0,1474.4,1593.1
2020-06-03,2019,Werder Bremen,Ein Frankfurt,0,3,A,O,2.78,3.4,2.53,3.0,4.0,5.0,6.0,14,0.0,1.0,2.0,2.0,1.0,4.0,-3.0,6.0,10.0,-4.0,-5.0,-6.0,1.0,0.0,0.0,0.0,2.0,2.0,0.0,7.7,69.2,21.4,71.4,10.0,10.0,12.0,8.0,1482.4,1497.2
2020-06-01,2019,FC Koln,RB Leipzig,2,4,A,O,5.54,4.61,1.54,5.0,8.0,4.0,7.0,15,1.0,2.0,0.0,0.0,7.0,10.0,-3.0,4.0,0.0,4.0,3.0,10.0,-7.0,1.0,2.0,-1.0,0.0,0.0,0.0,42.9,35.7,57.1,14.3,18.0,21.0,15.0,13.0,1454.0,1653.3
2020-05-31,2019,Paderborn,Dortmund,1,6,A,O,8.5,5.49,1.33,1.0,11.0,2.0,8.0,15,0.0,3.0,2.0,0.0,3.0,6.0,-3.0,5.0,1.0,4.0,-2.0,5.0,-7.0,0.0,2.0,-2.0,0.0,0.0,0.0,14.3,71.4,50.0,28.6,9.0,12.0,12.0,11.0,1425.5,1680.5
2020-05-31,2019,M'gladbach,Union Berlin,4,1,H,O,1.52,4.33,6.28,10.0,5.0,4.0,3.0,15,1.0,1.0,2.0,2.0,4.0,3.0,1.0,6.0,8.0,-2.0,-2.0,-5.0,3.0,0.0,0.0,0.0,1.0,2.0,-1.0,64.3,21.4,21.4,64.3,14.0,11.0,15.0,14.0,1586.2,1474.3
2020-05-30,2019,Wolfsburg,Ein Frankfurt,1,2,A,O,1.96,3.75,3.67,4.0,3.0,4.0,3.0,15,1.0,0.0,1.0,3.0,4.0,2.0,2.0,2.0,13.0,-11.0,2.0,-11.0,13.0,1.0,0.0,1.0,1.0,3.0,-2.0,28.6,28.6,15.4,76.9,11.0,7.0,10.0,5.0,1548.4,1485.4
2020-05-30,2019,Schalke 04,Werder Bremen,0,1,A,U,2.47,3.37,2.88,1.0,2.0,4.0,8.0,15,0.0,1.0,2.0,1.0,1.0,3.0,-2.0,9.0,5.0,4.0,-8.0,-2.0,-6.0,0.0,0.0,0.0,2.0,1.0,1.0,35.7,21.4,28.6,42.9,8.0,7.0,9.0,4.0,1493.5,1471.7
2020-05-30,2019,Mainz,Hoffenheim,0,1,A,U,2.79,3.71,2.38,2.0,6.0,10.0,7.0,15,1.0,0.0,1.0,0.0,3.0,3.0,0.0,6.0,3.0,3.0,-3.0,0.0,-3.0,1.0,0.0,1.0,1.0,0.0,1.0,28.6,57.1,38.5,23.1,5.0,12.0,11.0,21.0,1451.8,1537.0
2020-05-30,2019,Hertha,Augsburg,2,0,H,U,1.91,3.79,3.83,6.0,2.0,7.0,8.0,15,1.0,1.0,1.0,2.0,6.0,3.0,3.0,7.0,4.0,3.0,-1.0,-1.0,0.0,1.0,1.0,0.0,1.0,2.0,-1.0,28.6,50.0,21.4,57.1,14.0,12.0,12.0,9.0,1500.9,1449.6
2020-05-30,2019,Bayern Munich,Fortuna Dusseldorf,5,0,H,O,1.07,12.43,30.41,8.0,2.0,7.0,2.0,15,3.0,1.0,0.0,0.0,10.0,5.0,5.0,4.0,3.0,1.0,6.0,2.0,4.0,2.0,1.0,1.0,0.0,0.0,0.0,71.4,14.3,14.3,50.0,25.0,14.0,27.0,14.0,1762.1,1469.5
2020-05-29,2019,Freiburg,Leverkusen,0,1,A,U,4.68,4.14,1.7,1.0,1.0,6.0,6.0,14,1.0,2.0,2.0,0.0,3.0,8.0,-5.0,4.0,3.0,1.0,-1.0,5.0,-6.0,1.0,2.0,-1.0,1.0,0.0,1.0,46.2,38.5,64.3,28.6,16.0,19.0,21.0,17.0,1480.6,1621.0
2020-05-27,2019,Union Berlin,Mainz,1,1,D,U,2.27,3.48,3.1,4.0,2.0,6.0,6.0,14,0.0,1.0,2.0,1.0,4.0,5.0,-1.0,7.0,7.0,0.0,-3.0,-2.0,-1.0,0.0,1.0,-1.0,1.0,1.0,0.0,46.2,46.2,30.8,61.5,12.0,11.0,11.0,22.0,1475.0,1451.1
2020-05-27,2019,RB Leipzig,Hertha,2,2,D,O,1.35,5.49,8.07,5.0,4.0,4.0,7.0,14,1.0,2.0,0.0,0.0,5.0,8.0,-3.0,2.0,4.0,-2.0,3.0,4.0,-1.0,1.0,1.0,0.0,0.0,0.0,0.0,53.8,7.7,38.5,30.8,14.0,18.0,24.0,18.0,1657.6,1496.5
2020-05-27,2019,Hoffenheim,FC Koln,3,1,H,O,2.46,3.65,2.72,6.0,5.0,0.0,10.0,15,0.0,2.0,3.0,1.0,2.0,8.0,-6.0,12.0,3.0,9.0,-10.0,5.0,-15.0,0.0,1.0,-1.0,2.0,0.0,2.0,35.7,57.1,30.8,61.5,12.0,17.0,12.0,15.0,1528.9,1462.1
2020-05-27,2019,Fortuna Dusseldorf,Schalke 04,2,1,H,O,2.67,3.29,2.7,8.0,2.0,7.0,2.0,14,0.0,0.0,1.0,2.0,4.0,0.0,4.0,7.0,7.0,0.0,-3.0,-7.0,4.0,0.0,0.0,0.0,1.0,2.0,-1.0,23.1,46.2,30.8,38.5,10.0,7.0,7.0,10.0,1458.1,1504.8
2020-05-27,2019,Augsburg,Paderborn,0,0,D,U,1.95,3.71,3.77,3.0,3.0,6.0,6.0,14,0.0,0.0,2.0,2.0,4.0,2.0,2.0,6.0,5.0,1.0,-2.0,-3.0,1.0,0.0,0.0,0.0,0.0,1.0,-1.0,38.5,38.5,15.4,53.8,9.0,9.0,8.0,9.0,1450.4,1424.8
2020-05-26,2019,Werder Bremen,M'gladbach,0,0,D,U,4.46,4.04,1.74,7.0,4.0,8.0,5.0,13,0.0,3.0,3.0,0.0,1.0,10.0,-9.0,8.0,4.0,4.0,-7.0,6.0,-13.0,0.0,2.0,-2.0,3.0,0.0,3.0,8.3,75.0,53.8,30.8,6.0,21.0,9.0,9.0,1468.4,1589.6
2020-05-26,2019,Leverkusen,Wolfsburg,1,4,A,O,1.73,4.09,4.53,2.0,9.0,12.0,6.0,14,3.0,2.0,0.0,0.0,10.0,7.0,3.0,3.0,5.0,-2.0,7.0,2.0,5.0,2.0,0.0,2.0,0.0,0.0,0.0,53.8,15.4,46.2,30.8,14.0,14.0,6.0,11.0,1633.8,1535.6
2020-05-26,2019,Ein Frankfurt,Freiburg,3,3,D,O,2.04,3.59,3.64,16.0,5.0,9.0,2.0,14,1.0,0.0,2.0,1.0,7.0,2.0,5.0,5.0,3.0,2.0,2.0,-1.0,3.0,1.0,0.0,1.0,1.0,0.0,1.0,46.2,30.8,28.6,35.7,16.0,11.0,20.0,11.0,1485.6,1480.4
2020-05-26,2019,Dortmund,Bayern Munich,0,1,A,U,3.63,4.17,1.89,5.0,6.0,4.0,3.0,14,3.0,3.0,0.0,0.0,9.0,12.0,-3.0,0.0,1.0,-1.0,9.0,11.0,-2.0,2.0,3.0,-1.0,0.0,0.0,0.0,76.9,0.0,69.2,15.4,13.0,22.0,15.0,22.0,1688.6,1753.9
2020-05-24,2019,Schalke 04,Augsburg,0,3,A,O,2.06,3.49,3.6,2.0,7.0,3.0,2.0,14,0.0,0.0,1.0,3.0,2.0,0.0,2.0,7.0,9.0,-2.0,-5.0,-9.0,4.0,0.0,0.0,0.0,1.0,3.0,-2.0,38.5,15.4,15.4,61.5,10.0,10.0,17.0,11.0,1517.1,1438.2
2020-05-24,2019,Mainz,RB Leipzig,0,5,A,O,6.5,4.98,1.44,1.0,9.0,5.0,4.0,14,1.0,1.0,0.0,0.0,3.0,5.0,-2.0,1.0,0.0,1.0,2.0,5.0,-3.0,1.0,1.0,0.0,0.0,0.0,0.0,30.8,53.8,53.8,15.4,9.0,13.0,9.0,12.0,1456.0,1652.7
2020-05-24,2019,FC Koln,Fortuna Dusseldorf,2,2,D,O,1.79,4.03,4.19,6.0,5.0,6.0,2.0,14,1.0,1.0,1.0,0.0,6.0,4.0,2.0,6.0,2.0,4.0,0.0,2.0,-2.0,1.0,1.0,0.0,1.0,0.0,1.0,46.2,38.5,15.4,53.8,18.0,11.0,10.0,17.0,1462.3,1458.0
2020-05-23,2019,Wolfsburg,Dortmund,0,2,A,U,4.43,3.91,1.76,1.0,2.0,2.0,2.0,14,1.0,2.0,0.0,1.0,5.0,7.0,-2.0,1.0,5.0,-4.0,4.0,2.0,2.0,1.0,1.0,0.0,0.0,0.0,0.0,30.8,23.1,46.2,30.8,15.0,16.0,11.0,16.0,1541.8,1682.5
2020-05-23,2019,Paderborn,Hoffenheim,1,1,D,U,3.19,3.77,2.13,3.0,7.0,2.0,8.0,14,0.0,0.0,3.0,1.0,4.0,2.0,2.0,8.0,3.0,5.0,-4.0,-1.0,-3.0,0.0,0.0,0.0,1.0,0.0,1.0,15.4,76.9,41.7,25.0,13.0,11.0,13.0,23.0,1421.7,1531.9
2020-05-23,2019,M'gladbach,Leverkusen,1,3,A,O,2.39,3.74,2.75,6.0,7.0,6.0,3.0,14,1.0,2.0,1.0,0.0,4.0,8.0,-4.0,4.0,4.0,0.0,0.0,4.0,-4.0,0.0,1.0,-1.0,0.0,0.0,0.0,69.2,15.4,61.5,30.8,18.0,17.0,17.0,18.0,1598.8,1624.5
2020-05-23,2019,Freiburg,Werder Bremen,0,1,A,U,2.19,3.65,3.17,8.0,3.0,7.0,2.0,13,2.0,0.0,1.0,2.0,4.0,3.0,1.0,3.0,7.0,-4.0,1.0,-4.0,5.0,1.0,0.0,1.0,1.0,1.0,0.0,50.0,33.3,23.1,46.2,14.0,5.0,19.0,5.0,1491.4,1457.4
2020-05-23,2019,Bayern Munich,Ein Frankfurt,5,2,H,O,1.15,8.7,16.22,10.0,4.0,7.0,2.0,14,2.0,0.0,0.0,2.0,5.0,1.0,4.0,2.0,9.0,-7.0,3.0,-8.0,11.0,1.0,0.0,1.0,0.0,2.0,-2.0,69.2,15.4,16.7,75.0,18.0,7.0,31.0,7.0,1750.3,1489.2
2020-05-22,2019,Hertha,Union Berlin,4,0,H,O,2.36,3.37,3.09,8.0,0.0,4.0,6.0,14,0.0,2.0,2.0,1.0,3.0,5.0,-2.0,10.0,4.0,6.0,-7.0,1.0,-8.0,0.0,1.0,-1.0,2.0,1.0,1.0,23.1,53.8,23.1,61.5,9.0,16.0,18.0,13.0,1486.6,1485.0
2020-05-18,2019,Werder Bremen,Leverkusen,1,4,A,O,4.72,3.96,1.71,1.0,6.0,2.0,9.0,12,0.0,1.0,3.0,1.0,0.0,5.0,-5.0,7.0,5.0,2.0,-7.0,0.0,-7.0,0.0,0.0,0.0,3.0,0.0,3.0,9.1,72.7,58.3,33.3,8.0,22.0,14.0,19.0,1463.2,1618.7
2020-05-17,2019,Union Berlin,Bayern Munich,0,2,A,U,14.63,6.86,1.2,2.0,3.0,4.0,9.0,13,1.0,3.0,1.0,0.0,6.0,13.0,-7.0,5.0,2.0,3.0,1.0,11.0,-10.0,1.0,3.0,-2.0,0.0,0.0,0.0,50.0,41.7,66.7,16.7,13.0,24.0,11.0,17.0,1488.7,1746.6
2020-05-17,2019,FC Koln,Mainz,2,2,D,O,1.87,3.84,3.96,6.0,5.0,5.0,7.0,13,2.0,1.0,1.0,2.0,8.0,4.0,4.0,4.0,8.0,-4.0,4.0,-4.0,8.0,2.0,1.0,1.0,1.0,2.0,-1.0,50.0,41.7,33.3,66.7,21.0,15.0,15.0,18.0,1462.4,1455.8
2020-05-16,2019,RB Leipzig,Freiburg,1,1,D,U,1.32,5.49,9.49,9.0,2.0,8.0,4.0,13,1.0,0.0,0.0,2.0,6.0,1.0,5.0,3.0,6.0,-3.0,3.0,-5.0,8.0,1.0,0.0,1.0,0.0,1.0,-1.0,58.3,8.3,30.8,38.5,13.0,11.0,20.0,13.0,1657.3,1486.9
2020-05-16,2019,Hoffenheim,Hertha,0,3,A,O,2.18,3.52,3.26,5.0,5.0,7.0,5.0,14,1.0,2.0,2.0,0.0,4.0,7.0,-3.0,10.0,5.0,5.0,-6.0,2.0,-8.0,0.0,0.0,0.0,1.0,0.0,1.0,38.5,53.8,33.3,33.3,13.0,17.0,9.0,17.0,1543.9,1474.6
2020-05-16,2019,Fortuna Dusseldorf,Paderborn,0,0,D,U,2.17,3.57,3.26,1.0,1.0,2.0,0.0,13,0.0,0.0,1.0,2.0,5.0,3.0,2.0,8.0,6.0,2.0,-3.0,-3.0,0.0,0.0,0.0,0.0,1.0,1.0,0.0,25.0,50.0,16.7,58.3,10.0,12.0,9.0,19.0,1459.1,1420.6
2020-05-16,2019,Ein Frankfurt,M'gladbach,1,3,A,O,2.89,3.51,2.4,4.0,8.0,5.0,1.0,13,2.0,2.0,1.0,0.0,8.0,9.0,-1.0,2.0,5.0,-3.0,6.0,4.0,2.0,2.0,1.0,1.0,0.0,0.0,0.0,50.0,25.0,50.0,33.3,17.0,17.0,19.0,12.0,1496.5,1591.5
2020-05-16,2019,Dortmund,Schalke 04,4,0,H,O,1.52,4.48,6.05,4.0,3.0,4.0,2.0,13,3.0,0.0,0.0,1.0,10.0,0.0,10.0,0.0,3.0,-3.0,10.0,-3.0,13.0,2.0,0.0,2.0,0.0,1.0,-1.0,75.0,0.0,33.3,33.3,16.0,9.0,16.0,15.0,1676.6,1522.9
2020-05-16,2019,Augsburg,Wolfsburg,1,2,A,O,3.41,3.44,2.16,3.0,5.0,3.0,1.0,13,1.0,2.0,1.0,0.0,5.0,9.0,-4.0,5.0,6.0,-1.0,0.0,3.0,-3.0,0.0,1.0,-1.0,0.0,0.0,0.0,41.7,33.3,41.7,33.3,10.0,14.0,10.0,17.0,1445.7,1534.3
2020-03-11,2019,M'gladbach,FC Koln,2,1,H,O,1.78,4.03,4.16,5.0,3.0,6.0,3.0,13,1.0,2.0,1.0,1.0,5.0,8.0,-3.0,4.0,6.0,-2.0,1.0,2.0,-1.0,1.0,1.0,0.0,0.0,1.0,-1.0,66.7,16.7,33.3,58.3,18.0,19.0,17.0,15.0,1584.7,1469.2
2020-03-08,2019,Mainz,Fortuna Dusseldorf,1,1,D,U,1.89,3.86,3.82,1.0,5.0,1.0,8.0,13,1.0,1.0,1.0,1.0,3.0,3.0,0.0,3.0,4.0,-1.0,0.0,-1.0,1.0,1.0,1.0,0.0,1.0,1.0,0.0,33.3,58.3,16.7,58.3,11.0,9.0,14.0,14.0,1455.7,1459.2
2020-03-08,2019,Bayern Munich,Augsburg,2,0,H,U,1.09,11.11,25.02,6.0,2.0,9.0,4.0,13,2.0,0.0,0.0,3.0,8.0,0.0,8.0,2.0,9.0,-7.0,6.0,-9.0,15.0,1.0,0.0,1.0,0.0,3.0,-3.0,66.7,16.7,16.7,58.3,26.0,15.0,31.0,12.0,1743.5,1448.8
2020-03-07,2019,Wolfsburg,RB Leipzig,0,0,D,U,3.85,3.73,1.92,4.0,4.0,4.0,4.0,13,1.0,1.0,1.0,1.0,6.0,5.0,1.0,3.0,2.0,1.0,3.0,3.0,0.0,1.0,1.0,0.0,0.0,1.0,-1.0,33.3,25.0,58.3,16.7,18.0,13.0,16.0,14.0,1530.7,1660.8
2020-03-07,2019,Schalke 04,Hoffenheim,1,1,D,U,2.28,3.53,3.08,4.0,1.0,4.0,5.0,13,1.0,1.0,1.0,1.0,3.0,4.0,-1.0,6.0,2.0,4.0,-3.0,2.0,-5.0,1.0,1.0,0.0,1.0,0.0,1.0,41.7,16.7,45.5,27.3,13.0,14.0,21.0,22.0,1522.3,1544.6
2020-03-07,2019,M'gladbach,Dortmund,1,2,A,O,3.07,3.8,2.18,3.0,4.0,3.0,3.0,12,2.0,2.0,0.0,1.0,6.0,10.0,-4.0,2.0,7.0,-5.0,4.0,3.0,1.0,2.0,2.0,0.0,0.0,0.0,0.0,72.7,9.1,41.7,33.3,21.0,20.0,22.0,19.0,1592.5,1668.8
2020-03-07,2019,Leverkusen,Ein Frankfurt,4,0,H,O,1.65,4.24,4.84,5.0,3.0,1.0,3.0,13,3.0,1.0,0.0,1.0,9.0,3.0,6.0,3.0,6.0,-3.0,6.0,-3.0,9.0,2.0,0.0,2.0,0.0,1.0,-1.0,50.0,16.7,18.2,72.7,20.0,7.0,13.0,10.0,1611.8,1503.5
2020-03-07,2019,Hertha,Werder Bremen,2,2,D,O,2.16,3.46,3.39,5.0,3.0,3.0,1.0,13,0.0,1.0,2.0,2.0,1.0,2.0,-1.0,8.0,5.0,3.0,-7.0,-3.0,-4.0,0.0,0.0,0.0,2.0,1.0,1.0,25.0,58.3,25.0,50.0,4.0,6.0,18.0,8.0,1474.9,1462.9
2020-03-07,2019,Freiburg,Union Berlin,3,1,H,O,2.33,3.39,3.1,4.0,4.0,7.0,2.0,12,1.0,2.0,2.0,1.0,1.0,4.0,-3.0,4.0,6.0,-2.0,-3.0,-2.0,-1.0,0.0,1.0,-1.0,2.0,1.0,1.0,45.5,36.4,25.0,58.3,15.0,12.0,18.0,14.0,1476.2,1499.3
2020-03-06,2019,Paderborn,FC Koln,1,2,A,O,3.19,3.82,2.12,2.0,3.0,5.0,9.0,13,0.0,2.0,3.0,1.0,4.0,10.0,-6.0,10.0,7.0,3.0,-6.0,3.0,-9.0,0.0,2.0,-2.0,2.0,1.0,1.0,16.7,75.0,27.3,63.6,18.0,25.0,14.0,16.0,1429.8,1460.1
2020-03-01,2019,Union Berlin,Wolfsburg,2,2,D,O,2.67,3.22,2.72,3.0,3.0,1.0,6.0,12,1.0,2.0,2.0,1.0,4.0,8.0,-4.0,5.0,7.0,-2.0,-1.0,1.0,-2.0,1.0,1.0,0.0,1.0,1.0,0.0,54.5,45.5,45.5,36.4,12.0,19.0,16.0,16.0,1498.4,1531.6
2020-03-01,2019,RB Leipzig,Leverkusen,1,1,D,U,1.48,4.82,5.96,2.0,6.0,8.0,5.0,12,2.0,2.0,0.0,1.0,8.0,8.0,0.0,3.0,5.0,-2.0,5.0,3.0,2.0,2.0,1.0,1.0,0.0,0.0,0.0,63.6,9.1,63.6,36.4,19.0,23.0,16.0,18.0,1662.3,1610.3
2020-02-29,2019,Mainz,Paderborn,2,0,H,U,1.84,3.95,3.96,3.0,4.0,5.0,8.0,12,0.0,1.0,2.0,1.0,2.0,5.0,-3.0,5.0,4.0,1.0,-3.0,1.0,-4.0,0.0,1.0,-1.0,1.0,0.0,1.0,27.3,63.6,18.2,54.5,16.0,11.0,16.0,17.0,1445.9,1439.6
2020-02-29,2019,Hoffenheim,Bayern Munich,0,6,A,O,6.85,5.41,1.39,1.0,11.0,1.0,7.0,13,1.0,3.0,2.0,0.0,5.0,11.0,-6.0,6.0,2.0,4.0,-1.0,9.0,-10.0,0.0,3.0,-3.0,0.0,0.0,0.0,41.7,50.0,63.6,18.2,17.0,23.0,16.0,14.0,1549.6,1738.5
2020-02-29,2019,FC Koln,Schalke 04,3,0,H,O,2.22,3.51,3.19,6.0,1.0,4.0,2.0,12,2.0,0.0,1.0,1.0,8.0,0.0,8.0,5.0,5.0,0.0,3.0,-5.0,8.0,2.0,0.0,2.0,1.0,1.0,0.0,45.5,45.5,36.4,27.3,22.0,9.0,19.0,15.0,1447.7,1534.7
2020-02-29,2019,Dortmund,Freiburg,1,0,H,U,1.2,7.01,13.41,2.0,4.0,6.0,4.0,12,3.0,1.0,0.0,1.0,14.0,3.0,11.0,1.0,6.0,-5.0,13.0,-3.0,16.0,3.0,0.0,3.0,0.0,1.0,-1.0,72.7,0.0,33.3,33.3,23.0,12.0,11.0,14.0,1663.6,1481.4
2020-02-29,2019,Augsburg,M'gladbach,2,3,A,O,3.45,3.76,2.03,3.0,7.0,5.0,3.0,12,1.0,1.0,1.0,1.0,6.0,6.0,0.0,7.0,5.0,2.0,-1.0,1.0,-2.0,0.0,1.0,-1.0,1.0,1.0,0.0,45.5,27.3,45.5,36.4,12.0,15.0,7.0,17.0,1455.2,1586.1
2020-02-28,2019,Fortuna Dusseldorf,Hertha,3,3,D,O,2.37,3.37,3.05,5.0,7.0,3.0,5.0,12,0.0,3.0,2.0,0.0,2.0,5.0,-3.0,6.0,2.0,4.0,-4.0,3.0,-7.0,0.0,0.0,0.0,1.0,0.0,1.0,27.3,54.5,36.4,36.4,7.0,15.0,12.0,16.0,1458.7,1475.4
2020-02-24,2019,Ein Frankfurt,Union Berlin,1,2,A,O,1.9,3.63,3.99,3.0,7.0,14.0,6.0,12,2.0,1.0,1.0,2.0,9.0,3.0,6.0,4.0,8.0,-4.0,5.0,-5.0,10.0,2.0,1.0,1.0,1.0,2.0,-1.0,54.5,18.2,18.2,63.6,20.0,10.0,12.0,12.0,1514.3,1487.6
2020-02-23,2019,Wolfsburg,Mainz,4,0,H,O,1.8,3.75,4.41,6.0,3.0,4.0,14.0,12,0.0,2.0,1.0,1.0,3.0,9.0,-6.0,4.0,4.0,0.0,-1.0,5.0,-6.0,0.0,2.0,-2.0,0.0,1.0,-1.0,27.3,27.3,36.4,63.6,23.0,20.0,24.0,9.0,1523.6,1453.9
2020-02-23,2019,Leverkusen,Augsburg,2,0,H,U,1.47,4.62,6.52,4.0,3.0,2.0,3.0,12,2.0,0.0,1.0,3.0,7.0,1.0,6.0,4.0,10.0,-6.0,3.0,-9.0,12.0,1.0,0.0,1.0,0.0,3.0,-3.0,45.5,18.2,18.2,54.5,23.0,14.0,16.0,13.0,1604.2,1461.3
2020-02-22,2019,Werder Bremen,Dortmund,0,2,A,U,6.44,5.38,1.41,2.0,6.0,2.0,6.0,11,0.0,1.0,3.0,2.0,0.0,9.0,-9.0,10.0,9.0,1.0,-10.0,0.0,-10.0,0.0,1.0,-1.0,3.0,0.0,3.0,10.0,70.0,36.4,36.4,11.0,19.0,20.0,21.0,1467.9,1658.6
2020-02-22,2019,Schalke 04,RB Leipzig,0,5,A,O,4.13,4.0,1.79,2.0,8.0,2.0,5.0,12,1.0,0.0,0.0,1.0,5.0,3.0,2.0,3.0,5.0,-2.0,2.0,-2.0,4.0,1.0,0.0,1.0,0.0,1.0,-1.0,45.5,9.1,54.5,18.2,17.0,13.0,26.0,12.0,1541.6,1655.5
2020-02-22,2019,M'gladbach,Hoffenheim,1,1,D,U,1.64,4.21,4.94,10.0,4.0,8.0,8.0,11,3.0,2.0,0.0,1.0,7.0,5.0,2.0,2.0,1.0,1.0,5.0,4.0,1.0,2.0,2.0,0.0,0.0,0.0,0.0,80.0,10.0,50.0,30.0,14.0,14.0,16.0,15.0,1587.3,1548.5
2020-02-22,2019,Hertha,FC Koln,0,5,A,O,2.43,3.38,2.93,1.0,11.0,5.0,3.0,12,0.0,1.0,2.0,2.0,1.0,5.0,-4.0,7.0,9.0,-2.0,-6.0,-4.0,-2.0,0.0,1.0,-1.0,2.0,2.0,0.0,27.3,54.5,20.0,70.0,4.0,18.0,13.0,18.0,1486.9,1436.2
2020-02-22,2019,Freiburg,Fortuna Dusseldorf,0,2,A,U,1.93,3.7,3.87,4.0,4.0,7.0,4.0,11,1.0,0.0,2.0,2.0,2.0,1.0,1.0,5.0,7.0,-2.0,-3.0,-6.0,3.0,0.0,0.0,0.0,2.0,2.0,0.0,50.0,30.0,9.1,63.6,16.0,7.0,17.0,12.0,1492.7,1447.4
2020-02-21,2019,Bayern Munich,Paderborn,3,2,H,O,1.06,14.01,32.25,9.0,4.0,11.0,1.0,12,2.0,1.0,0.0,1.0,7.0,3.0,4.0,0.0,3.0,-3.0,7.0,0.0,7.0,2.0,1.0,1.0,0.0,1.0,-1.0,63.6,18.2,20.0,50.0,25.0,9.0,32.0,20.0,1735.3,1442.7
2020-02-16,2019,Mainz,Schalke 04,0,0,D,U,2.84,3.41,2.46,5.0,3.0,3.0,6.0,11,0.0,0.0,3.0,1.0,2.0,1.0,1.0,6.0,6.0,0.0,-4.0,-5.0,1.0,0.0,0.0,0.0,1.0,1.0,0.0,30.0,70.0,40.0,30.0,13.0,8.0,19.0,14.0,1451.3,1544.2
2020-02-16,2019,FC Koln,Bayern Munich,1,4,A,O,11.82,6.95,1.22,6.0,8.0,1.0,6.0,11,3.0,3.0,0.0,0.0,8.0,10.0,-2.0,1.0,2.0,-1.0,7.0,8.0,-1.0,2.0,3.0,-1.0,0.0,0.0,0.0,50.0,40.0,60.0,20.0,17.0,25.0,19.0,16.0,1439.3,1732.2
2020-02-15,2019,Union Berlin,Leverkusen,2,3,A,O,3.81,3.7,1.94,7.0,5.0,6.0,4.0,11,2.0,2.0,1.0,1.0,4.0,6.0,-2.0,2.0,3.0,-1.0,2.0,3.0,-1.0,2.0,1.0,1.0,1.0,0.0,1.0,60.0,40.0,60.0,40.0,10.0,22.0,13.0,20.0,1494.8,1597.0
2020-02-15,2019,RB Leipzig,Werder Bremen,3,0,H,O,1.25,6.32,10.73,3.0,1.0,8.0,1.0,11,2.0,1.0,0.0,2.0,8.0,2.0,6.0,4.0,3.0,1.0,4.0,-1.0,5.0,2.0,0.0,2.0,0.0,0.0,0.0,60.0,10.0,27.3,45.5,23.0,6.0,18.0,14.0,1650.2,1473.2
2020-02-15,2019,Paderborn,Hertha,1,2,A,O,2.73,3.5,2.51,4.0,6.0,5.0,8.0,12,1.0,2.0,2.0,0.0,5.0,5.0,0.0,9.0,3.0,6.0,-4.0,2.0,-6.0,0.0,0.0,0.0,2.0,0.0,2.0,18.2,72.7,30.0,40.0,19.0,12.0,12.0,9.0,1452.0,1477.6
2020-02-15,2019,Hoffenheim,Wolfsburg,2,3,A,O,2.48,3.43,2.82,6.0,6.0,4.0,4.0,12,2.0,1.0,1.0,2.0,5.0,5.0,0.0,4.0,7.0,-3.0,1.0,-2.0,3.0,0.0,1.0,-1.0,0.0,2.0,-2.0,45.5,45.5,40.0,40.0,14.0,16.0,12.0,18.0,1559.8,1512.3
2020-02-15,2019,Fortuna Dusseldorf,M'gladbach,1,4,A,O,4.0,3.88,1.85,4.0,6.0,2.0,5.0,11,1.0,0.0,1.0,1.0,3.0,2.0,1.0,3.0,4.0,-1.0,0.0,-2.0,2.0,0.0,0.0,0.0,0.0,1.0,-1.0,30.0,50.0,40.0,40.0,11.0,14.0,17.0,19.0,1453.9,1580.8
2020-02-15,2019,Augsburg,Freiburg,1,1,D,U,2.04,3.61,3.55,3.0,5.0,0.0,3.0,11,2.0,1.0,1.0,1.0,8.0,4.0,4.0,6.0,7.0,-1.0,2.0,-3.0,5.0,1.0,0.0,1.0,1.0,1.0,0.0,50.0,30.0,36.4,36.4,16.0,14.0,11.0,16.0,1460.3,1493.6
2020-02-14,2019,Dortmund,Ein Frankfurt,4,0,H,O,1.43,5.06,6.56,7.0,0.0,5.0,0.0,11,2.0,1.0,0.0,1.0,13.0,4.0,9.0,4.0,4.0,0.0,9.0,0.0,9.0,2.0,0.0,2.0,0.0,0.0,0.0,70.0,0.0,20.0,70.0,22.0,12.0,18.0,18.0,1652.2,1520.7
2020-02-09,2019,Bayern Munich,RB Leipzig,0,0,D,U,1.42,5.28,6.4,3.0,1.0,11.0,3.0,11,3.0,1.0,0.0,1.0,13.0,6.0,7.0,1.0,5.0,-4.0,12.0,1.0,11.0,3.0,1.0,2.0,0.0,1.0,-1.0,70.0,20.0,60.0,20.0,36.0,19.0,29.0,18.0,1734.6,1647.7
2020-02-08,2019,Wolfsburg,Fortuna Dusseldorf,1,1,D,U,1.56,4.18,5.96,5.0,2.0,3.0,5.0,11,1.0,0.0,1.0,3.0,4.0,0.0,4.0,4.0,11.0,-7.0,0.0,-11.0,11.0,0.0,0.0,0.0,0.0,3.0,-3.0,30.0,30.0,10.0,70.0,25.0,5.0,26.0,7.0,1514.0,1452.2
2020-02-08,2019,Werder Bremen,Union Berlin,0,2,A,U,2.08,3.57,3.48,3.0,5.0,5.0,5.0,10,0.0,0.0,3.0,3.0,0.0,2.0,-2.0,9.0,10.0,-1.0,-9.0,-8.0,-1.0,0.0,0.0,0.0,2.0,2.0,0.0,11.1,66.7,10.0,70.0,11.0,11.0,28.0,12.0,1483.1,1484.8
2020-02-08,2019,Schalke 04,Paderborn,1,1,D,U,1.5,4.47,6.24,4.0,4.0,11.0,10.0,11,2.0,2.0,0.0,1.0,5.0,3.0,2.0,2.0,2.0,0.0,3.0,1.0,2.0,1.0,1.0,0.0,0.0,1.0,-1.0,50.0,10.0,22.2,55.6,18.0,10.0,22.0,16.0,1546.9,1449.2
2020-02-08,2019,Leverkusen,Dortmund,4,3,H,O,3.05,3.84,2.16,5.0,6.0,3.0,7.0,11,2.0,2.0,1.0,1.0,5.0,10.0,-5.0,2.0,5.0,-3.0,3.0,5.0,-2.0,1.0,2.0,-1.0,0.0,0.0,0.0,40.0,20.0,40.0,30.0,27.0,20.0,22.0,19.0,1584.8,1664.5
2020-02-08,2019,Hertha,Mainz,1,3,A,O,2.03,3.6,3.58,3.0,3.0,10.0,1.0,11,0.0,1.0,1.0,2.0,0.0,7.0,-7.0,4.0,5.0,-1.0,-4.0,2.0,-6.0,0.0,1.0,-1.0,1.0,1.0,0.0,30.0,50.0,30.0,70.0,1.0,20.0,4.0,10.0,1489.0,1439.9
2020-02-08,2019,Freiburg,Hoffenheim,1,0,H,U,2.55,3.53,2.67,6.0,6.0,5.0,10.0,10,1.0,2.0,2.0,1.0,2.0,6.0,-4.0,5.0,3.0,2.0,-3.0,3.0,-6.0,0.0,2.0,-2.0,2.0,1.0,1.0,44.4,33.3,55.6,22.2,13.0,9.0,14.0,11.0,1481.1,1572.4
2020-02-07,2019,Ein Frankfurt,Augsburg,5,0,H,O,1.93,3.63,3.93,9.0,5.0,1.0,4.0,11,1.0,1.0,1.0,2.0,6.0,5.0,1.0,6.0,7.0,-1.0,0.0,-2.0,2.0,1.0,1.0,0.0,1.0,2.0,-1.0,50.0,20.0,20.0,50.0,17.0,13.0,27.0,10.0,1511.9,1469.1
2020-02-02,2019,Paderborn,Wolfsburg,2,4,A,O,3.79,3.96,1.87,7.0,5.0,3.0,7.0,11,1.0,0.0,1.0,3.0,4.0,1.0,3.0,6.0,6.0,0.0,-2.0,-5.0,3.0,0.0,0.0,0.0,1.0,2.0,-1.0,20.0,70.0,33.3,44.4,15.0,11.0,11.0,18.0,1457.9,1505.4
2020-02-02,2019,FC Koln,Freiburg,4,0,H,O,2.05,3.6,3.48,9.0,2.0,10.0,6.0,10,3.0,1.0,0.0,1.0,6.0,4.0,2.0,1.0,4.0,-3.0,5.0,0.0,5.0,2.0,0.0,2.0,0.0,0.0,0.0,44.4,44.4,40.0,30.0,13.0,14.0,12.0,17.0,1427.5,1492.9
2020-02-01,2019,RB Leipzig,M'gladbach,2,2,D,O,1.53,4.57,5.64,8.0,4.0,4.0,4.0,10,3.0,0.0,0.0,2.0,9.0,1.0,8.0,3.0,4.0,-1.0,6.0,-3.0,9.0,3.0,0.0,3.0,0.0,1.0,-1.0,66.7,11.1,44.4,44.4,29.0,15.0,22.0,17.0,1649.8,1578.7
2020-02-01,2019,Mainz,Bayern Munich,1,3,A,O,13.65,7.43,1.19,3.0,5.0,6.0,4.0,10,0.0,2.0,3.0,1.0,1.0,8.0,-7.0,7.0,3.0,4.0,-6.0,5.0,-11.0,0.0,2.0,-2.0,1.0,0.0,1.0,33.3,66.7,55.6,22.2,10.0,25.0,16.0,17.0,1443.1,1731.5
2020-02-01,2019,Hoffenheim,Leverkusen,2,1,H,O,3.24,3.75,2.11,6.0,11.0,4.0,10.0,11,1.0,2.0,2.0,1.0,5.0,5.0,0.0,7.0,3.0,4.0,-2.0,2.0,-4.0,0.0,1.0,-1.0,1.0,1.0,0.0,40.0,50.0,66.7,33.3,16.0,13.0,19.0,14.0,1561.4,1595.8
2020-02-01,2019,Fortuna Dusseldorf,Ein Frankfurt,1,1,D,U,3.35,3.71,2.08,1.0,4.0,4.0,4.0,10,1.0,1.0,2.0,2.0,2.0,3.0,-1.0,5.0,4.0,1.0,-3.0,-1.0,-2.0,0.0,0.0,0.0,1.0,0.0,1.0,33.3,55.6,22.2,77.8,11.0,11.0,16.0,20.0,1450.4,1513.7
2020-02-01,2019,Dortmund,Union Berlin,5,0,H,O,1.24,6.36,11.2,7.0,0.0,5.0,3.0,10,2.0,0.0,0.0,2.0,13.0,3.0,10.0,4.0,6.0,-2.0,9.0,-3.0,12.0,2.0,0.0,2.0,0.0,1.0,-1.0,66.7,0.0,11.1,66.7,25.0,13.0,19.0,12.0,1659.0,1490.3
2020-02-01,2019,Augsburg,Werder Bremen,2,1,H,O,2.07,3.71,3.37,4.0,1.0,5.0,3.0,10,2.0,1.0,1.0,2.0,8.0,2.0,6.0,6.0,7.0,-1.0,2.0,-5.0,7.0,1.0,0.0,1.0,1.0,1.0,0.0,44.4,33.3,30.0,40.0,17.0,7.0,14.0,13.0,1458.0,1494.2
2020-01-31,2019,Hertha,Schalke 04,0,0,D,U,2.71,3.34,2.64,0.0,5.0,3.0,7.0,10,1.0,0.0,1.0,2.0,1.0,2.0,-1.0,4.0,8.0,-4.0,-3.0,-6.0,3.0,0.0,0.0,0.0,1.0,1.0,0.0,33.3,55.6,44.4,33.3,5.0,6.0,5.0,7.0,1487.3,1548.7
2020-01-26,2019,Werder Bremen,Hoffenheim,0,3,A,O,2.41,3.62,2.77,3.0,4.0,7.0,4.0,9,0.0,2.0,3.0,1.0,1.0,5.0,-4.0,8.0,4.0,4.0,-7.0,1.0,-8.0,0.0,1.0,-1.0,1.0,1.0,0.0,12.5,62.5,50.0,25.0,13.0,10.0,22.0,14.0,1502.7,1552.9
2020-01-26,2019,Leverkusen,Fortuna Dusseldorf,3,0,H,O,1.38,5.15,7.45,11.0,3.0,8.0,5.0,10,1.0,0.0,1.0,2.0,3.0,1.0,2.0,3.0,9.0,-6.0,0.0,-8.0,8.0,0.0,0.0,0.0,0.0,2.0,-2.0,33.3,22.2,11.1,66.7,25.0,5.0,27.0,7.0,1589.4,1456.7
2020-01-25,2019,Wolfsburg,Hertha,1,2,A,O,1.77,3.8,4.56,7.0,4.0,9.0,4.0,10,1.0,1.0,1.0,1.0,5.0,3.0,2.0,5.0,6.0,-1.0,0.0,-3.0,3.0,0.0,0.0,0.0,0.0,1.0,-1.0,33.3,22.2,22.2,44.4,24.0,9.0,26.0,8.0,1516.5,1476.1
2020-01-25,2019,Union Berlin,Augsburg,2,0,H,U,2.12,3.53,3.4,3.0,7.0,4.0,5.0,10,2.0,1.0,1.0,1.0,4.0,6.0,-2.0,2.0,6.0,-4.0,2.0,0.0,2.0,2.0,1.0,1.0,1.0,1.0,0.0,55.6,44.4,22.2,44.4,13.0,10.0,11.0,13.0,1480.7,1467.7
2020-01-25,2019,M'gladbach,Mainz,3,1,H,O,1.53,4.53,5.8,5.0,9.0,6.0,3.0,10,3.0,2.0,0.0,1.0,8.0,11.0,-3.0,3.0,3.0,0.0,5.0,8.0,-3.0,2.0,2.0,0.0,0.0,0.0,0.0,77.8,11.1,33.3,66.7,22.0,16.0,12.0,10.0,1572.1,1449.7
2020-01-25,2019,Freiburg,Paderborn,0,2,A,U,1.76,4.01,4.3,5.0,3.0,6.0,6.0,9,2.0,1.0,1.0,1.0,3.0,4.0,-1.0,3.0,5.0,-2.0,0.0,-1.0,1.0,0.0,0.0,0.0,1.0,1.0,0.0,50.0,25.0,12.5,62.5,15.0,11.0,16.0,12.0,1504.6,1446.2
2020-01-25,2019,Ein Frankfurt,RB Leipzig,2,0,H,U,4.04,4.21,1.77,5.0,4.0,4.0,6.0,10,0.0,2.0,2.0,0.0,4.0,9.0,-5.0,8.0,5.0,3.0,-4.0,4.0,-8.0,0.0,1.0,-1.0,2.0,0.0,2.0,44.4,22.2,66.7,11.1,21.0,21.0,35.0,18.0,1499.3,1664.2
2020-01-25,2019,Bayern Munich,Schalke 04,5,0,H,O,1.17,7.84,14.64,14.0,1.0,9.0,2.0,10,2.0,1.0,1.0,1.0,9.0,4.0,5.0,3.0,4.0,-1.0,6.0,0.0,6.0,2.0,0.0,2.0,0.0,0.0,0.0,66.7,22.2,50.0,25.0,33.0,10.0,28.0,8.0,1726.0,1554.1
2020-01-24,2019,Dortmund,FC Koln,5,1,H,O,1.28,6.22,9.42,9.0,5.0,1.0,3.0,9,1.0,1.0,0.0,2.0,11.0,5.0,6.0,6.0,8.0,-2.0,5.0,-3.0,8.0,1.0,1.0,0.0,0.0,2.0,-2.0,62.5,0.0,22.2,66.7,23.0,14.0,28.0,18.0,1654.6,1431.8
2020-01-19,2019,Paderborn,Leverkusen,1,4,A,O,4.84,4.42,1.62,7.0,7.0,6.0,4.0,10,1.0,2.0,1.0,1.0,5.0,3.0,2.0,5.0,3.0,2.0,0.0,0.0,0.0,0.0,0.0,0.0,0.0,1.0,-1.0,22.2,66.7,62.5,37.5,12.0,13.0,11.0,12.0,1452.6,1583.0
2020-01-19,2019,Hertha,Bayern Munich,0,4,A,O,8.48,5.43,1.34,1.0,10.0,0.0,4.0,9,1.0,2.0,1.0,1.0,2.0,8.0,-6.0,2.0,3.0,-1.0,0.0,5.0,-5.0,0.0,2.0,-2.0,0.0,0.0,0.0,37.5,50.0,50.0,25.0,7.0,20.0,7.0,19.0,1480.1,1722.1
2020-01-18,2019,RB Leipzig,Union Berlin,3,1,H,O,1.28,5.89,10.31,8.0,5.0,4.0,4.0,9,3.0,0.0,0.0,2.0,10.0,3.0,7.0,3.0,5.0,-2.0,7.0,-2.0,9.0,3.0,0.0,3.0,0.0,0.0,0.0,62.5,12.5,12.5,62.5,29.0,15.0,31.0,12.0,1658.8,1486.1
2020-01-18,2019,Mainz,Freiburg,1,2,A,O,2.21,3.48,3.21,8.0,5.0,7.0,5.0,9,1.0,0.0,2.0,2.0,2.0,4.0,-2.0,6.0,7.0,-1.0,-4.0,-3.0,-1.0,0.0,0.0,0.0,1.0,1.0,0.0,37.5,62.5,33.3,33.3,10.0,14.0,17.0,15.0,1458.7,1495.7
2020-01-18,2019,Hoffenheim,Ein Frankfurt,1,2,A,O,2.37,3.68,2.81,5.0,3.0,8.0,6.0,10,1.0,0.0,1.0,3.0,5.0,2.0,3.0,6.0,5.0,1.0,-1.0,-3.0,2.0,0.0,0.0,0.0,1.0,0.0,1.0,44.4,44.4,12.5,87.5,17.0,12.0,13.0,20.0,1565.1,1487.1
2020-01-18,2019,Fortuna Dusseldorf,Werder Bremen,0,1,A,U,2.71,3.53,2.5,2.0,4.0,6.0,4.0,9,1.0,1.0,2.0,2.0,2.0,4.0,-2.0,8.0,9.0,-1.0,-6.0,-5.0,-1.0,0.0,0.0,0.0,2.0,1.0,1.0,37.5,50.0,22.2,44.4,10.0,6.0,18.0,12.0,1465.9,1493.5
2020-01-18,2019,FC Koln,Wolfsburg,3,1,H,O,2.77,3.32,2.57,7.0,8.0,8.0,5.0,9,2.0,1.0,0.0,2.0,4.0,2.0,2.0,1.0,3.0,-2.0,3.0,-1.0,4.0,1.0,1.0,0.0,0.0,1.0,-1.0,37.5,50.0,37.5,37.5,12.0,9.0,8.0,14.0,1418.7,1529.6
2020-01-18,2019,Augsburg,Dortmund,3,5,A,O,4.73,4.29,1.65,5.0,8.0,2.0,6.0,9,3.0,2.0,0.0,1.0,9.0,7.0,2.0,1.0,3.0,-2.0,8.0,4.0,4.0,2.0,1.0,1.0,0.0,0.0,0.0,50.0,25.0,33.3,33.3,17.0,17.0,15.0,15.0,1473.0,1649.3
2020-01-17,2019,Schalke 04,M'gladbach,2,0,H,U,2.68,3.49,2.57,7.0,5.0,8.0,8.0,10,2.0,0.0,0.0,2.0,5.0,1.0,4.0,3.0,4.0,-1.0,2.0,-3.0,5.0,0.0,0.0,0.0,0.0,1.0,-1.0,44.4,11.1,50.0,37.5,19.0,12.0,21.0,15.0,1542.9,1583.3
2019-12-22,2019,Paderborn,Ein Frankfurt,2,1,H,O,3.47,3.88,1.99,5.0,5.0,3.0,8.0,9,0.0,0.0,2.0,3.0,3.0,1.0,2.0,5.0,4.0,1.0,-2.0,-3.0,1.0,0.0,0.0,0.0,0.0,0.0,0.0,12.5,75.0,14.3,85.7,11.0,13.0,13.0,22.0,1441.0,1498.7
2019-12-22,2019,Fortuna Dusseldorf,Union Berlin,2,1,H,O,2.77,3.28,2.6,8.0,6.0,7.0,5.0,8,1.0,1.0,2.0,1.0,2.0,5.0,-3.0,7.0,5.0,2.0,-5.0,0.0,-5.0,1.0,0.0,1.0,2.0,0.0,2.0,28.6,57.1,14.3,57.1,5.0,13.0,14.0,9.0,1454.7,1497.3
2019-12-21,2019,Schalke 04,Freiburg,2,2,D,O,1.68,3.91,5.06,6.0,7.0,7.0,5.0,9,2.0,0.0,0.0,2.0,6.0,3.0,3.0,4.0,6.0,-2.0,2.0,-3.0,5.0,0.0,0.0,0.0,0.0,1.0,-1.0,50.0,12.5,37.5,37.5,18.0,9.0,16.0,13.0,1544.4,1494.2
2019-12-21,2019,RB Leipzig,Augsburg,3,1,H,O,1.26,6.17,10.65,7.0,2.0,10.0,4.0,8,3.0,2.0,0.0,0.0,15.0,6.0,9.0,2.0,3.0,-1.0,13.0,3.0,10.0,3.0,1.0,2.0,0.0,0.0,0.0,57.1,14.3,25.0,37.5,34.0,13.0,24.0,16.0,1653.4,1478.3
2019-12-21,2019,Mainz,Leverkusen,0,1,A,U,3.86,3.99,1.86,2.0,4.0,6.0,6.0,8,1.0,2.0,2.0,1.0,4.0,4.0,0.0,8.0,3.0,5.0,-4.0,1.0,-5.0,0.0,1.0,-1.0,1.0,1.0,0.0,42.9,57.1,57.1,42.9,13.0,13.0,14.0,6.0,1465.6,1576.1
2019-12-21,2019,Hertha,M'gladbach,0,0,D,U,3.1,3.6,2.22,0.0,5.0,1.0,7.0,8,1.0,1.0,2.0,2.0,4.0,3.0,1.0,6.0,5.0,1.0,-2.0,-2.0,0.0,0.0,0.0,0.0,1.0,1.0,0.0,42.9,57.1,57.1,42.9,10.0,13.0,6.0,8.0,1477.0,1586.3
2019-12-21,2019,FC Koln,Werder Bremen,1,0,H,U,2.08,3.74,3.32,1.0,1.0,1.0,7.0,8,1.0,1.0,1.0,2.0,4.0,5.0,-1.0,3.0,11.0,-8.0,1.0,-6.0,7.0,1.0,0.0,1.0,0.0,2.0,-2.0,28.6,57.1,25.0,37.5,14.0,12.0,12.0,13.0,1405.9,1506.3
2019-12-21,2019,Bayern Munich,Wolfsburg,2,0,H,U,1.16,7.96,16.49,8.0,3.0,12.0,6.0,9,2.0,1.0,1.0,2.0,11.0,2.0,9.0,3.0,4.0,-1.0,8.0,-2.0,10.0,2.0,1.0,1.0,0.0,1.0,-1.0,62.5,25.0,42.9,28.6,30.0,9.0,18.0,10.0,1716.9,1534.8
2019-12-20,2019,Hoffenheim,Dortmund,2,1,H,O,3.76,3.94,1.9,3.0,5.0,0.0,8.0,9,0.0,2.0,2.0,1.0,4.0,6.0,-2.0,10.0,5.0,5.0,-6.0,1.0,-7.0,0.0,1.0,-1.0,2.0,1.0,1.0,37.5,50.0,37.5,25.0,22.0,12.0,27.0,8.0,1552.0,1662.4
2019-12-18,2019,Wolfsburg,Schalke 04,1,1,D,U,2.38,3.33,3.04,11.0,2.0,12.0,5.0,9,1.0,2.0,2.0,1.0,4.0,6.0,-2.0,6.0,5.0,1.0,-2.0,1.0,-3.0,0.0,0.0,0.0,1.0,0.0,1.0,37.5,25.0,57.1,28.6,14.0,11.0,23.0,9.0,1534.5,1544.7
2019-12-18,2019,M'gladbach,Paderborn,2,0,H,U,1.3,5.89,8.74,6.0,2.0,8.0,4.0,9,3.0,1.0,0.0,1.0,9.0,4.0,5.0,4.0,6.0,-2.0,5.0,-2.0,7.0,2.0,0.0,2.0,0.0,1.0,-1.0,75.0,12.5,14.3,57.1,23.0,11.0,7.0,12.0,1580.0,1447.3
2019-12-18,2019,Leverkusen,Hertha,0,1,A,U,1.54,4.33,5.97,7.0,5.0,5.0,4.0,9,1.0,0.0,1.0,2.0,4.0,2.0,2.0,4.0,7.0,-3.0,0.0,-5.0,5.0,0.0,0.0,0.0,0.0,1.0,-1.0,37.5,12.5,12.5,50.0,24.0,7.0,35.0,8.0,1589.5,1463.6
2019-12-18,2019,Freiburg,Bayern Munich,1,3,A,O,11.08,6.88,1.23,5.0,10.0,6.0,8.0,8,3.0,1.0,0.0,2.0,4.0,6.0,-2.0,1.0,7.0,-6.0,3.0,-1.0,4.0,0.0,1.0,-1.0,0.0,1.0,-1.0,57.1,14.3,42.9,28.6,13.0,13.0,15.0,11.0,1498.8,1712.3
2019-12-18,2019,Ein Frankfurt,FC Koln,2,4,A,O,1.75,3.85,4.59,6.0,9.0,7.0,10.0,9,1.0,0.0,1.0,3.0,7.0,1.0,6.0,5.0,8.0,-3.0,2.0,-7.0,9.0,1.0,0.0,1.0,1.0,3.0,-2.0,50.0,12.5,12.5,75.0,26.0,6.0,31.0,12.0,1512.0,1392.6
2019-12-17,2019,Werder Bremen,Mainz,0,5,A,O,1.82,4.0,4.08,5.0,8.0,8.0,5.0,8,0.0,1.0,2.0,2.0,3.0,6.0,-3.0,5.0,11.0,-6.0,-2.0,-5.0,3.0,0.0,1.0,-1.0,0.0,1.0,-1.0,14.3,57.1,25.0,75.0,18.0,10.0,19.0,9.0,1518.2,1453.8
2019-12-17,2019,Union Berlin,Hoffenheim,0,2,A,U,2.44,3.48,2.86,2.0,4.0,6.0,1.0,9,3.0,2.0,0.0,1.0,5.0,6.0,-1.0,0.0,6.0,-6.0,5.0,0.0,5.0,2.0,0.0,2.0,0.0,1.0,-1.0,62.5,37.5,42.9,28.6,17.0,14.0,6.0,17.0,1506.2,1543.1
2019-12-17,2019,Dortmund,RB Leipzig,3,3,D,O,2.19,3.76,3.11,6.0,8.0,12.0,3.0,8,2.0,3.0,0.0,0.0,11.0,10.0,1.0,3.0,4.0,-1.0,8.0,6.0,2.0,2.0,2.0,0.0,0.0,0.0,0.0,71.4,0.0,75.0,12.5,25.0,20.0,23.0,20.0,1662.7,1653.2
2019-12-17,2019,Augsburg,Fortuna Dusseldorf,3,0,H,O,1.78,4.04,4.21,7.0,2.0,4.0,2.0,8,2.0,0.0,1.0,1.0,8.0,4.0,4.0,4.0,9.0,-5.0,4.0,-5.0,9.0,1.0,0.0,1.0,0.0,1.0,-1.0,42.9,28.6,12.5,62.5,14.0,8.0,12.0,9.0,1468.4,1464.6
2019-12-15,2019,Wolfsburg,M'gladbach,2,1,H,O,2.6,3.41,2.68,7.0,5.0,5.0,2.0,8,0.0,1.0,2.0,2.0,2.0,2.0,0.0,5.0,4.0,1.0,-3.0,-2.0,-1.0,0.0,0.0,0.0,1.0,1.0,0.0,28.6,28.6,66.7,33.3,10.0,11.0,23.0,14.0,1522.6,1591.9
2019-12-15,2019,Schalke 04,Ein Frankfurt,1,0,H,U,1.96,3.79,3.61,5.0,3.0,7.0,6.0,8,1.0,0.0,0.0,3.0,5.0,3.0,2.0,4.0,7.0,-3.0,1.0,-4.0,5.0,0.0,0.0,0.0,0.0,1.0,-1.0,42.9,14.3,16.7,83.3,16.0,13.0,17.0,22.0,1535.0,1521.6
2019-12-14,2019,Paderborn,Union Berlin,1,1,D,U,2.8,3.58,2.43,3.0,2.0,2.0,3.0,8,1.0,1.0,2.0,2.0,4.0,5.0,-1.0,4.0,6.0,-2.0,0.0,-1.0,1.0,1.0,0.0,1.0,0.0,0.0,0.0,14.3,85.7,16.7,66.7,14.0,15.0,15.0,8.0,1445.5,1508.0
2019-12-14,2019,Mainz,Dortmund,0,4,A,O,4.95,4.19,1.65,0.0,7.0,3.0,5.0,7,2.0,1.0,1.0,1.0,7.0,2.0,5.0,5.0,5.0,0.0,2.0,-3.0,5.0,1.0,0.0,1.0,0.0,1.0,-1.0,50.0,50.0,28.6,28.6,19.0,8.0,16.0,5.0,1458.6,1657.8
2019-12-14,2019,Hertha,Freiburg,1,0,H,U,2.03,3.63,3.59,4.0,2.0,4.0,7.0,7,0.0,0.0,3.0,1.0,5.0,5.0,0.0,9.0,7.0,2.0,-4.0,-2.0,-2.0,0.0,0.0,0.0,1.0,1.0,0.0,33.3,66.7,42.9,28.6,10.0,10.0,6.0,6.0,1451.9,1510.4
2019-12-14,2019,Fortuna Dusseldorf,RB Leipzig,0,3,A,O,6.52,4.93,1.44,1.0,7.0,3.0,9.0,7,2.0,2.0,1.0,1.0,3.0,8.0,-5.0,4.0,6.0,-2.0,-1.0,2.0,-3.0,1.0,1.0,0.0,1.0,0.0,1.0,33.3,50.0,71.4,14.3,8.0,19.0,19.0,15.0,1469.9,1647.9
2019-12-14,2019,FC Koln,Leverkusen,2,0,H,U,4.13,3.9,1.83,5.0,2.0,3.0,4.0,7,1.0,2.0,1.0,1.0,5.0,4.0,1.0,3.0,4.0,-1.0,2.0,0.0,2.0,1.0,1.0,0.0,0.0,1.0,-1.0,16.7,66.7,66.7,33.3,15.0,21.0,15.0,3.0,1376.8,1605.3
2019-12-14,2019,Bayern Munich,Werder Bremen,6,1,H,O,1.15,8.74,16.7,14.0,2.0,8.0,2.0,8,2.0,1.0,1.0,1.0,7.0,6.0,1.0,3.0,7.0,-4.0,4.0,-1.0,5.0,1.0,0.0,1.0,0.0,1.0,-1.0,57.1,28.6,28.6,28.6,26.0,13.0,18.0,12.0,1707.2,1523.3
2019-12-13,2019,Hoffenheim,Augsburg,2,4,A,O,1.84,3.98,4.02,8.0,4.0,11.0,1.0,8,1.0,1.0,1.0,0.0,5.0,2.0,3.0,6.0,1.0,5.0,-1.0,1.0,-2.0,1.0,0.0,1.0,1.0,0.0,1.0,42.9,42.9,14.3,42.9,21.0,14.0,20.0,18.0,1555.9,1455.6
2019-12-08,2019,Werder Bremen,Paderborn,0,1,A,U,1.53,4.63,5.49,3.0,5.0,13.0,6.0,7,0.0,0.0,1.0,2.0,4.0,3.0,1.0,5.0,9.0,-4.0,-1.0,-6.0,5.0,0.0,0.0,0.0,0.0,2.0,-2.0,16.7,50.0,0.0,66.7,20.0,7.0,13.0,15.0,1536.2,1432.6
2019-12-08,2019,Union Berlin,FC Koln,2,0,H,U,2.18,3.47,3.29,5.0,4.0,3.0,5.0,8,3.0,0.0,0.0,3.0,5.0,2.0,3.0,0.0,9.0,-9.0,5.0,-7.0,12.0,2.0,0.0,2.0,0.0,3.0,-3.0,57.1,42.9,14.3,71.4,17.0,10.0,6.0,17.0,1501.3,1383.6
2019-12-07,2019,RB Leipzig,Hoffenheim,3,1,H,O,1.44,4.98,6.48,14.0,1.0,8.0,6.0,7,2.0,3.0,0.0,0.0,13.0,7.0,6.0,2.0,4.0,-2.0,11.0,3.0,8.0,2.0,0.0,2.0,0.0,0.0,0.0,50.0,16.7,50.0,16.7,25.0,18.0,19.0,14.0,1640.0,1563.7
2019-12-07,2019,M'gladbach,Bayern Munich,2,1,H,O,5.24,4.61,1.56,3.0,5.0,2.0,5.0,8,3.0,1.0,0.0,1.0,11.0,7.0,4.0,5.0,7.0,-2.0,6.0,0.0,6.0,3.0,1.0,2.0,0.0,1.0,-1.0,71.4,14.3,50.0,16.7,27.0,17.0,10.0,13.0,1578.0,1721.1
2019-12-07,2019,Leverkusen,Schalke 04,2,1,H,O,1.94,3.66,3.85,9.0,3.0,9.0,0.0,8,0.0,2.0,1.0,1.0,4.0,5.0,-1.0,5.0,5.0,0.0,-1.0,0.0,-1.0,0.0,0.0,0.0,0.0,1.0,-1.0,28.6,14.3,66.7,16.7,19.0,9.0,36.0,17.0,1596.8,1543.5
2019-12-07,2019,Freiburg,Wolfsburg,1,0,H,U,2.88,3.36,2.46,3.0,0.0,2.0,7.0,7,2.0,1.0,0.0,1.0,5.0,3.0,2.0,3.0,4.0,-1.0,2.0,-1.0,3.0,0.0,1.0,-1.0,0.0,1.0,-1.0,50.0,16.7,50.0,16.7,11.0,15.0,16.0,6.0,1499.4,1533.5
2019-12-07,2019,Dortmund,Fortuna Dusseldorf,5,0,H,O,1.3,5.75,9.24,10.0,0.0,6.0,0.0,7,2.0,0.0,0.0,1.0,7.0,4.0,3.0,3.0,6.0,-3.0,4.0,-2.0,6.0,1.0,0.0,1.0,0.0,1.0,-1.0,66.7,0.0,14.3,57.1,22.0,12.0,27.0,16.0,1652.5,1475.2
2019-12-07,2019,Augsburg,Mainz,2,1,H,O,2.28,3.62,2.99,5.0,3.0,8.0,2.0,7,1.0,1.0,1.0,2.0,8.0,5.0,3.0,5.0,10.0,-5.0,3.0,-5.0,8.0,1.0,1.0,0.0,0.0,1.0,-1.0,33.3,33.3,28.6,71.4,16.0,8.0,7.0,8.0,1444.9,1469.3
2019-12-06,2019,Ein Frankfurt,Hertha,2,2,D,O,1.83,3.91,4.11,6.0,3.0,16.0,1.0,8,2.0,0.0,1.0,2.0,8.0,1.0,7.0,3.0,6.0,-3.0,5.0,-5.0,10.0,2.0,0.0,2.0,1.0,1.0,0.0,57.1,14.3,14.3,57.1,25.0,6.0,19.0,12.0,1523.7,1449.8
2019-12-02,2019,Mainz,Ein Frankfurt,2,1,H,O,2.81,3.59,2.4,8.0,4.0,8.0,6.0,6,1.0,1.0,2.0,2.0,5.0,4.0,1.0,5.0,6.0,-1.0,0.0,-2.0,2.0,1.0,0.0,1.0,0.0,1.0,-1.0,40.0,60.0,20.0,80.0,16.0,15.0,18.0,21.0,1457.0,1536.0
2019-12-01,2019,Wolfsburg,Werder Bremen,2,3,A,O,2.17,3.64,3.17,6.0,3.0,9.0,3.0,7,1.0,0.0,1.0,1.0,1.0,5.0,-4.0,2.0,7.0,-5.0,-1.0,-2.0,1.0,0.0,0.0,0.0,1.0,1.0,0.0,33.3,16.7,16.7,33.3,8.0,15.0,19.0,10.0,1544.1,1525.7
2019-12-01,2019,M'gladbach,Freiburg,4,2,H,O,1.56,4.41,5.44,13.0,5.0,2.0,3.0,7,3.0,0.0,0.0,1.0,12.0,3.0,9.0,4.0,5.0,-1.0,8.0,-2.0,10.0,3.0,0.0,3.0,0.0,1.0,-1.0,66.7,16.7,50.0,16.7,23.0,9.0,10.0,7.0,1569.8,1507.7
2019-11-30,2019,Paderborn,RB Leipzig,2,3,A,O,7.46,5.46,1.37,4.0,6.0,6.0,6.0,7,1.0,1.0,2.0,1.0,3.0,6.0,-3.0,3.0,5.0,-2.0,0.0,1.0,-1.0,1.0,1.0,0.0,0.0,0.0,0.0,16.7,83.3,66.7,16.7,17.0,18.0,16.0,9.0,1437.5,1635.2
2019-11-30,2019,Hoffenheim,Fortuna Dusseldorf,1,1,D,U,1.7,3.97,4.79,6.0,3.0,2.0,5.0,7,2.0,0.0,1.0,2.0,6.0,4.0,2.0,5.0,8.0,-3.0,1.0,-4.0,5.0,2.0,0.0,2.0,1.0,2.0,-1.0,50.0,50.0,16.7,66.7,18.0,12.0,21.0,13.0,1566.3,1472.6
2019-11-30,2019,Hertha,Dortmund,1,2,A,O,4.1,3.9,1.83,3.0,5.0,2.0,2.0,6,1.0,0.0,2.0,1.0,7.0,2.0,5.0,8.0,6.0,2.0,-1.0,-4.0,3.0,1.0,0.0,1.0,1.0,1.0,0.0,40.0,60.0,16.7,33.3,10.0,7.0,13.0,14.0,1454.8,1647.6
2019-11-30,2019,FC Koln,Augsburg,1,1,D,U,1.92,3.76,3.82,6.0,4.0,4.0,8.0,6,1.0,1.0,2.0,1.0,4.0,2.0,2.0,6.0,5.0,1.0,-2.0,-3.0,1.0,1.0,0.0,1.0,1.0,1.0,0.0,20.0,80.0,16.7,50.0,12.0,13.0,19.0,17.0,1381.7,1446.8
2019-11-30,2019,Bayern Munich,Leverkusen,1,2,A,O,1.29,6.04,9.37,11.0,7.0,8.0,2.0,7,2.0,2.0,1.0,1.0,7.0,5.0,2.0,3.0,3.0,0.0,4.0,2.0,2.0,1.0,2.0,-1.0,0.0,1.0,-1.0,66.7,16.7,60.0,40.0,19.0,19.0,19.0,4.0,1735.2,1582.7
2019-11-29,2019,Schalke 04,Union Berlin,2,1,H,O,1.71,3.87,4.93,8.0,7.0,7.0,4.0,7,0.0,1.0,0.0,2.0,4.0,4.0,0.0,4.0,5.0,-1.0,0.0,-1.0,1.0,0.0,0.0,0.0,0.0,0.0,0.0,33.3,16.7,20.0,60.0,11.0,11.0,16.0,8.0,1534.2,1510.6
2019-11-24,2019,Hoffenheim,Mainz,1,5,A,O,1.66,4.07,4.88,8.0,5.0,14.0,3.0,6,2.0,1.0,1.0,2.0,5.0,2.0,3.0,3.0,10.0,-7.0,2.0,-8.0,10.0,2.0,0.0,2.0,1.0,1.0,0.0,60.0,40.0,16.7,83.3,14.0,10.0,9.0,15.0,1580.1,1443.3
2019-11-24,2019,Augsburg,Hertha,4,0,H,O,2.59,3.53,2.61,5.0,1.0,3.0,3.0,6,0.0,1.0,2.0,1.0,4.0,5.0,-1.0,8.0,2.0,6.0,-4.0,3.0,-7.0,0.0,1.0,-1.0,1.0,0.0,1.0,20.0,40.0,16.7,50.0,12.0,11.0,5.0,13.0,1435.9,1465.6
2019-11-23,2019,Werder Bremen,Schalke 04,1,2,A,O,2.45,3.62,2.74,5.0,5.0,1.0,3.0,6,0.0,2.0,1.0,1.0,3.0,6.0,-3.0,6.0,5.0,1.0,-3.0,1.0,-4.0,0.0,1.0,-1.0,1.0,1.0,0.0,20.0,40.0,60.0,20.0,16.0,12.0,16.0,18.0,1536.0,1523.9
2019-11-23,2019,Union Berlin,M'gladbach,2,0,H,U,3.4,3.63,2.09,6.0,2.0,2.0,6.0,7,2.0,2.0,1.0,1.0,4.0,5.0,-1.0,2.0,2.0,0.0,2.0,3.0,-1.0,1.0,1.0,0.0,0.0,0.0,0.0,50.0,50.0,80.0,20.0,16.0,14.0,8.0,13.0,1498.2,1582.2
2019-11-23,2019,RB Leipzig,FC Koln,4,1,H,O,1.35,5.46,8.08,8.0,1.0,13.0,3.0,6,1.0,0.0,1.0,2.0,10.0,2.0,8.0,4.0,6.0,-2.0,6.0,-4.0,10.0,1.0,0.0,1.0,1.0,2.0,-1.0,40.0,20.0,16.7,66.7,23.0,14.0,14.0,18.0,1631.3,1385.6
2019-11-23,2019,Leverkusen,Freiburg,1,1,D,U,1.5,4.57,6.15,9.0,2.0,13.0,3.0,7,0.0,1.0,1.0,1.0,4.0,4.0,0.0,5.0,5.0,0.0,-1.0,-1.0,0.0,0.0,0.0,0.0,0.0,1.0,-1.0,33.3,16.7,60.0,20.0,18.0,10.0,27.0,5.0,1584.9,1505.4
2019-11-23,2019,Fortuna Dusseldorf,Bayern Munich,0,4,A,O,13.56,7.57,1.19,1.0,5.0,8.0,6.0,6,2.0,1.0,1.0,1.0,4.0,6.0,-2.0,2.0,9.0,-7.0,2.0,-3.0,5.0,1.0,0.0,1.0,0.0,1.0,-1.0,40.0,40.0,40.0,20.0,14.0,18.0,16.0,12.0,1476.3,1731.5
2019-11-23,2019,Ein Frankfurt,Wolfsburg,0,2,A,U,2.02,3.67,3.55,9.0,6.0,12.0,1.0,7,2.0,1.0,0.0,1.0,10.0,2.0,8.0,3.0,4.0,-1.0,7.0,-2.0,9.0,2.0,0.0,2.0,0.0,1.0,-1.0,66.7,0.0,40.0,20.0,23.0,12.0,17.0,6.0,1546.3,1533.7
2019-11-22,2019,Dortmund,Paderborn,3,3,D,O,1.15,8.57,16.15,7.0,4.0,10.0,2.0,6,2.0,0.0,0.0,3.0,6.0,1.0,5.0,2.0,8.0,-6.0,4.0,-7.0,11.0,1.0,0.0,1.0,0.0,2.0,-2.0,80.0,0.0,0.0,80.0,22.0,11.0,26.0,21.0,1653.2,1431.9
2019-11-10,2019,Wolfsburg,Leverkusen,0,2,A,U,2.96,3.47,2.36,1.0,4.0,9.0,0.0,6,1.0,1.0,0.0,2.0,2.0,3.0,-1.0,1.0,7.0,-6.0,1.0,-4.0,5.0,0.0,1.0,-1.0,0.0,2.0,-2.0,40.0,0.0,50.0,50.0,11.0,27.0,14.0,7.0,1542.8,1575.9
2019-11-10,2019,M'gladbach,Werder Bremen,3,1,H,O,1.73,4.12,4.35,7.0,7.0,3.0,8.0,6,3.0,0.0,0.0,0.0,11.0,6.0,5.0,4.0,6.0,-2.0,7.0,0.0,7.0,2.0,0.0,2.0,0.0,0.0,0.0,60.0,20.0,20.0,20.0,27.0,13.0,17.0,4.0,1573.0,1545.2
2019-11-10,2019,Freiburg,Ein Frankfurt,1,0,H,U,2.74,3.54,2.48,7.0,6.0,8.0,10.0,6,1.0,1.0,0.0,2.0,5.0,5.0,0.0,4.0,7.0,-3.0,1.0,-2.0,3.0,0.0,0.0,0.0,0.0,1.0,-1.0,40.0,20.0,25.0,75.0,9.0,12.0,15.0,22.0,1493.6,1558.2
2019-11-09,2019,Schalke 04,Fortuna Dusseldorf,3,3,D,O,1.52,4.31,6.29,5.0,5.0,2.0,4.0,6,1.0,0.0,0.0,3.0,3.0,2.0,1.0,2.0,7.0,-5.0,1.0,-5.0,6.0,0.0,0.0,0.0,0.0,2.0,-2.0,40.0,20.0,20.0,80.0,12.0,11.0,19.0,13.0,1525.3,1474.9
2019-11-09,2019,Paderborn,Augsburg,0,1,A,U,2.59,3.75,2.54,4.0,5.0,5.0,7.0,6,1.0,0.0,2.0,1.0,5.0,2.0,3.0,5.0,6.0,-1.0,0.0,-4.0,4.0,1.0,0.0,1.0,0.0,1.0,-1.0,20.0,80.0,0.0,60.0,18.0,10.0,22.0,14.0,1442.4,1425.4
2019-11-09,2019,Mainz,Union Berlin,2,3,A,O,2.2,3.39,3.36,5.0,4.0,3.0,2.0,5,2.0,0.0,1.0,3.0,5.0,1.0,4.0,3.0,5.0,-2.0,2.0,-4.0,6.0,1.0,0.0,1.0,0.0,1.0,-1.0,50.0,50.0,0.0,75.0,16.0,7.0,21.0,7.0,1452.2,1489.3
2019-11-09,2019,Hertha,RB Leipzig,2,4,A,O,4.06,3.88,1.84,3.0,7.0,0.0,5.0,5,2.0,1.0,1.0,1.0,7.0,5.0,2.0,5.0,3.0,2.0,2.0,2.0,0.0,1.0,1.0,0.0,0.0,0.0,0.0,50.0,50.0,60.0,20.0,11.0,18.0,14.0,11.0,1471.5,1625.4
2019-11-09,2019,Bayern Munich,Dortmund,4,0,H,O,1.56,4.57,5.32,5.0,0.0,2.0,1.0,6,2.0,0.0,1.0,0.0,7.0,4.0,3.0,3.0,4.0,-1.0,4.0,0.0,4.0,1.0,0.0,1.0,0.0,0.0,0.0,60.0,20.0,20.0,20.0,19.0,14.0,29.0,21.0,1723.2,1661.4
2019-11-08,2019,FC Koln,Hoffenheim,1,2,A,O,2.58,3.59,2.64,3.0,5.0,5.0,7.0,5,1.0,2.0,2.0,0.0,3.0,6.0,-3.0,5.0,4.0,1.0,-2.0,2.0,-4.0,1.0,0.0,1.0,1.0,0.0,1.0,25.0,75.0,40.0,20.0,16.0,18.0,18.0,13.0,1390.8,1574.9
2019-11-03,2019,Fortuna Dusseldorf,FC Koln,2,0,H,U,2.72,3.63,2.46,3.0,1.0,3.0,4.0,5,1.0,0.0,1.0,2.0,3.0,2.0,1.0,3.0,8.0,-5.0,0.0,-6.0,6.0,0.0,0.0,0.0,0.0,2.0,-2.0,25.0,50.0,20.0,60.0,14.0,15.0,16.0,18.0,1466.8,1398.8
2019-11-03,2019,Augsburg,Schalke 04,2,3,A,O,3.75,3.79,1.93,4.0,3.0,1.0,6.0,5,1.0,2.0,1.0,1.0,4.0,8.0,-4.0,6.0,4.0,2.0,-2.0,4.0,-6.0,0.0,2.0,-2.0,1.0,1.0,0.0,25.0,25.0,50.0,25.0,14.0,20.0,6.0,17.0,1433.1,1517.7
2019-11-02,2019,Werder Bremen,Freiburg,2,2,D,O,1.95,3.73,3.74,10.0,3.0,5.0,0.0,5,1.0,2.0,1.0,1.0,4.0,5.0,-1.0,6.0,3.0,3.0,-2.0,2.0,-4.0,0.0,1.0,-1.0,1.0,1.0,0.0,25.0,50.0,75.0,25.0,11.0,15.0,15.0,9.0,1546.8,1492.0
2019-11-02,2019,Union Berlin,Hertha,1,0,H,U,2.81,3.34,2.53,6.0,3.0,1.0,4.0,6,1.0,1.0,2.0,1.0,4.0,6.0,-2.0,4.0,3.0,1.0,0.0,3.0,-3.0,1.0,1.0,0.0,0.0,0.0,0.0,40.0,60.0,20.0,40.0,15.0,16.0,14.0,12.0,1479.2,1481.5
2019-11-02,2019,RB Leipzig,Mainz,8,0,H,O,1.35,5.32,8.32,12.0,2.0,3.0,4.0,5,0.0,1.0,1.0,2.0,3.0,3.0,0.0,5.0,4.0,1.0,-2.0,-1.0,-1.0,0.0,0.0,0.0,1.0,0.0,1.0,25.0,25.0,20.0,80.0,17.0,11.0,14.0,16.0,1619.8,1457.9
2019-11-02,2019,Leverkusen,M'gladbach,1,2,A,O,2.0,3.82,3.5,6.0,6.0,13.0,0.0,6,1.0,2.0,0.0,1.0,5.0,4.0,1.0,3.0,1.0,2.0,2.0,3.0,-1.0,1.0,1.0,0.0,0.0,0.0,0.0,40.0,0.0,75.0,25.0,19.0,12.0,22.0,20.0,1586.6,1562.3
2019-11-02,2019,Ein Frankfurt,Bayern Munich,5,1,H,O,6.7,5.19,1.42,11.0,3.0,3.0,0.0,6,1.0,1.0,0.0,0.0,7.0,6.0,1.0,4.0,5.0,-1.0,3.0,1.0,2.0,1.0,0.0,1.0,0.0,0.0,0.0,60.0,0.0,50.0,0.0,15.0,22.0,19.0,18.0,1543.1,1738.3
2019-11-02,2019,Dortmund,Wolfsburg,3,0,H,O,1.53,4.25,6.31,8.0,3.0,7.0,2.0,5,2.0,1.0,0.0,0.0,7.0,3.0,4.0,2.0,2.0,0.0,5.0,1.0,4.0,1.0,0.0,1.0,0.0,0.0,0.0,75.0,0.0,50.0,0.0,23.0,15.0,22.0,12.0,1654.4,1549.8
2019-11-01,2019,Hoffenheim,Paderborn,3,0,H,O,1.44,4.94,6.59,7.0,2.0,4.0,4.0,5,1.0,0.0,2.0,2.0,2.0,2.0,0.0,6.0,6.0,0.0,-4.0,-4.0,0.0,1.0,0.0,1.0,2.0,1.0,1.0,50.0,50.0,0.0,75.0,12.0,12.0,17.0,20.0,1568.2,1449.1
2019-10-27,2019,Wolfsburg,Augsburg,0,0,D,U,1.59,4.19,5.6,3.0,5.0,5.0,3.0,5,1.0,0.0,0.0,2.0,3.0,4.0,-1.0,2.0,9.0,-7.0,1.0,-5.0,6.0,0.0,0.0,0.0,0.0,1.0,-1.0,50.0,0.0,0.0,75.0,13.0,11.0,17.0,13.0,1553.3,1429.6
2019-10-27,2019,M'gladbach,Ein Frankfurt,4,2,H,O,1.91,3.93,3.69,7.0,3.0,5.0,6.0,5,2.0,1.0,1.0,2.0,8.0,4.0,4.0,5.0,5.0,0.0,3.0,-1.0,4.0,1.0,0.0,1.0,1.0,0.0,1.0,50.0,25.0,33.3,66.7,23.0,14.0,21.0,17.0,1552.3,1553.1
2019-10-26,2019,Schalke 04,Dortmund,0,0,D,U,3.07,3.51,2.29,3.0,3.0,8.0,2.0,5,2.0,0.0,0.0,1.0,6.0,5.0,1.0,2.0,7.0,-5.0,4.0,-2.0,6.0,1.0,0.0,1.0,0.0,1.0,-1.0,50.0,25.0,25.0,25.0,11.0,13.0,16.0,23.0,1513.7,1658.3
2019-10-26,2019,Paderborn,Fortuna Dusseldorf,2,0,H,U,2.38,3.85,2.73,6.0,4.0,4.0,7.0,5,0.0,0.0,3.0,3.0,4.0,3.0,1.0,10.0,7.0,3.0,-6.0,-4.0,-2.0,0.0,0.0,0.0,1.0,1.0,0.0,0.0,100.0,25.0,75.0,13.0,11.0,21.0,7.0,1437.9,1477.9
2019-10-26,2019,Leverkusen,Werder Bremen,2,2,D,O,1.62,4.29,5.1,4.0,3.0,10.0,1.0,5,1.0,1.0,0.0,0.0,3.0,6.0,-3.0,1.0,5.0,-4.0,2.0,1.0,1.0,1.0,0.0,1.0,0.0,0.0,0.0,50.0,0.0,25.0,25.0,17.0,17.0,31.0,7.0,1587.8,1545.6
2019-10-26,2019,Hertha,Hoffenheim,2,3,A,O,2.1,3.66,3.37,4.0,8.0,4.0,4.0,4,2.0,1.0,1.0,0.0,5.0,3.0,2.0,5.0,2.0,3.0,0.0,1.0,-1.0,1.0,0.0,1.0,1.0,0.0,1.0,66.7,33.3,25.0,25.0,9.0,11.0,12.0,9.0,1489.5,1560.2
2019-10-26,2019,Freiburg,RB Leipzig,2,1,H,O,3.96,3.74,1.9,3.0,6.0,5.0,4.0,5,0.0,2.0,1.0,0.0,4.0,7.0,-3.0,5.0,2.0,3.0,-1.0,5.0,-6.0,0.0,2.0,-2.0,0.0,0.0,0.0,25.0,25.0,75.0,0.0,7.0,18.0,15.0,12.0,1477.8,1634.0
2019-10-26,2019,Bayern Munich,Union Berlin,2,1,H,O,1.11,10.24,20.85,10.0,4.0,8.0,2.0,5,2.0,0.0,1.0,2.0,11.0,1.0,10.0,3.0,4.0,-1.0,8.0,-3.0,11.0,2.0,0.0,2.0,0.0,1.0,-1.0,50.0,25.0,0.0,66.7,19.0,4.0,31.0,9.0,1734.5,1483.0
2019-10-25,2019,Mainz,FC Koln,3,1,H,O,2.55,3.54,2.7,6.0,8.0,5.0,10.0,4,1.0,1.0,2.0,1.0,3.0,3.0,0.0,5.0,6.0,-1.0,-2.0,-3.0,1.0,0.0,0.0,0.0,1.0,1.0,0.0,33.3,66.7,25.0,50.0,14.0,10.0,19.0,14.0,1449.1,1407.7
2019-10-20,2019,Hoffenheim,Schalke 04,2,0,H,U,2.69,3.52,2.55,3.0,1.0,3.0,8.0,4,1.0,2.0,2.0,0.0,3.0,8.0,-5.0,8.0,2.0,6.0,-5.0,6.0,-11.0,0.0,2.0,-2.0,2.0,0.0,2.0,33.3,66.7,66.7,0.0,12.0,20.0,17.0,12.0,1551.1,1522.9
2019-10-20,2019,FC Koln,Paderborn,3,0,H,O,1.68,4.36,4.5,6.0,1.0,6.0,9.0,4,0.0,0.0,3.0,2.0,1.0,4.0,-3.0,8.0,6.0,2.0,-7.0,-2.0,-5.0,0.0,0.0,0.0,2.0,0.0,2.0,0.0,100.0,0.0,66.7,11.0,17.0,19.0,17.0,1396.1,1449.4
2019-10-19,2019,Werder Bremen,Hertha,1,1,D,U,2.14,3.68,3.25,5.0,2.0,7.0,5.0,4,1.0,1.0,2.0,2.0,4.0,5.0,-1.0,8.0,5.0,3.0,-4.0,0.0,-4.0,0.0,1.0,-1.0,2.0,1.0,1.0,33.3,66.7,25.0,50.0,16.0,17.0,22.0,10.0,1547.3,1487.8
2019-10-19,2019,Union Berlin,Freiburg,2,0,H,U,2.58,3.45,2.69,5.0,4.0,3.0,4.0,5,1.0,3.0,2.0,0.0,5.0,8.0,-3.0,5.0,2.0,3.0,0.0,6.0,-6.0,1.0,2.0,-1.0,0.0,0.0,0.0,25.0,75.0,100.0,0.0,17.0,15.0,18.0,10.0,1472.6,1488.3
2019-10-19,2019,RB Leipzig,Wolfsburg,1,1,D,U,1.54,4.35,5.9,5.0,6.0,3.0,3.0,4,1.0,2.0,1.0,0.0,4.0,5.0,-1.0,5.0,1.0,4.0,-1.0,4.0,-5.0,0.0,1.0,-1.0,1.0,0.0,1.0,33.3,33.3,66.7,0.0,17.0,13.0,15.0,14.0,1636.4,1550.8
2019-10-19,2019,Fortuna Dusseldorf,Mainz,1,0,H,U,2.57,3.55,2.65,4.0,1.0,8.0,1.0,4,0.0,1.0,2.0,2.0,3.0,4.0,-1.0,6.0,9.0,-3.0,-3.0,-5.0,2.0,0.0,0.0,0.0,1.0,1.0,0.0,0.0,66.7,25.0,75.0,16.0,14.0,9.0,16.0,1468.2,1458.8
2019-10-19,2019,Dortmund,M'gladbach,1,0,H,U,1.47,4.83,6.25,7.0,3.0,10.0,8.0,4,2.0,3.0,0.0,0.0,11.0,7.0,4.0,3.0,1.0,2.0,8.0,6.0,2.0,2.0,2.0,0.0,0.0,0.0,0.0,66.7,0.0,100.0,0.0,26.0,15.0,22.0,17.0,1650.9,1559.7
2019-10-19,2019,Augsburg,Bayern Munich,2,2,D,O,16.44,8.18,1.16,7.0,9.0,3.0,7.0,4,1.0,2.0,1.0,0.0,3.0,7.0,-4.0,5.0,3.0,2.0,-2.0,4.0,-6.0,0.0,1.0,-1.0,1.0,0.0,1.0,33.3,33.3,66.7,0.0,11.0,19.0,6.0,15.0,1422.4,1741.8
2019-10-18,2019,Ein Frankfurt,Leverkusen,3,0,H,O,2.85,3.79,2.32,5.0,10.0,4.0,1.0,5,1.0,2.0,0.0,1.0,6.0,6.0,0.0,5.0,5.0,0.0,1.0,1.0,0.0,0.0,2.0,-2.0,0.0,1.0,-1.0,50.0,0.0,66.7,33.3,18.0,24.0,19.0,11.0,1541.4,1599.5
2019-10-06,2019,Wolfsburg,Union Berlin,1,0,H,U,1.67,3.89,5.22,4.0,3.0,5.0,4.0,4,1.0,,0.0,,4.0,,,3.0,,,1.0,,,0.0,,,0.0,,,33.3,0.0,0.0,50.0,14.0,,14.0,,1542.6,1480.8
2019-10-06,2019,M'gladbach,Augsburg,5,1,H,O,1.53,4.53,5.75,9.0,3.0,2.0,7.0,4,1.0,0.0,1.0,2.0,3.0,4.0,-1.0,4.0,9.0,-5.0,-1.0,-5.0,4.0,0.0,0.0,0.0,1.0,1.0,0.0,33.3,33.3,0.0,66.7,18.0,9.0,27.0,6.0,1553.1,1429.0
2019-10-06,2019,Ein Frankfurt,Werder Bremen,2,2,D,O,2.17,3.65,3.18,7.0,5.0,10.0,1.0,4,2.0,1.0,0.0,1.0,5.0,6.0,-1.0,3.0,6.0,-3.0,2.0,0.0,2.0,0.0,0.0,0.0,0.0,0.0,0.0,66.7,0.0,33.3,33.3,19.0,18.0,19.0,12.0,1541.3,1547.5
2019-10-05,2019,Schalke 04,FC Koln,1,1,D,U,1.64,4.15,5.08,3.0,5.0,6.0,4.0,4,2.0,1.0,1.0,2.0,5.0,3.0,2.0,4.0,7.0,-3.0,1.0,-4.0,5.0,1.0,0.0,1.0,1.0,1.0,0.0,66.7,33.3,33.3,66.7,10.0,7.0,13.0,16.0,1526.6,1392.5
2019-10-05,2019,Paderborn,Mainz,1,2,A,O,2.49,3.75,2.64,7.0,7.0,7.0,10.0,4,0.0,0.0,3.0,3.0,4.0,2.0,2.0,11.0,11.0,0.0,-7.0,-9.0,2.0,0.0,0.0,0.0,2.0,2.0,0.0,0.0,100.0,0.0,100.0,8.0,12.0,23.0,11.0,1459.8,1448.5
2019-10-05,2019,Leverkusen,RB Leipzig,1,1,D,U,2.33,3.73,2.86,8.0,5.0,4.0,0.0,4,2.0,3.0,0.0,0.0,5.0,10.0,-5.0,2.0,1.0,1.0,3.0,9.0,-6.0,1.0,3.0,-2.0,0.0,0.0,0.0,66.7,0.0,100.0,0.0,13.0,21.0,33.0,18.0,1598.3,1637.5
2019-10-05,2019,Freiburg,Dortmund,2,2,D,O,5.3,4.32,1.59,1.0,4.0,3.0,11.0,4,1.0,1.0,1.0,1.0,5.0,6.0,-1.0,3.0,6.0,-3.0,2.0,0.0,2.0,1.0,1.0,0.0,0.0,1.0,-1.0,33.3,33.3,33.3,33.3,14.0,15.0,17.0,20.0,1483.7,1655.4
2019-10-05,2019,Bayern Munich,Hoffenheim,1,2,A,O,1.11,10.03,23.32,4.0,5.0,9.0,3.0,4,2.0,0.0,0.0,1.0,12.0,1.0,11.0,3.0,2.0,1.0,9.0,-1.0,10.0,2.0,0.0,2.0,0.0,0.0,0.0,66.7,0.0,0.0,33.3,22.0,7.0,34.0,11.0,1757.4,1535.4
2019-10-04,2019,Hertha,Fortuna Dusseldorf,3,1,H,O,1.68,4.09,4.88,3.0,3.0,9.0,2.0,3,,1.0,,2.0,,5.0,,,5.0,,,0.0,,,1.0,,,0.0,,50.0,50.0,33.3,66.7,,15.0,,10.0,1477.8,1478.2
2019-09-29,2019,Fortuna Dusseldorf,Freiburg,1,2,A,O,2.44,3.58,2.78,7.0,3.0,5.0,1.0,3,,,,,,,,,,,,,,,,,,,,0.0,50.0,100.0,0.0,,,,,1488.7,1473.2
2019-09-29,2019,FC Koln,Hertha,0,4,A,O,2.15,3.66,3.23,3.0,6.0,8.0,4.0,3,,0.0,,2.0,,3.0,,,7.0,,,-4.0,,,0.0,,,1.0,,0.0,100.0,0.0,66.7,,14.0,,6.0,1400.5,1469.8
2019-09-28,2019,RB Leipzig,Schalke 04,1,3,A,O,1.56,4.41,5.57,6.0,8.0,8.0,4.0,3,,,,,,,,,,,,,,,,,,,,50.0,0.0,50.0,0.0,,,,,1651.3,1512.8
2019-09-28,2019,Paderborn,Bayern Munich,2,3,A,O,15.89,9.07,1.14,5.0,6.0,11.0,5.0,3,,,,,,,,,,,,,,,,,,,,0.0,100.0,50.0,0.0,,,,,1462.9,1754.3
2019-09-28,2019,Mainz,Wolfsburg,0,1,A,U,2.89,3.52,2.4,5.0,3.0,10.0,1.0,3,,,,,,,,,,,,,,,,,,,,50.0,50.0,50.0,0.0,,,,,1456.2,1534.8
2019-09-28,2019,Hoffenheim,M'gladbach,0,3,A,O,2.43,3.61,2.79,4.0,5.0,2.0,5.0,3,,,,,,,,,,,,,,,,,,,,50.0,50.0,100.0,0.0,,,,,1545.5,1543.0
2019-09-28,2019,Dortmund,Werder Bremen,2,2,D,O,1.27,6.3,10.09,7.0,5.0,9.0,2.0,3,,,,,,,,,,,,,,,,,,,,100.0,0.0,50.0,50.0,,,,,1658.6,1544.3
2019-09-28,2019,Augsburg,Leverkusen,0,3,A,O,4.71,4.52,1.63,1.0,5.0,1.0,3.0,3,,,,,,,,,,,,,,,,,,,,50.0,0.0,50.0,50.0,,,,,1434.7,1592.6
2019-09-27,2019,Union Berlin,Ein Frankfurt,1,2,A,O,2.99,3.64,2.3,5.0,6.0,4.0,5.0,4,1.0,,2.0,,4.0,,,7.0,,,-3.0,,,1.0,,,1.0,,,33.3,66.7,0.0,100.0,14.0,,17.0,,1489.6,1532.5
2019-09-23,2019,Wolfsburg,Hoffenheim,1,1,D,U,1.95,3.81,3.7,4.0,5.0,4.0,6.0,3,,,,,,,,,,,,,,,,,,,,50.0,0.0,0.0,50.0,,,,,1534.5,1545.8
2019-09-22,2019,M'gladbach,Fortuna Dusseldorf,2,1,H,O,1.69,4.09,4.77,11.0,4.0,10.0,4.0,3,,,,,,,,,,,,,,,,,,,,0.0,50.0,50.0,50.0,,,,,1534.1,1497.6
2019-09-22,2019,Ein Frankfurt,Dortmund,2,2,D,O,4.29,4.22,1.74,3.0,7.0,5.0,8.0,3,,,,,,,,,,,,,,,,,,,,100.0,0.0,50.0,50.0,,,,,1528.8,1662.3
2019-09-21,2019,Werder Bremen,RB Leipzig,0,3,A,O,4.19,4.25,1.75,1.0,7.0,4.0,7.0,3,,,,,,,,,,,,,,,,,,,,50.0,50.0,100.0,0.0,,,,,1551.7,1643.9
2019-09-21,2019,Leverkusen,Union Berlin,2,0,H,U,1.36,5.31,7.82,7.0,0.0,8.0,1.0,3,,,,,,,,,,,,,,,,,,,,50.0,0.0,0.0,0.0,,,,,1585.1,1497.1
2019-09-21,2019,Hertha,Paderborn,2,1,H,O,1.73,4.02,4.54,4.0,8.0,1.0,8.0,2,,,,,,,,,,,,,,,,,,,,0.0,100.0,0.0,50.0,,,,,1459.4,1473.3
2019-09-21,2019,Freiburg,Augsburg,1,1,D,U,1.9,3.77,3.92,5.0,2.0,7.0,4.0,3,,,,,,,,,,,,,,,,,,,,50.0,50.0,0.0,100.0,,,,,1474.4,1433.5
2019-09-21,2019,Bayern Munich,FC Koln,4,0,H,O,1.12,9.25,21.04,5.0,2.0,12.0,4.0,3,,,,,,,,,,,,,,,,,,,,50.0,0.0,50.0,50.0,,,,,1751.9,1402.9
2019-09-20,2019,Schalke 04,Mainz,2,1,H,O,1.66,4.07,5.11,6.0,3.0,5.0,5.0,3,,,,,,,,,,,,,,,,,,,,50.0,50.0,0.0,100.0,,,,,1503.9,1465.1
2019-09-15,2019,Paderborn,Schalke 04,1,5,A,O,3.04,3.64,2.26,1.0,11.0,3.0,5.0,2,,,,,,,,,,,,,,,,,,,,0.0,100.0,0.0,0.0,,,,,1483.0,1494.3
2019-09-15,2019,Hoffenheim,Freiburg,0,3,A,O,1.69,4.2,4.6,5.0,8.0,12.0,4.0,2,,,,,,,,,,,,,,,,,,,,100.0,0.0,100.0,0.0,,,,,1558.5,1461.7
2019-09-14,2019,Union Berlin,Werder Bremen,1,2,A,O,2.79,3.5,2.48,5.0,7.0,7.0,4.0,3,,,,,,,,,,,,,,,,,,,,50.0,50.0,0.0,100.0,,,,,1506.1,1542.8
2019-09-14,2019,RB Leipzig,Bayern Munich,1,1,D,U,3.78,4.04,1.87,6.0,7.0,3.0,6.0,2,,,,,,,,,,,,,,,,,,,,100.0,0.0,100.0,0.0,,,,,1640.7,1755.1
2019-09-14,2019,Mainz,Hertha,2,1,H,O,2.38,3.44,2.98,5.0,8.0,6.0,3.0,2,,,,,,,,,,,,,,,,,,,,0.0,100.0,0.0,50.0,,,,,1454.7,1469.8
2019-09-14,2019,FC Koln,M'gladbach,0,1,A,U,2.57,3.53,2.66,7.0,4.0,4.0,7.0,2,,,,,,,,,,,,,,,,,,,,0.0,100.0,100.0,0.0,,,,,1409.6,1527.4
2019-09-14,2019,Dortmund,Leverkusen,4,0,H,O,1.82,4.01,4.04,9.0,12.0,3.0,3.0,2,,,,,,,,,,,,,,,,,,,,100.0,0.0,100.0,0.0,,,,,1654.0,1593.3
2019-09-14,2019,Augsburg,Ein Frankfurt,2,1,H,O,3.48,3.69,2.05,6.0,3.0,2.0,11.0,2,,,,,,,,,,,,,,,,,,,,0.0,0.0,0.0,100.0,,,,,1420.2,1542.2
2019-09-13,2019,Fortuna Dusseldorf,Wolfsburg,1,1,D,U,3.03,3.62,2.28,3.0,6.0,3.0,8.0,2,,,,,,,,,,,,,,,,,,,,0.0,100.0,100.0,0.0,,,,,1496.5,1535.6
2019-09-01,2019,Werder Bremen,Augsburg,3,2,H,O,1.7,4.03,4.77,5.0,6.0,4.0,2.0,2,,,,,,,,,,,,,,,,,,,,0.0,100.0,0.0,100.0,,,,,1535.8,1427.1
2019-09-01,2019,Ein Frankfurt,Fortuna Dusseldorf,2,1,H,O,1.69,4.08,4.77,8.0,4.0,4.0,1.0,2,,,,,,,,,,,,,,,,,,,,100.0,0.0,100.0,0.0,,,,,1533.0,1505.7
2019-08-31,2019,Wolfsburg,Paderborn,1,1,D,U,1.46,4.85,6.46,5.0,3.0,8.0,3.0,2,,,,,,,,,,,,,,,,,,,,100.0,0.0,0.0,100.0,,,,,1537.2,1481.4
2019-08-31,2019,Union Berlin,Dortmund,3,1,H,O,8.99,5.56,1.32,7.0,2.0,7.0,4.0,2,,,,,,,,,,,,,,,,,,,,0.0,100.0,100.0,0.0,,,,,1491.4,1668.7
2019-08-31,2019,Schalke 04,Hertha,3,0,H,O,2.12,3.45,3.51,2.0,3.0,5.0,3.0,2,,,,,,,,,,,,,,,,,,,,0.0,100.0,0.0,0.0,,,,,1484.4,1479.7
2019-08-31,2019,Leverkusen,Hoffenheim,0,0,D,U,1.55,4.88,5.08,2.0,1.0,19.0,0.0,2,,,,,,,,,,,,,,,,,,,,100.0,0.0,0.0,100.0,,,,,1594.4,1557.5
2019-08-31,2019,Freiburg,FC Koln,1,2,A,O,2.45,3.45,2.87,1.0,3.0,5.0,6.0,2,,,,,,,,,,,,,,,,,,,,100.0,0.0,0.0,100.0,,,,,1473.9,1397.4
2019-08-31,2019,Bayern Munich,Mainz,6,1,H,O,1.09,11.05,28.84,10.0,4.0,10.0,1.0,2,,,,,,,,,,,,,,,,,,,,0.0,0.0,0.0,100.0,,,,,1752.0,1457.8
2019-08-30,2019,M'gladbach,RB Leipzig,1,3,A,O,3.28,3.76,2.11,3.0,6.0,9.0,5.0,2,,,,,,,,,,,,,,,,,,,,0.0,0.0,100.0,0.0,,,,,1534.6,1633.5
2019-08-25,2019,RB Leipzig,Ein Frankfurt,2,1,H,O,1.49,4.63,6.06,5.0,5.0,4.0,1.0,1,,,,,,,,,,,,,,,,,,,,,,,,,,,,1625.9,1540.6
2019-08-25,2019,Hertha,Wolfsburg,0,3,A,O,2.42,3.46,2.87,2.0,4.0,2.0,5.0,1,,,,,,,,,,,,,,,,,,,,,,,,,,,,1488.5,1528.4
2019-08-24,2019,Schalke 04,Bayern Munich,0,3,A,O,8.12,4.93,1.38,2.0,6.0,3.0,4.0,1,,,,,,,,,,,,,,,,,,,,,,,,,,,,1488.1,1748.3
2019-08-24,2019,Paderborn,Freiburg,1,3,A,O,2.38,3.6,2.84,2.0,4.0,9.0,5.0,1,,,,,,,,,,,,,,,,,,,,,,,,,,,,1492.2,1463.0
2019-08-24,2019,Mainz,M'gladbach,1,3,A,O,2.86,3.42,2.46,4.0,6.0,3.0,5.0,1,,,,,,,,,,,,,,,,,,,,,,,,,,,,1466.1,1526.3
2019-08-24,2019,Hoffenheim,Werder Bremen,3,2,H,O,1.88,3.92,3.83,3.0,6.0,3.0,6.0,1,,,,,,,,,,,,,,,,,,,,,,,,,,,,1547.5,1545.7
2019-08-24,2019,Fortuna Dusseldorf,Leverkusen,1,3,A,O,4.36,4.2,1.72,6.0,7.0,1.0,5.0,1,,,,,,,,,,,,,,,,,,,,,,,,,,,,1513.7,1586.5
2019-08-24,2019,Augsburg,Union Berlin,1,1,D,U,2.24,3.32,3.31,4.0,1.0,3.0,4.0,1,,,,,,,,,,,,,,,,,,,,,,,,,,,,1425.2,1493.3
2019-08-23,2019,FC Koln,Dortmund,1,3,A,O,6.18,4.74,1.48,1.0,6.0,7.0,8.0,1,,,,,,,,,,,,,,,,,,,,,,,,,,,,1401.0,1665.1
2019-08-18,2019,Union Berlin,RB Leipzig,0,4,A,O,4.63,4.02,1.72,2.0,8.0,3.0,6.0,1,,,,,,,,,,,,,,,,,,,,,,,,,,,,1500.0,1619.2
2019-08-18,2019,Ein Frankfurt,Hoffenheim,1,0,H,U,2.32,3.65,2.92,8.0,1.0,10.0,5.0,1,,,,,,,,,,,,,,,,,,,,,,,,,,,,1529.7,1558.3
2019-08-17,2019,Wolfsburg,FC Koln,2,1,H,O,1.91,3.74,3.91,5.0,2.0,2.0,6.0,1,,,,,,,,,,,,,,,,,,,,,,,,,,,,1521.5,1407.8
2019-08-17,2019,Werder Bremen,Fortuna Dusseldorf,1,3,A,O,1.74,3.93,4.57,10.0,7.0,14.0,5.0,1,,,,,,,,,,,,,,,,,,,,,,,,,,,,1557.3,1502.1
2019-08-17,2019,M'gladbach,Schalke 04,0,0,D,U,2.06,3.49,3.6,4.0,1.0,8.0,3.0,1,,,,,,,,,,,,,,,,,,,,,,,,,,,,1527.5,1486.9
2019-08-17,2019,Leverkusen,Paderborn,3,2,H,O,1.28,5.97,10.27,4.0,6.0,6.0,6.0,1,,,,,,,,,,,,,,,,,,,,,,,,,,,,1578.7,1500.0
2019-08-17,2019,Freiburg,Mainz,3,0,H,O,2.2,3.37,3.36,8.0,5.0,5.0,5.0,1,,,,,,,,,,,,,,,,,,,,,,,,,,,,1452.3,1476.8
2019-08-17,2019,Dortmund,Augsburg,5,1,H,O,1.22,6.62,13.38,10.0,1.0,10.0,0.0,1,,,,,,,,,,,,,,,,,,,,,,,,,,,,1661.0,1429.4
2019-08-16,2019,Bayern Munich,Hertha,2,2,D,O,1.18,7.55,15.04,7.0,3.0,12.0,0.0,1,,,,,,,,,,,,,,,,,,,,,,,,,,,,1754.9,1482.0
2019-05-18,2018,Wolfsburg,Augsburg,8,1,H,O,1.4,4.75,8.0,10.0,4.0,6.0,5.0,17,2.0,1.0,0.0,1.0,6.0,3.0,3.0,2.0,4.0,-2.0,4.0,-1.0,5.0,2.0,1.0,1.0,0.0,1.0,-1.0,43.8,25.0,18.8,56.2,17.0,12.0,26.0,10.0,1513.7,1437.2
2019-05-18,2018,Werder Bremen,RB Leipzig,2,1,H,O,2.5,4.0,2.5,3.0,3.0,3.0,9.0,17,2.0,2.0,0.0,0.0,7.0,9.0,-2.0,4.0,6.0,-2.0,3.0,3.0,0.0,1.0,1.0,0.0,0.0,0.0,0.0,43.8,18.8,56.2,25.0,15.0,13.0,18.0,10.0,1544.9,1631.7
2019-05-18,2018,Schalke 04,Stuttgart,0,0,D,U,1.61,4.2,5.25,3.0,8.0,7.0,5.0,17,0.0,0.0,2.0,3.0,3.0,1.0,2.0,7.0,12.0,-5.0,-4.0,-11.0,7.0,0.0,0.0,0.0,1.0,3.0,-2.0,25.0,62.5,6.2,81.2,12.0,8.0,16.0,14.0,1488.4,1436.7
2019-05-18,2018,Mainz,Hoffenheim,4,2,H,O,4.2,4.75,1.65,12.0,7.0,8.0,5.0,17,2.0,2.0,0.0,0.0,11.0,11.0,0.0,4.0,4.0,0.0,7.0,7.0,0.0,2.0,2.0,0.0,0.0,0.0,0.0,43.8,25.0,37.5,18.8,16.0,24.0,11.0,11.0,1463.8,1571.3
2019-05-18,2018,M'gladbach,Dortmund,0,2,A,U,2.9,4.0,2.2,0.0,3.0,2.0,2.0,17,0.0,1.0,1.0,1.0,4.0,6.0,-2.0,5.0,7.0,-2.0,-1.0,-1.0,0.0,0.0,1.0,-1.0,0.0,1.0,-1.0,56.2,25.0,50.0,18.8,12.0,15.0,11.0,12.0,1534.1,1654.3
2019-05-18,2018,Hertha,Leverkusen,1,5,A,O,7.0,4.5,1.44,4.0,8.0,4.0,3.0,17,1.0,2.0,1.0,1.0,4.0,6.0,-2.0,3.0,5.0,-2.0,1.0,1.0,0.0,1.0,1.0,0.0,0.0,1.0,-1.0,37.5,25.0,50.0,37.5,12.0,18.0,9.0,16.0,1489.7,1571.0
2019-05-18,2018,Freiburg,Nurnberg,5,1,H,O,1.75,4.0,4.33,8.0,5.0,4.0,2.0,17,0.0,0.0,1.0,2.0,2.0,1.0,1.0,6.0,5.0,1.0,-4.0,-4.0,0.0,0.0,0.0,0.0,1.0,2.0,-1.0,31.2,25.0,0.0,81.2,10.0,10.0,11.0,11.0,1443.7,1395.4
2019-05-18,2018,Fortuna Dusseldorf,Hannover,2,1,H,O,1.55,4.2,6.0,7.0,3.0,2.0,7.0,17,2.0,0.0,1.0,2.0,8.0,2.0,6.0,6.0,6.0,0.0,2.0,-4.0,6.0,2.0,0.0,2.0,1.0,2.0,-1.0,50.0,50.0,0.0,68.8,12.0,10.0,7.0,10.0,1495.6,1368.9
2019-05-18,2018,Bayern Munich,Ein Frankfurt,5,1,H,O,1.25,6.5,10.0,14.0,2.0,5.0,3.0,17,3.0,1.0,0.0,1.0,9.0,4.0,5.0,1.0,8.0,-7.0,8.0,-4.0,12.0,2.0,0.0,2.0,0.0,1.0,-1.0,75.0,6.2,43.8,25.0,31.0,10.0,36.0,16.0,1750.4,1534.2
2019-05-12,2018,Ein Frankfurt,Mainz,0,2,A,U,1.6,4.2,5.25,4.0,4.0,9.0,6.0,17,1.0,0.0,1.0,3.0,4.0,2.0,2.0,3.0,6.0,-3.0,1.0,-4.0,5.0,1.0,0.0,1.0,1.0,1.0,0.0,50.0,25.0,18.8,68.8,13.0,18.0,15.0,19.0,1546.9,1451.1
2019-05-11,2018,Stuttgart,Wolfsburg,3,0,H,O,3.2,3.5,2.2,4.0,2.0,4.0,3.0,17,1.0,1.0,1.0,2.0,2.0,4.0,-2.0,2.0,5.0,-3.0,0.0,-1.0,1.0,0.0,1.0,-1.0,0.0,2.0,-2.0,31.2,43.8,50.0,37.5,15.0,15.0,21.0,10.0,1423.8,1526.6
2019-05-11,2018,RB Leipzig,Bayern Munich,0,0,D,U,5.0,4.0,1.66,3.0,5.0,1.0,6.0,17,3.0,1.0,0.0,0.0,9.0,6.0,3.0,1.0,3.0,-2.0,8.0,3.0,5.0,2.0,1.0,1.0,0.0,0.0,0.0,62.5,6.2,68.8,18.8,23.0,24.0,20.0,18.0,1628.2,1753.9
2019-05-11,2018,Nurnberg,M'gladbach,0,4,A,O,3.8,4.0,1.85,2.0,5.0,1.0,5.0,17,1.0,1.0,0.0,2.0,5.0,2.0,3.0,2.0,4.0,-2.0,3.0,-2.0,5.0,1.0,0.0,1.0,0.0,1.0,-1.0,18.8,37.5,37.5,37.5,14.0,19.0,20.0,21.0,1401.9,1527.6
2019-05-11,2018,Leverkusen,Schalke 04,1,1,D,U,1.33,5.75,8.0,5.0,3.0,4.0,4.0,17,2.0,2.0,1.0,0.0,10.0,6.0,4.0,5.0,3.0,2.0,5.0,3.0,2.0,2.0,1.0,1.0,1.0,0.0,1.0,56.2,37.5,25.0,43.8,24.0,9.0,18.0,15.0,1573.5,1485.9
2019-05-11,2018,Hoffenheim,Werder Bremen,0,1,A,U,1.44,5.25,6.0,3.0,6.0,1.0,4.0,17,2.0,0.0,1.0,2.0,7.0,2.0,5.0,5.0,6.0,-1.0,2.0,-4.0,6.0,2.0,0.0,2.0,1.0,1.0,0.0,43.8,25.0,31.2,37.5,19.0,15.0,22.0,13.0,1582.7,1533.5
2019-05-11,2018,Hannover,Freiburg,3,0,H,O,2.62,3.75,2.5,6.0,1.0,5.0,3.0,17,1.0,0.0,2.0,3.0,1.0,2.0,-1.0,2.0,9.0,-7.0,-1.0,-7.0,6.0,0.0,0.0,0.0,0.0,1.0,-1.0,25.0,68.8,12.5,56.2,11.0,18.0,15.0,14.0,1356.1,1456.5
2019-05-11,2018,Dortmund,Fortuna Dusseldorf,3,2,H,O,1.3,6.0,8.5,5.0,3.0,2.0,4.0,17,2.0,1.0,1.0,1.0,6.0,4.0,2.0,5.0,5.0,0.0,1.0,-1.0,2.0,1.0,0.0,1.0,1.0,1.0,0.0,81.2,6.2,25.0,43.8,14.0,17.0,11.0,17.0,1648.3,1501.6
2019-05-11,2018,Augsburg,Hertha,3,4,A,O,2.4,3.6,2.8,3.0,8.0,1.0,9.0,17,1.0,0.0,2.0,2.0,7.0,0.0,7.0,8.0,7.0,1.0,-1.0,-7.0,6.0,1.0,0.0,1.0,2.0,2.0,0.0,31.2,43.8,25.0,50.0,15.0,5.0,16.0,10.0,1446.2,1480.7
2019-05-05,2018,Schalke 04,Augsburg,0,0,D,U,1.8,3.8,4.33,3.0,3.0,7.0,4.0,16,0.0,1.0,3.0,1.0,3.0,3.0,0.0,8.0,4.0,4.0,-5.0,-1.0,-4.0,0.0,1.0,-1.0,1.0,1.0,0.0,26.7,66.7,20.0,60.0,12.0,12.0,9.0,10.0,1487.1,1445.0
2019-05-05,2018,Leverkusen,Ein Frankfurt,6,1,H,O,1.61,4.5,5.0,11.0,2.0,1.0,4.0,16,1.0,2.0,2.0,0.0,5.0,6.0,-1.0,7.0,2.0,5.0,-2.0,4.0,-6.0,1.0,1.0,0.0,2.0,0.0,2.0,53.3,40.0,46.7,20.0,15.0,14.0,27.0,17.0,1563.7,1556.7
2019-05-05,2018,Freiburg,Fortuna Dusseldorf,1,1,D,U,2.1,3.75,3.2,3.0,3.0,5.0,4.0,16,1.0,1.0,1.0,2.0,3.0,5.0,-2.0,6.0,9.0,-3.0,-3.0,-4.0,1.0,0.0,0.0,0.0,1.0,2.0,-1.0,33.3,26.7,26.7,46.7,11.0,20.0,9.0,18.0,1455.1,1503.0
2019-05-04,2018,Wolfsburg,Nurnberg,2,0,H,U,1.57,4.33,5.5,4.0,3.0,4.0,5.0,16,2.0,0.0,0.0,2.0,9.0,1.0,8.0,4.0,4.0,0.0,5.0,-3.0,8.0,2.0,0.0,2.0,0.0,1.0,-1.0,40.0,26.7,0.0,80.0,23.0,10.0,29.0,9.0,1519.6,1408.8
2019-05-04,2018,Werder Bremen,Dortmund,2,2,D,O,3.25,3.75,2.05,4.0,8.0,4.0,8.0,16,3.0,2.0,0.0,1.0,9.0,7.0,2.0,4.0,7.0,-3.0,5.0,0.0,5.0,2.0,1.0,1.0,0.0,1.0,-1.0,46.7,20.0,53.3,20.0,18.0,15.0,18.0,14.0,1530.1,1651.6
2019-05-04,2018,M'gladbach,Hoffenheim,2,2,D,O,2.7,4.0,2.3,5.0,9.0,2.0,7.0,16,0.0,2.0,1.0,0.0,3.0,10.0,-7.0,4.0,3.0,1.0,-1.0,7.0,-8.0,0.0,2.0,-2.0,0.0,0.0,0.0,60.0,26.7,40.0,20.0,9.0,23.0,19.0,13.0,1525.9,1584.4
2019-05-04,2018,Hertha,Stuttgart,3,1,H,O,2.2,3.6,3.1,6.0,1.0,2.0,5.0,16,0.0,0.0,2.0,3.0,3.0,1.0,2.0,5.0,12.0,-7.0,-2.0,-11.0,9.0,0.0,0.0,0.0,0.0,3.0,-3.0,33.3,26.7,6.7,80.0,10.0,8.0,11.0,10.0,1471.8,1432.7
2019-05-04,2018,Bayern Munich,Hannover,3,1,H,O,1.03,21.0,34.0,14.0,1.0,11.0,0.0,16,3.0,0.0,0.0,2.0,12.0,2.0,10.0,0.0,6.0,-6.0,12.0,-4.0,16.0,2.0,0.0,2.0,0.0,2.0,-2.0,73.3,6.7,0.0,66.7,28.0,13.0,38.0,13.0,1752.0,1358.0
2019-05-03,2018,Mainz,RB Leipzig,3,3,D,O,4.5,4.2,1.7,6.0,5.0,6.0,4.0,16,2.0,3.0,1.0,0.0,8.0,7.0,1.0,2.0,3.0,-1.0,6.0,4.0,2.0,2.0,1.0,1.0,0.0,0.0,0.0,46.7,26.7,60.0,26.7,12.0,12.0,7.0,12.0,1446.2,1633.1
2019-04-28,2018,Nurnberg,Bayern Munich,1,1,D,U,15.0,8.0,1.14,4.0,6.0,5.0,5.0,16,1.0,2.0,1.0,0.0,4.0,10.0,-6.0,2.0,3.0,-1.0,2.0,7.0,-5.0,1.0,2.0,-1.0,0.0,0.0,0.0,20.0,40.0,73.3,20.0,11.0,32.0,20.0,22.0,1401.1,1759.7
2019-04-28,2018,Hoffenheim,Wolfsburg,1,4,A,O,1.45,4.75,6.0,7.0,10.0,9.0,3.0,16,3.0,0.0,0.0,3.0,8.0,0.0,8.0,2.0,10.0,-8.0,6.0,-10.0,16.0,2.0,0.0,2.0,0.0,3.0,-3.0,46.7,20.0,46.7,40.0,18.0,6.0,21.0,9.0,1596.9,1507.1
2019-04-27,2018,Stuttgart,M'gladbach,1,0,H,U,3.5,3.5,2.05,6.0,4.0,2.0,7.0,16,0.0,2.0,1.0,1.0,2.0,3.0,-1.0,3.0,3.0,0.0,-1.0,0.0,-1.0,0.0,0.0,0.0,0.0,1.0,-1.0,26.7,46.7,40.0,33.3,11.0,19.0,23.0,20.0,1419.4,1539.3
2019-04-27,2018,RB Leipzig,Freiburg,2,1,H,O,1.25,5.5,12.0,4.0,8.0,5.0,4.0,16,2.0,0.0,0.0,2.0,7.0,2.0,5.0,0.0,8.0,-8.0,7.0,-6.0,13.0,2.0,0.0,2.0,0.0,1.0,-1.0,60.0,6.7,13.3,53.3,23.0,12.0,22.0,16.0,1627.6,1460.7
2019-04-27,2018,Hannover,Mainz,1,0,H,U,3.0,3.4,2.3,3.0,4.0,4.0,7.0,16,0.0,0.0,3.0,3.0,2.0,2.0,0.0,5.0,11.0,-6.0,-3.0,-9.0,6.0,0.0,0.0,0.0,0.0,2.0,-2.0,20.0,73.3,20.0,66.7,13.0,15.0,17.0,14.0,1344.8,1459.4
2019-04-27,2018,Fortuna Dusseldorf,Werder Bremen,4,1,H,O,3.2,3.4,2.2,6.0,9.0,4.0,9.0,16,1.0,1.0,2.0,1.0,4.0,4.0,0.0,8.0,3.0,5.0,-4.0,1.0,-5.0,1.0,1.0,0.0,2.0,0.0,2.0,46.7,53.3,33.3,33.3,9.0,11.0,4.0,7.0,1491.5,1541.5
2019-04-27,2018,Ein Frankfurt,Hertha,0,0,D,U,1.4,4.75,7.0,4.0,3.0,2.0,4.0,16,2.0,0.0,1.0,3.0,5.0,1.0,4.0,3.0,9.0,-6.0,2.0,-8.0,10.0,1.0,0.0,1.0,1.0,2.0,-1.0,53.3,26.7,26.7,53.3,13.0,8.0,21.0,12.0,1559.2,1469.2
2019-04-27,2018,Dortmund,Schalke 04,2,4,A,O,1.3,5.5,9.0,2.0,4.0,2.0,4.0,16,3.0,1.0,0.0,1.0,7.0,4.0,3.0,2.0,5.0,-3.0,5.0,-1.0,6.0,2.0,0.0,2.0,0.0,1.0,-1.0,86.7,0.0,20.0,46.7,20.0,13.0,16.0,16.0,1666.7,1472.0
2019-04-26,2018,Augsburg,Leverkusen,1,4,A,O,4.5,4.33,1.66,2.0,7.0,3.0,3.0,16,2.0,2.0,1.0,1.0,9.0,5.0,4.0,5.0,6.0,-1.0,4.0,-1.0,5.0,2.0,0.0,2.0,1.0,1.0,0.0,33.3,40.0,46.7,40.0,23.0,16.0,15.0,19.0,1452.1,1556.6
2019-04-22,2018,Wolfsburg,Ein Frankfurt,1,1,D,U,2.55,3.6,2.55,8.0,3.0,13.0,6.0,15,2.0,3.0,0.0,0.0,9.0,8.0,1.0,4.0,1.0,3.0,5.0,7.0,-2.0,2.0,2.0,0.0,0.0,0.0,0.0,42.9,28.6,50.0,21.4,20.0,19.0,22.0,16.0,1505.5,1560.8
2019-04-21,2018,Hertha,Hannover,0,0,D,U,1.53,4.33,6.0,3.0,5.0,5.0,8.0,15,1.0,0.0,2.0,3.0,5.0,3.0,2.0,6.0,11.0,-5.0,-1.0,-8.0,7.0,0.0,0.0,0.0,0.0,3.0,-3.0,35.7,28.6,0.0,71.4,11.0,9.0,10.0,5.0,1472.9,1341.1
2019-04-21,2018,Freiburg,Dortmund,0,4,A,O,6.0,4.33,1.53,2.0,6.0,5.0,3.0,15,2.0,1.0,0.0,2.0,8.0,4.0,4.0,3.0,9.0,-6.0,5.0,-5.0,10.0,1.0,0.0,1.0,0.0,1.0,-1.0,35.7,21.4,50.0,21.4,20.0,17.0,12.0,15.0,1465.6,1661.8
2019-04-20,2018,Schalke 04,Hoffenheim,2,5,A,O,3.6,4.0,1.9,5.0,6.0,6.0,1.0,15,0.0,1.0,3.0,1.0,1.0,7.0,-6.0,7.0,4.0,3.0,-6.0,3.0,-9.0,0.0,1.0,-1.0,1.0,0.0,1.0,28.6,64.3,35.7,21.4,9.0,24.0,4.0,15.0,1478.9,1590.0
2019-04-20,2018,Mainz,Fortuna Dusseldorf,3,1,H,O,2.1,3.6,3.4,5.0,7.0,3.0,7.0,15,2.0,2.0,1.0,1.0,8.0,8.0,0.0,1.0,6.0,-5.0,7.0,2.0,5.0,2.0,1.0,1.0,0.0,1.0,-1.0,42.9,28.6,28.6,42.9,13.0,18.0,5.0,12.0,1447.8,1503.1
2019-04-20,2018,M'gladbach,RB Leipzig,1,2,A,O,3.0,3.75,2.25,4.0,4.0,2.0,4.0,15,0.0,3.0,1.0,0.0,3.0,6.0,-3.0,7.0,2.0,5.0,-4.0,4.0,-8.0,0.0,1.0,-1.0,1.0,0.0,1.0,64.3,21.4,57.1,28.6,7.0,13.0,18.0,16.0,1547.2,1619.7
2019-04-20,2018,Leverkusen,Nurnberg,2,0,H,U,1.3,5.75,9.5,9.0,1.0,11.0,1.0,15,1.0,0.0,2.0,2.0,5.0,2.0,3.0,7.0,4.0,3.0,-2.0,-2.0,0.0,1.0,0.0,1.0,2.0,0.0,2.0,50.0,42.9,0.0,78.6,11.0,14.0,23.0,11.0,1550.5,1407.2
2019-04-20,2018,Bayern Munich,Werder Bremen,1,0,H,U,1.14,8.0,19.0,7.0,0.0,14.0,3.0,15,3.0,1.0,0.0,0.0,17.0,5.0,12.0,0.0,3.0,-3.0,17.0,2.0,15.0,3.0,1.0,2.0,0.0,0.0,0.0,71.4,7.1,35.7,28.6,33.0,14.0,31.0,8.0,1755.1,1546.1
2019-04-20,2018,Augsburg,Stuttgart,6,0,H,O,2.05,3.5,3.6,13.0,4.0,9.0,4.0,15,2.0,0.0,1.0,2.0,5.0,2.0,3.0,6.0,7.0,-1.0,-1.0,-5.0,4.0,1.0,0.0,1.0,1.0,2.0,-1.0,28.6,42.9,7.1,78.6,14.0,7.0,7.0,8.0,1442.5,1429.0
2019-04-14,2018,Hoffenheim,Hertha,2,0,H,U,1.4,5.0,6.5,7.0,2.0,9.0,3.0,15,3.0,0.0,0.0,3.0,9.0,1.0,8.0,2.0,8.0,-6.0,7.0,-7.0,14.0,2.0,0.0,2.0,0.0,1.0,-1.0,42.9,21.4,28.6,50.0,22.0,8.0,22.0,12.0,1582.9,1480.0
2019-04-14,2018,Fortuna Dusseldorf,Bayern Munich,1,4,A,O,12.0,7.5,1.18,2.0,10.0,2.0,6.0,15,2.0,2.0,1.0,0.0,5.0,9.0,-4.0,5.0,4.0,1.0,0.0,5.0,-5.0,1.0,1.0,0.0,1.0,0.0,1.0,50.0,50.0,71.4,21.4,14.0,30.0,9.0,25.0,1507.0,1751.2
2019-04-14,2018,Ein Frankfurt,Augsburg,1,3,A,O,1.45,4.5,6.5,4.0,6.0,8.0,2.0,15,3.0,0.0,0.0,2.0,7.0,1.0,6.0,2.0,8.0,-6.0,5.0,-7.0,12.0,1.0,0.0,1.0,0.0,2.0,-2.0,57.1,21.4,14.3,64.3,19.0,10.0,17.0,9.0,1574.8,1428.5
2019-04-13,2018,Werder Bremen,Freiburg,2,1,H,O,1.6,4.0,5.75,7.0,5.0,7.0,3.0,15,2.0,0.0,0.0,2.0,8.0,1.0,7.0,4.0,8.0,-4.0,4.0,-7.0,11.0,2.0,0.0,2.0,0.0,2.0,-2.0,42.9,21.4,14.3,50.0,15.0,10.0,15.0,15.0,1538.0,1473.7
2019-04-13,2018,Stuttgart,Leverkusen,0,1,A,U,4.2,4.2,1.75,5.0,5.0,7.0,6.0,15,1.0,1.0,0.0,2.0,7.0,6.0,1.0,3.0,9.0,-6.0,4.0,-3.0,7.0,1.0,0.0,1.0,0.0,1.0,-1.0,28.6,42.9,42.9,42.9,14.0,15.0,23.0,21.0,1436.0,1543.5
2019-04-13,2018,RB Leipzig,Wolfsburg,2,0,H,U,1.57,4.2,5.75,10.0,2.0,9.0,3.0,15,1.0,1.0,0.0,2.0,6.0,3.0,3.0,1.0,8.0,-7.0,5.0,-5.0,10.0,1.0,1.0,0.0,0.0,2.0,-2.0,57.1,7.1,50.0,35.7,17.0,7.0,19.0,7.0,1612.4,1512.7
2019-04-13,2018,Hannover,M'gladbach,0,1,A,U,5.25,4.33,1.6,5.0,9.0,3.0,12.0,15,0.0,1.0,3.0,1.0,2.0,3.0,-1.0,7.0,4.0,3.0,-5.0,-1.0,-4.0,0.0,0.0,0.0,1.0,1.0,0.0,21.4,71.4,35.7,35.7,11.0,15.0,17.0,15.0,1346.0,1542.3
2019-04-13,2018,Dortmund,Mainz,2,1,H,O,1.3,5.75,9.5,7.0,9.0,4.0,4.0,15,3.0,0.0,0.0,3.0,8.0,2.0,6.0,3.0,11.0,-8.0,5.0,-9.0,14.0,2.0,0.0,2.0,0.0,2.0,-2.0,85.7,0.0,21.4,64.3,17.0,7.0,15.0,11.0,1657.1,1452.5
2019-04-12,2018,Nurnberg,Schalke 04,1,1,D,U,3.4,3.25,2.25,6.0,2.0,11.0,9.0,15,1.0,1.0,1.0,2.0,3.0,3.0,0.0,1.0,7.0,-6.0,2.0,-4.0,6.0,1.0,0.0,1.0,0.0,2.0,-2.0,21.4,42.9,21.4,50.0,7.0,14.0,12.0,10.0,1405.0,1481.1
2019-04-07,2018,M'gladbach,Werder Bremen,1,1,D,U,2.05,3.6,3.4,3.0,6.0,7.0,1.0,14,0.0,1.0,2.0,0.0,2.0,5.0,-3.0,9.0,3.0,6.0,-7.0,2.0,-9.0,0.0,1.0,-1.0,2.0,0.0,2.0,69.2,23.1,38.5,30.8,9.0,10.0,23.0,10.0,1542.4,1537.8
2019-04-07,2018,Augsburg,Hoffenheim,0,4,A,O,3.6,4.33,1.83,0.0,9.0,4.0,3.0,14,2.0,0.0,1.0,1.0,7.0,4.0,3.0,5.0,5.0,0.0,2.0,-1.0,3.0,1.0,0.0,1.0,0.0,0.0,0.0,30.8,38.5,30.8,23.1,16.0,19.0,4.0,16.0,1434.6,1576.8
2019-04-06,2018,Wolfsburg,Hannover,3,1,H,O,1.33,5.5,8.5,5.0,4.0,9.0,2.0,14,2.0,0.0,0.0,3.0,9.0,2.0,7.0,3.0,11.0,-8.0,6.0,-9.0,15.0,2.0,0.0,2.0,0.0,3.0,-3.0,38.5,30.8,0.0,69.2,21.0,6.0,17.0,9.0,1506.9,1351.8
2019-04-06,2018,Stuttgart,Nurnberg,1,1,D,U,1.8,3.75,4.5,4.0,6.0,12.0,5.0,14,1.0,0.0,1.0,3.0,7.0,2.0,5.0,5.0,5.0,0.0,2.0,-3.0,5.0,1.0,0.0,1.0,1.0,0.0,1.0,30.8,46.2,0.0,84.6,13.0,10.0,16.0,9.0,1436.9,1404.1
2019-04-06,2018,Schalke 04,Ein Frankfurt,1,2,A,O,3.3,3.5,2.15,4.0,5.0,3.0,6.0,14,0.0,2.0,2.0,0.0,0.0,6.0,-6.0,5.0,0.0,5.0,-5.0,6.0,-11.0,0.0,2.0,-2.0,1.0,0.0,1.0,30.8,61.5,46.2,23.1,7.0,16.0,5.0,14.0,1488.9,1567.0
2019-04-06,2018,Leverkusen,RB Leipzig,2,4,A,O,2.3,3.75,2.9,4.0,4.0,6.0,2.0,14,2.0,3.0,1.0,0.0,5.0,5.0,0.0,3.0,1.0,2.0,2.0,4.0,-2.0,2.0,1.0,1.0,1.0,0.0,1.0,53.8,38.5,53.8,30.8,14.0,13.0,22.0,18.0,1552.0,1603.9
2019-04-06,2018,Hertha,Fortuna Dusseldorf,1,2,A,O,1.9,3.6,4.0,3.0,7.0,2.0,6.0,14,1.0,1.0,1.0,2.0,5.0,6.0,-1.0,5.0,7.0,-2.0,0.0,-1.0,1.0,0.0,1.0,-1.0,0.0,2.0,-2.0,38.5,23.1,23.1,46.2,10.0,11.0,12.0,10.0,1489.8,1497.3
2019-04-06,2018,Bayern Munich,Dortmund,5,0,H,O,1.53,4.75,5.25,10.0,1.0,11.0,1.0,14,3.0,1.0,0.0,1.0,13.0,4.0,9.0,0.0,4.0,-4.0,13.0,0.0,13.0,2.0,0.0,2.0,0.0,0.0,0.0,69.2,7.7,53.8,15.4,27.0,22.0,31.0,25.0,1743.4,1664.9
2019-04-05,2018,Mainz,Freiburg,5,0,H,O,2.2,3.3,3.4,5.0,5.0,2.0,7.0,14,1.0,0.0,2.0,1.0,4.0,1.0,3.0,6.0,3.0,3.0,-2.0,-2.0,0.0,1.0,0.0,1.0,1.0,1.0,0.0,38.5,30.8,15.4,46.2,10.0,8.0,7.0,17.0,1441.3,1485.0
2019-03-31,2018,Hannover,Schalke 04,0,1,A,U,4.5,3.6,1.8,3.0,3.0,8.0,2.0,14,1.0,0.0,2.0,3.0,4.0,3.0,1.0,6.0,10.0,-4.0,-2.0,-7.0,5.0,1.0,0.0,1.0,1.0,3.0,-2.0,23.1,69.2,15.4,53.8,16.0,16.0,13.0,10.0,1358.4,1482.3
2019-03-31,2018,Ein Frankfurt,Stuttgart,3,0,H,O,1.44,5.0,6.5,5.0,3.0,5.0,5.0,14,2.0,0.0,0.0,2.0,5.0,2.0,3.0,3.0,7.0,-4.0,2.0,-5.0,7.0,0.0,0.0,0.0,0.0,2.0,-2.0,53.8,23.1,7.7,76.9,17.0,6.0,20.0,7.0,1560.2,1443.7
2019-03-30,2018,Werder Bremen,Mainz,3,1,H,O,1.61,4.33,5.0,4.0,5.0,7.0,8.0,14,2.0,0.0,0.0,3.0,9.0,1.0,8.0,3.0,11.0,-8.0,6.0,-10.0,16.0,2.0,0.0,2.0,0.0,2.0,-2.0,38.5,23.1,23.1,61.5,16.0,6.0,11.0,10.0,1530.1,1449.0
2019-03-30,2018,RB Leipzig,Hertha,5,0,H,O,1.5,4.33,6.5,9.0,0.0,6.0,3.0,14,0.0,1.0,0.0,2.0,1.0,4.0,-3.0,1.0,3.0,-2.0,0.0,1.0,-1.0,0.0,1.0,-1.0,0.0,0.0,0.0,53.8,7.7,30.8,46.2,9.0,12.0,20.0,14.0,1596.7,1497.0
2019-03-30,2018,Nurnberg,Augsburg,3,0,H,O,2.87,3.3,2.5,4.0,3.0,4.0,4.0,14,0.0,0.0,1.0,2.0,1.0,1.0,0.0,2.0,9.0,-7.0,-1.0,-8.0,7.0,0.0,0.0,0.0,0.0,2.0,-2.0,15.4,46.2,15.4,61.5,5.0,10.0,11.0,7.0,1392.6,1446.1
2019-03-30,2018,Freiburg,Bayern Munich,1,1,D,U,12.0,6.5,1.22,5.0,8.0,1.0,7.0,14,2.0,2.0,0.0,1.0,10.0,9.0,1.0,5.0,6.0,-1.0,5.0,3.0,2.0,1.0,1.0,0.0,0.0,1.0,-1.0,38.5,23.1,76.9,23.1,19.0,28.0,20.0,22.0,1478.4,1749.9
2019-03-30,2018,Fortuna Dusseldorf,M'gladbach,3,1,H,O,3.0,3.5,2.3,4.0,6.0,1.0,2.0,14,2.0,2.0,1.0,0.0,5.0,4.0,1.0,4.0,1.0,3.0,1.0,3.0,-2.0,1.0,1.0,0.0,1.0,0.0,1.0,46.2,53.8,38.5,30.8,16.0,18.0,13.0,19.0,1485.3,1554.4
2019-03-30,2018,Dortmund,Wolfsburg,2,0,H,U,1.5,4.33,6.5,5.0,3.0,5.0,4.0,14,2.0,1.0,0.0,1.0,9.0,6.0,3.0,6.0,9.0,-3.0,3.0,-3.0,6.0,1.0,1.0,0.0,0.0,1.0,-1.0,84.6,0.0,53.8,30.8,19.0,8.0,17.0,5.0,1658.9,1513.0
2019-03-29,2018,Hoffenheim,Leverkusen,4,1,H,O,2.37,3.8,2.7,5.0,6.0,4.0,7.0,14,2.0,2.0,0.0,1.0,6.0,10.0,-4.0,2.0,6.0,-4.0,4.0,4.0,0.0,1.0,1.0,0.0,0.0,0.0,0.0,38.5,23.1,46.2,38.5,21.0,16.0,23.0,18.0,1566.9,1561.8
2019-03-17,2018,Leverkusen,Werder Bremen,1,3,A,O,1.6,4.2,5.25,2.0,5.0,10.0,3.0,13,3.0,0.0,0.0,0.0,7.0,3.0,4.0,1.0,3.0,-2.0,6.0,0.0,6.0,3.0,0.0,3.0,0.0,0.0,0.0,58.3,33.3,33.3,33.3,16.0,8.0,19.0,14.0,1573.4,1518.6
2019-03-17,2018,Ein Frankfurt,Nurnberg,1,0,H,U,1.4,5.0,7.5,4.0,3.0,8.0,3.0,13,1.0,0.0,0.0,3.0,5.0,2.0,3.0,4.0,6.0,-2.0,1.0,-4.0,5.0,0.0,0.0,0.0,0.0,1.0,-1.0,50.0,25.0,0.0,83.3,20.0,8.0,18.0,10.0,1554.5,1398.4
2019-03-17,2018,Bayern Munich,Mainz,6,0,H,O,1.12,9.0,17.0,11.0,1.0,13.0,2.0,13,3.0,0.0,0.0,3.0,10.0,1.0,9.0,1.0,8.0,-7.0,9.0,-7.0,16.0,2.0,0.0,2.0,0.0,2.0,-2.0,66.7,8.3,25.0,58.3,20.0,5.0,25.0,11.0,1746.8,1452.1
2019-03-16,2018,Wolfsburg,Fortuna Dusseldorf,5,2,H,O,1.75,3.75,4.75,10.0,6.0,7.0,5.0,13,1.0,1.0,1.0,1.0,4.0,5.0,-1.0,4.0,3.0,1.0,0.0,2.0,-2.0,1.0,1.0,0.0,1.0,1.0,0.0,33.3,33.3,25.0,41.7,15.0,11.0,15.0,10.0,1503.2,1495.1
2019-03-16,2018,Stuttgart,Hoffenheim,1,1,D,U,3.7,4.0,1.85,2.0,8.0,4.0,9.0,13,1.0,0.0,1.0,1.0,8.0,6.0,2.0,6.0,7.0,-1.0,2.0,-1.0,3.0,1.0,0.0,1.0,1.0,0.0,1.0,33.3,50.0,33.3,25.0,15.0,17.0,19.0,15.0,1440.1,1570.5
2019-03-16,2018,Schalke 04,RB Leipzig,0,1,A,U,3.75,3.6,2.0,3.0,4.0,0.0,6.0,13,0.0,3.0,2.0,0.0,0.0,7.0,-7.0,6.0,1.0,5.0,-6.0,6.0,-12.0,0.0,2.0,-2.0,2.0,0.0,2.0,33.3,58.3,50.0,33.3,5.0,17.0,6.0,19.0,1489.5,1589.5
2019-03-16,2018,Hertha,Dortmund,2,3,A,O,4.2,3.75,1.85,4.0,8.0,4.0,10.0,13,1.0,0.0,1.0,1.0,3.0,2.0,1.0,3.0,3.0,0.0,0.0,-1.0,1.0,0.0,0.0,0.0,0.0,0.0,0.0,41.7,16.7,50.0,16.7,10.0,18.0,11.0,19.0,1502.9,1652.9
2019-03-16,2018,Augsburg,Hannover,3,1,H,O,1.61,4.33,5.0,10.0,4.0,2.0,3.0,13,2.0,0.0,1.0,3.0,7.0,2.0,5.0,4.0,13.0,-9.0,3.0,-11.0,14.0,1.0,0.0,1.0,0.0,3.0,-3.0,25.0,41.7,0.0,66.7,14.0,5.0,9.0,9.0,1438.2,1366.4
2019-03-15,2018,M'gladbach,Freiburg,1,1,D,U,1.53,3.9,6.25,2.0,2.0,10.0,6.0,13,0.0,0.0,3.0,1.0,1.0,2.0,-1.0,11.0,4.0,7.0,-10.0,-2.0,-8.0,0.0,0.0,0.0,3.0,1.0,2.0,75.0,25.0,16.7,50.0,11.0,10.0,18.0,19.0,1556.7,1476.2
2019-03-11,2018,Fortuna Dusseldorf,Ein Frankfurt,0,3,A,O,2.75,3.4,2.55,3.0,6.0,1.0,5.0,13,2.0,1.0,1.0,0.0,5.0,5.0,0.0,5.0,2.0,3.0,0.0,3.0,-3.0,1.0,1.0,0.0,1.0,0.0,1.0,50.0,50.0,41.7,25.0,13.0,14.0,20.0,12.0,1503.9,1545.7
2019-03-10,2018,Hoffenheim,Nurnberg,2,1,H,O,1.25,5.75,12.0,6.0,5.0,8.0,3.0,13,1.0,0.0,1.0,3.0,5.0,2.0,3.0,4.0,6.0,-2.0,1.0,-4.0,5.0,1.0,0.0,1.0,1.0,1.0,0.0,33.3,25.0,0.0,81.8,20.0,6.0,17.0,12.0,1564.9,1404.0
2019-03-10,2018,Hannover,Leverkusen,2,3,A,O,8.5,5.75,1.3,5.0,5.0,6.0,6.0,13,1.0,2.0,2.0,1.0,2.0,10.0,-8.0,6.0,4.0,2.0,-4.0,6.0,-10.0,1.0,2.0,-1.0,2.0,0.0,2.0,25.0,66.7,41.7,41.7,12.0,25.0,7.0,18.0,1371.2,1568.6
2019-03-09,2018,RB Leipzig,Augsburg,0,0,D,U,1.36,5.0,8.5,4.0,3.0,7.0,4.0,13,0.0,0.0,1.0,3.0,1.0,1.0,0.0,2.0,11.0,-9.0,-1.0,-10.0,9.0,0.0,0.0,0.0,0.0,3.0,-3.0,58.3,8.3,16.7,66.7,10.0,8.0,19.0,3.0,1593.8,1433.9
2019-03-09,2018,Mainz,M'gladbach,0,1,A,U,3.3,3.4,2.2,2.0,4.0,2.0,6.0,13,2.0,2.0,1.0,0.0,6.0,4.0,2.0,6.0,1.0,5.0,0.0,3.0,-3.0,1.0,1.0,0.0,1.0,0.0,1.0,41.7,25.0,33.3,33.3,12.0,17.0,10.0,16.0,1459.5,1549.2
2019-03-09,2018,Freiburg,Hertha,2,1,H,O,2.55,3.25,2.87,4.0,6.0,3.0,6.0,13,1.0,2.0,1.0,1.0,10.0,6.0,4.0,8.0,2.0,6.0,2.0,4.0,-2.0,1.0,2.0,-1.0,1.0,0.0,1.0,33.3,25.0,33.3,41.7,23.0,14.0,23.0,12.0,1464.8,1514.3
2019-03-09,2018,Dortmund,Stuttgart,3,1,H,O,1.28,5.5,11.0,8.0,1.0,7.0,1.0,13,2.0,0.0,0.0,2.0,11.0,2.0,9.0,6.0,8.0,-2.0,5.0,-6.0,11.0,1.0,0.0,1.0,0.0,2.0,-2.0,83.3,0.0,8.3,75.0,20.0,7.0,16.0,7.0,1648.2,1444.9
2019-03-09,2018,Bayern Munich,Wolfsburg,6,0,H,O,1.25,6.5,10.0,12.0,1.0,7.0,2.0,12,3.0,2.0,0.0,0.0,8.0,7.0,1.0,2.0,3.0,-1.0,6.0,4.0,2.0,2.0,1.0,1.0,0.0,0.0,0.0,63.6,9.1,58.3,25.0,14.0,11.0,26.0,10.0,1742.7,1507.3
2019-03-08,2018,Werder Bremen,Schalke 04,4,2,H,O,2.05,3.5,3.6,7.0,8.0,4.0,5.0,13,1.0,0.0,0.0,2.0,7.0,3.0,4.0,3.0,8.0,-5.0,4.0,-5.0,9.0,1.0,0.0,1.0,0.0,2.0,-2.0,33.3,25.0,16.7,50.0,18.0,15.0,15.0,11.0,1508.8,1499.2
2019-03-03,2018,Wolfsburg,Werder Bremen,1,1,D,U,2.15,3.5,3.3,5.0,3.0,6.0,4.0,12,2.0,1.0,1.0,0.0,5.0,3.0,2.0,3.0,2.0,1.0,2.0,1.0,1.0,2.0,0.0,2.0,1.0,0.0,1.0,36.4,36.4,36.4,36.4,15.0,18.0,13.0,18.0,1507.2,1508.9
2019-03-03,2018,Stuttgart,Hannover,5,1,H,O,1.72,4.0,4.5,8.0,1.0,7.0,0.0,12,0.0,0.0,2.0,2.0,5.0,2.0,3.0,8.0,9.0,-1.0,-3.0,-7.0,4.0,0.0,0.0,0.0,1.0,2.0,-1.0,27.3,54.5,0.0,63.6,15.0,7.0,25.0,11.0,1436.5,1379.6
2019-03-02,2018,Schalke 04,Fortuna Dusseldorf,0,4,A,O,1.83,3.75,4.2,2.0,5.0,1.0,1.0,12,1.0,1.0,1.0,1.0,2.0,3.0,-1.0,3.0,4.0,-1.0,-1.0,-1.0,0.0,0.0,0.0,0.0,1.0,1.0,0.0,36.4,54.5,18.2,45.5,8.0,9.0,9.0,12.0,1509.7,1493.4
2019-03-02,2018,Nurnberg,RB Leipzig,0,1,A,U,6.5,4.33,1.5,1.0,5.0,5.0,8.0,13,0.0,3.0,1.0,0.0,2.0,10.0,-8.0,4.0,1.0,3.0,-2.0,9.0,-11.0,0.0,3.0,-3.0,1.0,0.0,1.0,16.7,41.7,45.5,36.4,7.0,21.0,10.0,13.0,1409.3,1588.6
2019-03-02,2018,M'gladbach,Bayern Munich,1,5,A,O,5.5,4.5,1.57,2.0,14.0,1.0,9.0,12,1.0,2.0,2.0,1.0,2.0,7.0,-5.0,6.0,6.0,0.0,-4.0,1.0,-5.0,1.0,1.0,0.0,2.0,1.0,1.0,81.8,18.2,75.0,25.0,15.0,23.0,21.0,19.0,1554.4,1737.6
2019-03-02,2018,Leverkusen,Freiburg,2,0,H,U,1.44,4.5,7.5,5.0,3.0,7.0,2.0,12,2.0,0.0,1.0,1.0,5.0,3.0,2.0,2.0,5.0,-3.0,3.0,-2.0,5.0,2.0,0.0,2.0,0.0,1.0,-1.0,54.5,36.4,18.2,45.5,21.0,14.0,22.0,22.0,1561.1,1472.3
2019-03-02,2018,Hertha,Mainz,2,1,H,O,1.85,3.6,4.33,4.0,1.0,4.0,1.0,12,0.0,1.0,1.0,2.0,3.0,3.0,0.0,4.0,8.0,-4.0,-1.0,-5.0,4.0,0.0,0.0,0.0,0.0,2.0,-2.0,36.4,18.2,27.3,54.5,10.0,8.0,10.0,18.0,1505.4,1468.5
2019-03-02,2018,Ein Frankfurt,Hoffenheim,3,2,H,O,2.37,3.75,2.8,10.0,7.0,4.0,3.0,12,1.0,1.0,0.0,0.0,5.0,8.0,-3.0,3.0,6.0,-3.0,2.0,2.0,0.0,1.0,1.0,0.0,0.0,0.0,0.0,45.5,27.3,36.4,18.2,14.0,21.0,19.0,13.0,1534.5,1576.0
2019-03-01,2018,Augsburg,Dortmund,2,1,H,O,5.75,4.5,1.53,4.0,8.0,1.0,4.0,12,1.0,1.0,2.0,0.0,6.0,2.0,4.0,5.0,1.0,4.0,1.0,1.0,0.0,1.0,0.0,1.0,0.0,0.0,0.0,18.2,45.5,54.5,9.1,16.0,14.0,13.0,22.0,1417.8,1664.3
2019-02-25,2018,RB Leipzig,Hoffenheim,1,1,D,U,1.8,4.0,4.0,4.0,4.0,6.0,4.0,12,1.0,1.0,1.0,0.0,3.0,8.0,-5.0,3.0,6.0,-3.0,0.0,2.0,-2.0,0.0,1.0,-1.0,0.0,0.0,0.0,63.6,9.1,40.0,20.0,11.0,21.0,17.0,12.0,1589.0,1575.7
2019-02-24,2018,Hannover,Ein Frankfurt,0,3,A,O,4.75,3.75,1.75,3.0,8.0,3.0,5.0,12,1.0,0.0,2.0,0.0,2.0,4.0,-2.0,4.0,4.0,0.0,-2.0,0.0,-2.0,1.0,0.0,1.0,1.0,0.0,1.0,27.3,63.6,36.4,27.3,10.0,10.0,11.0,9.0,1385.7,1528.3
2019-02-24,2018,Dortmund,Leverkusen,3,2,H,O,1.8,4.2,4.0,4.0,4.0,3.0,8.0,12,2.0,3.0,0.0,0.0,10.0,10.0,0.0,5.0,2.0,3.0,5.0,8.0,-3.0,1.0,2.0,-1.0,0.0,0.0,0.0,81.8,0.0,45.5,36.4,20.0,26.0,17.0,11.0,1656.8,1568.6
2019-02-23,2018,Mainz,Schalke 04,3,0,H,O,2.8,3.4,2.5,6.0,3.0,1.0,3.0,12,1.0,1.0,1.0,1.0,5.0,6.0,-1.0,8.0,6.0,2.0,-3.0,0.0,-3.0,0.0,1.0,-1.0,1.0,1.0,0.0,36.4,27.3,18.2,45.5,12.0,18.0,12.0,13.0,1456.6,1521.5
2019-02-23,2018,M'gladbach,Wolfsburg,0,3,A,O,1.75,3.8,4.75,5.0,3.0,12.0,1.0,11,2.0,1.0,1.0,1.0,4.0,5.0,-1.0,3.0,5.0,-2.0,1.0,0.0,1.0,2.0,0.0,2.0,1.0,0.0,1.0,90.0,10.0,54.5,27.3,17.0,13.0,15.0,15.0,1566.4,1495.2
2019-02-23,2018,Freiburg,Augsburg,5,1,H,O,2.15,3.5,3.3,11.0,4.0,8.0,1.0,12,0.0,0.0,1.0,2.0,6.0,2.0,4.0,8.0,8.0,0.0,-2.0,-6.0,4.0,0.0,0.0,0.0,1.0,2.0,-1.0,27.3,27.3,18.2,63.6,19.0,6.0,20.0,4.0,1463.3,1426.7
2019-02-23,2018,Fortuna Dusseldorf,Nurnberg,2,1,H,O,1.72,3.75,5.0,7.0,2.0,7.0,3.0,12,2.0,0.0,1.0,3.0,5.0,1.0,4.0,5.0,6.0,-1.0,0.0,-5.0,5.0,1.0,0.0,1.0,1.0,2.0,-1.0,45.5,54.5,0.0,80.0,9.0,6.0,15.0,16.0,1485.3,1417.4
2019-02-23,2018,Bayern Munich,Hertha,1,0,H,U,1.18,7.0,17.0,4.0,2.0,11.0,3.0,11,3.0,2.0,0.0,1.0,8.0,7.0,1.0,2.0,4.0,-2.0,6.0,3.0,3.0,2.0,2.0,0.0,0.0,1.0,-1.0,60.0,10.0,36.4,36.4,14.0,20.0,20.0,14.0,1733.2,1509.7
2019-02-22,2018,Werder Bremen,Stuttgart,1,1,D,U,1.53,4.33,5.75,4.0,3.0,4.0,2.0,12,1.0,0.0,0.0,3.0,7.0,1.0,6.0,3.0,9.0,-6.0,4.0,-8.0,12.0,1.0,0.0,1.0,0.0,3.0,-3.0,36.4,27.3,9.1,81.8,19.0,5.0,17.0,13.0,1511.1,1434.3
2019-02-18,2018,Nurnberg,Dortmund,0,0,D,U,7.5,5.0,1.4,2.0,6.0,3.0,11.0,12,0.0,1.0,2.0,1.0,2.0,3.0,-1.0,5.0,3.0,2.0,-3.0,0.0,-3.0,0.0,0.0,0.0,1.0,0.0,1.0,18.2,45.5,60.0,10.0,8.0,11.0,19.0,13.0,1411.2,1663.0
2019-02-17,2018,Leverkusen,Fortuna Dusseldorf,2,0,H,U,1.44,4.75,6.5,7.0,0.0,5.0,4.0,11,2.0,2.0,1.0,0.0,6.0,4.0,2.0,3.0,2.0,1.0,3.0,2.0,1.0,2.0,0.0,2.0,0.0,0.0,0.0,50.0,40.0,20.0,40.0,21.0,15.0,21.0,14.0,1560.5,1493.4
2019-02-17,2018,Ein Frankfurt,M'gladbach,1,1,D,U,2.3,3.6,3.0,3.0,5.0,8.0,7.0,11,1.0,2.0,1.0,1.0,4.0,4.0,0.0,5.0,2.0,3.0,-1.0,2.0,-3.0,1.0,1.0,0.0,1.0,0.0,1.0,50.0,30.0,36.4,36.4,14.0,14.0,14.0,11.0,1527.2,1567.6
2019-02-16,2018,Wolfsburg,Mainz,3,0,H,O,1.72,4.0,4.5,6.0,4.0,4.0,7.0,11,1.0,1.0,1.0,1.0,4.0,4.0,0.0,5.0,6.0,-1.0,-1.0,-2.0,1.0,1.0,0.0,1.0,1.0,1.0,0.0,30.0,40.0,30.0,50.0,12.0,9.0,15.0,13.0,1485.8,1466.1
2019-02-16,2018,Stuttgart,RB Leipzig,1,3,A,O,5.25,4.0,1.65,3.0,4.0,5.0,4.0,11,0.0,2.0,2.0,1.0,5.0,7.0,-2.0,8.0,1.0,7.0,-3.0,6.0,-9.0,0.0,2.0,-2.0,1.0,0.0,1.0,30.0,50.0,40.0,40.0,17.0,19.0,22.0,14.0,1440.4,1582.8
2019-02-16,2018,Schalke 04,Freiburg,0,0,D,U,1.7,3.75,5.25,2.0,3.0,4.0,9.0,11,1.0,1.0,2.0,1.0,3.0,4.0,-1.0,5.0,5.0,0.0,-2.0,-1.0,-1.0,0.0,0.0,0.0,1.0,1.0,0.0,40.0,60.0,20.0,50.0,10.0,14.0,12.0,16.0,1523.3,1461.5
2019-02-16,2018,Hoffenheim,Hannover,3,0,H,O,1.3,6.0,8.5,11.0,1.0,10.0,6.0,12,0.0,0.0,1.0,1.0,3.0,3.0,0.0,5.0,7.0,-2.0,-2.0,-4.0,2.0,0.0,0.0,0.0,1.0,1.0,0.0,27.3,27.3,0.0,60.0,16.0,9.0,16.0,6.0,1570.4,1391.0
2019-02-16,2018,Hertha,Werder Bremen,1,1,D,U,2.4,3.5,2.9,2.0,2.0,4.0,3.0,11,0.0,1.0,1.0,1.0,4.0,4.0,0.0,5.0,4.0,1.0,-1.0,0.0,-1.0,0.0,0.0,0.0,0.0,0.0,0.0,40.0,20.0,40.0,40.0,15.0,22.0,9.0,19.0,1509.7,1511.1
2019-02-15,2018,Augsburg,Bayern Munich,2,3,A,O,15.0,6.0,1.2,2.0,8.0,1.0,9.0,11,1.0,2.0,2.0,1.0,6.0,7.0,-1.0,5.0,4.0,1.0,1.0,3.0,-2.0,1.0,2.0,-1.0,0.0,1.0,-1.0,20.0,40.0,72.7,27.3,18.0,22.0,15.0,14.0,1429.7,1730.2
2019-02-10,2018,Werder Bremen,Augsburg,4,0,H,O,1.72,3.8,4.5,5.0,3.0,3.0,2.0,11,1.0,0.0,0.0,2.0,6.0,2.0,4.0,4.0,5.0,-1.0,2.0,-3.0,5.0,1.0,0.0,1.0,0.0,1.0,-1.0,30.0,30.0,20.0,60.0,23.0,4.0,20.0,4.0,1503.0,1437.9
2019-02-10,2018,Fortuna Dusseldorf,Stuttgart,3,0,H,O,2.1,3.5,3.5,6.0,2.0,5.0,4.0,11,2.0,0.0,1.0,3.0,4.0,1.0,3.0,5.0,9.0,-4.0,-1.0,-8.0,7.0,1.0,0.0,1.0,1.0,3.0,-2.0,40.0,60.0,10.0,80.0,11.0,5.0,14.0,13.0,1484.4,1449.4
2019-02-09,2018,RB Leipzig,Ein Frankfurt,0,0,D,U,1.83,4.0,4.0,1.0,2.0,7.0,4.0,11,2.0,0.0,1.0,1.0,7.0,4.0,3.0,4.0,5.0,-1.0,3.0,-1.0,4.0,1.0,0.0,1.0,0.0,0.0,0.0,70.0,10.0,40.0,30.0,17.0,12.0,16.0,14.0,1584.5,1525.5
2019-02-09,2018,M'gladbach,Hertha,0,3,A,O,1.57,4.2,5.5,4.0,4.0,5.0,5.0,10,3.0,1.0,0.0,2.0,7.0,5.0,2.0,0.0,6.0,-6.0,7.0,-1.0,8.0,3.0,1.0,2.0,0.0,1.0,-1.0,100.0,0.0,30.0,40.0,20.0,19.0,17.0,14.0,1579.9,1497.3
2019-02-09,2018,Hannover,Nurnberg,2,0,H,U,2.2,3.4,3.25,8.0,1.0,4.0,4.0,11,0.0,0.0,3.0,3.0,0.0,1.0,-1.0,5.0,7.0,-2.0,-5.0,-6.0,1.0,0.0,0.0,0.0,1.0,2.0,-1.0,20.0,70.0,0.0,77.8,5.0,6.0,11.0,13.0,1379.8,1422.4
2019-02-09,2018,Freiburg,Wolfsburg,3,3,D,O,2.87,3.4,2.45,4.0,4.0,9.0,2.0,11,1.0,2.0,1.0,1.0,6.0,5.0,1.0,5.0,4.0,1.0,1.0,1.0,0.0,1.0,0.0,1.0,1.0,0.0,1.0,30.0,30.0,60.0,30.0,24.0,14.0,14.0,17.0,1460.8,1486.5
2019-02-09,2018,Dortmund,Hoffenheim,3,3,D,O,1.66,4.2,4.75,7.0,6.0,7.0,8.0,11,3.0,1.0,0.0,0.0,9.0,7.0,2.0,3.0,5.0,-2.0,6.0,2.0,4.0,1.0,1.0,0.0,0.0,0.0,0.0,90.0,0.0,44.4,22.2,22.0,21.0,14.0,8.0,1665.7,1567.7
2019-02-09,2018,Bayern Munich,Schalke 04,3,1,H,O,1.2,7.0,13.0,4.0,5.0,7.0,2.0,10,3.0,1.0,0.0,0.0,8.0,6.0,2.0,1.0,4.0,-3.0,7.0,2.0,5.0,2.0,1.0,1.0,0.0,0.0,0.0,55.6,11.1,20.0,40.0,18.0,18.0,24.0,18.0,1725.4,1528.2
2019-02-08,2018,Mainz,Leverkusen,1,5,A,O,3.8,3.8,1.9,2.0,7.0,4.0,4.0,11,1.0,2.0,0.0,1.0,5.0,6.0,-1.0,4.0,3.0,1.0,1.0,3.0,-2.0,0.0,1.0,-1.0,0.0,0.0,0.0,40.0,20.0,40.0,40.0,15.0,25.0,17.0,14.0,1473.8,1552.7
2019-02-03,2018,Stuttgart,Freiburg,2,2,D,O,2.15,3.4,3.4,4.0,4.0,7.0,8.0,10,1.0,1.0,2.0,2.0,5.0,2.0,3.0,7.0,5.0,2.0,-2.0,-3.0,1.0,0.0,0.0,0.0,1.0,2.0,-1.0,33.3,55.6,22.2,55.6,17.0,12.0,20.0,9.0,1449.1,1461.2
2019-02-03,2018,Augsburg,Mainz,3,0,H,O,2.1,3.5,3.4,8.0,0.0,7.0,3.0,10,0.0,1.0,2.0,1.0,4.0,5.0,-1.0,6.0,7.0,-1.0,-2.0,-2.0,0.0,0.0,0.0,0.0,0.0,1.0,-1.0,11.1,44.4,33.3,44.4,19.0,14.0,14.0,12.0,1426.2,1485.5
2019-02-02,2018,Schalke 04,M'gladbach,0,2,A,U,2.4,3.4,3.0,1.0,9.0,1.0,6.0,10,1.0,1.0,2.0,1.0,4.0,2.0,2.0,5.0,2.0,3.0,-1.0,0.0,-1.0,0.0,0.0,0.0,0.0,0.0,0.0,44.4,55.6,30.0,40.0,12.0,6.0,14.0,7.0,1537.2,1570.9
2019-02-02,2018,Nurnberg,Werder Bremen,1,1,D,U,3.75,3.6,2.0,2.0,3.0,3.0,7.0,11,0.0,1.0,3.0,2.0,1.0,4.0,-3.0,6.0,5.0,1.0,-5.0,-1.0,-4.0,0.0,0.0,0.0,2.0,0.0,2.0,20.0,50.0,44.4,44.4,6.0,24.0,22.0,22.0,1420.0,1505.4
2019-02-02,2018,Leverkusen,Bayern Munich,3,1,H,O,5.5,4.5,1.55,4.0,6.0,7.0,4.0,10,2.0,3.0,1.0,0.0,4.0,10.0,-6.0,2.0,1.0,1.0,2.0,9.0,-7.0,1.0,3.0,-2.0,0.0,0.0,0.0,44.4,44.4,80.0,20.0,24.0,30.0,18.0,24.0,1537.4,1740.6
2019-02-02,2018,Hoffenheim,Fortuna Dusseldorf,1,1,D,U,1.44,4.5,6.5,4.0,6.0,5.0,5.0,11,0.0,2.0,1.0,1.0,2.0,4.0,-2.0,4.0,4.0,0.0,-2.0,0.0,-2.0,0.0,0.0,0.0,1.0,1.0,0.0,30.0,30.0,22.2,44.4,18.0,12.0,17.0,13.0,1570.1,1481.9
2019-02-02,2018,Hertha,Wolfsburg,0,1,A,U,2.3,3.3,3.25,4.0,4.0,3.0,7.0,10,1.0,2.0,0.0,1.0,5.0,6.0,-1.0,4.0,4.0,0.0,1.0,2.0,-1.0,0.0,1.0,-1.0,0.0,0.0,0.0,44.4,11.1,55.6,33.3,15.0,14.0,11.0,13.0,1508.3,1475.6
2019-02-02,2018,Ein Frankfurt,Dortmund,1,1,D,U,3.3,3.6,2.15,7.0,4.0,6.0,4.0,10,2.0,2.0,1.0,1.0,5.0,4.0,1.0,5.0,3.0,2.0,0.0,1.0,-1.0,1.0,0.0,1.0,1.0,0.0,1.0,55.6,33.3,66.7,11.1,14.0,10.0,18.0,10.0,1521.5,1669.8
2019-02-01,2018,Hannover,RB Leipzig,0,3,A,O,5.5,4.33,1.53,1.0,8.0,0.0,7.0,10,0.0,1.0,3.0,2.0,0.0,4.0,-4.0,6.0,4.0,2.0,-6.0,0.0,-6.0,0.0,1.0,-1.0,1.0,1.0,0.0,22.2,66.7,33.3,44.4,4.0,15.0,11.0,19.0,1384.7,1579.6
2019-01-27,2018,Fortuna Dusseldorf,RB Leipzig,0,4,A,O,4.0,3.6,1.9,0.0,9.0,8.0,2.0,10,2.0,0.0,1.0,3.0,4.0,0.0,4.0,2.0,5.0,-3.0,2.0,-5.0,7.0,1.0,0.0,1.0,0.0,1.0,-1.0,44.4,55.6,25.0,50.0,18.0,10.0,18.0,26.0,1489.6,1571.9
2019-01-27,2018,Bayern Munich,Stuttgart,4,1,H,O,1.08,13.0,21.0,6.0,2.0,8.0,1.0,9,2.0,0.0,0.0,3.0,7.0,0.0,7.0,3.0,7.0,-4.0,4.0,-7.0,11.0,1.0,0.0,1.0,0.0,3.0,-3.0,50.0,12.5,11.1,77.8,17.0,5.0,25.0,21.0,1737.4,1452.3
2019-01-26,2018,Wolfsburg,Leverkusen,0,3,A,O,2.62,3.5,2.6,4.0,14.0,5.0,6.0,10,2.0,1.0,0.0,1.0,5.0,4.0,1.0,2.0,4.0,-2.0,3.0,0.0,3.0,1.0,0.0,1.0,0.0,0.0,0.0,33.3,33.3,33.3,44.4,11.0,17.0,12.0,14.0,1484.3,1528.7
2019-01-26,2018,Werder Bremen,Ein Frankfurt,2,2,D,O,2.55,3.5,2.7,9.0,4.0,8.0,3.0,10,1.0,1.0,1.0,1.0,5.0,5.0,0.0,4.0,4.0,0.0,1.0,1.0,0.0,1.0,1.0,0.0,0.0,0.0,0.0,33.3,33.3,44.4,33.3,17.0,15.0,15.0,16.0,1504.9,1522.0
2019-01-26,2018,Mainz,Nurnberg,2,1,H,O,1.66,3.8,5.25,4.0,3.0,5.0,5.0,10,0.0,0.0,1.0,3.0,4.0,2.0,2.0,5.0,10.0,-5.0,-1.0,-8.0,7.0,0.0,0.0,0.0,0.0,3.0,-3.0,33.3,22.2,0.0,75.0,18.0,9.0,18.0,10.0,1476.9,1428.6
2019-01-26,2018,M'gladbach,Augsburg,2,0,H,U,1.66,4.0,5.0,6.0,1.0,4.0,0.0,9,3.0,0.0,0.0,2.0,9.0,2.0,7.0,1.0,4.0,-3.0,8.0,-2.0,10.0,3.0,0.0,3.0,0.0,0.0,0.0,100.0,0.0,22.2,55.6,20.0,7.0,18.0,12.0,1564.5,1432.6
2019-01-26,2018,Freiburg,Hoffenheim,2,4,A,O,3.5,4.0,1.95,8.0,11.0,6.0,1.0,10,1.0,0.0,0.0,0.0,5.0,6.0,-1.0,2.0,6.0,-4.0,3.0,0.0,3.0,1.0,0.0,1.0,0.0,0.0,0.0,33.3,22.2,37.5,25.0,25.0,16.0,14.0,12.0,1468.5,1562.8
2019-01-26,2018,Dortmund,Hannover,5,1,H,O,1.16,7.5,15.0,9.0,3.0,6.0,3.0,10,3.0,0.0,0.0,1.0,6.0,3.0,3.0,2.0,6.0,-4.0,4.0,-3.0,7.0,1.0,0.0,1.0,0.0,1.0,-1.0,88.9,0.0,0.0,55.6,17.0,9.0,10.0,8.0,1666.4,1388.0
2019-01-25,2018,Hertha,Schalke 04,2,2,D,O,2.5,3.25,2.87,4.0,7.0,3.0,6.0,9,1.0,1.0,0.0,0.0,6.0,5.0,1.0,5.0,3.0,2.0,1.0,2.0,-1.0,0.0,1.0,-1.0,0.0,0.0,0.0,50.0,12.5,22.2,44.4,19.0,16.0,16.0,22.0,1507.4,1538.1
2019-01-20,2018,Schalke 04,Wolfsburg,2,1,H,O,2.2,3.3,3.4,5.0,5.0,4.0,6.0,9,1.0,3.0,2.0,0.0,7.0,7.0,0.0,6.0,3.0,3.0,1.0,4.0,-3.0,1.0,1.0,0.0,0.0,0.0,0.0,37.5,62.5,62.5,25.0,17.0,12.0,17.0,10.0,1529.1,1493.3
2019-01-20,2018,Nurnberg,Hertha,1,3,A,O,3.5,3.4,2.1,3.0,8.0,4.0,4.0,10,0.0,1.0,2.0,2.0,1.0,4.0,-3.0,4.0,5.0,-1.0,-3.0,-1.0,-2.0,0.0,1.0,-1.0,1.0,1.0,0.0,22.2,44.4,22.2,44.4,7.0,19.0,21.0,16.0,1436.8,1499.2
2019-01-19,2018,Stuttgart,Mainz,2,3,A,O,2.4,3.3,2.9,8.0,4.0,13.0,8.0,9,2.0,1.0,1.0,1.0,4.0,3.0,1.0,4.0,5.0,-1.0,0.0,-2.0,2.0,0.0,0.0,0.0,1.0,1.0,0.0,37.5,50.0,25.0,50.0,12.0,13.0,10.0,9.0,1462.2,1467.0
2019-01-19,2018,RB Leipzig,Dortmund,0,1,A,U,2.5,3.5,2.75,5.0,4.0,6.0,7.0,10,3.0,2.0,0.0,1.0,9.0,5.0,4.0,3.0,4.0,-1.0,6.0,1.0,5.0,2.0,0.0,2.0,0.0,0.0,0.0,77.8,0.0,62.5,12.5,18.0,13.0,15.0,8.0,1579.7,1658.7
2019-01-19,2018,Leverkusen,M'gladbach,0,1,A,U,2.0,3.7,3.6,10.0,3.0,10.0,3.0,9,3.0,0.0,0.0,2.0,6.0,1.0,5.0,1.0,4.0,-3.0,5.0,-3.0,8.0,2.0,0.0,2.0,0.0,1.0,-1.0,50.0,37.5,22.2,44.4,18.0,7.0,14.0,8.0,1538.2,1555.0
2019-01-19,2018,Hannover,Werder Bremen,0,1,A,U,3.25,3.6,2.15,1.0,13.0,7.0,8.0,9,0.0,0.0,3.0,2.0,0.0,4.0,-4.0,7.0,6.0,1.0,-7.0,-2.0,-5.0,0.0,0.0,0.0,2.0,0.0,2.0,25.0,62.5,37.5,50.0,5.0,19.0,7.0,17.0,1395.2,1497.7
2019-01-19,2018,Ein Frankfurt,Freiburg,3,1,H,O,1.65,4.0,5.25,4.0,7.0,5.0,5.0,9,1.0,1.0,2.0,2.0,3.0,1.0,2.0,6.0,4.0,2.0,-3.0,-3.0,0.0,0.0,0.0,0.0,1.0,2.0,-1.0,50.0,37.5,25.0,50.0,12.0,6.0,22.0,7.0,1513.0,1477.5
2019-01-19,2018,Augsburg,Fortuna Dusseldorf,1,2,A,O,1.9,3.6,4.0,6.0,3.0,5.0,3.0,9,0.0,1.0,2.0,1.0,4.0,5.0,-1.0,7.0,6.0,1.0,-3.0,-1.0,-2.0,0.0,0.0,0.0,1.0,1.0,0.0,12.5,37.5,12.5,50.0,23.0,14.0,17.0,12.0,1441.4,1480.7
2019-01-18,2018,Hoffenheim,Bayern Munich,1,3,A,O,6.0,5.0,1.44,5.0,9.0,2.0,6.0,10,0.0,3.0,0.0,0.0,2.0,9.0,-7.0,2.0,1.0,1.0,0.0,8.0,-8.0,0.0,2.0,-2.0,0.0,0.0,0.0,33.3,22.2,77.8,22.2,20.0,26.0,19.0,28.0,1568.4,1731.8
2018-12-23,2018,Hoffenheim,Mainz,1,1,D,U,1.44,4.5,6.5,7.0,5.0,9.0,2.0,9,1.0,2.0,0.0,1.0,3.0,5.0,-2.0,2.0,5.0,-3.0,1.0,0.0,1.0,0.0,1.0,-1.0,0.0,1.0,-1.0,37.5,25.0,28.6,57.1,20.0,17.0,16.0,11.0,1571.4,1464.0
2018-12-23,2018,Augsburg,Wolfsburg,2,3,A,O,2.6,3.3,2.75,4.0,5.0,3.0,4.0,8,0.0,2.0,1.0,1.0,4.0,5.0,-1.0,6.0,3.0,3.0,-2.0,2.0,-4.0,0.0,1.0,-1.0,1.0,0.0,1.0,14.3,28.6,57.1,28.6,23.0,16.0,20.0,11.0,1450.5,1484.3
2018-12-22,2018,Stuttgart,Schalke 04,1,3,A,O,3.2,3.3,2.3,5.0,6.0,2.0,5.0,8,2.0,0.0,1.0,1.0,3.0,2.0,1.0,4.0,5.0,-1.0,-1.0,-3.0,2.0,0.0,0.0,0.0,1.0,1.0,0.0,42.9,42.9,12.5,50.0,7.0,11.0,9.0,21.0,1470.7,1520.5
2018-12-22,2018,RB Leipzig,Werder Bremen,3,2,H,O,1.44,4.5,7.0,5.0,6.0,4.0,4.0,9,3.0,0.0,0.0,2.0,9.0,3.0,6.0,1.0,5.0,-4.0,8.0,-2.0,10.0,3.0,0.0,3.0,0.0,0.0,0.0,75.0,0.0,42.9,42.9,20.0,17.0,15.0,19.0,1571.6,1505.9
2018-12-22,2018,Nurnberg,Freiburg,0,1,A,U,2.62,3.3,2.7,3.0,3.0,12.0,3.0,9,0.0,0.0,2.0,2.0,1.0,1.0,0.0,5.0,5.0,0.0,-4.0,-4.0,0.0,0.0,0.0,0.0,2.0,2.0,0.0,25.0,37.5,14.3,57.1,7.0,4.0,12.0,6.0,1446.2,1468.1
2018-12-22,2018,Leverkusen,Hertha,3,1,H,O,1.72,4.0,4.5,7.0,8.0,4.0,5.0,8,2.0,1.0,1.0,2.0,4.0,4.0,0.0,4.0,6.0,-2.0,0.0,-2.0,2.0,1.0,1.0,0.0,1.0,1.0,0.0,42.9,42.9,25.0,37.5,20.0,16.0,16.0,17.0,1528.8,1508.6
2018-12-22,2018,Hannover,Fortuna Dusseldorf,0,1,A,U,2.2,3.4,3.3,3.0,6.0,4.0,6.0,8,1.0,0.0,2.0,2.0,2.0,4.0,-2.0,7.0,9.0,-2.0,-5.0,-5.0,0.0,0.0,0.0,0.0,2.0,2.0,0.0,28.6,57.1,0.0,57.1,6.0,14.0,6.0,10.0,1403.2,1472.7
2018-12-22,2018,Ein Frankfurt,Bayern Munich,0,3,A,O,5.75,4.75,1.5,3.0,7.0,3.0,4.0,8,2.0,2.0,1.0,1.0,6.0,8.0,-2.0,3.0,4.0,-1.0,3.0,4.0,-1.0,1.0,1.0,0.0,0.0,0.0,0.0,57.1,28.6,75.0,25.0,13.0,22.0,29.0,30.0,1517.6,1727.2
2018-12-21,2018,Dortmund,M'gladbach,2,1,H,O,1.5,4.5,5.75,4.0,2.0,4.0,2.0,9,3.0,1.0,0.0,1.0,7.0,3.0,4.0,3.0,3.0,0.0,4.0,0.0,4.0,1.0,1.0,0.0,0.0,1.0,-1.0,87.5,0.0,25.0,37.5,18.0,11.0,6.0,11.0,1651.2,1562.5
2018-12-19,2018,Werder Bremen,Hoffenheim,1,1,D,U,3.1,4.2,2.04,5.0,4.0,6.0,3.0,9,1.0,1.0,2.0,0.0,5.0,9.0,-4.0,6.0,6.0,0.0,-1.0,3.0,-4.0,1.0,1.0,0.0,1.0,0.0,1.0,37.5,37.5,42.9,28.6,17.0,16.0,18.0,16.0,1503.9,1573.4
2018-12-19,2018,Schalke 04,Leverkusen,1,2,A,O,2.4,3.5,2.9,4.0,5.0,7.0,1.0,8,2.0,0.0,1.0,2.0,9.0,2.0,7.0,5.0,6.0,-1.0,4.0,-4.0,8.0,2.0,0.0,2.0,0.0,1.0,-1.0,42.9,57.1,25.0,50.0,19.0,14.0,17.0,16.0,1530.9,1518.5
2018-12-19,2018,Mainz,Ein Frankfurt,2,2,D,O,3.2,3.5,2.2,6.0,4.0,3.0,2.0,9,1.0,2.0,1.0,1.0,4.0,6.0,-2.0,4.0,2.0,2.0,0.0,4.0,-4.0,0.0,2.0,-2.0,0.0,0.0,0.0,37.5,25.0,50.0,37.5,18.0,18.0,18.0,17.0,1462.4,1519.2
2018-12-19,2018,Freiburg,Hannover,1,1,D,U,1.85,3.6,4.0,7.0,3.0,5.0,2.0,9,1.0,0.0,1.0,2.0,5.0,3.0,2.0,4.0,8.0,-4.0,1.0,-5.0,6.0,1.0,0.0,1.0,1.0,2.0,-1.0,37.5,25.0,0.0,62.5,22.0,12.0,12.0,13.0,1470.1,1401.2
2018-12-19,2018,Bayern Munich,RB Leipzig,1,0,H,U,1.36,5.25,8.0,4.0,2.0,5.0,5.0,8,1.0,1.0,0.0,2.0,7.0,3.0,4.0,4.0,4.0,0.0,3.0,-1.0,4.0,1.0,1.0,0.0,0.0,1.0,-1.0,42.9,14.3,28.6,42.9,19.0,19.0,34.0,28.0,1721.1,1577.7
2018-12-18,2018,Wolfsburg,Stuttgart,2,0,H,U,1.66,3.75,5.5,5.0,1.0,4.0,8.0,9,1.0,1.0,1.0,2.0,3.0,2.0,1.0,3.0,5.0,-2.0,0.0,-3.0,3.0,0.0,1.0,-1.0,0.0,2.0,-2.0,25.0,37.5,12.5,75.0,9.0,8.0,14.0,22.0,1474.1,1480.9
2018-12-18,2018,M'gladbach,Nurnberg,2,0,H,U,1.36,5.5,7.0,7.0,2.0,6.0,7.0,8,3.0,0.0,0.0,2.0,10.0,4.0,6.0,1.0,10.0,-9.0,9.0,-6.0,15.0,3.0,0.0,3.0,0.0,2.0,-2.0,100.0,0.0,0.0,71.4,20.0,12.0,22.0,9.0,1555.3,1453.3
2018-12-18,2018,Hertha,Augsburg,2,2,D,O,2.3,3.4,3.1,7.0,2.0,3.0,2.0,8,1.0,0.0,1.0,3.0,4.0,1.0,3.0,6.0,4.0,2.0,-2.0,-3.0,1.0,0.0,0.0,0.0,1.0,0.0,1.0,57.1,14.3,25.0,62.5,17.0,12.0,16.0,16.0,1510.3,1448.7
2018-12-18,2018,Fortuna Dusseldorf,Dortmund,2,1,H,O,7.0,4.5,1.44,3.0,3.0,2.0,2.0,9,2.0,3.0,1.0,0.0,6.0,5.0,1.0,2.0,2.0,0.0,4.0,3.0,1.0,2.0,0.0,2.0,0.0,0.0,0.0,37.5,62.5,71.4,0.0,24.0,11.0,18.0,20.0,1457.3,1666.5
2018-12-16,2018,RB Leipzig,Mainz,4,1,H,O,1.4,4.75,7.5,7.0,5.0,6.0,2.0,8,2.0,2.0,0.0,1.0,5.0,4.0,1.0,0.0,5.0,-5.0,5.0,-1.0,6.0,2.0,1.0,1.0,0.0,1.0,-1.0,71.4,0.0,33.3,50.0,15.0,16.0,16.0,15.0,1570.5,1469.6
2018-12-16,2018,Ein Frankfurt,Leverkusen,2,1,H,O,2.4,3.5,2.87,7.0,6.0,10.0,7.0,7,2.0,1.0,1.0,1.0,11.0,7.0,4.0,3.0,6.0,-3.0,8.0,1.0,7.0,2.0,1.0,1.0,0.0,1.0,-1.0,50.0,33.3,28.6,42.9,19.0,18.0,24.0,15.0,1508.6,1529.0
2018-12-15,2018,Stuttgart,Hertha,2,1,H,O,2.7,3.4,2.62,4.0,3.0,5.0,5.0,7,1.0,1.0,2.0,1.0,1.0,5.0,-4.0,7.0,6.0,1.0,-6.0,-1.0,-5.0,0.0,1.0,-1.0,2.0,1.0,1.0,33.3,50.0,28.6,28.6,8.0,17.0,14.0,14.0,1469.4,1521.8
2018-12-15,2018,Hoffenheim,M'gladbach,0,0,D,U,1.9,4.0,3.6,6.0,1.0,6.0,2.0,8,2.0,1.0,0.0,2.0,7.0,4.0,3.0,2.0,6.0,-4.0,5.0,-2.0,7.0,1.0,1.0,0.0,0.0,2.0,-2.0,42.9,28.6,28.6,42.9,24.0,12.0,16.0,19.0,1573.9,1554.8
2018-12-15,2018,Hannover,Bayern Munich,0,4,A,O,11.0,7.0,1.22,0.0,14.0,0.0,14.0,7,1.0,2.0,2.0,1.0,3.0,6.0,-3.0,5.0,5.0,0.0,-2.0,1.0,-3.0,0.0,0.0,0.0,1.0,0.0,1.0,33.3,50.0,71.4,28.6,10.0,13.0,11.0,23.0,1404.0,1718.3
2018-12-15,2018,Fortuna Dusseldorf,Freiburg,2,0,H,U,2.75,3.3,2.6,8.0,2.0,4.0,1.0,8,1.0,0.0,2.0,1.0,4.0,2.0,2.0,5.0,4.0,1.0,-1.0,-2.0,1.0,1.0,0.0,1.0,1.0,1.0,0.0,28.6,71.4,16.7,50.0,17.0,5.0,18.0,8.0,1446.3,1481.1
2018-12-15,2018,Dortmund,Werder Bremen,2,1,H,O,1.36,5.25,8.0,9.0,5.0,4.0,10.0,8,2.0,1.0,0.0,1.0,7.0,4.0,3.0,4.0,3.0,1.0,3.0,1.0,2.0,1.0,1.0,0.0,0.0,0.0,0.0,85.7,0.0,50.0,33.3,14.0,15.0,10.0,10.0,1660.6,1509.8
2018-12-15,2018,Augsburg,Schalke 04,1,1,D,U,2.5,3.25,2.9,9.0,5.0,6.0,7.0,7,0.0,0.0,1.0,1.0,3.0,1.0,2.0,5.0,4.0,1.0,-2.0,-3.0,1.0,0.0,0.0,0.0,1.0,1.0,0.0,16.7,33.3,14.3,57.1,14.0,6.0,16.0,18.0,1446.3,1533.3
2018-12-14,2018,Nurnberg,Wolfsburg,0,2,A,U,3.6,3.5,2.04,0.0,4.0,6.0,3.0,8,0.0,2.0,1.0,1.0,2.0,6.0,-4.0,4.0,3.0,1.0,-2.0,3.0,-5.0,0.0,1.0,-1.0,1.0,0.0,1.0,28.6,28.6,50.0,33.3,10.0,18.0,14.0,17.0,1463.3,1464.1
2018-12-09,2018,Mainz,Hannover,1,1,D,U,1.9,3.6,4.0,5.0,3.0,9.0,1.0,8,1.0,0.0,2.0,2.0,4.0,4.0,0.0,5.0,9.0,-4.0,-1.0,-5.0,4.0,0.0,0.0,0.0,0.0,2.0,-2.0,42.9,28.6,0.0,71.4,14.0,16.0,11.0,17.0,1471.6,1402.1
2018-12-09,2018,M'gladbach,Stuttgart,3,0,H,O,1.44,4.33,7.0,7.0,2.0,7.0,4.0,7,3.0,1.0,0.0,2.0,11.0,2.0,9.0,1.0,6.0,-5.0,10.0,-4.0,14.0,3.0,1.0,2.0,0.0,2.0,-2.0,100.0,0.0,14.3,71.4,21.0,6.0,19.0,21.0,1546.7,1477.5
2018-12-08,2018,Wolfsburg,Hoffenheim,2,2,D,O,3.0,3.6,2.3,3.0,6.0,6.0,4.0,8,1.0,2.0,2.0,0.0,2.0,10.0,-8.0,4.0,5.0,-1.0,-2.0,5.0,-7.0,0.0,2.0,-2.0,1.0,0.0,1.0,28.6,42.9,50.0,33.3,7.0,22.0,10.0,19.0,1460.9,1577.2
2018-12-08,2018,Schalke 04,Dortmund,1,2,A,O,3.3,3.4,2.2,3.0,3.0,3.0,1.0,7,2.0,3.0,1.0,0.0,8.0,7.0,1.0,5.0,1.0,4.0,3.0,6.0,-3.0,2.0,1.0,1.0,1.0,0.0,1.0,50.0,50.0,66.7,0.0,20.0,12.0,17.0,21.0,1540.2,1653.8
2018-12-08,2018,Leverkusen,Augsburg,1,0,H,U,1.66,4.0,5.0,7.0,1.0,4.0,2.0,7,1.0,1.0,1.0,2.0,5.0,3.0,2.0,6.0,4.0,2.0,-1.0,-1.0,0.0,1.0,0.0,1.0,1.0,0.0,1.0,33.3,50.0,28.6,57.1,20.0,15.0,21.0,18.0,1520.9,1454.4
2018-12-08,2018,Hertha,Ein Frankfurt,1,0,H,U,2.45,3.3,2.9,4.0,4.0,5.0,9.0,7,0.0,2.0,1.0,0.0,4.0,7.0,-3.0,7.0,2.0,5.0,-3.0,5.0,-8.0,0.0,2.0,-2.0,1.0,0.0,1.0,50.0,16.7,57.1,28.6,18.0,16.0,19.0,14.0,1511.6,1518.8
2018-12-08,2018,Freiburg,RB Leipzig,3,0,H,O,4.0,4.0,1.83,9.0,4.0,3.0,12.0,8,1.0,1.0,1.0,1.0,5.0,3.0,2.0,5.0,1.0,4.0,0.0,2.0,-2.0,1.0,1.0,0.0,1.0,0.0,1.0,28.6,28.6,33.3,33.3,20.0,18.0,12.0,18.0,1467.8,1583.7
2018-12-08,2018,Bayern Munich,Nurnberg,3,0,H,O,1.08,11.0,34.0,8.0,1.0,11.0,1.0,7,0.0,0.0,1.0,2.0,4.0,4.0,0.0,7.0,13.0,-6.0,-3.0,-9.0,6.0,0.0,0.0,0.0,1.0,2.0,-1.0,33.3,16.7,0.0,66.7,14.0,11.0,24.0,9.0,1714.4,1467.2
2018-12-07,2018,Werder Bremen,Fortuna Dusseldorf,3,1,H,O,1.72,4.0,4.5,9.0,3.0,6.0,4.0,8,0.0,0.0,3.0,2.0,4.0,4.0,0.0,11.0,13.0,-2.0,-7.0,-9.0,2.0,0.0,0.0,0.0,2.0,2.0,0.0,28.6,42.9,0.0,50.0,14.0,16.0,18.0,7.0,1501.1,1455.0
2018-12-03,2018,Nurnberg,Leverkusen,1,1,D,U,4.2,4.0,1.8,4.0,6.0,3.0,6.0,7,0.0,1.0,2.0,1.0,2.0,6.0,-4.0,6.0,5.0,1.0,-4.0,1.0,-5.0,0.0,1.0,-1.0,2.0,1.0,1.0,33.3,33.3,33.3,50.0,8.0,12.0,12.0,13.0,1465.6,1522.6
2018-12-02,2018,RB Leipzig,M'gladbach,2,0,H,U,1.9,3.75,3.75,6.0,4.0,5.0,4.0,7,2.0,2.0,0.0,1.0,9.0,7.0,2.0,0.0,4.0,-4.0,9.0,3.0,6.0,2.0,2.0,0.0,0.0,1.0,-1.0,66.7,0.0,33.3,33.3,17.0,11.0,17.0,18.0,1574.2,1556.2
2018-12-02,2018,Ein Frankfurt,Wolfsburg,1,2,A,O,1.8,4.0,4.1,2.0,3.0,9.0,3.0,6,3.0,1.0,0.0,2.0,14.0,4.0,10.0,2.0,4.0,-2.0,12.0,0.0,12.0,3.0,1.0,2.0,0.0,1.0,-1.0,60.0,20.0,40.0,40.0,24.0,19.0,18.0,19.0,1531.2,1448.5
2018-12-01,2018,Werder Bremen,Bayern Munich,1,2,A,O,7.0,5.25,1.4,3.0,5.0,3.0,10.0,7,1.0,2.0,2.0,1.0,5.0,7.0,-2.0,9.0,5.0,4.0,-4.0,2.0,-6.0,1.0,1.0,0.0,2.0,0.0,2.0,33.3,33.3,66.7,33.3,16.0,19.0,22.0,22.0,1505.9,1709.6
2018-12-01,2018,Stuttgart,Augsburg,1,0,H,U,2.6,3.3,2.75,3.0,4.0,3.0,8.0,6,1.0,1.0,2.0,2.0,2.0,6.0,-4.0,8.0,7.0,1.0,-6.0,-1.0,-5.0,0.0,0.0,0.0,2.0,0.0,2.0,20.0,60.0,33.3,50.0,10.0,17.0,17.0,16.0,1467.6,1464.3
2018-12-01,2018,Hoffenheim,Schalke 04,1,1,D,U,1.8,3.8,4.33,7.0,5.0,4.0,10.0,7,2.0,1.0,1.0,1.0,7.0,2.0,5.0,3.0,3.0,0.0,4.0,-1.0,5.0,1.0,1.0,0.0,0.0,1.0,-1.0,50.0,33.3,16.7,66.7,21.0,6.0,18.0,14.0,1578.3,1539.1
2018-12-01,2018,Hannover,Hertha,0,2,A,U,2.7,3.4,2.6,2.0,8.0,3.0,6.0,6,2.0,0.0,1.0,1.0,6.0,3.0,3.0,4.0,6.0,-2.0,2.0,-3.0,5.0,1.0,0.0,1.0,0.0,1.0,-1.0,40.0,40.0,16.7,33.3,14.0,10.0,13.0,14.0,1409.4,1504.3
2018-12-01,2018,Dortmund,Freiburg,2,0,H,U,1.28,5.5,11.0,4.0,1.0,2.0,3.0,7,2.0,0.0,0.0,1.0,9.0,3.0,6.0,7.0,6.0,1.0,2.0,-3.0,5.0,0.0,0.0,0.0,0.0,1.0,-1.0,83.3,0.0,20.0,40.0,18.0,10.0,17.0,8.0,1648.4,1473.2
2018-11-30,2018,Fortuna Dusseldorf,Mainz,0,1,A,U,2.7,3.3,2.6,7.0,3.0,12.0,5.0,7,1.0,1.0,2.0,2.0,4.0,3.0,1.0,6.0,6.0,0.0,-2.0,-3.0,1.0,1.0,1.0,0.0,2.0,1.0,1.0,33.3,66.7,20.0,60.0,13.0,18.0,10.0,15.0,1465.1,1461.5
2018-11-25,2018,M'gladbach,Hannover,4,1,H,O,1.44,4.5,7.0,6.0,3.0,5.0,5.0,6,3.0,0.0,0.0,2.0,10.0,4.0,6.0,1.0,9.0,-8.0,9.0,-5.0,14.0,3.0,0.0,3.0,0.0,2.0,-2.0,100.0,0.0,0.0,66.7,24.0,14.0,23.0,16.0,1549.9,1415.7
2018-11-25,2018,Freiburg,Werder Bremen,1,1,D,U,2.87,3.3,2.5,9.0,8.0,6.0,3.0,7,1.0,1.0,1.0,2.0,4.0,4.0,0.0,4.0,4.0,0.0,0.0,0.0,0.0,1.0,1.0,0.0,1.0,0.0,1.0,33.3,33.3,60.0,40.0,12.0,10.0,9.0,15.0,1472.2,1506.8
2018-11-24,2018,Wolfsburg,RB Leipzig,1,0,H,U,3.5,3.5,2.1,3.0,4.0,2.0,9.0,7,0.0,2.0,2.0,0.0,3.0,5.0,-2.0,6.0,1.0,5.0,-3.0,4.0,-7.0,0.0,1.0,-1.0,1.0,0.0,1.0,16.7,50.0,40.0,20.0,7.0,21.0,14.0,17.0,1434.4,1588.4
2018-11-24,2018,Schalke 04,Nurnberg,5,2,H,O,1.53,4.0,7.0,10.0,6.0,7.0,2.0,6,2.0,0.0,1.0,2.0,4.0,2.0,2.0,3.0,15.0,-12.0,1.0,-13.0,14.0,1.0,0.0,1.0,1.0,2.0,-1.0,40.0,60.0,0.0,60.0,12.0,6.0,14.0,12.0,1530.7,1473.9
2018-11-24,2018,Mainz,Dortmund,1,2,A,O,5.5,4.0,1.6,7.0,7.0,6.0,5.0,7,1.0,3.0,1.0,0.0,3.0,9.0,-6.0,3.0,2.0,1.0,0.0,7.0,-7.0,0.0,2.0,-2.0,0.0,0.0,0.0,50.0,16.7,60.0,0.0,10.0,15.0,10.0,24.0,1466.8,1643.1
2018-11-24,2018,Hertha,Hoffenheim,3,3,D,O,3.4,3.75,2.04,8.0,6.0,8.0,5.0,6,1.0,3.0,1.0,0.0,3.0,10.0,-7.0,4.0,3.0,1.0,-1.0,7.0,-8.0,1.0,3.0,-2.0,1.0,0.0,1.0,60.0,20.0,60.0,40.0,14.0,25.0,12.0,19.0,1502.1,1580.5
2018-11-24,2018,Bayern Munich,Fortuna Dusseldorf,3,3,D,O,1.08,11.0,26.0,5.0,5.0,9.0,2.0,6,0.0,0.0,1.0,3.0,2.0,1.0,1.0,5.0,13.0,-8.0,-3.0,-12.0,9.0,0.0,0.0,0.0,1.0,3.0,-2.0,40.0,20.0,0.0,60.0,17.0,15.0,23.0,9.0,1715.9,1458.8
2018-11-24,2018,Augsburg,Ein Frankfurt,1,3,A,O,2.62,3.5,2.62,10.0,7.0,8.0,5.0,6,1.0,2.0,0.0,0.0,6.0,6.0,0.0,3.0,2.0,1.0,3.0,4.0,-1.0,1.0,1.0,0.0,0.0,0.0,0.0,20.0,20.0,50.0,33.3,14.0,13.0,13.0,9.0,1472.9,1522.6
2018-11-23,2018,Leverkusen,Stuttgart,2,0,H,U,1.5,4.5,6.0,4.0,2.0,6.0,9.0,6,0.0,1.0,2.0,2.0,5.0,3.0,2.0,10.0,7.0,3.0,-5.0,-4.0,-1.0,0.0,1.0,-1.0,2.0,2.0,0.0,20.0,60.0,16.7,66.7,22.0,9.0,21.0,19.0,1513.6,1476.5
2018-11-11,2018,RB Leipzig,Leverkusen,3,0,H,O,1.8,4.0,4.0,7.0,2.0,4.0,3.0,6,2.0,2.0,0.0,0.0,8.0,8.0,0.0,0.0,3.0,-3.0,8.0,5.0,3.0,2.0,1.0,1.0,0.0,0.0,0.0,60.0,0.0,40.0,40.0,18.0,13.0,17.0,15.0,1580.0,1522.0
2018-11-11,2018,Ein Frankfurt,Schalke 04,3,0,H,O,2.2,3.3,3.4,4.0,1.0,10.0,4.0,5,2.0,1.0,0.0,1.0,12.0,2.0,10.0,3.0,1.0,2.0,9.0,1.0,8.0,2.0,1.0,1.0,0.0,0.0,0.0,50.0,25.0,20.0,60.0,25.0,8.0,12.0,13.0,1511.7,1541.5
2018-11-10,2018,Werder Bremen,M'gladbach,1,3,A,O,2.4,3.5,2.75,5.0,6.0,9.0,5.0,6,2.0,1.0,1.0,1.0,7.0,6.0,1.0,7.0,5.0,2.0,0.0,1.0,-1.0,2.0,1.0,1.0,1.0,1.0,0.0,40.0,20.0,20.0,40.0,17.0,8.0,15.0,16.0,1516.1,1540.6
2018-11-10,2018,Nurnberg,Stuttgart,0,2,A,U,2.4,3.25,3.1,3.0,4.0,3.0,9.0,6,1.0,0.0,1.0,3.0,5.0,1.0,4.0,4.0,9.0,-5.0,1.0,-8.0,9.0,1.0,0.0,1.0,1.0,3.0,-2.0,40.0,20.0,0.0,80.0,11.0,5.0,13.0,12.0,1484.5,1466.0
2018-11-10,2018,Hoffenheim,Augsburg,2,1,H,O,1.61,4.33,5.0,7.0,7.0,6.0,6.0,6,1.0,1.0,2.0,1.0,6.0,6.0,0.0,4.0,6.0,-2.0,2.0,0.0,2.0,1.0,0.0,1.0,0.0,0.0,0.0,40.0,40.0,40.0,40.0,20.0,14.0,16.0,14.0,1573.1,1480.2
2018-11-10,2018,Freiburg,Mainz,1,3,A,O,2.0,3.4,3.75,4.0,9.0,3.0,4.0,6,2.0,0.0,0.0,3.0,4.0,0.0,4.0,1.0,6.0,-5.0,3.0,-6.0,9.0,1.0,0.0,1.0,0.0,1.0,-1.0,40.0,20.0,0.0,75.0,12.0,14.0,9.0,15.0,1483.0,1456.0
2018-11-10,2018,Fortuna Dusseldorf,Hertha,4,1,H,O,3.6,3.4,2.1,9.0,5.0,2.0,6.0,6,0.0,0.0,3.0,1.0,1.0,3.0,-2.0,7.0,5.0,2.0,-6.0,-2.0,-4.0,0.0,0.0,0.0,2.0,1.0,1.0,20.0,80.0,20.0,20.0,8.0,7.0,15.0,11.0,1446.9,1514.0
2018-11-10,2018,Dortmund,Bayern Munich,3,2,H,O,3.1,3.8,2.1,5.0,3.0,0.0,6.0,6,2.0,2.0,0.0,1.0,13.0,5.0,8.0,5.0,4.0,1.0,8.0,1.0,7.0,1.0,1.0,0.0,0.0,1.0,-1.0,80.0,0.0,80.0,20.0,23.0,21.0,21.0,30.0,1630.4,1728.7
2018-11-09,2018,Hannover,Wolfsburg,2,1,H,O,2.9,3.3,2.37,4.0,9.0,3.0,5.0,5,1.0,1.0,2.0,1.0,5.0,3.0,2.0,6.0,2.0,4.0,-1.0,1.0,-2.0,1.0,1.0,0.0,1.0,1.0,0.0,25.0,50.0,50.0,25.0,18.0,14.0,18.0,25.0,1404.6,1445.5
2018-11-04,2018,Mainz,Werder Bremen,2,1,H,O,3.0,3.4,2.37,6.0,4.0,3.0,6.0,6,0.0,2.0,1.0,1.0,1.0,6.0,-5.0,2.0,4.0,-2.0,-1.0,2.0,-3.0,0.0,1.0,-1.0,0.0,0.0,0.0,40.0,20.0,75.0,25.0,6.0,13.0,12.0,13.0,1443.6,1528.5
2018-11-04,2018,M'gladbach,Fortuna Dusseldorf,3,0,H,O,1.36,4.75,8.0,7.0,6.0,10.0,4.0,5,3.0,0.0,0.0,2.0,9.0,1.0,8.0,2.0,10.0,-8.0,7.0,-9.0,16.0,2.0,0.0,2.0,0.0,2.0,-2.0,100.0,0.0,0.0,50.0,21.0,16.0,19.0,14.0,1532.8,1454.7
2018-11-03,2018,Wolfsburg,Dortmund,0,1,A,U,3.8,3.8,1.9,3.0,1.0,6.0,14.0,6,0.0,2.0,2.0,0.0,4.0,9.0,-5.0,8.0,3.0,5.0,-4.0,6.0,-10.0,0.0,2.0,-2.0,2.0,0.0,2.0,20.0,40.0,50.0,0.0,13.0,16.0,15.0,14.0,1450.9,1625.0
2018-11-03,2018,Schalke 04,Hannover,3,1,H,O,1.61,3.8,6.0,6.0,6.0,7.0,7.0,5,1.0,0.0,2.0,2.0,1.0,3.0,-2.0,4.0,8.0,-4.0,-3.0,-5.0,2.0,0.0,0.0,0.0,2.0,2.0,0.0,25.0,75.0,0.0,60.0,8.0,11.0,7.0,12.0,1535.0,1411.1
2018-11-03,2018,Leverkusen,Hoffenheim,1,4,A,O,2.1,4.0,3.1,9.0,4.0,6.0,7.0,5,1.0,2.0,1.0,1.0,5.0,7.0,-2.0,6.0,4.0,2.0,-1.0,3.0,-4.0,0.0,2.0,-2.0,1.0,0.0,1.0,25.0,50.0,50.0,50.0,18.0,26.0,22.0,21.0,1531.0,1564.1
2018-11-03,2018,Hertha,RB Leipzig,0,3,A,O,3.2,3.4,2.25,5.0,11.0,3.0,7.0,5,2.0,1.0,0.0,0.0,7.0,3.0,4.0,3.0,2.0,1.0,4.0,1.0,3.0,2.0,0.0,2.0,0.0,0.0,0.0,75.0,0.0,25.0,25.0,16.0,12.0,17.0,12.0,1522.6,1571.4
2018-11-03,2018,Bayern Munich,Freiburg,1,1,D,U,1.11,10.0,21.0,6.0,1.0,14.0,2.0,5,1.0,1.0,1.0,1.0,4.0,5.0,-1.0,5.0,6.0,-1.0,-1.0,-1.0,0.0,1.0,1.0,0.0,1.0,1.0,0.0,50.0,25.0,25.0,50.0,16.0,17.0,18.0,13.0,1735.0,1476.7
2018-11-03,2018,Augsburg,Nurnberg,2,2,D,O,1.6,3.8,6.0,4.0,5.0,6.0,6.0,5,1.0,0.0,1.0,2.0,6.0,1.0,5.0,4.0,14.0,-10.0,2.0,-13.0,15.0,1.0,0.0,1.0,0.0,2.0,-2.0,25.0,25.0,0.0,75.0,17.0,3.0,14.0,13.0,1480.1,1484.6
2018-11-02,2018,Stuttgart,Ein Frankfurt,0,3,A,O,3.0,3.5,2.3,0.0,7.0,1.0,3.0,5,1.0,1.0,1.0,1.0,2.0,4.0,-2.0,5.0,5.0,0.0,-3.0,-1.0,-2.0,0.0,0.0,0.0,1.0,1.0,0.0,25.0,50.0,40.0,40.0,11.0,8.0,18.0,12.0,1475.2,1502.5
2018-10-28,2018,Werder Bremen,Leverkusen,2,6,A,O,2.3,3.4,3.1,6.0,10.0,6.0,6.0,5,2.0,1.0,0.0,1.0,6.0,3.0,3.0,2.0,4.0,-2.0,4.0,-1.0,5.0,2.0,0.0,2.0,0.0,1.0,-1.0,50.0,0.0,25.0,50.0,13.0,4.0,13.0,10.0,1539.1,1520.5
2018-10-28,2018,RB Leipzig,Schalke 04,0,0,D,U,1.75,3.6,4.75,2.0,0.0,7.0,4.0,5,3.0,1.0,0.0,2.0,11.0,3.0,8.0,2.0,3.0,-1.0,9.0,0.0,9.0,2.0,1.0,1.0,0.0,0.0,0.0,75.0,0.0,25.0,75.0,22.0,14.0,14.0,15.0,1572.6,1533.8
2018-10-28,2018,Nurnberg,Ein Frankfurt,1,1,D,U,3.3,3.5,2.14,3.0,2.0,8.0,6.0,5,2.0,1.0,1.0,2.0,6.0,4.0,2.0,3.0,7.0,-4.0,3.0,-3.0,6.0,2.0,0.0,2.0,1.0,2.0,-1.0,50.0,25.0,50.0,50.0,14.0,8.0,14.0,7.0,1484.1,1503.1
2018-10-27,2018,Mainz,Bayern Munich,1,2,A,O,11.0,6.5,1.25,1.0,5.0,2.0,7.0,5,1.0,2.0,0.0,1.0,2.0,5.0,-3.0,1.0,3.0,-2.0,1.0,2.0,-1.0,0.0,2.0,-2.0,0.0,1.0,-1.0,50.0,0.0,75.0,25.0,12.0,23.0,15.0,31.0,1446.9,1731.8
2018-10-27,2018,Hoffenheim,Stuttgart,4,0,H,O,1.57,4.33,5.5,10.0,0.0,6.0,3.0,5,0.0,0.0,2.0,2.0,3.0,4.0,-1.0,5.0,8.0,-3.0,-2.0,-4.0,2.0,0.0,0.0,0.0,0.0,2.0,-2.0,25.0,50.0,0.0,75.0,15.0,11.0,14.0,17.0,1556.1,1483.1
2018-10-27,2018,Hannover,Augsburg,1,2,A,O,2.6,3.3,2.75,4.0,4.0,5.0,4.0,4,1.0,0.0,1.0,2.0,4.0,5.0,-1.0,4.0,7.0,-3.0,0.0,-2.0,2.0,1.0,0.0,1.0,1.0,0.0,1.0,33.3,33.3,25.0,50.0,14.0,14.0,17.0,14.0,1419.6,1471.6
2018-10-27,2018,Fortuna Dusseldorf,Wolfsburg,0,3,A,O,3.0,3.4,2.37,1.0,6.0,4.0,9.0,5,1.0,1.0,2.0,1.0,3.0,3.0,0.0,5.0,3.0,2.0,-2.0,0.0,-2.0,0.0,1.0,-1.0,1.0,1.0,0.0,25.0,75.0,33.3,33.3,11.0,13.0,11.0,19.0,1465.4,1440.2
2018-10-27,2018,Dortmund,Hertha,2,2,D,O,1.4,4.75,8.0,5.0,4.0,8.0,2.0,5,3.0,0.0,0.0,1.0,14.0,3.0,11.0,4.0,5.0,-1.0,10.0,-2.0,12.0,2.0,0.0,2.0,0.0,1.0,-1.0,100.0,0.0,25.0,25.0,24.0,8.0,20.0,11.0,1628.0,1519.6
2018-10-26,2018,Freiburg,M'gladbach,3,1,H,O,3.5,3.6,2.0,7.0,2.0,3.0,10.0,5,1.0,1.0,0.0,1.0,4.0,7.0,-3.0,3.0,6.0,-3.0,1.0,1.0,0.0,0.0,1.0,-1.0,0.0,1.0,-1.0,25.0,25.0,25.0,25.0,10.0,10.0,11.0,13.0,1464.4,1545.1
2018-10-21,2018,M'gladbach,Mainz,4,0,H,O,1.61,4.33,5.0,8.0,4.0,4.0,6.0,4,3.0,0.0,0.0,2.0,7.0,1.0,6.0,2.0,3.0,-1.0,5.0,-2.0,7.0,2.0,0.0,2.0,0.0,0.0,0.0,100.0,0.0,0.0,66.7,20.0,11.0,24.0,10.0,1537.4,1454.5
2018-10-21,2018,Hertha,Freiburg,1,1,D,U,1.85,3.6,4.33,5.0,3.0,8.0,3.0,4,3.0,1.0,0.0,2.0,7.0,5.0,2.0,2.0,8.0,-6.0,5.0,-3.0,8.0,2.0,1.0,1.0,0.0,2.0,-2.0,100.0,0.0,33.3,66.7,14.0,18.0,17.0,14.0,1521.2,1462.7
2018-10-20,2018,Wolfsburg,Bayern Munich,1,3,A,O,8.5,5.0,1.36,1.0,11.0,2.0,9.0,5,0.0,2.0,1.0,1.0,5.0,5.0,0.0,7.0,2.0,5.0,-2.0,3.0,-5.0,0.0,2.0,-2.0,1.0,1.0,0.0,25.0,25.0,66.7,33.3,18.0,18.0,20.0,34.0,1443.4,1728.5
2018-10-20,2018,Stuttgart,Dortmund,0,4,A,O,4.2,3.75,1.83,5.0,4.0,10.0,2.0,4,1.0,1.0,1.0,0.0,2.0,5.0,-3.0,4.0,3.0,1.0,-2.0,2.0,-4.0,0.0,1.0,-1.0,1.0,0.0,1.0,33.3,33.3,33.3,0.0,6.0,15.0,8.0,13.0,1489.5,1621.7
2018-10-20,2018,Schalke 04,Werder Bremen,0,2,A,U,2.04,3.4,3.75,4.0,3.0,3.0,1.0,4,1.0,2.0,2.0,1.0,1.0,6.0,-5.0,4.0,5.0,-1.0,-3.0,1.0,-4.0,0.0,0.0,0.0,2.0,0.0,2.0,33.3,66.7,66.7,33.3,8.0,16.0,13.0,15.0,1544.3,1528.6
2018-10-20,2018,Nurnberg,Hoffenheim,1,3,A,O,3.75,3.8,1.9,2.0,12.0,1.0,7.0,4,2.0,1.0,0.0,2.0,6.0,5.0,1.0,1.0,6.0,-5.0,5.0,-1.0,6.0,2.0,1.0,1.0,0.0,1.0,-1.0,66.7,0.0,33.3,66.7,16.0,19.0,18.0,16.0,1492.5,1547.7
2018-10-20,2018,Leverkusen,Hannover,2,2,D,O,1.5,4.33,6.5,7.0,7.0,9.0,5.0,4,1.0,0.0,2.0,3.0,4.0,3.0,1.0,7.0,9.0,-2.0,-3.0,-6.0,3.0,0.0,0.0,0.0,2.0,2.0,0.0,33.3,66.7,0.0,75.0,14.0,12.0,18.0,19.0,1523.5,1416.7
2018-10-20,2018,Augsburg,RB Leipzig,0,0,D,U,3.0,3.5,2.3,0.0,3.0,2.0,2.0,4,1.0,1.0,1.0,1.0,7.0,4.0,3.0,5.0,6.0,-1.0,2.0,-2.0,4.0,1.0,0.0,1.0,0.0,1.0,-1.0,33.3,33.3,33.3,33.3,24.0,16.0,21.0,19.0,1468.6,1575.5
2018-10-19,2018,Ein Frankfurt,Fortuna Dusseldorf,7,1,H,O,1.61,3.8,5.75,13.0,5.0,5.0,1.0,4,1.0,0.0,1.0,1.0,6.0,1.0,5.0,4.0,4.0,0.0,2.0,-3.0,5.0,1.0,0.0,1.0,0.0,1.0,-1.0,33.3,33.3,0.0,33.3,13.0,19.0,15.0,16.0,1493.6,1474.9
2018-10-07,2018,RB Leipzig,Nurnberg,6,0,H,O,1.44,4.75,7.0,8.0,0.0,6.0,1.0,4,2.0,0.0,0.0,2.0,6.0,1.0,5.0,3.0,9.0,-6.0,3.0,-8.0,11.0,1.0,0.0,1.0,0.0,1.0,-1.0,66.7,0.0,0.0,66.7,21.0,6.0,11.0,16.0,1567.4,1500.6
2018-10-07,2018,Hoffenheim,Ein Frankfurt,1,2,A,O,1.72,3.8,4.75,4.0,4.0,6.0,0.0,4,1.0,1.0,1.0,2.0,5.0,4.0,1.0,4.0,6.0,-2.0,1.0,-2.0,3.0,1.0,1.0,0.0,0.0,2.0,-2.0,33.3,33.3,33.3,66.7,18.0,6.0,14.0,11.0,1559.9,1481.4
2018-10-07,2018,Freiburg,Leverkusen,0,0,D,U,3.4,3.4,2.14,1.0,0.0,3.0,4.0,4,1.0,1.0,1.0,2.0,4.0,3.0,1.0,5.0,6.0,-1.0,-1.0,-3.0,2.0,0.0,0.0,0.0,1.0,2.0,-1.0,33.3,33.3,33.3,66.7,15.0,7.0,14.0,11.0,1460.9,1525.3
2018-10-06,2018,Mainz,Hertha,0,0,D,U,2.7,3.2,2.7,3.0,1.0,5.0,6.0,4,2.0,1.0,0.0,1.0,3.0,5.0,-2.0,1.0,5.0,-4.0,2.0,0.0,2.0,0.0,1.0,-1.0,0.0,1.0,-1.0,66.7,0.0,33.3,33.3,12.0,10.0,16.0,5.0,1452.5,1523.2
2018-10-06,2018,Hannover,Stuttgart,3,1,H,O,2.5,3.3,2.87,6.0,5.0,5.0,7.0,3,,0.0,,2.0,,3.0,,,6.0,,,-3.0,,,0.0,,,1.0,,0.0,50.0,0.0,66.7,,9.0,,13.0,1403.9,1502.2
2018-10-06,2018,Fortuna Dusseldorf,Schalke 04,0,2,A,U,3.6,3.4,2.1,3.0,5.0,4.0,6.0,4,1.0,0.0,2.0,3.0,4.0,2.0,2.0,5.0,5.0,0.0,-1.0,-3.0,2.0,0.0,0.0,0.0,0.0,0.0,0.0,33.3,66.7,0.0,100.0,13.0,13.0,14.0,11.0,1483.4,1535.8
2018-10-06,2018,Dortmund,Augsburg,4,3,H,O,1.44,4.75,7.0,8.0,6.0,9.0,6.0,4,3.0,1.0,0.0,1.0,14.0,4.0,10.0,2.0,4.0,-2.0,12.0,0.0,12.0,3.0,0.0,3.0,0.0,0.0,0.0,100.0,0.0,33.3,33.3,21.0,15.0,18.0,13.0,1615.5,1474.8
2018-10-06,2018,Bayern Munich,M'gladbach,0,3,A,O,1.2,7.0,13.0,3.0,3.0,1.0,3.0,4,2.0,0.0,0.0,1.0,7.0,5.0,2.0,3.0,7.0,-4.0,4.0,-2.0,6.0,2.0,0.0,2.0,0.0,1.0,-1.0,66.7,0.0,0.0,33.3,18.0,9.0,24.0,14.0,1744.2,1521.8
2018-10-05,2018,Werder Bremen,Wolfsburg,2,0,H,U,1.95,3.5,4.0,5.0,4.0,7.0,5.0,4,1.0,,0.0,,5.0,,,3.0,,,2.0,,,1.0,,,0.0,,,33.3,0.0,50.0,0.0,11.0,,10.0,,1520.6,1451.5
2018-09-30,2018,Ein Frankfurt,Hannover,4,1,H,O,1.9,3.6,4.0,7.0,1.0,3.0,4.0,3,,0.0,,2.0,,3.0,,,6.0,,,-3.0,,,0.0,,,1.0,,0.0,50.0,0.0,66.7,,15.0,,18.0,1473.1,1412.2
2018-09-30,2018,Augsburg,Freiburg,4,1,H,O,1.9,3.4,4.33,10.0,6.0,5.0,3.0,3,,,,,,,,,,,,,,,,,,,,0.0,50.0,50.0,50.0,,,,,1464.6,1471.1
2018-09-29,2018,Wolfsburg,M'gladbach,2,2,D,O,2.3,3.4,3.1,3.0,3.0,6.0,3.0,4,1.0,,1.0,,5.0,,,6.0,,,-1.0,,,0.0,,,1.0,,,33.3,33.3,0.0,50.0,22.0,,21.0,,1449.3,1523.9
2018-09-29,2018,Stuttgart,Werder Bremen,2,1,H,O,2.7,3.25,2.7,5.0,3.0,6.0,8.0,3,,,,,,,,,,,,,,,,,,,,0.0,50.0,100.0,0.0,,,,,1491.1,1531.8
2018-09-29,2018,Schalke 04,Mainz,1,0,H,U,1.64,3.75,5.5,2.0,5.0,4.0,5.0,3,,,,,,,,,,,,,,,,,,,,0.0,100.0,0.0,50.0,,,,,1527.7,1460.6
2018-09-29,2018,Nurnberg,Fortuna Dusseldorf,3,0,H,O,2.14,3.4,3.4,6.0,4.0,4.0,4.0,3,,,,,,,,,,,,,,,,,,,,50.0,0.0,0.0,0.0,,,,,1490.5,1493.5
2018-09-29,2018,Leverkusen,Dortmund,2,4,A,O,2.8,3.5,2.4,6.0,10.0,6.0,8.0,3,,,,,,,,,,,,,,,,,,,,50.0,50.0,0.0,0.0,,,,,1533.2,1607.6
2018-09-29,2018,Hoffenheim,RB Leipzig,1,2,A,O,2.04,3.75,3.4,6.0,7.0,4.0,8.0,3,,,,,,,,,,,,,,,,,,,,50.0,0.0,0.0,50.0,,,,,1570.3,1557.1
2018-09-28,2018,Hertha,Bayern Munich,2,0,H,U,10.0,5.75,1.28,4.0,5.0,1.0,14.0,3,,,,,,,,,,,,,,,,,,,,100.0,0.0,100.0,0.0,,,,,1507.0,1760.4
2018-09-26,2018,RB Leipzig,Stuttgart,2,0,H,U,1.72,3.8,4.75,8.0,0.0,4.0,2.0,3,,,,,,,,,,,,,,,,,,,,50.0,0.0,0.0,50.0,,,,,1548.5,1499.7
2018-09-26,2018,Mainz,Wolfsburg,0,0,D,U,2.6,3.25,2.8,2.0,4.0,5.0,11.0,3,,,,,,,,,,,,,,,,,,,,100.0,0.0,100.0,0.0,,,,,1460.9,1449.0
2018-09-26,2018,M'gladbach,Ein Frankfurt,3,1,H,O,1.75,3.8,4.75,9.0,2.0,9.0,6.0,3,,,,,,,,,,,,,,,,,,,,100.0,0.0,50.0,50.0,,,,,1514.8,1482.2
2018-09-26,2018,Fortuna Dusseldorf,Leverkusen,1,2,A,O,3.75,3.75,1.95,4.0,3.0,7.0,5.0,3,,,,,,,,,,,,,,,,,,,,50.0,50.0,0.0,100.0,,,,,1502.9,1523.8
2018-09-26,2018,Dortmund,Nurnberg,7,0,H,O,1.3,5.5,10.0,10.0,1.0,4.0,5.0,3,,,,,,,,,,,,,,,,,,,,100.0,0.0,0.0,50.0,,,,,1600.5,1497.6
2018-09-25,2018,Werder Bremen,Hertha,3,1,H,O,2.0,3.5,3.8,6.0,2.0,2.0,3.0,3,,,,,,,,,,,,,,,,,,,,0.0,0.0,50.0,0.0,,,,,1521.9,1516.9
2018-09-25,2018,Hannover,Hoffenheim,1,3,A,O,3.5,3.6,2.04,8.0,9.0,8.0,5.0,2,,,,,,,,,,,,,,,,,,,,0.0,0.0,0.0,100.0,,,,,1418.2,1564.3
2018-09-25,2018,Freiburg,Schalke 04,1,0,H,U,3.5,3.2,2.14,4.0,3.0,3.0,3.0,3,,,,,,,,,,,,,,,,,,,,0.0,50.0,0.0,100.0,,,,,1458.8,1540.0
2018-09-25,2018,Bayern Munich,Augsburg,1,1,D,U,1.1,10.0,23.0,8.0,4.0,8.0,4.0,3,,,,,,,,,,,,,,,,,,,,100.0,0.0,50.0,50.0,,,,,1767.5,1457.5
2018-09-23,2018,Leverkusen,Mainz,1,0,H,U,1.57,4.33,5.5,5.0,5.0,7.0,4.0,2,,,,,,,,,,,,,,,,,,,,0.0,100.0,0.0,0.0,,,,,1515.1,1469.6
2018-09-23,2018,Ein Frankfurt,RB Leipzig,1,1,D,U,2.9,3.4,2.35,5.0,2.0,4.0,2.0,2,,,,,,,,,,,,,,,,,,,,0.0,100.0,0.0,100.0,,,,,1480.2,1550.4
2018-09-22,2018,Wolfsburg,Freiburg,1,3,A,O,1.72,3.6,5.25,9.0,8.0,7.0,7.0,3,,,,,,,,,,,,,,,,,,,,50.0,0.0,0.0,100.0,,,,,1459.3,1448.5
2018-09-22,2018,Schalke 04,Bayern Munich,0,2,A,U,8.0,4.5,1.4,2.0,7.0,0.0,8.0,2,,,,,,,,,,,,,,,,,,,,0.0,100.0,100.0,0.0,,,,,1544.4,1763.1
2018-09-22,2018,Nurnberg,Hannover,2,0,H,U,2.5,3.25,2.9,6.0,3.0,9.0,3.0,2,,,,,,,,,,,,,,,,,,,,0.0,0.0,0.0,50.0,,,,,1489.4,1426.4
2018-09-22,2018,Hoffenheim,Dortmund,1,1,D,U,2.62,3.75,2.4,5.0,2.0,4.0,4.0,2,,,,,,,,,,,,,,,,,,,,100.0,0.0,0.0,0.0,,,,,1563.2,1601.6
2018-09-22,2018,Hertha,M'gladbach,4,2,H,O,2.37,3.3,3.1,7.0,4.0,8.0,7.0,2,,,,,,,,,,,,,,,,,,,,100.0,0.0,0.0,0.0,,,,,1506.3,1525.4
2018-09-22,2018,Augsburg,Werder Bremen,2,3,A,O,2.5,3.25,2.9,7.0,7.0,7.0,4.0,2,,,,,,,,,,,,,,,,,,,,0.0,0.0,100.0,0.0,,,,,1466.1,1513.2
2018-09-21,2018,Stuttgart,Fortuna Dusseldorf,0,0,D,U,1.72,3.6,5.25,1.0,7.0,2.0,9.0,2,,,,,,,,,,,,,,,,,,,,0.0,100.0,0.0,0.0,,,,,1499.6,1503.0
2018-09-16,2018,Werder Bremen,Nurnberg,1,1,D,U,1.66,4.0,5.0,2.0,2.0,4.0,7.0,2,,,,,,,,,,,,,,,,,,,,0.0,0.0,0.0,100.0,,,,,1514.0,1488.7
2018-09-16,2018,Freiburg,Stuttgart,3,3,D,O,2.62,3.25,2.75,5.0,6.0,5.0,8.0,2,,,,,,,,,,,,,,,,,,,,0.0,100.0,0.0,100.0,,,,,1446.9,1501.1
2018-09-15,2018,Wolfsburg,Hertha,2,2,D,O,2.1,3.25,3.75,6.0,5.0,7.0,2.0,2,,,,,,,,,,,,,,,,,,,,100.0,0.0,100.0,0.0,,,,,1457.9,1507.7
2018-09-15,2018,RB Leipzig,Hannover,3,2,H,O,1.53,4.33,5.5,6.0,8.0,4.0,12.0,2,,,,,,,,,,,,,,,,,,,,0.0,0.0,0.0,0.0,,,,,1543.5,1433.3
2018-09-15,2018,Mainz,Augsburg,2,1,H,O,2.54,3.25,2.87,7.0,4.0,5.0,4.0,2,,,,,,,,,,,,,,,,,,,,100.0,0.0,100.0,0.0,,,,,1459.1,1476.6
2018-09-15,2018,M'gladbach,Schalke 04,2,1,H,O,2.37,3.4,3.0,4.0,6.0,6.0,6.0,2,,,,,,,,,,,,,,,,,,,,100.0,0.0,0.0,100.0,,,,,1514.2,1555.6
2018-09-15,2018,Fortuna Dusseldorf,Hoffenheim,2,1,H,O,4.0,3.6,1.9,4.0,5.0,0.0,9.0,2,,,,,,,,,,,,,,,,,,,,0.0,100.0,0.0,100.0,,,,,1490.6,1575.6
2018-09-15,2018,Bayern Munich,Leverkusen,3,1,H,O,1.2,7.0,13.0,5.0,1.0,9.0,1.0,2,,,,,,,,,,,,,,,,,,,,100.0,0.0,0.0,100.0,,,,,1759.1,1519.1
2018-09-14,2018,Dortmund,Ein Frankfurt,3,1,H,O,1.4,5.0,7.5,6.0,2.0,7.0,1.0,2,,,,,,,,,,,,,,,,,,,,100.0,0.0,100.0,0.0,,,,,1594.6,1487.2
2018-09-02,2018,Schalke 04,Hertha,0,2,A,U,1.75,3.6,5.0,4.0,3.0,9.0,0.0,1,,,,,,,,,,,,,,,,,,,,,,,,,,,,1567.7,1495.7
2018-09-02,2018,RB Leipzig,Fortuna Dusseldorf,1,1,D,U,1.4,4.75,8.0,7.0,8.0,3.0,3.0,1,,,,,,,,,,,,,,,,,,,,,,,,,,,,1545.1,1489.0
2018-09-01,2018,Stuttgart,Bayern Munich,0,3,A,O,11.0,5.5,1.28,0.0,6.0,0.0,12.0,1,,,,,,,,,,,,,,,,,,,,,,,,,,,,1505.0,1755.2
2018-09-01,2018,Nurnberg,Mainz,1,1,D,U,2.37,3.3,3.1,4.0,1.0,5.0,1.0,1,,,,,,,,,,,,,,,,,,,,,,,,,,,,1489.6,1458.2
2018-09-01,2018,Leverkusen,Wolfsburg,1,3,A,O,1.61,4.33,5.0,3.0,5.0,5.0,3.0,1,,,,,,,,,,,,,,,,,,,,,,,,,,,,1531.5,1445.5
2018-09-01,2018,Hoffenheim,Freiburg,3,1,H,O,1.55,4.0,6.5,7.0,4.0,6.0,4.0,1,,,,,,,,,,,,,,,,,,,,,,,,,,,,1568.8,1453.7
2018-09-01,2018,Ein Frankfurt,Werder Bremen,1,2,A,O,2.4,3.5,2.9,1.0,6.0,8.0,3.0,1,,,,,,,,,,,,,,,,,,,,,,,,,,,,1497.0,1504.2
2018-09-01,2018,Augsburg,M'gladbach,1,1,D,U,2.62,3.4,2.7,7.0,2.0,9.0,4.0,1,,,,,,,,,,,,,,,,,,,,,,,,,,,,1475.5,1515.3
2018-08-31,2018,Hannover,Dortmund,0,0,D,U,5.5,4.33,1.57,0.0,3.0,4.0,1.0,1,,,,,,,,,,,,,,,,,,,,,,,,,,,,1428.8,1599.1
2018-08-26,2018,Mainz,Stuttgart,1,0,H,U,2.7,3.25,2.7,3.0,3.0,6.0,3.0,1,,,,,,,,,,,,,,,,,,,,,,,,,,,,1446.2,1517.0
2018-08-26,2018,Dortmund,RB Leipzig,4,1,H,O,1.72,3.8,4.75,5.0,7.0,7.0,9.0,1,,,,,,,,,,,,,,,,,,,,,,,,,,,,1590.2,1554.1
2018-08-25,2018,Wolfsburg,Schalke 04,2,1,H,O,3.1,3.3,2.37,7.0,4.0,7.0,2.0,1,,,,,,,,,,,,,,,,,,,,,,,,,,,,1431.4,1581.7
2018-08-25,2018,Werder Bremen,Hannover,1,1,D,U,1.85,3.6,4.0,3.0,4.0,4.0,3.0,1,,,,,,,,,,,,,,,,,,,,,,,,,,,,1506.4,1426.5
2018-08-25,2018,M'gladbach,Leverkusen,2,0,H,U,2.8,3.5,2.45,7.0,3.0,9.0,5.0,1,,,,,,,,,,,,,,,,,,,,,,,,,,,,1504.2,1542.6
2018-08-25,2018,Hertha,Nurnberg,1,0,H,U,2.04,3.4,3.75,3.0,3.0,8.0,4.0,1,,,,,,,,,,,,,,,,,,,,,,,,,,,,1485.3,1500.0
2018-08-25,2018,Freiburg,Ein Frankfurt,0,2,A,U,2.3,3.3,3.25,6.0,2.0,6.0,4.0,1,,,,,,,,,,,,,,,,,,,,,,,,,,,,1463.0,1487.7
2018-08-25,2018,Fortuna Dusseldorf,Augsburg,1,2,A,O,2.37,3.25,3.0,5.0,7.0,7.0,5.0,1,,,,,,,,,,,,,,,,,,,,,,,,,,,,1500.0,1464.5
2018-08-24,2018,Bayern Munich,Hoffenheim,3,1,H,O,1.2,7.5,12.0,5.0,5.0,7.0,2.0,1,,,,,,,,,,,,,,,,,,,,,,,,,,,,1749.9,1574.1
2018-05-12,2017,Wolfsburg,FC Koln,4,1,H,O,1.64,4.0,5.25,8.0,1.0,5.0,10.0,17,0.0,0.0,2.0,3.0,1.0,3.0,-2.0,4.0,11.0,-7.0,-3.0,-8.0,5.0,0.0,0.0,0.0,1.0,1.0,0.0,12.5,37.5,12.5,75.0,8.0,6.0,14.0,21.0,1421.5,1417.7
2018-05-12,2017,Schalke 04,Ein Frankfurt,1,0,H,U,2.29,3.5,3.0,5.0,2.0,4.0,3.0,17,2.0,0.0,0.0,3.0,5.0,3.0,2.0,1.0,10.0,-9.0,4.0,-7.0,11.0,2.0,0.0,2.0,0.0,2.0,-2.0,56.2,12.5,37.5,43.8,14.0,10.0,7.0,7.0,1573.9,1495.5
2018-05-12,2017,Mainz,Werder Bremen,1,2,A,O,2.29,3.6,3.0,1.0,3.0,3.0,7.0,17,2.0,1.0,0.0,2.0,5.0,4.0,1.0,0.0,5.0,-5.0,5.0,-1.0,6.0,2.0,1.0,1.0,0.0,1.0,-1.0,43.8,37.5,18.8,50.0,17.0,19.0,18.0,14.0,1455.0,1497.7
2018-05-12,2017,Leverkusen,Hannover,3,2,H,O,1.19,7.0,13.0,8.0,4.0,5.0,2.0,17,1.0,0.0,1.0,2.0,4.0,2.0,2.0,2.0,5.0,-3.0,2.0,-3.0,5.0,1.0,0.0,1.0,0.0,1.0,-1.0,43.8,25.0,12.5,50.0,15.0,11.0,13.0,10.0,1535.5,1433.7
2018-05-12,2017,Hoffenheim,Dortmund,3,1,H,O,2.2,3.79,3.0,8.0,4.0,2.0,3.0,17,3.0,0.0,0.0,2.0,11.0,1.0,10.0,1.0,9.0,-8.0,10.0,-8.0,18.0,3.0,0.0,3.0,0.0,2.0,-2.0,62.5,12.5,37.5,25.0,23.0,14.0,18.0,12.0,1563.0,1601.3
2018-05-12,2017,Hertha,RB Leipzig,2,6,A,O,4.2,3.75,1.85,4.0,10.0,3.0,6.0,17,1.0,1.0,0.0,1.0,4.0,4.0,0.0,3.0,6.0,-3.0,1.0,-2.0,3.0,0.0,0.0,0.0,0.0,1.0,-1.0,31.2,25.0,31.2,43.8,13.0,10.0,16.0,13.0,1493.8,1545.6
2018-05-12,2017,Hamburg,M'gladbach,2,1,H,O,2.29,3.5,3.0,8.0,3.0,8.0,3.0,17,2.0,0.0,1.0,1.0,5.0,2.0,3.0,4.0,6.0,-2.0,1.0,-4.0,5.0,0.0,0.0,0.0,0.0,1.0,-1.0,31.2,43.8,25.0,50.0,15.0,7.0,19.0,7.0,1418.1,1517.0
2018-05-12,2017,Freiburg,Augsburg,2,0,H,U,1.95,3.39,4.0,3.0,2.0,5.0,4.0,17,1.0,0.0,2.0,0.0,4.0,2.0,2.0,6.0,2.0,4.0,-2.0,0.0,-2.0,0.0,0.0,0.0,1.0,0.0,1.0,37.5,25.0,25.0,31.2,9.0,7.0,12.0,9.0,1452.3,1475.1
2018-05-12,2017,Bayern Munich,Stuttgart,1,4,A,O,1.16,8.0,15.0,8.0,7.0,10.0,0.0,17,3.0,2.0,0.0,1.0,15.0,3.0,12.0,2.0,4.0,-2.0,13.0,-1.0,14.0,3.0,0.0,3.0,0.0,1.0,-1.0,87.5,0.0,25.0,62.5,26.0,12.0,9.0,12.0,1766.3,1500.5
2018-05-05,2017,Werder Bremen,Leverkusen,0,0,D,U,3.79,4.0,1.85,0.0,1.0,3.0,1.0,17,1.0,1.0,0.0,2.0,4.0,4.0,0.0,3.0,7.0,-4.0,1.0,-3.0,4.0,0.0,1.0,-1.0,0.0,2.0,-2.0,37.5,25.0,43.8,31.2,18.0,12.0,18.0,17.0,1496.5,1536.6
2018-05-05,2017,Stuttgart,Hoffenheim,2,0,H,U,3.1,3.75,2.14,2.0,7.0,1.0,9.0,17,1.0,1.0,0.0,0.0,4.0,9.0,-5.0,2.0,6.0,-4.0,2.0,3.0,-1.0,1.0,1.0,0.0,0.0,0.0,0.0,56.2,18.8,25.0,37.5,14.0,16.0,16.0,10.0,1488.1,1575.5
2018-05-05,2017,RB Leipzig,Wolfsburg,4,1,H,O,1.61,4.0,5.5,7.0,5.0,2.0,5.0,17,1.0,1.0,2.0,1.0,5.0,2.0,3.0,10.0,3.0,7.0,-5.0,-1.0,-4.0,0.0,1.0,-1.0,2.0,1.0,1.0,50.0,25.0,18.8,37.5,18.0,5.0,19.0,13.0,1538.6,1428.4
2018-05-05,2017,M'gladbach,Freiburg,3,1,H,O,1.8,3.6,4.75,5.0,6.0,7.0,3.0,17,2.0,0.0,0.0,3.0,8.0,0.0,8.0,4.0,5.0,-1.0,4.0,-5.0,9.0,1.0,0.0,1.0,0.0,2.0,-2.0,50.0,25.0,6.2,56.2,16.0,4.0,21.0,10.0,1508.4,1461.0
2018-05-05,2017,Hannover,Hertha,3,1,H,O,2.7,3.39,2.62,5.0,2.0,4.0,6.0,17,1.0,2.0,2.0,1.0,4.0,6.0,-2.0,7.0,3.0,4.0,-3.0,3.0,-6.0,0.0,1.0,-1.0,1.0,0.0,1.0,43.8,37.5,31.2,31.2,11.0,18.0,12.0,11.0,1421.3,1506.2
2018-05-05,2017,FC Koln,Bayern Munich,1,3,A,O,11.0,6.5,1.25,3.0,9.0,4.0,7.0,17,1.0,2.0,0.0,1.0,5.0,8.0,-3.0,3.0,3.0,0.0,2.0,5.0,-3.0,1.0,2.0,-1.0,0.0,0.0,0.0,18.8,50.0,75.0,18.8,14.0,17.0,15.0,19.0,1420.2,1763.9
2018-05-05,2017,Ein Frankfurt,Hamburg,3,0,H,O,1.95,3.5,4.0,10.0,4.0,3.0,7.0,17,1.0,1.0,1.0,1.0,4.0,4.0,0.0,4.0,4.0,0.0,0.0,0.0,0.0,1.0,1.0,0.0,1.0,1.0,0.0,43.8,31.2,12.5,68.8,14.0,16.0,17.0,21.0,1487.2,1426.4
2018-05-05,2017,Dortmund,Mainz,1,2,A,O,1.3,5.5,10.0,4.0,5.0,4.0,2.0,17,3.0,0.0,0.0,2.0,8.0,1.0,7.0,0.0,6.0,-6.0,8.0,-5.0,13.0,2.0,0.0,2.0,0.0,2.0,-2.0,56.2,18.8,6.2,56.2,30.0,8.0,24.0,14.0,1615.9,1440.4
2018-05-05,2017,Augsburg,Schalke 04,1,2,A,O,3.6,3.29,2.1,5.0,7.0,4.0,4.0,17,1.0,1.0,2.0,1.0,4.0,5.0,-1.0,7.0,5.0,2.0,-3.0,0.0,-3.0,1.0,0.0,1.0,2.0,0.0,2.0,37.5,37.5,43.8,31.2,13.0,13.0,13.0,10.0,1482.7,1566.3
2018-04-29,2017,Werder Bremen,Dortmund,1,1,D,U,3.79,3.75,1.9,6.0,6.0,7.0,5.0,16,2.0,0.0,0.0,2.0,6.0,1.0,5.0,3.0,9.0,-6.0,3.0,-8.0,11.0,1.0,0.0,1.0,0.0,2.0,-2.0,40.0,26.7,40.0,26.7,18.0,10.0,18.0,10.0,1493.0,1619.4
2018-04-29,2017,Mainz,RB Leipzig,3,0,H,O,3.75,3.39,2.04,9.0,1.0,7.0,8.0,16,1.0,1.0,1.0,0.0,2.0,4.0,-2.0,1.0,3.0,-2.0,1.0,1.0,0.0,1.0,0.0,1.0,0.0,0.0,0.0,40.0,40.0,33.3,40.0,12.0,12.0,16.0,10.0,1426.9,1552.1
2018-04-28,2017,Wolfsburg,Hamburg,1,3,A,O,2.2,3.39,3.29,1.0,5.0,2.0,6.0,16,0.0,0.0,2.0,2.0,1.0,1.0,0.0,3.0,9.0,-6.0,-2.0,-8.0,6.0,0.0,0.0,0.0,0.0,2.0,-2.0,13.3,33.3,6.7,73.3,9.0,11.0,15.0,16.0,1439.1,1415.7
2018-04-28,2017,Schalke 04,M'gladbach,1,1,D,U,1.85,3.6,4.2,4.0,4.0,1.0,1.0,16,3.0,0.0,0.0,2.0,5.0,1.0,4.0,0.0,7.0,-7.0,5.0,-6.0,11.0,2.0,0.0,2.0,0.0,2.0,-2.0,60.0,13.3,26.7,53.3,14.0,5.0,8.0,11.0,1568.1,1506.6
2018-04-28,2017,Leverkusen,Stuttgart,0,1,A,U,1.39,4.75,8.0,7.0,1.0,6.0,2.0,16,2.0,2.0,0.0,1.0,6.0,5.0,1.0,1.0,6.0,-5.0,5.0,-1.0,6.0,2.0,0.0,2.0,0.0,1.0,-1.0,46.7,20.0,20.0,66.7,15.0,15.0,10.0,13.0,1548.7,1476.0
2018-04-28,2017,Hertha,Augsburg,2,2,D,O,2.04,3.25,3.79,5.0,3.0,6.0,3.0,16,1.0,1.0,0.0,0.0,2.0,3.0,-1.0,1.0,1.0,0.0,1.0,2.0,-1.0,0.0,1.0,-1.0,0.0,0.0,0.0,33.3,26.7,26.7,33.3,12.0,12.0,15.0,12.0,1506.9,1482.0
2018-04-28,2017,Freiburg,FC Koln,3,2,H,O,2.1,3.39,3.6,6.0,3.0,2.0,5.0,16,0.0,0.0,3.0,3.0,1.0,2.0,-1.0,8.0,11.0,-3.0,-7.0,-9.0,2.0,0.0,0.0,0.0,2.0,2.0,0.0,33.3,26.7,13.3,73.3,4.0,5.0,14.0,19.0,1451.6,1429.5
2018-04-28,2017,Bayern Munich,Ein Frankfurt,4,1,H,O,1.6,4.33,5.25,6.0,3.0,1.0,2.0,16,3.0,0.0,0.0,3.0,17.0,4.0,13.0,1.0,9.0,-8.0,16.0,-5.0,21.0,3.0,0.0,3.0,0.0,1.0,-1.0,86.7,0.0,40.0,40.0,27.0,10.0,19.0,13.0,1760.4,1490.7
2018-04-27,2017,Hoffenheim,Hannover,3,1,H,O,1.28,6.0,9.5,6.0,4.0,7.0,4.0,16,3.0,0.0,0.0,2.0,11.0,1.0,10.0,0.0,3.0,-3.0,11.0,-2.0,13.0,3.0,0.0,3.0,0.0,0.0,0.0,60.0,13.3,13.3,46.7,23.0,9.0,22.0,7.0,1569.4,1427.4
2018-04-22,2017,FC Koln,Schalke 04,2,2,D,O,3.75,3.5,2.0,3.0,7.0,5.0,7.0,16,1.0,2.0,1.0,1.0,5.0,4.0,1.0,4.0,3.0,1.0,1.0,1.0,0.0,1.0,0.0,1.0,0.0,0.0,0.0,20.0,53.3,46.7,33.3,15.0,8.0,13.0,9.0,1425.6,1572.0
2018-04-22,2017,Augsburg,Mainz,2,0,H,U,2.2,3.29,3.39,6.0,3.0,4.0,5.0,16,0.0,0.0,3.0,1.0,2.0,1.0,1.0,9.0,4.0,5.0,-7.0,-3.0,-4.0,0.0,0.0,0.0,3.0,1.0,2.0,33.3,40.0,6.7,53.3,9.0,7.0,17.0,10.0,1473.1,1435.8
2018-04-21,2017,Stuttgart,Werder Bremen,2,0,H,U,2.39,3.29,3.0,5.0,3.0,3.0,5.0,16,0.0,1.0,0.0,1.0,2.0,6.0,-4.0,2.0,5.0,-3.0,0.0,1.0,-1.0,0.0,1.0,-1.0,0.0,0.0,0.0,53.3,20.0,20.0,46.7,11.0,22.0,16.0,15.0,1464.9,1504.2
2018-04-21,2017,RB Leipzig,Hoffenheim,2,5,A,O,2.04,3.75,3.39,8.0,7.0,8.0,4.0,16,1.0,1.0,1.0,0.0,4.0,6.0,-2.0,6.0,4.0,2.0,-2.0,2.0,-4.0,0.0,1.0,-1.0,1.0,0.0,1.0,53.3,20.0,20.0,40.0,13.0,15.0,13.0,11.0,1562.2,1559.3
2018-04-21,2017,Hannover,Bayern Munich,0,3,A,O,6.25,4.59,1.44,2.0,8.0,2.0,7.0,16,1.0,2.0,2.0,1.0,5.0,9.0,-4.0,7.0,3.0,4.0,-2.0,6.0,-8.0,0.0,2.0,-2.0,1.0,0.0,1.0,46.7,33.3,73.3,20.0,14.0,13.0,13.0,17.0,1430.0,1757.8
2018-04-21,2017,Hamburg,Freiburg,1,0,H,U,2.04,3.39,3.75,5.0,4.0,10.0,4.0,16,1.0,0.0,1.0,2.0,4.0,0.0,4.0,4.0,4.0,0.0,0.0,-4.0,4.0,0.0,0.0,0.0,0.0,2.0,-2.0,26.7,46.7,6.7,53.3,16.0,0.0,20.0,10.0,1404.0,1463.3
2018-04-21,2017,Ein Frankfurt,Hertha,0,3,A,O,1.95,3.39,4.2,3.0,3.0,5.0,0.0,16,2.0,1.0,0.0,2.0,5.0,3.0,2.0,1.0,4.0,-3.0,4.0,-1.0,5.0,1.0,0.0,1.0,0.0,0.0,0.0,46.7,26.7,26.7,33.3,18.0,18.0,17.0,17.0,1500.8,1496.8
2018-04-21,2017,Dortmund,Leverkusen,4,0,H,O,2.29,3.5,3.0,9.0,2.0,7.0,6.0,16,3.0,2.0,0.0,1.0,7.0,6.0,1.0,2.0,4.0,-2.0,5.0,2.0,3.0,1.0,1.0,0.0,0.0,1.0,-1.0,53.3,20.0,46.7,26.7,25.0,14.0,22.0,13.0,1610.9,1557.2
2018-04-20,2017,M'gladbach,Wolfsburg,3,0,H,O,1.8,3.79,4.5,6.0,2.0,8.0,5.0,16,1.0,1.0,0.0,1.0,7.0,2.0,5.0,6.0,3.0,3.0,1.0,-1.0,2.0,0.0,1.0,-1.0,0.0,1.0,-1.0,46.7,26.7,20.0,33.3,15.0,4.0,18.0,12.0,1498.0,1447.7
2018-04-16,2017,Mainz,Freiburg,2,0,H,U,2.29,3.29,3.2,3.0,0.0,4.0,4.0,15,0.0,0.0,1.0,1.0,1.0,1.0,0.0,2.0,3.0,-1.0,-1.0,-2.0,1.0,0.0,0.0,0.0,0.0,1.0,-1.0,35.7,42.9,7.1,50.0,13.0,3.0,14.0,8.0,1424.4,1474.8
2018-04-15,2017,Werder Bremen,RB Leipzig,1,1,D,U,2.79,3.5,2.45,6.0,4.0,5.0,2.0,15,3.0,1.0,0.0,1.0,6.0,4.0,2.0,2.0,4.0,-2.0,4.0,0.0,4.0,1.0,0.0,1.0,0.0,0.0,0.0,42.9,28.6,35.7,42.9,15.0,10.0,24.0,13.0,1502.4,1563.9
2018-04-15,2017,Schalke 04,Dortmund,2,0,H,U,2.54,3.39,2.7,3.0,5.0,4.0,6.0,15,3.0,1.0,0.0,1.0,5.0,2.0,3.0,1.0,7.0,-6.0,4.0,-5.0,9.0,1.0,0.0,1.0,0.0,1.0,-1.0,57.1,14.3,42.9,21.4,17.0,7.0,8.0,9.0,1560.3,1622.7
2018-04-14,2017,Stuttgart,Hannover,1,1,D,U,1.9,3.6,4.0,5.0,3.0,10.0,4.0,15,1.0,0.0,0.0,2.0,2.0,1.0,1.0,1.0,3.0,-2.0,1.0,-2.0,3.0,0.0,0.0,0.0,0.0,0.0,0.0,57.1,21.4,14.3,50.0,11.0,13.0,10.0,7.0,1465.9,1429.0
2018-04-14,2017,Leverkusen,Ein Frankfurt,4,1,H,O,1.8,3.79,4.33,6.0,1.0,2.0,2.0,15,1.0,0.0,1.0,3.0,2.0,3.0,-1.0,2.0,6.0,-4.0,0.0,-3.0,3.0,1.0,0.0,1.0,1.0,0.0,1.0,42.9,21.4,42.9,35.7,14.0,9.0,15.0,14.0,1548.3,1509.7
2018-04-14,2017,Hoffenheim,Hamburg,2,0,H,U,1.5,4.33,6.5,6.0,5.0,7.0,8.0,15,2.0,0.0,0.0,2.0,10.0,1.0,9.0,1.0,8.0,-7.0,9.0,-7.0,16.0,2.0,0.0,2.0,0.0,1.0,-1.0,57.1,14.3,7.1,71.4,21.0,7.0,19.0,10.0,1553.2,1410.1
2018-04-14,2017,Hertha,FC Koln,2,1,H,O,1.95,3.6,3.79,6.0,2.0,6.0,8.0,15,0.0,1.0,1.0,2.0,0.0,3.0,-3.0,2.0,10.0,-8.0,-2.0,-7.0,5.0,0.0,0.0,0.0,1.0,2.0,-1.0,28.6,28.6,14.3,71.4,7.0,8.0,15.0,18.0,1488.4,1434.0
2018-04-14,2017,Bayern Munich,M'gladbach,5,1,H,O,1.33,5.75,8.0,11.0,1.0,6.0,0.0,15,2.0,1.0,0.0,1.0,12.0,1.0,11.0,0.0,2.0,-2.0,12.0,-1.0,13.0,2.0,0.0,2.0,0.0,1.0,-1.0,85.7,0.0,28.6,50.0,22.0,8.0,22.0,17.0,1754.0,1501.8
2018-04-13,2017,Wolfsburg,Augsburg,0,0,D,U,2.14,3.29,3.6,4.0,2.0,7.0,5.0,15,0.0,1.0,3.0,0.0,2.0,4.0,-2.0,5.0,2.0,3.0,-3.0,2.0,-5.0,0.0,1.0,-1.0,0.0,0.0,0.0,14.3,35.7,28.6,35.7,6.0,16.0,12.0,10.0,1446.9,1473.9
2018-04-09,2017,RB Leipzig,Leverkusen,1,4,A,O,2.29,3.5,3.0,4.0,7.0,8.0,9.0,15,1.0,2.0,1.0,1.0,4.0,4.0,0.0,4.0,4.0,0.0,0.0,0.0,0.0,0.0,0.0,0.0,0.0,1.0,-1.0,57.1,14.3,42.9,28.6,12.0,12.0,8.0,7.0,1575.0,1537.2
2018-04-08,2017,Ein Frankfurt,Hoffenheim,1,1,D,U,2.39,3.39,3.0,5.0,3.0,8.0,3.0,15,3.0,1.0,0.0,1.0,6.0,6.0,0.0,1.0,5.0,-4.0,5.0,1.0,4.0,1.0,1.0,0.0,0.0,0.0,0.0,50.0,28.6,21.4,42.9,16.0,16.0,16.0,11.0,1508.4,1554.5
2018-04-08,2017,Dortmund,Stuttgart,3,0,H,O,1.61,4.0,5.5,12.0,6.0,5.0,7.0,15,2.0,3.0,0.0,0.0,5.0,6.0,-1.0,3.0,3.0,0.0,2.0,3.0,-1.0,0.0,0.0,0.0,0.0,0.0,0.0,50.0,21.4,21.4,64.3,15.0,15.0,20.0,13.0,1616.6,1472.0
2018-04-07,2017,M'gladbach,Hertha,2,1,H,O,1.7,3.5,5.75,3.0,6.0,4.0,5.0,15,0.0,1.0,1.0,1.0,5.0,2.0,3.0,6.0,2.0,4.0,-1.0,0.0,-1.0,0.0,0.0,0.0,0.0,0.0,0.0,42.9,28.6,28.6,28.6,23.0,15.0,20.0,14.0,1491.6,1498.5
2018-04-07,2017,Hamburg,Schalke 04,3,2,H,O,4.33,3.39,1.9,7.0,4.0,8.0,1.0,15,0.0,3.0,2.0,0.0,2.0,4.0,-2.0,4.0,0.0,4.0,-2.0,4.0,-6.0,0.0,1.0,-1.0,0.0,0.0,0.0,21.4,50.0,50.0,28.6,12.0,10.0,16.0,11.0,1395.4,1575.0
2018-04-07,2017,Freiburg,Wolfsburg,0,2,A,U,2.5,3.1,3.1,1.0,2.0,9.0,3.0,15,1.0,0.0,2.0,1.0,2.0,1.0,1.0,6.0,4.0,2.0,-4.0,-3.0,-1.0,0.0,0.0,0.0,1.0,1.0,0.0,35.7,21.4,14.3,35.7,6.0,4.0,5.0,12.0,1486.2,1435.4
2018-04-07,2017,FC Koln,Mainz,1,1,D,U,2.0,3.5,3.75,8.0,4.0,8.0,3.0,15,1.0,1.0,1.0,1.0,5.0,2.0,3.0,4.0,3.0,1.0,1.0,-1.0,2.0,1.0,1.0,0.0,0.0,1.0,-1.0,21.4,57.1,7.1,57.1,8.0,10.0,10.0,11.0,1434.3,1424.1
2018-04-07,2017,Augsburg,Bayern Munich,1,4,A,O,6.5,4.33,1.5,1.0,7.0,1.0,6.0,15,0.0,2.0,3.0,1.0,1.0,7.0,-6.0,6.0,3.0,3.0,-5.0,4.0,-9.0,0.0,1.0,-1.0,2.0,0.0,2.0,35.7,35.7,71.4,21.4,10.0,11.0,20.0,19.0,1477.3,1750.6
2018-04-06,2017,Hannover,Werder Bremen,2,1,H,O,2.89,3.5,2.37,6.0,4.0,4.0,2.0,15,0.0,1.0,3.0,1.0,3.0,5.0,-2.0,7.0,4.0,3.0,-4.0,1.0,-5.0,0.0,1.0,-1.0,1.0,0.0,1.0,42.9,35.7,21.4,42.9,13.0,21.0,19.0,18.0,1416.2,1515.2
2018-04-01,2017,Werder Bremen,Ein Frankfurt,2,1,H,O,2.37,3.25,3.0,6.0,6.0,6.0,3.0,14,3.0,0.0,0.0,3.0,7.0,2.0,5.0,2.0,7.0,-5.0,5.0,-5.0,10.0,2.0,0.0,2.0,0.0,1.0,-1.0,38.5,30.8,46.2,30.8,14.0,5.0,24.0,13.0,1504.8,1518.8
2018-04-01,2017,Mainz,M'gladbach,0,0,D,U,2.45,3.39,2.75,5.0,2.0,7.0,6.0,14,0.0,1.0,2.0,2.0,1.0,1.0,0.0,4.0,3.0,1.0,-3.0,-2.0,-1.0,0.0,0.0,0.0,1.0,1.0,0.0,38.5,46.2,30.8,53.8,12.0,10.0,10.0,19.0,1422.1,1493.7
2018-03-31,2017,Stuttgart,Hamburg,1,1,D,U,1.72,3.6,4.75,4.0,6.0,3.0,7.0,14,2.0,0.0,0.0,3.0,2.0,0.0,2.0,0.0,9.0,-9.0,2.0,-9.0,11.0,0.0,0.0,0.0,0.0,2.0,-2.0,61.5,23.1,7.7,76.9,9.0,3.0,8.0,7.0,1474.3,1393.1
2018-03-31,2017,Schalke 04,Freiburg,2,0,H,U,1.55,3.79,6.5,7.0,0.0,2.0,2.0,14,2.0,0.0,1.0,1.0,4.0,2.0,2.0,3.0,3.0,0.0,1.0,-1.0,2.0,0.0,0.0,0.0,0.0,0.0,0.0,53.8,15.4,7.7,46.2,16.0,7.0,9.0,10.0,1567.1,1494.1
2018-03-31,2017,Leverkusen,Augsburg,0,0,D,U,1.44,4.5,6.5,2.0,2.0,5.0,1.0,14,1.0,1.0,2.0,1.0,2.0,4.0,-2.0,4.0,4.0,0.0,-2.0,0.0,-2.0,1.0,1.0,0.0,2.0,1.0,1.0,46.2,23.1,30.8,38.5,18.0,16.0,19.0,16.0,1539.0,1475.5
2018-03-31,2017,Hoffenheim,FC Koln,6,0,H,O,1.53,4.5,5.75,11.0,1.0,4.0,8.0,14,2.0,1.0,0.0,2.0,8.0,5.0,3.0,3.0,8.0,-5.0,5.0,-3.0,8.0,2.0,0.0,2.0,0.0,2.0,-2.0,53.8,15.4,15.4,69.2,19.0,11.0,20.0,11.0,1547.5,1441.3
2018-03-31,2017,Hertha,Wolfsburg,0,0,D,U,2.04,3.29,3.6,2.0,1.0,4.0,5.0,14,0.0,0.0,1.0,2.0,1.0,2.0,-1.0,3.0,7.0,-4.0,-2.0,-5.0,3.0,0.0,0.0,0.0,1.0,2.0,-1.0,30.8,30.8,15.4,38.5,8.0,8.0,11.0,15.0,1500.5,1433.5
2018-03-31,2017,Hannover,RB Leipzig,2,3,A,O,3.89,3.6,1.95,3.0,5.0,6.0,3.0,14,1.0,1.0,2.0,1.0,3.0,2.0,1.0,5.0,2.0,3.0,-2.0,0.0,-2.0,0.0,0.0,0.0,1.0,0.0,1.0,46.2,30.8,30.8,46.2,16.0,11.0,16.0,17.0,1422.2,1569.0
2018-03-31,2017,Bayern Munich,Dortmund,6,0,H,O,1.36,5.0,8.0,9.0,3.0,2.0,1.0,14,2.0,2.0,0.0,0.0,8.0,5.0,3.0,1.0,3.0,-2.0,7.0,2.0,5.0,1.0,0.0,1.0,0.0,0.0,0.0,84.6,0.0,46.2,15.4,18.0,11.0,24.0,10.0,1743.9,1623.3
2018-03-18,2017,RB Leipzig,Bayern Munich,2,1,H,O,5.0,4.33,1.6,6.0,2.0,3.0,6.0,14,1.0,3.0,1.0,0.0,4.0,8.0,-4.0,3.0,1.0,2.0,1.0,7.0,-6.0,1.0,2.0,-1.0,0.0,0.0,0.0,53.8,15.4,76.9,15.4,15.0,15.0,11.0,18.0,1553.7,1759.2
2018-03-18,2017,FC Koln,Leverkusen,2,0,H,U,5.0,3.75,1.72,3.0,3.0,2.0,2.0,14,0.0,2.0,2.0,0.0,5.0,4.0,1.0,7.0,2.0,5.0,-2.0,2.0,-4.0,0.0,0.0,0.0,0.0,0.0,0.0,15.4,61.5,46.2,23.1,10.0,12.0,13.0,9.0,1427.9,1552.4
2018-03-18,2017,Dortmund,Hannover,1,0,H,U,1.44,4.75,7.0,9.0,4.0,12.0,2.0,14,2.0,0.0,0.0,1.0,6.0,2.0,4.0,3.0,3.0,0.0,3.0,-1.0,4.0,1.0,0.0,1.0,0.0,0.0,0.0,46.2,23.1,15.4,46.2,9.0,16.0,10.0,8.0,1618.3,1427.2
2018-03-17,2017,Wolfsburg,Schalke 04,0,1,A,U,3.5,3.25,2.2,3.0,2.0,5.0,2.0,14,0.0,2.0,2.0,1.0,3.0,4.0,-1.0,5.0,2.0,3.0,-2.0,2.0,-4.0,0.0,1.0,-1.0,0.0,0.0,0.0,15.4,30.8,46.2,30.8,8.0,11.0,10.0,12.0,1440.2,1560.4
2018-03-17,2017,M'gladbach,Hoffenheim,3,3,D,O,2.75,3.39,2.54,7.0,6.0,9.0,3.0,14,0.0,1.0,2.0,1.0,2.0,4.0,-2.0,4.0,3.0,1.0,-2.0,1.0,-3.0,0.0,1.0,-1.0,0.0,0.0,0.0,46.2,30.8,23.1,46.2,19.0,14.0,12.0,13.0,1492.0,1549.1
2018-03-17,2017,Hamburg,Hertha,1,2,A,O,2.54,3.0,3.0,3.0,9.0,1.0,6.0,14,0.0,1.0,1.0,1.0,2.0,2.0,0.0,3.0,1.0,2.0,-1.0,1.0,-2.0,0.0,1.0,-1.0,0.0,0.0,0.0,23.1,46.2,23.1,30.8,12.0,10.0,23.0,12.0,1400.5,1493.1
2018-03-17,2017,Ein Frankfurt,Mainz,3,0,H,O,1.61,3.79,6.0,6.0,1.0,4.0,6.0,14,3.0,1.0,0.0,1.0,7.0,4.0,3.0,3.0,4.0,-1.0,4.0,0.0,4.0,1.0,1.0,0.0,0.0,1.0,-1.0,46.2,30.8,7.7,53.8,18.0,11.0,16.0,7.0,1511.1,1429.8
2018-03-17,2017,Augsburg,Werder Bremen,1,3,A,O,2.5,3.1,3.1,6.0,12.0,8.0,7.0,14,1.0,1.0,2.0,1.0,3.0,4.0,-1.0,3.0,4.0,-1.0,0.0,0.0,0.0,1.0,0.0,1.0,1.0,0.0,1.0,38.5,30.8,15.4,46.2,11.0,16.0,13.0,13.0,1485.2,1495.1
2018-03-16,2017,Freiburg,Stuttgart,1,2,A,O,2.62,3.2,2.79,2.0,5.0,1.0,3.0,14,1.0,2.0,1.0,0.0,1.0,5.0,-4.0,4.0,3.0,1.0,-3.0,2.0,-5.0,0.0,0.0,0.0,1.0,0.0,1.0,38.5,15.4,15.4,69.2,9.0,12.0,6.0,16.0,1505.3,1463.1
2018-03-12,2017,Werder Bremen,FC Koln,3,1,H,O,1.83,3.75,4.2,6.0,2.0,7.0,3.0,13,2.0,2.0,0.0,1.0,4.0,6.0,-2.0,1.0,5.0,-4.0,3.0,1.0,2.0,1.0,1.0,0.0,0.0,1.0,-1.0,33.3,33.3,16.7,66.7,15.0,11.0,19.0,11.0,1486.5,1436.5
2018-03-11,2017,Stuttgart,RB Leipzig,0,0,D,U,2.62,3.39,2.62,2.0,3.0,3.0,5.0,13,2.0,1.0,1.0,2.0,2.0,3.0,-1.0,2.0,4.0,-2.0,0.0,-1.0,1.0,0.0,0.0,0.0,1.0,0.0,1.0,66.7,25.0,33.3,50.0,9.0,11.0,9.0,18.0,1460.4,1556.4
2018-03-11,2017,Dortmund,Ein Frankfurt,3,2,H,O,1.75,3.6,5.0,4.0,3.0,5.0,8.0,13,1.0,1.0,0.0,2.0,5.0,3.0,2.0,3.0,5.0,-2.0,2.0,-2.0,4.0,1.0,1.0,0.0,0.0,1.0,-1.0,41.7,25.0,50.0,25.0,9.0,8.0,10.0,8.0,1610.9,1518.5
2018-03-10,2017,Leverkusen,M'gladbach,2,0,H,U,1.7,3.89,5.0,7.0,2.0,3.0,5.0,13,1.0,1.0,2.0,2.0,2.0,1.0,1.0,4.0,3.0,1.0,-2.0,-2.0,0.0,1.0,0.0,1.0,2.0,1.0,1.0,41.7,25.0,33.3,50.0,14.0,10.0,29.0,18.0,1543.7,1500.8
2018-03-10,2017,Hoffenheim,Wolfsburg,3,0,H,O,1.66,4.0,5.0,6.0,1.0,11.0,4.0,13,1.0,1.0,1.0,1.0,6.0,3.0,3.0,7.0,4.0,3.0,-1.0,-1.0,0.0,1.0,0.0,1.0,1.0,1.0,0.0,50.0,16.7,16.7,33.3,16.0,9.0,13.0,11.0,1541.7,1447.6
2018-03-10,2017,Hertha,Freiburg,0,0,D,U,2.1,3.25,3.79,4.0,0.0,5.0,4.0,13,0.0,0.0,1.0,1.0,2.0,4.0,-2.0,4.0,5.0,-1.0,-2.0,-1.0,-1.0,0.0,0.0,0.0,1.0,0.0,1.0,33.3,33.3,8.3,50.0,6.0,10.0,9.0,8.0,1492.7,1505.7
2018-03-10,2017,Hannover,Augsburg,1,3,A,O,2.14,3.39,3.39,5.0,8.0,3.0,6.0,13,1.0,0.0,2.0,1.0,2.0,2.0,0.0,3.0,4.0,-1.0,-1.0,-2.0,1.0,0.0,0.0,0.0,0.0,1.0,-1.0,50.0,25.0,25.0,41.7,14.0,11.0,20.0,16.0,1436.1,1476.4
2018-03-10,2017,Bayern Munich,Hamburg,6,0,H,O,1.12,9.0,21.0,7.0,0.0,11.0,1.0,13,2.0,0.0,0.0,2.0,7.0,1.0,6.0,3.0,4.0,-1.0,4.0,-3.0,7.0,1.0,0.0,1.0,0.0,1.0,-1.0,83.3,0.0,8.3,75.0,22.0,5.0,16.0,9.0,1756.9,1402.8
2018-03-09,2017,Mainz,Schalke 04,0,1,A,U,3.6,3.29,2.1,4.0,2.0,5.0,6.0,13,1.0,2.0,1.0,1.0,4.0,5.0,-1.0,5.0,2.0,3.0,-1.0,3.0,-4.0,0.0,2.0,-2.0,1.0,0.0,1.0,41.7,41.7,41.7,33.3,20.0,16.0,12.0,12.0,1436.5,1553.7
2018-03-04,2017,Freiburg,Bayern Munich,0,4,A,O,10.0,5.5,1.3,1.0,4.0,4.0,5.0,13,2.0,3.0,0.0,0.0,3.0,7.0,-4.0,1.0,2.0,-1.0,2.0,5.0,-3.0,0.0,2.0,-2.0,0.0,0.0,0.0,41.7,8.3,75.0,16.7,12.0,17.0,8.0,19.0,1509.7,1752.9
2018-03-04,2017,FC Koln,Stuttgart,2,3,A,O,2.45,3.25,3.0,4.0,4.0,3.0,3.0,13,0.0,1.0,1.0,1.0,4.0,4.0,0.0,5.0,4.0,1.0,-1.0,0.0,-1.0,0.0,0.0,0.0,0.0,0.0,0.0,16.7,58.3,8.3,75.0,11.0,13.0,16.0,16.0,1446.3,1450.5
2018-03-03,2017,Wolfsburg,Leverkusen,1,2,A,O,3.29,3.39,2.2,2.0,4.0,3.0,2.0,13,0.0,2.0,2.0,0.0,3.0,6.0,-3.0,6.0,2.0,4.0,-3.0,4.0,-7.0,0.0,1.0,-1.0,1.0,0.0,1.0,16.7,25.0,41.7,25.0,10.0,14.0,11.0,8.0,1455.3,1535.9
2018-03-03,2017,Schalke 04,Hertha,1,0,H,U,1.66,3.6,6.0,4.0,3.0,2.0,6.0,13,1.0,1.0,1.0,0.0,4.0,2.0,2.0,4.0,0.0,4.0,0.0,2.0,-2.0,0.0,1.0,-1.0,0.0,0.0,0.0,50.0,16.7,25.0,25.0,14.0,9.0,8.0,8.0,1544.9,1501.4
2018-03-03,2017,RB Leipzig,Dortmund,1,1,D,U,2.39,3.5,2.87,3.0,2.0,2.0,3.0,13,1.0,2.0,1.0,0.0,4.0,5.0,-1.0,3.0,3.0,0.0,1.0,2.0,-1.0,1.0,0.0,1.0,0.0,0.0,0.0,58.3,16.7,50.0,16.7,17.0,13.0,12.0,12.0,1554.7,1612.6
2018-03-03,2017,Hamburg,Mainz,0,0,D,U,2.25,3.29,3.39,6.0,2.0,11.0,1.0,13,0.0,1.0,2.0,2.0,2.0,4.0,-2.0,5.0,6.0,-1.0,-3.0,-2.0,-1.0,0.0,1.0,-1.0,1.0,2.0,-1.0,25.0,50.0,8.3,58.3,9.0,10.0,21.0,6.0,1401.7,1437.5
2018-03-03,2017,Ein Frankfurt,Hannover,1,0,H,U,1.75,3.6,5.0,7.0,2.0,5.0,1.0,13,3.0,0.0,0.0,0.0,8.0,3.0,5.0,3.0,3.0,0.0,5.0,0.0,5.0,2.0,0.0,2.0,0.0,0.0,0.0,41.7,33.3,16.7,41.7,13.0,18.0,15.0,9.0,1510.4,1444.2
2018-03-03,2017,Augsburg,Hoffenheim,0,2,A,U,2.89,3.39,2.45,2.0,6.0,8.0,5.0,13,2.0,0.0,1.0,2.0,4.0,4.0,0.0,1.0,8.0,-7.0,3.0,-4.0,7.0,1.0,0.0,1.0,0.0,1.0,-1.0,41.7,25.0,16.7,50.0,14.0,12.0,11.0,12.0,1485.0,1533.1
2018-03-02,2017,M'gladbach,Werder Bremen,2,2,D,O,1.95,3.5,4.0,5.0,6.0,5.0,6.0,13,1.0,1.0,2.0,2.0,2.0,4.0,-2.0,2.0,6.0,-4.0,0.0,-2.0,2.0,1.0,0.0,1.0,0.0,1.0,-1.0,50.0,33.3,16.7,50.0,20.0,14.0,15.0,14.0,1501.3,1486.0
2018-02-26,2017,Dortmund,Augsburg,1,1,D,U,1.44,4.5,7.0,2.0,6.0,3.0,3.0,12,1.0,0.0,0.0,2.0,4.0,1.0,3.0,2.0,5.0,-3.0,2.0,-4.0,6.0,1.0,0.0,1.0,0.0,2.0,-2.0,45.5,27.3,27.3,45.5,8.0,8.0,13.0,18.0,1616.3,1481.3
2018-02-25,2017,RB Leipzig,FC Koln,1,2,A,O,1.55,4.0,6.5,3.0,5.0,3.0,7.0,12,2.0,1.0,0.0,2.0,6.0,4.0,2.0,2.0,5.0,-3.0,4.0,-1.0,5.0,2.0,1.0,1.0,0.0,1.0,-1.0,63.6,9.1,9.1,72.7,23.0,7.0,13.0,5.0,1568.5,1432.6
2018-02-25,2017,Leverkusen,Schalke 04,0,2,A,U,1.9,3.6,4.0,5.0,6.0,7.0,3.0,12,1.0,1.0,2.0,2.0,3.0,4.0,-1.0,5.0,5.0,0.0,-2.0,-1.0,-1.0,1.0,1.0,0.0,2.0,1.0,1.0,45.5,18.2,36.4,36.4,10.0,16.0,28.0,13.0,1546.3,1534.6
2018-02-24,2017,Werder Bremen,Hamburg,1,0,H,U,1.83,3.6,4.5,3.0,1.0,11.0,2.0,12,1.0,0.0,0.0,2.0,4.0,1.0,3.0,2.0,4.0,-2.0,2.0,-3.0,5.0,1.0,0.0,1.0,0.0,1.0,-1.0,27.3,36.4,9.1,72.7,15.0,10.0,14.0,11.0,1478.0,1409.8
2018-02-24,2017,Stuttgart,Ein Frankfurt,1,0,H,U,2.37,3.2,3.25,5.0,0.0,4.0,3.0,12,2.0,2.0,1.0,1.0,2.0,5.0,-3.0,2.0,5.0,-3.0,0.0,0.0,0.0,0.0,1.0,-1.0,1.0,1.0,0.0,63.6,27.3,54.5,18.2,6.0,14.0,9.0,8.0,1438.1,1522.8
2018-02-24,2017,Hoffenheim,Freiburg,1,1,D,U,1.66,4.2,4.75,4.0,3.0,4.0,2.0,12,2.0,0.0,1.0,1.0,6.0,4.0,2.0,6.0,5.0,1.0,0.0,-1.0,1.0,1.0,0.0,1.0,1.0,0.0,1.0,54.5,18.2,9.1,54.5,15.0,8.0,9.0,8.0,1533.8,1509.0
2018-02-24,2017,Hannover,M'gladbach,0,1,A,U,2.62,3.39,2.7,5.0,4.0,10.0,6.0,12,2.0,0.0,1.0,3.0,5.0,1.0,4.0,4.0,5.0,-1.0,1.0,-4.0,5.0,0.0,0.0,0.0,0.0,1.0,-1.0,54.5,18.2,27.3,54.5,18.0,12.0,18.0,15.0,1453.1,1492.4
2018-02-24,2017,Bayern Munich,Hertha,0,0,D,U,1.16,7.5,17.0,6.0,3.0,9.0,2.0,12,3.0,1.0,0.0,1.0,11.0,2.0,9.0,5.0,1.0,4.0,6.0,1.0,5.0,2.0,1.0,1.0,0.0,0.0,0.0,90.9,0.0,27.3,27.3,23.0,7.0,11.0,10.0,1759.4,1495.0
2018-02-23,2017,Mainz,Wolfsburg,1,1,D,U,2.14,3.39,3.5,4.0,2.0,2.0,3.0,12,1.0,1.0,2.0,1.0,3.0,2.0,1.0,6.0,3.0,3.0,-3.0,-1.0,-2.0,0.0,0.0,0.0,2.0,1.0,1.0,45.5,45.5,18.2,36.4,16.0,11.0,12.0,15.0,1437.0,1455.8
2018-02-19,2017,Ein Frankfurt,RB Leipzig,2,1,H,O,2.5,3.39,2.79,3.0,2.0,7.0,5.0,12,2.0,1.0,0.0,1.0,7.0,3.0,4.0,3.0,3.0,0.0,4.0,0.0,4.0,2.0,0.0,2.0,0.0,0.0,0.0,36.4,36.4,36.4,45.5,14.0,14.0,17.0,22.0,1510.8,1580.4
2018-02-18,2017,M'gladbach,Dortmund,0,1,A,U,3.0,3.6,2.29,11.0,2.0,6.0,5.0,12,2.0,2.0,1.0,0.0,5.0,6.0,-1.0,2.0,3.0,-1.0,3.0,3.0,0.0,2.0,1.0,1.0,0.0,0.0,0.0,54.5,27.3,45.5,18.2,14.0,17.0,18.0,13.0,1499.3,1609.3
2018-02-18,2017,Augsburg,Stuttgart,0,1,A,U,2.04,3.39,3.75,2.0,6.0,4.0,7.0,12,2.0,0.0,0.0,2.0,7.0,3.0,4.0,3.0,5.0,-2.0,4.0,-2.0,6.0,1.0,0.0,1.0,0.0,0.0,0.0,45.5,18.2,0.0,81.8,20.0,10.0,18.0,12.0,1493.2,1426.2
2018-02-17,2017,Wolfsburg,Bayern Munich,1,2,A,O,8.5,5.0,1.36,1.0,5.0,4.0,8.0,12,0.0,3.0,1.0,0.0,3.0,6.0,-3.0,5.0,1.0,4.0,-2.0,5.0,-7.0,0.0,2.0,-2.0,1.0,0.0,1.0,18.2,18.2,72.7,18.2,14.0,19.0,13.0,18.0,1458.9,1756.3
2018-02-17,2017,Schalke 04,Hoffenheim,2,1,H,O,2.1,3.5,3.5,6.0,4.0,4.0,3.0,12,1.0,0.0,1.0,1.0,5.0,4.0,1.0,5.0,7.0,-2.0,0.0,-3.0,3.0,0.0,0.0,0.0,0.0,1.0,-1.0,45.5,18.2,18.2,45.5,13.0,10.0,6.0,17.0,1524.0,1544.4
2018-02-17,2017,Hamburg,Leverkusen,1,2,A,O,3.79,3.5,2.0,3.0,5.0,4.0,3.0,12,0.0,1.0,2.0,0.0,2.0,8.0,-6.0,5.0,5.0,0.0,-3.0,3.0,-6.0,0.0,1.0,-1.0,1.0,0.0,1.0,27.3,45.5,36.4,27.3,12.0,19.0,26.0,10.0,1416.4,1539.7
2018-02-17,2017,Freiburg,Werder Bremen,1,0,H,U,2.5,3.29,2.89,3.0,3.0,0.0,5.0,12,2.0,1.0,0.0,2.0,3.0,4.0,-1.0,1.0,6.0,-5.0,2.0,-2.0,4.0,0.0,0.0,0.0,0.0,1.0,-1.0,36.4,9.1,18.2,45.5,14.0,13.0,13.0,10.0,1499.3,1487.6
2018-02-17,2017,FC Koln,Hannover,1,1,D,U,2.29,3.39,3.1,1.0,7.0,5.0,4.0,12,1.0,0.0,1.0,1.0,5.0,3.0,2.0,5.0,5.0,0.0,0.0,-2.0,2.0,0.0,0.0,0.0,0.0,1.0,-1.0,18.2,63.6,18.2,45.5,13.0,17.0,14.0,13.0,1432.0,1453.7
2018-02-16,2017,Hertha,Mainz,0,2,A,U,2.0,3.39,4.0,1.0,7.0,6.0,4.0,12,1.0,0.0,0.0,3.0,5.0,4.0,1.0,3.0,9.0,-6.0,2.0,-5.0,7.0,1.0,0.0,1.0,0.0,2.0,-2.0,36.4,27.3,0.0,63.6,14.0,8.0,8.0,10.0,1507.4,1424.7
2018-02-11,2017,Werder Bremen,Wolfsburg,3,1,H,O,2.14,3.39,3.39,5.0,5.0,6.0,8.0,11,0.0,1.0,0.0,1.0,3.0,1.0,2.0,3.0,1.0,2.0,0.0,0.0,0.0,0.0,0.0,0.0,0.0,0.0,0.0,20.0,40.0,20.0,30.0,17.0,11.0,16.0,11.0,1477.9,1468.6
2018-02-11,2017,Stuttgart,M'gladbach,1,0,H,U,2.5,3.39,2.79,2.0,4.0,1.0,8.0,11,1.0,0.0,2.0,3.0,1.0,1.0,0.0,3.0,5.0,-2.0,-2.0,-4.0,2.0,0.0,0.0,0.0,1.0,1.0,0.0,60.0,30.0,30.0,50.0,8.0,11.0,17.0,10.0,1413.5,1512.1
2018-02-10,2017,Leverkusen,Hertha,0,2,A,U,1.53,4.33,6.0,6.0,4.0,9.0,4.0,11,2.0,1.0,1.0,1.0,4.0,3.0,1.0,3.0,3.0,0.0,1.0,0.0,1.0,1.0,0.0,1.0,1.0,0.0,1.0,50.0,10.0,20.0,30.0,11.0,8.0,24.0,7.0,1551.3,1495.8
2018-02-10,2017,Hoffenheim,Mainz,4,2,H,O,1.61,4.0,5.25,9.0,2.0,5.0,2.0,11,2.0,0.0,1.0,2.0,6.0,4.0,2.0,4.0,7.0,-3.0,2.0,-3.0,5.0,1.0,0.0,1.0,1.0,1.0,0.0,50.0,20.0,0.0,60.0,14.0,9.0,4.0,13.0,1537.4,1431.7
2018-02-10,2017,Hannover,Freiburg,2,1,H,O,2.1,3.5,3.5,6.0,4.0,3.0,4.0,11,1.0,0.0,1.0,0.0,7.0,6.0,1.0,7.0,6.0,1.0,0.0,0.0,0.0,0.0,0.0,0.0,0.0,0.0,0.0,50.0,20.0,10.0,50.0,19.0,10.0,21.0,8.0,1441.7,1511.3
2018-02-10,2017,Ein Frankfurt,FC Koln,4,2,H,O,1.9,3.5,4.2,8.0,4.0,4.0,1.0,11,1.0,1.0,0.0,1.0,5.0,4.0,1.0,3.0,3.0,0.0,2.0,1.0,1.0,1.0,1.0,0.0,0.0,0.0,0.0,30.0,40.0,10.0,70.0,8.0,7.0,17.0,8.0,1502.6,1440.2
2018-02-10,2017,Dortmund,Hamburg,2,0,H,U,1.33,5.25,9.0,3.0,2.0,2.0,4.0,11,1.0,0.0,0.0,2.0,4.0,2.0,2.0,3.0,5.0,-2.0,1.0,-3.0,4.0,0.0,0.0,0.0,0.0,1.0,-1.0,40.0,30.0,10.0,70.0,8.0,11.0,17.0,11.0,1604.1,1421.6
2018-02-10,2017,Bayern Munich,Schalke 04,2,1,H,O,1.28,6.0,9.5,5.0,3.0,4.0,3.0,11,3.0,1.0,0.0,1.0,10.0,5.0,5.0,4.0,5.0,-1.0,6.0,0.0,6.0,2.0,1.0,1.0,0.0,1.0,-1.0,90.0,0.0,40.0,30.0,26.0,18.0,20.0,16.0,1752.0,1528.3
2018-02-09,2017,RB Leipzig,Augsburg,2,0,H,U,1.7,3.79,5.0,9.0,2.0,6.0,7.0,11,1.0,0.0,1.0,2.0,6.0,3.0,3.0,5.0,6.0,-1.0,1.0,-3.0,4.0,1.0,0.0,1.0,0.0,1.0,-1.0,60.0,10.0,30.0,40.0,21.0,13.0,13.0,14.0,1572.5,1501.2
2018-02-04,2017,Hamburg,Hannover,1,1,D,U,2.25,3.29,3.29,3.0,7.0,8.0,3.0,11,0.0,0.0,2.0,2.0,1.0,3.0,-2.0,4.0,7.0,-3.0,-3.0,-4.0,1.0,0.0,0.0,0.0,1.0,2.0,-1.0,30.0,50.0,20.0,50.0,12.0,14.0,24.0,13.0,1421.0,1442.3
2018-02-04,2017,Augsburg,Ein Frankfurt,3,0,H,O,2.35,3.29,3.1,7.0,2.0,1.0,2.0,11,1.0,3.0,0.0,0.0,5.0,7.0,-2.0,4.0,3.0,1.0,1.0,4.0,-3.0,0.0,1.0,-1.0,0.0,0.0,0.0,40.0,20.0,60.0,10.0,16.0,17.0,28.0,8.0,1490.5,1513.2
2018-02-03,2017,Wolfsburg,Stuttgart,1,1,D,U,2.25,3.29,3.29,5.0,2.0,3.0,6.0,11,1.0,0.0,1.0,3.0,5.0,2.0,3.0,4.0,5.0,-1.0,1.0,-3.0,4.0,1.0,0.0,1.0,1.0,0.0,1.0,20.0,20.0,0.0,90.0,15.0,12.0,16.0,14.0,1470.3,1411.8
2018-02-03,2017,Schalke 04,Werder Bremen,1,2,A,O,1.75,3.79,4.75,6.0,7.0,3.0,2.0,11,1.0,1.0,0.0,2.0,6.0,4.0,2.0,5.0,6.0,-1.0,1.0,-2.0,3.0,0.0,0.0,0.0,0.0,1.0,-1.0,50.0,10.0,10.0,50.0,17.0,10.0,10.0,10.0,1540.4,1465.8
2018-02-03,2017,Mainz,Bayern Munich,0,2,A,U,10.0,5.25,1.3,4.0,6.0,3.0,5.0,11,1.0,3.0,2.0,0.0,4.0,5.0,-1.0,7.0,1.0,6.0,-3.0,4.0,-7.0,0.0,1.0,-1.0,2.0,0.0,2.0,50.0,40.0,70.0,20.0,17.0,14.0,13.0,18.0,1434.5,1749.2
2018-02-03,2017,M'gladbach,RB Leipzig,0,1,A,U,2.5,3.39,2.79,3.0,6.0,1.0,7.0,11,2.0,0.0,0.0,2.0,6.0,2.0,4.0,2.0,7.0,-5.0,4.0,-5.0,9.0,2.0,0.0,2.0,0.0,1.0,-1.0,60.0,20.0,30.0,50.0,16.0,13.0,25.0,22.0,1520.9,1563.7
2018-02-03,2017,Hertha,Hoffenheim,1,1,D,U,2.62,3.29,2.75,3.0,4.0,0.0,5.0,11,1.0,0.0,1.0,2.0,5.0,4.0,1.0,4.0,8.0,-4.0,1.0,-4.0,5.0,1.0,0.0,1.0,0.0,1.0,-1.0,40.0,30.0,20.0,50.0,16.0,11.0,12.0,16.0,1494.5,1538.6
2018-02-03,2017,Freiburg,Leverkusen,0,0,D,U,4.0,3.79,1.85,5.0,3.0,2.0,4.0,11,2.0,2.0,0.0,0.0,3.0,10.0,-7.0,1.0,5.0,-4.0,2.0,5.0,-3.0,0.0,2.0,-2.0,0.0,0.0,0.0,40.0,10.0,40.0,30.0,11.0,20.0,18.0,11.0,1510.1,1552.5
2018-02-02,2017,FC Koln,Dortmund,2,3,A,O,5.0,3.79,1.7,5.0,7.0,5.0,2.0,11,2.0,1.0,0.0,0.0,4.0,4.0,0.0,2.0,2.0,0.0,2.0,2.0,0.0,0.0,1.0,-1.0,0.0,0.0,0.0,20.0,60.0,40.0,20.0,15.0,13.0,14.0,15.0,1446.1,1598.3
2018-01-28,2017,Leverkusen,Mainz,2,0,H,U,1.39,5.0,7.5,3.0,1.0,13.0,0.0,10,1.0,0.0,1.0,1.0,3.0,6.0,-3.0,4.0,7.0,-3.0,-1.0,-1.0,0.0,0.0,0.0,0.0,1.0,0.0,1.0,44.4,11.1,0.0,55.6,17.0,17.0,18.0,17.0,1545.4,1441.6
2018-01-28,2017,Hannover,Wolfsburg,0,1,A,U,2.29,3.39,3.1,3.0,2.0,7.0,0.0,10,2.0,0.0,0.0,1.0,9.0,0.0,9.0,6.0,1.0,5.0,3.0,-1.0,4.0,1.0,0.0,1.0,0.0,0.0,0.0,55.6,11.1,11.1,33.3,19.0,9.0,16.0,13.0,1452.1,1460.5
2018-01-27,2017,Werder Bremen,Hertha,0,0,D,U,2.2,3.39,3.29,7.0,2.0,2.0,2.0,10,1.0,1.0,0.0,1.0,4.0,4.0,0.0,3.0,4.0,-1.0,1.0,0.0,1.0,0.0,0.0,0.0,0.0,0.0,0.0,22.2,44.4,22.2,33.3,16.0,10.0,19.0,8.0,1464.9,1495.4
2018-01-27,2017,Stuttgart,Schalke 04,0,2,A,U,2.89,3.25,2.5,2.0,7.0,4.0,6.0,10,1.0,0.0,2.0,1.0,1.0,4.0,-3.0,3.0,6.0,-3.0,-2.0,-2.0,0.0,0.0,0.0,0.0,1.0,1.0,0.0,66.7,22.2,33.3,33.3,11.0,17.0,21.0,20.0,1418.6,1533.6
2018-01-27,2017,RB Leipzig,Hamburg,1,1,D,U,1.5,4.2,7.0,5.0,2.0,3.0,3.0,10,1.0,0.0,1.0,2.0,7.0,1.0,6.0,6.0,4.0,2.0,1.0,-3.0,4.0,1.0,0.0,1.0,0.0,1.0,-1.0,66.7,11.1,11.1,77.8,23.0,12.0,16.0,13.0,1567.8,1416.9
2018-01-27,2017,FC Koln,Augsburg,1,1,D,U,2.79,3.25,2.6,5.0,3.0,6.0,6.0,10,2.0,1.0,1.0,2.0,6.0,5.0,1.0,5.0,6.0,-1.0,1.0,-1.0,2.0,0.0,1.0,-1.0,0.0,1.0,-1.0,22.2,66.7,33.3,44.4,13.0,14.0,12.0,11.0,1444.8,1491.9
2018-01-27,2017,Dortmund,Freiburg,2,2,D,O,1.39,5.0,7.5,4.0,3.0,5.0,2.0,10,1.0,1.0,1.0,0.0,3.0,8.0,-5.0,3.0,7.0,-4.0,0.0,1.0,-1.0,0.0,0.0,0.0,0.0,0.0,0.0,44.4,33.3,11.1,55.6,9.0,18.0,16.0,15.0,1600.9,1507.4
2018-01-27,2017,Bayern Munich,Hoffenheim,5,2,H,O,1.19,7.0,13.0,11.0,4.0,3.0,4.0,10,3.0,0.0,0.0,2.0,8.0,2.0,6.0,3.0,5.0,-2.0,5.0,-3.0,8.0,2.0,0.0,2.0,0.0,1.0,-1.0,88.9,0.0,22.2,44.4,27.0,12.0,26.0,13.0,1744.4,1543.4
2018-01-26,2017,Ein Frankfurt,M'gladbach,2,0,H,U,2.45,3.39,2.89,2.0,2.0,4.0,4.0,10,0.0,0.0,1.0,3.0,3.0,1.0,2.0,4.0,6.0,-2.0,-1.0,-5.0,4.0,0.0,0.0,0.0,0.0,1.0,-1.0,22.2,44.4,33.3,44.4,9.0,18.0,18.0,11.0,1502.4,1531.7
2018-01-21,2017,Schalke 04,Hannover,1,1,D,U,1.57,3.79,6.5,2.0,4.0,1.0,2.0,10,2.0,0.0,0.0,3.0,7.0,2.0,5.0,4.0,10.0,-6.0,3.0,-8.0,11.0,1.0,0.0,1.0,0.0,3.0,-3.0,55.6,11.1,22.2,55.6,19.0,17.0,16.0,13.0,1536.1,1449.6
2018-01-21,2017,Bayern Munich,Werder Bremen,4,2,H,O,1.12,10.0,17.0,7.0,4.0,4.0,7.0,9,3.0,1.0,0.0,2.0,7.0,2.0,5.0,1.0,4.0,-3.0,6.0,-2.0,8.0,2.0,0.0,2.0,0.0,1.0,-1.0,87.5,0.0,11.1,44.4,26.0,9.0,28.0,11.0,1740.9,1468.4
2018-01-20,2017,Wolfsburg,Ein Frankfurt,1,3,A,O,2.2,3.2,3.6,4.0,6.0,4.0,3.0,10,2.0,2.0,0.0,0.0,7.0,5.0,2.0,2.0,3.0,-1.0,5.0,2.0,3.0,2.0,0.0,2.0,0.0,0.0,0.0,22.2,11.1,55.6,11.1,18.0,14.0,13.0,8.0,1469.8,1493.1
2018-01-20,2017,Mainz,Stuttgart,3,2,H,O,2.6,3.2,2.87,12.0,5.0,7.0,3.0,10,1.0,0.0,2.0,2.0,2.0,1.0,1.0,5.0,3.0,2.0,-3.0,-2.0,-1.0,0.0,0.0,0.0,2.0,0.0,2.0,44.4,44.4,0.0,88.9,8.0,11.0,6.0,16.0,1431.7,1428.5
2018-01-20,2017,M'gladbach,Augsburg,2,0,H,U,2.1,3.6,3.39,6.0,3.0,8.0,5.0,10,2.0,1.0,0.0,2.0,6.0,5.0,1.0,3.0,7.0,-4.0,3.0,-2.0,5.0,1.0,1.0,0.0,0.0,1.0,-1.0,55.6,22.2,37.5,37.5,12.0,14.0,19.0,9.0,1522.3,1501.3
2018-01-20,2017,Hoffenheim,Leverkusen,1,4,A,O,2.87,3.6,2.37,3.0,6.0,4.0,1.0,10,2.0,2.0,0.0,0.0,6.0,7.0,-1.0,1.0,4.0,-3.0,5.0,3.0,2.0,1.0,1.0,0.0,0.0,0.0,0.0,55.6,11.1,33.3,33.3,17.0,18.0,4.0,12.0,1554.0,1534.8
2018-01-20,2017,Hamburg,FC Koln,0,2,A,U,2.2,3.29,3.39,3.0,2.0,9.0,3.0,10,1.0,0.0,1.0,2.0,4.0,2.0,2.0,2.0,4.0,-2.0,2.0,-2.0,4.0,1.0,0.0,1.0,0.0,0.0,0.0,33.3,44.4,0.0,77.8,16.0,5.0,22.0,8.0,1426.6,1435.0
2018-01-20,2017,Freiburg,RB Leipzig,2,1,H,O,3.5,3.5,2.1,4.0,3.0,6.0,6.0,10,2.0,0.0,0.0,1.0,3.0,3.0,0.0,1.0,7.0,-6.0,2.0,-4.0,6.0,0.0,0.0,0.0,0.0,1.0,-1.0,33.3,11.1,33.3,44.4,12.0,13.0,14.0,17.0,1495.0,1580.2
2018-01-19,2017,Hertha,Dortmund,1,1,D,U,3.29,3.39,2.2,2.0,4.0,3.0,5.0,10,1.0,1.0,2.0,1.0,6.0,4.0,2.0,7.0,3.0,4.0,-1.0,1.0,-2.0,1.0,1.0,0.0,1.0,0.0,1.0,44.4,33.3,44.4,22.2,22.0,16.0,17.0,14.0,1492.3,1604.0
2018-01-14,2017,FC Koln,M'gladbach,2,1,H,O,3.29,3.5,2.14,3.0,6.0,3.0,3.0,9,1.0,1.0,2.0,2.0,4.0,4.0,0.0,6.0,6.0,0.0,-2.0,-2.0,0.0,0.0,1.0,-1.0,1.0,1.0,0.0,12.5,75.0,37.5,37.5,12.0,17.0,12.0,10.0,1421.8,1535.5
2018-01-14,2017,Dortmund,Wolfsburg,0,0,D,U,1.39,5.0,7.5,1.0,4.0,6.0,7.0,9,1.0,0.0,1.0,2.0,7.0,1.0,6.0,7.0,3.0,4.0,0.0,-2.0,2.0,0.0,0.0,0.0,0.0,0.0,0.0,50.0,37.5,12.5,37.5,14.0,8.0,13.0,7.0,1607.9,1466.0
2018-01-13,2017,Werder Bremen,Hoffenheim,1,1,D,U,2.6,3.39,2.75,3.0,2.0,6.0,8.0,9,2.0,0.0,0.0,3.0,7.0,1.0,6.0,2.0,7.0,-5.0,5.0,-6.0,11.0,1.0,0.0,1.0,0.0,2.0,-2.0,25.0,50.0,25.0,50.0,20.0,12.0,16.0,13.0,1465.8,1556.5
2018-01-13,2017,Stuttgart,Hertha,1,0,H,U,2.14,3.29,3.6,2.0,1.0,4.0,4.0,9,1.0,2.0,2.0,0.0,2.0,6.0,-4.0,4.0,3.0,1.0,-2.0,3.0,-5.0,0.0,1.0,-1.0,1.0,0.0,1.0,62.5,25.0,25.0,25.0,13.0,16.0,22.0,8.0,1416.0,1504.8
2018-01-13,2017,RB Leipzig,Schalke 04,3,1,H,O,2.1,3.39,3.6,9.0,6.0,4.0,4.0,9,1.0,0.0,1.0,0.0,6.0,7.0,-1.0,5.0,7.0,-2.0,1.0,0.0,1.0,1.0,0.0,1.0,0.0,0.0,0.0,62.5,12.5,37.5,25.0,20.0,18.0,20.0,21.0,1570.9,1545.3
2018-01-13,2017,Hannover,Mainz,3,2,H,O,2.2,3.39,3.29,9.0,5.0,8.0,8.0,9,1.0,0.0,0.0,1.0,7.0,5.0,2.0,5.0,6.0,-1.0,2.0,-1.0,3.0,1.0,0.0,1.0,0.0,0.0,0.0,50.0,12.5,0.0,50.0,14.0,17.0,12.0,14.0,1439.6,1441.8
2018-01-13,2017,Ein Frankfurt,Freiburg,1,1,D,U,1.85,3.5,4.5,4.0,1.0,9.0,2.0,9,0.0,1.0,2.0,1.0,2.0,8.0,-6.0,4.0,9.0,-5.0,-2.0,-1.0,-1.0,0.0,0.0,0.0,0.0,1.0,-1.0,25.0,50.0,12.5,62.5,8.0,24.0,18.0,16.0,1493.0,1495.1
2018-01-13,2017,Augsburg,Hamburg,1,0,H,U,1.95,3.39,4.2,5.0,6.0,6.0,4.0,10,1.0,0.0,0.0,2.0,6.0,1.0,5.0,5.0,5.0,0.0,1.0,-4.0,5.0,0.0,0.0,0.0,0.0,2.0,-2.0,33.3,22.2,12.5,75.0,19.0,7.0,28.0,15.0,1492.9,1435.0
2018-01-12,2017,Leverkusen,Bayern Munich,1,3,A,O,4.2,3.79,1.83,1.0,6.0,6.0,6.0,9,1.0,2.0,0.0,1.0,4.0,3.0,1.0,3.0,2.0,1.0,1.0,1.0,0.0,0.0,0.0,0.0,0.0,0.0,0.0,50.0,0.0,66.7,22.2,19.0,15.0,14.0,17.0,1539.7,1736.1
2017-12-17,2017,RB Leipzig,Hertha,2,3,A,O,1.57,3.79,6.0,7.0,5.0,6.0,1.0,8,2.0,1.0,0.0,0.0,6.0,6.0,0.0,3.0,4.0,-1.0,3.0,2.0,1.0,1.0,1.0,0.0,0.0,0.0,0.0,71.4,0.0,14.3,28.6,19.0,17.0,16.0,9.0,1583.5,1492.2
2017-12-17,2017,Hannover,Leverkusen,4,4,D,O,4.33,3.79,1.8,7.0,10.0,6.0,5.0,8,2.0,2.0,0.0,0.0,7.0,4.0,3.0,3.0,1.0,2.0,4.0,3.0,1.0,2.0,1.0,1.0,0.0,0.0,0.0,57.1,14.3,37.5,37.5,14.0,11.0,11.0,10.0,1436.6,1542.7
2017-12-16,2017,Werder Bremen,Mainz,2,2,D,O,1.95,3.5,4.0,7.0,3.0,8.0,5.0,8,2.0,0.0,1.0,1.0,5.0,4.0,1.0,3.0,5.0,-2.0,2.0,-1.0,3.0,1.0,0.0,1.0,1.0,0.0,1.0,28.6,57.1,0.0,57.1,16.0,21.0,15.0,18.0,1466.6,1441.0
2017-12-16,2017,Stuttgart,Bayern Munich,0,1,A,U,10.0,5.0,1.33,4.0,7.0,9.0,7.0,8,2.0,2.0,1.0,1.0,5.0,5.0,0.0,3.0,3.0,0.0,2.0,2.0,0.0,1.0,1.0,0.0,1.0,0.0,1.0,71.4,14.3,62.5,25.0,15.0,13.0,19.0,13.0,1418.8,1733.2
2017-12-16,2017,FC Koln,Wolfsburg,1,0,H,U,3.6,3.5,2.04,7.0,5.0,5.0,4.0,8,0.0,0.0,3.0,1.0,3.0,2.0,1.0,9.0,3.0,6.0,-6.0,-1.0,-5.0,0.0,0.0,0.0,2.0,0.0,2.0,0.0,85.7,14.3,28.6,9.0,5.0,14.0,5.0,1409.9,1477.9
2017-12-16,2017,Ein Frankfurt,Schalke 04,2,2,D,O,2.5,3.1,3.1,2.0,5.0,4.0,6.0,8,1.0,1.0,2.0,0.0,2.0,6.0,-4.0,3.0,5.0,-2.0,-1.0,1.0,-2.0,0.0,0.0,0.0,0.0,0.0,0.0,28.6,57.1,42.9,28.6,11.0,16.0,21.0,16.0,1491.4,1546.9
2017-12-16,2017,Dortmund,Hoffenheim,2,1,H,O,1.5,4.33,6.5,3.0,5.0,6.0,4.0,8,0.0,1.0,2.0,2.0,6.0,3.0,3.0,9.0,5.0,4.0,-3.0,-2.0,-1.0,0.0,1.0,-1.0,1.0,2.0,-1.0,42.9,42.9,28.6,42.9,15.0,15.0,11.0,15.0,1598.8,1565.5
2017-12-16,2017,Augsburg,Freiburg,3,3,D,O,1.75,3.6,5.0,8.0,6.0,11.0,4.0,9,1.0,1.0,0.0,2.0,4.0,5.0,-1.0,3.0,9.0,-6.0,1.0,-4.0,5.0,0.0,0.0,0.0,0.0,2.0,-2.0,37.5,25.0,14.3,71.4,15.0,18.0,23.0,12.0,1492.9,1495.2
2017-12-15,2017,M'gladbach,Hamburg,3,1,H,O,1.8,3.6,4.5,5.0,3.0,9.0,4.0,9,1.0,0.0,0.0,2.0,4.0,1.0,3.0,3.0,4.0,-1.0,1.0,-3.0,4.0,0.0,0.0,0.0,0.0,1.0,-1.0,50.0,25.0,14.3,71.4,10.0,8.0,19.0,22.0,1527.9,1442.6
2017-12-13,2017,Schalke 04,Augsburg,3,2,H,O,1.83,3.6,4.5,5.0,7.0,2.0,3.0,9,1.0,2.0,0.0,1.0,5.0,6.0,-1.0,3.0,4.0,-1.0,2.0,2.0,0.0,1.0,2.0,-1.0,0.0,1.0,-1.0,50.0,12.5,42.9,28.6,21.0,13.0,18.0,9.0,1537.9,1501.8
2017-12-13,2017,Leverkusen,Werder Bremen,1,0,H,U,1.44,4.75,7.0,7.0,2.0,5.0,1.0,8,1.0,1.0,0.0,2.0,5.0,3.0,2.0,4.0,5.0,-1.0,1.0,-2.0,3.0,0.0,0.0,0.0,0.0,1.0,-1.0,42.9,0.0,12.5,37.5,17.0,14.0,17.0,18.0,1534.4,1474.9
2017-12-13,2017,Hoffenheim,Stuttgart,1,0,H,U,1.9,3.6,4.0,3.0,3.0,0.0,3.0,9,1.0,0.0,1.0,2.0,6.0,2.0,4.0,4.0,5.0,-1.0,2.0,-3.0,5.0,1.0,0.0,1.0,1.0,1.0,0.0,50.0,12.5,0.0,87.5,19.0,10.0,9.0,16.0,1559.2,1425.1
2017-12-13,2017,Hertha,Hannover,3,1,H,O,2.0,3.29,4.0,9.0,6.0,5.0,8.0,9,1.0,0.0,2.0,3.0,5.0,2.0,3.0,7.0,9.0,-2.0,-2.0,-7.0,5.0,0.0,0.0,0.0,1.0,2.0,-1.0,37.5,37.5,25.0,50.0,16.0,15.0,21.0,8.0,1483.3,1445.5
2017-12-13,2017,Bayern Munich,FC Koln,1,0,H,U,1.08,12.0,26.0,8.0,1.0,13.0,1.0,8,3.0,0.0,0.0,2.0,8.0,3.0,5.0,1.0,5.0,-4.0,7.0,-2.0,9.0,3.0,0.0,3.0,0.0,0.0,0.0,85.7,0.0,0.0,75.0,25.0,6.0,26.0,17.0,1730.5,1412.7
2017-12-12,2017,Wolfsburg,RB Leipzig,1,1,D,U,3.0,3.6,2.29,5.0,5.0,6.0,9.0,9,2.0,0.0,0.0,2.0,9.0,2.0,7.0,4.0,8.0,-4.0,5.0,-6.0,11.0,2.0,0.0,2.0,0.0,2.0,-2.0,25.0,12.5,37.5,50.0,21.0,9.0,11.0,9.0,1474.8,1586.6
2017-12-12,2017,Mainz,Dortmund,0,2,A,U,5.0,4.0,1.61,0.0,6.0,2.0,6.0,9,1.0,0.0,1.0,2.0,3.0,4.0,-1.0,4.0,7.0,-3.0,-1.0,-3.0,2.0,0.0,0.0,0.0,1.0,1.0,0.0,50.0,37.5,37.5,25.0,11.0,14.0,9.0,14.0,1447.1,1592.8
2017-12-12,2017,Hamburg,Ein Frankfurt,1,2,A,O,2.6,3.2,2.79,6.0,6.0,9.0,3.0,9,2.0,1.0,0.0,0.0,6.0,4.0,2.0,1.0,3.0,-2.0,5.0,1.0,4.0,2.0,0.0,2.0,0.0,0.0,0.0,37.5,37.5,50.0,12.5,22.0,11.0,24.0,10.0,1451.7,1482.3
2017-12-12,2017,Freiburg,M'gladbach,1,0,H,U,3.39,3.39,2.14,5.0,3.0,5.0,3.0,9,1.0,2.0,1.0,1.0,2.0,7.0,-5.0,2.0,6.0,-4.0,0.0,1.0,-1.0,0.0,2.0,-2.0,0.0,1.0,-1.0,25.0,12.5,42.9,28.6,9.0,20.0,15.0,12.0,1483.6,1539.5
2017-12-10,2017,Hannover,Hoffenheim,2,0,H,U,2.7,3.39,2.5,3.0,5.0,2.0,1.0,7,1.0,1.0,1.0,1.0,6.0,4.0,2.0,5.0,4.0,1.0,1.0,0.0,1.0,1.0,1.0,0.0,0.0,1.0,-1.0,50.0,16.7,33.3,33.3,13.0,15.0,15.0,18.0,1431.7,1573.1
2017-12-10,2017,FC Koln,Freiburg,3,4,A,O,2.25,3.25,3.2,3.0,11.0,4.0,9.0,7,0.0,0.0,2.0,3.0,0.0,1.0,-1.0,5.0,11.0,-6.0,-5.0,-10.0,5.0,0.0,0.0,0.0,2.0,3.0,-1.0,0.0,83.3,0.0,83.3,14.0,9.0,13.0,4.0,1421.1,1475.1
2017-12-10,2017,Augsburg,Hertha,1,1,D,U,1.95,3.29,4.0,3.0,4.0,11.0,3.0,8,1.0,1.0,1.0,0.0,4.0,6.0,-2.0,4.0,4.0,0.0,0.0,2.0,-2.0,0.0,1.0,-1.0,0.0,0.0,0.0,42.9,28.6,16.7,33.3,17.0,16.0,23.0,7.0,1502.4,1482.7
2017-12-09,2017,RB Leipzig,Mainz,2,2,D,O,1.39,4.75,8.0,7.0,9.0,6.0,4.0,7,3.0,0.0,0.0,2.0,5.0,2.0,3.0,1.0,5.0,-4.0,4.0,-3.0,7.0,1.0,0.0,1.0,0.0,1.0,-1.0,83.3,0.0,0.0,66.7,15.0,14.0,13.0,15.0,1590.6,1443.1
2017-12-09,2017,M'gladbach,Schalke 04,1,1,D,U,2.25,3.39,3.2,5.0,6.0,8.0,10.0,8,1.0,2.0,1.0,0.0,4.0,7.0,-3.0,7.0,4.0,3.0,-3.0,3.0,-6.0,0.0,1.0,-1.0,1.0,0.0,1.0,57.1,28.6,50.0,33.3,8.0,16.0,15.0,11.0,1539.5,1537.9
2017-12-09,2017,Hamburg,Wolfsburg,0,0,D,U,2.5,3.29,2.87,3.0,0.0,6.0,2.0,8,2.0,0.0,1.0,1.0,6.0,4.0,2.0,2.0,5.0,-3.0,4.0,-1.0,5.0,2.0,0.0,2.0,0.0,0.0,0.0,42.9,42.9,16.7,33.3,22.0,9.0,25.0,5.0,1451.0,1475.5
2017-12-09,2017,Ein Frankfurt,Bayern Munich,0,1,A,U,7.0,4.75,1.44,3.0,1.0,5.0,5.0,7,1.0,2.0,1.0,1.0,4.0,5.0,-1.0,4.0,3.0,1.0,0.0,2.0,-2.0,0.0,1.0,-1.0,0.0,0.0,0.0,33.3,50.0,57.1,28.6,15.0,16.0,20.0,15.0,1486.3,1726.5
2017-12-09,2017,Dortmund,Werder Bremen,1,2,A,O,1.39,5.25,7.0,5.0,4.0,4.0,2.0,7,0.0,0.0,2.0,2.0,7.0,1.0,6.0,10.0,4.0,6.0,-3.0,-3.0,0.0,0.0,0.0,0.0,1.0,1.0,0.0,50.0,33.3,0.0,42.9,18.0,12.0,10.0,22.0,1606.8,1460.9
2017-12-08,2017,Stuttgart,Leverkusen,0,2,A,U,3.2,3.5,2.25,5.0,4.0,8.0,5.0,7,3.0,2.0,0.0,0.0,7.0,7.0,0.0,2.0,2.0,0.0,5.0,5.0,0.0,1.0,1.0,0.0,0.0,0.0,0.0,83.3,0.0,28.6,42.9,17.0,13.0,16.0,9.0,1432.5,1527.0
2017-12-03,2017,Wolfsburg,M'gladbach,3,0,H,O,2.62,3.39,2.62,6.0,9.0,6.0,5.0,8,1.0,3.0,0.0,0.0,7.0,9.0,-2.0,5.0,3.0,2.0,2.0,6.0,-4.0,1.0,3.0,-2.0,0.0,0.0,0.0,14.3,14.3,50.0,16.7,21.0,19.0,13.0,12.0,1463.0,1552.0
2017-12-03,2017,Hertha,Ein Frankfurt,1,2,A,O,2.7,3.25,2.7,5.0,5.0,4.0,2.0,8,1.0,1.0,2.0,0.0,4.0,4.0,0.0,7.0,3.0,4.0,-3.0,1.0,-4.0,0.0,0.0,0.0,2.0,0.0,2.0,42.9,28.6,42.9,14.3,11.0,10.0,18.0,13.0,1493.2,1475.8
2017-12-02,2017,Werder Bremen,Stuttgart,1,0,H,U,2.29,3.39,3.1,6.0,4.0,5.0,8.0,7,1.0,0.0,2.0,2.0,4.0,2.0,2.0,5.0,5.0,0.0,-1.0,-3.0,2.0,1.0,0.0,1.0,2.0,1.0,1.0,16.7,66.7,0.0,85.7,15.0,8.0,15.0,13.0,1451.1,1442.2
2017-12-02,2017,Schalke 04,FC Koln,2,2,D,O,1.44,4.33,8.0,10.0,4.0,7.0,4.0,8,2.0,0.0,0.0,3.0,5.0,2.0,3.0,1.0,5.0,-4.0,4.0,-3.0,7.0,2.0,0.0,2.0,0.0,0.0,0.0,57.1,14.3,0.0,85.7,16.0,5.0,16.0,17.0,1541.3,1417.7
2017-12-02,2017,Mainz,Augsburg,1,3,A,O,2.6,3.25,2.79,5.0,4.0,4.0,3.0,8,2.0,1.0,0.0,1.0,5.0,5.0,0.0,3.0,5.0,-2.0,2.0,0.0,2.0,0.0,1.0,-1.0,0.0,1.0,-1.0,57.1,28.6,33.3,33.3,10.0,14.0,9.0,9.0,1451.9,1493.6
2017-12-02,2017,Leverkusen,Dortmund,1,1,D,U,2.25,3.6,3.0,9.0,3.0,7.0,4.0,7,1.0,0.0,0.0,2.0,6.0,5.0,1.0,5.0,8.0,-3.0,1.0,-3.0,4.0,0.0,0.0,0.0,0.0,1.0,-1.0,50.0,0.0,42.9,28.6,18.0,18.0,21.0,14.0,1524.6,1609.1
2017-12-02,2017,Hoffenheim,RB Leipzig,4,0,H,O,3.29,3.6,2.1,8.0,5.0,0.0,7.0,8,0.0,1.0,1.0,1.0,4.0,5.0,-1.0,6.0,6.0,0.0,-2.0,-1.0,-1.0,0.0,0.0,0.0,1.0,1.0,0.0,42.9,14.3,42.9,42.9,18.0,10.0,15.0,4.0,1561.9,1601.7
2017-12-02,2017,Bayern Munich,Hannover,3,1,H,O,1.14,9.0,17.0,12.0,4.0,9.0,3.0,7,3.0,1.0,0.0,2.0,10.0,3.0,7.0,0.0,7.0,-7.0,10.0,-4.0,14.0,3.0,0.0,3.0,0.0,1.0,-1.0,83.3,0.0,28.6,42.9,23.0,17.0,26.0,7.0,1723.3,1434.9
2017-12-01,2017,Freiburg,Hamburg,0,0,D,U,2.5,3.25,2.89,2.0,3.0,7.0,5.0,8,1.0,0.0,1.0,3.0,3.0,3.0,0.0,3.0,7.0,-4.0,0.0,-4.0,4.0,0.0,0.0,0.0,0.0,1.0,-1.0,28.6,14.3,16.7,83.3,15.0,7.0,14.0,19.0,1475.8,1450.2
2017-11-26,2017,Hamburg,Hoffenheim,3,0,H,O,2.79,3.39,2.5,7.0,2.0,7.0,8.0,7,1.0,1.0,1.0,1.0,3.0,6.0,-3.0,2.0,4.0,-2.0,1.0,2.0,-1.0,1.0,1.0,0.0,0.0,0.0,0.0,33.3,50.0,40.0,20.0,21.0,19.0,24.0,17.0,1436.4,1575.8
2017-11-26,2017,FC Koln,Hertha,0,2,A,U,2.5,3.2,3.0,2.0,7.0,3.0,4.0,6,0.0,0.0,2.0,1.0,1.0,4.0,-3.0,5.0,5.0,0.0,-4.0,-1.0,-3.0,0.0,0.0,0.0,1.0,0.0,1.0,0.0,80.0,0.0,40.0,18.0,10.0,19.0,4.0,1426.0,1484.9
2017-11-25,2017,RB Leipzig,Werder Bremen,2,0,H,U,1.5,4.33,6.5,6.0,3.0,8.0,8.0,6,3.0,0.0,0.0,1.0,5.0,1.0,4.0,2.0,2.0,0.0,3.0,-1.0,4.0,0.0,0.0,0.0,0.0,0.0,0.0,80.0,0.0,0.0,33.3,14.0,12.0,7.0,21.0,1595.5,1457.4
2017-11-25,2017,M'gladbach,Bayern Munich,2,1,H,O,5.75,4.75,1.5,2.0,7.0,2.0,5.0,7,1.0,2.0,1.0,0.0,4.0,6.0,-2.0,7.0,3.0,4.0,-3.0,3.0,-6.0,0.0,1.0,-1.0,1.0,0.0,1.0,50.0,33.3,66.7,16.7,14.0,14.0,21.0,19.0,1536.8,1738.5
2017-11-25,2017,Freiburg,Mainz,2,1,H,O,2.75,3.29,2.6,5.0,5.0,2.0,5.0,7,1.0,0.0,1.0,1.0,4.0,2.0,2.0,4.0,4.0,0.0,0.0,-2.0,2.0,0.0,0.0,0.0,0.0,1.0,-1.0,16.7,16.7,0.0,60.0,16.0,12.0,21.0,16.0,1466.0,1461.8
2017-11-25,2017,Ein Frankfurt,Leverkusen,0,1,A,U,2.62,3.5,2.62,3.0,4.0,9.0,2.0,6,2.0,1.0,0.0,0.0,6.0,7.0,-1.0,4.0,3.0,1.0,2.0,4.0,-2.0,0.0,1.0,-1.0,0.0,0.0,0.0,40.0,40.0,16.7,50.0,18.0,15.0,14.0,11.0,1484.9,1515.5
2017-11-25,2017,Dortmund,Schalke 04,4,4,D,O,1.72,4.2,4.33,6.0,7.0,3.0,5.0,6,1.0,2.0,2.0,1.0,9.0,3.0,6.0,7.0,2.0,5.0,2.0,1.0,1.0,1.0,1.0,0.0,1.0,1.0,0.0,60.0,40.0,60.0,40.0,21.0,12.0,14.0,11.0,1611.2,1539.3
2017-11-25,2017,Augsburg,Wolfsburg,2,1,H,O,2.37,3.29,3.1,8.0,3.0,6.0,1.0,7,0.0,0.0,2.0,0.0,3.0,5.0,-2.0,5.0,5.0,0.0,-2.0,0.0,-2.0,0.0,0.0,0.0,0.0,0.0,0.0,33.3,33.3,20.0,20.0,14.0,9.0,22.0,7.0,1483.9,1472.7
2017-11-24,2017,Hannover,Stuttgart,1,1,D,U,2.29,3.39,3.1,4.0,4.0,4.0,5.0,6,1.0,0.0,1.0,3.0,5.0,2.0,3.0,4.0,6.0,-2.0,1.0,-4.0,5.0,1.0,0.0,1.0,0.0,1.0,-1.0,60.0,20.0,0.0,100.0,10.0,9.0,17.0,14.0,1434.6,1442.5
2017-11-19,2017,Werder Bremen,Hannover,4,0,H,O,2.2,3.39,3.29,7.0,7.0,3.0,2.0,6,0.0,1.0,2.0,2.0,0.0,4.0,-4.0,5.0,5.0,0.0,-5.0,-1.0,-4.0,0.0,0.0,0.0,2.0,0.0,2.0,0.0,80.0,33.3,33.3,14.0,12.0,16.0,12.0,1447.5,1444.6
2017-11-19,2017,Schalke 04,Hamburg,2,0,H,U,1.57,3.79,6.5,4.0,1.0,7.0,6.0,7,1.0,0.0,0.0,3.0,4.0,3.0,1.0,2.0,8.0,-6.0,2.0,-5.0,7.0,1.0,0.0,1.0,0.0,1.0,-1.0,50.0,16.7,20.0,80.0,17.0,8.0,16.0,16.0,1531.7,1444.0
2017-11-18,2017,Wolfsburg,Freiburg,3,1,H,O,1.61,3.75,6.0,7.0,7.0,1.0,3.0,7,0.0,0.0,0.0,2.0,5.0,0.0,5.0,5.0,8.0,-3.0,0.0,-8.0,8.0,0.0,0.0,0.0,0.0,2.0,-2.0,0.0,16.7,0.0,80.0,16.0,8.0,17.0,6.0,1462.3,1476.4
2017-11-18,2017,Mainz,FC Koln,1,0,H,U,2.04,3.39,3.79,3.0,0.0,0.0,3.0,7,2.0,0.0,0.0,2.0,5.0,2.0,3.0,3.0,4.0,-1.0,2.0,-2.0,4.0,0.0,0.0,0.0,0.0,0.0,0.0,50.0,33.3,0.0,83.3,10.0,6.0,13.0,21.0,1452.2,1435.6
2017-11-18,2017,Leverkusen,RB Leipzig,2,2,D,O,2.29,3.5,3.0,3.0,3.0,2.0,1.0,6,2.0,2.0,0.0,1.0,7.0,5.0,2.0,3.0,5.0,-2.0,4.0,0.0,4.0,1.0,0.0,1.0,0.0,1.0,-1.0,60.0,0.0,50.0,50.0,21.0,17.0,25.0,10.0,1513.1,1597.9
2017-11-18,2017,Hoffenheim,Ein Frankfurt,1,1,D,U,2.2,3.39,3.39,6.0,3.0,4.0,3.0,7,1.0,1.0,1.0,1.0,5.0,4.0,1.0,5.0,4.0,1.0,0.0,0.0,0.0,1.0,0.0,1.0,1.0,0.0,1.0,50.0,16.7,50.0,16.7,18.0,10.0,11.0,14.0,1578.5,1482.2
2017-11-18,2017,Hertha,M'gladbach,2,4,A,O,2.89,3.25,2.5,8.0,5.0,8.0,2.0,7,1.0,2.0,1.0,1.0,4.0,6.0,-2.0,5.0,7.0,-2.0,-1.0,-1.0,0.0,0.0,2.0,-2.0,1.0,1.0,0.0,50.0,16.7,40.0,20.0,8.0,19.0,11.0,10.0,1493.9,1527.8
2017-11-18,2017,Bayern Munich,Augsburg,3,0,H,O,1.16,8.0,15.0,6.0,3.0,6.0,3.0,6,2.0,1.0,0.0,0.0,9.0,5.0,4.0,2.0,2.0,0.0,7.0,3.0,4.0,2.0,1.0,1.0,0.0,0.0,0.0,80.0,0.0,40.0,20.0,20.0,13.0,27.0,9.0,1734.6,1487.8
2017-11-17,2017,Stuttgart,Dortmund,2,1,H,O,4.2,3.89,1.8,4.0,7.0,5.0,4.0,6,2.0,1.0,0.0,1.0,5.0,6.0,-1.0,1.0,7.0,-6.0,4.0,-1.0,5.0,1.0,0.0,1.0,0.0,1.0,-1.0,80.0,0.0,50.0,16.7,15.0,19.0,16.0,15.0,1427.3,1626.4
2017-11-05,2017,Wolfsburg,Hertha,3,3,D,O,2.0,3.39,4.0,8.0,6.0,4.0,2.0,6,0.0,0.0,0.0,1.0,3.0,2.0,1.0,3.0,3.0,0.0,0.0,-1.0,1.0,0.0,0.0,0.0,0.0,0.0,0.0,0.0,20.0,0.0,50.0,12.0,8.0,16.0,4.0,1461.3,1494.9
2017-11-05,2017,FC Koln,Hoffenheim,0,3,A,O,2.87,3.39,2.45,4.0,8.0,7.0,6.0,5,0.0,1.0,2.0,1.0,1.0,6.0,-5.0,3.0,6.0,-3.0,-2.0,0.0,-2.0,0.0,0.0,0.0,0.0,0.0,0.0,0.0,75.0,25.0,25.0,22.0,17.0,16.0,22.0,1442.0,1572.0
2017-11-04,2017,RB Leipzig,Hannover,2,1,H,O,1.44,4.5,7.5,6.0,4.0,2.0,3.0,5,2.0,1.0,0.0,1.0,5.0,4.0,1.0,3.0,4.0,-1.0,2.0,0.0,2.0,0.0,0.0,0.0,0.0,0.0,0.0,75.0,0.0,40.0,20.0,11.0,11.0,8.0,12.0,1591.8,1450.7
2017-11-04,2017,M'gladbach,Mainz,1,1,D,U,1.61,4.0,5.5,3.0,7.0,9.0,9.0,6,2.0,0.0,1.0,2.0,5.0,1.0,4.0,6.0,7.0,-1.0,-1.0,-6.0,5.0,1.0,0.0,1.0,1.0,2.0,-1.0,60.0,40.0,0.0,75.0,14.0,9.0,16.0,12.0,1530.0,1450.0
2017-11-04,2017,Hamburg,Stuttgart,3,1,H,O,2.45,3.39,2.87,12.0,2.0,11.0,3.0,6,0.0,0.0,2.0,3.0,0.0,1.0,-1.0,4.0,5.0,-1.0,-4.0,-4.0,0.0,0.0,0.0,0.0,1.0,1.0,0.0,20.0,60.0,0.0,100.0,11.0,11.0,17.0,12.0,1433.9,1437.4
2017-11-04,2017,Freiburg,Schalke 04,0,1,A,U,3.79,3.29,2.04,2.0,3.0,6.0,1.0,6,1.0,2.0,0.0,1.0,5.0,4.0,1.0,4.0,3.0,1.0,1.0,1.0,0.0,0.0,1.0,-1.0,0.0,1.0,-1.0,20.0,0.0,50.0,50.0,19.0,13.0,20.0,15.0,1485.3,1522.8
2017-11-04,2017,Dortmund,Bayern Munich,1,3,A,O,3.29,3.79,2.04,4.0,5.0,4.0,3.0,5,2.0,2.0,1.0,0.0,13.0,6.0,7.0,4.0,2.0,2.0,9.0,4.0,5.0,2.0,1.0,1.0,0.0,0.0,0.0,75.0,25.0,60.0,20.0,25.0,17.0,18.0,22.0,1633.7,1727.2
2017-11-04,2017,Augsburg,Leverkusen,1,1,D,U,3.5,3.6,2.04,4.0,3.0,6.0,3.0,6,1.0,1.0,2.0,1.0,3.0,7.0,-4.0,4.0,4.0,0.0,-1.0,3.0,-4.0,0.0,1.0,-1.0,0.0,0.0,0.0,40.0,40.0,20.0,60.0,14.0,17.0,19.0,14.0,1487.0,1513.9
2017-11-03,2017,Ein Frankfurt,Werder Bremen,2,1,H,O,1.75,3.75,4.75,5.0,7.0,7.0,8.0,5,1.0,0.0,1.0,0.0,5.0,1.0,4.0,5.0,1.0,4.0,0.0,0.0,0.0,0.0,0.0,0.0,0.0,0.0,0.0,25.0,50.0,0.0,20.0,21.0,9.0,11.0,17.0,1472.7,1457.0
2017-10-29,2017,Werder Bremen,Augsburg,0,3,A,O,2.29,3.29,3.2,3.0,6.0,7.0,3.0,5,0.0,1.0,2.0,0.0,1.0,4.0,-3.0,4.0,3.0,1.0,-3.0,1.0,-4.0,0.0,0.0,0.0,1.0,0.0,1.0,0.0,75.0,25.0,25.0,13.0,10.0,15.0,10.0,1466.7,1477.3
2017-10-29,2017,Stuttgart,Freiburg,3,0,H,O,1.83,3.5,4.5,6.0,0.0,6.0,0.0,5,2.0,0.0,0.0,2.0,3.0,0.0,3.0,1.0,9.0,-8.0,2.0,-9.0,11.0,0.0,0.0,0.0,0.0,2.0,-2.0,75.0,0.0,0.0,75.0,13.0,9.0,12.0,10.0,1425.3,1497.3
2017-10-28,2017,Schalke 04,Wolfsburg,1,1,D,U,1.75,3.6,5.0,7.0,2.0,4.0,2.0,6,1.0,0.0,1.0,1.0,3.0,4.0,-1.0,4.0,5.0,-1.0,-1.0,-1.0,0.0,1.0,0.0,1.0,1.0,0.0,1.0,60.0,20.0,25.0,25.0,14.0,8.0,14.0,8.0,1524.7,1459.4
2017-10-28,2017,Leverkusen,FC Koln,2,1,H,O,1.33,5.25,9.0,5.0,2.0,8.0,10.0,5,2.0,0.0,0.0,2.0,9.0,1.0,8.0,2.0,7.0,-5.0,7.0,-6.0,13.0,2.0,0.0,2.0,0.0,1.0,-1.0,50.0,0.0,0.0,80.0,25.0,6.0,22.0,16.0,1505.5,1450.4
2017-10-28,2017,Hoffenheim,M'gladbach,1,3,A,O,2.04,3.6,3.5,5.0,6.0,5.0,5.0,6,1.0,1.0,0.0,1.0,5.0,5.0,0.0,3.0,8.0,-5.0,2.0,-3.0,5.0,1.0,1.0,0.0,0.0,1.0,-1.0,60.0,0.0,25.0,25.0,15.0,16.0,11.0,7.0,1583.9,1518.2
2017-10-28,2017,Hertha,Hamburg,2,1,H,O,1.9,3.39,4.33,3.0,4.0,9.0,11.0,6,1.0,0.0,1.0,3.0,4.0,2.0,2.0,5.0,8.0,-3.0,-1.0,-6.0,5.0,0.0,0.0,0.0,1.0,2.0,-1.0,40.0,20.0,25.0,75.0,8.0,7.0,5.0,12.0,1486.1,1442.6
2017-10-28,2017,Hannover,Dortmund,4,2,H,O,5.5,4.2,1.57,7.0,4.0,5.0,6.0,5,1.0,2.0,1.0,0.0,3.0,7.0,-4.0,2.0,3.0,-1.0,1.0,4.0,-3.0,1.0,1.0,0.0,0.0,0.0,0.0,50.0,25.0,60.0,0.0,7.0,22.0,16.0,12.0,1435.2,1649.2
2017-10-28,2017,Bayern Munich,RB Leipzig,2,0,H,U,1.33,5.5,8.5,7.0,1.0,11.0,1.0,5,2.0,2.0,0.0,1.0,11.0,5.0,6.0,2.0,4.0,-2.0,9.0,1.0,8.0,2.0,0.0,2.0,0.0,0.0,0.0,75.0,0.0,60.0,40.0,27.0,19.0,26.0,11.0,1720.6,1598.4
2017-10-27,2017,Mainz,Ein Frankfurt,1,1,D,U,2.79,3.2,2.54,3.0,3.0,5.0,5.0,6,2.0,2.0,1.0,1.0,6.0,4.0,2.0,5.0,3.0,2.0,1.0,1.0,0.0,0.0,0.0,0.0,0.0,0.0,0.0,60.0,40.0,60.0,20.0,13.0,11.0,13.0,14.0,1449.3,1473.4
2017-10-22,2017,Wolfsburg,Hoffenheim,1,1,D,U,2.5,3.39,2.79,6.0,5.0,8.0,4.0,5,0.0,1.0,0.0,1.0,3.0,7.0,-4.0,3.0,7.0,-4.0,0.0,0.0,0.0,0.0,0.0,0.0,0.0,0.0,0.0,0.0,25.0,33.3,33.3,12.0,16.0,11.0,19.0,1455.8,1587.5
2017-10-22,2017,Freiburg,Hertha,1,1,D,U,2.54,3.29,2.79,8.0,3.0,6.0,1.0,5,1.0,0.0,0.0,2.0,4.0,1.0,3.0,3.0,4.0,-1.0,1.0,-3.0,4.0,0.0,0.0,0.0,0.0,1.0,-1.0,25.0,0.0,0.0,66.7,13.0,9.0,14.0,7.0,1497.7,1485.8
2017-10-22,2017,FC Koln,Werder Bremen,0,0,D,U,2.39,3.29,3.0,8.0,2.0,3.0,6.0,4,0.0,0.0,3.0,0.0,2.0,2.0,0.0,6.0,2.0,4.0,-4.0,0.0,-4.0,0.0,0.0,0.0,1.0,0.0,1.0,0.0,100.0,0.0,25.0,20.0,12.0,19.0,18.0,1449.9,1467.2
2017-10-21,2017,RB Leipzig,Stuttgart,1,0,H,U,1.53,4.0,7.0,3.0,2.0,3.0,5.0,4,2.0,0.0,0.0,3.0,8.0,2.0,6.0,4.0,7.0,-3.0,4.0,-5.0,9.0,1.0,0.0,1.0,0.0,2.0,-2.0,66.7,0.0,0.0,100.0,19.0,11.0,13.0,8.0,1592.7,1431.0
2017-10-21,2017,M'gladbach,Leverkusen,1,5,A,O,2.45,3.39,2.87,3.0,6.0,4.0,4.0,5,2.0,0.0,1.0,2.0,4.0,3.0,1.0,2.0,6.0,-4.0,2.0,-3.0,5.0,1.0,0.0,1.0,0.0,1.0,-1.0,75.0,25.0,0.0,75.0,14.0,13.0,25.0,13.0,1529.2,1494.5
2017-10-21,2017,Hamburg,Bayern Munich,0,1,A,U,19.0,7.0,1.16,3.0,4.0,7.0,7.0,5,0.0,1.0,2.0,1.0,0.0,5.0,-5.0,5.0,4.0,1.0,-5.0,1.0,-6.0,0.0,1.0,-1.0,2.0,1.0,1.0,25.0,50.0,50.0,25.0,10.0,19.0,14.0,19.0,1446.1,1717.1
2017-10-21,2017,Ein Frankfurt,Dortmund,2,2,D,O,5.0,3.75,1.72,7.0,7.0,4.0,4.0,4,1.0,2.0,2.0,0.0,3.0,5.0,-2.0,4.0,1.0,3.0,-1.0,4.0,-5.0,0.0,1.0,-1.0,0.0,0.0,0.0,33.3,66.7,75.0,0.0,20.0,18.0,14.0,15.0,1468.5,1654.1
2017-10-21,2017,Augsburg,Hannover,1,2,A,O,2.04,3.5,3.6,5.0,6.0,11.0,2.0,5,2.0,0.0,1.0,1.0,5.0,3.0,2.0,2.0,4.0,-2.0,3.0,-1.0,4.0,1.0,0.0,1.0,0.0,0.0,0.0,50.0,25.0,25.0,25.0,13.0,7.0,14.0,11.0,1489.2,1423.3
2017-10-20,2017,Schalke 04,Mainz,2,0,H,U,1.8,3.7,4.5,5.0,2.0,5.0,1.0,5,1.0,0.0,1.0,2.0,4.0,1.0,3.0,5.0,6.0,-1.0,-1.0,-5.0,4.0,1.0,0.0,1.0,1.0,1.0,0.0,50.0,25.0,0.0,66.7,13.0,13.0,11.0,17.0,1516.4,1457.6
2017-10-15,2017,Werder Bremen,M'gladbach,0,2,A,U,2.63,3.5,2.6,5.0,8.0,5.0,5.0,4,0.0,0.0,2.0,1.0,1.0,5.0,-4.0,4.0,10.0,-6.0,-3.0,-5.0,2.0,0.0,0.0,0.0,1.0,1.0,0.0,0.0,66.7,0.0,33.3,9.0,11.0,12.0,2.0,1475.9,1520.4
2017-10-15,2017,Leverkusen,Wolfsburg,2,2,D,O,1.53,4.33,6.0,10.0,4.0,11.0,2.0,4,2.0,1.0,0.0,1.0,9.0,3.0,6.0,2.0,3.0,-1.0,7.0,0.0,7.0,2.0,0.0,2.0,0.0,0.0,0.0,66.7,0.0,33.3,33.3,18.0,7.0,17.0,8.0,1495.7,1454.6
2017-10-14,2017,Mainz,Hamburg,3,2,H,O,1.7,3.75,5.25,4.0,2.0,4.0,2.0,5,2.0,1.0,1.0,2.0,6.0,3.0,3.0,4.0,6.0,-2.0,2.0,-3.0,5.0,1.0,1.0,0.0,0.0,2.0,-2.0,50.0,50.0,33.3,66.7,14.0,9.0,10.0,17.0,1447.4,1456.3
2017-10-14,2017,Hoffenheim,Augsburg,2,2,D,O,1.8,3.75,4.5,7.0,5.0,6.0,3.0,5,2.0,1.0,0.0,1.0,5.0,2.0,3.0,1.0,2.0,-1.0,4.0,0.0,4.0,2.0,0.0,2.0,0.0,0.0,0.0,75.0,0.0,33.3,33.3,11.0,6.0,7.0,14.0,1590.4,1486.3
2017-10-14,2017,Hertha,Schalke 04,0,2,A,U,2.5,3.3,2.9,0.0,6.0,1.0,5.0,5,1.0,1.0,0.0,2.0,5.0,2.0,3.0,4.0,4.0,0.0,1.0,-2.0,3.0,0.0,0.0,0.0,0.0,1.0,-1.0,50.0,0.0,33.3,66.7,12.0,8.0,9.0,16.0,1495.5,1506.7
2017-10-14,2017,Hannover,Ein Frankfurt,1,2,A,O,2.38,3.2,3.1,2.0,4.0,6.0,5.0,4,2.0,2.0,0.0,1.0,3.0,3.0,0.0,0.0,2.0,-2.0,3.0,1.0,2.0,1.0,0.0,1.0,0.0,0.0,0.0,66.7,0.0,50.0,25.0,8.0,13.0,12.0,14.0,1432.6,1459.2
2017-10-14,2017,Dortmund,RB Leipzig,2,3,A,O,1.5,4.5,6.5,8.0,6.0,3.0,2.0,4,3.0,2.0,0.0,1.0,13.0,4.0,9.0,1.0,2.0,-1.0,12.0,2.0,10.0,3.0,1.0,2.0,0.0,0.0,0.0,100.0,0.0,50.0,50.0,25.0,17.0,19.0,23.0,1666.5,1580.3
2017-10-14,2017,Bayern Munich,Freiburg,5,0,H,O,1.08,13.0,21.0,10.0,2.0,9.0,1.0,4,2.0,0.0,0.0,2.0,9.0,1.0,8.0,3.0,8.0,-5.0,6.0,-7.0,13.0,2.0,0.0,2.0,0.0,2.0,-2.0,66.7,0.0,0.0,66.7,25.0,9.0,21.0,11.0,1712.6,1502.3
2017-10-13,2017,Stuttgart,FC Koln,2,1,H,O,1.83,3.6,4.33,7.0,3.0,5.0,4.0,4,2.0,0.0,0.0,2.0,2.0,0.0,2.0,0.0,8.0,-8.0,2.0,-8.0,10.0,0.0,0.0,0.0,0.0,2.0,-2.0,66.7,0.0,0.0,75.0,10.0,6.0,12.0,21.0,1419.8,1461.1
2017-10-01,2017,Hertha,Bayern Munich,2,2,D,O,8.5,5.0,1.36,5.0,5.0,1.0,9.0,4,2.0,2.0,0.0,1.0,5.0,5.0,0.0,2.0,2.0,0.0,3.0,3.0,0.0,1.0,2.0,-1.0,0.0,1.0,-1.0,66.7,0.0,66.7,33.3,10.0,22.0,13.0,18.0,1489.7,1718.3
2017-10-01,2017,Freiburg,Hoffenheim,3,2,H,O,3.6,3.5,2.05,6.0,6.0,9.0,7.0,4,0.0,,0.0,,1.0,,,1.0,,,0.0,,,0.0,,,0.0,,,0.0,0.0,50.0,0.0,8.0,,8.0,,1489.1,1603.6
2017-10-01,2017,FC Koln,RB Leipzig,1,2,A,O,3.8,3.5,2.0,6.0,10.0,9.0,7.0,3,,1.0,,2.0,,2.0,,,3.0,,,-1.0,,,1.0,,,1.0,,0.0,100.0,33.3,66.7,,10.0,,21.0,1468.2,1573.2
2017-09-30,2017,Wolfsburg,Mainz,1,1,D,U,2.1,3.4,3.6,2.0,3.0,5.0,6.0,4,0.0,,1.0,,2.0,,,5.0,,,-3.0,,,0.0,,,1.0,,,0.0,33.3,0.0,100.0,10.0,,9.0,,1454.9,1447.1
2017-09-30,2017,M'gladbach,Hannover,2,1,H,O,1.73,3.6,5.25,8.0,2.0,8.0,7.0,4,2.0,1.0,1.0,0.0,3.0,3.0,0.0,1.0,2.0,-1.0,2.0,1.0,1.0,1.0,0.0,1.0,0.0,0.0,0.0,66.7,33.3,33.3,0.0,14.0,7.0,22.0,5.0,1512.5,1440.5
2017-09-30,2017,Hamburg,Werder Bremen,0,0,D,U,2.7,3.2,2.75,6.0,3.0,6.0,7.0,4,1.0,0.0,2.0,1.0,1.0,2.0,-1.0,5.0,3.0,2.0,-4.0,-1.0,-3.0,0.0,0.0,0.0,2.0,0.0,2.0,33.3,66.7,0.0,33.3,9.0,11.0,11.0,15.0,1455.8,1476.5
2017-09-30,2017,Ein Frankfurt,Stuttgart,2,1,H,O,1.95,3.5,4.0,6.0,5.0,3.0,6.0,3,,0.0,,3.0,,1.0,,,7.0,,,-6.0,,,0.0,,,3.0,,0.0,100.0,0.0,100.0,,8.0,,3.0,1449.8,1429.2
2017-09-30,2017,Augsburg,Dortmund,1,2,A,O,7.5,4.5,1.44,5.0,8.0,5.0,5.0,4,2.0,2.0,0.0,0.0,6.0,6.0,0.0,2.0,0.0,2.0,4.0,6.0,-2.0,1.0,2.0,-1.0,0.0,0.0,0.0,66.7,0.0,66.7,0.0,17.0,15.0,19.0,15.0,1491.8,1661.1
2017-09-29,2017,Schalke 04,Leverkusen,1,1,D,U,2.3,3.4,3.1,5.0,6.0,7.0,4.0,4,2.0,0.0,1.0,3.0,5.0,3.0,2.0,4.0,8.0,-4.0,1.0,-5.0,6.0,2.0,0.0,2.0,1.0,2.0,-1.0,66.7,33.3,0.0,100.0,13.0,11.0,8.0,14.0,1507.0,1495.3
2017-09-24,2017,Leverkusen,Hamburg,3,0,H,O,1.36,5.0,8.5,6.0,2.0,6.0,3.0,3,,,,,,,,,,,,,,,,,,,,50.0,0.0,50.0,50.0,,,,,1485.9,1465.2
2017-09-24,2017,Hannover,FC Koln,0,0,D,U,1.95,3.6,3.8,1.0,1.0,6.0,7.0,3,,0.0,,3.0,,0.0,,,9.0,,,-9.0,,,0.0,,,2.0,,100.0,0.0,0.0,100.0,,7.0,,17.0,1439.7,1469.0
2017-09-23,2017,Werder Bremen,Freiburg,0,0,D,U,1.7,4.0,4.75,6.0,6.0,4.0,5.0,3,,,,,,,,,,,,,,,,,,,,0.0,100.0,0.0,100.0,,,,,1476.1,1489.5
2017-09-23,2017,Stuttgart,Augsburg,0,0,D,U,2.1,3.4,3.6,2.0,2.0,5.0,3.0,3,,,,,,,,,,,,,,,,,,,,100.0,0.0,50.0,50.0,,,,,1427.3,1493.7
2017-09-23,2017,RB Leipzig,Ein Frankfurt,2,1,H,O,1.7,3.8,5.0,5.0,3.0,2.0,4.0,3,,2.0,,0.0,,2.0,,,0.0,,,2.0,,,0.0,,,0.0,,50.0,0.0,66.7,0.0,,12.0,,17.0,1566.3,1456.8
2017-09-23,2017,Mainz,Hertha,1,0,H,U,2.2,3.3,3.4,3.0,1.0,4.0,1.0,4,1.0,,2.0,,5.0,,,5.0,,,0.0,,,1.0,,,0.0,,,33.3,66.7,0.0,50.0,17.0,,19.0,,1435.2,1501.6
2017-09-23,2017,Hoffenheim,Schalke 04,2,0,H,U,2.2,3.5,3.25,6.0,3.0,0.0,5.0,4,2.0,,0.0,,4.0,,,1.0,,,3.0,,,1.0,,,0.0,,,66.7,0.0,50.0,50.0,8.0,,13.0,,1595.9,1514.7
2017-09-23,2017,Dortmund,M'gladbach,6,1,H,O,1.44,4.75,7.0,9.0,5.0,7.0,0.0,3,,,,,,,,,,,,,,,,,,,,100.0,0.0,0.0,0.0,,,,,1654.8,1518.7
2017-09-22,2017,Bayern Munich,Wolfsburg,2,2,D,O,1.14,8.5,19.0,3.0,3.0,7.0,3.0,3,,,,,,,,,,,,,,,,,,,,100.0,0.0,50.0,50.0,,,,,1724.9,1448.2
2017-09-20,2017,Mainz,Hoffenheim,2,3,A,O,2.7,3.4,2.6,6.0,6.0,5.0,11.0,3,,,,,,,,,,,,,,,,,,,,50.0,50.0,0.0,0.0,,,,,1441.2,1589.9
2017-09-20,2017,Hertha,Leverkusen,2,1,H,O,3.3,3.4,2.2,3.0,5.0,3.0,6.0,3,,,,,,,,,,,,,,,,,,,,50.0,0.0,0.0,100.0,,,,,1491.5,1496.0
2017-09-20,2017,Hamburg,Dortmund,0,3,A,O,7.0,4.75,1.44,2.0,7.0,4.0,3.0,3,,,,,,,,,,,,,,,,,,,,50.0,50.0,50.0,0.0,,,,,1470.4,1649.5
2017-09-20,2017,Freiburg,Hannover,1,1,D,U,2.8,3.25,2.6,5.0,3.0,5.0,3.0,3,,,,,,,,,,,,,,,,,,,,0.0,0.0,50.0,0.0,,,,,1491.0,1438.2
2017-09-20,2017,FC Koln,Ein Frankfurt,0,1,A,U,2.88,3.1,2.63,8.0,4.0,4.0,5.0,2,,,,,,,,,,,,,,,,,,,,0.0,100.0,50.0,0.0,,,,,1480.0,1445.8
2017-09-19,2017,Wolfsburg,Werder Bremen,1,1,D,U,2.05,3.5,3.6,4.0,4.0,3.0,4.0,3,,,,,,,,,,,,,,,,,,,,0.0,50.0,0.0,50.0,,,,,1447.4,1477.0
2017-09-19,2017,Schalke 04,Bayern Munich,0,3,A,O,7.0,4.75,1.44,4.0,8.0,2.0,6.0,3,,,,,,,,,,,,,,,,,,,,100.0,0.0,50.0,50.0,,,,,1519.5,1720.2
2017-09-19,2017,M'gladbach,Stuttgart,2,0,H,U,1.7,3.8,5.0,3.0,4.0,4.0,1.0,3,,,,,,,,,,,,,,,,,,,,50.0,50.0,0.0,100.0,,,,,1510.9,1435.2
2017-09-19,2017,Augsburg,RB Leipzig,1,0,H,U,3.5,3.5,2.1,4.0,3.0,3.0,2.0,3,,,,,,,,,,,,,,,,,,,,50.0,0.0,50.0,50.0,,,,,1480.9,1579.0
2017-09-17,2017,Leverkusen,Freiburg,4,0,H,O,1.45,4.5,7.0,9.0,1.0,5.0,4.0,2,,,,,,,,,,,,,,,,,,,,0.0,0.0,0.0,100.0,,,,,1485.6,1501.4
2017-09-17,2017,Hoffenheim,Hertha,1,1,D,U,1.67,3.8,5.5,2.0,4.0,5.0,2.0,3,,,,,,,,,,,,,,,,,,,,100.0,0.0,0.0,100.0,,,,,1592.9,1488.5
2017-09-17,2017,Dortmund,FC Koln,5,0,H,O,1.22,6.0,13.0,8.0,2.0,8.0,5.0,2,,,,,,,,,,,,,,,,,,,,100.0,0.0,0.0,100.0,,,,,1643.8,1485.7
2017-09-16,2017,Werder Bremen,Schalke 04,1,2,A,O,2.8,3.5,2.5,2.0,4.0,6.0,5.0,2,,,,,,,,,,,,,,,,,,,,0.0,100.0,0.0,100.0,,,,,1486.3,1510.2
2017-09-16,2017,Stuttgart,Wolfsburg,1,0,H,U,2.3,3.5,3.0,4.0,1.0,2.0,3.0,2,,,,,,,,,,,,,,,,,,,,100.0,0.0,100.0,0.0,,,,,1424.2,1458.4
2017-09-16,2017,RB Leipzig,M'gladbach,2,2,D,O,1.67,3.8,5.5,3.0,3.0,3.0,2.0,2,,,,,,,,,,,,,,,,,,,,100.0,0.0,0.0,0.0,,,,,1581.1,1508.8
2017-09-16,2017,Ein Frankfurt,Augsburg,1,2,A,O,1.85,3.5,4.5,8.0,3.0,4.0,4.0,2,,,,,,,,,,,,,,,,,,,,0.0,100.0,0.0,100.0,,,,,1455.3,1471.4
2017-09-16,2017,Bayern Munich,Mainz,4,0,H,O,1.13,10.0,19.0,14.0,4.0,10.0,5.0,2,,,,,,,,,,,,,,,,,,,,100.0,0.0,0.0,100.0,,,,,1716.7,1444.7
2017-09-15,2017,Hannover,Hamburg,2,0,H,U,1.95,3.5,4.0,4.0,3.0,4.0,7.0,2,,,,,,,,,,,,,,,,,,,,100.0,0.0,100.0,0.0,,,,,1426.6,1482.0
2017-09-10,2017,Schalke 04,Stuttgart,3,1,H,O,1.7,3.75,5.0,4.0,2.0,2.0,1.0,2,,,,,,,,,,,,,,,,,,,,100.0,0.0,0.0,100.0,,,,,1502.2,1432.2
2017-09-10,2017,Hertha,Werder Bremen,1,1,D,U,1.91,3.6,4.0,4.0,5.0,5.0,7.0,2,,,,,,,,,,,,,,,,,,,,100.0,0.0,0.0,100.0,,,,,1488.6,1486.2
2017-09-09,2017,Wolfsburg,Hannover,1,1,D,U,1.83,3.6,4.5,6.0,2.0,3.0,1.0,2,,,,,,,,,,,,,,,,,,,,0.0,100.0,100.0,0.0,,,,,1459.3,1425.6
2017-09-09,2017,Mainz,Leverkusen,3,1,H,O,3.0,3.4,2.38,5.0,2.0,1.0,3.0,2,,,,,,,,,,,,,,,,,,,,0.0,100.0,0.0,100.0,,,,,1432.8,1497.4
2017-09-09,2017,M'gladbach,Ein Frankfurt,0,1,A,U,1.83,3.6,4.5,3.0,6.0,13.0,5.0,2,,,,,,,,,,,,,,,,,,,,100.0,0.0,0.0,0.0,,,,,1521.0,1443.1
2017-09-09,2017,Hoffenheim,Bayern Munich,2,0,H,U,7.0,4.5,1.45,3.0,6.0,2.0,4.0,2,,,,,,,,,,,,,,,,,,,,100.0,0.0,100.0,0.0,,,,,1578.7,1730.8
2017-09-09,2017,Freiburg,Dortmund,0,0,D,U,7.5,5.0,1.4,2.0,3.0,0.0,7.0,2,,,,,,,,,,,,,,,,,,,,0.0,0.0,100.0,0.0,,,,,1497.3,1647.9
2017-09-09,2017,Augsburg,FC Koln,3,0,H,O,2.38,3.3,3.1,4.0,3.0,6.0,9.0,2,,,,,,,,,,,,,,,,,,,,0.0,0.0,0.0,100.0,,,,,1460.3,1496.8
2017-09-08,2017,Hamburg,RB Leipzig,0,2,A,U,4.0,3.6,1.91,2.0,4.0,4.0,14.0,2,,,,,,,,,,,,,,,,,,,,100.0,0.0,0.0,100.0,,,,,1489.6,1573.4
2017-08-27,2017,RB Leipzig,Freiburg,4,1,H,O,1.36,5.0,8.5,11.0,2.0,8.0,2.0,1,,,,,,,,,,,,,,,,,,,,,,,,,,,,1565.1,1505.7
2017-08-27,2017,Hannover,Schalke 04,1,0,H,U,3.3,3.4,2.2,3.0,1.0,2.0,6.0,1,,,,,,,,,,,,,,,,,,,,,,,,,,,,1412.8,1515.0
2017-08-26,2017,Werder Bremen,Bayern Munich,0,2,A,U,11.0,6.5,1.25,1.0,8.0,2.0,8.0,1,,,,,,,,,,,,,,,,,,,,,,,,,,,,1490.3,1726.7
2017-08-26,2017,Stuttgart,Mainz,1,0,H,U,2.3,3.4,3.1,4.0,6.0,5.0,6.0,1,,,,,,,,,,,,,,,,,,,,,,,,,,,,1421.6,1443.4
2017-08-26,2017,Leverkusen,Hoffenheim,2,2,D,O,2.05,3.6,3.6,3.0,4.0,6.0,1.0,1,,,,,,,,,,,,,,,,,,,,,,,,,,,,1495.0,1581.2
2017-08-26,2017,Ein Frankfurt,Wolfsburg,0,1,A,U,2.3,3.25,3.3,6.0,3.0,7.0,2.0,1,,,,,,,,,,,,,,,,,,,,,,,,,,,,1453.3,1449.2
2017-08-26,2017,Dortmund,Hertha,2,0,H,U,1.36,5.0,7.5,8.0,4.0,4.0,4.0,1,,,,,,,,,,,,,,,,,,,,,,,,,,,,1641.9,1494.6
2017-08-26,2017,Augsburg,M'gladbach,2,2,D,O,3.25,3.4,2.25,9.0,3.0,10.0,0.0,1,,,,,,,,,,,,,,,,,,,,,,,,,,,,1458.5,1522.9
2017-08-25,2017,FC Koln,Hamburg,1,3,A,O,1.95,3.4,4.0,6.0,4.0,6.0,7.0,1,,,,,,,,,,,,,,,,,,,,,,,,,,,,1507.6,1478.8
2017-08-20,2017,M'gladbach,FC Koln,1,0,H,U,1.91,3.5,4.1,8.0,2.0,5.0,3.0,1,,,,,,,,,,,,,,,,,,,,,,,,,,,,1512.7,1517.7
2017-08-20,2017,Freiburg,Ein Frankfurt,0,0,D,U,2.45,3.25,3.0,1.0,2.0,3.0,7.0,1,,,,,,,,,,,,,,,,,,,,,,,,,,,,1507.2,1451.7
2017-08-19,2017,Wolfsburg,Dortmund,0,3,A,O,3.8,4.0,1.85,0.0,5.0,3.0,5.0,1,,,,,,,,,,,,,,,,,,,,,,,,,,,,1454.4,1636.7
2017-08-19,2017,Schalke 04,RB Leipzig,2,0,H,U,2.8,3.4,2.5,5.0,3.0,4.0,5.0,1,,,,,,,,,,,,,,,,,,,,,,,,,,,,1502.9,1577.2
2017-08-19,2017,Mainz,Hannover,0,1,A,U,2.0,3.4,4.0,6.0,2.0,13.0,1.0,1,,,,,,,,,,,,,,,,,,,,,,,,,,,,1455.0,1401.3
2017-08-19,2017,Hoffenheim,Werder Bremen,1,0,H,U,1.75,4.0,4.33,3.0,2.0,6.0,4.0,1,,,,,,,,,,,,,,,,,,,,,,,,,,,,1573.3,1498.2
2017-08-19,2017,Hertha,Stuttgart,2,0,H,U,2.0,3.4,3.9,3.0,2.0,5.0,1.0,1,,,,,,,,,,,,,,,,,,,,,,,,,,,,1486.2,1430.0
2017-08-19,2017,Hamburg,Augsburg,1,0,H,U,2.1,3.4,3.6,5.0,1.0,3.0,7.0,1,,,,,,,,,,,,,,,,,,,,,,,,,,,,1468.8,1468.5
2017-08-18,2017,Bayern Munich,Leverkusen,3,1,H,O,1.25,6.0,12.0,8.0,4.0,4.0,5.0,1,,,,,,,,,,,,,,,,,,,,,,,,,,,,1722.4,1499.3
2017-05-20,2016,M'gladbach,Darmstadt,2,2,D,O,1.33,5.5,8.5,10.0,4.0,5.0,3.0,17,1.0,1.0,1.0,2.0,4.0,4.0,0.0,4.0,5.0,-1.0,0.0,-1.0,1.0,0.0,0.0,0.0,0.0,0.0,0.0,43.8,31.2,6.2,93.8,15.0,12.0,13.0,15.0,1516.1,1392.9
2017-05-20,2016,Ingolstadt,Schalke 04,1,1,D,U,2.63,3.5,2.6,8.0,3.0,6.0,6.0,17,1.0,1.0,1.0,2.0,6.0,5.0,1.0,7.0,5.0,2.0,-1.0,0.0,-1.0,0.0,1.0,-1.0,1.0,1.0,0.0,25.0,50.0,18.8,56.2,17.0,19.0,21.0,16.0,1438.2,1504.8
2017-05-20,2016,Hoffenheim,Augsburg,0,0,D,U,1.36,5.0,8.5,9.0,2.0,5.0,4.0,17,3.0,0.0,0.0,2.0,7.0,2.0,5.0,3.0,6.0,-3.0,4.0,-4.0,8.0,1.0,0.0,1.0,0.0,2.0,-2.0,68.8,0.0,25.0,50.0,14.0,8.0,15.0,7.0,1576.4,1465.4
2017-05-20,2016,Hertha,Leverkusen,2,6,A,O,2.05,3.4,3.8,5.0,11.0,3.0,6.0,17,2.0,0.0,1.0,2.0,4.0,2.0,2.0,4.0,4.0,0.0,0.0,-2.0,2.0,1.0,0.0,1.0,1.0,0.0,1.0,75.0,18.8,31.2,56.2,14.0,13.0,15.0,13.0,1496.4,1489.1
2017-05-20,2016,Hamburg,Wolfsburg,2,1,H,O,2.6,3.4,2.7,3.0,5.0,2.0,8.0,17,1.0,1.0,1.0,2.0,3.0,3.0,0.0,3.0,5.0,-2.0,0.0,-2.0,2.0,0.0,1.0,-1.0,0.0,1.0,-1.0,43.8,31.2,31.2,43.8,14.0,6.0,22.0,7.0,1458.6,1464.6
2017-05-20,2016,FC Koln,Mainz,2,0,H,U,1.62,4.0,5.5,4.0,0.0,7.0,5.0,17,1.0,0.0,1.0,1.0,7.0,2.0,5.0,7.0,3.0,4.0,0.0,-1.0,1.0,0.0,0.0,0.0,0.0,0.0,0.0,50.0,12.5,18.8,62.5,17.0,14.0,16.0,11.0,1509.0,1463.7
2017-05-20,2016,Ein Frankfurt,RB Leipzig,2,2,D,O,4.0,3.6,1.91,3.0,5.0,4.0,3.0,17,1.0,2.0,1.0,0.0,5.0,8.0,-3.0,5.0,4.0,1.0,0.0,4.0,-4.0,1.0,1.0,0.0,1.0,0.0,1.0,43.8,18.8,50.0,25.0,16.0,16.0,10.0,16.0,1448.0,1580.9
2017-05-20,2016,Dortmund,Werder Bremen,4,3,H,O,1.2,7.5,12.0,11.0,5.0,9.0,3.0,17,2.0,1.0,0.0,1.0,5.0,9.0,-4.0,2.0,8.0,-6.0,3.0,1.0,2.0,1.0,1.0,0.0,0.0,0.0,0.0,75.0,0.0,31.2,37.5,15.0,13.0,19.0,4.0,1630.1,1504.7
2017-05-20,2016,Bayern Munich,Freiburg,4,1,H,O,1.17,8.0,15.0,11.0,8.0,15.0,7.0,17,2.0,1.0,0.0,2.0,7.0,1.0,6.0,3.0,7.0,-4.0,4.0,-6.0,10.0,1.0,0.0,1.0,0.0,2.0,-2.0,75.0,0.0,25.0,50.0,20.0,11.0,33.0,9.0,1717.7,1511.9
2017-05-13,2016,Wolfsburg,M'gladbach,1,1,D,U,1.95,3.6,4.0,6.0,6.0,3.0,7.0,17,1.0,2.0,2.0,1.0,3.0,8.0,-5.0,7.0,8.0,-1.0,-4.0,0.0,-4.0,1.0,0.0,1.0,1.0,1.0,0.0,31.2,56.2,31.2,50.0,13.0,16.0,12.0,10.0,1463.0,1517.7
2017-05-13,2016,Werder Bremen,Hoffenheim,3,5,A,O,2.63,3.6,2.55,7.0,9.0,10.0,4.0,17,3.0,0.0,0.0,2.0,7.0,3.0,4.0,1.0,5.0,-4.0,6.0,-2.0,8.0,2.0,0.0,2.0,0.0,0.0,0.0,50.0,43.8,25.0,25.0,15.0,15.0,10.0,10.0,1513.2,1568.0
2017-05-13,2016,Schalke 04,Hamburg,1,1,D,U,2.05,3.75,3.5,1.0,4.0,5.0,7.0,17,1.0,0.0,0.0,3.0,6.0,1.0,5.0,3.0,9.0,-6.0,3.0,-8.0,11.0,1.0,0.0,1.0,0.0,2.0,-2.0,50.0,25.0,12.5,68.8,11.0,14.0,19.0,11.0,1506.2,1457.2
2017-05-13,2016,RB Leipzig,Bayern Munich,4,5,A,O,3.75,3.7,1.95,6.0,9.0,2.0,6.0,17,2.0,1.0,0.0,1.0,5.0,6.0,-1.0,0.0,1.0,-1.0,5.0,5.0,0.0,1.0,1.0,0.0,0.0,0.0,0.0,75.0,12.5,68.8,12.5,14.0,21.0,19.0,17.0,1587.5,1711.1
2017-05-13,2016,Mainz,Ein Frankfurt,4,2,H,O,1.7,3.8,5.0,8.0,4.0,7.0,0.0,17,1.0,0.0,2.0,3.0,4.0,1.0,3.0,5.0,5.0,0.0,-1.0,-4.0,3.0,0.0,0.0,0.0,0.0,1.0,-1.0,37.5,37.5,25.0,62.5,14.0,6.0,23.0,10.0,1453.6,1458.1
2017-05-13,2016,Leverkusen,FC Koln,2,2,D,O,2.1,3.5,3.5,9.0,4.0,7.0,3.0,17,0.0,0.0,1.0,2.0,4.0,2.0,2.0,7.0,4.0,3.0,-3.0,-2.0,-1.0,0.0,0.0,0.0,1.0,0.0,1.0,31.2,37.5,18.8,43.8,11.0,1.0,5.0,9.0,1488.5,1509.6
2017-05-13,2016,Freiburg,Ingolstadt,1,1,D,U,2.38,3.5,2.9,4.0,9.0,4.0,3.0,17,3.0,1.0,0.0,1.0,5.0,3.0,2.0,1.0,5.0,-4.0,4.0,-2.0,6.0,1.0,0.0,1.0,0.0,1.0,-1.0,62.5,31.2,25.0,62.5,13.0,9.0,8.0,12.0,1514.1,1436.0
2017-05-13,2016,Darmstadt,Hertha,0,2,A,U,3.5,3.4,2.15,2.0,5.0,4.0,6.0,17,2.0,0.0,1.0,3.0,5.0,0.0,5.0,3.0,4.0,-1.0,2.0,-4.0,6.0,1.0,0.0,1.0,1.0,1.0,0.0,37.5,43.8,12.5,68.8,11.0,6.0,12.0,9.0,1400.4,1488.9
2017-05-13,2016,Augsburg,Dortmund,1,1,D,U,6.0,4.6,1.5,3.0,5.0,2.0,3.0,17,2.0,1.0,1.0,1.0,8.0,5.0,3.0,4.0,7.0,-3.0,4.0,-2.0,6.0,1.0,0.0,1.0,0.0,1.0,-1.0,31.2,37.5,31.2,37.5,20.0,11.0,9.0,11.0,1460.8,1634.8
2017-05-07,2016,Hamburg,Mainz,0,0,D,U,2.38,3.4,3.0,2.0,6.0,5.0,3.0,16,2.0,0.0,1.0,2.0,5.0,3.0,2.0,4.0,5.0,-1.0,1.0,-2.0,3.0,0.0,0.0,0.0,0.0,0.0,0.0,46.7,33.3,20.0,66.7,16.0,9.0,22.0,12.0,1457.3,1453.4
2017-05-07,2016,Freiburg,Schalke 04,2,0,H,U,3.3,3.5,2.15,5.0,3.0,2.0,4.0,16,2.0,1.0,1.0,2.0,5.0,5.0,0.0,6.0,6.0,0.0,-1.0,-1.0,0.0,0.0,1.0,-1.0,1.0,1.0,0.0,60.0,33.3,20.0,53.3,12.0,19.0,11.0,15.0,1503.8,1516.6
2017-05-06,2016,M'gladbach,Augsburg,1,1,D,U,1.73,3.8,4.75,5.0,4.0,3.0,5.0,16,1.0,0.0,2.0,3.0,3.0,1.0,2.0,4.0,11.0,-7.0,-1.0,-10.0,9.0,0.0,0.0,0.0,0.0,3.0,-3.0,46.7,33.3,26.7,53.3,11.0,6.0,15.0,3.0,1519.4,1459.0
2017-05-06,2016,Ingolstadt,Leverkusen,1,1,D,U,2.38,3.5,2.9,2.0,6.0,7.0,6.0,16,2.0,1.0,1.0,2.0,7.0,3.0,4.0,7.0,3.0,4.0,0.0,0.0,0.0,0.0,1.0,-1.0,1.0,0.0,1.0,26.7,53.3,33.3,60.0,20.0,14.0,18.0,15.0,1434.4,1490.1
2017-05-06,2016,Hertha,RB Leipzig,1,4,A,O,3.5,3.5,2.1,1.0,8.0,3.0,8.0,16,2.0,1.0,1.0,1.0,4.0,4.0,0.0,3.0,6.0,-3.0,1.0,-2.0,3.0,1.0,0.0,1.0,1.0,1.0,0.0,80.0,13.3,46.7,26.7,16.0,10.0,12.0,13.0,1496.6,1579.8
2017-05-06,2016,Ein Frankfurt,Wolfsburg,0,2,A,U,2.6,3.4,2.7,2.0,3.0,2.0,4.0,16,1.0,0.0,0.0,2.0,5.0,4.0,1.0,3.0,8.0,-5.0,2.0,-4.0,6.0,1.0,0.0,1.0,0.0,1.0,-1.0,46.7,13.3,26.7,46.7,18.0,12.0,18.0,13.0,1468.6,1452.6
2017-05-06,2016,Dortmund,Hoffenheim,2,1,H,O,1.5,4.75,5.75,4.0,5.0,6.0,2.0,16,2.0,1.0,0.0,1.0,6.0,5.0,1.0,1.0,4.0,-3.0,5.0,1.0,4.0,2.0,1.0,1.0,0.0,0.0,0.0,73.3,0.0,26.7,20.0,21.0,18.0,19.0,16.0,1626.2,1576.5
2017-05-06,2016,Bayern Munich,Darmstadt,1,0,H,U,1.07,13.0,26.0,8.0,3.0,13.0,7.0,16,2.0,1.0,0.0,2.0,12.0,4.0,8.0,3.0,8.0,-5.0,9.0,-4.0,13.0,2.0,0.0,2.0,0.0,1.0,-1.0,73.3,0.0,6.7,93.3,20.0,10.0,25.0,12.0,1708.2,1403.3
2017-05-05,2016,FC Koln,Werder Bremen,4,3,H,O,2.55,3.5,2.7,9.0,4.0,5.0,1.0,16,1.0,2.0,1.0,0.0,4.0,11.0,-7.0,4.0,6.0,-2.0,0.0,5.0,-5.0,0.0,2.0,-2.0,0.0,0.0,0.0,46.7,13.3,33.3,33.3,9.0,16.0,11.0,8.0,1498.9,1523.9
2017-04-30,2016,Hoffenheim,Ein Frankfurt,1,0,H,U,1.57,4.0,6.0,1.0,2.0,3.0,4.0,16,3.0,0.0,0.0,3.0,7.0,1.0,6.0,3.0,7.0,-4.0,4.0,-6.0,10.0,1.0,0.0,1.0,0.0,2.0,-2.0,66.7,0.0,26.7,60.0,17.0,8.0,14.0,8.0,1569.2,1476.0
2017-04-30,2016,Augsburg,Hamburg,4,0,H,O,2.5,3.3,2.9,9.0,4.0,4.0,4.0,16,1.0,0.0,1.0,2.0,5.0,1.0,4.0,5.0,5.0,0.0,0.0,-4.0,4.0,0.0,0.0,0.0,0.0,1.0,-1.0,26.7,40.0,13.3,66.7,14.0,10.0,8.0,14.0,1448.5,1467.9
2017-04-29,2016,Wolfsburg,Bayern Munich,0,6,A,O,8.0,4.75,1.4,3.0,9.0,4.0,4.0,16,2.0,1.0,1.0,1.0,4.0,1.0,3.0,1.0,1.0,0.0,3.0,0.0,3.0,1.0,0.0,1.0,0.0,0.0,0.0,33.3,53.3,66.7,13.3,14.0,18.0,14.0,17.0,1456.4,1704.3
2017-04-29,2016,Werder Bremen,Hertha,2,0,H,U,2.05,3.5,3.6,4.0,2.0,2.0,2.0,16,3.0,0.0,0.0,3.0,8.0,2.0,6.0,1.0,6.0,-5.0,7.0,-4.0,11.0,2.0,0.0,2.0,0.0,1.0,-1.0,46.7,46.7,13.3,66.7,15.0,10.0,12.0,16.0,1514.1,1506.4
2017-04-29,2016,RB Leipzig,Ingolstadt,0,0,D,U,1.45,4.5,7.0,3.0,0.0,5.0,3.0,16,3.0,1.0,0.0,2.0,9.0,3.0,6.0,0.0,6.0,-6.0,9.0,-3.0,12.0,2.0,0.0,2.0,0.0,1.0,-1.0,80.0,13.3,26.7,66.7,21.0,11.0,24.0,11.0,1584.0,1430.3
2017-04-29,2016,Mainz,M'gladbach,1,2,A,O,2.2,3.4,3.3,8.0,5.0,8.0,3.0,16,1.0,1.0,2.0,1.0,3.0,6.0,-3.0,4.0,7.0,-3.0,-1.0,-1.0,0.0,0.0,0.0,0.0,0.0,1.0,-1.0,40.0,33.3,26.7,53.3,11.0,12.0,25.0,8.0,1462.0,1510.8
2017-04-29,2016,Dortmund,FC Koln,0,0,D,U,1.29,5.75,10.0,4.0,0.0,9.0,0.0,15,3.0,0.0,0.0,2.0,7.0,4.0,3.0,1.0,6.0,-5.0,6.0,-2.0,8.0,2.0,0.0,2.0,0.0,0.0,0.0,78.6,0.0,20.0,46.7,19.0,3.0,14.0,9.0,1629.9,1495.2
2017-04-29,2016,Darmstadt,Freiburg,3,0,H,O,3.3,3.3,2.25,4.0,4.0,7.0,6.0,16,2.0,1.0,1.0,1.0,4.0,2.0,2.0,4.0,5.0,-1.0,0.0,-3.0,3.0,0.0,0.0,0.0,1.0,1.0,0.0,33.3,46.7,26.7,46.7,12.0,10.0,10.0,4.0,1389.8,1517.3
2017-04-28,2016,Leverkusen,Schalke 04,1,4,A,O,2.1,3.5,3.5,4.0,8.0,2.0,3.0,16,0.0,1.0,0.0,2.0,4.0,2.0,2.0,4.0,5.0,-1.0,0.0,-3.0,3.0,0.0,0.0,0.0,0.0,1.0,-1.0,33.3,33.3,14.3,57.1,14.0,16.0,7.0,16.0,1499.9,1506.8
2017-04-23,2016,Schalke 04,RB Leipzig,1,1,D,U,3.0,3.5,2.3,1.0,1.0,5.0,5.0,16,2.0,1.0,0.0,1.0,8.0,5.0,3.0,2.0,7.0,-5.0,6.0,-2.0,8.0,2.0,0.0,2.0,0.0,1.0,-1.0,53.3,26.7,50.0,28.6,17.0,14.0,21.0,14.0,1504.5,1586.3
2017-04-23,2016,Freiburg,Leverkusen,2,1,H,O,3.4,3.6,2.1,5.0,4.0,5.0,5.0,15,1.0,1.0,1.0,2.0,4.0,2.0,2.0,6.0,2.0,4.0,-2.0,0.0,-2.0,0.0,1.0,-1.0,1.0,0.0,1.0,57.1,35.7,35.7,57.1,11.0,17.0,12.0,17.0,1507.2,1510.0
2017-04-22,2016,M'gladbach,Dortmund,2,3,A,O,3.5,3.7,2.05,3.0,6.0,2.0,4.0,15,2.0,0.0,1.0,2.0,5.0,3.0,2.0,3.0,7.0,-4.0,2.0,-4.0,6.0,1.0,0.0,1.0,0.0,1.0,-1.0,50.0,28.6,26.7,40.0,15.0,7.0,16.0,15.0,1517.9,1622.8
2017-04-22,2016,Ingolstadt,Werder Bremen,2,4,A,O,2.2,3.5,3.2,5.0,5.0,9.0,2.0,15,2.0,1.0,0.0,0.0,7.0,8.0,-1.0,5.0,5.0,0.0,2.0,3.0,-1.0,0.0,1.0,-1.0,0.0,0.0,0.0,28.6,50.0,28.6,35.7,24.0,14.0,20.0,9.0,1438.4,1506.0
2017-04-22,2016,Hertha,Wolfsburg,1,0,H,U,2.5,3.3,2.9,5.0,2.0,5.0,2.0,15,2.0,1.0,1.0,1.0,5.0,5.0,0.0,4.0,7.0,-3.0,1.0,-2.0,3.0,1.0,0.0,1.0,1.0,1.0,0.0,78.6,14.3,28.6,42.9,15.0,15.0,11.0,14.0,1497.3,1465.5
2017-04-22,2016,Hamburg,Darmstadt,1,2,A,O,1.4,4.75,8.0,6.0,4.0,9.0,6.0,15,3.0,0.0,0.0,3.0,6.0,2.0,4.0,3.0,8.0,-5.0,3.0,-6.0,9.0,0.0,0.0,0.0,0.0,1.0,-1.0,50.0,28.6,0.0,100.0,16.0,7.0,21.0,10.0,1480.8,1376.9
2017-04-22,2016,Ein Frankfurt,Augsburg,3,1,H,O,1.75,3.6,5.0,7.0,4.0,4.0,2.0,15,0.0,0.0,0.0,3.0,2.0,0.0,2.0,2.0,11.0,-9.0,0.0,-11.0,11.0,0.0,0.0,0.0,0.0,3.0,-3.0,42.9,14.3,28.6,50.0,12.0,5.0,18.0,5.0,1466.2,1458.3
2017-04-22,2016,Bayern Munich,Mainz,2,2,D,O,1.18,7.0,17.0,6.0,5.0,14.0,2.0,15,3.0,0.0,0.0,3.0,13.0,2.0,11.0,1.0,5.0,-4.0,12.0,-3.0,15.0,3.0,0.0,3.0,0.0,0.0,0.0,78.6,0.0,21.4,71.4,21.0,10.0,14.0,21.0,1710.6,1455.8
2017-04-21,2016,FC Koln,Hoffenheim,1,1,D,U,3.0,3.4,2.38,6.0,6.0,6.0,4.0,15,2.0,1.0,1.0,1.0,7.0,5.0,2.0,5.0,4.0,1.0,2.0,1.0,1.0,1.0,1.0,0.0,0.0,0.0,0.0,50.0,14.3,28.6,21.4,9.0,19.0,7.0,18.0,1493.0,1571.4
2017-04-16,2016,Werder Bremen,Hamburg,2,1,H,O,2.25,3.4,3.1,5.0,4.0,4.0,3.0,15,3.0,0.0,0.0,2.0,8.0,0.0,8.0,0.0,11.0,-11.0,8.0,-11.0,19.0,3.0,0.0,3.0,0.0,2.0,-2.0,42.9,50.0,14.3,64.3,14.0,7.0,10.0,15.0,1496.2,1490.7
2017-04-16,2016,Darmstadt,Schalke 04,2,1,H,O,5.75,3.8,1.6,5.0,8.0,2.0,9.0,15,1.0,1.0,2.0,2.0,3.0,3.0,0.0,5.0,7.0,-2.0,-2.0,-4.0,2.0,0.0,0.0,0.0,1.0,2.0,-1.0,28.6,50.0,15.4,53.8,9.0,10.0,9.0,9.0,1362.7,1518.7
2017-04-15,2016,Wolfsburg,Ingolstadt,3,0,H,O,2.0,3.3,3.75,6.0,3.0,2.0,4.0,15,1.0,1.0,2.0,2.0,2.0,5.0,-3.0,3.0,8.0,-5.0,-1.0,-3.0,2.0,0.0,0.0,0.0,0.0,1.0,-1.0,28.6,57.1,28.6,64.3,14.0,12.0,25.0,13.0,1455.7,1448.1
2017-04-15,2016,RB Leipzig,Freiburg,4,0,H,O,1.44,4.33,7.0,6.0,2.0,6.0,0.0,15,2.0,2.0,1.0,0.0,5.0,4.0,1.0,1.0,2.0,-1.0,4.0,2.0,2.0,1.0,0.0,1.0,0.0,0.0,0.0,78.6,14.3,28.6,42.9,21.0,11.0,25.0,5.0,1578.1,1515.4
2017-04-15,2016,Mainz,Hertha,1,0,H,U,2.25,3.2,3.3,3.0,2.0,7.0,3.0,15,0.0,0.0,2.0,3.0,3.0,2.0,1.0,5.0,6.0,-1.0,-2.0,-4.0,2.0,0.0,0.0,0.0,0.0,1.0,-1.0,35.7,35.7,14.3,64.3,10.0,9.0,22.0,15.0,1443.9,1509.1
2017-04-15,2016,Leverkusen,Bayern Munich,0,0,D,U,4.75,4.2,1.62,2.0,6.0,1.0,4.0,15,0.0,2.0,1.0,1.0,4.0,4.0,0.0,6.0,1.0,5.0,-2.0,3.0,-5.0,0.0,1.0,-1.0,1.0,0.0,1.0,35.7,35.7,71.4,14.3,15.0,20.0,15.0,22.0,1504.6,1716.0
2017-04-15,2016,Hoffenheim,M'gladbach,5,3,H,O,2.0,3.5,3.6,9.0,4.0,5.0,1.0,15,3.0,1.0,0.0,1.0,7.0,4.0,3.0,2.0,4.0,-2.0,5.0,0.0,5.0,1.0,0.0,1.0,0.0,0.0,0.0,64.3,0.0,28.6,50.0,20.0,11.0,12.0,11.0,1562.4,1526.9
2017-04-15,2016,Dortmund,Ein Frankfurt,3,1,H,O,1.44,4.33,7.0,7.0,2.0,4.0,1.0,14,3.0,0.0,0.0,3.0,10.0,0.0,10.0,2.0,6.0,-4.0,8.0,-6.0,14.0,2.0,0.0,2.0,0.0,2.0,-2.0,76.9,0.0,28.6,57.1,24.0,8.0,17.0,13.0,1616.8,1472.3
2017-04-15,2016,Augsburg,FC Koln,2,1,H,O,2.8,3.2,2.55,6.0,0.0,2.0,8.0,15,0.0,0.0,1.0,2.0,5.0,4.0,1.0,6.0,7.0,-1.0,-1.0,-3.0,2.0,0.0,0.0,0.0,0.0,1.0,-1.0,21.4,42.9,21.4,42.9,10.0,4.0,7.0,1.0,1446.6,1504.7
2017-04-09,2016,Ingolstadt,Darmstadt,3,2,H,O,1.5,4.0,7.5,10.0,5.0,5.0,2.0,14,1.0,0.0,1.0,3.0,4.0,0.0,4.0,5.0,7.0,-2.0,-1.0,-7.0,6.0,0.0,0.0,0.0,1.0,2.0,-1.0,23.1,53.8,0.0,100.0,17.0,5.0,21.0,15.0,1440.1,1370.7
2017-04-09,2016,Hertha,Augsburg,2,0,H,U,1.75,3.5,5.25,8.0,0.0,7.0,0.0,14,2.0,1.0,1.0,2.0,5.0,2.0,3.0,4.0,10.0,-6.0,1.0,-8.0,9.0,1.0,0.0,1.0,1.0,2.0,-1.0,76.9,15.4,30.8,46.2,11.0,8.0,7.0,6.0,1500.4,1455.3
2017-04-08,2016,Schalke 04,Wolfsburg,4,1,H,O,2.0,3.5,3.75,7.0,1.0,5.0,1.0,15,1.0,1.0,0.0,0.0,5.0,5.0,0.0,2.0,4.0,-2.0,3.0,1.0,2.0,1.0,0.0,1.0,0.0,0.0,0.0,50.0,28.6,30.8,38.5,12.0,19.0,22.0,19.0,1510.0,1464.4
2017-04-08,2016,RB Leipzig,Leverkusen,1,0,H,U,1.91,3.6,4.0,5.0,3.0,8.0,2.0,14,2.0,1.0,1.0,2.0,7.0,4.0,3.0,2.0,7.0,-5.0,5.0,-3.0,8.0,2.0,1.0,1.0,0.0,1.0,-1.0,76.9,15.4,38.5,53.8,21.0,17.0,20.0,18.0,1569.7,1512.9
2017-04-08,2016,Hamburg,Hoffenheim,2,1,H,O,3.5,3.5,2.1,6.0,4.0,8.0,4.0,14,3.0,1.0,0.0,0.0,5.0,5.0,0.0,2.0,3.0,-1.0,3.0,2.0,1.0,0.0,1.0,-1.0,0.0,0.0,0.0,46.2,30.8,30.8,15.4,13.0,19.0,18.0,17.0,1477.9,1575.1
2017-04-08,2016,Freiburg,Mainz,1,0,H,U,2.38,3.4,3.0,3.0,3.0,1.0,6.0,14,0.0,1.0,2.0,2.0,3.0,4.0,-1.0,9.0,4.0,5.0,-6.0,0.0,-6.0,0.0,1.0,-1.0,2.0,0.0,2.0,53.8,38.5,23.1,69.2,11.0,12.0,16.0,23.0,1507.0,1452.4
2017-04-08,2016,FC Koln,M'gladbach,2,3,A,O,2.63,3.2,2.8,2.0,7.0,5.0,6.0,14,2.0,1.0,1.0,1.0,5.0,3.0,2.0,5.0,2.0,3.0,0.0,1.0,-1.0,1.0,1.0,0.0,1.0,0.0,1.0,53.8,7.7,23.1,53.8,9.0,8.0,4.0,9.0,1514.6,1516.9
2017-04-08,2016,Bayern Munich,Dortmund,4,1,H,O,1.62,4.0,5.5,6.0,3.0,6.0,3.0,14,3.0,1.0,0.0,1.0,17.0,5.0,12.0,0.0,3.0,-3.0,17.0,2.0,15.0,3.0,1.0,2.0,0.0,0.0,0.0,76.9,0.0,28.6,35.7,27.0,14.0,12.0,15.0,1708.4,1624.4
2017-04-07,2016,Ein Frankfurt,Werder Bremen,2,2,D,O,2.0,3.5,3.8,7.0,4.0,4.0,1.0,14,0.0,2.0,1.0,0.0,1.0,8.0,-7.0,2.0,4.0,-2.0,-1.0,4.0,-5.0,0.0,1.0,-1.0,0.0,0.0,0.0,46.2,15.4,30.8,38.5,8.0,13.0,26.0,9.0,1471.6,1496.9
2017-04-05,2016,Wolfsburg,Freiburg,0,1,A,U,1.73,3.75,5.0,4.0,5.0,6.0,3.0,14,2.0,1.0,1.0,0.0,4.0,5.0,-1.0,3.0,4.0,-1.0,1.0,1.0,0.0,0.0,0.0,0.0,0.0,0.0,0.0,30.8,53.8,23.1,46.2,17.0,9.0,23.0,7.0,1473.8,1497.7
2017-04-05,2016,Mainz,RB Leipzig,2,3,A,O,3.4,3.4,2.15,3.0,7.0,8.0,3.0,14,0.0,1.0,2.0,1.0,1.0,4.0,-3.0,4.0,6.0,-2.0,-3.0,-2.0,-1.0,0.0,0.0,0.0,1.0,1.0,0.0,38.5,30.8,46.2,30.8,12.0,12.0,21.0,14.0,1459.5,1562.6
2017-04-05,2016,M'gladbach,Hertha,1,0,H,U,1.83,3.5,4.5,7.0,2.0,8.0,4.0,14,1.0,0.0,2.0,3.0,5.0,2.0,3.0,5.0,7.0,-2.0,0.0,-5.0,5.0,1.0,0.0,1.0,0.0,2.0,-2.0,46.2,30.8,15.4,61.5,11.0,9.0,16.0,13.0,1506.8,1510.5
2017-04-05,2016,Darmstadt,Leverkusen,0,2,A,U,5.0,3.8,1.7,2.0,7.0,3.0,8.0,14,2.0,1.0,1.0,2.0,5.0,5.0,0.0,4.0,8.0,-4.0,1.0,-3.0,4.0,0.0,1.0,-1.0,0.0,1.0,-1.0,30.8,46.2,33.3,58.3,14.0,20.0,6.0,14.0,1377.2,1506.5
2017-04-05,2016,Augsburg,Ingolstadt,2,3,A,O,2.7,3.1,2.8,5.0,6.0,3.0,5.0,14,0.0,1.0,1.0,2.0,4.0,4.0,0.0,6.0,6.0,0.0,-2.0,-2.0,0.0,0.0,1.0,-1.0,1.0,1.0,0.0,23.1,38.5,23.1,69.2,9.0,17.0,6.0,13.0,1466.4,1429.0
2017-04-04,2016,Werder Bremen,Schalke 04,3,0,H,O,3.0,3.5,2.3,6.0,3.0,4.0,3.0,14,2.0,1.0,1.0,1.0,5.0,4.0,1.0,1.0,5.0,-4.0,4.0,-1.0,5.0,2.0,0.0,2.0,0.0,1.0,-1.0,38.5,53.8,16.7,50.0,14.0,11.0,15.0,6.0,1485.9,1521.0
2017-04-04,2016,Hoffenheim,Bayern Munich,1,0,H,U,6.0,4.6,1.5,4.0,6.0,7.0,9.0,14,3.0,2.0,0.0,0.0,8.0,5.0,3.0,2.0,1.0,1.0,6.0,4.0,2.0,2.0,1.0,1.0,0.0,0.0,0.0,61.5,0.0,76.9,7.7,21.0,21.0,9.0,17.0,1560.8,1722.7
2017-04-04,2016,FC Koln,Ein Frankfurt,1,0,H,U,2.35,3.2,3.2,1.0,2.0,0.0,5.0,13,1.0,0.0,1.0,3.0,5.0,0.0,5.0,6.0,8.0,-2.0,-1.0,-8.0,7.0,1.0,0.0,1.0,1.0,3.0,-2.0,50.0,8.3,30.8,53.8,12.0,9.0,9.0,14.0,1505.3,1480.9
2017-04-04,2016,Dortmund,Hamburg,3,0,H,O,1.29,5.75,10.0,10.0,6.0,6.0,4.0,13,3.0,1.0,0.0,1.0,10.0,3.0,7.0,2.0,8.0,-6.0,8.0,-5.0,13.0,2.0,1.0,1.0,0.0,1.0,-1.0,75.0,0.0,15.4,61.5,24.0,6.0,20.0,17.0,1618.1,1484.3
2017-04-02,2016,Leverkusen,Wolfsburg,3,3,D,O,1.8,3.75,4.5,5.0,9.0,2.0,10.0,14,1.0,1.0,1.0,1.0,4.0,2.0,2.0,3.0,4.0,-1.0,1.0,-2.0,3.0,1.0,0.0,1.0,1.0,1.0,0.0,38.5,38.5,33.3,41.7,17.0,13.0,20.0,11.0,1507.5,1472.8
2017-04-02,2016,Ingolstadt,Mainz,2,1,H,O,2.1,3.3,3.8,5.0,1.0,4.0,4.0,13,0.0,1.0,2.0,2.0,2.0,3.0,-1.0,6.0,6.0,0.0,-4.0,-3.0,-1.0,0.0,1.0,-1.0,2.0,1.0,1.0,16.7,58.3,25.0,66.7,12.0,13.0,19.0,25.0,1417.5,1471.0
2017-04-01,2016,Schalke 04,Dortmund,1,1,D,U,3.75,3.6,2.0,3.0,2.0,9.0,4.0,14,2.0,1.0,0.0,2.0,6.0,5.0,1.0,1.0,4.0,-3.0,5.0,1.0,4.0,2.0,1.0,1.0,0.0,0.0,0.0,53.8,30.8,30.8,38.5,12.0,16.0,15.0,23.0,1518.1,1620.9
2017-04-01,2016,RB Leipzig,Darmstadt,4,0,H,O,1.36,5.0,9.0,10.0,1.0,10.0,4.0,13,1.0,0.0,2.0,3.0,3.0,0.0,3.0,5.0,5.0,0.0,-2.0,-5.0,3.0,1.0,0.0,1.0,1.0,2.0,-1.0,75.0,16.7,0.0,100.0,11.0,8.0,13.0,13.0,1557.2,1382.5
2017-04-01,2016,Hamburg,FC Koln,2,1,H,O,2.38,3.2,3.2,4.0,1.0,5.0,1.0,13,2.0,0.0,0.0,2.0,5.0,4.0,1.0,3.0,7.0,-4.0,2.0,-3.0,5.0,0.0,0.0,0.0,0.0,1.0,-1.0,41.7,33.3,23.1,38.5,13.0,8.0,20.0,1.0,1473.0,1516.6
2017-04-01,2016,Freiburg,Werder Bremen,2,5,A,O,2.25,3.5,3.2,4.0,7.0,5.0,5.0,13,1.0,2.0,1.0,0.0,3.0,5.0,-2.0,5.0,2.0,3.0,-2.0,3.0,-5.0,0.0,1.0,-1.0,1.0,0.0,1.0,58.3,33.3,25.0,41.7,13.0,10.0,18.0,10.0,1508.6,1474.9
2017-04-01,2016,Ein Frankfurt,M'gladbach,0,0,D,U,2.5,3.3,2.9,4.0,1.0,10.0,1.0,13,0.0,2.0,2.0,1.0,1.0,4.0,-3.0,4.0,2.0,2.0,-3.0,2.0,-5.0,0.0,1.0,-1.0,1.0,0.0,1.0,50.0,16.7,25.0,58.3,10.0,10.0,20.0,11.0,1480.1,1507.6
2017-04-01,2016,Bayern Munich,Augsburg,6,0,H,O,1.1,10.0,26.0,8.0,2.0,5.0,1.0,13,2.0,1.0,0.0,2.0,12.0,2.0,10.0,1.0,6.0,-5.0,11.0,-4.0,15.0,2.0,0.0,2.0,0.0,2.0,-2.0,75.0,0.0,33.3,41.7,23.0,12.0,15.0,7.0,1718.9,1470.2
2017-03-31,2016,Hertha,Hoffenheim,1,3,A,O,2.9,3.1,2.6,3.0,8.0,0.0,8.0,13,2.0,0.0,0.0,1.0,5.0,3.0,2.0,2.0,4.0,-2.0,3.0,-1.0,4.0,1.0,0.0,1.0,0.0,0.0,0.0,83.3,8.3,25.0,16.7,10.0,18.0,10.0,14.0,1519.6,1551.7
2017-03-19,2016,Mainz,Schalke 04,0,1,A,U,2.63,3.5,2.63,5.0,5.0,10.0,4.0,13,1.0,0.0,1.0,1.0,3.0,4.0,-1.0,3.0,6.0,-3.0,0.0,-2.0,2.0,1.0,0.0,1.0,1.0,1.0,0.0,41.7,25.0,9.1,54.5,11.0,9.0,17.0,5.0,1480.2,1509.0
2017-03-19,2016,M'gladbach,Bayern Munich,0,1,A,U,8.0,4.75,1.4,1.0,6.0,5.0,4.0,13,2.0,2.0,1.0,0.0,8.0,6.0,2.0,4.0,1.0,3.0,4.0,5.0,-1.0,2.0,2.0,0.0,0.0,0.0,0.0,50.0,25.0,75.0,8.3,13.0,20.0,14.0,17.0,1512.4,1714.1
2017-03-18,2016,Wolfsburg,Darmstadt,1,0,H,U,1.5,4.0,7.5,4.0,1.0,6.0,4.0,13,1.0,0.0,2.0,3.0,4.0,0.0,4.0,5.0,6.0,-1.0,-1.0,-6.0,5.0,0.0,0.0,0.0,0.0,3.0,-3.0,25.0,58.3,0.0,100.0,18.0,7.0,22.0,11.0,1464.9,1390.4
2017-03-18,2016,Werder Bremen,RB Leipzig,3,0,H,O,3.5,3.6,2.05,4.0,2.0,4.0,5.0,13,1.0,1.0,2.0,1.0,3.0,4.0,-1.0,3.0,4.0,-1.0,0.0,0.0,0.0,1.0,0.0,1.0,0.0,0.0,0.0,33.3,58.3,50.0,25.0,14.0,11.0,13.0,11.0,1461.9,1570.2
2017-03-18,2016,Hoffenheim,Leverkusen,1,0,H,U,2.15,3.6,3.3,4.0,7.0,2.0,7.0,13,3.0,1.0,0.0,2.0,11.0,5.0,6.0,2.0,8.0,-6.0,9.0,-3.0,12.0,3.0,1.0,2.0,0.0,1.0,-1.0,58.3,0.0,36.4,54.5,24.0,13.0,10.0,10.0,1542.4,1516.8
2017-03-18,2016,FC Koln,Hertha,4,2,H,O,2.38,3.2,3.2,6.0,6.0,2.0,9.0,12,1.0,0.0,1.0,3.0,2.0,1.0,1.0,4.0,5.0,-1.0,-2.0,-4.0,2.0,0.0,0.0,0.0,1.0,1.0,0.0,45.5,9.1,16.7,58.3,8.0,5.0,13.0,8.0,1505.8,1530.3
2017-03-18,2016,Ein Frankfurt,Hamburg,0,0,D,U,2.2,3.2,3.5,1.0,0.0,4.0,7.0,12,1.0,1.0,2.0,2.0,3.0,4.0,-1.0,4.0,11.0,-7.0,-1.0,-7.0,6.0,1.0,1.0,0.0,1.0,2.0,-1.0,54.5,18.2,16.7,66.7,15.0,9.0,24.0,16.0,1480.3,1472.8
2017-03-18,2016,Augsburg,Freiburg,1,1,D,U,2.4,3.3,3.0,3.0,3.0,3.0,1.0,13,1.0,1.0,1.0,1.0,6.0,4.0,2.0,7.0,6.0,1.0,-1.0,-2.0,1.0,0.0,0.0,0.0,1.0,1.0,0.0,25.0,41.7,25.0,50.0,13.0,10.0,5.0,14.0,1469.1,1509.8
2017-03-17,2016,Dortmund,Ingolstadt,1,0,H,U,1.3,5.5,10.5,2.0,2.0,4.0,2.0,12,3.0,1.0,0.0,2.0,10.0,4.0,6.0,2.0,6.0,-4.0,8.0,-2.0,10.0,2.0,1.0,1.0,0.0,1.0,-1.0,72.7,0.0,25.0,66.7,26.0,19.0,21.0,14.0,1616.0,1422.5
2017-03-12,2016,Schalke 04,Augsburg,3,0,H,O,1.75,3.5,5.25,7.0,3.0,7.0,4.0,13,1.0,2.0,1.0,1.0,3.0,4.0,-1.0,2.0,4.0,-2.0,1.0,0.0,1.0,1.0,0.0,1.0,0.0,1.0,-1.0,50.0,33.3,36.4,36.4,7.0,14.0,11.0,9.0,1499.6,1478.5
2017-03-12,2016,Hamburg,M'gladbach,2,1,H,O,2.75,3.3,2.6,6.0,3.0,8.0,4.0,12,2.0,3.0,0.0,0.0,4.0,6.0,-2.0,2.0,2.0,0.0,2.0,4.0,-2.0,0.0,1.0,-1.0,0.0,0.0,0.0,36.4,36.4,27.3,54.5,10.0,14.0,16.0,12.0,1461.0,1524.2
2017-03-11,2016,RB Leipzig,Wolfsburg,0,1,A,U,1.62,3.8,6.0,6.0,5.0,7.0,3.0,12,2.0,0.0,1.0,2.0,5.0,1.0,4.0,5.0,5.0,0.0,0.0,-4.0,4.0,1.0,0.0,1.0,1.0,1.0,0.0,81.8,9.1,27.3,45.5,10.0,10.0,13.0,14.0,1583.9,1451.2
2017-03-11,2016,Ingolstadt,FC Koln,2,2,D,O,2.5,3.1,3.1,9.0,2.0,11.0,0.0,12,1.0,1.0,2.0,2.0,3.0,8.0,-5.0,5.0,6.0,-1.0,-2.0,2.0,-4.0,1.0,1.0,0.0,2.0,1.0,1.0,18.2,63.6,25.0,41.7,10.0,13.0,9.0,5.0,1420.0,1508.3
2017-03-11,2016,Hertha,Dortmund,2,1,H,O,5.25,4.0,1.65,4.0,2.0,4.0,8.0,12,2.0,1.0,0.0,1.0,4.0,5.0,-1.0,1.0,3.0,-2.0,3.0,2.0,1.0,1.0,1.0,0.0,0.0,0.0,0.0,81.8,9.1,33.3,33.3,8.0,18.0,7.0,19.0,1517.2,1629.1
2017-03-11,2016,Freiburg,Hoffenheim,1,1,D,U,3.0,3.4,2.38,4.0,7.0,6.0,6.0,12,2.0,0.0,1.0,2.0,4.0,3.0,1.0,5.0,5.0,0.0,-1.0,-2.0,1.0,0.0,0.0,0.0,1.0,0.0,1.0,63.6,36.4,27.3,18.2,13.0,13.0,18.0,12.0,1508.8,1543.4
2017-03-11,2016,Darmstadt,Mainz,2,1,H,O,3.5,3.25,2.2,5.0,6.0,5.0,11.0,13,1.0,1.0,2.0,2.0,4.0,2.0,2.0,9.0,7.0,2.0,-5.0,-5.0,0.0,0.0,1.0,-1.0,1.0,2.0,-1.0,25.0,50.0,27.3,63.6,13.0,13.0,4.0,20.0,1377.2,1493.4
2017-03-11,2016,Bayern Munich,Ein Frankfurt,3,0,H,O,1.13,9.0,21.0,7.0,4.0,3.0,2.0,12,2.0,1.0,0.0,2.0,12.0,1.0,11.0,1.0,5.0,-4.0,11.0,-4.0,15.0,2.0,0.0,2.0,0.0,2.0,-2.0,72.7,0.0,33.3,50.0,27.0,6.0,21.0,14.0,1709.8,1484.6
2017-03-10,2016,Leverkusen,Werder Bremen,1,1,D,U,1.5,4.33,6.5,7.0,3.0,4.0,3.0,13,1.0,2.0,2.0,1.0,5.0,6.0,-1.0,5.0,4.0,1.0,0.0,2.0,-2.0,1.0,1.0,0.0,1.0,0.0,1.0,41.7,41.7,27.3,45.5,14.0,11.0,25.0,11.0,1518.4,1460.2
2017-03-05,2016,Hamburg,Hertha,1,0,H,U,2.45,3.2,3.0,3.0,1.0,5.0,2.0,11,2.0,0.0,0.0,3.0,5.0,2.0,3.0,3.0,7.0,-4.0,2.0,-5.0,7.0,0.0,0.0,0.0,0.0,2.0,-2.0,30.0,40.0,18.2,54.5,14.0,7.0,15.0,9.0,1448.7,1529.5
2017-03-05,2016,Ein Frankfurt,Freiburg,1,2,A,O,2.1,3.5,3.5,3.0,3.0,12.0,1.0,11,2.0,1.0,1.0,1.0,5.0,4.0,1.0,2.0,6.0,-4.0,3.0,-2.0,5.0,2.0,0.0,2.0,1.0,1.0,0.0,60.0,10.0,18.2,54.5,16.0,12.0,18.0,16.0,1494.4,1498.9
2017-03-04,2016,Werder Bremen,Darmstadt,2,0,H,U,1.67,4.0,5.0,4.0,3.0,2.0,7.0,12,0.0,0.0,3.0,3.0,2.0,0.0,2.0,5.0,6.0,-1.0,-3.0,-6.0,3.0,0.0,0.0,0.0,0.0,3.0,-3.0,27.3,63.6,0.0,100.0,15.0,4.0,14.0,8.0,1452.1,1385.3
2017-03-04,2016,Mainz,Wolfsburg,1,1,D,U,2.25,3.4,3.2,2.0,5.0,4.0,6.0,12,1.0,1.0,1.0,2.0,3.0,2.0,1.0,3.0,5.0,-2.0,0.0,-3.0,3.0,1.0,0.0,1.0,1.0,1.0,0.0,45.5,27.3,30.0,50.0,10.0,12.0,15.0,14.0,1494.7,1449.9
2017-03-04,2016,M'gladbach,Schalke 04,4,2,H,O,2.3,3.3,3.2,7.0,2.0,3.0,2.0,12,1.0,0.0,2.0,1.0,5.0,3.0,2.0,4.0,4.0,0.0,1.0,-1.0,2.0,1.0,0.0,1.0,0.0,0.0,0.0,45.5,27.3,10.0,50.0,10.0,10.0,16.0,8.0,1514.3,1509.4
2017-03-04,2016,Hoffenheim,Ingolstadt,5,2,H,O,1.75,3.75,4.75,12.0,4.0,3.0,6.0,12,2.0,1.0,0.0,2.0,7.0,2.0,5.0,1.0,2.0,-1.0,6.0,0.0,6.0,2.0,1.0,1.0,0.0,0.0,0.0,54.5,0.0,27.3,63.6,15.0,18.0,12.0,11.0,1536.5,1426.9
2017-03-04,2016,FC Koln,Bayern Munich,0,3,A,O,8.5,4.75,1.4,2.0,8.0,2.0,9.0,11,1.0,2.0,0.0,0.0,3.0,5.0,-2.0,2.0,2.0,0.0,1.0,3.0,-2.0,0.0,1.0,-1.0,0.0,0.0,0.0,50.0,0.0,72.7,9.1,8.0,16.0,15.0,15.0,1513.3,1704.8
2017-03-04,2016,Dortmund,Leverkusen,6,2,H,O,1.5,4.33,6.5,12.0,3.0,7.0,3.0,11,2.0,1.0,0.0,1.0,5.0,4.0,1.0,1.0,3.0,-2.0,4.0,1.0,3.0,1.0,1.0,0.0,0.0,0.0,0.0,70.0,0.0,40.0,50.0,22.0,16.0,20.0,12.0,1621.8,1525.7
2017-03-03,2016,Augsburg,RB Leipzig,2,2,D,O,4.2,3.5,1.91,2.0,5.0,1.0,6.0,12,1.0,1.0,2.0,2.0,4.0,2.0,2.0,7.0,5.0,2.0,-3.0,-3.0,0.0,0.0,0.0,0.0,2.0,1.0,1.0,27.3,45.5,54.5,27.3,13.0,8.0,8.0,9.0,1475.4,1587.0
2017-02-26,2016,Schalke 04,Hoffenheim,1,1,D,U,2.05,3.4,3.8,2.0,4.0,6.0,3.0,12,2.0,1.0,1.0,2.0,3.0,4.0,-1.0,1.0,4.0,-3.0,2.0,0.0,2.0,1.0,1.0,0.0,0.0,0.0,0.0,54.5,36.4,30.0,20.0,10.0,12.0,12.0,13.0,1508.6,1537.3
2017-02-26,2016,Ingolstadt,M'gladbach,0,2,A,U,2.7,3.1,2.8,3.0,4.0,6.0,4.0,11,1.0,2.0,2.0,0.0,4.0,4.0,0.0,5.0,2.0,3.0,-1.0,2.0,-3.0,1.0,0.0,1.0,1.0,0.0,1.0,20.0,60.0,20.0,60.0,13.0,14.0,9.0,14.0,1434.9,1506.3
2017-02-25,2016,RB Leipzig,FC Koln,3,1,H,O,1.67,3.75,5.5,5.0,1.0,3.0,0.0,11,2.0,1.0,1.0,1.0,5.0,7.0,-2.0,4.0,3.0,1.0,1.0,4.0,-3.0,1.0,1.0,0.0,1.0,0.0,1.0,80.0,10.0,27.3,36.4,12.0,15.0,13.0,10.0,1578.6,1521.7
2017-02-25,2016,Leverkusen,Mainz,0,2,A,U,1.73,3.8,4.75,3.0,5.0,9.0,8.0,12,2.0,0.0,1.0,3.0,8.0,0.0,8.0,4.0,8.0,-4.0,4.0,-8.0,12.0,2.0,0.0,2.0,0.0,2.0,-2.0,45.5,36.4,20.0,70.0,20.0,12.0,23.0,13.0,1537.3,1483.2
2017-02-25,2016,Hertha,Ein Frankfurt,2,0,H,U,2.05,3.2,4.0,4.0,2.0,3.0,6.0,11,2.0,1.0,0.0,2.0,4.0,1.0,3.0,1.0,6.0,-5.0,3.0,-5.0,8.0,1.0,0.0,1.0,0.0,2.0,-2.0,80.0,10.0,36.4,45.5,9.0,7.0,10.0,11.0,1519.9,1504.0
2017-02-25,2016,Freiburg,Dortmund,0,3,A,O,5.75,4.2,1.57,3.0,10.0,5.0,3.0,11,2.0,1.0,1.0,1.0,5.0,4.0,1.0,4.0,4.0,0.0,1.0,0.0,1.0,0.0,0.0,0.0,0.0,0.0,0.0,70.0,30.0,27.3,36.4,13.0,16.0,14.0,21.0,1505.9,1614.8
2017-02-25,2016,Darmstadt,Augsburg,1,2,A,O,2.8,3.25,2.6,2.0,3.0,1.0,1.0,12,1.0,1.0,1.0,1.0,3.0,3.0,0.0,7.0,4.0,3.0,-4.0,-1.0,-3.0,0.0,0.0,0.0,1.0,1.0,0.0,27.3,45.5,30.0,40.0,13.0,14.0,7.0,10.0,1393.2,1467.5
2017-02-25,2016,Bayern Munich,Hamburg,8,0,H,O,1.14,8.5,19.0,12.0,1.0,4.0,4.0,11,2.0,1.0,0.0,2.0,9.0,4.0,5.0,1.0,4.0,-3.0,8.0,0.0,8.0,2.0,1.0,1.0,0.0,1.0,-1.0,70.0,0.0,18.2,63.6,25.0,9.0,27.0,15.0,1700.9,1452.6
2017-02-24,2016,Wolfsburg,Werder Bremen,1,2,A,O,1.91,3.5,4.2,6.0,3.0,13.0,1.0,12,2.0,1.0,1.0,1.0,4.0,5.0,-1.0,3.0,4.0,-1.0,1.0,1.0,0.0,0.0,1.0,-1.0,0.0,0.0,0.0,27.3,54.5,20.0,50.0,15.0,11.0,14.0,19.0,1460.5,1441.6
2017-02-19,2016,M'gladbach,RB Leipzig,1,2,A,O,2.6,3.2,2.8,3.0,5.0,8.0,3.0,11,2.0,0.0,1.0,3.0,5.0,0.0,5.0,2.0,5.0,-3.0,3.0,-5.0,8.0,1.0,0.0,1.0,0.0,1.0,-1.0,50.0,20.0,50.0,30.0,10.0,6.0,12.0,10.0,1514.8,1570.2
2017-02-19,2016,FC Koln,Schalke 04,1,1,D,U,2.5,3.1,3.1,4.0,4.0,5.0,0.0,10,1.0,0.0,0.0,2.0,3.0,3.0,0.0,2.0,5.0,-3.0,1.0,-2.0,3.0,0.0,0.0,0.0,0.0,0.0,0.0,55.6,0.0,11.1,55.6,6.0,11.0,11.0,13.0,1522.1,1508.2
2017-02-18,2016,Mainz,Werder Bremen,0,2,A,U,1.95,3.5,4.0,5.0,4.0,7.0,6.0,11,1.0,1.0,0.0,1.0,3.0,4.0,-1.0,1.0,4.0,-3.0,2.0,0.0,2.0,1.0,0.0,1.0,0.0,0.0,0.0,50.0,20.0,11.1,55.6,10.0,13.0,13.0,14.0,1495.0,1429.7
2017-02-18,2016,Hoffenheim,Darmstadt,2,0,H,U,1.45,4.5,7.5,5.0,4.0,4.0,2.0,11,1.0,0.0,0.0,3.0,7.0,0.0,7.0,3.0,5.0,-2.0,4.0,-5.0,9.0,1.0,0.0,1.0,0.0,2.0,-2.0,50.0,0.0,0.0,100.0,15.0,4.0,10.0,11.0,1530.9,1399.6
2017-02-18,2016,Hertha,Bayern Munich,1,1,D,U,10.0,4.33,1.36,2.0,7.0,3.0,4.0,10,2.0,3.0,1.0,0.0,3.0,6.0,-3.0,1.0,2.0,-1.0,2.0,4.0,-2.0,1.0,1.0,0.0,0.0,0.0,0.0,88.9,11.1,80.0,10.0,11.0,14.0,12.0,22.0,1514.9,1705.9
2017-02-18,2016,Hamburg,Freiburg,2,2,D,O,2.05,3.4,3.75,4.0,3.0,7.0,5.0,10,3.0,1.0,0.0,1.0,4.0,3.0,1.0,1.0,5.0,-4.0,3.0,-2.0,5.0,0.0,0.0,0.0,0.0,1.0,-1.0,33.3,44.4,20.0,60.0,15.0,11.0,11.0,12.0,1451.0,1507.5
2017-02-18,2016,Ein Frankfurt,Ingolstadt,0,2,A,U,2.05,3.1,4.2,6.0,11.0,4.0,5.0,10,2.0,1.0,0.0,2.0,5.0,2.0,3.0,0.0,3.0,-3.0,5.0,-1.0,6.0,2.0,0.0,2.0,0.0,0.0,0.0,66.7,0.0,20.0,70.0,13.0,14.0,25.0,10.0,1516.6,1422.2
2017-02-18,2016,Dortmund,Wolfsburg,3,0,H,O,1.44,4.5,7.5,10.0,3.0,9.0,2.0,10,2.0,1.0,0.0,2.0,6.0,2.0,4.0,2.0,7.0,-5.0,4.0,-5.0,9.0,1.0,0.0,1.0,0.0,1.0,-1.0,66.7,0.0,33.3,44.4,19.0,12.0,20.0,14.0,1608.7,1466.6
2017-02-17,2016,Augsburg,Leverkusen,1,3,A,O,3.25,3.25,2.25,4.0,10.0,2.0,4.0,11,2.0,1.0,1.0,1.0,4.0,2.0,2.0,4.0,2.0,2.0,0.0,0.0,0.0,0.0,0.0,0.0,1.0,0.0,1.0,30.0,40.0,33.3,55.6,10.0,8.0,9.0,11.0,1476.0,1528.8
2017-02-12,2016,Wolfsburg,Hoffenheim,2,1,H,O,2.5,3.4,2.8,7.0,7.0,4.0,5.0,11,2.0,1.0,1.0,1.0,3.0,3.0,0.0,2.0,2.0,0.0,1.0,1.0,0.0,0.0,1.0,-1.0,0.0,0.0,0.0,20.0,60.0,33.3,11.1,11.0,5.0,14.0,10.0,1454.1,1543.4
2017-02-12,2016,Freiburg,FC Koln,2,1,H,O,2.7,3.1,2.8,6.0,5.0,7.0,1.0,10,2.0,1.0,1.0,0.0,4.0,7.0,-3.0,3.0,2.0,1.0,1.0,5.0,-4.0,0.0,1.0,-1.0,0.0,0.0,0.0,66.7,33.3,30.0,30.0,9.0,15.0,13.0,14.0,1496.5,1533.2
2017-02-11,2016,Werder Bremen,M'gladbach,0,1,A,U,2.88,3.5,2.4,6.0,3.0,9.0,3.0,11,0.0,1.0,2.0,1.0,3.0,3.0,0.0,5.0,3.0,2.0,-2.0,0.0,-2.0,0.0,0.0,0.0,0.0,0.0,0.0,30.0,60.0,11.1,66.7,14.0,14.0,9.0,11.0,1437.8,1506.7
2017-02-11,2016,Schalke 04,Hertha,2,0,H,U,1.85,3.5,4.5,3.0,2.0,2.0,2.0,11,1.0,0.0,1.0,3.0,2.0,2.0,0.0,2.0,7.0,-5.0,0.0,-5.0,5.0,0.0,0.0,0.0,0.0,2.0,-2.0,50.0,40.0,20.0,50.0,9.0,5.0,19.0,8.0,1497.4,1525.7
2017-02-11,2016,RB Leipzig,Hamburg,0,3,A,O,1.5,4.2,7.0,0.0,5.0,3.0,6.0,10,3.0,0.0,0.0,3.0,7.0,2.0,5.0,1.0,7.0,-6.0,6.0,-5.0,11.0,2.0,0.0,2.0,0.0,2.0,-2.0,88.9,0.0,10.0,70.0,20.0,7.0,19.0,15.0,1584.2,1437.0
2017-02-11,2016,Leverkusen,Ein Frankfurt,3,0,H,O,1.91,3.5,4.2,7.0,3.0,7.0,6.0,11,1.0,1.0,2.0,2.0,6.0,1.0,5.0,6.0,4.0,2.0,0.0,-3.0,3.0,1.0,0.0,1.0,0.0,1.0,-1.0,40.0,40.0,40.0,40.0,16.0,5.0,17.0,7.0,1518.5,1526.9
2017-02-11,2016,Ingolstadt,Bayern Munich,0,2,A,U,8.5,5.0,1.36,0.0,5.0,2.0,4.0,10,2.0,3.0,1.0,0.0,5.0,5.0,0.0,3.0,2.0,1.0,2.0,3.0,-1.0,1.0,0.0,1.0,0.0,0.0,0.0,22.2,55.6,77.8,11.1,14.0,11.0,10.0,19.0,1425.6,1702.6
2017-02-11,2016,Darmstadt,Dortmund,2,1,H,O,9.0,5.0,1.36,7.0,4.0,0.0,12.0,11,0.0,1.0,2.0,0.0,1.0,5.0,-4.0,7.0,4.0,3.0,-6.0,1.0,-7.0,0.0,0.0,0.0,1.0,0.0,1.0,20.0,50.0,30.0,30.0,8.0,16.0,10.0,13.0,1383.5,1624.7
2017-02-10,2016,Mainz,Augsburg,2,0,H,U,2.1,3.25,3.8,4.0,6.0,6.0,2.0,10,1.0,1.0,0.0,1.0,4.0,3.0,1.0,2.0,3.0,-1.0,2.0,0.0,2.0,1.0,0.0,1.0,0.0,0.0,0.0,44.4,22.2,33.3,33.3,14.0,10.0,13.0,13.0,1485.0,1486.0
2017-02-05,2016,Ein Frankfurt,Darmstadt,2,0,H,U,1.55,3.8,7.0,6.0,0.0,8.0,2.0,9,2.0,0.0,0.0,3.0,5.0,1.0,4.0,1.0,6.0,-5.0,4.0,-5.0,9.0,1.0,0.0,1.0,0.0,2.0,-2.0,62.5,0.0,0.0,100.0,11.0,6.0,21.0,15.0,1520.5,1390.0
2017-02-05,2016,Augsburg,Werder Bremen,3,2,H,O,2.1,3.5,3.5,7.0,4.0,2.0,4.0,10,1.0,1.0,1.0,0.0,2.0,4.0,-2.0,3.0,3.0,0.0,-1.0,1.0,-2.0,0.0,0.0,0.0,1.0,0.0,1.0,22.2,44.4,12.5,50.0,8.0,13.0,12.0,13.0,1476.8,1446.9
2017-02-04,2016,M'gladbach,Freiburg,3,0,H,O,1.73,3.8,4.75,3.0,4.0,3.0,8.0,10,1.0,1.0,1.0,0.0,3.0,4.0,-1.0,3.0,3.0,0.0,0.0,1.0,-1.0,0.0,0.0,0.0,0.0,0.0,0.0,44.4,22.2,22.2,55.6,15.0,9.0,11.0,7.0,1496.4,1506.8
2017-02-04,2016,Hoffenheim,Mainz,4,0,H,O,1.8,3.8,4.33,7.0,2.0,3.0,6.0,10,1.0,0.0,0.0,3.0,7.0,1.0,6.0,3.0,6.0,-3.0,4.0,-5.0,9.0,1.0,0.0,1.0,0.0,1.0,-1.0,44.4,0.0,22.2,66.7,14.0,14.0,10.0,10.0,1534.6,1493.8
2017-02-04,2016,Hertha,Ingolstadt,1,0,H,U,2.15,3.1,3.8,2.0,4.0,1.0,3.0,9,2.0,1.0,1.0,2.0,4.0,3.0,1.0,2.0,4.0,-2.0,2.0,-1.0,3.0,1.0,0.0,1.0,0.0,0.0,0.0,87.5,12.5,22.2,66.7,14.0,15.0,16.0,11.0,1518.1,1433.2
2017-02-04,2016,FC Koln,Wolfsburg,1,0,H,U,2.05,3.4,3.75,2.0,2.0,6.0,6.0,9,0.0,1.0,0.0,1.0,2.0,3.0,-1.0,2.0,7.0,-5.0,0.0,-4.0,4.0,0.0,0.0,0.0,0.0,1.0,-1.0,50.0,0.0,37.5,37.5,9.0,13.0,8.0,13.0,1524.9,1462.3
2017-02-04,2016,Dortmund,RB Leipzig,1,0,H,U,1.67,3.8,5.25,4.0,1.0,5.0,2.0,9,2.0,1.0,0.0,2.0,6.0,4.0,2.0,2.0,5.0,-3.0,4.0,-1.0,5.0,1.0,1.0,0.0,0.0,1.0,-1.0,62.5,0.0,55.6,22.2,19.0,12.0,18.0,13.0,1615.3,1593.6
2017-02-04,2016,Bayern Munich,Schalke 04,1,1,D,U,1.2,7.5,13.0,4.0,3.0,8.0,3.0,10,3.0,1.0,0.0,2.0,10.0,3.0,7.0,1.0,4.0,-3.0,9.0,-1.0,10.0,2.0,0.0,2.0,0.0,0.0,0.0,77.8,0.0,12.5,62.5,29.0,12.0,25.0,15.0,1708.1,1491.9
2017-02-03,2016,Hamburg,Leverkusen,1,0,H,U,3.1,3.3,2.35,3.0,0.0,4.0,3.0,9,2.0,1.0,0.0,1.0,5.0,3.0,2.0,3.0,3.0,0.0,2.0,0.0,2.0,0.0,0.0,0.0,0.0,0.0,0.0,25.0,50.0,37.5,50.0,19.0,12.0,12.0,11.0,1424.0,1531.5
2017-01-29,2016,Mainz,Dortmund,1,1,D,U,5.25,4.2,1.62,1.0,4.0,2.0,4.0,9,1.0,1.0,1.0,0.0,4.0,5.0,-1.0,4.0,4.0,0.0,0.0,1.0,-1.0,1.0,0.0,1.0,1.0,0.0,1.0,50.0,25.0,33.3,33.3,16.0,16.0,12.0,15.0,1490.3,1618.9
2017-01-29,2016,Freiburg,Hertha,2,1,H,O,2.5,3.25,2.9,4.0,2.0,6.0,4.0,9,1.0,1.0,2.0,2.0,3.0,4.0,-1.0,6.0,7.0,-1.0,-3.0,-3.0,0.0,0.0,0.0,0.0,1.0,2.0,-1.0,62.5,37.5,22.2,44.4,8.0,11.0,11.0,6.0,1495.8,1529.1
2017-01-28,2016,Wolfsburg,Augsburg,1,2,A,O,1.95,3.5,4.0,5.0,5.0,5.0,6.0,10,2.0,0.0,1.0,1.0,4.0,1.0,3.0,3.0,2.0,1.0,1.0,-1.0,2.0,0.0,0.0,0.0,0.0,0.0,0.0,22.2,55.6,25.0,37.5,10.0,7.0,9.0,12.0,1472.5,1466.7
2017-01-28,2016,Werder Bremen,Bayern Munich,1,2,A,O,15.0,6.5,1.2,4.0,4.0,2.0,7.0,10,1.0,3.0,1.0,0.0,4.0,6.0,-2.0,4.0,2.0,2.0,0.0,4.0,-4.0,0.0,1.0,-1.0,0.0,0.0,0.0,33.3,55.6,75.0,12.5,15.0,13.0,10.0,17.0,1450.7,1704.3
2017-01-28,2016,RB Leipzig,Hoffenheim,2,1,H,O,1.73,3.75,4.8,5.0,2.0,7.0,4.0,9,3.0,1.0,0.0,0.0,7.0,3.0,4.0,1.0,1.0,0.0,6.0,2.0,4.0,2.0,1.0,1.0,0.0,0.0,0.0,87.5,0.0,37.5,0.0,20.0,7.0,20.0,12.0,1584.8,1543.4
2017-01-28,2016,Leverkusen,M'gladbach,2,3,A,O,1.85,3.6,4.33,4.0,7.0,9.0,5.0,10,1.0,0.0,1.0,2.0,5.0,1.0,4.0,4.0,5.0,-1.0,1.0,-4.0,5.0,1.0,0.0,1.0,0.0,1.0,-1.0,44.4,33.3,0.0,75.0,18.0,8.0,12.0,9.0,1543.2,1484.8
2017-01-28,2016,Ingolstadt,Hamburg,3,1,H,O,2.2,3.2,3.6,7.0,3.0,1.0,6.0,9,1.0,1.0,1.0,2.0,3.0,3.0,0.0,3.0,4.0,-1.0,0.0,-1.0,1.0,0.0,1.0,-1.0,0.0,1.0,-1.0,12.5,62.5,11.1,66.7,12.0,9.0,13.0,13.0,1422.9,1434.3
2017-01-28,2016,Darmstadt,FC Koln,1,6,A,O,3.6,3.3,2.15,4.0,7.0,3.0,4.0,10,0.0,0.0,2.0,1.0,0.0,1.0,-1.0,3.0,5.0,-2.0,-3.0,-4.0,1.0,0.0,0.0,0.0,1.0,1.0,0.0,22.2,44.4,22.2,33.3,6.0,9.0,8.0,14.0,1396.6,1518.3
2017-01-27,2016,Schalke 04,Ein Frankfurt,0,1,A,U,1.73,3.6,5.25,2.0,1.0,3.0,2.0,10,1.0,0.0,1.0,2.0,2.0,1.0,1.0,2.0,5.0,-3.0,0.0,-4.0,4.0,0.0,0.0,0.0,0.0,1.0,-1.0,55.6,33.3,33.3,44.4,7.0,8.0,20.0,7.0,1501.6,1510.7
2017-01-22,2016,Mainz,FC Koln,0,0,D,U,2.4,3.3,3.0,5.0,3.0,5.0,5.0,8,2.0,1.0,1.0,1.0,8.0,3.0,5.0,6.0,6.0,0.0,2.0,-3.0,5.0,2.0,0.0,2.0,1.0,1.0,0.0,57.1,28.6,25.0,37.5,17.0,10.0,10.0,12.0,1489.4,1519.2
2017-01-22,2016,Leverkusen,Hertha,3,1,H,O,1.67,3.7,5.5,9.0,3.0,7.0,3.0,9,0.0,1.0,2.0,1.0,4.0,3.0,1.0,6.0,4.0,2.0,-2.0,-1.0,-1.0,0.0,0.0,0.0,0.0,1.0,-1.0,37.5,37.5,25.0,37.5,15.0,12.0,11.0,6.0,1533.0,1539.3
2017-01-21,2016,Wolfsburg,Hamburg,1,0,H,U,1.85,3.6,4.33,3.0,1.0,5.0,3.0,9,1.0,1.0,2.0,1.0,3.0,5.0,-2.0,4.0,5.0,-1.0,-1.0,0.0,-1.0,0.0,1.0,-1.0,0.0,1.0,-1.0,12.5,62.5,12.5,62.5,7.0,12.0,7.0,16.0,1463.0,1443.7
2017-01-21,2016,Werder Bremen,Dortmund,1,2,A,O,6.0,4.33,1.53,5.0,8.0,3.0,5.0,9,1.0,0.0,1.0,1.0,4.0,4.0,0.0,4.0,5.0,-1.0,0.0,-1.0,1.0,0.0,0.0,0.0,0.0,0.0,0.0,37.5,50.0,25.0,37.5,14.0,13.0,10.0,15.0,1456.5,1613.1
2017-01-21,2016,Schalke 04,Ingolstadt,1,0,H,U,1.8,3.6,4.75,5.0,3.0,7.0,3.0,9,1.0,2.0,1.0,1.0,4.0,4.0,0.0,3.0,3.0,0.0,1.0,1.0,0.0,1.0,0.0,1.0,0.0,0.0,0.0,50.0,37.5,25.0,62.5,9.0,19.0,18.0,19.0,1493.4,1431.1
2017-01-21,2016,RB Leipzig,Ein Frankfurt,3,0,H,O,1.62,3.8,6.0,7.0,3.0,3.0,3.0,8,3.0,1.0,0.0,1.0,7.0,3.0,4.0,2.0,3.0,-1.0,5.0,0.0,5.0,2.0,0.0,2.0,0.0,0.0,0.0,85.7,0.0,37.5,37.5,18.0,14.0,20.0,10.0,1576.4,1519.1
2017-01-21,2016,Darmstadt,M'gladbach,0,0,D,U,4.0,3.6,1.91,2.0,4.0,4.0,6.0,9,0.0,0.0,3.0,3.0,0.0,1.0,-1.0,4.0,8.0,-4.0,-4.0,-7.0,3.0,0.0,0.0,0.0,1.0,2.0,-1.0,25.0,50.0,0.0,85.7,8.0,6.0,12.0,4.0,1394.0,1487.4
2017-01-21,2016,Augsburg,Hoffenheim,0,2,A,U,2.8,3.3,2.6,2.0,3.0,4.0,4.0,9,1.0,0.0,0.0,0.0,2.0,2.0,0.0,1.0,2.0,-1.0,1.0,0.0,1.0,0.0,0.0,0.0,0.0,0.0,0.0,25.0,37.5,28.6,0.0,9.0,7.0,12.0,9.0,1475.0,1535.1
2017-01-20,2016,Freiburg,Bayern Munich,1,2,A,O,13.0,6.5,1.22,3.0,5.0,1.0,11.0,8,1.0,2.0,2.0,1.0,2.0,4.0,-2.0,7.0,2.0,5.0,-5.0,2.0,-7.0,0.0,1.0,-1.0,2.0,0.0,2.0,71.4,28.6,71.4,14.3,7.0,11.0,16.0,15.0,1500.6,1699.5
2016-12-21,2016,Ingolstadt,Freiburg,1,2,A,O,2.1,3.3,3.75,6.0,5.0,6.0,3.0,8,1.0,0.0,1.0,1.0,2.0,4.0,-2.0,3.0,6.0,-3.0,-1.0,-2.0,1.0,0.0,0.0,0.0,1.0,1.0,0.0,14.3,57.1,12.5,62.5,11.0,15.0,10.0,9.0,1439.6,1492.1
2016-12-21,2016,Hoffenheim,Werder Bremen,1,1,D,U,1.62,4.0,5.5,3.0,3.0,5.0,9.0,9,1.0,1.0,0.0,1.0,8.0,4.0,4.0,4.0,5.0,-1.0,4.0,-1.0,5.0,1.0,0.0,1.0,0.0,1.0,-1.0,50.0,0.0,14.3,57.1,16.0,15.0,13.0,10.0,1537.5,1454.1
2016-12-21,2016,Hertha,Darmstadt,2,0,H,U,1.57,3.9,6.25,5.0,0.0,6.0,4.0,8,2.0,0.0,1.0,3.0,5.0,3.0,2.0,2.0,7.0,-5.0,3.0,-4.0,7.0,1.0,0.0,1.0,0.0,1.0,-1.0,85.7,14.3,0.0,100.0,15.0,9.0,14.0,16.0,1532.9,1400.3
2016-12-21,2016,FC Koln,Leverkusen,1,1,D,U,2.75,3.3,2.6,2.0,6.0,4.0,5.0,8,1.0,2.0,0.0,1.0,4.0,4.0,0.0,1.0,3.0,-2.0,3.0,1.0,2.0,1.0,0.0,1.0,0.0,0.0,0.0,57.1,0.0,42.9,57.1,13.0,12.0,11.0,10.0,1518.7,1533.4
2016-12-21,2016,Bayern Munich,RB Leipzig,3,0,H,O,1.36,5.25,8.0,11.0,2.0,9.0,4.0,9,2.0,2.0,0.0,1.0,8.0,7.0,1.0,2.0,4.0,-2.0,6.0,3.0,3.0,1.0,1.0,0.0,0.0,0.0,0.0,75.0,0.0,62.5,12.5,23.0,14.0,24.0,18.0,1692.5,1583.4
2016-12-20,2016,M'gladbach,Wolfsburg,1,2,A,O,1.95,3.5,4.0,4.0,7.0,5.0,6.0,9,1.0,1.0,1.0,1.0,3.0,4.0,-1.0,3.0,6.0,-3.0,0.0,-2.0,2.0,0.0,1.0,-1.0,0.0,1.0,-1.0,50.0,12.5,28.6,42.9,19.0,11.0,13.0,16.0,1498.7,1451.7
2016-12-20,2016,Hamburg,Schalke 04,2,1,H,O,3.3,3.25,2.3,7.0,3.0,4.0,5.0,8,1.0,1.0,1.0,1.0,5.0,2.0,3.0,7.0,2.0,5.0,-2.0,0.0,-2.0,0.0,0.0,0.0,1.0,0.0,1.0,14.3,57.1,14.3,57.1,18.0,11.0,13.0,14.0,1431.6,1505.5
2016-12-20,2016,Ein Frankfurt,Mainz,3,0,H,O,2.0,3.4,3.9,4.0,6.0,6.0,6.0,8,2.0,0.0,0.0,3.0,3.0,2.0,1.0,1.0,6.0,-5.0,2.0,-4.0,6.0,0.0,0.0,0.0,0.0,1.0,-1.0,57.1,0.0,25.0,62.5,8.0,11.0,19.0,10.0,1509.4,1499.1
2016-12-20,2016,Dortmund,Augsburg,1,1,D,U,1.3,5.5,10.0,8.0,3.0,6.0,2.0,8,2.0,1.0,0.0,1.0,5.0,2.0,3.0,1.0,1.0,0.0,4.0,1.0,3.0,1.0,1.0,0.0,0.0,0.0,0.0,71.4,0.0,28.6,42.9,12.0,9.0,13.0,16.0,1617.1,1471.0
2016-12-18,2016,Leverkusen,Ingolstadt,1,2,A,O,1.55,4.0,6.25,3.0,7.0,1.0,4.0,8,1.0,1.0,1.0,2.0,6.0,2.0,4.0,6.0,4.0,2.0,0.0,-2.0,2.0,0.0,0.0,0.0,0.0,1.0,-1.0,42.9,28.6,14.3,71.4,16.0,14.0,16.0,15.0,1546.8,1426.3
2016-12-18,2016,Darmstadt,Bayern Munich,0,1,A,U,19.0,8.0,1.14,2.0,2.0,3.0,1.0,8,0.0,2.0,3.0,1.0,0.0,6.0,-6.0,5.0,3.0,2.0,-5.0,3.0,-8.0,0.0,2.0,-2.0,2.0,0.0,2.0,28.6,42.9,66.7,16.7,6.0,17.0,11.0,24.0,1403.6,1689.3
2016-12-17,2016,Wolfsburg,Ein Frankfurt,1,0,H,U,2.5,3.2,3.0,3.0,1.0,4.0,2.0,8,0.0,1.0,3.0,0.0,3.0,3.0,0.0,6.0,2.0,4.0,-3.0,1.0,-4.0,0.0,0.0,0.0,0.0,0.0,0.0,0.0,71.4,42.9,28.6,6.0,14.0,4.0,14.0,1439.4,1521.7
2016-12-17,2016,Werder Bremen,FC Koln,1,1,D,U,2.6,3.4,2.7,5.0,5.0,4.0,5.0,8,1.0,1.0,2.0,2.0,4.0,2.0,2.0,6.0,6.0,0.0,-2.0,-4.0,2.0,0.0,0.0,0.0,1.0,1.0,0.0,42.9,57.1,28.6,42.9,13.0,6.0,10.0,12.0,1452.2,1520.7
2016-12-17,2016,Schalke 04,Freiburg,1,1,D,U,1.67,4.0,5.0,2.0,2.0,9.0,1.0,8,2.0,1.0,1.0,1.0,6.0,6.0,0.0,3.0,6.0,-3.0,3.0,0.0,3.0,2.0,1.0,1.0,0.0,1.0,-1.0,57.1,42.9,14.3,71.4,13.0,18.0,12.0,12.0,1505.9,1491.7
2016-12-17,2016,RB Leipzig,Hertha,2,0,H,U,1.62,3.8,6.0,8.0,0.0,9.0,1.0,7,3.0,1.0,0.0,1.0,8.0,3.0,5.0,3.0,3.0,0.0,5.0,0.0,5.0,2.0,0.0,2.0,0.0,0.0,0.0,83.3,0.0,28.6,28.6,16.0,14.0,17.0,8.0,1574.3,1542.0
2016-12-17,2016,Mainz,Hamburg,3,1,H,O,1.91,3.6,4.0,8.0,3.0,6.0,6.0,7,2.0,1.0,1.0,1.0,7.0,4.0,3.0,5.0,5.0,0.0,2.0,-1.0,3.0,2.0,1.0,1.0,1.0,1.0,0.0,50.0,33.3,14.3,57.1,17.0,11.0,9.0,14.0,1490.6,1440.2
2016-12-17,2016,Augsburg,M'gladbach,1,0,H,U,3.2,3.1,2.4,1.0,3.0,3.0,0.0,8,0.0,0.0,1.0,3.0,2.0,1.0,1.0,4.0,9.0,-5.0,-2.0,-8.0,6.0,0.0,0.0,0.0,1.0,3.0,-2.0,14.3,42.9,0.0,83.3,11.0,3.0,13.0,5.0,1459.5,1510.2
2016-12-16,2016,Hoffenheim,Dortmund,2,2,D,O,3.8,4.0,1.85,5.0,4.0,2.0,4.0,8,2.0,1.0,0.0,1.0,7.0,7.0,0.0,2.0,5.0,-3.0,5.0,2.0,3.0,1.0,1.0,0.0,0.0,0.0,0.0,57.1,0.0,28.6,42.9,18.0,15.0,18.0,14.0,1535.1,1619.5
2016-12-11,2016,Schalke 04,Leverkusen,0,1,A,U,2.3,3.3,3.2,0.0,2.0,4.0,3.0,7,3.0,1.0,0.0,2.0,9.0,4.0,5.0,2.0,5.0,-3.0,7.0,-1.0,8.0,3.0,0.0,3.0,0.0,0.0,0.0,66.7,33.3,33.3,66.7,18.0,16.0,11.0,9.0,1515.2,1537.4
2016-12-11,2016,M'gladbach,Mainz,1,0,H,U,1.67,4.0,5.0,3.0,4.0,4.0,1.0,8,0.0,0.0,1.0,3.0,2.0,2.0,0.0,3.0,8.0,-5.0,-1.0,-6.0,5.0,0.0,0.0,0.0,0.0,2.0,-2.0,42.9,14.3,28.6,57.1,18.0,11.0,12.0,12.0,1500.2,1500.6
2016-12-10,2016,Ingolstadt,RB Leipzig,1,0,H,U,4.33,3.75,1.8,1.0,3.0,3.0,4.0,7,0.0,3.0,1.0,0.0,4.0,9.0,-5.0,6.0,3.0,3.0,-2.0,6.0,-8.0,0.0,2.0,-2.0,1.0,0.0,1.0,0.0,66.7,71.4,0.0,17.0,15.0,9.0,20.0,1411.6,1589.0
2016-12-10,2016,Hertha,Werder Bremen,0,1,A,U,1.73,3.75,5.0,4.0,6.0,5.0,1.0,7,3.0,0.0,0.0,2.0,7.0,4.0,3.0,2.0,8.0,-6.0,5.0,-4.0,9.0,1.0,0.0,1.0,0.0,2.0,-2.0,100.0,0.0,0.0,66.7,18.0,12.0,13.0,14.0,1555.2,1438.9
2016-12-10,2016,Hamburg,Augsburg,1,0,H,U,2.3,3.2,3.25,5.0,2.0,3.0,5.0,7,0.0,1.0,2.0,1.0,4.0,3.0,1.0,10.0,2.0,8.0,-6.0,1.0,-7.0,0.0,1.0,-1.0,2.0,0.0,2.0,0.0,66.7,33.3,33.3,13.0,13.0,10.0,12.0,1429.0,1470.7
2016-12-10,2016,Freiburg,Darmstadt,1,0,H,U,1.67,3.75,5.5,2.0,4.0,6.0,5.0,7,1.0,0.0,2.0,3.0,3.0,4.0,-1.0,8.0,8.0,0.0,-5.0,-4.0,-1.0,0.0,0.0,0.0,2.0,1.0,1.0,66.7,33.3,0.0,100.0,10.0,9.0,10.0,18.0,1483.8,1411.5
2016-12-10,2016,FC Koln,Dortmund,1,1,D,U,5.5,4.33,1.57,2.0,4.0,1.0,6.0,7,2.0,1.0,0.0,1.0,5.0,9.0,-4.0,1.0,7.0,-6.0,4.0,2.0,2.0,1.0,1.0,0.0,0.0,0.0,0.0,66.7,0.0,33.3,50.0,14.0,21.0,15.0,16.0,1517.8,1622.4
2016-12-10,2016,Bayern Munich,Wolfsburg,5,0,H,O,1.17,7.5,17.0,10.0,3.0,10.0,2.0,8,2.0,1.0,0.0,1.0,5.0,5.0,0.0,2.0,4.0,-2.0,3.0,1.0,2.0,1.0,1.0,0.0,0.0,1.0,-1.0,71.4,0.0,33.3,33.3,18.0,9.0,22.0,18.0,1685.3,1443.3
2016-12-09,2016,Ein Frankfurt,Hoffenheim,0,0,D,U,2.4,3.3,3.0,3.0,0.0,11.0,2.0,7,2.0,1.0,0.0,0.0,5.0,5.0,0.0,3.0,2.0,1.0,2.0,3.0,-1.0,0.0,1.0,-1.0,0.0,0.0,0.0,66.7,0.0,33.3,0.0,9.0,15.0,10.0,10.0,1521.3,1535.5
2016-12-04,2016,Darmstadt,Hamburg,0,2,A,U,2.7,3.1,2.8,2.0,5.0,1.0,4.0,7,1.0,0.0,2.0,1.0,3.0,2.0,1.0,4.0,5.0,-1.0,-1.0,-3.0,2.0,1.0,0.0,1.0,1.0,1.0,0.0,33.3,33.3,0.0,66.7,9.0,6.0,11.0,13.0,1421.6,1418.9
2016-12-04,2016,Augsburg,Ein Frankfurt,1,1,D,U,2.8,3.0,2.75,5.0,4.0,5.0,2.0,7,0.0,2.0,1.0,0.0,2.0,5.0,-3.0,4.0,1.0,3.0,-2.0,4.0,-6.0,0.0,1.0,-1.0,1.0,0.0,1.0,16.7,50.0,50.0,33.3,11.0,14.0,14.0,14.0,1469.2,1522.8
2016-12-03,2016,Wolfsburg,Hertha,2,3,A,O,2.1,3.2,3.8,4.0,8.0,0.0,2.0,7,0.0,0.0,3.0,1.0,1.0,1.0,0.0,4.0,2.0,2.0,-3.0,-1.0,-2.0,0.0,0.0,0.0,0.0,0.0,0.0,0.0,66.7,16.7,33.3,4.0,8.0,11.0,6.0,1450.6,1547.9
2016-12-03,2016,Werder Bremen,Ingolstadt,2,1,H,O,2.5,3.3,2.9,5.0,5.0,3.0,4.0,7,1.0,1.0,2.0,2.0,4.0,2.0,2.0,6.0,4.0,2.0,-2.0,-2.0,0.0,0.0,0.0,0.0,1.0,1.0,0.0,33.3,66.7,16.7,66.7,13.0,10.0,7.0,14.0,1429.2,1421.4
2016-12-03,2016,RB Leipzig,Schalke 04,2,1,H,O,2.0,3.3,4.0,5.0,5.0,8.0,5.0,6,3.0,1.0,0.0,0.0,8.0,2.0,6.0,3.0,1.0,2.0,5.0,1.0,4.0,2.0,0.0,2.0,0.0,0.0,0.0,80.0,0.0,16.7,50.0,21.0,9.0,15.0,13.0,1580.6,1523.6
2016-12-03,2016,Leverkusen,Freiburg,1,1,D,U,1.5,4.2,7.0,6.0,2.0,4.0,3.0,7,1.0,1.0,2.0,2.0,5.0,6.0,-1.0,8.0,7.0,1.0,-3.0,-1.0,-2.0,0.0,1.0,-1.0,1.0,1.0,0.0,50.0,33.3,16.7,83.3,11.0,22.0,17.0,14.0,1539.0,1482.1
2016-12-03,2016,Hoffenheim,FC Koln,4,0,H,O,2.1,3.4,3.6,6.0,1.0,3.0,4.0,7,2.0,1.0,0.0,2.0,5.0,3.0,2.0,3.0,4.0,-1.0,2.0,-1.0,3.0,0.0,0.0,0.0,0.0,0.0,0.0,50.0,0.0,33.3,33.3,16.0,7.0,23.0,13.0,1525.4,1527.8
2016-12-03,2016,Dortmund,M'gladbach,4,1,H,O,1.5,4.5,6.5,7.0,1.0,9.0,3.0,7,1.0,0.0,0.0,3.0,2.0,0.0,2.0,1.0,9.0,-8.0,1.0,-9.0,10.0,0.0,0.0,0.0,0.0,3.0,-3.0,66.7,0.0,0.0,80.0,11.0,6.0,9.0,7.0,1615.4,1507.1
2016-12-02,2016,Mainz,Bayern Munich,1,3,A,O,10.0,5.75,1.29,3.0,6.0,1.0,5.0,6,3.0,1.0,0.0,1.0,8.0,5.0,3.0,3.0,4.0,-1.0,5.0,1.0,4.0,2.0,1.0,1.0,0.0,0.0,0.0,60.0,20.0,60.0,20.0,19.0,16.0,15.0,25.0,1506.0,1680.0
2016-11-27,2016,Schalke 04,Darmstadt,3,1,H,O,1.33,5.0,10.0,7.0,2.0,5.0,6.0,6,3.0,0.0,0.0,3.0,10.0,3.0,7.0,1.0,6.0,-5.0,9.0,-3.0,12.0,3.0,0.0,3.0,0.0,0.0,0.0,60.0,40.0,0.0,100.0,19.0,7.0,9.0,17.0,1516.0,1429.1
2016-11-27,2016,Hertha,Mainz,2,1,H,O,2.0,3.5,3.8,5.0,4.0,5.0,3.0,6,3.0,0.0,0.0,2.0,7.0,1.0,6.0,1.0,6.0,-5.0,6.0,-5.0,11.0,2.0,0.0,2.0,0.0,2.0,-2.0,100.0,0.0,33.3,50.0,18.0,9.0,15.0,12.0,1538.6,1515.3
2016-11-26,2016,M'gladbach,Hoffenheim,1,1,D,U,2.0,3.6,3.75,8.0,4.0,2.0,6.0,7,0.0,2.0,1.0,0.0,1.0,6.0,-5.0,2.0,2.0,0.0,-1.0,4.0,-5.0,0.0,1.0,-1.0,0.0,0.0,0.0,50.0,16.7,40.0,0.0,14.0,20.0,20.0,9.0,1506.6,1526.0
2016-11-26,2016,Ingolstadt,Wolfsburg,1,1,D,U,2.9,3.3,2.5,5.0,3.0,4.0,5.0,6,0.0,1.0,2.0,2.0,4.0,5.0,-1.0,7.0,5.0,2.0,-3.0,0.0,-3.0,0.0,1.0,-1.0,1.0,1.0,0.0,0.0,80.0,40.0,40.0,17.0,9.0,13.0,15.0,1420.5,1451.5
2016-11-26,2016,Hamburg,Werder Bremen,2,2,D,O,2.38,3.4,3.0,7.0,4.0,5.0,3.0,6,0.0,0.0,3.0,2.0,2.0,4.0,-2.0,9.0,8.0,1.0,-7.0,-4.0,-3.0,0.0,0.0,0.0,2.0,2.0,0.0,0.0,80.0,0.0,80.0,7.0,15.0,8.0,21.0,1418.6,1429.5
2016-11-26,2016,FC Koln,Augsburg,0,0,D,U,1.75,3.5,5.25,5.0,2.0,3.0,5.0,6,2.0,1.0,0.0,2.0,6.0,4.0,2.0,2.0,4.0,-2.0,4.0,0.0,4.0,1.0,1.0,0.0,0.0,0.0,0.0,80.0,0.0,40.0,40.0,11.0,13.0,13.0,10.0,1529.6,1467.4
2016-11-26,2016,Ein Frankfurt,Dortmund,2,1,H,O,4.75,4.2,1.65,4.0,5.0,4.0,5.0,6,1.0,1.0,0.0,1.0,6.0,8.0,-2.0,5.0,7.0,-2.0,1.0,1.0,0.0,0.0,1.0,-1.0,0.0,1.0,-1.0,60.0,0.0,40.0,40.0,9.0,20.0,10.0,20.0,1509.5,1628.7
2016-11-26,2016,Bayern Munich,Leverkusen,2,1,H,O,1.29,6.0,10.0,8.0,4.0,6.0,3.0,7,1.0,2.0,0.0,1.0,4.0,6.0,-2.0,2.0,5.0,-3.0,2.0,1.0,1.0,1.0,0.0,1.0,0.0,0.0,0.0,66.7,0.0,40.0,60.0,13.0,18.0,26.0,7.0,1673.5,1545.5
2016-11-25,2016,Freiburg,RB Leipzig,1,4,A,O,3.8,3.6,1.95,3.0,7.0,4.0,5.0,6,2.0,3.0,1.0,0.0,3.0,6.0,-3.0,4.0,2.0,2.0,-1.0,4.0,-5.0,0.0,1.0,-1.0,1.0,0.0,1.0,80.0,20.0,66.7,0.0,10.0,14.0,15.0,19.0,1489.8,1573.0
2016-11-20,2016,Werder Bremen,Ein Frankfurt,1,2,A,O,2.7,3.5,2.55,4.0,9.0,3.0,6.0,6,2.0,1.0,1.0,1.0,5.0,3.0,2.0,5.0,1.0,4.0,0.0,2.0,-2.0,0.0,1.0,-1.0,1.0,0.0,1.0,40.0,60.0,40.0,40.0,13.0,8.0,10.0,12.0,1437.7,1501.4
2016-11-20,2016,Hoffenheim,Hamburg,2,2,D,O,1.62,4.0,5.5,5.0,4.0,8.0,6.0,6,3.0,0.0,0.0,2.0,5.0,0.0,5.0,2.0,5.0,-3.0,3.0,-5.0,8.0,0.0,0.0,0.0,0.0,2.0,-2.0,60.0,0.0,0.0,80.0,13.0,5.0,17.0,10.0,1529.2,1415.5
2016-11-19,2016,Wolfsburg,Schalke 04,0,1,A,U,2.4,3.5,2.9,0.0,4.0,3.0,5.0,6,0.0,0.0,2.0,1.0,1.0,2.0,-1.0,3.0,3.0,0.0,-2.0,-1.0,-1.0,0.0,0.0,0.0,0.0,0.0,0.0,0.0,60.0,0.0,60.0,7.0,10.0,19.0,14.0,1460.2,1507.4
2016-11-19,2016,Mainz,Freiburg,4,2,H,O,2.1,3.5,3.5,6.0,11.0,3.0,5.0,5,2.0,1.0,1.0,2.0,6.0,5.0,1.0,4.0,6.0,-2.0,2.0,-1.0,3.0,1.0,1.0,0.0,0.0,1.0,-1.0,50.0,25.0,20.0,80.0,18.0,16.0,18.0,12.0,1505.5,1499.6
2016-11-19,2016,M'gladbach,FC Koln,1,2,A,O,2.2,3.3,3.4,8.0,4.0,7.0,3.0,6,1.0,0.0,0.0,2.0,2.0,2.0,0.0,0.0,4.0,-4.0,2.0,-2.0,4.0,1.0,0.0,1.0,0.0,0.0,0.0,60.0,0.0,20.0,40.0,11.0,5.0,14.0,13.0,1516.5,1519.7
2016-11-19,2016,Dortmund,Bayern Munich,1,0,H,U,3.4,3.6,2.1,4.0,3.0,3.0,9.0,6,1.0,2.0,0.0,0.0,4.0,6.0,-2.0,2.0,3.0,-1.0,2.0,3.0,-1.0,1.0,1.0,0.0,0.0,0.0,0.0,60.0,0.0,75.0,0.0,12.0,21.0,21.0,21.0,1616.8,1685.4
2016-11-19,2016,Darmstadt,Ingolstadt,0,1,A,U,3.0,3.1,2.55,4.0,7.0,8.0,11.0,6,1.0,0.0,1.0,3.0,5.0,1.0,4.0,5.0,6.0,-1.0,0.0,-5.0,5.0,1.0,0.0,1.0,1.0,2.0,-1.0,40.0,20.0,0.0,80.0,7.0,5.0,8.0,6.0,1440.0,1409.6
2016-11-19,2016,Augsburg,Hertha,0,0,D,U,2.7,3.2,2.75,3.0,4.0,4.0,3.0,6,1.0,0.0,1.0,1.0,3.0,4.0,-1.0,4.0,5.0,-1.0,-1.0,-1.0,0.0,0.0,0.0,0.0,1.0,0.0,1.0,20.0,60.0,20.0,40.0,14.0,8.0,13.0,4.0,1465.3,1540.7
2016-11-18,2016,Leverkusen,RB Leipzig,2,3,A,O,2.3,3.4,3.1,6.0,4.0,6.0,9.0,6,2.0,2.0,1.0,0.0,5.0,4.0,1.0,5.0,1.0,4.0,0.0,3.0,-3.0,1.0,1.0,0.0,1.0,0.0,1.0,60.0,20.0,60.0,0.0,11.0,12.0,12.0,16.0,1555.3,1563.2
2016-11-06,2016,Schalke 04,Werder Bremen,3,1,H,O,1.53,4.33,6.0,6.0,5.0,3.0,6.0,5,2.0,0.0,1.0,2.0,8.0,4.0,4.0,3.0,9.0,-6.0,5.0,-5.0,10.0,2.0,0.0,2.0,1.0,2.0,-1.0,50.0,50.0,0.0,75.0,21.0,15.0,14.0,19.0,1498.9,1446.2
2016-11-06,2016,RB Leipzig,Mainz,3,1,H,O,1.57,3.8,6.5,5.0,3.0,3.0,6.0,5,2.0,1.0,0.0,1.0,6.0,2.0,4.0,3.0,4.0,-1.0,3.0,-2.0,5.0,1.0,0.0,1.0,0.0,1.0,-1.0,75.0,0.0,40.0,40.0,21.0,12.0,17.0,20.0,1554.3,1514.3
2016-11-05,2016,Leverkusen,Darmstadt,3,2,H,O,1.25,5.75,13.0,4.0,3.0,6.0,5.0,5,1.0,0.0,1.0,3.0,2.0,1.0,1.0,3.0,9.0,-6.0,-1.0,-8.0,7.0,1.0,0.0,1.0,1.0,1.0,0.0,50.0,25.0,0.0,100.0,13.0,5.0,12.0,14.0,1548.1,1447.2
2016-11-05,2016,Ingolstadt,Augsburg,0,2,A,U,2.1,3.3,3.75,5.0,5.0,3.0,6.0,5,0.0,0.0,2.0,2.0,4.0,2.0,2.0,7.0,4.0,3.0,-3.0,-2.0,-1.0,0.0,0.0,0.0,1.0,0.0,1.0,0.0,75.0,25.0,50.0,15.0,10.0,16.0,7.0,1418.5,1456.4
2016-11-05,2016,Hamburg,Dortmund,2,5,A,O,8.0,4.25,1.45,6.0,6.0,5.0,3.0,5,0.0,1.0,3.0,1.0,0.0,8.0,-8.0,8.0,6.0,2.0,-8.0,2.0,-10.0,0.0,1.0,-1.0,2.0,1.0,1.0,0.0,75.0,25.0,50.0,3.0,23.0,11.0,20.0,1420.4,1611.8
2016-11-05,2016,Freiburg,Wolfsburg,0,3,A,O,2.6,3.3,2.75,2.0,5.0,6.0,9.0,5,3.0,0.0,0.0,2.0,4.0,2.0,2.0,1.0,5.0,-4.0,3.0,-3.0,6.0,0.0,0.0,0.0,0.0,1.0,-1.0,100.0,0.0,25.0,50.0,12.0,13.0,16.0,17.0,1511.4,1448.4
2016-11-05,2016,Ein Frankfurt,FC Koln,1,0,H,U,2.6,3.1,2.9,1.0,1.0,4.0,5.0,5,1.0,1.0,0.0,1.0,7.0,5.0,2.0,6.0,4.0,2.0,1.0,1.0,0.0,0.0,1.0,-1.0,0.0,0.0,0.0,50.0,0.0,25.0,25.0,16.0,9.0,7.0,12.0,1490.2,1530.9
2016-11-05,2016,Bayern Munich,Hoffenheim,1,1,D,U,1.17,8.0,15.0,5.0,3.0,8.0,1.0,6,2.0,2.0,0.0,0.0,6.0,6.0,0.0,1.0,2.0,-1.0,5.0,4.0,1.0,2.0,1.0,1.0,0.0,0.0,0.0,80.0,0.0,50.0,0.0,15.0,21.0,24.0,14.0,1689.9,1524.7
2016-11-04,2016,Hertha,M'gladbach,3,0,H,O,2.5,3.2,3.0,6.0,2.0,4.0,1.0,5,3.0,0.0,0.0,2.0,6.0,1.0,5.0,1.0,7.0,-6.0,5.0,-6.0,11.0,2.0,0.0,2.0,0.0,2.0,-2.0,100.0,0.0,0.0,75.0,14.0,5.0,15.0,8.0,1530.9,1526.4
2016-10-30,2016,Hoffenheim,Hertha,1,0,H,U,2.25,3.4,3.2,7.0,2.0,7.0,3.0,5,2.0,0.0,0.0,1.0,4.0,4.0,0.0,2.0,7.0,-5.0,2.0,-3.0,5.0,0.0,0.0,0.0,0.0,1.0,-1.0,50.0,0.0,25.0,25.0,11.0,8.0,13.0,3.0,1513.9,1541.7
2016-10-30,2016,FC Koln,Hamburg,3,0,H,O,1.57,3.8,6.5,6.0,2.0,7.0,4.0,5,2.0,0.0,0.0,2.0,6.0,0.0,6.0,2.0,3.0,-1.0,4.0,-3.0,7.0,1.0,0.0,1.0,0.0,1.0,-1.0,75.0,0.0,0.0,75.0,8.0,3.0,10.0,6.0,1523.5,1427.8
2016-10-29,2016,Wolfsburg,Leverkusen,1,2,A,O,2.7,3.4,2.6,2.0,6.0,1.0,4.0,5,0.0,1.0,2.0,2.0,1.0,5.0,-4.0,6.0,6.0,0.0,-5.0,-1.0,-4.0,0.0,0.0,0.0,1.0,0.0,1.0,0.0,50.0,25.0,75.0,14.0,15.0,20.0,6.0,1456.0,1540.5
2016-10-29,2016,Werder Bremen,Freiburg,1,3,A,O,2.3,3.5,3.0,4.0,5.0,4.0,4.0,5,2.0,0.0,1.0,3.0,5.0,2.0,3.0,4.0,8.0,-4.0,1.0,-6.0,7.0,0.0,0.0,0.0,0.0,2.0,-2.0,50.0,50.0,0.0,100.0,16.0,19.0,9.0,14.0,1454.8,1502.8
2016-10-29,2016,Mainz,Ingolstadt,2,0,H,U,2.1,3.3,3.75,8.0,2.0,5.0,0.0,4,1.0,0.0,1.0,3.0,8.0,2.0,6.0,8.0,7.0,1.0,0.0,-5.0,5.0,0.0,0.0,0.0,0.0,2.0,-2.0,33.3,33.3,0.0,75.0,16.0,8.0,21.0,11.0,1506.6,1426.2
2016-10-29,2016,Dortmund,Schalke 04,0,0,D,U,1.57,4.33,5.5,1.0,2.0,1.0,4.0,5,2.0,0.0,0.0,2.0,10.0,2.0,8.0,2.0,5.0,-3.0,8.0,-3.0,11.0,2.0,0.0,2.0,0.0,1.0,-1.0,75.0,0.0,0.0,75.0,25.0,12.0,32.0,16.0,1615.1,1495.6
2016-10-29,2016,Darmstadt,RB Leipzig,0,2,A,U,6.0,3.8,1.62,0.0,4.0,2.0,6.0,5,1.0,2.0,0.0,0.0,6.0,6.0,0.0,4.0,1.0,3.0,2.0,5.0,-3.0,1.0,1.0,0.0,0.0,0.0,0.0,50.0,0.0,50.0,0.0,10.0,14.0,8.0,13.0,1454.6,1546.9
2016-10-29,2016,Augsburg,Bayern Munich,1,3,A,O,15.0,6.5,1.2,3.0,8.0,4.0,10.0,5,1.0,2.0,1.0,0.0,3.0,5.0,-2.0,4.0,2.0,2.0,-1.0,3.0,-4.0,0.0,1.0,-1.0,1.0,0.0,1.0,25.0,50.0,66.7,0.0,16.0,15.0,11.0,18.0,1460.7,1685.6
2016-10-28,2016,M'gladbach,Ein Frankfurt,0,0,D,U,1.85,3.5,4.5,2.0,1.0,3.0,6.0,5,2.0,2.0,0.0,1.0,6.0,5.0,1.0,1.0,1.0,0.0,5.0,4.0,1.0,2.0,2.0,0.0,0.0,0.0,0.0,75.0,0.0,50.0,50.0,16.0,12.0,21.0,10.0,1527.5,1489.1
2016-10-23,2016,Schalke 04,Mainz,3,0,H,O,1.95,3.6,3.8,5.0,4.0,3.0,3.0,4,1.0,2.0,2.0,0.0,5.0,5.0,0.0,5.0,2.0,3.0,0.0,3.0,-3.0,1.0,1.0,0.0,2.0,0.0,2.0,33.3,66.7,50.0,25.0,18.0,14.0,13.0,24.0,1484.7,1517.5
2016-10-23,2016,RB Leipzig,Werder Bremen,3,1,H,O,1.5,4.0,7.0,6.0,3.0,6.0,5.0,4,2.0,0.0,0.0,2.0,4.0,3.0,1.0,2.0,12.0,-10.0,2.0,-9.0,11.0,0.0,0.0,0.0,0.0,2.0,-2.0,66.7,0.0,0.0,66.7,19.0,14.0,16.0,15.0,1539.1,1462.6
2016-10-22,2016,Leverkusen,Hoffenheim,0,3,A,O,1.5,4.33,6.0,1.0,8.0,5.0,3.0,4,2.0,1.0,0.0,0.0,5.0,7.0,-2.0,1.0,6.0,-5.0,4.0,1.0,3.0,2.0,0.0,2.0,0.0,0.0,0.0,66.7,0.0,33.3,0.0,17.0,18.0,11.0,16.0,1551.9,1502.5
2016-10-22,2016,Ingolstadt,Dortmund,3,3,D,O,6.0,4.2,1.53,7.0,10.0,2.0,8.0,4,0.0,1.0,3.0,2.0,1.0,5.0,-4.0,6.0,4.0,2.0,-5.0,1.0,-6.0,0.0,1.0,-1.0,2.0,1.0,1.0,0.0,100.0,33.3,66.7,13.0,14.0,20.0,19.0,1421.1,1620.3
2016-10-22,2016,Hertha,FC Koln,2,1,H,O,2.5,3.2,3.0,7.0,2.0,4.0,5.0,4,3.0,1.0,0.0,0.0,6.0,4.0,2.0,1.0,2.0,-1.0,5.0,2.0,3.0,2.0,1.0,1.0,0.0,0.0,0.0,100.0,0.0,33.3,0.0,12.0,16.0,16.0,11.0,1531.6,1533.6
2016-10-22,2016,Freiburg,Augsburg,2,1,H,O,2.1,3.3,3.7,5.0,6.0,0.0,1.0,4,3.0,1.0,0.0,1.0,5.0,3.0,2.0,1.0,3.0,-2.0,4.0,0.0,4.0,1.0,0.0,1.0,0.0,0.0,0.0,100.0,0.0,33.3,33.3,14.0,9.0,19.0,10.0,1493.5,1470.0
2016-10-22,2016,Darmstadt,Wolfsburg,3,1,H,O,4.5,3.6,1.8,5.0,1.0,1.0,4.0,4,1.0,1.0,0.0,1.0,4.0,3.0,1.0,3.0,2.0,1.0,1.0,1.0,0.0,0.0,1.0,-1.0,0.0,0.0,0.0,33.3,0.0,33.3,33.3,6.0,18.0,8.0,16.0,1443.9,1466.6
2016-10-22,2016,Bayern Munich,M'gladbach,2,0,H,U,1.2,7.5,12.0,5.0,0.0,8.0,1.0,5,2.0,0.0,0.0,2.0,7.0,2.0,5.0,2.0,8.0,-6.0,5.0,-6.0,11.0,2.0,0.0,2.0,0.0,2.0,-2.0,75.0,0.0,0.0,66.7,15.0,7.0,21.0,11.0,1679.5,1533.5
2016-10-21,2016,Hamburg,Ein Frankfurt,0,3,A,O,2.45,3.25,3.0,0.0,4.0,0.0,2.0,4,0.0,1.0,2.0,2.0,1.0,2.0,-1.0,6.0,2.0,4.0,-5.0,0.0,-5.0,0.0,1.0,-1.0,1.0,0.0,1.0,0.0,66.7,33.3,66.7,4.0,11.0,15.0,12.0,1436.5,1480.3
2016-10-16,2016,Wolfsburg,RB Leipzig,0,1,A,U,2.4,3.3,3.0,2.0,6.0,7.0,4.0,4,0.0,1.0,1.0,0.0,1.0,7.0,-6.0,5.0,3.0,2.0,-4.0,4.0,-8.0,0.0,1.0,-1.0,1.0,0.0,1.0,0.0,33.3,33.3,0.0,16.0,17.0,21.0,18.0,1475.0,1530.7
2016-10-16,2016,Mainz,Darmstadt,2,1,H,O,1.5,4.0,7.5,5.0,4.0,7.0,7.0,3,,0.0,,3.0,,0.0,,,9.0,,,-9.0,,,0.0,,,2.0,,0.0,50.0,0.0,100.0,,4.0,,12.0,1509.2,1452.3
2016-10-15,2016,Werder Bremen,Leverkusen,2,1,H,O,4.75,4.2,1.67,5.0,6.0,0.0,2.0,4,1.0,1.0,2.0,2.0,4.0,5.0,-1.0,5.0,6.0,-1.0,-1.0,-1.0,0.0,0.0,0.0,0.0,0.0,0.0,0.0,33.3,66.7,33.3,66.7,12.0,15.0,9.0,7.0,1449.4,1565.1
2016-10-15,2016,M'gladbach,Hamburg,0,0,D,U,1.67,3.8,5.25,4.0,0.0,10.0,3.0,4,3.0,0.0,0.0,3.0,8.0,1.0,7.0,2.0,6.0,-4.0,6.0,-5.0,11.0,2.0,0.0,2.0,0.0,2.0,-2.0,100.0,0.0,0.0,100.0,21.0,5.0,18.0,4.0,1536.4,1433.6
2016-10-15,2016,Hoffenheim,Freiburg,2,1,H,O,2.05,3.6,3.5,4.0,6.0,8.0,5.0,4,1.0,0.0,0.0,3.0,4.0,2.0,2.0,3.0,8.0,-5.0,1.0,-6.0,7.0,0.0,0.0,0.0,0.0,2.0,-2.0,33.3,0.0,0.0,100.0,12.0,15.0,7.0,11.0,1492.2,1503.8
2016-10-15,2016,FC Koln,Ingolstadt,2,1,H,O,1.8,3.5,4.75,3.0,1.0,5.0,3.0,4,2.0,0.0,0.0,2.0,6.0,2.0,4.0,1.0,6.0,-5.0,5.0,-4.0,9.0,2.0,0.0,2.0,0.0,2.0,-2.0,66.7,0.0,0.0,66.7,13.0,12.0,11.0,13.0,1526.3,1428.3
2016-10-15,2016,Ein Frankfurt,Bayern Munich,2,2,D,O,13.0,6.0,1.25,4.0,5.0,2.0,6.0,4,2.0,,0.0,,6.0,,,4.0,,,2.0,,,0.0,,,0.0,,,66.7,0.0,100.0,0.0,16.0,,12.0,,1474.9,1684.9
2016-10-15,2016,Augsburg,Schalke 04,1,1,D,U,3.1,3.4,2.3,5.0,3.0,6.0,4.0,4,1.0,0.0,2.0,3.0,2.0,1.0,1.0,5.0,5.0,0.0,-3.0,-4.0,1.0,0.0,0.0,0.0,2.0,1.0,1.0,33.3,66.7,0.0,100.0,13.0,12.0,7.0,17.0,1469.6,1485.1
2016-10-14,2016,Dortmund,Hertha,1,1,D,U,1.33,5.25,9.0,6.0,2.0,5.0,0.0,4,3.0,1.0,0.0,1.0,11.0,5.0,6.0,2.0,6.0,-4.0,9.0,-1.0,10.0,2.0,1.0,1.0,0.0,1.0,-1.0,100.0,0.0,33.3,33.3,27.0,12.0,34.0,4.0,1622.9,1529.0
2016-10-02,2016,Wolfsburg,Mainz,0,0,D,U,1.85,3.6,4.33,3.0,2.0,11.0,3.0,3,,2.0,,1.0,,6.0,,,4.0,,,2.0,,,1.0,,,0.0,,0.0,50.0,66.7,33.3,,16.0,,23.0,1474.0,1510.2
2016-10-02,2016,Schalke 04,M'gladbach,4,0,H,O,2.2,3.4,3.3,8.0,4.0,3.0,5.0,3,,,,,,,,,,,,,,,,,,,,0.0,100.0,0.0,50.0,,,,,1473.0,1548.5
2016-10-01,2016,Leverkusen,Dortmund,2,0,H,U,3.8,3.6,1.95,6.0,4.0,1.0,9.0,3,,,,,,,,,,,,,,,,,,,,50.0,0.0,50.0,50.0,,,,,1552.8,1635.2
2016-10-01,2016,Ingolstadt,Hoffenheim,1,2,A,O,2.05,3.4,3.75,5.0,9.0,8.0,5.0,3,,,,,,,,,,,,,,,,,,,,0.0,100.0,0.0,0.0,,,,,1437.0,1483.5
2016-10-01,2016,Hertha,Hamburg,2,0,H,U,2.0,3.25,4.2,5.0,3.0,7.0,3.0,3,,,,,,,,,,,,,,,,,,,,100.0,0.0,0.0,100.0,,,,,1521.2,1441.4
2016-10-01,2016,Freiburg,Ein Frankfurt,1,0,H,U,2.3,3.3,3.2,3.0,3.0,9.0,4.0,3,,,,,,,,,,,,,,,,,,,,100.0,0.0,50.0,50.0,,,,,1494.1,1484.7
2016-10-01,2016,Darmstadt,Werder Bremen,2,2,D,O,3.1,3.4,2.3,2.0,7.0,5.0,10.0,3,,,,,,,,,,,,,,,,,,,,50.0,0.0,0.0,100.0,,,,,1452.4,1449.3
2016-10-01,2016,Bayern Munich,FC Koln,1,1,D,U,1.17,7.0,19.0,3.0,2.0,10.0,3.0,4,3.0,,0.0,,12.0,,,1.0,,,11.0,,,3.0,,,0.0,,,100.0,0.0,50.0,0.0,26.0,,19.0,,1689.4,1521.9
2016-09-30,2016,RB Leipzig,Augsburg,2,1,H,O,1.65,3.75,5.75,10.0,2.0,6.0,3.0,3,,,,,,,,,,,,,,,,,,,,50.0,0.0,50.0,0.0,,,,,1521.9,1478.3
2016-09-25,2016,Hoffenheim,Schalke 04,2,1,H,O,2.7,3.4,2.6,2.0,5.0,2.0,6.0,3,,,,,,,,,,,,,,,,,,,,0.0,0.0,0.0,100.0,,,,,1473.2,1483.2
2016-09-25,2016,FC Koln,RB Leipzig,1,1,D,U,2.3,3.3,3.2,2.0,2.0,1.0,6.0,3,,,,,,,,,,,,,,,,,,,,100.0,0.0,50.0,0.0,,,,,1521.9,1521.9
2016-09-24,2016,Werder Bremen,Wolfsburg,2,1,H,O,3.9,3.75,1.91,4.0,3.0,6.0,2.0,3,,,,,,,,,,,,,,,,,,,,0.0,100.0,50.0,0.0,,,,,1438.0,1485.4
2016-09-24,2016,Mainz,Leverkusen,2,3,A,O,3.0,3.3,2.4,5.0,6.0,6.0,1.0,2,,,,,,,,,,,,,,,,,,,,0.0,0.0,0.0,100.0,,,,,1519.5,1543.5
2016-09-24,2016,M'gladbach,Ingolstadt,2,0,H,U,1.8,3.6,4.75,5.0,2.0,1.0,3.0,3,,,,,,,,,,,,,,,,,,,,100.0,0.0,0.0,50.0,,,,,1541.2,1444.2
2016-09-24,2016,Hamburg,Bayern Munich,0,1,A,U,13.0,7.0,1.2,1.0,8.0,3.0,5.0,3,,,,,,,,,,,,,,,,,,,,0.0,50.0,100.0,0.0,,,,,1445.4,1685.4
2016-09-24,2016,Ein Frankfurt,Hertha,3,3,D,O,2.25,3.2,3.4,4.0,4.0,4.0,1.0,3,,,,,,,,,,,,,,,,,,,,100.0,0.0,50.0,50.0,,,,,1483.6,1522.3
2016-09-24,2016,Augsburg,Darmstadt,1,0,H,U,1.67,3.75,5.5,6.0,0.0,3.0,5.0,3,,,,,,,,,,,,,,,,,,,,0.0,100.0,0.0,100.0,,,,,1468.5,1462.2
2016-09-23,2016,Dortmund,Freiburg,3,1,H,O,1.18,7.5,15.0,5.0,5.0,15.0,3.0,3,,,,,,,,,,,,,,,,,,,,100.0,0.0,0.0,100.0,,,,,1628.8,1500.5
2016-09-21,2016,Werder Bremen,Mainz,1,2,A,O,3.0,3.5,2.3,7.0,6.0,3.0,14.0,2,,,,,,,,,,,,,,,,,,,,0.0,100.0,50.0,50.0,,,,,1446.1,1511.4
2016-09-21,2016,Schalke 04,FC Koln,1,3,A,O,2.1,3.4,3.6,8.0,5.0,8.0,4.0,2,,,,,,,,,,,,,,,,,,,,0.0,100.0,0.0,0.0,,,,,1492.7,1512.4
2016-09-21,2016,RB Leipzig,M'gladbach,1,1,D,U,2.38,3.5,3.0,5.0,1.0,5.0,2.0,2,,,,,,,,,,,,,,,,,,,,100.0,0.0,0.0,100.0,,,,,1521.3,1541.8
2016-09-21,2016,Leverkusen,Augsburg,0,0,D,U,1.45,4.5,7.0,6.0,2.0,6.0,3.0,2,,,,,,,,,,,,,,,,,,,,100.0,0.0,100.0,0.0,,,,,1545.7,1466.2
2016-09-21,2016,Bayern Munich,Hertha,3,0,H,O,1.14,9.0,17.0,7.0,2.0,6.0,2.0,3,,,,,,,,,,,,,,,,,,,,100.0,0.0,100.0,0.0,,,,,1679.5,1528.2
2016-09-20,2016,Wolfsburg,Dortmund,1,5,A,O,4.75,3.75,1.75,9.0,9.0,2.0,3.0,2,,,,,,,,,,,,,,,,,,,,0.0,0.0,0.0,100.0,,,,,1491.8,1622.3
2016-09-20,2016,Ingolstadt,Ein Frankfurt,0,2,A,U,2.25,3.25,3.4,3.0,5.0,6.0,4.0,2,,,,,,,,,,,,,,,,,,,,0.0,100.0,0.0,100.0,,,,,1453.7,1474.2
2016-09-20,2016,Freiburg,Hamburg,1,0,H,U,2.3,3.4,3.1,4.0,0.0,7.0,0.0,2,,,,,,,,,,,,,,,,,,,,100.0,0.0,0.0,100.0,,,,,1491.6,1454.3
2016-09-20,2016,Darmstadt,Hoffenheim,1,1,D,U,3.5,3.5,2.1,3.0,4.0,2.0,6.0,2,,,,,,,,,,,,,,,,,,,,100.0,0.0,0.0,0.0,,,,,1461.9,1473.6
2016-09-18,2016,Hertha,Schalke 04,2,0,H,U,2.5,3.4,2.8,2.0,4.0,4.0,6.0,2,,,,,,,,,,,,,,,,,,,,100.0,0.0,0.0,100.0,,,,,1518.7,1502.2
2016-09-18,2016,Augsburg,Mainz,1,3,A,O,2.38,3.4,3.0,5.0,6.0,2.0,7.0,2,,,,,,,,,,,,,,,,,,,,0.0,100.0,0.0,100.0,,,,,1475.5,1502.1
2016-09-17,2016,M'gladbach,Werder Bremen,4,1,H,O,1.44,4.5,7.5,7.0,5.0,10.0,4.0,2,,,,,,,,,,,,,,,,,,,,100.0,0.0,0.0,100.0,,,,,1534.1,1453.8
2016-09-17,2016,Hoffenheim,Wolfsburg,0,0,D,U,3.1,3.6,2.25,5.0,9.0,3.0,11.0,2,,,,,,,,,,,,,,,,,,,,0.0,0.0,100.0,0.0,,,,,1473.0,1492.3
2016-09-17,2016,Hamburg,RB Leipzig,0,4,A,O,2.75,3.25,2.63,2.0,6.0,8.0,3.0,2,,,,,,,,,,,,,,,,,,,,0.0,0.0,0.0,0.0,,,,,1462.9,1512.8
2016-09-17,2016,Ein Frankfurt,Leverkusen,2,1,H,O,4.0,3.5,1.95,8.0,3.0,1.0,3.0,2,,,,,,,,,,,,,,,,,,,,100.0,0.0,0.0,100.0,,,,,1461.4,1558.5
2016-09-17,2016,Dortmund,Darmstadt,6,0,H,O,1.13,9.0,21.0,14.0,1.0,12.0,2.0,2,,,,,,,,,,,,,,,,,,,,100.0,0.0,0.0,100.0,,,,,1616.4,1467.9
2016-09-17,2016,Bayern Munich,Ingolstadt,3,1,H,O,1.07,12.0,34.0,5.0,5.0,5.0,5.0,2,,,,,,,,,,,,,,,,,,,,100.0,0.0,0.0,0.0,,,,,1675.0,1458.1
2016-09-16,2016,FC Koln,Freiburg,3,0,H,O,1.8,3.6,4.5,3.0,8.0,4.0,6.0,2,,,,,,,,,,,,,,,,,,,,100.0,0.0,0.0,100.0,,,,,1502.5,1501.6
2016-09-11,2016,Werder Bremen,Augsburg,1,2,A,O,2.3,3.4,3.1,1.0,5.0,0.0,4.0,1,,,,,,,,,,,,,,,,,,,,,,,,,,,,1463.8,1465.5
2016-09-11,2016,Mainz,Hoffenheim,4,4,D,O,2.0,3.5,3.75,6.0,5.0,8.0,5.0,1,,,,,,,,,,,,,,,,,,,,,,,,,,,,1503.0,1472.1
2016-09-10,2016,Wolfsburg,FC Koln,0,0,D,U,1.85,3.75,4.2,4.0,9.0,8.0,4.0,1,,,,,,,,,,,,,,,,,,,,,,,,,,,,1492.0,1502.8
2016-09-10,2016,RB Leipzig,Dortmund,1,0,H,U,5.25,4.2,1.62,4.0,1.0,5.0,7.0,1,,,,,,,,,,,,,,,,,,,,,,,,,,,,1499.2,1630.0
2016-09-10,2016,Leverkusen,Hamburg,3,1,H,O,1.45,4.5,7.0,5.0,2.0,4.0,1.0,1,,,,,,,,,,,,,,,,,,,,,,,,,,,,1550.7,1470.6
2016-09-10,2016,Ingolstadt,Hertha,0,2,A,U,2.4,3.1,3.2,5.0,6.0,6.0,1.0,1,,,,,,,,,,,,,,,,,,,,,,,,,,,,1466.9,1510.0
2016-09-10,2016,Freiburg,M'gladbach,3,1,H,O,3.6,3.6,2.0,7.0,2.0,3.0,4.0,1,,,,,,,,,,,,,,,,,,,,,,,,,,,,1490.0,1545.7
2016-09-10,2016,Darmstadt,Ein Frankfurt,1,0,H,U,3.0,3.3,2.4,1.0,3.0,1.0,4.0,1,,,,,,,,,,,,,,,,,,,,,,,,,,,,1457.4,1471.8
2016-09-09,2016,Schalke 04,Bayern Munich,0,2,A,U,10.0,5.5,1.3,2.0,2.0,2.0,7.0,1,,,,,,,,,,,,,,,,,,,,,,,,,,,,1507.9,1669.4
2016-08-28,2016,Hoffenheim,RB Leipzig,2,2,D,O,2.5,3.25,2.9,5.0,9.0,2.0,9.0,1,,,,,,,,,,,,,,,,,,,,,,,,,,,,1471.3,1500.0
2016-08-28,2016,Hertha,Freiburg,2,1,H,O,2.15,3.3,3.5,5.0,2.0,5.0,2.0,1,,,,,,,,,,,,,,,,,,,,,,,,,,,,1500.0,1500.0
2016-08-27,2016,M'gladbach,Leverkusen,2,1,H,O,2.3,3.4,3.1,9.0,6.0,7.0,3.0,1,,,,,,,,,,,,,,,,,,,,,,,,,,,,1534.9,1561.5
2016-08-27,2016,Hamburg,Ingolstadt,1,1,D,U,2.2,3.2,3.5,1.0,5.0,4.0,5.0,1,,,,,,,,,,,,,,,,,,,,,,,,,,,,1470.7,1466.8
2016-08-27,2016,FC Koln,Darmstadt,2,0,H,U,1.8,3.5,4.75,8.0,3.0,6.0,5.0,1,,,,,,,,,,,,,,,,,,,,,,,,,,,,1493.5,1466.7
2016-08-27,2016,Ein Frankfurt,Schalke 04,1,0,H,U,3.4,3.3,2.2,4.0,3.0,7.0,5.0,1,,,,,,,,,,,,,,,,,,,,,,,,,,,,1460.2,1519.6
2016-08-27,2016,Dortmund,Mainz,2,1,H,O,1.36,5.0,8.5,8.0,4.0,7.0,2.0,1,,,,,,,,,,,,,,,,,,,,,,,,,,,,1623.1,1509.9
2016-08-27,2016,Augsburg,Wolfsburg,0,2,A,U,2.8,3.25,2.6,2.0,6.0,2.0,3.0,1,,,,,,,,,,,,,,,,,,,,,,,,,,,,1475.3,1482.2
2016-08-26,2016,Bayern Munich,Werder Bremen,6,0,H,O,1.1,10.0,23.0,14.0,2.0,8.0,1.0,1,,,,,,,,,,,,,,,,,,,,,,,,,,,,1664.5,1468.7
2016-05-14,2015,Wolfsburg,Stuttgart,3,1,H,O,2.3,4.0,2.75,7.0,6.0,7.0,9.0,17,0.0,0.0,1.0,2.0,2.0,4.0,-2.0,4.0,9.0,-5.0,-2.0,-5.0,3.0,0.0,0.0,0.0,1.0,1.0,0.0,50.0,18.8,18.8,50.0,15.0,11.0,21.0,16.0,1473.2,1439.0
2016-05-14,2015,Werder Bremen,Ein Frankfurt,1,0,H,U,2.0,3.75,3.5,3.0,2.0,6.0,4.0,17,2.0,1.0,1.0,2.0,10.0,2.0,8.0,6.0,5.0,1.0,4.0,-3.0,7.0,1.0,0.0,1.0,0.0,1.0,-1.0,25.0,43.8,18.8,62.5,22.0,10.0,20.0,11.0,1458.3,1470.5
2016-05-14,2015,Mainz,Hertha,0,0,D,U,2.05,3.6,3.5,3.0,5.0,2.0,2.0,17,1.0,0.0,1.0,3.0,6.0,2.0,4.0,5.0,9.0,-4.0,1.0,-7.0,8.0,1.0,0.0,1.0,0.0,1.0,-1.0,50.0,31.2,31.2,56.2,18.0,7.0,16.0,15.0,1510.2,1499.7
2016-05-14,2015,Leverkusen,Ingolstadt,3,2,H,O,1.5,4.33,6.5,6.0,5.0,2.0,4.0,17,3.0,0.0,0.0,3.0,8.0,2.0,6.0,1.0,6.0,-5.0,7.0,-4.0,11.0,2.0,0.0,2.0,0.0,1.0,-1.0,56.2,25.0,18.8,50.0,19.0,13.0,15.0,17.0,1553.7,1474.5
2016-05-14,2015,Hoffenheim,Schalke 04,1,4,A,O,3.2,3.8,2.05,4.0,8.0,7.0,2.0,17,2.0,1.0,0.0,2.0,5.0,3.0,2.0,3.0,7.0,-4.0,2.0,-4.0,6.0,0.0,1.0,-1.0,0.0,2.0,-2.0,37.5,25.0,37.5,50.0,18.0,13.0,9.0,11.0,1480.4,1510.4
2016-05-14,2015,Dortmund,FC Koln,2,2,D,O,1.29,5.75,8.0,5.0,5.0,2.0,1.0,17,3.0,1.0,0.0,0.0,11.0,4.0,7.0,3.0,3.0,0.0,8.0,1.0,7.0,2.0,0.0,2.0,0.0,0.0,0.0,87.5,0.0,31.2,25.0,23.0,6.0,28.0,20.0,1626.9,1489.8
2016-05-14,2015,Darmstadt,M'gladbach,0,2,A,U,3.5,3.75,2.0,0.0,3.0,3.0,6.0,17,1.0,0.0,1.0,2.0,5.0,1.0,4.0,4.0,4.0,0.0,1.0,-3.0,4.0,1.0,0.0,1.0,0.0,1.0,-1.0,12.5,50.0,18.8,62.5,15.0,7.0,12.0,11.0,1475.2,1526.4
2016-05-14,2015,Bayern Munich,Hannover,3,1,H,O,1.08,11.0,26.0,11.0,5.0,11.0,5.0,17,2.0,0.0,0.0,1.0,5.0,4.0,1.0,1.0,5.0,-4.0,4.0,-1.0,5.0,1.0,0.0,1.0,0.0,0.0,0.0,87.5,6.2,18.8,56.2,21.0,10.0,18.0,14.0,1660.7,1405.0
2016-05-14,2015,Augsburg,Hamburg,1,3,A,O,2.0,3.5,3.8,7.0,6.0,2.0,4.0,17,1.0,1.0,1.0,1.0,2.0,3.0,-1.0,3.0,3.0,0.0,-1.0,0.0,-1.0,0.0,1.0,-1.0,1.0,1.0,0.0,18.8,43.8,31.2,43.8,11.0,9.0,11.0,8.0,1486.1,1460.0
2016-05-07,2015,Stuttgart,Mainz,1,3,A,O,2.1,3.8,3.2,3.0,11.0,6.0,9.0,17,0.0,0.0,3.0,1.0,1.0,3.0,-2.0,8.0,4.0,4.0,-7.0,-1.0,-6.0,0.0,0.0,0.0,3.0,0.0,3.0,37.5,56.2,31.2,43.8,8.0,15.0,12.0,19.0,1447.5,1501.7
2016-05-07,2015,Schalke 04,Augsburg,1,1,D,U,1.7,4.2,4.5,5.0,2.0,9.0,2.0,17,1.0,2.0,1.0,1.0,6.0,6.0,0.0,6.0,5.0,1.0,0.0,1.0,-1.0,0.0,1.0,-1.0,0.0,1.0,-1.0,50.0,25.0,37.5,37.5,13.0,12.0,9.0,4.0,1511.2,1485.3
2016-05-07,2015,M'gladbach,Leverkusen,2,1,H,O,1.91,3.8,3.8,6.0,8.0,6.0,3.0,17,3.0,3.0,0.0,0.0,11.0,7.0,4.0,1.0,2.0,-1.0,10.0,5.0,5.0,3.0,2.0,1.0,0.0,0.0,0.0,75.0,18.8,50.0,31.2,27.0,21.0,20.0,21.0,1514.9,1565.2
2016-05-07,2015,Ingolstadt,Bayern Munich,1,2,A,O,15.0,7.0,1.18,4.0,6.0,4.0,3.0,17,2.0,3.0,0.0,0.0,6.0,6.0,0.0,2.0,1.0,1.0,4.0,5.0,-1.0,1.0,2.0,-1.0,0.0,0.0,0.0,43.8,25.0,75.0,6.2,11.0,15.0,12.0,12.0,1479.9,1655.4
2016-05-07,2015,Hertha,Darmstadt,1,2,A,O,1.75,3.6,5.0,4.0,3.0,10.0,1.0,17,1.0,1.0,1.0,1.0,4.0,4.0,0.0,5.0,6.0,-1.0,-1.0,-2.0,1.0,0.0,0.0,0.0,1.0,1.0,0.0,56.2,12.5,37.5,31.2,10.0,7.0,11.0,8.0,1511.0,1463.9
2016-05-07,2015,Hannover,Hoffenheim,1,0,H,U,3.4,3.75,2.05,4.0,4.0,3.0,5.0,17,1.0,2.0,2.0,1.0,3.0,6.0,-3.0,6.0,4.0,2.0,-3.0,2.0,-5.0,1.0,2.0,-1.0,2.0,1.0,1.0,18.8,81.2,18.8,56.2,18.0,23.0,19.0,10.0,1392.2,1493.3
2016-05-07,2015,Hamburg,Wolfsburg,0,1,A,U,2.7,3.4,2.63,0.0,6.0,5.0,4.0,17,1.0,0.0,2.0,3.0,4.0,3.0,1.0,6.0,11.0,-5.0,-2.0,-8.0,6.0,0.0,0.0,0.0,1.0,2.0,-1.0,31.2,43.8,12.5,62.5,21.0,12.0,20.0,9.0,1470.2,1463.0
2016-05-07,2015,FC Koln,Werder Bremen,0,0,D,U,2.8,3.75,2.38,4.0,1.0,8.0,7.0,17,1.0,0.0,2.0,3.0,4.0,3.0,1.0,4.0,10.0,-6.0,0.0,-7.0,7.0,1.0,0.0,1.0,1.0,1.0,0.0,31.2,43.8,31.2,56.2,20.0,14.0,11.0,10.0,1490.7,1457.4
2016-05-07,2015,Ein Frankfurt,Dortmund,1,0,H,U,7.0,4.75,1.45,4.0,2.0,3.0,5.0,17,2.0,2.0,1.0,0.0,3.0,8.0,-5.0,3.0,3.0,0.0,0.0,5.0,-5.0,0.0,2.0,-2.0,1.0,0.0,1.0,31.2,31.2,62.5,18.8,12.0,19.0,26.0,16.0,1455.6,1641.8
2016-05-02,2015,Werder Bremen,Stuttgart,6,2,H,O,2.05,3.6,3.5,9.0,4.0,3.0,5.0,16,1.0,0.0,1.0,1.0,5.0,5.0,0.0,5.0,6.0,-1.0,0.0,-1.0,1.0,0.0,0.0,0.0,0.0,0.0,0.0,20.0,46.7,20.0,46.7,16.0,13.0,18.0,18.0,1447.1,1457.8
2016-04-30,2015,Mainz,Hamburg,0,0,D,U,1.8,3.75,4.33,4.0,4.0,6.0,4.0,16,1.0,1.0,1.0,2.0,6.0,3.0,3.0,5.0,4.0,1.0,1.0,-1.0,2.0,1.0,1.0,0.0,0.0,1.0,-1.0,53.3,33.3,33.3,46.7,18.0,10.0,13.0,11.0,1502.7,1469.2
2016-04-30,2015,Leverkusen,Hertha,2,1,H,O,1.62,3.75,6.0,8.0,3.0,6.0,4.0,16,3.0,0.0,0.0,3.0,7.0,1.0,6.0,0.0,9.0,-9.0,7.0,-8.0,15.0,2.0,0.0,2.0,0.0,2.0,-2.0,53.3,26.7,33.3,53.3,15.0,5.0,14.0,13.0,1556.2,1520.0
2016-04-30,2015,Hoffenheim,Ingolstadt,2,1,H,O,1.8,3.6,4.6,6.0,8.0,2.0,7.0,16,2.0,0.0,0.0,2.0,4.0,2.0,2.0,2.0,5.0,-3.0,2.0,-3.0,5.0,0.0,0.0,0.0,0.0,1.0,-1.0,33.3,26.7,20.0,46.7,14.0,11.0,10.0,12.0,1483.1,1490.1
2016-04-30,2015,Hannover,Schalke 04,1,3,A,O,3.8,4.0,1.85,2.0,7.0,9.0,3.0,16,1.0,0.0,2.0,3.0,2.0,0.0,2.0,5.0,8.0,-3.0,-3.0,-8.0,5.0,1.0,0.0,1.0,2.0,3.0,-1.0,20.0,80.0,33.3,53.3,18.0,10.0,19.0,13.0,1399.2,1504.1
2016-04-30,2015,Dortmund,Wolfsburg,5,1,H,O,1.36,5.0,8.5,10.0,4.0,7.0,6.0,16,3.0,0.0,0.0,3.0,8.0,2.0,6.0,2.0,7.0,-5.0,6.0,-5.0,11.0,2.0,0.0,2.0,0.0,1.0,-1.0,86.7,0.0,13.3,60.0,23.0,17.0,29.0,8.0,1636.3,1468.5
2016-04-30,2015,Darmstadt,Ein Frankfurt,1,2,A,O,2.5,3.2,3.0,6.0,4.0,4.0,8.0,16,1.0,0.0,0.0,3.0,6.0,0.0,6.0,4.0,7.0,-3.0,2.0,-7.0,9.0,1.0,0.0,1.0,0.0,2.0,-2.0,13.3,46.7,13.3,66.7,15.0,6.0,11.0,4.0,1474.7,1444.7
2016-04-30,2015,Bayern Munich,M'gladbach,1,1,D,U,1.4,5.0,7.5,4.0,2.0,7.0,5.0,16,3.0,0.0,0.0,3.0,9.0,1.0,8.0,0.0,5.0,-5.0,9.0,-4.0,13.0,2.0,0.0,2.0,0.0,1.0,-1.0,93.3,6.7,20.0,66.7,30.0,13.0,22.0,11.0,1659.4,1510.9
2016-04-29,2015,Augsburg,FC Koln,0,0,D,U,2.45,3.25,3.0,1.0,1.0,5.0,5.0,16,1.0,2.0,1.0,0.0,5.0,6.0,-1.0,6.0,3.0,3.0,-1.0,3.0,-4.0,0.0,1.0,-1.0,1.0,0.0,1.0,20.0,46.7,33.3,26.7,15.0,10.0,6.0,16.0,1485.2,1490.9
2016-04-24,2015,M'gladbach,Hoffenheim,3,1,H,O,1.62,4.2,5.25,11.0,8.0,12.0,3.0,16,3.0,2.0,0.0,1.0,12.0,6.0,6.0,0.0,6.0,-6.0,12.0,0.0,12.0,3.0,2.0,1.0,0.0,1.0,-1.0,73.3,20.0,20.0,53.3,22.0,19.0,10.0,8.0,1501.1,1492.8
2016-04-24,2015,Ein Frankfurt,Mainz,2,1,H,O,2.88,3.3,2.5,4.0,4.0,5.0,2.0,16,1.0,0.0,1.0,1.0,2.0,2.0,0.0,3.0,4.0,-1.0,-1.0,-2.0,1.0,0.0,0.0,0.0,1.0,1.0,0.0,26.7,33.3,33.3,40.0,11.0,11.0,29.0,19.0,1432.4,1515.0
2016-04-23,2015,Wolfsburg,Augsburg,0,2,A,U,1.8,3.75,4.33,7.0,4.0,6.0,1.0,16,1.0,1.0,0.0,1.0,4.0,6.0,-2.0,3.0,7.0,-4.0,1.0,-1.0,2.0,0.0,0.0,0.0,0.0,1.0,-1.0,53.3,13.3,33.3,40.0,11.0,13.0,16.0,11.0,1478.6,1475.1
2016-04-23,2015,Stuttgart,Dortmund,0,3,A,O,4.75,4.2,1.65,1.0,9.0,3.0,4.0,16,1.0,2.0,2.0,0.0,6.0,7.0,-1.0,6.0,3.0,3.0,0.0,4.0,-4.0,1.0,2.0,-1.0,2.0,0.0,2.0,40.0,53.3,60.0,20.0,18.0,17.0,20.0,16.0,1463.3,1630.7
2016-04-23,2015,Schalke 04,Leverkusen,2,3,A,O,3.0,3.3,2.4,8.0,6.0,6.0,4.0,16,2.0,2.0,0.0,0.0,7.0,7.0,0.0,5.0,3.0,2.0,2.0,4.0,-2.0,0.0,2.0,-2.0,0.0,0.0,0.0,53.3,20.0,46.7,33.3,14.0,20.0,11.0,22.0,1513.1,1547.2
2016-04-23,2015,Ingolstadt,Hannover,2,2,D,O,1.91,3.4,4.33,3.0,4.0,2.0,7.0,16,2.0,0.0,0.0,2.0,7.0,3.0,4.0,3.0,7.0,-4.0,4.0,-4.0,8.0,1.0,0.0,1.0,0.0,1.0,-1.0,46.7,26.7,20.0,60.0,16.0,11.0,13.0,11.0,1492.8,1396.5
2016-04-23,2015,Hertha,Bayern Munich,0,2,A,U,9.0,4.5,1.4,0.0,6.0,1.0,3.0,16,2.0,2.0,0.0,0.0,6.0,4.0,2.0,3.0,1.0,2.0,3.0,3.0,0.0,1.0,1.0,0.0,0.0,0.0,0.0,60.0,6.7,73.3,6.7,15.0,13.0,15.0,15.0,1526.5,1652.9
2016-04-23,2015,FC Koln,Darmstadt,4,1,H,O,1.95,3.3,4.33,9.0,2.0,3.0,6.0,16,0.0,1.0,3.0,0.0,1.0,3.0,-2.0,6.0,2.0,4.0,-5.0,1.0,-6.0,0.0,0.0,0.0,2.0,0.0,2.0,26.7,46.7,40.0,26.7,20.0,8.0,15.0,3.0,1480.8,1484.8
2016-04-22,2015,Hamburg,Werder Bremen,2,1,H,O,2.6,3.5,2.63,7.0,10.0,5.0,4.0,16,1.0,1.0,2.0,2.0,4.0,6.0,-2.0,5.0,9.0,-4.0,-1.0,-3.0,2.0,1.0,1.0,0.0,1.0,1.0,0.0,26.7,46.7,33.3,53.3,19.0,8.0,18.0,12.0,1459.3,1457.0
2016-04-17,2015,Mainz,FC Koln,2,3,A,O,2.1,3.4,3.6,7.0,4.0,6.0,7.0,15,2.0,1.0,0.0,0.0,7.0,4.0,3.0,3.0,2.0,1.0,4.0,2.0,2.0,2.0,1.0,1.0,0.0,0.0,0.0,57.1,28.6,28.6,28.6,18.0,9.0,8.0,11.0,1526.6,1469.2
2016-04-17,2015,Dortmund,Hamburg,3,0,H,O,1.33,5.25,9.0,5.0,1.0,10.0,0.0,15,2.0,1.0,0.0,2.0,5.0,5.0,0.0,2.0,4.0,-2.0,3.0,1.0,2.0,1.0,1.0,0.0,0.0,0.0,0.0,85.7,0.0,35.7,42.9,21.0,13.0,21.0,17.0,1625.0,1465.0
2016-04-16,2015,Werder Bremen,Wolfsburg,3,2,H,O,2.5,3.5,2.75,9.0,3.0,7.0,1.0,15,1.0,1.0,1.0,2.0,6.0,4.0,2.0,4.0,4.0,0.0,2.0,0.0,2.0,1.0,1.0,0.0,0.0,1.0,-1.0,14.3,50.0,14.3,57.1,12.0,25.0,15.0,14.0,1445.7,1489.9
2016-04-16,2015,Leverkusen,Ein Frankfurt,3,0,H,O,1.36,5.25,8.0,6.0,6.0,3.0,2.0,15,2.0,0.0,1.0,3.0,5.0,0.0,5.0,4.0,6.0,-2.0,1.0,-6.0,7.0,1.0,0.0,1.0,1.0,2.0,-1.0,50.0,28.6,14.3,64.3,15.0,3.0,20.0,5.0,1540.0,1439.6
2016-04-16,2015,Hoffenheim,Hertha,2,1,H,O,2.38,3.4,3.0,7.0,2.0,3.0,5.0,15,2.0,1.0,0.0,2.0,4.0,1.0,3.0,2.0,7.0,-5.0,2.0,-6.0,8.0,0.0,0.0,0.0,0.0,2.0,-2.0,28.6,28.6,35.7,50.0,14.0,6.0,14.0,16.0,1481.2,1538.1
2016-04-16,2015,Darmstadt,Ingolstadt,2,0,H,U,2.55,3.2,2.88,3.0,3.0,2.0,4.0,15,0.0,0.0,1.0,1.0,4.0,3.0,1.0,6.0,4.0,2.0,-2.0,-1.0,-1.0,0.0,0.0,0.0,1.0,0.0,1.0,7.1,50.0,21.4,42.9,13.0,11.0,11.0,13.0,1474.0,1503.6
2016-04-16,2015,Bayern Munich,Schalke 04,3,0,H,O,1.18,7.5,15.0,7.0,4.0,6.0,2.0,15,2.0,1.0,1.0,2.0,7.0,3.0,4.0,2.0,6.0,-4.0,5.0,-3.0,8.0,1.0,1.0,0.0,0.0,2.0,-2.0,92.9,7.1,35.7,50.0,29.0,10.0,27.0,16.0,1646.4,1519.6
2016-04-16,2015,Augsburg,Stuttgart,1,0,H,U,2.45,3.6,2.75,6.0,4.0,4.0,8.0,15,0.0,0.0,1.0,1.0,6.0,5.0,1.0,8.0,9.0,-1.0,-2.0,-4.0,2.0,0.0,0.0,0.0,1.0,1.0,0.0,14.3,50.0,21.4,42.9,13.0,12.0,4.0,14.0,1464.8,1473.5
2016-04-15,2015,Hannover,M'gladbach,2,0,H,U,5.5,4.0,1.62,8.0,2.0,5.0,3.0,15,0.0,0.0,3.0,3.0,0.0,2.0,-2.0,9.0,5.0,4.0,-9.0,-3.0,-6.0,0.0,0.0,0.0,3.0,0.0,3.0,14.3,85.7,21.4,64.3,12.0,16.0,15.0,11.0,1382.9,1514.8
2016-04-10,2015,Schalke 04,Dortmund,2,2,D,O,4.2,4.0,1.73,2.0,5.0,1.0,9.0,15,2.0,3.0,0.0,0.0,6.0,6.0,0.0,4.0,1.0,3.0,2.0,5.0,-3.0,0.0,2.0,-2.0,0.0,0.0,0.0,57.1,21.4,64.3,21.4,17.0,14.0,14.0,8.0,1516.5,1628.1
2016-04-10,2015,FC Koln,Leverkusen,0,2,A,U,3.1,3.25,2.3,9.0,6.0,8.0,8.0,15,0.0,1.0,3.0,1.0,1.0,6.0,-5.0,5.0,6.0,-1.0,-4.0,0.0,-4.0,0.0,1.0,-1.0,1.0,1.0,0.0,28.6,42.9,42.9,35.7,14.0,18.0,9.0,26.0,1477.6,1531.5
2016-04-09,2015,Wolfsburg,Mainz,1,1,D,U,2.2,3.4,3.25,3.0,9.0,7.0,12.0,15,1.0,1.0,1.0,1.0,3.0,3.0,0.0,4.0,4.0,0.0,-1.0,-1.0,0.0,0.0,0.0,0.0,1.0,1.0,0.0,57.1,14.3,35.7,42.9,16.0,5.0,10.0,7.0,1488.7,1527.8
2016-04-09,2015,Werder Bremen,Augsburg,1,2,A,O,2.05,3.4,3.5,4.0,3.0,10.0,0.0,14,1.0,0.0,0.0,2.0,7.0,5.0,2.0,4.0,8.0,-4.0,3.0,-3.0,6.0,1.0,0.0,1.0,0.0,1.0,-1.0,15.4,46.2,28.6,42.9,15.0,13.0,9.0,17.0,1455.8,1454.8
2016-04-09,2015,Stuttgart,Bayern Munich,1,3,A,O,6.0,4.33,1.5,2.0,6.0,7.0,4.0,15,1.0,2.0,2.0,0.0,6.0,3.0,3.0,5.0,0.0,5.0,1.0,3.0,-2.0,1.0,1.0,0.0,1.0,0.0,1.0,42.9,50.0,71.4,7.1,26.0,11.0,30.0,18.0,1479.2,1640.8
2016-04-09,2015,Ingolstadt,M'gladbach,1,0,H,U,3.2,3.4,2.2,4.0,3.0,5.0,3.0,15,1.0,0.0,0.0,2.0,7.0,4.0,3.0,4.0,6.0,-2.0,3.0,-2.0,5.0,1.0,0.0,1.0,0.0,0.0,0.0,42.9,28.6,23.1,61.5,15.0,20.0,15.0,13.0,1492.7,1525.7
2016-04-09,2015,Hamburg,Darmstadt,1,2,A,O,2.05,3.4,3.6,3.0,4.0,5.0,1.0,15,1.0,0.0,1.0,0.0,4.0,3.0,1.0,4.0,3.0,1.0,0.0,0.0,0.0,1.0,0.0,1.0,1.0,0.0,1.0,28.6,42.9,35.7,28.6,18.0,7.0,15.0,4.0,1475.3,1463.6
2016-04-09,2015,Ein Frankfurt,Hoffenheim,0,2,A,U,2.3,3.25,3.1,3.0,6.0,8.0,4.0,15,1.0,1.0,0.0,2.0,2.0,5.0,-3.0,1.0,9.0,-8.0,1.0,-4.0,5.0,0.0,1.0,-1.0,0.0,2.0,-2.0,28.6,28.6,14.3,57.1,13.0,17.0,26.0,11.0,1448.9,1471.9
2016-04-08,2015,Hertha,Hannover,2,2,D,O,1.5,4.2,7.0,8.0,3.0,7.0,4.0,15,3.0,1.0,0.0,2.0,6.0,3.0,3.0,1.0,6.0,-5.0,5.0,-3.0,8.0,2.0,0.0,2.0,0.0,1.0,-1.0,64.3,7.1,21.4,64.3,13.0,16.0,10.0,8.0,1542.5,1378.5
2016-04-03,2015,M'gladbach,Hertha,5,0,H,O,1.83,3.6,4.33,8.0,2.0,7.0,6.0,15,3.0,1.0,0.0,2.0,8.0,1.0,7.0,0.0,4.0,-4.0,8.0,-3.0,11.0,2.0,0.0,2.0,0.0,2.0,-2.0,71.4,21.4,38.5,46.2,19.0,7.0,7.0,11.0,1514.6,1553.6
2016-04-03,2015,Hoffenheim,FC Koln,1,1,D,U,2.38,3.3,3.1,5.0,1.0,4.0,8.0,14,3.0,1.0,0.0,1.0,6.0,3.0,3.0,3.0,2.0,1.0,3.0,1.0,2.0,0.0,1.0,-1.0,0.0,0.0,0.0,30.8,30.8,30.8,30.8,13.0,14.0,16.0,7.0,1471.7,1477.8
2016-04-02,2015,Mainz,Augsburg,4,2,H,O,2.1,3.4,3.6,7.0,5.0,4.0,3.0,14,2.0,1.0,0.0,1.0,5.0,4.0,1.0,2.0,4.0,-2.0,3.0,0.0,3.0,1.0,0.0,1.0,0.0,0.0,0.0,53.8,30.8,30.8,38.5,15.0,14.0,9.0,16.0,1519.4,1463.2
2016-04-02,2015,Ingolstadt,Schalke 04,3,0,H,O,2.75,3.0,2.7,4.0,2.0,5.0,6.0,14,1.0,1.0,0.0,1.0,6.0,3.0,3.0,4.0,3.0,1.0,2.0,0.0,2.0,1.0,1.0,0.0,0.0,1.0,-1.0,38.5,30.8,38.5,46.2,15.0,10.0,10.0,13.0,1481.3,1527.8
2016-04-02,2015,Hannover,Hamburg,0,3,A,O,3.1,3.25,2.38,8.0,4.0,5.0,4.0,14,0.0,0.0,3.0,2.0,0.0,2.0,-2.0,7.0,4.0,3.0,-7.0,-2.0,-5.0,0.0,0.0,0.0,2.0,0.0,2.0,15.4,84.6,30.8,46.2,10.0,10.0,15.0,16.0,1386.2,1467.6
2016-04-02,2015,Dortmund,Werder Bremen,3,2,H,O,1.2,7.0,13.0,8.0,3.0,11.0,2.0,14,2.0,1.0,0.0,2.0,5.0,4.0,1.0,1.0,8.0,-7.0,4.0,-4.0,8.0,2.0,1.0,1.0,0.0,2.0,-2.0,84.6,0.0,35.7,50.0,22.0,7.0,21.0,14.0,1622.5,1461.4
2016-04-02,2015,Darmstadt,Stuttgart,2,2,D,O,3.4,3.3,2.2,6.0,3.0,6.0,3.0,14,0.0,0.0,2.0,1.0,3.0,4.0,-1.0,6.0,8.0,-2.0,-3.0,-4.0,1.0,0.0,0.0,0.0,1.0,1.0,0.0,7.7,53.8,23.1,46.2,13.0,17.0,8.0,24.0,1463.2,1479.7
2016-04-02,2015,Bayern Munich,Ein Frankfurt,1,0,H,U,1.13,9.0,21.0,10.0,0.0,5.0,1.0,14,2.0,0.0,1.0,3.0,9.0,1.0,8.0,3.0,8.0,-5.0,6.0,-7.0,13.0,2.0,0.0,2.0,0.0,3.0,-3.0,92.3,7.7,15.4,61.5,32.0,7.0,40.0,12.0,1635.6,1454.1
2016-04-01,2015,Leverkusen,Wolfsburg,3,0,H,O,2.0,3.2,4.0,5.0,5.0,6.0,2.0,14,1.0,1.0,2.0,1.0,2.0,5.0,-3.0,5.0,2.0,3.0,-3.0,3.0,-6.0,0.0,1.0,-1.0,1.0,0.0,1.0,46.2,30.8,15.4,53.8,12.0,26.0,22.0,17.0,1522.2,1498.0
2016-03-20,2015,Stuttgart,Leverkusen,0,2,A,U,2.3,3.5,2.9,5.0,9.0,2.0,9.0,14,2.0,1.0,1.0,1.0,8.0,6.0,2.0,3.0,7.0,-4.0,5.0,-1.0,6.0,2.0,0.0,2.0,0.0,1.0,-1.0,46.2,46.2,38.5,38.5,27.0,12.0,38.0,23.0,1489.0,1512.9
2016-03-20,2015,Augsburg,Dortmund,1,3,A,O,6.5,4.33,1.5,4.0,5.0,2.0,3.0,14,0.0,2.0,1.0,0.0,6.0,3.0,3.0,8.0,0.0,8.0,-2.0,3.0,-5.0,0.0,1.0,-1.0,1.0,0.0,1.0,15.4,46.2,61.5,23.1,11.0,11.0,4.0,8.0,1469.2,1616.5
2016-03-19,2015,Wolfsburg,Darmstadt,1,1,D,U,1.44,4.33,8.0,5.0,1.0,8.0,1.0,14,2.0,0.0,1.0,1.0,4.0,3.0,1.0,3.0,5.0,-2.0,1.0,-2.0,3.0,1.0,0.0,1.0,1.0,1.0,0.0,61.5,15.4,38.5,30.8,16.0,11.0,8.0,3.0,1499.1,1462.1
2016-03-19,2015,Werder Bremen,Mainz,1,1,D,U,2.38,3.4,3.0,3.0,2.0,1.0,5.0,13,1.0,1.0,0.0,2.0,7.0,4.0,3.0,4.0,6.0,-2.0,3.0,-2.0,5.0,1.0,0.0,1.0,0.0,1.0,-1.0,16.7,50.0,38.5,46.2,22.0,9.0,14.0,4.0,1459.7,1521.1
2016-03-19,2015,Hertha,Ingolstadt,2,1,H,O,2.05,3.2,4.0,2.0,2.0,3.0,6.0,14,2.0,0.0,0.0,1.0,5.0,2.0,3.0,1.0,4.0,-3.0,4.0,-2.0,6.0,2.0,0.0,2.0,0.0,1.0,-1.0,61.5,7.7,23.1,38.5,16.0,11.0,10.0,14.0,1545.2,1489.8
2016-03-19,2015,Hamburg,Hoffenheim,1,3,A,O,2.25,3.4,3.2,11.0,9.0,10.0,3.0,14,2.0,0.0,0.0,2.0,6.0,3.0,3.0,3.0,9.0,-6.0,3.0,-6.0,9.0,1.0,0.0,1.0,0.0,2.0,-2.0,30.8,38.5,7.7,61.5,16.0,12.0,8.0,10.0,1478.1,1461.2
2016-03-19,2015,FC Koln,Bayern Munich,0,1,A,U,11.0,5.0,1.29,2.0,3.0,0.0,5.0,14,1.0,2.0,2.0,0.0,4.0,5.0,-1.0,5.0,1.0,4.0,-1.0,4.0,-5.0,1.0,2.0,-1.0,1.0,0.0,1.0,30.8,38.5,69.2,7.7,19.0,18.0,13.0,18.0,1483.8,1629.5
2016-03-19,2015,Ein Frankfurt,Hannover,1,0,H,U,1.85,3.6,4.33,5.0,3.0,13.0,3.0,14,0.0,1.0,0.0,2.0,1.0,3.0,-2.0,1.0,6.0,-5.0,0.0,-3.0,3.0,0.0,0.0,0.0,0.0,1.0,-1.0,23.1,30.8,23.1,61.5,10.0,14.0,16.0,8.0,1445.6,1394.7
2016-03-18,2015,Schalke 04,M'gladbach,2,1,H,O,2.45,3.5,2.8,3.0,8.0,2.0,5.0,14,2.0,0.0,0.0,2.0,7.0,5.0,2.0,3.0,7.0,-4.0,4.0,-2.0,6.0,1.0,0.0,1.0,0.0,0.0,0.0,53.8,23.1,25.0,58.3,17.0,16.0,18.0,14.0,1517.6,1524.8
2016-03-13,2015,Leverkusen,Hamburg,1,0,H,U,1.67,3.75,5.5,4.0,5.0,5.0,7.0,13,0.0,0.0,2.0,2.0,1.0,3.0,-2.0,5.0,5.0,0.0,-4.0,-2.0,-2.0,0.0,0.0,0.0,1.0,0.0,1.0,41.7,33.3,33.3,41.7,10.0,10.0,23.0,13.0,1503.4,1487.7
2016-03-13,2015,Dortmund,Mainz,2,0,H,U,1.36,5.0,8.5,10.0,0.0,8.0,2.0,13,2.0,2.0,0.0,1.0,4.0,5.0,-1.0,1.0,4.0,-3.0,3.0,1.0,2.0,1.0,0.0,1.0,0.0,0.0,0.0,83.3,0.0,41.7,41.7,19.0,11.0,23.0,6.0,1608.7,1528.9
2016-03-12,2015,M'gladbach,Ein Frankfurt,3,0,H,O,1.57,4.33,5.5,8.0,0.0,1.0,1.0,14,3.0,0.0,0.0,2.0,10.0,1.0,9.0,1.0,5.0,-4.0,9.0,-4.0,13.0,2.0,0.0,2.0,0.0,2.0,-2.0,69.2,23.1,16.7,58.3,20.0,13.0,8.0,13.0,1516.6,1453.8
2016-03-12,2015,Ingolstadt,Stuttgart,3,3,D,O,3.0,3.2,2.5,8.0,6.0,3.0,7.0,13,2.0,1.0,0.0,1.0,5.0,5.0,0.0,2.0,7.0,-5.0,3.0,-2.0,5.0,1.0,1.0,0.0,0.0,1.0,-1.0,41.7,33.3,25.0,50.0,11.0,20.0,15.0,24.0,1489.8,1489.0
2016-03-12,2015,Hoffenheim,Wolfsburg,1,0,H,U,3.4,3.6,2.1,2.0,9.0,3.0,5.0,13,2.0,1.0,1.0,1.0,5.0,5.0,0.0,5.0,4.0,1.0,0.0,1.0,-1.0,0.0,1.0,-1.0,1.0,1.0,0.0,25.0,33.3,16.7,50.0,12.0,19.0,21.0,18.0,1449.5,1510.9
2016-03-12,2015,Hannover,FC Koln,0,2,A,U,3.5,3.3,2.15,2.0,5.0,9.0,1.0,13,0.0,0.0,3.0,1.0,0.0,2.0,-2.0,6.0,3.0,3.0,-6.0,-1.0,-5.0,0.0,0.0,0.0,1.0,0.0,1.0,16.7,83.3,25.0,33.3,10.0,15.0,9.0,16.0,1402.7,1475.9
2016-03-12,2015,Darmstadt,Augsburg,2,2,D,O,2.8,3.1,2.7,6.0,5.0,3.0,8.0,13,0.0,1.0,3.0,2.0,1.0,3.0,-2.0,6.0,4.0,2.0,-5.0,-1.0,-4.0,0.0,0.0,0.0,2.0,0.0,2.0,8.3,58.3,33.3,41.7,9.0,11.0,7.0,11.0,1461.9,1469.4
2016-03-12,2015,Bayern Munich,Werder Bremen,5,0,H,O,1.13,9.0,21.0,13.0,1.0,11.0,4.0,13,2.0,1.0,1.0,2.0,6.0,5.0,1.0,3.0,8.0,-5.0,3.0,-3.0,6.0,2.0,1.0,1.0,0.0,2.0,-2.0,91.7,8.3,38.5,46.2,28.0,10.0,39.0,17.0,1623.8,1465.4
2016-03-11,2015,Hertha,Schalke 04,2,0,H,U,2.4,3.2,3.0,5.0,4.0,5.0,5.0,13,1.0,1.0,0.0,1.0,3.0,4.0,-1.0,1.0,3.0,-2.0,2.0,1.0,1.0,1.0,1.0,0.0,0.0,0.0,0.0,58.3,8.3,41.7,41.7,15.0,9.0,8.0,15.0,1535.4,1527.4
2016-03-06,2015,Mainz,Darmstadt,0,0,D,U,1.75,3.6,5.0,4.0,3.0,3.0,1.0,13,3.0,1.0,0.0,1.0,6.0,5.0,1.0,2.0,5.0,-3.0,4.0,0.0,4.0,1.0,1.0,0.0,0.0,1.0,-1.0,58.3,33.3,41.7,33.3,13.0,13.0,14.0,9.0,1530.9,1459.9
2016-03-06,2015,Hamburg,Hertha,2,0,H,U,2.88,3.1,2.63,5.0,1.0,3.0,2.0,13,1.0,1.0,0.0,1.0,5.0,4.0,1.0,4.0,5.0,-1.0,1.0,-1.0,2.0,0.0,0.0,0.0,0.0,1.0,-1.0,25.0,41.7,41.7,41.7,15.0,10.0,9.0,15.0,1475.6,1547.5
2016-03-05,2015,Wolfsburg,M'gladbach,2,1,H,O,1.95,3.75,3.6,3.0,5.0,1.0,3.0,13,1.0,0.0,1.0,2.0,3.0,4.0,-1.0,3.0,6.0,-3.0,0.0,-2.0,2.0,1.0,0.0,1.0,1.0,0.0,1.0,58.3,16.7,27.3,54.5,17.0,18.0,12.0,15.0,1500.1,1527.4
2016-03-05,2015,Werder Bremen,Hannover,4,1,H,O,1.73,3.8,4.75,5.0,5.0,4.0,4.0,12,0.0,1.0,0.0,2.0,6.0,2.0,4.0,6.0,5.0,1.0,0.0,-3.0,3.0,0.0,0.0,0.0,0.0,1.0,-1.0,9.1,54.5,25.0,58.3,23.0,11.0,16.0,10.0,1456.7,1411.4
2016-03-05,2015,Stuttgart,Hoffenheim,5,1,H,O,1.91,3.6,4.0,11.0,4.0,11.0,1.0,13,2.0,0.0,1.0,2.0,5.0,2.0,3.0,3.0,6.0,-3.0,2.0,-4.0,6.0,1.0,0.0,1.0,0.0,2.0,-2.0,41.7,50.0,8.3,58.3,27.0,10.0,37.0,11.0,1479.5,1458.9
2016-03-05,2015,FC Koln,Schalke 04,1,3,A,O,2.4,3.2,3.1,9.0,4.0,7.0,5.0,13,1.0,1.0,2.0,1.0,4.0,3.0,1.0,5.0,2.0,3.0,-1.0,1.0,-2.0,1.0,1.0,0.0,1.0,0.0,1.0,33.3,33.3,36.4,45.5,14.0,12.0,14.0,19.0,1484.9,1518.4
2016-03-05,2015,Ein Frankfurt,Ingolstadt,1,1,D,U,2.5,3.2,3.0,3.0,6.0,8.0,2.0,13,0.0,0.0,1.0,2.0,2.0,1.0,1.0,4.0,5.0,-1.0,-2.0,-4.0,2.0,0.0,0.0,0.0,1.0,2.0,-1.0,25.0,33.3,25.0,41.7,14.0,8.0,10.0,13.0,1452.7,1490.9
2016-03-05,2015,Dortmund,Bayern Munich,0,0,D,U,3.1,3.4,2.3,3.0,4.0,2.0,6.0,12,3.0,2.0,0.0,0.0,6.0,5.0,1.0,1.0,1.0,0.0,5.0,4.0,1.0,2.0,2.0,0.0,0.0,0.0,0.0,90.9,0.0,75.0,8.3,22.0,15.0,25.0,20.0,1608.3,1624.3
2016-03-05,2015,Augsburg,Leverkusen,3,3,D,O,2.9,3.3,2.5,5.0,5.0,0.0,5.0,13,0.0,1.0,1.0,1.0,3.0,4.0,-1.0,5.0,5.0,0.0,-2.0,-1.0,-1.0,0.0,0.0,0.0,1.0,1.0,0.0,16.7,50.0,41.7,41.7,8.0,15.0,8.0,27.0,1468.4,1504.4
2016-03-02,2015,Schalke 04,Hamburg,3,2,H,O,1.85,3.6,4.33,9.0,4.0,8.0,6.0,13,1.0,0.0,1.0,1.0,5.0,2.0,3.0,4.0,3.0,1.0,1.0,-1.0,2.0,1.0,0.0,1.0,1.0,0.0,1.0,50.0,25.0,36.4,36.4,12.0,10.0,23.0,11.0,1509.1,1484.9
2016-03-02,2015,M'gladbach,Stuttgart,4,0,H,O,2.05,3.8,3.4,6.0,3.0,2.0,4.0,13,2.0,2.0,1.0,0.0,7.0,8.0,-1.0,4.0,4.0,0.0,3.0,4.0,-1.0,1.0,2.0,-1.0,1.0,0.0,1.0,66.7,25.0,27.3,45.5,17.0,25.0,9.0,25.0,1518.2,1488.7
2016-03-02,2015,Leverkusen,Werder Bremen,1,4,A,O,1.44,4.75,7.0,6.0,4.0,9.0,6.0,12,1.0,1.0,1.0,2.0,3.0,4.0,-1.0,1.0,8.0,-7.0,2.0,-4.0,6.0,1.0,1.0,0.0,0.0,2.0,-2.0,45.5,27.3,33.3,50.0,10.0,12.0,20.0,12.0,1516.4,1444.7
2016-03-02,2015,Hoffenheim,Augsburg,2,1,H,O,2.25,3.4,3.3,7.0,3.0,7.0,6.0,12,1.0,1.0,1.0,1.0,4.0,2.0,2.0,5.0,2.0,3.0,-1.0,0.0,-1.0,0.0,0.0,0.0,1.0,0.0,1.0,18.2,36.4,36.4,36.4,8.0,13.0,16.0,7.0,1448.0,1479.3
2016-03-02,2015,Hertha,Ein Frankfurt,2,0,H,U,1.85,3.6,4.33,6.0,3.0,2.0,3.0,12,0.0,0.0,0.0,2.0,1.0,2.0,-1.0,1.0,7.0,-6.0,0.0,-5.0,5.0,0.0,0.0,0.0,0.0,2.0,-2.0,54.5,9.1,18.2,54.5,11.0,12.0,12.0,11.0,1539.7,1460.5
2016-03-02,2015,Darmstadt,Dortmund,0,2,A,U,8.0,4.75,1.4,1.0,7.0,2.0,4.0,12,0.0,2.0,3.0,0.0,1.0,4.0,-3.0,8.0,1.0,7.0,-7.0,3.0,-10.0,0.0,1.0,-1.0,2.0,0.0,2.0,9.1,54.5,58.3,25.0,11.0,8.0,9.0,5.0,1466.2,1602.0
2016-03-02,2015,Bayern Munich,Mainz,1,2,A,O,1.13,9.0,21.0,6.0,3.0,11.0,0.0,12,3.0,1.0,0.0,2.0,7.0,3.0,4.0,1.0,4.0,-3.0,6.0,-1.0,7.0,3.0,0.0,3.0,0.0,0.0,0.0,100.0,0.0,36.4,45.5,30.0,12.0,32.0,7.0,1637.6,1517.5
2016-03-01,2015,Ingolstadt,FC Koln,1,1,D,U,2.5,3.1,3.0,3.0,3.0,7.0,2.0,12,3.0,0.0,0.0,1.0,5.0,2.0,3.0,1.0,3.0,-2.0,4.0,-1.0,5.0,1.0,0.0,1.0,0.0,0.0,0.0,45.5,36.4,27.3,36.4,12.0,16.0,11.0,19.0,1491.1,1484.8
2016-03-01,2015,Hannover,Wolfsburg,0,4,A,O,4.2,3.75,1.85,2.0,11.0,1.0,7.0,12,0.0,0.0,3.0,2.0,1.0,3.0,-2.0,4.0,7.0,-3.0,-3.0,-4.0,1.0,0.0,0.0,0.0,0.0,1.0,-1.0,18.2,81.8,9.1,54.5,13.0,19.0,14.0,14.0,1419.3,1492.1
2016-02-28,2015,Mainz,Leverkusen,3,1,H,O,3.75,3.5,2.0,7.0,4.0,1.0,12.0,12,2.0,2.0,0.0,0.0,3.0,4.0,-1.0,1.0,2.0,-1.0,2.0,2.0,0.0,0.0,0.0,0.0,0.0,0.0,0.0,54.5,36.4,45.5,36.4,10.0,13.0,18.0,18.0,1507.0,1527.0
2016-02-28,2015,Ein Frankfurt,Schalke 04,0,0,D,U,3.2,3.4,2.25,5.0,2.0,5.0,3.0,12,1.0,1.0,1.0,2.0,5.0,4.0,1.0,6.0,4.0,2.0,-1.0,0.0,-1.0,0.0,1.0,-1.0,1.0,0.0,1.0,27.3,36.4,40.0,50.0,15.0,15.0,8.0,21.0,1459.0,1510.5
2016-02-28,2015,Dortmund,Hoffenheim,3,1,H,O,1.18,7.0,17.0,9.0,4.0,11.0,7.0,11,3.0,0.0,0.0,2.0,7.0,1.0,6.0,1.0,4.0,-3.0,6.0,-3.0,9.0,2.0,0.0,2.0,0.0,1.0,-1.0,90.0,0.0,9.1,54.5,24.0,7.0,28.0,5.0,1595.9,1454.1
2016-02-28,2015,Augsburg,M'gladbach,2,2,D,O,2.7,3.4,2.6,4.0,7.0,2.0,5.0,12,1.0,0.0,1.0,3.0,3.0,2.0,1.0,4.0,9.0,-5.0,-1.0,-7.0,6.0,0.0,0.0,0.0,1.0,1.0,0.0,18.2,54.5,30.0,60.0,10.0,13.0,12.0,12.0,1478.1,1519.4
2016-02-27,2015,Wolfsburg,Bayern Munich,0,2,A,U,9.0,4.5,1.4,8.0,4.0,1.0,7.0,12,1.0,2.0,0.0,0.0,4.0,5.0,-1.0,2.0,2.0,0.0,2.0,3.0,-1.0,1.0,1.0,0.0,0.0,0.0,0.0,63.6,9.1,72.7,9.1,18.0,16.0,21.0,20.0,1498.5,1631.2
2016-02-27,2015,Werder Bremen,Darmstadt,2,2,D,O,2.1,3.4,3.6,7.0,3.0,4.0,2.0,11,0.0,2.0,0.0,1.0,5.0,5.0,0.0,5.0,4.0,1.0,0.0,1.0,-1.0,0.0,1.0,-1.0,0.0,1.0,-1.0,10.0,60.0,45.5,36.4,22.0,15.0,18.0,11.0,1444.0,1466.8
2016-02-27,2015,Stuttgart,Hannover,1,2,A,O,1.53,4.0,6.5,10.0,8.0,17.0,1.0,12,3.0,0.0,0.0,3.0,7.0,0.0,7.0,2.0,5.0,-3.0,5.0,-5.0,10.0,2.0,0.0,2.0,0.0,1.0,-1.0,45.5,45.5,18.2,63.6,23.0,5.0,21.0,19.0,1501.4,1406.6
2016-02-27,2015,Hamburg,Ingolstadt,1,1,D,U,2.4,3.0,3.3,2.0,3.0,2.0,5.0,12,1.0,0.0,1.0,3.0,5.0,0.0,5.0,5.0,6.0,-1.0,0.0,-6.0,6.0,0.0,0.0,0.0,0.0,3.0,-3.0,27.3,45.5,27.3,45.5,14.0,9.0,9.0,12.0,1484.7,1491.2
2016-02-26,2015,FC Koln,Hertha,0,1,A,U,2.1,3.3,3.75,3.0,3.0,2.0,8.0,12,2.0,1.0,1.0,1.0,6.0,7.0,-1.0,5.0,5.0,0.0,1.0,2.0,-1.0,1.0,1.0,0.0,1.0,1.0,0.0,36.4,27.3,36.4,45.5,17.0,12.0,18.0,10.0,1493.7,1530.8
2016-02-21,2015,Schalke 04,Stuttgart,1,1,D,U,2.15,3.75,3.1,5.0,8.0,4.0,13.0,12,2.0,2.0,1.0,0.0,5.0,7.0,-2.0,3.0,3.0,0.0,2.0,4.0,-2.0,1.0,2.0,-1.0,1.0,0.0,1.0,54.5,27.3,30.0,50.0,10.0,19.0,22.0,14.0,1510.8,1501.1
2016-02-21,2015,Leverkusen,Dortmund,0,1,A,U,3.4,3.5,2.1,2.0,2.0,8.0,1.0,11,2.0,1.0,0.0,1.0,8.0,4.0,4.0,0.0,3.0,-3.0,8.0,1.0,7.0,2.0,1.0,1.0,0.0,0.0,0.0,50.0,20.0,54.5,27.3,14.0,9.0,16.0,10.0,1535.5,1587.4
2016-02-21,2015,Hannover,Augsburg,0,1,A,U,2.63,3.3,2.75,6.0,6.0,5.0,2.0,11,0.0,1.0,3.0,1.0,1.0,2.0,-1.0,4.0,2.0,2.0,-3.0,0.0,-3.0,0.0,0.0,0.0,0.0,0.0,0.0,20.0,80.0,30.0,40.0,8.0,14.0,14.0,11.0,1415.1,1469.6
2016-02-20,2015,M'gladbach,FC Koln,1,0,H,U,1.91,3.6,4.0,5.0,6.0,4.0,4.0,12,2.0,0.0,1.0,0.0,9.0,3.0,6.0,6.0,3.0,3.0,3.0,0.0,3.0,1.0,0.0,1.0,1.0,0.0,1.0,63.6,27.3,30.0,30.0,17.0,13.0,6.0,19.0,1509.6,1503.5
2016-02-20,2015,Ingolstadt,Werder Bremen,2,0,H,U,2.1,3.3,3.6,4.0,2.0,0.0,4.0,11,2.0,1.0,1.0,2.0,3.0,5.0,-2.0,2.0,8.0,-6.0,1.0,-3.0,4.0,0.0,1.0,-1.0,0.0,1.0,-1.0,40.0,40.0,36.4,45.5,11.0,14.0,17.0,11.0,1482.1,1453.2
2016-02-20,2015,Hoffenheim,Mainz,3,2,H,O,2.4,3.4,2.9,4.0,6.0,6.0,2.0,11,1.0,1.0,1.0,2.0,2.0,1.0,1.0,3.0,3.0,0.0,-1.0,-2.0,1.0,0.0,0.0,0.0,1.0,1.0,0.0,10.0,40.0,40.0,40.0,9.0,6.0,13.0,7.0,1441.9,1519.2
2016-02-20,2015,Hertha,Wolfsburg,1,1,D,U,2.75,3.3,2.6,5.0,6.0,3.0,5.0,11,1.0,0.0,0.0,3.0,2.0,3.0,-1.0,0.0,9.0,-9.0,2.0,-6.0,8.0,1.0,0.0,1.0,0.0,2.0,-2.0,60.0,10.0,10.0,60.0,11.0,20.0,15.0,12.0,1531.8,1497.5
2016-02-20,2015,Bayern Munich,Darmstadt,3,1,H,O,1.08,12.0,26.0,13.0,5.0,18.0,0.0,11,3.0,2.0,0.0,1.0,6.0,6.0,0.0,0.0,4.0,-4.0,6.0,2.0,4.0,3.0,1.0,2.0,0.0,0.0,0.0,100.0,0.0,50.0,30.0,26.0,16.0,23.0,16.0,1625.4,1472.7
2016-02-19,2015,Ein Frankfurt,Hamburg,0,0,D,U,2.25,3.5,3.0,2.0,1.0,3.0,3.0,11,2.0,1.0,1.0,1.0,7.0,5.0,2.0,7.0,4.0,3.0,0.0,1.0,-1.0,0.0,1.0,-1.0,1.0,0.0,1.0,30.0,40.0,40.0,40.0,19.0,15.0,11.0,11.0,1458.2,1485.5
2016-02-14,2015,Hamburg,M'gladbach,3,2,H,O,3.3,3.6,2.1,9.0,4.0,3.0,6.0,11,0.0,0.0,2.0,2.0,2.0,3.0,-1.0,4.0,9.0,-5.0,-2.0,-6.0,4.0,0.0,0.0,0.0,0.0,1.0,-1.0,20.0,50.0,33.3,55.6,7.0,17.0,10.0,12.0,1474.2,1520.9
2016-02-14,2015,Augsburg,Bayern Munich,1,3,A,O,13.0,6.0,1.22,2.0,10.0,2.0,5.0,11,1.0,2.0,0.0,0.0,2.0,3.0,-1.0,1.0,1.0,0.0,1.0,2.0,-1.0,0.0,0.0,0.0,0.0,0.0,0.0,20.0,50.0,70.0,10.0,12.0,17.0,14.0,20.0,1475.7,1619.3
2016-02-13,2015,Wolfsburg,Ingolstadt,2,0,H,U,1.73,3.6,5.25,5.0,2.0,6.0,7.0,11,0.0,0.0,1.0,3.0,3.0,0.0,3.0,4.0,8.0,-4.0,-1.0,-8.0,7.0,0.0,0.0,0.0,0.0,3.0,-3.0,60.0,10.0,30.0,40.0,21.0,12.0,24.0,9.0,1487.4,1492.2
2016-02-13,2015,Werder Bremen,Hoffenheim,1,1,D,U,2.2,3.5,3.25,10.0,4.0,6.0,2.0,10,0.0,0.0,1.0,2.0,5.0,1.0,4.0,7.0,4.0,3.0,-2.0,-3.0,1.0,0.0,0.0,0.0,1.0,1.0,0.0,11.1,66.7,10.0,60.0,15.0,5.0,18.0,4.0,1453.6,1441.6
2016-02-13,2015,Stuttgart,Hertha,2,0,H,U,2.1,3.5,3.5,6.0,3.0,10.0,1.0,11,2.0,1.0,0.0,1.0,6.0,7.0,-1.0,3.0,5.0,-2.0,3.0,2.0,1.0,1.0,1.0,0.0,0.0,1.0,-1.0,40.0,50.0,40.0,40.0,21.0,10.0,15.0,10.0,1489.5,1543.3
2016-02-13,2015,FC Koln,Ein Frankfurt,3,1,H,O,1.91,3.8,3.8,7.0,4.0,4.0,8.0,11,1.0,0.0,2.0,2.0,3.0,2.0,1.0,5.0,6.0,-1.0,-2.0,-4.0,2.0,0.0,0.0,0.0,1.0,1.0,0.0,30.0,30.0,20.0,50.0,18.0,13.0,21.0,10.0,1494.3,1467.4
2016-02-13,2015,Dortmund,Hannover,1,0,H,U,1.14,8.5,17.0,7.0,1.0,10.0,3.0,10,3.0,0.0,0.0,3.0,10.0,1.0,9.0,2.0,7.0,-5.0,8.0,-6.0,14.0,3.0,0.0,3.0,0.0,2.0,-2.0,88.9,0.0,20.0,60.0,26.0,5.0,23.0,20.0,1581.7,1420.8
2016-02-13,2015,Darmstadt,Leverkusen,1,2,A,O,4.75,3.75,1.75,6.0,3.0,3.0,6.0,11,0.0,1.0,2.0,1.0,0.0,3.0,-3.0,6.0,3.0,3.0,-6.0,0.0,-6.0,0.0,0.0,0.0,2.0,0.0,2.0,10.0,50.0,40.0,40.0,6.0,12.0,10.0,14.0,1481.4,1526.8
2016-02-12,2015,Mainz,Schalke 04,2,1,H,O,2.9,3.4,2.45,4.0,3.0,5.0,7.0,11,2.0,1.0,0.0,1.0,3.0,4.0,-1.0,1.0,3.0,-2.0,2.0,1.0,1.0,0.0,1.0,-1.0,0.0,0.0,0.0,50.0,40.0,44.4,44.4,14.0,15.0,16.0,19.0,1508.8,1521.2
2016-02-07,2015,Hoffenheim,Darmstadt,0,2,A,U,2.0,3.3,4.0,1.0,5.0,8.0,7.0,10,1.0,2.0,0.0,1.0,5.0,5.0,0.0,4.0,4.0,0.0,1.0,1.0,0.0,0.0,0.0,0.0,0.0,0.0,0.0,11.1,33.3,44.4,33.3,14.0,15.0,13.0,16.0,1451.0,1472.0
2016-02-07,2015,Hamburg,FC Koln,1,1,D,U,2.5,3.2,3.0,4.0,6.0,4.0,10.0,10,0.0,0.0,3.0,0.0,2.0,2.0,0.0,6.0,2.0,4.0,-4.0,0.0,-4.0,0.0,0.0,0.0,1.0,0.0,1.0,22.2,55.6,33.3,33.3,10.0,9.0,8.0,16.0,1473.6,1494.9
2016-02-06,2015,Schalke 04,Wolfsburg,3,0,H,O,2.45,3.5,2.8,3.0,2.0,6.0,6.0,11,2.0,0.0,1.0,2.0,5.0,3.0,2.0,4.0,6.0,-2.0,1.0,-3.0,4.0,1.0,0.0,1.0,1.0,1.0,0.0,50.0,30.0,11.1,55.6,15.0,21.0,22.0,13.0,1511.6,1496.9
2016-02-06,2015,Leverkusen,Bayern Munich,0,0,D,U,5.25,4.2,1.6,2.0,1.0,6.0,8.0,10,2.0,2.0,0.0,1.0,9.0,4.0,5.0,1.0,4.0,-3.0,8.0,0.0,8.0,2.0,0.0,2.0,0.0,1.0,-1.0,55.6,22.2,77.8,11.1,18.0,22.0,19.0,21.0,1524.1,1622.0
2016-02-06,2015,Ingolstadt,Augsburg,2,1,H,O,2.5,3.1,3.1,4.0,2.0,8.0,3.0,10,1.0,2.0,1.0,0.0,2.0,2.0,0.0,2.0,0.0,2.0,0.0,2.0,-2.0,0.0,0.0,0.0,0.0,0.0,0.0,33.3,44.4,33.3,33.3,9.0,20.0,11.0,14.0,1482.1,1485.8
2016-02-06,2015,Hertha,Dortmund,0,0,D,U,6.5,4.33,1.5,4.0,2.0,3.0,3.0,10,2.0,2.0,0.0,1.0,4.0,6.0,-2.0,1.0,4.0,-3.0,3.0,2.0,1.0,1.0,1.0,0.0,0.0,0.0,0.0,66.7,11.1,60.0,30.0,11.0,13.0,20.0,12.0,1542.1,1582.8
2016-02-06,2015,Hannover,Mainz,0,1,A,U,2.75,3.3,2.6,2.0,2.0,3.0,4.0,10,1.0,1.0,2.0,2.0,5.0,3.0,2.0,3.0,4.0,-1.0,2.0,-1.0,3.0,1.0,1.0,0.0,0.0,1.0,-1.0,22.2,77.8,33.3,44.4,10.0,10.0,14.0,6.0,1428.7,1500.8
2016-02-06,2015,Ein Frankfurt,Stuttgart,2,4,A,O,2.7,3.6,2.5,7.0,9.0,2.0,7.0,10,2.0,1.0,1.0,1.0,5.0,4.0,1.0,4.0,5.0,-1.0,1.0,-1.0,2.0,0.0,1.0,-1.0,0.0,1.0,-1.0,33.3,33.3,22.2,55.6,15.0,13.0,19.0,11.0,1477.4,1479.6
2016-02-05,2015,M'gladbach,Werder Bremen,5,1,H,O,1.7,4.0,4.5,9.0,4.0,2.0,7.0,11,2.0,1.0,1.0,1.0,7.0,5.0,2.0,6.0,4.0,2.0,1.0,1.0,0.0,1.0,1.0,0.0,1.0,0.0,1.0,60.0,30.0,40.0,40.0,14.0,12.0,7.0,9.0,1512.4,1462.1
2016-01-31,2015,Wolfsburg,FC Koln,1,1,D,U,1.57,4.0,5.75,4.0,4.0,5.0,5.0,10,1.0,1.0,1.0,0.0,8.0,3.0,5.0,3.0,2.0,1.0,5.0,1.0,4.0,1.0,0.0,1.0,0.0,0.0,0.0,66.7,11.1,37.5,37.5,29.0,13.0,26.0,20.0,1497.0,1494.8
2016-01-31,2015,Bayern Munich,Hoffenheim,2,0,H,U,1.08,13.0,21.0,9.0,2.0,10.0,2.0,10,3.0,0.0,0.0,2.0,8.0,1.0,7.0,0.0,3.0,-3.0,8.0,-2.0,10.0,3.0,0.0,3.0,0.0,0.0,0.0,100.0,0.0,11.1,55.6,31.0,3.0,20.0,5.0,1616.3,1456.7
2016-01-30,2015,Werder Bremen,Hertha,3,3,D,O,2.5,3.3,2.8,6.0,4.0,6.0,6.0,9,0.0,2.0,2.0,1.0,3.0,7.0,-4.0,7.0,3.0,4.0,-4.0,4.0,-8.0,0.0,2.0,-2.0,2.0,1.0,1.0,12.5,75.0,44.4,44.4,11.0,10.0,13.0,6.0,1459.7,1544.5
2016-01-30,2015,Stuttgart,Hamburg,2,1,H,O,1.95,3.6,3.8,11.0,5.0,10.0,4.0,10,1.0,1.0,1.0,0.0,4.0,5.0,-1.0,6.0,3.0,3.0,-2.0,2.0,-4.0,1.0,1.0,0.0,1.0,0.0,1.0,33.3,55.6,44.4,33.3,15.0,13.0,11.0,9.0,1469.2,1484.0
2016-01-30,2015,Leverkusen,Hannover,3,0,H,O,1.25,6.0,12.0,6.0,2.0,6.0,6.0,9,1.0,0.0,1.0,3.0,7.0,2.0,5.0,3.0,6.0,-3.0,4.0,-4.0,8.0,1.0,0.0,1.0,0.0,1.0,-1.0,50.0,25.0,22.2,55.6,16.0,11.0,19.0,18.0,1516.3,1436.4
2016-01-30,2015,Dortmund,Ingolstadt,2,0,H,U,1.17,7.0,19.0,6.0,3.0,4.0,1.0,9,3.0,0.0,0.0,2.0,11.0,0.0,11.0,4.0,6.0,-2.0,7.0,-6.0,13.0,2.0,0.0,2.0,0.0,2.0,-2.0,87.5,0.0,33.3,33.3,27.0,11.0,24.0,11.0,1575.3,1489.7
2016-01-30,2015,Darmstadt,Schalke 04,0,2,A,U,3.4,3.4,2.15,2.0,7.0,2.0,9.0,10,0.0,0.0,1.0,2.0,1.0,4.0,-3.0,5.0,6.0,-1.0,-4.0,-2.0,-2.0,0.0,0.0,0.0,1.0,0.0,1.0,11.1,44.4,37.5,50.0,7.0,11.0,11.0,13.0,1481.4,1502.2
2016-01-30,2015,Augsburg,Ein Frankfurt,0,0,D,U,1.95,3.6,4.0,2.0,6.0,4.0,2.0,10,1.0,0.0,1.0,2.0,3.0,2.0,1.0,3.0,6.0,-3.0,0.0,-4.0,4.0,0.0,0.0,0.0,0.0,1.0,-1.0,22.2,55.6,22.2,55.6,16.0,16.0,17.0,11.0,1486.1,1477.1
2016-01-29,2015,Mainz,M'gladbach,1,0,H,U,2.6,3.4,2.7,2.0,7.0,8.0,4.0,10,2.0,1.0,0.0,1.0,4.0,7.0,-3.0,1.0,9.0,-8.0,3.0,-2.0,5.0,1.0,1.0,0.0,0.0,1.0,-1.0,44.4,44.4,37.5,50.0,17.0,17.0,12.0,12.0,1489.9,1523.3
2016-01-24,2015,Schalke 04,Werder Bremen,1,3,A,O,1.67,4.0,5.0,4.0,6.0,13.0,1.0,10,2.0,0.0,1.0,2.0,5.0,2.0,3.0,4.0,9.0,-5.0,1.0,-7.0,8.0,1.0,0.0,1.0,1.0,1.0,0.0,55.6,22.2,33.3,44.4,12.0,8.0,13.0,11.0,1514.1,1447.8
2016-01-24,2015,Ein Frankfurt,Wolfsburg,3,2,H,O,3.6,3.5,2.05,6.0,11.0,3.0,3.0,9,1.0,0.0,2.0,2.0,3.0,1.0,2.0,5.0,5.0,0.0,-2.0,-4.0,2.0,0.0,0.0,0.0,1.0,2.0,-1.0,25.0,37.5,12.5,50.0,10.0,10.0,19.0,13.0,1465.9,1508.2
2016-01-23,2015,M'gladbach,Dortmund,1,3,A,O,4.5,4.2,1.7,3.0,4.0,3.0,1.0,10,3.0,1.0,0.0,2.0,8.0,4.0,4.0,4.0,6.0,-2.0,4.0,-2.0,6.0,1.0,0.0,1.0,0.0,1.0,-1.0,66.7,22.2,55.6,33.3,20.0,16.0,16.0,18.0,1532.3,1566.2
2016-01-23,2015,Ingolstadt,Mainz,1,0,H,U,2.4,3.2,3.1,4.0,4.0,3.0,1.0,9,1.0,1.0,1.0,1.0,4.0,3.0,1.0,3.0,3.0,0.0,1.0,0.0,1.0,1.0,1.0,0.0,0.0,1.0,-1.0,25.0,50.0,37.5,37.5,11.0,7.0,13.0,6.0,1479.1,1500.5
2016-01-23,2015,Hoffenheim,Leverkusen,1,1,D,U,4.33,3.8,1.8,3.0,8.0,2.0,9.0,9,1.0,2.0,0.0,1.0,4.0,5.0,-1.0,3.0,3.0,0.0,1.0,2.0,-1.0,0.0,1.0,-1.0,0.0,0.0,0.0,12.5,37.5,44.4,44.4,13.0,15.0,12.0,13.0,1454.9,1518.1
2016-01-23,2015,Hertha,Augsburg,0,0,D,U,2.2,3.3,3.4,2.0,5.0,6.0,2.0,9,3.0,3.0,0.0,0.0,5.0,6.0,-1.0,1.0,0.0,1.0,4.0,6.0,-2.0,1.0,1.0,0.0,0.0,0.0,0.0,75.0,12.5,37.5,37.5,9.0,21.0,16.0,16.0,1546.3,1484.3
2016-01-23,2015,Hannover,Darmstadt,1,2,A,O,2.3,3.3,3.2,5.0,5.0,6.0,4.0,9,1.0,1.0,2.0,2.0,5.0,4.0,1.0,4.0,6.0,-2.0,1.0,-2.0,3.0,1.0,0.0,1.0,1.0,1.0,0.0,25.0,75.0,37.5,37.5,7.0,12.0,10.0,17.0,1445.7,1472.1
2016-01-23,2015,FC Koln,Stuttgart,1,3,A,O,2.15,3.5,3.3,4.0,8.0,8.0,5.0,10,1.0,0.0,1.0,2.0,2.0,1.0,1.0,2.0,8.0,-6.0,0.0,-7.0,7.0,0.0,0.0,0.0,0.0,2.0,-2.0,33.3,22.2,12.5,62.5,17.0,7.0,19.0,9.0,1506.2,1457.8
2016-01-22,2015,Hamburg,Bayern Munich,1,2,A,O,13.0,6.5,1.22,1.0,5.0,2.0,7.0,9,1.0,2.0,2.0,1.0,4.0,5.0,-1.0,5.0,4.0,1.0,-1.0,1.0,-2.0,1.0,1.0,0.0,1.0,1.0,0.0,25.0,50.0,75.0,12.5,11.0,25.0,8.0,20.0,1490.7,1609.6
2015-12-20,2015,M'gladbach,Darmstadt,3,2,H,O,1.5,4.33,6.5,5.0,6.0,1.0,5.0,9,2.0,1.0,0.0,2.0,5.0,2.0,3.0,2.0,5.0,-3.0,3.0,-3.0,6.0,1.0,0.0,1.0,0.0,2.0,-2.0,62.5,25.0,42.9,28.6,20.0,11.0,19.0,17.0,1523.6,1480.9
2015-12-20,2015,Hertha,Mainz,2,0,H,U,2.15,3.4,3.4,5.0,0.0,6.0,2.0,8,2.0,1.0,1.0,0.0,4.0,6.0,-2.0,5.0,4.0,1.0,-1.0,2.0,-3.0,0.0,1.0,-1.0,1.0,0.0,1.0,71.4,14.3,42.9,28.6,10.0,13.0,15.0,8.0,1537.1,1509.7
2015-12-19,2015,Stuttgart,Wolfsburg,3,1,H,O,3.5,3.6,2.0,6.0,7.0,1.0,3.0,9,1.0,1.0,1.0,1.0,3.0,1.0,2.0,5.0,2.0,3.0,-2.0,-1.0,-1.0,1.0,0.0,1.0,1.0,1.0,0.0,25.0,62.5,14.3,42.9,12.0,9.0,17.0,13.0,1445.7,1520.3
2015-12-19,2015,Ingolstadt,Leverkusen,0,1,A,U,4.75,3.5,1.8,3.0,2.0,6.0,3.0,8,1.0,1.0,1.0,2.0,4.0,5.0,-1.0,3.0,5.0,-2.0,1.0,0.0,1.0,1.0,1.0,0.0,0.0,0.0,0.0,28.6,42.9,37.5,50.0,11.0,19.0,15.0,15.0,1488.5,1508.7
2015-12-19,2015,Hannover,Bayern Munich,0,1,A,U,15.0,6.5,1.2,1.0,11.0,5.0,5.0,8,1.0,1.0,2.0,1.0,6.0,4.0,2.0,5.0,4.0,1.0,1.0,0.0,1.0,1.0,1.0,0.0,1.0,1.0,0.0,28.6,71.4,71.4,14.3,10.0,16.0,8.0,20.0,1451.6,1603.7
2015-12-19,2015,Hamburg,Augsburg,0,1,A,U,2.4,3.3,3.0,2.0,7.0,4.0,6.0,8,1.0,2.0,2.0,1.0,5.0,6.0,-1.0,6.0,5.0,1.0,-1.0,1.0,-2.0,1.0,1.0,0.0,1.0,1.0,0.0,28.6,42.9,28.6,42.9,13.0,17.0,9.0,14.0,1501.5,1473.5
2015-12-19,2015,FC Koln,Dortmund,2,1,H,O,7.0,4.75,1.44,6.0,3.0,6.0,6.0,9,0.0,2.0,1.0,1.0,0.0,6.0,-6.0,1.0,5.0,-4.0,-1.0,1.0,-2.0,0.0,1.0,-1.0,0.0,1.0,-1.0,25.0,25.0,62.5,25.0,15.0,19.0,18.0,21.0,1493.8,1578.6
2015-12-19,2015,Ein Frankfurt,Werder Bremen,2,1,H,O,2.25,3.4,3.2,6.0,4.0,6.0,3.0,8,0.0,1.0,2.0,1.0,1.0,3.0,-2.0,4.0,8.0,-4.0,-3.0,-5.0,2.0,0.0,0.0,0.0,1.0,1.0,0.0,14.3,42.9,37.5,37.5,6.0,8.0,18.0,12.0,1455.9,1457.9
2015-12-18,2015,Schalke 04,Hoffenheim,1,0,H,U,1.67,4.0,5.0,3.0,1.0,3.0,1.0,9,1.0,0.0,1.0,1.0,5.0,1.0,4.0,5.0,2.0,3.0,0.0,-1.0,1.0,1.0,0.0,1.0,1.0,0.0,1.0,50.0,25.0,12.5,50.0,12.0,6.0,13.0,9.0,1505.3,1463.7
2015-12-13,2015,Dortmund,Ein Frankfurt,4,1,H,O,1.17,8.0,15.0,11.0,2.0,14.0,1.0,8,3.0,1.0,0.0,1.0,12.0,3.0,9.0,4.0,3.0,1.0,8.0,0.0,8.0,2.0,0.0,2.0,0.0,0.0,0.0,85.7,0.0,25.0,50.0,25.0,18.0,16.0,12.0,1571.7,1462.8
2015-12-13,2015,Augsburg,Schalke 04,2,1,H,O,2.63,3.5,2.63,6.0,5.0,6.0,5.0,9,0.0,0.0,1.0,2.0,4.0,4.0,0.0,5.0,7.0,-2.0,-1.0,-3.0,2.0,0.0,0.0,0.0,0.0,1.0,-1.0,12.5,62.5,42.9,42.9,20.0,11.0,22.0,14.0,1462.0,1516.8
2015-12-12,2015,Wolfsburg,Hamburg,1,1,D,U,1.57,4.2,5.75,9.0,4.0,10.0,4.0,9,2.0,2.0,1.0,0.0,9.0,5.0,4.0,3.0,2.0,1.0,6.0,3.0,3.0,1.0,1.0,0.0,0.0,0.0,0.0,75.0,12.5,50.0,37.5,25.0,14.0,21.0,10.0,1520.9,1500.9
2015-12-12,2015,Werder Bremen,FC Koln,1,1,D,U,2.5,3.3,2.88,6.0,3.0,6.0,4.0,8,0.0,1.0,3.0,1.0,2.0,2.0,0.0,7.0,5.0,2.0,-5.0,-3.0,-2.0,0.0,0.0,0.0,2.0,1.0,1.0,14.3,85.7,42.9,42.9,7.0,12.0,9.0,16.0,1456.8,1494.9
2015-12-12,2015,Leverkusen,M'gladbach,5,0,H,O,1.95,3.75,3.75,6.0,2.0,4.0,2.0,8,1.0,2.0,1.0,0.0,6.0,12.0,-6.0,6.0,5.0,1.0,0.0,7.0,-7.0,0.0,2.0,-2.0,0.0,0.0,0.0,42.9,28.6,42.9,42.9,16.0,21.0,20.0,11.0,1497.7,1534.6
2015-12-12,2015,Hoffenheim,Hannover,1,0,H,U,1.8,3.5,4.5,5.0,2.0,3.0,10.0,8,0.0,1.0,1.0,2.0,3.0,4.0,-1.0,4.0,6.0,-2.0,-1.0,-2.0,1.0,0.0,0.0,0.0,0.0,1.0,-1.0,0.0,42.9,25.0,50.0,11.0,11.0,10.0,11.0,1453.4,1461.8
2015-12-12,2015,Darmstadt,Hertha,0,4,A,O,3.1,3.1,2.5,3.0,5.0,4.0,3.0,9,0.0,2.0,1.0,1.0,1.0,4.0,-3.0,2.0,3.0,-1.0,-1.0,1.0,-2.0,0.0,1.0,-1.0,0.0,1.0,-1.0,12.5,37.5,37.5,50.0,7.0,6.0,12.0,5.0,1489.8,1528.2
2015-12-12,2015,Bayern Munich,Ingolstadt,2,0,H,U,1.07,13.0,29.0,8.0,4.0,4.0,4.0,9,3.0,0.0,0.0,1.0,10.0,1.0,9.0,0.0,5.0,-5.0,10.0,-4.0,14.0,3.0,0.0,3.0,0.0,1.0,-1.0,100.0,0.0,37.5,25.0,37.0,9.0,26.0,10.0,1596.5,1495.7
2015-12-11,2015,Mainz,Stuttgart,0,0,D,U,2.05,3.6,3.5,4.0,2.0,5.0,2.0,9,2.0,0.0,1.0,3.0,5.0,4.0,1.0,4.0,12.0,-8.0,1.0,-8.0,9.0,1.0,0.0,1.0,1.0,2.0,-1.0,50.0,50.0,14.3,71.4,18.0,11.0,11.0,10.0,1511.6,1443.8
2015-12-06,2015,Stuttgart,Werder Bremen,1,1,D,U,1.95,3.75,3.75,4.0,2.0,4.0,5.0,8,2.0,2.0,1.0,1.0,3.0,5.0,-2.0,4.0,8.0,-4.0,-1.0,-3.0,2.0,1.0,1.0,0.0,1.0,1.0,0.0,28.6,71.4,42.9,42.9,12.0,14.0,19.0,11.0,1443.4,1457.2
2015-12-06,2015,Ein Frankfurt,Darmstadt,0,1,A,U,1.91,3.4,4.33,3.0,4.0,10.0,7.0,7,0.0,1.0,2.0,2.0,2.0,3.0,-1.0,8.0,5.0,3.0,-6.0,-2.0,-4.0,0.0,1.0,-1.0,2.0,2.0,0.0,16.7,33.3,33.3,33.3,5.0,12.0,9.0,14.0,1472.6,1480.0
2015-12-05,2015,Wolfsburg,Dortmund,1,2,A,O,4.0,4.33,1.75,8.0,6.0,9.0,5.0,8,3.0,2.0,0.0,1.0,12.0,6.0,6.0,3.0,4.0,-1.0,9.0,2.0,7.0,2.0,2.0,0.0,0.0,1.0,-1.0,85.7,0.0,57.1,28.6,26.0,19.0,17.0,20.0,1530.0,1562.6
2015-12-05,2015,M'gladbach,Bayern Munich,3,1,H,O,9.0,5.25,1.33,6.0,6.0,3.0,9.0,8,2.0,2.0,0.0,0.0,5.0,4.0,1.0,2.0,1.0,1.0,3.0,3.0,0.0,1.0,1.0,0.0,0.0,0.0,0.0,57.1,28.6,83.3,0.0,24.0,14.0,19.0,14.0,1522.2,1609.0
2015-12-05,2015,Ingolstadt,Hoffenheim,1,1,D,U,2.25,3.3,3.3,2.0,2.0,2.0,1.0,7,2.0,0.0,1.0,2.0,5.0,2.0,3.0,2.0,5.0,-3.0,3.0,-3.0,6.0,2.0,0.0,2.0,0.0,1.0,-1.0,33.3,50.0,14.3,57.1,13.0,7.0,17.0,12.0,1497.0,1452.2
2015-12-05,2015,Hertha,Leverkusen,2,1,H,O,3.75,3.4,2.05,4.0,2.0,8.0,2.0,7,2.0,1.0,1.0,1.0,5.0,4.0,1.0,4.0,3.0,1.0,1.0,1.0,0.0,1.0,1.0,0.0,1.0,0.0,1.0,66.7,16.7,42.9,42.9,12.0,20.0,11.0,18.0,1518.5,1507.3
2015-12-05,2015,Hamburg,Mainz,1,3,A,O,2.25,3.4,3.2,7.0,6.0,2.0,3.0,7,1.0,1.0,1.0,0.0,4.0,6.0,-2.0,3.0,5.0,-2.0,1.0,1.0,0.0,1.0,0.0,1.0,0.0,0.0,0.0,33.3,33.3,33.3,33.3,9.0,14.0,10.0,11.0,1511.2,1501.4
2015-12-05,2015,FC Koln,Augsburg,0,1,A,U,2.2,3.3,3.4,8.0,8.0,7.0,6.0,8,0.0,1.0,1.0,1.0,0.0,6.0,-6.0,1.0,6.0,-5.0,-1.0,0.0,-1.0,0.0,1.0,-1.0,0.0,1.0,-1.0,28.6,14.3,16.7,50.0,12.0,9.0,23.0,9.0,1506.5,1450.4
2015-12-04,2015,Schalke 04,Hannover,3,1,H,O,1.6,4.0,5.75,8.0,1.0,6.0,4.0,8,1.0,2.0,1.0,1.0,4.0,4.0,0.0,5.0,3.0,2.0,-1.0,1.0,-2.0,0.0,0.0,0.0,1.0,0.0,1.0,42.9,28.6,28.6,42.9,13.0,14.0,14.0,10.0,1507.9,1470.7
2015-11-29,2015,Leverkusen,Schalke 04,1,1,D,U,1.62,4.2,5.25,6.0,3.0,9.0,5.0,7,1.0,1.0,1.0,2.0,6.0,4.0,2.0,6.0,6.0,0.0,0.0,-2.0,2.0,0.0,0.0,0.0,0.0,1.0,-1.0,50.0,33.3,50.0,50.0,18.0,13.0,20.0,13.0,1507.3,1507.9
2015-11-29,2015,Dortmund,Stuttgart,4,1,H,O,1.2,7.5,12.0,9.0,3.0,5.0,4.0,7,2.0,0.0,0.0,2.0,10.0,5.0,5.0,5.0,10.0,-5.0,5.0,-5.0,10.0,1.0,0.0,1.0,0.0,1.0,-1.0,83.3,0.0,16.7,66.7,20.0,15.0,19.0,11.0,1555.5,1450.4
2015-11-29,2015,Augsburg,Wolfsburg,0,0,D,U,3.3,3.4,2.2,4.0,3.0,4.0,7.0,8,0.0,1.0,2.0,2.0,4.0,1.0,3.0,7.0,4.0,3.0,-3.0,-3.0,0.0,0.0,0.0,0.0,1.0,2.0,-1.0,14.3,71.4,16.7,50.0,19.0,9.0,20.0,7.0,1448.0,1532.4
2015-11-28,2015,Werder Bremen,Hamburg,1,3,A,O,2.25,3.4,3.2,3.0,6.0,6.0,3.0,7,0.0,1.0,3.0,1.0,1.0,2.0,-1.0,7.0,4.0,3.0,-6.0,-2.0,-4.0,0.0,0.0,0.0,2.0,1.0,1.0,16.7,83.3,42.9,42.9,4.0,10.0,5.0,12.0,1466.2,1502.3
2015-11-28,2015,Mainz,Ein Frankfurt,2,1,H,O,2.2,3.5,3.2,8.0,5.0,3.0,7.0,8,1.0,1.0,2.0,1.0,3.0,2.0,1.0,5.0,3.0,2.0,-2.0,-1.0,-1.0,1.0,0.0,1.0,2.0,1.0,1.0,42.9,57.1,28.6,42.9,15.0,15.0,16.0,8.0,1491.6,1482.3
2015-11-28,2015,Hoffenheim,M'gladbach,3,3,D,O,3.1,3.5,2.25,6.0,8.0,8.0,6.0,7,0.0,3.0,1.0,0.0,2.0,12.0,-10.0,3.0,3.0,0.0,-1.0,9.0,-10.0,0.0,3.0,-3.0,0.0,0.0,0.0,0.0,50.0,50.0,50.0,9.0,18.0,8.0,8.0,1450.1,1524.3
2015-11-28,2015,Hannover,Ingolstadt,4,0,H,O,2.6,3.2,2.8,4.0,5.0,3.0,4.0,7,1.0,0.0,2.0,1.0,3.0,1.0,2.0,5.0,2.0,3.0,-2.0,-1.0,-1.0,0.0,0.0,0.0,1.0,0.0,1.0,16.7,83.3,42.9,14.3,11.0,10.0,12.0,11.0,1459.3,1508.4
2015-11-28,2015,Bayern Munich,Hertha,2,0,H,U,1.08,11.0,26.0,9.0,1.0,9.0,1.0,8,3.0,2.0,0.0,1.0,13.0,5.0,8.0,1.0,3.0,-2.0,12.0,2.0,10.0,3.0,1.0,2.0,0.0,0.0,0.0,100.0,0.0,42.9,42.9,37.0,10.0,21.0,10.0,1601.1,1526.4
2015-11-27,2015,Darmstadt,FC Koln,0,0,D,U,2.9,3.1,2.6,1.0,2.0,4.0,7.0,8,0.0,2.0,2.0,1.0,3.0,5.0,-2.0,5.0,5.0,0.0,-2.0,0.0,-2.0,0.0,1.0,-1.0,0.0,1.0,-1.0,14.3,42.9,50.0,50.0,10.0,14.0,10.0,11.0,1479.2,1507.3
2015-11-22,2015,Ingolstadt,Darmstadt,3,1,H,O,2.05,3.25,4.0,6.0,2.0,5.0,5.0,6,1.0,1.0,2.0,1.0,2.0,4.0,-2.0,2.0,4.0,-2.0,0.0,0.0,0.0,1.0,1.0,0.0,0.0,1.0,-1.0,20.0,60.0,40.0,20.0,8.0,13.0,20.0,9.0,1498.6,1489.0
2015-11-22,2015,Hertha,Hoffenheim,1,0,H,U,2.0,3.5,3.8,0.0,0.0,2.0,3.0,6,2.0,1.0,1.0,1.0,6.0,5.0,1.0,4.0,5.0,-1.0,2.0,0.0,2.0,2.0,1.0,1.0,1.0,1.0,0.0,60.0,20.0,16.7,50.0,20.0,12.0,15.0,12.0,1518.1,1458.4
2015-11-21,2015,Wolfsburg,Werder Bremen,6,0,H,O,1.57,4.0,5.75,12.0,2.0,7.0,3.0,7,2.0,2.0,0.0,1.0,7.0,5.0,2.0,4.0,3.0,1.0,3.0,2.0,1.0,1.0,1.0,0.0,0.0,0.0,0.0,83.3,0.0,50.0,33.3,23.0,18.0,19.0,14.0,1523.8,1474.8
2015-11-21,2015,Stuttgart,Augsburg,0,4,A,O,1.95,3.8,3.6,5.0,6.0,6.0,4.0,7,2.0,0.0,1.0,2.0,4.0,4.0,0.0,3.0,10.0,-7.0,1.0,-6.0,7.0,1.0,0.0,1.0,1.0,2.0,-1.0,33.3,66.7,0.0,60.0,13.0,7.0,25.0,7.0,1461.1,1437.3
2015-11-21,2015,Schalke 04,Bayern Munich,1,3,A,O,13.0,6.5,1.22,1.0,8.0,4.0,6.0,7,1.0,2.0,1.0,0.0,3.0,4.0,-1.0,5.0,0.0,5.0,-2.0,4.0,-6.0,0.0,1.0,-1.0,1.0,0.0,1.0,50.0,16.7,80.0,0.0,19.0,15.0,13.0,12.0,1515.7,1593.3
2015-11-21,2015,M'gladbach,Hannover,2,1,H,O,1.5,4.2,7.0,9.0,8.0,12.0,4.0,7,2.0,2.0,0.0,0.0,5.0,4.0,1.0,1.0,2.0,-1.0,4.0,2.0,2.0,2.0,0.0,2.0,0.0,0.0,0.0,50.0,33.3,33.3,33.3,18.0,9.0,10.0,6.0,1515.6,1468.0
2015-11-21,2015,FC Koln,Mainz,0,0,D,U,2.15,3.5,3.3,3.0,1.0,6.0,1.0,7,0.0,1.0,1.0,1.0,1.0,6.0,-5.0,2.0,6.0,-4.0,-1.0,0.0,-1.0,0.0,0.0,0.0,0.0,0.0,0.0,33.3,16.7,40.0,40.0,13.0,15.0,25.0,13.0,1507.8,1491.2
2015-11-21,2015,Ein Frankfurt,Leverkusen,1,3,A,O,3.8,3.6,1.95,1.0,11.0,3.0,8.0,6,0.0,1.0,1.0,1.0,2.0,4.0,-2.0,6.0,2.0,4.0,-4.0,2.0,-6.0,0.0,1.0,-1.0,1.0,0.0,1.0,20.0,20.0,33.3,50.0,6.0,16.0,13.0,16.0,1492.2,1497.5
2015-11-20,2015,Hamburg,Dortmund,3,1,H,O,8.5,5.0,1.36,2.0,7.0,2.0,7.0,6,0.0,2.0,2.0,1.0,1.0,6.0,-5.0,3.0,6.0,-3.0,-2.0,0.0,-2.0,0.0,2.0,-2.0,0.0,1.0,-1.0,20.0,40.0,66.7,16.7,11.0,16.0,12.0,17.0,1490.1,1567.7
2015-11-08,2015,Dortmund,Schalke 04,3,2,H,O,1.3,6.0,8.5,7.0,3.0,5.0,3.0,6,2.0,2.0,0.0,1.0,10.0,3.0,7.0,3.0,3.0,0.0,7.0,0.0,7.0,2.0,0.0,2.0,0.0,1.0,-1.0,80.0,0.0,60.0,40.0,23.0,16.0,17.0,15.0,1558.7,1524.7
2015-11-08,2015,Augsburg,Werder Bremen,1,2,A,O,2.2,3.4,3.3,6.0,4.0,7.0,4.0,7,0.0,1.0,2.0,2.0,4.0,4.0,0.0,8.0,4.0,4.0,-4.0,0.0,-4.0,0.0,1.0,-1.0,2.0,0.0,2.0,16.7,66.7,40.0,40.0,22.0,18.0,20.0,11.0,1446.8,1465.3
2015-11-07,2015,Mainz,Wolfsburg,2,0,H,U,3.3,3.6,2.15,5.0,0.0,4.0,3.0,7,0.0,1.0,3.0,2.0,1.0,2.0,-1.0,8.0,7.0,1.0,-7.0,-5.0,-2.0,0.0,0.0,0.0,3.0,2.0,1.0,33.3,66.7,20.0,40.0,11.0,11.0,15.0,5.0,1479.6,1535.4
2015-11-07,2015,M'gladbach,Ingolstadt,0,0,D,U,1.62,3.8,6.0,5.0,2.0,4.0,3.0,6,3.0,0.0,0.0,1.0,9.0,2.0,7.0,3.0,3.0,0.0,6.0,-1.0,7.0,3.0,0.0,3.0,0.0,0.0,0.0,60.0,40.0,50.0,16.7,25.0,13.0,12.0,12.0,1516.2,1498.1
2015-11-07,2015,Leverkusen,FC Koln,1,2,A,O,1.5,4.33,6.5,4.0,8.0,6.0,9.0,6,2.0,1.0,0.0,2.0,6.0,3.0,3.0,4.0,6.0,-2.0,2.0,-3.0,5.0,0.0,1.0,-1.0,0.0,2.0,-2.0,60.0,20.0,40.0,60.0,20.0,13.0,25.0,3.0,1507.8,1497.5
2015-11-07,2015,Hoffenheim,Ein Frankfurt,0,0,D,U,2.1,3.6,3.4,2.0,9.0,1.0,3.0,6,0.0,1.0,1.0,2.0,3.0,2.0,1.0,4.0,5.0,-1.0,-1.0,-3.0,2.0,0.0,0.0,0.0,0.0,2.0,-2.0,0.0,60.0,33.3,50.0,12.0,12.0,12.0,12.0,1457.3,1493.2
2015-11-07,2015,Darmstadt,Hamburg,1,1,D,U,2.75,3.0,2.8,3.0,3.0,3.0,2.0,7,1.0,2.0,2.0,1.0,4.0,2.0,2.0,5.0,3.0,2.0,-1.0,-1.0,0.0,0.0,0.0,0.0,0.0,1.0,-1.0,16.7,50.0,50.0,50.0,10.0,10.0,12.0,15.0,1488.9,1490.1
2015-11-07,2015,Bayern Munich,Stuttgart,4,0,H,O,1.1,11.0,21.0,14.0,2.0,7.0,3.0,7,3.0,1.0,0.0,1.0,14.0,8.0,6.0,2.0,7.0,-5.0,12.0,1.0,11.0,3.0,1.0,2.0,0.0,0.0,0.0,100.0,0.0,20.0,60.0,35.0,25.0,19.0,15.0,1586.6,1467.8
2015-11-06,2015,Hannover,Hertha,1,3,A,O,2.63,3.3,2.7,2.0,4.0,2.0,2.0,6,1.0,1.0,2.0,1.0,3.0,3.0,0.0,5.0,3.0,2.0,-2.0,0.0,-2.0,0.0,0.0,0.0,1.0,0.0,1.0,20.0,80.0,33.3,50.0,12.0,12.0,13.0,11.0,1477.1,1509.0
2015-11-01,2015,Stuttgart,Darmstadt,2,0,H,U,1.67,4.0,5.0,3.0,5.0,7.0,5.0,6,1.0,2.0,2.0,0.0,2.0,5.0,-3.0,4.0,2.0,2.0,-2.0,3.0,-5.0,0.0,1.0,-1.0,1.0,0.0,1.0,20.0,80.0,50.0,0.0,19.0,11.0,24.0,8.0,1456.6,1500.2
2015-11-01,2015,Hamburg,Hannover,1,2,A,O,2.0,3.3,4.0,4.0,2.0,5.0,3.0,5,0.0,1.0,1.0,1.0,0.0,2.0,-2.0,1.0,3.0,-2.0,-1.0,-1.0,0.0,0.0,0.0,0.0,0.0,1.0,-1.0,25.0,25.0,20.0,40.0,9.0,9.0,12.0,9.0,1501.1,1466.1
2015-10-31,2015,Wolfsburg,Leverkusen,2,1,H,O,2.63,3.4,2.7,5.0,6.0,5.0,5.0,6,2.0,1.0,0.0,1.0,7.0,3.0,4.0,3.0,3.0,0.0,4.0,0.0,4.0,2.0,1.0,1.0,0.0,1.0,-1.0,80.0,0.0,40.0,40.0,22.0,13.0,21.0,12.0,1525.6,1517.5
2015-10-31,2015,Werder Bremen,Dortmund,1,3,A,O,7.5,5.0,1.4,2.0,6.0,1.0,9.0,6,0.0,1.0,3.0,1.0,0.0,4.0,-4.0,5.0,6.0,-1.0,-5.0,-2.0,-3.0,0.0,1.0,-1.0,1.0,1.0,0.0,20.0,80.0,60.0,20.0,6.0,14.0,12.0,12.0,1473.1,1550.9
2015-10-31,2015,Schalke 04,Ingolstadt,1,1,D,U,1.8,3.5,4.75,3.0,2.0,3.0,3.0,6,2.0,1.0,1.0,1.0,4.0,2.0,2.0,4.0,2.0,2.0,0.0,0.0,0.0,1.0,0.0,1.0,1.0,0.0,1.0,60.0,20.0,60.0,20.0,23.0,15.0,15.0,14.0,1525.5,1497.3
2015-10-31,2015,Hertha,M'gladbach,1,4,A,O,3.0,3.3,2.4,6.0,7.0,5.0,4.0,5,3.0,2.0,0.0,1.0,7.0,8.0,-1.0,1.0,3.0,-2.0,6.0,5.0,1.0,2.0,2.0,0.0,0.0,0.0,0.0,75.0,0.0,40.0,60.0,18.0,13.0,15.0,6.0,1519.4,1505.8
2015-10-31,2015,FC Koln,Hoffenheim,0,0,D,U,2.05,3.5,3.4,4.0,4.0,5.0,5.0,6,1.0,1.0,1.0,2.0,2.0,6.0,-4.0,2.0,8.0,-6.0,0.0,-2.0,2.0,0.0,1.0,-1.0,0.0,2.0,-2.0,40.0,20.0,20.0,60.0,14.0,12.0,22.0,15.0,1498.8,1456.1
2015-10-31,2015,Augsburg,Mainz,3,3,D,O,2.3,3.4,3.1,10.0,6.0,11.0,4.0,6,1.0,1.0,2.0,2.0,3.0,4.0,-1.0,5.0,5.0,0.0,-2.0,-1.0,-1.0,1.0,0.0,1.0,2.0,0.0,2.0,20.0,80.0,50.0,50.0,20.0,13.0,15.0,16.0,1445.8,1480.6
2015-10-30,2015,Ein Frankfurt,Bayern Munich,0,0,D,U,15.0,8.0,1.17,2.0,2.0,5.0,5.0,5,1.0,3.0,1.0,0.0,8.0,7.0,1.0,8.0,0.0,8.0,0.0,7.0,-7.0,1.0,2.0,-1.0,1.0,0.0,1.0,25.0,25.0,100.0,0.0,15.0,19.0,13.0,12.0,1490.4,1589.4
2015-10-25,2015,M'gladbach,Schalke 04,3,1,H,O,2.15,3.5,3.3,10.0,5.0,3.0,6.0,5,2.0,2.0,1.0,1.0,6.0,2.0,4.0,5.0,3.0,2.0,1.0,-1.0,2.0,2.0,0.0,2.0,1.0,1.0,0.0,50.0,50.0,75.0,25.0,17.0,12.0,14.0,12.0,1494.6,1536.8
2015-10-25,2015,Dortmund,Augsburg,5,1,H,O,1.2,7.0,13.0,9.0,3.0,6.0,4.0,5,2.0,0.0,0.0,2.0,8.0,4.0,4.0,3.0,7.0,-4.0,5.0,-3.0,8.0,2.0,0.0,2.0,0.0,1.0,-1.0,75.0,0.0,0.0,50.0,20.0,5.0,16.0,3.0,1543.4,1453.2
2015-10-24,2015,Mainz,Werder Bremen,1,3,A,O,2.05,3.5,3.6,5.0,8.0,4.0,4.0,6,1.0,1.0,2.0,2.0,3.0,4.0,-1.0,6.0,4.0,2.0,-3.0,0.0,-3.0,1.0,1.0,0.0,2.0,0.0,2.0,40.0,60.0,25.0,50.0,10.0,16.0,17.0,10.0,1491.4,1462.3
2015-10-24,2015,Leverkusen,Stuttgart,4,3,H,O,1.57,4.33,5.5,6.0,6.0,5.0,3.0,5,1.0,1.0,1.0,1.0,2.0,6.0,-4.0,2.0,5.0,-3.0,0.0,1.0,-1.0,0.0,1.0,-1.0,0.0,0.0,0.0,50.0,25.0,25.0,50.0,18.0,22.0,30.0,19.0,1508.8,1465.3
2015-10-24,2015,Ingolstadt,Hertha,0,1,A,U,2.4,3.2,3.1,3.0,1.0,8.0,2.0,5,1.0,0.0,1.0,2.0,2.0,2.0,0.0,1.0,5.0,-4.0,1.0,-3.0,4.0,1.0,0.0,1.0,0.0,1.0,-1.0,25.0,50.0,20.0,60.0,6.0,15.0,14.0,14.0,1507.2,1509.4
2015-10-24,2015,Hannover,Ein Frankfurt,1,2,A,O,2.5,3.4,2.8,4.0,4.0,3.0,2.0,5,1.0,0.0,2.0,2.0,4.0,0.0,4.0,7.0,4.0,3.0,-3.0,-4.0,1.0,0.0,0.0,0.0,2.0,2.0,0.0,25.0,75.0,20.0,60.0,11.0,12.0,12.0,21.0,1475.9,1480.6
2015-10-24,2015,Darmstadt,Wolfsburg,0,1,A,U,4.75,3.75,1.75,3.0,6.0,5.0,3.0,6,1.0,0.0,2.0,2.0,4.0,1.0,3.0,7.0,7.0,0.0,-3.0,-6.0,3.0,0.0,0.0,0.0,1.0,2.0,-1.0,20.0,40.0,0.0,50.0,9.0,8.0,8.0,7.0,1510.0,1515.7
2015-10-24,2015,Bayern Munich,FC Koln,4,0,H,O,1.1,9.0,29.0,14.0,2.0,10.0,0.0,6,3.0,1.0,0.0,2.0,12.0,5.0,7.0,3.0,8.0,-5.0,9.0,-3.0,12.0,2.0,1.0,1.0,0.0,2.0,-2.0,100.0,0.0,50.0,50.0,31.0,18.0,18.0,5.0,1581.5,1506.6
2015-10-23,2015,Hoffenheim,Hamburg,0,1,A,U,2.1,3.6,3.4,3.0,5.0,1.0,5.0,5,0.0,2.0,1.0,1.0,4.0,4.0,0.0,6.0,3.0,3.0,-2.0,1.0,-3.0,0.0,1.0,-1.0,1.0,1.0,0.0,0.0,50.0,40.0,60.0,14.0,9.0,18.0,12.0,1465.3,1491.9
2015-10-18,2015,Stuttgart,Ingolstadt,1,0,H,U,1.8,3.75,4.33,4.0,6.0,6.0,5.0,5,0.0,2.0,3.0,0.0,2.0,3.0,-1.0,8.0,1.0,7.0,-6.0,2.0,-8.0,0.0,0.0,0.0,2.0,0.0,2.0,0.0,100.0,75.0,0.0,19.0,12.0,24.0,13.0,1453.5,1519.1
2015-10-18,2015,FC Koln,Hannover,0,1,A,U,1.95,3.5,4.0,5.0,4.0,12.0,3.0,5,2.0,0.0,0.0,2.0,4.0,1.0,3.0,2.0,6.0,-4.0,2.0,-5.0,7.0,0.0,0.0,0.0,0.0,2.0,-2.0,50.0,0.0,0.0,50.0,12.0,9.0,13.0,11.0,1518.2,1464.4
2015-10-17,2015,Wolfsburg,Hoffenheim,4,2,H,O,1.62,4.33,5.0,9.0,3.0,5.0,4.0,5,2.0,1.0,0.0,1.0,6.0,4.0,2.0,1.0,4.0,-3.0,5.0,0.0,5.0,2.0,1.0,1.0,0.0,1.0,-1.0,75.0,0.0,25.0,50.0,18.0,11.0,18.0,17.0,1506.7,1474.4
2015-10-17,2015,Werder Bremen,Bayern Munich,0,1,A,U,17.0,7.0,1.18,2.0,4.0,2.0,3.0,5,1.0,3.0,2.0,0.0,2.0,8.0,-6.0,5.0,1.0,4.0,-3.0,7.0,-10.0,0.0,2.0,-2.0,1.0,0.0,1.0,25.0,75.0,100.0,0.0,10.0,17.0,15.0,11.0,1469.3,1574.4
2015-10-17,2015,Schalke 04,Hertha,2,1,H,O,1.75,3.75,4.75,9.0,5.0,7.0,6.0,5,2.0,0.0,1.0,2.0,4.0,2.0,2.0,4.0,6.0,-2.0,0.0,-4.0,4.0,1.0,0.0,1.0,1.0,2.0,-1.0,50.0,25.0,25.0,50.0,21.0,14.0,13.0,9.0,1527.0,1519.2
2015-10-17,2015,Hamburg,Leverkusen,0,0,D,U,4.75,3.5,1.8,3.0,3.0,3.0,5.0,4,1.0,1.0,1.0,2.0,3.0,3.0,0.0,3.0,6.0,-3.0,0.0,-3.0,3.0,0.0,1.0,-1.0,0.0,2.0,-2.0,33.3,33.3,50.0,50.0,11.0,14.0,9.0,12.0,1491.3,1509.3
2015-10-17,2015,Ein Frankfurt,M'gladbach,1,5,A,O,2.45,3.4,2.88,2.0,6.0,1.0,1.0,4,1.0,1.0,0.0,2.0,8.0,4.0,4.0,4.0,4.0,0.0,4.0,0.0,4.0,1.0,1.0,0.0,0.0,0.0,0.0,33.3,0.0,25.0,75.0,16.0,12.0,19.0,11.0,1490.8,1484.4
2015-10-17,2015,Augsburg,Darmstadt,0,2,A,U,1.8,3.5,4.75,3.0,5.0,2.0,4.0,5,1.0,1.0,2.0,0.0,3.0,4.0,-1.0,4.0,3.0,1.0,-1.0,1.0,-2.0,1.0,0.0,1.0,1.0,0.0,1.0,25.0,75.0,33.3,0.0,19.0,9.0,16.0,10.0,1462.1,1501.1
2015-10-16,2015,Mainz,Dortmund,0,2,A,U,5.75,4.75,1.5,5.0,6.0,8.0,4.0,5,2.0,1.0,1.0,1.0,6.0,6.0,0.0,4.0,8.0,-4.0,2.0,-2.0,4.0,2.0,1.0,1.0,1.0,1.0,0.0,50.0,50.0,50.0,25.0,11.0,14.0,17.0,12.0,1500.4,1534.4
2015-10-04,2015,Schalke 04,FC Koln,0,3,A,O,1.73,3.8,4.8,7.0,4.0,3.0,2.0,4,2.0,1.0,0.0,2.0,5.0,5.0,0.0,2.0,9.0,-7.0,3.0,-4.0,7.0,1.0,1.0,0.0,0.0,2.0,-2.0,66.7,0.0,33.3,66.7,19.0,19.0,16.0,6.0,1537.9,1507.3
2015-10-04,2015,Leverkusen,Augsburg,1,1,D,U,1.4,4.75,8.0,8.0,0.0,9.0,1.0,4,2.0,0.0,1.0,2.0,3.0,4.0,-1.0,2.0,7.0,-5.0,1.0,-3.0,4.0,0.0,0.0,0.0,0.0,1.0,-1.0,66.7,33.3,0.0,66.7,19.0,9.0,34.0,6.0,1510.7,1460.7
2015-10-04,2015,Bayern Munich,Dortmund,5,1,H,O,1.5,4.33,6.5,9.0,4.0,4.0,4.0,5,3.0,2.0,0.0,0.0,10.0,9.0,1.0,2.0,3.0,-1.0,8.0,6.0,2.0,2.0,2.0,0.0,0.0,0.0,0.0,100.0,0.0,66.7,0.0,28.0,18.0,21.0,12.0,1565.0,1543.8
2015-10-03,2015,M'gladbach,Wolfsburg,2,0,H,U,2.6,3.4,2.7,3.0,3.0,3.0,1.0,4,1.0,0.0,2.0,1.0,5.0,2.0,3.0,7.0,6.0,1.0,-2.0,-4.0,2.0,1.0,0.0,1.0,1.0,1.0,0.0,33.3,66.7,0.0,33.3,20.0,12.0,14.0,10.0,1473.1,1518.0
2015-10-03,2015,Ingolstadt,Ein Frankfurt,2,0,H,U,2.5,3.25,2.9,4.0,2.0,4.0,3.0,4,0.0,1.0,2.0,1.0,0.0,4.0,-4.0,5.0,3.0,2.0,-5.0,1.0,-6.0,0.0,1.0,-1.0,1.0,1.0,0.0,0.0,66.7,25.0,50.0,4.0,14.0,11.0,19.0,1509.4,1500.5
2015-10-03,2015,Hoffenheim,Stuttgart,2,2,D,O,2.45,3.75,2.65,4.0,7.0,6.0,5.0,4,0.0,1.0,2.0,2.0,3.0,6.0,-3.0,6.0,6.0,0.0,-3.0,0.0,-3.0,0.0,1.0,-1.0,1.0,0.0,1.0,0.0,66.7,33.3,66.7,11.0,19.0,13.0,19.0,1475.1,1452.8
2015-10-03,2015,Hertha,Hamburg,3,0,H,O,2.2,3.2,3.5,6.0,2.0,4.0,5.0,4,2.0,2.0,0.0,1.0,5.0,5.0,0.0,2.0,2.0,0.0,3.0,3.0,0.0,1.0,1.0,0.0,0.0,0.0,0.0,66.7,0.0,50.0,50.0,14.0,14.0,17.0,15.0,1509.5,1501.1
2015-10-03,2015,Hannover,Werder Bremen,1,0,H,U,2.6,3.4,2.7,5.0,6.0,7.0,6.0,4,0.0,1.0,3.0,1.0,3.0,5.0,-2.0,8.0,4.0,4.0,-5.0,1.0,-6.0,0.0,1.0,-1.0,2.0,0.0,2.0,0.0,100.0,33.3,33.3,9.0,13.0,8.0,6.0,1453.6,1480.1
2015-10-02,2015,Darmstadt,Mainz,2,3,A,O,3.1,3.25,2.4,4.0,7.0,2.0,6.0,5,1.0,1.0,1.0,2.0,2.0,3.0,-1.0,4.0,4.0,0.0,-2.0,-1.0,-1.0,0.0,0.0,0.0,1.0,0.0,1.0,25.0,25.0,33.3,66.7,6.0,10.0,10.0,10.0,1511.8,1489.8
2015-09-27,2015,Ein Frankfurt,Hertha,1,1,D,U,1.95,3.5,4.0,2.0,6.0,7.0,3.0,3,,1.0,,2.0,,2.0,,,5.0,,,-3.0,,,0.0,,,2.0,,50.0,0.0,33.3,66.7,,12.0,,10.0,1500.2,1509.7
2015-09-27,2015,Dortmund,Darmstadt,2,2,D,O,1.14,8.5,17.0,4.0,3.0,8.0,0.0,4,3.0,,0.0,,10.0,,,1.0,,,9.0,,,3.0,,,0.0,,,100.0,0.0,50.0,0.0,23.0,,11.0,,1544.8,1510.8
2015-09-26,2015,Wolfsburg,Hannover,1,1,D,U,1.4,4.75,8.0,9.0,3.0,9.0,0.0,4,3.0,0.0,0.0,2.0,7.0,2.0,5.0,1.0,7.0,-6.0,6.0,-5.0,11.0,2.0,0.0,2.0,0.0,2.0,-2.0,100.0,0.0,0.0,66.7,12.0,11.0,16.0,20.0,1519.9,1451.7
2015-09-26,2015,Werder Bremen,Leverkusen,0,3,A,O,3.8,3.6,1.95,0.0,7.0,2.0,6.0,4,1.0,1.0,2.0,2.0,2.0,1.0,1.0,5.0,6.0,-1.0,-3.0,-5.0,2.0,0.0,0.0,0.0,1.0,2.0,-1.0,33.3,66.7,33.3,66.7,12.0,11.0,18.0,14.0,1489.8,1501.1
2015-09-26,2015,Stuttgart,M'gladbach,1,3,A,O,2.1,3.5,3.4,6.0,5.0,12.0,3.0,4,0.0,0.0,3.0,3.0,2.0,1.0,1.0,8.0,7.0,1.0,-6.0,-6.0,0.0,0.0,0.0,0.0,2.0,1.0,1.0,0.0,100.0,0.0,100.0,21.0,8.0,25.0,13.0,1462.8,1463.1
2015-09-26,2015,Mainz,Bayern Munich,0,3,A,O,12.0,6.0,1.25,1.0,9.0,3.0,4.0,4,2.0,,1.0,,6.0,,,2.0,,,4.0,,,2.0,,,0.0,,,66.7,33.3,100.0,0.0,13.0,,20.0,,1498.1,1556.7
2015-09-26,2015,Hamburg,Schalke 04,0,1,A,U,2.88,3.5,2.4,4.0,5.0,4.0,4.0,3,,2.0,,1.0,,4.0,,,3.0,,,1.0,,,1.0,,,1.0,,50.0,0.0,66.7,33.3,,12.0,,14.0,1510.6,1528.4
2015-09-26,2015,Augsburg,Hoffenheim,1,3,A,O,2.25,3.5,3.1,9.0,5.0,7.0,3.0,4,1.0,0.0,2.0,2.0,2.0,2.0,0.0,2.0,5.0,-3.0,0.0,-3.0,3.0,1.0,0.0,1.0,0.0,1.0,-1.0,33.3,66.7,0.0,66.7,13.0,8.0,16.0,19.0,1470.9,1464.9
2015-09-25,2015,FC Koln,Ingolstadt,1,1,D,U,2.05,3.3,3.8,4.0,5.0,8.0,4.0,4,2.0,3.0,0.0,0.0,4.0,3.0,1.0,2.0,0.0,2.0,2.0,3.0,-1.0,0.0,0.0,0.0,0.0,0.0,0.0,66.7,0.0,100.0,0.0,14.0,12.0,7.0,11.0,1507.2,1509.4
2015-09-23,2015,Schalke 04,Ein Frankfurt,2,0,H,U,1.83,3.8,4.2,7.0,6.0,5.0,7.0,3,,1.0,,1.0,,5.0,,,3.0,,,2.0,,,1.0,,,0.0,,50.0,0.0,33.3,33.3,,14.0,,15.0,1518.6,1510.0
2015-09-23,2015,M'gladbach,Augsburg,4,2,H,O,2.15,3.4,3.4,12.0,4.0,6.0,2.0,3,,,,,,,,,,,,,,,,,,,,0.0,100.0,0.0,50.0,,,,,1452.3,1481.7
2015-09-23,2015,Leverkusen,Mainz,1,0,H,U,1.53,4.33,6.0,6.0,2.0,11.0,3.0,3,,,,,,,,,,,,,,,,,,,,50.0,50.0,50.0,50.0,,,,,1490.5,1508.6
2015-09-23,2015,Hoffenheim,Dortmund,1,1,D,U,7.0,4.75,1.44,5.0,4.0,5.0,4.0,3,,,,,,,,,,,,,,,,,,,,0.0,100.0,100.0,0.0,,,,,1462.5,1547.2
2015-09-23,2015,Hannover,Stuttgart,1,3,A,O,2.88,3.5,2.4,3.0,12.0,3.0,7.0,3,,,,,,,,,,,,,,,,,,,,0.0,100.0,0.0,100.0,,,,,1462.0,1452.5
2015-09-22,2015,Ingolstadt,Hamburg,0,1,A,U,2.3,3.3,3.25,1.0,3.0,8.0,5.0,3,,1.0,,2.0,,4.0,,,7.0,,,-3.0,,,1.0,,,1.0,,0.0,50.0,33.3,66.7,,12.0,,10.0,1520.0,1500.0
2015-09-22,2015,Hertha,FC Koln,2,0,H,U,2.38,3.25,3.1,8.0,7.0,6.0,1.0,3,,,,,,,,,,,,,,,,,,,,50.0,0.0,50.0,50.0,,,,,1499.2,1517.8
2015-09-22,2015,Darmstadt,Werder Bremen,2,1,H,O,2.63,3.25,2.8,3.0,4.0,5.0,1.0,4,0.0,,1.0,,2.0,,,5.0,,,-3.0,,,0.0,,,1.0,,,0.0,33.3,50.0,0.0,7.0,,10.0,,1500.8,1499.7
2015-09-22,2015,Bayern Munich,Wolfsburg,5,1,H,O,1.25,6.0,12.0,12.0,2.0,5.0,1.0,4,3.0,,0.0,,10.0,,,1.0,,,9.0,,,2.0,,,0.0,,,100.0,0.0,0.0,0.0,25.0,,23.0,,1547.2,1529.4
2015-09-20,2015,Stuttgart,Schalke 04,0,1,A,U,2.63,3.5,2.6,9.0,6.0,6.0,5.0,3,,,,,,,,,,,,,,,,,,,,0.0,100.0,50.0,50.0,,,,,1461.1,1510.0
2015-09-20,2015,Dortmund,Leverkusen,3,0,H,O,1.73,4.0,4.5,10.0,3.0,3.0,1.0,3,,,,,,,,,,,,,,,,,,,,100.0,0.0,50.0,50.0,,,,,1538.3,1499.4
2015-09-20,2015,Augsburg,Hannover,2,0,H,U,2.0,3.5,3.75,8.0,2.0,6.0,6.0,3,,,,,,,,,,,,,,,,,,,,0.0,100.0,0.0,50.0,,,,,1471.7,1472.0
2015-09-19,2015,Wolfsburg,Hertha,2,0,H,U,1.5,4.33,6.5,4.0,4.0,7.0,5.0,3,,,,,,,,,,,,,,,,,,,,100.0,0.0,50.0,50.0,,,,,1519.7,1508.9
2015-09-19,2015,Werder Bremen,Ingolstadt,0,1,A,U,2.05,3.5,3.6,4.0,4.0,8.0,5.0,3,,,,,,,,,,,,,,,,,,,,50.0,50.0,100.0,0.0,,,,,1509.7,1510.0
2015-09-19,2015,Hamburg,Ein Frankfurt,0,0,D,U,2.5,3.5,2.75,2.0,4.0,5.0,11.0,2,,,,,,,,,,,,,,,,,,,,100.0,0.0,50.0,50.0,,,,,1499.7,1510.3
2015-09-19,2015,FC Koln,M'gladbach,1,0,H,U,2.4,3.3,3.0,5.0,2.0,2.0,2.0,3,,,,,,,,,,,,,,,,,,,,50.0,0.0,0.0,100.0,,,,,1509.1,1460.9
2015-09-19,2015,Darmstadt,Bayern Munich,0,3,A,O,19.0,7.0,1.17,2.0,6.0,1.0,5.0,3,,,,,,,,,,,,,,,,,,,,0.0,0.0,100.0,0.0,,,,,1510.0,1538.0
2015-09-18,2015,Mainz,Hoffenheim,3,1,H,O,2.15,3.5,3.3,4.0,4.0,6.0,8.0,3,,,,,,,,,,,,,,,,,,,,50.0,50.0,0.0,50.0,,,,,1499.4,1471.7
2015-09-13,2015,Schalke 04,Mainz,2,1,H,O,1.85,3.75,4.2,7.0,4.0,5.0,7.0,2,,,,,,,,,,,,,,,,,,,,0.0,0.0,100.0,0.0,,,,,1499.7,1509.7
2015-09-13,2015,Hoffenheim,Werder Bremen,1,3,A,O,1.95,3.75,3.75,5.0,6.0,7.0,3.0,2,,,,,,,,,,,,,,,,,,,,0.0,100.0,0.0,0.0,,,,,1481.1,1500.3
2015-09-12,2015,Leverkusen,Darmstadt,0,1,A,U,1.25,6.0,13.0,4.0,3.0,10.0,4.0,2,,,,,,,,,,,,,,,,,,,,100.0,0.0,0.0,0.0,,,,,1509.7,1499.7
2015-09-12,2015,Ingolstadt,Wolfsburg,0,0,D,U,4.0,3.6,1.91,1.0,3.0,2.0,5.0,2,,,,,,,,,,,,,,,,,,,,0.0,100.0,0.0,0.0,,,,,1509.7,1520.0
2015-09-12,2015,Hertha,Stuttgart,2,1,H,O,2.5,3.4,2.8,4.0,3.0,5.0,7.0,2,,,,,,,,,,,,,,,,,,,,0.0,0.0,0.0,100.0,,,,,1499.7,1470.3
2015-09-12,2015,Hannover,Dortmund,2,4,A,O,7.5,4.5,1.44,3.0,6.0,2.0,4.0,2,,,,,,,,,,,,,,,,,,,,0.0,100.0,100.0,0.0,,,,,1480.6,1529.7
2015-09-12,2015,Ein Frankfurt,FC Koln,6,2,H,O,2.3,3.3,3.2,11.0,7.0,5.0,2.0,2,,,,,,,,,,,,,,,,,,,,0.0,0.0,100.0,0.0,,,,,1499.7,1519.7
2015-09-12,2015,Bayern Munich,Augsburg,2,1,H,O,1.13,9.5,19.0,10.0,1.0,9.0,0.0,3,,,,,,,,,,,,,,,,,,,,100.0,0.0,0.0,0.0,,,,,1529.4,1480.3
2015-09-11,2015,M'gladbach,Hamburg,0,3,A,O,1.67,4.0,5.0,2.0,4.0,5.0,2.0,2,,,,,,,,,,,,,,,,,,,,0.0,100.0,0.0,100.0,,,,,1470.3,1490.3
2015-08-30,2015,Werder Bremen,M'gladbach,2,1,H,O,3.2,3.4,2.25,6.0,5.0,5.0,6.0,2,,,,,,,,,,,,,,,,,,,,0.0,100.0,0.0,100.0,,,,,1490.6,1480.0
2015-08-30,2015,Dortmund,Hertha,3,1,H,O,1.2,6.5,17.0,6.0,4.0,5.0,1.0,2,,,,,,,,,,,,,,,,,,,,100.0,0.0,100.0,0.0,,,,,1520.0,1509.4
2015-08-29,2015,Stuttgart,Ein Frankfurt,1,4,A,O,1.95,3.6,3.8,4.0,4.0,6.0,1.0,2,,,,,,,,,,,,,,,,,,,,0.0,100.0,0.0,100.0,,,,,1480.0,1490.0
2015-08-29,2015,Mainz,Hannover,3,0,H,O,2.0,3.5,3.8,6.0,4.0,8.0,5.0,2,,,,,,,,,,,,,,,,,,,,0.0,100.0,0.0,0.0,,,,,1500.0,1490.3
2015-08-29,2015,FC Koln,Hamburg,2,1,H,O,1.83,3.5,4.5,3.0,7.0,3.0,8.0,2,,,,,,,,,,,,,,,,,,,,0.0,0.0,0.0,100.0,,,,,1510.0,1500.0
2015-08-29,2015,Darmstadt,Hoffenheim,0,0,D,U,3.0,3.3,2.4,1.0,2.0,4.0,6.0,2,,,,,,,,,,,,,,,,,,,,0.0,0.0,0.0,100.0,,,,,1500.3,1480.6
2015-08-29,2015,Bayern Munich,Leverkusen,3,0,H,O,1.33,5.25,9.0,6.0,4.0,7.0,5.0,2,,,,,,,,,,,,,,,,,,,,100.0,0.0,100.0,0.0,,,,,1519.4,1519.7
2015-08-29,2015,Augsburg,Ingolstadt,0,1,A,U,2.0,3.4,3.8,2.0,3.0,3.0,4.0,2,,,,,,,,,,,,,,,,,,,,0.0,100.0,100.0,0.0,,,,,1490.0,1500.0
2015-08-28,2015,Wolfsburg,Schalke 04,3,0,H,O,2.0,3.8,3.5,5.0,1.0,2.0,3.0,2,,,,,,,,,,,,,,,,,,,,100.0,0.0,100.0,0.0,,,,,1510.0,1509.7
2015-08-23,2015,M'gladbach,Mainz,1,2,A,O,1.67,4.0,5.0,6.0,4.0,3.0,0.0,1,,,,,,,,,,,,,,,,,,,,,,,,,,,,1490.0,1490.0
2015-08-23,2015,Ingolstadt,Dortmund,0,4,A,O,7.0,4.5,1.45,2.0,8.0,1.0,4.0,1,,,,,,,,,,,,,,,,,,,,,,,,,,,,1510.0,1510.0
2015-08-22,2015,Schalke 04,Darmstadt,1,1,D,U,1.44,4.5,7.5,5.0,3.0,6.0,6.0,1,,,,,,,,,,,,,,,,,,,,,,,,,,,,1510.0,1500.0
2015-08-22,2015,Hoffenheim,Bayern Munich,1,2,A,O,9.5,6.0,1.25,1.0,2.0,1.0,2.0,1,,,,,,,,,,,,,,,,,,,,,,,,,,,,1490.0,1510.0
2015-08-22,2015,Hannover,Leverkusen,0,1,A,U,4.2,3.75,1.83,3.0,4.0,3.0,8.0,1,,,,,,,,,,,,,,,,,,,,,,,,,,,,1500.0,1510.0
2015-08-22,2015,Hamburg,Stuttgart,3,2,H,O,2.88,3.5,2.4,5.0,4.0,0.0,5.0,1,,,,,,,,,,,,,,,,,,,,,,,,,,,,1490.0,1490.0
2015-08-22,2015,FC Koln,Wolfsburg,1,1,D,U,4.2,3.8,1.83,6.0,7.0,2.0,4.0,1,,,,,,,,,,,,,,,,,,,,,,,,,,,,1510.0,1510.0
2015-08-22,2015,Ein Frankfurt,Augsburg,1,1,D,U,2.25,3.4,3.25,3.0,4.0,7.0,4.0,1,,,,,,,,,,,,,,,,,,,,,,,,,,,,1490.0,1490.0
2015-08-21,2015,Hertha,Werder Bremen,1,1,D,U,2.05,3.5,3.6,2.0,3.0,6.0,2.0,1,,,,,,,,,,,,,,,,,,,,,,,,,,,,1510.0,1490.0
2015-08-16,2015,Wolfsburg,Ein Frankfurt,2,1,H,O,1.44,4.75,7.0,3.0,6.0,7.0,3.0,1,,,,,,,,,,,,,,,,,,,,,,,,,,,,1500.0,1500.0
2015-08-16,2015,Stuttgart,FC Koln,1,3,A,O,2.05,3.3,3.8,8.0,5.0,13.0,3.0,1,,,,,,,,,,,,,,,,,,,,,,,,,,,,1500.0,1500.0
2015-08-15,2015,Werder Bremen,Schalke 04,0,3,A,O,3.0,3.4,2.38,2.0,5.0,5.0,6.0,1,,,,,,,,,,,,,,,,,,,,,,,,,,,,1500.0,1500.0
2015-08-15,2015,Mainz,Ingolstadt,0,1,A,U,2.05,3.4,3.75,3.0,5.0,6.0,2.0,1,,,,,,,,,,,,,,,,,,,,,,,,,,,,1500.0,1500.0
2015-08-15,2015,Leverkusen,Hoffenheim,2,1,H,O,1.5,4.33,6.5,9.0,2.0,13.0,5.0,1,,,,,,,,,,,,,,,,,,,,,,,,,,,,1500.0,1500.0
2015-08-15,2015,Dortmund,M'gladbach,4,0,H,O,1.73,3.75,5.0,7.0,1.0,3.0,5.0,1,,,,,,,,,,,,,,,,,,,,,,,,,,,,1500.0,1500.0
2015-08-15,2015,Darmstadt,Hannover,2,2,D,O,2.5,3.3,2.9,4.0,5.0,5.0,9.0,1,,,,,,,,,,,,,,,,,,,,,,,,,,,,1500.0,1500.0
2015-08-15,2015,Augsburg,Hertha,0,1,A,U,2.0,3.4,3.9,3.0,4.0,7.0,4.0,1,,,,,,,,,,,,,,,,,,,,,,,,,,,,1500.0,1500.0
2015-08-14,2015,Bayern Munich,Hamburg,5,0,H,O,1.08,11.0,29.0,9.0,1.0,7.0,0.0,1,,,,,,,,,,,,,,,,,,,,,,,,,,,,1500.0,1500.0
