Date,Season,Home,Away,HG,AG,Result,Result-U/O,1,X,2,HST,AST,HC,AC,Week,HW,AW,HL,AL,HGF,AGF,HAGF,HGA,AGA,HAGA,HGD,AGD,HAGD,HWGD,AWGD,HAWGD,HLGD,ALGD,HALGD,HW%,HL%,AW%,AL%,HSTF,ASTF,HCF,ACF,HElo,AElo
2026-08-24,2026,Fulham,Chelsea,2,3,A,O,3.66,3.76,1.89,6,6,6,4,1,,,,,,,,,,,,,,,,,,,,,,,,,,,,1561.4,1585.9
2026-08-23,2026,Newcastle,Liverpool,2,2,D,O,3.57,3.85,1.92,4,7,2,6,1,,,,,,,,,,,,,,,,,,,,,,,,,,,,1573.6,1659.1
2026-08-23,2026,Man City,Bournemouth,2,1,H,O,1.45,4.72,5.93,6,4,8,3,1,,,,,,,,,,,,,,,,,,,,,,,,,,,,1748.1,1622.3
2026-08-23,2026,Brighton,Aston Villa,4,0,H,O,2.19,3.54,3.08,6,0,5,2,1,,,,,,,,,,,,,,,,,,,,,,,,,,,,1589.2,1642.1
2026-08-22,2026,Nott'm Forest,Leeds,0,1,A,U,2.27,3.35,3.1,2,3,3,2,1,,,,,,,,,,,,,,,,,,,,,,,,,,,,1556.6,1527.8
2026-08-22,2026,Ipswich,Sunderland,2,1,H,O,2.69,3.29,2.6,3,4,3,5,1,,,,,,,,,,,,,,,,,,,,,,,,,,,,1410.5,1514.3
2026-08-22,2026,Hull,Man United,2,0,H,U,8.37,4.93,1.36,4,5,1,6,1,,,,,,,,,,,,,,,,,,,,,,,,,,,,1430.2,1655.6
2026-08-22,2026,Everton,Crystal Palace,2,0,H,U,2.23,3.4,3.24,5,4,4,0,1,,,,,,,,,,,,,,,,,,,,,,,,,,,,1549.6,1546.1
2026-08-22,2026,Brentford,Tottenham,3,0,H,O,2.48,3.58,2.69,8,4,7,3,1,,,,,,,,,,,,,,,,,,,,,,,,,,,,1581.0,1496.9
2026-08-21,2026,Arsenal,Coventry,3,0,H,O,1.19,6.77,14.19,6,1,8,2,1,,,,,,,,,,,,,,,,,,,,,,,,,,,,1768.8,1500.0
2026-05-24,2025,West Ham,Leeds,3,0,H,O,1.82,3.9,3.75,9,3,6,4,19,2.0,1.0,1.0,0.0,6.0,5.0,1.0,2.0,4.0,-2.0,4.0,1.0,3.0,1.0,0.0,1.0,0.0,0.0,0.0,27.8,50.0,11.1,38.9,13.0,13.0,12.0,7.0,1502.1,1538.8
2026-05-24,2025,Tottenham,Everton,1,0,H,U,1.89,3.63,3.78,6,3,6,2,19,0.0,0.0,1.0,1.0,3.0,5.0,-2.0,6.0,6.0,0.0,-3.0,-1.0,-2.0,0.0,0.0,0.0,1.0,0.0,1.0,11.1,55.6,38.9,33.3,12.0,16.0,34.0,17.0,1484.8,1561.8
2026-05-24,2025,Sunderland,Chelsea,2,1,H,O,3.47,3.59,1.99,2,1,7,7,19,1.0,0.0,1.0,2.0,1.0,1.0,0.0,5.0,7.0,-2.0,-4.0,-6.0,2.0,0.0,0.0,0.0,1.0,2.0,-1.0,44.4,22.2,38.9,33.3,10.0,7.0,12.0,16.0,1501.6,1598.6
2026-05-24,2025,Nott'm Forest,Bournemouth,1,1,D,U,3.19,3.72,2.05,5,4,6,3,19,1.0,3.0,0.0,0.0,6.0,5.0,1.0,3.0,2.0,1.0,3.0,3.0,0.0,1.0,0.0,1.0,0.0,0.0,0.0,22.2,38.9,33.3,27.8,14.0,11.0,13.0,6.0,1554.7,1624.2
2026-05-24,2025,Man City,Aston Villa,1,2,A,O,1.28,5.93,8.39,3,5,9,4,19,3.0,0.0,0.0,1.0,8.0,3.0,5.0,1.0,4.0,-3.0,7.0,-1.0,8.0,2.0,0.0,2.0,0.0,0.0,0.0,77.8,5.6,33.3,33.3,19.0,13.0,27.0,16.0,1761.7,1628.4
2026-05-24,2025,Liverpool,Brentford,1,1,D,U,1.8,4.09,3.73,8,2,14,2,19,2.0,0.0,0.0,2.0,6.0,1.0,5.0,2.0,5.0,-3.0,4.0,-4.0,8.0,2.0,0.0,2.0,0.0,1.0,-1.0,55.6,16.7,33.3,55.6,11.0,8.0,16.0,12.0,1661.4,1578.6
2026-05-24,2025,Fulham,Newcastle,2,0,H,U,2.82,3.66,2.27,6,2,6,6,19,2.0,0.0,1.0,2.0,4.0,2.0,2.0,2.0,4.0,-2.0,2.0,-2.0,4.0,1.0,0.0,1.0,0.0,0.0,0.0,55.6,33.3,22.2,50.0,14.0,12.0,19.0,7.0,1550.5,1584.6
2026-05-24,2025,Crystal Palace,Arsenal,1,2,A,O,4.13,3.86,1.76,3,7,3,4,19,1.0,2.0,0.0,1.0,4.0,3.0,1.0,3.0,2.0,1.0,1.0,1.0,0.0,0.0,0.0,0.0,0.0,0.0,0.0,22.2,27.8,55.6,16.7,14.0,9.0,11.0,11.0,1550.7,1764.3
2026-05-24,2025,Burnley,Wolves,1,1,D,U,2.36,3.5,2.77,8,4,7,7,19,0.0,0.0,2.0,3.0,2.0,0.0,2.0,5.0,10.0,-5.0,-3.0,-10.0,7.0,0.0,0.0,0.0,1.0,3.0,-2.0,11.1,55.6,0.0,72.2,12.0,6.0,13.0,9.0,1382.7,1433.1
2026-05-24,2025,Brighton,Man United,0,3,A,O,1.86,3.98,3.58,2,7,0,3,19,3.0,1.0,0.0,0.0,8.0,3.0,5.0,1.0,2.0,-1.0,7.0,1.0,6.0,2.0,0.0,2.0,0.0,0.0,0.0,50.0,16.7,33.3,22.2,22.0,7.0,17.0,17.0,1597.8,1647.0
2026-05-19,2025,Chelsea,Tottenham,2,1,H,O,1.9,3.64,3.76,4,3,3,4,19,0.0,2.0,3.0,1.0,1.0,3.0,-2.0,7.0,2.0,5.0,-6.0,1.0,-7.0,0.0,0.0,0.0,2.0,0.0,2.0,33.3,38.9,38.9,33.3,11.0,14.0,21.0,16.0,1591.4,1492.0
2026-05-19,2025,Bournemouth,Man City,1,1,D,U,4.42,4.27,1.66,2,5,7,6,19,1.0,2.0,0.0,0.0,7.0,7.0,0.0,4.0,3.0,1.0,3.0,4.0,-1.0,1.0,1.0,0.0,0.0,0.0,0.0,38.9,11.1,50.0,22.2,17.0,21.0,25.0,32.0,1620.3,1765.7
2026-05-18,2025,Arsenal,Burnley,1,0,H,U,1.08,10.12,22.13,3,0,3,3,19,2.0,0.0,1.0,3.0,5.0,3.0,2.0,2.0,10.0,-8.0,3.0,-7.0,10.0,1.0,0.0,1.0,0.0,3.0,-3.0,77.8,11.1,11.1,72.2,16.0,11.0,20.0,10.0,1762.2,1384.8
2026-05-17,2025,Wolves,Fulham,1,1,D,U,3.68,3.78,1.87,3,5,3,6,19,1.0,0.0,1.0,2.0,3.0,0.0,3.0,3.0,5.0,-2.0,0.0,-5.0,5.0,0.0,0.0,0.0,0.0,2.0,-2.0,16.7,61.1,22.2,55.6,12.0,5.0,13.0,16.0,1429.7,1553.9
2026-05-17,2025,Newcastle,West Ham,3,1,H,O,2.05,3.78,3.15,7,8,9,1,19,1.0,0.0,2.0,2.0,5.0,0.0,5.0,5.0,5.0,0.0,0.0,-5.0,5.0,1.0,0.0,1.0,0.0,2.0,-2.0,50.0,38.9,22.2,50.0,13.0,9.0,13.0,18.0,1576.5,1510.2
2026-05-17,2025,Man United,Nott'm Forest,3,2,H,O,1.58,4.23,4.94,8,4,7,6,19,2.0,3.0,1.0,0.0,6.0,11.0,-5.0,5.0,1.0,4.0,1.0,10.0,-9.0,0.0,3.0,-3.0,0.0,0.0,0.0,66.7,16.7,38.9,44.4,21.0,17.0,21.0,10.0,1639.2,1562.5
2026-05-17,2025,Leeds,Brighton,1,0,H,U,3.09,3.57,2.14,1,8,7,8,19,2.0,1.0,0.0,1.0,6.0,5.0,1.0,1.0,5.0,-4.0,5.0,0.0,5.0,2.0,1.0,1.0,0.0,1.0,-1.0,44.4,27.8,27.8,44.4,18.0,13.0,16.0,17.0,1526.5,1610.1
2026-05-17,2025,Everton,Sunderland,1,3,A,O,1.81,3.63,4.18,4,3,3,2,19,1.0,1.0,1.0,1.0,7.0,6.0,1.0,5.0,6.0,-1.0,2.0,0.0,2.0,1.0,0.0,1.0,0.0,0.0,0.0,33.3,38.9,22.2,44.4,19.0,16.0,9.0,13.0,1574.2,1489.2
2026-05-17,2025,Brentford,Crystal Palace,2,2,D,O,1.71,4.09,4.17,3,5,9,4,19,1.0,0.0,0.0,3.0,5.0,1.0,4.0,2.0,9.0,-7.0,3.0,-8.0,11.0,1.0,0.0,1.0,0.0,3.0,-3.0,44.4,16.7,38.9,50.0,14.0,10.0,13.0,13.0,1579.5,1549.8
2026-05-15,2025,Aston Villa,Liverpool,4,2,H,O,2.76,3.44,2.43,9,5,4,9,19,2.0,1.0,1.0,2.0,7.0,5.0,2.0,5.0,6.0,-1.0,2.0,-1.0,3.0,1.0,0.0,1.0,0.0,0.0,0.0,61.1,27.8,38.9,44.4,15.0,16.0,15.0,16.0,1616.8,1673.0
2026-05-13,2025,Man City,Crystal Palace,3,0,H,O,1.19,7.03,12.75,4,2,9,4,18,2.0,1.0,0.0,2.0,7.0,4.0,3.0,3.0,7.0,-4.0,4.0,-3.0,7.0,1.0,1.0,0.0,0.0,2.0,-2.0,76.5,5.9,41.2,47.1,22.0,12.0,24.0,12.0,1761.0,1554.5
2026-05-11,2025,Tottenham,Leeds,1,1,D,U,1.82,3.82,3.92,3,4,14,2,18,0.0,1.0,2.0,0.0,3.0,4.0,-1.0,8.0,3.0,5.0,-5.0,1.0,-6.0,0.0,0.0,0.0,2.0,0.0,2.0,11.8,58.8,11.8,41.2,13.0,12.0,26.0,8.0,1490.9,1527.5
2026-05-10,2025,West Ham,Arsenal,0,1,A,U,5.29,4.09,1.58,3,4,4,3,18,2.0,2.0,0.0,1.0,7.0,6.0,1.0,2.0,3.0,-1.0,5.0,3.0,2.0,1.0,1.0,0.0,0.0,0.0,0.0,29.4,47.1,52.9,17.6,11.0,12.0,9.0,13.0,1514.1,1758.3
2026-05-10,2025,Nott'm Forest,Newcastle,1,1,D,U,2.58,3.48,2.56,6,6,2,1,18,1.0,1.0,0.0,2.0,5.0,2.0,3.0,2.0,3.0,-1.0,3.0,-1.0,4.0,1.0,0.0,1.0,0.0,0.0,0.0,23.5,41.2,23.5,52.9,10.0,11.0,16.0,7.0,1562.1,1576.9
2026-05-10,2025,Crystal Palace,Everton,2,2,D,O,2.71,3.26,2.56,8,6,5,10,18,1.0,0.0,0.0,2.0,2.0,3.0,-1.0,1.0,6.0,-5.0,1.0,-3.0,4.0,0.0,0.0,0.0,0.0,1.0,-1.0,23.5,29.4,41.2,35.3,6.0,13.0,14.0,10.0,1553.9,1574.8
2026-05-10,2025,Burnley,Aston Villa,2,2,D,O,5.34,4.09,1.58,6,7,2,8,18,0.0,0.0,2.0,2.0,0.0,2.0,-2.0,3.0,5.0,-2.0,-3.0,-3.0,0.0,0.0,0.0,0.0,1.0,1.0,0.0,11.8,58.8,35.3,35.3,8.0,8.0,16.0,14.0,1378.7,1622.9
2026-05-09,2025,Sunderland,Man United,0,0,D,U,3.93,3.7,1.86,4,1,7,8,18,1.0,1.0,2.0,1.0,1.0,4.0,-3.0,6.0,4.0,2.0,-5.0,0.0,-5.0,0.0,0.0,0.0,1.0,0.0,1.0,47.1,23.5,35.3,23.5,10.0,11.0,12.0,13.0,1484.9,1643.5
2026-05-09,2025,Man City,Brentford,3,0,H,O,1.35,5.51,7.23,10,2,10,2,17,2.0,0.0,0.0,1.0,6.0,1.0,5.0,4.0,2.0,2.0,2.0,-1.0,3.0,0.0,0.0,0.0,0.0,0.0,0.0,75.0,6.2,35.3,52.9,19.0,8.0,19.0,13.0,1755.6,1584.9
2026-05-09,2025,Liverpool,Chelsea,1,1,D,U,1.82,3.95,3.81,3,3,5,2,18,2.0,1.0,0.0,2.0,6.0,4.0,2.0,2.0,7.0,-5.0,4.0,-3.0,7.0,2.0,1.0,1.0,0.0,2.0,-2.0,58.8,17.6,41.2,35.3,12.0,12.0,14.0,22.0,1675.5,1588.9
2026-05-09,2025,Fulham,Bournemouth,0,1,A,U,2.68,3.66,2.39,2,5,11,2,18,2.0,2.0,1.0,0.0,4.0,4.0,0.0,2.0,2.0,0.0,2.0,2.0,0.0,1.0,0.0,1.0,0.0,0.0,0.0,58.8,29.4,29.4,29.4,17.0,9.0,15.0,12.0,1562.5,1611.7
2026-05-09,2025,Brighton,Wolves,3,0,H,O,1.27,5.88,9.98,6,1,7,1,18,2.0,0.0,1.0,2.0,5.0,2.0,3.0,2.0,9.0,-7.0,3.0,-7.0,10.0,1.0,0.0,1.0,0.0,2.0,-2.0,47.1,17.6,0.0,70.6,19.0,9.0,14.0,13.0,1604.6,1435.1
2026-05-04,2025,Everton,Man City,3,3,D,O,6.38,4.63,1.44,6,4,5,9,18,2.0,2.0,1.0,0.0,6.0,5.0,1.0,2.0,1.0,1.0,4.0,4.0,0.0,2.0,1.0,1.0,0.0,0.0,0.0,35.3,41.2,52.9,23.5,18.0,23.0,10.0,38.0,1569.8,1760.6
2026-05-04,2025,Chelsea,Nott'm Forest,1,3,A,O,1.68,3.93,4.65,5,4,10,1,18,0.0,2.0,3.0,0.0,0.0,10.0,-10.0,5.0,2.0,3.0,-5.0,8.0,-13.0,0.0,2.0,-2.0,1.0,0.0,1.0,35.3,35.3,35.3,47.1,9.0,17.0,19.0,10.0,1600.3,1550.7
2026-05-03,2025,Man United,Liverpool,3,2,H,O,2.29,3.73,2.76,6,5,3,2,18,2.0,1.0,1.0,2.0,6.0,4.0,2.0,4.0,5.0,-1.0,2.0,-1.0,3.0,1.0,0.0,1.0,0.0,0.0,0.0,64.7,17.6,41.2,41.2,21.0,18.0,24.0,25.0,1631.9,1687.0
2026-05-03,2025,Bournemouth,Crystal Palace,3,0,H,O,1.58,4.16,5.2,5,1,7,1,18,0.0,1.0,0.0,2.0,4.0,5.0,-1.0,4.0,6.0,-2.0,0.0,-1.0,1.0,0.0,1.0,-1.0,0.0,1.0,-1.0,35.3,11.8,43.8,43.8,14.0,14.0,22.0,12.0,1602.8,1562.7
2026-05-03,2025,Aston Villa,Tottenham,1,2,A,O,2.1,3.59,3.21,1,5,5,5,18,2.0,1.0,1.0,1.0,7.0,2.0,5.0,7.0,2.0,5.0,0.0,0.0,0.0,1.0,0.0,1.0,1.0,0.0,1.0,64.7,23.5,35.3,35.3,18.0,16.0,13.0,15.0,1637.2,1476.6
2026-05-02,2025,Wolves,Sunderland,1,1,D,U,3.24,3.35,2.18,7,2,6,3,18,2.0,2.0,1.0,1.0,4.0,6.0,-2.0,2.0,5.0,-3.0,2.0,1.0,1.0,1.0,0.0,1.0,0.0,0.0,0.0,17.6,64.7,23.5,47.1,7.0,15.0,7.0,12.0,1433.6,1486.4
2026-05-02,2025,Newcastle,Brighton,3,1,H,O,2.5,3.6,2.6,6,4,2,10,18,1.0,2.0,2.0,0.0,4.0,5.0,-1.0,5.0,2.0,3.0,-1.0,3.0,-4.0,0.0,1.0,-1.0,0.0,0.0,0.0,47.1,41.2,29.4,41.2,12.0,13.0,13.0,10.0,1565.4,1616.1
2026-05-02,2025,Brentford,West Ham,3,0,H,O,1.91,3.77,3.62,6,4,2,6,18,0.0,1.0,0.0,1.0,4.0,1.0,3.0,4.0,2.0,2.0,0.0,-1.0,1.0,0.0,0.0,0.0,0.0,1.0,-1.0,41.2,17.6,23.5,47.1,11.0,8.0,12.0,17.0,1576.5,1522.6
2026-05-02,2025,Arsenal,Fulham,3,0,H,O,1.44,4.39,7.0,9,1,3,4,18,2.0,0.0,1.0,1.0,4.0,0.0,4.0,2.0,2.0,0.0,2.0,-2.0,4.0,1.0,0.0,1.0,0.0,1.0,-1.0,76.5,11.8,23.5,52.9,14.0,4.0,25.0,16.0,1753.2,1567.6
2026-05-01,2025,Leeds,Burnley,3,1,H,O,1.34,5.09,8.57,8,3,5,0,18,1.0,0.0,1.0,3.0,3.0,2.0,1.0,1.0,9.0,-8.0,2.0,-7.0,9.0,1.0,0.0,1.0,0.0,3.0,-3.0,41.2,29.4,11.8,70.6,14.0,10.0,20.0,13.0,1521.3,1385.0
2026-04-27,2025,Man United,Brentford,2,1,H,O,1.84,3.82,3.84,6,4,7,8,17,2.0,1.0,1.0,0.0,6.0,4.0,2.0,4.0,3.0,1.0,2.0,1.0,1.0,1.0,0.0,1.0,0.0,0.0,0.0,62.5,18.8,37.5,50.0,26.0,11.0,24.0,13.0,1623.0,1585.4
2026-04-25,2025,Wolves,Tottenham,0,1,A,U,4.48,3.99,1.7,2,2,5,5,17,2.0,0.0,0.0,2.0,6.0,2.0,4.0,3.0,4.0,-1.0,3.0,-2.0,5.0,1.0,0.0,1.0,0.0,0.0,0.0,18.8,62.5,31.2,37.5,7.0,15.0,3.0,18.0,1442.9,1467.3
2026-04-25,2025,West Ham,Everton,2,1,H,O,2.38,3.34,2.9,3,3,3,4,17,1.0,1.0,0.0,1.0,5.0,5.0,0.0,1.0,6.0,-5.0,4.0,-1.0,5.0,1.0,0.0,1.0,0.0,1.0,-1.0,25.0,50.0,43.8,31.2,11.0,15.0,15.0,8.0,1510.6,1581.8
2026-04-25,2025,Liverpool,Crystal Palace,3,1,H,O,1.44,4.76,6.31,3,7,5,8,17,2.0,2.0,0.0,1.0,8.0,5.0,3.0,3.0,3.0,0.0,5.0,2.0,3.0,2.0,1.0,1.0,0.0,0.0,0.0,56.2,18.8,46.7,40.0,16.0,11.0,19.0,8.0,1680.1,1569.6
2026-04-25,2025,Fulham,Aston Villa,1,0,H,U,2.67,3.5,2.47,6,1,2,5,17,2.0,0.0,1.0,2.0,5.0,2.0,3.0,3.0,6.0,-3.0,2.0,-4.0,6.0,1.0,0.0,1.0,0.0,2.0,-2.0,56.2,31.2,37.5,31.2,15.0,12.0,18.0,14.0,1554.9,1649.8
2026-04-25,2025,Arsenal,Newcastle,1,0,H,U,1.45,4.66,6.22,4,3,7,2,17,2.0,1.0,1.0,2.0,5.0,3.0,2.0,3.0,4.0,-1.0,2.0,-1.0,3.0,1.0,0.0,1.0,0.0,0.0,0.0,75.0,12.5,25.0,50.0,15.0,15.0,23.0,10.0,1747.9,1570.7
2026-04-24,2025,Sunderland,Nott'm Forest,0,5,A,O,2.67,3.18,2.66,4,6,3,6,17,1.0,1.0,2.0,1.0,2.0,6.0,-4.0,4.0,4.0,0.0,-2.0,2.0,-4.0,0.0,1.0,-1.0,1.0,0.0,1.0,50.0,18.8,31.2,50.0,8.0,15.0,15.0,8.0,1495.1,1542.0
2026-04-22,2025,Burnley,Man City,0,1,A,U,16.53,8.3,1.14,1,9,3,11,17,0.0,2.0,2.0,0.0,3.0,5.0,-2.0,6.0,1.0,5.0,-3.0,4.0,-7.0,0.0,1.0,-1.0,1.0,0.0,1.0,12.5,56.2,50.0,25.0,10.0,19.0,17.0,30.0,1387.1,1758.5
2026-04-22,2025,Bournemouth,Leeds,2,2,D,O,2.02,3.51,3.57,7,3,12,1,17,0.0,1.0,0.0,0.0,3.0,3.0,0.0,3.0,2.0,1.0,0.0,1.0,-1.0,0.0,0.0,0.0,0.0,0.0,0.0,37.5,12.5,12.5,43.8,12.0,13.0,17.0,9.0,1605.3,1518.8
2026-04-21,2025,Brighton,Chelsea,3,0,H,O,2.44,3.62,2.66,9,0,6,5,17,2.0,1.0,1.0,2.0,4.0,5.0,-1.0,3.0,6.0,-3.0,1.0,-1.0,2.0,0.0,1.0,-1.0,0.0,1.0,-1.0,43.8,18.8,43.8,31.2,17.0,15.0,12.0,27.0,1606.0,1610.5
2026-04-20,2025,Crystal Palace,West Ham,0,0,D,U,2.31,3.21,3.11,1,4,4,6,17,2.0,1.0,0.0,2.0,3.0,3.0,0.0,1.0,7.0,-6.0,2.0,-4.0,6.0,0.0,0.0,0.0,0.0,2.0,-2.0,25.0,31.2,25.0,50.0,8.0,8.0,17.0,16.0,1571.4,1508.8
2026-04-19,2025,Nott'm Forest,Burnley,4,1,H,O,1.49,4.25,6.32,4,3,4,4,17,0.0,0.0,1.0,2.0,1.0,2.0,-1.0,2.0,6.0,-4.0,-1.0,-4.0,3.0,0.0,0.0,0.0,0.0,2.0,-2.0,18.8,43.8,12.5,68.8,8.0,11.0,19.0,14.0,1535.9,1393.2
2026-04-19,2025,Man City,Arsenal,2,1,H,O,1.82,3.6,4.25,5,3,8,5,16,2.0,2.0,0.0,0.0,7.0,7.0,0.0,3.0,3.0,0.0,4.0,4.0,0.0,1.0,1.0,0.0,0.0,0.0,0.0,73.3,6.7,56.2,12.5,19.0,13.0,15.0,11.0,1748.2,1758.2
2026-04-19,2025,Everton,Liverpool,1,2,A,O,3.11,3.36,2.25,4,6,1,6,17,2.0,1.0,1.0,2.0,5.0,3.0,2.0,1.0,4.0,-3.0,4.0,-1.0,5.0,2.0,0.0,2.0,0.0,0.0,0.0,37.5,37.5,37.5,43.8,18.0,16.0,19.0,21.0,1589.5,1672.4
2026-04-19,2025,Aston Villa,Sunderland,4,3,H,O,1.65,3.78,5.25,7,7,4,5,17,1.0,2.0,1.0,0.0,4.0,4.0,0.0,5.0,2.0,3.0,-1.0,2.0,-3.0,1.0,0.0,1.0,1.0,0.0,1.0,62.5,25.0,25.0,43.8,15.0,12.0,16.0,10.0,1643.7,1501.2
2026-04-18,2025,Tottenham,Brighton,2,2,D,O,2.68,3.65,2.41,6,3,7,5,17,0.0,3.0,3.0,0.0,2.0,5.0,-3.0,10.0,0.0,10.0,-8.0,5.0,-13.0,0.0,2.0,-2.0,3.0,0.0,3.0,12.5,62.5,31.2,43.8,12.0,17.0,21.0,9.0,1463.3,1609.9
2026-04-18,2025,Newcastle,Bournemouth,1,2,A,O,1.96,3.81,3.48,3,3,2,3,17,1.0,1.0,2.0,0.0,5.0,2.0,3.0,6.0,1.0,5.0,-1.0,1.0,-2.0,0.0,0.0,0.0,0.0,0.0,0.0,50.0,37.5,25.0,31.2,16.0,11.0,18.0,14.0,1580.3,1595.7
2026-04-18,2025,Leeds,Wolves,3,0,H,O,1.6,3.93,5.5,6,2,5,6,17,0.0,0.0,2.0,2.0,0.0,2.0,-2.0,2.0,7.0,-5.0,-2.0,-5.0,3.0,0.0,0.0,0.0,0.0,1.0,-1.0,37.5,31.2,0.0,68.8,10.0,14.0,20.0,10.0,1510.5,1451.2
2026-04-18,2025,Chelsea,Man United,0,1,A,U,2.21,3.54,3.07,3,1,7,1,17,0.0,1.0,2.0,1.0,1.0,4.0,-3.0,5.0,4.0,1.0,-4.0,0.0,-4.0,0.0,0.0,0.0,1.0,0.0,1.0,37.5,31.2,31.2,25.0,8.0,13.0,21.0,13.0,1620.7,1612.7
2026-04-18,2025,Brentford,Fulham,0,0,D,U,2.09,3.63,3.26,4,0,9,3,17,0.0,1.0,1.0,1.0,4.0,3.0,1.0,6.0,3.0,3.0,-2.0,0.0,-2.0,0.0,1.0,-1.0,1.0,1.0,0.0,43.8,18.8,25.0,56.2,10.0,8.0,9.0,17.0,1586.3,1554.0
2026-04-13,2025,Man United,Leeds,1,2,A,O,1.59,4.07,5.3,9,6,11,4,16,3.0,0.0,0.0,0.0,7.0,3.0,4.0,2.0,3.0,-1.0,5.0,0.0,5.0,2.0,0.0,2.0,0.0,0.0,0.0,66.7,13.3,6.7,46.7,27.0,9.0,20.0,6.0,1626.3,1497.0
2026-04-12,2025,Sunderland,Tottenham,1,0,H,U,2.62,3.34,2.63,2,7,2,6,16,0.0,0.0,3.0,2.0,1.0,2.0,-1.0,5.0,5.0,0.0,-4.0,-3.0,-1.0,0.0,0.0,0.0,1.0,1.0,0.0,46.7,20.0,33.3,33.3,8.0,9.0,16.0,12.0,1491.7,1472.8
2026-04-12,2025,Nott'm Forest,Aston Villa,1,1,D,U,2.61,3.33,2.65,4,5,7,3,16,0.0,0.0,1.0,2.0,0.0,2.0,-2.0,1.0,6.0,-5.0,-1.0,-4.0,3.0,0.0,0.0,0.0,0.0,2.0,-2.0,20.0,46.7,40.0,33.3,14.0,11.0,20.0,15.0,1532.7,1646.9
2026-04-12,2025,Crystal Palace,Newcastle,2,1,H,O,3.07,3.5,2.22,5,3,2,4,16,1.0,2.0,1.0,1.0,3.0,4.0,-1.0,3.0,3.0,0.0,0.0,1.0,-1.0,0.0,0.0,0.0,0.0,0.0,0.0,20.0,33.3,26.7,46.7,6.0,17.0,23.0,18.0,1560.5,1591.2
2026-04-12,2025,Chelsea,Man City,0,3,A,O,3.08,3.8,2.1,3,8,4,12,16,0.0,2.0,1.0,0.0,3.0,4.0,-1.0,4.0,2.0,2.0,-1.0,2.0,-3.0,0.0,0.0,0.0,0.0,0.0,0.0,40.0,26.7,46.7,26.7,9.0,18.0,21.0,22.0,1627.5,1741.3
2026-04-11,2025,Liverpool,Fulham,2,0,H,U,1.62,4.18,4.83,5,4,6,9,16,1.0,1.0,1.0,1.0,7.0,3.0,4.0,5.0,4.0,1.0,2.0,-1.0,3.0,1.0,1.0,0.0,0.0,1.0,-1.0,53.3,20.0,26.7,53.3,15.0,7.0,18.0,12.0,1665.4,1561.1
2026-04-11,2025,Burnley,Brighton,0,2,A,U,4.48,3.93,1.72,5,6,8,2,16,0.0,2.0,2.0,1.0,3.0,3.0,0.0,6.0,1.0,5.0,-3.0,2.0,-5.0,0.0,1.0,-1.0,1.0,0.0,1.0,13.3,53.3,26.7,46.7,10.0,14.0,14.0,12.0,1397.9,1605.3
2026-04-11,2025,Brentford,Everton,2,2,D,O,2.13,3.31,3.45,4,7,2,3,16,0.0,2.0,1.0,1.0,3.0,5.0,-2.0,5.0,5.0,0.0,-2.0,0.0,-2.0,0.0,0.0,0.0,1.0,1.0,0.0,46.7,20.0,46.7,33.3,9.0,11.0,13.0,11.0,1586.2,1589.6
2026-04-11,2025,Arsenal,Bournemouth,1,2,A,O,1.43,4.55,7.06,3,3,10,1,16,3.0,1.0,0.0,0.0,7.0,2.0,5.0,1.0,1.0,0.0,6.0,1.0,5.0,2.0,0.0,2.0,0.0,0.0,0.0,80.0,6.7,20.0,33.3,17.0,12.0,18.0,15.0,1773.2,1580.7
2026-04-10,2025,West Ham,Wolves,4,0,H,O,1.78,3.74,4.34,7,3,5,2,16,0.0,0.0,0.0,1.0,2.0,2.0,0.0,2.0,3.0,-1.0,0.0,-1.0,1.0,0.0,0.0,0.0,0.0,0.0,0.0,20.0,53.3,0.0,66.7,7.0,14.0,15.0,10.0,1499.9,1460.1
2026-03-22,2025,Tottenham,Nott'm Forest,0,3,A,O,2.24,3.39,3.11,3,7,13,3,16,0.0,0.0,3.0,2.0,3.0,4.0,-1.0,9.0,7.0,2.0,-6.0,-3.0,-3.0,0.0,0.0,0.0,2.0,1.0,1.0,13.3,60.0,26.7,53.3,11.0,14.0,10.0,15.0,1481.6,1523.9
2026-03-22,2025,Newcastle,Sunderland,1,2,A,O,1.65,3.89,5.04,4,7,9,5,16,1.0,1.0,2.0,1.0,6.0,2.0,4.0,7.0,4.0,3.0,-1.0,-2.0,1.0,0.0,0.0,0.0,0.0,1.0,-1.0,53.3,33.3,20.0,46.7,16.0,8.0,18.0,7.0,1604.7,1478.2
2026-03-22,2025,Aston Villa,West Ham,2,0,H,U,1.95,3.56,3.7,7,1,6,6,16,1.0,2.0,1.0,1.0,3.0,5.0,-2.0,5.0,5.0,0.0,-2.0,0.0,-2.0,0.0,1.0,-1.0,1.0,1.0,0.0,60.0,26.7,26.7,46.7,9.0,11.0,17.0,12.0,1640.6,1506.3
2026-03-21,2025,Leeds,Brentford,0,0,D,U,2.46,3.42,2.77,4,2,6,2,16,1.0,2.0,2.0,0.0,3.0,7.0,-4.0,3.0,5.0,-2.0,0.0,2.0,-2.0,1.0,0.0,1.0,0.0,0.0,0.0,40.0,33.3,40.0,53.3,11.0,14.0,19.0,14.0,1494.3,1588.9
2026-03-21,2025,Fulham,Burnley,3,1,H,O,1.53,4.09,6.22,6,5,6,6,16,1.0,1.0,2.0,1.0,3.0,4.0,-1.0,4.0,5.0,-1.0,-1.0,-1.0,0.0,0.0,0.0,0.0,0.0,1.0,-1.0,53.3,33.3,13.3,66.7,12.0,9.0,18.0,10.0,1555.2,1403.8
2026-03-21,2025,Everton,Chelsea,3,0,H,O,3.38,3.5,2.08,9,4,3,9,16,1.0,2.0,2.0,1.0,3.0,8.0,-5.0,3.0,4.0,-1.0,0.0,4.0,-4.0,1.0,2.0,-1.0,0.0,0.0,0.0,33.3,40.0,46.7,26.7,15.0,17.0,23.0,22.0,1577.8,1639.3
2026-03-21,2025,Brighton,Liverpool,2,1,H,O,3.02,3.55,2.22,7,5,4,8,16,1.0,2.0,2.0,1.0,2.0,3.0,-1.0,3.0,2.0,1.0,-1.0,1.0,-2.0,0.0,0.0,0.0,0.0,0.0,0.0,40.0,20.0,40.0,40.0,12.0,14.0,11.0,24.0,1592.9,1677.8
2026-03-20,2025,Bournemouth,Man United,2,2,D,O,3.22,3.76,2.07,5,5,6,8,16,0.0,1.0,0.0,1.0,2.0,3.0,-1.0,2.0,3.0,-1.0,0.0,0.0,0.0,0.0,0.0,0.0,0.0,0.0,0.0,40.0,13.3,33.3,26.7,16.0,11.0,22.0,8.0,1579.3,1627.7
2026-03-16,2025,Brentford,Wolves,2,2,D,O,1.54,4.15,5.68,3,4,1,5,15,0.0,0.0,2.0,2.0,1.0,0.0,1.0,5.0,3.0,2.0,-4.0,-3.0,-1.0,0.0,0.0,0.0,2.0,1.0,1.0,50.0,21.4,0.0,71.4,7.0,11.0,18.0,11.0,1592.6,1456.4
2026-03-15,2025,Nott'm Forest,Fulham,0,0,D,U,2.19,3.4,3.24,2,0,5,4,15,0.0,1.0,1.0,2.0,1.0,5.0,-4.0,2.0,7.0,-5.0,-1.0,-2.0,1.0,0.0,1.0,-1.0,0.0,1.0,-1.0,21.4,50.0,28.6,57.1,13.0,13.0,20.0,15.0,1523.0,1556.1
2026-03-15,2025,Man United,Aston Villa,3,1,H,O,1.71,4.02,4.38,6,2,6,6,15,3.0,1.0,0.0,1.0,7.0,3.0,4.0,3.0,3.0,0.0,4.0,0.0,4.0,1.0,1.0,0.0,0.0,1.0,-1.0,64.3,14.3,42.9,28.6,27.0,17.0,17.0,14.0,1616.7,1651.6
2026-03-15,2025,Liverpool,Tottenham,1,1,D,U,1.29,5.79,8.72,4,7,3,4,15,2.0,0.0,1.0,2.0,10.0,3.0,7.0,5.0,6.0,-1.0,5.0,-3.0,8.0,2.0,0.0,2.0,0.0,1.0,-1.0,57.1,21.4,35.7,35.7,18.0,13.0,22.0,11.0,1683.1,1476.2
2026-03-15,2025,Crystal Palace,Leeds,0,0,D,U,2.49,3.24,2.85,0,3,8,3,15,1.0,0.0,2.0,0.0,4.0,4.0,0.0,6.0,4.0,2.0,-2.0,0.0,-2.0,0.0,0.0,0.0,1.0,0.0,1.0,21.4,35.7,7.1,50.0,13.0,10.0,19.0,7.0,1562.5,1492.3
2026-03-14,2025,West Ham,Man City,1,1,D,U,4.43,4.15,1.69,1,6,1,15,15,1.0,2.0,0.0,0.0,4.0,5.0,-1.0,2.0,3.0,-1.0,2.0,2.0,0.0,1.0,0.0,1.0,0.0,0.0,0.0,21.4,57.1,50.0,28.6,11.0,15.0,17.0,11.0,1500.1,1747.5
2026-03-14,2025,Sunderland,Brighton,0,1,A,U,3.26,3.27,2.23,4,4,7,3,15,1.0,1.0,2.0,2.0,4.0,3.0,1.0,4.0,3.0,1.0,0.0,0.0,0.0,1.0,1.0,0.0,1.0,0.0,1.0,50.0,14.3,21.4,50.0,9.0,15.0,10.0,15.0,1485.4,1585.7
2026-03-14,2025,Chelsea,Newcastle,0,1,A,U,1.79,4.12,3.86,3,5,8,1,15,1.0,1.0,0.0,2.0,6.0,4.0,2.0,5.0,7.0,-2.0,1.0,-3.0,4.0,0.0,0.0,0.0,0.0,1.0,-1.0,42.9,21.4,21.4,50.0,12.0,14.0,22.0,28.0,1650.9,1593.0
2026-03-14,2025,Burnley,Bournemouth,0,0,D,U,4.02,3.83,1.82,2,3,5,8,15,0.0,2.0,2.0,0.0,5.0,4.0,1.0,8.0,1.0,7.0,-3.0,3.0,-6.0,0.0,1.0,-1.0,1.0,0.0,1.0,14.3,57.1,21.4,35.7,12.0,13.0,10.0,13.0,1398.9,1584.2
2026-03-14,2025,Arsenal,Everton,2,0,H,U,1.37,4.56,8.83,7,3,8,3,15,2.0,2.0,1.0,0.0,7.0,6.0,1.0,4.0,4.0,0.0,3.0,2.0,1.0,1.0,0.0,1.0,0.0,0.0,0.0,78.6,7.1,50.0,28.6,14.0,12.0,19.0,10.0,1768.1,1583.0
2026-03-05,2025,Tottenham,Crystal Palace,1,3,A,O,2.34,3.32,2.97,4,4,6,3,15,0.0,1.0,2.0,1.0,4.0,3.0,1.0,8.0,3.0,5.0,-4.0,0.0,-4.0,0.0,0.0,0.0,1.0,0.0,1.0,14.3,57.1,42.9,42.9,13.0,10.0,7.0,12.0,1484.2,1554.5
2026-03-04,2025,Newcastle,Man United,2,1,H,O,2.56,3.66,2.53,5,5,2,4,15,0.0,2.0,3.0,0.0,4.0,5.0,-1.0,8.0,3.0,5.0,-4.0,2.0,-6.0,0.0,0.0,0.0,1.0,0.0,1.0,50.0,35.7,35.7,21.4,15.0,9.0,22.0,6.0,1581.7,1628.0
2026-03-04,2025,Man City,Nott'm Forest,2,2,D,O,1.37,4.95,7.65,7,4,6,1,15,3.0,1.0,0.0,2.0,7.0,4.0,3.0,1.0,5.0,-4.0,6.0,-1.0,7.0,2.0,1.0,1.0,0.0,1.0,-1.0,78.6,7.1,28.6,57.1,16.0,12.0,13.0,19.0,1753.4,1517.1
2026-03-04,2025,Fulham,West Ham,0,1,A,U,2.03,3.56,3.52,5,3,7,5,15,2.0,1.0,1.0,2.0,5.0,6.0,-1.0,4.0,8.0,-4.0,1.0,-2.0,3.0,0.0,1.0,-1.0,0.0,1.0,-1.0,57.1,28.6,21.4,50.0,11.0,14.0,17.0,10.0,1568.4,1487.9
2026-03-04,2025,Brighton,Arsenal,0,1,A,U,5.03,3.92,1.64,3,2,4,3,15,1.0,1.0,1.0,0.0,3.0,7.0,-4.0,3.0,4.0,-1.0,0.0,3.0,-3.0,0.0,1.0,-1.0,0.0,0.0,0.0,42.9,14.3,53.3,13.3,11.0,13.0,12.0,12.0,1591.1,1762.7
2026-03-04,2025,Aston Villa,Chelsea,1,4,A,O,2.67,3.57,2.46,4,8,3,8,15,1.0,2.0,1.0,1.0,2.0,7.0,-5.0,2.0,4.0,-2.0,0.0,3.0,-3.0,0.0,2.0,-2.0,0.0,0.0,0.0,64.3,21.4,42.9,28.6,10.0,15.0,26.0,19.0,1662.2,1640.3
2026-03-03,2025,Wolves,Liverpool,2,1,H,O,6.08,4.61,1.48,3,7,2,11,16,1.0,2.0,1.0,1.0,5.0,4.0,1.0,5.0,3.0,2.0,0.0,1.0,-1.0,1.0,0.0,1.0,1.0,0.0,1.0,13.3,66.7,42.9,35.7,7.0,11.0,4.0,24.0,1440.0,1699.4
2026-03-03,2025,Leeds,Sunderland,0,1,A,U,1.86,3.43,4.31,4,1,9,2,15,1.0,0.0,2.0,2.0,3.0,2.0,1.0,6.0,7.0,-1.0,-3.0,-5.0,2.0,1.0,0.0,1.0,1.0,2.0,-1.0,42.9,28.6,14.3,50.0,8.0,9.0,14.0,8.0,1503.1,1474.6
2026-03-03,2025,Everton,Burnley,2,0,H,U,1.56,3.96,6.06,5,2,6,3,15,0.0,1.0,2.0,1.0,2.0,4.0,-2.0,4.0,6.0,-2.0,-2.0,-2.0,0.0,0.0,0.0,0.0,0.0,1.0,-1.0,28.6,42.9,14.3,64.3,13.0,7.0,21.0,9.0,1577.6,1404.3
2026-03-03,2025,Bournemouth,Brentford,0,0,D,U,2.48,3.59,2.65,2,2,4,3,15,1.0,3.0,0.0,0.0,5.0,8.0,-3.0,4.0,5.0,-1.0,1.0,3.0,-2.0,0.0,0.0,0.0,0.0,0.0,0.0,42.9,14.3,42.9,57.1,19.0,14.0,21.0,12.0,1583.9,1592.9
2026-03-01,2025,Man United,Crystal Palace,2,1,H,O,1.53,4.31,5.61,11,3,7,1,14,3.0,1.0,0.0,1.0,7.0,3.0,4.0,2.0,3.0,-1.0,5.0,0.0,5.0,2.0,0.0,2.0,0.0,0.0,0.0,61.5,15.4,46.2,38.5,23.0,9.0,11.0,15.0,1619.6,1562.9
2026-03-01,2025,Fulham,Tottenham,2,1,H,O,2.08,3.57,3.3,4,1,5,8,14,2.0,0.0,1.0,2.0,5.0,4.0,1.0,4.0,7.0,-3.0,1.0,-3.0,4.0,0.0,0.0,0.0,0.0,1.0,-1.0,53.8,30.8,38.5,30.8,12.0,16.0,14.0,10.0,1560.3,1492.3
2026-03-01,2025,Brighton,Nott'm Forest,2,1,H,O,2.05,3.54,3.42,7,4,4,4,14,0.0,2.0,1.0,1.0,2.0,5.0,-3.0,3.0,4.0,-1.0,-1.0,1.0,-2.0,0.0,1.0,-1.0,0.0,1.0,-1.0,38.5,15.4,30.8,53.8,9.0,13.0,19.0,20.0,1582.8,1525.4
2026-03-01,2025,Arsenal,Chelsea,2,1,H,O,1.6,3.98,5.28,5,3,5,10,14,1.0,2.0,1.0,1.0,5.0,7.0,-2.0,3.0,4.0,-1.0,2.0,3.0,-1.0,1.0,2.0,-1.0,0.0,0.0,0.0,76.9,7.7,46.2,23.1,13.0,18.0,17.0,20.0,1755.7,1647.3
2026-02-28,2025,Newcastle,Everton,2,3,A,O,1.69,3.92,4.67,7,5,7,2,14,1.0,2.0,2.0,0.0,6.0,4.0,2.0,8.0,2.0,6.0,-2.0,2.0,-4.0,0.0,0.0,0.0,1.0,0.0,1.0,53.8,30.8,46.2,30.8,16.0,10.0,23.0,12.0,1592.4,1566.8
2026-02-28,2025,Liverpool,West Ham,5,2,H,O,1.41,5.02,6.68,7,4,10,5,14,1.0,2.0,1.0,1.0,6.0,6.0,0.0,4.0,4.0,0.0,2.0,2.0,0.0,1.0,1.0,0.0,0.0,0.0,0.0,53.8,23.1,23.1,46.2,22.0,14.0,21.0,10.0,1694.7,1492.6
2026-02-28,2025,Leeds,Man City,0,1,A,U,5.0,4.25,1.6,2,5,5,3,14,2.0,1.0,1.0,1.0,4.0,4.0,0.0,5.0,5.0,0.0,-1.0,-1.0,0.0,1.0,0.0,1.0,1.0,1.0,0.0,46.2,23.1,46.2,30.8,11.0,11.0,16.0,14.0,1507.1,1749.4
2026-02-28,2025,Burnley,Brentford,3,4,A,O,4.58,3.81,1.73,3,7,4,8,14,0.0,2.0,1.0,1.0,4.0,4.0,0.0,6.0,4.0,2.0,-2.0,0.0,-2.0,0.0,0.0,0.0,1.0,1.0,0.0,15.4,53.8,38.5,61.5,10.0,12.0,8.0,13.0,1409.5,1587.6
2026-02-28,2025,Bournemouth,Sunderland,1,1,D,U,1.77,3.8,4.34,5,4,7,3,14,2.0,0.0,0.0,3.0,7.0,1.0,6.0,5.0,9.0,-4.0,2.0,-8.0,10.0,0.0,0.0,0.0,0.0,3.0,-3.0,46.2,15.4,15.4,53.8,17.0,8.0,17.0,9.0,1587.1,1471.4
2026-02-27,2025,Wolves,Aston Villa,2,0,H,U,4.17,3.64,1.84,2,5,0,5,15,0.0,1.0,2.0,0.0,3.0,3.0,0.0,7.0,1.0,6.0,-4.0,2.0,-6.0,0.0,1.0,-1.0,2.0,0.0,2.0,7.1,71.4,46.2,23.1,12.0,15.0,9.0,14.0,1423.8,1678.5
2026-02-23,2025,Everton,Man United,0,1,A,U,3.57,3.73,1.94,4,3,10,1,14,0.0,1.0,1.0,0.0,3.0,6.0,-3.0,4.0,5.0,-1.0,-1.0,1.0,-2.0,0.0,0.0,0.0,0.0,0.0,0.0,30.8,38.5,30.8,23.1,11.0,16.0,13.0,11.0,1575.8,1610.6
2026-02-22,2025,Tottenham,Arsenal,1,4,A,O,5.83,3.98,1.56,5,7,2,5,14,0.0,1.0,2.0,0.0,4.0,7.0,-3.0,6.0,3.0,3.0,-2.0,4.0,-6.0,0.0,1.0,-1.0,0.0,0.0,0.0,15.4,53.8,50.0,14.3,14.0,14.0,16.0,19.0,1496.0,1752.0
2026-02-22,2025,Sunderland,Fulham,1,3,A,O,2.65,3.27,2.67,2,4,6,4,14,2.0,0.0,1.0,3.0,5.0,2.0,3.0,2.0,7.0,-5.0,3.0,-5.0,8.0,1.0,0.0,1.0,0.0,1.0,-1.0,53.8,7.7,23.1,61.5,14.0,10.0,7.0,14.0,1479.3,1552.4
2026-02-22,2025,Nott'm Forest,Liverpool,0,1,A,U,4.08,3.88,1.8,2,4,7,2,14,0.0,1.0,0.0,1.0,1.0,3.0,-2.0,1.0,3.0,-2.0,0.0,0.0,0.0,0.0,0.0,0.0,0.0,0.0,0.0,23.1,46.2,38.5,38.5,11.0,7.0,17.0,22.0,1531.2,1688.9
2026-02-22,2025,Crystal Palace,Wolves,1,0,H,U,1.62,3.99,5.26,3,7,7,3,14,0.0,0.0,2.0,1.0,3.0,1.0,2.0,6.0,3.0,3.0,-3.0,-2.0,-1.0,0.0,0.0,0.0,1.0,1.0,0.0,15.4,38.5,0.0,69.2,15.0,8.0,15.0,15.0,1556.4,1430.3
2026-02-21,2025,West Ham,Bournemouth,0,0,D,U,2.41,3.65,2.71,3,5,9,5,14,1.0,2.0,1.0,0.0,5.0,5.0,0.0,4.0,2.0,2.0,1.0,3.0,-2.0,1.0,1.0,0.0,0.0,0.0,0.0,23.1,61.5,23.1,38.5,11.0,10.0,14.0,14.0,1489.8,1590.0
2026-02-21,2025,Man City,Newcastle,2,1,H,O,1.46,4.92,5.82,7,7,5,5,14,2.0,1.0,0.0,1.0,6.0,3.0,3.0,1.0,5.0,-4.0,5.0,-2.0,7.0,2.0,0.0,2.0,0.0,1.0,-1.0,76.9,7.7,23.1,46.2,15.0,9.0,14.0,30.0,1743.4,1598.5
2026-02-21,2025,Chelsea,Burnley,1,1,D,U,1.2,6.7,12.88,2,4,9,5,14,2.0,1.0,0.0,1.0,7.0,4.0,3.0,4.0,6.0,-2.0,3.0,-2.0,5.0,1.0,0.0,1.0,0.0,1.0,-1.0,46.2,23.1,15.4,69.2,12.0,4.0,16.0,5.0,1653.5,1403.4
2026-02-21,2025,Brentford,Brighton,0,2,A,U,2.01,3.7,3.45,3,7,6,4,14,1.0,0.0,1.0,2.0,4.0,2.0,2.0,3.0,4.0,-1.0,1.0,-2.0,3.0,1.0,0.0,1.0,1.0,0.0,1.0,53.8,15.4,15.4,53.8,10.0,11.0,19.0,13.0,1598.3,1572.0
2026-02-21,2025,Aston Villa,Leeds,1,1,D,U,1.84,3.62,4.24,4,4,7,2,14,1.0,0.0,2.0,1.0,1.0,6.0,-5.0,2.0,7.0,-5.0,-1.0,-1.0,0.0,0.0,0.0,0.0,0.0,0.0,0.0,69.2,23.1,7.7,53.8,11.0,12.0,25.0,9.0,1683.2,1502.3
2026-02-18,2025,Wolves,Arsenal,2,2,D,O,10.94,5.48,1.28,2,4,1,3,14,0.0,1.0,2.0,0.0,1.0,5.0,-4.0,5.0,1.0,4.0,-4.0,4.0,-8.0,0.0,1.0,-1.0,2.0,0.0,2.0,7.7,76.9,53.8,15.4,12.0,13.0,12.0,25.0,1422.8,1759.4
2026-02-12,2025,Brentford,Arsenal,1,1,D,U,4.83,3.86,1.69,3,2,6,4,13,1.0,2.0,1.0,0.0,3.0,7.0,-4.0,2.0,2.0,0.0,1.0,5.0,-4.0,1.0,1.0,0.0,1.0,0.0,1.0,58.3,16.7,58.3,16.7,9.0,16.0,16.0,26.0,1593.8,1764.0
2026-02-11,2025,Sunderland,Liverpool,0,1,A,U,4.65,3.83,1.72,2,3,3,11,13,2.0,0.0,0.0,1.0,5.0,4.0,1.0,1.0,5.0,-4.0,4.0,-1.0,5.0,1.0,0.0,1.0,0.0,0.0,0.0,58.3,0.0,33.3,41.7,16.0,6.0,7.0,19.0,1484.1,1684.1
2026-02-11,2025,Nott'm Forest,Wolves,0,0,D,U,1.69,3.72,5.09,10,3,8,2,13,0.0,0.0,1.0,1.0,1.0,2.0,-1.0,3.0,4.0,-1.0,-2.0,-2.0,0.0,0.0,0.0,0.0,1.0,1.0,0.0,25.0,50.0,0.0,75.0,7.0,9.0,18.0,17.0,1534.4,1419.6
2026-02-11,2025,Man City,Fulham,3,0,H,O,1.34,5.33,8.08,5,3,4,4,13,1.0,0.0,0.0,2.0,4.0,3.0,1.0,2.0,5.0,-3.0,2.0,-2.0,4.0,1.0,0.0,1.0,0.0,0.0,0.0,75.0,8.3,25.0,58.3,13.0,12.0,18.0,13.0,1738.1,1557.6
2026-02-11,2025,Crystal Palace,Burnley,2,3,A,O,1.55,3.98,6.18,3,3,8,2,13,0.0,0.0,1.0,2.0,2.0,1.0,1.0,4.0,6.0,-2.0,-2.0,-5.0,3.0,0.0,0.0,0.0,1.0,2.0,-1.0,16.7,33.3,8.3,75.0,14.0,4.0,13.0,7.0,1571.2,1388.6
2026-02-11,2025,Aston Villa,Brighton,1,0,H,U,1.92,3.67,3.79,1,3,7,5,13,1.0,0.0,2.0,1.0,3.0,4.0,-1.0,3.0,5.0,-2.0,0.0,-1.0,1.0,1.0,0.0,1.0,0.0,0.0,0.0,66.7,25.0,16.7,50.0,14.0,14.0,22.0,13.0,1676.0,1579.3
2026-02-10,2025,West Ham,Man United,1,1,D,U,4.36,4.23,1.7,3,3,5,3,13,1.0,1.0,1.0,0.0,6.0,6.0,0.0,5.0,5.0,0.0,1.0,1.0,0.0,1.0,0.0,1.0,0.0,0.0,0.0,25.0,66.7,33.3,25.0,12.0,15.0,14.0,12.0,1486.3,1614.2
2026-02-10,2025,Tottenham,Newcastle,1,2,A,O,3.18,3.48,2.2,2,5,2,12,13,0.0,1.0,1.0,1.0,4.0,4.0,0.0,5.0,5.0,0.0,-1.0,-1.0,0.0,0.0,1.0,-1.0,0.0,1.0,-1.0,16.7,50.0,16.7,50.0,17.0,13.0,17.0,22.0,1503.6,1590.9
2026-02-10,2025,Everton,Bournemouth,1,2,A,O,2.41,3.35,2.91,6,4,7,2,13,0.0,1.0,1.0,0.0,4.0,5.0,-1.0,6.0,3.0,3.0,-2.0,2.0,-4.0,0.0,1.0,-1.0,1.0,0.0,1.0,33.3,33.3,16.7,41.7,11.0,12.0,10.0,15.0,1586.0,1579.8
2026-02-10,2025,Chelsea,Leeds,2,2,D,O,1.55,4.28,5.66,4,2,4,1,13,2.0,0.0,0.0,1.0,7.0,4.0,3.0,4.0,5.0,-1.0,3.0,-1.0,4.0,1.0,0.0,1.0,0.0,0.0,0.0,50.0,25.0,8.3,58.3,11.0,12.0,24.0,11.0,1657.8,1498.0
2026-02-08,2025,Liverpool,Man City,1,2,A,O,2.34,3.68,2.76,4,7,5,4,13,1.0,0.0,0.0,1.0,5.0,2.0,3.0,2.0,4.0,-2.0,3.0,-2.0,5.0,1.0,0.0,1.0,0.0,1.0,-1.0,58.3,16.7,41.7,33.3,22.0,8.0,24.0,15.0,1693.1,1729.2
2026-02-08,2025,Brighton,Crystal Palace,0,1,A,U,1.96,3.57,3.68,2,4,3,4,13,1.0,0.0,0.0,2.0,4.0,2.0,2.0,2.0,5.0,-3.0,2.0,-3.0,5.0,1.0,0.0,1.0,0.0,1.0,-1.0,41.7,8.3,41.7,41.7,11.0,6.0,20.0,17.0,1590.2,1560.4
2026-02-07,2025,Wolves,Chelsea,1,3,A,O,4.9,4.05,1.65,3,6,3,4,13,1.0,1.0,1.0,1.0,3.0,5.0,-2.0,2.0,4.0,-2.0,1.0,1.0,0.0,1.0,1.0,0.0,1.0,0.0,1.0,8.3,75.0,41.7,25.0,17.0,15.0,15.0,18.0,1423.9,1653.5
2026-02-07,2025,Newcastle,Brentford,2,3,A,O,2.05,3.53,3.51,4,5,9,3,13,2.0,2.0,1.0,1.0,6.0,5.0,1.0,5.0,4.0,1.0,1.0,1.0,0.0,1.0,1.0,0.0,1.0,1.0,0.0,58.3,25.0,33.3,66.7,19.0,14.0,22.0,15.0,1601.5,1583.3
2026-02-07,2025,Man United,Tottenham,2,0,H,U,1.57,4.54,4.97,10,1,7,0,13,2.0,0.0,0.0,1.0,6.0,4.0,2.0,3.0,5.0,-2.0,3.0,-1.0,4.0,1.0,0.0,1.0,0.0,0.0,0.0,58.3,16.7,41.7,25.0,19.0,18.0,12.0,11.0,1606.8,1510.9
2026-02-07,2025,Fulham,Everton,1,2,A,O,2.1,3.27,3.64,3,3,6,6,13,2.0,2.0,0.0,0.0,6.0,4.0,2.0,4.0,1.0,3.0,2.0,3.0,-1.0,0.0,1.0,-1.0,0.0,0.0,0.0,58.3,25.0,41.7,33.3,11.0,10.0,11.0,8.0,1567.4,1576.3
2026-02-07,2025,Burnley,West Ham,0,2,A,U,3.28,3.5,2.14,5,4,5,2,13,0.0,1.0,1.0,2.0,5.0,4.0,1.0,7.0,7.0,0.0,-2.0,-3.0,1.0,0.0,0.0,0.0,1.0,1.0,0.0,16.7,50.0,16.7,50.0,9.0,10.0,6.0,15.0,1396.2,1478.6
2026-02-07,2025,Bournemouth,Aston Villa,1,1,D,U,2.68,3.6,2.46,9,4,11,4,13,2.0,1.0,1.0,1.0,8.0,3.0,5.0,7.0,4.0,3.0,1.0,-1.0,2.0,0.0,1.0,-1.0,0.0,1.0,-1.0,50.0,16.7,50.0,25.0,11.0,14.0,13.0,13.0,1576.9,1678.8
2026-02-07,2025,Arsenal,Sunderland,3,0,H,O,1.21,6.23,14.08,5,3,5,2,13,1.0,0.0,1.0,2.0,6.0,2.0,4.0,4.0,7.0,-3.0,2.0,-5.0,7.0,1.0,0.0,1.0,0.0,2.0,-2.0,75.0,8.3,16.7,50.0,15.0,8.0,15.0,12.0,1760.5,1487.6
2026-02-06,2025,Leeds,Nott'm Forest,3,1,H,O,2.21,3.26,3.37,5,6,5,10,13,1.0,2.0,1.0,1.0,2.0,5.0,-3.0,5.0,4.0,1.0,-3.0,1.0,-4.0,0.0,1.0,-1.0,1.0,1.0,0.0,41.7,25.0,33.3,50.0,9.0,12.0,17.0,14.0,1486.3,1546.1
2026-02-02,2025,Sunderland,Burnley,3,0,H,O,1.8,3.42,4.73,5,0,1,2,12,1.0,0.0,0.0,1.0,3.0,2.0,1.0,2.0,4.0,-2.0,1.0,-2.0,3.0,0.0,0.0,0.0,0.0,1.0,-1.0,54.5,0.0,9.1,72.7,14.0,5.0,9.0,8.0,1479.7,1404.1
2026-02-01,2025,Tottenham,Man City,2,2,D,O,4.41,4.06,1.71,6,3,3,4,12,0.0,1.0,2.0,1.0,3.0,2.0,1.0,5.0,3.0,2.0,-2.0,-1.0,-1.0,0.0,0.0,0.0,0.0,1.0,-1.0,18.2,54.5,45.5,36.4,15.0,10.0,16.0,16.0,1505.1,1735.0
2026-02-01,2025,Nott'm Forest,Crystal Palace,1,1,D,U,1.95,3.48,3.88,1,3,5,7,12,0.0,0.0,2.0,3.0,1.0,2.0,-1.0,4.0,8.0,-4.0,-3.0,-6.0,3.0,0.0,0.0,0.0,1.0,2.0,-1.0,27.3,54.5,45.5,45.5,8.0,6.0,18.0,15.0,1545.6,1560.8
2026-02-01,2025,Man United,Fulham,3,2,H,O,1.58,4.32,5.2,6,6,3,7,12,2.0,1.0,0.0,1.0,4.0,2.0,2.0,1.0,2.0,-1.0,3.0,0.0,3.0,1.0,0.0,1.0,0.0,0.0,0.0,54.5,18.2,27.3,54.5,17.0,10.0,11.0,10.0,1597.4,1576.8
2026-02-01,2025,Aston Villa,Brentford,0,1,A,U,2.08,3.47,3.46,5,2,12,1,12,2.0,2.0,1.0,1.0,5.0,6.0,-1.0,3.0,4.0,-1.0,2.0,2.0,0.0,1.0,2.0,-1.0,0.0,1.0,-1.0,72.7,18.2,27.3,72.7,13.0,18.0,15.0,18.0,1692.2,1569.9
2026-01-31,2025,Wolves,Bournemouth,0,2,A,U,2.95,3.5,2.31,7,4,5,6,12,1.0,0.0,1.0,1.0,3.0,4.0,-1.0,2.0,7.0,-5.0,1.0,-3.0,4.0,1.0,0.0,1.0,1.0,1.0,0.0,9.1,72.7,9.1,45.5,12.0,18.0,13.0,24.0,1430.0,1570.8
2026-01-31,2025,Liverpool,Newcastle,4,1,H,O,1.77,3.99,4.12,7,2,7,11,12,1.0,1.0,0.0,1.0,3.0,3.0,0.0,2.0,2.0,0.0,1.0,1.0,0.0,0.0,1.0,-1.0,0.0,0.0,0.0,54.5,18.2,18.2,45.5,19.0,14.0,23.0,22.0,1685.2,1609.3
2026-01-31,2025,Leeds,Arsenal,0,4,A,O,6.16,4.1,1.54,1,8,4,12,12,2.0,2.0,0.0,0.0,6.0,4.0,2.0,2.0,2.0,0.0,4.0,2.0,2.0,1.0,0.0,1.0,0.0,0.0,0.0,45.5,18.2,54.5,18.2,16.0,10.0,22.0,17.0,1489.8,1757.0
2026-01-31,2025,Chelsea,West Ham,3,2,H,O,1.49,4.53,6.05,6,6,9,3,12,1.0,1.0,1.0,2.0,5.0,2.0,3.0,4.0,7.0,-3.0,1.0,-5.0,6.0,1.0,0.0,1.0,0.0,2.0,-2.0,45.5,27.3,18.2,45.5,8.0,7.0,21.0,12.0,1647.9,1484.2
2026-01-31,2025,Brighton,Everton,1,1,D,U,1.86,3.6,4.13,2,4,5,2,12,1.0,2.0,0.0,0.0,3.0,3.0,0.0,1.0,0.0,1.0,2.0,3.0,-1.0,1.0,1.0,0.0,0.0,0.0,0.0,45.5,9.1,45.5,36.4,13.0,12.0,18.0,11.0,1590.6,1575.8
2026-01-26,2025,Everton,Leeds,1,1,D,U,2.48,3.15,2.92,3,4,4,4,12,0.0,0.0,2.0,1.0,3.0,4.0,-1.0,6.0,5.0,1.0,-3.0,-1.0,-2.0,0.0,0.0,0.0,1.0,0.0,1.0,36.4,36.4,9.1,63.6,9.0,14.0,8.0,16.0,1578.4,1487.3
2026-01-25,2025,Newcastle,Aston Villa,0,2,A,U,1.98,3.66,3.54,4,8,6,5,12,2.0,1.0,0.0,1.0,8.0,3.0,5.0,5.0,5.0,0.0,3.0,-2.0,5.0,1.0,0.0,1.0,0.0,1.0,-1.0,63.6,18.2,45.5,27.3,20.0,14.0,22.0,15.0,1617.4,1684.1
2026-01-25,2025,Crystal Palace,Chelsea,1,3,A,O,3.5,3.66,2.0,7,6,4,5,12,0.0,0.0,1.0,1.0,1.0,4.0,-3.0,2.0,5.0,-3.0,-1.0,-1.0,0.0,0.0,0.0,0.0,0.0,0.0,0.0,18.2,27.3,36.4,27.3,9.0,13.0,12.0,17.0,1568.8,1640.0
2026-01-25,2025,Brentford,Nott'm Forest,0,2,A,U,1.9,3.49,4.02,1,2,6,5,12,2.0,1.0,0.0,2.0,7.0,3.0,4.0,1.0,5.0,-4.0,6.0,-2.0,8.0,2.0,0.0,2.0,0.0,1.0,-1.0,63.6,9.1,27.3,54.5,15.0,12.0,12.0,14.0,1581.2,1534.3
2026-01-25,2025,Arsenal,Man United,2,3,A,O,1.55,4.08,5.89,4,3,9,2,12,2.0,0.0,0.0,1.0,6.0,4.0,2.0,2.0,5.0,-3.0,4.0,-1.0,5.0,1.0,0.0,1.0,0.0,0.0,0.0,81.8,0.0,27.3,27.3,17.0,18.0,13.0,15.0,1772.0,1582.5
2026-01-24,2025,West Ham,Sunderland,3,1,H,O,2.51,3.24,2.85,5,2,3,3,12,0.0,0.0,2.0,1.0,3.0,1.0,2.0,5.0,4.0,1.0,-2.0,-3.0,1.0,0.0,0.0,0.0,0.0,1.0,-1.0,18.2,72.7,18.2,45.5,9.0,12.0,16.0,13.0,1473.8,1490.2
2026-01-24,2025,Man City,Wolves,2,0,H,U,1.21,6.68,12.0,4,1,4,6,12,1.0,0.0,0.0,1.0,5.0,3.0,2.0,2.0,4.0,-2.0,3.0,-1.0,4.0,1.0,0.0,1.0,0.0,0.0,0.0,72.7,9.1,0.0,72.7,17.0,12.0,20.0,15.0,1731.9,1433.0
2026-01-24,2025,Fulham,Brighton,2,1,H,O,2.54,3.42,2.71,4,5,6,6,12,2.0,0.0,0.0,1.0,5.0,4.0,1.0,3.0,5.0,-2.0,2.0,-1.0,3.0,0.0,0.0,0.0,0.0,0.0,0.0,54.5,27.3,18.2,45.5,8.0,12.0,6.0,9.0,1565.8,1601.6
2026-01-24,2025,Burnley,Tottenham,2,2,D,O,3.64,3.39,2.05,4,11,1,3,12,0.0,1.0,1.0,1.0,3.0,3.0,0.0,5.0,3.0,2.0,-2.0,0.0,-2.0,0.0,0.0,0.0,1.0,0.0,1.0,18.2,54.5,45.5,27.3,5.0,11.0,11.0,10.0,1401.1,1508.1
2026-01-24,2025,Bournemouth,Liverpool,3,2,H,O,3.73,3.87,1.89,5,4,3,11,12,1.0,1.0,1.0,0.0,6.0,4.0,2.0,6.0,3.0,3.0,0.0,1.0,-1.0,0.0,0.0,0.0,0.0,0.0,0.0,45.5,18.2,36.4,36.4,7.0,6.0,15.0,14.0,1556.9,1699.1
2026-01-19,2025,Brighton,Bournemouth,1,1,D,U,1.85,3.92,3.75,5,2,11,6,11,1.0,0.0,0.0,1.0,3.0,7.0,-4.0,1.0,10.0,-9.0,2.0,-3.0,5.0,1.0,0.0,1.0,0.0,1.0,-1.0,50.0,10.0,10.0,50.0,12.0,25.0,17.0,22.0,1603.0,1555.5
2026-01-18,2025,Wolves,Newcastle,0,0,D,U,4.6,3.98,1.7,2,2,4,7,11,1.0,1.0,2.0,2.0,4.0,3.0,1.0,6.0,3.0,3.0,-2.0,0.0,-2.0,1.0,1.0,0.0,2.0,0.0,2.0,10.0,80.0,20.0,50.0,12.0,14.0,10.0,21.0,1428.0,1622.5
2026-01-18,2025,Aston Villa,Everton,0,1,A,U,1.66,3.87,5.09,5,3,6,4,11,3.0,1.0,0.0,1.0,7.0,2.0,5.0,3.0,2.0,1.0,4.0,0.0,4.0,1.0,1.0,0.0,0.0,1.0,-1.0,80.0,10.0,40.0,40.0,14.0,11.0,12.0,14.0,1697.7,1564.8
2026-01-17,2025,Tottenham,West Ham,1,2,A,O,1.71,3.91,4.63,6,4,11,5,11,1.0,0.0,1.0,2.0,4.0,1.0,3.0,3.0,7.0,-4.0,1.0,-6.0,7.0,1.0,0.0,1.0,0.0,2.0,-2.0,20.0,50.0,10.0,50.0,16.0,8.0,12.0,13.0,1519.7,1462.1
2026-01-17,2025,Sunderland,Crystal Palace,2,1,H,O,2.69,3.15,2.74,7,2,3,4,11,1.0,1.0,0.0,2.0,2.0,3.0,-1.0,1.0,7.0,-6.0,1.0,-4.0,5.0,0.0,0.0,0.0,0.0,2.0,-2.0,50.0,0.0,50.0,40.0,8.0,9.0,9.0,15.0,1477.3,1581.7
2026-01-17,2025,Nott'm Forest,Arsenal,0,0,D,U,6.1,4.16,1.54,0,3,4,9,11,1.0,2.0,2.0,1.0,4.0,5.0,-1.0,4.0,4.0,0.0,0.0,1.0,-1.0,1.0,0.0,1.0,1.0,0.0,1.0,30.0,60.0,60.0,20.0,14.0,16.0,17.0,11.0,1528.1,1778.1
2026-01-17,2025,Man United,Man City,2,0,H,U,3.55,3.87,1.94,7,1,1,6,11,1.0,2.0,0.0,0.0,6.0,5.0,1.0,5.0,1.0,4.0,1.0,4.0,-3.0,0.0,1.0,-1.0,0.0,0.0,0.0,50.0,20.0,50.0,30.0,19.0,15.0,15.0,12.0,1567.7,1746.7
2026-01-17,2025,Liverpool,Burnley,1,1,D,U,1.22,6.4,12.44,11,1,9,1,11,2.0,0.0,0.0,2.0,4.0,2.0,2.0,1.0,5.0,-4.0,3.0,-3.0,6.0,1.0,0.0,1.0,0.0,1.0,-1.0,60.0,20.0,10.0,80.0,12.0,7.0,16.0,16.0,1706.3,1393.9
2026-01-17,2025,Leeds,Fulham,1,0,H,U,2.17,3.33,3.41,5,1,7,3,11,1.0,2.0,0.0,0.0,8.0,5.0,3.0,5.0,3.0,2.0,3.0,2.0,1.0,1.0,0.0,1.0,0.0,0.0,0.0,40.0,20.0,30.0,50.0,16.0,13.0,20.0,11.0,1474.4,1578.7
2026-01-17,2025,Chelsea,Brentford,2,0,H,U,1.69,3.97,4.75,2,5,3,9,11,1.0,2.0,1.0,1.0,5.0,6.0,-1.0,4.0,4.0,0.0,1.0,2.0,-1.0,1.0,2.0,-1.0,0.0,1.0,-1.0,40.0,30.0,30.0,70.0,11.0,14.0,22.0,15.0,1631.1,1590.1
2026-01-08,2025,Arsenal,Liverpool,0,0,D,U,1.6,4.11,5.25,4,0,3,0,11,3.0,1.0,0.0,0.0,8.0,7.0,1.0,3.0,6.0,-3.0,5.0,1.0,4.0,1.0,0.0,1.0,0.0,0.0,0.0,90.0,0.0,40.0,40.0,15.0,13.0,18.0,18.0,1780.3,1704.1
2026-01-07,2025,Newcastle,Leeds,4,3,H,O,1.67,3.87,5.02,8,6,8,4,11,2.0,0.0,0.0,0.0,6.0,2.0,4.0,3.0,2.0,1.0,3.0,0.0,3.0,1.0,0.0,1.0,0.0,0.0,0.0,60.0,20.0,10.0,60.0,19.0,12.0,23.0,15.0,1616.2,1480.6
2026-01-07,2025,Man City,Brighton,1,1,D,U,1.37,5.23,7.27,6,3,6,2,11,2.0,0.0,0.0,2.0,7.0,3.0,4.0,1.0,6.0,-5.0,6.0,-3.0,9.0,2.0,0.0,2.0,0.0,1.0,-1.0,80.0,10.0,20.0,50.0,17.0,10.0,20.0,9.0,1750.8,1598.8
2026-01-07,2025,Fulham,Chelsea,2,1,H,O,3.38,3.59,2.07,5,6,2,11,11,1.0,0.0,1.0,0.0,4.0,3.0,1.0,4.0,3.0,1.0,0.0,0.0,0.0,0.0,0.0,0.0,0.0,0.0,0.0,50.0,30.0,40.0,20.0,7.0,11.0,10.0,6.0,1566.5,1643.3
2026-01-07,2025,Everton,Wolves,1,1,D,U,1.76,3.55,4.85,2,4,2,7,11,1.0,0.0,2.0,2.0,5.0,3.0,2.0,5.0,5.0,0.0,0.0,-2.0,2.0,1.0,0.0,1.0,1.0,0.0,1.0,40.0,40.0,0.0,80.0,12.0,10.0,12.0,8.0,1568.7,1424.0
2026-01-07,2025,Crystal Palace,Aston Villa,0,0,D,U,3.08,3.36,2.31,5,3,3,5,11,0.0,2.0,2.0,1.0,1.0,6.0,-5.0,5.0,7.0,-2.0,-4.0,-1.0,-3.0,0.0,0.0,0.0,1.0,1.0,0.0,20.0,30.0,50.0,30.0,8.0,15.0,11.0,13.0,1578.3,1701.1
2026-01-07,2025,Burnley,Man United,2,2,D,O,4.68,3.95,1.7,1,10,2,6,11,0.0,1.0,2.0,1.0,3.0,6.0,-3.0,6.0,4.0,2.0,-3.0,2.0,-5.0,0.0,1.0,-1.0,1.0,0.0,1.0,20.0,60.0,30.0,30.0,12.0,18.0,19.0,18.0,1389.1,1572.6
2026-01-07,2025,Brentford,Sunderland,3,0,H,O,1.83,3.56,4.36,6,3,7,4,11,1.0,0.0,0.0,1.0,5.0,1.0,4.0,2.0,4.0,-2.0,3.0,-3.0,6.0,1.0,0.0,1.0,0.0,1.0,-1.0,60.0,10.0,20.0,40.0,11.0,10.0,5.0,14.0,1582.8,1484.5
2026-01-07,2025,Bournemouth,Tottenham,3,2,H,O,2.11,3.62,3.27,3,4,3,7,11,0.0,1.0,1.0,1.0,3.0,1.0,2.0,4.0,3.0,1.0,-1.0,-2.0,1.0,0.0,0.0,0.0,0.0,1.0,-1.0,40.0,20.0,50.0,20.0,9.0,8.0,17.0,6.0,1546.0,1529.2
2026-01-06,2025,West Ham,Nott'm Forest,1,2,A,O,3.1,3.33,2.3,3,5,6,5,11,0.0,0.0,2.0,3.0,4.0,1.0,3.0,6.0,7.0,-1.0,-2.0,-6.0,4.0,0.0,0.0,0.0,0.0,2.0,-2.0,20.0,70.0,20.0,60.0,9.0,10.0,15.0,12.0,1470.7,1519.5
2026-01-04,2025,Tottenham,Sunderland,1,1,D,U,1.8,3.65,4.37,5,3,3,5,10,1.0,0.0,2.0,1.0,4.0,1.0,3.0,4.0,4.0,0.0,0.0,-3.0,3.0,1.0,0.0,1.0,0.0,1.0,-1.0,22.2,55.6,22.2,44.4,13.0,13.0,17.0,12.0,1530.6,1483.1
2026-01-04,2025,Newcastle,Crystal Palace,2,0,H,U,1.67,3.92,4.89,7,1,8,6,10,1.0,2.0,0.0,1.0,6.0,4.0,2.0,5.0,5.0,0.0,1.0,-1.0,2.0,0.0,0.0,0.0,0.0,1.0,-1.0,55.6,22.2,55.6,33.3,19.0,11.0,26.0,13.0,1606.7,1587.8
2026-01-04,2025,Man City,Chelsea,1,1,D,U,1.63,4.39,4.66,3,3,8,2,10,3.0,0.0,0.0,1.0,9.0,3.0,6.0,2.0,5.0,-3.0,7.0,-2.0,9.0,2.0,0.0,2.0,0.0,1.0,-1.0,88.9,11.1,44.4,22.2,23.0,10.0,20.0,6.0,1753.9,1640.1
2026-01-04,2025,Leeds,Man United,1,1,D,U,2.68,3.44,2.56,3,2,6,4,10,2.0,2.0,0.0,1.0,10.0,7.0,3.0,5.0,4.0,1.0,5.0,3.0,2.0,2.0,1.0,1.0,0.0,0.0,0.0,44.4,22.2,33.3,33.3,18.0,22.0,18.0,18.0,1477.9,1575.3
2026-01-04,2025,Fulham,Liverpool,2,2,D,O,3.74,3.68,1.92,2,2,3,8,10,1.0,2.0,2.0,0.0,6.0,7.0,-1.0,7.0,4.0,3.0,-1.0,3.0,-4.0,0.0,1.0,-1.0,0.0,0.0,0.0,55.6,33.3,44.4,44.4,11.0,16.0,14.0,12.0,1562.6,1708.1
2026-01-04,2025,Everton,Brentford,2,4,A,O,2.36,3.19,3.1,6,7,4,5,10,1.0,1.0,2.0,2.0,4.0,2.0,2.0,5.0,4.0,1.0,-1.0,-2.0,1.0,1.0,1.0,0.0,1.0,2.0,-1.0,44.4,33.3,22.2,77.8,8.0,8.0,16.0,18.0,1578.9,1572.6
2026-01-03,2025,Wolves,West Ham,3,0,H,O,2.48,3.37,2.82,8,0,6,7,10,0.0,0.0,3.0,1.0,1.0,2.0,-1.0,7.0,5.0,2.0,-6.0,-3.0,-3.0,0.0,0.0,0.0,2.0,1.0,1.0,0.0,88.9,11.1,44.4,5.0,11.0,7.0,12.0,1412.0,1482.7
2026-01-03,2025,Brighton,Burnley,2,0,H,U,1.49,4.35,6.56,4,3,4,4,10,0.0,0.0,1.0,2.0,4.0,3.0,1.0,5.0,6.0,-1.0,-1.0,-3.0,2.0,0.0,0.0,0.0,0.0,1.0,-1.0,44.4,11.1,11.1,77.8,15.0,6.0,18.0,18.0,1594.0,1393.9
2026-01-03,2025,Bournemouth,Arsenal,2,3,A,O,6.13,4.57,1.48,3,5,7,5,10,0.0,1.0,1.0,1.0,1.0,3.0,-2.0,2.0,3.0,-1.0,-1.0,0.0,-1.0,0.0,0.0,0.0,0.0,0.0,0.0,44.4,11.1,55.6,22.2,8.0,15.0,11.0,9.0,1550.3,1776.0
2026-01-03,2025,Aston Villa,Nott'm Forest,3,1,H,O,1.76,3.74,4.54,4,5,4,4,10,3.0,1.0,0.0,2.0,5.0,1.0,4.0,2.0,4.0,-2.0,3.0,-3.0,6.0,0.0,0.0,0.0,0.0,1.0,-1.0,77.8,11.1,22.2,55.6,16.0,8.0,15.0,17.0,1695.7,1525.0
2026-01-01,2025,Sunderland,Man City,0,0,D,U,7.81,4.82,1.39,4,4,3,5,10,2.0,3.0,0.0,0.0,5.0,10.0,-5.0,3.0,5.0,-2.0,2.0,5.0,-3.0,0.0,1.0,-1.0,0.0,0.0,0.0,55.6,0.0,55.6,33.3,10.0,15.0,12.0,9.0,1476.4,1760.7
2026-01-01,2025,Liverpool,Leeds,0,0,D,U,1.53,4.41,5.83,4,2,8,3,10,2.0,0.0,0.0,1.0,5.0,4.0,1.0,2.0,5.0,-3.0,3.0,-1.0,4.0,1.0,0.0,1.0,0.0,0.0,0.0,66.7,22.2,11.1,66.7,12.0,14.0,15.0,13.0,1714.1,1471.9
2026-01-01,2025,Crystal Palace,Fulham,1,1,D,U,2.17,3.34,3.4,2,5,6,3,10,0.0,3.0,3.0,0.0,1.0,6.0,-5.0,6.0,3.0,3.0,-5.0,3.0,-8.0,0.0,0.0,0.0,1.0,0.0,1.0,22.2,33.3,33.3,55.6,9.0,11.0,9.0,10.0,1588.5,1561.8
2026-01-01,2025,Brentford,Tottenham,0,0,D,U,2.11,3.49,3.35,2,3,3,1,10,2.0,1.0,0.0,1.0,8.0,3.0,5.0,3.0,5.0,-2.0,5.0,-2.0,7.0,2.0,0.0,2.0,0.0,1.0,-1.0,66.7,11.1,55.6,22.2,13.0,7.0,7.0,13.0,1573.9,1529.3
2025-12-30,2025,West Ham,Brighton,2,2,D,O,3.41,3.67,2.04,4,6,5,5,10,0.0,1.0,3.0,2.0,2.0,3.0,-1.0,6.0,4.0,2.0,-4.0,-1.0,-3.0,0.0,1.0,-1.0,1.0,1.0,0.0,22.2,77.8,22.2,55.6,5.0,10.0,17.0,6.0,1479.5,1597.3
2025-12-30,2025,Nott'm Forest,Everton,0,2,A,U,2.12,3.21,3.7,6,3,9,2,10,1.0,1.0,2.0,1.0,4.0,1.0,3.0,4.0,2.0,2.0,0.0,-1.0,1.0,1.0,0.0,1.0,1.0,1.0,0.0,33.3,55.6,33.3,44.4,11.0,11.0,17.0,18.0,1533.9,1569.9
2025-12-30,2025,Man United,Wolves,1,1,D,U,1.37,5.06,8.09,6,4,8,4,10,1.0,0.0,0.0,3.0,6.0,2.0,4.0,5.0,5.0,0.0,1.0,-3.0,4.0,0.0,0.0,0.0,0.0,0.0,0.0,55.6,22.2,0.0,88.9,17.0,10.0,13.0,7.0,1579.9,1407.4
2025-12-30,2025,Chelsea,Bournemouth,2,2,D,O,1.51,4.56,5.81,3,6,12,3,10,1.0,0.0,1.0,2.0,4.0,7.0,-3.0,3.0,11.0,-8.0,1.0,-4.0,5.0,1.0,0.0,1.0,0.0,1.0,-1.0,44.4,33.3,11.1,55.6,12.0,25.0,13.0,22.0,1642.8,1547.6
2025-12-30,2025,Burnley,Newcastle,1,3,A,O,5.5,4.11,1.59,4,9,3,4,10,0.0,1.0,2.0,2.0,2.0,4.0,-2.0,4.0,3.0,1.0,-2.0,1.0,-3.0,0.0,1.0,-1.0,0.0,0.0,0.0,22.2,55.6,11.1,55.6,12.0,13.0,19.0,24.0,1398.6,1602.0
2025-12-30,2025,Arsenal,Aston Villa,4,1,H,O,1.43,4.68,7.02,7,3,3,3,10,3.0,3.0,0.0,0.0,6.0,9.0,-3.0,2.0,6.0,-4.0,4.0,3.0,1.0,1.0,0.0,1.0,0.0,0.0,0.0,88.9,0.0,55.6,22.2,15.0,22.0,19.0,16.0,1767.8,1703.9
2025-12-28,2025,Sunderland,Leeds,1,1,D,U,2.56,3.18,2.8,3,6,3,9,9,2.0,0.0,0.0,2.0,6.0,4.0,2.0,4.0,7.0,-3.0,2.0,-3.0,5.0,0.0,0.0,0.0,0.0,1.0,-1.0,62.5,0.0,12.5,75.0,9.0,11.0,11.0,8.0,1476.5,1471.8
2025-12-28,2025,Crystal Palace,Tottenham,0,1,A,U,2.25,3.33,3.19,2,4,3,2,9,0.0,0.0,2.0,2.0,1.0,3.0,-2.0,5.0,9.0,-4.0,-4.0,-6.0,2.0,0.0,0.0,0.0,1.0,2.0,-1.0,25.0,25.0,50.0,25.0,9.0,5.0,10.0,12.0,1600.9,1516.9
2025-12-27,2025,West Ham,Fulham,0,1,A,U,2.65,3.38,2.59,2,4,5,4,9,1.0,2.0,2.0,1.0,5.0,5.0,0.0,7.0,5.0,2.0,-2.0,0.0,-2.0,0.0,0.0,0.0,1.0,1.0,0.0,25.0,75.0,25.0,62.5,9.0,11.0,19.0,11.0,1487.6,1553.7
2025-12-27,2025,Nott'm Forest,Man City,1,2,A,O,5.21,4.24,1.59,2,5,5,5,9,2.0,2.0,1.0,1.0,6.0,9.0,-3.0,3.0,6.0,-3.0,3.0,3.0,0.0,2.0,1.0,1.0,1.0,0.0,1.0,37.5,50.0,50.0,37.5,15.0,14.0,18.0,13.0,1538.4,1756.2
2025-12-27,2025,Liverpool,Wolves,2,1,H,O,1.24,6.31,11.25,4,4,6,4,9,1.0,0.0,1.0,3.0,3.0,1.0,2.0,4.0,6.0,-2.0,-1.0,-5.0,4.0,1.0,0.0,1.0,1.0,1.0,0.0,62.5,25.0,0.0,87.5,12.0,6.0,17.0,4.0,1711.1,1410.4
2025-12-27,2025,Chelsea,Aston Villa,1,2,A,O,1.84,3.82,3.97,3,8,6,7,9,2.0,3.0,0.0,0.0,6.0,9.0,-3.0,1.0,6.0,-5.0,5.0,3.0,2.0,2.0,0.0,2.0,0.0,0.0,0.0,50.0,25.0,50.0,25.0,17.0,17.0,17.0,12.0,1651.6,1695.1
2025-12-27,2025,Burnley,Everton,0,0,D,U,4.03,3.33,1.96,0,6,6,5,9,0.0,2.0,3.0,1.0,2.0,2.0,0.0,6.0,2.0,4.0,-4.0,0.0,-4.0,0.0,0.0,0.0,1.0,1.0,0.0,25.0,62.5,37.5,50.0,14.0,6.0,14.0,14.0,1393.9,1574.7
2025-12-27,2025,Brentford,Bournemouth,4,1,H,O,2.25,3.57,2.98,7,10,2,15,9,2.0,0.0,0.0,2.0,7.0,6.0,1.0,3.0,11.0,-8.0,4.0,-5.0,9.0,2.0,0.0,2.0,0.0,1.0,-1.0,62.5,12.5,12.5,50.0,13.0,19.0,11.0,16.0,1564.1,1557.4
2025-12-27,2025,Arsenal,Brighton,2,1,H,O,1.41,4.73,7.34,6,3,7,2,9,3.0,1.0,0.0,1.0,8.0,2.0,6.0,2.0,2.0,0.0,6.0,0.0,6.0,2.0,1.0,1.0,0.0,1.0,-1.0,87.5,0.0,25.0,50.0,17.0,10.0,16.0,12.0,1762.1,1603.0
2025-12-26,2025,Man United,Newcastle,1,0,H,U,2.47,3.58,2.67,4,3,2,11,9,0.0,1.0,1.0,2.0,5.0,5.0,0.0,6.0,5.0,1.0,-1.0,0.0,-1.0,0.0,1.0,-1.0,0.0,1.0,-1.0,50.0,25.0,12.5,50.0,19.0,11.0,20.0,15.0,1568.6,1613.3
2025-12-22,2025,Fulham,Nott'm Forest,1,0,H,U,2.42,3.27,2.93,1,2,1,5,9,1.0,2.0,2.0,1.0,6.0,4.0,2.0,7.0,3.0,4.0,-1.0,1.0,-2.0,0.0,1.0,-1.0,0.0,1.0,-1.0,50.0,37.5,25.0,50.0,16.0,13.0,20.0,18.0,1543.5,1548.5
2025-12-21,2025,Aston Villa,Man United,2,1,H,O,2.1,3.64,3.26,4,6,5,5,9,3.0,2.0,0.0,0.0,7.0,8.0,-1.0,1.0,4.0,-3.0,6.0,4.0,2.0,1.0,1.0,0.0,0.0,0.0,0.0,75.0,12.5,37.5,25.0,20.0,18.0,16.0,16.0,1688.2,1575.5
2025-12-20,2025,Wolves,Brentford,0,2,A,U,3.59,3.48,2.05,2,6,3,4,9,0.0,0.0,3.0,3.0,1.0,1.0,0.0,7.0,6.0,1.0,-6.0,-5.0,-1.0,0.0,0.0,0.0,2.0,2.0,0.0,0.0,87.5,12.5,87.5,4.0,6.0,5.0,18.0,1416.6,1558.0
2025-12-20,2025,Tottenham,Liverpool,1,2,A,O,3.36,3.71,2.02,4,4,2,6,9,1.0,1.0,1.0,1.0,5.0,5.0,0.0,4.0,6.0,-2.0,1.0,-1.0,2.0,1.0,1.0,0.0,0.0,1.0,-1.0,25.0,50.0,37.5,50.0,13.0,13.0,20.0,13.0,1522.1,1705.9
2025-12-20,2025,Newcastle,Chelsea,2,2,D,O,2.73,3.51,2.47,5,4,6,4,9,2.0,1.0,0.0,1.0,6.0,3.0,3.0,4.0,3.0,1.0,2.0,0.0,2.0,0.0,1.0,-1.0,0.0,1.0,-1.0,62.5,25.0,50.0,25.0,19.0,11.0,25.0,11.0,1612.1,1652.7
2025-12-20,2025,Man City,West Ham,3,0,H,O,1.2,7.36,11.88,8,3,6,0,9,3.0,0.0,0.0,0.0,9.0,4.0,5.0,2.0,4.0,-2.0,7.0,0.0,7.0,2.0,0.0,2.0,0.0,0.0,0.0,87.5,12.5,12.5,37.5,21.0,10.0,21.0,14.0,1752.6,1491.2
2025-12-20,2025,Leeds,Crystal Palace,4,1,H,O,2.6,3.25,2.76,8,3,9,5,9,1.0,3.0,1.0,0.0,7.0,5.0,2.0,6.0,1.0,5.0,1.0,4.0,-3.0,1.0,1.0,0.0,0.0,0.0,0.0,37.5,25.0,62.5,25.0,15.0,12.0,12.0,12.0,1457.5,1615.1
2025-12-20,2025,Everton,Arsenal,0,1,A,U,6.03,3.89,1.57,1,2,2,3,9,2.0,0.0,1.0,1.0,6.0,4.0,2.0,4.0,5.0,-1.0,2.0,-1.0,3.0,2.0,0.0,2.0,1.0,0.0,1.0,50.0,25.0,50.0,25.0,12.0,20.0,21.0,8.0,1580.0,1756.8
2025-12-20,2025,Brighton,Sunderland,0,0,D,U,1.65,3.95,5.16,4,6,3,4,9,1.0,0.0,1.0,2.0,6.0,1.0,5.0,6.0,5.0,1.0,0.0,-4.0,4.0,0.0,0.0,0.0,0.0,1.0,-1.0,50.0,12.5,25.0,50.0,16.0,9.0,22.0,12.0,1606.7,1472.9
2025-12-20,2025,Bournemouth,Burnley,1,1,D,U,1.47,4.44,6.59,1,1,5,3,9,0.0,0.0,1.0,3.0,2.0,4.0,-2.0,3.0,8.0,-5.0,-1.0,-4.0,3.0,0.0,0.0,0.0,0.0,1.0,-1.0,50.0,12.5,12.5,87.5,17.0,12.0,15.0,19.0,1562.0,1389.3
2025-12-15,2025,Man United,Bournemouth,4,4,D,O,1.82,3.98,3.84,9,9,5,4,8,1.0,0.0,1.0,3.0,5.0,3.0,2.0,4.0,10.0,-6.0,1.0,-7.0,8.0,1.0,0.0,1.0,0.0,2.0,-2.0,57.1,28.6,14.3,57.1,19.0,15.0,16.0,16.0,1575.9,1561.6
2025-12-14,2025,West Ham,Aston Villa,2,3,A,O,3.63,3.51,2.0,3,4,5,3,8,2.0,2.0,1.0,1.0,6.0,6.0,0.0,5.0,6.0,-1.0,1.0,0.0,1.0,1.0,0.0,1.0,1.0,1.0,0.0,28.6,71.4,42.9,28.6,15.0,16.0,21.0,13.0,1496.3,1683.2
2025-12-14,2025,Sunderland,Newcastle,1,0,H,U,3.26,3.33,2.22,1,2,3,6,8,1.0,1.0,0.0,2.0,6.0,6.0,0.0,5.0,7.0,-2.0,1.0,-1.0,2.0,0.0,1.0,-1.0,0.0,2.0,-2.0,57.1,0.0,14.3,42.9,11.0,13.0,12.0,15.0,1458.4,1626.6
2025-12-14,2025,Nott'm Forest,Tottenham,3,0,H,O,2.55,3.28,2.76,6,1,3,3,8,1.0,1.0,1.0,1.0,5.0,6.0,-1.0,5.0,6.0,-1.0,0.0,0.0,0.0,1.0,1.0,0.0,1.0,1.0,0.0,28.6,57.1,57.1,14.3,12.0,8.0,23.0,17.0,1538.7,1531.9
2025-12-14,2025,Crystal Palace,Man City,0,3,A,O,3.98,3.81,1.83,4,6,2,2,8,1.0,1.0,1.0,2.0,3.0,6.0,-3.0,2.0,7.0,-5.0,1.0,-1.0,2.0,1.0,0.0,1.0,0.0,0.0,0.0,28.6,14.3,42.9,42.9,7.0,12.0,14.0,17.0,1621.7,1746.0
2025-12-14,2025,Brentford,Leeds,1,1,D,U,1.94,3.54,3.85,2,4,0,3,8,3.0,0.0,0.0,3.0,9.0,3.0,6.0,4.0,9.0,-5.0,5.0,-6.0,11.0,2.0,0.0,2.0,0.0,2.0,-2.0,71.4,14.3,14.3,85.7,19.0,9.0,16.0,12.0,1560.9,1454.5
2025-12-13,2025,Liverpool,Brighton,2,0,H,U,1.67,4.17,4.62,4,1,2,2,8,1.0,1.0,1.0,1.0,3.0,4.0,-1.0,4.0,4.0,0.0,-1.0,0.0,-1.0,1.0,1.0,0.0,1.0,1.0,0.0,57.1,28.6,28.6,42.9,12.0,14.0,16.0,16.0,1698.3,1614.3
2025-12-13,2025,Chelsea,Everton,2,0,H,U,1.66,3.9,5.09,5,2,4,7,8,1.0,2.0,1.0,0.0,5.0,3.0,2.0,3.0,1.0,2.0,2.0,2.0,0.0,1.0,0.0,1.0,0.0,0.0,0.0,42.9,28.6,42.9,42.9,19.0,6.0,22.0,8.0,1644.3,1588.4
2025-12-13,2025,Burnley,Fulham,2,3,A,O,3.93,3.48,1.95,8,4,10,4,8,0.0,1.0,3.0,2.0,0.0,3.0,-3.0,5.0,5.0,0.0,-5.0,-2.0,-3.0,0.0,0.0,0.0,2.0,1.0,1.0,28.6,57.1,14.3,71.4,6.0,12.0,5.0,10.0,1395.4,1537.4
2025-12-13,2025,Arsenal,Wolves,2,1,H,O,1.12,8.62,22.31,2,2,8,0,8,3.0,0.0,0.0,3.0,7.0,0.0,7.0,1.0,7.0,-6.0,6.0,-7.0,13.0,2.0,0.0,2.0,0.0,2.0,-2.0,85.7,0.0,0.0,85.7,18.0,6.0,12.0,5.0,1754.3,1419.1
2025-12-08,2025,Wolves,Man United,1,4,A,O,4.22,3.9,1.77,2,10,1,9,8,0.0,1.0,3.0,0.0,2.0,6.0,-4.0,6.0,5.0,1.0,-4.0,1.0,-5.0,0.0,0.0,0.0,1.0,0.0,1.0,0.0,85.7,28.6,28.6,9.0,15.0,9.0,12.0,1425.2,1569.8
2025-12-07,2025,Fulham,Crystal Palace,1,2,A,O,2.57,3.27,2.77,4,5,6,4,8,2.0,2.0,1.0,1.0,8.0,3.0,5.0,5.0,1.0,4.0,3.0,2.0,1.0,1.0,1.0,0.0,0.0,0.0,0.0,57.1,28.6,57.1,28.6,18.0,8.0,24.0,11.0,1545.5,1613.6
2025-12-07,2025,Brighton,West Ham,1,1,D,U,1.55,4.32,5.63,4,5,10,6,8,2.0,0.0,1.0,1.0,8.0,4.0,4.0,5.0,5.0,0.0,3.0,-1.0,4.0,1.0,0.0,1.0,0.0,0.0,0.0,57.1,14.3,14.3,42.9,19.0,8.0,16.0,12.0,1617.8,1492.9
2025-12-06,2025,Tottenham,Brentford,2,0,H,U,2.31,3.44,3.03,7,1,7,6,8,0.0,0.0,2.0,3.0,3.0,1.0,2.0,5.0,6.0,-1.0,-2.0,-5.0,3.0,0.0,0.0,0.0,0.0,2.0,-2.0,14.3,57.1,14.3,85.7,7.0,7.0,19.0,17.0,1520.4,1572.4
2025-12-06,2025,Newcastle,Burnley,2,1,H,O,1.28,5.72,10.39,7,3,9,9,8,2.0,1.0,0.0,2.0,6.0,6.0,0.0,4.0,8.0,-4.0,2.0,-2.0,4.0,0.0,0.0,0.0,0.0,1.0,-1.0,57.1,28.6,14.3,85.7,19.0,16.0,20.0,13.0,1622.3,1399.7
2025-12-06,2025,Man City,Sunderland,3,0,H,O,1.24,6.22,11.38,6,1,6,5,8,3.0,1.0,0.0,1.0,9.0,3.0,6.0,3.0,3.0,0.0,6.0,0.0,6.0,2.0,0.0,2.0,0.0,0.0,0.0,85.7,14.3,28.6,42.9,23.0,12.0,25.0,8.0,1742.7,1461.7
2025-12-06,2025,Leeds,Liverpool,3,3,D,O,3.95,3.9,1.84,5,7,5,4,8,2.0,1.0,1.0,2.0,6.0,4.0,2.0,4.0,6.0,-2.0,2.0,-2.0,4.0,1.0,1.0,0.0,0.0,1.0,-1.0,42.9,28.6,42.9,57.1,15.0,11.0,10.0,13.0,1448.3,1704.6
2025-12-06,2025,Everton,Nott'm Forest,3,0,H,O,2.17,3.25,3.52,5,3,6,3,8,1.0,2.0,2.0,1.0,3.0,4.0,-1.0,7.0,2.0,5.0,-4.0,2.0,-6.0,1.0,1.0,0.0,2.0,1.0,1.0,42.9,28.6,28.6,42.9,9.0,14.0,24.0,19.0,1579.3,1547.8
2025-12-06,2025,Bournemouth,Chelsea,0,0,D,U,3.14,3.67,2.16,5,4,5,0,8,1.0,2.0,1.0,1.0,4.0,4.0,0.0,3.0,3.0,0.0,1.0,1.0,0.0,1.0,1.0,0.0,0.0,1.0,-1.0,57.1,14.3,57.1,28.6,17.0,16.0,16.0,16.0,1559.1,1646.8
2025-12-06,2025,Aston Villa,Arsenal,2,1,H,O,4.13,3.45,1.91,6,9,3,3,8,3.0,1.0,0.0,0.0,6.0,5.0,1.0,0.0,3.0,-3.0,6.0,2.0,4.0,1.0,1.0,0.0,0.0,0.0,0.0,71.4,14.3,57.1,14.3,17.0,19.0,18.0,11.0,1670.5,1767.0
2025-12-04,2025,Man United,West Ham,1,1,D,U,1.43,4.81,6.59,4,3,6,6,7,2.0,0.0,1.0,2.0,6.0,3.0,3.0,3.0,6.0,-3.0,3.0,-3.0,6.0,2.0,0.0,2.0,0.0,1.0,-1.0,66.7,33.3,16.7,50.0,21.0,5.0,12.0,9.0,1572.1,1490.5
2025-12-03,2025,Wolves,Nott'm Forest,0,1,A,U,3.28,3.3,2.24,1,3,3,9,7,0.0,1.0,2.0,2.0,3.0,3.0,0.0,6.0,4.0,2.0,-3.0,-1.0,-2.0,0.0,1.0,-1.0,1.0,2.0,-1.0,0.0,83.3,16.7,50.0,11.0,15.0,8.0,11.0,1432.1,1540.8
2025-12-03,2025,Liverpool,Sunderland,1,1,D,U,1.35,5.29,8.05,4,6,7,3,7,1.0,1.0,2.0,2.0,3.0,2.0,1.0,5.0,4.0,1.0,-2.0,-2.0,0.0,1.0,0.0,1.0,1.0,1.0,0.0,66.7,33.3,33.3,50.0,14.0,9.0,18.0,8.0,1710.8,1455.4
2025-12-03,2025,Leeds,Chelsea,3,1,H,O,4.31,3.87,1.78,5,2,4,2,7,1.0,3.0,2.0,0.0,4.0,6.0,-2.0,5.0,0.0,5.0,-1.0,6.0,-7.0,0.0,2.0,-2.0,0.0,0.0,0.0,33.3,33.3,66.7,16.7,14.0,20.0,10.0,16.0,1432.5,1662.6
2025-12-03,2025,Burnley,Crystal Palace,0,1,A,U,4.57,3.71,1.77,4,3,3,4,7,1.0,1.0,2.0,2.0,2.0,3.0,-1.0,4.0,3.0,1.0,-2.0,0.0,-2.0,1.0,1.0,0.0,2.0,0.0,2.0,33.3,50.0,50.0,33.3,5.0,13.0,3.0,11.0,1404.4,1608.9
2025-12-03,2025,Brighton,Aston Villa,3,4,A,O,2.15,3.48,3.33,7,10,5,6,7,3.0,2.0,0.0,1.0,7.0,4.0,3.0,2.0,4.0,-2.0,5.0,0.0,5.0,1.0,0.0,1.0,0.0,1.0,-1.0,66.7,0.0,33.3,33.3,17.0,8.0,19.0,13.0,1626.8,1661.4
2025-12-03,2025,Arsenal,Brentford,2,0,H,U,1.35,4.97,8.94,7,1,4,8,7,3.0,1.0,0.0,2.0,7.0,3.0,4.0,1.0,4.0,-3.0,6.0,-1.0,7.0,2.0,1.0,1.0,0.0,1.0,-1.0,83.3,0.0,16.7,83.3,16.0,13.0,16.0,19.0,1761.8,1577.6
2025-12-02,2025,Newcastle,Tottenham,2,2,D,O,1.8,3.78,4.24,7,2,11,8,7,3.0,2.0,0.0,1.0,6.0,6.0,0.0,2.0,5.0,-3.0,4.0,1.0,3.0,1.0,1.0,0.0,0.0,1.0,-1.0,66.7,33.3,66.7,16.7,21.0,9.0,17.0,10.0,1625.3,1517.4
2025-12-02,2025,Fulham,Man City,4,5,A,O,4.66,4.04,1.69,6,4,7,2,7,2.0,1.0,1.0,2.0,4.0,2.0,2.0,1.0,3.0,-2.0,3.0,-1.0,4.0,1.0,0.0,1.0,0.0,0.0,0.0,66.7,16.7,33.3,50.0,12.0,12.0,23.0,17.0,1550.5,1737.6
2025-12-02,2025,Bournemouth,Everton,0,1,A,U,2.2,3.29,3.38,2,3,1,6,7,2.0,1.0,0.0,1.0,7.0,2.0,5.0,3.0,3.0,0.0,4.0,-1.0,5.0,2.0,0.0,2.0,0.0,1.0,-1.0,66.7,0.0,33.3,50.0,21.0,4.0,19.0,5.0,1569.1,1569.3
2025-11-30,2025,West Ham,Liverpool,0,2,A,U,4.28,4.06,1.74,0,5,7,2,7,2.0,0.0,1.0,3.0,6.0,3.0,3.0,5.0,8.0,-3.0,1.0,-5.0,6.0,1.0,0.0,1.0,1.0,1.0,0.0,33.3,66.7,33.3,66.7,16.0,8.0,20.0,13.0,1495.1,1706.3
2025-11-30,2025,Nott'm Forest,Brighton,0,2,A,U,2.72,3.36,2.54,3,6,9,2,7,1.0,0.0,1.0,1.0,5.0,3.0,2.0,6.0,5.0,1.0,-1.0,-2.0,1.0,1.0,0.0,1.0,1.0,1.0,0.0,33.3,50.0,16.7,50.0,11.0,14.0,19.0,22.0,1548.8,1618.8
2025-11-30,2025,Crystal Palace,Man United,1,2,A,O,2.32,3.51,2.93,3,6,4,4,7,1.0,1.0,0.0,0.0,5.0,6.0,-1.0,3.0,5.0,-2.0,2.0,1.0,1.0,1.0,0.0,1.0,0.0,0.0,0.0,33.3,0.0,16.7,33.3,11.0,13.0,16.0,12.0,1620.7,1560.4
2025-11-30,2025,Chelsea,Arsenal,1,1,D,U,3.33,3.35,2.18,4,4,3,3,7,2.0,2.0,1.0,0.0,6.0,5.0,1.0,3.0,2.0,1.0,3.0,3.0,0.0,1.0,1.0,0.0,0.0,0.0,0.0,50.0,33.3,66.7,16.7,21.0,20.0,26.0,18.0,1659.7,1764.8
2025-11-30,2025,Aston Villa,Wolves,1,0,H,U,1.48,4.39,6.57,6,4,7,3,7,3.0,0.0,0.0,3.0,7.0,0.0,7.0,1.0,8.0,-7.0,6.0,-8.0,14.0,1.0,0.0,1.0,0.0,3.0,-3.0,66.7,16.7,0.0,83.3,18.0,5.0,17.0,4.0,1657.1,1436.5
2025-11-29,2025,Tottenham,Fulham,1,2,A,O,2.18,3.39,3.33,2,3,8,2,7,0.0,0.0,2.0,3.0,3.0,2.0,1.0,5.0,7.0,-2.0,-2.0,-5.0,3.0,0.0,0.0,0.0,0.0,2.0,-2.0,16.7,50.0,0.0,83.3,8.0,13.0,17.0,11.0,1527.0,1540.9
2025-11-29,2025,Sunderland,Bournemouth,3,2,H,O,3.04,3.3,2.35,6,6,6,3,7,1.0,0.0,0.0,2.0,5.0,4.0,1.0,3.0,10.0,-7.0,2.0,-6.0,8.0,1.0,0.0,1.0,0.0,2.0,-2.0,50.0,0.0,16.7,50.0,7.0,14.0,9.0,18.0,1441.6,1583.0
2025-11-29,2025,Man City,Leeds,3,2,H,O,1.23,6.42,11.78,9,4,8,1,7,3.0,0.0,0.0,3.0,8.0,1.0,7.0,1.0,8.0,-7.0,7.0,-7.0,14.0,3.0,0.0,3.0,0.0,3.0,-3.0,83.3,16.7,16.7,83.3,21.0,9.0,28.0,16.0,1734.6,1435.5
2025-11-29,2025,Everton,Newcastle,1,4,A,O,2.79,3.31,2.55,2,8,8,7,7,2.0,0.0,1.0,3.0,4.0,3.0,1.0,4.0,8.0,-4.0,0.0,-5.0,5.0,1.0,0.0,1.0,1.0,2.0,-1.0,50.0,16.7,0.0,50.0,14.0,8.0,18.0,12.0,1578.2,1616.4
2025-11-29,2025,Brentford,Burnley,3,1,H,O,1.45,4.54,6.96,4,2,5,6,7,2.0,1.0,1.0,2.0,6.0,6.0,0.0,4.0,7.0,-3.0,2.0,-1.0,3.0,1.0,0.0,1.0,0.0,0.0,0.0,66.7,16.7,16.7,83.3,16.0,16.0,14.0,11.0,1571.9,1410.1
2025-11-24,2025,Man United,Everton,0,1,A,U,1.74,3.83,4.49,6,1,9,1,6,3.0,0.0,0.0,2.0,8.0,2.0,6.0,3.0,5.0,-2.0,5.0,-3.0,8.0,2.0,0.0,2.0,0.0,1.0,-1.0,80.0,20.0,20.0,60.0,19.0,5.0,8.0,8.0,1570.5,1568.2
2025-11-23,2025,Leeds,Aston Villa,1,2,A,O,3.04,3.25,2.37,5,3,3,3,6,1.0,1.0,1.0,1.0,5.0,3.0,2.0,5.0,4.0,1.0,0.0,-1.0,1.0,0.0,0.0,0.0,0.0,1.0,-1.0,40.0,20.0,20.0,40.0,17.0,7.0,14.0,15.0,1440.0,1652.5
2025-11-23,2025,Arsenal,Tottenham,4,1,H,O,1.39,4.66,8.03,8,2,4,1,6,2.0,2.0,0.0,0.0,4.0,7.0,-3.0,1.0,3.0,-2.0,3.0,4.0,-1.0,1.0,1.0,0.0,0.0,0.0,0.0,80.0,0.0,80.0,0.0,11.0,10.0,23.0,19.0,1760.6,1531.2
2025-11-22,2025,Wolves,Crystal Palace,0,2,A,U,3.86,3.5,1.97,1,4,1,4,6,0.0,1.0,2.0,2.0,4.0,3.0,1.0,7.0,4.0,3.0,-3.0,-1.0,-2.0,0.0,0.0,0.0,1.0,0.0,1.0,0.0,80.0,40.0,40.0,16.0,12.0,11.0,15.0,1441.9,1615.3
2025-11-22,2025,Newcastle,Man City,2,1,H,O,3.54,3.75,1.98,5,4,5,9,6,2.0,1.0,1.0,1.0,5.0,2.0,3.0,3.0,2.0,1.0,2.0,0.0,2.0,1.0,0.0,1.0,0.0,0.0,0.0,60.0,40.0,40.0,40.0,19.0,11.0,19.0,10.0,1602.4,1748.6
2025-11-22,2025,Liverpool,Nott'm Forest,0,3,A,O,1.42,4.86,6.97,4,7,8,6,6,2.0,0.0,1.0,2.0,5.0,1.0,4.0,3.0,5.0,-2.0,2.0,-4.0,6.0,1.0,0.0,1.0,0.0,2.0,-2.0,80.0,20.0,0.0,60.0,13.0,16.0,15.0,10.0,1721.2,1533.9
2025-11-22,2025,Fulham,Sunderland,1,0,H,U,2.1,3.24,3.74,6,2,7,4,6,2.0,2.0,1.0,1.0,6.0,3.0,3.0,2.0,3.0,-1.0,4.0,0.0,4.0,2.0,0.0,2.0,0.0,1.0,-1.0,60.0,20.0,40.0,40.0,9.0,10.0,18.0,8.0,1533.3,1449.2
2025-11-22,2025,Burnley,Chelsea,0,2,A,U,6.56,4.45,1.48,2,5,1,9,6,1.0,2.0,1.0,1.0,3.0,5.0,-2.0,3.0,2.0,1.0,0.0,3.0,-3.0,1.0,1.0,0.0,1.0,0.0,1.0,40.0,40.0,60.0,20.0,8.0,16.0,6.0,12.0,1414.1,1655.7
2025-11-22,2025,Brighton,Brentford,2,1,H,O,1.93,3.66,3.82,5,4,7,4,6,2.0,1.0,0.0,2.0,7.0,3.0,4.0,3.0,5.0,-2.0,4.0,-2.0,6.0,1.0,1.0,0.0,0.0,2.0,-2.0,60.0,0.0,20.0,80.0,16.0,12.0,14.0,25.0,1609.6,1581.1
2025-11-22,2025,Bournemouth,West Ham,2,2,D,O,1.62,4.09,5.14,10,2,9,2,6,2.0,0.0,0.0,2.0,5.0,2.0,3.0,1.0,5.0,-4.0,4.0,-3.0,7.0,2.0,0.0,2.0,0.0,1.0,-1.0,80.0,0.0,20.0,60.0,13.0,6.0,15.0,12.0,1585.6,1492.5
2025-11-09,2025,Nott'm Forest,Leeds,3,1,H,O,2.22,3.32,3.29,6,3,6,4,6,0.0,1.0,2.0,2.0,2.0,3.0,-1.0,6.0,6.0,0.0,-4.0,-3.0,-1.0,0.0,1.0,-1.0,1.0,2.0,-1.0,20.0,60.0,20.0,80.0,11.0,10.0,20.0,12.0,1526.1,1447.8
2025-11-09,2025,Man City,Liverpool,3,0,H,O,1.88,3.92,3.72,6,1,7,7,6,3.0,0.0,0.0,3.0,10.0,4.0,6.0,2.0,7.0,-5.0,8.0,-3.0,11.0,3.0,0.0,3.0,0.0,0.0,0.0,80.0,20.0,40.0,60.0,23.0,11.0,31.0,12.0,1738.8,1731.0
2025-11-09,2025,Crystal Palace,Brighton,0,0,D,U,2.27,3.52,3.04,2,3,4,8,6,2.0,1.0,0.0,1.0,7.0,6.0,1.0,4.0,6.0,-2.0,3.0,0.0,3.0,1.0,1.0,0.0,0.0,1.0,-1.0,40.0,0.0,20.0,60.0,16.0,14.0,14.0,21.0,1615.4,1609.4
2025-11-09,2025,Brentford,Newcastle,3,1,H,O,2.84,3.4,2.45,7,1,6,2,6,2.0,0.0,1.0,2.0,6.0,2.0,4.0,4.0,5.0,-1.0,2.0,-3.0,5.0,1.0,0.0,1.0,0.0,1.0,-1.0,60.0,20.0,0.0,40.0,17.0,8.0,12.0,12.0,1569.8,1613.7
2025-11-09,2025,Aston Villa,Bournemouth,4,0,H,O,2.19,3.45,3.25,8,4,6,9,6,3.0,0.0,0.0,1.0,6.0,6.0,0.0,2.0,8.0,-6.0,4.0,-2.0,6.0,1.0,0.0,1.0,0.0,1.0,-1.0,60.0,20.0,20.0,40.0,14.0,15.0,13.0,13.0,1643.9,1594.2
2025-11-08,2025,West Ham,Burnley,3,2,H,O,1.94,3.5,3.98,6,7,7,4,6,1.0,1.0,2.0,2.0,4.0,5.0,-1.0,5.0,9.0,-4.0,-1.0,-4.0,3.0,1.0,0.0,1.0,1.0,1.0,0.0,20.0,80.0,20.0,80.0,13.0,11.0,21.0,9.0,1484.3,1422.3
2025-11-08,2025,Tottenham,Man United,2,2,D,O,2.65,3.58,2.52,4,2,5,3,6,0.0,1.0,2.0,1.0,2.0,5.0,-3.0,4.0,6.0,-2.0,-2.0,-1.0,-1.0,0.0,0.0,0.0,0.0,1.0,-1.0,20.0,60.0,20.0,40.0,7.0,17.0,22.0,11.0,1530.0,1571.7
2025-11-08,2025,Sunderland,Arsenal,2,2,D,O,8.39,4.67,1.39,2,7,2,2,6,1.0,3.0,0.0,0.0,4.0,5.0,-1.0,2.0,1.0,1.0,2.0,4.0,-2.0,1.0,1.0,0.0,0.0,0.0,0.0,60.0,0.0,80.0,20.0,9.0,20.0,13.0,28.0,1441.8,1767.9
2025-11-08,2025,Everton,Fulham,2,0,H,U,2.2,3.28,3.4,5,4,7,5,6,1.0,0.0,1.0,3.0,3.0,3.0,0.0,5.0,8.0,-3.0,-2.0,-5.0,3.0,0.0,0.0,0.0,1.0,2.0,-1.0,40.0,20.0,0.0,80.0,15.0,13.0,14.0,14.0,1558.6,1542.9
2025-11-08,2025,Chelsea,Wolves,3,0,H,O,1.36,5.06,8.27,8,0,10,1,6,1.0,0.0,2.0,2.0,4.0,1.0,3.0,6.0,6.0,0.0,-2.0,-5.0,3.0,0.0,0.0,0.0,1.0,2.0,-1.0,40.0,40.0,0.0,80.0,16.0,8.0,21.0,12.0,1651.0,1446.6
2025-11-03,2025,Sunderland,Everton,1,1,D,U,2.74,3.12,2.67,3,2,4,1,5,2.0,1.0,0.0,2.0,5.0,4.0,1.0,2.0,6.0,-4.0,3.0,-2.0,5.0,1.0,0.0,1.0,0.0,1.0,-1.0,75.0,0.0,25.0,75.0,9.0,7.0,12.0,9.0,1438.4,1562.0
2025-11-02,2025,West Ham,Newcastle,3,1,H,O,4.99,4.08,1.64,9,4,7,6,5,0.0,0.0,3.0,1.0,1.0,1.0,0.0,7.0,2.0,5.0,-6.0,-1.0,-5.0,0.0,0.0,0.0,2.0,0.0,2.0,0.0,100.0,0.0,25.0,8.0,6.0,16.0,11.0,1470.0,1627.9
2025-11-02,2025,Man City,Bournemouth,3,1,H,O,1.49,4.64,5.9,8,5,10,4,5,3.0,1.0,0.0,0.0,10.0,6.0,4.0,1.0,5.0,-4.0,9.0,1.0,8.0,3.0,0.0,3.0,0.0,0.0,0.0,75.0,25.0,25.0,25.0,21.0,16.0,23.0,17.0,1732.4,1600.6
2025-11-01,2025,Tottenham,Chelsea,0,1,A,U,2.71,3.52,2.5,1,9,6,5,5,0.0,1.0,2.0,1.0,2.0,6.0,-4.0,4.0,4.0,0.0,-2.0,2.0,-4.0,0.0,1.0,-1.0,0.0,0.0,0.0,25.0,50.0,50.0,25.0,7.0,13.0,16.0,13.0,1537.0,1643.9
2025-11-01,2025,Nott'm Forest,Man United,2,2,D,O,3.41,3.67,2.05,3,7,8,5,5,0.0,1.0,3.0,2.0,0.0,3.0,-3.0,7.0,7.0,0.0,-7.0,-4.0,-3.0,0.0,0.0,0.0,2.0,2.0,0.0,25.0,75.0,25.0,50.0,11.0,12.0,21.0,10.0,1524.8,1573.1
2025-11-01,2025,Liverpool,Aston Villa,2,0,H,U,1.63,4.32,4.81,4,3,1,4,5,2.0,1.0,1.0,0.0,4.0,3.0,1.0,3.0,2.0,1.0,1.0,1.0,0.0,0.0,0.0,0.0,0.0,0.0,0.0,75.0,25.0,25.0,25.0,12.0,5.0,17.0,14.0,1723.0,1651.9
2025-11-01,2025,Fulham,Wolves,3,0,H,O,1.84,3.46,4.51,6,2,10,1,5,2.0,0.0,1.0,2.0,4.0,1.0,3.0,2.0,4.0,-2.0,2.0,-3.0,5.0,1.0,0.0,1.0,0.0,1.0,-1.0,50.0,25.0,0.0,75.0,6.0,9.0,11.0,15.0,1535.1,1454.4
2025-11-01,2025,Crystal Palace,Brentford,2,0,H,U,1.92,3.65,3.85,2,2,6,5,5,1.0,1.0,0.0,2.0,5.0,4.0,1.0,4.0,5.0,-1.0,1.0,-1.0,2.0,0.0,1.0,-1.0,0.0,1.0,-1.0,25.0,0.0,25.0,75.0,20.0,14.0,13.0,24.0,1606.2,1579.1
2025-11-01,2025,Burnley,Arsenal,0,2,A,U,10.97,5.65,1.28,0,8,1,6,5,1.0,2.0,1.0,1.0,3.0,3.0,0.0,2.0,2.0,0.0,1.0,1.0,0.0,1.0,0.0,1.0,0.0,0.0,0.0,50.0,25.0,75.0,25.0,8.0,13.0,6.0,30.0,1424.8,1765.4
2025-11-01,2025,Brighton,Leeds,3,0,H,O,1.85,3.74,4.11,7,2,4,7,5,2.0,1.0,0.0,2.0,6.0,3.0,3.0,4.0,4.0,0.0,2.0,-1.0,3.0,0.0,1.0,-1.0,0.0,1.0,-1.0,50.0,0.0,25.0,75.0,16.0,11.0,13.0,8.0,1603.5,1453.8
2025-10-26,2025,Wolves,Burnley,2,3,A,O,1.97,3.3,4.06,7,7,5,3,5,0.0,0.0,2.0,3.0,4.0,4.0,0.0,7.0,10.0,-3.0,-3.0,-6.0,3.0,0.0,0.0,0.0,1.0,1.0,0.0,0.0,75.0,0.0,100.0,13.0,7.0,8.0,7.0,1465.9,1413.3
2025-10-26,2025,Everton,Tottenham,0,3,A,O,2.35,3.38,2.99,2,4,9,8,5,1.0,2.0,0.0,0.0,3.0,7.0,-4.0,2.0,3.0,-1.0,1.0,4.0,-3.0,0.0,1.0,-1.0,0.0,0.0,0.0,50.0,0.0,75.0,0.0,15.0,11.0,15.0,24.0,1573.4,1525.7
2025-10-26,2025,Bournemouth,Nott'm Forest,2,0,H,U,1.79,3.79,4.29,5,4,6,4,5,2.0,0.0,0.0,2.0,5.0,1.0,4.0,2.0,6.0,-4.0,3.0,-5.0,8.0,1.0,0.0,1.0,0.0,2.0,-2.0,75.0,0.0,0.0,50.0,13.0,13.0,13.0,10.0,1592.3,1533.1
2025-10-26,2025,Aston Villa,Man City,1,0,H,U,4.08,3.8,1.83,3,4,5,6,5,2.0,1.0,1.0,1.0,5.0,3.0,2.0,5.0,3.0,2.0,0.0,0.0,0.0,1.0,0.0,1.0,1.0,0.0,1.0,50.0,25.0,50.0,25.0,15.0,10.0,18.0,6.0,1638.9,1745.4
2025-10-26,2025,Arsenal,Crystal Palace,1,0,H,U,1.41,4.6,7.76,3,1,4,3,5,2.0,2.0,0.0,1.0,6.0,6.0,0.0,1.0,3.0,-2.0,5.0,3.0,2.0,2.0,1.0,1.0,0.0,0.0,0.0,75.0,0.0,50.0,25.0,13.0,15.0,27.0,13.0,1759.4,1612.2
2025-10-25,2025,Newcastle,Fulham,2,1,H,O,1.62,3.97,5.44,7,5,4,3,5,2.0,0.0,1.0,3.0,4.0,2.0,2.0,2.0,8.0,-6.0,2.0,-6.0,8.0,1.0,0.0,1.0,0.0,3.0,-3.0,50.0,50.0,0.0,75.0,16.0,11.0,25.0,15.0,1620.1,1543.0
2025-10-25,2025,Man United,Brighton,4,2,H,O,2.0,3.83,3.45,9,5,1,6,5,3.0,1.0,0.0,1.0,7.0,5.0,2.0,3.0,4.0,-1.0,4.0,1.0,3.0,1.0,1.0,0.0,0.0,0.0,0.0,75.0,25.0,25.0,50.0,16.0,11.0,14.0,19.0,1561.5,1615.0
2025-10-25,2025,Chelsea,Sunderland,1,2,A,O,1.37,4.99,8.31,7,4,9,1,5,2.0,1.0,1.0,1.0,5.0,1.0,4.0,4.0,2.0,2.0,1.0,-1.0,2.0,1.0,0.0,1.0,1.0,1.0,0.0,50.0,25.0,25.0,50.0,15.0,6.0,18.0,10.0,1659.9,1422.5
2025-10-25,2025,Brentford,Liverpool,3,2,H,O,4.28,4.13,1.73,8,5,5,4,5,1.0,1.0,1.0,2.0,5.0,3.0,2.0,4.0,4.0,0.0,1.0,-1.0,2.0,1.0,0.0,1.0,0.0,0.0,0.0,50.0,25.0,50.0,50.0,13.0,10.0,12.0,21.0,1564.4,1737.6
2025-10-24,2025,Leeds,West Ham,2,1,H,O,1.81,3.57,4.59,5,3,3,4,5,0.0,1.0,1.0,1.0,3.0,4.0,-1.0,4.0,3.0,1.0,-1.0,1.0,-2.0,0.0,1.0,-1.0,0.0,1.0,-1.0,25.0,25.0,25.0,50.0,13.0,11.0,16.0,15.0,1442.7,1481.1
2025-10-20,2025,West Ham,Brentford,0,2,A,U,2.46,3.37,2.82,1,7,6,10,4,0.0,0.0,3.0,3.0,2.0,3.0,-1.0,10.0,8.0,2.0,-8.0,-5.0,-3.0,0.0,0.0,0.0,2.0,2.0,0.0,0.0,100.0,0.0,100.0,11.0,10.0,17.0,19.0,1489.2,1556.4
2025-10-19,2025,Tottenham,Aston Villa,1,2,A,O,2.06,3.56,3.42,3,2,6,6,4,1.0,0.0,1.0,1.0,4.0,1.0,3.0,2.0,2.0,0.0,2.0,-1.0,3.0,1.0,0.0,1.0,0.0,0.0,0.0,33.3,33.3,0.0,33.3,10.0,5.0,16.0,17.0,1532.9,1631.7
2025-10-19,2025,Liverpool,Man United,1,2,A,O,1.6,4.4,4.89,6,4,9,4,4,3.0,0.0,0.0,2.0,7.0,2.0,5.0,3.0,7.0,-4.0,4.0,-5.0,9.0,1.0,0.0,1.0,0.0,2.0,-2.0,100.0,0.0,0.0,66.7,16.0,11.0,14.0,12.0,1752.9,1546.2
2025-10-18,2025,Sunderland,Wolves,2,0,H,U,2.46,3.07,3.13,2,3,3,2,4,2.0,0.0,0.0,2.0,6.0,1.0,5.0,2.0,3.0,-1.0,4.0,-2.0,6.0,1.0,0.0,1.0,0.0,0.0,0.0,66.7,0.0,0.0,66.7,12.0,7.0,14.0,16.0,1410.6,1477.8
2025-10-18,2025,Nott'm Forest,Chelsea,0,3,A,O,3.75,3.74,1.93,2,6,5,2,4,1.0,1.0,2.0,1.0,3.0,8.0,-5.0,5.0,5.0,0.0,-2.0,3.0,-5.0,1.0,1.0,0.0,1.0,0.0,1.0,33.3,66.7,33.3,33.3,14.0,14.0,21.0,16.0,1539.9,1653.0
2025-10-18,2025,Man City,Everton,2,0,H,U,1.38,4.92,7.91,7,1,11,3,4,2.0,1.0,1.0,2.0,8.0,4.0,4.0,3.0,5.0,-2.0,5.0,-1.0,6.0,2.0,0.0,2.0,1.0,0.0,1.0,66.7,33.3,33.3,66.7,18.0,7.0,19.0,8.0,1739.7,1579.1
2025-10-18,2025,Fulham,Arsenal,0,1,A,U,6.14,4.13,1.54,0,5,6,10,4,2.0,2.0,0.0,1.0,5.0,3.0,2.0,2.0,2.0,0.0,3.0,1.0,2.0,1.0,0.0,1.0,0.0,0.0,0.0,66.7,0.0,66.7,33.3,10.0,11.0,14.0,24.0,1547.6,1754.8
2025-10-18,2025,Crystal Palace,Bournemouth,3,3,D,O,2.25,3.35,3.22,7,5,6,5,4,1.0,1.0,0.0,1.0,3.0,5.0,-2.0,2.0,6.0,-4.0,1.0,-1.0,2.0,0.0,0.0,0.0,0.0,1.0,-1.0,33.3,0.0,33.3,33.3,17.0,14.0,8.0,19.0,1612.8,1591.7
2025-10-18,2025,Burnley,Leeds,2,0,H,U,3.3,3.25,2.26,3,4,1,5,4,1.0,1.0,1.0,2.0,3.0,3.0,0.0,2.0,7.0,-5.0,1.0,-4.0,5.0,1.0,1.0,0.0,0.0,1.0,-1.0,33.3,33.3,33.3,66.7,7.0,8.0,9.0,5.0,1401.8,1454.2
2025-10-18,2025,Brighton,Newcastle,2,1,H,O,2.61,3.48,2.62,5,3,8,4,4,1.0,0.0,0.0,0.0,5.0,0.0,5.0,4.0,0.0,4.0,1.0,0.0,1.0,0.0,0.0,0.0,0.0,0.0,0.0,33.3,0.0,0.0,0.0,15.0,6.0,9.0,13.0,1604.2,1630.9
2025-10-05,2025,Wolves,Brighton,1,1,D,U,3.67,3.6,1.99,3,6,2,8,4,0.0,1.0,3.0,2.0,3.0,4.0,-1.0,10.0,5.0,5.0,-7.0,-1.0,-6.0,0.0,1.0,-1.0,2.0,1.0,1.0,0.0,100.0,33.3,66.7,13.0,9.0,10.0,13.0,1474.1,1607.9
2025-10-05,2025,Newcastle,Nott'm Forest,2,0,H,U,1.58,4.21,5.46,9,4,8,1,4,1.0,0.0,2.0,1.0,4.0,2.0,2.0,5.0,5.0,0.0,-1.0,-3.0,2.0,0.0,0.0,0.0,0.0,1.0,-1.0,33.3,66.7,0.0,33.3,10.0,10.0,24.0,12.0,1623.0,1547.8
2025-10-05,2025,Everton,Crystal Palace,2,1,H,O,2.53,3.21,2.89,7,8,2,4,4,1.0,2.0,0.0,0.0,3.0,5.0,-2.0,1.0,1.0,0.0,2.0,4.0,-2.0,1.0,1.0,0.0,0.0,0.0,0.0,33.3,0.0,66.7,0.0,11.0,11.0,15.0,11.0,1567.4,1624.5
2025-10-05,2025,Brentford,Man City,0,1,A,U,4.73,4.27,1.64,1,4,3,2,4,2.0,1.0,0.0,1.0,6.0,6.0,0.0,3.0,3.0,0.0,3.0,3.0,0.0,1.0,1.0,0.0,0.0,0.0,0.0,66.7,0.0,33.3,33.3,14.0,10.0,11.0,10.0,1561.8,1734.3
2025-10-05,2025,Aston Villa,Burnley,2,1,H,O,1.59,4.0,5.76,7,2,6,4,4,1.0,0.0,1.0,3.0,3.0,3.0,0.0,4.0,11.0,-7.0,-1.0,-8.0,7.0,1.0,0.0,1.0,1.0,2.0,-1.0,33.3,33.3,0.0,100.0,11.0,9.0,15.0,8.0,1627.3,1406.2
2025-10-04,2025,Man United,Sunderland,2,0,H,U,1.5,4.55,5.98,6,3,2,3,4,2.0,1.0,1.0,1.0,5.0,1.0,4.0,4.0,2.0,2.0,1.0,-1.0,2.0,0.0,0.0,0.0,0.0,1.0,-1.0,66.7,33.3,33.3,33.3,17.0,4.0,15.0,10.0,1539.6,1417.2
2025-10-04,2025,Leeds,Tottenham,1,2,A,O,2.75,3.46,2.49,4,3,4,1,4,1.0,2.0,0.0,0.0,3.0,7.0,-4.0,2.0,2.0,0.0,1.0,5.0,-4.0,0.0,2.0,-2.0,0.0,0.0,0.0,33.3,0.0,66.7,0.0,12.0,13.0,19.0,25.0,1462.4,1524.7
2025-10-04,2025,Chelsea,Liverpool,2,1,H,O,2.87,3.7,2.28,6,2,7,2,4,1.0,2.0,1.0,1.0,3.0,5.0,-2.0,3.0,4.0,-1.0,0.0,1.0,-1.0,1.0,0.0,1.0,1.0,0.0,1.0,33.3,33.3,66.7,33.3,12.0,12.0,22.0,20.0,1639.5,1766.4
2025-10-04,2025,Arsenal,West Ham,2,0,H,U,1.19,6.83,15.25,5,0,8,3,4,2.0,1.0,0.0,1.0,9.0,4.0,5.0,1.0,4.0,-3.0,8.0,0.0,8.0,2.0,1.0,1.0,0.0,1.0,-1.0,66.7,0.0,33.3,33.3,13.0,15.0,21.0,19.0,1751.1,1492.9
2025-10-03,2025,Bournemouth,Fulham,3,1,H,O,1.97,3.5,3.85,6,4,4,3,4,2.0,0.0,0.0,2.0,3.0,2.0,1.0,1.0,6.0,-5.0,2.0,-4.0,6.0,0.0,0.0,0.0,0.0,2.0,-2.0,66.7,0.0,0.0,66.7,11.0,9.0,17.0,15.0,1582.4,1556.9
2025-09-29,2025,Everton,West Ham,1,1,D,U,1.72,3.69,4.83,6,3,3,5,3,,,,,,,,,,,,,,,,,,,,50.0,0.0,50.0,50.0,,,,,1569.7,1490.7
2025-09-28,2025,Newcastle,Arsenal,1,2,A,O,3.51,3.32,2.12,3,7,7,12,3,,,,,,,,,,,,,,,,,,,,50.0,50.0,50.0,50.0,,,,,1629.8,1744.3
2025-09-28,2025,Aston Villa,Fulham,3,1,H,O,2.29,3.19,3.3,4,4,2,8,3,,,,,,,,,,,,,,,,,,,,0.0,50.0,0.0,50.0,,,,,1618.9,1565.4
2025-09-27,2025,Tottenham,Wolves,1,1,D,U,1.47,4.57,6.38,3,3,10,9,3,,,,,,,,,,,,,,,,,,,,50.0,50.0,0.0,100.0,,,,,1526.2,1472.6
2025-09-27,2025,Nott'm Forest,Sunderland,0,1,A,U,1.77,3.67,4.64,6,3,7,4,3,,,,,,,,,,,,,,,,,,,,50.0,50.0,0.0,50.0,,,,,1562.1,1402.9
2025-09-27,2025,Man City,Burnley,5,1,H,O,1.17,7.48,15.54,8,2,10,2,3,,,,,,,,,,,,,,,,,,,,50.0,50.0,0.0,100.0,,,,,1731.6,1408.9
2025-09-27,2025,Leeds,Bournemouth,2,2,D,O,2.98,3.29,2.41,8,5,7,4,3,,,,,,,,,,,,,,,,,,,,50.0,0.0,50.0,50.0,,,,,1458.9,1585.9
2025-09-27,2025,Crystal Palace,Liverpool,2,1,H,O,3.82,3.72,1.91,7,4,2,6,3,,,,,,,,,,,,,,,,,,,,0.0,0.0,100.0,0.0,,,,,1609.9,1781.0
2025-09-27,2025,Chelsea,Brighton,1,3,A,O,1.86,3.86,3.86,3,3,5,7,3,,,,,,,,,,,,,,,,,,,,50.0,0.0,0.0,100.0,,,,,1651.1,1596.4
2025-09-27,2025,Brentford,Man United,3,1,H,O,3.4,3.77,2.02,8,6,4,2,3,,,,,,,,,,,,,,,,,,,,50.0,0.0,0.0,50.0,,,,,1551.8,1549.5
2025-09-21,2025,Sunderland,Aston Villa,1,1,D,U,3.56,3.34,2.1,4,2,6,5,3,,,,,,,,,,,,,,,,,,,,100.0,0.0,0.0,50.0,,,,,1397.2,1624.6
2025-09-21,2025,Bournemouth,Newcastle,0,0,D,U,2.44,3.45,2.78,2,1,5,2,3,,,,,,,,,,,,,,,,,,,,100.0,0.0,0.0,0.0,,,,,1584.6,1631.1
2025-09-21,2025,Arsenal,Man City,1,1,D,U,1.9,3.7,3.85,3,3,11,2,3,,,,,,,,,,,,,,,,,,,,100.0,0.0,50.0,50.0,,,,,1744.6,1731.2
2025-09-20,2025,Wolves,Leeds,1,3,A,O,2.67,3.16,2.74,6,4,4,0,3,,,,,,,,,,,,,,,,,,,,0.0,100.0,0.0,100.0,,,,,1483.6,1447.9
2025-09-20,2025,West Ham,Crystal Palace,1,2,A,O,2.98,3.36,2.37,3,3,8,8,3,,,,,,,,,,,,,,,,,,,,0.0,100.0,50.0,0.0,,,,,1497.7,1602.8
2025-09-20,2025,Man United,Chelsea,2,1,H,O,2.68,3.69,2.44,4,1,5,5,3,,,,,,,,,,,,,,,,,,,,50.0,50.0,50.0,0.0,,,,,1536.0,1664.6
2025-09-20,2025,Liverpool,Everton,2,1,H,O,1.45,4.65,6.7,3,2,5,4,3,,,,,,,,,,,,,,,,,,,,100.0,0.0,50.0,50.0,,,,,1776.2,1574.4
2025-09-20,2025,Fulham,Brentford,3,1,H,O,2.02,3.48,3.69,3,3,2,10,3,,,,,,,,,,,,,,,,,,,,50.0,0.0,0.0,100.0,,,,,1555.2,1562.0
2025-09-20,2025,Burnley,Nott'm Forest,1,1,D,U,3.36,3.37,2.18,5,8,4,5,3,,,,,,,,,,,,,,,,,,,,50.0,50.0,0.0,50.0,,,,,1404.5,1566.4
2025-09-20,2025,Brighton,Tottenham,2,2,D,O,2.25,3.61,3.0,4,3,2,10,3,,,,,,,,,,,,,,,,,,,,50.0,0.0,100.0,0.0,,,,,1598.5,1524.1
2025-09-14,2025,Man City,Man United,3,0,H,O,1.76,3.99,4.19,6,2,2,4,2,,,,,,,,,,,,,,,,,,,,0.0,100.0,0.0,0.0,,,,,1726.1,1541.1
2025-09-14,2025,Burnley,Liverpool,0,1,A,U,8.6,5.43,1.33,0,4,1,13,2,,,,,,,,,,,,,,,,,,,,100.0,0.0,100.0,0.0,,,,,1406.7,1774.1
2025-09-13,2025,West Ham,Tottenham,0,3,A,O,3.36,3.56,2.1,4,5,2,13,2,,,,,,,,,,,,,,,,,,,,0.0,100.0,100.0,0.0,,,,,1507.5,1514.3
2025-09-13,2025,Newcastle,Wolves,1,0,H,U,1.43,4.62,7.45,4,3,10,4,2,,,,,,,,,,,,,,,,,,,,0.0,100.0,0.0,100.0,,,,,1624.8,1489.9
2025-09-13,2025,Fulham,Leeds,1,0,H,U,1.96,3.51,3.89,3,3,3,3,2,,,,,,,,,,,,,,,,,,,,0.0,0.0,0.0,100.0,,,,,1547.8,1455.3
2025-09-13,2025,Everton,Aston Villa,0,0,D,U,2.44,3.27,2.95,2,1,10,3,2,,,,,,,,,,,,,,,,,,,,100.0,0.0,0.0,100.0,,,,,1572.9,1626.1
2025-09-13,2025,Crystal Palace,Sunderland,0,0,D,U,1.66,3.76,5.42,6,0,5,3,2,,,,,,,,,,,,,,,,,,,,0.0,0.0,0.0,100.0,,,,,1608.4,1391.6
2025-09-13,2025,Brentford,Chelsea,2,2,D,O,4.54,3.92,1.73,4,6,5,6,2,,,,,,,,,,,,,,,,,,,,100.0,0.0,100.0,0.0,,,,,1559.0,1667.7
2025-09-13,2025,Bournemouth,Brighton,2,1,H,O,2.38,3.5,2.87,5,2,4,4,2,,,,,,,,,,,,,,,,,,,,100.0,0.0,0.0,100.0,,,,,1573.5,1609.5
2025-09-13,2025,Arsenal,Nott'm Forest,3,0,H,O,1.38,4.85,8.16,5,1,8,4,2,,,,,,,,,,,,,,,,,,,,100.0,0.0,0.0,0.0,,,,,1739.1,1571.9
2025-08-31,2025,Nott'm Forest,West Ham,0,3,A,O,1.69,3.74,5.03,3,8,9,7,2,,,,,,,,,,,,,,,,,,,,100.0,0.0,0.0,100.0,,,,,1584.5,1495.0
2025-08-31,2025,Liverpool,Arsenal,1,0,H,U,2.2,3.49,3.17,3,1,3,8,2,,,,,,,,,,,,,,,,,,,,100.0,0.0,100.0,0.0,,,,,1764.5,1748.7
2025-08-31,2025,Brighton,Man City,2,1,H,O,3.78,3.84,1.85,7,3,3,2,2,,,,,,,,,,,,,,,,,,,,0.0,0.0,100.0,0.0,,,,,1595.6,1740.0
2025-08-31,2025,Aston Villa,Crystal Palace,0,3,A,O,1.88,3.56,4.07,4,4,10,1,2,,,,,,,,,,,,,,,,,,,,0.0,0.0,0.0,0.0,,,,,1637.3,1597.2
2025-08-30,2025,Wolves,Everton,2,3,A,O,2.66,3.19,2.74,4,4,2,2,2,,,,,,,,,,,,,,,,,,,,0.0,100.0,0.0,100.0,,,,,1498.0,1564.8
2025-08-30,2025,Tottenham,Bournemouth,0,1,A,U,1.73,4.06,4.29,1,6,0,8,2,,,,,,,,,,,,,,,,,,,,100.0,0.0,0.0,100.0,,,,,1523.1,1564.7
2025-08-30,2025,Sunderland,Brentford,2,1,H,O,2.92,3.27,2.46,3,4,3,4,2,,,,,,,,,,,,,,,,,,,,100.0,0.0,0.0,100.0,,,,,1376.5,1574.1
2025-08-30,2025,Man United,Burnley,3,2,H,O,1.35,5.15,8.28,6,3,7,1,2,,,,,,,,,,,,,,,,,,,,0.0,100.0,0.0,100.0,,,,,1534.5,1413.3
2025-08-30,2025,Leeds,Newcastle,0,0,D,U,3.37,3.49,2.12,1,2,5,5,2,,,,,,,,,,,,,,,,,,,,100.0,0.0,0.0,0.0,,,,,1450.5,1629.6
2025-08-30,2025,Chelsea,Fulham,2,0,H,U,1.55,4.35,5.6,6,3,6,4,2,,,,,,,,,,,,,,,,,,,,0.0,0.0,0.0,0.0,,,,,1660.6,1554.8
2025-08-25,2025,Newcastle,Liverpool,2,3,A,O,3.3,3.83,2.02,3,4,7,1,1,,,,,,,,,,,,,,,,,,,,,,,,,,,,1636.2,1757.9
2025-08-24,2025,Fulham,Man United,1,1,D,U,3.27,3.53,2.13,4,3,9,6,1,,,,,,,,,,,,,,,,,,,,,,,,,,,,1555.4,1533.8
2025-08-24,2025,Everton,Brighton,2,0,H,U,3.08,3.3,2.32,3,4,2,2,1,,,,,,,,,,,,,,,,,,,,,,,,,,,,1553.3,1607.1
2025-08-24,2025,Crystal Palace,Nott'm Forest,1,1,D,U,2.35,3.26,3.07,4,1,1,3,1,,,,,,,,,,,,,,,,,,,,,,,,,,,,1597.6,1584.1
2025-08-23,2025,Man City,Tottenham,0,2,A,U,1.48,4.7,6.08,4,5,7,2,1,,,,,,,,,,,,,,,,,,,,,,,,,,,,1756.2,1507.0
2025-08-23,2025,Burnley,Sunderland,2,0,H,U,2.25,3.16,3.42,2,1,4,3,1,,,,,,,,,,,,,,,,,,,,,,,,,,,,1403.8,1386.0
2025-08-23,2025,Brentford,Aston Villa,1,0,H,U,3.11,3.53,2.21,2,2,2,9,1,,,,,,,,,,,,,,,,,,,,,,,,,,,,1561.7,1649.8
2025-08-23,2025,Bournemouth,Wolves,1,0,H,U,1.79,3.88,4.24,4,1,8,3,1,,,,,,,,,,,,,,,,,,,,,,,,,,,,1556.1,1506.6
2025-08-23,2025,Arsenal,Leeds,5,0,H,O,1.27,5.93,10.61,5,1,2,2,1,,,,,,,,,,,,,,,,,,,,,,,,,,,,1745.5,1453.7
2025-08-22,2025,West Ham,Chelsea,1,5,A,O,4.68,3.88,1.71,4,7,7,5,1,,,,,,,,,,,,,,,,,,,,,,,,,,,,1500.8,1654.8
2025-08-18,2025,Leeds,Everton,1,0,H,U,2.39,3.29,2.96,3,1,7,2,1,,,,,,,,,,,,,,,,,,,,,,,,,,,,1440.2,1566.8
2025-08-17,2025,Nott'm Forest,Brentford,3,1,H,O,2.15,3.36,3.43,5,3,5,5,1,,,,,,,,,,,,,,,,,,,,,,,,,,,,1574.2,1571.6
2025-08-17,2025,Man United,Arsenal,0,1,A,U,3.57,3.56,2.01,7,3,3,4,1,,,,,,,,,,,,,,,,,,,,,,,,,,,,1538.6,1740.8
2025-08-17,2025,Chelsea,Crystal Palace,0,0,D,U,1.61,4.21,5.08,3,4,11,2,1,,,,,,,,,,,,,,,,,,,,,,,,,,,,1656.5,1595.9
2025-08-16,2025,Wolves,Man City,0,4,A,O,6.73,4.73,1.44,3,4,4,6,1,,,,,,,,,,,,,,,,,,,,,,,,,,,,1510.6,1752.2
2025-08-16,2025,Tottenham,Burnley,3,0,H,O,1.37,4.8,8.3,6,4,6,5,1,,,,,,,,,,,,,,,,,,,,,,,,,,,,1499.4,1411.4
2025-08-16,2025,Sunderland,West Ham,3,0,H,O,3.17,3.38,2.26,5,4,5,7,1,,,,,,,,,,,,,,,,,,,,,,,,,,,,1372.1,1514.7
2025-08-16,2025,Brighton,Fulham,1,1,D,U,1.92,3.62,3.91,4,2,4,3,1,,,,,,,,,,,,,,,,,,,,,,,,,,,,1608.7,1553.9
2025-08-16,2025,Aston Villa,Newcastle,0,0,D,U,2.3,3.56,2.94,3,3,3,6,1,,,,,,,,,,,,,,,,,,,,,,,,,,,,1650.2,1635.8
2025-08-15,2025,Liverpool,Bournemouth,4,2,H,O,1.31,5.96,8.31,10,3,6,7,1,,,,,,,,,,,,,,,,,,,,,,,,,,,,1752.9,1561.1
2025-05-25,2024,Wolves,Brentford,1,1,D,U,2.71,3.76,2.43,6,7,8,3,19,2.0,2.0,1.0,0.0,7.0,4.0,3.0,4.0,1.0,3.0,3.0,3.0,0.0,2.0,1.0,1.0,1.0,0.0,1.0,33.3,55.6,38.9,44.4,14.0,10.0,12.0,16.0,1508.7,1573.4
2025-05-25,2024,Tottenham,Brighton,1,4,A,O,4.23,4.43,1.71,2,8,2,11,19,1.0,1.0,2.0,2.0,4.0,5.0,-1.0,5.0,6.0,-1.0,-1.0,-1.0,0.0,1.0,1.0,0.0,1.0,1.0,0.0,33.3,50.0,38.9,33.3,15.0,10.0,15.0,16.0,1506.8,1601.3
2025-05-25,2024,Southampton,Arsenal,1,2,A,O,9.45,5.83,1.29,2,8,5,8,19,0.0,1.0,2.0,0.0,1.0,7.0,-6.0,5.0,3.0,2.0,-4.0,4.0,-8.0,0.0,1.0,-1.0,1.0,0.0,1.0,5.6,77.8,44.4,11.1,5.0,19.0,3.0,21.0,1328.6,1739.0
2025-05-25,2024,Nott'm Forest,Chelsea,0,1,A,U,3.09,3.72,2.2,2,2,7,4,19,0.0,1.0,2.0,1.0,2.0,2.0,0.0,5.0,3.0,2.0,-3.0,-1.0,-2.0,0.0,0.0,0.0,1.0,1.0,0.0,50.0,22.2,38.9,38.9,14.0,16.0,9.0,18.0,1582.3,1648.4
2025-05-25,2024,Newcastle,Everton,0,1,A,U,1.32,5.6,8.77,6,6,12,3,19,3.0,2.0,0.0,1.0,10.0,4.0,6.0,0.0,2.0,-2.0,10.0,2.0,8.0,3.0,1.0,2.0,0.0,0.0,0.0,66.7,22.2,27.8,38.9,18.0,15.0,18.0,14.0,1648.5,1554.1
2025-05-25,2024,Man United,Aston Villa,2,0,H,U,4.37,4.16,1.73,10,1,4,3,19,0.0,2.0,2.0,1.0,0.0,5.0,-5.0,3.0,2.0,1.0,-3.0,3.0,-6.0,0.0,1.0,-1.0,1.0,0.0,1.0,33.3,50.0,44.4,44.4,9.0,16.0,22.0,16.0,1524.8,1664.0
2025-05-25,2024,Liverpool,Crystal Palace,1,1,D,U,1.4,5.65,6.27,3,5,11,0,19,2.0,1.0,0.0,1.0,9.0,4.0,5.0,4.0,7.0,-3.0,5.0,-3.0,8.0,1.0,1.0,0.0,0.0,1.0,-1.0,77.8,5.6,38.9,27.8,19.0,18.0,21.0,18.0,1757.3,1591.4
2025-05-25,2024,Ipswich,West Ham,1,3,A,O,2.99,3.85,2.21,4,6,4,0,19,0.0,1.0,3.0,2.0,1.0,5.0,-4.0,7.0,5.0,2.0,-6.0,0.0,-6.0,0.0,1.0,-1.0,1.0,0.0,1.0,5.6,72.2,27.8,44.4,6.0,12.0,9.0,9.0,1418.0,1507.2
2025-05-25,2024,Fulham,Man City,0,2,A,U,5.15,4.28,1.61,3,5,1,6,19,1.0,1.0,2.0,0.0,5.0,2.0,3.0,7.0,0.0,7.0,-2.0,2.0,-4.0,0.0,1.0,-1.0,1.0,0.0,1.0,38.9,33.3,38.9,33.3,13.0,17.0,15.0,23.0,1558.9,1747.2
2025-05-25,2024,Bournemouth,Leicester,2,0,H,U,1.33,5.61,8.35,7,0,6,1,19,1.0,0.0,1.0,1.0,2.0,4.0,-2.0,2.0,7.0,-5.0,0.0,-3.0,3.0,0.0,0.0,0.0,0.0,1.0,-1.0,38.9,38.9,11.1,66.7,8.0,14.0,21.0,12.0,1554.8,1420.8
2025-05-20,2024,Man City,Bournemouth,3,1,H,O,1.55,4.51,5.49,5,2,3,1,19,3.0,1.0,0.0,0.0,8.0,4.0,4.0,3.0,3.0,0.0,5.0,1.0,4.0,1.0,0.0,1.0,0.0,0.0,0.0,66.7,16.7,38.9,22.2,17.0,10.0,15.0,14.0,1742.0,1560.0
2025-05-20,2024,Crystal Palace,Wolves,4,2,H,O,2.27,3.32,3.26,10,3,0,10,19,1.0,2.0,0.0,1.0,3.0,3.0,0.0,2.0,2.0,0.0,1.0,1.0,0.0,0.0,0.0,0.0,0.0,0.0,0.0,27.8,33.3,33.3,50.0,6.0,10.0,14.0,15.0,1583.3,1516.8
2025-05-19,2024,Brighton,Liverpool,3,2,H,O,2.63,3.82,2.46,12,5,3,3,19,1.0,1.0,0.0,2.0,6.0,4.0,2.0,5.0,6.0,-1.0,1.0,-2.0,3.0,0.0,0.0,0.0,0.0,1.0,-1.0,38.9,16.7,61.1,11.1,18.0,18.0,12.0,23.0,1586.4,1772.2
2025-05-18,2024,West Ham,Nott'm Forest,1,2,A,O,2.8,3.4,2.53,5,5,8,7,19,0.0,1.0,0.0,1.0,4.0,4.0,0.0,4.0,4.0,0.0,0.0,0.0,0.0,0.0,0.0,0.0,0.0,0.0,0.0,27.8,44.4,50.0,33.3,9.0,10.0,7.0,9.0,1515.6,1573.9
2025-05-18,2024,Leicester,Ipswich,2,0,H,U,2.33,3.59,2.94,3,2,2,2,19,1.0,0.0,2.0,1.0,2.0,4.0,-2.0,4.0,7.0,-3.0,-2.0,-3.0,1.0,1.0,0.0,1.0,1.0,1.0,0.0,16.7,66.7,16.7,50.0,6.0,9.0,20.0,9.0,1410.2,1428.5
2025-05-18,2024,Everton,Southampton,2,0,H,U,1.4,4.79,7.93,5,2,4,5,19,0.0,0.0,1.0,2.0,3.0,2.0,1.0,5.0,6.0,-1.0,-2.0,-4.0,2.0,0.0,0.0,0.0,1.0,2.0,-1.0,22.2,27.8,5.6,77.8,8.0,10.0,8.0,13.0,1549.7,1333.1
2025-05-18,2024,Brentford,Fulham,2,3,A,O,1.93,3.9,3.64,6,7,5,3,19,2.0,1.0,0.0,2.0,8.0,2.0,6.0,5.0,3.0,2.0,3.0,-1.0,4.0,1.0,0.0,1.0,0.0,0.0,0.0,50.0,27.8,38.9,38.9,16.0,15.0,14.0,25.0,1584.5,1547.9
2025-05-18,2024,Arsenal,Newcastle,1,0,H,U,2.01,3.59,3.7,4,5,10,7,19,0.0,1.0,1.0,1.0,4.0,5.0,-1.0,5.0,5.0,0.0,-1.0,0.0,-1.0,0.0,1.0,-1.0,0.0,1.0,-1.0,55.6,11.1,44.4,33.3,13.0,13.0,18.0,13.0,1731.2,1656.3
2025-05-16,2024,Chelsea,Man United,1,0,H,U,1.46,4.9,6.51,3,1,7,2,19,2.0,0.0,0.0,2.0,6.0,5.0,1.0,3.0,9.0,-6.0,3.0,-4.0,7.0,1.0,0.0,1.0,0.0,1.0,-1.0,61.1,11.1,22.2,44.4,23.0,16.0,28.0,16.0,1641.4,1531.7
2025-05-16,2024,Aston Villa,Tottenham,2,0,H,U,1.32,5.95,8.45,7,1,9,1,19,3.0,0.0,0.0,2.0,7.0,4.0,3.0,2.0,10.0,-8.0,5.0,-6.0,11.0,1.0,0.0,1.0,0.0,2.0,-2.0,55.6,5.6,27.8,61.1,20.0,9.0,16.0,9.0,1657.9,1512.8
2025-05-11,2024,Tottenham,Crystal Palace,0,2,A,U,2.65,3.68,2.5,1,10,4,8,18,1.0,0.0,1.0,2.0,6.0,4.0,2.0,5.0,12.0,-7.0,1.0,-8.0,9.0,1.0,0.0,1.0,0.0,2.0,-2.0,35.3,47.1,35.3,29.4,18.0,11.0,14.0,14.0,1521.3,1574.9
2025-05-11,2024,Nott'm Forest,Leicester,2,2,D,O,1.33,5.34,8.83,4,6,4,4,18,1.0,0.0,2.0,2.0,1.0,2.0,-1.0,3.0,7.0,-4.0,-2.0,-5.0,3.0,0.0,0.0,0.0,1.0,2.0,-1.0,52.9,23.5,11.8,70.6,12.0,8.0,8.0,8.0,1578.5,1405.6
2025-05-11,2024,Newcastle,Chelsea,2,0,H,U,2.13,3.76,3.18,6,3,2,8,18,3.0,1.0,0.0,1.0,12.0,2.0,10.0,1.0,2.0,-1.0,11.0,0.0,11.0,3.0,0.0,3.0,0.0,0.0,0.0,64.7,23.5,41.2,35.3,18.0,15.0,23.0,14.0,1646.2,1651.6
2025-05-11,2024,Man United,West Ham,0,2,A,U,1.92,3.72,3.83,5,4,8,5,18,0.0,0.0,1.0,3.0,1.0,3.0,-2.0,2.0,6.0,-4.0,-1.0,-3.0,2.0,0.0,0.0,0.0,0.0,0.0,0.0,35.3,47.1,23.5,47.1,10.0,9.0,16.0,6.0,1542.8,1504.5
2025-05-11,2024,Liverpool,Arsenal,2,2,D,O,2.06,3.54,3.57,5,7,3,1,18,3.0,1.0,0.0,0.0,8.0,6.0,2.0,2.0,2.0,0.0,6.0,4.0,2.0,1.0,1.0,0.0,0.0,0.0,0.0,82.4,5.9,47.1,11.8,17.0,18.0,29.0,29.0,1773.5,1729.9
2025-05-10,2024,Wolves,Brighton,0,2,A,U,2.73,3.47,2.54,3,2,7,4,18,3.0,0.0,0.0,2.0,8.0,5.0,3.0,2.0,8.0,-6.0,6.0,-3.0,9.0,2.0,0.0,2.0,0.0,1.0,-1.0,35.3,52.9,35.3,35.3,13.0,11.0,6.0,17.0,1525.3,1577.9
2025-05-10,2024,Southampton,Man City,0,0,D,U,13.37,7.58,1.19,0,5,1,15,18,0.0,1.0,2.0,1.0,2.0,2.0,0.0,6.0,1.0,5.0,-4.0,1.0,-5.0,0.0,1.0,-1.0,1.0,0.0,1.0,5.9,82.4,41.2,35.3,7.0,15.0,4.0,10.0,1324.6,1750.4
2025-05-10,2024,Ipswich,Brentford,0,1,A,U,4.94,4.2,1.65,4,5,5,6,18,0.0,1.0,3.0,1.0,3.0,4.0,-1.0,10.0,3.0,7.0,-7.0,1.0,-8.0,0.0,1.0,-1.0,2.0,0.0,2.0,5.9,70.6,35.3,47.1,6.0,8.0,10.0,15.0,1434.6,1578.4
2025-05-10,2024,Fulham,Everton,1,3,A,O,1.87,3.55,4.32,6,7,5,5,18,2.0,1.0,1.0,2.0,6.0,1.0,5.0,4.0,2.0,2.0,2.0,-1.0,3.0,1.0,0.0,1.0,0.0,0.0,0.0,41.2,29.4,23.5,41.2,11.0,8.0,16.0,14.0,1558.4,1539.1
2025-05-10,2024,Bournemouth,Aston Villa,0,1,A,U,2.45,3.68,2.71,4,3,10,0,18,1.0,2.0,1.0,1.0,3.0,7.0,-4.0,3.0,2.0,1.0,0.0,5.0,-5.0,0.0,2.0,-2.0,0.0,0.0,0.0,41.2,35.3,41.2,47.1,11.0,18.0,19.0,16.0,1567.7,1650.3
2025-05-05,2024,Crystal Palace,Nott'm Forest,1,1,D,U,2.29,3.38,3.15,3,4,7,4,18,2.0,2.0,0.0,1.0,3.0,7.0,-4.0,1.0,5.0,-4.0,2.0,2.0,0.0,0.0,1.0,-1.0,0.0,0.0,0.0,29.4,35.3,52.9,35.3,7.0,12.0,12.0,8.0,1574.7,1578.7
2025-05-04,2024,West Ham,Tottenham,1,1,D,U,2.1,3.73,3.31,2,2,1,3,18,0.0,0.0,1.0,3.0,3.0,3.0,0.0,4.0,10.0,-6.0,-1.0,-7.0,6.0,0.0,0.0,0.0,0.0,2.0,-2.0,29.4,47.1,29.4,64.7,9.0,9.0,9.0,12.0,1504.0,1521.8
2025-05-04,2024,Chelsea,Liverpool,3,1,H,O,2.18,3.71,3.14,7,2,3,6,18,2.0,2.0,0.0,1.0,4.0,5.0,-1.0,2.0,3.0,-1.0,2.0,2.0,0.0,0.0,1.0,-1.0,0.0,0.0,0.0,58.8,11.8,64.7,5.9,21.0,20.0,29.0,22.0,1637.5,1787.5
2025-05-04,2024,Brighton,Newcastle,1,1,D,U,2.86,3.77,2.31,2,5,1,4,18,1.0,2.0,1.0,1.0,5.0,5.0,0.0,7.0,4.0,3.0,-2.0,1.0,-3.0,0.0,1.0,-1.0,1.0,1.0,0.0,41.2,17.6,47.1,35.3,20.0,11.0,15.0,13.0,1575.9,1648.2
2025-05-04,2024,Brentford,Man United,4,3,H,O,1.67,4.14,4.74,6,5,7,4,18,1.0,0.0,1.0,2.0,4.0,2.0,2.0,3.0,6.0,-3.0,1.0,-4.0,5.0,1.0,0.0,1.0,0.0,1.0,-1.0,47.1,29.4,23.5,41.2,13.0,17.0,13.0,22.0,1568.9,1552.4
2025-05-03,2024,Leicester,Southampton,2,0,H,U,2.33,3.62,2.93,4,2,7,7,18,0.0,0.0,3.0,2.0,0.0,3.0,-3.0,7.0,7.0,0.0,-7.0,-4.0,-3.0,0.0,0.0,0.0,2.0,2.0,0.0,11.8,70.6,5.9,76.5,5.0,12.0,19.0,10.0,1397.5,1332.8
2025-05-03,2024,Everton,Ipswich,2,2,D,O,1.47,4.4,7.07,3,5,3,3,18,0.0,1.0,1.0,1.0,2.0,4.0,-2.0,4.0,6.0,-2.0,-2.0,-2.0,0.0,0.0,0.0,0.0,1.0,1.0,0.0,23.5,29.4,17.6,52.9,10.0,6.0,11.0,9.0,1542.2,1431.5
2025-05-03,2024,Aston Villa,Fulham,1,0,H,U,1.79,3.88,4.32,3,3,5,3,18,3.0,1.0,0.0,2.0,8.0,3.0,5.0,3.0,4.0,-1.0,5.0,-1.0,6.0,1.0,0.0,1.0,0.0,0.0,0.0,52.9,5.9,41.2,35.3,23.0,15.0,13.0,26.0,1642.4,1566.3
2025-05-03,2024,Arsenal,Bournemouth,1,2,A,O,2.08,3.6,3.47,4,2,2,3,18,1.0,0.0,0.0,0.0,5.0,4.0,1.0,4.0,4.0,0.0,1.0,0.0,1.0,0.0,0.0,0.0,0.0,0.0,0.0,58.8,5.9,35.3,23.5,13.0,16.0,21.0,17.0,1744.9,1552.6
2025-05-02,2024,Man City,Wolves,1,0,H,U,1.4,5.14,7.49,2,1,4,5,18,3.0,3.0,0.0,0.0,9.0,5.0,4.0,3.0,2.0,1.0,6.0,3.0,3.0,2.0,0.0,2.0,0.0,0.0,0.0,64.7,17.6,35.3,47.1,20.0,12.0,16.0,11.0,1745.9,1529.8
2025-05-01,2024,Nott'm Forest,Brentford,0,2,A,U,2.17,3.55,3.27,5,3,4,5,17,2.0,1.0,1.0,1.0,2.0,4.0,-2.0,1.0,4.0,-3.0,1.0,0.0,1.0,0.0,0.0,0.0,0.0,0.0,0.0,56.2,18.8,31.2,50.0,11.0,9.0,7.0,13.0,1589.6,1558.0
2025-04-27,2024,Liverpool,Tottenham,5,1,H,O,1.25,6.57,9.98,8,3,8,2,17,3.0,0.0,0.0,3.0,6.0,2.0,4.0,2.0,7.0,-5.0,4.0,-5.0,9.0,1.0,0.0,1.0,0.0,2.0,-2.0,81.2,6.2,31.2,62.5,16.0,10.0,27.0,15.0,1783.9,1525.5
2025-04-27,2024,Bournemouth,Man United,1,1,D,U,1.67,4.13,4.77,1,6,5,10,17,1.0,1.0,2.0,2.0,3.0,4.0,-1.0,4.0,5.0,-1.0,-1.0,-1.0,0.0,0.0,1.0,-1.0,0.0,1.0,-1.0,43.8,37.5,25.0,43.8,15.0,16.0,18.0,16.0,1552.6,1552.3
2025-04-26,2024,Wolves,Leicester,3,0,H,O,1.51,4.38,6.24,6,2,4,2,17,2.0,0.0,0.0,2.0,6.0,2.0,4.0,3.0,5.0,-2.0,3.0,-3.0,6.0,1.0,0.0,1.0,0.0,1.0,-1.0,31.2,56.2,12.5,68.8,10.0,9.0,7.0,8.0,1523.1,1404.2
2025-04-26,2024,Southampton,Fulham,1,2,A,O,5.17,4.11,1.64,3,5,0,13,17,0.0,0.0,2.0,3.0,2.0,2.0,0.0,6.0,5.0,1.0,-4.0,-3.0,-1.0,0.0,0.0,0.0,1.0,0.0,1.0,6.2,81.2,37.5,37.5,7.0,11.0,9.0,20.0,1337.1,1562.0
2025-04-26,2024,Newcastle,Ipswich,3,0,H,O,1.18,7.72,14.89,5,0,11,2,17,3.0,1.0,0.0,1.0,11.0,4.0,7.0,2.0,4.0,-2.0,9.0,0.0,9.0,2.0,0.0,2.0,0.0,0.0,0.0,62.5,25.0,18.8,50.0,17.0,14.0,16.0,11.0,1643.6,1436.2
2025-04-26,2024,Chelsea,Everton,1,0,H,U,1.58,4.08,5.91,7,3,10,2,17,2.0,1.0,0.0,1.0,4.0,2.0,2.0,2.0,2.0,0.0,2.0,0.0,2.0,0.0,0.0,0.0,0.0,0.0,0.0,56.2,12.5,25.0,37.5,21.0,9.0,31.0,17.0,1629.8,1549.9
2025-04-26,2024,Brighton,West Ham,3,2,H,O,1.67,4.14,4.76,9,4,8,1,17,1.0,0.0,1.0,2.0,4.0,2.0,2.0,6.0,4.0,2.0,-2.0,-2.0,0.0,0.0,0.0,0.0,1.0,0.0,1.0,37.5,18.8,25.0,43.8,15.0,10.0,10.0,10.0,1567.4,1512.4
2025-04-23,2024,Arsenal,Crystal Palace,2,2,D,O,1.41,4.66,8.13,6,4,3,6,17,2.0,0.0,0.0,2.0,4.0,3.0,1.0,2.0,11.0,-9.0,2.0,-8.0,10.0,0.0,0.0,0.0,0.0,2.0,-2.0,62.5,6.2,37.5,31.2,11.0,10.0,23.0,10.0,1749.7,1570.0
2025-04-22,2024,Man City,Aston Villa,2,1,H,O,1.85,4.06,3.93,6,3,10,2,17,2.0,3.0,0.0,0.0,9.0,7.0,2.0,4.0,0.0,4.0,5.0,7.0,-2.0,2.0,2.0,0.0,0.0,0.0,0.0,62.5,18.8,43.8,43.8,17.0,19.0,10.0,19.0,1738.4,1649.9
2025-04-21,2024,Tottenham,Nott'm Forest,1,2,A,O,2.47,3.71,2.66,6,3,7,1,17,1.0,1.0,1.0,2.0,5.0,8.0,-3.0,4.0,8.0,-4.0,1.0,0.0,1.0,1.0,1.0,0.0,0.0,0.0,0.0,37.5,43.8,50.0,37.5,18.0,14.0,15.0,13.0,1534.2,1580.9
2025-04-20,2024,Man United,Wolves,0,1,A,U,2.0,3.58,3.72,2,2,9,2,17,1.0,3.0,0.0,0.0,4.0,5.0,-1.0,3.0,2.0,1.0,1.0,3.0,-2.0,0.0,0.0,0.0,0.0,0.0,0.0,37.5,43.8,31.2,50.0,14.0,15.0,12.0,16.0,1563.8,1511.6
2025-04-20,2024,Leicester,Liverpool,0,1,A,U,11.76,6.63,1.23,0,10,1,13,17,0.0,1.0,3.0,1.0,0.0,6.0,-6.0,10.0,5.0,5.0,-10.0,1.0,-11.0,0.0,1.0,-1.0,3.0,0.0,3.0,12.5,68.8,62.5,6.2,8.0,13.0,23.0,17.0,1406.2,1781.8
2025-04-20,2024,Ipswich,Arsenal,0,4,A,O,7.83,4.81,1.4,0,7,0,12,17,0.0,0.0,3.0,0.0,4.0,2.0,2.0,10.0,2.0,8.0,-6.0,0.0,-6.0,0.0,0.0,0.0,2.0,0.0,2.0,6.2,68.8,43.8,12.5,11.0,12.0,14.0,28.0,1439.1,1746.8
2025-04-20,2024,Fulham,Chelsea,1,2,A,O,2.82,3.52,2.43,1,8,6,4,17,2.0,0.0,1.0,2.0,5.0,1.0,4.0,4.0,3.0,1.0,1.0,-2.0,3.0,1.0,0.0,1.0,1.0,0.0,1.0,43.8,25.0,37.5,37.5,10.0,14.0,17.0,13.0,1570.5,1621.2
2025-04-19,2024,West Ham,Southampton,1,1,D,U,1.49,4.49,6.44,4,4,2,5,17,1.0,0.0,1.0,3.0,4.0,2.0,2.0,3.0,10.0,-7.0,1.0,-8.0,9.0,1.0,0.0,1.0,0.0,3.0,-3.0,31.2,50.0,6.2,81.2,7.0,10.0,10.0,7.0,1517.3,1332.2
2025-04-19,2024,Everton,Man City,0,2,A,U,3.8,3.65,1.96,3,7,2,5,17,0.0,1.0,0.0,1.0,4.0,1.0,3.0,4.0,1.0,3.0,0.0,0.0,0.0,0.0,0.0,0.0,0.0,0.0,0.0,25.0,25.0,37.5,37.5,15.0,13.0,16.0,8.0,1555.2,1733.1
2025-04-19,2024,Crystal Palace,Bournemouth,0,0,D,U,2.54,3.54,2.69,0,4,5,4,17,3.0,0.0,0.0,1.0,7.0,5.0,2.0,2.0,6.0,-4.0,5.0,-1.0,6.0,1.0,0.0,1.0,0.0,0.0,0.0,31.2,37.5,37.5,25.0,13.0,17.0,10.0,22.0,1570.5,1552.1
2025-04-19,2024,Brentford,Brighton,4,2,H,O,2.5,3.61,2.7,8,3,4,8,17,0.0,1.0,1.0,1.0,1.0,7.0,-6.0,2.0,4.0,-2.0,-1.0,3.0,-4.0,0.0,1.0,-1.0,0.0,0.0,0.0,43.8,31.2,37.5,31.2,8.0,20.0,11.0,15.0,1547.1,1578.3
2025-04-19,2024,Aston Villa,Newcastle,4,1,H,O,2.36,3.63,2.85,9,3,7,7,17,2.0,2.0,0.0,1.0,6.0,4.0,2.0,4.0,2.0,2.0,2.0,2.0,0.0,0.0,1.0,-1.0,0.0,1.0,-1.0,50.0,6.2,50.0,31.2,18.0,8.0,12.0,8.0,1639.5,1654.0
2025-04-16,2024,Newcastle,Crystal Palace,5,0,H,O,1.71,3.96,4.75,7,4,5,4,16,3.0,1.0,0.0,1.0,10.0,5.0,5.0,5.0,6.0,-1.0,5.0,-1.0,6.0,1.0,1.0,0.0,0.0,1.0,-1.0,60.0,26.7,40.0,26.7,15.0,11.0,18.0,13.0,1645.9,1578.6
2025-04-14,2024,Bournemouth,Fulham,1,0,H,U,2.15,3.58,3.3,3,7,6,9,16,0.0,1.0,3.0,2.0,2.0,4.0,-2.0,5.0,5.0,0.0,-3.0,-1.0,-2.0,0.0,0.0,0.0,0.0,0.0,0.0,40.0,40.0,40.0,33.3,15.0,9.0,18.0,16.0,1540.9,1581.7
2025-04-13,2024,Wolves,Tottenham,4,2,H,O,2.23,3.55,3.14,5,4,1,4,16,1.0,1.0,1.0,2.0,3.0,4.0,-1.0,3.0,4.0,-1.0,0.0,0.0,0.0,0.0,1.0,-1.0,0.0,1.0,-1.0,26.7,60.0,33.3,60.0,10.0,12.0,13.0,15.0,1500.3,1545.5
2025-04-13,2024,Newcastle,Man United,4,1,H,O,1.65,4.21,4.73,6,5,7,2,15,2.0,1.0,1.0,1.0,7.0,5.0,2.0,6.0,3.0,3.0,1.0,2.0,-1.0,0.0,1.0,-1.0,0.0,0.0,0.0,57.1,28.6,26.7,40.0,13.0,14.0,15.0,23.0,1637.8,1572.0
2025-04-13,2024,Liverpool,West Ham,2,1,H,O,1.3,5.89,9.45,6,4,10,3,16,3.0,1.0,0.0,1.0,6.0,2.0,4.0,1.0,2.0,-1.0,5.0,0.0,5.0,2.0,0.0,2.0,0.0,0.0,0.0,80.0,6.7,26.7,40.0,13.0,8.0,21.0,7.0,1778.1,1521.0
2025-04-13,2024,Chelsea,Ipswich,2,2,D,O,1.25,6.57,9.7,9,4,15,4,16,3.0,1.0,0.0,2.0,6.0,4.0,2.0,0.0,5.0,-5.0,6.0,-1.0,7.0,1.0,0.0,1.0,0.0,0.0,0.0,60.0,13.3,20.0,53.3,22.0,13.0,20.0,13.0,1626.3,1434.0
2025-04-12,2024,Southampton,Aston Villa,0,3,A,O,5.65,4.42,1.55,2,10,2,14,16,0.0,2.0,2.0,1.0,2.0,5.0,-3.0,7.0,4.0,3.0,-5.0,1.0,-6.0,0.0,1.0,-1.0,1.0,1.0,0.0,6.7,80.0,40.0,46.7,6.0,11.0,12.0,13.0,1335.2,1636.5
2025-04-12,2024,Nott'm Forest,Everton,0,1,A,U,2.11,3.33,3.67,5,5,1,7,16,2.0,0.0,0.0,1.0,2.0,2.0,0.0,0.0,3.0,-3.0,2.0,-1.0,3.0,0.0,0.0,0.0,0.0,0.0,0.0,60.0,13.3,20.0,40.0,8.0,8.0,9.0,15.0,1592.3,1543.8
2025-04-12,2024,Man City,Crystal Palace,5,2,H,O,1.5,4.7,5.95,9,3,1,4,16,1.0,2.0,1.0,0.0,4.0,5.0,-1.0,4.0,1.0,3.0,0.0,4.0,-4.0,1.0,2.0,-1.0,1.0,0.0,1.0,60.0,20.0,42.9,21.4,13.0,11.0,16.0,9.0,1727.0,1584.7
2025-04-12,2024,Brighton,Leicester,2,2,D,O,1.27,5.89,10.98,7,6,3,6,16,2.0,0.0,1.0,3.0,4.0,0.0,4.0,5.0,5.0,0.0,-1.0,-5.0,4.0,0.0,0.0,0.0,1.0,2.0,-1.0,40.0,20.0,13.3,73.3,12.0,5.0,8.0,5.0,1583.1,1401.4
2025-04-12,2024,Arsenal,Brentford,1,1,D,U,1.61,4.16,5.35,3,2,13,5,16,2.0,2.0,1.0,1.0,3.0,7.0,-4.0,2.0,3.0,-1.0,1.0,4.0,-3.0,0.0,1.0,-1.0,0.0,0.0,0.0,66.7,6.7,33.3,53.3,10.0,13.0,12.0,14.0,1752.2,1541.6
2025-04-07,2024,Leicester,Newcastle,0,3,A,O,6.4,4.44,1.5,2,5,12,2,16,0.0,1.0,3.0,2.0,0.0,1.0,-1.0,9.0,6.0,3.0,-9.0,-5.0,-4.0,0.0,0.0,0.0,3.0,2.0,1.0,13.3,66.7,46.7,33.3,8.0,4.0,14.0,10.0,1405.7,1633.5
2025-04-06,2024,Tottenham,Southampton,3,1,H,O,1.39,5.32,7.12,8,4,4,1,16,1.0,1.0,1.0,2.0,3.0,3.0,0.0,3.0,8.0,-5.0,0.0,-5.0,5.0,0.0,0.0,0.0,0.0,2.0,-2.0,33.3,46.7,6.7,80.0,17.0,10.0,21.0,8.0,1540.7,1340.0
2025-04-06,2024,Man United,Man City,0,0,D,U,3.33,3.61,2.13,2,5,5,3,16,1.0,1.0,1.0,2.0,4.0,2.0,2.0,5.0,6.0,-1.0,-1.0,-4.0,3.0,0.0,0.0,0.0,1.0,1.0,0.0,40.0,46.7,40.0,40.0,14.0,12.0,18.0,7.0,1567.6,1731.4
2025-04-06,2024,Fulham,Liverpool,3,2,H,O,4.24,3.7,1.86,6,6,4,4,16,2.0,1.0,1.0,0.0,4.0,6.0,-2.0,3.0,4.0,-1.0,1.0,2.0,-1.0,1.0,1.0,0.0,1.0,0.0,1.0,40.0,26.7,66.7,0.0,14.0,11.0,21.0,16.0,1565.9,1793.8
2025-04-06,2024,Brentford,Chelsea,0,0,D,U,3.2,3.73,2.15,2,5,3,6,16,0.0,0.0,2.0,3.0,1.0,1.0,0.0,4.0,6.0,-2.0,-3.0,-5.0,2.0,0.0,0.0,0.0,1.0,1.0,0.0,46.7,33.3,40.0,40.0,10.0,9.0,18.0,16.0,1539.1,1628.8
2025-04-05,2024,West Ham,Bournemouth,2,2,D,O,3.04,3.47,2.34,3,4,4,7,16,1.0,1.0,2.0,1.0,2.0,6.0,-4.0,2.0,5.0,-3.0,0.0,1.0,-1.0,1.0,1.0,0.0,0.0,0.0,0.0,33.3,53.3,40.0,26.7,7.0,20.0,15.0,21.0,1520.4,1541.5
2025-04-05,2024,Ipswich,Wolves,1,2,A,O,2.74,3.28,2.65,2,7,4,8,16,0.0,2.0,3.0,1.0,4.0,4.0,0.0,10.0,3.0,7.0,-6.0,1.0,-7.0,0.0,0.0,0.0,2.0,0.0,2.0,6.7,66.7,26.7,53.3,15.0,12.0,11.0,11.0,1442.6,1491.7
2025-04-05,2024,Everton,Arsenal,1,1,D,U,5.15,3.44,1.78,2,5,3,8,16,0.0,1.0,0.0,0.0,5.0,3.0,2.0,5.0,1.0,4.0,0.0,2.0,-2.0,0.0,1.0,-1.0,0.0,0.0,0.0,26.7,26.7,46.7,13.3,16.0,12.0,15.0,27.0,1538.2,1757.8
2025-04-05,2024,Crystal Palace,Brighton,2,1,H,O,2.43,3.46,2.87,3,5,2,4,16,2.0,1.0,1.0,1.0,6.0,6.0,0.0,3.0,9.0,-6.0,3.0,-3.0,6.0,1.0,1.0,0.0,0.0,1.0,-1.0,26.7,40.0,40.0,26.7,16.0,20.0,14.0,17.0,1574.2,1593.7
2025-04-05,2024,Aston Villa,Nott'm Forest,2,1,H,O,1.99,3.63,3.72,8,3,4,4,16,1.0,1.0,0.0,2.0,5.0,8.0,-3.0,4.0,8.0,-4.0,1.0,0.0,1.0,0.0,1.0,-1.0,0.0,0.0,0.0,46.7,6.7,53.3,33.3,16.0,13.0,24.0,13.0,1627.3,1601.5
2025-04-03,2024,Chelsea,Tottenham,1,0,H,U,1.64,4.5,4.57,5,2,4,6,15,3.0,2.0,0.0,1.0,7.0,6.0,1.0,1.0,3.0,-2.0,6.0,3.0,3.0,1.0,2.0,-1.0,0.0,1.0,-1.0,57.1,14.3,35.7,57.1,20.0,12.0,20.0,12.0,1620.8,1548.6
2025-04-02,2024,Southampton,Crystal Palace,1,1,D,U,5.5,4.01,1.62,2,3,2,2,15,0.0,3.0,3.0,0.0,2.0,6.0,-4.0,9.0,0.0,9.0,-7.0,6.0,-13.0,0.0,3.0,-3.0,2.0,0.0,2.0,7.1,85.7,46.2,23.1,8.0,15.0,14.0,11.0,1333.9,1580.3
2025-04-02,2024,Newcastle,Brentford,2,1,H,O,1.73,4.31,4.21,4,3,4,5,14,1.0,3.0,2.0,0.0,6.0,7.0,-1.0,9.0,1.0,8.0,-3.0,6.0,-9.0,0.0,1.0,-1.0,1.0,0.0,1.0,53.8,30.8,35.7,50.0,14.0,15.0,18.0,11.0,1625.8,1546.9
2025-04-02,2024,Man City,Leicester,2,0,H,U,1.2,7.61,12.4,5,0,5,0,15,1.0,0.0,1.0,3.0,6.0,0.0,6.0,4.0,7.0,-3.0,2.0,-7.0,9.0,1.0,0.0,1.0,1.0,2.0,-1.0,57.1,21.4,14.3,71.4,15.0,6.0,18.0,11.0,1728.6,1408.4
2025-04-02,2024,Liverpool,Everton,1,0,H,U,1.36,5.02,8.78,3,0,11,5,15,3.0,1.0,0.0,0.0,7.0,4.0,3.0,2.0,3.0,-1.0,5.0,1.0,4.0,2.0,0.0,2.0,0.0,0.0,0.0,78.6,7.1,21.4,35.7,13.0,14.0,14.0,12.0,1790.0,1542.1
2025-04-02,2024,Brighton,Aston Villa,0,3,A,O,2.09,3.81,3.27,4,5,4,0,15,3.0,1.0,0.0,2.0,7.0,2.0,5.0,2.0,6.0,-4.0,5.0,-4.0,9.0,1.0,0.0,1.0,0.0,2.0,-2.0,42.9,14.3,35.7,50.0,13.0,9.0,6.0,21.0,1603.3,1617.7
2025-04-02,2024,Bournemouth,Ipswich,1,2,A,O,1.38,5.23,7.72,7,2,8,3,15,0.0,0.0,3.0,2.0,1.0,3.0,-2.0,5.0,5.0,0.0,-4.0,-2.0,-2.0,0.0,0.0,0.0,1.0,0.0,1.0,42.9,35.7,14.3,57.1,11.0,14.0,13.0,11.0,1555.0,1429.2
2025-04-01,2024,Wolves,West Ham,1,0,H,U,2.57,3.2,2.92,2,1,1,2,15,1.0,1.0,1.0,1.0,4.0,3.0,1.0,3.0,3.0,0.0,1.0,0.0,1.0,1.0,0.0,1.0,0.0,0.0,0.0,21.4,64.3,28.6,35.7,13.0,12.0,17.0,8.0,1480.2,1531.8
2025-04-01,2024,Nott'm Forest,Man United,1,0,H,U,2.32,3.42,3.13,2,6,3,10,15,2.0,1.0,0.0,1.0,8.0,5.0,3.0,0.0,3.0,-3.0,8.0,2.0,6.0,1.0,1.0,0.0,0.0,0.0,0.0,57.1,14.3,28.6,35.7,15.0,14.0,10.0,18.0,1592.0,1577.1
2025-04-01,2024,Arsenal,Fulham,2,1,H,O,1.48,4.2,7.73,4,3,5,4,15,2.0,2.0,1.0,1.0,6.0,5.0,1.0,2.0,4.0,-2.0,4.0,1.0,3.0,1.0,0.0,1.0,0.0,0.0,0.0,64.3,7.1,42.9,28.6,13.0,10.0,12.0,19.0,1752.6,1571.1
2025-03-16,2024,Leicester,Man United,0,3,A,O,4.21,3.76,1.84,3,5,6,4,15,0.0,1.0,3.0,1.0,0.0,3.0,-3.0,8.0,3.0,5.0,-8.0,0.0,-8.0,0.0,0.0,0.0,3.0,0.0,3.0,14.3,64.3,23.1,38.5,9.0,10.0,13.0,14.0,1414.2,1571.4
2025-03-16,2024,Fulham,Tottenham,2,0,H,U,2.01,3.84,3.48,4,4,6,5,15,1.0,2.0,2.0,1.0,2.0,8.0,-6.0,4.0,4.0,0.0,-2.0,4.0,-6.0,0.0,2.0,-2.0,1.0,0.0,1.0,35.7,28.6,38.5,53.8,13.0,14.0,18.0,15.0,1561.2,1558.5
2025-03-16,2024,Arsenal,Chelsea,1,0,H,U,1.81,3.74,4.44,4,2,5,4,14,1.0,0.0,1.0,3.0,7.0,2.0,5.0,4.0,8.0,-4.0,3.0,-6.0,9.0,1.0,0.0,1.0,0.0,2.0,-2.0,61.5,7.7,42.9,35.7,15.0,11.0,17.0,16.0,1745.9,1627.6
2025-03-15,2024,Southampton,Wolves,1,2,A,O,3.63,3.51,2.06,3,3,5,1,14,0.0,1.0,3.0,2.0,2.0,3.0,-1.0,10.0,5.0,5.0,-8.0,-2.0,-6.0,0.0,0.0,0.0,3.0,1.0,2.0,7.7,84.6,21.4,57.1,10.0,13.0,12.0,16.0,1340.3,1473.9
2025-03-15,2024,Man City,Brighton,2,2,D,O,1.66,4.45,4.63,3,3,4,5,14,2.0,2.0,1.0,1.0,7.0,7.0,0.0,3.0,8.0,-5.0,4.0,-1.0,5.0,2.0,2.0,0.0,1.0,1.0,0.0,61.5,23.1,42.9,28.6,18.0,20.0,16.0,14.0,1732.3,1599.6
2025-03-15,2024,Ipswich,Nott'm Forest,2,4,A,O,3.8,3.59,1.99,4,6,6,3,15,0.0,0.0,3.0,3.0,2.0,4.0,-2.0,12.0,11.0,1.0,-10.0,-7.0,-3.0,0.0,0.0,0.0,2.0,1.0,1.0,7.1,64.3,50.0,35.7,15.0,11.0,9.0,19.0,1435.1,1586.1
2025-03-15,2024,Everton,West Ham,1,1,D,U,2.11,3.27,3.81,5,5,6,5,15,1.0,1.0,0.0,1.0,8.0,3.0,5.0,4.0,3.0,1.0,4.0,0.0,4.0,1.0,0.0,1.0,0.0,0.0,0.0,28.6,28.6,30.8,38.5,18.0,11.0,14.0,6.0,1542.4,1531.5
2025-03-15,2024,Bournemouth,Brentford,1,2,A,O,1.76,4.16,4.25,5,4,4,3,14,1.0,3.0,2.0,0.0,5.0,7.0,-2.0,3.0,1.0,2.0,2.0,6.0,-4.0,1.0,1.0,0.0,1.0,0.0,1.0,46.2,30.8,30.8,53.8,16.0,17.0,12.0,15.0,1565.9,1536.0
2025-03-10,2024,West Ham,Newcastle,0,1,A,U,3.21,3.57,2.19,2,3,3,4,15,1.0,1.0,2.0,2.0,2.0,3.0,-1.0,3.0,7.0,-4.0,-1.0,-4.0,3.0,1.0,1.0,0.0,1.0,2.0,-1.0,35.7,50.0,42.9,35.7,5.0,10.0,14.0,14.0,1539.3,1618.0
2025-03-09,2024,Tottenham,Bournemouth,2,2,D,O,2.71,3.88,2.4,4,8,3,6,15,1.0,2.0,2.0,1.0,2.0,8.0,-6.0,3.0,4.0,-1.0,-1.0,4.0,-5.0,0.0,2.0,-2.0,0.0,0.0,0.0,35.7,50.0,42.9,28.6,19.0,22.0,24.0,21.0,1558.3,1566.1
2025-03-09,2024,Man United,Arsenal,1,1,D,U,5.41,3.58,1.72,6,6,2,9,15,1.0,2.0,2.0,0.0,4.0,3.0,1.0,7.0,0.0,7.0,-3.0,3.0,-6.0,0.0,1.0,-1.0,2.0,0.0,2.0,42.9,50.0,50.0,14.3,9.0,9.0,20.0,23.0,1566.5,1750.7
2025-03-09,2024,Chelsea,Leicester,1,0,H,U,1.2,7.67,12.34,7,3,12,2,14,3.0,1.0,0.0,2.0,9.0,2.0,7.0,2.0,7.0,-5.0,7.0,-5.0,12.0,2.0,0.0,2.0,0.0,2.0,-2.0,53.8,15.4,15.4,69.2,20.0,6.0,11.0,13.0,1622.8,1418.9
2025-03-08,2024,Wolves,Everton,1,1,D,U,2.63,3.14,2.87,3,4,5,5,14,1.0,2.0,2.0,0.0,3.0,4.0,-1.0,3.0,2.0,1.0,0.0,2.0,-2.0,1.0,0.0,1.0,0.0,0.0,0.0,23.1,69.2,23.1,38.5,14.0,11.0,13.0,8.0,1471.8,1544.5
2025-03-08,2024,Nott'm Forest,Man City,1,0,H,U,3.88,3.89,1.89,4,3,3,2,14,2.0,2.0,0.0,1.0,10.0,8.0,2.0,2.0,5.0,-3.0,8.0,3.0,5.0,1.0,1.0,0.0,0.0,1.0,-1.0,53.8,15.4,42.9,35.7,16.0,18.0,9.0,12.0,1571.4,1746.9
2025-03-08,2024,Liverpool,Southampton,3,1,H,O,1.12,9.97,19.5,7,4,6,4,14,3.0,1.0,0.0,2.0,8.0,4.0,4.0,2.0,8.0,-6.0,6.0,-4.0,10.0,2.0,0.0,2.0,0.0,1.0,-1.0,76.9,7.7,7.1,78.6,12.0,10.0,11.0,12.0,1788.5,1341.7
2025-03-08,2024,Crystal Palace,Ipswich,1,0,H,U,1.48,4.55,6.74,4,8,5,4,15,1.0,0.0,2.0,2.0,6.0,4.0,2.0,5.0,8.0,-3.0,1.0,-4.0,5.0,1.0,0.0,1.0,0.0,1.0,-1.0,21.4,42.9,15.4,53.8,17.0,9.0,13.0,11.0,1573.9,1441.4
2025-03-08,2024,Brighton,Fulham,2,1,H,O,1.99,3.62,3.77,4,1,3,7,14,2.0,3.0,1.0,0.0,5.0,6.0,-1.0,2.0,2.0,0.0,3.0,4.0,-1.0,1.0,1.0,0.0,0.0,0.0,0.0,38.5,15.4,46.2,23.1,10.0,11.0,12.0,14.0,1590.2,1570.6
2025-03-08,2024,Brentford,Aston Villa,0,1,A,U,2.26,3.8,2.95,3,4,6,5,15,0.0,0.0,2.0,2.0,1.0,3.0,-2.0,5.0,8.0,-3.0,-4.0,-5.0,1.0,0.0,0.0,0.0,2.0,2.0,0.0,50.0,28.6,30.8,53.8,13.0,9.0,14.0,17.0,1544.2,1609.5
2025-02-27,2024,West Ham,Leicester,2,0,H,U,1.63,4.15,5.17,2,2,3,3,14,1.0,1.0,2.0,2.0,3.0,3.0,0.0,5.0,7.0,-2.0,-2.0,-4.0,2.0,0.0,0.0,0.0,1.0,1.0,0.0,30.8,53.8,16.7,66.7,6.0,6.0,11.0,12.0,1532.3,1425.9
2025-02-26,2024,Tottenham,Man City,0,1,A,U,3.22,4.09,2.04,6,5,8,3,14,1.0,1.0,2.0,1.0,3.0,9.0,-6.0,4.0,7.0,-3.0,-1.0,2.0,-3.0,0.0,1.0,-1.0,0.0,1.0,-1.0,38.5,46.2,38.5,38.5,17.0,21.0,25.0,14.0,1563.6,1741.7
2025-02-26,2024,Nott'm Forest,Arsenal,0,0,D,U,3.94,3.48,1.98,2,1,3,11,13,2.0,2.0,0.0,0.0,11.0,4.0,7.0,3.0,1.0,2.0,8.0,3.0,5.0,1.0,1.0,0.0,0.0,0.0,0.0,58.3,16.7,53.8,15.4,17.0,11.0,6.0,17.0,1566.4,1755.7
2025-02-26,2024,Man United,Ipswich,3,2,H,O,1.52,4.55,5.83,6,3,5,6,14,1.0,0.0,2.0,1.0,4.0,4.0,0.0,6.0,7.0,-1.0,-2.0,-3.0,1.0,1.0,0.0,1.0,2.0,1.0,1.0,38.5,53.8,16.7,50.0,12.0,9.0,20.0,7.0,1559.6,1448.3
2025-02-26,2024,Liverpool,Newcastle,2,0,H,U,1.52,4.77,5.64,3,0,4,2,13,2.0,2.0,0.0,1.0,8.0,5.0,3.0,4.0,6.0,-2.0,4.0,-1.0,5.0,1.0,1.0,0.0,0.0,1.0,-1.0,75.0,8.3,46.2,30.8,15.0,14.0,13.0,22.0,1782.8,1623.7
2025-02-26,2024,Brentford,Everton,1,1,D,U,2.02,3.68,3.59,3,4,2,5,14,0.0,2.0,2.0,1.0,2.0,3.0,-1.0,6.0,2.0,4.0,-4.0,1.0,-5.0,0.0,0.0,0.0,2.0,0.0,2.0,53.8,30.8,25.0,41.7,16.0,7.0,16.0,6.0,1544.2,1544.5
2025-02-25,2024,Wolves,Fulham,1,2,A,O,2.71,3.34,2.69,5,5,7,5,13,1.0,2.0,2.0,1.0,2.0,6.0,-4.0,4.0,4.0,0.0,-2.0,2.0,-4.0,1.0,1.0,0.0,1.0,0.0,1.0,25.0,66.7,41.7,25.0,15.0,11.0,11.0,12.0,1479.5,1563.0
2025-02-25,2024,Crystal Palace,Aston Villa,4,1,H,O,2.55,3.38,2.83,6,2,3,8,14,0.0,1.0,2.0,1.0,3.0,3.0,0.0,5.0,4.0,1.0,-2.0,-1.0,-1.0,0.0,0.0,0.0,0.0,1.0,-1.0,15.4,46.2,33.3,50.0,17.0,10.0,16.0,14.0,1562.2,1621.2
2025-02-25,2024,Chelsea,Southampton,4,0,H,O,1.17,8.55,14.69,10,2,4,2,13,2.0,1.0,0.0,2.0,7.0,5.0,2.0,4.0,7.0,-3.0,3.0,-2.0,5.0,1.0,0.0,1.0,0.0,1.0,-1.0,50.0,16.7,7.7,76.9,20.0,13.0,16.0,14.0,1619.4,1345.1
2025-02-25,2024,Brighton,Bournemouth,2,1,H,O,2.06,3.81,3.43,4,5,1,9,13,1.0,2.0,1.0,0.0,4.0,9.0,-5.0,2.0,4.0,-2.0,2.0,5.0,-3.0,1.0,2.0,-1.0,0.0,0.0,0.0,33.3,16.7,46.2,23.1,10.0,20.0,13.0,15.0,1580.3,1576.0
2025-02-23,2024,Newcastle,Nott'm Forest,4,3,H,O,1.81,3.96,4.11,5,5,7,6,13,1.0,1.0,2.0,2.0,5.0,4.0,1.0,6.0,7.0,-1.0,-1.0,-3.0,2.0,1.0,1.0,0.0,1.0,1.0,0.0,50.0,33.3,53.8,30.8,14.0,9.0,15.0,16.0,1614.8,1575.3
2025-02-23,2024,Man City,Liverpool,0,2,A,U,2.9,3.86,2.26,5,4,7,5,13,3.0,1.0,0.0,0.0,11.0,6.0,5.0,2.0,4.0,-2.0,9.0,2.0,7.0,3.0,1.0,2.0,0.0,0.0,0.0,66.7,16.7,64.3,0.0,20.0,14.0,16.0,14.0,1751.0,1773.5
2025-02-22,2024,Southampton,Brighton,0,4,A,O,5.52,4.38,1.57,1,12,5,6,13,0.0,2.0,3.0,1.0,2.0,5.0,-3.0,11.0,8.0,3.0,-9.0,-3.0,-6.0,0.0,2.0,-2.0,3.0,1.0,2.0,8.3,83.3,38.5,30.8,10.0,13.0,9.0,17.0,1349.4,1576.1
2025-02-22,2024,Ipswich,Tottenham,1,4,A,O,3.87,3.89,1.89,5,6,4,4,14,0.0,1.0,3.0,2.0,1.0,5.0,-4.0,10.0,5.0,5.0,-9.0,0.0,-9.0,0.0,1.0,-1.0,2.0,0.0,2.0,7.7,61.5,33.3,58.3,13.0,10.0,6.0,15.0,1455.5,1556.4
2025-02-22,2024,Fulham,Crystal Palace,0,2,A,U,2.05,3.48,3.74,0,5,7,7,14,1.0,3.0,1.0,0.0,4.0,6.0,-2.0,4.0,0.0,4.0,0.0,6.0,-6.0,0.0,3.0,-3.0,0.0,0.0,0.0,38.5,23.1,41.7,25.0,17.0,14.0,20.0,7.0,1573.6,1551.6
2025-02-22,2024,Everton,Man United,2,2,D,O,2.55,3.2,2.96,8,3,7,9,14,2.0,1.0,0.0,1.0,9.0,3.0,6.0,4.0,3.0,1.0,5.0,0.0,5.0,1.0,0.0,1.0,0.0,0.0,0.0,30.8,30.8,25.0,41.7,16.0,11.0,10.0,14.0,1544.0,1560.1
2025-02-22,2024,Bournemouth,Wolves,0,1,A,U,1.56,4.45,5.5,3,5,6,7,13,2.0,0.0,1.0,3.0,6.0,2.0,4.0,2.0,8.0,-6.0,4.0,-6.0,10.0,1.0,0.0,1.0,1.0,2.0,-1.0,50.0,25.0,15.4,61.5,21.0,15.0,15.0,11.0,1589.4,1466.1
2025-02-22,2024,Aston Villa,Chelsea,2,1,H,O,2.62,3.7,2.56,6,7,2,3,15,0.0,0.0,0.0,2.0,4.0,2.0,2.0,4.0,7.0,-3.0,0.0,-5.0,5.0,0.0,0.0,0.0,0.0,2.0,-2.0,42.9,7.1,46.2,30.8,14.0,5.0,26.0,19.0,1610.7,1630.0
2025-02-22,2024,Arsenal,West Ham,0,1,A,U,1.25,6.2,11.63,2,2,2,0,13,2.0,0.0,0.0,2.0,9.0,3.0,6.0,4.0,7.0,-3.0,5.0,-4.0,9.0,1.0,0.0,1.0,0.0,1.0,-1.0,66.7,0.0,25.0,41.7,17.0,13.0,25.0,7.0,1772.0,1516.0
2025-02-21,2024,Leicester,Brentford,0,4,A,O,3.7,3.86,1.96,3,6,5,6,14,0.0,3.0,3.0,0.0,0.0,8.0,-8.0,6.0,1.0,5.0,-6.0,7.0,-13.0,0.0,1.0,-1.0,3.0,0.0,3.0,15.4,61.5,25.0,58.3,10.0,22.0,12.0,11.0,1433.0,1537.1
2025-02-19,2024,Aston Villa,Liverpool,2,2,D,O,3.93,4.0,1.85,4,3,6,8,14,1.0,2.0,0.0,0.0,4.0,6.0,-2.0,3.0,2.0,1.0,1.0,4.0,-3.0,0.0,2.0,-2.0,0.0,0.0,0.0,46.2,7.7,69.2,0.0,15.0,19.0,27.0,21.0,1606.1,1778.1
2025-02-16,2024,Tottenham,Man United,1,0,H,U,2.45,3.73,2.69,7,6,10,5,13,0.0,1.0,2.0,1.0,4.0,3.0,1.0,6.0,4.0,2.0,-2.0,-1.0,-1.0,0.0,0.0,0.0,0.0,1.0,-1.0,33.3,50.0,27.3,36.4,13.0,9.0,20.0,13.0,1545.7,1570.8
2025-02-16,2024,Liverpool,Wolves,2,1,H,O,1.19,7.85,12.84,3,4,4,3,12,2.0,0.0,0.0,2.0,9.0,3.0,6.0,4.0,8.0,-4.0,5.0,-5.0,10.0,2.0,0.0,2.0,0.0,2.0,-2.0,72.7,9.1,16.7,58.3,19.0,14.0,23.0,13.0,1775.1,1469.0
2025-02-15,2024,West Ham,Brentford,0,1,A,U,2.41,3.64,2.82,3,5,9,2,13,1.0,2.0,2.0,0.0,3.0,7.0,-4.0,9.0,1.0,8.0,-6.0,6.0,-12.0,0.0,1.0,-1.0,2.0,0.0,2.0,33.3,50.0,18.2,63.6,3.0,20.0,5.0,12.0,1526.0,1527.1
2025-02-15,2024,Southampton,Bournemouth,1,3,A,O,5.83,4.64,1.52,4,7,4,6,12,0.0,1.0,3.0,0.0,1.0,8.0,-7.0,9.0,5.0,4.0,-8.0,3.0,-11.0,0.0,1.0,-1.0,2.0,0.0,2.0,9.1,81.8,41.7,25.0,11.0,22.0,7.0,16.0,1353.5,1585.2
2025-02-15,2024,Man City,Newcastle,4,0,H,O,1.97,4.07,3.44,7,1,7,4,12,2.0,3.0,0.0,0.0,8.0,7.0,1.0,3.0,2.0,1.0,5.0,5.0,0.0,2.0,2.0,0.0,0.0,0.0,0.0,63.6,18.2,50.0,25.0,18.0,17.0,17.0,21.0,1744.4,1621.5
2025-02-15,2024,Leicester,Arsenal,0,2,A,U,9.45,5.29,1.34,2,5,3,7,13,0.0,2.0,3.0,0.0,0.0,5.0,-5.0,6.0,2.0,4.0,-6.0,3.0,-9.0,0.0,1.0,-1.0,3.0,0.0,3.0,16.7,58.3,50.0,16.7,12.0,11.0,13.0,13.0,1435.6,1769.4
2025-02-15,2024,Fulham,Nott'm Forest,2,1,H,O,2.22,3.35,3.39,10,2,8,4,13,0.0,2.0,1.0,1.0,4.0,5.0,-1.0,5.0,5.0,0.0,-1.0,0.0,-1.0,0.0,2.0,-2.0,0.0,1.0,-1.0,33.3,25.0,58.3,25.0,13.0,14.0,13.0,16.0,1563.0,1586.0
2025-02-15,2024,Crystal Palace,Everton,1,2,A,O,1.81,3.45,4.94,6,6,6,2,13,1.0,1.0,1.0,1.0,4.0,2.0,2.0,4.0,2.0,2.0,0.0,0.0,0.0,0.0,0.0,0.0,0.0,0.0,0.0,16.7,41.7,18.2,45.5,21.0,4.0,18.0,9.0,1562.4,1533.2
2025-02-15,2024,Aston Villa,Ipswich,1,1,D,U,1.41,4.96,7.45,6,3,16,1,13,1.0,0.0,0.0,2.0,5.0,3.0,2.0,4.0,7.0,-3.0,1.0,-4.0,5.0,0.0,0.0,0.0,0.0,1.0,-1.0,50.0,8.3,18.2,54.5,13.0,6.0,23.0,7.0,1610.4,1451.2
2025-02-14,2024,Brighton,Chelsea,3,0,H,O,2.85,3.6,2.43,5,0,2,9,12,0.0,0.0,1.0,2.0,1.0,2.0,-1.0,2.0,6.0,-4.0,-1.0,-4.0,3.0,0.0,0.0,0.0,0.0,2.0,-2.0,27.3,18.2,50.0,25.0,12.0,10.0,16.0,17.0,1563.9,1642.2
2025-02-12,2024,Everton,Liverpool,2,2,D,O,7.36,4.71,1.44,3,4,2,3,13,2.0,2.0,1.0,0.0,7.0,5.0,2.0,3.0,1.0,2.0,4.0,4.0,0.0,1.0,2.0,-1.0,0.0,0.0,0.0,33.3,33.3,75.0,0.0,16.0,22.0,16.0,27.0,1527.0,1781.4
2025-02-03,2024,Chelsea,West Ham,2,1,H,O,1.36,5.54,7.58,3,5,4,3,12,1.0,1.0,1.0,1.0,6.0,3.0,3.0,5.0,5.0,0.0,1.0,-2.0,3.0,1.0,0.0,1.0,0.0,1.0,-1.0,45.5,18.2,27.3,36.4,25.0,10.0,15.0,6.0,1635.1,1533.1
2025-02-02,2024,Man United,Crystal Palace,0,2,A,U,2.04,3.48,3.71,2,3,11,0,13,1.0,2.0,2.0,0.0,4.0,4.0,0.0,6.0,0.0,6.0,-2.0,4.0,-6.0,1.0,2.0,-1.0,2.0,0.0,2.0,41.7,50.0,36.4,27.3,10.0,15.0,11.0,9.0,1581.7,1551.6
2025-02-02,2024,Brentford,Tottenham,0,2,A,U,2.11,3.97,3.1,4,2,10,3,13,0.0,0.0,2.0,3.0,3.0,3.0,0.0,7.0,6.0,1.0,-4.0,-3.0,-1.0,0.0,0.0,0.0,2.0,0.0,2.0,58.3,25.0,27.3,63.6,14.0,12.0,10.0,19.0,1537.1,1535.7
2025-02-02,2024,Arsenal,Man City,5,1,H,O,1.97,3.58,3.83,7,4,5,2,12,2.0,2.0,0.0,0.0,5.0,10.0,-5.0,3.0,2.0,1.0,2.0,8.0,-6.0,0.0,2.0,-2.0,0.0,0.0,0.0,63.6,0.0,41.7,33.3,15.0,22.0,25.0,16.0,1759.6,1754.3
2025-02-01,2024,Wolves,Aston Villa,2,0,H,U,3.36,3.58,2.14,5,3,5,8,12,1.0,1.0,2.0,1.0,2.0,3.0,-1.0,4.0,5.0,-1.0,-2.0,-2.0,0.0,1.0,0.0,1.0,1.0,1.0,0.0,18.2,72.7,36.4,45.5,14.0,8.0,10.0,12.0,1454.5,1624.9
2025-02-01,2024,Nott'm Forest,Brighton,7,0,H,O,2.44,3.46,2.89,9,5,4,6,12,2.0,2.0,0.0,0.0,5.0,7.0,-2.0,3.0,3.0,0.0,2.0,4.0,-2.0,0.0,2.0,-2.0,0.0,0.0,0.0,54.5,18.2,41.7,25.0,11.0,12.0,4.0,14.0,1576.0,1573.8
2025-02-01,2024,Newcastle,Fulham,1,2,A,O,1.71,4.07,4.66,4,4,4,7,12,2.0,2.0,1.0,1.0,7.0,6.0,1.0,4.0,4.0,0.0,3.0,2.0,1.0,2.0,1.0,1.0,1.0,0.0,1.0,54.5,27.3,36.4,27.3,18.0,14.0,20.0,6.0,1633.8,1550.6
2025-02-01,2024,Ipswich,Southampton,1,2,A,O,1.98,3.67,3.74,6,4,1,2,13,1.0,0.0,2.0,3.0,2.0,4.0,-2.0,8.0,8.0,0.0,-6.0,-4.0,-2.0,1.0,0.0,1.0,2.0,1.0,1.0,8.3,58.3,0.0,83.3,13.0,12.0,9.0,19.0,1464.7,1340.1
2025-02-01,2024,Everton,Leicester,4,0,H,O,1.79,3.67,4.67,7,1,5,6,12,1.0,1.0,2.0,2.0,3.0,4.0,-1.0,5.0,6.0,-1.0,-2.0,-2.0,0.0,0.0,0.0,0.0,1.0,1.0,0.0,27.3,36.4,18.2,63.6,11.0,6.0,16.0,7.0,1519.1,1443.4
2025-02-01,2024,Bournemouth,Liverpool,0,2,A,U,4.56,4.32,1.68,3,7,3,3,12,2.0,2.0,0.0,0.0,6.0,8.0,-2.0,0.0,1.0,-1.0,6.0,7.0,-1.0,1.0,2.0,-1.0,0.0,0.0,0.0,54.5,18.2,72.7,0.0,22.0,28.0,17.0,30.0,1590.3,1776.3
2025-01-26,2024,Tottenham,Leicester,1,2,A,O,1.46,5.21,5.89,6,3,6,4,12,0.0,0.0,2.0,3.0,6.0,2.0,4.0,10.0,9.0,1.0,-4.0,-7.0,3.0,0.0,0.0,0.0,1.0,2.0,-1.0,36.4,45.5,10.0,70.0,12.0,4.0,21.0,5.0,1548.9,1430.1
2025-01-26,2024,Fulham,Man United,0,1,A,U,2.31,3.44,3.1,3,1,3,0,12,0.0,1.0,0.0,1.0,4.0,4.0,0.0,4.0,5.0,-1.0,0.0,-1.0,1.0,0.0,0.0,0.0,0.0,1.0,-1.0,36.4,18.2,20.0,40.0,15.0,11.0,16.0,15.0,1560.3,1572.0
2025-01-26,2024,Crystal Palace,Brentford,1,2,A,O,2.06,3.68,3.47,5,6,4,7,12,1.0,1.0,1.0,1.0,4.0,6.0,-2.0,7.0,2.0,5.0,-3.0,4.0,-7.0,0.0,1.0,-1.0,1.0,0.0,1.0,18.2,36.4,10.0,70.0,22.0,18.0,17.0,10.0,1562.6,1526.1
2025-01-26,2024,Aston Villa,West Ham,1,1,D,U,1.55,4.39,5.81,4,4,4,3,12,2.0,1.0,0.0,1.0,6.0,3.0,3.0,4.0,5.0,-1.0,2.0,-2.0,4.0,0.0,0.0,0.0,0.0,1.0,-1.0,54.5,9.1,30.0,40.0,15.0,9.0,24.0,9.0,1627.6,1530.4
2025-01-25,2024,Wolves,Arsenal,0,1,A,U,6.85,4.65,1.46,4,3,1,5,11,1.0,2.0,2.0,0.0,3.0,9.0,-6.0,5.0,3.0,2.0,-2.0,6.0,-8.0,1.0,2.0,-1.0,1.0,0.0,1.0,20.0,70.0,45.5,18.2,16.0,14.0,16.0,11.0,1457.5,1756.5
2025-01-25,2024,Southampton,Newcastle,1,3,A,O,6.82,5.09,1.42,5,9,3,8,11,0.0,3.0,3.0,0.0,0.0,8.0,-8.0,11.0,1.0,10.0,-11.0,7.0,-18.0,0.0,2.0,-2.0,2.0,0.0,2.0,10.0,80.0,45.5,27.3,9.0,15.0,6.0,14.0,1343.3,1630.6
2025-01-25,2024,Man City,Chelsea,3,1,H,O,2.03,4.03,3.29,6,4,2,4,11,1.0,0.0,1.0,1.0,6.0,1.0,5.0,4.0,3.0,1.0,2.0,-2.0,4.0,1.0,0.0,1.0,0.0,1.0,-1.0,60.0,20.0,54.5,18.2,15.0,11.0,23.0,18.0,1747.2,1642.1
2025-01-25,2024,Liverpool,Ipswich,4,1,H,O,1.1,11.04,20.87,6,3,3,4,11,1.0,1.0,0.0,1.0,7.0,4.0,3.0,5.0,4.0,1.0,2.0,0.0,2.0,1.0,0.0,1.0,0.0,0.0,0.0,70.0,10.0,20.0,50.0,17.0,8.0,25.0,6.0,1773.3,1467.6
2025-01-25,2024,Brighton,Everton,0,1,A,U,1.67,3.86,5.39,1,1,9,1,11,0.0,0.0,1.0,1.0,2.0,1.0,1.0,4.0,2.0,2.0,-2.0,-1.0,-1.0,0.0,0.0,0.0,1.0,0.0,1.0,30.0,10.0,10.0,50.0,16.0,3.0,15.0,10.0,1586.0,1506.9
2025-01-25,2024,Bournemouth,Nott'm Forest,5,0,H,O,2.09,3.64,3.42,10,4,3,9,11,1.0,3.0,0.0,0.0,2.0,7.0,-5.0,1.0,0.0,1.0,1.0,7.0,-6.0,0.0,3.0,-3.0,0.0,0.0,0.0,50.0,20.0,63.6,18.2,21.0,16.0,26.0,12.0,1580.1,1586.2
2025-01-20,2024,Chelsea,Wolves,3,1,H,O,1.37,5.51,7.3,7,4,3,6,11,1.0,1.0,1.0,1.0,5.0,5.0,0.0,5.0,5.0,0.0,0.0,0.0,0.0,0.0,1.0,-1.0,0.0,1.0,-1.0,40.0,20.0,18.2,54.5,26.0,14.0,20.0,8.0,1636.7,1462.9
2025-01-19,2024,Nott'm Forest,Southampton,3,2,H,O,1.39,4.86,8.03,5,4,2,8,11,2.0,0.0,0.0,2.0,4.0,2.0,2.0,2.0,5.0,-3.0,2.0,-3.0,5.0,0.0,0.0,0.0,0.0,1.0,-1.0,50.0,20.0,0.0,81.8,12.0,9.0,6.0,16.0,1582.1,1347.4
2025-01-19,2024,Man United,Brighton,1,3,A,O,2.09,3.71,3.36,1,3,4,2,12,1.0,1.0,2.0,0.0,3.0,5.0,-2.0,6.0,3.0,3.0,-3.0,2.0,-5.0,1.0,1.0,0.0,2.0,0.0,2.0,45.5,45.5,36.4,27.3,16.0,15.0,20.0,16.0,1582.2,1575.8
2025-01-19,2024,Ipswich,Man City,0,6,A,O,7.72,5.36,1.36,4,9,4,7,12,1.0,1.0,2.0,1.0,2.0,5.0,-3.0,6.0,4.0,2.0,-4.0,1.0,-5.0,1.0,1.0,0.0,2.0,0.0,2.0,9.1,54.5,36.4,36.4,11.0,19.0,7.0,13.0,1471.1,1743.8
2025-01-19,2024,Everton,Tottenham,3,2,H,O,2.91,3.51,2.41,6,6,3,8,11,0.0,1.0,2.0,2.0,0.0,6.0,-6.0,3.0,3.0,0.0,-3.0,3.0,-6.0,0.0,1.0,-1.0,1.0,0.0,1.0,20.0,40.0,30.0,60.0,9.0,15.0,15.0,16.0,1495.0,1560.8
2025-01-18,2024,West Ham,Crystal Palace,0,2,A,U,2.62,3.41,2.69,0,7,2,4,12,1.0,2.0,1.0,0.0,4.0,5.0,-1.0,8.0,1.0,7.0,-4.0,4.0,-8.0,0.0,2.0,-2.0,1.0,0.0,1.0,36.4,45.5,30.0,30.0,7.0,13.0,11.0,10.0,1540.0,1553.0
2025-01-18,2024,Newcastle,Bournemouth,1,4,A,O,1.64,4.3,4.93,5,10,7,6,11,3.0,1.0,0.0,0.0,10.0,7.0,3.0,0.0,4.0,-4.0,10.0,3.0,7.0,3.0,1.0,2.0,0.0,0.0,0.0,60.0,20.0,36.4,27.3,24.0,17.0,18.0,11.0,1642.7,1568.0
2025-01-18,2024,Leicester,Fulham,0,2,A,U,4.17,3.81,1.84,4,2,5,2,12,0.0,1.0,3.0,1.0,0.0,6.0,-6.0,7.0,6.0,1.0,-7.0,0.0,-7.0,0.0,0.0,0.0,3.0,0.0,3.0,18.2,54.5,30.0,30.0,13.0,15.0,14.0,8.0,1436.9,1553.5
2025-01-18,2024,Brentford,Liverpool,0,2,A,U,6.43,5.15,1.43,6,8,2,15,12,0.0,2.0,2.0,0.0,3.0,12.0,-9.0,7.0,4.0,3.0,-4.0,8.0,-12.0,0.0,2.0,-2.0,2.0,0.0,2.0,63.6,18.2,70.0,0.0,11.0,32.0,17.0,20.0,1530.1,1769.3
2025-01-18,2024,Arsenal,Aston Villa,2,2,D,O,1.51,4.35,6.45,6,4,10,1,11,2.0,1.0,0.0,2.0,3.0,2.0,1.0,1.0,5.0,-4.0,2.0,-3.0,5.0,0.0,0.0,0.0,0.0,1.0,-1.0,70.0,0.0,40.0,50.0,14.0,6.0,23.0,14.0,1760.3,1623.9
2025-01-16,2024,Man United,Southampton,3,1,H,O,1.3,5.79,9.4,9,5,5,4,11,0.0,0.0,3.0,2.0,2.0,1.0,1.0,8.0,3.0,5.0,-6.0,-2.0,-4.0,0.0,0.0,0.0,2.0,0.0,2.0,40.0,50.0,0.0,80.0,14.0,4.0,20.0,13.0,1577.9,1351.7
2025-01-16,2024,Ipswich,Brighton,0,2,A,U,3.8,3.73,1.94,3,5,1,9,11,1.0,0.0,2.0,0.0,3.0,5.0,-2.0,6.0,5.0,1.0,-3.0,0.0,-3.0,1.0,0.0,1.0,1.0,0.0,1.0,10.0,50.0,30.0,30.0,13.0,17.0,12.0,12.0,1478.5,1568.4
2025-01-15,2024,Newcastle,Wolves,3,0,H,O,1.35,5.54,8.08,5,7,4,2,10,2.0,1.0,0.0,1.0,10.0,6.0,4.0,3.0,4.0,-1.0,7.0,2.0,5.0,2.0,1.0,1.0,0.0,0.0,0.0,55.6,22.2,20.0,50.0,25.0,12.0,19.0,6.0,1637.2,1468.3
2025-01-15,2024,Leicester,Crystal Palace,0,2,A,U,3.88,3.73,1.92,4,4,4,3,11,0.0,2.0,2.0,0.0,2.0,4.0,-2.0,7.0,1.0,6.0,-5.0,3.0,-8.0,0.0,1.0,-1.0,2.0,0.0,2.0,20.0,50.0,22.2,33.3,12.0,12.0,15.0,14.0,1444.1,1545.8
2025-01-15,2024,Everton,Aston Villa,0,1,A,U,3.2,3.24,2.35,3,3,8,5,10,1.0,0.0,1.0,3.0,4.0,1.0,3.0,2.0,8.0,-6.0,2.0,-7.0,9.0,1.0,0.0,1.0,1.0,2.0,-1.0,22.2,33.3,33.3,55.6,10.0,7.0,10.0,13.0,1501.8,1617.1
2025-01-15,2024,Arsenal,Tottenham,2,1,H,O,1.4,5.29,6.86,4,2,10,4,10,2.0,1.0,0.0,2.0,3.0,5.0,-2.0,0.0,2.0,-2.0,3.0,3.0,0.0,1.0,1.0,0.0,0.0,0.0,0.0,66.7,0.0,33.3,55.6,16.0,17.0,26.0,21.0,1755.2,1565.8
2025-01-14,2024,West Ham,Fulham,3,2,H,O,2.97,3.43,2.41,3,5,0,3,11,1.0,1.0,1.0,0.0,3.0,5.0,-2.0,7.0,4.0,3.0,-4.0,1.0,-5.0,0.0,0.0,0.0,1.0,0.0,1.0,30.0,50.0,33.3,22.2,8.0,16.0,22.0,16.0,1529.0,1564.6
2025-01-14,2024,Nott'm Forest,Liverpool,1,1,D,U,5.14,4.16,1.64,3,7,0,9,10,3.0,2.0,0.0,0.0,4.0,14.0,-10.0,1.0,6.0,-5.0,3.0,8.0,-5.0,0.0,2.0,-2.0,0.0,0.0,0.0,55.6,22.2,77.8,0.0,14.0,30.0,14.0,17.0,1576.9,1774.4
2025-01-14,2024,Chelsea,Bournemouth,2,2,D,O,1.5,4.81,5.92,10,3,9,3,10,2.0,2.0,1.0,0.0,6.0,7.0,-1.0,3.0,3.0,0.0,3.0,4.0,-1.0,1.0,1.0,0.0,0.0,0.0,0.0,44.4,22.2,40.0,30.0,24.0,20.0,14.0,21.0,1638.8,1565.9
2025-01-14,2024,Brentford,Man City,2,2,D,O,4.76,4.47,1.64,6,8,4,5,11,1.0,1.0,2.0,1.0,5.0,5.0,0.0,7.0,4.0,3.0,-2.0,1.0,-3.0,1.0,1.0,0.0,2.0,0.0,2.0,70.0,20.0,40.0,40.0,13.0,15.0,16.0,16.0,1524.4,1749.5
2025-01-06,2024,Wolves,Nott'm Forest,0,3,A,O,3.22,3.22,2.33,6,3,5,3,10,1.0,3.0,2.0,0.0,5.0,7.0,-2.0,6.0,2.0,4.0,-1.0,5.0,-6.0,1.0,2.0,-1.0,1.0,0.0,1.0,22.2,66.7,60.0,20.0,13.0,16.0,14.0,12.0,1475.7,1569.6
2025-01-05,2024,Liverpool,Man United,2,2,D,O,1.29,6.05,9.49,6,4,6,9,10,2.0,1.0,0.0,2.0,7.0,2.0,5.0,3.0,5.0,-2.0,4.0,-3.0,7.0,2.0,0.0,2.0,0.0,2.0,-2.0,77.8,11.1,22.2,44.4,18.0,9.0,26.0,6.0,1779.8,1572.6
2025-01-05,2024,Fulham,Ipswich,2,2,D,O,1.56,4.34,5.68,4,3,9,2,11,0.0,1.0,0.0,2.0,3.0,2.0,1.0,3.0,3.0,0.0,0.0,-1.0,1.0,0.0,0.0,0.0,0.0,0.0,0.0,40.0,20.0,22.2,55.6,13.0,8.0,7.0,11.0,1567.1,1476.0
2025-01-04,2024,Tottenham,Newcastle,1,2,A,O,2.88,3.94,2.24,4,4,9,10,11,0.0,2.0,2.0,1.0,8.0,8.0,0.0,12.0,4.0,8.0,-4.0,4.0,-8.0,0.0,2.0,-2.0,1.0,1.0,0.0,40.0,40.0,40.0,30.0,13.0,14.0,17.0,8.0,1574.3,1628.8
2025-01-04,2024,Southampton,Brentford,0,5,A,O,2.78,3.54,2.48,1,11,2,2,10,0.0,0.0,3.0,2.0,1.0,2.0,-1.0,11.0,5.0,6.0,-10.0,-3.0,-7.0,0.0,0.0,0.0,2.0,1.0,1.0,11.1,77.8,0.0,77.8,12.0,8.0,9.0,13.0,1357.4,1518.8
2025-01-04,2024,Man City,West Ham,4,1,H,O,1.31,6.09,8.3,7,4,7,1,10,1.0,1.0,1.0,1.0,5.0,3.0,2.0,3.0,4.0,-1.0,2.0,-1.0,3.0,1.0,0.0,1.0,0.0,1.0,-1.0,55.6,22.2,33.3,33.3,15.0,15.0,24.0,17.0,1744.9,1533.6
2025-01-04,2024,Crystal Palace,Chelsea,1,1,D,U,3.65,3.88,1.95,6,1,6,6,11,1.0,1.0,1.0,1.0,5.0,4.0,1.0,8.0,5.0,3.0,-3.0,-1.0,-2.0,0.0,0.0,0.0,1.0,1.0,0.0,20.0,40.0,60.0,20.0,19.0,18.0,17.0,22.0,1543.1,1641.6
2025-01-04,2024,Brighton,Arsenal,1,1,D,U,4.36,3.83,1.8,4,3,2,5,10,0.0,2.0,1.0,0.0,2.0,9.0,-7.0,4.0,3.0,1.0,-2.0,6.0,-8.0,0.0,2.0,-2.0,1.0,0.0,1.0,33.3,11.1,50.0,20.0,17.0,15.0,20.0,12.0,1563.2,1760.4
2025-01-04,2024,Bournemouth,Everton,1,0,H,U,1.75,3.82,4.71,8,0,9,3,10,1.0,0.0,0.0,1.0,2.0,1.0,1.0,1.0,5.0,-4.0,1.0,-4.0,5.0,0.0,0.0,0.0,0.0,1.0,-1.0,44.4,22.2,11.1,44.4,21.0,5.0,22.0,9.0,1557.3,1510.4
2025-01-04,2024,Aston Villa,Leicester,2,1,H,O,1.32,5.51,9.16,5,2,7,2,11,2.0,0.0,0.0,3.0,5.0,2.0,3.0,3.0,11.0,-8.0,2.0,-9.0,11.0,0.0,0.0,0.0,0.0,3.0,-3.0,50.0,10.0,11.1,66.7,15.0,5.0,31.0,7.0,1611.4,1449.7
2025-01-01,2024,Brentford,Arsenal,1,3,A,O,6.67,4.8,1.44,2,5,4,3,10,2.0,2.0,1.0,0.0,8.0,11.0,-3.0,5.0,4.0,1.0,3.0,7.0,-4.0,2.0,2.0,0.0,1.0,0.0,1.0,77.8,11.1,44.4,22.2,17.0,17.0,17.0,19.0,1522.9,1756.2
2024-12-30,2024,Man United,Newcastle,0,2,A,U,2.7,3.61,2.49,0,4,2,3,10,1.0,1.0,2.0,1.0,6.0,7.0,-1.0,6.0,5.0,1.0,0.0,2.0,-2.0,1.0,1.0,0.0,1.0,1.0,0.0,44.4,44.4,33.3,33.3,19.0,10.0,20.0,14.0,1581.5,1619.9
2024-12-30,2024,Ipswich,Chelsea,2,0,H,U,6.87,5.02,1.41,6,5,4,7,10,0.0,2.0,3.0,0.0,1.0,9.0,-8.0,7.0,4.0,3.0,-6.0,5.0,-11.0,0.0,1.0,-1.0,1.0,0.0,1.0,0.0,55.6,66.7,11.1,9.0,26.0,12.0,22.0,1460.8,1656.7
2024-12-30,2024,Aston Villa,Brighton,2,2,D,O,1.94,3.86,3.61,4,4,12,3,10,3.0,0.0,0.0,1.0,6.0,4.0,2.0,2.0,6.0,-4.0,4.0,-2.0,6.0,1.0,0.0,1.0,0.0,1.0,-1.0,55.6,11.1,33.3,33.3,21.0,16.0,29.0,15.0,1612.9,1561.8
2024-12-29,2024,West Ham,Liverpool,0,5,A,O,7.04,5.21,1.4,0,13,3,6,10,1.0,2.0,1.0,0.0,5.0,12.0,-7.0,7.0,8.0,-1.0,-2.0,4.0,-6.0,0.0,1.0,-1.0,1.0,0.0,1.0,33.3,44.4,75.0,0.0,13.0,28.0,21.0,21.0,1537.6,1775.7
2024-12-29,2024,Tottenham,Wolves,2,2,D,O,1.61,4.77,4.56,3,3,5,5,10,0.0,1.0,2.0,2.0,7.0,4.0,3.0,11.0,6.0,5.0,-4.0,-2.0,-2.0,0.0,1.0,-1.0,1.0,1.0,0.0,44.4,44.4,22.2,55.6,13.0,11.0,19.0,5.0,1577.2,1472.8
2024-12-29,2024,Leicester,Man City,0,2,A,U,7.92,5.62,1.34,4,5,4,4,10,1.0,0.0,1.0,2.0,5.0,3.0,2.0,6.0,6.0,0.0,-1.0,-3.0,2.0,1.0,0.0,1.0,1.0,1.0,0.0,22.2,44.4,33.3,44.4,14.0,12.0,14.0,16.0,1452.9,1741.7
2024-12-29,2024,Fulham,Bournemouth,2,2,D,O,2.35,3.58,2.91,6,9,1,7,10,1.0,3.0,0.0,0.0,4.0,9.0,-5.0,2.0,3.0,-1.0,2.0,6.0,-4.0,1.0,2.0,-1.0,0.0,0.0,0.0,44.4,22.2,44.4,33.3,9.0,19.0,11.0,18.0,1567.4,1557.0
2024-12-29,2024,Everton,Nott'm Forest,0,2,A,U,2.64,3.16,2.83,2,7,5,4,9,1.0,2.0,0.0,1.0,4.0,5.0,-1.0,0.0,5.0,-5.0,4.0,0.0,4.0,1.0,1.0,0.0,0.0,1.0,-1.0,25.0,25.0,55.6,22.2,13.0,12.0,15.0,10.0,1519.3,1560.8
2024-12-29,2024,Crystal Palace,Southampton,2,1,H,O,1.61,4.11,5.42,10,3,8,7,10,0.0,0.0,1.0,1.0,4.0,1.0,3.0,8.0,2.0,6.0,-4.0,-1.0,-3.0,0.0,0.0,0.0,1.0,0.0,1.0,11.1,44.4,0.0,77.8,13.0,3.0,17.0,12.0,1537.7,1362.7
2024-12-27,2024,Brighton,Brentford,0,0,D,U,1.64,4.44,4.89,7,3,5,3,9,1.0,0.0,1.0,2.0,4.0,2.0,2.0,5.0,5.0,0.0,-1.0,-3.0,2.0,0.0,0.0,0.0,1.0,1.0,0.0,37.5,12.5,0.0,87.5,14.0,7.0,15.0,14.0,1563.0,1521.7
2024-12-27,2024,Arsenal,Ipswich,1,0,H,U,1.16,8.37,17.31,5,0,5,1,9,2.0,2.0,0.0,1.0,5.0,4.0,1.0,0.0,3.0,-3.0,5.0,1.0,4.0,2.0,0.0,2.0,0.0,0.0,0.0,62.5,0.0,25.0,50.0,18.0,11.0,29.0,12.0,1753.0,1464.0
2024-12-26,2024,Wolves,Man United,2,0,H,U,3.8,3.7,1.94,4,4,4,4,9,1.0,1.0,2.0,1.0,5.0,3.0,2.0,6.0,4.0,2.0,-1.0,-1.0,0.0,1.0,0.0,1.0,1.0,1.0,0.0,12.5,75.0,25.0,37.5,13.0,9.0,11.0,5.0,1459.1,1595.2
2024-12-26,2024,Southampton,West Ham,0,1,A,U,3.24,3.56,2.18,5,2,2,2,9,0.0,1.0,3.0,1.0,3.0,4.0,-1.0,13.0,4.0,9.0,-10.0,0.0,-10.0,0.0,1.0,-1.0,2.0,1.0,1.0,12.5,75.0,25.0,37.5,12.0,19.0,10.0,18.0,1368.3,1532.0
2024-12-26,2024,Nott'm Forest,Tottenham,1,0,H,U,2.35,3.74,2.82,3,4,2,7,9,2.0,2.0,1.0,1.0,4.0,9.0,-5.0,4.0,1.0,3.0,0.0,8.0,-8.0,0.0,2.0,-2.0,1.0,0.0,1.0,50.0,25.0,37.5,50.0,14.0,20.0,16.0,17.0,1549.7,1588.3
2024-12-26,2024,Newcastle,Aston Villa,3,0,H,O,1.93,3.91,3.66,8,1,9,6,9,1.0,0.0,1.0,3.0,7.0,1.0,6.0,5.0,7.0,-2.0,2.0,-6.0,8.0,1.0,0.0,1.0,1.0,2.0,-1.0,50.0,25.0,37.5,50.0,19.0,8.0,18.0,16.0,1609.5,1623.3
2024-12-26,2024,Man City,Everton,1,1,D,U,1.34,5.46,8.59,5,3,8,5,9,1.0,0.0,2.0,1.0,4.0,0.0,4.0,6.0,4.0,2.0,-2.0,-4.0,2.0,1.0,0.0,1.0,1.0,1.0,0.0,62.5,25.0,12.5,50.0,15.0,6.0,25.0,10.0,1747.6,1513.4
2024-12-26,2024,Liverpool,Leicester,3,1,H,O,1.08,12.4,25.35,7,1,14,1,9,2.0,0.0,0.0,3.0,6.0,1.0,5.0,2.0,11.0,-9.0,4.0,-10.0,14.0,2.0,0.0,2.0,0.0,3.0,-3.0,75.0,12.5,12.5,62.5,16.0,9.0,14.0,11.0,1773.0,1455.7
2024-12-26,2024,Chelsea,Fulham,1,2,A,O,1.47,4.88,6.15,8,7,3,1,9,2.0,1.0,0.0,0.0,6.0,5.0,1.0,2.0,3.0,-1.0,4.0,2.0,2.0,1.0,1.0,0.0,0.0,0.0,0.0,50.0,12.5,25.0,25.0,19.0,16.0,15.0,23.0,1669.9,1554.2
2024-12-26,2024,Bournemouth,Crystal Palace,0,0,D,U,1.9,3.77,3.87,4,4,5,2,9,1.0,2.0,1.0,0.0,3.0,6.0,-3.0,3.0,3.0,0.0,0.0,3.0,-3.0,0.0,1.0,-1.0,0.0,0.0,0.0,50.0,25.0,25.0,37.5,22.0,14.0,24.0,13.0,1557.6,1537.1
2024-12-22,2024,Tottenham,Liverpool,3,6,A,O,4.29,4.33,1.72,5,12,7,5,9,0.0,1.0,2.0,0.0,5.0,8.0,-3.0,7.0,7.0,0.0,-2.0,1.0,-3.0,0.0,0.0,0.0,0.0,0.0,0.0,50.0,37.5,71.4,0.0,13.0,20.0,24.0,19.0,1593.7,1767.6
2024-12-22,2024,Man United,Bournemouth,0,3,A,O,1.85,3.88,4.07,7,5,13,1,9,2.0,2.0,1.0,1.0,9.0,8.0,1.0,3.0,6.0,-3.0,6.0,2.0,4.0,2.0,1.0,1.0,0.0,0.0,0.0,50.0,37.5,37.5,37.5,15.0,17.0,8.0,21.0,1606.9,1545.8
2024-12-22,2024,Leicester,Wolves,0,3,A,O,2.55,3.56,2.69,5,4,6,1,9,1.0,1.0,1.0,2.0,6.0,5.0,1.0,5.0,7.0,-2.0,1.0,-2.0,3.0,1.0,1.0,0.0,0.0,1.0,-1.0,25.0,37.5,12.5,62.5,10.0,12.0,10.0,6.0,1466.2,1448.6
2024-12-22,2024,Fulham,Southampton,0,0,D,U,1.42,4.96,7.21,5,1,6,5,9,1.0,0.0,1.0,2.0,5.0,1.0,4.0,6.0,4.0,2.0,-1.0,-3.0,2.0,1.0,0.0,1.0,1.0,1.0,0.0,50.0,25.0,0.0,87.5,7.0,2.0,12.0,16.0,1559.3,1363.2
2024-12-22,2024,Everton,Chelsea,0,0,D,U,5.18,4.13,1.63,4,5,2,5,8,1.0,3.0,0.0,0.0,5.0,11.0,-6.0,1.0,5.0,-4.0,4.0,6.0,-2.0,1.0,1.0,0.0,0.0,0.0,0.0,28.6,28.6,75.0,12.5,14.0,28.0,17.0,26.0,1508.9,1674.3
2024-12-21,2024,West Ham,Brighton,1,1,D,U,2.8,3.75,2.38,4,6,8,4,9,1.0,1.0,1.0,1.0,4.0,5.0,-1.0,6.0,6.0,0.0,-2.0,-1.0,-1.0,0.0,0.0,0.0,1.0,1.0,0.0,37.5,50.0,37.5,37.5,15.0,14.0,20.0,11.0,1531.1,1563.9
2024-12-21,2024,Ipswich,Newcastle,0,4,A,O,4.61,3.95,1.74,2,7,2,1,9,0.0,1.0,2.0,1.0,2.0,6.0,-4.0,4.0,6.0,-2.0,-2.0,0.0,-2.0,0.0,1.0,-1.0,0.0,1.0,-1.0,0.0,50.0,25.0,37.5,13.0,9.0,14.0,18.0,1470.4,1603.1
2024-12-21,2024,Crystal Palace,Arsenal,1,5,A,O,6.08,4.11,1.57,6,6,3,3,9,0.0,1.0,1.0,0.0,3.0,7.0,-4.0,5.0,4.0,1.0,-2.0,3.0,-5.0,0.0,1.0,-1.0,1.0,0.0,1.0,12.5,37.5,37.5,25.0,12.0,14.0,15.0,19.0,1541.8,1748.4
2024-12-21,2024,Brentford,Nott'm Forest,0,2,A,U,2.35,3.52,2.99,3,6,9,5,9,3.0,1.0,0.0,2.0,11.0,3.0,8.0,5.0,8.0,-3.0,6.0,-5.0,11.0,2.0,0.0,2.0,0.0,2.0,-2.0,87.5,0.0,50.0,25.0,20.0,6.0,14.0,6.0,1531.5,1539.9
2024-12-21,2024,Aston Villa,Man City,2,1,H,O,3.29,3.71,2.12,6,6,5,4,9,2.0,0.0,0.0,2.0,6.0,3.0,3.0,3.0,6.0,-3.0,3.0,-3.0,6.0,1.0,0.0,1.0,0.0,1.0,-1.0,50.0,12.5,37.5,37.5,20.0,12.0,34.0,16.0,1609.2,1761.7
2024-12-16,2024,Bournemouth,West Ham,1,1,D,U,1.71,4.19,4.43,9,3,12,6,8,2.0,1.0,1.0,2.0,4.0,3.0,1.0,3.0,6.0,-3.0,1.0,-3.0,4.0,0.0,1.0,-1.0,0.0,2.0,-2.0,57.1,28.6,28.6,42.9,19.0,18.0,15.0,18.0,1546.3,1530.6
2024-12-15,2024,Southampton,Tottenham,0,5,A,O,4.29,4.47,1.69,3,9,2,5,8,1.0,1.0,2.0,2.0,4.0,4.0,0.0,8.0,2.0,6.0,-4.0,2.0,-6.0,0.0,1.0,-1.0,1.0,0.0,1.0,14.3,71.4,28.6,57.1,11.0,14.0,11.0,20.0,1367.6,1589.3
2024-12-15,2024,Man City,Man United,1,2,A,O,1.58,4.59,5.04,3,3,8,2,8,2.0,0.0,1.0,2.0,4.0,2.0,2.0,4.0,5.0,-1.0,0.0,-3.0,3.0,1.0,0.0,1.0,1.0,1.0,0.0,71.4,14.3,14.3,42.9,20.0,11.0,29.0,8.0,1776.6,1592.1
2024-12-15,2024,Chelsea,Brentford,2,1,H,O,1.33,5.89,8.08,8,4,8,5,8,2.0,0.0,0.0,2.0,6.0,2.0,4.0,2.0,5.0,-3.0,4.0,-3.0,7.0,1.0,0.0,1.0,0.0,1.0,-1.0,42.9,14.3,0.0,85.7,18.0,5.0,14.0,12.0,1667.9,1537.9
2024-12-15,2024,Brighton,Crystal Palace,1,3,A,O,1.89,3.82,3.9,5,5,8,5,8,1.0,1.0,0.0,0.0,5.0,5.0,0.0,4.0,4.0,0.0,1.0,1.0,0.0,0.0,0.0,0.0,0.0,0.0,0.0,42.9,0.0,14.3,42.9,15.0,16.0,16.0,14.0,1575.2,1530.5
2024-12-14,2024,Wolves,Ipswich,1,2,A,O,1.9,3.83,3.85,6,5,7,3,8,1.0,1.0,1.0,2.0,6.0,5.0,1.0,6.0,6.0,0.0,0.0,-1.0,1.0,1.0,0.0,1.0,1.0,0.0,1.0,14.3,71.4,14.3,57.1,13.0,11.0,7.0,14.0,1458.5,1460.4
2024-12-14,2024,Nott'm Forest,Aston Villa,2,1,H,O,2.64,3.39,2.68,6,2,4,3,8,2.0,0.0,1.0,3.0,5.0,1.0,4.0,3.0,9.0,-6.0,2.0,-8.0,10.0,1.0,0.0,1.0,1.0,3.0,-2.0,42.9,28.6,42.9,42.9,14.0,7.0,23.0,17.0,1527.2,1621.8
2024-12-14,2024,Newcastle,Leicester,4,0,H,O,1.31,5.83,9.08,11,1,5,2,8,1.0,0.0,1.0,2.0,4.0,2.0,2.0,5.0,8.0,-3.0,-1.0,-6.0,5.0,0.0,0.0,0.0,1.0,2.0,-1.0,42.9,28.6,14.3,57.1,12.0,14.0,17.0,15.0,1596.5,1472.8
2024-12-14,2024,Liverpool,Fulham,2,2,D,O,1.32,5.75,8.89,4,3,5,4,8,3.0,1.0,0.0,0.0,6.0,4.0,2.0,1.0,2.0,-1.0,5.0,2.0,3.0,2.0,1.0,1.0,0.0,0.0,0.0,85.7,14.3,28.6,28.6,20.0,16.0,19.0,21.0,1773.2,1553.7
2024-12-14,2024,Arsenal,Everton,0,0,D,U,1.23,6.33,13.36,5,0,8,2,8,2.0,0.0,0.0,2.0,7.0,0.0,7.0,2.0,5.0,-3.0,5.0,-5.0,10.0,2.0,0.0,2.0,0.0,1.0,-1.0,71.4,0.0,14.3,57.1,16.0,11.0,22.0,14.0,1754.6,1502.7
2024-12-09,2024,West Ham,Wolves,2,1,H,O,1.91,3.85,3.81,4,5,11,0,8,1.0,1.0,1.0,1.0,4.0,6.0,-2.0,6.0,7.0,-1.0,-2.0,-1.0,-1.0,0.0,1.0,-1.0,1.0,1.0,0.0,28.6,57.1,14.3,57.1,14.0,14.0,15.0,12.0,1522.2,1466.9
2024-12-08,2024,Tottenham,Chelsea,3,4,A,O,3.21,4.04,2.07,5,8,5,10,8,1.0,2.0,1.0,0.0,6.0,8.0,-2.0,4.0,3.0,1.0,2.0,5.0,-3.0,1.0,1.0,0.0,0.0,0.0,0.0,57.1,28.6,71.4,14.3,14.0,23.0,25.0,24.0,1597.6,1659.7
2024-12-08,2024,Leicester,Brighton,2,2,D,O,4.48,4.02,1.75,3,7,5,5,8,1.0,1.0,2.0,2.0,5.0,4.0,1.0,6.0,6.0,0.0,-1.0,-2.0,1.0,1.0,0.0,1.0,1.0,1.0,0.0,28.6,42.9,42.9,42.9,8.0,12.0,11.0,13.0,1469.7,1578.2
2024-12-08,2024,Ipswich,Bournemouth,1,2,A,O,3.57,3.73,2.02,5,6,6,13,8,0.0,1.0,1.0,1.0,2.0,7.0,-5.0,3.0,6.0,-3.0,-1.0,1.0,-2.0,0.0,1.0,-1.0,0.0,0.0,0.0,0.0,42.9,28.6,42.9,10.0,14.0,12.0,15.0,1468.5,1538.3
2024-12-08,2024,Fulham,Arsenal,1,1,D,U,5.4,4.24,1.61,2,4,0,6,8,2.0,1.0,1.0,1.0,6.0,6.0,0.0,6.0,4.0,2.0,0.0,2.0,-2.0,1.0,1.0,0.0,1.0,0.0,1.0,57.1,28.6,42.9,28.6,17.0,11.0,23.0,19.0,1548.3,1760.0
2024-12-07,2024,Man United,Nott'm Forest,2,3,A,O,1.67,4.05,5.12,7,3,5,3,8,2.0,1.0,0.0,2.0,8.0,3.0,5.0,1.0,7.0,-6.0,7.0,-4.0,11.0,2.0,1.0,1.0,0.0,2.0,-2.0,57.1,28.6,42.9,28.6,12.0,8.0,7.0,10.0,1604.6,1514.7
2024-12-07,2024,Crystal Palace,Man City,2,2,D,O,5.39,4.33,1.6,3,4,6,8,8,1.0,0.0,1.0,3.0,2.0,2.0,0.0,3.0,6.0,-3.0,-1.0,-4.0,3.0,0.0,0.0,0.0,1.0,1.0,0.0,14.3,42.9,42.9,42.9,15.0,12.0,17.0,18.0,1524.2,1782.9
2024-12-07,2024,Brentford,Newcastle,4,2,H,O,2.86,3.74,2.36,8,3,3,4,8,3.0,1.0,0.0,1.0,11.0,5.0,6.0,6.0,4.0,2.0,5.0,1.0,4.0,1.0,1.0,0.0,0.0,0.0,0.0,85.7,0.0,28.6,28.6,21.0,9.0,16.0,18.0,1525.6,1608.9
2024-12-07,2024,Aston Villa,Southampton,1,0,H,U,1.37,5.41,7.78,5,0,14,1,8,1.0,0.0,0.0,2.0,6.0,1.0,5.0,4.0,4.0,0.0,2.0,-3.0,5.0,1.0,0.0,1.0,0.0,1.0,-1.0,42.9,14.3,0.0,85.7,23.0,4.0,29.0,16.0,1617.9,1371.5
2024-12-05,2024,Fulham,Brighton,3,1,H,O,2.33,3.65,2.92,2,3,5,6,7,1.0,2.0,2.0,1.0,4.0,4.0,0.0,8.0,3.0,5.0,-4.0,1.0,-5.0,0.0,0.0,0.0,2.0,0.0,2.0,50.0,33.3,50.0,33.3,19.0,14.0,24.0,11.0,1536.8,1589.7
2024-12-05,2024,Bournemouth,Tottenham,1,0,H,U,2.65,3.92,2.42,8,4,5,9,7,2.0,1.0,1.0,2.0,5.0,6.0,-1.0,3.0,4.0,-1.0,2.0,2.0,0.0,1.0,1.0,0.0,0.0,0.0,0.0,50.0,33.3,33.3,50.0,15.0,13.0,17.0,18.0,1525.9,1609.9
2024-12-04,2024,Southampton,Chelsea,1,5,A,O,8.39,5.64,1.34,4,13,5,7,7,1.0,1.0,2.0,1.0,5.0,4.0,1.0,6.0,4.0,2.0,-1.0,0.0,-1.0,0.0,0.0,0.0,0.0,0.0,0.0,16.7,66.7,66.7,16.7,14.0,12.0,16.0,23.0,1374.8,1656.4
2024-12-04,2024,Newcastle,Liverpool,3,3,D,O,4.27,4.04,1.78,6,5,5,6,7,1.0,2.0,2.0,0.0,1.0,6.0,-5.0,3.0,4.0,-1.0,-2.0,2.0,-4.0,0.0,0.0,0.0,1.0,0.0,1.0,50.0,33.3,83.3,0.0,12.0,19.0,21.0,21.0,1604.3,1777.8
2024-12-04,2024,Man City,Nott'm Forest,3,0,H,O,1.37,5.21,8.25,7,3,8,2,7,2.0,1.0,1.0,1.0,4.0,4.0,0.0,6.0,5.0,1.0,-2.0,-1.0,-1.0,0.0,1.0,-1.0,1.0,1.0,0.0,66.7,16.7,50.0,16.7,20.0,14.0,29.0,11.0,1779.2,1518.4
2024-12-04,2024,Everton,Wolves,4,0,H,O,2.14,3.46,3.51,4,2,3,4,7,0.0,1.0,0.0,1.0,1.0,9.0,-8.0,1.0,8.0,-7.0,0.0,1.0,-1.0,0.0,1.0,-1.0,0.0,1.0,-1.0,16.7,33.3,16.7,50.0,12.0,18.0,14.0,11.0,1493.2,1476.4
2024-12-04,2024,Aston Villa,Brentford,3,1,H,O,1.8,4.01,4.24,10,1,10,5,7,0.0,0.0,0.0,2.0,3.0,2.0,1.0,3.0,4.0,-1.0,0.0,-2.0,2.0,0.0,0.0,0.0,0.0,0.0,0.0,33.3,16.7,0.0,83.3,14.0,6.0,25.0,9.0,1610.1,1533.4
2024-12-04,2024,Arsenal,Man United,2,0,H,U,1.46,4.73,6.92,6,2,13,0,7,2.0,0.0,0.0,1.0,8.0,2.0,6.0,3.0,3.0,0.0,5.0,-1.0,6.0,2.0,0.0,2.0,0.0,0.0,0.0,66.7,0.0,16.7,33.3,16.0,13.0,22.0,11.0,1753.9,1610.7
2024-12-03,2024,Leicester,West Ham,3,1,H,O,2.9,3.44,2.47,6,10,3,9,7,1.0,1.0,2.0,2.0,3.0,3.0,0.0,5.0,7.0,-2.0,-2.0,-4.0,2.0,0.0,1.0,-1.0,1.0,2.0,-1.0,16.7,50.0,33.3,33.3,4.0,12.0,8.0,14.0,1457.6,1534.4
2024-12-03,2024,Ipswich,Crystal Palace,0,1,A,U,3.09,3.37,2.38,2,3,4,7,7,0.0,0.0,1.0,1.0,2.0,4.0,-2.0,4.0,5.0,-1.0,-2.0,-1.0,-1.0,0.0,0.0,0.0,1.0,0.0,1.0,0.0,33.3,0.0,50.0,10.0,20.0,13.0,13.0,1477.4,1515.3
2024-12-01,2024,Tottenham,Fulham,1,1,D,U,1.72,4.35,4.24,3,6,7,11,7,2.0,1.0,1.0,1.0,9.0,5.0,4.0,4.0,4.0,0.0,5.0,1.0,4.0,2.0,1.0,1.0,0.0,0.0,0.0,66.7,33.3,33.3,33.3,18.0,14.0,31.0,13.0,1612.1,1534.6
2024-12-01,2024,Man United,Everton,4,0,H,O,1.54,4.33,6.08,5,2,2,2,7,2.0,1.0,0.0,1.0,6.0,2.0,4.0,2.0,1.0,1.0,4.0,1.0,3.0,1.0,1.0,0.0,0.0,0.0,0.0,50.0,33.3,16.7,50.0,18.0,17.0,14.0,20.0,1603.6,1500.3
2024-12-01,2024,Liverpool,Man City,2,0,H,U,2.09,3.7,3.37,7,2,7,4,7,3.0,1.0,0.0,2.0,6.0,4.0,2.0,2.0,5.0,-3.0,4.0,-1.0,5.0,1.0,0.0,1.0,0.0,0.0,0.0,83.3,16.7,50.0,33.3,18.0,17.0,13.0,32.0,1767.1,1789.9
2024-12-01,2024,Chelsea,Aston Villa,3,0,H,O,1.71,4.21,4.51,8,4,3,4,7,1.0,1.0,0.0,2.0,4.0,4.0,0.0,3.0,7.0,-4.0,1.0,-3.0,4.0,0.0,1.0,-1.0,0.0,2.0,-2.0,33.3,16.7,50.0,33.3,18.0,8.0,22.0,24.0,1647.2,1619.3
2024-11-30,2024,Wolves,Bournemouth,2,4,A,O,2.81,3.61,2.44,3,8,3,4,7,1.0,0.0,1.0,2.0,5.0,3.0,2.0,4.0,5.0,-1.0,1.0,-2.0,3.0,1.0,0.0,1.0,0.0,0.0,0.0,16.7,66.7,16.7,50.0,12.0,8.0,5.0,20.0,1485.5,1516.8
2024-11-30,2024,West Ham,Arsenal,2,5,A,O,7.09,4.68,1.46,5,7,2,10,7,2.0,0.0,0.0,2.0,6.0,1.0,5.0,2.0,4.0,-2.0,4.0,-3.0,7.0,1.0,0.0,1.0,0.0,1.0,-1.0,33.3,50.0,33.3,33.3,22.0,5.0,18.0,13.0,1539.0,1749.3
2024-11-30,2024,Nott'm Forest,Ipswich,1,0,H,U,1.75,3.82,4.79,5,3,8,7,7,2.0,1.0,1.0,2.0,5.0,6.0,-1.0,3.0,9.0,-6.0,2.0,-3.0,5.0,1.0,0.0,1.0,1.0,1.0,0.0,33.3,33.3,16.7,50.0,15.0,10.0,21.0,12.0,1509.0,1486.7
2024-11-30,2024,Crystal Palace,Newcastle,1,1,D,U,3.04,3.56,2.3,4,0,8,9,7,1.0,1.0,2.0,1.0,1.0,4.0,-3.0,3.0,3.0,0.0,-2.0,1.0,-3.0,0.0,1.0,-1.0,1.0,0.0,1.0,16.7,50.0,33.3,33.3,16.0,12.0,12.0,19.0,1512.6,1606.9
2024-11-30,2024,Brentford,Leicester,4,1,H,O,1.66,4.24,4.87,6,3,5,4,7,3.0,1.0,0.0,1.0,12.0,4.0,8.0,8.0,6.0,2.0,4.0,-2.0,6.0,1.0,0.0,1.0,0.0,1.0,-1.0,83.3,0.0,16.7,50.0,27.0,15.0,21.0,17.0,1525.1,1465.9
2024-11-29,2024,Brighton,Southampton,1,1,D,U,1.39,5.29,7.57,5,2,7,6,7,2.0,0.0,0.0,3.0,7.0,1.0,6.0,5.0,6.0,-1.0,2.0,-5.0,7.0,0.0,0.0,0.0,0.0,2.0,-2.0,50.0,0.0,0.0,100.0,14.0,4.0,13.0,11.0,1595.4,1369.0
2024-11-25,2024,Newcastle,West Ham,0,2,A,U,1.5,4.57,6.21,2,6,8,3,6,1.0,0.0,1.0,2.0,2.0,2.0,0.0,2.0,8.0,-6.0,0.0,-6.0,6.0,0.0,0.0,0.0,0.0,2.0,-2.0,60.0,20.0,20.0,40.0,14.0,9.0,18.0,18.0,1619.5,1526.3
2024-11-24,2024,Southampton,Liverpool,2,3,A,O,10.4,5.96,1.28,5,11,3,10,6,1.0,2.0,1.0,0.0,4.0,5.0,-1.0,4.0,3.0,1.0,0.0,2.0,-2.0,0.0,0.0,0.0,0.0,0.0,0.0,20.0,60.0,80.0,0.0,12.0,14.0,15.0,21.0,1370.9,1765.3
2024-11-24,2024,Ipswich,Man United,1,1,D,U,5.06,4.22,1.63,6,4,4,3,6,0.0,0.0,1.0,1.0,3.0,1.0,2.0,5.0,2.0,3.0,-2.0,-1.0,-1.0,0.0,0.0,0.0,1.0,0.0,1.0,0.0,40.0,20.0,40.0,9.0,15.0,19.0,19.0,1483.3,1607.0
2024-11-23,2024,Man City,Tottenham,0,4,A,O,1.49,5.01,5.92,5,7,9,3,6,2.0,1.0,0.0,2.0,6.0,5.0,1.0,4.0,4.0,0.0,2.0,1.0,1.0,0.0,1.0,-1.0,0.0,0.0,0.0,80.0,0.0,20.0,60.0,26.0,16.0,28.0,18.0,1805.3,1596.8
2024-11-23,2024,Leicester,Chelsea,1,2,A,O,6.75,4.81,1.46,1,7,2,9,6,1.0,1.0,1.0,1.0,3.0,5.0,-2.0,4.0,3.0,1.0,-1.0,2.0,-3.0,0.0,1.0,-1.0,1.0,0.0,1.0,20.0,40.0,60.0,20.0,5.0,10.0,12.0,19.0,1471.3,1641.7
2024-11-23,2024,Fulham,Wolves,1,4,A,O,1.65,4.09,5.23,3,5,7,2,6,2.0,0.0,1.0,2.0,6.0,6.0,0.0,5.0,10.0,-5.0,1.0,-4.0,5.0,1.0,0.0,1.0,1.0,2.0,-1.0,60.0,20.0,0.0,60.0,27.0,17.0,23.0,14.0,1546.7,1473.5
2024-11-23,2024,Everton,Brentford,0,0,D,U,2.46,3.41,2.94,5,2,10,4,6,1.0,0.0,0.0,3.0,3.0,3.0,0.0,2.0,7.0,-5.0,1.0,-4.0,5.0,0.0,0.0,0.0,0.0,1.0,-1.0,20.0,40.0,0.0,100.0,9.0,10.0,9.0,9.0,1499.6,1525.8
2024-11-23,2024,Bournemouth,Brighton,1,2,A,O,2.41,3.62,2.86,5,4,7,0,6,3.0,1.0,0.0,2.0,7.0,4.0,3.0,2.0,6.0,-4.0,5.0,-2.0,7.0,2.0,0.0,2.0,0.0,1.0,-1.0,60.0,20.0,40.0,40.0,16.0,15.0,17.0,13.0,1525.0,1587.2
2024-11-23,2024,Aston Villa,Crystal Palace,2,2,D,O,1.63,4.11,5.45,5,6,10,1,6,1.0,0.0,0.0,2.0,4.0,3.0,1.0,2.0,5.0,-3.0,2.0,-2.0,4.0,1.0,0.0,1.0,0.0,0.0,0.0,40.0,20.0,0.0,60.0,13.0,19.0,21.0,20.0,1622.5,1509.5
2024-11-23,2024,Arsenal,Nott'm Forest,3,0,H,O,1.37,4.97,8.9,7,0,8,1,6,2.0,1.0,0.0,0.0,9.0,6.0,3.0,5.0,4.0,1.0,4.0,2.0,2.0,2.0,1.0,1.0,0.0,0.0,0.0,60.0,0.0,60.0,0.0,25.0,17.0,31.0,11.0,1745.2,1513.2
2024-11-10,2024,Tottenham,Ipswich,1,2,A,O,1.26,6.76,9.98,5,3,12,2,6,3.0,0.0,0.0,2.0,11.0,5.0,6.0,3.0,9.0,-6.0,8.0,-4.0,12.0,3.0,0.0,3.0,0.0,1.0,-1.0,80.0,20.0,0.0,60.0,23.0,13.0,28.0,20.0,1610.6,1469.5
2024-11-10,2024,Nott'm Forest,Newcastle,1,3,A,O,2.69,3.31,2.72,3,6,4,5,6,2.0,0.0,1.0,2.0,4.0,2.0,2.0,1.0,5.0,-4.0,3.0,-3.0,6.0,1.0,0.0,1.0,0.0,1.0,-1.0,40.0,20.0,20.0,40.0,13.0,10.0,23.0,14.0,1520.6,1612.1
2024-11-10,2024,Man United,Leicester,3,0,H,O,1.39,5.35,7.46,3,5,1,5,6,1.0,1.0,1.0,1.0,3.0,6.0,-3.0,5.0,7.0,-2.0,-2.0,-1.0,-1.0,0.0,0.0,0.0,1.0,1.0,0.0,40.0,40.0,20.0,40.0,17.0,13.0,18.0,12.0,1600.4,1478.0
2024-11-10,2024,Chelsea,Arsenal,1,1,D,U,2.75,3.49,2.53,3,3,4,3,6,2.0,0.0,0.0,2.0,7.0,2.0,5.0,4.0,5.0,-1.0,3.0,-3.0,6.0,1.0,0.0,1.0,0.0,1.0,-1.0,40.0,20.0,40.0,40.0,22.0,5.0,26.0,12.0,1638.7,1748.2
2024-11-09,2024,Wolves,Southampton,2,0,H,U,1.96,3.84,3.67,4,0,1,9,6,0.0,0.0,2.0,3.0,4.0,2.0,2.0,6.0,7.0,-1.0,-2.0,-5.0,3.0,0.0,0.0,0.0,0.0,2.0,-2.0,0.0,80.0,0.0,100.0,11.0,7.0,6.0,6.0,1465.9,1378.4
2024-11-09,2024,West Ham,Everton,0,0,D,U,2.18,3.47,3.38,6,4,7,6,6,2.0,1.0,1.0,1.0,6.0,3.0,3.0,5.0,2.0,3.0,1.0,1.0,0.0,1.0,1.0,0.0,1.0,0.0,1.0,40.0,60.0,20.0,60.0,23.0,18.0,17.0,15.0,1527.2,1498.8
2024-11-09,2024,Liverpool,Aston Villa,2,0,H,U,1.42,5.26,6.7,5,2,2,9,6,3.0,1.0,0.0,1.0,7.0,6.0,1.0,2.0,7.0,-5.0,5.0,-1.0,6.0,1.0,1.0,0.0,0.0,1.0,-1.0,80.0,20.0,60.0,20.0,26.0,9.0,14.0,15.0,1758.8,1628.9
2024-11-09,2024,Crystal Palace,Fulham,0,2,A,U,2.7,3.48,2.61,5,7,1,8,6,1.0,1.0,1.0,1.0,1.0,4.0,-3.0,1.0,4.0,-3.0,0.0,0.0,0.0,0.0,0.0,0.0,0.0,0.0,0.0,20.0,40.0,20.0,40.0,15.0,9.0,15.0,10.0,1519.0,1537.2
2024-11-09,2024,Brighton,Man City,2,1,H,O,4.34,4.17,1.75,4,6,0,4,6,1.0,1.0,0.0,1.0,7.0,4.0,3.0,6.0,4.0,2.0,1.0,0.0,1.0,0.0,0.0,0.0,0.0,0.0,0.0,40.0,0.0,60.0,20.0,13.0,17.0,22.0,34.0,1571.0,1821.4
2024-11-09,2024,Brentford,Bournemouth,3,2,H,O,2.53,3.59,2.72,6,3,6,4,6,2.0,0.0,0.0,2.0,10.0,1.0,9.0,7.0,5.0,2.0,3.0,-4.0,7.0,1.0,0.0,1.0,0.0,1.0,-1.0,80.0,0.0,20.0,40.0,24.0,11.0,22.0,25.0,1515.2,1535.6
2024-11-04,2024,Fulham,Brentford,2,1,H,O,2.03,3.73,3.52,12,2,11,3,5,1.0,0.0,1.0,3.0,5.0,3.0,2.0,5.0,7.0,-2.0,0.0,-4.0,4.0,1.0,0.0,1.0,1.0,1.0,0.0,50.0,25.0,0.0,100.0,20.0,13.0,15.0,9.0,1527.2,1525.2
2024-11-03,2024,Tottenham,Aston Villa,4,1,H,O,1.93,4.07,3.55,6,1,6,4,5,2.0,2.0,1.0,0.0,7.0,7.0,0.0,3.0,4.0,-1.0,4.0,3.0,1.0,2.0,1.0,1.0,0.0,0.0,0.0,75.0,25.0,75.0,0.0,22.0,13.0,29.0,15.0,1599.5,1640.0
2024-11-03,2024,Man United,Chelsea,1,1,D,U,2.58,3.78,2.56,4,3,4,8,5,1.0,2.0,2.0,1.0,2.0,5.0,-3.0,7.0,2.0,5.0,-5.0,3.0,-8.0,0.0,1.0,-1.0,2.0,0.0,2.0,50.0,50.0,75.0,25.0,16.0,10.0,19.0,14.0,1599.2,1639.8
2024-11-02,2024,Wolves,Crystal Palace,2,2,D,O,2.53,3.4,2.85,6,7,3,6,5,0.0,0.0,3.0,2.0,3.0,2.0,1.0,6.0,4.0,2.0,-3.0,-2.0,-1.0,0.0,0.0,0.0,0.0,0.0,0.0,0.0,100.0,0.0,75.0,10.0,15.0,7.0,19.0,1464.3,1520.6
2024-11-02,2024,Southampton,Everton,1,0,H,U,2.65,3.48,2.66,2,5,3,6,5,0.0,1.0,2.0,1.0,3.0,5.0,-2.0,7.0,4.0,3.0,-4.0,1.0,-5.0,0.0,1.0,-1.0,1.0,0.0,1.0,0.0,75.0,25.0,50.0,14.0,15.0,12.0,11.0,1364.4,1512.8
2024-11-02,2024,Nott'm Forest,West Ham,3,0,H,O,2.15,3.52,3.43,6,2,11,6,5,1.0,0.0,1.0,1.0,2.0,3.0,-1.0,2.0,6.0,-4.0,0.0,-3.0,3.0,0.0,0.0,0.0,0.0,1.0,-1.0,25.0,25.0,25.0,25.0,12.0,10.0,19.0,14.0,1509.8,1538.0
2024-11-02,2024,Newcastle,Arsenal,1,0,H,U,3.77,3.69,1.98,4,1,4,6,5,1.0,1.0,1.0,1.0,3.0,3.0,0.0,3.0,4.0,-1.0,0.0,-1.0,1.0,0.0,0.0,0.0,0.0,1.0,-1.0,50.0,25.0,50.0,25.0,13.0,8.0,21.0,12.0,1597.7,1762.6
2024-11-02,2024,Liverpool,Brighton,2,1,H,O,1.39,5.4,7.12,8,5,10,7,5,2.0,1.0,1.0,1.0,5.0,4.0,1.0,2.0,5.0,-3.0,3.0,-1.0,4.0,1.0,0.0,1.0,0.0,1.0,-1.0,75.0,25.0,50.0,25.0,23.0,14.0,11.0,13.0,1753.5,1576.3
2024-11-02,2024,Ipswich,Leicester,1,1,D,U,2.27,3.61,3.09,2,6,4,6,5,0.0,1.0,1.0,1.0,3.0,7.0,-4.0,5.0,8.0,-3.0,-2.0,-1.0,-1.0,0.0,0.0,0.0,1.0,1.0,0.0,0.0,50.0,25.0,50.0,11.0,11.0,23.0,8.0,1469.2,1478.2
2024-11-02,2024,Bournemouth,Man City,2,1,H,O,5.32,4.44,1.59,6,4,3,10,5,2.0,2.0,1.0,0.0,5.0,6.0,-1.0,2.0,3.0,-1.0,3.0,3.0,0.0,2.0,1.0,1.0,0.0,0.0,0.0,50.0,25.0,75.0,0.0,17.0,21.0,20.0,35.0,1518.3,1838.7
2024-10-27,2024,West Ham,Man United,2,1,H,O,2.89,3.71,2.33,3,5,6,5,5,1.0,1.0,2.0,0.0,5.0,3.0,2.0,7.0,0.0,7.0,-2.0,3.0,-5.0,1.0,1.0,0.0,2.0,0.0,2.0,25.0,75.0,25.0,25.0,22.0,20.0,14.0,21.0,1525.5,1611.7
2024-10-27,2024,Crystal Palace,Tottenham,1,0,H,U,3.97,3.97,1.85,6,3,8,8,5,0.0,1.0,1.0,2.0,2.0,6.0,-4.0,3.0,5.0,-2.0,-1.0,1.0,-2.0,0.0,1.0,-1.0,0.0,0.0,0.0,0.0,50.0,25.0,50.0,13.0,19.0,12.0,22.0,1507.7,1612.4
2024-10-27,2024,Chelsea,Newcastle,2,1,H,O,1.76,4.26,4.15,7,3,7,4,5,1.0,1.0,0.0,1.0,6.0,3.0,3.0,4.0,4.0,0.0,2.0,-1.0,3.0,1.0,0.0,1.0,0.0,1.0,-1.0,25.0,25.0,25.0,25.0,22.0,13.0,23.0,17.0,1630.5,1607.0
2024-10-27,2024,Arsenal,Liverpool,2,2,D,O,2.49,3.37,2.89,3,4,1,3,5,2.0,3.0,0.0,0.0,8.0,6.0,2.0,4.0,1.0,3.0,4.0,5.0,-1.0,2.0,1.0,1.0,0.0,0.0,0.0,75.0,0.0,100.0,0.0,29.0,13.0,33.0,20.0,1762.9,1753.3
2024-10-26,2024,Man City,Southampton,1,0,H,U,1.11,10.94,21.04,8,2,12,1,5,2.0,0.0,0.0,3.0,7.0,3.0,4.0,5.0,9.0,-4.0,2.0,-6.0,8.0,0.0,0.0,0.0,0.0,3.0,-3.0,75.0,0.0,0.0,100.0,25.0,11.0,28.0,13.0,1837.5,1365.7
2024-10-26,2024,Everton,Fulham,1,1,D,U,2.76,3.37,2.6,5,3,4,2,5,1.0,1.0,1.0,1.0,4.0,4.0,0.0,4.0,4.0,0.0,0.0,0.0,0.0,0.0,0.0,0.0,0.0,0.0,0.0,25.0,50.0,25.0,50.0,12.0,10.0,13.0,14.0,1512.4,1527.7
2024-10-26,2024,Brighton,Wolves,2,2,D,O,1.64,4.32,4.94,6,7,9,6,5,1.0,0.0,0.0,2.0,5.0,5.0,0.0,4.0,9.0,-5.0,1.0,-4.0,5.0,0.0,0.0,0.0,0.0,2.0,-2.0,50.0,0.0,0.0,75.0,13.0,13.0,22.0,11.0,1579.6,1461.0
2024-10-26,2024,Brentford,Ipswich,4,3,H,O,1.67,4.27,4.86,9,5,5,5,5,2.0,0.0,0.0,1.0,9.0,2.0,7.0,5.0,5.0,0.0,4.0,-3.0,7.0,2.0,0.0,2.0,0.0,1.0,-1.0,75.0,0.0,0.0,50.0,22.0,9.0,19.0,17.0,1516.3,1478.1
2024-10-26,2024,Aston Villa,Bournemouth,1,1,D,U,1.86,3.97,3.97,8,3,9,7,5,2.0,1.0,0.0,2.0,6.0,3.0,3.0,3.0,6.0,-3.0,3.0,-3.0,6.0,1.0,0.0,1.0,0.0,1.0,-1.0,50.0,25.0,25.0,50.0,13.0,15.0,18.0,22.0,1643.6,1514.8
2024-10-25,2024,Leicester,Nott'm Forest,1,3,A,O,3.09,3.32,2.41,1,5,6,7,5,1.0,1.0,1.0,0.0,3.0,4.0,-1.0,3.0,3.0,0.0,0.0,1.0,-1.0,0.0,0.0,0.0,0.0,0.0,0.0,25.0,25.0,50.0,0.0,7.0,15.0,7.0,6.0,1487.9,1500.1
2024-10-21,2024,Nott'm Forest,Crystal Palace,1,0,H,U,2.36,3.31,3.11,6,7,6,6,4,0.0,0.0,1.0,2.0,2.0,3.0,-1.0,3.0,5.0,-2.0,-1.0,-2.0,1.0,0.0,0.0,0.0,0.0,0.0,0.0,0.0,33.3,0.0,66.7,14.0,14.0,15.0,20.0,1489.3,1518.5
2024-10-20,2024,Wolves,Man City,1,2,A,O,8.88,5.85,1.31,2,7,1,18,4,0.0,2.0,3.0,0.0,4.0,6.0,-2.0,10.0,2.0,8.0,-6.0,4.0,-10.0,0.0,2.0,-2.0,1.0,0.0,1.0,0.0,100.0,66.7,0.0,12.0,19.0,11.0,20.0,1463.1,1835.4
2024-10-20,2024,Liverpool,Chelsea,2,1,H,O,1.63,4.39,4.89,5,2,1,6,4,2.0,3.0,1.0,0.0,5.0,10.0,-5.0,1.0,2.0,-1.0,4.0,8.0,-4.0,2.0,2.0,0.0,0.0,0.0,0.0,66.7,33.3,100.0,0.0,26.0,16.0,19.0,13.0,1746.3,1637.5
2024-10-19,2024,Tottenham,West Ham,4,1,H,O,1.5,4.91,5.73,7,4,13,5,4,2.0,1.0,1.0,0.0,7.0,4.0,3.0,2.0,2.0,0.0,5.0,2.0,3.0,2.0,1.0,1.0,0.0,0.0,0.0,66.7,33.3,33.3,0.0,22.0,9.0,28.0,12.0,1604.4,1533.5
2024-10-19,2024,Southampton,Leicester,2,3,A,O,2.33,3.54,3.03,7,4,10,6,4,0.0,0.0,2.0,2.0,1.0,5.0,-4.0,5.0,8.0,-3.0,-4.0,-3.0,-1.0,0.0,0.0,0.0,1.0,1.0,0.0,0.0,66.7,0.0,66.7,8.0,11.0,6.0,7.0,1372.6,1480.9
2024-10-19,2024,Newcastle,Brighton,0,1,A,U,2.01,3.88,3.51,6,5,9,4,4,2.0,1.0,0.0,1.0,4.0,6.0,-2.0,2.0,5.0,-3.0,2.0,1.0,1.0,0.0,1.0,-1.0,0.0,1.0,-1.0,66.7,0.0,33.3,33.3,8.0,14.0,15.0,14.0,1618.5,1568.2
2024-10-19,2024,Man United,Brentford,2,1,H,O,1.71,4.28,4.48,11,2,9,2,4,1.0,0.0,2.0,3.0,1.0,2.0,-1.0,6.0,7.0,-1.0,-5.0,-5.0,0.0,0.0,0.0,0.0,2.0,2.0,0.0,33.3,66.7,0.0,100.0,10.0,13.0,17.0,11.0,1603.9,1524.0
2024-10-19,2024,Ipswich,Everton,0,2,A,U,2.4,3.42,3.01,2,8,5,8,4,0.0,0.0,1.0,2.0,3.0,3.0,0.0,5.0,8.0,-3.0,-2.0,-5.0,3.0,0.0,0.0,0.0,1.0,1.0,0.0,0.0,33.3,0.0,66.7,11.0,8.0,20.0,8.0,1487.7,1502.8
2024-10-19,2024,Fulham,Aston Villa,1,3,A,O,2.44,3.5,2.89,4,5,6,11,4,2.0,2.0,0.0,0.0,6.0,6.0,0.0,3.0,4.0,-1.0,3.0,2.0,1.0,1.0,0.0,1.0,0.0,0.0,0.0,66.7,0.0,66.7,0.0,22.0,11.0,16.0,7.0,1534.8,1636.4
2024-10-19,2024,Bournemouth,Arsenal,2,0,H,U,4.94,4.09,1.68,4,1,7,4,4,1.0,2.0,1.0,0.0,4.0,5.0,-1.0,3.0,2.0,1.0,1.0,3.0,-2.0,1.0,1.0,0.0,0.0,0.0,0.0,33.3,33.3,66.7,0.0,17.0,11.0,21.0,9.0,1498.1,1779.6
2024-10-06,2024,Chelsea,Nott'm Forest,1,1,D,U,1.48,4.73,6.32,8,9,11,3,4,1.0,2.0,1.0,0.0,5.0,4.0,1.0,5.0,2.0,3.0,0.0,2.0,-2.0,1.0,0.0,1.0,1.0,0.0,1.0,33.3,33.3,66.7,0.0,17.0,14.0,16.0,13.0,1641.7,1485.1
2024-10-06,2024,Brighton,Tottenham,3,2,H,O,2.9,4.01,2.23,4,3,4,7,4,1.0,1.0,0.0,1.0,4.0,5.0,-1.0,3.0,3.0,0.0,1.0,2.0,-1.0,0.0,1.0,-1.0,0.0,0.0,0.0,33.3,0.0,33.3,33.3,14.0,23.0,22.0,28.0,1556.5,1616.1
2024-10-06,2024,Aston Villa,Man United,0,0,D,U,2.21,3.82,3.06,1,4,6,3,4,2.0,1.0,1.0,1.0,6.0,4.0,2.0,5.0,2.0,3.0,1.0,2.0,-1.0,1.0,1.0,0.0,1.0,0.0,1.0,66.7,33.3,33.3,33.3,15.0,20.0,16.0,22.0,1637.4,1602.9
2024-10-05,2024,West Ham,Ipswich,4,1,H,O,1.8,3.96,4.25,13,2,5,5,4,0.0,0.0,3.0,1.0,2.0,2.0,0.0,8.0,5.0,3.0,-6.0,-3.0,-3.0,0.0,0.0,0.0,2.0,1.0,1.0,0.0,100.0,0.0,33.3,12.0,8.0,14.0,13.0,1524.3,1496.9
2024-10-05,2024,Man City,Fulham,3,2,H,O,1.24,6.85,11.11,7,4,8,3,4,2.0,1.0,0.0,1.0,8.0,2.0,6.0,4.0,2.0,2.0,4.0,0.0,4.0,1.0,0.0,1.0,0.0,0.0,0.0,66.7,0.0,33.3,33.3,23.0,8.0,30.0,19.0,1832.3,1537.9
2024-10-05,2024,Leicester,Bournemouth,1,0,H,U,3.24,3.66,2.17,2,2,0,9,4,0.0,1.0,1.0,1.0,3.0,4.0,-1.0,4.0,6.0,-2.0,-1.0,-2.0,1.0,0.0,0.0,0.0,0.0,1.0,-1.0,0.0,33.3,33.3,33.3,8.0,17.0,9.0,19.0,1469.7,1509.2
2024-10-05,2024,Everton,Newcastle,0,0,D,U,3.15,3.62,2.23,2,3,0,10,4,1.0,1.0,2.0,1.0,4.0,4.0,0.0,7.0,5.0,2.0,-3.0,-1.0,-2.0,0.0,0.0,0.0,1.0,1.0,0.0,33.3,66.7,33.3,33.3,11.0,15.0,14.0,16.0,1499.4,1621.8
2024-10-05,2024,Crystal Palace,Liverpool,0,1,A,U,6.36,4.65,1.49,5,4,3,8,4,0.0,3.0,1.0,0.0,2.0,7.0,-5.0,4.0,1.0,3.0,-2.0,6.0,-8.0,0.0,2.0,-2.0,1.0,0.0,1.0,0.0,33.3,100.0,0.0,10.0,14.0,12.0,22.0,1522.9,1741.9
2024-10-05,2024,Brentford,Wolves,5,3,H,O,2.09,3.64,3.47,12,6,10,3,4,2.0,0.0,0.0,2.0,6.0,2.0,4.0,3.0,6.0,-3.0,3.0,-4.0,7.0,1.0,0.0,1.0,0.0,2.0,-2.0,66.7,0.0,0.0,66.7,15.0,10.0,13.0,10.0,1515.3,1471.9
2024-10-05,2024,Arsenal,Southampton,3,1,H,O,1.14,9.2,18.63,6,2,13,1,4,2.0,0.0,0.0,3.0,7.0,2.0,5.0,3.0,7.0,-4.0,4.0,-5.0,9.0,2.0,0.0,2.0,0.0,2.0,-2.0,66.7,0.0,0.0,100.0,29.0,13.0,28.0,24.0,1777.8,1374.4
2024-09-30,2024,Bournemouth,Southampton,3,1,H,O,1.65,4.29,4.91,6,3,7,4,3,,,,,,,,,,,,,,,,,,,,0.0,50.0,0.0,100.0,,,,,1502.6,1381.1
2024-09-29,2024,Man United,Tottenham,0,3,A,O,2.36,3.89,2.77,2,10,5,3,3,,,,,,,,,,,,,,,,,,,,50.0,50.0,0.0,50.0,,,,,1613.1,1605.9
2024-09-29,2024,Ipswich,Aston Villa,2,2,D,O,4.15,3.77,1.87,5,3,10,0,3,,,,,,,,,,,,,,,,,,,,0.0,50.0,100.0,0.0,,,,,1492.9,1641.5
2024-09-28,2024,Wolves,Liverpool,1,2,A,O,8.05,5.55,1.35,3,6,2,10,3,,,,,,,,,,,,,,,,,,,,0.0,100.0,100.0,0.0,,,,,1475.5,1738.3
2024-09-28,2024,Nott'm Forest,Fulham,0,1,A,U,2.4,3.34,3.07,1,2,6,5,3,,,,,,,,,,,,,,,,,,,,0.0,0.0,0.0,50.0,,,,,1494.1,1528.9
2024-09-28,2024,Newcastle,Man City,1,1,D,U,5.09,4.47,1.61,4,6,5,6,3,,,,,,,,,,,,,,,,,,,,100.0,0.0,100.0,0.0,,,,,1616.2,1837.9
2024-09-28,2024,Everton,Crystal Palace,2,1,H,O,2.73,3.39,2.63,2,5,5,8,3,,,,,,,,,,,,,,,,,,,,0.0,100.0,0.0,50.0,,,,,1488.1,1534.2
2024-09-28,2024,Chelsea,Brighton,4,2,H,O,1.74,4.23,4.35,7,5,8,2,3,,,,,,,,,,,,,,,,,,,,0.0,50.0,50.0,0.0,,,,,1633.6,1564.5
2024-09-28,2024,Brentford,West Ham,1,1,D,U,2.23,3.62,3.16,3,3,7,7,3,,,,,,,,,,,,,,,,,,,,100.0,0.0,50.0,0.0,,,,,1515.0,1524.6
2024-09-28,2024,Arsenal,Leicester,4,2,H,O,1.18,7.82,15.12,16,3,17,0,3,,,,,,,,,,,,,,,,,,,,50.0,0.0,0.0,50.0,,,,,1774.8,1472.7
2024-09-22,2024,Man City,Arsenal,2,2,D,O,1.83,3.62,4.52,11,3,8,2,3,,,,,,,,,,,,,,,,,,,,100.0,0.0,100.0,0.0,,,,,1839.8,1772.9
2024-09-22,2024,Brighton,Nott'm Forest,2,2,D,O,1.86,3.83,4.21,3,3,9,1,3,,,,,,,,,,,,,,,,,,,,50.0,0.0,100.0,0.0,,,,,1566.6,1491.9
2024-09-21,2024,West Ham,Chelsea,0,3,A,O,3.49,3.89,2.01,7,5,6,5,3,,,,,,,,,,,,,,,,,,,,0.0,100.0,100.0,0.0,,,,,1531.9,1626.3
2024-09-21,2024,Tottenham,Brentford,3,1,H,O,1.55,4.72,5.41,10,6,9,4,3,,,,,,,,,,,,,,,,,,,,50.0,50.0,0.0,100.0,,,,,1598.0,1522.8
2024-09-21,2024,Southampton,Ipswich,1,1,D,U,2.25,3.52,3.17,3,6,2,10,3,,,,,,,,,,,,,,,,,,,,0.0,100.0,0.0,50.0,,,,,1377.8,1496.1
2024-09-21,2024,Liverpool,Bournemouth,3,0,H,O,1.29,6.31,9.35,13,6,3,9,3,,,,,,,,,,,,,,,,,,,,50.0,50.0,50.0,0.0,,,,,1734.0,1506.8
2024-09-21,2024,Leicester,Everton,1,1,D,U,2.52,3.44,2.82,2,5,6,1,3,,,,,,,,,,,,,,,,,,,,0.0,50.0,0.0,100.0,,,,,1472.3,1488.6
2024-09-21,2024,Fulham,Newcastle,3,1,H,O,2.86,3.51,2.45,11,4,6,0,3,,,,,,,,,,,,,,,,,,,,50.0,0.0,50.0,0.0,,,,,1515.8,1629.4
2024-09-21,2024,Crystal Palace,Man United,0,0,D,U,2.85,3.72,2.36,4,6,4,11,3,,,,,,,,,,,,,,,,,,,,0.0,50.0,50.0,50.0,,,,,1531.9,1615.5
2024-09-21,2024,Aston Villa,Wolves,3,1,H,O,1.59,4.39,5.35,4,4,6,5,3,,,,,,,,,,,,,,,,,,,,50.0,50.0,0.0,50.0,,,,,1635.6,1481.3
2024-09-15,2024,Wolves,Newcastle,1,2,A,O,3.36,3.69,2.11,5,6,4,7,2,,,,,,,,,,,,,,,,,,,,0.0,100.0,0.0,0.0,,,,,1487.6,1623.1
2024-09-15,2024,Tottenham,Arsenal,0,1,A,U,2.99,3.59,2.33,5,4,7,6,2,,,,,,,,,,,,,,,,,,,,100.0,0.0,100.0,0.0,,,,,1603.6,1767.3
2024-09-14,2024,Southampton,Man United,0,3,A,O,4.56,4.04,1.74,4,10,0,7,2,,,,,,,,,,,,,,,,,,,,0.0,100.0,0.0,100.0,,,,,1382.0,1611.3
2024-09-14,2024,Man City,Brentford,2,1,H,O,1.17,8.2,14.79,7,5,12,3,2,,,,,,,,,,,,,,,,,,,,100.0,0.0,0.0,100.0,,,,,1836.9,1525.7
2024-09-14,2024,Liverpool,Nott'm Forest,0,1,A,U,1.22,7.03,12.4,5,3,7,2,2,,,,,,,,,,,,,,,,,,,,100.0,0.0,100.0,0.0,,,,,1750.6,1475.4
2024-09-14,2024,Fulham,West Ham,1,1,D,U,2.42,3.48,2.92,5,3,3,2,2,,,,,,,,,,,,,,,,,,,,100.0,0.0,100.0,0.0,,,,,1515.3,1532.4
2024-09-14,2024,Crystal Palace,Leicester,2,2,D,O,1.63,4.14,5.38,4,4,5,2,2,,,,,,,,,,,,,,,,,,,,0.0,100.0,0.0,100.0,,,,,1533.7,1470.5
2024-09-14,2024,Brighton,Ipswich,0,0,D,U,1.38,5.16,7.89,6,1,9,2,2,,,,,,,,,,,,,,,,,,,,100.0,0.0,0.0,100.0,,,,,1568.8,1494.0
2024-09-14,2024,Bournemouth,Chelsea,0,1,A,U,3.33,3.96,2.05,7,3,6,3,2,,,,,,,,,,,,,,,,,,,,0.0,0.0,100.0,0.0,,,,,1513.9,1619.2
2024-09-14,2024,Aston Villa,Everton,3,2,H,O,1.51,4.48,6.34,8,2,6,2,2,,,,,,,,,,,,,,,,,,,,0.0,100.0,0.0,100.0,,,,,1629.3,1494.9
2024-09-01,2024,Newcastle,Tottenham,2,1,H,O,2.51,3.97,2.56,3,6,7,12,2,,,,,,,,,,,,,,,,,,,,100.0,0.0,0.0,0.0,,,,,1613.1,1613.6
2024-09-01,2024,Man United,Liverpool,0,3,A,O,3.82,4.2,1.85,3,3,5,2,2,,,,,,,,,,,,,,,,,,,,100.0,0.0,100.0,0.0,,,,,1617.8,1744.1
2024-09-01,2024,Chelsea,Crystal Palace,1,1,D,U,1.63,4.4,5.01,7,3,4,5,2,,,,,,,,,,,,,,,,,,,,0.0,100.0,0.0,100.0,,,,,1621.8,1531.1
2024-08-31,2024,West Ham,Man City,1,3,A,O,7.57,5.49,1.38,2,8,3,11,2,,,,,,,,,,,,,,,,,,,,0.0,100.0,100.0,0.0,,,,,1535.5,1833.9
2024-08-31,2024,Nott'm Forest,Wolves,1,1,D,U,2.03,3.66,3.65,5,3,7,3,2,,,,,,,,,,,,,,,,,,,,0.0,0.0,0.0,100.0,,,,,1475.0,1488.0
2024-08-31,2024,Leicester,Aston Villa,1,2,A,O,4.62,4.02,1.74,3,5,1,4,2,,,,,,,,,,,,,,,,,,,,0.0,0.0,100.0,0.0,,,,,1476.5,1623.3
2024-08-31,2024,Ipswich,Fulham,1,1,D,U,3.1,3.5,2.31,4,4,8,6,2,,,,,,,,,,,,,,,,,,,,0.0,100.0,0.0,100.0,,,,,1493.4,1515.9
2024-08-31,2024,Everton,Bournemouth,2,3,A,O,2.78,3.4,2.59,8,7,8,4,2,,,,,,,,,,,,,,,,,,,,0.0,100.0,0.0,0.0,,,,,1504.9,1503.9
2024-08-31,2024,Brentford,Southampton,3,1,H,O,1.77,3.97,4.46,7,6,2,8,2,,,,,,,,,,,,,,,,,,,,100.0,0.0,0.0,100.0,,,,,1519.3,1388.4
2024-08-31,2024,Arsenal,Brighton,1,1,D,U,1.35,5.66,8.11,7,4,3,7,2,,,,,,,,,,,,,,,,,,,,100.0,0.0,100.0,0.0,,,,,1772.7,1563.4
2024-08-25,2024,Wolves,Chelsea,2,6,A,O,4.37,4.0,1.77,4,8,5,5,1,,,,,,,,,,,,,,,,,,,,,,,,,,,,1494.7,1615.1
2024-08-25,2024,Liverpool,Brentford,2,0,H,U,1.25,6.78,10.37,8,2,9,4,1,,,,,,,,,,,,,,,,,,,,,,,,,,,,1739.6,1523.8
2024-08-25,2024,Bournemouth,Newcastle,1,1,D,U,2.99,3.8,2.25,4,5,8,9,1,,,,,,,,,,,,,,,,,,,,,,,,,,,,1500.7,1616.3
2024-08-24,2024,Tottenham,Everton,4,0,H,O,1.44,4.95,6.75,7,1,12,5,1,,,,,,,,,,,,,,,,,,,,,,,,,,,,1606.3,1512.3
2024-08-24,2024,Southampton,Nott'm Forest,0,1,A,U,2.57,3.32,2.84,1,8,4,10,1,,,,,,,,,,,,,,,,,,,,,,,,,,,,1396.4,1467.0
2024-08-24,2024,Man City,Ipswich,4,1,H,O,1.09,12.17,26.97,5,1,10,1,1,,,,,,,,,,,,,,,,,,,,,,,,,,,,1831.4,1495.9
2024-08-24,2024,Fulham,Leicester,2,1,H,O,1.83,3.73,4.38,6,4,7,5,1,,,,,,,,,,,,,,,,,,,,,,,,,,,,1506.5,1485.9
2024-08-24,2024,Crystal Palace,West Ham,0,2,A,U,2.17,3.63,3.25,2,3,3,3,1,,,,,,,,,,,,,,,,,,,,,,,,,,,,1541.6,1525.0
2024-08-24,2024,Brighton,Man United,2,1,H,O,2.5,3.72,2.69,5,4,4,4,1,,,,,,,,,,,,,,,,,,,,,,,,,,,,1551.1,1630.0
2024-08-24,2024,Aston Villa,Arsenal,0,2,A,U,4.41,3.92,1.78,3,4,4,1,1,,,,,,,,,,,,,,,,,,,,,,,,,,,,1629.6,1766.5
2024-08-19,2024,Leicester,Tottenham,1,1,D,U,5.01,4.37,1.63,3,7,2,13,1,,,,,,,,,,,,,,,,,,,,,,,,,,,,1482.4,1609.8
2024-08-18,2024,Chelsea,Man City,0,2,A,U,4.05,4.0,1.83,3,5,4,3,1,,,,,,,,,,,,,,,,,,,,,,,,,,,,1619.8,1826.7
2024-08-18,2024,Brentford,Crystal Palace,2,1,H,O,2.46,3.44,2.9,5,6,4,7,1,,,,,,,,,,,,,,,,,,,,,,,,,,,,1512.6,1552.7
2024-08-17,2024,West Ham,Aston Villa,1,2,A,O,2.44,3.69,2.79,3,3,5,3,1,,,,,,,,,,,,,,,,,,,,,,,,,,,,1532.5,1622.1
2024-08-17,2024,Nott'm Forest,Bournemouth,1,1,D,U,2.45,3.49,2.89,8,4,2,6,1,,,,,,,,,,,,,,,,,,,,,,,,,,,,1466.0,1501.7
2024-08-17,2024,Newcastle,Southampton,1,0,H,U,1.35,5.62,8.1,1,4,3,12,1,,,,,,,,,,,,,,,,,,,,,,,,,,,,1611.7,1401.0
2024-08-17,2024,Ipswich,Liverpool,0,2,A,U,8.28,5.76,1.34,2,5,2,10,1,,,,,,,,,,,,,,,,,,,,,,,,,,,,1500.0,1735.5
2024-08-17,2024,Everton,Brighton,0,3,A,O,2.67,3.41,2.68,1,5,1,5,1,,,,,,,,,,,,,,,,,,,,,,,,,,,,1521.7,1541.7
2024-08-17,2024,Arsenal,Wolves,2,0,H,U,1.18,7.86,15.87,6,3,8,2,1,,,,,,,,,,,,,,,,,,,,,,,,,,,,1762.9,1498.2
2024-08-16,2024,Man United,Fulham,1,0,H,U,1.62,4.36,5.15,5,2,7,8,1,,,,,,,,,,,,,,,,,,,,,,,,,,,,1623.1,1513.5
2024-05-19,2023,Sheffield United,Tottenham,0,3,A,O,7.32,6.04,1.35,1,9,2,6,19,0.0,0.0,2.0,3.0,4.0,2.0,2.0,9.0,10.0,-1.0,-5.0,-8.0,3.0,0.0,0.0,0.0,2.0,3.0,-1.0,11.1,66.7,33.3,33.3,22.0,11.0,23.0,15.0,1347.9,1606.1
2024-05-19,2023,Man City,West Ham,3,1,H,O,1.1,11.72,21.81,12,2,11,2,19,3.0,1.0,0.0,2.0,14.0,4.0,10.0,3.0,11.0,-8.0,11.0,-7.0,18.0,3.0,0.0,3.0,0.0,2.0,-2.0,72.2,0.0,38.9,50.0,36.0,7.0,20.0,10.0,1823.5,1535.7
2024-05-19,2023,Luton,Fulham,2,4,A,O,2.92,3.95,2.23,6,7,4,4,19,1.0,1.0,1.0,1.0,4.0,3.0,1.0,7.0,3.0,4.0,-3.0,0.0,-3.0,0.0,1.0,-1.0,1.0,1.0,0.0,22.2,55.6,16.7,50.0,17.0,16.0,19.0,17.0,1429.7,1505.6
2024-05-19,2023,Liverpool,Wolves,2,0,H,U,1.16,8.71,14.55,14,3,10,2,19,2.0,0.0,1.0,1.0,7.0,4.0,3.0,4.0,8.0,-4.0,3.0,-4.0,7.0,2.0,0.0,2.0,0.0,1.0,-1.0,77.8,5.6,27.8,50.0,28.0,7.0,32.0,5.0,1731.3,1502.5
2024-05-19,2023,Crystal Palace,Aston Villa,5,0,H,O,1.87,4.28,3.67,9,2,2,4,19,3.0,1.0,0.0,2.0,11.0,3.0,8.0,2.0,5.0,-3.0,9.0,-2.0,11.0,3.0,1.0,2.0,0.0,1.0,-1.0,38.9,38.9,44.4,33.3,24.0,6.0,17.0,12.0,1540.1,1634.7
2024-05-19,2023,Chelsea,Bournemouth,2,1,H,O,1.45,5.32,5.99,6,5,6,5,19,3.0,1.0,0.0,2.0,13.0,2.0,11.0,0.0,6.0,-6.0,13.0,-4.0,17.0,3.0,0.0,3.0,0.0,2.0,-2.0,55.6,22.2,33.3,50.0,29.0,14.0,16.0,17.0,1612.7,1508.8
2024-05-19,2023,Burnley,Nott'm Forest,1,2,A,O,2.9,3.74,2.32,3,6,4,3,19,0.0,1.0,1.0,2.0,3.0,4.0,-1.0,6.0,6.0,0.0,-3.0,-2.0,-1.0,0.0,1.0,-1.0,1.0,2.0,-1.0,11.1,66.7,16.7,61.1,14.0,13.0,15.0,9.0,1420.3,1457.0
2024-05-19,2023,Brighton,Man United,0,2,A,U,2.17,4.11,2.95,3,4,7,5,19,1.0,0.0,2.0,2.0,2.0,5.0,-3.0,6.0,10.0,-4.0,-4.0,-5.0,1.0,0.0,0.0,0.0,1.0,1.0,0.0,44.4,22.2,38.9,44.4,13.0,9.0,15.0,8.0,1549.9,1614.9
2024-05-19,2023,Brentford,Newcastle,2,4,A,O,2.94,3.96,2.22,5,7,3,0,19,1.0,1.0,0.0,2.0,2.0,6.0,-4.0,0.0,6.0,-6.0,2.0,0.0,2.0,1.0,1.0,0.0,0.0,1.0,-1.0,27.8,33.3,27.8,61.1,10.0,21.0,11.0,22.0,1520.3,1604.1
2024-05-19,2023,Arsenal,Everton,2,1,H,O,1.17,8.04,15.37,5,2,8,1,19,2.0,0.0,1.0,1.0,8.0,2.0,6.0,2.0,8.0,-6.0,6.0,-6.0,12.0,2.0,0.0,2.0,1.0,1.0,0.0,77.8,11.1,27.8,44.4,23.0,8.0,14.0,18.0,1758.7,1525.8
2024-05-15,2023,Man United,Newcastle,3,2,H,O,2.73,4.04,2.34,8,8,9,9,19,1.0,2.0,1.0,1.0,5.0,5.0,0.0,4.0,3.0,1.0,1.0,2.0,-1.0,1.0,1.0,0.0,0.0,1.0,-1.0,50.0,33.3,29.4,58.8,25.0,18.0,19.0,16.0,1604.7,1614.3
2024-05-15,2023,Brighton,Chelsea,1,2,A,O,3.37,3.99,2.02,2,6,4,6,18,1.0,1.0,2.0,1.0,1.0,5.0,-4.0,7.0,9.0,-2.0,-6.0,-4.0,-2.0,0.0,0.0,0.0,2.0,1.0,1.0,47.1,17.6,33.3,38.9,13.0,11.0,19.0,12.0,1558.6,1604.0
2024-05-14,2023,Tottenham,Man City,0,2,A,U,6.94,5.91,1.38,5,5,7,4,19,2.0,3.0,1.0,0.0,7.0,10.0,-3.0,5.0,0.0,5.0,2.0,10.0,-8.0,1.0,3.0,-2.0,0.0,0.0,0.0,72.2,27.8,72.2,16.7,18.0,20.0,29.0,16.0,1610.7,1818.9
2024-05-13,2023,Aston Villa,Liverpool,3,3,D,O,4.15,4.55,1.71,5,7,5,4,19,1.0,1.0,0.0,1.0,8.0,5.0,3.0,6.0,5.0,1.0,2.0,0.0,2.0,1.0,1.0,0.0,0.0,1.0,-1.0,66.7,16.7,50.0,16.7,11.0,22.0,21.0,25.0,1631.9,1734.2
2024-05-12,2023,Man United,Arsenal,0,1,A,U,7.08,5.5,1.39,2,5,4,7,18,1.0,3.0,0.0,0.0,7.0,8.0,-1.0,5.0,2.0,3.0,2.0,6.0,-4.0,1.0,2.0,-1.0,0.0,0.0,0.0,52.9,29.4,66.7,16.7,28.0,19.0,21.0,15.0,1610.8,1752.6
2024-05-11,2023,Wolves,Crystal Palace,1,3,A,O,2.86,3.51,2.47,7,3,8,3,19,1.0,1.0,2.0,1.0,2.0,2.0,0.0,4.0,2.0,2.0,-2.0,0.0,-2.0,0.0,0.0,0.0,1.0,0.0,1.0,44.4,38.9,22.2,44.4,12.0,11.0,13.0,12.0,1511.9,1530.6
2024-05-11,2023,West Ham,Luton,3,1,H,O,1.82,4.33,3.83,8,1,7,6,19,0.0,0.0,1.0,3.0,3.0,2.0,1.0,5.0,9.0,-4.0,-2.0,-7.0,5.0,0.0,0.0,0.0,1.0,2.0,-1.0,33.3,22.2,11.1,66.7,16.0,9.0,22.0,6.0,1528.2,1437.1
2024-05-11,2023,Tottenham,Burnley,2,1,H,O,1.35,6.01,7.33,9,3,9,3,18,2.0,1.0,1.0,1.0,7.0,5.0,2.0,5.0,3.0,2.0,2.0,2.0,0.0,1.0,1.0,0.0,0.0,0.0,0.0,70.6,29.4,16.7,55.6,13.0,17.0,23.0,12.0,1605.5,1425.5
2024-05-11,2023,Nott'm Forest,Chelsea,2,3,A,O,3.39,3.94,2.03,4,5,5,6,19,1.0,0.0,1.0,1.0,5.0,4.0,1.0,5.0,9.0,-4.0,0.0,-5.0,5.0,1.0,0.0,1.0,1.0,1.0,0.0,27.8,44.4,29.4,41.2,15.0,9.0,17.0,12.0,1463.3,1597.7
2024-05-11,2023,Newcastle,Brighton,1,1,D,U,1.59,4.81,4.84,7,4,8,4,19,2.0,0.0,0.0,1.0,10.0,1.0,9.0,2.0,4.0,-2.0,8.0,-3.0,11.0,2.0,0.0,2.0,0.0,1.0,-1.0,66.7,16.7,22.2,50.0,18.0,15.0,27.0,12.0,1616.0,1556.9
2024-05-11,2023,Fulham,Man City,0,4,A,O,12.3,7.05,1.22,1,9,1,7,19,0.0,3.0,2.0,0.0,2.0,10.0,-8.0,5.0,2.0,3.0,-3.0,8.0,-11.0,0.0,3.0,-3.0,1.0,0.0,1.0,50.0,38.9,70.6,17.6,11.0,19.0,20.0,18.0,1508.5,1816.0
2024-05-11,2023,Everton,Sheffield United,1,0,H,U,1.4,5.13,7.46,6,1,3,6,19,3.0,0.0,0.0,3.0,5.0,3.0,2.0,0.0,11.0,-11.0,5.0,-8.0,13.0,2.0,0.0,2.0,0.0,3.0,-3.0,38.9,38.9,5.6,77.8,11.0,11.0,16.0,15.0,1520.3,1353.4
2024-05-11,2023,Bournemouth,Brentford,1,2,A,O,1.98,3.99,3.5,4,5,3,8,19,2.0,1.0,0.0,1.0,6.0,8.0,-2.0,2.0,5.0,-3.0,4.0,3.0,1.0,1.0,1.0,0.0,0.0,0.0,0.0,38.9,27.8,22.2,66.7,17.0,16.0,24.0,18.0,1519.0,1510.0
2024-05-06,2023,Crystal Palace,Man United,4,0,H,O,2.38,3.76,2.79,10,2,6,3,18,2.0,0.0,1.0,1.0,9.0,6.0,3.0,6.0,7.0,-1.0,3.0,-1.0,4.0,2.0,0.0,2.0,1.0,0.0,1.0,35.3,41.2,41.2,41.2,18.0,12.0,13.0,9.0,1517.7,1623.8
2024-05-05,2023,Liverpool,Tottenham,4,2,H,O,1.48,5.26,5.61,13,6,8,3,18,2.0,0.0,1.0,2.0,5.0,1.0,4.0,3.0,7.0,-4.0,2.0,-6.0,8.0,1.0,0.0,1.0,0.0,2.0,-2.0,76.5,5.9,35.3,29.4,23.0,9.0,32.0,17.0,1727.4,1612.3
2024-05-05,2023,Chelsea,West Ham,5,0,H,O,1.65,4.55,4.58,14,2,8,6,18,3.0,1.0,0.0,2.0,12.0,7.0,5.0,3.0,10.0,-7.0,9.0,-3.0,12.0,2.0,0.0,2.0,0.0,1.0,-1.0,52.9,23.5,41.2,47.1,25.0,9.0,20.0,8.0,1589.2,1536.7
2024-05-05,2023,Brighton,Aston Villa,1,0,H,U,2.72,3.77,2.43,8,1,7,3,17,1.0,1.0,2.0,1.0,1.0,4.0,-3.0,7.0,5.0,2.0,-6.0,-1.0,-5.0,0.0,1.0,-1.0,2.0,1.0,1.0,43.8,18.8,47.1,29.4,8.0,10.0,18.0,20.0,1544.1,1644.7
2024-05-04,2023,Sheffield United,Nott'm Forest,1,3,A,O,4.68,4.25,1.69,5,4,5,3,18,0.0,0.0,1.0,2.0,6.0,2.0,4.0,9.0,6.0,3.0,-3.0,-4.0,1.0,0.0,0.0,0.0,1.0,2.0,-1.0,11.8,64.7,11.8,64.7,21.0,15.0,20.0,13.0,1360.8,1456.0
2024-05-04,2023,Man City,Wolves,5,1,H,O,1.09,11.51,25.33,12,1,6,0,18,2.0,0.0,0.0,1.0,9.0,3.0,6.0,2.0,5.0,-3.0,7.0,-2.0,9.0,2.0,0.0,2.0,0.0,1.0,-1.0,70.6,0.0,29.4,47.1,25.0,9.0,21.0,9.0,1812.9,1515.0
2024-05-04,2023,Burnley,Newcastle,1,4,A,O,3.38,3.98,2.02,5,11,4,11,18,1.0,1.0,0.0,2.0,4.0,3.0,1.0,3.0,5.0,-2.0,1.0,-2.0,3.0,0.0,0.0,0.0,0.0,1.0,-1.0,11.8,64.7,25.0,62.5,15.0,10.0,16.0,9.0,1430.8,1610.8
2024-05-04,2023,Brentford,Fulham,0,0,D,U,2.12,3.8,3.25,3,3,7,6,18,1.0,1.0,0.0,1.0,3.0,6.0,-3.0,1.0,6.0,-5.0,2.0,0.0,2.0,1.0,1.0,0.0,0.0,1.0,-1.0,29.4,35.3,17.6,52.9,12.0,22.0,18.0,26.0,1510.1,1508.5
2024-05-04,2023,Arsenal,Bournemouth,3,0,H,O,1.2,7.59,12.74,9,2,6,1,18,2.0,1.0,1.0,2.0,7.0,3.0,4.0,2.0,5.0,-3.0,5.0,-2.0,7.0,2.0,0.0,2.0,1.0,1.0,0.0,76.5,11.8,35.3,47.1,18.0,13.0,11.0,18.0,1748.3,1523.3
2024-05-03,2023,Luton,Everton,1,1,D,U,2.66,3.58,2.62,5,3,8,7,18,1.0,0.0,1.0,2.0,4.0,2.0,2.0,7.0,9.0,-2.0,-3.0,-7.0,4.0,0.0,0.0,0.0,1.0,1.0,0.0,23.5,58.8,29.4,47.1,16.0,8.0,17.0,19.0,1434.6,1522.8
2024-05-02,2023,Chelsea,Tottenham,2,0,H,U,2.2,4.05,2.91,5,3,4,9,17,2.0,0.0,0.0,2.0,12.0,1.0,11.0,5.0,8.0,-3.0,7.0,-7.0,14.0,1.0,0.0,1.0,0.0,2.0,-2.0,50.0,25.0,37.5,25.0,33.0,11.0,28.0,13.0,1577.9,1623.6
2024-04-28,2023,Tottenham,Arsenal,2,3,A,O,4.12,4.07,1.8,2,3,8,6,17,3.0,2.0,0.0,0.0,8.0,5.0,3.0,3.0,0.0,3.0,5.0,5.0,0.0,2.0,2.0,0.0,0.0,0.0,0.0,75.0,25.0,64.7,17.6,17.0,18.0,26.0,13.0,1630.5,1741.4
2024-04-28,2023,Nott'm Forest,Man City,0,2,A,U,9.5,5.72,1.31,2,5,4,5,18,1.0,2.0,0.0,0.0,6.0,9.0,-3.0,4.0,3.0,1.0,2.0,6.0,-4.0,1.0,2.0,-1.0,0.0,0.0,0.0,29.4,41.2,68.8,18.8,18.0,20.0,17.0,17.0,1458.3,1810.6
2024-04-28,2023,Bournemouth,Brighton,3,0,H,O,2.26,3.8,2.94,6,1,8,2,18,2.0,0.0,0.0,1.0,5.0,2.0,3.0,3.0,3.0,0.0,2.0,-1.0,3.0,0.0,0.0,0.0,0.0,0.0,0.0,35.3,29.4,23.5,47.1,15.0,17.0,25.0,14.0,1512.1,1555.3
2024-04-27,2023,Wolves,Luton,2,1,H,O,1.98,3.83,3.58,5,6,4,4,18,0.0,0.0,3.0,3.0,1.0,2.0,-1.0,5.0,9.0,-4.0,-4.0,-7.0,3.0,0.0,0.0,0.0,1.0,2.0,-1.0,41.2,41.2,11.8,64.7,14.0,6.0,13.0,8.0,1506.8,1442.8
2024-04-27,2023,West Ham,Liverpool,2,2,D,O,5.63,4.89,1.51,8,8,5,8,18,0.0,1.0,1.0,1.0,2.0,5.0,-3.0,4.0,5.0,-1.0,-2.0,0.0,-2.0,0.0,1.0,-1.0,1.0,1.0,0.0,35.3,23.5,52.9,17.6,13.0,21.0,24.0,28.0,1531.5,1732.6
2024-04-27,2023,Newcastle,Sheffield United,5,1,H,O,1.23,7.04,11.1,7,5,4,5,18,2.0,0.0,0.0,3.0,9.0,3.0,6.0,4.0,9.0,-5.0,5.0,-6.0,11.0,1.0,0.0,1.0,0.0,3.0,-3.0,64.7,17.6,5.9,76.5,20.0,9.0,26.0,11.0,1606.8,1364.7
2024-04-27,2023,Man United,Burnley,1,1,D,U,1.52,4.9,5.44,10,7,6,5,17,2.0,1.0,0.0,1.0,8.0,6.0,2.0,4.0,4.0,0.0,4.0,2.0,2.0,2.0,1.0,1.0,0.0,0.0,0.0,56.2,31.2,17.6,58.8,26.0,17.0,20.0,11.0,1629.0,1425.5
2024-04-27,2023,Fulham,Crystal Palace,1,1,D,U,2.11,3.6,3.42,2,4,5,9,18,1.0,1.0,2.0,1.0,4.0,2.0,2.0,4.0,2.0,2.0,0.0,0.0,0.0,1.0,0.0,1.0,1.0,0.0,1.0,52.9,41.2,23.5,47.1,16.0,10.0,19.0,9.0,1508.2,1517.9
2024-04-27,2023,Everton,Brentford,1,0,H,U,2.36,3.5,2.97,1,4,6,6,18,3.0,1.0,0.0,1.0,5.0,9.0,-4.0,0.0,6.0,-6.0,5.0,3.0,2.0,2.0,1.0,1.0,0.0,0.0,0.0,35.3,41.2,23.5,64.7,13.0,17.0,13.0,16.0,1512.6,1520.3
2024-04-27,2023,Aston Villa,Chelsea,2,2,D,O,2.17,3.9,3.06,4,5,2,4,18,2.0,0.0,0.0,1.0,8.0,4.0,4.0,4.0,9.0,-5.0,4.0,-5.0,9.0,2.0,0.0,2.0,0.0,1.0,-1.0,70.6,17.6,31.2,43.8,12.0,10.0,24.0,14.0,1646.7,1575.9
2024-04-25,2023,Brighton,Man City,0,4,A,O,6.65,4.95,1.44,3,6,4,4,16,1.0,2.0,1.0,0.0,2.0,6.0,-4.0,4.0,3.0,1.0,-2.0,3.0,-5.0,0.0,1.0,-1.0,1.0,0.0,1.0,46.7,13.3,66.7,20.0,12.0,20.0,25.0,21.0,1559.2,1806.7
2024-04-24,2023,Wolves,Bournemouth,0,1,A,U,2.72,3.6,2.52,4,6,8,12,17,1.0,1.0,2.0,2.0,3.0,4.0,-1.0,5.0,5.0,0.0,-2.0,-1.0,-1.0,0.0,1.0,-1.0,1.0,1.0,0.0,43.8,37.5,31.2,50.0,13.0,10.0,8.0,8.0,1517.3,1501.7
2024-04-24,2023,Man United,Sheffield United,4,2,H,O,1.31,6.11,8.44,13,4,9,4,16,1.0,0.0,1.0,2.0,5.0,3.0,2.0,4.0,7.0,-3.0,1.0,-4.0,5.0,1.0,0.0,1.0,0.0,2.0,-2.0,53.3,33.3,6.2,75.0,22.0,14.0,21.0,10.0,1625.3,1368.5
2024-04-24,2023,Everton,Liverpool,2,0,H,U,7.11,4.98,1.42,6,7,4,13,17,2.0,2.0,1.0,0.0,4.0,6.0,-2.0,3.0,3.0,0.0,1.0,3.0,-2.0,1.0,1.0,0.0,1.0,0.0,1.0,31.2,43.8,56.2,12.5,18.0,16.0,13.0,27.0,1496.4,1748.8
2024-04-24,2023,Crystal Palace,Newcastle,2,0,H,U,2.76,3.68,2.43,7,2,7,2,17,1.0,1.0,1.0,2.0,8.0,4.0,4.0,7.0,7.0,0.0,1.0,-3.0,4.0,1.0,0.0,1.0,1.0,1.0,0.0,31.2,43.8,26.7,60.0,15.0,10.0,14.0,7.0,1504.7,1620.0
2024-04-23,2023,Arsenal,Chelsea,5,0,H,O,1.45,4.93,6.78,10,1,4,2,17,2.0,0.0,1.0,0.0,4.0,5.0,-1.0,3.0,5.0,-2.0,1.0,0.0,1.0,1.0,0.0,1.0,1.0,0.0,1.0,75.0,12.5,33.3,40.0,14.0,15.0,17.0,13.0,1735.6,1581.7
2024-04-21,2023,Fulham,Liverpool,1,3,A,O,5.19,4.67,1.57,5,7,1,4,17,2.0,2.0,1.0,0.0,6.0,7.0,-1.0,1.0,3.0,-2.0,5.0,4.0,1.0,2.0,1.0,1.0,0.0,0.0,0.0,56.2,37.5,53.3,13.3,16.0,17.0,20.0,29.0,1512.4,1744.6
2024-04-21,2023,Everton,Nott'm Forest,2,0,H,U,2.07,3.52,3.63,4,3,6,4,16,1.0,0.0,1.0,2.0,3.0,2.0,1.0,4.0,5.0,-1.0,-1.0,-3.0,2.0,0.0,0.0,0.0,1.0,1.0,0.0,26.7,46.7,12.5,62.5,18.0,16.0,10.0,12.0,1486.9,1467.8
2024-04-21,2023,Crystal Palace,West Ham,5,2,H,O,2.15,3.59,3.34,7,1,4,0,16,1.0,2.0,1.0,1.0,6.0,8.0,-2.0,5.0,6.0,-1.0,1.0,2.0,-1.0,1.0,1.0,0.0,1.0,0.0,1.0,26.7,46.7,43.8,43.8,14.0,13.0,22.0,13.0,1493.3,1542.9
2024-04-21,2023,Aston Villa,Bournemouth,3,1,H,O,1.87,4.11,3.76,4,6,8,4,17,1.0,1.0,1.0,1.0,5.0,5.0,0.0,7.0,4.0,3.0,-2.0,1.0,-3.0,1.0,1.0,0.0,1.0,0.0,1.0,68.8,18.8,33.3,46.7,9.0,11.0,22.0,6.0,1640.3,1508.0
2024-04-20,2023,Wolves,Arsenal,0,2,A,U,8.05,5.05,1.39,3,9,1,2,16,2.0,2.0,1.0,0.0,4.0,9.0,-5.0,3.0,0.0,3.0,1.0,9.0,-8.0,0.0,2.0,-2.0,0.0,0.0,0.0,46.7,33.3,62.5,18.8,12.0,19.0,12.0,18.0,1521.9,1730.9
2024-04-20,2023,Sheffield United,Burnley,1,4,A,O,2.76,3.63,2.47,11,9,11,2,17,0.0,0.0,1.0,1.0,5.0,4.0,1.0,11.0,5.0,6.0,-6.0,-1.0,-5.0,0.0,0.0,0.0,1.0,0.0,1.0,12.5,62.5,12.5,62.5,10.0,12.0,9.0,13.0,1377.3,1416.6
2024-04-20,2023,Luton,Brentford,1,5,A,O,3.18,3.75,2.17,3,9,4,9,17,1.0,0.0,1.0,2.0,5.0,5.0,0.0,5.0,7.0,-2.0,0.0,-2.0,2.0,0.0,0.0,0.0,0.0,0.0,0.0,25.0,56.2,18.8,68.8,18.0,12.0,21.0,11.0,1451.1,1512.0
2024-04-15,2023,Chelsea,Everton,6,0,H,O,1.71,4.2,4.53,10,2,4,8,16,2.0,0.0,0.0,2.0,9.0,2.0,7.0,7.0,5.0,2.0,2.0,-3.0,5.0,0.0,0.0,0.0,0.0,1.0,-1.0,46.7,26.7,31.2,43.8,31.0,12.0,24.0,19.0,1573.9,1494.7
2024-04-14,2023,West Ham,Fulham,0,2,A,U,2.38,3.65,2.88,4,10,8,3,17,0.0,0.0,0.0,2.0,4.0,5.0,-1.0,4.0,8.0,-4.0,0.0,-3.0,3.0,0.0,0.0,0.0,0.0,1.0,-1.0,37.5,18.8,12.5,56.2,13.0,18.0,20.0,27.0,1554.5,1500.8
2024-04-14,2023,Liverpool,Crystal Palace,0,1,A,U,1.21,7.37,13.35,6,5,11,1,17,2.0,0.0,0.0,2.0,6.0,2.0,4.0,3.0,5.0,-2.0,3.0,-3.0,6.0,1.0,0.0,1.0,0.0,1.0,-1.0,81.2,0.0,18.8,50.0,23.0,6.0,28.0,9.0,1761.4,1476.6
2024-04-14,2023,Arsenal,Aston Villa,0,2,A,U,1.28,6.1,9.89,4,2,4,6,16,3.0,1.0,0.0,1.0,8.0,5.0,3.0,2.0,7.0,-5.0,6.0,-2.0,8.0,2.0,0.0,2.0,0.0,1.0,-1.0,80.0,6.7,43.8,31.2,18.0,16.0,22.0,20.0,1744.2,1627.1
2024-04-13,2023,Nott'm Forest,Wolves,2,2,D,O,2.16,3.55,3.37,9,4,10,1,17,1.0,0.0,1.0,2.0,4.0,1.0,3.0,3.0,6.0,-3.0,1.0,-5.0,6.0,1.0,0.0,1.0,0.0,2.0,-2.0,31.2,43.8,31.2,50.0,11.0,8.0,10.0,13.0,1466.1,1523.5
2024-04-13,2023,Newcastle,Tottenham,4,0,H,O,2.75,4.02,2.34,5,2,16,3,17,2.0,1.0,0.0,1.0,8.0,5.0,3.0,4.0,4.0,0.0,4.0,1.0,3.0,1.0,1.0,0.0,0.0,1.0,-1.0,62.5,18.8,40.0,20.0,22.0,14.0,13.0,14.0,1609.1,1641.4
2024-04-13,2023,Man City,Luton,5,1,H,O,1.1,11.66,23.86,13,2,12,1,17,2.0,0.0,0.0,3.0,7.0,4.0,3.0,2.0,8.0,-6.0,5.0,-4.0,9.0,2.0,0.0,2.0,0.0,1.0,-1.0,68.8,0.0,12.5,62.5,20.0,8.0,24.0,10.0,1804.4,1453.4
2024-04-13,2023,Burnley,Brighton,1,1,D,U,3.5,3.8,2.02,3,8,4,5,17,1.0,0.0,1.0,2.0,3.0,1.0,2.0,4.0,5.0,-1.0,-1.0,-4.0,3.0,0.0,0.0,0.0,1.0,1.0,0.0,12.5,68.8,25.0,50.0,18.0,14.0,19.0,15.0,1412.5,1563.3
2024-04-13,2023,Brentford,Sheffield United,2,0,H,U,1.43,5.09,6.86,5,2,3,6,17,0.0,0.0,0.0,2.0,3.0,3.0,0.0,3.0,6.0,-3.0,0.0,-3.0,3.0,0.0,0.0,0.0,0.0,1.0,-1.0,25.0,37.5,6.7,73.3,12.0,16.0,15.0,10.0,1505.4,1384.0
2024-04-13,2023,Bournemouth,Man United,2,2,D,O,2.42,3.91,2.68,5,2,7,2,17,3.0,0.0,0.0,2.0,7.0,5.0,2.0,4.0,8.0,-4.0,3.0,-3.0,6.0,0.0,0.0,0.0,0.0,1.0,-1.0,37.5,31.2,43.8,43.8,20.0,11.0,29.0,9.0,1504.6,1628.7
2024-04-07,2023,Tottenham,Nott'm Forest,3,1,H,O,1.4,5.3,7.23,7,6,12,2,16,2.0,0.0,1.0,2.0,6.0,3.0,3.0,4.0,6.0,-2.0,2.0,-3.0,5.0,1.0,0.0,1.0,0.0,1.0,-1.0,73.3,26.7,13.3,60.0,14.0,13.0,24.0,12.0,1635.9,1471.7
2024-04-07,2023,Sheffield United,Chelsea,2,2,D,O,6.88,5.28,1.41,6,3,7,6,16,0.0,1.0,2.0,0.0,3.0,6.0,-3.0,14.0,4.0,10.0,-11.0,2.0,-13.0,0.0,1.0,-1.0,2.0,0.0,2.0,13.3,66.7,35.7,42.9,5.0,17.0,7.0,14.0,1378.8,1579.1
2024-04-07,2023,Man United,Liverpool,2,2,D,O,4.69,4.65,1.63,5,7,6,11,15,2.0,2.0,1.0,1.0,6.0,6.0,0.0,2.0,4.0,-2.0,4.0,2.0,2.0,2.0,1.0,1.0,0.0,1.0,-1.0,57.1,35.7,57.1,14.3,22.0,11.0,20.0,22.0,1624.9,1765.2
2024-04-06,2023,Wolves,West Ham,1,2,A,O,2.51,3.58,2.75,7,4,4,4,15,2.0,1.0,1.0,2.0,3.0,6.0,-3.0,3.0,7.0,-4.0,0.0,-1.0,1.0,0.0,1.0,-1.0,1.0,1.0,0.0,50.0,28.6,40.0,46.7,10.0,12.0,15.0,12.0,1533.2,1544.8
2024-04-06,2023,Luton,Bournemouth,2,1,H,O,3.68,4.04,1.91,9,1,7,2,16,0.0,1.0,2.0,1.0,4.0,5.0,-1.0,6.0,5.0,1.0,-2.0,0.0,-2.0,0.0,1.0,-1.0,0.0,1.0,-1.0,20.0,60.0,35.7,42.9,13.0,14.0,22.0,18.0,1441.3,1516.7
2024-04-06,2023,Fulham,Newcastle,0,1,A,U,2.37,3.82,2.81,4,5,14,3,16,2.0,1.0,1.0,2.0,7.0,6.0,1.0,2.0,9.0,-7.0,5.0,-3.0,8.0,2.0,0.0,2.0,0.0,1.0,-1.0,60.0,33.3,21.4,64.3,16.0,10.0,10.0,8.0,1508.2,1601.7
2024-04-06,2023,Everton,Burnley,1,0,H,U,1.67,4.07,5.04,3,1,3,5,15,0.0,0.0,1.0,1.0,4.0,4.0,0.0,6.0,7.0,-1.0,-2.0,-3.0,1.0,0.0,0.0,0.0,1.0,1.0,0.0,21.4,50.0,13.3,60.0,20.0,11.0,16.0,11.0,1486.5,1420.7
2024-04-06,2023,Crystal Palace,Man City,2,4,A,O,10.3,5.59,1.31,4,8,2,9,15,1.0,2.0,1.0,0.0,5.0,5.0,0.0,4.0,2.0,2.0,1.0,3.0,-2.0,1.0,1.0,0.0,1.0,0.0,1.0,28.6,42.9,64.3,21.4,14.0,27.0,21.0,25.0,1479.3,1801.7
2024-04-06,2023,Brighton,Arsenal,0,3,A,O,5.15,4.25,1.64,2,7,8,7,15,2.0,2.0,0.0,0.0,6.0,11.0,-5.0,2.0,0.0,2.0,4.0,11.0,-7.0,1.0,2.0,-1.0,0.0,0.0,0.0,50.0,7.1,60.0,20.0,16.0,19.0,20.0,17.0,1568.7,1738.7
2024-04-06,2023,Aston Villa,Brentford,3,3,D,O,1.7,4.2,4.68,3,3,11,3,16,2.0,0.0,1.0,3.0,6.0,4.0,2.0,6.0,8.0,-2.0,0.0,-4.0,4.0,2.0,0.0,2.0,1.0,1.0,0.0,73.3,20.0,20.0,73.3,12.0,17.0,18.0,15.0,1630.6,1501.8
2024-04-04,2023,Liverpool,Sheffield United,3,1,H,O,1.08,12.59,25.43,9,3,13,1,16,2.0,1.0,0.0,1.0,7.0,5.0,2.0,3.0,4.0,-1.0,4.0,1.0,3.0,1.0,1.0,0.0,0.0,0.0,0.0,80.0,0.0,7.1,71.4,27.0,16.0,28.0,10.0,1763.2,1380.8
2024-04-04,2023,Chelsea,Man United,4,3,H,O,2.02,4.05,3.31,10,5,12,3,15,1.0,1.0,1.0,1.0,7.0,4.0,3.0,8.0,5.0,3.0,-1.0,-1.0,0.0,0.0,0.0,0.0,1.0,1.0,0.0,42.9,28.6,46.7,40.0,27.0,15.0,22.0,12.0,1567.2,1636.9
2024-04-03,2023,Man City,Aston Villa,4,1,H,O,1.3,6.08,9.06,11,3,2,3,16,2.0,2.0,0.0,0.0,4.0,6.0,-2.0,1.0,4.0,-3.0,3.0,2.0,1.0,1.0,0.0,1.0,0.0,0.0,0.0,66.7,0.0,46.7,26.7,20.0,16.0,32.0,21.0,1796.0,1636.3
2024-04-03,2023,Brentford,Brighton,0,0,D,U,2.39,3.79,2.78,2,6,1,5,16,0.0,1.0,1.0,2.0,4.0,6.0,-2.0,7.0,5.0,2.0,-3.0,1.0,-4.0,0.0,1.0,-1.0,1.0,1.0,0.0,26.7,40.0,26.7,53.3,16.0,18.0,15.0,20.0,1499.8,1570.7
2024-04-03,2023,Arsenal,Luton,2,0,H,U,1.1,11.25,22.73,4,1,3,1,15,3.0,0.0,0.0,2.0,9.0,5.0,4.0,3.0,7.0,-4.0,6.0,-2.0,8.0,2.0,0.0,2.0,0.0,0.0,0.0,78.6,7.1,13.3,60.0,21.0,9.0,21.0,15.0,1735.6,1444.4
2024-04-02,2023,West Ham,Tottenham,1,1,D,U,3.3,4.16,2.01,4,4,9,5,16,1.0,1.0,0.0,1.0,7.0,6.0,1.0,5.0,5.0,0.0,2.0,1.0,1.0,1.0,1.0,0.0,0.0,1.0,-1.0,40.0,20.0,42.9,21.4,15.0,16.0,12.0,14.0,1542.1,1638.6
2024-04-02,2023,Nott'm Forest,Fulham,3,1,H,O,2.71,3.49,2.62,4,3,3,8,16,1.0,1.0,1.0,1.0,3.0,6.0,-3.0,2.0,6.0,-4.0,1.0,0.0,1.0,1.0,0.0,1.0,0.0,0.0,0.0,26.7,46.7,13.3,53.3,15.0,20.0,12.0,28.0,1460.0,1519.9
2024-04-02,2023,Newcastle,Everton,1,1,D,U,2.01,3.82,3.55,6,3,7,3,16,2.0,0.0,0.0,2.0,9.0,2.0,7.0,5.0,5.0,0.0,4.0,-3.0,7.0,1.0,0.0,1.0,0.0,1.0,-1.0,66.7,20.0,33.3,46.7,21.0,12.0,10.0,19.0,1605.1,1483.2
2024-04-02,2023,Burnley,Wolves,1,1,D,U,2.53,3.49,2.8,6,2,7,4,16,1.0,1.0,2.0,2.0,2.0,2.0,0.0,8.0,6.0,2.0,-6.0,-4.0,-2.0,0.0,0.0,0.0,2.0,2.0,0.0,13.3,73.3,33.3,53.3,12.0,13.0,16.0,13.0,1417.4,1536.5
2024-04-02,2023,Bournemouth,Crystal Palace,1,0,H,U,1.99,3.76,3.69,6,2,9,2,16,2.0,0.0,0.0,1.0,8.0,3.0,5.0,6.0,5.0,1.0,2.0,-2.0,4.0,0.0,0.0,0.0,0.0,1.0,-1.0,33.3,33.3,20.0,46.7,26.0,8.0,30.0,13.0,1507.3,1488.7
2024-03-31,2023,Man City,Arsenal,0,0,D,U,1.92,3.8,3.86,1,2,7,4,15,2.0,3.0,0.0,0.0,5.0,17.0,-12.0,2.0,0.0,2.0,3.0,17.0,-14.0,1.0,3.0,-2.0,0.0,0.0,0.0,71.4,0.0,64.3,21.4,24.0,29.0,37.0,19.0,1797.8,1733.7
2024-03-31,2023,Liverpool,Brighton,2,1,H,O,1.37,5.63,7.37,8,3,8,4,15,2.0,1.0,0.0,2.0,8.0,6.0,2.0,3.0,5.0,-2.0,5.0,1.0,4.0,2.0,1.0,1.0,0.0,1.0,-1.0,78.6,0.0,28.6,50.0,29.0,18.0,29.0,22.0,1758.0,1575.9
2024-03-30,2023,Tottenham,Luton,2,1,H,O,1.22,7.47,11.31,4,3,3,6,15,2.0,0.0,1.0,2.0,6.0,5.0,1.0,4.0,9.0,-5.0,2.0,-4.0,6.0,1.0,0.0,1.0,0.0,1.0,-1.0,71.4,28.6,14.3,57.1,16.0,9.0,30.0,13.0,1633.4,1449.6
2024-03-30,2023,Sheffield United,Fulham,3,3,D,O,4.64,4.03,1.73,4,9,2,15,15,0.0,1.0,3.0,1.0,0.0,5.0,-5.0,16.0,5.0,11.0,-16.0,0.0,-16.0,0.0,0.0,0.0,3.0,0.0,3.0,14.3,71.4,14.3,57.1,6.0,18.0,8.0,26.0,1376.8,1523.9
2024-03-30,2023,Nott'm Forest,Crystal Palace,1,1,D,U,2.26,3.36,3.31,5,3,4,6,15,1.0,0.0,2.0,2.0,4.0,3.0,1.0,4.0,8.0,-4.0,0.0,-5.0,5.0,1.0,0.0,1.0,0.0,2.0,-2.0,28.6,50.0,21.4,50.0,13.0,10.0,12.0,9.0,1459.2,1489.6
2024-03-30,2023,Newcastle,West Ham,4,3,H,O,1.84,4.16,3.87,9,4,3,4,15,1.0,1.0,0.0,2.0,9.0,3.0,6.0,6.0,6.0,0.0,3.0,-3.0,6.0,1.0,1.0,0.0,0.0,2.0,-2.0,64.3,21.4,42.9,42.9,18.0,11.0,15.0,16.0,1596.4,1550.8
2024-03-30,2023,Chelsea,Burnley,2,2,D,O,1.3,5.96,9.44,13,7,12,4,14,2.0,0.0,1.0,2.0,6.0,3.0,3.0,6.0,8.0,-2.0,0.0,-5.0,5.0,0.0,0.0,0.0,1.0,2.0,-1.0,46.2,30.8,14.3,64.3,17.0,8.0,16.0,10.0,1571.4,1413.1
2024-03-30,2023,Brentford,Man United,1,1,D,U,3.06,3.83,2.2,5,5,14,4,15,0.0,2.0,2.0,1.0,4.0,5.0,-1.0,9.0,5.0,4.0,-5.0,0.0,-5.0,0.0,0.0,0.0,2.0,1.0,1.0,28.6,42.9,50.0,42.9,14.0,15.0,9.0,16.0,1495.9,1640.8
2024-03-30,2023,Bournemouth,Everton,2,1,H,O,2.2,3.61,3.23,4,3,9,8,15,1.0,0.0,1.0,2.0,6.0,1.0,5.0,6.0,5.0,1.0,0.0,-4.0,4.0,0.0,0.0,0.0,0.0,2.0,-2.0,28.6,35.7,35.7,42.9,26.0,10.0,24.0,11.0,1497.4,1493.0
2024-03-30,2023,Aston Villa,Wolves,2,0,H,U,1.64,4.38,4.86,5,3,5,4,15,1.0,2.0,2.0,1.0,5.0,6.0,-1.0,8.0,6.0,2.0,-3.0,0.0,-3.0,1.0,1.0,0.0,1.0,1.0,0.0,71.4,21.4,35.7,50.0,17.0,17.0,23.0,10.0,1628.7,1544.1
2024-03-17,2023,West Ham,Aston Villa,1,1,D,U,2.65,3.73,2.51,5,5,7,11,15,1.0,3.0,1.0,0.0,6.0,10.0,-4.0,10.0,3.0,7.0,-4.0,7.0,-11.0,1.0,1.0,0.0,1.0,0.0,1.0,42.9,21.4,50.0,28.6,11.0,21.0,7.0,14.0,1548.5,1631.1
2024-03-16,2023,Luton,Nott'm Forest,1,1,D,U,2.81,3.63,2.42,4,6,6,7,15,0.0,0.0,3.0,2.0,4.0,3.0,1.0,8.0,6.0,2.0,-4.0,-3.0,-1.0,0.0,0.0,0.0,1.0,1.0,0.0,21.4,64.3,14.3,64.3,14.0,13.0,29.0,11.0,1449.3,1459.4
2024-03-16,2023,Fulham,Tottenham,3,0,H,O,3.4,3.93,2.01,7,5,4,5,15,2.0,1.0,1.0,0.0,7.0,8.0,-1.0,3.0,4.0,-1.0,4.0,4.0,0.0,2.0,1.0,1.0,0.0,0.0,0.0,57.1,35.7,46.2,15.4,15.0,17.0,7.0,22.0,1510.2,1647.2
2024-03-16,2023,Burnley,Brentford,2,1,H,O,3.27,3.66,2.16,6,5,5,4,15,0.0,0.0,2.0,3.0,2.0,3.0,-1.0,9.0,7.0,2.0,-7.0,-4.0,-3.0,0.0,0.0,0.0,2.0,1.0,1.0,7.1,78.6,21.4,71.4,10.0,14.0,13.0,12.0,1400.1,1508.9
2024-03-13,2023,Bournemouth,Luton,4,3,H,O,1.5,4.77,6.0,10,4,11,3,14,0.0,0.0,1.0,1.0,3.0,6.0,-3.0,4.0,9.0,-5.0,-1.0,-3.0,2.0,0.0,0.0,0.0,0.0,1.0,-1.0,23.1,38.5,15.4,53.8,18.0,13.0,24.0,12.0,1488.2,1458.4
2024-03-11,2023,Chelsea,Newcastle,3,2,H,O,1.94,4.08,3.54,8,3,0,4,13,2.0,2.0,1.0,1.0,5.0,7.0,-2.0,5.0,7.0,-2.0,0.0,0.0,0.0,0.0,1.0,-1.0,1.0,1.0,0.0,41.7,33.3,23.1,61.5,13.0,12.0,20.0,11.0,1560.1,1607.7
2024-03-10,2023,West Ham,Burnley,2,2,D,O,1.67,4.08,4.97,4,4,4,4,14,1.0,0.0,1.0,3.0,5.0,2.0,3.0,9.0,9.0,0.0,-4.0,-7.0,3.0,1.0,0.0,1.0,1.0,3.0,-2.0,46.2,23.1,15.4,69.2,10.0,7.0,4.0,9.0,1552.7,1395.8
2024-03-10,2023,Liverpool,Man City,1,1,D,U,2.95,3.83,2.25,6,6,7,4,14,3.0,3.0,0.0,0.0,11.0,7.0,4.0,3.0,3.0,0.0,8.0,4.0,4.0,3.0,1.0,2.0,0.0,0.0,0.0,84.6,0.0,69.2,23.1,36.0,32.0,30.0,34.0,1756.8,1799.0
2024-03-10,2023,Brighton,Nott'm Forest,1,0,H,U,1.78,4.04,4.25,3,4,6,3,14,1.0,0.0,0.0,2.0,5.0,5.0,0.0,2.0,8.0,-6.0,3.0,-3.0,6.0,1.0,0.0,1.0,0.0,1.0,-1.0,46.2,7.7,15.4,61.5,17.0,12.0,22.0,12.0,1568.8,1466.6
2024-03-10,2023,Aston Villa,Tottenham,0,4,A,O,2.42,4.08,2.62,1,5,6,4,14,1.0,0.0,2.0,1.0,6.0,6.0,0.0,7.0,8.0,-1.0,-1.0,-2.0,1.0,1.0,0.0,1.0,1.0,1.0,0.0,76.9,15.4,41.7,16.7,22.0,15.0,25.0,24.0,1641.2,1637.0
2024-03-09,2023,Wolves,Fulham,2,1,H,O,2.54,3.45,2.79,3,6,3,4,14,1.0,1.0,2.0,1.0,4.0,4.0,0.0,6.0,4.0,2.0,-2.0,0.0,-2.0,0.0,0.0,0.0,1.0,0.0,1.0,46.2,30.8,15.4,53.8,14.0,16.0,16.0,26.0,1534.5,1519.7
2024-03-09,2023,Man United,Everton,2,0,H,U,1.85,3.89,4.09,8,6,5,8,14,1.0,0.0,1.0,1.0,6.0,1.0,5.0,4.0,3.0,1.0,2.0,-2.0,4.0,1.0,0.0,1.0,0.0,1.0,-1.0,53.8,38.5,38.5,38.5,16.0,8.0,23.0,9.0,1634.5,1499.3
2024-03-09,2023,Crystal Palace,Luton,1,1,D,U,1.78,3.89,4.49,4,2,8,6,14,2.0,0.0,1.0,1.0,7.0,6.0,1.0,5.0,9.0,-4.0,2.0,-3.0,5.0,1.0,0.0,1.0,1.0,1.0,0.0,30.8,46.2,16.7,58.3,14.0,16.0,24.0,14.0,1490.6,1457.5
2024-03-09,2023,Bournemouth,Sheffield United,2,2,D,O,1.34,5.51,8.58,12,9,10,3,13,0.0,1.0,2.0,2.0,1.0,5.0,-4.0,6.0,5.0,1.0,-5.0,0.0,-5.0,0.0,1.0,-1.0,1.0,0.0,1.0,25.0,41.7,7.7,76.9,7.0,12.0,22.0,8.0,1491.5,1373.5
2024-03-09,2023,Arsenal,Brentford,2,1,H,O,1.23,6.84,12.02,6,4,10,4,14,3.0,1.0,0.0,2.0,12.0,4.0,8.0,2.0,5.0,-3.0,10.0,-1.0,11.0,3.0,1.0,2.0,0.0,1.0,-1.0,76.9,7.7,23.1,69.2,21.0,16.0,17.0,12.0,1729.3,1513.4
2024-03-04,2023,Sheffield United,Arsenal,0,6,A,O,16.28,7.82,1.17,0,10,0,7,14,0.0,3.0,2.0,0.0,2.0,13.0,-11.0,12.0,1.0,11.0,-10.0,12.0,-22.0,0.0,2.0,-2.0,2.0,0.0,2.0,15.4,69.2,61.5,23.1,12.0,22.0,12.0,23.0,1375.8,1726.9
2024-03-03,2023,Man City,Man United,3,1,H,O,1.27,6.33,10.06,8,1,15,2,14,2.0,3.0,0.0,0.0,4.0,8.0,-4.0,1.0,5.0,-4.0,3.0,3.0,0.0,1.0,0.0,1.0,0.0,0.0,0.0,69.2,0.0,53.8,38.5,19.0,22.0,31.0,19.0,1793.1,1640.4
2024-03-03,2023,Burnley,Bournemouth,0,2,A,U,3.72,3.78,1.96,6,3,7,2,14,0.0,0.0,1.0,1.0,3.0,4.0,-1.0,8.0,6.0,2.0,-5.0,-2.0,-3.0,0.0,0.0,0.0,1.0,1.0,0.0,7.7,76.9,30.8,46.2,11.0,15.0,8.0,21.0,1403.6,1483.8
2024-03-02,2023,Tottenham,Crystal Palace,3,1,H,O,1.49,4.66,6.26,6,1,11,1,14,2.0,0.0,1.0,2.0,6.0,2.0,4.0,5.0,10.0,-5.0,1.0,-8.0,9.0,0.0,0.0,0.0,0.0,2.0,-2.0,69.2,30.8,23.1,46.2,15.0,14.0,24.0,15.0,1630.7,1496.9
2024-03-02,2023,Nott'm Forest,Liverpool,0,1,A,U,5.63,4.67,1.54,2,2,3,12,14,1.0,2.0,2.0,1.0,5.0,9.0,-4.0,5.0,4.0,1.0,0.0,5.0,-5.0,1.0,2.0,-1.0,0.0,1.0,-1.0,30.8,46.2,53.8,15.4,14.0,16.0,11.0,15.0,1469.9,1753.5
2024-03-02,2023,Newcastle,Wolves,3,0,H,O,1.9,3.95,3.8,7,3,3,5,14,0.0,2.0,1.0,0.0,8.0,6.0,2.0,9.0,3.0,6.0,-1.0,3.0,-4.0,0.0,1.0,-1.0,0.0,0.0,0.0,61.5,23.1,38.5,46.2,16.0,17.0,15.0,7.0,1599.4,1542.9
2024-03-02,2023,Luton,Aston Villa,2,3,A,O,4.29,4.3,1.74,5,8,8,6,14,1.0,2.0,2.0,0.0,6.0,7.0,-1.0,5.0,1.0,4.0,1.0,6.0,-5.0,1.0,1.0,0.0,1.0,0.0,1.0,23.1,61.5,46.2,30.8,17.0,18.0,28.0,13.0,1462.9,1635.8
2024-03-02,2023,Fulham,Brighton,3,0,H,O,2.59,3.64,2.62,5,5,2,6,14,1.0,1.0,1.0,2.0,4.0,6.0,-2.0,3.0,6.0,-3.0,1.0,0.0,1.0,1.0,1.0,0.0,0.0,1.0,-1.0,53.8,38.5,30.8,46.2,16.0,15.0,20.0,20.0,1507.7,1580.9
2024-03-02,2023,Everton,West Ham,1,3,A,O,2.09,3.57,3.52,11,5,4,5,14,0.0,0.0,0.0,2.0,3.0,2.0,1.0,3.0,7.0,-4.0,0.0,-5.0,5.0,0.0,0.0,0.0,0.0,2.0,-2.0,23.1,46.2,38.5,46.2,11.0,11.0,16.0,12.0,1508.3,1543.7
2024-03-02,2023,Brentford,Chelsea,2,2,D,O,3.07,3.86,2.19,5,6,0,6,14,1.0,1.0,2.0,1.0,5.0,5.0,0.0,9.0,6.0,3.0,-4.0,-1.0,-3.0,0.0,1.0,-1.0,2.0,1.0,1.0,30.8,46.2,38.5,46.2,14.0,14.0,15.0,9.0,1512.0,1561.5
2024-02-26,2023,West Ham,Brentford,4,2,H,O,2.5,3.6,2.73,6,8,1,7,13,0.0,1.0,1.0,2.0,1.0,4.0,-3.0,7.0,4.0,3.0,-6.0,0.0,-6.0,0.0,1.0,-1.0,1.0,0.0,1.0,41.7,25.0,25.0,66.7,6.0,13.0,5.0,8.0,1534.1,1521.6
2024-02-25,2023,Wolves,Sheffield United,1,0,H,U,1.46,4.69,6.86,2,4,5,6,13,1.0,1.0,2.0,2.0,6.0,5.0,1.0,6.0,6.0,0.0,0.0,-1.0,1.0,1.0,1.0,0.0,1.0,1.0,0.0,41.7,33.3,8.3,75.0,18.0,10.0,16.0,4.0,1537.1,1381.6
2024-02-24,2023,Man United,Fulham,1,2,A,O,1.58,4.47,5.33,9,5,10,9,13,2.0,0.0,0.0,2.0,8.0,2.0,6.0,4.0,6.0,-2.0,4.0,-4.0,8.0,1.0,0.0,1.0,0.0,1.0,-1.0,58.3,33.3,8.3,58.3,14.0,14.0,16.0,22.0,1654.8,1493.3
2024-02-24,2023,Crystal Palace,Burnley,3,0,H,O,2.01,3.46,3.92,6,0,12,3,13,2.0,0.0,1.0,3.0,7.0,4.0,3.0,6.0,9.0,-3.0,1.0,-5.0,6.0,1.0,0.0,1.0,1.0,2.0,-1.0,25.0,50.0,16.7,66.7,14.0,12.0,19.0,8.0,1489.1,1411.4
2024-02-24,2023,Brighton,Everton,1,1,D,U,1.84,3.93,4.1,7,3,11,3,13,2.0,0.0,0.0,2.0,8.0,0.0,8.0,3.0,5.0,-2.0,5.0,-5.0,10.0,2.0,0.0,2.0,0.0,2.0,-2.0,50.0,8.3,41.7,41.7,19.0,5.0,18.0,8.0,1583.1,1506.1
2024-02-24,2023,Bournemouth,Man City,0,1,A,U,6.96,5.16,1.42,4,6,3,8,12,1.0,3.0,1.0,0.0,4.0,9.0,-5.0,5.0,4.0,1.0,-1.0,5.0,-6.0,1.0,2.0,-1.0,1.0,0.0,1.0,27.3,36.4,66.7,25.0,7.0,35.0,25.0,30.0,1486.8,1790.1
2024-02-24,2023,Aston Villa,Nott'm Forest,4,2,H,O,1.55,4.54,5.63,6,3,7,2,13,1.0,1.0,2.0,1.0,5.0,6.0,-1.0,7.0,5.0,2.0,-2.0,1.0,-3.0,0.0,1.0,-1.0,1.0,0.0,1.0,75.0,16.7,16.7,58.3,23.0,15.0,24.0,12.0,1630.0,1475.7
2024-02-24,2023,Arsenal,Newcastle,4,1,H,O,1.38,5.34,7.53,8,2,9,0,13,2.0,2.0,1.0,1.0,8.0,8.0,0.0,3.0,7.0,-4.0,5.0,1.0,4.0,2.0,1.0,1.0,1.0,1.0,0.0,75.0,8.3,25.0,58.3,21.0,13.0,18.0,14.0,1720.1,1606.2
2024-02-21,2023,Liverpool,Luton,4,1,H,O,1.2,7.72,13.14,13,3,13,4,13,3.0,1.0,0.0,0.0,11.0,8.0,3.0,4.0,7.0,-3.0,7.0,1.0,6.0,3.0,0.0,3.0,0.0,0.0,0.0,83.3,0.0,18.2,54.5,38.0,17.0,24.0,14.0,1750.3,1466.2
2024-02-20,2023,Man City,Brentford,1,0,H,U,1.18,8.12,15.16,11,2,10,1,13,2.0,1.0,0.0,2.0,6.0,5.0,1.0,2.0,6.0,-4.0,4.0,-1.0,5.0,2.0,1.0,1.0,0.0,1.0,-1.0,66.7,0.0,27.3,63.6,12.0,15.0,28.0,11.0,1786.5,1525.2
2024-02-19,2023,Everton,Crystal Palace,1,1,D,U,1.73,3.68,5.12,4,4,3,6,13,0.0,0.0,1.0,3.0,3.0,2.0,1.0,5.0,11.0,-6.0,-2.0,-9.0,7.0,0.0,0.0,0.0,1.0,2.0,-1.0,25.0,50.0,25.0,50.0,9.0,15.0,21.0,12.0,1506.7,1488.6
2024-02-18,2023,Sheffield United,Brighton,0,5,A,O,4.92,4.3,1.65,1,10,5,10,13,0.0,0.0,2.0,2.0,4.0,1.0,3.0,10.0,6.0,4.0,-6.0,-5.0,-1.0,0.0,0.0,0.0,1.0,1.0,0.0,16.7,66.7,25.0,50.0,17.0,13.0,16.0,10.0,1386.6,1578.1
2024-02-18,2023,Luton,Man United,1,2,A,O,4.07,4.09,1.81,4,9,8,6,13,1.0,2.0,2.0,1.0,7.0,7.0,0.0,6.0,6.0,0.0,1.0,1.0,0.0,1.0,0.0,1.0,1.0,0.0,1.0,25.0,58.3,50.0,41.7,19.0,18.0,27.0,18.0,1471.4,1649.5
2024-02-17,2023,Tottenham,Wolves,1,2,A,O,1.55,4.75,5.37,4,7,10,4,13,3.0,2.0,0.0,0.0,8.0,8.0,0.0,4.0,3.0,1.0,4.0,5.0,-1.0,1.0,2.0,-1.0,0.0,0.0,0.0,75.0,25.0,33.3,50.0,17.0,15.0,18.0,5.0,1644.0,1523.8
2024-02-17,2023,Nott'm Forest,West Ham,2,0,H,U,2.43,3.51,2.9,8,3,5,3,13,1.0,1.0,2.0,1.0,5.0,4.0,1.0,6.0,5.0,1.0,-1.0,-1.0,0.0,0.0,1.0,-1.0,0.0,1.0,-1.0,25.0,50.0,41.7,41.7,8.0,11.0,10.0,12.0,1463.3,1546.4
2024-02-17,2023,Newcastle,Bournemouth,2,2,D,O,1.85,4.16,3.83,5,7,4,2,13,0.0,0.0,2.0,2.0,7.0,3.0,4.0,10.0,7.0,3.0,-3.0,-4.0,1.0,0.0,0.0,0.0,1.0,2.0,-1.0,66.7,25.0,33.3,50.0,18.0,12.0,21.0,32.0,1609.7,1483.3
2024-02-17,2023,Man City,Chelsea,1,1,D,U,1.35,5.64,8.22,5,6,12,1,12,3.0,2.0,0.0,1.0,7.0,7.0,0.0,1.0,7.0,-6.0,6.0,0.0,6.0,3.0,1.0,2.0,0.0,1.0,-1.0,72.7,0.0,41.7,50.0,11.0,16.0,28.0,10.0,1792.4,1555.6
2024-02-17,2023,Fulham,Aston Villa,1,2,A,O,2.94,3.77,2.29,4,3,4,4,13,2.0,1.0,0.0,1.0,5.0,7.0,-2.0,2.0,3.0,-1.0,3.0,4.0,-1.0,1.0,1.0,0.0,0.0,0.0,0.0,58.3,33.3,41.7,33.3,16.0,19.0,21.0,15.0,1499.9,1623.4
2024-02-17,2023,Burnley,Arsenal,0,5,A,O,9.94,5.73,1.31,0,7,4,6,13,0.0,2.0,1.0,1.0,3.0,9.0,-6.0,5.0,3.0,2.0,-2.0,6.0,-8.0,0.0,1.0,-1.0,1.0,0.0,1.0,8.3,75.0,58.3,25.0,11.0,18.0,8.0,21.0,1414.4,1717.1
2024-02-17,2023,Brentford,Liverpool,1,4,A,O,5.24,4.52,1.59,6,8,1,6,13,1.0,2.0,2.0,1.0,5.0,7.0,-2.0,9.0,3.0,6.0,-4.0,4.0,-8.0,0.0,2.0,-2.0,2.0,1.0,1.0,33.3,41.7,50.0,16.7,12.0,18.0,22.0,13.0,1529.7,1745.8
2024-02-12,2023,Crystal Palace,Chelsea,1,3,A,O,4.2,3.8,1.84,4,5,1,7,12,2.0,1.0,0.0,2.0,7.0,5.0,2.0,4.0,8.0,-4.0,3.0,-3.0,6.0,1.0,0.0,1.0,0.0,1.0,-1.0,27.3,45.5,36.4,54.5,13.0,16.0,21.0,9.0,1497.1,1547.0
2024-02-11,2023,West Ham,Arsenal,0,6,A,O,5.81,4.38,1.55,1,12,2,6,12,1.0,1.0,0.0,1.0,3.0,4.0,-1.0,1.0,4.0,-3.0,2.0,0.0,2.0,1.0,0.0,1.0,0.0,0.0,0.0,45.5,18.2,54.5,27.3,10.0,8.0,7.0,20.0,1552.1,1711.4
2024-02-11,2023,Aston Villa,Man United,1,2,A,O,2.17,3.83,3.11,10,5,10,8,12,1.0,1.0,1.0,2.0,5.0,5.0,0.0,6.0,7.0,-1.0,-1.0,-2.0,1.0,0.0,0.0,0.0,1.0,1.0,0.0,81.8,9.1,45.5,45.5,17.0,16.0,23.0,14.0,1633.2,1639.7
2024-02-10,2023,Wolves,Brentford,0,2,A,U,2.12,3.66,3.38,5,6,7,4,12,2.0,0.0,1.0,3.0,8.0,3.0,5.0,5.0,7.0,-2.0,3.0,-4.0,7.0,1.0,0.0,1.0,0.0,1.0,-1.0,45.5,27.3,20.0,70.0,19.0,13.0,19.0,11.0,1534.2,1519.3
2024-02-10,2023,Tottenham,Brighton,2,1,H,O,1.82,4.31,3.84,6,3,9,6,12,3.0,0.0,0.0,1.0,8.0,1.0,7.0,4.0,5.0,-1.0,4.0,-4.0,8.0,1.0,0.0,1.0,0.0,1.0,-1.0,72.7,27.3,27.3,45.5,17.0,16.0,12.0,5.0,1635.4,1586.7
2024-02-10,2023,Nott'm Forest,Newcastle,2,3,A,O,3.3,3.71,2.13,3,5,4,4,12,1.0,1.0,2.0,2.0,5.0,5.0,0.0,6.0,6.0,0.0,-1.0,-1.0,0.0,0.0,1.0,-1.0,0.0,1.0,-1.0,27.3,45.5,18.2,63.6,10.0,10.0,12.0,17.0,1469.7,1603.3
2024-02-10,2023,Man City,Everton,2,0,H,U,1.2,7.36,13.47,3,1,9,0,11,2.0,0.0,0.0,2.0,7.0,1.0,6.0,3.0,5.0,-2.0,4.0,-4.0,8.0,2.0,0.0,2.0,0.0,1.0,-1.0,70.0,0.0,45.5,36.4,17.0,12.0,25.0,16.0,1789.1,1510.0
2024-02-10,2023,Luton,Sheffield United,1,3,A,O,1.77,3.88,4.59,5,3,13,1,12,2.0,0.0,1.0,2.0,7.0,3.0,4.0,3.0,6.0,-3.0,4.0,-3.0,7.0,1.0,0.0,1.0,0.0,1.0,-1.0,27.3,54.5,0.0,81.8,19.0,9.0,20.0,4.0,1484.5,1373.5
2024-02-10,2023,Liverpool,Burnley,3,1,H,O,1.16,8.4,15.8,10,4,9,3,12,2.0,1.0,0.0,2.0,9.0,5.0,4.0,4.0,6.0,-2.0,5.0,-1.0,6.0,2.0,1.0,1.0,0.0,1.0,-1.0,81.8,0.0,18.2,63.6,31.0,10.0,19.0,11.0,1743.1,1417.0
2024-02-10,2023,Fulham,Bournemouth,3,1,H,O,2.4,3.58,2.88,6,4,1,14,12,1.0,1.0,1.0,1.0,2.0,5.0,-3.0,3.0,6.0,-3.0,-1.0,-1.0,0.0,0.0,0.0,0.0,1.0,1.0,0.0,54.5,36.4,36.4,45.5,15.0,15.0,28.0,24.0,1489.8,1493.4
2024-02-05,2023,Brentford,Man City,1,3,A,O,7.17,4.99,1.42,3,15,8,13,12,1.0,3.0,2.0,0.0,5.0,8.0,-3.0,8.0,4.0,4.0,-3.0,4.0,-7.0,0.0,1.0,-1.0,1.0,0.0,1.0,36.4,36.4,63.6,27.3,12.0,26.0,21.0,20.0,1522.9,1785.5
2024-02-04,2023,Man United,West Ham,3,0,H,O,1.66,4.23,4.93,5,3,5,8,12,1.0,1.0,1.0,1.0,5.0,4.0,1.0,7.0,7.0,0.0,-2.0,-3.0,1.0,0.0,1.0,-1.0,1.0,1.0,0.0,54.5,36.4,45.5,36.4,12.0,13.0,21.0,10.0,1631.7,1560.1
2024-02-04,2023,Chelsea,Wolves,2,4,A,O,1.63,4.22,5.24,6,7,10,1,12,3.0,1.0,0.0,1.0,5.0,4.0,1.0,1.0,4.0,-3.0,4.0,0.0,4.0,1.0,1.0,0.0,0.0,1.0,-1.0,45.5,27.3,27.3,54.5,13.0,11.0,17.0,10.0,1558.0,1523.2
2024-02-04,2023,Bournemouth,Nott'm Forest,1,1,D,U,1.7,4.15,4.65,2,6,11,6,11,1.0,1.0,1.0,1.0,5.0,6.0,-1.0,6.0,5.0,1.0,-1.0,1.0,-2.0,1.0,1.0,0.0,1.0,0.0,1.0,30.0,40.0,18.2,63.6,12.0,11.0,21.0,9.0,1494.1,1468.9
2024-02-04,2023,Arsenal,Liverpool,3,1,H,O,2.25,3.67,3.07,7,1,2,4,12,2.0,3.0,1.0,0.0,7.0,8.0,-1.0,2.0,1.0,1.0,5.0,7.0,-2.0,2.0,2.0,0.0,1.0,0.0,1.0,72.7,9.1,54.5,9.1,23.0,19.0,26.0,14.0,1699.8,1754.7
2024-02-03,2023,Sheffield United,Aston Villa,0,5,A,O,5.1,4.29,1.63,5,10,3,4,12,1.0,1.0,1.0,1.0,5.0,4.0,1.0,5.0,4.0,1.0,0.0,0.0,0.0,0.0,0.0,0.0,0.0,0.0,0.0,18.2,63.6,36.4,36.4,16.0,14.0,16.0,23.0,1377.3,1629.4
2024-02-03,2023,Newcastle,Luton,4,4,D,O,1.43,4.97,7.02,6,8,8,2,12,1.0,1.0,2.0,1.0,6.0,5.0,1.0,6.0,6.0,0.0,0.0,-1.0,1.0,1.0,0.0,1.0,1.0,1.0,0.0,72.7,27.3,20.0,60.0,22.0,10.0,18.0,17.0,1606.8,1481.1
2024-02-03,2023,Everton,Tottenham,2,2,D,O,2.94,3.69,2.34,5,6,9,5,12,1.0,1.0,1.0,1.0,3.0,6.0,-3.0,3.0,6.0,-3.0,0.0,0.0,0.0,1.0,1.0,0.0,1.0,1.0,0.0,27.3,54.5,45.5,18.2,9.0,15.0,16.0,23.0,1506.4,1639.1
2024-02-03,2023,Burnley,Fulham,2,2,D,O,2.94,3.45,2.43,4,7,2,13,12,0.0,0.0,2.0,3.0,1.0,0.0,1.0,5.0,7.0,-2.0,-4.0,-7.0,3.0,0.0,0.0,0.0,2.0,2.0,0.0,9.1,81.8,9.1,63.6,9.0,11.0,14.0,10.0,1414.8,1492.0
2024-02-03,2023,Brighton,Crystal Palace,4,1,H,O,1.7,4.07,4.82,6,5,3,2,12,1.0,0.0,0.0,2.0,5.0,3.0,2.0,3.0,9.0,-6.0,2.0,-6.0,8.0,1.0,0.0,1.0,0.0,1.0,-1.0,45.5,9.1,27.3,45.5,24.0,12.0,24.0,11.0,1578.8,1505.1
2024-02-01,2023,Wolves,Man United,3,4,A,O,2.7,3.58,2.54,7,8,4,5,11,2.0,0.0,0.0,2.0,6.0,1.0,5.0,2.0,4.0,-2.0,4.0,-3.0,7.0,1.0,0.0,1.0,0.0,1.0,-1.0,50.0,20.0,40.0,50.0,16.0,9.0,19.0,9.0,1530.6,1624.3
2024-02-01,2023,West Ham,Bournemouth,1,1,D,U,2.43,3.73,2.75,3,4,1,5,11,2.0,2.0,0.0,1.0,5.0,7.0,-2.0,0.0,5.0,-5.0,5.0,2.0,3.0,2.0,1.0,1.0,0.0,1.0,-1.0,50.0,20.0,40.0,50.0,11.0,15.0,12.0,23.0,1562.1,1492.1
2024-01-31,2023,Tottenham,Brentford,3,2,H,O,1.67,4.34,4.75,5,5,5,3,11,3.0,0.0,0.0,3.0,9.0,2.0,7.0,3.0,6.0,-3.0,6.0,-4.0,10.0,2.0,0.0,2.0,0.0,1.0,-1.0,70.0,30.0,22.2,66.7,24.0,10.0,10.0,11.0,1631.9,1530.0
2024-01-31,2023,Man City,Burnley,3,1,H,O,1.1,11.19,24.13,4,3,7,3,10,1.0,1.0,0.0,1.0,7.0,5.0,2.0,5.0,4.0,1.0,2.0,1.0,1.0,1.0,1.0,0.0,0.0,0.0,0.0,66.7,0.0,20.0,60.0,17.0,10.0,28.0,9.0,1783.3,1417.0
2024-01-31,2023,Liverpool,Chelsea,4,1,H,O,1.58,4.61,5.15,13,3,8,1,11,1.0,1.0,0.0,2.0,5.0,4.0,1.0,3.0,6.0,-3.0,2.0,-2.0,4.0,1.0,0.0,1.0,0.0,1.0,-1.0,80.0,0.0,40.0,50.0,26.0,17.0,23.0,16.0,1749.6,1563.1
2024-01-30,2023,Nott'm Forest,Arsenal,1,2,A,O,8.12,5.09,1.39,3,3,2,11,11,1.0,0.0,2.0,2.0,4.0,2.0,2.0,6.0,4.0,2.0,-2.0,-2.0,0.0,0.0,0.0,0.0,1.0,0.0,1.0,30.0,40.0,50.0,30.0,8.0,10.0,16.0,12.0,1473.3,1695.5
2024-01-30,2023,Luton,Brighton,4,0,H,O,4.34,4.09,1.78,8,2,7,4,11,1.0,0.0,2.0,1.0,4.0,1.0,3.0,5.0,3.0,2.0,-1.0,-2.0,1.0,0.0,0.0,0.0,0.0,1.0,-1.0,20.0,60.0,30.0,40.0,13.0,15.0,19.0,2.0,1467.6,1592.2
2024-01-30,2023,Fulham,Everton,0,0,D,U,2.45,3.33,3.01,6,4,15,6,11,2.0,1.0,1.0,2.0,7.0,3.0,4.0,3.0,5.0,-2.0,4.0,-2.0,6.0,1.0,1.0,0.0,1.0,1.0,0.0,60.0,40.0,50.0,40.0,17.0,14.0,16.0,16.0,1491.6,1506.8
2024-01-30,2023,Crystal Palace,Sheffield United,3,2,H,O,1.64,3.87,5.92,4,5,11,1,11,1.0,0.0,1.0,2.0,5.0,1.0,4.0,4.0,5.0,-1.0,1.0,-4.0,5.0,1.0,0.0,1.0,0.0,2.0,-2.0,20.0,50.0,0.0,80.0,13.0,5.0,16.0,9.0,1498.2,1384.2
2024-01-30,2023,Aston Villa,Newcastle,1,3,A,O,1.86,4.07,3.92,6,5,8,7,11,2.0,0.0,0.0,3.0,5.0,3.0,2.0,3.0,9.0,-6.0,2.0,-6.0,8.0,0.0,0.0,0.0,0.0,2.0,-2.0,90.0,0.0,10.0,70.0,14.0,8.0,18.0,16.0,1640.7,1595.5
2024-01-22,2023,Brighton,Wolves,0,0,D,U,1.65,4.29,4.95,4,3,8,2,11,2.0,1.0,0.0,2.0,7.0,5.0,2.0,4.0,6.0,-2.0,3.0,-1.0,4.0,1.0,1.0,0.0,0.0,1.0,-1.0,50.0,10.0,30.0,60.0,27.0,11.0,23.0,8.0,1594.1,1528.7
2024-01-21,2023,Sheffield United,West Ham,2,2,D,O,3.43,3.43,2.18,6,5,4,1,11,1.0,2.0,2.0,1.0,3.0,4.0,-1.0,5.0,6.0,-1.0,-2.0,-2.0,0.0,0.0,1.0,-1.0,1.0,1.0,0.0,20.0,70.0,50.0,40.0,11.0,13.0,14.0,13.0,1379.2,1567.0
2024-01-21,2023,Bournemouth,Liverpool,0,4,A,O,4.38,4.37,1.71,1,7,8,5,10,2.0,3.0,0.0,0.0,7.0,6.0,1.0,2.0,1.0,1.0,5.0,5.0,0.0,2.0,2.0,0.0,0.0,0.0,0.0,33.3,33.3,50.0,10.0,21.0,20.0,19.0,21.0,1495.9,1745.8
2024-01-20,2023,Brentford,Nott'm Forest,3,2,H,O,1.9,3.72,4.06,5,3,6,4,11,1.0,1.0,2.0,1.0,5.0,4.0,1.0,7.0,7.0,0.0,-2.0,-3.0,1.0,1.0,1.0,0.0,1.0,1.0,0.0,30.0,40.0,20.0,60.0,13.0,9.0,22.0,6.0,1521.2,1482.2
2024-01-20,2023,Arsenal,Crystal Palace,5,0,H,O,1.29,5.74,11.19,6,5,6,7,11,2.0,0.0,1.0,1.0,4.0,4.0,0.0,3.0,5.0,-2.0,1.0,-1.0,2.0,1.0,0.0,1.0,1.0,0.0,1.0,70.0,10.0,30.0,40.0,23.0,9.0,24.0,7.0,1690.4,1503.3
2024-01-14,2023,Man United,Tottenham,2,2,D,O,2.2,3.93,3.0,2,6,8,13,11,2.0,1.0,1.0,1.0,5.0,7.0,-2.0,6.0,7.0,-1.0,-1.0,0.0,-1.0,0.0,1.0,-1.0,1.0,1.0,0.0,60.0,40.0,50.0,20.0,19.0,13.0,25.0,18.0,1624.1,1632.2
2024-01-14,2023,Everton,Aston Villa,0,0,D,U,2.79,3.62,2.45,2,5,4,5,11,2.0,1.0,1.0,1.0,6.0,6.0,0.0,3.0,6.0,-3.0,3.0,0.0,3.0,2.0,0.0,2.0,1.0,0.0,1.0,30.0,60.0,40.0,40.0,13.0,12.0,17.0,25.0,1502.9,1644.5
2024-01-13,2023,Newcastle,Man City,2,3,A,O,5.5,4.47,1.57,5,11,3,13,11,2.0,2.0,1.0,1.0,5.0,5.0,0.0,3.0,3.0,0.0,2.0,2.0,0.0,1.0,1.0,0.0,1.0,0.0,1.0,80.0,20.0,60.0,30.0,21.0,17.0,22.0,7.0,1600.8,1778.0
2024-01-13,2023,Chelsea,Fulham,1,0,H,U,1.64,4.24,5.19,3,4,6,4,11,3.0,0.0,0.0,3.0,7.0,3.0,4.0,3.0,10.0,-7.0,4.0,-7.0,11.0,1.0,0.0,1.0,0.0,2.0,-2.0,40.0,30.0,10.0,60.0,15.0,12.0,16.0,10.0,1554.6,1500.0
2024-01-12,2023,Burnley,Luton,1,1,D,U,2.03,3.58,3.74,7,5,2,8,11,1.0,1.0,2.0,2.0,5.0,4.0,1.0,4.0,6.0,-2.0,1.0,-2.0,3.0,1.0,0.0,1.0,2.0,1.0,1.0,10.0,90.0,22.2,66.7,9.0,9.0,18.0,12.0,1415.5,1469.2
2024-01-02,2023,West Ham,Brighton,0,0,D,U,2.47,3.7,2.73,2,8,2,0,10,2.0,0.0,0.0,2.0,6.0,3.0,3.0,1.0,6.0,-5.0,5.0,-3.0,8.0,2.0,0.0,2.0,0.0,1.0,-1.0,55.6,22.2,33.3,44.4,12.0,16.0,12.0,10.0,1566.2,1594.9
2024-01-01,2023,Liverpool,Newcastle,4,2,H,O,1.46,4.88,6.56,15,3,7,3,10,1.0,0.0,0.0,3.0,5.0,1.0,4.0,4.0,8.0,-4.0,1.0,-7.0,8.0,0.0,0.0,0.0,0.0,2.0,-2.0,77.8,0.0,11.1,66.7,23.0,8.0,19.0,15.0,1739.4,1607.2
2023-12-31,2023,Tottenham,Bournemouth,3,1,H,O,1.78,4.33,4.04,6,4,4,13,10,2.0,3.0,1.0,0.0,7.0,8.0,-1.0,4.0,2.0,2.0,3.0,6.0,-3.0,1.0,2.0,-1.0,0.0,0.0,0.0,66.7,33.3,44.4,44.4,25.0,15.0,14.0,19.0,1625.6,1502.5
2023-12-31,2023,Fulham,Arsenal,2,1,H,O,5.74,4.29,1.57,4,3,5,4,10,2.0,1.0,1.0,1.0,10.0,5.0,5.0,2.0,5.0,-3.0,8.0,0.0,8.0,2.0,0.0,2.0,1.0,0.0,1.0,55.6,44.4,55.6,22.2,19.0,16.0,17.0,16.0,1484.4,1706.0
2023-12-30,2023,Wolves,Everton,3,0,H,O,2.64,3.38,2.74,6,0,5,2,10,2.0,2.0,0.0,1.0,4.0,4.0,0.0,2.0,2.0,0.0,2.0,2.0,0.0,0.0,1.0,-1.0,0.0,0.0,0.0,44.4,22.2,55.6,33.3,14.0,17.0,20.0,17.0,1518.9,1512.7
2023-12-30,2023,Nott'm Forest,Man United,2,1,H,O,3.27,3.68,2.16,2,5,4,5,10,0.0,0.0,3.0,2.0,2.0,0.0,2.0,6.0,3.0,3.0,-4.0,-3.0,-1.0,0.0,0.0,0.0,1.0,1.0,0.0,22.2,44.4,44.4,44.4,8.0,5.0,16.0,7.0,1467.6,1638.7
2023-12-30,2023,Man City,Sheffield United,2,0,H,U,1.08,12.85,29.4,4,2,12,2,9,0.0,0.0,0.0,2.0,6.0,1.0,5.0,6.0,8.0,-2.0,0.0,-7.0,7.0,0.0,0.0,0.0,0.0,2.0,-2.0,62.5,0.0,0.0,77.8,18.0,6.0,25.0,8.0,1776.1,1381.1
2023-12-30,2023,Luton,Chelsea,2,3,A,O,6.04,4.53,1.53,6,8,7,2,10,1.0,0.0,2.0,3.0,5.0,2.0,3.0,6.0,6.0,0.0,-1.0,-4.0,3.0,0.0,0.0,0.0,0.0,1.0,-1.0,22.2,55.6,33.3,55.6,11.0,12.0,15.0,18.0,1477.2,1546.6
2023-12-30,2023,Crystal Palace,Brentford,3,1,H,O,2.23,3.33,3.43,6,4,7,4,10,0.0,0.0,2.0,3.0,2.0,1.0,1.0,5.0,6.0,-1.0,-3.0,-5.0,2.0,0.0,0.0,0.0,1.0,1.0,0.0,11.1,55.6,25.0,62.5,10.0,9.0,12.0,15.0,1492.2,1532.3
2023-12-30,2023,Aston Villa,Burnley,3,2,H,O,1.37,5.27,8.15,7,5,6,2,10,2.0,1.0,0.0,1.0,3.0,3.0,0.0,1.0,2.0,-1.0,2.0,1.0,1.0,0.0,1.0,-1.0,0.0,0.0,0.0,88.9,0.0,22.2,55.6,14.0,8.0,18.0,15.0,1640.1,1419.8
2023-12-28,2023,Brighton,Tottenham,4,2,H,O,2.52,3.9,2.57,9,3,7,6,10,1.0,1.0,0.0,1.0,4.0,6.0,-2.0,3.0,5.0,-2.0,1.0,1.0,0.0,0.0,1.0,-1.0,0.0,0.0,0.0,44.4,11.1,55.6,11.1,24.0,12.0,22.0,15.0,1583.3,1637.1
2023-12-28,2023,Arsenal,West Ham,0,2,A,U,1.35,5.39,8.64,8,3,10,3,10,3.0,2.0,0.0,1.0,7.0,4.0,3.0,2.0,7.0,-5.0,5.0,-3.0,8.0,2.0,0.0,2.0,0.0,1.0,-1.0,77.8,0.0,44.4,44.4,21.0,13.0,17.0,15.0,1720.5,1551.7
2023-12-27,2023,Everton,Man City,1,3,A,O,5.84,4.17,1.59,2,9,8,4,10,2.0,1.0,1.0,1.0,5.0,6.0,-1.0,3.0,6.0,-3.0,2.0,0.0,2.0,2.0,0.0,2.0,1.0,0.0,1.0,33.3,55.6,55.6,33.3,17.0,18.0,15.0,6.0,1516.5,1772.4
2023-12-27,2023,Chelsea,Crystal Palace,2,1,H,O,1.7,3.91,5.02,4,5,4,3,10,2.0,0.0,0.0,1.0,9.0,4.0,5.0,6.0,5.0,1.0,3.0,-1.0,4.0,1.0,0.0,1.0,0.0,0.0,0.0,33.3,33.3,33.3,33.3,20.0,12.0,15.0,9.0,1537.6,1501.1
2023-12-27,2023,Brentford,Wolves,1,4,A,O,1.96,3.59,3.97,4,5,8,2,10,1.0,0.0,2.0,3.0,4.0,3.0,1.0,4.0,8.0,-4.0,0.0,-5.0,5.0,1.0,0.0,1.0,0.0,1.0,-1.0,33.3,33.3,22.2,66.7,12.0,12.0,15.0,8.0,1543.3,1507.9
2023-12-26,2023,Sheffield United,Luton,2,3,A,O,2.41,3.32,3.07,6,4,9,4,10,1.0,0.0,2.0,3.0,2.0,2.0,0.0,5.0,7.0,-2.0,-3.0,-5.0,2.0,0.0,0.0,0.0,2.0,2.0,0.0,22.2,66.7,12.5,75.0,7.0,6.0,9.0,12.0,1388.8,1469.5
2023-12-26,2023,Newcastle,Nott'm Forest,1,3,A,O,1.51,4.41,6.57,7,6,10,2,10,3.0,0.0,0.0,2.0,8.0,3.0,5.0,1.0,9.0,-8.0,7.0,-6.0,13.0,2.0,0.0,2.0,0.0,1.0,-1.0,88.9,11.1,11.1,66.7,19.0,8.0,16.0,8.0,1621.7,1453.1
2023-12-26,2023,Man United,Aston Villa,3,2,H,O,2.63,3.63,2.61,7,4,3,6,10,2.0,2.0,1.0,0.0,3.0,6.0,-3.0,4.0,4.0,0.0,-1.0,2.0,-3.0,0.0,0.0,0.0,1.0,0.0,1.0,55.6,44.4,44.4,33.3,16.0,13.0,33.0,22.0,1628.0,1650.8
2023-12-26,2023,Burnley,Liverpool,0,2,A,U,7.67,5.3,1.39,0,10,4,4,10,1.0,2.0,2.0,0.0,6.0,5.0,1.0,4.0,2.0,2.0,2.0,3.0,-1.0,1.0,1.0,0.0,1.0,0.0,1.0,11.1,88.9,44.4,11.1,14.0,13.0,18.0,23.0,1422.7,1736.6
2023-12-26,2023,Bournemouth,Fulham,3,0,H,O,2.22,3.62,3.2,4,3,6,5,9,2.0,0.0,0.0,3.0,6.0,4.0,2.0,3.0,10.0,-7.0,3.0,-6.0,9.0,1.0,0.0,1.0,0.0,2.0,-2.0,25.0,37.5,11.1,55.6,23.0,14.0,23.0,7.0,1492.5,1494.4
2023-12-24,2023,Wolves,Chelsea,2,1,H,O,3.73,3.73,1.98,6,5,10,6,9,2.0,0.0,0.0,3.0,4.0,2.0,2.0,2.0,8.0,-6.0,2.0,-6.0,8.0,0.0,0.0,0.0,0.0,2.0,-2.0,37.5,25.0,37.5,50.0,12.0,11.0,21.0,14.0,1496.4,1549.2
2023-12-23,2023,West Ham,Man United,2,0,H,U,2.61,3.65,2.6,5,3,4,4,9,2.0,1.0,0.0,1.0,7.0,3.0,4.0,3.0,1.0,2.0,4.0,2.0,2.0,1.0,1.0,0.0,0.0,0.0,0.0,50.0,25.0,50.0,37.5,13.0,6.0,17.0,8.0,1538.8,1640.9
2023-12-23,2023,Tottenham,Everton,2,1,H,O,1.8,4.16,4.08,6,8,3,8,9,1.0,3.0,2.0,0.0,6.0,6.0,0.0,5.0,2.0,3.0,1.0,4.0,-3.0,1.0,1.0,0.0,0.0,0.0,0.0,62.5,37.5,62.5,25.0,27.0,13.0,20.0,11.0,1630.1,1523.5
2023-12-23,2023,Nott'm Forest,Bournemouth,2,3,A,O,2.76,3.49,2.54,5,7,6,6,9,0.0,3.0,3.0,0.0,2.0,8.0,-6.0,6.0,1.0,5.0,-4.0,7.0,-11.0,0.0,3.0,-3.0,1.0,0.0,1.0,25.0,37.5,37.5,50.0,8.0,19.0,16.0,20.0,1462.5,1483.1
2023-12-23,2023,Luton,Newcastle,1,0,H,U,5.0,4.23,1.65,5,2,6,7,9,1.0,0.0,2.0,3.0,6.0,1.0,5.0,7.0,9.0,-2.0,-1.0,-8.0,7.0,0.0,0.0,0.0,0.0,3.0,-3.0,12.5,62.5,12.5,62.5,9.0,11.0,13.0,13.0,1454.7,1636.5
2023-12-23,2023,Liverpool,Arsenal,1,1,D,U,2.43,3.63,2.83,3,2,4,5,9,2.0,2.0,0.0,1.0,7.0,5.0,2.0,3.0,4.0,-1.0,4.0,1.0,3.0,1.0,0.0,1.0,0.0,0.0,0.0,87.5,0.0,62.5,25.0,30.0,18.0,21.0,19.0,1737.1,1720.1
2023-12-23,2023,Fulham,Burnley,0,2,A,U,1.7,3.94,5.01,5,2,8,6,9,3.0,0.0,0.0,2.0,13.0,2.0,11.0,2.0,5.0,-3.0,11.0,-3.0,14.0,2.0,0.0,2.0,0.0,1.0,-1.0,62.5,37.5,12.5,62.5,20.0,11.0,15.0,12.0,1507.2,1409.9
2023-12-22,2023,Aston Villa,Sheffield United,1,1,D,U,1.24,6.67,11.7,4,2,9,1,9,3.0,0.0,0.0,2.0,5.0,1.0,4.0,1.0,8.0,-7.0,4.0,-7.0,11.0,1.0,0.0,1.0,0.0,2.0,-2.0,100.0,0.0,0.0,87.5,16.0,5.0,11.0,10.0,1657.4,1382.2
2023-12-21,2023,Crystal Palace,Brighton,1,1,D,U,3.35,3.5,2.18,3,6,3,1,9,0.0,1.0,3.0,2.0,3.0,5.0,-2.0,7.0,7.0,0.0,-4.0,-2.0,-2.0,0.0,0.0,0.0,1.0,1.0,0.0,12.5,62.5,37.5,50.0,11.0,15.0,18.0,13.0,1498.6,1585.8
2023-12-17,2023,West Ham,Wolves,3,0,H,O,2.16,3.55,3.4,4,3,6,6,8,1.0,0.0,1.0,3.0,4.0,4.0,0.0,4.0,7.0,-3.0,0.0,-3.0,3.0,0.0,0.0,0.0,0.0,0.0,0.0,42.9,28.6,25.0,62.5,11.0,12.0,15.0,6.0,1529.5,1505.7
2023-12-17,2023,Liverpool,Man United,0,0,D,U,1.32,6.09,8.5,8,1,12,0,8,3.0,2.0,0.0,1.0,10.0,4.0,6.0,3.0,1.0,2.0,7.0,3.0,4.0,2.0,1.0,1.0,0.0,0.0,0.0,100.0,0.0,57.1,42.9,30.0,10.0,17.0,12.0,1739.9,1638.0
2023-12-17,2023,Brentford,Aston Villa,1,2,A,O,3.26,3.71,2.16,3,5,7,12,9,2.0,1.0,1.0,1.0,6.0,4.0,2.0,4.0,5.0,-1.0,2.0,-1.0,3.0,1.0,0.0,1.0,0.0,1.0,-1.0,37.5,25.0,37.5,37.5,13.0,11.0,12.0,20.0,1550.5,1650.2
2023-12-17,2023,Arsenal,Brighton,2,0,H,U,1.48,4.73,6.5,9,1,10,1,9,3.0,1.0,0.0,1.0,10.0,6.0,4.0,2.0,6.0,-4.0,8.0,0.0,8.0,2.0,0.0,2.0,0.0,0.0,0.0,75.0,0.0,42.9,42.9,20.0,16.0,13.0,15.0,1713.4,1592.5
2023-12-16,2023,Newcastle,Fulham,3,0,H,O,1.87,3.91,4.03,10,4,5,1,9,3.0,0.0,0.0,2.0,6.0,5.0,1.0,1.0,8.0,-7.0,5.0,-3.0,8.0,1.0,0.0,1.0,0.0,1.0,-1.0,87.5,12.5,12.5,50.0,11.0,15.0,11.0,9.0,1629.7,1513.9
2023-12-16,2023,Man City,Crystal Palace,2,2,D,O,1.18,7.77,16.06,9,2,6,1,8,1.0,1.0,0.0,1.0,10.0,4.0,6.0,5.0,3.0,2.0,5.0,1.0,4.0,1.0,1.0,0.0,0.0,0.0,0.0,71.4,0.0,37.5,37.5,17.0,13.0,31.0,9.0,1779.2,1491.9
2023-12-16,2023,Chelsea,Sheffield United,2,0,H,U,1.24,6.49,12.28,6,1,7,6,9,1.0,0.0,1.0,2.0,7.0,1.0,6.0,8.0,11.0,-3.0,-1.0,-10.0,9.0,0.0,0.0,0.0,1.0,2.0,-1.0,25.0,37.5,0.0,85.7,16.0,4.0,18.0,5.0,1543.3,1388.0
2023-12-16,2023,Burnley,Everton,0,2,A,U,3.55,3.45,2.14,2,6,8,6,9,1.0,3.0,2.0,0.0,6.0,5.0,1.0,4.0,2.0,2.0,2.0,3.0,-1.0,1.0,0.0,1.0,1.0,0.0,1.0,12.5,87.5,57.1,28.6,17.0,11.0,22.0,8.0,1417.2,1516.3
2023-12-15,2023,Nott'm Forest,Tottenham,0,2,A,U,4.52,4.13,1.74,1,6,6,4,8,1.0,1.0,2.0,1.0,4.0,6.0,-2.0,4.0,6.0,-2.0,0.0,0.0,0.0,1.0,0.0,1.0,0.0,0.0,0.0,28.6,28.6,50.0,12.5,10.0,7.0,10.0,13.0,1468.3,1624.3
2023-12-10,2023,Tottenham,Newcastle,4,1,H,O,2.2,3.84,3.05,12,3,3,6,8,0.0,0.0,3.0,2.0,3.0,2.0,1.0,8.0,7.0,1.0,-5.0,-5.0,0.0,0.0,0.0,0.0,1.0,2.0,-1.0,57.1,42.9,14.3,57.1,20.0,13.0,18.0,14.0,1613.5,1640.5
2023-12-10,2023,Luton,Man City,1,2,A,O,18.02,8.94,1.15,2,6,6,3,8,1.0,1.0,1.0,1.0,6.0,7.0,-1.0,6.0,5.0,1.0,0.0,2.0,-2.0,0.0,1.0,-1.0,0.0,0.0,0.0,14.3,57.1,50.0,37.5,12.0,22.0,11.0,15.0,1457.4,1776.5
2023-12-10,2023,Fulham,West Ham,5,0,H,O,2.39,3.49,2.95,8,5,3,6,8,2.0,2.0,1.0,1.0,8.0,6.0,2.0,3.0,5.0,-2.0,5.0,1.0,4.0,1.0,0.0,1.0,0.0,0.0,0.0,57.1,42.9,50.0,37.5,15.0,10.0,21.0,12.0,1502.9,1540.6
2023-12-10,2023,Everton,Chelsea,2,0,H,U,3.02,3.59,2.31,5,4,4,8,9,1.0,1.0,1.0,2.0,4.0,6.0,-2.0,4.0,7.0,-3.0,0.0,-1.0,1.0,1.0,1.0,0.0,1.0,1.0,0.0,25.0,62.5,42.9,42.9,16.0,15.0,14.0,12.0,1504.9,1554.8
2023-12-09,2023,Wolves,Nott'm Forest,1,1,D,U,1.87,3.64,4.34,4,2,4,3,8,2.0,0.0,0.0,3.0,5.0,2.0,3.0,3.0,11.0,-8.0,2.0,-9.0,11.0,0.0,0.0,0.0,0.0,2.0,-2.0,42.9,28.6,12.5,75.0,14.0,7.0,25.0,8.0,1506.8,1467.2
2023-12-09,2023,Sheffield United,Brentford,1,0,H,U,4.48,3.82,1.8,4,4,3,4,9,1.0,1.0,2.0,2.0,3.0,3.0,0.0,6.0,5.0,1.0,-3.0,-2.0,-1.0,0.0,1.0,-1.0,2.0,1.0,1.0,12.5,75.0,28.6,57.1,5.0,10.0,10.0,12.0,1373.0,1565.6
2023-12-09,2023,Man United,Bournemouth,0,3,A,O,1.55,4.65,5.54,3,4,10,4,9,2.0,2.0,1.0,1.0,3.0,6.0,-3.0,4.0,7.0,-3.0,-1.0,-1.0,0.0,0.0,2.0,-2.0,1.0,1.0,0.0,62.5,37.5,28.6,57.1,16.0,16.0,30.0,17.0,1652.9,1468.2
2023-12-09,2023,Crystal Palace,Liverpool,1,2,A,O,6.12,4.54,1.52,4,2,6,5,8,0.0,1.0,3.0,0.0,3.0,4.0,-1.0,7.0,2.0,5.0,-4.0,2.0,-6.0,0.0,1.0,-1.0,1.0,0.0,1.0,14.3,57.1,37.5,12.5,10.0,17.0,23.0,25.0,1495.9,1735.9
2023-12-09,2023,Brighton,Burnley,1,1,D,U,1.5,4.69,6.18,11,3,9,1,9,1.0,0.0,0.0,3.0,4.0,2.0,2.0,3.0,6.0,-3.0,1.0,-4.0,5.0,0.0,0.0,0.0,0.0,1.0,-1.0,50.0,12.5,14.3,71.4,20.0,11.0,20.0,16.0,1597.3,1412.3
2023-12-09,2023,Aston Villa,Arsenal,1,0,H,U,3.41,3.66,2.11,3,5,3,3,8,3.0,2.0,0.0,1.0,7.0,5.0,2.0,2.0,4.0,-2.0,5.0,1.0,4.0,2.0,0.0,2.0,0.0,0.0,0.0,100.0,0.0,71.4,14.3,19.0,14.0,14.0,27.0,1637.7,1725.9
2023-12-07,2023,Tottenham,West Ham,1,2,A,O,1.79,4.22,4.08,7,5,8,4,7,1.0,1.0,2.0,2.0,4.0,5.0,-1.0,6.0,8.0,-2.0,-2.0,-3.0,1.0,1.0,0.0,1.0,1.0,1.0,0.0,66.7,33.3,42.9,42.9,18.0,9.0,13.0,15.0,1626.3,1527.8
2023-12-07,2023,Everton,Newcastle,3,0,H,O,3.13,3.44,2.33,6,3,5,2,8,1.0,0.0,1.0,1.0,4.0,4.0,0.0,4.0,6.0,-2.0,0.0,-2.0,2.0,1.0,0.0,1.0,1.0,1.0,0.0,14.3,71.4,16.7,50.0,18.0,13.0,17.0,14.0,1490.4,1654.9
2023-12-06,2023,Sheffield United,Liverpool,0,2,A,U,13.54,7.67,1.2,1,8,2,12,8,1.0,0.0,2.0,0.0,4.0,4.0,0.0,6.0,4.0,2.0,-2.0,0.0,-2.0,0.0,0.0,0.0,1.0,0.0,1.0,14.3,71.4,28.6,14.3,10.0,13.0,13.0,14.0,1375.2,1733.7
2023-12-06,2023,Man United,Chelsea,2,1,H,O,2.82,3.65,2.43,9,3,12,4,8,2.0,2.0,1.0,1.0,3.0,9.0,-6.0,4.0,6.0,-2.0,-1.0,3.0,-4.0,0.0,2.0,-2.0,1.0,1.0,0.0,57.1,42.9,50.0,33.3,15.0,17.0,25.0,11.0,1645.2,1562.4
2023-12-06,2023,Fulham,Nott'm Forest,5,0,H,O,2.05,3.49,3.78,6,1,6,1,7,2.0,0.0,1.0,2.0,6.0,2.0,4.0,4.0,6.0,-2.0,2.0,-4.0,6.0,1.0,0.0,1.0,0.0,1.0,-1.0,50.0,50.0,14.3,71.4,15.0,11.0,24.0,14.0,1493.3,1476.7
2023-12-06,2023,Crystal Palace,Bournemouth,0,2,A,U,2.27,3.45,3.25,3,4,3,9,7,0.0,1.0,2.0,2.0,3.0,4.0,-1.0,5.0,10.0,-5.0,-2.0,-6.0,4.0,0.0,1.0,-1.0,0.0,2.0,-2.0,16.7,50.0,16.7,66.7,9.0,16.0,23.0,15.0,1507.3,1456.8
2023-12-06,2023,Brighton,Brentford,2,1,H,O,1.93,3.91,3.77,7,2,7,3,8,0.0,1.0,0.0,2.0,4.0,3.0,1.0,4.0,5.0,-1.0,0.0,-2.0,2.0,0.0,1.0,-1.0,0.0,1.0,-1.0,42.9,14.3,33.3,50.0,16.0,11.0,21.0,14.0,1587.7,1575.2
2023-12-06,2023,Aston Villa,Man City,1,0,H,U,4.45,4.26,1.73,7,2,6,0,7,3.0,1.0,0.0,1.0,10.0,7.0,3.0,3.0,5.0,-2.0,7.0,2.0,5.0,3.0,1.0,2.0,0.0,0.0,0.0,100.0,0.0,57.1,28.6,19.0,21.0,16.0,19.0,1623.2,1790.9
2023-12-05,2023,Wolves,Burnley,1,0,H,U,1.89,3.62,4.31,4,3,6,8,7,1.0,0.0,0.0,3.0,5.0,2.0,3.0,4.0,8.0,-4.0,1.0,-6.0,7.0,0.0,0.0,0.0,0.0,2.0,-2.0,33.3,33.3,16.7,66.7,13.0,9.0,21.0,13.0,1499.0,1420.0
2023-12-05,2023,Luton,Arsenal,3,4,A,O,14.98,6.73,1.21,4,9,3,8,7,1.0,1.0,1.0,1.0,3.0,3.0,0.0,3.0,3.0,0.0,0.0,0.0,0.0,0.0,0.0,0.0,0.0,0.0,0.0,16.7,50.0,66.7,16.7,10.0,8.0,13.0,26.0,1461.0,1722.2
2023-12-03,2023,West Ham,Crystal Palace,1,1,D,U,2.02,3.53,3.84,3,2,2,3,7,1.0,1.0,1.0,2.0,5.0,3.0,2.0,5.0,6.0,-1.0,0.0,-3.0,3.0,0.0,1.0,-1.0,0.0,1.0,-1.0,50.0,33.3,42.9,42.9,11.0,14.0,17.0,14.0,1528.5,1506.7
2023-12-03,2023,Man City,Tottenham,3,3,D,O,1.3,6.18,9.27,4,4,10,8,7,2.0,2.0,0.0,1.0,9.0,4.0,5.0,3.0,3.0,0.0,6.0,1.0,5.0,1.0,0.0,1.0,0.0,0.0,0.0,83.3,0.0,57.1,14.3,19.0,7.0,23.0,11.0,1795.6,1621.6
2023-12-03,2023,Liverpool,Fulham,4,3,H,O,1.26,6.62,10.56,12,5,3,4,7,3.0,0.0,0.0,2.0,8.0,2.0,6.0,0.0,6.0,-6.0,8.0,-4.0,12.0,3.0,0.0,3.0,0.0,2.0,-2.0,100.0,0.0,14.3,42.9,24.0,13.0,26.0,10.0,1729.5,1497.5
2023-12-03,2023,Chelsea,Brighton,3,2,H,O,1.75,4.24,4.37,5,9,5,8,8,0.0,1.0,1.0,1.0,6.0,5.0,1.0,8.0,5.0,3.0,-2.0,0.0,-2.0,0.0,0.0,0.0,1.0,0.0,1.0,14.3,42.9,50.0,33.3,16.0,10.0,15.0,9.0,1551.1,1599.1
2023-12-03,2023,Bournemouth,Aston Villa,2,2,D,O,3.45,4.0,2.01,7,3,7,7,8,2.0,1.0,1.0,1.0,5.0,3.0,2.0,3.0,4.0,-1.0,2.0,-1.0,3.0,1.0,0.0,1.0,0.0,1.0,-1.0,28.6,42.9,42.9,42.9,20.0,12.0,19.0,23.0,1452.1,1627.9
2023-12-02,2023,Nott'm Forest,Everton,0,1,A,U,2.8,3.35,2.62,2,3,4,3,7,1.0,2.0,1.0,1.0,6.0,4.0,2.0,5.0,4.0,1.0,1.0,0.0,1.0,1.0,0.0,1.0,0.0,1.0,-1.0,33.3,16.7,50.0,33.3,16.0,9.0,10.0,9.0,1486.9,1480.3
2023-12-02,2023,Newcastle,Man United,1,0,H,U,1.94,3.84,3.84,4,1,7,3,8,3.0,3.0,0.0,0.0,9.0,6.0,3.0,1.0,1.0,0.0,8.0,5.0,3.0,2.0,1.0,1.0,0.0,0.0,0.0,85.7,14.3,66.7,33.3,14.0,14.0,10.0,13.0,1644.6,1655.5
2023-12-02,2023,Burnley,Sheffield United,5,0,H,O,1.83,3.68,4.55,7,3,6,1,8,0.0,0.0,3.0,2.0,2.0,2.0,0.0,8.0,9.0,-1.0,-6.0,-7.0,1.0,0.0,0.0,0.0,2.0,2.0,0.0,0.0,100.0,0.0,83.3,13.0,3.0,23.0,8.0,1410.8,1384.5
2023-12-02,2023,Brentford,Luton,3,1,H,O,1.48,4.63,6.88,6,1,7,5,8,2.0,0.0,1.0,2.0,6.0,3.0,3.0,3.0,6.0,-3.0,3.0,-3.0,6.0,1.0,0.0,1.0,0.0,1.0,-1.0,28.6,28.6,14.3,71.4,17.0,9.0,10.0,9.0,1568.0,1468.3
2023-12-02,2023,Arsenal,Wolves,2,1,H,O,1.27,5.95,11.58,6,3,4,0,8,3.0,1.0,0.0,2.0,9.0,5.0,4.0,1.0,6.0,-5.0,8.0,-1.0,9.0,2.0,0.0,2.0,0.0,0.0,0.0,71.4,0.0,28.6,57.1,16.0,16.0,14.0,18.0,1717.7,1503.6
2023-11-27,2023,Fulham,Wolves,3,2,H,O,2.43,3.34,3.02,6,6,6,2,6,1.0,1.0,2.0,1.0,3.0,4.0,-1.0,4.0,4.0,0.0,-1.0,0.0,-1.0,1.0,0.0,1.0,1.0,0.0,1.0,40.0,60.0,33.3,50.0,12.0,13.0,26.0,17.0,1486.7,1514.4
2023-11-26,2023,Tottenham,Aston Villa,1,2,A,O,2.35,3.89,2.8,8,5,9,3,6,2.0,1.0,1.0,1.0,5.0,2.0,3.0,5.0,3.0,2.0,0.0,-1.0,1.0,1.0,0.0,1.0,1.0,1.0,0.0,80.0,20.0,33.3,50.0,18.0,14.0,16.0,31.0,1632.1,1617.5
2023-11-26,2023,Everton,Man United,0,3,A,O,2.74,3.52,2.56,6,4,6,5,7,1.0,3.0,1.0,0.0,5.0,4.0,1.0,3.0,1.0,2.0,2.0,3.0,-1.0,1.0,0.0,1.0,0.0,0.0,0.0,16.7,66.7,60.0,40.0,17.0,14.0,14.0,13.0,1485.9,1649.9
2023-11-25,2023,Sheffield United,Bournemouth,1,3,A,O,3.29,3.53,2.21,2,11,4,7,7,1.0,0.0,2.0,3.0,3.0,2.0,1.0,11.0,12.0,-1.0,-8.0,-10.0,2.0,0.0,0.0,0.0,1.0,3.0,-2.0,16.7,66.7,0.0,80.0,9.0,9.0,11.0,12.0,1393.0,1443.6
2023-11-25,2023,Nott'm Forest,Brighton,2,3,A,O,3.22,3.64,2.2,5,5,6,4,6,1.0,0.0,0.0,2.0,5.0,3.0,2.0,3.0,9.0,-6.0,2.0,-6.0,8.0,1.0,0.0,1.0,0.0,1.0,-1.0,40.0,0.0,40.0,40.0,12.0,8.0,5.0,8.0,1494.2,1591.8
2023-11-25,2023,Newcastle,Chelsea,4,1,H,O,2.62,3.5,2.68,5,4,4,2,7,3.0,3.0,0.0,0.0,7.0,10.0,-3.0,0.0,2.0,-2.0,7.0,8.0,-1.0,2.0,3.0,-1.0,0.0,0.0,0.0,83.3,16.7,60.0,20.0,17.0,17.0,11.0,10.0,1636.8,1558.9
2023-11-25,2023,Man City,Liverpool,1,1,D,U,1.75,4.31,4.29,5,3,9,6,6,3.0,0.0,0.0,1.0,10.0,4.0,6.0,2.0,5.0,-3.0,8.0,-1.0,9.0,2.0,0.0,2.0,0.0,0.0,0.0,100.0,0.0,33.3,16.7,18.0,14.0,20.0,13.0,1797.6,1727.5
2023-11-25,2023,Luton,Crystal Palace,2,1,H,O,3.63,3.38,2.13,3,8,4,5,6,0.0,2.0,2.0,1.0,2.0,3.0,-1.0,4.0,4.0,0.0,-2.0,-1.0,-1.0,0.0,1.0,-1.0,0.0,1.0,-1.0,0.0,60.0,50.0,33.3,10.0,8.0,16.0,13.0,1456.5,1518.5
2023-11-25,2023,Burnley,West Ham,1,2,A,O,3.47,3.62,2.1,5,3,4,5,7,0.0,0.0,3.0,3.0,1.0,4.0,-3.0,7.0,10.0,-3.0,-6.0,-6.0,0.0,0.0,0.0,0.0,2.0,2.0,0.0,0.0,100.0,33.3,50.0,12.0,10.0,28.0,14.0,1417.9,1521.4
2023-11-25,2023,Brentford,Arsenal,0,1,A,U,4.64,3.84,1.77,3,4,1,8,7,2.0,1.0,1.0,1.0,7.0,6.0,1.0,5.0,3.0,2.0,2.0,3.0,-1.0,1.0,1.0,0.0,1.0,0.0,1.0,33.3,16.7,60.0,20.0,16.0,12.0,10.0,24.0,1574.3,1711.5
2023-11-12,2023,West Ham,Nott'm Forest,3,2,H,O,1.89,3.77,4.09,6,5,9,4,6,1.0,0.0,1.0,2.0,4.0,0.0,4.0,3.0,5.0,-2.0,1.0,-5.0,6.0,1.0,0.0,1.0,0.0,2.0,-2.0,40.0,40.0,16.7,66.7,14.0,9.0,15.0,16.0,1511.6,1503.9
2023-11-12,2023,Liverpool,Brentford,3,0,H,O,1.42,5.16,7.05,10,3,6,8,6,3.0,1.0,0.0,1.0,8.0,4.0,4.0,1.0,3.0,-2.0,7.0,1.0,6.0,3.0,1.0,2.0,0.0,0.0,0.0,100.0,0.0,40.0,40.0,21.0,13.0,27.0,17.0,1721.4,1580.4
2023-11-12,2023,Chelsea,Man City,4,4,D,O,4.93,3.83,1.74,9,10,3,3,7,0.0,1.0,2.0,2.0,2.0,4.0,-2.0,5.0,3.0,2.0,-3.0,1.0,-4.0,0.0,1.0,-1.0,1.0,0.0,1.0,16.7,50.0,66.7,33.3,11.0,19.0,17.0,22.0,1552.7,1803.7
2023-11-12,2023,Brighton,Sheffield United,1,1,D,U,1.24,6.73,11.71,6,1,6,3,7,1.0,0.0,0.0,3.0,6.0,1.0,5.0,4.0,10.0,-6.0,2.0,-9.0,11.0,1.0,0.0,1.0,0.0,3.0,-3.0,50.0,16.7,0.0,100.0,14.0,4.0,19.0,9.0,1597.2,1387.6
2023-11-12,2023,Aston Villa,Fulham,3,1,H,O,1.59,4.28,5.66,6,5,2,2,6,3.0,0.0,0.0,1.0,13.0,1.0,12.0,3.0,3.0,0.0,10.0,-2.0,12.0,3.0,0.0,3.0,0.0,1.0,-1.0,100.0,0.0,16.7,33.3,22.0,13.0,15.0,10.0,1610.7,1493.5
2023-11-11,2023,Wolves,Tottenham,2,1,H,O,3.13,3.73,2.21,4,2,11,3,6,1.0,2.0,0.0,0.0,5.0,5.0,0.0,4.0,3.0,1.0,1.0,2.0,-1.0,0.0,0.0,0.0,0.0,0.0,0.0,20.0,40.0,66.7,0.0,10.0,10.0,10.0,12.0,1500.4,1646.0
2023-11-11,2023,Man United,Luton,1,0,H,U,1.33,5.6,9.17,4,4,11,3,7,1.0,1.0,2.0,1.0,2.0,5.0,-3.0,5.0,6.0,-1.0,-3.0,-1.0,-2.0,0.0,0.0,0.0,1.0,1.0,0.0,50.0,50.0,16.7,66.7,15.0,7.0,24.0,12.0,1644.7,1461.7
2023-11-11,2023,Crystal Palace,Everton,2,3,A,O,2.44,3.21,3.11,4,4,9,2,6,0.0,2.0,1.0,1.0,1.0,4.0,-3.0,2.0,3.0,-1.0,-1.0,1.0,-2.0,0.0,1.0,-1.0,0.0,1.0,-1.0,20.0,40.0,40.0,40.0,8.0,11.0,17.0,11.0,1530.0,1474.3
2023-11-11,2023,Bournemouth,Newcastle,2,0,H,U,4.67,4.03,1.73,10,5,6,5,7,1.0,1.0,2.0,0.0,3.0,12.0,-9.0,7.0,4.0,3.0,-4.0,8.0,-12.0,0.0,1.0,-1.0,1.0,0.0,1.0,16.7,50.0,20.0,40.0,11.0,23.0,19.0,15.0,1427.9,1652.5
2023-11-11,2023,Arsenal,Burnley,3,1,H,O,1.19,7.34,15.07,6,5,3,3,7,2.0,1.0,0.0,2.0,8.0,3.0,5.0,2.0,6.0,-4.0,6.0,-3.0,9.0,1.0,0.0,1.0,0.0,1.0,-1.0,66.7,0.0,20.0,60.0,16.0,8.0,22.0,16.0,1708.3,1421.1
2023-11-06,2023,Tottenham,Chelsea,1,4,A,O,2.13,3.73,3.29,5,8,1,6,5,3.0,2.0,0.0,0.0,6.0,6.0,0.0,2.0,1.0,1.0,4.0,5.0,-1.0,1.0,2.0,-1.0,0.0,0.0,0.0,100.0,0.0,50.0,25.0,23.0,15.0,30.0,11.0,1659.3,1539.3
2023-11-05,2023,Nott'm Forest,Aston Villa,2,0,H,U,4.09,3.77,1.89,3,3,0,10,5,0.0,1.0,0.0,1.0,4.0,2.0,2.0,4.0,4.0,0.0,0.0,-2.0,2.0,0.0,0.0,0.0,0.0,1.0,-1.0,25.0,0.0,40.0,40.0,13.0,14.0,10.0,24.0,1490.3,1624.4
2023-11-05,2023,Luton,Liverpool,1,1,D,U,11.46,6.8,1.24,5,6,4,7,5,0.0,1.0,2.0,1.0,2.0,6.0,-4.0,4.0,5.0,-1.0,-2.0,1.0,-3.0,0.0,1.0,-1.0,0.0,0.0,0.0,0.0,75.0,40.0,20.0,9.0,14.0,22.0,10.0,1455.1,1727.9
2023-11-04,2023,Sheffield United,Wolves,2,1,H,O,3.83,3.64,1.98,2,3,4,4,6,0.0,1.0,2.0,1.0,3.0,5.0,-2.0,12.0,5.0,7.0,-9.0,0.0,-9.0,0.0,0.0,0.0,1.0,0.0,1.0,0.0,80.0,40.0,40.0,15.0,14.0,11.0,15.0,1373.8,1514.2
2023-11-04,2023,Newcastle,Arsenal,1,0,H,U,2.82,3.39,2.56,2,1,0,11,6,3.0,2.0,0.0,0.0,7.0,7.0,0.0,0.0,2.0,-2.0,7.0,5.0,2.0,2.0,1.0,1.0,0.0,0.0,0.0,80.0,20.0,75.0,0.0,17.0,15.0,19.0,24.0,1640.2,1720.5
2023-11-04,2023,Man City,Bournemouth,6,1,H,O,1.1,11.39,26.19,8,1,12,1,5,3.0,0.0,0.0,2.0,9.0,3.0,6.0,2.0,8.0,-6.0,7.0,-5.0,12.0,2.0,0.0,2.0,0.0,2.0,-2.0,100.0,0.0,0.0,75.0,15.0,13.0,12.0,13.0,1801.6,1430.0
2023-11-04,2023,Fulham,Man United,0,1,A,U,3.24,3.61,2.2,3,5,9,4,5,2.0,2.0,1.0,1.0,4.0,4.0,0.0,3.0,4.0,-1.0,1.0,0.0,1.0,1.0,0.0,1.0,1.0,1.0,0.0,50.0,50.0,50.0,50.0,11.0,11.0,23.0,12.0,1499.7,1638.5
2023-11-04,2023,Everton,Brighton,1,1,D,U,3.09,3.81,2.2,4,2,3,3,6,1.0,1.0,2.0,2.0,4.0,5.0,-1.0,3.0,9.0,-6.0,1.0,-4.0,5.0,1.0,1.0,0.0,0.0,1.0,-1.0,20.0,80.0,50.0,50.0,14.0,14.0,12.0,6.0,1470.7,1600.8
2023-11-04,2023,Burnley,Crystal Palace,0,2,A,U,2.85,3.23,2.63,5,3,12,1,6,0.0,1.0,3.0,2.0,3.0,2.0,1.0,10.0,7.0,3.0,-7.0,-5.0,-2.0,0.0,0.0,0.0,2.0,2.0,0.0,0.0,100.0,40.0,40.0,11.0,8.0,23.0,14.0,1428.5,1522.7
2023-11-04,2023,Brentford,West Ham,3,2,H,O,2.08,3.67,3.46,4,2,4,3,6,1.0,1.0,1.0,2.0,6.0,4.0,2.0,5.0,8.0,-3.0,1.0,-4.0,5.0,1.0,0.0,1.0,1.0,2.0,-1.0,20.0,20.0,40.0,40.0,19.0,11.0,11.0,17.0,1571.9,1520.1
2023-10-29,2023,West Ham,Everton,0,1,A,U,2.15,3.64,3.32,2,4,4,3,5,1.0,1.0,1.0,1.0,5.0,5.0,0.0,5.0,5.0,0.0,0.0,0.0,0.0,1.0,1.0,0.0,1.0,1.0,0.0,50.0,25.0,25.0,50.0,15.0,13.0,15.0,14.0,1532.2,1458.6
2023-10-29,2023,Man United,Man City,0,3,A,O,4.99,4.04,1.69,3,10,7,12,6,1.0,1.0,2.0,2.0,3.0,4.0,-1.0,5.0,4.0,1.0,-2.0,0.0,-2.0,0.0,1.0,-1.0,1.0,0.0,1.0,60.0,40.0,60.0,40.0,16.0,24.0,25.0,21.0,1644.4,1795.7
2023-10-29,2023,Liverpool,Nott'm Forest,3,0,H,O,1.27,6.38,10.39,8,1,8,3,5,3.0,1.0,0.0,1.0,8.0,1.0,7.0,1.0,2.0,-1.0,7.0,-1.0,8.0,3.0,0.0,3.0,0.0,1.0,-1.0,100.0,0.0,20.0,60.0,17.0,11.0,26.0,13.0,1723.7,1494.5
2023-10-29,2023,Brighton,Fulham,1,1,D,U,1.56,4.6,5.42,7,5,7,3,6,2.0,0.0,0.0,2.0,8.0,1.0,7.0,4.0,7.0,-3.0,4.0,-6.0,10.0,2.0,0.0,2.0,0.0,2.0,-2.0,60.0,20.0,20.0,40.0,13.0,12.0,17.0,12.0,1603.8,1496.7
2023-10-29,2023,Aston Villa,Luton,3,1,H,O,1.28,6.19,10.79,6,1,6,4,5,3.0,1.0,0.0,1.0,13.0,4.0,9.0,3.0,4.0,-1.0,10.0,0.0,10.0,3.0,0.0,3.0,0.0,0.0,0.0,100.0,0.0,20.0,60.0,21.0,8.0,13.0,10.0,1618.7,1460.8
2023-10-28,2023,Wolves,Newcastle,2,2,D,O,4.26,3.94,1.82,6,5,8,7,5,1.0,1.0,1.0,1.0,4.0,11.0,-7.0,5.0,5.0,0.0,-1.0,6.0,-7.0,0.0,1.0,-1.0,1.0,1.0,0.0,25.0,50.0,25.0,50.0,6.0,20.0,6.0,11.0,1510.6,1643.9
2023-10-28,2023,Chelsea,Brentford,0,2,A,U,1.65,4.1,5.31,2,5,10,1,6,0.0,0.0,2.0,2.0,2.0,2.0,0.0,4.0,4.0,0.0,-2.0,-2.0,0.0,0.0,0.0,0.0,0.0,0.0,0.0,20.0,40.0,25.0,50.0,11.0,10.0,15.0,19.0,1549.0,1562.3
2023-10-28,2023,Bournemouth,Burnley,2,1,H,O,2.13,3.66,3.38,6,3,10,5,6,0.0,1.0,2.0,2.0,1.0,2.0,-1.0,6.0,6.0,0.0,-5.0,-4.0,-1.0,0.0,0.0,0.0,1.0,2.0,-1.0,0.0,60.0,25.0,50.0,9.0,7.0,10.0,14.0,1419.4,1439.0
2023-10-28,2023,Arsenal,Sheffield United,5,0,H,O,1.13,9.61,21.6,8,0,6,1,6,2.0,0.0,0.0,3.0,6.0,2.0,4.0,3.0,7.0,-4.0,3.0,-5.0,8.0,1.0,0.0,1.0,0.0,2.0,-2.0,60.0,0.0,0.0,100.0,13.0,9.0,28.0,10.0,1718.1,1376.3
2023-10-27,2023,Crystal Palace,Tottenham,1,2,A,O,4.64,3.83,1.79,3,1,11,2,5,1.0,2.0,0.0,0.0,3.0,8.0,-5.0,2.0,4.0,-2.0,1.0,4.0,-3.0,0.0,1.0,-1.0,0.0,0.0,0.0,25.0,25.0,60.0,0.0,16.0,19.0,10.0,14.0,1529.3,1652.7
2023-10-23,2023,Tottenham,Fulham,2,0,H,U,1.51,4.7,5.99,5,3,3,5,4,3.0,0.0,0.0,1.0,6.0,3.0,3.0,2.0,7.0,-5.0,4.0,-4.0,8.0,1.0,0.0,1.0,0.0,1.0,-1.0,100.0,0.0,25.0,25.0,24.0,12.0,32.0,10.0,1646.7,1502.8
2023-10-22,2023,Aston Villa,West Ham,4,1,H,O,1.9,3.86,3.88,7,4,8,7,4,3.0,2.0,0.0,1.0,13.0,6.0,7.0,2.0,5.0,-3.0,11.0,1.0,10.0,3.0,1.0,2.0,0.0,1.0,-1.0,100.0,0.0,50.0,25.0,21.0,10.0,12.0,14.0,1610.7,1540.2
2023-10-21,2023,Sheffield United,Man United,1,2,A,O,7.27,5.07,1.42,6,5,5,4,5,0.0,1.0,2.0,2.0,3.0,2.0,1.0,12.0,5.0,7.0,-9.0,-3.0,-6.0,0.0,0.0,0.0,1.0,2.0,-1.0,0.0,75.0,33.3,66.7,11.0,12.0,7.0,14.0,1379.9,1640.8
2023-10-21,2023,Nott'm Forest,Luton,2,2,D,O,1.69,3.82,5.33,8,4,4,2,4,1.0,1.0,0.0,2.0,4.0,2.0,2.0,3.0,5.0,-2.0,1.0,-3.0,4.0,0.0,0.0,0.0,0.0,1.0,-1.0,33.3,0.0,25.0,75.0,9.0,5.0,12.0,12.0,1495.5,1459.8
2023-10-21,2023,Newcastle,Crystal Palace,4,0,H,O,1.46,4.53,7.44,7,3,6,8,5,2.0,1.0,1.0,1.0,4.0,3.0,1.0,2.0,4.0,-2.0,2.0,-1.0,3.0,1.0,0.0,1.0,0.0,1.0,-1.0,75.0,25.0,50.0,25.0,18.0,10.0,18.0,12.0,1636.7,1536.5
2023-10-21,2023,Man City,Brighton,2,1,H,O,1.41,5.36,6.83,6,3,2,2,4,3.0,2.0,0.0,1.0,8.0,8.0,0.0,1.0,8.0,-7.0,7.0,0.0,7.0,2.0,2.0,0.0,0.0,1.0,-1.0,100.0,0.0,66.7,33.3,13.0,19.0,13.0,7.0,1790.5,1609.0
2023-10-21,2023,Liverpool,Everton,2,0,H,U,1.36,5.66,8.01,6,1,12,4,4,3.0,1.0,0.0,1.0,9.0,5.0,4.0,2.0,7.0,-5.0,7.0,-2.0,9.0,3.0,1.0,2.0,0.0,1.0,-1.0,100.0,0.0,33.3,33.3,21.0,14.0,24.0,16.0,1720.0,1462.3
2023-10-21,2023,Chelsea,Arsenal,2,2,D,O,3.24,3.47,2.26,5,3,2,7,5,1.0,3.0,2.0,0.0,3.0,6.0,-3.0,2.0,0.0,2.0,1.0,6.0,-5.0,1.0,1.0,0.0,0.0,0.0,0.0,25.0,50.0,100.0,0.0,14.0,15.0,19.0,25.0,1544.2,1722.8
2023-10-21,2023,Brentford,Burnley,3,0,H,O,1.83,3.74,4.4,10,1,5,5,5,0.0,1.0,1.0,1.0,4.0,3.0,1.0,6.0,4.0,2.0,-2.0,-1.0,-1.0,0.0,0.0,0.0,1.0,1.0,0.0,0.0,25.0,33.3,33.3,10.0,9.0,14.0,13.0,1555.3,1446.0
2023-10-21,2023,Bournemouth,Wolves,1,2,A,O,2.41,3.48,2.95,4,7,3,12,5,0.0,1.0,2.0,1.0,0.0,4.0,-4.0,6.0,4.0,2.0,-6.0,0.0,-6.0,0.0,0.0,0.0,2.0,0.0,2.0,0.0,50.0,25.0,50.0,8.0,9.0,13.0,3.0,1427.3,1502.7
2023-10-08,2023,Wolves,Aston Villa,1,1,D,U,3.4,3.59,2.14,3,4,2,10,4,1.0,2.0,2.0,1.0,4.0,4.0,0.0,8.0,4.0,4.0,-4.0,0.0,-4.0,0.0,1.0,-1.0,2.0,1.0,1.0,33.3,66.7,50.0,50.0,8.0,16.0,9.0,20.0,1499.5,1613.8
2023-10-08,2023,West Ham,Newcastle,2,2,D,O,3.32,3.72,2.13,3,3,4,2,4,2.0,1.0,1.0,2.0,6.0,9.0,-3.0,4.0,4.0,0.0,2.0,5.0,-3.0,2.0,1.0,1.0,1.0,1.0,0.0,66.7,33.3,33.3,66.7,18.0,18.0,14.0,9.0,1537.3,1639.5
2023-10-08,2023,Brighton,Liverpool,2,2,D,O,3.05,4.01,2.17,3,4,8,1,5,2.0,2.0,1.0,1.0,7.0,6.0,1.0,5.0,4.0,1.0,2.0,2.0,0.0,2.0,1.0,1.0,1.0,0.0,1.0,75.0,25.0,50.0,25.0,20.0,14.0,26.0,18.0,1605.7,1723.3
2023-10-08,2023,Arsenal,Man City,1,0,H,U,2.92,3.49,2.44,2,1,5,4,5,1.0,2.0,0.0,1.0,7.0,6.0,1.0,5.0,4.0,1.0,2.0,2.0,0.0,1.0,1.0,0.0,0.0,0.0,0.0,50.0,0.0,75.0,25.0,22.0,32.0,31.0,29.0,1710.2,1803.1
2023-10-07,2023,Man United,Brentford,2,1,H,O,1.69,4.2,4.78,8,3,7,5,5,1.0,1.0,2.0,1.0,4.0,4.0,0.0,6.0,2.0,4.0,-2.0,2.0,-4.0,0.0,1.0,-1.0,1.0,0.0,1.0,50.0,50.0,33.3,33.3,17.0,15.0,29.0,19.0,1632.8,1563.3
2023-10-07,2023,Luton,Tottenham,0,1,A,U,6.46,4.79,1.48,2,4,5,6,4,0.0,2.0,2.0,0.0,3.0,9.0,-6.0,5.0,4.0,1.0,-2.0,5.0,-7.0,0.0,2.0,-2.0,0.0,0.0,0.0,0.0,66.7,50.0,0.0,8.0,21.0,26.0,10.0,1465.1,1641.3
2023-10-07,2023,Fulham,Sheffield United,3,1,H,O,1.64,3.96,5.69,6,2,9,4,4,1.0,0.0,2.0,3.0,1.0,2.0,-1.0,5.0,6.0,-1.0,-4.0,-4.0,0.0,0.0,0.0,0.0,2.0,1.0,1.0,33.3,66.7,0.0,100.0,7.0,10.0,19.0,13.0,1495.8,1386.9
2023-10-07,2023,Everton,Bournemouth,3,0,H,O,1.97,3.7,3.81,8,4,8,7,5,0.0,0.0,3.0,2.0,1.0,4.0,-3.0,4.0,8.0,-4.0,-3.0,-4.0,1.0,0.0,0.0,0.0,0.0,2.0,-2.0,0.0,100.0,0.0,66.7,13.0,14.0,11.0,8.0,1452.8,1436.8
2023-10-07,2023,Crystal Palace,Nott'm Forest,0,0,D,U,2.24,3.25,3.49,2,5,3,7,4,1.0,1.0,1.0,2.0,3.0,3.0,0.0,3.0,5.0,-2.0,0.0,-2.0,2.0,0.0,0.0,0.0,0.0,1.0,-1.0,33.3,33.3,25.0,75.0,16.0,10.0,8.0,9.0,1537.7,1494.3
2023-10-07,2023,Burnley,Chelsea,1,4,A,O,4.63,3.92,1.76,3,5,7,3,5,0.0,1.0,3.0,1.0,3.0,3.0,0.0,9.0,3.0,6.0,-6.0,0.0,-6.0,0.0,1.0,-1.0,2.0,1.0,1.0,0.0,100.0,33.3,33.3,10.0,14.0,20.0,17.0,1453.7,1536.6
2023-10-03,2023,Luton,Burnley,1,2,A,O,2.92,3.18,2.63,3,4,7,6,3,,,,,,,,,,,,,,,,,,,,0.0,50.0,0.0,50.0,,,,,1476.1,1442.7
2023-10-02,2023,Fulham,Chelsea,0,2,A,U,3.73,3.49,2.06,3,4,8,1,3,,,,,,,,,,,,,,,,,,,,50.0,50.0,0.0,50.0,,,,,1505.2,1527.2
2023-10-01,2023,Nott'm Forest,Brentford,1,1,D,U,2.81,3.27,2.65,1,5,1,11,3,,,,,,,,,,,,,,,,,,,,50.0,0.0,50.0,50.0,,,,,1492.2,1565.4
2023-09-30,2023,Wolves,Man City,2,1,H,O,9.2,5.65,1.33,1,8,0,6,3,,3.0,,0.0,,8.0,,,2.0,,,6.0,,,2.0,,,0.0,,0.0,100.0,100.0,0.0,,32.0,,28.0,1482.0,1820.7
2023-09-30,2023,West Ham,Sheffield United,2,0,H,U,1.45,4.79,7.1,9,2,7,4,3,,,,,,,,,,,,,,,,,,,,50.0,50.0,0.0,100.0,,,,,1531.1,1393.1
2023-09-30,2023,Tottenham,Liverpool,2,1,H,O,2.96,4.03,2.21,8,4,12,5,3,,2.0,,0.0,,6.0,,,3.0,,,3.0,,,1.0,,,0.0,,100.0,0.0,66.7,0.0,,11.0,,17.0,1628.3,1736.3
2023-09-30,2023,Newcastle,Burnley,2,0,H,U,1.33,5.62,9.22,8,2,5,3,4,2.0,,1.0,,7.0,,,3.0,,,4.0,,,1.0,,,0.0,,,66.7,33.3,0.0,0.0,23.0,,19.0,,1634.4,1447.8
2023-09-30,2023,Man United,Crystal Palace,0,1,A,U,1.57,4.3,5.89,4,2,10,4,4,2.0,1.0,1.0,1.0,5.0,3.0,2.0,5.0,4.0,1.0,0.0,-1.0,1.0,0.0,0.0,0.0,1.0,1.0,0.0,66.7,33.3,33.3,33.3,16.0,16.0,27.0,13.0,1646.1,1524.4
2023-09-30,2023,Everton,Luton,1,2,A,O,1.61,3.94,6.06,5,2,3,6,4,0.0,0.0,3.0,3.0,0.0,1.0,-1.0,3.0,8.0,-5.0,-3.0,-7.0,4.0,0.0,0.0,0.0,0.0,2.0,-2.0,0.0,100.0,0.0,100.0,17.0,6.0,18.0,13.0,1462.7,1466.2
2023-09-30,2023,Bournemouth,Arsenal,0,4,A,O,5.77,4.68,1.53,1,8,6,6,4,0.0,,1.0,,1.0,,,3.0,,,-2.0,,,0.0,,,1.0,,,0.0,33.3,100.0,0.0,12.0,,17.0,,1440.4,1706.7
2023-09-30,2023,Aston Villa,Brighton,6,1,H,O,2.56,3.92,2.55,9,3,1,3,3,,,,,,,,,,,,,,,,,,,,100.0,0.0,100.0,0.0,,,,,1603.5,1616.1
2023-09-24,2023,Sheffield United,Newcastle,0,8,A,O,7.01,4.78,1.45,1,15,2,6,4,0.0,,2.0,,3.0,,,5.0,,,-2.0,,,0.0,,,0.0,,,0.0,66.7,0.0,100.0,11.0,,10.0,,1397.2,1630.3
2023-09-24,2023,Liverpool,West Ham,3,1,H,O,1.39,5.38,7.19,7,4,7,4,3,,2.0,,0.0,,6.0,,,3.0,,,3.0,,,1.0,,,0.0,,100.0,0.0,66.7,0.0,,9.0,,14.0,1731.4,1536.0
2023-09-24,2023,Chelsea,Aston Villa,0,1,A,U,1.91,3.85,3.87,4,7,5,11,4,1.0,1.0,1.0,2.0,4.0,4.0,0.0,2.0,9.0,-7.0,2.0,-5.0,7.0,1.0,1.0,0.0,0.0,2.0,-2.0,33.3,33.3,33.3,66.7,14.0,15.0,18.0,14.0,1535.5,1595.2
2023-09-24,2023,Brighton,Bournemouth,3,1,H,O,1.38,5.31,7.58,4,4,4,4,4,2.0,,1.0,,8.0,,,5.0,,,3.0,,,2.0,,,1.0,,,66.7,33.3,0.0,50.0,28.0,,28.0,,1610.5,1445.9
2023-09-24,2023,Arsenal,Tottenham,2,2,D,O,1.7,4.36,4.5,6,5,11,4,4,2.0,2.0,0.0,0.0,7.0,9.0,-2.0,4.0,4.0,0.0,3.0,5.0,-2.0,1.0,2.0,-1.0,0.0,0.0,0.0,66.7,0.0,66.7,0.0,23.0,22.0,28.0,12.0,1709.0,1626.0
2023-09-23,2023,Man City,Nott'm Forest,2,0,H,U,1.15,8.55,18.11,4,3,6,6,3,,1.0,,2.0,,4.0,,,5.0,,,-1.0,,,0.0,,,0.0,,100.0,0.0,33.3,66.7,,9.0,,6.0,1818.0,1494.9
2023-09-23,2023,Luton,Wolves,1,1,D,U,3.3,3.43,2.23,4,3,10,1,2,,1.0,,2.0,,3.0,,,4.0,,,-1.0,,,0.0,,,0.0,,0.0,100.0,33.3,66.7,,12.0,,9.0,1465.7,1482.5
2023-09-23,2023,Crystal Palace,Fulham,0,0,D,U,1.95,3.51,4.09,3,5,3,2,3,,1.0,,1.0,,4.0,,,7.0,,,-3.0,,,0.0,,,1.0,,50.0,50.0,33.3,33.3,,9.0,,12.0,1524.9,1504.6
2023-09-23,2023,Burnley,Man United,0,1,A,U,4.31,4.16,1.75,4,4,9,5,4,0.0,,3.0,,3.0,,,11.0,,,-8.0,,,0.0,,,3.0,,,0.0,100.0,0.0,100.0,7.0,,17.0,,1452.8,1641.1
2023-09-23,2023,Brentford,Everton,1,3,A,O,1.8,3.78,4.49,2,6,1,4,4,0.0,,0.0,,5.0,,,5.0,,,0.0,,,0.0,,,0.0,,,0.0,0.0,0.0,50.0,14.0,,16.0,,1579.0,1449.1
2023-09-18,2023,Nott'm Forest,Burnley,1,1,D,U,2.24,3.51,3.22,4,3,5,4,2,,,,,,,,,,,,,,,,,,,,100.0,0.0,,,,,,,1496.2,1451.6
2023-09-17,2023,Everton,Arsenal,0,1,A,U,6.07,4.55,1.52,1,4,1,11,3,,,,,,,,,,,,,,,,,,,,0.0,100.0,100.0,0.0,,,,,1452.9,1705.2
2023-09-17,2023,Bournemouth,Chelsea,0,0,D,U,4.34,3.96,1.79,4,6,1,7,3,,,,,,,,,,,,,,,,,,,,0.0,50.0,0.0,100.0,,,,,1443.3,1538.2
2023-09-16,2023,Wolves,Liverpool,1,3,A,O,6.64,4.95,1.45,2,6,4,4,2,,,,,,,,,,,,,,,,,,,,0.0,100.0,50.0,0.0,,,,,1486.5,1727.4
2023-09-16,2023,West Ham,Man City,1,3,A,O,6.57,4.67,1.48,3,15,4,11,2,,,,,,,,,,,,,,,,,,,,100.0,0.0,100.0,0.0,,,,,1539.4,1814.6
2023-09-16,2023,Tottenham,Sheffield United,2,1,H,O,1.28,6.1,10.52,10,5,15,2,2,,,,,,,,,,,,,,,,,,,,100.0,0.0,0.0,100.0,,,,,1621.6,1401.6
2023-09-16,2023,Newcastle,Brentford,1,0,H,U,1.53,4.37,6.12,2,2,8,3,3,,,,,,,,,,,,,,,,,,,,50.0,50.0,100.0,0.0,,,,,1621.2,1588.0
2023-09-16,2023,Man United,Brighton,1,3,A,O,2.21,3.98,2.96,4,8,8,1,3,,,,,,,,,,,,,,,,,,,,100.0,0.0,100.0,0.0,,,,,1652.6,1598.9
2023-09-16,2023,Fulham,Luton,1,0,H,U,1.68,3.96,5.18,2,2,6,2,2,,,,,,,,,,,,,,,,,,,,0.0,100.0,0.0,100.0,,,,,1495.1,1475.1
2023-09-16,2023,Aston Villa,Crystal Palace,3,1,H,O,1.9,3.7,4.07,5,3,4,2,2,,,,,,,,,,,,,,,,,,,,100.0,0.0,50.0,0.0,,,,,1586.7,1533.4
2023-09-03,2023,Liverpool,Aston Villa,3,0,H,O,1.66,4.49,4.57,4,3,7,3,2,,,,,,,,,,,,,,,,,,,,100.0,0.0,50.0,50.0,,,,,1720.9,1593.2
2023-09-03,2023,Crystal Palace,Wolves,3,2,H,O,1.95,3.45,4.15,11,4,4,2,2,,,,,,,,,,,,,,,,,,,,0.0,100.0,50.0,50.0,,,,,1524.2,1495.7
2023-09-03,2023,Arsenal,Man United,3,1,H,O,1.77,4.04,4.38,5,2,12,3,3,,,,,,,,,,,,,,,,,,,,50.0,0.0,0.0,100.0,,,,,1696.2,1661.6
2023-09-02,2023,Sheffield United,Everton,2,2,D,O,3.01,3.23,2.5,8,6,4,6,3,,,,,,,,,,,,,,,,,,,,0.0,100.0,0.0,100.0,,,,,1400.1,1454.4
2023-09-02,2023,Man City,Fulham,5,1,H,O,1.15,8.46,17.91,5,4,4,5,2,,,,,,,,,,,,,,,,,,,,100.0,0.0,50.0,0.0,,,,,1811.7,1498.0
2023-09-02,2023,Chelsea,Nott'm Forest,0,1,A,U,1.38,5.03,8.27,2,3,8,0,3,,,,,,,,,,,,,,,,,,,,50.0,0.0,0.0,100.0,,,,,1550.0,1484.3
2023-09-02,2023,Burnley,Tottenham,2,5,A,O,3.83,3.99,1.88,4,10,7,4,3,,,,,,,,,,,,,,,,,,,,0.0,100.0,50.0,0.0,,,,,1457.3,1615.9
2023-09-02,2023,Brighton,Newcastle,3,1,H,O,2.55,3.87,2.55,6,2,5,3,3,,,,,,,,,,,,,,,,,,,,50.0,50.0,0.0,100.0,,,,,1587.7,1632.5
2023-09-02,2023,Brentford,Bournemouth,2,2,D,O,1.72,4.06,4.67,7,5,5,2,3,,,,,,,,,,,,,,,,,,,,0.0,0.0,0.0,100.0,,,,,1592.2,1439.1
2023-09-01,2023,Luton,West Ham,1,2,A,O,4.7,3.94,1.74,1,3,9,6,1,,,,,,,,,,,,,,,,,,,,,,50.0,0.0,,,,,1483.8,1530.8
2023-08-27,2023,Sheffield United,Man City,1,2,A,O,16.67,7.51,1.18,2,9,1,12,2,,,,,,,,,,,,,,,,,,,,0.0,100.0,100.0,0.0,,,,,1401.8,1810.0
2023-08-27,2023,Newcastle,Liverpool,1,2,A,O,2.2,3.9,3.03,8,4,5,9,2,,,,,,,,,,,,,,,,,,,,100.0,0.0,0.0,0.0,,,,,1640.5,1712.9
2023-08-27,2023,Burnley,Aston Villa,1,3,A,O,3.36,3.55,2.16,2,6,4,6,2,,,,,,,,,,,,,,,,,,,,0.0,100.0,0.0,100.0,,,,,1463.9,1586.6
2023-08-26,2023,Man United,Nott'm Forest,3,2,H,O,1.31,5.79,9.23,9,4,11,3,2,,,,,,,,,,,,,,,,,,,,100.0,0.0,0.0,100.0,,,,,1656.1,1489.8
2023-08-26,2023,Everton,Wolves,0,1,A,U,2.32,3.31,3.24,7,2,7,0,2,,,,,,,,,,,,,,,,,,,,0.0,100.0,0.0,100.0,,,,,1463.8,1486.3
2023-08-26,2023,Brighton,West Ham,1,3,A,O,1.53,4.67,5.73,10,3,17,4,2,,,,,,,,,,,,,,,,,,,,100.0,0.0,0.0,0.0,,,,,1600.0,1518.5
2023-08-26,2023,Brentford,Crystal Palace,1,1,D,U,2.14,3.41,3.57,1,5,8,6,2,,,,,,,,,,,,,,,,,,,,0.0,0.0,100.0,0.0,,,,,1594.2,1522.2
2023-08-26,2023,Bournemouth,Tottenham,0,2,A,U,3.67,3.94,1.95,3,6,6,2,2,,,,,,,,,,,,,,,,,,,,0.0,0.0,0.0,0.0,,,,,1444.7,1610.3
2023-08-26,2023,Arsenal,Fulham,2,2,D,O,1.23,6.49,13.35,11,3,8,3,2,,,,,,,,,,,,,,,,,,,,100.0,0.0,100.0,0.0,,,,,1701.6,1492.6
2023-08-25,2023,Chelsea,Luton,3,0,H,O,1.29,5.86,10.78,8,1,6,4,2,,,,,,,,,,,,,,,,,,,,0.0,0.0,0.0,100.0,,,,,1541.4,1492.4
2023-08-21,2023,Crystal Palace,Arsenal,0,1,A,U,5.79,4.06,1.6,2,3,1,8,1,,,,,,,,,,,,,,,,,,,,,,,,,,,,1527.7,1696.1
2023-08-20,2023,West Ham,Chelsea,3,1,H,O,3.66,3.57,2.04,6,4,3,9,1,,,,,,,,,,,,,,,,,,,,,,,,,,,,1507.1,1552.8
2023-08-20,2023,Aston Villa,Everton,4,0,H,O,1.7,3.91,5.0,7,2,7,6,1,,,,,,,,,,,,,,,,,,,,,,,,,,,,1579.6,1470.7
2023-08-19,2023,Wolves,Brighton,1,4,A,O,4.0,3.81,1.89,5,8,5,3,1,,,,,,,,,,,,,,,,,,,,,,,,,,,,1493.6,1592.7
2023-08-19,2023,Tottenham,Man United,2,0,H,U,2.84,3.75,2.37,6,6,5,6,1,,,,,,,,,,,,,,,,,,,,,,,,,,,,1598.3,1668.1
2023-08-19,2023,Man City,Newcastle,1,0,H,U,1.7,4.07,4.83,4,1,3,0,1,,,,,,,,,,,,,,,,,,,,,,,,,,,,1804.2,1646.2
2023-08-19,2023,Liverpool,Bournemouth,3,1,H,O,1.23,6.86,11.82,10,5,10,2,1,,,,,,,,,,,,,,,,,,,,,,,,,,,,1709.3,1448.3
2023-08-19,2023,Fulham,Brentford,0,3,A,O,2.72,3.4,2.63,2,8,5,5,1,,,,,,,,,,,,,,,,,,,,,,,,,,,,1500.1,1586.7
2023-08-18,2023,Nott'm Forest,Sheffield United,2,1,H,O,1.95,3.43,4.25,4,3,6,7,1,,,,,,,,,,,,,,,,,,,,,,,,,,,,1481.9,1409.8
2023-08-14,2023,Man United,Wolves,1,0,H,U,1.31,5.65,9.85,3,6,8,7,1,,,,,,,,,,,,,,,,,,,,,,,,,,,,1662.4,1499.2
2023-08-13,2023,Chelsea,Liverpool,1,1,D,U,2.87,3.64,2.39,4,1,4,4,1,,,,,,,,,,,,,,,,,,,,,,,,,,,,1548.3,1713.7
2023-08-13,2023,Brentford,Tottenham,2,2,D,O,2.73,3.63,2.5,6,6,3,6,1,,,,,,,,,,,,,,,,,,,,,,,,,,,,1586.3,1598.7
2023-08-12,2023,Sheffield United,Crystal Palace,0,1,A,U,3.12,3.24,2.41,1,8,5,5,1,,,,,,,,,,,,,,,,,,,,,,,,,,,,1416.9,1520.6
2023-08-12,2023,Newcastle,Aston Villa,5,1,H,O,1.76,3.88,4.61,13,6,6,5,1,,,,,,,,,,,,,,,,,,,,,,,,,,,,1637.6,1588.2
2023-08-12,2023,Everton,Fulham,0,1,A,U,2.24,3.43,3.3,9,2,10,4,1,,,,,,,,,,,,,,,,,,,,,,,,,,,,1480.5,1490.4
2023-08-12,2023,Brighton,Luton,4,1,H,O,1.33,5.52,9.61,12,3,6,7,1,,,,,,,,,,,,,,,,,,,,,,,,,,,,1585.2,1500.0
2023-08-12,2023,Bournemouth,West Ham,1,1,D,U,2.69,3.44,2.64,5,3,10,4,1,,,,,,,,,,,,,,,,,,,,,,,,,,,,1446.6,1508.9
2023-08-12,2023,Arsenal,Nott'm Forest,2,1,H,O,1.18,7.64,15.67,7,2,8,3,1,,,,,,,,,,,,,,,,,,,,,,,,,,,,1691.4,1486.6
2023-08-11,2023,Burnley,Man City,0,3,A,O,9.02,5.35,1.35,1,8,6,5,1,,,,,,,,,,,,,,,,,,,,,,,,,,,,1466.4,1801.7
2023-05-28,2022,Southampton,Liverpool,4,4,D,O,6.74,5.2,1.42,10,8,2,9,19,0.0,3.0,3.0,0.0,0.0,11.0,-11.0,5.0,2.0,3.0,-5.0,9.0,-14.0,0.0,2.0,-2.0,2.0,0.0,2.0,11.1,66.7,33.3,44.4,7.0,16.0,13.0,12.0,1393.6,1721.1
2023-05-28,2022,Man United,Fulham,2,1,H,O,1.53,4.59,5.76,8,3,5,4,19,3.0,1.0,0.0,2.0,7.0,2.0,5.0,1.0,2.0,-1.0,6.0,0.0,6.0,2.0,1.0,1.0,0.0,0.0,0.0,77.8,5.6,38.9,50.0,24.0,7.0,15.0,15.0,1656.8,1496.1
2023-05-28,2022,Leicester,West Ham,2,1,H,O,1.94,3.92,3.65,4,3,3,5,19,1.0,0.0,1.0,3.0,4.0,3.0,1.0,6.0,9.0,-3.0,-2.0,-6.0,4.0,0.0,0.0,0.0,1.0,2.0,-1.0,22.2,55.6,16.7,66.7,18.0,10.0,7.0,13.0,1471.0,1520.3
2023-05-28,2022,Leeds,Tottenham,1,4,A,O,2.77,3.84,2.37,2,7,12,3,19,0.0,0.0,1.0,3.0,4.0,5.0,-1.0,9.0,12.0,-3.0,-5.0,-7.0,2.0,0.0,0.0,0.0,1.0,1.0,0.0,27.8,33.3,27.8,44.4,10.0,12.0,9.0,8.0,1446.2,1592.7
2023-05-28,2022,Everton,Bournemouth,1,0,H,U,1.49,4.61,6.58,6,2,9,3,19,0.0,2.0,3.0,1.0,2.0,4.0,-2.0,10.0,4.0,6.0,-8.0,0.0,-8.0,0.0,0.0,0.0,3.0,1.0,2.0,27.8,55.6,27.8,61.1,15.0,8.0,15.0,7.0,1470.9,1456.1
2023-05-28,2022,Crystal Palace,Nott'm Forest,1,1,D,U,1.69,4.15,4.77,4,4,5,4,19,2.0,0.0,0.0,2.0,6.0,5.0,1.0,3.0,7.0,-4.0,3.0,-2.0,5.0,1.0,0.0,1.0,0.0,0.0,0.0,38.9,27.8,5.6,72.2,13.0,10.0,27.0,8.0,1521.6,1485.5
2023-05-28,2022,Chelsea,Newcastle,1,1,D,U,2.87,3.64,2.38,5,4,10,3,19,0.0,1.0,2.0,1.0,3.0,6.0,-3.0,6.0,6.0,0.0,-3.0,0.0,-3.0,0.0,1.0,-1.0,1.0,1.0,0.0,33.3,33.3,44.4,16.7,12.0,15.0,9.0,22.0,1545.7,1640.3
2023-05-28,2022,Brentford,Man City,1,0,H,U,3.88,4.01,1.87,4,3,3,4,19,2.0,2.0,0.0,0.0,5.0,6.0,-1.0,2.0,2.0,0.0,3.0,4.0,-1.0,1.0,1.0,0.0,0.0,0.0,0.0,50.0,11.1,61.1,16.7,23.0,17.0,21.0,12.0,1570.2,1817.8
2023-05-28,2022,Aston Villa,Brighton,2,1,H,O,2.04,3.88,3.37,5,4,4,3,19,3.0,1.0,0.0,2.0,6.0,5.0,1.0,1.0,7.0,-6.0,5.0,-2.0,7.0,1.0,1.0,0.0,0.0,2.0,-2.0,61.1,27.8,44.4,33.3,13.0,15.0,23.0,10.0,1577.7,1595.7
2023-05-28,2022,Arsenal,Wolves,5,0,H,O,1.37,5.33,7.87,8,0,8,4,19,1.0,0.0,1.0,3.0,6.0,1.0,5.0,7.0,10.0,-3.0,-1.0,-9.0,8.0,1.0,0.0,1.0,1.0,2.0,-1.0,72.2,11.1,11.1,61.1,18.0,5.0,19.0,19.0,1686.2,1504.4
2023-05-25,2022,Man United,Chelsea,4,1,H,O,1.63,4.35,5.12,9,5,3,4,18,3.0,1.0,0.0,2.0,5.0,4.0,1.0,0.0,5.0,-5.0,5.0,-1.0,6.0,2.0,1.0,1.0,0.0,1.0,-1.0,76.5,5.9,27.8,50.0,26.0,15.0,22.0,11.0,1649.5,1553.0
2023-05-24,2022,Brighton,Man City,1,1,D,U,3.97,4.22,1.81,7,4,5,1,19,2.0,3.0,1.0,0.0,5.0,9.0,-4.0,6.0,2.0,4.0,-1.0,7.0,-8.0,1.0,2.0,-1.0,1.0,0.0,1.0,55.6,27.8,64.7,17.6,19.0,21.0,27.0,21.0,1589.8,1823.7
2023-05-22,2022,Newcastle,Leicester,0,0,D,U,1.38,5.39,7.66,4,1,12,1,19,2.0,0.0,1.0,2.0,7.0,5.0,2.0,4.0,9.0,-5.0,3.0,-4.0,7.0,2.0,0.0,2.0,1.0,2.0,-1.0,61.1,11.1,22.2,66.7,19.0,16.0,26.0,15.0,1645.0,1466.2
2023-05-21,2022,West Ham,Leeds,3,1,H,O,2.45,3.56,2.84,9,3,9,5,19,1.0,0.0,1.0,3.0,4.0,3.0,1.0,4.0,8.0,-4.0,0.0,-5.0,5.0,0.0,0.0,0.0,0.0,1.0,-1.0,38.9,38.9,11.1,72.2,9.0,10.0,15.0,13.0,1512.0,1454.5
2023-05-21,2022,Man City,Chelsea,1,0,H,U,1.26,6.41,11.48,2,6,5,2,19,3.0,1.0,0.0,2.0,9.0,4.0,5.0,2.0,5.0,-3.0,7.0,-1.0,8.0,2.0,1.0,1.0,0.0,1.0,-1.0,88.9,5.6,29.4,47.1,22.0,10.0,17.0,17.0,1820.1,1556.6
2023-05-21,2022,Brighton,Southampton,3,1,H,O,1.23,6.91,12.43,8,1,4,3,18,2.0,0.0,1.0,2.0,8.0,7.0,1.0,5.0,10.0,-5.0,3.0,-3.0,6.0,1.0,0.0,1.0,1.0,1.0,0.0,52.9,29.4,22.2,66.7,19.0,14.0,25.0,15.0,1584.7,1398.7
2023-05-20,2022,Wolves,Everton,1,1,D,U,2.77,3.35,2.63,5,4,1,7,19,3.0,1.0,0.0,0.0,5.0,7.0,-2.0,0.0,3.0,-3.0,5.0,4.0,1.0,2.0,1.0,1.0,0.0,0.0,0.0,50.0,38.9,11.1,44.4,14.0,18.0,16.0,11.0,1505.4,1469.9
2023-05-20,2022,Tottenham,Brentford,1,3,A,O,1.85,3.88,4.13,8,4,8,2,19,1.0,1.0,1.0,2.0,5.0,2.0,3.0,5.0,3.0,2.0,0.0,-1.0,1.0,0.0,1.0,-1.0,0.0,1.0,-1.0,66.7,27.8,22.2,38.9,18.0,5.0,22.0,7.0,1603.9,1558.9
2023-05-20,2022,Nott'm Forest,Arsenal,1,0,H,U,5.37,4.45,1.59,2,3,3,6,19,2.0,1.0,1.0,1.0,7.0,5.0,2.0,6.0,6.0,0.0,1.0,-1.0,2.0,1.0,1.0,0.0,1.0,1.0,0.0,38.9,27.8,66.7,16.7,9.0,13.0,8.0,9.0,1469.7,1702.0
2023-05-20,2022,Liverpool,Aston Villa,1,1,D,U,1.49,4.86,6.16,5,3,9,4,19,3.0,0.0,0.0,2.0,6.0,1.0,5.0,3.0,3.0,0.0,3.0,-2.0,5.0,0.0,0.0,0.0,0.0,0.0,0.0,72.2,5.6,33.3,44.4,12.0,6.0,19.0,14.0,1725.2,1573.6
2023-05-20,2022,Fulham,Crystal Palace,2,2,D,O,2.45,3.4,2.97,4,5,7,4,19,2.0,1.0,1.0,2.0,8.0,2.0,6.0,6.0,3.0,3.0,2.0,-1.0,3.0,1.0,1.0,0.0,0.0,1.0,-1.0,44.4,33.3,22.2,55.6,13.0,8.0,12.0,17.0,1495.3,1522.4
2023-05-20,2022,Bournemouth,Man United,0,1,A,U,6.06,4.77,1.51,4,5,3,6,19,1.0,0.0,2.0,2.0,5.0,2.0,3.0,8.0,4.0,4.0,-3.0,-2.0,-1.0,1.0,0.0,1.0,2.0,0.0,2.0,33.3,44.4,38.9,44.4,16.0,17.0,17.0,20.0,1461.3,1644.3
2023-05-18,2022,Newcastle,Brighton,4,1,H,O,2.02,3.86,3.49,9,2,6,1,18,2.0,2.0,1.0,1.0,9.0,6.0,3.0,4.0,4.0,0.0,5.0,2.0,3.0,2.0,1.0,1.0,1.0,1.0,0.0,58.8,11.8,47.1,29.4,18.0,23.0,29.0,17.0,1636.2,1593.5
2023-05-15,2022,Leicester,Liverpool,0,3,A,O,5.11,4.59,1.59,4,5,4,4,18,1.0,2.0,1.0,0.0,4.0,8.0,-4.0,4.0,2.0,2.0,0.0,6.0,-6.0,0.0,1.0,-1.0,0.0,0.0,0.0,23.5,52.9,29.4,47.1,18.0,15.0,9.0,13.0,1470.0,1721.4
2023-05-14,2022,Everton,Man City,0,3,A,O,8.86,5.21,1.36,3,4,8,6,18,0.0,3.0,2.0,0.0,3.0,7.0,-4.0,8.0,2.0,6.0,-5.0,5.0,-10.0,0.0,1.0,-1.0,2.0,0.0,2.0,29.4,52.9,62.5,18.8,18.0,21.0,10.0,21.0,1472.3,1817.7
2023-05-14,2022,Brentford,West Ham,2,0,H,U,2.05,3.56,3.66,10,4,7,5,18,1.0,1.0,1.0,2.0,4.0,7.0,-3.0,4.0,7.0,-3.0,0.0,0.0,0.0,0.0,1.0,-1.0,0.0,1.0,-1.0,47.1,11.8,17.6,64.7,19.0,16.0,20.0,13.0,1549.7,1521.2
2023-05-14,2022,Arsenal,Brighton,0,3,A,O,1.77,4.19,4.21,2,6,5,2,18,2.0,1.0,0.0,2.0,10.0,4.0,6.0,5.0,6.0,-1.0,5.0,-2.0,7.0,2.0,0.0,2.0,0.0,1.0,-1.0,76.5,5.9,43.8,31.2,22.0,21.0,18.0,22.0,1715.8,1579.7
2023-05-13,2022,Southampton,Fulham,0,2,A,U,2.82,3.44,2.51,1,4,1,8,18,0.0,1.0,3.0,2.0,1.0,3.0,-2.0,7.0,3.0,4.0,-6.0,0.0,-6.0,0.0,1.0,-1.0,2.0,0.0,2.0,11.8,64.7,35.3,52.9,7.0,10.0,12.0,15.0,1406.4,1487.6
2023-05-13,2022,Man United,Wolves,2,0,H,U,1.38,5.1,8.37,9,0,11,7,17,3.0,0.0,0.0,2.0,4.0,2.0,2.0,0.0,9.0,-9.0,4.0,-7.0,11.0,1.0,0.0,1.0,0.0,1.0,-1.0,75.0,6.2,11.8,58.8,20.0,6.0,23.0,15.0,1637.8,1511.9
2023-05-13,2022,Leeds,Newcastle,2,2,D,O,4.62,4.2,1.71,4,5,2,6,18,0.0,2.0,2.0,1.0,3.0,6.0,-3.0,12.0,5.0,7.0,-9.0,1.0,-10.0,0.0,1.0,-1.0,2.0,1.0,1.0,29.4,35.3,47.1,17.6,13.0,14.0,9.0,21.0,1449.5,1641.3
2023-05-13,2022,Crystal Palace,Bournemouth,2,0,H,U,1.88,3.7,4.18,5,0,11,2,18,2.0,3.0,0.0,0.0,6.0,5.0,1.0,4.0,2.0,2.0,2.0,3.0,-1.0,0.0,0.0,0.0,0.0,0.0,0.0,35.3,29.4,29.4,58.8,17.0,15.0,26.0,11.0,1513.7,1470.1
2023-05-13,2022,Chelsea,Nott'm Forest,2,2,D,O,1.51,4.4,6.68,6,2,2,5,18,0.0,0.0,2.0,3.0,1.0,3.0,-2.0,4.0,7.0,-3.0,-3.0,-4.0,1.0,0.0,0.0,0.0,1.0,1.0,0.0,35.3,35.3,5.9,76.5,9.0,10.0,10.0,11.0,1559.1,1467.1
2023-05-13,2022,Aston Villa,Tottenham,2,1,H,O,2.3,3.6,3.03,4,2,8,3,18,3.0,0.0,0.0,2.0,6.0,5.0,1.0,0.0,11.0,-11.0,6.0,-6.0,12.0,2.0,0.0,2.0,0.0,1.0,-1.0,58.8,29.4,29.4,41.2,12.0,12.0,16.0,8.0,1562.0,1615.5
2023-05-08,2022,Nott'm Forest,Southampton,4,3,H,O,2.13,3.52,3.46,4,5,2,11,18,1.0,0.0,1.0,2.0,4.0,4.0,0.0,4.0,7.0,-3.0,0.0,-3.0,3.0,1.0,0.0,1.0,1.0,1.0,0.0,35.3,29.4,23.5,64.7,12.0,12.0,10.0,7.0,1458.4,1415.2
2023-05-08,2022,Fulham,Leicester,5,3,H,O,2.67,3.53,2.6,7,9,2,7,18,1.0,0.0,2.0,2.0,3.0,3.0,0.0,4.0,6.0,-2.0,-1.0,-3.0,2.0,0.0,0.0,0.0,0.0,1.0,-1.0,41.2,35.3,23.5,64.7,9.0,9.0,21.0,9.0,1477.6,1480.1
2023-05-08,2022,Brighton,Everton,1,5,A,O,1.35,5.3,8.47,5,5,15,1,17,2.0,0.0,0.0,1.0,10.0,2.0,8.0,3.0,4.0,-1.0,7.0,-2.0,9.0,1.0,0.0,1.0,0.0,1.0,-1.0,56.2,25.0,5.9,47.1,29.0,14.0,24.0,14.0,1593.4,1458.6
2023-05-07,2022,West Ham,Man United,1,0,H,U,3.43,3.74,2.08,4,4,5,6,18,0.0,1.0,2.0,1.0,4.0,4.0,0.0,9.0,3.0,6.0,-5.0,1.0,-6.0,0.0,1.0,-1.0,1.0,0.0,1.0,35.3,41.2,41.2,41.2,7.0,21.0,17.0,23.0,1507.2,1651.7
2023-05-07,2022,Newcastle,Arsenal,0,2,A,U,2.49,3.73,2.71,5,6,9,4,17,3.0,0.0,0.0,1.0,11.0,5.0,6.0,2.0,8.0,-6.0,9.0,-3.0,12.0,3.0,0.0,3.0,0.0,1.0,-1.0,62.5,6.2,64.7,17.6,19.0,12.0,27.0,9.0,1649.6,1707.4
2023-05-06,2022,Wolves,Aston Villa,1,0,H,U,2.98,3.26,2.51,2,3,5,6,18,3.0,1.0,0.0,1.0,5.0,3.0,2.0,0.0,3.0,-3.0,5.0,0.0,5.0,2.0,0.0,2.0,0.0,0.0,0.0,47.1,41.2,35.3,41.2,16.0,8.0,19.0,16.0,1499.8,1574.1
2023-05-06,2022,Tottenham,Crystal Palace,1,0,H,U,1.82,3.92,4.21,3,2,8,4,18,1.0,2.0,1.0,1.0,6.0,7.0,-1.0,6.0,3.0,3.0,0.0,4.0,-4.0,0.0,2.0,-2.0,0.0,1.0,-1.0,64.7,29.4,23.5,52.9,18.0,14.0,17.0,17.0,1607.9,1521.2
2023-05-06,2022,Man City,Leeds,2,1,H,O,1.17,8.41,15.94,6,2,10,1,18,3.0,0.0,0.0,3.0,10.0,3.0,7.0,2.0,10.0,-8.0,8.0,-7.0,15.0,3.0,0.0,3.0,0.0,2.0,-2.0,88.2,5.9,11.8,70.6,20.0,13.0,13.0,15.0,1815.5,1451.7
2023-05-06,2022,Liverpool,Brentford,1,0,H,U,1.48,4.91,6.16,5,1,7,3,18,3.0,1.0,0.0,2.0,8.0,2.0,6.0,5.0,3.0,2.0,3.0,-1.0,4.0,0.0,1.0,-1.0,0.0,1.0,-1.0,70.6,5.9,23.5,35.3,13.0,5.0,21.0,7.0,1715.7,1555.4
2023-05-06,2022,Bournemouth,Chelsea,1,3,A,O,3.42,3.47,2.17,4,5,7,7,18,1.0,1.0,2.0,2.0,4.0,4.0,0.0,7.0,5.0,2.0,-3.0,-1.0,-2.0,1.0,1.0,0.0,2.0,1.0,1.0,35.3,41.2,25.0,50.0,15.0,11.0,15.0,15.0,1478.0,1551.2
2023-05-04,2022,Brighton,Man United,1,0,H,U,2.03,3.82,3.5,6,5,8,6,16,2.0,1.0,0.0,1.0,10.0,4.0,6.0,3.0,4.0,-1.0,7.0,0.0,7.0,1.0,1.0,0.0,0.0,1.0,-1.0,53.3,26.7,43.8,37.5,28.0,17.0,17.0,21.0,1581.1,1664.0
2023-05-03,2022,Man City,West Ham,3,0,H,O,1.2,7.21,13.79,7,2,6,3,17,3.0,2.0,0.0,1.0,11.0,8.0,3.0,3.0,4.0,-1.0,8.0,4.0,4.0,3.0,1.0,2.0,0.0,0.0,0.0,87.5,6.2,18.8,62.5,21.0,19.0,14.0,14.0,1812.5,1510.2
2023-05-03,2022,Liverpool,Fulham,1,0,H,U,1.26,6.39,10.73,3,3,7,5,17,2.0,1.0,0.0,2.0,9.0,4.0,5.0,7.0,4.0,3.0,2.0,0.0,2.0,0.0,1.0,-1.0,0.0,0.0,0.0,68.8,6.2,37.5,50.0,16.0,9.0,19.0,13.0,1711.5,1481.8
2023-05-02,2022,Arsenal,Chelsea,3,1,H,O,1.59,4.22,5.75,10,4,7,2,17,2.0,1.0,0.0,2.0,11.0,3.0,8.0,5.0,4.0,1.0,6.0,-1.0,7.0,2.0,1.0,1.0,0.0,1.0,-1.0,75.0,6.2,26.7,46.7,17.0,9.0,16.0,17.0,1701.3,1557.3
2023-05-01,2022,Leicester,Everton,2,2,D,O,2.04,3.45,3.79,6,8,2,9,17,1.0,0.0,2.0,1.0,3.0,2.0,1.0,4.0,4.0,0.0,-1.0,-2.0,1.0,0.0,0.0,0.0,0.0,1.0,-1.0,25.0,56.2,6.2,50.0,16.0,9.0,11.0,7.0,1480.8,1457.9
2023-04-30,2022,Newcastle,Southampton,3,1,H,O,1.32,5.46,9.9,5,3,11,2,16,3.0,0.0,0.0,1.0,10.0,3.0,7.0,2.0,4.0,-2.0,8.0,-1.0,9.0,2.0,0.0,2.0,0.0,0.0,0.0,60.0,6.7,25.0,62.5,22.0,13.0,26.0,13.0,1645.3,1419.5
2023-04-30,2022,Man United,Aston Villa,1,0,H,U,1.78,3.94,4.35,6,1,1,4,16,2.0,2.0,0.0,0.0,3.0,5.0,-2.0,0.0,2.0,-2.0,3.0,3.0,0.0,1.0,1.0,0.0,0.0,0.0,0.0,73.3,6.7,37.5,37.5,18.0,9.0,29.0,14.0,1656.1,1582.0
2023-04-30,2022,Liverpool,Tottenham,4,3,H,O,1.54,4.69,5.68,4,7,5,2,16,2.0,0.0,0.0,1.0,12.0,5.0,7.0,4.0,10.0,-6.0,8.0,-5.0,13.0,1.0,0.0,1.0,0.0,1.0,-1.0,66.7,6.7,31.2,37.5,20.0,8.0,18.0,9.0,1704.0,1615.4
2023-04-30,2022,Fulham,Man City,1,2,A,O,11.95,6.23,1.25,1,9,2,5,17,1.0,3.0,2.0,0.0,2.0,9.0,-7.0,5.0,2.0,3.0,-3.0,7.0,-10.0,0.0,2.0,-2.0,1.0,0.0,1.0,43.8,31.2,60.0,20.0,10.0,17.0,23.0,22.0,1484.4,1809.9
2023-04-30,2022,Bournemouth,Leeds,4,1,H,O,2.61,3.5,2.68,7,6,2,6,17,1.0,1.0,2.0,2.0,2.0,6.0,-4.0,7.0,8.0,-1.0,-5.0,-2.0,-3.0,0.0,1.0,-1.0,2.0,1.0,1.0,31.2,43.8,12.5,68.8,15.0,11.0,17.0,13.0,1468.2,1461.5
2023-04-29,2022,Crystal Palace,West Ham,4,3,H,O,2.7,3.18,2.81,6,4,8,5,17,1.0,2.0,1.0,1.0,2.0,5.0,-3.0,2.0,4.0,-2.0,0.0,1.0,-1.0,0.0,1.0,-1.0,0.0,1.0,-1.0,31.2,31.2,20.0,60.0,11.0,17.0,20.0,12.0,1510.9,1520.5
2023-04-29,2022,Brighton,Wolves,6,0,H,O,1.51,4.37,6.69,8,2,2,5,15,2.0,0.0,0.0,2.0,8.0,3.0,5.0,3.0,5.0,-2.0,5.0,-2.0,7.0,1.0,0.0,1.0,0.0,0.0,0.0,50.0,28.6,12.5,56.2,29.0,8.0,22.0,13.0,1572.9,1508.0
2023-04-29,2022,Brentford,Nott'm Forest,2,1,H,O,1.66,3.88,5.5,8,3,6,0,17,0.0,0.0,1.0,3.0,3.0,3.0,0.0,4.0,7.0,-3.0,-1.0,-4.0,3.0,0.0,0.0,0.0,0.0,1.0,-1.0,43.8,12.5,6.2,75.0,13.0,8.0,22.0,15.0,1547.7,1466.0
2023-04-27,2022,Tottenham,Man United,2,2,D,O,2.79,3.65,2.44,7,8,6,8,17,2.0,1.0,1.0,2.0,7.0,2.0,5.0,5.0,9.0,-4.0,2.0,-7.0,9.0,1.0,1.0,0.0,0.0,2.0,-2.0,68.8,31.2,46.7,40.0,18.0,13.0,13.0,16.0,1614.2,1657.4
2023-04-27,2022,Southampton,Bournemouth,0,1,A,U,2.3,3.43,3.15,2,2,6,4,17,0.0,2.0,2.0,1.0,4.0,4.0,0.0,9.0,5.0,4.0,-5.0,-1.0,-4.0,0.0,0.0,0.0,2.0,1.0,1.0,12.5,62.5,25.0,62.5,12.0,16.0,16.0,13.0,1428.6,1459.1
2023-04-27,2022,Everton,Newcastle,1,4,A,O,4.84,3.7,1.77,5,8,3,14,17,1.0,2.0,1.0,1.0,3.0,7.0,-4.0,4.0,5.0,-1.0,-1.0,2.0,-3.0,0.0,1.0,-1.0,1.0,1.0,0.0,31.2,50.0,43.8,18.8,19.0,14.0,12.0,13.0,1463.2,1640.0
2023-04-26,2022,West Ham,Liverpool,1,2,A,O,3.96,3.86,1.88,2,4,3,6,17,1.0,1.0,1.0,1.0,4.0,7.0,-3.0,7.0,5.0,2.0,-3.0,2.0,-5.0,0.0,1.0,-1.0,1.0,1.0,0.0,37.5,37.5,25.0,50.0,7.0,12.0,19.0,8.0,1525.9,1698.6
2023-04-26,2022,Nott'm Forest,Brighton,3,1,H,O,6.08,4.36,1.54,5,7,2,7,17,0.0,2.0,2.0,1.0,2.0,5.0,-3.0,5.0,3.0,2.0,-3.0,2.0,-5.0,0.0,1.0,-1.0,1.0,0.0,1.0,31.2,31.2,46.7,26.7,10.0,20.0,11.0,20.0,1452.4,1586.6
2023-04-26,2022,Man City,Arsenal,4,1,H,O,1.56,4.49,5.7,9,2,1,3,16,3.0,1.0,0.0,0.0,9.0,7.0,2.0,2.0,4.0,-2.0,7.0,3.0,4.0,3.0,1.0,2.0,0.0,0.0,0.0,86.7,6.7,68.8,12.5,15.0,17.0,21.0,14.0,1802.5,1708.7
2023-04-26,2022,Chelsea,Brentford,0,2,A,U,1.71,3.89,5.02,4,1,5,2,17,0.0,0.0,2.0,2.0,1.0,3.0,-2.0,4.0,6.0,-2.0,-3.0,-3.0,0.0,0.0,0.0,0.0,1.0,1.0,0.0,37.5,31.2,18.8,37.5,13.0,9.0,18.0,5.0,1568.2,1536.8
2023-04-25,2022,Wolves,Crystal Palace,2,0,H,U,2.52,3.14,3.09,3,4,6,11,17,2.0,2.0,1.0,1.0,5.0,8.0,-3.0,4.0,5.0,-1.0,1.0,3.0,-2.0,1.0,2.0,-1.0,1.0,1.0,0.0,43.8,43.8,25.0,50.0,21.0,14.0,18.0,10.0,1497.3,1521.6
2023-04-25,2022,Leeds,Leicester,1,1,D,U,2.37,3.54,2.98,3,3,3,6,17,1.0,0.0,2.0,2.0,4.0,3.0,1.0,12.0,6.0,6.0,-8.0,-3.0,-5.0,0.0,0.0,0.0,2.0,1.0,1.0,31.2,37.5,25.0,68.8,16.0,7.0,17.0,7.0,1460.9,1481.3
2023-04-25,2022,Aston Villa,Fulham,1,0,H,U,1.8,3.87,4.43,3,0,8,2,17,3.0,1.0,0.0,2.0,8.0,6.0,2.0,0.0,6.0,-6.0,8.0,0.0,8.0,3.0,1.0,2.0,0.0,0.0,0.0,56.2,31.2,40.0,46.7,18.0,14.0,17.0,14.0,1574.4,1492.1
2023-04-23,2022,Newcastle,Tottenham,6,1,H,O,1.85,3.81,4.22,8,3,9,3,15,2.0,0.0,1.0,1.0,4.0,4.0,0.0,3.0,5.0,-2.0,1.0,-1.0,2.0,1.0,0.0,1.0,1.0,0.0,1.0,57.1,7.1,33.3,33.3,18.0,11.0,23.0,14.0,1630.2,1624.0
2023-04-23,2022,Bournemouth,West Ham,0,4,A,O,2.83,3.25,2.61,5,10,8,5,16,2.0,1.0,1.0,2.0,3.0,1.0,2.0,3.0,6.0,-3.0,0.0,-5.0,5.0,0.0,0.0,0.0,1.0,2.0,-1.0,33.3,40.0,14.3,64.3,12.0,8.0,12.0,14.0,1467.6,1517.3
2023-04-22,2022,Liverpool,Nott'm Forest,3,2,H,O,1.18,7.64,16.06,6,5,9,3,15,2.0,0.0,0.0,3.0,11.0,2.0,9.0,2.0,7.0,-5.0,9.0,-5.0,14.0,2.0,0.0,2.0,0.0,2.0,-2.0,64.3,7.1,6.7,73.3,20.0,8.0,14.0,22.0,1694.5,1456.4
2023-04-22,2022,Leicester,Wolves,2,1,H,O,2.45,3.27,3.05,8,3,1,7,16,0.0,0.0,3.0,2.0,2.0,2.0,0.0,6.0,5.0,1.0,-4.0,-3.0,-1.0,0.0,0.0,0.0,1.0,1.0,0.0,20.0,60.0,13.3,53.3,15.0,6.0,12.0,8.0,1470.3,1508.4
2023-04-22,2022,Fulham,Leeds,2,1,H,O,2.38,3.44,3.01,5,2,8,6,16,0.0,1.0,2.0,2.0,1.0,5.0,-4.0,5.0,7.0,-2.0,-4.0,-2.0,-2.0,0.0,1.0,-1.0,1.0,1.0,0.0,40.0,33.3,13.3,66.7,10.0,11.0,19.0,14.0,1482.4,1470.6
2023-04-22,2022,Crystal Palace,Everton,0,0,D,U,2.11,3.25,3.83,2,5,8,1,16,1.0,0.0,1.0,1.0,2.0,4.0,-2.0,2.0,6.0,-4.0,0.0,-2.0,2.0,0.0,0.0,0.0,0.0,1.0,-1.0,33.3,33.3,6.7,53.3,9.0,7.0,17.0,9.0,1523.4,1461.5
2023-04-22,2022,Brentford,Aston Villa,1,1,D,U,2.53,3.38,2.84,5,2,8,4,16,1.0,2.0,1.0,0.0,5.0,5.0,0.0,5.0,2.0,3.0,0.0,3.0,-3.0,0.0,1.0,-1.0,0.0,0.0,0.0,46.7,13.3,40.0,40.0,14.0,11.0,16.0,12.0,1535.7,1575.5
2023-04-21,2022,Arsenal,Southampton,3,3,D,O,1.2,7.18,14.72,6,6,7,2,16,3.0,0.0,0.0,2.0,11.0,0.0,11.0,4.0,2.0,2.0,7.0,-2.0,9.0,2.0,0.0,2.0,0.0,0.0,0.0,80.0,6.7,26.7,66.7,20.0,9.0,26.0,13.0,1715.6,1421.7
2023-04-17,2022,Leeds,Liverpool,1,6,A,O,4.35,4.22,1.73,3,7,4,2,16,1.0,0.0,1.0,2.0,5.0,1.0,4.0,8.0,5.0,3.0,-3.0,-4.0,1.0,0.0,0.0,0.0,1.0,1.0,0.0,33.3,33.3,20.0,53.3,17.0,11.0,17.0,14.0,1475.1,1690.1
2023-04-16,2022,West Ham,Arsenal,2,2,D,O,5.92,4.22,1.57,3,5,7,2,16,1.0,2.0,1.0,0.0,3.0,6.0,-3.0,6.0,2.0,4.0,-3.0,4.0,-7.0,0.0,1.0,-1.0,1.0,0.0,1.0,40.0,40.0,73.3,13.3,10.0,14.0,25.0,20.0,1511.9,1721.0
2023-04-16,2022,Nott'm Forest,Man United,0,2,A,U,5.0,3.96,1.69,0,8,4,9,16,0.0,1.0,1.0,2.0,4.0,2.0,2.0,5.0,9.0,-4.0,-1.0,-7.0,6.0,0.0,1.0,-1.0,0.0,2.0,-2.0,33.3,26.7,42.9,42.9,14.0,10.0,10.0,10.0,1461.4,1652.4
2023-04-15,2022,Wolves,Brentford,2,0,H,U,2.52,3.23,3.0,9,3,5,2,16,2.0,1.0,1.0,1.0,4.0,5.0,-1.0,4.0,4.0,0.0,0.0,1.0,-1.0,0.0,1.0,-1.0,1.0,0.0,1.0,40.0,46.7,20.0,33.3,17.0,11.0,17.0,6.0,1496.9,1547.1
2023-04-15,2022,Tottenham,Bournemouth,2,3,A,O,1.47,4.6,6.83,8,6,8,1,16,3.0,1.0,0.0,2.0,7.0,3.0,4.0,2.0,6.0,-4.0,5.0,-3.0,8.0,2.0,0.0,2.0,0.0,1.0,-1.0,73.3,26.7,20.0,66.7,13.0,14.0,9.0,13.0,1638.9,1452.7
2023-04-15,2022,Southampton,Crystal Palace,0,2,A,U,2.82,3.2,2.68,4,2,6,2,16,0.0,1.0,2.0,2.0,4.0,6.0,-2.0,9.0,6.0,3.0,-5.0,0.0,-5.0,0.0,1.0,-1.0,2.0,1.0,1.0,13.3,60.0,20.0,53.3,9.0,15.0,13.0,12.0,1429.3,1515.8
2023-04-15,2022,Man City,Leicester,3,1,H,O,1.16,8.49,17.32,4,4,6,2,15,3.0,0.0,0.0,2.0,9.0,2.0,7.0,2.0,4.0,-2.0,7.0,-2.0,9.0,3.0,0.0,3.0,0.0,0.0,0.0,85.7,7.1,26.7,66.7,20.0,3.0,23.0,9.0,1799.9,1472.9
2023-04-15,2022,Everton,Fulham,1,3,A,O,2.07,3.39,3.78,7,7,4,8,16,1.0,1.0,1.0,2.0,2.0,4.0,-2.0,3.0,5.0,-2.0,-1.0,-1.0,0.0,0.0,0.0,0.0,1.0,0.0,1.0,33.3,46.7,35.7,50.0,17.0,9.0,13.0,8.0,1471.4,1472.5
2023-04-15,2022,Chelsea,Brighton,1,2,A,O,2.67,3.42,2.68,2,10,2,8,16,0.0,1.0,1.0,1.0,2.0,5.0,-3.0,4.0,4.0,0.0,-2.0,1.0,-3.0,0.0,1.0,-1.0,1.0,0.0,1.0,40.0,26.7,42.9,28.6,18.0,12.0,24.0,19.0,1578.2,1576.6
2023-04-15,2022,Aston Villa,Newcastle,3,0,H,O,3.61,3.42,2.13,6,2,7,2,16,3.0,3.0,0.0,0.0,6.0,9.0,-3.0,0.0,3.0,-3.0,6.0,6.0,0.0,2.0,1.0,1.0,0.0,0.0,0.0,53.3,33.3,46.7,13.3,13.0,16.0,12.0,18.0,1563.3,1642.4
2023-04-09,2022,Liverpool,Arsenal,2,2,D,O,2.79,3.69,2.41,6,5,5,4,14,3.0,3.0,0.0,0.0,11.0,8.0,3.0,0.0,2.0,-2.0,11.0,6.0,5.0,3.0,2.0,1.0,0.0,0.0,0.0,69.2,7.7,78.6,14.3,20.0,14.0,12.0,25.0,1689.1,1721.9
2023-04-09,2022,Leeds,Crystal Palace,1,5,A,O,2.11,3.41,3.59,7,8,2,4,15,2.0,0.0,0.0,3.0,5.0,1.0,4.0,3.0,6.0,-3.0,2.0,-5.0,7.0,0.0,0.0,0.0,0.0,1.0,-1.0,35.7,28.6,14.3,57.1,14.0,7.0,24.0,12.0,1484.5,1506.5
2023-04-08,2022,Wolves,Chelsea,1,0,H,U,4.14,3.47,1.95,4,1,8,8,15,1.0,1.0,2.0,1.0,3.0,4.0,-1.0,5.0,4.0,1.0,-2.0,0.0,-2.0,0.0,1.0,-1.0,1.0,1.0,0.0,35.7,50.0,28.6,42.9,17.0,12.0,21.0,15.0,1483.9,1591.2
2023-04-08,2022,Tottenham,Brighton,2,1,H,O,2.56,3.56,2.69,3,4,3,7,15,3.0,1.0,0.0,0.0,7.0,5.0,2.0,1.0,3.0,-2.0,6.0,2.0,4.0,3.0,1.0,2.0,0.0,0.0,0.0,71.4,28.6,46.2,23.1,16.0,15.0,10.0,18.0,1630.2,1585.3
2023-04-08,2022,Southampton,Man City,1,4,A,O,12.48,6.19,1.25,1,8,0,10,15,1.0,2.0,1.0,0.0,4.0,6.0,-2.0,5.0,2.0,3.0,-1.0,4.0,-5.0,0.0,1.0,-1.0,1.0,0.0,1.0,14.3,57.1,57.1,21.4,13.0,15.0,16.0,22.0,1431.4,1797.7
2023-04-08,2022,Man United,Everton,2,0,H,U,1.5,4.37,6.75,11,1,10,4,15,2.0,0.0,0.0,1.0,4.0,4.0,0.0,0.0,8.0,-8.0,4.0,-4.0,8.0,1.0,0.0,1.0,0.0,1.0,-1.0,71.4,7.1,7.1,50.0,15.0,11.0,25.0,6.0,1646.9,1476.9
2023-04-08,2022,Leicester,Bournemouth,0,1,A,U,1.88,3.72,4.11,4,7,6,6,15,0.0,1.0,3.0,2.0,2.0,3.0,-1.0,6.0,6.0,0.0,-4.0,-3.0,-1.0,0.0,0.0,0.0,1.0,1.0,0.0,21.4,57.1,14.3,71.4,11.0,8.0,6.0,9.0,1484.1,1441.5
2023-04-08,2022,Fulham,West Ham,0,1,A,U,2.79,3.24,2.66,3,5,11,4,15,1.0,0.0,1.0,2.0,3.0,1.0,2.0,4.0,7.0,-3.0,-1.0,-6.0,5.0,1.0,0.0,1.0,1.0,2.0,-1.0,42.9,28.6,7.7,69.2,10.0,4.0,13.0,12.0,1481.9,1502.5
2023-04-08,2022,Brentford,Newcastle,1,2,A,O,3.57,3.46,2.1,6,4,6,5,15,1.0,2.0,0.0,1.0,5.0,7.0,-2.0,4.0,4.0,0.0,1.0,3.0,-2.0,0.0,1.0,-1.0,0.0,1.0,-1.0,50.0,7.1,42.9,14.3,13.0,14.0,12.0,17.0,1554.8,1634.7
2023-04-08,2022,Aston Villa,Nott'm Forest,2,0,H,U,1.62,4.09,5.55,3,2,1,8,15,2.0,0.0,1.0,3.0,6.0,2.0,4.0,4.0,9.0,-5.0,2.0,-7.0,9.0,1.0,0.0,1.0,1.0,2.0,-1.0,50.0,35.7,7.1,71.4,15.0,9.0,13.0,17.0,1555.7,1469.0
2023-04-05,2022,West Ham,Newcastle,1,5,A,O,3.53,3.41,2.15,2,8,7,6,15,2.0,1.0,0.0,1.0,6.0,3.0,3.0,1.0,4.0,-3.0,5.0,-1.0,6.0,1.0,0.0,1.0,0.0,1.0,-1.0,42.9,35.7,38.5,15.4,13.0,13.0,30.0,17.0,1509.2,1628.0
2023-04-05,2022,Man United,Brentford,1,0,H,U,1.65,4.17,5.07,3,1,12,3,14,1.0,1.0,0.0,1.0,5.0,5.0,0.0,2.0,4.0,-2.0,3.0,1.0,2.0,1.0,1.0,0.0,0.0,0.0,0.0,69.2,7.7,21.4,28.6,19.0,14.0,19.0,11.0,1639.1,1562.7
2023-04-04,2022,Leicester,Aston Villa,1,2,A,O,2.58,3.41,2.79,4,5,4,8,14,1.0,2.0,2.0,0.0,5.0,5.0,0.0,5.0,1.0,4.0,0.0,4.0,-4.0,1.0,2.0,-1.0,1.0,0.0,1.0,23.1,53.8,35.7,42.9,14.0,11.0,3.0,5.0,1492.6,1547.3
2023-04-04,2022,Leeds,Nott'm Forest,2,1,H,O,1.73,3.83,5.05,6,1,11,4,14,1.0,0.0,1.0,3.0,3.0,1.0,2.0,4.0,9.0,-5.0,-1.0,-8.0,7.0,0.0,0.0,0.0,1.0,3.0,-2.0,30.8,30.8,7.7,69.2,14.0,9.0,20.0,17.0,1474.3,1479.1
2023-04-04,2022,Chelsea,Liverpool,0,0,D,U,2.25,3.46,3.28,3,4,3,5,15,1.0,0.0,1.0,2.0,3.0,1.0,2.0,4.0,5.0,-1.0,-1.0,-4.0,3.0,0.0,0.0,0.0,1.0,1.0,0.0,42.9,28.6,21.4,57.1,18.0,11.0,26.0,12.0,1588.3,1692.0
2023-04-04,2022,Bournemouth,Brighton,0,2,A,U,5.94,4.29,1.57,3,6,5,5,15,2.0,0.0,1.0,0.0,4.0,5.0,-1.0,5.0,5.0,0.0,-1.0,0.0,-1.0,0.0,0.0,0.0,1.0,0.0,1.0,35.7,35.7,41.7,25.0,11.0,13.0,11.0,19.0,1447.9,1578.9
2023-04-03,2022,Everton,Tottenham,1,1,D,U,3.41,3.36,2.21,6,2,3,3,15,2.0,0.0,1.0,2.0,2.0,4.0,-2.0,2.0,8.0,-6.0,0.0,-4.0,4.0,0.0,0.0,0.0,1.0,1.0,0.0,35.7,50.0,35.7,35.7,17.0,13.0,16.0,16.0,1472.5,1634.5
2023-04-02,2022,West Ham,Southampton,1,0,H,U,1.76,3.74,4.87,2,3,5,3,14,1.0,1.0,0.0,1.0,6.0,1.0,5.0,2.0,1.0,1.0,4.0,0.0,4.0,1.0,0.0,1.0,0.0,0.0,0.0,38.5,38.5,28.6,64.3,13.0,11.0,30.0,12.0,1501.0,1439.7
2023-04-02,2022,Newcastle,Man United,2,0,H,U,2.41,3.45,2.96,6,1,7,4,14,1.0,1.0,1.0,2.0,3.0,4.0,-1.0,4.0,10.0,-6.0,-1.0,-6.0,5.0,0.0,1.0,-1.0,1.0,1.0,0.0,53.8,7.7,46.2,38.5,14.0,13.0,20.0,10.0,1617.0,1650.0
2023-04-01,2022,Nott'm Forest,Wolves,1,1,D,U,2.96,3.13,2.61,7,1,4,3,15,0.0,0.0,1.0,2.0,4.0,2.0,2.0,5.0,5.0,0.0,-1.0,-3.0,2.0,0.0,0.0,0.0,0.0,1.0,-1.0,35.7,28.6,14.3,57.1,8.0,7.0,6.0,8.0,1479.0,1484.1
2023-04-01,2022,Man City,Liverpool,4,1,H,O,1.64,4.2,5.19,8,1,7,1,14,3.0,1.0,0.0,1.0,8.0,2.0,6.0,1.0,1.0,0.0,7.0,1.0,6.0,3.0,1.0,2.0,0.0,0.0,0.0,84.6,7.7,23.1,53.8,19.0,17.0,21.0,18.0,1790.2,1699.5
2023-04-01,2022,Crystal Palace,Leicester,2,1,H,O,2.54,3.24,2.94,9,2,10,1,15,0.0,0.0,1.0,2.0,1.0,1.0,0.0,2.0,5.0,-3.0,-1.0,-4.0,3.0,0.0,0.0,0.0,0.0,1.0,-1.0,28.6,35.7,28.6,64.3,1.0,4.0,8.0,14.0,1496.3,1502.7
2023-04-01,2022,Chelsea,Aston Villa,0,2,A,U,1.68,3.83,5.4,8,2,13,2,14,1.0,1.0,1.0,1.0,3.0,4.0,-1.0,3.0,4.0,-1.0,0.0,0.0,0.0,0.0,1.0,-1.0,0.0,1.0,-1.0,46.2,23.1,30.8,46.2,15.0,11.0,21.0,7.0,1600.2,1535.4
2023-04-01,2022,Brighton,Brentford,3,3,D,O,1.67,4.08,5.05,15,5,14,0,14,2.0,1.0,1.0,1.0,5.0,3.0,2.0,1.0,2.0,-1.0,4.0,1.0,3.0,1.0,1.0,0.0,0.0,0.0,0.0,53.8,30.8,23.1,30.8,21.0,11.0,18.0,15.0,1579.4,1562.2
2023-04-01,2022,Bournemouth,Fulham,2,1,H,O,2.56,3.34,2.84,7,2,4,3,14,1.0,1.0,1.0,1.0,3.0,3.0,0.0,5.0,3.0,2.0,-2.0,0.0,-2.0,0.0,0.0,0.0,1.0,0.0,1.0,30.8,38.5,38.5,46.2,9.0,11.0,11.0,7.0,1436.3,1493.5
2023-04-01,2022,Arsenal,Leeds,4,1,H,O,1.29,5.84,10.48,6,5,4,3,15,3.0,1.0,0.0,2.0,11.0,4.0,7.0,3.0,4.0,-1.0,8.0,0.0,8.0,2.0,1.0,1.0,0.0,0.0,0.0,78.6,7.1,14.3,64.3,19.0,6.0,27.0,15.0,1717.9,1478.3
2023-03-19,2022,Arsenal,Crystal Palace,4,1,H,O,1.26,5.93,12.83,5,4,5,4,14,2.0,0.0,1.0,2.0,8.0,1.0,7.0,5.0,3.0,2.0,3.0,-2.0,5.0,1.0,0.0,1.0,1.0,0.0,1.0,76.9,7.7,15.4,53.8,15.0,7.0,23.0,14.0,1713.3,1500.8
2023-03-18,2022,Wolves,Leeds,2,4,A,O,2.28,3.23,3.41,8,4,5,4,14,2.0,0.0,1.0,2.0,4.0,2.0,2.0,1.0,4.0,-3.0,3.0,-2.0,5.0,1.0,0.0,1.0,0.0,0.0,0.0,38.5,46.2,7.7,69.2,15.0,4.0,18.0,16.0,1494.9,1467.6
2023-03-18,2022,Southampton,Tottenham,3,3,D,O,4.56,3.68,1.82,7,3,10,3,14,1.0,1.0,2.0,2.0,2.0,2.0,0.0,4.0,5.0,-1.0,-2.0,-3.0,1.0,0.0,0.0,0.0,1.0,1.0,0.0,15.4,61.5,38.5,38.5,8.0,13.0,11.0,21.0,1434.4,1639.9
2023-03-18,2022,Chelsea,Everton,2,2,D,O,1.49,4.18,7.62,7,3,8,2,13,1.0,0.0,1.0,2.0,1.0,2.0,-1.0,1.0,8.0,-7.0,0.0,-6.0,6.0,0.0,0.0,0.0,0.0,2.0,-2.0,50.0,25.0,7.7,53.8,11.0,9.0,19.0,7.0,1603.9,1468.8
2023-03-18,2022,Brentford,Leicester,1,1,D,U,1.95,3.7,3.85,2,1,8,4,14,2.0,1.0,0.0,2.0,7.0,4.0,3.0,3.0,6.0,-3.0,4.0,-2.0,6.0,1.0,1.0,0.0,0.0,1.0,-1.0,53.8,7.7,30.8,69.2,15.0,8.0,8.0,13.0,1564.0,1501.0
2023-03-18,2022,Aston Villa,Bournemouth,3,0,H,O,1.72,3.85,4.99,9,3,9,6,14,1.0,1.0,2.0,2.0,5.0,3.0,2.0,8.0,4.0,4.0,-3.0,-1.0,-2.0,0.0,0.0,0.0,2.0,0.0,2.0,46.2,38.5,15.4,69.2,10.0,7.0,15.0,6.0,1527.8,1443.9
2023-03-17,2022,Nott'm Forest,Newcastle,1,2,A,O,5.58,3.83,1.67,3,4,3,7,14,1.0,0.0,0.0,1.0,4.0,1.0,3.0,3.0,3.0,0.0,1.0,-2.0,3.0,0.0,0.0,0.0,0.0,1.0,-1.0,38.5,23.1,33.3,16.7,7.0,16.0,3.0,25.0,1485.5,1610.5
2023-03-15,2022,Southampton,Brentford,0,2,A,U,2.97,3.31,2.46,1,5,3,3,13,1.0,0.0,2.0,1.0,2.0,1.0,1.0,3.0,2.0,1.0,-1.0,-1.0,0.0,0.0,0.0,0.0,0.0,0.0,0.0,16.7,58.3,16.7,33.3,12.0,6.0,10.0,15.0,1441.2,1557.2
2023-03-15,2022,Brighton,Crystal Palace,1,0,H,U,1.46,4.44,7.58,5,3,1,4,13,2.0,0.0,1.0,2.0,5.0,2.0,3.0,1.0,4.0,-3.0,4.0,-2.0,6.0,1.0,0.0,1.0,0.0,0.0,0.0,50.0,33.3,16.7,50.0,22.0,7.0,24.0,15.0,1571.2,1509.1
2023-03-12,2022,West Ham,Aston Villa,1,1,D,U,2.23,3.37,3.36,6,4,13,2,13,2.0,2.0,0.0,1.0,7.0,4.0,3.0,1.0,3.0,-2.0,6.0,1.0,5.0,2.0,1.0,1.0,0.0,1.0,-1.0,41.7,41.7,33.3,50.0,11.0,12.0,21.0,7.0,1500.1,1528.6
2023-03-12,2022,Newcastle,Wolves,2,1,H,O,1.67,3.81,5.47,8,4,10,3,13,1.0,1.0,1.0,1.0,2.0,3.0,-1.0,3.0,4.0,-1.0,-1.0,-1.0,0.0,0.0,0.0,0.0,1.0,1.0,0.0,50.0,8.3,15.4,53.8,11.0,5.0,20.0,7.0,1603.3,1502.0
2023-03-12,2022,Man United,Southampton,0,0,D,U,1.34,5.26,9.22,4,4,7,8,13,2.0,1.0,0.0,2.0,7.0,1.0,6.0,3.0,4.0,-1.0,4.0,-3.0,7.0,1.0,0.0,1.0,0.0,1.0,-1.0,75.0,8.3,30.8,69.2,20.0,13.0,17.0,8.0,1655.6,1435.5
2023-03-12,2022,Fulham,Arsenal,0,3,A,O,5.74,4.17,1.59,2,7,4,8,14,1.0,2.0,1.0,1.0,3.0,5.0,-2.0,2.0,3.0,-1.0,1.0,2.0,-1.0,1.0,1.0,0.0,0.0,0.0,0.0,46.2,23.1,76.9,15.4,13.0,10.0,12.0,22.0,1498.1,1708.7
2023-03-11,2022,Tottenham,Nott'm Forest,3,1,H,O,1.44,4.62,7.52,7,5,2,10,14,3.0,0.0,0.0,2.0,5.0,1.0,4.0,0.0,7.0,-7.0,5.0,-6.0,11.0,2.0,0.0,2.0,0.0,2.0,-2.0,69.2,30.8,8.3,66.7,12.0,9.0,12.0,13.0,1633.7,1491.6
2023-03-11,2022,Leicester,Chelsea,1,3,A,O,3.83,3.56,2.0,7,6,2,5,13,1.0,0.0,1.0,1.0,6.0,1.0,5.0,4.0,3.0,1.0,2.0,-2.0,4.0,1.0,0.0,1.0,0.0,1.0,-1.0,25.0,50.0,23.1,46.2,9.0,8.0,6.0,15.0,1508.5,1596.4
2023-03-11,2022,Leeds,Brighton,2,2,D,O,3.84,3.67,1.97,4,2,4,7,13,1.0,1.0,1.0,0.0,1.0,7.0,-6.0,2.0,4.0,-2.0,-1.0,3.0,-4.0,0.0,1.0,-1.0,1.0,0.0,1.0,33.3,33.3,45.5,27.3,15.0,19.0,18.0,14.0,1464.5,1574.2
2023-03-11,2022,Everton,Brentford,1,0,H,U,2.71,3.2,2.76,6,4,5,8,14,2.0,1.0,1.0,0.0,2.0,3.0,-1.0,2.0,1.0,1.0,0.0,2.0,-2.0,0.0,1.0,-1.0,1.0,0.0,1.0,30.8,53.8,18.2,27.3,15.0,8.0,18.0,8.0,1455.6,1570.4
2023-03-11,2022,Crystal Palace,Man City,0,1,A,U,9.05,5.12,1.36,0,4,2,6,14,0.0,2.0,0.0,0.0,1.0,8.0,-7.0,1.0,3.0,-2.0,0.0,5.0,-5.0,0.0,2.0,-2.0,0.0,0.0,0.0,30.8,30.8,53.8,23.1,2.0,17.0,9.0,19.0,1512.5,1786.8
2023-03-11,2022,Bournemouth,Liverpool,1,0,H,U,7.07,4.95,1.43,2,6,3,8,13,0.0,1.0,1.0,1.0,3.0,2.0,1.0,6.0,3.0,3.0,-3.0,-1.0,-2.0,0.0,1.0,-1.0,1.0,1.0,0.0,25.0,41.7,25.0,50.0,11.0,15.0,12.0,17.0,1427.1,1716.3
2023-03-06,2022,Brentford,Fulham,3,2,H,O,2.0,3.65,3.71,6,5,2,3,13,2.0,1.0,0.0,1.0,6.0,1.0,5.0,1.0,1.0,0.0,5.0,0.0,5.0,2.0,0.0,2.0,0.0,0.0,0.0,50.0,8.3,41.7,41.7,13.0,6.0,11.0,9.0,1562.0,1506.5
2023-03-05,2022,Nott'm Forest,Everton,2,2,D,O,2.68,3.08,2.92,4,3,3,3,13,2.0,0.0,0.0,3.0,4.0,0.0,4.0,1.0,8.0,-7.0,3.0,-8.0,11.0,1.0,0.0,1.0,0.0,3.0,-3.0,41.7,25.0,8.3,58.3,8.0,8.0,3.0,13.0,1492.7,1454.5
2023-03-05,2022,Liverpool,Man United,7,0,H,O,2.4,3.68,2.85,8,4,4,3,13,2.0,1.0,0.0,1.0,4.0,5.0,-1.0,0.0,4.0,-4.0,4.0,1.0,3.0,2.0,1.0,1.0,0.0,0.0,0.0,66.7,8.3,50.0,33.3,15.0,13.0,13.0,10.0,1707.5,1664.4
2023-03-04,2022,Wolves,Tottenham,1,0,H,U,3.31,3.36,2.27,5,6,4,8,13,2.0,1.0,1.0,2.0,4.0,4.0,0.0,1.0,8.0,-7.0,3.0,-4.0,7.0,1.0,0.0,1.0,0.0,2.0,-2.0,33.3,50.0,41.7,33.3,14.0,10.0,18.0,16.0,1487.7,1648.0
2023-03-04,2022,Southampton,Leicester,1,0,H,U,2.77,3.31,2.64,5,0,3,4,12,0.0,1.0,3.0,2.0,1.0,4.0,-3.0,4.0,7.0,-3.0,-3.0,-3.0,0.0,0.0,1.0,-1.0,0.0,2.0,-2.0,9.1,63.6,33.3,66.7,7.0,9.0,13.0,14.0,1422.8,1521.2
2023-03-04,2022,Man City,Newcastle,2,0,H,U,1.48,4.59,6.76,3,2,8,4,13,3.0,0.0,0.0,0.0,10.0,1.0,9.0,3.0,1.0,2.0,7.0,0.0,7.0,3.0,0.0,3.0,0.0,0.0,0.0,83.3,8.3,36.4,9.1,22.0,15.0,21.0,26.0,1781.4,1608.7
2023-03-04,2022,Chelsea,Leeds,1,0,H,U,1.64,4.02,5.52,3,2,5,7,12,1.0,0.0,1.0,2.0,1.0,2.0,-1.0,1.0,4.0,-3.0,0.0,-2.0,2.0,0.0,0.0,0.0,0.0,0.0,0.0,45.5,27.3,8.3,66.7,13.0,6.0,25.0,11.0,1589.6,1471.2
2023-03-04,2022,Brighton,West Ham,4,0,H,O,1.79,3.8,4.61,9,2,7,3,12,2.0,0.0,1.0,2.0,4.0,1.0,3.0,1.0,4.0,-3.0,3.0,-3.0,6.0,1.0,0.0,1.0,0.0,1.0,-1.0,45.5,36.4,8.3,66.7,22.0,6.0,24.0,12.0,1565.8,1508.5
2023-03-04,2022,Aston Villa,Crystal Palace,1,0,H,U,2.07,3.32,3.88,1,0,2,4,13,1.0,0.0,2.0,2.0,6.0,2.0,4.0,9.0,4.0,5.0,-3.0,-2.0,-1.0,0.0,0.0,0.0,2.0,0.0,2.0,41.7,41.7,18.2,45.5,14.0,12.0,13.0,18.0,1518.5,1522.6
2023-03-04,2022,Arsenal,Bournemouth,3,2,H,O,1.22,6.82,13.83,9,4,17,1,13,1.0,1.0,1.0,2.0,6.0,1.0,5.0,4.0,3.0,1.0,2.0,-2.0,4.0,1.0,0.0,1.0,1.0,1.0,0.0,75.0,8.3,16.7,66.7,13.0,5.0,13.0,8.0,1705.3,1430.5
2023-03-01,2022,Liverpool,Wolves,2,0,H,U,1.49,4.59,6.6,6,1,5,2,12,2.0,1.0,0.0,1.0,4.0,3.0,1.0,1.0,5.0,-4.0,3.0,-2.0,5.0,1.0,0.0,1.0,0.0,1.0,-1.0,63.6,9.1,16.7,50.0,14.0,5.0,12.0,12.0,1702.9,1492.3
2023-03-01,2022,Arsenal,Everton,4,0,H,O,1.36,5.04,9.33,5,5,5,1,12,1.0,0.0,1.0,2.0,5.0,1.0,4.0,6.0,5.0,1.0,-1.0,-4.0,3.0,0.0,0.0,0.0,1.0,2.0,-1.0,72.7,9.1,9.1,54.5,13.0,4.0,20.0,13.0,1701.4,1458.5
2023-02-26,2022,Tottenham,Chelsea,2,0,H,U,2.54,3.33,2.91,3,2,4,4,13,2.0,0.0,1.0,1.0,3.0,2.0,1.0,2.0,3.0,-1.0,1.0,-1.0,2.0,1.0,0.0,1.0,1.0,0.0,1.0,66.7,33.3,25.0,41.7,16.0,16.0,12.0,18.0,1639.2,1598.5
2023-02-25,2022,West Ham,Nott'm Forest,4,0,H,O,1.78,3.61,4.97,5,3,12,3,12,1.0,1.0,1.0,1.0,3.0,2.0,1.0,3.0,3.0,0.0,0.0,-1.0,1.0,1.0,0.0,1.0,1.0,1.0,0.0,36.4,45.5,9.1,63.6,11.0,7.0,17.0,12.0,1498.4,1502.8
2023-02-25,2022,Leicester,Arsenal,0,1,A,U,4.73,4.09,1.71,0,2,0,8,12,1.0,2.0,1.0,1.0,6.0,6.0,0.0,4.0,3.0,1.0,2.0,3.0,-1.0,1.0,2.0,-1.0,0.0,0.0,0.0,27.3,45.5,75.0,16.7,15.0,13.0,12.0,17.0,1526.7,1695.9
2023-02-25,2022,Leeds,Southampton,1,0,H,U,1.99,3.57,3.89,4,2,9,2,12,0.0,2.0,1.0,1.0,2.0,3.0,-1.0,4.0,4.0,0.0,-2.0,-1.0,-1.0,0.0,0.0,0.0,1.0,1.0,0.0,27.3,36.4,33.3,66.7,17.0,16.0,17.0,10.0,1462.1,1431.9
2023-02-25,2022,Everton,Aston Villa,0,2,A,U,2.54,3.21,2.98,5,5,5,1,13,2.0,2.0,1.0,1.0,3.0,4.0,-1.0,2.0,3.0,-1.0,1.0,1.0,0.0,0.0,1.0,-1.0,0.0,1.0,-1.0,33.3,50.0,27.3,54.5,14.0,11.0,19.0,9.0,1467.3,1509.7
2023-02-25,2022,Crystal Palace,Liverpool,0,0,D,U,4.7,3.93,1.74,0,4,5,3,13,0.0,1.0,0.0,2.0,2.0,2.0,0.0,2.0,6.0,-4.0,0.0,-4.0,4.0,0.0,1.0,-1.0,0.0,2.0,-2.0,33.3,33.3,27.3,54.5,7.0,13.0,7.0,15.0,1517.6,1707.9
2023-02-25,2022,Bournemouth,Man City,1,4,A,O,10.21,5.81,1.3,2,5,4,6,12,0.0,1.0,1.0,1.0,2.0,4.0,-2.0,4.0,3.0,1.0,-2.0,1.0,-3.0,0.0,1.0,-1.0,1.0,0.0,1.0,27.3,36.4,50.0,25.0,11.0,17.0,10.0,19.0,1432.9,1779.0
2023-02-24,2022,Fulham,Wolves,1,1,D,U,2.54,3.22,3.0,5,2,4,3,13,2.0,1.0,1.0,1.0,4.0,3.0,1.0,2.0,5.0,-3.0,2.0,-2.0,4.0,1.0,0.0,1.0,0.0,1.0,-1.0,50.0,25.0,18.2,54.5,11.0,6.0,13.0,17.0,1507.0,1491.9
2023-02-19,2022,Tottenham,West Ham,2,0,H,U,1.83,3.76,4.39,6,1,4,7,12,1.0,0.0,2.0,1.0,1.0,3.0,-2.0,4.0,4.0,0.0,-3.0,-1.0,-2.0,0.0,0.0,0.0,2.0,0.0,2.0,63.6,36.4,9.1,63.6,12.0,7.0,13.0,6.0,1632.7,1504.9
2023-02-19,2022,Man United,Leicester,3,0,H,O,1.62,4.32,5.22,8,3,6,6,12,2.0,1.0,0.0,2.0,6.0,5.0,1.0,4.0,6.0,-2.0,2.0,-1.0,3.0,0.0,1.0,-1.0,0.0,1.0,-1.0,72.7,9.1,36.4,63.6,16.0,8.0,12.0,13.0,1657.8,1533.3
2023-02-18,2022,Wolves,Bournemouth,0,1,A,U,1.68,3.81,5.53,4,1,12,2,12,2.0,0.0,1.0,3.0,4.0,0.0,4.0,1.0,6.0,-5.0,3.0,-6.0,9.0,1.0,0.0,1.0,0.0,2.0,-2.0,36.4,45.5,9.1,72.7,13.0,8.0,13.0,11.0,1504.2,1420.5
2023-02-18,2022,Nott'm Forest,Man City,1,1,D,U,10.01,5.62,1.31,1,6,0,10,12,2.0,1.0,0.0,2.0,4.0,4.0,0.0,1.0,4.0,-3.0,3.0,0.0,3.0,1.0,1.0,0.0,0.0,0.0,0.0,45.5,27.3,54.5,27.3,12.0,12.0,4.0,11.0,1496.0,1785.8
2023-02-18,2022,Newcastle,Liverpool,0,2,A,U,2.57,3.51,2.75,4,7,6,7,12,1.0,0.0,0.0,3.0,2.0,1.0,1.0,1.0,9.0,-8.0,1.0,-8.0,9.0,0.0,0.0,0.0,0.0,3.0,-3.0,54.5,0.0,20.0,60.0,12.0,12.0,23.0,17.0,1616.4,1700.3
2023-02-18,2022,Everton,Leeds,1,0,H,U,2.48,3.31,2.99,6,0,6,4,12,1.0,0.0,2.0,2.0,3.0,3.0,0.0,6.0,5.0,1.0,-3.0,-2.0,-1.0,0.0,0.0,0.0,1.0,0.0,1.0,27.3,54.5,9.1,63.6,12.0,10.0,18.0,18.0,1456.8,1472.5
2023-02-18,2022,Chelsea,Southampton,0,1,A,U,1.38,4.76,9.42,5,5,8,2,11,1.0,1.0,1.0,2.0,1.0,3.0,-2.0,1.0,6.0,-5.0,0.0,-3.0,3.0,0.0,0.0,0.0,0.0,1.0,-1.0,50.0,20.0,27.3,72.7,10.0,14.0,20.0,12.0,1613.6,1416.8
2023-02-18,2022,Brighton,Fulham,0,1,A,U,1.67,4.06,5.15,7,2,10,2,11,2.0,1.0,1.0,1.0,6.0,1.0,5.0,4.0,1.0,3.0,2.0,0.0,2.0,1.0,0.0,1.0,1.0,0.0,1.0,50.0,30.0,36.4,45.5,20.0,6.0,21.0,10.0,1578.2,1494.6
2023-02-18,2022,Brentford,Crystal Palace,1,1,D,U,1.86,3.54,4.59,5,4,2,6,12,3.0,1.0,0.0,2.0,8.0,3.0,5.0,1.0,3.0,-2.0,7.0,0.0,7.0,3.0,1.0,2.0,0.0,0.0,0.0,54.5,9.1,20.0,50.0,15.0,14.0,13.0,19.0,1563.3,1516.3
2023-02-18,2022,Aston Villa,Arsenal,2,4,A,O,4.43,3.71,1.84,5,5,2,9,12,1.0,2.0,1.0,1.0,5.0,6.0,-1.0,6.0,3.0,3.0,-1.0,3.0,-4.0,0.0,2.0,-2.0,1.0,0.0,1.0,45.5,36.4,72.7,18.2,13.0,15.0,18.0,12.0,1515.0,1690.6
2023-02-15,2022,Arsenal,Man City,1,3,A,O,2.93,3.51,2.42,1,6,1,3,11,1.0,1.0,0.0,2.0,4.0,2.0,2.0,3.0,3.0,0.0,1.0,-1.0,2.0,0.0,0.0,0.0,0.0,0.0,0.0,80.0,0.0,50.0,30.0,16.0,9.0,24.0,10.0,1698.3,1778.1
2023-02-13,2022,Liverpool,Everton,2,0,H,U,1.53,4.38,6.23,6,1,3,3,11,2.0,0.0,0.0,2.0,5.0,1.0,4.0,2.0,6.0,-4.0,3.0,-5.0,8.0,1.0,0.0,1.0,0.0,2.0,-2.0,60.0,10.0,10.0,50.0,15.0,6.0,15.0,15.0,1696.2,1461.0
2023-02-12,2022,Man City,Aston Villa,3,1,H,O,1.25,6.59,11.89,9,2,8,4,12,2.0,3.0,0.0,0.0,8.0,5.0,3.0,3.0,1.0,2.0,5.0,4.0,1.0,2.0,1.0,1.0,0.0,0.0,0.0,81.8,9.1,30.0,50.0,16.0,11.0,20.0,9.0,1774.4,1518.8
2023-02-12,2022,Leeds,Man United,0,2,A,U,3.86,3.85,1.92,6,5,7,3,11,0.0,1.0,1.0,1.0,3.0,4.0,-1.0,5.0,4.0,1.0,-2.0,0.0,-2.0,0.0,0.0,0.0,1.0,0.0,1.0,30.0,30.0,45.5,36.4,12.0,14.0,13.0,12.0,1477.9,1652.5
2023-02-11,2022,West Ham,Chelsea,1,1,D,U,3.4,3.29,2.27,2,4,5,6,11,1.0,0.0,2.0,1.0,2.0,2.0,0.0,4.0,3.0,1.0,-2.0,-1.0,-1.0,1.0,0.0,1.0,2.0,0.0,2.0,40.0,50.0,27.3,45.5,15.0,14.0,19.0,14.0,1501.7,1616.8
2023-02-11,2022,Southampton,Wolves,1,2,A,O,3.03,3.18,2.54,2,2,5,2,11,0.0,1.0,3.0,1.0,1.0,3.0,-2.0,5.0,5.0,0.0,-4.0,-2.0,-2.0,0.0,0.0,0.0,1.0,1.0,0.0,10.0,60.0,10.0,60.0,9.0,8.0,12.0,17.0,1424.8,1496.2
2023-02-11,2022,Leicester,Tottenham,4,1,H,O,3.39,3.64,2.13,7,4,1,5,11,0.0,2.0,2.0,1.0,2.0,7.0,-5.0,6.0,4.0,2.0,-4.0,3.0,-7.0,0.0,1.0,-1.0,1.0,1.0,0.0,20.0,50.0,45.5,27.3,10.0,12.0,16.0,15.0,1519.8,1646.2
2023-02-11,2022,Fulham,Nott'm Forest,2,0,H,U,1.93,3.56,4.22,3,1,5,4,12,2.0,1.0,1.0,1.0,4.0,2.0,2.0,3.0,4.0,-1.0,1.0,-2.0,3.0,0.0,0.0,0.0,0.0,1.0,-1.0,45.5,27.3,10.0,60.0,10.0,9.0,12.0,17.0,1483.9,1506.7
2023-02-11,2022,Crystal Palace,Brighton,1,1,D,U,3.81,3.51,2.04,1,7,1,6,12,0.0,2.0,1.0,0.0,1.0,9.0,-8.0,5.0,4.0,1.0,-4.0,5.0,-9.0,0.0,2.0,-2.0,1.0,0.0,1.0,36.4,36.4,50.0,30.0,10.0,16.0,16.0,10.0,1514.4,1580.1
2023-02-11,2022,Bournemouth,Newcastle,1,1,D,U,6.39,4.06,1.57,5,7,4,6,11,1.0,1.0,1.0,0.0,4.0,3.0,1.0,3.0,0.0,3.0,1.0,3.0,-2.0,1.0,1.0,0.0,1.0,0.0,1.0,30.0,40.0,40.0,10.0,15.0,13.0,9.0,25.0,1415.2,1621.7
2023-02-11,2022,Arsenal,Brentford,1,1,D,U,1.45,4.72,7.52,7,2,7,4,10,2.0,2.0,0.0,0.0,6.0,4.0,2.0,3.0,1.0,2.0,3.0,3.0,0.0,1.0,1.0,0.0,0.0,0.0,0.0,88.9,0.0,20.0,30.0,14.0,14.0,24.0,6.0,1702.2,1559.4
2023-02-08,2022,Man United,Leeds,2,2,D,O,1.47,4.83,6.54,7,2,6,5,11,3.0,0.0,0.0,2.0,7.0,1.0,6.0,2.0,3.0,-1.0,5.0,-2.0,7.0,1.0,0.0,1.0,0.0,0.0,0.0,80.0,10.0,10.0,70.0,15.0,9.0,12.0,16.0,1657.3,1473.0
2023-02-05,2022,Tottenham,Man City,1,0,H,U,4.43,4.16,1.75,3,5,4,6,11,1.0,2.0,2.0,1.0,4.0,5.0,-1.0,7.0,3.0,4.0,-3.0,2.0,-5.0,0.0,1.0,-1.0,2.0,0.0,2.0,60.0,40.0,55.6,22.2,17.0,13.0,18.0,9.0,1632.0,1788.6
2023-02-05,2022,Nott'm Forest,Leeds,1,0,H,U,2.64,3.43,2.71,2,4,0,2,11,2.0,0.0,0.0,2.0,4.0,4.0,0.0,1.0,6.0,-5.0,3.0,-2.0,5.0,1.0,0.0,1.0,0.0,0.0,0.0,40.0,30.0,11.1,66.7,12.0,10.0,5.0,16.0,1497.1,1482.6
2023-02-04,2022,Wolves,Liverpool,3,0,H,O,4.02,3.85,1.88,6,4,2,7,11,1.0,1.0,2.0,2.0,1.0,4.0,-3.0,3.0,7.0,-4.0,-2.0,-3.0,1.0,0.0,1.0,-1.0,1.0,2.0,-1.0,30.0,50.0,22.2,55.6,9.0,17.0,17.0,16.0,1480.4,1712.0
2023-02-04,2022,Newcastle,West Ham,1,1,D,U,1.62,3.92,6.03,2,1,4,2,11,2.0,0.0,0.0,2.0,2.0,3.0,-1.0,0.0,6.0,-6.0,2.0,-3.0,5.0,0.0,0.0,0.0,0.0,1.0,-1.0,60.0,0.0,10.0,70.0,13.0,10.0,24.0,9.0,1625.2,1498.2
2023-02-04,2022,Man United,Crystal Palace,2,1,H,O,1.4,4.83,8.33,5,3,5,5,10,3.0,1.0,0.0,2.0,8.0,2.0,6.0,1.0,2.0,-1.0,7.0,0.0,7.0,2.0,1.0,1.0,0.0,0.0,0.0,77.8,11.1,22.2,44.4,18.0,11.0,16.0,19.0,1650.9,1520.8
2023-02-04,2022,Everton,Arsenal,1,0,H,U,8.22,4.75,1.41,4,3,7,5,11,0.0,3.0,3.0,0.0,3.0,8.0,-5.0,8.0,2.0,6.0,-5.0,6.0,-11.0,0.0,3.0,-3.0,1.0,0.0,1.0,20.0,60.0,80.0,10.0,14.0,16.0,13.0,11.0,1444.4,1718.8
2023-02-04,2022,Brighton,Bournemouth,1,0,H,U,1.35,5.22,9.18,6,2,7,3,10,1.0,0.0,2.0,3.0,6.0,0.0,6.0,6.0,7.0,-1.0,0.0,-7.0,7.0,1.0,0.0,1.0,1.0,3.0,-2.0,44.4,33.3,10.0,70.0,16.0,10.0,25.0,16.0,1574.2,1421.1
2023-02-04,2022,Brentford,Southampton,3,0,H,O,1.89,3.64,4.21,4,6,4,4,11,2.0,1.0,0.0,2.0,7.0,4.0,3.0,3.0,6.0,-3.0,4.0,-2.0,6.0,2.0,0.0,2.0,0.0,1.0,-1.0,50.0,10.0,30.0,70.0,16.0,13.0,15.0,8.0,1552.8,1431.4
2023-02-04,2022,Aston Villa,Leicester,2,4,A,O,1.99,3.64,3.83,4,5,11,3,11,1.0,1.0,1.0,2.0,4.0,3.0,1.0,5.0,4.0,1.0,-1.0,-1.0,0.0,0.0,1.0,-1.0,1.0,1.0,0.0,50.0,30.0,30.0,70.0,15.0,9.0,7.0,12.0,1529.4,1509.2
2023-02-03,2022,Chelsea,Fulham,0,0,D,U,1.64,4.05,5.55,3,4,6,2,10,2.0,2.0,1.0,1.0,3.0,4.0,-1.0,1.0,1.0,0.0,2.0,3.0,-1.0,1.0,1.0,0.0,0.0,0.0,0.0,55.6,22.2,40.0,50.0,12.0,13.0,20.0,16.0,1620.6,1480.1
2023-01-23,2022,Fulham,Tottenham,0,1,A,U,3.25,3.75,2.13,5,3,3,8,11,2.0,1.0,1.0,1.0,5.0,8.0,-3.0,4.0,6.0,-2.0,1.0,2.0,-1.0,0.0,1.0,-1.0,0.0,1.0,-1.0,50.0,20.0,40.0,30.0,12.0,17.0,19.0,12.0,1486.3,1625.8
2023-01-22,2022,Man City,Wolves,3,0,H,O,1.2,7.38,14.81,7,1,5,7,11,1.0,1.0,1.0,0.0,6.0,4.0,2.0,5.0,3.0,2.0,1.0,1.0,0.0,1.0,0.0,1.0,0.0,0.0,0.0,80.0,10.0,11.1,55.6,15.0,11.0,25.0,16.0,1785.6,1483.4
2023-01-22,2022,Leeds,Brentford,0,0,D,U,2.38,3.67,2.89,5,0,2,3,10,1.0,2.0,1.0,0.0,7.0,6.0,1.0,8.0,3.0,5.0,-1.0,3.0,-4.0,0.0,1.0,-1.0,1.0,0.0,1.0,33.3,33.3,22.2,33.3,11.0,16.0,24.0,6.0,1480.5,1554.9
2023-01-22,2022,Arsenal,Man United,3,2,H,O,1.86,3.86,4.08,5,4,12,4,9,2.0,2.0,0.0,0.0,8.0,4.0,4.0,1.0,2.0,-1.0,7.0,2.0,5.0,2.0,0.0,2.0,0.0,0.0,0.0,87.5,0.0,50.0,30.0,19.0,19.0,21.0,11.0,1710.2,1659.5
2023-01-21,2022,West Ham,Everton,2,0,H,U,1.8,3.68,4.76,4,2,4,9,10,0.0,0.0,3.0,1.0,1.0,1.0,0.0,6.0,4.0,2.0,-5.0,-3.0,-2.0,0.0,0.0,0.0,2.0,1.0,1.0,33.3,55.6,11.1,44.4,13.0,8.0,17.0,10.0,1489.2,1453.3
2023-01-21,2022,Southampton,Aston Villa,0,1,A,U,2.88,3.38,2.53,5,5,2,2,10,0.0,2.0,3.0,1.0,2.0,4.0,-2.0,8.0,5.0,3.0,-6.0,-1.0,-5.0,0.0,1.0,-1.0,2.0,1.0,1.0,11.1,55.6,22.2,55.6,9.0,6.0,18.0,7.0,1439.1,1521.7
2023-01-21,2022,Liverpool,Chelsea,0,0,D,U,1.89,3.82,4.08,3,2,5,5,10,2.0,0.0,1.0,2.0,6.0,2.0,4.0,4.0,4.0,0.0,2.0,-2.0,4.0,1.0,0.0,1.0,0.0,0.0,0.0,66.7,11.1,30.0,50.0,22.0,14.0,24.0,12.0,1714.7,1617.9
2023-01-21,2022,Leicester,Brighton,2,2,D,O,3.51,3.65,2.08,2,4,5,6,10,0.0,3.0,3.0,0.0,0.0,10.0,-10.0,5.0,4.0,1.0,-5.0,6.0,-11.0,0.0,2.0,-2.0,1.0,0.0,1.0,22.2,55.6,55.6,33.3,13.0,20.0,14.0,13.0,1507.3,1576.2
2023-01-21,2022,Crystal Palace,Newcastle,0,0,D,U,4.4,3.58,1.88,1,7,3,15,11,0.0,2.0,2.0,0.0,1.0,7.0,-6.0,8.0,1.0,7.0,-7.0,6.0,-13.0,0.0,2.0,-2.0,2.0,0.0,2.0,40.0,40.0,44.4,11.1,9.0,10.0,14.0,12.0,1517.7,1628.3
2023-01-21,2022,Bournemouth,Nott'm Forest,1,1,D,U,2.76,3.18,2.76,4,5,4,6,10,1.0,1.0,2.0,2.0,5.0,1.0,4.0,5.0,8.0,-3.0,0.0,-7.0,7.0,1.0,0.0,1.0,1.0,2.0,-1.0,33.3,44.4,11.1,66.7,15.0,6.0,7.0,15.0,1418.8,1499.4
2023-01-19,2022,Man City,Tottenham,4,2,H,O,1.37,5.41,8.06,6,3,8,3,10,1.0,2.0,1.0,0.0,4.0,9.0,-5.0,4.0,4.0,0.0,0.0,5.0,-5.0,0.0,1.0,-1.0,0.0,0.0,0.0,77.8,11.1,44.4,22.2,14.0,21.0,26.0,28.0,1779.6,1631.8
2023-01-18,2022,Crystal Palace,Man United,1,1,D,U,4.56,3.78,1.8,5,4,3,3,10,1.0,2.0,2.0,1.0,1.0,4.0,-3.0,7.0,4.0,3.0,-6.0,0.0,-6.0,0.0,0.0,0.0,2.0,1.0,1.0,44.4,44.4,55.6,33.3,7.0,18.0,19.0,13.0,1513.7,1663.5
2023-01-15,2022,Tottenham,Arsenal,0,2,A,U,3.24,3.63,2.18,7,5,4,3,10,1.0,3.0,2.0,0.0,5.0,7.0,-2.0,7.0,2.0,5.0,-2.0,5.0,-7.0,0.0,2.0,-2.0,1.0,0.0,1.0,66.7,33.3,77.8,11.1,15.0,13.0,19.0,14.0,1640.0,1702.0
2023-01-15,2022,Newcastle,Fulham,1,0,H,U,1.52,4.42,6.32,5,0,10,5,10,2.0,2.0,0.0,1.0,5.0,5.0,0.0,0.0,2.0,-2.0,5.0,3.0,2.0,1.0,1.0,0.0,0.0,0.0,0.0,55.6,0.0,44.4,44.4,15.0,15.0,17.0,11.0,1621.8,1492.7
2023-01-15,2022,Chelsea,Crystal Palace,1,0,H,U,1.66,3.93,5.47,5,5,11,7,9,1.0,2.0,2.0,1.0,2.0,4.0,-2.0,2.0,2.0,0.0,0.0,2.0,-2.0,1.0,1.0,0.0,0.0,0.0,0.0,50.0,25.0,25.0,37.5,8.0,12.0,13.0,17.0,1610.4,1521.2
2023-01-14,2022,Wolves,West Ham,1,0,H,U,2.7,3.27,2.75,4,4,4,3,10,0.0,0.0,3.0,2.0,2.0,3.0,-1.0,6.0,6.0,0.0,-4.0,-3.0,-1.0,0.0,0.0,0.0,1.0,1.0,0.0,22.2,55.6,11.1,66.7,10.0,11.0,17.0,16.0,1472.6,1500.0
2023-01-14,2022,Nott'm Forest,Leicester,2,0,H,U,2.72,3.4,2.65,5,1,3,5,10,1.0,2.0,0.0,1.0,4.0,5.0,-1.0,3.0,2.0,1.0,1.0,3.0,-2.0,0.0,2.0,-2.0,0.0,0.0,0.0,33.3,33.3,33.3,66.7,14.0,16.0,5.0,10.0,1488.5,1518.1
2023-01-14,2022,Man United,Man City,2,1,H,O,4.21,3.9,1.84,4,1,1,2,9,3.0,3.0,0.0,0.0,7.0,5.0,2.0,0.0,1.0,-1.0,7.0,4.0,3.0,2.0,1.0,1.0,0.0,0.0,0.0,75.0,12.5,62.5,12.5,17.0,17.0,20.0,17.0,1649.6,1793.5
2023-01-14,2022,Everton,Southampton,1,2,A,O,2.25,3.39,3.32,4,5,6,4,10,0.0,0.0,3.0,3.0,2.0,2.0,0.0,8.0,6.0,2.0,-6.0,-4.0,-2.0,0.0,0.0,0.0,2.0,1.0,1.0,22.2,55.6,22.2,77.8,12.0,12.0,15.0,8.0,1464.4,1428.0
2023-01-14,2022,Brighton,Liverpool,3,0,H,O,3.31,3.76,2.12,9,2,7,1,9,1.0,2.0,2.0,1.0,7.0,6.0,1.0,7.0,5.0,2.0,0.0,1.0,-1.0,1.0,1.0,0.0,1.0,1.0,0.0,37.5,37.5,25.0,50.0,16.0,21.0,26.0,18.0,1561.7,1729.2
2023-01-14,2022,Brentford,Bournemouth,2,0,H,U,1.66,4.09,5.2,4,2,5,3,10,1.0,0.0,0.0,3.0,6.0,3.0,3.0,4.0,9.0,-5.0,2.0,-6.0,8.0,1.0,0.0,1.0,0.0,2.0,-2.0,44.4,11.1,11.1,66.7,15.0,14.0,13.0,16.0,1548.3,1425.4
2023-01-13,2022,Aston Villa,Leeds,2,1,H,O,1.94,3.63,4.02,5,4,0,11,10,1.0,1.0,1.0,1.0,5.0,5.0,0.0,5.0,5.0,0.0,0.0,0.0,0.0,1.0,0.0,1.0,1.0,0.0,1.0,44.4,33.3,12.5,62.5,14.0,12.0,10.0,10.0,1512.3,1489.9
2023-01-12,2022,Fulham,Chelsea,2,1,H,O,3.36,3.54,2.18,3,10,5,7,10,1.0,0.0,1.0,2.0,3.0,2.0,1.0,3.0,6.0,-3.0,0.0,-4.0,4.0,0.0,0.0,0.0,0.0,1.0,-1.0,44.4,22.2,33.3,44.4,15.0,11.0,27.0,12.0,1478.8,1624.4
2023-01-05,2022,Chelsea,Man City,0,1,A,U,5.17,4.03,1.66,2,3,3,2,8,1.0,2.0,1.0,1.0,3.0,4.0,-1.0,2.0,2.0,0.0,1.0,2.0,-1.0,1.0,1.0,0.0,0.0,0.0,0.0,57.1,14.3,57.1,14.3,8.0,20.0,16.0,21.0,1630.2,1787.8
2023-01-04,2022,Southampton,Nott'm Forest,0,1,A,U,2.03,3.46,3.82,0,1,6,2,9,0.0,0.0,2.0,2.0,3.0,0.0,3.0,8.0,8.0,0.0,-5.0,-8.0,3.0,0.0,0.0,0.0,2.0,2.0,0.0,12.5,50.0,0.0,75.0,12.0,5.0,21.0,14.0,1436.8,1479.7
2023-01-04,2022,Leeds,West Ham,2,2,D,O,2.62,3.52,2.65,6,2,8,1,9,1.0,0.0,2.0,3.0,7.0,1.0,6.0,9.0,5.0,4.0,-2.0,-4.0,2.0,0.0,0.0,0.0,1.0,1.0,0.0,37.5,37.5,12.5,75.0,10.0,12.0,19.0,18.0,1489.6,1500.3
2023-01-04,2022,Crystal Palace,Tottenham,0,4,A,O,3.34,3.48,2.19,4,6,10,4,9,2.0,1.0,1.0,1.0,3.0,5.0,-2.0,4.0,6.0,-2.0,-1.0,-1.0,0.0,0.0,0.0,0.0,1.0,1.0,0.0,50.0,37.5,37.5,25.0,7.0,17.0,13.0,27.0,1528.2,1633.0
2023-01-04,2022,Aston Villa,Wolves,1,1,D,U,1.99,3.57,3.86,4,3,7,8,9,2.0,1.0,1.0,1.0,8.0,4.0,4.0,4.0,4.0,0.0,4.0,0.0,4.0,2.0,0.0,2.0,1.0,0.0,1.0,50.0,37.5,12.5,62.5,21.0,12.0,10.0,11.0,1513.5,1471.4
2023-01-03,2022,Man United,Bournemouth,3,0,H,O,1.29,5.94,10.56,6,4,6,5,8,3.0,0.0,0.0,3.0,6.0,3.0,3.0,0.0,8.0,-8.0,6.0,-5.0,11.0,2.0,0.0,2.0,0.0,2.0,-2.0,71.4,14.3,12.5,62.5,21.0,13.0,22.0,11.0,1645.1,1429.9
2023-01-03,2022,Leicester,Fulham,0,1,A,U,2.23,3.63,3.16,6,2,6,3,9,1.0,2.0,2.0,1.0,2.0,7.0,-5.0,4.0,4.0,0.0,-2.0,3.0,-5.0,1.0,1.0,0.0,1.0,0.0,1.0,25.0,50.0,37.5,50.0,8.0,18.0,10.0,14.0,1529.9,1467.0
2023-01-03,2022,Everton,Brighton,1,4,A,O,3.56,3.46,2.13,4,8,5,2,9,1.0,2.0,2.0,1.0,4.0,7.0,-3.0,4.0,6.0,-2.0,0.0,1.0,-1.0,1.0,1.0,0.0,1.0,1.0,0.0,25.0,50.0,50.0,37.5,14.0,14.0,13.0,14.0,1472.1,1554.0
2023-01-03,2022,Arsenal,Newcastle,0,0,D,U,1.82,3.83,4.39,4,1,5,5,8,3.0,3.0,0.0,0.0,11.0,9.0,2.0,3.0,2.0,1.0,8.0,7.0,1.0,2.0,2.0,0.0,0.0,0.0,0.0,100.0,0.0,50.0,12.5,22.0,14.0,20.0,14.0,1704.4,1619.4
2023-01-02,2022,Brentford,Liverpool,3,1,H,O,5.65,4.52,1.56,7,6,4,9,9,0.0,2.0,0.0,1.0,3.0,5.0,-2.0,3.0,3.0,0.0,0.0,2.0,-2.0,0.0,1.0,-1.0,0.0,0.0,0.0,37.5,12.5,28.6,42.9,13.0,22.0,15.0,20.0,1532.8,1744.6
2023-01-01,2022,Tottenham,Aston Villa,0,2,A,U,1.68,4.06,4.94,2,4,5,3,9,1.0,1.0,2.0,2.0,6.0,2.0,4.0,7.0,8.0,-1.0,-1.0,-6.0,5.0,0.0,0.0,0.0,0.0,2.0,-2.0,75.0,25.0,12.5,62.5,18.0,8.0,20.0,11.0,1647.0,1499.5
2023-01-01,2022,Nott'm Forest,Chelsea,1,1,D,U,5.21,3.88,1.69,5,2,1,2,9,2.0,0.0,0.0,2.0,4.0,1.0,3.0,2.0,5.0,-3.0,2.0,-4.0,6.0,0.0,0.0,0.0,0.0,1.0,-1.0,37.5,37.5,37.5,50.0,16.0,14.0,6.0,12.0,1475.5,1634.4
2022-12-31,2022,Wolves,Man United,0,1,A,U,4.09,3.64,1.92,3,6,7,5,9,0.0,1.0,3.0,1.0,2.0,4.0,-2.0,9.0,5.0,4.0,-7.0,-1.0,-6.0,0.0,0.0,0.0,2.0,1.0,1.0,25.0,50.0,50.0,37.5,12.0,18.0,19.0,12.0,1477.1,1639.5
2022-12-31,2022,Newcastle,Leeds,0,0,D,U,1.47,4.73,6.73,5,1,9,3,9,3.0,1.0,0.0,2.0,6.0,5.0,1.0,0.0,7.0,-7.0,6.0,-2.0,8.0,1.0,0.0,1.0,0.0,1.0,-1.0,62.5,0.0,14.3,71.4,14.0,13.0,16.0,16.0,1623.2,1485.8
2022-12-31,2022,Man City,Everton,1,1,D,U,1.14,8.61,21.51,3,1,7,1,9,2.0,0.0,1.0,2.0,6.0,0.0,6.0,4.0,4.0,0.0,2.0,-4.0,6.0,1.0,0.0,1.0,0.0,1.0,-1.0,87.5,12.5,12.5,50.0,15.0,7.0,26.0,11.0,1795.2,1464.7
2022-12-31,2022,Fulham,Southampton,2,1,H,O,2.02,3.57,3.77,2,3,4,4,9,1.0,1.0,1.0,2.0,4.0,2.0,2.0,2.0,4.0,-2.0,2.0,-2.0,4.0,1.0,0.0,1.0,0.0,1.0,-1.0,37.5,25.0,25.0,75.0,21.0,12.0,32.0,7.0,1457.3,1446.5
2022-12-31,2022,Brighton,Arsenal,2,4,A,O,3.46,3.56,2.12,5,7,7,4,8,1.0,2.0,1.0,0.0,5.0,4.0,1.0,3.0,1.0,2.0,2.0,3.0,-1.0,1.0,1.0,0.0,0.0,0.0,0.0,42.9,28.6,75.0,12.5,18.0,9.0,28.0,14.0,1560.2,1698.2
2022-12-31,2022,Bournemouth,Crystal Palace,0,2,A,U,2.91,3.27,2.55,2,6,2,7,9,1.0,1.0,2.0,2.0,5.0,2.0,3.0,4.0,5.0,-1.0,1.0,-3.0,4.0,1.0,0.0,1.0,0.0,1.0,-1.0,37.5,37.5,14.3,42.9,16.0,8.0,12.0,14.0,1437.5,1520.6
2022-12-30,2022,West Ham,Brentford,0,2,A,U,2.06,3.59,3.64,5,6,8,1,9,1.0,1.0,2.0,1.0,3.0,4.0,-1.0,4.0,7.0,-3.0,-1.0,-3.0,2.0,1.0,0.0,1.0,1.0,1.0,0.0,37.5,50.0,12.5,37.5,12.0,13.0,14.0,11.0,1509.9,1523.2
2022-12-30,2022,Liverpool,Leicester,2,1,H,O,1.3,6.03,9.64,5,2,4,5,9,2.0,3.0,1.0,0.0,5.0,8.0,-3.0,3.0,0.0,3.0,2.0,8.0,-6.0,1.0,3.0,-2.0,0.0,0.0,0.0,62.5,12.5,37.5,62.5,24.0,18.0,28.0,7.0,1739.9,1534.6
2022-12-28,2022,Leeds,Man City,1,3,A,O,9.46,5.99,1.3,1,9,3,5,8,1.0,2.0,2.0,1.0,6.0,4.0,2.0,7.0,1.0,6.0,-1.0,3.0,-4.0,0.0,1.0,-1.0,0.0,0.0,0.0,42.9,28.6,50.0,16.7,13.0,18.0,22.0,23.0,1488.8,1792.2
2022-12-27,2022,Man United,Nott'm Forest,3,0,H,O,1.31,5.51,10.4,8,3,9,9,7,2.0,0.0,0.0,2.0,3.0,0.0,3.0,0.0,6.0,-6.0,3.0,-6.0,9.0,1.0,0.0,1.0,0.0,1.0,-1.0,66.7,16.7,0.0,71.4,15.0,4.0,17.0,10.0,1633.6,1481.3
2022-12-27,2022,Chelsea,Bournemouth,2,0,H,U,1.32,5.46,9.72,5,4,6,8,7,1.0,0.0,1.0,2.0,4.0,5.0,-1.0,2.0,8.0,-6.0,2.0,-3.0,5.0,1.0,0.0,1.0,0.0,1.0,-1.0,50.0,16.7,14.3,57.1,10.0,15.0,14.0,9.0,1629.3,1442.6
2022-12-26,2022,Southampton,Brighton,1,3,A,O,3.4,3.51,2.15,4,4,4,2,8,0.0,1.0,1.0,2.0,3.0,4.0,-1.0,6.0,7.0,-1.0,-3.0,-3.0,0.0,0.0,0.0,0.0,1.0,2.0,-1.0,14.3,42.9,42.9,42.9,16.0,17.0,21.0,23.0,1453.7,1553.0
2022-12-26,2022,Leicester,Newcastle,0,3,A,O,3.24,3.54,2.21,2,5,5,5,8,1.0,2.0,1.0,0.0,2.0,6.0,-4.0,1.0,2.0,-1.0,1.0,4.0,-3.0,1.0,1.0,0.0,0.0,0.0,0.0,28.6,42.9,42.9,14.3,11.0,11.0,14.0,13.0,1542.5,1615.3
2022-12-26,2022,Everton,Wolves,1,2,A,O,2.35,3.25,3.24,6,4,2,2,8,1.0,0.0,2.0,2.0,4.0,2.0,2.0,4.0,6.0,-2.0,0.0,-4.0,4.0,1.0,0.0,1.0,1.0,1.0,0.0,28.6,42.9,0.0,71.4,10.0,10.0,16.0,11.0,1474.9,1466.8
2022-12-26,2022,Crystal Palace,Fulham,0,3,A,O,2.07,3.55,3.58,0,11,1,8,8,3.0,1.0,0.0,2.0,5.0,5.0,0.0,2.0,7.0,-5.0,3.0,-2.0,5.0,0.0,0.0,0.0,0.0,1.0,-1.0,57.1,28.6,28.6,57.1,12.0,9.0,17.0,8.0,1533.1,1444.8
2022-12-26,2022,Brentford,Tottenham,2,2,D,O,3.85,3.74,1.95,5,8,6,5,8,1.0,2.0,0.0,1.0,3.0,4.0,-1.0,1.0,4.0,-3.0,2.0,0.0,2.0,1.0,0.0,1.0,0.0,1.0,-1.0,42.9,14.3,42.9,28.6,11.0,12.0,11.0,24.0,1519.6,1650.6
2022-12-26,2022,Aston Villa,Liverpool,1,3,A,O,4.51,4.04,1.75,6,9,0,6,8,2.0,1.0,1.0,2.0,7.0,4.0,3.0,3.0,5.0,-2.0,4.0,-1.0,5.0,2.0,0.0,2.0,1.0,0.0,1.0,57.1,28.6,16.7,50.0,22.0,16.0,17.0,17.0,1503.7,1735.8
2022-12-26,2022,Arsenal,West Ham,3,1,H,O,1.51,4.39,6.52,5,4,7,5,7,3.0,0.0,0.0,2.0,11.0,1.0,10.0,3.0,3.0,0.0,8.0,-2.0,10.0,2.0,0.0,2.0,0.0,0.0,0.0,100.0,0.0,14.3,71.4,26.0,12.0,18.0,27.0,1692.9,1515.2
2022-11-13,2022,Fulham,Man United,1,2,A,O,3.91,3.88,1.89,7,9,10,3,8,1.0,1.0,0.0,1.0,5.0,4.0,1.0,2.0,5.0,-3.0,3.0,-1.0,4.0,1.0,0.0,1.0,0.0,1.0,-1.0,42.9,14.3,42.9,42.9,18.0,13.0,27.0,13.0,1450.1,1628.3
2022-11-13,2022,Brighton,Aston Villa,1,2,A,O,1.86,3.71,4.21,2,2,11,4,7,1.0,0.0,1.0,2.0,4.0,1.0,3.0,2.0,8.0,-6.0,2.0,-7.0,9.0,1.0,0.0,1.0,0.0,2.0,-2.0,50.0,16.7,0.0,71.4,20.0,8.0,23.0,11.0,1565.1,1491.6
2022-11-12,2022,Wolves,Arsenal,0,2,A,U,6.15,4.26,1.55,2,4,6,4,8,1.0,2.0,2.0,0.0,3.0,3.0,0.0,7.0,1.0,6.0,-4.0,2.0,-6.0,0.0,0.0,0.0,1.0,0.0,1.0,28.6,42.9,71.4,14.3,12.0,9.0,17.0,13.0,1471.3,1688.4
2022-11-12,2022,West Ham,Leicester,0,2,A,U,2.09,3.51,3.6,6,6,7,2,8,2.0,2.0,1.0,1.0,6.0,7.0,-1.0,3.0,2.0,1.0,3.0,5.0,-2.0,2.0,2.0,0.0,0.0,0.0,0.0,42.9,42.9,28.6,71.4,14.0,17.0,11.0,7.0,1525.0,1532.7
2022-11-12,2022,Tottenham,Leeds,4,3,H,O,1.64,4.26,5.04,8,5,9,2,8,1.0,1.0,2.0,2.0,4.0,3.0,1.0,4.0,5.0,-1.0,0.0,-2.0,2.0,1.0,0.0,1.0,0.0,1.0,-1.0,71.4,28.6,16.7,66.7,17.0,12.0,18.0,17.0,1644.6,1494.7
2022-11-12,2022,Nott'm Forest,Crystal Palace,1,0,H,U,3.12,3.24,2.43,2,0,1,5,8,1.0,1.0,0.0,1.0,4.0,2.0,2.0,3.0,4.0,-1.0,1.0,-2.0,3.0,0.0,0.0,0.0,0.0,1.0,-1.0,28.6,42.9,16.7,33.3,17.0,9.0,6.0,11.0,1469.2,1545.2
2022-11-12,2022,Newcastle,Chelsea,1,0,H,U,2.33,3.44,3.11,3,2,5,3,8,3.0,1.0,0.0,1.0,10.0,3.0,7.0,1.0,4.0,-3.0,9.0,-1.0,10.0,2.0,1.0,1.0,0.0,1.0,-1.0,57.1,0.0,42.9,42.9,17.0,16.0,20.0,10.0,1604.2,1640.4
2022-11-12,2022,Man City,Brentford,1,2,A,O,1.14,8.92,19.14,6,8,10,2,8,3.0,0.0,0.0,2.0,9.0,3.0,6.0,2.0,11.0,-9.0,7.0,-8.0,15.0,2.0,0.0,2.0,0.0,2.0,-2.0,100.0,0.0,0.0,42.9,17.0,8.0,25.0,14.0,1809.3,1502.6
2022-11-12,2022,Liverpool,Southampton,3,1,H,O,1.25,6.52,11.38,7,5,6,0,8,2.0,1.0,1.0,2.0,3.0,1.0,2.0,2.0,5.0,-3.0,1.0,-4.0,5.0,0.0,0.0,0.0,0.0,1.0,-1.0,57.1,14.3,28.6,71.4,19.0,7.0,27.0,8.0,1732.4,1457.1
2022-11-12,2022,Bournemouth,Everton,3,0,H,O,2.86,3.25,2.6,9,3,3,5,8,1.0,0.0,2.0,2.0,4.0,0.0,4.0,5.0,3.0,2.0,-1.0,-3.0,2.0,0.0,0.0,0.0,0.0,1.0,-1.0,28.6,42.9,14.3,42.9,11.0,4.0,16.0,7.0,1431.1,1486.5
2022-11-06,2022,West Ham,Crystal Palace,1,2,A,O,1.94,3.49,4.18,2,6,2,5,7,3.0,0.0,0.0,1.0,7.0,0.0,7.0,1.0,3.0,-2.0,6.0,-3.0,9.0,3.0,0.0,3.0,0.0,1.0,-1.0,50.0,33.3,0.0,40.0,17.0,12.0,10.0,11.0,1535.0,1535.2
2022-11-06,2022,Tottenham,Liverpool,1,2,A,O,3.28,3.67,2.16,5,6,5,3,7,2.0,0.0,1.0,2.0,9.0,2.0,7.0,4.0,4.0,0.0,5.0,-2.0,7.0,2.0,0.0,2.0,0.0,0.0,0.0,83.3,16.7,0.0,60.0,23.0,18.0,19.0,23.0,1652.6,1724.4
2022-11-06,2022,Southampton,Newcastle,1,4,A,O,4.02,3.66,1.92,5,4,8,2,7,0.0,2.0,1.0,0.0,3.0,6.0,-3.0,4.0,2.0,2.0,-1.0,4.0,-5.0,0.0,1.0,-1.0,0.0,0.0,0.0,16.7,33.3,33.3,16.7,17.0,17.0,20.0,19.0,1463.4,1597.9
2022-11-06,2022,Chelsea,Arsenal,0,1,A,U,2.64,3.42,2.7,1,2,4,6,6,2.0,2.0,0.0,0.0,6.0,5.0,1.0,2.0,1.0,1.0,4.0,4.0,0.0,1.0,1.0,0.0,0.0,0.0,0.0,60.0,0.0,66.7,16.7,12.0,14.0,20.0,10.0,1649.5,1679.3
2022-11-06,2022,Aston Villa,Man United,3,1,H,O,3.39,3.54,2.15,4,3,3,5,7,2.0,1.0,1.0,1.0,5.0,6.0,-1.0,2.0,8.0,-6.0,3.0,-2.0,5.0,1.0,0.0,1.0,1.0,1.0,0.0,50.0,33.3,50.0,33.3,21.0,18.0,20.0,9.0,1477.2,1642.8
2022-11-05,2022,Wolves,Brighton,2,3,A,O,3.39,3.33,2.24,5,8,4,9,7,1.0,0.0,2.0,2.0,1.0,4.0,-3.0,7.0,8.0,-1.0,-6.0,-4.0,-2.0,0.0,0.0,0.0,2.0,2.0,0.0,33.3,33.3,33.3,50.0,8.0,15.0,18.0,16.0,1479.1,1557.3
2022-11-05,2022,Nott'm Forest,Brentford,2,2,D,O,2.78,3.39,2.59,7,2,3,3,7,1.0,0.0,1.0,2.0,4.0,1.0,3.0,4.0,9.0,-5.0,0.0,-8.0,8.0,0.0,0.0,0.0,0.0,2.0,-2.0,33.3,50.0,0.0,50.0,13.0,10.0,5.0,19.0,1468.2,1503.6
2022-11-05,2022,Man City,Fulham,2,1,H,O,1.13,9.74,19.8,5,2,9,0,7,3.0,2.0,0.0,1.0,13.0,7.0,6.0,4.0,7.0,-3.0,9.0,0.0,9.0,3.0,0.0,3.0,0.0,1.0,-1.0,100.0,0.0,33.3,50.0,22.0,14.0,21.0,18.0,1807.0,1452.4
2022-11-05,2022,Leeds,Bournemouth,4,3,H,O,1.74,3.93,4.73,4,6,13,3,7,0.0,0.0,2.0,1.0,2.0,3.0,-1.0,4.0,5.0,-1.0,-2.0,-2.0,0.0,0.0,0.0,0.0,0.0,1.0,-1.0,33.3,33.3,16.7,50.0,10.0,12.0,11.0,7.0,1486.0,1439.7
2022-11-05,2022,Everton,Leicester,0,2,A,U,2.43,3.33,3.03,2,8,8,3,7,2.0,1.0,1.0,2.0,5.0,7.0,-2.0,2.0,8.0,-6.0,3.0,-1.0,4.0,1.0,1.0,0.0,0.0,1.0,-1.0,33.3,33.3,16.7,83.3,10.0,16.0,13.0,5.0,1495.7,1523.5
2022-10-30,2022,Man United,West Ham,1,0,H,U,1.7,4.02,4.85,3,5,5,10,6,2.0,0.0,0.0,2.0,5.0,1.0,4.0,1.0,3.0,-2.0,4.0,-2.0,6.0,2.0,0.0,2.0,0.0,0.0,0.0,60.0,20.0,16.7,66.7,18.0,11.0,14.0,31.0,1635.4,1542.3
2022-10-30,2022,Arsenal,Nott'm Forest,5,0,H,O,1.2,6.96,14.82,10,2,9,4,6,3.0,0.0,0.0,2.0,8.0,0.0,8.0,4.0,5.0,-1.0,4.0,-5.0,9.0,1.0,0.0,1.0,0.0,1.0,-1.0,100.0,0.0,0.0,66.7,25.0,5.0,19.0,12.0,1674.5,1472.9
2022-10-29,2022,Newcastle,Aston Villa,4,0,H,O,1.83,3.73,4.41,7,0,3,0,7,2.0,0.0,0.0,1.0,7.0,1.0,6.0,2.0,4.0,-2.0,5.0,-3.0,8.0,1.0,0.0,1.0,0.0,1.0,-1.0,50.0,0.0,0.0,66.7,17.0,15.0,25.0,20.0,1590.9,1484.2
2022-10-29,2022,Liverpool,Leeds,1,2,A,O,1.3,6.07,9.16,10,6,14,5,7,2.0,0.0,0.0,3.0,5.0,3.0,2.0,3.0,9.0,-6.0,2.0,-6.0,8.0,0.0,0.0,0.0,0.0,2.0,-2.0,66.7,0.0,0.0,80.0,16.0,12.0,22.0,18.0,1740.9,1469.5
2022-10-29,2022,Leicester,Man City,0,1,A,U,9.66,6.09,1.29,5,5,3,10,7,2.0,1.0,0.0,1.0,6.0,4.0,2.0,0.0,2.0,-2.0,6.0,2.0,4.0,2.0,1.0,1.0,0.0,0.0,0.0,33.3,33.3,40.0,20.0,13.0,17.0,17.0,17.0,1526.9,1803.6
2022-10-29,2022,Fulham,Everton,0,0,D,U,2.36,3.43,3.07,6,4,13,4,7,1.0,1.0,1.0,2.0,6.0,2.0,4.0,6.0,4.0,2.0,0.0,-2.0,2.0,1.0,0.0,1.0,1.0,1.0,0.0,50.0,16.7,16.7,50.0,13.0,5.0,15.0,9.0,1451.1,1497.0
2022-10-29,2022,Crystal Palace,Southampton,1,0,H,U,1.95,3.57,4.03,3,4,8,4,7,2.0,1.0,1.0,2.0,5.0,1.0,4.0,4.0,5.0,-1.0,1.0,-4.0,5.0,0.0,0.0,0.0,0.0,1.0,-1.0,50.0,33.3,33.3,66.7,12.0,4.0,14.0,7.0,1526.8,1471.9
2022-10-29,2022,Brighton,Chelsea,4,1,H,O,3.03,3.34,2.41,9,7,8,7,6,1.0,2.0,1.0,0.0,5.0,4.0,1.0,3.0,1.0,2.0,2.0,3.0,-1.0,1.0,1.0,0.0,0.0,0.0,0.0,40.0,20.0,50.0,33.3,22.0,12.0,25.0,5.0,1544.0,1662.8
2022-10-29,2022,Brentford,Wolves,1,1,D,U,2.2,3.46,3.33,3,4,3,6,7,1.0,0.0,1.0,3.0,2.0,1.0,1.0,3.0,7.0,-4.0,-1.0,-6.0,5.0,1.0,0.0,1.0,1.0,2.0,-1.0,50.0,16.7,0.0,83.3,10.0,10.0,11.0,11.0,1504.3,1478.3
2022-10-29,2022,Bournemouth,Tottenham,2,3,A,O,5.1,3.91,1.69,4,7,2,19,7,1.0,1.0,1.0,2.0,2.0,2.0,0.0,2.0,5.0,-3.0,0.0,-3.0,3.0,0.0,0.0,0.0,0.0,2.0,-2.0,33.3,33.3,33.3,33.3,8.0,8.0,21.0,7.0,1444.5,1647.8
2022-10-24,2022,West Ham,Bournemouth,2,0,H,U,1.55,4.16,6.2,4,3,5,0,6,2.0,1.0,0.0,0.0,6.0,6.0,0.0,2.0,5.0,-3.0,4.0,1.0,3.0,2.0,0.0,2.0,0.0,0.0,0.0,40.0,40.0,20.0,40.0,17.0,12.0,8.0,13.0,1534.7,1452.1
2022-10-23,2022,Wolves,Leicester,0,4,A,O,2.3,3.38,3.24,5,4,9,2,6,2.0,0.0,1.0,3.0,2.0,5.0,-3.0,3.0,13.0,-10.0,-1.0,-8.0,7.0,0.0,0.0,0.0,1.0,2.0,-1.0,40.0,20.0,0.0,100.0,5.0,16.0,14.0,4.0,1487.4,1517.8
2022-10-23,2022,Tottenham,Newcastle,1,2,A,O,2.09,3.58,3.53,5,5,6,7,6,3.0,1.0,0.0,1.0,10.0,5.0,5.0,3.0,3.0,0.0,7.0,2.0,5.0,2.0,1.0,1.0,0.0,0.0,0.0,100.0,0.0,20.0,20.0,28.0,14.0,23.0,12.0,1660.2,1578.6
2022-10-23,2022,Southampton,Arsenal,1,1,D,U,5.78,4.27,1.58,3,3,9,4,6,1.0,2.0,1.0,1.0,4.0,5.0,-1.0,4.0,3.0,1.0,0.0,2.0,-2.0,0.0,1.0,-1.0,0.0,1.0,-1.0,20.0,40.0,80.0,20.0,21.0,14.0,16.0,11.0,1466.4,1680.0
2022-10-23,2022,Leeds,Fulham,2,3,A,O,2.06,3.62,3.59,5,5,3,6,6,0.0,1.0,1.0,2.0,1.0,5.0,-4.0,2.0,7.0,-5.0,-1.0,-2.0,1.0,0.0,0.0,0.0,0.0,1.0,-1.0,40.0,20.0,20.0,60.0,10.0,12.0,18.0,15.0,1480.7,1439.9
2022-10-23,2022,Aston Villa,Brentford,4,0,H,O,2.14,3.5,3.49,11,3,7,6,6,1.0,0.0,1.0,1.0,2.0,2.0,0.0,3.0,6.0,-3.0,-1.0,-4.0,3.0,0.0,0.0,0.0,1.0,1.0,0.0,40.0,40.0,0.0,40.0,11.0,10.0,14.0,19.0,1473.0,1515.5
2022-10-22,2022,Nott'm Forest,Liverpool,1,0,H,U,11.31,6.19,1.26,7,7,2,11,6,0.0,0.0,2.0,2.0,5.0,3.0,2.0,7.0,5.0,2.0,-2.0,-2.0,0.0,0.0,0.0,0.0,0.0,0.0,0.0,20.0,60.0,0.0,50.0,9.0,16.0,7.0,20.0,1455.9,1758.0
2022-10-22,2022,Man City,Brighton,3,1,H,O,1.21,6.94,14.36,4,2,7,3,6,3.0,0.0,0.0,2.0,16.0,4.0,12.0,3.0,7.0,-4.0,13.0,-3.0,16.0,3.0,0.0,3.0,0.0,1.0,-1.0,100.0,0.0,40.0,40.0,27.0,17.0,24.0,16.0,1799.8,1547.8
2022-10-22,2022,Everton,Crystal Palace,3,0,H,O,2.58,3.18,2.96,6,2,3,4,6,1.0,0.0,1.0,1.0,2.0,2.0,0.0,2.0,4.0,-2.0,0.0,-2.0,2.0,0.0,0.0,0.0,0.0,1.0,-1.0,20.0,40.0,0.0,25.0,7.0,12.0,17.0,8.0,1485.5,1538.3
2022-10-22,2022,Chelsea,Man United,1,1,D,U,2.14,3.51,3.5,2,6,6,4,5,3.0,2.0,0.0,1.0,7.0,6.0,1.0,2.0,7.0,-5.0,5.0,-1.0,6.0,1.0,0.0,1.0,0.0,1.0,-1.0,75.0,0.0,60.0,40.0,13.0,14.0,17.0,8.0,1663.7,1634.5
2022-10-20,2022,Leicester,Leeds,2,0,H,U,2.32,3.58,3.03,1,2,2,9,6,1.0,0.0,1.0,3.0,4.0,3.0,1.0,1.0,8.0,-7.0,3.0,-5.0,8.0,1.0,0.0,1.0,0.0,1.0,-1.0,20.0,40.0,0.0,75.0,14.0,12.0,16.0,12.0,1508.3,1490.1
2022-10-20,2022,Fulham,Aston Villa,3,0,H,O,2.88,3.42,2.51,8,6,9,7,6,1.0,0.0,1.0,1.0,5.0,2.0,3.0,7.0,3.0,4.0,-2.0,-1.0,-1.0,0.0,0.0,0.0,1.0,0.0,1.0,40.0,20.0,0.0,60.0,8.0,12.0,9.0,16.0,1428.3,1484.6
2022-10-19,2022,Newcastle,Everton,1,0,H,U,1.64,4.05,5.46,4,0,8,2,6,1.0,1.0,0.0,1.0,6.0,3.0,3.0,2.0,4.0,-2.0,4.0,-1.0,5.0,1.0,0.0,1.0,0.0,1.0,-1.0,40.0,0.0,20.0,40.0,19.0,7.0,30.0,9.0,1570.8,1493.3
2022-10-19,2022,Man United,Tottenham,2,0,H,U,2.45,3.57,2.86,10,2,8,3,5,2.0,1.0,0.0,1.0,5.0,3.0,2.0,2.0,4.0,-2.0,3.0,-1.0,4.0,1.0,0.0,1.0,0.0,1.0,-1.0,50.0,25.0,40.0,20.0,12.0,10.0,12.0,8.0,1623.2,1671.5
2022-10-19,2022,Liverpool,West Ham,1,0,H,U,1.44,5.01,6.96,7,3,8,3,6,2.0,0.0,0.0,2.0,6.0,2.0,4.0,4.0,4.0,0.0,2.0,-2.0,4.0,0.0,0.0,0.0,0.0,0.0,0.0,60.0,0.0,20.0,60.0,15.0,11.0,27.0,31.0,1753.4,1539.2
2022-10-19,2022,Brentford,Chelsea,0,0,D,U,4.79,3.92,1.74,5,5,6,2,6,2.0,2.0,1.0,1.0,7.0,5.0,2.0,5.0,3.0,2.0,2.0,2.0,0.0,2.0,1.0,1.0,1.0,0.0,1.0,60.0,20.0,60.0,40.0,13.0,11.0,7.0,6.0,1511.3,1667.9
2022-10-19,2022,Bournemouth,Southampton,0,1,A,U,2.72,3.33,2.69,3,3,7,3,6,1.0,0.0,0.0,3.0,2.0,0.0,2.0,1.0,6.0,-5.0,1.0,-6.0,7.0,0.0,0.0,0.0,0.0,1.0,-1.0,40.0,20.0,20.0,80.0,7.0,2.0,16.0,10.0,1462.3,1456.2
2022-10-18,2022,Crystal Palace,Wolves,2,1,H,O,2.29,3.19,3.46,4,4,4,3,6,1.0,0.0,1.0,2.0,4.0,0.0,4.0,4.0,5.0,-1.0,0.0,-5.0,5.0,0.0,0.0,0.0,0.0,2.0,-2.0,40.0,40.0,0.0,80.0,12.0,10.0,14.0,13.0,1529.3,1496.5
2022-10-18,2022,Brighton,Nott'm Forest,0,0,D,U,1.4,4.91,8.19,7,0,9,1,5,2.0,0.0,1.0,3.0,6.0,0.0,6.0,3.0,11.0,-8.0,3.0,-11.0,14.0,1.0,0.0,1.0,0.0,2.0,-2.0,50.0,25.0,0.0,80.0,19.0,6.0,21.0,12.0,1550.6,1453.2
2022-10-16,2022,Southampton,West Ham,1,1,D,U,2.96,3.42,2.44,8,4,4,14,5,1.0,1.0,2.0,2.0,3.0,2.0,1.0,4.0,3.0,1.0,-1.0,-1.0,0.0,0.0,0.0,0.0,0.0,0.0,0.0,25.0,50.0,25.0,75.0,18.0,9.0,17.0,19.0,1453.7,1541.7
2022-10-16,2022,Man United,Newcastle,0,0,D,U,2.0,3.78,3.65,2,2,4,4,4,2.0,1.0,1.0,1.0,6.0,6.0,0.0,4.0,4.0,0.0,2.0,2.0,0.0,1.0,1.0,0.0,0.0,0.0,0.0,66.7,33.3,25.0,25.0,15.0,18.0,14.0,21.0,1624.7,1569.2
2022-10-16,2022,Liverpool,Man City,1,0,H,U,3.74,4.06,1.91,2,6,5,6,5,2.0,1.0,0.0,0.0,14.0,7.0,7.0,4.0,4.0,0.0,10.0,3.0,7.0,1.0,1.0,0.0,0.0,0.0,0.0,50.0,0.0,50.0,0.0,25.0,21.0,30.0,16.0,1741.4,1811.8
2022-10-16,2022,Leeds,Arsenal,0,1,A,U,5.83,4.41,1.56,4,4,6,3,5,1.0,2.0,0.0,1.0,4.0,7.0,-3.0,1.0,3.0,-2.0,3.0,4.0,-1.0,1.0,2.0,-1.0,0.0,1.0,-1.0,50.0,0.0,75.0,25.0,12.0,16.0,16.0,12.0,1495.4,1674.7
2022-10-16,2022,Aston Villa,Chelsea,0,2,A,U,4.54,3.69,1.82,7,4,7,1,5,1.0,1.0,1.0,2.0,2.0,3.0,-1.0,2.0,6.0,-4.0,0.0,-3.0,3.0,0.0,0.0,0.0,0.0,1.0,-1.0,50.0,25.0,50.0,50.0,7.0,10.0,10.0,11.0,1490.0,1662.5
2022-10-15,2022,Wolves,Nott'm Forest,1,0,H,U,1.72,3.81,5.13,2,2,4,5,5,1.0,0.0,1.0,2.0,2.0,1.0,1.0,4.0,11.0,-7.0,-2.0,-10.0,8.0,0.0,0.0,0.0,1.0,2.0,-1.0,25.0,25.0,0.0,75.0,7.0,9.0,14.0,9.0,1487.2,1462.5
2022-10-15,2022,Tottenham,Everton,2,0,H,U,1.49,4.56,6.81,7,0,7,1,5,3.0,1.0,0.0,0.0,9.0,4.0,5.0,3.0,3.0,0.0,6.0,1.0,5.0,1.0,0.0,1.0,0.0,0.0,0.0,100.0,0.0,25.0,25.0,25.0,14.0,24.0,13.0,1666.0,1498.8
2022-10-15,2022,Leicester,Crystal Palace,0,0,D,U,2.31,3.49,3.12,5,1,9,2,5,1.0,0.0,2.0,1.0,5.0,3.0,2.0,3.0,5.0,-2.0,2.0,-2.0,4.0,1.0,0.0,1.0,0.0,1.0,-1.0,25.0,50.0,0.0,33.3,10.0,14.0,9.0,8.0,1507.7,1529.9
2022-10-15,2022,Fulham,Bournemouth,2,2,D,O,1.89,3.72,4.13,4,6,5,6,5,2.0,1.0,1.0,1.0,6.0,4.0,2.0,7.0,12.0,-5.0,-1.0,-8.0,7.0,0.0,0.0,0.0,1.0,1.0,0.0,50.0,25.0,25.0,50.0,13.0,8.0,10.0,8.0,1427.3,1463.3
2022-10-14,2022,Brentford,Brighton,2,0,H,U,3.21,3.44,2.3,3,7,2,11,5,1.0,1.0,1.0,1.0,6.0,6.0,0.0,6.0,5.0,1.0,0.0,1.0,-1.0,1.0,1.0,0.0,1.0,0.0,1.0,50.0,25.0,50.0,25.0,15.0,12.0,13.0,9.0,1499.5,1562.4
2022-10-10,2022,Nott'm Forest,Aston Villa,1,1,D,U,3.35,3.49,2.19,3,2,1,4,5,0.0,0.0,3.0,2.0,4.0,2.0,2.0,8.0,5.0,3.0,-4.0,-3.0,-1.0,0.0,0.0,0.0,1.0,1.0,0.0,25.0,75.0,0.0,75.0,7.0,15.0,12.0,14.0,1461.7,1490.8
2022-10-09,2022,West Ham,Fulham,3,1,H,O,1.78,3.9,4.56,8,2,4,2,5,1.0,1.0,1.0,2.0,3.0,5.0,-2.0,3.0,6.0,-3.0,0.0,-1.0,1.0,1.0,0.0,1.0,1.0,0.0,1.0,25.0,50.0,25.0,50.0,12.0,13.0,9.0,15.0,1534.5,1434.5
2022-10-09,2022,Everton,Man United,1,2,A,O,3.56,3.58,2.09,2,4,5,4,5,1.0,2.0,0.0,1.0,2.0,5.0,-3.0,1.0,6.0,-5.0,1.0,-1.0,2.0,0.0,0.0,0.0,0.0,1.0,-1.0,25.0,25.0,50.0,50.0,13.0,16.0,18.0,7.0,1505.7,1617.9
2022-10-09,2022,Crystal Palace,Leeds,2,1,H,O,2.07,3.62,3.57,5,4,5,3,5,1.0,0.0,1.0,2.0,5.0,4.0,1.0,4.0,8.0,-4.0,1.0,-4.0,5.0,1.0,0.0,1.0,0.0,1.0,-1.0,25.0,50.0,0.0,66.7,16.0,13.0,13.0,14.0,1520.3,1504.9
2022-10-09,2022,Arsenal,Liverpool,3,2,H,O,2.58,3.72,2.62,7,3,4,3,5,3.0,0.0,0.0,1.0,7.0,3.0,4.0,3.0,4.0,-1.0,4.0,-1.0,5.0,1.0,0.0,1.0,0.0,0.0,0.0,100.0,0.0,0.0,33.3,26.0,17.0,24.0,21.0,1662.1,1754.0
2022-10-08,2022,Newcastle,Brentford,5,1,H,O,1.8,3.92,4.38,6,3,9,5,5,0.0,0.0,0.0,1.0,4.0,3.0,1.0,4.0,4.0,0.0,0.0,-1.0,1.0,0.0,0.0,0.0,0.0,0.0,0.0,25.0,0.0,0.0,25.0,19.0,12.0,26.0,17.0,1560.7,1508.0
2022-10-08,2022,Man City,Southampton,4,0,H,O,1.12,10.3,21.15,8,0,9,1,5,3.0,1.0,0.0,2.0,16.0,2.0,14.0,5.0,3.0,2.0,11.0,-1.0,12.0,3.0,0.0,3.0,0.0,0.0,0.0,100.0,0.0,25.0,75.0,24.0,5.0,21.0,14.0,1809.5,1456.0
2022-10-08,2022,Chelsea,Wolves,3,0,H,O,1.4,4.82,8.5,7,2,4,2,4,2.0,0.0,0.0,2.0,6.0,0.0,6.0,4.0,3.0,1.0,2.0,-3.0,5.0,0.0,0.0,0.0,0.0,1.0,-1.0,66.7,0.0,0.0,75.0,9.0,11.0,21.0,17.0,1656.9,1492.8
2022-10-08,2022,Brighton,Tottenham,0,1,A,U,2.76,3.47,2.58,4,3,6,2,4,2.0,1.0,0.0,1.0,6.0,4.0,2.0,2.0,4.0,-2.0,4.0,0.0,4.0,1.0,1.0,0.0,0.0,1.0,-1.0,66.7,0.0,25.0,25.0,22.0,14.0,22.0,7.0,1569.9,1658.5
2022-10-08,2022,Bournemouth,Leicester,2,1,H,O,3.53,3.63,2.09,4,5,7,2,5,0.0,0.0,1.0,3.0,0.0,5.0,-5.0,3.0,13.0,-10.0,-3.0,-8.0,5.0,0.0,0.0,0.0,1.0,2.0,-1.0,25.0,25.0,0.0,100.0,4.0,16.0,12.0,13.0,1451.4,1519.6
2022-10-03,2022,Leicester,Nott'm Forest,4,0,H,O,1.76,4.05,4.41,7,3,6,6,4,0.0,0.0,2.0,2.0,3.0,1.0,2.0,5.0,9.0,-4.0,-2.0,-8.0,6.0,0.0,0.0,0.0,0.0,2.0,-2.0,0.0,66.7,0.0,66.7,8.0,6.0,8.0,4.0,1510.8,1470.5
2022-10-02,2022,Man City,Man United,6,3,H,O,1.35,5.7,8.0,10,8,5,1,4,3.0,2.0,0.0,1.0,14.0,2.0,12.0,2.0,4.0,-2.0,12.0,-2.0,14.0,3.0,0.0,3.0,0.0,1.0,-1.0,100.0,0.0,66.7,33.3,21.0,12.0,27.0,8.0,1804.3,1623.1
2022-10-02,2022,Leeds,Aston Villa,0,0,D,U,2.36,3.46,3.03,1,7,2,9,4,2.0,0.0,0.0,3.0,6.0,2.0,4.0,2.0,7.0,-5.0,4.0,-5.0,9.0,1.0,0.0,1.0,0.0,2.0,-2.0,66.7,0.0,0.0,100.0,15.0,10.0,20.0,10.0,1505.4,1490.4
2022-10-01,2022,West Ham,Wolves,2,0,H,U,1.96,3.48,4.12,5,4,1,6,4,0.0,0.0,2.0,2.0,1.0,1.0,0.0,5.0,3.0,2.0,-4.0,-2.0,-2.0,0.0,0.0,0.0,2.0,0.0,2.0,0.0,66.7,0.0,66.7,8.0,13.0,9.0,15.0,1525.1,1502.2
2022-10-01,2022,Southampton,Everton,1,2,A,O,2.19,3.41,3.44,6,5,7,6,4,1.0,0.0,1.0,1.0,4.0,3.0,1.0,4.0,4.0,0.0,0.0,-1.0,1.0,0.0,0.0,0.0,0.0,0.0,0.0,33.3,33.3,0.0,33.3,16.0,13.0,12.0,15.0,1465.1,1496.6
2022-10-01,2022,Liverpool,Brighton,3,3,D,O,1.37,5.33,8.25,7,6,9,2,4,2.0,2.0,0.0,1.0,12.0,5.0,7.0,2.0,3.0,-1.0,10.0,2.0,8.0,1.0,1.0,0.0,0.0,0.0,0.0,66.7,0.0,66.7,33.3,22.0,10.0,25.0,9.0,1759.1,1564.8
2022-10-01,2022,Fulham,Newcastle,1,4,A,O,3.04,3.46,2.37,1,10,1,8,4,2.0,0.0,0.0,1.0,7.0,2.0,5.0,5.0,3.0,2.0,2.0,-1.0,3.0,0.0,0.0,0.0,0.0,0.0,0.0,66.7,0.0,0.0,33.3,15.0,9.0,13.0,16.0,1441.3,1553.8
2022-10-01,2022,Crystal Palace,Chelsea,1,2,A,O,4.29,3.57,1.9,3,3,5,2,4,1.0,1.0,1.0,2.0,4.0,2.0,2.0,4.0,5.0,-1.0,0.0,-3.0,3.0,1.0,0.0,1.0,1.0,1.0,0.0,33.3,33.3,33.3,66.7,15.0,13.0,11.0,25.0,1526.9,1650.3
2022-10-01,2022,Bournemouth,Brentford,0,0,D,U,3.36,3.44,2.21,1,4,7,8,4,1.0,0.0,1.0,1.0,2.0,5.0,-3.0,3.0,6.0,-3.0,-1.0,-1.0,0.0,1.0,0.0,1.0,1.0,0.0,1.0,33.3,33.3,0.0,33.3,6.0,11.0,10.0,15.0,1449.7,1509.7
2022-10-01,2022,Arsenal,Tottenham,3,1,H,O,2.08,3.7,3.48,9,3,5,2,4,3.0,1.0,0.0,0.0,8.0,5.0,3.0,4.0,3.0,1.0,4.0,2.0,2.0,1.0,1.0,0.0,0.0,0.0,0.0,100.0,0.0,33.3,0.0,24.0,16.0,25.0,10.0,1651.6,1669.0
2022-09-18,2022,Everton,West Ham,1,0,H,U,2.95,3.31,2.5,2,4,5,14,4,0.0,1.0,1.0,2.0,1.0,2.0,-1.0,2.0,3.0,-1.0,-1.0,-1.0,0.0,0.0,0.0,0.0,0.0,0.0,0.0,0.0,33.3,33.3,66.7,15.0,10.0,17.0,12.0,1485.1,1536.6
2022-09-18,2022,Brentford,Arsenal,0,3,A,O,4.3,3.91,1.81,2,7,3,3,4,2.0,2.0,0.0,1.0,10.0,6.0,4.0,3.0,3.0,0.0,7.0,3.0,4.0,2.0,2.0,0.0,0.0,1.0,-1.0,66.7,0.0,66.7,33.3,20.0,11.0,18.0,14.0,1516.2,1645.2
2022-09-17,2022,Wolves,Man City,0,3,A,O,9.25,5.47,1.34,1,7,5,7,4,1.0,1.0,0.0,0.0,2.0,6.0,-4.0,1.0,4.0,-3.0,1.0,2.0,-1.0,0.0,1.0,-1.0,0.0,0.0,0.0,33.3,0.0,33.3,0.0,7.0,16.0,14.0,13.0,1505.2,1801.2
2022-09-17,2022,Tottenham,Leicester,6,2,H,O,1.49,4.59,6.7,11,7,6,1,4,3.0,0.0,0.0,3.0,7.0,5.0,2.0,2.0,11.0,-9.0,5.0,-6.0,11.0,1.0,0.0,1.0,0.0,2.0,-2.0,100.0,0.0,0.0,100.0,22.0,11.0,28.0,14.0,1663.0,1516.8
2022-09-17,2022,Newcastle,Bournemouth,1,1,D,U,1.47,4.47,7.39,7,3,8,1,4,1.0,1.0,0.0,2.0,5.0,3.0,2.0,3.0,15.0,-12.0,2.0,-12.0,14.0,1.0,0.0,1.0,0.0,2.0,-2.0,33.3,0.0,33.3,66.7,22.0,6.0,29.0,8.0,1556.9,1446.6
2022-09-16,2022,Nott'm Forest,Fulham,2,3,A,O,2.81,3.4,2.57,3,7,2,10,4,1.0,0.0,2.0,2.0,3.0,2.0,1.0,5.0,4.0,1.0,-2.0,-2.0,0.0,0.0,0.0,0.0,1.0,0.0,1.0,33.3,66.7,0.0,66.7,10.0,9.0,16.0,8.0,1482.0,1429.8
2022-09-16,2022,Aston Villa,Southampton,1,0,H,U,2.1,3.55,3.53,3,1,6,3,4,1.0,1.0,1.0,2.0,3.0,3.0,0.0,3.0,6.0,-3.0,0.0,-3.0,3.0,0.0,0.0,0.0,0.0,1.0,-1.0,33.3,33.3,33.3,66.7,8.0,6.0,9.0,13.0,1480.6,1475.0
2022-09-04,2022,Man United,Arsenal,3,1,H,O,2.61,3.55,2.67,6,3,2,5,3,,,,,,,,,,,,,,,,,,,,50.0,50.0,100.0,0.0,,,,,1611.8,1656.5
2022-09-04,2022,Brighton,Leicester,5,2,H,O,1.87,3.6,4.43,11,4,10,1,3,,,,,,,,,,,,,,,,,,,,50.0,0.0,0.0,100.0,,,,,1555.6,1525.9
2022-09-03,2022,Wolves,Southampton,1,0,H,U,2.24,3.4,3.33,2,1,5,6,3,,,,,,,,,,,,,,,,,,,,0.0,0.0,50.0,50.0,,,,,1495.5,1484.7
2022-09-03,2022,Tottenham,Fulham,2,1,H,O,1.49,4.62,6.54,10,3,10,3,3,,,,,,,,,,,,,,,,,,,,100.0,0.0,0.0,50.0,,,,,1658.7,1434.1
2022-09-03,2022,Nott'm Forest,Bournemouth,2,3,A,O,2.02,3.47,3.89,3,3,4,6,3,,,,,,,,,,,,,,,,,,,,50.0,50.0,0.0,100.0,,,,,1493.7,1434.9
2022-09-03,2022,Newcastle,Crystal Palace,0,0,D,U,2.05,3.48,3.8,6,9,13,5,3,,,,,,,,,,,,,,,,,,,,50.0,0.0,0.0,50.0,,,,,1557.8,1526.0
2022-09-03,2022,Everton,Liverpool,0,0,D,U,7.77,5.06,1.4,3,8,7,9,3,,,,,,,,,,,,,,,,,,,,0.0,50.0,0.0,50.0,,,,,1478.3,1765.9
2022-09-03,2022,Chelsea,West Ham,2,1,H,O,1.55,4.38,6.03,3,3,10,3,3,,,,,,,,,,,,,,,,,,,,50.0,0.0,50.0,50.0,,,,,1643.1,1543.8
2022-09-03,2022,Brentford,Leeds,5,2,H,O,2.17,3.59,3.33,8,6,2,6,3,,,,,,,,,,,,,,,,,,,,50.0,0.0,0.0,50.0,,,,,1505.9,1515.7
2022-09-03,2022,Aston Villa,Man City,1,1,D,U,8.75,5.63,1.34,1,4,1,4,3,,,,,,,,,,,,,,,,,,,,50.0,50.0,50.0,0.0,,,,,1473.1,1808.7
2022-09-01,2022,Leicester,Man United,0,1,A,U,3.41,3.81,2.07,2,2,1,3,3,,,,,,,,,,,,,,,,,,,,0.0,50.0,50.0,50.0,,,,,1534.0,1603.8
2022-08-31,2022,West Ham,Tottenham,1,1,D,U,3.63,3.74,2.01,4,4,3,4,3,,,,,,,,,,,,,,,,,,,,0.0,100.0,50.0,0.0,,,,,1540.5,1662.0
2022-08-31,2022,Man City,Nott'm Forest,6,0,H,O,1.08,12.84,30.99,9,1,10,1,3,,,,,,,,,,,,,,,,,,,,100.0,0.0,0.0,50.0,,,,,1805.8,1496.6
2022-08-31,2022,Liverpool,Newcastle,2,1,H,O,1.31,5.81,9.58,6,2,13,0,3,,,,,,,,,,,,,,,,,,,,50.0,0.0,0.0,0.0,,,,,1761.1,1562.6
2022-08-31,2022,Bournemouth,Wolves,0,0,D,U,3.53,3.38,2.16,2,4,2,5,3,,,,,,,,,,,,,,,,,,,,50.0,50.0,0.0,100.0,,,,,1433.1,1497.4
2022-08-31,2022,Arsenal,Aston Villa,2,1,H,O,1.47,4.63,7.0,9,3,10,3,3,,,,,,,,,,,,,,,,,,,,100.0,0.0,0.0,100.0,,,,,1651.1,1478.5
2022-08-30,2022,Southampton,Chelsea,2,1,H,O,5.22,4.16,1.65,7,4,5,3,3,,,,,,,,,,,,,,,,,,,,0.0,50.0,50.0,50.0,,,,,1469.7,1658.0
2022-08-30,2022,Leeds,Everton,1,1,D,U,2.14,3.57,3.46,5,2,10,2,3,,,,,,,,,,,,,,,,,,,,100.0,0.0,0.0,50.0,,,,,1516.8,1477.2
2022-08-30,2022,Fulham,Brighton,2,1,H,O,3.21,3.35,2.33,3,4,3,3,3,,,,,,,,,,,,,,,,,,,,50.0,0.0,100.0,0.0,,,,,1420.1,1569.7
2022-08-30,2022,Crystal Palace,Brentford,1,1,D,U,2.1,3.42,3.72,4,3,4,6,3,,,,,,,,,,,,,,,,,,,,50.0,50.0,0.0,50.0,,,,,1526.6,1505.3
2022-08-28,2022,Wolves,Newcastle,1,1,D,U,2.75,3.26,2.7,4,6,4,13,2,,,,,,,,,,,,,,,,,,,,0.0,0.0,0.0,0.0,,,,,1495.4,1564.6
2022-08-28,2022,Nott'm Forest,Tottenham,0,2,A,U,6.98,4.59,1.47,1,7,6,1,2,,,,,,,,,,,,,,,,,,,,100.0,0.0,0.0,0.0,,,,,1502.4,1656.2
2022-08-28,2022,Aston Villa,West Ham,0,1,A,U,2.3,3.43,3.18,3,2,3,2,2,,,,,,,,,,,,,,,,,,,,100.0,0.0,0.0,100.0,,,,,1487.2,1531.7
2022-08-27,2022,Southampton,Man United,0,1,A,U,4.27,4.06,1.8,5,6,5,3,2,,,,,,,,,,,,,,,,,,,,0.0,0.0,0.0,100.0,,,,,1476.4,1597.1
2022-08-27,2022,Man City,Crystal Palace,4,2,H,O,1.19,7.56,15.25,5,2,6,1,2,,,,,,,,,,,,,,,,,,,,100.0,0.0,0.0,0.0,,,,,1802.4,1530.1
2022-08-27,2022,Liverpool,Bournemouth,9,0,H,O,1.11,10.17,25.51,12,2,8,1,2,,,,,,,,,,,,,,,,,,,,0.0,0.0,0.0,100.0,,,,,1758.4,1435.8
2022-08-27,2022,Chelsea,Leicester,2,1,H,O,1.42,4.93,7.52,3,5,3,11,2,,,,,,,,,,,,,,,,,,,,0.0,0.0,0.0,100.0,,,,,1651.1,1540.9
2022-08-27,2022,Brighton,Leeds,1,0,H,U,1.91,3.73,4.04,4,2,5,3,2,,,,,,,,,,,,,,,,,,,,0.0,0.0,0.0,0.0,,,,,1560.7,1525.8
2022-08-27,2022,Brentford,Everton,1,1,D,U,2.06,3.47,3.77,5,7,8,5,2,,,,,,,,,,,,,,,,,,,,100.0,0.0,0.0,100.0,,,,,1506.1,1476.3
2022-08-27,2022,Arsenal,Fulham,2,1,H,O,1.32,5.77,9.44,8,3,9,2,2,,,,,,,,,,,,,,,,,,,,100.0,0.0,0.0,0.0,,,,,1646.7,1424.4
2022-08-22,2022,Man United,Liverpool,2,1,H,O,5.22,4.38,1.6,4,5,6,8,2,,,,,,,,,,,,,,,,,,,,0.0,100.0,0.0,0.0,,,,,1582.1,1773.4
2022-08-21,2022,West Ham,Brighton,0,2,A,U,2.32,3.41,3.14,3,2,5,4,2,,,,,,,,,,,,,,,,,,,,0.0,100.0,100.0,0.0,,,,,1541.5,1551.0
2022-08-21,2022,Newcastle,Man City,3,3,D,O,8.67,5.11,1.37,6,10,5,5,2,,,,,,,,,,,,,,,,,,,,100.0,0.0,100.0,0.0,,,,,1558.4,1808.5
2022-08-21,2022,Leeds,Chelsea,3,0,H,O,5.93,4.43,1.55,6,3,4,6,2,,,,,,,,,,,,,,,,,,,,100.0,0.0,100.0,0.0,,,,,1511.6,1665.2
2022-08-20,2022,Tottenham,Wolves,1,0,H,U,1.41,4.88,7.96,4,3,8,6,2,,,,,,,,,,,,,,,,,,,,100.0,0.0,0.0,100.0,,,,,1650.2,1501.4
2022-08-20,2022,Leicester,Southampton,1,2,A,O,1.85,3.97,4.01,1,3,2,5,2,,,,,,,,,,,,,,,,,,,,0.0,0.0,0.0,100.0,,,,,1553.4,1463.9
2022-08-20,2022,Fulham,Brentford,3,2,H,O,2.46,3.42,2.92,9,5,6,3,2,,,,,,,,,,,,,,,,,,,,0.0,0.0,0.0,0.0,,,,,1411.4,1519.1
2022-08-20,2022,Everton,Nott'm Forest,1,1,D,U,1.97,3.48,4.05,8,5,6,2,2,,,,,,,,,,,,,,,,,,,,0.0,100.0,0.0,100.0,,,,,1475.5,1503.2
2022-08-20,2022,Crystal Palace,Aston Villa,3,1,H,O,2.52,3.2,3.0,9,5,4,2,2,,,,,,,,,,,,,,,,,,,,0.0,100.0,0.0,100.0,,,,,1520.8,1496.5
2022-08-20,2022,Bournemouth,Arsenal,0,3,A,O,7.65,4.7,1.43,1,6,3,4,2,,,,,,,,,,,,,,,,,,,,100.0,0.0,100.0,0.0,,,,,1440.6,1641.9
2022-08-15,2022,Liverpool,Crystal Palace,1,1,D,U,1.2,6.85,16.33,4,3,4,2,1,,,,,,,,,,,,,,,,,,,,,,,,,,,,1779.8,1514.3
2022-08-14,2022,Nott'm Forest,West Ham,1,0,H,U,4.21,3.64,1.9,6,5,6,7,1,,,,,,,,,,,,,,,,,,,,,,,,,,,,1491.4,1553.2
2022-08-14,2022,Chelsea,Tottenham,2,2,D,O,2.29,3.44,3.21,3,5,8,5,1,,,,,,,,,,,,,,,,,,,,,,,,,,,,1665.7,1649.8
2022-08-13,2022,Wolves,Fulham,0,0,D,U,2.4,3.28,3.15,1,3,5,3,1,,,,,,,,,,,,,,,,,,,,,,,,,,,,1504.0,1408.8
2022-08-13,2022,Southampton,Leeds,2,2,D,O,2.32,3.51,3.1,4,5,2,5,1,,,,,,,,,,,,,,,,,,,,,,,,,,,,1462.4,1513.1
2022-08-13,2022,Man City,Bournemouth,4,0,H,O,1.07,12.72,37.57,7,1,11,1,1,,,,,,,,,,,,,,,,,,,,,,,,,,,,1806.3,1442.8
2022-08-13,2022,Brighton,Newcastle,0,0,D,U,2.44,3.25,3.1,7,1,7,3,1,,,,,,,,,,,,,,,,,,,,,,,,,,,,1550.7,1558.7
2022-08-13,2022,Brentford,Man United,4,0,H,O,3.77,3.56,2.02,7,4,8,2,1,,,,,,,,,,,,,,,,,,,,,,,,,,,,1506.7,1594.6
2022-08-13,2022,Aston Villa,Everton,2,1,H,O,1.82,3.56,4.87,4,4,5,8,1,,,,,,,,,,,,,,,,,,,,,,,,,,,,1486.6,1485.5
2022-08-13,2022,Arsenal,Leicester,4,2,H,O,1.55,4.37,6.04,7,2,6,2,1,,,,,,,,,,,,,,,,,,,,,,,,,,,,1634.0,1561.4
2022-08-07,2022,West Ham,Man City,0,2,A,U,8.32,5.25,1.37,1,2,1,4,1,,,,,,,,,,,,,,,,,,,,,,,,,,,,1557.1,1802.4
2022-08-07,2022,Man United,Brighton,1,2,A,O,1.62,4.01,5.68,5,4,6,2,1,,,,,,,,,,,,,,,,,,,,,,,,,,,,1606.5,1538.8
2022-08-07,2022,Leicester,Brentford,2,2,D,O,2.03,3.66,3.64,5,3,5,6,1,,,,,,,,,,,,,,,,,,,,,,,,,,,,1563.0,1505.0
2022-08-06,2022,Tottenham,Southampton,4,1,H,O,1.36,5.27,8.64,8,2,10,2,1,,,,,,,,,,,,,,,,,,,,,,,,,,,,1644.5,1467.7
2022-08-06,2022,Newcastle,Nott'm Forest,2,0,H,U,1.67,3.8,5.57,10,0,11,1,1,,,,,,,,,,,,,,,,,,,,,,,,,,,,1550.1,1500.0
2022-08-06,2022,Leeds,Wolves,2,1,H,O,2.34,3.34,3.18,4,6,6,4,1,,,,,,,,,,,,,,,,,,,,,,,,,,,,1502.8,1514.4
2022-08-06,2022,Fulham,Liverpool,2,2,D,O,10.99,6.05,1.28,3,4,4,4,1,,,,,,,,,,,,,,,,,,,,,,,,,,,,1400.7,1787.9
2022-08-06,2022,Everton,Chelsea,0,1,A,U,5.74,3.96,1.63,4,6,4,16,1,,,,,,,,,,,,,,,,,,,,,,,,,,,,1491.0,1660.2
2022-08-06,2022,Bournemouth,Aston Villa,2,0,H,U,3.8,3.5,2.04,3,2,5,5,1,,,,,,,,,,,,,,,,,,,,,,,,,,,,1430.9,1498.5
2022-08-05,2022,Crystal Palace,Arsenal,0,2,A,U,4.39,3.59,1.88,2,2,3,5,1,,,,,,,,,,,,,,,,,,,,,,,,,,,,1521.4,1626.9
2022-05-22,2021,Norwich,Tottenham,0,5,A,O,11.19,6.45,1.26,0,13,3,2,19,1.0,1.0,2.0,0.0,2.0,5.0,-3.0,7.0,1.0,6.0,-5.0,4.0,-9.0,1.0,1.0,0.0,2.0,0.0,2.0,16.7,66.7,44.4,33.3,10.0,8.0,17.0,16.0,1336.5,1641.5
2022-05-22,2021,Man City,Aston Villa,3,2,H,O,1.16,8.18,18.24,5,2,13,1,19,3.0,1.0,0.0,1.0,13.0,4.0,9.0,1.0,3.0,-2.0,12.0,1.0,11.0,3.0,1.0,2.0,0.0,0.0,0.0,77.8,11.1,38.9,55.6,22.0,15.0,26.0,20.0,1799.4,1501.5
2022-05-22,2021,Liverpool,Wolves,3,1,H,O,1.16,8.12,18.95,8,5,5,3,19,2.0,0.0,0.0,2.0,7.0,2.0,5.0,1.0,4.0,-3.0,6.0,-2.0,8.0,2.0,0.0,2.0,0.0,0.0,0.0,77.8,0.0,44.4,38.9,12.0,10.0,34.0,11.0,1784.3,1517.9
2022-05-22,2021,Leicester,Southampton,4,1,H,O,1.88,4.03,3.86,6,2,3,3,19,1.0,0.0,1.0,2.0,4.0,2.0,2.0,2.0,7.0,-5.0,2.0,-5.0,7.0,1.0,0.0,1.0,0.0,2.0,-2.0,50.0,27.8,16.7,50.0,19.0,12.0,23.0,23.0,1555.3,1475.5
2022-05-22,2021,Crystal Palace,Man United,1,0,H,U,3.1,3.66,2.25,3,4,3,6,19,2.0,0.0,0.0,3.0,4.0,1.0,3.0,0.0,11.0,-11.0,4.0,-10.0,14.0,1.0,0.0,1.0,0.0,3.0,-3.0,33.3,22.2,33.3,38.9,19.0,11.0,14.0,15.0,1508.3,1619.6
2022-05-22,2021,Chelsea,Watford,2,1,H,O,1.17,7.89,17.63,8,3,3,3,19,1.0,0.0,0.0,3.0,4.0,1.0,3.0,3.0,8.0,-5.0,1.0,-7.0,8.0,0.0,0.0,0.0,0.0,2.0,-2.0,44.4,16.7,22.2,61.1,18.0,5.0,18.0,12.0,1656.9,1372.8
2022-05-22,2021,Burnley,Newcastle,1,2,A,O,2.24,3.48,3.25,5,6,8,2,19,2.0,1.0,1.0,2.0,4.0,4.0,0.0,3.0,10.0,-7.0,1.0,-6.0,7.0,1.0,1.0,0.0,1.0,2.0,-1.0,27.8,38.9,22.2,55.6,17.0,11.0,17.0,8.0,1474.5,1542.0
2022-05-22,2021,Brighton,West Ham,3,1,H,O,2.4,3.57,2.91,7,2,5,6,19,1.0,1.0,0.0,2.0,6.0,4.0,2.0,2.0,3.0,-1.0,4.0,1.0,3.0,1.0,1.0,0.0,0.0,1.0,-1.0,22.2,38.9,38.9,44.4,15.0,8.0,24.0,12.0,1527.6,1568.3
2022-05-22,2021,Brentford,Leeds,1,2,A,O,2.41,3.76,2.79,5,6,3,2,19,2.0,1.0,0.0,1.0,5.0,4.0,1.0,0.0,2.0,-2.0,5.0,2.0,3.0,2.0,1.0,1.0,0.0,0.0,0.0,38.9,44.4,22.2,50.0,14.0,9.0,20.0,13.0,1515.7,1492.1
2022-05-22,2021,Arsenal,Everton,5,1,H,O,1.37,5.15,8.69,9,2,12,2,19,2.0,1.0,1.0,1.0,6.0,2.0,4.0,4.0,3.0,1.0,2.0,-1.0,3.0,1.0,0.0,1.0,0.0,1.0,-1.0,66.7,22.2,11.1,66.7,20.0,10.0,20.0,15.0,1620.3,1497.6
2022-05-19,2021,Everton,Crystal Palace,3,2,H,O,1.95,3.47,4.16,6,5,4,5,19,1.0,1.0,1.0,1.0,4.0,3.0,1.0,4.0,3.0,1.0,0.0,0.0,0.0,0.0,0.0,0.0,0.0,0.0,0.0,44.4,44.4,22.2,38.9,12.0,11.0,13.0,17.0,1486.7,1519.2
2022-05-19,2021,Chelsea,Leicester,1,1,D,U,1.38,4.91,8.66,7,1,6,0,18,1.0,1.0,1.0,1.0,5.0,7.0,-2.0,6.0,5.0,1.0,-1.0,2.0,-3.0,0.0,1.0,-1.0,1.0,1.0,0.0,47.1,17.6,22.2,50.0,13.0,12.0,18.0,10.0,1659.9,1552.3
2022-05-19,2021,Aston Villa,Burnley,1,1,D,U,2.05,3.56,3.7,9,5,13,6,19,1.0,1.0,1.0,1.0,4.0,3.0,1.0,3.0,3.0,0.0,1.0,0.0,1.0,1.0,0.0,1.0,0.0,0.0,0.0,33.3,44.4,11.1,50.0,14.0,8.0,5.0,12.0,1502.4,1473.7
2022-05-17,2021,Southampton,Liverpool,1,2,A,O,8.02,5.49,1.37,2,5,1,9,19,1.0,2.0,2.0,0.0,2.0,5.0,-3.0,8.0,3.0,5.0,-6.0,2.0,-8.0,0.0,0.0,0.0,1.0,0.0,1.0,33.3,27.8,66.7,11.1,7.0,20.0,15.0,10.0,1478.4,1781.3
2022-05-16,2021,Newcastle,Arsenal,2,0,H,U,4.14,3.68,1.88,4,2,12,8,19,2.0,2.0,1.0,1.0,3.0,6.0,-3.0,2.0,6.0,-4.0,1.0,0.0,1.0,0.0,1.0,-1.0,0.0,1.0,-1.0,38.9,27.8,50.0,44.4,13.0,15.0,5.0,10.0,1529.1,1633.2
2022-05-15,2021,Wolves,Norwich,1,1,D,U,1.46,4.58,7.25,4,2,5,3,19,1.0,0.0,2.0,3.0,3.0,2.0,1.0,9.0,8.0,1.0,-6.0,-6.0,0.0,0.0,0.0,0.0,2.0,2.0,0.0,38.9,50.0,11.1,72.2,9.0,12.0,17.0,12.0,1522.9,1331.5
2022-05-15,2021,West Ham,Man City,2,2,D,O,8.01,5.2,1.38,2,8,4,9,19,1.0,3.0,1.0,0.0,4.0,11.0,-7.0,4.0,1.0,3.0,0.0,10.0,-10.0,0.0,3.0,-3.0,0.0,0.0,0.0,50.0,27.8,77.8,5.6,16.0,17.0,18.0,16.0,1562.3,1805.4
2022-05-15,2021,Watford,Leicester,1,5,A,O,3.65,3.68,2.02,5,7,7,3,19,0.0,0.0,2.0,2.0,2.0,3.0,-1.0,4.0,6.0,-2.0,-2.0,-3.0,1.0,0.0,0.0,0.0,0.0,1.0,-1.0,11.1,77.8,17.6,52.9,5.0,7.0,12.0,12.0,1378.3,1546.8
2022-05-15,2021,Tottenham,Burnley,1,0,H,U,1.34,5.36,9.11,8,1,8,2,19,2.0,1.0,1.0,1.0,6.0,3.0,3.0,2.0,4.0,-2.0,4.0,-1.0,5.0,2.0,0.0,2.0,0.0,1.0,-1.0,66.7,27.8,11.8,47.1,13.0,11.0,13.0,17.0,1635.7,1479.5
2022-05-15,2021,Leeds,Brighton,1,1,D,U,2.67,3.52,2.61,5,6,8,1,19,0.0,2.0,2.0,1.0,1.0,4.0,-3.0,8.0,3.0,5.0,-7.0,1.0,-8.0,0.0,1.0,-1.0,2.0,1.0,1.0,22.2,50.0,38.9,22.2,5.0,15.0,8.0,11.0,1491.0,1528.7
2022-05-15,2021,Everton,Brentford,2,3,A,O,2.1,3.55,3.53,5,7,5,2,18,2.0,2.0,0.0,1.0,3.0,6.0,-3.0,1.0,5.0,-4.0,2.0,1.0,1.0,0.0,1.0,-1.0,0.0,1.0,-1.0,47.1,41.2,27.8,50.0,10.0,15.0,13.0,20.0,1496.4,1506.0
2022-05-15,2021,Aston Villa,Crystal Palace,1,1,D,U,2.06,3.55,3.63,4,4,1,5,18,1.0,1.0,2.0,2.0,3.0,3.0,0.0,6.0,4.0,2.0,-3.0,-1.0,-2.0,1.0,0.0,1.0,1.0,0.0,1.0,35.3,47.1,23.5,41.2,18.0,10.0,13.0,16.0,1501.9,1519.7
2022-05-12,2021,Tottenham,Arsenal,3,0,H,O,2.12,3.6,3.42,6,4,2,2,18,2.0,2.0,1.0,1.0,8.0,6.0,2.0,3.0,4.0,-1.0,5.0,2.0,3.0,2.0,1.0,1.0,0.0,0.0,0.0,64.7,29.4,52.9,41.2,13.0,17.0,13.0,16.0,1625.2,1643.8
2022-05-11,2021,Wolves,Man City,1,5,A,O,12.83,5.88,1.26,3,5,6,2,18,1.0,2.0,2.0,0.0,4.0,6.0,-2.0,7.0,0.0,7.0,-3.0,6.0,-9.0,0.0,2.0,-2.0,1.0,0.0,1.0,41.2,47.1,76.5,5.9,14.0,16.0,13.0,20.0,1526.3,1802.0
2022-05-11,2021,Watford,Everton,0,0,D,U,4.26,3.68,1.87,0,5,1,13,18,0.0,1.0,3.0,2.0,2.0,4.0,-2.0,7.0,6.0,1.0,-5.0,-2.0,-3.0,0.0,0.0,0.0,1.0,1.0,0.0,11.8,82.4,11.8,70.6,6.0,9.0,14.0,8.0,1374.8,1499.8
2022-05-11,2021,Leicester,Norwich,3,0,H,O,1.44,4.9,7.02,8,5,10,2,18,1.0,0.0,1.0,2.0,3.0,2.0,1.0,3.0,5.0,-2.0,0.0,-3.0,3.0,0.0,0.0,0.0,0.0,1.0,-1.0,47.1,29.4,11.8,70.6,14.0,7.0,16.0,12.0,1542.1,1336.2
2022-05-11,2021,Leeds,Chelsea,0,3,A,O,4.98,4.17,1.67,0,4,1,5,18,1.0,1.0,1.0,1.0,3.0,7.0,-4.0,6.0,2.0,4.0,-3.0,5.0,-8.0,0.0,1.0,-1.0,1.0,0.0,1.0,23.5,47.1,61.1,16.7,12.0,25.0,13.0,20.0,1496.8,1654.2
2022-05-10,2021,Aston Villa,Liverpool,1,2,A,O,7.35,4.85,1.44,4,6,2,3,17,1.0,2.0,2.0,0.0,2.0,5.0,-3.0,5.0,2.0,3.0,-3.0,3.0,-6.0,1.0,1.0,0.0,1.0,0.0,1.0,37.5,43.8,64.7,11.8,15.0,17.0,17.0,13.0,1505.3,1777.9
2022-05-08,2021,Norwich,West Ham,0,4,A,O,4.51,3.81,1.8,2,5,9,5,18,1.0,0.0,2.0,3.0,3.0,1.0,2.0,6.0,6.0,0.0,-3.0,-5.0,2.0,1.0,0.0,1.0,2.0,2.0,0.0,17.6,64.7,35.3,47.1,11.0,4.0,11.0,10.0,1340.7,1557.8
2022-05-08,2021,Man City,Newcastle,5,0,H,O,1.18,7.63,17.16,9,3,8,2,18,2.0,1.0,0.0,2.0,10.0,4.0,6.0,3.0,6.0,-3.0,7.0,-2.0,9.0,2.0,1.0,1.0,0.0,1.0,-1.0,76.5,11.8,23.5,52.9,18.0,14.0,22.0,13.0,1798.5,1532.7
2022-05-08,2021,Leicester,Everton,1,2,A,O,2.61,3.34,2.8,9,4,6,1,17,2.0,0.0,0.0,3.0,4.0,3.0,1.0,2.0,7.0,-5.0,2.0,-4.0,6.0,0.0,0.0,0.0,0.0,1.0,-1.0,50.0,25.0,6.2,75.0,9.0,7.0,12.0,11.0,1554.0,1488.0
2022-05-08,2021,Arsenal,Leeds,2,1,H,O,1.46,4.81,6.77,9,2,8,2,18,1.0,2.0,2.0,0.0,4.0,6.0,-2.0,5.0,2.0,3.0,-1.0,4.0,-5.0,1.0,1.0,0.0,1.0,0.0,1.0,64.7,23.5,23.5,47.1,13.0,13.0,13.0,16.0,1637.5,1503.1
2022-05-07,2021,Liverpool,Tottenham,1,1,D,U,1.46,4.89,6.68,3,3,11,5,18,3.0,2.0,0.0,0.0,8.0,6.0,2.0,0.0,0.0,0.0,8.0,6.0,2.0,3.0,2.0,1.0,0.0,0.0,0.0,82.4,0.0,47.1,35.3,12.0,12.0,32.0,14.0,1782.2,1620.9
2022-05-07,2021,Crystal Palace,Watford,1,0,H,U,1.69,3.89,5.2,7,1,8,5,18,1.0,1.0,0.0,2.0,3.0,3.0,0.0,0.0,8.0,-8.0,3.0,-5.0,8.0,1.0,0.0,1.0,0.0,2.0,-2.0,29.4,23.5,23.5,58.8,13.0,9.0,8.0,10.0,1513.4,1381.2
2022-05-07,2021,Chelsea,Wolves,2,2,D,O,1.36,4.95,9.62,6,4,9,3,17,1.0,1.0,2.0,2.0,4.0,1.0,3.0,8.0,2.0,6.0,-4.0,-1.0,-3.0,0.0,0.0,0.0,2.0,0.0,2.0,50.0,18.8,47.1,41.2,15.0,9.0,21.0,10.0,1657.9,1522.6
2022-05-07,2021,Burnley,Aston Villa,1,3,A,O,3.0,3.33,2.46,6,7,4,5,18,3.0,0.0,0.0,2.0,6.0,2.0,4.0,2.0,4.0,-2.0,4.0,-2.0,6.0,1.0,0.0,1.0,0.0,0.0,0.0,29.4,35.3,35.3,58.8,15.0,15.0,22.0,22.0,1489.3,1495.5
2022-05-07,2021,Brighton,Man United,4,0,H,O,2.8,3.44,2.56,6,5,7,6,18,0.0,0.0,1.0,3.0,2.0,1.0,1.0,4.0,8.0,-4.0,-2.0,-7.0,5.0,0.0,0.0,0.0,1.0,2.0,-1.0,17.6,41.2,35.3,35.3,9.0,10.0,23.0,16.0,1515.5,1632.9
2022-05-07,2021,Brentford,Southampton,3,0,H,O,2.21,3.44,3.35,5,4,4,7,18,2.0,0.0,0.0,1.0,4.0,3.0,1.0,0.0,5.0,-5.0,4.0,-2.0,6.0,2.0,0.0,2.0,0.0,1.0,-1.0,35.3,47.1,17.6,47.1,13.0,14.0,18.0,23.0,1496.2,1488.2
2022-05-02,2021,Man United,Brentford,3,0,H,O,1.76,3.95,4.51,5,4,3,8,19,1.0,2.0,0.0,1.0,5.0,7.0,-2.0,4.0,4.0,0.0,1.0,3.0,-2.0,0.0,1.0,-1.0,0.0,0.0,0.0,50.0,22.2,29.4,47.1,17.0,17.0,14.0,17.0,1626.3,1502.8
2022-05-01,2021,West Ham,Arsenal,1,2,A,O,4.54,3.84,1.79,3,7,3,7,18,2.0,1.0,0.0,2.0,5.0,4.0,1.0,3.0,6.0,-3.0,2.0,-2.0,4.0,0.0,1.0,-1.0,0.0,1.0,-1.0,52.9,23.5,50.0,43.8,17.0,13.0,20.0,11.0,1566.0,1629.3
2022-05-01,2021,Tottenham,Leicester,3,1,H,O,1.46,4.8,6.88,7,2,7,3,17,2.0,0.0,1.0,1.0,8.0,3.0,5.0,3.0,4.0,-1.0,5.0,-1.0,6.0,2.0,0.0,2.0,0.0,0.0,0.0,62.5,31.2,18.8,50.0,10.0,8.0,11.0,14.0,1612.3,1562.5
2022-05-01,2021,Everton,Chelsea,1,0,H,U,4.83,3.71,1.77,4,5,3,8,17,2.0,2.0,0.0,0.0,3.0,10.0,-7.0,1.0,2.0,-1.0,2.0,8.0,-6.0,0.0,2.0,-2.0,0.0,0.0,0.0,43.8,43.8,64.7,11.8,9.0,27.0,15.0,20.0,1472.8,1673.1
2022-04-30,2021,Wolves,Brighton,0,3,A,O,2.75,3.09,2.83,1,9,7,3,17,2.0,2.0,1.0,1.0,8.0,3.0,5.0,4.0,4.0,0.0,4.0,-1.0,5.0,1.0,0.0,1.0,0.0,1.0,-1.0,43.8,43.8,35.3,23.5,18.0,9.0,11.0,10.0,1533.5,1504.6
2022-04-30,2021,Watford,Burnley,1,2,A,O,2.68,3.31,2.75,1,6,5,6,17,0.0,0.0,3.0,2.0,3.0,1.0,2.0,8.0,5.0,3.0,-5.0,-4.0,-1.0,0.0,0.0,0.0,1.0,2.0,-1.0,12.5,81.2,6.2,50.0,12.0,6.0,10.0,20.0,1388.6,1481.9
2022-04-30,2021,Southampton,Crystal Palace,1,2,A,O,2.41,3.37,3.05,3,5,6,7,18,1.0,1.0,2.0,2.0,2.0,3.0,-1.0,8.0,3.0,5.0,-6.0,0.0,-6.0,0.0,1.0,-1.0,1.0,0.0,1.0,35.3,23.5,18.8,43.8,11.0,13.0,20.0,16.0,1498.0,1503.5
2022-04-30,2021,Newcastle,Liverpool,0,1,A,U,7.81,4.87,1.41,2,10,0,6,18,3.0,2.0,0.0,0.0,4.0,6.0,-2.0,1.0,2.0,-1.0,3.0,4.0,-1.0,0.0,2.0,-2.0,0.0,0.0,0.0,41.2,23.5,62.5,12.5,15.0,16.0,6.0,13.0,1536.7,1778.2
2022-04-30,2021,Leeds,Man City,0,4,A,O,9.69,5.85,1.31,2,6,3,6,17,1.0,2.0,1.0,0.0,3.0,3.0,0.0,5.0,0.0,5.0,-2.0,3.0,-5.0,0.0,1.0,-1.0,1.0,0.0,1.0,25.0,43.8,75.0,6.2,11.0,18.0,13.0,18.0,1506.2,1795.3
2022-04-30,2021,Aston Villa,Norwich,2,0,H,U,1.4,4.94,8.3,6,3,2,3,16,1.0,0.0,2.0,2.0,4.0,3.0,1.0,5.0,5.0,0.0,-1.0,-2.0,1.0,1.0,0.0,1.0,1.0,0.0,1.0,33.3,46.7,12.5,68.8,18.0,8.0,19.0,11.0,1489.4,1346.8
2022-04-28,2021,Man United,Chelsea,1,1,D,U,3.17,3.57,2.25,3,6,2,9,18,2.0,3.0,0.0,0.0,7.0,13.0,-6.0,5.0,1.0,4.0,2.0,12.0,-10.0,0.0,3.0,-3.0,0.0,0.0,0.0,52.9,23.5,68.8,12.5,20.0,26.0,16.0,13.0,1624.9,1674.5
2022-04-25,2021,Crystal Palace,Leeds,0,0,D,U,2.08,3.59,3.53,7,2,6,3,17,1.0,2.0,0.0,1.0,4.0,6.0,-2.0,1.0,3.0,-2.0,3.0,3.0,0.0,1.0,1.0,0.0,0.0,0.0,0.0,31.2,25.0,25.0,50.0,10.0,15.0,7.0,23.0,1503.5,1506.3
2022-04-24,2021,Liverpool,Everton,2,0,H,U,1.19,7.35,15.64,4,1,13,1,17,3.0,0.0,0.0,3.0,7.0,3.0,4.0,0.0,10.0,-10.0,7.0,-7.0,14.0,2.0,0.0,2.0,0.0,1.0,-1.0,81.2,0.0,6.7,73.3,13.0,6.0,23.0,12.0,1775.2,1475.8
2022-04-24,2021,Chelsea,West Ham,1,0,H,U,1.53,4.37,6.4,5,2,3,1,16,1.0,0.0,2.0,3.0,4.0,1.0,3.0,8.0,6.0,2.0,-4.0,-5.0,1.0,0.0,0.0,0.0,2.0,2.0,0.0,46.7,20.0,37.5,43.8,13.0,7.0,25.0,15.0,1667.2,1573.4
2022-04-24,2021,Burnley,Wolves,1,0,H,U,2.71,3.11,2.86,5,4,3,6,17,2.0,1.0,1.0,2.0,5.0,1.0,4.0,4.0,2.0,2.0,1.0,-1.0,2.0,1.0,0.0,1.0,1.0,0.0,1.0,25.0,37.5,50.0,37.5,11.0,6.0,20.0,9.0,1469.8,1545.6
2022-04-24,2021,Brighton,Southampton,2,2,D,O,2.17,3.32,3.59,5,5,6,6,17,0.0,0.0,2.0,2.0,0.0,1.0,-1.0,4.0,7.0,-3.0,-4.0,-6.0,2.0,0.0,0.0,0.0,2.0,2.0,0.0,18.8,43.8,18.8,50.0,7.0,10.0,24.0,24.0,1504.8,1497.8
2022-04-23,2021,Norwich,Newcastle,0,3,A,O,3.55,3.33,2.18,2,7,2,3,17,1.0,0.0,2.0,3.0,4.0,1.0,3.0,6.0,7.0,-1.0,-2.0,-6.0,4.0,1.0,0.0,1.0,2.0,1.0,1.0,18.8,62.5,18.8,56.2,16.0,9.0,14.0,12.0,1352.0,1531.4
2022-04-23,2021,Man City,Watford,5,1,H,O,1.11,9.78,25.83,8,2,11,4,17,2.0,1.0,0.0,2.0,9.0,2.0,7.0,3.0,7.0,-4.0,6.0,-5.0,11.0,2.0,0.0,2.0,0.0,2.0,-2.0,75.0,12.5,25.0,56.2,20.0,7.0,20.0,8.0,1793.5,1390.4
2022-04-23,2021,Leicester,Aston Villa,0,0,D,U,2.85,3.39,2.54,2,3,7,6,16,3.0,1.0,0.0,2.0,5.0,5.0,0.0,2.0,4.0,-2.0,3.0,1.0,2.0,0.0,1.0,-1.0,0.0,0.0,0.0,53.3,26.7,37.5,62.5,11.0,21.0,10.0,21.0,1564.7,1487.2
2022-04-23,2021,Brentford,Tottenham,0,0,D,U,4.28,3.67,1.87,2,0,12,8,17,2.0,2.0,1.0,1.0,4.0,8.0,-4.0,2.0,3.0,-1.0,2.0,5.0,-3.0,2.0,2.0,0.0,1.0,0.0,1.0,37.5,50.0,50.0,37.5,12.0,15.0,12.0,11.0,1499.6,1615.5
2022-04-23,2021,Arsenal,Man United,3,1,H,O,2.11,3.58,3.5,7,5,1,7,17,1.0,0.0,2.0,3.0,3.0,1.0,2.0,4.0,9.0,-5.0,-1.0,-8.0,7.0,1.0,0.0,1.0,1.0,2.0,-1.0,62.5,25.0,37.5,31.2,14.0,7.0,14.0,12.0,1618.8,1635.3
2022-04-21,2021,Burnley,Southampton,2,0,H,U,2.76,3.41,2.61,6,3,10,10,16,1.0,0.0,2.0,1.0,3.0,2.0,1.0,8.0,6.0,2.0,-5.0,-4.0,-1.0,0.0,0.0,0.0,2.0,1.0,1.0,20.0,40.0,20.0,46.7,6.0,11.0,15.0,18.0,1458.3,1509.3
2022-04-20,2021,Newcastle,Crystal Palace,1,0,H,U,2.34,3.26,3.25,4,2,2,5,17,3.0,2.0,0.0,1.0,5.0,7.0,-2.0,2.0,3.0,-1.0,3.0,4.0,-1.0,0.0,2.0,-2.0,0.0,0.0,0.0,37.5,25.0,20.0,40.0,15.0,16.0,8.0,15.0,1521.6,1513.2
2022-04-20,2021,Man City,Brighton,3,0,H,O,1.2,6.85,17.12,5,1,7,4,16,1.0,2.0,1.0,1.0,8.0,4.0,4.0,6.0,3.0,3.0,2.0,1.0,1.0,1.0,0.0,1.0,0.0,0.0,0.0,73.3,13.3,37.5,18.8,19.0,12.0,23.0,13.0,1790.2,1508.1
2022-04-20,2021,Everton,Leicester,1,1,D,U,2.32,3.45,3.15,3,3,5,4,16,2.0,0.0,1.0,2.0,2.0,2.0,0.0,1.0,5.0,-4.0,1.0,-3.0,4.0,0.0,0.0,0.0,0.0,1.0,-1.0,46.7,46.7,20.0,53.3,8.0,8.0,15.0,16.0,1473.2,1567.4
2022-04-20,2021,Chelsea,Arsenal,2,4,A,O,1.87,3.64,4.34,2,4,6,1,15,2.0,1.0,1.0,2.0,4.0,1.0,3.0,4.0,4.0,0.0,0.0,-3.0,3.0,1.0,0.0,1.0,1.0,1.0,0.0,50.0,14.3,46.7,46.7,18.0,12.0,29.0,15.0,1679.2,1606.7
2022-04-19,2021,Liverpool,Man United,4,0,H,O,1.41,5.21,7.44,5,1,10,2,16,3.0,1.0,0.0,2.0,9.0,5.0,4.0,0.0,7.0,-7.0,9.0,-2.0,11.0,2.0,1.0,1.0,0.0,1.0,-1.0,80.0,0.0,40.0,26.7,23.0,15.0,17.0,13.0,1768.7,1641.8
2022-04-17,2021,West Ham,Burnley,1,1,D,U,1.72,3.84,5.02,8,1,13,4,17,3.0,0.0,0.0,2.0,5.0,1.0,4.0,2.0,5.0,-3.0,3.0,-4.0,7.0,0.0,0.0,0.0,0.0,2.0,-2.0,56.2,25.0,6.7,53.3,13.0,6.0,10.0,20.0,1576.7,1455.0
2022-04-17,2021,Newcastle,Leicester,2,1,H,O,2.25,3.38,3.32,7,2,3,5,16,3.0,1.0,0.0,1.0,4.0,3.0,1.0,1.0,3.0,-2.0,3.0,0.0,3.0,0.0,1.0,-1.0,0.0,1.0,-1.0,33.3,26.7,21.4,50.0,10.0,12.0,8.0,19.0,1509.7,1579.4
2022-04-16,2021,Watford,Brentford,1,2,A,O,2.86,3.28,2.59,4,5,6,5,16,0.0,2.0,3.0,1.0,3.0,8.0,-5.0,10.0,4.0,6.0,-7.0,4.0,-11.0,0.0,2.0,-2.0,2.0,0.0,2.0,13.3,80.0,25.0,50.0,9.0,18.0,10.0,17.0,1397.7,1492.2
2022-04-16,2021,Tottenham,Brighton,0,1,A,U,1.54,4.25,6.35,0,5,4,4,16,3.0,1.0,0.0,2.0,13.0,3.0,10.0,2.0,5.0,-3.0,11.0,-2.0,13.0,3.0,0.0,3.0,0.0,1.0,-1.0,66.7,26.7,33.3,20.0,17.0,10.0,12.0,11.0,1629.2,1494.4
2022-04-16,2021,Southampton,Arsenal,1,0,H,U,3.9,3.68,1.95,3,6,6,8,17,0.0,2.0,3.0,1.0,2.0,4.0,-2.0,10.0,5.0,5.0,-8.0,-1.0,-7.0,0.0,0.0,0.0,1.0,1.0,0.0,31.2,25.0,50.0,42.9,13.0,10.0,26.0,12.0,1495.9,1620.2
2022-04-16,2021,Man United,Norwich,3,2,H,O,1.24,6.45,12.84,9,4,6,7,17,1.0,0.0,0.0,2.0,4.0,1.0,3.0,3.0,4.0,-1.0,1.0,-3.0,4.0,0.0,0.0,0.0,0.0,1.0,-1.0,50.0,25.0,13.3,66.7,14.0,5.0,14.0,10.0,1638.6,1355.3
2022-04-10,2021,Norwich,Burnley,2,0,H,U,2.97,3.19,2.56,6,4,6,7,16,0.0,1.0,3.0,1.0,2.0,4.0,-2.0,10.0,3.0,7.0,-8.0,1.0,-9.0,0.0,1.0,-1.0,3.0,1.0,2.0,13.3,66.7,7.1,50.0,13.0,6.0,12.0,17.0,1341.8,1468.4
2022-04-10,2021,Man City,Liverpool,2,2,D,O,2.06,3.71,3.5,5,4,4,1,15,2.0,3.0,1.0,0.0,8.0,5.0,3.0,4.0,0.0,4.0,4.0,5.0,-1.0,2.0,2.0,0.0,0.0,0.0,0.0,78.6,14.3,66.7,13.3,21.0,16.0,28.0,20.0,1790.8,1768.0
2022-04-10,2021,Leicester,Crystal Palace,2,1,H,O,2.41,3.44,2.98,3,3,3,4,15,2.0,2.0,0.0,0.0,5.0,6.0,-1.0,3.0,1.0,2.0,2.0,5.0,-3.0,0.0,2.0,-2.0,0.0,0.0,0.0,50.0,28.6,21.4,35.7,10.0,16.0,12.0,20.0,1570.8,1521.8
2022-04-10,2021,Brentford,West Ham,2,0,H,U,2.69,3.31,2.73,7,1,4,6,16,1.0,0.0,1.0,2.0,2.0,3.0,-1.0,2.0,6.0,-4.0,0.0,-3.0,3.0,1.0,0.0,1.0,1.0,1.0,0.0,33.3,53.3,40.0,40.0,7.0,9.0,11.0,13.0,1479.1,1589.8
2022-04-09,2021,Watford,Leeds,0,3,A,O,2.69,3.54,2.58,1,5,3,8,15,0.0,1.0,3.0,2.0,3.0,3.0,0.0,9.0,9.0,0.0,-6.0,-6.0,0.0,0.0,0.0,0.0,2.0,1.0,1.0,14.3,78.6,20.0,53.3,9.0,12.0,11.0,15.0,1405.1,1499.0
2022-04-09,2021,Southampton,Chelsea,0,6,A,O,3.98,3.69,1.93,1,14,3,3,16,1.0,3.0,2.0,0.0,4.0,8.0,-4.0,4.0,1.0,3.0,0.0,7.0,-7.0,1.0,2.0,-1.0,0.0,0.0,0.0,33.3,20.0,66.7,13.3,21.0,15.0,36.0,14.0,1501.3,1673.8
2022-04-09,2021,Everton,Man United,1,0,H,U,4.48,3.84,1.8,3,4,5,7,15,1.0,1.0,2.0,1.0,1.0,6.0,-5.0,2.0,7.0,-5.0,-1.0,-1.0,0.0,0.0,1.0,-1.0,0.0,1.0,-1.0,42.9,50.0,42.9,21.4,7.0,16.0,13.0,16.0,1458.0,1653.7
2022-04-09,2021,Aston Villa,Tottenham,0,4,A,O,3.15,3.55,2.27,8,5,9,3,15,1.0,2.0,2.0,1.0,4.0,8.0,-4.0,2.0,3.0,-1.0,2.0,5.0,-3.0,1.0,2.0,-1.0,0.0,0.0,0.0,35.7,42.9,46.7,40.0,11.0,21.0,20.0,14.0,1493.6,1622.8
2022-04-09,2021,Arsenal,Brighton,1,2,A,O,1.65,3.9,5.64,4,3,11,2,16,2.0,1.0,1.0,2.0,4.0,3.0,1.0,3.0,4.0,-1.0,1.0,-1.0,2.0,1.0,1.0,0.0,1.0,1.0,0.0,66.7,20.0,28.6,21.4,15.0,13.0,8.0,14.0,1634.3,1480.3
2022-04-08,2021,Newcastle,Wolves,1,0,H,U,2.31,3.11,3.51,4,2,1,2,15,3.0,1.0,0.0,2.0,6.0,2.0,4.0,2.0,3.0,-1.0,4.0,-1.0,5.0,1.0,0.0,1.0,0.0,0.0,0.0,28.6,28.6,53.3,33.3,15.0,6.0,13.0,11.0,1498.0,1557.3
2022-04-06,2021,Burnley,Everton,3,2,H,O,2.57,3.16,2.98,4,4,9,6,15,0.0,0.0,3.0,3.0,0.0,1.0,-1.0,8.0,9.0,-1.0,-8.0,-8.0,0.0,0.0,0.0,0.0,3.0,2.0,1.0,14.3,42.9,7.1,71.4,4.0,2.0,12.0,10.0,1458.2,1468.3
2022-04-04,2021,Crystal Palace,Arsenal,3,0,H,O,4.05,3.41,1.99,5,3,0,2,16,0.0,3.0,1.0,0.0,1.0,5.0,-4.0,2.0,2.0,0.0,-1.0,3.0,-4.0,0.0,0.0,0.0,0.0,0.0,0.0,26.7,26.7,53.8,38.5,5.0,9.0,11.0,14.0,1508.0,1648.1
2022-04-03,2021,West Ham,Everton,2,1,H,O,1.79,3.75,4.6,5,2,2,4,16,2.0,0.0,0.0,3.0,4.0,1.0,3.0,2.0,10.0,-8.0,2.0,-9.0,11.0,0.0,0.0,0.0,0.0,3.0,-3.0,53.3,26.7,7.7,69.2,11.0,3.0,11.0,8.0,1582.8,1475.3
2022-04-03,2021,Tottenham,Newcastle,5,1,H,O,1.52,4.36,6.58,6,1,2,3,15,2.0,1.0,1.0,2.0,8.0,2.0,6.0,3.0,3.0,0.0,5.0,-1.0,6.0,2.0,0.0,2.0,1.0,0.0,1.0,64.3,28.6,20.0,53.3,18.0,12.0,17.0,14.0,1615.9,1504.9
2022-04-02,2021,Wolves,Aston Villa,2,1,H,O,3.01,3.1,2.59,5,5,4,9,16,1.0,2.0,2.0,1.0,6.0,6.0,0.0,5.0,2.0,3.0,1.0,4.0,-3.0,1.0,2.0,-1.0,1.0,0.0,1.0,40.0,46.7,40.0,60.0,18.0,20.0,14.0,14.0,1548.6,1502.3
2022-04-02,2021,Man United,Leicester,1,1,D,U,1.52,4.6,6.1,5,3,6,5,16,2.0,1.0,0.0,2.0,5.0,3.0,2.0,2.0,4.0,-2.0,3.0,-1.0,4.0,1.0,1.0,0.0,0.0,1.0,-1.0,53.3,26.7,23.1,53.8,16.0,16.0,18.0,24.0,1656.1,1568.3
2022-04-02,2021,Liverpool,Watford,2,0,H,U,1.13,9.36,21.82,3,2,9,3,15,3.0,1.0,0.0,1.0,10.0,2.0,8.0,1.0,5.0,-4.0,9.0,-3.0,12.0,2.0,0.0,2.0,0.0,1.0,-1.0,78.6,0.0,26.7,53.3,28.0,7.0,17.0,8.0,1765.8,1407.3
2022-04-02,2021,Leeds,Southampton,1,1,D,U,2.42,3.61,2.86,3,6,4,7,16,1.0,1.0,2.0,1.0,2.0,4.0,-2.0,8.0,7.0,1.0,-6.0,-3.0,-3.0,0.0,0.0,0.0,2.0,1.0,1.0,26.7,46.7,21.4,50.0,11.0,15.0,12.0,19.0,1498.9,1501.3
2022-04-02,2021,Chelsea,Brentford,1,4,A,O,1.35,4.99,10.04,8,6,12,7,14,2.0,1.0,0.0,2.0,5.0,5.0,0.0,2.0,5.0,-3.0,3.0,0.0,3.0,1.0,1.0,0.0,0.0,0.0,0.0,53.8,7.7,20.0,53.3,16.0,14.0,23.0,10.0,1689.5,1463.4
2022-04-02,2021,Burnley,Man City,0,2,A,U,13.75,6.54,1.23,1,6,1,8,14,1.0,2.0,2.0,0.0,1.0,5.0,-4.0,6.0,0.0,6.0,-5.0,5.0,-10.0,0.0,1.0,-1.0,2.0,0.0,2.0,15.4,38.5,73.3,6.7,7.0,21.0,14.0,22.0,1460.8,1788.2
2022-04-02,2021,Brighton,Norwich,0,0,D,U,1.5,4.12,7.51,4,0,11,2,16,0.0,0.0,3.0,3.0,0.0,2.0,-2.0,6.0,7.0,-1.0,-6.0,-5.0,-1.0,0.0,0.0,0.0,3.0,2.0,1.0,20.0,46.7,14.3,71.4,4.0,6.0,20.0,12.0,1484.3,1337.8
2022-03-20,2021,Tottenham,West Ham,3,1,H,O,1.75,3.94,4.7,4,1,5,3,14,1.0,0.0,2.0,2.0,7.0,2.0,5.0,5.0,4.0,1.0,2.0,-2.0,4.0,1.0,0.0,1.0,1.0,0.0,1.0,61.5,30.8,42.9,35.7,17.0,9.0,14.0,13.0,1606.2,1592.4
2022-03-20,2021,Leicester,Brentford,2,1,H,O,2.19,3.45,3.41,4,6,2,5,14,1.0,1.0,0.0,2.0,4.0,4.0,0.0,3.0,5.0,-2.0,1.0,-1.0,2.0,0.0,1.0,-1.0,0.0,1.0,-1.0,46.2,30.8,21.4,50.0,11.0,10.0,14.0,8.0,1560.8,1470.9
2022-03-19,2021,Aston Villa,Arsenal,0,1,A,U,2.99,3.47,2.41,1,3,6,5,14,1.0,3.0,1.0,0.0,7.0,9.0,-2.0,4.0,2.0,2.0,3.0,7.0,-4.0,1.0,1.0,0.0,0.0,0.0,0.0,38.5,38.5,50.0,41.7,14.0,12.0,20.0,14.0,1508.6,1641.8
2022-03-18,2021,Wolves,Leeds,2,3,A,O,2.14,3.49,3.56,8,6,2,5,15,2.0,0.0,1.0,3.0,6.0,0.0,6.0,3.0,10.0,-7.0,3.0,-10.0,13.0,1.0,0.0,1.0,1.0,2.0,-1.0,42.9,42.9,14.3,57.1,13.0,6.0,19.0,13.0,1560.7,1486.8
2022-03-17,2021,Everton,Newcastle,1,0,H,U,2.37,3.38,3.11,3,6,5,7,14,1.0,2.0,2.0,1.0,3.0,4.0,-1.0,2.0,2.0,0.0,1.0,2.0,-1.0,1.0,1.0,0.0,0.0,0.0,0.0,38.5,53.8,21.4,50.0,14.0,17.0,13.0,13.0,1463.8,1516.4
2022-03-16,2021,Brighton,Tottenham,0,2,A,U,3.28,3.34,2.3,0,7,6,3,15,0.0,1.0,3.0,2.0,0.0,6.0,-6.0,7.0,4.0,3.0,-7.0,2.0,-9.0,0.0,1.0,-1.0,3.0,0.0,3.0,21.4,42.9,42.9,42.9,5.0,16.0,18.0,18.0,1491.3,1599.3
2022-03-16,2021,Arsenal,Liverpool,0,2,A,U,3.78,3.98,1.92,2,3,1,6,15,3.0,3.0,0.0,0.0,6.0,6.0,0.0,2.0,1.0,1.0,4.0,5.0,-1.0,1.0,2.0,-1.0,0.0,0.0,0.0,71.4,14.3,64.3,14.3,21.0,20.0,21.0,19.0,1648.7,1758.9
2022-03-14,2021,Crystal Palace,Man City,0,0,D,U,9.82,5.5,1.32,1,4,2,6,15,0.0,2.0,2.0,0.0,2.0,6.0,-4.0,5.0,1.0,4.0,-3.0,5.0,-8.0,0.0,1.0,-1.0,1.0,0.0,1.0,28.6,28.6,78.6,7.1,9.0,22.0,11.0,27.0,1501.1,1795.1
2022-03-13,2021,West Ham,Aston Villa,2,1,H,O,2.33,3.31,3.24,4,7,5,7,15,2.0,2.0,0.0,1.0,3.0,5.0,-2.0,1.0,1.0,0.0,2.0,4.0,-2.0,0.0,2.0,-2.0,0.0,0.0,0.0,50.0,28.6,42.9,57.1,10.0,14.0,11.0,13.0,1584.3,1516.7
2022-03-13,2021,Southampton,Watford,1,2,A,O,1.61,4.17,5.59,7,5,11,3,15,2.0,1.0,1.0,1.0,5.0,1.0,4.0,2.0,4.0,-2.0,3.0,-3.0,6.0,2.0,0.0,2.0,0.0,1.0,-1.0,35.7,14.3,21.4,57.1,25.0,6.0,29.0,10.0,1514.7,1394.0
2022-03-13,2021,Leeds,Norwich,2,1,H,O,1.6,4.31,5.51,7,4,6,2,15,0.0,1.0,3.0,2.0,2.0,4.0,-2.0,11.0,5.0,6.0,-9.0,-1.0,-8.0,0.0,1.0,-1.0,3.0,2.0,1.0,21.4,50.0,15.4,69.2,10.0,4.0,9.0,11.0,1480.5,1344.1
2022-03-13,2021,Everton,Wolves,0,1,A,U,2.31,3.24,3.35,2,3,5,2,13,1.0,1.0,2.0,2.0,3.0,3.0,0.0,2.0,3.0,-1.0,1.0,0.0,1.0,1.0,1.0,0.0,0.0,0.0,0.0,41.7,50.0,50.0,35.7,13.0,10.0,17.0,12.0,1471.5,1553.0
2022-03-13,2021,Chelsea,Newcastle,1,0,H,U,1.33,5.3,10.16,3,2,7,2,13,1.0,2.0,0.0,0.0,5.0,5.0,0.0,3.0,2.0,1.0,2.0,3.0,-1.0,1.0,1.0,0.0,0.0,0.0,0.0,50.0,8.3,23.1,46.2,18.0,18.0,26.0,18.0,1683.9,1522.0
2022-03-13,2021,Arsenal,Leicester,2,0,H,U,1.53,4.55,6.0,8,3,2,6,14,2.0,1.0,0.0,2.0,4.0,3.0,1.0,2.0,4.0,-2.0,2.0,-1.0,3.0,0.0,1.0,-1.0,0.0,1.0,-1.0,69.2,15.4,25.0,50.0,18.0,14.0,31.0,24.0,1640.8,1568.8
2022-03-12,2021,Man United,Tottenham,3,2,H,O,2.18,3.56,3.33,6,3,4,5,15,1.0,2.0,0.0,1.0,3.0,7.0,-4.0,1.0,3.0,-2.0,2.0,4.0,-2.0,1.0,1.0,0.0,0.0,0.0,0.0,50.0,28.6,46.2,38.5,18.0,18.0,15.0,13.0,1647.3,1608.1
2022-03-12,2021,Brighton,Liverpool,0,2,A,U,6.2,4.47,1.53,3,9,7,6,14,0.0,2.0,2.0,0.0,1.0,6.0,-5.0,6.0,3.0,3.0,-5.0,3.0,-8.0,0.0,1.0,-1.0,2.0,0.0,2.0,23.1,38.5,61.5,15.4,4.0,17.0,16.0,20.0,1494.9,1755.2
2022-03-12,2021,Brentford,Burnley,2,0,H,U,2.2,3.23,3.65,4,1,2,9,15,0.0,1.0,2.0,0.0,1.0,4.0,-3.0,4.0,1.0,3.0,-3.0,3.0,-6.0,0.0,1.0,-1.0,1.0,0.0,1.0,28.6,57.1,7.7,46.2,4.0,6.0,15.0,12.0,1460.6,1471.1
2022-03-10,2021,Wolves,Watford,4,0,H,O,1.82,3.5,4.84,5,0,5,2,14,1.0,1.0,2.0,1.0,2.0,1.0,1.0,4.0,1.0,3.0,-2.0,0.0,-2.0,0.0,0.0,0.0,1.0,0.0,1.0,38.5,46.2,23.1,53.8,12.0,7.0,21.0,14.0,1547.0,1400.0
2022-03-10,2021,Southampton,Newcastle,1,2,A,O,2.0,3.7,3.71,5,4,12,5,14,2.0,2.0,0.0,0.0,5.0,4.0,1.0,1.0,1.0,0.0,4.0,3.0,1.0,2.0,1.0,1.0,0.0,0.0,0.0,38.5,7.7,16.7,50.0,23.0,17.0,19.0,20.0,1525.1,1511.7
2022-03-10,2021,Norwich,Chelsea,1,3,A,O,11.9,5.59,1.29,3,7,3,8,15,0.0,2.0,2.0,0.0,2.0,6.0,-4.0,8.0,1.0,7.0,-6.0,5.0,-11.0,0.0,1.0,-1.0,2.0,0.0,2.0,14.3,64.3,64.3,14.3,11.0,11.0,13.0,13.0,1346.6,1681.3
2022-03-10,2021,Leeds,Aston Villa,0,3,A,O,2.72,3.59,2.54,1,9,3,5,14,0.0,2.0,3.0,1.0,2.0,3.0,-1.0,9.0,1.0,8.0,-7.0,2.0,-9.0,0.0,1.0,-1.0,2.0,0.0,2.0,23.1,46.2,38.5,61.5,13.0,8.0,12.0,10.0,1490.0,1507.2
2022-03-07,2021,Tottenham,Everton,5,0,H,O,1.61,4.13,5.61,7,0,5,2,13,1.0,0.0,2.0,3.0,5.0,2.0,3.0,5.0,7.0,-2.0,0.0,-5.0,5.0,1.0,0.0,1.0,1.0,2.0,-1.0,58.3,33.3,8.3,66.7,16.0,8.0,13.0,14.0,1601.5,1478.1
2022-03-06,2021,Watford,Arsenal,2,3,A,O,6.14,4.02,1.59,7,4,1,5,14,0.0,3.0,3.0,0.0,1.0,10.0,-9.0,9.0,1.0,8.0,-8.0,9.0,-17.0,0.0,2.0,-2.0,3.0,0.0,3.0,15.4,76.9,45.5,45.5,6.0,20.0,15.0,13.0,1404.1,1636.6
2022-03-06,2021,Man City,Man United,4,1,H,O,1.41,4.91,7.86,10,2,9,3,14,2.0,2.0,1.0,0.0,5.0,8.0,-3.0,3.0,4.0,-1.0,2.0,4.0,-2.0,1.0,2.0,-1.0,0.0,0.0,0.0,76.9,15.4,46.2,15.4,17.0,19.0,28.0,22.0,1788.8,1653.6
2022-03-05,2021,Wolves,Crystal Palace,0,2,A,U,2.37,3.1,3.4,5,8,7,7,13,2.0,1.0,1.0,0.0,5.0,5.0,0.0,3.0,2.0,1.0,2.0,3.0,-1.0,1.0,1.0,0.0,0.0,0.0,0.0,41.7,41.7,15.4,38.5,12.0,13.0,16.0,19.0,1559.0,1489.1
2022-03-05,2021,Norwich,Brentford,1,3,A,O,2.95,3.15,2.6,7,6,5,5,14,1.0,0.0,1.0,3.0,3.0,1.0,2.0,6.0,7.0,-1.0,-3.0,-6.0,3.0,0.0,0.0,0.0,1.0,2.0,-1.0,15.4,61.5,15.4,53.8,7.0,5.0,16.0,3.0,1353.8,1453.4
2022-03-05,2021,Newcastle,Brighton,2,1,H,O,2.77,3.19,2.74,4,4,4,7,14,2.0,1.0,0.0,1.0,5.0,3.0,2.0,2.0,3.0,-1.0,3.0,0.0,3.0,1.0,1.0,0.0,0.0,1.0,-1.0,23.1,30.8,30.8,15.4,12.0,14.0,13.0,12.0,1501.6,1505.0
2022-03-05,2021,Liverpool,West Ham,1,0,H,U,1.3,5.86,9.95,5,5,4,6,14,3.0,1.0,0.0,1.0,11.0,5.0,6.0,1.0,5.0,-4.0,10.0,0.0,10.0,3.0,0.0,3.0,0.0,0.0,0.0,76.9,0.0,46.2,30.8,34.0,9.0,20.0,8.0,1749.5,1590.0
2022-03-05,2021,Leicester,Leeds,1,0,H,U,1.8,4.12,4.14,4,4,5,10,13,0.0,0.0,1.0,2.0,5.0,3.0,2.0,6.0,12.0,-6.0,-1.0,-9.0,8.0,0.0,0.0,0.0,0.0,2.0,-2.0,41.7,33.3,15.4,53.8,11.0,10.0,12.0,14.0,1560.5,1498.3
2022-03-05,2021,Burnley,Chelsea,0,4,A,O,7.44,4.15,1.5,1,5,5,2,13,1.0,1.0,2.0,1.0,1.0,2.0,-1.0,3.0,2.0,1.0,-2.0,0.0,-2.0,0.0,0.0,0.0,1.0,0.0,1.0,16.7,33.3,61.5,15.4,11.0,7.0,14.0,12.0,1475.9,1676.5
2022-03-05,2021,Aston Villa,Southampton,4,0,H,O,2.36,3.48,3.04,9,1,4,7,13,0.0,1.0,1.0,1.0,5.0,5.0,0.0,6.0,6.0,0.0,-1.0,-1.0,0.0,0.0,0.0,0.0,0.0,1.0,-1.0,33.3,41.7,23.1,46.2,14.0,24.0,19.0,22.0,1496.1,1536.2
2022-03-01,2021,Burnley,Leicester,0,2,A,U,2.94,3.34,2.52,2,6,6,8,12,1.0,0.0,1.0,3.0,2.0,4.0,-2.0,2.0,10.0,-8.0,0.0,-6.0,6.0,0.0,0.0,0.0,0.0,2.0,-2.0,18.2,27.3,18.2,54.5,12.0,16.0,10.0,20.0,1483.9,1552.5
2022-02-27,2021,West Ham,Wolves,1,0,H,U,2.11,3.24,3.89,4,1,3,5,14,1.0,2.0,1.0,1.0,4.0,5.0,-1.0,4.0,3.0,1.0,0.0,2.0,-2.0,0.0,1.0,-1.0,0.0,0.0,0.0,46.2,30.8,53.8,30.8,11.0,11.0,12.0,10.0,1580.4,1568.7
2022-02-26,2021,Man United,Watford,0,0,D,U,1.34,5.44,9.04,3,2,4,3,14,2.0,1.0,0.0,1.0,4.0,1.0,3.0,1.0,1.0,0.0,3.0,0.0,3.0,1.0,0.0,1.0,0.0,0.0,0.0,53.8,30.8,25.0,58.3,18.0,10.0,14.0,18.0,1659.9,1397.8
2022-02-26,2021,Leeds,Tottenham,0,4,A,O,4.03,3.96,1.86,3,11,3,6,13,1.0,1.0,2.0,2.0,5.0,3.0,2.0,6.0,5.0,1.0,-1.0,-2.0,1.0,1.0,0.0,1.0,1.0,1.0,0.0,25.0,41.7,41.7,41.7,17.0,10.0,18.0,10.0,1505.8,1594.0
2022-02-26,2021,Everton,Man City,0,1,A,U,10.95,6.04,1.28,2,8,3,4,12,1.0,2.0,2.0,0.0,5.0,7.0,-2.0,4.0,2.0,2.0,1.0,5.0,-4.0,1.0,1.0,0.0,0.0,0.0,0.0,45.5,45.5,76.9,7.7,17.0,16.0,22.0,28.0,1481.1,1785.8
2022-02-26,2021,Crystal Palace,Burnley,1,1,D,U,1.97,3.42,4.19,4,1,5,4,14,0.0,1.0,3.0,1.0,3.0,4.0,-1.0,7.0,3.0,4.0,-4.0,1.0,-5.0,0.0,1.0,-1.0,1.0,1.0,0.0,30.8,30.8,8.3,50.0,11.0,7.0,15.0,11.0,1489.3,1483.8
2022-02-26,2021,Brighton,Aston Villa,0,2,A,U,2.27,3.28,3.41,1,4,7,2,13,0.0,1.0,1.0,2.0,2.0,2.0,0.0,5.0,3.0,2.0,-3.0,-1.0,-2.0,0.0,0.0,0.0,1.0,0.0,1.0,25.0,33.3,33.3,66.7,7.0,9.0,18.0,15.0,1515.9,1485.2
2022-02-26,2021,Brentford,Newcastle,0,2,A,U,2.52,3.17,3.04,1,11,6,6,14,0.0,1.0,2.0,1.0,2.0,3.0,-1.0,5.0,4.0,1.0,-3.0,-1.0,-2.0,0.0,0.0,0.0,1.0,1.0,0.0,30.8,53.8,9.1,54.5,11.0,8.0,15.0,14.0,1462.5,1492.4
2022-02-25,2021,Southampton,Norwich,2,0,H,U,1.54,4.37,6.22,9,1,13,6,13,2.0,1.0,0.0,2.0,7.0,4.0,3.0,2.0,5.0,-3.0,5.0,-1.0,6.0,2.0,1.0,1.0,0.0,2.0,-2.0,33.3,8.3,16.7,66.7,20.0,6.0,11.0,7.0,1530.8,1359.3
2022-02-24,2021,Arsenal,Wolves,2,1,H,O,1.65,3.8,5.83,5,2,5,4,13,1.0,3.0,1.0,0.0,3.0,5.0,-2.0,3.0,1.0,2.0,0.0,4.0,-4.0,0.0,1.0,-1.0,0.0,0.0,0.0,66.7,16.7,58.3,25.0,15.0,15.0,31.0,14.0,1628.1,1577.2
2022-02-23,2021,Watford,Crystal Palace,1,4,A,O,3.2,3.24,2.4,1,5,6,4,13,0.0,0.0,3.0,0.0,0.0,2.0,-2.0,6.0,2.0,4.0,-6.0,0.0,-6.0,0.0,0.0,0.0,2.0,0.0,2.0,16.7,75.0,8.3,41.7,9.0,9.0,12.0,15.0,1405.6,1481.4
2022-02-23,2021,Liverpool,Leeds,6,0,H,O,1.16,8.73,16.66,15,2,4,0,13,3.0,1.0,0.0,1.0,8.0,6.0,2.0,1.0,8.0,-7.0,7.0,-2.0,9.0,3.0,0.0,3.0,0.0,1.0,-1.0,75.0,0.0,16.7,50.0,32.0,13.0,25.0,17.0,1745.4,1509.9
2022-02-23,2021,Burnley,Tottenham,1,0,H,U,4.72,3.73,1.79,4,2,3,7,11,0.0,2.0,1.0,1.0,1.0,6.0,-5.0,2.0,6.0,-4.0,-1.0,0.0,-1.0,0.0,0.0,0.0,0.0,1.0,-1.0,10.0,30.0,45.5,36.4,10.0,18.0,11.0,11.0,1470.0,1607.8
2022-02-20,2021,Wolves,Leicester,2,1,H,O,2.29,3.28,3.33,3,7,7,10,12,1.0,0.0,1.0,3.0,3.0,4.0,-1.0,2.0,10.0,-8.0,1.0,-6.0,7.0,1.0,0.0,1.0,0.0,2.0,-2.0,36.4,45.5,20.0,50.0,10.0,14.0,13.0,16.0,1567.4,1562.4
2022-02-20,2021,Leeds,Man United,2,4,A,O,3.91,3.86,1.9,6,9,3,3,12,1.0,1.0,2.0,0.0,4.0,6.0,-2.0,6.0,4.0,2.0,-2.0,2.0,-4.0,1.0,1.0,0.0,1.0,0.0,1.0,27.3,36.4,41.7,16.7,13.0,16.0,16.0,25.0,1516.1,1653.7
2022-02-19,2021,West Ham,Newcastle,1,1,D,U,1.7,3.91,5.11,3,3,3,7,13,2.0,1.0,1.0,2.0,5.0,2.0,3.0,3.0,7.0,-4.0,2.0,-5.0,7.0,1.0,0.0,1.0,0.0,2.0,-2.0,50.0,33.3,10.0,60.0,13.0,8.0,20.0,13.0,1583.0,1489.8
2022-02-19,2021,Southampton,Everton,2,0,H,U,2.08,3.56,3.58,11,0,4,4,12,1.0,0.0,0.0,2.0,6.0,3.0,3.0,3.0,6.0,-3.0,3.0,-3.0,6.0,1.0,0.0,1.0,0.0,1.0,-1.0,27.3,9.1,9.1,63.6,11.0,11.0,10.0,11.0,1521.7,1490.2
2022-02-19,2021,Man City,Tottenham,2,3,A,O,1.29,5.87,10.84,4,5,10,0,13,3.0,2.0,0.0,1.0,9.0,4.0,5.0,3.0,4.0,-1.0,6.0,0.0,6.0,2.0,0.0,2.0,0.0,1.0,-1.0,83.3,8.3,40.0,40.0,22.0,22.0,32.0,18.0,1801.2,1592.4
2022-02-19,2021,Liverpool,Norwich,3,1,H,O,1.12,9.63,24.83,8,1,9,4,12,3.0,1.0,0.0,2.0,8.0,3.0,5.0,1.0,5.0,-4.0,7.0,-2.0,9.0,3.0,1.0,2.0,0.0,2.0,-2.0,72.7,0.0,18.2,63.6,32.0,8.0,27.0,11.0,1743.4,1361.3
2022-02-19,2021,Crystal Palace,Chelsea,0,1,A,U,5.59,3.9,1.65,0,3,4,4,13,1.0,1.0,2.0,1.0,6.0,4.0,2.0,6.0,3.0,3.0,0.0,1.0,-1.0,1.0,1.0,0.0,1.0,0.0,1.0,33.3,25.0,58.3,16.7,17.0,8.0,19.0,13.0,1486.5,1671.4
2022-02-19,2021,Brighton,Burnley,0,3,A,O,1.67,3.74,5.75,1,4,4,4,12,1.0,0.0,0.0,2.0,4.0,2.0,2.0,2.0,6.0,-4.0,2.0,-4.0,6.0,1.0,0.0,1.0,0.0,2.0,-2.0,27.3,27.3,0.0,54.5,11.0,6.0,20.0,12.0,1527.9,1458.0
2022-02-19,2021,Aston Villa,Watford,0,1,A,U,1.67,3.93,5.41,1,4,10,5,12,0.0,0.0,1.0,1.0,6.0,1.0,5.0,8.0,2.0,6.0,-2.0,-1.0,-1.0,0.0,0.0,0.0,1.0,0.0,1.0,36.4,36.4,18.2,63.6,14.0,11.0,11.0,19.0,1498.1,1392.7
2022-02-19,2021,Arsenal,Brentford,2,1,H,O,1.46,4.46,7.68,8,2,14,0,12,1.0,0.0,1.0,3.0,3.0,1.0,2.0,2.0,9.0,-7.0,1.0,-8.0,9.0,1.0,0.0,1.0,0.0,3.0,-3.0,63.6,18.2,16.7,50.0,15.0,7.0,22.0,5.0,1622.2,1468.3
2022-02-15,2021,Man United,Brighton,2,0,H,U,1.78,3.78,4.74,7,3,10,2,13,1.0,2.0,1.0,0.0,2.0,6.0,-4.0,2.0,3.0,-1.0,0.0,3.0,-3.0,0.0,1.0,-1.0,0.0,0.0,0.0,50.0,33.3,33.3,8.3,13.0,16.0,7.0,15.0,1646.8,1534.8
2022-02-13,2021,Tottenham,Wolves,0,2,A,U,1.68,3.76,5.57,7,7,7,3,12,1.0,3.0,1.0,0.0,7.0,4.0,3.0,5.0,1.0,4.0,2.0,3.0,-1.0,1.0,0.0,1.0,0.0,0.0,0.0,63.6,27.3,54.5,27.3,14.0,13.0,12.0,15.0,1603.8,1556.0
2022-02-13,2021,Newcastle,Aston Villa,1,0,H,U,2.72,3.44,2.6,2,1,3,6,13,1.0,2.0,0.0,1.0,5.0,4.0,1.0,3.0,2.0,1.0,2.0,2.0,0.0,1.0,1.0,0.0,0.0,0.0,0.0,16.7,33.3,36.4,63.6,18.0,14.0,12.0,19.0,1478.9,1509.0
2022-02-13,2021,Leicester,West Ham,2,2,D,O,2.88,3.58,2.4,2,3,5,4,12,1.0,2.0,1.0,1.0,4.0,7.0,-3.0,4.0,4.0,0.0,0.0,3.0,-3.0,0.0,1.0,-1.0,0.0,0.0,0.0,45.5,36.4,50.0,33.3,10.0,12.0,8.0,9.0,1561.7,1583.6
2022-02-13,2021,Burnley,Liverpool,0,1,A,U,10.72,5.75,1.29,5,4,5,8,10,0.0,1.0,0.0,1.0,1.0,5.0,-4.0,1.0,4.0,-3.0,0.0,1.0,-1.0,0.0,1.0,-1.0,0.0,0.0,0.0,11.1,22.2,58.3,16.7,6.0,17.0,12.0,24.0,1461.4,1740.1
2022-02-12,2021,Watford,Brighton,0,2,A,U,3.7,3.27,2.14,1,6,4,5,12,0.0,1.0,3.0,0.0,1.0,5.0,-4.0,8.0,4.0,4.0,-7.0,1.0,-8.0,0.0,0.0,0.0,2.0,0.0,2.0,18.2,72.7,27.3,9.1,13.0,16.0,12.0,18.0,1399.1,1528.3
2022-02-12,2021,Norwich,Man City,0,4,A,O,18.09,7.86,1.17,3,9,4,12,13,1.0,2.0,1.0,0.0,3.0,4.0,-1.0,7.0,2.0,5.0,-4.0,2.0,-6.0,0.0,0.0,0.0,1.0,0.0,1.0,16.7,58.3,75.0,8.3,6.0,10.0,15.0,21.0,1362.8,1799.7
2022-02-12,2021,Man United,Southampton,1,1,D,U,1.61,4.22,5.43,8,4,1,4,12,2.0,2.0,1.0,1.0,4.0,7.0,-3.0,2.0,7.0,-5.0,2.0,0.0,2.0,1.0,0.0,1.0,0.0,1.0,-1.0,54.5,36.4,25.0,50.0,11.0,26.0,13.0,20.0,1650.5,1518.1
2022-02-12,2021,Everton,Leeds,3,0,H,O,2.32,3.64,2.99,10,0,5,3,11,1.0,1.0,2.0,1.0,4.0,6.0,-2.0,5.0,12.0,-7.0,-1.0,-6.0,5.0,0.0,0.0,0.0,0.0,1.0,-1.0,40.0,50.0,18.2,45.5,12.0,16.0,20.0,16.0,1478.8,1527.5
2022-02-12,2021,Brentford,Crystal Palace,0,0,D,U,2.66,3.09,2.92,2,3,3,9,13,1.0,0.0,2.0,1.0,4.0,2.0,2.0,6.0,5.0,1.0,-2.0,-3.0,1.0,0.0,0.0,0.0,1.0,1.0,0.0,33.3,58.3,9.1,45.5,13.0,6.0,15.0,8.0,1467.8,1487.1
2022-02-10,2021,Wolves,Arsenal,0,1,A,U,3.57,3.25,2.2,4,2,7,4,11,1.0,2.0,1.0,1.0,3.0,10.0,-7.0,2.0,3.0,-1.0,1.0,7.0,-6.0,1.0,2.0,-1.0,0.0,0.0,0.0,40.0,40.0,40.0,50.0,7.0,21.0,8.0,12.0,1564.6,1613.6
2022-02-10,2021,Liverpool,Leicester,2,0,H,U,1.26,6.56,10.5,11,1,7,6,11,3.0,0.0,0.0,2.0,7.0,6.0,1.0,1.0,10.0,-9.0,6.0,-4.0,10.0,2.0,0.0,2.0,0.0,1.0,-1.0,70.0,0.0,22.2,44.4,26.0,19.0,31.0,14.0,1734.5,1567.2
2022-02-09,2021,Tottenham,Southampton,2,3,A,O,1.61,4.13,5.57,3,10,2,8,11,2.0,1.0,0.0,1.0,8.0,6.0,2.0,2.0,7.0,-5.0,6.0,-1.0,7.0,2.0,0.0,2.0,0.0,1.0,-1.0,70.0,20.0,18.2,54.5,18.0,20.0,16.0,18.0,1616.9,1504.9
2022-02-09,2021,Norwich,Crystal Palace,1,1,D,U,3.5,3.36,2.18,1,5,4,6,12,1.0,0.0,2.0,2.0,2.0,1.0,1.0,8.0,5.0,3.0,-6.0,-4.0,-2.0,0.0,0.0,0.0,2.0,1.0,1.0,18.2,63.6,10.0,50.0,8.0,3.0,18.0,8.0,1359.1,1490.7
2022-02-09,2021,Man City,Brentford,2,0,H,U,1.11,9.98,23.47,7,2,9,3,12,3.0,0.0,0.0,3.0,14.0,1.0,13.0,3.0,9.0,-6.0,11.0,-8.0,19.0,2.0,0.0,2.0,0.0,3.0,-3.0,81.8,9.1,18.2,45.5,30.0,11.0,29.0,11.0,1797.1,1470.4
2022-02-09,2021,Aston Villa,Leeds,3,3,D,O,1.8,3.96,4.26,4,8,6,11,11,1.0,1.0,1.0,2.0,5.0,5.0,0.0,6.0,12.0,-6.0,-1.0,-7.0,6.0,0.0,0.0,0.0,1.0,1.0,0.0,40.0,40.0,20.0,50.0,14.0,13.0,8.0,7.0,1508.4,1528.1
2022-02-08,2021,West Ham,Watford,1,0,H,U,1.55,4.3,6.28,3,1,5,6,12,1.0,0.0,2.0,1.0,6.0,2.0,4.0,6.0,3.0,3.0,0.0,-1.0,1.0,1.0,0.0,1.0,0.0,0.0,0.0,45.5,36.4,20.0,60.0,15.0,12.0,25.0,15.0,1578.3,1404.5
2022-02-08,2021,Newcastle,Everton,3,1,H,O,2.52,3.38,2.88,9,3,6,2,12,0.0,0.0,1.0,2.0,2.0,3.0,-1.0,6.0,6.0,0.0,-4.0,-3.0,-1.0,0.0,0.0,0.0,1.0,1.0,0.0,9.1,36.4,10.0,60.0,10.0,14.0,9.0,11.0,1468.3,1489.4
2022-02-08,2021,Burnley,Man United,1,1,D,U,5.82,4.07,1.61,3,5,2,10,9,0.0,1.0,0.0,0.0,3.0,6.0,-3.0,3.0,4.0,-1.0,0.0,2.0,-2.0,0.0,1.0,-1.0,0.0,0.0,0.0,12.5,25.0,45.5,18.2,12.0,15.0,13.0,19.0,1456.2,1655.6
2022-02-05,2021,Burnley,Watford,0,0,D,U,2.21,3.27,3.51,2,5,4,7,8,1.0,0.0,0.0,2.0,6.0,4.0,2.0,4.0,7.0,-3.0,2.0,-3.0,5.0,1.0,0.0,1.0,0.0,1.0,-1.0,14.3,28.6,22.2,66.7,16.0,12.0,13.0,14.0,1457.8,1402.9
2022-01-23,2021,Leicester,Brighton,1,1,D,U,2.55,3.37,2.8,5,5,4,5,11,2.0,1.0,1.0,0.0,7.0,5.0,2.0,3.0,4.0,-1.0,4.0,1.0,3.0,1.0,0.0,1.0,0.0,0.0,0.0,50.0,40.0,30.0,10.0,10.0,15.0,8.0,15.0,1568.4,1527.1
2022-01-23,2021,Crystal Palace,Liverpool,1,3,A,O,5.73,4.21,1.58,5,7,2,5,12,1.0,0.0,1.0,1.0,7.0,4.0,3.0,5.0,5.0,0.0,2.0,-1.0,3.0,1.0,0.0,1.0,0.0,0.0,0.0,36.4,18.2,54.5,18.2,18.0,16.0,21.0,23.0,1494.8,1730.4
2022-01-23,2021,Chelsea,Tottenham,2,0,H,U,1.69,3.99,4.96,7,3,10,3,12,0.0,2.0,0.0,0.0,4.0,5.0,-1.0,4.0,3.0,1.0,0.0,2.0,-2.0,0.0,0.0,0.0,0.0,0.0,0.0,45.5,9.1,44.4,33.3,21.0,30.0,23.0,22.0,1662.5,1625.9
2022-01-23,2021,Arsenal,Burnley,0,0,D,U,1.36,4.97,9.11,5,1,12,4,11,2.0,0.0,1.0,3.0,6.0,2.0,4.0,2.0,7.0,-5.0,4.0,-5.0,9.0,2.0,0.0,2.0,0.0,2.0,-2.0,70.0,20.0,0.0,60.0,15.0,6.0,19.0,11.0,1618.1,1453.3
2022-01-22,2021,Southampton,Man City,1,1,D,U,10.18,6.08,1.28,3,5,2,11,11,1.0,3.0,0.0,0.0,6.0,7.0,-1.0,3.0,1.0,2.0,3.0,6.0,-3.0,1.0,1.0,0.0,0.0,0.0,0.0,30.0,10.0,81.8,9.1,12.0,12.0,14.0,16.0,1497.9,1804.2
2022-01-22,2021,Man United,West Ham,1,0,H,U,1.91,3.8,3.88,3,1,3,3,11,2.0,2.0,1.0,1.0,4.0,7.0,-3.0,2.0,5.0,-3.0,2.0,2.0,0.0,1.0,1.0,0.0,0.0,1.0,-1.0,50.0,40.0,54.5,27.3,11.0,12.0,19.0,8.0,1647.4,1586.5
2022-01-22,2021,Leeds,Newcastle,0,1,A,U,2.01,3.72,3.63,4,3,6,7,11,1.0,0.0,1.0,3.0,6.0,1.0,5.0,7.0,9.0,-2.0,-1.0,-8.0,7.0,1.0,0.0,1.0,1.0,3.0,-2.0,30.0,30.0,0.0,66.7,15.0,10.0,15.0,10.0,1540.5,1455.9
2022-01-22,2021,Everton,Aston Villa,0,1,A,U,2.75,3.29,2.66,1,3,9,2,10,1.0,1.0,2.0,2.0,5.0,3.0,2.0,8.0,3.0,5.0,-3.0,0.0,-3.0,0.0,1.0,-1.0,1.0,0.0,1.0,44.4,44.4,30.0,70.0,13.0,11.0,14.0,20.0,1499.4,1498.4
2022-01-22,2021,Brentford,Wolves,1,2,A,O,3.09,3.05,2.54,1,2,6,3,12,1.0,2.0,2.0,1.0,3.0,2.0,1.0,5.0,1.0,4.0,-2.0,1.0,-3.0,0.0,0.0,0.0,1.0,0.0,1.0,36.4,54.5,50.0,30.0,14.0,12.0,12.0,13.0,1478.2,1556.8
2022-01-21,2021,Watford,Norwich,0,3,A,O,2.07,3.52,3.63,4,2,5,1,11,0.0,0.0,3.0,3.0,2.0,0.0,2.0,8.0,8.0,0.0,-6.0,-8.0,2.0,0.0,0.0,0.0,2.0,3.0,-1.0,20.0,70.0,10.0,70.0,13.0,7.0,12.0,14.0,1414.9,1347.2
2022-01-19,2021,Leicester,Tottenham,2,3,A,O,3.04,3.42,2.36,4,10,3,8,10,3.0,1.0,0.0,0.0,9.0,2.0,7.0,2.0,1.0,1.0,7.0,1.0,6.0,2.0,0.0,2.0,0.0,0.0,0.0,55.6,33.3,37.5,37.5,14.0,20.0,13.0,16.0,1577.3,1617.0
2022-01-19,2021,Brentford,Man United,1,3,A,O,4.51,3.64,1.83,8,5,6,9,11,2.0,1.0,1.0,0.0,4.0,4.0,0.0,3.0,3.0,0.0,1.0,1.0,0.0,0.0,0.0,0.0,0.0,0.0,0.0,40.0,50.0,40.0,20.0,11.0,15.0,14.0,16.0,1484.0,1641.6
2022-01-18,2021,Brighton,Chelsea,1,1,D,U,4.81,3.72,1.77,2,3,5,7,11,1.0,1.0,1.0,1.0,3.0,3.0,0.0,2.0,2.0,0.0,1.0,1.0,0.0,1.0,1.0,0.0,0.0,0.0,0.0,30.0,30.0,63.6,18.2,11.0,6.0,22.0,15.0,1523.2,1666.4
2022-01-16,2021,West Ham,Leeds,2,3,A,O,1.65,4.21,4.98,5,5,4,3,11,2.0,0.0,1.0,2.0,7.0,2.0,5.0,5.0,10.0,-5.0,2.0,-8.0,10.0,1.0,0.0,1.0,0.0,1.0,-1.0,50.0,30.0,11.1,55.6,15.0,12.0,22.0,5.0,1598.5,1528.5
2022-01-16,2021,Liverpool,Brentford,3,0,H,O,1.3,5.68,10.64,13,1,9,0,10,3.0,0.0,0.0,2.0,8.0,3.0,5.0,1.0,8.0,-7.0,7.0,-5.0,12.0,2.0,0.0,2.0,0.0,2.0,-2.0,66.7,0.0,20.0,40.0,19.0,13.0,27.0,12.0,1726.4,1488.0
2022-01-15,2021,Wolves,Southampton,3,1,H,O,2.32,3.16,3.4,5,10,2,10,10,0.0,1.0,1.0,1.0,0.0,5.0,-5.0,1.0,7.0,-6.0,-1.0,-2.0,1.0,0.0,0.0,0.0,0.0,1.0,-1.0,33.3,44.4,20.0,50.0,4.0,16.0,11.0,16.0,1548.0,1506.7
2022-01-15,2021,Norwich,Everton,2,1,H,O,3.74,3.48,2.05,3,5,8,8,11,0.0,0.0,3.0,2.0,0.0,2.0,-2.0,8.0,5.0,3.0,-8.0,-3.0,-5.0,0.0,0.0,0.0,2.0,1.0,1.0,10.0,70.0,11.1,55.6,10.0,14.0,18.0,6.0,1332.4,1514.2
2022-01-15,2021,Newcastle,Watford,1,1,D,U,2.06,3.62,3.55,1,5,4,6,11,1.0,0.0,1.0,3.0,2.0,3.0,-1.0,5.0,7.0,-2.0,-3.0,-4.0,1.0,0.0,0.0,0.0,1.0,1.0,0.0,10.0,40.0,25.0,75.0,13.0,8.0,15.0,10.0,1457.2,1413.6
2022-01-15,2021,Man City,Chelsea,1,0,H,U,1.72,3.87,5.0,6,1,9,1,11,3.0,1.0,0.0,1.0,14.0,5.0,9.0,3.0,4.0,-1.0,11.0,1.0,10.0,2.0,1.0,1.0,0.0,0.0,0.0,80.0,10.0,70.0,10.0,34.0,12.0,34.0,23.0,1797.6,1672.9
2022-01-15,2021,Aston Villa,Man United,2,2,D,O,2.92,3.49,2.42,9,6,3,6,10,1.0,1.0,2.0,0.0,4.0,3.0,1.0,6.0,2.0,4.0,-2.0,1.0,-3.0,0.0,0.0,0.0,1.0,0.0,1.0,44.4,44.4,44.4,22.2,8.0,11.0,9.0,12.0,1494.3,1645.7
2022-01-14,2021,Brighton,Crystal Palace,1,1,D,U,2.1,3.28,3.91,4,1,9,0,10,1.0,0.0,1.0,3.0,2.0,0.0,2.0,1.0,5.0,-4.0,1.0,-5.0,6.0,1.0,0.0,1.0,0.0,1.0,-1.0,33.3,33.3,11.1,55.6,11.0,3.0,19.0,12.0,1524.1,1493.9
2022-01-12,2021,West Ham,Norwich,2,0,H,U,1.31,5.52,10.28,5,3,11,2,10,1.0,0.0,1.0,2.0,6.0,1.0,5.0,6.0,7.0,-1.0,0.0,-6.0,6.0,0.0,0.0,0.0,0.0,2.0,-2.0,44.4,33.3,11.1,66.7,16.0,10.0,20.0,17.0,1594.8,1336.1
2022-01-11,2021,Southampton,Brentford,4,1,H,O,2.11,3.37,3.73,6,4,5,2,10,0.0,0.0,0.0,2.0,4.0,2.0,2.0,4.0,6.0,-2.0,0.0,-4.0,4.0,0.0,0.0,0.0,0.0,2.0,-2.0,22.2,11.1,22.2,33.3,13.0,11.0,11.0,15.0,1496.7,1498.0
2022-01-03,2021,Man United,Wolves,0,1,A,U,1.56,4.17,6.08,2,6,3,8,10,3.0,1.0,0.0,1.0,7.0,1.0,6.0,3.0,1.0,2.0,4.0,0.0,4.0,1.0,0.0,1.0,0.0,0.0,0.0,55.6,33.3,44.4,33.3,19.0,8.0,19.0,8.0,1659.2,1534.5
2022-01-02,2021,Leeds,Burnley,3,1,H,O,2.03,3.57,3.65,7,2,9,3,10,1.0,0.0,1.0,2.0,4.0,1.0,3.0,6.0,4.0,2.0,-2.0,-3.0,1.0,0.0,0.0,0.0,1.0,1.0,0.0,22.2,33.3,0.0,55.6,11.0,5.0,13.0,13.0,1520.1,1461.7
2022-01-02,2021,Everton,Brighton,2,3,A,O,2.78,3.16,2.72,6,5,8,5,9,1.0,0.0,1.0,0.0,3.0,3.0,0.0,5.0,3.0,2.0,-2.0,0.0,-2.0,0.0,0.0,0.0,1.0,0.0,1.0,50.0,37.5,22.2,11.1,9.0,13.0,10.0,15.0,1524.5,1513.8
2022-01-02,2021,Chelsea,Liverpool,2,2,D,O,3.06,3.54,2.31,6,6,6,7,11,1.0,1.0,0.0,1.0,5.0,3.0,2.0,4.0,3.0,1.0,1.0,0.0,1.0,0.0,0.0,0.0,0.0,0.0,0.0,50.0,10.0,60.0,20.0,21.0,15.0,22.0,24.0,1671.3,1728.0
2022-01-02,2021,Brentford,Aston Villa,2,1,H,O,3.0,3.31,2.45,4,5,3,7,10,2.0,2.0,1.0,1.0,3.0,4.0,-1.0,2.0,2.0,0.0,1.0,2.0,-1.0,0.0,1.0,-1.0,0.0,0.0,0.0,33.3,55.6,33.3,66.7,11.0,9.0,14.0,16.0,1487.5,1504.8
2022-01-01,2021,Watford,Tottenham,0,1,A,U,5.32,4.17,1.62,4,9,3,7,10,0.0,0.0,3.0,1.0,3.0,1.0,2.0,9.0,2.0,7.0,-6.0,-1.0,-5.0,0.0,0.0,0.0,2.0,0.0,2.0,22.2,66.7,28.6,42.9,15.0,15.0,15.0,13.0,1418.6,1612.1
2022-01-01,2021,Crystal Palace,West Ham,2,3,A,O,3.09,3.46,2.33,6,5,9,1,11,2.0,1.0,0.0,1.0,8.0,4.0,4.0,3.0,3.0,0.0,5.0,1.0,4.0,2.0,1.0,1.0,0.0,1.0,-1.0,40.0,10.0,50.0,30.0,18.0,10.0,20.0,11.0,1501.5,1587.2
2022-01-01,2021,Arsenal,Man City,1,2,A,O,5.91,4.62,1.53,2,2,5,5,10,3.0,3.0,0.0,0.0,7.0,8.0,-1.0,0.0,1.0,-1.0,7.0,7.0,0.0,3.0,2.0,1.0,0.0,0.0,0.0,77.8,11.1,80.0,10.0,19.0,23.0,18.0,22.0,1623.6,1792.1
2021-12-30,2021,Man United,Burnley,3,1,H,O,1.38,4.99,8.54,6,3,7,5,9,2.0,0.0,1.0,1.0,4.0,1.0,3.0,4.0,2.0,2.0,0.0,-1.0,1.0,0.0,0.0,0.0,1.0,0.0,1.0,50.0,37.5,0.0,50.0,14.0,4.0,13.0,10.0,1654.1,1466.7
2021-12-29,2021,Chelsea,Brighton,1,1,D,U,1.43,4.5,8.18,5,6,10,8,10,1.0,0.0,0.0,1.0,5.0,2.0,3.0,4.0,4.0,0.0,1.0,-2.0,3.0,0.0,0.0,0.0,0.0,1.0,-1.0,55.6,11.1,25.0,12.5,22.0,9.0,27.0,14.0,1675.8,1509.3
2021-12-29,2021,Brentford,Man City,0,1,A,U,17.6,7.93,1.17,2,3,3,5,9,2.0,3.0,1.0,0.0,4.0,9.0,-5.0,3.0,2.0,1.0,1.0,7.0,-6.0,0.0,2.0,-2.0,0.0,0.0,0.0,37.5,50.0,77.8,11.1,16.0,27.0,17.0,28.0,1490.6,1789.1
2021-12-28,2021,Watford,West Ham,1,4,A,O,3.28,3.58,2.2,5,6,4,5,9,1.0,0.0,2.0,2.0,6.0,1.0,5.0,6.0,4.0,2.0,0.0,-3.0,3.0,1.0,0.0,1.0,1.0,1.0,0.0,25.0,62.5,44.4,33.3,17.0,7.0,20.0,10.0,1424.3,1581.5
2021-12-28,2021,Southampton,Tottenham,1,1,D,U,3.74,3.51,2.05,2,11,3,7,9,1.0,1.0,0.0,1.0,4.0,3.0,1.0,3.0,3.0,0.0,1.0,0.0,1.0,0.0,0.0,0.0,0.0,0.0,0.0,25.0,12.5,33.3,50.0,14.0,8.0,18.0,15.0,1493.3,1615.4
2021-12-28,2021,Leicester,Liverpool,1,0,H,U,7.72,5.72,1.36,1,4,1,12,9,2.0,2.0,1.0,0.0,8.0,7.0,1.0,5.0,3.0,2.0,3.0,4.0,-1.0,2.0,1.0,1.0,1.0,0.0,1.0,50.0,37.5,66.7,11.1,16.0,18.0,15.0,23.0,1562.5,1742.8
2021-12-28,2021,Crystal Palace,Norwich,3,0,H,O,1.68,3.74,5.68,6,3,8,8,10,1.0,1.0,1.0,1.0,6.0,3.0,3.0,5.0,5.0,0.0,1.0,-2.0,3.0,1.0,0.0,1.0,0.0,1.0,-1.0,33.3,11.1,12.5,62.5,15.0,12.0,19.0,11.0,1495.7,1341.9
2021-12-27,2021,Newcastle,Man United,1,1,D,U,6.66,4.58,1.48,8,4,2,4,10,1.0,1.0,1.0,1.0,2.0,3.0,-1.0,5.0,5.0,0.0,-3.0,-2.0,-1.0,0.0,0.0,0.0,1.0,1.0,0.0,11.1,44.4,50.0,25.0,6.0,10.0,15.0,11.0,1451.8,1659.4
2021-12-26,2021,West Ham,Southampton,2,3,A,O,1.85,3.8,4.18,5,6,10,2,9,2.0,0.0,0.0,2.0,7.0,2.0,5.0,5.0,9.0,-4.0,2.0,-7.0,9.0,0.0,0.0,0.0,0.0,2.0,-2.0,50.0,25.0,11.1,55.6,14.0,13.0,13.0,21.0,1594.7,1480.1
2021-12-26,2021,Tottenham,Crystal Palace,3,0,H,O,1.72,3.87,4.97,6,0,4,2,10,2.0,0.0,0.0,2.0,7.0,3.0,4.0,2.0,5.0,-3.0,5.0,-2.0,7.0,2.0,0.0,2.0,0.0,0.0,0.0,66.7,22.2,12.5,50.0,18.0,11.0,23.0,16.0,1608.4,1502.7
2021-12-26,2021,Norwich,Arsenal,0,5,A,O,7.73,4.77,1.42,2,6,3,5,10,0.0,1.0,2.0,2.0,0.0,7.0,-7.0,3.0,6.0,-3.0,-3.0,1.0,-4.0,0.0,1.0,-1.0,1.0,0.0,1.0,11.1,66.7,33.3,55.6,12.0,23.0,19.0,15.0,1345.4,1620.1
2021-12-26,2021,Man City,Leicester,6,3,H,O,1.18,7.85,14.75,9,8,14,4,10,3.0,0.0,0.0,1.0,10.0,4.0,6.0,1.0,5.0,-4.0,9.0,-1.0,10.0,1.0,0.0,1.0,0.0,0.0,0.0,77.8,11.1,25.0,37.5,34.0,14.0,28.0,15.0,1784.6,1567.0
2021-12-26,2021,Brighton,Brentford,2,0,H,U,1.95,3.45,4.15,5,6,6,9,9,0.0,0.0,1.0,1.0,1.0,5.0,-4.0,2.0,7.0,-5.0,-1.0,-2.0,1.0,0.0,0.0,0.0,0.0,1.0,-1.0,25.0,37.5,25.0,25.0,11.0,9.0,15.0,8.0,1499.3,1500.6
2021-12-26,2021,Aston Villa,Chelsea,1,3,A,O,5.35,3.77,1.7,1,4,2,5,9,2.0,1.0,1.0,1.0,5.0,4.0,1.0,3.0,4.0,-1.0,2.0,0.0,2.0,1.0,0.0,1.0,0.0,0.0,0.0,50.0,37.5,66.7,11.1,12.0,12.0,12.0,18.0,1510.5,1670.1
2021-12-19,2021,Wolves,Chelsea,0,0,D,U,6.42,3.93,1.58,1,1,4,9,9,1.0,2.0,1.0,1.0,1.0,7.0,-6.0,1.0,4.0,-3.0,0.0,3.0,-3.0,0.0,1.0,-1.0,0.0,0.0,0.0,37.5,50.0,75.0,12.5,8.0,18.0,14.0,14.0,1530.6,1674.0
2021-12-19,2021,Tottenham,Liverpool,2,2,D,O,5.18,4.5,1.59,5,6,6,4,9,3.0,2.0,0.0,1.0,7.0,7.0,0.0,1.0,4.0,-3.0,6.0,3.0,3.0,2.0,1.0,1.0,0.0,0.0,0.0,75.0,25.0,75.0,12.5,17.0,17.0,21.0,21.0,1604.5,1746.6
2021-12-19,2021,Newcastle,Man City,0,4,A,O,16.25,7.72,1.18,1,7,3,6,9,1.0,3.0,0.0,0.0,5.0,7.0,-2.0,4.0,2.0,2.0,1.0,5.0,-4.0,0.0,2.0,-2.0,0.0,0.0,0.0,12.5,37.5,75.0,12.5,14.0,25.0,20.0,31.0,1454.5,1782.0
2021-12-18,2021,Leeds,Arsenal,1,4,A,O,3.89,3.78,1.91,2,12,1,4,9,1.0,0.0,0.0,3.0,4.0,3.0,1.0,3.0,9.0,-6.0,1.0,-6.0,7.0,0.0,0.0,0.0,0.0,1.0,-1.0,25.0,25.0,25.0,62.5,14.0,14.0,22.0,12.0,1527.8,1612.5
2021-12-16,2021,Liverpool,Newcastle,3,1,H,O,1.12,9.52,21.43,8,2,11,0,9,3.0,0.0,0.0,2.0,9.0,1.0,8.0,0.0,7.0,-7.0,9.0,-6.0,15.0,2.0,0.0,2.0,0.0,2.0,-2.0,62.5,0.0,0.0,62.5,20.0,9.0,22.0,15.0,1743.4,1457.7
2021-12-16,2021,Chelsea,Everton,1,1,D,U,1.24,6.17,13.27,10,3,7,1,9,1.0,0.0,0.0,3.0,5.0,1.0,4.0,4.0,7.0,-3.0,1.0,-6.0,7.0,0.0,0.0,0.0,0.0,2.0,-2.0,62.5,12.5,12.5,62.5,16.0,12.0,34.0,6.0,1678.2,1520.3
2021-12-15,2021,Crystal Palace,Southampton,2,2,D,O,2.14,3.38,3.59,6,4,4,6,9,2.0,0.0,1.0,3.0,6.0,1.0,5.0,3.0,9.0,-6.0,3.0,-8.0,11.0,2.0,0.0,2.0,0.0,2.0,-2.0,37.5,12.5,12.5,62.5,15.0,14.0,19.0,22.0,1503.4,1479.4
2021-12-15,2021,Brighton,Wolves,0,1,A,U,2.32,3.05,3.51,2,5,7,4,8,0.0,0.0,1.0,2.0,2.0,0.0,2.0,5.0,3.0,2.0,-3.0,-3.0,0.0,0.0,0.0,0.0,1.0,1.0,0.0,28.6,28.6,37.5,37.5,14.0,5.0,15.0,10.0,1508.9,1521.0
2021-12-15,2021,Arsenal,West Ham,2,0,H,U,2.2,3.58,3.26,8,1,5,2,9,3.0,0.0,0.0,2.0,6.0,1.0,5.0,0.0,3.0,-3.0,6.0,-2.0,8.0,2.0,0.0,2.0,0.0,0.0,0.0,75.0,12.5,50.0,25.0,17.0,9.0,17.0,11.0,1602.5,1604.7
2021-12-14,2021,Norwich,Aston Villa,0,2,A,U,3.37,3.26,2.29,3,6,7,10,9,1.0,1.0,1.0,2.0,2.0,2.0,0.0,2.0,3.0,-1.0,0.0,-1.0,1.0,0.0,0.0,0.0,0.0,0.0,0.0,12.5,62.5,25.0,75.0,13.0,6.0,17.0,14.0,1351.2,1504.6
2021-12-14,2021,Man City,Leeds,7,0,H,O,1.15,8.7,18.17,15,3,6,2,9,3.0,0.0,0.0,2.0,6.0,3.0,3.0,1.0,5.0,-4.0,5.0,-2.0,7.0,1.0,0.0,1.0,0.0,0.0,0.0,75.0,12.5,12.5,50.0,26.0,16.0,29.0,11.0,1778.1,1531.7
2021-12-12,2021,Leicester,Newcastle,4,0,H,O,1.75,4.01,4.56,5,3,4,6,8,1.0,0.0,2.0,1.0,4.0,2.0,2.0,7.0,4.0,3.0,-3.0,-2.0,-1.0,1.0,0.0,1.0,2.0,1.0,1.0,42.9,42.9,0.0,57.1,19.0,8.0,18.0,16.0,1559.6,1465.0
2021-12-12,2021,Crystal Palace,Everton,3,1,H,O,2.29,3.21,3.42,6,6,8,2,8,1.0,0.0,1.0,3.0,4.0,1.0,3.0,3.0,6.0,-3.0,1.0,-5.0,6.0,1.0,0.0,1.0,0.0,1.0,-1.0,28.6,14.3,14.3,57.1,12.0,11.0,14.0,7.0,1492.3,1531.4
2021-12-12,2021,Burnley,West Ham,0,0,D,U,3.61,3.64,2.05,1,3,6,4,7,1.0,1.0,0.0,2.0,6.0,5.0,1.0,4.0,4.0,0.0,2.0,1.0,1.0,1.0,1.0,0.0,0.0,0.0,0.0,16.7,33.3,57.1,28.6,19.0,15.0,16.0,13.0,1462.8,1608.7
2021-12-11,2021,Norwich,Man United,0,1,A,U,7.25,4.73,1.45,5,5,8,6,8,1.0,1.0,1.0,1.0,3.0,5.0,-2.0,3.0,5.0,-2.0,0.0,0.0,0.0,0.0,1.0,-1.0,0.0,1.0,-1.0,14.3,57.1,42.9,28.6,11.0,9.0,14.0,7.0,1354.2,1656.5
2021-12-11,2021,Man City,Wolves,1,0,H,U,1.16,8.11,20.35,10,1,14,1,8,2.0,0.0,1.0,1.0,5.0,1.0,4.0,3.0,3.0,0.0,2.0,-2.0,4.0,1.0,0.0,1.0,1.0,1.0,0.0,71.4,14.3,42.9,28.6,19.0,8.0,22.0,12.0,1774.2,1524.8
2021-12-11,2021,Liverpool,Aston Villa,1,0,H,U,1.23,6.85,11.92,5,0,11,3,8,2.0,1.0,0.0,2.0,10.0,3.0,7.0,2.0,5.0,-3.0,8.0,-2.0,10.0,2.0,0.0,2.0,0.0,1.0,-1.0,57.1,0.0,28.6,71.4,18.0,10.0,16.0,15.0,1739.2,1508.8
2021-12-11,2021,Chelsea,Leeds,3,2,H,O,1.28,5.95,11.46,6,5,5,2,8,1.0,1.0,0.0,1.0,9.0,3.0,6.0,2.0,3.0,-1.0,7.0,0.0,7.0,1.0,0.0,1.0,0.0,0.0,0.0,57.1,14.3,14.3,42.9,23.0,17.0,34.0,9.0,1671.9,1538.0
2021-12-11,2021,Arsenal,Southampton,3,0,H,O,1.67,3.99,5.32,5,6,9,8,8,3.0,1.0,0.0,2.0,6.0,2.0,4.0,1.0,6.0,-5.0,5.0,-4.0,9.0,2.0,0.0,2.0,0.0,1.0,-1.0,71.4,14.3,14.3,57.1,21.0,9.0,15.0,22.0,1595.5,1486.4
2021-12-10,2021,Brentford,Watford,2,1,H,O,2.29,3.32,3.34,5,2,8,2,8,1.0,1.0,2.0,2.0,3.0,7.0,-4.0,4.0,7.0,-3.0,-1.0,0.0,-1.0,0.0,1.0,-1.0,0.0,1.0,-1.0,28.6,57.1,28.6,71.4,16.0,14.0,18.0,13.0,1492.3,1432.6
2021-12-06,2021,Everton,Arsenal,2,1,H,O,3.38,3.52,2.16,5,3,3,3,8,0.0,1.0,2.0,2.0,3.0,4.0,-1.0,9.0,7.0,2.0,-6.0,-3.0,-3.0,0.0,1.0,-1.0,2.0,1.0,1.0,42.9,42.9,28.6,57.1,8.0,16.0,10.0,15.0,1518.9,1608.0
2021-12-05,2021,Tottenham,Norwich,3,0,H,O,1.41,4.75,8.11,7,1,6,4,8,2.0,1.0,1.0,1.0,4.0,3.0,1.0,4.0,9.0,-5.0,0.0,-6.0,6.0,1.0,0.0,1.0,1.0,1.0,0.0,71.4,28.6,14.3,57.1,10.0,12.0,25.0,7.0,1600.5,1358.2
2021-12-05,2021,Man United,Crystal Palace,1,0,H,U,1.57,4.19,6.09,3,2,9,6,8,1.0,1.0,2.0,1.0,3.0,5.0,-2.0,9.0,4.0,5.0,-6.0,1.0,-7.0,0.0,1.0,-1.0,2.0,0.0,2.0,42.9,42.9,14.3,42.9,15.0,12.0,10.0,11.0,1650.6,1498.2
2021-12-05,2021,Leeds,Brentford,2,2,D,O,1.94,3.62,3.99,6,3,5,1,8,1.0,0.0,0.0,2.0,3.0,4.0,-1.0,2.0,8.0,-6.0,1.0,-4.0,5.0,0.0,0.0,0.0,0.0,2.0,-2.0,28.6,28.6,28.6,28.6,12.0,11.0,23.0,9.0,1539.4,1490.9
2021-12-05,2021,Aston Villa,Leicester,2,1,H,O,2.36,3.45,3.03,4,5,3,6,8,1.0,1.0,2.0,0.0,4.0,5.0,-1.0,6.0,4.0,2.0,-2.0,1.0,-3.0,1.0,0.0,1.0,1.0,0.0,1.0,42.9,42.9,28.6,28.6,11.0,15.0,12.0,11.0,1496.7,1571.8
2021-12-04,2021,Wolves,Liverpool,0,1,A,U,7.73,4.75,1.43,1,5,2,8,8,2.0,2.0,0.0,1.0,3.0,11.0,-8.0,1.0,4.0,-3.0,2.0,7.0,-5.0,0.0,2.0,-2.0,0.0,0.0,0.0,42.9,42.9,71.4,14.3,11.0,20.0,16.0,16.0,1529.5,1734.5
2021-12-04,2021,West Ham,Chelsea,3,2,H,O,4.7,3.6,1.82,5,7,1,9,8,2.0,3.0,0.0,0.0,5.0,8.0,-3.0,3.0,1.0,2.0,2.0,7.0,-5.0,0.0,2.0,-2.0,0.0,0.0,0.0,42.9,28.6,85.7,0.0,13.0,17.0,14.0,7.0,1596.2,1684.4
2021-12-04,2021,Watford,Man City,1,3,A,O,14.65,7.19,1.2,4,13,5,11,8,1.0,3.0,2.0,0.0,5.0,8.0,-3.0,4.0,2.0,2.0,1.0,6.0,-5.0,1.0,2.0,-1.0,0.0,0.0,0.0,28.6,57.1,71.4,14.3,17.0,26.0,20.0,26.0,1435.1,1771.7
2021-12-04,2021,Southampton,Brighton,1,1,D,U,2.45,3.21,3.1,4,4,6,2,8,1.0,0.0,0.0,1.0,5.0,3.0,2.0,4.0,5.0,-1.0,1.0,-2.0,3.0,0.0,0.0,0.0,0.0,1.0,-1.0,28.6,14.3,28.6,14.3,14.0,11.0,18.0,15.0,1485.7,1509.6
2021-12-04,2021,Newcastle,Burnley,1,0,H,U,2.33,3.35,3.19,4,1,10,3,8,0.0,0.0,1.0,0.0,4.0,3.0,1.0,7.0,3.0,4.0,-3.0,0.0,-3.0,0.0,0.0,0.0,1.0,0.0,1.0,0.0,42.9,0.0,42.9,11.0,8.0,10.0,9.0,1454.5,1473.3
2021-12-02,2021,Tottenham,Brentford,2,0,H,U,1.64,4.07,5.25,6,2,11,5,7,2.0,1.0,1.0,1.0,4.0,6.0,-2.0,5.0,7.0,-2.0,-1.0,-1.0,0.0,0.0,0.0,0.0,1.0,1.0,0.0,66.7,33.3,33.3,16.7,12.0,15.0,19.0,10.0,1593.2,1498.3
2021-12-02,2021,Man United,Arsenal,3,2,H,O,2.02,3.66,3.66,10,8,3,8,7,0.0,1.0,2.0,1.0,1.0,2.0,-1.0,8.0,4.0,4.0,-7.0,-2.0,-5.0,0.0,1.0,-1.0,2.0,1.0,1.0,33.3,50.0,33.3,50.0,11.0,10.0,17.0,12.0,1641.3,1617.3
2021-12-01,2021,Wolves,Burnley,0,0,D,U,1.95,3.41,4.23,2,1,5,5,7,3.0,0.0,0.0,1.0,5.0,3.0,2.0,2.0,5.0,-3.0,3.0,-2.0,5.0,0.0,0.0,0.0,0.0,1.0,-1.0,50.0,50.0,0.0,50.0,12.0,9.0,11.0,6.0,1531.2,1471.6
2021-12-01,2021,West Ham,Brighton,1,1,D,U,2.01,3.53,3.79,6,3,9,5,7,2.0,0.0,1.0,1.0,5.0,2.0,3.0,4.0,4.0,0.0,1.0,-2.0,3.0,0.0,0.0,0.0,0.0,1.0,-1.0,50.0,33.3,33.3,16.7,12.0,11.0,16.0,14.0,1598.8,1507.0
2021-12-01,2021,Watford,Chelsea,1,2,A,O,10.3,5.43,1.31,6,4,6,0,7,1.0,3.0,2.0,0.0,4.0,7.0,-3.0,7.0,0.0,7.0,-3.0,7.0,-10.0,1.0,2.0,-1.0,1.0,0.0,1.0,33.3,50.0,83.3,0.0,13.0,14.0,15.0,12.0,1439.1,1680.4
2021-12-01,2021,Southampton,Leicester,2,2,D,O,2.43,3.47,2.91,7,6,2,4,7,2.0,1.0,0.0,0.0,4.0,5.0,-1.0,2.0,4.0,-2.0,2.0,1.0,1.0,0.0,0.0,0.0,0.0,0.0,0.0,33.3,16.7,33.3,33.3,12.0,14.0,24.0,10.0,1483.1,1574.3
2021-12-01,2021,Everton,Liverpool,1,4,A,O,7.52,5.05,1.41,2,7,3,11,7,0.0,2.0,2.0,1.0,2.0,12.0,-10.0,6.0,3.0,3.0,-4.0,9.0,-13.0,0.0,2.0,-2.0,1.0,0.0,1.0,50.0,33.3,66.7,16.7,8.0,21.0,14.0,14.0,1523.6,1729.8
2021-12-01,2021,Aston Villa,Man City,1,2,A,O,8.6,5.2,1.36,3,7,4,11,7,1.0,2.0,2.0,0.0,5.0,8.0,-3.0,7.0,3.0,4.0,-2.0,5.0,-7.0,1.0,2.0,-1.0,1.0,0.0,1.0,50.0,33.3,66.7,16.7,13.0,22.0,14.0,19.0,1500.2,1768.2
2021-11-30,2021,Newcastle,Norwich,1,1,D,U,1.99,3.63,3.82,1,6,2,5,7,0.0,1.0,2.0,1.0,5.0,2.0,3.0,9.0,8.0,1.0,-4.0,-6.0,2.0,0.0,0.0,0.0,1.0,1.0,0.0,0.0,50.0,16.7,66.7,11.0,8.0,10.0,7.0,1457.4,1355.3
2021-11-30,2021,Leeds,Crystal Palace,1,0,H,U,2.42,3.33,3.06,3,1,7,4,7,1.0,1.0,0.0,0.0,3.0,7.0,-4.0,2.0,5.0,-3.0,1.0,2.0,-1.0,0.0,1.0,-1.0,0.0,0.0,0.0,16.7,33.3,16.7,33.3,13.0,17.0,22.0,11.0,1530.0,1507.5
2021-11-28,2021,Man City,West Ham,2,1,H,O,1.3,5.82,10.01,9,3,8,4,7,2.0,2.0,1.0,1.0,5.0,5.0,0.0,2.0,2.0,0.0,3.0,3.0,0.0,2.0,1.0,1.0,1.0,0.0,1.0,66.7,16.7,66.7,16.7,16.0,16.0,20.0,18.0,1762.5,1604.5
2021-11-28,2021,Leicester,Watford,4,2,H,O,1.63,4.15,5.26,8,5,8,6,7,1.0,1.0,2.0,2.0,4.0,5.0,-1.0,7.0,4.0,3.0,-3.0,1.0,-4.0,1.0,1.0,0.0,2.0,0.0,2.0,33.3,50.0,33.3,66.7,22.0,10.0,14.0,10.0,1567.7,1445.7
2021-11-28,2021,Chelsea,Man United,1,1,D,U,1.61,4.12,5.67,6,2,15,2,7,2.0,1.0,0.0,2.0,11.0,6.0,5.0,2.0,8.0,-6.0,9.0,-2.0,11.0,2.0,1.0,1.0,0.0,2.0,-2.0,66.7,16.7,50.0,33.3,26.0,13.0,26.0,8.0,1681.6,1640.1
2021-11-28,2021,Brentford,Everton,1,0,H,U,2.25,3.27,3.4,4,5,3,3,7,0.0,0.0,3.0,2.0,2.0,2.0,0.0,5.0,6.0,-1.0,-3.0,-4.0,1.0,0.0,0.0,0.0,0.0,1.0,-1.0,16.7,66.7,16.7,50.0,19.0,8.0,20.0,5.0,1486.9,1534.9
2021-11-27,2021,Norwich,Wolves,0,0,D,U,3.54,3.35,2.17,4,2,4,3,7,1.0,1.0,1.0,1.0,3.0,4.0,-1.0,3.0,5.0,-2.0,0.0,-1.0,1.0,0.0,0.0,0.0,0.0,1.0,-1.0,16.7,66.7,50.0,33.3,10.0,10.0,18.0,16.0,1350.4,1536.1
2021-11-27,2021,Liverpool,Southampton,4,0,H,O,1.29,5.99,9.78,6,3,5,7,7,1.0,1.0,0.0,2.0,8.0,3.0,5.0,4.0,5.0,-1.0,4.0,-2.0,6.0,1.0,0.0,1.0,0.0,1.0,-1.0,50.0,0.0,16.7,50.0,16.0,8.0,14.0,17.0,1725.8,1487.1
2021-11-27,2021,Crystal Palace,Aston Villa,1,2,A,O,2.24,3.37,3.36,3,3,7,3,7,1.0,0.0,0.0,3.0,5.0,2.0,3.0,3.0,6.0,-3.0,2.0,-4.0,6.0,1.0,0.0,1.0,0.0,1.0,-1.0,33.3,0.0,16.7,83.3,13.0,10.0,8.0,20.0,1518.4,1489.4
2021-11-27,2021,Brighton,Leeds,0,0,D,U,2.11,3.41,3.67,4,4,6,1,7,0.0,1.0,1.0,2.0,2.0,3.0,-1.0,5.0,4.0,1.0,-3.0,-1.0,-2.0,0.0,0.0,0.0,1.0,0.0,1.0,33.3,33.3,16.7,50.0,12.0,13.0,17.0,9.0,1506.3,1530.7
2021-11-27,2021,Arsenal,Newcastle,2,0,H,U,1.47,4.77,6.61,6,5,4,4,7,2.0,0.0,0.0,1.0,6.0,3.0,3.0,3.0,4.0,-1.0,3.0,-1.0,4.0,1.0,0.0,1.0,0.0,0.0,0.0,66.7,16.7,0.0,50.0,21.0,5.0,17.0,16.0,1611.4,1463.3
2021-11-21,2021,Tottenham,Leeds,2,1,H,O,1.73,4.07,4.56,4,7,4,8,6,1.0,1.0,2.0,1.0,2.0,3.0,-1.0,7.0,3.0,4.0,-5.0,0.0,-5.0,0.0,0.0,0.0,2.0,0.0,2.0,60.0,40.0,20.0,40.0,10.0,15.0,20.0,6.0,1584.5,1539.4
2021-11-21,2021,Man City,Everton,3,0,H,O,1.18,7.56,15.95,7,1,7,1,6,1.0,0.0,1.0,2.0,2.0,2.0,0.0,2.0,6.0,-4.0,0.0,-4.0,4.0,1.0,0.0,1.0,1.0,1.0,0.0,60.0,20.0,20.0,40.0,10.0,8.0,21.0,8.0,1758.0,1539.4
2021-11-20,2021,Wolves,West Ham,1,0,H,U,3.02,3.27,2.47,5,3,7,3,6,2.0,3.0,1.0,0.0,4.0,7.0,-3.0,4.0,2.0,2.0,0.0,5.0,-5.0,0.0,1.0,-1.0,1.0,0.0,1.0,40.0,60.0,80.0,0.0,7.0,20.0,8.0,22.0,1523.5,1617.2
2021-11-20,2021,Watford,Man United,4,1,H,O,6.22,4.65,1.5,7,3,9,3,6,0.0,2.0,2.0,1.0,1.0,7.0,-6.0,7.0,5.0,2.0,-6.0,2.0,-8.0,0.0,1.0,-1.0,1.0,1.0,0.0,20.0,60.0,60.0,20.0,10.0,20.0,11.0,16.0,1430.0,1655.8
2021-11-20,2021,Norwich,Southampton,2,1,H,O,3.63,3.46,2.1,4,5,5,7,6,0.0,1.0,2.0,1.0,2.0,2.0,0.0,5.0,3.0,2.0,-3.0,-1.0,-2.0,0.0,0.0,0.0,1.0,1.0,0.0,0.0,80.0,20.0,40.0,11.0,5.0,17.0,15.0,1336.0,1501.6
2021-11-20,2021,Newcastle,Brentford,3,3,D,O,2.64,3.37,2.72,9,4,8,2,6,0.0,2.0,2.0,1.0,3.0,5.0,-2.0,7.0,4.0,3.0,-4.0,1.0,-5.0,0.0,1.0,-1.0,1.0,1.0,0.0,0.0,60.0,40.0,20.0,9.0,14.0,6.0,10.0,1462.6,1487.6
2021-11-20,2021,Liverpool,Arsenal,4,0,H,O,1.48,4.77,6.38,9,3,6,1,6,1.0,2.0,0.0,0.0,7.0,3.0,4.0,4.0,0.0,4.0,3.0,3.0,0.0,1.0,1.0,0.0,0.0,0.0,0.0,40.0,0.0,40.0,40.0,17.0,10.0,18.0,14.0,1718.6,1618.6
2021-11-20,2021,Leicester,Chelsea,0,3,A,O,4.74,3.72,1.78,3,7,3,5,6,1.0,3.0,1.0,0.0,6.0,7.0,-1.0,6.0,0.0,6.0,0.0,7.0,-7.0,1.0,2.0,-1.0,1.0,0.0,1.0,40.0,40.0,80.0,0.0,24.0,17.0,19.0,18.0,1574.9,1674.4
2021-11-20,2021,Burnley,Crystal Palace,3,3,D,O,2.77,3.23,2.7,9,8,3,6,6,1.0,1.0,1.0,1.0,3.0,4.0,-1.0,2.0,5.0,-3.0,1.0,-1.0,2.0,1.0,1.0,0.0,0.0,1.0,-1.0,20.0,40.0,20.0,40.0,13.0,11.0,21.0,10.0,1470.2,1519.8
2021-11-20,2021,Aston Villa,Brighton,2,0,H,U,2.43,3.31,3.04,5,2,5,7,6,1.0,0.0,2.0,0.0,6.0,3.0,3.0,7.0,3.0,4.0,-1.0,0.0,-1.0,1.0,0.0,1.0,1.0,0.0,1.0,40.0,40.0,40.0,0.0,11.0,13.0,14.0,12.0,1478.3,1517.5
2021-11-07,2021,West Ham,Liverpool,3,2,H,O,4.59,4.11,1.72,3,5,3,2,6,1.0,2.0,2.0,0.0,3.0,13.0,-10.0,4.0,3.0,1.0,-1.0,10.0,-11.0,0.0,2.0,-2.0,0.0,0.0,0.0,40.0,40.0,80.0,0.0,13.0,22.0,15.0,23.0,1603.6,1732.1
2021-11-07,2021,Leeds,Leicester,1,1,D,U,2.76,3.56,2.5,5,3,10,5,6,1.0,1.0,1.0,1.0,3.0,5.0,-2.0,3.0,5.0,-2.0,0.0,0.0,0.0,0.0,0.0,0.0,0.0,0.0,0.0,20.0,40.0,40.0,40.0,13.0,14.0,17.0,14.0,1538.3,1576.0
2021-11-07,2021,Everton,Tottenham,0,0,D,U,3.06,3.28,2.42,2,0,4,2,6,1.0,1.0,2.0,2.0,4.0,4.0,0.0,6.0,6.0,0.0,-2.0,-2.0,0.0,1.0,0.0,1.0,1.0,1.0,0.0,60.0,40.0,40.0,60.0,10.0,12.0,16.0,17.0,1538.0,1585.9
2021-11-07,2021,Arsenal,Watford,1,0,H,U,1.39,4.9,8.25,6,1,4,2,6,2.0,2.0,0.0,1.0,8.0,8.0,0.0,4.0,4.0,0.0,4.0,4.0,0.0,2.0,2.0,0.0,0.0,0.0,0.0,60.0,20.0,40.0,60.0,22.0,17.0,17.0,16.0,1613.3,1435.3
2021-11-06,2021,Man United,Man City,0,2,A,U,4.69,4.09,1.72,1,5,1,9,6,0.0,2.0,2.0,0.0,1.0,7.0,-6.0,7.0,3.0,4.0,-6.0,4.0,-10.0,0.0,1.0,-1.0,1.0,0.0,1.0,40.0,40.0,60.0,20.0,14.0,21.0,21.0,23.0,1663.3,1750.5
2021-11-06,2021,Crystal Palace,Wolves,2,0,H,U,2.5,3.15,3.08,6,2,4,6,6,0.0,2.0,0.0,0.0,4.0,5.0,-1.0,4.0,3.0,1.0,0.0,2.0,-2.0,0.0,0.0,0.0,0.0,0.0,0.0,20.0,0.0,60.0,20.0,10.0,11.0,10.0,15.0,1509.1,1534.2
2021-11-06,2021,Chelsea,Burnley,1,1,D,U,1.26,5.94,12.51,4,2,14,2,6,2.0,0.0,1.0,1.0,10.0,4.0,6.0,2.0,6.0,-4.0,8.0,-2.0,10.0,2.0,0.0,2.0,0.0,1.0,-1.0,80.0,20.0,0.0,60.0,22.0,10.0,16.0,8.0,1679.9,1464.7
2021-11-06,2021,Brighton,Newcastle,1,1,D,U,1.62,3.99,5.76,5,1,2,5,6,1.0,0.0,1.0,1.0,3.0,3.0,0.0,5.0,4.0,1.0,-2.0,-1.0,-1.0,0.0,0.0,0.0,1.0,0.0,1.0,40.0,40.0,0.0,60.0,12.0,10.0,19.0,17.0,1519.1,1461.0
2021-11-06,2021,Brentford,Norwich,1,2,A,O,1.63,3.92,5.8,7,5,6,2,6,0.0,0.0,2.0,2.0,4.0,0.0,4.0,6.0,9.0,-3.0,-2.0,-9.0,7.0,0.0,0.0,0.0,0.0,2.0,-2.0,20.0,60.0,0.0,80.0,16.0,5.0,16.0,9.0,1502.4,1321.2
2021-11-05,2021,Southampton,Aston Villa,1,0,H,U,2.02,3.66,3.68,3,3,10,8,6,1.0,1.0,1.0,2.0,3.0,3.0,0.0,3.0,5.0,-2.0,0.0,-2.0,2.0,0.0,0.0,0.0,0.0,1.0,-1.0,20.0,20.0,20.0,80.0,15.0,10.0,19.0,17.0,1491.7,1488.2
2021-11-01,2021,Wolves,Everton,2,1,H,O,2.24,3.28,3.39,4,5,4,3,5,1.0,1.0,2.0,1.0,2.0,3.0,-1.0,4.0,4.0,0.0,-2.0,-1.0,-1.0,0.0,1.0,-1.0,1.0,1.0,0.0,25.0,75.0,25.0,25.0,9.0,8.0,9.0,10.0,1523.5,1548.7
2021-10-31,2021,Norwich,Leeds,1,2,A,O,3.44,3.6,2.11,3,6,5,0,5,0.0,0.0,2.0,1.0,2.0,2.0,0.0,5.0,3.0,2.0,-3.0,-1.0,-2.0,0.0,0.0,0.0,1.0,0.0,1.0,0.0,75.0,0.0,50.0,12.0,11.0,21.0,11.0,1325.8,1533.7
2021-10-31,2021,Aston Villa,West Ham,1,4,A,O,2.83,3.5,2.48,3,9,3,6,5,1.0,2.0,1.0,0.0,6.0,3.0,3.0,4.0,1.0,3.0,2.0,2.0,0.0,1.0,0.0,1.0,0.0,0.0,0.0,50.0,25.0,75.0,0.0,13.0,14.0,14.0,20.0,1495.3,1596.5
2021-10-30,2021,Watford,Southampton,0,1,A,U,3.12,3.37,2.35,4,1,5,8,5,0.0,0.0,2.0,1.0,1.0,3.0,-2.0,8.0,5.0,3.0,-7.0,-2.0,-5.0,0.0,0.0,0.0,2.0,1.0,1.0,25.0,50.0,0.0,50.0,8.0,10.0,12.0,11.0,1444.2,1482.8
2021-10-30,2021,Tottenham,Man United,0,3,A,O,2.93,3.57,2.37,0,4,10,2,5,2.0,2.0,1.0,1.0,3.0,5.0,-2.0,4.0,5.0,-1.0,-1.0,0.0,-1.0,0.0,0.0,0.0,1.0,1.0,0.0,75.0,25.0,50.0,25.0,18.0,19.0,20.0,21.0,1594.1,1655.1
2021-10-30,2021,Newcastle,Chelsea,0,3,A,O,8.63,4.91,1.38,1,6,0,2,5,0.0,2.0,1.0,0.0,5.0,5.0,0.0,6.0,1.0,5.0,-1.0,4.0,-5.0,0.0,1.0,-1.0,0.0,0.0,0.0,0.0,50.0,75.0,0.0,13.0,14.0,10.0,19.0,1465.6,1675.3
2021-10-30,2021,Man City,Crystal Palace,0,2,A,U,1.16,8.13,18.61,3,3,7,1,5,2.0,0.0,0.0,1.0,7.0,4.0,3.0,0.0,7.0,-7.0,7.0,-3.0,10.0,2.0,0.0,2.0,0.0,1.0,-1.0,75.0,0.0,0.0,50.0,17.0,10.0,28.0,12.0,1767.1,1492.5
2021-10-30,2021,Liverpool,Brighton,2,2,D,O,1.24,6.49,12.11,3,6,5,3,5,1.0,1.0,0.0,0.0,6.0,2.0,4.0,3.0,1.0,2.0,3.0,1.0,2.0,1.0,0.0,1.0,0.0,0.0,0.0,50.0,0.0,50.0,0.0,21.0,9.0,25.0,15.0,1737.8,1513.4
2021-10-30,2021,Leicester,Arsenal,0,2,A,U,2.47,3.47,2.87,8,5,7,6,5,1.0,1.0,1.0,1.0,6.0,1.0,5.0,5.0,5.0,0.0,1.0,-4.0,5.0,1.0,0.0,1.0,0.0,1.0,-1.0,50.0,25.0,25.0,50.0,17.0,5.0,17.0,8.0,1585.5,1603.8
2021-10-30,2021,Burnley,Brentford,3,1,H,O,2.66,3.24,2.78,6,5,4,2,5,0.0,2.0,1.0,0.0,1.0,5.0,-4.0,2.0,2.0,0.0,-1.0,3.0,-4.0,0.0,1.0,-1.0,0.0,0.0,0.0,0.0,50.0,50.0,0.0,10.0,11.0,22.0,10.0,1453.0,1514.2
2021-10-24,2021,West Ham,Tottenham,1,0,H,U,2.35,3.49,3.01,4,4,2,4,5,0.0,1.0,2.0,2.0,4.0,4.0,0.0,6.0,8.0,-2.0,-2.0,-4.0,2.0,0.0,0.0,0.0,0.0,2.0,-2.0,25.0,50.0,50.0,50.0,13.0,9.0,18.0,15.0,1585.9,1604.7
2021-10-24,2021,Man United,Liverpool,0,5,A,O,3.06,3.66,2.27,4,8,6,3,5,1.0,2.0,1.0,0.0,5.0,11.0,-6.0,3.0,3.0,0.0,2.0,8.0,-6.0,1.0,2.0,-1.0,0.0,0.0,0.0,50.0,25.0,75.0,0.0,17.0,23.0,22.0,31.0,1663.2,1729.7
2021-10-24,2021,Brentford,Leicester,1,2,A,O,2.63,3.39,2.72,5,6,9,2,5,0.0,1.0,2.0,1.0,3.0,5.0,-2.0,5.0,5.0,0.0,-2.0,0.0,-2.0,0.0,0.0,0.0,0.0,0.0,0.0,25.0,50.0,25.0,50.0,12.0,11.0,8.0,21.0,1522.6,1577.0
2021-10-23,2021,Southampton,Burnley,2,2,D,O,2.0,3.54,3.87,4,5,6,2,5,1.0,0.0,1.0,2.0,1.0,3.0,-2.0,1.0,7.0,-6.0,0.0,-4.0,4.0,0.0,0.0,0.0,0.0,2.0,-2.0,25.0,25.0,0.0,75.0,14.0,11.0,18.0,12.0,1483.7,1452.0
2021-10-23,2021,Leeds,Wolves,1,1,D,U,2.57,3.37,2.79,4,4,6,3,5,1.0,3.0,2.0,0.0,2.0,6.0,-4.0,5.0,2.0,3.0,-3.0,4.0,-7.0,0.0,1.0,-1.0,1.0,0.0,1.0,25.0,50.0,75.0,25.0,13.0,12.0,13.0,20.0,1534.0,1523.2
2021-10-23,2021,Everton,Watford,2,5,A,O,1.67,3.86,5.49,4,8,3,5,5,2.0,1.0,1.0,2.0,5.0,3.0,2.0,2.0,3.0,-1.0,3.0,0.0,3.0,2.0,1.0,1.0,0.0,0.0,0.0,75.0,25.0,25.0,75.0,12.0,11.0,17.0,14.0,1562.3,1430.6
2021-10-23,2021,Crystal Palace,Newcastle,1,1,D,U,1.97,3.61,3.88,3,2,3,7,5,1.0,0.0,0.0,2.0,6.0,3.0,3.0,3.0,7.0,-4.0,3.0,-4.0,7.0,1.0,0.0,1.0,0.0,1.0,-1.0,25.0,0.0,0.0,75.0,11.0,11.0,15.0,13.0,1493.3,1464.7
2021-10-23,2021,Chelsea,Norwich,7,0,H,O,1.19,7.07,17.21,13,1,5,0,5,2.0,0.0,1.0,2.0,6.0,0.0,6.0,2.0,3.0,-1.0,4.0,-3.0,7.0,2.0,0.0,2.0,0.0,1.0,-1.0,75.0,25.0,0.0,75.0,13.0,5.0,15.0,13.0,1672.8,1328.3
2021-10-23,2021,Brighton,Man City,1,4,A,O,7.71,4.77,1.42,5,14,7,6,5,1.0,2.0,1.0,0.0,2.0,4.0,-2.0,3.0,2.0,1.0,-1.0,2.0,-3.0,0.0,0.0,0.0,1.0,0.0,1.0,50.0,25.0,50.0,25.0,10.0,15.0,16.0,25.0,1517.3,1763.2
2021-10-22,2021,Arsenal,Aston Villa,3,1,H,O,1.91,3.73,4.05,9,4,7,4,5,2.0,1.0,0.0,2.0,6.0,2.0,4.0,3.0,5.0,-2.0,3.0,-3.0,6.0,1.0,0.0,1.0,0.0,1.0,-1.0,50.0,25.0,25.0,75.0,20.0,12.0,18.0,24.0,1596.4,1502.7
2021-10-18,2021,Arsenal,Crystal Palace,2,2,D,O,1.65,3.87,5.65,6,6,6,4,4,2.0,0.0,1.0,2.0,4.0,2.0,2.0,3.0,8.0,-5.0,1.0,-6.0,7.0,1.0,0.0,1.0,1.0,2.0,-1.0,66.7,33.3,0.0,66.7,17.0,5.0,21.0,10.0,1599.5,1490.2
2021-10-17,2021,Newcastle,Tottenham,2,3,A,O,3.51,3.58,2.09,1,4,2,9,4,0.0,1.0,1.0,2.0,5.0,2.0,3.0,7.0,6.0,1.0,-2.0,-4.0,2.0,0.0,0.0,0.0,1.0,2.0,-1.0,0.0,33.3,33.3,66.7,15.0,11.0,15.0,10.0,1471.2,1598.2
2021-10-17,2021,Everton,West Ham,0,1,A,U,2.52,3.35,2.89,2,4,7,9,4,3.0,2.0,0.0,0.0,8.0,6.0,2.0,2.0,3.0,-1.0,6.0,3.0,3.0,3.0,1.0,2.0,0.0,0.0,0.0,100.0,0.0,66.7,0.0,16.0,19.0,16.0,17.0,1572.2,1576.0
2021-10-16,2021,Watford,Liverpool,0,5,A,O,8.67,5.33,1.36,2,8,1,9,4,1.0,2.0,1.0,0.0,4.0,9.0,-5.0,5.0,3.0,2.0,-1.0,6.0,-7.0,0.0,2.0,-2.0,1.0,0.0,1.0,33.3,33.3,66.7,0.0,13.0,23.0,13.0,33.0,1433.7,1726.6
2021-10-16,2021,Southampton,Leeds,1,0,H,U,2.4,3.52,2.93,5,0,8,1,4,0.0,0.0,1.0,1.0,1.0,3.0,-2.0,2.0,7.0,-5.0,-1.0,-4.0,3.0,0.0,0.0,0.0,0.0,1.0,-1.0,0.0,33.3,0.0,33.3,12.0,14.0,17.0,14.0,1471.6,1546.1
2021-10-16,2021,Norwich,Brighton,0,0,D,U,3.67,3.34,2.13,3,3,8,4,4,0.0,2.0,3.0,0.0,2.0,4.0,-2.0,8.0,2.0,6.0,-6.0,2.0,-8.0,0.0,0.0,0.0,2.0,0.0,2.0,0.0,100.0,66.7,0.0,12.0,14.0,16.0,17.0,1323.1,1522.5
2021-10-16,2021,Man City,Burnley,2,0,H,U,1.12,9.47,22.12,6,2,6,2,4,2.0,0.0,0.0,2.0,10.0,3.0,7.0,0.0,7.0,-7.0,10.0,-4.0,14.0,2.0,0.0,2.0,0.0,2.0,-2.0,66.7,0.0,0.0,66.7,15.0,12.0,28.0,14.0,1760.2,1455.0
2021-10-16,2021,Leicester,Man United,4,2,H,O,3.49,3.59,2.1,11,6,4,3,4,1.0,2.0,1.0,0.0,3.0,4.0,-1.0,3.0,2.0,1.0,0.0,2.0,-2.0,0.0,0.0,0.0,0.0,0.0,0.0,33.3,33.3,66.7,0.0,11.0,17.0,18.0,25.0,1563.9,1676.3
2021-10-16,2021,Brentford,Chelsea,0,1,A,U,6.37,3.84,1.6,7,1,5,5,4,1.0,2.0,1.0,0.0,5.0,6.0,-1.0,4.0,1.0,3.0,1.0,5.0,-4.0,1.0,2.0,-1.0,0.0,0.0,0.0,33.3,33.3,66.7,0.0,8.0,18.0,5.0,22.0,1528.8,1666.6
2021-10-16,2021,Aston Villa,Wolves,2,3,A,O,2.25,3.28,3.42,5,4,6,7,4,2.0,2.0,0.0,1.0,6.0,3.0,3.0,1.0,1.0,0.0,5.0,2.0,3.0,2.0,1.0,1.0,0.0,0.0,0.0,66.7,0.0,66.7,33.3,10.0,11.0,11.0,17.0,1512.7,1513.2
2021-10-03,2021,West Ham,Brentford,1,2,A,O,1.82,3.62,4.67,5,6,11,6,4,1.0,1.0,1.0,0.0,7.0,3.0,4.0,5.0,1.0,4.0,2.0,2.0,0.0,1.0,1.0,0.0,0.0,0.0,0.0,33.3,33.3,33.3,0.0,15.0,8.0,17.0,9.0,1588.1,1516.8
2021-10-03,2021,Tottenham,Aston Villa,2,1,H,O,2.12,3.53,3.5,8,3,5,8,4,2.0,1.0,1.0,2.0,2.0,3.0,-1.0,3.0,6.0,-3.0,-1.0,-3.0,2.0,0.0,0.0,0.0,1.0,1.0,0.0,66.7,33.3,33.3,66.7,13.0,11.0,18.0,20.0,1590.1,1520.7
2021-10-03,2021,Liverpool,Man City,2,2,D,O,2.9,3.53,2.43,4,3,3,4,4,2.0,2.0,0.0,1.0,6.0,2.0,4.0,1.0,1.0,0.0,5.0,1.0,4.0,2.0,0.0,2.0,0.0,0.0,0.0,66.7,0.0,66.7,33.3,26.0,16.0,30.0,32.0,1725.6,1761.2
2021-10-03,2021,Crystal Palace,Leicester,2,2,D,O,3.11,3.41,2.36,4,5,1,3,4,1.0,1.0,0.0,2.0,4.0,4.0,0.0,1.0,7.0,-6.0,3.0,-3.0,6.0,1.0,0.0,1.0,0.0,1.0,-1.0,33.3,0.0,33.3,66.7,9.0,7.0,17.0,18.0,1488.0,1566.1
2021-10-02,2021,Wolves,Newcastle,2,1,H,O,1.69,4.0,5.02,3,2,0,4,4,0.0,0.0,3.0,2.0,0.0,2.0,-2.0,4.0,7.0,-3.0,-4.0,-5.0,1.0,0.0,0.0,0.0,1.0,2.0,-1.0,0.0,100.0,0.0,66.7,12.0,10.0,14.0,13.0,1503.9,1480.6
2021-10-02,2021,Man United,Everton,1,1,D,U,1.5,4.38,7.08,6,2,10,1,4,2.0,1.0,1.0,1.0,9.0,4.0,5.0,3.0,5.0,-2.0,6.0,-1.0,7.0,2.0,1.0,1.0,0.0,1.0,-1.0,66.7,33.3,33.3,33.3,19.0,14.0,17.0,14.0,1679.4,1569.1
2021-10-02,2021,Leeds,Watford,1,0,H,U,1.76,3.9,4.63,4,1,6,3,4,0.0,1.0,2.0,2.0,3.0,3.0,0.0,7.0,4.0,3.0,-4.0,-1.0,-3.0,0.0,1.0,-1.0,1.0,1.0,0.0,0.0,66.7,33.3,66.7,13.0,11.0,15.0,13.0,1538.9,1441.0
2021-10-02,2021,Chelsea,Southampton,3,1,H,O,1.38,4.9,8.92,9,2,7,2,4,2.0,0.0,1.0,1.0,6.0,3.0,3.0,1.0,5.0,-4.0,5.0,-2.0,7.0,2.0,0.0,2.0,0.0,1.0,-1.0,66.7,33.3,0.0,33.3,10.0,11.0,13.0,17.0,1661.5,1476.7
2021-10-02,2021,Burnley,Norwich,0,0,D,U,1.88,3.61,4.33,4,2,9,5,4,0.0,0.0,2.0,3.0,2.0,0.0,2.0,4.0,8.0,-4.0,-2.0,-8.0,6.0,0.0,0.0,0.0,0.0,2.0,-2.0,0.0,66.7,0.0,100.0,9.0,3.0,20.0,9.0,1458.8,1319.3
2021-10-02,2021,Brighton,Arsenal,0,0,D,U,3.05,3.22,2.5,2,2,8,5,4,2.0,1.0,1.0,2.0,4.0,1.0,3.0,3.0,7.0,-4.0,1.0,-6.0,7.0,1.0,0.0,1.0,1.0,2.0,-1.0,66.7,33.3,33.3,66.7,11.0,7.0,15.0,8.0,1520.2,1601.8
2021-09-27,2021,Crystal Palace,Brighton,1,1,D,U,3.04,3.15,2.54,3,4,6,5,3,,,,,,,,,,,,,,,,,,,,50.0,0.0,100.0,0.0,,,,,1487.1,1521.2
2021-09-26,2021,Southampton,Wolves,0,1,A,U,2.65,3.24,2.83,6,3,5,5,3,,,,,,,,,,,,,,,,,,,,0.0,0.0,50.0,50.0,,,,,1486.5,1494.1
2021-09-26,2021,Arsenal,Tottenham,3,1,H,O,2.28,3.31,3.35,7,4,4,4,3,,,,,,,,,,,,,,,,,,,,50.0,50.0,50.0,50.0,,,,,1591.5,1600.4
2021-09-25,2021,Watford,Newcastle,1,1,D,U,2.27,3.37,3.32,4,6,5,6,3,,,,,,,,,,,,,,,,,,,,50.0,50.0,0.0,100.0,,,,,1439.8,1481.8
2021-09-25,2021,Man United,Aston Villa,0,1,A,U,1.4,5.08,7.84,4,3,5,5,3,,,,,,,,,,,,,,,,,,,,100.0,0.0,0.0,100.0,,,,,1694.3,1505.8
2021-09-25,2021,Leicester,Burnley,2,2,D,O,1.59,4.05,6.12,5,3,8,4,3,,,,,,,,,,,,,,,,,,,,50.0,50.0,0.0,100.0,,,,,1569.3,1455.6
2021-09-25,2021,Leeds,West Ham,1,2,A,O,3.04,3.67,2.29,5,7,5,7,3,,,,,,,,,,,,,,,,,,,,0.0,50.0,50.0,0.0,,,,,1548.0,1579.0
2021-09-25,2021,Everton,Norwich,2,0,H,U,1.63,3.86,5.96,4,2,6,4,3,,,,,,,,,,,,,,,,,,,,100.0,0.0,0.0,100.0,,,,,1565.2,1323.2
2021-09-25,2021,Chelsea,Man City,0,1,A,U,2.66,3.26,2.79,0,4,4,13,3,,,,,,,,,,,,,,,,,,,,100.0,0.0,50.0,50.0,,,,,1669.1,1753.6
2021-09-25,2021,Brentford,Liverpool,3,3,D,O,6.96,4.48,1.49,4,6,2,11,3,,,,,,,,,,,,,,,,,,,,50.0,50.0,100.0,0.0,,,,,1511.2,1731.2
2021-09-19,2021,West Ham,Man United,1,2,A,O,4.51,3.9,1.78,4,10,2,11,3,,,,,,,,,,,,,,,,,,,,50.0,0.0,50.0,0.0,,,,,1586.1,1687.2
2021-09-19,2021,Tottenham,Chelsea,0,3,A,O,4.89,3.83,1.74,2,10,5,11,3,,,,,,,,,,,,,,,,,,,,100.0,0.0,50.0,0.0,,,,,1608.9,1660.6
2021-09-19,2021,Brighton,Leicester,2,1,H,O,2.75,3.23,2.73,5,3,4,9,3,,,,,,,,,,,,,,,,,,,,50.0,50.0,50.0,50.0,,,,,1509.2,1581.3
2021-09-18,2021,Wolves,Brentford,0,2,A,U,1.9,3.27,4.83,0,3,4,2,3,,,,,,,,,,,,,,,,,,,,0.0,100.0,0.0,0.0,,,,,1504.2,1501.1
2021-09-18,2021,Norwich,Watford,1,3,A,O,2.18,3.39,3.47,5,8,4,8,3,,,,,,,,,,,,,,,,,,,,0.0,100.0,0.0,100.0,,,,,1330.4,1432.6
2021-09-18,2021,Man City,Southampton,0,0,D,U,1.15,8.46,18.55,1,2,8,5,3,,,,,,,,,,,,,,,,,,,,100.0,0.0,0.0,50.0,,,,,1760.3,1479.8
2021-09-18,2021,Liverpool,Crystal Palace,3,0,H,O,1.22,6.84,14.04,10,2,10,5,3,,,,,,,,,,,,,,,,,,,,50.0,0.0,0.0,50.0,,,,,1727.1,1491.1
2021-09-18,2021,Burnley,Arsenal,0,1,A,U,3.82,3.5,2.03,3,3,8,3,3,,,,,,,,,,,,,,,,,,,,0.0,50.0,0.0,100.0,,,,,1462.3,1584.9
2021-09-18,2021,Aston Villa,Everton,3,0,H,O,2.4,3.36,3.06,3,1,5,4,3,,,,,,,,,,,,,,,,,,,,50.0,0.0,50.0,0.0,,,,,1493.4,1577.5
2021-09-17,2021,Newcastle,Leeds,1,1,D,U,3.01,3.62,2.33,7,9,4,5,3,,,,,,,,,,,,,,,,,,,,0.0,50.0,0.0,50.0,,,,,1479.8,1550.0
2021-09-13,2021,Everton,Burnley,3,1,H,O,1.75,3.71,5.01,6,6,4,6,2,,,,,,,,,,,,,,,,,,,,100.0,0.0,0.0,100.0,,,,,1570.4,1469.4
2021-09-12,2021,Leeds,Liverpool,0,3,A,O,4.34,4.05,1.78,4,9,2,11,2,,,,,,,,,,,,,,,,,,,,0.0,0.0,100.0,0.0,,,,,1555.5,1721.5
2021-09-11,2021,Watford,Wolves,0,2,A,U,3.36,3.19,2.33,2,5,6,8,2,,,,,,,,,,,,,,,,,,,,100.0,0.0,0.0,100.0,,,,,1441.1,1495.7
2021-09-11,2021,Southampton,West Ham,0,0,D,U,2.89,3.46,2.47,3,3,5,4,2,,,,,,,,,,,,,,,,,,,,0.0,0.0,100.0,0.0,,,,,1476.7,1589.3
2021-09-11,2021,Man United,Newcastle,4,1,H,O,1.2,7.27,14.77,7,3,7,3,2,,,,,,,,,,,,,,,,,,,,100.0,0.0,0.0,100.0,,,,,1682.3,1484.6
2021-09-11,2021,Leicester,Man City,0,1,A,U,5.7,4.22,1.6,1,8,5,8,2,,,,,,,,,,,,,,,,,,,,100.0,0.0,0.0,100.0,,,,,1586.8,1754.8
2021-09-11,2021,Crystal Palace,Tottenham,3,0,H,O,4.25,3.44,1.95,4,1,8,2,2,,,,,,,,,,,,,,,,,,,,0.0,0.0,100.0,0.0,,,,,1477.2,1622.9
2021-09-11,2021,Chelsea,Aston Villa,3,0,H,O,1.3,5.46,11.28,4,6,4,11,2,,,,,,,,,,,,,,,,,,,,100.0,0.0,0.0,100.0,,,,,1654.8,1499.2
2021-09-11,2021,Brentford,Brighton,0,1,A,U,2.86,3.14,2.69,1,2,1,6,2,,,,,,,,,,,,,,,,,,,,100.0,0.0,100.0,0.0,,,,,1511.5,1498.8
2021-09-11,2021,Arsenal,Norwich,1,0,H,U,1.52,4.48,6.4,7,1,8,4,2,,,,,,,,,,,,,,,,,,,,0.0,100.0,0.0,100.0,,,,,1581.0,1334.3
2021-08-29,2021,Wolves,Man United,0,1,A,U,4.91,3.48,1.82,6,3,5,7,2,,,,,,,,,,,,,,,,,,,,0.0,100.0,0.0,0.0,,,,,1501.1,1677.0
2021-08-29,2021,Tottenham,Watford,1,0,H,U,1.44,4.48,8.42,8,2,10,3,2,,,,,,,,,,,,,,,,,,,,100.0,0.0,0.0,100.0,,,,,1617.4,1446.5
2021-08-29,2021,Burnley,Leeds,1,1,D,U,3.07,3.51,2.33,3,2,5,5,2,,,,,,,,,,,,,,,,,,,,0.0,100.0,0.0,100.0,,,,,1466.9,1558.1
2021-08-28,2021,West Ham,Crystal Palace,2,2,D,O,1.58,4.02,6.29,4,2,5,3,2,,,,,,,,,,,,,,,,,,,,100.0,0.0,0.0,100.0,,,,,1592.5,1473.9
2021-08-28,2021,Norwich,Leicester,1,2,A,O,4.34,3.55,1.9,4,3,9,9,2,,,,,,,,,,,,,,,,,,,,0.0,100.0,0.0,100.0,,,,,1338.2,1582.9
2021-08-28,2021,Newcastle,Southampton,2,2,D,O,2.52,3.47,2.82,5,6,4,4,2,,,,,,,,,,,,,,,,,,,,0.0,100.0,0.0,100.0,,,,,1484.9,1476.4
2021-08-28,2021,Man City,Arsenal,5,0,H,O,1.26,6.16,11.99,10,0,14,0,2,,,,,,,,,,,,,,,,,,,,100.0,0.0,0.0,100.0,,,,,1749.2,1586.7
2021-08-28,2021,Liverpool,Chelsea,1,1,D,U,2.5,3.33,2.95,7,3,12,3,2,,,,,,,,,,,,,,,,,,,,100.0,0.0,100.0,0.0,,,,,1723.5,1652.8
2021-08-28,2021,Brighton,Everton,0,2,A,U,2.35,3.25,3.27,3,5,4,5,2,,,,,,,,,,,,,,,,,,,,100.0,0.0,0.0,0.0,,,,,1507.2,1561.9
2021-08-28,2021,Aston Villa,Brentford,1,1,D,U,2.0,3.57,3.84,5,2,3,2,2,,,,,,,,,,,,,,,,,,,,100.0,0.0,0.0,0.0,,,,,1498.8,1511.9
2021-08-23,2021,West Ham,Leicester,4,1,H,O,2.58,3.44,2.75,7,1,10,0,1,,,,,,,,,,,,,,,,,,,,,,,,,,,,1582.2,1593.2
2021-08-22,2021,Wolves,Tottenham,0,1,A,U,3.2,3.15,2.43,6,6,5,4,1,,,,,,,,,,,,,,,,,,,,,,,,,,,,1508.2,1610.3
2021-08-22,2021,Southampton,Man United,1,1,D,U,5.36,4.26,1.61,3,4,7,7,1,,,,,,,,,,,,,,,,,,,,,,,,,,,,1471.0,1682.4
2021-08-22,2021,Arsenal,Chelsea,0,2,A,U,4.76,3.74,1.78,3,5,9,8,1,,,,,,,,,,,,,,,,,,,,,,,,,,,,1595.3,1644.2
2021-08-21,2021,Man City,Norwich,5,0,H,O,1.11,10.58,25.64,4,0,6,1,1,,,,,,,,,,,,,,,,,,,,,,,,,,,,1747.4,1340.0
2021-08-21,2021,Liverpool,Burnley,2,0,H,U,1.21,6.97,14.41,9,3,8,4,1,,,,,,,,,,,,,,,,,,,,,,,,,,,,1719.7,1470.7
2021-08-21,2021,Leeds,Everton,2,2,D,O,2.37,3.47,3.03,4,8,8,5,1,,,,,,,,,,,,,,,,,,,,,,,,,,,,1558.0,1562.0
2021-08-21,2021,Crystal Palace,Brentford,0,0,D,U,2.61,3.18,2.9,2,3,3,5,1,,,,,,,,,,,,,,,,,,,,,,,,,,,,1472.7,1513.0
2021-08-21,2021,Brighton,Watford,2,0,H,U,1.74,3.52,5.53,3,1,7,2,1,,,,,,,,,,,,,,,,,,,,,,,,,,,,1498.5,1455.3
2021-08-21,2021,Aston Villa,Newcastle,2,0,H,U,1.82,3.92,4.25,2,1,3,4,1,,,,,,,,,,,,,,,,,,,,,,,,,,,,1488.6,1495.1
2021-08-15,2021,Tottenham,Man City,1,0,H,U,5.49,4.1,1.64,3,4,3,11,1,,,,,,,,,,,,,,,,,,,,,,,,,,,,1595.8,1761.9
2021-08-15,2021,Newcastle,West Ham,2,4,A,O,3.2,3.51,2.26,3,9,7,6,1,,,,,,,,,,,,,,,,,,,,,,,,,,,,1503.1,1574.3
2021-08-14,2021,Watford,Aston Villa,3,2,H,O,3.14,3.26,2.41,7,2,2,4,1,,,,,,,,,,,,,,,,,,,,,,,,,,,,1443.7,1500.2
2021-08-14,2021,Norwich,Liverpool,0,3,A,O,8.78,5.71,1.33,3,8,3,11,1,,,,,,,,,,,,,,,,,,,,,,,,,,,,1342.0,1717.6
2021-08-14,2021,Man United,Leeds,5,1,H,O,1.55,4.48,5.87,8,3,5,4,1,,,,,,,,,,,,,,,,,,,,,,,,,,,,1675.5,1564.9
2021-08-14,2021,Leicester,Wolves,1,0,H,U,1.71,3.75,5.32,5,3,5,4,1,,,,,,,,,,,,,,,,,,,,,,,,,,,,1585.2,1516.2
2021-08-14,2021,Everton,Southampton,3,1,H,O,1.97,3.53,4.04,6,3,6,8,1,,,,,,,,,,,,,,,,,,,,,,,,,,,,1554.2,1478.9
2021-08-14,2021,Chelsea,Crystal Palace,3,0,H,O,1.26,5.92,12.8,6,1,5,2,1,,,,,,,,,,,,,,,,,,,,,,,,,,,,1638.5,1478.4
2021-08-14,2021,Burnley,Brighton,1,2,A,O,3.19,3.09,2.49,3,8,7,6,1,,,,,,,,,,,,,,,,,,,,,,,,,,,,1480.5,1488.7
2021-08-13,2021,Brentford,Arsenal,2,0,H,U,4.02,3.43,2.02,3,4,2,5,1,,,,,,,,,,,,,,,,,,,,,,,,,,,,1500.0,1608.3
2021-05-23,2020,Wolves,Man United,1,2,A,O,2.53,3.63,2.69,4,4,6,2,19,2.0,2.0,1.0,0.0,3.0,6.0,-3.0,5.0,2.0,3.0,-2.0,4.0,-6.0,0.0,2.0,-2.0,1.0,0.0,1.0,38.9,38.9,61.1,0.0,13.0,18.0,21.0,17.0,1522.2,1669.5
2021-05-23,2020,West Ham,Southampton,3,0,H,O,1.72,4.0,4.76,7,5,2,3,19,1.0,0.0,2.0,3.0,3.0,1.0,2.0,4.0,7.0,-3.0,-1.0,-6.0,5.0,0.0,0.0,0.0,0.0,2.0,-2.0,50.0,27.8,22.2,55.6,6.0,15.0,10.0,19.0,1566.5,1486.6
2021-05-23,2020,Sheffield United,Burnley,1,0,H,U,2.84,3.63,2.41,3,3,8,9,19,1.0,2.0,2.0,1.0,1.0,7.0,-6.0,5.0,3.0,2.0,-4.0,4.0,-8.0,0.0,2.0,-2.0,2.0,1.0,1.0,22.2,72.2,33.3,50.0,5.0,15.0,9.0,12.0,1404.4,1493.0
2021-05-23,2020,Man City,Everton,5,0,H,O,1.44,4.94,6.83,11,3,7,5,19,1.0,2.0,2.0,0.0,7.0,2.0,5.0,6.0,0.0,6.0,1.0,2.0,-1.0,1.0,0.0,1.0,0.0,0.0,0.0,66.7,22.2,61.1,16.7,21.0,9.0,20.0,10.0,1757.0,1559.0
2021-05-23,2020,Liverpool,Crystal Palace,2,0,H,U,1.16,8.28,17.35,5,4,14,1,19,2.0,1.0,0.0,2.0,5.0,4.0,1.0,2.0,5.0,-3.0,3.0,-1.0,4.0,1.0,1.0,0.0,0.0,1.0,-1.0,50.0,33.3,33.3,50.0,25.0,14.0,21.0,21.0,1713.4,1482.6
2021-05-23,2020,Leicester,Tottenham,2,4,A,O,2.04,4.02,3.33,6,4,8,7,19,2.0,0.0,1.0,1.0,7.0,5.0,2.0,5.0,7.0,-2.0,2.0,-2.0,4.0,1.0,0.0,1.0,1.0,1.0,0.0,50.0,44.4,38.9,33.3,21.0,11.0,23.0,12.0,1595.4,1585.6
2021-05-23,2020,Leeds,West Brom,3,1,H,O,1.44,5.18,6.51,9,5,8,3,19,1.0,0.0,0.0,2.0,4.0,3.0,1.0,2.0,8.0,-6.0,2.0,-5.0,7.0,1.0,0.0,1.0,0.0,2.0,-2.0,38.9,33.3,11.1,61.1,15.0,6.0,20.0,13.0,1559.1,1404.9
2021-05-23,2020,Fulham,Newcastle,0,2,A,U,2.09,3.81,3.32,0,4,5,4,19,0.0,2.0,3.0,0.0,1.0,7.0,-6.0,5.0,4.0,1.0,-4.0,3.0,-7.0,0.0,1.0,-1.0,1.0,0.0,1.0,11.1,66.7,27.8,50.0,12.0,15.0,24.0,12.0,1408.2,1495.5
2021-05-23,2020,Aston Villa,Chelsea,2,1,H,O,6.62,4.56,1.49,3,7,2,9,19,0.0,3.0,1.0,0.0,3.0,7.0,-4.0,5.0,2.0,3.0,-2.0,5.0,-7.0,0.0,1.0,-1.0,1.0,0.0,1.0,33.3,44.4,55.6,22.2,18.0,21.0,25.0,12.0,1485.8,1652.9
2021-05-23,2020,Arsenal,Brighton,2,0,H,U,1.62,4.29,5.23,5,1,11,3,19,1.0,0.0,1.0,2.0,4.0,1.0,3.0,3.0,3.0,0.0,1.0,-2.0,3.0,1.0,0.0,1.0,0.0,0.0,0.0,38.9,38.9,27.8,44.4,15.0,9.0,24.0,20.0,1601.2,1495.8
2021-05-19,2020,West Brom,West Ham,1,3,A,O,5.26,4.25,1.62,4,9,6,8,19,1.0,1.0,1.0,1.0,5.0,5.0,0.0,3.0,5.0,-2.0,2.0,0.0,2.0,1.0,0.0,1.0,0.0,0.0,0.0,16.7,50.0,44.4,33.3,13.0,13.0,19.0,15.0,1410.8,1560.6
2021-05-19,2020,Tottenham,Aston Villa,1,2,A,O,1.53,4.65,5.85,4,4,4,5,19,3.0,1.0,0.0,2.0,8.0,5.0,3.0,1.0,6.0,-5.0,7.0,-1.0,8.0,2.0,0.0,2.0,0.0,0.0,0.0,55.6,27.8,44.4,38.9,27.0,15.0,21.0,13.0,1599.1,1472.3
2021-05-19,2020,Newcastle,Sheffield United,1,0,H,U,1.75,3.83,4.75,5,1,5,2,19,1.0,1.0,2.0,2.0,6.0,1.0,5.0,8.0,5.0,3.0,-2.0,-4.0,2.0,0.0,0.0,0.0,1.0,1.0,0.0,27.8,44.4,11.1,83.3,14.0,6.0,10.0,13.0,1487.6,1412.3
2021-05-19,2020,Everton,Wolves,1,0,H,U,1.89,3.61,4.25,4,3,7,12,19,0.0,1.0,2.0,1.0,3.0,2.0,1.0,5.0,3.0,2.0,-2.0,-1.0,-1.0,0.0,0.0,0.0,0.0,1.0,-1.0,27.8,50.0,27.8,44.4,16.0,16.0,20.0,13.0,1549.5,1531.7
2021-05-19,2020,Crystal Palace,Arsenal,1,3,A,O,6.14,4.41,1.53,6,3,6,7,19,1.0,3.0,2.0,0.0,4.0,6.0,-2.0,8.0,0.0,8.0,-4.0,6.0,-10.0,0.0,2.0,-2.0,2.0,0.0,2.0,33.3,38.9,50.0,33.3,13.0,12.0,9.0,12.0,1489.7,1594.1
2021-05-19,2020,Burnley,Liverpool,0,3,A,O,10.82,6.67,1.25,4,3,6,7,19,0.0,2.0,3.0,0.0,2.0,7.0,-5.0,8.0,4.0,4.0,-6.0,3.0,-9.0,0.0,1.0,-1.0,1.0,0.0,1.0,22.2,44.4,50.0,16.7,11.0,21.0,24.0,25.0,1497.5,1708.9
2021-05-18,2020,Southampton,Leeds,0,2,A,U,2.6,3.81,2.54,3,7,4,5,19,2.0,2.0,0.0,1.0,7.0,6.0,1.0,3.0,3.0,0.0,4.0,3.0,1.0,2.0,1.0,1.0,0.0,1.0,-1.0,44.4,38.9,50.0,50.0,16.0,10.0,18.0,20.0,1495.0,1550.6
2021-05-18,2020,Man United,Fulham,1,1,D,U,1.32,5.71,9.38,6,5,6,1,19,1.0,0.0,2.0,2.0,6.0,2.0,4.0,7.0,6.0,1.0,-1.0,-4.0,3.0,1.0,0.0,1.0,1.0,2.0,-1.0,50.0,33.3,16.7,38.9,13.0,7.0,17.0,14.0,1676.1,1401.7
2021-05-18,2020,Chelsea,Leicester,2,1,H,O,1.72,3.71,5.37,6,3,6,5,19,1.0,1.0,1.0,1.0,2.0,5.0,-3.0,1.0,5.0,-4.0,1.0,0.0,1.0,1.0,0.0,1.0,0.0,0.0,0.0,44.4,22.2,61.1,11.1,14.0,17.0,10.0,23.0,1644.1,1604.3
2021-05-18,2020,Brighton,Man City,3,2,H,O,6.93,4.49,1.49,6,4,5,3,19,1.0,3.0,0.0,0.0,3.0,8.0,-5.0,1.0,4.0,-3.0,2.0,4.0,-2.0,1.0,1.0,0.0,0.0,0.0,0.0,16.7,33.3,77.8,5.6,10.0,12.0,15.0,22.0,1478.9,1773.9
2021-05-16,2020,West Brom,Liverpool,1,2,A,O,12.37,6.75,1.23,3,6,9,13,18,1.0,2.0,0.0,0.0,4.0,8.0,-4.0,1.0,3.0,-2.0,3.0,5.0,-2.0,1.0,2.0,-1.0,0.0,0.0,0.0,17.6,47.1,47.1,17.6,13.0,22.0,19.0,14.0,1414.0,1705.7
2021-05-16,2020,Tottenham,Wolves,2,0,H,U,1.54,4.28,6.27,13,3,10,3,18,2.0,1.0,1.0,0.0,7.0,2.0,5.0,4.0,1.0,3.0,3.0,1.0,2.0,1.0,0.0,1.0,1.0,0.0,1.0,52.9,29.4,29.4,41.2,17.0,15.0,18.0,13.0,1590.5,1540.3
2021-05-16,2020,Everton,Sheffield United,0,1,A,U,1.4,4.73,8.34,6,3,11,4,18,0.0,0.0,1.0,3.0,4.0,1.0,3.0,5.0,7.0,-2.0,-1.0,-6.0,5.0,0.0,0.0,0.0,0.0,1.0,-1.0,29.4,47.1,5.9,88.2,17.0,4.0,12.0,16.0,1564.0,1397.8
2021-05-16,2020,Crystal Palace,Aston Villa,3,2,H,O,3.05,3.5,2.33,8,5,7,7,18,1.0,1.0,2.0,1.0,2.0,4.0,-2.0,6.0,4.0,2.0,-4.0,0.0,-4.0,0.0,0.0,0.0,2.0,0.0,2.0,29.4,41.2,47.1,35.3,9.0,16.0,5.0,8.0,1479.6,1482.3
2021-05-15,2020,Southampton,Fulham,3,1,H,O,2.02,3.58,3.73,7,3,6,5,18,2.0,0.0,0.0,2.0,7.0,2.0,5.0,4.0,6.0,-2.0,3.0,-4.0,7.0,1.0,0.0,1.0,0.0,2.0,-2.0,41.2,41.2,17.6,35.3,18.0,11.0,18.0,13.0,1487.2,1409.5
2021-05-15,2020,Burnley,Leeds,0,4,A,O,3.14,3.64,2.23,4,6,6,8,18,0.0,2.0,2.0,1.0,3.0,4.0,-1.0,5.0,4.0,1.0,-2.0,0.0,-2.0,0.0,0.0,0.0,0.0,1.0,-1.0,23.5,41.2,47.1,52.9,12.0,8.0,20.0,19.0,1506.5,1541.7
2021-05-15,2020,Brighton,West Ham,1,1,D,U,2.98,3.49,2.39,2,3,3,3,18,2.0,2.0,0.0,1.0,5.0,7.0,-2.0,0.0,6.0,-6.0,5.0,1.0,4.0,2.0,0.0,2.0,0.0,0.0,0.0,17.6,35.3,47.1,35.3,14.0,16.0,15.0,14.0,1476.4,1563.0
2021-05-14,2020,Newcastle,Man City,3,4,A,O,10.52,5.8,1.3,5,6,4,5,18,1.0,3.0,1.0,0.0,5.0,6.0,-1.0,6.0,1.0,5.0,-1.0,5.0,-6.0,0.0,2.0,-2.0,1.0,0.0,1.0,29.4,41.2,76.5,5.9,15.0,10.0,13.0,18.0,1491.0,1770.6
2021-05-13,2020,Man United,Liverpool,2,4,A,O,3.15,3.76,2.18,3,8,6,4,18,2.0,2.0,1.0,0.0,6.0,5.0,1.0,4.0,1.0,3.0,2.0,4.0,-2.0,1.0,1.0,0.0,0.0,0.0,0.0,52.9,29.4,43.8,18.8,17.0,18.0,16.0,12.0,1685.8,1696.0
2021-05-13,2020,Aston Villa,Everton,0,0,D,U,2.72,3.44,2.61,2,5,9,1,18,0.0,2.0,2.0,0.0,4.0,2.0,2.0,7.0,0.0,7.0,-3.0,2.0,-5.0,0.0,0.0,0.0,1.0,0.0,1.0,35.3,47.1,64.7,17.6,19.0,5.0,17.0,12.0,1479.9,1566.4
2021-05-12,2020,Chelsea,Arsenal,0,1,A,U,1.73,3.8,5.04,5,2,9,1,18,1.0,2.0,1.0,0.0,4.0,8.0,-4.0,5.0,3.0,2.0,-1.0,5.0,-6.0,1.0,2.0,-1.0,1.0,0.0,1.0,47.1,17.6,47.1,35.3,17.0,17.0,11.0,16.0,1656.2,1582.0
2021-05-11,2020,Southampton,Crystal Palace,3,1,H,O,2.1,3.56,3.56,6,4,12,8,17,1.0,1.0,1.0,1.0,5.0,4.0,1.0,5.0,3.0,2.0,0.0,1.0,-1.0,0.0,1.0,-1.0,0.0,0.0,0.0,37.5,43.8,35.3,47.1,16.0,16.0,10.0,17.0,1476.9,1490.0
2021-05-11,2020,Man United,Leicester,1,2,A,O,2.54,3.37,2.88,1,3,3,4,17,3.0,1.0,0.0,1.0,6.0,5.0,1.0,2.0,5.0,-3.0,4.0,0.0,4.0,1.0,0.0,1.0,0.0,0.0,0.0,56.2,25.0,58.8,11.8,20.0,18.0,19.0,25.0,1698.8,1591.3
2021-05-10,2020,Fulham,Burnley,0,2,A,U,2.21,3.41,3.35,3,5,8,4,18,0.0,1.0,3.0,2.0,1.0,7.0,-6.0,6.0,6.0,0.0,-5.0,1.0,-6.0,0.0,1.0,-1.0,1.0,1.0,0.0,11.8,64.7,29.4,52.9,9.0,15.0,20.0,15.0,1417.1,1498.8
2021-05-09,2020,Wolves,Brighton,2,1,H,O,3.35,3.3,2.27,6,3,10,5,18,1.0,0.0,2.0,2.0,3.0,1.0,2.0,7.0,3.0,4.0,-4.0,-2.0,-2.0,0.0,0.0,0.0,1.0,0.0,1.0,35.3,41.2,29.4,41.2,12.0,9.0,15.0,21.0,1531.6,1485.1
2021-05-09,2020,West Ham,Everton,0,1,A,U,2.27,3.44,3.22,0,3,5,6,18,1.0,1.0,1.0,1.0,6.0,1.0,5.0,6.0,2.0,4.0,0.0,-1.0,1.0,0.0,0.0,0.0,0.0,1.0,-1.0,52.9,23.5,62.5,18.8,11.0,3.0,8.0,9.0,1573.5,1555.9
2021-05-09,2020,Aston Villa,Man United,1,3,A,O,4.38,3.81,1.82,5,7,5,6,17,1.0,2.0,1.0,0.0,6.0,5.0,1.0,5.0,1.0,4.0,1.0,4.0,-3.0,1.0,2.0,-1.0,0.0,0.0,0.0,37.5,43.8,58.8,0.0,18.0,17.0,16.0,13.0,1484.5,1694.2
2021-05-09,2020,Arsenal,West Brom,3,1,H,O,1.47,4.53,7.01,7,1,6,6,18,0.0,1.0,2.0,1.0,1.0,7.0,-6.0,5.0,7.0,-2.0,-4.0,0.0,-4.0,0.0,1.0,-1.0,1.0,1.0,0.0,35.3,41.2,11.8,58.8,10.0,12.0,19.0,10.0,1576.3,1419.7
2021-05-08,2020,Sheffield United,Crystal Palace,0,2,A,U,2.97,3.25,2.52,0,8,5,11,18,1.0,0.0,2.0,2.0,1.0,3.0,-2.0,5.0,7.0,-2.0,-4.0,-4.0,0.0,0.0,0.0,0.0,2.0,1.0,1.0,23.5,70.6,31.2,50.0,7.0,9.0,11.0,11.0,1405.6,1482.2
2021-05-08,2020,Man City,Chelsea,1,2,A,O,1.94,3.45,4.26,4,5,6,2,18,1.0,2.0,2.0,0.0,6.0,5.0,1.0,6.0,1.0,5.0,0.0,4.0,-4.0,1.0,1.0,0.0,1.0,0.0,1.0,70.6,17.6,52.9,23.5,23.0,24.0,20.0,15.0,1784.5,1642.3
2021-05-08,2020,Liverpool,Southampton,2,0,H,U,1.29,5.97,10.14,6,6,8,4,18,1.0,0.0,1.0,3.0,3.0,3.0,0.0,3.0,10.0,-7.0,0.0,-7.0,7.0,0.0,0.0,0.0,0.0,2.0,-2.0,47.1,35.3,23.5,52.9,22.0,15.0,22.0,20.0,1691.4,1481.4
2021-05-08,2020,Leeds,Tottenham,3,1,H,O,3.46,3.8,2.04,7,3,8,6,18,1.0,1.0,0.0,0.0,3.0,6.0,-3.0,2.0,4.0,-2.0,1.0,2.0,-1.0,0.0,1.0,-1.0,0.0,0.0,0.0,35.3,35.3,41.2,29.4,16.0,11.0,17.0,14.0,1529.6,1602.6
2021-05-07,2020,Leicester,Newcastle,2,4,A,O,1.42,4.8,7.83,9,6,9,6,18,2.0,1.0,1.0,1.0,5.0,3.0,2.0,3.0,5.0,-2.0,2.0,-2.0,4.0,1.0,0.0,1.0,1.0,1.0,0.0,52.9,41.2,23.5,52.9,14.0,10.0,15.0,7.0,1604.8,1477.5
2021-05-03,2020,West Brom,Wolves,1,1,D,U,2.91,3.19,2.58,4,10,5,6,17,1.0,1.0,1.0,1.0,3.0,2.0,1.0,1.0,4.0,-3.0,2.0,-2.0,4.0,1.0,0.0,1.0,0.0,1.0,-1.0,18.8,50.0,31.2,43.8,12.0,6.0,17.0,9.0,1416.4,1534.9
2021-05-03,2020,Burnley,West Ham,1,2,A,O,3.17,3.49,2.26,3,4,5,4,17,0.0,1.0,1.0,2.0,3.0,5.0,-2.0,4.0,6.0,-2.0,-1.0,-1.0,0.0,0.0,0.0,0.0,0.0,0.0,0.0,25.0,37.5,43.8,37.5,16.0,12.0,20.0,13.0,1507.2,1565.2
2021-05-02,2020,Tottenham,Sheffield United,4,0,H,O,1.29,5.73,11.16,11,1,6,6,17,2.0,0.0,1.0,3.0,7.0,1.0,6.0,5.0,8.0,-3.0,2.0,-7.0,9.0,1.0,0.0,1.0,1.0,1.0,0.0,50.0,31.2,6.2,87.5,11.0,3.0,13.0,11.0,1597.5,1410.7
2021-05-02,2020,Newcastle,Arsenal,0,2,A,U,3.64,3.57,2.05,1,5,3,7,17,1.0,1.0,0.0,0.0,6.0,7.0,-1.0,5.0,4.0,1.0,1.0,3.0,-2.0,0.0,1.0,-1.0,0.0,0.0,0.0,31.2,37.5,43.8,37.5,17.0,15.0,12.0,13.0,1485.1,1568.6
2021-05-01,2020,Everton,Aston Villa,1,2,A,O,2.02,3.62,3.69,3,5,3,6,17,0.0,0.0,1.0,2.0,4.0,2.0,2.0,5.0,4.0,1.0,-1.0,-2.0,1.0,0.0,0.0,0.0,0.0,0.0,0.0,31.2,43.8,43.8,37.5,18.0,15.0,16.0,9.0,1568.6,1471.8
2021-05-01,2020,Crystal Palace,Man City,0,2,A,U,10.1,5.14,1.34,4,3,2,6,17,1.0,3.0,1.0,0.0,2.0,7.0,-5.0,4.0,1.0,3.0,-2.0,6.0,-8.0,0.0,2.0,-2.0,1.0,0.0,1.0,31.2,37.5,75.0,6.2,7.0,14.0,7.0,14.0,1485.2,1781.4
2021-05-01,2020,Chelsea,Fulham,2,0,H,U,1.48,4.27,7.59,5,3,1,8,17,1.0,1.0,1.0,1.0,4.0,3.0,1.0,5.0,4.0,1.0,-1.0,-1.0,0.0,1.0,0.0,1.0,1.0,1.0,0.0,43.8,18.8,18.8,31.2,21.0,11.0,17.0,9.0,1637.8,1421.6
2021-05-01,2020,Brighton,Leeds,2,0,H,U,2.16,3.45,3.43,5,2,2,9,17,1.0,2.0,1.0,1.0,4.0,4.0,0.0,2.0,4.0,-2.0,2.0,0.0,2.0,1.0,0.0,1.0,0.0,1.0,-1.0,12.5,37.5,50.0,50.0,11.0,8.0,19.0,16.0,1473.1,1541.5
2021-04-30,2020,Southampton,Leicester,1,1,D,U,3.82,3.81,1.94,3,9,0,10,16,1.0,1.0,1.0,1.0,5.0,5.0,0.0,5.0,5.0,0.0,0.0,0.0,0.0,0.0,0.0,0.0,0.0,0.0,0.0,40.0,46.7,62.5,12.5,14.0,13.0,13.0,23.0,1477.9,1608.4
2021-04-26,2020,Leicester,Crystal Palace,2,1,H,O,1.47,4.26,7.71,5,2,7,2,17,2.0,1.0,1.0,1.0,8.0,4.0,4.0,2.0,6.0,-4.0,6.0,-2.0,8.0,2.0,0.0,2.0,1.0,1.0,0.0,50.0,43.8,33.3,46.7,19.0,9.0,17.0,9.0,1601.4,1492.2
2021-04-25,2020,Wolves,Burnley,0,4,A,O,2.07,3.31,3.88,2,7,8,5,17,1.0,1.0,2.0,2.0,3.0,5.0,-2.0,4.0,7.0,-3.0,-1.0,-2.0,1.0,0.0,0.0,0.0,0.0,1.0,-1.0,37.5,37.5,25.0,56.2,15.0,13.0,10.0,14.0,1546.3,1495.7
2021-04-25,2020,Leeds,Man United,0,0,D,U,4.05,4.05,1.82,3,4,2,6,17,1.0,2.0,0.0,0.0,3.0,5.0,-2.0,2.0,1.0,1.0,1.0,4.0,-3.0,0.0,2.0,-2.0,0.0,0.0,0.0,37.5,37.5,62.5,0.0,17.0,14.0,23.0,13.0,1537.2,1698.5
2021-04-25,2020,Aston Villa,West Brom,2,2,D,O,1.88,3.67,4.19,11,4,11,4,16,1.0,1.0,2.0,2.0,4.0,5.0,-1.0,5.0,6.0,-1.0,-1.0,-1.0,0.0,1.0,1.0,0.0,1.0,1.0,0.0,40.0,46.7,12.5,62.5,8.0,9.0,10.0,8.0,1473.5,1414.8
2021-04-24,2020,West Ham,Chelsea,0,1,A,U,4.74,3.75,1.77,2,6,4,2,17,2.0,2.0,0.0,0.0,8.0,5.0,3.0,5.0,1.0,4.0,3.0,4.0,-1.0,1.0,1.0,0.0,0.0,0.0,0.0,56.2,18.8,50.0,25.0,14.0,23.0,10.0,15.0,1573.6,1629.4
2021-04-24,2020,Sheffield United,Brighton,1,0,H,U,5.33,3.56,1.74,3,4,2,12,17,1.0,1.0,2.0,1.0,1.0,3.0,-2.0,5.0,3.0,2.0,-4.0,0.0,-4.0,0.0,0.0,0.0,2.0,0.0,2.0,18.8,75.0,31.2,37.5,6.0,11.0,11.0,14.0,1398.3,1485.6
2021-04-24,2020,Liverpool,Newcastle,1,1,D,U,1.24,6.38,12.06,9,4,6,3,17,1.0,1.0,2.0,1.0,2.0,2.0,0.0,3.0,4.0,-1.0,-1.0,-2.0,1.0,0.0,0.0,0.0,0.0,1.0,-1.0,50.0,37.5,25.0,56.2,14.0,11.0,21.0,11.0,1697.0,1479.6
2021-04-23,2020,Arsenal,Everton,0,1,A,U,2.06,3.46,3.77,3,1,7,3,17,1.0,1.0,1.0,1.0,3.0,1.0,2.0,5.0,2.0,3.0,-2.0,-1.0,-1.0,0.0,0.0,0.0,1.0,1.0,0.0,37.5,37.5,60.0,20.0,10.0,5.0,18.0,9.0,1579.2,1558.0
2021-04-22,2020,Leicester,West Brom,3,0,H,O,1.59,4.08,5.94,7,1,7,3,16,1.0,1.0,2.0,1.0,6.0,5.0,1.0,5.0,3.0,2.0,1.0,2.0,-1.0,1.0,1.0,0.0,2.0,0.0,2.0,46.7,46.7,13.3,60.0,15.0,11.0,12.0,10.0,1596.1,1420.1
2021-04-21,2020,Tottenham,Southampton,2,1,H,O,1.8,3.79,4.42,3,5,5,5,16,2.0,1.0,1.0,2.0,9.0,4.0,5.0,4.0,8.0,-4.0,5.0,-4.0,9.0,2.0,1.0,1.0,1.0,2.0,-1.0,46.7,33.3,25.0,50.0,15.0,15.0,11.0,18.0,1590.4,1484.9
2021-04-21,2020,Aston Villa,Man City,1,2,A,O,8.68,4.88,1.38,3,3,1,11,15,1.0,3.0,1.0,0.0,3.0,6.0,-3.0,3.0,0.0,3.0,0.0,6.0,-6.0,1.0,2.0,-1.0,1.0,0.0,1.0,42.9,42.9,73.3,6.7,6.0,14.0,14.0,6.0,1476.5,1778.4
2021-04-20,2020,Chelsea,Brighton,0,0,D,U,1.61,3.85,6.26,4,2,0,3,16,1.0,1.0,1.0,2.0,4.0,3.0,1.0,5.0,4.0,1.0,-1.0,-1.0,0.0,1.0,0.0,1.0,1.0,0.0,1.0,46.7,20.0,33.3,40.0,23.0,15.0,20.0,15.0,1633.5,1481.5
2021-04-19,2020,Leeds,Liverpool,1,1,D,U,4.7,4.26,1.68,5,7,10,8,16,1.0,3.0,1.0,0.0,2.0,6.0,-4.0,2.0,0.0,2.0,0.0,6.0,-6.0,0.0,2.0,-2.0,0.0,0.0,0.0,40.0,40.0,46.7,20.0,15.0,19.0,20.0,7.0,1532.7,1701.5
2021-04-18,2020,Man United,Burnley,3,1,H,O,1.36,5.05,9.25,9,3,8,3,16,3.0,1.0,0.0,2.0,6.0,4.0,2.0,2.0,8.0,-6.0,4.0,-4.0,8.0,1.0,0.0,1.0,0.0,1.0,-1.0,53.3,26.7,26.7,53.3,18.0,13.0,17.0,15.0,1693.6,1500.7
2021-04-18,2020,Arsenal,Fulham,1,1,D,U,1.75,3.72,4.91,5,1,11,1,16,1.0,1.0,2.0,1.0,2.0,2.0,0.0,5.0,3.0,2.0,-3.0,-1.0,-2.0,0.0,0.0,0.0,1.0,1.0,0.0,40.0,40.0,20.0,33.3,6.0,14.0,8.0,11.0,1583.7,1417.2
2021-04-17,2020,Wolves,Sheffield United,1,0,H,U,1.69,3.55,5.81,5,2,3,3,16,1.0,0.0,2.0,3.0,3.0,1.0,2.0,4.0,8.0,-4.0,-1.0,-7.0,6.0,0.0,0.0,0.0,0.0,1.0,-1.0,33.3,40.0,6.7,86.7,15.0,3.0,14.0,12.0,1540.1,1404.6
2021-04-17,2020,Newcastle,West Ham,3,2,H,O,3.65,3.45,2.08,8,6,3,8,16,0.0,1.0,0.0,2.0,4.0,4.0,0.0,4.0,5.0,-1.0,0.0,-1.0,1.0,0.0,0.0,0.0,0.0,0.0,0.0,26.7,40.0,46.7,33.3,16.0,9.0,12.0,7.0,1466.2,1586.9
2021-04-16,2020,Everton,Tottenham,2,2,D,O,3.42,3.47,2.17,7,3,6,3,16,1.0,1.0,1.0,1.0,3.0,5.0,-2.0,3.0,4.0,-1.0,0.0,1.0,-1.0,0.0,1.0,-1.0,0.0,0.0,0.0,33.3,46.7,43.8,31.2,12.0,11.0,14.0,14.0,1557.0,1591.4
2021-04-12,2020,West Brom,Southampton,3,0,H,O,3.55,3.28,2.19,6,4,5,10,16,1.0,1.0,1.0,2.0,1.0,4.0,-3.0,1.0,6.0,-5.0,0.0,-2.0,2.0,0.0,1.0,-1.0,0.0,1.0,-1.0,13.3,53.3,26.7,46.7,8.0,12.0,19.0,18.0,1407.6,1497.4
2021-04-12,2020,Brighton,Everton,0,0,D,U,2.3,3.26,3.31,3,1,10,3,16,1.0,2.0,2.0,1.0,5.0,3.0,2.0,4.0,2.0,2.0,1.0,1.0,0.0,1.0,1.0,0.0,0.0,1.0,-1.0,13.3,40.0,64.3,21.4,13.0,10.0,22.0,8.0,1479.2,1559.3
2021-04-11,2020,West Ham,Leicester,3,2,H,O,3.01,3.38,2.41,4,5,1,9,16,2.0,2.0,0.0,0.0,7.0,5.0,2.0,4.0,3.0,1.0,3.0,2.0,1.0,1.0,0.0,1.0,0.0,0.0,0.0,53.3,20.0,66.7,6.7,14.0,15.0,14.0,22.0,1576.0,1607.0
2021-04-11,2020,Tottenham,Man United,1,3,A,O,2.87,3.44,2.49,3,7,7,5,15,3.0,1.0,0.0,0.0,10.0,2.0,8.0,1.0,0.0,1.0,9.0,2.0,7.0,3.0,1.0,2.0,0.0,0.0,0.0,50.0,28.6,60.0,0.0,18.0,11.0,12.0,12.0,1599.0,1686.0
2021-04-11,2020,Sheffield United,Arsenal,0,3,A,O,6.15,3.97,1.59,2,5,2,4,16,1.0,1.0,2.0,0.0,1.0,7.0,-6.0,4.0,5.0,-1.0,-3.0,2.0,-5.0,0.0,1.0,-1.0,2.0,0.0,2.0,20.0,73.3,40.0,40.0,6.0,14.0,13.0,16.0,1410.1,1578.2
2021-04-11,2020,Burnley,Newcastle,1,2,A,O,2.34,3.12,3.39,4,5,13,3,16,0.0,0.0,0.0,2.0,2.0,1.0,1.0,2.0,6.0,-4.0,0.0,-5.0,5.0,0.0,0.0,0.0,0.0,2.0,-2.0,26.7,33.3,20.0,60.0,13.0,12.0,12.0,12.0,1512.3,1454.6
2021-04-10,2020,Man City,Leeds,1,2,A,O,1.3,5.92,9.56,7,2,9,3,17,2.0,1.0,1.0,2.0,9.0,2.0,7.0,5.0,4.0,1.0,4.0,-2.0,6.0,2.0,0.0,2.0,1.0,1.0,0.0,75.0,12.5,46.7,53.3,26.0,13.0,21.0,22.0,1795.1,1516.0
2021-04-10,2020,Liverpool,Aston Villa,2,1,H,O,1.52,4.51,6.22,10,5,7,0,16,0.0,1.0,3.0,1.0,0.0,2.0,-2.0,4.0,2.0,2.0,-4.0,0.0,-4.0,0.0,0.0,0.0,1.0,0.0,1.0,46.7,40.0,46.7,33.3,10.0,14.0,21.0,14.0,1697.0,1480.9
2021-04-10,2020,Crystal Palace,Chelsea,1,4,A,O,6.95,3.98,1.54,1,10,0,8,16,1.0,1.0,0.0,0.0,1.0,2.0,-1.0,0.0,1.0,-1.0,1.0,1.0,0.0,0.0,0.0,0.0,0.0,0.0,0.0,33.3,33.3,46.7,26.7,6.0,16.0,8.0,13.0,1498.7,1627.1
2021-04-09,2020,Fulham,Wolves,0,1,A,U,2.57,3.01,3.14,3,3,3,4,17,0.0,0.0,3.0,1.0,1.0,2.0,-1.0,6.0,5.0,1.0,-5.0,-3.0,-2.0,0.0,0.0,0.0,1.0,1.0,0.0,12.5,62.5,26.7,46.7,9.0,7.0,21.0,10.0,1424.1,1533.1
2021-04-05,2020,Wolves,West Ham,2,3,A,O,2.95,3.13,2.58,5,6,4,2,15,1.0,0.0,1.0,2.0,1.0,1.0,0.0,1.0,3.0,-2.0,0.0,-2.0,2.0,0.0,0.0,0.0,0.0,0.0,0.0,35.7,35.7,42.9,35.7,11.0,4.0,18.0,8.0,1542.4,1566.7
2021-04-05,2020,Everton,Crystal Palace,1,1,D,U,1.8,3.46,4.91,7,6,3,4,15,1.0,1.0,2.0,2.0,3.0,3.0,0.0,5.0,7.0,-2.0,-2.0,-4.0,2.0,0.0,0.0,0.0,1.0,2.0,-1.0,35.7,50.0,35.7,50.0,7.0,6.0,11.0,8.0,1561.1,1496.8
2021-04-04,2020,Southampton,Burnley,3,2,H,O,2.1,3.29,3.78,9,5,6,7,15,0.0,2.0,2.0,1.0,3.0,5.0,-2.0,5.0,5.0,0.0,-2.0,0.0,-2.0,0.0,1.0,-1.0,0.0,1.0,-1.0,35.7,50.0,28.6,50.0,8.0,12.0,11.0,12.0,1486.4,1523.4
2021-04-04,2020,Newcastle,Tottenham,2,2,D,O,5.56,4.03,1.62,6,5,7,3,15,1.0,2.0,0.0,1.0,5.0,4.0,1.0,4.0,2.0,2.0,1.0,2.0,-1.0,0.0,1.0,-1.0,0.0,0.0,0.0,28.6,42.9,46.7,33.3,14.0,8.0,5.0,12.0,1450.4,1603.1
2021-04-04,2020,Man United,Brighton,2,1,H,O,1.64,3.97,5.39,7,3,5,6,15,2.0,1.0,0.0,1.0,7.0,3.0,4.0,4.0,3.0,1.0,3.0,0.0,3.0,1.0,0.0,1.0,0.0,0.0,0.0,50.0,28.6,35.7,35.7,16.0,14.0,17.0,16.0,1681.1,1484.1
2021-04-04,2020,Aston Villa,Fulham,3,1,H,O,2.28,3.29,3.32,4,7,4,4,14,0.0,1.0,2.0,0.0,1.0,2.0,-1.0,4.0,1.0,3.0,-3.0,1.0,-4.0,0.0,0.0,0.0,1.0,0.0,1.0,38.5,46.2,21.4,28.6,4.0,10.0,17.0,12.0,1472.1,1433.0
2021-04-03,2020,Leicester,Man City,0,2,A,U,6.16,4.07,1.57,2,4,1,1,15,2.0,3.0,1.0,0.0,9.0,7.0,2.0,4.0,1.0,3.0,5.0,6.0,-1.0,2.0,2.0,0.0,1.0,0.0,1.0,50.0,42.9,71.4,7.1,19.0,17.0,13.0,15.0,1612.3,1789.8
2021-04-03,2020,Leeds,Sheffield United,2,1,H,O,1.52,4.4,6.36,8,1,5,7,15,1.0,0.0,1.0,3.0,3.0,0.0,3.0,1.0,9.0,-8.0,2.0,-9.0,11.0,1.0,0.0,1.0,0.0,2.0,-2.0,35.7,42.9,7.1,85.7,14.0,7.0,17.0,12.0,1508.6,1417.5
2021-04-03,2020,Chelsea,West Brom,2,5,A,O,1.22,6.33,14.99,8,7,10,3,15,2.0,0.0,0.0,2.0,4.0,0.0,4.0,0.0,3.0,-3.0,4.0,-3.0,7.0,2.0,0.0,2.0,0.0,1.0,-1.0,50.0,14.3,7.1,64.3,20.0,5.0,20.0,7.0,1643.3,1391.4
2021-04-03,2020,Arsenal,Liverpool,0,3,A,O,3.13,3.56,2.26,2,7,1,2,15,2.0,2.0,1.0,1.0,6.0,4.0,2.0,4.0,3.0,1.0,2.0,1.0,1.0,1.0,1.0,0.0,0.0,1.0,-1.0,42.9,35.7,42.9,21.4,9.0,16.0,11.0,17.0,1585.3,1689.9
2021-03-21,2020,West Ham,Arsenal,3,3,D,O,2.83,3.43,2.5,5,7,3,5,15,3.0,1.0,0.0,1.0,7.0,4.0,3.0,1.0,3.0,-2.0,6.0,1.0,5.0,2.0,1.0,1.0,0.0,0.0,0.0,57.1,21.4,42.9,42.9,18.0,10.0,18.0,18.0,1566.2,1585.8
2021-03-21,2020,Aston Villa,Tottenham,0,2,A,U,2.97,3.38,2.42,1,3,5,8,13,1.0,1.0,1.0,2.0,2.0,3.0,-1.0,2.0,4.0,-2.0,0.0,-1.0,1.0,0.0,0.0,0.0,0.0,0.0,0.0,41.7,41.7,42.9,35.7,11.0,9.0,15.0,11.0,1478.8,1596.3
2021-03-20,2020,Brighton,Newcastle,3,0,H,O,1.66,3.54,6.24,6,1,3,1,15,0.0,0.0,2.0,2.0,2.0,1.0,1.0,4.0,5.0,-1.0,-2.0,-4.0,2.0,0.0,0.0,0.0,0.0,2.0,-2.0,7.1,42.9,21.4,57.1,16.0,15.0,28.0,16.0,1474.5,1460.0
2021-03-19,2020,Fulham,Leeds,1,2,A,O,2.43,3.35,3.0,6,4,13,7,16,1.0,0.0,2.0,3.0,1.0,2.0,-1.0,4.0,7.0,-3.0,-3.0,-5.0,2.0,0.0,0.0,0.0,1.0,2.0,-1.0,13.3,60.0,42.9,57.1,10.0,14.0,14.0,20.0,1441.3,1500.3
2021-03-15,2020,Wolves,Liverpool,0,1,A,U,4.81,3.74,1.76,5,4,3,2,14,2.0,2.0,0.0,1.0,3.0,6.0,-3.0,1.0,4.0,-3.0,2.0,2.0,0.0,0.0,2.0,-2.0,0.0,1.0,-1.0,38.5,30.8,38.5,23.1,13.0,17.0,24.0,20.0,1548.7,1683.6
2021-03-14,2020,Southampton,Brighton,1,2,A,O,2.98,3.07,2.6,4,6,4,5,14,0.0,1.0,2.0,1.0,2.0,2.0,0.0,4.0,2.0,2.0,-2.0,0.0,-2.0,0.0,0.0,0.0,0.0,0.0,0.0,38.5,46.2,30.8,38.5,9.0,12.0,14.0,14.0,1497.4,1463.5
2021-03-14,2020,Man United,West Ham,1,0,H,U,1.86,3.57,4.42,4,0,6,3,14,2.0,1.0,0.0,1.0,15.0,4.0,11.0,4.0,3.0,1.0,11.0,1.0,10.0,2.0,1.0,1.0,0.0,0.0,0.0,46.2,30.8,46.2,30.8,26.0,14.0,16.0,8.0,1674.0,1573.4
2021-03-14,2020,Leicester,Sheffield United,5,0,H,O,1.54,4.12,6.6,10,0,9,1,14,1.0,0.0,2.0,3.0,5.0,0.0,5.0,7.0,5.0,2.0,-2.0,-5.0,3.0,1.0,0.0,1.0,2.0,1.0,1.0,46.2,46.2,7.7,84.6,17.0,8.0,10.0,11.0,1607.2,1422.6
2021-03-14,2020,Arsenal,Tottenham,2,1,H,O,2.56,3.34,2.82,3,3,6,3,14,1.0,1.0,1.0,2.0,4.0,2.0,2.0,3.0,5.0,-2.0,1.0,-3.0,4.0,1.0,0.0,1.0,0.0,1.0,-1.0,38.5,38.5,46.2,30.8,9.0,9.0,9.0,10.0,1574.9,1607.3
2021-03-13,2020,Leeds,Chelsea,0,0,D,U,4.57,3.9,1.76,4,8,8,5,14,2.0,2.0,1.0,0.0,5.0,4.0,1.0,1.0,2.0,-1.0,4.0,2.0,2.0,2.0,0.0,2.0,0.0,0.0,0.0,38.5,46.2,50.0,28.6,17.0,11.0,14.0,16.0,1496.2,1647.4
2021-03-13,2020,Fulham,Man City,0,3,A,O,9.63,4.98,1.35,0,7,4,2,15,1.0,3.0,1.0,0.0,1.0,8.0,-7.0,1.0,2.0,-1.0,0.0,6.0,-6.0,0.0,2.0,-2.0,0.0,0.0,0.0,14.3,57.1,69.2,7.7,12.0,15.0,17.0,14.0,1443.8,1787.3
2021-03-13,2020,Everton,Burnley,1,2,A,O,1.88,3.49,4.42,4,5,7,4,14,1.0,1.0,2.0,2.0,2.0,3.0,-1.0,5.0,6.0,-1.0,-3.0,-3.0,0.0,0.0,1.0,-1.0,2.0,2.0,0.0,38.5,46.2,23.1,53.8,5.0,7.0,9.0,10.0,1572.9,1511.7
2021-03-13,2020,Crystal Palace,West Brom,1,0,H,U,2.24,3.17,3.55,4,1,3,2,15,0.0,0.0,1.0,2.0,0.0,1.0,-1.0,3.0,4.0,-1.0,-3.0,-3.0,0.0,0.0,0.0,0.0,1.0,1.0,0.0,28.6,35.7,7.7,61.5,5.0,8.0,12.0,7.0,1489.4,1398.8
2021-03-12,2020,Newcastle,Aston Villa,1,1,D,U,3.8,3.33,2.09,3,6,2,2,14,1.0,1.0,1.0,1.0,5.0,1.0,4.0,5.0,1.0,4.0,0.0,0.0,0.0,0.0,0.0,0.0,0.0,0.0,0.0,30.8,46.2,50.0,35.7,16.0,9.0,12.0,14.0,1459.5,1479.4
2021-03-10,2020,Man City,Southampton,5,2,H,O,1.21,6.91,14.17,10,6,5,5,16,2.0,1.0,1.0,2.0,6.0,2.0,4.0,4.0,4.0,0.0,2.0,-2.0,4.0,1.0,1.0,0.0,1.0,1.0,0.0,73.3,13.3,28.6,42.9,19.0,11.0,20.0,17.0,1784.1,1500.6
2021-03-08,2020,West Ham,Leeds,2,0,H,U,2.09,3.59,3.46,5,2,6,6,14,2.0,1.0,1.0,2.0,6.0,5.0,1.0,4.0,6.0,-2.0,2.0,-1.0,3.0,1.0,1.0,0.0,1.0,1.0,0.0,53.8,23.1,46.2,53.8,15.0,19.0,18.0,18.0,1565.1,1504.4
2021-03-08,2020,Chelsea,Everton,2,0,H,U,1.55,4.14,6.29,9,1,7,3,14,2.0,2.0,0.0,0.0,4.0,6.0,-2.0,0.0,3.0,-3.0,4.0,3.0,1.0,2.0,1.0,1.0,0.0,0.0,0.0,46.2,15.4,69.2,15.4,19.0,12.0,17.0,6.0,1639.0,1581.2
2021-03-07,2020,West Brom,Newcastle,0,0,D,U,2.45,3.2,3.09,3,5,9,7,15,1.0,1.0,1.0,2.0,2.0,3.0,-1.0,2.0,5.0,-3.0,0.0,-2.0,2.0,0.0,1.0,-1.0,0.0,2.0,-2.0,14.3,57.1,23.1,61.5,8.0,13.0,14.0,21.0,1397.0,1461.3
2021-03-07,2020,Tottenham,Crystal Palace,4,1,H,O,1.47,4.48,7.11,5,1,1,5,14,2.0,2.0,1.0,1.0,6.0,4.0,2.0,1.0,4.0,-3.0,5.0,0.0,5.0,2.0,0.0,2.0,0.0,1.0,-1.0,46.2,30.8,38.5,46.2,15.0,8.0,13.0,4.0,1600.2,1496.5
2021-03-07,2020,Man City,Man United,0,2,A,U,1.5,4.35,6.74,6,6,6,2,15,3.0,0.0,0.0,0.0,9.0,1.0,8.0,2.0,1.0,1.0,7.0,0.0,7.0,2.0,0.0,2.0,0.0,0.0,0.0,78.6,7.1,57.1,0.0,19.0,12.0,18.0,15.0,1797.8,1660.2
2021-03-07,2020,Liverpool,Fulham,0,1,A,U,1.38,4.98,8.39,3,3,9,4,15,0.0,1.0,3.0,0.0,1.0,3.0,-2.0,7.0,1.0,6.0,-6.0,2.0,-8.0,0.0,1.0,-1.0,2.0,0.0,2.0,50.0,35.7,15.4,30.8,10.0,10.0,18.0,12.0,1700.2,1427.2
2021-03-06,2020,Sheffield United,Southampton,0,2,A,U,3.67,3.4,2.09,2,5,7,3,15,1.0,0.0,2.0,3.0,2.0,2.0,0.0,4.0,7.0,-3.0,-2.0,-5.0,3.0,0.0,0.0,0.0,1.0,1.0,0.0,21.4,71.4,23.1,46.2,7.0,11.0,7.0,21.0,1430.9,1492.4
2021-03-06,2020,Burnley,Arsenal,1,1,D,U,5.48,3.94,1.64,5,3,2,4,15,0.0,1.0,0.0,2.0,2.0,4.0,-2.0,2.0,4.0,-2.0,0.0,0.0,0.0,0.0,1.0,-1.0,0.0,0.0,0.0,28.6,35.7,46.2,46.2,11.0,10.0,15.0,20.0,1509.8,1576.8
2021-03-06,2020,Brighton,Leicester,1,2,A,O,2.56,3.24,2.9,2,4,6,6,14,1.0,1.0,1.0,0.0,2.0,3.0,-1.0,2.0,2.0,0.0,0.0,1.0,-1.0,0.0,0.0,0.0,0.0,0.0,0.0,7.7,38.5,64.3,7.1,19.0,14.0,31.0,18.0,1469.9,1600.8
2021-03-06,2020,Aston Villa,Wolves,0,0,D,U,2.42,3.2,3.14,1,2,5,3,12,1.0,1.0,2.0,1.0,3.0,4.0,-1.0,5.0,6.0,-1.0,-2.0,-2.0,0.0,0.0,0.0,0.0,1.0,1.0,0.0,45.5,45.5,28.6,50.0,12.0,9.0,17.0,13.0,1477.3,1550.8
2021-03-04,2020,West Brom,Everton,0,1,A,U,4.43,3.67,1.84,3,3,3,3,14,1.0,2.0,0.0,0.0,4.0,7.0,-3.0,3.0,4.0,-1.0,1.0,3.0,-2.0,0.0,1.0,-1.0,0.0,0.0,0.0,15.4,53.8,66.7,16.7,8.0,15.0,13.0,4.0,1402.4,1575.9
2021-03-04,2020,Liverpool,Chelsea,0,1,A,U,2.26,3.59,3.1,1,5,5,2,14,0.0,2.0,3.0,0.0,1.0,4.0,-3.0,7.0,2.0,5.0,-6.0,2.0,-8.0,0.0,0.0,0.0,2.0,0.0,2.0,53.8,30.8,46.2,30.8,10.0,8.0,19.0,21.0,1712.6,1626.6
2021-03-04,2020,Fulham,Tottenham,0,1,A,U,3.95,3.57,1.96,3,2,4,1,14,1.0,0.0,1.0,3.0,1.0,1.0,0.0,2.0,6.0,-4.0,-1.0,-5.0,4.0,0.0,0.0,0.0,1.0,1.0,0.0,15.4,53.8,41.7,33.3,10.0,11.0,18.0,11.0,1432.9,1594.5
2021-03-03,2020,Sheffield United,Aston Villa,1,0,H,U,3.73,3.44,2.07,2,4,2,7,14,1.0,2.0,2.0,0.0,3.0,2.0,1.0,5.0,0.0,5.0,-2.0,2.0,-4.0,0.0,0.0,0.0,1.0,0.0,1.0,15.4,76.9,53.8,30.8,11.0,9.0,14.0,8.0,1418.9,1489.3
2021-03-03,2020,Crystal Palace,Man United,0,0,D,U,7.56,4.6,1.44,2,1,4,6,14,1.0,0.0,1.0,0.0,1.0,1.0,0.0,3.0,1.0,2.0,-2.0,0.0,-2.0,0.0,0.0,0.0,1.0,0.0,1.0,30.8,38.5,61.5,0.0,5.0,14.0,9.0,16.0,1491.9,1664.8
2021-03-03,2020,Burnley,Leicester,1,1,D,U,3.97,3.3,2.05,7,4,5,8,14,0.0,2.0,0.0,0.0,2.0,4.0,-2.0,2.0,1.0,1.0,0.0,3.0,-3.0,0.0,1.0,-1.0,0.0,0.0,0.0,30.8,38.5,69.2,7.7,11.0,15.0,18.0,12.0,1507.1,1603.5
2021-03-02,2020,Man City,Wolves,4,1,H,O,1.22,6.41,15.26,10,1,10,2,14,3.0,1.0,0.0,1.0,6.0,3.0,3.0,1.0,3.0,-2.0,5.0,0.0,5.0,1.0,0.0,1.0,0.0,0.0,0.0,76.9,7.7,30.8,46.2,14.0,12.0,18.0,17.0,1793.8,1554.8
2021-03-01,2020,Everton,Southampton,1,0,H,U,2.19,3.45,3.34,1,1,4,10,13,0.0,0.0,3.0,3.0,1.0,2.0,-1.0,7.0,15.0,-8.0,-6.0,-13.0,7.0,0.0,0.0,0.0,3.0,2.0,1.0,33.3,50.0,25.0,41.7,7.0,11.0,12.0,14.0,1567.8,1500.5
2021-02-28,2020,Tottenham,Burnley,4,0,H,O,1.55,4.04,6.66,7,3,3,4,13,1.0,2.0,2.0,1.0,3.0,4.0,-1.0,4.0,2.0,2.0,-1.0,2.0,-3.0,1.0,1.0,0.0,1.0,1.0,0.0,41.7,33.3,25.0,50.0,10.0,8.0,11.0,6.0,1586.5,1515.0
2021-02-28,2020,Sheffield United,Liverpool,0,2,A,U,7.56,4.94,1.41,2,8,4,3,13,1.0,2.0,2.0,1.0,4.0,7.0,-3.0,6.0,5.0,1.0,-2.0,2.0,-4.0,0.0,2.0,-2.0,1.0,1.0,0.0,16.7,75.0,33.3,25.0,14.0,16.0,15.0,19.0,1422.1,1709.4
2021-02-28,2020,Leicester,Arsenal,1,3,A,O,2.51,3.34,2.89,3,4,2,7,13,2.0,1.0,1.0,2.0,6.0,4.0,2.0,4.0,4.0,0.0,2.0,0.0,2.0,2.0,1.0,1.0,1.0,0.0,1.0,50.0,41.7,41.7,50.0,20.0,11.0,14.0,18.0,1614.9,1565.4
2021-02-28,2020,Crystal Palace,Fulham,0,0,D,U,3.49,3.17,2.26,0,4,1,3,13,1.0,1.0,2.0,0.0,3.0,5.0,-2.0,6.0,3.0,3.0,-3.0,2.0,-5.0,0.0,1.0,-1.0,1.0,0.0,1.0,33.3,41.7,16.7,33.3,8.0,13.0,11.0,12.0,1493.7,1431.1
2021-02-28,2020,Chelsea,Man United,0,0,D,U,2.27,3.29,3.35,6,4,3,4,13,2.0,1.0,0.0,0.0,4.0,3.0,1.0,0.0,2.0,-2.0,4.0,1.0,3.0,2.0,0.0,2.0,0.0,0.0,0.0,50.0,16.7,66.7,0.0,18.0,15.0,27.0,20.0,1625.4,1666.0
2021-02-27,2020,West Brom,Brighton,1,0,H,U,4.14,3.44,1.96,2,6,7,4,13,0.0,2.0,1.0,0.0,3.0,3.0,0.0,8.0,1.0,7.0,-5.0,2.0,-7.0,0.0,0.0,0.0,1.0,0.0,1.0,8.3,58.3,33.3,33.3,7.0,8.0,9.0,12.0,1389.8,1482.5
2021-02-27,2020,Newcastle,Wolves,1,1,D,U,3.51,3.12,2.28,7,4,3,5,13,1.0,1.0,2.0,1.0,5.0,2.0,3.0,6.0,2.0,4.0,-1.0,0.0,-1.0,0.0,0.0,0.0,0.0,0.0,0.0,33.3,50.0,33.3,50.0,14.0,8.0,18.0,13.0,1458.5,1557.6
2021-02-27,2020,Man City,West Ham,2,1,H,O,1.23,6.55,12.55,3,3,4,2,13,3.0,2.0,0.0,0.0,6.0,6.0,0.0,0.0,3.0,-3.0,6.0,3.0,3.0,2.0,1.0,1.0,0.0,0.0,0.0,75.0,8.3,50.0,25.0,20.0,18.0,30.0,10.0,1789.4,1569.5
2021-02-27,2020,Leeds,Aston Villa,0,1,A,U,2.23,3.63,3.12,3,4,7,5,13,2.0,1.0,1.0,1.0,6.0,3.0,3.0,2.0,3.0,-1.0,4.0,0.0,4.0,2.0,0.0,2.0,0.0,0.0,0.0,41.7,41.7,50.0,33.3,21.0,15.0,14.0,7.0,1515.5,1478.2
2021-02-23,2020,Leeds,Southampton,3,0,H,O,2.34,3.47,3.06,7,5,2,4,12,1.0,0.0,2.0,3.0,3.0,2.0,1.0,3.0,14.0,-11.0,0.0,-12.0,12.0,1.0,0.0,1.0,0.0,2.0,-2.0,36.4,45.5,27.3,36.4,16.0,9.0,17.0,15.0,1505.4,1510.6
2021-02-22,2020,Brighton,Crystal Palace,1,2,A,O,1.74,3.53,5.36,5,2,13,0,13,1.0,1.0,0.0,2.0,1.0,2.0,-1.0,0.0,7.0,-7.0,1.0,-5.0,6.0,0.0,0.0,0.0,0.0,2.0,-2.0,8.3,33.3,33.3,50.0,19.0,6.0,28.0,5.0,1492.8,1483.4
2021-02-21,2020,West Ham,Tottenham,2,1,H,O,2.64,3.33,2.73,4,4,5,7,13,2.0,1.0,1.0,2.0,6.0,3.0,3.0,4.0,5.0,-1.0,2.0,-2.0,4.0,1.0,1.0,0.0,1.0,1.0,0.0,50.0,25.0,45.5,27.3,17.0,12.0,16.0,11.0,1558.4,1597.7
2021-02-21,2020,Man United,Newcastle,3,1,H,O,1.3,5.75,10.27,7,6,6,4,13,1.0,1.0,1.0,2.0,13.0,2.0,11.0,5.0,4.0,1.0,8.0,-2.0,10.0,1.0,1.0,0.0,0.0,2.0,-2.0,41.7,33.3,25.0,58.3,23.0,8.0,17.0,21.0,1661.1,1463.4
2021-02-21,2020,Aston Villa,Leicester,1,2,A,O,2.87,3.5,2.44,2,7,7,8,11,2.0,1.0,1.0,0.0,4.0,3.0,1.0,3.0,1.0,2.0,1.0,2.0,-1.0,1.0,1.0,0.0,1.0,0.0,1.0,50.0,40.0,66.7,8.3,15.0,14.0,15.0,15.0,1484.8,1608.3
2021-02-21,2020,Arsenal,Man City,0,1,A,U,6.27,4.36,1.53,1,3,1,3,13,2.0,3.0,0.0,0.0,7.0,9.0,-2.0,2.0,2.0,0.0,5.0,7.0,-2.0,2.0,3.0,-1.0,0.0,0.0,0.0,41.7,33.3,66.7,8.3,14.0,18.0,15.0,14.0,1569.9,1784.9
2021-02-20,2020,Southampton,Chelsea,1,1,D,U,4.93,3.76,1.74,1,3,3,6,13,0.0,2.0,3.0,1.0,2.0,3.0,-1.0,6.0,3.0,3.0,-4.0,0.0,-4.0,0.0,0.0,0.0,1.0,1.0,0.0,41.7,50.0,50.0,33.3,13.0,10.0,15.0,18.0,1507.3,1628.8
2021-02-20,2020,Liverpool,Everton,0,2,A,U,1.47,4.59,6.79,6,6,7,2,13,0.0,2.0,3.0,0.0,1.0,7.0,-6.0,6.0,5.0,1.0,-5.0,2.0,-7.0,0.0,0.0,0.0,1.0,0.0,1.0,58.3,25.0,63.6,18.2,10.0,12.0,24.0,7.0,1724.0,1553.2
2021-02-20,2020,Fulham,Sheffield United,1,0,H,U,2.2,3.19,3.61,7,2,6,4,13,0.0,1.0,2.0,2.0,1.0,2.0,-1.0,4.0,5.0,-1.0,-3.0,-3.0,0.0,0.0,0.0,0.0,1.0,1.0,0.0,8.3,58.3,8.3,83.3,8.0,9.0,14.0,9.0,1420.7,1432.4
2021-02-20,2020,Burnley,West Brom,0,0,D,U,2.04,3.31,3.96,1,3,5,5,13,0.0,0.0,1.0,3.0,2.0,2.0,0.0,4.0,6.0,-2.0,-2.0,-4.0,2.0,0.0,0.0,0.0,1.0,1.0,0.0,33.3,41.7,8.3,66.7,10.0,7.0,14.0,3.0,1518.7,1386.1
2021-02-19,2020,Wolves,Leeds,1,0,H,U,2.38,3.36,3.08,5,7,7,9,13,1.0,2.0,1.0,1.0,4.0,7.0,-3.0,4.0,6.0,-2.0,0.0,1.0,-1.0,0.0,1.0,-1.0,0.0,1.0,-1.0,33.3,33.3,50.0,50.0,14.0,14.0,28.0,14.0,1548.6,1514.4
2021-02-17,2020,Everton,Man City,1,3,A,O,8.56,5.33,1.35,2,7,0,10,12,0.0,3.0,2.0,0.0,1.0,11.0,-10.0,5.0,1.0,4.0,-4.0,10.0,-14.0,0.0,3.0,-3.0,2.0,0.0,2.0,36.4,45.5,63.6,9.1,7.0,18.0,17.0,12.0,1557.6,1780.6
2021-02-17,2020,Burnley,Fulham,1,1,D,U,2.77,3.15,2.72,3,3,5,5,12,1.0,1.0,1.0,0.0,4.0,4.0,0.0,5.0,2.0,3.0,-1.0,2.0,-3.0,0.0,1.0,-1.0,1.0,0.0,1.0,36.4,45.5,18.2,36.4,12.0,13.0,11.0,7.0,1521.6,1417.8
2021-02-15,2020,West Ham,Sheffield United,3,0,H,O,1.73,3.74,5.04,9,5,7,7,12,2.0,1.0,1.0,2.0,4.0,2.0,2.0,4.0,4.0,0.0,0.0,-2.0,2.0,0.0,0.0,0.0,1.0,1.0,0.0,45.5,27.3,9.1,81.8,12.0,6.0,16.0,8.0,1551.5,1439.3
2021-02-15,2020,Chelsea,Newcastle,2,0,H,U,1.24,6.36,11.97,5,4,10,5,12,1.0,1.0,1.0,2.0,3.0,2.0,1.0,3.0,5.0,-2.0,0.0,-3.0,3.0,1.0,1.0,0.0,1.0,2.0,-1.0,45.5,18.2,27.3,54.5,15.0,5.0,22.0,18.0,1623.0,1469.2
2021-02-14,2020,West Brom,Man United,1,1,D,U,9.19,5.52,1.33,3,7,4,5,12,0.0,1.0,2.0,0.0,2.0,2.0,0.0,11.0,1.0,10.0,-9.0,1.0,-10.0,0.0,0.0,0.0,2.0,0.0,2.0,9.1,63.6,72.7,0.0,7.0,12.0,8.0,18.0,1379.3,1667.9
2021-02-14,2020,Southampton,Wolves,1,2,A,O,2.42,3.21,3.12,3,4,4,6,12,1.0,0.0,2.0,1.0,2.0,3.0,-1.0,4.0,4.0,0.0,-2.0,-1.0,-1.0,0.0,0.0,0.0,1.0,0.0,1.0,45.5,45.5,27.3,54.5,13.0,8.0,12.0,15.0,1516.6,1539.2
2021-02-14,2020,Everton,Fulham,0,2,A,U,1.93,3.53,4.09,2,3,5,4,11,0.0,0.0,2.0,0.0,1.0,3.0,-2.0,4.0,3.0,1.0,-3.0,0.0,-3.0,0.0,0.0,0.0,1.0,0.0,1.0,40.0,40.0,10.0,40.0,7.0,14.0,17.0,8.0,1572.1,1403.3
2021-02-14,2020,Arsenal,Leeds,4,2,H,O,1.89,3.77,3.98,5,5,4,5,12,1.0,2.0,0.0,1.0,3.0,5.0,-2.0,0.0,5.0,-5.0,3.0,0.0,3.0,1.0,1.0,0.0,0.0,1.0,-1.0,36.4,36.4,54.5,45.5,13.0,14.0,18.0,14.0,1561.0,1523.3
2021-02-13,2020,Man City,Tottenham,3,0,H,O,1.33,5.56,8.65,6,3,4,2,12,3.0,1.0,0.0,1.0,7.0,4.0,3.0,0.0,3.0,-3.0,7.0,1.0,6.0,2.0,1.0,1.0,0.0,0.0,0.0,72.7,9.1,50.0,20.0,20.0,12.0,37.0,11.0,1775.1,1603.1
2021-02-13,2020,Leicester,Liverpool,3,1,H,O,3.45,3.49,2.14,6,4,2,12,12,2.0,2.0,1.0,1.0,5.0,6.0,-1.0,3.0,3.0,0.0,2.0,3.0,-1.0,2.0,2.0,0.0,1.0,0.0,1.0,45.5,45.5,36.4,18.2,19.0,13.0,14.0,17.0,1594.4,1737.9
2021-02-13,2020,Crystal Palace,Burnley,0,3,A,O,2.42,3.11,3.22,3,4,7,4,12,2.0,1.0,1.0,2.0,5.0,1.0,4.0,3.0,3.0,0.0,2.0,-2.0,4.0,1.0,0.0,1.0,0.0,1.0,-1.0,36.4,36.4,18.2,54.5,9.0,6.0,7.0,6.0,1492.8,1512.1
2021-02-13,2020,Brighton,Aston Villa,0,0,D,U,2.77,3.4,2.56,9,1,9,2,12,1.0,1.0,0.0,2.0,4.0,3.0,1.0,3.0,5.0,-2.0,1.0,-2.0,3.0,0.0,0.0,0.0,0.0,1.0,-1.0,9.1,36.4,54.5,36.4,14.0,18.0,24.0,7.0,1493.1,1484.6
2021-02-08,2020,Leeds,Crystal Palace,2,0,H,U,1.86,3.82,4.06,7,3,5,3,11,1.0,1.0,2.0,1.0,2.0,2.0,0.0,3.0,5.0,-2.0,-1.0,-3.0,2.0,0.0,0.0,0.0,0.0,1.0,-1.0,30.0,50.0,36.4,45.5,13.0,5.0,16.0,5.0,1513.6,1502.5
2021-02-07,2020,Wolves,Leicester,0,0,D,U,3.52,3.37,2.16,1,3,8,2,12,1.0,2.0,2.0,0.0,5.0,5.0,0.0,6.0,2.0,4.0,-1.0,3.0,-4.0,0.0,1.0,-1.0,0.0,0.0,0.0,36.4,36.4,72.7,9.1,16.0,14.0,26.0,19.0,1537.6,1596.0
2021-02-07,2020,Tottenham,West Brom,2,0,H,U,1.46,4.51,7.23,6,1,8,0,12,0.0,1.0,2.0,2.0,2.0,5.0,-3.0,5.0,6.0,-1.0,-3.0,-1.0,-2.0,0.0,0.0,0.0,1.0,0.0,1.0,36.4,36.4,9.1,63.6,10.0,11.0,9.0,3.0,1598.6,1383.8
2021-02-07,2020,Sheffield United,Chelsea,1,2,A,O,7.18,4.38,1.48,3,3,1,8,12,2.0,2.0,1.0,1.0,4.0,2.0,2.0,4.0,2.0,2.0,0.0,0.0,0.0,0.0,0.0,0.0,1.0,1.0,0.0,18.2,72.7,45.5,36.4,15.0,13.0,19.0,22.0,1444.7,1617.6
2021-02-07,2020,Liverpool,Man City,1,4,A,O,3.37,3.63,2.12,3,5,6,1,12,0.0,3.0,2.0,0.0,0.0,10.0,-10.0,2.0,1.0,1.0,-2.0,9.0,-11.0,0.0,3.0,-3.0,0.0,0.0,0.0,63.6,18.2,60.0,10.0,10.0,19.0,25.0,14.0,1747.3,1765.7
2021-02-06,2020,Newcastle,Southampton,3,2,H,O,2.99,3.27,2.47,4,5,0,7,12,0.0,0.0,3.0,2.0,3.0,0.0,3.0,6.0,11.0,-5.0,-3.0,-11.0,8.0,0.0,0.0,0.0,0.0,2.0,-2.0,27.3,54.5,30.0,30.0,12.0,6.0,21.0,11.0,1457.2,1528.6
2021-02-06,2020,Man United,Everton,3,3,D,O,1.56,4.26,5.99,5,3,5,1,12,2.0,3.0,1.0,0.0,12.0,5.0,7.0,3.0,2.0,1.0,9.0,3.0,6.0,1.0,0.0,1.0,0.0,0.0,0.0,45.5,36.4,70.0,20.0,27.0,12.0,17.0,9.0,1670.8,1569.2
2021-02-06,2020,Fulham,West Ham,0,0,D,U,3.57,3.46,2.1,2,1,7,3,12,0.0,3.0,3.0,0.0,1.0,7.0,-6.0,5.0,3.0,2.0,-4.0,4.0,-8.0,0.0,1.0,-1.0,1.0,0.0,1.0,9.1,63.6,54.5,27.3,9.0,22.0,8.0,11.0,1399.1,1555.7
2021-02-06,2020,Burnley,Brighton,1,1,D,U,3.58,3.17,2.22,7,2,8,7,11,1.0,2.0,2.0,1.0,3.0,2.0,1.0,5.0,1.0,4.0,-2.0,1.0,-3.0,0.0,0.0,0.0,1.0,0.0,1.0,40.0,50.0,36.4,36.4,5.0,7.0,6.0,9.0,1512.7,1492.5
2021-02-06,2020,Aston Villa,Arsenal,1,0,H,U,2.74,3.47,2.56,8,3,3,7,10,2.0,2.0,1.0,1.0,6.0,8.0,-2.0,3.0,3.0,0.0,3.0,5.0,-2.0,2.0,2.0,0.0,1.0,0.0,1.0,44.4,44.4,45.5,45.5,17.0,20.0,16.0,16.0,1471.7,1573.8
2021-02-04,2020,Tottenham,Chelsea,0,1,A,U,3.48,3.43,2.16,2,2,2,7,11,1.0,1.0,1.0,2.0,5.0,2.0,3.0,4.0,5.0,-1.0,1.0,-3.0,4.0,1.0,0.0,1.0,1.0,2.0,-1.0,40.0,30.0,40.0,40.0,15.0,14.0,10.0,24.0,1608.6,1607.5
2021-02-03,2020,Liverpool,Brighton,0,1,A,U,1.36,5.23,8.38,1,4,6,3,11,0.0,1.0,1.0,1.0,1.0,3.0,-2.0,2.0,3.0,-1.0,-1.0,0.0,-1.0,0.0,0.0,0.0,0.0,0.0,0.0,70.0,10.0,30.0,40.0,11.0,7.0,27.0,10.0,1764.1,1475.7
2021-02-03,2020,Leeds,Everton,1,2,A,O,2.47,3.63,2.75,7,6,7,1,10,2.0,3.0,1.0,0.0,6.0,5.0,1.0,3.0,1.0,2.0,3.0,4.0,-1.0,1.0,1.0,0.0,0.0,0.0,0.0,33.3,44.4,66.7,22.2,16.0,12.0,16.0,14.0,1522.5,1560.3
2021-02-03,2020,Fulham,Leicester,0,2,A,U,4.0,3.49,1.97,1,5,5,2,11,0.0,1.0,2.0,0.0,1.0,4.0,-3.0,3.0,3.0,0.0,-2.0,1.0,-3.0,0.0,0.0,0.0,0.0,0.0,0.0,10.0,60.0,70.0,10.0,9.0,12.0,9.0,22.0,1404.2,1591.0
2021-02-03,2020,Burnley,Man City,0,2,A,U,14.33,6.54,1.22,0,6,1,3,10,2.0,3.0,1.0,0.0,4.0,9.0,-5.0,3.0,1.0,2.0,1.0,8.0,-7.0,0.0,2.0,-2.0,0.0,0.0,0.0,44.4,44.4,55.6,11.1,8.0,18.0,8.0,17.0,1516.6,1761.7
2021-02-03,2020,Aston Villa,West Ham,1,3,A,O,2.21,3.43,3.33,2,10,7,3,9,2.0,2.0,0.0,0.0,5.0,4.0,1.0,0.0,2.0,-2.0,5.0,2.0,3.0,2.0,0.0,2.0,0.0,0.0,0.0,50.0,37.5,50.0,30.0,22.0,15.0,20.0,11.0,1479.8,1547.6
2021-02-02,2020,Wolves,Arsenal,2,1,H,O,3.63,3.29,2.17,7,3,9,6,11,0.0,3.0,2.0,0.0,4.0,8.0,-4.0,6.0,1.0,5.0,-2.0,7.0,-9.0,0.0,2.0,-2.0,0.0,0.0,0.0,30.0,40.0,50.0,40.0,15.0,20.0,26.0,14.0,1525.9,1585.5
2021-02-02,2020,Sheffield United,West Brom,2,1,H,O,2.05,3.3,3.99,6,4,9,2,11,1.0,1.0,2.0,1.0,2.0,5.0,-3.0,4.0,5.0,-1.0,-2.0,0.0,-2.0,0.0,0.0,0.0,1.0,0.0,1.0,10.0,80.0,10.0,60.0,11.0,10.0,16.0,4.0,1435.9,1392.6
2021-02-02,2020,Newcastle,Crystal Palace,1,2,A,O,2.91,3.15,2.63,5,3,9,1,11,0.0,0.0,2.0,2.0,2.0,0.0,2.0,4.0,7.0,-3.0,-2.0,-7.0,5.0,0.0,0.0,0.0,0.0,2.0,-2.0,30.0,50.0,30.0,50.0,9.0,8.0,17.0,8.0,1466.4,1493.3
2021-02-02,2020,Man United,Southampton,9,0,H,O,1.44,4.73,7.22,14,1,5,3,11,2.0,0.0,1.0,1.0,4.0,1.0,3.0,3.0,3.0,0.0,1.0,-2.0,3.0,0.0,0.0,0.0,0.0,1.0,-1.0,40.0,40.0,33.3,22.2,16.0,8.0,14.0,15.0,1664.3,1535.1
2021-01-31,2020,West Ham,Liverpool,1,3,A,O,4.39,3.99,1.77,2,5,6,5,11,2.0,1.0,0.0,1.0,5.0,3.0,2.0,3.0,2.0,1.0,2.0,1.0,1.0,0.0,1.0,-1.0,0.0,0.0,0.0,50.0,20.0,30.0,20.0,14.0,12.0,15.0,24.0,1552.3,1759.5
2021-01-31,2020,Leicester,Leeds,1,3,A,O,1.82,4.02,4.11,8,7,6,4,11,2.0,2.0,0.0,1.0,6.0,7.0,-1.0,2.0,4.0,-2.0,4.0,3.0,1.0,2.0,1.0,1.0,0.0,1.0,-1.0,50.0,40.0,50.0,50.0,13.0,13.0,13.0,20.0,1603.6,1509.9
2021-01-31,2020,Chelsea,Burnley,2,0,H,U,1.34,5.15,9.64,8,0,4,2,11,0.0,1.0,1.0,2.0,2.0,1.0,1.0,4.0,2.0,2.0,-2.0,-1.0,-1.0,0.0,0.0,0.0,1.0,0.0,1.0,40.0,20.0,20.0,50.0,12.0,12.0,29.0,16.0,1599.7,1524.5
2021-01-31,2020,Brighton,Tottenham,1,0,H,U,3.12,3.36,2.35,5,4,9,2,11,0.0,1.0,1.0,1.0,3.0,5.0,-2.0,4.0,4.0,0.0,-1.0,1.0,-2.0,0.0,1.0,-1.0,0.0,0.0,0.0,0.0,40.0,55.6,11.1,11.0,10.0,20.0,13.0,1461.3,1623.0
2021-01-30,2020,West Brom,Fulham,2,2,D,O,3.33,3.19,2.32,3,7,2,3,11,0.0,0.0,3.0,0.0,0.0,2.0,-2.0,14.0,2.0,12.0,-14.0,0.0,-14.0,0.0,0.0,0.0,3.0,0.0,3.0,10.0,70.0,11.1,44.4,5.0,11.0,9.0,14.0,1392.2,1404.5
2021-01-30,2020,Southampton,Aston Villa,0,1,A,U,2.86,3.59,2.41,5,4,7,1,11,1.0,0.0,1.0,3.0,2.0,3.0,-1.0,3.0,7.0,-4.0,-1.0,-4.0,3.0,0.0,0.0,0.0,1.0,1.0,0.0,50.0,40.0,50.0,40.0,11.0,19.0,9.0,16.0,1547.3,1467.5
2021-01-30,2020,Man City,Sheffield United,1,0,H,U,1.13,8.75,21.73,5,1,10,0,11,3.0,1.0,0.0,2.0,7.0,2.0,5.0,0.0,4.0,-4.0,7.0,-2.0,9.0,2.0,0.0,2.0,0.0,1.0,-1.0,70.0,10.0,10.0,80.0,21.0,8.0,35.0,13.0,1759.0,1438.7
2021-01-30,2020,Everton,Newcastle,0,2,A,U,1.59,3.95,6.27,3,3,7,12,10,1.0,0.0,1.0,3.0,3.0,0.0,3.0,3.0,6.0,-3.0,0.0,-6.0,6.0,0.0,0.0,0.0,0.0,2.0,-2.0,44.4,33.3,20.0,60.0,6.0,5.0,14.0,8.0,1573.6,1453.1
2021-01-30,2020,Crystal Palace,Wolves,1,0,H,U,2.96,3.1,2.61,2,4,1,6,11,1.0,0.0,1.0,1.0,5.0,3.0,2.0,4.0,4.0,0.0,1.0,-1.0,2.0,1.0,0.0,1.0,0.0,0.0,0.0,30.0,40.0,30.0,50.0,8.0,9.0,8.0,11.0,1481.7,1537.5
2021-01-30,2020,Arsenal,Man United,0,0,D,U,2.86,3.4,2.51,3,3,4,7,11,2.0,2.0,0.0,0.0,6.0,3.0,3.0,1.0,1.0,0.0,5.0,2.0,3.0,2.0,0.0,2.0,0.0,0.0,0.0,40.0,40.0,80.0,0.0,17.0,16.0,21.0,15.0,1583.2,1666.7
2021-01-28,2020,Tottenham,Liverpool,1,3,A,O,3.22,3.54,2.22,2,7,1,2,10,1.0,1.0,1.0,1.0,4.0,7.0,-3.0,3.0,1.0,2.0,1.0,6.0,-5.0,1.0,1.0,0.0,1.0,0.0,1.0,44.4,22.2,22.2,22.2,16.0,13.0,14.0,26.0,1629.6,1752.9
2021-01-27,2020,Man United,Sheffield United,1,2,A,O,1.28,5.94,10.6,4,3,7,2,10,3.0,0.0,0.0,2.0,9.0,1.0,8.0,3.0,4.0,-1.0,6.0,-3.0,9.0,1.0,0.0,1.0,0.0,1.0,-1.0,44.4,33.3,0.0,88.9,26.0,8.0,18.0,13.0,1683.0,1422.3
2021-01-27,2020,Everton,Leicester,1,1,D,U,2.83,3.25,2.61,2,6,5,11,9,2.0,2.0,1.0,0.0,3.0,5.0,-2.0,2.0,2.0,0.0,1.0,3.0,-2.0,0.0,1.0,-1.0,0.0,0.0,0.0,50.0,37.5,77.8,11.1,8.0,10.0,15.0,14.0,1572.7,1604.5
2021-01-27,2020,Chelsea,Wolves,0,0,D,U,1.62,4.08,5.53,5,0,13,1,10,1.0,0.0,1.0,2.0,5.0,4.0,1.0,4.0,6.0,-2.0,1.0,-2.0,3.0,1.0,0.0,1.0,1.0,0.0,1.0,44.4,22.2,33.3,55.6,14.0,12.0,21.0,17.0,1601.5,1535.6
2021-01-27,2020,Burnley,Aston Villa,3,2,H,O,3.84,3.53,2.0,5,10,2,4,9,2.0,0.0,1.0,2.0,3.0,2.0,1.0,2.0,5.0,-3.0,1.0,-3.0,4.0,0.0,0.0,0.0,0.0,1.0,-1.0,37.5,50.0,55.6,33.3,7.0,11.0,7.0,16.0,1515.6,1476.4
2021-01-27,2020,Brighton,Fulham,0,0,D,U,2.06,3.38,3.82,5,3,10,0,10,0.0,0.0,1.0,1.0,4.0,2.0,2.0,5.0,4.0,1.0,-1.0,-2.0,1.0,0.0,0.0,0.0,0.0,1.0,-1.0,0.0,44.4,12.5,50.0,11.0,9.0,24.0,17.0,1463.0,1402.8
2021-01-26,2020,West Brom,Man City,0,5,A,O,15.44,7.06,1.2,1,7,3,8,10,0.0,2.0,3.0,0.0,0.0,4.0,-4.0,12.0,1.0,11.0,-12.0,3.0,-15.0,0.0,1.0,-1.0,3.0,0.0,3.0,11.1,66.7,50.0,12.5,5.0,13.0,7.0,12.0,1394.4,1756.8
2021-01-26,2020,Southampton,Arsenal,1,3,A,O,3.49,3.6,2.09,5,5,4,5,10,1.0,2.0,1.0,1.0,1.0,6.0,-5.0,1.0,2.0,-1.0,0.0,4.0,-4.0,0.0,1.0,-1.0,0.0,0.0,0.0,55.6,33.3,44.4,44.4,9.0,17.0,11.0,12.0,1556.8,1573.7
2021-01-26,2020,Newcastle,Leeds,1,2,A,O,3.83,3.83,1.93,5,2,9,5,10,0.0,1.0,1.0,2.0,2.0,7.0,-5.0,3.0,9.0,-6.0,-1.0,-2.0,1.0,0.0,1.0,-1.0,0.0,2.0,-2.0,33.3,44.4,44.4,55.6,9.0,14.0,10.0,28.0,1461.9,1501.0
2021-01-26,2020,Crystal Palace,West Ham,2,3,A,O,3.16,3.27,2.39,3,7,3,4,10,1.0,1.0,1.0,1.0,3.0,1.0,2.0,8.0,3.0,5.0,-5.0,-2.0,-3.0,1.0,0.0,1.0,1.0,1.0,0.0,33.3,33.3,44.4,33.3,8.0,8.0,10.0,11.0,1490.2,1543.8
2021-01-23,2020,Aston Villa,Newcastle,2,0,H,U,1.5,4.53,6.37,5,1,5,4,8,1.0,0.0,1.0,3.0,4.0,0.0,4.0,2.0,6.0,-4.0,2.0,-6.0,8.0,1.0,0.0,1.0,0.0,2.0,-2.0,42.9,42.9,22.2,55.6,21.0,6.0,27.0,7.0,1466.2,1472.1
2021-01-21,2020,Liverpool,Burnley,0,1,A,U,1.2,7.05,14.89,6,4,12,0,10,1.0,0.0,0.0,2.0,3.0,0.0,3.0,2.0,2.0,0.0,1.0,-2.0,3.0,0.0,0.0,0.0,0.0,0.0,0.0,77.8,0.0,11.1,55.6,16.0,12.0,22.0,17.0,1769.4,1499.1
2021-01-20,2020,Man City,Aston Villa,2,0,H,U,1.25,6.21,11.36,9,4,16,2,10,3.0,1.0,0.0,1.0,7.0,5.0,2.0,0.0,3.0,-3.0,7.0,2.0,5.0,2.0,1.0,1.0,0.0,0.0,0.0,66.7,11.1,62.5,25.0,18.0,17.0,26.0,21.0,1753.5,1469.5
2021-01-20,2020,Fulham,Man United,1,2,A,O,6.05,4.31,1.55,5,5,2,8,10,0.0,1.0,1.0,0.0,0.0,3.0,-3.0,1.0,2.0,-1.0,-1.0,1.0,-2.0,0.0,0.0,0.0,0.0,0.0,0.0,11.1,55.6,77.8,0.0,8.0,15.0,8.0,7.0,1406.3,1679.6
2021-01-19,2020,West Ham,West Brom,2,1,H,O,1.58,4.08,6.09,6,2,3,1,10,1.0,1.0,0.0,0.0,4.0,5.0,-1.0,3.0,4.0,-1.0,1.0,1.0,0.0,0.0,0.0,0.0,0.0,0.0,0.0,44.4,22.2,11.1,55.6,10.0,9.0,17.0,5.0,1537.6,1400.7
2021-01-19,2020,Leicester,Chelsea,2,0,H,U,2.9,3.41,2.49,6,5,6,3,10,1.0,1.0,1.0,2.0,4.0,3.0,1.0,4.0,5.0,-1.0,0.0,-2.0,2.0,1.0,0.0,1.0,1.0,1.0,0.0,44.4,44.4,44.4,33.3,9.0,12.0,11.0,27.0,1594.0,1612.1
2021-01-18,2020,Arsenal,Newcastle,3,0,H,O,1.44,4.61,7.54,6,1,7,2,10,1.0,0.0,0.0,3.0,4.0,2.0,2.0,2.0,8.0,-6.0,2.0,-6.0,8.0,1.0,0.0,1.0,0.0,2.0,-2.0,33.3,44.4,25.0,50.0,15.0,9.0,16.0,9.0,1566.1,1479.7
2021-01-17,2020,Sheffield United,Tottenham,1,3,A,O,5.96,3.73,1.65,5,5,5,7,10,1.0,0.0,2.0,1.0,3.0,3.0,0.0,4.0,4.0,0.0,-1.0,-1.0,0.0,0.0,0.0,0.0,0.0,0.0,0.0,11.1,77.8,50.0,12.5,12.0,11.0,17.0,13.0,1427.2,1624.7
2021-01-17,2020,Man City,Crystal Palace,4,0,H,O,1.17,7.67,17.03,6,0,11,1,9,2.0,0.0,0.0,1.0,4.0,1.0,3.0,1.0,4.0,-3.0,3.0,-3.0,6.0,1.0,0.0,1.0,0.0,1.0,-1.0,62.5,12.5,33.3,44.4,19.0,10.0,28.0,10.0,1749.8,1493.9
2021-01-17,2020,Liverpool,Man United,0,0,D,U,1.97,3.84,3.65,3,4,7,3,9,2.0,2.0,0.0,0.0,7.0,6.0,1.0,2.0,4.0,-2.0,5.0,2.0,3.0,1.0,0.0,1.0,0.0,0.0,0.0,87.5,0.0,87.5,0.0,19.0,19.0,19.0,7.0,1772.1,1676.9
2021-01-16,2020,Wolves,West Brom,2,3,A,O,1.61,3.67,6.71,6,5,11,0,10,1.0,0.0,1.0,1.0,4.0,3.0,1.0,4.0,4.0,0.0,0.0,-1.0,1.0,0.0,0.0,0.0,0.0,0.0,0.0,33.3,33.3,0.0,62.5,13.0,7.0,20.0,8.0,1550.0,1386.3
2021-01-16,2020,West Ham,Burnley,1,0,H,U,1.84,3.49,4.69,4,2,7,4,9,0.0,1.0,1.0,1.0,4.0,1.0,3.0,6.0,1.0,5.0,-2.0,0.0,-2.0,0.0,0.0,0.0,1.0,0.0,1.0,37.5,25.0,12.5,50.0,12.0,12.0,15.0,17.0,1528.1,1508.5
2021-01-16,2020,Leicester,Southampton,2,0,H,U,1.8,3.72,4.58,5,3,2,5,9,1.0,1.0,1.0,0.0,5.0,3.0,2.0,4.0,2.0,2.0,1.0,1.0,0.0,1.0,0.0,1.0,1.0,0.0,1.0,37.5,50.0,37.5,12.5,10.0,8.0,18.0,13.0,1584.5,1566.3
2021-01-16,2020,Leeds,Brighton,0,1,A,U,2.17,3.57,3.31,2,2,5,2,9,2.0,0.0,1.0,1.0,7.0,2.0,5.0,4.0,3.0,1.0,3.0,-1.0,4.0,1.0,0.0,1.0,0.0,0.0,0.0,37.5,37.5,22.2,44.4,21.0,9.0,16.0,16.0,1512.8,1451.3
2021-01-16,2020,Fulham,Chelsea,0,1,A,U,6.3,4.21,1.55,3,6,1,12,9,0.0,0.0,0.0,3.0,1.0,2.0,-1.0,1.0,6.0,-5.0,0.0,-4.0,4.0,0.0,0.0,0.0,0.0,1.0,-1.0,12.5,50.0,37.5,37.5,10.0,9.0,13.0,21.0,1411.2,1607.2
2021-01-14,2020,Arsenal,Crystal Palace,0,0,D,U,1.55,4.1,6.37,4,2,7,3,9,1.0,1.0,1.0,1.0,4.0,6.0,-2.0,3.0,5.0,-2.0,1.0,1.0,0.0,1.0,1.0,0.0,0.0,1.0,-1.0,37.5,50.0,37.5,50.0,17.0,14.0,22.0,13.0,1568.3,1491.7
2021-01-13,2020,Tottenham,Fulham,1,1,D,U,1.4,4.91,7.98,6,4,6,5,9,2.0,1.0,1.0,1.0,5.0,3.0,2.0,2.0,4.0,-2.0,3.0,-1.0,4.0,2.0,0.0,2.0,1.0,1.0,0.0,50.0,25.0,14.3,57.1,13.0,10.0,11.0,17.0,1630.4,1405.5
2021-01-13,2020,Man City,Brighton,1,0,H,U,1.18,7.48,15.78,6,1,8,4,8,2.0,0.0,0.0,1.0,5.0,2.0,3.0,1.0,5.0,-4.0,4.0,-3.0,7.0,2.0,0.0,2.0,0.0,1.0,-1.0,57.1,14.3,25.0,37.5,19.0,12.0,29.0,17.0,1746.7,1454.4
2021-01-12,2020,Wolves,Everton,1,2,A,O,2.5,3.12,3.1,3,3,6,5,9,1.0,2.0,1.0,0.0,3.0,4.0,-1.0,3.0,1.0,2.0,0.0,3.0,-3.0,0.0,1.0,-1.0,0.0,0.0,0.0,37.5,25.0,62.5,25.0,17.0,15.0,19.0,13.0,1559.9,1562.8
2021-01-12,2020,Sheffield United,Newcastle,1,0,H,U,2.49,3.11,3.13,4,3,5,2,9,0.0,1.0,3.0,2.0,3.0,4.0,-1.0,6.0,7.0,-1.0,-3.0,-3.0,0.0,0.0,1.0,-1.0,0.0,2.0,-2.0,0.0,87.5,28.6,42.9,9.0,13.0,18.0,10.0,1415.0,1491.9
2021-01-12,2020,Burnley,Man United,0,1,A,U,7.03,4.56,1.47,0,7,3,4,8,2.0,2.0,0.0,0.0,4.0,8.0,-4.0,2.0,5.0,-3.0,2.0,3.0,-1.0,0.0,1.0,-1.0,0.0,0.0,0.0,42.9,42.9,85.7,0.0,10.0,18.0,12.0,7.0,1514.3,1671.2
2021-01-04,2020,Southampton,Liverpool,1,0,H,U,4.89,4.24,1.65,3,1,1,10,9,1.0,1.0,1.0,0.0,3.0,8.0,-5.0,1.0,1.0,0.0,2.0,7.0,-5.0,1.0,1.0,0.0,0.0,0.0,0.0,50.0,37.5,25.0,12.5,12.0,18.0,18.0,24.0,1550.4,1788.0
2021-01-03,2020,Newcastle,Leicester,1,2,A,O,5.19,3.97,1.67,2,3,3,6,9,1.0,2.0,0.0,0.0,3.0,5.0,-2.0,2.0,2.0,0.0,1.0,3.0,-2.0,0.0,1.0,-1.0,0.0,0.0,0.0,37.5,37.5,75.0,12.5,14.0,11.0,11.0,13.0,1499.7,1576.7
2021-01-03,2020,Chelsea,Man City,1,3,A,O,3.01,3.66,2.24,2,6,5,3,9,2.0,1.0,0.0,1.0,7.0,1.0,6.0,2.0,2.0,0.0,5.0,-1.0,6.0,2.0,0.0,2.0,0.0,1.0,-1.0,50.0,12.5,42.9,14.3,23.0,12.0,24.0,19.0,1613.7,1740.2
2021-01-02,2020,West Brom,Arsenal,0,4,A,O,5.78,4.01,1.61,3,12,3,5,9,0.0,1.0,3.0,2.0,1.0,2.0,-1.0,13.0,4.0,9.0,-12.0,-2.0,-10.0,0.0,0.0,0.0,3.0,1.0,2.0,12.5,62.5,37.5,50.0,6.0,7.0,8.0,16.0,1391.7,1562.8
2021-01-02,2020,Tottenham,Leeds,3,0,H,O,1.8,4.05,4.15,7,5,3,5,8,2.0,1.0,1.0,2.0,4.0,8.0,-4.0,2.0,9.0,-7.0,2.0,-1.0,3.0,2.0,1.0,1.0,1.0,2.0,-1.0,42.9,28.6,50.0,50.0,8.0,12.0,8.0,27.0,1623.3,1519.9
2021-01-02,2020,Crystal Palace,Sheffield United,2,0,H,U,2.01,3.4,3.93,4,2,3,6,9,0.0,0.0,1.0,2.0,2.0,1.0,1.0,9.0,5.0,4.0,-7.0,-4.0,-3.0,0.0,0.0,0.0,1.0,1.0,0.0,25.0,37.5,0.0,87.5,9.0,6.0,11.0,11.0,1483.4,1423.3
2021-01-02,2020,Brighton,Wolves,3,3,D,O,2.66,3.15,2.85,4,4,5,8,9,0.0,0.0,2.0,3.0,2.0,1.0,1.0,4.0,7.0,-3.0,-2.0,-6.0,4.0,0.0,0.0,0.0,0.0,1.0,-1.0,0.0,50.0,37.5,62.5,11.0,11.0,23.0,15.0,1451.3,1563.0
2021-01-01,2020,Man United,Aston Villa,2,1,H,O,1.74,4.14,4.42,9,5,5,10,9,2.0,2.0,0.0,0.0,7.0,5.0,2.0,2.0,1.0,1.0,5.0,4.0,1.0,1.0,1.0,0.0,0.0,0.0,0.0,37.5,37.5,71.4,14.3,19.0,14.0,17.0,19.0,1666.2,1474.5
2021-01-01,2020,Everton,West Ham,0,1,A,U,2.15,3.44,3.5,2,5,5,4,8,2.0,1.0,1.0,1.0,3.0,2.0,1.0,2.0,4.0,-2.0,1.0,-2.0,3.0,0.0,0.0,0.0,0.0,1.0,-1.0,57.1,28.6,37.5,37.5,14.0,11.0,14.0,13.0,1574.5,1516.5
2020-12-30,2020,Newcastle,Liverpool,0,0,D,U,9.81,5.93,1.29,2,4,5,12,8,1.0,1.0,1.0,0.0,3.0,9.0,-6.0,4.0,2.0,2.0,-1.0,7.0,-8.0,0.0,1.0,-1.0,1.0,0.0,1.0,42.9,42.9,28.6,14.3,13.0,16.0,13.0,15.0,1492.7,1795.0
2020-12-29,2020,West Brom,Leeds,0,5,A,O,3.59,3.67,2.03,1,6,3,10,8,1.0,1.0,2.0,2.0,2.0,4.0,-2.0,8.0,9.0,-1.0,-6.0,-5.0,-1.0,0.0,0.0,0.0,2.0,2.0,0.0,14.3,57.1,42.9,57.1,11.0,13.0,19.0,19.0,1398.6,1513.1
2020-12-29,2020,Southampton,West Ham,0,0,D,U,2.19,3.48,3.33,3,3,4,3,8,1.0,2.0,2.0,1.0,5.0,3.0,2.0,4.0,4.0,0.0,1.0,-1.0,2.0,1.0,0.0,1.0,0.0,1.0,-1.0,57.1,42.9,42.9,42.9,14.0,11.0,19.0,16.0,1551.4,1515.4
2020-12-29,2020,Man United,Wolves,1,0,H,U,1.55,4.21,6.1,3,5,2,2,8,2.0,1.0,0.0,2.0,7.0,3.0,4.0,2.0,7.0,-5.0,5.0,-4.0,9.0,1.0,0.0,1.0,0.0,1.0,-1.0,28.6,42.9,42.9,57.1,23.0,11.0,23.0,17.0,1658.7,1570.5
2020-12-29,2020,Burnley,Sheffield United,1,0,H,U,2.41,3.15,3.22,3,3,3,5,7,2.0,0.0,0.0,2.0,4.0,1.0,3.0,2.0,5.0,-3.0,2.0,-4.0,6.0,0.0,0.0,0.0,0.0,1.0,-1.0,33.3,50.0,0.0,85.7,11.0,8.0,13.0,15.0,1506.4,1431.2
2020-12-29,2020,Brighton,Arsenal,0,1,A,U,3.22,3.38,2.29,2,3,5,4,8,0.0,0.0,1.0,2.0,3.0,1.0,2.0,4.0,4.0,0.0,-1.0,-3.0,2.0,0.0,0.0,0.0,0.0,1.0,-1.0,0.0,42.9,28.6,57.1,12.0,6.0,22.0,15.0,1458.6,1555.5
2020-12-28,2020,Crystal Palace,Leicester,1,1,D,U,3.81,3.52,2.01,1,3,2,5,8,0.0,2.0,2.0,1.0,1.0,4.0,-3.0,10.0,4.0,6.0,-9.0,0.0,-9.0,0.0,1.0,-1.0,2.0,1.0,1.0,28.6,42.9,85.7,14.3,11.0,12.0,16.0,11.0,1480.7,1579.5
2020-12-28,2020,Chelsea,Aston Villa,1,1,D,U,1.69,4.18,4.72,5,2,11,4,8,2.0,2.0,0.0,1.0,6.0,5.0,1.0,1.0,2.0,-1.0,5.0,3.0,2.0,2.0,1.0,1.0,0.0,0.0,0.0,57.1,14.3,83.3,16.7,21.0,18.0,16.0,22.0,1617.7,1470.5
2020-12-27,2020,Wolves,Tottenham,1,1,D,U,3.62,3.28,2.16,6,3,9,2,8,1.0,0.0,1.0,1.0,3.0,2.0,1.0,3.0,3.0,0.0,0.0,-1.0,1.0,0.0,0.0,0.0,0.0,0.0,0.0,42.9,28.6,57.1,14.3,20.0,9.0,17.0,14.0,1568.9,1624.9
2020-12-27,2020,West Ham,Brighton,2,2,D,O,2.37,3.32,3.11,4,4,5,4,8,1.0,1.0,1.0,1.0,4.0,2.0,2.0,5.0,4.0,1.0,-1.0,-2.0,1.0,0.0,0.0,0.0,1.0,1.0,0.0,42.9,28.6,28.6,42.9,10.0,11.0,13.0,16.0,1517.2,1456.9
2020-12-27,2020,Liverpool,West Brom,1,1,D,U,1.13,9.05,20.61,2,3,8,3,8,3.0,0.0,0.0,2.0,9.0,2.0,7.0,1.0,4.0,-3.0,8.0,-2.0,10.0,2.0,0.0,2.0,0.0,0.0,0.0,100.0,0.0,0.0,71.4,30.0,6.0,21.0,7.0,1803.3,1390.3
2020-12-27,2020,Leeds,Burnley,1,0,H,U,1.75,3.98,4.5,4,6,4,12,8,1.0,1.0,1.0,1.0,6.0,1.0,5.0,4.0,5.0,-1.0,2.0,-4.0,6.0,1.0,0.0,1.0,0.0,1.0,-1.0,28.6,42.9,14.3,42.9,21.0,7.0,17.0,9.0,1502.7,1516.8
2020-12-26,2020,Sheffield United,Everton,0,1,A,U,4.2,3.59,1.9,2,3,6,3,8,0.0,2.0,3.0,0.0,3.0,6.0,-3.0,6.0,3.0,3.0,-3.0,3.0,-6.0,0.0,1.0,-1.0,0.0,0.0,0.0,0.0,85.7,57.1,28.6,12.0,19.0,14.0,15.0,1437.6,1568.1
2020-12-26,2020,Man City,Newcastle,2,0,H,U,1.12,9.31,23.28,6,2,7,3,7,2.0,1.0,0.0,2.0,8.0,4.0,4.0,1.0,7.0,-6.0,7.0,-3.0,10.0,2.0,1.0,1.0,0.0,2.0,-2.0,50.0,16.7,33.3,33.3,19.0,13.0,28.0,10.0,1736.1,1496.7
2020-12-26,2020,Leicester,Man United,2,2,D,O,3.01,3.55,2.32,2,4,5,0,8,1.0,3.0,2.0,0.0,4.0,9.0,-5.0,4.0,5.0,-1.0,0.0,4.0,-4.0,1.0,1.0,0.0,1.0,0.0,1.0,42.9,57.1,100.0,0.0,11.0,20.0,19.0,16.0,1577.1,1661.0
2020-12-26,2020,Fulham,Southampton,0,0,D,U,3.19,3.32,2.32,1,2,6,3,8,0.0,1.0,1.0,0.0,3.0,4.0,-1.0,4.0,3.0,1.0,-1.0,1.0,-2.0,0.0,0.0,0.0,0.0,0.0,0.0,14.3,57.1,42.9,14.3,15.0,8.0,9.0,14.0,1401.3,1555.6
2020-12-26,2020,Aston Villa,Crystal Palace,3,0,H,O,1.94,3.75,3.8,10,6,4,4,7,0.0,1.0,2.0,1.0,4.0,6.0,-2.0,6.0,3.0,3.0,-2.0,3.0,-5.0,0.0,1.0,-1.0,0.0,0.0,0.0,33.3,50.0,42.9,42.9,21.0,13.0,34.0,16.0,1459.5,1491.6
2020-12-26,2020,Arsenal,Chelsea,3,1,H,O,4.06,3.59,1.93,7,3,7,9,8,0.0,1.0,2.0,2.0,2.0,3.0,-1.0,4.0,3.0,1.0,-2.0,0.0,-2.0,0.0,1.0,-1.0,0.0,0.0,0.0,28.6,57.1,42.9,28.6,12.0,9.0,23.0,16.0,1543.1,1630.1
2020-12-21,2020,Chelsea,West Ham,3,0,H,O,1.49,4.63,6.29,7,0,5,4,7,2.0,2.0,0.0,1.0,7.0,4.0,3.0,2.0,3.0,-1.0,5.0,1.0,4.0,2.0,0.0,2.0,0.0,0.0,0.0,50.0,16.7,50.0,33.3,23.0,14.0,17.0,14.0,1622.9,1524.4
2020-12-21,2020,Burnley,Wolves,2,1,H,O,3.61,3.13,2.23,4,3,1,7,6,1.0,1.0,1.0,2.0,2.0,2.0,0.0,4.0,6.0,-2.0,-2.0,-4.0,2.0,0.0,0.0,0.0,1.0,1.0,0.0,20.0,60.0,50.0,50.0,7.0,10.0,15.0,13.0,1504.7,1581.1
2020-12-20,2020,West Brom,Aston Villa,0,3,A,O,3.69,3.7,1.99,1,10,1,7,7,1.0,2.0,2.0,1.0,2.0,5.0,-3.0,6.0,2.0,4.0,-4.0,3.0,-7.0,0.0,1.0,-1.0,1.0,0.0,1.0,16.7,50.0,80.0,20.0,12.0,14.0,27.0,23.0,1398.8,1451.0
2020-12-20,2020,Tottenham,Leicester,0,2,A,U,2.08,3.48,3.62,3,4,5,3,7,3.0,2.0,0.0,1.0,6.0,6.0,0.0,1.0,5.0,-4.0,5.0,1.0,4.0,2.0,1.0,1.0,0.0,1.0,-1.0,50.0,16.7,83.3,16.7,8.0,16.0,7.0,11.0,1636.9,1565.0
2020-12-20,2020,Man United,Leeds,6,2,H,O,1.71,4.23,4.49,14,3,11,13,7,1.0,1.0,1.0,2.0,1.0,3.0,-2.0,1.0,7.0,-6.0,0.0,-4.0,4.0,0.0,0.0,0.0,0.0,2.0,-2.0,16.7,50.0,50.0,50.0,11.0,13.0,18.0,12.0,1655.0,1508.7
2020-12-20,2020,Brighton,Sheffield United,1,1,D,U,1.69,3.72,5.43,5,3,14,2,7,0.0,0.0,1.0,3.0,2.0,1.0,1.0,3.0,8.0,-5.0,-1.0,-7.0,6.0,0.0,0.0,0.0,0.0,2.0,-2.0,0.0,50.0,0.0,100.0,10.0,8.0,13.0,20.0,1457.5,1437.0
2020-12-19,2020,Southampton,Man City,0,1,A,U,6.48,4.63,1.48,3,5,6,6,7,2.0,1.0,1.0,1.0,7.0,1.0,6.0,3.0,2.0,1.0,4.0,-1.0,5.0,2.0,0.0,2.0,0.0,1.0,-1.0,66.7,33.3,33.3,16.7,19.0,15.0,21.0,18.0,1561.1,1730.7
2020-12-19,2020,Newcastle,Fulham,1,1,D,U,2.58,3.25,2.87,5,4,2,9,7,2.0,1.0,1.0,2.0,4.0,2.0,2.0,4.0,4.0,0.0,0.0,-2.0,2.0,0.0,0.0,0.0,1.0,1.0,0.0,50.0,50.0,16.7,66.7,12.0,9.0,16.0,13.0,1499.5,1398.5
2020-12-19,2020,Everton,Arsenal,2,1,H,O,2.42,3.44,2.93,2,2,4,3,7,1.0,1.0,2.0,1.0,2.0,1.0,1.0,4.0,2.0,2.0,-2.0,-1.0,-1.0,0.0,0.0,0.0,1.0,1.0,0.0,50.0,33.3,33.3,50.0,13.0,6.0,15.0,15.0,1558.2,1552.9
2020-12-19,2020,Crystal Palace,Liverpool,0,7,A,O,6.2,4.45,1.52,3,8,5,4,7,1.0,0.0,1.0,0.0,5.0,3.0,2.0,4.0,3.0,1.0,1.0,0.0,1.0,1.0,0.0,1.0,1.0,0.0,1.0,33.3,33.3,16.7,16.7,14.0,11.0,14.0,13.0,1494.5,1800.4
2020-12-17,2020,Sheffield United,Man United,2,3,A,O,7.14,4.54,1.46,6,8,6,3,7,0.0,3.0,3.0,0.0,1.0,9.0,-8.0,4.0,4.0,0.0,-3.0,5.0,-8.0,0.0,2.0,-2.0,0.0,0.0,0.0,0.0,83.3,100.0,0.0,7.0,17.0,10.0,15.0,1441.6,1650.4
2020-12-17,2020,Aston Villa,Burnley,0,0,D,U,1.74,3.84,4.73,7,4,11,1,6,0.0,1.0,3.0,1.0,4.0,1.0,3.0,9.0,5.0,4.0,-5.0,-4.0,-1.0,0.0,0.0,0.0,1.0,1.0,0.0,40.0,60.0,16.7,50.0,18.0,4.0,29.0,11.0,1449.4,1506.3
2020-12-16,2020,West Ham,Crystal Palace,1,1,D,U,2.1,3.4,3.64,2,2,5,3,7,2.0,1.0,1.0,2.0,4.0,5.0,-1.0,4.0,4.0,0.0,0.0,1.0,-1.0,0.0,1.0,-1.0,1.0,1.0,0.0,50.0,33.3,50.0,50.0,15.0,13.0,17.0,19.0,1525.3,1493.6
2020-12-16,2020,Liverpool,Tottenham,2,1,H,O,1.79,3.84,4.44,11,2,7,4,7,3.0,1.0,0.0,0.0,9.0,2.0,7.0,1.0,1.0,0.0,8.0,1.0,7.0,2.0,0.0,2.0,0.0,0.0,0.0,100.0,0.0,66.7,0.0,24.0,12.0,15.0,16.0,1794.5,1642.8
2020-12-16,2020,Leicester,Everton,0,2,A,U,2.2,3.55,3.22,2,6,4,6,7,2.0,1.0,1.0,1.0,5.0,5.0,0.0,2.0,5.0,-3.0,3.0,0.0,3.0,1.0,0.0,1.0,0.0,0.0,0.0,50.0,50.0,50.0,33.3,12.0,17.0,21.0,13.0,1575.9,1547.4
2020-12-16,2020,Leeds,Newcastle,5,2,H,O,1.76,3.89,4.49,10,4,7,4,7,0.0,1.0,2.0,1.0,2.0,3.0,-1.0,6.0,3.0,3.0,-4.0,0.0,-4.0,0.0,1.0,-1.0,1.0,1.0,0.0,16.7,50.0,40.0,20.0,15.0,11.0,20.0,9.0,1498.4,1509.8
2020-12-16,2020,Fulham,Brighton,0,0,D,U,2.9,3.28,2.51,4,4,1,8,7,1.0,1.0,1.0,2.0,5.0,3.0,2.0,4.0,6.0,-2.0,1.0,-3.0,4.0,1.0,0.0,1.0,0.0,1.0,-1.0,16.7,66.7,33.3,50.0,17.0,9.0,13.0,13.0,1396.7,1459.2
2020-12-16,2020,Arsenal,Southampton,1,1,D,U,2.25,3.47,3.19,4,3,2,7,7,0.0,2.0,3.0,0.0,1.0,7.0,-6.0,6.0,5.0,1.0,-5.0,2.0,-7.0,0.0,0.0,0.0,1.0,0.0,1.0,33.3,66.7,50.0,16.7,10.0,9.0,24.0,8.0,1552.7,1561.3
2020-12-15,2020,Wolves,Chelsea,2,1,H,O,5.44,3.79,1.68,4,3,5,6,7,1.0,2.0,1.0,1.0,3.0,5.0,-2.0,2.0,1.0,1.0,1.0,4.0,-3.0,1.0,2.0,-1.0,0.0,0.0,0.0,33.3,33.3,50.0,16.7,21.0,15.0,19.0,14.0,1569.2,1634.8
2020-12-15,2020,Man City,West Brom,1,1,D,U,1.12,9.96,22.77,7,1,13,2,6,2.0,0.0,0.0,3.0,8.0,1.0,7.0,1.0,5.0,-4.0,7.0,-4.0,11.0,2.0,0.0,2.0,0.0,1.0,-1.0,60.0,20.0,0.0,83.3,14.0,6.0,16.0,7.0,1738.3,1391.1
2020-12-13,2020,Southampton,Sheffield United,3,0,H,O,1.72,3.83,4.95,6,0,8,4,6,2.0,0.0,1.0,3.0,6.0,2.0,4.0,3.0,7.0,-4.0,3.0,-5.0,8.0,2.0,0.0,2.0,0.0,1.0,-1.0,60.0,40.0,0.0,100.0,19.0,10.0,17.0,19.0,1554.3,1448.7
2020-12-13,2020,Leicester,Brighton,3,0,H,O,2.03,3.49,3.76,6,4,9,5,6,1.0,1.0,2.0,1.0,2.0,4.0,-2.0,3.0,4.0,-1.0,-1.0,0.0,-1.0,0.0,0.0,0.0,0.0,0.0,0.0,40.0,60.0,40.0,40.0,11.0,8.0,14.0,13.0,1568.7,1466.4
2020-12-13,2020,Fulham,Liverpool,1,1,D,U,8.44,5.66,1.34,5,6,6,8,6,1.0,0.0,2.0,0.0,5.0,4.0,1.0,5.0,4.0,1.0,0.0,0.0,0.0,1.0,0.0,1.0,0.0,0.0,0.0,20.0,80.0,20.0,20.0,15.0,13.0,11.0,10.0,1388.4,1802.8
2020-12-13,2020,Crystal Palace,Tottenham,1,1,D,U,4.71,3.75,1.76,5,6,4,7,6,1.0,2.0,1.0,0.0,5.0,2.0,3.0,4.0,0.0,4.0,1.0,2.0,-1.0,1.0,0.0,1.0,1.0,0.0,1.0,40.0,40.0,80.0,0.0,10.0,9.0,12.0,14.0,1489.4,1647.1
2020-12-13,2020,Arsenal,Burnley,0,1,A,U,1.54,4.22,6.42,6,2,13,4,6,0.0,0.0,3.0,1.0,1.0,0.0,1.0,6.0,5.0,1.0,-5.0,-5.0,0.0,0.0,0.0,0.0,1.0,1.0,0.0,40.0,60.0,0.0,60.0,8.0,6.0,20.0,9.0,1564.7,1494.3
2020-12-12,2020,Wolves,Aston Villa,0,1,A,U,2.34,3.27,3.21,7,2,5,8,6,1.0,2.0,0.0,1.0,4.0,5.0,-1.0,2.0,2.0,0.0,2.0,3.0,-1.0,1.0,1.0,0.0,0.0,0.0,0.0,40.0,20.0,75.0,25.0,17.0,16.0,16.0,22.0,1583.2,1435.4
2020-12-12,2020,Newcastle,West Brom,2,1,H,O,2.51,3.25,2.95,7,3,4,3,6,1.0,0.0,2.0,2.0,3.0,1.0,2.0,7.0,4.0,3.0,-4.0,-3.0,-1.0,0.0,0.0,0.0,2.0,1.0,1.0,40.0,60.0,0.0,80.0,9.0,6.0,12.0,6.0,1502.8,1398.2
2020-12-12,2020,Man United,Man City,0,0,D,U,4.39,4.16,1.74,2,2,4,3,6,1.0,1.0,1.0,1.0,1.0,2.0,-1.0,1.0,3.0,-2.0,0.0,-1.0,1.0,0.0,0.0,0.0,0.0,1.0,-1.0,20.0,60.0,40.0,20.0,13.0,20.0,23.0,25.0,1647.8,1740.9
2020-12-12,2020,Everton,Chelsea,1,0,H,U,4.36,4.12,1.75,4,3,6,6,6,0.0,2.0,2.0,0.0,3.0,5.0,-2.0,6.0,0.0,6.0,-3.0,5.0,-8.0,0.0,2.0,-2.0,1.0,0.0,1.0,40.0,40.0,60.0,0.0,14.0,13.0,11.0,14.0,1534.2,1647.9
2020-12-11,2020,Leeds,West Ham,1,2,A,O,2.18,3.67,3.2,7,8,5,6,6,0.0,1.0,2.0,1.0,1.0,5.0,-4.0,5.0,5.0,0.0,-4.0,0.0,-4.0,0.0,0.0,0.0,1.0,0.0,1.0,20.0,40.0,40.0,40.0,10.0,10.0,23.0,15.0,1508.1,1515.5
2020-12-07,2020,Brighton,Southampton,1,2,A,O,2.52,3.36,2.86,4,3,4,3,6,0.0,1.0,0.0,0.0,2.0,8.0,-6.0,2.0,7.0,-5.0,0.0,1.0,-1.0,0.0,0.0,0.0,0.0,0.0,0.0,0.0,40.0,40.0,20.0,9.0,12.0,15.0,7.0,1474.3,1546.3
2020-12-06,2020,West Brom,Crystal Palace,1,5,A,O,2.9,3.21,2.58,4,6,4,6,6,1.0,1.0,1.0,2.0,1.0,2.0,-1.0,1.0,4.0,-3.0,0.0,-2.0,2.0,0.0,0.0,0.0,0.0,1.0,-1.0,20.0,40.0,40.0,60.0,14.0,17.0,31.0,17.0,1406.1,1481.5
2020-12-06,2020,Tottenham,Arsenal,2,0,H,U,2.01,3.54,3.79,3,2,3,9,6,2.0,1.0,0.0,1.0,7.0,1.0,6.0,4.0,1.0,3.0,3.0,0.0,3.0,1.0,0.0,1.0,0.0,0.0,0.0,40.0,20.0,40.0,40.0,11.0,7.0,7.0,12.0,1638.9,1572.8
2020-12-06,2020,Sheffield United,Leicester,1,2,A,O,3.86,3.49,2.01,1,4,6,5,6,0.0,2.0,2.0,1.0,1.0,5.0,-4.0,3.0,4.0,-1.0,-2.0,1.0,-3.0,0.0,1.0,-1.0,0.0,1.0,-1.0,0.0,80.0,80.0,20.0,12.0,14.0,6.0,9.0,1455.7,1561.7
2020-12-06,2020,Liverpool,Wolves,4,0,H,O,1.52,4.25,6.59,6,3,4,6,6,3.0,2.0,0.0,1.0,7.0,3.0,4.0,2.0,2.0,0.0,5.0,1.0,4.0,1.0,0.0,1.0,0.0,0.0,0.0,100.0,0.0,60.0,40.0,23.0,10.0,18.0,10.0,1798.2,1587.8
2020-12-05,2020,West Ham,Man United,1,3,A,O,3.62,3.57,2.05,6,6,5,4,6,2.0,3.0,0.0,0.0,4.0,10.0,-6.0,2.0,4.0,-2.0,2.0,6.0,-4.0,0.0,2.0,-2.0,0.0,0.0,0.0,60.0,20.0,100.0,0.0,11.0,25.0,14.0,18.0,1522.2,1641.1
2020-12-05,2020,Man City,Fulham,2,0,H,U,1.12,9.74,21.84,6,1,9,3,5,2.0,1.0,0.0,1.0,7.0,3.0,4.0,1.0,3.0,-2.0,6.0,0.0,6.0,1.0,0.0,1.0,0.0,0.0,0.0,50.0,25.0,20.0,60.0,13.0,14.0,13.0,15.0,1738.5,1390.7
2020-12-05,2020,Chelsea,Leeds,3,1,H,O,1.54,4.5,5.82,11,3,8,4,6,1.0,2.0,0.0,1.0,7.0,5.0,2.0,4.0,4.0,0.0,3.0,1.0,2.0,1.0,1.0,0.0,0.0,1.0,-1.0,40.0,20.0,60.0,40.0,17.0,19.0,15.0,13.0,1641.4,1514.6
2020-12-05,2020,Burnley,Everton,1,1,D,U,4.02,3.5,1.97,3,6,8,4,5,1.0,1.0,2.0,2.0,1.0,4.0,-3.0,4.0,6.0,-2.0,-3.0,-2.0,-1.0,0.0,0.0,0.0,1.0,1.0,0.0,25.0,75.0,60.0,40.0,8.0,13.0,11.0,14.0,1493.1,1535.4
2020-11-30,2020,West Ham,Aston Villa,2,1,H,O,2.32,3.57,3.01,2,6,3,7,5,2.0,3.0,0.0,0.0,6.0,7.0,-1.0,1.0,0.0,1.0,5.0,7.0,-2.0,1.0,2.0,-1.0,0.0,0.0,0.0,50.0,25.0,100.0,0.0,16.0,15.0,12.0,18.0,1514.2,1443.4
2020-11-30,2020,Leicester,Fulham,1,2,A,O,1.54,4.35,6.15,3,5,6,5,5,1.0,0.0,2.0,2.0,1.0,1.0,0.0,4.0,3.0,1.0,-3.0,-2.0,-1.0,0.0,0.0,0.0,1.0,0.0,1.0,50.0,50.0,0.0,75.0,8.0,11.0,14.0,12.0,1576.9,1375.5
2020-11-29,2020,Southampton,Man United,2,3,A,O,3.8,3.57,2.0,5,6,5,9,5,3.0,3.0,0.0,0.0,6.0,10.0,-4.0,0.0,4.0,-4.0,6.0,6.0,0.0,3.0,2.0,1.0,0.0,0.0,0.0,75.0,25.0,100.0,0.0,21.0,22.0,17.0,10.0,1554.1,1633.3
2020-11-29,2020,Chelsea,Tottenham,0,0,D,U,2.1,3.52,3.53,3,1,3,3,5,2.0,3.0,0.0,0.0,11.0,8.0,3.0,4.0,1.0,3.0,7.0,7.0,0.0,2.0,1.0,1.0,0.0,0.0,0.0,50.0,25.0,100.0,0.0,20.0,16.0,20.0,15.0,1641.5,1638.9
2020-11-29,2020,Arsenal,Wolves,1,2,A,O,2.13,3.28,3.72,2,5,8,4,5,1.0,1.0,2.0,2.0,2.0,1.0,1.0,5.0,5.0,0.0,-3.0,-4.0,1.0,0.0,0.0,0.0,1.0,1.0,0.0,50.0,50.0,50.0,50.0,11.0,7.0,14.0,9.0,1583.0,1577.7
2020-11-28,2020,West Brom,Sheffield United,1,0,H,U,2.6,3.17,2.9,6,5,14,9,5,0.0,0.0,1.0,3.0,3.0,3.0,0.0,4.0,8.0,-4.0,-1.0,-5.0,4.0,0.0,0.0,0.0,0.0,1.0,-1.0,0.0,50.0,0.0,100.0,11.0,7.0,20.0,14.0,1394.0,1467.8
2020-11-28,2020,Man City,Burnley,5,0,H,O,1.17,7.84,16.81,6,1,6,4,4,1.0,0.0,1.0,1.0,4.0,1.0,3.0,6.0,3.0,3.0,-2.0,-2.0,0.0,0.0,0.0,0.0,1.0,1.0,0.0,33.3,33.3,0.0,50.0,12.0,8.0,10.0,9.0,1734.4,1497.2
2020-11-28,2020,Everton,Leeds,0,1,A,U,2.02,3.72,3.57,8,7,4,2,5,1.0,2.0,1.0,1.0,7.0,5.0,2.0,7.0,4.0,3.0,0.0,1.0,-1.0,1.0,1.0,0.0,1.0,1.0,0.0,50.0,25.0,50.0,50.0,12.0,21.0,10.0,18.0,1546.7,1503.4
2020-11-28,2020,Brighton,Liverpool,1,1,D,U,5.32,4.19,1.62,3,2,4,3,5,0.0,0.0,1.0,1.0,3.0,5.0,-2.0,4.0,10.0,-6.0,-1.0,-5.0,4.0,0.0,0.0,0.0,0.0,1.0,-1.0,0.0,50.0,25.0,25.0,11.0,19.0,18.0,14.0,1466.8,1805.8
2020-11-27,2020,Crystal Palace,Newcastle,0,2,A,U,2.15,3.21,3.74,3,7,7,3,5,1.0,0.0,1.0,1.0,6.0,2.0,4.0,4.0,4.0,0.0,2.0,-2.0,4.0,1.0,0.0,1.0,0.0,1.0,-1.0,50.0,25.0,25.0,25.0,8.0,5.0,12.0,10.0,1491.5,1492.8
2020-11-23,2020,Wolves,Southampton,1,1,D,U,2.32,3.25,3.27,9,2,7,4,5,2.0,2.0,0.0,0.0,4.0,8.0,-4.0,1.0,6.0,-5.0,3.0,2.0,1.0,1.0,0.0,1.0,0.0,0.0,0.0,50.0,25.0,50.0,25.0,13.0,11.0,15.0,5.0,1578.4,1553.3
2020-11-23,2020,Burnley,Crystal Palace,1,0,H,U,2.79,3.06,2.8,4,5,4,7,4,0.0,1.0,3.0,2.0,0.0,2.0,-2.0,5.0,7.0,-2.0,-5.0,-5.0,0.0,0.0,0.0,0.0,1.0,2.0,-1.0,0.0,100.0,50.0,50.0,6.0,12.0,15.0,15.0,1486.7,1501.9
2020-11-22,2020,Sheffield United,West Ham,0,1,A,U,3.06,3.26,2.43,5,3,2,6,5,0.0,1.0,2.0,1.0,1.0,7.0,-6.0,3.0,5.0,-2.0,-2.0,2.0,-4.0,0.0,1.0,-1.0,0.0,0.0,0.0,0.0,75.0,25.0,50.0,11.0,13.0,9.0,13.0,1477.0,1505.0
2020-11-22,2020,Liverpool,Leicester,3,0,H,O,1.9,3.92,3.82,13,4,10,3,5,3.0,3.0,0.0,0.0,7.0,10.0,-3.0,3.0,3.0,0.0,4.0,7.0,-3.0,1.0,2.0,-1.0,0.0,0.0,0.0,100.0,0.0,100.0,0.0,18.0,17.0,15.0,10.0,1801.4,1581.3
2020-11-22,2020,Leeds,Arsenal,0,0,D,U,3.13,3.7,2.21,4,2,5,3,5,0.0,1.0,2.0,2.0,2.0,2.0,0.0,6.0,4.0,2.0,-4.0,-2.0,-2.0,0.0,0.0,0.0,1.0,1.0,0.0,25.0,50.0,50.0,50.0,13.0,8.0,25.0,12.0,1501.0,1585.3
2020-11-22,2020,Fulham,Everton,2,3,A,O,3.93,3.79,1.9,6,7,2,5,5,1.0,1.0,2.0,2.0,3.0,3.0,0.0,5.0,5.0,0.0,-2.0,-2.0,0.0,1.0,0.0,1.0,1.0,1.0,0.0,25.0,75.0,50.0,50.0,12.0,11.0,14.0,15.0,1381.2,1541.0
2020-11-21,2020,Tottenham,Man City,2,0,H,U,4.1,4.03,1.81,2,5,0,10,5,1.0,1.0,0.0,0.0,6.0,3.0,3.0,5.0,2.0,3.0,1.0,1.0,0.0,0.0,0.0,0.0,0.0,0.0,0.0,25.0,25.0,50.0,0.0,21.0,17.0,17.0,25.0,1625.5,1747.8
2020-11-21,2020,Newcastle,Chelsea,0,2,A,U,6.39,4.54,1.5,1,3,7,4,5,2.0,1.0,1.0,0.0,6.0,6.0,0.0,6.0,3.0,3.0,0.0,3.0,-3.0,1.0,1.0,0.0,1.0,0.0,1.0,50.0,50.0,50.0,0.0,13.0,20.0,8.0,19.0,1499.1,1635.2
2020-11-21,2020,Man United,West Brom,1,0,H,U,1.34,5.34,9.21,7,2,8,2,5,0.0,0.0,2.0,2.0,1.0,1.0,0.0,7.0,5.0,2.0,-6.0,-4.0,-2.0,0.0,0.0,0.0,1.0,2.0,-1.0,0.0,75.0,0.0,75.0,8.0,6.0,17.0,5.0,1629.1,1398.2
2020-11-21,2020,Aston Villa,Brighton,1,2,A,O,2.19,3.61,3.21,4,3,12,3,5,1.0,0.0,2.0,2.0,10.0,4.0,6.0,9.0,7.0,2.0,1.0,-3.0,4.0,1.0,0.0,1.0,1.0,1.0,0.0,50.0,50.0,25.0,50.0,25.0,8.0,19.0,20.0,1453.3,1456.9
2020-11-08,2020,West Brom,Tottenham,0,1,A,U,6.38,4.38,1.52,2,5,9,6,4,0.0,3.0,1.0,0.0,3.0,12.0,-9.0,6.0,3.0,3.0,-3.0,9.0,-12.0,0.0,2.0,-2.0,1.0,0.0,1.0,0.0,33.3,100.0,0.0,10.0,17.0,13.0,11.0,1402.6,1621.1
2020-11-08,2020,Man City,Liverpool,1,1,D,U,1.99,4.03,3.42,2,3,1,2,3,,1.0,,1.0,,6.0,,,9.0,,,-3.0,,,1.0,,,1.0,,50.0,50.0,33.3,33.3,,22.0,,23.0,1746.2,1803.0
2020-11-08,2020,Leicester,Wolves,1,0,H,U,2.38,3.14,3.28,3,2,6,3,4,1.0,2.0,2.0,1.0,4.0,3.0,1.0,6.0,4.0,2.0,-2.0,-1.0,-1.0,1.0,1.0,0.0,1.0,1.0,0.0,33.3,66.7,66.7,33.3,11.0,9.0,23.0,11.0,1570.8,1588.9
2020-11-08,2020,Arsenal,Aston Villa,0,3,A,O,1.7,3.97,4.92,2,6,3,8,4,2.0,,1.0,,4.0,,,3.0,,,1.0,,,0.0,,,0.0,,,66.7,33.3,100.0,0.0,12.0,,18.0,,1599.7,1439.0
2020-11-07,2020,West Ham,Fulham,1,0,H,U,1.83,3.82,4.23,7,3,9,5,4,1.0,0.0,1.0,2.0,5.0,4.0,1.0,3.0,6.0,-3.0,2.0,-2.0,4.0,1.0,0.0,1.0,1.0,0.0,1.0,33.3,33.3,0.0,66.7,12.0,14.0,11.0,10.0,1498.1,1388.2
2020-11-07,2020,Everton,Man United,1,3,A,O,2.91,3.52,2.42,1,5,5,2,4,2.0,,0.0,,11.0,,,6.0,,,5.0,,,2.0,,,0.0,,,66.7,0.0,100.0,0.0,18.0,,16.0,,1548.9,1621.2
2020-11-07,2020,Crystal Palace,Leeds,4,1,H,O,2.92,3.37,2.47,6,3,3,6,4,1.0,2.0,1.0,1.0,3.0,7.0,-4.0,3.0,4.0,-1.0,0.0,3.0,-3.0,0.0,1.0,-1.0,0.0,0.0,0.0,33.3,33.3,66.7,33.3,5.0,21.0,16.0,12.0,1491.3,1511.6
2020-11-07,2020,Chelsea,Sheffield United,4,1,H,O,1.39,4.93,8.23,9,3,6,7,4,1.0,0.0,1.0,3.0,7.0,2.0,5.0,5.0,5.0,0.0,2.0,-3.0,5.0,1.0,0.0,1.0,1.0,0.0,1.0,33.3,33.3,0.0,100.0,14.0,5.0,15.0,11.0,1629.2,1483.0
2020-11-06,2020,Southampton,Newcastle,2,0,H,U,2.04,3.58,3.7,8,2,8,3,4,2.0,1.0,1.0,0.0,6.0,4.0,2.0,5.0,2.0,3.0,1.0,2.0,-1.0,2.0,1.0,1.0,1.0,0.0,1.0,66.7,33.3,33.3,0.0,20.0,5.0,12.0,14.0,1544.4,1508.0
2020-11-06,2020,Brighton,Burnley,0,0,D,U,1.9,3.48,4.42,3,1,5,3,4,0.0,0.0,2.0,2.0,4.0,3.0,1.0,7.0,7.0,0.0,-3.0,-4.0,1.0,0.0,0.0,0.0,1.0,2.0,-1.0,0.0,66.7,0.0,66.7,11.0,12.0,17.0,10.0,1456.0,1487.6
2020-11-02,2020,Leeds,Leicester,1,4,A,O,2.56,3.56,2.68,4,8,10,3,4,1.0,3.0,1.0,0.0,5.0,9.0,-4.0,5.0,2.0,3.0,0.0,7.0,-7.0,0.0,2.0,-2.0,0.0,0.0,0.0,33.3,33.3,100.0,0.0,16.0,16.0,20.0,12.0,1520.4,1562.0
2020-11-02,2020,Fulham,West Brom,2,0,H,U,2.44,3.32,3.01,6,1,5,2,4,0.0,0.0,3.0,2.0,1.0,3.0,-2.0,8.0,8.0,0.0,-7.0,-5.0,-2.0,0.0,0.0,0.0,2.0,2.0,0.0,0.0,100.0,0.0,66.7,8.0,9.0,11.0,4.0,1377.1,1413.7
2020-11-01,2020,Tottenham,Brighton,2,1,H,O,1.63,4.17,5.29,3,2,4,5,4,0.0,1.0,1.0,1.0,4.0,6.0,-2.0,5.0,5.0,0.0,-1.0,1.0,-2.0,0.0,1.0,-1.0,0.0,1.0,-1.0,0.0,33.3,33.3,33.3,23.0,12.0,18.0,16.0,1615.2,1461.9
2020-11-01,2020,Newcastle,Everton,2,1,H,O,3.71,3.47,2.06,4,4,5,4,4,1.0,2.0,2.0,1.0,4.0,3.0,1.0,8.0,3.0,5.0,-4.0,0.0,-4.0,1.0,0.0,1.0,2.0,1.0,1.0,33.3,66.7,66.7,33.3,9.0,11.0,10.0,14.0,1496.2,1560.8
2020-11-01,2020,Man United,Arsenal,0,1,A,U,2.04,3.66,3.58,2,2,6,3,4,0.0,1.0,2.0,2.0,2.0,4.0,-2.0,9.0,4.0,5.0,-7.0,0.0,-7.0,0.0,1.0,-1.0,2.0,1.0,1.0,0.0,66.7,33.3,66.7,10.0,12.0,20.0,12.0,1632.4,1588.4
2020-11-01,2020,Aston Villa,Southampton,3,4,A,O,2.46,3.6,2.78,10,4,11,1,4,2.0,1.0,1.0,1.0,8.0,4.0,4.0,5.0,4.0,1.0,3.0,0.0,3.0,1.0,0.0,1.0,1.0,0.0,1.0,66.7,33.3,33.3,33.3,17.0,12.0,18.0,7.0,1446.4,1536.9
2020-10-31,2020,Sheffield United,Man City,0,1,A,U,9.43,5.76,1.31,1,8,2,5,4,0.0,1.0,2.0,0.0,1.0,5.0,-4.0,4.0,3.0,1.0,-3.0,2.0,-5.0,0.0,1.0,-1.0,1.0,0.0,1.0,0.0,66.7,33.3,0.0,12.0,18.0,19.0,26.0,1486.7,1742.5
2020-10-31,2020,Liverpool,West Ham,2,1,H,O,1.39,5.26,7.43,5,3,1,2,4,3.0,1.0,0.0,1.0,9.0,7.0,2.0,5.0,5.0,0.0,4.0,2.0,2.0,1.0,1.0,0.0,0.0,0.0,0.0,100.0,0.0,33.3,33.3,19.0,13.0,23.0,16.0,1799.9,1501.1
2020-10-31,2020,Burnley,Chelsea,0,3,A,O,6.05,4.37,1.54,0,9,3,4,3,,1.0,,0.0,,6.0,,,4.0,,,2.0,,,1.0,,,0.0,,0.0,100.0,33.3,0.0,,16.0,,18.0,1494.1,1622.7
2020-10-30,2020,Wolves,Crystal Palace,2,0,H,U,2.05,3.13,4.27,5,2,7,6,4,1.0,2.0,1.0,1.0,3.0,5.0,-2.0,4.0,6.0,-2.0,-1.0,-1.0,0.0,0.0,1.0,-1.0,1.0,1.0,0.0,33.3,33.3,66.7,33.3,9.0,15.0,12.0,12.0,1581.2,1499.0
2020-10-26,2020,Burnley,Tottenham,0,1,A,U,5.49,4.02,1.63,4,3,4,5,2,,,,,,,,,,,,,,,,,,,,0.0,100.0,100.0,0.0,,,,,1501.1,1608.2
2020-10-26,2020,Brighton,West Brom,1,1,D,U,1.75,3.93,4.61,3,3,6,2,3,,,,,,,,,,,,,,,,,,,,0.0,100.0,0.0,100.0,,,,,1463.3,1412.2
2020-10-25,2020,Wolves,Newcastle,1,1,D,U,1.78,3.49,5.16,3,2,2,3,3,,,,,,,,,,,,,,,,,,,,50.0,50.0,50.0,0.0,,,,,1583.8,1493.7
2020-10-25,2020,Southampton,Everton,2,0,H,U,2.78,3.47,2.54,6,2,4,5,3,,,,,,,,,,,,,,,,,,,,50.0,50.0,100.0,0.0,,,,,1525.6,1572.1
2020-10-25,2020,Arsenal,Leicester,0,1,A,U,1.93,3.74,3.92,4,2,9,3,3,,,,,,,,,,,,,,,,,,,,100.0,0.0,100.0,0.0,,,,,1599.8,1550.6
2020-10-24,2020,West Ham,Man City,1,1,D,U,7.2,5.16,1.41,2,7,2,10,3,,,,,,,,,,,,,,,,,,,,50.0,50.0,50.0,0.0,,,,,1494.9,1748.7
2020-10-24,2020,Man United,Chelsea,0,0,D,U,2.38,3.59,2.9,4,1,9,6,3,,,,,,,,,,,,,,,,,,,,0.0,100.0,50.0,0.0,,,,,1632.7,1622.4
2020-10-24,2020,Liverpool,Sheffield United,2,1,H,O,1.25,6.36,11.55,5,2,7,3,3,,,,,,,,,,,,,,,,,,,,100.0,0.0,0.0,100.0,,,,,1797.0,1489.7
2020-10-24,2020,Fulham,Crystal Palace,1,2,A,O,2.74,3.14,2.77,3,10,4,4,3,,,,,,,,,,,,,,,,,,,,0.0,100.0,50.0,50.0,,,,,1384.1,1492.0
2020-10-23,2020,Aston Villa,Leeds,0,3,A,O,2.11,3.75,3.33,4,9,6,5,3,,,,,,,,,,,,,,,,,,,,100.0,0.0,50.0,50.0,,,,,1454.8,1512.1
2020-10-19,2020,West Brom,Burnley,0,0,D,U,2.49,3.3,2.97,6,4,8,2,3,,,,,,,,,,,,,,,,,,,,0.0,50.0,0.0,100.0,,,,,1409.5,1503.7
2020-10-19,2020,Leeds,Wolves,0,1,A,U,2.5,3.26,2.97,2,3,8,3,3,,,,,,,,,,,,,,,,,,,,50.0,0.0,50.0,50.0,,,,,1520.5,1575.3
2020-10-18,2020,Tottenham,West Ham,3,3,D,O,1.62,4.19,5.34,6,4,3,7,3,,,,,,,,,,,,,,,,,,,,0.0,50.0,50.0,50.0,,,,,1611.5,1491.6
2020-10-18,2020,Sheffield United,Fulham,1,1,D,U,2.11,3.32,3.74,6,6,2,5,3,,,,,,,,,,,,,,,,,,,,0.0,100.0,0.0,100.0,,,,,1492.8,1381.0
2020-10-18,2020,Leicester,Aston Villa,0,1,A,U,1.89,3.82,3.97,5,4,2,7,3,,,,,,,,,,,,,,,,,,,,50.0,50.0,100.0,0.0,,,,,1564.0,1441.4
2020-10-18,2020,Crystal Palace,Brighton,1,1,D,U,2.68,3.25,2.76,1,3,2,5,3,,,,,,,,,,,,,,,,,,,,50.0,50.0,50.0,50.0,,,,,1492.9,1462.5
2020-10-17,2020,Newcastle,Man United,1,4,A,O,4.78,4.08,1.7,4,14,0,7,3,,,,,,,,,,,,,,,,,,,,50.0,50.0,100.0,0.0,,,,,1500.2,1626.2
2020-10-17,2020,Man City,Arsenal,1,0,H,U,1.49,4.85,6.09,5,3,6,6,2,,,,,,,,,,,,,,,,,,,,0.0,100.0,50.0,50.0,,,,,1742.4,1606.1
2020-10-17,2020,Everton,Liverpool,2,2,D,O,3.91,4.08,1.85,5,8,2,5,3,,,,,,,,,,,,,,,,,,,,100.0,0.0,50.0,50.0,,,,,1566.2,1802.9
2020-10-17,2020,Chelsea,Southampton,3,3,D,O,1.53,4.56,5.92,5,6,6,2,3,,,,,,,,,,,,,,,,,,,,50.0,50.0,50.0,50.0,,,,,1625.3,1522.7
2020-10-04,2020,Wolves,Fulham,1,0,H,U,1.51,4.07,7.19,5,2,6,2,2,,,,,,,,,,,,,,,,,,,,0.0,100.0,0.0,100.0,,,,,1570.2,1386.1
2020-10-04,2020,Southampton,West Brom,2,0,H,U,1.76,3.86,4.58,7,2,5,1,2,,,,,,,,,,,,,,,,,,,,0.0,100.0,0.0,100.0,,,,,1515.5,1416.8
2020-10-04,2020,Man United,Tottenham,1,6,A,O,1.92,3.71,3.97,2,8,2,4,2,,,,,,,,,,,,,,,,,,,,0.0,100.0,100.0,0.0,,,,,1637.2,1600.5
2020-10-04,2020,Leicester,West Ham,0,3,A,O,1.68,4.12,4.86,0,6,6,4,2,,,,,,,,,,,,,,,,,,,,100.0,0.0,0.0,100.0,,,,,1576.7,1478.8
2020-10-04,2020,Aston Villa,Liverpool,7,2,H,O,9.35,5.41,1.33,11,8,2,7,2,,,,,,,,,,,,,,,,,,,,100.0,0.0,100.0,0.0,,,,,1423.2,1821.1
2020-10-04,2020,Arsenal,Sheffield United,2,1,H,O,1.56,4.09,6.25,5,2,2,4,2,,,,,,,,,,,,,,,,,,,,100.0,0.0,0.0,100.0,,,,,1598.8,1500.0
2020-10-03,2020,Newcastle,Burnley,3,1,H,O,2.47,3.15,3.08,5,3,3,4,2,,,,,,,,,,,,,,,,,,,,0.0,100.0,0.0,100.0,,,,,1489.5,1514.5
2020-10-03,2020,Leeds,Man City,1,1,D,U,7.45,5.34,1.38,7,2,7,10,2,,,,,,,,,,,,,,,,,,,,100.0,0.0,100.0,0.0,,,,,1514.6,1748.3
2020-10-03,2020,Everton,Brighton,4,2,H,O,1.76,3.73,4.79,6,3,3,10,2,,,,,,,,,,,,,,,,,,,,100.0,0.0,100.0,0.0,,,,,1558.7,1470.0
2020-10-03,2020,Chelsea,Crystal Palace,4,0,H,O,1.43,4.77,7.39,6,0,8,5,2,,,,,,,,,,,,,,,,,,,,0.0,100.0,100.0,0.0,,,,,1618.6,1499.6
2020-09-28,2020,Liverpool,Arsenal,3,1,H,O,1.49,4.68,6.3,8,3,7,3,2,,,,,,,,,,,,,,,,,,,,100.0,0.0,100.0,0.0,,,,,1816.6,1603.4
2020-09-28,2020,Fulham,Aston Villa,0,3,A,O,2.92,3.26,2.52,3,5,5,3,2,,,,,,,,,,,,,,,,,,,,0.0,100.0,,,,,,,1395.6,1413.7
2020-09-27,2020,West Ham,Wolves,4,0,H,O,3.74,3.38,2.07,7,2,1,3,2,,,,,,,,,,,,,,,,,,,,0.0,100.0,100.0,0.0,,,,,1465.6,1583.4
2020-09-27,2020,Tottenham,Newcastle,1,1,D,U,1.47,4.5,6.95,12,1,10,4,2,,,,,,,,,,,,,,,,,,,,0.0,100.0,100.0,0.0,,,,,1603.7,1486.2
2020-09-27,2020,Sheffield United,Leeds,0,1,A,U,2.72,3.37,2.63,4,9,5,7,2,,,,,,,,,,,,,,,,,,,,0.0,100.0,0.0,100.0,,,,,1510.2,1504.5
2020-09-27,2020,Man City,Leicester,2,5,A,O,1.29,5.93,9.68,5,7,3,4,1,,,,,,,,,,,,,,,,,,,,,,100.0,0.0,,,,,1763.5,1561.5
2020-09-26,2020,West Brom,Chelsea,3,3,D,O,8.24,5.02,1.38,3,10,3,9,2,,,,,,,,,,,,,,,,,,,,0.0,100.0,100.0,0.0,,,,,1411.3,1624.1
2020-09-26,2020,Crystal Palace,Everton,1,2,A,O,3.69,3.32,2.12,1,5,7,6,2,,,,,,,,,,,,,,,,,,,,100.0,0.0,100.0,0.0,,,,,1508.4,1549.9
2020-09-26,2020,Burnley,Southampton,0,1,A,U,3.3,3.25,2.31,2,1,8,2,1,,,,,,,,,,,,,,,,,,,,,,0.0,100.0,,,,,1525.0,1504.9
2020-09-26,2020,Brighton,Man United,2,3,A,O,4.83,3.75,1.75,5,3,7,1,2,,,,,,,,,,,,,,,,,,,,0.0,100.0,,,,,,,1475.8,1631.5
2020-09-21,2020,Wolves,Man City,1,3,A,O,6.11,4.35,1.54,1,9,4,6,1,,,,,,,,,,,,,,,,,,,,,,,,,,,,1588.9,1758.1
2020-09-21,2020,Aston Villa,Sheffield United,1,0,H,U,2.71,3.19,2.75,2,1,10,4,1,,,,,,,,,,,,,,,,,,,,,,,,,,,,1400.3,1523.6
2020-09-20,2020,Southampton,Tottenham,2,5,A,O,3.1,3.35,2.37,7,6,3,2,1,,,,,,,,,,,,,,,,,,,,,,,,,,,,1512.6,1596.1
2020-09-20,2020,Newcastle,Brighton,0,3,A,O,2.68,3.15,2.82,0,6,7,1,1,,,,,,,,,,,,,,,,,,,,,,,,,,,,1497.1,1464.8
2020-09-20,2020,Leicester,Burnley,4,2,H,O,1.63,3.98,5.64,6,5,15,4,1,,,,,,,,,,,,,,,,,,,,,,,,,,,,1552.0,1534.5
2020-09-20,2020,Chelsea,Liverpool,0,2,A,U,3.15,3.72,2.18,3,6,1,11,1,,,,,,,,,,,,,,,,,,,,,,,,,,,,1629.3,1811.4
2020-09-19,2020,Man United,Crystal Palace,1,3,A,O,1.32,5.57,9.56,4,5,9,3,1,,,,,,,,,,,,,,,,,,,,,,,,,,,,1645.5,1494.3
2020-09-19,2020,Leeds,Fulham,4,3,H,O,1.64,3.97,5.5,7,6,5,3,1,,,,,,,,,,,,,,,,,,,,,,,,,,,,1497.1,1403.0
2020-09-19,2020,Everton,West Brom,5,2,H,O,1.54,4.25,6.3,7,4,11,1,1,,,,,,,,,,,,,,,,,,,,,,,,,,,,1543.3,1417.9
2020-09-19,2020,Arsenal,West Ham,2,1,H,O,1.53,4.51,5.91,3,3,7,5,1,,,,,,,,,,,,,,,,,,,,,,,,,,,,1596.8,1472.1
2020-09-14,2020,Sheffield United,Wolves,0,2,A,U,3.36,3.0,2.41,2,4,12,5,1,,,,,,,,,,,,,,,,,,,,,,,,,,,,1532.2,1580.3
2020-09-14,2020,Brighton,Chelsea,1,3,A,O,5.12,4.13,1.65,3,5,4,3,1,,,,,,,,,,,,,,,,,,,,,,,,,,,,1470.7,1623.4
2020-09-13,2020,West Brom,Leicester,0,3,A,O,3.87,3.57,1.97,1,7,2,5,1,,,,,,,,,,,,,,,,,,,,,,,,,,,,1424.5,1545.3
2020-09-13,2020,Tottenham,Everton,0,1,A,U,1.9,3.55,4.2,5,4,5,3,1,,,,,,,,,,,,,,,,,,,,,,,,,,,,1608.3,1531.1
2020-09-12,2020,West Ham,Newcastle,0,2,A,U,2.15,3.48,3.42,3,2,8,7,1,,,,,,,,,,,,,,,,,,,,,,,,,,,,1482.0,1487.3
2020-09-12,2020,Liverpool,Leeds,4,3,H,O,1.3,5.96,9.68,6,3,9,0,1,,,,,,,,,,,,,,,,,,,,,,,,,,,,1808.5,1500.0
2020-09-12,2020,Fulham,Arsenal,0,3,A,O,5.94,4.34,1.55,2,6,2,3,1,,,,,,,,,,,,,,,,,,,,,,,,,,,,1408.1,1591.7
2020-09-12,2020,Crystal Palace,Southampton,1,0,H,U,3.18,3.22,2.39,3,5,7,3,1,,,,,,,,,,,,,,,,,,,,,,,,,,,,1483.1,1523.7
2020-07-26,2019,West Ham,Aston Villa,1,1,D,U,3.05,3.57,2.28,1,4,0,7,19,2.0,0.0,1.0,1.0,6.0,2.0,4.0,4.0,4.0,0.0,2.0,-2.0,4.0,1.0,0.0,1.0,0.0,1.0,-1.0,33.3,50.0,11.1,66.7,13.0,6.0,21.0,19.0,1484.4,1397.9
2020-07-26,2019,Southampton,Sheffield United,3,1,H,O,2.18,3.47,3.34,4,3,9,1,19,1.0,0.0,1.0,2.0,2.0,1.0,1.0,3.0,6.0,-3.0,-1.0,-5.0,4.0,0.0,0.0,0.0,1.0,2.0,-1.0,27.8,55.6,22.2,27.8,13.0,5.0,14.0,19.0,1512.8,1543.1
2020-07-26,2019,Newcastle,Liverpool,1,3,A,O,7.6,4.99,1.4,2,6,2,4,19,0.0,1.0,1.0,2.0,4.0,4.0,0.0,6.0,7.0,-1.0,-2.0,-3.0,1.0,0.0,1.0,-1.0,1.0,1.0,0.0,33.3,22.2,72.2,16.7,13.0,19.0,17.0,26.0,1490.1,1805.7
2020-07-26,2019,Man City,Norwich,5,0,H,O,1.07,12.8,30.42,10,4,9,0,19,3.0,0.0,0.0,3.0,11.0,1.0,10.0,1.0,7.0,-6.0,10.0,-6.0,16.0,2.0,0.0,2.0,0.0,1.0,-1.0,77.8,11.1,5.6,77.8,19.0,5.0,14.0,6.0,1756.4,1343.7
2020-07-26,2019,Leicester,Man United,0,2,A,U,3.17,3.49,2.24,3,3,3,3,19,2.0,3.0,0.0,0.0,5.0,8.0,-3.0,0.0,0.0,0.0,5.0,8.0,-3.0,2.0,3.0,-1.0,0.0,0.0,0.0,61.1,16.7,38.9,33.3,13.0,17.0,18.0,17.0,1552.9,1637.9
2020-07-26,2019,Everton,Bournemouth,1,3,A,O,2.24,3.78,2.98,5,7,2,5,19,1.0,0.0,0.0,3.0,4.0,3.0,1.0,3.0,8.0,-5.0,1.0,-5.0,6.0,0.0,0.0,0.0,0.0,1.0,-1.0,44.4,16.7,16.7,77.8,7.0,6.0,11.0,12.0,1544.6,1417.4
2020-07-26,2019,Crystal Palace,Tottenham,1,1,D,U,6.12,4.23,1.55,2,2,7,2,19,0.0,1.0,3.0,1.0,2.0,4.0,-2.0,6.0,4.0,2.0,-4.0,0.0,-4.0,0.0,1.0,-1.0,1.0,1.0,0.0,33.3,44.4,22.2,38.9,13.0,7.0,18.0,22.0,1479.5,1611.9
2020-07-26,2019,Chelsea,Wolves,2,0,H,U,1.84,3.76,4.23,3,1,3,3,19,3.0,1.0,0.0,1.0,6.0,2.0,4.0,1.0,2.0,-1.0,5.0,0.0,5.0,1.0,0.0,1.0,0.0,0.0,0.0,55.6,27.8,38.9,22.2,25.0,8.0,18.0,11.0,1614.1,1589.6
2020-07-26,2019,Burnley,Brighton,1,2,A,O,2.32,3.44,3.09,2,4,6,7,19,1.0,1.0,0.0,0.0,3.0,2.0,1.0,2.0,1.0,1.0,1.0,1.0,0.0,0.0,0.0,0.0,0.0,0.0,0.0,44.4,33.3,16.7,44.4,10.0,6.0,7.0,11.0,1547.0,1458.2
2020-07-26,2019,Arsenal,Watford,3,2,H,O,1.93,3.89,3.72,5,6,4,8,19,2.0,0.0,0.0,3.0,7.0,1.0,6.0,2.0,7.0,-5.0,5.0,-6.0,11.0,1.0,0.0,1.0,0.0,2.0,-2.0,50.0,16.7,11.1,66.7,17.0,10.0,18.0,13.0,1585.4,1449.9
2020-07-22,2019,Man United,West Ham,1,1,D,U,1.24,6.38,11.56,4,3,2,3,19,2.0,1.0,0.0,1.0,10.0,6.0,4.0,4.0,4.0,0.0,6.0,2.0,4.0,2.0,1.0,1.0,0.0,1.0,-1.0,55.6,11.1,22.2,55.6,20.0,16.0,22.0,14.0,1642.3,1480.1
2020-07-22,2019,Liverpool,Chelsea,5,3,H,O,2.04,3.7,3.51,7,5,6,0,19,2.0,1.0,0.0,2.0,7.0,5.0,2.0,1.0,8.0,-7.0,6.0,-3.0,9.0,2.0,0.0,2.0,0.0,1.0,-1.0,94.4,0.0,50.0,33.3,20.0,16.0,25.0,18.0,1800.5,1619.3
2020-07-21,2019,Watford,Man City,0,4,A,O,8.62,5.6,1.33,0,10,0,8,19,2.0,1.0,1.0,2.0,5.0,6.0,-1.0,5.0,3.0,2.0,0.0,3.0,-3.0,0.0,1.0,-1.0,1.0,0.0,1.0,33.3,33.3,55.6,38.9,9.0,16.0,11.0,27.0,1453.0,1753.4
2020-07-21,2019,Aston Villa,Arsenal,1,0,H,U,3.24,3.78,2.11,3,0,8,9,19,1.0,2.0,2.0,1.0,2.0,5.0,-3.0,4.0,2.0,2.0,-2.0,3.0,-5.0,1.0,2.0,-1.0,1.0,0.0,1.0,33.3,50.0,22.2,33.3,11.0,14.0,10.0,16.0,1382.3,1600.9
2020-07-20,2019,Wolves,Crystal Palace,2,0,H,U,1.5,4.03,7.72,5,3,5,2,19,2.0,0.0,1.0,3.0,4.0,0.0,4.0,2.0,9.0,-7.0,2.0,-9.0,11.0,1.0,0.0,1.0,1.0,3.0,-2.0,38.9,22.2,27.8,44.4,10.0,6.0,14.0,8.0,1582.3,1486.8
2020-07-20,2019,Sheffield United,Everton,0,1,A,U,2.17,3.29,3.52,0,2,7,1,19,3.0,1.0,0.0,2.0,7.0,1.0,6.0,1.0,4.0,-3.0,6.0,-3.0,9.0,2.0,0.0,2.0,0.0,1.0,-1.0,55.6,27.8,22.2,61.1,12.0,10.0,11.0,13.0,1553.6,1534.1
2020-07-20,2019,Brighton,Newcastle,0,0,D,U,1.93,3.42,4.23,3,1,9,7,19,0.0,1.0,3.0,2.0,1.0,5.0,-4.0,11.0,8.0,3.0,-10.0,-3.0,-7.0,0.0,1.0,-1.0,3.0,1.0,2.0,27.8,38.9,27.8,61.1,4.0,12.0,12.0,8.0,1457.2,1491.0
2020-07-19,2019,Tottenham,Leicester,3,0,H,O,2.32,3.42,3.11,3,6,4,13,19,3.0,0.0,0.0,2.0,5.0,3.0,2.0,1.0,7.0,-6.0,4.0,-4.0,8.0,1.0,0.0,1.0,0.0,1.0,-1.0,61.1,22.2,38.9,38.9,15.0,13.0,20.0,12.0,1603.1,1561.7
2020-07-19,2019,Bournemouth,Southampton,0,2,A,U,2.39,3.65,2.84,3,8,12,6,19,1.0,1.0,1.0,0.0,5.0,6.0,-1.0,5.0,4.0,1.0,0.0,2.0,-2.0,1.0,1.0,0.0,1.0,0.0,1.0,27.8,38.9,44.4,33.3,7.0,16.0,16.0,14.0,1425.1,1505.1
2020-07-18,2019,Norwich,Burnley,0,2,A,U,3.32,3.33,2.25,2,8,6,8,19,0.0,2.0,3.0,0.0,0.0,3.0,-3.0,6.0,1.0,5.0,-6.0,2.0,-8.0,0.0,0.0,0.0,1.0,0.0,1.0,22.2,61.1,33.3,38.9,4.0,10.0,7.0,10.0,1348.7,1542.1
2020-07-17,2019,West Ham,Watford,3,1,H,O,2.42,3.04,3.31,4,3,9,3,18,1.0,0.0,2.0,3.0,3.0,0.0,3.0,5.0,5.0,0.0,-2.0,-5.0,3.0,0.0,0.0,0.0,1.0,1.0,0.0,29.4,52.9,11.8,64.7,11.0,11.0,17.0,18.0,1470.3,1462.7
2020-07-16,2019,Southampton,Brighton,1,1,D,U,2.18,3.31,3.53,6,2,8,2,18,1.0,1.0,2.0,0.0,1.0,1.0,0.0,3.0,0.0,3.0,-2.0,1.0,-3.0,0.0,0.0,0.0,1.0,0.0,1.0,29.4,58.8,17.6,47.1,10.0,5.0,11.0,9.0,1506.6,1455.8
2020-07-16,2019,Leicester,Sheffield United,2,0,H,U,2.02,3.34,4.01,7,1,9,5,18,2.0,0.0,0.0,2.0,7.0,1.0,6.0,0.0,7.0,-7.0,7.0,-6.0,13.0,2.0,0.0,2.0,0.0,2.0,-2.0,58.8,17.6,23.5,23.5,13.0,5.0,18.0,18.0,1551.4,1564.0
2020-07-16,2019,Everton,Aston Villa,1,1,D,U,2.02,3.57,3.74,1,1,5,5,18,1.0,0.0,0.0,2.0,3.0,1.0,2.0,2.0,7.0,-5.0,1.0,-6.0,7.0,0.0,0.0,0.0,0.0,2.0,-2.0,47.1,17.6,11.8,70.6,9.0,6.0,7.0,14.0,1538.4,1378.0
2020-07-16,2019,Crystal Palace,Man United,0,2,A,U,9.84,5.0,1.35,5,5,2,7,18,1.0,2.0,2.0,0.0,3.0,7.0,-4.0,4.0,1.0,3.0,-1.0,6.0,-7.0,0.0,2.0,-2.0,0.0,0.0,0.0,35.3,41.2,35.3,35.3,11.0,18.0,24.0,16.0,1492.9,1636.2
2020-07-15,2019,Newcastle,Tottenham,1,3,A,O,4.56,3.77,1.79,6,5,5,4,18,1.0,0.0,0.0,1.0,6.0,2.0,4.0,3.0,4.0,-1.0,3.0,-2.0,5.0,1.0,0.0,1.0,0.0,1.0,-1.0,35.3,17.6,17.6,41.2,15.0,4.0,14.0,23.0,1498.3,1595.8
2020-07-15,2019,Man City,Bournemouth,2,1,H,O,1.15,8.68,16.72,4,3,3,5,18,3.0,0.0,0.0,3.0,14.0,3.0,11.0,0.0,8.0,-8.0,14.0,-5.0,19.0,3.0,0.0,3.0,0.0,1.0,-1.0,76.5,11.8,17.6,76.5,22.0,7.0,14.0,11.0,1750.7,1427.8
2020-07-15,2019,Burnley,Wolves,1,1,D,U,4.65,3.3,1.9,1,5,3,8,18,1.0,2.0,0.0,1.0,3.0,3.0,0.0,2.0,1.0,1.0,1.0,2.0,-1.0,0.0,1.0,-1.0,0.0,0.0,0.0,47.1,35.3,41.2,23.5,17.0,9.0,7.0,10.0,1540.9,1583.5
2020-07-15,2019,Arsenal,Liverpool,2,1,H,O,3.89,3.89,1.89,2,8,2,13,18,2.0,1.0,0.0,1.0,6.0,3.0,3.0,1.0,5.0,-4.0,5.0,-2.0,7.0,1.0,1.0,0.0,0.0,1.0,-1.0,47.1,17.6,76.5,11.8,17.0,14.0,22.0,19.0,1585.1,1816.3
2020-07-14,2019,Chelsea,Norwich,1,0,H,U,1.13,9.5,20.76,6,0,8,1,18,3.0,0.0,0.0,3.0,9.0,1.0,8.0,1.0,7.0,-6.0,8.0,-6.0,14.0,2.0,0.0,2.0,0.0,1.0,-1.0,52.9,29.4,5.9,76.5,30.0,10.0,16.0,10.0,1615.7,1352.3
2020-07-13,2019,Man United,Southampton,2,2,D,O,1.29,5.73,10.41,4,5,4,6,18,3.0,2.0,0.0,0.0,10.0,7.0,3.0,2.0,2.0,0.0,8.0,5.0,3.0,3.0,2.0,1.0,0.0,0.0,0.0,58.8,11.8,47.1,35.3,22.0,20.0,20.0,15.0,1640.0,1502.8
2020-07-12,2019,Wolves,Everton,3,0,H,O,2.06,3.25,4.01,7,2,5,2,18,1.0,1.0,1.0,2.0,1.0,1.0,0.0,2.0,5.0,-3.0,-1.0,-4.0,3.0,0.0,0.0,0.0,1.0,1.0,0.0,35.3,23.5,23.5,58.8,4.0,9.0,11.0,12.0,1574.3,1547.6
2020-07-12,2019,Tottenham,Arsenal,2,1,H,O,2.6,3.48,2.68,9,4,6,5,18,2.0,2.0,0.0,1.0,4.0,5.0,-1.0,1.0,2.0,-1.0,3.0,3.0,0.0,1.0,2.0,-1.0,0.0,0.0,0.0,58.8,23.5,23.5,29.4,9.0,16.0,21.0,18.0,1585.5,1595.4
2020-07-12,2019,Bournemouth,Leicester,4,1,H,O,5.14,3.82,1.7,4,5,2,6,18,0.0,0.0,2.0,1.0,1.0,3.0,-2.0,6.0,4.0,2.0,-5.0,-1.0,-4.0,0.0,0.0,0.0,2.0,0.0,2.0,23.5,41.2,41.2,35.3,4.0,10.0,25.0,13.0,1413.7,1565.5
2020-07-12,2019,Aston Villa,Crystal Palace,2,0,H,U,2.29,3.35,3.24,9,5,5,1,18,0.0,1.0,3.0,2.0,1.0,2.0,-1.0,6.0,7.0,-1.0,-5.0,-5.0,0.0,0.0,1.0,-1.0,1.0,2.0,-1.0,29.4,52.9,29.4,41.2,6.0,3.0,7.0,11.0,1364.1,1506.8
2020-07-11,2019,Watford,Newcastle,2,1,H,O,1.82,3.58,4.65,5,4,2,4,18,1.0,2.0,1.0,1.0,4.0,5.0,-1.0,5.0,6.0,-1.0,-1.0,-1.0,0.0,0.0,1.0,-1.0,1.0,1.0,0.0,29.4,35.3,29.4,58.8,8.0,15.0,11.0,12.0,1451.1,1510.0
2020-07-11,2019,Sheffield United,Chelsea,3,0,H,O,6.07,3.93,1.6,4,4,4,6,18,3.0,2.0,0.0,1.0,5.0,7.0,-2.0,1.0,6.0,-5.0,4.0,1.0,3.0,1.0,0.0,1.0,0.0,0.0,0.0,52.9,29.4,52.9,29.4,12.0,17.0,17.0,22.0,1551.8,1627.9
2020-07-11,2019,Norwich,West Ham,0,4,A,O,3.76,3.65,1.99,2,7,1,6,18,0.0,0.0,3.0,2.0,0.0,2.0,-2.0,5.0,5.0,0.0,-5.0,-3.0,-2.0,0.0,0.0,0.0,1.0,1.0,0.0,23.5,58.8,17.6,58.8,3.0,15.0,15.0,15.0,1359.4,1463.2
2020-07-11,2019,Liverpool,Burnley,1,1,D,U,1.25,6.27,11.44,9,2,12,6,18,3.0,2.0,0.0,1.0,8.0,2.0,6.0,1.0,5.0,-4.0,7.0,-3.0,10.0,2.0,0.0,2.0,0.0,1.0,-1.0,100.0,0.0,35.3,41.2,17.0,8.0,22.0,5.0,1823.1,1534.1
2020-07-11,2019,Brighton,Man City,0,5,A,O,9.95,5.62,1.31,0,8,2,7,18,1.0,0.0,2.0,3.0,3.0,1.0,2.0,7.0,5.0,2.0,-4.0,-4.0,0.0,0.0,0.0,0.0,2.0,1.0,1.0,29.4,35.3,52.9,41.2,9.0,10.0,20.0,31.0,1459.0,1747.5
2020-07-09,2019,Everton,Southampton,1,1,D,U,2.07,3.51,3.62,4,4,3,5,17,1.0,2.0,0.0,1.0,3.0,7.0,-4.0,2.0,4.0,-2.0,1.0,3.0,-2.0,0.0,2.0,-2.0,0.0,1.0,-1.0,50.0,18.8,50.0,37.5,10.0,18.0,17.0,19.0,1549.0,1501.4
2020-07-09,2019,Bournemouth,Tottenham,0,0,D,U,5.03,4.0,1.68,2,0,8,12,17,0.0,0.0,2.0,2.0,3.0,3.0,0.0,8.0,6.0,2.0,-5.0,-3.0,-2.0,0.0,0.0,0.0,2.0,1.0,1.0,25.0,43.8,18.8,43.8,7.0,7.0,21.0,16.0,1408.9,1590.3
2020-07-09,2019,Aston Villa,Man United,0,3,A,O,9.26,5.15,1.35,1,6,3,5,17,0.0,1.0,2.0,0.0,1.0,5.0,-4.0,3.0,2.0,1.0,-2.0,3.0,-5.0,0.0,1.0,-1.0,0.0,0.0,0.0,31.2,50.0,31.2,37.5,11.0,17.0,16.0,19.0,1367.6,1636.5
2020-07-08,2019,West Ham,Burnley,0,1,A,U,2.02,3.42,3.89,5,4,10,3,17,2.0,1.0,1.0,1.0,6.0,1.0,5.0,5.0,5.0,0.0,1.0,-4.0,5.0,1.0,0.0,1.0,1.0,1.0,0.0,31.2,50.0,31.2,43.8,13.0,5.0,11.0,9.0,1471.6,1525.6
2020-07-08,2019,Sheffield United,Wolves,1,0,H,U,3.96,3.08,2.14,3,1,6,1,17,2.0,3.0,0.0,0.0,5.0,6.0,-1.0,2.0,2.0,0.0,3.0,4.0,-1.0,1.0,1.0,0.0,0.0,0.0,0.0,50.0,31.2,43.8,18.8,12.0,12.0,23.0,14.0,1540.5,1585.6
2020-07-08,2019,Man City,Newcastle,5,0,H,O,1.13,9.15,22.2,9,1,8,1,17,3.0,2.0,0.0,1.0,12.0,5.0,7.0,0.0,2.0,-2.0,12.0,3.0,9.0,3.0,1.0,2.0,0.0,0.0,0.0,75.0,12.5,31.2,56.2,25.0,16.0,11.0,16.0,1743.2,1514.2
2020-07-08,2019,Brighton,Liverpool,1,3,A,O,5.99,4.26,1.56,2,8,6,10,17,1.0,0.0,2.0,2.0,2.0,0.0,2.0,5.0,7.0,-2.0,-3.0,-7.0,4.0,0.0,0.0,0.0,1.0,2.0,-1.0,31.2,31.2,75.0,12.5,15.0,7.0,22.0,14.0,1461.2,1820.9
2020-07-07,2019,Watford,Norwich,2,1,H,O,1.75,3.71,5.02,4,3,4,3,17,1.0,0.0,1.0,3.0,5.0,0.0,5.0,4.0,8.0,-4.0,1.0,-8.0,9.0,1.0,0.0,1.0,1.0,2.0,-1.0,25.0,37.5,6.2,75.0,9.0,11.0,10.0,8.0,1443.2,1367.2
2020-07-07,2019,Crystal Palace,Chelsea,2,3,A,O,8.43,4.5,1.43,4,6,7,9,17,2.0,1.0,1.0,1.0,2.0,6.0,-4.0,1.0,6.0,-5.0,1.0,0.0,1.0,0.0,0.0,0.0,0.0,0.0,0.0,37.5,37.5,50.0,31.2,16.0,17.0,24.0,27.0,1513.8,1620.9
2020-07-07,2019,Arsenal,Leicester,1,1,D,U,2.38,3.43,3.03,7,5,10,1,17,3.0,0.0,0.0,2.0,8.0,2.0,6.0,2.0,4.0,-2.0,6.0,-2.0,8.0,1.0,0.0,1.0,0.0,0.0,0.0,50.0,18.8,43.8,37.5,14.0,9.0,18.0,19.0,1596.3,1564.6
2020-07-06,2019,Tottenham,Everton,1,0,H,U,2.13,3.51,3.45,2,3,5,6,17,1.0,1.0,1.0,2.0,5.0,3.0,2.0,4.0,7.0,-3.0,1.0,-4.0,5.0,1.0,0.0,1.0,0.0,1.0,-1.0,56.2,25.0,25.0,56.2,12.0,11.0,20.0,9.0,1581.0,1558.3
2020-07-05,2019,Southampton,Man City,1,0,H,U,9.03,5.56,1.33,4,6,2,13,17,1.0,1.0,2.0,2.0,2.0,2.0,0.0,3.0,4.0,-1.0,-1.0,-2.0,1.0,1.0,0.0,1.0,1.0,1.0,0.0,25.0,62.5,56.2,37.5,15.0,11.0,18.0,25.0,1484.9,1759.8
2020-07-05,2019,Newcastle,West Ham,2,2,D,O,2.66,3.28,2.74,4,7,6,4,17,1.0,0.0,0.0,3.0,4.0,2.0,2.0,1.0,6.0,-5.0,3.0,-4.0,7.0,1.0,0.0,1.0,0.0,1.0,-1.0,37.5,18.8,18.8,62.5,15.0,12.0,19.0,19.0,1515.5,1470.3
2020-07-05,2019,Liverpool,Aston Villa,2,0,H,U,1.35,5.45,8.4,4,3,7,5,17,3.0,0.0,0.0,2.0,9.0,1.0,8.0,3.0,7.0,-4.0,6.0,-6.0,12.0,1.0,0.0,1.0,0.0,2.0,-2.0,100.0,0.0,12.5,68.8,20.0,4.0,31.0,15.0,1819.5,1369.0
2020-07-05,2019,Burnley,Sheffield United,1,1,D,U,2.91,2.97,2.75,4,3,3,9,17,2.0,0.0,0.0,2.0,5.0,0.0,5.0,1.0,6.0,-5.0,4.0,-6.0,10.0,1.0,0.0,1.0,0.0,2.0,-2.0,50.0,37.5,25.0,25.0,23.0,3.0,11.0,13.0,1525.2,1541.0
2020-07-04,2019,Wolves,Arsenal,0,2,A,U,2.27,3.3,3.32,1,5,3,5,17,2.0,1.0,0.0,2.0,4.0,3.0,1.0,0.0,5.0,-5.0,4.0,-2.0,6.0,1.0,1.0,0.0,0.0,1.0,-1.0,37.5,18.8,18.8,31.2,9.0,11.0,12.0,15.0,1595.8,1586.0
2020-07-04,2019,Norwich,Brighton,0,1,A,U,3.39,3.32,2.23,1,2,0,2,17,1.0,0.0,2.0,0.0,1.0,1.0,0.0,4.0,1.0,3.0,-3.0,0.0,-3.0,0.0,0.0,0.0,1.0,0.0,1.0,25.0,56.2,12.5,50.0,8.0,5.0,21.0,9.0,1375.0,1453.4
2020-07-04,2019,Man United,Bournemouth,5,2,H,O,1.17,7.46,17.41,10,3,8,3,17,3.0,0.0,0.0,3.0,8.0,1.0,7.0,0.0,6.0,-6.0,8.0,-5.0,13.0,3.0,0.0,3.0,0.0,1.0,-1.0,56.2,12.5,18.8,75.0,21.0,8.0,15.0,11.0,1632.0,1413.3
2020-07-04,2019,Leicester,Crystal Palace,3,0,H,O,1.68,3.63,5.84,4,1,3,7,17,1.0,2.0,1.0,1.0,4.0,3.0,1.0,1.0,4.0,-3.0,3.0,-1.0,4.0,1.0,1.0,0.0,0.0,1.0,-1.0,56.2,18.8,31.2,37.5,12.0,5.0,18.0,11.0,1555.5,1522.9
2020-07-04,2019,Chelsea,Watford,3,0,H,O,1.43,4.61,7.96,9,3,5,3,17,3.0,0.0,0.0,3.0,8.0,0.0,8.0,2.0,5.0,-3.0,6.0,-5.0,11.0,1.0,0.0,1.0,0.0,1.0,-1.0,50.0,31.2,12.5,62.5,28.0,10.0,14.0,20.0,1615.3,1448.8
2020-07-02,2019,Sheffield United,Tottenham,3,1,H,O,4.1,3.41,1.98,5,2,1,6,16,2.0,1.0,0.0,1.0,4.0,5.0,-1.0,2.0,5.0,-3.0,2.0,0.0,2.0,0.0,0.0,0.0,0.0,0.0,0.0,46.7,33.3,20.0,40.0,13.0,15.0,30.0,17.0,1529.2,1592.8
2020-07-02,2019,Man City,Liverpool,4,0,H,O,2.07,3.85,3.32,6,3,3,3,16,3.0,1.0,0.0,1.0,10.0,1.0,9.0,0.0,3.0,-3.0,10.0,-2.0,12.0,3.0,0.0,3.0,0.0,1.0,-1.0,73.3,13.3,80.0,6.7,26.0,10.0,14.0,18.0,1747.4,1831.9
2020-07-01,2019,West Ham,Chelsea,3,2,H,O,5.48,4.27,1.59,4,6,2,3,16,1.0,1.0,1.0,0.0,6.0,6.0,0.0,6.0,5.0,1.0,0.0,1.0,-1.0,1.0,0.0,1.0,1.0,0.0,1.0,26.7,53.3,53.3,26.7,15.0,14.0,13.0,30.0,1455.7,1629.9
2020-07-01,2019,Everton,Leicester,2,1,H,O,2.54,3.28,2.9,2,3,3,5,16,1.0,0.0,0.0,1.0,4.0,1.0,3.0,2.0,2.0,0.0,2.0,-1.0,3.0,1.0,0.0,1.0,0.0,0.0,0.0,46.7,20.0,46.7,33.3,16.0,9.0,18.0,14.0,1547.8,1566.0
2020-07-01,2019,Bournemouth,Newcastle,1,4,A,O,2.4,3.16,3.21,1,7,6,3,16,1.0,1.0,1.0,2.0,4.0,1.0,3.0,5.0,5.0,0.0,-1.0,-4.0,3.0,0.0,0.0,0.0,1.0,1.0,0.0,26.7,40.0,26.7,60.0,12.0,11.0,16.0,19.0,1420.9,1508.0
2020-07-01,2019,Arsenal,Norwich,4,0,H,O,1.44,4.69,7.23,8,2,6,2,16,3.0,0.0,0.0,2.0,8.0,0.0,8.0,2.0,4.0,-2.0,6.0,-4.0,10.0,1.0,0.0,1.0,0.0,1.0,-1.0,46.7,20.0,6.7,73.3,13.0,13.0,17.0,18.0,1581.3,1379.8
2020-06-30,2019,Brighton,Man United,0,3,A,O,6.31,3.85,1.61,2,6,4,5,16,1.0,1.0,1.0,0.0,3.0,4.0,-1.0,3.0,2.0,1.0,0.0,2.0,-2.0,0.0,1.0,-1.0,0.0,0.0,0.0,33.3,26.7,26.7,40.0,15.0,14.0,21.0,22.0,1459.0,1626.5
2020-06-29,2019,Crystal Palace,Burnley,0,1,A,U,2.29,3.16,3.41,4,4,9,1,16,2.0,1.0,1.0,1.0,2.0,2.0,0.0,1.0,6.0,-5.0,1.0,-4.0,5.0,0.0,0.0,0.0,0.0,1.0,-1.0,40.0,33.3,26.7,46.7,15.0,7.0,24.0,11.0,1533.4,1514.6
2020-06-28,2019,Watford,Southampton,1,3,A,O,2.49,3.32,2.92,0,7,5,3,16,1.0,1.0,1.0,2.0,6.0,4.0,2.0,4.0,7.0,-3.0,2.0,-3.0,5.0,1.0,1.0,0.0,0.0,2.0,-2.0,26.7,33.3,46.7,40.0,11.0,15.0,9.0,27.0,1458.3,1475.3
2020-06-27,2019,Aston Villa,Wolves,0,1,A,U,4.79,3.68,1.78,1,2,2,2,16,0.0,2.0,2.0,0.0,3.0,5.0,-2.0,5.0,2.0,3.0,-2.0,3.0,-5.0,0.0,1.0,-1.0,0.0,0.0,0.0,33.3,46.7,40.0,20.0,14.0,13.0,26.0,18.0,1373.5,1591.4
2020-06-25,2019,Southampton,Arsenal,0,2,A,U,2.64,3.47,2.65,3,5,4,6,16,1.0,0.0,2.0,2.0,3.0,1.0,2.0,3.0,5.0,-2.0,0.0,-4.0,4.0,1.0,0.0,1.0,0.0,1.0,-1.0,26.7,60.0,13.3,33.3,14.0,8.0,18.0,16.0,1482.8,1573.8
2020-06-25,2019,Chelsea,Man City,2,1,H,O,4.14,4.07,1.8,10,2,5,7,16,2.0,1.0,1.0,2.0,6.0,1.0,5.0,3.0,4.0,-1.0,3.0,-3.0,6.0,1.0,0.0,1.0,1.0,2.0,-1.0,46.7,33.3,60.0,33.3,19.0,14.0,18.0,24.0,1616.0,1761.4
2020-06-25,2019,Burnley,Watford,1,0,H,U,3.02,3.22,2.48,5,4,1,7,16,1.0,0.0,0.0,2.0,4.0,1.0,3.0,1.0,5.0,-4.0,3.0,-4.0,7.0,1.0,0.0,1.0,0.0,1.0,-1.0,46.7,40.0,13.3,60.0,20.0,8.0,15.0,15.0,1505.7,1467.2
2020-06-24,2019,Wolves,Bournemouth,1,0,H,U,1.58,4.03,6.11,2,0,6,4,16,1.0,0.0,0.0,3.0,3.0,2.0,1.0,0.0,7.0,-7.0,3.0,-5.0,8.0,1.0,0.0,1.0,0.0,1.0,-1.0,33.3,20.0,20.0,73.3,10.0,10.0,13.0,11.0,1585.7,1426.6
2020-06-24,2019,Norwich,Everton,0,1,A,U,3.94,3.66,1.94,1,5,6,5,16,1.0,1.0,2.0,2.0,1.0,5.0,-4.0,4.0,9.0,-5.0,-3.0,-4.0,1.0,0.0,0.0,0.0,1.0,1.0,0.0,26.7,53.3,20.0,60.0,8.0,11.0,17.0,8.0,1385.5,1542.0
2020-06-24,2019,Newcastle,Aston Villa,1,1,D,U,2.33,3.33,3.17,3,2,6,9,16,1.0,0.0,0.0,3.0,3.0,1.0,2.0,0.0,8.0,-8.0,3.0,-7.0,10.0,1.0,0.0,1.0,0.0,2.0,-2.0,40.0,20.0,13.3,73.3,17.0,7.0,21.0,14.0,1511.8,1369.6
2020-06-24,2019,Man United,Sheffield United,3,0,H,O,1.43,4.39,8.62,6,1,10,5,16,2.0,1.0,0.0,1.0,5.0,1.0,4.0,0.0,3.0,-3.0,5.0,-2.0,7.0,2.0,0.0,2.0,0.0,1.0,-1.0,53.3,13.3,26.7,20.0,20.0,5.0,9.0,13.0,1618.8,1536.9
2020-06-24,2019,Liverpool,Crystal Palace,4,0,H,O,1.24,6.13,13.09,7,0,6,0,16,3.0,2.0,0.0,1.0,9.0,4.0,5.0,3.0,3.0,0.0,6.0,1.0,5.0,1.0,1.0,0.0,0.0,1.0,-1.0,100.0,0.0,33.3,33.3,22.0,7.0,31.0,17.0,1828.7,1536.6
2020-06-23,2019,Tottenham,West Ham,2,0,H,U,1.67,4.01,5.21,4,2,9,4,16,1.0,0.0,1.0,3.0,5.0,2.0,3.0,4.0,6.0,-2.0,1.0,-4.0,5.0,1.0,0.0,1.0,0.0,1.0,-1.0,53.3,26.7,20.0,60.0,11.0,10.0,13.0,16.0,1586.2,1462.3
2020-06-23,2019,Leicester,Brighton,0,0,D,U,1.64,3.97,5.64,2,2,6,7,16,1.0,0.0,1.0,0.0,6.0,4.0,2.0,3.0,4.0,-1.0,3.0,0.0,3.0,1.0,0.0,1.0,0.0,0.0,0.0,60.0,20.0,13.3,53.3,14.0,9.0,16.0,8.0,1569.2,1455.8
2020-06-22,2019,Man City,Burnley,5,0,H,O,1.13,8.97,19.85,7,0,3,1,15,2.0,2.0,0.0,0.0,7.0,4.0,3.0,2.0,1.0,1.0,5.0,3.0,2.0,2.0,1.0,1.0,0.0,0.0,0.0,71.4,14.3,28.6,42.9,25.0,9.0,25.0,12.0,1757.5,1509.6
2020-06-21,2019,Newcastle,Sheffield United,3,0,H,O,3.31,3.1,2.38,8,1,2,4,15,1.0,1.0,0.0,0.0,1.0,2.0,-1.0,0.0,1.0,-1.0,1.0,1.0,0.0,0.0,0.0,0.0,0.0,0.0,0.0,35.7,21.4,28.6,14.3,11.0,8.0,20.0,14.0,1500.5,1548.2
2020-06-21,2019,Everton,Liverpool,0,0,D,U,5.66,4.23,1.59,3,3,1,6,15,1.0,2.0,0.0,1.0,6.0,3.0,3.0,4.0,3.0,1.0,2.0,0.0,2.0,1.0,1.0,0.0,0.0,1.0,-1.0,50.0,21.4,85.7,7.1,21.0,12.0,23.0,19.0,1535.0,1835.7
2020-06-21,2019,Aston Villa,Chelsea,1,2,A,O,6.0,4.5,1.53,4,5,2,10,15,1.0,0.0,1.0,1.0,4.0,4.0,0.0,4.0,5.0,-1.0,0.0,-1.0,1.0,0.0,0.0,0.0,0.0,0.0,0.0,35.7,42.9,50.0,28.6,15.0,13.0,30.0,30.0,1373.6,1611.9
2020-06-20,2019,West Ham,Wolves,0,2,A,U,3.57,3.36,2.15,2,6,5,7,15,1.0,2.0,1.0,0.0,6.0,6.0,0.0,6.0,4.0,2.0,0.0,2.0,-2.0,1.0,0.0,1.0,1.0,0.0,1.0,28.6,50.0,35.7,21.4,17.0,11.0,11.0,14.0,1469.2,1578.7
2020-06-20,2019,Watford,Leicester,1,1,D,U,3.59,3.52,2.09,4,2,2,7,15,1.0,0.0,1.0,2.0,5.0,1.0,4.0,3.0,3.0,0.0,2.0,-2.0,4.0,1.0,0.0,1.0,0.0,0.0,0.0,28.6,35.7,50.0,35.7,9.0,15.0,10.0,12.0,1464.2,1572.2
2020-06-20,2019,Brighton,Arsenal,2,1,H,O,3.04,3.37,2.39,5,6,10,7,15,0.0,0.0,1.0,1.0,2.0,2.0,0.0,3.0,5.0,-2.0,-1.0,-3.0,2.0,0.0,0.0,0.0,0.0,1.0,-1.0,28.6,28.6,14.3,28.6,12.0,4.0,14.0,14.0,1441.8,1587.8
2020-06-20,2019,Bournemouth,Crystal Palace,0,2,A,U,2.51,3.24,2.98,1,2,11,4,15,2.0,1.0,0.0,1.0,7.0,4.0,3.0,4.0,5.0,-1.0,3.0,-1.0,4.0,1.0,0.0,1.0,0.0,1.0,-1.0,28.6,35.7,28.6,35.7,14.0,8.0,10.0,15.0,1433.9,1529.2
2020-06-19,2019,Tottenham,Man United,1,1,D,U,3.03,3.4,2.43,3,6,7,6,15,2.0,1.0,1.0,1.0,6.0,3.0,3.0,4.0,3.0,1.0,2.0,0.0,2.0,1.0,1.0,0.0,0.0,1.0,-1.0,57.1,28.6,28.6,42.9,11.0,12.0,13.0,21.0,1585.2,1619.8
2020-06-19,2019,Norwich,Southampton,0,3,A,O,2.84,3.4,2.53,1,9,9,7,15,2.0,1.0,1.0,2.0,2.0,3.0,-1.0,1.0,7.0,-6.0,1.0,-4.0,5.0,0.0,1.0,-1.0,0.0,2.0,-2.0,28.6,50.0,42.9,42.9,12.0,12.0,12.0,28.0,1393.2,1475.1
2020-06-17,2019,Man City,Arsenal,3,0,H,O,1.35,5.5,8.11,12,0,5,2,14,2.0,0.0,0.0,0.0,6.0,3.0,3.0,3.0,3.0,0.0,3.0,0.0,3.0,1.0,0.0,1.0,0.0,0.0,0.0,69.2,15.4,15.4,23.1,20.0,8.0,23.0,16.0,1751.8,1593.5
2020-06-17,2019,Aston Villa,Sheffield United,0,0,D,U,3.3,3.33,2.27,6,1,12,4,14,1.0,1.0,2.0,1.0,5.0,2.0,3.0,10.0,3.0,7.0,-5.0,-1.0,-4.0,0.0,0.0,0.0,1.0,1.0,0.0,38.5,46.2,30.8,15.4,10.0,9.0,20.0,14.0,1368.8,1553.1
2020-03-09,2019,Leicester,Aston Villa,4,0,H,O,1.38,5.12,8.05,7,1,9,0,15,1.0,0.0,1.0,2.0,6.0,2.0,4.0,4.0,5.0,-1.0,2.0,-3.0,5.0,1.0,0.0,1.0,0.0,1.0,-1.0,57.1,21.4,14.3,71.4,15.0,9.0,14.0,18.0,1567.2,1373.7
2020-03-08,2019,Man United,Man City,2,0,H,U,5.04,4.28,1.64,6,2,2,11,15,1.0,2.0,1.0,1.0,3.0,2.0,1.0,2.0,2.0,0.0,1.0,0.0,1.0,1.0,0.0,1.0,1.0,1.0,0.0,50.0,14.3,64.3,28.6,21.0,17.0,12.0,26.0,1605.5,1766.1
2020-03-08,2019,Chelsea,Everton,4,0,H,O,1.87,3.74,4.2,11,1,6,1,15,1.0,1.0,1.0,1.0,4.0,6.0,-2.0,5.0,6.0,-1.0,-1.0,0.0,-1.0,0.0,0.0,0.0,1.0,0.0,1.0,42.9,35.7,21.4,57.1,16.0,13.0,29.0,13.0,1603.7,1543.3
2020-03-07,2019,Wolves,Brighton,0,0,D,U,1.65,3.95,5.48,1,1,2,0,15,1.0,0.0,1.0,1.0,4.0,5.0,-1.0,2.0,7.0,-5.0,2.0,-2.0,4.0,1.0,0.0,1.0,0.0,1.0,-1.0,35.7,21.4,14.3,57.1,12.0,16.0,13.0,16.0,1582.7,1437.9
2020-03-07,2019,Southampton,Newcastle,0,1,A,U,1.67,3.95,5.27,3,7,5,8,15,1.0,0.0,2.0,2.0,5.0,2.0,3.0,5.0,7.0,-2.0,0.0,-5.0,5.0,1.0,0.0,1.0,0.0,1.0,-1.0,28.6,57.1,21.4,64.3,16.0,6.0,14.0,15.0,1484.9,1490.6
2020-03-07,2019,Sheffield United,Norwich,1,0,H,U,1.66,3.78,5.71,4,5,10,5,15,1.0,0.0,1.0,2.0,3.0,1.0,2.0,3.0,5.0,-2.0,0.0,-4.0,4.0,0.0,0.0,0.0,0.0,1.0,-1.0,42.9,35.7,7.1,71.4,10.0,10.0,25.0,16.0,1547.1,1399.2
2020-03-07,2019,Liverpool,Bournemouth,2,1,H,O,1.25,6.24,11.93,6,4,9,4,15,3.0,0.0,0.0,3.0,9.0,1.0,8.0,2.0,6.0,-4.0,7.0,-5.0,12.0,2.0,0.0,2.0,0.0,1.0,-1.0,100.0,0.0,21.4,71.4,21.0,9.0,33.0,12.0,1833.9,1435.7
2020-03-07,2019,Crystal Palace,Watford,1,0,H,U,2.57,3.19,2.95,3,4,8,8,15,1.0,0.0,2.0,2.0,1.0,2.0,-1.0,3.0,6.0,-3.0,-2.0,-4.0,2.0,0.0,0.0,0.0,1.0,1.0,0.0,35.7,35.7,14.3,57.1,12.0,6.0,16.0,10.0,1520.6,1472.8
2020-03-07,2019,Burnley,Tottenham,1,1,D,U,2.72,3.3,2.69,8,2,3,5,15,2.0,1.0,0.0,1.0,5.0,4.0,1.0,1.0,4.0,-3.0,4.0,0.0,4.0,1.0,0.0,1.0,0.0,0.0,0.0,50.0,42.9,21.4,42.9,17.0,18.0,16.0,15.0,1507.3,1587.5
2020-03-07,2019,Arsenal,West Ham,1,0,H,U,1.56,4.37,5.78,2,6,6,7,15,2.0,0.0,0.0,3.0,8.0,3.0,5.0,3.0,9.0,-6.0,5.0,-6.0,11.0,1.0,0.0,1.0,0.0,2.0,-2.0,42.9,21.4,21.4,57.1,15.0,6.0,15.0,17.0,1586.6,1476.2
2020-03-01,2019,Tottenham,Wolves,2,3,A,O,2.44,3.17,3.13,5,4,4,5,14,2.0,1.0,1.0,1.0,4.0,4.0,0.0,2.0,4.0,-2.0,2.0,0.0,2.0,1.0,0.0,1.0,0.0,0.0,0.0,61.5,23.1,30.8,23.1,10.0,11.0,13.0,16.0,1598.3,1571.9
2020-03-01,2019,Everton,Man United,1,1,D,U,2.54,3.33,2.85,5,5,13,8,14,2.0,1.0,0.0,2.0,6.0,2.0,4.0,3.0,4.0,-1.0,3.0,-2.0,5.0,1.0,1.0,0.0,0.0,2.0,-2.0,53.8,23.1,30.8,46.2,22.0,11.0,14.0,17.0,1541.5,1607.4
2020-02-29,2019,West Ham,Southampton,3,1,H,O,2.71,3.54,2.55,7,2,4,9,14,0.0,2.0,1.0,1.0,4.0,4.0,0.0,6.0,5.0,1.0,-2.0,-1.0,-1.0,0.0,1.0,-1.0,1.0,1.0,0.0,23.1,53.8,46.2,38.5,16.0,20.0,14.0,23.0,1465.3,1495.8
2020-02-29,2019,Watford,Liverpool,3,0,H,O,7.52,4.84,1.42,5,1,3,5,14,1.0,3.0,1.0,0.0,4.0,5.0,-1.0,4.0,1.0,3.0,0.0,4.0,-4.0,0.0,1.0,-1.0,0.0,0.0,0.0,23.1,38.5,92.3,0.0,7.0,17.0,11.0,18.0,1454.6,1852.0
2020-02-29,2019,Newcastle,Burnley,0,0,D,U,2.64,3.11,2.9,4,1,11,7,14,1.0,2.0,1.0,1.0,1.0,4.0,-3.0,3.0,4.0,-1.0,-2.0,0.0,-2.0,0.0,1.0,-1.0,1.0,1.0,0.0,38.5,23.1,30.8,46.2,9.0,10.0,13.0,8.0,1490.1,1507.8
2020-02-29,2019,Brighton,Crystal Palace,0,1,A,U,2.08,3.24,3.93,8,3,8,7,14,0.0,0.0,0.0,1.0,3.0,4.0,-1.0,3.0,6.0,-3.0,0.0,-2.0,2.0,0.0,0.0,0.0,0.0,1.0,-1.0,30.8,23.1,23.1,38.5,9.0,8.0,11.0,13.0,1446.0,1512.5
2020-02-29,2019,Bournemouth,Chelsea,2,2,D,O,4.68,3.84,1.76,5,6,4,14,14,2.0,0.0,1.0,1.0,5.0,3.0,2.0,5.0,4.0,1.0,0.0,-1.0,1.0,1.0,0.0,1.0,1.0,0.0,1.0,30.8,38.5,53.8,30.8,10.0,12.0,11.0,19.0,1431.0,1608.4
2020-02-28,2019,Norwich,Leicester,1,0,H,U,4.66,4.02,1.74,6,4,6,7,14,1.0,1.0,1.0,1.0,2.0,4.0,-2.0,2.0,2.0,0.0,0.0,2.0,-2.0,0.0,1.0,-1.0,0.0,0.0,0.0,23.1,53.8,53.8,30.8,10.0,21.0,8.0,10.0,1384.0,1582.4
2020-02-24,2019,Liverpool,West Ham,3,2,H,O,1.17,7.81,16.2,7,4,16,8,14,3.0,0.0,0.0,3.0,8.0,1.0,7.0,0.0,7.0,-7.0,8.0,-6.0,14.0,3.0,0.0,3.0,0.0,2.0,-2.0,100.0,0.0,23.1,53.8,21.0,4.0,25.0,12.0,1850.1,1467.3
2020-02-23,2019,Wolves,Norwich,3,0,H,O,1.52,4.27,6.55,6,4,4,1,14,0.0,0.0,1.0,2.0,2.0,1.0,1.0,3.0,6.0,-3.0,-1.0,-5.0,4.0,0.0,0.0,0.0,0.0,1.0,-1.0,30.8,23.1,7.7,69.2,10.0,9.0,14.0,17.0,1566.6,1389.3
2020-02-23,2019,Man United,Watford,3,0,H,O,1.6,3.97,5.98,9,2,3,5,14,1.0,1.0,1.0,1.0,4.0,5.0,-1.0,2.0,3.0,-1.0,2.0,2.0,0.0,1.0,1.0,0.0,1.0,0.0,1.0,46.2,15.4,15.4,53.8,18.0,10.0,13.0,10.0,1601.2,1460.8
2020-02-23,2019,Arsenal,Everton,3,2,H,O,2.04,3.6,3.63,4,5,6,3,14,2.0,1.0,0.0,1.0,7.0,5.0,2.0,1.0,5.0,-4.0,6.0,0.0,6.0,2.0,0.0,2.0,0.0,0.0,0.0,38.5,23.1,23.1,53.8,15.0,10.0,10.0,16.0,1577.4,1550.7
2020-02-22,2019,Southampton,Aston Villa,2,0,H,U,1.64,4.23,5.1,9,1,9,6,14,1.0,1.0,2.0,1.0,4.0,4.0,0.0,5.0,4.0,1.0,-1.0,0.0,-1.0,0.0,0.0,0.0,0.0,0.0,0.0,23.1,61.5,15.4,69.2,10.0,14.0,11.0,16.0,1488.8,1380.7
2020-02-22,2019,Sheffield United,Brighton,1,1,D,U,1.96,3.34,4.31,3,2,12,2,14,2.0,0.0,1.0,2.0,3.0,4.0,-1.0,2.0,7.0,-5.0,1.0,-3.0,4.0,0.0,0.0,0.0,0.0,1.0,-1.0,46.2,38.5,15.4,61.5,10.0,16.0,20.0,17.0,1550.1,1443.0
2020-02-22,2019,Leicester,Man City,0,1,A,U,4.49,4.15,1.73,3,7,3,7,14,1.0,2.0,1.0,1.0,7.0,7.0,0.0,5.0,3.0,2.0,2.0,4.0,-2.0,1.0,1.0,0.0,0.0,1.0,-1.0,61.5,15.4,61.5,30.8,17.0,22.0,13.0,23.0,1587.8,1760.7
2020-02-22,2019,Crystal Palace,Newcastle,1,0,H,U,1.96,3.3,4.35,9,2,7,5,14,0.0,0.0,2.0,1.0,1.0,3.0,-2.0,4.0,7.0,-3.0,-3.0,-4.0,1.0,0.0,0.0,0.0,1.0,1.0,0.0,30.8,38.5,23.1,61.5,6.0,5.0,10.0,12.0,1502.6,1500.1
2020-02-22,2019,Chelsea,Tottenham,2,1,H,O,1.73,3.94,4.72,7,3,3,5,14,1.0,1.0,1.0,1.0,5.0,3.0,2.0,4.0,3.0,1.0,1.0,0.0,1.0,1.0,0.0,1.0,1.0,0.0,1.0,38.5,38.5,23.1,38.5,17.0,20.0,36.0,19.0,1598.1,1608.6
2020-02-22,2019,Burnley,Bournemouth,3,0,H,O,2.15,3.28,3.65,10,4,7,3,14,1.0,0.0,1.0,3.0,3.0,1.0,2.0,3.0,7.0,-4.0,0.0,-6.0,6.0,0.0,0.0,0.0,0.0,1.0,-1.0,46.2,46.2,23.1,69.2,8.0,7.0,17.0,11.0,1499.5,1439.3
2020-02-19,2019,Man City,West Ham,2,0,H,U,1.13,9.37,18.28,7,0,6,1,13,2.0,0.0,0.0,3.0,6.0,2.0,4.0,3.0,7.0,-4.0,3.0,-5.0,8.0,1.0,0.0,1.0,0.0,1.0,-1.0,66.7,16.7,25.0,50.0,17.0,6.0,25.0,17.0,1757.5,1470.5
2020-02-17,2019,Chelsea,Man United,0,2,A,U,1.86,3.6,4.35,1,3,9,8,13,1.0,1.0,1.0,2.0,5.0,2.0,3.0,4.0,4.0,0.0,1.0,-2.0,3.0,1.0,1.0,0.0,1.0,2.0,-1.0,41.7,33.3,25.0,50.0,19.0,13.0,35.0,13.0,1608.6,1590.7
2020-02-16,2019,Aston Villa,Tottenham,2,3,A,O,4.01,3.78,1.89,4,10,12,7,13,2.0,0.0,1.0,1.0,4.0,2.0,2.0,7.0,3.0,4.0,-3.0,-1.0,-2.0,0.0,0.0,0.0,1.0,0.0,1.0,41.7,41.7,16.7,41.7,8.0,17.0,13.0,18.0,1385.1,1604.1
2020-02-16,2019,Arsenal,Newcastle,4,0,H,O,1.43,4.6,7.72,7,2,5,6,13,1.0,0.0,1.0,1.0,4.0,4.0,0.0,3.0,7.0,-4.0,1.0,-3.0,4.0,1.0,0.0,1.0,0.0,1.0,-1.0,33.3,25.0,25.0,58.3,10.0,5.0,7.0,6.0,1569.1,1508.3
2020-02-15,2019,Southampton,Burnley,1,2,A,O,1.79,3.69,4.7,2,6,4,3,13,1.0,1.0,1.0,2.0,4.0,2.0,2.0,4.0,4.0,0.0,0.0,-2.0,2.0,0.0,1.0,-1.0,0.0,1.0,-1.0,25.0,58.3,25.0,50.0,13.0,4.0,19.0,7.0,1499.1,1489.3
2020-02-15,2019,Norwich,Liverpool,0,1,A,U,10.02,6.0,1.29,1,6,2,7,13,1.0,3.0,0.0,0.0,4.0,5.0,-1.0,3.0,1.0,2.0,1.0,4.0,-3.0,0.0,1.0,-1.0,0.0,0.0,0.0,25.0,50.0,91.7,0.0,11.0,18.0,10.0,14.0,1390.7,1848.7
2020-02-14,2019,Wolves,Leicester,0,0,D,U,2.55,3.29,2.91,3,3,7,0,13,1.0,2.0,1.0,1.0,5.0,6.0,-1.0,5.0,3.0,2.0,0.0,3.0,-3.0,0.0,1.0,-1.0,0.0,0.0,0.0,33.3,25.0,58.3,33.3,15.0,26.0,10.0,15.0,1566.0,1588.4
2020-02-09,2019,Sheffield United,Bournemouth,2,1,H,O,1.72,3.54,5.58,6,2,8,4,13,1.0,0.0,1.0,3.0,2.0,0.0,2.0,2.0,7.0,-5.0,0.0,-7.0,7.0,0.0,0.0,0.0,0.0,2.0,-2.0,41.7,41.7,25.0,66.7,8.0,7.0,21.0,9.0,1542.8,1446.6
2020-02-08,2019,Everton,Crystal Palace,3,1,H,O,1.63,3.77,6.02,8,2,4,6,13,2.0,0.0,0.0,0.0,4.0,4.0,0.0,2.0,4.0,-2.0,2.0,0.0,2.0,0.0,0.0,0.0,0.0,0.0,0.0,50.0,25.0,25.0,33.3,19.0,8.0,20.0,11.0,1541.5,1511.7
2020-02-08,2019,Brighton,Watford,1,1,D,U,2.15,3.37,3.53,2,2,3,2,13,1.0,1.0,0.0,1.0,4.0,5.0,-1.0,2.0,3.0,-1.0,2.0,2.0,0.0,1.0,1.0,0.0,0.0,0.0,0.0,33.3,25.0,16.7,58.3,13.0,10.0,17.0,9.0,1442.5,1461.3
2020-02-02,2019,Tottenham,Man City,2,0,H,U,5.64,4.45,1.56,3,5,2,6,13,2.0,2.0,1.0,1.0,4.0,9.0,-5.0,3.0,4.0,-1.0,1.0,5.0,-4.0,0.0,1.0,-1.0,0.0,0.0,0.0,58.3,25.0,66.7,25.0,12.0,20.0,20.0,18.0,1589.3,1772.3
2020-02-02,2019,Burnley,Arsenal,0,0,D,U,3.75,3.53,2.02,2,2,5,7,13,1.0,0.0,2.0,0.0,3.0,4.0,-1.0,5.0,4.0,1.0,-2.0,0.0,-2.0,0.0,0.0,0.0,1.0,0.0,1.0,50.0,50.0,16.7,25.0,7.0,8.0,17.0,12.0,1486.9,1571.5
2020-02-01,2019,West Ham,Brighton,3,3,D,O,2.56,3.37,2.8,6,6,4,6,13,1.0,0.0,1.0,3.0,5.0,2.0,3.0,3.0,6.0,-3.0,2.0,-4.0,6.0,1.0,0.0,1.0,1.0,1.0,0.0,25.0,58.3,16.7,66.7,17.0,15.0,19.0,13.0,1471.3,1441.6
2020-02-01,2019,Watford,Everton,2,3,A,O,2.75,3.31,2.64,2,5,4,4,13,2.0,1.0,0.0,1.0,5.0,4.0,1.0,1.0,4.0,-3.0,4.0,0.0,4.0,1.0,0.0,1.0,0.0,0.0,0.0,25.0,33.3,16.7,58.3,11.0,14.0,13.0,20.0,1469.5,1533.4
2020-02-01,2019,Newcastle,Norwich,0,0,D,U,2.24,3.39,3.31,5,4,8,12,13,1.0,0.0,2.0,3.0,2.0,1.0,1.0,5.0,7.0,-2.0,-3.0,-6.0,3.0,0.0,0.0,0.0,1.0,1.0,0.0,41.7,25.0,8.3,75.0,9.0,11.0,10.0,13.0,1511.8,1387.2
2020-02-01,2019,Man United,Wolves,0,0,D,U,2.23,3.24,3.48,5,3,4,6,13,2.0,1.0,1.0,2.0,8.0,4.0,4.0,3.0,5.0,-2.0,5.0,-1.0,6.0,2.0,0.0,2.0,1.0,0.0,1.0,50.0,16.7,33.3,25.0,23.0,10.0,14.0,16.0,1591.5,1565.2
2020-02-01,2019,Liverpool,Southampton,4,0,H,O,1.28,5.86,10.73,9,4,6,11,13,3.0,3.0,0.0,0.0,5.0,6.0,-1.0,0.0,1.0,-1.0,5.0,5.0,0.0,2.0,2.0,0.0,0.0,0.0,0.0,100.0,0.0,50.0,33.3,15.0,19.0,24.0,13.0,1846.3,1501.5
2020-02-01,2019,Leicester,Chelsea,2,2,D,O,2.52,3.59,2.72,4,3,4,6,13,1.0,1.0,2.0,1.0,5.0,3.0,2.0,7.0,3.0,4.0,-2.0,0.0,-2.0,1.0,0.0,1.0,1.0,0.0,1.0,66.7,16.7,58.3,33.3,13.0,13.0,11.0,16.0,1587.8,1609.2
2020-02-01,2019,Crystal Palace,Sheffield United,0,1,A,U,3.11,3.06,2.52,3,3,9,5,13,1.0,0.0,1.0,2.0,3.0,1.0,2.0,4.0,5.0,-1.0,-1.0,-4.0,3.0,0.0,0.0,0.0,1.0,2.0,-1.0,33.3,33.3,25.0,16.7,7.0,6.0,8.0,14.0,1521.4,1533.1
2020-02-01,2019,Bournemouth,Aston Villa,2,1,H,O,2.13,3.57,3.39,6,5,1,8,13,1.0,1.0,1.0,1.0,4.0,3.0,1.0,5.0,5.0,0.0,-1.0,-2.0,1.0,1.0,0.0,1.0,1.0,1.0,0.0,25.0,41.7,16.7,66.7,8.0,11.0,18.0,11.0,1437.9,1393.9
2020-01-29,2019,West Ham,Liverpool,0,2,A,U,8.76,5.55,1.33,4,5,3,7,12,1.0,3.0,1.0,0.0,6.0,7.0,-1.0,3.0,1.0,2.0,3.0,6.0,-3.0,1.0,1.0,0.0,0.0,0.0,0.0,27.3,54.5,90.9,0.0,17.0,19.0,21.0,15.0,1473.5,1844.2
2020-01-23,2019,Wolves,Liverpool,1,2,A,O,5.63,3.92,1.64,3,6,2,4,12,1.0,3.0,1.0,0.0,5.0,8.0,-3.0,5.0,0.0,5.0,0.0,8.0,-8.0,0.0,2.0,-2.0,0.0,0.0,0.0,36.4,18.2,90.0,0.0,17.0,22.0,19.0,14.0,1568.7,1840.7
2020-01-22,2019,Tottenham,Norwich,2,1,H,O,1.42,4.89,7.5,3,2,7,3,12,1.0,0.0,2.0,2.0,2.0,1.0,1.0,4.0,6.0,-2.0,-2.0,-5.0,3.0,0.0,0.0,0.0,1.0,1.0,0.0,54.5,27.3,9.1,72.7,10.0,12.0,16.0,14.0,1584.3,1392.2
2020-01-22,2019,Man United,Burnley,0,2,A,U,1.41,4.65,8.43,7,2,5,2,12,2.0,1.0,0.0,2.0,9.0,1.0,8.0,2.0,4.0,-2.0,7.0,-3.0,10.0,2.0,0.0,2.0,0.0,1.0,-1.0,54.5,9.1,18.2,54.5,24.0,3.0,15.0,10.0,1605.1,1473.3
2020-01-22,2019,Leicester,West Ham,4,1,H,O,1.53,4.49,5.97,8,2,7,8,12,0.0,1.0,2.0,2.0,2.0,2.0,0.0,7.0,3.0,4.0,-5.0,-1.0,-4.0,0.0,0.0,0.0,1.0,0.0,1.0,63.6,18.2,27.3,45.5,10.0,8.0,16.0,17.0,1580.6,1480.7
2020-01-21,2019,Sheffield United,Man City,0,1,A,U,7.41,4.82,1.43,1,5,5,13,12,2.0,2.0,0.0,1.0,4.0,11.0,-7.0,1.0,4.0,-3.0,3.0,7.0,-4.0,1.0,2.0,-1.0,0.0,0.0,0.0,45.5,36.4,63.6,27.3,10.0,22.0,19.0,8.0,1537.3,1768.1
2020-01-21,2019,Everton,Newcastle,2,2,D,O,1.6,3.99,6.06,8,2,6,4,12,2.0,0.0,0.0,2.0,2.0,2.0,0.0,0.0,6.0,-6.0,2.0,-4.0,6.0,0.0,0.0,0.0,0.0,1.0,-1.0,54.5,27.3,27.3,63.6,11.0,3.0,19.0,5.0,1534.0,1511.1
2020-01-21,2019,Crystal Palace,Southampton,0,2,A,U,2.73,3.26,2.72,0,6,0,8,12,1.0,3.0,0.0,0.0,4.0,7.0,-3.0,3.0,2.0,1.0,1.0,5.0,-4.0,0.0,2.0,-2.0,0.0,0.0,0.0,36.4,27.3,45.5,36.4,11.0,21.0,11.0,10.0,1532.6,1490.3
2020-01-21,2019,Chelsea,Arsenal,2,2,D,O,1.74,3.95,4.71,8,2,17,5,12,1.0,0.0,2.0,0.0,3.0,2.0,1.0,3.0,2.0,1.0,0.0,0.0,0.0,1.0,0.0,1.0,1.0,0.0,1.0,45.5,36.4,18.2,27.3,16.0,8.0,27.0,11.0,1610.3,1570.3
2020-01-21,2019,Bournemouth,Brighton,3,1,H,O,2.94,3.35,2.47,3,8,5,8,12,0.0,0.0,2.0,2.0,1.0,2.0,-1.0,5.0,4.0,1.0,-4.0,-2.0,-2.0,0.0,0.0,0.0,1.0,0.0,1.0,18.2,45.5,18.2,63.6,5.0,17.0,17.0,12.0,1427.2,1452.3
2020-01-21,2019,Aston Villa,Watford,2,1,H,O,2.86,3.46,2.49,5,2,6,3,12,1.0,1.0,2.0,1.0,3.0,4.0,-1.0,9.0,3.0,6.0,-6.0,1.0,-7.0,0.0,1.0,-1.0,2.0,1.0,1.0,36.4,45.5,18.2,54.5,9.0,10.0,14.0,9.0,1381.0,1482.4
2020-01-19,2019,Liverpool,Man United,2,0,H,U,1.37,5.12,8.31,5,4,11,5,12,3.0,1.0,0.0,2.0,5.0,2.0,3.0,0.0,4.0,-4.0,5.0,-2.0,7.0,2.0,1.0,1.0,0.0,2.0,-2.0,100.0,0.0,27.3,45.5,16.0,17.0,19.0,13.0,1836.5,1609.3
2020-01-19,2019,Burnley,Leicester,2,1,H,O,4.19,3.71,1.87,5,8,4,5,12,1.0,2.0,2.0,1.0,2.0,6.0,-4.0,4.0,4.0,0.0,-2.0,2.0,-4.0,0.0,1.0,-1.0,1.0,1.0,0.0,45.5,54.5,63.6,27.3,6.0,20.0,17.0,11.0,1459.6,1594.3
2020-01-18,2019,West Ham,Everton,1,1,D,U,2.96,3.46,2.4,6,3,7,6,11,1.0,1.0,2.0,1.0,6.0,4.0,2.0,5.0,4.0,1.0,1.0,0.0,1.0,1.0,0.0,1.0,1.0,0.0,1.0,30.0,60.0,18.2,63.6,15.0,14.0,18.0,19.0,1479.0,1535.6
2020-01-18,2019,Watford,Tottenham,0,0,D,U,3.18,3.52,2.25,2,5,3,3,12,3.0,1.0,0.0,1.0,7.0,4.0,3.0,1.0,4.0,-3.0,6.0,0.0,6.0,2.0,0.0,2.0,0.0,0.0,0.0,27.3,36.4,18.2,45.5,12.0,17.0,13.0,17.0,1479.3,1587.3
2020-01-18,2019,Southampton,Wolves,2,3,A,O,2.39,3.37,3.05,5,4,1,3,12,1.0,1.0,1.0,2.0,2.0,3.0,-1.0,2.0,4.0,-2.0,0.0,-1.0,1.0,0.0,0.0,0.0,0.0,0.0,0.0,27.3,54.5,27.3,27.3,10.0,10.0,23.0,24.0,1498.6,1560.4
2020-01-18,2019,Norwich,Bournemouth,1,0,H,U,2.22,3.56,3.19,5,3,4,5,12,0.0,1.0,1.0,2.0,4.0,1.0,3.0,5.0,6.0,-1.0,-1.0,-5.0,4.0,0.0,0.0,0.0,0.0,2.0,-2.0,18.2,54.5,27.3,63.6,13.0,6.0,9.0,8.0,1380.6,1438.8
2020-01-18,2019,Newcastle,Chelsea,1,0,H,U,6.02,4.53,1.52,2,4,1,10,12,1.0,2.0,2.0,0.0,2.0,5.0,-3.0,5.0,2.0,3.0,-3.0,3.0,-6.0,0.0,1.0,-1.0,1.0,0.0,1.0,36.4,27.3,63.6,27.3,10.0,12.0,13.0,11.0,1497.6,1623.8
2020-01-18,2019,Man City,Crystal Palace,2,2,D,O,1.1,10.64,24.53,6,3,14,2,12,3.0,0.0,0.0,1.0,7.0,2.0,5.0,2.0,3.0,-1.0,5.0,-1.0,6.0,2.0,0.0,2.0,0.0,0.0,0.0,72.7,18.2,27.3,36.4,23.0,9.0,17.0,14.0,1774.3,1526.5
2020-01-18,2019,Brighton,Aston Villa,1,1,D,U,1.65,4.29,4.94,2,3,3,4,12,1.0,1.0,1.0,2.0,3.0,2.0,1.0,2.0,6.0,-4.0,1.0,-4.0,5.0,1.0,0.0,1.0,0.0,2.0,-2.0,36.4,27.3,18.2,72.7,13.0,8.0,18.0,9.0,1454.5,1378.9
2020-01-18,2019,Arsenal,Sheffield United,1,1,D,U,1.85,3.61,4.46,4,4,4,5,12,1.0,1.0,2.0,2.0,3.0,1.0,2.0,5.0,4.0,1.0,-2.0,-3.0,1.0,1.0,0.0,1.0,1.0,2.0,-1.0,36.4,27.3,27.3,18.2,7.0,4.0,6.0,12.0,1571.3,1536.3
2020-01-12,2019,Bournemouth,Watford,0,3,A,O,2.61,3.37,2.75,1,6,5,5,11,0.0,0.0,2.0,2.0,1.0,1.0,0.0,5.0,5.0,0.0,-4.0,-4.0,0.0,0.0,0.0,0.0,1.0,2.0,-1.0,20.0,40.0,10.0,60.0,4.0,5.0,13.0,6.0,1448.2,1470.0
2020-01-12,2019,Aston Villa,Man City,1,6,A,O,14.5,8.39,1.17,1,12,2,4,11,1.0,2.0,2.0,1.0,3.0,9.0,-6.0,7.0,4.0,3.0,-4.0,5.0,-9.0,0.0,2.0,-2.0,2.0,0.0,2.0,40.0,40.0,60.0,30.0,10.0,18.0,20.0,10.0,1380.8,1772.4
2020-01-11,2019,Wolves,Newcastle,1,1,D,U,1.46,4.35,7.91,4,1,5,2,11,2.0,1.0,1.0,2.0,6.0,3.0,3.0,4.0,5.0,-1.0,2.0,-2.0,4.0,1.0,1.0,0.0,0.0,1.0,-1.0,40.0,20.0,30.0,70.0,20.0,6.0,19.0,4.0,1562.3,1495.7
2020-01-11,2019,Tottenham,Liverpool,0,1,A,U,4.59,4.22,1.7,4,7,4,3,11,2.0,3.0,1.0,0.0,7.0,9.0,-2.0,3.0,1.0,2.0,4.0,8.0,-4.0,1.0,2.0,-1.0,1.0,0.0,1.0,60.0,20.0,88.9,0.0,13.0,19.0,13.0,19.0,1591.3,1832.5
2020-01-11,2019,Man United,Norwich,4,0,H,O,1.36,5.16,8.82,6,3,4,2,11,2.0,0.0,0.0,2.0,7.0,2.0,5.0,3.0,4.0,-1.0,4.0,-2.0,6.0,1.0,0.0,1.0,0.0,0.0,0.0,50.0,10.0,10.0,70.0,25.0,12.0,15.0,13.0,1604.9,1384.9
2020-01-11,2019,Leicester,Southampton,1,2,A,O,1.64,4.02,5.46,5,10,2,4,11,1.0,2.0,1.0,1.0,3.0,6.0,-3.0,5.0,3.0,2.0,-2.0,3.0,-5.0,1.0,2.0,-1.0,1.0,0.0,1.0,70.0,10.0,40.0,40.0,11.0,15.0,21.0,18.0,1607.7,1485.2
2020-01-11,2019,Everton,Brighton,1,0,H,U,1.9,3.63,4.16,6,2,4,3,11,2.0,1.0,0.0,1.0,4.0,4.0,0.0,1.0,4.0,-3.0,3.0,0.0,3.0,1.0,0.0,1.0,0.0,0.0,0.0,50.0,30.0,20.0,60.0,12.0,24.0,16.0,18.0,1527.5,1462.6
2020-01-11,2019,Crystal Palace,Arsenal,1,1,D,U,4.19,3.87,1.83,3,4,1,4,11,2.0,1.0,0.0,0.0,4.0,4.0,0.0,2.0,2.0,0.0,2.0,2.0,0.0,0.0,1.0,-1.0,0.0,0.0,0.0,40.0,30.0,20.0,30.0,10.0,7.0,16.0,10.0,1525.1,1572.7
2020-01-11,2019,Chelsea,Burnley,3,0,H,O,1.29,5.61,11.06,8,2,10,3,11,1.0,1.0,2.0,2.0,2.0,1.0,1.0,4.0,6.0,-2.0,-2.0,-5.0,3.0,0.0,0.0,0.0,1.0,1.0,0.0,40.0,40.0,20.0,50.0,17.0,2.0,26.0,8.0,1617.9,1465.4
2020-01-10,2019,Sheffield United,West Ham,1,0,H,U,2.02,3.43,3.94,3,2,7,3,11,1.0,1.0,1.0,2.0,3.0,2.0,1.0,3.0,4.0,-1.0,0.0,-2.0,2.0,1.0,0.0,1.0,1.0,1.0,0.0,40.0,40.0,30.0,40.0,13.0,9.0,20.0,18.0,1527.4,1487.9
2020-01-02,2019,Liverpool,Sheffield United,2,0,H,U,1.23,6.32,13.64,7,2,8,4,11,3.0,2.0,0.0,1.0,8.0,3.0,5.0,2.0,3.0,-1.0,6.0,0.0,6.0,2.0,0.0,2.0,0.0,1.0,-1.0,100.0,0.0,30.0,10.0,14.0,5.0,16.0,9.0,1829.4,1530.5
2020-01-01,2019,West Ham,Bournemouth,4,0,H,O,1.95,3.84,3.68,7,2,9,2,10,0.0,1.0,3.0,2.0,4.0,1.0,3.0,8.0,3.0,5.0,-4.0,-2.0,-2.0,0.0,0.0,0.0,1.0,1.0,0.0,22.2,66.7,30.0,60.0,12.0,7.0,12.0,15.0,1478.5,1457.6
2020-01-01,2019,Watford,Wolves,2,1,H,O,3.16,3.37,2.32,3,4,4,7,11,2.0,1.0,0.0,1.0,5.0,4.0,1.0,0.0,4.0,-4.0,5.0,0.0,5.0,2.0,0.0,2.0,0.0,0.0,0.0,20.0,40.0,30.0,20.0,12.0,11.0,15.0,21.0,1456.7,1575.6
2020-01-01,2019,Southampton,Tottenham,1,0,H,U,3.34,3.54,2.16,3,5,6,9,11,1.0,1.0,1.0,1.0,3.0,5.0,-2.0,3.0,5.0,-2.0,0.0,0.0,0.0,0.0,0.0,0.0,0.0,0.0,0.0,20.0,60.0,20.0,40.0,12.0,17.0,23.0,11.0,1471.5,1605.0
2020-01-01,2019,Norwich,Crystal Palace,1,1,D,U,2.53,3.46,2.77,4,3,2,5,11,0.0,0.0,2.0,1.0,4.0,1.0,3.0,6.0,2.0,4.0,-2.0,-1.0,-1.0,0.0,0.0,0.0,0.0,0.0,0.0,20.0,60.0,30.0,40.0,13.0,6.0,16.0,11.0,1380.9,1529.1
2020-01-01,2019,Newcastle,Leicester,0,3,A,O,5.26,3.9,1.67,2,10,4,5,11,2.0,2.0,1.0,1.0,4.0,7.0,-3.0,3.0,5.0,-2.0,1.0,2.0,-1.0,0.0,1.0,-1.0,0.0,1.0,-1.0,40.0,20.0,60.0,30.0,14.0,18.0,12.0,11.0,1503.0,1600.5
2020-01-01,2019,Man City,Everton,2,1,H,O,1.27,6.19,10.49,7,2,3,6,11,2.0,1.0,1.0,1.0,6.0,5.0,1.0,3.0,7.0,-4.0,3.0,-2.0,5.0,2.0,0.0,2.0,0.0,1.0,-1.0,70.0,20.0,20.0,60.0,21.0,16.0,30.0,19.0,1768.3,1531.6
2020-01-01,2019,Burnley,Aston Villa,1,2,A,O,1.81,3.81,4.37,1,6,8,4,11,1.0,0.0,2.0,3.0,2.0,1.0,1.0,6.0,7.0,-1.0,-4.0,-6.0,2.0,0.0,0.0,0.0,2.0,2.0,0.0,50.0,50.0,10.0,80.0,7.0,5.0,12.0,10.0,1478.5,1367.7
2020-01-01,2019,Brighton,Chelsea,1,1,D,U,3.7,3.64,2.01,5,5,5,3,11,1.0,2.0,1.0,1.0,4.0,5.0,-1.0,3.0,4.0,-1.0,1.0,1.0,0.0,1.0,1.0,0.0,0.0,1.0,-1.0,40.0,30.0,70.0,30.0,12.0,11.0,16.0,13.0,1458.2,1622.3
2020-01-01,2019,Arsenal,Man United,2,0,H,U,2.58,3.64,2.61,4,4,1,4,11,0.0,2.0,3.0,1.0,2.0,4.0,-2.0,7.0,3.0,4.0,-5.0,1.0,-6.0,0.0,1.0,-1.0,1.0,1.0,0.0,30.0,30.0,30.0,40.0,8.0,20.0,14.0,12.0,1561.1,1616.5
2019-12-29,2019,Man City,Sheffield United,2,0,H,U,1.18,7.62,14.91,4,0,8,5,10,2.0,2.0,1.0,0.0,6.0,4.0,2.0,4.0,2.0,2.0,2.0,2.0,0.0,1.0,0.0,1.0,0.0,0.0,0.0,66.7,22.2,33.3,0.0,21.0,9.0,30.0,6.0,1764.1,1534.7
2019-12-29,2019,Liverpool,Wolves,1,0,H,U,1.28,5.84,10.92,3,2,5,6,10,3.0,2.0,0.0,0.0,9.0,6.0,3.0,3.0,4.0,-1.0,6.0,2.0,4.0,2.0,0.0,2.0,0.0,0.0,0.0,100.0,0.0,33.3,11.1,18.0,16.0,15.0,24.0,1825.5,1579.5
2019-12-29,2019,Arsenal,Chelsea,1,2,A,O,2.86,3.73,2.35,2,4,2,3,10,0.0,1.0,2.0,2.0,3.0,4.0,-1.0,7.0,5.0,2.0,-4.0,-1.0,-3.0,0.0,1.0,-1.0,1.0,1.0,0.0,33.3,22.2,66.7,33.3,11.0,9.0,18.0,12.0,1569.9,1613.6
2019-12-28,2019,West Ham,Leicester,1,2,A,O,4.03,3.87,1.86,4,8,5,5,9,0.0,2.0,3.0,1.0,5.0,7.0,-2.0,9.0,4.0,5.0,-4.0,3.0,-7.0,0.0,2.0,-2.0,1.0,1.0,0.0,25.0,62.5,55.6,33.3,14.0,19.0,14.0,13.0,1485.5,1593.5
2019-12-28,2019,Watford,Aston Villa,3,0,H,O,1.99,3.77,3.65,6,2,6,3,10,1.0,0.0,1.0,2.0,2.0,3.0,-1.0,3.0,6.0,-3.0,-1.0,-3.0,2.0,1.0,0.0,1.0,1.0,1.0,0.0,11.1,44.4,11.1,77.8,10.0,6.0,16.0,16.0,1448.7,1375.6
2019-12-28,2019,Southampton,Crystal Palace,1,1,D,U,1.98,3.57,3.91,5,2,12,4,10,2.0,1.0,1.0,1.0,4.0,2.0,2.0,3.0,1.0,2.0,1.0,1.0,0.0,0.0,1.0,-1.0,0.0,0.0,0.0,22.2,66.7,33.3,44.4,13.0,6.0,17.0,13.0,1469.8,1530.9
2019-12-28,2019,Norwich,Tottenham,2,2,D,O,4.93,4.07,1.69,2,7,4,6,10,0.0,2.0,2.0,1.0,4.0,6.0,-2.0,6.0,5.0,1.0,-2.0,1.0,-3.0,0.0,0.0,0.0,0.0,0.0,0.0,22.2,66.7,22.2,44.4,19.0,16.0,19.0,12.0,1375.0,1610.9
2019-12-28,2019,Newcastle,Everton,1,2,A,O,3.55,3.4,2.14,5,9,5,8,10,2.0,0.0,0.0,2.0,5.0,4.0,1.0,3.0,8.0,-5.0,2.0,-4.0,6.0,0.0,0.0,0.0,0.0,1.0,-1.0,44.4,11.1,11.1,66.7,12.0,10.0,8.0,15.0,1512.7,1521.8
2019-12-28,2019,Burnley,Man United,0,2,A,U,4.31,3.7,1.85,1,5,5,4,10,1.0,1.0,2.0,1.0,2.0,5.0,-3.0,6.0,6.0,0.0,-4.0,-1.0,-3.0,0.0,0.0,0.0,2.0,1.0,1.0,55.6,44.4,22.2,44.4,10.0,20.0,12.0,11.0,1485.1,1610.0
2019-12-28,2019,Brighton,Bournemouth,2,0,H,U,1.79,3.85,4.43,6,2,9,2,10,0.0,1.0,2.0,2.0,2.0,3.0,-1.0,5.0,4.0,1.0,-3.0,-1.0,-2.0,0.0,0.0,0.0,1.0,0.0,1.0,33.3,33.3,33.3,55.6,6.0,11.0,13.0,21.0,1447.7,1468.2
2019-12-27,2019,Wolves,Man City,3,2,H,O,7.73,4.95,1.4,8,3,3,1,10,1.0,2.0,1.0,0.0,4.0,9.0,-5.0,3.0,3.0,0.0,1.0,6.0,-5.0,1.0,2.0,-1.0,0.0,0.0,0.0,33.3,22.2,66.7,22.2,15.0,24.0,23.0,19.0,1564.0,1779.6
2019-12-26,2019,Tottenham,Brighton,2,1,H,O,1.55,4.41,5.73,5,5,9,2,10,2.0,1.0,1.0,1.0,8.0,4.0,4.0,4.0,4.0,0.0,4.0,0.0,4.0,1.0,0.0,1.0,1.0,0.0,1.0,55.6,22.2,22.2,55.6,13.0,24.0,8.0,21.0,1605.0,1453.6
2019-12-26,2019,Sheffield United,Watford,1,1,D,U,1.86,3.54,4.46,4,2,9,1,10,1.0,0.0,1.0,3.0,5.0,1.0,4.0,5.0,6.0,-1.0,0.0,-5.0,5.0,1.0,0.0,1.0,1.0,2.0,-1.0,44.4,44.4,11.1,66.7,17.0,6.0,17.0,12.0,1537.3,1446.2
2019-12-26,2019,Man United,Newcastle,4,1,H,O,1.35,5.19,9.18,10,2,5,0,10,1.0,1.0,0.0,2.0,5.0,2.0,3.0,4.0,3.0,1.0,1.0,-1.0,2.0,0.0,1.0,-1.0,0.0,1.0,-1.0,44.4,11.1,33.3,66.7,21.0,9.0,19.0,10.0,1602.3,1520.4
2019-12-26,2019,Leicester,Liverpool,0,4,A,O,3.38,3.72,2.08,0,6,2,8,10,2.0,3.0,0.0,0.0,5.0,7.0,-2.0,2.0,2.0,0.0,3.0,5.0,-2.0,1.0,1.0,0.0,0.0,0.0,0.0,77.8,0.0,87.5,0.0,17.0,19.0,23.0,21.0,1597.8,1821.2
2019-12-26,2019,Everton,Burnley,1,0,H,U,1.71,3.76,5.15,5,0,10,2,10,1.0,2.0,1.0,1.0,3.0,4.0,-1.0,3.0,5.0,-2.0,0.0,-1.0,1.0,1.0,1.0,0.0,1.0,1.0,0.0,44.4,33.3,22.2,44.4,14.0,7.0,13.0,11.0,1512.3,1494.6
2019-12-26,2019,Crystal Palace,West Ham,2,1,H,O,2.32,3.42,3.12,4,2,7,6,10,1.0,2.0,1.0,1.0,3.0,2.0,1.0,3.0,2.0,1.0,0.0,0.0,0.0,0.0,0.0,0.0,0.0,1.0,-1.0,33.3,33.3,33.3,33.3,12.0,11.0,18.0,15.0,1521.6,1494.7
2019-12-26,2019,Chelsea,Southampton,0,2,A,U,1.35,5.31,8.58,3,3,8,1,10,1.0,1.0,2.0,1.0,2.0,6.0,-4.0,3.0,5.0,-2.0,-1.0,1.0,-2.0,0.0,1.0,-1.0,0.0,0.0,0.0,44.4,33.3,33.3,44.4,20.0,18.0,27.0,25.0,1628.2,1455.2
2019-12-26,2019,Bournemouth,Arsenal,1,1,D,U,3.5,3.85,2.01,4,2,8,3,10,0.0,1.0,3.0,0.0,1.0,5.0,-4.0,6.0,3.0,3.0,-5.0,2.0,-7.0,0.0,1.0,-1.0,1.0,0.0,1.0,22.2,44.4,22.2,33.3,2.0,12.0,10.0,19.0,1465.2,1572.9
2019-12-26,2019,Aston Villa,Norwich,1,0,H,U,2.11,3.77,3.28,2,6,5,8,10,1.0,1.0,2.0,1.0,4.0,4.0,0.0,7.0,3.0,4.0,-3.0,1.0,-4.0,1.0,1.0,0.0,2.0,0.0,2.0,33.3,44.4,11.1,66.7,16.0,11.0,26.0,12.0,1365.0,1385.6
2019-12-22,2019,Watford,Man United,2,0,H,U,4.39,3.89,1.8,3,8,3,5,9,0.0,1.0,2.0,1.0,1.0,5.0,-4.0,5.0,5.0,0.0,-4.0,0.0,-4.0,0.0,0.0,0.0,1.0,0.0,1.0,0.0,50.0,25.0,37.5,10.0,16.0,14.0,16.0,1431.3,1617.2
2019-12-22,2019,Tottenham,Chelsea,0,2,A,U,2.37,3.65,2.88,1,3,3,5,9,2.0,1.0,0.0,2.0,9.0,4.0,5.0,3.0,6.0,-3.0,6.0,-2.0,8.0,1.0,0.0,1.0,0.0,1.0,-1.0,62.5,12.5,62.5,37.5,17.0,16.0,9.0,13.0,1614.9,1618.3
2019-12-21,2019,Norwich,Wolves,1,2,A,O,3.71,3.75,1.97,7,4,3,11,9,0.0,1.0,2.0,0.0,3.0,5.0,-2.0,6.0,4.0,2.0,-3.0,1.0,-4.0,0.0,0.0,0.0,1.0,0.0,1.0,25.0,62.5,25.0,12.5,17.0,20.0,26.0,22.0,1391.1,1558.5
2019-12-21,2019,Newcastle,Crystal Palace,1,0,H,U,2.43,3.11,3.22,3,4,4,5,9,2.0,1.0,0.0,1.0,6.0,2.0,4.0,4.0,2.0,2.0,2.0,0.0,2.0,0.0,1.0,-1.0,0.0,1.0,-1.0,37.5,12.5,37.5,37.5,18.0,3.0,9.0,8.0,1509.8,1532.3
2019-12-21,2019,Man City,Leicester,3,1,H,O,1.37,5.41,7.72,12,2,6,1,9,2.0,3.0,1.0,0.0,5.0,8.0,-3.0,4.0,1.0,3.0,1.0,7.0,-6.0,0.0,3.0,-3.0,0.0,0.0,0.0,62.5,25.0,62.5,25.0,13.0,22.0,41.0,18.0,1774.2,1603.2
2019-12-21,2019,Everton,Arsenal,0,0,D,U,2.33,3.75,2.9,0,2,5,4,9,1.0,1.0,1.0,1.0,4.0,5.0,-1.0,4.0,5.0,-1.0,0.0,0.0,0.0,1.0,1.0,0.0,1.0,1.0,0.0,50.0,37.5,25.0,37.5,17.0,11.0,13.0,19.0,1510.5,1574.7
2019-12-21,2019,Brighton,Sheffield United,0,1,A,U,2.21,3.27,3.52,2,2,4,3,9,1.0,1.0,1.0,0.0,4.0,4.0,0.0,4.0,3.0,1.0,0.0,1.0,-1.0,1.0,0.0,1.0,1.0,0.0,1.0,37.5,25.0,25.0,0.0,9.0,11.0,17.0,7.0,1461.6,1529.2
2019-12-21,2019,Bournemouth,Burnley,0,1,A,U,2.43,3.38,2.97,0,1,4,5,9,1.0,1.0,2.0,2.0,2.0,3.0,-1.0,5.0,8.0,-3.0,-3.0,-5.0,2.0,0.0,1.0,-1.0,1.0,2.0,-1.0,25.0,37.5,12.5,50.0,8.0,6.0,10.0,12.0,1474.9,1484.8
2019-12-21,2019,Aston Villa,Southampton,1,3,A,O,2.43,3.54,2.87,6,8,7,5,9,1.0,0.0,2.0,2.0,4.0,4.0,0.0,6.0,6.0,0.0,-2.0,-2.0,0.0,1.0,0.0,1.0,1.0,0.0,1.0,37.5,37.5,25.0,50.0,12.0,13.0,21.0,20.0,1372.9,1447.3
2019-12-16,2019,Crystal Palace,Brighton,1,1,D,U,2.55,3.22,2.91,4,10,3,7,9,1.0,1.0,2.0,2.0,2.0,4.0,-2.0,4.0,6.0,-2.0,-2.0,-2.0,0.0,0.0,0.0,0.0,1.0,1.0,0.0,37.5,37.5,25.0,62.5,11.0,16.0,20.0,16.0,1534.4,1459.5
2019-12-15,2019,Wolves,Tottenham,1,2,A,O,3.22,3.45,2.26,5,5,11,2,9,2.0,1.0,0.0,1.0,5.0,5.0,0.0,2.0,5.0,-3.0,3.0,0.0,3.0,1.0,0.0,1.0,0.0,0.0,0.0,37.5,12.5,12.5,50.0,15.0,13.0,18.0,12.0,1567.4,1606.0
2019-12-15,2019,Man United,Everton,1,1,D,U,1.78,3.71,4.76,8,3,6,5,9,2.0,1.0,0.0,2.0,7.0,5.0,2.0,4.0,8.0,-4.0,3.0,-3.0,6.0,1.0,0.0,1.0,0.0,1.0,-1.0,50.0,12.5,12.5,75.0,24.0,12.0,18.0,19.0,1620.3,1507.4
2019-12-15,2019,Arsenal,Man City,0,3,A,O,6.03,5.33,1.45,1,7,3,3,9,0.0,1.0,1.0,1.0,4.0,7.0,-3.0,5.0,6.0,-1.0,-1.0,1.0,-2.0,0.0,1.0,-1.0,0.0,1.0,-1.0,37.5,12.5,62.5,25.0,14.0,20.0,23.0,29.0,1579.7,1769.1
2019-12-14,2019,Southampton,West Ham,0,1,A,U,1.92,3.86,3.83,2,4,5,8,9,2.0,1.0,1.0,2.0,5.0,1.0,4.0,4.0,5.0,-1.0,1.0,-4.0,5.0,0.0,0.0,0.0,0.0,2.0,-2.0,25.0,62.5,25.0,37.5,14.0,11.0,17.0,11.0,1456.4,1485.6
2019-12-14,2019,Sheffield United,Aston Villa,2,0,H,U,1.86,3.75,4.17,3,0,3,2,9,1.0,0.0,1.0,2.0,6.0,4.0,2.0,5.0,6.0,-1.0,1.0,-2.0,3.0,1.0,0.0,1.0,1.0,0.0,1.0,37.5,50.0,12.5,75.0,20.0,10.0,21.0,17.0,1523.1,1379.0
2019-12-14,2019,Liverpool,Watford,2,0,H,U,1.17,7.72,16.32,6,2,6,3,9,3.0,1.0,0.0,2.0,10.0,3.0,7.0,4.0,4.0,0.0,6.0,-1.0,7.0,2.0,1.0,1.0,0.0,1.0,-1.0,100.0,0.0,12.5,62.5,17.0,6.0,13.0,13.0,1819.2,1433.2
2019-12-14,2019,Leicester,Norwich,1,1,D,U,1.22,6.73,13.29,5,3,12,4,9,3.0,1.0,0.0,2.0,6.0,3.0,3.0,1.0,4.0,-3.0,5.0,-1.0,6.0,2.0,1.0,1.0,0.0,1.0,-1.0,87.5,0.0,12.5,75.0,19.0,8.0,16.0,11.0,1608.9,1385.5
2019-12-14,2019,Chelsea,Bournemouth,0,1,A,U,1.25,6.48,11.64,5,2,9,4,9,2.0,0.0,1.0,3.0,4.0,3.0,1.0,2.0,6.0,-4.0,2.0,-3.0,5.0,1.0,0.0,1.0,0.0,0.0,0.0,50.0,25.0,25.0,62.5,20.0,12.0,25.0,21.0,1632.9,1460.3
2019-12-14,2019,Burnley,Newcastle,1,0,H,U,1.96,3.5,4.07,4,0,4,3,9,1.0,2.0,2.0,1.0,4.0,5.0,-1.0,6.0,4.0,2.0,-2.0,1.0,-3.0,1.0,1.0,0.0,2.0,1.0,1.0,50.0,50.0,37.5,62.5,18.0,18.0,19.0,10.0,1473.5,1521.1
2019-12-09,2019,West Ham,Arsenal,1,3,A,O,3.43,4.02,1.98,4,3,4,3,8,0.0,0.0,2.0,2.0,5.0,2.0,3.0,7.0,5.0,2.0,-2.0,-3.0,1.0,0.0,0.0,0.0,0.0,1.0,-1.0,28.6,57.1,14.3,42.9,14.0,11.0,20.0,28.0,1493.3,1572.0
2019-12-08,2019,Norwich,Sheffield United,1,2,A,O,2.98,3.45,2.4,4,3,9,1,8,0.0,0.0,2.0,0.0,3.0,3.0,0.0,7.0,3.0,4.0,-4.0,0.0,-4.0,0.0,0.0,0.0,2.0,0.0,2.0,28.6,57.1,14.3,0.0,16.0,12.0,18.0,10.0,1392.0,1516.5
2019-12-08,2019,Newcastle,Southampton,2,1,H,O,2.59,3.23,2.87,6,4,3,12,8,1.0,0.0,0.0,1.0,5.0,4.0,1.0,4.0,5.0,-1.0,1.0,-1.0,2.0,0.0,0.0,0.0,0.0,0.0,0.0,28.6,14.3,28.6,42.9,14.0,14.0,9.0,11.0,1512.5,1465.1
2019-12-08,2019,Brighton,Wolves,2,2,D,O,2.69,3.16,2.81,4,5,3,4,8,2.0,1.0,1.0,0.0,5.0,4.0,1.0,4.0,3.0,1.0,1.0,1.0,0.0,1.0,0.0,1.0,1.0,0.0,1.0,42.9,28.6,28.6,14.3,9.0,20.0,14.0,24.0,1456.3,1570.6
2019-12-08,2019,Aston Villa,Leicester,1,4,A,O,4.27,3.88,1.82,2,8,8,5,8,2.0,3.0,1.0,0.0,5.0,13.0,-8.0,3.0,0.0,3.0,2.0,13.0,-11.0,1.0,3.0,-2.0,0.0,0.0,0.0,42.9,28.6,57.1,28.6,18.0,29.0,20.0,20.0,1383.4,1604.5
2019-12-07,2019,Watford,Crystal Palace,0,0,D,U,2.37,3.34,3.12,3,0,6,2,8,0.0,1.0,2.0,1.0,1.0,4.0,-3.0,5.0,4.0,1.0,-4.0,0.0,-4.0,0.0,1.0,-1.0,1.0,1.0,0.0,0.0,57.1,42.9,42.9,10.0,7.0,13.0,11.0,1430.3,1537.4
2019-12-07,2019,Tottenham,Burnley,5,0,H,O,1.41,4.82,7.98,7,1,1,1,8,1.0,1.0,0.0,2.0,5.0,4.0,1.0,4.0,5.0,-1.0,1.0,-1.0,2.0,0.0,1.0,-1.0,0.0,1.0,-1.0,57.1,14.3,14.3,42.9,12.0,9.0,19.0,15.0,1599.3,1480.2
2019-12-07,2019,Man City,Man United,1,2,A,O,1.31,5.67,9.9,5,7,16,3,8,3.0,1.0,0.0,1.0,7.0,6.0,1.0,2.0,5.0,-3.0,5.0,1.0,4.0,1.0,1.0,0.0,0.0,0.0,0.0,71.4,14.3,14.3,42.9,17.0,20.0,38.0,23.0,1783.8,1605.6
2019-12-07,2019,Everton,Chelsea,3,1,H,O,3.52,3.8,2.02,7,4,1,5,8,1.0,2.0,1.0,1.0,3.0,7.0,-4.0,3.0,5.0,-2.0,0.0,2.0,-2.0,1.0,1.0,0.0,1.0,0.0,1.0,42.9,42.9,71.4,28.6,20.0,19.0,23.0,14.0,1493.2,1647.1
2019-12-07,2019,Bournemouth,Liverpool,0,3,A,O,7.01,5.03,1.42,0,9,1,3,8,1.0,2.0,1.0,0.0,2.0,5.0,-3.0,2.0,3.0,-1.0,0.0,2.0,-2.0,0.0,0.0,0.0,0.0,0.0,0.0,28.6,28.6,85.7,0.0,10.0,14.0,15.0,19.0,1462.6,1816.9
2019-12-05,2019,Sheffield United,Newcastle,0,2,A,U,1.86,3.45,4.62,6,4,8,1,8,2.0,1.0,0.0,2.0,7.0,3.0,4.0,3.0,5.0,-2.0,4.0,-2.0,6.0,1.0,0.0,1.0,0.0,1.0,-1.0,42.9,42.9,28.6,71.4,16.0,14.0,20.0,9.0,1527.3,1501.8
2019-12-05,2019,Arsenal,Brighton,1,2,A,O,1.61,4.23,5.41,5,9,9,9,8,0.0,0.0,0.0,3.0,5.0,3.0,2.0,5.0,7.0,-2.0,0.0,-4.0,4.0,0.0,0.0,0.0,0.0,1.0,-1.0,42.9,0.0,14.3,71.4,15.0,12.0,26.0,12.0,1585.9,1442.4
2019-12-04,2019,Wolves,West Ham,2,0,H,U,1.77,3.73,4.74,7,3,5,4,8,1.0,1.0,0.0,2.0,4.0,1.0,3.0,3.0,5.0,-2.0,1.0,-4.0,5.0,0.0,0.0,0.0,0.0,2.0,-2.0,28.6,14.3,28.6,28.6,9.0,12.0,14.0,9.0,1562.3,1501.6
2019-12-04,2019,Southampton,Norwich,2,1,H,O,1.78,3.99,4.35,5,3,6,1,8,1.0,1.0,2.0,1.0,3.0,2.0,1.0,12.0,2.0,10.0,-9.0,0.0,-9.0,0.0,1.0,-1.0,1.0,1.0,0.0,14.3,71.4,14.3,71.4,12.0,6.0,13.0,17.0,1456.7,1400.4
2019-12-04,2019,Man United,Tottenham,2,1,H,O,2.69,3.47,2.61,7,5,4,3,8,1.0,1.0,0.0,1.0,6.0,5.0,1.0,4.0,5.0,-1.0,2.0,0.0,2.0,1.0,0.0,1.0,0.0,0.0,0.0,42.9,14.3,14.3,42.9,19.0,12.0,17.0,12.0,1595.2,1609.7
2019-12-04,2019,Liverpool,Everton,5,2,H,O,1.39,4.99,8.28,5,4,5,6,8,3.0,1.0,0.0,2.0,7.0,5.0,2.0,3.0,6.0,-3.0,4.0,-1.0,5.0,1.0,0.0,1.0,0.0,0.0,0.0,100.0,0.0,14.3,71.4,25.0,14.0,16.0,18.0,1814.2,1496.0
2019-12-04,2019,Leicester,Watford,2,0,H,U,1.36,5.13,8.81,6,1,7,2,8,3.0,1.0,0.0,1.0,6.0,4.0,2.0,2.0,3.0,-1.0,4.0,1.0,3.0,1.0,1.0,0.0,0.0,0.0,0.0,85.7,0.0,14.3,57.1,16.0,7.0,18.0,13.0,1598.9,1435.9
2019-12-04,2019,Chelsea,Aston Villa,2,1,H,O,1.3,5.85,9.89,9,3,9,5,8,2.0,0.0,1.0,2.0,3.0,3.0,0.0,1.0,7.0,-6.0,2.0,-4.0,6.0,1.0,0.0,1.0,0.0,1.0,-1.0,42.9,28.6,14.3,71.4,19.0,12.0,27.0,19.0,1643.3,1387.1
2019-12-03,2019,Crystal Palace,Bournemouth,1,0,H,U,2.24,3.38,3.34,2,3,6,9,8,0.0,0.0,3.0,2.0,1.0,3.0,-2.0,6.0,5.0,1.0,-5.0,-2.0,-3.0,0.0,0.0,0.0,2.0,0.0,2.0,28.6,42.9,28.6,57.1,11.0,14.0,15.0,22.0,1529.0,1470.9
2019-12-03,2019,Burnley,Man City,1,4,A,O,11.59,6.41,1.25,2,8,3,6,8,1.0,1.0,2.0,1.0,5.0,5.0,0.0,6.0,5.0,1.0,-1.0,0.0,-1.0,1.0,1.0,0.0,2.0,1.0,1.0,57.1,42.9,57.1,28.6,21.0,22.0,21.0,31.0,1483.2,1780.8
2019-12-01,2019,Wolves,Sheffield United,1,1,D,U,1.92,3.43,4.35,3,4,7,2,7,2.0,0.0,0.0,0.0,5.0,2.0,3.0,2.0,2.0,0.0,3.0,0.0,3.0,1.0,0.0,1.0,0.0,0.0,0.0,33.3,16.7,16.7,0.0,8.0,11.0,8.0,15.0,1563.4,1526.2
2019-12-01,2019,Norwich,Arsenal,2,2,D,O,4.14,4.22,1.77,8,7,7,12,7,0.0,0.0,3.0,2.0,2.0,1.0,1.0,10.0,4.0,6.0,-8.0,-3.0,-5.0,0.0,0.0,0.0,3.0,1.0,2.0,33.3,66.7,16.7,50.0,13.0,9.0,21.0,23.0,1395.3,1591.0
2019-12-01,2019,Man United,Aston Villa,2,2,D,O,1.49,4.38,7.08,6,3,9,9,7,1.0,1.0,0.0,2.0,5.0,6.0,-1.0,3.0,6.0,-3.0,2.0,0.0,2.0,1.0,1.0,0.0,0.0,1.0,-1.0,50.0,16.7,16.7,83.3,17.0,21.0,16.0,16.0,1600.8,1381.5
2019-12-01,2019,Leicester,Everton,2,1,H,O,1.64,4.08,5.33,6,3,4,4,7,3.0,1.0,0.0,2.0,9.0,4.0,5.0,1.0,5.0,-4.0,8.0,-1.0,9.0,2.0,0.0,2.0,0.0,0.0,0.0,83.3,0.0,16.7,66.7,15.0,13.0,23.0,23.0,1591.4,1503.5
2019-11-30,2019,Tottenham,Bournemouth,3,2,H,O,1.38,5.19,7.86,5,6,4,8,7,1.0,0.0,0.0,2.0,4.0,1.0,3.0,3.0,3.0,0.0,1.0,-2.0,3.0,0.0,0.0,0.0,0.0,0.0,0.0,50.0,16.7,33.3,50.0,11.0,10.0,21.0,19.0,1603.2,1477.5
2019-11-30,2019,Southampton,Watford,2,1,H,O,2.12,3.5,3.51,6,3,6,7,7,0.0,1.0,3.0,1.0,2.0,3.0,-1.0,15.0,3.0,12.0,-13.0,0.0,-13.0,0.0,1.0,-1.0,2.0,1.0,1.0,0.0,83.3,16.7,50.0,9.0,9.0,10.0,12.0,1446.7,1445.9
2019-11-30,2019,Newcastle,Man City,2,2,D,O,15.11,7.59,1.18,3,9,1,10,7,2.0,2.0,0.0,1.0,4.0,6.0,-2.0,2.0,4.0,-2.0,2.0,2.0,0.0,0.0,2.0,-2.0,0.0,1.0,-1.0,33.3,16.7,66.7,33.3,13.0,22.0,12.0,23.0,1494.9,1787.7
2019-11-30,2019,Liverpool,Brighton,2,1,H,O,1.21,6.85,14.67,7,5,4,5,7,3.0,0.0,0.0,3.0,7.0,2.0,5.0,3.0,7.0,-4.0,4.0,-5.0,9.0,1.0,0.0,1.0,0.0,2.0,-2.0,100.0,0.0,16.7,66.7,26.0,8.0,16.0,9.0,1812.0,1444.6
2019-11-30,2019,Chelsea,West Ham,0,1,A,U,1.3,5.94,9.63,6,4,9,3,7,3.0,0.0,0.0,2.0,5.0,2.0,3.0,0.0,7.0,-7.0,5.0,-5.0,10.0,2.0,0.0,2.0,0.0,2.0,-2.0,50.0,16.7,16.7,33.3,23.0,14.0,23.0,12.0,1657.9,1487.1
2019-11-30,2019,Burnley,Crystal Palace,0,2,A,U,2.31,3.26,3.3,4,2,5,6,7,2.0,1.0,1.0,1.0,6.0,4.0,2.0,4.0,5.0,-1.0,2.0,-1.0,3.0,1.0,0.0,1.0,1.0,1.0,0.0,66.7,33.3,33.3,50.0,20.0,9.0,23.0,7.0,1492.4,1519.8
2019-11-25,2019,Aston Villa,Newcastle,2,0,H,U,2.11,3.46,3.55,8,5,11,6,7,1.0,1.0,1.0,2.0,5.0,3.0,2.0,5.0,8.0,-3.0,0.0,-5.0,5.0,0.0,0.0,0.0,0.0,1.0,-1.0,33.3,33.3,33.3,66.7,13.0,9.0,16.0,3.0,1367.7,1508.7
2019-11-24,2019,Sheffield United,Man United,3,3,D,O,3.55,3.28,2.18,8,5,6,3,7,2.0,1.0,1.0,2.0,4.0,3.0,1.0,1.0,3.0,-2.0,3.0,0.0,3.0,1.0,1.0,0.0,0.0,0.0,0.0,50.0,50.0,16.7,50.0,10.0,18.0,20.0,26.0,1524.0,1603.0
2019-11-23,2019,West Ham,Tottenham,2,3,A,O,4.32,4.14,1.75,4,6,3,7,7,0.0,0.0,2.0,2.0,4.0,2.0,2.0,6.0,6.0,0.0,-2.0,-4.0,2.0,0.0,0.0,0.0,0.0,1.0,-1.0,33.3,50.0,0.0,50.0,14.0,9.0,19.0,9.0,1494.2,1596.1
2019-11-23,2019,Watford,Burnley,0,3,A,O,2.33,3.31,3.2,4,5,7,5,7,0.0,0.0,1.0,2.0,1.0,3.0,-2.0,2.0,7.0,-5.0,-1.0,-4.0,3.0,0.0,0.0,0.0,0.0,1.0,-1.0,0.0,50.0,0.0,50.0,8.0,7.0,13.0,13.0,1455.0,1483.3
2019-11-23,2019,Man City,Chelsea,2,1,H,O,1.45,4.96,6.64,4,2,8,2,7,2.0,3.0,1.0,0.0,5.0,10.0,-5.0,3.0,4.0,-1.0,2.0,6.0,-4.0,1.0,2.0,-1.0,1.0,0.0,1.0,66.7,16.7,83.3,16.7,15.0,24.0,39.0,16.0,1780.9,1664.7
2019-11-23,2019,Everton,Norwich,0,2,A,U,1.4,5.0,7.73,7,5,7,7,7,1.0,0.0,1.0,2.0,4.0,0.0,4.0,4.0,4.0,0.0,0.0,-4.0,4.0,1.0,0.0,1.0,1.0,2.0,-1.0,50.0,33.3,0.0,83.3,21.0,4.0,21.0,15.0,1517.2,1381.6
2019-11-23,2019,Crystal Palace,Liverpool,1,2,A,O,7.33,4.62,1.45,6,4,9,8,7,1.0,2.0,2.0,0.0,2.0,4.0,-2.0,4.0,2.0,2.0,-2.0,2.0,-4.0,1.0,0.0,1.0,2.0,0.0,2.0,33.3,33.3,83.3,0.0,8.0,14.0,11.0,16.0,1523.1,1808.8
2019-11-23,2019,Brighton,Leicester,0,2,A,U,3.69,3.53,2.04,0,9,6,7,7,3.0,2.0,0.0,1.0,8.0,12.0,-4.0,2.0,2.0,0.0,6.0,10.0,-4.0,2.0,2.0,0.0,0.0,0.0,0.0,50.0,16.7,50.0,33.3,15.0,21.0,12.0,19.0,1450.9,1585.1
2019-11-23,2019,Bournemouth,Wolves,1,2,A,O,2.82,3.3,2.59,2,7,5,9,7,1.0,1.0,0.0,0.0,3.0,4.0,-1.0,2.0,2.0,0.0,1.0,2.0,-1.0,0.0,1.0,-1.0,0.0,0.0,0.0,33.3,16.7,16.7,16.7,13.0,15.0,16.0,16.0,1485.5,1555.3
2019-11-23,2019,Arsenal,Southampton,2,2,D,O,1.47,4.75,6.55,5,6,6,8,7,1.0,0.0,0.0,2.0,4.0,3.0,1.0,3.0,5.0,-2.0,1.0,-2.0,3.0,0.0,0.0,0.0,0.0,0.0,0.0,50.0,0.0,33.3,50.0,12.0,14.0,34.0,9.0,1595.1,1442.6
2019-11-10,2019,Wolves,Aston Villa,2,1,H,O,1.9,3.6,4.24,5,4,6,3,6,1.0,1.0,1.0,2.0,5.0,7.0,-2.0,6.0,7.0,-1.0,-1.0,0.0,-1.0,1.0,1.0,0.0,1.0,1.0,0.0,20.0,20.0,20.0,80.0,7.0,26.0,9.0,17.0,1550.0,1373.0
2019-11-10,2019,Man United,Brighton,3,1,H,O,1.67,3.67,5.82,11,2,5,2,6,1.0,0.0,0.0,2.0,3.0,1.0,2.0,2.0,4.0,-2.0,1.0,-3.0,4.0,0.0,0.0,0.0,0.0,1.0,-1.0,40.0,20.0,20.0,60.0,11.0,9.0,14.0,10.0,1596.8,1457.1
2019-11-10,2019,Liverpool,Man City,3,1,H,O,2.56,3.58,2.68,5,3,4,13,6,3.0,2.0,0.0,1.0,7.0,7.0,0.0,3.0,4.0,-1.0,4.0,3.0,1.0,1.0,2.0,-1.0,0.0,0.0,0.0,100.0,0.0,80.0,20.0,30.0,27.0,22.0,26.0,1799.0,1790.6
2019-11-09,2019,Tottenham,Sheffield United,1,1,D,U,1.58,4.14,6.02,5,4,4,4,6,2.0,1.0,0.0,0.0,7.0,3.0,4.0,2.0,1.0,1.0,5.0,2.0,3.0,1.0,1.0,0.0,0.0,0.0,0.0,60.0,20.0,20.0,0.0,11.0,8.0,21.0,14.0,1598.2,1521.8
2019-11-09,2019,Southampton,Everton,1,2,A,O,2.96,3.37,2.44,3,5,5,9,6,0.0,0.0,3.0,3.0,2.0,3.0,-1.0,16.0,7.0,9.0,-14.0,-4.0,-10.0,0.0,0.0,0.0,3.0,1.0,2.0,0.0,80.0,0.0,80.0,12.0,13.0,9.0,21.0,1450.9,1508.9
2019-11-09,2019,Newcastle,Bournemouth,2,1,H,O,2.64,3.21,2.84,9,3,5,4,6,1.0,1.0,0.0,1.0,2.0,3.0,-1.0,1.0,2.0,-1.0,1.0,1.0,0.0,0.0,1.0,-1.0,0.0,0.0,0.0,20.0,20.0,40.0,40.0,8.0,10.0,12.0,20.0,1498.8,1495.4
2019-11-09,2019,Leicester,Arsenal,2,0,H,U,1.99,3.78,3.62,7,1,5,4,6,3.0,0.0,0.0,1.0,9.0,3.0,6.0,2.0,4.0,-2.0,7.0,-1.0,8.0,1.0,0.0,1.0,0.0,0.0,0.0,80.0,0.0,20.0,40.0,15.0,12.0,26.0,20.0,1574.1,1606.0
2019-11-09,2019,Chelsea,Crystal Palace,2,0,H,U,1.34,5.35,9.29,5,1,7,0,6,2.0,1.0,1.0,1.0,4.0,4.0,0.0,2.0,7.0,-5.0,2.0,-3.0,5.0,1.0,0.0,1.0,0.0,1.0,-1.0,40.0,20.0,40.0,40.0,20.0,14.0,22.0,10.0,1658.2,1529.5
2019-11-09,2019,Burnley,West Ham,3,0,H,O,2.27,3.55,3.13,12,4,11,4,6,2.0,0.0,1.0,1.0,5.0,2.0,3.0,4.0,4.0,0.0,1.0,-2.0,3.0,1.0,0.0,1.0,1.0,1.0,0.0,60.0,40.0,20.0,20.0,14.0,11.0,19.0,12.0,1472.3,1505.2
2019-11-08,2019,Norwich,Watford,0,2,A,U,2.68,3.57,2.6,5,2,10,4,6,1.0,0.0,2.0,2.0,5.0,1.0,4.0,10.0,11.0,-1.0,-5.0,-10.0,5.0,0.0,0.0,0.0,2.0,2.0,0.0,40.0,60.0,0.0,60.0,11.0,11.0,14.0,12.0,1390.0,1446.7
2019-11-03,2019,Everton,Tottenham,1,1,D,U,2.73,3.49,2.57,3,2,5,2,6,1.0,0.0,2.0,3.0,3.0,2.0,1.0,5.0,7.0,-2.0,-2.0,-5.0,3.0,1.0,0.0,1.0,2.0,1.0,1.0,60.0,40.0,0.0,60.0,21.0,11.0,28.0,9.0,1506.2,1600.9
2019-11-03,2019,Crystal Palace,Leicester,0,2,A,U,3.5,3.38,2.17,3,5,5,6,6,1.0,1.0,1.0,2.0,3.0,10.0,-7.0,3.0,3.0,0.0,0.0,7.0,-7.0,1.0,1.0,0.0,1.0,0.0,1.0,40.0,20.0,40.0,40.0,9.0,19.0,12.0,22.0,1538.8,1564.9
2019-11-02,2019,West Ham,Newcastle,2,3,A,O,1.79,3.82,4.55,6,9,7,3,6,1.0,0.0,1.0,3.0,4.0,1.0,3.0,3.0,9.0,-6.0,1.0,-8.0,9.0,1.0,0.0,1.0,0.0,2.0,-2.0,40.0,40.0,20.0,80.0,14.0,1.0,15.0,1.0,1516.0,1488.0
2019-11-02,2019,Watford,Chelsea,1,2,A,O,4.99,4.24,1.65,3,10,1,6,6,0.0,3.0,0.0,0.0,2.0,13.0,-11.0,2.0,5.0,-3.0,0.0,8.0,-8.0,0.0,3.0,-3.0,0.0,0.0,0.0,0.0,40.0,80.0,20.0,12.0,20.0,19.0,15.0,1451.4,1653.4
2019-11-02,2019,Sheffield United,Burnley,3,0,H,O,2.26,3.22,3.46,6,0,7,6,6,1.0,0.0,2.0,1.0,1.0,4.0,-3.0,2.0,5.0,-3.0,-1.0,-1.0,0.0,0.0,0.0,0.0,0.0,0.0,0.0,40.0,60.0,0.0,40.0,8.0,8.0,25.0,13.0,1512.7,1481.4
2019-11-02,2019,Man City,Southampton,2,1,H,O,1.08,11.99,29.72,4,3,17,0,6,2.0,1.0,1.0,1.0,11.0,3.0,8.0,2.0,3.0,-1.0,9.0,0.0,9.0,2.0,0.0,2.0,1.0,0.0,1.0,60.0,20.0,40.0,40.0,22.0,18.0,27.0,15.0,1788.1,1453.5
2019-11-02,2019,Brighton,Norwich,2,0,H,U,1.71,4.17,4.65,5,0,8,3,6,2.0,0.0,0.0,2.0,7.0,0.0,7.0,3.0,4.0,-1.0,4.0,-4.0,8.0,1.0,0.0,1.0,0.0,2.0,-2.0,40.0,20.0,0.0,80.0,15.0,6.0,7.0,15.0,1448.5,1398.6
2019-11-02,2019,Bournemouth,Man United,1,0,H,U,3.33,3.55,2.19,6,4,4,10,6,1.0,1.0,0.0,2.0,5.0,3.0,2.0,3.0,4.0,-1.0,2.0,-1.0,3.0,1.0,1.0,0.0,0.0,1.0,-1.0,20.0,20.0,20.0,40.0,13.0,17.0,19.0,23.0,1481.8,1610.4
2019-11-02,2019,Aston Villa,Liverpool,1,2,A,O,8.4,5.37,1.36,2,6,2,10,6,1.0,2.0,0.0,0.0,4.0,4.0,0.0,3.0,2.0,1.0,1.0,2.0,-1.0,0.0,0.0,0.0,0.0,0.0,0.0,40.0,20.0,80.0,0.0,16.0,11.0,16.0,10.0,1374.6,1797.4
2019-11-02,2019,Arsenal,Wolves,1,1,D,U,1.78,3.8,4.65,4,8,8,9,6,2.0,1.0,0.0,0.0,6.0,4.0,2.0,4.0,2.0,2.0,2.0,2.0,0.0,0.0,1.0,-1.0,0.0,0.0,0.0,60.0,0.0,20.0,20.0,14.0,11.0,35.0,14.0,1607.7,1548.3
2019-10-27,2019,Norwich,Man United,1,3,A,O,4.36,3.91,1.8,3,11,1,10,5,1.0,0.0,2.0,2.0,6.0,1.0,5.0,10.0,4.0,6.0,-4.0,-3.0,-1.0,0.0,0.0,0.0,1.0,1.0,0.0,50.0,50.0,0.0,50.0,13.0,14.0,14.0,16.0,1403.3,1605.6
2019-10-27,2019,Newcastle,Wolves,1,1,D,U,3.02,3.09,2.59,2,5,3,6,5,1.0,1.0,0.0,1.0,2.0,5.0,-3.0,1.0,4.0,-3.0,1.0,1.0,0.0,0.0,1.0,-1.0,0.0,0.0,0.0,25.0,25.0,25.0,25.0,11.0,11.0,15.0,15.0,1486.2,1550.2
2019-10-27,2019,Liverpool,Tottenham,2,1,H,O,1.54,4.45,6.11,13,4,8,3,5,3.0,0.0,0.0,2.0,8.0,3.0,5.0,3.0,7.0,-4.0,5.0,-4.0,9.0,2.0,0.0,2.0,0.0,1.0,-1.0,100.0,0.0,0.0,50.0,22.0,16.0,20.0,12.0,1792.3,1606.0
2019-10-27,2019,Arsenal,Crystal Palace,2,2,D,O,1.49,4.63,6.49,6,4,12,5,5,2.0,2.0,0.0,1.0,6.0,4.0,2.0,4.0,6.0,-2.0,2.0,-2.0,4.0,0.0,0.0,0.0,0.0,1.0,-1.0,75.0,0.0,50.0,50.0,16.0,13.0,34.0,6.0,1609.8,1536.7
2019-10-26,2019,West Ham,Sheffield United,1,1,D,U,2.11,3.46,3.6,4,4,10,4,5,2.0,1.0,1.0,0.0,5.0,4.0,1.0,2.0,2.0,0.0,3.0,2.0,1.0,2.0,1.0,1.0,0.0,0.0,0.0,50.0,50.0,25.0,0.0,18.0,6.0,13.0,14.0,1516.1,1512.6
2019-10-26,2019,Watford,Bournemouth,0,0,D,U,2.19,3.53,3.31,3,5,5,10,5,0.0,1.0,1.0,2.0,3.0,4.0,-1.0,5.0,5.0,0.0,-2.0,-1.0,-1.0,0.0,1.0,-1.0,1.0,1.0,0.0,0.0,50.0,50.0,50.0,12.0,7.0,22.0,15.0,1450.5,1482.8
2019-10-26,2019,Man City,Aston Villa,3,0,H,O,1.09,11.64,28.3,9,5,13,7,5,2.0,1.0,1.0,2.0,12.0,7.0,5.0,2.0,5.0,-3.0,10.0,2.0,8.0,2.0,1.0,1.0,1.0,0.0,1.0,50.0,25.0,25.0,75.0,19.0,23.0,22.0,12.0,1786.4,1376.3
2019-10-26,2019,Burnley,Chelsea,2,4,A,O,4.53,4.02,1.75,5,7,5,6,5,2.0,3.0,1.0,0.0,3.0,12.0,-9.0,3.0,5.0,-2.0,0.0,7.0,-7.0,1.0,2.0,-1.0,1.0,0.0,1.0,75.0,25.0,75.0,25.0,11.0,21.0,20.0,17.0,1487.1,1647.8
2019-10-26,2019,Brighton,Everton,3,2,H,O,2.87,3.3,2.58,4,6,0,5,5,1.0,0.0,1.0,3.0,4.0,1.0,3.0,3.0,6.0,-3.0,1.0,-5.0,6.0,1.0,0.0,1.0,1.0,2.0,-1.0,25.0,25.0,0.0,75.0,14.0,8.0,15.0,22.0,1436.2,1518.5
2019-10-25,2019,Southampton,Leicester,0,9,A,O,3.2,3.34,2.36,3,15,2,7,5,0.0,1.0,2.0,2.0,3.0,3.0,0.0,8.0,4.0,4.0,-5.0,-1.0,-4.0,0.0,0.0,0.0,2.0,0.0,2.0,0.0,75.0,25.0,50.0,11.0,6.0,9.0,19.0,1460.7,1557.6
2019-10-21,2019,Sheffield United,Arsenal,1,0,H,U,3.88,3.79,1.93,2,3,7,12,5,0.0,0.0,3.0,1.0,1.0,4.0,-3.0,4.0,6.0,-2.0,-3.0,-2.0,-1.0,0.0,0.0,0.0,0.0,1.0,-1.0,25.0,75.0,25.0,25.0,9.0,12.0,25.0,12.0,1499.2,1623.2
2019-10-20,2019,Man United,Liverpool,1,1,D,U,5.03,3.96,1.7,2,4,3,1,5,1.0,3.0,1.0,0.0,3.0,6.0,-3.0,3.0,1.0,2.0,0.0,5.0,-5.0,0.0,1.0,-1.0,0.0,0.0,0.0,50.0,25.0,100.0,0.0,12.0,14.0,19.0,13.0,1600.5,1797.5
2019-10-19,2019,Wolves,Southampton,1,1,D,U,1.85,3.58,4.52,1,5,1,3,5,1.0,2.0,1.0,1.0,5.0,4.0,1.0,6.0,2.0,4.0,-1.0,2.0,-3.0,1.0,1.0,0.0,1.0,0.0,1.0,25.0,25.0,50.0,50.0,8.0,17.0,12.0,17.0,1552.8,1458.1
2019-10-19,2019,Tottenham,Watford,1,1,D,U,1.42,4.9,7.48,2,2,11,2,5,2.0,0.0,1.0,2.0,6.0,1.0,5.0,2.0,11.0,-9.0,4.0,-10.0,14.0,1.0,0.0,1.0,0.0,2.0,-2.0,75.0,25.0,0.0,75.0,11.0,12.0,16.0,15.0,1610.4,1446.1
2019-10-19,2019,Leicester,Burnley,2,1,H,O,1.57,4.09,6.37,3,4,9,4,5,3.0,0.0,0.0,0.0,10.0,4.0,6.0,2.0,4.0,-2.0,8.0,0.0,8.0,2.0,0.0,2.0,0.0,0.0,0.0,75.0,0.0,0.0,25.0,17.0,8.0,21.0,12.0,1549.1,1495.6
2019-10-19,2019,Everton,West Ham,2,0,H,U,1.97,3.71,3.81,10,4,11,2,5,1.0,1.0,2.0,0.0,4.0,5.0,-1.0,7.0,3.0,4.0,-3.0,2.0,-5.0,0.0,1.0,-1.0,2.0,0.0,2.0,50.0,50.0,25.0,0.0,17.0,17.0,24.0,17.0,1508.0,1526.6
2019-10-19,2019,Crystal Palace,Man City,0,2,A,U,11.88,6.72,1.24,2,10,1,8,5,2.0,2.0,0.0,1.0,4.0,8.0,-4.0,1.0,5.0,-4.0,3.0,3.0,0.0,1.0,2.0,-1.0,0.0,0.0,0.0,50.0,0.0,75.0,25.0,12.0,22.0,24.0,23.0,1540.7,1782.4
2019-10-19,2019,Chelsea,Newcastle,1,0,H,U,1.31,5.62,10.38,8,0,11,0,5,1.0,1.0,1.0,2.0,5.0,2.0,3.0,4.0,8.0,-4.0,1.0,-6.0,7.0,1.0,0.0,1.0,0.0,2.0,-2.0,25.0,25.0,25.0,75.0,17.0,4.0,14.0,7.0,1641.8,1492.2
2019-10-19,2019,Bournemouth,Norwich,0,0,D,U,1.73,4.33,4.35,2,1,6,7,5,1.0,0.0,1.0,3.0,6.0,0.0,6.0,6.0,6.0,0.0,0.0,-6.0,6.0,1.0,0.0,1.0,1.0,3.0,-2.0,25.0,25.0,0.0,100.0,18.0,8.0,17.0,10.0,1485.1,1400.9
2019-10-19,2019,Aston Villa,Brighton,2,1,H,O,2.38,3.43,3.05,8,5,7,5,5,1.0,0.0,0.0,2.0,4.0,0.0,4.0,2.0,6.0,-4.0,2.0,-6.0,8.0,1.0,0.0,1.0,0.0,2.0,-2.0,25.0,25.0,25.0,50.0,11.0,6.0,9.0,6.0,1363.9,1448.6
2019-10-06,2019,Southampton,Chelsea,1,4,A,O,4.02,3.84,1.87,3,7,3,4,4,0.0,2.0,2.0,1.0,3.0,8.0,-5.0,6.0,8.0,-2.0,-3.0,0.0,-3.0,0.0,1.0,-1.0,1.0,1.0,0.0,0.0,66.7,66.7,33.3,11.0,21.0,11.0,18.0,1463.5,1636.4
2019-10-06,2019,Newcastle,Man United,1,0,H,U,4.42,3.44,1.9,2,3,4,6,4,0.0,0.0,1.0,1.0,1.0,2.0,-1.0,2.0,4.0,-2.0,-1.0,-2.0,1.0,0.0,0.0,0.0,0.0,1.0,-1.0,0.0,33.3,0.0,33.3,11.0,13.0,16.0,16.0,1478.4,1614.2
2019-10-06,2019,Man City,Wolves,0,2,A,U,1.13,9.26,21.61,2,2,9,1,4,2.0,0.0,0.0,1.0,14.0,3.0,11.0,2.0,4.0,-2.0,12.0,-1.0,13.0,2.0,0.0,2.0,0.0,0.0,0.0,66.7,0.0,0.0,33.3,27.0,11.0,26.0,17.0,1798.8,1536.4
2019-10-06,2019,Arsenal,Bournemouth,1,0,H,U,1.45,4.97,6.68,2,2,14,5,4,2.0,2.0,0.0,1.0,7.0,6.0,1.0,5.0,5.0,0.0,2.0,1.0,1.0,0.0,1.0,-1.0,0.0,1.0,-1.0,66.7,0.0,66.7,33.3,23.0,9.0,30.0,15.0,1616.7,1491.7
2019-10-05,2019,West Ham,Crystal Palace,1,2,A,O,2.0,3.58,3.8,4,4,2,2,4,2.0,1.0,1.0,2.0,4.0,2.0,2.0,5.0,6.0,-1.0,-1.0,-4.0,3.0,2.0,0.0,2.0,1.0,1.0,0.0,66.7,33.3,33.3,66.7,17.0,13.0,12.0,8.0,1536.8,1530.5
2019-10-05,2019,Watford,Sheffield United,0,0,D,U,2.14,3.38,3.58,2,3,7,7,4,0.0,1.0,2.0,0.0,3.0,5.0,-2.0,8.0,3.0,5.0,-5.0,2.0,-7.0,0.0,1.0,-1.0,2.0,0.0,2.0,0.0,66.7,33.3,0.0,13.0,6.0,20.0,11.0,1444.5,1500.8
2019-10-05,2019,Norwich,Aston Villa,1,5,A,O,2.41,3.6,2.85,5,12,10,6,4,2.0,0.0,1.0,3.0,8.0,3.0,5.0,6.0,7.0,-1.0,2.0,-4.0,6.0,1.0,0.0,1.0,0.0,1.0,-1.0,66.7,33.3,0.0,100.0,16.0,15.0,11.0,6.0,1412.7,1352.2
2019-10-05,2019,Liverpool,Leicester,2,1,H,O,1.46,4.66,7.0,8,1,4,6,4,3.0,1.0,0.0,1.0,10.0,3.0,7.0,3.0,3.0,0.0,7.0,0.0,7.0,3.0,0.0,3.0,0.0,0.0,0.0,100.0,0.0,33.3,33.3,21.0,8.0,27.0,18.0,1793.5,1553.2
2019-10-05,2019,Burnley,Everton,1,0,H,U,2.93,3.3,2.52,3,2,7,9,4,2.0,0.0,1.0,2.0,5.0,1.0,4.0,3.0,5.0,-2.0,2.0,-4.0,6.0,2.0,0.0,2.0,1.0,2.0,-1.0,66.7,33.3,0.0,66.7,12.0,9.0,15.0,15.0,1484.6,1519.0
2019-10-05,2019,Brighton,Tottenham,3,0,H,O,3.9,3.63,1.96,6,3,4,4,4,0.0,0.0,1.0,1.0,2.0,5.0,-3.0,4.0,6.0,-2.0,-2.0,-1.0,-1.0,0.0,0.0,0.0,1.0,0.0,1.0,0.0,33.3,0.0,33.3,12.0,15.0,19.0,10.0,1433.5,1625.4
2019-09-30,2019,Man United,Arsenal,1,1,D,U,2.36,3.53,2.99,4,5,8,7,4,2.0,1.0,1.0,1.0,6.0,4.0,2.0,2.0,5.0,-3.0,4.0,-1.0,5.0,1.0,0.0,1.0,0.0,1.0,-1.0,66.7,33.3,33.3,33.3,13.0,9.0,14.0,8.0,1614.1,1616.7
2019-09-29,2019,Leicester,Newcastle,5,0,H,O,1.53,4.09,7.06,5,0,9,0,4,2.0,1.0,0.0,2.0,5.0,3.0,2.0,2.0,6.0,-4.0,3.0,-3.0,6.0,1.0,0.0,1.0,0.0,2.0,-2.0,66.7,0.0,33.3,66.7,13.0,7.0,24.0,12.0,1544.8,1486.8
2019-09-28,2019,Wolves,Watford,2,0,H,U,1.89,3.49,4.46,2,5,1,6,4,0.0,0.0,1.0,2.0,4.0,1.0,3.0,7.0,10.0,-3.0,-3.0,-9.0,6.0,0.0,0.0,0.0,1.0,1.0,0.0,0.0,33.3,0.0,66.7,8.0,9.0,15.0,16.0,1528.6,1452.3
2019-09-28,2019,Tottenham,Southampton,2,1,H,O,1.44,4.67,7.61,4,6,6,6,4,2.0,2.0,1.0,1.0,7.0,3.0,4.0,2.0,3.0,-1.0,5.0,0.0,5.0,2.0,1.0,1.0,0.0,1.0,-1.0,66.7,33.3,66.7,33.3,14.0,14.0,24.0,18.0,1619.5,1469.4
2019-09-28,2019,Sheffield United,Liverpool,0,1,A,U,8.9,5.17,1.36,2,4,6,5,4,1.0,3.0,2.0,0.0,2.0,7.0,-5.0,3.0,2.0,1.0,-1.0,5.0,-6.0,0.0,1.0,-1.0,0.0,0.0,0.0,33.3,66.7,100.0,0.0,10.0,16.0,27.0,17.0,1504.0,1790.2
2019-09-28,2019,Everton,Man City,1,3,A,O,9.84,5.86,1.3,8,9,5,2,4,2.0,2.0,1.0,1.0,4.0,10.0,-6.0,4.0,4.0,0.0,0.0,6.0,-6.0,0.0,2.0,-2.0,1.0,0.0,1.0,66.7,33.3,66.7,33.3,11.0,22.0,23.0,22.0,1522.4,1795.3
2019-09-28,2019,Crystal Palace,Norwich,2,0,H,U,1.94,3.75,3.88,3,3,5,5,4,1.0,0.0,0.0,3.0,2.0,1.0,1.0,1.0,8.0,-7.0,1.0,-7.0,8.0,0.0,0.0,0.0,0.0,3.0,-3.0,33.3,0.0,0.0,100.0,11.0,10.0,25.0,7.0,1523.4,1419.8
2019-09-28,2019,Chelsea,Brighton,2,0,H,U,1.44,4.64,7.64,10,1,5,2,4,0.0,1.0,1.0,1.0,4.0,3.0,1.0,5.0,4.0,1.0,-1.0,-1.0,0.0,0.0,1.0,-1.0,0.0,1.0,-1.0,0.0,33.3,33.3,33.3,12.0,8.0,13.0,6.0,1631.5,1438.5
2019-09-28,2019,Bournemouth,West Ham,2,2,D,O,2.48,3.56,2.79,5,6,6,6,4,1.0,1.0,1.0,0.0,5.0,4.0,1.0,5.0,2.0,3.0,0.0,2.0,-2.0,1.0,1.0,0.0,1.0,0.0,1.0,33.3,33.3,33.3,0.0,16.0,14.0,14.0,17.0,1490.3,1538.1
2019-09-28,2019,Aston Villa,Burnley,2,2,D,O,2.38,3.38,3.08,3,3,7,3,4,1.0,0.0,1.0,1.0,3.0,3.0,0.0,2.0,4.0,-2.0,1.0,-1.0,2.0,1.0,0.0,1.0,0.0,0.0,0.0,33.3,33.3,0.0,33.3,15.0,10.0,12.0,16.0,1348.4,1488.4
2019-09-22,2019,West Ham,Man United,2,0,H,U,3.24,3.59,2.21,6,3,3,7,3,,,,,,,,,,,,,,,,,,,,50.0,50.0,0.0,0.0,,,,,1525.3,1627.0
2019-09-22,2019,Crystal Palace,Wolves,1,1,D,U,2.64,3.11,2.93,4,4,6,7,3,,,,,,,,,,,,,,,,,,,,50.0,0.0,0.0,50.0,,,,,1523.2,1528.8
2019-09-22,2019,Chelsea,Liverpool,1,2,A,O,3.58,3.69,2.04,2,3,6,4,3,,,,,,,,,,,,,,,,,,,,0.0,0.0,100.0,0.0,,,,,1637.5,1784.2
2019-09-22,2019,Arsenal,Aston Villa,3,2,H,O,1.42,4.9,7.49,6,9,9,4,3,,,,,,,,,,,,,,,,,,,,50.0,0.0,0.0,100.0,,,,,1613.1,1352.0
2019-09-21,2019,Newcastle,Brighton,0,0,D,U,2.5,3.16,3.07,4,3,5,3,3,,,,,,,,,,,,,,,,,,,,0.0,50.0,50.0,50.0,,,,,1488.3,1437.0
2019-09-21,2019,Man City,Watford,8,0,H,O,1.11,10.24,23.21,11,4,5,4,3,,,,,,,,,,,,,,,,,,,,50.0,0.0,0.0,50.0,,,,,1792.8,1454.8
2019-09-21,2019,Leicester,Tottenham,2,1,H,O,2.87,3.5,2.45,7,4,8,2,3,,,,,,,,,,,,,,,,,,,,50.0,0.0,0.0,0.0,,,,,1532.0,1632.3
2019-09-21,2019,Everton,Sheffield United,0,2,A,U,1.67,3.8,5.58,3,1,12,3,3,,,,,,,,,,,,,,,,,,,,100.0,0.0,0.0,0.0,,,,,1533.6,1492.8
2019-09-21,2019,Burnley,Norwich,2,0,H,U,1.99,3.76,3.67,6,2,7,3,3,,,,,,,,,,,,,,,,,,,,50.0,50.0,0.0,100.0,,,,,1479.9,1428.3
2019-09-20,2019,Southampton,Bournemouth,1,3,A,O,2.1,3.62,3.5,6,3,4,5,3,,,,,,,,,,,,,,,,,,,,0.0,50.0,50.0,50.0,,,,,1479.4,1480.4
2019-09-16,2019,Aston Villa,West Ham,0,0,D,U,2.64,3.56,2.63,5,1,2,4,3,,,,,,,,,,,,,,,,,,,,50.0,50.0,50.0,0.0,,,,,1347.2,1530.1
2019-09-15,2019,Watford,Arsenal,2,2,D,O,3.64,3.74,2.01,7,4,7,1,3,,,,,,,,,,,,,,,,,,,,0.0,100.0,50.0,50.0,,,,,1450.4,1617.6
2019-09-15,2019,Bournemouth,Everton,3,1,H,O,3.01,3.48,2.37,6,5,7,7,3,,,,,,,,,,,,,,,,,,,,0.0,50.0,0.0,50.0,,,,,1468.2,1545.8
2019-09-14,2019,Wolves,Chelsea,2,5,A,O,2.97,3.36,2.46,4,6,7,5,3,,,,,,,,,,,,,,,,,,,,0.0,0.0,50.0,50.0,,,,,1536.1,1630.1
2019-09-14,2019,Tottenham,Crystal Palace,4,0,H,O,1.39,5.0,8.24,5,6,4,3,3,,,,,,,,,,,,,,,,,,,,50.0,50.0,50.0,50.0,,,,,1624.9,1530.6
2019-09-14,2019,Sheffield United,Southampton,0,1,A,U,2.46,3.26,3.06,4,7,12,6,3,,,,,,,,,,,,,,,,,,,,50.0,50.0,50.0,50.0,,,,,1503.9,1468.4
2019-09-14,2019,Norwich,Man City,3,2,H,O,17.04,9.03,1.15,3,8,3,16,3,,,,,,,,,,,,,,,,,,,,50.0,50.0,100.0,0.0,,,,,1410.1,1811.0
2019-09-14,2019,Man United,Leicester,1,0,H,U,1.94,3.55,4.12,5,3,3,9,3,,,,,,,,,,,,,,,,,,,,50.0,50.0,50.0,0.0,,,,,1619.2,1539.8
2019-09-14,2019,Liverpool,Newcastle,3,1,H,O,1.15,8.27,19.45,9,1,10,1,3,,,,,,,,,,,,,,,,,,,,100.0,0.0,50.0,50.0,,,,,1781.0,1491.4
2019-09-14,2019,Brighton,Burnley,1,1,D,U,2.15,3.34,3.62,5,1,3,6,3,,,,,,,,,,,,,,,,,,,,0.0,50.0,0.0,50.0,,,,,1435.7,1481.2
2019-09-01,2019,Everton,Wolves,3,2,H,O,2.17,3.29,3.65,6,5,7,7,2,,,,,,,,,,,,,,,,,,,,100.0,0.0,0.0,0.0,,,,,1535.5,1546.4
2019-09-01,2019,Arsenal,Tottenham,2,2,D,O,2.38,3.63,2.9,8,9,11,6,2,,,,,,,,,,,,,,,,,,,,100.0,0.0,0.0,0.0,,,,,1617.3,1625.2
2019-08-31,2019,West Ham,Norwich,2,0,H,U,1.89,3.91,3.92,8,3,8,2,2,,,,,,,,,,,,,,,,,,,,0.0,100.0,0.0,100.0,,,,,1523.1,1417.1
2019-08-31,2019,Southampton,Man United,1,1,D,U,3.75,3.38,2.1,2,8,2,3,2,,,,,,,,,,,,,,,,,,,,0.0,100.0,0.0,0.0,,,,,1464.1,1623.5
2019-08-31,2019,Newcastle,Watford,1,1,D,U,2.63,3.24,2.86,5,3,6,5,2,,,,,,,,,,,,,,,,,,,,0.0,100.0,0.0,100.0,,,,,1492.7,1449.1
2019-08-31,2019,Man City,Brighton,4,0,H,O,1.09,11.73,30.92,6,2,8,1,2,,,,,,,,,,,,,,,,,,,,0.0,0.0,100.0,0.0,,,,,1808.9,1437.9
2019-08-31,2019,Leicester,Bournemouth,3,1,H,O,1.72,4.02,4.81,5,2,4,5,2,,,,,,,,,,,,,,,,,,,,0.0,0.0,100.0,0.0,,,,,1531.3,1476.6
2019-08-31,2019,Crystal Palace,Aston Villa,1,0,H,U,2.21,3.38,3.43,5,2,13,2,2,,,,,,,,,,,,,,,,,,,,0.0,0.0,0.0,100.0,,,,,1525.2,1352.6
2019-08-31,2019,Chelsea,Sheffield United,2,2,D,O,1.36,4.98,9.53,5,2,3,4,2,,,,,,,,,,,,,,,,,,,,0.0,0.0,0.0,0.0,,,,,1633.8,1500.2
2019-08-31,2019,Burnley,Liverpool,0,3,A,O,9.45,5.43,1.33,2,7,6,4,2,,,,,,,,,,,,,,,,,,,,100.0,0.0,100.0,0.0,,,,,1484.3,1777.9
2019-08-25,2019,Wolves,Burnley,1,1,D,U,1.85,3.43,4.78,2,4,4,3,2,,,,,,,,,,,,,,,,,,,,0.0,0.0,0.0,100.0,,,,,1548.3,1482.4
2019-08-25,2019,Tottenham,Newcastle,0,1,A,U,1.24,6.26,12.35,2,3,6,6,2,,,,,,,,,,,,,,,,,,,,100.0,0.0,0.0,100.0,,,,,1639.5,1478.3
2019-08-25,2019,Bournemouth,Man City,1,3,A,O,14.52,7.28,1.19,7,5,4,5,2,,,,,,,,,,,,,,,,,,,,0.0,0.0,100.0,0.0,,,,,1479.2,1806.3
2019-08-24,2019,Watford,West Ham,1,3,A,O,2.13,3.53,3.47,3,10,8,7,2,,,,,,,,,,,,,,,,,,,,0.0,100.0,0.0,0.0,,,,,1457.5,1514.7
2019-08-24,2019,Sheffield United,Leicester,1,2,A,O,3.45,3.23,2.26,3,2,7,4,2,,,,,,,,,,,,,,,,,,,,100.0,0.0,0.0,0.0,,,,,1509.9,1521.7
2019-08-24,2019,Norwich,Chelsea,2,3,A,O,4.18,3.92,1.83,5,8,1,8,2,,,,,,,,,,,,,,,,,,,,100.0,0.0,0.0,100.0,,,,,1421.8,1629.1
2019-08-24,2019,Man United,Crystal Palace,1,2,A,O,1.36,5.06,9.16,3,3,8,1,2,,,,,,,,,,,,,,,,,,,,100.0,0.0,0.0,100.0,,,,,1636.9,1511.7
2019-08-24,2019,Liverpool,Arsenal,3,1,H,O,1.5,4.76,6.09,5,3,6,4,2,,,,,,,,,,,,,,,,,,,,100.0,0.0,100.0,0.0,,,,,1772.0,1623.3
2019-08-24,2019,Brighton,Southampton,0,2,A,U,2.43,3.25,3.08,3,4,8,5,2,,,,,,,,,,,,,,,,,,,,0.0,0.0,0.0,100.0,,,,,1447.7,1454.3
2019-08-23,2019,Aston Villa,Everton,2,0,H,U,3.16,3.5,2.27,3,1,0,6,2,,,,,,,,,,,,,,,,,,,,0.0,100.0,0.0,0.0,,,,,1337.1,1550.9
2019-08-19,2019,Wolves,Man United,1,1,D,U,3.32,3.28,2.3,2,2,4,6,1,,,,,,,,,,,,,,,,,,,,,,,,,,,,1545.7,1639.6
2019-08-18,2019,Sheffield United,Crystal Palace,1,0,H,U,2.57,3.19,2.95,3,4,8,4,1,,,,,,,,,,,,,,,,,,,,,,,,,,,,1499.2,1522.4
2019-08-18,2019,Chelsea,Leicester,1,1,D,U,1.73,3.77,5.07,5,3,4,5,1,,,,,,,,,,,,,,,,,,,,,,,,,,,,1632.3,1518.5
2019-08-17,2019,Southampton,Liverpool,1,2,A,O,6.77,4.67,1.47,3,6,5,9,1,,,,,,,,,,,,,,,,,,,,,,,,,,,,1457.1,1769.1
2019-08-17,2019,Norwich,Newcastle,3,1,H,O,2.23,3.38,3.38,8,3,7,5,1,,,,,,,,,,,,,,,,,,,,,,,,,,,,1409.5,1490.6
2019-08-17,2019,Man City,Tottenham,2,2,D,O,1.36,5.32,8.46,10,2,13,2,1,,,,,,,,,,,,,,,,,,,,,,,,,,,,1810.9,1634.8
2019-08-17,2019,Everton,Watford,1,0,H,U,1.73,3.9,4.86,2,2,4,7,1,,,,,,,,,,,,,,,,,,,,,,,,,,,,1543.1,1465.3
2019-08-17,2019,Brighton,West Ham,1,1,D,U,2.52,3.33,2.9,4,3,8,6,1,,,,,,,,,,,,,,,,,,,,,,,,,,,,1445.6,1516.7
2019-08-17,2019,Aston Villa,Bournemouth,1,2,A,O,2.33,3.49,3.08,7,4,10,5,1,,,,,,,,,,,,,,,,,,,,,,,,,,,,1343.5,1472.8
2019-08-17,2019,Arsenal,Burnley,2,1,H,O,1.33,5.49,9.48,9,5,10,7,1,,,,,,,,,,,,,,,,,,,,,,,,,,,,1616.8,1488.9
2019-08-11,2019,Newcastle,Arsenal,0,1,A,U,4.49,3.82,1.79,2,2,5,3,1,,,,,,,,,,,,,,,,,,,,,,,,,,,,1497.5,1610.0
2019-08-11,2019,Man United,Chelsea,4,0,H,O,2.19,3.32,3.49,5,7,3,5,1,,,,,,,,,,,,,,,,,,,,,,,,,,,,1629.2,1642.7
2019-08-11,2019,Leicester,Wolves,0,0,D,U,2.22,3.28,3.48,1,2,12,3,1,,,,,,,,,,,,,,,,,,,,,,,,,,,,1517.7,1546.5
2019-08-10,2019,West Ham,Man City,0,5,A,O,11.84,6.28,1.25,3,9,1,1,1,,,,,,,,,,,,,,,,,,,,,,,,,,,,1519.9,1807.7
2019-08-10,2019,Watford,Brighton,0,3,A,O,1.94,3.41,4.26,3,3,5,2,1,,,,,,,,,,,,,,,,,,,,,,,,,,,,1476.5,1434.4
2019-08-10,2019,Tottenham,Aston Villa,3,1,H,O,1.3,5.53,10.51,7,4,14,0,1,,,,,,,,,,,,,,,,,,,,,,,,,,,,1631.6,1346.8
2019-08-10,2019,Crystal Palace,Everton,0,0,D,U,3.13,3.27,2.4,2,3,6,2,1,,,,,,,,,,,,,,,,,,,,,,,,,,,,1521.8,1543.8
2019-08-10,2019,Burnley,Southampton,3,0,H,O,2.68,3.22,2.78,4,3,2,7,1,,,,,,,,,,,,,,,,,,,,,,,,,,,,1479.3,1466.7
2019-08-10,2019,Bournemouth,Sheffield United,1,1,D,U,2.01,3.53,3.83,3,3,3,4,1,,,,,,,,,,,,,,,,,,,,,,,,,,,,1472.0,1500.0
2019-08-09,2019,Liverpool,Norwich,4,1,H,O,1.14,8.75,19.83,7,5,11,2,1,,,,,,,,,,,,,,,,,,,,,,,,,,,,1766.8,1411.8
2019-05-12,2018,Watford,West Ham,1,4,A,O,2.25,3.75,3.2,8,9,7,2,19,0.0,1.0,2.0,2.0,2.0,2.0,0.0,4.0,4.0,0.0,-2.0,-2.0,0.0,0.0,0.0,0.0,0.0,1.0,-1.0,44.4,38.9,27.8,55.6,8.0,13.0,13.0,22.0,1485.8,1510.6
2019-05-12,2018,Tottenham,Everton,2,2,D,O,2.2,3.5,3.5,3,9,7,4,19,2.0,1.0,1.0,1.0,5.0,2.0,3.0,1.0,2.0,-1.0,4.0,0.0,4.0,1.0,1.0,0.0,0.0,1.0,-1.0,66.7,27.8,27.8,50.0,14.0,13.0,12.0,22.0,1634.2,1541.2
2019-05-12,2018,Southampton,Huddersfield,1,1,D,U,1.44,4.75,8.5,3,3,4,3,19,1.0,0.0,1.0,3.0,7.0,0.0,7.0,7.0,11.0,-4.0,0.0,-11.0,11.0,1.0,0.0,1.0,1.0,3.0,-2.0,27.8,33.3,5.6,77.8,14.0,7.0,20.0,11.0,1470.4,1337.7
2019-05-12,2018,Man United,Cardiff,0,2,A,U,1.28,6.5,11.0,10,4,11,2,19,1.0,1.0,1.0,2.0,3.0,2.0,1.0,4.0,3.0,1.0,-1.0,-1.0,0.0,0.0,1.0,-1.0,1.0,1.0,0.0,55.6,11.1,16.7,72.2,10.0,13.0,10.0,11.0,1644.8,1423.5
2019-05-12,2018,Liverpool,Wolves,2,0,H,U,1.3,6.0,11.0,5,2,4,1,19,3.0,1.0,0.0,2.0,9.0,3.0,6.0,1.0,6.0,-5.0,8.0,-3.0,11.0,2.0,0.0,2.0,0.0,2.0,-2.0,88.9,0.0,33.3,38.9,17.0,7.0,23.0,19.0,1762.2,1551.1
2019-05-12,2018,Leicester,Chelsea,0,0,D,U,2.4,3.75,2.9,3,4,4,5,19,2.0,1.0,1.0,1.0,5.0,3.0,2.0,1.0,4.0,-3.0,4.0,-1.0,5.0,2.0,0.0,2.0,0.0,1.0,-1.0,44.4,44.4,50.0,38.9,21.0,9.0,16.0,15.0,1514.0,1646.3
2019-05-12,2018,Fulham,Newcastle,0,4,A,O,2.5,3.6,2.9,2,6,5,5,19,2.0,1.0,1.0,1.0,3.0,2.0,1.0,2.0,3.0,-1.0,1.0,-1.0,2.0,1.0,0.0,1.0,1.0,1.0,0.0,33.3,50.0,16.7,38.9,7.0,7.0,17.0,9.0,1416.0,1489.6
2019-05-12,2018,Crystal Palace,Bournemouth,5,3,H,O,1.9,4.2,3.8,8,8,4,4,19,1.0,1.0,1.0,1.0,3.0,8.0,-5.0,3.0,5.0,-2.0,0.0,3.0,-3.0,1.0,1.0,0.0,1.0,1.0,0.0,22.2,50.0,27.8,66.7,8.0,14.0,12.0,5.0,1512.7,1481.1
2019-05-12,2018,Burnley,Arsenal,1,3,A,O,3.25,3.8,2.2,5,6,4,5,19,2.0,1.0,1.0,2.0,4.0,2.0,2.0,1.0,6.0,-5.0,3.0,-4.0,7.0,2.0,0.0,2.0,0.0,2.0,-2.0,38.9,50.0,33.3,44.4,8.0,8.0,9.0,15.0,1486.0,1603.2
2019-05-12,2018,Brighton,Man City,1,4,A,O,19.0,8.5,1.16,2,9,2,6,19,0.0,3.0,2.0,0.0,1.0,6.0,-5.0,8.0,1.0,7.0,-7.0,5.0,-12.0,0.0,2.0,-2.0,2.0,0.0,2.0,33.3,38.9,72.2,16.7,5.0,18.0,16.0,16.0,1436.6,1805.6
2019-05-06,2018,Man City,Leicester,1,0,H,U,1.12,8.5,17.0,5,2,11,0,19,3.0,2.0,0.0,0.0,6.0,8.0,-2.0,1.0,4.0,-3.0,5.0,4.0,1.0,2.0,1.0,1.0,0.0,0.0,0.0,94.4,5.6,38.9,38.9,24.0,18.0,20.0,16.0,1802.4,1517.3
2019-05-05,2018,Huddersfield,Man United,1,1,D,U,11.0,6.0,1.3,3,7,3,7,19,0.0,0.0,3.0,3.0,2.0,1.0,1.0,8.0,8.0,0.0,-6.0,-7.0,1.0,0.0,0.0,0.0,2.0,2.0,0.0,11.1,77.8,50.0,38.9,8.0,9.0,16.0,9.0,1330.4,1652.1
2019-05-05,2018,Chelsea,Watford,3,0,H,O,1.4,5.25,8.0,9,3,6,6,19,2.0,1.0,0.0,2.0,7.0,4.0,3.0,2.0,6.0,-4.0,5.0,-2.0,7.0,2.0,0.0,2.0,0.0,1.0,-1.0,61.1,5.6,33.3,38.9,20.0,15.0,24.0,8.0,1640.4,1491.7
2019-05-05,2018,Arsenal,Brighton,1,1,D,U,1.4,5.0,9.0,8,5,16,3,19,2.0,0.0,1.0,2.0,6.0,0.0,6.0,3.0,4.0,-1.0,3.0,-4.0,7.0,2.0,0.0,2.0,0.0,1.0,-1.0,77.8,11.1,16.7,66.7,12.0,2.0,19.0,5.0,1607.9,1431.9
2019-05-04,2018,Wolves,Fulham,1,0,H,U,1.53,4.2,7.5,6,2,7,1,19,2.0,1.0,0.0,2.0,5.0,3.0,2.0,2.0,7.0,-5.0,3.0,-4.0,7.0,1.0,0.0,1.0,0.0,2.0,-2.0,50.0,27.8,5.6,83.3,10.0,15.0,22.0,16.0,1544.4,1422.7
2019-05-04,2018,West Ham,Southampton,3,0,H,O,2.3,3.75,3.1,6,1,2,7,19,1.0,1.0,1.0,1.0,6.0,3.0,3.0,7.0,4.0,3.0,-1.0,-1.0,0.0,0.0,0.0,0.0,1.0,1.0,0.0,44.4,33.3,22.2,55.6,9.0,9.0,15.0,20.0,1501.3,1479.8
2019-05-04,2018,Newcastle,Liverpool,2,3,A,O,9.5,5.25,1.36,7,4,2,3,19,2.0,3.0,1.0,0.0,6.0,7.0,-1.0,4.0,2.0,2.0,2.0,5.0,-3.0,1.0,2.0,-1.0,0.0,0.0,0.0,44.4,50.0,66.7,5.6,18.0,17.0,21.0,25.0,1493.2,1758.7
2019-05-04,2018,Cardiff,Crystal Palace,2,3,A,O,2.6,3.75,2.7,8,7,10,5,19,1.0,2.0,2.0,1.0,3.0,4.0,-1.0,4.0,4.0,0.0,-1.0,0.0,-1.0,1.0,0.0,1.0,1.0,1.0,0.0,33.3,55.6,44.4,44.4,12.0,9.0,14.0,9.0,1431.4,1504.8
2019-05-04,2018,Bournemouth,Tottenham,1,0,H,U,4.0,4.0,1.9,6,5,10,6,19,0.0,0.0,2.0,3.0,3.0,2.0,1.0,6.0,5.0,1.0,-3.0,-3.0,0.0,0.0,0.0,0.0,1.0,0.0,1.0,38.9,33.3,61.1,38.9,10.0,11.0,12.0,17.0,1466.3,1649.0
2019-05-03,2018,Everton,Burnley,2,0,H,U,1.66,4.0,5.75,6,1,8,1,19,3.0,1.0,0.0,1.0,7.0,7.0,0.0,0.0,7.0,-7.0,7.0,0.0,7.0,2.0,1.0,1.0,0.0,1.0,-1.0,50.0,27.8,22.2,50.0,22.0,8.0,22.0,10.0,1532.2,1494.9
2019-04-28,2018,Man United,Chelsea,1,1,D,U,2.7,3.5,2.7,5,3,6,6,18,2.0,1.0,1.0,2.0,4.0,2.0,2.0,4.0,5.0,-1.0,0.0,-3.0,3.0,0.0,0.0,0.0,1.0,2.0,-1.0,58.8,11.8,52.9,41.2,10.0,11.0,7.0,13.0,1652.5,1640.0
2019-04-28,2018,Leicester,Arsenal,3,0,H,O,2.75,3.6,2.6,12,1,8,6,18,2.0,1.0,1.0,2.0,5.0,2.0,3.0,2.0,4.0,-2.0,3.0,-2.0,5.0,2.0,0.0,2.0,0.0,1.0,-1.0,41.2,47.1,35.3,41.2,17.0,9.0,14.0,15.0,1504.0,1621.1
2019-04-28,2018,Burnley,Man City,0,1,A,U,23.0,9.0,1.14,0,7,0,6,18,2.0,3.0,1.0,0.0,5.0,7.0,-2.0,2.0,1.0,1.0,3.0,6.0,-3.0,2.0,3.0,-1.0,0.0,0.0,0.0,41.2,47.1,70.6,17.6,10.0,18.0,18.0,21.0,1497.9,1799.4
2019-04-27,2018,Watford,Wolves,1,2,A,O,2.62,3.3,2.9,1,4,4,5,18,1.0,0.0,1.0,2.0,5.0,2.0,3.0,3.0,6.0,-3.0,2.0,-4.0,6.0,1.0,0.0,1.0,0.0,2.0,-2.0,47.1,35.3,29.4,41.2,14.0,4.0,15.0,14.0,1500.7,1535.4
2019-04-27,2018,Tottenham,West Ham,0,1,A,U,1.4,5.5,7.5,4,7,2,7,18,3.0,0.0,0.0,3.0,7.0,1.0,6.0,0.0,6.0,-6.0,7.0,-5.0,12.0,2.0,0.0,2.0,0.0,2.0,-2.0,70.6,23.5,23.5,58.8,20.0,8.0,18.0,20.0,1663.7,1486.6
2019-04-27,2018,Southampton,Bournemouth,3,3,D,O,1.9,3.9,4.1,7,5,9,3,18,2.0,2.0,1.0,1.0,6.0,7.0,-1.0,5.0,2.0,3.0,1.0,5.0,-4.0,1.0,2.0,-1.0,1.0,1.0,0.0,29.4,35.3,29.4,70.6,11.0,14.0,12.0,7.0,1480.2,1465.9
2019-04-27,2018,Fulham,Cardiff,1,0,H,U,2.4,3.6,3.0,2,8,10,3,18,1.0,1.0,2.0,2.0,3.0,2.0,1.0,4.0,4.0,0.0,-1.0,-2.0,1.0,1.0,1.0,0.0,1.0,2.0,-1.0,29.4,52.9,17.6,70.6,7.0,6.0,8.0,12.0,1411.8,1442.2
2019-04-27,2018,Crystal Palace,Everton,0,0,D,U,2.62,3.5,2.8,0,3,5,10,18,1.0,1.0,2.0,2.0,4.0,4.0,0.0,5.0,5.0,0.0,-1.0,-1.0,0.0,1.0,1.0,0.0,1.0,1.0,0.0,23.5,52.9,29.4,52.9,11.0,13.0,15.0,14.0,1503.9,1533.1
2019-04-27,2018,Brighton,Newcastle,1,1,D,U,2.3,3.2,3.6,2,1,7,4,18,0.0,1.0,3.0,1.0,0.0,3.0,-3.0,8.0,4.0,4.0,-8.0,-1.0,-7.0,0.0,0.0,0.0,2.0,1.0,1.0,35.3,41.2,17.6,41.2,4.0,10.0,15.0,11.0,1430.1,1495.0
2019-04-26,2018,Liverpool,Huddersfield,5,0,H,O,1.07,15.0,41.0,7,1,4,4,18,3.0,0.0,0.0,3.0,8.0,3.0,5.0,3.0,10.0,-7.0,5.0,-7.0,12.0,2.0,0.0,2.0,0.0,2.0,-2.0,88.2,0.0,5.9,76.5,15.0,11.0,26.0,15.0,1757.1,1332.0
2019-04-24,2018,Wolves,Arsenal,3,1,H,O,2.9,3.5,2.55,3,1,5,5,18,2.0,1.0,0.0,1.0,4.0,2.0,2.0,1.0,2.0,-1.0,3.0,0.0,3.0,1.0,0.0,1.0,0.0,0.0,0.0,47.1,29.4,37.5,37.5,13.0,12.0,24.0,14.0,1522.3,1634.2
2019-04-24,2018,Man United,Man City,0,2,A,U,7.5,5.0,1.44,1,5,1,1,17,3.0,3.0,0.0,0.0,7.0,6.0,1.0,4.0,1.0,3.0,3.0,5.0,-2.0,0.0,2.0,-2.0,0.0,0.0,0.0,62.5,6.2,68.8,18.8,15.0,20.0,15.0,34.0,1658.8,1793.0
2019-04-23,2018,Watford,Southampton,1,1,D,U,2.25,3.5,3.4,4,4,3,4,17,2.0,1.0,1.0,2.0,6.0,4.0,2.0,3.0,6.0,-3.0,3.0,-2.0,5.0,1.0,0.0,1.0,0.0,1.0,-1.0,50.0,37.5,23.5,58.8,15.0,8.0,13.0,23.0,1501.4,1479.6
2019-04-23,2018,Tottenham,Brighton,1,0,H,U,1.28,6.0,13.0,5,1,6,3,17,2.0,1.0,0.0,1.0,7.0,2.0,5.0,1.0,4.0,-3.0,6.0,-2.0,8.0,2.0,0.0,2.0,0.0,1.0,-1.0,68.8,25.0,17.6,64.7,18.0,4.0,15.0,2.0,1659.4,1434.4
2019-04-22,2018,Chelsea,Burnley,2,2,D,O,1.25,6.25,15.0,9,3,10,1,18,2.0,1.0,0.0,2.0,6.0,5.0,1.0,1.0,7.0,-6.0,5.0,-2.0,7.0,2.0,1.0,1.0,0.0,2.0,-2.0,64.7,5.9,23.5,52.9,17.0,7.0,27.0,16.0,1644.1,1493.9
2019-04-21,2018,Everton,Man United,4,0,H,O,3.25,3.5,2.3,8,1,10,2,18,2.0,1.0,0.0,2.0,3.0,4.0,-1.0,0.0,5.0,-5.0,3.0,-1.0,4.0,1.0,1.0,0.0,0.0,1.0,-1.0,47.1,29.4,52.9,35.3,17.0,12.0,15.0,13.0,1518.9,1673.0
2019-04-21,2018,Cardiff,Liverpool,0,2,A,U,17.0,7.5,1.2,2,6,5,10,18,1.0,2.0,2.0,0.0,3.0,5.0,-2.0,5.0,2.0,3.0,-2.0,3.0,-5.0,1.0,1.0,0.0,1.0,0.0,1.0,35.3,52.9,64.7,5.9,10.0,14.0,12.0,22.0,1445.1,1754.2
2019-04-21,2018,Arsenal,Crystal Palace,2,3,A,O,1.53,4.6,6.5,5,7,8,3,18,3.0,2.0,0.0,1.0,9.0,4.0,5.0,1.0,3.0,-2.0,8.0,1.0,7.0,3.0,1.0,2.0,0.0,1.0,-1.0,82.4,5.9,41.2,47.1,13.0,6.0,20.0,11.0,1648.5,1489.6
2019-04-20,2018,Wolves,Brighton,0,0,D,U,1.75,3.5,6.0,5,0,14,1,17,2.0,1.0,0.0,2.0,5.0,3.0,2.0,2.0,6.0,-4.0,3.0,-3.0,6.0,1.0,0.0,1.0,0.0,1.0,-1.0,50.0,31.2,18.8,68.8,14.0,7.0,23.0,9.0,1524.9,1431.7
2019-04-20,2018,West Ham,Leicester,2,2,D,O,3.3,3.5,2.3,3,5,6,8,18,2.0,2.0,1.0,1.0,6.0,7.0,-1.0,5.0,4.0,1.0,1.0,3.0,-2.0,1.0,1.0,0.0,1.0,0.0,1.0,47.1,35.3,41.2,41.2,10.0,15.0,10.0,13.0,1486.0,1504.6
2019-04-20,2018,Newcastle,Southampton,3,1,H,O,2.55,3.2,3.1,6,3,4,11,18,2.0,1.0,1.0,2.0,5.0,3.0,2.0,3.0,5.0,-2.0,2.0,-2.0,4.0,1.0,0.0,1.0,0.0,1.0,-1.0,41.2,52.9,25.0,56.2,15.0,9.0,21.0,16.0,1484.9,1489.7
2019-04-20,2018,Man City,Tottenham,1,0,H,U,1.3,6.0,11.0,4,4,4,4,18,3.0,0.0,0.0,3.0,6.0,2.0,4.0,1.0,6.0,-5.0,5.0,-4.0,9.0,2.0,0.0,2.0,0.0,1.0,-1.0,94.1,5.9,64.7,35.3,27.0,7.0,28.0,15.0,1786.4,1666.1
2019-04-20,2018,Huddersfield,Watford,1,2,A,O,4.4,3.9,1.85,3,6,2,2,18,1.0,0.0,2.0,3.0,2.0,2.0,0.0,6.0,10.0,-4.0,-4.0,-8.0,4.0,0.0,0.0,0.0,2.0,2.0,0.0,11.8,76.5,29.4,41.2,8.0,12.0,17.0,10.0,1337.7,1495.6
2019-04-20,2018,Bournemouth,Fulham,0,1,A,U,1.65,4.4,5.25,5,5,3,7,18,0.0,0.0,2.0,3.0,3.0,2.0,1.0,6.0,9.0,-3.0,-3.0,-7.0,4.0,0.0,0.0,0.0,1.0,3.0,-2.0,41.2,29.4,0.0,88.2,5.0,14.0,9.0,13.0,1478.1,1399.6
2019-04-16,2018,Brighton,Cardiff,0,2,A,U,2.0,3.3,4.5,2,3,5,4,17,1.0,0.0,2.0,3.0,1.0,0.0,1.0,6.0,6.0,0.0,-5.0,-6.0,1.0,0.0,0.0,0.0,1.0,3.0,-2.0,37.5,37.5,12.5,75.0,6.0,7.0,16.0,16.0,1441.9,1434.9
2019-04-15,2018,Watford,Arsenal,0,1,A,U,3.2,3.75,2.25,3,6,6,4,16,3.0,1.0,0.0,1.0,7.0,3.0,4.0,2.0,3.0,-1.0,5.0,0.0,5.0,1.0,0.0,1.0,0.0,0.0,0.0,53.3,33.3,33.3,40.0,14.0,10.0,15.0,10.0,1501.8,1642.4
2019-04-14,2018,Liverpool,Chelsea,2,0,H,U,1.66,4.2,5.25,7,3,9,2,17,3.0,2.0,0.0,1.0,11.0,4.0,7.0,3.0,4.0,-1.0,8.0,0.0,8.0,2.0,0.0,2.0,0.0,1.0,-1.0,87.5,0.0,56.2,37.5,18.0,15.0,23.0,15.0,1746.9,1651.4
2019-04-14,2018,Crystal Palace,Man City,1,3,A,O,11.0,6.0,1.3,3,6,2,9,17,1.0,3.0,2.0,0.0,4.0,5.0,-1.0,5.0,0.0,5.0,-1.0,5.0,-6.0,1.0,2.0,-1.0,1.0,0.0,1.0,25.0,50.0,66.7,20.0,10.0,18.0,18.0,31.0,1492.8,1783.2
2019-04-13,2018,Tottenham,Huddersfield,4,0,H,O,1.22,7.0,15.0,5,1,4,2,16,2.0,0.0,0.0,3.0,6.0,3.0,3.0,2.0,7.0,-5.0,4.0,-4.0,8.0,2.0,0.0,2.0,0.0,1.0,-1.0,66.7,26.7,6.2,75.0,18.0,14.0,13.0,16.0,1663.4,1340.4
2019-04-13,2018,Southampton,Wolves,3,1,H,O,2.6,3.25,3.0,6,2,4,9,17,2.0,0.0,1.0,2.0,5.0,1.0,4.0,4.0,4.0,0.0,1.0,-3.0,4.0,1.0,0.0,1.0,1.0,1.0,0.0,25.0,37.5,31.2,37.5,9.0,2.0,15.0,10.0,1478.0,1536.6
2019-04-13,2018,Man United,West Ham,2,1,H,O,1.4,5.25,8.5,4,4,3,11,16,2.0,0.0,0.0,3.0,5.0,0.0,5.0,3.0,5.0,-2.0,2.0,-5.0,7.0,0.0,0.0,0.0,0.0,2.0,-2.0,60.0,6.7,25.0,56.2,14.0,5.0,15.0,11.0,1667.6,1491.4
2019-04-13,2018,Fulham,Everton,2,0,H,U,5.0,4.0,1.75,5,1,7,3,17,0.0,2.0,3.0,1.0,2.0,7.0,-5.0,6.0,3.0,3.0,-4.0,4.0,-8.0,0.0,2.0,-2.0,1.0,0.0,1.0,25.0,56.2,31.2,50.0,7.0,16.0,6.0,15.0,1385.6,1532.9
2019-04-13,2018,Burnley,Cardiff,2,0,H,U,1.9,3.6,4.5,7,2,8,4,17,1.0,1.0,2.0,2.0,4.0,2.0,2.0,5.0,5.0,0.0,-1.0,-3.0,2.0,1.0,0.0,1.0,1.0,2.0,-1.0,37.5,50.0,13.3,73.3,7.0,8.0,18.0,14.0,1485.0,1443.7
2019-04-13,2018,Brighton,Bournemouth,0,5,A,O,2.3,3.4,3.4,1,7,4,1,16,1.0,1.0,2.0,2.0,2.0,3.0,-1.0,4.0,7.0,-3.0,-2.0,-4.0,2.0,0.0,1.0,-1.0,1.0,2.0,-1.0,40.0,33.3,25.0,75.0,11.0,12.0,21.0,10.0,1451.4,1468.6
2019-04-12,2018,Leicester,Newcastle,0,1,A,U,1.66,4.0,5.75,5,5,2,3,17,3.0,0.0,0.0,2.0,7.0,2.0,5.0,2.0,6.0,-4.0,5.0,-4.0,9.0,2.0,0.0,2.0,0.0,2.0,-2.0,43.8,43.8,12.5,43.8,15.0,7.0,16.0,14.0,1515.8,1473.7
2019-04-08,2018,Chelsea,West Ham,2,0,H,U,1.33,5.75,9.5,7,2,7,4,17,2.0,0.0,0.0,2.0,6.0,1.0,5.0,1.0,4.0,-3.0,5.0,-3.0,8.0,2.0,0.0,2.0,0.0,1.0,-1.0,62.5,6.2,26.7,53.3,11.0,7.0,22.0,11.0,1645.4,1497.3
2019-04-07,2018,Everton,Arsenal,1,0,H,U,3.0,3.75,2.35,6,2,9,6,17,1.0,1.0,1.0,1.0,2.0,4.0,-2.0,2.0,5.0,-3.0,0.0,-1.0,1.0,1.0,0.0,1.0,1.0,1.0,0.0,43.8,31.2,35.7,35.7,12.0,10.0,11.0,6.0,1519.2,1656.1
2019-04-06,2018,Newcastle,Crystal Palace,0,1,A,U,2.6,3.25,3.0,5,1,9,4,17,3.0,2.0,0.0,1.0,7.0,7.0,0.0,2.0,4.0,-2.0,5.0,3.0,2.0,2.0,2.0,0.0,0.0,1.0,-1.0,43.8,50.0,37.5,50.0,22.0,10.0,24.0,10.0,1483.7,1482.8
2019-04-06,2018,Huddersfield,Leicester,1,4,A,O,5.0,4.0,1.72,4,9,8,5,17,1.0,1.0,2.0,2.0,2.0,4.0,-2.0,4.0,6.0,-2.0,-2.0,-2.0,0.0,0.0,0.0,0.0,1.0,1.0,0.0,12.5,75.0,37.5,43.8,10.0,15.0,14.0,17.0,1346.0,1510.2
2019-04-06,2018,Bournemouth,Burnley,1,3,A,O,2.1,3.6,3.75,2,3,3,6,17,0.0,1.0,1.0,2.0,3.0,5.0,-2.0,4.0,7.0,-3.0,-1.0,-2.0,1.0,0.0,1.0,-1.0,0.0,2.0,-2.0,43.8,25.0,18.8,56.2,6.0,9.0,15.0,13.0,1478.7,1474.9
2019-04-05,2018,Southampton,Liverpool,1,3,A,O,9.0,5.0,1.4,1,5,7,5,16,2.0,1.0,1.0,0.0,5.0,2.0,3.0,3.0,1.0,2.0,2.0,1.0,1.0,1.0,0.0,1.0,0.0,0.0,0.0,26.7,33.3,62.5,6.2,15.0,10.0,16.0,24.0,1481.7,1743.2
2019-04-03,2018,Tottenham,Crystal Palace,2,0,H,U,1.45,5.0,7.5,10,1,8,2,15,2.0,2.0,0.0,0.0,5.0,8.0,-3.0,2.0,3.0,-1.0,3.0,5.0,-2.0,1.0,2.0,-1.0,0.0,0.0,0.0,64.3,28.6,40.0,46.7,12.0,12.0,11.0,16.0,1657.9,1488.2
2019-04-03,2018,Man City,Cardiff,2,0,H,U,1.06,17.0,34.0,11,1,7,4,17,3.0,1.0,0.0,2.0,10.0,3.0,7.0,1.0,5.0,-4.0,9.0,-2.0,11.0,2.0,0.0,2.0,0.0,1.0,-1.0,93.8,6.2,14.3,71.4,25.0,9.0,23.0,17.0,1780.7,1446.3
2019-04-03,2018,Chelsea,Brighton,3,0,H,O,1.25,6.5,15.0,4,1,7,1,16,2.0,1.0,0.0,2.0,8.0,5.0,3.0,1.0,7.0,-6.0,7.0,-2.0,9.0,2.0,0.0,2.0,0.0,1.0,-1.0,60.0,6.7,20.0,66.7,14.0,12.0,26.0,9.0,1640.3,1456.6
2019-04-02,2018,Wolves,Man United,2,1,H,O,4.0,3.6,2.0,2,4,3,5,16,2.0,2.0,0.0,1.0,6.0,6.0,0.0,1.0,3.0,-2.0,5.0,3.0,2.0,2.0,2.0,0.0,0.0,1.0,-1.0,46.7,33.3,56.2,31.2,21.0,15.0,25.0,12.0,1522.3,1681.9
2019-04-02,2018,Watford,Fulham,4,1,H,O,1.72,4.0,5.0,7,7,6,4,15,2.0,0.0,0.0,3.0,3.0,2.0,1.0,1.0,8.0,-7.0,2.0,-6.0,8.0,0.0,0.0,0.0,0.0,3.0,-3.0,50.0,35.7,0.0,87.5,11.0,12.0,10.0,9.0,1494.6,1392.7
2019-04-01,2018,Arsenal,Newcastle,2,0,H,U,1.36,5.25,9.5,4,1,6,2,17,3.0,0.0,0.0,1.0,9.0,3.0,6.0,1.0,5.0,-4.0,8.0,-2.0,10.0,3.0,0.0,3.0,0.0,1.0,-1.0,81.2,6.2,13.3,40.0,13.0,9.0,20.0,13.0,1650.4,1489.4
2019-03-31,2018,Liverpool,Tottenham,2,1,H,O,1.61,4.2,6.0,3,2,10,3,16,3.0,0.0,0.0,3.0,12.0,2.0,10.0,2.0,6.0,-4.0,10.0,-4.0,14.0,3.0,0.0,3.0,0.0,1.0,-1.0,86.7,0.0,68.8,31.2,24.0,11.0,21.0,18.0,1735.2,1666.0
2019-03-31,2018,Cardiff,Chelsea,1,2,A,O,9.0,4.5,1.44,3,3,2,7,17,1.0,1.0,2.0,2.0,3.0,2.0,1.0,8.0,9.0,-1.0,-5.0,-7.0,2.0,1.0,0.0,1.0,2.0,2.0,0.0,37.5,50.0,53.3,40.0,13.0,16.0,13.0,10.0,1451.5,1635.1
2019-03-30,2018,West Ham,Everton,0,2,A,U,2.55,3.5,2.9,1,9,4,9,17,3.0,1.0,0.0,2.0,9.0,5.0,4.0,4.0,4.0,0.0,5.0,1.0,4.0,2.0,1.0,1.0,0.0,0.0,0.0,50.0,31.2,26.7,53.3,16.0,11.0,18.0,8.0,1507.3,1509.2
2019-03-30,2018,Man United,Watford,2,1,H,O,1.44,4.75,8.0,5,8,3,5,15,1.0,1.0,0.0,2.0,5.0,6.0,-1.0,4.0,9.0,-5.0,1.0,-3.0,4.0,0.0,1.0,-1.0,0.0,2.0,-2.0,57.1,7.1,31.2,37.5,18.0,11.0,23.0,8.0,1676.6,1499.9
2019-03-30,2018,Leicester,Bournemouth,2,0,H,U,1.85,3.8,4.5,4,2,6,1,16,2.0,1.0,1.0,2.0,6.0,3.0,3.0,6.0,8.0,-2.0,0.0,-5.0,5.0,1.0,1.0,0.0,1.0,2.0,-1.0,40.0,46.7,26.7,73.3,16.0,12.0,18.0,14.0,1500.5,1488.3
2019-03-30,2018,Fulham,Man City,0,2,A,U,21.0,11.0,1.12,0,7,0,11,16,0.0,2.0,3.0,1.0,2.0,4.0,-2.0,7.0,2.0,5.0,-5.0,2.0,-7.0,0.0,1.0,-1.0,1.0,0.0,1.0,26.7,53.3,64.3,21.4,10.0,15.0,11.0,28.0,1394.7,1778.7
2019-03-30,2018,Crystal Palace,Huddersfield,2,0,H,U,1.45,4.4,9.0,5,5,5,5,16,0.0,0.0,2.0,3.0,3.0,3.0,0.0,6.0,7.0,-1.0,-3.0,-4.0,1.0,0.0,0.0,0.0,1.0,1.0,0.0,20.0,53.3,6.7,73.3,10.0,10.0,23.0,11.0,1481.8,1352.4
2019-03-30,2018,Burnley,Wolves,2,0,H,U,3.2,3.25,2.45,1,1,1,5,16,1.0,0.0,2.0,1.0,4.0,2.0,2.0,6.0,3.0,3.0,-2.0,-1.0,-1.0,0.0,0.0,0.0,1.0,0.0,1.0,33.3,53.3,33.3,33.3,10.0,3.0,24.0,13.0,1462.9,1534.3
2019-03-30,2018,Brighton,Southampton,0,1,A,U,2.55,3.2,3.1,1,2,6,5,15,1.0,0.0,1.0,2.0,2.0,3.0,-1.0,3.0,6.0,-3.0,-1.0,-3.0,2.0,0.0,0.0,0.0,1.0,1.0,0.0,42.9,28.6,20.0,60.0,14.0,11.0,22.0,13.0,1466.4,1471.8
2019-03-17,2018,Fulham,Liverpool,1,2,A,O,12.0,7.0,1.25,2,6,1,10,15,1.0,0.0,2.0,0.0,5.0,1.0,4.0,7.0,1.0,6.0,-2.0,0.0,-2.0,1.0,0.0,1.0,1.0,0.0,1.0,28.6,50.0,60.0,6.7,15.0,10.0,20.0,19.0,1397.2,1732.7
2019-03-17,2018,Everton,Chelsea,2,0,H,U,4.0,3.8,1.95,8,5,3,4,16,0.0,1.0,2.0,2.0,1.0,2.0,-1.0,5.0,11.0,-6.0,-4.0,-9.0,5.0,0.0,0.0,0.0,2.0,2.0,0.0,40.0,33.3,57.1,35.7,8.0,18.0,11.0,13.0,1495.0,1649.3
2019-03-16,2018,West Ham,Huddersfield,4,3,H,O,1.55,4.2,7.0,5,5,5,8,16,2.0,0.0,0.0,3.0,6.0,0.0,6.0,2.0,8.0,-6.0,4.0,-8.0,12.0,2.0,0.0,2.0,0.0,2.0,-2.0,46.7,33.3,7.1,71.4,13.0,7.0,15.0,5.0,1501.2,1358.6
2019-03-16,2018,Burnley,Leicester,1,2,A,O,3.1,3.4,2.45,2,4,9,3,15,1.0,0.0,1.0,2.0,4.0,3.0,1.0,5.0,6.0,-1.0,-1.0,-3.0,2.0,0.0,0.0,0.0,1.0,1.0,0.0,35.7,50.0,33.3,46.7,14.0,13.0,19.0,15.0,1472.4,1491.1
2019-03-16,2018,Bournemouth,Newcastle,2,2,D,O,2.05,3.6,3.8,3,4,6,6,16,1.0,0.0,1.0,2.0,5.0,1.0,4.0,2.0,4.0,-2.0,3.0,-3.0,6.0,1.0,0.0,1.0,0.0,1.0,-1.0,46.7,26.7,14.3,42.9,10.0,7.0,12.0,10.0,1488.3,1489.4
2019-03-10,2018,Liverpool,Burnley,4,2,H,O,1.16,8.5,21.0,5,2,7,3,15,2.0,1.0,0.0,1.0,9.0,5.0,4.0,1.0,5.0,-4.0,8.0,0.0,8.0,2.0,1.0,1.0,0.0,1.0,-1.0,85.7,0.0,20.0,53.3,22.0,11.0,21.0,13.0,1728.9,1476.2
2019-03-10,2018,Chelsea,Wolves,1,1,D,U,1.55,4.2,7.0,6,1,13,0,15,3.0,1.0,0.0,1.0,9.0,4.0,5.0,1.0,3.0,-2.0,8.0,1.0,7.0,2.0,1.0,1.0,0.0,0.0,0.0,64.3,7.1,35.7,35.7,14.0,6.0,21.0,14.0,1652.6,1531.0
2019-03-10,2018,Arsenal,Man United,2,0,H,U,2.4,3.6,3.0,3,4,5,2,16,3.0,3.0,0.0,0.0,9.0,7.0,2.0,2.0,1.0,1.0,7.0,6.0,1.0,2.0,2.0,0.0,0.0,0.0,0.0,80.0,6.7,60.0,26.7,14.0,17.0,19.0,12.0,1639.0,1688.0
2019-03-09,2018,Southampton,Tottenham,2,1,H,O,4.5,3.8,1.85,4,5,1,10,15,1.0,1.0,1.0,2.0,4.0,3.0,1.0,3.0,5.0,-2.0,1.0,-2.0,3.0,1.0,0.0,1.0,0.0,1.0,-1.0,21.4,35.7,73.3,26.7,15.0,11.0,18.0,18.0,1456.1,1681.7
2019-03-09,2018,Newcastle,Everton,3,2,H,O,2.8,3.25,2.8,7,3,8,2,16,3.0,2.0,0.0,1.0,6.0,4.0,2.0,1.0,1.0,0.0,5.0,3.0,2.0,2.0,1.0,1.0,0.0,0.0,0.0,40.0,53.3,28.6,50.0,17.0,13.0,17.0,10.0,1478.6,1505.8
2019-03-09,2018,Man City,Watford,3,1,H,O,1.16,9.0,19.0,9,1,9,1,16,3.0,1.0,0.0,1.0,10.0,5.0,5.0,1.0,6.0,-5.0,9.0,-1.0,10.0,2.0,1.0,1.0,0.0,1.0,-1.0,93.3,6.7,33.3,33.3,28.0,10.0,18.0,7.0,1775.2,1503.4
2019-03-09,2018,Leicester,Fulham,3,1,H,O,1.57,4.5,6.0,8,3,6,5,15,1.0,0.0,2.0,3.0,3.0,1.0,2.0,6.0,7.0,-1.0,-3.0,-6.0,3.0,0.0,0.0,0.0,1.0,3.0,-2.0,35.7,50.0,0.0,86.7,14.0,9.0,19.0,5.0,1483.3,1405.0
2019-03-09,2018,Huddersfield,Bournemouth,0,2,A,U,3.4,3.3,2.35,1,5,6,5,16,1.0,0.0,2.0,3.0,2.0,1.0,1.0,3.0,10.0,-7.0,-1.0,-9.0,8.0,0.0,0.0,0.0,0.0,3.0,-3.0,13.3,73.3,21.4,78.6,11.0,9.0,11.0,16.0,1365.3,1481.5
2019-03-09,2018,Crystal Palace,Brighton,1,2,A,O,1.83,3.6,5.0,3,3,8,0,15,1.0,0.0,1.0,3.0,4.0,4.0,0.0,4.0,8.0,-4.0,0.0,-4.0,4.0,1.0,0.0,1.0,1.0,1.0,0.0,21.4,50.0,14.3,71.4,13.0,12.0,26.0,14.0,1492.9,1455.4
2019-03-09,2018,Cardiff,West Ham,2,0,H,U,3.6,3.5,2.15,7,2,7,5,16,1.0,0.0,2.0,2.0,3.0,1.0,2.0,8.0,5.0,3.0,-5.0,-4.0,-1.0,1.0,0.0,1.0,2.0,1.0,1.0,33.3,53.3,28.6,50.0,11.0,5.0,12.0,7.0,1439.4,1513.3
2019-03-03,2018,Watford,Leicester,2,1,H,O,2.55,3.3,3.0,5,2,1,5,14,1.0,0.0,0.0,2.0,2.0,5.0,-3.0,1.0,8.0,-7.0,1.0,-3.0,4.0,0.0,0.0,0.0,0.0,1.0,-1.0,46.2,38.5,35.7,42.9,11.0,17.0,12.0,19.0,1493.4,1493.3
2019-03-03,2018,Fulham,Chelsea,1,2,A,O,6.5,4.5,1.53,5,7,5,4,14,1.0,0.0,2.0,3.0,5.0,0.0,5.0,7.0,12.0,-5.0,-2.0,-12.0,10.0,1.0,0.0,1.0,1.0,3.0,-2.0,30.8,46.2,53.8,38.5,14.0,12.0,22.0,15.0,1409.0,1648.6
2019-03-03,2018,Everton,Liverpool,0,0,D,U,6.0,4.2,1.61,3,3,3,7,15,1.0,1.0,2.0,0.0,3.0,2.0,1.0,5.0,1.0,4.0,-2.0,1.0,-3.0,1.0,0.0,1.0,2.0,0.0,2.0,42.9,35.7,64.3,7.1,8.0,10.0,13.0,19.0,1499.9,1734.8
2019-03-02,2018,Wolves,Cardiff,2,0,H,U,1.5,4.33,8.0,6,4,7,8,15,2.0,1.0,0.0,2.0,8.0,3.0,5.0,4.0,6.0,-2.0,4.0,-3.0,7.0,1.0,0.0,1.0,0.0,1.0,-1.0,42.9,35.7,15.4,69.2,22.0,6.0,23.0,19.0,1523.1,1447.2
2019-03-02,2018,West Ham,Newcastle,2,0,H,U,2.15,3.5,3.6,4,2,1,6,15,2.0,0.0,0.0,2.0,5.0,2.0,3.0,2.0,4.0,-2.0,3.0,-2.0,5.0,1.0,0.0,1.0,0.0,0.0,0.0,42.9,35.7,15.4,38.5,12.0,7.0,21.0,9.0,1503.7,1488.2
2019-03-02,2018,Tottenham,Arsenal,1,1,D,U,2.05,3.7,3.75,3,4,3,4,14,3.0,1.0,0.0,2.0,6.0,3.0,3.0,2.0,5.0,-3.0,4.0,-2.0,6.0,1.0,0.0,1.0,0.0,1.0,-1.0,69.2,30.8,38.5,38.5,12.0,8.0,17.0,5.0,1683.0,1637.8
2019-03-02,2018,Man United,Southampton,3,2,H,O,1.45,4.5,8.5,6,3,9,7,14,1.0,1.0,0.0,1.0,4.0,3.0,1.0,3.0,4.0,-1.0,1.0,-1.0,2.0,0.0,0.0,0.0,0.0,1.0,-1.0,53.8,7.7,21.4,57.1,17.0,11.0,20.0,9.0,1683.7,1460.4
2019-03-02,2018,Burnley,Crystal Palace,1,3,A,O,2.8,3.3,2.75,4,4,8,5,14,2.0,1.0,0.0,1.0,5.0,8.0,-3.0,3.0,6.0,-3.0,2.0,2.0,0.0,0.0,1.0,-1.0,0.0,0.0,0.0,38.5,46.2,35.7,50.0,10.0,11.0,13.0,14.0,1486.3,1482.8
2019-03-02,2018,Brighton,Huddersfield,1,0,H,U,1.85,3.4,5.25,4,4,6,3,14,0.0,0.0,2.0,2.0,1.0,0.0,1.0,4.0,7.0,-3.0,-3.0,-7.0,4.0,0.0,0.0,0.0,1.0,2.0,-1.0,38.5,30.8,7.7,69.2,10.0,5.0,18.0,12.0,1447.5,1373.2
2019-03-02,2018,Bournemouth,Man City,0,1,A,U,13.0,7.5,1.22,0,7,0,14,15,2.0,2.0,0.0,1.0,7.0,6.0,1.0,1.0,2.0,-1.0,6.0,4.0,2.0,2.0,2.0,0.0,0.0,0.0,0.0,50.0,21.4,61.5,23.1,14.0,12.0,14.0,18.0,1484.7,1772.0
2019-02-27,2018,Southampton,Fulham,2,0,H,U,1.9,3.7,4.33,4,4,7,4,14,1.0,0.0,1.0,3.0,4.0,2.0,2.0,4.0,7.0,-3.0,0.0,-5.0,5.0,0.0,0.0,0.0,0.0,2.0,-2.0,15.4,38.5,0.0,85.7,15.0,9.0,18.0,7.0,1451.4,1418.1
2019-02-27,2018,Man City,West Ham,1,0,H,U,1.16,9.0,19.0,7,1,12,2,15,3.0,0.0,0.0,2.0,12.0,1.0,11.0,1.0,6.0,-5.0,11.0,-5.0,16.0,3.0,0.0,3.0,0.0,2.0,-2.0,92.9,7.1,30.8,46.2,30.0,5.0,18.0,8.0,1768.4,1507.4
2019-02-27,2018,Liverpool,Watford,5,0,H,O,1.28,6.0,12.0,10,3,6,4,14,2.0,1.0,0.0,1.0,8.0,6.0,2.0,4.0,3.0,1.0,4.0,3.0,1.0,1.0,1.0,0.0,0.0,0.0,0.0,84.6,0.0,35.7,28.6,21.0,8.0,23.0,8.0,1730.6,1497.5
2019-02-27,2018,Crystal Palace,Man United,1,3,A,O,3.25,3.5,2.3,2,4,5,6,14,1.0,3.0,1.0,0.0,4.0,5.0,-1.0,3.0,0.0,3.0,1.0,5.0,-4.0,1.0,1.0,0.0,0.0,0.0,0.0,23.1,46.2,57.1,28.6,17.0,21.0,28.0,10.0,1487.8,1678.7
2019-02-27,2018,Chelsea,Tottenham,2,0,H,U,2.3,3.5,3.25,1,0,2,2,14,2.0,2.0,0.0,1.0,7.0,6.0,1.0,1.0,3.0,-2.0,6.0,3.0,3.0,1.0,1.0,0.0,0.0,0.0,0.0,61.5,7.7,78.6,21.4,19.0,15.0,26.0,19.0,1637.0,1694.6
2019-02-27,2018,Arsenal,Bournemouth,5,1,H,O,1.44,5.0,7.5,6,5,9,4,15,3.0,0.0,0.0,3.0,6.0,0.0,6.0,1.0,7.0,-6.0,5.0,-7.0,12.0,2.0,0.0,2.0,0.0,3.0,-3.0,78.6,7.1,23.1,76.9,13.0,11.0,15.0,21.0,1631.6,1490.9
2019-02-26,2018,Newcastle,Burnley,2,0,H,U,2.15,3.3,3.9,3,2,4,7,15,3.0,1.0,0.0,0.0,7.0,5.0,2.0,1.0,3.0,-2.0,6.0,2.0,4.0,2.0,1.0,1.0,0.0,0.0,0.0,35.7,57.1,21.4,50.0,20.0,12.0,20.0,13.0,1477.6,1496.8
2019-02-26,2018,Leicester,Brighton,2,1,H,O,1.9,3.5,4.6,3,3,4,8,14,0.0,0.0,3.0,2.0,2.0,5.0,-3.0,7.0,8.0,-1.0,-5.0,-3.0,-2.0,0.0,0.0,0.0,1.0,1.0,0.0,30.8,53.8,15.4,69.2,17.0,15.0,25.0,11.0,1484.1,1456.7
2019-02-26,2018,Huddersfield,Wolves,1,0,H,U,5.0,3.5,1.85,3,0,3,5,15,0.0,1.0,3.0,1.0,1.0,4.0,-3.0,6.0,5.0,1.0,-5.0,-1.0,-4.0,0.0,1.0,-1.0,1.0,1.0,0.0,7.1,78.6,38.5,30.8,10.0,6.0,9.0,10.0,1358.5,1537.9
2019-02-26,2018,Cardiff,Everton,0,3,A,O,3.75,3.4,2.15,0,4,3,4,15,1.0,1.0,1.0,2.0,3.0,2.0,1.0,5.0,3.0,2.0,-2.0,-1.0,-1.0,1.0,0.0,1.0,1.0,0.0,1.0,35.7,50.0,23.1,53.8,11.0,11.0,12.0,12.0,1456.2,1490.9
2019-02-24,2018,Man United,Liverpool,0,0,D,U,3.1,3.5,2.37,3,1,3,7,13,2.0,1.0,0.0,1.0,8.0,3.0,5.0,4.0,3.0,1.0,4.0,0.0,4.0,1.0,0.0,1.0,0.0,0.0,0.0,58.3,8.3,69.2,7.7,22.0,14.0,21.0,13.0,1677.1,1732.2
2019-02-24,2018,Arsenal,Southampton,2,0,H,U,1.5,4.75,7.0,4,4,6,4,14,3.0,1.0,0.0,0.0,8.0,3.0,5.0,2.0,2.0,0.0,6.0,1.0,5.0,2.0,0.0,2.0,0.0,0.0,0.0,76.9,7.7,23.1,53.8,18.0,9.0,17.0,7.0,1626.1,1456.9
2019-02-23,2018,Newcastle,Huddersfield,2,0,H,U,1.83,3.5,5.25,12,1,12,0,14,2.0,0.0,1.0,2.0,5.0,0.0,5.0,3.0,6.0,-3.0,2.0,-6.0,8.0,1.0,0.0,1.0,1.0,1.0,0.0,30.8,61.5,8.3,66.7,11.0,9.0,9.0,15.0,1470.5,1365.5
2019-02-23,2018,Leicester,Crystal Palace,1,4,A,O,2.25,3.4,3.5,5,5,8,3,13,0.0,1.0,3.0,1.0,1.0,6.0,-5.0,4.0,5.0,-1.0,-3.0,1.0,-4.0,0.0,1.0,-1.0,0.0,0.0,0.0,33.3,50.0,30.8,53.8,19.0,10.0,27.0,21.0,1494.6,1477.3
2019-02-23,2018,Burnley,Tottenham,2,1,H,O,5.75,3.8,1.7,4,6,7,6,13,2.0,3.0,0.0,0.0,5.0,11.0,-6.0,2.0,3.0,-1.0,3.0,8.0,-5.0,1.0,2.0,-1.0,0.0,0.0,0.0,33.3,50.0,84.6,15.4,11.0,17.0,11.0,14.0,1481.0,1710.4
2019-02-23,2018,Bournemouth,Wolves,1,1,D,U,2.87,3.4,2.62,3,2,9,8,14,2.0,2.0,0.0,1.0,9.0,6.0,3.0,3.0,5.0,-2.0,6.0,1.0,5.0,2.0,2.0,0.0,0.0,1.0,-1.0,53.8,23.1,41.7,33.3,23.0,8.0,9.0,9.0,1489.5,1539.3
2019-02-22,2018,West Ham,Fulham,3,1,H,O,1.95,3.8,4.0,7,5,12,0,14,1.0,0.0,0.0,3.0,4.0,2.0,2.0,3.0,8.0,-5.0,1.0,-6.0,7.0,0.0,0.0,0.0,0.0,2.0,-2.0,38.5,38.5,0.0,84.6,11.0,8.0,10.0,10.0,1499.4,1426.0
2019-02-22,2018,Cardiff,Watford,1,5,A,O,3.1,3.4,2.45,6,7,3,3,14,1.0,1.0,1.0,1.0,2.0,3.0,-1.0,3.0,3.0,0.0,-1.0,0.0,-1.0,1.0,0.0,1.0,1.0,0.0,1.0,38.5,46.2,30.8,30.8,8.0,3.0,14.0,12.0,1465.6,1488.2
2019-02-11,2018,Wolves,Newcastle,1,1,D,U,1.7,3.75,5.75,6,3,13,1,14,2.0,0.0,1.0,2.0,7.0,2.0,5.0,5.0,4.0,1.0,2.0,-2.0,4.0,1.0,0.0,1.0,1.0,0.0,1.0,46.2,38.5,16.7,41.7,17.0,6.0,13.0,14.0,1541.4,1468.5
2019-02-10,2018,Tottenham,Leicester,3,1,H,O,1.7,3.9,5.5,5,9,2,9,13,2.0,1.0,1.0,1.0,3.0,5.0,-2.0,2.0,5.0,-3.0,1.0,0.0,1.0,0.0,0.0,0.0,0.0,0.0,0.0,66.7,33.3,38.5,38.5,18.0,12.0,22.0,15.0,1705.7,1499.2
2019-02-10,2018,Man City,Chelsea,6,0,H,O,1.5,4.75,7.0,9,4,2,2,14,3.0,1.0,0.0,2.0,8.0,1.0,7.0,2.0,6.0,-4.0,6.0,-5.0,11.0,2.0,0.0,2.0,0.0,2.0,-2.0,92.3,7.7,58.3,33.3,25.0,12.0,18.0,17.0,1761.7,1643.7
2019-02-09,2018,Watford,Everton,1,0,H,U,2.35,3.5,3.2,2,4,8,2,13,0.0,1.0,1.0,2.0,2.0,2.0,0.0,3.0,3.0,0.0,-1.0,-1.0,0.0,0.0,0.0,0.0,0.0,0.0,0.0,41.7,41.7,25.0,50.0,11.0,11.0,7.0,16.0,1477.5,1501.6
2019-02-09,2018,Southampton,Cardiff,1,2,A,O,1.75,3.9,5.0,7,3,8,2,13,1.0,1.0,1.0,2.0,4.0,2.0,2.0,5.0,5.0,0.0,-1.0,-3.0,2.0,0.0,0.0,0.0,1.0,1.0,0.0,16.7,33.3,8.3,75.0,12.0,6.0,13.0,21.0,1467.2,1455.2
2019-02-09,2018,Liverpool,Bournemouth,3,0,H,O,1.22,7.5,14.0,9,2,8,5,13,2.0,0.0,0.0,3.0,10.0,1.0,9.0,5.0,8.0,-3.0,5.0,-7.0,12.0,1.0,0.0,1.0,0.0,3.0,-3.0,83.3,0.0,25.0,75.0,22.0,12.0,20.0,21.0,1728.1,1493.6
2019-02-09,2018,Huddersfield,Arsenal,1,2,A,O,5.75,4.4,1.6,6,4,5,0,14,0.0,0.0,3.0,3.0,1.0,2.0,-1.0,6.0,9.0,-3.0,-5.0,-7.0,2.0,0.0,0.0,0.0,1.0,2.0,-1.0,7.7,76.9,33.3,41.7,6.0,6.0,9.0,8.0,1369.3,1622.3
2019-02-09,2018,Fulham,Man United,0,3,A,O,5.5,4.4,1.61,3,7,5,4,13,2.0,3.0,1.0,0.0,6.0,4.0,2.0,4.0,0.0,4.0,2.0,4.0,-2.0,1.0,1.0,0.0,0.0,0.0,0.0,33.3,41.7,53.8,30.8,16.0,21.0,21.0,8.0,1430.0,1673.2
2019-02-09,2018,Crystal Palace,West Ham,1,1,D,U,2.1,3.5,3.75,5,4,10,4,13,1.0,0.0,2.0,3.0,3.0,0.0,3.0,3.0,7.0,-4.0,0.0,-7.0,7.0,1.0,0.0,1.0,0.0,3.0,-3.0,25.0,50.0,33.3,50.0,12.0,5.0,21.0,9.0,1476.6,1500.1
2019-02-09,2018,Brighton,Burnley,1,3,A,O,2.05,3.3,4.2,6,5,9,3,13,1.0,1.0,1.0,0.0,1.0,4.0,-3.0,1.0,3.0,-2.0,0.0,1.0,-1.0,0.0,0.0,0.0,0.0,0.0,0.0,41.7,25.0,15.4,53.8,7.0,15.0,15.0,12.0,1466.6,1471.2
2019-02-06,2018,Everton,Man City,0,2,A,U,10.0,6.25,1.3,1,4,5,6,14,1.0,2.0,2.0,1.0,3.0,7.0,-4.0,4.0,3.0,1.0,-1.0,4.0,-5.0,1.0,2.0,-1.0,1.0,0.0,1.0,46.2,30.8,58.3,25.0,9.0,14.0,14.0,20.0,1505.4,1757.9
2019-02-04,2018,West Ham,Liverpool,1,1,D,U,8.0,5.25,1.4,2,6,2,5,13,1.0,2.0,1.0,1.0,3.0,4.0,-1.0,4.0,2.0,2.0,-1.0,2.0,-3.0,0.0,1.0,-1.0,1.0,0.0,1.0,41.7,41.7,75.0,8.3,16.0,14.0,18.0,18.0,1494.1,1734.1
2019-02-03,2018,Man City,Arsenal,3,1,H,O,1.33,6.0,9.0,12,2,4,2,13,2.0,0.0,1.0,2.0,7.0,2.0,5.0,4.0,7.0,-3.0,3.0,-5.0,8.0,1.0,0.0,1.0,0.0,1.0,-1.0,91.7,8.3,36.4,36.4,18.0,8.0,27.0,15.0,1751.2,1629.0
2019-02-03,2018,Leicester,Man United,0,1,A,U,3.6,3.5,2.15,6,6,7,2,12,1.0,3.0,2.0,0.0,3.0,8.0,-5.0,4.0,1.0,3.0,-1.0,7.0,-8.0,0.0,2.0,-2.0,0.0,0.0,0.0,36.4,45.5,50.0,33.3,18.0,24.0,23.0,13.0,1504.9,1667.5
2019-02-02,2018,Tottenham,Newcastle,1,0,H,U,1.44,4.5,9.0,4,2,6,3,12,1.0,0.0,2.0,2.0,3.0,2.0,1.0,5.0,7.0,-2.0,-2.0,-5.0,3.0,0.0,0.0,0.0,1.0,1.0,0.0,63.6,36.4,18.2,36.4,17.0,6.0,22.0,13.0,1701.5,1472.7
2019-02-02,2018,Everton,Wolves,1,3,A,O,2.37,3.4,3.25,4,4,3,1,13,1.0,1.0,2.0,1.0,4.0,4.0,0.0,7.0,5.0,2.0,-3.0,-1.0,-2.0,1.0,1.0,0.0,1.0,1.0,0.0,50.0,25.0,36.4,36.4,8.0,9.0,13.0,8.0,1514.9,1531.9
2019-02-02,2018,Crystal Palace,Fulham,2,0,H,U,2.05,3.5,4.0,6,0,11,1,12,0.0,0.0,2.0,2.0,1.0,2.0,-1.0,3.0,6.0,-3.0,-2.0,-4.0,2.0,0.0,0.0,0.0,0.0,1.0,-1.0,18.2,54.5,0.0,83.3,11.0,10.0,22.0,9.0,1467.4,1439.1
2019-02-02,2018,Chelsea,Huddersfield,5,0,H,O,1.2,7.5,19.0,7,2,11,2,13,1.0,0.0,1.0,2.0,2.0,1.0,1.0,2.0,4.0,-2.0,0.0,-3.0,3.0,0.0,0.0,0.0,0.0,1.0,-1.0,58.3,8.3,9.1,63.6,17.0,9.0,24.0,16.0,1640.2,1372.9
2019-02-02,2018,Cardiff,Bournemouth,2,0,H,U,3.25,3.5,2.3,5,2,6,7,13,0.0,0.0,2.0,3.0,1.0,1.0,0.0,8.0,11.0,-3.0,-7.0,-10.0,3.0,0.0,0.0,0.0,2.0,3.0,-1.0,33.3,50.0,27.3,72.7,6.0,14.0,12.0,18.0,1443.5,1505.3
2019-02-02,2018,Burnley,Southampton,1,1,D,U,2.55,3.5,2.87,6,4,4,2,12,2.0,2.0,1.0,0.0,5.0,5.0,0.0,6.0,2.0,4.0,-1.0,3.0,-4.0,1.0,1.0,0.0,1.0,0.0,1.0,36.4,54.5,25.0,58.3,9.0,11.0,12.0,7.0,1471.3,1467.1
2019-02-02,2018,Brighton,Watford,0,0,D,U,2.55,3.3,3.0,4,0,7,0,12,1.0,1.0,1.0,1.0,2.0,6.0,-4.0,2.0,6.0,-4.0,0.0,0.0,0.0,0.0,0.0,0.0,0.0,0.0,0.0,45.5,27.3,33.3,33.3,6.0,6.0,12.0,14.0,1466.2,1477.8
2019-01-30,2018,Tottenham,Watford,2,1,H,O,1.66,4.0,5.75,3,1,9,5,11,1.0,2.0,2.0,0.0,6.0,7.0,-1.0,4.0,4.0,0.0,2.0,3.0,-1.0,1.0,1.0,0.0,1.0,0.0,1.0,60.0,40.0,36.4,27.3,21.0,10.0,16.0,13.0,1697.0,1482.3
2019-01-30,2018,Southampton,Crystal Palace,1,1,D,U,2.4,3.4,3.2,4,3,3,8,12,1.0,2.0,2.0,1.0,4.0,8.0,-4.0,6.0,6.0,0.0,-2.0,2.0,-4.0,0.0,1.0,-1.0,1.0,0.0,1.0,18.2,36.4,33.3,58.3,13.0,10.0,14.0,13.0,1467.1,1467.4
2019-01-30,2018,Liverpool,Leicester,1,1,D,U,1.22,7.0,15.0,3,2,7,1,12,3.0,2.0,0.0,1.0,13.0,5.0,8.0,4.0,4.0,0.0,9.0,1.0,8.0,2.0,0.0,2.0,0.0,0.0,0.0,90.9,0.0,41.7,41.7,27.0,13.0,23.0,19.0,1740.1,1498.8
2019-01-30,2018,Bournemouth,Chelsea,4,0,H,O,5.25,4.2,1.66,7,7,3,7,13,2.0,2.0,0.0,1.0,7.0,3.0,4.0,3.0,3.0,0.0,4.0,0.0,4.0,2.0,0.0,2.0,0.0,1.0,-1.0,50.0,25.0,63.6,27.3,19.0,9.0,12.0,14.0,1491.0,1654.5
2019-01-29,2018,Wolves,West Ham,3,0,H,O,2.1,3.5,3.75,9,0,5,1,13,1.0,1.0,2.0,2.0,4.0,2.0,2.0,7.0,5.0,2.0,-3.0,-3.0,0.0,0.0,0.0,0.0,2.0,2.0,0.0,41.7,41.7,36.4,45.5,13.0,10.0,9.0,13.0,1522.4,1503.6
2019-01-29,2018,Newcastle,Man City,2,1,H,O,19.0,8.0,1.18,2,4,1,8,13,1.0,2.0,1.0,1.0,3.0,7.0,-4.0,2.0,3.0,-1.0,1.0,4.0,-3.0,1.0,2.0,-1.0,1.0,0.0,1.0,25.0,66.7,63.6,18.2,9.0,14.0,14.0,19.0,1455.5,1768.4
2019-01-29,2018,Man United,Burnley,2,2,D,O,1.28,6.0,12.0,9,4,11,3,12,3.0,1.0,0.0,1.0,9.0,3.0,6.0,3.0,4.0,-1.0,6.0,-1.0,7.0,2.0,0.0,2.0,0.0,1.0,-1.0,63.6,9.1,16.7,58.3,23.0,13.0,15.0,12.0,1672.9,1465.9
2019-01-29,2018,Huddersfield,Everton,0,1,A,U,4.0,3.3,2.1,2,5,3,4,13,0.0,1.0,3.0,2.0,2.0,6.0,-4.0,8.0,4.0,4.0,-6.0,2.0,-8.0,0.0,1.0,-1.0,2.0,0.0,2.0,8.3,75.0,18.2,54.5,9.0,12.0,14.0,19.0,1379.3,1508.5
2019-01-29,2018,Fulham,Brighton,4,2,H,O,2.37,3.3,3.3,7,6,10,1,12,1.0,0.0,1.0,2.0,3.0,3.0,0.0,3.0,6.0,-3.0,0.0,-3.0,3.0,0.0,0.0,0.0,0.0,1.0,-1.0,27.3,45.5,16.7,66.7,18.0,14.0,13.0,15.0,1427.7,1477.6
2019-01-29,2018,Arsenal,Cardiff,2,1,H,O,1.22,7.0,15.0,4,2,4,7,13,3.0,1.0,0.0,1.0,9.0,1.0,8.0,2.0,3.0,-1.0,7.0,-2.0,9.0,3.0,0.0,3.0,0.0,1.0,-1.0,75.0,8.3,9.1,72.7,20.0,8.0,14.0,15.0,1623.6,1448.8
2019-01-20,2018,Huddersfield,Man City,0,3,A,O,21.0,8.5,1.16,2,4,1,4,12,0.0,1.0,3.0,2.0,2.0,4.0,-2.0,6.0,5.0,1.0,-4.0,-1.0,-3.0,0.0,1.0,-1.0,1.0,1.0,0.0,9.1,72.7,60.0,20.0,12.0,14.0,23.0,28.0,1381.3,1766.4
2019-01-20,2018,Fulham,Tottenham,1,2,A,O,5.25,3.8,1.75,4,5,7,10,11,1.0,3.0,1.0,0.0,2.0,11.0,-9.0,3.0,2.0,1.0,-1.0,9.0,-10.0,0.0,3.0,-3.0,1.0,0.0,1.0,30.0,40.0,83.3,16.7,18.0,14.0,12.0,9.0,1431.3,1693.4
2019-01-19,2018,Wolves,Leicester,4,3,H,O,2.37,3.2,3.4,7,6,5,9,12,1.0,2.0,2.0,1.0,2.0,2.0,0.0,4.0,1.0,3.0,-2.0,1.0,-3.0,1.0,0.0,1.0,2.0,0.0,2.0,36.4,45.5,45.5,36.4,9.0,9.0,9.0,14.0,1512.5,1508.7
2019-01-19,2018,Watford,Burnley,0,0,D,U,1.65,4.0,5.75,4,3,1,7,12,1.0,1.0,1.0,2.0,5.0,3.0,2.0,5.0,5.0,0.0,0.0,-2.0,2.0,0.0,0.0,0.0,0.0,1.0,-1.0,45.5,45.5,18.2,63.6,15.0,10.0,11.0,8.0,1482.8,1465.4
2019-01-19,2018,Southampton,Everton,2,1,H,O,2.75,3.4,2.7,4,2,7,6,11,1.0,1.0,2.0,2.0,5.0,6.0,-1.0,7.0,5.0,2.0,-2.0,1.0,-3.0,0.0,1.0,-1.0,1.0,1.0,0.0,10.0,40.0,20.0,50.0,16.0,12.0,11.0,15.0,1455.2,1520.3
2019-01-19,2018,Newcastle,Cardiff,3,0,H,O,1.95,3.4,4.5,6,1,7,10,12,0.0,1.0,2.0,1.0,1.0,3.0,-2.0,4.0,3.0,1.0,-3.0,0.0,-3.0,0.0,0.0,0.0,1.0,0.0,1.0,18.2,72.7,10.0,70.0,7.0,10.0,11.0,5.0,1445.1,1459.2
2019-01-19,2018,Man United,Brighton,2,1,H,O,1.3,5.75,12.0,5,3,6,5,11,3.0,0.0,0.0,2.0,11.0,2.0,9.0,3.0,5.0,-2.0,8.0,-3.0,11.0,3.0,0.0,3.0,0.0,1.0,-1.0,60.0,10.0,18.2,63.6,29.0,12.0,19.0,17.0,1667.7,1482.8
2019-01-19,2018,Liverpool,Crystal Palace,4,3,H,O,1.2,7.5,17.0,9,3,8,3,11,3.0,2.0,0.0,1.0,12.0,7.0,5.0,2.0,5.0,-3.0,10.0,2.0,8.0,3.0,1.0,2.0,0.0,0.0,0.0,90.0,0.0,36.4,54.5,29.0,11.0,28.0,13.0,1736.5,1471.0
2019-01-19,2018,Bournemouth,West Ham,2,0,H,U,2.37,3.7,3.0,4,1,2,3,12,1.0,2.0,1.0,1.0,5.0,4.0,1.0,7.0,3.0,4.0,-2.0,1.0,-3.0,1.0,1.0,0.0,1.0,1.0,0.0,45.5,27.3,40.0,40.0,17.0,12.0,16.0,14.0,1480.0,1514.6
2019-01-19,2018,Arsenal,Chelsea,2,0,H,U,3.1,3.6,2.37,5,1,5,6,12,3.0,3.0,0.0,0.0,8.0,5.0,3.0,2.0,2.0,0.0,6.0,3.0,3.0,2.0,0.0,2.0,0.0,0.0,0.0,72.7,9.1,70.0,20.0,17.0,11.0,16.0,9.0,1612.1,1666.1
2019-01-14,2018,Man City,Wolves,3,0,H,O,1.18,8.0,17.0,9,0,12,1,12,2.0,2.0,1.0,0.0,7.0,6.0,1.0,5.0,3.0,2.0,2.0,3.0,-1.0,1.0,1.0,0.0,0.0,0.0,0.0,90.9,9.1,40.0,30.0,14.0,15.0,21.0,13.0,1762.5,1516.4
2019-01-13,2018,Tottenham,Man United,0,1,A,U,2.05,3.7,3.75,11,8,7,4,10,2.0,2.0,1.0,1.0,7.0,8.0,-1.0,3.0,4.0,-1.0,4.0,4.0,0.0,1.0,2.0,-1.0,1.0,1.0,0.0,66.7,33.3,45.5,36.4,13.0,18.0,17.0,11.0,1704.7,1656.3
2019-01-13,2018,Everton,Bournemouth,2,0,H,U,1.75,4.0,4.8,3,7,5,9,12,0.0,0.0,2.0,3.0,4.0,1.0,3.0,9.0,11.0,-2.0,-5.0,-10.0,5.0,0.0,0.0,0.0,1.0,3.0,-2.0,45.5,27.3,30.0,70.0,10.0,10.0,14.0,12.0,1511.0,1489.3
2019-01-12,2018,West Ham,Arsenal,1,0,H,U,3.5,4.0,2.05,3,2,7,3,12,1.0,0.0,1.0,2.0,5.0,4.0,1.0,6.0,9.0,-3.0,-1.0,-5.0,4.0,0.0,0.0,0.0,1.0,1.0,0.0,36.4,45.5,40.0,30.0,19.0,10.0,16.0,17.0,1501.1,1625.5
2019-01-12,2018,Leicester,Southampton,1,2,A,O,1.95,3.5,4.33,6,3,10,3,11,1.0,1.0,2.0,1.0,2.0,3.0,-1.0,4.0,2.0,2.0,-2.0,1.0,-3.0,0.0,1.0,-1.0,1.0,0.0,1.0,40.0,40.0,18.2,63.6,15.0,9.0,19.0,11.0,1520.9,1443.0
2019-01-12,2018,Crystal Palace,Watford,1,2,A,O,2.25,3.4,3.5,6,2,7,7,11,1.0,1.0,1.0,0.0,1.0,7.0,-6.0,1.0,5.0,-4.0,0.0,2.0,-2.0,0.0,1.0,-1.0,0.0,0.0,0.0,20.0,50.0,30.0,30.0,6.0,11.0,19.0,12.0,1481.2,1472.6
2019-01-12,2018,Chelsea,Newcastle,2,1,H,O,1.22,7.0,15.0,6,2,8,5,12,1.0,1.0,1.0,1.0,2.0,2.0,0.0,1.0,5.0,-4.0,1.0,-3.0,4.0,1.0,0.0,1.0,0.0,1.0,-1.0,54.5,9.1,20.0,30.0,16.0,9.0,17.0,9.0,1661.5,1449.7
2019-01-12,2018,Cardiff,Huddersfield,0,0,D,U,2.25,3.25,3.6,0,2,3,10,12,1.0,0.0,2.0,3.0,2.0,1.0,1.0,8.0,5.0,3.0,-6.0,-4.0,-2.0,0.0,0.0,0.0,2.0,1.0,1.0,36.4,54.5,10.0,70.0,10.0,7.0,16.0,7.0,1461.5,1378.9
2019-01-12,2018,Burnley,Fulham,2,1,H,O,2.4,3.3,3.25,0,4,2,6,11,2.0,0.0,1.0,2.0,4.0,2.0,2.0,5.0,8.0,-3.0,-1.0,-6.0,5.0,1.0,0.0,1.0,1.0,2.0,-1.0,30.0,60.0,0.0,81.8,13.0,10.0,12.0,6.0,1455.9,1440.9
2019-01-12,2018,Brighton,Liverpool,0,1,A,U,11.0,6.0,1.3,0,3,2,7,11,1.0,2.0,1.0,1.0,3.0,7.0,-4.0,3.0,2.0,1.0,0.0,5.0,-5.0,0.0,2.0,-2.0,0.0,0.0,0.0,50.0,20.0,72.7,9.1,8.0,15.0,14.0,17.0,1486.7,1732.6
2019-01-03,2018,Man City,Liverpool,2,1,H,O,2.04,3.8,3.6,4,5,2,1,11,2.0,3.0,1.0,0.0,8.0,9.0,-1.0,5.0,1.0,4.0,3.0,8.0,-5.0,2.0,3.0,-1.0,0.0,0.0,0.0,90.0,10.0,80.0,0.0,16.0,22.0,27.0,25.0,1752.8,1742.3
2019-01-02,2018,Wolves,Crystal Palace,0,2,A,U,2.0,3.4,4.33,1,4,3,10,11,2.0,1.0,1.0,2.0,4.0,6.0,-2.0,3.0,8.0,-5.0,1.0,-2.0,3.0,1.0,0.0,1.0,1.0,1.0,0.0,40.0,40.0,30.0,60.0,10.0,12.0,7.0,8.0,1528.1,1469.6
2019-01-02,2018,West Ham,Brighton,2,2,D,O,1.95,3.75,4.0,6,6,1,5,11,2.0,1.0,1.0,2.0,6.0,2.0,4.0,5.0,4.0,1.0,1.0,-2.0,3.0,1.0,0.0,1.0,1.0,1.0,0.0,40.0,50.0,20.0,70.0,24.0,12.0,25.0,18.0,1501.6,1486.2
2019-01-02,2018,Newcastle,Man United,0,2,A,U,6.0,4.2,1.61,3,7,1,2,11,0.0,1.0,2.0,1.0,1.0,8.0,-7.0,5.0,6.0,-1.0,-4.0,2.0,-6.0,0.0,1.0,-1.0,1.0,1.0,0.0,20.0,70.0,40.0,40.0,8.0,16.0,17.0,14.0,1454.6,1651.5
2019-01-02,2018,Huddersfield,Burnley,1,2,A,O,2.14,3.1,4.2,2,8,5,2,11,0.0,0.0,3.0,3.0,2.0,1.0,1.0,6.0,6.0,0.0,-4.0,-5.0,1.0,0.0,0.0,0.0,1.0,2.0,-1.0,10.0,70.0,10.0,70.0,12.0,2.0,20.0,8.0,1387.2,1447.6
2019-01-02,2018,Chelsea,Southampton,0,0,D,U,1.28,6.5,11.0,6,2,7,2,11,2.0,1.0,1.0,2.0,4.0,4.0,0.0,1.0,5.0,-4.0,3.0,-1.0,4.0,2.0,1.0,1.0,0.0,1.0,-1.0,60.0,10.0,20.0,70.0,19.0,12.0,14.0,15.0,1667.3,1437.2
2019-01-02,2018,Bournemouth,Watford,3,3,D,O,2.6,3.6,2.75,12,3,4,2,11,2.0,1.0,1.0,1.0,4.0,4.0,0.0,5.0,4.0,1.0,-1.0,0.0,-1.0,1.0,1.0,0.0,1.0,1.0,0.0,50.0,30.0,33.3,33.3,7.0,8.0,16.0,18.0,1489.9,1472.1
2019-01-01,2018,Everton,Leicester,0,1,A,U,2.0,3.5,4.2,2,4,6,5,11,0.0,1.0,1.0,1.0,5.0,2.0,3.0,9.0,2.0,7.0,-4.0,0.0,-4.0,0.0,0.0,0.0,1.0,0.0,1.0,50.0,20.0,40.0,40.0,11.0,10.0,22.0,17.0,1521.3,1510.6
2019-01-01,2018,Cardiff,Tottenham,0,3,A,O,7.5,4.5,1.5,3,4,5,3,11,2.0,2.0,1.0,1.0,4.0,10.0,-6.0,6.0,6.0,0.0,-2.0,4.0,-6.0,0.0,2.0,-2.0,1.0,1.0,0.0,40.0,50.0,81.8,18.2,10.0,16.0,18.0,11.0,1465.7,1700.6
2019-01-01,2018,Arsenal,Fulham,4,1,H,O,1.33,5.75,9.5,9,4,8,3,11,3.0,0.0,0.0,2.0,8.0,1.0,7.0,3.0,6.0,-3.0,5.0,-5.0,10.0,2.0,0.0,2.0,0.0,2.0,-2.0,70.0,10.0,0.0,80.0,15.0,10.0,16.0,9.0,1620.1,1446.3
2018-12-30,2018,Southampton,Man City,1,3,A,O,10.0,5.25,1.3,4,6,3,8,10,1.0,1.0,1.0,2.0,6.0,3.0,3.0,6.0,5.0,1.0,0.0,-2.0,2.0,0.0,0.0,0.0,0.0,1.0,-1.0,11.1,33.3,55.6,22.2,18.0,15.0,11.0,31.0,1440.1,1750.0
2018-12-30,2018,Man United,Bournemouth,4,1,H,O,1.33,4.75,10.0,8,3,4,5,10,2.0,0.0,0.0,3.0,9.0,1.0,8.0,4.0,10.0,-6.0,5.0,-9.0,14.0,2.0,0.0,2.0,0.0,3.0,-3.0,55.6,11.1,33.3,66.7,28.0,8.0,19.0,11.0,1645.5,1495.8
2018-12-30,2018,Crystal Palace,Chelsea,0,1,A,U,4.75,4.0,1.66,0,4,3,4,10,2.0,2.0,0.0,1.0,3.0,5.0,-2.0,0.0,4.0,-4.0,3.0,1.0,2.0,1.0,0.0,1.0,0.0,0.0,0.0,22.2,44.4,66.7,22.2,15.0,10.0,26.0,10.0,1474.6,1662.3
2018-12-30,2018,Burnley,West Ham,2,0,H,U,3.3,3.2,2.25,5,4,5,5,10,1.0,3.0,2.0,0.0,3.0,7.0,-4.0,8.0,1.0,7.0,-5.0,6.0,-11.0,0.0,2.0,-2.0,2.0,0.0,2.0,22.2,66.7,44.4,33.3,14.0,12.0,12.0,12.0,1435.4,1513.8
2018-12-29,2018,Watford,Newcastle,1,1,D,U,1.85,3.6,4.0,5,2,3,6,11,1.0,1.0,2.0,1.0,5.0,2.0,3.0,6.0,5.0,1.0,-1.0,-3.0,2.0,0.0,0.0,0.0,0.0,1.0,-1.0,50.0,50.0,22.2,33.3,17.0,12.0,11.0,5.0,1472.6,1454.0
2018-12-29,2018,Tottenham,Wolves,1,3,A,O,1.33,5.0,8.5,3,4,6,7,9,3.0,1.0,0.0,1.0,9.0,4.0,5.0,1.0,4.0,-3.0,8.0,0.0,8.0,2.0,0.0,2.0,0.0,0.0,0.0,75.0,25.0,33.3,33.3,18.0,15.0,19.0,12.0,1715.9,1512.8
2018-12-29,2018,Liverpool,Arsenal,5,1,H,O,1.5,4.5,5.75,10,2,5,3,10,3.0,0.0,0.0,1.0,8.0,5.0,3.0,1.0,6.0,-5.0,7.0,-1.0,8.0,2.0,0.0,2.0,0.0,0.0,0.0,88.9,0.0,44.4,22.2,22.0,12.0,31.0,18.0,1735.3,1627.1
2018-12-29,2018,Leicester,Cardiff,0,1,A,U,1.55,4.0,6.0,7,3,10,4,10,2.0,0.0,1.0,2.0,4.0,3.0,1.0,3.0,6.0,-3.0,1.0,-3.0,4.0,1.0,0.0,1.0,1.0,1.0,0.0,44.4,33.3,0.0,77.8,11.0,12.0,13.0,5.0,1522.6,1453.7
2018-12-29,2018,Fulham,Huddersfield,1,0,H,U,2.0,3.4,3.75,5,5,4,3,10,0.0,0.0,1.0,3.0,2.0,2.0,0.0,4.0,6.0,-2.0,-2.0,-4.0,2.0,0.0,0.0,0.0,1.0,1.0,0.0,22.2,44.4,11.1,66.7,20.0,8.0,18.0,12.0,1437.5,1396.0
2018-12-29,2018,Brighton,Everton,1,0,H,U,3.25,3.4,2.14,3,4,6,6,10,1.0,1.0,1.0,2.0,5.0,6.0,-1.0,4.0,5.0,-1.0,1.0,1.0,0.0,1.0,1.0,0.0,0.0,1.0,-1.0,44.4,22.2,22.2,44.4,8.0,11.0,12.0,10.0,1474.6,1532.9
2018-12-27,2018,Southampton,West Ham,1,2,A,O,2.3,3.5,3.3,5,5,4,5,9,1.0,2.0,0.0,0.0,6.0,6.0,0.0,5.0,1.0,4.0,1.0,5.0,-4.0,0.0,2.0,-2.0,0.0,0.0,0.0,12.5,25.0,37.5,37.5,17.0,12.0,14.0,13.0,1448.5,1505.4
2018-12-26,2018,Watford,Chelsea,1,2,A,O,5.25,3.8,1.75,2,4,3,4,10,1.0,1.0,2.0,2.0,4.0,4.0,0.0,7.0,6.0,1.0,-3.0,-2.0,-1.0,0.0,0.0,0.0,1.0,1.0,0.0,55.6,44.4,62.5,25.0,16.0,8.0,13.0,10.0,1477.9,1657.0
2018-12-26,2018,Tottenham,Bournemouth,5,0,H,O,1.36,5.5,9.0,7,4,3,4,8,3.0,0.0,0.0,3.0,7.0,2.0,5.0,2.0,7.0,-5.0,5.0,-5.0,10.0,2.0,0.0,2.0,0.0,2.0,-2.0,71.4,28.6,37.5,62.5,20.0,8.0,20.0,17.0,1711.3,1500.4
2018-12-26,2018,Man United,Huddersfield,3,1,H,O,1.25,6.5,15.0,10,2,5,3,9,1.0,1.0,0.0,2.0,6.0,3.0,3.0,3.0,3.0,0.0,3.0,0.0,3.0,1.0,1.0,0.0,0.0,0.0,0.0,50.0,12.5,12.5,62.5,23.0,12.0,24.0,14.0,1641.6,1400.0
2018-12-26,2018,Liverpool,Newcastle,4,0,H,O,1.16,8.5,19.0,8,2,10,2,9,3.0,2.0,0.0,0.0,6.0,4.0,2.0,1.0,2.0,-1.0,5.0,2.0,3.0,2.0,0.0,2.0,0.0,0.0,0.0,87.5,0.0,25.0,25.0,21.0,13.0,27.0,8.0,1731.9,1457.4
2018-12-26,2018,Leicester,Man City,2,1,H,O,9.5,5.25,1.36,5,4,3,7,9,1.0,2.0,1.0,1.0,2.0,6.0,-4.0,2.0,3.0,-1.0,0.0,3.0,-3.0,1.0,1.0,0.0,1.0,1.0,0.0,37.5,37.5,62.5,12.5,11.0,17.0,22.0,25.0,1506.3,1766.3
2018-12-26,2018,Fulham,Wolves,1,1,D,U,3.25,3.4,2.37,9,5,2,0,9,1.0,1.0,1.0,1.0,4.0,4.0,0.0,5.0,4.0,1.0,-1.0,0.0,-1.0,0.0,0.0,0.0,1.0,0.0,1.0,25.0,50.0,37.5,37.5,16.0,15.0,18.0,14.0,1435.2,1515.1
2018-12-26,2018,Crystal Palace,Cardiff,0,0,D,U,1.66,4.0,5.75,5,4,12,1,9,2.0,0.0,1.0,3.0,3.0,3.0,0.0,1.0,7.0,-6.0,2.0,-4.0,6.0,1.0,0.0,1.0,0.0,1.0,-1.0,25.0,50.0,0.0,87.5,14.0,9.0,24.0,7.0,1475.3,1453.1
2018-12-26,2018,Burnley,Everton,1,5,A,O,4.33,3.5,1.95,4,6,5,7,9,1.0,0.0,2.0,2.0,3.0,1.0,2.0,5.0,4.0,1.0,-2.0,-3.0,1.0,0.0,0.0,0.0,1.0,1.0,0.0,25.0,62.5,12.5,50.0,14.0,6.0,12.0,8.0,1443.0,1525.3
2018-12-26,2018,Brighton,Arsenal,1,1,D,U,5.25,3.9,1.72,3,4,4,9,9,1.0,1.0,1.0,1.0,5.0,6.0,-1.0,4.0,6.0,-2.0,1.0,0.0,1.0,1.0,0.0,1.0,0.0,0.0,0.0,50.0,25.0,50.0,25.0,8.0,12.0,14.0,17.0,1470.2,1631.4
2018-12-23,2018,Everton,Tottenham,2,6,A,O,3.25,3.5,2.3,3,8,2,1,10,1.0,2.0,0.0,1.0,4.0,5.0,-1.0,3.0,4.0,-1.0,1.0,1.0,0.0,0.0,1.0,-1.0,0.0,1.0,-1.0,55.6,11.1,80.0,20.0,16.0,10.0,27.0,16.0,1530.6,1706.0
2018-12-22,2018,West Ham,Watford,0,2,A,U,2.37,3.5,3.1,7,5,10,4,10,2.0,0.0,1.0,1.0,6.0,3.0,3.0,7.0,5.0,2.0,-1.0,-2.0,1.0,1.0,0.0,1.0,1.0,1.0,0.0,44.4,44.4,25.0,37.5,18.0,9.0,23.0,20.0,1516.9,1466.4
2018-12-22,2018,Newcastle,Fulham,0,0,D,U,2.0,3.6,4.0,0,2,6,0,10,1.0,0.0,2.0,3.0,3.0,1.0,2.0,6.0,8.0,-2.0,-3.0,-7.0,4.0,0.0,0.0,0.0,1.0,3.0,-2.0,22.2,77.8,0.0,88.9,14.0,11.0,18.0,12.0,1458.1,1434.5
2018-12-22,2018,Man City,Crystal Palace,2,3,A,O,1.14,10.0,21.0,5,3,13,0,10,3.0,0.0,0.0,2.0,9.0,3.0,6.0,3.0,6.0,-3.0,6.0,-3.0,9.0,3.0,0.0,3.0,0.0,1.0,-1.0,100.0,0.0,22.2,66.7,16.0,11.0,19.0,11.0,1783.6,1457.9
2018-12-22,2018,Huddersfield,Southampton,1,3,A,O,3.1,3.1,2.6,5,6,8,2,10,0.0,0.0,2.0,3.0,2.0,3.0,-1.0,4.0,7.0,-3.0,-2.0,-4.0,2.0,0.0,0.0,0.0,0.0,1.0,-1.0,11.1,66.7,11.1,77.8,14.0,14.0,17.0,18.0,1409.2,1439.3
2018-12-22,2018,Chelsea,Leicester,0,1,A,U,1.33,5.5,11.0,5,3,9,5,10,2.0,0.0,0.0,1.0,4.0,2.0,2.0,0.0,3.0,-3.0,4.0,-1.0,5.0,2.0,0.0,2.0,0.0,0.0,0.0,66.7,0.0,33.3,44.4,18.0,10.0,10.0,13.0,1671.8,1491.5
2018-12-22,2018,Cardiff,Man United,1,5,A,O,6.5,4.2,1.57,3,9,4,7,10,3.0,0.0,0.0,2.0,5.0,4.0,1.0,2.0,8.0,-6.0,3.0,-4.0,7.0,0.0,0.0,0.0,0.0,2.0,-2.0,44.4,44.4,33.3,44.4,13.0,8.0,18.0,8.0,1458.3,1636.3
2018-12-22,2018,Bournemouth,Brighton,2,0,H,U,1.9,3.7,4.33,3,5,6,5,10,1.0,1.0,2.0,2.0,3.0,3.0,0.0,7.0,4.0,3.0,-4.0,-1.0,-3.0,0.0,0.0,0.0,1.0,0.0,1.0,44.4,33.3,22.2,66.7,9.0,10.0,15.0,14.0,1490.7,1479.9
2018-12-22,2018,Arsenal,Burnley,3,1,H,O,1.25,6.5,15.0,6,2,1,3,10,2.0,0.0,0.0,2.0,6.0,0.0,6.0,3.0,3.0,0.0,3.0,-3.0,6.0,1.0,0.0,1.0,0.0,1.0,-1.0,66.7,11.1,11.1,66.7,12.0,1.0,26.0,6.0,1626.1,1448.3
2018-12-21,2018,Wolves,Liverpool,0,2,A,U,7.0,4.0,1.57,5,6,1,10,10,2.0,3.0,1.0,0.0,4.0,10.0,-6.0,3.0,1.0,2.0,1.0,9.0,-8.0,1.0,3.0,-2.0,1.0,0.0,1.0,44.4,33.3,77.8,0.0,8.0,23.0,9.0,20.0,1519.7,1727.3
2018-12-16,2018,Southampton,Arsenal,3,2,H,O,4.1,3.9,1.9,7,4,4,5,8,0.0,1.0,0.0,0.0,3.0,6.0,-3.0,3.0,5.0,-2.0,0.0,1.0,-1.0,0.0,0.0,0.0,0.0,0.0,0.0,0.0,28.6,57.1,14.3,14.0,10.0,17.0,16.0,1423.8,1641.7
2018-12-16,2018,Liverpool,Man United,3,1,H,O,1.57,4.5,6.0,11,2,13,2,8,3.0,1.0,0.0,1.0,7.0,5.0,2.0,1.0,6.0,-5.0,6.0,-1.0,7.0,2.0,0.0,2.0,0.0,1.0,-1.0,85.7,0.0,37.5,37.5,17.0,14.0,22.0,11.0,1719.4,1644.1
2018-12-16,2018,Brighton,Chelsea,1,2,A,O,7.5,4.5,1.5,2,3,4,1,8,2.0,1.0,0.0,2.0,5.0,6.0,-1.0,2.0,5.0,-3.0,3.0,1.0,2.0,1.0,1.0,0.0,0.0,1.0,-1.0,57.1,14.3,57.1,28.6,7.0,13.0,11.0,13.0,1485.1,1666.6
2018-12-15,2018,Wolves,Bournemouth,2,0,H,U,1.95,3.6,4.33,3,3,5,3,9,1.0,1.0,2.0,2.0,4.0,5.0,-1.0,6.0,5.0,1.0,-2.0,0.0,-2.0,0.0,1.0,-1.0,1.0,1.0,0.0,37.5,37.5,42.9,57.1,12.0,10.0,9.0,19.0,1510.0,1500.4
2018-12-15,2018,Watford,Cardiff,3,2,H,O,1.64,3.9,6.0,8,3,5,0,9,1.0,0.0,2.0,3.0,4.0,2.0,2.0,5.0,8.0,-3.0,-1.0,-6.0,5.0,1.0,0.0,1.0,1.0,2.0,-1.0,50.0,50.0,0.0,85.7,14.0,7.0,11.0,7.0,1456.1,1468.7
2018-12-15,2018,Tottenham,Burnley,1,0,H,U,1.18,8.0,19.0,3,0,8,3,7,2.0,0.0,1.0,2.0,6.0,2.0,4.0,3.0,6.0,-3.0,3.0,-4.0,7.0,2.0,0.0,2.0,0.0,2.0,-2.0,66.7,33.3,12.5,62.5,18.0,4.0,15.0,7.0,1702.1,1452.2
2018-12-15,2018,Man City,Everton,3,1,H,O,1.22,7.5,13.0,5,2,6,2,9,3.0,0.0,0.0,2.0,12.0,1.0,11.0,3.0,3.0,0.0,9.0,-2.0,11.0,3.0,0.0,3.0,0.0,0.0,0.0,100.0,0.0,14.3,42.9,19.0,10.0,17.0,10.0,1779.7,1534.5
2018-12-15,2018,Huddersfield,Newcastle,0,1,A,U,2.6,3.1,3.1,5,5,10,1,9,1.0,1.0,1.0,0.0,3.0,3.0,0.0,3.0,2.0,1.0,0.0,1.0,-1.0,0.0,0.0,0.0,0.0,0.0,0.0,12.5,62.5,14.3,28.6,11.0,8.0,12.0,9.0,1418.3,1449.0
2018-12-15,2018,Fulham,West Ham,0,2,A,U,2.9,3.6,2.5,4,3,6,4,8,1.0,1.0,1.0,0.0,4.0,5.0,-1.0,6.0,2.0,4.0,-2.0,3.0,-5.0,0.0,1.0,-1.0,1.0,0.0,1.0,28.6,42.9,28.6,42.9,13.0,12.0,17.0,9.0,1442.7,1508.8
2018-12-15,2018,Crystal Palace,Leicester,1,0,H,U,2.62,3.2,3.0,1,2,4,4,8,1.0,1.0,1.0,0.0,4.0,3.0,1.0,3.0,2.0,1.0,1.0,1.0,0.0,1.0,0.0,1.0,0.0,0.0,0.0,14.3,57.1,37.5,37.5,16.0,13.0,26.0,21.0,1446.3,1503.1
2018-12-10,2018,Everton,Watford,2,2,D,O,1.8,3.75,5.0,5,3,6,6,9,2.0,0.0,0.0,2.0,5.0,1.0,4.0,2.0,4.0,-2.0,3.0,-3.0,6.0,1.0,0.0,1.0,0.0,1.0,-1.0,62.5,12.5,28.6,42.9,14.0,7.0,27.0,23.0,1536.9,1453.7
2018-12-09,2018,Newcastle,Wolves,1,2,A,O,2.9,3.2,2.7,4,6,4,6,9,2.0,0.0,1.0,2.0,3.0,2.0,1.0,4.0,4.0,0.0,-1.0,-2.0,1.0,0.0,0.0,0.0,1.0,0.0,1.0,25.0,75.0,28.6,42.9,12.0,16.0,22.0,18.0,1457.8,1501.3
2018-12-08,2018,West Ham,Crystal Palace,3,2,H,O,2.3,3.4,3.4,6,4,5,3,9,2.0,0.0,1.0,2.0,7.0,2.0,5.0,7.0,6.0,1.0,0.0,-4.0,4.0,2.0,0.0,2.0,1.0,2.0,-1.0,37.5,50.0,25.0,62.5,22.0,9.0,28.0,10.0,1500.0,1455.0
2018-12-08,2018,Man United,Fulham,4,1,H,O,1.33,5.75,10.0,11,4,10,3,8,1.0,0.0,0.0,3.0,4.0,0.0,4.0,3.0,5.0,-2.0,1.0,-5.0,6.0,0.0,0.0,0.0,0.0,2.0,-2.0,42.9,14.3,0.0,87.5,22.0,8.0,22.0,13.0,1639.2,1447.6
2018-12-08,2018,Leicester,Tottenham,0,2,A,U,3.8,3.75,2.0,3,2,6,5,8,1.0,2.0,0.0,1.0,3.0,6.0,-3.0,1.0,6.0,-5.0,2.0,0.0,2.0,1.0,0.0,1.0,0.0,1.0,-1.0,42.9,28.6,77.8,22.2,15.0,16.0,24.0,12.0,1508.1,1697.1
2018-12-08,2018,Chelsea,Man City,2,0,H,U,4.0,3.8,1.95,5,4,1,13,9,2.0,3.0,0.0,0.0,5.0,7.0,-2.0,1.0,1.0,0.0,4.0,6.0,-2.0,2.0,1.0,1.0,0.0,0.0,0.0,62.5,0.0,71.4,0.0,19.0,19.0,13.0,18.0,1652.7,1793.6
2018-12-08,2018,Cardiff,Southampton,1,0,H,U,2.9,3.25,2.7,4,1,7,7,9,2.0,0.0,1.0,3.0,4.0,4.0,0.0,3.0,12.0,-9.0,1.0,-8.0,9.0,0.0,0.0,0.0,0.0,2.0,-2.0,37.5,50.0,12.5,75.0,11.0,19.0,17.0,15.0,1459.5,1433.0
2018-12-08,2018,Burnley,Brighton,1,0,H,U,2.9,3.2,2.75,4,1,2,7,8,0.0,1.0,3.0,2.0,2.0,4.0,-2.0,9.0,6.0,3.0,-7.0,-2.0,-5.0,0.0,0.0,0.0,2.0,1.0,1.0,14.3,71.4,25.0,62.5,11.0,12.0,14.0,11.0,1440.6,1496.7
2018-12-08,2018,Bournemouth,Liverpool,0,4,A,O,5.75,4.5,1.6,2,4,6,6,9,1.0,2.0,2.0,0.0,4.0,7.0,-3.0,5.0,2.0,3.0,-1.0,5.0,-6.0,0.0,2.0,-2.0,0.0,0.0,0.0,50.0,25.0,75.0,0.0,14.0,23.0,18.0,22.0,1505.0,1714.8
2018-12-08,2018,Arsenal,Huddersfield,1,0,H,U,1.28,6.0,12.0,2,0,7,1,9,1.0,1.0,0.0,2.0,6.0,3.0,3.0,4.0,5.0,-1.0,2.0,-2.0,4.0,1.0,1.0,0.0,0.0,1.0,-1.0,62.5,12.5,14.3,57.1,14.0,19.0,24.0,16.0,1637.2,1422.8
2018-12-05,2018,Wolves,Chelsea,2,1,H,O,5.0,3.75,1.8,2,3,1,5,8,0.0,2.0,3.0,1.0,2.0,8.0,-6.0,7.0,3.0,4.0,-5.0,5.0,-10.0,0.0,2.0,-2.0,2.0,1.0,1.0,28.6,42.9,66.7,16.7,11.0,16.0,16.0,20.0,1486.5,1667.5
2018-12-05,2018,Tottenham,Southampton,3,1,H,O,1.36,5.25,9.5,8,5,8,6,6,2.0,0.0,1.0,2.0,4.0,3.0,1.0,2.0,9.0,-7.0,2.0,-6.0,8.0,1.0,0.0,1.0,0.0,1.0,-1.0,60.0,40.0,14.3,71.4,17.0,18.0,13.0,13.0,1693.4,1436.7
2018-12-05,2018,Man United,Arsenal,2,2,D,O,2.45,3.5,3.0,7,4,4,4,7,2.0,2.0,0.0,0.0,5.0,9.0,-4.0,3.0,4.0,-1.0,2.0,5.0,-3.0,0.0,1.0,-1.0,0.0,0.0,0.0,50.0,16.7,66.7,16.7,25.0,13.0,28.0,14.0,1639.2,1637.1
2018-12-05,2018,Fulham,Leicester,1,1,D,U,3.0,3.5,2.45,7,5,10,8,7,1.0,1.0,2.0,1.0,4.0,3.0,1.0,10.0,4.0,6.0,-6.0,-1.0,-5.0,0.0,0.0,0.0,2.0,1.0,1.0,33.3,50.0,42.9,42.9,10.0,10.0,11.0,17.0,1445.8,1510.0
2018-12-05,2018,Everton,Newcastle,1,1,D,U,1.6,4.0,6.5,3,5,14,2,8,3.0,1.0,0.0,1.0,6.0,4.0,2.0,1.0,4.0,-3.0,5.0,0.0,5.0,2.0,0.0,2.0,0.0,0.0,0.0,71.4,14.3,16.7,33.3,15.0,11.0,23.0,13.0,1539.2,1455.4
2018-12-05,2018,Burnley,Liverpool,1,3,A,O,14.0,5.75,1.28,6,12,5,9,7,0.0,2.0,2.0,0.0,2.0,5.0,-3.0,7.0,1.0,6.0,-5.0,4.0,-9.0,0.0,1.0,-1.0,1.0,0.0,1.0,16.7,66.7,71.4,0.0,8.0,13.0,10.0,17.0,1444.1,1711.3
2018-12-04,2018,West Ham,Cardiff,3,1,H,O,1.66,4.0,5.75,11,5,10,4,8,1.0,0.0,2.0,3.0,4.0,1.0,3.0,7.0,6.0,1.0,-3.0,-5.0,2.0,1.0,0.0,1.0,1.0,1.0,0.0,28.6,57.1,0.0,83.3,15.0,8.0,28.0,5.0,1490.7,1468.8
2018-12-04,2018,Watford,Man City,1,2,A,O,11.0,6.0,1.3,7,7,3,11,8,1.0,2.0,2.0,0.0,3.0,5.0,-2.0,7.0,0.0,7.0,-4.0,5.0,-9.0,1.0,1.0,0.0,2.0,0.0,2.0,57.1,42.9,66.7,0.0,9.0,14.0,18.0,13.0,1456.3,1791.0
2018-12-04,2018,Brighton,Crystal Palace,3,1,H,O,3.0,3.1,2.7,3,5,4,5,7,2.0,0.0,0.0,2.0,3.0,1.0,2.0,1.0,5.0,-4.0,2.0,-4.0,6.0,0.0,0.0,0.0,0.0,2.0,-2.0,50.0,16.7,28.6,57.1,8.0,7.0,9.0,10.0,1487.4,1464.4
2018-12-04,2018,Bournemouth,Huddersfield,2,1,H,O,1.66,3.8,6.0,2,6,4,8,8,0.0,1.0,2.0,1.0,2.0,3.0,-1.0,4.0,4.0,0.0,-2.0,-1.0,-1.0,0.0,1.0,-1.0,0.0,1.0,-1.0,42.9,28.6,16.7,50.0,14.0,15.0,20.0,18.0,1496.9,1430.9
2018-12-02,2018,Liverpool,Everton,1,0,H,U,1.4,5.0,9.0,3,3,8,1,7,2.0,1.0,0.0,1.0,6.0,3.0,3.0,1.0,3.0,-2.0,5.0,0.0,5.0,2.0,0.0,2.0,0.0,0.0,0.0,83.3,0.0,16.7,33.3,16.0,15.0,16.0,19.0,1705.6,1544.9
2018-12-02,2018,Chelsea,Fulham,2,0,H,U,1.18,8.0,17.0,9,4,4,6,8,1.0,0.0,0.0,3.0,5.0,2.0,3.0,3.0,7.0,-4.0,2.0,-5.0,7.0,1.0,0.0,1.0,0.0,2.0,-2.0,57.1,0.0,0.0,85.7,16.0,8.0,14.0,11.0,1663.0,1450.4
2018-12-02,2018,Arsenal,Tottenham,4,2,H,O,2.62,3.6,2.75,7,6,8,5,8,1.0,3.0,0.0,0.0,5.0,5.0,0.0,3.0,2.0,1.0,2.0,3.0,-1.0,1.0,0.0,1.0,0.0,0.0,0.0,57.1,14.3,87.5,12.5,13.0,12.0,22.0,13.0,1624.8,1705.7
2018-12-01,2018,Southampton,Man United,2,2,D,O,4.33,3.6,1.95,6,5,3,5,7,0.0,1.0,1.0,1.0,1.0,5.0,-4.0,4.0,6.0,-2.0,-3.0,-1.0,-2.0,0.0,0.0,0.0,1.0,1.0,0.0,0.0,33.3,42.9,42.9,14.0,13.0,18.0,9.0,1431.3,1644.7
2018-12-01,2018,Newcastle,West Ham,0,3,A,O,2.5,3.3,3.1,4,4,7,3,8,2.0,0.0,1.0,1.0,3.0,2.0,1.0,2.0,3.0,-1.0,1.0,-1.0,2.0,0.0,0.0,0.0,0.0,0.0,0.0,28.6,71.4,16.7,50.0,14.0,12.0,25.0,15.0,1464.9,1481.1
2018-12-01,2018,Man City,Bournemouth,3,1,H,O,1.11,11.0,26.0,6,1,8,4,8,3.0,2.0,0.0,1.0,14.0,8.0,6.0,2.0,2.0,0.0,12.0,6.0,6.0,3.0,2.0,1.0,0.0,0.0,0.0,100.0,0.0,50.0,50.0,23.0,16.0,19.0,22.0,1787.8,1500.1
2018-12-01,2018,Leicester,Watford,2,0,H,U,2.25,3.3,3.6,3,0,4,8,7,0.0,1.0,1.0,1.0,2.0,3.0,-1.0,3.0,2.0,1.0,-1.0,1.0,-2.0,0.0,1.0,-1.0,0.0,0.0,0.0,33.3,33.3,33.3,33.3,14.0,10.0,22.0,17.0,1501.0,1465.2
2018-12-01,2018,Huddersfield,Brighton,1,2,A,O,2.5,3.0,3.4,2,6,2,6,8,1.0,1.0,1.0,2.0,2.0,3.0,-1.0,2.0,5.0,-3.0,0.0,-2.0,2.0,0.0,0.0,0.0,0.0,1.0,-1.0,14.3,57.1,14.3,71.4,10.0,8.0,12.0,7.0,1439.8,1478.5
2018-12-01,2018,Crystal Palace,Burnley,2,0,H,U,1.61,3.9,6.5,9,0,10,2,7,0.0,0.0,2.0,2.0,2.0,2.0,0.0,4.0,9.0,-5.0,-2.0,-7.0,5.0,0.0,0.0,0.0,0.0,2.0,-2.0,0.0,66.7,14.3,57.1,11.0,4.0,22.0,6.0,1454.4,1454.1
2018-11-30,2018,Cardiff,Wolves,2,1,H,O,3.8,3.25,2.2,3,4,7,6,8,2.0,1.0,1.0,1.0,6.0,2.0,4.0,4.0,2.0,2.0,2.0,0.0,2.0,1.0,0.0,1.0,0.0,0.0,0.0,28.6,57.1,33.3,33.3,13.0,14.0,14.0,15.0,1457.7,1497.6
2018-11-26,2018,Burnley,Newcastle,1,2,A,O,2.9,3.2,2.75,4,3,5,5,6,1.0,0.0,1.0,1.0,5.0,2.0,3.0,5.0,3.0,2.0,0.0,-1.0,1.0,1.0,0.0,1.0,1.0,0.0,1.0,20.0,60.0,0.0,40.0,9.0,11.0,8.0,13.0,1464.4,1454.6
2018-11-25,2018,Wolves,Huddersfield,0,2,A,U,1.5,4.33,8.0,3,6,3,5,7,1.0,0.0,2.0,2.0,4.0,2.0,2.0,5.0,7.0,-2.0,-1.0,-5.0,4.0,1.0,0.0,1.0,1.0,2.0,-1.0,33.3,33.3,0.0,60.0,14.0,11.0,21.0,14.0,1509.9,1427.5
2018-11-25,2018,Bournemouth,Arsenal,1,2,A,O,3.5,3.75,1.95,5,4,5,8,7,1.0,2.0,1.0,0.0,3.0,9.0,-6.0,3.0,4.0,-1.0,0.0,5.0,-5.0,0.0,1.0,-1.0,0.0,0.0,0.0,50.0,16.7,60.0,20.0,14.0,11.0,18.0,10.0,1507.0,1617.9
2018-11-24,2018,West Ham,Man City,0,4,A,O,13.0,6.5,1.25,1,6,8,1,7,2.0,2.0,1.0,0.0,7.0,6.0,1.0,4.0,0.0,4.0,3.0,6.0,-3.0,2.0,1.0,1.0,0.0,0.0,0.0,33.3,50.0,60.0,0.0,17.0,18.0,24.0,21.0,1484.1,1784.8
2018-11-24,2018,Watford,Liverpool,0,3,A,O,6.5,4.33,1.55,1,7,5,5,7,1.0,1.0,2.0,0.0,4.0,3.0,1.0,6.0,2.0,4.0,-2.0,1.0,-3.0,1.0,0.0,1.0,1.0,0.0,1.0,66.7,33.3,66.7,0.0,13.0,12.0,19.0,16.0,1469.4,1701.4
2018-11-24,2018,Tottenham,Chelsea,3,1,H,O,2.8,3.5,2.6,9,2,4,4,5,1.0,2.0,2.0,0.0,2.0,7.0,-5.0,3.0,0.0,3.0,-1.0,7.0,-8.0,0.0,2.0,-2.0,0.0,0.0,0.0,50.0,50.0,80.0,0.0,11.0,20.0,14.0,24.0,1696.4,1672.3
2018-11-24,2018,Man United,Crystal Palace,0,0,D,U,1.4,5.25,8.0,5,2,10,3,6,2.0,0.0,0.0,3.0,6.0,2.0,4.0,4.0,7.0,-3.0,2.0,-5.0,7.0,0.0,0.0,0.0,0.0,2.0,-2.0,60.0,20.0,33.3,66.7,26.0,7.0,23.0,10.0,1649.9,1449.2
2018-11-24,2018,Fulham,Southampton,3,2,H,O,2.62,3.5,2.8,5,8,2,5,6,0.0,0.0,2.0,2.0,2.0,1.0,1.0,9.0,8.0,1.0,-7.0,-7.0,0.0,0.0,0.0,0.0,2.0,2.0,0.0,20.0,60.0,16.7,66.7,8.0,16.0,17.0,14.0,1440.3,1441.3
2018-11-24,2018,Everton,Cardiff,1,0,H,U,1.4,5.0,9.0,8,1,7,3,7,3.0,0.0,0.0,3.0,8.0,2.0,6.0,1.0,9.0,-8.0,7.0,-7.0,14.0,3.0,0.0,3.0,0.0,2.0,-2.0,66.7,16.7,0.0,80.0,13.0,9.0,28.0,6.0,1536.9,1465.7
2018-11-24,2018,Brighton,Leicester,1,1,D,U,2.9,3.4,2.6,3,3,6,1,6,2.0,2.0,1.0,1.0,3.0,4.0,-1.0,2.0,3.0,-1.0,1.0,1.0,0.0,0.0,1.0,-1.0,0.0,1.0,-1.0,60.0,20.0,50.0,50.0,9.0,12.0,8.0,25.0,1477.8,1501.7
2018-11-11,2018,Man City,Man United,3,1,H,O,1.4,5.25,8.5,5,1,5,1,7,3.0,1.0,0.0,1.0,13.0,5.0,8.0,1.0,6.0,-5.0,12.0,-1.0,13.0,3.0,0.0,3.0,0.0,1.0,-1.0,100.0,0.0,50.0,33.3,26.0,16.0,24.0,17.0,1778.2,1656.5
2018-11-11,2018,Liverpool,Fulham,2,0,H,U,1.11,11.0,26.0,7,3,6,3,6,2.0,0.0,0.0,3.0,7.0,2.0,5.0,1.0,8.0,-7.0,6.0,-6.0,12.0,2.0,0.0,2.0,0.0,2.0,-2.0,80.0,0.0,0.0,83.3,13.0,5.0,15.0,9.0,1697.6,1444.1
2018-11-11,2018,Chelsea,Everton,0,0,D,U,1.4,5.25,8.5,4,1,5,5,7,1.0,1.0,0.0,2.0,6.0,3.0,3.0,4.0,5.0,-1.0,2.0,-2.0,4.0,1.0,0.0,1.0,0.0,1.0,-1.0,66.7,0.0,20.0,40.0,16.0,20.0,13.0,23.0,1676.2,1533.0
2018-11-11,2018,Arsenal,Wolves,1,1,D,U,1.66,4.2,5.25,3,5,11,2,7,2.0,1.0,0.0,1.0,6.0,2.0,4.0,2.0,2.0,0.0,4.0,0.0,4.0,2.0,0.0,2.0,0.0,0.0,0.0,66.7,16.7,40.0,40.0,12.0,17.0,17.0,17.0,1621.1,1506.8
2018-11-10,2018,Southampton,Watford,1,1,D,U,2.5,3.3,3.1,4,6,7,6,6,0.0,1.0,1.0,2.0,2.0,2.0,0.0,5.0,3.0,2.0,-3.0,-1.0,-2.0,0.0,1.0,-1.0,1.0,1.0,0.0,0.0,40.0,40.0,40.0,15.0,8.0,12.0,17.0,1440.4,1470.3
2018-11-10,2018,Newcastle,Bournemouth,2,1,H,O,2.9,3.4,2.6,6,4,7,10,7,1.0,2.0,2.0,1.0,1.0,7.0,-6.0,3.0,4.0,-1.0,-2.0,3.0,-5.0,0.0,2.0,-2.0,1.0,1.0,0.0,16.7,83.3,60.0,40.0,9.0,17.0,23.0,20.0,1442.5,1519.2
2018-11-10,2018,Leicester,Burnley,0,0,D,U,1.5,4.33,8.0,5,1,12,1,6,1.0,1.0,1.0,2.0,5.0,4.0,1.0,4.0,10.0,-6.0,1.0,-6.0,7.0,1.0,0.0,1.0,0.0,2.0,-2.0,40.0,40.0,16.7,66.7,17.0,5.0,13.0,7.0,1502.8,1463.2
2018-11-10,2018,Huddersfield,West Ham,1,1,D,U,3.4,3.25,2.35,7,5,5,6,7,1.0,1.0,2.0,1.0,1.0,4.0,-3.0,3.0,3.0,0.0,-2.0,1.0,-3.0,0.0,1.0,-1.0,1.0,0.0,1.0,16.7,66.7,20.0,60.0,8.0,11.0,10.0,11.0,1425.7,1485.9
2018-11-10,2018,Crystal Palace,Tottenham,0,1,A,U,4.5,3.75,1.85,4,2,10,6,6,0.0,3.0,1.0,0.0,2.0,6.0,-4.0,3.0,2.0,1.0,-1.0,4.0,-5.0,0.0,1.0,-1.0,0.0,0.0,0.0,0.0,60.0,85.7,14.3,11.0,16.0,21.0,7.0,1453.2,1692.3
2018-11-10,2018,Cardiff,Brighton,2,1,H,O,2.6,3.1,3.1,6,3,4,1,7,1.0,1.0,2.0,2.0,5.0,2.0,3.0,5.0,5.0,0.0,0.0,-3.0,3.0,1.0,0.0,1.0,0.0,2.0,-2.0,16.7,66.7,16.7,66.7,12.0,6.0,20.0,9.0,1454.7,1488.8
2018-11-05,2018,Huddersfield,Fulham,1,0,H,U,2.3,3.5,3.3,2,1,5,4,6,0.0,0.0,3.0,3.0,0.0,2.0,-2.0,4.0,10.0,-6.0,-4.0,-8.0,4.0,0.0,0.0,0.0,1.0,3.0,-2.0,0.0,80.0,0.0,80.0,8.0,7.0,10.0,9.0,1414.6,1455.3
2018-11-04,2018,Man City,Southampton,6,1,H,O,1.11,11.0,29.0,8,6,4,4,6,3.0,0.0,0.0,2.0,10.0,0.0,10.0,0.0,5.0,-5.0,10.0,-5.0,15.0,3.0,0.0,3.0,0.0,2.0,-2.0,100.0,0.0,20.0,60.0,27.0,11.0,30.0,14.0,1775.6,1443.0
2018-11-04,2018,Chelsea,Crystal Palace,3,1,H,O,1.25,6.75,13.0,6,2,4,2,6,1.0,1.0,0.0,2.0,7.0,2.0,5.0,4.0,4.0,0.0,3.0,-2.0,5.0,1.0,0.0,1.0,0.0,1.0,-1.0,60.0,0.0,40.0,60.0,17.0,7.0,14.0,11.0,1671.6,1457.7
2018-11-03,2018,Wolves,Tottenham,2,3,A,O,3.1,3.4,2.45,7,8,5,1,6,2.0,3.0,1.0,0.0,3.0,5.0,-2.0,2.0,1.0,1.0,1.0,4.0,-3.0,1.0,1.0,0.0,1.0,0.0,1.0,40.0,20.0,83.3,16.7,14.0,15.0,24.0,13.0,1512.1,1687.0
2018-11-03,2018,West Ham,Burnley,4,2,H,O,1.75,3.75,5.25,10,3,10,4,6,1.0,1.0,1.0,2.0,3.0,2.0,1.0,2.0,7.0,-5.0,1.0,-5.0,6.0,1.0,0.0,1.0,0.0,1.0,-1.0,20.0,60.0,20.0,60.0,8.0,4.0,15.0,5.0,1475.9,1473.2
2018-11-03,2018,Newcastle,Watford,1,0,H,U,2.75,3.25,2.8,2,1,8,9,6,0.0,1.0,3.0,1.0,1.0,3.0,-2.0,5.0,3.0,2.0,-4.0,0.0,-4.0,0.0,1.0,-1.0,1.0,1.0,0.0,0.0,100.0,50.0,25.0,9.0,13.0,25.0,16.0,1431.0,1481.7
2018-11-03,2018,Everton,Brighton,3,1,H,O,1.61,4.0,6.5,3,3,6,4,6,2.0,1.0,1.0,1.0,6.0,3.0,3.0,3.0,4.0,-1.0,3.0,-1.0,4.0,2.0,0.0,2.0,1.0,1.0,0.0,60.0,20.0,20.0,60.0,14.0,7.0,26.0,9.0,1523.8,1498.1
2018-11-03,2018,Cardiff,Leicester,0,1,A,U,3.8,3.4,2.14,2,5,6,12,6,1.0,1.0,2.0,2.0,5.0,5.0,0.0,9.0,7.0,2.0,-4.0,-2.0,-2.0,1.0,1.0,0.0,1.0,2.0,-1.0,20.0,60.0,40.0,60.0,12.0,15.0,15.0,19.0,1463.8,1493.7
2018-11-03,2018,Bournemouth,Man United,1,2,A,O,3.6,3.7,2.1,7,8,9,5,6,2.0,1.0,0.0,1.0,6.0,5.0,1.0,3.0,6.0,-3.0,3.0,-1.0,4.0,1.0,0.0,1.0,0.0,1.0,-1.0,60.0,0.0,40.0,40.0,12.0,14.0,13.0,20.0,1525.7,1650.0
2018-11-03,2018,Arsenal,Liverpool,1,1,D,U,3.9,3.9,1.95,4,4,5,8,6,3.0,2.0,0.0,0.0,7.0,4.0,3.0,1.0,2.0,-1.0,6.0,2.0,4.0,3.0,0.0,3.0,0.0,0.0,0.0,80.0,20.0,80.0,0.0,13.0,18.0,17.0,12.0,1618.8,1699.9
2018-10-29,2018,Tottenham,Man City,0,1,A,U,4.75,4.1,1.75,1,6,3,6,4,2.0,1.0,1.0,0.0,5.0,6.0,-1.0,3.0,1.0,2.0,2.0,5.0,-3.0,1.0,1.0,0.0,0.0,0.0,0.0,66.7,33.3,50.0,0.0,21.0,18.0,16.0,24.0,1694.9,1767.7
2018-10-28,2018,Man United,Everton,2,1,H,O,1.72,3.9,5.25,10,6,8,4,5,1.0,1.0,1.0,1.0,4.0,4.0,0.0,6.0,5.0,1.0,-2.0,-1.0,-1.0,0.0,0.0,0.0,1.0,1.0,0.0,50.0,25.0,25.0,25.0,21.0,17.0,20.0,21.0,1643.1,1530.6
2018-10-28,2018,Crystal Palace,Arsenal,2,2,D,O,4.75,4.1,1.75,3,2,6,4,5,0.0,3.0,2.0,0.0,0.0,10.0,-10.0,3.0,4.0,-1.0,-3.0,6.0,-9.0,0.0,1.0,-1.0,1.0,0.0,1.0,0.0,75.0,75.0,25.0,14.0,20.0,22.0,15.0,1453.2,1623.4
2018-10-28,2018,Burnley,Chelsea,0,4,A,O,11.0,5.0,1.36,1,8,4,4,5,1.0,2.0,1.0,0.0,5.0,5.0,0.0,3.0,1.0,2.0,2.0,4.0,-2.0,1.0,1.0,0.0,1.0,0.0,1.0,25.0,50.0,75.0,0.0,10.0,15.0,6.0,25.0,1478.2,1666.6
2018-10-27,2018,Watford,Huddersfield,3,0,H,O,1.75,3.75,5.25,6,7,3,3,6,1.0,0.0,2.0,1.0,3.0,3.0,0.0,7.0,5.0,2.0,-4.0,-2.0,-2.0,0.0,0.0,0.0,1.0,1.0,0.0,60.0,40.0,0.0,50.0,10.0,10.0,19.0,14.0,1473.1,1423.2
2018-10-27,2018,Southampton,Newcastle,0,0,D,U,2.1,3.4,3.9,4,0,7,2,5,0.0,0.0,2.0,2.0,3.0,3.0,0.0,7.0,5.0,2.0,-4.0,-2.0,-2.0,0.0,0.0,0.0,1.0,0.0,1.0,0.0,50.0,0.0,50.0,16.0,13.0,15.0,11.0,1443.4,1430.7
2018-10-27,2018,Liverpool,Cardiff,4,1,H,O,1.11,11.0,26.0,7,1,8,0,5,2.0,0.0,0.0,2.0,4.0,1.0,3.0,0.0,5.0,-5.0,4.0,-4.0,8.0,1.0,0.0,1.0,0.0,1.0,-1.0,75.0,0.0,0.0,75.0,14.0,12.0,15.0,13.0,1695.7,1468.1
2018-10-27,2018,Leicester,West Ham,1,1,D,U,2.1,3.5,3.8,7,3,8,0,5,1.0,1.0,2.0,2.0,5.0,4.0,1.0,5.0,5.0,0.0,0.0,-1.0,1.0,1.0,1.0,0.0,0.0,1.0,-1.0,50.0,50.0,25.0,75.0,15.0,13.0,9.0,13.0,1494.2,1475.4
2018-10-27,2018,Fulham,Bournemouth,0,3,A,O,2.9,3.75,2.4,1,5,5,5,5,1.0,1.0,1.0,2.0,6.0,4.0,2.0,8.0,6.0,2.0,-2.0,-2.0,0.0,1.0,1.0,0.0,1.0,2.0,-1.0,25.0,50.0,50.0,50.0,19.0,13.0,18.0,21.0,1463.7,1517.3
2018-10-27,2018,Brighton,Wolves,1,0,H,U,3.2,3.2,2.5,1,7,1,10,5,1.0,2.0,1.0,0.0,4.0,3.0,1.0,4.0,1.0,3.0,0.0,2.0,-2.0,0.0,0.0,0.0,0.0,0.0,0.0,50.0,25.0,50.0,25.0,13.0,16.0,14.0,11.0,1487.0,1523.2
2018-10-22,2018,Arsenal,Leicester,3,1,H,O,1.53,4.5,6.5,6,2,6,4,5,3.0,2.0,0.0,1.0,7.0,6.0,1.0,1.0,5.0,-4.0,6.0,1.0,5.0,3.0,1.0,2.0,0.0,1.0,-1.0,75.0,25.0,50.0,50.0,17.0,18.0,21.0,18.0,1616.6,1501.0
2018-10-21,2018,Everton,Crystal Palace,2,0,H,U,1.85,3.6,4.75,4,3,10,5,5,1.0,1.0,1.0,2.0,5.0,3.0,2.0,4.0,4.0,0.0,1.0,-1.0,2.0,1.0,0.0,1.0,1.0,0.0,1.0,50.0,25.0,50.0,50.0,11.0,7.0,20.0,9.0,1522.4,1461.4
2018-10-20,2018,Wolves,Watford,0,2,A,U,1.75,3.75,5.25,1,3,8,2,5,2.0,1.0,0.0,1.0,4.0,4.0,0.0,1.0,4.0,-3.0,3.0,0.0,3.0,1.0,1.0,0.0,0.0,1.0,-1.0,50.0,0.0,33.3,33.3,15.0,16.0,21.0,16.0,1535.3,1461.0
2018-10-20,2018,West Ham,Tottenham,0,1,A,U,4.1,3.9,1.9,4,2,10,6,5,1.0,2.0,1.0,1.0,3.0,5.0,-2.0,2.0,3.0,-1.0,1.0,2.0,-1.0,1.0,1.0,0.0,0.0,0.0,0.0,25.0,50.0,80.0,20.0,7.0,15.0,9.0,17.0,1480.0,1690.3
2018-10-20,2018,Newcastle,Brighton,0,1,A,U,2.2,3.25,3.8,6,2,10,2,5,0.0,0.0,3.0,2.0,2.0,2.0,0.0,6.0,5.0,1.0,-4.0,-3.0,-1.0,0.0,0.0,0.0,1.0,1.0,0.0,0.0,100.0,0.0,75.0,5.0,7.0,19.0,12.0,1439.6,1478.1
2018-10-20,2018,Man City,Burnley,5,0,H,O,1.08,13.0,34.0,10,0,10,1,5,3.0,1.0,0.0,2.0,7.0,4.0,3.0,1.0,6.0,-5.0,6.0,-2.0,8.0,2.0,0.0,2.0,0.0,1.0,-1.0,100.0,0.0,25.0,50.0,25.0,6.0,24.0,8.0,1764.4,1481.5
2018-10-20,2018,Huddersfield,Liverpool,0,1,A,U,11.0,5.5,1.33,1,2,2,4,5,0.0,2.0,2.0,0.0,0.0,5.0,-5.0,3.0,3.0,0.0,-3.0,2.0,-5.0,0.0,0.0,0.0,1.0,0.0,1.0,0.0,75.0,75.0,0.0,8.0,20.0,15.0,12.0,1426.7,1692.1
2018-10-20,2018,Chelsea,Man United,2,2,D,O,1.75,3.8,5.25,6,4,5,3,5,2.0,2.0,0.0,1.0,7.0,5.0,2.0,2.0,4.0,-2.0,5.0,1.0,4.0,2.0,1.0,1.0,0.0,1.0,-1.0,75.0,0.0,50.0,50.0,17.0,19.0,16.0,22.0,1667.3,1642.4
2018-10-20,2018,Cardiff,Fulham,4,2,H,O,2.5,3.5,2.95,5,4,4,4,5,0.0,0.0,3.0,2.0,3.0,2.0,1.0,10.0,8.0,2.0,-7.0,-6.0,-1.0,0.0,0.0,0.0,1.0,2.0,-1.0,0.0,75.0,0.0,75.0,10.0,8.0,14.0,6.0,1457.6,1474.2
2018-10-20,2018,Bournemouth,Southampton,0,0,D,U,2.04,3.7,3.75,2,4,6,4,5,2.0,1.0,0.0,2.0,8.0,2.0,6.0,5.0,5.0,0.0,3.0,-3.0,6.0,1.0,1.0,0.0,0.0,2.0,-2.0,75.0,0.0,25.0,75.0,15.0,13.0,13.0,14.0,1519.5,1441.2
2018-10-07,2018,Southampton,Chelsea,0,3,A,O,6.0,4.1,1.61,6,6,4,12,4,0.0,2.0,1.0,0.0,3.0,5.0,-2.0,4.0,1.0,3.0,-1.0,4.0,-5.0,0.0,1.0,-1.0,0.0,0.0,0.0,0.0,33.3,66.7,0.0,13.0,13.0,19.0,18.0,1445.6,1662.9
2018-10-07,2018,Liverpool,Man City,0,0,D,U,2.54,3.6,2.8,2,2,2,6,4,3.0,2.0,0.0,0.0,8.0,8.0,0.0,0.0,1.0,-1.0,8.0,7.0,1.0,2.0,2.0,0.0,0.0,0.0,0.0,100.0,0.0,66.7,0.0,20.0,24.0,18.0,27.0,1690.0,1766.6
2018-10-07,2018,Fulham,Arsenal,1,5,A,O,5.25,4.33,1.66,4,7,4,2,4,1.0,2.0,1.0,1.0,5.0,7.0,-2.0,5.0,6.0,-1.0,0.0,1.0,-1.0,1.0,0.0,1.0,1.0,0.0,1.0,33.3,33.3,66.7,33.3,21.0,19.0,19.0,14.0,1480.7,1610.1
2018-10-06,2018,Watford,Bournemouth,0,4,A,O,2.14,3.6,3.5,2,7,10,7,5,2.0,1.0,1.0,2.0,5.0,2.0,3.0,4.0,7.0,-3.0,1.0,-5.0,6.0,0.0,0.0,0.0,0.0,2.0,-2.0,75.0,25.0,33.3,66.7,13.0,11.0,15.0,18.0,1469.9,1510.7
2018-10-06,2018,Tottenham,Cardiff,1,0,H,U,1.22,7.0,15.0,7,6,6,2,3,,0.0,,2.0,,1.0,,,6.0,,,-5.0,,,0.0,,,2.0,,50.0,50.0,0.0,66.7,,7.0,,15.0,1686.0,1461.9
2018-10-06,2018,Man United,Newcastle,3,2,H,O,1.44,4.5,9.0,10,8,10,6,4,1.0,0.0,1.0,1.0,3.0,1.0,2.0,5.0,2.0,3.0,-2.0,-1.0,-1.0,0.0,0.0,0.0,1.0,0.0,1.0,33.3,33.3,0.0,33.3,17.0,11.0,12.0,10.0,1637.4,1444.5
2018-10-06,2018,Leicester,Everton,1,2,A,O,2.2,3.4,3.6,2,8,2,10,4,2.0,0.0,1.0,1.0,6.0,4.0,2.0,3.0,6.0,-3.0,3.0,-2.0,5.0,2.0,0.0,2.0,0.0,1.0,-1.0,66.7,33.3,0.0,33.3,15.0,14.0,8.0,17.0,1511.0,1512.4
2018-10-06,2018,Crystal Palace,Wolves,0,1,A,U,3.0,3.2,2.62,4,2,6,3,4,0.0,1.0,2.0,1.0,0.0,2.0,-2.0,4.0,3.0,1.0,-4.0,-1.0,-3.0,0.0,0.0,0.0,2.0,1.0,1.0,0.0,66.7,33.3,33.3,12.0,17.0,22.0,17.0,1469.8,1526.9
2018-10-06,2018,Burnley,Huddersfield,1,1,D,U,2.14,3.1,4.2,3,2,1,10,4,1.0,0.0,2.0,2.0,5.0,3.0,2.0,5.0,10.0,-5.0,0.0,-7.0,7.0,1.0,0.0,1.0,2.0,2.0,0.0,33.3,66.7,0.0,66.7,10.0,9.0,10.0,7.0,1483.1,1425.1
2018-10-05,2018,Brighton,West Ham,1,0,H,U,2.7,3.3,2.87,4,4,2,9,4,1.0,1.0,1.0,2.0,6.0,4.0,2.0,6.0,8.0,-2.0,0.0,-4.0,4.0,0.0,1.0,-1.0,0.0,2.0,-2.0,33.3,33.3,33.3,66.7,12.0,11.0,15.0,8.0,1467.5,1490.7
2018-10-01,2018,Bournemouth,Crystal Palace,2,1,H,O,2.25,3.5,3.4,5,2,3,3,4,2.0,2.0,0.0,1.0,8.0,4.0,4.0,4.0,2.0,2.0,4.0,2.0,2.0,2.0,1.0,1.0,0.0,0.0,0.0,66.7,0.0,66.7,33.3,14.0,14.0,17.0,11.0,1501.3,1479.2
2018-09-30,2018,Cardiff,Burnley,1,2,A,O,2.62,3.0,3.2,5,2,10,2,4,0.0,0.0,2.0,2.0,2.0,2.0,0.0,8.0,5.0,3.0,-6.0,-3.0,-3.0,0.0,0.0,0.0,1.0,1.0,0.0,0.0,66.7,0.0,66.7,6.0,10.0,9.0,11.0,1471.9,1473.2
2018-09-29,2018,Wolves,Southampton,2,0,H,U,1.8,3.6,5.25,6,6,8,6,4,1.0,1.0,0.0,2.0,4.0,3.0,1.0,3.0,5.0,-2.0,1.0,-2.0,3.0,0.0,1.0,-1.0,0.0,1.0,-1.0,33.3,0.0,33.3,66.7,13.0,11.0,16.0,13.0,1518.7,1453.8
2018-09-29,2018,West Ham,Man United,3,1,H,O,4.5,3.8,1.85,3,4,4,9,4,0.0,2.0,2.0,1.0,1.0,6.0,-5.0,3.0,4.0,-1.0,-2.0,2.0,-4.0,0.0,1.0,-1.0,0.0,0.0,0.0,0.0,66.7,66.7,33.3,9.0,18.0,11.0,18.0,1476.0,1652.1
2018-09-29,2018,Newcastle,Leicester,0,2,A,U,2.6,3.3,3.0,1,5,5,9,4,0.0,1.0,3.0,2.0,3.0,5.0,-2.0,6.0,7.0,-1.0,-3.0,-2.0,-1.0,0.0,0.0,0.0,0.0,1.0,-1.0,0.0,100.0,33.3,66.7,6.0,17.0,17.0,14.0,1453.1,1502.4
2018-09-29,2018,Man City,Brighton,2,0,H,U,1.1,12.0,34.0,8,1,10,3,4,3.0,0.0,0.0,2.0,11.0,2.0,9.0,2.0,5.0,-3.0,9.0,-3.0,12.0,2.0,0.0,2.0,0.0,1.0,-1.0,100.0,0.0,0.0,66.7,31.0,6.0,24.0,11.0,1763.4,1470.6
2018-09-29,2018,Huddersfield,Tottenham,0,2,A,U,8.5,4.5,1.44,5,6,3,0,4,0.0,2.0,2.0,1.0,0.0,6.0,-6.0,4.0,3.0,1.0,-4.0,3.0,-7.0,0.0,1.0,-1.0,1.0,0.0,1.0,0.0,66.7,75.0,25.0,4.0,14.0,14.0,19.0,1428.8,1682.2
2018-09-29,2018,Everton,Fulham,3,0,H,O,1.75,4.2,4.75,6,0,12,1,4,1.0,0.0,1.0,2.0,4.0,3.0,1.0,5.0,8.0,-3.0,-1.0,-5.0,4.0,0.0,0.0,0.0,1.0,2.0,-1.0,33.3,33.3,0.0,66.7,12.0,11.0,10.0,7.0,1502.8,1490.3
2018-09-29,2018,Chelsea,Liverpool,1,1,D,U,2.8,3.6,2.54,4,6,4,4,4,3.0,3.0,0.0,0.0,9.0,6.0,3.0,3.0,2.0,1.0,6.0,4.0,2.0,2.0,1.0,1.0,0.0,0.0,0.0,100.0,0.0,100.0,0.0,24.0,20.0,17.0,15.0,1662.0,1690.8
2018-09-29,2018,Arsenal,Watford,2,0,H,U,1.44,5.1,7.0,2,4,6,6,4,2.0,,1.0,,5.0,,,3.0,,,2.0,,,2.0,,,1.0,,,66.7,33.3,50.0,0.0,18.0,,17.0,,1603.6,1476.3
2018-09-23,2018,West Ham,Chelsea,0,0,D,U,6.0,4.5,1.57,1,6,1,8,3,,,,,,,,,,,,,,,,,,,,0.0,100.0,100.0,0.0,,,,,1470.9,1667.1
2018-09-23,2018,Arsenal,Everton,2,0,H,U,1.44,5.0,7.5,5,6,5,9,3,,,,,,,,,,,,,,,,,,,,50.0,50.0,0.0,0.0,,,,,1596.1,1510.4
2018-09-22,2018,Man United,Wolves,1,1,D,U,1.57,4.33,6.5,6,8,5,4,3,,,,,,,,,,,,,,,,,,,,50.0,50.0,50.0,50.0,,,,,1655.9,1514.9
2018-09-22,2018,Liverpool,Southampton,3,0,H,O,1.2,7.5,17.0,4,1,5,4,3,,,,,,,,,,,,,,,,,,,,100.0,0.0,50.0,50.0,,,,,1686.5,1458.0
2018-09-22,2018,Leicester,Huddersfield,3,1,H,O,1.61,4.0,6.5,8,2,3,1,3,,,,,,,,,,,,,,,,,,,,50.0,50.0,0.0,50.0,,,,,1494.0,1437.2
2018-09-22,2018,Fulham,Watford,1,1,D,U,2.54,3.5,2.9,3,6,8,8,3,,,,,,,,,,,,,,,,,,,,50.0,50.0,100.0,0.0,,,,,1490.7,1475.9
2018-09-22,2018,Crystal Palace,Newcastle,0,0,D,U,2.14,3.4,3.75,4,3,9,5,3,,,,,,,,,,,,,,,,,,,,0.0,100.0,0.0,50.0,,,,,1480.0,1452.3
2018-09-22,2018,Cardiff,Man City,0,5,A,O,23.0,8.0,1.16,2,10,1,9,3,,,,,,,,,,,,,,,,,,,,0.0,50.0,50.0,0.0,,,,,1475.1,1760.2
2018-09-22,2018,Burnley,Bournemouth,4,0,H,O,3.0,3.4,2.5,5,5,3,8,3,,,,,,,,,,,,,,,,,,,,0.0,100.0,50.0,50.0,,,,,1461.7,1512.7
2018-09-22,2018,Brighton,Tottenham,1,2,A,O,5.0,4.0,1.75,4,7,5,7,3,,2.0,,1.0,,6.0,,,3.0,,,3.0,,,1.0,,,0.0,,50.0,0.0,66.7,33.3,,12.0,,17.0,1475.4,1677.5
2018-09-17,2018,Southampton,Brighton,2,2,D,O,2.1,3.4,3.9,5,4,1,4,3,,,,,,,,,,,,,,,,,,,,0.0,50.0,0.0,100.0,,,,,1457.5,1475.9
2018-09-16,2018,Wolves,Burnley,1,0,H,U,1.75,3.6,5.75,7,2,8,2,3,,,,,,,,,,,,,,,,,,,,0.0,0.0,0.0,50.0,,,,,1505.9,1470.7
2018-09-16,2018,Everton,West Ham,1,3,A,O,2.0,3.75,3.9,4,4,4,2,3,,,,,,,,,,,,,,,,,,,,50.0,0.0,0.0,100.0,,,,,1522.2,1459.1
2018-09-15,2018,Watford,Man United,1,2,A,O,4.33,3.6,1.95,5,6,6,8,4,3.0,,0.0,,6.0,,,2.0,,,4.0,,,1.0,,,0.0,,,100.0,0.0,50.0,50.0,13.0,,17.0,,1481.4,1650.5
2018-09-15,2018,Tottenham,Liverpool,1,2,A,O,3.0,3.6,2.4,3,10,5,4,2,,,,,,,,,,,,,,,,,,,,100.0,0.0,100.0,0.0,,,,,1687.8,1676.2
2018-09-15,2018,Newcastle,Arsenal,1,2,A,O,4.2,3.8,1.9,2,2,10,4,3,,,,,,,,,,,,,,,,,,,,0.0,100.0,50.0,50.0,,,,,1458.7,1589.7
2018-09-15,2018,Man City,Fulham,3,0,H,O,1.12,10.0,26.0,9,3,10,4,3,,,,,,,,,,,,,,,,,,,,100.0,0.0,0.0,50.0,,,,,1756.6,1494.3
2018-09-15,2018,Huddersfield,Crystal Palace,0,1,A,U,3.3,3.1,2.5,2,2,5,3,3,,,,,,,,,,,,,,,,,,,,0.0,50.0,50.0,50.0,,,,,1446.5,1470.7
2018-09-15,2018,Chelsea,Cardiff,4,1,H,O,1.18,8.0,19.0,7,2,5,4,3,,,,,,,,,,,,,,,,,,,,100.0,0.0,0.0,50.0,,,,,1661.9,1480.3
2018-09-15,2018,Bournemouth,Leicester,4,2,H,O,2.45,3.5,3.0,5,8,4,6,3,,,,,,,,,,,,,,,,,,,,50.0,0.0,50.0,50.0,,,,,1502.7,1504.0
2018-09-02,2018,Watford,Tottenham,2,1,H,O,5.5,4.2,1.64,3,2,3,10,3,,,,,,,,,,,,,,,,,,,,100.0,0.0,100.0,0.0,,,,,1465.5,1703.8
2018-09-02,2018,Cardiff,Arsenal,2,3,A,O,6.5,4.33,1.57,3,11,3,9,2,,,,,,,,,,,,,,,,,,,,0.0,0.0,0.0,100.0,,,,,1487.7,1582.3
2018-09-02,2018,Burnley,Man United,0,2,A,U,6.0,3.75,1.7,2,9,2,5,2,,,,,,,,,,,,,,,,,,,,0.0,100.0,0.0,100.0,,,,,1476.2,1645.0
2018-09-01,2018,West Ham,Wolves,0,1,A,U,2.6,3.4,2.87,3,6,4,4,2,,,,,,,,,,,,,,,,,,,,0.0,100.0,0.0,100.0,,,,,1468.2,1496.7
2018-09-01,2018,Man City,Newcastle,2,1,H,O,1.11,11.0,26.0,8,2,4,0,2,,,,,,,,,,,,,,,,,,,,100.0,0.0,0.0,0.0,,,,,1753.4,1461.9
2018-09-01,2018,Leicester,Liverpool,1,2,A,O,7.5,5.0,1.44,5,4,4,4,2,,,,,,,,,,,,,,,,,,,,100.0,0.0,100.0,0.0,,,,,1509.7,1670.5
2018-09-01,2018,Everton,Huddersfield,1,1,D,U,1.53,4.2,7.5,1,6,4,3,2,,,,,,,,,,,,,,,,,,,,100.0,0.0,0.0,100.0,,,,,1524.4,1444.3
2018-09-01,2018,Crystal Palace,Southampton,0,2,A,U,2.0,3.5,4.2,6,6,7,4,2,,,,,,,,,,,,,,,,,,,,0.0,100.0,0.0,100.0,,,,,1481.7,1446.5
2018-09-01,2018,Chelsea,Bournemouth,2,0,H,U,1.3,6.0,11.0,6,1,7,6,2,,,,,,,,,,,,,,,,,,,,100.0,0.0,100.0,0.0,,,,,1655.9,1508.7
2018-09-01,2018,Brighton,Fulham,2,2,D,O,2.3,3.4,3.4,5,5,7,1,2,,,,,,,,,,,,,,,,,,,,100.0,0.0,0.0,100.0,,,,,1475.3,1494.9
2018-08-27,2018,Man United,Tottenham,0,3,A,O,2.62,3.3,2.9,5,5,5,2,2,,,,,,,,,,,,,,,,,,,,100.0,0.0,100.0,0.0,,,,,1653.8,1694.9
2018-08-26,2018,Watford,Crystal Palace,2,1,H,O,2.6,3.25,3.0,5,3,6,3,2,,,,,,,,,,,,,,,,,,,,100.0,0.0,100.0,0.0,,,,,1454.4,1492.8
2018-08-26,2018,Newcastle,Chelsea,1,2,A,O,5.75,4.0,1.66,2,3,4,5,2,,,,,,,,,,,,,,,,,,,,0.0,100.0,100.0,0.0,,,,,1467.0,1650.8
2018-08-26,2018,Fulham,Burnley,4,2,H,O,2.0,3.4,4.33,12,2,6,4,2,,,,,,,,,,,,,,,,,,,,0.0,100.0,0.0,0.0,,,,,1484.9,1486.2
2018-08-25,2018,Wolves,Man City,1,1,D,U,11.0,6.5,1.28,2,6,5,9,2,,,,,,,,,,,,,,,,,,,,0.0,0.0,100.0,0.0,,,,,1490.2,1759.9
2018-08-25,2018,Southampton,Leicester,1,2,A,O,2.45,3.2,3.25,5,5,10,3,2,,,,,,,,,,,,,,,,,,,,0.0,0.0,0.0,100.0,,,,,1455.1,1501.0
2018-08-25,2018,Liverpool,Brighton,1,0,H,U,1.16,8.5,19.0,8,2,8,5,2,,,,,,,,,,,,,,,,,,,,100.0,0.0,0.0,100.0,,,,,1665.4,1480.5
2018-08-25,2018,Huddersfield,Cardiff,0,0,D,U,2.37,3.0,3.7,1,4,7,7,2,,,,,,,,,,,,,,,,,,,,0.0,100.0,0.0,100.0,,,,,1442.9,1489.0
2018-08-25,2018,Bournemouth,Everton,2,2,D,O,2.62,3.6,2.75,5,3,6,2,2,,,,,,,,,,,,,,,,,,,,100.0,0.0,0.0,0.0,,,,,1508.2,1524.9
2018-08-25,2018,Arsenal,West Ham,3,1,H,O,1.36,5.5,9.0,10,5,10,2,2,,,,,,,,,,,,,,,,,,,,0.0,100.0,0.0,100.0,,,,,1575.1,1475.5
2018-08-20,2018,Crystal Palace,Liverpool,0,2,A,U,7.0,5.0,1.44,2,6,6,7,1,,,,,,,,,,,,,,,,,,,,,,,,,,,,1498.4,1659.7
2018-08-19,2018,Man City,Huddersfield,6,1,H,O,1.1,13.0,26.0,14,1,10,3,1,,,,,,,,,,,,,,,,,,,,,,,,,,,,1757.1,1445.8
2018-08-19,2018,Burnley,Watford,1,3,A,O,2.45,3.1,3.4,3,6,5,2,1,,,,,,,,,,,,,,,,,,,,,,,,,,,,1497.8,1442.8
2018-08-19,2018,Brighton,Man United,3,2,H,O,5.5,3.6,1.75,3,3,3,5,1,,,,,,,,,,,,,,,,,,,,,,,,,,,,1465.2,1669.1
2018-08-18,2018,West Ham,Bournemouth,1,2,A,O,2.1,3.6,3.7,5,5,6,4,1,,,,,,,,,,,,,,,,,,,,,,,,,,,,1485.1,1498.6
2018-08-18,2018,Tottenham,Fulham,3,1,H,O,1.28,6.0,12.0,11,3,5,2,1,,,,,,,,,,,,,,,,,,,,,,,,,,,,1690.1,1489.7
2018-08-18,2018,Leicester,Wolves,2,0,H,U,2.04,3.5,3.9,2,3,1,9,1,,,,,,,,,,,,,,,,,,,,,,,,,,,,1490.7,1500.5
2018-08-18,2018,Everton,Southampton,2,1,H,O,1.9,3.5,4.75,7,4,2,5,1,,,,,,,,,,,,,,,,,,,,,,,,,,,,1516.4,1463.6
2018-08-18,2018,Chelsea,Arsenal,3,2,H,O,1.8,4.0,4.5,11,6,5,1,1,,,,,,,,,,,,,,,,,,,,,,,,,,,,1642.5,1583.4
2018-08-18,2018,Cardiff,Newcastle,0,0,D,U,3.25,3.1,2.54,1,6,5,5,1,,,,,,,,,,,,,,,,,,,,,,,,,,,,1489.7,1466.3
2018-08-12,2018,Southampton,Burnley,0,0,D,U,1.85,3.5,5.0,3,6,8,5,1,,,,,,,,,,,,,,,,,,,,,,,,,,,,1462.6,1498.9
2018-08-12,2018,Liverpool,West Ham,4,0,H,O,1.25,6.5,14.0,8,2,5,4,1,,,,,,,,,,,,,,,,,,,,,,,,,,,,1654.1,1490.7
2018-08-12,2018,Arsenal,Man City,0,2,A,U,4.0,3.8,1.95,3,8,2,9,1,,,,,,,,,,,,,,,,,,,,,,,,,,,,1589.1,1751.4
2018-08-11,2018,Wolves,Everton,2,2,D,O,2.37,3.3,3.3,4,5,3,6,1,,,,,,,,,,,,,,,,,,,,,,,,,,,,1500.0,1516.9
2018-08-11,2018,Watford,Brighton,2,0,H,U,2.37,3.2,3.4,5,0,8,2,1,,,,,,,,,,,,,,,,,,,,,,,,,,,,1431.5,1476.5
2018-08-11,2018,Newcastle,Tottenham,1,2,A,O,3.9,3.5,2.04,2,5,3,5,1,,,,,,,,,,,,,,,,,,,,,,,,,,,,1470.8,1685.6
2018-08-11,2018,Huddersfield,Chelsea,0,3,A,O,6.5,4.0,1.61,1,4,2,5,1,,,,,,,,,,,,,,,,,,,,,,,,,,,,1450.9,1637.4
2018-08-11,2018,Fulham,Crystal Palace,0,2,A,U,2.5,3.4,3.0,6,9,5,5,1,,,,,,,,,,,,,,,,,,,,,,,,,,,,1500.0,1488.1
2018-08-11,2018,Bournemouth,Cardiff,2,0,H,U,1.9,3.6,4.5,4,1,7,4,1,,,,,,,,,,,,,,,,,,,,,,,,,,,,1488.3,1500.0
2018-08-10,2018,Man United,Leicester,2,1,H,O,1.57,3.9,7.5,6,4,2,5,1,,,,,,,,,,,,,,,,,,,,,,,,,,,,1663.5,1496.3
2018-05-13,2017,West Ham,Everton,3,1,H,O,2.45,3.5,3.0,4,7,6,6,19,0.0,2.0,1.0,0.0,2.0,5.0,-3.0,5.0,2.0,3.0,-3.0,3.0,-6.0,0.0,1.0,-1.0,1.0,0.0,1.0,33.3,33.3,16.7,50.0,9.0,17.0,11.0,15.0,1479.3,1528.3
2018-05-13,2017,Tottenham,Leicester,5,4,H,O,1.33,6.0,9.0,6,9,4,4,19,2.0,1.0,1.0,2.0,4.0,3.0,1.0,3.0,7.0,-4.0,1.0,-4.0,5.0,1.0,1.0,0.0,1.0,1.0,0.0,66.7,11.1,27.8,44.4,13.0,11.0,15.0,11.0,1680.4,1501.5
2018-05-13,2017,Swansea,Stoke,1,2,A,O,1.9,3.79,4.2,11,5,6,0,19,0.0,0.0,2.0,1.0,1.0,1.0,0.0,3.0,4.0,-1.0,-2.0,-3.0,1.0,0.0,0.0,0.0,0.0,1.0,-1.0,33.3,50.0,5.6,55.6,13.0,10.0,14.0,8.0,1433.2,1422.5
2018-05-13,2017,Southampton,Man City,0,1,A,U,9.0,5.0,1.39,3,2,1,12,19,1.0,3.0,1.0,0.0,4.0,10.0,-6.0,4.0,3.0,1.0,0.0,7.0,-7.0,0.0,3.0,-3.0,0.0,0.0,0.0,22.2,38.9,83.3,5.6,19.0,17.0,24.0,25.0,1465.9,1748.1
2018-05-13,2017,Newcastle,Chelsea,3,0,H,O,6.5,4.2,1.6,6,2,4,2,19,2.0,3.0,1.0,0.0,3.0,6.0,-3.0,2.0,3.0,-1.0,1.0,3.0,-2.0,0.0,0.0,0.0,0.0,0.0,0.0,38.9,38.9,55.6,27.8,9.0,13.0,10.0,11.0,1455.7,1652.5
2018-05-13,2017,Man United,Watford,1,0,H,U,1.39,5.25,8.5,1,3,6,5,19,2.0,0.0,1.0,3.0,4.0,0.0,4.0,2.0,8.0,-6.0,2.0,-8.0,10.0,1.0,0.0,1.0,0.0,2.0,-2.0,77.8,11.1,22.2,66.7,12.0,8.0,16.0,7.0,1659.2,1435.8
2018-05-13,2017,Liverpool,Brighton,4,0,H,O,1.19,8.0,15.0,11,1,7,3,19,2.0,0.0,0.0,2.0,8.0,3.0,5.0,0.0,6.0,-6.0,8.0,-3.0,11.0,2.0,0.0,2.0,0.0,1.0,-1.0,61.1,0.0,11.1,61.1,19.0,7.0,22.0,13.0,1648.6,1482.0
2018-05-13,2017,Huddersfield,Arsenal,0,1,A,U,6.0,4.33,1.6,3,4,7,4,19,1.0,0.0,2.0,3.0,1.0,3.0,-2.0,4.0,7.0,-3.0,-3.0,-4.0,1.0,0.0,0.0,0.0,2.0,1.0,1.0,33.3,38.9,16.7,61.1,5.0,13.0,17.0,11.0,1457.4,1582.5
2018-05-13,2017,Crystal Palace,West Brom,2,0,H,U,1.8,3.79,4.75,5,1,4,2,19,2.0,2.0,1.0,1.0,9.0,3.0,6.0,4.0,2.0,2.0,5.0,1.0,4.0,1.0,0.0,1.0,0.0,0.0,0.0,33.3,38.9,16.7,61.1,20.0,12.0,17.0,7.0,1479.4,1433.2
2018-05-13,2017,Burnley,Bournemouth,1,2,A,O,2.14,3.5,3.6,4,5,7,8,19,1.0,0.0,1.0,2.0,3.0,3.0,0.0,3.0,7.0,-4.0,0.0,-4.0,4.0,0.0,0.0,0.0,0.0,1.0,-1.0,38.9,33.3,16.7,50.0,9.0,14.0,10.0,17.0,1509.8,1477.3
2018-05-10,2017,West Ham,Man United,0,0,D,U,4.75,3.79,1.8,2,6,1,6,18,1.0,2.0,1.0,1.0,5.0,5.0,0.0,5.0,3.0,2.0,0.0,2.0,-2.0,1.0,1.0,0.0,1.0,0.0,1.0,35.3,35.3,55.6,27.8,12.0,11.0,15.0,15.0,1474.3,1664.2
2018-05-09,2017,Tottenham,Newcastle,1,0,H,U,1.18,8.5,17.0,7,3,6,4,18,2.0,1.0,1.0,2.0,5.0,3.0,2.0,3.0,4.0,-1.0,2.0,-1.0,3.0,2.0,0.0,2.0,1.0,0.0,1.0,64.7,11.8,22.2,55.6,13.0,7.0,17.0,16.0,1675.9,1460.2
2018-05-09,2017,Man City,Brighton,3,1,H,O,1.12,10.0,27.0,7,3,4,3,19,1.0,0.0,1.0,2.0,7.0,2.0,5.0,3.0,5.0,-2.0,4.0,-3.0,7.0,1.0,0.0,1.0,0.0,1.0,-1.0,83.3,5.6,11.8,58.8,20.0,8.0,23.0,13.0,1744.5,1485.7
2018-05-09,2017,Leicester,Arsenal,3,1,H,O,3.75,3.79,2.0,10,7,6,6,19,0.0,0.0,2.0,3.0,1.0,3.0,-2.0,4.0,6.0,-2.0,-3.0,-3.0,0.0,0.0,0.0,0.0,1.0,0.0,1.0,33.3,33.3,17.6,58.8,6.0,13.0,26.0,16.0,1488.5,1595.5
2018-05-09,2017,Chelsea,Huddersfield,1,1,D,U,1.16,8.5,19.0,5,2,9,0,19,1.0,0.0,1.0,1.0,3.0,1.0,2.0,4.0,2.0,2.0,-1.0,-1.0,0.0,0.0,0.0,0.0,1.0,0.0,1.0,61.1,22.2,16.7,61.1,14.0,8.0,18.0,7.0,1657.8,1452.1
2018-05-08,2017,Swansea,Southampton,0,1,A,U,3.1,3.25,2.54,3,8,7,6,18,1.0,0.0,1.0,1.0,5.0,3.0,2.0,3.0,4.0,-1.0,2.0,-1.0,3.0,1.0,0.0,1.0,0.0,0.0,0.0,35.3,47.1,11.1,44.4,18.0,15.0,11.0,13.0,1442.8,1456.3
2018-05-06,2017,Man City,Huddersfield,0,0,D,U,1.08,13.0,34.0,2,3,10,1,18,2.0,0.0,1.0,2.0,8.0,1.0,7.0,3.0,4.0,-1.0,5.0,-3.0,8.0,1.0,0.0,1.0,0.0,1.0,-1.0,88.2,5.9,17.6,64.7,21.0,8.0,18.0,7.0,1751.5,1445.0
2018-05-06,2017,Chelsea,Liverpool,1,0,H,U,2.25,3.6,3.29,4,5,3,1,18,1.0,1.0,1.0,0.0,4.0,4.0,0.0,5.0,3.0,2.0,-1.0,1.0,-2.0,0.0,0.0,0.0,1.0,0.0,1.0,58.8,23.5,50.0,22.2,21.0,12.0,27.0,12.0,1647.5,1658.9
2018-05-06,2017,Arsenal,Burnley,5,0,H,O,1.57,4.2,6.5,8,2,4,5,19,3.0,2.0,0.0,0.0,10.0,5.0,5.0,3.0,3.0,0.0,7.0,2.0,5.0,2.0,0.0,2.0,0.0,0.0,0.0,77.8,11.1,38.9,22.2,26.0,15.0,22.0,15.0,1587.5,1517.8
2018-05-05,2017,West Brom,Tottenham,1,0,H,U,8.0,4.75,1.44,1,5,5,9,19,0.0,2.0,1.0,0.0,4.0,6.0,-2.0,5.0,3.0,2.0,-1.0,3.0,-4.0,0.0,1.0,-1.0,0.0,0.0,0.0,11.1,38.9,55.6,22.2,12.0,17.0,13.0,12.0,1416.6,1692.5
2018-05-05,2017,Watford,Newcastle,2,1,H,O,2.37,3.39,3.2,8,1,2,5,19,0.0,1.0,1.0,2.0,3.0,2.0,1.0,4.0,4.0,0.0,-1.0,-2.0,1.0,0.0,0.0,0.0,0.0,1.0,-1.0,33.3,33.3,23.5,52.9,14.0,8.0,22.0,14.0,1424.5,1471.5
2018-05-05,2017,Stoke,Crystal Palace,1,2,A,O,2.7,3.39,2.79,2,2,1,7,19,0.0,1.0,2.0,0.0,3.0,4.0,-1.0,5.0,2.0,3.0,-2.0,2.0,-4.0,0.0,1.0,-1.0,0.0,0.0,0.0,27.8,44.4,16.7,50.0,11.0,13.0,10.0,13.0,1431.4,1470.5
2018-05-05,2017,Leicester,West Ham,0,2,A,U,2.25,3.5,3.39,2,3,8,3,18,0.0,0.0,1.0,2.0,2.0,3.0,-1.0,3.0,9.0,-6.0,-1.0,-6.0,5.0,0.0,0.0,0.0,0.0,2.0,-2.0,35.3,29.4,11.1,55.6,8.0,8.0,31.0,17.0,1499.6,1463.3
2018-05-05,2017,Everton,Southampton,1,1,D,U,2.89,3.29,2.62,3,5,3,4,19,1.0,0.0,1.0,2.0,2.0,2.0,0.0,3.0,6.0,-3.0,-1.0,-4.0,3.0,0.0,0.0,0.0,1.0,1.0,0.0,55.6,27.8,11.8,47.1,4.0,10.0,9.0,18.0,1530.5,1454.1
2018-05-05,2017,Bournemouth,Swansea,1,0,H,U,2.1,3.6,3.7,5,3,11,6,19,1.0,0.0,1.0,2.0,4.0,1.0,3.0,5.0,8.0,-3.0,-1.0,-7.0,6.0,0.0,0.0,0.0,1.0,2.0,-1.0,33.3,38.9,11.1,55.6,12.0,4.0,22.0,5.0,1467.8,1452.3
2018-05-04,2017,Brighton,Man United,1,0,H,U,4.75,3.6,1.85,4,3,5,6,19,0.0,3.0,1.0,0.0,2.0,8.0,-6.0,4.0,4.0,0.0,-2.0,4.0,-6.0,0.0,1.0,-1.0,1.0,0.0,1.0,33.3,22.2,58.8,23.5,12.0,16.0,14.0,16.0,1470.3,1679.6
2018-04-30,2017,Tottenham,Watford,2,0,H,U,1.16,8.5,21.0,3,5,4,0,17,2.0,0.0,1.0,3.0,4.0,0.0,4.0,3.0,9.0,-6.0,1.0,-9.0,10.0,1.0,0.0,1.0,1.0,2.0,-1.0,62.5,12.5,23.5,64.7,16.0,7.0,23.0,16.0,1688.9,1428.1
2018-04-29,2017,West Ham,Man City,1,4,A,O,10.0,5.75,1.33,1,7,0,7,17,1.0,3.0,1.0,0.0,4.0,8.0,-4.0,4.0,2.0,2.0,0.0,6.0,-6.0,1.0,3.0,-2.0,1.0,0.0,1.0,37.5,31.2,82.4,5.9,15.0,16.0,20.0,28.0,1466.6,1748.2
2018-04-29,2017,Man United,Arsenal,2,1,H,O,1.44,4.75,8.0,3,3,9,0,18,2.0,0.0,1.0,3.0,4.0,2.0,2.0,2.0,5.0,-3.0,2.0,-3.0,5.0,1.0,0.0,1.0,0.0,0.0,0.0,76.5,11.8,18.8,56.2,11.0,11.0,8.0,18.0,1671.7,1595.3
2018-04-28,2017,Swansea,Chelsea,0,1,A,U,7.0,4.33,1.53,3,3,1,2,17,2.0,2.0,0.0,1.0,6.0,5.0,1.0,2.0,4.0,-2.0,4.0,1.0,3.0,1.0,0.0,1.0,0.0,0.0,0.0,37.5,43.8,52.9,29.4,19.0,10.0,15.0,11.0,1457.5,1642.4
2018-04-28,2017,Southampton,Bournemouth,2,1,H,O,1.72,4.0,5.0,6,7,5,8,18,0.0,0.0,2.0,1.0,2.0,3.0,-1.0,5.0,6.0,-1.0,-3.0,-3.0,0.0,0.0,0.0,0.0,1.0,1.0,0.0,17.6,41.2,17.6,47.1,17.0,10.0,22.0,10.0,1443.1,1478.8
2018-04-28,2017,Newcastle,West Brom,0,1,A,U,1.85,3.6,4.75,2,2,5,1,18,3.0,1.0,0.0,2.0,6.0,2.0,4.0,1.0,3.0,-2.0,5.0,-1.0,6.0,1.0,0.0,1.0,0.0,0.0,0.0,41.2,35.3,11.8,64.7,12.0,12.0,7.0,12.0,1483.8,1404.3
2018-04-28,2017,Liverpool,Stoke,0,0,D,U,1.33,5.75,10.0,2,1,9,2,18,3.0,0.0,0.0,1.0,10.0,1.0,9.0,0.0,4.0,-4.0,10.0,-3.0,13.0,3.0,0.0,3.0,0.0,1.0,-1.0,64.7,0.0,5.9,58.8,20.0,12.0,21.0,10.0,1664.9,1425.4
2018-04-28,2017,Huddersfield,Everton,0,2,A,U,2.62,3.1,3.1,2,5,4,3,18,1.0,1.0,1.0,1.0,1.0,4.0,-3.0,2.0,4.0,-2.0,-1.0,0.0,-1.0,0.0,0.0,0.0,1.0,0.0,1.0,35.3,35.3,11.8,52.9,7.0,16.0,25.0,16.0,1453.1,1522.4
2018-04-28,2017,Crystal Palace,Leicester,5,0,H,O,2.04,3.6,3.79,9,1,8,2,18,1.0,2.0,2.0,1.0,6.0,7.0,-1.0,7.0,3.0,4.0,-1.0,4.0,-5.0,0.0,2.0,-2.0,0.0,0.0,0.0,29.4,41.2,29.4,41.2,15.0,16.0,12.0,15.0,1459.1,1511.1
2018-04-28,2017,Burnley,Brighton,0,0,D,U,2.25,3.2,3.7,4,1,3,4,18,2.0,0.0,1.0,2.0,5.0,3.0,2.0,4.0,6.0,-2.0,1.0,-3.0,4.0,0.0,0.0,0.0,0.0,1.0,-1.0,41.2,35.3,12.5,62.5,13.0,13.0,17.0,13.0,1519.3,1468.9
2018-04-23,2017,Everton,Newcastle,1,0,H,U,2.29,3.39,3.39,1,2,4,6,18,1.0,1.0,1.0,1.0,3.0,4.0,-1.0,3.0,5.0,-2.0,0.0,-1.0,1.0,1.0,0.0,1.0,1.0,1.0,0.0,52.9,29.4,25.0,50.0,6.0,10.0,15.0,9.0,1513.0,1493.2
2018-04-22,2017,Stoke,Burnley,1,1,D,U,2.29,3.29,3.5,3,7,3,8,18,0.0,3.0,3.0,0.0,2.0,7.0,-5.0,6.0,2.0,4.0,-4.0,5.0,-9.0,0.0,1.0,-1.0,1.0,0.0,1.0,29.4,47.1,41.2,23.5,8.0,12.0,10.0,8.0,1422.7,1522.0
2018-04-22,2017,Man City,Swansea,5,0,H,O,1.14,9.0,23.0,12,1,5,1,17,2.0,0.0,1.0,1.0,8.0,1.0,7.0,4.0,3.0,1.0,4.0,-2.0,6.0,1.0,0.0,1.0,0.0,1.0,-1.0,87.5,6.2,11.8,52.9,20.0,3.0,21.0,4.0,1745.0,1460.7
2018-04-22,2017,Arsenal,West Ham,4,1,H,O,1.55,4.59,6.0,8,4,8,6,18,3.0,0.0,0.0,2.0,9.0,3.0,6.0,2.0,9.0,-7.0,7.0,-6.0,13.0,2.0,0.0,2.0,0.0,2.0,-2.0,76.5,11.8,11.8,52.9,25.0,8.0,18.0,13.0,1588.5,1473.4
2018-04-21,2017,West Brom,Liverpool,2,2,D,O,7.5,4.5,1.5,6,3,7,4,18,0.0,1.0,2.0,1.0,3.0,3.0,0.0,7.0,3.0,4.0,-4.0,0.0,-4.0,0.0,0.0,0.0,1.0,0.0,1.0,11.8,41.2,52.9,23.5,8.0,11.0,13.0,21.0,1397.8,1671.5
2018-04-21,2017,Watford,Crystal Palace,0,0,D,U,2.89,3.39,2.54,4,1,4,3,18,1.0,1.0,1.0,1.0,4.0,5.0,-1.0,4.0,4.0,0.0,0.0,1.0,-1.0,0.0,1.0,-1.0,0.0,0.0,0.0,35.3,35.3,17.6,52.9,14.0,14.0,22.0,13.0,1427.2,1460.0
2018-04-19,2017,Leicester,Southampton,0,0,D,U,2.25,3.29,3.2,3,2,11,3,17,0.0,0.0,1.0,3.0,3.0,2.0,1.0,4.0,9.0,-5.0,-1.0,-7.0,6.0,0.0,0.0,0.0,0.0,2.0,-2.0,37.5,31.2,12.5,50.0,14.0,10.0,33.0,21.0,1513.1,1441.0
2018-04-19,2017,Burnley,Chelsea,1,2,A,O,4.0,3.39,1.9,2,5,3,2,17,2.0,1.0,0.0,2.0,5.0,4.0,1.0,3.0,5.0,-2.0,2.0,-1.0,3.0,0.0,0.0,0.0,0.0,0.0,0.0,43.8,31.2,50.0,31.2,14.0,12.0,21.0,13.0,1529.1,1635.3
2018-04-18,2017,Bournemouth,Man United,0,2,A,U,5.0,3.89,1.75,2,4,8,5,18,1.0,2.0,1.0,1.0,5.0,6.0,-1.0,7.0,5.0,2.0,-2.0,1.0,-3.0,0.0,0.0,0.0,1.0,0.0,1.0,35.3,35.3,56.2,25.0,13.0,18.0,18.0,21.0,1484.0,1666.5
2018-04-17,2017,Brighton,Tottenham,1,1,D,U,6.5,4.33,1.55,5,6,3,4,18,1.0,3.0,1.0,0.0,3.0,9.0,-6.0,4.0,3.0,1.0,-1.0,6.0,-7.0,0.0,2.0,-2.0,1.0,0.0,1.0,35.3,23.5,58.8,23.5,13.0,19.0,17.0,13.0,1463.0,1694.7
2018-04-16,2017,West Ham,Stoke,1,1,D,U,2.0,3.6,4.0,6,7,10,1,16,2.0,0.0,1.0,1.0,5.0,1.0,4.0,3.0,4.0,-1.0,2.0,-3.0,5.0,2.0,0.0,2.0,1.0,1.0,0.0,40.0,33.3,6.2,62.5,13.0,7.0,18.0,10.0,1474.9,1421.1
2018-04-15,2017,Newcastle,Arsenal,2,1,H,O,3.29,3.6,2.25,4,3,2,5,17,3.0,0.0,0.0,3.0,5.0,2.0,3.0,0.0,6.0,-6.0,5.0,-4.0,9.0,1.0,0.0,1.0,0.0,1.0,-1.0,37.5,37.5,20.0,53.3,11.0,12.0,5.0,16.0,1479.8,1601.9
2018-04-15,2017,Man United,West Brom,0,1,A,U,1.18,8.0,19.0,4,4,4,4,17,3.0,0.0,0.0,3.0,6.0,1.0,5.0,2.0,6.0,-4.0,4.0,-5.0,9.0,1.0,0.0,1.0,0.0,1.0,-1.0,81.2,6.2,6.2,68.8,12.0,9.0,7.0,15.0,1683.6,1380.7
2018-04-14,2017,Tottenham,Man City,1,3,A,O,2.62,3.6,2.7,3,6,5,7,16,3.0,3.0,0.0,0.0,5.0,8.0,-3.0,0.0,1.0,-1.0,5.0,7.0,-2.0,2.0,3.0,-1.0,0.0,0.0,0.0,66.7,6.7,81.2,6.2,19.0,15.0,24.0,22.0,1703.8,1735.9
2018-04-14,2017,Swansea,Everton,1,1,D,U,2.54,3.25,3.1,7,3,6,3,16,3.0,1.0,0.0,2.0,8.0,3.0,5.0,2.0,4.0,-2.0,6.0,-1.0,7.0,2.0,0.0,2.0,0.0,0.0,0.0,40.0,46.7,12.5,56.2,16.0,15.0,13.0,18.0,1459.1,1514.6
2018-04-14,2017,Southampton,Chelsea,2,3,A,O,4.5,3.75,1.85,7,5,4,7,17,0.0,0.0,1.0,3.0,1.0,2.0,-1.0,3.0,7.0,-4.0,-2.0,-5.0,3.0,0.0,0.0,0.0,1.0,1.0,0.0,18.8,37.5,46.7,33.3,13.0,10.0,25.0,8.0,1446.2,1630.2
2018-04-14,2017,Liverpool,Bournemouth,3,0,H,O,1.25,7.0,12.0,7,1,7,5,17,3.0,0.0,0.0,1.0,11.0,4.0,7.0,1.0,7.0,-6.0,10.0,-3.0,13.0,3.0,0.0,3.0,0.0,1.0,-1.0,62.5,0.0,18.8,43.8,25.0,11.0,22.0,11.0,1666.2,1489.3
2018-04-14,2017,Huddersfield,Watford,1,0,H,U,2.62,3.25,3.0,1,2,9,6,17,1.0,0.0,1.0,3.0,4.0,0.0,4.0,3.0,10.0,-7.0,1.0,-10.0,11.0,1.0,0.0,1.0,1.0,3.0,-2.0,31.2,37.5,25.0,62.5,10.0,9.0,18.0,17.0,1443.3,1437.0
2018-04-14,2017,Crystal Palace,Brighton,3,2,H,O,1.9,3.5,4.75,8,3,5,6,17,0.0,0.0,3.0,1.0,3.0,2.0,1.0,6.0,4.0,2.0,-3.0,-2.0,-1.0,0.0,0.0,0.0,0.0,1.0,-1.0,25.0,43.8,13.3,60.0,10.0,12.0,9.0,9.0,1449.3,1473.7
2018-04-14,2017,Burnley,Leicester,2,1,H,O,2.62,3.2,3.0,3,6,4,8,16,1.0,2.0,0.0,1.0,4.0,7.0,-3.0,3.0,6.0,-3.0,1.0,1.0,0.0,0.0,2.0,-2.0,0.0,1.0,-1.0,40.0,33.3,31.2,37.5,14.0,12.0,20.0,9.0,1518.9,1523.2
2018-04-08,2017,Chelsea,West Ham,1,1,D,U,1.28,6.0,12.0,6,2,10,6,17,2.0,0.0,1.0,3.0,6.0,3.0,3.0,4.0,11.0,-7.0,2.0,-8.0,10.0,1.0,0.0,1.0,1.0,3.0,-2.0,62.5,25.0,12.5,56.2,23.0,7.0,25.0,8.0,1634.6,1470.5
2018-04-08,2017,Arsenal,Southampton,3,2,H,O,1.57,4.5,6.0,7,8,8,6,17,2.0,0.0,1.0,2.0,6.0,1.0,5.0,3.0,7.0,-4.0,3.0,-6.0,9.0,2.0,0.0,2.0,1.0,2.0,-1.0,75.0,12.5,13.3,46.7,23.0,8.0,16.0,20.0,1595.8,1452.3
2018-04-07,2017,West Brom,Swansea,1,1,D,U,2.37,3.2,3.39,3,1,5,1,17,0.0,0.0,3.0,2.0,3.0,1.0,2.0,8.0,6.0,2.0,-5.0,-5.0,0.0,0.0,0.0,0.0,1.0,2.0,-1.0,12.5,43.8,12.5,56.2,8.0,3.0,14.0,8.0,1378.4,1461.5
2018-04-07,2017,Watford,Burnley,1,2,A,O,2.39,3.2,3.39,5,4,11,1,17,2.0,2.0,0.0,1.0,4.0,5.0,-1.0,2.0,2.0,0.0,2.0,3.0,-1.0,0.0,1.0,-1.0,0.0,0.0,0.0,37.5,31.2,37.5,25.0,14.0,9.0,17.0,9.0,1445.1,1510.8
2018-04-07,2017,Stoke,Tottenham,1,2,A,O,11.0,5.5,1.33,4,4,6,3,17,0.0,3.0,2.0,0.0,2.0,8.0,-6.0,5.0,2.0,3.0,-3.0,6.0,-9.0,0.0,2.0,-2.0,1.0,0.0,1.0,31.2,43.8,56.2,25.0,7.0,19.0,11.0,23.0,1424.5,1700.4
2018-04-07,2017,Man City,Man United,2,3,A,O,1.89,3.79,4.2,6,4,8,4,16,3.0,1.0,0.0,2.0,9.0,3.0,6.0,1.0,5.0,-4.0,8.0,-2.0,10.0,2.0,0.0,2.0,0.0,1.0,-1.0,93.3,0.0,53.3,26.7,24.0,17.0,22.0,20.0,1748.1,1671.4
2018-04-07,2017,Leicester,Newcastle,1,2,A,O,1.95,3.6,4.2,1,4,7,5,16,0.0,0.0,0.0,1.0,3.0,3.0,0.0,3.0,5.0,-2.0,0.0,-2.0,2.0,0.0,0.0,0.0,0.0,1.0,-1.0,40.0,26.7,20.0,53.3,18.0,14.0,29.0,10.0,1535.2,1467.9
2018-04-07,2017,Everton,Liverpool,0,0,D,U,4.2,3.75,1.9,1,3,3,2,17,2.0,2.0,1.0,1.0,6.0,5.0,1.0,4.0,3.0,1.0,2.0,2.0,0.0,2.0,1.0,1.0,1.0,0.0,1.0,56.2,31.2,56.2,25.0,10.0,12.0,20.0,20.0,1510.3,1670.5
2018-04-07,2017,Brighton,Huddersfield,1,1,D,U,1.85,3.5,5.0,4,5,5,3,17,2.0,1.0,1.0,2.0,6.0,2.0,4.0,4.0,4.0,0.0,2.0,-2.0,4.0,1.0,0.0,1.0,1.0,1.0,0.0,37.5,25.0,18.8,68.8,14.0,10.0,15.0,7.0,1474.7,1442.3
2018-04-07,2017,Bournemouth,Crystal Palace,2,2,D,O,2.5,3.39,3.0,5,6,11,3,17,1.0,1.0,1.0,2.0,5.0,4.0,1.0,7.0,5.0,2.0,-2.0,-1.0,-1.0,0.0,1.0,-1.0,1.0,1.0,0.0,37.5,37.5,18.8,56.2,13.0,12.0,15.0,17.0,1490.5,1448.1
2018-04-01,2017,Chelsea,Tottenham,1,3,A,O,2.29,3.29,3.1,4,7,5,5,16,2.0,2.0,1.0,0.0,5.0,7.0,-2.0,4.0,3.0,1.0,1.0,4.0,-3.0,1.0,1.0,0.0,1.0,0.0,1.0,66.7,20.0,53.3,26.7,24.0,18.0,28.0,25.0,1643.2,1691.8
2018-04-01,2017,Arsenal,Stoke,3,0,H,O,1.28,5.5,10.0,11,2,6,5,16,2.0,0.0,1.0,1.0,8.0,2.0,6.0,4.0,3.0,1.0,4.0,-1.0,5.0,2.0,0.0,2.0,1.0,0.0,1.0,73.3,13.3,6.7,60.0,19.0,9.0,14.0,6.0,1590.1,1430.2
2018-03-31,2017,West Ham,Southampton,3,0,H,O,2.7,3.25,2.6,5,0,5,9,15,1.0,1.0,1.0,1.0,3.0,4.0,-1.0,4.0,6.0,-2.0,-1.0,-2.0,1.0,1.0,0.0,1.0,1.0,1.0,0.0,35.7,35.7,14.3,42.9,11.0,13.0,18.0,18.0,1460.4,1462.3
2018-03-31,2017,West Brom,Burnley,1,2,A,O,2.5,3.0,3.1,3,4,1,6,16,0.0,1.0,3.0,1.0,4.0,4.0,0.0,9.0,2.0,7.0,-5.0,2.0,-7.0,0.0,1.0,-1.0,1.0,0.0,1.0,13.3,40.0,33.3,26.7,8.0,7.0,18.0,7.0,1385.1,1504.1
2018-03-31,2017,Watford,Bournemouth,2,2,D,O,2.29,3.29,3.1,5,6,7,4,16,3.0,1.0,0.0,1.0,6.0,5.0,1.0,1.0,5.0,-4.0,5.0,0.0,5.0,1.0,1.0,0.0,0.0,1.0,-1.0,40.0,33.3,20.0,46.7,17.0,10.0,16.0,12.0,1443.8,1491.9
2018-03-31,2017,Newcastle,Huddersfield,1,0,H,U,1.75,3.39,5.0,3,0,3,3,16,2.0,1.0,0.0,2.0,5.0,2.0,3.0,1.0,5.0,-4.0,4.0,-3.0,7.0,1.0,0.0,1.0,0.0,2.0,-2.0,33.3,40.0,20.0,66.7,12.0,10.0,9.0,6.0,1458.1,1452.2
2018-03-31,2017,Man United,Swansea,2,0,H,U,1.25,6.0,10.0,5,2,3,3,16,3.0,0.0,0.0,1.0,6.0,2.0,4.0,2.0,5.0,-3.0,4.0,-3.0,7.0,1.0,0.0,1.0,0.0,1.0,-1.0,80.0,6.7,13.3,53.3,14.0,2.0,9.0,8.0,1666.6,1466.3
2018-03-31,2017,Everton,Man City,1,3,A,O,9.0,5.0,1.33,2,4,2,11,16,3.0,2.0,0.0,0.0,7.0,6.0,1.0,2.0,1.0,1.0,5.0,5.0,0.0,2.0,2.0,0.0,0.0,0.0,0.0,60.0,26.7,80.0,6.7,12.0,18.0,23.0,24.0,1514.5,1743.9
2018-03-31,2017,Crystal Palace,Liverpool,1,2,A,O,7.0,4.33,1.44,3,6,4,6,16,0.0,2.0,2.0,1.0,3.0,6.0,-3.0,5.0,2.0,3.0,-2.0,4.0,-6.0,0.0,2.0,-2.0,0.0,0.0,0.0,26.7,40.0,53.3,26.7,13.0,13.0,10.0,18.0,1452.6,1665.9
2018-03-31,2017,Brighton,Leicester,0,2,A,U,2.7,3.2,2.62,3,4,6,1,16,3.0,1.0,0.0,2.0,9.0,6.0,3.0,3.0,8.0,-5.0,6.0,-2.0,8.0,2.0,1.0,1.0,0.0,1.0,-1.0,40.0,20.0,26.7,40.0,16.0,9.0,13.0,13.0,1483.4,1526.4
2018-03-17,2017,Stoke,Everton,1,2,A,O,2.5,3.29,3.1,4,9,1,9,16,0.0,0.0,1.0,3.0,1.0,2.0,-1.0,3.0,8.0,-5.0,-2.0,-6.0,4.0,0.0,0.0,0.0,1.0,1.0,0.0,33.3,40.0,6.7,60.0,7.0,8.0,12.0,15.0,1438.3,1506.4
2018-03-17,2017,Liverpool,Watford,5,0,H,O,1.19,8.0,15.0,10,1,6,1,16,2.0,0.0,0.0,2.0,8.0,0.0,8.0,3.0,5.0,-2.0,5.0,-5.0,10.0,2.0,0.0,2.0,0.0,2.0,-2.0,60.0,0.0,26.7,60.0,18.0,10.0,19.0,22.0,1661.4,1448.3
2018-03-17,2017,Huddersfield,Crystal Palace,0,2,A,U,3.0,3.1,2.7,2,6,4,7,16,1.0,0.0,1.0,2.0,4.0,3.0,1.0,4.0,6.0,-2.0,0.0,-3.0,3.0,1.0,0.0,1.0,1.0,1.0,0.0,33.3,33.3,13.3,60.0,9.0,9.0,15.0,13.0,1462.8,1442.0
2018-03-17,2017,Bournemouth,West Brom,2,1,H,O,1.83,3.6,5.0,5,6,3,2,16,1.0,0.0,1.0,3.0,5.0,0.0,5.0,7.0,7.0,0.0,-2.0,-7.0,5.0,0.0,0.0,0.0,1.0,2.0,-1.0,33.3,40.0,6.7,66.7,16.0,4.0,20.0,14.0,1484.5,1392.5
2018-03-12,2017,Stoke,Man City,0,2,A,U,15.0,6.5,1.25,0,6,3,10,15,1.0,1.0,0.0,1.0,3.0,7.0,-4.0,1.0,5.0,-4.0,2.0,2.0,0.0,1.0,1.0,0.0,0.0,0.0,0.0,35.7,35.7,78.6,7.1,13.0,16.0,12.0,20.0,1441.3,1740.8
2018-03-11,2017,Bournemouth,Tottenham,1,4,A,O,6.5,4.5,1.55,3,8,4,5,15,2.0,1.0,0.0,0.0,6.0,4.0,2.0,4.0,3.0,1.0,2.0,1.0,1.0,0.0,0.0,0.0,0.0,0.0,0.0,35.7,35.7,50.0,28.6,18.0,12.0,20.0,29.0,1489.3,1686.9
2018-03-11,2017,Arsenal,Watford,3,0,H,O,1.44,5.0,7.5,7,4,4,9,15,2.0,0.0,1.0,2.0,9.0,0.0,9.0,5.0,4.0,1.0,4.0,-4.0,8.0,2.0,0.0,2.0,1.0,2.0,-1.0,71.4,14.3,28.6,57.1,22.0,9.0,15.0,18.0,1583.7,1454.7
2018-03-10,2017,West Ham,Burnley,0,3,A,O,2.29,3.2,3.6,4,4,5,1,14,1.0,0.0,0.0,2.0,4.0,1.0,3.0,2.0,3.0,-1.0,2.0,-2.0,4.0,1.0,0.0,1.0,0.0,0.0,0.0,38.5,30.8,28.6,28.6,11.0,5.0,19.0,8.0,1469.7,1494.8
2018-03-10,2017,West Brom,Leicester,1,4,A,O,3.0,3.25,2.6,2,6,7,6,15,1.0,0.0,2.0,2.0,5.0,2.0,3.0,5.0,7.0,-2.0,0.0,-5.0,5.0,1.0,0.0,1.0,0.0,1.0,-1.0,14.3,35.7,21.4,42.9,10.0,4.0,20.0,10.0,1399.2,1519.7
2018-03-10,2017,Newcastle,Southampton,3,0,H,O,2.79,3.2,2.79,5,2,2,6,15,1.0,1.0,0.0,0.0,3.0,6.0,-3.0,2.0,5.0,-3.0,1.0,1.0,0.0,0.0,0.0,0.0,0.0,0.0,0.0,28.6,42.9,15.4,38.5,11.0,15.0,11.0,16.0,1447.4,1473.1
2018-03-10,2017,Man United,Liverpool,2,1,H,O,2.75,3.39,2.75,2,2,1,13,15,3.0,2.0,0.0,1.0,7.0,5.0,2.0,1.0,1.0,0.0,6.0,4.0,2.0,2.0,2.0,0.0,0.0,0.0,0.0,78.6,7.1,57.1,21.4,21.0,15.0,14.0,14.0,1656.1,1671.9
2018-03-10,2017,Huddersfield,Swansea,0,0,D,U,2.54,3.1,3.2,4,0,12,0,15,1.0,0.0,2.0,1.0,5.0,3.0,2.0,8.0,6.0,2.0,-3.0,-3.0,0.0,1.0,0.0,1.0,2.0,1.0,1.0,35.7,35.7,14.3,57.1,7.0,7.0,10.0,13.0,1462.6,1466.4
2018-03-10,2017,Everton,Brighton,2,0,H,U,2.2,3.2,3.89,3,4,10,3,15,2.0,0.0,0.0,1.0,6.0,2.0,4.0,3.0,4.0,-1.0,3.0,-2.0,5.0,1.0,0.0,1.0,0.0,1.0,-1.0,57.1,28.6,14.3,57.1,13.0,9.0,13.0,12.0,1496.5,1493.4
2018-03-10,2017,Chelsea,Crystal Palace,2,1,H,O,1.3,5.75,12.0,11,2,12,3,15,1.0,0.0,1.0,2.0,3.0,3.0,0.0,3.0,8.0,-5.0,0.0,-5.0,5.0,1.0,0.0,1.0,1.0,2.0,-1.0,64.3,21.4,14.3,57.1,20.0,12.0,22.0,20.0,1638.2,1447.0
2018-03-05,2017,Crystal Palace,Man United,2,3,A,O,7.0,4.0,1.57,4,8,3,7,15,1.0,1.0,1.0,2.0,2.0,1.0,1.0,2.0,3.0,-1.0,0.0,-2.0,2.0,0.0,0.0,0.0,0.0,1.0,-1.0,28.6,35.7,50.0,28.6,11.0,11.0,10.0,17.0,1451.8,1651.3
2018-03-04,2017,Man City,Chelsea,1,0,H,U,1.61,4.2,6.0,3,0,5,2,15,3.0,1.0,0.0,2.0,11.0,6.0,5.0,2.0,6.0,-4.0,9.0,0.0,9.0,3.0,1.0,2.0,0.0,1.0,-1.0,92.9,0.0,50.0,28.6,30.0,20.0,35.0,9.0,1733.3,1645.7
2018-03-04,2017,Brighton,Arsenal,2,1,H,O,4.2,3.79,1.9,6,7,6,11,15,2.0,0.0,1.0,3.0,7.0,2.0,5.0,6.0,6.0,0.0,1.0,-4.0,5.0,2.0,0.0,2.0,1.0,1.0,0.0,35.7,21.4,21.4,50.0,13.0,8.0,12.0,10.0,1480.1,1596.9
2018-03-03,2017,Watford,West Brom,1,0,H,U,2.14,3.29,3.89,4,2,4,6,15,2.0,0.0,0.0,2.0,7.0,1.0,6.0,3.0,7.0,-4.0,4.0,-6.0,10.0,1.0,0.0,1.0,0.0,2.0,-2.0,35.7,35.7,7.1,64.3,17.0,7.0,17.0,11.0,1445.8,1408.1
2018-03-03,2017,Tottenham,Huddersfield,2,0,H,U,1.19,7.5,17.0,7,3,8,1,15,3.0,1.0,0.0,2.0,7.0,2.0,5.0,0.0,5.0,-5.0,7.0,-3.0,10.0,2.0,0.0,2.0,0.0,2.0,-2.0,64.3,7.1,21.4,64.3,22.0,10.0,19.0,7.0,1682.4,1467.1
2018-03-03,2017,Swansea,West Ham,4,1,H,O,2.6,3.25,3.0,8,2,4,5,15,3.0,1.0,0.0,2.0,5.0,6.0,-1.0,1.0,8.0,-7.0,4.0,-2.0,6.0,1.0,1.0,0.0,0.0,2.0,-2.0,35.7,50.0,13.3,53.3,10.0,11.0,12.0,6.0,1455.7,1480.4
2018-03-03,2017,Southampton,Stoke,0,0,D,U,1.75,3.75,5.25,6,3,15,4,16,0.0,0.0,1.0,2.0,2.0,2.0,0.0,4.0,6.0,-2.0,-2.0,-4.0,2.0,0.0,0.0,0.0,1.0,1.0,0.0,20.0,40.0,7.1,64.3,11.0,11.0,12.0,3.0,1474.0,1440.3
2018-03-03,2017,Liverpool,Newcastle,2,0,H,U,1.22,7.0,15.0,3,2,8,3,15,2.0,0.0,0.0,1.0,10.0,4.0,6.0,6.0,6.0,0.0,4.0,-2.0,6.0,1.0,0.0,1.0,0.0,1.0,-1.0,57.1,0.0,21.4,50.0,22.0,16.0,16.0,7.0,1667.4,1451.9
2018-03-03,2017,Leicester,Bournemouth,1,1,D,U,1.85,3.75,4.5,4,3,13,1,15,1.0,1.0,0.0,1.0,4.0,5.0,-1.0,2.0,5.0,-3.0,2.0,0.0,2.0,1.0,1.0,0.0,0.0,1.0,-1.0,42.9,28.6,21.4,50.0,19.0,10.0,20.0,14.0,1520.6,1488.4
2018-03-03,2017,Burnley,Everton,2,1,H,O,2.5,3.1,3.29,8,4,10,4,15,0.0,0.0,1.0,3.0,2.0,1.0,1.0,3.0,10.0,-7.0,-1.0,-9.0,8.0,0.0,0.0,0.0,0.0,2.0,-2.0,35.7,35.7,7.1,57.1,8.0,4.0,15.0,14.0,1484.2,1507.2
2018-03-01,2017,Arsenal,Man City,0,3,A,O,4.5,4.0,1.72,5,5,6,1,14,2.0,0.0,0.0,1.0,11.0,4.0,7.0,4.0,5.0,-1.0,7.0,-1.0,8.0,2.0,0.0,2.0,0.0,0.0,0.0,76.9,7.7,76.9,7.7,23.0,15.0,19.0,27.0,1603.5,1726.7
2018-02-25,2017,Man United,Chelsea,2,1,H,O,2.29,3.25,3.5,5,7,3,4,14,2.0,1.0,0.0,1.0,5.0,7.0,-2.0,0.0,6.0,-6.0,5.0,1.0,4.0,2.0,1.0,1.0,0.0,1.0,-1.0,76.9,7.7,53.8,23.1,19.0,19.0,21.0,13.0,1640.9,1656.2
2018-02-25,2017,Crystal Palace,Tottenham,0,1,A,U,7.5,4.5,1.5,3,4,2,13,14,1.0,1.0,0.0,0.0,2.0,5.0,-3.0,1.0,3.0,-2.0,1.0,2.0,-1.0,0.0,1.0,-1.0,0.0,0.0,0.0,30.8,30.8,46.2,30.8,9.0,13.0,15.0,21.0,1456.2,1678.1
2018-02-24,2017,West Brom,Huddersfield,1,2,A,O,1.95,3.29,4.75,3,7,6,3,14,1.0,0.0,1.0,3.0,5.0,0.0,5.0,4.0,7.0,-3.0,1.0,-7.0,8.0,1.0,0.0,1.0,0.0,3.0,-3.0,15.4,30.8,15.4,69.2,10.0,4.0,19.0,5.0,1416.9,1458.3
2018-02-24,2017,Watford,Everton,1,0,H,U,2.25,3.39,3.5,5,2,6,5,14,1.0,0.0,1.0,3.0,7.0,2.0,5.0,5.0,11.0,-6.0,2.0,-9.0,11.0,1.0,0.0,1.0,0.0,2.0,-2.0,30.8,38.5,7.7,53.8,16.0,3.0,12.0,13.0,1433.4,1519.6
2018-02-24,2017,Liverpool,West Ham,4,1,H,O,1.22,7.5,13.0,12,4,8,2,14,2.0,1.0,0.0,1.0,8.0,6.0,2.0,6.0,5.0,1.0,2.0,1.0,1.0,0.0,1.0,-1.0,0.0,1.0,-1.0,53.8,0.0,14.3,50.0,16.0,8.0,15.0,5.0,1662.0,1485.7
2018-02-24,2017,Leicester,Stoke,1,1,D,U,1.72,3.89,5.25,9,2,13,1,14,2.0,0.0,0.0,3.0,6.0,1.0,5.0,1.0,10.0,-9.0,5.0,-9.0,14.0,2.0,0.0,2.0,0.0,2.0,-2.0,46.2,30.8,7.7,69.2,15.0,10.0,11.0,2.0,1523.1,1437.9
2018-02-24,2017,Burnley,Southampton,1,1,D,U,2.89,3.1,2.79,3,6,7,5,14,0.0,1.0,2.0,0.0,2.0,5.0,-3.0,4.0,4.0,0.0,-2.0,1.0,-3.0,0.0,0.0,0.0,0.0,0.0,0.0,38.5,38.5,16.7,41.7,9.0,12.0,11.0,18.0,1484.5,1473.7
2018-02-24,2017,Brighton,Swansea,4,1,H,O,2.14,3.25,4.0,5,1,3,5,14,1.0,1.0,1.0,0.0,5.0,4.0,1.0,7.0,3.0,4.0,-2.0,1.0,-3.0,1.0,0.0,1.0,1.0,0.0,1.0,30.8,23.1,15.4,53.8,14.0,10.0,14.0,16.0,1470.2,1465.5
2018-02-24,2017,Bournemouth,Newcastle,2,2,D,O,2.1,3.5,3.79,5,4,8,1,14,3.0,1.0,0.0,1.0,6.0,3.0,3.0,3.0,4.0,-1.0,3.0,-1.0,4.0,0.0,0.0,0.0,0.0,1.0,-1.0,38.5,38.5,23.1,53.8,20.0,18.0,16.0,11.0,1489.5,1450.7
2018-02-12,2017,Chelsea,West Brom,3,0,H,O,1.36,4.75,8.0,8,1,8,7,14,1.0,0.0,1.0,2.0,5.0,2.0,3.0,3.0,6.0,-3.0,2.0,-4.0,6.0,1.0,0.0,1.0,1.0,1.0,0.0,61.5,23.1,7.7,61.5,24.0,9.0,21.0,8.0,1652.0,1421.1
2018-02-11,2017,Southampton,Liverpool,0,2,A,U,4.2,3.79,1.8,4,4,3,1,15,0.0,2.0,1.0,1.0,3.0,5.0,-2.0,4.0,2.0,2.0,-1.0,3.0,-4.0,0.0,1.0,-1.0,0.0,0.0,0.0,21.4,35.7,53.8,23.1,10.0,16.0,13.0,22.0,1479.0,1656.8
2018-02-11,2017,Newcastle,Man United,1,0,H,U,5.5,3.75,1.61,3,6,0,10,14,0.0,2.0,0.0,1.0,2.0,3.0,-1.0,2.0,2.0,0.0,0.0,1.0,-1.0,0.0,1.0,-1.0,0.0,1.0,-1.0,23.1,46.2,53.8,23.1,10.0,11.0,14.0,13.0,1435.1,1656.5
2018-02-11,2017,Huddersfield,Bournemouth,4,1,H,O,3.25,3.2,2.25,4,2,2,6,14,0.0,1.0,2.0,0.0,1.0,6.0,-5.0,7.0,3.0,4.0,-6.0,3.0,-9.0,0.0,1.0,-1.0,2.0,0.0,2.0,30.8,38.5,23.1,46.2,4.0,16.0,13.0,20.0,1446.8,1501.1
2018-02-10,2017,West Ham,Watford,2,0,H,U,2.5,3.29,2.79,4,4,8,7,13,1.0,0.0,0.0,2.0,4.0,1.0,3.0,3.0,5.0,-2.0,1.0,-4.0,5.0,0.0,0.0,0.0,0.0,2.0,-2.0,33.3,33.3,30.8,53.8,12.0,9.0,14.0,12.0,1476.7,1442.4
2018-02-10,2017,Tottenham,Arsenal,1,0,H,U,2.0,3.6,3.5,6,1,10,2,14,2.0,0.0,0.0,2.0,7.0,3.0,4.0,1.0,6.0,-5.0,6.0,-3.0,9.0,2.0,0.0,2.0,0.0,1.0,-1.0,61.5,7.7,23.1,46.2,24.0,11.0,16.0,14.0,1669.7,1611.8
2018-02-10,2017,Swansea,Burnley,1,0,H,U,2.37,3.0,3.25,4,1,5,2,14,2.0,0.0,1.0,1.0,4.0,1.0,3.0,3.0,2.0,1.0,1.0,-1.0,2.0,1.0,0.0,1.0,1.0,0.0,1.0,30.8,53.8,30.8,23.1,7.0,8.0,13.0,10.0,1454.4,1495.7
2018-02-10,2017,Stoke,Brighton,1,1,D,U,2.2,3.2,3.39,3,6,7,4,14,1.0,0.0,1.0,1.0,2.0,1.0,1.0,1.0,3.0,-2.0,1.0,-2.0,3.0,1.0,0.0,1.0,0.0,1.0,-1.0,38.5,38.5,15.4,61.5,14.0,6.0,15.0,14.0,1437.0,1471.2
2018-02-10,2017,Man City,Leicester,5,1,H,O,1.19,6.5,13.0,11,2,8,2,14,3.0,0.0,0.0,2.0,9.0,2.0,7.0,2.0,4.0,-2.0,7.0,-2.0,9.0,3.0,0.0,3.0,0.0,0.0,0.0,92.3,0.0,23.1,38.5,26.0,3.0,36.0,9.0,1721.8,1528.0
2018-02-10,2017,Everton,Crystal Palace,3,1,H,O,2.25,3.25,3.2,5,4,8,7,14,1.0,1.0,1.0,1.0,3.0,4.0,-1.0,4.0,6.0,-2.0,-1.0,-2.0,1.0,0.0,0.0,0.0,1.0,1.0,0.0,53.8,30.8,15.4,53.8,8.0,12.0,11.0,20.0,1510.9,1464.9
2018-02-05,2017,Watford,Chelsea,4,1,H,O,6.25,4.0,1.61,8,3,6,2,13,1.0,1.0,1.0,0.0,5.0,6.0,-1.0,5.0,2.0,3.0,0.0,4.0,-4.0,0.0,1.0,-1.0,0.0,0.0,0.0,25.0,41.7,58.3,16.7,9.0,24.0,14.0,18.0,1426.4,1668.0
2018-02-04,2017,Liverpool,Tottenham,2,2,D,O,2.1,3.75,3.6,3,6,3,7,13,3.0,2.0,0.0,0.0,11.0,6.0,5.0,4.0,1.0,3.0,7.0,5.0,2.0,1.0,2.0,-1.0,0.0,0.0,0.0,58.3,0.0,50.0,33.3,22.0,15.0,16.0,18.0,1656.4,1670.1
2018-02-04,2017,Crystal Palace,Newcastle,1,1,D,U,2.04,3.39,4.2,6,8,5,6,13,1.0,2.0,1.0,1.0,3.0,5.0,-2.0,3.0,5.0,-2.0,0.0,0.0,0.0,0.0,0.0,0.0,0.0,1.0,-1.0,33.3,33.3,25.0,58.3,5.0,14.0,15.0,8.0,1465.8,1434.2
2018-02-03,2017,West Brom,Southampton,2,3,A,O,2.54,3.2,3.1,3,5,5,7,13,1.0,0.0,0.0,1.0,3.0,4.0,-1.0,1.0,7.0,-6.0,2.0,-3.0,5.0,1.0,0.0,1.0,0.0,1.0,-1.0,16.7,25.0,9.1,45.5,10.0,13.0,24.0,19.0,1429.9,1470.2
2018-02-03,2017,Man United,Huddersfield,2,0,H,U,1.16,8.5,19.0,7,0,5,2,13,1.0,0.0,0.0,2.0,5.0,1.0,4.0,2.0,6.0,-4.0,3.0,-5.0,8.0,1.0,0.0,1.0,0.0,2.0,-2.0,75.0,8.3,16.7,66.7,18.0,7.0,28.0,4.0,1651.7,1451.6
2018-02-03,2017,Leicester,Swansea,1,1,D,U,1.8,3.6,5.25,5,1,3,3,13,2.0,1.0,0.0,1.0,7.0,3.0,4.0,2.0,7.0,-5.0,5.0,-4.0,9.0,2.0,0.0,2.0,0.0,1.0,-1.0,50.0,33.3,16.7,58.3,13.0,13.0,12.0,15.0,1530.2,1452.2
2018-02-03,2017,Burnley,Man City,1,1,D,U,13.0,6.0,1.28,3,7,3,13,13,0.0,1.0,3.0,1.0,1.0,4.0,-3.0,6.0,4.0,2.0,-5.0,0.0,-5.0,0.0,0.0,0.0,1.0,0.0,1.0,41.7,41.7,83.3,8.3,8.0,14.0,12.0,22.0,1489.7,1727.7
2018-02-03,2017,Brighton,West Ham,3,1,H,O,2.35,3.0,3.7,5,1,4,1,13,1.0,1.0,1.0,0.0,3.0,8.0,-5.0,6.0,5.0,1.0,-3.0,3.0,-6.0,0.0,1.0,-1.0,1.0,0.0,1.0,25.0,25.0,15.4,46.2,12.0,12.0,16.0,8.0,1460.5,1487.5
2018-02-03,2017,Bournemouth,Stoke,2,1,H,O,1.9,3.7,4.33,8,4,8,1,13,2.0,0.0,0.0,2.0,7.0,1.0,6.0,5.0,9.0,-4.0,2.0,-8.0,10.0,0.0,0.0,0.0,0.0,2.0,-2.0,33.3,41.7,8.3,66.7,22.0,13.0,15.0,6.0,1492.4,1445.6
2018-02-03,2017,Arsenal,Everton,5,1,H,O,1.3,5.75,12.0,7,2,4,6,13,1.0,0.0,0.0,2.0,9.0,1.0,8.0,6.0,6.0,0.0,3.0,-5.0,8.0,1.0,0.0,1.0,0.0,1.0,-1.0,75.0,8.3,8.3,50.0,20.0,4.0,22.0,9.0,1604.3,1518.5
2018-01-31,2017,Tottenham,Man United,2,0,H,U,2.35,3.29,3.39,6,3,6,3,13,2.0,2.0,0.0,0.0,10.0,5.0,5.0,3.0,2.0,1.0,7.0,3.0,4.0,2.0,1.0,1.0,0.0,0.0,0.0,58.3,8.3,58.3,16.7,25.0,14.0,13.0,16.0,1660.1,1661.8
2018-01-31,2017,Stoke,Watford,0,0,D,U,2.25,3.5,3.39,4,2,2,6,13,2.0,0.0,1.0,3.0,5.0,1.0,4.0,2.0,6.0,-4.0,3.0,-5.0,8.0,2.0,0.0,2.0,0.0,2.0,-2.0,41.7,41.7,33.3,58.3,15.0,8.0,14.0,10.0,1446.2,1425.8
2018-01-31,2017,Southampton,Brighton,1,1,D,U,1.75,3.5,6.0,3,2,7,2,14,0.0,0.0,1.0,2.0,3.0,0.0,3.0,4.0,4.0,0.0,-1.0,-4.0,3.0,0.0,0.0,0.0,0.0,2.0,-2.0,23.1,38.5,16.7,66.7,13.0,5.0,15.0,13.0,1470.5,1460.2
2018-01-31,2017,Newcastle,Burnley,1,1,D,U,2.2,3.2,3.89,4,2,7,4,13,0.0,0.0,1.0,1.0,1.0,2.0,-1.0,2.0,3.0,-1.0,-1.0,-1.0,0.0,0.0,0.0,0.0,0.0,0.0,0.0,25.0,50.0,33.3,25.0,8.0,8.0,10.0,8.0,1432.5,1491.4
2018-01-31,2017,Man City,West Brom,3,0,H,O,1.14,10.0,21.0,10,1,9,1,13,3.0,0.0,0.0,2.0,10.0,3.0,7.0,2.0,6.0,-4.0,8.0,-3.0,11.0,3.0,0.0,3.0,0.0,1.0,-1.0,91.7,0.0,8.3,58.3,21.0,15.0,31.0,18.0,1724.6,1433.1
2018-01-31,2017,Everton,Leicester,2,1,H,O,3.0,3.2,2.62,4,1,5,5,13,0.0,0.0,1.0,2.0,1.0,2.0,-1.0,3.0,4.0,-1.0,-2.0,-2.0,0.0,0.0,0.0,0.0,1.0,0.0,1.0,50.0,33.3,25.0,33.3,4.0,7.0,8.0,12.0,1507.5,1541.2
2018-01-31,2017,Chelsea,Bournemouth,0,3,A,O,1.28,6.5,11.0,5,5,8,5,13,2.0,0.0,0.0,1.0,7.0,3.0,4.0,0.0,7.0,-7.0,7.0,-4.0,11.0,2.0,0.0,2.0,0.0,1.0,-1.0,66.7,16.7,16.7,50.0,27.0,12.0,26.0,21.0,1683.3,1477.1
2018-01-30,2017,West Ham,Crystal Palace,1,1,D,U,3.1,3.25,2.54,3,3,5,3,12,1.0,1.0,1.0,1.0,5.0,4.0,1.0,5.0,6.0,-1.0,0.0,-2.0,2.0,0.0,0.0,0.0,0.0,1.0,-1.0,36.4,36.4,16.7,58.3,15.0,14.0,15.0,20.0,1488.2,1465.1
2018-01-30,2017,Swansea,Arsenal,3,1,H,O,7.0,4.59,1.5,4,4,4,3,13,1.0,1.0,1.0,1.0,2.0,5.0,-3.0,3.0,5.0,-2.0,-1.0,0.0,-1.0,0.0,0.0,0.0,1.0,0.0,1.0,25.0,58.3,25.0,41.7,5.0,16.0,15.0,15.0,1437.4,1619.1
2018-01-30,2017,Huddersfield,Liverpool,0,3,A,O,12.0,5.75,1.3,1,7,1,4,13,0.0,1.0,1.0,1.0,2.0,5.0,-3.0,5.0,5.0,0.0,-3.0,0.0,-3.0,0.0,0.0,0.0,1.0,0.0,1.0,33.3,33.3,50.0,25.0,11.0,18.0,20.0,26.0,1456.5,1651.4
2018-01-22,2017,Swansea,Liverpool,1,0,H,U,12.0,5.75,1.3,2,4,3,9,12,0.0,2.0,2.0,0.0,1.0,9.0,-8.0,7.0,4.0,3.0,-6.0,5.0,-11.0,0.0,1.0,-1.0,2.0,0.0,2.0,18.2,63.6,54.5,18.2,6.0,21.0,14.0,20.0,1421.3,1667.5
2018-01-21,2017,Southampton,Tottenham,1,1,D,U,5.75,4.09,1.64,4,2,2,9,13,0.0,2.0,2.0,1.0,3.0,6.0,-3.0,7.0,4.0,3.0,-4.0,2.0,-6.0,0.0,2.0,-2.0,1.0,1.0,0.0,25.0,41.7,54.5,36.4,13.0,15.0,22.0,10.0,1465.3,1665.2
2018-01-20,2017,West Ham,Bournemouth,1,1,D,U,2.0,3.6,4.0,4,3,6,3,11,1.0,0.0,1.0,2.0,4.0,2.0,2.0,4.0,7.0,-3.0,0.0,-5.0,5.0,0.0,0.0,0.0,0.0,1.0,-1.0,40.0,40.0,18.2,54.5,11.0,16.0,10.0,27.0,1488.5,1476.8
2018-01-20,2017,Stoke,Huddersfield,2,0,H,U,2.04,3.39,4.09,6,3,3,2,12,1.0,1.0,2.0,1.0,3.0,5.0,-2.0,5.0,5.0,0.0,-2.0,0.0,-2.0,1.0,1.0,0.0,1.0,1.0,0.0,36.4,45.5,18.2,63.6,9.0,13.0,18.0,9.0,1435.3,1467.4
2018-01-20,2017,Man City,Newcastle,3,1,H,O,1.12,10.0,26.0,9,4,18,0,12,3.0,2.0,0.0,1.0,11.0,4.0,7.0,2.0,3.0,-1.0,9.0,1.0,8.0,3.0,0.0,3.0,0.0,0.0,0.0,90.9,0.0,27.3,54.5,23.0,12.0,18.0,13.0,1721.3,1435.8
2018-01-20,2017,Leicester,Watford,2,0,H,U,1.85,3.89,4.33,5,3,4,5,12,1.0,0.0,1.0,3.0,5.0,2.0,3.0,5.0,6.0,-1.0,0.0,-4.0,4.0,1.0,0.0,1.0,1.0,1.0,0.0,45.5,36.4,36.4,54.5,10.0,7.0,14.0,11.0,1534.0,1433.0
2018-01-20,2017,Everton,West Brom,1,1,D,U,2.14,3.2,4.0,4,5,0,3,12,1.0,0.0,1.0,2.0,3.0,2.0,1.0,3.0,5.0,-2.0,0.0,-3.0,3.0,1.0,0.0,1.0,1.0,1.0,0.0,54.5,36.4,9.1,63.6,7.0,11.0,14.0,22.0,1509.8,1430.9
2018-01-20,2017,Burnley,Man United,0,1,A,U,7.5,3.89,1.57,2,2,5,4,12,1.0,2.0,2.0,0.0,2.0,6.0,-4.0,5.0,3.0,2.0,-3.0,3.0,-6.0,0.0,1.0,-1.0,1.0,0.0,1.0,45.5,36.4,54.5,18.2,8.0,15.0,13.0,15.0,1497.1,1656.1
2018-01-20,2017,Brighton,Chelsea,0,4,A,O,6.5,3.89,1.61,3,10,5,3,12,1.0,1.0,0.0,0.0,3.0,5.0,-2.0,2.0,3.0,-1.0,1.0,2.0,-1.0,0.0,1.0,-1.0,0.0,0.0,0.0,27.3,18.2,54.5,18.2,11.0,19.0,19.0,18.0,1464.7,1678.8
2018-01-20,2017,Arsenal,Crystal Palace,4,1,H,O,1.5,4.75,7.0,10,5,5,10,12,1.0,2.0,0.0,0.0,6.0,6.0,0.0,5.0,2.0,3.0,1.0,4.0,-3.0,0.0,1.0,-1.0,0.0,0.0,0.0,72.7,9.1,18.2,54.5,15.0,15.0,24.0,14.0,1612.9,1471.2
2018-01-15,2017,Man United,Stoke,3,0,H,O,1.22,7.0,15.0,9,5,6,1,12,1.0,0.0,0.0,2.0,3.0,1.0,2.0,2.0,7.0,-5.0,1.0,-6.0,7.0,0.0,0.0,0.0,0.0,1.0,-1.0,72.7,9.1,9.1,63.6,11.0,15.0,26.0,9.0,1651.5,1439.8
2018-01-14,2017,Liverpool,Man City,4,3,H,O,3.1,3.75,2.29,7,4,5,6,12,2.0,2.0,0.0,0.0,7.0,5.0,2.0,1.0,0.0,1.0,6.0,5.0,1.0,1.0,1.0,0.0,0.0,0.0,0.0,54.5,0.0,90.9,0.0,20.0,20.0,16.0,21.0,1655.3,1733.5
2018-01-14,2017,Bournemouth,Arsenal,2,1,H,O,4.75,4.2,1.75,5,3,4,5,12,1.0,1.0,1.0,0.0,5.0,4.0,1.0,8.0,3.0,5.0,-3.0,1.0,-4.0,0.0,0.0,0.0,1.0,0.0,1.0,27.3,45.5,27.3,36.4,19.0,16.0,13.0,17.0,1462.3,1627.3
2018-01-13,2017,West Brom,Brighton,2,0,H,U,2.14,3.0,4.33,4,1,9,6,12,0.0,0.0,1.0,2.0,2.0,0.0,2.0,3.0,4.0,-1.0,-1.0,-4.0,3.0,0.0,0.0,0.0,0.0,2.0,-2.0,9.1,27.3,18.2,63.6,11.0,8.0,21.0,9.0,1419.2,1476.3
2018-01-13,2017,Watford,Southampton,2,2,D,O,2.5,3.39,3.0,4,4,5,4,12,1.0,0.0,2.0,2.0,4.0,2.0,2.0,7.0,6.0,1.0,-3.0,-4.0,1.0,0.0,0.0,0.0,1.0,1.0,0.0,27.3,45.5,10.0,50.0,8.0,11.0,17.0,19.0,1432.0,1466.3
2018-01-13,2017,Tottenham,Everton,4,0,H,O,1.28,6.0,13.0,10,0,3,3,12,2.0,1.0,0.0,1.0,8.0,2.0,6.0,3.0,2.0,1.0,5.0,0.0,5.0,2.0,0.0,2.0,0.0,0.0,0.0,54.5,9.1,9.1,45.5,23.0,8.0,20.0,7.0,1659.2,1515.9
2018-01-13,2017,Newcastle,Swansea,1,1,D,U,1.95,3.39,4.5,4,5,4,5,12,0.0,1.0,2.0,2.0,0.0,3.0,-3.0,2.0,9.0,-7.0,-2.0,-6.0,4.0,0.0,0.0,0.0,0.0,2.0,-2.0,27.3,54.5,18.2,63.6,8.0,11.0,10.0,13.0,1436.2,1420.8
2018-01-13,2017,Huddersfield,West Ham,1,4,A,O,2.62,3.1,3.1,2,6,7,3,12,0.0,1.0,1.0,0.0,2.0,7.0,-5.0,4.0,4.0,0.0,-2.0,3.0,-5.0,0.0,1.0,-1.0,1.0,0.0,1.0,36.4,27.3,8.3,50.0,11.0,13.0,14.0,14.0,1477.4,1478.5
2018-01-13,2017,Crystal Palace,Burnley,1,0,H,U,2.0,3.29,4.5,2,2,3,2,12,1.0,0.0,1.0,0.0,4.0,2.0,2.0,4.0,2.0,2.0,0.0,0.0,0.0,0.0,0.0,0.0,0.0,0.0,0.0,27.3,36.4,36.4,18.2,7.0,12.0,16.0,8.0,1459.8,1508.5
2018-01-13,2017,Chelsea,Leicester,0,0,D,U,1.3,5.75,12.0,7,1,6,3,12,3.0,1.0,0.0,2.0,8.0,6.0,2.0,0.0,5.0,-5.0,8.0,1.0,7.0,2.0,1.0,1.0,0.0,0.0,0.0,72.7,18.2,27.3,36.4,28.0,17.0,28.0,18.0,1683.0,1529.8
2018-01-04,2017,Tottenham,West Ham,1,1,D,U,1.25,6.0,10.0,8,1,7,1,11,3.0,1.0,0.0,1.0,12.0,7.0,5.0,3.0,5.0,-2.0,9.0,2.0,7.0,3.0,1.0,2.0,0.0,0.0,0.0,60.0,10.0,9.1,54.5,26.0,16.0,25.0,17.0,1664.1,1473.5
2018-01-03,2017,Arsenal,Chelsea,2,2,D,O,2.6,3.39,2.6,6,6,10,8,11,1.0,1.0,1.0,1.0,5.0,3.0,2.0,6.0,2.0,4.0,-1.0,1.0,-2.0,0.0,1.0,-1.0,1.0,0.0,1.0,80.0,10.0,60.0,20.0,24.0,15.0,26.0,13.0,1625.7,1684.6
2018-01-02,2017,West Ham,West Brom,2,1,H,O,1.9,3.39,4.09,5,3,3,4,10,1.0,0.0,1.0,2.0,3.0,1.0,2.0,3.0,4.0,-1.0,0.0,-3.0,3.0,0.0,0.0,0.0,0.0,1.0,-1.0,33.3,44.4,10.0,60.0,8.0,9.0,11.0,21.0,1464.6,1428.2
2018-01-02,2017,Swansea,Tottenham,0,2,A,U,12.0,4.75,1.3,1,5,6,5,11,1.0,1.0,1.0,1.0,2.0,5.0,-3.0,5.0,5.0,0.0,-3.0,0.0,-3.0,0.0,1.0,-1.0,1.0,1.0,0.0,20.0,60.0,50.0,40.0,8.0,12.0,14.0,7.0,1424.9,1660.0
2018-01-02,2017,Southampton,Crystal Palace,1,2,A,O,1.9,3.39,4.0,3,4,4,7,12,0.0,1.0,1.0,0.0,3.0,4.0,-1.0,6.0,1.0,5.0,-3.0,3.0,-6.0,0.0,1.0,-1.0,1.0,0.0,1.0,27.3,36.4,10.0,60.0,13.0,13.0,22.0,14.0,1477.1,1449.0
2018-01-02,2017,Man City,Watford,3,1,H,O,1.12,8.5,19.0,7,4,9,1,11,3.0,0.0,0.0,3.0,10.0,1.0,9.0,2.0,4.0,-2.0,8.0,-3.0,11.0,2.0,0.0,2.0,0.0,0.0,0.0,90.0,0.0,40.0,50.0,24.0,5.0,19.0,15.0,1730.5,1435.1
2018-01-01,2017,Stoke,Newcastle,0,1,A,U,2.29,3.29,3.5,4,6,10,5,11,2.0,1.0,1.0,2.0,5.0,4.0,1.0,5.0,6.0,-1.0,0.0,-2.0,2.0,1.0,0.0,1.0,1.0,1.0,0.0,40.0,40.0,20.0,60.0,8.0,8.0,10.0,12.0,1450.6,1425.5
2018-01-01,2017,Leicester,Huddersfield,3,0,H,O,1.66,3.79,6.0,5,1,4,1,11,1.0,1.0,1.0,1.0,3.0,5.0,-2.0,5.0,4.0,1.0,-2.0,1.0,-3.0,0.0,1.0,-1.0,1.0,1.0,0.0,40.0,40.0,20.0,60.0,8.0,15.0,20.0,13.0,1520.8,1486.4
2018-01-01,2017,Everton,Man United,0,2,A,U,5.5,3.5,1.8,0,6,6,6,11,2.0,2.0,0.0,0.0,5.0,7.0,-2.0,1.0,4.0,-3.0,4.0,3.0,1.0,2.0,1.0,1.0,0.0,0.0,0.0,60.0,30.0,50.0,20.0,11.0,13.0,10.0,10.0,1522.5,1644.9
2018-01-01,2017,Burnley,Liverpool,1,2,A,O,7.5,4.5,1.5,4,5,3,9,11,2.0,2.0,1.0,0.0,2.0,12.0,-10.0,3.0,4.0,-1.0,-1.0,8.0,-9.0,0.0,2.0,-2.0,1.0,0.0,1.0,50.0,30.0,50.0,20.0,9.0,22.0,13.0,13.0,1514.8,1649.0
2018-01-01,2017,Brighton,Bournemouth,2,2,D,O,2.37,3.2,3.39,6,8,5,12,11,1.0,0.0,1.0,2.0,2.0,2.0,0.0,5.0,7.0,-2.0,-3.0,-5.0,2.0,0.0,0.0,0.0,1.0,1.0,0.0,30.0,20.0,20.0,60.0,7.0,13.0,16.0,18.0,1476.7,1461.9
2017-12-31,2017,West Brom,Arsenal,1,1,D,U,5.0,4.0,1.72,3,4,5,6,11,0.0,1.0,1.0,0.0,1.0,4.0,-3.0,2.0,3.0,-1.0,-1.0,1.0,-2.0,0.0,0.0,0.0,0.0,0.0,0.0,10.0,30.0,30.0,40.0,14.0,18.0,19.0,16.0,1422.8,1631.0
2017-12-31,2017,Crystal Palace,Man City,0,0,D,U,11.0,6.5,1.28,1,4,7,8,11,1.0,3.0,1.0,0.0,6.0,7.0,-1.0,6.0,1.0,5.0,0.0,6.0,-6.0,0.0,1.0,-1.0,0.0,0.0,0.0,30.0,40.0,100.0,0.0,14.0,23.0,15.0,21.0,1442.1,1737.4
2017-12-30,2017,Watford,Swansea,1,2,A,O,1.66,3.79,6.0,4,4,1,8,11,1.0,0.0,1.0,3.0,4.0,2.0,2.0,6.0,10.0,-4.0,-2.0,-8.0,6.0,0.0,0.0,0.0,1.0,2.0,-1.0,30.0,40.0,10.0,70.0,6.0,10.0,23.0,11.0,1446.0,1414.0
2017-12-30,2017,Newcastle,Brighton,0,0,D,U,2.14,3.2,4.0,2,3,3,6,11,0.0,0.0,3.0,3.0,2.0,0.0,2.0,5.0,6.0,-1.0,-3.0,-6.0,3.0,0.0,0.0,0.0,0.0,3.0,-3.0,30.0,60.0,20.0,70.0,10.0,7.0,13.0,4.0,1423.9,1478.3
2017-12-30,2017,Man United,Southampton,0,0,D,U,1.36,5.5,9.0,3,3,10,7,11,1.0,0.0,1.0,2.0,4.0,3.0,1.0,4.0,7.0,-3.0,0.0,-4.0,4.0,0.0,0.0,0.0,0.0,1.0,-1.0,80.0,10.0,11.1,55.6,13.0,12.0,18.0,16.0,1649.6,1472.4
2017-12-30,2017,Liverpool,Leicester,2,1,H,O,1.3,6.0,11.0,6,1,7,1,11,1.0,2.0,0.0,1.0,6.0,8.0,-2.0,1.0,5.0,-4.0,5.0,3.0,2.0,1.0,1.0,0.0,0.0,0.0,0.0,50.0,0.0,30.0,30.0,17.0,21.0,21.0,22.0,1642.2,1527.7
2017-12-30,2017,Huddersfield,Burnley,0,0,D,U,2.37,3.1,3.5,1,4,5,4,11,1.0,0.0,1.0,1.0,4.0,2.0,2.0,4.0,3.0,1.0,0.0,-1.0,1.0,1.0,0.0,1.0,1.0,0.0,1.0,40.0,30.0,40.0,20.0,16.0,12.0,17.0,11.0,1485.5,1515.7
2017-12-30,2017,Chelsea,Stoke,5,0,H,O,1.16,8.5,19.0,12,1,7,0,11,3.0,0.0,0.0,2.0,6.0,2.0,4.0,1.0,7.0,-6.0,5.0,-5.0,10.0,2.0,0.0,2.0,0.0,1.0,-1.0,70.0,20.0,10.0,60.0,25.0,17.0,32.0,15.0,1680.3,1454.9
2017-12-30,2017,Bournemouth,Everton,2,1,H,O,2.37,3.29,3.29,7,1,4,4,11,0.0,1.0,1.0,0.0,4.0,2.0,2.0,8.0,1.0,7.0,-4.0,1.0,-5.0,0.0,0.0,0.0,1.0,0.0,1.0,20.0,50.0,10.0,40.0,17.0,9.0,14.0,4.0,1449.5,1534.9
2017-12-28,2017,Crystal Palace,Arsenal,2,3,A,O,4.5,4.0,1.8,2,9,5,4,10,2.0,1.0,0.0,0.0,6.0,2.0,4.0,4.0,1.0,3.0,2.0,1.0,1.0,0.0,0.0,0.0,0.0,0.0,0.0,33.3,33.3,22.2,44.4,17.0,11.0,15.0,17.0,1447.4,1625.8
2017-12-27,2017,Newcastle,Man City,0,1,A,U,13.0,6.75,1.25,2,6,3,8,10,0.0,3.0,3.0,0.0,2.0,8.0,-6.0,7.0,2.0,5.0,-5.0,6.0,-11.0,0.0,1.0,-1.0,1.0,0.0,1.0,33.3,55.6,100.0,0.0,10.0,22.0,16.0,20.0,1426.8,1734.5
2017-12-26,2017,West Brom,Everton,0,0,D,U,2.54,3.2,3.1,3,3,10,2,10,0.0,1.0,1.0,1.0,3.0,3.0,0.0,4.0,5.0,-1.0,-1.0,-2.0,1.0,0.0,0.0,0.0,0.0,1.0,-1.0,11.1,33.3,11.1,44.4,15.0,8.0,10.0,4.0,1419.5,1538.2
2017-12-26,2017,Watford,Leicester,2,1,H,O,2.54,3.5,2.87,1,5,8,8,10,0.0,2.0,2.0,0.0,4.0,8.0,-4.0,9.0,4.0,5.0,-5.0,4.0,-9.0,0.0,1.0,-1.0,2.0,0.0,2.0,22.2,44.4,33.3,22.2,8.0,18.0,20.0,19.0,1433.0,1540.7
2017-12-26,2017,Tottenham,Southampton,5,2,H,O,1.36,5.25,10.0,7,6,3,8,10,2.0,0.0,0.0,2.0,8.0,2.0,6.0,2.0,4.0,-2.0,6.0,-2.0,8.0,2.0,0.0,2.0,0.0,0.0,0.0,55.6,11.1,12.5,50.0,24.0,8.0,30.0,13.0,1654.7,1477.7
2017-12-26,2017,Man United,Burnley,2,2,D,O,1.25,6.5,15.0,6,2,12,2,10,2.0,1.0,1.0,1.0,3.0,2.0,1.0,2.0,2.0,0.0,1.0,0.0,1.0,0.0,0.0,0.0,0.0,0.0,0.0,88.9,11.1,44.4,22.2,11.0,14.0,11.0,15.0,1653.4,1511.8
2017-12-26,2017,Liverpool,Swansea,5,0,H,O,1.16,9.0,19.0,9,4,4,2,10,0.0,0.0,0.0,3.0,2.0,2.0,0.0,2.0,6.0,-4.0,0.0,-4.0,4.0,0.0,0.0,0.0,0.0,1.0,-1.0,44.4,0.0,11.1,66.7,12.0,6.0,24.0,10.0,1637.8,1418.4
2017-12-26,2017,Huddersfield,Stoke,1,1,D,U,2.5,3.2,3.2,8,7,8,5,10,1.0,0.0,2.0,3.0,4.0,2.0,2.0,5.0,8.0,-3.0,-1.0,-6.0,5.0,1.0,0.0,1.0,1.0,1.0,0.0,44.4,33.3,11.1,66.7,8.0,13.0,12.0,12.0,1486.5,1453.9
2017-12-26,2017,Chelsea,Brighton,2,0,H,U,1.19,7.5,17.0,8,1,13,1,10,3.0,0.0,0.0,3.0,5.0,0.0,5.0,1.0,5.0,-4.0,4.0,-5.0,9.0,1.0,0.0,1.0,0.0,2.0,-2.0,66.7,22.2,22.2,66.7,27.0,8.0,34.0,3.0,1675.4,1483.2
2017-12-26,2017,Bournemouth,West Ham,3,3,D,O,2.79,3.29,2.75,10,5,7,4,10,0.0,1.0,2.0,2.0,2.0,4.0,-2.0,7.0,6.0,1.0,-5.0,-2.0,-3.0,0.0,1.0,-1.0,1.0,1.0,0.0,22.2,55.6,10.0,60.0,9.0,14.0,11.0,19.0,1449.0,1465.1
2017-12-23,2017,West Ham,Newcastle,2,3,A,O,2.1,3.39,3.89,6,4,6,3,9,1.0,0.0,0.0,2.0,2.0,3.0,-1.0,1.0,6.0,-5.0,1.0,-3.0,4.0,0.0,0.0,0.0,0.0,1.0,-1.0,37.5,37.5,11.1,66.7,6.0,8.0,10.0,15.0,1476.8,1415.1
2017-12-23,2017,Swansea,Crystal Palace,1,1,D,U,3.29,3.2,2.45,2,5,6,3,10,1.0,1.0,1.0,0.0,1.0,3.0,-2.0,4.0,0.0,4.0,-3.0,3.0,-6.0,0.0,1.0,-1.0,1.0,0.0,1.0,22.2,66.7,11.1,66.7,7.0,12.0,12.0,16.0,1417.5,1448.3
2017-12-23,2017,Stoke,West Brom,3,1,H,O,2.29,3.25,3.5,5,7,1,11,10,1.0,0.0,2.0,1.0,2.0,1.0,1.0,7.0,2.0,5.0,-5.0,-1.0,-4.0,0.0,0.0,0.0,2.0,0.0,2.0,33.3,44.4,11.1,55.6,4.0,4.0,14.0,10.0,1444.4,1429.1
2017-12-23,2017,Southampton,Huddersfield,1,1,D,U,1.61,3.89,6.5,6,3,9,1,11,1.0,1.0,1.0,2.0,6.0,4.0,2.0,6.0,8.0,-2.0,0.0,-4.0,4.0,1.0,1.0,0.0,1.0,2.0,-1.0,30.0,40.0,22.2,66.7,12.0,14.0,20.0,14.0,1477.4,1486.7
2017-12-23,2017,Man City,Bournemouth,4,0,H,O,1.12,11.0,23.0,5,1,4,6,10,3.0,0.0,0.0,1.0,8.0,2.0,6.0,3.0,3.0,0.0,5.0,-1.0,6.0,1.0,0.0,1.0,0.0,0.0,0.0,88.9,0.0,22.2,55.6,31.0,17.0,21.0,17.0,1731.1,1452.4
2017-12-23,2017,Leicester,Man United,2,2,D,O,4.5,3.6,1.9,3,6,4,6,10,2.0,3.0,1.0,0.0,3.0,9.0,-6.0,4.0,4.0,0.0,-1.0,5.0,-6.0,0.0,2.0,-2.0,1.0,0.0,1.0,44.4,44.4,55.6,22.2,9.0,14.0,20.0,9.0,1537.3,1656.7
2017-12-23,2017,Everton,Chelsea,0,0,D,U,6.0,3.89,1.66,0,8,2,7,10,3.0,1.0,0.0,1.0,9.0,4.0,5.0,1.0,3.0,-2.0,8.0,1.0,7.0,3.0,1.0,2.0,0.0,0.0,0.0,66.7,33.3,66.7,22.2,16.0,10.0,10.0,14.0,1534.2,1679.3
2017-12-23,2017,Burnley,Tottenham,0,3,A,O,7.0,4.2,1.55,2,8,4,4,10,2.0,0.0,1.0,2.0,2.0,3.0,-1.0,1.0,7.0,-6.0,1.0,-4.0,5.0,0.0,0.0,0.0,0.0,1.0,-1.0,55.6,22.2,44.4,44.4,9.0,10.0,14.0,12.0,1518.2,1648.3
2017-12-23,2017,Brighton,Watford,1,0,H,U,2.62,3.2,3.0,3,1,6,4,10,0.0,1.0,1.0,2.0,1.0,4.0,-3.0,5.0,3.0,2.0,-4.0,1.0,-5.0,0.0,1.0,-1.0,1.0,0.0,1.0,22.2,22.2,44.4,44.4,8.0,8.0,20.0,14.0,1474.2,1442.1
2017-12-22,2017,Arsenal,Liverpool,3,3,D,O,2.54,3.6,2.79,4,9,7,8,10,2.0,3.0,1.0,0.0,7.0,12.0,-5.0,3.0,1.0,2.0,4.0,11.0,-7.0,1.0,3.0,-2.0,1.0,0.0,1.0,88.9,11.1,55.6,22.2,27.0,20.0,26.0,14.0,1625.4,1638.2
2017-12-18,2017,Everton,Swansea,3,1,H,O,1.72,3.75,5.5,7,3,6,3,9,3.0,0.0,0.0,3.0,9.0,1.0,8.0,2.0,5.0,-3.0,7.0,-4.0,11.0,2.0,0.0,2.0,0.0,1.0,-1.0,62.5,37.5,12.5,62.5,14.0,4.0,6.0,13.0,1527.1,1424.7
2017-12-17,2017,West Brom,Man United,1,2,A,O,6.5,4.0,1.6,5,3,6,3,9,0.0,2.0,1.0,1.0,2.0,7.0,-5.0,6.0,4.0,2.0,-4.0,3.0,-7.0,0.0,2.0,-2.0,1.0,0.0,1.0,12.5,25.0,50.0,25.0,12.0,13.0,7.0,13.0,1433.5,1652.3
2017-12-17,2017,Bournemouth,Liverpool,0,4,A,O,6.5,4.5,1.53,2,7,2,3,9,1.0,3.0,1.0,0.0,6.0,12.0,-6.0,3.0,2.0,1.0,3.0,10.0,-7.0,1.0,3.0,-2.0,0.0,0.0,0.0,25.0,50.0,50.0,25.0,12.0,20.0,17.0,14.0,1457.7,1632.8
2017-12-16,2017,Watford,Huddersfield,1,4,A,O,1.8,3.75,5.0,3,9,8,7,9,1.0,0.0,1.0,3.0,5.0,0.0,5.0,5.0,11.0,-6.0,0.0,-11.0,11.0,1.0,0.0,1.0,1.0,3.0,-2.0,25.0,37.5,12.5,75.0,12.0,8.0,15.0,18.0,1451.3,1477.5
2017-12-16,2017,Stoke,West Ham,0,3,A,O,2.29,3.29,3.5,0,7,7,9,9,1.0,0.0,1.0,3.0,4.0,1.0,3.0,6.0,8.0,-2.0,-2.0,-7.0,5.0,0.0,0.0,0.0,1.0,2.0,-1.0,37.5,37.5,0.0,66.7,11.0,13.0,11.0,11.0,1454.0,1467.2
2017-12-16,2017,Man City,Tottenham,4,1,H,O,1.55,4.59,6.0,11,2,5,1,9,3.0,0.0,0.0,2.0,7.0,2.0,5.0,3.0,5.0,-2.0,4.0,-3.0,7.0,1.0,0.0,1.0,0.0,1.0,-1.0,87.5,0.0,50.0,37.5,25.0,12.0,21.0,15.0,1723.0,1656.4
2017-12-16,2017,Leicester,Crystal Palace,0,3,A,O,1.89,3.6,4.5,2,6,6,4,9,2.0,0.0,1.0,1.0,3.0,0.0,3.0,3.0,1.0,2.0,0.0,-1.0,1.0,0.0,0.0,0.0,1.0,0.0,1.0,50.0,37.5,0.0,75.0,7.0,9.0,15.0,21.0,1550.6,1435.1
2017-12-16,2017,Chelsea,Southampton,1,0,H,U,1.39,5.0,9.0,8,2,8,4,9,3.0,0.0,0.0,2.0,5.0,2.0,3.0,1.0,6.0,-5.0,4.0,-4.0,8.0,1.0,0.0,1.0,0.0,1.0,-1.0,62.5,25.0,14.3,42.9,27.0,6.0,30.0,11.0,1674.3,1482.4
2017-12-16,2017,Brighton,Burnley,0,0,D,U,2.62,3.0,3.2,2,6,8,2,9,0.0,2.0,1.0,1.0,3.0,3.0,0.0,7.0,2.0,5.0,-4.0,1.0,-5.0,0.0,0.0,0.0,1.0,0.0,1.0,25.0,25.0,50.0,25.0,9.0,9.0,18.0,14.0,1472.8,1519.6
2017-12-16,2017,Arsenal,Newcastle,1,0,H,U,1.25,6.5,14.0,5,2,7,5,9,2.0,0.0,1.0,2.0,8.0,4.0,4.0,3.0,9.0,-6.0,5.0,-5.0,10.0,2.0,0.0,2.0,1.0,2.0,-1.0,87.5,12.5,12.5,62.5,27.0,11.0,26.0,14.0,1620.6,1419.9
2017-12-13,2017,West Ham,Arsenal,0,0,D,U,5.25,4.2,1.66,0,3,1,7,8,1.0,1.0,1.0,1.0,3.0,3.0,0.0,5.0,4.0,1.0,-2.0,-1.0,-1.0,0.0,0.0,0.0,1.0,1.0,0.0,42.9,42.9,25.0,50.0,7.0,11.0,11.0,15.0,1462.8,1624.9
2017-12-13,2017,Tottenham,Brighton,2,0,H,U,1.25,6.5,15.0,8,4,10,2,9,2.0,1.0,0.0,2.0,7.0,1.0,6.0,2.0,3.0,-1.0,5.0,-2.0,7.0,1.0,0.0,1.0,0.0,1.0,-1.0,50.0,12.5,25.0,62.5,18.0,6.0,30.0,8.0,1651.0,1478.2
2017-12-13,2017,Swansea,Man City,0,4,A,O,15.0,6.5,1.25,3,10,2,5,9,1.0,3.0,1.0,0.0,1.0,6.0,-5.0,1.0,2.0,-1.0,0.0,4.0,-4.0,0.0,1.0,-1.0,0.0,0.0,0.0,25.0,62.5,100.0,0.0,6.0,16.0,18.0,22.0,1427.8,1719.9
2017-12-13,2017,Southampton,Leicester,1,4,A,O,2.1,3.39,3.89,4,11,9,9,10,1.0,1.0,1.0,0.0,5.0,6.0,-1.0,3.0,5.0,-2.0,2.0,1.0,1.0,1.0,0.0,1.0,0.0,0.0,0.0,33.3,33.3,25.0,25.0,11.0,11.0,20.0,20.0,1490.9,1542.0
2017-12-13,2017,Newcastle,Everton,0,1,A,U,2.39,3.29,3.25,4,4,4,1,9,0.0,0.0,3.0,1.0,2.0,4.0,-2.0,7.0,7.0,0.0,-5.0,-3.0,-2.0,0.0,0.0,0.0,1.0,1.0,0.0,37.5,50.0,0.0,50.0,10.0,9.0,23.0,7.0,1427.3,1519.7
2017-12-13,2017,Man United,Bournemouth,1,0,H,U,1.28,6.0,12.0,2,7,4,9,9,2.0,1.0,1.0,0.0,6.0,3.0,3.0,3.0,2.0,1.0,3.0,1.0,2.0,1.0,0.0,1.0,0.0,0.0,0.0,87.5,12.5,25.0,50.0,16.0,16.0,18.0,17.0,1647.2,1462.9
2017-12-13,2017,Liverpool,West Brom,0,0,D,U,1.22,7.0,15.0,5,1,5,7,9,1.0,0.0,0.0,2.0,5.0,1.0,4.0,2.0,3.0,-1.0,3.0,-2.0,5.0,1.0,0.0,1.0,0.0,0.0,0.0,50.0,0.0,12.5,62.5,15.0,6.0,29.0,8.0,1638.2,1428.1
2017-12-12,2017,Huddersfield,Chelsea,1,3,A,O,9.0,4.5,1.44,2,5,1,3,9,2.0,1.0,1.0,1.0,4.0,5.0,-1.0,2.0,2.0,0.0,2.0,3.0,-1.0,1.0,1.0,0.0,0.0,0.0,0.0,50.0,25.0,62.5,25.0,9.0,12.0,14.0,15.0,1482.6,1669.3
2017-12-12,2017,Crystal Palace,Watford,2,1,H,O,2.29,3.5,3.25,4,2,4,6,9,1.0,1.0,0.0,2.0,6.0,5.0,1.0,5.0,4.0,1.0,1.0,1.0,0.0,0.0,1.0,-1.0,0.0,0.0,0.0,25.0,37.5,50.0,37.5,20.0,9.0,20.0,13.0,1424.0,1462.4
2017-12-12,2017,Burnley,Stoke,1,0,H,U,2.29,3.2,3.6,2,7,6,4,9,2.0,0.0,1.0,2.0,3.0,4.0,-1.0,1.0,9.0,-8.0,2.0,-5.0,7.0,1.0,0.0,1.0,0.0,1.0,-1.0,50.0,25.0,12.5,62.5,14.0,12.0,16.0,15.0,1511.0,1462.6
2017-12-10,2017,Southampton,Arsenal,1,1,D,U,4.0,3.75,1.95,3,6,4,5,9,2.0,2.0,1.0,1.0,5.0,7.0,-2.0,2.0,5.0,-3.0,3.0,2.0,1.0,1.0,1.0,0.0,0.0,1.0,-1.0,37.5,37.5,28.6,57.1,14.0,19.0,24.0,17.0,1487.0,1628.8
2017-12-10,2017,Man United,Man City,1,2,A,O,3.39,3.5,2.25,5,7,2,8,8,3.0,3.0,0.0,0.0,6.0,7.0,-1.0,1.0,3.0,-2.0,5.0,4.0,1.0,1.0,1.0,0.0,0.0,0.0,0.0,100.0,0.0,100.0,0.0,14.0,14.0,22.0,16.0,1655.6,1711.5
2017-12-10,2017,Liverpool,Everton,1,1,D,U,1.3,6.0,11.0,3,2,12,1,8,2.0,0.0,0.0,2.0,7.0,3.0,4.0,1.0,8.0,-7.0,6.0,-5.0,11.0,2.0,0.0,2.0,0.0,2.0,-2.0,57.1,0.0,0.0,57.1,20.0,9.0,26.0,16.0,1641.7,1516.2
2017-12-09,2017,West Ham,Chelsea,1,0,H,U,7.5,4.5,1.5,2,2,4,3,7,0.0,2.0,2.0,0.0,2.0,6.0,-4.0,8.0,1.0,7.0,-6.0,5.0,-11.0,0.0,1.0,-1.0,2.0,0.0,2.0,33.3,50.0,71.4,14.3,7.0,15.0,17.0,17.0,1446.9,1685.2
2017-12-09,2017,Tottenham,Stoke,5,1,H,O,1.28,6.5,11.0,11,3,12,6,8,2.0,1.0,0.0,1.0,6.0,4.0,2.0,2.0,4.0,-2.0,4.0,0.0,4.0,1.0,0.0,1.0,0.0,0.0,0.0,42.9,14.3,14.3,57.1,13.0,11.0,21.0,10.0,1645.7,1467.9
2017-12-09,2017,Swansea,West Brom,1,0,H,U,2.7,3.1,3.0,3,1,6,3,8,0.0,0.0,2.0,2.0,1.0,1.0,0.0,3.0,3.0,0.0,-2.0,-2.0,0.0,0.0,0.0,0.0,0.0,0.0,0.0,14.3,71.4,14.3,57.1,7.0,7.0,19.0,8.0,1417.2,1438.7
2017-12-09,2017,Newcastle,Leicester,2,3,A,O,2.62,3.29,2.89,4,5,6,5,8,1.0,1.0,2.0,0.0,1.0,5.0,-4.0,4.0,4.0,0.0,-3.0,1.0,-4.0,0.0,0.0,0.0,1.0,0.0,1.0,42.9,42.9,14.3,28.6,9.0,12.0,20.0,21.0,1434.5,1534.8
2017-12-09,2017,Huddersfield,Brighton,2,0,H,U,2.7,3.1,3.0,6,2,8,1,8,2.0,2.0,1.0,1.0,4.0,4.0,0.0,3.0,1.0,2.0,1.0,3.0,-2.0,0.0,1.0,-1.0,0.0,0.0,0.0,42.9,28.6,28.6,57.1,6.0,9.0,10.0,10.0,1472.1,1488.7
2017-12-09,2017,Crystal Palace,Bournemouth,2,2,D,O,2.04,3.5,4.0,8,5,6,3,8,1.0,2.0,0.0,0.0,6.0,3.0,3.0,5.0,1.0,4.0,1.0,2.0,-1.0,0.0,0.0,0.0,0.0,0.0,0.0,28.6,42.9,28.6,57.1,21.0,14.0,25.0,17.0,1422.8,1464.1
2017-12-09,2017,Burnley,Watford,1,0,H,U,2.6,3.25,3.0,5,2,3,5,8,2.0,1.0,1.0,2.0,3.0,7.0,-4.0,1.0,7.0,-6.0,2.0,0.0,2.0,1.0,1.0,0.0,0.0,1.0,-1.0,42.9,28.6,57.1,28.6,14.0,12.0,18.0,14.0,1501.8,1471.6
2017-12-03,2017,Man City,West Ham,2,1,H,O,1.08,11.0,21.0,8,4,10,4,8,3.0,0.0,0.0,2.0,8.0,2.0,6.0,2.0,8.0,-6.0,6.0,-6.0,12.0,2.0,0.0,2.0,0.0,2.0,-2.0,85.7,0.0,0.0,62.5,27.0,11.0,15.0,9.0,1707.8,1450.6
2017-12-03,2017,Bournemouth,Southampton,1,1,D,U,2.89,3.25,2.39,5,4,5,4,8,1.0,0.0,2.0,2.0,5.0,2.0,3.0,3.0,6.0,-3.0,2.0,-4.0,6.0,1.0,0.0,1.0,0.0,1.0,-1.0,28.6,57.1,16.7,50.0,8.0,3.0,17.0,14.0,1463.4,1487.7
2017-12-02,2017,West Brom,Crystal Palace,0,0,D,U,2.5,3.2,3.2,6,2,3,7,8,0.0,0.0,2.0,2.0,4.0,0.0,4.0,9.0,2.0,7.0,-5.0,-2.0,-3.0,0.0,0.0,0.0,1.0,0.0,1.0,14.3,28.6,0.0,85.7,10.0,7.0,5.0,19.0,1439.2,1422.3
2017-12-02,2017,Watford,Tottenham,1,1,D,U,5.0,4.0,1.72,2,2,7,2,8,1.0,0.0,2.0,3.0,4.0,1.0,3.0,5.0,5.0,0.0,-1.0,-4.0,3.0,1.0,0.0,1.0,1.0,1.0,0.0,28.6,42.9,57.1,42.9,10.0,14.0,16.0,16.0,1466.7,1650.6
2017-12-02,2017,Stoke,Swansea,2,1,H,O,1.95,3.39,4.5,3,3,2,6,8,0.0,0.0,2.0,3.0,3.0,1.0,2.0,7.0,5.0,2.0,-4.0,-4.0,0.0,0.0,0.0,0.0,1.0,1.0,0.0,28.6,42.9,14.3,57.1,10.0,3.0,17.0,9.0,1458.8,1426.2
2017-12-02,2017,Leicester,Burnley,1,0,H,U,1.83,3.6,5.0,3,4,10,7,8,2.0,2.0,1.0,1.0,4.0,3.0,1.0,3.0,4.0,-1.0,1.0,-1.0,2.0,1.0,0.0,1.0,1.0,1.0,0.0,42.9,42.9,57.1,14.3,7.0,5.0,8.0,12.0,1525.2,1511.4
2017-12-02,2017,Everton,Huddersfield,2,0,H,U,1.72,3.79,5.5,4,3,2,5,8,2.0,0.0,1.0,3.0,9.0,0.0,9.0,7.0,12.0,-5.0,2.0,-12.0,14.0,1.0,0.0,1.0,1.0,3.0,-2.0,57.1,42.9,14.3,71.4,13.0,5.0,4.0,15.0,1507.0,1481.4
2017-12-02,2017,Chelsea,Newcastle,3,1,H,O,1.25,6.5,15.0,9,2,11,4,8,3.0,0.0,0.0,2.0,6.0,3.0,3.0,2.0,7.0,-5.0,4.0,-4.0,8.0,1.0,0.0,1.0,0.0,1.0,-1.0,57.1,28.6,14.3,57.1,26.0,14.0,25.0,13.0,1681.2,1438.4
2017-12-02,2017,Brighton,Liverpool,1,5,A,O,7.5,4.5,1.5,2,6,2,2,8,0.0,2.0,0.0,1.0,3.0,8.0,-5.0,3.0,5.0,-2.0,0.0,3.0,-3.0,0.0,2.0,-2.0,0.0,1.0,-1.0,28.6,14.3,42.9,28.6,9.0,21.0,18.0,17.0,1494.9,1635.5
2017-12-02,2017,Arsenal,Man United,1,3,A,O,2.5,3.39,3.0,15,4,12,1,8,3.0,1.0,0.0,2.0,9.0,5.0,4.0,1.0,5.0,-4.0,8.0,0.0,8.0,2.0,1.0,1.0,0.0,0.0,0.0,100.0,0.0,42.9,28.6,17.0,12.0,19.0,19.0,1638.6,1645.8
2017-11-29,2017,Stoke,Liverpool,0,3,A,O,6.5,4.5,1.55,1,7,5,9,7,1.0,1.0,1.0,1.0,5.0,6.0,-1.0,5.0,6.0,-1.0,0.0,0.0,0.0,0.0,1.0,-1.0,0.0,1.0,-1.0,33.3,33.3,33.3,33.3,15.0,16.0,17.0,13.0,1464.4,1629.9
2017-11-29,2017,Man City,Southampton,2,1,H,O,1.19,8.0,15.0,12,2,6,5,7,3.0,0.0,0.0,2.0,13.0,2.0,11.0,3.0,6.0,-3.0,10.0,-4.0,14.0,3.0,0.0,3.0,0.0,1.0,-1.0,83.3,0.0,20.0,40.0,26.0,4.0,14.0,15.0,1703.2,1492.3
2017-11-29,2017,Everton,West Ham,4,0,H,O,2.37,3.29,3.29,5,3,2,6,7,1.0,0.0,2.0,1.0,5.0,3.0,2.0,8.0,5.0,3.0,-3.0,-2.0,-1.0,0.0,0.0,0.0,1.0,1.0,0.0,50.0,50.0,0.0,57.1,12.0,14.0,11.0,7.0,1498.1,1459.5
2017-11-29,2017,Chelsea,Swansea,1,0,H,U,1.18,8.0,17.0,10,0,15,1,7,2.0,0.0,1.0,3.0,5.0,1.0,4.0,3.0,5.0,-2.0,2.0,-4.0,6.0,1.0,0.0,1.0,0.0,1.0,-1.0,50.0,33.3,16.7,50.0,18.0,4.0,14.0,9.0,1677.4,1430.1
2017-11-29,2017,Bournemouth,Burnley,1,2,A,O,2.0,3.39,4.33,2,4,4,6,7,1.0,2.0,1.0,1.0,4.0,2.0,2.0,1.0,3.0,-2.0,3.0,-1.0,4.0,1.0,0.0,1.0,0.0,1.0,-1.0,33.3,50.0,50.0,16.7,10.0,3.0,20.0,9.0,1472.5,1502.3
2017-11-29,2017,Arsenal,Huddersfield,5,0,H,O,1.19,7.5,17.0,7,2,7,2,7,3.0,0.0,0.0,3.0,6.0,0.0,6.0,1.0,9.0,-8.0,5.0,-9.0,14.0,2.0,0.0,2.0,0.0,3.0,-3.0,100.0,0.0,16.7,66.7,22.0,5.0,18.0,16.0,1632.6,1487.4
2017-11-28,2017,West Brom,Newcastle,2,2,D,O,2.37,3.1,3.5,4,4,1,6,7,0.0,0.0,2.0,2.0,4.0,3.0,1.0,9.0,7.0,2.0,-5.0,-4.0,-1.0,0.0,0.0,0.0,1.0,1.0,0.0,16.7,33.3,16.7,66.7,10.0,15.0,11.0,15.0,1439.2,1438.4
2017-11-28,2017,Watford,Man United,2,4,A,O,5.25,3.89,1.72,3,7,5,5,7,2.0,0.0,1.0,2.0,4.0,1.0,3.0,2.0,3.0,-1.0,2.0,-2.0,4.0,1.0,0.0,1.0,0.0,0.0,0.0,33.3,33.3,33.3,33.3,9.0,6.0,13.0,17.0,1472.2,1640.3
2017-11-28,2017,Leicester,Tottenham,2,1,H,O,5.0,3.89,1.75,4,6,4,9,7,1.0,1.0,1.0,2.0,3.0,4.0,-1.0,3.0,3.0,0.0,0.0,1.0,-1.0,1.0,1.0,0.0,1.0,1.0,0.0,33.3,50.0,66.7,33.3,6.0,15.0,8.0,14.0,1511.1,1664.7
2017-11-28,2017,Brighton,Crystal Palace,0,0,D,U,2.7,3.1,3.0,4,4,10,5,7,0.0,0.0,0.0,3.0,4.0,0.0,4.0,4.0,6.0,-2.0,0.0,-6.0,6.0,0.0,0.0,0.0,0.0,1.0,-1.0,33.3,16.7,0.0,100.0,8.0,4.0,15.0,19.0,1497.0,1420.1
2017-11-26,2017,Southampton,Everton,4,1,H,O,1.9,3.39,4.75,5,2,7,2,8,1.0,0.0,1.0,1.0,3.0,3.0,0.0,3.0,5.0,-2.0,0.0,-2.0,2.0,0.0,0.0,0.0,0.0,1.0,-1.0,28.6,42.9,0.0,50.0,11.0,13.0,20.0,15.0,1481.5,1508.9
2017-11-26,2017,Huddersfield,Man City,1,2,A,O,17.0,8.0,1.18,0,5,3,7,7,2.0,3.0,1.0,0.0,3.0,6.0,-3.0,5.0,2.0,3.0,-2.0,4.0,-6.0,0.0,1.0,-1.0,1.0,0.0,1.0,50.0,16.7,100.0,0.0,7.0,15.0,11.0,17.0,1492.1,1698.5
2017-11-26,2017,Burnley,Arsenal,0,1,A,U,6.5,4.5,1.53,2,2,5,5,7,2.0,1.0,0.0,2.0,4.0,7.0,-3.0,1.0,7.0,-6.0,3.0,0.0,3.0,1.0,1.0,0.0,0.0,1.0,-1.0,50.0,16.7,16.7,66.7,17.0,23.0,20.0,17.0,1509.1,1625.8
2017-11-25,2017,Tottenham,West Brom,1,1,D,U,1.25,6.0,16.0,5,2,8,0,7,3.0,0.0,0.0,2.0,6.0,1.0,5.0,1.0,3.0,-2.0,5.0,-2.0,7.0,1.0,0.0,1.0,0.0,0.0,0.0,50.0,16.7,16.7,66.7,14.0,6.0,22.0,9.0,1670.7,1433.3
2017-11-25,2017,Swansea,Bournemouth,0,0,D,U,2.79,3.25,2.79,1,5,4,5,7,1.0,2.0,2.0,1.0,3.0,3.0,0.0,3.0,2.0,1.0,0.0,1.0,-1.0,1.0,0.0,1.0,0.0,0.0,0.0,16.7,83.3,33.3,66.7,9.0,10.0,20.0,17.0,1428.8,1473.8
2017-11-25,2017,Newcastle,Watford,0,3,A,O,2.2,3.5,3.5,2,4,6,3,7,1.0,0.0,1.0,2.0,2.0,6.0,-4.0,2.0,9.0,-7.0,0.0,-3.0,3.0,0.0,0.0,0.0,0.0,1.0,-1.0,50.0,33.3,50.0,33.3,12.0,11.0,15.0,17.0,1448.0,1462.6
2017-11-25,2017,Man United,Brighton,1,0,H,U,1.19,7.0,19.0,4,2,5,0,7,3.0,2.0,0.0,1.0,9.0,4.0,5.0,1.0,2.0,-1.0,8.0,2.0,6.0,2.0,1.0,1.0,0.0,1.0,-1.0,100.0,0.0,33.3,50.0,17.0,8.0,23.0,15.0,1633.9,1503.5
2017-11-25,2017,Liverpool,Chelsea,1,1,D,U,2.14,3.6,3.5,4,3,7,8,7,2.0,2.0,0.0,1.0,6.0,6.0,0.0,0.0,2.0,-2.0,6.0,4.0,2.0,2.0,1.0,1.0,0.0,0.0,0.0,66.7,0.0,83.3,16.7,21.0,17.0,26.0,17.0,1628.5,1678.8
2017-11-25,2017,Crystal Palace,Stoke,2,1,H,O,2.04,3.5,4.0,5,3,5,2,7,1.0,1.0,0.0,1.0,6.0,5.0,1.0,5.0,9.0,-4.0,1.0,-4.0,5.0,0.0,0.0,0.0,0.0,1.0,-1.0,16.7,50.0,16.7,50.0,21.0,9.0,25.0,8.0,1408.2,1476.3
2017-11-24,2017,West Ham,Leicester,1,1,D,U,2.7,3.39,2.75,4,2,5,5,6,1.0,1.0,2.0,0.0,2.0,4.0,-2.0,7.0,3.0,4.0,-5.0,1.0,-6.0,0.0,0.0,0.0,2.0,0.0,2.0,40.0,60.0,16.7,33.3,7.0,11.0,14.0,21.0,1457.9,1512.6
2017-11-20,2017,Brighton,Stoke,2,2,D,O,2.39,3.2,3.39,3,6,6,7,6,1.0,1.0,0.0,2.0,3.0,4.0,-1.0,2.0,9.0,-7.0,1.0,-5.0,6.0,0.0,0.0,0.0,0.0,1.0,-1.0,40.0,20.0,20.0,60.0,8.0,7.0,11.0,6.0,1504.3,1475.5
2017-11-19,2017,Watford,West Ham,2,0,H,U,2.1,3.5,3.75,7,6,3,1,6,1.0,0.0,2.0,0.0,2.0,3.0,-1.0,8.0,3.0,5.0,-6.0,0.0,-6.0,0.0,0.0,0.0,1.0,0.0,1.0,20.0,40.0,0.0,50.0,3.0,9.0,13.0,9.0,1452.2,1468.4
2017-11-18,2017,West Brom,Chelsea,0,4,A,O,6.5,4.0,1.61,2,7,3,4,6,0.0,2.0,1.0,1.0,4.0,6.0,-2.0,5.0,2.0,3.0,-1.0,4.0,-5.0,0.0,1.0,-1.0,0.0,0.0,0.0,20.0,20.0,80.0,20.0,9.0,14.0,10.0,13.0,1437.4,1674.7
2017-11-18,2017,Man United,Newcastle,4,1,H,O,1.28,5.75,13.0,7,5,11,4,6,3.0,0.0,0.0,2.0,9.0,2.0,7.0,0.0,4.0,-4.0,9.0,-2.0,11.0,2.0,0.0,2.0,0.0,0.0,0.0,100.0,0.0,20.0,60.0,17.0,15.0,16.0,19.0,1628.5,1453.3
2017-11-18,2017,Liverpool,Southampton,3,0,H,O,1.39,5.0,9.0,8,0,10,2,6,1.0,1.0,0.0,1.0,4.0,3.0,1.0,1.0,3.0,-2.0,3.0,0.0,3.0,1.0,0.0,1.0,0.0,0.0,0.0,60.0,0.0,25.0,25.0,22.0,8.0,28.0,18.0,1622.2,1487.9
2017-11-18,2017,Leicester,Man City,0,2,A,U,9.5,5.75,1.33,0,4,1,7,6,1.0,3.0,1.0,0.0,5.0,10.0,-5.0,4.0,2.0,2.0,1.0,8.0,-7.0,1.0,1.0,0.0,0.0,0.0,0.0,40.0,40.0,100.0,0.0,13.0,21.0,10.0,21.0,1518.0,1693.2
2017-11-18,2017,Crystal Palace,Everton,2,2,D,O,2.39,3.25,3.29,7,5,9,4,6,1.0,0.0,1.0,2.0,4.0,1.0,3.0,4.0,7.0,-3.0,0.0,-6.0,6.0,0.0,0.0,0.0,0.0,2.0,-2.0,20.0,60.0,0.0,60.0,17.0,11.0,21.0,12.0,1405.2,1511.8
2017-11-18,2017,Burnley,Swansea,2,0,H,U,2.14,3.2,4.0,7,1,8,6,6,1.0,0.0,0.0,2.0,2.0,1.0,1.0,1.0,3.0,-2.0,1.0,-2.0,3.0,0.0,0.0,0.0,0.0,0.0,0.0,40.0,20.0,20.0,40.0,13.0,3.0,15.0,4.0,1500.9,1437.0
2017-11-18,2017,Bournemouth,Huddersfield,4,0,H,O,1.83,3.5,5.25,5,3,8,11,6,1.0,0.0,1.0,2.0,2.0,0.0,2.0,2.0,5.0,-3.0,0.0,-5.0,5.0,0.0,0.0,0.0,0.0,2.0,-2.0,20.0,60.0,20.0,60.0,8.0,4.0,18.0,9.0,1462.6,1503.2
2017-11-18,2017,Arsenal,Tottenham,2,0,H,U,2.5,3.6,2.89,5,4,7,4,6,3.0,2.0,0.0,1.0,6.0,7.0,-1.0,1.0,3.0,-2.0,5.0,4.0,1.0,2.0,1.0,1.0,0.0,0.0,0.0,100.0,0.0,80.0,20.0,23.0,16.0,18.0,13.0,1613.8,1682.6
2017-11-05,2017,Tottenham,Crystal Palace,1,0,H,U,1.28,6.0,12.0,2,3,10,9,6,2.0,0.0,0.0,3.0,5.0,0.0,5.0,1.0,10.0,-9.0,4.0,-10.0,14.0,1.0,0.0,1.0,0.0,2.0,-2.0,40.0,20.0,0.0,100.0,20.0,1.0,23.0,12.0,1679.1,1408.7
2017-11-05,2017,Man City,Arsenal,3,1,H,O,1.39,5.5,7.5,5,3,5,5,6,3.0,1.0,0.0,1.0,15.0,6.0,9.0,2.0,4.0,-2.0,13.0,2.0,11.0,3.0,1.0,2.0,0.0,0.0,0.0,80.0,0.0,20.0,60.0,30.0,22.0,17.0,13.0,1684.9,1622.1
2017-11-05,2017,Everton,Watford,3,2,H,O,2.2,3.39,3.6,5,3,2,5,6,1.0,1.0,2.0,1.0,4.0,6.0,-2.0,7.0,7.0,0.0,-3.0,-1.0,-2.0,0.0,0.0,0.0,1.0,1.0,0.0,40.0,60.0,60.0,20.0,11.0,12.0,13.0,16.0,1503.0,1461.0
2017-11-05,2017,Chelsea,Man United,1,0,H,U,2.5,3.2,3.2,8,2,4,7,6,1.0,1.0,1.0,1.0,4.0,2.0,2.0,3.0,2.0,1.0,1.0,0.0,1.0,1.0,0.0,1.0,0.0,0.0,0.0,40.0,40.0,40.0,20.0,14.0,8.0,15.0,14.0,1665.5,1637.7
2017-11-04,2017,West Ham,Liverpool,1,4,A,O,5.25,4.33,1.66,1,7,2,3,5,1.0,1.0,2.0,1.0,3.0,5.0,-2.0,6.0,7.0,-1.0,-3.0,-2.0,-1.0,0.0,0.0,0.0,1.0,1.0,0.0,50.0,50.0,20.0,40.0,10.0,15.0,16.0,16.0,1474.5,1616.1
2017-11-04,2017,Swansea,Brighton,0,1,A,U,2.39,3.2,3.39,2,2,8,7,6,1.0,1.0,2.0,2.0,4.0,4.0,0.0,4.0,4.0,0.0,0.0,0.0,0.0,1.0,1.0,0.0,0.0,1.0,-1.0,20.0,80.0,20.0,60.0,10.0,8.0,17.0,12.0,1445.6,1495.7
2017-11-04,2017,Stoke,Leicester,2,2,D,O,2.7,3.29,2.87,7,4,4,10,6,1.0,1.0,2.0,0.0,3.0,3.0,0.0,7.0,2.0,5.0,-4.0,1.0,-5.0,0.0,0.0,0.0,1.0,0.0,1.0,40.0,40.0,20.0,40.0,10.0,8.0,18.0,15.0,1474.2,1519.3
2017-11-04,2017,Southampton,Burnley,0,1,A,U,1.66,3.75,6.5,3,1,9,1,7,1.0,1.0,1.0,1.0,3.0,2.0,1.0,3.0,4.0,-1.0,0.0,-2.0,2.0,0.0,0.0,0.0,0.0,1.0,-1.0,33.3,33.3,40.0,20.0,12.0,6.0,19.0,10.0,1498.1,1490.7
2017-11-04,2017,Newcastle,Bournemouth,0,1,A,U,2.0,3.5,4.2,4,6,11,9,6,2.0,1.0,0.0,2.0,4.0,3.0,1.0,2.0,4.0,-2.0,2.0,-1.0,3.0,0.0,0.0,0.0,0.0,0.0,0.0,60.0,20.0,20.0,80.0,11.0,8.0,11.0,14.0,1463.7,1452.3
2017-11-04,2017,Huddersfield,West Brom,1,0,H,U,2.79,3.0,3.0,3,3,3,5,6,1.0,0.0,1.0,2.0,3.0,1.0,2.0,6.0,4.0,2.0,-3.0,-3.0,0.0,0.0,0.0,0.0,1.0,1.0,0.0,40.0,20.0,20.0,60.0,7.0,6.0,16.0,8.0,1494.6,1446.0
2017-10-30,2017,Burnley,Newcastle,1,0,H,U,2.89,3.2,2.7,5,5,5,3,5,1.0,1.0,0.0,1.0,2.0,3.0,-1.0,1.0,3.0,-2.0,1.0,0.0,1.0,0.0,0.0,0.0,0.0,0.0,0.0,25.0,25.0,25.0,50.0,10.0,18.0,13.0,21.0,1480.9,1473.4
2017-10-29,2017,Leicester,Everton,2,0,H,U,2.14,3.39,3.75,3,2,3,10,5,0.0,0.0,2.0,2.0,4.0,1.0,3.0,6.0,7.0,-1.0,-2.0,-6.0,4.0,0.0,0.0,0.0,0.0,2.0,-2.0,25.0,50.0,0.0,50.0,12.0,9.0,9.0,5.0,1509.2,1513.2
2017-10-29,2017,Brighton,Southampton,1,1,D,U,3.29,3.2,2.45,2,1,2,7,5,2.0,1.0,0.0,1.0,5.0,2.0,3.0,2.0,2.0,0.0,3.0,0.0,3.0,1.0,0.0,1.0,0.0,0.0,0.0,50.0,25.0,33.3,33.3,12.0,10.0,11.0,15.0,1495.6,1498.1
2017-10-28,2017,West Brom,Man City,2,3,A,O,11.0,6.5,1.28,4,5,1,2,5,0.0,3.0,0.0,0.0,3.0,9.0,-6.0,3.0,1.0,2.0,0.0,8.0,-8.0,0.0,1.0,-1.0,0.0,0.0,0.0,25.0,0.0,100.0,0.0,7.0,24.0,19.0,24.0,1450.2,1680.8
2017-10-28,2017,Watford,Stoke,0,1,A,U,2.04,3.6,3.79,0,2,8,1,5,1.0,0.0,1.0,2.0,2.0,4.0,-2.0,7.0,10.0,-3.0,-5.0,-6.0,1.0,0.0,0.0,0.0,1.0,1.0,0.0,25.0,25.0,0.0,75.0,3.0,7.0,8.0,9.0,1471.2,1464.0
2017-10-28,2017,Man United,Tottenham,1,0,H,U,2.14,3.39,3.79,3,4,6,3,5,3.0,3.0,0.0,0.0,10.0,10.0,0.0,0.0,2.0,-2.0,10.0,8.0,2.0,3.0,2.0,1.0,0.0,0.0,0.0,100.0,0.0,100.0,0.0,21.0,18.0,19.0,13.0,1625.9,1691.0
2017-10-28,2017,Liverpool,Huddersfield,3,0,H,O,1.25,6.75,13.0,8,0,9,2,5,1.0,0.0,0.0,2.0,5.0,0.0,5.0,1.0,4.0,-3.0,4.0,-4.0,8.0,1.0,0.0,1.0,0.0,2.0,-2.0,50.0,0.0,25.0,50.0,24.0,6.0,23.0,10.0,1609.1,1501.6
2017-10-28,2017,Crystal Palace,West Ham,2,2,D,O,2.39,3.29,3.29,9,2,11,2,5,1.0,0.0,2.0,1.0,2.0,1.0,1.0,4.0,4.0,0.0,-2.0,-3.0,1.0,0.0,0.0,0.0,1.0,1.0,0.0,25.0,75.0,0.0,60.0,11.0,10.0,11.0,12.0,1406.7,1476.5
2017-10-28,2017,Bournemouth,Chelsea,0,1,A,U,6.0,4.2,1.61,1,5,5,5,5,1.0,2.0,1.0,1.0,3.0,7.0,-4.0,3.0,3.0,0.0,0.0,4.0,-4.0,0.0,1.0,-1.0,0.0,0.0,0.0,25.0,50.0,75.0,25.0,10.0,15.0,15.0,17.0,1457.0,1660.8
2017-10-28,2017,Arsenal,Swansea,2,1,H,O,1.25,7.0,12.0,5,2,5,2,5,3.0,1.0,0.0,1.0,7.0,2.0,5.0,0.0,1.0,-1.0,7.0,1.0,6.0,3.0,1.0,2.0,0.0,0.0,0.0,100.0,0.0,25.0,25.0,27.0,4.0,23.0,3.0,1616.5,1451.2
2017-10-22,2017,Tottenham,Liverpool,4,1,H,O,2.25,3.5,3.39,6,7,3,5,5,1.0,1.0,0.0,1.0,2.0,4.0,-2.0,1.0,8.0,-7.0,1.0,-4.0,5.0,0.0,0.0,0.0,0.0,1.0,-1.0,25.0,25.0,25.0,25.0,19.0,11.0,30.0,14.0,1682.9,1617.2
2017-10-22,2017,Everton,Arsenal,2,5,A,O,3.79,3.6,2.04,3,14,0,7,5,1.0,0.0,2.0,2.0,2.0,1.0,1.0,5.0,6.0,-1.0,-3.0,-5.0,2.0,0.0,0.0,0.0,1.0,1.0,0.0,50.0,50.0,0.0,75.0,9.0,8.0,20.0,9.0,1520.7,1609.0
2017-10-21,2017,Swansea,Leicester,1,2,A,O,2.79,3.25,2.75,4,6,7,6,5,1.0,0.0,2.0,1.0,3.0,1.0,2.0,3.0,3.0,0.0,0.0,-2.0,2.0,1.0,0.0,1.0,0.0,1.0,-1.0,25.0,75.0,0.0,50.0,10.0,6.0,17.0,12.0,1460.0,1500.3
2017-10-21,2017,Stoke,Bournemouth,1,2,A,O,2.14,3.5,3.6,2,3,8,3,5,1.0,0.0,1.0,3.0,4.0,1.0,3.0,7.0,6.0,1.0,-3.0,-5.0,2.0,0.0,0.0,0.0,1.0,1.0,0.0,50.0,25.0,0.0,100.0,13.0,7.0,15.0,14.0,1474.8,1446.2
2017-10-21,2017,Southampton,West Brom,1,0,H,U,1.85,3.39,5.25,6,2,8,3,6,0.0,0.0,2.0,2.0,2.0,2.0,0.0,5.0,6.0,-1.0,-3.0,-4.0,1.0,0.0,0.0,0.0,1.0,2.0,-1.0,20.0,40.0,25.0,50.0,7.0,7.0,18.0,11.0,1489.0,1459.3
2017-10-21,2017,Newcastle,Crystal Palace,1,0,H,U,2.0,3.5,4.2,3,0,3,5,5,2.0,0.0,0.0,3.0,6.0,0.0,6.0,2.0,10.0,-8.0,4.0,-10.0,14.0,1.0,0.0,1.0,0.0,2.0,-2.0,50.0,25.0,0.0,100.0,16.0,6.0,15.0,20.0,1464.9,1415.3
2017-10-21,2017,Man City,Burnley,3,0,H,O,1.11,12.0,26.0,10,0,4,5,5,3.0,1.0,0.0,0.0,17.0,3.0,14.0,2.0,2.0,0.0,15.0,1.0,14.0,3.0,0.0,3.0,0.0,0.0,0.0,75.0,0.0,50.0,0.0,27.0,9.0,21.0,12.0,1675.7,1485.9
2017-10-21,2017,Huddersfield,Man United,2,1,H,O,11.0,5.0,1.36,3,3,4,7,5,0.0,1.0,1.0,0.0,1.0,3.0,-2.0,5.0,2.0,3.0,-4.0,1.0,-5.0,0.0,0.0,0.0,1.0,0.0,1.0,25.0,25.0,50.0,0.0,10.0,13.0,17.0,18.0,1487.5,1640.0
2017-10-21,2017,Chelsea,Watford,4,2,H,O,1.36,5.25,10.0,8,5,6,6,5,1.0,2.0,1.0,0.0,2.0,6.0,-4.0,1.0,3.0,-2.0,1.0,3.0,-2.0,1.0,1.0,0.0,0.0,0.0,0.0,25.0,50.0,75.0,0.0,13.0,10.0,15.0,14.0,1655.5,1476.4
2017-10-20,2017,West Ham,Brighton,0,3,A,O,1.83,3.5,5.25,2,5,10,3,4,2.0,0.0,1.0,2.0,5.0,1.0,4.0,3.0,4.0,-1.0,2.0,-3.0,5.0,1.0,0.0,1.0,0.0,1.0,-1.0,66.7,33.3,0.0,75.0,11.0,5.0,16.0,20.0,1486.5,1485.6
2017-10-16,2017,Leicester,West Brom,1,1,D,U,2.05,3.4,4.2,3,1,4,1,4,1.0,1.0,2.0,2.0,5.0,2.0,3.0,5.0,5.0,0.0,0.0,-3.0,3.0,1.0,0.0,1.0,0.0,2.0,-2.0,33.3,66.7,33.3,66.7,13.0,7.0,11.0,15.0,1501.5,1458.1
2017-10-15,2017,Southampton,Newcastle,2,2,D,O,1.91,3.6,4.5,2,5,3,8,5,1.0,1.0,2.0,2.0,3.0,1.0,2.0,5.0,2.0,3.0,-2.0,-1.0,-1.0,0.0,0.0,0.0,1.0,0.0,1.0,25.0,50.0,33.3,66.7,10.0,18.0,22.0,16.0,1489.7,1464.1
2017-10-15,2017,Brighton,Everton,1,1,D,U,3.25,3.3,2.4,3,6,7,1,4,2.0,0.0,1.0,2.0,4.0,1.0,3.0,3.0,7.0,-4.0,1.0,-6.0,7.0,1.0,0.0,1.0,1.0,2.0,-1.0,66.7,33.3,0.0,66.7,11.0,5.0,7.0,5.0,1484.6,1521.7
2017-10-14,2017,Watford,Arsenal,2,1,H,O,5.25,4.33,1.65,2,6,2,5,4,0.0,0.0,1.0,2.0,3.0,0.0,3.0,9.0,5.0,4.0,-6.0,-5.0,-1.0,0.0,0.0,0.0,1.0,1.0,0.0,0.0,33.3,0.0,66.7,5.0,8.0,9.0,13.0,1462.1,1623.3
2017-10-14,2017,Tottenham,Bournemouth,1,0,H,U,1.2,8.0,15.0,6,1,9,5,4,0.0,0.0,1.0,3.0,2.0,1.0,1.0,3.0,6.0,-3.0,-1.0,-5.0,4.0,0.0,0.0,0.0,0.0,1.0,-1.0,0.0,33.3,0.0,100.0,19.0,8.0,35.0,11.0,1678.6,1450.4
2017-10-14,2017,Swansea,Huddersfield,2,0,H,U,2.2,3.25,3.75,3,2,5,3,4,0.0,1.0,3.0,1.0,1.0,3.0,-2.0,7.0,2.0,5.0,-6.0,1.0,-7.0,0.0,1.0,-1.0,1.0,1.0,0.0,0.0,100.0,33.3,33.3,8.0,10.0,15.0,16.0,1448.6,1498.9
2017-10-14,2017,Man City,Stoke,7,2,H,O,1.14,9.5,21.0,11,1,5,0,4,2.0,0.0,0.0,2.0,11.0,2.0,9.0,1.0,4.0,-3.0,10.0,-2.0,12.0,2.0,0.0,2.0,0.0,0.0,0.0,66.7,0.0,0.0,66.7,22.0,7.0,23.0,16.0,1670.7,1479.8
2017-10-14,2017,Liverpool,Man United,0,0,D,U,2.8,3.25,2.8,5,1,7,3,4,2.0,2.0,0.0,0.0,6.0,7.0,-1.0,1.0,2.0,-1.0,5.0,5.0,0.0,1.0,1.0,0.0,0.0,0.0,0.0,66.7,0.0,66.7,0.0,32.0,20.0,20.0,20.0,1616.5,1640.7
2017-10-14,2017,Crystal Palace,Chelsea,2,1,H,O,9.0,5.0,1.4,5,5,5,8,4,0.0,3.0,3.0,0.0,0.0,8.0,-8.0,6.0,2.0,4.0,-6.0,6.0,-12.0,0.0,1.0,-1.0,2.0,0.0,2.0,0.0,100.0,100.0,0.0,10.0,12.0,18.0,12.0,1398.7,1672.1
2017-10-14,2017,Burnley,West Ham,1,1,D,U,2.75,3.25,2.8,5,6,7,4,4,1.0,0.0,1.0,2.0,1.0,2.0,-1.0,1.0,6.0,-5.0,0.0,-4.0,4.0,0.0,0.0,0.0,0.0,1.0,-1.0,33.3,33.3,0.0,75.0,5.0,12.0,11.0,10.0,1485.9,1486.6
2017-10-01,2017,Newcastle,Liverpool,1,1,D,U,5.0,3.8,1.67,5,2,1,5,4,2.0,1.0,1.0,1.0,5.0,6.0,-1.0,3.0,10.0,-7.0,2.0,-4.0,6.0,1.0,0.0,1.0,1.0,1.0,0.0,66.7,33.3,33.3,33.3,14.0,14.0,19.0,12.0,1459.8,1620.8
2017-10-01,2017,Everton,Burnley,0,1,A,U,1.67,3.6,5.75,4,2,9,3,4,2.0,1.0,1.0,0.0,3.0,5.0,-2.0,4.0,4.0,0.0,-1.0,1.0,-2.0,0.0,0.0,0.0,1.0,0.0,1.0,66.7,33.3,33.3,0.0,9.0,12.0,17.0,14.0,1533.4,1474.2
2017-10-01,2017,Arsenal,Brighton,2,0,H,U,1.2,6.5,13.0,12,1,6,5,4,3.0,0.0,0.0,2.0,9.0,1.0,8.0,3.0,4.0,-1.0,6.0,-3.0,9.0,2.0,0.0,2.0,0.0,1.0,-1.0,100.0,0.0,0.0,66.7,25.0,6.0,26.0,17.0,1616.8,1491.1
2017-09-30,2017,West Ham,Swansea,1,0,H,U,1.8,3.5,4.5,4,1,2,1,3,,1.0,,0.0,,2.0,,,0.0,,,2.0,,,1.0,,,0.0,,50.0,50.0,33.3,0.0,,3.0,,2.0,1477.1,1458.0
2017-09-30,2017,West Brom,Watford,2,2,D,O,2.15,3.2,3.5,4,3,7,6,4,1.0,3.0,0.0,0.0,2.0,6.0,-4.0,1.0,1.0,0.0,1.0,5.0,-4.0,0.0,2.0,-2.0,0.0,0.0,0.0,33.3,0.0,100.0,0.0,9.0,14.0,20.0,13.0,1457.9,1462.2
2017-09-30,2017,Stoke,Southampton,2,1,H,O,2.88,3.2,2.45,6,3,5,6,4,1.0,,1.0,,3.0,,,6.0,,,-3.0,,,0.0,,,1.0,,,33.3,33.3,50.0,0.0,11.0,,12.0,,1468.9,1500.6
2017-09-30,2017,Man United,Crystal Palace,4,0,H,O,1.17,7.0,15.0,7,1,6,5,4,3.0,0.0,0.0,3.0,10.0,0.0,10.0,0.0,7.0,-7.0,10.0,-7.0,17.0,3.0,0.0,3.0,0.0,1.0,-1.0,100.0,0.0,0.0,100.0,20.0,6.0,24.0,17.0,1636.6,1402.9
2017-09-30,2017,Huddersfield,Tottenham,0,4,A,O,8.5,4.75,1.36,1,7,4,7,4,1.0,3.0,0.0,0.0,2.0,8.0,-6.0,1.0,2.0,-1.0,1.0,6.0,-5.0,0.0,2.0,-2.0,0.0,0.0,0.0,33.3,0.0,100.0,0.0,12.0,17.0,20.0,13.0,1504.4,1673.1
2017-09-30,2017,Chelsea,Man City,0,1,A,U,2.75,3.3,2.5,2,6,4,8,4,1.0,3.0,1.0,0.0,4.0,10.0,-6.0,3.0,1.0,2.0,1.0,9.0,-8.0,1.0,2.0,-1.0,0.0,0.0,0.0,33.3,33.3,100.0,0.0,17.0,22.0,19.0,26.0,1682.8,1660.1
2017-09-30,2017,Bournemouth,Leicester,0,0,D,U,2.8,3.25,2.5,4,1,7,5,4,1.0,0.0,2.0,2.0,3.0,4.0,-1.0,5.0,7.0,-2.0,-2.0,-3.0,1.0,0.0,0.0,0.0,1.0,1.0,0.0,33.3,66.7,0.0,66.7,8.0,8.0,16.0,11.0,1448.9,1503.1
2017-09-25,2017,Arsenal,West Brom,2,0,H,U,1.33,5.5,11.0,6,3,7,4,3,,,,,,,,,,,,,,,,,,,,100.0,0.0,50.0,50.0,,,,,1610.8,1464.0
2017-09-24,2017,Brighton,Newcastle,1,0,H,U,2.8,3.1,2.9,3,5,2,8,3,,,,,,,,,,,,,,,,,,,,50.0,50.0,50.0,50.0,,,,,1481.4,1469.4
2017-09-23,2017,West Ham,Tottenham,2,3,A,O,6.0,4.33,1.6,4,5,4,3,2,,,,,,,,,,,,,,,,,,,,100.0,0.0,100.0,0.0,,,,,1482.2,1668.0
2017-09-23,2017,Swansea,Watford,1,2,A,O,2.4,3.3,3.25,3,4,5,4,3,,,,,,,,,,,,,,,,,,,,0.0,100.0,100.0,0.0,,,,,1468.5,1451.7
2017-09-23,2017,Stoke,Chelsea,0,4,A,O,6.0,4.1,1.62,2,4,5,0,3,,,,,,,,,,,,,,,,,,,,50.0,0.0,100.0,0.0,,,,,1473.6,1678.1
2017-09-23,2017,Southampton,Man United,0,1,A,U,5.5,3.8,1.73,4,4,8,4,4,1.0,,1.0,,3.0,,,4.0,,,-1.0,,,0.0,,,1.0,,,33.3,33.3,50.0,0.0,8.0,,27.0,,1507.2,1630.0
2017-09-23,2017,Man City,Crystal Palace,5,0,H,O,1.14,10.0,21.0,9,0,8,2,3,,,,,,,,,,,,,,,,,,,,50.0,0.0,0.0,100.0,,,,,1656.2,1406.7
2017-09-23,2017,Leicester,Liverpool,2,3,A,O,4.1,3.9,1.91,7,6,3,6,3,,,,,,,,,,,,,,,,,,,,50.0,50.0,0.0,50.0,,,,,1510.2,1613.7
2017-09-23,2017,Everton,Bournemouth,2,1,H,O,1.65,4.0,5.75,4,4,4,6,3,,,,,,,,,,,,,,,,,,,,50.0,50.0,0.0,100.0,,,,,1525.4,1456.9
2017-09-23,2017,Burnley,Huddersfield,0,0,D,U,2.15,3.25,3.9,3,2,3,4,3,,,,,,,,,,,,,,,,,,,,50.0,50.0,50.0,50.0,,,,,1473.3,1505.4
2017-09-17,2017,Man United,Everton,4,0,H,O,1.36,5.25,10.0,7,3,4,1,3,,,,,,,,,,,,,,,,,,,,100.0,0.0,0.0,50.0,,,,,1622.5,1532.9
2017-09-17,2017,Chelsea,Arsenal,0,0,D,U,1.8,4.0,4.5,4,2,5,1,3,,,,,,,,,,,,,,,,,,,,50.0,50.0,0.0,100.0,,,,,1680.1,1608.7
2017-09-16,2017,West Brom,West Ham,0,0,D,U,2.38,3.25,3.4,1,1,2,3,3,,0.0,,3.0,,2.0,,,10.0,,,-8.0,,,0.0,,,2.0,,50.0,0.0,0.0,100.0,,12.0,,8.0,1463.4,1482.8
2017-09-16,2017,Watford,Man City,0,6,A,O,9.0,6.0,1.33,1,10,3,11,3,,,,,,,,,,,,,,,,,,,,0.0,0.0,100.0,0.0,,,,,1456.7,1651.3
2017-09-16,2017,Tottenham,Swansea,0,0,D,U,1.22,7.0,15.0,8,0,11,1,3,,,,,,,,,,,,,,,,,,,,0.0,50.0,50.0,0.0,,,,,1673.4,1463.1
2017-09-16,2017,Newcastle,Stoke,2,1,H,O,2.38,3.25,3.4,3,4,7,5,3,,,,,,,,,,,,,,,,,,,,50.0,50.0,0.0,50.0,,,,,1458.7,1484.4
2017-09-16,2017,Liverpool,Burnley,1,1,D,U,1.29,6.0,13.0,9,4,12,2,3,,,,,,,,,,,,,,,,,,,,100.0,0.0,50.0,0.0,,,,,1617.7,1469.2
2017-09-16,2017,Huddersfield,Leicester,1,1,D,U,3.5,3.4,2.25,3,1,8,4,3,,,,,,,,,,,,,,,,,,,,50.0,0.0,0.0,100.0,,,,,1505.2,1510.4
2017-09-16,2017,Crystal Palace,Southampton,0,1,A,U,3.0,3.3,2.6,3,4,5,5,3,,,,,,,,,,,,,,,,,,,,0.0,100.0,0.0,0.0,,,,,1414.3,1499.7
2017-09-15,2017,Bournemouth,Brighton,2,1,H,O,2.15,3.4,3.8,3,2,6,4,3,,,,,,,,,,,,,,,,,,,,0.0,100.0,0.0,50.0,,,,,1445.6,1492.8
2017-09-11,2017,West Ham,Huddersfield,2,0,H,U,1.95,3.5,4.5,3,2,10,3,1,,,,,,,,,,,,,,,,,,,,,,100.0,0.0,,,,,1471.5,1516.5
2017-09-10,2017,Swansea,Newcastle,0,1,A,U,2.4,3.25,3.3,4,8,7,5,2,,,,,,,,,,,,,,,,,,,,0.0,100.0,0.0,100.0,,,,,1473.8,1448.0
2017-09-10,2017,Burnley,Crystal Palace,1,0,H,U,2.3,3.25,3.5,2,5,3,13,2,,,,,,,,,,,,,,,,,,,,0.0,100.0,0.0,100.0,,,,,1460.3,1423.2
2017-09-09,2017,Stoke,Man United,2,2,D,O,7.5,4.5,1.5,5,8,5,11,2,,,,,,,,,,,,,,,,,,,,100.0,0.0,100.0,0.0,,,,,1480.4,1626.5
2017-09-09,2017,Southampton,Watford,0,2,A,U,1.65,4.0,6.0,1,3,7,4,3,,,,,,,,,,,,,,,,,,,,50.0,0.0,100.0,0.0,,,,,1511.6,1444.8
2017-09-09,2017,Man City,Liverpool,5,0,H,O,1.85,4.0,4.2,7,3,8,3,2,,,,,,,,,,,,,,,,,,,,0.0,0.0,0.0,0.0,,,,,1641.7,1627.3
2017-09-09,2017,Leicester,Chelsea,1,2,A,O,4.75,3.9,1.8,2,6,2,9,2,,,,,,,,,,,,,,,,,,,,100.0,0.0,100.0,0.0,,,,,1516.1,1674.3
2017-09-09,2017,Everton,Tottenham,0,3,A,O,3.8,3.5,2.1,1,6,7,3,2,,,,,,,,,,,,,,,,,,,,100.0,0.0,100.0,0.0,,,,,1539.3,1667.0
2017-09-09,2017,Brighton,West Brom,3,1,H,O,2.7,3.1,3.0,6,3,2,6,2,,,,,,,,,,,,,,,,,,,,0.0,100.0,100.0,0.0,,,,,1483.1,1473.1
2017-09-09,2017,Arsenal,Bournemouth,3,0,H,O,1.36,5.5,9.0,9,2,10,3,2,,,,,,,,,,,,,,,,,,,,100.0,0.0,0.0,100.0,,,,,1602.8,1451.5
2017-08-27,2017,West Brom,Stoke,1,1,D,U,2.4,3.1,3.5,2,2,10,4,2,,,,,,,,,,,,,,,,,,,,100.0,0.0,0.0,100.0,,,,,1472.9,1480.6
2017-08-27,2017,Tottenham,Burnley,1,1,D,U,1.25,6.5,15.0,5,3,10,7,2,,,,,,,,,,,,,,,,,,,,0.0,100.0,100.0,0.0,,,,,1672.5,1454.7
2017-08-27,2017,Liverpool,Arsenal,4,0,H,O,2.15,3.7,3.5,10,0,4,3,2,,,,,,,,,,,,,,,,,,,,100.0,0.0,0.0,100.0,,,,,1617.5,1612.7
2017-08-27,2017,Chelsea,Everton,2,0,H,U,1.45,4.5,8.5,7,0,6,3,2,,,,,,,,,,,,,,,,,,,,0.0,100.0,0.0,0.0,,,,,1667.7,1546.0
2017-08-26,2017,Watford,Brighton,0,0,D,U,1.91,3.4,4.0,0,2,3,11,2,,,,,,,,,,,,,,,,,,,,0.0,0.0,0.0,100.0,,,,,1443.6,1484.2
2017-08-26,2017,Newcastle,West Ham,3,0,H,O,2.3,3.4,3.4,8,3,7,5,2,,,,,,,,,,,,,,,,,,,,0.0,100.0,0.0,100.0,,,,,1436.6,1482.8
2017-08-26,2017,Man United,Leicester,2,0,H,U,1.33,5.5,11.0,7,4,9,3,2,,,,,,,,,,,,,,,,,,,,100.0,0.0,0.0,100.0,,,,,1619.1,1523.4
2017-08-26,2017,Huddersfield,Southampton,0,0,D,U,3.9,3.4,2.1,6,3,5,4,2,,,,,,,,,,,,,,,,,,,,100.0,0.0,,,,,,,1516.7,1511.4
2017-08-26,2017,Crystal Palace,Swansea,0,2,A,U,1.95,3.5,4.33,3,3,1,1,2,,,,,,,,,,,,,,,,,,,,0.0,100.0,0.0,0.0,,,,,1432.3,1464.8
2017-08-26,2017,Bournemouth,Man City,1,2,A,O,11.0,6.0,1.3,3,8,2,5,2,,,,,,,,,,,,,,,,,,,,0.0,100.0,100.0,0.0,,,,,1456.7,1636.5
2017-08-21,2017,Man City,Everton,1,1,D,U,1.33,5.75,10.0,6,2,7,1,1,,,,,,,,,,,,,,,,,,,,,,,,,,,,1639.2,1543.3
2017-08-20,2017,Tottenham,Chelsea,1,2,A,O,2.1,3.6,3.75,6,2,14,3,1,,,,,,,,,,,,,,,,,,,,,,,,,,,,1683.3,1657.0
2017-08-20,2017,Huddersfield,Newcastle,1,0,H,U,2.5,3.25,3.2,3,5,7,3,1,,,,,,,,,,,,,,,,,,,,,,,,,,,,1508.5,1444.8
2017-08-19,2017,Swansea,Man United,0,4,A,O,11.0,5.0,1.36,1,8,3,5,1,,,,,,,,,,,,,,,,,,,,,,,,,,,,1470.9,1613.0
2017-08-19,2017,Stoke,Arsenal,1,0,H,U,4.5,3.8,1.85,4,6,2,9,1,,,,,,,,,,,,,,,,,,,,,,,,,,,,1466.3,1627.0
2017-08-19,2017,Southampton,West Ham,3,2,H,O,1.75,3.8,5.25,5,8,7,2,2,,,,,,,,,,,,,,,,,,,,0.0,0.0,0.0,100.0,,,,,1501.7,1492.5
2017-08-19,2017,Liverpool,Crystal Palace,1,0,H,U,1.36,5.25,9.5,13,1,4,2,1,,,,,,,,,,,,,,,,,,,,,,,,,,,,1612.1,1437.7
2017-08-19,2017,Leicester,Brighton,2,0,H,U,1.73,3.8,5.5,4,2,6,2,1,,,,,,,,,,,,,,,,,,,,,,,,,,,,1514.0,1493.6
2017-08-19,2017,Burnley,West Brom,0,1,A,U,2.63,3.2,3.0,0,1,5,5,1,,,,,,,,,,,,,,,,,,,,,,,,,,,,1464.8,1462.8
2017-08-19,2017,Bournemouth,Watford,0,2,A,U,2.0,3.6,4.0,2,7,8,5,1,,,,,,,,,,,,,,,,,,,,,,,,,,,,1467.7,1432.6
2017-08-13,2017,Newcastle,Tottenham,0,2,A,U,5.5,4.0,1.7,3,6,5,7,1,,,,,,,,,,,,,,,,,,,,,,,,,,,,1449.0,1679.1
2017-08-13,2017,Man United,West Ham,4,0,H,O,1.3,5.75,12.0,6,1,11,1,1,,,,,,,,,,,,,,,,,,,,,,,,,,,,1606.0,1499.6
2017-08-12,2017,West Brom,Bournemouth,1,0,H,U,2.4,3.3,3.3,6,2,8,2,1,,,,,,,,,,,,,,,,,,,,,,,,,,,,1452.1,1478.5
2017-08-12,2017,Watford,Liverpool,3,3,D,O,6.0,4.2,1.62,4,5,3,3,1,,,,,,,,,,,,,,,,,,,,,,,,,,,,1427.6,1617.1
2017-08-12,2017,Southampton,Swansea,0,0,D,U,1.62,4.0,6.5,2,0,13,0,1,,,,,,,,,,,,,,,,,,,,,,,,,,,,1502.6,1469.9
2017-08-12,2017,Everton,Stoke,1,0,H,U,1.7,3.8,5.75,4,1,6,7,1,,,,,,,,,,,,,,,,,,,,,,,,,,,,1535.0,1474.6
2017-08-12,2017,Crystal Palace,Huddersfield,0,3,A,O,1.83,3.6,5.0,4,6,12,9,1,,,,,,,,,,,,,,,,,,,,,,,,,,,,1446.1,1500.0
2017-08-12,2017,Chelsea,Burnley,2,3,A,O,1.25,6.5,15.0,6,5,8,5,1,,,,,,,,,,,,,,,,,,,,,,,,,,,,1672.6,1449.1
2017-08-12,2017,Brighton,Man City,0,2,A,U,11.0,5.5,1.33,2,4,3,10,1,,,,,,,,,,,,,,,,,,,,,,,,,,,,1500.0,1632.8
2017-08-11,2017,Arsenal,Leicester,4,3,H,O,1.53,4.5,6.5,10,3,9,4,1,,,,,,,,,,,,,,,,,,,,,,,,,,,,1619.8,1521.2
2017-05-21,2016,Watford,Man City,0,5,A,O,11.0,6.0,1.3,3,9,4,5,19,2.0,1.0,1.0,1.0,3.0,6.0,-3.0,1.0,4.0,-3.0,2.0,2.0,0.0,1.0,1.0,0.0,0.0,0.0,0.0,44.4,33.3,61.1,27.8,11.0,16.0,14.0,28.0,1432.5,1627.9
2017-05-21,2016,Swansea,West Brom,2,1,H,O,2.1,3.5,3.75,2,5,7,4,19,2.0,0.0,1.0,2.0,4.0,3.0,1.0,3.0,7.0,-4.0,1.0,-4.0,5.0,1.0,0.0,1.0,1.0,2.0,-1.0,38.9,44.4,16.7,44.4,11.0,7.0,25.0,15.0,1459.9,1462.1
2017-05-21,2016,Southampton,Stoke,0,1,A,U,1.8,3.8,4.75,6,3,4,10,19,0.0,0.0,1.0,2.0,0.0,2.0,-2.0,2.0,5.0,-3.0,-2.0,-3.0,1.0,0.0,0.0,0.0,1.0,1.0,0.0,33.3,33.3,16.7,55.6,11.0,8.0,21.0,16.0,1514.1,1463.1
2017-05-21,2016,Man United,Crystal Palace,2,0,H,U,2.5,3.3,3.1,2,1,3,6,19,1.0,1.0,0.0,2.0,4.0,3.0,1.0,2.0,9.0,-7.0,2.0,-6.0,8.0,1.0,0.0,1.0,0.0,2.0,-2.0,38.9,5.6,33.3,50.0,12.0,8.0,12.0,17.0,1600.0,1452.1
2017-05-21,2016,Liverpool,Middlesbrough,3,0,H,O,1.14,9.0,23.0,10,3,3,3,19,0.0,0.0,1.0,3.0,3.0,2.0,1.0,4.0,11.0,-7.0,-1.0,-9.0,8.0,0.0,0.0,0.0,0.0,3.0,-3.0,61.1,11.1,5.6,55.6,17.0,7.0,14.0,8.0,1612.3,1411.1
2017-05-21,2016,Leicester,Bournemouth,1,1,D,U,2.0,3.6,4.0,5,4,9,1,19,2.0,1.0,1.0,1.0,6.0,3.0,3.0,6.0,6.0,0.0,0.0,-3.0,3.0,2.0,0.0,2.0,1.0,1.0,0.0,55.6,27.8,16.7,55.6,18.0,10.0,19.0,8.0,1522.5,1477.2
2017-05-21,2016,Hull,Tottenham,1,7,A,O,7.0,4.75,1.5,4,14,2,3,19,2.0,2.0,1.0,1.0,6.0,7.0,-1.0,4.0,2.0,2.0,2.0,5.0,-3.0,2.0,1.0,1.0,1.0,0.0,1.0,44.4,33.3,44.4,22.2,14.0,21.0,19.0,22.0,1434.2,1675.1
2017-05-21,2016,Chelsea,Sunderland,5,1,H,O,1.14,9.0,23.0,8,3,11,1,19,3.0,1.0,0.0,2.0,11.0,2.0,9.0,5.0,3.0,2.0,6.0,-1.0,7.0,2.0,1.0,1.0,0.0,1.0,-1.0,88.9,11.1,16.7,77.8,23.0,11.0,22.0,12.0,1669.5,1375.2
2017-05-21,2016,Burnley,West Ham,1,2,A,O,2.45,3.5,3.0,1,4,2,5,19,1.0,0.0,1.0,1.0,3.0,2.0,1.0,4.0,5.0,-1.0,-1.0,-3.0,2.0,0.0,0.0,0.0,1.0,1.0,0.0,55.6,27.8,22.2,50.0,7.0,9.0,11.0,4.0,1458.2,1490.5
2017-05-21,2016,Arsenal,Everton,3,1,H,O,1.45,5.0,7.5,9,7,4,6,19,3.0,0.0,0.0,1.0,5.0,1.0,4.0,0.0,2.0,-2.0,5.0,-1.0,6.0,2.0,0.0,2.0,0.0,0.0,0.0,72.2,11.1,22.2,44.4,22.0,6.0,34.0,14.0,1611.7,1543.0
2017-05-18,2016,Leicester,Tottenham,1,6,A,O,4.5,3.8,1.85,5,12,4,4,18,3.0,2.0,0.0,1.0,7.0,4.0,3.0,0.0,2.0,-2.0,7.0,2.0,5.0,3.0,1.0,2.0,0.0,0.0,0.0,58.8,23.5,41.2,23.5,23.0,17.0,25.0,25.0,1528.7,1668.9
2017-05-17,2016,Southampton,Man United,0,0,D,U,2.75,3.3,2.8,6,1,7,3,18,0.0,0.0,2.0,2.0,0.0,1.0,-1.0,5.0,4.0,1.0,-5.0,-3.0,-2.0,0.0,0.0,0.0,2.0,1.0,1.0,35.3,35.3,55.6,22.2,6.0,7.0,17.0,16.0,1511.5,1602.6
2017-05-16,2016,Man City,West Brom,3,1,H,O,1.14,9.0,23.0,10,2,7,1,19,2.0,0.0,0.0,1.0,7.0,2.0,5.0,1.0,4.0,-3.0,6.0,-2.0,8.0,1.0,0.0,1.0,0.0,1.0,-1.0,55.6,5.6,17.6,41.2,23.0,6.0,25.0,15.0,1622.1,1468.0
2017-05-16,2016,Arsenal,Sunderland,2,0,H,U,1.09,13.0,29.0,13,2,17,3,18,3.0,1.0,0.0,2.0,6.0,2.0,4.0,0.0,3.0,-3.0,6.0,-1.0,7.0,2.0,1.0,1.0,0.0,1.0,-1.0,70.6,11.8,17.6,76.5,17.0,12.0,22.0,15.0,1607.5,1379.4
2017-05-15,2016,Chelsea,Watford,4,3,H,O,1.25,6.75,13.0,9,3,8,3,18,3.0,0.0,0.0,3.0,9.0,0.0,9.0,3.0,6.0,-3.0,6.0,-6.0,12.0,2.0,0.0,2.0,0.0,2.0,-2.0,88.2,11.8,16.7,66.7,18.0,11.0,16.0,16.0,1665.3,1436.8
2017-05-14,2016,West Ham,Liverpool,0,4,A,O,5.25,4.0,1.7,3,11,4,6,19,2.0,3.0,0.0,0.0,2.0,4.0,-2.0,0.0,1.0,-1.0,2.0,3.0,-1.0,0.0,0.0,0.0,0.0,0.0,0.0,38.9,38.9,50.0,22.2,14.0,14.0,15.0,17.0,1497.5,1605.3
2017-05-14,2016,Tottenham,Man United,2,1,H,O,1.73,3.9,5.25,7,2,8,3,19,3.0,1.0,0.0,1.0,10.0,2.0,8.0,0.0,2.0,-2.0,10.0,0.0,10.0,3.0,1.0,2.0,0.0,1.0,-1.0,88.9,0.0,58.8,17.6,31.0,11.0,34.0,16.0,1660.3,1611.2
2017-05-14,2016,Crystal Palace,Hull,4,0,H,O,2.1,3.6,3.75,4,0,3,7,19,0.0,0.0,2.0,2.0,2.0,2.0,0.0,5.0,6.0,-1.0,-3.0,-4.0,1.0,0.0,0.0,0.0,1.0,2.0,-1.0,27.8,61.1,5.6,77.8,10.0,5.0,24.0,16.0,1442.1,1444.3
2017-05-13,2016,Sunderland,Swansea,0,2,A,U,4.2,3.8,1.91,4,3,8,4,19,0.0,0.0,2.0,2.0,2.0,1.0,1.0,6.0,3.0,3.0,-4.0,-2.0,-2.0,0.0,0.0,0.0,1.0,0.0,1.0,16.7,55.6,16.7,72.2,13.0,9.0,18.0,7.0,1387.6,1451.7
2017-05-13,2016,Stoke,Arsenal,1,4,A,O,4.75,4.1,1.75,4,6,7,6,19,1.0,2.0,1.0,1.0,4.0,4.0,0.0,3.0,3.0,0.0,1.0,1.0,0.0,1.0,1.0,0.0,0.0,1.0,-1.0,38.9,27.8,44.4,38.9,12.0,12.0,13.0,14.0,1469.5,1601.1
2017-05-13,2016,Middlesbrough,Southampton,1,2,A,O,4.0,3.6,2.0,3,4,6,3,19,1.0,1.0,1.0,1.0,4.0,3.0,1.0,4.0,4.0,0.0,0.0,-1.0,1.0,0.0,0.0,0.0,0.0,1.0,-1.0,22.2,44.4,27.8,50.0,13.0,7.0,9.0,16.0,1418.7,1503.9
2017-05-13,2016,Man City,Leicester,2,1,H,O,1.25,7.0,12.0,5,4,9,3,18,2.0,1.0,0.0,1.0,8.0,3.0,5.0,1.0,3.0,-2.0,7.0,0.0,7.0,2.0,0.0,2.0,0.0,0.0,0.0,52.9,5.9,11.1,66.7,25.0,6.0,23.0,12.0,1614.3,1536.5
2017-05-13,2016,Bournemouth,Burnley,2,1,H,O,1.91,3.75,4.2,6,3,7,1,19,1.0,1.0,1.0,1.0,7.0,3.0,4.0,5.0,3.0,2.0,2.0,0.0,2.0,1.0,1.0,0.0,1.0,1.0,0.0,44.4,33.3,5.6,72.2,13.0,11.0,8.0,14.0,1467.2,1468.2
2017-05-12,2016,West Brom,Chelsea,0,1,A,U,10.0,5.25,1.36,2,5,5,8,19,0.0,2.0,3.0,1.0,0.0,6.0,-6.0,3.0,3.0,0.0,-3.0,3.0,-6.0,0.0,2.0,-2.0,0.0,1.0,-1.0,50.0,38.9,66.7,16.7,12.0,10.0,16.0,11.0,1473.1,1660.2
2017-05-12,2016,Everton,Watford,1,0,H,U,1.5,4.5,7.5,6,2,9,8,19,2.0,0.0,1.0,3.0,7.0,0.0,7.0,6.0,9.0,-3.0,1.0,-9.0,10.0,2.0,0.0,2.0,1.0,3.0,-2.0,66.7,11.1,17.6,64.7,18.0,11.0,12.0,13.0,1535.6,1444.2
2017-05-10,2016,Southampton,Arsenal,0,2,A,U,3.6,3.8,2.05,3,4,8,5,17,1.0,1.0,1.0,2.0,3.0,2.0,1.0,4.0,6.0,-2.0,-1.0,-4.0,3.0,1.0,0.0,1.0,1.0,2.0,-1.0,37.5,31.2,41.2,41.2,12.0,11.0,20.0,17.0,1511.6,1593.4
2017-05-08,2016,Chelsea,Middlesbrough,3,0,H,O,1.17,9.0,19.0,7,1,8,1,17,2.0,0.0,1.0,2.0,7.0,2.0,5.0,5.0,8.0,-3.0,2.0,-6.0,8.0,1.0,0.0,1.0,0.0,2.0,-2.0,87.5,12.5,5.9,52.9,22.0,7.0,17.0,10.0,1656.1,1422.9
2017-05-07,2016,Liverpool,Southampton,0,0,D,U,1.62,4.2,6.0,8,0,3,6,18,1.0,1.0,1.0,2.0,6.0,4.0,2.0,5.0,6.0,-1.0,1.0,-2.0,3.0,1.0,0.0,1.0,0.0,1.0,-1.0,64.7,11.8,29.4,52.9,15.0,10.0,13.0,11.0,1608.1,1508.8
2017-05-07,2016,Arsenal,Man United,2,0,H,U,1.91,3.7,4.33,4,4,5,9,17,2.0,2.0,0.0,0.0,6.0,5.0,1.0,2.0,0.0,2.0,4.0,5.0,-1.0,1.0,2.0,-1.0,0.0,0.0,0.0,68.8,12.5,62.5,12.5,16.0,16.0,20.0,12.0,1582.3,1622.3
2017-05-06,2016,Swansea,Everton,1,0,H,U,2.8,3.5,2.63,4,2,9,5,18,1.0,0.0,1.0,1.0,3.0,2.0,1.0,3.0,4.0,-1.0,0.0,-2.0,2.0,1.0,0.0,1.0,1.0,1.0,0.0,35.3,47.1,23.5,41.2,10.0,8.0,27.0,12.0,1438.6,1548.7
2017-05-06,2016,Man City,Crystal Palace,5,0,H,O,1.29,6.5,11.0,12,2,9,3,17,1.0,2.0,0.0,1.0,4.0,5.0,-1.0,2.0,5.0,-3.0,2.0,0.0,2.0,1.0,0.0,1.0,0.0,1.0,-1.0,50.0,6.2,35.3,47.1,16.0,9.0,23.0,17.0,1608.6,1447.7
2017-05-06,2016,Leicester,Watford,3,0,H,O,1.57,4.2,6.5,5,7,10,1,17,3.0,0.0,0.0,3.0,7.0,0.0,7.0,1.0,7.0,-6.0,6.0,-7.0,13.0,3.0,0.0,3.0,0.0,2.0,-2.0,56.2,25.0,18.8,62.5,23.0,6.0,25.0,14.0,1528.7,1452.0
2017-05-06,2016,Hull,Sunderland,0,2,A,U,1.44,4.75,8.0,6,5,7,4,18,3.0,0.0,0.0,3.0,8.0,0.0,8.0,3.0,4.0,-1.0,5.0,-4.0,9.0,2.0,0.0,2.0,0.0,1.0,-1.0,47.1,29.4,12.5,81.2,11.0,10.0,17.0,20.0,1456.6,1375.3
2017-05-06,2016,Burnley,West Brom,2,2,D,O,2.25,3.3,3.6,4,3,5,8,18,1.0,0.0,2.0,2.0,1.0,0.0,1.0,4.0,5.0,-1.0,-3.0,-5.0,2.0,0.0,0.0,0.0,2.0,2.0,0.0,58.8,29.4,18.8,43.8,5.0,5.0,9.0,13.0,1468.1,1473.2
2017-05-06,2016,Bournemouth,Stoke,2,2,D,O,2.25,3.6,3.3,2,3,0,7,18,2.0,0.0,1.0,3.0,7.0,0.0,7.0,3.0,5.0,-2.0,4.0,-5.0,9.0,2.0,0.0,2.0,1.0,2.0,-1.0,47.1,35.3,17.6,58.8,17.0,7.0,10.0,13.0,1467.1,1469.6
2017-05-05,2016,West Ham,Tottenham,1,0,H,U,8.5,5.25,1.4,5,5,3,7,18,1.0,3.0,1.0,0.0,3.0,6.0,-3.0,3.0,1.0,2.0,0.0,5.0,-5.0,0.0,2.0,-2.0,0.0,0.0,0.0,35.3,41.2,43.8,18.8,16.0,19.0,18.0,25.0,1482.4,1675.3
2017-05-01,2016,Watford,Liverpool,0,1,A,U,5.75,4.5,1.5,2,8,3,5,18,3.0,2.0,0.0,0.0,4.0,4.0,0.0,0.0,2.0,-2.0,4.0,2.0,2.0,1.0,0.0,1.0,0.0,0.0,0.0,47.1,29.4,47.1,23.5,19.0,10.0,24.0,20.0,1458.1,1602.0
2017-04-30,2016,Tottenham,Arsenal,2,0,H,U,1.85,3.75,4.0,11,4,14,5,18,3.0,1.0,0.0,2.0,10.0,3.0,7.0,1.0,7.0,-6.0,9.0,-4.0,13.0,2.0,0.0,2.0,0.0,2.0,-2.0,88.2,0.0,43.8,37.5,26.0,9.0,25.0,17.0,1667.5,1590.1
2017-04-30,2016,Middlesbrough,Man City,2,2,D,O,13.0,5.25,1.25,6,4,4,11,18,1.0,1.0,1.0,1.0,2.0,6.0,-4.0,2.0,4.0,-2.0,0.0,2.0,-2.0,0.0,1.0,-1.0,0.0,0.0,0.0,23.5,47.1,64.7,29.4,12.0,17.0,9.0,25.0,1417.8,1613.7
2017-04-30,2016,Man United,Swansea,1,1,D,U,1.36,4.75,8.0,6,4,5,2,18,1.0,0.0,0.0,3.0,3.0,0.0,3.0,1.0,4.0,-3.0,2.0,-4.0,6.0,1.0,0.0,1.0,0.0,1.0,-1.0,41.2,5.9,17.6,76.5,9.0,6.0,13.0,9.0,1627.4,1433.6
2017-04-30,2016,Everton,Chelsea,0,3,A,O,3.5,3.6,2.0,4,5,2,4,18,3.0,2.0,0.0,1.0,11.0,5.0,6.0,3.0,4.0,-1.0,8.0,1.0,7.0,3.0,1.0,2.0,0.0,1.0,-1.0,70.6,5.9,64.7,17.6,22.0,12.0,15.0,18.0,1556.1,1648.7
2017-04-29,2016,West Brom,Leicester,0,1,A,U,2.4,3.5,2.75,4,1,5,6,18,1.0,0.0,2.0,2.0,3.0,4.0,-1.0,3.0,7.0,-4.0,0.0,-3.0,3.0,1.0,0.0,1.0,0.0,1.0,-1.0,52.9,35.3,5.9,70.6,16.0,9.0,15.0,12.0,1482.1,1519.7
2017-04-29,2016,Sunderland,Bournemouth,0,1,A,U,3.0,3.4,2.3,5,7,6,5,18,0.0,0.0,1.0,1.0,2.0,2.0,0.0,5.0,6.0,-1.0,-3.0,-4.0,1.0,0.0,0.0,0.0,1.0,1.0,0.0,17.6,52.9,11.8,58.8,13.0,6.0,15.0,6.0,1383.1,1459.3
2017-04-29,2016,Stoke,West Ham,0,0,D,U,2.0,3.5,3.6,4,4,5,3,18,1.0,0.0,2.0,2.0,5.0,3.0,2.0,5.0,7.0,-2.0,0.0,-4.0,4.0,1.0,0.0,1.0,0.0,1.0,-1.0,41.2,29.4,23.5,52.9,9.0,9.0,13.0,6.0,1469.2,1482.8
2017-04-29,2016,Southampton,Hull,0,0,D,U,1.6,3.75,5.75,2,1,6,6,16,1.0,0.0,1.0,3.0,3.0,2.0,1.0,4.0,10.0,-6.0,-1.0,-8.0,7.0,1.0,0.0,1.0,1.0,3.0,-2.0,40.0,33.3,5.9,82.4,14.0,4.0,20.0,18.0,1510.4,1455.0
2017-04-29,2016,Crystal Palace,Burnley,0,2,A,U,1.75,3.5,4.75,5,3,14,4,18,1.0,0.0,1.0,1.0,5.0,1.0,4.0,3.0,3.0,0.0,2.0,-2.0,4.0,1.0,0.0,1.0,0.0,1.0,-1.0,29.4,58.8,0.0,76.5,11.0,11.0,15.0,15.0,1457.7,1458.1
2017-04-27,2016,Man City,Man United,0,0,D,U,1.91,3.75,4.2,6,1,7,4,16,1.0,3.0,0.0,0.0,4.0,8.0,-4.0,2.0,1.0,1.0,2.0,7.0,-5.0,1.0,3.0,-2.0,0.0,0.0,0.0,53.3,6.7,66.7,13.3,11.0,21.0,24.0,11.0,1613.3,1627.8
2017-04-26,2016,Middlesbrough,Sunderland,1,0,H,U,2.3,3.4,3.4,2,4,3,5,17,0.0,0.0,2.0,3.0,2.0,0.0,2.0,5.0,5.0,0.0,-3.0,-5.0,2.0,0.0,0.0,0.0,1.0,2.0,-1.0,18.8,50.0,13.3,80.0,13.0,7.0,14.0,21.0,1408.2,1392.7
2017-04-26,2016,Crystal Palace,Tottenham,0,1,A,U,5.5,4.2,1.65,1,4,2,11,17,2.0,2.0,0.0,1.0,6.0,5.0,1.0,2.0,3.0,-1.0,4.0,2.0,2.0,1.0,2.0,-1.0,0.0,1.0,-1.0,31.2,56.2,40.0,20.0,10.0,17.0,16.0,17.0,1462.5,1662.7
2017-04-26,2016,Arsenal,Leicester,1,0,H,U,1.6,4.5,5.75,5,3,12,1,16,2.0,1.0,0.0,1.0,7.0,7.0,0.0,2.0,8.0,-6.0,5.0,-1.0,6.0,2.0,0.0,2.0,0.0,1.0,-1.0,66.7,13.3,6.2,68.8,18.0,11.0,11.0,16.0,1581.6,1528.2
2017-04-25,2016,Chelsea,Southampton,4,2,H,O,1.45,4.6,8.5,7,4,6,7,16,2.0,2.0,1.0,1.0,6.0,6.0,0.0,4.0,5.0,-1.0,2.0,1.0,1.0,1.0,0.0,1.0,0.0,0.0,0.0,86.7,13.3,31.2,50.0,20.0,17.0,19.0,9.0,1642.1,1516.9
2017-04-23,2016,Liverpool,Crystal Palace,1,2,A,O,1.5,4.75,7.0,1,3,4,3,17,2.0,2.0,0.0,1.0,7.0,5.0,2.0,4.0,4.0,0.0,3.0,1.0,2.0,1.0,1.0,0.0,0.0,1.0,-1.0,68.8,6.2,31.2,50.0,17.0,10.0,20.0,19.0,1616.5,1448.0
2017-04-23,2016,Burnley,Man United,0,2,A,U,5.75,4.0,1.67,0,6,3,3,17,1.0,3.0,1.0,0.0,2.0,9.0,-7.0,3.0,1.0,2.0,-1.0,8.0,-9.0,0.0,3.0,-3.0,1.0,0.0,1.0,62.5,25.0,64.3,14.3,9.0,24.0,7.0,11.0,1463.8,1622.1
2017-04-22,2016,West Ham,Everton,0,0,D,U,3.3,3.6,2.25,3,0,8,4,17,1.0,0.0,2.0,2.0,4.0,4.0,0.0,5.0,7.0,-2.0,-1.0,-3.0,2.0,0.0,0.0,0.0,0.0,1.0,-1.0,37.5,43.8,25.0,43.8,15.0,12.0,16.0,10.0,1480.6,1558.3
2017-04-22,2016,Swansea,Stoke,2,0,H,U,2.2,3.4,3.6,6,3,11,4,17,1.0,0.0,1.0,2.0,4.0,0.0,4.0,5.0,3.0,2.0,-1.0,-3.0,2.0,0.0,0.0,0.0,1.0,1.0,0.0,31.2,50.0,18.8,56.2,14.0,6.0,25.0,10.0,1421.9,1480.8
2017-04-22,2016,Hull,Watford,2,0,H,U,1.91,3.7,4.33,3,2,4,7,17,3.0,0.0,0.0,3.0,8.0,0.0,8.0,4.0,7.0,-3.0,4.0,-7.0,11.0,1.0,0.0,1.0,0.0,2.0,-2.0,43.8,31.2,20.0,60.0,15.0,7.0,15.0,8.0,1444.3,1468.8
2017-04-22,2016,Bournemouth,Middlesbrough,4,0,H,O,1.85,3.75,4.5,10,2,4,3,17,2.0,0.0,1.0,2.0,6.0,2.0,4.0,5.0,6.0,-1.0,1.0,-4.0,5.0,1.0,0.0,1.0,1.0,2.0,-1.0,43.8,37.5,6.2,50.0,16.0,7.0,11.0,8.0,1450.2,1417.3
2017-04-17,2016,Middlesbrough,Arsenal,1,2,A,O,7.0,4.0,1.5,5,4,2,4,16,0.0,0.0,1.0,3.0,1.0,2.0,-1.0,3.0,9.0,-6.0,-2.0,-7.0,5.0,0.0,0.0,0.0,1.0,3.0,-2.0,20.0,46.7,40.0,40.0,11.0,8.0,17.0,16.0,1423.1,1575.7
2017-04-16,2016,West Brom,Liverpool,0,1,A,U,4.0,3.8,1.8,2,2,4,4,17,1.0,1.0,2.0,1.0,3.0,4.0,-1.0,4.0,5.0,-1.0,-1.0,-1.0,0.0,1.0,0.0,1.0,1.0,1.0,0.0,56.2,31.2,43.8,25.0,15.0,15.0,16.0,28.0,1488.8,1609.9
2017-04-16,2016,Man United,Chelsea,2,0,H,U,2.55,3.2,2.8,3,0,1,3,17,0.0,3.0,0.0,0.0,2.0,7.0,-5.0,2.0,3.0,-1.0,0.0,4.0,-4.0,0.0,1.0,-1.0,0.0,0.0,0.0,37.5,6.2,68.8,12.5,13.0,16.0,27.0,19.0,1610.8,1653.3
2017-04-15,2016,Watford,Swansea,1,0,H,U,2.4,3.3,2.9,7,4,6,2,17,2.0,0.0,1.0,3.0,6.0,1.0,5.0,4.0,5.0,-1.0,2.0,-4.0,6.0,1.0,0.0,1.0,0.0,1.0,-1.0,43.8,31.2,18.8,75.0,16.0,5.0,24.0,14.0,1459.6,1431.1
2017-04-15,2016,Tottenham,Bournemouth,4,0,H,O,1.25,6.0,10.0,14,1,13,1,17,3.0,0.0,0.0,0.0,9.0,3.0,6.0,3.0,3.0,0.0,6.0,0.0,6.0,1.0,0.0,1.0,0.0,0.0,0.0,87.5,0.0,12.5,56.2,19.0,6.0,19.0,7.0,1658.0,1455.0
2017-04-15,2016,Sunderland,West Ham,2,2,D,O,3.3,3.25,2.2,4,3,8,1,17,0.0,0.0,2.0,3.0,0.0,3.0,-3.0,5.0,8.0,-3.0,-5.0,-5.0,0.0,0.0,0.0,0.0,2.0,1.0,1.0,18.8,56.2,25.0,56.2,12.0,13.0,13.0,11.0,1390.1,1483.3
2017-04-15,2016,Stoke,Hull,3,1,H,O,1.95,3.3,4.0,4,3,3,7,17,1.0,0.0,2.0,3.0,4.0,2.0,2.0,4.0,10.0,-6.0,0.0,-8.0,8.0,1.0,0.0,1.0,0.0,3.0,-3.0,37.5,31.2,6.2,81.2,13.0,5.0,16.0,15.0,1471.3,1453.8
2017-04-15,2016,Southampton,Man City,0,3,A,O,4.33,4.0,1.73,1,5,3,8,15,1.0,1.0,1.0,1.0,4.0,5.0,-1.0,4.0,4.0,0.0,0.0,1.0,-1.0,1.0,1.0,0.0,1.0,0.0,1.0,42.9,28.6,62.5,31.2,20.0,19.0,20.0,21.0,1524.6,1605.6
2017-04-15,2016,Everton,Burnley,3,1,H,O,1.4,4.5,8.0,7,6,6,7,17,3.0,0.0,0.0,1.0,11.0,1.0,10.0,2.0,2.0,0.0,9.0,-1.0,10.0,3.0,0.0,3.0,0.0,0.0,0.0,68.8,6.2,0.0,75.0,20.0,6.0,13.0,9.0,1550.5,1471.6
2017-04-15,2016,Crystal Palace,Leicester,2,2,D,O,1.73,3.6,4.75,4,2,8,5,16,3.0,1.0,0.0,2.0,5.0,5.0,0.0,0.0,8.0,-8.0,5.0,-3.0,8.0,1.0,0.0,1.0,0.0,2.0,-2.0,33.3,60.0,6.7,73.3,9.0,10.0,12.0,14.0,1445.6,1530.6
2017-04-10,2016,Crystal Palace,Arsenal,3,0,H,O,4.5,3.9,1.83,6,3,5,8,15,2.0,0.0,1.0,3.0,2.0,3.0,-1.0,4.0,9.0,-5.0,-2.0,-6.0,4.0,0.0,0.0,0.0,1.0,3.0,-2.0,28.6,64.3,42.9,35.7,12.0,10.0,13.0,21.0,1431.4,1590.0
2017-04-09,2016,Sunderland,Man United,0,3,A,O,10.0,5.25,1.36,4,9,4,5,16,0.0,2.0,2.0,0.0,0.0,7.0,-7.0,6.0,2.0,4.0,-6.0,5.0,-11.0,0.0,2.0,-2.0,2.0,0.0,2.0,20.0,53.3,61.5,15.4,9.0,23.0,15.0,13.0,1394.6,1606.3
2017-04-09,2016,Everton,Leicester,4,2,H,O,1.75,3.9,5.0,7,4,4,6,16,3.0,1.0,0.0,2.0,9.0,3.0,6.0,0.0,5.0,-5.0,9.0,-2.0,11.0,3.0,0.0,3.0,0.0,1.0,-1.0,66.7,6.7,7.1,71.4,21.0,11.0,19.0,10.0,1540.5,1540.6
2017-04-08,2016,West Ham,Swansea,1,0,H,U,2.1,3.6,3.7,6,1,4,3,16,0.0,0.0,2.0,3.0,5.0,2.0,3.0,7.0,7.0,0.0,-2.0,-5.0,3.0,0.0,0.0,0.0,0.0,2.0,-2.0,33.3,46.7,20.0,73.3,13.0,6.0,19.0,12.0,1474.2,1440.1
2017-04-08,2016,West Brom,Southampton,0,1,A,U,3.0,3.3,2.55,6,3,7,3,16,2.0,2.0,1.0,1.0,5.0,9.0,-4.0,4.0,5.0,-1.0,1.0,4.0,-3.0,1.0,1.0,0.0,1.0,0.0,1.0,60.0,26.7,26.7,53.3,13.0,22.0,17.0,8.0,1498.3,1515.1
2017-04-08,2016,Tottenham,Watford,4,0,H,O,1.25,6.5,15.0,6,2,7,5,16,3.0,1.0,0.0,2.0,9.0,2.0,7.0,3.0,4.0,-1.0,6.0,-2.0,8.0,1.0,0.0,1.0,0.0,1.0,-1.0,86.7,0.0,21.4,57.1,22.0,11.0,20.0,8.0,1652.9,1464.7
2017-04-08,2016,Stoke,Liverpool,1,2,A,O,4.0,3.75,1.95,4,4,5,8,16,2.0,0.0,1.0,2.0,4.0,2.0,2.0,2.0,6.0,-4.0,2.0,-4.0,6.0,1.0,0.0,1.0,0.0,2.0,-2.0,40.0,26.7,40.0,26.7,13.0,16.0,16.0,35.0,1477.9,1603.3
2017-04-08,2016,Middlesbrough,Burnley,0,0,D,U,2.45,3.1,3.4,5,2,4,3,15,0.0,0.0,1.0,2.0,2.0,3.0,-1.0,4.0,5.0,-1.0,-2.0,-2.0,0.0,0.0,0.0,0.0,1.0,0.0,1.0,21.4,50.0,0.0,80.0,9.0,8.0,17.0,8.0,1421.7,1473.1
2017-04-08,2016,Man City,Hull,3,1,H,O,1.2,7.5,17.0,7,1,7,3,15,1.0,0.0,0.0,3.0,3.0,1.0,2.0,2.0,9.0,-7.0,1.0,-8.0,9.0,0.0,0.0,0.0,0.0,3.0,-3.0,50.0,7.1,6.7,80.0,9.0,8.0,27.0,20.0,1599.4,1460.0
2017-04-08,2016,Bournemouth,Chelsea,1,3,A,O,6.5,4.0,1.6,1,5,4,4,16,2.0,2.0,1.0,0.0,5.0,5.0,0.0,4.0,3.0,1.0,1.0,2.0,-1.0,1.0,0.0,1.0,1.0,0.0,1.0,46.7,33.3,66.7,13.3,16.0,13.0,10.0,16.0,1460.0,1648.3
2017-04-05,2016,Swansea,Tottenham,1,3,A,O,5.0,4.0,1.73,1,8,5,7,16,2.0,1.0,0.0,1.0,5.0,2.0,3.0,2.0,2.0,0.0,3.0,0.0,3.0,1.0,1.0,0.0,0.0,1.0,-1.0,33.3,46.7,35.7,21.4,17.0,12.0,27.0,22.0,1444.8,1648.2
2017-04-05,2016,Southampton,Crystal Palace,3,1,H,O,1.83,3.7,4.75,9,3,11,11,14,1.0,2.0,1.0,1.0,4.0,4.0,0.0,3.0,2.0,1.0,1.0,2.0,-1.0,1.0,1.0,0.0,1.0,0.0,1.0,38.5,30.8,33.3,46.7,18.0,8.0,16.0,13.0,1507.0,1439.4
2017-04-05,2016,Liverpool,Bournemouth,2,2,D,O,1.36,5.25,9.5,8,2,7,2,16,3.0,0.0,0.0,1.0,8.0,2.0,6.0,3.0,3.0,0.0,5.0,-1.0,6.0,2.0,0.0,2.0,0.0,0.0,0.0,73.3,6.7,13.3,60.0,16.0,8.0,22.0,11.0,1607.4,1455.9
2017-04-05,2016,Hull,Middlesbrough,4,2,H,O,2.05,3.3,4.2,5,4,8,4,16,2.0,0.0,0.0,2.0,5.0,0.0,5.0,3.0,3.0,0.0,2.0,-3.0,5.0,0.0,0.0,0.0,0.0,1.0,-1.0,40.0,33.3,6.7,46.7,11.0,7.0,13.0,6.0,1450.5,1431.1
2017-04-05,2016,Chelsea,Man City,2,1,H,O,2.4,3.5,3.1,4,7,2,9,15,2.0,2.0,1.0,0.0,7.0,6.0,1.0,4.0,2.0,2.0,3.0,4.0,-1.0,2.0,2.0,0.0,0.0,0.0,0.0,85.7,14.3,66.7,26.7,22.0,17.0,27.0,19.0,1639.2,1608.5
2017-04-05,2016,Arsenal,West Ham,3,0,H,O,1.4,5.25,8.0,8,2,5,0,15,1.0,0.0,1.0,2.0,5.0,4.0,1.0,4.0,6.0,-2.0,1.0,-2.0,3.0,1.0,0.0,1.0,0.0,0.0,0.0,64.3,14.3,26.7,53.3,15.0,13.0,15.0,17.0,1582.9,1481.4
2017-04-04,2016,Watford,West Brom,2,0,H,U,2.5,3.2,3.2,2,2,5,6,16,1.0,0.0,1.0,1.0,5.0,2.0,3.0,5.0,5.0,0.0,0.0,-3.0,3.0,0.0,0.0,0.0,0.0,1.0,-1.0,40.0,33.3,20.0,40.0,15.0,6.0,23.0,12.0,1453.0,1509.9
2017-04-04,2016,Man United,Everton,1,1,D,U,1.57,4.2,6.5,3,4,6,5,16,1.0,0.0,0.0,2.0,3.0,3.0,0.0,1.0,6.0,-5.0,2.0,-3.0,5.0,1.0,0.0,1.0,0.0,1.0,-1.0,40.0,6.7,26.7,46.7,21.0,11.0,26.0,7.0,1608.2,1538.5
2017-04-04,2016,Leicester,Sunderland,2,0,H,U,1.45,4.5,8.5,8,3,5,6,16,3.0,1.0,0.0,2.0,8.0,4.0,4.0,2.0,3.0,-1.0,6.0,1.0,5.0,3.0,1.0,2.0,0.0,1.0,-1.0,53.3,26.7,14.3,78.6,22.0,11.0,25.0,16.0,1534.3,1401.0
2017-04-04,2016,Burnley,Stoke,1,0,H,U,2.5,3.1,3.3,3,2,3,5,16,1.0,0.0,1.0,2.0,2.0,0.0,2.0,3.0,6.0,-3.0,-1.0,-6.0,5.0,0.0,0.0,0.0,1.0,2.0,-1.0,60.0,26.7,20.0,53.3,9.0,7.0,14.0,10.0,1462.3,1488.6
2017-04-02,2016,Swansea,Middlesbrough,0,0,D,U,2.0,3.4,4.33,3,1,11,3,15,3.0,0.0,0.0,3.0,7.0,0.0,7.0,3.0,4.0,-1.0,4.0,-4.0,8.0,1.0,0.0,1.0,0.0,1.0,-1.0,35.7,50.0,7.1,50.0,19.0,6.0,21.0,5.0,1445.2,1430.7
2017-04-02,2016,Arsenal,Man City,2,2,D,O,3.1,3.75,2.3,3,5,3,8,14,2.0,3.0,1.0,0.0,5.0,8.0,-3.0,3.0,0.0,3.0,2.0,8.0,-6.0,1.0,3.0,-2.0,0.0,0.0,0.0,69.2,15.4,71.4,28.6,20.0,16.0,22.0,15.0,1582.1,1609.3
2017-04-01,2016,Watford,Sunderland,1,0,H,U,1.85,3.6,4.75,10,3,13,9,15,1.0,1.0,1.0,2.0,6.0,4.0,2.0,6.0,4.0,2.0,0.0,0.0,0.0,0.0,1.0,-1.0,0.0,2.0,-2.0,35.7,35.7,15.4,76.9,12.0,11.0,13.0,11.0,1444.0,1410.0
2017-04-01,2016,Southampton,Bournemouth,0,0,D,U,1.65,4.0,6.0,4,3,6,3,13,1.0,0.0,2.0,2.0,5.0,5.0,0.0,5.0,9.0,-4.0,0.0,-4.0,4.0,1.0,0.0,1.0,1.0,1.0,0.0,41.7,33.3,14.3,64.3,15.0,13.0,18.0,16.0,1508.6,1454.4
2017-04-01,2016,Man United,West Brom,0,0,D,U,1.36,5.0,11.0,3,1,6,1,15,1.0,0.0,0.0,1.0,3.0,3.0,0.0,1.0,6.0,-5.0,2.0,-3.0,5.0,1.0,0.0,1.0,0.0,1.0,-1.0,42.9,7.1,21.4,42.9,24.0,10.0,27.0,13.0,1611.2,1507.0
2017-04-01,2016,Liverpool,Everton,3,1,H,O,1.73,3.9,5.25,6,4,2,3,15,3.0,0.0,0.0,1.0,7.0,3.0,4.0,2.0,4.0,-2.0,5.0,-1.0,6.0,2.0,0.0,2.0,0.0,0.0,0.0,71.4,7.1,28.6,42.9,19.0,12.0,30.0,9.0,1598.9,1547.0
2017-04-01,2016,Leicester,Stoke,2,0,H,U,2.05,3.5,4.0,10,2,10,4,15,2.0,0.0,1.0,2.0,6.0,0.0,6.0,5.0,5.0,0.0,1.0,-5.0,6.0,2.0,0.0,2.0,1.0,1.0,0.0,50.0,28.6,21.4,50.0,13.0,7.0,25.0,12.0,1525.0,1497.9
2017-04-01,2016,Hull,West Ham,2,1,H,O,2.45,3.4,3.1,3,4,5,5,15,2.0,1.0,0.0,1.0,5.0,6.0,-1.0,2.0,5.0,-3.0,3.0,1.0,2.0,1.0,1.0,0.0,0.0,0.0,0.0,35.7,35.7,28.6,50.0,12.0,13.0,9.0,14.0,1439.0,1492.9
2017-04-01,2016,Chelsea,Crystal Palace,1,2,A,O,1.3,5.75,12.0,11,3,9,3,14,3.0,2.0,0.0,1.0,8.0,4.0,4.0,2.0,1.0,1.0,6.0,3.0,3.0,3.0,2.0,1.0,0.0,0.0,0.0,92.3,7.7,28.6,50.0,16.0,9.0,27.0,13.0,1655.0,1423.6
2017-04-01,2016,Burnley,Tottenham,0,2,A,U,5.75,3.8,1.7,2,7,3,7,15,2.0,0.0,0.0,1.0,3.0,2.0,1.0,1.0,4.0,-3.0,2.0,-2.0,4.0,0.0,0.0,0.0,0.0,1.0,-1.0,64.3,21.4,30.8,23.1,10.0,7.0,13.0,19.0,1467.7,1642.9
2017-03-19,2016,Tottenham,Southampton,2,1,H,O,1.73,3.8,5.5,6,3,5,1,15,3.0,2.0,0.0,1.0,8.0,9.0,-1.0,2.0,5.0,-3.0,6.0,4.0,2.0,1.0,1.0,0.0,0.0,0.0,0.0,85.7,0.0,28.6,50.0,21.0,21.0,26.0,11.0,1636.2,1515.2
2017-03-19,2016,Middlesbrough,Man United,1,3,A,O,6.0,3.7,1.7,3,6,8,3,14,0.0,2.0,1.0,0.0,2.0,6.0,-4.0,4.0,1.0,3.0,-2.0,5.0,-7.0,0.0,2.0,-2.0,1.0,0.0,1.0,23.1,46.2,58.3,16.7,8.0,23.0,16.0,11.0,1436.2,1605.7
2017-03-19,2016,Man City,Liverpool,1,1,D,U,2.0,3.75,3.8,3,4,9,8,14,1.0,0.0,0.0,2.0,4.0,2.0,2.0,3.0,6.0,-3.0,1.0,-4.0,5.0,0.0,0.0,0.0,0.0,2.0,-2.0,53.8,7.7,42.9,28.6,13.0,16.0,23.0,34.0,1609.6,1598.6
2017-03-18,2016,West Ham,Leicester,2,3,A,O,2.3,3.5,3.3,7,5,6,5,15,0.0,0.0,2.0,3.0,3.0,0.0,3.0,8.0,6.0,2.0,-5.0,-6.0,1.0,0.0,0.0,0.0,1.0,2.0,-1.0,35.7,42.9,0.0,76.9,7.0,8.0,15.0,7.0,1502.6,1515.4
2017-03-18,2016,West Brom,Arsenal,3,1,H,O,5.25,4.0,1.73,8,2,4,5,15,2.0,1.0,1.0,2.0,3.0,6.0,-3.0,3.0,6.0,-3.0,0.0,0.0,0.0,0.0,1.0,-1.0,1.0,2.0,-1.0,57.1,28.6,46.2,30.8,9.0,14.0,18.0,18.0,1494.2,1594.9
2017-03-18,2016,Sunderland,Burnley,0,0,D,U,2.55,3.3,3.0,5,3,3,5,15,0.0,0.0,2.0,2.0,0.0,4.0,-4.0,6.0,6.0,0.0,-6.0,-2.0,-4.0,0.0,0.0,0.0,2.0,0.0,2.0,21.4,57.1,0.0,85.7,5.0,8.0,14.0,6.0,1408.3,1469.4
2017-03-18,2016,Stoke,Chelsea,1,2,A,O,6.5,4.0,1.62,1,7,5,11,15,2.0,1.0,0.0,0.0,4.0,4.0,0.0,1.0,3.0,-2.0,3.0,1.0,2.0,1.0,0.0,1.0,0.0,0.0,0.0,42.9,21.4,64.3,14.3,19.0,8.0,16.0,8.0,1503.9,1648.9
2017-03-18,2016,Everton,Hull,4,0,H,O,1.53,4.33,7.0,8,0,5,8,15,3.0,0.0,0.0,2.0,11.0,1.0,10.0,3.0,5.0,-2.0,8.0,-4.0,12.0,3.0,0.0,3.0,0.0,2.0,-2.0,64.3,7.1,7.1,78.6,23.0,10.0,18.0,13.0,1539.7,1446.4
2017-03-18,2016,Crystal Palace,Watford,1,0,H,U,1.91,3.5,4.75,0,2,3,2,14,1.0,1.0,2.0,1.0,1.0,4.0,-3.0,5.0,5.0,0.0,-4.0,-1.0,-3.0,0.0,0.0,0.0,1.0,1.0,0.0,23.1,69.2,23.1,53.8,14.0,12.0,18.0,10.0,1412.4,1455.2
2017-03-18,2016,Bournemouth,Swansea,2,0,H,U,2.15,3.5,3.6,6,1,2,4,15,1.0,0.0,2.0,3.0,3.0,3.0,0.0,6.0,7.0,-1.0,-3.0,-4.0,1.0,0.0,0.0,0.0,2.0,1.0,1.0,42.9,35.7,21.4,71.4,12.0,7.0,10.0,11.0,1444.0,1455.6
2017-03-12,2016,Liverpool,Burnley,2,1,H,O,1.25,6.5,14.0,3,1,11,1,14,2.0,0.0,0.0,2.0,6.0,4.0,2.0,2.0,6.0,-4.0,4.0,-2.0,6.0,2.0,0.0,2.0,0.0,0.0,0.0,69.2,7.7,0.0,84.6,19.0,14.0,22.0,11.0,1591.8,1476.2
2017-03-11,2016,Hull,Swansea,2,1,H,O,2.55,3.3,3.0,7,3,2,7,14,2.0,1.0,0.0,2.0,6.0,5.0,1.0,2.0,7.0,-5.0,4.0,-2.0,6.0,2.0,0.0,2.0,0.0,1.0,-1.0,30.8,38.5,23.1,69.2,8.0,7.0,11.0,7.0,1435.5,1466.5
2017-03-11,2016,Everton,West Brom,3,0,H,O,1.67,3.8,6.0,5,2,4,6,14,3.0,0.0,0.0,1.0,12.0,3.0,9.0,3.0,7.0,-4.0,9.0,-4.0,13.0,3.0,0.0,3.0,0.0,1.0,-1.0,61.5,7.7,23.1,38.5,22.0,8.0,17.0,7.0,1530.4,1503.4
2017-03-11,2016,Bournemouth,West Ham,3,2,H,O,2.6,3.5,2.8,9,7,5,6,14,0.0,2.0,2.0,0.0,2.0,7.0,-5.0,6.0,3.0,3.0,-4.0,4.0,-8.0,0.0,2.0,-2.0,2.0,0.0,2.0,38.5,38.5,30.8,46.2,8.0,11.0,14.0,13.0,1431.7,1514.9
2017-03-08,2016,Man City,Stoke,0,0,D,U,1.25,6.5,15.0,1,2,8,1,13,2.0,1.0,0.0,2.0,6.0,3.0,3.0,4.0,6.0,-2.0,2.0,-3.0,5.0,0.0,1.0,-1.0,0.0,1.0,-1.0,58.3,8.3,23.1,53.8,15.0,11.0,23.0,13.0,1612.8,1500.8
2017-03-06,2016,West Ham,Chelsea,1,2,A,O,6.0,4.1,1.62,2,4,6,4,14,1.0,1.0,1.0,0.0,5.0,5.0,0.0,6.0,2.0,4.0,-1.0,3.0,-4.0,1.0,1.0,0.0,1.0,0.0,1.0,38.5,38.5,61.5,15.4,8.0,7.0,11.0,9.0,1521.6,1642.3
2017-03-05,2016,Tottenham,Everton,3,2,H,O,1.67,4.2,5.25,7,4,7,2,14,3.0,1.0,0.0,0.0,9.0,2.0,7.0,0.0,1.0,-1.0,9.0,1.0,8.0,2.0,0.0,2.0,0.0,0.0,0.0,84.6,0.0,30.8,38.5,25.0,16.0,27.0,14.0,1628.8,1537.9
2017-03-05,2016,Sunderland,Man City,0,2,A,U,11.0,6.5,1.29,3,7,6,4,14,0.0,2.0,2.0,1.0,1.0,6.0,-5.0,7.0,4.0,3.0,-6.0,2.0,-8.0,0.0,2.0,-2.0,2.0,1.0,1.0,23.1,53.8,69.2,30.8,5.0,14.0,13.0,17.0,1413.2,1607.8
2017-03-04,2016,West Brom,Crystal Palace,0,2,A,U,2.2,3.3,3.8,1,4,5,5,14,3.0,1.0,0.0,2.0,5.0,2.0,3.0,1.0,4.0,-3.0,4.0,-2.0,6.0,1.0,1.0,0.0,0.0,1.0,-1.0,61.5,23.1,23.1,53.8,13.0,6.0,14.0,10.0,1516.7,1399.1
2017-03-04,2016,Watford,Southampton,3,4,A,O,3.6,3.4,2.2,4,11,6,5,14,1.0,1.0,0.0,2.0,3.0,5.0,-2.0,2.0,3.0,-1.0,1.0,2.0,-1.0,0.0,1.0,-1.0,0.0,0.0,0.0,38.5,30.8,23.1,53.8,13.0,15.0,10.0,13.0,1464.0,1506.5
2017-03-04,2016,Swansea,Burnley,3,2,H,O,2.0,3.5,4.2,10,4,9,2,14,2.0,0.0,1.0,2.0,4.0,3.0,1.0,5.0,5.0,0.0,-1.0,-2.0,1.0,1.0,0.0,1.0,1.0,0.0,1.0,30.8,53.8,0.0,83.3,12.0,17.0,15.0,13.0,1455.6,1487.1
2017-03-04,2016,Stoke,Middlesbrough,2,0,H,U,1.95,3.4,4.5,8,2,6,1,14,1.0,0.0,0.0,2.0,3.0,0.0,3.0,2.0,2.0,0.0,1.0,-2.0,3.0,0.0,0.0,0.0,0.0,0.0,0.0,38.5,23.1,7.7,46.2,12.0,5.0,11.0,5.0,1492.2,1444.8
2017-03-04,2016,Man United,Bournemouth,1,1,D,U,1.25,6.5,15.0,7,1,15,2,14,1.0,0.0,0.0,3.0,3.0,5.0,-2.0,1.0,11.0,-10.0,2.0,-6.0,8.0,1.0,0.0,1.0,0.0,2.0,-2.0,46.2,7.7,15.4,69.2,20.0,18.0,17.0,19.0,1610.5,1426.8
2017-03-04,2016,Liverpool,Arsenal,3,1,H,O,2.15,3.6,3.6,7,3,9,3,13,1.0,1.0,1.0,1.0,5.0,8.0,-3.0,4.0,6.0,-2.0,1.0,2.0,-1.0,1.0,1.0,0.0,0.0,1.0,-1.0,66.7,8.3,50.0,25.0,17.0,15.0,19.0,22.0,1581.1,1605.6
2017-03-04,2016,Leicester,Hull,3,1,H,O,1.85,3.6,4.75,5,4,10,4,14,1.0,0.0,2.0,2.0,3.0,0.0,3.0,7.0,4.0,3.0,-4.0,-4.0,0.0,1.0,0.0,1.0,2.0,2.0,0.0,46.2,30.8,7.7,76.9,10.0,10.0,18.0,16.0,1507.2,1443.7
2017-02-27,2016,Leicester,Liverpool,3,1,H,O,5.5,4.2,1.65,7,7,5,12,13,1.0,0.0,2.0,1.0,1.0,3.0,-2.0,6.0,5.0,1.0,-5.0,-2.0,-3.0,0.0,0.0,0.0,2.0,1.0,1.0,41.7,33.3,46.2,23.1,7.0,24.0,20.0,27.0,1494.4,1593.9
2017-02-26,2016,Tottenham,Stoke,4,0,H,O,1.44,5.0,7.5,9,3,8,5,13,3.0,1.0,0.0,2.0,7.0,5.0,2.0,0.0,6.0,-6.0,7.0,-1.0,8.0,2.0,1.0,1.0,0.0,1.0,-1.0,83.3,0.0,25.0,50.0,18.0,10.0,20.0,11.0,1622.2,1498.7
2017-02-25,2016,West Brom,Bournemouth,2,1,H,O,2.1,3.4,4.0,4,4,8,6,13,3.0,1.0,0.0,2.0,6.0,7.0,-1.0,1.0,9.0,-8.0,5.0,-2.0,7.0,2.0,1.0,1.0,0.0,2.0,-2.0,58.3,25.0,16.7,66.7,14.0,20.0,13.0,16.0,1508.8,1434.7
2017-02-25,2016,Watford,West Ham,1,1,D,U,2.63,3.3,2.9,1,2,4,6,13,1.0,2.0,1.0,1.0,3.0,6.0,-3.0,5.0,3.0,2.0,-2.0,3.0,-5.0,0.0,2.0,-2.0,1.0,0.0,1.0,41.7,33.3,33.3,50.0,14.0,14.0,6.0,14.0,1462.3,1523.3
2017-02-25,2016,Hull,Burnley,1,1,D,U,2.15,3.3,3.9,1,3,6,3,13,2.0,0.0,0.0,3.0,7.0,3.0,4.0,3.0,6.0,-3.0,4.0,-3.0,7.0,2.0,0.0,2.0,0.0,0.0,0.0,33.3,41.7,0.0,90.9,11.0,17.0,10.0,18.0,1442.3,1488.4
2017-02-25,2016,Everton,Sunderland,2,0,H,U,1.4,5.25,8.5,8,1,10,6,13,3.0,1.0,0.0,2.0,13.0,5.0,8.0,3.0,6.0,-3.0,10.0,-1.0,11.0,3.0,1.0,2.0,0.0,2.0,-2.0,58.3,8.3,16.7,75.0,20.0,13.0,17.0,7.0,1531.0,1420.1
2017-02-25,2016,Crystal Palace,Middlesbrough,1,0,H,U,2.1,3.2,4.2,3,4,4,2,13,0.0,0.0,3.0,2.0,1.0,1.0,0.0,7.0,3.0,4.0,-6.0,-2.0,-4.0,0.0,0.0,0.0,1.0,0.0,1.0,16.7,75.0,8.3,41.7,14.0,3.0,18.0,5.0,1387.1,1456.8
2017-02-25,2016,Chelsea,Swansea,3,1,H,O,1.25,6.5,15.0,5,2,8,1,13,3.0,2.0,0.0,1.0,9.0,6.0,3.0,3.0,5.0,-2.0,6.0,1.0,5.0,3.0,0.0,3.0,0.0,0.0,0.0,91.7,8.3,25.0,66.7,18.0,9.0,27.0,11.0,1637.0,1460.9
2017-02-13,2016,Bournemouth,Man City,0,2,A,U,7.5,5.0,1.44,1,5,3,7,13,0.0,1.0,1.0,2.0,5.0,4.0,1.0,7.0,5.0,2.0,-2.0,-1.0,-1.0,0.0,1.0,-1.0,1.0,1.0,0.0,41.7,33.3,66.7,33.3,13.0,11.0,15.0,16.0,1440.4,1602.2
2017-02-12,2016,Swansea,Leicester,2,0,H,U,2.4,3.3,3.25,4,1,7,3,13,1.0,0.0,2.0,2.0,2.0,0.0,2.0,8.0,4.0,4.0,-6.0,-4.0,-2.0,0.0,0.0,0.0,2.0,1.0,1.0,25.0,58.3,0.0,75.0,13.0,11.0,12.0,6.0,1449.3,1506.1
2017-02-12,2016,Burnley,Chelsea,1,1,D,U,9.0,5.0,1.4,4,2,1,1,14,3.0,1.0,0.0,1.0,6.0,4.0,2.0,1.0,3.0,-2.0,5.0,1.0,4.0,1.0,1.0,0.0,0.0,1.0,-1.0,69.2,23.1,66.7,16.7,12.0,7.0,18.0,14.0,1484.2,1641.2
2017-02-11,2016,West Ham,West Brom,2,2,D,O,2.25,3.3,3.6,4,3,7,5,13,1.0,1.0,2.0,1.0,3.0,3.0,0.0,6.0,6.0,0.0,-3.0,-3.0,0.0,1.0,0.0,1.0,2.0,1.0,1.0,41.7,41.7,25.0,41.7,6.0,8.0,6.0,5.0,1523.8,1508.3
2017-02-11,2016,Sunderland,Southampton,0,4,A,O,3.9,3.4,2.1,1,8,6,2,13,0.0,0.0,1.0,3.0,3.0,1.0,2.0,5.0,6.0,-1.0,-2.0,-5.0,3.0,0.0,0.0,0.0,1.0,1.0,0.0,25.0,50.0,16.7,58.3,9.0,10.0,9.0,19.0,1428.1,1498.5
2017-02-11,2016,Stoke,Crystal Palace,1,0,H,U,2.15,3.3,3.9,4,1,5,5,13,1.0,1.0,0.0,2.0,4.0,2.0,2.0,2.0,5.0,-3.0,2.0,-3.0,5.0,1.0,1.0,0.0,0.0,2.0,-2.0,33.3,25.0,25.0,50.0,13.0,9.0,13.0,9.0,1491.5,1394.4
2017-02-11,2016,Middlesbrough,Everton,0,0,D,U,3.9,3.3,2.15,3,3,5,2,13,0.0,1.0,1.0,0.0,2.0,4.0,-2.0,4.0,3.0,1.0,-2.0,1.0,-3.0,0.0,0.0,0.0,1.0,0.0,1.0,25.0,50.0,33.3,41.7,6.0,20.0,13.0,17.0,1454.6,1533.2
2017-02-11,2016,Man United,Watford,2,0,H,U,1.25,6.5,14.0,11,3,5,1,13,1.0,1.0,0.0,1.0,3.0,4.0,-1.0,2.0,5.0,-3.0,1.0,-1.0,2.0,0.0,0.0,0.0,0.0,1.0,-1.0,41.7,8.3,25.0,50.0,21.0,11.0,24.0,15.0,1604.2,1468.6
2017-02-11,2016,Liverpool,Tottenham,2,0,H,U,2.3,3.4,3.4,9,2,10,3,12,1.0,1.0,1.0,0.0,4.0,6.0,-2.0,4.0,3.0,1.0,0.0,3.0,-3.0,0.0,1.0,-1.0,0.0,0.0,0.0,63.6,9.1,33.3,16.7,9.0,11.0,13.0,19.0,1582.4,1633.6
2017-02-11,2016,Arsenal,Hull,2,0,H,U,1.29,6.0,13.0,7,4,3,8,13,2.0,0.0,1.0,2.0,5.0,1.0,4.0,3.0,5.0,-2.0,2.0,-4.0,6.0,1.0,0.0,1.0,0.0,2.0,-2.0,66.7,16.7,8.3,75.0,20.0,12.0,27.0,17.0,1599.7,1448.2
2017-02-05,2016,Man City,Swansea,2,1,H,O,1.22,7.0,15.0,5,2,10,3,12,2.0,2.0,0.0,1.0,6.0,5.0,1.0,4.0,6.0,-2.0,2.0,-1.0,3.0,0.0,0.0,0.0,0.0,1.0,-1.0,54.5,9.1,27.3,63.6,15.0,9.0,21.0,16.0,1596.0,1455.4
2017-02-05,2016,Leicester,Man United,0,3,A,O,5.75,4.0,1.65,1,9,10,3,12,1.0,2.0,2.0,0.0,1.0,5.0,-4.0,5.0,1.0,4.0,-4.0,4.0,-8.0,0.0,2.0,-2.0,2.0,0.0,2.0,45.5,27.3,54.5,18.2,8.0,19.0,13.0,11.0,1513.7,1596.6
2017-02-04,2016,West Brom,Stoke,1,0,H,U,2.3,3.25,3.5,4,2,5,6,12,2.0,1.0,1.0,2.0,5.0,6.0,-1.0,3.0,9.0,-6.0,2.0,-3.0,5.0,2.0,1.0,1.0,1.0,2.0,-1.0,54.5,27.3,27.3,45.5,11.0,10.0,10.0,7.0,1498.2,1501.6
2017-02-04,2016,Watford,Burnley,2,1,H,O,2.15,3.3,3.9,7,7,3,6,12,0.0,0.0,1.0,3.0,2.0,3.0,-1.0,5.0,6.0,-1.0,-3.0,-3.0,0.0,0.0,0.0,0.0,1.0,0.0,1.0,36.4,36.4,0.0,90.0,10.0,12.0,10.0,14.0,1457.5,1495.3
2017-02-04,2016,Tottenham,Middlesbrough,1,0,H,U,1.29,6.0,13.0,5,0,11,2,12,3.0,0.0,0.0,2.0,8.0,1.0,7.0,1.0,3.0,-2.0,7.0,-2.0,9.0,2.0,0.0,2.0,0.0,0.0,0.0,81.8,0.0,9.1,36.4,22.0,5.0,20.0,6.0,1628.1,1460.1
2017-02-04,2016,Southampton,West Ham,1,3,A,O,1.85,3.75,4.5,7,4,3,2,12,1.0,2.0,2.0,1.0,5.0,7.0,-2.0,6.0,3.0,3.0,-1.0,4.0,-5.0,1.0,2.0,-1.0,1.0,0.0,1.0,45.5,27.3,27.3,54.5,10.0,17.0,17.0,16.0,1508.3,1513.9
2017-02-04,2016,Hull,Liverpool,2,0,H,U,8.0,4.75,1.45,4,5,1,15,12,1.0,1.0,1.0,0.0,5.0,4.0,1.0,6.0,3.0,3.0,-1.0,1.0,-2.0,1.0,0.0,1.0,1.0,0.0,1.0,27.3,45.5,50.0,16.7,10.0,23.0,13.0,18.0,1433.9,1596.8
2017-02-04,2016,Everton,Bournemouth,6,3,H,O,1.7,4.0,5.25,10,8,4,8,12,2.0,1.0,1.0,2.0,7.0,4.0,3.0,1.0,6.0,-5.0,6.0,-2.0,8.0,2.0,1.0,1.0,0.0,2.0,-2.0,54.5,9.1,18.2,63.6,11.0,15.0,14.0,13.0,1525.4,1448.2
2017-02-04,2016,Crystal Palace,Sunderland,0,4,A,O,1.7,3.9,5.5,9,7,6,1,12,0.0,0.0,3.0,3.0,1.0,2.0,-1.0,4.0,9.0,-5.0,-3.0,-7.0,4.0,0.0,0.0,0.0,0.0,3.0,-3.0,18.2,72.7,9.1,81.8,7.0,10.0,17.0,11.0,1404.0,1418.5
2017-02-04,2016,Chelsea,Arsenal,3,1,H,O,1.95,3.6,4.2,6,5,10,13,12,3.0,1.0,0.0,1.0,9.0,8.0,1.0,2.0,5.0,-3.0,7.0,3.0,4.0,3.0,1.0,2.0,0.0,0.0,0.0,90.9,9.1,54.5,18.2,16.0,11.0,22.0,10.0,1631.8,1609.0
2017-02-01,2016,West Ham,Man City,0,4,A,O,6.0,4.5,1.57,1,4,2,4,12,2.0,1.0,1.0,2.0,4.0,3.0,1.0,2.0,5.0,-3.0,2.0,-2.0,4.0,1.0,1.0,0.0,1.0,1.0,0.0,45.5,36.4,63.6,36.4,11.0,13.0,14.0,19.0,1522.0,1587.9
2017-02-01,2016,Stoke,Everton,1,1,D,U,2.88,3.4,2.63,7,5,5,5,12,1.0,2.0,0.0,0.0,5.0,5.0,0.0,3.0,2.0,1.0,2.0,3.0,-1.0,1.0,1.0,0.0,0.0,0.0,0.0,36.4,27.3,36.4,45.5,13.0,18.0,17.0,16.0,1500.8,1526.1
2017-02-01,2016,Man United,Hull,0,0,D,U,1.2,7.5,17.0,6,2,7,1,12,2.0,0.0,0.0,3.0,6.0,1.0,5.0,3.0,6.0,-3.0,3.0,-5.0,8.0,1.0,0.0,1.0,0.0,2.0,-2.0,45.5,9.1,9.1,81.8,24.0,15.0,22.0,22.0,1601.2,1429.3
2017-01-31,2016,Swansea,Southampton,2,1,H,O,3.4,3.4,2.3,5,2,5,4,12,0.0,1.0,3.0,2.0,1.0,3.0,-2.0,11.0,5.0,6.0,-10.0,-2.0,-8.0,0.0,1.0,-1.0,3.0,1.0,2.0,18.2,63.6,18.2,54.5,15.0,16.0,15.0,19.0,1443.2,1520.5
2017-01-31,2016,Sunderland,Tottenham,0,0,D,U,9.5,5.25,1.36,1,3,2,12,12,1.0,2.0,1.0,0.0,4.0,10.0,-6.0,5.0,4.0,1.0,-1.0,6.0,-7.0,0.0,2.0,-2.0,1.0,0.0,1.0,27.3,54.5,36.4,18.2,12.0,13.0,11.0,17.0,1412.9,1633.8
2017-01-31,2016,Middlesbrough,West Brom,1,1,D,U,2.7,3.1,3.0,3,5,4,2,12,1.0,1.0,1.0,2.0,4.0,2.0,2.0,3.0,6.0,-3.0,1.0,-4.0,5.0,1.0,0.0,1.0,1.0,1.0,0.0,27.3,54.5,27.3,45.5,7.0,4.0,12.0,8.0,1458.9,1499.4
2017-01-31,2016,Liverpool,Chelsea,1,1,D,U,2.65,3.25,2.9,3,2,3,3,11,2.0,2.0,1.0,1.0,7.0,4.0,3.0,4.0,2.0,2.0,3.0,2.0,1.0,1.0,1.0,0.0,0.0,1.0,-1.0,70.0,10.0,72.7,18.2,12.0,11.0,18.0,14.0,1595.7,1632.9
2017-01-31,2016,Burnley,Leicester,1,0,H,U,2.9,3.25,2.7,3,5,10,2,13,3.0,0.0,0.0,1.0,6.0,2.0,4.0,1.0,5.0,-4.0,5.0,-3.0,8.0,1.0,0.0,1.0,0.0,1.0,-1.0,66.7,25.0,0.0,72.7,13.0,14.0,15.0,13.0,1484.1,1524.9
2017-01-31,2016,Bournemouth,Crystal Palace,0,2,A,U,2.05,3.5,3.9,2,4,2,3,12,0.0,0.0,1.0,2.0,6.0,1.0,5.0,8.0,6.0,2.0,-2.0,-5.0,3.0,0.0,0.0,0.0,1.0,2.0,-1.0,45.5,27.3,18.2,54.5,16.0,9.0,20.0,9.0,1460.1,1392.1
2017-01-31,2016,Arsenal,Watford,1,2,A,O,1.22,7.0,15.0,5,6,9,5,12,3.0,0.0,0.0,2.0,5.0,2.0,3.0,1.0,5.0,-4.0,4.0,-3.0,7.0,1.0,0.0,1.0,0.0,1.0,-1.0,72.7,9.1,18.2,54.5,26.0,9.0,24.0,21.0,1623.8,1442.7
2017-01-22,2016,Southampton,Leicester,3,0,H,O,1.83,3.5,5.25,7,2,7,2,11,1.0,0.0,2.0,1.0,3.0,2.0,1.0,6.0,3.0,3.0,-3.0,-1.0,-2.0,0.0,0.0,0.0,1.0,0.0,1.0,40.0,30.0,0.0,70.0,6.0,16.0,14.0,22.0,1509.7,1535.6
2017-01-22,2016,Chelsea,Hull,2,0,H,U,1.18,8.0,19.0,5,4,9,7,11,3.0,0.0,0.0,3.0,8.0,1.0,7.0,2.0,7.0,-5.0,6.0,-6.0,12.0,2.0,0.0,2.0,0.0,2.0,-2.0,90.0,10.0,10.0,80.0,13.0,16.0,16.0,20.0,1628.0,1434.2
2017-01-22,2016,Arsenal,Burnley,2,1,H,O,1.2,7.5,17.0,8,7,10,4,11,3.0,0.0,0.0,3.0,6.0,2.0,4.0,1.0,5.0,-4.0,5.0,-3.0,8.0,2.0,0.0,2.0,0.0,0.0,0.0,70.0,10.0,0.0,88.9,24.0,7.0,21.0,11.0,1617.3,1490.6
2017-01-21,2016,West Brom,Sunderland,2,0,H,U,1.7,3.8,5.75,5,3,1,4,11,2.0,0.0,1.0,3.0,6.0,2.0,4.0,4.0,10.0,-6.0,2.0,-8.0,10.0,2.0,0.0,2.0,1.0,3.0,-2.0,50.0,30.0,10.0,80.0,10.0,9.0,9.0,11.0,1491.4,1420.9
2017-01-21,2016,Stoke,Man United,1,1,D,U,6.0,4.2,1.6,1,8,1,7,11,1.0,3.0,0.0,0.0,4.0,6.0,-2.0,2.0,1.0,1.0,2.0,5.0,-3.0,1.0,2.0,-1.0,0.0,0.0,0.0,40.0,30.0,60.0,20.0,15.0,17.0,19.0,12.0,1497.9,1604.1
2017-01-21,2016,Middlesbrough,West Ham,1,3,A,O,2.5,3.2,3.25,2,5,7,5,11,1.0,1.0,1.0,1.0,3.0,6.0,-3.0,3.0,4.0,-1.0,0.0,2.0,-2.0,1.0,1.0,0.0,1.0,0.0,1.0,30.0,50.0,20.0,60.0,8.0,15.0,10.0,15.0,1467.6,1513.4
2017-01-21,2016,Man City,Tottenham,2,2,D,O,2.15,3.5,3.6,7,2,5,4,11,3.0,2.0,0.0,1.0,6.0,8.0,-2.0,2.0,3.0,-1.0,4.0,5.0,-1.0,1.0,2.0,-1.0,0.0,0.0,0.0,60.0,10.0,40.0,20.0,15.0,15.0,21.0,21.0,1586.5,1635.1
2017-01-21,2016,Liverpool,Swansea,2,3,A,O,1.22,7.0,15.0,5,3,6,3,10,2.0,1.0,0.0,2.0,7.0,3.0,4.0,3.0,7.0,-4.0,4.0,-4.0,8.0,1.0,0.0,1.0,0.0,2.0,-2.0,77.8,0.0,20.0,70.0,10.0,10.0,23.0,24.0,1610.5,1428.4
2017-01-21,2016,Crystal Palace,Everton,0,1,A,U,3.25,3.4,2.38,2,8,8,7,11,0.0,1.0,3.0,1.0,2.0,6.0,-4.0,5.0,5.0,0.0,-3.0,1.0,-4.0,0.0,1.0,-1.0,0.0,0.0,0.0,20.0,70.0,30.0,50.0,8.0,14.0,10.0,13.0,1398.7,1519.5
2017-01-21,2016,Bournemouth,Watford,2,2,D,O,1.83,3.75,4.75,5,3,9,4,11,1.0,0.0,1.0,3.0,5.0,0.0,5.0,6.0,5.0,1.0,-1.0,-5.0,4.0,0.0,0.0,0.0,1.0,2.0,-1.0,50.0,30.0,20.0,60.0,14.0,8.0,15.0,19.0,1460.7,1442.2
2017-01-15,2016,Man United,Liverpool,1,1,D,U,2.15,3.4,3.75,3,4,5,7,11,3.0,2.0,0.0,0.0,6.0,6.0,0.0,2.0,2.0,0.0,4.0,4.0,0.0,1.0,1.0,0.0,0.0,0.0,0.0,50.0,10.0,54.5,18.2,26.0,23.0,20.0,13.0,1603.9,1610.7
2017-01-15,2016,Everton,Man City,4,0,H,O,4.5,4.0,1.8,4,5,3,6,11,2.0,1.0,1.0,2.0,5.0,5.0,0.0,2.0,5.0,-3.0,3.0,0.0,3.0,1.0,1.0,0.0,0.0,1.0,-1.0,50.0,10.0,70.0,30.0,11.0,12.0,19.0,24.0,1506.9,1599.1
2017-01-14,2016,West Ham,Crystal Palace,3,0,H,O,2.38,3.4,3.2,3,1,2,2,11,2.0,0.0,1.0,1.0,2.0,4.0,-2.0,2.0,6.0,-4.0,0.0,-2.0,2.0,0.0,0.0,0.0,1.0,1.0,0.0,40.0,40.0,20.0,50.0,15.0,14.0,18.0,14.0,1506.2,1405.9
2017-01-14,2016,Watford,Middlesbrough,0,0,D,U,2.5,3.2,3.2,5,1,3,1,11,1.0,0.0,1.0,3.0,5.0,1.0,4.0,7.0,4.0,3.0,-2.0,-3.0,1.0,0.0,0.0,0.0,1.0,0.0,1.0,40.0,40.0,10.0,40.0,11.0,6.0,9.0,7.0,1441.4,1468.4
2017-01-14,2016,Tottenham,West Brom,4,0,H,O,1.33,5.5,11.0,11,0,8,0,11,3.0,1.0,0.0,2.0,7.0,2.0,5.0,1.0,3.0,-2.0,6.0,-1.0,7.0,2.0,0.0,2.0,0.0,0.0,0.0,80.0,0.0,30.0,40.0,20.0,5.0,17.0,9.0,1628.7,1497.8
2017-01-14,2016,Swansea,Arsenal,0,4,A,O,7.0,4.75,1.5,3,6,3,2,11,1.0,0.0,2.0,2.0,4.0,5.0,-1.0,7.0,7.0,0.0,-3.0,-2.0,-1.0,1.0,0.0,1.0,2.0,0.0,2.0,20.0,60.0,50.0,20.0,17.0,8.0,19.0,11.0,1433.7,1612.1
2017-01-14,2016,Sunderland,Stoke,1,3,A,O,3.1,3.3,2.5,3,6,5,2,11,1.0,0.0,1.0,3.0,3.0,4.0,-1.0,3.0,11.0,-8.0,0.0,-7.0,7.0,0.0,0.0,0.0,0.0,3.0,-3.0,30.0,50.0,20.0,50.0,12.0,9.0,11.0,12.0,1429.2,1489.6
2017-01-14,2016,Leicester,Chelsea,0,3,A,O,6.0,4.1,1.62,2,3,3,5,11,2.0,2.0,1.0,1.0,5.0,2.0,3.0,4.0,2.0,2.0,1.0,0.0,1.0,1.0,0.0,1.0,1.0,1.0,0.0,50.0,20.0,70.0,20.0,12.0,14.0,13.0,14.0,1543.5,1620.1
2017-01-14,2016,Hull,Bournemouth,3,1,H,O,3.3,3.5,2.3,3,6,4,5,11,0.0,1.0,1.0,2.0,5.0,5.0,0.0,8.0,6.0,2.0,-3.0,-1.0,-2.0,0.0,1.0,-1.0,1.0,1.0,0.0,20.0,50.0,20.0,60.0,13.0,13.0,13.0,19.0,1422.8,1472.1
2017-01-14,2016,Burnley,Southampton,1,0,H,U,3.6,3.4,2.2,3,5,2,7,12,3.0,1.0,0.0,1.0,8.0,3.0,5.0,3.0,4.0,-1.0,5.0,-1.0,6.0,1.0,1.0,0.0,0.0,1.0,-1.0,63.6,27.3,20.0,50.0,17.0,15.0,17.0,23.0,1479.4,1520.9
2017-01-04,2016,Tottenham,Chelsea,2,0,H,U,2.63,3.25,2.63,2,2,1,6,10,3.0,3.0,0.0,0.0,10.0,5.0,5.0,1.0,1.0,0.0,9.0,4.0,5.0,2.0,1.0,1.0,0.0,0.0,0.0,77.8,0.0,77.8,11.1,33.0,16.0,21.0,10.0,1618.4,1630.5
2017-01-03,2016,Stoke,Watford,2,0,H,U,1.8,3.5,4.5,5,2,7,6,10,1.0,0.0,0.0,3.0,4.0,1.0,3.0,2.0,6.0,-4.0,2.0,-5.0,7.0,1.0,0.0,1.0,0.0,2.0,-2.0,33.3,33.3,22.2,55.6,14.0,11.0,16.0,17.0,1480.4,1450.5
2017-01-03,2016,Crystal Palace,Swansea,1,2,A,O,1.75,3.5,4.75,3,4,4,5,10,1.0,0.0,2.0,3.0,4.0,1.0,3.0,3.0,11.0,-8.0,1.0,-10.0,11.0,1.0,0.0,1.0,0.0,3.0,-3.0,22.2,66.7,11.1,77.8,9.0,6.0,10.0,19.0,1415.7,1423.9
2017-01-03,2016,Bournemouth,Arsenal,3,3,D,O,4.33,3.4,1.85,6,4,4,7,10,2.0,1.0,1.0,2.0,6.0,7.0,-1.0,6.0,5.0,1.0,0.0,2.0,-2.0,0.0,1.0,-1.0,1.0,0.0,1.0,55.6,33.3,55.6,22.2,16.0,14.0,15.0,6.0,1468.0,1616.1
2017-01-02,2016,West Ham,Man United,0,2,A,U,6.0,4.0,1.65,2,6,2,1,10,2.0,2.0,1.0,0.0,3.0,5.0,-2.0,5.0,2.0,3.0,-2.0,3.0,-5.0,0.0,1.0,-1.0,1.0,0.0,1.0,44.4,33.3,55.6,22.2,16.0,13.0,19.0,14.0,1513.8,1596.3
2017-01-02,2016,West Brom,Hull,3,1,H,O,1.75,3.7,5.5,5,6,7,9,10,2.0,0.0,1.0,3.0,6.0,0.0,6.0,4.0,5.0,-1.0,2.0,-5.0,7.0,2.0,0.0,2.0,1.0,1.0,0.0,44.4,33.3,11.1,77.8,8.0,12.0,5.0,18.0,1489.4,1431.2
2017-01-02,2016,Sunderland,Liverpool,2,2,D,O,11.0,5.5,1.33,5,15,2,5,10,2.0,2.0,1.0,1.0,3.0,7.0,-4.0,2.0,4.0,-2.0,1.0,3.0,-2.0,0.0,1.0,-1.0,0.0,0.0,0.0,33.3,55.6,60.0,20.0,13.0,11.0,12.0,17.0,1424.1,1615.7
2017-01-02,2016,Middlesbrough,Leicester,0,0,D,U,2.75,3.2,2.88,1,4,2,2,10,2.0,0.0,1.0,2.0,4.0,3.0,1.0,3.0,5.0,-2.0,1.0,-2.0,3.0,1.0,0.0,1.0,1.0,0.0,1.0,33.3,55.6,0.0,77.8,11.0,17.0,21.0,24.0,1466.1,1545.7
2017-01-02,2016,Man City,Burnley,2,1,H,O,1.17,8.5,19.0,3,3,8,8,10,2.0,0.0,1.0,3.0,5.0,1.0,4.0,4.0,5.0,-1.0,1.0,-4.0,5.0,1.0,0.0,1.0,1.0,1.0,0.0,55.6,11.1,0.0,87.5,17.0,8.0,22.0,12.0,1592.1,1486.5
2017-01-02,2016,Everton,Southampton,3,0,H,O,2.2,3.4,3.6,6,3,10,8,10,1.0,1.0,1.0,1.0,3.0,3.0,0.0,3.0,4.0,-1.0,0.0,-1.0,1.0,0.0,1.0,-1.0,0.0,1.0,-1.0,44.4,11.1,22.2,44.4,11.0,15.0,15.0,24.0,1495.8,1532.0
2017-01-01,2016,Watford,Tottenham,1,4,A,O,5.5,3.75,1.62,2,6,0,3,10,1.0,1.0,1.0,2.0,4.0,5.0,-1.0,4.0,4.0,0.0,0.0,1.0,-1.0,0.0,1.0,-1.0,0.0,0.0,0.0,44.4,33.3,33.3,22.2,11.0,15.0,12.0,26.0,1456.3,1612.6
2017-01-01,2016,Arsenal,Crystal Palace,2,0,H,U,1.29,5.5,9.5,7,4,8,4,10,3.0,0.0,0.0,1.0,7.0,8.0,-1.0,2.0,9.0,-7.0,5.0,-1.0,6.0,2.0,0.0,2.0,0.0,0.0,0.0,66.7,11.1,22.2,44.4,20.0,14.0,16.0,16.0,1611.1,1420.7
2016-12-31,2016,Swansea,Bournemouth,0,3,A,O,2.9,3.4,2.6,5,6,4,3,10,2.0,0.0,1.0,3.0,9.0,3.0,6.0,8.0,9.0,-1.0,1.0,-6.0,7.0,1.0,0.0,1.0,1.0,2.0,-1.0,22.2,55.6,11.1,66.7,21.0,10.0,25.0,26.0,1433.2,1458.8
2016-12-31,2016,Southampton,West Brom,1,2,A,O,1.75,3.7,5.5,1,3,8,3,10,2.0,0.0,1.0,2.0,3.0,1.0,2.0,4.0,3.0,1.0,-1.0,-2.0,1.0,0.0,0.0,0.0,1.0,0.0,1.0,44.4,22.2,22.2,44.4,12.0,4.0,11.0,12.0,1543.9,1477.6
2016-12-31,2016,Man United,Middlesbrough,2,1,H,O,1.25,6.0,16.0,12,2,12,2,10,2.0,0.0,0.0,2.0,5.0,2.0,3.0,2.0,4.0,-2.0,3.0,-2.0,5.0,1.0,0.0,1.0,0.0,0.0,0.0,44.4,11.1,11.1,33.3,22.0,6.0,16.0,8.0,1589.5,1472.9
2016-12-31,2016,Liverpool,Man City,1,0,H,U,2.35,3.6,3.1,1,2,4,6,9,2.0,2.0,0.0,1.0,8.0,7.0,1.0,3.0,5.0,-2.0,5.0,2.0,3.0,2.0,1.0,1.0,0.0,1.0,-1.0,75.0,0.0,77.8,22.2,16.0,15.0,28.0,26.0,1605.9,1601.9
2016-12-31,2016,Leicester,West Ham,1,0,H,U,2.1,3.6,3.7,4,5,7,7,10,1.0,1.0,1.0,0.0,6.0,7.0,-1.0,6.0,4.0,2.0,0.0,3.0,-3.0,1.0,1.0,0.0,1.0,0.0,1.0,44.4,22.2,22.2,55.6,11.0,12.0,8.0,12.0,1536.1,1523.5
2016-12-31,2016,Chelsea,Stoke,4,2,H,O,1.25,6.5,14.0,7,2,8,3,10,3.0,1.0,0.0,2.0,6.0,3.0,3.0,1.0,7.0,-6.0,5.0,-4.0,9.0,1.0,0.0,1.0,0.0,2.0,-2.0,88.9,11.1,22.2,44.4,11.0,8.0,11.0,12.0,1624.3,1486.7
2016-12-31,2016,Burnley,Sunderland,4,1,H,O,2.4,3.25,3.3,6,3,6,2,11,2.0,0.0,1.0,3.0,5.0,1.0,4.0,4.0,8.0,-4.0,1.0,-7.0,8.0,0.0,0.0,0.0,0.0,3.0,-3.0,60.0,30.0,11.1,77.8,16.0,7.0,16.0,13.0,1477.7,1432.9
2016-12-30,2016,Hull,Everton,2,2,D,O,4.33,3.5,1.95,4,7,5,5,10,0.0,1.0,1.0,2.0,4.0,4.0,0.0,7.0,4.0,3.0,-3.0,0.0,-3.0,0.0,1.0,-1.0,1.0,0.0,1.0,22.2,55.6,33.3,55.6,13.0,8.0,10.0,10.0,1429.2,1497.8
2016-12-28,2016,Southampton,Tottenham,1,4,A,O,2.8,3.25,2.6,2,5,2,10,9,2.0,0.0,0.0,2.0,2.0,2.0,0.0,0.0,4.0,-4.0,2.0,-2.0,4.0,0.0,0.0,0.0,0.0,0.0,0.0,50.0,12.5,25.0,25.0,10.0,13.0,10.0,18.0,1552.4,1604.1
2016-12-27,2016,Liverpool,Stoke,4,1,H,O,1.3,5.5,10.0,6,2,8,2,8,2.0,1.0,0.0,1.0,10.0,3.0,7.0,3.0,4.0,-1.0,7.0,-1.0,8.0,2.0,0.0,2.0,0.0,1.0,-1.0,71.4,0.0,25.0,37.5,27.0,10.0,26.0,14.0,1598.8,1493.8
2016-12-26,2016,Watford,Crystal Palace,1,1,D,U,2.5,3.3,2.9,3,4,7,3,9,2.0,0.0,1.0,2.0,5.0,9.0,-4.0,4.0,11.0,-7.0,1.0,-2.0,3.0,0.0,0.0,0.0,0.0,0.0,0.0,50.0,37.5,25.0,50.0,11.0,15.0,9.0,20.0,1457.4,1419.6
2016-12-26,2016,Swansea,West Ham,1,4,A,O,2.63,3.2,2.8,7,7,8,4,9,2.0,0.0,1.0,1.0,9.0,5.0,4.0,7.0,6.0,1.0,2.0,-1.0,3.0,1.0,0.0,1.0,1.0,0.0,1.0,25.0,50.0,12.5,62.5,15.0,8.0,19.0,13.0,1441.1,1515.6
2016-12-26,2016,Man United,Sunderland,3,1,H,O,1.22,6.5,13.0,9,4,5,5,9,1.0,1.0,0.0,2.0,3.0,2.0,1.0,2.0,6.0,-4.0,1.0,-4.0,5.0,0.0,0.0,0.0,0.0,2.0,-2.0,37.5,12.5,12.5,75.0,18.0,7.0,21.0,10.0,1583.4,1438.9
2016-12-26,2016,Leicester,Everton,0,2,A,U,2.5,3.3,2.9,2,3,3,4,9,1.0,0.0,1.0,3.0,7.0,2.0,5.0,6.0,9.0,-3.0,1.0,-7.0,8.0,1.0,0.0,1.0,0.0,1.0,-1.0,50.0,12.5,25.0,62.5,11.0,5.0,10.0,8.0,1547.8,1486.0
2016-12-26,2016,Hull,Man City,0,3,A,O,10.0,5.5,1.3,3,6,4,7,9,1.0,2.0,0.0,1.0,6.0,6.0,0.0,5.0,6.0,-1.0,1.0,0.0,1.0,0.0,0.0,0.0,0.0,1.0,-1.0,25.0,50.0,75.0,25.0,12.0,13.0,7.0,26.0,1434.9,1596.3
2016-12-26,2016,Chelsea,Bournemouth,3,0,H,O,1.36,5.0,8.5,4,3,5,5,9,3.0,1.0,0.0,2.0,8.0,4.0,4.0,1.0,6.0,-5.0,7.0,-2.0,9.0,1.0,0.0,1.0,0.0,1.0,-1.0,87.5,12.5,12.5,62.5,16.0,9.0,10.0,25.0,1618.4,1464.6
2016-12-26,2016,Burnley,Middlesbrough,1,0,H,U,2.9,3.1,2.6,4,2,7,3,10,2.0,0.0,1.0,1.0,7.0,3.0,4.0,6.0,4.0,2.0,1.0,-1.0,2.0,0.0,0.0,0.0,0.0,0.0,0.0,55.6,33.3,12.5,25.0,19.0,7.0,13.0,7.0,1467.3,1483.4
2016-12-26,2016,Arsenal,West Brom,1,0,H,U,1.33,5.5,8.5,11,1,6,5,9,2.0,1.0,0.0,1.0,7.0,3.0,4.0,3.0,3.0,0.0,4.0,0.0,4.0,2.0,0.0,2.0,0.0,0.0,0.0,62.5,12.5,25.0,37.5,11.0,8.0,17.0,13.0,1604.4,1484.2
2016-12-19,2016,Everton,Liverpool,0,1,A,U,4.2,3.6,1.95,1,4,1,6,9,1.0,1.0,0.0,1.0,4.0,6.0,-2.0,3.0,4.0,-1.0,1.0,2.0,-1.0,0.0,1.0,-1.0,0.0,0.0,0.0,50.0,0.0,55.6,22.2,16.0,9.0,24.0,19.0,1493.3,1591.5
2016-12-18,2016,Tottenham,Burnley,2,1,H,O,1.22,7.0,15.0,9,2,11,2,9,3.0,0.0,0.0,3.0,11.0,0.0,11.0,2.0,7.0,-5.0,9.0,-7.0,16.0,2.0,0.0,2.0,0.0,2.0,-2.0,75.0,0.0,0.0,85.7,30.0,8.0,14.0,13.0,1597.5,1473.9
2016-12-18,2016,Man City,Arsenal,2,1,H,O,2.15,3.6,3.5,5,1,8,1,9,1.0,1.0,1.0,1.0,4.0,7.0,-3.0,4.0,4.0,0.0,0.0,3.0,-3.0,1.0,1.0,0.0,1.0,0.0,1.0,50.0,12.5,62.5,12.5,19.0,14.0,22.0,9.0,1585.4,1615.2
2016-12-18,2016,Bournemouth,Southampton,1,3,A,O,3.0,3.3,2.6,5,8,7,4,9,2.0,0.0,1.0,2.0,6.0,1.0,5.0,5.0,5.0,0.0,1.0,-4.0,5.0,0.0,0.0,0.0,0.0,1.0,-1.0,62.5,25.0,12.5,50.0,18.0,14.0,20.0,30.0,1472.6,1544.4
2016-12-17,2016,West Ham,Hull,1,0,H,U,1.62,4.1,6.0,6,5,10,6,9,1.0,0.0,1.0,3.0,3.0,0.0,3.0,6.0,7.0,-1.0,-3.0,-7.0,4.0,0.0,0.0,0.0,1.0,2.0,-1.0,37.5,37.5,12.5,75.0,12.0,14.0,15.0,20.0,1507.4,1443.0
2016-12-17,2016,West Brom,Man United,0,2,A,U,5.75,3.8,1.7,1,5,2,3,9,3.0,2.0,0.0,0.0,10.0,6.0,4.0,2.0,3.0,-1.0,8.0,3.0,5.0,3.0,1.0,2.0,0.0,0.0,0.0,50.0,25.0,50.0,25.0,13.0,11.0,7.0,11.0,1491.9,1575.8
2016-12-17,2016,Sunderland,Watford,1,0,H,U,2.63,3.3,2.9,4,4,4,11,9,2.0,0.0,1.0,3.0,5.0,2.0,3.0,2.0,11.0,-9.0,3.0,-9.0,12.0,1.0,0.0,1.0,0.0,3.0,-3.0,25.0,62.5,25.0,50.0,13.0,15.0,10.0,9.0,1427.8,1468.6
2016-12-17,2016,Stoke,Leicester,2,2,D,O,2.6,3.4,2.9,7,8,9,9,9,1.0,0.0,1.0,3.0,2.0,2.0,0.0,1.0,5.0,-4.0,1.0,-3.0,4.0,1.0,0.0,1.0,0.0,0.0,0.0,37.5,37.5,0.0,87.5,13.0,11.0,10.0,21.0,1492.1,1549.5
2016-12-17,2016,Middlesbrough,Swansea,3,0,H,O,2.1,3.4,4.0,4,2,3,8,9,1.0,0.0,2.0,2.0,1.0,2.0,-1.0,4.0,9.0,-5.0,-3.0,-7.0,4.0,0.0,0.0,0.0,1.0,2.0,-1.0,25.0,62.5,12.5,75.0,8.0,7.0,20.0,14.0,1474.1,1450.4
2016-12-17,2016,Crystal Palace,Chelsea,0,1,A,U,6.5,4.2,1.57,2,6,5,3,9,1.0,3.0,2.0,0.0,5.0,5.0,0.0,4.0,1.0,3.0,1.0,4.0,-3.0,1.0,1.0,0.0,0.0,0.0,0.0,25.0,62.5,75.0,12.5,9.0,13.0,7.0,10.0,1424.7,1613.4
2016-12-14,2016,West Ham,Burnley,1,0,H,U,1.67,4.0,5.75,7,2,6,1,8,1.0,0.0,1.0,2.0,3.0,0.0,3.0,6.0,6.0,0.0,-3.0,-6.0,3.0,0.0,0.0,0.0,1.0,2.0,-1.0,28.6,42.9,0.0,83.3,8.0,7.0,15.0,13.0,1497.8,1483.5
2016-12-14,2016,West Brom,Swansea,3,1,H,O,2.05,3.5,4.0,4,4,0,11,8,2.0,0.0,1.0,2.0,7.0,2.0,5.0,5.0,9.0,-4.0,2.0,-7.0,9.0,2.0,0.0,2.0,1.0,2.0,-1.0,42.9,28.6,14.3,71.4,10.0,9.0,8.0,7.0,1482.5,1459.8
2016-12-14,2016,Tottenham,Hull,3,0,H,O,1.22,7.0,15.0,9,5,5,5,8,2.0,0.0,0.0,3.0,9.0,0.0,9.0,3.0,5.0,-2.0,6.0,-5.0,11.0,1.0,0.0,1.0,0.0,1.0,-1.0,71.4,0.0,14.3,71.4,26.0,11.0,17.0,17.0,1591.4,1449.2
2016-12-14,2016,Sunderland,Chelsea,0,1,A,U,10.0,5.75,1.33,3,6,5,5,8,2.0,3.0,1.0,0.0,6.0,6.0,0.0,5.0,1.0,4.0,1.0,5.0,-4.0,1.0,2.0,-1.0,1.0,0.0,1.0,28.6,57.1,71.4,14.3,11.0,14.0,5.0,8.0,1433.1,1608.0
2016-12-14,2016,Stoke,Southampton,0,0,D,U,3.1,3.3,2.5,3,4,3,11,8,2.0,0.0,1.0,2.0,5.0,2.0,3.0,2.0,6.0,-4.0,3.0,-4.0,7.0,2.0,0.0,2.0,0.0,1.0,-1.0,42.9,42.9,14.3,57.1,14.0,12.0,13.0,22.0,1490.5,1546.0
2016-12-14,2016,Middlesbrough,Liverpool,0,3,A,O,6.0,4.33,1.6,3,4,5,2,8,2.0,1.0,1.0,1.0,3.0,7.0,-4.0,1.0,6.0,-5.0,2.0,1.0,1.0,1.0,1.0,0.0,0.0,0.0,0.0,28.6,57.1,50.0,25.0,8.0,15.0,19.0,20.0,1481.2,1584.4
2016-12-14,2016,Man City,Watford,2,0,H,U,1.29,6.5,11.0,7,2,5,2,8,0.0,0.0,1.0,2.0,3.0,2.0,1.0,5.0,9.0,-4.0,-2.0,-7.0,5.0,0.0,0.0,0.0,1.0,2.0,-1.0,42.9,14.3,28.6,42.9,15.0,15.0,27.0,9.0,1578.3,1475.7
2016-12-14,2016,Crystal Palace,Man United,1,2,A,O,5.25,4.0,1.7,3,6,1,8,8,1.0,1.0,2.0,1.0,6.0,4.0,2.0,6.0,6.0,0.0,0.0,-2.0,2.0,1.0,1.0,0.0,1.0,1.0,0.0,28.6,57.1,42.9,28.6,12.0,10.0,9.0,10.0,1430.9,1569.6
2016-12-13,2016,Everton,Arsenal,2,1,H,O,4.2,3.75,1.91,4,3,8,3,8,1.0,2.0,0.0,0.0,4.0,10.0,-6.0,2.0,3.0,-1.0,2.0,7.0,-5.0,1.0,2.0,-1.0,0.0,0.0,0.0,42.9,0.0,71.4,0.0,18.0,18.0,24.0,14.0,1479.2,1629.3
2016-12-13,2016,Bournemouth,Leicester,1,0,H,U,2.4,3.4,3.2,3,4,4,11,8,1.0,0.0,1.0,2.0,5.0,3.0,2.0,5.0,5.0,0.0,0.0,-2.0,2.0,0.0,0.0,0.0,0.0,0.0,0.0,57.1,28.6,0.0,85.7,16.0,8.0,23.0,11.0,1459.7,1562.3
2016-12-11,2016,Southampton,Middlesbrough,1,0,H,U,1.7,3.7,6.0,3,2,4,2,8,1.0,0.0,1.0,0.0,1.0,3.0,-2.0,2.0,3.0,-1.0,-1.0,0.0,-1.0,0.0,0.0,0.0,1.0,0.0,1.0,42.9,14.3,14.3,14.3,8.0,9.0,13.0,8.0,1537.4,1489.8
2016-12-11,2016,Man United,Tottenham,1,0,H,U,2.2,3.4,3.6,5,4,3,8,8,0.0,0.0,0.0,1.0,2.0,2.0,0.0,2.0,3.0,-1.0,0.0,-1.0,1.0,0.0,0.0,0.0,0.0,0.0,0.0,28.6,14.3,28.6,14.3,24.0,13.0,37.0,14.0,1558.3,1602.7
2016-12-11,2016,Liverpool,West Ham,2,2,D,O,1.3,6.0,11.0,3,3,11,4,7,3.0,0.0,0.0,2.0,10.0,3.0,7.0,2.0,6.0,-4.0,8.0,-3.0,11.0,2.0,0.0,2.0,0.0,1.0,-1.0,83.3,0.0,14.3,71.4,31.0,8.0,18.0,17.0,1587.0,1495.3
2016-12-11,2016,Chelsea,West Brom,1,0,H,U,1.25,6.25,15.0,2,1,3,1,8,3.0,1.0,0.0,1.0,11.0,4.0,7.0,1.0,4.0,-3.0,10.0,0.0,10.0,2.0,0.0,2.0,0.0,0.0,0.0,85.7,14.3,28.6,28.6,20.0,8.0,12.0,14.0,1601.1,1489.4
2016-12-10,2016,Watford,Everton,3,2,H,O,3.1,3.4,2.45,6,4,2,4,8,2.0,0.0,1.0,3.0,3.0,1.0,2.0,2.0,8.0,-6.0,1.0,-7.0,8.0,0.0,0.0,0.0,0.0,1.0,-1.0,42.9,42.9,28.6,57.1,5.0,9.0,14.0,12.0,1465.0,1489.9
2016-12-10,2016,Swansea,Sunderland,3,0,H,O,2.15,3.5,3.6,5,2,7,4,8,1.0,1.0,1.0,2.0,6.0,2.0,4.0,7.0,4.0,3.0,-1.0,-2.0,1.0,0.0,0.0,0.0,1.0,1.0,0.0,14.3,57.1,14.3,71.4,15.0,7.0,19.0,8.0,1450.0,1442.9
2016-12-10,2016,Leicester,Man City,4,2,H,O,5.25,4.0,1.7,6,4,3,11,8,1.0,3.0,1.0,0.0,6.0,8.0,-2.0,5.0,2.0,3.0,1.0,6.0,-5.0,1.0,1.0,0.0,0.0,0.0,0.0,42.9,14.3,85.7,14.3,9.0,17.0,15.0,22.0,1551.3,1589.4
2016-12-10,2016,Hull,Crystal Palace,3,3,D,O,3.5,3.3,2.3,6,6,4,7,8,1.0,0.0,1.0,3.0,3.0,7.0,-4.0,4.0,11.0,-7.0,-1.0,-4.0,3.0,0.0,0.0,0.0,1.0,1.0,0.0,28.6,57.1,28.6,57.1,8.0,16.0,8.0,21.0,1449.7,1430.3
2016-12-10,2016,Burnley,Bournemouth,3,2,H,O,3.5,3.5,2.2,7,4,4,11,9,2.0,1.0,1.0,2.0,6.0,2.0,4.0,5.0,5.0,0.0,1.0,-3.0,4.0,0.0,0.0,0.0,0.0,2.0,-2.0,50.0,37.5,14.3,57.1,15.0,8.0,11.0,21.0,1473.6,1469.6
2016-12-10,2016,Arsenal,Stoke,3,1,H,O,1.35,5.5,9.5,6,5,7,7,8,1.0,2.0,0.0,0.0,4.0,4.0,0.0,2.0,1.0,1.0,2.0,3.0,-1.0,1.0,1.0,0.0,0.0,0.0,0.0,57.1,14.3,28.6,28.6,10.0,11.0,18.0,14.0,1622.8,1497.1
2016-12-05,2016,Middlesbrough,Hull,1,0,H,U,1.83,3.5,5.25,4,2,13,7,7,1.0,0.0,2.0,3.0,2.0,1.0,1.0,2.0,10.0,-8.0,0.0,-9.0,9.0,1.0,0.0,1.0,0.0,2.0,-2.0,16.7,66.7,16.7,66.7,7.0,13.0,10.0,14.0,1480.4,1459.1
2016-12-04,2016,Everton,Man United,1,1,D,U,3.6,3.5,2.15,6,2,6,3,7,1.0,1.0,0.0,1.0,4.0,3.0,1.0,2.0,5.0,-3.0,2.0,-2.0,4.0,1.0,1.0,0.0,0.0,1.0,-1.0,50.0,0.0,50.0,33.3,15.0,9.0,28.0,8.0,1487.8,1560.4
2016-12-04,2016,Bournemouth,Liverpool,4,3,H,O,5.0,4.0,1.75,8,3,4,9,7,1.0,2.0,1.0,0.0,7.0,6.0,1.0,3.0,3.0,0.0,4.0,3.0,1.0,1.0,1.0,0.0,0.0,0.0,0.0,50.0,33.3,57.1,14.3,18.0,18.0,24.0,21.0,1455.6,1601.0
2016-12-03,2016,West Ham,Arsenal,1,5,A,O,4.75,4.2,1.75,3,10,3,2,7,1.0,2.0,0.0,0.0,3.0,6.0,-3.0,2.0,2.0,0.0,1.0,4.0,-3.0,0.0,1.0,-1.0,0.0,0.0,0.0,33.3,33.3,66.7,0.0,7.0,11.0,16.0,18.0,1502.1,1616.0
2016-12-03,2016,West Brom,Watford,3,1,H,O,2.2,3.3,3.75,3,5,3,4,7,1.0,1.0,1.0,1.0,5.0,2.0,3.0,5.0,6.0,-1.0,0.0,-4.0,4.0,1.0,0.0,1.0,1.0,1.0,0.0,33.3,33.3,33.3,33.3,11.0,12.0,10.0,11.0,1479.5,1474.9
2016-12-03,2016,Tottenham,Swansea,5,0,H,O,1.36,5.5,9.0,15,0,5,0,7,2.0,0.0,0.0,2.0,6.0,4.0,2.0,3.0,7.0,-4.0,3.0,-3.0,6.0,1.0,0.0,1.0,0.0,1.0,-1.0,66.7,0.0,16.7,66.7,18.0,15.0,16.0,13.0,1596.5,1456.1
2016-12-03,2016,Sunderland,Leicester,2,1,H,O,3.4,3.4,2.3,6,5,3,4,7,1.0,0.0,1.0,2.0,5.0,2.0,3.0,5.0,6.0,-1.0,0.0,-4.0,4.0,1.0,0.0,1.0,1.0,1.0,0.0,16.7,66.7,0.0,83.3,7.0,3.0,8.0,12.0,1429.2,1565.0
2016-12-03,2016,Stoke,Burnley,2,0,H,U,1.62,4.0,6.5,4,4,4,9,7,2.0,0.0,1.0,2.0,5.0,1.0,4.0,2.0,7.0,-5.0,3.0,-6.0,9.0,2.0,0.0,2.0,0.0,2.0,-2.0,33.3,50.0,0.0,80.0,16.0,4.0,15.0,8.0,1487.2,1483.5
2016-12-03,2016,Man City,Chelsea,1,3,A,O,2.15,3.6,3.6,5,4,9,2,7,0.0,3.0,0.0,0.0,3.0,5.0,-2.0,3.0,0.0,3.0,0.0,5.0,-5.0,0.0,2.0,-2.0,0.0,0.0,0.0,50.0,0.0,66.7,16.7,18.0,19.0,31.0,13.0,1599.6,1590.9
2016-12-03,2016,Crystal Palace,Southampton,3,0,H,O,3.5,3.3,2.3,4,3,4,9,7,0.0,0.0,3.0,1.0,3.0,2.0,1.0,7.0,3.0,4.0,-4.0,-1.0,-3.0,0.0,0.0,0.0,1.0,0.0,1.0,16.7,66.7,16.7,50.0,11.0,14.0,12.0,19.0,1416.6,1551.0
2016-11-27,2016,Watford,Stoke,0,1,A,U,2.4,3.3,3.3,2,1,3,3,7,2.0,1.0,0.0,0.0,5.0,4.0,1.0,3.0,2.0,1.0,2.0,2.0,0.0,0.0,1.0,-1.0,0.0,0.0,0.0,50.0,33.3,16.7,33.3,10.0,16.0,15.0,13.0,1485.1,1476.9
2016-11-27,2016,Southampton,Everton,1,0,H,U,2.2,3.4,3.6,7,1,5,2,7,1.0,0.0,1.0,2.0,3.0,2.0,1.0,3.0,8.0,-5.0,0.0,-6.0,6.0,1.0,0.0,1.0,1.0,1.0,0.0,33.3,16.7,33.3,50.0,15.0,10.0,16.0,11.0,1542.4,1496.5
2016-11-27,2016,Man United,West Ham,1,1,D,U,1.45,4.75,8.0,8,2,8,4,7,0.0,1.0,0.0,2.0,2.0,3.0,-1.0,2.0,5.0,-3.0,0.0,-2.0,2.0,0.0,0.0,0.0,0.0,1.0,-1.0,33.3,16.7,16.7,83.3,25.0,10.0,42.0,19.0,1562.2,1500.3
2016-11-27,2016,Arsenal,Bournemouth,3,1,H,O,1.4,5.0,9.0,3,3,3,10,7,1.0,1.0,0.0,1.0,4.0,3.0,1.0,3.0,4.0,-1.0,1.0,-1.0,2.0,0.0,0.0,0.0,0.0,1.0,-1.0,50.0,16.7,16.7,50.0,13.0,7.0,20.0,16.0,1610.0,1461.6
2016-11-26,2016,Swansea,Crystal Palace,5,4,H,O,2.63,3.4,2.88,9,4,10,6,7,0.0,0.0,2.0,2.0,2.0,4.0,-2.0,5.0,7.0,-2.0,-3.0,-3.0,0.0,0.0,0.0,0.0,1.0,1.0,0.0,0.0,66.7,33.3,50.0,9.0,14.0,12.0,24.0,1446.7,1426.0
2016-11-26,2016,Liverpool,Sunderland,2,0,H,U,1.17,8.5,19.0,7,1,9,4,6,2.0,1.0,0.0,2.0,8.0,2.0,6.0,2.0,4.0,-2.0,6.0,-2.0,8.0,1.0,0.0,1.0,0.0,1.0,-1.0,80.0,0.0,16.7,66.7,27.0,7.0,12.0,8.0,1595.3,1434.9
2016-11-26,2016,Leicester,Middlesbrough,2,2,D,O,1.91,3.6,4.5,3,2,2,3,7,1.0,0.0,1.0,0.0,4.0,2.0,2.0,3.0,2.0,1.0,1.0,0.0,1.0,1.0,0.0,1.0,0.0,0.0,0.0,50.0,16.7,16.7,16.7,7.0,10.0,16.0,10.0,1567.5,1477.9
2016-11-26,2016,Hull,West Brom,1,1,D,U,3.1,3.2,2.6,4,2,2,6,7,1.0,1.0,2.0,1.0,2.0,4.0,-2.0,5.0,4.0,1.0,-3.0,0.0,-3.0,0.0,0.0,0.0,2.0,0.0,2.0,33.3,66.7,33.3,33.3,7.0,13.0,11.0,13.0,1458.5,1480.2
2016-11-26,2016,Chelsea,Tottenham,2,1,H,O,1.75,3.8,5.25,5,6,3,8,7,3.0,0.0,0.0,0.0,12.0,2.0,10.0,0.0,2.0,-2.0,12.0,0.0,12.0,3.0,0.0,3.0,0.0,0.0,0.0,83.3,16.7,33.3,0.0,21.0,15.0,17.0,14.0,1580.1,1607.3
2016-11-26,2016,Burnley,Man City,1,2,A,O,9.0,6.0,1.33,5,5,5,8,8,2.0,2.0,1.0,1.0,5.0,6.0,-1.0,4.0,3.0,1.0,1.0,3.0,-2.0,0.0,1.0,-1.0,0.0,1.0,-1.0,57.1,28.6,83.3,16.7,11.0,18.0,8.0,17.0,1490.6,1592.5
2016-11-21,2016,West Brom,Burnley,4,0,H,O,1.95,3.4,4.5,6,2,4,3,6,1.0,0.0,1.0,2.0,5.0,1.0,4.0,7.0,6.0,1.0,-2.0,-5.0,3.0,1.0,0.0,1.0,1.0,2.0,-1.0,20.0,40.0,0.0,75.0,11.0,4.0,8.0,6.0,1469.2,1501.5
2016-11-20,2016,Middlesbrough,Chelsea,0,1,A,U,7.0,4.0,1.57,1,3,2,3,6,1.0,2.0,2.0,1.0,3.0,4.0,-1.0,3.0,3.0,0.0,0.0,1.0,-1.0,1.0,2.0,-1.0,0.0,1.0,-1.0,20.0,60.0,60.0,20.0,8.0,18.0,10.0,11.0,1485.4,1572.5
2016-11-19,2016,Watford,Leicester,2,1,H,O,2.8,3.3,2.75,3,2,4,6,6,2.0,0.0,0.0,2.0,6.0,2.0,4.0,3.0,8.0,-5.0,3.0,-6.0,9.0,1.0,0.0,1.0,0.0,2.0,-2.0,40.0,40.0,0.0,80.0,12.0,4.0,16.0,12.0,1472.1,1580.5
2016-11-19,2016,Tottenham,West Ham,3,2,H,O,1.5,4.5,7.5,6,3,4,5,6,2.0,1.0,0.0,2.0,4.0,3.0,1.0,1.0,6.0,-5.0,3.0,-3.0,6.0,1.0,0.0,1.0,0.0,2.0,-2.0,60.0,0.0,20.0,80.0,21.0,12.0,26.0,20.0,1599.9,1507.7
2016-11-19,2016,Sunderland,Hull,3,0,H,O,2.15,3.4,3.8,4,7,2,8,6,0.0,0.0,2.0,3.0,4.0,2.0,2.0,8.0,12.0,-4.0,-4.0,-10.0,6.0,0.0,0.0,0.0,1.0,2.0,-1.0,0.0,80.0,20.0,60.0,7.0,7.0,9.0,8.0,1423.5,1469.8
2016-11-19,2016,Stoke,Bournemouth,0,1,A,U,2.3,3.4,3.4,6,2,3,4,6,2.0,0.0,0.0,2.0,6.0,2.0,4.0,2.0,8.0,-6.0,4.0,-6.0,10.0,2.0,0.0,2.0,0.0,2.0,-2.0,40.0,40.0,0.0,60.0,12.0,7.0,18.0,17.0,1488.0,1450.5
2016-11-19,2016,Southampton,Liverpool,0,0,D,U,3.4,3.6,2.2,0,2,1,8,6,2.0,3.0,1.0,0.0,4.0,8.0,-4.0,3.0,4.0,-1.0,1.0,4.0,-3.0,1.0,1.0,0.0,1.0,0.0,1.0,40.0,20.0,66.7,16.7,21.0,21.0,22.0,17.0,1540.8,1596.9
2016-11-19,2016,Man United,Arsenal,1,1,D,U,2.6,3.4,2.9,5,1,10,4,6,1.0,3.0,0.0,0.0,5.0,9.0,-4.0,2.0,2.0,0.0,3.0,7.0,-4.0,1.0,2.0,-1.0,0.0,0.0,0.0,40.0,20.0,80.0,0.0,27.0,19.0,40.0,18.0,1560.7,1611.4
2016-11-19,2016,Everton,Swansea,1,1,D,U,1.6,4.33,6.0,6,3,10,3,6,2.0,0.0,0.0,3.0,6.0,3.0,3.0,2.0,7.0,-5.0,4.0,-4.0,8.0,2.0,0.0,2.0,0.0,1.0,-1.0,60.0,0.0,20.0,80.0,15.0,15.0,24.0,11.0,1498.0,1445.2
2016-11-19,2016,Crystal Palace,Man City,1,2,A,O,6.5,4.5,1.53,2,4,2,7,6,1.0,2.0,2.0,1.0,6.0,7.0,-1.0,6.0,3.0,3.0,0.0,4.0,-4.0,1.0,2.0,-1.0,1.0,1.0,0.0,20.0,60.0,80.0,20.0,17.0,18.0,20.0,17.0,1431.8,1586.7
2016-11-06,2016,Swansea,Man United,1,3,A,O,5.0,4.0,1.73,1,3,2,0,6,0.0,0.0,2.0,2.0,2.0,1.0,1.0,5.0,7.0,-2.0,-3.0,-6.0,3.0,0.0,0.0,0.0,1.0,2.0,-1.0,0.0,60.0,40.0,40.0,13.0,8.0,12.0,15.0,1452.4,1553.5
2016-11-06,2016,Liverpool,Watford,6,1,H,O,1.29,6.0,12.0,17,8,6,3,5,2.0,1.0,0.0,1.0,7.0,1.0,6.0,2.0,2.0,0.0,5.0,-1.0,6.0,1.0,0.0,1.0,0.0,1.0,-1.0,75.0,0.0,40.0,20.0,22.0,7.0,19.0,14.0,1590.0,1479.0
2016-11-06,2016,Leicester,West Brom,1,2,A,O,1.8,3.6,5.25,2,5,5,6,6,2.0,0.0,0.0,1.0,6.0,3.0,3.0,1.0,4.0,-3.0,5.0,-1.0,6.0,2.0,0.0,2.0,0.0,0.0,0.0,60.0,0.0,20.0,40.0,11.0,11.0,18.0,13.0,1594.3,1455.4
2016-11-06,2016,Hull,Southampton,2,1,H,O,5.75,3.8,1.7,2,7,1,10,6,0.0,1.0,3.0,0.0,1.0,4.0,-3.0,8.0,1.0,7.0,-7.0,3.0,-10.0,0.0,1.0,-1.0,3.0,0.0,3.0,20.0,80.0,20.0,40.0,7.0,16.0,12.0,11.0,1457.1,1553.5
2016-11-06,2016,Arsenal,Tottenham,1,1,D,U,1.95,3.6,4.2,2,3,7,2,6,2.0,1.0,0.0,0.0,6.0,3.0,3.0,2.0,2.0,0.0,4.0,1.0,3.0,1.0,0.0,1.0,0.0,0.0,0.0,60.0,20.0,40.0,0.0,16.0,17.0,22.0,22.0,1611.8,1599.5
2016-11-05,2016,West Ham,Stoke,1,1,D,U,2.0,3.6,4.0,2,4,6,4,6,1.0,1.0,1.0,1.0,2.0,4.0,-2.0,4.0,5.0,-1.0,-2.0,-1.0,-1.0,0.0,1.0,-1.0,1.0,1.0,0.0,40.0,40.0,20.0,40.0,6.0,16.0,16.0,14.0,1508.3,1487.4
2016-11-05,2016,Man City,Middlesbrough,1,1,D,U,1.22,7.0,15.0,7,3,8,2,6,1.0,0.0,0.0,1.0,6.0,2.0,4.0,2.0,4.0,-2.0,4.0,-2.0,6.0,1.0,0.0,1.0,0.0,1.0,-1.0,60.0,0.0,20.0,20.0,23.0,7.0,28.0,11.0,1589.7,1482.4
2016-11-05,2016,Chelsea,Everton,5,0,H,O,1.53,4.33,7.0,9,0,4,2,6,2.0,0.0,1.0,2.0,8.0,2.0,6.0,2.0,4.0,-2.0,6.0,-2.0,8.0,2.0,0.0,2.0,0.0,0.0,0.0,80.0,20.0,40.0,40.0,16.0,12.0,19.0,12.0,1564.2,1506.4
2016-11-05,2016,Burnley,Crystal Palace,3,2,H,O,3.3,3.3,2.38,7,5,4,7,7,2.0,1.0,1.0,1.0,4.0,5.0,-1.0,2.0,6.0,-4.0,2.0,-1.0,3.0,1.0,0.0,1.0,0.0,1.0,-1.0,50.0,33.3,40.0,40.0,8.0,13.0,11.0,22.0,1493.0,1440.3
2016-11-05,2016,Bournemouth,Sunderland,1,2,A,O,1.65,4.2,5.5,7,4,12,2,6,2.0,0.0,0.0,3.0,7.0,0.0,7.0,1.0,4.0,-3.0,6.0,-4.0,10.0,1.0,0.0,1.0,0.0,1.0,-1.0,60.0,20.0,0.0,80.0,12.0,5.0,17.0,7.0,1462.0,1412.1
2016-10-31,2016,Stoke,Swansea,3,1,H,O,2.05,3.6,3.8,4,6,6,4,5,1.0,0.0,1.0,3.0,3.0,3.0,0.0,5.0,6.0,-1.0,-2.0,-3.0,1.0,1.0,0.0,1.0,1.0,0.0,1.0,25.0,50.0,25.0,75.0,10.0,12.0,22.0,13.0,1477.9,1461.9
2016-10-30,2016,Southampton,Chelsea,0,2,A,U,3.2,3.4,2.4,1,7,7,3,5,2.0,1.0,0.0,1.0,5.0,4.0,1.0,2.0,5.0,-3.0,3.0,-1.0,4.0,1.0,1.0,0.0,0.0,1.0,-1.0,50.0,0.0,50.0,25.0,27.0,18.0,20.0,19.0,1563.7,1553.9
2016-10-30,2016,Everton,West Ham,2,0,H,U,1.8,3.8,4.75,6,3,8,8,5,2.0,1.0,0.0,2.0,5.0,4.0,1.0,2.0,7.0,-5.0,3.0,-3.0,6.0,1.0,0.0,1.0,0.0,2.0,-2.0,50.0,0.0,25.0,75.0,18.0,11.0,25.0,16.0,1495.7,1519.0
2016-10-29,2016,West Brom,Man City,0,4,A,O,8.0,4.75,1.44,1,8,1,7,5,1.0,2.0,0.0,1.0,5.0,5.0,0.0,3.0,4.0,-1.0,2.0,1.0,1.0,1.0,1.0,0.0,0.0,1.0,-1.0,25.0,25.0,75.0,25.0,12.0,16.0,12.0,14.0,1462.1,1583.0
2016-10-29,2016,Watford,Hull,1,0,H,U,1.75,3.75,5.25,0,2,7,2,5,1.0,0.0,1.0,2.0,6.0,3.0,3.0,6.0,12.0,-6.0,0.0,-9.0,9.0,1.0,0.0,1.0,1.0,2.0,-1.0,25.0,50.0,25.0,50.0,18.0,8.0,12.0,15.0,1469.0,1467.0
2016-10-29,2016,Tottenham,Leicester,1,1,D,U,1.62,4.2,6.0,5,1,8,1,5,2.0,0.0,0.0,3.0,4.0,2.0,2.0,1.0,11.0,-10.0,3.0,-9.0,12.0,1.0,0.0,1.0,0.0,3.0,-3.0,75.0,0.0,0.0,100.0,20.0,6.0,23.0,18.0,1599.7,1594.2
2016-10-29,2016,Sunderland,Arsenal,1,4,A,O,9.0,5.0,1.4,1,7,0,8,5,0.0,3.0,2.0,0.0,3.0,8.0,-5.0,7.0,2.0,5.0,-4.0,6.0,-10.0,0.0,2.0,-2.0,1.0,0.0,1.0,0.0,75.0,75.0,0.0,8.0,19.0,14.0,12.0,1417.1,1606.8
2016-10-29,2016,Middlesbrough,Bournemouth,2,0,H,U,2.5,3.2,3.2,3,3,4,7,5,0.0,0.0,3.0,1.0,2.0,3.0,-1.0,5.0,7.0,-2.0,-3.0,-4.0,1.0,0.0,0.0,0.0,0.0,1.0,-1.0,0.0,75.0,0.0,50.0,9.0,7.0,12.0,14.0,1472.5,1472.0
2016-10-29,2016,Man United,Burnley,0,0,D,U,1.2,7.0,19.0,11,1,19,1,5,1.0,0.0,1.0,3.0,6.0,1.0,5.0,4.0,9.0,-5.0,2.0,-8.0,10.0,1.0,0.0,1.0,0.0,3.0,-3.0,50.0,25.0,0.0,100.0,19.0,3.0,25.0,10.0,1555.4,1491.2
2016-10-29,2016,Crystal Palace,Liverpool,2,4,A,O,5.25,4.0,1.7,6,10,3,3,5,1.0,2.0,1.0,0.0,5.0,5.0,0.0,3.0,3.0,0.0,2.0,2.0,0.0,1.0,0.0,1.0,0.0,0.0,0.0,25.0,50.0,60.0,20.0,16.0,14.0,27.0,19.0,1446.6,1583.7
2016-10-23,2016,Man City,Southampton,1,1,D,U,1.5,4.5,7.5,3,2,10,3,5,2.0,1.0,0.0,1.0,8.0,4.0,4.0,2.0,2.0,0.0,6.0,2.0,4.0,2.0,1.0,1.0,0.0,0.0,0.0,75.0,0.0,25.0,50.0,25.0,19.0,23.0,9.0,1583.6,1563.2
2016-10-23,2016,Chelsea,Man United,4,0,H,O,2.15,3.4,3.8,6,5,5,7,5,2.0,1.0,1.0,1.0,7.0,2.0,5.0,2.0,3.0,-1.0,5.0,-1.0,6.0,2.0,0.0,2.0,0.0,1.0,-1.0,75.0,25.0,50.0,25.0,20.0,12.0,23.0,14.0,1543.3,1566.0
2016-10-22,2016,West Ham,Sunderland,1,0,H,U,1.67,4.0,5.75,3,2,6,2,5,0.0,0.0,2.0,2.0,3.0,1.0,2.0,8.0,4.0,4.0,-5.0,-3.0,-2.0,0.0,0.0,0.0,2.0,1.0,1.0,25.0,50.0,0.0,75.0,7.0,5.0,14.0,10.0,1511.5,1424.7
2016-10-22,2016,Swansea,Watford,0,0,D,U,2.38,3.3,3.3,5,2,7,2,5,0.0,2.0,2.0,1.0,4.0,5.0,-1.0,7.0,4.0,3.0,-3.0,1.0,-4.0,0.0,1.0,-1.0,1.0,1.0,0.0,0.0,75.0,50.0,25.0,10.0,13.0,6.0,16.0,1461.7,1469.3
2016-10-22,2016,Liverpool,West Brom,2,1,H,O,1.29,6.0,13.0,7,1,3,2,4,2.0,0.0,0.0,1.0,9.0,2.0,7.0,2.0,3.0,-1.0,7.0,-1.0,8.0,2.0,0.0,2.0,0.0,0.0,0.0,66.7,0.0,25.0,25.0,26.0,12.0,17.0,16.0,1576.7,1469.1
2016-10-22,2016,Leicester,Crystal Palace,3,1,H,O,2.05,3.5,3.9,4,7,8,8,5,2.0,2.0,0.0,0.0,5.0,6.0,-1.0,1.0,4.0,-3.0,4.0,2.0,2.0,1.0,0.0,1.0,0.0,0.0,0.0,50.0,0.0,50.0,25.0,13.0,10.0,14.0,20.0,1587.9,1452.9
2016-10-22,2016,Hull,Stoke,0,2,A,U,3.1,3.3,2.5,2,6,5,7,5,0.0,0.0,3.0,2.0,1.0,2.0,-1.0,7.0,6.0,1.0,-6.0,-4.0,-2.0,0.0,0.0,0.0,2.0,1.0,1.0,25.0,75.0,0.0,50.0,7.0,11.0,8.0,9.0,1477.3,1467.6
2016-10-22,2016,Burnley,Everton,2,1,H,O,6.0,3.8,1.67,3,8,2,8,6,1.0,1.0,1.0,1.0,3.0,4.0,-1.0,2.0,2.0,0.0,1.0,2.0,-1.0,1.0,1.0,0.0,0.0,0.0,0.0,40.0,40.0,50.0,25.0,7.0,13.0,14.0,8.0,1480.5,1506.5
2016-10-22,2016,Bournemouth,Tottenham,0,0,D,U,4.2,3.6,1.95,1,4,7,4,5,3.0,2.0,0.0,0.0,8.0,7.0,1.0,1.0,2.0,-1.0,7.0,5.0,2.0,1.0,1.0,0.0,0.0,0.0,0.0,75.0,25.0,50.0,0.0,16.0,21.0,20.0,26.0,1468.2,1603.4
2016-10-22,2016,Arsenal,Middlesbrough,0,0,D,U,1.25,6.5,15.0,5,4,8,3,5,3.0,0.0,0.0,1.0,8.0,2.0,6.0,3.0,4.0,-1.0,5.0,-2.0,7.0,1.0,0.0,1.0,0.0,1.0,-1.0,75.0,25.0,25.0,25.0,13.0,5.0,20.0,12.0,1610.6,1468.6
2016-10-17,2016,Liverpool,Man United,0,0,D,U,2.2,3.5,3.5,3,1,3,1,3,,2.0,,1.0,,5.0,,,4.0,,,1.0,,,1.0,,,1.0,,100.0,0.0,66.7,33.3,,18.0,,15.0,1577.1,1565.7
2016-10-16,2016,Southampton,Burnley,3,1,H,O,1.4,4.8,9.5,14,1,8,4,4,1.0,,0.0,,3.0,,,2.0,,,1.0,,,0.0,,,0.0,,,33.3,0.0,0.0,100.0,19.0,,18.0,,1555.0,1488.6
2016-10-16,2016,Middlesbrough,Watford,0,1,A,U,2.25,3.3,3.6,3,2,4,6,4,0.0,1.0,2.0,1.0,3.0,5.0,-2.0,5.0,5.0,0.0,-2.0,0.0,-2.0,0.0,1.0,-1.0,0.0,1.0,-1.0,0.0,66.7,33.3,33.3,8.0,12.0,17.0,12.0,1479.2,1458.7
2016-10-15,2016,West Brom,Tottenham,1,1,D,U,5.5,3.8,1.73,4,8,5,8,4,1.0,2.0,1.0,0.0,5.0,7.0,-2.0,4.0,2.0,2.0,1.0,5.0,-4.0,1.0,1.0,0.0,0.0,0.0,0.0,33.3,33.3,66.7,0.0,12.0,17.0,14.0,24.0,1465.2,1607.2
2016-10-15,2016,Stoke,Sunderland,2,0,H,U,2.0,3.6,4.0,6,1,6,4,4,0.0,0.0,2.0,2.0,2.0,2.0,0.0,9.0,4.0,5.0,-7.0,-2.0,-5.0,0.0,0.0,0.0,2.0,0.0,2.0,0.0,66.7,0.0,66.7,7.0,7.0,23.0,12.0,1458.3,1434.0
2016-10-15,2016,Man City,Everton,1,1,D,U,1.5,4.75,7.0,8,2,13,1,4,3.0,2.0,0.0,1.0,9.0,5.0,4.0,2.0,2.0,0.0,7.0,3.0,4.0,2.0,1.0,1.0,0.0,0.0,0.0,100.0,0.0,66.7,33.3,21.0,18.0,19.0,11.0,1585.9,1504.2
2016-10-15,2016,Crystal Palace,West Ham,0,1,A,U,2.15,3.5,3.6,3,4,7,6,4,1.0,0.0,1.0,3.0,5.0,4.0,1.0,3.0,9.0,-6.0,2.0,-5.0,7.0,1.0,0.0,1.0,0.0,2.0,-2.0,33.3,33.3,0.0,100.0,17.0,10.0,23.0,11.0,1461.7,1502.6
2016-10-15,2016,Chelsea,Leicester,3,0,H,O,1.57,4.5,6.0,6,0,8,5,4,2.0,0.0,1.0,3.0,6.0,3.0,3.0,3.0,10.0,-7.0,3.0,-7.0,10.0,1.0,0.0,1.0,0.0,2.0,-2.0,66.7,33.3,0.0,100.0,20.0,11.0,22.0,16.0,1531.3,1599.8
2016-10-15,2016,Bournemouth,Hull,6,1,H,O,1.85,3.5,5.0,10,4,5,4,4,2.0,1.0,1.0,1.0,3.0,4.0,-1.0,3.0,6.0,-3.0,0.0,-2.0,2.0,0.0,1.0,-1.0,1.0,1.0,0.0,66.7,33.3,33.3,33.3,9.0,8.0,19.0,14.0,1457.4,1488.2
2016-10-15,2016,Arsenal,Swansea,3,2,H,O,1.29,6.5,11.0,6,6,5,6,4,2.0,1.0,1.0,2.0,8.0,2.0,6.0,5.0,3.0,2.0,3.0,-1.0,4.0,1.0,0.0,1.0,0.0,0.0,0.0,66.7,33.3,33.3,66.7,12.0,15.0,20.0,11.0,1604.4,1468.0
2016-10-02,2016,Tottenham,Man City,2,0,H,U,3.0,3.5,2.5,7,6,4,3,4,2.0,3.0,0.0,0.0,3.0,9.0,-6.0,1.0,3.0,-2.0,2.0,6.0,-4.0,0.0,2.0,-2.0,0.0,0.0,0.0,66.7,0.0,100.0,0.0,18.0,16.0,29.0,18.0,1597.3,1595.9
2016-10-02,2016,Man United,Stoke,1,1,D,U,1.33,5.75,10.0,9,6,13,2,4,2.0,0.0,1.0,2.0,7.0,2.0,5.0,3.0,6.0,-3.0,4.0,-4.0,8.0,2.0,0.0,2.0,0.0,1.0,-1.0,66.7,33.3,0.0,66.7,15.0,6.0,16.0,13.0,1568.8,1455.1
2016-10-02,2016,Leicester,Southampton,0,0,D,U,2.25,3.4,3.5,1,5,3,6,4,2.0,1.0,0.0,2.0,5.0,4.0,1.0,1.0,4.0,-3.0,4.0,0.0,4.0,1.0,1.0,0.0,0.0,1.0,-1.0,66.7,0.0,33.3,66.7,13.0,15.0,13.0,3.0,1601.2,1553.7
2016-10-02,2016,Burnley,Arsenal,0,1,A,U,9.0,5.0,1.4,1,3,2,6,5,2.0,2.0,0.0,0.0,5.0,7.0,-2.0,1.0,2.0,-1.0,4.0,5.0,-1.0,2.0,2.0,0.0,0.0,0.0,0.0,50.0,25.0,66.7,0.0,8.0,20.0,13.0,13.0,1495.7,1597.2
2016-10-01,2016,West Ham,Middlesbrough,1,1,D,U,2.25,3.4,3.5,2,3,4,5,4,1.0,1.0,2.0,1.0,3.0,3.0,0.0,7.0,4.0,3.0,-4.0,-1.0,-3.0,0.0,0.0,0.0,2.0,1.0,1.0,33.3,66.7,33.3,33.3,7.0,5.0,11.0,8.0,1503.3,1478.5
2016-10-01,2016,Watford,Bournemouth,2,2,D,O,2.38,3.3,3.3,7,2,4,5,4,1.0,0.0,2.0,2.0,5.0,1.0,4.0,6.0,6.0,0.0,-1.0,-5.0,4.0,1.0,0.0,1.0,1.0,1.0,0.0,33.3,66.7,0.0,66.7,13.0,10.0,8.0,15.0,1458.7,1457.3
2016-10-01,2016,Swansea,Liverpool,1,2,A,O,8.0,4.75,1.45,3,6,3,10,4,0.0,1.0,2.0,1.0,3.0,3.0,0.0,7.0,4.0,3.0,-4.0,-1.0,-3.0,0.0,0.0,0.0,2.0,1.0,1.0,0.0,66.7,50.0,25.0,10.0,13.0,11.0,21.0,1475.3,1569.7
2016-10-01,2016,Sunderland,West Brom,1,1,D,U,2.5,3.25,3.2,2,7,6,5,4,0.0,1.0,3.0,1.0,3.0,2.0,1.0,8.0,2.0,6.0,-5.0,0.0,-5.0,0.0,0.0,0.0,1.0,0.0,1.0,0.0,100.0,33.3,33.3,11.0,8.0,16.0,17.0,1433.1,1466.2
2016-10-01,2016,Hull,Chelsea,0,2,A,U,7.5,4.5,1.5,3,9,5,7,4,1.0,1.0,2.0,1.0,3.0,4.0,-1.0,6.0,6.0,0.0,-3.0,-2.0,-1.0,0.0,0.0,0.0,1.0,1.0,0.0,33.3,66.7,33.3,33.3,9.0,13.0,8.0,17.0,1497.5,1522.0
2016-09-30,2016,Everton,Crystal Palace,1,1,D,U,1.73,4.0,5.0,3,2,10,9,4,2.0,2.0,0.0,1.0,5.0,5.0,0.0,2.0,4.0,-2.0,3.0,1.0,2.0,1.0,0.0,1.0,0.0,0.0,0.0,66.7,0.0,66.7,33.3,21.0,10.0,20.0,15.0,1505.4,1460.4
2016-09-26,2016,Burnley,Watford,2,0,H,U,2.9,3.2,2.7,4,3,7,6,4,1.0,,1.0,,3.0,,,2.0,,,1.0,,,1.0,,,0.0,,,33.3,33.3,50.0,0.0,7.0,,13.0,,1486.3,1468.2
2016-09-25,2016,West Ham,Southampton,0,3,A,O,2.8,3.3,2.75,1,9,6,2,3,,,,,,,,,,,,,,,,,,,,50.0,50.0,0.0,100.0,,,,,1512.4,1544.6
2016-09-24,2016,Swansea,Man City,1,3,A,O,9.0,5.5,1.36,5,4,2,7,3,,,,,,,,,,,,,,,,,,,,0.0,50.0,100.0,0.0,,,,,1482.4,1588.8
2016-09-24,2016,Sunderland,Crystal Palace,2,3,A,O,2.88,3.25,2.7,4,4,3,5,3,,,,,,,,,,,,,,,,,,,,0.0,100.0,50.0,50.0,,,,,1442.8,1450.6
2016-09-24,2016,Stoke,West Brom,1,1,D,U,2.38,3.3,3.3,2,3,6,6,3,,,,,,,,,,,,,,,,,,,,0.0,100.0,50.0,50.0,,,,,1454.8,1466.5
2016-09-24,2016,Middlesbrough,Tottenham,1,2,A,O,3.75,3.5,2.1,2,5,2,10,3,,,,,,,,,,,,,,,,,,,,0.0,50.0,50.0,0.0,,,,,1485.5,1590.2
2016-09-24,2016,Man United,Leicester,4,1,H,O,1.73,3.9,5.25,7,3,8,6,3,,,,,,,,,,,,,,,,,,,,50.0,50.0,0.0,100.0,,,,,1557.3,1612.7
2016-09-24,2016,Liverpool,Hull,5,1,H,O,1.22,7.0,15.0,12,1,13,2,2,,,,,,,,,,,,,,,,,,,,100.0,0.0,50.0,0.0,,,,,1561.3,1505.9
2016-09-24,2016,Bournemouth,Everton,1,0,H,U,3.6,3.5,2.15,1,2,5,3,3,,,,,,,,,,,,,,,,,,,,50.0,50.0,100.0,0.0,,,,,1445.3,1517.5
2016-09-24,2016,Arsenal,Chelsea,3,0,H,O,2.4,3.5,3.1,5,2,9,1,3,,,,,,,,,,,,,,,,,,,,50.0,50.0,50.0,0.0,,,,,1588.9,1530.3
2016-09-18,2016,Watford,Man United,3,1,H,O,6.0,4.2,1.62,5,2,5,7,3,,,,,,,,,,,,,,,,,,,,0.0,100.0,100.0,0.0,,,,,1455.0,1570.5
2016-09-18,2016,Tottenham,Sunderland,1,0,H,U,1.33,5.5,11.0,9,2,14,1,3,,,,,,,,,,,,,,,,,,,,50.0,0.0,0.0,50.0,,,,,1583.9,1449.1
2016-09-18,2016,Southampton,Swansea,1,0,H,U,1.7,3.8,5.75,6,3,7,1,3,,,,,,,,,,,,,,,,,,,,0.0,0.0,50.0,50.0,,,,,1535.9,1491.1
2016-09-18,2016,Crystal Palace,Stoke,4,1,H,O,2.0,3.5,4.2,8,4,10,5,3,,,,,,,,,,,,,,,,,,,,0.0,50.0,0.0,50.0,,,,,1439.9,1465.5
2016-09-17,2016,West Brom,West Ham,4,2,H,O,2.8,3.2,2.8,6,5,2,6,3,,,,,,,,,,,,,,,,,,,,0.0,50.0,0.0,100.0,,,,,1454.5,1524.4
2016-09-17,2016,Man City,Bournemouth,4,0,H,O,1.29,6.0,12.0,12,2,5,5,3,,,,,,,,,,,,,,,,,,,,100.0,0.0,0.0,50.0,,,,,1582.4,1451.7
2016-09-17,2016,Leicester,Burnley,3,0,H,O,1.5,4.33,8.0,6,2,7,1,3,,,,,,,,,,,,,,,,,,,,50.0,0.0,0.0,100.0,,,,,1605.9,1493.1
2016-09-17,2016,Hull,Arsenal,1,4,A,O,6.0,4.2,1.6,2,9,2,4,3,,,,,,,,,,,,,,,,,,,,50.0,50.0,50.0,0.0,,,,,1514.0,1580.8
2016-09-17,2016,Everton,Middlesbrough,3,1,H,O,1.67,3.8,6.0,6,0,6,3,3,,,,,,,,,,,,,,,,,,,,50.0,0.0,50.0,0.0,,,,,1507.9,1495.2
2016-09-16,2016,Chelsea,Liverpool,1,2,A,O,2.25,3.5,3.4,4,5,6,4,3,,1.0,,1.0,,5.0,,,6.0,,,-1.0,,,0.0,,,1.0,,100.0,0.0,33.3,33.3,,15.0,,21.0,1540.0,1551.6
2016-09-12,2016,Sunderland,Everton,0,3,A,O,3.8,3.5,2.1,2,9,5,4,2,,,,,,,,,,,,,,,,,,,,0.0,100.0,100.0,0.0,,,,,1458.0,1499.0
2016-09-11,2016,Swansea,Chelsea,2,2,D,O,5.75,4.0,1.67,2,7,1,11,2,,,,,,,,,,,,,,,,,,,,0.0,100.0,100.0,0.0,,,,,1489.6,1541.5
2016-09-10,2016,West Ham,Watford,2,4,A,O,1.91,3.6,4.5,4,8,4,4,2,,,,,,,,,,,,,,,,,,,,100.0,0.0,0.0,0.0,,,,,1537.1,1442.3
2016-09-10,2016,Stoke,Tottenham,0,4,A,O,4.6,3.75,1.85,2,8,10,8,2,,,,,,,,,,,,,,,,,,,,0.0,100.0,0.0,0.0,,,,,1472.6,1576.8
2016-09-10,2016,Middlesbrough,Crystal Palace,1,2,A,O,2.3,3.2,3.6,4,4,6,6,2,,,,,,,,,,,,,,,,,,,,0.0,0.0,0.0,100.0,,,,,1507.4,1427.6
2016-09-10,2016,Man United,Man City,1,2,A,O,2.38,3.25,3.4,3,6,4,4,2,,,,,,,,,,,,,,,,,,,,100.0,0.0,100.0,0.0,,,,,1580.7,1572.2
2016-09-10,2016,Liverpool,Leicester,4,1,H,O,1.7,4.0,5.5,11,3,1,7,1,,,,,,,,,,,,,,,,,,,,,,0.0,100.0,,,,,1539.4,1618.1
2016-09-10,2016,Burnley,Hull,1,1,D,U,2.45,3.1,3.4,2,3,5,9,3,,,,,,,,,,,,,,,,,,,,50.0,50.0,100.0,0.0,,,,,1492.5,1514.7
2016-09-10,2016,Bournemouth,West Brom,1,0,H,U,2.05,3.25,4.33,5,2,10,5,2,,,,,,,,,,,,,,,,,,,,0.0,100.0,100.0,0.0,,,,,1441.0,1465.2
2016-09-10,2016,Arsenal,Southampton,2,1,H,O,1.57,4.2,6.5,2,5,6,1,2,,,,,,,,,,,,,,,,,,,,0.0,100.0,0.0,100.0,,,,,1571.5,1545.1
2016-08-28,2016,West Brom,Middlesbrough,0,0,D,U,2.6,3.1,2.9,2,2,5,4,2,,,,,,,,,,,,,,,,,,,,0.0,100.0,100.0,0.0,,,,,1463.9,1508.7
2016-08-28,2016,Man City,West Ham,3,1,H,O,1.25,6.0,11.0,5,2,5,4,2,,,,,,,,,,,,,,,,,,,,100.0,0.0,0.0,100.0,,,,,1562.7,1546.6
2016-08-27,2016,Watford,Arsenal,1,3,A,O,5.0,3.75,1.73,6,7,3,2,2,,,,,,,,,,,,,,,,,,,,0.0,100.0,0.0,0.0,,,,,1449.1,1564.7
2016-08-27,2016,Tottenham,Liverpool,1,1,D,U,2.38,3.4,3.0,4,3,5,5,2,,,,,,,,,,,,,,,,,,,,100.0,0.0,50.0,50.0,,,,,1578.0,1538.3
2016-08-27,2016,Southampton,Sunderland,1,1,D,U,1.57,3.6,6.5,7,2,5,5,2,,,,,,,,,,,,,,,,,,,,0.0,0.0,0.0,100.0,,,,,1547.7,1455.4
2016-08-27,2016,Leicester,Swansea,2,1,H,O,1.73,3.6,5.25,6,3,4,6,2,,,,,,,,,,,,,,,,,,,,0.0,0.0,100.0,0.0,,,,,1611.3,1496.4
2016-08-27,2016,Hull,Man United,0,1,A,U,8.0,4.1,1.44,2,9,1,6,2,,,,,,,,,,,,,,,,,,,,100.0,0.0,100.0,0.0,,,,,1523.3,1572.1
2016-08-27,2016,Everton,Stoke,1,0,H,U,1.73,3.6,5.25,9,1,9,2,2,,,,,,,,,,,,,,,,,,,,0.0,0.0,0.0,0.0,,,,,1489.2,1482.4
2016-08-27,2016,Crystal Palace,Bournemouth,1,1,D,U,2.3,3.2,3.3,5,3,10,4,2,,,,,,,,,,,,,,,,,,,,0.0,100.0,0.0,100.0,,,,,1427.2,1441.4
2016-08-27,2016,Chelsea,Burnley,3,0,H,O,1.25,5.5,15.0,10,0,9,5,2,,,,,,,,,,,,,,,,,,,,100.0,0.0,,,,,,,1532.4,1501.6
2016-08-21,2016,West Ham,Bournemouth,1,0,H,U,1.95,3.75,4.0,2,5,1,6,1,,,,,,,,,,,,,,,,,,,,,,,,,,,,1539.1,1448.8
2016-08-21,2016,Sunderland,Middlesbrough,1,2,A,O,2.55,3.2,3.1,5,3,8,1,1,,,,,,,,,,,,,,,,,,,,,,,,,,,,1464.3,1499.7
2016-08-20,2016,West Brom,Everton,1,2,A,O,3.0,3.25,2.6,4,7,7,4,1,,,,,,,,,,,,,,,,,,,,,,,,,,,,1473.8,1479.4
2016-08-20,2016,Watford,Chelsea,1,2,A,O,5.5,3.8,1.73,2,4,0,5,1,,,,,,,,,,,,,,,,,,,,,,,,,,,,1457.2,1524.3
2016-08-20,2016,Tottenham,Crystal Palace,1,0,H,U,1.45,4.75,8.0,5,2,10,4,1,,,,,,,,,,,,,,,,,,,,,,,,,,,,1571.7,1433.5
2016-08-20,2016,Swansea,Hull,0,2,A,U,1.8,3.6,5.25,3,4,8,3,1,,,,,,,,,,,,,,,,,,,,,,,,,,,,1506.2,1513.5
2016-08-20,2016,Stoke,Man City,1,4,A,O,5.5,3.8,1.73,3,6,7,7,1,,,,,,,,,,,,,,,,,,,,,,,,,,,,1490.6,1554.5
2016-08-20,2016,Leicester,Arsenal,0,0,D,U,2.88,3.6,2.5,1,4,2,7,1,,,,,,,,,,,,,,,,,,,,,,,,,,,,1612.7,1563.3
2016-08-20,2016,Burnley,Liverpool,2,0,H,U,6.5,4.2,1.57,2,5,1,12,2,,,,,,,,,,,,,,,,,,,,0.0,100.0,100.0,0.0,,,,,1489.9,1550.0
2016-08-19,2016,Man United,Southampton,2,0,H,U,1.53,4.2,7.5,5,1,4,0,1,,,,,,,,,,,,,,,,,,,,,,,,,,,,1562.2,1557.6
2016-08-15,2016,Chelsea,West Ham,2,1,H,O,1.65,4.0,6.0,6,3,7,1,1,,,,,,,,,,,,,,,,,,,,,,,,,,,,1513.2,1550.2
2016-08-14,2016,Bournemouth,Man United,1,3,A,O,4.75,3.6,1.85,3,7,4,2,1,,,,,,,,,,,,,,,,,,,,,,,,,,,,1456.1,1555.0
2016-08-14,2016,Arsenal,Liverpool,3,4,A,O,2.4,3.5,3.1,5,7,5,4,1,,,,,,,,,,,,,,,,,,,,,,,,,,,,1574.3,1539.0
2016-08-13,2016,Southampton,Watford,1,1,D,U,1.8,3.75,5.0,6,1,6,2,1,,,,,,,,,,,,,,,,,,,,,,,,,,,,1560.6,1454.2
2016-08-13,2016,Middlesbrough,Stoke,1,1,D,U,2.38,3.2,3.4,2,1,9,6,1,,,,,,,,,,,,,,,,,,,,,,,,,,,,1500.0,1490.3
2016-08-13,2016,Man City,Sunderland,2,1,H,O,1.25,6.5,15.0,4,3,9,6,1,,,,,,,,,,,,,,,,,,,,,,,,,,,,1546.6,1472.2
2016-08-13,2016,Hull,Leicester,2,1,H,O,4.5,3.6,1.91,5,5,5,3,1,,,,,,,,,,,,,,,,,,,,,,,,,,,,1500.0,1626.2
2016-08-13,2016,Everton,Tottenham,1,1,D,U,3.2,3.4,2.4,6,4,5,6,1,,,,,,,,,,,,,,,,,,,,,,,,,,,,1476.6,1574.5
2016-08-13,2016,Crystal Palace,West Brom,0,1,A,U,2.0,3.3,4.5,4,3,3,6,1,,,,,,,,,,,,,,,,,,,,,,,,,,,,1442.8,1464.4
2016-08-13,2016,Burnley,Swansea,0,1,A,U,2.4,3.3,3.25,3,9,7,4,1,,,,,,,,,,,,,,,,,,,,,,,,,,,,1500.0,1496.1
2016-05-17,2015,Man United,Bournemouth,3,1,H,O,1.67,4.2,5.25,5,0,7,1,19,2.0,1.0,0.0,2.0,4.0,3.0,1.0,1.0,6.0,-5.0,3.0,-3.0,6.0,1.0,0.0,1.0,0.0,1.0,-1.0,61.1,11.1,33.3,44.4,20.0,5.0,30.0,18.0,1547.4,1463.7
2016-05-15,2015,West Brom,Liverpool,1,1,D,U,2.4,3.6,3.0,1,3,7,5,19,0.0,1.0,3.0,2.0,0.0,5.0,-5.0,5.0,7.0,-2.0,-5.0,-2.0,-3.0,0.0,0.0,0.0,1.0,1.0,0.0,33.3,44.4,44.4,38.9,9.0,18.0,21.0,16.0,1462.2,1541.2
2016-05-15,2015,Watford,Sunderland,2,2,D,O,2.05,3.75,3.7,6,4,7,4,19,1.0,1.0,1.0,0.0,5.0,5.0,0.0,5.0,2.0,3.0,0.0,3.0,-3.0,0.0,1.0,-1.0,0.0,0.0,0.0,33.3,38.9,16.7,55.6,15.0,12.0,24.0,13.0,1453.7,1472.8
2016-05-15,2015,Swansea,Man City,1,1,D,U,6.0,4.75,1.53,1,5,4,4,19,3.0,1.0,0.0,1.0,5.0,6.0,-1.0,1.0,5.0,-4.0,4.0,1.0,3.0,1.0,1.0,0.0,0.0,1.0,-1.0,44.4,27.8,38.9,27.8,16.0,18.0,9.0,8.0,1494.6,1548.1
2016-05-15,2015,Stoke,West Ham,2,1,H,O,3.5,3.6,2.15,4,7,4,10,19,0.0,1.0,1.0,0.0,3.0,7.0,-4.0,7.0,4.0,3.0,-4.0,3.0,-7.0,0.0,1.0,-1.0,1.0,0.0,1.0,38.9,38.9,38.9,22.2,10.0,14.0,12.0,20.0,1477.9,1562.6
2016-05-15,2015,Southampton,Crystal Palace,4,1,H,O,1.36,5.5,9.0,5,4,2,5,19,3.0,0.0,0.0,2.0,10.0,1.0,9.0,5.0,4.0,1.0,5.0,-3.0,8.0,2.0,0.0,2.0,0.0,1.0,-1.0,55.6,27.8,27.8,38.9,18.0,5.0,22.0,15.0,1553.5,1449.9
2016-05-15,2015,Newcastle,Tottenham,5,1,H,O,4.5,4.0,1.8,10,5,3,8,19,2.0,1.0,0.0,0.0,5.0,7.0,-2.0,1.0,3.0,-2.0,4.0,4.0,0.0,1.0,1.0,0.0,0.0,0.0,0.0,33.3,27.8,50.0,11.1,14.0,16.0,12.0,20.0,1434.9,1588.6
2016-05-15,2015,Everton,Norwich,3,0,H,O,1.8,4.0,4.5,8,2,4,11,19,1.0,1.0,1.0,2.0,3.0,1.0,2.0,4.0,2.0,2.0,-1.0,-1.0,0.0,0.0,0.0,0.0,1.0,0.0,1.0,27.8,44.4,16.7,72.2,9.0,8.0,13.0,10.0,1468.0,1420.4
2016-05-15,2015,Chelsea,Leicester,1,1,D,U,2.3,3.75,3.1,4,5,7,6,19,0.0,2.0,1.0,0.0,4.0,4.0,0.0,7.0,1.0,6.0,-3.0,3.0,-6.0,0.0,1.0,-1.0,1.0,0.0,1.0,27.8,27.8,61.1,11.1,14.0,13.0,28.0,19.0,1509.9,1629.5
2016-05-15,2015,Arsenal,Aston Villa,4,0,H,O,1.17,9.0,17.0,7,2,5,4,19,2.0,0.0,0.0,3.0,4.0,2.0,2.0,1.0,5.0,-4.0,3.0,-3.0,6.0,1.0,0.0,1.0,0.0,0.0,0.0,61.1,16.7,5.6,77.8,16.0,5.0,19.0,13.0,1569.9,1351.2
2016-05-11,2015,Sunderland,Everton,3,0,H,O,1.75,4.0,5.0,8,6,5,5,19,1.0,0.0,1.0,2.0,3.0,1.0,2.0,4.0,7.0,-3.0,-1.0,-6.0,5.0,0.0,0.0,0.0,1.0,2.0,-1.0,27.8,38.9,27.8,22.2,8.0,10.0,11.0,12.0,1462.3,1478.5
2016-05-11,2015,Norwich,Watford,4,2,H,O,1.83,3.75,4.75,6,7,5,1,19,1.0,1.0,2.0,2.0,3.0,2.0,1.0,6.0,5.0,1.0,-3.0,-3.0,0.0,0.0,0.0,0.0,1.0,2.0,-1.0,27.8,44.4,33.3,50.0,14.0,11.0,21.0,13.0,1408.8,1465.3
2016-05-11,2015,Liverpool,Chelsea,1,1,D,U,2.0,3.8,3.8,9,7,7,3,19,2.0,1.0,0.0,2.0,8.0,6.0,2.0,2.0,5.0,-3.0,6.0,1.0,5.0,2.0,1.0,1.0,0.0,0.0,0.0,44.4,16.7,38.9,38.9,22.0,14.0,22.0,19.0,1542.2,1509.0
2016-05-10,2015,West Ham,Man United,3,2,H,O,3.0,3.5,2.45,6,2,6,2,19,1.0,2.0,1.0,1.0,7.0,2.0,5.0,8.0,3.0,5.0,-1.0,-1.0,0.0,1.0,0.0,1.0,1.0,1.0,0.0,44.4,16.7,38.9,38.9,21.0,6.0,24.0,18.0,1552.4,1557.5
2016-05-08,2015,Tottenham,Southampton,1,2,A,O,2.05,3.6,3.9,6,2,10,2,19,2.0,1.0,0.0,1.0,7.0,5.0,2.0,1.0,4.0,-3.0,6.0,1.0,5.0,2.0,1.0,1.0,0.0,0.0,0.0,55.6,11.1,33.3,33.3,18.0,13.0,15.0,29.0,1600.3,1541.8
2016-05-08,2015,Man City,Arsenal,2,2,D,O,2.5,3.6,2.9,3,2,7,2,19,2.0,1.0,1.0,0.0,6.0,5.0,1.0,2.0,3.0,-1.0,4.0,2.0,2.0,1.0,1.0,0.0,0.0,0.0,0.0,66.7,27.8,44.4,22.2,12.0,16.0,28.0,16.0,1547.4,1570.6
2016-05-08,2015,Liverpool,Watford,2,0,H,U,1.5,4.5,7.5,5,3,8,8,18,2.0,1.0,0.0,2.0,10.0,2.0,8.0,3.0,7.0,-4.0,7.0,-5.0,12.0,2.0,0.0,2.0,0.0,2.0,-2.0,41.2,17.6,35.3,47.1,23.0,10.0,20.0,8.0,1533.9,1473.6
2016-05-07,2015,West Ham,Swansea,1,4,A,O,1.44,4.75,8.0,7,6,13,3,18,1.0,0.0,0.0,2.0,8.0,2.0,6.0,6.0,9.0,-3.0,2.0,-7.0,9.0,1.0,0.0,1.0,0.0,2.0,-2.0,47.1,11.8,16.7,55.6,20.0,5.0,15.0,18.0,1564.8,1482.2
2016-05-07,2015,Sunderland,Chelsea,3,2,H,O,3.0,3.5,2.45,4,8,3,3,18,0.0,2.0,1.0,1.0,0.0,8.0,-8.0,2.0,2.0,0.0,-2.0,6.0,-8.0,0.0,2.0,-2.0,1.0,0.0,1.0,23.5,41.2,41.2,35.3,11.0,14.0,17.0,18.0,1450.3,1521.0
2016-05-07,2015,Norwich,Man United,0,1,A,U,4.5,3.6,1.91,2,2,1,6,18,1.0,1.0,1.0,2.0,3.0,1.0,2.0,5.0,4.0,1.0,-2.0,-3.0,1.0,0.0,0.0,0.0,1.0,1.0,0.0,29.4,41.2,35.3,41.2,12.0,5.0,23.0,17.0,1415.1,1551.3
2016-05-07,2015,Leicester,Everton,3,1,H,O,1.91,4.0,4.0,8,5,12,4,19,2.0,0.0,0.0,1.0,7.0,1.0,6.0,2.0,5.0,-3.0,5.0,-4.0,9.0,1.0,0.0,1.0,0.0,1.0,-1.0,61.1,5.6,29.4,17.6,15.0,12.0,11.0,14.0,1623.3,1484.7
2016-05-07,2015,Crystal Palace,Stoke,2,1,H,O,2.05,3.5,3.9,4,3,4,3,19,1.0,1.0,1.0,2.0,1.0,3.0,-2.0,1.0,9.0,-8.0,0.0,-6.0,6.0,0.0,0.0,0.0,0.0,2.0,-2.0,27.8,55.6,33.3,38.9,16.0,11.0,30.0,9.0,1438.5,1489.4
2016-05-07,2015,Bournemouth,West Brom,1,1,D,U,1.95,3.6,4.2,4,4,5,3,19,0.0,0.0,3.0,2.0,2.0,2.0,0.0,10.0,5.0,5.0,-8.0,-3.0,-5.0,0.0,0.0,0.0,2.0,1.0,1.0,27.8,50.0,22.2,38.9,11.0,6.0,19.0,21.0,1463.8,1462.1
2016-05-07,2015,Aston Villa,Newcastle,0,0,D,U,5.75,4.2,1.65,0,3,0,5,19,0.0,0.0,3.0,2.0,3.0,5.0,-2.0,10.0,8.0,2.0,-7.0,-3.0,-4.0,0.0,0.0,0.0,2.0,1.0,1.0,11.1,66.7,11.1,77.8,12.0,11.0,16.0,11.0,1348.7,1437.4
2016-05-02,2015,Chelsea,Tottenham,2,2,D,O,2.75,3.6,2.63,5,5,7,8,18,0.0,2.0,1.0,0.0,3.0,7.0,-4.0,6.0,1.0,5.0,-3.0,6.0,-9.0,0.0,2.0,-2.0,1.0,0.0,1.0,29.4,29.4,52.9,11.8,16.0,19.0,29.0,20.0,1518.6,1602.7
2016-05-01,2015,Swansea,Liverpool,3,1,H,O,3.1,3.5,2.4,9,3,4,7,18,3.0,2.0,0.0,1.0,3.0,6.0,-3.0,0.0,5.0,-5.0,3.0,1.0,2.0,0.0,0.0,0.0,0.0,0.0,0.0,41.2,29.4,47.1,35.3,10.0,20.0,10.0,15.0,1470.1,1546.0
2016-05-01,2015,Southampton,Man City,4,2,H,O,2.8,3.4,2.7,7,5,8,2,18,2.0,2.0,0.0,0.0,7.0,8.0,-1.0,4.0,1.0,3.0,3.0,7.0,-4.0,1.0,2.0,-1.0,0.0,0.0,0.0,52.9,29.4,41.2,23.5,16.0,20.0,26.0,10.0,1531.0,1558.2
2016-05-01,2015,Man United,Leicester,1,1,D,U,2.1,3.4,3.9,6,3,6,5,18,3.0,3.0,0.0,0.0,4.0,4.0,0.0,0.0,0.0,0.0,4.0,4.0,0.0,1.0,1.0,0.0,0.0,0.0,0.0,64.7,11.8,64.7,11.8,16.0,17.0,29.0,22.0,1549.1,1625.5
2016-04-30,2015,West Brom,West Ham,0,3,A,O,4.0,3.4,2.1,5,4,8,6,18,1.0,1.0,2.0,0.0,1.0,7.0,-6.0,2.0,6.0,-4.0,-1.0,1.0,-2.0,0.0,0.0,0.0,0.0,0.0,0.0,35.3,41.2,35.3,23.5,6.0,15.0,17.0,20.0,1469.6,1557.2
2016-04-30,2015,Watford,Aston Villa,3,2,H,O,1.7,3.8,5.75,6,2,8,4,18,0.0,0.0,2.0,3.0,2.0,0.0,2.0,4.0,6.0,-2.0,-2.0,-6.0,4.0,0.0,0.0,0.0,0.0,1.0,-1.0,29.4,41.2,5.9,76.5,13.0,4.0,19.0,10.0,1466.7,1355.6
2016-04-30,2015,Stoke,Sunderland,1,1,D,U,2.75,3.3,2.8,3,5,2,8,18,0.0,1.0,2.0,0.0,3.0,5.0,-2.0,8.0,2.0,6.0,-5.0,3.0,-8.0,0.0,1.0,-1.0,1.0,0.0,1.0,41.2,41.2,17.6,58.8,9.0,10.0,11.0,7.0,1490.6,1449.1
2016-04-30,2015,Newcastle,Crystal Palace,1,0,H,U,2.0,3.6,4.0,4,3,4,8,18,1.0,0.0,0.0,1.0,5.0,3.0,2.0,2.0,5.0,-3.0,3.0,-2.0,5.0,1.0,0.0,1.0,0.0,1.0,-1.0,29.4,29.4,29.4,35.3,18.0,7.0,10.0,12.0,1426.7,1449.1
2016-04-30,2015,Everton,Bournemouth,2,1,H,O,2.0,3.8,3.8,5,2,3,5,18,0.0,2.0,2.0,1.0,3.0,5.0,-2.0,6.0,5.0,1.0,-3.0,0.0,-3.0,0.0,1.0,-1.0,1.0,1.0,0.0,23.5,47.1,35.3,41.2,12.0,8.0,19.0,17.0,1474.7,1473.7
2016-04-30,2015,Arsenal,Norwich,1,0,H,U,1.29,6.5,11.0,3,3,7,3,18,2.0,1.0,0.0,2.0,7.0,1.0,6.0,1.0,2.0,-1.0,6.0,-1.0,7.0,2.0,0.0,2.0,0.0,0.0,0.0,58.8,17.6,17.6,70.6,25.0,8.0,20.0,7.0,1564.5,1421.2
2016-04-25,2015,Tottenham,West Brom,1,1,D,U,1.22,7.0,15.0,2,3,9,7,18,2.0,0.0,0.0,2.0,8.0,1.0,7.0,2.0,4.0,-2.0,6.0,-3.0,9.0,2.0,0.0,2.0,0.0,1.0,-1.0,58.8,11.8,23.5,41.2,27.0,3.0,15.0,17.0,1606.5,1465.8
2016-04-24,2015,Sunderland,Arsenal,0,0,D,U,4.5,4.0,1.8,3,7,7,7,17,0.0,1.0,1.0,0.0,2.0,7.0,-5.0,4.0,5.0,-1.0,-2.0,2.0,-4.0,0.0,1.0,-1.0,1.0,0.0,1.0,25.0,43.8,47.1,23.5,14.0,13.0,14.0,11.0,1445.7,1567.9
2016-04-24,2015,Leicester,Swansea,4,0,H,O,1.75,3.7,5.5,9,1,4,6,18,2.0,0.0,0.0,2.0,4.0,4.0,0.0,2.0,8.0,-6.0,2.0,-4.0,6.0,0.0,0.0,0.0,0.0,1.0,-1.0,58.8,5.9,17.6,52.9,7.0,8.0,15.0,15.0,1619.4,1476.2
2016-04-23,2015,Man City,Stoke,4,0,H,O,1.3,6.0,11.0,6,2,9,4,18,2.0,1.0,1.0,1.0,6.0,4.0,2.0,2.0,6.0,-4.0,4.0,-2.0,6.0,1.0,0.0,1.0,0.0,1.0,-1.0,64.7,29.4,35.3,35.3,15.0,14.0,28.0,9.0,1549.7,1499.1
2016-04-23,2015,Liverpool,Newcastle,2,2,D,O,1.57,4.5,6.0,4,3,5,4,17,2.0,0.0,0.0,3.0,9.0,3.0,6.0,2.0,7.0,-5.0,7.0,-4.0,11.0,2.0,0.0,2.0,0.0,1.0,-1.0,43.8,18.8,11.8,82.4,26.0,10.0,27.0,11.0,1549.5,1423.3
2016-04-23,2015,Bournemouth,Chelsea,1,4,A,O,3.1,3.5,2.4,4,4,10,7,18,1.0,2.0,2.0,1.0,4.0,6.0,-2.0,8.0,2.0,6.0,-4.0,4.0,-8.0,0.0,1.0,-1.0,1.0,0.0,1.0,29.4,47.1,37.5,37.5,11.0,12.0,14.0,15.0,1483.0,1509.4
2016-04-23,2015,Aston Villa,Southampton,2,4,A,O,7.5,4.2,1.53,7,7,6,11,18,0.0,1.0,3.0,1.0,1.0,3.0,-2.0,8.0,3.0,5.0,-7.0,0.0,-7.0,0.0,0.0,0.0,2.0,0.0,2.0,11.8,64.7,29.4,35.3,7.0,10.0,15.0,22.0,1361.2,1525.4
2016-04-21,2015,Arsenal,West Brom,2,0,H,U,1.29,6.0,13.0,7,1,2,6,17,1.0,0.0,1.0,1.0,6.0,3.0,3.0,3.0,4.0,-1.0,3.0,-1.0,4.0,1.0,0.0,1.0,0.0,0.0,0.0,56.2,18.8,25.0,37.5,22.0,5.0,25.0,14.0,1560.3,1473.4
2016-04-20,2015,West Ham,Watford,3,1,H,O,1.57,4.33,6.5,7,4,4,2,17,1.0,1.0,0.0,2.0,6.0,1.0,5.0,5.0,5.0,0.0,1.0,-4.0,5.0,0.0,0.0,0.0,0.0,1.0,-1.0,43.8,12.5,37.5,43.8,16.0,9.0,17.0,13.0,1549.4,1474.5
2016-04-20,2015,Man United,Crystal Palace,2,0,H,U,1.53,4.33,7.0,10,0,10,2,17,3.0,0.0,0.0,0.0,3.0,5.0,-2.0,0.0,5.0,-5.0,3.0,0.0,3.0,0.0,0.0,0.0,0.0,0.0,0.0,62.5,12.5,31.2,31.2,9.0,12.0,28.0,15.0,1541.5,1456.7
2016-04-20,2015,Liverpool,Everton,4,0,H,O,1.73,4.0,5.0,13,0,9,1,16,2.0,0.0,0.0,1.0,8.0,1.0,7.0,2.0,2.0,0.0,6.0,-1.0,7.0,2.0,0.0,2.0,0.0,0.0,0.0,40.0,20.0,31.2,12.5,20.0,13.0,21.0,18.0,1541.2,1483.1
2016-04-19,2015,Newcastle,Man City,1,1,D,U,6.0,4.5,1.57,3,5,5,3,17,1.0,2.0,1.0,0.0,5.0,7.0,-2.0,4.0,0.0,4.0,1.0,7.0,-6.0,1.0,2.0,-1.0,1.0,0.0,1.0,31.2,31.2,43.8,25.0,18.0,18.0,10.0,15.0,1419.6,1553.3
2016-04-18,2015,Stoke,Tottenham,0,4,A,O,4.5,3.75,1.85,2,6,5,3,17,1.0,1.0,1.0,1.0,4.0,3.0,1.0,4.0,2.0,2.0,0.0,1.0,-1.0,0.0,1.0,-1.0,0.0,0.0,0.0,43.8,37.5,50.0,12.5,9.0,15.0,11.0,20.0,1506.5,1599.1
2016-04-17,2015,Leicester,West Ham,2,2,D,O,1.95,3.6,4.2,2,4,0,5,17,2.0,1.0,0.0,0.0,4.0,7.0,-3.0,2.0,6.0,-4.0,2.0,1.0,1.0,0.0,0.0,0.0,0.0,0.0,0.0,62.5,6.2,37.5,25.0,10.0,17.0,26.0,18.0,1621.5,1547.3
2016-04-17,2015,Bournemouth,Liverpool,1,2,A,O,3.6,3.5,2.15,5,6,5,4,17,2.0,2.0,1.0,1.0,5.0,10.0,-5.0,6.0,4.0,2.0,-1.0,6.0,-7.0,1.0,1.0,0.0,1.0,0.0,1.0,31.2,43.8,43.8,37.5,10.0,23.0,19.0,17.0,1491.8,1532.3
2016-04-17,2015,Arsenal,Crystal Palace,1,1,D,U,1.33,5.75,9.5,6,2,10,5,16,2.0,0.0,1.0,1.0,7.0,6.0,1.0,3.0,7.0,-4.0,4.0,-1.0,5.0,1.0,0.0,1.0,0.0,0.0,0.0,60.0,20.0,33.3,33.3,22.0,12.0,26.0,16.0,1563.4,1453.7
2016-04-16,2015,West Brom,Watford,0,1,A,U,2.4,3.2,3.4,4,4,9,3,17,2.0,1.0,1.0,2.0,4.0,2.0,2.0,3.0,6.0,-3.0,1.0,-4.0,5.0,0.0,0.0,0.0,0.0,1.0,-1.0,37.5,37.5,33.3,46.7,7.0,8.0,11.0,15.0,1483.9,1464.0
2016-04-16,2015,Norwich,Sunderland,0,3,A,O,2.4,3.3,3.25,6,3,14,0,17,1.0,0.0,1.0,1.0,4.0,2.0,2.0,4.0,3.0,1.0,0.0,-1.0,1.0,0.0,0.0,0.0,0.0,0.0,0.0,31.2,37.5,12.5,62.5,8.0,11.0,13.0,13.0,1431.0,1435.9
2016-04-16,2015,Newcastle,Swansea,3,0,H,O,2.3,3.4,3.4,7,1,3,7,16,1.0,1.0,1.0,1.0,3.0,6.0,-3.0,4.0,6.0,-2.0,-1.0,0.0,-1.0,0.0,0.0,0.0,1.0,0.0,1.0,26.7,33.3,18.8,50.0,18.0,9.0,15.0,11.0,1407.3,1488.5
2016-04-16,2015,Man United,Aston Villa,1,0,H,U,1.22,7.0,17.0,4,1,14,3,16,3.0,0.0,0.0,3.0,5.0,1.0,4.0,2.0,7.0,-5.0,3.0,-6.0,9.0,0.0,0.0,0.0,0.0,1.0,-1.0,60.0,13.3,6.2,75.0,10.0,4.0,16.0,7.0,1536.0,1366.7
2016-04-16,2015,Everton,Southampton,1,1,D,U,2.7,3.4,2.8,2,4,3,10,17,0.0,1.0,3.0,2.0,2.0,2.0,0.0,6.0,4.0,2.0,-4.0,-2.0,-2.0,0.0,0.0,0.0,1.0,1.0,0.0,25.0,50.0,31.2,37.5,16.0,7.0,30.0,14.0,1481.8,1526.7
2016-04-16,2015,Chelsea,Man City,0,3,A,O,2.75,3.4,2.7,4,8,11,3,17,1.0,1.0,0.0,1.0,8.0,4.0,4.0,4.0,3.0,1.0,4.0,1.0,3.0,1.0,1.0,0.0,0.0,1.0,-1.0,31.2,25.0,40.0,26.7,17.0,12.0,26.0,14.0,1518.6,1544.1
2016-04-13,2015,Crystal Palace,Everton,0,0,D,U,2.9,3.4,2.6,6,5,10,7,18,1.0,1.0,2.0,1.0,2.0,4.0,-2.0,3.0,3.0,0.0,-1.0,1.0,-2.0,0.0,1.0,-1.0,0.0,0.0,0.0,29.4,58.8,33.3,13.3,14.0,15.0,26.0,19.0,1452.8,1482.6
2016-04-10,2015,Tottenham,Man United,3,0,H,O,1.91,3.5,4.0,8,1,2,7,17,2.0,1.0,0.0,2.0,7.0,2.0,5.0,3.0,3.0,0.0,4.0,-1.0,5.0,1.0,0.0,1.0,0.0,0.0,0.0,56.2,12.5,37.5,37.5,33.0,10.0,20.0,18.0,1590.4,1544.7
2016-04-10,2015,Sunderland,Leicester,0,2,A,U,3.4,3.4,2.1,1,7,1,7,16,1.0,2.0,0.0,1.0,4.0,3.0,1.0,3.0,2.0,1.0,1.0,1.0,0.0,0.0,0.0,0.0,0.0,0.0,0.0,26.7,40.0,62.5,12.5,18.0,13.0,19.0,16.0,1441.2,1616.1
2016-04-10,2015,Liverpool,Stoke,4,1,H,O,1.55,4.0,5.75,6,3,6,3,15,1.0,2.0,0.0,0.0,6.0,6.0,0.0,3.0,3.0,0.0,3.0,3.0,0.0,1.0,1.0,0.0,0.0,0.0,0.0,35.7,21.4,37.5,31.2,19.0,17.0,22.0,8.0,1522.5,1516.3
2016-04-09,2015,West Ham,Arsenal,3,3,D,O,3.6,3.5,2.0,7,6,7,4,16,2.0,1.0,0.0,1.0,4.0,6.0,-2.0,2.0,5.0,-3.0,2.0,1.0,1.0,0.0,1.0,-1.0,0.0,0.0,0.0,46.7,13.3,50.0,25.0,12.0,12.0,15.0,10.0,1546.8,1563.9
2016-04-09,2015,Watford,Everton,1,1,D,U,3.4,3.3,2.15,5,7,7,6,17,0.0,2.0,2.0,1.0,1.0,6.0,-5.0,3.0,2.0,1.0,-2.0,4.0,-6.0,0.0,2.0,-2.0,0.0,0.0,0.0,31.2,43.8,35.7,14.3,9.0,14.0,16.0,17.0,1463.4,1483.2
2016-04-09,2015,Swansea,Chelsea,1,0,H,U,3.75,3.4,2.0,6,2,1,9,17,2.0,3.0,1.0,0.0,2.0,8.0,-6.0,1.0,2.0,-1.0,1.0,6.0,-5.0,0.0,1.0,-1.0,0.0,0.0,0.0,37.5,31.2,40.0,33.3,6.0,14.0,14.0,14.0,1476.9,1530.1
2016-04-09,2015,Southampton,Newcastle,3,1,H,O,1.53,4.0,6.0,6,3,11,2,17,1.0,0.0,1.0,3.0,5.0,2.0,3.0,5.0,5.0,0.0,0.0,-3.0,3.0,0.0,0.0,0.0,0.0,0.0,0.0,50.0,31.2,12.5,81.2,12.0,10.0,22.0,11.0,1519.6,1414.3
2016-04-09,2015,Man City,West Brom,2,1,H,O,1.33,5.0,9.0,4,2,8,8,17,1.0,1.0,2.0,0.0,5.0,3.0,2.0,3.0,2.0,1.0,2.0,1.0,1.0,1.0,0.0,1.0,0.0,0.0,0.0,62.5,31.2,26.7,33.3,15.0,4.0,27.0,7.0,1535.3,1492.7
2016-04-09,2015,Crystal Palace,Norwich,1,0,H,U,2.05,3.4,3.6,6,4,10,4,17,0.0,1.0,3.0,2.0,2.0,1.0,1.0,5.0,2.0,3.0,-3.0,-1.0,-2.0,0.0,0.0,0.0,0.0,0.0,0.0,25.0,62.5,18.8,68.8,15.0,5.0,24.0,7.0,1442.9,1441.0
2016-04-09,2015,Aston Villa,Bournemouth,1,2,A,O,3.4,3.2,2.2,1,3,3,8,17,0.0,1.0,3.0,1.0,1.0,3.0,-2.0,9.0,4.0,5.0,-8.0,-1.0,-7.0,0.0,1.0,-1.0,3.0,1.0,2.0,12.5,62.5,31.2,43.8,11.0,8.0,21.0,14.0,1373.6,1484.9
2016-04-03,2015,Man United,Everton,1,0,H,U,2.1,3.5,3.75,2,1,5,5,15,3.0,2.0,0.0,0.0,7.0,9.0,-2.0,2.0,4.0,-2.0,5.0,5.0,0.0,1.0,2.0,-1.0,0.0,0.0,0.0,57.1,14.3,38.5,7.7,13.0,17.0,13.0,16.0,1536.0,1491.9
2016-04-03,2015,Leicester,Southampton,1,0,H,U,2.25,3.4,3.5,4,2,7,8,16,2.0,2.0,0.0,1.0,4.0,3.0,1.0,2.0,3.0,-1.0,2.0,0.0,2.0,0.0,0.0,0.0,0.0,1.0,-1.0,60.0,6.7,33.3,33.3,9.0,10.0,22.0,10.0,1608.4,1527.3
2016-04-02,2015,West Ham,Crystal Palace,2,2,D,O,1.95,3.6,4.2,6,5,4,5,15,3.0,0.0,0.0,1.0,4.0,5.0,-1.0,0.0,6.0,-6.0,4.0,-1.0,5.0,1.0,0.0,1.0,0.0,0.0,0.0,50.0,14.3,35.7,35.7,12.0,9.0,16.0,16.0,1549.8,1439.8
2016-04-02,2015,Sunderland,West Brom,0,0,D,U,2.1,3.3,4.0,7,0,9,3,15,1.0,1.0,1.0,1.0,4.0,3.0,1.0,4.0,3.0,1.0,0.0,0.0,0.0,0.0,0.0,0.0,0.0,0.0,0.0,28.6,42.9,28.6,35.7,13.0,4.0,18.0,8.0,1439.7,1494.3
2016-04-02,2015,Stoke,Swansea,2,2,D,O,2.2,3.4,3.6,5,3,5,5,16,2.0,1.0,1.0,2.0,4.0,5.0,-1.0,3.0,6.0,-3.0,1.0,-1.0,2.0,0.0,0.0,0.0,0.0,0.0,0.0,46.7,40.0,20.0,53.3,7.0,10.0,17.0,13.0,1517.5,1475.7
2016-04-02,2015,Norwich,Newcastle,3,2,H,O,2.2,3.4,3.6,6,5,6,5,16,0.0,0.0,1.0,3.0,3.0,1.0,2.0,4.0,7.0,-3.0,-1.0,-6.0,5.0,0.0,0.0,0.0,0.0,1.0,-1.0,26.7,40.0,13.3,80.0,5.0,9.0,10.0,9.0,1431.2,1424.1
2016-04-02,2015,Liverpool,Tottenham,1,1,D,U,2.5,3.4,3.0,7,5,12,9,14,1.0,2.0,1.0,1.0,5.0,4.0,1.0,3.0,2.0,1.0,2.0,2.0,0.0,1.0,1.0,0.0,0.0,0.0,0.0,38.5,23.1,53.3,13.3,16.0,13.0,15.0,12.0,1520.5,1592.5
2016-04-02,2015,Bournemouth,Man City,0,4,A,O,3.75,3.6,2.1,2,7,4,4,16,2.0,1.0,1.0,1.0,6.0,1.0,5.0,5.0,3.0,2.0,1.0,-2.0,3.0,1.0,0.0,1.0,1.0,1.0,0.0,33.3,40.0,35.7,28.6,10.0,7.0,24.0,14.0,1494.0,1526.2
2016-04-02,2015,Aston Villa,Chelsea,0,4,A,O,6.5,4.33,1.57,4,8,7,2,16,0.0,2.0,3.0,0.0,1.0,4.0,-3.0,11.0,2.0,9.0,-10.0,2.0,-12.0,0.0,0.0,0.0,3.0,0.0,3.0,13.3,60.0,35.7,35.7,8.0,10.0,14.0,19.0,1379.7,1524.1
2016-04-02,2015,Arsenal,Watford,4,0,H,O,1.36,5.25,10.0,12,2,8,3,15,1.0,1.0,1.0,2.0,3.0,2.0,1.0,3.0,3.0,0.0,0.0,-1.0,1.0,0.0,0.0,0.0,0.0,0.0,0.0,57.1,21.4,35.7,42.9,21.0,6.0,31.0,13.0,1556.3,1471.0
2016-03-20,2015,Tottenham,Bournemouth,3,0,H,O,1.53,4.33,7.0,8,0,4,5,16,2.0,2.0,0.0,0.0,5.0,5.0,0.0,3.0,2.0,1.0,2.0,3.0,-1.0,0.0,1.0,-1.0,0.0,0.0,0.0,53.3,13.3,33.3,40.0,34.0,12.0,31.0,12.0,1584.8,1501.6
2016-03-20,2015,Southampton,Liverpool,3,2,H,O,2.63,3.4,2.88,5,9,3,5,16,1.0,2.0,1.0,1.0,3.0,8.0,-5.0,3.0,3.0,0.0,0.0,5.0,-5.0,0.0,1.0,-1.0,0.0,1.0,-1.0,46.7,33.3,46.7,33.3,9.0,16.0,23.0,24.0,1516.9,1530.9
2016-03-20,2015,Newcastle,Sunderland,1,1,D,U,2.1,3.5,3.8,8,4,2,5,15,2.0,0.0,1.0,1.0,4.0,3.0,1.0,4.0,4.0,0.0,0.0,-1.0,1.0,0.0,0.0,0.0,1.0,0.0,1.0,28.6,35.7,13.3,66.7,20.0,9.0,16.0,10.0,1423.7,1440.2
2016-03-20,2015,Man City,Man United,0,1,A,U,1.83,3.75,4.75,2,3,11,5,16,1.0,0.0,2.0,2.0,6.0,2.0,4.0,5.0,4.0,1.0,1.0,-2.0,3.0,1.0,0.0,1.0,1.0,0.0,1.0,66.7,26.7,33.3,40.0,17.0,14.0,27.0,24.0,1536.5,1525.7
2016-03-19,2015,West Brom,Norwich,0,1,A,U,2.25,3.3,3.6,0,1,4,3,16,2.0,0.0,0.0,3.0,5.0,0.0,5.0,3.0,4.0,-1.0,2.0,-4.0,6.0,0.0,0.0,0.0,0.0,1.0,-1.0,40.0,33.3,13.3,73.3,14.0,8.0,14.0,15.0,1506.7,1418.7
2016-03-19,2015,Watford,Stoke,1,2,A,O,2.4,3.25,3.3,4,6,9,2,16,0.0,1.0,1.0,1.0,0.0,4.0,-4.0,1.0,5.0,-4.0,-1.0,-1.0,0.0,0.0,1.0,-1.0,0.0,1.0,-1.0,33.3,40.0,33.3,33.3,8.0,11.0,14.0,11.0,1480.2,1508.3
2016-03-19,2015,Swansea,Aston Villa,1,0,H,U,1.67,3.8,6.0,1,2,4,6,16,1.0,0.0,1.0,3.0,2.0,1.0,1.0,2.0,8.0,-6.0,0.0,-7.0,7.0,0.0,0.0,0.0,0.0,2.0,-2.0,33.3,33.3,6.7,73.3,8.0,4.0,19.0,6.0,1468.0,1387.4
2016-03-19,2015,Everton,Arsenal,0,2,A,U,2.7,3.5,2.7,2,3,7,5,16,1.0,1.0,2.0,1.0,5.0,6.0,-1.0,4.0,5.0,-1.0,1.0,1.0,0.0,1.0,1.0,0.0,0.0,0.0,0.0,26.7,46.7,46.7,26.7,21.0,14.0,26.0,8.0,1500.6,1547.6
2016-03-19,2015,Crystal Palace,Leicester,0,1,A,U,3.0,3.4,2.5,4,3,10,7,16,0.0,2.0,3.0,1.0,3.0,5.0,-2.0,6.0,3.0,3.0,-3.0,2.0,-5.0,0.0,1.0,-1.0,0.0,0.0,0.0,26.7,60.0,60.0,13.3,14.0,17.0,19.0,13.0,1445.6,1602.6
2016-03-19,2015,Chelsea,West Ham,2,2,D,O,1.75,3.8,5.25,5,6,10,9,16,1.0,1.0,0.0,1.0,7.0,5.0,2.0,3.0,5.0,-2.0,4.0,0.0,4.0,1.0,0.0,1.0,0.0,0.0,0.0,33.3,26.7,40.0,26.7,17.0,13.0,26.0,14.0,1523.3,1550.6
2016-03-14,2015,Leicester,Newcastle,1,0,H,U,1.57,4.33,6.25,1,2,8,4,15,2.0,0.0,0.0,3.0,5.0,1.0,4.0,2.0,9.0,-7.0,3.0,-8.0,11.0,1.0,0.0,1.0,0.0,2.0,-2.0,57.1,7.1,14.3,78.6,14.0,10.0,17.0,8.0,1597.1,1429.2
2016-03-13,2015,Aston Villa,Tottenham,0,2,A,U,7.5,4.5,1.5,2,8,5,8,15,1.0,2.0,2.0,1.0,3.0,5.0,-2.0,9.0,2.0,7.0,-6.0,3.0,-9.0,1.0,1.0,0.0,2.0,0.0,2.0,14.3,57.1,50.0,14.3,9.0,11.0,11.0,12.0,1392.5,1579.7
2016-03-12,2015,Stoke,Southampton,1,2,A,O,2.7,3.2,2.9,2,4,1,4,15,2.0,1.0,1.0,1.0,3.0,1.0,2.0,4.0,2.0,2.0,-1.0,-1.0,0.0,0.0,0.0,0.0,1.0,1.0,0.0,50.0,35.7,28.6,35.7,8.0,9.0,22.0,9.0,1518.7,1506.6
2016-03-12,2015,Norwich,Man City,0,0,D,U,6.0,4.2,1.6,0,3,3,8,15,0.0,1.0,2.0,1.0,3.0,3.0,0.0,7.0,5.0,2.0,-4.0,-2.0,-2.0,0.0,0.0,0.0,1.0,1.0,0.0,28.6,42.9,38.5,30.8,7.0,7.0,13.0,8.0,1415.3,1540.0
2016-03-12,2015,Bournemouth,Swansea,3,2,H,O,1.95,3.5,4.33,4,4,5,3,15,1.0,1.0,2.0,1.0,3.0,4.0,-1.0,5.0,4.0,1.0,-2.0,0.0,-2.0,1.0,0.0,1.0,2.0,0.0,2.0,28.6,42.9,21.4,50.0,10.0,10.0,26.0,17.0,1492.1,1477.6
2016-03-06,2015,West Brom,Man United,1,0,H,U,4.33,3.4,2.0,2,1,4,5,15,1.0,1.0,0.0,1.0,4.0,3.0,1.0,3.0,3.0,0.0,1.0,0.0,1.0,0.0,0.0,0.0,0.0,0.0,0.0,35.7,35.7,35.7,35.7,12.0,14.0,12.0,23.0,1495.6,1536.8
2016-03-06,2015,Crystal Palace,Liverpool,1,2,A,O,3.8,3.5,2.1,4,5,6,6,15,0.0,2.0,3.0,1.0,3.0,11.0,-8.0,7.0,6.0,1.0,-4.0,5.0,-9.0,0.0,1.0,-1.0,1.0,1.0,0.0,28.6,57.1,42.9,35.7,13.0,18.0,16.0,21.0,1453.6,1522.8
2016-03-05,2015,Watford,Leicester,0,1,A,U,3.0,3.4,2.55,4,7,3,8,15,1.0,1.0,0.0,1.0,2.0,5.0,-3.0,1.0,4.0,-3.0,1.0,1.0,0.0,0.0,1.0,-1.0,0.0,0.0,0.0,35.7,35.7,57.1,14.3,9.0,15.0,13.0,9.0,1487.3,1590.0
2016-03-05,2015,Tottenham,Arsenal,2,2,D,O,2.38,3.4,3.25,11,4,9,2,15,3.0,1.0,0.0,1.0,7.0,4.0,3.0,2.0,3.0,-1.0,5.0,1.0,4.0,1.0,1.0,0.0,0.0,0.0,0.0,57.1,14.3,50.0,28.6,34.0,13.0,33.0,12.0,1580.7,1546.6
2016-03-05,2015,Swansea,Norwich,1,0,H,U,2.05,3.5,4.0,3,3,5,0,15,1.0,0.0,1.0,3.0,2.0,0.0,2.0,2.0,6.0,-4.0,0.0,-6.0,6.0,0.0,0.0,0.0,0.0,2.0,-2.0,28.6,35.7,14.3,71.4,7.0,8.0,20.0,18.0,1468.9,1424.0
2016-03-05,2015,Southampton,Sunderland,1,1,D,U,1.6,4.0,6.5,5,3,12,2,15,2.0,0.0,1.0,2.0,5.0,3.0,2.0,2.0,7.0,-5.0,3.0,-4.0,7.0,1.0,0.0,1.0,0.0,1.0,-1.0,50.0,35.7,14.3,71.4,9.0,8.0,12.0,11.0,1508.6,1438.2
2016-03-05,2015,Newcastle,Bournemouth,1,3,A,O,2.63,3.4,2.88,3,5,5,4,14,2.0,1.0,0.0,0.0,6.0,3.0,3.0,4.0,2.0,2.0,2.0,1.0,1.0,0.0,0.0,0.0,0.0,0.0,0.0,30.8,30.8,28.6,42.9,23.0,12.0,16.0,12.0,1437.9,1483.4
2016-03-05,2015,Man City,Aston Villa,4,0,H,O,1.22,7.0,15.0,9,1,9,1,15,1.0,0.0,2.0,2.0,6.0,1.0,5.0,5.0,4.0,1.0,1.0,-3.0,4.0,1.0,0.0,1.0,1.0,1.0,0.0,64.3,28.6,7.1,71.4,12.0,7.0,23.0,11.0,1533.7,1398.8
2016-03-05,2015,Everton,West Ham,2,3,A,O,1.73,4.0,5.0,8,5,9,6,15,1.0,0.0,2.0,2.0,4.0,3.0,1.0,3.0,5.0,-2.0,1.0,-2.0,3.0,1.0,0.0,1.0,0.0,0.0,0.0,28.6,42.9,35.7,28.6,15.0,11.0,24.0,11.0,1509.7,1541.5
2016-03-05,2015,Chelsea,Stoke,1,1,D,U,1.5,4.5,7.5,7,5,8,4,15,1.0,1.0,0.0,2.0,9.0,3.0,6.0,5.0,7.0,-2.0,4.0,-4.0,8.0,1.0,1.0,0.0,0.0,2.0,-2.0,35.7,28.6,35.7,35.7,17.0,8.0,24.0,11.0,1523.4,1518.6
2016-03-02,2015,West Ham,Tottenham,1,0,H,U,4.0,3.6,2.0,3,2,6,3,14,2.0,3.0,0.0,0.0,5.0,8.0,-3.0,2.0,2.0,0.0,3.0,6.0,-3.0,1.0,2.0,-1.0,0.0,0.0,0.0,46.2,15.4,53.8,7.7,12.0,20.0,15.0,19.0,1529.7,1592.5
2016-03-02,2015,Stoke,Newcastle,1,0,H,U,2.0,3.5,4.2,2,3,5,2,14,1.0,0.0,1.0,3.0,2.0,2.0,0.0,4.0,10.0,-6.0,-2.0,-8.0,6.0,0.0,0.0,0.0,1.0,2.0,-1.0,46.2,38.5,15.4,76.9,12.0,9.0,23.0,13.0,1510.4,1446.1
2016-03-02,2015,Man United,Watford,1,0,H,U,1.67,3.8,6.0,3,3,9,7,14,2.0,1.0,1.0,2.0,6.0,2.0,4.0,3.0,3.0,0.0,3.0,-1.0,4.0,1.0,0.0,1.0,0.0,0.0,0.0,53.8,15.4,38.5,38.5,11.0,5.0,8.0,9.0,1527.7,1496.4
2016-03-02,2015,Liverpool,Man City,3,0,H,O,2.63,3.4,2.88,7,2,3,2,13,0.0,2.0,1.0,0.0,5.0,5.0,0.0,6.0,3.0,3.0,-1.0,2.0,-3.0,0.0,0.0,0.0,0.0,0.0,0.0,33.3,25.0,41.7,25.0,15.0,10.0,21.0,11.0,1511.9,1544.6
2016-03-02,2015,Arsenal,Swansea,1,2,A,O,1.36,5.25,10.0,4,2,7,3,14,1.0,1.0,1.0,1.0,2.0,4.0,-2.0,2.0,4.0,-2.0,0.0,0.0,0.0,0.0,0.0,0.0,0.0,0.0,0.0,61.5,15.4,15.4,53.8,18.0,13.0,30.0,15.0,1559.5,1456.0
2016-03-01,2015,Sunderland,Crystal Palace,2,2,D,O,2.5,3.3,3.1,6,5,4,5,14,1.0,0.0,1.0,2.0,3.0,3.0,0.0,3.0,8.0,-5.0,0.0,-5.0,5.0,0.0,0.0,0.0,0.0,1.0,-1.0,30.8,46.2,38.5,38.5,12.0,7.0,17.0,17.0,1437.7,1454.1
2016-03-01,2015,Norwich,Chelsea,1,2,A,O,5.25,4.0,1.7,2,2,4,4,14,0.0,2.0,2.0,0.0,6.0,3.0,3.0,10.0,1.0,9.0,-4.0,2.0,-6.0,0.0,0.0,0.0,1.0,0.0,1.0,30.8,38.5,30.8,38.5,10.0,14.0,12.0,22.0,1431.6,1515.8
2016-03-01,2015,Leicester,West Brom,2,2,D,O,1.73,3.8,5.5,5,3,11,3,14,3.0,1.0,0.0,2.0,6.0,1.0,5.0,0.0,4.0,-4.0,6.0,-3.0,9.0,2.0,0.0,2.0,0.0,1.0,-1.0,61.5,7.7,30.8,38.5,14.0,1.0,14.0,8.0,1592.8,1492.8
2016-03-01,2015,Bournemouth,Southampton,2,0,H,U,2.9,3.25,2.7,4,1,10,2,14,1.0,2.0,2.0,0.0,4.0,2.0,2.0,5.0,0.0,5.0,-1.0,2.0,-3.0,1.0,0.0,1.0,2.0,0.0,2.0,23.1,46.2,30.8,30.8,14.0,10.0,21.0,11.0,1472.0,1520.0
2016-03-01,2015,Aston Villa,Everton,1,3,A,O,4.5,3.6,1.91,5,7,9,8,14,1.0,1.0,1.0,0.0,3.0,6.0,-3.0,7.0,3.0,4.0,-4.0,3.0,-7.0,1.0,1.0,0.0,1.0,0.0,1.0,15.4,53.8,33.3,8.3,9.0,12.0,5.0,13.0,1406.0,1502.4
2016-02-28,2015,Tottenham,Swansea,2,1,H,O,1.4,4.2,9.0,14,4,7,7,14,2.0,1.0,1.0,1.0,5.0,4.0,1.0,2.0,4.0,-2.0,3.0,0.0,3.0,1.0,0.0,1.0,0.0,0.0,0.0,53.8,15.4,16.7,50.0,25.0,13.0,42.0,10.0,1585.9,1462.6
2016-02-28,2015,Man United,Arsenal,3,2,H,O,3.0,3.25,2.38,5,5,2,3,13,2.0,1.0,1.0,0.0,5.0,5.0,0.0,2.0,3.0,-1.0,3.0,2.0,1.0,1.0,1.0,0.0,0.0,0.0,0.0,50.0,16.7,53.8,23.1,12.0,13.0,10.0,12.0,1516.2,1571.1
2016-02-27,2015,West Ham,Sunderland,1,0,H,U,1.8,3.5,4.5,3,4,5,6,13,2.0,1.0,0.0,1.0,6.0,7.0,-1.0,2.0,8.0,-6.0,4.0,-1.0,5.0,2.0,1.0,1.0,0.0,1.0,-1.0,41.7,16.7,15.4,69.2,19.0,9.0,13.0,11.0,1521.9,1445.5
2016-02-27,2015,West Brom,Crystal Palace,3,2,H,O,2.6,3.1,2.8,5,2,3,6,14,1.0,0.0,0.0,2.0,3.0,1.0,2.0,2.0,6.0,-4.0,1.0,-5.0,6.0,0.0,0.0,0.0,0.0,1.0,-1.0,30.8,38.5,41.7,33.3,12.0,6.0,13.0,11.0,1483.3,1463.5
2016-02-27,2015,Watford,Bournemouth,0,0,D,U,2.38,3.25,3.0,1,3,4,5,14,1.0,1.0,1.0,0.0,3.0,3.0,0.0,3.0,2.0,1.0,0.0,1.0,-1.0,0.0,0.0,0.0,0.0,0.0,0.0,38.5,38.5,30.8,46.2,11.0,9.0,13.0,8.0,1497.2,1471.2
2016-02-27,2015,Stoke,Aston Villa,2,1,H,O,1.62,3.75,5.5,3,1,11,0,13,1.0,0.0,1.0,2.0,3.0,1.0,2.0,4.0,5.0,-1.0,-1.0,-4.0,3.0,1.0,0.0,1.0,1.0,2.0,-1.0,41.7,41.7,7.7,69.2,13.0,9.0,19.0,14.0,1502.9,1413.5
2016-02-27,2015,Southampton,Chelsea,1,2,A,O,2.8,3.25,2.5,2,4,7,8,14,3.0,2.0,0.0,0.0,6.0,4.0,2.0,0.0,0.0,0.0,6.0,4.0,2.0,2.0,1.0,1.0,0.0,0.0,0.0,53.8,30.8,25.0,41.7,14.0,14.0,13.0,21.0,1530.7,1505.1
2016-02-27,2015,Leicester,Norwich,1,0,H,U,1.5,4.33,6.0,3,1,3,4,13,2.0,0.0,0.0,3.0,5.0,1.0,4.0,0.0,8.0,-8.0,5.0,-7.0,12.0,2.0,0.0,2.0,0.0,3.0,-3.0,58.3,8.3,15.4,69.2,13.0,9.0,18.0,17.0,1586.9,1437.6
2016-02-14,2015,Man City,Tottenham,1,2,A,O,2.1,3.75,3.6,4,3,7,1,14,1.0,2.0,1.0,0.0,5.0,7.0,-2.0,3.0,2.0,1.0,2.0,5.0,-3.0,1.0,2.0,-1.0,1.0,0.0,1.0,69.2,23.1,50.0,8.3,13.0,21.0,28.0,22.0,1554.0,1576.6
2016-02-14,2015,Aston Villa,Liverpool,0,6,A,O,4.75,3.6,1.85,1,9,0,6,13,2.0,1.0,0.0,2.0,4.0,5.0,-1.0,1.0,8.0,-7.0,3.0,-3.0,6.0,1.0,0.0,1.0,0.0,2.0,-2.0,16.7,50.0,38.5,38.5,11.0,11.0,14.0,24.0,1421.2,1504.2
2016-02-14,2015,Arsenal,Leicester,2,1,H,O,1.75,4.0,5.0,6,3,11,1,13,1.0,2.0,1.0,0.0,1.0,5.0,-4.0,1.0,2.0,-1.0,0.0,3.0,-3.0,0.0,1.0,-1.0,0.0,0.0,0.0,58.3,16.7,61.5,7.7,15.0,14.0,26.0,16.0,1560.0,1597.9
2016-02-13,2015,Swansea,Southampton,0,1,A,U,3.2,3.25,2.5,2,5,5,4,14,1.0,1.0,1.0,1.0,4.0,1.0,3.0,5.0,1.0,4.0,-1.0,0.0,-1.0,0.0,0.0,0.0,1.0,0.0,1.0,30.8,30.8,25.0,33.3,10.0,9.0,23.0,16.0,1471.1,1522.2
2016-02-13,2015,Sunderland,Man United,2,1,H,O,5.25,3.75,1.75,5,6,6,8,13,1.0,1.0,1.0,0.0,4.0,5.0,-1.0,3.0,4.0,-1.0,1.0,1.0,0.0,1.0,0.0,1.0,0.0,0.0,0.0,25.0,50.0,38.5,30.8,13.0,12.0,14.0,18.0,1432.8,1528.9
2016-02-13,2015,Norwich,West Ham,2,2,D,O,2.38,3.4,3.25,3,6,3,3,13,1.0,1.0,2.0,2.0,5.0,4.0,1.0,8.0,4.0,4.0,-3.0,0.0,-3.0,0.0,1.0,-1.0,1.0,0.0,1.0,33.3,41.7,38.5,30.8,8.0,10.0,13.0,15.0,1435.0,1524.4
2016-02-13,2015,Everton,West Brom,0,1,A,U,1.53,4.2,7.5,6,1,14,1,14,1.0,0.0,1.0,2.0,5.0,2.0,3.0,3.0,6.0,-3.0,2.0,-4.0,6.0,1.0,0.0,1.0,0.0,1.0,-1.0,30.8,38.5,25.0,41.7,12.0,6.0,14.0,14.0,1513.6,1472.1
2016-02-13,2015,Crystal Palace,Watford,1,2,A,O,2.25,3.3,3.6,7,3,8,5,14,0.0,0.0,3.0,3.0,2.0,0.0,2.0,8.0,4.0,4.0,-6.0,-4.0,-2.0,0.0,0.0,0.0,2.0,1.0,1.0,30.8,53.8,33.3,41.7,10.0,3.0,13.0,5.0,1473.1,1487.6
2016-02-13,2015,Chelsea,Newcastle,5,1,H,O,1.44,4.75,8.0,5,4,8,3,14,0.0,0.0,0.0,3.0,6.0,1.0,5.0,6.0,6.0,0.0,0.0,-5.0,5.0,0.0,0.0,0.0,0.0,1.0,-1.0,30.8,30.8,16.7,75.0,14.0,11.0,23.0,14.0,1496.3,1454.9
2016-02-13,2015,Bournemouth,Stoke,1,3,A,O,2.05,3.4,4.1,2,6,9,2,13,1.0,0.0,2.0,3.0,4.0,1.0,3.0,5.0,8.0,-3.0,-1.0,-7.0,6.0,1.0,0.0,1.0,2.0,2.0,0.0,25.0,41.7,30.8,38.5,16.0,5.0,16.0,15.0,1480.9,1493.3
2016-02-07,2015,Chelsea,Man United,1,1,D,U,2.15,3.3,3.9,5,7,10,11,13,0.0,1.0,0.0,1.0,7.0,4.0,3.0,7.0,5.0,2.0,0.0,-1.0,1.0,0.0,0.0,0.0,0.0,1.0,-1.0,33.3,33.3,41.7,33.3,11.0,11.0,22.0,19.0,1495.3,1529.9
2016-02-07,2015,Bournemouth,Arsenal,0,2,A,U,3.8,3.5,2.1,4,5,7,3,12,1.0,0.0,1.0,1.0,4.0,3.0,1.0,3.0,7.0,-4.0,1.0,-4.0,5.0,1.0,0.0,1.0,1.0,1.0,0.0,27.3,36.4,50.0,25.0,16.0,12.0,17.0,13.0,1489.1,1551.8
2016-02-06,2015,Tottenham,Watford,1,0,H,U,1.5,4.33,8.0,9,0,15,1,13,2.0,0.0,1.0,2.0,7.0,2.0,5.0,2.0,5.0,-3.0,5.0,-3.0,8.0,2.0,0.0,2.0,0.0,1.0,-1.0,50.0,16.7,36.4,36.4,26.0,6.0,36.0,8.0,1568.6,1495.5
2016-02-06,2015,Swansea,Crystal Palace,1,1,D,U,2.25,3.3,3.6,3,2,9,5,13,2.0,0.0,1.0,2.0,4.0,0.0,4.0,4.0,5.0,-1.0,0.0,-5.0,5.0,0.0,0.0,0.0,1.0,1.0,0.0,33.3,33.3,45.5,36.4,9.0,4.0,14.0,15.0,1471.1,1473.2
2016-02-06,2015,Stoke,Everton,0,3,A,O,2.7,3.4,2.8,3,6,6,4,12,2.0,1.0,0.0,0.0,5.0,4.0,1.0,1.0,3.0,-2.0,4.0,1.0,3.0,2.0,0.0,2.0,0.0,0.0,0.0,45.5,36.4,27.3,9.1,13.0,13.0,14.0,16.0,1503.2,1503.6
2016-02-06,2015,Southampton,West Ham,1,0,H,U,1.73,3.8,5.5,2,2,4,5,13,3.0,1.0,0.0,1.0,9.0,5.0,4.0,0.0,4.0,-4.0,9.0,1.0,8.0,3.0,1.0,2.0,0.0,0.0,0.0,50.0,33.3,41.7,25.0,17.0,12.0,12.0,16.0,1511.5,1535.1
2016-02-06,2015,Newcastle,West Brom,1,0,H,U,2.15,3.4,3.8,7,0,8,4,13,1.0,0.0,1.0,2.0,5.0,2.0,3.0,5.0,6.0,-1.0,0.0,-4.0,4.0,0.0,0.0,0.0,0.0,1.0,-1.0,25.0,33.3,27.3,36.4,17.0,9.0,9.0,17.0,1443.7,1483.3
2016-02-06,2015,Man City,Leicester,1,3,A,O,1.62,4.2,6.0,4,7,11,4,13,2.0,1.0,0.0,1.0,8.0,2.0,6.0,1.0,2.0,-1.0,7.0,0.0,7.0,2.0,0.0,2.0,0.0,0.0,0.0,75.0,16.7,58.3,8.3,18.0,10.0,22.0,18.0,1563.2,1588.7
2016-02-06,2015,Liverpool,Sunderland,2,2,D,O,1.44,4.75,8.5,5,2,7,2,12,1.0,1.0,1.0,2.0,4.0,6.0,-2.0,4.0,10.0,-6.0,0.0,-4.0,4.0,0.0,1.0,-1.0,0.0,2.0,-2.0,36.4,27.3,16.7,75.0,14.0,10.0,21.0,10.0,1506.4,1430.7
2016-02-06,2015,Aston Villa,Norwich,2,0,H,U,2.45,3.2,3.3,3,4,2,11,12,1.0,0.0,0.0,3.0,3.0,1.0,2.0,2.0,9.0,-7.0,1.0,-8.0,9.0,0.0,0.0,0.0,0.0,3.0,-3.0,9.1,54.5,16.7,66.7,16.0,8.0,21.0,10.0,1410.2,1446.1
2016-02-03,2015,Watford,Chelsea,0,0,D,U,4.33,3.5,1.95,3,4,7,7,13,1.0,2.0,2.0,0.0,4.0,4.0,0.0,5.0,0.0,5.0,-1.0,4.0,-5.0,0.0,1.0,-1.0,0.0,0.0,0.0,41.7,41.7,27.3,45.5,9.0,13.0,11.0,17.0,1495.5,1495.3
2016-02-03,2015,Everton,Newcastle,3,0,H,O,1.65,4.2,5.5,7,3,3,3,13,0.0,0.0,2.0,3.0,5.0,1.0,4.0,7.0,4.0,3.0,-2.0,-3.0,1.0,0.0,0.0,0.0,0.0,0.0,0.0,25.0,41.7,18.2,72.7,8.0,10.0,17.0,17.0,1494.8,1452.5
2016-02-02,2015,West Ham,Aston Villa,2,0,H,U,1.91,3.5,4.75,6,2,5,5,12,2.0,0.0,0.0,2.0,6.0,1.0,5.0,3.0,5.0,-2.0,3.0,-4.0,7.0,1.0,0.0,1.0,0.0,2.0,-2.0,36.4,18.2,8.3,66.7,18.0,10.0,12.0,16.0,1528.2,1417.1
2016-02-02,2015,West Brom,Swansea,1,1,D,U,2.63,3.1,3.1,7,4,7,7,13,2.0,1.0,0.0,1.0,3.0,3.0,0.0,1.0,3.0,-2.0,2.0,0.0,2.0,0.0,0.0,0.0,0.0,0.0,0.0,33.3,41.7,18.2,54.5,10.0,12.0,24.0,7.0,1483.6,1470.7
2016-02-02,2015,Sunderland,Man City,0,1,A,U,8.0,4.75,1.45,2,2,8,4,12,1.0,1.0,1.0,0.0,4.0,4.0,0.0,3.0,3.0,0.0,1.0,1.0,0.0,1.0,0.0,1.0,0.0,0.0,0.0,27.3,45.5,36.4,27.3,14.0,13.0,12.0,20.0,1437.4,1556.5
2016-02-02,2015,Norwich,Tottenham,0,3,A,O,4.5,3.75,1.85,2,6,6,8,12,2.0,2.0,1.0,0.0,7.0,6.0,1.0,5.0,3.0,2.0,2.0,3.0,-1.0,1.0,1.0,0.0,0.0,0.0,0.0,36.4,36.4,45.5,9.1,10.0,18.0,10.0,17.0,1453.0,1561.7
2016-02-02,2015,Man United,Stoke,3,0,H,O,1.7,3.75,5.75,5,0,2,5,12,1.0,1.0,1.0,2.0,2.0,5.0,-3.0,2.0,8.0,-6.0,0.0,-3.0,3.0,0.0,0.0,0.0,0.0,1.0,-1.0,45.5,18.2,33.3,33.3,9.0,10.0,13.0,12.0,1520.1,1513.0
2016-02-02,2015,Leicester,Liverpool,2,0,H,U,2.63,3.4,2.88,6,2,3,12,12,1.0,2.0,0.0,1.0,3.0,6.0,-3.0,0.0,6.0,-6.0,3.0,0.0,3.0,1.0,0.0,1.0,0.0,1.0,-1.0,54.5,9.1,41.7,33.3,11.0,15.0,16.0,16.0,1580.6,1514.5
2016-02-02,2015,Crystal Palace,Bournemouth,1,2,A,O,2.45,3.3,3.2,3,4,5,3,13,0.0,0.0,2.0,1.0,1.0,1.0,0.0,6.0,3.0,3.0,-5.0,-2.0,-3.0,0.0,0.0,0.0,2.0,1.0,1.0,33.3,50.0,25.0,50.0,9.0,8.0,15.0,8.0,1483.3,1479.0
2016-02-02,2015,Arsenal,Southampton,0,0,D,U,1.75,3.75,5.25,11,3,13,3,12,2.0,1.0,1.0,2.0,3.0,2.0,1.0,1.0,3.0,-2.0,2.0,-1.0,3.0,1.0,0.0,1.0,0.0,0.0,0.0,63.6,18.2,27.3,36.4,10.0,10.0,22.0,20.0,1553.0,1510.3
2016-01-24,2015,Everton,Swansea,1,2,A,O,1.73,3.8,5.5,2,5,7,1,12,0.0,0.0,2.0,2.0,6.0,2.0,4.0,8.0,4.0,4.0,-2.0,-2.0,0.0,0.0,0.0,0.0,0.0,0.0,0.0,27.3,36.4,10.0,60.0,11.0,14.0,20.0,11.0,1506.1,1459.4
2016-01-24,2015,Arsenal,Chelsea,0,1,A,U,2.1,3.5,3.9,1,6,6,7,11,3.0,1.0,0.0,1.0,5.0,4.0,1.0,1.0,2.0,-1.0,4.0,2.0,2.0,1.0,1.0,0.0,0.0,0.0,0.0,70.0,10.0,20.0,50.0,14.0,12.0,20.0,18.0,1565.4,1482.9
2016-01-23,2015,West Ham,Man City,2,2,D,O,5.0,4.0,1.73,3,3,5,2,11,2.0,1.0,0.0,1.0,4.0,3.0,1.0,1.0,3.0,-2.0,3.0,0.0,3.0,1.0,0.0,1.0,0.0,0.0,0.0,40.0,20.0,40.0,30.0,24.0,16.0,18.0,26.0,1527.3,1557.4
2016-01-23,2015,West Brom,Aston Villa,0,0,D,U,2.1,3.3,4.0,0,4,2,6,12,2.0,0.0,1.0,2.0,4.0,2.0,2.0,3.0,6.0,-3.0,1.0,-4.0,5.0,0.0,0.0,0.0,0.0,2.0,-2.0,36.4,45.5,9.1,72.7,12.0,13.0,26.0,17.0,1485.7,1415.1
2016-01-23,2015,Watford,Newcastle,2,1,H,O,2.05,3.5,4.0,5,2,2,7,12,1.0,1.0,2.0,2.0,5.0,2.0,3.0,4.0,3.0,1.0,1.0,-1.0,2.0,1.0,0.0,1.0,0.0,0.0,0.0,36.4,45.5,20.0,70.0,9.0,12.0,16.0,12.0,1486.2,1461.8
2016-01-23,2015,Sunderland,Bournemouth,1,1,D,U,3.0,3.4,2.5,5,5,3,4,11,1.0,1.0,2.0,1.0,3.0,2.0,1.0,3.0,3.0,0.0,0.0,-1.0,1.0,1.0,0.0,1.0,0.0,1.0,-1.0,30.0,50.0,27.3,54.5,11.0,10.0,17.0,12.0,1436.1,1480.2
2016-01-23,2015,Norwich,Liverpool,4,5,A,O,4.33,3.5,1.95,5,7,3,3,11,2.0,1.0,0.0,2.0,4.0,1.0,3.0,1.0,5.0,-4.0,3.0,-4.0,7.0,1.0,0.0,1.0,0.0,2.0,-2.0,40.0,30.0,36.4,36.4,7.0,12.0,12.0,22.0,1461.8,1505.8
2016-01-23,2015,Man United,Southampton,0,1,A,U,1.91,3.5,4.75,1,2,4,4,11,1.0,0.0,1.0,3.0,3.0,1.0,2.0,3.0,4.0,-1.0,0.0,-3.0,3.0,0.0,0.0,0.0,0.0,0.0,0.0,50.0,10.0,20.0,40.0,10.0,11.0,20.0,21.0,1531.0,1499.4
2016-01-23,2015,Leicester,Stoke,3,0,H,O,2.1,3.5,3.8,5,2,8,4,11,1.0,1.0,0.0,1.0,2.0,5.0,-3.0,1.0,5.0,-4.0,1.0,0.0,1.0,0.0,0.0,0.0,0.0,0.0,0.0,50.0,10.0,36.4,27.3,11.0,11.0,9.0,15.0,1572.0,1521.6
2016-01-23,2015,Crystal Palace,Tottenham,1,3,A,O,3.6,3.5,2.15,3,11,3,10,12,1.0,2.0,1.0,0.0,1.0,5.0,-4.0,3.0,2.0,1.0,-2.0,3.0,-5.0,0.0,1.0,-1.0,1.0,0.0,1.0,36.4,45.5,40.0,10.0,11.0,13.0,20.0,14.0,1491.5,1553.4
2016-01-18,2015,Swansea,Watford,1,0,H,U,2.38,3.25,3.4,2,2,6,3,12,1.0,1.0,1.0,1.0,3.0,3.0,0.0,4.0,4.0,0.0,-1.0,-1.0,0.0,0.0,0.0,0.0,1.0,1.0,0.0,27.3,36.4,40.0,30.0,9.0,10.0,16.0,8.0,1447.9,1497.6
2016-01-17,2015,Stoke,Arsenal,0,0,D,U,4.33,3.6,1.95,6,3,6,6,11,2.0,1.0,1.0,1.0,6.0,5.0,1.0,3.0,7.0,-4.0,3.0,-2.0,5.0,2.0,1.0,1.0,0.0,1.0,-1.0,50.0,40.0,54.5,27.3,12.0,13.0,15.0,12.0,1520.3,1566.7
2016-01-17,2015,Liverpool,Man United,0,1,A,U,2.3,3.25,3.5,4,1,5,4,11,1.0,0.0,0.0,2.0,6.0,4.0,2.0,5.0,7.0,-2.0,1.0,-3.0,4.0,0.0,0.0,0.0,0.0,1.0,-1.0,40.0,20.0,36.4,36.4,18.0,15.0,20.0,22.0,1515.6,1521.1
2016-01-16,2015,Tottenham,Sunderland,4,1,H,O,1.36,5.25,9.5,11,2,11,3,12,1.0,1.0,2.0,2.0,4.0,6.0,-2.0,3.0,9.0,-6.0,1.0,-3.0,4.0,1.0,1.0,0.0,0.0,2.0,-2.0,45.5,18.2,18.2,72.7,23.0,11.0,31.0,9.0,1546.3,1443.2
2016-01-16,2015,Southampton,West Brom,3,0,H,O,1.73,3.75,5.5,5,0,1,3,12,2.0,0.0,1.0,1.0,6.0,4.0,2.0,2.0,5.0,-3.0,4.0,-1.0,5.0,2.0,0.0,2.0,1.0,0.0,1.0,45.5,36.4,30.0,30.0,16.0,11.0,15.0,18.0,1489.2,1495.8
2016-01-16,2015,Newcastle,West Ham,2,1,H,O,2.5,3.4,3.0,10,3,3,3,12,0.0,1.0,1.0,0.0,4.0,4.0,0.0,5.0,2.0,3.0,-1.0,2.0,-3.0,0.0,1.0,-1.0,0.0,0.0,0.0,18.2,36.4,45.5,18.2,11.0,11.0,9.0,22.0,1449.3,1539.9
2016-01-16,2015,Man City,Crystal Palace,4,0,H,O,1.4,5.25,8.5,4,3,5,6,12,2.0,1.0,0.0,1.0,6.0,2.0,4.0,2.0,2.0,0.0,4.0,0.0,4.0,1.0,0.0,1.0,0.0,0.0,0.0,72.7,18.2,50.0,30.0,19.0,4.0,22.0,12.0,1548.8,1500.1
2016-01-16,2015,Chelsea,Everton,3,3,D,O,1.83,3.75,4.75,7,4,6,4,12,1.0,1.0,0.0,0.0,7.0,2.0,5.0,5.0,1.0,4.0,2.0,1.0,1.0,1.0,0.0,1.0,0.0,0.0,0.0,36.4,36.4,30.0,10.0,11.0,12.0,18.0,16.0,1482.2,1506.8
2016-01-16,2015,Bournemouth,Norwich,3,0,H,O,1.91,3.6,4.5,8,3,5,3,11,1.0,1.0,1.0,2.0,3.0,3.0,0.0,4.0,7.0,-3.0,-1.0,-4.0,3.0,0.0,0.0,0.0,1.0,2.0,-1.0,20.0,40.0,18.2,63.6,13.0,9.0,17.0,7.0,1470.2,1471.8
2016-01-16,2015,Aston Villa,Leicester,1,1,D,U,3.6,3.4,2.2,5,5,3,4,11,1.0,2.0,1.0,1.0,2.0,4.0,-2.0,3.0,3.0,0.0,-1.0,1.0,-2.0,0.0,0.0,0.0,1.0,0.0,1.0,10.0,60.0,63.6,9.1,13.0,10.0,23.0,16.0,1410.6,1576.4
2016-01-13,2015,Tottenham,Leicester,0,1,A,U,1.75,3.8,5.25,5,2,16,8,11,1.0,2.0,1.0,1.0,4.0,6.0,-2.0,2.0,3.0,-1.0,2.0,3.0,-1.0,1.0,1.0,0.0,0.0,0.0,0.0,50.0,10.0,60.0,10.0,22.0,13.0,19.0,16.0,1556.0,1566.7
2016-01-13,2015,Swansea,Sunderland,2,4,A,O,1.8,3.6,5.25,5,5,8,6,11,1.0,0.0,1.0,3.0,1.0,3.0,-2.0,3.0,10.0,-7.0,-2.0,-7.0,5.0,0.0,0.0,0.0,1.0,3.0,-2.0,30.0,30.0,10.0,80.0,6.0,10.0,11.0,5.0,1458.7,1432.5
2016-01-13,2015,Stoke,Norwich,3,1,H,O,2.05,3.3,4.2,4,2,7,3,10,2.0,1.0,1.0,2.0,5.0,2.0,3.0,2.0,6.0,-4.0,3.0,-4.0,7.0,2.0,0.0,2.0,0.0,2.0,-2.0,44.4,44.4,20.0,60.0,12.0,8.0,9.0,5.0,1511.1,1481.0
2016-01-13,2015,Southampton,Watford,2,0,H,U,1.95,3.5,4.33,7,1,8,1,11,1.0,2.0,1.0,0.0,5.0,6.0,-1.0,3.0,4.0,-1.0,2.0,2.0,0.0,1.0,0.0,1.0,1.0,0.0,1.0,40.0,40.0,44.4,22.2,14.0,15.0,17.0,17.0,1478.3,1508.5
2016-01-13,2015,Man City,Everton,0,0,D,U,1.53,4.75,6.0,5,2,12,5,11,3.0,1.0,0.0,0.0,9.0,5.0,4.0,3.0,4.0,-1.0,6.0,1.0,5.0,2.0,0.0,2.0,0.0,0.0,0.0,80.0,20.0,33.3,11.1,23.0,16.0,16.0,16.0,1550.1,1505.6
2016-01-13,2015,Liverpool,Arsenal,3,3,D,O,2.88,3.4,2.6,6,5,9,3,10,2.0,1.0,0.0,1.0,4.0,3.0,1.0,2.0,5.0,-3.0,2.0,-2.0,4.0,0.0,1.0,-1.0,0.0,1.0,-1.0,44.4,22.2,60.0,30.0,14.0,11.0,19.0,15.0,1514.0,1568.2
2016-01-13,2015,Chelsea,West Brom,2,2,D,O,1.44,4.5,9.0,2,6,7,7,11,1.0,0.0,1.0,1.0,5.0,3.0,2.0,4.0,4.0,0.0,1.0,-1.0,2.0,1.0,0.0,1.0,0.0,0.0,0.0,40.0,40.0,33.3,33.3,15.0,8.0,22.0,13.0,1481.8,1496.3
2016-01-12,2015,Newcastle,Man United,3,3,D,O,5.0,3.7,1.8,6,4,5,3,11,1.0,0.0,1.0,2.0,3.0,2.0,1.0,2.0,5.0,-3.0,1.0,-3.0,4.0,1.0,0.0,1.0,0.0,1.0,-1.0,20.0,40.0,40.0,40.0,6.0,13.0,6.0,27.0,1447.1,1523.3
2016-01-12,2015,Bournemouth,West Ham,1,3,A,O,2.0,3.6,4.0,4,5,4,7,10,1.0,0.0,0.0,0.0,5.0,1.0,4.0,4.0,1.0,3.0,1.0,0.0,1.0,0.0,0.0,0.0,0.0,0.0,0.0,22.2,33.3,40.0,20.0,19.0,8.0,23.0,17.0,1478.7,1531.4
2016-01-12,2015,Aston Villa,Crystal Palace,1,0,H,U,3.2,3.25,2.45,3,1,9,0,10,0.0,1.0,2.0,0.0,3.0,3.0,0.0,6.0,2.0,4.0,-3.0,1.0,-4.0,0.0,0.0,0.0,1.0,0.0,1.0,0.0,66.7,55.6,22.2,16.0,8.0,24.0,18.0,1397.4,1513.3
2016-01-03,2015,Everton,Tottenham,1,1,D,U,2.8,3.5,2.63,3,4,4,4,11,0.0,2.0,2.0,0.0,6.0,5.0,1.0,8.0,2.0,6.0,-2.0,3.0,-5.0,0.0,1.0,-1.0,0.0,0.0,0.0,30.0,40.0,44.4,11.1,12.0,12.0,29.0,16.0,1504.0,1557.5
2016-01-03,2015,Crystal Palace,Chelsea,0,3,A,O,3.8,3.5,2.1,4,4,5,7,11,2.0,0.0,0.0,1.0,6.0,1.0,5.0,1.0,2.0,-1.0,5.0,-1.0,6.0,1.0,0.0,1.0,0.0,0.0,0.0,40.0,40.0,11.1,55.6,15.0,9.0,22.0,15.0,1524.9,1470.2
2016-01-02,2015,West Ham,Liverpool,2,0,H,U,4.0,3.5,2.05,10,2,3,9,10,1.0,1.0,0.0,2.0,3.0,1.0,2.0,2.0,5.0,-3.0,1.0,-4.0,5.0,0.0,0.0,0.0,0.0,2.0,-2.0,33.3,22.2,40.0,30.0,20.0,11.0,20.0,20.0,1521.3,1524.1
2016-01-02,2015,West Brom,Stoke,2,1,H,O,2.8,3.2,2.8,5,3,4,6,11,1.0,1.0,1.0,1.0,3.0,4.0,-1.0,3.0,5.0,-2.0,0.0,-1.0,1.0,0.0,0.0,0.0,0.0,1.0,-1.0,30.0,50.0,40.0,20.0,11.0,11.0,25.0,14.0,1485.2,1522.2
2016-01-02,2015,Watford,Man City,1,2,A,O,5.0,4.0,1.75,3,5,4,5,11,2.0,0.0,1.0,2.0,6.0,1.0,5.0,2.0,4.0,-2.0,4.0,-3.0,7.0,2.0,0.0,2.0,0.0,1.0,-1.0,40.0,40.0,33.3,33.3,13.0,15.0,16.0,27.0,1517.8,1540.7
2016-01-02,2015,Sunderland,Aston Villa,3,1,H,O,2.5,3.25,3.2,6,3,3,3,10,1.0,0.0,2.0,1.0,2.0,2.0,0.0,2.0,4.0,-2.0,0.0,-2.0,2.0,1.0,0.0,1.0,0.0,1.0,-1.0,22.2,55.6,10.0,70.0,10.0,12.0,23.0,18.0,1422.9,1406.9
2016-01-02,2015,Norwich,Southampton,1,0,H,U,3.2,3.4,2.4,1,4,4,9,10,1.0,0.0,0.0,3.0,4.0,2.0,2.0,2.0,6.0,-4.0,2.0,-4.0,6.0,1.0,0.0,1.0,0.0,1.0,-1.0,33.3,33.3,22.2,33.3,8.0,15.0,11.0,16.0,1470.4,1488.8
2016-01-02,2015,Man United,Swansea,2,1,H,O,1.55,4.2,7.0,6,4,4,2,10,0.0,0.0,1.0,2.0,1.0,1.0,0.0,2.0,3.0,-1.0,-1.0,-2.0,1.0,0.0,0.0,0.0,0.0,0.0,0.0,44.4,11.1,11.1,55.6,5.0,10.0,22.0,16.0,1514.6,1467.3
2016-01-02,2015,Leicester,Bournemouth,0,0,D,U,1.91,3.75,4.33,2,0,7,1,10,1.0,2.0,0.0,1.0,3.0,3.0,0.0,2.0,3.0,-1.0,1.0,0.0,1.0,0.0,0.0,0.0,0.0,1.0,-1.0,55.6,11.1,30.0,60.0,12.0,15.0,3.0,15.0,1569.4,1476.1
2016-01-02,2015,Arsenal,Newcastle,1,0,H,U,1.29,6.5,11.0,3,6,7,4,10,3.0,1.0,0.0,2.0,7.0,3.0,4.0,2.0,7.0,-5.0,5.0,-4.0,9.0,2.0,0.0,2.0,0.0,1.0,-1.0,66.7,11.1,22.2,66.7,18.0,8.0,16.0,13.0,1561.2,1454.1
2015-12-30,2015,Sunderland,Liverpool,0,1,A,U,5.5,3.9,1.7,3,6,6,4,9,1.0,1.0,2.0,2.0,2.0,4.0,-2.0,2.0,6.0,-4.0,0.0,-2.0,2.0,1.0,1.0,0.0,0.0,2.0,-2.0,25.0,50.0,33.3,33.3,10.0,14.0,27.0,21.0,1430.5,1516.6
2015-12-29,2015,Leicester,Man City,0,0,D,U,4.33,4.0,1.85,4,5,1,13,9,2.0,0.0,0.0,2.0,5.0,1.0,4.0,3.0,4.0,-1.0,2.0,-3.0,5.0,0.0,0.0,0.0,0.0,1.0,-1.0,62.5,12.5,37.5,37.5,14.0,13.0,6.0,22.0,1570.2,1539.8
2015-12-28,2015,West Ham,Southampton,2,1,H,O,3.6,3.4,2.2,5,4,4,7,9,0.0,1.0,0.0,2.0,2.0,2.0,0.0,2.0,4.0,-2.0,0.0,-2.0,2.0,0.0,0.0,0.0,0.0,1.0,-1.0,25.0,25.0,25.0,25.0,20.0,15.0,19.0,20.0,1511.7,1498.4
2015-12-28,2015,West Brom,Newcastle,1,0,H,U,2.2,3.25,3.75,5,2,18,6,10,1.0,2.0,1.0,1.0,4.0,4.0,0.0,4.0,6.0,-2.0,0.0,-2.0,2.0,0.0,0.0,0.0,0.0,1.0,-1.0,22.2,55.6,25.0,62.5,7.0,7.0,10.0,7.0,1475.5,1463.8
2015-12-28,2015,Watford,Tottenham,1,2,A,O,3.75,3.5,2.1,1,3,5,3,10,2.0,1.0,1.0,0.0,6.0,4.0,2.0,2.0,2.0,0.0,4.0,2.0,2.0,2.0,1.0,1.0,0.0,0.0,0.0,44.4,33.3,37.5,12.5,17.0,13.0,15.0,19.0,1527.2,1548.1
2015-12-28,2015,Norwich,Aston Villa,2,0,H,U,2.05,3.6,3.8,4,3,3,7,9,1.0,0.0,0.0,1.0,3.0,2.0,1.0,2.0,6.0,-4.0,1.0,-4.0,5.0,0.0,0.0,0.0,0.0,1.0,-1.0,25.0,37.5,11.1,66.7,9.0,12.0,13.0,14.0,1461.8,1415.6
2015-12-28,2015,Man United,Chelsea,0,0,D,U,2.6,3.3,3.0,2,3,5,3,9,1.0,0.0,1.0,2.0,3.0,1.0,2.0,2.0,3.0,-1.0,1.0,-2.0,3.0,1.0,0.0,1.0,0.0,0.0,0.0,50.0,12.5,12.5,62.5,6.0,10.0,22.0,21.0,1516.0,1468.9
2015-12-28,2015,Everton,Stoke,3,4,A,O,1.95,3.6,4.2,3,5,6,2,10,1.0,1.0,1.0,1.0,7.0,1.0,6.0,4.0,2.0,2.0,3.0,-1.0,4.0,1.0,0.0,1.0,0.0,1.0,-1.0,33.3,33.3,33.3,22.2,18.0,10.0,25.0,15.0,1514.1,1512.2
2015-12-28,2015,Crystal Palace,Swansea,0,0,D,U,2.1,3.4,4.0,2,3,7,4,10,2.0,0.0,1.0,3.0,6.0,1.0,5.0,2.0,4.0,-2.0,4.0,-3.0,7.0,1.0,0.0,1.0,0.0,0.0,0.0,44.4,44.4,12.5,62.5,20.0,7.0,26.0,14.0,1526.6,1465.6
2015-12-28,2015,Arsenal,Bournemouth,2,0,H,U,1.44,4.75,8.0,6,3,9,3,9,2.0,2.0,0.0,0.0,6.0,5.0,1.0,3.0,3.0,0.0,3.0,2.0,1.0,1.0,0.0,1.0,0.0,0.0,0.0,62.5,12.5,33.3,55.6,16.0,16.0,14.0,17.0,1553.2,1484.1
2015-12-26,2015,Tottenham,Norwich,3,0,H,O,1.4,4.75,8.0,10,3,9,4,10,1.0,1.0,1.0,2.0,5.0,2.0,3.0,3.0,4.0,-1.0,2.0,-2.0,4.0,1.0,0.0,1.0,0.0,1.0,-1.0,44.4,11.1,22.2,55.6,24.0,7.0,17.0,6.0,1540.1,1469.8
2015-12-26,2015,Swansea,West Brom,1,0,H,U,1.91,3.4,4.5,2,3,0,7,10,0.0,0.0,1.0,1.0,2.0,3.0,-1.0,5.0,5.0,0.0,-3.0,-2.0,-1.0,0.0,0.0,0.0,1.0,1.0,0.0,22.2,33.3,37.5,25.0,8.0,5.0,15.0,7.0,1454.7,1486.4
2015-12-26,2015,Stoke,Man United,2,0,H,U,3.25,3.2,2.3,3,6,1,12,9,2.0,1.0,1.0,1.0,4.0,4.0,0.0,2.0,4.0,-2.0,2.0,0.0,2.0,1.0,0.0,1.0,0.0,0.0,0.0,37.5,50.0,44.4,33.3,11.0,13.0,9.0,25.0,1501.4,1526.7
2015-12-26,2015,Southampton,Arsenal,4,0,H,O,3.6,3.5,2.05,5,4,3,4,10,0.0,1.0,2.0,1.0,1.0,4.0,-3.0,4.0,3.0,1.0,-3.0,1.0,-4.0,0.0,1.0,-1.0,1.0,0.0,1.0,33.3,44.4,66.7,22.2,10.0,10.0,21.0,16.0,1486.2,1565.4
2015-12-26,2015,Newcastle,Everton,0,1,A,U,3.2,3.5,2.2,1,7,1,7,10,1.0,0.0,1.0,0.0,3.0,5.0,-2.0,4.0,5.0,-1.0,-1.0,0.0,-1.0,1.0,0.0,1.0,1.0,0.0,1.0,22.2,33.3,25.0,12.5,6.0,13.0,9.0,14.0,1472.9,1505.0
2015-12-26,2015,Man City,Sunderland,4,1,H,O,1.2,7.0,13.0,9,3,5,1,10,2.0,1.0,1.0,2.0,6.0,3.0,3.0,6.0,6.0,0.0,0.0,-3.0,3.0,1.0,0.0,1.0,1.0,2.0,-1.0,77.8,22.2,11.1,77.8,17.0,11.0,22.0,6.0,1532.5,1437.9
2015-12-26,2015,Liverpool,Leicester,1,0,H,U,1.91,3.8,3.8,4,3,7,6,9,1.0,3.0,1.0,0.0,4.0,9.0,-5.0,4.0,2.0,2.0,0.0,7.0,-7.0,0.0,2.0,-2.0,0.0,0.0,0.0,37.5,25.0,66.7,0.0,14.0,17.0,26.0,19.0,1504.3,1582.4
2015-12-26,2015,Chelsea,Watford,2,2,D,O,1.44,4.5,7.5,2,3,9,4,10,2.0,2.0,1.0,1.0,4.0,5.0,-1.0,2.0,4.0,-2.0,2.0,1.0,1.0,1.0,0.0,1.0,0.0,0.0,0.0,44.4,44.4,50.0,25.0,20.0,16.0,19.0,15.0,1467.1,1529.0
2015-12-26,2015,Bournemouth,Crystal Palace,0,0,D,U,2.4,3.3,3.0,4,0,8,9,9,1.0,2.0,1.0,0.0,5.0,5.0,0.0,5.0,3.0,2.0,0.0,2.0,-2.0,0.0,0.0,0.0,0.0,0.0,0.0,25.0,37.5,62.5,25.0,20.0,12.0,31.0,15.0,1482.8,1527.9
2015-12-26,2015,Aston Villa,West Ham,1,1,D,U,2.63,3.25,2.75,8,4,9,6,9,0.0,0.0,2.0,1.0,2.0,1.0,1.0,5.0,4.0,1.0,-3.0,-3.0,0.0,0.0,0.0,0.0,1.0,1.0,0.0,0.0,75.0,44.4,22.2,8.0,8.0,18.0,17.0,1412.8,1514.5
2015-12-21,2015,Arsenal,Man City,2,1,H,O,2.45,3.5,3.0,5,6,4,8,8,2.0,0.0,0.0,1.0,6.0,0.0,6.0,3.0,2.0,1.0,3.0,-2.0,5.0,1.0,0.0,1.0,0.0,1.0,-1.0,57.1,14.3,42.9,28.6,16.0,8.0,17.0,18.0,1555.8,1542.1
2015-12-20,2015,Watford,Liverpool,3,0,H,O,4.2,3.6,1.95,5,4,7,9,9,2.0,2.0,1.0,1.0,5.0,7.0,-2.0,2.0,4.0,-2.0,3.0,3.0,0.0,2.0,2.0,0.0,0.0,1.0,-1.0,37.5,37.5,37.5,25.0,17.0,17.0,15.0,19.0,1519.1,1514.2
2015-12-20,2015,Swansea,West Ham,0,0,D,U,2.1,3.4,3.9,2,2,8,9,9,0.0,0.0,2.0,2.0,2.0,1.0,1.0,8.0,6.0,2.0,-6.0,-5.0,-1.0,0.0,0.0,0.0,2.0,2.0,0.0,25.0,37.5,50.0,25.0,9.0,9.0,11.0,10.0,1452.9,1516.3
2015-12-19,2015,West Brom,Bournemouth,1,2,A,O,2.55,3.3,3.0,2,7,4,8,9,1.0,1.0,1.0,1.0,5.0,3.0,2.0,5.0,4.0,1.0,0.0,-1.0,1.0,0.0,0.0,0.0,0.0,1.0,-1.0,25.0,50.0,25.0,62.5,11.0,11.0,12.0,15.0,1497.2,1472.1
2015-12-19,2015,Stoke,Crystal Palace,1,2,A,O,2.5,3.2,3.2,5,3,7,3,8,2.0,1.0,1.0,1.0,3.0,3.0,0.0,2.0,3.0,-1.0,1.0,0.0,1.0,1.0,0.0,1.0,1.0,0.0,1.0,42.9,42.9,57.1,28.6,7.0,13.0,13.0,14.0,1511.2,1518.1
2015-12-19,2015,Southampton,Tottenham,0,2,A,U,2.7,3.4,2.8,4,6,4,7,9,1.0,1.0,1.0,0.0,3.0,7.0,-4.0,2.0,3.0,-1.0,1.0,4.0,-3.0,1.0,1.0,0.0,0.0,0.0,0.0,37.5,37.5,28.6,14.3,8.0,16.0,21.0,17.0,1495.2,1531.2
2015-12-19,2015,Newcastle,Aston Villa,1,1,D,U,2.05,3.5,4.0,4,7,3,7,9,1.0,0.0,1.0,2.0,2.0,2.0,0.0,3.0,8.0,-5.0,-1.0,-6.0,5.0,1.0,0.0,1.0,1.0,2.0,-1.0,25.0,37.5,12.5,75.0,8.0,7.0,17.0,10.0,1474.7,1411.0
2015-12-19,2015,Man United,Norwich,1,2,A,O,1.45,4.5,8.5,2,4,11,0,8,1.0,0.0,0.0,3.0,2.0,1.0,1.0,0.0,5.0,-5.0,2.0,-4.0,6.0,1.0,0.0,1.0,0.0,1.0,-1.0,57.1,0.0,12.5,62.5,5.0,6.0,17.0,10.0,1539.0,1457.4
2015-12-19,2015,Everton,Leicester,2,3,A,O,2.1,3.75,3.6,5,5,10,2,9,2.0,3.0,0.0,0.0,11.0,9.0,2.0,3.0,2.0,1.0,8.0,7.0,1.0,2.0,2.0,0.0,0.0,0.0,0.0,37.5,25.0,62.5,0.0,21.0,17.0,21.0,21.0,1513.3,1574.2
2015-12-19,2015,Chelsea,Sunderland,3,1,H,O,1.33,5.25,12.0,7,3,2,2,9,1.0,1.0,2.0,2.0,2.0,4.0,-2.0,4.0,9.0,-5.0,-2.0,-5.0,3.0,0.0,0.0,0.0,1.0,2.0,-1.0,37.5,50.0,12.5,75.0,15.0,17.0,18.0,5.0,1457.4,1447.6
2015-12-14,2015,Leicester,Chelsea,2,1,H,O,3.2,3.5,2.35,5,5,1,8,8,2.0,0.0,0.0,2.0,4.0,1.0,3.0,2.0,3.0,-1.0,2.0,-2.0,4.0,0.0,0.0,0.0,0.0,0.0,0.0,57.1,14.3,14.3,57.1,12.0,9.0,8.0,17.0,1567.1,1464.6
2015-12-13,2015,Tottenham,Newcastle,1,2,A,O,1.36,5.5,9.0,8,4,6,2,9,2.0,1.0,0.0,2.0,7.0,2.0,5.0,2.0,8.0,-6.0,5.0,-6.0,11.0,2.0,0.0,2.0,0.0,2.0,-2.0,50.0,0.0,14.3,71.4,22.0,11.0,15.0,15.0,1543.5,1462.4
2015-12-13,2015,Liverpool,West Brom,2,2,D,O,1.4,4.75,10.0,8,2,4,4,8,1.0,1.0,1.0,1.0,3.0,2.0,1.0,3.0,3.0,0.0,0.0,-1.0,1.0,0.0,0.0,0.0,0.0,1.0,-1.0,42.9,28.6,42.9,28.6,8.0,7.0,32.0,6.0,1514.7,1496.6
2015-12-13,2015,Aston Villa,Arsenal,0,2,A,U,6.5,4.2,1.57,2,4,5,5,8,0.0,1.0,2.0,1.0,3.0,5.0,-2.0,5.0,3.0,2.0,-2.0,2.0,-4.0,0.0,1.0,-1.0,0.0,0.0,0.0,0.0,71.4,62.5,25.0,9.0,11.0,17.0,15.0,1417.3,1549.5
2015-12-12,2015,West Ham,Stoke,0,0,D,U,2.63,3.3,2.9,9,3,11,7,8,1.0,1.0,0.0,1.0,4.0,1.0,3.0,3.0,2.0,1.0,1.0,-1.0,2.0,0.0,0.0,0.0,0.0,1.0,-1.0,28.6,28.6,37.5,25.0,16.0,9.0,15.0,12.0,1516.5,1511.1
2015-12-12,2015,Sunderland,Watford,0,1,A,U,2.9,3.3,2.63,2,6,8,3,8,2.0,2.0,1.0,1.0,5.0,6.0,-1.0,1.0,4.0,-3.0,4.0,2.0,2.0,2.0,1.0,1.0,0.0,0.0,0.0,28.6,42.9,42.9,28.6,11.0,13.0,20.0,17.0,1456.0,1510.7
2015-12-12,2015,Norwich,Everton,1,1,D,U,2.9,3.5,2.55,2,3,5,4,8,1.0,0.0,1.0,1.0,2.0,5.0,-3.0,2.0,6.0,-4.0,0.0,-1.0,1.0,0.0,0.0,0.0,0.0,0.0,0.0,28.6,42.9,28.6,14.3,10.0,15.0,21.0,15.0,1455.8,1515.0
2015-12-12,2015,Man City,Swansea,2,1,H,O,1.3,6.0,11.0,5,7,5,5,9,2.0,1.0,1.0,2.0,6.0,2.0,4.0,6.0,3.0,3.0,0.0,-1.0,1.0,1.0,0.0,1.0,1.0,0.0,1.0,75.0,25.0,14.3,57.1,17.0,4.0,29.0,15.0,1534.2,1460.8
2015-12-12,2015,Crystal Palace,Southampton,1,0,H,U,2.6,3.3,3.0,5,3,8,5,9,1.0,1.0,1.0,1.0,5.0,3.0,2.0,2.0,4.0,-2.0,3.0,-1.0,4.0,1.0,0.0,1.0,0.0,1.0,-1.0,37.5,50.0,28.6,14.3,20.0,15.0,25.0,22.0,1508.2,1505.1
2015-12-12,2015,Bournemouth,Man United,2,1,H,O,3.4,3.4,2.3,5,5,5,7,8,0.0,1.0,2.0,0.0,4.0,3.0,1.0,9.0,2.0,7.0,-5.0,1.0,-6.0,0.0,0.0,0.0,1.0,0.0,1.0,14.3,42.9,50.0,25.0,18.0,9.0,30.0,21.0,1459.5,1551.6
2015-12-07,2015,Everton,Crystal Palace,1,1,D,U,2.1,3.6,3.75,4,5,13,6,8,2.0,2.0,1.0,1.0,10.0,3.0,7.0,5.0,2.0,3.0,5.0,1.0,4.0,2.0,0.0,2.0,1.0,0.0,1.0,42.9,28.6,66.7,33.3,20.0,11.0,13.0,12.0,1515.2,1508.0
2015-12-06,2015,Newcastle,Liverpool,2,0,H,U,5.75,4.33,1.62,1,1,2,7,8,1.0,2.0,1.0,0.0,6.0,7.0,-1.0,5.0,2.0,3.0,1.0,5.0,-4.0,1.0,2.0,-1.0,1.0,0.0,1.0,14.3,42.9,42.9,14.3,13.0,19.0,18.0,18.0,1450.2,1526.9
2015-12-05,2015,West Brom,Tottenham,1,1,D,U,4.75,3.6,1.85,4,3,3,6,8,2.0,1.0,1.0,0.0,5.0,8.0,-3.0,4.0,4.0,0.0,1.0,4.0,-3.0,0.0,1.0,-1.0,0.0,0.0,0.0,28.6,57.1,33.3,16.7,8.0,24.0,10.0,17.0,1495.2,1544.9
2015-12-05,2015,Watford,Norwich,2,0,H,U,2.15,3.5,3.6,7,1,4,1,8,1.0,0.0,2.0,3.0,3.0,3.0,0.0,5.0,9.0,-4.0,-2.0,-6.0,4.0,1.0,0.0,1.0,1.0,1.0,0.0,28.6,42.9,14.3,57.1,11.0,11.0,14.0,16.0,1501.8,1464.7
2015-12-05,2015,Swansea,Leicester,0,3,A,O,2.7,3.4,2.75,2,5,3,8,8,0.0,2.0,2.0,0.0,2.0,8.0,-6.0,6.0,4.0,2.0,-4.0,4.0,-8.0,0.0,1.0,-1.0,1.0,0.0,1.0,28.6,28.6,57.1,0.0,9.0,19.0,9.0,20.0,1468.2,1559.6
2015-12-05,2015,Stoke,Man City,2,0,H,U,5.25,4.0,1.7,4,4,1,6,7,2.0,0.0,1.0,1.0,3.0,1.0,2.0,3.0,4.0,-1.0,0.0,-3.0,3.0,0.0,0.0,0.0,1.0,1.0,0.0,33.3,50.0,50.0,16.7,8.0,12.0,15.0,21.0,1499.8,1545.5
2015-12-05,2015,Southampton,Aston Villa,1,1,D,U,1.5,4.5,7.5,5,2,10,4,8,1.0,0.0,1.0,3.0,4.0,1.0,3.0,3.0,9.0,-6.0,1.0,-8.0,9.0,1.0,0.0,1.0,0.0,3.0,-3.0,42.9,42.9,14.3,85.7,9.0,6.0,17.0,10.0,1507.7,1414.7
2015-12-05,2015,Man United,West Ham,0,0,D,U,1.44,4.5,9.0,1,2,6,2,7,2.0,1.0,0.0,2.0,5.0,4.0,1.0,0.0,7.0,-7.0,5.0,-3.0,8.0,2.0,1.0,1.0,0.0,2.0,-2.0,66.7,0.0,57.1,28.6,11.0,11.0,16.0,17.0,1552.7,1515.4
2015-12-05,2015,Chelsea,Bournemouth,0,1,A,U,1.36,5.25,9.5,6,5,11,4,8,2.0,0.0,1.0,2.0,4.0,3.0,1.0,3.0,9.0,-6.0,1.0,-6.0,7.0,1.0,0.0,1.0,1.0,2.0,-1.0,42.9,42.9,14.3,71.4,12.0,7.0,11.0,18.0,1475.3,1448.7
2015-12-05,2015,Arsenal,Sunderland,3,1,H,O,1.29,6.0,13.0,7,4,3,2,7,2.0,1.0,0.0,2.0,6.0,3.0,3.0,2.0,7.0,-5.0,4.0,-4.0,8.0,1.0,0.0,1.0,0.0,1.0,-1.0,50.0,16.7,14.3,71.4,14.0,15.0,17.0,8.0,1541.7,1463.8
2015-11-29,2015,West Ham,West Brom,1,1,D,U,2.05,3.5,4.0,6,3,5,2,7,1.0,1.0,0.0,2.0,5.0,1.0,4.0,4.0,4.0,0.0,1.0,-3.0,4.0,0.0,0.0,0.0,0.0,2.0,-2.0,33.3,33.3,50.0,33.3,17.0,6.0,17.0,7.0,1516.1,1494.6
2015-11-29,2015,Tottenham,Chelsea,0,0,D,U,2.6,3.4,2.9,4,1,4,4,8,2.0,0.0,0.0,2.0,7.0,3.0,4.0,2.0,5.0,-3.0,5.0,-2.0,7.0,2.0,0.0,2.0,0.0,0.0,0.0,57.1,0.0,16.7,66.7,22.0,12.0,19.0,19.0,1547.0,1473.2
2015-11-29,2015,Norwich,Arsenal,1,1,D,U,6.0,4.2,1.62,2,3,3,6,7,1.0,2.0,2.0,1.0,2.0,7.0,-5.0,3.0,2.0,1.0,-1.0,5.0,-6.0,0.0,2.0,-2.0,0.0,0.0,0.0,33.3,50.0,71.4,28.6,10.0,14.0,34.0,18.0,1462.4,1544.0
2015-11-29,2015,Liverpool,Swansea,1,0,H,U,1.44,4.75,8.0,2,0,8,7,7,1.0,1.0,1.0,2.0,5.0,3.0,2.0,5.0,5.0,0.0,0.0,-2.0,2.0,0.0,0.0,0.0,0.0,1.0,-1.0,33.3,33.3,16.7,50.0,18.0,8.0,35.0,11.0,1518.1,1477.1
2015-11-28,2015,Sunderland,Stoke,2,0,H,U,3.2,3.3,2.45,5,3,9,5,7,1.0,2.0,1.0,0.0,5.0,2.0,3.0,3.0,0.0,3.0,2.0,2.0,0.0,1.0,0.0,1.0,0.0,0.0,0.0,16.7,50.0,42.9,14.3,9.0,8.0,12.0,9.0,1452.1,1511.5
2015-11-28,2015,Man City,Southampton,3,1,H,O,1.6,4.33,6.0,9,8,6,4,8,2.0,2.0,1.0,0.0,8.0,5.0,3.0,6.0,2.0,4.0,2.0,3.0,-1.0,1.0,1.0,0.0,1.0,0.0,1.0,71.4,28.6,33.3,0.0,19.0,12.0,24.0,24.0,1536.0,1517.2
2015-11-28,2015,Leicester,Man United,1,1,D,U,3.1,3.5,2.4,3,2,1,8,7,2.0,2.0,1.0,0.0,5.0,5.0,0.0,6.0,1.0,5.0,-1.0,4.0,-5.0,0.0,1.0,-1.0,1.0,0.0,1.0,66.7,16.7,57.1,28.6,16.0,14.0,13.0,16.0,1559.8,1552.5
2015-11-28,2015,Crystal Palace,Newcastle,5,1,H,O,1.7,3.9,5.5,8,2,7,5,8,0.0,1.0,2.0,2.0,1.0,2.0,-1.0,4.0,9.0,-5.0,-3.0,-7.0,4.0,0.0,0.0,0.0,1.0,2.0,-1.0,28.6,57.1,16.7,66.7,13.0,13.0,19.0,13.0,1499.2,1459.1
2015-11-28,2015,Bournemouth,Everton,3,3,D,O,2.9,3.6,2.5,10,6,10,5,7,0.0,1.0,2.0,1.0,2.0,5.0,-3.0,7.0,5.0,2.0,-5.0,0.0,-5.0,0.0,0.0,0.0,1.0,0.0,1.0,16.7,50.0,33.3,16.7,14.0,13.0,25.0,14.0,1446.7,1517.2
2015-11-28,2015,Aston Villa,Watford,2,3,A,O,2.75,3.3,2.8,6,6,10,10,7,0.0,1.0,2.0,1.0,1.0,4.0,-3.0,3.0,3.0,0.0,-2.0,1.0,-3.0,0.0,1.0,-1.0,0.0,0.0,0.0,0.0,66.7,33.3,33.3,5.0,9.0,16.0,10.0,1422.7,1493.8
2015-11-23,2015,Crystal Palace,Sunderland,0,1,A,U,1.57,4.0,7.0,7,4,11,2,7,1.0,0.0,1.0,3.0,3.0,2.0,1.0,3.0,10.0,-7.0,0.0,-8.0,8.0,1.0,0.0,1.0,1.0,2.0,-1.0,33.3,50.0,0.0,83.3,14.0,15.0,16.0,8.0,1511.2,1440.1
2015-11-22,2015,Tottenham,West Ham,4,1,H,O,1.57,4.2,6.5,12,4,7,6,7,2.0,1.0,0.0,1.0,7.0,5.0,2.0,2.0,5.0,-3.0,5.0,0.0,5.0,2.0,1.0,1.0,0.0,1.0,-1.0,50.0,0.0,66.7,16.7,18.0,13.0,17.0,19.0,1537.3,1525.7
2015-11-21,2015,West Brom,Arsenal,2,1,H,O,7.0,4.33,1.53,1,3,3,5,7,1.0,3.0,2.0,0.0,5.0,11.0,-6.0,6.0,2.0,4.0,-1.0,9.0,-10.0,0.0,3.0,-3.0,0.0,0.0,0.0,16.7,66.7,83.3,16.7,11.0,23.0,13.0,18.0,1482.5,1556.1
2015-11-21,2015,Watford,Man United,1,2,A,O,4.33,3.4,2.0,5,6,4,10,7,1.0,1.0,2.0,1.0,2.0,3.0,-1.0,4.0,3.0,1.0,-2.0,0.0,-2.0,1.0,1.0,0.0,1.0,1.0,0.0,33.3,33.3,50.0,33.3,8.0,13.0,16.0,12.0,1502.6,1543.6
2015-11-21,2015,Swansea,Bournemouth,2,2,D,O,1.91,3.6,4.5,4,4,4,5,7,0.0,0.0,2.0,3.0,2.0,2.0,0.0,6.0,9.0,-3.0,-4.0,-7.0,3.0,0.0,0.0,0.0,1.0,2.0,-1.0,33.3,33.3,16.7,83.3,7.0,9.0,10.0,20.0,1478.0,1445.8
2015-11-21,2015,Southampton,Stoke,0,1,A,U,1.57,4.0,7.0,1,4,7,3,7,2.0,2.0,0.0,0.0,7.0,2.0,5.0,3.0,0.0,3.0,4.0,2.0,2.0,2.0,0.0,2.0,0.0,0.0,0.0,50.0,33.3,33.3,16.7,15.0,9.0,14.0,11.0,1527.9,1500.7
2015-11-21,2015,Newcastle,Leicester,0,3,A,O,2.88,3.6,2.5,1,7,4,9,7,1.0,2.0,0.0,0.0,8.0,7.0,1.0,4.0,5.0,-1.0,4.0,2.0,2.0,1.0,0.0,1.0,0.0,0.0,0.0,16.7,33.3,50.0,0.0,17.0,17.0,18.0,19.0,1466.6,1552.2
2015-11-21,2015,Man City,Liverpool,1,4,A,O,1.7,4.0,5.5,3,9,11,5,7,3.0,1.0,0.0,0.0,13.0,4.0,9.0,3.0,2.0,1.0,10.0,2.0,8.0,2.0,1.0,1.0,0.0,0.0,0.0,83.3,16.7,33.3,16.7,27.0,14.0,19.0,24.0,1547.2,1506.9
2015-11-21,2015,Everton,Aston Villa,4,0,H,O,1.57,4.2,6.5,9,3,2,3,7,1.0,0.0,1.0,3.0,7.0,3.0,4.0,6.0,8.0,-2.0,1.0,-5.0,6.0,1.0,0.0,1.0,1.0,2.0,-1.0,33.3,33.3,16.7,83.3,15.0,7.0,16.0,8.0,1509.4,1430.5
2015-11-21,2015,Chelsea,Norwich,1,0,H,U,1.4,5.0,9.0,7,2,6,5,7,1.0,0.0,2.0,2.0,4.0,5.0,-1.0,6.0,10.0,-4.0,-2.0,-5.0,3.0,1.0,0.0,1.0,2.0,1.0,1.0,33.3,50.0,16.7,50.0,8.0,16.0,9.0,16.0,1462.9,1472.7
2015-11-08,2015,Liverpool,Crystal Palace,1,2,A,O,1.67,3.8,6.0,4,4,14,6,6,1.0,1.0,0.0,2.0,5.0,1.0,4.0,4.0,2.0,2.0,1.0,-1.0,2.0,0.0,0.0,0.0,0.0,0.0,0.0,40.0,20.0,60.0,40.0,21.0,11.0,27.0,11.0,1517.4,1500.7
2015-11-08,2015,Aston Villa,Man City,0,0,D,U,7.5,5.0,1.44,0,3,3,8,6,0.0,1.0,3.0,1.0,1.0,2.0,-1.0,4.0,4.0,0.0,-3.0,-2.0,-1.0,0.0,0.0,0.0,0.0,1.0,-1.0,0.0,80.0,60.0,20.0,8.0,16.0,15.0,17.0,1427.0,1550.6
2015-11-08,2015,Arsenal,Tottenham,1,1,D,U,1.73,4.0,5.0,4,4,7,6,6,3.0,2.0,0.0,0.0,7.0,8.0,-1.0,1.0,3.0,-2.0,6.0,5.0,1.0,2.0,1.0,1.0,0.0,0.0,0.0,60.0,20.0,40.0,20.0,22.0,24.0,23.0,19.0,1556.6,1536.7
2015-11-07,2015,West Ham,Everton,1,1,D,U,2.6,3.5,2.8,5,4,3,5,6,2.0,1.0,0.0,1.0,6.0,4.0,2.0,3.0,4.0,-1.0,3.0,0.0,3.0,1.0,0.0,1.0,0.0,0.0,0.0,40.0,40.0,40.0,20.0,15.0,11.0,20.0,13.0,1526.2,1508.9
2015-11-07,2015,Sunderland,Southampton,0,1,A,U,4.75,3.8,1.8,3,4,10,11,6,1.0,1.0,1.0,0.0,5.0,4.0,1.0,3.0,2.0,1.0,2.0,2.0,0.0,1.0,1.0,0.0,0.0,0.0,0.0,20.0,40.0,20.0,0.0,8.0,12.0,8.0,18.0,1448.1,1520.0
2015-11-07,2015,Stoke,Chelsea,1,0,H,U,3.8,3.6,2.05,2,4,1,9,6,1.0,0.0,1.0,2.0,4.0,4.0,0.0,5.0,7.0,-2.0,-1.0,-3.0,2.0,0.0,0.0,0.0,1.0,1.0,0.0,20.0,60.0,20.0,60.0,10.0,10.0,17.0,24.0,1491.2,1472.4
2015-11-07,2015,Norwich,Swansea,1,0,H,U,2.45,3.4,3.1,5,0,5,2,6,1.0,1.0,2.0,2.0,4.0,3.0,1.0,4.0,5.0,-1.0,0.0,-2.0,2.0,1.0,0.0,1.0,0.0,1.0,-1.0,20.0,60.0,20.0,40.0,9.0,11.0,33.0,12.0,1461.9,1488.8
2015-11-07,2015,Man United,West Brom,2,0,H,U,1.33,5.25,12.0,3,0,5,1,6,2.0,2.0,0.0,1.0,6.0,2.0,4.0,1.0,2.0,-1.0,5.0,0.0,5.0,2.0,0.0,2.0,0.0,1.0,-1.0,60.0,0.0,60.0,20.0,11.0,12.0,15.0,13.0,1534.9,1491.3
2015-11-07,2015,Leicester,Watford,2,1,H,O,1.85,3.8,4.5,6,4,4,2,6,2.0,2.0,1.0,0.0,6.0,5.0,1.0,7.0,2.0,5.0,-1.0,3.0,-4.0,0.0,1.0,-1.0,1.0,0.0,1.0,60.0,20.0,40.0,20.0,16.0,9.0,13.0,13.0,1543.2,1511.7
2015-11-07,2015,Bournemouth,Newcastle,0,1,A,U,2.25,3.5,3.4,5,1,16,0,6,1.0,0.0,1.0,3.0,4.0,1.0,3.0,6.0,11.0,-5.0,-2.0,-10.0,8.0,1.0,0.0,1.0,1.0,3.0,-2.0,20.0,40.0,0.0,80.0,14.0,16.0,16.0,20.0,1455.8,1456.7
2015-11-02,2015,Tottenham,Aston Villa,3,1,H,O,1.44,4.75,8.0,6,2,4,3,6,2.0,0.0,0.0,3.0,5.0,4.0,1.0,1.0,8.0,-7.0,4.0,-4.0,8.0,1.0,0.0,1.0,0.0,1.0,-1.0,40.0,0.0,20.0,80.0,18.0,9.0,19.0,10.0,1529.4,1434.4
2015-11-01,2015,Southampton,Bournemouth,2,0,H,U,1.55,4.33,6.5,2,2,4,6,6,1.0,0.0,1.0,3.0,7.0,3.0,4.0,6.0,10.0,-4.0,1.0,-7.0,8.0,1.0,0.0,1.0,0.0,2.0,-2.0,40.0,40.0,20.0,80.0,21.0,9.0,15.0,18.0,1511.3,1464.4
2015-11-01,2015,Everton,Sunderland,6,2,H,O,1.5,4.5,7.5,8,9,6,1,6,1.0,0.0,1.0,3.0,4.0,0.0,4.0,5.0,6.0,-1.0,-1.0,-6.0,5.0,1.0,0.0,1.0,1.0,2.0,-1.0,20.0,40.0,0.0,80.0,16.0,8.0,17.0,10.0,1500.1,1456.8
2015-10-31,2015,West Brom,Leicester,2,3,A,O,2.9,3.4,2.6,6,5,6,4,6,1.0,1.0,1.0,0.0,3.0,6.0,-3.0,3.0,5.0,-2.0,0.0,1.0,-1.0,0.0,0.0,0.0,0.0,0.0,0.0,20.0,60.0,40.0,0.0,6.0,17.0,11.0,19.0,1500.3,1534.1
2015-10-31,2015,Watford,West Ham,2,0,H,U,2.6,3.4,2.9,5,3,7,2,6,1.0,2.0,2.0,0.0,1.0,7.0,-6.0,4.0,4.0,0.0,-3.0,3.0,-6.0,0.0,1.0,-1.0,1.0,0.0,1.0,20.0,40.0,80.0,0.0,9.0,13.0,10.0,20.0,1500.7,1537.3
2015-10-31,2015,Swansea,Arsenal,0,3,A,O,5.0,4.0,1.75,3,5,4,4,6,0.0,2.0,1.0,1.0,2.0,8.0,-6.0,3.0,4.0,-1.0,-1.0,4.0,-5.0,0.0,2.0,-2.0,0.0,1.0,-1.0,40.0,20.0,80.0,20.0,7.0,20.0,8.0,19.0,1497.3,1548.1
2015-10-31,2015,Newcastle,Stoke,0,0,D,U,2.4,3.4,3.2,6,2,11,4,6,1.0,2.0,1.0,1.0,9.0,2.0,7.0,6.0,2.0,4.0,3.0,0.0,3.0,1.0,0.0,1.0,0.0,1.0,-1.0,20.0,40.0,40.0,20.0,16.0,11.0,12.0,8.0,1455.6,1492.3
2015-10-31,2015,Man City,Norwich,2,1,H,O,1.29,6.0,12.0,5,3,12,4,6,2.0,0.0,1.0,1.0,12.0,5.0,7.0,4.0,9.0,-5.0,8.0,-4.0,12.0,2.0,0.0,2.0,0.0,1.0,-1.0,80.0,20.0,20.0,40.0,30.0,15.0,23.0,14.0,1542.7,1469.8
2015-10-31,2015,Crystal Palace,Man United,0,0,D,U,3.8,3.5,2.1,5,1,7,3,6,1.0,2.0,2.0,1.0,3.0,6.0,-3.0,4.0,5.0,-1.0,-1.0,1.0,-2.0,1.0,1.0,0.0,1.0,1.0,0.0,40.0,60.0,60.0,40.0,11.0,15.0,13.0,14.0,1499.7,1535.9
2015-10-31,2015,Chelsea,Liverpool,1,3,A,O,2.1,3.5,3.75,2,7,1,7,6,2.0,0.0,1.0,1.0,5.0,2.0,3.0,3.0,4.0,-1.0,2.0,-2.0,4.0,2.0,0.0,2.0,1.0,1.0,0.0,40.0,40.0,20.0,20.0,13.0,11.0,13.0,21.0,1481.6,1508.2
2015-10-25,2015,Sunderland,Newcastle,3,0,H,O,2.6,3.4,2.9,3,8,1,10,5,0.0,0.0,1.0,2.0,3.0,1.0,2.0,4.0,8.0,-4.0,-1.0,-7.0,6.0,0.0,0.0,0.0,0.0,2.0,-2.0,0.0,50.0,0.0,75.0,7.0,8.0,10.0,15.0,1446.2,1466.2
2015-10-25,2015,Man United,Man City,0,0,D,U,2.6,3.5,2.8,1,1,6,4,5,2.0,2.0,0.0,1.0,6.0,4.0,2.0,1.0,4.0,-3.0,5.0,0.0,5.0,2.0,1.0,1.0,0.0,1.0,-1.0,75.0,0.0,75.0,25.0,18.0,24.0,20.0,20.0,1535.7,1542.9
2015-10-25,2015,Liverpool,Southampton,1,1,D,U,2.05,3.6,3.8,2,3,10,7,5,1.0,1.0,1.0,0.0,4.0,3.0,1.0,6.0,1.0,5.0,-2.0,2.0,-4.0,0.0,1.0,-1.0,1.0,0.0,1.0,50.0,25.0,25.0,0.0,20.0,14.0,22.0,13.0,1508.1,1511.4
2015-10-25,2015,Bournemouth,Tottenham,1,5,A,O,3.4,3.5,2.25,3,9,4,5,5,1.0,1.0,0.0,0.0,4.0,4.0,0.0,2.0,3.0,-1.0,2.0,1.0,1.0,1.0,0.0,1.0,0.0,0.0,0.0,25.0,25.0,25.0,25.0,13.0,21.0,16.0,21.0,1473.1,1520.8
2015-10-24,2015,West Ham,Chelsea,2,1,H,O,4.0,3.8,1.95,5,4,7,4,5,1.0,1.0,1.0,1.0,7.0,6.0,1.0,6.0,7.0,-1.0,1.0,-1.0,2.0,1.0,0.0,1.0,0.0,1.0,-1.0,25.0,50.0,25.0,50.0,14.0,11.0,18.0,27.0,1528.4,1490.6
2015-10-24,2015,Stoke,Watford,0,2,A,U,2.1,3.3,4.0,1,3,11,5,5,1.0,1.0,1.0,1.0,4.0,3.0,1.0,4.0,4.0,0.0,0.0,-1.0,1.0,0.0,0.0,0.0,0.0,1.0,-1.0,25.0,50.0,25.0,25.0,14.0,6.0,12.0,11.0,1502.6,1490.3
2015-10-24,2015,Norwich,West Brom,0,1,A,U,2.0,3.5,4.2,3,4,13,3,5,1.0,2.0,1.0,1.0,5.0,2.0,3.0,4.0,2.0,2.0,1.0,0.0,1.0,1.0,0.0,1.0,0.0,1.0,-1.0,25.0,50.0,50.0,25.0,13.0,13.0,29.0,15.0,1479.5,1490.6
2015-10-24,2015,Leicester,Crystal Palace,1,0,H,U,2.2,3.6,3.4,3,4,3,2,5,1.0,2.0,1.0,1.0,6.0,3.0,3.0,8.0,2.0,6.0,-2.0,1.0,-3.0,0.0,0.0,0.0,1.0,0.0,1.0,50.0,25.0,75.0,25.0,15.0,13.0,12.0,16.0,1524.6,1509.2
2015-10-24,2015,Aston Villa,Swansea,1,2,A,O,3.0,3.3,2.6,3,4,4,6,5,0.0,0.0,2.0,2.0,2.0,2.0,0.0,4.0,5.0,-1.0,-2.0,-3.0,1.0,0.0,0.0,0.0,0.0,1.0,-1.0,0.0,75.0,0.0,50.0,11.0,16.0,16.0,10.0,1443.1,1488.6
2015-10-24,2015,Arsenal,Everton,2,1,H,O,1.44,4.75,8.0,5,5,7,5,5,2.0,1.0,0.0,0.0,5.0,3.0,2.0,0.0,2.0,-2.0,5.0,1.0,4.0,2.0,0.0,2.0,0.0,0.0,0.0,50.0,25.0,50.0,0.0,22.0,9.0,23.0,10.0,1538.9,1509.3
2015-10-19,2015,Swansea,Stoke,0,1,A,U,2.05,3.4,4.2,2,2,1,2,5,1.0,1.0,0.0,1.0,4.0,2.0,2.0,3.0,3.0,0.0,1.0,-1.0,2.0,0.0,0.0,0.0,0.0,1.0,-1.0,50.0,0.0,25.0,25.0,9.0,10.0,7.0,6.0,1498.8,1492.4
2015-10-18,2015,Newcastle,Norwich,6,2,H,O,2.6,3.4,2.88,6,6,3,7,5,0.0,0.0,2.0,1.0,3.0,3.0,0.0,5.0,6.0,-1.0,-2.0,-3.0,1.0,0.0,0.0,0.0,0.0,1.0,-1.0,0.0,50.0,25.0,25.0,10.0,10.0,9.0,11.0,1455.2,1490.5
2015-10-17,2015,West Brom,Sunderland,1,0,H,U,2.05,3.4,4.2,1,2,1,5,5,0.0,0.0,2.0,2.0,4.0,2.0,2.0,6.0,7.0,-1.0,-2.0,-5.0,3.0,0.0,0.0,0.0,0.0,2.0,-2.0,0.0,75.0,0.0,75.0,11.0,9.0,18.0,9.0,1481.4,1455.5
2015-10-17,2015,Watford,Arsenal,0,3,A,O,6.0,4.2,1.62,1,6,3,9,5,1.0,2.0,1.0,1.0,1.0,6.0,-5.0,1.0,4.0,-3.0,0.0,2.0,-2.0,0.0,1.0,-1.0,0.0,1.0,-1.0,25.0,25.0,75.0,25.0,8.0,23.0,12.0,19.0,1499.4,1529.8
2015-10-17,2015,Tottenham,Liverpool,0,0,D,U,2.5,3.5,3.0,4,3,8,6,5,2.0,0.0,0.0,1.0,5.0,2.0,3.0,1.0,4.0,-3.0,4.0,-2.0,6.0,1.0,0.0,1.0,0.0,1.0,-1.0,50.0,0.0,25.0,25.0,20.0,16.0,17.0,23.0,1521.2,1507.7
2015-10-17,2015,Southampton,Leicester,2,2,D,O,1.75,4.0,5.0,6,7,6,7,5,2.0,1.0,1.0,0.0,8.0,5.0,3.0,4.0,4.0,0.0,4.0,1.0,3.0,2.0,0.0,2.0,0.0,0.0,0.0,50.0,50.0,50.0,0.0,23.0,12.0,15.0,16.0,1511.0,1525.0
2015-10-17,2015,Man City,Bournemouth,5,1,H,O,1.33,5.75,10.0,11,1,1,7,5,2.0,1.0,1.0,2.0,9.0,6.0,3.0,3.0,8.0,-5.0,6.0,-2.0,8.0,2.0,0.0,2.0,0.0,1.0,-1.0,75.0,25.0,25.0,75.0,24.0,15.0,31.0,15.0,1534.4,1481.6
2015-10-17,2015,Everton,Man United,0,3,A,O,3.25,3.4,2.38,3,7,5,3,5,1.0,1.0,1.0,2.0,4.0,4.0,0.0,4.0,7.0,-3.0,0.0,-3.0,3.0,1.0,0.0,1.0,1.0,1.0,0.0,25.0,25.0,50.0,50.0,14.0,12.0,20.0,12.0,1519.1,1525.9
2015-10-17,2015,Crystal Palace,West Ham,1,3,A,O,2.0,3.6,4.0,1,4,1,9,5,2.0,2.0,1.0,0.0,4.0,7.0,-3.0,2.0,3.0,-1.0,2.0,4.0,-2.0,1.0,1.0,0.0,0.0,0.0,0.0,50.0,50.0,75.0,0.0,16.0,14.0,18.0,18.0,1519.2,1518.3
2015-10-17,2015,Chelsea,Aston Villa,2,0,H,U,1.33,5.75,10.0,3,1,4,4,5,1.0,0.0,2.0,3.0,4.0,5.0,-1.0,5.0,8.0,-3.0,-1.0,-3.0,2.0,1.0,0.0,1.0,1.0,0.0,1.0,25.0,50.0,25.0,75.0,19.0,10.0,16.0,10.0,1481.4,1452.2
2015-10-04,2015,Swansea,Tottenham,2,2,D,O,2.75,3.25,2.8,2,11,5,6,4,2.0,1.0,0.0,1.0,4.0,2.0,2.0,1.0,2.0,-1.0,3.0,0.0,3.0,1.0,0.0,1.0,0.0,0.0,0.0,66.7,0.0,33.3,33.3,13.0,14.0,6.0,17.0,1498.1,1521.8
2015-10-04,2015,Everton,Liverpool,1,1,D,U,2.7,3.4,2.8,4,4,5,11,4,1.0,1.0,1.0,1.0,5.0,2.0,3.0,5.0,3.0,2.0,0.0,-1.0,1.0,1.0,0.0,1.0,1.0,1.0,0.0,33.3,33.3,33.3,33.3,15.0,15.0,23.0,17.0,1519.4,1507.3
2015-10-04,2015,Arsenal,Man United,3,0,H,O,2.0,3.8,3.8,5,5,3,6,4,1.0,2.0,1.0,1.0,2.0,5.0,-3.0,2.0,4.0,-2.0,0.0,1.0,-1.0,1.0,0.0,1.0,1.0,0.0,1.0,33.3,33.3,66.7,33.3,23.0,9.0,25.0,11.0,1519.3,1536.4
2015-10-03,2015,Sunderland,West Ham,2,2,D,O,3.2,3.4,2.4,3,6,1,8,4,0.0,3.0,2.0,0.0,2.0,7.0,-5.0,5.0,1.0,4.0,-3.0,6.0,-9.0,0.0,2.0,-2.0,1.0,0.0,1.0,0.0,66.7,100.0,0.0,6.0,12.0,15.0,14.0,1453.6,1520.2
2015-10-03,2015,Norwich,Leicester,1,2,A,O,2.3,3.5,3.3,2,5,16,8,4,1.0,1.0,1.0,0.0,5.0,5.0,0.0,5.0,4.0,1.0,0.0,1.0,-1.0,1.0,0.0,1.0,1.0,0.0,1.0,33.3,33.3,33.3,0.0,17.0,13.0,14.0,12.0,1500.1,1515.4
2015-10-03,2015,Man City,Newcastle,6,1,H,O,1.25,7.0,13.0,11,4,6,3,4,2.0,0.0,1.0,2.0,6.0,0.0,6.0,2.0,4.0,-2.0,4.0,-4.0,8.0,2.0,0.0,2.0,0.0,2.0,-2.0,66.7,33.3,0.0,66.7,21.0,6.0,30.0,16.0,1526.2,1463.4
2015-10-03,2015,Crystal Palace,West Brom,2,0,H,U,1.83,3.6,5.0,8,2,8,3,4,1.0,2.0,2.0,0.0,3.0,2.0,1.0,4.0,0.0,4.0,-1.0,2.0,-3.0,0.0,0.0,0.0,0.0,0.0,0.0,33.3,66.7,66.7,0.0,12.0,11.0,16.0,16.0,1509.8,1490.8
2015-10-03,2015,Chelsea,Southampton,1,3,A,O,1.83,3.7,4.8,3,5,4,6,4,1.0,0.0,1.0,0.0,5.0,2.0,3.0,4.0,2.0,2.0,1.0,0.0,1.0,1.0,0.0,1.0,0.0,0.0,0.0,33.3,33.3,0.0,0.0,19.0,14.0,16.0,13.0,1491.1,1501.3
2015-10-03,2015,Bournemouth,Watford,1,1,D,U,2.1,3.5,3.8,6,2,5,3,4,1.0,1.0,1.0,1.0,3.0,4.0,-1.0,2.0,5.0,-3.0,1.0,-1.0,2.0,1.0,0.0,1.0,0.0,1.0,-1.0,33.3,33.3,33.3,33.3,9.0,9.0,17.0,10.0,1481.0,1500.0
2015-10-03,2015,Aston Villa,Stoke,0,1,A,U,2.5,3.3,3.1,2,5,9,5,4,0.0,0.0,2.0,1.0,2.0,3.0,-1.0,4.0,5.0,-1.0,-2.0,-2.0,0.0,0.0,0.0,0.0,0.0,1.0,-1.0,0.0,66.7,0.0,33.3,10.0,12.0,10.0,4.0,1461.6,1483.0
2015-09-28,2015,West Brom,Everton,2,3,A,O,3.1,3.3,2.5,4,4,6,4,4,0.0,1.0,2.0,0.0,2.0,3.0,-1.0,6.0,0.0,6.0,-4.0,3.0,-7.0,0.0,1.0,-1.0,1.0,0.0,1.0,0.0,66.7,33.3,0.0,9.0,9.0,18.0,15.0,1500.6,1509.7
2015-09-27,2015,Watford,Crystal Palace,0,1,A,U,2.5,3.3,3.1,2,3,6,4,4,1.0,2.0,0.0,1.0,1.0,5.0,-4.0,0.0,3.0,-3.0,1.0,2.0,-1.0,0.0,1.0,-1.0,0.0,0.0,0.0,33.3,0.0,66.7,33.3,11.0,17.0,8.0,16.0,1510.3,1499.5
2015-09-26,2015,West Ham,Norwich,2,2,D,O,2.25,3.5,3.4,7,7,7,5,4,1.0,1.0,2.0,1.0,6.0,4.0,2.0,6.0,5.0,1.0,0.0,-1.0,1.0,1.0,1.0,0.0,0.0,1.0,-1.0,33.3,66.7,33.3,33.3,10.0,9.0,19.0,12.0,1520.8,1499.5
2015-09-26,2015,Tottenham,Man City,4,1,H,O,4.2,3.8,1.91,8,8,5,9,4,1.0,3.0,0.0,0.0,3.0,6.0,-3.0,2.0,0.0,2.0,1.0,6.0,-5.0,0.0,2.0,-2.0,0.0,0.0,0.0,33.3,0.0,100.0,0.0,19.0,23.0,16.0,17.0,1511.1,1536.9
2015-09-26,2015,Stoke,Bournemouth,2,1,H,O,2.55,3.3,3.0,5,6,3,7,4,0.0,1.0,2.0,2.0,2.0,5.0,-3.0,4.0,7.0,-3.0,-2.0,-2.0,0.0,0.0,0.0,0.0,0.0,1.0,-1.0,0.0,66.7,33.3,66.7,10.0,11.0,12.0,16.0,1472.5,1491.6
2015-09-26,2015,Southampton,Swansea,3,1,H,O,2.05,3.4,4.2,7,4,4,3,4,1.0,0.0,2.0,1.0,5.0,3.0,2.0,6.0,4.0,2.0,-1.0,-1.0,0.0,1.0,0.0,1.0,1.0,0.0,1.0,33.3,66.7,0.0,33.3,20.0,22.0,20.0,15.0,1490.8,1508.6
2015-09-26,2015,Newcastle,Chelsea,2,2,D,O,6.0,4.2,1.62,5,4,4,6,4,0.0,1.0,2.0,2.0,3.0,4.0,-1.0,5.0,8.0,-3.0,-2.0,-4.0,2.0,0.0,0.0,0.0,0.0,2.0,-2.0,0.0,66.7,33.3,66.7,9.0,10.0,11.0,22.0,1462.6,1491.9
2015-09-26,2015,Man United,Sunderland,3,0,H,O,1.2,7.5,16.0,7,4,5,2,4,2.0,0.0,0.0,2.0,4.0,4.0,0.0,1.0,8.0,-7.0,3.0,-4.0,7.0,1.0,0.0,1.0,0.0,2.0,-2.0,66.7,0.0,0.0,66.7,12.0,10.0,16.0,10.0,1528.3,1461.7
2015-09-26,2015,Liverpool,Aston Villa,3,2,H,O,1.53,4.33,7.0,12,4,11,1,4,1.0,1.0,1.0,2.0,2.0,4.0,-2.0,4.0,5.0,-1.0,-2.0,-1.0,-1.0,0.0,0.0,0.0,1.0,0.0,1.0,33.3,33.3,33.3,66.7,10.0,9.0,17.0,12.0,1498.1,1470.8
2015-09-26,2015,Leicester,Arsenal,2,5,A,O,4.5,4.0,1.8,7,12,6,5,4,2.0,2.0,0.0,1.0,8.0,3.0,5.0,5.0,3.0,2.0,3.0,0.0,3.0,1.0,0.0,1.0,0.0,1.0,-1.0,66.7,0.0,66.7,33.3,16.0,18.0,12.0,20.0,1525.9,1508.8
2015-09-20,2015,Tottenham,Crystal Palace,1,0,H,U,2.0,3.6,4.0,6,4,6,5,3,,,,,,,,,,,,,,,,,,,,0.0,0.0,100.0,0.0,,,,,1500.8,1509.7
2015-09-20,2015,Southampton,Man United,2,3,A,O,3.1,3.3,2.5,8,3,5,5,3,,,,,,,,,,,,,,,,,,,,50.0,50.0,50.0,50.0,,,,,1500.3,1518.8
2015-09-20,2015,Liverpool,Norwich,1,1,D,U,1.67,4.0,5.75,7,2,6,2,3,,,,,,,,,,,,,,,,,,,,50.0,50.0,50.0,50.0,,,,,1498.1,1499.5
2015-09-19,2015,Swansea,Everton,0,0,D,U,2.3,3.4,3.4,3,2,2,4,3,,,,,,,,,,,,,,,,,,,,100.0,0.0,50.0,0.0,,,,,1508.6,1509.7
2015-09-19,2015,Stoke,Leicester,2,2,D,O,2.5,3.4,3.0,4,5,3,4,3,,,,,,,,,,,,,,,,,,,,0.0,100.0,50.0,0.0,,,,,1470.9,1527.5
2015-09-19,2015,Newcastle,Watford,1,2,A,O,2.5,3.3,3.1,5,4,5,5,3,,,,,,,,,,,,,,,,,,,,0.0,50.0,0.0,50.0,,,,,1471.7,1501.1
2015-09-19,2015,Man City,West Ham,1,2,A,O,1.29,6.5,11.0,8,3,16,3,3,,,,,,,,,,,,,,,,,,,,100.0,0.0,100.0,0.0,,,,,1548.0,1509.7
2015-09-19,2015,Chelsea,Arsenal,2,0,H,U,2.45,3.5,3.0,7,2,5,5,3,,,,,,,,,,,,,,,,,,,,0.0,50.0,100.0,0.0,,,,,1480.8,1519.9
2015-09-19,2015,Bournemouth,Sunderland,2,0,H,U,1.7,4.0,5.5,5,2,7,3,3,,,,,,,,,,,,,,,,,,,,0.0,50.0,0.0,50.0,,,,,1481.9,1471.4
2015-09-19,2015,Aston Villa,West Brom,0,1,A,U,2.3,3.25,3.5,3,6,2,7,3,,,,,,,,,,,,,,,,,,,,0.0,50.0,50.0,0.0,,,,,1480.5,1490.9
2015-09-14,2015,West Ham,Newcastle,2,0,H,U,2.25,3.5,3.4,3,4,6,7,3,,,,,,,,,,,,,,,,,,,,0.0,100.0,0.0,50.0,,,,,1500.3,1481.2
2015-09-13,2015,Sunderland,Tottenham,0,1,A,U,4.33,3.6,1.95,2,4,6,8,3,,,,,,,,,,,,,,,,,,,,0.0,50.0,0.0,50.0,,,,,1481.1,1491.1
2015-09-13,2015,Leicester,Aston Villa,3,2,H,O,1.91,3.75,4.33,6,4,4,5,3,,,,,,,,,,,,,,,,,,,,50.0,0.0,50.0,50.0,,,,,1518.3,1489.7
2015-09-12,2015,West Brom,Southampton,0,0,D,U,3.2,3.2,2.5,1,4,4,5,3,,,,,,,,,,,,,,,,,,,,0.0,100.0,0.0,0.0,,,,,1490.6,1500.6
2015-09-12,2015,Watford,Swansea,1,0,H,U,2.75,3.4,2.75,6,3,1,3,3,,,,,,,,,,,,,,,,,,,,0.0,0.0,0.0,0.0,,,,,1490.3,1519.4
2015-09-12,2015,Norwich,Bournemouth,3,1,H,O,2.4,3.4,3.2,4,2,4,4,3,,,,,,,,,,,,,,,,,,,,0.0,50.0,50.0,50.0,,,,,1489.4,1491.9
2015-09-12,2015,Man United,Liverpool,3,1,H,O,2.0,3.4,4.33,3,4,4,4,3,,,,,,,,,,,,,,,,,,,,50.0,0.0,50.0,0.0,,,,,1508.9,1508.0
2015-09-12,2015,Everton,Chelsea,3,1,H,O,4.0,3.6,2.0,9,2,7,14,3,,,,,,,,,,,,,,,,,,,,0.0,50.0,50.0,50.0,,,,,1500.0,1490.6
2015-09-12,2015,Crystal Palace,Man City,0,1,A,U,5.5,4.2,1.67,2,7,4,4,3,,,,,,,,,,,,,,,,,,,,50.0,50.0,100.0,0.0,,,,,1519.2,1538.6
2015-09-12,2015,Arsenal,Stoke,2,0,H,U,1.29,6.0,12.0,12,4,13,1,3,,,,,,,,,,,,,,,,,,,,0.0,50.0,0.0,0.0,,,,,1510.8,1480.0
2015-08-30,2015,Swansea,Man United,2,1,H,O,3.6,3.3,2.25,4,4,0,1,2,,,,,,,,,,,,,,,,,,,,100.0,0.0,100.0,0.0,,,,,1509.1,1519.1
2015-08-30,2015,Southampton,Norwich,3,0,H,O,2.05,3.5,4.0,8,1,6,4,2,,,,,,,,,,,,,,,,,,,,0.0,100.0,100.0,0.0,,,,,1490.3,1499.7
2015-08-29,2015,Tottenham,Everton,0,0,D,U,2.0,3.5,4.2,6,3,6,2,2,,,,,,,,,,,,,,,,,,,,0.0,0.0,100.0,0.0,,,,,1490.9,1500.3
2015-08-29,2015,Stoke,West Brom,0,1,A,U,1.95,3.4,4.5,5,5,6,5,2,,,,,,,,,,,,,,,,,,,,0.0,100.0,0.0,0.0,,,,,1490.3,1480.3
2015-08-29,2015,Newcastle,Arsenal,0,1,A,U,6.0,4.2,1.62,0,9,0,9,2,,,,,,,,,,,,,,,,,,,,0.0,0.0,100.0,0.0,,,,,1490.9,1501.1
2015-08-29,2015,Man City,Watford,2,0,H,U,1.2,8.0,15.0,5,0,9,3,2,,,,,,,,,,,,,,,,,,,,100.0,0.0,0.0,0.0,,,,,1529.4,1499.4
2015-08-29,2015,Liverpool,West Ham,0,3,A,O,1.36,5.5,9.0,1,5,5,7,2,,,,,,,,,,,,,,,,,,,,100.0,0.0,100.0,0.0,,,,,1518.9,1489.4
2015-08-29,2015,Chelsea,Crystal Palace,1,2,A,O,1.36,5.0,11.0,9,6,7,7,2,,,,,,,,,,,,,,,,,,,,0.0,0.0,100.0,0.0,,,,,1500.3,1509.4
2015-08-29,2015,Bournemouth,Leicester,1,1,D,U,2.2,3.6,3.4,2,2,4,4,2,,,,,,,,,,,,,,,,,,,,0.0,100.0,100.0,0.0,,,,,1491.1,1519.1
2015-08-29,2015,Aston Villa,Sunderland,2,2,D,O,1.91,3.5,4.75,6,3,5,4,2,,,,,,,,,,,,,,,,,,,,0.0,100.0,0.0,100.0,,,,,1490.0,1480.9
2015-08-24,2015,Arsenal,Liverpool,0,0,D,U,1.75,4.0,5.0,5,8,7,8,2,,,,,,,,,,,,,,,,,,,,0.0,100.0,100.0,0.0,,,,,1500.6,1519.4
2015-08-23,2015,West Brom,Chelsea,2,3,A,O,6.5,4.0,1.62,6,5,8,7,2,,,,,,,,,,,,,,,,,,,,0.0,100.0,0.0,100.0,,,,,1490.3,1490.3
2015-08-23,2015,Watford,Southampton,0,0,D,U,2.8,3.3,2.75,0,5,5,2,2,,,,,,,,,,,,,,,,,,,,0.0,0.0,0.0,0.0,,,,,1499.7,1490.0
2015-08-23,2015,Everton,Man City,0,2,A,U,5.0,4.0,1.73,1,9,8,7,2,,,,,,,,,,,,,,,,,,,,0.0,0.0,100.0,0.0,,,,,1510.0,1519.7
2015-08-22,2015,West Ham,Bournemouth,3,4,A,O,2.38,3.4,3.2,4,7,5,4,2,,,,,,,,,,,,,,,,,,,,0.0,100.0,0.0,100.0,,,,,1500.0,1480.6
2015-08-22,2015,Sunderland,Swansea,1,1,D,U,4.0,3.4,2.1,2,9,3,4,2,,,,,,,,,,,,,,,,,,,,0.0,100.0,0.0,0.0,,,,,1480.0,1510.0
2015-08-22,2015,Norwich,Stoke,1,1,D,U,2.3,3.3,3.5,7,1,9,0,2,,,,,,,,,,,,,,,,,,,,0.0,100.0,0.0,0.0,,,,,1500.0,1490.0
2015-08-22,2015,Man United,Newcastle,0,0,D,U,1.36,5.25,10.0,8,0,11,5,2,,,,,,,,,,,,,,,,,,,,100.0,0.0,0.0,100.0,,,,,1520.0,1490.0
2015-08-22,2015,Leicester,Tottenham,1,1,D,U,2.63,3.6,2.75,2,6,2,7,2,,,,,,,,,,,,,,,,,,,,100.0,0.0,0.0,100.0,,,,,1520.0,1490.0
2015-08-22,2015,Crystal Palace,Aston Villa,2,1,H,O,1.85,3.6,4.75,6,2,6,4,2,,,,,,,,,,,,,,,,,,,,0.0,100.0,100.0,0.0,,,,,1499.4,1500.0
2015-08-17,2015,Liverpool,Bournemouth,1,0,H,U,1.45,4.75,8.0,2,2,6,8,1,,,,,,,,,,,,,,,,,,,,,,,,,,,,1510.0,1490.0
2015-08-16,2015,Man City,Chelsea,3,0,H,O,2.1,3.5,3.75,8,3,5,1,1,,,,,,,,,,,,,,,,,,,,,,,,,,,,1510.0,1500.0
2015-08-16,2015,Crystal Palace,Arsenal,1,2,A,O,5.25,3.9,1.73,4,7,6,6,1,,,,,,,,,,,,,,,,,,,,,,,,,,,,1510.0,1490.0
2015-08-15,2015,West Ham,Leicester,1,2,A,O,2.25,3.5,3.4,3,6,8,4,1,,,,,,,,,,,,,,,,,,,,,,,,,,,,1510.0,1510.0
2015-08-15,2015,Watford,West Brom,0,0,D,U,2.3,3.4,3.4,5,0,2,4,1,,,,,,,,,,,,,,,,,,,,,,,,,,,,1500.0,1490.0
2015-08-15,2015,Tottenham,Stoke,2,2,D,O,1.8,3.75,5.0,7,7,4,3,1,,,,,,,,,,,,,,,,,,,,,,,,,,,,1490.0,1490.0
2015-08-15,2015,Swansea,Newcastle,2,0,H,U,1.95,3.6,4.33,6,2,4,4,1,,,,,,,,,,,,,,,,,,,,,,,,,,,,1500.0,1500.0
2015-08-15,2015,Sunderland,Norwich,1,3,A,O,2.5,3.3,3.1,2,6,6,6,1,,,,,,,,,,,,,,,,,,,,,,,,,,,,1490.0,1490.0
2015-08-15,2015,Southampton,Everton,0,3,A,O,1.95,3.6,4.33,4,4,9,9,1,,,,,,,,,,,,,,,,,,,,,,,,,,,,1500.0,1500.0
2015-08-14,2015,Aston Villa,Man United,0,1,A,U,5.5,3.8,1.73,1,2,3,5,1,,,,,,,,,,,,,,,,,,,,,,,,,,,,1510.0,1510.0
2015-08-10,2015,West Brom,Man City,0,3,A,O,5.75,4.0,1.67,2,7,6,6,1,,,,,,,,,,,,,,,,,,,,,,,,,,,,1500.0,1500.0
2015-08-09,2015,Stoke,Liverpool,0,1,A,U,3.4,3.4,2.3,1,3,3,5,1,,,,,,,,,,,,,,,,,,,,,,,,,,,,1500.0,1500.0
2015-08-09,2015,Newcastle,Southampton,2,2,D,O,2.88,3.3,2.7,4,5,6,6,1,,,,,,,,,,,,,,,,,,,,,,,,,,,,1500.0,1500.0
2015-08-09,2015,Arsenal,West Ham,0,2,A,U,1.29,6.0,12.0,6,4,5,4,1,,,,,,,,,,,,,,,,,,,,,,,,,,,,1500.0,1500.0
2015-08-08,2015,Norwich,Crystal Palace,1,3,A,O,2.55,3.3,3.0,6,7,1,4,1,,,,,,,,,,,,,,,,,,,,,,,,,,,,1500.0,1500.0
2015-08-08,2015,Man United,Tottenham,1,0,H,U,1.65,4.0,6.0,1,4,1,2,1,,,,,,,,,,,,,,,,,,,,,,,,,,,,1500.0,1500.0
2015-08-08,2015,Leicester,Sunderland,4,2,H,O,1.95,3.5,4.33,8,5,6,3,1,,,,,,,,,,,,,,,,,,,,,,,,,,,,1500.0,1500.0
2015-08-08,2015,Everton,Watford,2,2,D,O,1.7,3.9,5.5,5,5,8,2,1,,,,,,,,,,,,,,,,,,,,,,,,,,,,1500.0,1500.0
2015-08-08,2015,Chelsea,Swansea,2,2,D,O,1.36,5.0,11.0,3,10,4,8,1,,,,,,,,,,,,,,,,,,,,,,,,,,,,1500.0,1500.0
2015-08-08,2015,Bournemouth,Aston Villa,0,1,A,U,2.0,3.6,4.0,2,3,6,3,1,,,,,,,,,,,,,,,,,,,,,,,,,,,,1500.0,1500.0
