Date,Season,Home,Away,HG,AG,Result,Result-U/O,1,X,2,Week,HW,AW,HL,AL,HGF,AGF,HAGF,HGA,AGA,HAGA,HGD,AGD,HAGD,HWGD,AWGD,HAWGD,HLGD,ALGD,HALGD,HW%,HL%,AW%,AL%,HElo,AElo
2026-08-16,2026,Sarpsborg 08,Sandefjord,1,2,A,O,1.73,3.97,3.85,8,3.0,0.0,0.0,3.0,4.0,2.0,2.0,1.0,5.0,-4.0,3.0,-3.0,6.0,0.0,0.0,0.0,0.0,0.0,0.0,57.1,14.3,25.0,75.0,1549.3,1497.6
2026-08-16,2026,Molde,Tromso,3,2,H,O,1.87,3.83,3.47,9,1.0,2.0,1.0,0.0,6.0,10.0,-4.0,6.0,3.0,3.0,0.0,7.0,-7.0,0.0,2.0,-2.0,0.0,0.0,0.0,62.5,25.0,57.1,14.3,1560.5,1638.0
2026-08-16,2026,Fredrikstad,Kristiansund,1,0,H,U,1.71,3.76,4.27,8,2.0,0.0,1.0,3.0,3.0,2.0,1.0,3.0,8.0,-5.0,0.0,-6.0,6.0,0.0,0.0,0.0,1.0,2.0,-1.0,57.1,28.6,12.5,75.0,1534.7,1467.5
2026-08-16,2026,Brann,HamKam,3,0,H,O,1.51,4.21,5.47,9,2.0,1.0,1.0,2.0,7.0,3.0,4.0,6.0,4.0,2.0,1.0,-1.0,2.0,0.0,1.0,-1.0,0.0,1.0,-1.0,50.0,50.0,12.5,50.0,1606.4,1512.9
2026-08-16,2026,Aalesund,Valerenga,5,5,D,O,2.53,3.76,2.37,10,0.0,1.0,1.0,2.0,5.0,3.0,2.0,9.0,8.0,1.0,-4.0,-5.0,1.0,0.0,0.0,0.0,1.0,2.0,-1.0,11.1,33.3,28.6,57.1,1408.2,1508.1
2026-08-15,2026,KFUM Oslo,Lillestrom,1,1,D,U,3.29,3.63,1.97,10,1.0,1.0,2.0,2.0,4.0,2.0,2.0,7.0,6.0,1.0,-3.0,-4.0,1.0,0.0,1.0,-1.0,2.0,2.0,0.0,44.4,44.4,50.0,37.5,1494.5,1479.1
2026-08-14,2026,Rosenborg,Viking,2,1,H,O,2.1,3.64,3.0,9,2.0,2.0,0.0,0.0,9.0,6.0,3.0,2.0,2.0,0.0,7.0,4.0,3.0,2.0,1.0,1.0,0.0,0.0,0.0,50.0,25.0,66.7,22.2,1555.6,1748.9
2026-08-09,2026,Lillestrom,Rosenborg,0,2,A,U,2.43,3.48,2.56,8,1.0,1.0,2.0,2.0,4.0,5.0,-1.0,5.0,5.0,0.0,-1.0,0.0,-1.0,0.0,1.0,-1.0,0.0,1.0,-1.0,57.1,42.9,14.3,71.4,1487.4,1547.3
2026-08-09,2026,Kristiansund,Molde,2,1,H,O,4.41,4.0,1.63,8,0.0,1.0,2.0,1.0,2.0,7.0,-5.0,4.0,6.0,-2.0,-2.0,1.0,-3.0,0.0,1.0,-1.0,0.0,0.0,0.0,28.6,42.9,28.6,42.9,1454.2,1573.8
2026-08-09,2026,HamKam,Aalesund,1,1,D,U,2.03,3.7,3.05,8,2.0,1.0,1.0,1.0,4.0,5.0,-1.0,4.0,9.0,-5.0,0.0,-4.0,4.0,1.0,0.0,1.0,1.0,1.0,0.0,71.4,28.6,16.7,50.0,1516.0,1405.1
2026-08-08,2026,Viking,Sarpsborg 08,2,1,H,O,1.36,5.16,6.49,7,3.0,1.0,0.0,0.0,11.0,5.0,6.0,4.0,4.0,0.0,7.0,1.0,6.0,2.0,0.0,2.0,0.0,0.0,0.0,100.0,0.0,25.0,50.0,1743.9,1554.3
2026-08-08,2026,Valerenga,Bodo/Glimt,1,2,A,O,5.25,4.7,1.46,9,2.0,2.0,1.0,0.0,9.0,7.0,2.0,5.0,2.0,3.0,4.0,5.0,-1.0,2.0,2.0,0.0,1.0,0.0,1.0,50.0,37.5,62.5,12.5,1512.0,1759.5
2026-08-08,2026,Start,Fredrikstad,0,1,A,U,1.94,3.44,3.54,8,1.0,0.0,2.0,2.0,2.0,1.0,1.0,6.0,6.0,0.0,-4.0,-5.0,1.0,1.0,0.0,1.0,2.0,1.0,1.0,14.3,42.9,12.5,75.0,1397.8,1528.3
2026-08-07,2026,Sandefjord,KFUM Oslo,0,1,A,U,2.14,3.5,2.99,8,0.0,0.0,1.0,2.0,3.0,4.0,-1.0,6.0,6.0,0.0,-3.0,-2.0,-1.0,0.0,0.0,0.0,1.0,0.0,1.0,28.6,28.6,0.0,66.7,1508.3,1483.8
2026-08-02,2026,Molde,Sarpsborg 08,3,3,D,O,1.58,4.14,4.62,8,2.0,1.0,1.0,1.0,4.0,4.0,0.0,3.0,4.0,-1.0,1.0,0.0,1.0,0.0,0.0,0.0,0.0,0.0,0.0,71.4,28.6,28.6,57.1,1574.4,1553.7
2026-08-02,2026,KFUM Oslo,Kristiansund,2,1,H,O,1.73,3.74,4.08,9,0.0,1.0,2.0,2.0,2.0,3.0,-1.0,6.0,7.0,-1.0,-4.0,-4.0,0.0,0.0,0.0,0.0,2.0,2.0,0.0,37.5,50.0,14.3,71.4,1474.1,1463.9
2026-08-02,2026,Brann,Rosenborg,3,2,H,O,2.01,3.62,3.16,8,1.0,1.0,2.0,2.0,5.0,3.0,2.0,6.0,5.0,1.0,-1.0,-2.0,1.0,0.0,1.0,-1.0,0.0,2.0,-2.0,42.9,57.1,16.7,66.7,1597.6,1556.1
2026-08-02,2026,Aalesund,Tromso,2,6,A,O,3.5,3.67,1.87,9,0.0,1.0,0.0,1.0,5.0,4.0,1.0,5.0,6.0,-1.0,0.0,-2.0,2.0,0.0,1.0,-1.0,0.0,1.0,-1.0,12.5,25.0,50.0,16.7,1409.4,1633.7
2026-08-01,2026,Start,Viking,0,3,A,O,5.21,4.44,1.48,7,1.0,1.0,2.0,1.0,3.0,3.0,0.0,7.0,3.0,4.0,-4.0,0.0,-4.0,1.0,0.0,1.0,2.0,0.0,2.0,16.7,33.3,62.5,25.0,1400.2,1741.4
2026-08-01,2026,Fredrikstad,Sandefjord,1,0,H,U,2.28,3.36,2.81,7,2.0,0.0,1.0,3.0,4.0,3.0,1.0,4.0,7.0,-3.0,0.0,-4.0,4.0,0.0,0.0,0.0,1.0,1.0,0.0,50.0,33.3,28.6,71.4,1518.3,1518.3
2026-07-31,2026,Valerenga,HamKam,0,3,A,O,1.55,4.2,4.87,8,3.0,0.0,0.0,2.0,12.0,2.0,10.0,4.0,6.0,-2.0,8.0,-4.0,12.0,2.0,0.0,2.0,0.0,1.0,-1.0,57.1,28.6,0.0,57.1,1522.5,1505.5
2026-07-31,2026,Bodo/Glimt,Lillestrom,4,0,H,O,1.2,6.73,9.76,8,3.0,1.0,0.0,2.0,7.0,2.0,5.0,1.0,4.0,-3.0,6.0,-2.0,8.0,2.0,1.0,1.0,0.0,2.0,-2.0,85.7,14.3,57.1,28.6,1755.9,1490.9
2026-07-27,2026,Rosenborg,Fredrikstad,4,0,H,O,1.49,4.17,5.5,8,1.0,0.0,1.0,2.0,7.0,2.0,5.0,5.0,4.0,1.0,2.0,-2.0,4.0,1.0,0.0,1.0,0.0,0.0,0.0,42.9,28.6,14.3,71.4,1546.7,1527.8
2026-07-26,2026,Sarpsborg 08,HamKam,1,0,H,U,1.63,3.93,4.41,7,3.0,0.0,0.0,1.0,5.0,4.0,1.0,2.0,7.0,-5.0,3.0,-3.0,6.0,0.0,0.0,0.0,0.0,1.0,-1.0,50.0,16.7,0.0,50.0,1544.5,1514.7
2026-07-26,2026,Sandefjord,Bodo/Glimt,0,3,A,O,7.17,5.23,1.31,7,1.0,2.0,0.0,0.0,5.0,8.0,-3.0,3.0,3.0,0.0,2.0,5.0,-3.0,1.0,2.0,-1.0,0.0,0.0,0.0,33.3,16.7,57.1,14.3,1522.5,1751.7
2026-07-26,2026,KFUM Oslo,Molde,2,4,A,O,2.99,3.53,2.09,8,1.0,0.0,1.0,2.0,2.0,3.0,-1.0,2.0,6.0,-4.0,0.0,-3.0,3.0,1.0,0.0,1.0,1.0,1.0,0.0,42.9,42.9,16.7,50.0,1481.7,1566.8
2026-07-26,2026,Brann,Valerenga,2,3,A,O,1.63,4.18,4.17,7,2.0,0.0,1.0,3.0,5.0,0.0,5.0,4.0,7.0,-3.0,1.0,-7.0,8.0,0.0,0.0,0.0,0.0,2.0,-2.0,50.0,50.0,16.7,66.7,1610.4,1509.6
2026-07-26,2026,Aalesund,Viking,1,1,D,U,4.99,4.44,1.5,8,1.0,2.0,0.0,1.0,6.0,4.0,2.0,5.0,3.0,2.0,1.0,1.0,0.0,0.0,0.0,0.0,0.0,0.0,0.0,14.3,28.6,71.4,28.6,1401.8,1749.0
2026-07-25,2026,Kristiansund,Start,1,2,A,O,2.16,3.38,3.0,7,0.0,0.0,1.0,3.0,2.0,5.0,-3.0,3.0,10.0,-7.0,-1.0,-5.0,4.0,0.0,0.0,0.0,0.0,1.0,-1.0,33.3,33.3,0.0,87.5,1476.4,1387.7
2026-07-22,2026,Lillestrom,Viking,1,2,A,O,3.22,3.65,1.97,7,2.0,2.0,1.0,1.0,6.0,4.0,2.0,4.0,2.0,2.0,2.0,2.0,0.0,1.0,1.0,0.0,0.0,0.0,0.0,66.7,33.3,66.7,33.3,1494.8,1745.2
2026-07-22,2026,Bodo/Glimt,HamKam,3,0,H,O,1.08,9.48,17.91,7,3.0,0.0,0.0,1.0,9.0,5.0,4.0,1.0,6.0,-5.0,8.0,-1.0,9.0,2.0,0.0,2.0,0.0,0.0,0.0,83.3,16.7,0.0,40.0,1747.5,1518.9
2026-07-18,2026,Viking,Sandefjord,2,1,H,O,1.26,5.7,8.38,6,3.0,0.0,0.0,3.0,12.0,3.0,9.0,5.0,8.0,-3.0,7.0,-5.0,12.0,2.0,0.0,2.0,0.0,2.0,-2.0,100.0,0.0,33.3,66.7,1740.7,1527.0
2026-07-18,2026,Start,Rosenborg,0,3,A,O,2.95,3.42,2.16,6,1.0,0.0,1.0,2.0,4.0,0.0,4.0,5.0,5.0,0.0,-1.0,-5.0,4.0,1.0,0.0,1.0,1.0,2.0,-1.0,20.0,20.0,0.0,80.0,1393.7,1540.7
2026-07-18,2026,Molde,Brann,1,2,A,O,2.06,3.8,2.88,7,3.0,1.0,0.0,2.0,8.0,7.0,1.0,2.0,5.0,-3.0,6.0,2.0,4.0,1.0,1.0,0.0,0.0,1.0,-1.0,83.3,16.7,28.6,57.1,1576.1,1601.1
2026-07-18,2026,Lillestrom,KFUM Oslo,2,1,H,O,1.59,3.95,4.78,6,2.0,0.0,1.0,2.0,8.0,3.0,5.0,3.0,8.0,-5.0,5.0,-5.0,10.0,2.0,0.0,2.0,0.0,1.0,-1.0,60.0,40.0,0.0,60.0,1484.5,1491.9
2026-07-18,2026,Kristiansund,Sarpsborg 08,0,0,D,U,2.88,3.54,2.15,6,1.0,1.0,1.0,2.0,4.0,4.0,0.0,3.0,8.0,-5.0,1.0,-4.0,5.0,1.0,0.0,1.0,0.0,1.0,-1.0,40.0,40.0,33.3,66.7,1474.3,1546.6
2026-07-18,2026,HamKam,Tromso,1,4,A,O,3.78,3.31,1.9,7,3.0,0.0,0.0,1.0,5.0,1.0,4.0,1.0,6.0,-5.0,4.0,-5.0,9.0,1.0,0.0,1.0,0.0,1.0,-1.0,83.3,16.7,40.0,20.0,1526.1,1626.5
2026-07-17,2026,Bodo/Glimt,Fredrikstad,1,0,H,U,1.11,8.45,14.53,6,2.0,0.0,1.0,2.0,8.0,3.0,5.0,2.0,6.0,-4.0,6.0,-3.0,9.0,2.0,0.0,2.0,0.0,1.0,-1.0,80.0,20.0,16.7,66.7,1742.9,1532.4
2026-07-16,2026,Valerenga,Aalesund,6,1,H,O,1.61,4.2,4.33,7,2.0,1.0,0.0,1.0,8.0,4.0,4.0,5.0,4.0,1.0,3.0,0.0,3.0,1.0,0.0,1.0,0.0,0.0,0.0,50.0,33.3,20.0,40.0,1502.3,1409.2
2026-07-12,2026,Sarpsborg 08,Viking,1,0,H,U,4.66,4.33,1.54,6,2.0,3.0,1.0,0.0,4.0,6.0,-2.0,3.0,2.0,1.0,1.0,4.0,-3.0,0.0,1.0,-1.0,0.0,0.0,0.0,40.0,20.0,80.0,20.0,1530.9,1756.4
2026-07-12,2026,Sandefjord,HamKam,2,2,D,O,1.92,3.57,3.42,6,2.0,0.0,0.0,1.0,4.0,4.0,0.0,1.0,5.0,-4.0,3.0,-1.0,4.0,1.0,0.0,1.0,0.0,0.0,0.0,40.0,20.0,0.0,50.0,1527.1,1526.0
2026-07-12,2026,Rosenborg,Kristiansund,3,0,H,O,1.56,4.02,4.99,7,1.0,1.0,1.0,2.0,6.0,3.0,3.0,5.0,5.0,0.0,1.0,-2.0,3.0,1.0,0.0,1.0,0.0,1.0,-1.0,33.3,33.3,16.7,66.7,1532.1,1482.9
2026-07-12,2026,KFUM Oslo,Bodo/Glimt,0,2,A,U,5.32,4.47,1.47,7,1.0,2.0,1.0,0.0,2.0,8.0,-6.0,2.0,3.0,-1.0,0.0,5.0,-5.0,1.0,2.0,-1.0,1.0,0.0,1.0,50.0,33.3,50.0,16.7,1495.9,1738.9
2026-07-12,2026,Brann,Start,2,1,H,O,1.39,4.65,6.44,6,2.0,0.0,1.0,3.0,6.0,4.0,2.0,4.0,13.0,-9.0,2.0,-9.0,11.0,1.0,0.0,1.0,0.0,2.0,-2.0,40.0,60.0,0.0,85.7,1596.3,1398.6
2026-07-11,2026,Tromso,Valerenga,4,0,H,O,1.68,3.71,4.39,9,1.0,0.0,1.0,3.0,3.0,1.0,2.0,6.0,8.0,-2.0,-3.0,-7.0,4.0,1.0,0.0,1.0,1.0,2.0,-1.0,62.5,12.5,20.0,60.0,1619.5,1509.2
2026-07-11,2026,Fredrikstad,Lillestrom,0,2,A,U,3.0,3.4,2.14,6,2.0,1.0,1.0,2.0,5.0,2.0,3.0,4.0,4.0,0.0,1.0,-2.0,3.0,0.0,1.0,-1.0,0.0,2.0,-2.0,60.0,20.0,50.0,33.3,1544.4,1472.5
2026-07-11,2026,Aalesund,Molde,2,2,D,O,3.1,3.66,2.01,7,1.0,1.0,0.0,2.0,5.0,2.0,3.0,4.0,4.0,0.0,1.0,-2.0,3.0,0.0,0.0,0.0,0.0,1.0,-1.0,16.7,33.3,20.0,60.0,1404.5,1580.8
2026-05-30,2026,Molde,Sandefjord,2,1,H,O,1.59,4.07,4.61,6,3.0,1.0,0.0,2.0,10.0,3.0,7.0,2.0,6.0,-4.0,8.0,-3.0,11.0,2.0,0.0,2.0,0.0,2.0,-2.0,80.0,20.0,40.0,60.0,1571.8,1536.0
2026-05-29,2026,Valerenga,Kristiansund,3,1,H,O,1.55,4.22,4.81,6,1.0,1.0,1.0,2.0,5.0,2.0,3.0,6.0,4.0,2.0,-1.0,-2.0,1.0,0.0,0.0,0.0,1.0,1.0,0.0,40.0,40.0,20.0,60.0,1499.4,1492.7
2026-05-29,2026,Rosenborg,Bodo/Glimt,2,2,D,O,4.68,4.4,1.54,6,1.0,2.0,1.0,0.0,5.0,7.0,-2.0,4.0,2.0,2.0,1.0,5.0,-4.0,1.0,2.0,-1.0,0.0,0.0,0.0,40.0,40.0,60.0,20.0,1526.5,1744.5
2026-05-29,2026,KFUM Oslo,Tromso,0,0,D,U,2.77,3.14,2.41,6,2.0,1.0,1.0,1.0,3.0,2.0,1.0,2.0,6.0,-4.0,1.0,-4.0,5.0,1.0,0.0,1.0,1.0,1.0,0.0,60.0,40.0,50.0,25.0,1492.3,1623.1
2026-05-29,2026,Fredrikstad,Start,2,1,H,O,1.81,3.62,3.79,5,1.0,0.0,1.0,3.0,4.0,4.0,0.0,4.0,13.0,-9.0,0.0,-9.0,9.0,0.0,0.0,0.0,0.0,2.0,-2.0,50.0,25.0,0.0,83.3,1538.0,1404.9
2026-05-29,2026,Brann,Sarpsborg 08,1,2,A,O,1.66,4.09,4.08,5,2.0,0.0,1.0,3.0,5.0,2.0,3.0,3.0,8.0,-5.0,2.0,-6.0,8.0,1.0,0.0,1.0,0.0,1.0,-1.0,50.0,50.0,20.0,80.0,1608.8,1518.3
2026-05-29,2026,Aalesund,HamKam,2,2,D,O,2.04,3.56,3.11,6,1.0,0.0,0.0,2.0,5.0,3.0,2.0,4.0,7.0,-3.0,1.0,-4.0,5.0,0.0,0.0,0.0,0.0,1.0,-1.0,20.0,40.0,0.0,66.7,1401.0,1529.6
2026-05-25,2026,Tromso,Aalesund,1,1,D,U,1.46,4.23,5.9,8,2.0,1.0,1.0,2.0,5.0,3.0,2.0,6.0,6.0,0.0,-1.0,-3.0,2.0,2.0,0.0,2.0,1.0,1.0,0.0,71.4,14.3,25.0,50.0,1629.0,1395.1
2026-05-25,2026,Start,Valerenga,2,0,H,U,2.9,3.56,2.13,5,0.0,0.0,1.0,2.0,3.0,2.0,1.0,6.0,7.0,-1.0,-3.0,-5.0,2.0,0.0,0.0,0.0,1.0,1.0,0.0,0.0,25.0,25.0,50.0,1391.6,1512.7
2026-05-25,2026,Sarpsborg 08,Molde,2,1,H,O,2.49,3.6,2.42,5,1.0,1.0,1.0,1.0,3.0,2.0,1.0,3.0,3.0,0.0,0.0,-1.0,1.0,0.0,0.0,0.0,0.0,1.0,-1.0,25.0,25.0,25.0,50.0,1506.1,1584.0
2026-05-25,2026,Sandefjord,Fredrikstad,1,1,D,U,2.06,3.48,3.13,5,2.0,0.0,0.0,3.0,3.0,2.0,1.0,0.0,7.0,-7.0,3.0,-5.0,8.0,1.0,0.0,1.0,0.0,2.0,-2.0,50.0,25.0,20.0,80.0,1536.0,1538.1
2026-05-25,2026,KFUM Oslo,Rosenborg,2,0,H,U,2.21,3.41,2.89,5,1.0,0.0,2.0,2.0,2.0,0.0,2.0,4.0,5.0,-1.0,-2.0,-5.0,3.0,0.0,0.0,0.0,1.0,2.0,-1.0,50.0,50.0,0.0,75.0,1480.6,1538.2
2026-05-25,2026,HamKam,Lillestrom,2,0,H,U,3.38,3.56,1.94,6,3.0,1.0,0.0,1.0,7.0,2.0,5.0,1.0,2.0,-1.0,6.0,0.0,6.0,1.0,1.0,0.0,0.0,1.0,-1.0,80.0,20.0,60.0,20.0,1520.7,1481.4
2026-05-24,2026,Kristiansund,Viking,1,2,A,O,5.18,4.38,1.49,5,1.0,3.0,1.0,0.0,3.0,5.0,-2.0,4.0,1.0,3.0,-1.0,4.0,-5.0,1.0,1.0,0.0,1.0,0.0,1.0,50.0,25.0,75.0,25.0,1496.4,1752.7
2026-05-24,2026,Bodo/Glimt,Brann,3,1,H,O,1.26,5.93,7.79,5,2.0,1.0,1.0,1.0,10.0,7.0,3.0,1.0,3.0,-2.0,9.0,4.0,5.0,2.0,1.0,1.0,0.0,0.0,0.0,75.0,25.0,33.3,50.0,1737.9,1615.5
2026-05-20,2026,Start,Bodo/Glimt,1,4,A,O,8.36,5.79,1.26,4,0.0,1.0,0.0,1.0,3.0,3.0,0.0,3.0,6.0,-3.0,0.0,-3.0,3.0,0.0,1.0,-1.0,0.0,1.0,-1.0,0.0,0.0,50.0,25.0,1394.0,1735.4
2026-05-20,2026,Lillestrom,Kristiansund,1,2,A,O,1.4,4.57,6.26,5,2.0,0.0,1.0,2.0,7.0,1.0,6.0,3.0,4.0,-1.0,4.0,-3.0,7.0,2.0,0.0,2.0,1.0,1.0,0.0,75.0,25.0,0.0,75.0,1491.5,1486.3
2026-05-20,2026,Aalesund,Brann,2,1,H,O,3.25,3.76,1.93,5,0.0,1.0,1.0,1.0,5.0,8.0,-3.0,6.0,4.0,2.0,-1.0,4.0,-5.0,0.0,1.0,-1.0,0.0,0.0,0.0,0.0,50.0,40.0,40.0,1378.9,1631.7
2026-05-16,2026,Viking,Start,6,3,H,O,1.17,6.79,12.34,5,3.0,0.0,0.0,3.0,11.0,2.0,9.0,2.0,10.0,-8.0,9.0,-8.0,17.0,2.0,0.0,2.0,0.0,2.0,-2.0,100.0,0.0,0.0,80.0,1750.4,1396.4
2026-05-16,2026,Valerenga,Sarpsborg 08,3,2,H,O,1.81,3.88,3.53,5,0.0,0.0,2.0,3.0,2.0,1.0,1.0,5.0,7.0,-2.0,-3.0,-6.0,3.0,0.0,0.0,0.0,1.0,1.0,0.0,25.0,50.0,25.0,75.0,1502.3,1516.5
2026-05-16,2026,Rosenborg,Aalesund,2,3,A,O,1.6,4.03,4.64,5,2.0,0.0,0.0,2.0,5.0,1.0,4.0,2.0,5.0,-3.0,3.0,-4.0,7.0,1.0,0.0,1.0,0.0,1.0,-1.0,50.0,25.0,0.0,66.7,1553.1,1363.9
2026-05-16,2026,Molde,Kristiansund,1,0,H,U,1.36,4.84,6.61,5,2.0,0.0,1.0,2.0,9.0,1.0,8.0,3.0,5.0,-2.0,6.0,-4.0,10.0,2.0,0.0,2.0,0.0,2.0,-2.0,75.0,25.0,0.0,66.7,1576.3,1494.0
2026-05-16,2026,Lillestrom,Sandefjord,3,1,H,O,1.79,3.63,3.87,4,2.0,2.0,1.0,1.0,7.0,4.0,3.0,3.0,4.0,-1.0,4.0,0.0,4.0,2.0,0.0,2.0,1.0,1.0,0.0,66.7,33.3,50.0,50.0,1479.6,1547.9
2026-05-16,2026,Fredrikstad,HamKam,2,1,H,O,1.96,3.39,3.51,4,1.0,,1.0,,5.0,,,4.0,,,1.0,,,1.0,,,0.0,,,33.3,33.3,0.0,50.0,1528.0,1530.8
2026-05-16,2026,Brann,KFUM Oslo,2,1,H,O,1.53,4.15,5.04,4,1.0,0.0,2.0,1.0,4.0,4.0,0.0,4.0,8.0,-4.0,0.0,-4.0,4.0,1.0,0.0,1.0,0.0,1.0,-1.0,33.3,66.7,0.0,50.0,1625.5,1486.9
2026-05-16,2026,Bodo/Glimt,Tromso,5,0,H,O,1.38,4.78,6.41,4,2.0,2.0,1.0,0.0,8.0,4.0,4.0,1.0,2.0,-1.0,7.0,2.0,5.0,2.0,0.0,2.0,0.0,0.0,0.0,66.7,33.3,66.7,0.0,1728.0,1636.4
2026-05-10,2026,Tromso,Molde,2,0,H,U,1.87,3.53,3.66,7,1.0,1.0,1.0,1.0,3.0,3.0,0.0,6.0,5.0,1.0,-3.0,-2.0,-1.0,1.0,0.0,1.0,1.0,1.0,0.0,66.7,16.7,33.3,33.3,1627.7,1585.1
2026-05-10,2026,Sandefjord,Kristiansund,2,0,H,U,1.59,4.03,4.6,4,1.0,,1.0,,1.0,,,2.0,,,-1.0,,,0.0,,,1.0,,,33.3,33.3,0.0,50.0,1539.0,1502.9
2026-05-10,2026,Rosenborg,Lillestrom,2,0,H,U,2.52,3.39,2.49,4,1.0,2.0,1.0,0.0,3.0,3.0,0.0,4.0,0.0,4.0,-1.0,3.0,-4.0,0.0,1.0,-1.0,1.0,0.0,1.0,33.3,33.3,75.0,0.0,1544.8,1488.0
2026-05-10,2026,KFUM Oslo,Viking,0,2,A,U,4.17,3.95,1.68,4,2.0,2.0,1.0,1.0,4.0,4.0,0.0,2.0,3.0,-1.0,2.0,1.0,1.0,1.0,0.0,1.0,0.0,0.0,0.0,66.7,33.3,66.7,33.3,1490.6,1746.6
2026-05-09,2026,Sarpsborg 08,Fredrikstad,2,1,H,O,1.88,3.55,3.53,4,0.0,1.0,1.0,2.0,2.0,4.0,-2.0,3.0,7.0,-4.0,-1.0,-3.0,2.0,0.0,0.0,0.0,0.0,2.0,-2.0,0.0,33.3,25.0,75.0,1505.6,1539.0
2026-05-08,2026,HamKam,Valerenga,1,0,H,U,2.95,3.44,2.16,5,2.0,1.0,1.0,1.0,7.0,4.0,3.0,6.0,6.0,0.0,1.0,-2.0,3.0,1.0,1.0,0.0,1.0,1.0,0.0,75.0,25.0,33.3,33.3,1521.1,1512.1
2026-05-04,2026,Bodo/Glimt,Molde,0,1,A,U,1.32,5.43,6.64,3,,,,,,,,,,,,,,,,,,,,100.0,0.0,0.0,50.0,1742.5,1570.5
2026-05-03,2026,Valerenga,KFUM Oslo,2,2,D,O,1.93,3.58,3.37,4,1.0,0.0,2.0,2.0,1.0,3.0,-2.0,3.0,9.0,-6.0,-2.0,-6.0,4.0,0.0,0.0,0.0,1.0,2.0,-1.0,33.3,66.7,0.0,66.7,1512.7,1489.9
2026-05-03,2026,Start,Tromso,1,1,D,U,4.33,3.58,1.73,3,,,,,,,,,,,,,,,,,,,,0.0,0.0,100.0,0.0,1390.3,1633.7
2026-05-03,2026,Sandefjord,Aalesund,1,0,H,U,1.79,3.81,3.67,3,,,,,,,,,,,,,,,,,,,,0.0,50.0,0.0,50.0,1533.4,1369.5
2026-05-03,2026,Lillestrom,Sarpsborg 08,4,0,H,O,1.71,4.0,3.88,3,,1.0,,2.0,,3.0,,,3.0,,,0.0,,,1.0,,,0.0,,50.0,50.0,33.3,66.7,1476.8,1516.7
2026-05-03,2026,Kristiansund,HamKam,1,1,D,U,2.48,3.42,2.53,4,2.0,,1.0,,5.0,,,5.0,,,0.0,,,1.0,,,1.0,,,66.7,33.3,0.0,100.0,1502.4,1521.6
2026-05-02,2026,Brann,Fredrikstad,3,1,H,O,1.43,4.46,5.96,3,,1.0,,2.0,,3.0,,,8.0,,,-5.0,,,0.0,,,2.0,,0.0,100.0,33.3,66.7,1617.5,1547.0
2026-05-01,2026,Viking,Rosenborg,3,0,H,O,1.38,4.8,6.39,4,3.0,0.0,0.0,2.0,12.0,0.0,12.0,3.0,4.0,-1.0,9.0,-4.0,13.0,2.0,0.0,2.0,0.0,2.0,-2.0,100.0,0.0,0.0,66.7,1741.7,1549.7
2026-04-30,2026,Bodo/Glimt,Start,5,0,H,O,1.1,8.51,15.72,2,,0.0,,2.0,,3.0,,,6.0,,,-3.0,,,0.0,,,1.0,,100.0,0.0,0.0,75.0,1740.2,1392.7
2026-04-29,2026,Tromso,Brann,0,5,A,O,1.92,3.54,3.45,6,2.0,1.0,0.0,1.0,5.0,8.0,-3.0,1.0,5.0,-4.0,4.0,3.0,1.0,2.0,1.0,1.0,0.0,0.0,0.0,80.0,0.0,25.0,50.0,1644.8,1606.4
2026-04-26,2026,Tromso,Sandefjord,3,1,H,O,1.54,4.02,5.15,5,2.0,2.0,0.0,1.0,4.0,3.0,1.0,0.0,2.0,-2.0,4.0,1.0,3.0,2.0,0.0,2.0,0.0,0.0,0.0,75.0,0.0,66.7,33.3,1637.5,1540.6
2026-04-26,2026,Molde,Valerenga,5,1,H,O,1.98,3.6,3.22,4,2.0,,1.0,,6.0,,,2.0,,,4.0,,,2.0,,,0.0,,,66.7,33.3,50.0,0.0,1561.7,1521.6
2026-04-26,2026,Lillestrom,Bodo/Glimt,0,2,A,U,3.35,4.01,1.84,2,,1.0,,1.0,,4.0,,,6.0,,,-2.0,,,1.0,,,1.0,,100.0,0.0,33.3,33.3,1480.5,1736.4
2026-04-26,2026,KFUM Oslo,Sarpsborg 08,1,0,H,U,2.23,3.53,2.77,3,,,,,,,,,,,,,,,,,,,,50.0,50.0,50.0,50.0,1478.5,1528.1
2026-04-26,2026,HamKam,Start,2,1,H,O,1.94,3.46,3.46,4,2.0,0.0,1.0,2.0,7.0,2.0,5.0,6.0,6.0,0.0,1.0,-4.0,5.0,1.0,0.0,1.0,1.0,2.0,-1.0,66.7,33.3,0.0,66.7,1514.8,1399.5
2026-04-26,2026,Aalesund,Kristiansund,1,1,D,U,1.78,3.84,3.65,4,0.0,,2.0,,5.0,,,8.0,,,-3.0,,,0.0,,,1.0,,,0.0,66.7,0.0,100.0,1365.7,1506.2
2026-04-25,2026,Rosenborg,Brann,1,1,D,U,2.48,3.45,2.5,3,,1.0,,2.0,,9.0,,,7.0,,,2.0,,,1.0,,,0.0,,50.0,50.0,33.3,66.7,1548.0,1608.1
2026-04-25,2026,Fredrikstad,Viking,1,2,A,O,4.61,4.0,1.6,3,,,,,,,,,,,,,,,,,,,,50.0,0.0,50.0,50.0,1552.1,1736.5
2026-04-19,2026,Valerenga,Lillestrom,0,2,A,U,2.4,3.56,2.56,3,,2.0,,0.0,,4.0,,,1.0,,,3.0,,,1.0,,,0.0,,50.0,50.0,66.7,0.0,1533.4,1468.7
2026-04-19,2026,Start,Molde,1,1,D,U,3.39,3.56,1.95,2,,,,,,,,,,,,,,,,,,,,0.0,0.0,0.0,100.0,1394.9,1566.2
2026-04-19,2026,Sarpsborg 08,Tromso,0,1,A,U,3.1,3.39,2.11,3,,,,,,,,,,,,,,,,,,,,0.0,0.0,100.0,0.0,1535.5,1630.2
2026-04-19,2026,Kristiansund,Fredrikstad,2,0,H,U,2.87,3.5,2.19,3,,,,,,,,,,,,,,,,,,,,50.0,50.0,50.0,50.0,1494.2,1564.1
2026-04-19,2026,HamKam,KFUM Oslo,4,0,H,O,2.72,3.34,2.35,3,,,,,,,,,,,,,,,,,,,,50.0,50.0,0.0,50.0,1505.3,1488.0
2026-04-18,2026,Viking,Brann,3,2,H,O,1.69,4.01,4.01,3,,,,,,,,,,,,,,,,,,,,100.0,0.0,50.0,50.0,1729.7,1614.9
2026-04-18,2026,Sandefjord,Rosenborg,0,0,D,U,1.98,3.59,3.25,2,,,,,,,,,,,,,,,,,,,,0.0,100.0,0.0,100.0,1540.4,1548.2
2026-04-18,2026,Bodo/Glimt,Aalesund,3,0,H,O,1.11,8.6,15.03,1,,,,,,,,,,,,,,,,,,,,,,0.0,0.0,1734.3,1367.9
2026-04-15,2026,Tromso,Lillestrom,0,0,D,U,1.8,3.67,3.9,4,3.0,,0.0,,8.0,,,0.0,,,8.0,,,3.0,,,0.0,,,100.0,0.0,100.0,0.0,1634.7,1464.2
2026-04-15,2026,Sarpsborg 08,Bodo/Glimt,1,1,D,U,5.65,4.95,1.42,2,,,,,,,,,,,,,,,,,,,,0.0,0.0,50.0,50.0,1530.1,1739.7
2026-04-12,2026,Rosenborg,Sarpsborg 08,2,1,H,O,2.21,3.46,2.87,2,,,,,,,,,,,,,,,,,,,,0.0,100.0,100.0,0.0,1538.2,1540.1
2026-04-12,2026,Molde,HamKam,4,1,H,O,1.46,4.32,5.66,3,,,,,,,,,,,,,,,,,,,,50.0,50.0,,,1557.5,1514.1
2026-04-12,2026,Fredrikstad,Valerenga,1,1,D,U,2.56,3.47,2.43,2,,,,,,,,,,,,,,,,,,,,100.0,0.0,100.0,0.0,1565.0,1532.5
2026-04-12,2026,Brann,Sandefjord,0,1,A,U,1.52,4.17,5.21,2,,,,,,,,,,,,,,,,,,,,0.0,100.0,50.0,50.0,1627.7,1527.6
2026-04-12,2026,Aalesund,KFUM Oslo,2,2,D,O,2.51,3.35,2.55,3,,,,,,,,,,,,,,,,,,,,0.0,100.0,0.0,100.0,1364.4,1491.5
2026-04-11,2026,Viking,Bodo/Glimt,5,0,H,O,2.95,3.96,2.01,2,,,,,,,,,,,,,,,,,,,,100.0,0.0,100.0,0.0,1718.8,1750.6
2026-04-11,2026,Tromso,Kristiansund,2,0,H,U,1.25,5.4,9.69,3,,,,,,,,,,,,,,,,,,,,100.0,0.0,,,1628.2,1500.7
2026-04-11,2026,Lillestrom,Start,3,1,H,O,1.41,4.68,5.99,1,,,,,,,,,,,,,,,,,,,,,,0.0,50.0,1455.6,1403.4
2026-04-07,2026,KFUM Oslo,Sandefjord,1,2,A,O,2.16,3.42,3.04,2,,,,,,,,,,,,,,,,,,,,100.0,0.0,0.0,100.0,1501.0,1518.1
2026-04-07,2026,Aalesund,Fredrikstad,2,3,A,O,2.35,3.49,2.69,2,,,,,,,,,,,,,,,,,,,,0.0,100.0,0.0,100.0,1369.4,1560.0
2026-04-06,2026,Valerenga,Viking,0,1,A,U,2.83,3.68,2.15,2,,,,,,,,,,,,,,,,,,,,100.0,0.0,0.0,100.0,1537.8,1713.5
2026-04-06,2026,Tromso,Rosenborg,2,0,H,U,1.55,3.83,5.41,2,,,,,,,,,,,,,,,,,,,,100.0,0.0,0.0,100.0,1620.3,1546.1
2026-04-06,2026,Sarpsborg 08,Start,1,1,D,U,1.74,3.78,3.97,1,,,,,,,,,,,,,,,,,,,,,,0.0,100.0,1544.1,1399.5
2026-04-06,2026,Molde,Lillestrom,0,1,A,U,2.11,3.7,2.89,2,,,,,,,,,,,,,,,,,,,,100.0,0.0,100.0,0.0,1571.0,1442.1
2026-04-06,2026,Kristiansund,Bodo/Glimt,0,3,A,O,9.78,6.59,1.2,2,,,,,,,,,,,,,,,,,,,,100.0,0.0,,,1504.7,1746.6
2026-04-06,2026,HamKam,Brann,1,5,A,O,3.87,3.66,1.8,2,,,,,,,,,,,,,,,,,,,,100.0,0.0,0.0,100.0,1521.3,1620.5
2026-03-22,2026,Sandefjord,Sarpsborg 08,0,2,A,U,2.02,3.83,3.02,1,,,,,,,,,,,,,,,,,,,,,,,,1527.9,1534.3
2026-03-22,2026,Rosenborg,Valerenga,0,2,A,U,2.14,3.54,2.97,1,,,,,,,,,,,,,,,,,,,,,,,,1556.9,1526.9
2026-03-22,2026,Fredrikstad,KFUM Oslo,3,1,H,O,2.24,3.21,3.08,1,,,,,,,,,,,,,,,,,,,,,,,,1551.2,1509.8
2026-03-22,2026,Brann,Tromso,1,2,A,O,1.88,3.44,3.79,1,,,,,,,,,,,,,,,,,,,,,,,,1631.1,1609.7
2026-03-21,2026,Viking,Molde,4,1,H,O,1.65,3.79,4.69,1,,,,,,,,,,,,,,,,,,,,,,,,1707.0,1577.5
2026-03-21,2026,Start,Aalesund,1,1,D,U,2.23,3.33,2.98,1,,,,,,,,,,,,,,,,,,,,,,,,1400.4,1368.4
2026-03-15,2026,Valerenga,Sandefjord,1,0,H,U,1.88,3.79,3.46,1,,,,,,,,,,,,,,,,,,,,,,,,1516.3,1538.6
2026-03-15,2026,Tromso,Fredrikstad,4,0,H,O,1.66,3.55,5.04,1,,,,,,,,,,,,,,,,,,,,,,,,1600.9,1560.1
2026-03-15,2026,Kristiansund,Brann,3,2,H,O,5.36,4.1,1.53,1,,,,,,,,,,,,,,,,,,,,,,,,1490.5,1645.3
2026-03-15,2026,KFUM Oslo,Start,2,0,H,U,1.94,3.26,3.77,1,,,,,,,,,,,,,,,,,,,,,,,,1502.5,1407.7
2026-03-15,2026,Aalesund,Lillestrom,1,3,A,O,2.97,3.62,2.12,1,,,,,,,,,,,,,,,,,,,,,,,,1376.8,1433.7
2026-03-14,2026,Molde,Rosenborg,2,0,H,U,1.82,3.65,3.83,1,,,,,,,,,,,,,,,,,,,,,,,,1567.5,1566.9
2026-03-14,2026,HamKam,Viking,2,1,H,O,4.58,3.73,1.67,1,,,,,,,,,,,,,,,,,,,,,,,,1505.7,1722.6
2025-11-30,2025,Viking,Valerenga,5,1,H,O,1.21,6.5,9.42,15,3.0,0.0,0.0,3.0,11.0,2.0,9.0,1.0,7.0,-6.0,10.0,-5.0,15.0,3.0,0.0,3.0,0.0,1.0,-1.0,78.6,7.1,28.6,64.3,1717.7,1521.2
2025-11-30,2025,Sarpsborg 08,Molde,1,0,H,U,2.35,3.84,2.52,15,1.0,1.0,2.0,2.0,4.0,4.0,0.0,8.0,6.0,2.0,-4.0,-2.0,-2.0,0.0,1.0,-1.0,2.0,1.0,1.0,28.6,42.9,28.6,57.1,1522.7,1579.1
2025-11-30,2025,Sandefjord,KFUM Oslo,2,0,H,U,1.92,3.69,3.4,15,2.0,0.0,0.0,1.0,2.0,3.0,-1.0,0.0,4.0,-4.0,2.0,-1.0,3.0,0.0,0.0,0.0,0.0,0.0,0.0,71.4,21.4,21.4,35.7,1529.0,1512.0
2025-11-30,2025,Rosenborg,Stromsgodset,6,0,H,O,1.39,5.21,5.85,15,1.0,0.0,1.0,3.0,4.0,3.0,1.0,4.0,7.0,-3.0,0.0,-4.0,4.0,0.0,0.0,0.0,0.0,1.0,-1.0,42.9,14.3,21.4,71.4,1560.5,1428.8
2025-11-30,2025,Kristiansund,Tromso,1,3,A,O,6.87,4.72,1.38,15,2.0,1.0,1.0,2.0,5.0,3.0,2.0,5.0,4.0,1.0,0.0,-1.0,1.0,0.0,0.0,0.0,1.0,0.0,1.0,35.7,35.7,50.0,35.7,1497.8,1593.6
2025-11-30,2025,Haugesund,Bryne,1,4,A,O,3.3,3.68,1.96,15,0.0,0.0,3.0,3.0,4.0,1.0,3.0,8.0,11.0,-3.0,-4.0,-10.0,6.0,0.0,0.0,0.0,1.0,2.0,-1.0,7.1,78.6,7.1,71.4,1373.6,1474.4
2025-11-30,2025,Brann,HamKam,3,1,H,O,1.26,5.77,8.64,15,1.0,1.0,1.0,1.0,6.0,4.0,2.0,4.0,5.0,-1.0,2.0,-1.0,3.0,1.0,1.0,0.0,0.0,1.0,-1.0,64.3,14.3,21.4,50.0,1638.8,1512.3
2025-11-30,2025,Bodo/Glimt,Fredrikstad,5,0,H,O,1.09,9.49,17.75,15,3.0,2.0,0.0,0.0,11.0,5.0,6.0,1.0,0.0,1.0,10.0,5.0,5.0,3.0,2.0,1.0,0.0,0.0,0.0,78.6,14.3,28.6,35.7,1741.3,1565.4
2025-11-23,2025,HamKam,Haugesund,5,0,H,O,1.35,4.95,7.12,15,3.0,1.0,0.0,2.0,9.0,5.0,4.0,2.0,7.0,-5.0,7.0,-2.0,9.0,2.0,1.0,1.0,0.0,2.0,-2.0,42.9,35.7,7.1,85.7,1505.7,1380.1
2025-11-23,2025,Fredrikstad,Viking,0,1,A,U,5.49,4.34,1.49,15,1.0,2.0,0.0,0.0,5.0,8.0,-3.0,3.0,5.0,-2.0,2.0,3.0,-1.0,1.0,1.0,0.0,0.0,0.0,0.0,50.0,21.4,64.3,14.3,1571.6,1711.5
2025-11-23,2025,Bryne,Sarpsborg 08,0,3,A,O,2.19,3.53,2.88,15,2.0,1.0,0.0,2.0,6.0,4.0,2.0,3.0,8.0,-5.0,3.0,-4.0,7.0,1.0,0.0,1.0,0.0,1.0,-1.0,42.9,28.6,35.7,35.7,1483.6,1513.5
2025-11-22,2025,Valerenga,Kristiansund,3,3,D,O,1.63,4.08,4.37,15,3.0,0.0,0.0,2.0,6.0,2.0,4.0,2.0,6.0,-4.0,4.0,-4.0,8.0,1.0,0.0,1.0,0.0,2.0,-2.0,57.1,21.4,28.6,50.0,1521.9,1497.1
2025-11-22,2025,Tromso,Rosenborg,1,0,H,U,1.45,4.42,5.94,15,2.0,0.0,1.0,2.0,8.0,4.0,4.0,4.0,10.0,-6.0,4.0,-6.0,10.0,2.0,0.0,2.0,1.0,2.0,-1.0,64.3,28.6,28.6,50.0,1584.0,1570.1
2025-11-22,2025,Stromsgodset,Sandefjord,2,6,A,O,2.67,3.73,2.27,15,0.0,1.0,2.0,1.0,2.0,5.0,-3.0,6.0,5.0,1.0,-4.0,0.0,-4.0,0.0,1.0,-1.0,1.0,1.0,0.0,21.4,71.4,21.4,64.3,1436.4,1521.4
2025-11-22,2025,Molde,Brann,4,0,H,O,2.94,3.54,2.15,15,2.0,1.0,1.0,2.0,9.0,4.0,5.0,6.0,7.0,-1.0,3.0,-3.0,6.0,2.0,0.0,2.0,1.0,1.0,0.0,50.0,42.9,50.0,35.7,1566.7,1651.1
2025-11-21,2025,KFUM Oslo,Bodo/Glimt,1,2,A,O,6.76,4.8,1.37,15,1.0,2.0,1.0,1.0,4.0,8.0,-4.0,6.0,6.0,0.0,-2.0,2.0,-4.0,0.0,1.0,-1.0,1.0,1.0,0.0,35.7,28.6,64.3,14.3,1516.4,1736.9
2025-11-09,2025,Sandefjord,Tromso,1,0,H,U,3.25,3.45,2.06,14,1.0,2.0,1.0,1.0,1.0,5.0,-4.0,3.0,3.0,0.0,-2.0,2.0,-4.0,0.0,1.0,-1.0,1.0,0.0,1.0,69.2,23.1,53.8,30.8,1509.0,1596.5
2025-11-09,2025,Rosenborg,Valerenga,1,0,H,U,2.05,3.87,2.96,14,0.0,0.0,2.0,3.0,5.0,4.0,1.0,7.0,9.0,-2.0,-2.0,-5.0,3.0,0.0,0.0,0.0,0.0,1.0,-1.0,38.5,15.4,30.8,61.5,1561.0,1531.0
2025-11-09,2025,Kristiansund,Stromsgodset,2,1,H,O,1.75,3.92,3.83,14,2.0,1.0,1.0,2.0,5.0,4.0,1.0,4.0,6.0,-2.0,1.0,-2.0,3.0,1.0,0.0,1.0,1.0,1.0,0.0,30.8,38.5,23.1,69.2,1488.3,1445.2
2025-11-09,2025,Haugesund,Molde,0,2,A,U,7.44,5.09,1.33,14,0.0,0.0,3.0,3.0,4.0,2.0,2.0,9.0,7.0,2.0,-5.0,-5.0,0.0,0.0,0.0,0.0,1.0,1.0,0.0,7.7,76.9,23.1,61.5,1385.4,1561.4
2025-11-09,2025,Brann,KFUM Oslo,1,1,D,U,1.64,3.75,4.8,14,2.0,0.0,1.0,1.0,6.0,3.0,3.0,3.0,4.0,-1.0,3.0,-1.0,4.0,1.0,0.0,1.0,0.0,0.0,0.0,69.2,15.4,23.1,38.5,1655.0,1512.5
2025-11-09,2025,Bodo/Glimt,Bryne,5,0,H,O,1.09,9.26,18.19,14,3.0,0.0,0.0,2.0,13.0,2.0,11.0,2.0,7.0,-5.0,11.0,-5.0,16.0,3.0,0.0,3.0,0.0,1.0,-1.0,76.9,15.4,7.7,69.2,1733.0,1487.5
2025-11-08,2025,Viking,HamKam,3,0,H,O,1.23,6.11,9.25,14,3.0,1.0,0.0,1.0,9.0,4.0,5.0,1.0,3.0,-2.0,8.0,1.0,7.0,2.0,1.0,1.0,0.0,0.0,0.0,76.9,7.7,23.1,46.2,1706.6,1510.6
2025-11-08,2025,Sarpsborg 08,Fredrikstad,0,2,A,U,2.18,3.52,2.91,14,1.0,1.0,1.0,1.0,7.0,4.0,3.0,9.0,2.0,7.0,-2.0,2.0,-4.0,0.0,1.0,-1.0,1.0,0.0,1.0,30.8,38.5,23.1,38.5,1522.4,1562.7
2025-11-02,2025,Tromso,Sarpsborg 08,4,0,H,O,1.44,4.55,5.92,14,2.0,2.0,1.0,1.0,5.0,7.0,-2.0,4.0,5.0,-1.0,1.0,2.0,-1.0,1.0,1.0,0.0,1.0,0.0,1.0,61.5,30.8,38.5,30.8,1588.1,1530.7
2025-11-02,2025,Stromsgodset,Viking,1,2,A,O,6.31,5.24,1.36,14,1.0,1.0,1.0,0.0,3.0,8.0,-5.0,5.0,6.0,-1.0,-2.0,2.0,-4.0,0.0,1.0,-1.0,1.0,0.0,1.0,23.1,69.2,61.5,15.4,1448.9,1702.8
2025-11-02,2025,KFUM Oslo,Haugesund,1,4,A,O,1.24,5.51,10.5,14,1.0,0.0,0.0,3.0,5.0,1.0,4.0,4.0,8.0,-4.0,1.0,-7.0,8.0,0.0,0.0,0.0,0.0,3.0,-3.0,38.5,23.1,0.0,92.3,1526.7,1371.2
2025-11-02,2025,HamKam,Sandefjord,3,1,H,O,2.46,3.47,2.54,14,2.0,2.0,1.0,0.0,7.0,7.0,0.0,3.0,4.0,-1.0,4.0,3.0,1.0,1.0,1.0,0.0,0.0,0.0,0.0,38.5,38.5,23.1,61.5,1500.1,1519.5
2025-11-02,2025,Fredrikstad,Kristiansund,3,1,H,O,1.66,4.02,4.29,14,0.0,0.0,0.0,2.0,4.0,2.0,2.0,4.0,10.0,-6.0,0.0,-8.0,8.0,0.0,0.0,0.0,0.0,2.0,-2.0,46.2,23.1,30.8,46.2,1554.4,1496.7
2025-11-02,2025,Bryne,Brann,2,1,H,O,3.79,3.59,1.84,14,1.0,2.0,1.0,1.0,4.0,6.0,-2.0,4.0,5.0,-1.0,0.0,1.0,-1.0,1.0,1.0,0.0,1.0,1.0,0.0,38.5,30.8,53.8,30.8,1472.3,1670.2
2025-11-01,2025,Valerenga,Bodo/Glimt,3,1,H,O,5.24,4.73,1.46,14,2.0,2.0,0.0,0.0,4.0,8.0,-4.0,2.0,4.0,-2.0,2.0,4.0,-2.0,0.0,1.0,-1.0,0.0,0.0,0.0,53.8,23.1,69.2,7.7,1515.2,1748.8
2025-11-01,2025,Molde,Rosenborg,4,2,H,O,1.82,3.78,3.68,14,1.0,1.0,2.0,1.0,6.0,5.0,1.0,6.0,6.0,0.0,0.0,-1.0,1.0,1.0,1.0,0.0,1.0,1.0,0.0,46.2,46.2,30.8,46.2,1550.8,1571.6
2025-10-29,2025,Rosenborg,Sandefjord,1,1,D,U,1.9,3.8,3.37,13,0.0,2.0,2.0,1.0,5.0,7.0,-2.0,7.0,5.0,2.0,-2.0,2.0,-4.0,0.0,1.0,-1.0,0.0,0.0,0.0,41.7,16.7,25.0,66.7,1573.2,1518.0
2025-10-29,2025,Brann,Bodo/Glimt,1,2,A,O,3.79,3.97,1.75,13,3.0,2.0,0.0,0.0,8.0,8.0,0.0,3.0,4.0,-1.0,5.0,4.0,1.0,1.0,1.0,0.0,0.0,0.0,0.0,75.0,8.3,66.7,8.3,1678.4,1740.6
2025-10-26,2025,Valerenga,Stromsgodset,2,1,H,O,1.5,4.57,4.94,13,2.0,1.0,0.0,1.0,5.0,5.0,0.0,3.0,6.0,-3.0,2.0,-1.0,3.0,0.0,0.0,0.0,0.0,1.0,-1.0,50.0,25.0,25.0,66.7,1506.6,1457.5
2025-10-26,2025,Sandefjord,Fredrikstad,0,0,D,U,1.84,3.72,3.64,13,1.0,1.0,2.0,2.0,2.0,4.0,-2.0,5.0,3.0,2.0,-3.0,1.0,-4.0,0.0,1.0,-1.0,1.0,0.0,1.0,75.0,25.0,25.0,41.7,1516.9,1555.5
2025-10-26,2025,Rosenborg,Brann,2,3,A,O,2.47,3.49,2.53,12,1.0,1.0,1.0,1.0,7.0,5.0,2.0,5.0,5.0,0.0,2.0,0.0,2.0,1.0,1.0,0.0,0.0,1.0,-1.0,45.5,9.1,50.0,33.3,1580.6,1670.9
2025-10-26,2025,Kristiansund,HamKam,1,3,A,O,2.25,3.47,2.85,13,2.0,0.0,0.0,1.0,6.0,3.0,3.0,3.0,4.0,-1.0,3.0,-1.0,4.0,1.0,0.0,1.0,0.0,0.0,0.0,33.3,33.3,16.7,50.0,1507.2,1489.5
2025-10-26,2025,Haugesund,Tromso,2,3,A,O,9.28,4.86,1.3,13,0.0,1.0,3.0,2.0,4.0,2.0,2.0,9.0,3.0,6.0,-5.0,-1.0,-4.0,0.0,1.0,-1.0,1.0,1.0,0.0,8.3,75.0,50.0,33.3,1375.9,1583.4
2025-10-26,2025,Bodo/Glimt,Molde,4,1,H,O,1.28,5.72,7.75,13,2.0,0.0,0.0,3.0,10.0,2.0,8.0,2.0,6.0,-4.0,8.0,-4.0,12.0,2.0,0.0,2.0,0.0,1.0,-1.0,75.0,16.7,25.0,58.3,1735.3,1556.0
2025-10-25,2025,Viking,Bryne,5,1,H,O,1.28,5.41,8.55,13,3.0,0.0,0.0,2.0,6.0,3.0,3.0,1.0,5.0,-4.0,5.0,-2.0,7.0,1.0,0.0,1.0,0.0,0.0,0.0,75.0,8.3,8.3,66.7,1698.5,1476.7
2025-10-25,2025,Sarpsborg 08,KFUM Oslo,2,1,H,O,2.67,3.36,2.42,13,1.0,0.0,1.0,1.0,7.0,2.0,5.0,9.0,4.0,5.0,-2.0,-2.0,0.0,0.0,0.0,0.0,1.0,1.0,0.0,25.0,41.7,25.0,33.3,1520.2,1537.2
2025-10-19,2025,Tromso,Viking,1,3,A,O,2.25,3.33,2.94,13,3.0,1.0,0.0,0.0,6.0,7.0,-1.0,1.0,6.0,-5.0,5.0,1.0,4.0,2.0,0.0,2.0,0.0,0.0,0.0,66.7,25.0,58.3,16.7,1590.6,1691.3
2025-10-19,2025,Stromsgodset,Fredrikstad,0,3,A,O,2.27,3.4,2.84,13,2.0,1.0,0.0,2.0,6.0,3.0,3.0,3.0,4.0,-1.0,3.0,-1.0,4.0,1.0,0.0,1.0,0.0,0.0,0.0,25.0,66.7,18.2,45.5,1465.2,1547.8
2025-10-19,2025,Molde,Sandefjord,1,3,A,O,1.79,3.92,3.67,13,2.0,1.0,1.0,1.0,7.0,6.0,1.0,3.0,6.0,-3.0,4.0,0.0,4.0,2.0,0.0,2.0,0.0,0.0,0.0,50.0,41.7,18.2,72.7,1567.8,1505.1
2025-10-19,2025,KFUM Oslo,Kristiansund,1,1,D,U,1.57,3.84,5.3,13,1.0,1.0,0.0,2.0,6.0,2.0,4.0,5.0,9.0,-4.0,1.0,-7.0,8.0,0.0,0.0,0.0,0.0,2.0,-2.0,41.7,25.0,33.3,50.0,1538.1,1506.3
2025-10-19,2025,HamKam,Valerenga,2,1,H,O,2.33,3.53,2.68,13,1.0,1.0,2.0,2.0,6.0,6.0,0.0,5.0,9.0,-4.0,1.0,-3.0,4.0,1.0,0.0,1.0,1.0,1.0,0.0,33.3,41.7,33.3,58.3,1478.4,1517.7
2025-10-18,2025,Sarpsborg 08,Bodo/Glimt,2,5,A,O,6.26,5.25,1.36,12,1.0,2.0,1.0,0.0,5.0,8.0,-3.0,5.0,2.0,3.0,0.0,6.0,-6.0,0.0,1.0,-1.0,0.0,0.0,0.0,27.3,36.4,63.6,9.1,1524.9,1730.7
2025-10-18,2025,Bryne,Rosenborg,2,2,D,O,3.13,3.36,2.13,13,1.0,1.0,1.0,2.0,4.0,4.0,0.0,4.0,6.0,-2.0,0.0,-2.0,2.0,1.0,1.0,0.0,1.0,1.0,0.0,41.7,33.3,33.3,50.0,1473.6,1583.7
2025-10-18,2025,Brann,Haugesund,4,1,H,O,1.09,8.94,18.06,12,3.0,0.0,0.0,2.0,7.0,2.0,5.0,3.0,6.0,-3.0,4.0,-4.0,8.0,1.0,0.0,1.0,0.0,2.0,-2.0,72.7,9.1,0.0,91.7,1667.7,1379.1
2025-10-05,2025,Viking,Brann,3,0,H,O,2.09,3.7,2.97,12,2.0,2.0,1.0,0.0,5.0,7.0,-2.0,5.0,3.0,2.0,0.0,4.0,-4.0,0.0,1.0,-1.0,1.0,0.0,1.0,72.7,9.1,54.5,27.3,1681.4,1677.6
2025-10-05,2025,Stromsgodset,KFUM Oslo,1,1,D,U,3.29,3.33,2.08,12,2.0,0.0,1.0,1.0,5.0,1.0,4.0,7.0,3.0,4.0,-2.0,-2.0,0.0,1.0,0.0,1.0,1.0,1.0,0.0,27.3,72.7,27.3,36.4,1463.0,1540.3
2025-10-05,2025,Rosenborg,Sarpsborg 08,2,3,A,O,1.7,4.04,4.02,11,2.0,1.0,0.0,2.0,7.0,4.0,3.0,2.0,7.0,-5.0,5.0,-3.0,8.0,2.0,1.0,1.0,0.0,1.0,-1.0,50.0,0.0,33.3,33.3,1596.1,1512.6
2025-10-05,2025,Fredrikstad,HamKam,1,1,D,U,1.92,3.46,3.64,13,1.0,0.0,0.0,2.0,6.0,2.0,4.0,5.0,4.0,1.0,1.0,-2.0,3.0,0.0,0.0,0.0,0.0,0.0,0.0,50.0,25.0,18.2,54.5,1549.9,1476.3
2025-10-05,2025,Bodo/Glimt,Haugesund,2,0,H,U,1.02,16.13,36.0,12,2.0,0.0,0.0,2.0,9.0,2.0,7.0,2.0,6.0,-4.0,7.0,-4.0,11.0,1.0,0.0,1.0,0.0,2.0,-2.0,72.7,18.2,0.0,90.9,1728.3,1381.5
2025-10-04,2025,Valerenga,Tromso,1,0,H,U,2.84,3.45,2.25,12,2.0,1.0,0.0,1.0,8.0,3.0,5.0,3.0,3.0,0.0,5.0,0.0,5.0,1.0,1.0,0.0,0.0,1.0,-1.0,45.5,27.3,54.5,27.3,1504.9,1603.4
2025-10-04,2025,Sandefjord,Bryne,1,0,H,U,1.69,3.83,4.31,12,0.0,0.0,3.0,2.0,2.0,3.0,-1.0,7.0,5.0,2.0,-5.0,-2.0,-3.0,0.0,0.0,0.0,1.0,0.0,1.0,72.7,27.3,9.1,63.6,1495.4,1483.3
2025-10-04,2025,Kristiansund,Molde,2,1,H,O,3.17,3.65,2.01,12,1.0,0.0,0.0,2.0,6.0,1.0,5.0,4.0,4.0,0.0,2.0,-3.0,5.0,1.0,0.0,1.0,0.0,1.0,-1.0,27.3,36.4,27.3,54.5,1493.9,1580.3
2025-10-01,2025,KFUM Oslo,Fredrikstad,2,1,H,O,1.81,3.37,4.21,12,0.0,1.0,0.0,1.0,4.0,2.0,2.0,4.0,2.0,2.0,0.0,0.0,0.0,0.0,0.0,0.0,0.0,0.0,0.0,36.4,27.3,20.0,40.0,1529.4,1560.8
2025-09-29,2025,Haugesund,Sandefjord,2,3,A,O,6.51,4.76,1.38,12,1.0,0.0,2.0,2.0,5.0,4.0,1.0,8.0,6.0,2.0,-3.0,-2.0,-1.0,0.0,0.0,0.0,1.0,0.0,1.0,9.1,72.7,10.0,80.0,1388.7,1488.2
2025-09-28,2025,Tromso,Stromsgodset,3,1,H,O,1.41,4.43,6.48,12,2.0,1.0,1.0,1.0,4.0,4.0,0.0,2.0,4.0,-2.0,2.0,0.0,2.0,1.0,0.0,1.0,0.0,0.0,0.0,63.6,27.3,27.3,63.6,1596.9,1469.5
2025-09-28,2025,Molde,Valerenga,4,1,H,O,1.73,3.95,3.93,12,2.0,1.0,1.0,2.0,4.0,7.0,-3.0,2.0,12.0,-10.0,2.0,-5.0,7.0,1.0,0.0,1.0,0.0,1.0,-1.0,45.5,45.5,36.4,54.5,1571.9,1513.3
2025-09-28,2025,HamKam,Rosenborg,4,0,H,O,3.65,3.6,1.88,12,1.0,1.0,2.0,2.0,3.0,5.0,-2.0,5.0,6.0,-1.0,-2.0,-1.0,-1.0,0.0,1.0,-1.0,1.0,1.0,0.0,27.3,45.5,36.4,45.5,1462.3,1610.1
2025-09-28,2025,Bryne,Kristiansund,2,0,H,U,2.12,3.41,3.12,12,0.0,1.0,1.0,2.0,2.0,2.0,0.0,4.0,13.0,-9.0,-2.0,-11.0,9.0,0.0,0.0,0.0,1.0,2.0,-1.0,36.4,36.4,36.4,45.5,1472.3,1504.8
2025-09-28,2025,Brann,Fredrikstad,1,0,H,U,1.48,4.27,5.76,11,3.0,1.0,0.0,0.0,7.0,3.0,4.0,3.0,2.0,1.0,4.0,1.0,3.0,1.0,0.0,1.0,0.0,0.0,0.0,70.0,10.0,22.2,33.3,1670.5,1567.9
2025-09-27,2025,Sarpsborg 08,Viking,3,3,D,O,3.64,4.0,1.78,11,1.0,2.0,2.0,0.0,3.0,7.0,-4.0,6.0,4.0,2.0,-3.0,3.0,-6.0,0.0,1.0,-1.0,1.0,0.0,1.0,30.0,40.0,63.6,18.2,1507.8,1686.1
2025-09-21,2025,Viking,Molde,1,0,H,U,1.65,4.12,4.2,11,2.0,0.0,1.0,2.0,5.0,3.0,2.0,5.0,7.0,-2.0,0.0,-4.0,4.0,0.0,0.0,0.0,1.0,2.0,-1.0,70.0,10.0,30.0,50.0,1678.9,1579.1
2025-09-21,2025,Tromso,HamKam,1,0,H,U,1.34,4.73,8.02,11,1.0,1.0,1.0,1.0,3.0,5.0,-2.0,2.0,3.0,-1.0,1.0,2.0,-1.0,1.0,1.0,0.0,0.0,0.0,0.0,60.0,30.0,20.0,50.0,1590.3,1469.0
2025-09-21,2025,Stromsgodset,Sarpsborg 08,2,1,H,O,2.18,3.77,2.78,11,2.0,1.0,1.0,2.0,5.0,5.0,0.0,6.0,8.0,-2.0,-1.0,-3.0,2.0,2.0,1.0,1.0,1.0,1.0,0.0,20.0,80.0,36.4,27.3,1457.7,1519.6
2025-09-21,2025,Rosenborg,Bodo/Glimt,1,1,D,U,3.23,3.77,1.97,10,2.0,3.0,0.0,0.0,7.0,10.0,-3.0,2.0,2.0,0.0,5.0,8.0,-3.0,2.0,2.0,0.0,0.0,0.0,0.0,55.6,0.0,70.0,10.0,1606.6,1731.7
2025-09-21,2025,Kristiansund,Haugesund,2,0,H,U,1.25,5.72,9.08,11,0.0,0.0,1.0,2.0,4.0,2.0,2.0,9.0,7.0,2.0,-5.0,-5.0,0.0,0.0,0.0,0.0,1.0,2.0,-1.0,20.0,40.0,0.0,90.0,1497.6,1395.8
2025-09-20,2025,Valerenga,KFUM Oslo,1,1,D,U,2.43,3.37,2.66,11,3.0,1.0,0.0,1.0,9.0,5.0,4.0,3.0,2.0,1.0,6.0,3.0,3.0,1.0,1.0,0.0,0.0,1.0,-1.0,50.0,30.0,30.0,40.0,1512.8,1529.9
2025-09-20,2025,Sandefjord,Brann,0,3,A,O,3.18,3.77,1.97,11,1.0,2.0,2.0,0.0,5.0,8.0,-3.0,6.0,4.0,2.0,-1.0,4.0,-5.0,0.0,1.0,-1.0,0.0,0.0,0.0,80.0,20.0,50.0,30.0,1493.6,1665.1
2025-09-20,2025,Fredrikstad,Bryne,1,1,D,U,1.73,3.54,4.5,12,1.0,0.0,1.0,3.0,5.0,2.0,3.0,5.0,6.0,-1.0,0.0,-4.0,4.0,0.0,0.0,0.0,0.0,1.0,-1.0,54.5,27.3,10.0,70.0,1570.8,1469.5
2025-09-14,2025,Sarpsborg 08,Sandefjord,2,1,H,O,2.12,3.77,2.88,10,0.0,0.0,2.0,2.0,3.0,3.0,0.0,7.0,6.0,1.0,-4.0,-3.0,-1.0,0.0,0.0,0.0,1.0,1.0,0.0,22.2,44.4,11.1,77.8,1509.8,1503.5
2025-09-14,2025,KFUM Oslo,Viking,2,2,D,O,2.81,3.28,2.35,11,1.0,2.0,0.0,1.0,6.0,6.0,0.0,3.0,5.0,-2.0,3.0,1.0,2.0,1.0,1.0,0.0,0.0,1.0,-1.0,40.0,30.0,70.0,20.0,1525.6,1683.2
2025-09-14,2025,Haugesund,Rosenborg,0,3,A,O,6.63,4.8,1.38,11,1.0,0.0,2.0,2.0,5.0,4.0,1.0,8.0,8.0,0.0,-3.0,-4.0,1.0,0.0,0.0,0.0,1.0,1.0,0.0,10.0,70.0,30.0,50.0,1400.6,1601.8
2025-09-14,2025,HamKam,Stromsgodset,1,2,A,O,2.21,3.46,2.88,11,1.0,0.0,2.0,2.0,3.0,4.0,-1.0,6.0,6.0,0.0,-3.0,-2.0,-1.0,0.0,0.0,0.0,2.0,0.0,2.0,30.0,40.0,20.0,70.0,1479.9,1446.8
2025-09-14,2025,Bryne,Tromso,0,2,A,U,3.65,3.26,1.98,11,0.0,0.0,1.0,2.0,3.0,2.0,1.0,5.0,7.0,-2.0,-2.0,-5.0,3.0,0.0,0.0,0.0,1.0,2.0,-1.0,40.0,30.0,50.0,30.0,1476.5,1583.2
2025-09-13,2025,Molde,Fredrikstad,1,2,A,O,1.77,3.68,4.07,11,3.0,0.0,0.0,0.0,5.0,2.0,3.0,0.0,2.0,-2.0,5.0,0.0,5.0,2.0,0.0,2.0,0.0,0.0,0.0,50.0,40.0,12.5,37.5,1590.0,1559.9
2025-09-13,2025,Brann,Valerenga,3,2,H,O,1.49,4.51,5.19,10,3.0,1.0,0.0,2.0,8.0,5.0,3.0,3.0,10.0,-7.0,5.0,-5.0,10.0,2.0,0.0,2.0,0.0,1.0,-1.0,66.7,11.1,40.0,50.0,1658.9,1519.0
2025-09-12,2025,Bodo/Glimt,Kristiansund,7,1,H,O,1.13,8.08,14.1,11,2.0,1.0,0.0,1.0,9.0,1.0,8.0,3.0,6.0,-3.0,6.0,-5.0,11.0,1.0,0.0,1.0,0.0,1.0,-1.0,70.0,20.0,40.0,40.0,1727.4,1501.9
2025-08-31,2025,Viking,Rosenborg,2,1,H,O,1.94,3.81,3.28,10,2.0,0.0,1.0,2.0,6.0,3.0,3.0,4.0,8.0,-4.0,2.0,-5.0,7.0,1.0,0.0,1.0,1.0,2.0,-1.0,66.7,11.1,33.3,44.4,1675.0,1610.0
2025-08-31,2025,Tromso,KFUM Oslo,2,0,H,U,1.91,3.2,4.06,10,1.0,2.0,1.0,0.0,4.0,7.0,-3.0,3.0,0.0,3.0,1.0,7.0,-6.0,1.0,2.0,-1.0,0.0,0.0,0.0,55.6,33.3,33.3,33.3,1574.4,1534.5
2025-08-31,2025,Stromsgodset,Molde,3,1,H,O,3.5,3.89,1.85,10,1.0,0.0,2.0,2.0,4.0,2.0,2.0,8.0,5.0,3.0,-4.0,-3.0,-1.0,1.0,0.0,1.0,1.0,1.0,0.0,11.1,88.9,33.3,44.4,1432.2,1604.6
2025-08-31,2025,Sandefjord,Bodo/Glimt,1,2,A,O,5.21,4.7,1.47,10,2.0,3.0,1.0,0.0,10.0,12.0,-2.0,4.0,3.0,1.0,6.0,9.0,-3.0,1.0,3.0,-2.0,0.0,0.0,0.0,88.9,11.1,66.7,11.1,1508.0,1722.9
2025-08-31,2025,Kristiansund,Brann,2,2,D,O,4.19,3.96,1.69,10,0.0,2.0,1.0,1.0,2.0,6.0,-4.0,7.0,4.0,3.0,-5.0,2.0,-7.0,0.0,1.0,-1.0,1.0,1.0,0.0,22.2,44.4,55.6,33.3,1497.5,1663.3
2025-08-31,2025,HamKam,Sarpsborg 08,1,3,A,O,2.29,3.45,2.78,10,1.0,0.0,1.0,3.0,3.0,4.0,-1.0,4.0,10.0,-6.0,-1.0,-6.0,5.0,0.0,0.0,0.0,1.0,1.0,0.0,33.3,33.3,30.0,30.0,1489.6,1500.1
2025-08-31,2025,Fredrikstad,Haugesund,2,2,D,O,1.28,5.41,8.68,11,2.0,0.0,1.0,3.0,7.0,1.0,6.0,5.0,8.0,-3.0,2.0,-7.0,9.0,1.0,0.0,1.0,0.0,3.0,-3.0,60.0,30.0,0.0,100.0,1564.4,1396.1
2025-08-30,2025,Valerenga,Bryne,3,2,H,O,1.58,4.15,4.75,10,3.0,0.0,0.0,3.0,9.0,1.0,8.0,1.0,6.0,-5.0,8.0,-5.0,13.0,2.0,0.0,2.0,0.0,2.0,-2.0,44.4,33.3,11.1,66.7,1509.6,1485.8
2025-08-25,2025,Sarpsborg 08,Kristiansund,0,1,A,U,1.68,4.18,4.05,9,1.0,0.0,1.0,2.0,6.0,2.0,4.0,7.0,10.0,-3.0,-1.0,-8.0,7.0,1.0,0.0,1.0,1.0,2.0,-1.0,25.0,37.5,33.3,44.4,1510.8,1486.8
2025-08-24,2025,Molde,Tromso,2,0,H,U,2.09,3.4,3.21,10,3.0,1.0,0.0,1.0,7.0,5.0,2.0,1.0,7.0,-6.0,6.0,-2.0,8.0,2.0,0.0,2.0,0.0,1.0,-1.0,44.4,44.4,55.6,22.2,1594.9,1584.1
2025-08-24,2025,Haugesund,Valerenga,2,3,A,O,5.5,4.51,1.47,10,1.0,1.0,2.0,2.0,3.0,4.0,-1.0,7.0,8.0,-1.0,-4.0,-4.0,0.0,0.0,1.0,-1.0,2.0,1.0,1.0,11.1,66.7,33.3,55.6,1403.3,1502.4
2025-08-24,2025,Bryne,Stromsgodset,2,2,D,O,1.86,3.62,3.72,10,1.0,0.0,1.0,3.0,2.0,3.0,-1.0,3.0,8.0,-5.0,-1.0,-5.0,4.0,0.0,0.0,0.0,1.0,1.0,0.0,44.4,33.3,22.2,77.8,1487.5,1430.6
2025-08-22,2025,KFUM Oslo,HamKam,2,2,D,O,1.61,3.64,5.39,10,2.0,1.0,0.0,2.0,6.0,3.0,3.0,1.0,3.0,-2.0,5.0,0.0,5.0,2.0,1.0,1.0,0.0,1.0,-1.0,44.4,33.3,22.2,55.6,1535.9,1488.3
2025-08-17,2025,Valerenga,Sarpsborg 08,4,0,H,O,1.75,4.16,3.68,9,2.0,0.0,0.0,2.0,6.0,4.0,2.0,2.0,6.0,-4.0,4.0,-2.0,6.0,1.0,0.0,1.0,0.0,0.0,0.0,37.5,37.5,33.3,22.2,1491.5,1521.6
2025-08-17,2025,Tromso,Brann,1,2,A,O,2.22,3.46,2.89,9,2.0,1.0,0.0,1.0,4.0,5.0,-1.0,1.0,4.0,-3.0,3.0,1.0,2.0,1.0,1.0,0.0,0.0,1.0,-1.0,62.5,25.0,50.0,37.5,1592.3,1655.1
2025-08-17,2025,Kristiansund,Sandefjord,2,2,D,O,3.06,3.72,2.05,9,0.0,0.0,1.0,3.0,1.0,1.0,0.0,6.0,5.0,1.0,-5.0,-4.0,-1.0,0.0,0.0,0.0,1.0,1.0,0.0,25.0,50.0,12.5,87.5,1486.1,1508.6
2025-08-17,2025,KFUM Oslo,Molde,0,0,D,U,2.85,3.19,2.39,9,2.0,1.0,0.0,2.0,7.0,5.0,2.0,2.0,7.0,-5.0,5.0,-2.0,7.0,2.0,0.0,2.0,0.0,1.0,-1.0,50.0,37.5,37.5,50.0,1534.1,1596.7
2025-08-17,2025,HamKam,Bryne,1,0,H,U,2.59,3.18,2.58,9,0.0,0.0,1.0,2.0,3.0,2.0,1.0,5.0,6.0,-1.0,-2.0,-4.0,2.0,0.0,0.0,0.0,1.0,2.0,-1.0,25.0,37.5,12.5,62.5,1477.7,1498.0
2025-08-15,2025,Stromsgodset,Bodo/Glimt,0,5,A,O,7.27,5.45,1.32,9,1.0,3.0,2.0,0.0,4.0,8.0,-4.0,5.0,3.0,2.0,-1.0,5.0,-6.0,1.0,2.0,-1.0,1.0,0.0,1.0,12.5,87.5,62.5,12.5,1433.8,1719.7
2025-08-10,2025,Sandefjord,Viking,1,2,A,O,2.46,3.76,2.43,9,3.0,1.0,0.0,1.0,11.0,5.0,6.0,2.0,5.0,-3.0,9.0,0.0,9.0,2.0,1.0,1.0,0.0,1.0,-1.0,100.0,0.0,66.7,22.2,1514.4,1669.2
2025-08-10,2025,Haugesund,Sarpsborg 08,3,2,H,O,4.96,4.4,1.53,9,0.0,1.0,2.0,1.0,0.0,4.0,-4.0,5.0,4.0,1.0,-5.0,0.0,-5.0,0.0,0.0,0.0,2.0,0.0,2.0,0.0,75.0,37.5,12.5,1389.3,1535.6
2025-08-10,2025,Bryne,KFUM Oslo,0,0,D,U,3.01,3.0,2.39,9,1.0,3.0,1.0,0.0,3.0,10.0,-7.0,4.0,2.0,2.0,-1.0,8.0,-9.0,0.0,2.0,-2.0,1.0,0.0,1.0,50.0,37.5,37.5,37.5,1496.9,1535.2
2025-08-09,2025,Molde,HamKam,1,0,H,U,1.34,5.06,7.18,9,2.0,1.0,1.0,1.0,8.0,4.0,4.0,4.0,3.0,1.0,4.0,1.0,3.0,2.0,1.0,1.0,0.0,1.0,-1.0,37.5,50.0,25.0,50.0,1589.6,1484.7
2025-08-09,2025,Bodo/Glimt,Tromso,1,1,D,U,1.38,4.92,6.41,10,3.0,2.0,0.0,1.0,10.0,5.0,5.0,2.0,6.0,-4.0,8.0,-1.0,9.0,2.0,0.0,2.0,0.0,1.0,-1.0,77.8,22.2,62.5,25.0,1723.4,1588.6
2025-08-03,2025,Valerenga,Sandefjord,2,1,H,O,1.98,3.87,3.14,8,1.0,0.0,1.0,3.0,6.0,2.0,4.0,4.0,6.0,-2.0,2.0,-4.0,6.0,1.0,0.0,1.0,0.0,1.0,-1.0,28.6,42.9,14.3,85.7,1480.2,1525.7
2025-08-03,2025,Stromsgodset,Haugesund,2,0,H,U,1.35,5.2,6.75,8,0.0,0.0,3.0,3.0,2.0,1.0,1.0,8.0,10.0,-2.0,-6.0,-9.0,3.0,0.0,0.0,0.0,2.0,3.0,-1.0,0.0,100.0,0.0,100.0,1424.6,1398.6
2025-08-03,2025,Molde,Bryne,2,0,H,U,1.57,4.21,4.88,8,1.0,0.0,2.0,1.0,6.0,3.0,3.0,5.0,5.0,0.0,1.0,-2.0,3.0,1.0,0.0,1.0,0.0,1.0,-1.0,28.6,57.1,14.3,57.1,1581.8,1504.8
2025-08-03,2025,KFUM Oslo,Rosenborg,4,1,H,O,2.43,3.21,2.79,8,2.0,0.0,0.0,2.0,8.0,3.0,5.0,1.0,8.0,-7.0,7.0,-5.0,12.0,2.0,0.0,2.0,0.0,2.0,-2.0,42.9,42.9,37.5,37.5,1522.4,1622.8
2025-08-03,2025,HamKam,Bodo/Glimt,1,3,A,O,8.17,5.58,1.28,8,0.0,2.0,1.0,0.0,3.0,6.0,-3.0,5.0,3.0,2.0,-2.0,3.0,-5.0,0.0,1.0,-1.0,1.0,0.0,1.0,28.6,28.6,57.1,14.3,1488.9,1719.2
2025-08-02,2025,Tromso,Fredrikstad,0,0,D,U,1.67,3.83,4.56,8,3.0,0.0,0.0,1.0,6.0,2.0,4.0,2.0,5.0,-3.0,4.0,-3.0,7.0,1.0,0.0,1.0,0.0,1.0,-1.0,71.4,28.6,14.3,42.9,1589.3,1563.7
2025-08-02,2025,Sarpsborg 08,Brann,1,4,A,O,2.6,3.71,2.35,8,1.0,0.0,0.0,2.0,6.0,1.0,5.0,4.0,6.0,-2.0,2.0,-5.0,7.0,1.0,0.0,1.0,0.0,2.0,-2.0,28.6,28.6,42.9,42.9,1542.7,1648.1
2025-07-30,2025,Bodo/Glimt,Stromsgodset,1,0,H,U,1.09,9.91,17.31,9,2.0,0.0,1.0,3.0,10.0,3.0,7.0,4.0,8.0,-4.0,6.0,-5.0,11.0,2.0,0.0,2.0,0.0,1.0,-1.0,75.0,25.0,25.0,75.0,1716.0,1427.7
2025-07-27,2025,Rosenborg,Tromso,4,1,H,O,2.13,3.35,3.2,9,1.0,3.0,0.0,0.0,4.0,7.0,-3.0,2.0,3.0,-1.0,2.0,4.0,-2.0,1.0,1.0,0.0,0.0,0.0,0.0,50.0,0.0,71.4,14.3,1613.2,1598.9
2025-07-27,2025,Bryne,Viking,1,3,A,O,3.4,3.72,1.93,8,2.0,1.0,0.0,1.0,5.0,3.0,2.0,3.0,4.0,-1.0,2.0,-1.0,3.0,0.0,0.0,0.0,0.0,1.0,-1.0,57.1,28.6,62.5,25.0,1510.6,1663.3
2025-07-26,2025,Sandefjord,Sarpsborg 08,3,2,H,O,1.98,3.93,3.1,8,3.0,1.0,0.0,0.0,12.0,3.0,9.0,0.0,2.0,-2.0,12.0,1.0,11.0,3.0,0.0,3.0,0.0,0.0,0.0,100.0,0.0,42.9,0.0,1514.6,1553.8
2025-07-26,2025,Kristiansund,KFUM Oslo,0,5,A,O,3.78,3.62,1.86,8,1.0,2.0,0.0,0.0,5.0,6.0,-1.0,2.0,3.0,-1.0,3.0,3.0,0.0,1.0,1.0,0.0,0.0,0.0,0.0,28.6,42.9,28.6,42.9,1495.7,1512.9
2025-07-26,2025,Haugesund,HamKam,0,3,A,O,3.23,3.41,2.09,8,0.0,1.0,2.0,1.0,0.0,4.0,-4.0,6.0,3.0,3.0,-6.0,1.0,-7.0,0.0,1.0,-1.0,2.0,1.0,1.0,0.0,71.4,14.3,57.1,1406.5,1481.0
2025-07-26,2025,Bodo/Glimt,Valerenga,7,2,H,O,1.26,6.01,8.22,8,2.0,1.0,1.0,2.0,6.0,3.0,3.0,2.0,3.0,-1.0,4.0,0.0,4.0,2.0,1.0,1.0,0.0,0.0,0.0,71.4,28.6,37.5,50.0,1711.8,1484.5
2025-07-25,2025,Fredrikstad,Stromsgodset,3,2,H,O,1.66,4.06,4.34,10,1.0,0.0,2.0,3.0,4.0,1.0,3.0,4.0,10.0,-6.0,0.0,-9.0,9.0,1.0,0.0,1.0,0.0,2.0,-2.0,55.6,33.3,28.6,71.4,1557.1,1434.4
2025-07-20,2025,Valerenga,Haugesund,3,0,H,O,1.29,5.52,8.09,7,0.0,0.0,1.0,3.0,4.0,1.0,3.0,5.0,8.0,-3.0,-1.0,-7.0,6.0,0.0,0.0,0.0,0.0,2.0,-2.0,16.7,50.0,0.0,100.0,1476.3,1414.7
2025-07-20,2025,Tromso,Bryne,3,1,H,O,1.5,4.02,6.02,7,3.0,1.0,0.0,0.0,5.0,4.0,1.0,2.0,2.0,0.0,3.0,2.0,1.0,0.0,1.0,-1.0,0.0,0.0,0.0,66.7,33.3,16.7,50.0,1591.0,1518.6
2025-07-20,2025,Sandefjord,Kristiansund,6,0,H,O,1.45,4.66,5.67,7,3.0,1.0,0.0,1.0,9.0,3.0,6.0,2.0,4.0,-2.0,7.0,-1.0,8.0,2.0,0.0,2.0,0.0,1.0,-1.0,100.0,0.0,37.5,37.5,1504.6,1505.7
2025-07-20,2025,HamKam,Fredrikstad,1,1,D,U,2.75,3.19,2.47,7,1.0,0.0,1.0,2.0,4.0,4.0,0.0,5.0,8.0,-3.0,-1.0,-4.0,3.0,0.0,0.0,0.0,1.0,1.0,0.0,33.3,33.3,16.7,50.0,1478.8,1559.3
2025-07-19,2025,Viking,Bodo/Glimt,2,4,A,O,3.17,3.82,1.99,9,3.0,2.0,0.0,0.0,7.0,6.0,1.0,1.0,1.0,0.0,6.0,5.0,1.0,2.0,1.0,1.0,0.0,0.0,0.0,75.0,0.0,50.0,16.7,1672.5,1702.6
2025-07-19,2025,Molde,Stromsgodset,4,1,H,O,1.39,4.89,6.44,7,0.0,0.0,3.0,3.0,2.0,2.0,0.0,5.0,9.0,-4.0,-3.0,-7.0,4.0,0.0,0.0,0.0,0.0,1.0,-1.0,16.7,66.7,33.3,66.7,1575.5,1440.7
2025-07-19,2025,KFUM Oslo,Brann,2,0,H,U,2.62,3.27,2.53,7,1.0,1.0,1.0,1.0,6.0,3.0,3.0,2.0,4.0,-2.0,4.0,-1.0,5.0,1.0,1.0,0.0,0.0,1.0,-1.0,33.3,50.0,50.0,33.3,1498.5,1662.5
2025-07-18,2025,Sarpsborg 08,Rosenborg,2,2,D,O,2.42,3.51,2.63,7,1.0,1.0,1.0,2.0,4.0,3.0,1.0,3.0,6.0,-3.0,1.0,-3.0,4.0,1.0,1.0,0.0,0.0,2.0,-2.0,33.3,33.3,42.9,42.9,1552.0,1615.0
2025-07-16,2025,Fredrikstad,Bodo/Glimt,0,1,A,U,4.86,4.18,1.57,9,1.0,1.0,1.0,1.0,5.0,6.0,-1.0,4.0,3.0,1.0,1.0,3.0,-2.0,1.0,1.0,0.0,0.0,0.0,0.0,62.5,25.0,40.0,20.0,1565.7,1696.2
2025-07-13,2025,Stromsgodset,Tromso,2,3,A,O,3.48,3.51,1.98,7,0.0,3.0,3.0,0.0,0.0,5.0,-5.0,7.0,1.0,6.0,-7.0,4.0,-11.0,0.0,1.0,-1.0,3.0,0.0,3.0,0.0,100.0,66.7,16.7,1446.9,1584.7
2025-07-13,2025,Rosenborg,HamKam,2,0,H,U,1.46,4.41,5.93,8,1.0,1.0,0.0,0.0,3.0,5.0,-2.0,2.0,2.0,0.0,1.0,3.0,-2.0,0.0,1.0,-1.0,0.0,0.0,0.0,42.9,0.0,16.7,50.0,1608.4,1485.4
2025-07-13,2025,Kristiansund,Sarpsborg 08,0,0,D,U,2.71,3.71,2.26,7,1.0,1.0,1.0,0.0,5.0,5.0,0.0,3.0,4.0,-1.0,2.0,1.0,1.0,1.0,0.0,1.0,0.0,0.0,0.0,33.3,50.0,50.0,0.0,1504.3,1553.4
2025-07-13,2025,Haugesund,KFUM Oslo,0,2,A,U,4.28,3.45,1.79,7,0.0,1.0,2.0,1.0,0.0,4.0,-4.0,6.0,4.0,2.0,-6.0,0.0,-6.0,0.0,0.0,0.0,2.0,0.0,2.0,0.0,66.7,16.7,50.0,1422.8,1490.4
2025-07-13,2025,Bryne,Valerenga,1,0,H,U,2.47,3.42,2.6,7,2.0,2.0,0.0,1.0,8.0,4.0,4.0,6.0,2.0,4.0,2.0,2.0,0.0,0.0,1.0,-1.0,0.0,0.0,0.0,50.0,33.3,42.9,42.9,1509.3,1485.6
2025-07-13,2025,Brann,Viking,3,1,H,O,2.19,3.58,2.91,9,2.0,2.0,1.0,0.0,5.0,6.0,-1.0,5.0,3.0,2.0,0.0,3.0,-3.0,1.0,1.0,0.0,1.0,0.0,1.0,62.5,12.5,71.4,14.3,1651.6,1683.4
2025-07-12,2025,Fredrikstad,Molde,4,2,H,O,2.5,3.2,2.73,8,0.0,2.0,2.0,1.0,1.0,6.0,-5.0,4.0,3.0,1.0,-3.0,3.0,-6.0,0.0,1.0,-1.0,1.0,0.0,1.0,57.1,28.6,42.9,42.9,1554.8,1586.4
2025-07-12,2025,Bodo/Glimt,Sandefjord,2,0,H,U,1.27,5.89,8.35,7,1.0,0.0,2.0,3.0,6.0,3.0,3.0,6.0,7.0,-1.0,0.0,-4.0,4.0,1.0,0.0,1.0,1.0,1.0,0.0,66.7,33.3,16.7,83.3,1691.0,1509.8
2025-07-06,2025,Sarpsborg 08,Haugesund,3,1,H,O,1.34,5.23,7.1,6,1.0,0.0,1.0,3.0,5.0,1.0,4.0,2.0,7.0,-5.0,3.0,-6.0,9.0,1.0,0.0,1.0,0.0,1.0,-1.0,20.0,40.0,0.0,100.0,1546.7,1429.6
2025-07-06,2025,Sandefjord,Rosenborg,2,0,H,U,2.17,3.55,2.96,6,3.0,1.0,0.0,2.0,9.0,3.0,6.0,3.0,8.0,-5.0,6.0,-5.0,11.0,1.0,1.0,0.0,0.0,2.0,-2.0,100.0,0.0,50.0,33.3,1496.3,1621.9
2025-07-06,2025,KFUM Oslo,Bryne,1,1,D,U,1.73,3.54,4.55,6,1.0,1.0,2.0,1.0,6.0,3.0,3.0,4.0,4.0,0.0,2.0,-1.0,3.0,1.0,1.0,0.0,1.0,1.0,0.0,40.0,60.0,20.0,60.0,1489.8,1509.8
2025-07-05,2025,Viking,Stromsgodset,1,0,H,U,1.22,6.43,9.57,8,2.0,1.0,0.0,2.0,6.0,5.0,1.0,1.0,10.0,-9.0,5.0,-5.0,10.0,2.0,0.0,2.0,0.0,1.0,-1.0,71.4,0.0,40.0,60.0,1679.2,1451.1
2025-07-05,2025,Valerenga,Fredrikstad,1,1,D,U,2.04,3.46,3.34,6,0.0,1.0,2.0,2.0,5.0,4.0,1.0,8.0,7.0,1.0,-3.0,-3.0,0.0,0.0,0.0,0.0,1.0,1.0,0.0,20.0,60.0,20.0,60.0,1483.5,1556.9
2025-07-05,2025,Tromso,Molde,1,0,H,U,2.29,3.42,2.85,6,2.0,2.0,1.0,1.0,4.0,7.0,-3.0,3.0,4.0,-1.0,1.0,3.0,-2.0,0.0,1.0,-1.0,0.0,0.0,0.0,60.0,40.0,50.0,33.3,1574.1,1597.1
2025-07-05,2025,Kristiansund,Bodo/Glimt,1,1,D,U,6.19,5.0,1.39,6,1.0,1.0,2.0,1.0,4.0,7.0,-3.0,3.0,4.0,-1.0,1.0,3.0,-2.0,1.0,1.0,0.0,0.0,0.0,0.0,40.0,60.0,50.0,25.0,1499.1,1696.1
2025-07-05,2025,HamKam,Brann,1,1,D,U,3.59,3.71,1.88,6,1.0,2.0,1.0,1.0,3.0,6.0,-3.0,4.0,5.0,-1.0,-1.0,1.0,-2.0,0.0,2.0,-2.0,1.0,1.0,0.0,40.0,40.0,60.0,40.0,1480.7,1656.2
2025-06-30,2025,Brann,Sandefjord,1,0,H,U,1.62,4.23,4.43,8,1.0,1.0,1.0,2.0,6.0,4.0,2.0,7.0,6.0,1.0,-1.0,-2.0,1.0,1.0,0.0,1.0,1.0,1.0,0.0,57.1,14.3,20.0,80.0,1650.2,1502.3
2025-06-29,2025,Stromsgodset,Valerenga,0,2,A,U,2.65,3.64,2.33,6,0.0,1.0,3.0,2.0,1.0,3.0,-2.0,7.0,4.0,3.0,-6.0,-1.0,-5.0,0.0,0.0,0.0,2.0,0.0,2.0,0.0,100.0,33.3,50.0,1460.8,1473.9
2025-06-29,2025,Molde,KFUM Oslo,2,3,A,O,1.95,3.4,3.66,6,1.0,0.0,2.0,1.0,2.0,1.0,1.0,3.0,2.0,1.0,-1.0,-1.0,0.0,0.0,0.0,0.0,0.0,0.0,0.0,20.0,60.0,0.0,60.0,1610.8,1476.1
2025-06-29,2025,Haugesund,Kristiansund,0,0,D,U,3.02,3.62,2.11,6,0.0,2.0,3.0,1.0,1.0,5.0,-4.0,10.0,5.0,5.0,-9.0,0.0,-9.0,0.0,0.0,0.0,3.0,1.0,2.0,0.0,80.0,42.9,42.9,1427.5,1501.2
2025-06-29,2025,Fredrikstad,Tromso,0,1,A,U,2.41,3.13,2.88,7,1.0,3.0,1.0,0.0,2.0,7.0,-5.0,3.0,2.0,1.0,-1.0,5.0,-6.0,0.0,2.0,-2.0,1.0,0.0,1.0,66.7,16.7,60.0,20.0,1567.0,1564.0
2025-06-29,2025,Bryne,HamKam,1,1,D,U,1.85,3.58,3.86,6,2.0,1.0,1.0,1.0,7.0,4.0,3.0,8.0,5.0,3.0,-1.0,-1.0,0.0,0.0,1.0,-1.0,1.0,1.0,0.0,60.0,40.0,20.0,60.0,1510.7,1479.8
2025-06-29,2025,Bodo/Glimt,Sarpsborg 08,1,2,A,O,1.2,6.81,10.3,6,2.0,0.0,1.0,0.0,9.0,3.0,6.0,4.0,3.0,1.0,5.0,0.0,5.0,2.0,0.0,2.0,1.0,0.0,1.0,80.0,20.0,40.0,0.0,1710.9,1531.9
2025-06-28,2025,Rosenborg,Viking,1,1,D,U,2.36,3.63,2.62,7,2.0,3.0,0.0,0.0,5.0,6.0,-1.0,1.0,2.0,-1.0,4.0,4.0,0.0,1.0,1.0,0.0,0.0,0.0,0.0,50.0,0.0,83.3,16.7,1620.2,1680.9
2025-06-22,2025,Viking,Fredrikstad,3,0,H,O,1.47,4.34,5.93,7,2.0,1.0,0.0,1.0,8.0,4.0,4.0,2.0,4.0,-2.0,6.0,0.0,6.0,2.0,0.0,2.0,0.0,0.0,0.0,66.7,0.0,25.0,50.0,1673.7,1574.2
2025-06-22,2025,Valerenga,Molde,2,3,A,O,2.82,3.57,2.24,5,0.0,2.0,2.0,1.0,3.0,7.0,-4.0,7.0,2.0,5.0,-4.0,5.0,-9.0,0.0,2.0,-2.0,2.0,0.0,2.0,25.0,50.0,40.0,40.0,1480.5,1604.2
2025-06-22,2025,Sarpsborg 08,Bryne,1,1,D,U,1.73,3.95,3.99,5,1.0,1.0,2.0,2.0,6.0,4.0,2.0,4.0,6.0,-2.0,2.0,-2.0,4.0,1.0,1.0,0.0,0.0,1.0,-1.0,25.0,50.0,25.0,75.0,1532.6,1510.1
2025-06-22,2025,Sandefjord,Haugesund,4,0,H,O,1.33,5.09,7.44,5,3.0,0.0,0.0,3.0,7.0,2.0,5.0,3.0,8.0,-5.0,4.0,-6.0,10.0,1.0,0.0,1.0,0.0,1.0,-1.0,100.0,0.0,0.0,100.0,1494.0,1435.8
2025-06-22,2025,Kristiansund,Rosenborg,4,1,H,O,3.17,3.71,2.01,5,0.0,1.0,3.0,1.0,0.0,2.0,-2.0,4.0,4.0,0.0,-4.0,-2.0,-2.0,0.0,1.0,-1.0,1.0,1.0,0.0,25.0,75.0,60.0,20.0,1487.2,1634.1
2025-06-22,2025,KFUM Oslo,Stromsgodset,5,0,H,O,1.76,3.75,4.08,5,0.0,1.0,3.0,2.0,2.0,6.0,-4.0,7.0,7.0,0.0,-5.0,-1.0,-4.0,0.0,0.0,0.0,2.0,0.0,2.0,25.0,75.0,50.0,50.0,1466.0,1470.9
2025-06-22,2025,HamKam,Tromso,1,3,A,O,3.24,3.35,2.12,5,1.0,2.0,1.0,0.0,4.0,8.0,-4.0,6.0,5.0,1.0,-2.0,3.0,-5.0,0.0,1.0,-1.0,1.0,0.0,1.0,50.0,25.0,50.0,25.0,1487.9,1555.9
2025-06-21,2025,Bodo/Glimt,Brann,3,0,H,O,1.42,4.96,5.79,5,2.0,3.0,1.0,0.0,9.0,8.0,1.0,4.0,3.0,1.0,5.0,5.0,0.0,2.0,2.0,0.0,1.0,0.0,1.0,75.0,25.0,75.0,25.0,1702.1,1659.0
2025-06-01,2025,Rosenborg,KFUM Oslo,1,1,D,U,1.59,4.06,5.6,6,2.0,0.0,0.0,2.0,5.0,0.0,5.0,1.0,4.0,-3.0,4.0,-4.0,8.0,1.0,0.0,1.0,0.0,1.0,-1.0,60.0,0.0,0.0,75.0,1638.9,1461.3
2025-06-01,2025,Molde,Viking,0,1,A,U,2.66,3.85,2.38,5,1.0,3.0,1.0,0.0,4.0,9.0,-5.0,4.0,3.0,1.0,0.0,6.0,-6.0,0.0,2.0,-2.0,0.0,0.0,0.0,25.0,50.0,80.0,20.0,1612.7,1665.2
2025-06-01,2025,Haugesund,Bodo/Glimt,0,4,A,O,13.32,6.8,1.2,5,0.0,1.0,2.0,1.0,1.0,4.0,-3.0,6.0,4.0,2.0,-5.0,0.0,-5.0,0.0,0.0,0.0,2.0,0.0,2.0,0.0,75.0,33.3,33.3,1439.5,1698.4
2025-06-01,2025,Fredrikstad,Sarpsborg 08,1,1,D,U,2.16,3.41,3.34,6,2.0,1.0,1.0,0.0,4.0,5.0,-1.0,3.0,3.0,0.0,1.0,2.0,-1.0,1.0,1.0,0.0,1.0,0.0,1.0,80.0,20.0,50.0,0.0,1575.5,1531.3
2025-06-01,2025,Bryne,Sandefjord,3,2,H,O,2.49,3.51,2.72,5,2.0,1.0,1.0,2.0,7.0,3.0,4.0,7.0,6.0,1.0,0.0,-3.0,3.0,1.0,0.0,1.0,1.0,2.0,-1.0,50.0,50.0,25.0,75.0,1500.0,1504.1
2025-06-01,2025,Brann,Kristiansund,4,2,H,O,1.35,5.42,7.62,7,0.0,2.0,1.0,0.0,2.0,4.0,-2.0,5.0,2.0,3.0,-3.0,2.0,-5.0,0.0,0.0,0.0,1.0,0.0,1.0,50.0,16.7,50.0,33.3,1653.3,1492.9
2025-05-31,2025,Tromso,Valerenga,2,1,H,O,1.81,3.78,4.19,5,1.0,2.0,2.0,1.0,4.0,4.0,0.0,5.0,2.0,3.0,-1.0,2.0,-3.0,0.0,1.0,-1.0,0.0,0.0,0.0,50.0,50.0,40.0,40.0,1547.6,1488.8
2025-05-31,2025,Stromsgodset,HamKam,0,3,A,O,1.82,3.93,3.96,5,0.0,0.0,3.0,2.0,2.0,1.0,1.0,6.0,7.0,-1.0,-4.0,-6.0,2.0,0.0,0.0,0.0,1.0,2.0,-1.0,0.0,100.0,0.0,75.0,1481.0,1477.8
2025-05-29,2025,Brann,Molde,0,3,A,O,1.75,4.01,4.25,6,1.0,1.0,0.0,1.0,5.0,4.0,1.0,4.0,2.0,2.0,1.0,2.0,-1.0,0.0,1.0,-1.0,0.0,0.0,0.0,60.0,0.0,25.0,50.0,1665.2,1600.9
2025-05-28,2025,Fredrikstad,Rosenborg,0,2,A,U,2.73,3.3,2.59,5,3.0,1.0,0.0,1.0,6.0,2.0,4.0,1.0,4.0,-3.0,5.0,-2.0,7.0,2.0,1.0,1.0,0.0,1.0,-1.0,100.0,0.0,50.0,25.0,1584.2,1630.2
2025-05-28,2025,Bodo/Glimt,Viking,2,4,A,O,1.36,5.41,7.36,4,3.0,3.0,0.0,0.0,10.0,10.0,0.0,0.0,3.0,-3.0,10.0,7.0,3.0,3.0,2.0,1.0,0.0,0.0,0.0,100.0,0.0,75.0,25.0,1710.0,1653.6
2025-05-26,2025,KFUM Oslo,Valerenga,0,1,A,U,2.37,3.16,3.11,4,1.0,1.0,2.0,2.0,5.0,3.0,2.0,7.0,4.0,3.0,-2.0,-1.0,-1.0,1.0,1.0,0.0,2.0,1.0,1.0,33.3,66.7,25.0,50.0,1471.0,1479.0
2025-05-25,2025,Sarpsborg 08,Tromso,0,1,A,U,2.27,3.46,3.09,4,1.0,1.0,1.0,1.0,7.0,8.0,-1.0,4.0,8.0,-4.0,3.0,0.0,3.0,1.0,1.0,0.0,0.0,1.0,-1.0,33.3,33.3,33.3,33.3,1541.4,1537.5
2025-05-25,2025,Sandefjord,Stromsgodset,3,2,H,O,2.08,3.74,3.29,4,3.0,2.0,0.0,1.0,7.0,9.0,-2.0,1.0,4.0,-3.0,6.0,5.0,1.0,2.0,1.0,1.0,0.0,0.0,0.0,100.0,0.0,66.7,33.3,1494.2,1490.9
2025-05-25,2025,Kristiansund,Viking,0,1,A,U,4.47,4.41,1.66,4,1.0,2.0,2.0,1.0,2.0,10.0,-8.0,4.0,6.0,-2.0,-2.0,4.0,-6.0,0.0,2.0,-2.0,1.0,1.0,0.0,33.3,66.7,66.7,33.3,1498.9,1647.6
2025-05-25,2025,Haugesund,Brann,0,2,A,U,6.99,4.96,1.41,4,0.0,2.0,2.0,1.0,1.0,6.0,-5.0,9.0,6.0,3.0,-8.0,0.0,-8.0,0.0,1.0,-1.0,2.0,1.0,1.0,0.0,66.7,66.7,33.3,1443.9,1660.7
2025-05-25,2025,HamKam,Molde,2,1,H,O,4.36,3.87,1.76,4,1.0,1.0,1.0,1.0,4.0,3.0,1.0,6.0,3.0,3.0,-2.0,0.0,-2.0,0.0,1.0,-1.0,1.0,1.0,0.0,33.3,33.3,33.3,33.3,1463.7,1615.0
2025-05-24,2025,Bryne,Fredrikstad,4,3,H,O,2.72,3.14,2.7,4,1.0,1.0,2.0,1.0,3.0,1.0,2.0,5.0,1.0,4.0,-2.0,0.0,-2.0,1.0,0.0,1.0,1.0,0.0,1.0,33.3,66.7,33.3,33.3,1486.9,1597.2
2025-05-24,2025,Bodo/Glimt,Rosenborg,4,0,H,O,1.62,4.33,4.83,3,,2.0,,0.0,,4.0,,,1.0,,,3.0,,,1.0,,,0.0,,100.0,0.0,66.7,0.0,1701.8,1638.4
2025-05-16,2025,Viking,Sandefjord,3,1,H,O,1.61,4.39,4.87,6,1.0,1.0,0.0,2.0,9.0,3.0,6.0,5.0,6.0,-1.0,4.0,-3.0,7.0,1.0,0.0,1.0,0.0,2.0,-2.0,60.0,0.0,33.3,66.7,1641.4,1500.3
2025-05-16,2025,Valerenga,HamKam,1,1,D,U,1.59,4.16,5.42,4,1.0,0.0,2.0,3.0,5.0,0.0,5.0,7.0,9.0,-2.0,-2.0,-9.0,7.0,1.0,0.0,1.0,2.0,3.0,-1.0,33.3,66.7,0.0,100.0,1479.5,1463.2
2025-05-16,2025,Tromso,Bodo/Glimt,2,1,H,O,4.63,4.19,1.67,4,1.0,,2.0,,3.0,,,4.0,,,-1.0,,,0.0,,,0.0,,,33.3,66.7,50.0,0.0,1522.4,1716.9
2025-05-16,2025,Stromsgodset,Bryne,0,2,A,U,1.66,4.06,4.87,4,0.0,0.0,3.0,3.0,3.0,3.0,0.0,6.0,8.0,-2.0,-3.0,-5.0,2.0,0.0,0.0,0.0,0.0,1.0,-1.0,0.0,100.0,0.0,100.0,1501.6,1476.2
2025-05-16,2025,Rosenborg,Haugesund,1,0,H,U,1.15,8.06,15.96,5,1.0,0.0,0.0,3.0,4.0,3.0,1.0,1.0,10.0,-9.0,3.0,-7.0,10.0,1.0,0.0,1.0,0.0,2.0,-2.0,50.0,0.0,0.0,100.0,1633.2,1449.1
2025-05-16,2025,Molde,Kristiansund,0,1,A,U,1.38,5.01,7.64,4,1.0,2.0,1.0,0.0,4.0,6.0,-2.0,5.0,4.0,1.0,-1.0,2.0,-3.0,0.0,0.0,0.0,1.0,0.0,1.0,33.3,33.3,40.0,40.0,1628.9,1485.0
2025-05-16,2025,Fredrikstad,KFUM Oslo,1,0,H,U,1.96,3.05,4.61,4,3.0,0.0,0.0,2.0,8.0,1.0,7.0,1.0,6.0,-5.0,7.0,-5.0,12.0,3.0,0.0,3.0,0.0,2.0,-2.0,100.0,0.0,0.0,66.7,1590.4,1477.9
2025-05-16,2025,Brann,Sarpsborg 08,2,2,D,O,1.76,3.94,4.28,5,2.0,2.0,0.0,0.0,5.0,5.0,0.0,3.0,1.0,2.0,2.0,4.0,-2.0,0.0,2.0,-2.0,0.0,0.0,0.0,75.0,0.0,66.7,0.0,1664.2,1537.9
2025-05-11,2025,Sarpsborg 08,HamKam,4,0,H,O,1.51,4.41,5.78,3,,,,,,,,,,,,,,,,,,,,0.0,50.0,0.0,100.0,1529.6,1471.6
2025-05-11,2025,Sandefjord,Valerenga,2,1,H,O,2.21,3.64,3.05,3,,1.0,,1.0,,3.0,,,3.0,,,0.0,,,1.0,,,1.0,,100.0,0.0,33.3,33.3,1490.3,1489.4
2025-05-11,2025,Kristiansund,Fredrikstad,0,1,A,U,3.15,3.47,2.22,3,,,,,,,,,,,,,,,,,,,,50.0,50.0,0.0,50.0,1492.4,1582.9
2025-05-11,2025,KFUM Oslo,Tromso,1,3,A,O,2.41,2.96,3.27,3,,,,,,,,,,,,,,,,,,,,50.0,50.0,0.0,50.0,1487.2,1513.1
2025-05-11,2025,Haugesund,Viking,1,4,A,O,5.3,4.58,1.54,3,,,,,,,,,,,,,,,,,,,,0.0,50.0,50.0,50.0,1454.3,1636.3
2025-05-11,2025,Bryne,Molde,0,3,A,O,3.35,3.42,2.14,3,,,,,,,,,,,,,,,,,,,,50.0,50.0,0.0,50.0,1482.3,1622.7
2025-05-11,2025,Brann,Rosenborg,0,0,D,U,2.45,3.59,2.7,4,3.0,,0.0,,8.0,,,4.0,,,4.0,,,1.0,,,0.0,,,100.0,0.0,100.0,0.0,1665.1,1632.3
2025-05-04,2025,Viking,Sarpsborg 08,0,0,D,U,1.66,4.42,4.4,5,2.0,,0.0,,12.0,,,6.0,,,6.0,,,2.0,,,0.0,,,75.0,0.0,100.0,0.0,1639.4,1526.4
2025-05-04,2025,Tromso,Sandefjord,0,1,A,U,1.76,4.05,4.12,3,,,,,,,,,,,,,,,,,,,,50.0,50.0,0.0,100.0,1524.4,1479.0
2025-05-04,2025,Stromsgodset,Kristiansund,1,2,A,O,1.53,4.57,5.32,3,,1.0,,1.0,,5.0,,,6.0,,,-1.0,,,0.0,,,1.0,,0.0,100.0,25.0,50.0,1512.5,1481.5
2025-05-04,2025,Rosenborg,Bryne,3,0,H,O,1.36,4.87,8.59,4,1.0,,0.0,,2.0,,,1.0,,,1.0,,,0.0,,,0.0,,,33.3,0.0,0.0,100.0,1626.0,1488.6
2025-05-04,2025,Molde,Haugesund,2,1,H,O,1.22,6.4,11.97,3,,0.0,,3.0,,2.0,,,9.0,,,-7.0,,,0.0,,,2.0,,0.0,50.0,0.0,100.0,1616.9,1460.1
2025-05-03,2025,Valerenga,Brann,2,4,A,O,2.65,3.78,2.42,3,,,,,,,,,,,,,,,,,,,,50.0,50.0,50.0,50.0,1495.0,1659.5
2025-05-02,2025,HamKam,KFUM Oslo,0,0,D,U,3.07,3.14,2.44,3,,,,,,,,,,,,,,,,,,,,50.0,50.0,0.0,100.0,1471.1,1487.6
2025-05-01,2025,Rosenborg,Kristiansund,1,1,D,U,1.32,5.43,8.87,3,,1.0,,2.0,,5.0,,,7.0,,,-2.0,,,0.0,,,1.0,,50.0,0.0,33.3,66.7,1630.2,1477.4
2025-04-30,2025,Viking,Haugesund,5,1,H,O,1.25,6.37,9.99,4,2.0,,0.0,,10.0,,,6.0,,,4.0,,,2.0,,,0.0,,,66.7,0.0,0.0,100.0,1633.9,1465.6
2025-04-27,2025,Viking,Tromso,4,4,D,O,1.73,4.08,4.33,3,,,,,,,,,,,,,,,,,,,,100.0,0.0,0.0,100.0,1637.1,1521.2
2025-04-27,2025,Sarpsborg 08,Stromsgodset,2,3,A,O,1.77,3.91,4.21,2,,,,,,,,,,,,,,,,,,,,0.0,0.0,50.0,50.0,1537.5,1501.5
2025-04-27,2025,Sandefjord,HamKam,2,0,H,U,1.62,4.12,5.16,2,,,,,,,,,,,,,,,,,,,,100.0,0.0,0.0,100.0,1468.7,1481.5
2025-04-27,2025,Rosenborg,Molde,0,0,D,U,1.75,3.89,4.34,2,,,,,,,,,,,,,,,,,,,,100.0,0.0,0.0,100.0,1630.6,1616.5
2025-04-27,2025,Kristiansund,Valerenga,0,2,A,U,3.43,3.84,1.98,2,,,,,,,,,,,,,,,,,,,,100.0,0.0,0.0,50.0,1487.5,1485.0
2025-04-27,2025,Haugesund,Fredrikstad,0,0,D,U,3.87,3.47,1.96,2,,,,,,,,,,,,,,,,,,,,0.0,100.0,0.0,100.0,1462.1,1586.3
2025-04-27,2025,Brann,Bryne,3,2,H,O,1.36,4.9,8.31,3,,,,,,,,,,,,,,,,,,,,100.0,0.0,0.0,100.0,1653.8,1494.3
2025-04-27,2025,Bodo/Glimt,KFUM Oslo,3,0,H,O,1.3,5.45,9.08,2,,,,,,,,,,,,,,,,,,,,100.0,0.0,0.0,100.0,1712.5,1492.0
2025-04-21,2025,Valerenga,Rosenborg,0,2,A,U,2.85,3.62,2.33,2,,,,,,,,,,,,,,,,,,,,100.0,0.0,100.0,0.0,1491.3,1624.2
2025-04-21,2025,Stromsgodset,Brann,1,2,A,O,3.1,3.62,2.18,2,,,,,,,,,,,,,,,,,,,,0.0,100.0,0.0,100.0,1507.7,1647.6
2025-04-21,2025,Molde,Bodo/Glimt,2,2,D,O,3.29,3.59,2.12,2,,,,,,,,,,,,,,,,,,,,0.0,100.0,100.0,0.0,1613.7,1715.4
2025-04-21,2025,KFUM Oslo,Sarpsborg 08,1,3,A,O,2.46,3.37,2.83,2,,,,,,,,,,,,,,,,,,,,100.0,0.0,100.0,0.0,1501.2,1528.3
2025-04-21,2025,HamKam,Viking,2,5,A,O,3.43,3.76,2.0,2,,,,,,,,,,,,,,,,,,,,100.0,0.0,0.0,100.0,1487.6,1631.0
2025-04-21,2025,Fredrikstad,Sandefjord,3,1,H,O,2.02,3.45,3.69,3,,,,,,,,,,,,,,,,,,,,100.0,0.0,0.0,100.0,1579.2,1475.8
2025-04-21,2025,Bryne,Haugesund,3,1,H,O,1.73,3.89,4.48,2,,,,,,,,,,,,,,,,,,,,0.0,100.0,0.0,100.0,1484.6,1471.8
2025-04-20,2025,Tromso,Kristiansund,2,3,A,O,1.61,3.91,5.48,2,,,,,,,,,,,,,,,,,,,,100.0,0.0,0.0,100.0,1532.9,1475.9
2025-04-10,2025,Viking,Kristiansund,3,1,H,O,1.4,4.94,7.16,2,,,,,,,,,,,,,,,,,,,,100.0,0.0,0.0,100.0,1624.9,1482.0
2025-04-10,2025,Brann,Stromsgodset,2,1,H,O,1.55,4.29,5.72,2,,,,,,,,,,,,,,,,,,,,100.0,0.0,100.0,0.0,1641.1,1514.2
2025-04-09,2025,Fredrikstad,Valerenga,2,0,H,U,2.32,3.22,3.15,2,,,,,,,,,,,,,,,,,,,,100.0,0.0,0.0,0.0,1571.3,1499.3
2025-04-06,2025,Viking,KFUM Oslo,3,1,H,O,1.76,3.8,4.44,1,,,,,,,,,,,,,,,,,,,,,,,,1618.0,1508.2
2025-04-06,2025,Sarpsborg 08,Valerenga,1,1,D,U,2.24,3.55,3.04,1,,,,,,,,,,,,,,,,,,,,,,,,1529.1,1498.4
2025-04-06,2025,Sandefjord,Molde,3,0,H,O,3.55,3.66,1.99,1,,,,,,,,,,,,,,,,,,,,,,,,1461.3,1628.2
2025-04-06,2025,Kristiansund,Bryne,2,1,H,O,2.2,3.34,3.3,1,,,,,,,,,,,,,,,,,,,,,,,,1471.3,1495.3
2025-04-06,2025,Haugesund,Stromsgodset,0,5,A,O,3.73,3.54,1.98,1,,,,,,,,,,,,,,,,,,,,,,,,1481.1,1504.8
2025-04-06,2025,Brann,Tromso,3,1,H,O,1.71,3.91,4.61,1,,,,,,,,,,,,,,,,,,,,,,,,1633.8,1540.2
2025-04-05,2025,Rosenborg,Fredrikstad,1,0,H,U,1.64,3.81,5.39,1,,,,,,,,,,,,,,,,,,,,,,,,1615.2,1580.3
2025-04-05,2025,Bodo/Glimt,HamKam,3,0,H,O,1.16,7.67,16.05,1,,,,,,,,,,,,,,,,,,,,,,,,1711.0,1492.0
2025-03-30,2025,Valerenga,Viking,3,1,H,O,2.46,3.66,2.65,1,,,,,,,,,,,,,,,,,,,,,,,,1484.4,1632.0
2025-03-30,2025,Tromso,Haugesund,1,0,H,U,1.47,4.13,7.48,1,,,,,,,,,,,,,,,,,,,,,,,,1531.4,1489.9
2025-03-30,2025,Molde,Sarpsborg 08,0,2,A,U,1.46,4.72,6.18,1,,,,,,,,,,,,,,,,,,,,,,,,1641.6,1515.7
2025-03-30,2025,KFUM Oslo,Sandefjord,3,1,H,O,2.22,3.17,3.43,1,,,,,,,,,,,,,,,,,,,,,,,,1499.0,1470.5
2025-03-30,2025,HamKam,Kristiansund,2,1,H,O,2.07,3.32,3.66,1,,,,,,,,,,,,,,,,,,,,,,,,1482.0,1481.2
2025-03-30,2025,Bryne,Bodo/Glimt,0,1,A,U,6.98,4.76,1.42,1,,,,,,,,,,,,,,,,,,,,,,,,1500.0,1706.3
2025-03-29,2025,Stromsgodset,Rosenborg,1,2,A,O,3.25,3.59,2.13,1,,,,,,,,,,,,,,,,,,,,,,,,1512.1,1607.9
2025-03-29,2025,Fredrikstad,Brann,3,0,H,O,3.41,3.3,2.17,1,,,,,,,,,,,,,,,,,,,,,,,,1568.1,1646.0
2024-12-08,2024,Haugesund,Moss,2,0,H,U,2.03,3.14,3.93,16,2.0,,1.0,,4.0,,,4.0,,,0.0,,,1.0,,,1.0,,,40.0,53.3,,,1479.3,1499.4
2024-12-05,2024,Moss,Haugesund,0,0,D,U,2.33,3.11,3.17,1,,1.0,,1.0,,2.0,,,5.0,,,-3.0,,,0.0,,,1.0,,,,20.0,46.7,1500.0,1478.7
2024-12-01,2024,Stromsgodset,Molde,1,0,H,U,4.15,3.88,1.77,15,2.0,1.0,0.0,0.0,4.0,6.0,-2.0,1.0,3.0,-2.0,3.0,3.0,0.0,1.0,1.0,0.0,0.0,0.0,0.0,42.9,28.6,50.0,21.4,1497.9,1655.9
2024-12-01,2024,Sarpsborg 08,Tromso,2,1,H,O,2.19,3.57,3.05,15,0.0,0.0,2.0,3.0,3.0,3.0,0.0,5.0,11.0,-6.0,-2.0,-8.0,6.0,0.0,0.0,0.0,0.0,3.0,-3.0,21.4,57.1,28.6,57.1,1504.6,1542.5
2024-12-01,2024,Sandefjord,Fredrikstad,0,1,A,U,3.08,3.42,2.24,15,2.0,1.0,1.0,1.0,3.0,3.0,0.0,2.0,4.0,-2.0,1.0,-1.0,2.0,0.0,0.0,0.0,0.0,1.0,-1.0,50.0,35.7,42.9,35.7,1478.2,1560.4
2024-12-01,2024,Kristiansund,Rosenborg,0,4,A,O,5.12,4.33,1.56,15,1.0,3.0,1.0,0.0,2.0,6.0,-4.0,2.0,2.0,0.0,0.0,4.0,-4.0,0.0,1.0,-1.0,0.0,0.0,0.0,35.7,21.4,35.7,42.9,1488.1,1601.1
2024-12-01,2024,Haugesund,Odd,2,1,H,O,1.83,3.9,3.82,15,1.0,0.0,2.0,2.0,2.0,3.0,-1.0,4.0,7.0,-3.0,-2.0,-4.0,2.0,1.0,0.0,1.0,1.0,1.0,0.0,35.7,57.1,14.3,57.1,1469.5,1442.4
2024-12-01,2024,HamKam,KFUM Oslo,0,2,A,U,2.22,3.28,3.22,15,1.0,1.0,2.0,2.0,1.0,4.0,-3.0,4.0,4.0,0.0,-3.0,0.0,-3.0,0.0,1.0,-1.0,2.0,0.0,2.0,28.6,42.9,42.9,35.7,1492.1,1488.9
2024-12-01,2024,Brann,Viking,1,1,D,U,1.74,4.2,3.96,15,3.0,3.0,0.0,0.0,10.0,7.0,3.0,2.0,2.0,0.0,8.0,5.0,3.0,2.0,1.0,1.0,0.0,0.0,0.0,64.3,21.4,42.9,28.6,1646.4,1631.6
2024-12-01,2024,Bodo/Glimt,Lillestrom,5,2,H,O,1.1,9.51,19.97,15,1.0,0.0,1.0,3.0,8.0,2.0,6.0,5.0,9.0,-4.0,3.0,-7.0,10.0,1.0,0.0,1.0,0.0,1.0,-1.0,64.3,7.1,28.6,71.4,1702.7,1437.3
2024-11-23,2024,Viking,Haugesund,5,1,H,O,1.53,4.58,5.21,15,2.0,1.0,0.0,1.0,7.0,1.0,6.0,5.0,4.0,1.0,2.0,-3.0,5.0,0.0,0.0,0.0,0.0,1.0,-1.0,64.3,7.1,21.4,42.9,1625.6,1475.4
2024-11-23,2024,Tromso,Stromsgodset,2,0,H,U,1.45,4.56,6.44,15,1.0,0.0,0.0,1.0,6.0,0.0,6.0,3.0,1.0,2.0,3.0,-1.0,4.0,1.0,0.0,1.0,0.0,0.0,0.0,28.6,42.9,21.4,50.0,1533.3,1507.1
2024-11-23,2024,Rosenborg,Sarpsborg 08,1,1,D,U,1.53,4.52,5.35,15,2.0,2.0,1.0,1.0,6.0,5.0,1.0,2.0,3.0,-1.0,4.0,2.0,2.0,1.0,1.0,0.0,0.0,0.0,0.0,71.4,21.4,42.9,35.7,1603.9,1501.7
2024-11-23,2024,Odd,Bodo/Glimt,0,2,A,U,12.97,6.88,1.19,15,1.0,0.0,2.0,1.0,2.0,4.0,-2.0,6.0,7.0,-1.0,-4.0,-3.0,-1.0,0.0,0.0,0.0,2.0,1.0,1.0,21.4,50.0,50.0,21.4,1446.2,1698.9
2024-11-23,2024,Molde,Brann,2,1,H,O,2.17,3.66,3.03,15,1.0,3.0,1.0,0.0,8.0,6.0,2.0,7.0,1.0,6.0,1.0,5.0,-4.0,1.0,1.0,0.0,0.0,0.0,0.0,50.0,28.6,57.1,7.1,1645.6,1656.7
2024-11-23,2024,Lillestrom,Sandefjord,0,3,A,O,2.13,3.57,3.17,15,1.0,1.0,2.0,2.0,4.0,4.0,0.0,5.0,5.0,0.0,-1.0,-1.0,0.0,1.0,0.0,1.0,1.0,0.0,1.0,21.4,57.1,7.1,57.1,1446.7,1468.8
2024-11-23,2024,KFUM Oslo,Kristiansund,1,2,A,O,2.01,3.19,3.98,15,0.0,0.0,1.0,2.0,2.0,1.0,1.0,3.0,6.0,-3.0,-1.0,-5.0,4.0,0.0,0.0,0.0,0.0,1.0,-1.0,14.3,35.7,14.3,57.1,1499.5,1477.5
2024-11-23,2024,Fredrikstad,HamKam,1,0,H,U,1.84,3.47,4.3,15,2.0,0.0,0.0,1.0,6.0,4.0,2.0,4.0,7.0,-3.0,2.0,-3.0,5.0,0.0,0.0,0.0,0.0,1.0,-1.0,42.9,14.3,28.6,35.7,1551.9,1500.6
2024-11-10,2024,Stromsgodset,KFUM Oslo,1,0,H,U,2.16,3.38,3.3,14,2.0,1.0,0.0,2.0,5.0,4.0,1.0,2.0,5.0,-3.0,3.0,-1.0,4.0,1.0,1.0,0.0,0.0,1.0,-1.0,38.5,30.8,46.2,30.8,1496.8,1509.9
2024-11-10,2024,Sarpsborg 08,Molde,2,2,D,O,3.71,3.75,1.89,14,0.0,2.0,3.0,0.0,1.0,8.0,-7.0,5.0,1.0,4.0,-4.0,7.0,-11.0,0.0,2.0,-2.0,1.0,0.0,1.0,23.1,61.5,53.8,23.1,1497.6,1649.7
2024-11-10,2024,Sandefjord,Odd,1,0,H,U,1.55,4.3,5.36,14,1.0,0.0,1.0,1.0,4.0,3.0,1.0,4.0,6.0,-2.0,0.0,-3.0,3.0,0.0,0.0,0.0,0.0,1.0,-1.0,46.2,38.5,15.4,53.8,1458.9,1456.1
2024-11-10,2024,Kristiansund,Viking,0,1,A,U,4.02,3.84,1.8,14,1.0,2.0,0.0,1.0,2.0,8.0,-6.0,1.0,5.0,-4.0,1.0,3.0,-2.0,0.0,1.0,-1.0,0.0,0.0,0.0,38.5,15.4,38.5,30.8,1483.8,1619.3
2024-11-10,2024,Haugesund,Tromso,2,0,H,U,2.82,3.22,2.52,14,0.0,0.0,2.0,3.0,0.0,3.0,-3.0,4.0,10.0,-6.0,-4.0,-7.0,3.0,0.0,0.0,0.0,1.0,2.0,-1.0,30.8,61.5,30.8,53.8,1463.1,1545.6
2024-11-10,2024,HamKam,Rosenborg,0,2,A,U,3.25,3.71,2.05,14,2.0,2.0,1.0,0.0,6.0,5.0,1.0,2.0,3.0,-1.0,4.0,2.0,2.0,1.0,0.0,1.0,1.0,0.0,1.0,30.8,38.5,30.8,46.2,1508.1,1596.4
2024-11-10,2024,Bodo/Glimt,Fredrikstad,2,2,D,O,1.31,5.26,8.83,14,2.0,1.0,1.0,2.0,9.0,2.0,7.0,3.0,8.0,-5.0,6.0,-6.0,12.0,2.0,0.0,2.0,0.0,2.0,-2.0,69.2,7.7,46.2,38.5,1703.1,1547.7
2024-11-09,2024,Brann,Lillestrom,2,1,H,O,1.45,4.78,6.01,14,3.0,0.0,0.0,3.0,10.0,1.0,9.0,1.0,9.0,-8.0,9.0,-8.0,17.0,3.0,0.0,3.0,0.0,2.0,-2.0,61.5,23.1,30.8,69.2,1651.9,1451.4
2024-11-03,2024,Tromso,HamKam,3,3,D,O,1.76,3.59,4.55,14,1.0,0.0,0.0,2.0,5.0,1.0,4.0,2.0,7.0,-5.0,3.0,-6.0,9.0,1.0,0.0,1.0,0.0,2.0,-2.0,30.8,46.2,30.8,38.5,1546.7,1507.0
2024-11-03,2024,Rosenborg,Stromsgodset,1,0,H,U,1.36,5.39,6.97,14,2.0,0.0,1.0,1.0,7.0,2.0,5.0,3.0,5.0,-2.0,4.0,-3.0,7.0,1.0,0.0,1.0,0.0,1.0,-1.0,69.2,23.1,23.1,46.2,1588.8,1504.4
2024-11-03,2024,Odd,Brann,0,3,A,O,6.2,4.79,1.44,14,1.0,2.0,2.0,0.0,3.0,5.0,-2.0,6.0,3.0,3.0,-3.0,2.0,-5.0,0.0,0.0,0.0,2.0,0.0,2.0,23.1,46.2,53.8,7.7,1461.2,1646.8
2024-11-03,2024,Molde,Bodo/Glimt,3,3,D,O,2.5,3.62,2.59,14,2.0,1.0,1.0,1.0,11.0,2.0,9.0,5.0,4.0,1.0,6.0,-2.0,8.0,2.0,0.0,2.0,0.0,1.0,-1.0,53.8,30.8,53.8,23.1,1648.1,1704.7
2024-11-03,2024,Lillestrom,Haugesund,0,1,A,U,1.73,3.78,4.55,14,1.0,0.0,1.0,1.0,5.0,2.0,3.0,5.0,6.0,-1.0,0.0,-4.0,4.0,1.0,0.0,1.0,1.0,1.0,0.0,23.1,53.8,15.4,46.2,1461.7,1452.8
2024-11-03,2024,KFUM Oslo,Sarpsborg 08,1,2,A,O,2.46,3.21,2.89,14,1.0,2.0,0.0,1.0,3.0,6.0,-3.0,1.0,3.0,-2.0,2.0,3.0,-1.0,1.0,2.0,-1.0,0.0,0.0,0.0,15.4,30.8,38.5,38.5,1520.9,1486.6
2024-11-03,2024,Fredrikstad,Kristiansund,1,1,D,U,1.67,3.75,5.04,14,3.0,1.0,0.0,2.0,7.0,2.0,5.0,3.0,5.0,-2.0,4.0,-3.0,7.0,1.0,1.0,0.0,0.0,1.0,-1.0,46.2,15.4,15.4,61.5,1549.6,1481.8
2024-11-02,2024,Viking,Sandefjord,3,2,H,O,1.42,5.12,6.11,14,2.0,1.0,0.0,2.0,9.0,2.0,7.0,5.0,5.0,0.0,4.0,-3.0,7.0,1.0,0.0,1.0,0.0,1.0,-1.0,61.5,7.7,7.7,53.8,1613.4,1464.9
2024-10-28,2024,Bodo/Glimt,Rosenborg,2,3,A,O,1.51,4.75,5.28,13,3.0,2.0,0.0,0.0,13.0,5.0,8.0,0.0,2.0,-2.0,13.0,3.0,10.0,3.0,1.0,2.0,0.0,0.0,0.0,75.0,0.0,25.0,50.0,1718.7,1574.9
2024-10-27,2024,Sarpsborg 08,Viking,1,2,A,O,2.73,3.82,2.3,13,0.0,1.0,2.0,1.0,2.0,8.0,-6.0,5.0,6.0,-1.0,-3.0,2.0,-5.0,0.0,1.0,-1.0,1.0,0.0,1.0,25.0,58.3,33.3,33.3,1493.5,1606.5
2024-10-27,2024,Sandefjord,KFUM Oslo,2,1,H,O,2.02,3.4,3.65,13,1.0,1.0,1.0,2.0,3.0,3.0,0.0,3.0,4.0,-1.0,0.0,-1.0,1.0,0.0,1.0,-1.0,0.0,1.0,-1.0,41.7,41.7,50.0,25.0,1452.6,1533.2
2024-10-27,2024,Lillestrom,Odd,3,0,H,O,1.61,3.91,5.39,13,0.0,0.0,2.0,1.0,2.0,3.0,-1.0,6.0,5.0,1.0,-4.0,-2.0,-2.0,0.0,0.0,0.0,1.0,1.0,0.0,16.7,58.3,16.7,50.0,1451.1,1471.8
2024-10-27,2024,Haugesund,Molde,0,3,A,O,4.33,3.79,1.76,13,1.0,1.0,1.0,1.0,1.0,6.0,-5.0,1.0,3.0,-2.0,0.0,3.0,-3.0,0.0,1.0,-1.0,0.0,0.0,0.0,33.3,58.3,50.0,25.0,1457.9,1642.9
2024-10-27,2024,HamKam,Kristiansund,1,0,H,U,1.68,3.71,5.11,13,1.0,1.0,1.0,2.0,6.0,2.0,4.0,3.0,5.0,-2.0,3.0,-3.0,6.0,1.0,1.0,0.0,1.0,1.0,0.0,25.0,41.7,16.7,58.3,1497.2,1491.7
2024-10-27,2024,Brann,Tromso,4,0,H,O,1.48,4.56,5.99,13,2.0,1.0,1.0,2.0,7.0,4.0,3.0,4.0,6.0,-2.0,3.0,-2.0,5.0,2.0,0.0,2.0,1.0,1.0,0.0,58.3,25.0,33.3,50.0,1639.2,1554.3
2024-10-26,2024,Stromsgodset,Fredrikstad,2,0,H,U,2.66,3.28,2.63,13,1.0,1.0,1.0,2.0,3.0,2.0,1.0,3.0,7.0,-4.0,0.0,-5.0,5.0,0.0,0.0,0.0,0.0,1.0,-1.0,33.3,33.3,50.0,33.3,1492.4,1561.6
2024-10-20,2024,Viking,Odd,3,3,D,O,1.33,5.44,7.79,13,2.0,0.0,0.0,2.0,7.0,0.0,7.0,3.0,3.0,0.0,4.0,-3.0,7.0,1.0,0.0,1.0,0.0,1.0,-1.0,66.7,8.3,18.2,54.5,1610.4,1468.0
2024-10-20,2024,Rosenborg,Brann,1,2,A,O,2.08,3.72,3.22,13,3.0,2.0,0.0,0.0,10.0,7.0,3.0,1.0,2.0,-1.0,9.0,5.0,4.0,2.0,1.0,1.0,0.0,0.0,0.0,75.0,16.7,50.0,8.3,1583.5,1630.6
2024-10-20,2024,Kristiansund,Stromsgodset,0,0,D,U,2.35,3.55,2.81,13,1.0,0.0,1.0,1.0,2.0,4.0,-2.0,5.0,7.0,-2.0,-3.0,-3.0,0.0,0.0,0.0,0.0,1.0,1.0,0.0,41.7,16.7,25.0,50.0,1491.6,1492.4
2024-10-20,2024,KFUM Oslo,Haugesund,0,0,D,U,1.85,3.51,4.22,13,1.0,0.0,1.0,1.0,3.0,4.0,-1.0,2.0,8.0,-6.0,1.0,-4.0,5.0,1.0,0.0,1.0,0.0,1.0,-1.0,16.7,33.3,16.7,50.0,1535.4,1455.7
2024-10-20,2024,HamKam,Sarpsborg 08,0,2,A,U,2.28,3.65,2.87,12,2.0,1.0,0.0,2.0,7.0,4.0,3.0,1.0,9.0,-8.0,6.0,-5.0,11.0,1.0,1.0,0.0,0.0,1.0,-1.0,27.3,36.4,33.3,41.7,1507.9,1482.7
2024-10-20,2024,Fredrikstad,Lillestrom,2,1,H,O,2.0,3.48,3.62,13,2.0,0.0,1.0,3.0,5.0,0.0,5.0,6.0,11.0,-5.0,-1.0,-11.0,10.0,1.0,0.0,1.0,1.0,3.0,-2.0,41.7,16.7,33.3,66.7,1554.2,1458.4
2024-10-19,2024,Tromso,Bodo/Glimt,0,0,D,U,3.8,3.7,1.89,13,1.0,1.0,0.0,1.0,5.0,3.0,2.0,2.0,5.0,-3.0,3.0,-2.0,5.0,1.0,0.0,1.0,0.0,1.0,-1.0,33.3,50.0,58.3,25.0,1549.7,1723.3
2024-10-19,2024,Molde,Sandefjord,0,1,A,U,1.22,6.56,10.93,13,3.0,0.0,0.0,2.0,14.0,2.0,12.0,4.0,6.0,-2.0,10.0,-4.0,14.0,3.0,0.0,3.0,0.0,1.0,-1.0,58.3,25.0,0.0,58.3,1658.6,1436.9
2024-10-05,2024,Kristiansund,Sandefjord,2,1,H,O,2.43,3.55,2.7,12,0.0,0.0,1.0,2.0,2.0,2.0,0.0,6.0,6.0,0.0,-4.0,-4.0,0.0,0.0,0.0,0.0,1.0,1.0,0.0,36.4,18.2,0.0,54.5,1482.7,1445.9
2024-09-29,2024,Stromsgodset,HamKam,1,1,D,U,1.93,3.88,3.49,12,2.0,1.0,1.0,2.0,5.0,1.0,4.0,4.0,6.0,-2.0,1.0,-5.0,6.0,0.0,0.0,0.0,0.0,2.0,-2.0,36.4,36.4,33.3,41.7,1492.0,1508.4
2024-09-29,2024,Sandefjord,Rosenborg,0,1,A,U,3.23,3.89,2.01,12,1.0,1.0,0.0,1.0,5.0,4.0,1.0,4.0,3.0,1.0,1.0,1.0,0.0,0.0,1.0,-1.0,0.0,0.0,0.0,45.5,36.4,18.2,54.5,1452.4,1577.0
2024-09-29,2024,Odd,KFUM Oslo,1,3,A,O,3.36,3.25,2.18,13,1.0,0.0,1.0,2.0,3.0,0.0,3.0,4.0,3.0,1.0,-1.0,-3.0,2.0,0.0,0.0,0.0,1.0,1.0,0.0,25.0,41.7,45.5,27.3,1476.5,1526.9
2024-09-29,2024,Lillestrom,Viking,1,4,A,O,2.35,3.68,2.73,12,0.0,0.0,2.0,2.0,2.0,5.0,-3.0,4.0,7.0,-3.0,-2.0,-2.0,0.0,0.0,0.0,0.0,0.0,0.0,0.0,18.2,54.5,27.3,36.4,1464.6,1604.2
2024-09-29,2024,Bodo/Glimt,Kristiansund,4,0,H,O,1.16,8.46,12.75,12,3.0,1.0,0.0,1.0,13.0,2.0,11.0,2.0,1.0,1.0,11.0,1.0,10.0,3.0,1.0,2.0,0.0,0.0,0.0,72.7,0.0,18.2,54.5,1719.1,1486.9
2024-09-28,2024,Sarpsborg 08,Fredrikstad,0,1,A,U,2.3,3.56,2.89,12,1.0,1.0,1.0,2.0,4.0,2.0,2.0,5.0,7.0,-2.0,-1.0,-5.0,4.0,0.0,0.0,0.0,1.0,1.0,0.0,27.3,54.5,45.5,36.4,1491.2,1545.8
2024-09-28,2024,Molde,Tromso,5,3,H,O,1.49,4.38,6.04,12,2.0,2.0,1.0,1.0,11.0,2.0,9.0,4.0,1.0,3.0,7.0,1.0,6.0,2.0,0.0,2.0,0.0,0.0,0.0,54.5,27.3,36.4,45.5,1651.2,1557.1
2024-09-28,2024,Haugesund,Brann,0,1,A,U,3.9,3.82,1.84,12,1.0,2.0,1.0,0.0,1.0,9.0,-8.0,1.0,4.0,-3.0,0.0,5.0,-5.0,0.0,1.0,-1.0,0.0,0.0,0.0,36.4,54.5,45.5,9.1,1461.3,1625.0
2024-09-23,2024,KFUM Oslo,Molde,1,1,D,U,4.06,3.61,1.85,12,2.0,2.0,1.0,1.0,3.0,7.0,-4.0,1.0,3.0,-2.0,2.0,4.0,-2.0,1.0,1.0,0.0,0.0,0.0,0.0,18.2,36.4,54.5,27.3,1523.3,1654.8
2024-09-22,2024,Tromso,Sandefjord,3,0,H,O,1.72,3.9,4.45,12,0.0,0.0,1.0,1.0,3.0,3.0,0.0,4.0,4.0,0.0,-1.0,-1.0,0.0,0.0,0.0,0.0,0.0,0.0,0.0,27.3,54.5,0.0,50.0,1549.6,1459.9
2024-09-22,2024,Rosenborg,Haugesund,4,0,H,O,1.38,5.06,7.34,12,3.0,0.0,0.0,1.0,8.0,4.0,4.0,2.0,5.0,-3.0,6.0,-1.0,7.0,1.0,0.0,1.0,0.0,0.0,0.0,72.7,18.2,18.2,45.5,1569.8,1468.5
2024-09-22,2024,Kristiansund,Odd,0,0,D,U,1.96,3.69,3.58,11,1.0,0.0,1.0,3.0,4.0,1.0,3.0,7.0,6.0,1.0,-3.0,-5.0,2.0,0.0,0.0,0.0,1.0,2.0,-1.0,40.0,20.0,20.0,60.0,1487.2,1476.2
2024-09-22,2024,Fredrikstad,Viking,3,2,H,O,2.15,3.48,3.22,12,2.0,0.0,1.0,1.0,3.0,6.0,-3.0,4.0,7.0,-3.0,-1.0,-1.0,0.0,1.0,0.0,1.0,1.0,0.0,1.0,36.4,18.2,30.0,30.0,1533.5,1616.6
2024-09-22,2024,Brann,Bodo/Glimt,4,1,H,O,2.72,3.65,2.39,12,1.0,1.0,1.0,0.0,4.0,3.0,1.0,4.0,2.0,2.0,0.0,1.0,-1.0,1.0,0.0,1.0,1.0,0.0,1.0,54.5,27.3,63.6,18.2,1611.6,1732.5
2024-09-21,2024,Stromsgodset,Sarpsborg 08,2,1,H,O,1.96,3.87,3.43,11,1.0,1.0,2.0,1.0,5.0,4.0,1.0,6.0,8.0,-2.0,-1.0,-4.0,3.0,0.0,1.0,-1.0,0.0,1.0,-1.0,30.0,40.0,36.4,36.4,1481.4,1501.8
2024-09-21,2024,HamKam,Lillestrom,5,0,H,O,2.27,3.44,3.04,11,1.0,0.0,0.0,3.0,5.0,2.0,3.0,4.0,9.0,-5.0,1.0,-7.0,8.0,0.0,0.0,0.0,0.0,2.0,-2.0,20.0,40.0,36.4,63.6,1499.1,1473.9
2024-09-18,2024,Kristiansund,Molde,0,4,A,O,5.56,4.49,1.52,10,2.0,1.0,0.0,2.0,7.0,3.0,4.0,4.0,4.0,0.0,3.0,-1.0,4.0,1.0,0.0,1.0,0.0,0.0,0.0,44.4,11.1,50.0,30.0,1493.0,1649.0
2024-09-18,2024,Brann,KFUM Oslo,2,0,H,U,1.65,3.84,5.06,11,0.0,1.0,1.0,1.0,2.0,3.0,-1.0,4.0,3.0,1.0,-2.0,0.0,-2.0,0.0,0.0,0.0,1.0,0.0,1.0,50.0,30.0,50.0,20.0,1603.7,1531.2
2024-09-15,2024,Sarpsborg 08,Kristiansund,0,2,A,U,1.57,4.61,4.81,11,1.0,0.0,0.0,2.0,5.0,0.0,5.0,4.0,3.0,1.0,1.0,-3.0,4.0,0.0,0.0,0.0,0.0,1.0,-1.0,30.0,50.0,10.0,60.0,1512.6,1482.1
2024-09-15,2024,Sandefjord,Brann,2,2,D,O,2.82,3.74,2.27,11,2.0,2.0,0.0,0.0,7.0,8.0,-1.0,5.0,3.0,2.0,2.0,5.0,-3.0,0.0,1.0,-1.0,0.0,0.0,0.0,50.0,40.0,50.0,10.0,1455.8,1607.8
2024-09-15,2024,Odd,Tromso,1,0,H,U,3.09,3.31,2.3,12,1.0,2.0,1.0,1.0,4.0,2.0,2.0,4.0,1.0,3.0,0.0,1.0,-1.0,1.0,0.0,1.0,1.0,0.0,1.0,18.2,45.5,40.0,40.0,1463.4,1562.4
2024-09-15,2024,Lillestrom,Rosenborg,1,1,D,U,2.88,3.56,2.31,11,0.0,1.0,2.0,1.0,3.0,5.0,-2.0,5.0,4.0,1.0,-2.0,1.0,-3.0,0.0,1.0,-1.0,0.0,0.0,0.0,20.0,60.0,20.0,60.0,1471.0,1572.6
2024-09-15,2024,Haugesund,Stromsgodset,0,0,D,U,2.23,3.61,2.98,11,2.0,0.0,1.0,2.0,2.0,4.0,-2.0,1.0,9.0,-8.0,1.0,-5.0,6.0,0.0,0.0,0.0,0.0,2.0,-2.0,40.0,60.0,27.3,54.5,1468.1,1481.8
2024-09-14,2024,Viking,KFUM Oslo,1,0,H,U,1.69,4.05,4.44,12,2.0,2.0,0.0,0.0,7.0,5.0,2.0,3.0,3.0,0.0,4.0,2.0,2.0,1.0,0.0,1.0,0.0,0.0,0.0,63.6,9.1,55.6,11.1,1608.5,1539.2
2024-09-14,2024,Molde,Fredrikstad,6,1,H,O,1.59,4.02,5.47,11,2.0,1.0,1.0,2.0,8.0,2.0,6.0,3.0,4.0,-1.0,5.0,-2.0,7.0,2.0,0.0,2.0,0.0,1.0,-1.0,50.0,30.0,50.0,30.0,1641.9,1540.6
2024-09-13,2024,Bodo/Glimt,HamKam,3,0,H,O,1.25,6.28,10.0,11,3.0,2.0,0.0,1.0,13.0,3.0,10.0,3.0,4.0,-1.0,10.0,-1.0,11.0,3.0,0.0,3.0,0.0,1.0,-1.0,70.0,0.0,36.4,36.4,1728.2,1503.4
2024-09-01,2024,Tromso,Viking,2,2,D,O,2.67,3.46,2.49,11,0.0,0.0,2.0,2.0,1.0,4.0,-3.0,4.0,6.0,-2.0,-3.0,-2.0,-1.0,0.0,0.0,0.0,1.0,0.0,1.0,30.0,60.0,33.3,33.3,1561.0,1609.9
2024-09-01,2024,Stromsgodset,Bodo/Glimt,0,1,A,U,4.13,4.3,1.69,10,1.0,0.0,2.0,1.0,5.0,3.0,2.0,6.0,4.0,2.0,-1.0,-1.0,0.0,0.0,0.0,0.0,0.0,0.0,0.0,33.3,33.3,60.0,20.0,1485.8,1724.1
2024-09-01,2024,Rosenborg,Molde,2,1,H,O,2.28,3.42,3.0,11,3.0,1.0,0.0,1.0,7.0,2.0,5.0,1.0,2.0,-1.0,6.0,0.0,6.0,1.0,0.0,1.0,0.0,0.0,0.0,70.0,20.0,55.6,22.2,1560.0,1654.5
2024-09-01,2024,Kristiansund,Haugesund,2,2,D,O,2.3,3.53,2.89,9,3.0,0.0,0.0,2.0,8.0,4.0,4.0,3.0,7.0,-4.0,5.0,-3.0,8.0,2.0,0.0,2.0,0.0,1.0,-1.0,50.0,12.5,20.0,50.0,1482.5,1467.6
2024-09-01,2024,HamKam,Sandefjord,1,1,D,U,2.16,3.67,3.03,10,1.0,0.0,1.0,1.0,4.0,5.0,-1.0,4.0,6.0,-2.0,0.0,-1.0,1.0,0.0,0.0,0.0,0.0,0.0,0.0,22.2,44.4,0.0,55.6,1504.8,1454.4
2024-09-01,2024,Brann,Sarpsborg 08,1,3,A,O,1.41,5.22,6.02,10,1.0,0.0,0.0,1.0,3.0,3.0,0.0,2.0,9.0,-7.0,1.0,-6.0,7.0,0.0,0.0,0.0,0.0,1.0,-1.0,55.6,22.2,30.0,40.0,1621.1,1499.3
2024-08-31,2024,Fredrikstad,Odd,2,0,H,U,1.56,4.08,5.67,11,1.0,0.0,1.0,3.0,1.0,2.0,-1.0,4.0,6.0,-2.0,-3.0,-4.0,1.0,0.0,0.0,0.0,1.0,1.0,0.0,30.0,20.0,22.2,55.6,1532.3,1471.7
2024-08-30,2024,KFUM Oslo,Lillestrom,2,0,H,U,2.23,3.49,3.06,11,1.0,0.0,1.0,3.0,2.0,3.0,-1.0,2.0,9.0,-7.0,0.0,-6.0,6.0,0.0,0.0,0.0,0.0,1.0,-1.0,10.0,40.0,40.0,60.0,1530.7,1479.6
2024-08-25,2024,Viking,Stromsgodset,5,2,H,O,1.65,4.4,4.37,11,2.0,0.0,0.0,2.0,4.0,3.0,1.0,1.0,7.0,-6.0,3.0,-4.0,7.0,1.0,0.0,1.0,0.0,2.0,-2.0,60.0,10.0,30.0,50.0,1603.0,1492.7
2024-08-25,2024,Sandefjord,Kristiansund,1,0,H,U,1.66,4.23,4.47,10,2.0,0.0,0.0,1.0,8.0,1.0,7.0,6.0,3.0,3.0,2.0,-2.0,4.0,0.0,0.0,0.0,0.0,1.0,-1.0,44.4,44.4,11.1,55.6,1442.9,1494.0
2024-08-25,2024,Odd,Rosenborg,1,3,A,O,3.93,3.87,1.81,11,1.0,0.0,1.0,2.0,4.0,3.0,1.0,3.0,7.0,-4.0,1.0,-4.0,5.0,1.0,0.0,1.0,0.0,1.0,-1.0,20.0,40.0,11.1,66.7,1479.7,1552.0
2024-08-25,2024,Molde,HamKam,3,0,H,O,1.4,4.94,6.75,10,1.0,3.0,1.0,0.0,7.0,5.0,2.0,5.0,2.0,3.0,2.0,3.0,-1.0,1.0,0.0,1.0,0.0,0.0,0.0,44.4,33.3,40.0,30.0,1648.3,1511.1
2024-08-25,2024,Lillestrom,Tromso,0,1,A,U,2.22,3.26,3.28,10,1.0,2.0,1.0,1.0,6.0,2.0,4.0,5.0,1.0,4.0,1.0,1.0,0.0,1.0,0.0,1.0,0.0,0.0,0.0,22.2,55.6,33.3,44.4,1487.7,1552.8
2024-08-25,2024,Haugesund,Fredrikstad,1,0,H,U,2.87,3.21,2.48,10,1.0,1.0,2.0,1.0,2.0,3.0,-1.0,3.0,4.0,-1.0,-1.0,-1.0,0.0,0.0,0.0,0.0,0.0,1.0,-1.0,33.3,66.7,55.6,22.2,1455.1,1544.9
2024-08-24,2024,Bodo/Glimt,Sarpsborg 08,6,0,H,O,1.28,6.02,8.84,10,3.0,1.0,0.0,0.0,12.0,5.0,7.0,4.0,4.0,0.0,8.0,1.0,7.0,3.0,0.0,3.0,0.0,0.0,0.0,66.7,0.0,33.3,33.3,1719.6,1503.8
2024-08-21,2024,Rosenborg,Lillestrom,4,0,H,O,1.96,3.75,3.49,10,3.0,0.0,0.0,3.0,5.0,3.0,2.0,2.0,8.0,-6.0,3.0,-5.0,8.0,0.0,0.0,0.0,0.0,1.0,-1.0,66.7,22.2,44.4,55.6,1543.4,1496.4
2024-08-18,2024,Sarpsborg 08,Haugesund,2,2,D,O,1.7,4.17,4.28,10,2.0,0.0,0.0,3.0,7.0,5.0,2.0,3.0,9.0,-6.0,4.0,-4.0,8.0,1.0,0.0,1.0,0.0,1.0,-1.0,33.3,55.6,22.2,55.6,1505.2,1453.6
2024-08-18,2024,Rosenborg,Viking,2,1,H,O,2.39,3.57,2.76,9,2.0,1.0,0.0,1.0,4.0,5.0,-1.0,2.0,5.0,-3.0,2.0,0.0,2.0,0.0,0.0,0.0,0.0,0.0,0.0,62.5,25.0,37.5,25.0,1531.0,1615.4
2024-08-18,2024,KFUM Oslo,Tromso,0,1,A,U,2.22,3.13,3.44,10,1.0,1.0,1.0,1.0,3.0,1.0,2.0,3.0,1.0,2.0,0.0,0.0,0.0,0.0,0.0,0.0,0.0,0.0,0.0,11.1,33.3,25.0,50.0,1540.6,1542.9
2024-08-18,2024,HamKam,Odd,1,0,H,U,1.75,3.83,4.34,9,0.0,0.0,1.0,2.0,3.0,3.0,0.0,4.0,6.0,-2.0,-1.0,-3.0,2.0,0.0,0.0,0.0,0.0,1.0,-1.0,12.5,50.0,25.0,50.0,1501.4,1489.3
2024-08-18,2024,Fredrikstad,Brann,0,4,A,O,2.95,3.36,2.36,10,1.0,1.0,0.0,1.0,3.0,5.0,-2.0,2.0,8.0,-6.0,1.0,-3.0,4.0,0.0,0.0,0.0,0.0,1.0,-1.0,33.3,11.1,44.4,11.1,1553.2,1612.9
2024-08-17,2024,Stromsgodset,Lillestrom,3,2,H,O,2.31,3.74,2.77,9,0.0,1.0,2.0,2.0,3.0,3.0,0.0,5.0,6.0,-1.0,-2.0,-3.0,1.0,0.0,0.0,0.0,0.0,1.0,-1.0,25.0,37.5,50.0,50.0,1482.0,1507.1
2024-08-14,2024,Fredrikstad,Haugesund,1,0,H,U,1.57,4.09,5.45,9,0.0,0.0,0.0,2.0,2.0,6.0,-4.0,2.0,9.0,-7.0,0.0,-3.0,3.0,0.0,0.0,0.0,0.0,1.0,-1.0,25.0,12.5,25.0,50.0,1545.6,1461.3
2024-08-11,2024,Odd,Sarpsborg 08,1,1,D,U,2.68,3.68,2.38,10,1.0,1.0,1.0,1.0,4.0,5.0,-1.0,3.0,6.0,-3.0,1.0,-1.0,2.0,1.0,0.0,1.0,0.0,1.0,-1.0,22.2,44.4,37.5,37.5,1488.8,1505.7
2024-08-11,2024,Lillestrom,Molde,1,2,A,O,2.49,3.53,2.65,9,2.0,1.0,0.0,1.0,7.0,2.0,5.0,4.0,1.0,3.0,3.0,1.0,2.0,1.0,1.0,0.0,0.0,0.0,0.0,25.0,50.0,50.0,25.0,1513.6,1641.8
2024-08-11,2024,KFUM Oslo,Rosenborg,1,0,H,U,2.3,3.52,2.89,9,0.0,0.0,1.0,2.0,5.0,5.0,0.0,6.0,10.0,-4.0,-1.0,-5.0,4.0,0.0,0.0,0.0,0.0,2.0,-2.0,0.0,37.5,12.5,62.5,1530.3,1541.3
2024-08-10,2024,Viking,Bodo/Glimt,1,1,D,U,2.67,3.79,2.35,10,3.0,1.0,0.0,1.0,7.0,4.0,3.0,2.0,4.0,-2.0,5.0,0.0,5.0,2.0,0.0,2.0,0.0,0.0,0.0,66.7,11.1,66.7,22.2,1612.3,1722.7
2024-08-10,2024,Haugesund,HamKam,0,1,A,U,2.39,3.52,2.76,9,1.0,2.0,2.0,1.0,2.0,4.0,-2.0,3.0,5.0,-2.0,-1.0,-1.0,0.0,0.0,0.0,0.0,0.0,1.0,-1.0,37.5,62.5,33.3,33.3,1470.6,1492.0
2024-08-09,2024,Sandefjord,Stromsgodset,2,2,D,O,2.19,3.83,2.9,9,2.0,0.0,1.0,2.0,7.0,1.0,6.0,6.0,5.0,1.0,1.0,-4.0,5.0,0.0,0.0,0.0,0.0,2.0,-2.0,50.0,50.0,33.3,55.6,1441.7,1483.2
2024-08-04,2024,Stromsgodset,Brann,2,3,A,O,2.44,3.9,2.53,8,0.0,1.0,1.0,1.0,2.0,4.0,-2.0,3.0,7.0,-4.0,-1.0,-3.0,2.0,0.0,0.0,0.0,0.0,1.0,-1.0,28.6,28.6,37.5,12.5,1490.0,1606.1
2024-08-04,2024,Sarpsborg 08,Sandefjord,2,1,H,O,1.88,4.17,3.45,9,1.0,0.0,1.0,0.0,6.0,5.0,1.0,4.0,5.0,-1.0,2.0,0.0,2.0,1.0,0.0,1.0,0.0,0.0,0.0,25.0,62.5,0.0,50.0,1497.1,1450.4
2024-08-04,2024,Rosenborg,Tromso,1,0,H,U,2.0,3.57,3.51,8,2.0,2.0,0.0,0.0,5.0,3.0,2.0,3.0,1.0,2.0,2.0,2.0,0.0,0.0,0.0,0.0,0.0,0.0,0.0,57.1,28.6,28.6,42.9,1530.7,1553.5
2024-08-04,2024,Kristiansund,Lillestrom,2,1,H,O,3.82,4.14,1.78,8,2.0,1.0,0.0,2.0,8.0,3.0,5.0,4.0,6.0,-2.0,4.0,-3.0,7.0,2.0,0.0,2.0,0.0,1.0,-1.0,42.9,14.3,57.1,42.9,1482.8,1524.8
2024-08-04,2024,HamKam,Viking,3,3,D,O,2.79,3.6,2.34,8,0.0,1.0,2.0,1.0,1.0,4.0,-3.0,3.0,4.0,-1.0,-2.0,0.0,-2.0,0.0,0.0,0.0,0.0,0.0,0.0,14.3,57.1,42.9,28.6,1488.5,1615.8
2024-08-04,2024,Fredrikstad,KFUM Oslo,0,0,D,U,2.29,3.27,3.11,8,0.0,2.0,0.0,1.0,2.0,6.0,-4.0,2.0,5.0,-3.0,0.0,1.0,-1.0,0.0,0.0,0.0,0.0,0.0,0.0,28.6,14.3,62.5,12.5,1546.0,1529.9
2024-08-03,2024,Bodo/Glimt,Haugesund,4,2,H,O,1.21,7.13,10.73,9,2.0,0.0,0.0,2.0,9.0,4.0,5.0,3.0,7.0,-4.0,6.0,-3.0,9.0,2.0,0.0,2.0,0.0,1.0,-1.0,62.5,0.0,28.6,42.9,1718.8,1474.6
2024-07-28,2024,Viking,Molde,1,0,H,U,2.58,3.68,2.5,9,3.0,2.0,0.0,0.0,9.0,5.0,4.0,2.0,1.0,1.0,7.0,4.0,3.0,3.0,2.0,1.0,0.0,0.0,0.0,62.5,12.5,57.1,14.3,1604.4,1653.2
2024-07-28,2024,Tromso,Kristiansund,0,0,D,U,1.53,4.32,5.64,10,0.0,0.0,3.0,2.0,2.0,2.0,0.0,6.0,5.0,1.0,-4.0,-3.0,-1.0,0.0,0.0,0.0,1.0,1.0,0.0,33.3,66.7,12.5,62.5,1555.7,1480.6
2024-07-28,2024,Sandefjord,Haugesund,4,3,H,O,2.03,3.66,3.37,8,1.0,0.0,2.0,1.0,4.0,3.0,1.0,5.0,5.0,0.0,-1.0,-2.0,1.0,0.0,0.0,0.0,0.0,1.0,-1.0,42.9,57.1,33.3,33.3,1439.0,1485.9
2024-07-28,2024,Odd,Stromsgodset,2,0,H,U,2.84,3.66,2.28,9,1.0,1.0,1.0,1.0,4.0,4.0,0.0,4.0,4.0,0.0,0.0,0.0,0.0,0.0,1.0,-1.0,0.0,1.0,-1.0,12.5,50.0,37.5,50.0,1478.2,1500.6
2024-07-28,2024,Lillestrom,Sarpsborg 08,2,2,D,O,1.8,4.07,3.84,8,2.0,2.0,1.0,1.0,5.0,7.0,-2.0,5.0,6.0,-1.0,0.0,1.0,-1.0,1.0,1.0,0.0,1.0,1.0,0.0,28.6,57.1,42.9,42.9,1525.6,1496.2
2024-07-27,2024,KFUM Oslo,Bodo/Glimt,1,1,D,U,4.39,4.08,1.7,8,0.0,2.0,1.0,1.0,4.0,4.0,0.0,5.0,3.0,2.0,-1.0,1.0,-2.0,0.0,0.0,0.0,0.0,0.0,0.0,0.0,42.9,75.0,25.0,1524.7,1724.0
2024-07-27,2024,Fredrikstad,Rosenborg,2,2,D,O,1.92,3.53,3.88,7,1.0,0.0,0.0,3.0,4.0,5.0,-1.0,1.0,11.0,-10.0,3.0,-6.0,9.0,1.0,0.0,1.0,0.0,2.0,-2.0,33.3,16.7,14.3,71.4,1546.5,1530.2
2024-07-21,2024,Stromsgodset,Tromso,0,1,A,U,2.31,3.56,2.9,7,1.0,1.0,0.0,0.0,4.0,2.0,2.0,2.0,1.0,1.0,2.0,1.0,1.0,1.0,0.0,1.0,0.0,0.0,0.0,33.3,16.7,16.7,50.0,1509.6,1546.7
2024-07-21,2024,Haugesund,Viking,1,0,H,U,3.44,3.66,2.01,8,1.0,2.0,2.0,0.0,3.0,7.0,-4.0,4.0,3.0,1.0,-1.0,4.0,-5.0,0.0,1.0,-1.0,0.0,0.0,0.0,28.6,71.4,50.0,16.7,1471.9,1618.4
2024-07-21,2024,HamKam,Fredrikstad,0,1,A,U,2.61,3.21,2.73,7,1.0,0.0,1.0,2.0,2.0,2.0,0.0,2.0,7.0,-5.0,0.0,-5.0,5.0,0.0,0.0,0.0,0.0,2.0,-2.0,16.7,50.0,50.0,25.0,1497.4,1537.6
2024-07-20,2024,Sarpsborg 08,Brann,1,1,D,U,3.61,4.31,1.8,8,1.0,1.0,2.0,1.0,6.0,5.0,1.0,6.0,8.0,-2.0,0.0,-3.0,3.0,1.0,0.0,1.0,1.0,1.0,0.0,28.6,71.4,42.9,14.3,1493.0,1609.3
2024-07-20,2024,Molde,KFUM Oslo,2,3,A,O,1.53,4.35,5.55,9,1.0,1.0,1.0,1.0,7.0,5.0,2.0,6.0,5.0,1.0,1.0,0.0,1.0,1.0,0.0,1.0,1.0,0.0,1.0,50.0,25.0,57.1,14.3,1667.5,1510.4
2024-07-19,2024,Bodo/Glimt,Odd,3,1,H,O,1.17,7.8,13.22,8,1.0,0.0,0.0,1.0,8.0,2.0,6.0,4.0,3.0,1.0,4.0,-1.0,5.0,1.0,0.0,1.0,0.0,0.0,0.0,57.1,0.0,28.6,42.9,1719.9,1482.2
2024-07-13,2024,Viking,Kristiansund,2,0,H,U,1.38,5.45,6.47,8,2.0,0.0,1.0,2.0,8.0,3.0,5.0,6.0,5.0,1.0,2.0,-2.0,4.0,2.0,0.0,2.0,1.0,0.0,1.0,57.1,14.3,14.3,57.1,1611.9,1487.2
2024-07-13,2024,Tromso,KFUM Oslo,1,2,A,O,2.0,3.46,3.65,9,1.0,1.0,2.0,1.0,4.0,6.0,-2.0,4.0,5.0,-1.0,0.0,1.0,-1.0,1.0,1.0,0.0,1.0,0.0,1.0,37.5,62.5,50.0,16.7,1558.4,1498.7
2024-07-13,2024,Sandefjord,Bodo/Glimt,2,1,H,O,4.93,4.61,1.56,7,0.0,2.0,3.0,1.0,2.0,3.0,-1.0,7.0,2.0,5.0,-5.0,1.0,-6.0,0.0,0.0,0.0,1.0,0.0,1.0,33.3,66.7,85.7,14.3,1421.8,1737.1
2024-07-13,2024,Odd,HamKam,1,2,A,O,2.59,3.54,2.54,8,1.0,2.0,1.0,1.0,3.0,9.0,-6.0,6.0,5.0,1.0,-3.0,4.0,-7.0,0.0,1.0,-1.0,1.0,1.0,0.0,14.3,42.9,25.0,37.5,1492.4,1487.2
2024-07-13,2024,Lillestrom,Stromsgodset,3,1,H,O,2.01,3.81,3.31,7,1.0,1.0,2.0,1.0,2.0,4.0,-2.0,6.0,5.0,1.0,-4.0,-1.0,-3.0,0.0,1.0,-1.0,2.0,1.0,1.0,16.7,66.7,42.9,42.9,1515.5,1519.7
2024-07-13,2024,Fredrikstad,Molde,0,0,D,U,3.0,3.32,2.32,6,2.0,3.0,0.0,0.0,5.0,9.0,-4.0,1.0,1.0,0.0,4.0,8.0,-4.0,1.0,3.0,-2.0,0.0,0.0,0.0,40.0,20.0,66.7,16.7,1533.9,1671.2
2024-07-13,2024,Brann,Haugesund,1,1,D,U,1.3,5.73,8.63,9,1.0,0.0,1.0,2.0,3.0,3.0,0.0,4.0,6.0,-2.0,-1.0,-3.0,2.0,0.0,0.0,0.0,1.0,1.0,0.0,62.5,25.0,40.0,40.0,1613.3,1468.0
2024-07-12,2024,Sarpsborg 08,Rosenborg,4,1,H,O,2.28,3.93,2.71,7,0.0,0.0,3.0,2.0,3.0,6.0,-3.0,12.0,9.0,3.0,-9.0,-3.0,-6.0,0.0,0.0,0.0,2.0,1.0,1.0,16.7,83.3,16.7,66.7,1481.3,1541.9
2024-07-08,2024,Stromsgodset,Sandefjord,1,1,D,U,1.8,3.97,3.85,6,1.0,0.0,1.0,1.0,3.0,5.0,-2.0,2.0,6.0,-4.0,1.0,-1.0,2.0,1.0,0.0,1.0,0.0,0.0,0.0,40.0,20.0,0.0,57.1,1522.6,1418.9
2024-07-08,2024,Kristiansund,Fredrikstad,3,1,H,O,4.52,3.71,1.74,7,1.0,1.0,1.0,1.0,7.0,4.0,3.0,7.0,4.0,3.0,0.0,0.0,0.0,1.0,1.0,0.0,1.0,1.0,0.0,33.3,16.7,57.1,14.3,1475.2,1545.9
2024-07-07,2024,Rosenborg,Odd,2,1,H,O,1.6,4.34,4.74,7,1.0,0.0,1.0,1.0,4.0,1.0,3.0,5.0,5.0,0.0,-1.0,-4.0,3.0,0.0,0.0,0.0,1.0,1.0,0.0,50.0,33.3,33.3,33.3,1532.8,1501.5
2024-07-07,2024,Molde,Lillestrom,3,0,H,O,1.43,4.81,6.16,8,0.0,2.0,1.0,1.0,6.0,7.0,-1.0,8.0,4.0,4.0,-2.0,3.0,-5.0,0.0,1.0,-1.0,1.0,0.0,1.0,42.9,28.6,66.7,33.3,1665.1,1521.6
2024-07-07,2024,KFUM Oslo,Viking,1,2,A,O,2.63,3.5,2.5,7,0.0,2.0,1.0,0.0,4.0,6.0,-2.0,7.0,2.0,5.0,-3.0,4.0,-7.0,0.0,1.0,-1.0,1.0,0.0,1.0,0.0,33.3,40.0,20.0,1506.0,1604.6
2024-07-07,2024,Haugesund,Sarpsborg 08,1,2,A,O,2.5,3.4,2.69,7,2.0,1.0,1.0,2.0,3.0,6.0,-3.0,2.0,9.0,-7.0,1.0,-3.0,4.0,0.0,1.0,-1.0,0.0,2.0,-2.0,33.3,66.7,33.3,50.0,1478.2,1471.0
2024-07-07,2024,HamKam,Tromso,0,0,D,U,2.28,3.32,3.04,6,1.0,1.0,1.0,1.0,4.0,2.0,2.0,4.0,5.0,-1.0,0.0,-3.0,3.0,0.0,0.0,0.0,0.0,1.0,-1.0,20.0,60.0,20.0,60.0,1485.1,1560.6
2024-07-07,2024,Bodo/Glimt,Brann,5,1,H,O,1.82,3.84,3.89,7,1.0,2.0,0.0,0.0,7.0,6.0,1.0,3.0,3.0,0.0,4.0,3.0,1.0,1.0,1.0,0.0,0.0,0.0,0.0,50.0,0.0,50.0,0.0,1730.2,1620.2
2024-07-03,2024,Sandefjord,Tromso,1,2,A,O,2.22,3.4,3.13,6,1.0,0.0,2.0,2.0,5.0,1.0,4.0,6.0,6.0,0.0,-1.0,-5.0,4.0,1.0,0.0,1.0,1.0,1.0,0.0,40.0,60.0,0.0,75.0,1425.4,1554.1
2024-06-30,2024,Viking,Rosenborg,4,2,H,O,1.63,4.32,4.51,7,2.0,0.0,1.0,2.0,6.0,4.0,2.0,5.0,8.0,-3.0,1.0,-4.0,5.0,1.0,0.0,1.0,1.0,1.0,0.0,50.0,16.7,20.0,60.0,1596.2,1541.2
2024-06-28,2024,Tromso,Molde,0,2,A,U,3.08,3.42,2.23,8,2.0,2.0,1.0,1.0,7.0,8.0,-1.0,4.0,4.0,0.0,3.0,4.0,-1.0,1.0,2.0,-1.0,0.0,1.0,-1.0,42.9,57.1,60.0,20.0,1561.4,1657.8
2024-06-28,2024,Sarpsborg 08,Bodo/Glimt,1,2,A,O,4.81,4.46,1.58,6,1.0,2.0,2.0,1.0,3.0,5.0,-2.0,10.0,3.0,7.0,-7.0,2.0,-9.0,0.0,1.0,-1.0,2.0,0.0,2.0,20.0,80.0,83.3,16.7,1474.9,1726.4
2024-06-28,2024,Odd,Kristiansund,1,1,D,U,2.07,3.73,3.18,7,1.0,0.0,2.0,3.0,2.0,2.0,0.0,7.0,5.0,2.0,-5.0,-3.0,-2.0,0.0,0.0,0.0,2.0,0.0,2.0,16.7,50.0,16.7,66.7,1502.3,1474.4
2024-06-28,2024,Brann,Stromsgodset,0,0,D,U,1.33,5.55,7.71,8,2.0,1.0,1.0,2.0,5.0,4.0,1.0,5.0,6.0,-1.0,0.0,-2.0,2.0,0.0,1.0,-1.0,1.0,1.0,0.0,71.4,28.6,50.0,50.0,1623.1,1519.7
2024-06-27,2024,Sandefjord,HamKam,1,2,A,O,2.07,3.67,3.26,5,2.0,1.0,1.0,1.0,7.0,8.0,-1.0,5.0,5.0,0.0,2.0,3.0,-1.0,2.0,1.0,1.0,1.0,1.0,0.0,50.0,50.0,14.3,42.9,1434.2,1476.3
2024-06-27,2024,Lillestrom,KFUM Oslo,2,1,H,O,2.06,3.62,3.3,6,0.0,2.0,2.0,0.0,1.0,6.0,-5.0,6.0,3.0,3.0,-5.0,3.0,-8.0,0.0,1.0,-1.0,2.0,0.0,2.0,0.0,80.0,60.0,0.0,1511.4,1516.1
2024-06-02,2024,Tromso,Lillestrom,1,2,A,O,2.04,3.56,3.36,7,3.0,1.0,0.0,2.0,10.0,5.0,5.0,2.0,4.0,-2.0,8.0,1.0,7.0,2.0,1.0,1.0,0.0,0.0,0.0,50.0,50.0,60.0,40.0,1573.5,1499.3
2024-06-02,2024,Stromsgodset,Odd,1,1,D,U,1.54,4.46,5.07,5,1.0,0.0,1.0,2.0,4.0,0.0,4.0,3.0,6.0,-3.0,1.0,-6.0,7.0,1.0,0.0,1.0,0.0,2.0,-2.0,50.0,25.0,40.0,40.0,1520.2,1501.7
2024-06-02,2024,Rosenborg,Fredrikstad,1,1,D,U,2.27,3.27,3.13,6,1.0,2.0,2.0,1.0,4.0,7.0,-3.0,7.0,4.0,3.0,-3.0,3.0,-6.0,0.0,2.0,-2.0,2.0,1.0,1.0,60.0,40.0,66.7,16.7,1541.1,1546.0
2024-06-02,2024,Molde,Viking,2,2,D,O,1.73,4.11,4.06,7,1.0,2.0,1.0,0.0,6.0,7.0,-1.0,7.0,3.0,4.0,-1.0,4.0,-5.0,0.0,1.0,-1.0,1.0,0.0,1.0,50.0,33.3,50.0,25.0,1659.7,1594.3
2024-06-02,2024,Kristiansund,Sarpsborg 08,3,1,H,O,2.52,3.67,2.52,6,0.0,2.0,1.0,1.0,5.0,8.0,-3.0,7.0,6.0,1.0,-2.0,2.0,-4.0,0.0,2.0,-2.0,1.0,1.0,0.0,20.0,20.0,40.0,40.0,1463.8,1485.5
2024-06-02,2024,KFUM Oslo,Sandefjord,3,3,D,O,2.24,3.34,3.12,6,0.0,0.0,1.0,2.0,1.0,3.0,-2.0,4.0,5.0,-1.0,-3.0,-2.0,-1.0,0.0,0.0,0.0,1.0,0.0,1.0,0.0,40.0,0.0,66.7,1518.6,1431.7
2024-06-02,2024,Haugesund,Bodo/Glimt,0,1,A,U,4.71,4.09,1.64,6,2.0,2.0,1.0,1.0,3.0,7.0,-4.0,2.0,4.0,-2.0,1.0,3.0,-2.0,0.0,2.0,-2.0,0.0,0.0,0.0,40.0,60.0,80.0,20.0,1482.2,1722.3
2024-06-01,2024,HamKam,Brann,1,2,A,O,4.97,4.24,1.58,5,1.0,1.0,1.0,0.0,3.0,4.0,-1.0,3.0,2.0,1.0,0.0,2.0,-2.0,0.0,1.0,-1.0,0.0,0.0,0.0,25.0,50.0,40.0,0.0,1482.6,1616.8
2024-05-29,2024,Tromso,Fredrikstad,3,0,H,O,2.29,3.12,3.23,6,2.0,3.0,1.0,0.0,7.0,9.0,-2.0,5.0,1.0,4.0,2.0,8.0,-6.0,1.0,3.0,-2.0,1.0,0.0,1.0,40.0,60.0,80.0,0.0,1563.7,1555.8
2024-05-29,2024,Brann,Kristiansund,2,1,H,O,1.16,7.87,13.12,7,2.0,0.0,1.0,2.0,6.0,3.0,3.0,4.0,5.0,-1.0,2.0,-2.0,4.0,1.0,0.0,1.0,1.0,0.0,1.0,66.7,33.3,20.0,60.0,1610.6,1469.9
2024-05-29,2024,Bodo/Glimt,Sandefjord,1,1,D,U,1.25,6.23,9.41,6,2.0,0.0,0.0,3.0,7.0,2.0,5.0,2.0,5.0,-3.0,5.0,-3.0,8.0,1.0,0.0,1.0,0.0,0.0,0.0,60.0,0.0,0.0,80.0,1729.4,1424.7
2024-05-26,2024,Viking,HamKam,3,0,H,O,1.55,4.58,4.91,6,1.0,1.0,1.0,0.0,4.0,9.0,-5.0,6.0,3.0,3.0,-2.0,6.0,-8.0,0.0,1.0,-1.0,1.0,0.0,1.0,40.0,20.0,16.7,33.3,1587.1,1489.9
2024-05-26,2024,Sarpsborg 08,Stromsgodset,1,3,A,O,2.17,3.75,2.93,5,1.0,1.0,2.0,2.0,2.0,2.0,0.0,9.0,5.0,4.0,-7.0,-3.0,-4.0,0.0,0.0,0.0,2.0,1.0,1.0,25.0,75.0,40.0,60.0,1495.0,1510.7
2024-05-26,2024,Rosenborg,Kristiansund,2,1,H,O,1.58,4.35,4.9,5,1.0,0.0,2.0,2.0,3.0,2.0,1.0,6.0,5.0,1.0,-3.0,-3.0,0.0,0.0,0.0,0.0,2.0,1.0,1.0,50.0,50.0,25.0,50.0,1532.7,1478.4
2024-05-26,2024,Odd,Lillestrom,2,1,H,O,2.69,3.57,2.41,6,0.0,2.0,2.0,1.0,3.0,5.0,-2.0,9.0,2.0,7.0,-6.0,3.0,-9.0,0.0,1.0,-1.0,2.0,0.0,2.0,0.0,60.0,75.0,25.0,1491.2,1509.9
2024-05-26,2024,Haugesund,Sandefjord,2,1,H,O,2.15,3.5,3.17,5,1.0,0.0,2.0,2.0,2.0,3.0,-1.0,4.0,5.0,-1.0,-2.0,-2.0,0.0,0.0,0.0,0.0,1.0,0.0,1.0,25.0,75.0,0.0,75.0,1473.3,1433.6
2024-05-26,2024,Brann,Molde,1,3,A,O,1.74,4.03,4.08,6,3.0,1.0,0.0,1.0,7.0,6.0,1.0,1.0,4.0,-3.0,6.0,2.0,4.0,2.0,1.0,1.0,0.0,1.0,-1.0,80.0,20.0,50.0,25.0,1619.7,1650.6
2024-05-25,2024,Fredrikstad,Tromso,0,0,D,U,1.9,3.44,4.0,5,2.0,0.0,0.0,3.0,7.0,1.0,6.0,3.0,7.0,-4.0,4.0,-6.0,10.0,1.0,0.0,1.0,0.0,1.0,-1.0,50.0,25.0,0.0,100.0,1555.6,1564.0
2024-05-24,2024,Bodo/Glimt,KFUM Oslo,2,2,D,O,1.28,5.84,8.96,5,2.0,3.0,0.0,0.0,6.0,6.0,0.0,1.0,1.0,0.0,5.0,5.0,0.0,1.0,2.0,-1.0,0.0,0.0,0.0,75.0,0.0,75.0,0.0,1735.0,1512.9
2024-05-20,2024,Tromso,Rosenborg,3,2,H,O,1.98,3.59,3.56,5,1.0,1.0,2.0,1.0,4.0,5.0,-1.0,4.0,6.0,-2.0,0.0,-1.0,1.0,1.0,1.0,0.0,1.0,1.0,0.0,25.0,75.0,25.0,50.0,1554.3,1542.3
2024-05-20,2024,Stromsgodset,Haugesund,2,0,H,U,1.93,3.6,3.7,4,1.0,1.0,1.0,1.0,3.0,4.0,-1.0,3.0,4.0,-1.0,0.0,0.0,0.0,0.0,0.0,0.0,0.0,0.0,0.0,33.3,33.3,50.0,25.0,1501.2,1482.8
2024-05-20,2024,Sandefjord,Viking,0,3,A,O,2.74,3.73,2.31,4,2.0,1.0,1.0,1.0,7.0,4.0,3.0,3.0,4.0,-1.0,4.0,0.0,4.0,2.0,0.0,2.0,0.0,0.0,0.0,66.7,33.3,33.3,33.3,1439.7,1580.9
2024-05-20,2024,Molde,Sarpsborg 08,2,4,A,O,1.38,5.23,6.63,6,1.0,1.0,1.0,1.0,5.0,6.0,-1.0,5.0,6.0,-1.0,0.0,0.0,0.0,0.0,1.0,-1.0,0.0,1.0,-1.0,60.0,20.0,25.0,50.0,1665.5,1480.1
2024-05-20,2024,Lillestrom,Fredrikstad,0,3,A,O,2.0,3.45,3.64,5,0.0,2.0,2.0,0.0,1.0,7.0,-6.0,8.0,2.0,6.0,-7.0,5.0,-12.0,0.0,2.0,-2.0,2.0,0.0,2.0,0.0,75.0,75.0,0.0,1519.1,1546.3
2024-05-20,2024,Kristiansund,Brann,2,2,D,O,6.83,4.72,1.41,5,1.0,1.0,1.0,0.0,4.0,3.0,1.0,5.0,1.0,4.0,-1.0,2.0,-3.0,0.0,1.0,-1.0,1.0,0.0,1.0,25.0,25.0,50.0,0.0,1474.3,1623.8
2024-05-20,2024,KFUM Oslo,Odd,0,0,D,U,1.71,3.8,4.61,5,0.0,1.0,2.0,2.0,2.0,2.0,0.0,7.0,7.0,0.0,-5.0,-5.0,0.0,0.0,0.0,0.0,2.0,2.0,0.0,0.0,50.0,50.0,50.0,1513.6,1490.5
2024-05-20,2024,HamKam,Bodo/Glimt,1,0,H,U,4.89,4.26,1.59,4,0.0,3.0,2.0,0.0,2.0,12.0,-10.0,4.0,3.0,1.0,-2.0,9.0,-11.0,0.0,3.0,-3.0,0.0,0.0,0.0,0.0,66.7,100.0,0.0,1473.2,1751.7
2024-05-16,2024,Viking,Lillestrom,1,4,A,O,1.82,4.06,3.69,5,1.0,2.0,0.0,1.0,4.0,3.0,1.0,3.0,1.0,2.0,1.0,2.0,-1.0,0.0,1.0,-1.0,0.0,0.0,0.0,50.0,0.0,66.7,33.3,1593.4,1506.6
2024-05-16,2024,Sarpsborg 08,HamKam,1,7,A,O,1.83,3.86,3.83,4,1.0,0.0,2.0,1.0,1.0,2.0,-1.0,3.0,3.0,0.0,-2.0,-1.0,-1.0,0.0,0.0,0.0,1.0,0.0,1.0,33.3,66.7,0.0,40.0,1491.0,1462.4
2024-05-16,2024,Rosenborg,KFUM Oslo,1,3,A,O,1.66,3.85,4.89,4,2.0,2.0,1.0,0.0,4.0,4.0,0.0,3.0,1.0,2.0,1.0,3.0,-2.0,1.0,1.0,0.0,1.0,0.0,1.0,66.7,33.3,66.7,0.0,1553.8,1502.1
2024-05-16,2024,Odd,Molde,0,4,A,O,4.33,4.14,1.69,5,0.0,1.0,1.0,1.0,5.0,3.0,2.0,7.0,4.0,3.0,-2.0,-1.0,-1.0,0.0,0.0,0.0,1.0,1.0,0.0,0.0,50.0,33.3,33.3,1496.2,1659.8
2024-05-16,2024,Haugesund,Kristiansund,1,0,H,U,1.86,3.64,3.96,4,0.0,1.0,3.0,1.0,1.0,5.0,-4.0,6.0,6.0,0.0,-5.0,-1.0,-4.0,0.0,0.0,0.0,2.0,1.0,1.0,0.0,100.0,33.3,33.3,1472.5,1484.7
2024-05-16,2024,Fredrikstad,Stromsgodset,4,1,H,O,2.21,3.24,3.28,4,1.0,2.0,1.0,1.0,3.0,4.0,-1.0,4.0,2.0,2.0,-1.0,2.0,-3.0,0.0,1.0,-1.0,1.0,0.0,1.0,33.3,33.3,50.0,50.0,1537.1,1510.4
2024-05-16,2024,Brann,Sandefjord,2,1,H,O,1.27,5.86,9.47,5,3.0,0.0,0.0,2.0,6.0,2.0,4.0,0.0,5.0,-5.0,6.0,-3.0,9.0,2.0,0.0,2.0,0.0,1.0,-1.0,75.0,25.0,0.0,66.7,1618.4,1445.1
2024-05-16,2024,Bodo/Glimt,Tromso,4,0,H,O,1.33,5.25,8.28,4,2.0,,0.0,,3.0,,,1.0,,,2.0,,,0.0,,,0.0,,,66.7,0.0,0.0,100.0,1746.6,1559.4
2024-05-12,2024,Tromso,Odd,4,0,H,O,1.76,3.82,4.29,4,0.0,2.0,3.0,1.0,2.0,3.0,-1.0,8.0,3.0,5.0,-6.0,0.0,-6.0,0.0,0.0,0.0,2.0,1.0,1.0,0.0,100.0,66.7,33.3,1550.7,1504.8
2024-05-12,2024,Stromsgodset,Viking,0,1,A,U,2.33,3.66,2.77,3,,,,,,,,,,,,,,,,,,,,50.0,0.0,0.0,50.0,1518.6,1585.3
2024-05-12,2024,Sandefjord,Sarpsborg 08,4,1,H,O,2.2,3.54,3.06,3,,1.0,,1.0,,5.0,,,3.0,,,2.0,,,1.0,,,0.0,,50.0,50.0,33.3,33.3,1433.1,1503.0
2024-05-12,2024,Lillestrom,Brann,0,2,A,U,3.29,3.66,2.05,4,0.0,1.0,2.0,0.0,3.0,5.0,-2.0,9.0,3.0,6.0,-6.0,2.0,-8.0,0.0,1.0,-1.0,1.0,0.0,1.0,0.0,66.7,33.3,0.0,1513.9,1611.1
2024-05-12,2024,Kristiansund,Bodo/Glimt,2,4,A,O,6.03,4.93,1.44,4,1.0,3.0,0.0,0.0,3.0,10.0,-7.0,2.0,1.0,1.0,1.0,9.0,-8.0,0.0,3.0,-3.0,0.0,0.0,0.0,33.3,0.0,100.0,0.0,1488.4,1742.8
2024-05-12,2024,KFUM Oslo,Fredrikstad,1,4,A,O,2.85,3.04,2.59,4,0.0,2.0,1.0,0.0,2.0,5.0,-3.0,4.0,1.0,3.0,-2.0,4.0,-6.0,0.0,2.0,-2.0,1.0,0.0,1.0,0.0,33.3,66.7,0.0,1511.6,1527.6
2024-05-12,2024,HamKam,Haugesund,2,2,D,O,1.97,3.5,3.68,3,,2.0,,1.0,,4.0,,,3.0,,,1.0,,,0.0,,,0.0,,0.0,100.0,66.7,33.3,1462.1,1472.8
2024-05-11,2024,Molde,Rosenborg,2,2,D,O,1.5,4.56,5.65,5,2.0,1.0,1.0,2.0,5.0,3.0,2.0,3.0,5.0,-2.0,2.0,-2.0,4.0,1.0,1.0,0.0,0.0,1.0,-1.0,75.0,25.0,33.3,66.7,1663.0,1550.7
2024-05-05,2024,Viking,Tromso,2,1,H,O,1.46,4.52,6.2,4,1.0,,0.0,,3.0,,,2.0,,,1.0,,,0.0,,,0.0,,,33.3,0.0,0.0,100.0,1575.7,1560.3
2024-05-05,2024,Sarpsborg 08,Lillestrom,1,0,H,U,2.15,3.61,3.06,3,,,,,,,,,,,,,,,,,,,,0.0,100.0,100.0,0.0,1492.0,1524.9
2024-05-05,2024,Sandefjord,Molde,3,1,H,O,4.62,3.89,1.68,2,,,,,,,,,,,,,,,,,,,,0.0,100.0,50.0,0.0,1416.7,1679.4
2024-05-05,2024,Odd,Fredrikstad,0,2,A,U,3.18,3.42,2.17,4,0.0,,1.0,,6.0,,,7.0,,,-1.0,,,0.0,,,0.0,,,0.0,33.3,50.0,0.0,1514.8,1517.7
2024-05-05,2024,Kristiansund,HamKam,1,1,D,U,2.47,3.35,2.76,3,,0.0,,2.0,,1.0,,,3.0,,,-2.0,,,0.0,,,0.0,,50.0,0.0,0.0,50.0,1489.2,1461.3
2024-05-05,2024,Haugesund,KFUM Oslo,0,1,A,U,2.46,3.29,2.82,3,,,,,,,,,,,,,,,,,,,,0.0,100.0,50.0,0.0,1482.2,1502.2
2024-05-05,2024,Bodo/Glimt,Stromsgodset,1,0,H,U,1.25,5.87,10.21,3,,2.0,,1.0,,4.0,,,5.0,,,-1.0,,,1.0,,,1.0,,50.0,0.0,66.7,33.3,1738.4,1523.0
2024-05-04,2024,Brann,Rosenborg,3,0,H,O,1.48,4.44,6.1,4,2.0,,1.0,,3.0,,,2.0,,,1.0,,,1.0,,,1.0,,,66.7,33.3,50.0,50.0,1602.3,1559.4
2024-04-28,2024,Tromso,Sarpsborg 08,0,3,A,O,2.23,3.46,3.03,3,,,,,,,,,,,,,,,,,,,,0.0,100.0,0.0,50.0,1572.9,1479.4
2024-04-28,2024,Stromsgodset,Kristiansund,2,2,D,O,1.6,3.97,5.25,2,,,,,,,,,,,,,,,,,,,,100.0,0.0,50.0,50.0,1524.1,1488.2
2024-04-28,2024,Odd,Viking,3,3,D,O,3.2,3.88,2.02,3,,,,,,,,,,,,,,,,,,,,0.0,50.0,0.0,100.0,1512.9,1577.5
2024-04-28,2024,Molde,Haugesund,2,1,H,O,1.31,5.2,8.92,4,2.0,,1.0,,7.0,,,2.0,,,5.0,,,2.0,,,0.0,,,66.7,33.3,100.0,0.0,1674.3,1487.3
2024-04-28,2024,Lillestrom,HamKam,1,1,D,U,1.53,4.16,5.68,3,,0.0,,2.0,,1.0,,,3.0,,,-2.0,,,0.0,,,0.0,,0.0,100.0,0.0,66.7,1526.8,1459.4
2024-04-28,2024,KFUM Oslo,Brann,0,0,D,U,4.59,4.03,1.67,3,,,,,,,,,,,,,,,,,,,,0.0,50.0,50.0,0.0,1499.3,1605.3
2024-04-28,2024,Fredrikstad,Sandefjord,1,0,H,U,1.92,3.37,4.0,3,,,,,,,,,,,,,,,,,,,,0.0,50.0,0.0,50.0,1510.1,1424.3
2024-04-27,2024,Rosenborg,Bodo/Glimt,1,3,A,O,4.68,4.02,1.65,3,,,,,,,,,,,,,,,,,,,,100.0,0.0,100.0,0.0,1564.9,1732.8
2024-04-21,2024,Viking,Fredrikstad,1,1,D,U,1.79,3.76,4.14,3,,,,,,,,,,,,,,,,,,,,50.0,0.0,100.0,0.0,1579.6,1508.0
2024-04-21,2024,Sarpsborg 08,KFUM Oslo,0,2,A,U,1.92,3.67,3.68,2,,,,,,,,,,,,,,,,,,,,0.0,100.0,0.0,0.0,1489.4,1489.2
2024-04-21,2024,Sandefjord,Lillestrom,0,1,A,U,3.18,3.69,2.1,1,,,,,,,,,,,,,,,,,,,,,,100.0,0.0,1431.8,1519.2
2024-04-21,2024,Kristiansund,Tromso,1,0,H,U,2.82,3.3,2.46,2,,,,,,,,,,,,,,,,,,,,0.0,0.0,,,1475.1,1586.0
2024-04-21,2024,Haugesund,Rosenborg,1,3,A,O,3.17,3.37,2.21,2,,,,,,,,,,,,,,,,,,,,0.0,100.0,0.0,100.0,1495.5,1556.7
2024-04-21,2024,HamKam,Stromsgodset,0,1,A,U,2.48,3.26,2.83,2,,,,,,,,,,,,,,,,,,,,0.0,100.0,50.0,50.0,1468.0,1515.4
2024-04-21,2024,Brann,Odd,2,0,H,U,1.27,5.85,9.31,3,,,,,,,,,,,,,,,,,,,,50.0,50.0,100.0,0.0,1597.5,1520.8
2024-04-21,2024,Bodo/Glimt,Molde,1,1,D,U,1.67,4.02,4.64,2,,,,,,,,,,,,,,,,,,,,100.0,0.0,100.0,0.0,1734.6,1672.5
2024-04-17,2024,Molde,Odd,1,2,A,O,1.27,5.69,9.8,3,,,,,,,,,,,,,,,,,,,,100.0,0.0,100.0,0.0,1687.3,1506.0
2024-04-17,2024,Brann,HamKam,1,0,H,U,1.31,5.43,8.6,2,,,,,,,,,,,,,,,,,,,,0.0,100.0,0.0,50.0,1590.7,1474.8
2024-04-16,2024,KFUM Oslo,Stromsgodset,1,3,A,O,2.56,3.26,2.72,2,,,,,,,,,,,,,,,,,,,,0.0,0.0,0.0,100.0,1499.1,1505.6
2024-04-14,2024,Viking,Brann,1,1,D,U,2.68,3.61,2.42,2,,,,,,,,,,,,,,,,,,,,100.0,0.0,100.0,0.0,1579.2,1591.0
2024-04-14,2024,Tromso,Haugesund,0,1,A,U,1.59,4.03,5.26,2,,,,,,,,,,,,,,,,,,,,0.0,100.0,100.0,0.0,1599.2,1482.3
2024-04-14,2024,Rosenborg,HamKam,1,0,H,U,1.64,3.86,5.06,2,,,,,,,,,,,,,,,,,,,,100.0,0.0,0.0,0.0,1548.6,1482.9
2024-04-14,2024,Odd,Sandefjord,2,2,D,O,1.74,3.74,4.42,2,,,,,,,,,,,,,,,,,,,,0.0,100.0,0.0,100.0,1508.2,1429.6
2024-04-14,2024,Molde,Kristiansund,2,0,H,U,1.22,6.4,11.75,2,,,,,,,,,,,,,,,,,,,,100.0,0.0,100.0,0.0,1682.5,1479.9
2024-04-14,2024,Lillestrom,Bodo/Glimt,0,5,A,O,3.1,3.57,2.16,2,,,,,,,,,,,,,,,,,,,,0.0,100.0,100.0,0.0,1523.9,1729.9
2024-04-13,2024,Fredrikstad,Sarpsborg 08,2,2,D,O,2.37,3.34,2.91,2,,,,,,,,,,,,,,,,,,,,0.0,100.0,0.0,100.0,1508.6,1488.8
2024-04-07,2024,Stromsgodset,Rosenborg,1,0,H,U,2.12,3.42,3.31,1,,,,,,,,,,,,,,,,,,,,,,,,1493.7,1560.5
2024-04-07,2024,Sarpsborg 08,Odd,0,1,A,U,1.73,4.0,4.21,1,,,,,,,,,,,,,,,,,,,,,,,,1498.8,1498.2
2024-04-07,2024,Kristiansund,KFUM Oslo,1,1,D,U,2.15,3.51,3.17,1,,,,,,,,,,,,,,,,,,,,,,,,1479.3,1499.6
2024-04-07,2024,Haugesund,Lillestrom,0,2,A,U,2.99,3.37,2.3,1,,,,,,,,,,,,,,,,,,,,,,,,1491.6,1514.6
2024-04-07,2024,HamKam,Molde,0,1,A,U,4.88,4.05,1.63,1,,,,,,,,,,,,,,,,,,,,,,,,1488.0,1677.5
2024-04-07,2024,Brann,Fredrikstad,0,2,A,U,1.36,4.98,7.64,1,,,,,,,,,,,,,,,,,,,,,,,,1604.1,1495.6
2024-04-06,2024,Bodo/Glimt,Viking,1,0,H,U,1.4,5.13,6.66,1,,,,,,,,,,,,,,,,,,,,,,,,1723.7,1585.4
2024-04-02,2024,KFUM Oslo,HamKam,1,1,D,U,2.37,3.38,2.93,1,,,,,,,,,,,,,,,,,,,,,,,,1500.0,1487.6
2024-04-01,2024,Viking,Sarpsborg 08,1,0,H,U,1.94,3.92,3.42,1,,,,,,,,,,,,,,,,,,,,,,,,1577.4,1506.8
2024-04-01,2024,Tromso,Brann,2,4,A,O,3.42,3.44,2.08,1,,,,,,,,,,,,,,,,,,,,,,,,1609.7,1593.6
2024-04-01,2024,Rosenborg,Sandefjord,2,0,H,U,1.61,4.07,5.12,1,,,,,,,,,,,,,,,,,,,,,,,,1553.7,1436.4
2024-04-01,2024,Molde,Stromsgodset,4,0,H,O,1.38,4.82,7.52,1,,,,,,,,,,,,,,,,,,,,,,,,1672.1,1499.1
2024-04-01,2024,Lillestrom,Kristiansund,2,3,A,O,1.51,4.18,6.14,1,,,,,,,,,,,,,,,,,,,,,,,,1526.3,1467.6
2024-04-01,2024,Fredrikstad,Bodo/Glimt,0,2,A,U,5.53,4.18,1.56,1,,,,,,,,,,,,,,,,,,,,,,,,1500.0,1719.3
2024-03-31,2024,Odd,Haugesund,1,2,A,O,2.03,3.42,3.6,1,,,,,,,,,,,,,,,,,,,,,,,,1509.0,1480.8
2023-12-10,2023,Valerenga,Kristiansund,0,2,A,U,1.5,4.33,5.83,16,0.0,,1.0,,2.0,,,4.0,,,-2.0,,,0.0,,,1.0,,,13.3,60.0,,,1495.5,1456.5
2023-12-06,2023,Kristiansund,Valerenga,0,2,A,U,3.73,3.48,1.95,1,,1.0,,2.0,,4.0,,,5.0,,,-1.0,,,1.0,,,1.0,,,,33.3,40.0,1465.9,1486.1
2023-12-03,2023,Viking,Rosenborg,1,5,A,O,1.35,5.66,6.87,15,2.0,1.0,1.0,2.0,9.0,7.0,2.0,8.0,9.0,-1.0,1.0,-2.0,3.0,0.0,1.0,-1.0,0.0,1.0,-1.0,71.4,14.3,21.4,57.1,1588.8,1542.4
2023-12-03,2023,Valerenga,Tromso,1,1,D,U,2.07,3.45,3.42,15,0.0,3.0,2.0,0.0,2.0,10.0,-8.0,5.0,5.0,0.0,-3.0,5.0,-8.0,0.0,1.0,-1.0,1.0,0.0,1.0,14.3,64.3,71.4,21.4,1482.5,1613.3
2023-12-03,2023,Stromsgodset,Brann,3,0,H,O,4.17,3.88,1.76,15,2.0,2.0,1.0,0.0,4.0,5.0,-1.0,2.0,2.0,0.0,2.0,3.0,-1.0,1.0,1.0,0.0,0.0,0.0,0.0,50.0,42.9,50.0,35.7,1485.8,1606.9
2023-12-03,2023,Sandefjord,Lillestrom,1,0,H,U,1.78,4.08,3.84,15,1.0,0.0,1.0,3.0,4.0,1.0,3.0,4.0,8.0,-4.0,0.0,-7.0,7.0,0.0,0.0,0.0,0.0,2.0,-2.0,35.7,28.6,28.6,50.0,1423.1,1539.5
2023-12-03,2023,Odd,Aalesund,4,1,H,O,1.48,4.65,5.76,15,1.0,1.0,1.0,2.0,4.0,3.0,1.0,3.0,8.0,-5.0,1.0,-5.0,6.0,1.0,0.0,1.0,0.0,1.0,-1.0,42.9,28.6,7.1,92.9,1502.3,1383.5
2023-12-03,2023,Molde,HamKam,1,1,D,U,1.21,7.01,10.86,15,1.0,2.0,2.0,1.0,6.0,2.0,4.0,7.0,2.0,5.0,-1.0,0.0,-1.0,1.0,0.0,1.0,2.0,1.0,1.0,64.3,21.4,40.0,60.0,1677.2,1482.5
2023-12-03,2023,Haugesund,Stabaek,3,0,H,O,1.77,3.65,4.42,15,2.0,0.0,1.0,0.0,7.0,3.0,4.0,3.0,3.0,0.0,4.0,0.0,4.0,1.0,0.0,1.0,1.0,0.0,1.0,42.9,42.9,7.1,57.1,1471.6,1443.7
2023-12-03,2023,Bodo/Glimt,Sarpsborg 08,2,0,H,U,1.42,5.39,5.62,15,3.0,0.0,0.0,2.0,8.0,4.0,4.0,4.0,6.0,-2.0,4.0,-2.0,6.0,1.0,0.0,1.0,0.0,0.0,0.0,78.6,7.1,28.6,50.0,1714.6,1511.6
2023-11-26,2023,Tromso,Haugesund,2,1,H,O,1.6,3.9,5.5,15,1.0,1.0,2.0,1.0,3.0,4.0,-1.0,4.0,2.0,2.0,-1.0,2.0,-3.0,0.0,1.0,-1.0,0.0,0.0,0.0,57.1,28.6,14.3,57.1,1606.8,1478.1
2023-11-26,2023,Stabaek,Sandefjord,2,1,H,O,1.87,3.8,3.77,15,2.0,1.0,1.0,2.0,6.0,9.0,-3.0,6.0,8.0,-2.0,0.0,1.0,-1.0,1.0,1.0,0.0,1.0,0.0,1.0,35.7,42.9,14.3,71.4,1433.7,1433.1
2023-11-26,2023,Sarpsborg 08,Molde,1,3,A,O,2.25,3.89,2.76,15,2.0,0.0,0.0,2.0,10.0,4.0,6.0,6.0,7.0,-1.0,4.0,-3.0,7.0,1.0,0.0,1.0,0.0,1.0,-1.0,57.1,28.6,35.7,42.9,1517.4,1671.4
2023-11-26,2023,Rosenborg,Stromsgodset,1,3,A,O,1.88,3.84,3.69,15,1.0,1.0,0.0,2.0,5.0,1.0,4.0,3.0,3.0,0.0,2.0,-2.0,4.0,1.0,0.0,1.0,0.0,1.0,-1.0,50.0,28.6,28.6,57.1,1554.7,1473.5
2023-11-26,2023,Lillestrom,Odd,4,4,D,O,1.61,4.05,5.08,15,2.0,0.0,1.0,3.0,3.0,3.0,0.0,2.0,9.0,-7.0,1.0,-6.0,7.0,1.0,0.0,1.0,1.0,2.0,-1.0,64.3,35.7,21.4,57.1,1540.6,1501.1
2023-11-26,2023,HamKam,Valerenga,0,2,A,U,4.22,3.66,1.81,4,1.0,1.0,1.0,2.0,4.0,4.0,0.0,4.0,6.0,-2.0,0.0,-2.0,2.0,1.0,0.0,1.0,1.0,1.0,0.0,33.3,33.3,28.6,42.9,1493.1,1471.9
2023-11-26,2023,Brann,Bodo/Glimt,4,2,H,O,1.86,4.15,3.54,15,3.0,2.0,0.0,0.0,7.0,8.0,-1.0,4.0,2.0,2.0,3.0,6.0,-3.0,0.0,2.0,-2.0,0.0,0.0,0.0,78.6,7.1,71.4,14.3,1593.2,1728.3
2023-11-26,2023,Aalesund,Viking,0,4,A,O,3.84,4.18,1.78,15,1.0,0.0,1.0,2.0,4.0,1.0,3.0,6.0,5.0,1.0,-2.0,-4.0,2.0,0.0,0.0,0.0,1.0,1.0,0.0,28.6,50.0,50.0,35.7,1388.4,1583.9
2023-11-12,2023,Viking,Sarpsborg 08,2,1,H,O,1.79,4.45,3.56,14,1.0,0.0,1.0,2.0,8.0,3.0,5.0,8.0,5.0,3.0,0.0,-2.0,2.0,0.0,0.0,0.0,0.0,0.0,0.0,69.2,15.4,30.8,46.2,1575.3,1526.0
2023-11-12,2023,Valerenga,Stabaek,0,0,D,U,1.82,3.74,4.03,14,1.0,0.0,2.0,0.0,5.0,4.0,1.0,6.0,4.0,2.0,-1.0,0.0,-1.0,1.0,0.0,1.0,1.0,0.0,1.0,15.4,69.2,7.7,61.5,1473.0,1432.5
2023-11-12,2023,Stromsgodset,HamKam,0,1,A,U,1.94,3.64,3.64,14,2.0,1.0,0.0,2.0,5.0,3.0,2.0,2.0,7.0,-5.0,3.0,-4.0,7.0,1.0,0.0,1.0,0.0,2.0,-2.0,53.8,38.5,25.0,75.0,1483.5,1483.1
2023-11-12,2023,Sandefjord,Rosenborg,3,2,H,O,2.06,3.8,3.16,14,0.0,1.0,2.0,2.0,2.0,5.0,-3.0,4.0,9.0,-5.0,-2.0,-4.0,2.0,0.0,1.0,-1.0,0.0,2.0,-2.0,30.8,30.8,23.1,53.8,1419.1,1568.7
2023-11-12,2023,Odd,Tromso,1,2,A,O,3.96,3.67,1.85,14,1.0,3.0,0.0,0.0,4.0,9.0,-5.0,2.0,4.0,-2.0,2.0,5.0,-3.0,1.0,1.0,0.0,0.0,0.0,0.0,46.2,23.1,69.2,23.1,1508.6,1599.4
2023-11-12,2023,Molde,Lillestrom,4,0,H,O,1.61,4.3,4.78,14,1.0,0.0,2.0,3.0,6.0,2.0,4.0,7.0,7.0,0.0,-1.0,-5.0,4.0,1.0,0.0,1.0,2.0,2.0,0.0,61.5,23.1,30.8,46.2,1664.6,1547.4
2023-11-12,2023,Bodo/Glimt,Aalesund,1,0,H,U,1.09,10.96,19.13,14,3.0,1.0,0.0,2.0,9.0,4.0,5.0,4.0,10.0,-6.0,5.0,-6.0,11.0,2.0,0.0,2.0,0.0,2.0,-2.0,76.9,7.7,7.7,92.3,1725.7,1391.0
2023-11-11,2023,Haugesund,Brann,0,2,A,U,4.0,3.72,1.83,14,2.0,2.0,1.0,0.0,7.0,5.0,2.0,3.0,2.0,1.0,4.0,3.0,1.0,1.0,1.0,0.0,1.0,0.0,1.0,46.2,38.5,46.2,38.5,1485.3,1586.1
2023-11-06,2023,Aalesund,Sandefjord,0,3,A,O,2.05,3.88,3.19,14,1.0,0.0,0.0,3.0,5.0,8.0,-3.0,4.0,11.0,-7.0,1.0,-3.0,4.0,0.0,0.0,0.0,0.0,0.0,0.0,30.8,46.2,7.7,76.9,1400.7,1409.3
2023-11-05,2023,Tromso,Stromsgodset,0,1,A,U,1.43,4.53,7.13,14,2.0,0.0,1.0,3.0,6.0,0.0,6.0,4.0,5.0,-1.0,2.0,-5.0,7.0,1.0,0.0,1.0,0.0,2.0,-2.0,61.5,23.1,23.1,61.5,1613.3,1469.6
2023-11-05,2023,Stabaek,Bodo/Glimt,0,4,A,O,5.56,4.73,1.49,14,2.0,1.0,1.0,0.0,6.0,8.0,-2.0,3.0,6.0,-3.0,3.0,2.0,1.0,1.0,1.0,0.0,0.0,0.0,0.0,38.5,38.5,69.2,15.4,1435.7,1722.5
2023-11-05,2023,Sarpsborg 08,Valerenga,3,2,H,O,1.89,3.97,3.58,14,2.0,1.0,0.0,2.0,10.0,4.0,6.0,5.0,7.0,-2.0,5.0,-3.0,8.0,2.0,0.0,2.0,0.0,2.0,-2.0,53.8,30.8,30.8,38.5,1517.0,1482.0
2023-11-05,2023,Rosenborg,Molde,3,1,H,O,3.56,3.91,1.91,14,1.0,1.0,0.0,1.0,6.0,5.0,1.0,2.0,5.0,-3.0,4.0,0.0,4.0,1.0,0.0,1.0,0.0,0.0,0.0,46.2,30.8,38.5,38.5,1555.3,1678.0
2023-11-05,2023,Lillestrom,Haugesund,1,0,H,U,1.79,3.73,4.26,14,2.0,1.0,1.0,0.0,5.0,4.0,1.0,2.0,1.0,1.0,3.0,3.0,0.0,2.0,1.0,1.0,1.0,0.0,1.0,61.5,38.5,15.4,53.8,1538.6,1494.0
2023-11-05,2023,Brann,Odd,2,1,H,O,1.13,8.4,17.57,14,3.0,0.0,0.0,2.0,6.0,4.0,2.0,3.0,9.0,-6.0,3.0,-5.0,8.0,0.0,0.0,0.0,0.0,2.0,-2.0,76.9,7.7,23.1,53.8,1577.8,1516.8
2023-11-04,2023,HamKam,Viking,3,0,H,O,3.06,3.73,2.15,3,,0.0,,2.0,,1.0,,,6.0,,,-5.0,,,0.0,,,1.0,,0.0,50.0,53.8,30.8,1469.8,1588.6
2023-10-30,2023,Molde,Tromso,1,4,A,O,1.63,4.03,4.94,13,2.0,2.0,1.0,1.0,9.0,6.0,3.0,4.0,5.0,-1.0,5.0,1.0,4.0,2.0,0.0,2.0,1.0,0.0,1.0,66.7,16.7,66.7,25.0,1690.5,1600.8
2023-10-30,2023,Bodo/Glimt,Lillestrom,3,1,H,O,1.27,6.09,9.01,13,3.0,0.0,0.0,2.0,10.0,2.0,8.0,5.0,5.0,0.0,5.0,-3.0,8.0,2.0,0.0,2.0,0.0,1.0,-1.0,75.0,8.3,33.3,41.7,1717.1,1544.0
2023-10-29,2023,Valerenga,Rosenborg,1,3,A,O,1.7,3.91,4.56,13,1.0,0.0,1.0,3.0,6.0,3.0,3.0,5.0,11.0,-6.0,1.0,-8.0,9.0,1.0,0.0,1.0,0.0,3.0,-3.0,16.7,66.7,16.7,58.3,1490.4,1547.0
2023-10-29,2023,Stromsgodset,Viking,1,0,H,U,2.85,3.65,2.28,13,2.0,1.0,0.0,1.0,6.0,3.0,3.0,3.0,5.0,-2.0,3.0,-2.0,5.0,1.0,1.0,0.0,0.0,1.0,-1.0,50.0,41.7,58.3,25.0,1455.6,1602.6
2023-10-29,2023,Sarpsborg 08,Stabaek,2,2,D,O,1.52,4.58,5.31,13,3.0,0.0,0.0,1.0,12.0,3.0,9.0,3.0,4.0,-1.0,9.0,-1.0,10.0,3.0,0.0,3.0,0.0,0.0,0.0,58.3,33.3,8.3,66.7,1519.4,1433.3
2023-10-29,2023,Sandefjord,Brann,1,1,D,U,4.94,4.31,1.59,13,1.0,3.0,2.0,0.0,3.0,5.0,-2.0,3.0,1.0,2.0,0.0,4.0,-4.0,1.0,1.0,0.0,0.0,0.0,0.0,33.3,33.3,50.0,41.7,1404.6,1582.5
2023-10-29,2023,Odd,HamKam,2,0,H,U,2.2,3.41,3.18,13,1.0,1.0,0.0,2.0,5.0,4.0,1.0,4.0,7.0,-3.0,1.0,-3.0,4.0,0.0,0.0,0.0,0.0,1.0,-1.0,41.7,25.0,33.3,66.7,1507.7,1479.0
2023-10-28,2023,Haugesund,Aalesund,6,1,H,O,1.77,3.81,4.31,13,1.0,1.0,2.0,2.0,2.0,3.0,-1.0,4.0,8.0,-4.0,-2.0,-5.0,3.0,0.0,0.0,0.0,1.0,2.0,-1.0,41.7,41.7,8.3,91.7,1486.2,1408.5
2023-10-22,2023,Viking,Tromso,3,4,A,O,1.86,3.76,3.89,13,2.0,1.0,0.0,2.0,6.0,2.0,4.0,4.0,6.0,-2.0,2.0,-4.0,6.0,0.0,0.0,0.0,0.0,1.0,-1.0,75.0,8.3,63.6,27.3,1613.2,1590.1
2023-10-22,2023,Stromsgodset,Odd,3,1,H,O,1.95,3.49,3.83,12,1.0,0.0,1.0,2.0,4.0,5.0,-1.0,4.0,9.0,-5.0,0.0,-4.0,4.0,0.0,0.0,0.0,0.0,1.0,-1.0,45.5,45.5,25.0,50.0,1443.4,1519.8
2023-10-22,2023,Rosenborg,Stabaek,1,1,D,U,1.93,3.77,3.6,13,2.0,0.0,0.0,2.0,8.0,2.0,6.0,3.0,4.0,-1.0,5.0,-2.0,7.0,1.0,0.0,1.0,0.0,0.0,0.0,50.0,33.3,9.1,72.7,1550.3,1430.0
2023-10-22,2023,Lillestrom,Valerenga,2,0,H,U,2.26,3.45,3.04,13,1.0,1.0,2.0,1.0,4.0,5.0,-1.0,5.0,6.0,-1.0,-1.0,-1.0,0.0,1.0,0.0,1.0,2.0,1.0,1.0,58.3,41.7,33.3,33.3,1535.1,1499.4
2023-10-22,2023,HamKam,Haugesund,0,3,A,O,2.19,3.4,3.21,2,,0.0,,0.0,,2.0,,,2.0,,,0.0,,,0.0,,,0.0,,0.0,0.0,8.3,58.3,1489.4,1475.8
2023-10-22,2023,Aalesund,Sarpsborg 08,3,2,H,O,3.54,4.06,1.88,13,0.0,1.0,1.0,1.0,2.0,4.0,-2.0,4.0,2.0,2.0,-2.0,2.0,-4.0,0.0,1.0,-1.0,1.0,0.0,1.0,25.0,50.0,33.3,41.7,1394.7,1533.2
2023-10-21,2023,Brann,Molde,3,2,H,O,2.31,3.45,2.95,13,3.0,1.0,0.0,0.0,8.0,5.0,3.0,2.0,4.0,-2.0,6.0,1.0,5.0,1.0,0.0,1.0,0.0,0.0,0.0,75.0,8.3,41.7,33.3,1568.8,1704.3
2023-10-21,2023,Bodo/Glimt,Sandefjord,4,3,H,O,1.11,10.02,18.73,12,2.0,0.0,1.0,3.0,6.0,5.0,1.0,4.0,8.0,-4.0,2.0,-3.0,5.0,2.0,0.0,2.0,1.0,0.0,1.0,72.7,9.1,8.3,75.0,1714.2,1407.5
2023-10-08,2023,Valerenga,Brann,1,2,A,O,2.61,3.48,2.54,12,1.0,3.0,0.0,0.0,6.0,5.0,1.0,4.0,0.0,4.0,2.0,5.0,-3.0,1.0,2.0,-1.0,0.0,0.0,0.0,18.2,63.6,45.5,45.5,1507.9,1560.3
2023-10-08,2023,Tromso,Aalesund,1,2,A,O,1.3,5.49,9.3,13,3.0,0.0,0.0,3.0,6.0,2.0,4.0,2.0,12.0,-10.0,4.0,-10.0,14.0,1.0,0.0,1.0,0.0,3.0,-3.0,66.7,16.7,0.0,100.0,1605.9,1379.0
2023-10-08,2023,Stabaek,Lillestrom,1,0,H,U,2.25,3.42,3.06,13,1.0,1.0,2.0,1.0,5.0,4.0,1.0,4.0,5.0,-1.0,1.0,-1.0,2.0,1.0,0.0,1.0,0.0,1.0,-1.0,33.3,41.7,36.4,36.4,1416.3,1548.7
2023-10-08,2023,Sarpsborg 08,Rosenborg,5,2,H,O,1.59,4.46,4.77,12,2.0,0.0,1.0,3.0,8.0,1.0,7.0,3.0,9.0,-6.0,5.0,-8.0,13.0,2.0,0.0,2.0,0.0,3.0,-3.0,54.5,36.4,18.2,54.5,1522.1,1561.4
2023-10-08,2023,Sandefjord,HamKam,0,1,A,U,1.99,3.79,3.39,12,1.0,,1.0,,3.0,,,2.0,,,1.0,,,1.0,,,0.0,,,36.4,27.3,0.0,100.0,1415.6,1481.3
2023-10-08,2023,Molde,Bodo/Glimt,1,3,A,O,2.08,3.81,3.11,12,2.0,1.0,0.0,0.0,8.0,8.0,0.0,1.0,6.0,-5.0,7.0,2.0,5.0,2.0,1.0,1.0,0.0,0.0,0.0,72.7,9.1,66.7,16.7,1714.6,1703.9
2023-10-08,2023,Haugesund,Stromsgodset,1,0,H,U,2.32,3.37,2.98,12,0.0,1.0,3.0,2.0,2.0,2.0,0.0,7.0,5.0,2.0,-5.0,-3.0,-2.0,0.0,0.0,0.0,2.0,2.0,0.0,36.4,45.5,25.0,58.3,1466.2,1453.0
2023-10-07,2023,Odd,Viking,1,1,D,U,3.37,3.75,2.0,12,1.0,2.0,1.0,1.0,4.0,5.0,-1.0,6.0,5.0,1.0,-2.0,0.0,-2.0,0.0,2.0,-2.0,1.0,1.0,0.0,45.5,27.3,63.6,27.3,1517.1,1616.0
2023-10-04,2023,Stabaek,HamKam,5,2,H,O,2.0,3.61,3.51,12,0.0,,3.0,,0.0,,,3.0,,,-3.0,,,0.0,,,0.0,,,27.3,45.5,0.0,100.0,1403.8,1493.8
2023-10-01,2023,Sandefjord,Valerenga,1,2,A,O,2.85,3.49,2.36,11,1.0,0.0,0.0,1.0,4.0,3.0,1.0,2.0,5.0,-3.0,2.0,-2.0,4.0,1.0,0.0,1.0,0.0,1.0,-1.0,40.0,20.0,27.3,36.4,1423.5,1500.1
2023-10-01,2023,Molde,Viking,4,0,H,O,1.79,4.18,3.79,11,2.0,3.0,0.0,0.0,9.0,7.0,2.0,2.0,1.0,1.0,7.0,6.0,1.0,2.0,3.0,-1.0,0.0,0.0,0.0,70.0,10.0,70.0,20.0,1706.9,1623.7
2023-10-01,2023,Lillestrom,Brann,0,2,A,U,2.6,3.55,2.54,12,2.0,2.0,1.0,1.0,7.0,4.0,3.0,4.0,3.0,1.0,3.0,1.0,2.0,2.0,1.0,1.0,1.0,1.0,0.0,63.6,36.4,40.0,50.0,1559.0,1550.0
2023-10-01,2023,Bodo/Glimt,Stromsgodset,2,0,H,U,1.17,7.87,13.57,11,2.0,1.0,1.0,2.0,6.0,2.0,4.0,5.0,4.0,1.0,1.0,-2.0,3.0,1.0,0.0,1.0,1.0,1.0,0.0,70.0,10.0,27.3,54.5,1699.9,1457.0
2023-09-30,2023,Stabaek,Tromso,0,1,A,U,3.39,3.34,2.15,11,0.0,1.0,3.0,2.0,0.0,3.0,-3.0,3.0,6.0,-3.0,-3.0,-3.0,0.0,0.0,1.0,-1.0,0.0,1.0,-1.0,30.0,40.0,60.0,30.0,1408.8,1600.9
2023-09-24,2023,Viking,Sandefjord,4,3,H,O,1.28,6.28,8.8,12,2.0,1.0,0.0,2.0,5.0,5.0,0.0,3.0,6.0,-3.0,2.0,-1.0,3.0,0.0,0.0,0.0,0.0,0.0,0.0,72.7,9.1,9.1,72.7,1618.6,1428.5
2023-09-24,2023,Stromsgodset,Molde,1,1,D,U,4.75,4.19,1.64,11,1.0,2.0,2.0,0.0,4.0,5.0,-1.0,6.0,3.0,3.0,-2.0,2.0,-4.0,0.0,0.0,0.0,1.0,0.0,1.0,50.0,50.0,45.5,36.4,1450.6,1713.3
2023-09-24,2023,Odd,Haugesund,1,1,D,U,1.97,3.53,3.73,11,2.0,0.0,1.0,1.0,7.0,2.0,5.0,5.0,3.0,2.0,2.0,-1.0,3.0,1.0,0.0,1.0,1.0,0.0,1.0,50.0,30.0,9.1,63.6,1518.6,1464.6
2023-09-24,2023,Lillestrom,Rosenborg,3,0,H,O,1.8,3.9,4.08,11,2.0,1.0,1.0,2.0,9.0,3.0,6.0,5.0,7.0,-2.0,4.0,-4.0,8.0,2.0,0.0,2.0,1.0,2.0,-1.0,60.0,40.0,20.0,50.0,1548.3,1572.1
2023-09-24,2023,HamKam,Sarpsborg 08,1,1,D,U,3.46,4.12,1.9,1,,1.0,,2.0,,4.0,,,6.0,,,-2.0,,,1.0,,,1.0,,,,36.4,45.5,1493.0,1523.0
2023-09-24,2023,Brann,Tromso,2,1,H,O,1.78,3.85,4.16,12,2.0,1.0,1.0,2.0,6.0,3.0,3.0,3.0,6.0,-3.0,3.0,-3.0,6.0,1.0,1.0,0.0,1.0,1.0,0.0,72.7,9.1,66.7,22.2,1537.9,1613.0
2023-09-24,2023,Bodo/Glimt,Valerenga,4,2,H,O,1.26,6.17,9.61,10,1.0,1.0,1.0,0.0,4.0,4.0,0.0,5.0,2.0,3.0,-1.0,2.0,-3.0,0.0,1.0,-1.0,1.0,0.0,1.0,66.7,11.1,30.0,30.0,1694.9,1505.1
2023-09-23,2023,Aalesund,Stabaek,1,1,D,U,2.42,3.5,2.77,12,1.0,0.0,1.0,3.0,2.0,1.0,1.0,3.0,7.0,-4.0,-1.0,-6.0,5.0,0.0,0.0,0.0,1.0,1.0,0.0,27.3,54.5,10.0,80.0,1378.1,1409.7
2023-09-17,2023,Valerenga,Aalesund,3,1,H,O,1.42,4.73,6.78,11,0.0,0.0,1.0,3.0,5.0,2.0,3.0,6.0,12.0,-6.0,-1.0,-10.0,9.0,0.0,0.0,0.0,0.0,3.0,-3.0,10.0,70.0,0.0,100.0,1498.2,1385.0
2023-09-17,2023,Tromso,HamKam,2,1,H,O,1.47,4.31,6.6,12,3.0,,0.0,,7.0,,,2.0,,,5.0,,,2.0,,,0.0,,,63.6,18.2,,,1606.0,1500.0
2023-09-17,2023,Stabaek,Brann,0,1,A,U,3.92,3.88,1.82,10,0.0,1.0,3.0,2.0,0.0,3.0,-3.0,3.0,5.0,-2.0,-3.0,-2.0,-1.0,0.0,1.0,-1.0,0.0,2.0,-2.0,33.3,33.3,33.3,55.6,1416.5,1531.1
2023-09-17,2023,Sarpsborg 08,Lillestrom,3,1,H,O,1.89,4.01,3.54,11,2.0,1.0,1.0,1.0,7.0,4.0,3.0,3.0,5.0,-2.0,4.0,-1.0,5.0,1.0,0.0,1.0,0.0,1.0,-1.0,50.0,40.0,40.0,30.0,1511.6,1559.6
2023-09-17,2023,Rosenborg,Bodo/Glimt,1,1,D,U,4.22,4.29,1.69,12,3.0,1.0,0.0,1.0,9.0,9.0,0.0,3.0,8.0,-5.0,6.0,1.0,5.0,1.0,1.0,0.0,0.0,0.0,0.0,54.5,36.4,72.7,18.2,1568.5,1698.5
2023-09-16,2023,Sandefjord,Stromsgodset,2,0,H,U,2.31,3.61,2.86,10,1.0,1.0,0.0,2.0,7.0,2.0,5.0,3.0,3.0,0.0,4.0,-1.0,5.0,1.0,0.0,1.0,0.0,0.0,0.0,33.3,22.2,30.0,50.0,1417.2,1461.9
2023-09-16,2023,Molde,Odd,4,1,H,O,1.28,5.76,9.68,10,2.0,1.0,0.0,1.0,7.0,7.0,0.0,1.0,5.0,-4.0,6.0,2.0,4.0,2.0,1.0,1.0,0.0,0.0,0.0,66.7,11.1,27.3,45.5,1708.2,1523.7
2023-09-16,2023,Haugesund,Viking,0,2,A,U,3.97,3.95,1.81,11,0.0,3.0,3.0,0.0,3.0,6.0,-3.0,7.0,1.0,6.0,-4.0,5.0,-9.0,0.0,2.0,-2.0,1.0,0.0,1.0,40.0,40.0,66.7,22.2,1470.7,1612.5
2023-09-03,2023,Tromso,Rosenborg,3,1,H,O,2.14,3.33,3.38,11,3.0,2.0,0.0,1.0,7.0,3.0,4.0,2.0,4.0,-2.0,5.0,-1.0,6.0,2.0,0.0,2.0,0.0,1.0,-1.0,60.0,20.0,22.2,44.4,1596.5,1578.0
2023-09-03,2023,Stromsgodset,Stabaek,2,1,H,O,2.01,3.52,3.54,10,0.0,0.0,3.0,3.0,2.0,2.0,0.0,6.0,8.0,-2.0,-4.0,-6.0,2.0,0.0,0.0,0.0,1.0,1.0,0.0,44.4,55.6,11.1,77.8,1452.6,1425.7
2023-09-03,2023,Odd,Sandefjord,3,2,H,O,1.98,3.74,3.46,10,2.0,1.0,1.0,2.0,6.0,5.0,1.0,4.0,7.0,-3.0,2.0,-2.0,4.0,1.0,0.0,1.0,1.0,1.0,0.0,44.4,33.3,10.0,70.0,1516.3,1424.6
2023-09-03,2023,Haugesund,Molde,1,2,A,O,4.91,4.15,1.62,10,1.0,2.0,2.0,0.0,3.0,7.0,-4.0,5.0,2.0,3.0,-2.0,5.0,-7.0,0.0,1.0,-1.0,1.0,0.0,1.0,44.4,33.3,40.0,40.0,1475.0,1703.9
2023-09-03,2023,Ham-Kam,Bodo/Glimt,4,4,D,O,5.22,4.55,1.54,11,2.0,2.0,1.0,1.0,6.0,10.0,-4.0,4.0,6.0,-2.0,2.0,4.0,-2.0,1.0,2.0,-1.0,1.0,0.0,1.0,50.0,40.0,80.0,20.0,1466.9,1704.4
2023-09-03,2023,Brann,Sarpsborg 08,1,0,H,U,1.58,4.69,4.67,11,2.0,1.0,1.0,2.0,6.0,5.0,1.0,3.0,10.0,-7.0,3.0,-5.0,8.0,1.0,1.0,0.0,1.0,2.0,-1.0,70.0,10.0,40.0,40.0,1521.1,1521.6
2023-09-03,2023,Aalesund,Lillestrom,1,1,D,U,4.26,4.11,1.71,11,1.0,1.0,2.0,2.0,1.0,3.0,-2.0,5.0,5.0,0.0,-4.0,-2.0,-2.0,0.0,0.0,0.0,2.0,1.0,1.0,30.0,60.0,44.4,33.3,1380.1,1564.5
2023-09-02,2023,Viking,Valerenga,1,1,D,U,1.56,4.36,5.2,11,3.0,1.0,0.0,1.0,7.0,4.0,3.0,3.0,3.0,0.0,4.0,1.0,3.0,1.0,1.0,0.0,0.0,0.0,0.0,80.0,10.0,33.3,33.3,1615.9,1494.9
2023-08-27,2023,Valerenga,Odd,2,2,D,O,1.71,3.75,4.83,10,0.0,1.0,2.0,2.0,3.0,6.0,-3.0,8.0,5.0,3.0,-5.0,1.0,-6.0,0.0,1.0,-1.0,1.0,0.0,1.0,11.1,77.8,30.0,50.0,1494.2,1517.0
2023-08-27,2023,Sandefjord,Haugesund,0,0,D,U,2.16,3.56,3.19,9,1.0,0.0,1.0,2.0,9.0,3.0,6.0,8.0,5.0,3.0,1.0,-2.0,3.0,1.0,0.0,1.0,1.0,0.0,1.0,37.5,25.0,10.0,70.0,1423.1,1476.5
2023-08-27,2023,Rosenborg,Aalesund,4,0,H,O,1.38,5.06,7.18,11,2.0,0.0,1.0,3.0,6.0,3.0,3.0,5.0,13.0,-8.0,1.0,-10.0,11.0,0.0,0.0,0.0,0.0,3.0,-3.0,50.0,40.0,0.0,100.0,1572.9,1385.2
2023-08-26,2023,Sarpsborg 08,Tromso,4,0,H,O,1.92,3.82,3.59,10,1.0,2.0,2.0,1.0,5.0,4.0,1.0,6.0,2.0,4.0,-1.0,2.0,-3.0,0.0,1.0,-1.0,0.0,0.0,0.0,44.4,44.4,75.0,12.5,1508.8,1609.3
2023-08-20,2023,Viking,Stabaek,1,0,H,U,1.41,4.93,6.7,10,3.0,0.0,0.0,2.0,8.0,2.0,6.0,3.0,7.0,-4.0,5.0,-5.0,10.0,2.0,0.0,2.0,0.0,1.0,-1.0,77.8,11.1,12.5,75.0,1610.6,1431.0
2023-08-20,2023,Tromso,Sandefjord,1,0,H,U,1.44,4.52,6.85,10,2.0,1.0,0.0,2.0,6.0,6.0,0.0,2.0,12.0,-10.0,4.0,-6.0,10.0,2.0,0.0,2.0,0.0,2.0,-2.0,55.6,22.2,11.1,66.7,1604.0,1428.4
2023-08-20,2023,Stromsgodset,Lillestrom,1,2,A,O,3.4,3.62,2.02,9,1.0,1.0,2.0,2.0,6.0,3.0,3.0,6.0,5.0,1.0,0.0,-2.0,2.0,1.0,0.0,1.0,1.0,1.0,0.0,50.0,50.0,37.5,37.5,1459.9,1557.2
2023-08-20,2023,Haugesund,Bodo/Glimt,1,3,A,O,5.96,4.66,1.47,9,2.0,2.0,1.0,1.0,4.0,9.0,-5.0,3.0,5.0,-2.0,1.0,4.0,-3.0,0.0,2.0,-2.0,0.0,0.0,0.0,50.0,25.0,77.8,22.2,1480.9,1700.0
2023-08-20,2023,Ham-Kam,Rosenborg,3,0,H,O,2.63,3.51,2.52,10,2.0,2.0,1.0,1.0,5.0,3.0,2.0,5.0,2.0,3.0,0.0,1.0,-1.0,0.0,0.0,0.0,1.0,0.0,1.0,44.4,44.4,25.0,37.5,1453.2,1586.6
2023-08-20,2023,Brann,Aalesund,5,1,H,O,1.23,6.74,10.15,10,2.0,0.0,1.0,3.0,3.0,3.0,0.0,3.0,10.0,-7.0,0.0,-7.0,7.0,0.0,0.0,0.0,1.0,2.0,-1.0,66.7,11.1,0.0,100.0,1514.5,1391.8
2023-08-19,2023,Odd,Sarpsborg 08,0,3,A,O,2.65,3.73,2.4,9,2.0,0.0,1.0,3.0,6.0,4.0,2.0,3.0,15.0,-12.0,3.0,-11.0,14.0,1.0,0.0,1.0,1.0,3.0,-2.0,50.0,25.0,33.3,44.4,1527.8,1497.9
2023-08-19,2023,Molde,Valerenga,0,0,D,U,1.55,4.33,5.31,9,3.0,1.0,0.0,1.0,8.0,4.0,4.0,1.0,3.0,-2.0,7.0,1.0,6.0,2.0,1.0,1.0,0.0,0.0,0.0,75.0,12.5,37.5,37.5,1709.6,1488.6
2023-08-13,2023,Valerenga,Haugesund,1,1,D,U,1.57,4.12,5.43,9,0.0,0.0,3.0,3.0,3.0,2.0,1.0,9.0,6.0,3.0,-6.0,-4.0,-2.0,0.0,0.0,0.0,1.0,1.0,0.0,12.5,87.5,11.1,77.8,1488.8,1480.7
2023-08-13,2023,Lillestrom,Viking,1,3,A,O,2.18,3.79,2.92,10,3.0,3.0,0.0,0.0,12.0,5.0,7.0,4.0,1.0,3.0,8.0,4.0,4.0,3.0,1.0,2.0,0.0,0.0,0.0,66.7,33.3,62.5,25.0,1566.2,1601.6
2023-08-13,2023,Aalesund,Ham-Kam,0,2,A,U,2.1,3.69,3.12,10,2.0,1.0,1.0,2.0,2.0,5.0,-3.0,3.0,7.0,-4.0,-1.0,-2.0,1.0,0.0,0.0,0.0,1.0,1.0,0.0,33.3,55.6,12.5,87.5,1400.5,1444.5
2023-08-12,2023,Sarpsborg 08,Stromsgodset,1,2,A,O,1.46,4.73,5.99,9,2.0,1.0,1.0,2.0,10.0,1.0,9.0,5.0,2.0,3.0,5.0,-1.0,6.0,1.0,0.0,1.0,0.0,0.0,0.0,50.0,37.5,22.2,55.6,1509.7,1448.2
2023-08-12,2023,Sandefjord,Molde,2,2,D,O,5.47,4.38,1.53,8,1.0,2.0,1.0,0.0,7.0,7.0,0.0,6.0,2.0,4.0,1.0,5.0,-4.0,1.0,1.0,0.0,1.0,0.0,1.0,42.9,28.6,44.4,44.4,1421.5,1716.5
2023-08-06,2023,Viking,Bodo/Glimt,3,2,H,O,2.72,4.0,2.23,9,3.0,2.0,0.0,1.0,8.0,7.0,1.0,2.0,4.0,-2.0,6.0,3.0,3.0,3.0,2.0,1.0,0.0,1.0,-1.0,75.0,12.5,87.5,12.5,1588.2,1713.5
2023-08-06,2023,Tromso,Lillestrom,3,1,H,O,2.42,3.24,2.9,9,2.0,1.0,0.0,1.0,5.0,4.0,1.0,2.0,4.0,-2.0,3.0,0.0,3.0,1.0,0.0,1.0,0.0,0.0,0.0,50.0,25.0,42.9,28.6,1594.5,1575.7
2023-08-06,2023,Sandefjord,Sarpsborg 08,5,1,H,O,4.04,4.1,1.75,7,1.0,1.0,1.0,2.0,6.0,6.0,0.0,6.0,10.0,-4.0,0.0,-4.0,4.0,1.0,1.0,0.0,1.0,2.0,-1.0,33.3,33.3,37.5,37.5,1408.4,1522.9
2023-08-06,2023,Odd,Stabaek,4,0,H,O,2.63,3.1,2.76,8,2.0,0.0,1.0,2.0,3.0,3.0,0.0,3.0,5.0,-2.0,0.0,-2.0,2.0,0.0,0.0,0.0,1.0,0.0,1.0,42.9,28.6,14.3,71.4,1520.1,1438.7
2023-08-06,2023,Haugesund,Rosenborg,1,2,A,O,2.45,3.35,2.78,8,3.0,1.0,0.0,1.0,6.0,3.0,3.0,3.0,3.0,0.0,3.0,0.0,3.0,0.0,0.0,0.0,0.0,0.0,0.0,57.1,14.3,14.3,42.9,1488.1,1579.1
2023-08-06,2023,Ham-Kam,Brann,0,2,A,U,3.68,3.86,1.87,9,2.0,0.0,1.0,3.0,5.0,2.0,3.0,4.0,8.0,-4.0,1.0,-6.0,7.0,0.0,0.0,0.0,0.0,3.0,-3.0,50.0,37.5,25.0,62.5,1453.0,1506.0
2023-08-05,2023,Stromsgodset,Valerenga,1,3,A,O,2.78,3.42,2.42,8,2.0,0.0,1.0,2.0,7.0,2.0,5.0,3.0,4.0,-1.0,4.0,-2.0,6.0,2.0,0.0,2.0,0.0,0.0,0.0,57.1,42.9,28.6,42.9,1457.5,1479.5
2023-07-30,2023,Sarpsborg 08,Haugesund,2,1,H,O,1.39,5.13,6.72,8,1.0,0.0,2.0,3.0,9.0,1.0,8.0,7.0,5.0,2.0,2.0,-4.0,6.0,1.0,0.0,1.0,1.0,1.0,0.0,42.9,42.9,12.5,75.0,1513.3,1497.7
2023-07-30,2023,Rosenborg,Odd,3,2,H,O,1.69,3.83,4.78,10,1.0,2.0,2.0,1.0,3.0,5.0,-2.0,6.0,2.0,4.0,-3.0,3.0,-6.0,0.0,1.0,-1.0,1.0,0.0,1.0,44.4,44.4,33.3,44.4,1570.3,1528.9
2023-07-30,2023,Lillestrom,Ham-Kam,3,1,H,O,1.47,4.51,6.19,9,2.0,1.0,1.0,2.0,9.0,4.0,5.0,4.0,7.0,-3.0,5.0,-3.0,8.0,2.0,0.0,2.0,0.0,1.0,-1.0,62.5,37.5,14.3,85.7,1568.7,1459.9
2023-07-30,2023,Brann,Viking,0,2,A,U,1.84,4.13,3.58,9,2.0,3.0,0.0,0.0,5.0,6.0,-1.0,3.0,2.0,1.0,2.0,4.0,-2.0,0.0,1.0,-1.0,0.0,0.0,0.0,75.0,0.0,57.1,28.6,1514.1,1580.0
2023-07-30,2023,Bodo/Glimt,Tromso,0,2,A,U,1.32,5.37,8.21,9,2.0,2.0,0.0,1.0,7.0,5.0,2.0,3.0,4.0,-1.0,4.0,1.0,3.0,1.0,0.0,1.0,0.0,0.0,0.0,75.0,0.0,71.4,14.3,1727.4,1580.5
2023-07-30,2023,Aalesund,Stromsgodset,1,0,H,U,2.27,3.56,2.91,9,1.0,2.0,2.0,1.0,3.0,2.0,1.0,6.0,1.0,5.0,-3.0,1.0,-4.0,0.0,0.0,0.0,1.0,0.0,1.0,25.0,62.5,25.0,50.0,1388.2,1469.8
2023-07-29,2023,Valerenga,Sandefjord,2,3,A,O,1.49,4.54,5.82,8,0.0,0.0,3.0,3.0,1.0,5.0,-4.0,7.0,13.0,-6.0,-6.0,-8.0,2.0,0.0,0.0,0.0,1.0,2.0,-1.0,14.3,85.7,0.0,75.0,1492.2,1395.6
2023-07-29,2023,Stabaek,Molde,0,1,A,U,3.87,3.51,1.92,9,0.0,1.0,2.0,1.0,2.0,6.0,-4.0,4.0,3.0,1.0,-2.0,3.0,-5.0,0.0,1.0,-1.0,0.0,0.0,0.0,37.5,25.0,37.5,50.0,1442.1,1713.0
2023-07-24,2023,Viking,Aalesund,3,1,H,O,1.23,6.49,10.38,8,2.0,0.0,1.0,3.0,8.0,3.0,5.0,5.0,10.0,-5.0,3.0,-7.0,10.0,2.0,0.0,2.0,0.0,2.0,-2.0,71.4,14.3,0.0,100.0,1574.8,1393.4
2023-07-23,2023,Tromso,Brann,3,1,H,O,2.97,3.48,2.28,8,2.0,1.0,0.0,2.0,4.0,4.0,0.0,2.0,6.0,-4.0,2.0,-2.0,4.0,0.0,1.0,-1.0,0.0,2.0,-2.0,42.9,28.6,28.6,57.1,1571.9,1522.7
2023-07-23,2023,Stromsgodset,Rosenborg,0,1,A,U,2.63,3.6,2.47,7,2.0,0.0,1.0,2.0,8.0,3.0,5.0,4.0,6.0,-2.0,4.0,-3.0,7.0,2.0,0.0,2.0,0.0,1.0,-1.0,66.7,33.3,0.0,50.0,1477.4,1562.7
2023-07-23,2023,Sandefjord,Bodo/Glimt,2,5,A,O,7.91,5.34,1.34,6,1.0,2.0,1.0,1.0,5.0,5.0,0.0,3.0,3.0,0.0,2.0,2.0,0.0,1.0,2.0,-1.0,0.0,1.0,-1.0,40.0,20.0,85.7,14.3,1398.3,1724.8
2023-07-23,2023,Odd,Valerenga,2,1,H,O,2.39,3.31,2.92,7,1.0,0.0,1.0,1.0,2.0,2.0,0.0,3.0,3.0,0.0,-1.0,-1.0,0.0,0.0,0.0,0.0,1.0,0.0,1.0,33.3,33.3,33.3,33.3,1519.5,1501.7
2023-07-23,2023,Haugesund,Lillestrom,1,0,H,U,3.3,3.62,2.07,7,2.0,1.0,1.0,0.0,6.0,4.0,2.0,5.0,3.0,2.0,1.0,1.0,0.0,0.0,0.0,0.0,0.0,0.0,0.0,50.0,16.7,50.0,16.7,1485.0,1581.4
2023-07-23,2023,Ham-Kam,Stabaek,3,2,H,O,2.34,3.3,3.01,8,1.0,0.0,1.0,2.0,2.0,2.0,0.0,2.0,5.0,-3.0,0.0,-3.0,3.0,0.0,0.0,0.0,0.0,1.0,-1.0,42.9,42.9,16.7,66.7,1449.9,1452.2
2023-07-22,2023,Molde,Sarpsborg 08,5,1,H,O,1.41,5.22,6.31,8,3.0,1.0,0.0,2.0,8.0,6.0,2.0,0.0,7.0,-7.0,8.0,-1.0,9.0,2.0,1.0,1.0,0.0,1.0,-1.0,71.4,14.3,42.9,28.6,1708.0,1518.3
2023-07-19,2023,Lillestrom,Aalesund,5,1,H,O,1.3,5.48,8.98,8,2.0,0.0,1.0,3.0,7.0,2.0,5.0,4.0,6.0,-2.0,3.0,-4.0,7.0,2.0,0.0,2.0,0.0,1.0,-1.0,57.1,42.9,0.0,100.0,1576.1,1398.7
2023-07-16,2023,Stabaek,Viking,0,1,A,U,2.84,3.45,2.36,8,1.0,2.0,1.0,1.0,4.0,6.0,-2.0,4.0,7.0,-3.0,0.0,-1.0,1.0,0.0,1.0,-1.0,0.0,1.0,-1.0,42.9,14.3,50.0,33.3,1459.2,1567.9
2023-07-16,2023,Sarpsborg 08,Ham-Kam,2,3,A,O,1.35,5.3,7.5,7,2.0,0.0,1.0,3.0,10.0,1.0,9.0,5.0,9.0,-4.0,5.0,-8.0,13.0,2.0,0.0,2.0,1.0,2.0,-1.0,50.0,33.3,0.0,100.0,1531.0,1437.2
2023-07-16,2023,Rosenborg,Tromso,2,1,H,O,2.1,3.44,3.37,9,1.0,3.0,2.0,0.0,5.0,6.0,-1.0,5.0,3.0,2.0,0.0,3.0,-3.0,1.0,0.0,1.0,1.0,0.0,1.0,37.5,50.0,83.3,0.0,1551.8,1582.8
2023-07-16,2023,Lillestrom,Sandefjord,4,2,H,O,1.34,5.34,7.81,7,1.0,0.0,2.0,3.0,4.0,3.0,1.0,4.0,14.0,-10.0,0.0,-11.0,11.0,1.0,0.0,1.0,0.0,2.0,-2.0,50.0,50.0,0.0,71.4,1570.6,1403.8
2023-07-16,2023,Brann,Stromsgodset,1,0,H,U,1.32,5.84,7.47,8,2.0,2.0,0.0,0.0,7.0,3.0,4.0,4.0,1.0,3.0,3.0,2.0,1.0,1.0,0.0,1.0,0.0,0.0,0.0,71.4,0.0,28.6,42.9,1513.5,1486.7
2023-07-16,2023,Bodo/Glimt,Haugesund,2,1,H,O,1.19,7.22,12.08,8,2.0,1.0,0.0,2.0,10.0,2.0,8.0,3.0,4.0,-1.0,7.0,-2.0,9.0,2.0,0.0,2.0,0.0,1.0,-1.0,71.4,0.0,14.3,71.4,1720.6,1489.1
2023-07-16,2023,Aalesund,Odd,0,3,A,O,2.27,3.31,3.11,8,1.0,1.0,2.0,2.0,4.0,3.0,1.0,6.0,6.0,0.0,-2.0,-3.0,1.0,0.0,0.0,0.0,1.0,1.0,0.0,28.6,57.1,25.0,50.0,1405.7,1512.4
2023-07-15,2023,Valerenga,Molde,0,4,A,O,3.41,3.74,1.99,7,0.0,1.0,3.0,1.0,2.0,6.0,-4.0,6.0,6.0,0.0,-4.0,0.0,-4.0,0.0,0.0,0.0,1.0,0.0,1.0,16.7,83.3,28.6,57.1,1506.6,1703.1
2023-07-09,2023,Tromso,Valerenga,0,0,D,U,1.92,3.51,3.94,7,2.0,1.0,1.0,1.0,6.0,5.0,1.0,5.0,4.0,1.0,1.0,1.0,0.0,0.0,1.0,-1.0,0.0,0.0,0.0,50.0,33.3,40.0,40.0,1585.1,1504.3
2023-07-09,2023,Stromsgodset,Sarpsborg 08,5,2,H,O,3.11,3.93,2.06,6,2.0,2.0,1.0,1.0,4.0,6.0,-2.0,2.0,3.0,-1.0,2.0,3.0,-1.0,1.0,1.0,0.0,0.0,0.0,0.0,60.0,40.0,50.0,16.7,1474.7,1542.9
2023-07-09,2023,Sandefjord,Stabaek,0,0,D,U,2.72,3.26,2.59,5,2.0,0.0,1.0,3.0,9.0,3.0,6.0,3.0,9.0,-6.0,6.0,-6.0,12.0,2.0,0.0,2.0,0.0,2.0,-2.0,50.0,25.0,20.0,80.0,1402.2,1460.9
2023-07-09,2023,Rosenborg,Lillestrom,1,2,A,O,2.28,3.58,2.9,8,2.0,1.0,1.0,0.0,5.0,3.0,2.0,3.0,2.0,1.0,2.0,1.0,1.0,1.0,0.0,1.0,1.0,0.0,1.0,42.9,42.9,40.0,20.0,1561.9,1560.5
2023-07-09,2023,Odd,Bodo/Glimt,0,2,A,U,5.75,4.36,1.52,6,1.0,2.0,1.0,1.0,2.0,6.0,-4.0,2.0,5.0,-3.0,0.0,1.0,-1.0,0.0,1.0,-1.0,0.0,1.0,-1.0,40.0,20.0,83.3,16.7,1517.3,1715.8
2023-07-09,2023,Molde,Brann,2,0,H,U,1.89,3.91,3.59,7,3.0,1.0,0.0,2.0,9.0,5.0,4.0,2.0,6.0,-4.0,7.0,-1.0,8.0,1.0,1.0,0.0,0.0,1.0,-1.0,66.7,16.7,33.3,50.0,1697.8,1518.7
2023-07-08,2023,Viking,Haugesund,2,0,H,U,1.51,4.52,5.56,7,2.0,1.0,1.0,2.0,9.0,2.0,7.0,7.0,3.0,4.0,2.0,-1.0,3.0,1.0,0.0,1.0,0.0,0.0,0.0,66.7,16.7,16.7,66.7,1559.6,1497.4
2023-07-07,2023,Ham-Kam,Aalesund,2,1,H,O,1.86,3.66,3.98,7,0.0,0.0,2.0,3.0,1.0,1.0,0.0,3.0,7.0,-4.0,-2.0,-6.0,4.0,0.0,0.0,0.0,0.0,2.0,-2.0,33.3,50.0,0.0,100.0,1427.6,1415.4
2023-07-03,2023,Stabaek,Stromsgodset,0,1,A,U,2.19,3.38,3.21,7,2.0,1.0,0.0,1.0,5.0,4.0,1.0,3.0,4.0,-1.0,2.0,0.0,2.0,0.0,0.0,0.0,0.0,0.0,0.0,50.0,0.0,16.7,50.0,1471.0,1464.5
2023-07-02,2023,Sarpsborg 08,Sandefjord,6,1,H,O,1.34,5.42,7.68,6,2.0,0.0,1.0,3.0,6.0,2.0,4.0,5.0,9.0,-4.0,1.0,-7.0,8.0,1.0,0.0,1.0,1.0,1.0,0.0,40.0,40.0,0.0,66.7,1536.4,1408.6
2023-07-02,2023,Lillestrom,Tromso,0,1,A,U,1.63,3.92,5.16,6,1.0,3.0,2.0,0.0,5.0,7.0,-2.0,5.0,4.0,1.0,0.0,3.0,-3.0,1.0,0.0,1.0,0.0,0.0,0.0,60.0,40.0,80.0,0.0,1570.4,1575.2
2023-07-02,2023,Haugesund,Odd,2,1,H,O,2.32,3.21,3.11,6,1.0,1.0,1.0,2.0,5.0,4.0,1.0,5.0,7.0,-2.0,0.0,-3.0,3.0,0.0,0.0,0.0,0.0,1.0,-1.0,40.0,20.0,28.6,42.9,1486.1,1528.5
2023-07-02,2023,Brann,Ham-Kam,2,1,H,O,1.31,5.66,8.16,7,2.0,0.0,0.0,3.0,9.0,0.0,9.0,4.0,10.0,-6.0,5.0,-10.0,15.0,2.0,0.0,2.0,0.0,3.0,-3.0,66.7,0.0,0.0,100.0,1510.9,1435.4
2023-07-02,2023,Bodo/Glimt,Molde,2,2,D,O,2.16,3.7,3.03,7,3.0,1.0,0.0,2.0,11.0,5.0,6.0,3.0,7.0,-4.0,8.0,-2.0,10.0,2.0,0.0,2.0,0.0,1.0,-1.0,83.3,0.0,33.3,66.7,1716.3,1697.3
2023-07-02,2023,Aalesund,Rosenborg,1,0,H,U,3.08,3.41,2.24,7,1.0,0.0,2.0,2.0,6.0,5.0,1.0,7.0,8.0,-1.0,-1.0,-3.0,2.0,1.0,0.0,1.0,1.0,1.0,0.0,16.7,66.7,0.0,40.0,1400.7,1576.6
2023-07-01,2023,Valerenga,Viking,1,2,A,O,2.21,3.77,2.9,6,1.0,2.0,2.0,1.0,4.0,6.0,-2.0,4.0,7.0,-3.0,0.0,-1.0,1.0,1.0,1.0,0.0,1.0,1.0,0.0,20.0,80.0,40.0,40.0,1513.2,1550.7
2023-06-25,2023,Tromso,Stabaek,2,1,H,O,2.33,3.06,3.25,6,1.0,1.0,2.0,2.0,4.0,5.0,-1.0,5.0,9.0,-4.0,-1.0,-4.0,3.0,0.0,0.0,0.0,0.0,2.0,-2.0,40.0,40.0,25.0,75.0,1567.8,1478.5
2023-06-25,2023,Stromsgodset,Bodo/Glimt,2,0,H,U,5.32,4.73,1.5,5,1.0,3.0,2.0,0.0,2.0,8.0,-6.0,3.0,4.0,-1.0,-1.0,4.0,-5.0,0.0,1.0,-1.0,0.0,0.0,0.0,50.0,50.0,100.0,0.0,1447.8,1733.1
2023-06-25,2023,Rosenborg,Sarpsborg 08,0,3,A,O,2.12,3.64,3.16,7,2.0,1.0,1.0,1.0,6.0,4.0,2.0,3.0,4.0,-1.0,3.0,0.0,3.0,1.0,0.0,1.0,1.0,0.0,1.0,50.0,33.3,40.0,20.0,1588.4,1524.6
2023-06-25,2023,Molde,Haugesund,1,0,H,U,1.22,6.54,11.29,6,3.0,1.0,0.0,1.0,11.0,2.0,9.0,2.0,2.0,0.0,9.0,0.0,9.0,2.0,0.0,2.0,0.0,0.0,0.0,60.0,20.0,20.0,60.0,1692.5,1490.9
2023-06-25,2023,Ham-Kam,Odd,0,1,A,U,2.39,3.31,2.9,6,0.0,1.0,2.0,2.0,1.0,4.0,-3.0,6.0,7.0,-1.0,-5.0,-3.0,-2.0,0.0,0.0,0.0,1.0,1.0,0.0,40.0,40.0,16.7,50.0,1443.2,1520.7
2023-06-24,2023,Viking,Brann,3,1,H,O,2.71,3.87,2.3,6,1.0,2.0,1.0,1.0,7.0,6.0,1.0,7.0,3.0,4.0,0.0,3.0,-3.0,0.0,2.0,-2.0,0.0,0.0,0.0,60.0,20.0,40.0,40.0,1541.3,1520.3
2023-06-11,2023,Valerenga,Stromsgodset,0,1,A,U,1.62,4.15,4.93,5,1.0,0.0,2.0,1.0,7.0,4.0,3.0,7.0,5.0,2.0,0.0,-1.0,1.0,1.0,0.0,1.0,1.0,0.0,1.0,25.0,75.0,0.0,60.0,1525.7,1435.2
2023-06-11,2023,Stabaek,Rosenborg,2,2,D,O,2.9,3.17,2.47,6,2.0,0.0,0.0,2.0,4.0,3.0,1.0,2.0,6.0,-4.0,2.0,-3.0,5.0,0.0,0.0,0.0,0.0,1.0,-1.0,60.0,0.0,0.0,50.0,1475.3,1591.6
2023-06-11,2023,Sarpsborg 08,Viking,1,3,A,O,2.1,3.84,3.05,5,2.0,1.0,0.0,1.0,5.0,4.0,1.0,2.0,7.0,-5.0,3.0,-3.0,6.0,1.0,0.0,1.0,0.0,1.0,-1.0,50.0,25.0,25.0,50.0,1534.7,1531.2
2023-06-11,2023,Odd,Molde,1,0,H,U,5.22,4.1,1.59,5,0.0,2.0,1.0,1.0,1.0,9.0,-8.0,2.0,6.0,-4.0,-1.0,3.0,-4.0,0.0,1.0,-1.0,0.0,1.0,-1.0,25.0,25.0,40.0,60.0,1505.4,1707.7
2023-06-11,2023,Haugesund,Sandefjord,3,2,H,O,2.07,3.36,3.51,5,0.0,0.0,1.0,2.0,2.0,0.0,2.0,3.0,6.0,-3.0,-1.0,-6.0,5.0,0.0,0.0,0.0,0.0,1.0,-1.0,25.0,25.0,0.0,60.0,1482.8,1416.8
2023-06-11,2023,Brann,Lillestrom,2,2,D,O,1.53,4.37,5.58,6,2.0,2.0,0.0,0.0,7.0,5.0,2.0,2.0,3.0,-1.0,5.0,2.0,3.0,2.0,0.0,2.0,0.0,0.0,0.0,80.0,0.0,50.0,25.0,1518.8,1571.9
2023-06-11,2023,Bodo/Glimt,Ham-Kam,3,0,H,O,1.15,8.02,14.72,6,3.0,0.0,0.0,3.0,10.0,3.0,7.0,3.0,14.0,-11.0,7.0,-11.0,18.0,2.0,0.0,2.0,0.0,3.0,-3.0,80.0,0.0,0.0,100.0,1729.8,1446.5
2023-06-11,2023,Aalesund,Tromso,2,3,A,O,2.37,3.17,3.05,6,1.0,3.0,1.0,0.0,4.0,5.0,-1.0,4.0,2.0,2.0,0.0,3.0,-3.0,1.0,0.0,1.0,1.0,0.0,1.0,20.0,60.0,75.0,0.0,1406.5,1562.0
2023-06-04,2023,Viking,Molde,3,4,A,O,2.97,3.75,2.17,5,2.0,1.0,0.0,2.0,11.0,6.0,5.0,6.0,5.0,1.0,5.0,1.0,4.0,1.0,1.0,0.0,0.0,1.0,-1.0,75.0,0.0,25.0,75.0,1536.8,1702.2
2023-06-04,2023,Valerenga,Bodo/Glimt,1,3,A,O,3.27,3.81,2.02,4,1.0,3.0,2.0,0.0,6.0,8.0,-2.0,6.0,3.0,3.0,0.0,5.0,-5.0,1.0,1.0,0.0,1.0,0.0,1.0,33.3,66.7,100.0,0.0,1530.7,1724.9
2023-06-04,2023,Tromso,Sarpsborg 08,2,1,H,O,2.84,3.38,2.4,5,0.0,1.0,2.0,0.0,3.0,3.0,0.0,5.0,2.0,3.0,-2.0,1.0,-3.0,0.0,0.0,0.0,0.0,0.0,0.0,25.0,50.0,50.0,0.0,1552.2,1544.5
2023-06-04,2023,Stromsgodset,Haugesund,1,2,A,O,1.69,3.79,4.79,4,2.0,0.0,1.0,2.0,2.0,0.0,2.0,1.0,4.0,-3.0,1.0,-4.0,5.0,0.0,0.0,0.0,0.0,1.0,-1.0,66.7,33.3,0.0,75.0,1444.4,1473.6
2023-06-04,2023,Sandefjord,Odd,4,1,H,O,2.71,3.26,2.57,4,1.0,1.0,1.0,2.0,5.0,3.0,2.0,2.0,5.0,-3.0,3.0,-2.0,5.0,1.0,0.0,1.0,0.0,1.0,-1.0,33.3,33.3,20.0,40.0,1403.6,1518.6
2023-06-04,2023,Rosenborg,Ham-Kam,4,0,H,O,1.66,3.77,5.11,6,1.0,0.0,2.0,3.0,2.0,5.0,-3.0,5.0,13.0,-8.0,-3.0,-8.0,5.0,0.0,0.0,0.0,2.0,2.0,0.0,40.0,40.0,0.0,100.0,1585.2,1452.9
2023-06-04,2023,Lillestrom,Stabaek,3,1,H,O,1.54,4.2,5.7,5,1.0,1.0,2.0,2.0,4.0,4.0,0.0,5.0,10.0,-5.0,-1.0,-6.0,5.0,0.0,0.0,0.0,0.0,2.0,-2.0,50.0,50.0,33.3,66.7,1564.2,1483.0
2023-06-04,2023,Aalesund,Brann,1,3,A,O,5.05,3.93,1.64,5,1.0,1.0,1.0,1.0,3.0,5.0,-2.0,4.0,4.0,0.0,-1.0,1.0,-2.0,1.0,1.0,0.0,1.0,0.0,1.0,25.0,50.0,25.0,50.0,1413.8,1511.5
2023-05-29,2023,Stabaek,Valerenga,2,1,H,O,2.66,3.18,2.68,5,2.0,1.0,0.0,1.0,5.0,5.0,0.0,1.0,5.0,-4.0,4.0,0.0,4.0,1.0,1.0,0.0,0.0,1.0,-1.0,50.0,0.0,50.0,25.0,1471.0,1542.7
2023-05-29,2023,Sarpsborg 08,Aalesund,3,1,H,O,1.56,4.23,5.41,4,1.0,0.0,1.0,3.0,2.0,0.0,2.0,3.0,8.0,-5.0,-1.0,-8.0,7.0,0.0,0.0,0.0,1.0,2.0,-1.0,33.3,33.3,0.0,100.0,1537.7,1420.5
2023-05-29,2023,Odd,Stromsgodset,1,1,D,U,1.99,3.51,3.59,4,1.0,0.0,1.0,2.0,2.0,3.0,-1.0,1.0,6.0,-5.0,1.0,-3.0,4.0,1.0,0.0,1.0,0.0,1.0,-1.0,33.3,33.3,0.0,75.0,1520.8,1442.2
2023-05-29,2023,Molde,Sandefjord,5,0,H,O,1.18,7.15,13.29,5,2.0,0.0,1.0,1.0,8.0,1.0,7.0,5.0,2.0,3.0,3.0,-1.0,4.0,1.0,0.0,1.0,0.0,0.0,0.0,50.0,25.0,0.0,50.0,1699.0,1406.7
2023-05-29,2023,Haugesund,Tromso,1,2,A,O,2.42,3.13,3.01,4,1.0,2.0,0.0,0.0,4.0,3.0,1.0,3.0,1.0,2.0,1.0,2.0,-1.0,0.0,0.0,0.0,0.0,0.0,0.0,33.3,0.0,66.7,0.0,1481.9,1543.9
2023-05-29,2023,Ham-Kam,Lillestrom,0,0,D,U,3.54,3.48,2.03,5,1.0,2.0,2.0,1.0,3.0,5.0,-2.0,6.0,5.0,1.0,-3.0,0.0,-3.0,1.0,0.0,1.0,1.0,1.0,0.0,50.0,50.0,66.7,33.3,1449.6,1567.5
2023-05-29,2023,Brann,Rosenborg,3,1,H,O,1.55,4.17,5.64,5,2.0,0.0,0.0,1.0,7.0,3.0,4.0,2.0,4.0,-2.0,5.0,-1.0,6.0,2.0,0.0,2.0,0.0,0.0,0.0,75.0,0.0,0.0,33.3,1498.7,1598.0
2023-05-29,2023,Bodo/Glimt,Viking,5,1,H,O,1.43,4.98,6.17,5,2.0,1.0,0.0,1.0,7.0,3.0,4.0,4.0,3.0,1.0,3.0,0.0,3.0,1.0,0.0,1.0,0.0,0.0,0.0,75.0,0.0,33.3,33.3,1719.6,1542.1
2023-05-16,2023,Viking,Odd,3,2,H,O,1.61,4.16,4.99,4,2.0,1.0,0.0,1.0,10.0,1.0,9.0,4.0,2.0,2.0,6.0,-1.0,7.0,2.0,0.0,2.0,0.0,1.0,-1.0,66.7,0.0,25.0,25.0,1532.1,1530.8
2023-05-16,2023,Valerenga,Ham-Kam,3,0,H,O,1.72,3.84,4.51,3,,,,,,,,,,,,,,,,,,,,0.0,100.0,0.0,100.0,1534.9,1457.4
2023-05-16,2023,Tromso,Bodo/Glimt,2,3,A,O,5.24,3.95,1.62,4,1.0,3.0,1.0,0.0,2.0,7.0,-5.0,2.0,1.0,1.0,0.0,6.0,-6.0,0.0,2.0,-2.0,0.0,0.0,0.0,33.3,33.3,100.0,0.0,1549.5,1714.0
2023-05-16,2023,Stromsgodset,Sandefjord,1,0,H,U,1.77,3.86,4.19,3,,0.0,,1.0,,1.0,,,3.0,,,-2.0,,,0.0,,,1.0,,50.0,50.0,0.0,33.3,1432.6,1416.2
2023-05-16,2023,Rosenborg,Haugesund,1,0,H,U,1.71,3.52,5.23,5,0.0,0.0,2.0,2.0,2.0,0.0,2.0,6.0,6.0,0.0,-4.0,-6.0,2.0,0.0,0.0,0.0,2.0,2.0,0.0,25.0,50.0,0.0,66.7,1590.9,1489.0
2023-05-16,2023,Lillestrom,Sarpsborg 08,1,2,A,O,2.11,3.58,3.25,4,2.0,1.0,1.0,0.0,7.0,3.0,4.0,6.0,1.0,5.0,1.0,2.0,-1.0,0.0,1.0,-1.0,0.0,0.0,0.0,66.7,33.3,33.3,0.0,1579.0,1526.2
2023-05-16,2023,Brann,Stabaek,4,1,H,O,1.32,5.22,9.2,4,2.0,,0.0,,6.0,,,1.0,,,5.0,,,2.0,,,0.0,,,66.7,0.0,50.0,50.0,1488.9,1480.7
2023-05-16,2023,Aalesund,Molde,3,1,H,O,5.17,3.79,1.66,4,0.0,1.0,2.0,2.0,0.0,5.0,-5.0,4.0,3.0,1.0,-4.0,2.0,-6.0,0.0,1.0,-1.0,1.0,0.0,1.0,0.0,66.7,33.3,66.7,1403.3,1716.2
2023-05-13,2023,Stabaek,Aalesund,1,0,H,U,1.76,3.54,4.77,4,1.0,0.0,0.0,3.0,4.0,0.0,4.0,1.0,8.0,-7.0,3.0,-8.0,11.0,1.0,0.0,1.0,0.0,2.0,-2.0,33.3,0.0,0.0,100.0,1472.5,1411.6
2023-05-13,2023,Sarpsborg 08,Brann,2,1,H,O,3.71,3.79,1.9,3,,1.0,,1.0,,4.0,,,4.0,,,0.0,,,1.0,,,1.0,,0.0,50.0,33.3,33.3,1516.8,1498.4
2023-05-13,2023,Sandefjord,Viking,1,2,A,O,3.66,3.59,1.96,3,,,,,,,,,,,,,,,,,,,,50.0,0.0,0.0,50.0,1423.4,1525.0
2023-05-13,2023,Molde,Stromsgodset,3,2,H,O,1.25,6.06,10.51,4,1.0,0.0,1.0,2.0,6.0,4.0,2.0,4.0,7.0,-3.0,2.0,-3.0,5.0,1.0,0.0,1.0,0.0,1.0,-1.0,33.3,33.3,0.0,66.7,1712.8,1436.0
2023-05-13,2023,Haugesund,Valerenga,1,1,D,U,2.87,3.28,2.43,3,,2.0,,1.0,,5.0,,,4.0,,,1.0,,,1.0,,,1.0,,50.0,0.0,66.7,33.3,1487.6,1536.3
2023-05-13,2023,Ham-Kam,Tromso,1,2,A,O,1.99,3.26,3.94,4,2.0,,1.0,,4.0,,,4.0,,,0.0,,,2.0,,,1.0,,,66.7,33.3,50.0,0.0,1465.3,1541.7
2023-05-13,2023,Bodo/Glimt,Rosenborg,3,2,H,O,1.31,5.28,9.23,4,2.0,,0.0,,8.0,,,2.0,,,6.0,,,2.0,,,0.0,,,66.7,0.0,0.0,0.0,1707.0,1597.8
2023-05-12,2023,Odd,Lillestrom,0,1,A,U,2.87,3.35,2.42,3,,,,,,,,,,,,,,,,,,,,50.0,0.0,50.0,50.0,1540.0,1569.8
2023-05-08,2023,Brann,Sandefjord,0,0,D,U,1.16,7.61,14.78,3,,,,,,,,,,,,,,,,,,,,100.0,0.0,0.0,50.0,1500.7,1421.1
2023-05-07,2023,Viking,Stromsgodset,1,1,D,U,1.42,4.84,6.65,3,,,,,,,,,,,,,,,,,,,,100.0,0.0,0.0,100.0,1527.6,1433.4
2023-05-07,2023,Tromso,Odd,0,1,A,U,2.45,3.19,2.92,3,,0.0,,1.0,,0.0,,,2.0,,,-2.0,,,0.0,,,1.0,,50.0,0.0,0.0,33.3,1552.4,1529.3
2023-05-07,2023,Stabaek,Sarpsborg 08,1,1,D,U,2.45,3.38,2.77,3,,,,,,,,,,,,,,,,,,,,50.0,0.0,50.0,0.0,1471.1,1518.1
2023-05-07,2023,Lillestrom,Bodo/Glimt,1,2,A,O,2.93,3.56,2.27,3,,,,,,,,,,,,,,,,,,,,100.0,0.0,100.0,0.0,1576.4,1700.5
2023-05-07,2023,Ham-Kam,Molde,0,4,A,O,4.91,3.98,1.64,3,,,,,,,,,,,,,,,,,,,,100.0,0.0,0.0,100.0,1469.3,1708.8
2023-05-07,2023,Aalesund,Haugesund,0,0,D,U,2.05,3.24,3.73,3,,,,,,,,,,,,,,,,,,,,0.0,100.0,0.0,100.0,1409.3,1489.9
2023-05-06,2023,Rosenborg,Valerenga,1,3,A,O,1.94,3.5,3.84,4,1.0,,1.0,,2.0,,,3.0,,,-1.0,,,0.0,,,1.0,,,33.3,33.3,50.0,50.0,1610.3,1523.9
2023-05-03,2023,Rosenborg,Brann,0,2,A,U,3.15,3.24,2.3,3,,,,,,,,,,,,,,,,,,,,50.0,0.0,0.0,50.0,1624.0,1486.9
2023-05-03,2023,Molde,Aalesund,3,0,H,O,1.23,5.94,13.0,3,,,,,,,,,,,,,,,,,,,,0.0,50.0,0.0,100.0,1705.7,1412.5
2023-05-03,2023,Bodo/Glimt,Odd,2,0,H,U,1.24,6.33,10.65,3,,,,,,,,,,,,,,,,,,,,50.0,0.0,0.0,0.0,1694.8,1535.0
2023-05-01,2023,Valerenga,Lillestrom,3,4,A,O,2.79,3.32,2.48,2,,,,,,,,,,,,,,,,,,,,0.0,100.0,0.0,100.0,1532.9,1567.4
2023-04-30,2023,Viking,Ham-Kam,7,3,H,O,1.64,3.91,5.06,2,,,,,,,,,,,,,,,,,,,,100.0,0.0,0.0,100.0,1518.8,1478.1
2023-04-30,2023,Stromsgodset,Tromso,0,1,A,U,2.09,3.44,3.43,2,,,,,,,,,,,,,,,,,,,,100.0,0.0,0.0,0.0,1440.4,1545.3
2023-04-30,2023,Sandefjord,Aalesund,4,0,H,O,2.35,3.03,3.25,2,,,,,,,,,,,,,,,,,,,,0.0,0.0,0.0,100.0,1410.8,1422.8
2023-04-30,2023,Odd,Rosenborg,0,0,D,U,2.76,3.36,2.47,2,,,,,,,,,,,,,,,,,,,,100.0,0.0,0.0,0.0,1532.3,1626.7
2023-04-30,2023,Molde,Stabaek,2,3,A,O,1.4,4.82,7.17,2,,,,,,,,,,,,,,,,,,,,0.0,0.0,0.0,100.0,1722.2,1454.7
2023-04-30,2023,Haugesund,Sarpsborg 08,0,0,D,U,2.58,3.39,2.63,2,,,,,,,,,,,,,,,,,,,,100.0,0.0,100.0,0.0,1489.0,1519.0
2023-04-29,2023,Bodo/Glimt,Brann,2,2,D,O,1.84,3.92,3.82,2,,,,,,,,,,,,,,,,,,,,100.0,0.0,0.0,100.0,1700.4,1481.3
2023-04-23,2023,Tromso,Viking,1,1,D,U,2.43,3.2,2.97,2,,,,,,,,,,,,,,,,,,,,100.0,0.0,0.0,100.0,1546.1,1518.0
2023-04-23,2023,Stabaek,Haugesund,3,0,H,O,1.95,3.38,3.94,2,,,,,,,,,,,,,,,,,,,,0.0,0.0,0.0,100.0,1443.0,1500.7
2023-04-23,2023,Sarpsborg 08,Odd,0,0,D,U,1.78,3.94,4.04,2,,,,,,,,,,,,,,,,,,,,0.0,100.0,0.0,0.0,1518.6,1532.7
2023-04-23,2023,Rosenborg,Sandefjord,1,1,D,U,1.38,4.87,7.71,2,,,,,,,,,,,,,,,,,,,,100.0,0.0,0.0,100.0,1632.4,1405.0
2023-04-23,2023,Lillestrom,Molde,2,1,H,O,3.16,3.54,2.15,2,,,,,,,,,,,,,,,,,,,,100.0,0.0,0.0,100.0,1552.6,1737.0
2023-04-23,2023,Ham-Kam,Stromsgodset,2,0,H,U,2.05,3.5,3.47,2,,,,,,,,,,,,,,,,,,,,100.0,0.0,0.0,100.0,1468.7,1449.9
2023-04-23,2023,Aalesund,Bodo/Glimt,0,3,A,O,5.73,4.2,1.54,2,,,,,,,,,,,,,,,,,,,,0.0,100.0,100.0,0.0,1426.3,1696.9
2023-04-22,2023,Brann,Valerenga,3,1,H,O,1.39,4.87,7.24,2,,,,,,,,,,,,,,,,,,,,100.0,0.0,100.0,0.0,1469.2,1545.0
2023-04-19,2023,Lillestrom,Stromsgodset,4,3,H,O,1.58,4.21,5.15,1,,,,,,,,,,,,,,,,,,,,,,,,1545.0,1457.4
2023-04-16,2023,Valerenga,Sarpsborg 08,0,2,A,U,2.02,3.64,3.43,1,,,,,,,,,,,,,,,,,,,,,,,,1556.4,1507.1
2023-04-16,2023,Stromsgodset,Aalesund,1,0,H,U,2.07,3.42,3.5,1,,,,,,,,,,,,,,,,,,,,,,,,1447.8,1435.9
2023-04-16,2023,Sandefjord,Tromso,0,0,D,U,3.01,3.29,2.35,1,,,,,,,,,,,,,,,,,,,,,,,,1401.0,1550.1
2023-04-16,2023,Odd,Brann,2,0,H,U,4.42,4.02,1.7,1,,,,,,,,,,,,,,,,,,,,,,,,1524.1,1477.9
2023-04-16,2023,Molde,Rosenborg,1,1,D,U,1.43,4.72,6.67,1,,,,,,,,,,,,,,,,,,,,,,,,1740.1,1629.3
2023-04-16,2023,Haugesund,Ham-Kam,3,2,H,O,2.03,3.36,3.69,1,,,,,,,,,,,,,,,,,,,,,,,,1491.1,1478.3
2023-04-16,2023,Bodo/Glimt,Stabaek,4,0,H,O,1.29,5.86,8.92,1,,,,,,,,,,,,,,,,,,,,,,,,1693.0,1446.9
2023-04-15,2023,Viking,Lillestrom,2,0,H,U,2.25,3.34,3.14,1,,,,,,,,,,,,,,,,,,,,,,,,1506.5,1556.4
2023-04-10,2023,Tromso,Molde,1,0,H,U,4.04,3.67,1.85,1,,,,,,,,,,,,,,,,,,,,,,,,1534.5,1755.7
2023-04-10,2023,Stabaek,Odd,0,0,D,U,2.09,3.41,3.48,1,,,,,,,,,,,,,,,,,,,,,,,,1444.6,1526.4
2023-04-10,2023,Sarpsborg 08,Bodo/Glimt,0,2,A,U,3.5,3.83,1.95,1,,,,,,,,,,,,,,,,,,,,,,,,1512.5,1687.6
2023-04-10,2023,Rosenborg,Viking,1,0,H,U,1.95,3.6,3.72,1,,,,,,,,,,,,,,,,,,,,,,,,1622.4,1513.5
2023-04-10,2023,Ham-Kam,Sandefjord,2,0,H,U,1.89,3.57,4.0,1,,,,,,,,,,,,,,,,,,,,,,,,1470.0,1409.3
2023-04-10,2023,Brann,Haugesund,3,0,H,O,1.36,5.07,7.89,1,,,,,,,,,,,,,,,,,,,,,,,,1466.9,1502.1
2023-04-10,2023,Aalesund,Valerenga,0,1,A,U,2.99,3.34,2.34,1,,,,,,,,,,,,,,,,,,,,,,,,1443.0,1549.4
2022-11-19,2022,Kongsvinger,Sandefjord,2,1,H,O,2.18,3.75,2.91,1,,0.0,,3.0,,2.0,,,7.0,,,-5.0,,,0.0,,,1.0,,,,33.3,66.7,1487.3,1417.3
2022-11-16,2022,Sandefjord,Kongsvinger,4,0,H,O,2.13,3.37,3.27,16,0.0,,2.0,,4.0,,,6.0,,,-2.0,,,0.0,,,0.0,,,6.7,53.3,,,1404.6,1500.0
2022-11-13,2022,Viking,Odd,1,1,D,U,1.85,4.09,3.57,15,0.0,1.0,3.0,1.0,1.0,6.0,-5.0,8.0,5.0,3.0,-7.0,1.0,-8.0,0.0,1.0,-1.0,2.0,0.0,2.0,35.7,35.7,35.7,35.7,1513.1,1526.8
2022-11-13,2022,Valerenga,Molde,1,2,A,O,2.77,4.19,2.16,15,1.0,3.0,1.0,0.0,7.0,6.0,1.0,9.0,1.0,8.0,-2.0,5.0,-7.0,1.0,1.0,0.0,1.0,0.0,1.0,64.3,21.4,85.7,0.0,1554.3,1750.9
2022-11-13,2022,Tromso,Aalesund,2,2,D,O,1.75,3.82,4.32,15,1.0,1.0,1.0,2.0,5.0,1.0,4.0,5.0,7.0,-2.0,0.0,-6.0,6.0,0.0,0.0,0.0,0.0,2.0,-2.0,57.1,14.3,28.6,50.0,1537.2,1440.3
2022-11-13,2022,Stromsgodset,Bodo/Glimt,2,4,A,O,4.16,4.76,1.63,15,1.0,2.0,2.0,1.0,6.0,12.0,-6.0,5.0,4.0,1.0,1.0,8.0,-7.0,1.0,2.0,-1.0,0.0,0.0,0.0,50.0,35.7,64.3,35.7,1451.9,1683.5
2022-11-13,2022,Sandefjord,Haugesund,2,2,D,O,2.01,3.94,3.21,15,0.0,2.0,2.0,1.0,3.0,3.0,0.0,5.0,5.0,0.0,-2.0,-2.0,0.0,0.0,0.0,0.0,0.0,1.0,-1.0,7.1,57.1,28.6,50.0,1401.7,1505.0
2022-11-13,2022,Rosenborg,Sarpsborg 08,2,3,A,O,1.46,4.96,5.7,15,3.0,1.0,0.0,0.0,9.0,5.0,4.0,2.0,4.0,-2.0,7.0,1.0,6.0,2.0,0.0,2.0,0.0,0.0,0.0,85.7,0.0,35.7,50.0,1636.1,1498.7
2022-11-13,2022,Lillestrom,Ham-Kam,3,1,H,O,1.8,3.88,3.99,15,0.0,1.0,3.0,1.0,1.0,2.0,-1.0,7.0,6.0,1.0,-6.0,-4.0,-2.0,0.0,0.0,0.0,2.0,1.0,1.0,57.1,28.6,14.3,35.7,1548.4,1478.0
2022-11-13,2022,Kristiansund,Jerv,1,1,D,U,1.25,6.51,9.35,15,1.0,1.0,1.0,1.0,8.0,5.0,3.0,5.0,5.0,0.0,3.0,0.0,3.0,1.0,0.0,1.0,0.0,0.0,0.0,28.6,42.9,7.1,78.6,1467.8,1400.0
2022-11-06,2022,Sarpsborg 08,Kristiansund,2,2,D,O,1.9,4.04,3.45,15,2.0,0.0,0.0,2.0,9.0,2.0,7.0,4.0,10.0,-6.0,5.0,-8.0,13.0,1.0,0.0,1.0,0.0,2.0,-2.0,42.9,42.9,7.1,78.6,1499.7,1466.9
2022-11-06,2022,Odd,Stromsgodset,5,1,H,O,1.83,3.96,3.8,15,2.0,0.0,0.0,2.0,5.0,1.0,4.0,2.0,8.0,-6.0,3.0,-7.0,10.0,1.0,0.0,1.0,0.0,2.0,-2.0,50.0,42.9,14.3,57.1,1518.4,1460.3
2022-11-06,2022,Molde,Sandefjord,2,1,H,O,1.22,6.82,10.54,15,3.0,0.0,0.0,3.0,10.0,1.0,9.0,1.0,9.0,-8.0,9.0,-8.0,17.0,2.0,0.0,2.0,0.0,2.0,-2.0,78.6,14.3,35.7,64.3,1748.4,1404.1
2022-11-06,2022,Jerv,Rosenborg,2,4,A,O,6.66,4.93,1.41,15,0.0,0.0,2.0,2.0,4.0,6.0,-2.0,7.0,8.0,-1.0,-3.0,-2.0,-1.0,0.0,0.0,0.0,1.0,0.0,1.0,28.6,57.1,21.4,35.7,1404.3,1631.9
2022-11-06,2022,Haugesund,Valerenga,1,1,D,U,2.34,3.47,2.86,15,1.0,0.0,1.0,3.0,4.0,3.0,1.0,4.0,8.0,-4.0,0.0,-5.0,5.0,0.0,0.0,0.0,0.0,1.0,-1.0,42.9,35.7,28.6,57.1,1503.5,1555.8
2022-11-06,2022,Ham-Kam,Tromso,1,2,A,O,2.46,3.28,2.84,15,1.0,1.0,1.0,0.0,4.0,5.0,-1.0,4.0,4.0,0.0,0.0,1.0,-1.0,0.0,0.0,0.0,0.0,0.0,0.0,28.6,28.6,7.1,35.7,1486.8,1528.4
2022-11-06,2022,Bodo/Glimt,Viking,5,4,H,O,1.2,7.06,11.66,15,2.0,1.0,0.0,1.0,10.0,5.0,5.0,2.0,5.0,-3.0,8.0,0.0,8.0,2.0,0.0,2.0,0.0,0.0,0.0,50.0,7.1,28.6,50.0,1677.7,1518.8
2022-11-06,2022,Aalesund,Lillestrom,2,1,H,O,4.2,3.58,1.83,15,2.0,2.0,0.0,1.0,3.0,5.0,-2.0,1.0,3.0,-2.0,2.0,2.0,0.0,0.0,1.0,-1.0,0.0,1.0,-1.0,35.7,28.6,50.0,28.6,1426.5,1562.2
2022-10-30,2022,Viking,Molde,1,4,A,O,2.6,3.75,2.43,14,0.0,3.0,2.0,0.0,2.0,6.0,-4.0,6.0,2.0,4.0,-4.0,4.0,-8.0,0.0,1.0,-1.0,1.0,0.0,1.0,38.5,30.8,84.6,0.0,1523.2,1744.0
2022-10-30,2022,Tromso,Jerv,2,2,D,O,1.28,6.04,8.87,14,2.0,1.0,1.0,2.0,6.0,6.0,0.0,5.0,7.0,-2.0,1.0,-1.0,2.0,0.0,0.0,0.0,0.0,0.0,0.0,61.5,15.4,7.7,84.6,1532.0,1400.7
2022-10-30,2022,Sandefjord,Ham-Kam,1,2,A,O,2.63,3.28,2.66,14,0.0,0.0,2.0,2.0,3.0,0.0,3.0,6.0,7.0,-1.0,-3.0,-7.0,4.0,0.0,0.0,0.0,1.0,2.0,-1.0,7.7,53.8,7.7,38.5,1412.2,1478.7
2022-10-30,2022,Rosenborg,Bodo/Glimt,3,2,H,O,2.34,3.56,2.82,14,3.0,2.0,0.0,1.0,9.0,12.0,-3.0,1.0,4.0,-3.0,8.0,8.0,0.0,3.0,2.0,1.0,0.0,0.0,0.0,84.6,0.0,69.2,30.8,1619.9,1689.7
2022-10-30,2022,Lillestrom,Odd,0,2,A,U,1.39,4.86,7.31,14,1.0,1.0,2.0,1.0,3.0,7.0,-4.0,6.0,6.0,0.0,-3.0,1.0,-4.0,0.0,1.0,-1.0,1.0,0.0,1.0,61.5,23.1,30.8,38.5,1574.1,1506.5
2022-10-30,2022,Kristiansund,Aalesund,4,0,H,O,1.73,3.93,4.32,14,1.0,2.0,1.0,1.0,7.0,3.0,4.0,7.0,4.0,3.0,0.0,-1.0,1.0,0.0,0.0,0.0,0.0,1.0,-1.0,23.1,46.2,30.8,46.2,1457.5,1435.9
2022-10-29,2022,Valerenga,Sarpsborg 08,3,3,D,O,2.09,3.79,3.1,14,2.0,2.0,1.0,0.0,8.0,5.0,3.0,6.0,2.0,4.0,2.0,3.0,-1.0,2.0,1.0,1.0,1.0,0.0,1.0,69.2,23.1,38.5,53.8,1557.5,1498.0
2022-10-29,2022,Stromsgodset,Haugesund,1,2,A,O,2.15,3.72,3.03,14,1.0,1.0,2.0,1.0,6.0,2.0,4.0,5.0,5.0,0.0,1.0,-3.0,4.0,1.0,0.0,1.0,0.0,1.0,-1.0,53.8,30.8,23.1,53.8,1469.6,1494.2
2022-10-23,2022,Sarpsborg 08,Tromso,1,1,D,U,1.87,3.82,3.76,14,3.0,1.0,0.0,1.0,10.0,5.0,5.0,4.0,5.0,-1.0,6.0,0.0,6.0,1.0,0.0,1.0,0.0,0.0,0.0,46.2,46.2,7.7,38.5,1496.9,1533.1
2022-10-23,2022,Molde,Rosenborg,2,1,H,O,1.82,3.9,3.91,14,3.0,0.0,0.0,2.0,12.0,8.0,4.0,1.0,10.0,-9.0,11.0,-2.0,13.0,3.0,0.0,3.0,0.0,0.0,0.0,76.9,15.4,23.1,30.8,1737.1,1626.8
2022-10-23,2022,Jerv,Viking,2,2,D,O,4.82,4.19,1.63,14,0.0,1.0,3.0,2.0,2.0,4.0,-2.0,7.0,7.0,0.0,-5.0,-3.0,-2.0,0.0,0.0,0.0,2.0,1.0,1.0,30.8,61.5,30.8,53.8,1397.1,1526.8
2022-10-23,2022,Haugesund,Lillestrom,0,1,A,U,2.92,3.4,2.35,14,2.0,1.0,0.0,2.0,6.0,5.0,1.0,4.0,6.0,-2.0,2.0,-1.0,3.0,0.0,1.0,-1.0,0.0,2.0,-2.0,46.2,30.8,46.2,30.8,1502.4,1565.9
2022-10-23,2022,Bodo/Glimt,Kristiansund,5,0,H,O,1.16,8.17,13.37,14,1.0,0.0,1.0,1.0,6.0,3.0,3.0,6.0,6.0,0.0,0.0,-3.0,3.0,1.0,0.0,1.0,1.0,1.0,0.0,46.2,7.7,7.7,76.9,1685.4,1461.8
2022-10-23,2022,Aalesund,Sandefjord,1,0,H,U,1.79,3.89,4.1,14,1.0,0.0,1.0,3.0,3.0,2.0,1.0,4.0,11.0,-7.0,-1.0,-9.0,8.0,0.0,0.0,0.0,1.0,3.0,-2.0,30.8,30.8,38.5,61.5,1426.0,1422.1
2022-10-22,2022,Odd,Valerenga,2,1,H,O,2.92,3.63,2.25,14,2.0,1.0,0.0,2.0,5.0,4.0,1.0,2.0,7.0,-5.0,3.0,-3.0,6.0,1.0,0.0,1.0,0.0,1.0,-1.0,46.2,46.2,30.8,53.8,1494.4,1569.6
2022-10-22,2022,Ham-Kam,Stromsgodset,1,1,D,U,1.98,3.53,3.63,14,2.0,0.0,1.0,3.0,4.0,1.0,3.0,3.0,9.0,-6.0,1.0,-8.0,9.0,0.0,0.0,0.0,0.0,2.0,-2.0,30.8,30.8,15.4,61.5,1479.0,1469.3
2022-10-19,2022,Jerv,Aalesund,0,1,A,U,3.57,3.7,1.95,13,1.0,1.0,2.0,2.0,3.0,3.0,0.0,6.0,6.0,0.0,-3.0,-3.0,0.0,0.0,0.0,0.0,2.0,1.0,1.0,33.3,58.3,25.0,50.0,1406.8,1416.3
2022-10-16,2022,Viking,Sarpsborg 08,0,1,A,U,2.04,3.77,3.25,13,0.0,1.0,2.0,1.0,3.0,5.0,-2.0,7.0,6.0,1.0,-4.0,-1.0,-3.0,0.0,1.0,-1.0,1.0,1.0,0.0,41.7,25.0,33.3,58.3,1538.3,1485.4
2022-10-16,2022,Valerenga,Bodo/Glimt,0,6,A,O,2.65,3.71,2.41,13,3.0,2.0,0.0,1.0,11.0,8.0,3.0,1.0,4.0,-3.0,10.0,4.0,6.0,3.0,2.0,1.0,0.0,0.0,0.0,75.0,16.7,66.7,33.3,1576.7,1678.2
2022-10-16,2022,Sandefjord,Jerv,1,2,A,O,1.59,4.39,4.9,13,0.0,0.0,1.0,3.0,4.0,5.0,-1.0,6.0,8.0,-2.0,-2.0,-3.0,1.0,0.0,0.0,0.0,1.0,0.0,1.0,8.3,50.0,0.0,91.7,1433.2,1395.8
2022-10-16,2022,Lillestrom,Molde,0,1,A,U,3.29,3.61,2.08,13,1.0,3.0,1.0,0.0,4.0,9.0,-5.0,6.0,3.0,3.0,-2.0,6.0,-8.0,0.0,2.0,-2.0,1.0,0.0,1.0,66.7,16.7,83.3,0.0,1571.6,1731.4
2022-10-16,2022,Kristiansund,Haugesund,0,1,A,U,2.27,3.58,2.93,13,2.0,0.0,0.0,2.0,10.0,1.0,9.0,7.0,6.0,1.0,3.0,-5.0,8.0,1.0,0.0,1.0,0.0,1.0,-1.0,25.0,41.7,16.7,58.3,1471.2,1493.0
2022-10-16,2022,Aalesund,Ham-Kam,0,0,D,U,2.19,3.4,3.24,13,1.0,0.0,1.0,3.0,4.0,1.0,3.0,5.0,9.0,-4.0,-1.0,-8.0,7.0,0.0,0.0,0.0,1.0,2.0,-1.0,33.3,33.3,8.3,41.7,1414.4,1480.9
2022-10-15,2022,Tromso,Odd,3,2,H,O,1.72,3.85,4.56,13,2.0,1.0,1.0,0.0,4.0,6.0,-2.0,3.0,4.0,-1.0,1.0,2.0,-1.0,0.0,1.0,-1.0,0.0,0.0,0.0,58.3,16.7,33.3,33.3,1523.7,1503.8
2022-10-15,2022,Rosenborg,Stromsgodset,3,0,H,O,1.31,5.71,8.16,13,3.0,0.0,0.0,3.0,10.0,1.0,9.0,2.0,7.0,-5.0,8.0,-6.0,14.0,3.0,0.0,3.0,0.0,1.0,-1.0,83.3,0.0,16.7,58.3,1620.8,1475.3
2022-10-09,2022,Viking,Lillestrom,0,3,A,O,2.34,3.41,2.92,12,1.0,0.0,1.0,3.0,5.0,2.0,3.0,5.0,7.0,-2.0,0.0,-5.0,5.0,0.0,0.0,0.0,0.0,2.0,-2.0,45.5,18.2,41.7,33.3,1547.9,1562.0
2022-10-09,2022,Stromsgodset,Tromso,1,2,A,O,2.46,3.54,2.68,13,2.0,0.0,1.0,2.0,11.0,3.0,8.0,3.0,5.0,-2.0,8.0,-2.0,10.0,2.0,0.0,2.0,0.0,0.0,0.0,58.3,25.0,0.0,41.7,1484.5,1514.5
2022-10-09,2022,Rosenborg,Valerenga,3,0,H,O,1.8,3.94,3.92,12,3.0,1.0,0.0,1.0,9.0,5.0,4.0,3.0,5.0,-2.0,6.0,0.0,6.0,2.0,0.0,2.0,0.0,0.0,0.0,81.8,0.0,33.3,50.0,1611.5,1586.0
2022-10-09,2022,Odd,Kristiansund,1,1,D,U,1.82,3.97,3.85,13,3.0,0.0,0.0,2.0,5.0,3.0,2.0,1.0,7.0,-6.0,4.0,-4.0,8.0,1.0,0.0,1.0,0.0,1.0,-1.0,50.0,50.0,8.3,83.3,1504.8,1470.2
2022-10-09,2022,Molde,Ham-Kam,5,0,H,O,1.22,6.43,11.29,13,3.0,0.0,0.0,2.0,10.0,3.0,7.0,1.0,6.0,-5.0,9.0,-3.0,12.0,3.0,0.0,3.0,0.0,1.0,-1.0,75.0,16.7,9.1,36.4,1727.5,1484.9
2022-10-09,2022,Bodo/Glimt,Sandefjord,4,1,H,O,1.11,10.01,17.26,13,0.0,0.0,1.0,3.0,4.0,1.0,3.0,7.0,10.0,-3.0,-3.0,-9.0,6.0,0.0,0.0,0.0,1.0,3.0,-2.0,41.7,8.3,41.7,58.3,1674.2,1437.3
2022-10-08,2022,Sarpsborg 08,Haugesund,4,0,H,O,1.81,3.9,3.98,13,2.0,1.0,1.0,1.0,7.0,3.0,4.0,8.0,3.0,5.0,-1.0,0.0,-1.0,0.0,0.0,0.0,1.0,0.0,1.0,41.7,50.0,18.2,54.5,1474.6,1503.8
2022-10-02,2022,Sandefjord,Sarpsborg 08,1,1,D,U,3.47,3.88,1.95,12,0.0,1.0,2.0,2.0,5.0,4.0,1.0,10.0,6.0,4.0,-5.0,-2.0,-3.0,0.0,1.0,-1.0,2.0,1.0,1.0,9.1,54.5,36.4,63.6,1436.1,1475.7
2022-10-02,2022,Kristiansund,Rosenborg,4,4,D,O,3.74,4.03,1.83,12,3.0,1.0,0.0,2.0,8.0,9.0,-1.0,4.0,8.0,-4.0,4.0,1.0,3.0,1.0,1.0,0.0,0.0,0.0,0.0,27.3,45.5,25.0,33.3,1466.2,1615.6
2022-10-02,2022,Haugesund,Odd,2,2,D,O,1.88,3.65,3.95,13,2.0,1.0,1.0,1.0,4.0,4.0,0.0,3.0,9.0,-6.0,1.0,-5.0,6.0,0.0,1.0,-1.0,0.0,1.0,-1.0,50.0,33.3,36.4,36.4,1503.8,1504.8
2022-10-02,2022,Ham-Kam,Jerv,2,1,H,O,1.34,5.29,8.02,13,1.0,0.0,1.0,3.0,3.0,4.0,-1.0,3.0,12.0,-9.0,0.0,-8.0,8.0,0.0,0.0,0.0,0.0,1.0,-1.0,25.0,33.3,0.0,90.9,1476.9,1403.7
2022-10-02,2022,Aalesund,Viking,2,1,H,O,2.46,3.54,2.7,12,0.0,1.0,2.0,2.0,3.0,4.0,-1.0,6.0,7.0,-1.0,-3.0,-3.0,0.0,0.0,0.0,0.0,1.0,1.0,0.0,27.3,36.4,33.3,50.0,1400.1,1562.2
2022-10-01,2022,Valerenga,Stromsgodset,4,0,H,O,1.53,4.49,5.36,12,3.0,0.0,0.0,2.0,8.0,3.0,5.0,1.0,5.0,-4.0,7.0,-2.0,9.0,2.0,0.0,2.0,0.0,0.0,0.0,72.7,18.2,18.2,54.5,1578.5,1492.0
2022-10-01,2022,Tromso,Molde,0,1,A,U,3.17,3.64,2.13,12,3.0,3.0,0.0,0.0,8.0,9.0,-1.0,5.0,3.0,2.0,3.0,6.0,-3.0,0.0,2.0,-2.0,0.0,0.0,0.0,63.6,9.1,81.8,0.0,1519.2,1722.7
2022-10-01,2022,Lillestrom,Bodo/Glimt,1,4,A,O,2.98,3.54,2.26,12,2.0,2.0,0.0,1.0,6.0,8.0,-2.0,2.0,4.0,-2.0,4.0,4.0,0.0,1.0,2.0,-1.0,0.0,0.0,0.0,72.7,9.1,63.6,36.4,1569.3,1666.9
2022-09-18,2022,Viking,Tromso,2,2,D,O,2.02,3.52,3.54,11,1.0,0.0,1.0,2.0,4.0,2.0,2.0,4.0,4.0,0.0,0.0,-2.0,2.0,0.0,0.0,0.0,0.0,0.0,0.0,50.0,20.0,0.0,45.5,1563.5,1517.9
2022-09-18,2022,Valerenga,Sandefjord,4,0,H,O,1.3,5.7,8.54,11,3.0,0.0,0.0,3.0,8.0,1.0,7.0,1.0,9.0,-8.0,7.0,-8.0,15.0,2.0,0.0,2.0,0.0,3.0,-3.0,70.0,20.0,45.5,54.5,1572.0,1442.6
2022-09-18,2022,Stromsgodset,Kristiansund,4,1,H,O,1.87,3.89,3.66,12,2.0,1.0,1.0,1.0,10.0,3.0,7.0,3.0,3.0,0.0,7.0,0.0,7.0,2.0,0.0,2.0,0.0,0.0,0.0,54.5,27.3,9.1,81.8,1482.2,1476.0
2022-09-18,2022,Sarpsborg 08,Jerv,4,3,H,O,1.2,6.99,11.61,12,1.0,0.0,2.0,3.0,3.0,2.0,1.0,7.0,11.0,-4.0,-4.0,-9.0,5.0,0.0,0.0,0.0,2.0,2.0,0.0,36.4,54.5,0.0,90.0,1467.3,1412.1
2022-09-18,2022,Rosenborg,Lillestrom,3,1,H,O,1.84,3.69,3.99,11,3.0,1.0,0.0,2.0,8.0,3.0,5.0,3.0,4.0,-1.0,5.0,-1.0,6.0,1.0,1.0,0.0,0.0,1.0,-1.0,80.0,0.0,45.5,27.3,1606.4,1578.5
2022-09-18,2022,Molde,Aalesund,3,0,H,O,1.29,5.89,8.65,12,3.0,1.0,0.0,2.0,8.0,3.0,5.0,1.0,7.0,-6.0,7.0,-4.0,11.0,2.0,0.0,2.0,0.0,1.0,-1.0,72.7,18.2,27.3,45.5,1719.9,1402.8
2022-09-18,2022,Bodo/Glimt,Haugesund,1,1,D,U,1.22,6.5,11.12,12,1.0,1.0,1.0,2.0,10.0,2.0,8.0,6.0,3.0,3.0,4.0,-1.0,5.0,1.0,0.0,1.0,1.0,0.0,1.0,45.5,9.1,20.0,60.0,1671.5,1499.2
2022-09-17,2022,Odd,Ham-Kam,2,0,H,U,2.24,3.42,3.09,12,2.0,0.0,1.0,2.0,5.0,4.0,1.0,4.0,6.0,-2.0,1.0,-2.0,3.0,0.0,0.0,0.0,0.0,0.0,0.0,45.5,54.5,10.0,30.0,1495.1,1486.7
2022-09-11,2022,Tromso,Bodo/Glimt,3,2,H,O,3.72,3.6,1.94,11,3.0,3.0,0.0,0.0,7.0,8.0,-1.0,4.0,2.0,2.0,3.0,6.0,-3.0,0.0,2.0,-2.0,0.0,0.0,0.0,60.0,10.0,70.0,30.0,1503.1,1686.3
2022-09-11,2022,Kristiansund,Valerenga,3,2,H,O,3.91,3.93,1.81,11,2.0,2.0,1.0,0.0,7.0,8.0,-1.0,5.0,4.0,1.0,2.0,4.0,-2.0,1.0,1.0,0.0,0.0,0.0,0.0,20.0,50.0,36.4,45.5,1462.6,1585.4
2022-09-11,2022,Jerv,Molde,2,4,A,O,11.24,6.59,1.22,12,1.0,3.0,2.0,0.0,3.0,8.0,-5.0,7.0,3.0,4.0,-4.0,5.0,-9.0,0.0,1.0,-1.0,2.0,0.0,2.0,36.4,54.5,80.0,0.0,1415.1,1717.0
2022-09-11,2022,Haugesund,Rosenborg,2,1,H,O,3.15,3.6,2.13,12,2.0,2.0,1.0,1.0,5.0,11.0,-6.0,3.0,8.0,-5.0,2.0,3.0,-1.0,1.0,1.0,0.0,0.0,0.0,0.0,45.5,36.4,27.3,27.3,1485.5,1620.1
2022-09-11,2022,Ham-Kam,Viking,1,2,A,O,2.3,3.36,3.04,12,1.0,0.0,1.0,2.0,2.0,4.0,-2.0,2.0,8.0,-6.0,0.0,-4.0,4.0,0.0,0.0,0.0,0.0,1.0,-1.0,27.3,27.3,27.3,54.5,1495.0,1555.3
2022-09-11,2022,Aalesund,Sarpsborg 08,1,3,A,O,2.14,3.6,3.14,11,0.0,0.0,2.0,3.0,3.0,2.0,1.0,5.0,8.0,-3.0,-2.0,-6.0,4.0,0.0,0.0,0.0,0.0,2.0,-2.0,30.0,30.0,30.0,70.0,1411.5,1458.7
2022-09-10,2022,Sandefjord,Odd,1,3,A,O,2.58,3.45,2.58,11,0.0,0.0,1.0,1.0,6.0,3.0,3.0,9.0,10.0,-1.0,-3.0,-7.0,4.0,0.0,0.0,0.0,1.0,1.0,0.0,10.0,50.0,30.0,40.0,1451.6,1486.1
2022-09-10,2022,Lillestrom,Stromsgodset,2,1,H,O,1.64,4.02,4.91,11,1.0,0.0,0.0,2.0,5.0,2.0,3.0,2.0,6.0,-4.0,3.0,-4.0,7.0,1.0,0.0,1.0,0.0,1.0,-1.0,70.0,10.0,20.0,50.0,1570.7,1489.9
2022-09-04,2022,Valerenga,Lillestrom,3,1,H,O,2.24,3.43,3.08,10,3.0,2.0,0.0,1.0,9.0,4.0,5.0,2.0,2.0,0.0,7.0,2.0,5.0,2.0,1.0,1.0,0.0,0.0,0.0,66.7,22.2,50.0,20.0,1575.2,1580.9
2022-09-04,2022,Stromsgodset,Aalesund,1,2,A,O,1.78,3.86,4.11,11,2.0,0.0,0.0,2.0,10.0,3.0,7.0,2.0,8.0,-6.0,8.0,-5.0,13.0,2.0,0.0,2.0,0.0,1.0,-1.0,60.0,20.0,20.0,50.0,1502.9,1398.6
2022-09-04,2022,Sarpsborg 08,Ham-Kam,2,1,H,O,1.69,3.92,4.62,11,0.0,0.0,3.0,1.0,1.0,4.0,-3.0,7.0,5.0,2.0,-6.0,-1.0,-5.0,0.0,0.0,0.0,2.0,0.0,2.0,30.0,60.0,11.1,22.2,1447.0,1506.7
2022-09-04,2022,Rosenborg,Viking,4,1,H,O,1.83,3.87,3.87,10,3.0,0.0,0.0,2.0,7.0,5.0,2.0,2.0,8.0,-6.0,5.0,-3.0,8.0,1.0,0.0,1.0,0.0,1.0,-1.0,77.8,0.0,30.0,50.0,1611.4,1563.9
2022-09-04,2022,Odd,Jerv,2,1,H,O,1.36,5.2,7.4,11,1.0,0.0,2.0,3.0,4.0,1.0,3.0,5.0,14.0,-9.0,-1.0,-13.0,12.0,0.0,0.0,0.0,0.0,3.0,-3.0,40.0,60.0,0.0,88.9,1477.6,1423.6
2022-09-04,2022,Kristiansund,Sandefjord,3,1,H,O,1.71,4.09,4.31,10,1.0,1.0,1.0,2.0,5.0,2.0,3.0,5.0,7.0,-2.0,0.0,-5.0,5.0,0.0,0.0,0.0,0.0,2.0,-2.0,11.1,55.6,50.0,50.0,1452.3,1461.9
2022-09-04,2022,Haugesund,Tromso,2,1,H,O,2.56,3.22,2.75,11,2.0,0.0,1.0,1.0,6.0,2.0,4.0,3.0,3.0,0.0,3.0,-1.0,4.0,2.0,0.0,2.0,0.0,0.0,0.0,40.0,40.0,0.0,40.0,1474.4,1514.3
2022-09-03,2022,Bodo/Glimt,Molde,1,4,A,O,1.67,4.2,4.47,11,2.0,3.0,0.0,0.0,14.0,7.0,7.0,2.0,4.0,-2.0,12.0,3.0,9.0,2.0,0.0,2.0,0.0,0.0,0.0,50.0,0.0,77.8,0.0,1696.0,1707.3
2022-08-31,2022,Tromso,Stromsgodset,1,0,H,U,2.03,3.56,3.45,10,3.0,0.0,0.0,2.0,9.0,2.0,7.0,4.0,6.0,-2.0,5.0,-4.0,9.0,1.0,0.0,1.0,0.0,1.0,-1.0,55.6,11.1,22.2,44.4,1504.0,1513.1
2022-08-31,2022,Kristiansund,Viking,2,1,H,O,2.87,3.53,2.32,9,0.0,1.0,1.0,1.0,5.0,5.0,0.0,6.0,6.0,0.0,-1.0,-1.0,0.0,0.0,0.0,0.0,0.0,1.0,-1.0,0.0,62.5,33.3,44.4,1438.5,1577.7
2022-08-28,2022,Viking,Valerenga,1,2,A,O,2.31,3.66,2.79,10,1.0,2.0,1.0,0.0,4.0,7.0,-3.0,4.0,3.0,1.0,0.0,4.0,-4.0,0.0,1.0,-1.0,0.0,0.0,0.0,55.6,11.1,30.0,50.0,1588.4,1564.6
2022-08-28,2022,Tromso,Rosenborg,4,3,H,O,2.79,3.42,2.42,9,2.0,2.0,0.0,0.0,6.0,8.0,-2.0,2.0,4.0,-2.0,4.0,4.0,0.0,1.0,1.0,0.0,0.0,0.0,0.0,50.0,12.5,30.0,20.0,1490.3,1625.1
2022-08-28,2022,Molde,Sarpsborg 08,4,1,H,O,1.36,5.34,7.19,11,3.0,0.0,0.0,3.0,9.0,2.0,7.0,1.0,7.0,-6.0,8.0,-5.0,13.0,2.0,0.0,2.0,0.0,2.0,-2.0,70.0,20.0,33.3,66.7,1703.5,1450.7
2022-08-28,2022,Lillestrom,Kristiansund,1,1,D,U,1.48,4.33,6.32,10,1.0,1.0,1.0,2.0,4.0,2.0,2.0,2.0,4.0,-2.0,2.0,-2.0,4.0,1.0,0.0,1.0,0.0,1.0,-1.0,77.8,11.1,10.0,90.0,1585.0,1434.4
2022-08-28,2022,Ham-Kam,Haugesund,1,0,H,U,2.21,3.35,3.19,11,0.0,1.0,2.0,2.0,1.0,2.0,-1.0,4.0,3.0,1.0,-3.0,-1.0,-2.0,0.0,0.0,0.0,1.0,0.0,1.0,20.0,30.0,22.2,55.6,1497.1,1484.0
2022-08-28,2022,Aalesund,Odd,1,1,D,U,1.94,3.69,3.6,10,0.0,0.0,2.0,1.0,2.0,2.0,0.0,4.0,9.0,-5.0,-2.0,-7.0,5.0,0.0,0.0,0.0,0.0,1.0,-1.0,33.3,33.3,33.3,44.4,1396.2,1480.0
2022-08-27,2022,Sandefjord,Stromsgodset,2,2,D,O,3.47,3.86,1.95,10,1.0,0.0,1.0,3.0,6.0,1.0,5.0,7.0,9.0,-2.0,-1.0,-8.0,7.0,1.0,0.0,1.0,1.0,2.0,-1.0,11.1,55.6,25.0,50.0,1460.3,1514.7
2022-08-27,2022,Jerv,Bodo/Glimt,0,2,A,U,11.37,7.21,1.2,11,1.0,3.0,2.0,0.0,4.0,8.0,-4.0,7.0,2.0,5.0,-3.0,6.0,-9.0,0.0,2.0,-2.0,1.0,0.0,1.0,40.0,50.0,66.7,33.3,1427.1,1692.4
2022-08-21,2022,Valerenga,Tromso,1,0,H,U,1.65,4.04,4.8,9,3.0,0.0,0.0,1.0,11.0,2.0,9.0,2.0,5.0,-3.0,9.0,-3.0,12.0,3.0,0.0,3.0,0.0,1.0,-1.0,62.5,25.0,0.0,33.3,1556.2,1498.7
2022-08-21,2022,Stromsgodset,Jerv,6,0,H,O,1.3,5.87,8.29,10,1.0,0.0,0.0,3.0,4.0,3.0,1.0,2.0,11.0,-9.0,2.0,-8.0,10.0,1.0,0.0,1.0,0.0,2.0,-2.0,55.6,22.2,0.0,87.5,1506.7,1435.1
2022-08-21,2022,Rosenborg,Aalesund,2,1,H,O,1.39,4.92,7.1,9,3.0,0.0,0.0,2.0,8.0,2.0,6.0,3.0,8.0,-5.0,5.0,-6.0,11.0,1.0,0.0,1.0,0.0,2.0,-2.0,75.0,0.0,22.2,44.4,1620.7,1400.6
2022-08-21,2022,Lillestrom,Sandefjord,3,0,H,O,1.23,6.35,11.37,9,1.0,1.0,1.0,2.0,4.0,5.0,-1.0,3.0,8.0,-5.0,1.0,-3.0,4.0,1.0,0.0,1.0,0.0,1.0,-1.0,75.0,12.5,55.6,44.4,1578.1,1467.2
2022-08-21,2022,Haugesund,Molde,0,1,A,U,3.7,3.9,1.86,10,2.0,2.0,0.0,0.0,7.0,6.0,1.0,3.0,4.0,-1.0,4.0,2.0,2.0,2.0,0.0,2.0,0.0,0.0,0.0,44.4,33.3,75.0,0.0,1488.6,1698.9
2022-08-20,2022,Odd,Sarpsborg 08,1,0,H,U,2.7,3.72,2.37,10,1.0,0.0,2.0,3.0,6.0,3.0,3.0,7.0,10.0,-3.0,-1.0,-7.0,6.0,0.0,0.0,0.0,0.0,3.0,-3.0,33.3,66.7,37.5,62.5,1470.3,1460.5
2022-08-20,2022,Bodo/Glimt,Ham-Kam,2,2,D,O,1.17,7.58,13.58,10,3.0,0.0,0.0,1.0,16.0,3.0,13.0,1.0,4.0,-3.0,15.0,-1.0,16.0,3.0,0.0,3.0,0.0,0.0,0.0,55.6,0.0,12.5,25.0,1697.7,1491.7
2022-08-14,2022,Tromso,Kristiansund,2,1,H,O,1.49,4.36,6.2,8,1.0,1.0,0.0,2.0,6.0,2.0,4.0,3.0,4.0,-1.0,3.0,-2.0,5.0,1.0,0.0,1.0,0.0,1.0,-1.0,42.9,14.3,11.1,88.9,1490.0,1443.1
2022-08-14,2022,Jerv,Lillestrom,1,0,H,U,6.17,4.51,1.47,10,1.0,3.0,2.0,0.0,4.0,7.0,-3.0,7.0,2.0,5.0,-3.0,5.0,-8.0,0.0,2.0,-2.0,1.0,0.0,1.0,33.3,55.6,55.6,11.1,1420.5,1592.7
2022-08-14,2022,Ham-Kam,Valerenga,1,1,D,U,3.45,3.68,1.98,10,0.0,2.0,2.0,0.0,0.0,8.0,-8.0,3.0,4.0,-1.0,-3.0,4.0,-7.0,0.0,1.0,-1.0,1.0,0.0,1.0,22.2,33.3,33.3,55.6,1489.8,1558.1
2022-08-13,2022,Aalesund,Haugesund,1,2,A,O,2.19,3.4,3.22,9,1.0,0.0,1.0,2.0,2.0,1.0,1.0,2.0,3.0,-1.0,0.0,-2.0,2.0,0.0,0.0,0.0,0.0,0.0,0.0,37.5,25.0,12.5,62.5,1408.5,1480.6
2022-08-12,2022,Sarpsborg 08,Bodo/Glimt,1,4,A,O,3.41,3.92,1.95,10,1.0,2.0,2.0,1.0,4.0,6.0,-2.0,6.0,4.0,2.0,-2.0,2.0,-4.0,0.0,1.0,-1.0,1.0,0.0,1.0,33.3,55.6,62.5,37.5,1464.7,1693.5
2022-08-12,2022,Sandefjord,Rosenborg,2,5,A,O,4.99,4.24,1.6,9,1.0,1.0,1.0,0.0,6.0,4.0,2.0,5.0,3.0,2.0,1.0,1.0,0.0,1.0,0.0,1.0,0.0,0.0,0.0,12.5,50.0,22.2,22.2,1473.4,1614.6
2022-08-07,2022,Valerenga,Aalesund,4,0,H,O,1.5,4.49,5.71,8,2.0,0.0,1.0,1.0,7.0,4.0,3.0,3.0,6.0,-3.0,4.0,-2.0,6.0,2.0,0.0,2.0,0.0,1.0,-1.0,57.1,28.6,25.0,37.5,1551.9,1414.8
2022-08-07,2022,Stromsgodset,Sarpsborg 08,3,1,H,O,2.2,3.87,2.85,9,1.0,0.0,0.0,3.0,4.0,4.0,0.0,1.0,10.0,-9.0,3.0,-6.0,9.0,1.0,0.0,1.0,0.0,2.0,-2.0,50.0,25.0,42.9,57.1,1497.4,1474.0
2022-08-07,2022,Sandefjord,Viking,2,2,D,O,3.74,3.78,1.88,8,1.0,1.0,1.0,2.0,6.0,5.0,1.0,5.0,8.0,-3.0,1.0,-3.0,4.0,1.0,0.0,1.0,0.0,2.0,-2.0,14.3,57.1,37.5,50.0,1470.0,1591.8
2022-08-07,2022,Lillestrom,Tromso,1,1,D,U,1.94,3.35,4.0,8,2.0,0.0,1.0,2.0,5.0,2.0,3.0,2.0,9.0,-7.0,3.0,-7.0,10.0,2.0,0.0,2.0,0.0,2.0,-2.0,85.7,14.3,0.0,37.5,1595.7,1487.0
2022-08-07,2022,Kristiansund,Molde,2,3,A,O,5.09,4.38,1.56,8,0.0,2.0,1.0,0.0,4.0,5.0,-1.0,6.0,3.0,3.0,-2.0,2.0,-4.0,0.0,0.0,0.0,1.0,0.0,1.0,0.0,57.1,71.4,0.0,1447.0,1695.0
2022-08-07,2022,Haugesund,Jerv,3,1,H,O,1.39,4.92,7.01,9,2.0,0.0,0.0,2.0,8.0,3.0,5.0,4.0,9.0,-5.0,4.0,-6.0,10.0,2.0,0.0,2.0,0.0,1.0,-1.0,37.5,37.5,0.0,85.7,1471.9,1429.3
2022-08-06,2022,Rosenborg,Ham-Kam,2,1,H,O,1.5,4.21,6.39,8,3.0,1.0,0.0,0.0,9.0,4.0,5.0,3.0,3.0,0.0,6.0,1.0,5.0,2.0,0.0,2.0,0.0,0.0,0.0,71.4,0.0,14.3,14.3,1607.7,1496.7
2022-08-06,2022,Bodo/Glimt,Odd,7,0,H,O,1.19,7.52,11.53,9,3.0,1.0,0.0,0.0,11.0,3.0,8.0,1.0,2.0,-1.0,10.0,1.0,9.0,3.0,0.0,3.0,0.0,0.0,0.0,50.0,0.0,37.5,37.5,1689.0,1474.8
2022-08-03,2022,Kristiansund,Tromso,1,1,D,U,2.89,3.42,2.35,7,0.0,0.0,2.0,2.0,3.0,3.0,0.0,7.0,10.0,-3.0,-4.0,-7.0,3.0,0.0,0.0,0.0,2.0,2.0,0.0,0.0,66.7,0.0,42.9,1445.8,1488.2
2022-07-31,2022,Sarpsborg 08,Lillestrom,0,2,A,U,2.36,3.54,2.79,9,2.0,2.0,1.0,1.0,9.0,5.0,4.0,5.0,5.0,0.0,4.0,0.0,4.0,1.0,1.0,0.0,0.0,1.0,-1.0,37.5,50.0,50.0,12.5,1481.0,1588.7
2022-07-31,2022,Molde,Stromsgodset,3,0,H,O,1.39,5.15,6.62,10,2.0,0.0,0.0,2.0,7.0,3.0,4.0,2.0,8.0,-6.0,5.0,-5.0,10.0,1.0,0.0,1.0,0.0,1.0,-1.0,66.7,22.2,28.6,42.9,1690.0,1502.4
2022-07-30,2022,Tromso,Sandefjord,3,0,H,O,1.33,5.22,8.64,7,0.0,2.0,0.0,1.0,4.0,7.0,-3.0,4.0,6.0,-2.0,0.0,1.0,-1.0,0.0,0.0,0.0,0.0,0.0,0.0,33.3,16.7,62.5,37.5,1478.1,1480.0
2022-07-30,2022,Odd,Rosenborg,2,3,A,O,3.08,3.55,2.19,9,1.0,0.0,2.0,1.0,5.0,2.0,3.0,6.0,4.0,2.0,-1.0,-2.0,1.0,0.0,0.0,0.0,0.0,1.0,-1.0,37.5,62.5,12.5,25.0,1481.5,1601.0
2022-07-30,2022,Jerv,Valerenga,2,5,A,O,5.12,4.48,1.55,9,1.0,1.0,2.0,1.0,3.0,3.0,0.0,4.0,4.0,0.0,-1.0,-1.0,0.0,0.0,0.0,0.0,0.0,1.0,-1.0,37.5,50.0,25.0,62.5,1436.3,1544.9
2022-07-30,2022,Ham-Kam,Kristiansund,0,1,A,U,1.82,3.71,4.11,9,1.0,0.0,1.0,3.0,3.0,1.0,2.0,4.0,7.0,-3.0,-1.0,-6.0,5.0,0.0,0.0,0.0,1.0,2.0,-1.0,25.0,25.0,0.0,100.0,1508.8,1433.6
2022-07-30,2022,Aalesund,Bodo/Glimt,1,2,A,O,4.35,3.87,1.74,8,1.0,2.0,0.0,1.0,3.0,6.0,-3.0,2.0,3.0,-1.0,1.0,3.0,-2.0,0.0,2.0,-2.0,0.0,0.0,0.0,42.9,14.3,57.1,42.9,1418.3,1685.5
2022-07-27,2022,Sandefjord,Kristiansund,2,0,H,U,2.43,3.55,2.69,7,0.0,0.0,1.0,3.0,6.0,2.0,4.0,7.0,8.0,-1.0,-1.0,-6.0,5.0,0.0,0.0,0.0,0.0,2.0,-2.0,0.0,66.7,0.0,100.0,1470.9,1442.8
2022-07-24,2022,Valerenga,Viking,4,2,H,O,1.8,3.95,3.98,7,1.0,1.0,2.0,2.0,3.0,5.0,-2.0,5.0,7.0,-2.0,-2.0,-2.0,0.0,1.0,0.0,1.0,1.0,1.0,0.0,50.0,33.3,42.9,42.9,1532.9,1603.8
2022-07-24,2022,Stromsgodset,Ham-Kam,1,1,D,U,2.11,3.62,3.24,8,2.0,1.0,0.0,0.0,6.0,4.0,2.0,2.0,3.0,-1.0,4.0,1.0,3.0,1.0,0.0,1.0,0.0,0.0,0.0,57.1,28.6,16.7,16.7,1502.3,1509.0
2022-07-24,2022,Sandefjord,Molde,2,3,A,O,4.91,4.5,1.57,6,0.0,2.0,1.0,0.0,5.0,4.0,1.0,8.0,2.0,6.0,-3.0,2.0,-5.0,0.0,0.0,0.0,1.0,0.0,1.0,0.0,60.0,66.7,0.0,1475.5,1685.4
2022-07-24,2022,Kristiansund,Odd,2,2,D,O,2.16,3.67,3.06,6,0.0,2.0,3.0,0.0,1.0,3.0,-2.0,8.0,1.0,7.0,-7.0,2.0,-9.0,0.0,0.0,0.0,3.0,0.0,3.0,0.0,80.0,42.9,42.9,1441.6,1482.6
2022-07-24,2022,Haugesund,Sarpsborg 08,3,1,H,O,2.64,3.63,2.45,8,1.0,1.0,0.0,2.0,7.0,8.0,-1.0,5.0,7.0,-2.0,2.0,1.0,1.0,1.0,1.0,0.0,0.0,1.0,-1.0,28.6,42.9,50.0,50.0,1461.0,1491.9
2022-07-23,2022,Rosenborg,Tromso,3,0,H,O,1.78,3.68,4.38,7,2.0,0.0,0.0,1.0,9.0,4.0,5.0,6.0,8.0,-2.0,3.0,-4.0,7.0,1.0,0.0,1.0,0.0,1.0,-1.0,66.7,0.0,0.0,33.3,1594.0,1485.1
2022-07-23,2022,Bodo/Glimt,Jerv,5,0,H,O,1.11,9.8,16.85,8,2.0,0.0,0.0,2.0,8.0,4.0,4.0,3.0,6.0,-3.0,5.0,-2.0,7.0,2.0,0.0,2.0,0.0,0.0,0.0,42.9,0.0,0.0,83.3,1681.5,1440.3
2022-07-17,2022,Viking,Kristiansund,2,1,H,O,1.41,5.05,6.36,9,0.0,0.0,1.0,3.0,3.0,2.0,1.0,4.0,8.0,-4.0,-1.0,-6.0,5.0,0.0,0.0,0.0,0.0,2.0,-2.0,50.0,12.5,0.0,100.0,1597.8,1447.6
2022-07-17,2022,Sarpsborg 08,Valerenga,0,1,A,U,1.91,3.95,3.49,8,2.0,0.0,1.0,2.0,10.0,4.0,6.0,6.0,7.0,-1.0,4.0,-3.0,7.0,1.0,0.0,1.0,0.0,1.0,-1.0,42.9,42.9,14.3,71.4,1501.3,1523.6
2022-07-17,2022,Odd,Lillestrom,1,2,A,O,2.89,3.44,2.35,8,1.0,1.0,2.0,1.0,4.0,5.0,-1.0,5.0,6.0,-1.0,-1.0,-1.0,0.0,0.0,1.0,-1.0,0.0,1.0,-1.0,42.9,57.1,42.9,14.3,1490.1,1581.3
2022-07-17,2022,Molde,Haugesund,1,0,H,U,1.48,4.71,5.83,9,2.0,0.0,0.0,1.0,9.0,4.0,5.0,3.0,5.0,-2.0,6.0,-1.0,7.0,2.0,0.0,2.0,0.0,0.0,0.0,62.5,25.0,14.3,57.1,1680.9,1465.5
2022-07-17,2022,Aalesund,Rosenborg,0,0,D,U,2.85,3.38,2.41,7,2.0,1.0,0.0,1.0,5.0,6.0,-1.0,3.0,4.0,-1.0,2.0,2.0,0.0,0.0,1.0,-1.0,0.0,1.0,-1.0,50.0,16.7,14.3,28.6,1413.4,1598.9
2022-07-16,2022,Jerv,Sandefjord,1,2,A,O,2.54,3.57,2.58,8,1.0,2.0,2.0,1.0,2.0,6.0,-4.0,7.0,5.0,2.0,-5.0,1.0,-6.0,0.0,0.0,0.0,1.0,0.0,1.0,42.9,42.9,57.1,42.9,1449.8,1465.9
2022-07-16,2022,Ham-Kam,Bodo/Glimt,0,2,A,U,3.78,3.8,1.87,8,1.0,1.0,1.0,2.0,4.0,5.0,-1.0,4.0,6.0,-2.0,0.0,-1.0,1.0,0.0,1.0,-1.0,0.0,1.0,-1.0,28.6,14.3,50.0,50.0,1514.7,1675.8
2022-07-12,2022,Sandefjord,Aalesund,2,2,D,O,2.37,3.48,2.85,5,0.0,1.0,2.0,1.0,4.0,4.0,0.0,9.0,5.0,4.0,-5.0,-1.0,-4.0,0.0,0.0,0.0,2.0,1.0,1.0,0.0,75.0,28.6,42.9,1467.5,1411.9
2022-07-10,2022,Valerenga,Kristiansund,3,0,H,O,1.44,4.84,6.28,6,0.0,0.0,2.0,3.0,1.0,2.0,-1.0,6.0,7.0,-1.0,-5.0,-5.0,0.0,0.0,0.0,0.0,1.0,2.0,-1.0,40.0,40.0,0.0,100.0,1515.3,1455.9
2022-07-10,2022,Rosenborg,Jerv,3,2,H,O,1.28,5.86,9.32,6,2.0,0.0,0.0,2.0,9.0,2.0,7.0,4.0,6.0,-2.0,5.0,-4.0,9.0,2.0,0.0,2.0,0.0,1.0,-1.0,60.0,0.0,0.0,80.0,1592.6,1456.1
2022-07-10,2022,Molde,Tromso,5,1,H,O,1.73,3.86,4.42,8,2.0,0.0,0.0,0.0,6.0,4.0,2.0,3.0,4.0,-1.0,3.0,0.0,3.0,1.0,0.0,1.0,0.0,0.0,0.0,57.1,28.6,0.0,20.0,1675.8,1490.2
2022-07-10,2022,Lillestrom,Viking,0,1,A,U,2.08,3.54,3.35,7,3.0,0.0,0.0,2.0,6.0,5.0,1.0,1.0,8.0,-7.0,5.0,-3.0,8.0,2.0,0.0,2.0,0.0,1.0,-1.0,100.0,0.0,33.3,50.0,1591.4,1587.7
2022-07-10,2022,Haugesund,Ham-Kam,1,1,D,U,2.01,3.55,3.55,7,1.0,1.0,1.0,0.0,7.0,4.0,3.0,8.0,3.0,5.0,-1.0,1.0,-2.0,1.0,0.0,1.0,1.0,0.0,1.0,33.3,50.0,20.0,20.0,1464.0,1516.2
2022-07-09,2022,Stromsgodset,Odd,0,0,D,U,1.85,3.91,3.79,7,3.0,3.0,0.0,0.0,9.0,4.0,5.0,4.0,1.0,3.0,5.0,3.0,2.0,1.0,0.0,1.0,0.0,0.0,0.0,66.7,33.3,50.0,50.0,1502.6,1489.7
2022-07-09,2022,Bodo/Glimt,Sarpsborg 08,4,1,H,O,1.38,5.33,6.64,7,1.0,1.0,0.0,2.0,5.0,7.0,-2.0,3.0,4.0,-1.0,2.0,3.0,-1.0,1.0,1.0,0.0,0.0,0.0,0.0,33.3,0.0,60.0,40.0,1670.2,1506.9
2022-07-06,2022,Molde,Jerv,1,1,D,U,1.18,7.47,13.57,7,3.0,0.0,0.0,3.0,8.0,1.0,7.0,2.0,6.0,-4.0,6.0,-5.0,11.0,2.0,0.0,2.0,0.0,1.0,-1.0,66.7,33.3,0.0,100.0,1681.6,1450.2
2022-07-03,2022,Viking,Rosenborg,1,1,D,U,1.95,3.77,3.54,8,1.0,1.0,1.0,1.0,5.0,6.0,-1.0,3.0,4.0,-1.0,2.0,2.0,0.0,1.0,1.0,0.0,0.0,1.0,-1.0,57.1,14.3,16.7,33.3,1587.6,1592.8
2022-07-03,2022,Sarpsborg 08,Sandefjord,4,3,H,O,1.37,5.39,6.86,7,1.0,2.0,2.0,1.0,7.0,3.0,4.0,5.0,4.0,1.0,2.0,-1.0,3.0,1.0,0.0,1.0,0.0,1.0,-1.0,33.3,50.0,66.7,33.3,1497.5,1476.9
2022-07-03,2022,Kristiansund,Lillestrom,1,3,A,O,3.05,3.42,2.25,5,0.0,1.0,2.0,1.0,2.0,6.0,-4.0,7.0,6.0,1.0,-5.0,0.0,-5.0,0.0,1.0,-1.0,2.0,1.0,1.0,0.0,75.0,33.3,16.7,1462.5,1584.7
2022-07-03,2022,Ham-Kam,Molde,0,0,D,U,2.82,3.57,2.33,7,1.0,3.0,1.0,0.0,5.0,6.0,-1.0,5.0,2.0,3.0,0.0,4.0,-4.0,0.0,1.0,-1.0,0.0,0.0,0.0,33.3,16.7,80.0,0.0,1511.6,1686.2
2022-07-03,2022,Aalesund,Stromsgodset,1,0,H,U,2.27,3.63,2.88,6,1.0,1.0,1.0,1.0,4.0,6.0,-2.0,5.0,7.0,-2.0,-1.0,-1.0,0.0,0.0,1.0,-1.0,1.0,1.0,0.0,40.0,20.0,33.3,33.3,1398.6,1515.9
2022-07-02,2022,Odd,Bodo/Glimt,3,2,H,O,4.8,4.16,1.63,7,0.0,2.0,3.0,1.0,1.0,7.0,-6.0,7.0,4.0,3.0,-6.0,3.0,-9.0,0.0,2.0,-2.0,1.0,1.0,0.0,33.3,66.7,60.0,40.0,1474.3,1685.6
2022-07-02,2022,Jerv,Haugesund,1,0,H,U,3.26,3.57,2.12,7,0.0,1.0,3.0,0.0,1.0,8.0,-7.0,8.0,4.0,4.0,-7.0,4.0,-11.0,0.0,1.0,-1.0,1.0,0.0,1.0,33.3,50.0,16.7,50.0,1439.2,1475.0
2022-06-26,2022,Valerenga,Odd,0,1,A,U,1.6,4.27,4.97,5,1.0,2.0,1.0,1.0,2.0,3.0,-1.0,5.0,4.0,1.0,-3.0,-1.0,-2.0,0.0,0.0,0.0,1.0,1.0,0.0,50.0,25.0,40.0,60.0,1527.1,1462.4
2022-06-26,2022,Stromsgodset,Lillestrom,3,0,H,O,2.7,3.63,2.41,6,3.0,1.0,0.0,0.0,9.0,7.0,2.0,4.0,4.0,0.0,5.0,3.0,2.0,1.0,1.0,0.0,0.0,0.0,0.0,60.0,40.0,40.0,0.0,1503.2,1597.4
2022-06-26,2022,Sandefjord,Tromso,2,2,D,O,3.56,3.57,2.0,4,0.0,0.0,3.0,0.0,3.0,4.0,-1.0,9.0,4.0,5.0,-6.0,0.0,-6.0,0.0,0.0,0.0,2.0,0.0,2.0,0.0,100.0,0.0,25.0,1476.5,1490.6
2022-06-26,2022,Ham-Kam,Sarpsborg 08,3,2,H,O,2.65,3.59,2.46,6,0.0,2.0,1.0,1.0,2.0,10.0,-8.0,3.0,3.0,0.0,-1.0,7.0,-8.0,0.0,2.0,-2.0,0.0,0.0,0.0,20.0,20.0,75.0,25.0,1501.4,1507.6
2022-06-26,2022,Bodo/Glimt,Aalesund,2,0,H,U,1.29,6.01,8.99,6,0.0,1.0,0.0,0.0,4.0,4.0,0.0,4.0,3.0,1.0,0.0,1.0,-1.0,0.0,0.0,0.0,0.0,0.0,0.0,20.0,0.0,33.3,33.3,1682.3,1401.9
2022-06-25,2022,Rosenborg,Kristiansund,3,1,H,O,1.49,4.61,5.8,5,1.0,0.0,0.0,3.0,6.0,1.0,5.0,3.0,5.0,-2.0,3.0,-4.0,7.0,1.0,0.0,1.0,0.0,1.0,-1.0,50.0,0.0,0.0,100.0,1586.0,1469.3
2022-06-25,2022,Haugesund,Viking,4,2,H,O,3.32,3.56,2.09,6,1.0,1.0,1.0,1.0,5.0,7.0,-2.0,6.0,7.0,-1.0,-1.0,0.0,-1.0,1.0,0.0,1.0,1.0,0.0,1.0,20.0,60.0,40.0,40.0,1461.2,1601.4
2022-06-19,2022,Viking,Sandefjord,1,2,A,O,1.19,7.43,12.23,7,1.0,2.0,0.0,1.0,4.0,6.0,-2.0,1.0,3.0,-2.0,3.0,3.0,0.0,1.0,1.0,0.0,0.0,1.0,-1.0,66.7,0.0,60.0,40.0,1615.6,1462.4
2022-06-19,2022,Tromso,Haugesund,1,1,D,U,1.68,3.84,4.89,6,1.0,1.0,0.0,1.0,4.0,8.0,-4.0,3.0,8.0,-5.0,1.0,0.0,1.0,0.0,1.0,-1.0,0.0,1.0,-1.0,40.0,20.0,20.0,60.0,1491.5,1460.3
2022-06-19,2022,Odd,Molde,1,2,A,O,3.19,3.67,2.1,6,0.0,2.0,3.0,0.0,2.0,4.0,-2.0,8.0,1.0,7.0,-6.0,3.0,-9.0,0.0,1.0,-1.0,1.0,0.0,1.0,40.0,60.0,75.0,0.0,1466.9,1681.7
2022-06-19,2022,Lillestrom,Rosenborg,3,1,H,O,2.03,3.51,3.54,6,3.0,1.0,0.0,1.0,5.0,5.0,0.0,0.0,4.0,-4.0,5.0,1.0,4.0,2.0,1.0,1.0,0.0,1.0,-1.0,100.0,0.0,20.0,20.0,1587.1,1596.3
2022-06-19,2022,Jerv,Ham-Kam,1,2,A,O,3.52,3.47,2.05,6,0.0,0.0,2.0,0.0,1.0,4.0,-3.0,7.0,4.0,3.0,-6.0,0.0,-6.0,0.0,0.0,0.0,1.0,0.0,1.0,40.0,40.0,0.0,25.0,1447.9,1492.7
2022-06-19,2022,Aalesund,Valerenga,2,2,D,O,2.28,3.54,2.94,5,1.0,0.0,1.0,3.0,4.0,2.0,2.0,5.0,6.0,-1.0,-1.0,-4.0,3.0,0.0,0.0,0.0,1.0,1.0,0.0,50.0,25.0,16.7,83.3,1398.3,1530.7
2022-06-18,2022,Sarpsborg 08,Stromsgodset,5,1,H,O,1.91,3.85,3.59,6,1.0,1.0,2.0,0.0,3.0,5.0,-2.0,4.0,2.0,2.0,-1.0,3.0,-4.0,0.0,1.0,-1.0,0.0,0.0,0.0,20.0,60.0,40.0,20.0,1497.2,1513.7
2022-06-18,2022,Kristiansund,Bodo/Glimt,0,2,A,U,5.01,4.41,1.57,4,0.0,1.0,2.0,2.0,4.0,5.0,-1.0,8.0,6.0,2.0,-4.0,-1.0,-3.0,0.0,1.0,-1.0,1.0,2.0,-1.0,0.0,66.7,50.0,50.0,1474.0,1677.6
2022-05-29,2022,Valerenga,Rosenborg,0,4,A,O,1.96,3.67,3.58,4,2.0,0.0,0.0,1.0,4.0,2.0,2.0,2.0,5.0,-3.0,2.0,-3.0,5.0,0.0,0.0,0.0,0.0,1.0,-1.0,66.7,0.0,0.0,25.0,1539.3,1587.7
2022-05-29,2022,Tromso,Lillestrom,2,2,D,O,2.23,3.23,3.32,5,1.0,2.0,1.0,0.0,4.0,7.0,-3.0,6.0,3.0,3.0,-2.0,4.0,-6.0,0.0,1.0,-1.0,1.0,0.0,1.0,50.0,25.0,50.0,0.0,1488.7,1590.0
2022-05-29,2022,Molde,Bodo/Glimt,3,1,H,O,2.4,3.68,2.69,6,2.0,2.0,1.0,1.0,8.0,6.0,2.0,5.0,4.0,1.0,3.0,2.0,1.0,1.0,1.0,0.0,0.0,1.0,-1.0,60.0,40.0,66.7,33.3,1671.2,1688.0
2022-05-29,2022,Jerv,Sarpsborg 08,0,5,A,O,3.61,3.7,1.95,5,1.0,2.0,1.0,1.0,2.0,8.0,-6.0,2.0,5.0,-3.0,0.0,3.0,-3.0,0.0,1.0,-1.0,0.0,0.0,0.0,50.0,25.0,66.7,33.3,1457.0,1488.1
2022-05-29,2022,Haugesund,Aalesund,2,2,D,O,2.11,3.43,3.4,5,1.0,1.0,2.0,1.0,3.0,2.0,1.0,5.0,3.0,2.0,-2.0,-1.0,-1.0,1.0,0.0,1.0,1.0,1.0,0.0,25.0,75.0,40.0,40.0,1462.1,1396.4
2022-05-28,2022,Stromsgodset,Viking,3,2,H,O,3.04,3.63,2.2,5,2.0,1.0,1.0,1.0,6.0,6.0,0.0,7.0,6.0,1.0,-1.0,0.0,-1.0,1.0,0.0,1.0,1.0,0.0,1.0,50.0,50.0,50.0,25.0,1500.2,1629.1
2022-05-28,2022,Ham-Kam,Odd,1,2,A,O,1.8,3.72,4.26,5,1.0,1.0,0.0,2.0,4.0,1.0,3.0,1.0,4.0,-3.0,3.0,-3.0,6.0,1.0,0.0,1.0,0.0,1.0,-1.0,25.0,0.0,25.0,75.0,1504.0,1455.5
2022-05-26,2022,Sarpsborg 08,Molde,1,2,A,O,2.78,3.7,2.32,5,1.0,2.0,1.0,0.0,3.0,5.0,-2.0,3.0,1.0,2.0,0.0,4.0,-4.0,0.0,2.0,-2.0,0.0,0.0,0.0,25.0,50.0,66.7,0.0,1493.5,1665.8
2022-05-26,2022,Rosenborg,Haugesund,3,3,D,O,1.53,4.37,5.63,4,2.0,1.0,0.0,2.0,4.0,5.0,-1.0,0.0,6.0,-6.0,4.0,-1.0,5.0,1.0,1.0,0.0,0.0,1.0,-1.0,66.7,0.0,25.0,75.0,1591.3,1458.5
2022-05-25,2022,Viking,Ham-Kam,1,1,D,U,1.31,5.55,8.82,6,2.0,0.0,0.0,1.0,8.0,4.0,4.0,1.0,5.0,-4.0,7.0,-1.0,8.0,2.0,0.0,2.0,0.0,0.0,0.0,80.0,0.0,0.0,33.3,1632.8,1500.4
2022-05-25,2022,Odd,Sandefjord,0,1,A,U,1.88,3.76,3.85,5,1.0,1.0,2.0,2.0,4.0,5.0,-1.0,8.0,6.0,2.0,-4.0,-1.0,-3.0,0.0,1.0,-1.0,1.0,2.0,-1.0,50.0,50.0,50.0,50.0,1465.9,1452.0
2022-05-25,2022,Lillestrom,Valerenga,2,0,H,U,1.86,3.67,3.94,5,3.0,1.0,0.0,2.0,4.0,5.0,-1.0,0.0,5.0,-5.0,4.0,0.0,4.0,1.0,1.0,0.0,0.0,0.0,0.0,100.0,0.0,20.0,80.0,1580.9,1548.4
2022-05-25,2022,Bodo/Glimt,Stromsgodset,2,2,D,O,1.36,5.23,7.51,5,1.0,2.0,0.0,0.0,7.0,4.0,3.0,3.0,0.0,3.0,4.0,4.0,0.0,1.0,1.0,0.0,0.0,0.0,0.0,25.0,0.0,50.0,25.0,1693.2,1495.0
2022-05-25,2022,Aalesund,Jerv,2,1,H,O,1.39,4.78,7.77,4,1.0,0.0,1.0,3.0,3.0,0.0,3.0,4.0,8.0,-4.0,-1.0,-8.0,7.0,0.0,0.0,0.0,1.0,2.0,-1.0,33.3,33.3,0.0,100.0,1384.0,1469.5
2022-05-22,2022,Tromso,Viking,1,1,D,U,2.35,3.38,2.96,4,2.0,2.0,1.0,1.0,5.0,6.0,-1.0,6.0,5.0,1.0,-1.0,1.0,-2.0,0.0,0.0,0.0,1.0,0.0,1.0,66.7,33.3,66.7,33.3,1484.5,1636.9
2022-05-22,2022,Stromsgodset,Valerenga,3,2,H,O,2.32,3.56,2.87,4,1.0,1.0,2.0,2.0,4.0,4.0,0.0,8.0,7.0,1.0,-4.0,-3.0,-1.0,1.0,1.0,0.0,2.0,1.0,1.0,33.3,66.7,25.0,75.0,1482.8,1560.6
2022-05-22,2022,Sarpsborg 08,Aalesund,1,2,A,O,1.92,3.58,3.88,4,1.0,1.0,1.0,1.0,2.0,3.0,-1.0,2.0,4.0,-2.0,0.0,-1.0,1.0,0.0,0.0,0.0,0.0,1.0,-1.0,33.3,33.3,25.0,50.0,1507.2,1370.3
2022-05-22,2022,Jerv,Odd,0,1,A,U,2.58,3.41,2.64,4,2.0,0.0,0.0,3.0,3.0,0.0,3.0,1.0,5.0,-4.0,2.0,-5.0,7.0,0.0,0.0,0.0,0.0,1.0,-1.0,66.7,0.0,0.0,100.0,1480.2,1455.2
2022-05-22,2022,Haugesund,Bodo/Glimt,1,4,A,O,4.28,3.78,1.78,4,1.0,,2.0,,3.0,,,4.0,,,-1.0,,,1.0,,,1.0,,,33.3,66.7,50.0,50.0,1462.8,1688.9
2022-05-22,2022,Ham-Kam,Rosenborg,1,1,D,U,2.89,3.42,2.37,4,1.0,0.0,0.0,1.0,5.0,3.0,2.0,2.0,6.0,-4.0,3.0,-3.0,6.0,1.0,0.0,1.0,0.0,1.0,-1.0,33.3,0.0,0.0,33.3,1497.7,1594.0
2022-05-21,2022,Sandefjord,Lillestrom,1,4,A,O,4.07,3.73,1.83,3,,1.0,,0.0,,5.0,,,4.0,,,1.0,,,0.0,,,0.0,,0.0,100.0,33.3,0.0,1458.8,1574.1
2022-05-21,2022,Molde,Kristiansund,2,1,H,O,1.29,5.98,8.62,5,1.0,0.0,2.0,3.0,7.0,0.0,7.0,6.0,4.0,2.0,1.0,-4.0,5.0,1.0,0.0,1.0,0.0,1.0,-1.0,50.0,50.0,0.0,100.0,1660.6,1479.2
2022-05-16,2022,Viking,Jerv,3,0,H,O,1.14,8.25,16.42,5,2.0,,0.0,,7.0,,,1.0,,,6.0,,,2.0,,,0.0,,,75.0,0.0,0.0,100.0,1630.8,1486.2
2022-05-16,2022,Valerenga,Ham-Kam,1,1,D,U,1.65,3.93,5.05,3,,,,,,,,,,,,,,,,,,,,100.0,0.0,0.0,50.0,1562.5,1495.8
2022-05-16,2022,Rosenborg,Sandefjord,3,0,H,O,1.35,5.21,8.17,3,,2.0,,1.0,,8.0,,,4.0,,,4.0,,,2.0,,,1.0,,50.0,0.0,66.7,33.3,1587.4,1465.4
2022-05-16,2022,Odd,Haugesund,0,4,A,O,1.99,3.6,3.6,4,2.0,0.0,1.0,3.0,6.0,2.0,4.0,4.0,8.0,-4.0,2.0,-6.0,8.0,1.0,0.0,1.0,0.0,1.0,-1.0,66.7,33.3,0.0,100.0,1465.6,1452.4
2022-05-16,2022,Lillestrom,Sarpsborg 08,1,0,H,U,2.09,3.51,3.41,4,3.0,,0.0,,7.0,,,0.0,,,7.0,,,2.0,,,0.0,,,100.0,0.0,100.0,0.0,1565.5,1515.8
2022-05-16,2022,Kristiansund,Stromsgodset,0,3,A,O,2.22,3.49,3.1,3,,1.0,,1.0,,1.0,,,1.0,,,0.0,,,0.0,,,0.0,,0.0,50.0,33.3,33.3,1489.7,1472.3
2022-05-16,2022,Bodo/Glimt,Tromso,1,1,D,U,1.63,3.93,5.26,4,1.0,0.0,0.0,1.0,8.0,3.0,5.0,4.0,5.0,-1.0,4.0,-2.0,6.0,1.0,0.0,1.0,0.0,1.0,-1.0,33.3,0.0,0.0,33.3,1694.4,1479.0
2022-05-16,2022,Aalesund,Molde,0,2,A,U,2.96,3.53,2.28,3,,,,,,,,,,,,,,,,,,,,50.0,0.0,50.0,0.0,1373.5,1657.4
2022-05-12,2022,Viking,Stromsgodset,0,0,D,U,1.35,5.37,7.74,4,3.0,,0.0,,8.0,,,1.0,,,7.0,,,2.0,,,0.0,,,100.0,0.0,50.0,50.0,1635.3,1467.8
2022-05-12,2022,Tromso,Valerenga,1,0,H,U,2.13,3.53,3.27,3,,1.0,,2.0,,4.0,,,7.0,,,-3.0,,,1.0,,,1.0,,50.0,50.0,33.3,66.7,1466.0,1575.6
2022-05-11,2022,Molde,Odd,3,0,H,O,1.38,5.16,7.09,4,1.0,,2.0,,5.0,,,6.0,,,-1.0,,,0.0,,,0.0,,,33.3,66.7,0.0,100.0,1652.2,1470.8
2022-05-08,2022,Stromsgodset,Rosenborg,3,0,H,O,2.82,3.39,2.46,3,,,,,,,,,,,,,,,,,,,,0.0,100.0,0.0,0.0,1453.8,1601.4
2022-05-08,2022,Sandefjord,Valerenga,1,3,A,O,2.59,3.49,2.6,2,,,,,,,,,,,,,,,,,,,,0.0,100.0,0.0,100.0,1472.7,1568.3
2022-05-08,2022,Jerv,Tromso,1,1,D,U,3.31,3.36,2.19,3,,,,,,,,,,,,,,,,,,,,100.0,0.0,0.0,50.0,1486.9,1465.4
2022-05-08,2022,Haugesund,Kristiansund,2,0,H,U,2.0,3.56,3.61,3,,,,,,,,,,,,,,,,,,,,0.0,100.0,0.0,100.0,1440.6,1501.4
2022-05-08,2022,Ham-Kam,Aalesund,0,0,D,U,2.33,3.42,2.97,3,,1.0,,2.0,,3.0,,,5.0,,,-2.0,,,0.0,,,1.0,,50.0,0.0,33.3,66.7,1499.4,1370.0
2022-05-08,2022,Bodo/Glimt,Lillestrom,1,1,D,U,1.74,3.9,4.45,3,,,,,,,,,,,,,,,,,,,,50.0,0.0,50.0,0.0,1698.2,1561.8
2022-05-07,2022,Sarpsborg 08,Odd,1,0,H,U,1.75,3.85,4.47,3,,,,,,,,,,,,,,,,,,,,0.0,50.0,0.0,100.0,1506.6,1480.0
2022-05-07,2022,Molde,Viking,3,4,A,O,2.08,3.76,3.2,3,,,,,,,,,,,,,,,,,,,,50.0,50.0,50.0,50.0,1663.3,1624.2
2022-04-30,2022,Viking,Haugesund,5,1,H,O,1.46,4.67,6.28,3,,,,,,,,,,,,,,,,,,,,100.0,0.0,0.0,100.0,1618.8,1446.0
2022-04-28,2022,Lillestrom,Aalesund,2,0,H,U,1.74,3.81,4.48,3,,,,,,,,,,,,,,,,,,,,100.0,0.0,50.0,50.0,1556.6,1375.2
2022-04-24,2022,Viking,Bodo/Glimt,2,0,H,U,2.28,3.68,2.87,2,,,,,,,,,,,,,,,,,,,,100.0,0.0,100.0,0.0,1605.8,1711.1
2022-04-24,2022,Valerenga,Jerv,1,0,H,U,1.3,5.61,9.32,2,,,,,,,,,,,,,,,,,,,,100.0,0.0,0.0,100.0,1560.1,1495.0
2022-04-24,2022,Tromso,Sarpsborg 08,2,5,A,O,1.89,3.52,4.06,2,,,,,,,,,,,,,,,,,,,,100.0,0.0,100.0,0.0,1474.7,1497.2
2022-04-24,2022,Rosenborg,Molde,0,0,D,U,2.29,3.53,2.95,2,,,,,,,,,,,,,,,,,,,,100.0,0.0,100.0,0.0,1599.5,1665.1
2022-04-24,2022,Lillestrom,Haugesund,1,0,H,U,1.58,4.1,5.46,2,,,,,,,,,,,,,,,,,,,,100.0,0.0,0.0,100.0,1549.3,1453.4
2022-04-24,2022,Kristiansund,Ham-Kam,2,2,D,O,2.24,3.47,3.11,2,,,,,,,,,,,,,,,,,,,,0.0,100.0,0.0,100.0,1501.5,1499.3
2022-04-23,2022,Stromsgodset,Sandefjord,0,5,A,O,1.62,4.02,5.23,2,,,,,,,,,,,,,,,,,,,,0.0,100.0,50.0,50.0,1463.8,1462.7
2022-04-23,2022,Odd,Aalesund,2,3,A,O,2.01,3.62,3.55,3,,,,,,,,,,,,,,,,,,,,100.0,0.0,0.0,100.0,1493.7,1361.5
2022-04-18,2022,Sarpsborg 08,Rosenborg,1,1,D,U,2.4,3.35,2.92,2,,,,,,,,,,,,,,,,,,,,0.0,100.0,0.0,0.0,1494.2,1602.5
2022-04-18,2022,Odd,Viking,2,1,H,O,3.43,3.61,2.05,2,,,,,,,,,,,,,,,,,,,,100.0,0.0,100.0,0.0,1479.9,1619.7
2022-04-18,2022,Molde,Lillestrom,1,2,A,O,1.52,4.6,5.44,2,,,,,,,,,,,,,,,,,,,,100.0,0.0,0.0,0.0,1679.1,1535.4
2022-04-18,2022,Jerv,Kristiansund,1,0,H,U,2.82,3.33,2.48,2,,,,,,,,,,,,,,,,,,,,100.0,0.0,0.0,100.0,1484.2,1512.3
2022-04-18,2022,Haugesund,Stromsgodset,0,1,A,U,2.32,3.31,3.1,2,,,,,,,,,,,,,,,,,,,,0.0,100.0,0.0,100.0,1463.6,1453.5
2022-04-18,2022,Ham-Kam,Sandefjord,3,0,H,O,1.85,3.64,4.14,2,,,,,,,,,,,,,,,,,,,,0.0,0.0,100.0,0.0,1489.8,1472.2
2022-04-18,2022,Bodo/Glimt,Valerenga,5,1,H,O,1.53,4.37,5.76,2,,,,,,,,,,,,,,,,,,,,0.0,0.0,0.0,100.0,1704.9,1566.3
2022-04-18,2022,Aalesund,Tromso,2,2,D,O,2.19,3.37,3.3,2,,,,,,,,,,,,,,,,,,,,100.0,0.0,0.0,100.0,1358.2,1478.0
2022-04-10,2022,Viking,Aalesund,1,0,H,U,1.41,4.94,6.76,1,,,,,,,,,,,,,,,,,,,,,,,,1615.9,1362.0
2022-04-10,2022,Valerenga,Haugesund,2,1,H,O,1.66,3.91,4.96,1,,,,,,,,,,,,,,,,,,,,,,,,1558.8,1471.2
2022-04-10,2022,Tromso,Ham-Kam,2,1,H,O,1.83,3.49,4.44,1,,,,,,,,,,,,,,,,,,,,,,,,1467.1,1500.8
2022-04-10,2022,Stromsgodset,Molde,1,3,A,O,2.62,3.58,2.5,1,,,,,,,,,,,,,,,,,,,,,,,,1458.0,1674.6
2022-04-10,2022,Sandefjord,Bodo/Glimt,1,2,A,O,4.58,3.75,1.75,1,,,,,,,,,,,,,,,,,,,,,,,,1476.5,1700.6
2022-04-10,2022,Rosenborg,Odd,1,0,H,U,1.63,4.02,5.07,1,,,,,,,,,,,,,,,,,,,,,,,,1595.6,1486.8
2022-04-10,2022,Kristiansund,Sarpsborg 08,2,3,A,O,2.28,3.35,3.1,1,,,,,,,,,,,,,,,,,,,,,,,,1523.5,1483.0
2022-04-09,2022,Lillestrom,Jerv,4,0,H,O,1.39,4.8,7.79,1,,,,,,,,,,,,,,,,,,,,,,,,1526.3,1493.2
2022-04-03,2022,Sarpsborg 08,Viking,0,1,A,U,2.33,3.41,3.0,1,,,,,,,,,,,,,,,,,,,,,,,,1489.7,1609.2
2022-04-03,2022,Odd,Tromso,2,0,H,U,2.27,3.14,3.35,1,,,,,,,,,,,,,,,,,,,,,,,,1476.8,1477.1
2022-04-03,2022,Jerv,Stromsgodset,1,0,H,U,3.26,3.34,2.21,1,,,,,,,,,,,,,,,,,,,,,,,,1483.7,1467.5
2022-04-03,2022,Haugesund,Sandefjord,1,3,A,O,1.98,3.37,3.92,1,,,,,,,,,,,,,,,,,,,,,,,,1481.6,1466.0
2022-04-03,2022,Bodo/Glimt,Rosenborg,2,2,D,O,1.45,4.49,6.86,1,,,,,,,,,,,,,,,,,,,,,,,,1703.7,1592.5
2022-04-03,2022,Aalesund,Kristiansund,1,0,H,U,2.15,3.57,3.21,1,,,,,,,,,,,,,,,,,,,,,,,,1347.0,1538.5
2022-04-02,2022,Molde,Valerenga,1,0,H,U,1.78,3.94,4.15,1,,,,,,,,,,,,,,,,,,,,,,,,1667.4,1565.9
2022-04-02,2022,Ham-Kam,Lillestrom,2,2,D,O,2.66,3.21,2.71,1,,,,,,,,,,,,,,,,,,,,,,,,1500.0,1527.1
2021-12-15,2021,Brann,Jerv,1,1,D,U,1.58,4.06,5.46,16,1.0,,1.0,,4.0,,,4.0,,,0.0,,,0.0,,,0.0,,,26.7,40.0,,,1466.3,1484.2
2021-12-12,2021,Tromso,Viking,0,2,A,U,2.22,3.6,3.04,15,1.0,3.0,0.0,0.0,3.0,6.0,-3.0,1.0,2.0,-1.0,2.0,4.0,-2.0,1.0,1.0,0.0,0.0,0.0,0.0,21.4,35.7,50.0,28.6,1483.8,1602.5
2021-12-12,2021,Rosenborg,Stromsgodset,2,2,D,O,1.42,4.85,6.94,15,1.0,0.0,1.0,2.0,5.0,2.0,3.0,4.0,7.0,-3.0,1.0,-5.0,6.0,1.0,0.0,1.0,1.0,2.0,-1.0,57.1,21.4,7.1,64.3,1596.1,1463.9
2021-12-12,2021,Odd,Stabaek,3,1,H,O,2.28,3.59,2.95,15,0.0,0.0,2.0,2.0,5.0,1.0,4.0,8.0,7.0,1.0,-3.0,-6.0,3.0,0.0,0.0,0.0,1.0,2.0,-1.0,28.6,42.9,14.3,57.1,1467.2,1454.2
2021-12-12,2021,Mjondalen,Bodo/Glimt,0,3,A,O,5.64,4.51,1.52,15,1.0,1.0,2.0,0.0,6.0,4.0,2.0,4.0,2.0,2.0,2.0,2.0,0.0,1.0,1.0,0.0,1.0,0.0,1.0,14.3,50.0,50.0,14.3,1388.4,1700.8
2021-12-12,2021,Lillestrom,Sandefjord,2,0,H,U,1.41,5.0,6.76,15,2.0,1.0,0.0,2.0,7.0,3.0,4.0,1.0,5.0,-4.0,6.0,-2.0,8.0,2.0,0.0,2.0,0.0,1.0,-1.0,50.0,28.6,28.6,64.3,1518.3,1474.8
2021-12-12,2021,Kristiansund,Valerenga,2,1,H,O,2.87,3.71,2.29,15,0.0,1.0,2.0,1.0,4.0,3.0,1.0,7.0,3.0,4.0,-3.0,0.0,-3.0,0.0,0.0,0.0,1.0,0.0,1.0,64.3,21.4,28.6,35.7,1527.0,1577.4
2021-12-12,2021,Haugesund,Molde,1,2,A,O,3.76,4.27,1.8,15,0.0,2.0,1.0,1.0,3.0,4.0,-1.0,4.0,6.0,-2.0,-1.0,-2.0,1.0,0.0,1.0,-1.0,0.0,1.0,-1.0,57.1,21.4,42.9,28.6,1487.0,1662.1
2021-12-12,2021,Brann,Sarpsborg 08,2,1,H,O,1.39,4.91,7.57,15,0.0,3.0,2.0,0.0,2.0,8.0,-6.0,5.0,3.0,2.0,-3.0,5.0,-8.0,0.0,2.0,-2.0,1.0,0.0,1.0,21.4,42.9,35.7,57.1,1455.0,1501.0
2021-12-05,2021,Viking,Odd,3,1,H,O,1.6,4.27,5.09,15,1.0,0.0,1.0,1.0,7.0,1.0,6.0,4.0,3.0,1.0,3.0,-2.0,5.0,1.0,0.0,1.0,0.0,1.0,-1.0,57.1,21.4,21.4,42.9,1595.9,1473.8
2021-12-05,2021,Valerenga,Mjondalen,2,0,H,U,1.58,4.29,5.29,15,2.0,1.0,0.0,1.0,4.0,4.0,0.0,2.0,4.0,-2.0,2.0,0.0,2.0,0.0,0.0,0.0,0.0,0.0,0.0,42.9,7.1,14.3,50.0,1572.1,1393.7
2021-12-05,2021,Stromsgodset,Haugesund,0,0,D,U,2.26,3.7,2.92,15,1.0,0.0,1.0,2.0,8.0,3.0,5.0,3.0,5.0,-2.0,5.0,-2.0,7.0,1.0,0.0,1.0,0.0,0.0,0.0,57.1,21.4,7.1,64.3,1463.2,1487.7
2021-12-05,2021,Stabaek,Rosenborg,1,3,A,O,3.17,3.46,2.21,15,2.0,0.0,1.0,1.0,5.0,3.0,2.0,4.0,6.0,-2.0,1.0,-3.0,4.0,1.0,0.0,1.0,1.0,1.0,0.0,28.6,50.0,28.6,35.7,1460.7,1589.7
2021-12-05,2021,Sarpsborg 08,Tromso,0,1,A,U,1.99,3.34,3.92,15,2.0,0.0,0.0,1.0,7.0,2.0,5.0,3.0,5.0,-2.0,4.0,-3.0,7.0,1.0,0.0,1.0,0.0,1.0,-1.0,42.9,21.4,28.6,35.7,1512.2,1472.6
2021-12-05,2021,Sandefjord,Kristiansund,3,2,H,O,2.24,3.56,3.04,15,1.0,1.0,0.0,2.0,4.0,4.0,0.0,2.0,10.0,-8.0,2.0,-6.0,8.0,1.0,1.0,0.0,0.0,2.0,-2.0,35.7,28.6,28.6,57.1,1462.6,1539.2
2021-12-05,2021,Molde,Lillestrom,3,3,D,O,1.48,4.73,5.99,15,2.0,1.0,1.0,2.0,7.0,4.0,3.0,4.0,8.0,-4.0,3.0,-4.0,7.0,2.0,1.0,1.0,1.0,2.0,-1.0,78.6,14.3,42.9,35.7,1666.2,1514.2
2021-12-05,2021,Bodo/Glimt,Brann,2,2,D,O,1.33,5.44,8.33,15,3.0,0.0,0.0,1.0,5.0,5.0,0.0,1.0,6.0,-5.0,4.0,-1.0,5.0,1.0,0.0,1.0,0.0,0.0,0.0,71.4,7.1,7.1,57.1,1707.2,1448.7
2021-11-28,2021,Tromso,Stabaek,0,0,D,U,1.66,3.7,5.39,14,2.0,0.0,0.0,2.0,4.0,2.0,2.0,1.0,8.0,-7.0,3.0,-6.0,9.0,1.0,0.0,1.0,0.0,2.0,-2.0,23.1,38.5,15.4,61.5,1473.0,1460.3
2021-11-28,2021,Rosenborg,Bodo/Glimt,0,0,D,U,2.96,3.52,2.29,14,1.0,1.0,1.0,0.0,7.0,5.0,2.0,6.0,3.0,3.0,1.0,2.0,-1.0,1.0,1.0,0.0,1.0,0.0,1.0,61.5,23.1,53.8,15.4,1586.2,1710.6
2021-11-28,2021,Mjondalen,Sarpsborg 08,1,3,A,O,3.12,3.24,2.33,14,1.0,2.0,1.0,1.0,6.0,6.0,0.0,2.0,4.0,-2.0,4.0,2.0,2.0,1.0,1.0,0.0,0.0,0.0,0.0,15.4,46.2,30.8,61.5,1400.8,1505.1
2021-11-28,2021,Kristiansund,Viking,2,3,A,O,2.79,3.72,2.33,14,1.0,3.0,1.0,0.0,3.0,4.0,-1.0,4.0,0.0,4.0,-1.0,4.0,-5.0,0.0,1.0,-1.0,1.0,0.0,1.0,69.2,15.4,46.2,30.8,1548.1,1587.0
2021-11-28,2021,Haugesund,Sandefjord,1,2,A,O,1.95,3.47,3.89,14,1.0,0.0,0.0,3.0,9.0,2.0,7.0,2.0,8.0,-6.0,7.0,-6.0,13.0,1.0,0.0,1.0,0.0,2.0,-2.0,61.5,15.4,23.1,69.2,1499.0,1451.2
2021-11-28,2021,Brann,Molde,0,1,A,U,2.81,3.77,2.3,14,0.0,2.0,1.0,1.0,3.0,6.0,-3.0,5.0,7.0,-2.0,-2.0,-1.0,-1.0,0.0,2.0,-2.0,1.0,1.0,0.0,23.1,38.5,38.5,30.8,1453.3,1661.6
2021-11-27,2021,Odd,Valerenga,1,2,A,O,2.62,3.45,2.6,14,0.0,0.0,1.0,1.0,7.0,3.0,4.0,9.0,4.0,5.0,-2.0,-1.0,-1.0,0.0,0.0,0.0,1.0,0.0,1.0,30.8,38.5,23.1,38.5,1481.5,1564.5
2021-11-27,2021,Lillestrom,Stromsgodset,4,1,H,O,1.48,4.56,6.09,14,1.0,0.0,0.0,2.0,3.0,1.0,2.0,0.0,6.0,-6.0,3.0,-5.0,8.0,1.0,0.0,1.0,0.0,2.0,-2.0,46.2,30.8,7.7,61.5,1505.2,1472.3
2021-11-21,2021,Valerenga,Tromso,1,1,D,U,1.75,3.65,4.68,14,3.0,1.0,0.0,1.0,6.0,3.0,3.0,1.0,5.0,-4.0,5.0,-2.0,7.0,1.0,0.0,1.0,0.0,1.0,-1.0,46.2,7.7,30.8,38.5,1567.2,1470.3
2021-11-21,2021,Stabaek,Kristiansund,3,0,H,O,2.77,3.53,2.42,14,1.0,1.0,2.0,1.0,2.0,4.0,-2.0,7.0,7.0,0.0,-5.0,-3.0,-2.0,0.0,1.0,-1.0,2.0,1.0,1.0,23.1,53.8,30.8,53.8,1447.2,1561.3
2021-11-21,2021,Sarpsborg 08,Odd,1,1,D,U,1.73,3.81,4.64,14,3.0,1.0,0.0,1.0,8.0,3.0,5.0,3.0,3.0,0.0,5.0,0.0,5.0,1.0,1.0,0.0,0.0,1.0,-1.0,46.2,23.1,23.1,46.2,1505.8,1480.8
2021-11-21,2021,Sandefjord,Brann,2,2,D,O,2.96,3.48,2.31,14,1.0,0.0,1.0,1.0,2.0,4.0,-2.0,3.0,5.0,-2.0,-1.0,-1.0,0.0,1.0,0.0,1.0,1.0,0.0,1.0,38.5,30.8,7.7,61.5,1451.2,1453.4
2021-11-21,2021,Molde,Rosenborg,4,1,H,O,1.43,5.15,5.99,14,2.0,0.0,1.0,1.0,6.0,2.0,4.0,3.0,3.0,0.0,3.0,-1.0,4.0,2.0,0.0,2.0,1.0,0.0,1.0,76.9,15.4,30.8,30.8,1653.2,1594.6
2021-11-21,2021,Bodo/Glimt,Lillestrom,2,0,H,U,1.44,4.79,6.39,14,3.0,1.0,0.0,2.0,4.0,5.0,-1.0,1.0,8.0,-7.0,3.0,-3.0,6.0,0.0,1.0,-1.0,0.0,1.0,-1.0,69.2,7.7,46.2,30.8,1705.7,1510.0
2021-11-20,2021,Viking,Haugesund,1,1,D,U,1.45,4.7,6.46,14,2.0,0.0,1.0,3.0,8.0,2.0,6.0,4.0,6.0,-2.0,4.0,-4.0,8.0,1.0,0.0,1.0,0.0,1.0,-1.0,61.5,23.1,7.7,69.2,1589.6,1496.4
2021-11-20,2021,Stromsgodset,Mjondalen,1,2,A,O,1.62,4.14,5.04,14,1.0,0.0,1.0,2.0,7.0,2.0,5.0,2.0,10.0,-8.0,5.0,-8.0,13.0,1.0,0.0,1.0,0.0,1.0,-1.0,61.5,15.4,7.7,53.8,1485.0,1388.0
2021-11-07,2021,Tromso,Stromsgodset,1,1,D,U,1.63,4.0,5.18,13,3.0,0.0,0.0,2.0,5.0,0.0,5.0,0.0,5.0,-5.0,5.0,-5.0,10.0,2.0,0.0,2.0,0.0,2.0,-2.0,25.0,41.7,8.3,66.7,1469.8,1485.4
2021-11-07,2021,Odd,Kristiansund,2,4,A,O,2.09,3.77,3.19,13,0.0,0.0,1.0,2.0,6.0,1.0,5.0,8.0,8.0,0.0,-2.0,-7.0,5.0,0.0,0.0,0.0,1.0,2.0,-1.0,33.3,33.3,25.0,58.3,1488.9,1553.1
2021-11-07,2021,Molde,Sandefjord,3,1,H,O,1.19,7.24,12.66,13,1.0,0.0,1.0,3.0,5.0,2.0,3.0,4.0,7.0,-3.0,1.0,-5.0,6.0,1.0,0.0,1.0,1.0,1.0,0.0,75.0,16.7,25.0,66.7,1648.3,1456.2
2021-11-07,2021,Mjondalen,Viking,0,1,A,U,3.62,3.91,1.9,13,1.0,2.0,0.0,0.0,7.0,5.0,2.0,2.0,2.0,0.0,5.0,3.0,2.0,1.0,1.0,0.0,0.0,0.0,0.0,16.7,41.7,41.7,33.3,1393.0,1584.6
2021-11-07,2021,Lillestrom,Valerenga,0,0,D,U,2.02,3.6,3.53,13,1.0,0.0,1.0,2.0,4.0,3.0,1.0,2.0,5.0,-3.0,2.0,-2.0,4.0,1.0,0.0,1.0,0.0,0.0,0.0,50.0,33.3,25.0,41.7,1508.3,1568.9
2021-11-07,2021,Haugesund,Bodo/Glimt,2,2,D,O,3.66,3.67,1.95,13,1.0,2.0,1.0,0.0,8.0,6.0,2.0,3.0,1.0,2.0,5.0,5.0,0.0,1.0,2.0,-1.0,1.0,0.0,1.0,66.7,16.7,58.3,16.7,1490.8,1711.3
2021-11-06,2021,Sarpsborg 08,Stabaek,4,1,H,O,1.63,3.88,5.43,13,2.0,1.0,1.0,1.0,5.0,4.0,1.0,5.0,4.0,1.0,0.0,0.0,0.0,0.0,1.0,-1.0,1.0,1.0,0.0,41.7,25.0,16.7,58.3,1497.0,1456.0
2021-11-06,2021,Brann,Rosenborg,2,2,D,O,2.23,3.59,3.03,13,1.0,1.0,1.0,1.0,4.0,3.0,1.0,4.0,2.0,2.0,0.0,1.0,-1.0,1.0,1.0,0.0,1.0,0.0,1.0,25.0,41.7,33.3,33.3,1449.4,1598.6
2021-10-31,2021,Viking,Sarpsborg 08,1,2,A,O,1.56,4.32,5.41,13,2.0,1.0,1.0,2.0,8.0,4.0,4.0,5.0,8.0,-3.0,3.0,-4.0,7.0,1.0,1.0,0.0,1.0,1.0,0.0,66.7,16.7,25.0,66.7,1597.8,1483.8
2021-10-31,2021,Valerenga,Brann,1,0,H,U,1.96,3.75,3.55,13,2.0,0.0,0.0,0.0,6.0,5.0,1.0,2.0,5.0,-3.0,4.0,0.0,4.0,1.0,0.0,1.0,0.0,0.0,0.0,41.7,8.3,8.3,58.3,1561.8,1456.4
2021-10-31,2021,Stromsgodset,Molde,6,0,H,O,4.68,4.5,1.61,13,1.0,2.0,1.0,0.0,6.0,7.0,-1.0,2.0,2.0,0.0,4.0,5.0,-1.0,1.0,2.0,-1.0,0.0,0.0,0.0,58.3,16.7,41.7,25.0,1470.4,1663.3
2021-10-31,2021,Stabaek,Haugesund,2,1,H,O,2.82,3.24,2.53,13,0.0,0.0,2.0,3.0,0.0,3.0,-3.0,6.0,7.0,-1.0,-6.0,-4.0,-2.0,0.0,0.0,0.0,2.0,1.0,1.0,16.7,58.3,8.3,66.7,1444.3,1502.5
2021-10-31,2021,Odd,Mjondalen,2,2,D,O,1.65,4.13,4.78,12,0.0,0.0,2.0,3.0,6.0,1.0,5.0,9.0,11.0,-2.0,-3.0,-10.0,7.0,0.0,0.0,0.0,1.0,2.0,-1.0,36.4,36.4,8.3,58.3,1491.8,1390.2
2021-10-31,2021,Bodo/Glimt,Sandefjord,1,0,H,U,1.21,6.79,11.82,13,2.0,0.0,0.0,2.0,4.0,3.0,1.0,2.0,7.0,-5.0,2.0,-4.0,6.0,0.0,0.0,0.0,0.0,1.0,-1.0,66.7,8.3,27.3,63.6,1707.4,1460.0
2021-10-30,2021,Rosenborg,Lillestrom,1,3,A,O,1.62,4.13,5.16,13,2.0,1.0,0.0,2.0,9.0,5.0,4.0,4.0,9.0,-5.0,5.0,-4.0,9.0,2.0,0.0,2.0,0.0,1.0,-1.0,66.7,16.7,41.7,33.3,1611.8,1495.1
2021-10-30,2021,Kristiansund,Tromso,1,1,D,U,2.12,3.57,3.28,13,2.0,1.0,1.0,2.0,5.0,4.0,1.0,5.0,7.0,-2.0,0.0,-3.0,3.0,0.0,0.0,0.0,1.0,1.0,0.0,75.0,16.7,33.3,41.7,1555.6,1467.4
2021-10-28,2021,Sarpsborg 08,Valerenga,2,1,H,O,2.24,3.32,3.21,12,2.0,0.0,1.0,2.0,8.0,2.0,6.0,4.0,6.0,-2.0,4.0,-4.0,8.0,1.0,0.0,1.0,1.0,1.0,0.0,36.4,27.3,27.3,36.4,1470.9,1574.7
2021-10-28,2021,Brann,Viking,0,2,A,U,2.31,3.76,2.75,12,1.0,2.0,1.0,0.0,5.0,6.0,-1.0,5.0,3.0,2.0,0.0,3.0,-3.0,1.0,1.0,0.0,1.0,0.0,1.0,27.3,36.4,36.4,36.4,1462.9,1591.3
2021-10-27,2021,Tromso,Odd,2,0,H,U,1.88,3.58,4.0,12,2.0,1.0,0.0,0.0,4.0,4.0,0.0,1.0,2.0,-1.0,3.0,2.0,1.0,1.0,1.0,0.0,0.0,0.0,0.0,18.2,45.5,25.0,41.7,1456.0,1503.1
2021-10-27,2021,Sandefjord,Stromsgodset,2,0,H,U,2.14,3.55,3.23,13,1.0,1.0,1.0,1.0,3.0,1.0,2.0,3.0,3.0,0.0,0.0,-2.0,2.0,1.0,0.0,1.0,1.0,1.0,0.0,33.3,33.3,9.1,63.6,1449.1,1481.3
2021-10-27,2021,Molde,Bodo/Glimt,0,2,A,U,1.91,4.0,3.5,12,2.0,2.0,0.0,0.0,9.0,7.0,2.0,2.0,2.0,0.0,7.0,5.0,2.0,2.0,2.0,0.0,0.0,0.0,0.0,81.8,9.1,54.5,18.2,1672.6,1698.2
2021-10-27,2021,Mjondalen,Kristiansund,5,0,H,O,3.27,3.59,2.11,12,0.0,1.0,1.0,1.0,3.0,3.0,0.0,4.0,4.0,0.0,-1.0,-1.0,0.0,0.0,0.0,0.0,0.0,1.0,-1.0,9.1,45.5,27.3,54.5,1375.1,1570.7
2021-10-27,2021,Lillestrom,Stabaek,3,0,H,O,1.53,4.22,5.9,12,0.0,1.0,2.0,1.0,3.0,5.0,-2.0,5.0,4.0,1.0,-2.0,1.0,-3.0,0.0,1.0,-1.0,0.0,1.0,-1.0,45.5,36.4,18.2,54.5,1486.0,1453.4
2021-10-27,2021,Haugesund,Rosenborg,0,0,D,U,2.65,3.53,2.5,12,2.0,1.0,1.0,2.0,10.0,4.0,6.0,4.0,4.0,0.0,6.0,0.0,6.0,1.0,1.0,0.0,1.0,0.0,1.0,72.7,18.2,36.4,36.4,1499.2,1615.1
2021-10-24,2021,Valerenga,Haugesund,2,1,H,O,1.82,3.78,4.1,12,2.0,1.0,0.0,2.0,7.0,5.0,2.0,2.0,6.0,-4.0,5.0,-1.0,6.0,2.0,1.0,1.0,0.0,1.0,-1.0,36.4,9.1,9.1,63.6,1566.4,1507.6
2021-10-24,2021,Tromso,Mjondalen,1,0,H,U,1.49,4.23,6.55,11,1.0,0.0,1.0,3.0,5.0,1.0,4.0,4.0,14.0,-10.0,1.0,-13.0,14.0,1.0,0.0,1.0,0.0,3.0,-3.0,10.0,50.0,9.1,54.5,1447.9,1383.2
2021-10-24,2021,Stromsgodset,Bodo/Glimt,1,1,D,U,4.09,4.3,1.72,12,1.0,3.0,2.0,0.0,6.0,9.0,-3.0,3.0,3.0,0.0,3.0,6.0,-3.0,1.0,2.0,-1.0,0.0,0.0,0.0,63.6,18.2,60.0,20.0,1475.6,1703.9
2021-10-24,2021,Rosenborg,Sandefjord,4,1,H,O,1.39,4.94,7.23,12,2.0,0.0,0.0,2.0,8.0,2.0,6.0,5.0,8.0,-3.0,3.0,-6.0,9.0,1.0,0.0,1.0,0.0,1.0,-1.0,63.6,18.2,30.0,60.0,1609.2,1454.9
2021-10-24,2021,Odd,Brann,3,3,D,O,2.78,3.55,2.39,11,0.0,1.0,3.0,0.0,3.0,5.0,-2.0,7.0,4.0,3.0,-4.0,1.0,-5.0,0.0,0.0,0.0,1.0,0.0,1.0,40.0,40.0,9.1,63.6,1504.3,1461.7
2021-10-24,2021,Kristiansund,Sarpsborg 08,1,3,A,O,1.86,3.72,3.97,12,3.0,0.0,0.0,3.0,6.0,2.0,4.0,2.0,9.0,-7.0,4.0,-7.0,11.0,1.0,0.0,1.0,0.0,1.0,-1.0,81.8,9.1,18.2,72.7,1584.2,1457.4
2021-10-23,2021,Viking,Lillestrom,5,1,H,O,1.61,4.37,4.82,12,2.0,2.0,1.0,1.0,5.0,6.0,-1.0,5.0,5.0,0.0,0.0,1.0,-1.0,0.0,0.0,0.0,1.0,0.0,1.0,63.6,18.2,45.5,27.3,1583.9,1493.5
2021-10-23,2021,Stabaek,Molde,0,3,A,O,5.83,4.66,1.49,12,0.0,1.0,2.0,1.0,1.0,4.0,-3.0,6.0,4.0,2.0,-5.0,0.0,-5.0,0.0,1.0,-1.0,2.0,1.0,1.0,18.2,54.5,36.4,27.3,1458.0,1668.0
2021-10-17,2021,Stromsgodset,Viking,0,1,A,U,2.38,3.85,2.64,11,2.0,1.0,1.0,0.0,9.0,6.0,3.0,3.0,4.0,-1.0,6.0,2.0,4.0,2.0,1.0,1.0,0.0,0.0,0.0,70.0,10.0,30.0,40.0,1482.9,1576.5
2021-10-17,2021,Sandefjord,Odd,0,0,D,U,2.39,3.43,2.88,12,1.0,1.0,1.0,1.0,4.0,4.0,0.0,4.0,7.0,-3.0,0.0,-3.0,3.0,1.0,1.0,0.0,1.0,1.0,0.0,36.4,36.4,27.3,45.5,1453.4,1505.8
2021-10-17,2021,Rosenborg,Valerenga,2,2,D,O,1.88,3.81,3.75,11,3.0,0.0,0.0,2.0,11.0,1.0,10.0,3.0,5.0,-2.0,8.0,-4.0,12.0,2.0,0.0,2.0,0.0,1.0,-1.0,70.0,20.0,30.0,40.0,1610.5,1565.1
2021-10-17,2021,Haugesund,Mjondalen,7,0,H,O,1.61,3.92,5.55,11,1.0,0.0,2.0,2.0,3.0,2.0,1.0,7.0,8.0,-1.0,-4.0,-6.0,2.0,0.0,0.0,0.0,2.0,2.0,0.0,70.0,20.0,10.0,50.0,1500.6,1390.2
2021-10-17,2021,Brann,Stabaek,1,1,D,U,1.41,4.63,7.31,11,2.0,1.0,1.0,2.0,7.0,5.0,2.0,6.0,8.0,-2.0,1.0,-3.0,4.0,1.0,1.0,0.0,1.0,2.0,-1.0,30.0,40.0,20.0,60.0,1461.8,1457.9
2021-10-17,2021,Bodo/Glimt,Sarpsborg 08,2,1,H,O,1.3,5.66,9.06,12,2.0,0.0,0.0,3.0,5.0,2.0,3.0,1.0,10.0,-9.0,4.0,-8.0,12.0,1.0,0.0,1.0,0.0,2.0,-2.0,63.6,9.1,20.0,70.0,1699.9,1461.4
2021-10-16,2021,Molde,Tromso,3,0,H,O,1.34,5.42,7.72,11,2.0,1.0,0.0,1.0,11.0,5.0,6.0,6.0,5.0,1.0,5.0,0.0,5.0,1.0,0.0,1.0,0.0,0.0,0.0,80.0,10.0,36.4,36.4,1663.4,1452.4
2021-10-16,2021,Lillestrom,Kristiansund,0,0,D,U,2.09,3.56,3.34,11,0.0,1.0,3.0,2.0,3.0,3.0,0.0,6.0,7.0,-1.0,-3.0,-4.0,1.0,0.0,0.0,0.0,0.0,2.0,-2.0,50.0,40.0,30.0,60.0,1490.8,1586.9
2021-10-03,2021,Valerenga,Stromsgodset,3,0,H,O,1.75,3.97,4.26,11,1.0,1.0,0.0,1.0,5.0,1.0,4.0,3.0,1.0,2.0,2.0,0.0,2.0,1.0,0.0,1.0,0.0,0.0,0.0,30.0,10.0,10.0,60.0,1557.0,1491.1
2021-10-03,2021,Tromso,Haugesund,2,0,H,U,2.08,3.4,3.56,10,0.0,1.0,1.0,2.0,4.0,7.0,-3.0,5.0,8.0,-3.0,-1.0,-1.0,0.0,0.0,1.0,-1.0,0.0,1.0,-1.0,0.0,55.6,10.0,60.0,1440.4,1512.7
2021-10-03,2021,Stabaek,Bodo/Glimt,0,3,A,O,6.96,4.63,1.43,11,0.0,3.0,1.0,0.0,2.0,7.0,-5.0,4.0,3.0,1.0,-2.0,4.0,-6.0,0.0,1.0,-1.0,1.0,0.0,1.0,20.0,50.0,55.6,22.2,1462.0,1695.8
2021-10-03,2021,Odd,Molde,1,3,A,O,3.5,3.94,1.93,10,1.0,0.0,2.0,2.0,6.0,3.0,3.0,6.0,6.0,0.0,0.0,-3.0,3.0,1.0,0.0,1.0,0.0,1.0,-1.0,44.4,33.3,30.0,30.0,1511.9,1657.4
2021-10-03,2021,Mjondalen,Brann,1,1,D,U,3.1,3.48,2.23,11,0.0,1.0,2.0,1.0,3.0,5.0,-2.0,5.0,6.0,-1.0,-2.0,-1.0,-1.0,0.0,0.0,0.0,0.0,1.0,-1.0,10.0,50.0,10.0,70.0,1388.0,1463.9
2021-10-03,2021,Kristiansund,Rosenborg,1,0,H,U,2.4,3.55,2.79,11,3.0,2.0,0.0,1.0,10.0,6.0,4.0,3.0,4.0,-1.0,7.0,2.0,5.0,2.0,1.0,1.0,0.0,0.0,0.0,80.0,10.0,40.0,30.0,1575.5,1621.9
2021-10-02,2021,Viking,Sandefjord,2,1,H,O,1.57,4.33,5.27,11,2.0,0.0,1.0,2.0,6.0,3.0,3.0,6.0,9.0,-3.0,0.0,-6.0,6.0,0.0,0.0,0.0,1.0,1.0,0.0,60.0,20.0,33.3,55.6,1569.5,1460.4
2021-10-02,2021,Sarpsborg 08,Lillestrom,2,1,H,O,2.16,3.55,3.24,11,2.0,3.0,1.0,0.0,7.0,8.0,-1.0,3.0,3.0,0.0,4.0,5.0,-1.0,1.0,1.0,0.0,1.0,0.0,1.0,30.0,30.0,50.0,20.0,1450.0,1502.3
2021-09-29,2021,Stabaek,Stromsgodset,0,0,D,U,3.18,3.8,2.08,10,1.0,1.0,1.0,2.0,5.0,2.0,3.0,5.0,3.0,2.0,0.0,-1.0,1.0,1.0,0.0,1.0,1.0,0.0,1.0,22.2,55.6,11.1,66.7,1461.1,1491.9
2021-09-26,2021,Sandefjord,Stabaek,0,3,A,O,1.65,4.08,4.88,11,1.0,1.0,0.0,2.0,5.0,4.0,1.0,2.0,9.0,-7.0,3.0,-5.0,8.0,1.0,0.0,1.0,0.0,2.0,-2.0,40.0,30.0,11.1,66.7,1471.0,1450.5
2021-09-26,2021,Rosenborg,Mjondalen,3,1,H,O,1.3,5.5,9.75,10,3.0,0.0,0.0,1.0,9.0,2.0,7.0,2.0,6.0,-4.0,7.0,-4.0,11.0,1.0,0.0,1.0,0.0,1.0,-1.0,66.7,22.2,11.1,44.4,1617.6,1392.3
2021-09-26,2021,Molde,Viking,2,2,D,O,1.37,5.47,6.97,10,3.0,1.0,0.0,1.0,14.0,6.0,8.0,4.0,5.0,-1.0,10.0,1.0,9.0,2.0,1.0,1.0,0.0,0.0,0.0,88.9,11.1,33.3,44.4,1660.0,1566.9
2021-09-26,2021,Haugesund,Odd,1,3,A,O,1.69,4.0,4.61,10,2.0,0.0,1.0,2.0,4.0,1.0,3.0,5.0,9.0,-4.0,-1.0,-8.0,7.0,0.0,0.0,0.0,1.0,2.0,-1.0,77.8,11.1,20.0,50.0,1523.3,1501.2
2021-09-26,2021,Brann,Kristiansund,3,1,H,O,2.11,3.7,3.18,10,1.0,1.0,1.0,2.0,5.0,4.0,1.0,6.0,7.0,-1.0,-1.0,-3.0,2.0,0.0,0.0,0.0,1.0,1.0,0.0,22.2,44.4,33.3,55.6,1450.1,1589.3
2021-09-26,2021,Bodo/Glimt,Valerenga,1,0,H,U,1.39,5.18,6.93,11,1.0,0.0,0.0,2.0,6.0,2.0,4.0,3.0,7.0,-4.0,3.0,-5.0,8.0,1.0,0.0,1.0,0.0,2.0,-2.0,60.0,10.0,33.3,33.3,1689.2,1563.5
2021-09-25,2021,Stromsgodset,Sarpsborg 08,5,0,H,O,2.06,3.5,3.5,10,2.0,0.0,1.0,3.0,7.0,2.0,5.0,3.0,7.0,-4.0,4.0,-5.0,9.0,2.0,0.0,2.0,0.0,2.0,-2.0,66.7,11.1,22.2,66.7,1482.6,1459.3
2021-09-25,2021,Lillestrom,Tromso,1,2,A,O,1.72,3.8,4.69,10,1.0,1.0,2.0,1.0,4.0,6.0,-2.0,4.0,6.0,-2.0,0.0,0.0,0.0,1.0,0.0,1.0,0.0,0.0,0.0,55.6,33.3,30.0,40.0,1514.7,1427.9
2021-09-19,2021,Viking,Bodo/Glimt,1,3,A,O,2.83,3.82,2.26,10,3.0,2.0,0.0,0.0,8.0,6.0,2.0,5.0,4.0,1.0,3.0,2.0,1.0,0.0,0.0,0.0,0.0,0.0,0.0,66.7,11.1,50.0,25.0,1573.9,1682.2
2021-09-19,2021,Valerenga,Molde,1,1,D,U,2.74,3.74,2.35,10,1.0,0.0,0.0,2.0,6.0,3.0,3.0,4.0,6.0,-2.0,2.0,-3.0,5.0,1.0,0.0,1.0,0.0,1.0,-1.0,33.3,11.1,33.3,33.3,1560.7,1662.8
2021-09-19,2021,Tromso,Brann,1,1,D,U,1.99,3.66,3.51,9,0.0,1.0,2.0,2.0,4.0,6.0,-2.0,7.0,8.0,-1.0,-3.0,-2.0,-1.0,0.0,0.0,0.0,1.0,1.0,0.0,0.0,62.5,11.1,77.8,1427.3,1450.8
2021-09-19,2021,Sarpsborg 08,Rosenborg,1,3,A,O,2.8,3.19,2.58,10,2.0,2.0,0.0,1.0,7.0,6.0,1.0,1.0,4.0,-3.0,6.0,2.0,4.0,1.0,1.0,0.0,0.0,0.0,0.0,33.3,22.2,33.3,33.3,1465.3,1611.5
2021-09-19,2021,Mjondalen,Sandefjord,1,1,D,U,2.57,3.36,2.69,10,0.0,1.0,3.0,2.0,4.0,5.0,-1.0,7.0,10.0,-3.0,-3.0,-5.0,2.0,0.0,0.0,0.0,0.0,1.0,-1.0,11.1,55.6,37.5,62.5,1390.0,1473.3
2021-09-18,2021,Odd,Lillestrom,2,3,A,O,2.26,3.64,2.93,9,1.0,2.0,2.0,0.0,6.0,6.0,0.0,6.0,2.0,4.0,0.0,4.0,-4.0,1.0,1.0,0.0,0.0,0.0,0.0,50.0,25.0,44.4,22.2,1511.4,1504.5
2021-09-18,2021,Kristiansund,Haugesund,3,2,H,O,1.98,3.71,3.53,10,3.0,1.0,0.0,2.0,9.0,9.0,0.0,1.0,10.0,-9.0,8.0,-1.0,9.0,3.0,1.0,2.0,0.0,1.0,-1.0,77.8,11.1,11.1,55.6,1580.7,1531.9
2021-09-12,2021,Stromsgodset,Kristiansund,1,2,A,O,2.28,3.65,2.9,9,3.0,0.0,0.0,3.0,8.0,2.0,6.0,2.0,7.0,-5.0,6.0,-5.0,11.0,2.0,0.0,2.0,0.0,1.0,-1.0,75.0,0.0,25.0,62.5,1490.3,1573.1
2021-09-12,2021,Sandefjord,Valerenga,3,0,H,O,3.16,3.52,2.18,10,0.0,0.0,0.0,1.0,3.0,3.0,0.0,3.0,5.0,-2.0,0.0,-2.0,2.0,0.0,0.0,0.0,0.0,1.0,-1.0,33.3,33.3,37.5,25.0,1460.2,1573.8
2021-09-12,2021,Rosenborg,Tromso,3,2,H,O,1.6,4.03,5.32,9,2.0,1.0,0.0,0.0,6.0,5.0,1.0,0.0,4.0,-4.0,6.0,1.0,5.0,1.0,0.0,1.0,0.0,0.0,0.0,62.5,25.0,33.3,33.3,1606.2,1432.6
2021-09-12,2021,Molde,Mjondalen,4,0,H,O,1.22,6.58,11.1,9,3.0,0.0,0.0,0.0,13.0,3.0,10.0,4.0,3.0,1.0,9.0,0.0,9.0,2.0,0.0,2.0,0.0,0.0,0.0,87.5,12.5,12.5,37.5,1659.3,1393.5
2021-09-12,2021,Haugesund,Sarpsborg 08,2,1,H,O,1.9,3.42,4.13,9,2.0,0.0,1.0,3.0,5.0,1.0,4.0,5.0,7.0,-2.0,0.0,-6.0,6.0,1.0,0.0,1.0,1.0,3.0,-2.0,75.0,12.5,25.0,62.5,1523.4,1473.9
2021-09-12,2021,Bodo/Glimt,Odd,1,1,D,U,1.24,6.61,10.18,10,2.0,0.0,0.0,3.0,9.0,0.0,9.0,3.0,13.0,-10.0,6.0,-13.0,19.0,2.0,0.0,2.0,0.0,3.0,-3.0,66.7,11.1,22.2,55.6,1687.0,1506.7
2021-09-11,2021,Stabaek,Viking,1,3,A,O,3.06,3.6,2.19,9,1.0,0.0,1.0,1.0,6.0,5.0,1.0,5.0,6.0,-1.0,1.0,-1.0,2.0,1.0,0.0,1.0,0.0,0.0,0.0,25.0,50.0,25.0,50.0,1457.5,1567.0
2021-09-11,2021,Lillestrom,Brann,2,3,A,O,1.65,4.02,4.98,9,1.0,0.0,1.0,3.0,3.0,3.0,0.0,2.0,7.0,-5.0,1.0,-4.0,5.0,1.0,0.0,1.0,0.0,1.0,-1.0,62.5,25.0,0.0,87.5,1516.7,1438.6
2021-08-29,2021,Viking,Rosenborg,2,1,H,O,2.26,3.58,2.94,9,2.0,2.0,0.0,0.0,7.0,7.0,0.0,5.0,4.0,1.0,2.0,3.0,-1.0,0.0,1.0,-1.0,0.0,0.0,0.0,62.5,12.5,37.5,25.0,1555.2,1617.9
2021-08-29,2021,Valerenga,Stabaek,3,1,H,O,1.33,5.31,8.44,9,1.0,1.0,0.0,2.0,7.0,4.0,3.0,4.0,8.0,-4.0,3.0,-4.0,7.0,1.0,0.0,1.0,0.0,1.0,-1.0,25.0,12.5,12.5,62.5,1566.7,1464.6
2021-08-29,2021,Tromso,Bodo/Glimt,2,3,A,O,3.5,3.6,2.02,8,0.0,1.0,1.0,1.0,2.0,3.0,-1.0,4.0,3.0,1.0,-2.0,0.0,-2.0,0.0,0.0,0.0,1.0,0.0,1.0,0.0,57.1,42.9,28.6,1436.5,1683.1
2021-08-29,2021,Sarpsborg 08,Sandefjord,5,0,H,O,2.16,3.3,3.4,9,1.0,1.0,0.0,2.0,4.0,5.0,-1.0,3.0,7.0,-4.0,1.0,-2.0,3.0,0.0,0.0,0.0,0.0,1.0,-1.0,25.0,25.0,42.9,57.1,1463.7,1470.4
2021-08-29,2021,Odd,Stromsgodset,0,1,A,U,2.05,3.65,3.38,8,2.0,0.0,1.0,2.0,9.0,2.0,7.0,7.0,4.0,3.0,2.0,-2.0,4.0,1.0,0.0,1.0,0.0,0.0,0.0,57.1,14.3,0.0,75.0,1517.8,1479.2
2021-08-29,2021,Kristiansund,Molde,2,0,H,U,3.06,3.85,2.12,9,3.0,0.0,0.0,2.0,10.0,3.0,7.0,3.0,5.0,-2.0,7.0,-2.0,9.0,2.0,0.0,2.0,0.0,0.0,0.0,75.0,12.5,37.5,25.0,1560.0,1672.4
2021-08-28,2021,Mjondalen,Lillestrom,1,2,A,O,3.45,3.35,2.12,9,0.0,2.0,3.0,0.0,4.0,7.0,-3.0,7.0,3.0,4.0,-3.0,4.0,-7.0,0.0,1.0,-1.0,0.0,0.0,0.0,12.5,50.0,37.5,25.0,1400.5,1509.8
2021-08-28,2021,Brann,Haugesund,1,3,A,O,2.58,3.37,2.67,9,1.0,0.0,0.0,2.0,5.0,7.0,-2.0,4.0,10.0,-6.0,1.0,-3.0,4.0,0.0,0.0,0.0,0.0,1.0,-1.0,25.0,37.5,0.0,62.5,1446.6,1515.3
2021-08-22,2021,Valerenga,Viking,1,1,D,U,1.62,4.26,4.86,8,1.0,1.0,0.0,1.0,7.0,6.0,1.0,4.0,6.0,-2.0,3.0,0.0,3.0,1.0,0.0,1.0,0.0,0.0,0.0,28.6,14.3,28.6,57.1,1567.0,1554.8
2021-08-22,2021,Sandefjord,Tromso,1,1,D,U,2.1,3.44,3.43,9,1.0,1.0,0.0,1.0,4.0,4.0,0.0,2.0,6.0,-4.0,2.0,-2.0,4.0,1.0,0.0,1.0,0.0,1.0,-1.0,37.5,37.5,37.5,37.5,1471.4,1435.5
2021-08-22,2021,Rosenborg,Odd,5,0,H,O,1.65,4.05,4.86,8,1.0,1.0,1.0,2.0,1.0,2.0,-1.0,1.0,9.0,-8.0,0.0,-7.0,7.0,0.0,0.0,0.0,0.0,2.0,-2.0,57.1,28.6,25.0,50.0,1610.3,1525.4
2021-08-22,2021,Haugesund,Lillestrom,0,3,A,O,2.06,3.37,3.6,8,3.0,1.0,0.0,0.0,8.0,6.0,2.0,2.0,5.0,-3.0,6.0,1.0,5.0,2.0,0.0,2.0,0.0,0.0,0.0,85.7,0.0,28.6,28.6,1526.1,1499.0
2021-08-22,2021,Bodo/Glimt,Kristiansund,3,0,H,O,1.41,4.95,6.67,9,1.0,0.0,1.0,2.0,6.0,2.0,4.0,5.0,4.0,1.0,1.0,-2.0,3.0,1.0,0.0,1.0,1.0,0.0,1.0,62.5,12.5,28.6,57.1,1676.2,1566.9
2021-08-21,2021,Stromsgodset,Brann,3,1,H,O,1.88,3.82,3.78,8,2.0,0.0,0.0,2.0,6.0,2.0,4.0,2.0,4.0,-2.0,4.0,-2.0,6.0,1.0,0.0,1.0,0.0,0.0,0.0,71.4,0.0,0.0,85.7,1469.5,1456.2
2021-08-21,2021,Stabaek,Mjondalen,1,1,D,U,2.37,3.22,3.09,8,1.0,0.0,2.0,1.0,5.0,3.0,2.0,6.0,4.0,2.0,-1.0,-1.0,0.0,1.0,0.0,1.0,1.0,0.0,1.0,28.6,57.1,14.3,42.9,1466.6,1398.5
2021-08-15,2021,Viking,Molde,3,2,H,O,2.62,3.78,2.41,8,1.0,1.0,0.0,1.0,7.0,3.0,4.0,6.0,2.0,4.0,1.0,1.0,0.0,0.0,1.0,-1.0,0.0,0.0,0.0,57.1,14.3,42.9,14.3,1540.9,1686.4
2021-08-15,2021,Tromso,Valerenga,1,1,D,U,2.2,3.41,3.18,7,0.0,1.0,2.0,1.0,2.0,4.0,-2.0,5.0,4.0,1.0,-3.0,0.0,-3.0,0.0,1.0,-1.0,1.0,1.0,0.0,0.0,66.7,42.9,28.6,1431.7,1570.8
2021-08-15,2021,Odd,Haugesund,4,2,H,O,2.68,3.45,2.51,7,1.0,0.0,1.0,2.0,7.0,5.0,2.0,7.0,9.0,-2.0,0.0,-4.0,4.0,0.0,0.0,0.0,0.0,1.0,-1.0,50.0,16.7,0.0,57.1,1514.7,1536.7
2021-08-15,2021,Mjondalen,Rosenborg,1,2,A,O,3.57,3.43,2.04,8,1.0,1.0,2.0,1.0,6.0,5.0,1.0,5.0,5.0,0.0,1.0,0.0,1.0,1.0,1.0,0.0,0.0,1.0,-1.0,14.3,42.9,28.6,28.6,1403.3,1605.6
2021-08-15,2021,Lillestrom,Bodo/Glimt,0,1,A,U,2.59,3.47,2.58,8,2.0,0.0,0.0,1.0,5.0,3.0,2.0,2.0,4.0,-2.0,3.0,-1.0,4.0,1.0,0.0,1.0,0.0,0.0,0.0,71.4,14.3,33.3,33.3,1504.6,1670.6
2021-08-15,2021,Brann,Sandefjord,3,2,H,O,2.06,3.45,3.5,8,0.0,2.0,0.0,1.0,3.0,5.0,-2.0,3.0,4.0,-1.0,0.0,1.0,-1.0,0.0,1.0,-1.0,0.0,1.0,-1.0,14.3,42.9,50.0,50.0,1445.2,1482.5
2021-08-14,2021,Sarpsborg 08,Stromsgodset,1,0,H,U,2.06,3.54,3.42,8,1.0,0.0,0.0,2.0,4.0,2.0,2.0,3.0,6.0,-3.0,1.0,-4.0,5.0,0.0,0.0,0.0,0.0,1.0,-1.0,14.3,28.6,0.0,71.4,1452.9,1480.3
2021-08-14,2021,Kristiansund,Stabaek,5,1,H,O,1.68,4.03,4.74,8,2.0,1.0,0.0,1.0,6.0,6.0,0.0,3.0,6.0,-3.0,3.0,0.0,3.0,1.0,0.0,1.0,0.0,0.0,0.0,71.4,14.3,14.3,57.1,1559.3,1474.2
2021-08-08,2021,Viking,Kristiansund,3,2,H,O,1.91,3.84,3.63,7,1.0,0.0,0.0,2.0,8.0,0.0,8.0,5.0,4.0,1.0,3.0,-4.0,7.0,1.0,0.0,1.0,0.0,1.0,-1.0,50.0,16.7,33.3,50.0,1529.7,1570.5
2021-08-08,2021,Stabaek,Sarpsborg 08,3,1,H,O,2.42,3.13,3.07,7,0.0,0.0,3.0,3.0,2.0,1.0,1.0,7.0,8.0,-1.0,-5.0,-7.0,2.0,0.0,0.0,0.0,2.0,3.0,-1.0,16.7,66.7,28.6,57.1,1464.2,1462.9
2021-08-08,2021,Sandefjord,Lillestrom,1,1,D,U,2.76,3.23,2.59,8,2.0,1.0,0.0,0.0,4.0,6.0,-2.0,1.0,5.0,-4.0,3.0,1.0,2.0,1.0,0.0,1.0,0.0,0.0,0.0,42.9,42.9,33.3,33.3,1481.8,1505.2
2021-08-08,2021,Molde,Haugesund,5,4,H,O,1.54,4.4,5.57,8,3.0,0.0,0.0,1.0,10.0,1.0,9.0,1.0,4.0,-3.0,9.0,-3.0,12.0,2.0,0.0,2.0,0.0,1.0,-1.0,85.7,14.3,0.0,50.0,1680.1,1543.0
2021-08-08,2021,Mjondalen,Tromso,2,3,A,O,2.53,3.15,2.88,7,1.0,0.0,2.0,2.0,5.0,1.0,4.0,4.0,7.0,-3.0,1.0,-6.0,7.0,1.0,0.0,1.0,0.0,2.0,-2.0,16.7,33.3,28.6,42.9,1413.0,1422.0
2021-07-28,2021,Odd,Sandefjord,2,3,A,O,2.0,3.46,3.7,6,2.0,1.0,0.0,2.0,8.0,2.0,6.0,4.0,6.0,-2.0,4.0,-4.0,8.0,1.0,1.0,0.0,0.0,2.0,-2.0,60.0,0.0,40.0,60.0,1526.4,1470.2
2021-07-28,2021,Mjondalen,Stabaek,1,2,A,O,1.93,3.48,3.93,6,1.0,0.0,1.0,2.0,5.0,5.0,0.0,3.0,9.0,-6.0,2.0,-4.0,6.0,1.0,0.0,1.0,0.0,1.0,-1.0,20.0,20.0,0.0,66.7,1422.1,1455.1
2021-07-28,2021,Lillestrom,Sarpsborg 08,2,0,H,U,1.81,3.44,4.62,7,2.0,1.0,0.0,2.0,5.0,2.0,3.0,2.0,6.0,-4.0,3.0,-4.0,7.0,1.0,0.0,1.0,0.0,2.0,-2.0,66.7,16.7,33.3,50.0,1495.9,1472.2
2021-07-28,2021,Haugesund,Stromsgodset,2,1,H,O,1.63,4.18,4.91,7,3.0,0.0,0.0,1.0,7.0,2.0,5.0,1.0,5.0,-4.0,6.0,-3.0,9.0,2.0,0.0,2.0,0.0,1.0,-1.0,83.3,0.0,0.0,66.7,1534.3,1489.0
2021-07-21,2021,Stromsgodset,Odd,3,0,H,O,2.06,3.69,3.31,7,2.0,2.0,0.0,1.0,7.0,5.0,2.0,2.0,7.0,-5.0,5.0,-2.0,7.0,1.0,1.0,0.0,0.0,1.0,-1.0,66.7,0.0,28.6,42.9,1477.3,1538.1
2021-07-21,2021,Stabaek,Lillestrom,2,3,A,O,3.29,3.45,2.15,6,0.0,1.0,3.0,0.0,0.0,5.0,-5.0,7.0,4.0,3.0,-7.0,1.0,-8.0,0.0,0.0,0.0,3.0,0.0,3.0,20.0,60.0,20.0,40.0,1464.5,1486.5
2021-07-21,2021,Sarpsborg 08,Mjondalen,1,1,D,U,1.98,3.14,4.23,7,1.0,0.0,1.0,1.0,4.0,3.0,1.0,4.0,4.0,0.0,0.0,-1.0,1.0,0.0,0.0,0.0,0.0,0.0,0.0,16.7,33.3,16.7,50.0,1473.7,1420.6
2021-07-21,2021,Sandefjord,Haugesund,1,1,D,U,2.82,3.29,2.5,7,3.0,0.0,0.0,2.0,6.0,1.0,5.0,0.0,5.0,-5.0,6.0,-4.0,10.0,2.0,0.0,2.0,0.0,1.0,-1.0,50.0,50.0,0.0,60.0,1468.3,1536.2
2021-07-18,2021,Tromso,Rosenborg,1,3,A,O,2.41,3.22,3.0,6,0.0,0.0,2.0,2.0,1.0,3.0,-2.0,4.0,6.0,-2.0,-3.0,-3.0,0.0,0.0,0.0,0.0,1.0,1.0,0.0,0.0,60.0,16.7,33.3,1427.4,1600.2
2021-07-18,2021,Stromsgodset,Stabaek,2,1,H,O,1.7,4.15,4.3,6,2.0,0.0,0.0,2.0,7.0,5.0,2.0,2.0,9.0,-7.0,5.0,-4.0,9.0,1.0,0.0,1.0,0.0,1.0,-1.0,60.0,0.0,0.0,60.0,1467.1,1474.7
2021-07-18,2021,Lillestrom,Molde,1,1,D,U,3.85,3.78,1.87,6,3.0,2.0,0.0,1.0,6.0,5.0,1.0,2.0,2.0,0.0,4.0,3.0,1.0,1.0,2.0,-1.0,0.0,0.0,0.0,80.0,20.0,50.0,16.7,1481.3,1685.4
2021-07-18,2021,Kristiansund,Sandefjord,2,0,H,U,1.78,3.73,4.33,7,2.0,1.0,0.0,2.0,6.0,3.0,3.0,3.0,7.0,-4.0,3.0,-4.0,7.0,1.0,1.0,0.0,0.0,2.0,-2.0,66.7,16.7,50.0,50.0,1562.9,1475.8
2021-07-18,2021,Haugesund,Valerenga,3,1,H,O,2.73,3.39,2.51,6,3.0,1.0,0.0,1.0,7.0,4.0,3.0,0.0,5.0,-5.0,7.0,-1.0,8.0,2.0,1.0,1.0,0.0,1.0,-1.0,80.0,0.0,50.0,16.7,1524.5,1582.5
2021-07-18,2021,Brann,Mjondalen,1,1,D,U,2.04,3.35,3.72,7,0.0,0.0,1.0,2.0,3.0,2.0,1.0,5.0,5.0,0.0,-2.0,-3.0,1.0,0.0,0.0,0.0,1.0,1.0,0.0,16.7,50.0,20.0,60.0,1445.9,1419.8
2021-07-17,2021,Sarpsborg 08,Bodo/Glimt,2,2,D,O,3.5,3.33,2.12,6,1.0,0.0,1.0,2.0,2.0,1.0,1.0,2.0,3.0,-1.0,0.0,-2.0,2.0,0.0,0.0,0.0,0.0,0.0,0.0,20.0,40.0,40.0,40.0,1468.4,1676.0
2021-07-17,2021,Odd,Viking,3,2,H,O,1.89,3.89,3.67,5,2.0,1.0,0.0,1.0,6.0,4.0,2.0,2.0,6.0,-4.0,4.0,-2.0,6.0,1.0,0.0,1.0,0.0,1.0,-1.0,50.0,0.0,33.3,50.0,1527.7,1540.0
2021-07-11,2021,Valerenga,Lillestrom,2,2,D,O,1.66,3.94,4.97,7,1.0,1.0,0.0,1.0,6.0,3.0,3.0,3.0,3.0,0.0,3.0,0.0,3.0,1.0,0.0,1.0,0.0,0.0,0.0,33.3,16.7,25.0,50.0,1585.5,1478.3
2021-07-11,2021,Molde,Odd,5,0,H,O,1.3,5.73,8.93,7,3.0,2.0,0.0,0.0,9.0,6.0,3.0,2.0,3.0,-1.0,7.0,3.0,4.0,2.0,1.0,1.0,0.0,0.0,0.0,83.3,16.7,33.3,33.3,1679.3,1533.8
2021-07-10,2021,Viking,Stromsgodset,1,1,D,U,1.7,4.3,4.2,6,2.0,0.0,0.0,2.0,9.0,3.0,6.0,5.0,11.0,-6.0,4.0,-8.0,12.0,1.0,0.0,1.0,0.0,2.0,-2.0,60.0,20.0,0.0,80.0,1542.2,1464.9
2021-07-10,2021,Sandefjord,Sarpsborg 08,2,0,H,U,2.31,3.14,3.27,6,2.0,1.0,1.0,2.0,5.0,3.0,2.0,3.0,8.0,-5.0,2.0,-5.0,7.0,1.0,0.0,1.0,1.0,2.0,-1.0,40.0,60.0,40.0,40.0,1465.4,1478.7
2021-07-10,2021,Rosenborg,Kristiansund,1,0,H,U,1.57,4.31,5.28,7,1.0,1.0,1.0,1.0,4.0,1.0,3.0,3.0,3.0,0.0,1.0,-2.0,3.0,1.0,0.0,1.0,0.0,1.0,-1.0,50.0,33.3,40.0,40.0,1590.7,1572.4
2021-07-10,2021,Mjondalen,Haugesund,3,0,H,O,3.11,3.12,2.41,5,0.0,0.0,1.0,2.0,2.0,1.0,1.0,3.0,4.0,-1.0,-1.0,-3.0,2.0,0.0,0.0,0.0,0.0,1.0,-1.0,0.0,25.0,0.0,50.0,1406.2,1538.2
2021-07-10,2021,Brann,Tromso,1,1,D,U,2.08,3.46,3.46,6,1.0,1.0,1.0,2.0,5.0,3.0,2.0,4.0,6.0,-2.0,1.0,-3.0,4.0,1.0,1.0,0.0,1.0,2.0,-1.0,20.0,60.0,33.3,50.0,1446.5,1426.8
2021-07-05,2021,Kristiansund,Brann,3,2,H,O,2.08,3.6,3.3,6,2.0,0.0,0.0,2.0,4.0,0.0,4.0,1.0,3.0,-2.0,3.0,-3.0,6.0,1.0,0.0,1.0,0.0,1.0,-1.0,60.0,20.0,0.0,83.3,1565.5,1453.4
2021-07-04,2021,Stromsgodset,Valerenga,1,1,D,U,3.89,4.0,1.81,5,2.0,2.0,0.0,1.0,7.0,6.0,1.0,2.0,6.0,-4.0,5.0,0.0,5.0,1.0,1.0,0.0,0.0,1.0,-1.0,75.0,0.0,60.0,20.0,1461.4,1589.0
2021-07-04,2021,Stabaek,Sandefjord,0,2,A,U,2.26,3.47,3.04,5,1.0,1.0,2.0,2.0,2.0,4.0,-2.0,5.0,8.0,-3.0,-3.0,-4.0,1.0,1.0,1.0,0.0,2.0,2.0,0.0,25.0,50.0,33.3,66.7,1485.6,1454.5
2021-07-04,2021,Sarpsborg 08,Molde,1,0,H,U,4.6,3.91,1.7,5,0.0,2.0,2.0,0.0,1.0,5.0,-4.0,3.0,1.0,2.0,-2.0,4.0,-6.0,0.0,2.0,-2.0,0.0,0.0,0.0,0.0,50.0,60.0,0.0,1462.9,1695.2
2021-07-04,2021,Odd,Rosenborg,2,2,D,O,2.59,3.4,2.62,4,2.0,1.0,0.0,2.0,5.0,3.0,2.0,1.0,5.0,-4.0,4.0,-2.0,6.0,1.0,0.0,1.0,0.0,1.0,-1.0,66.7,0.0,20.0,40.0,1532.0,1592.4
2021-07-04,2021,Lillestrom,Mjondalen,2,1,H,O,1.73,3.61,4.94,5,3.0,0.0,0.0,2.0,5.0,2.0,3.0,1.0,5.0,-4.0,4.0,-3.0,7.0,1.0,0.0,1.0,0.0,1.0,-1.0,75.0,25.0,25.0,50.0,1469.8,1414.6
2021-07-04,2021,Haugesund,Tromso,3,0,H,O,1.86,3.47,4.29,5,3.0,1.0,0.0,1.0,8.0,4.0,4.0,2.0,4.0,-2.0,6.0,0.0,6.0,2.0,1.0,1.0,0.0,1.0,-1.0,75.0,0.0,40.0,40.0,1530.9,1434.1
2021-07-03,2021,Bodo/Glimt,Viking,2,2,D,O,1.31,5.99,7.69,8,2.0,1.0,1.0,2.0,11.0,4.0,7.0,5.0,8.0,-3.0,6.0,-4.0,10.0,2.0,0.0,2.0,1.0,2.0,-1.0,71.4,14.3,40.0,60.0,1679.8,1538.4
2021-07-01,2021,Valerenga,Sarpsborg 08,4,1,H,O,1.44,4.5,7.02,6,1.0,2.0,0.0,1.0,5.0,4.0,1.0,3.0,4.0,-1.0,2.0,0.0,2.0,1.0,1.0,0.0,0.0,1.0,-1.0,20.0,20.0,50.0,25.0,1582.1,1469.8
2021-07-01,2021,Mjondalen,Odd,1,2,A,O,2.63,3.27,2.67,4,0.0,1.0,0.0,1.0,2.0,4.0,-2.0,2.0,4.0,-2.0,0.0,0.0,0.0,0.0,1.0,-1.0,0.0,1.0,-1.0,0.0,0.0,20.0,40.0,1421.7,1524.9
2021-06-30,2021,Viking,Stabaek,3,3,D,O,1.52,4.54,5.55,5,2.0,0.0,1.0,3.0,6.0,4.0,2.0,3.0,10.0,-7.0,3.0,-6.0,9.0,1.0,0.0,1.0,0.0,2.0,-2.0,75.0,25.0,0.0,75.0,1540.0,1484.0
2021-06-30,2021,Tromso,Kristiansund,0,0,D,U,2.08,3.41,3.5,5,0.0,2.0,3.0,1.0,2.0,3.0,-1.0,7.0,4.0,3.0,-5.0,-1.0,-4.0,0.0,0.0,0.0,2.0,1.0,1.0,0.0,75.0,50.0,50.0,1430.3,1569.3
2021-06-30,2021,Sandefjord,Bodo/Glimt,1,0,H,U,3.84,3.77,1.87,5,1.0,1.0,2.0,1.0,5.0,3.0,2.0,5.0,3.0,2.0,0.0,0.0,0.0,1.0,0.0,1.0,1.0,0.0,1.0,25.0,75.0,50.0,25.0,1438.2,1696.1
2021-06-30,2021,Rosenborg,Haugesund,0,0,D,U,1.72,3.87,4.53,6,1.0,0.0,2.0,2.0,6.0,1.0,5.0,6.0,4.0,2.0,0.0,-3.0,3.0,1.0,0.0,1.0,0.0,1.0,-1.0,60.0,40.0,0.0,66.7,1594.3,1529.0
2021-06-30,2021,Molde,Stromsgodset,3,0,H,O,1.26,6.42,9.42,6,2.0,0.0,1.0,2.0,8.0,3.0,5.0,5.0,11.0,-6.0,3.0,-8.0,11.0,1.0,0.0,1.0,0.0,2.0,-2.0,80.0,20.0,0.0,75.0,1690.9,1465.7
2021-06-30,2021,Brann,Lillestrom,1,1,D,U,2.37,3.41,2.9,5,1.0,1.0,2.0,2.0,5.0,3.0,2.0,5.0,5.0,0.0,0.0,-2.0,2.0,1.0,0.0,1.0,1.0,1.0,0.0,25.0,75.0,33.3,66.7,1452.9,1470.4
2021-06-27,2021,Bodo/Glimt,Stabaek,4,1,H,O,1.16,8.06,13.78,7,2.0,0.0,1.0,2.0,9.0,3.0,6.0,4.0,6.0,-2.0,5.0,-3.0,8.0,2.0,0.0,2.0,1.0,1.0,0.0,66.7,16.7,0.0,66.7,1691.4,1488.8
2021-06-25,2021,Sarpsborg 08,Viking,1,2,A,O,2.01,3.49,3.63,4,0.0,1.0,1.0,2.0,0.0,5.0,-5.0,1.0,8.0,-7.0,-1.0,-3.0,2.0,0.0,1.0,-1.0,0.0,2.0,-2.0,0.0,33.3,25.0,75.0,1478.3,1531.5
2021-06-25,2021,Lillestrom,Rosenborg,2,0,H,U,2.69,3.38,2.54,4,2.0,1.0,1.0,1.0,4.0,5.0,-1.0,4.0,5.0,-1.0,0.0,0.0,0.0,0.0,0.0,0.0,1.0,0.0,1.0,66.7,33.3,25.0,25.0,1456.2,1608.4
2021-06-24,2021,Stromsgodset,Sandefjord,4,0,H,O,1.72,4.04,4.31,4,2.0,,0.0,,6.0,,,3.0,,,3.0,,,1.0,,,0.0,,,66.7,0.0,50.0,50.0,1455.9,1448.0
2021-06-24,2021,Stabaek,Valerenga,0,2,A,U,3.52,3.57,2.02,4,1.0,1.0,1.0,1.0,4.0,5.0,-1.0,5.0,7.0,-2.0,-1.0,-2.0,1.0,1.0,0.0,1.0,1.0,1.0,0.0,33.3,33.3,50.0,25.0,1496.6,1574.3
2021-06-24,2021,Odd,Tromso,3,0,H,O,1.98,3.39,3.85,3,,2.0,,0.0,,5.0,,,1.0,,,4.0,,,1.0,,,0.0,,50.0,0.0,50.0,25.0,1517.2,1438.0
2021-06-24,2021,Kristiansund,Mjondalen,1,1,D,U,1.83,3.59,4.25,5,3.0,1.0,0.0,2.0,4.0,4.0,0.0,0.0,4.0,-4.0,4.0,0.0,4.0,1.0,1.0,0.0,0.0,1.0,-1.0,75.0,25.0,33.3,66.7,1573.5,1417.5
2021-06-24,2021,Haugesund,Brann,1,0,H,U,1.66,3.98,4.82,4,2.0,0.0,0.0,2.0,7.0,2.0,5.0,2.0,5.0,-3.0,5.0,-3.0,8.0,2.0,0.0,2.0,0.0,1.0,-1.0,66.7,0.0,0.0,80.0,1520.7,1461.2
2021-06-24,2021,Bodo/Glimt,Molde,0,2,A,U,1.93,3.95,3.45,6,3.0,2.0,0.0,0.0,11.0,6.0,5.0,2.0,3.0,-1.0,9.0,3.0,6.0,3.0,1.0,2.0,0.0,0.0,0.0,80.0,0.0,50.0,0.0,1702.0,1680.3
2021-06-20,2021,Valerenga,Bodo/Glimt,1,1,D,U,2.34,3.66,2.79,5,1.0,2.0,1.0,1.0,5.0,4.0,1.0,4.0,2.0,2.0,1.0,2.0,-1.0,1.0,1.0,0.0,0.0,0.0,0.0,25.0,25.0,66.7,33.3,1570.6,1705.7
2021-06-20,2021,Tromso,Lillestrom,1,2,A,O,2.05,3.43,3.57,4,0.0,,2.0,,4.0,,,8.0,,,-4.0,,,0.0,,,2.0,,,0.0,66.7,0.0,100.0,1448.1,1446.2
2021-06-20,2021,Rosenborg,Sarpsborg 08,0,1,A,U,1.48,4.21,6.85,5,2.0,1.0,1.0,1.0,9.0,4.0,5.0,7.0,5.0,2.0,2.0,-1.0,3.0,1.0,1.0,0.0,0.0,1.0,-1.0,75.0,25.0,33.3,33.3,1622.7,1464.0
2021-06-20,2021,Molde,Stabaek,2,1,H,O,1.32,5.5,8.51,5,2.0,,1.0,,10.0,,,4.0,,,6.0,,,2.0,,,0.0,,,75.0,25.0,0.0,50.0,1674.9,1502.0
2021-06-20,2021,Mjondalen,Stromsgodset,1,1,D,U,2.29,3.36,3.07,3,,0.0,,3.0,,2.0,,,11.0,,,-9.0,,,0.0,,,2.0,,0.0,0.0,0.0,100.0,1416.4,1457.1
2021-06-20,2021,Haugesund,Kristiansund,3,0,H,O,2.03,3.44,3.63,3,,2.0,,1.0,,3.0,,,3.0,,,0.0,,,0.0,,,1.0,,50.0,0.0,66.7,33.3,1508.5,1585.7
2021-06-20,2021,Brann,Odd,1,3,A,O,2.05,3.55,3.46,4,1.0,0.0,2.0,2.0,4.0,1.0,3.0,5.0,4.0,1.0,-1.0,-3.0,2.0,1.0,0.0,1.0,1.0,1.0,0.0,33.3,66.7,0.0,50.0,1470.1,1508.3
2021-06-19,2021,Sandefjord,Viking,3,0,H,O,2.9,3.53,2.32,4,0.0,1.0,3.0,2.0,2.0,5.0,-3.0,8.0,10.0,-2.0,-6.0,-5.0,-1.0,0.0,1.0,-1.0,2.0,2.0,0.0,0.0,100.0,33.3,66.7,1435.0,1544.5
2021-06-16,2021,Valerenga,Odd,1,1,D,U,1.61,4.07,5.27,4,1.0,0.0,1.0,2.0,5.0,2.0,3.0,4.0,5.0,-1.0,1.0,-3.0,4.0,1.0,0.0,1.0,0.0,1.0,-1.0,33.3,33.3,0.0,66.7,1572.5,1506.4
2021-06-16,2021,Molde,Sarpsborg 08,4,1,H,O,1.4,4.83,7.45,4,2.0,,1.0,,8.0,,,3.0,,,5.0,,,2.0,,,0.0,,,66.7,33.3,50.0,0.0,1670.1,1468.8
2021-06-16,2021,Bodo/Glimt,Stromsgodset,7,2,H,O,1.36,5.28,7.38,5,2.0,,0.0,,6.0,,,2.0,,,4.0,,,2.0,,,0.0,,,75.0,0.0,0.0,100.0,1701.7,1461.1
2021-06-14,2021,Stabaek,Tromso,0,3,A,O,2.26,3.3,3.16,3,,1.0,,1.0,,2.0,,,4.0,,,-2.0,,,0.0,,,1.0,,50.0,0.0,33.3,33.3,1514.2,1435.9
2021-06-13,2021,Viking,Valerenga,4,1,H,O,2.77,3.65,2.35,4,2.0,2.0,1.0,0.0,5.0,7.0,-2.0,3.0,3.0,0.0,2.0,4.0,-2.0,1.0,1.0,0.0,0.0,0.0,0.0,66.7,33.3,66.7,0.0,1533.1,1584.0
2021-06-13,2021,Stromsgodset,Rosenborg,2,1,H,O,3.1,3.69,2.14,3,,1.0,,0.0,,5.0,,,4.0,,,1.0,,,0.0,,,0.0,,50.0,0.0,33.3,0.0,1446.1,1637.7
2021-06-13,2021,Sarpsborg 08,Brann,0,0,D,U,2.27,3.26,3.2,3,,0.0,,3.0,,2.0,,,9.0,,,-7.0,,,0.0,,,2.0,,0.0,50.0,0.0,100.0,1468.7,1470.1
2021-06-13,2021,Lillestrom,Haugesund,2,1,H,O,2.71,3.23,2.63,3,,,,,,,,,,,,,,,,,,,,50.0,50.0,0.0,50.0,1433.7,1521.0
2021-06-13,2021,Bodo/Glimt,Mjondalen,2,0,H,U,1.32,5.56,8.4,4,2.0,,0.0,,7.0,,,2.0,,,5.0,,,2.0,,,0.0,,,66.7,0.0,50.0,50.0,1698.3,1419.7
2021-06-12,2021,Sandefjord,Molde,1,3,A,O,4.3,3.83,1.77,3,,1.0,,0.0,,6.0,,,5.0,,,1.0,,,0.0,,,0.0,,0.0,100.0,33.3,0.0,1439.2,1665.8
2021-06-12,2021,Kristiansund,Odd,2,0,H,U,1.98,3.49,3.74,4,2.0,,1.0,,2.0,,,2.0,,,0.0,,,0.0,,,1.0,,,66.7,33.3,0.0,50.0,1577.5,1514.6
2021-05-30,2021,Valerenga,Sandefjord,3,1,H,O,1.36,5.06,7.95,3,,,,,,,,,,,,,,,,,,,,0.0,50.0,100.0,0.0,1577.6,1445.6
2021-05-30,2021,Tromso,Sarpsborg 08,0,2,A,U,1.99,3.36,3.86,3,,,,,,,,,,,,,,,,,,,,0.0,50.0,0.0,0.0,1445.5,1459.1
2021-05-30,2021,Rosenborg,Stabaek,4,2,H,O,1.42,4.76,7.01,4,2.0,,1.0,,10.0,,,5.0,,,5.0,,,1.0,,,0.0,,,66.7,33.3,0.0,0.0,1630.8,1521.1
2021-05-30,2021,Odd,Bodo/Glimt,1,0,H,U,3.68,3.83,1.9,2,,,,,,,,,,,,,,,,,,,,0.0,0.0,100.0,0.0,1499.1,1713.8
2021-05-30,2021,Mjondalen,Molde,0,0,D,U,4.66,3.95,1.69,2,,,,,,,,,,,,,,,,,,,,0.0,0.0,50.0,0.0,1413.4,1672.1
2021-05-30,2021,Kristiansund,Lillestrom,1,0,H,U,2.01,3.51,3.6,3,,,,,,,,,,,,,,,,,,,,50.0,50.0,0.0,100.0,1571.1,1440.1
2021-05-30,2021,Haugesund,Viking,4,2,H,O,2.15,3.45,3.27,2,,,,,,,,,,,,,,,,,,,,0.0,0.0,50.0,50.0,1510.0,1544.1
2021-05-30,2021,Brann,Stromsgodset,3,0,H,O,2.09,3.59,3.31,3,,,,,,,,,,,,,,,,,,,,0.0,100.0,0.0,100.0,1460.2,1455.9
2021-05-27,2021,Viking,Mjondalen,2,1,H,O,1.78,3.78,4.3,3,,,,,,,,,,,,,,,,,,,,50.0,50.0,100.0,0.0,1537.3,1420.1
2021-05-27,2021,Stromsgodset,Tromso,1,1,D,U,2.1,3.62,3.28,2,,,,,,,,,,,,,,,,,,,,100.0,0.0,50.0,50.0,1456.2,1445.2
2021-05-27,2021,Stabaek,Brann,2,0,H,U,2.3,3.5,2.94,2,,0.0,,3.0,,3.0,,,10.0,,,-7.0,,,0.0,,,2.0,,0.0,0.0,0.0,100.0,1512.4,1469.0
2021-05-27,2021,Sarpsborg 08,Kristiansund,0,1,A,U,2.19,3.28,3.37,2,,,,,,,,,,,,,,,,,,,,0.0,0.0,50.0,50.0,1466.4,1563.9
2021-05-27,2021,Sandefjord,Rosenborg,1,2,A,O,4.35,3.55,1.84,2,,,,,,,,,,,,,,,,,,,,0.0,100.0,0.0,0.0,1451.0,1625.4
2021-05-27,2021,Molde,Valerenga,2,3,A,O,1.76,4.02,4.15,3,,,,,,,,,,,,,,,,,,,,100.0,0.0,50.0,0.0,1685.5,1564.2
2021-05-27,2021,Lillestrom,Odd,1,0,H,U,2.39,3.28,2.98,2,,,,,,,,,,,,,,,,,,,,0.0,100.0,0.0,0.0,1427.8,1511.5
2021-05-27,2021,Bodo/Glimt,Haugesund,2,0,H,U,1.43,4.77,6.74,3,,,,,,,,,,,,,,,,,,,,50.0,0.0,0.0,0.0,1708.9,1514.9
2021-05-24,2021,Tromso,Sandefjord,1,3,A,O,1.64,3.79,5.43,2,,,,,,,,,,,,,,,,,,,,0.0,0.0,,,1455.6,1440.5
2021-05-24,2021,Rosenborg,Molde,2,3,A,O,2.53,3.61,2.58,3,,,,,,,,,,,,,,,,,,,,100.0,0.0,0.0,0.0,1634.2,1676.7
2021-05-24,2021,Odd,Sarpsborg 08,1,1,D,U,2.27,3.24,3.23,1,,,,,,,,,,,,,,,,,,,,,,,,1512.8,1465.0
2021-05-24,2021,Mjondalen,Valerenga,1,1,D,U,4.7,3.85,1.7,1,,,,,,,,,,,,,,,,,,,,,,100.0,0.0,1416.0,1568.4
2021-05-24,2021,Lillestrom,Viking,1,3,A,O,2.19,3.52,3.15,1,,,,,,,,,,,,,,,,,,,,,,0.0,100.0,1435.1,1530.0
2021-05-24,2021,Kristiansund,Stromsgodset,1,0,H,U,1.97,3.58,3.68,2,,,,,,,,,,,,,,,,,,,,0.0,100.0,,,1556.5,1463.6
2021-05-24,2021,Haugesund,Stabaek,0,0,D,U,1.99,3.46,3.74,1,,,,,,,,,,,,,,,,,,,,,,,,1515.0,1512.3
2021-05-24,2021,Brann,Bodo/Glimt,1,2,A,O,4.38,4.16,1.69,2,,,,,,,,,,,,,,,,,,,,0.0,100.0,100.0,0.0,1473.2,1704.7
2021-05-20,2021,Rosenborg,Brann,3,2,H,O,1.42,4.74,6.9,2,,,,,,,,,,,,,,,,,,,,100.0,0.0,0.0,100.0,1628.2,1479.1
2021-05-19,2021,Stabaek,Odd,2,2,D,O,2.16,3.47,3.22,1,,,,,,,,,,,,,,,,,,,,,,,,1512.3,1512.8
2021-05-16,2021,Viking,Tromso,0,1,A,U,1.93,3.73,3.68,2,,,,,,,,,,,,,,,,,,,,100.0,0.0,0.0,100.0,1542.8,1442.8
2021-05-16,2021,Valerenga,Kristiansund,1,2,A,O,1.5,4.23,6.4,2,,,,,,,,,,,,,,,,,,,,0.0,0.0,0.0,100.0,1579.3,1545.5
2021-05-16,2021,Stromsgodset,Lillestrom,3,1,H,O,2.68,3.38,2.56,1,,,,,,,,,,,,,,,,,,,,,,,,1453.9,1444.8
2021-05-16,2021,Sarpsborg 08,Haugesund,0,0,D,U,2.42,3.21,2.99,1,,,,,,,,,,,,,,,,,,,,,,,,1463.5,1516.5
2021-05-16,2021,Sandefjord,Mjondalen,0,3,A,O,2.61,3.12,2.81,1,,,,,,,,,,,,,,,,,,,,,,,,1451.9,1404.7
2021-05-16,2021,Molde,Brann,4,0,H,O,1.29,5.71,9.07,2,,,,,,,,,,,,,,,,,,,,100.0,0.0,0.0,100.0,1671.6,1484.2
2021-05-16,2021,Bodo/Glimt,Rosenborg,2,2,D,O,2.08,3.66,3.28,2,,,,,,,,,,,,,,,,,,,,100.0,0.0,0.0,0.0,1707.0,1625.9
2021-05-13,2021,Tromso,Molde,3,3,D,O,4.24,3.66,1.81,1,,,,,,,,,,,,,,,,,,,,,,,,1436.8,1677.6
2021-05-13,2021,Rosenborg,Viking,5,0,H,O,1.59,4.25,5.09,1,,,,,,,,,,,,,,,,,,,,,,,,1617.8,1550.9
2021-05-12,2021,Kristiansund,Bodo/Glimt,0,2,A,U,3.42,3.57,2.05,1,,,,,,,,,,,,,,,,,,,,,,,,1551.4,1701.1
2021-05-12,2021,Brann,Valerenga,0,3,A,O,3.17,3.47,2.19,1,,,,,,,,,,,,,,,,,,,,,,,,1491.9,1571.6
2021-05-09,2021,Viking,Brann,3,1,H,O,2.04,3.75,3.32,1,,,,,,,,,,,,,,,,,,,,,,,,1542.1,1500.8
2021-05-09,2021,Valerenga,Rosenborg,1,1,D,U,2.11,3.57,3.29,1,,,,,,,,,,,,,,,,,,,,,,,,1570.2,1619.2
2021-05-09,2021,Molde,Kristiansund,2,0,H,U,1.42,4.89,6.69,1,,,,,,,,,,,,,,,,,,,,,,,,1670.8,1558.3
2021-05-09,2021,Bodo/Glimt,Tromso,3,0,H,O,1.46,4.7,6.15,1,,,,,,,,,,,,,,,,,,,,,,,,1697.4,1440.5
2020-12-22,2020,Valerenga,Start,4,0,H,O,1.64,4.0,4.99,15,2.0,1.0,0.0,2.0,4.0,3.0,1.0,1.0,6.0,-5.0,3.0,-3.0,6.0,1.0,0.0,1.0,0.0,1.0,-1.0,64.3,0.0,7.1,71.4,1564.3,1413.7
2020-12-22,2020,Stromsgodset,Stabaek,0,4,A,O,2.32,3.81,2.73,15,0.0,1.0,2.0,1.0,3.0,3.0,0.0,6.0,5.0,1.0,-3.0,-2.0,-1.0,0.0,0.0,0.0,1.0,1.0,0.0,21.4,35.7,21.4,35.7,1462.7,1503.4
2020-12-22,2020,Sandefjord,Rosenborg,0,0,D,U,5.59,3.94,1.59,15,0.0,0.0,0.0,3.0,3.0,1.0,2.0,3.0,9.0,-6.0,0.0,-8.0,8.0,0.0,0.0,0.0,0.0,2.0,-2.0,21.4,35.7,35.7,42.9,1447.2,1623.9
2020-12-22,2020,Mjondalen,Aalesund,3,0,H,O,1.26,6.14,9.46,15,2.0,0.0,1.0,3.0,4.0,2.0,2.0,1.0,12.0,-11.0,3.0,-10.0,13.0,1.0,0.0,1.0,0.0,2.0,-2.0,35.7,64.3,7.1,78.6,1395.8,1355.8
2020-12-22,2020,Kristiansund,Haugesund,1,3,A,O,1.53,4.59,5.19,15,3.0,1.0,0.0,1.0,7.0,5.0,2.0,4.0,6.0,-2.0,3.0,-1.0,4.0,0.0,0.0,0.0,0.0,1.0,-1.0,50.0,21.4,28.6,50.0,1570.2,1504.7
2020-12-22,2020,Brann,Odd,2,1,H,O,1.9,3.95,3.56,15,1.0,0.0,1.0,2.0,5.0,4.0,1.0,4.0,7.0,-3.0,1.0,-3.0,4.0,1.0,0.0,1.0,0.0,1.0,-1.0,21.4,42.9,35.7,50.0,1489.8,1523.8
2020-12-19,2020,Odd,Stromsgodset,1,3,A,O,2.74,3.83,2.3,15,1.0,1.0,2.0,2.0,5.0,5.0,0.0,6.0,6.0,0.0,-1.0,-1.0,0.0,1.0,1.0,0.0,1.0,1.0,0.0,57.1,28.6,21.4,50.0,1536.2,1450.3
2020-12-19,2020,Molde,Sarpsborg 08,5,0,H,O,1.29,5.91,8.86,15,2.0,0.0,0.0,1.0,7.0,4.0,3.0,4.0,5.0,-1.0,3.0,-1.0,4.0,1.0,0.0,1.0,0.0,0.0,0.0,78.6,14.3,14.3,50.0,1665.9,1468.3
2020-12-19,2020,Bodo/Glimt,Viking,3,0,H,O,1.24,7.05,8.76,15,3.0,1.0,0.0,1.0,17.0,4.0,13.0,3.0,6.0,-3.0,14.0,-2.0,16.0,3.0,0.0,3.0,0.0,1.0,-1.0,100.0,0.0,35.7,35.7,1691.3,1548.2
2020-12-16,2020,Odd,Molde,1,4,A,O,2.58,3.72,2.46,14,1.0,2.0,1.0,1.0,5.0,7.0,-2.0,3.0,4.0,-1.0,2.0,3.0,-1.0,1.0,2.0,-1.0,0.0,1.0,-1.0,61.5,23.1,50.0,42.9,1543.0,1659.1
2020-12-13,2020,Stabaek,Kristiansund,2,2,D,O,3.11,3.46,2.21,15,0.0,0.0,1.0,0.0,2.0,4.0,-2.0,5.0,4.0,1.0,-3.0,0.0,-3.0,0.0,0.0,0.0,1.0,0.0,1.0,35.7,28.6,35.7,14.3,1501.4,1572.2
2020-12-13,2020,Sandefjord,Odd,1,1,D,U,3.81,3.71,1.88,14,0.0,1.0,0.0,2.0,5.0,6.0,-1.0,5.0,6.0,-1.0,0.0,0.0,0.0,0.0,1.0,-1.0,0.0,1.0,-1.0,23.1,38.5,38.5,53.8,1444.3,1545.9
2020-12-13,2020,Rosenborg,Molde,3,1,H,O,2.03,3.8,3.26,15,2.0,3.0,1.0,0.0,4.0,8.0,-4.0,3.0,2.0,1.0,1.0,6.0,-5.0,0.0,2.0,-2.0,0.0,0.0,0.0,64.3,14.3,53.8,38.5,1612.2,1670.8
2020-12-10,2020,Viking,Valerenga,2,2,D,O,2.74,3.71,2.34,15,3.0,1.0,0.0,0.0,9.0,4.0,5.0,1.0,2.0,-1.0,8.0,2.0,6.0,3.0,1.0,2.0,0.0,0.0,0.0,50.0,28.6,35.7,35.7,1547.7,1564.8
2020-12-10,2020,Rosenborg,Mjondalen,1,0,H,U,1.4,4.7,7.26,14,2.0,0.0,1.0,2.0,7.0,1.0,6.0,4.0,4.0,0.0,3.0,-3.0,6.0,1.0,0.0,1.0,0.0,1.0,-1.0,61.5,15.4,14.3,64.3,1607.6,1400.5
2020-12-09,2020,Start,Brann,1,1,D,U,2.02,3.65,3.41,15,1.0,1.0,1.0,1.0,4.0,6.0,-2.0,4.0,7.0,-3.0,0.0,-1.0,1.0,0.0,0.0,0.0,0.0,1.0,-1.0,35.7,28.6,35.7,42.9,1411.4,1492.1
2020-12-09,2020,Sarpsborg 08,Sandefjord,0,0,D,U,2.1,3.05,3.89,15,0.0,2.0,2.0,1.0,3.0,4.0,-1.0,5.0,3.0,2.0,-2.0,1.0,-3.0,0.0,0.0,0.0,0.0,0.0,0.0,42.9,42.9,42.9,57.1,1469.1,1443.6
2020-12-09,2020,Kristiansund,Odd,4,3,H,O,1.73,4.06,4.26,14,2.0,1.0,1.0,2.0,5.0,4.0,1.0,4.0,6.0,-2.0,1.0,-2.0,3.0,0.0,1.0,-1.0,0.0,2.0,-2.0,46.2,23.1,41.7,50.0,1562.4,1555.7
2020-12-09,2020,Haugesund,Bodo/Glimt,0,4,A,O,4.28,4.35,1.67,15,1.0,2.0,1.0,0.0,4.0,6.0,-2.0,4.0,4.0,0.0,0.0,2.0,-2.0,0.0,0.0,0.0,0.0,0.0,0.0,42.9,35.7,71.4,7.1,1510.0,1686.0
2020-12-09,2020,Aalesund,Stromsgodset,1,4,A,O,5.12,4.5,1.55,15,0.0,0.0,2.0,3.0,1.0,2.0,-1.0,5.0,7.0,-2.0,-4.0,-5.0,1.0,0.0,0.0,0.0,1.0,1.0,0.0,7.1,71.4,15.4,53.8,1363.6,1442.5
2020-12-07,2020,Valerenga,Rosenborg,1,0,H,U,2.31,3.46,2.94,14,1.0,1.0,0.0,2.0,4.0,3.0,1.0,2.0,9.0,-7.0,2.0,-6.0,8.0,1.0,0.0,1.0,0.0,2.0,-2.0,61.5,0.0,38.5,38.5,1552.9,1619.5
2020-12-06,2020,Stromsgodset,Haugesund,2,2,D,O,1.94,3.75,3.57,14,0.0,2.0,2.0,1.0,2.0,4.0,-2.0,5.0,4.0,1.0,-3.0,0.0,-3.0,0.0,0.0,0.0,1.0,1.0,0.0,23.1,38.5,30.8,53.8,1440.5,1512.0
2020-12-06,2020,Sandefjord,Viking,2,2,D,O,2.51,3.56,2.61,13,0.0,1.0,1.0,1.0,3.0,3.0,0.0,6.0,5.0,1.0,-3.0,-2.0,-1.0,0.0,0.0,0.0,1.0,1.0,0.0,25.0,41.7,38.5,38.5,1440.5,1550.7
2020-12-06,2020,Molde,Aalesund,2,1,H,O,1.11,9.48,17.5,14,2.0,1.0,0.0,2.0,7.0,2.0,5.0,4.0,10.0,-6.0,3.0,-8.0,11.0,1.0,0.0,1.0,0.0,2.0,-2.0,76.9,15.4,7.7,76.9,1667.8,1366.6
2020-12-06,2020,Mjondalen,Start,1,0,H,U,2.63,3.44,2.55,14,1.0,1.0,2.0,2.0,4.0,3.0,1.0,4.0,6.0,-2.0,0.0,-3.0,3.0,1.0,0.0,1.0,1.0,1.0,0.0,30.8,69.2,7.7,69.2,1389.5,1422.3
2020-12-06,2020,Brann,Sarpsborg 08,1,1,D,U,1.88,3.47,4.14,14,1.0,0.0,1.0,1.0,5.0,4.0,1.0,4.0,5.0,-1.0,1.0,-1.0,2.0,1.0,0.0,1.0,0.0,0.0,0.0,23.1,46.2,15.4,53.8,1492.8,1468.4
2020-12-06,2020,Bodo/Glimt,Stabaek,5,2,H,O,1.27,6.23,8.81,14,3.0,1.0,0.0,0.0,14.0,2.0,12.0,1.0,1.0,0.0,13.0,1.0,12.0,3.0,0.0,3.0,0.0,0.0,0.0,100.0,0.0,23.1,30.8,1680.6,1506.8
2020-12-02,2020,Viking,Brann,2,0,H,U,2.0,3.95,3.24,14,2.0,1.0,1.0,1.0,7.0,6.0,1.0,2.0,7.0,-5.0,5.0,-1.0,6.0,2.0,0.0,2.0,0.0,1.0,-1.0,46.2,30.8,38.5,38.5,1541.9,1501.6
2020-12-02,2020,Start,Bodo/Glimt,1,1,D,U,3.83,4.33,1.75,14,2.0,2.0,1.0,1.0,8.0,7.0,1.0,4.0,7.0,-3.0,4.0,0.0,4.0,1.0,0.0,1.0,0.0,1.0,-1.0,38.5,30.8,76.9,7.7,1415.8,1687.1
2020-12-02,2020,Stabaek,Valerenga,1,1,D,U,3.48,3.58,2.02,14,1.0,2.0,1.0,0.0,5.0,6.0,-1.0,4.0,1.0,3.0,1.0,5.0,-4.0,1.0,2.0,-1.0,1.0,0.0,1.0,38.5,30.8,38.5,38.5,1505.4,1554.3
2020-12-02,2020,Sarpsborg 08,Kristiansund,1,1,D,U,2.63,3.36,2.61,14,1.0,1.0,2.0,0.0,6.0,5.0,1.0,4.0,4.0,0.0,2.0,1.0,1.0,1.0,0.0,1.0,0.0,0.0,0.0,46.2,46.2,38.5,15.4,1465.6,1565.2
2020-12-02,2020,Haugesund,Mjondalen,1,1,D,U,2.05,3.37,3.6,14,2.0,0.0,1.0,3.0,5.0,1.0,4.0,3.0,7.0,-4.0,2.0,-6.0,8.0,1.0,0.0,1.0,0.0,2.0,-2.0,46.2,38.5,15.4,69.2,1515.6,1386.0
2020-12-02,2020,Aalesund,Sandefjord,0,1,A,U,2.97,3.48,2.29,14,0.0,1.0,2.0,2.0,2.0,4.0,-2.0,6.0,5.0,1.0,-4.0,-1.0,-3.0,0.0,0.0,0.0,1.0,0.0,1.0,7.7,69.2,38.5,61.5,1375.0,1432.2
2020-11-29,2020,Valerenga,Sarpsborg 08,1,1,D,U,1.56,4.1,5.58,13,2.0,0.0,0.0,2.0,7.0,3.0,4.0,2.0,6.0,-4.0,5.0,-3.0,8.0,2.0,0.0,2.0,0.0,1.0,-1.0,66.7,0.0,16.7,58.3,1556.9,1462.9
2020-11-29,2020,Molde,Haugesund,3,1,H,O,1.41,4.86,6.83,13,2.0,2.0,0.0,1.0,8.0,4.0,4.0,5.0,6.0,-1.0,3.0,-2.0,5.0,1.0,0.0,1.0,0.0,1.0,-1.0,75.0,16.7,33.3,50.0,1661.6,1521.8
2020-11-29,2020,Mjondalen,Stabaek,0,1,A,U,2.65,3.13,2.74,13,2.0,0.0,1.0,1.0,6.0,1.0,5.0,3.0,5.0,-2.0,3.0,-4.0,7.0,2.0,0.0,2.0,1.0,1.0,0.0,33.3,66.7,16.7,33.3,1393.0,1498.4
2020-11-29,2020,Kristiansund,Stromsgodset,2,1,H,O,1.95,3.76,3.55,13,1.0,0.0,1.0,2.0,3.0,3.0,0.0,3.0,7.0,-4.0,0.0,-4.0,4.0,0.0,0.0,0.0,0.0,1.0,-1.0,41.7,25.0,16.7,50.0,1558.3,1447.4
2020-11-29,2020,Bodo/Glimt,Rosenborg,5,1,H,O,2.14,3.84,2.99,13,3.0,1.0,0.0,1.0,11.0,2.0,9.0,1.0,4.0,-3.0,10.0,-2.0,12.0,2.0,0.0,2.0,0.0,1.0,-1.0,100.0,0.0,41.7,33.3,1678.6,1628.0
2020-11-28,2020,Viking,Start,4,1,H,O,2.09,3.71,3.18,13,1.0,1.0,1.0,1.0,5.0,3.0,2.0,3.0,3.0,0.0,2.0,0.0,2.0,1.0,0.0,1.0,0.0,0.0,0.0,41.7,33.3,8.3,66.7,1535.0,1422.7
2020-11-28,2020,Brann,Aalesund,3,1,H,O,1.29,5.66,9.13,13,0.0,1.0,2.0,2.0,3.0,1.0,2.0,5.0,11.0,-6.0,-2.0,-10.0,8.0,0.0,0.0,0.0,0.0,2.0,-2.0,16.7,50.0,8.3,75.0,1494.7,1381.8
2020-11-24,2020,Rosenborg,Brann,2,3,A,O,1.61,4.1,5.03,13,3.0,0.0,0.0,1.0,7.0,4.0,3.0,2.0,6.0,-4.0,5.0,-2.0,7.0,1.0,0.0,1.0,0.0,1.0,-1.0,66.7,8.3,33.3,41.7,1642.4,1480.4
2020-11-22,2020,Stromsgodset,Bodo/Glimt,1,2,A,O,3.68,4.28,1.8,13,0.0,2.0,1.0,1.0,1.0,8.0,-7.0,3.0,7.0,-4.0,-2.0,1.0,-3.0,0.0,1.0,-1.0,1.0,1.0,0.0,25.0,33.3,75.0,8.3,1451.8,1674.2
2020-11-22,2020,Sarpsborg 08,Viking,1,2,A,O,2.15,3.51,3.2,13,2.0,1.0,1.0,1.0,7.0,3.0,4.0,2.0,5.0,-3.0,5.0,-2.0,7.0,2.0,0.0,2.0,0.0,1.0,-1.0,50.0,41.7,33.3,41.7,1471.4,1526.6
2020-11-22,2020,Odd,Start,1,2,A,O,1.62,4.18,4.89,13,2.0,0.0,0.0,2.0,6.0,1.0,5.0,1.0,4.0,-3.0,5.0,-3.0,8.0,2.0,0.0,2.0,0.0,1.0,-1.0,66.7,16.7,0.0,72.7,1570.0,1408.3
2020-11-22,2020,Kristiansund,Mjondalen,1,0,H,U,1.68,3.86,4.8,12,0.0,0.0,1.0,3.0,3.0,1.0,2.0,4.0,8.0,-4.0,-1.0,-7.0,6.0,0.0,0.0,0.0,0.0,3.0,-3.0,36.4,27.3,16.7,66.7,1552.4,1398.9
2020-11-22,2020,Haugesund,Sandefjord,3,2,H,O,1.77,3.49,4.75,13,1.0,2.0,1.0,1.0,6.0,3.0,3.0,5.0,2.0,3.0,1.0,1.0,0.0,1.0,0.0,1.0,0.0,0.0,0.0,41.7,41.7,41.7,58.3,1513.9,1440.1
2020-11-21,2020,Stabaek,Molde,0,3,A,O,3.56,3.66,1.97,13,2.0,2.0,0.0,1.0,7.0,6.0,1.0,1.0,4.0,-3.0,6.0,2.0,4.0,2.0,1.0,1.0,0.0,0.0,0.0,41.7,25.0,50.0,41.7,1504.3,1655.7
2020-11-21,2020,Aalesund,Valerenga,1,1,D,U,7.9,5.34,1.34,13,0.0,2.0,3.0,1.0,2.0,5.0,-3.0,7.0,2.0,5.0,-5.0,3.0,-8.0,0.0,2.0,-2.0,1.0,1.0,0.0,8.3,75.0,41.7,41.7,1377.0,1561.8
2020-11-08,2020,Viking,Rosenborg,3,0,H,O,4.03,4.12,1.75,12,1.0,2.0,1.0,0.0,7.0,4.0,3.0,5.0,2.0,3.0,2.0,2.0,0.0,1.0,0.0,1.0,0.0,0.0,0.0,36.4,36.4,45.5,27.3,1512.7,1656.3
2020-11-08,2020,Valerenga,Odd,2,0,H,U,1.85,3.87,3.83,12,2.0,1.0,0.0,1.0,7.0,8.0,-1.0,3.0,8.0,-5.0,4.0,0.0,4.0,1.0,1.0,0.0,0.0,1.0,-1.0,63.6,0.0,45.5,45.5,1550.9,1580.9
2020-11-08,2020,Start,Sarpsborg 08,3,2,H,O,2.69,3.4,2.52,13,1.0,0.0,2.0,1.0,6.0,1.0,5.0,4.0,3.0,1.0,2.0,-2.0,4.0,1.0,0.0,1.0,0.0,1.0,-1.0,33.3,33.3,18.2,54.5,1395.8,1483.8
2020-11-08,2020,Sandefjord,Stabaek,0,0,D,U,3.07,3.2,2.36,12,0.0,0.0,1.0,2.0,3.0,1.0,2.0,6.0,7.0,-1.0,-3.0,-6.0,3.0,0.0,0.0,0.0,1.0,2.0,-1.0,27.3,45.5,18.2,36.4,1438.1,1506.2
2020-11-08,2020,Molde,Kristiansund,2,2,D,O,1.48,4.69,5.73,12,2.0,2.0,1.0,0.0,6.0,5.0,1.0,4.0,3.0,1.0,2.0,2.0,0.0,1.0,0.0,1.0,0.0,0.0,0.0,81.8,18.2,41.7,16.7,1658.8,1549.4
2020-11-08,2020,Bodo/Glimt,Aalesund,7,0,H,O,1.14,8.3,15.26,12,3.0,1.0,0.0,2.0,6.0,3.0,3.0,1.0,9.0,-8.0,5.0,-6.0,11.0,2.0,0.0,2.0,0.0,2.0,-2.0,100.0,0.0,9.1,72.7,1671.0,1380.1
2020-11-07,2020,Mjondalen,Stromsgodset,3,0,H,O,2.91,3.37,2.37,12,1.0,0.0,2.0,1.0,4.0,3.0,1.0,5.0,4.0,1.0,-1.0,-1.0,0.0,1.0,0.0,1.0,1.0,0.0,1.0,27.3,72.7,18.2,45.5,1386.7,1464.0
2020-11-07,2020,Brann,Haugesund,1,2,A,O,2.17,3.43,3.23,12,0.0,1.0,2.0,2.0,3.0,3.0,0.0,6.0,7.0,-1.0,-3.0,-4.0,1.0,0.0,0.0,0.0,1.0,1.0,0.0,18.2,45.5,27.3,54.5,1490.0,1504.3
2020-11-04,2020,Odd,Viking,3,0,H,O,1.67,4.21,4.44,12,2.0,2.0,0.0,0.0,9.0,8.0,1.0,2.0,5.0,-3.0,7.0,3.0,4.0,2.0,1.0,1.0,0.0,0.0,0.0,63.6,18.2,36.4,36.4,1572.3,1521.2
2020-11-01,2020,Stromsgodset,Valerenga,0,2,A,U,2.91,3.85,2.19,12,0.0,1.0,0.0,2.0,4.0,4.0,0.0,4.0,4.0,0.0,0.0,0.0,0.0,0.0,1.0,-1.0,0.0,1.0,-1.0,27.3,27.3,36.4,45.5,1471.9,1542.9
2020-11-01,2020,Stabaek,Viking,1,1,D,U,2.06,3.75,3.23,12,3.0,3.0,0.0,0.0,8.0,9.0,-1.0,1.0,4.0,-3.0,7.0,5.0,2.0,2.0,2.0,0.0,0.0,0.0,0.0,45.5,27.3,40.0,40.0,1505.7,1521.7
2020-11-01,2020,Sandefjord,Brann,3,3,D,O,3.09,3.28,2.31,11,0.0,0.0,2.0,2.0,0.0,2.0,-2.0,5.0,8.0,-3.0,-5.0,-6.0,1.0,0.0,0.0,0.0,2.0,2.0,0.0,30.0,50.0,36.4,45.5,1436.6,1491.5
2020-11-01,2020,Rosenborg,Start,1,0,H,U,1.35,5.12,7.89,12,2.0,0.0,0.0,2.0,8.0,1.0,7.0,4.0,9.0,-5.0,4.0,-8.0,12.0,1.0,0.0,1.0,0.0,2.0,-2.0,63.6,9.1,0.0,70.0,1652.5,1399.6
2020-11-01,2020,Mjondalen,Molde,1,3,A,O,4.54,3.94,1.71,11,1.0,1.0,2.0,2.0,3.0,5.0,-2.0,4.0,6.0,-2.0,-1.0,-1.0,0.0,1.0,0.0,1.0,1.0,0.0,1.0,30.0,70.0,45.5,45.5,1390.2,1655.2
2020-11-01,2020,Kristiansund,Bodo/Glimt,2,3,A,O,3.25,4.03,1.98,11,0.0,2.0,1.0,1.0,4.0,8.0,-4.0,6.0,5.0,1.0,-2.0,3.0,-5.0,0.0,2.0,-2.0,1.0,1.0,0.0,40.0,20.0,72.7,9.1,1556.4,1664.1
2020-10-31,2020,Odd,Sarpsborg 08,1,1,D,U,1.81,3.76,4.12,11,3.0,1.0,0.0,1.0,10.0,1.0,9.0,2.0,2.0,0.0,8.0,-1.0,9.0,2.0,0.0,2.0,0.0,1.0,-1.0,70.0,20.0,20.0,60.0,1575.0,1481.2
2020-10-31,2020,Haugesund,Aalesund,0,1,A,U,1.46,4.5,6.58,12,2.0,0.0,0.0,3.0,8.0,2.0,6.0,5.0,10.0,-5.0,3.0,-8.0,11.0,1.0,0.0,1.0,0.0,2.0,-2.0,45.5,36.4,0.0,80.0,1518.4,1366.0
2020-10-27,2020,Viking,Haugesund,0,1,A,U,2.3,3.52,2.93,11,2.0,0.0,0.0,3.0,10.0,3.0,7.0,6.0,9.0,-3.0,4.0,-6.0,10.0,1.0,0.0,1.0,0.0,1.0,-1.0,40.0,30.0,20.0,60.0,1532.4,1507.7
2020-10-25,2020,Valerenga,Kristiansund,1,1,D,U,1.59,4.34,4.88,11,3.0,3.0,0.0,0.0,11.0,6.0,5.0,3.0,2.0,1.0,8.0,4.0,4.0,2.0,1.0,1.0,0.0,0.0,0.0,70.0,0.0,45.5,18.2,1542.5,1556.8
2020-10-25,2020,Sarpsborg 08,Rosenborg,1,2,A,O,3.42,3.37,2.12,12,2.0,1.0,1.0,0.0,6.0,5.0,1.0,3.0,4.0,-1.0,3.0,1.0,2.0,2.0,0.0,2.0,1.0,0.0,1.0,54.5,36.4,40.0,30.0,1486.9,1646.8
2020-10-25,2020,Molde,Stromsgodset,2,1,H,O,1.28,5.96,8.75,11,2.0,0.0,1.0,0.0,6.0,3.0,3.0,3.0,3.0,0.0,3.0,0.0,3.0,2.0,0.0,2.0,0.0,0.0,0.0,80.0,20.0,20.0,40.0,1649.8,1477.4
2020-10-25,2020,Bodo/Glimt,Mjondalen,2,0,H,U,1.26,6.0,9.62,11,3.0,0.0,0.0,3.0,10.0,2.0,8.0,2.0,12.0,-10.0,8.0,-10.0,18.0,2.0,0.0,2.0,0.0,3.0,-3.0,100.0,0.0,18.2,63.6,1660.5,1393.8
2020-10-25,2020,Aalesund,Odd,0,3,A,O,3.73,4.01,1.84,12,0.0,0.0,3.0,2.0,2.0,6.0,-4.0,5.0,14.0,-9.0,-3.0,-8.0,5.0,0.0,0.0,0.0,0.0,2.0,-2.0,9.1,72.7,40.0,50.0,1370.8,1570.2
2020-10-24,2020,Start,Sandefjord,0,1,A,U,1.91,3.57,3.87,12,2.0,2.0,1.0,1.0,7.0,4.0,3.0,3.0,2.0,1.0,4.0,2.0,2.0,1.0,1.0,0.0,0.0,0.0,0.0,36.4,27.3,36.4,63.6,1409.1,1427.1
2020-10-24,2020,Brann,Stabaek,1,1,D,U,2.02,3.61,3.46,11,0.0,0.0,2.0,2.0,3.0,2.0,1.0,6.0,8.0,-2.0,-3.0,-6.0,3.0,0.0,0.0,0.0,1.0,2.0,-1.0,20.0,50.0,20.0,40.0,1491.1,1506.2
2020-10-18,2020,Stromsgodset,Start,1,1,D,U,1.84,3.95,3.78,11,0.0,0.0,1.0,3.0,3.0,2.0,1.0,5.0,11.0,-6.0,-2.0,-9.0,7.0,0.0,0.0,0.0,1.0,2.0,-1.0,30.0,30.0,0.0,77.8,1479.4,1407.1
2020-10-18,2020,Stabaek,Aalesund,4,0,H,O,1.81,3.78,4.11,11,2.0,0.0,1.0,3.0,4.0,4.0,0.0,3.0,9.0,-6.0,1.0,-5.0,6.0,1.0,0.0,1.0,1.0,1.0,0.0,40.0,30.0,0.0,77.8,1499.5,1377.4
2020-10-18,2020,Sandefjord,Valerenga,0,3,A,O,4.0,3.58,1.88,10,0.0,0.0,2.0,3.0,1.0,2.0,-1.0,4.0,6.0,-2.0,-3.0,-4.0,1.0,0.0,0.0,0.0,1.0,1.0,0.0,33.3,44.4,30.0,50.0,1434.3,1535.3
2020-10-18,2020,Kristiansund,Rosenborg,0,0,D,U,3.31,3.71,2.05,10,1.0,2.0,1.0,0.0,8.0,7.0,1.0,7.0,4.0,3.0,1.0,3.0,-2.0,1.0,1.0,0.0,1.0,0.0,1.0,44.4,22.2,44.4,33.3,1554.1,1649.5
2020-10-18,2020,Haugesund,Sarpsborg 08,2,0,H,U,2.25,3.31,3.19,11,1.0,1.0,1.0,1.0,8.0,2.0,6.0,8.0,4.0,4.0,0.0,-2.0,2.0,0.0,0.0,0.0,0.0,1.0,-1.0,40.0,40.0,22.2,55.6,1497.7,1496.9
2020-10-17,2020,Molde,Bodo/Glimt,4,2,H,O,1.66,4.53,4.2,10,1.0,3.0,2.0,0.0,3.0,8.0,-5.0,3.0,2.0,1.0,0.0,6.0,-6.0,1.0,2.0,-1.0,0.0,0.0,0.0,77.8,22.2,80.0,0.0,1638.9,1671.4
2020-10-17,2020,Mjondalen,Brann,2,0,H,U,2.98,3.53,2.26,10,0.0,1.0,3.0,1.0,1.0,4.0,-3.0,6.0,6.0,0.0,-5.0,-2.0,-3.0,0.0,1.0,-1.0,2.0,1.0,1.0,22.2,77.8,40.0,40.0,1380.4,1504.5
2020-10-04,2020,Viking,Stromsgodset,2,2,D,O,1.87,4.05,3.59,10,2.0,1.0,0.0,0.0,11.0,4.0,7.0,7.0,3.0,4.0,4.0,1.0,3.0,1.0,0.0,1.0,0.0,0.0,0.0,44.4,33.3,22.2,44.4,1534.0,1477.8
2020-10-04,2020,Start,Haugesund,5,1,H,O,2.83,3.33,2.45,11,2.0,1.0,1.0,2.0,4.0,5.0,-1.0,3.0,5.0,-2.0,1.0,0.0,1.0,0.0,1.0,-1.0,0.0,0.0,0.0,30.0,30.0,22.2,55.6,1393.8,1511.0
2020-10-04,2020,Rosenborg,Odd,4,1,H,O,1.78,3.94,4.08,11,2.0,0.0,0.0,2.0,7.0,5.0,2.0,5.0,12.0,-7.0,2.0,-7.0,9.0,0.0,0.0,0.0,0.0,2.0,-2.0,60.0,10.0,44.4,44.4,1641.3,1578.4
2020-10-04,2020,Brann,Molde,1,2,A,O,2.92,3.81,2.19,10,0.0,0.0,2.0,3.0,2.0,4.0,-2.0,5.0,7.0,-2.0,-3.0,-3.0,0.0,0.0,0.0,0.0,1.0,0.0,1.0,22.2,44.4,40.0,50.0,1511.2,1632.2
2020-10-04,2020,Bodo/Glimt,Sandefjord,2,1,H,O,1.25,6.16,10.15,10,3.0,2.0,0.0,1.0,14.0,4.0,10.0,1.0,2.0,-1.0,13.0,2.0,11.0,3.0,1.0,2.0,0.0,0.0,0.0,100.0,0.0,40.0,60.0,1667.2,1438.5
2020-10-04,2020,Aalesund,Kristiansund,1,2,A,O,3.55,3.89,1.91,11,0.0,2.0,3.0,1.0,2.0,5.0,-3.0,6.0,3.0,3.0,-4.0,2.0,-6.0,0.0,1.0,-1.0,1.0,0.0,1.0,10.0,70.0,40.0,20.0,1383.0,1548.5
2020-10-03,2020,Valerenga,Mjondalen,4,1,H,O,1.35,5.04,8.0,10,3.0,1.0,0.0,2.0,9.0,2.0,7.0,3.0,8.0,-5.0,6.0,-6.0,12.0,1.0,0.0,1.0,0.0,2.0,-2.0,66.7,0.0,20.0,60.0,1529.2,1386.5
2020-10-03,2020,Sarpsborg 08,Stabaek,4,0,H,O,1.86,3.61,4.07,11,2.0,0.0,1.0,1.0,4.0,5.0,-1.0,4.0,7.0,-3.0,0.0,-2.0,2.0,1.0,0.0,1.0,1.0,1.0,0.0,50.0,40.0,22.2,33.3,1486.2,1510.2
2020-09-27,2020,Stabaek,Start,2,0,H,U,1.9,3.58,3.9,10,1.0,0.0,2.0,3.0,2.0,2.0,0.0,4.0,14.0,-10.0,-2.0,-12.0,10.0,0.0,0.0,0.0,1.0,2.0,-1.0,33.3,33.3,0.0,75.0,1503.1,1400.9
2020-09-27,2020,Mjondalen,Viking,1,2,A,O,3.22,3.6,2.11,9,1.0,2.0,2.0,0.0,1.0,9.0,-8.0,4.0,5.0,-1.0,-3.0,4.0,-7.0,0.0,2.0,-2.0,2.0,0.0,2.0,25.0,75.0,33.3,44.4,1392.8,1527.7
2020-09-27,2020,Kristiansund,Brann,1,1,D,U,1.84,4.04,3.7,9,2.0,2.0,1.0,1.0,10.0,5.0,5.0,8.0,6.0,2.0,2.0,-1.0,3.0,1.0,1.0,0.0,1.0,1.0,0.0,50.0,25.0,44.4,44.4,1549.6,1510.1
2020-09-27,2020,Haugesund,Odd,4,4,D,O,2.52,3.36,2.73,10,2.0,1.0,1.0,2.0,7.0,2.0,5.0,5.0,8.0,-3.0,2.0,-6.0,8.0,1.0,0.0,1.0,0.0,2.0,-2.0,44.4,44.4,50.0,50.0,1508.9,1580.4
2020-09-27,2020,Bodo/Glimt,Valerenga,2,0,H,U,1.62,4.45,4.53,9,3.0,1.0,0.0,2.0,15.0,4.0,11.0,3.0,5.0,-2.0,12.0,-1.0,13.0,2.0,0.0,2.0,0.0,0.0,0.0,100.0,0.0,33.3,44.4,1660.7,1535.8
2020-09-27,2020,Aalesund,Rosenborg,1,2,A,O,4.5,4.2,1.67,10,0.0,1.0,2.0,1.0,3.0,6.0,-3.0,6.0,5.0,1.0,-3.0,1.0,-4.0,0.0,1.0,-1.0,1.0,0.0,1.0,11.1,66.7,37.5,37.5,1386.8,1637.5
2020-09-26,2020,Stromsgodset,Sarpsborg 08,0,0,D,U,2.27,3.57,2.92,10,0.0,1.0,2.0,2.0,6.0,3.0,3.0,9.0,9.0,0.0,-3.0,-6.0,3.0,0.0,0.0,0.0,1.0,2.0,-1.0,33.3,33.3,25.0,62.5,1477.6,1486.5
2020-09-26,2020,Molde,Sandefjord,0,1,A,U,1.36,5.28,7.34,9,2.0,2.0,1.0,1.0,8.0,7.0,1.0,2.0,5.0,-3.0,6.0,2.0,4.0,2.0,1.0,1.0,0.0,0.0,0.0,87.5,12.5,33.3,66.7,1647.9,1422.8
2020-09-20,2020,Viking,Aalesund,5,2,H,O,1.35,5.44,7.55,9,1.0,0.0,1.0,3.0,7.0,2.0,5.0,7.0,8.0,-1.0,0.0,-6.0,6.0,0.0,0.0,0.0,0.0,1.0,-1.0,37.5,37.5,0.0,75.0,1521.2,1393.3
2020-09-20,2020,Start,Kristiansund,1,2,A,O,2.82,3.58,2.35,10,3.0,2.0,0.0,1.0,6.0,5.0,1.0,1.0,3.0,-2.0,5.0,2.0,3.0,1.0,1.0,0.0,0.0,0.0,0.0,33.3,22.2,33.3,22.2,1407.2,1543.4
2020-09-20,2020,Sandefjord,Stromsgodset,0,0,D,U,2.67,3.25,2.65,9,1.0,1.0,2.0,1.0,3.0,6.0,-3.0,5.0,6.0,-1.0,-2.0,0.0,-2.0,0.0,0.0,0.0,1.0,0.0,1.0,37.5,50.0,25.0,50.0,1421.1,1479.2
2020-09-20,2020,Rosenborg,Haugesund,2,1,H,O,1.85,3.69,4.03,10,2.0,1.0,0.0,2.0,10.0,4.0,6.0,5.0,4.0,1.0,5.0,0.0,5.0,1.0,1.0,0.0,0.0,0.0,0.0,55.6,11.1,25.0,50.0,1630.7,1515.8
2020-09-20,2020,Odd,Stabaek,2,0,H,U,1.68,3.96,4.72,10,3.0,0.0,0.0,1.0,10.0,6.0,4.0,3.0,8.0,-5.0,7.0,-2.0,9.0,1.0,0.0,1.0,0.0,1.0,-1.0,66.7,22.2,25.0,25.0,1572.1,1511.4
2020-09-20,2020,Brann,Bodo/Glimt,1,3,A,O,4.9,4.59,1.56,9,0.0,2.0,2.0,0.0,2.0,7.0,-5.0,4.0,3.0,1.0,-2.0,4.0,-6.0,0.0,1.0,-1.0,0.0,0.0,0.0,25.0,37.5,77.8,0.0,1516.3,1654.4
2020-09-19,2020,Valerenga,Molde,2,1,H,O,2.14,3.79,3.05,9,2.0,0.0,0.0,3.0,9.0,4.0,5.0,4.0,7.0,-3.0,5.0,-3.0,8.0,1.0,0.0,1.0,0.0,0.0,0.0,62.5,0.0,44.4,44.4,1522.0,1661.7
2020-09-19,2020,Sarpsborg 08,Mjondalen,2,0,H,U,1.84,3.45,4.39,10,2.0,1.0,1.0,2.0,6.0,2.0,4.0,4.0,9.0,-5.0,2.0,-7.0,9.0,1.0,0.0,1.0,1.0,2.0,-1.0,44.4,44.4,22.2,55.6,1478.7,1400.6
2020-09-13,2020,Valerenga,Brann,5,1,H,O,1.84,3.78,3.94,8,2.0,2.0,0.0,1.0,6.0,5.0,1.0,3.0,4.0,-1.0,3.0,1.0,2.0,1.0,1.0,0.0,0.0,1.0,-1.0,57.1,0.0,50.0,37.5,1511.5,1526.7
2020-09-13,2020,Stromsgodset,Rosenborg,3,3,D,O,3.71,3.97,1.85,9,1.0,1.0,2.0,2.0,6.0,3.0,3.0,7.0,3.0,4.0,-1.0,0.0,-1.0,1.0,1.0,0.0,1.0,0.0,1.0,37.5,37.5,42.9,42.9,1474.9,1635.0
2020-09-13,2020,Mjondalen,Sandefjord,0,2,A,U,2.37,3.14,3.11,8,1.0,1.0,2.0,2.0,1.0,6.0,-5.0,4.0,8.0,-4.0,-3.0,-2.0,-1.0,0.0,0.0,0.0,2.0,1.0,1.0,28.6,71.4,25.0,75.0,1410.5,1411.2
2020-09-13,2020,Bodo/Glimt,Odd,6,1,H,O,1.52,4.64,5.3,8,3.0,2.0,0.0,1.0,12.0,3.0,9.0,3.0,2.0,1.0,9.0,1.0,8.0,2.0,1.0,1.0,0.0,1.0,-1.0,100.0,0.0,57.1,42.9,1646.3,1580.2
2020-09-13,2020,Aalesund,Sarpsborg 08,0,1,A,U,2.55,3.42,2.65,9,1.0,0.0,1.0,3.0,6.0,2.0,4.0,7.0,12.0,-5.0,-1.0,-10.0,9.0,0.0,0.0,0.0,1.0,3.0,-2.0,12.5,62.5,14.3,71.4,1401.3,1470.6
2020-09-12,2020,Stabaek,Haugesund,2,1,H,O,2.55,3.1,2.87,9,0.0,1.0,2.0,1.0,2.0,3.0,-1.0,5.0,2.0,3.0,-3.0,1.0,-4.0,0.0,1.0,-1.0,1.0,0.0,1.0,25.0,37.5,28.6,42.9,1500.6,1526.5
2020-09-12,2020,Kristiansund,Viking,3,5,A,O,1.95,4.04,3.32,8,3.0,1.0,0.0,1.0,10.0,4.0,6.0,4.0,5.0,-1.0,6.0,-1.0,7.0,2.0,1.0,1.0,0.0,1.0,-1.0,57.1,14.3,25.0,50.0,1554.7,1509.9
2020-08-30,2020,Viking,Molde,3,2,H,O,3.13,3.95,2.04,8,1.0,0.0,1.0,3.0,7.0,3.0,4.0,5.0,7.0,-2.0,2.0,-4.0,6.0,1.0,0.0,1.0,0.0,1.0,-1.0,28.6,42.9,50.0,37.5,1495.1,1676.5
2020-08-30,2020,Start,Aalesund,1,0,H,U,2.2,3.7,2.96,9,2.0,0.0,0.0,3.0,5.0,4.0,1.0,1.0,10.0,-9.0,4.0,-6.0,10.0,1.0,0.0,1.0,0.0,1.0,-1.0,25.0,25.0,0.0,71.4,1396.8,1411.8
2020-08-30,2020,Sarpsborg 08,Bodo/Glimt,0,3,A,O,3.51,3.95,1.91,9,2.0,1.0,0.0,0.0,6.0,6.0,0.0,1.0,5.0,-4.0,5.0,1.0,4.0,1.0,0.0,1.0,0.0,0.0,0.0,50.0,37.5,75.0,0.0,1476.2,1640.7
2020-08-30,2020,Sandefjord,Kristiansund,0,2,A,U,2.87,3.4,2.39,8,2.0,1.0,1.0,1.0,4.0,4.0,0.0,3.0,4.0,-1.0,1.0,0.0,1.0,0.0,0.0,0.0,0.0,0.0,0.0,42.9,42.9,25.0,25.0,1417.6,1548.3
2020-08-30,2020,Rosenborg,Stabaek,2,2,D,O,1.47,4.61,6.04,9,3.0,0.0,0.0,1.0,11.0,4.0,7.0,3.0,6.0,-3.0,8.0,-2.0,10.0,2.0,0.0,2.0,0.0,1.0,-1.0,62.5,12.5,28.6,28.6,1638.9,1496.7
2020-08-30,2020,Odd,Mjondalen,6,1,H,O,1.62,3.83,5.43,9,3.0,1.0,0.0,2.0,7.0,1.0,6.0,4.0,4.0,0.0,3.0,-3.0,6.0,0.0,0.0,0.0,0.0,1.0,-1.0,62.5,25.0,25.0,50.0,1574.5,1416.3
2020-08-29,2020,Haugesund,Valerenga,2,1,H,O,2.49,3.15,2.91,9,2.0,1.0,1.0,2.0,6.0,4.0,2.0,4.0,7.0,-3.0,2.0,-3.0,5.0,1.0,0.0,1.0,0.0,1.0,-1.0,37.5,50.0,37.5,37.5,1516.3,1521.7
2020-08-29,2020,Brann,Stromsgodset,1,1,D,U,1.72,3.95,4.42,8,0.0,1.0,2.0,2.0,2.0,5.0,-3.0,4.0,7.0,-3.0,-2.0,-2.0,0.0,0.0,0.0,0.0,0.0,1.0,-1.0,28.6,42.9,28.6,57.1,1528.3,1473.3
2020-08-24,2020,Stabaek,Brann,0,2,A,U,2.69,3.35,2.54,8,0.0,1.0,1.0,2.0,3.0,3.0,0.0,4.0,5.0,-1.0,-1.0,-2.0,1.0,0.0,0.0,0.0,0.0,1.0,-1.0,28.6,28.6,42.9,42.9,1506.4,1518.6
2020-08-22,2020,Valerenga,Sandefjord,2,1,H,O,1.57,4.08,5.57,7,2.0,1.0,0.0,2.0,5.0,6.0,-1.0,2.0,8.0,-6.0,3.0,-2.0,5.0,1.0,0.0,1.0,0.0,1.0,-1.0,50.0,0.0,28.6,71.4,1514.2,1425.0
2020-08-22,2020,Stromsgodset,Viking,0,2,A,U,2.39,3.74,2.66,8,1.0,1.0,2.0,1.0,6.0,4.0,2.0,9.0,5.0,4.0,-3.0,-1.0,-2.0,1.0,1.0,0.0,1.0,1.0,0.0,42.9,28.6,14.3,57.1,1483.3,1485.2
2020-08-22,2020,Molde,Odd,2,0,H,U,1.67,4.1,4.6,8,2.0,2.0,1.0,1.0,10.0,3.0,7.0,3.0,2.0,1.0,7.0,1.0,6.0,2.0,1.0,1.0,0.0,1.0,-1.0,85.7,14.3,66.7,33.3,1669.0,1582.1
2020-08-22,2020,Mjondalen,Rosenborg,0,2,A,U,3.62,3.47,2.02,7,1.0,0.0,2.0,2.0,3.0,1.0,2.0,5.0,3.0,2.0,-2.0,-2.0,0.0,0.0,0.0,0.0,1.0,0.0,1.0,33.3,66.7,33.3,50.0,1420.8,1634.3
2020-08-22,2020,Kristiansund,Sarpsborg 08,4,1,H,O,2.08,3.58,3.3,7,2.0,0.0,0.0,2.0,6.0,2.0,4.0,3.0,9.0,-6.0,3.0,-7.0,10.0,1.0,0.0,1.0,0.0,2.0,-2.0,50.0,16.7,16.7,66.7,1539.8,1484.6
2020-08-22,2020,Bodo/Glimt,Start,6,0,H,O,1.22,6.57,10.66,7,3.0,0.0,0.0,3.0,8.0,4.0,4.0,4.0,11.0,-7.0,4.0,-7.0,11.0,1.0,0.0,1.0,0.0,1.0,-1.0,100.0,0.0,0.0,71.4,1636.6,1400.9
2020-08-22,2020,Aalesund,Haugesund,1,3,A,O,2.81,3.39,2.43,8,1.0,0.0,1.0,2.0,6.0,0.0,6.0,7.0,2.0,5.0,-1.0,-2.0,1.0,0.0,0.0,0.0,1.0,0.0,1.0,14.3,57.1,16.7,50.0,1419.2,1508.9
2020-08-17,2020,Start,Valerenga,2,1,H,O,2.84,3.39,2.4,8,1.0,1.0,0.0,1.0,3.0,3.0,0.0,0.0,5.0,-5.0,3.0,-2.0,5.0,1.0,0.0,1.0,0.0,1.0,-1.0,14.3,28.6,42.9,28.6,1387.0,1528.0
2020-08-16,2020,Viking,Stabaek,3,3,D,O,1.74,3.85,4.4,7,1.0,1.0,2.0,1.0,5.0,4.0,1.0,4.0,4.0,0.0,1.0,0.0,1.0,1.0,1.0,0.0,0.0,1.0,-1.0,33.3,50.0,33.3,33.3,1484.5,1507.0
2020-08-16,2020,Sandefjord,Bodo/Glimt,1,2,A,O,4.95,4.43,1.57,7,3.0,1.0,0.0,0.0,4.0,7.0,-3.0,1.0,6.0,-5.0,3.0,1.0,2.0,0.0,0.0,0.0,0.0,0.0,0.0,50.0,33.3,71.4,0.0,1429.8,1631.9
2020-08-16,2020,Rosenborg,Aalesund,3,2,H,O,1.34,5.41,7.57,8,3.0,0.0,0.0,3.0,10.0,2.0,8.0,2.0,8.0,-6.0,8.0,-6.0,14.0,2.0,0.0,2.0,0.0,1.0,-1.0,57.1,14.3,0.0,66.7,1629.6,1423.9
2020-08-16,2020,Odd,Kristiansund,2,1,H,O,1.93,3.59,3.77,8,3.0,1.0,0.0,1.0,6.0,4.0,2.0,3.0,4.0,-1.0,3.0,0.0,3.0,0.0,0.0,0.0,0.0,0.0,0.0,57.1,28.6,28.6,14.3,1572.7,1549.1
2020-08-16,2020,Haugesund,Stromsgodset,2,3,A,O,1.95,3.49,3.79,8,2.0,0.0,1.0,3.0,4.0,2.0,2.0,3.0,8.0,-5.0,1.0,-6.0,7.0,1.0,0.0,1.0,1.0,2.0,-1.0,42.9,42.9,16.7,66.7,1520.2,1471.9
2020-08-16,2020,Brann,Mjondalen,0,1,A,U,1.63,3.93,5.16,7,0.0,0.0,1.0,3.0,3.0,1.0,2.0,4.0,6.0,-2.0,-1.0,-5.0,4.0,0.0,0.0,0.0,0.0,1.0,-1.0,33.3,33.3,14.3,57.1,1532.1,1407.4
2020-08-15,2020,Sarpsborg 08,Molde,2,1,H,O,3.56,3.88,1.91,8,2.0,1.0,0.0,2.0,6.0,6.0,0.0,0.0,5.0,-5.0,6.0,1.0,5.0,2.0,1.0,1.0,0.0,1.0,-1.0,42.9,42.9,57.1,28.6,1469.1,1684.5
2020-08-10,2020,Molde,Brann,1,2,A,O,1.52,4.58,5.39,7,3.0,0.0,0.0,3.0,14.0,1.0,13.0,1.0,9.0,-8.0,13.0,-8.0,21.0,3.0,0.0,3.0,0.0,2.0,-2.0,100.0,0.0,33.3,50.0,1699.3,1517.3
2020-08-09,2020,Stromsgodset,Sandefjord,3,4,A,O,1.67,4.02,4.65,7,2.0,0.0,1.0,3.0,5.0,3.0,2.0,6.0,8.0,-2.0,-1.0,-5.0,4.0,1.0,0.0,1.0,1.0,2.0,-1.0,50.0,16.7,16.7,83.3,1483.8,1417.9
2020-08-09,2020,Stabaek,Odd,0,1,A,U,2.86,3.23,2.47,7,0.0,2.0,1.0,1.0,3.0,4.0,-1.0,6.0,3.0,3.0,-3.0,1.0,-4.0,0.0,1.0,-1.0,1.0,1.0,0.0,33.3,16.7,60.0,40.0,1515.6,1564.1
2020-08-09,2020,Rosenborg,Sarpsborg 08,5,1,H,O,1.88,3.46,4.17,7,3.0,1.0,0.0,1.0,8.0,4.0,4.0,1.0,4.0,-3.0,7.0,0.0,7.0,2.0,1.0,1.0,0.0,1.0,-1.0,50.0,16.7,20.0,60.0,1623.7,1475.1
2020-08-09,2020,Mjondalen,Haugesund,1,0,H,U,2.76,3.11,2.64,6,0.0,0.0,3.0,1.0,2.0,0.0,2.0,6.0,1.0,5.0,-4.0,-1.0,-3.0,0.0,0.0,0.0,1.0,0.0,1.0,20.0,80.0,20.0,40.0,1393.5,1534.1
2020-08-09,2020,Kristiansund,Start,3,2,H,O,1.54,4.3,5.46,6,1.0,0.0,1.0,2.0,4.0,3.0,1.0,3.0,9.0,-6.0,1.0,-6.0,7.0,1.0,0.0,1.0,0.0,1.0,-1.0,40.0,20.0,0.0,66.7,1543.2,1393.0
2020-08-09,2020,Aalesund,Viking,2,2,D,O,3.79,4.0,1.83,7,1.0,1.0,2.0,2.0,5.0,2.0,3.0,11.0,8.0,3.0,-6.0,-6.0,0.0,0.0,1.0,-1.0,2.0,2.0,0.0,16.7,66.7,16.7,66.7,1422.1,1486.4
2020-08-08,2020,Valerenga,Bodo/Glimt,2,2,D,O,3.7,4.03,1.84,6,2.0,2.0,0.0,0.0,5.0,11.0,-6.0,2.0,5.0,-3.0,3.0,6.0,-3.0,1.0,1.0,0.0,0.0,0.0,0.0,60.0,0.0,83.3,0.0,1525.0,1634.9
2020-08-05,2020,Molde,Start,5,0,H,O,1.3,5.61,8.88,6,3.0,0.0,0.0,2.0,11.0,3.0,8.0,2.0,5.0,-3.0,9.0,-2.0,11.0,2.0,0.0,2.0,0.0,0.0,0.0,100.0,0.0,0.0,60.0,1696.3,1396.0
2020-08-02,2020,Viking,Kristiansund,1,2,A,O,1.88,3.84,3.7,6,2.0,0.0,1.0,1.0,6.0,4.0,2.0,2.0,5.0,-3.0,4.0,-1.0,5.0,2.0,0.0,2.0,0.0,0.0,0.0,40.0,40.0,16.7,16.7,1495.3,1534.3
2020-08-02,2020,Start,Mjondalen,3,0,H,O,2.09,3.39,3.45,7,0.0,0.0,0.0,3.0,1.0,2.0,-1.0,1.0,5.0,-4.0,0.0,-3.0,3.0,0.0,0.0,0.0,0.0,0.0,0.0,0.0,33.3,16.7,50.0,1385.4,1404.1
2020-08-02,2020,Sarpsborg 08,Aalesund,4,0,H,O,1.58,4.01,5.48,7,2.0,0.0,0.0,2.0,3.0,4.0,-1.0,0.0,6.0,-6.0,3.0,-2.0,5.0,1.0,0.0,1.0,0.0,0.0,0.0,33.3,50.0,0.0,60.0,1466.1,1431.1
2020-08-02,2020,Odd,Rosenborg,2,1,H,O,2.32,3.34,3.0,7,2.0,1.0,0.0,1.0,4.0,3.0,1.0,2.0,1.0,1.0,2.0,2.0,0.0,0.0,1.0,-1.0,0.0,0.0,0.0,50.0,33.3,40.0,40.0,1551.7,1636.1
2020-08-02,2020,Haugesund,Stabaek,3,1,H,O,2.06,3.32,3.64,7,1.0,2.0,2.0,0.0,1.0,5.0,-4.0,5.0,2.0,3.0,-4.0,3.0,-7.0,0.0,1.0,-1.0,2.0,0.0,2.0,33.3,50.0,40.0,20.0,1524.0,1525.7
2020-08-02,2020,Bodo/Glimt,Stromsgodset,3,2,H,O,1.18,7.57,12.6,6,3.0,0.0,0.0,3.0,10.0,0.0,10.0,2.0,7.0,-5.0,8.0,-7.0,15.0,2.0,0.0,2.0,0.0,3.0,-3.0,100.0,0.0,20.0,60.0,1628.7,1490.0
2020-08-01,2020,Sandefjord,Molde,2,1,H,O,4.88,4.02,1.64,6,2.0,2.0,1.0,1.0,2.0,8.0,-6.0,3.0,3.0,0.0,-1.0,5.0,-6.0,0.0,2.0,-2.0,1.0,1.0,0.0,40.0,40.0,66.7,16.7,1400.8,1713.5
2020-08-01,2020,Brann,Valerenga,1,2,A,O,2.04,3.39,3.6,6,1.0,1.0,0.0,1.0,5.0,2.0,3.0,3.0,4.0,-1.0,2.0,-2.0,4.0,1.0,0.0,1.0,0.0,1.0,-1.0,40.0,20.0,33.3,33.3,1527.7,1514.6
2020-07-30,2020,Stabaek,Bodo/Glimt,2,2,D,O,4.47,4.24,1.66,6,1.0,3.0,1.0,0.0,3.0,13.0,-10.0,4.0,3.0,1.0,-1.0,10.0,-11.0,1.0,2.0,-1.0,1.0,0.0,1.0,40.0,20.0,100.0,0.0,1522.6,1631.8
2020-07-30,2020,Rosenborg,Viking,3,0,H,O,1.98,3.7,3.46,6,2.0,1.0,0.0,1.0,6.0,3.0,3.0,2.0,6.0,-4.0,4.0,-3.0,7.0,1.0,1.0,0.0,0.0,1.0,-1.0,40.0,20.0,20.0,60.0,1629.6,1501.7
2020-07-29,2020,Stromsgodset,Brann,3,1,H,O,2.89,3.55,2.31,6,1.0,1.0,1.0,2.0,4.0,1.0,3.0,7.0,6.0,1.0,-3.0,-5.0,2.0,0.0,0.0,0.0,1.0,1.0,0.0,40.0,20.0,40.0,40.0,1478.2,1539.4
2020-07-29,2020,Sarpsborg 08,Haugesund,0,0,D,U,2.27,3.16,3.26,6,2.0,1.0,1.0,1.0,3.0,1.0,2.0,1.0,1.0,0.0,2.0,0.0,2.0,1.0,0.0,1.0,0.0,0.0,0.0,40.0,60.0,25.0,50.0,1464.4,1525.8
2020-07-29,2020,Molde,Valerenga,4,1,H,O,1.67,4.01,4.68,5,3.0,1.0,0.0,0.0,11.0,2.0,9.0,2.0,1.0,1.0,9.0,1.0,8.0,2.0,0.0,2.0,0.0,0.0,0.0,100.0,0.0,40.0,20.0,1708.4,1519.7
2020-07-29,2020,Mjondalen,Odd,0,2,A,U,2.98,3.29,2.36,5,0.0,2.0,3.0,1.0,3.0,7.0,-4.0,6.0,3.0,3.0,-3.0,4.0,-7.0,0.0,1.0,-1.0,0.0,1.0,-1.0,25.0,75.0,50.0,50.0,1410.3,1545.4
2020-07-29,2020,Kristiansund,Sandefjord,3,1,H,O,1.49,4.39,6.08,5,0.0,0.0,1.0,3.0,3.0,2.0,1.0,4.0,7.0,-3.0,-1.0,-5.0,4.0,0.0,0.0,0.0,0.0,2.0,-2.0,25.0,25.0,20.0,80.0,1527.7,1407.4
2020-07-29,2020,Aalesund,Start,3,2,H,O,2.26,3.44,3.05,6,0.0,0.0,3.0,2.0,3.0,1.0,2.0,12.0,3.0,9.0,-9.0,-2.0,-7.0,0.0,0.0,0.0,3.0,0.0,3.0,0.0,80.0,0.0,50.0,1421.9,1394.7
2020-07-26,2020,Viking,Sarpsborg 08,3,0,H,O,2.45,3.36,2.81,5,1.0,1.0,1.0,1.0,4.0,5.0,-1.0,3.0,3.0,0.0,1.0,2.0,-1.0,1.0,1.0,0.0,0.0,0.0,0.0,25.0,50.0,25.0,50.0,1492.3,1473.8
2020-07-26,2020,Valerenga,Stromsgodset,2,0,H,U,2.04,3.57,3.41,5,2.0,1.0,0.0,2.0,5.0,3.0,2.0,3.0,7.0,-4.0,2.0,-4.0,6.0,0.0,0.0,0.0,0.0,2.0,-2.0,50.0,0.0,25.0,50.0,1510.3,1487.6
2020-07-26,2020,Start,Stabaek,0,0,D,U,2.7,3.46,2.46,6,0.0,2.0,1.0,1.0,1.0,6.0,-5.0,6.0,6.0,0.0,-5.0,0.0,-5.0,0.0,1.0,-1.0,1.0,1.0,0.0,0.0,40.0,50.0,25.0,1390.9,1526.4
2020-07-26,2020,Sandefjord,Mjondalen,1,0,H,U,3.01,3.22,2.38,5,1.0,1.0,2.0,2.0,1.0,5.0,-4.0,4.0,5.0,-1.0,-3.0,0.0,-3.0,0.0,1.0,-1.0,1.0,0.0,1.0,25.0,50.0,20.0,40.0,1396.7,1421.0
2020-07-26,2020,Haugesund,Rosenborg,1,0,H,U,2.86,3.19,2.5,6,1.0,2.0,2.0,0.0,1.0,5.0,-4.0,5.0,1.0,4.0,-4.0,4.0,-8.0,0.0,1.0,-1.0,2.0,0.0,2.0,20.0,60.0,50.0,25.0,1512.2,1643.2
2020-07-26,2020,Bodo/Glimt,Molde,3,1,H,O,1.78,4.21,3.82,5,3.0,2.0,0.0,0.0,9.0,9.0,0.0,2.0,2.0,0.0,7.0,7.0,0.0,1.0,2.0,-1.0,0.0,0.0,0.0,100.0,0.0,80.0,0.0,1618.9,1721.3
2020-07-25,2020,Odd,Aalesund,3,2,H,O,1.78,3.8,4.24,6,1.0,0.0,1.0,1.0,1.0,3.0,-2.0,4.0,4.0,0.0,-3.0,-1.0,-2.0,0.0,0.0,0.0,1.0,0.0,1.0,40.0,40.0,0.0,50.0,1538.5,1428.8
2020-07-25,2020,Brann,Kristiansund,1,1,D,U,2.13,3.52,3.22,5,1.0,1.0,1.0,1.0,5.0,5.0,0.0,4.0,5.0,-1.0,1.0,0.0,1.0,1.0,0.0,1.0,0.0,0.0,0.0,50.0,25.0,20.0,20.0,1539.8,1527.3
2020-07-19,2020,Stromsgodset,Molde,0,4,A,O,5.16,4.45,1.54,5,1.0,2.0,0.0,0.0,5.0,8.0,-3.0,4.0,4.0,0.0,1.0,4.0,-3.0,0.0,1.0,-1.0,0.0,0.0,0.0,50.0,0.0,75.0,0.0,1491.9,1717.0
2020-07-19,2020,Sarpsborg 08,Odd,2,0,H,U,2.06,3.34,3.54,5,1.0,2.0,2.0,1.0,3.0,7.0,-4.0,4.0,2.0,2.0,-1.0,5.0,-6.0,0.0,1.0,-1.0,0.0,0.0,0.0,25.0,75.0,66.7,33.3,1461.3,1551.0
2020-07-19,2020,Rosenborg,Sandefjord,2,1,H,O,1.4,4.75,7.07,5,1.0,0.0,1.0,3.0,6.0,1.0,5.0,4.0,7.0,-3.0,2.0,-6.0,8.0,1.0,0.0,1.0,0.0,3.0,-3.0,25.0,25.0,25.0,75.0,1639.1,1400.8
2020-07-19,2020,Kristiansund,Valerenga,0,0,D,U,2.01,3.6,3.45,4,1.0,1.0,1.0,1.0,10.0,3.0,7.0,6.0,5.0,1.0,4.0,-2.0,6.0,1.0,0.0,1.0,0.0,1.0,-1.0,33.3,33.3,50.0,25.0,1527.8,1509.8
2020-07-19,2020,Brann,Start,1,1,D,U,1.69,3.85,4.67,4,2.0,0.0,1.0,2.0,7.0,2.0,5.0,3.0,4.0,-1.0,4.0,-2.0,6.0,2.0,0.0,2.0,0.0,0.0,0.0,66.7,33.3,0.0,66.7,1544.0,1386.7
2020-07-19,2020,Aalesund,Stabaek,1,3,A,O,2.4,3.44,2.79,5,0.0,1.0,2.0,1.0,4.0,5.0,-1.0,11.0,7.0,4.0,-7.0,-2.0,-5.0,0.0,0.0,0.0,2.0,1.0,1.0,0.0,75.0,33.3,33.3,1436.5,1518.7
2020-07-18,2020,Mjondalen,Bodo/Glimt,2,3,A,O,6.62,4.93,1.41,4,1.0,3.0,2.0,0.0,2.0,13.0,-11.0,3.0,3.0,0.0,-1.0,10.0,-11.0,0.0,2.0,-2.0,0.0,0.0,0.0,33.3,66.7,100.0,0.0,1426.1,1613.8
2020-07-18,2020,Haugesund,Viking,0,2,A,U,2.12,3.38,3.34,5,1.0,0.0,1.0,2.0,3.0,2.0,1.0,5.0,8.0,-3.0,-2.0,-6.0,4.0,0.0,0.0,0.0,1.0,1.0,0.0,25.0,50.0,0.0,75.0,1523.4,1481.0
2020-07-16,2020,Start,Rosenborg,0,0,D,U,4.88,4.12,1.62,5,0.0,2.0,2.0,1.0,3.0,5.0,-2.0,9.0,2.0,7.0,-6.0,3.0,-9.0,0.0,1.0,-1.0,1.0,0.0,1.0,0.0,50.0,66.7,33.3,1380.3,1645.6
2020-07-16,2020,Stabaek,Sarpsborg 08,1,1,D,U,2.76,3.09,2.64,5,2.0,1.0,1.0,2.0,4.0,4.0,0.0,3.0,3.0,0.0,1.0,1.0,0.0,2.0,1.0,1.0,1.0,0.0,1.0,50.0,25.0,33.3,66.7,1520.4,1459.6
2020-07-15,2020,Valerenga,Haugesund,1,0,H,U,2.4,3.26,2.93,4,1.0,1.0,0.0,1.0,6.0,2.0,4.0,5.0,6.0,-1.0,1.0,-4.0,5.0,0.0,0.0,0.0,0.0,1.0,-1.0,33.3,0.0,33.3,33.3,1498.8,1534.4
2020-07-15,2020,Stromsgodset,Mjondalen,2,1,H,O,2.62,3.46,2.54,4,1.0,1.0,0.0,1.0,4.0,5.0,-1.0,3.0,4.0,-1.0,1.0,1.0,0.0,0.0,1.0,-1.0,0.0,0.0,0.0,33.3,0.0,25.0,25.0,1483.3,1434.7
2020-07-15,2020,Sandefjord,Aalesund,1,0,H,U,2.65,3.46,2.51,4,0.0,0.0,2.0,1.0,2.0,5.0,-3.0,6.0,10.0,-4.0,-4.0,-5.0,1.0,0.0,0.0,0.0,1.0,1.0,0.0,0.0,66.7,0.0,33.3,1389.1,1448.2
2020-07-15,2020,Odd,Brann,1,0,H,U,2.63,3.32,2.61,5,1.0,1.0,1.0,1.0,4.0,3.0,1.0,5.0,7.0,-2.0,-1.0,-4.0,3.0,1.0,0.0,1.0,1.0,1.0,0.0,25.0,50.0,50.0,25.0,1540.6,1554.4
2020-07-15,2020,Molde,Viking,5,0,H,O,1.3,5.71,8.4,4,3.0,0.0,0.0,2.0,7.0,2.0,5.0,2.0,6.0,-4.0,5.0,-4.0,9.0,1.0,0.0,1.0,0.0,1.0,-1.0,100.0,0.0,0.0,66.7,1712.7,1485.3
2020-07-15,2020,Bodo/Glimt,Kristiansund,2,1,H,O,1.24,6.51,9.25,4,3.0,1.0,0.0,0.0,13.0,6.0,7.0,2.0,5.0,-3.0,11.0,1.0,10.0,2.0,0.0,2.0,0.0,0.0,0.0,100.0,0.0,25.0,0.0,1605.8,1535.8
2020-07-12,2020,Viking,Odd,1,2,A,O,2.19,3.55,3.07,4,1.0,,1.0,,5.0,,,5.0,,,0.0,,,1.0,,,1.0,,,33.3,33.3,50.0,50.0,1494.2,1531.7
2020-07-12,2020,Sarpsborg 08,Start,1,0,H,U,1.57,3.89,5.86,4,0.0,,3.0,,2.0,,,5.0,,,-3.0,,,0.0,,,0.0,,,0.0,100.0,0.0,50.0,1451.4,1388.5
2020-07-12,2020,Mjondalen,Valerenga,0,1,A,U,2.79,3.25,2.5,3,,1.0,,1.0,,3.0,,,5.0,,,-2.0,,,0.0,,,1.0,,50.0,50.0,33.3,33.3,1443.4,1490.1
2020-07-12,2020,Kristiansund,Stabaek,1,2,A,O,1.7,3.91,4.51,3,,,,,,,,,,,,,,,,,,,,50.0,0.0,0.0,50.0,1546.9,1509.3
2020-07-12,2020,Brann,Sandefjord,3,1,H,O,1.54,4.01,5.94,3,,1.0,,2.0,,2.0,,,5.0,,,-3.0,,,0.0,,,2.0,,50.0,50.0,33.3,66.7,1548.5,1395.0
2020-07-12,2020,Aalesund,Bodo/Glimt,1,6,A,O,6.42,5.26,1.39,4,0.0,3.0,2.0,0.0,4.0,11.0,-7.0,9.0,4.0,5.0,-5.0,7.0,-12.0,0.0,2.0,-2.0,2.0,0.0,2.0,0.0,66.7,100.0,0.0,1454.2,1599.8
2020-07-11,2020,Rosenborg,Stromsgodset,3,0,H,O,1.34,5.08,8.1,4,0.0,1.0,1.0,1.0,3.0,5.0,-2.0,4.0,6.0,-2.0,-1.0,-1.0,0.0,0.0,0.0,0.0,0.0,1.0,-1.0,0.0,33.3,33.3,33.3,1639.6,1489.2
2020-07-11,2020,Haugesund,Molde,0,3,A,O,3.87,3.75,1.85,4,1.0,2.0,1.0,0.0,4.0,9.0,-5.0,4.0,5.0,-1.0,0.0,4.0,-4.0,0.0,1.0,-1.0,0.0,0.0,0.0,33.3,33.3,66.7,0.0,1540.0,1707.2
2020-07-05,2020,Stromsgodset,Kristiansund,2,2,D,O,2.73,3.58,2.38,3,,1.0,,0.0,,4.0,,,3.0,,,1.0,,,0.0,,,0.0,,50.0,0.0,33.3,0.0,1487.4,1548.7
2020-07-05,2020,Stabaek,Rosenborg,0,3,A,O,3.05,3.36,2.28,4,2.0,,0.0,,4.0,,,0.0,,,4.0,,,2.0,,,0.0,,,66.7,0.0,50.0,50.0,1516.1,1632.9
2020-07-05,2020,Sandefjord,Sarpsborg 08,0,3,A,O,3.44,3.2,2.17,3,,,,,,,,,,,,,,,,,,,,0.0,50.0,0.0,100.0,1403.8,1442.5
2020-07-05,2020,Odd,Haugesund,0,0,D,U,2.46,3.26,2.85,4,1.0,,2.0,,5.0,,,7.0,,,-2.0,,,1.0,,,1.0,,,33.3,66.7,50.0,50.0,1531.5,1540.2
2020-07-05,2020,Molde,Mjondalen,2,1,H,O,1.42,4.72,6.71,3,,1.0,,0.0,,4.0,,,2.0,,,2.0,,,1.0,,,0.0,,100.0,0.0,33.3,0.0,1703.5,1447.1
2020-07-05,2020,Bodo/Glimt,Brann,5,0,H,O,1.5,4.61,5.54,3,,2.0,,0.0,,5.0,,,3.0,,,2.0,,,0.0,,,0.0,,100.0,0.0,66.7,0.0,1590.7,1557.6
2020-07-04,2020,Valerenga,Aalesund,2,2,D,O,1.62,4.09,4.99,3,,,,,,,,,,,,,,,,,,,,50.0,0.0,0.0,50.0,1491.2,1453.1
2020-07-04,2020,Start,Viking,1,1,D,U,2.62,3.55,2.49,4,0.0,,2.0,,4.0,,,10.0,,,-6.0,,,0.0,,,1.0,,,0.0,66.7,0.0,100.0,1385.4,1497.3
2020-07-02,2020,Sarpsborg 08,Brann,0,1,A,U,2.67,3.17,2.68,3,,,,,,,,,,,,,,,,,,,,0.0,100.0,50.0,0.0,1449.6,1550.4
2020-07-02,2020,Kristiansund,Molde,2,2,D,O,3.67,3.95,1.86,2,,,,,,,,,,,,,,,,,,,,100.0,0.0,100.0,0.0,1544.3,1707.9
2020-07-01,2020,Viking,Sandefjord,2,0,H,U,1.64,3.98,4.97,3,,,,,,,,,,,,,,,,,,,,0.0,50.0,50.0,50.0,1489.5,1411.6
2020-07-01,2020,Stabaek,Stromsgodset,2,0,H,U,1.93,3.55,3.78,3,,,,,,,,,,,,,,,,,,,,50.0,0.0,50.0,0.0,1506.4,1497.2
2020-07-01,2020,Rosenborg,Valerenga,1,1,D,U,1.73,3.78,4.55,3,,,,,,,,,,,,,,,,,,,,0.0,50.0,50.0,50.0,1636.9,1487.1
2020-07-01,2020,Odd,Bodo/Glimt,0,4,A,O,3.16,3.64,2.12,3,,,,,,,,,,,,,,,,,,,,50.0,50.0,100.0,0.0,1540.3,1581.9
2020-07-01,2020,Haugesund,Start,1,0,H,U,1.76,3.79,4.29,3,,,,,,,,,,,,,,,,,,,,0.0,50.0,0.0,0.0,1534.1,1391.5
2020-07-01,2020,Aalesund,Mjondalen,1,3,A,O,2.84,3.33,2.43,3,,,,,,,,,,,,,,,,,,,,0.0,50.0,0.0,0.0,1463.9,1436.3
2020-06-28,2020,Stromsgodset,Aalesund,1,1,D,U,1.96,3.66,3.55,2,,,,,,,,,,,,,,,,,,,,100.0,0.0,0.0,100.0,1498.2,1462.9
2020-06-28,2020,Sandefjord,Haugesund,0,1,A,U,3.17,3.29,2.26,2,,,,,,,,,,,,,,,,,,,,0.0,0.0,0.0,100.0,1418.6,1527.1
2020-06-28,2020,Molde,Stabaek,4,1,H,O,1.52,4.34,5.68,2,,,,,,,,,,,,,,,,,,,,100.0,0.0,0.0,0.0,1702.9,1511.3
2020-06-28,2020,Mjondalen,Kristiansund,1,2,A,O,2.61,3.2,2.72,2,,,,,,,,,,,,,,,,,,,,100.0,0.0,0.0,0.0,1443.7,1536.9
2020-06-28,2020,Brann,Rosenborg,1,2,A,O,2.43,3.24,2.92,2,,,,,,,,,,,,,,,,,,,,100.0,0.0,0.0,100.0,1558.4,1629.0
2020-06-28,2020,Bodo/Glimt,Sarpsborg 08,2,1,H,O,1.56,4.15,5.47,2,,,,,,,,,,,,,,,,,,,,100.0,0.0,0.0,100.0,1575.2,1456.3
2020-06-27,2020,Valerenga,Viking,2,1,H,O,2.02,3.65,3.38,2,,,,,,,,,,,,,,,,,,,,0.0,0.0,0.0,100.0,1476.4,1500.2
2020-06-27,2020,Start,Odd,0,5,A,O,2.51,3.49,2.63,3,,,,,,,,,,,,,,,,,,,,0.0,50.0,0.0,100.0,1397.7,1534.0
2020-06-25,2020,Sarpsborg 08,Stromsgodset,2,3,A,O,2.01,3.45,3.63,2,,,,,,,,,,,,,,,,,,,,0.0,100.0,0.0,0.0,1465.7,1488.9
2020-06-25,2020,Rosenborg,Bodo/Glimt,2,3,A,O,2.13,3.59,3.16,2,,,,,,,,,,,,,,,,,,,,0.0,0.0,100.0,0.0,1641.2,1563.0
2020-06-24,2020,Viking,Mjondalen,1,1,D,U,2.14,3.39,3.34,2,,,,,,,,,,,,,,,,,,,,0.0,100.0,0.0,0.0,1501.9,1442.0
2020-06-24,2020,Start,Molde,2,3,A,O,5.71,4.28,1.52,2,,,,,,,,,,,,,,,,,,,,0.0,0.0,100.0,0.0,1400.8,1699.8
2020-06-24,2020,Stabaek,Sandefjord,2,0,H,U,2.0,3.35,3.78,2,,,,,,,,,,,,,,,,,,,,0.0,0.0,100.0,0.0,1503.5,1426.4
2020-06-24,2020,Odd,Valerenga,4,1,H,O,2.44,3.25,2.88,2,,,,,,,,,,,,,,,,,,,,0.0,100.0,100.0,0.0,1525.1,1485.3
2020-06-24,2020,Haugesund,Kristiansund,2,2,D,O,2.35,3.29,2.99,2,,,,,,,,,,,,,,,,,,,,0.0,100.0,0.0,0.0,1526.8,1537.2
2020-06-24,2020,Aalesund,Brann,2,2,D,O,3.12,3.42,2.21,2,,,,,,,,,,,,,,,,,,,,0.0,100.0,100.0,0.0,1460.1,1561.2
2020-06-21,2020,Valerenga,Stabaek,2,2,D,O,2.17,3.19,3.49,1,,,,,,,,,,,,,,,,,,,,,,,,1484.7,1504.1
2020-06-21,2020,Stromsgodset,Odd,1,0,H,U,2.44,3.43,2.75,1,,,,,,,,,,,,,,,,,,,,,,,,1477.2,1536.8
2020-06-21,2020,Sandefjord,Start,2,2,D,O,2.26,3.39,3.06,1,,,,,,,,,,,,,,,,,,,,,,,,1427.2,1400.0
2020-06-21,2020,Kristiansund,Aalesund,7,2,H,O,2.3,3.28,3.12,1,,,,,,,,,,,,,,,,,,,,,,,,1528.9,1468.3
2020-06-21,2020,Brann,Viking,3,0,H,O,1.99,3.59,3.54,1,,,,,,,,,,,,,,,,,,,,,,,,1552.4,1510.7
2020-06-21,2020,Bodo/Glimt,Haugesund,6,1,H,O,1.69,3.95,4.58,1,,,,,,,,,,,,,,,,,,,,,,,,1553.5,1536.3
2020-06-20,2020,Molde,Rosenborg,1,0,H,U,2.19,3.45,3.16,1,,,,,,,,,,,,,,,,,,,,,,,,1691.0,1650.0
2020-06-20,2020,Mjondalen,Sarpsborg 08,1,0,H,U,3.27,3.14,2.28,1,,,,,,,,,,,,,,,,,,,,,,,,1430.7,1477.0
2020-06-17,2020,Start,Stromsgodset,2,2,D,O,2.65,3.5,2.51,1,,,,,,,,,,,,,,,,,,,,,,,,1397.7,1479.5
2020-06-17,2020,Haugesund,Brann,1,2,A,O,2.33,3.25,3.08,1,,,,,,,,,,,,,,,,,,,,,,,,1546.4,1542.3
2020-06-16,2020,Viking,Bodo/Glimt,2,4,A,O,2.19,3.57,3.07,1,,,,,,,,,,,,,,,,,,,,,,,,1520.0,1544.2
2020-06-16,2020,Stabaek,Mjondalen,0,0,D,U,1.94,3.42,3.94,1,,,,,,,,,,,,,,,,,,,,,,,,1506.3,1428.5
2020-06-16,2020,Sarpsborg 08,Valerenga,0,1,A,U,2.39,3.27,2.99,1,,,,,,,,,,,,,,,,,,,,,,,,1487.4,1474.4
2020-06-16,2020,Rosenborg,Kristiansund,0,0,D,U,1.61,3.89,5.39,1,,,,,,,,,,,,,,,,,,,,,,,,1653.5,1525.4
2020-06-16,2020,Odd,Sandefjord,1,2,A,O,1.79,3.69,4.32,1,,,,,,,,,,,,,,,,,,,,,,,,1550.6,1413.5
2020-06-16,2020,Aalesund,Molde,1,4,A,O,3.61,3.67,1.95,1,,,,,,,,,,,,,,,,,,,,,,,,1472.9,1686.5
2019-12-11,2019,Lillestrom,Start,4,3,H,O,2.28,3.3,3.06,16,0.0,,1.0,,1.0,,,3.0,,,-2.0,,,0.0,,,1.0,,,33.3,33.3,,,1435.7,1406.9
2019-12-07,2019,Start,Lillestrom,2,1,H,O,2.11,3.28,3.48,1,,0.0,,2.0,,2.0,,,6.0,,,-4.0,,,0.0,,,1.0,,,,13.3,60.0,1395.4,1447.1
2019-12-01,2019,Tromso,Stabaek,1,1,D,U,1.69,3.97,4.54,15,2.0,3.0,0.0,0.0,9.0,7.0,2.0,2.0,1.0,1.0,7.0,6.0,1.0,2.0,3.0,-1.0,0.0,0.0,0.0,35.7,35.7,35.7,50.0,1438.5,1508.3
2019-12-01,2019,Rosenborg,Ranheim,3,2,H,O,1.36,5.64,6.62,15,2.0,0.0,0.0,2.0,6.0,4.0,2.0,3.0,8.0,-5.0,3.0,-4.0,7.0,1.0,0.0,1.0,0.0,2.0,-2.0,71.4,7.1,21.4,50.0,1648.9,1437.6
2019-12-01,2019,Molde,Bodo/Glimt,4,2,H,O,1.86,3.96,3.69,15,3.0,0.0,0.0,1.0,9.0,3.0,6.0,1.0,4.0,-3.0,8.0,-1.0,9.0,3.0,0.0,3.0,0.0,0.0,0.0,85.7,0.0,35.7,28.6,1680.1,1550.6
2019-12-01,2019,Mjondalen,Valerenga,1,0,H,U,1.79,3.88,4.08,15,1.0,0.0,0.0,0.0,4.0,1.0,3.0,2.0,1.0,1.0,2.0,0.0,2.0,1.0,0.0,1.0,0.0,0.0,0.0,28.6,28.6,14.3,42.9,1416.5,1486.4
2019-12-01,2019,Lillestrom,Sarpsborg 08,0,0,D,U,2.51,3.02,2.99,15,0.0,1.0,1.0,1.0,1.0,2.0,-1.0,3.0,4.0,-1.0,-2.0,-2.0,0.0,0.0,1.0,-1.0,1.0,1.0,0.0,35.7,35.7,7.1,57.1,1445.9,1488.6
2019-12-01,2019,Kristiansund,Stromsgodset,1,2,A,O,2.75,3.55,2.39,15,2.0,0.0,0.0,1.0,10.0,3.0,7.0,4.0,7.0,-3.0,6.0,-4.0,10.0,2.0,0.0,2.0,0.0,1.0,-1.0,57.1,14.3,7.1,57.1,1537.4,1467.5
2019-12-01,2019,Haugesund,Odd,4,1,H,O,2.73,3.2,2.6,15,2.0,0.0,0.0,2.0,5.0,1.0,4.0,3.0,5.0,-2.0,2.0,-4.0,6.0,0.0,0.0,0.0,0.0,1.0,-1.0,28.6,28.6,21.4,50.0,1535.7,1561.3
2019-12-01,2019,Brann,Viking,1,5,A,O,1.73,3.96,4.35,15,1.0,0.0,0.0,2.0,2.0,2.0,0.0,1.0,5.0,-4.0,1.0,-3.0,4.0,0.0,0.0,0.0,0.0,1.0,-1.0,35.7,21.4,21.4,50.0,1553.6,1508.8
2019-11-24,2019,Viking,Rosenborg,2,2,D,O,3.39,3.75,2.0,15,3.0,0.0,0.0,1.0,9.0,6.0,3.0,2.0,7.0,-5.0,7.0,-1.0,8.0,2.0,0.0,2.0,0.0,0.0,0.0,64.3,14.3,21.4,35.7,1504.7,1653.0
2019-11-24,2019,Valerenga,Molde,2,4,A,O,2.45,3.5,2.72,15,1.0,1.0,1.0,1.0,2.0,3.0,-1.0,3.0,4.0,-1.0,-1.0,-1.0,0.0,0.0,0.0,0.0,1.0,1.0,0.0,42.9,28.6,50.0,28.6,1491.5,1674.9
2019-11-24,2019,Stromsgodset,Brann,6,0,H,O,1.75,3.86,4.29,15,0.0,0.0,1.0,1.0,6.0,1.0,5.0,7.0,2.0,5.0,-1.0,-1.0,0.0,0.0,0.0,0.0,0.0,0.0,0.0,35.7,42.9,35.7,35.7,1454.3,1566.7
2019-11-24,2019,Stabaek,Mjondalen,4,2,H,O,2.27,3.44,3.03,15,0.0,0.0,1.0,2.0,1.0,3.0,-2.0,2.0,7.0,-5.0,-1.0,-4.0,3.0,0.0,0.0,0.0,0.0,1.0,-1.0,28.6,21.4,7.1,50.0,1500.4,1424.3
2019-11-24,2019,Sarpsborg 08,Haugesund,1,1,D,U,1.7,3.72,4.89,15,1.0,0.0,0.0,1.0,4.0,5.0,-1.0,3.0,7.0,-4.0,1.0,-2.0,3.0,0.0,0.0,0.0,0.0,1.0,-1.0,28.6,14.3,28.6,28.6,1487.2,1537.1
2019-11-24,2019,Ranheim,Lillestrom,2,1,H,O,2.24,3.36,3.14,15,1.0,0.0,2.0,2.0,4.0,2.0,2.0,5.0,6.0,-1.0,-1.0,-4.0,3.0,1.0,0.0,1.0,2.0,1.0,1.0,21.4,64.3,14.3,57.1,1426.8,1456.8
2019-11-24,2019,Odd,Tromso,2,1,H,O,1.45,4.58,6.45,15,2.0,0.0,0.0,3.0,7.0,3.0,4.0,3.0,9.0,-6.0,4.0,-6.0,10.0,1.0,0.0,1.0,0.0,1.0,-1.0,78.6,0.0,21.4,71.4,1554.4,1445.5
2019-11-24,2019,Bodo/Glimt,Kristiansund,3,0,H,O,1.4,4.9,7.01,15,1.0,0.0,0.0,2.0,6.0,1.0,5.0,2.0,8.0,-6.0,4.0,-7.0,11.0,1.0,0.0,1.0,0.0,2.0,-2.0,64.3,7.1,21.4,50.0,1540.4,1547.6
2019-11-10,2019,Tromso,Valerenga,0,0,D,U,2.24,3.63,2.95,14,2.0,0.0,1.0,1.0,9.0,1.0,8.0,3.0,2.0,1.0,6.0,-1.0,7.0,2.0,0.0,2.0,0.0,0.0,0.0,38.5,38.5,15.4,46.2,1444.1,1492.9
2019-11-10,2019,Rosenborg,Bodo/Glimt,3,2,H,O,1.56,4.45,5.08,14,2.0,0.0,0.0,0.0,6.0,2.0,4.0,2.0,2.0,0.0,4.0,0.0,4.0,2.0,0.0,2.0,0.0,0.0,0.0,69.2,7.7,38.5,23.1,1645.7,1547.7
2019-11-10,2019,Molde,Stromsgodset,4,0,H,O,1.58,4.22,5.28,14,3.0,1.0,0.0,0.0,7.0,4.0,3.0,2.0,3.0,-1.0,5.0,1.0,4.0,2.0,0.0,2.0,0.0,0.0,0.0,84.6,0.0,7.7,53.8,1670.3,1458.9
2019-11-10,2019,Mjondalen,Ranheim,3,1,H,O,1.86,3.62,4.05,14,0.0,0.0,1.0,2.0,2.0,3.0,-1.0,3.0,6.0,-3.0,-1.0,-3.0,2.0,0.0,0.0,0.0,0.0,1.0,-1.0,23.1,30.8,23.1,46.2,1413.6,1437.5
2019-11-10,2019,Lillestrom,Stabaek,1,3,A,O,2.44,3.17,2.99,14,0.0,2.0,0.0,0.0,1.0,4.0,-3.0,1.0,0.0,1.0,0.0,4.0,-4.0,0.0,2.0,-2.0,0.0,0.0,0.0,38.5,30.8,30.8,53.8,1466.0,1491.1
2019-11-10,2019,Kristiansund,Sarpsborg 08,4,0,H,O,2.71,3.39,2.52,14,1.0,1.0,0.0,1.0,8.0,2.0,6.0,6.0,3.0,3.0,2.0,-1.0,3.0,1.0,1.0,0.0,0.0,1.0,-1.0,53.8,15.4,7.7,53.8,1538.8,1495.9
2019-11-09,2019,Haugesund,Viking,1,0,H,U,2.09,3.62,3.27,14,1.0,1.0,0.0,1.0,4.0,6.0,-2.0,3.0,4.0,-1.0,1.0,2.0,-1.0,0.0,1.0,-1.0,0.0,1.0,-1.0,23.1,30.8,23.1,46.2,1527.5,1514.4
2019-11-08,2019,Brann,Odd,1,0,H,U,2.58,3.24,2.75,14,0.0,1.0,0.0,1.0,1.0,4.0,-3.0,1.0,6.0,-5.0,0.0,-2.0,2.0,0.0,0.0,0.0,0.0,1.0,-1.0,30.8,23.1,23.1,46.2,1556.5,1564.6
2019-11-04,2019,Odd,Mjondalen,3,2,H,O,1.67,3.71,5.22,14,2.0,0.0,0.0,1.0,7.0,1.0,6.0,2.0,4.0,-2.0,5.0,-3.0,8.0,2.0,0.0,2.0,0.0,1.0,-1.0,76.9,0.0,7.7,46.2,1558.4,1419.8
2019-11-03,2019,Viking,Lillestrom,3,0,H,O,1.67,4.09,4.57,14,3.0,0.0,0.0,2.0,8.0,3.0,5.0,2.0,6.0,-4.0,6.0,-3.0,9.0,2.0,0.0,2.0,0.0,1.0,-1.0,61.5,15.4,15.4,53.8,1505.2,1475.2
2019-11-03,2019,Valerenga,Brann,1,0,H,U,1.99,3.41,3.72,14,0.0,0.0,2.0,1.0,1.0,1.0,0.0,7.0,2.0,5.0,-6.0,-1.0,-5.0,0.0,0.0,0.0,2.0,0.0,2.0,38.5,30.8,38.5,30.8,1480.4,1569.0
2019-11-03,2019,Sarpsborg 08,Tromso,3,2,H,O,1.53,4.21,5.9,14,1.0,0.0,0.0,3.0,2.0,1.0,1.0,1.0,9.0,-8.0,1.0,-8.0,9.0,0.0,0.0,0.0,0.0,2.0,-2.0,23.1,15.4,23.1,69.2,1486.9,1453.1
2019-11-03,2019,Ranheim,Stabaek,0,2,A,U,2.41,3.41,2.82,14,1.0,1.0,1.0,0.0,5.0,5.0,0.0,4.0,3.0,1.0,1.0,2.0,-1.0,1.0,1.0,0.0,1.0,0.0,1.0,23.1,61.5,25.0,58.3,1446.4,1482.2
2019-11-03,2019,Bodo/Glimt,Haugesund,2,2,D,O,1.36,4.97,7.72,14,1.0,0.0,0.0,1.0,7.0,3.0,4.0,3.0,5.0,-2.0,4.0,-2.0,6.0,1.0,0.0,1.0,0.0,1.0,-1.0,69.2,7.7,30.8,30.8,1548.3,1526.9
2019-11-02,2019,Molde,Kristiansund,2,0,H,U,1.41,4.86,6.87,13,3.0,1.0,0.0,1.0,8.0,3.0,5.0,2.0,7.0,-5.0,6.0,-4.0,10.0,2.0,0.0,2.0,0.0,1.0,-1.0,83.3,0.0,23.1,46.2,1663.6,1545.5
2019-11-01,2019,Stromsgodset,Rosenborg,3,3,D,O,3.38,3.51,2.08,14,1.0,1.0,1.0,1.0,4.0,5.0,-1.0,4.0,5.0,-1.0,0.0,0.0,0.0,0.0,0.0,0.0,0.0,0.0,0.0,38.5,46.2,23.1,38.5,1453.8,1650.9
2019-10-28,2019,Brann,Bodo/Glimt,1,1,D,U,2.59,3.43,2.6,13,0.0,0.0,1.0,1.0,2.0,2.0,0.0,3.0,4.0,-1.0,-1.0,-2.0,1.0,0.0,0.0,0.0,0.0,1.0,-1.0,33.3,25.0,41.7,25.0,1569.6,1547.7
2019-10-27,2019,Tromso,Ranheim,4,2,H,O,2.27,3.49,2.98,13,1.0,0.0,1.0,1.0,7.0,3.0,4.0,3.0,4.0,-1.0,4.0,-1.0,5.0,1.0,0.0,1.0,0.0,0.0,0.0,33.3,41.7,25.0,41.7,1442.7,1456.8
2019-10-27,2019,Stabaek,Odd,0,0,D,U,2.66,3.32,2.59,14,1.0,1.0,1.0,2.0,3.0,4.0,-1.0,3.0,8.0,-5.0,0.0,-4.0,4.0,0.0,0.0,0.0,0.0,2.0,-2.0,30.8,23.1,25.0,50.0,1479.9,1560.7
2019-10-27,2019,Rosenborg,Molde,3,1,H,O,1.83,3.73,4.04,13,2.0,2.0,0.0,0.0,6.0,5.0,1.0,3.0,2.0,1.0,3.0,3.0,0.0,1.0,1.0,0.0,0.0,0.0,0.0,66.7,8.3,53.8,23.1,1639.9,1674.6
2019-10-27,2019,Mjondalen,Sarpsborg 08,0,0,D,U,2.89,3.32,2.41,13,0.0,1.0,2.0,2.0,3.0,3.0,0.0,6.0,5.0,1.0,-3.0,-2.0,-1.0,0.0,1.0,-1.0,1.0,1.0,0.0,25.0,33.3,8.3,58.3,1417.8,1488.9
2019-10-27,2019,Kristiansund,Viking,4,2,H,O,1.79,3.85,4.13,13,1.0,1.0,0.0,0.0,5.0,6.0,-1.0,4.0,2.0,2.0,1.0,4.0,-3.0,0.0,1.0,-1.0,0.0,0.0,0.0,50.0,16.7,25.0,41.7,1536.2,1514.6
2019-10-27,2019,Haugesund,Stromsgodset,2,2,D,O,2.22,3.34,3.19,13,1.0,1.0,1.0,1.0,2.0,3.0,-1.0,3.0,3.0,0.0,-1.0,0.0,-1.0,0.0,0.0,0.0,1.0,0.0,1.0,25.0,33.3,8.3,58.3,1529.1,1451.6
2019-10-26,2019,Lillestrom,Valerenga,0,0,D,U,2.9,3.31,2.41,13,0.0,0.0,1.0,2.0,2.0,1.0,1.0,4.0,6.0,-2.0,-2.0,-5.0,3.0,0.0,0.0,0.0,1.0,1.0,0.0,41.7,33.3,16.7,50.0,1475.0,1480.6
2019-10-21,2019,Bodo/Glimt,Mjondalen,0,0,D,U,1.34,5.37,7.65,13,2.0,0.0,0.0,2.0,11.0,1.0,10.0,3.0,8.0,-5.0,8.0,-7.0,15.0,2.0,0.0,2.0,0.0,2.0,-2.0,75.0,8.3,8.3,50.0,1551.4,1414.1
2019-10-20,2019,Viking,Tromso,2,1,H,O,1.51,4.42,5.75,13,2.0,1.0,0.0,2.0,8.0,3.0,5.0,3.0,9.0,-6.0,5.0,-6.0,11.0,2.0,0.0,2.0,0.0,2.0,-2.0,58.3,16.7,25.0,66.7,1506.2,1451.1
2019-10-20,2019,Stromsgodset,Lillestrom,1,1,D,U,1.96,3.56,3.72,13,2.0,1.0,1.0,2.0,5.0,4.0,1.0,4.0,5.0,-1.0,1.0,-1.0,2.0,0.0,1.0,-1.0,0.0,1.0,-1.0,41.7,50.0,16.7,58.3,1450.9,1475.7
2019-10-20,2019,Sarpsborg 08,Brann,1,1,D,U,2.17,3.29,3.38,13,1.0,1.0,0.0,1.0,3.0,3.0,0.0,2.0,2.0,0.0,1.0,1.0,0.0,0.0,1.0,-1.0,0.0,0.0,0.0,25.0,16.7,41.7,33.3,1486.5,1572.0
2019-10-20,2019,Ranheim,Odd,4,1,H,O,3.17,3.47,2.19,13,0.0,1.0,2.0,1.0,2.0,5.0,-3.0,5.0,6.0,-1.0,-3.0,-1.0,-2.0,0.0,0.0,0.0,1.0,1.0,0.0,16.7,66.7,27.3,45.5,1443.2,1574.3
2019-10-20,2019,Molde,Haugesund,3,1,H,O,1.51,4.27,5.94,12,2.0,0.0,0.0,0.0,7.0,4.0,3.0,3.0,4.0,-1.0,4.0,0.0,4.0,1.0,0.0,1.0,0.0,0.0,0.0,81.8,0.0,33.3,25.0,1668.2,1535.4
2019-10-19,2019,Valerenga,Stabaek,0,2,A,U,1.81,3.7,4.21,13,0.0,0.0,1.0,1.0,2.0,5.0,-3.0,6.0,6.0,0.0,-4.0,-1.0,-3.0,0.0,0.0,0.0,1.0,0.0,1.0,41.7,25.0,18.2,63.6,1491.2,1469.3
2019-10-19,2019,Kristiansund,Rosenborg,2,2,D,O,3.83,3.59,1.91,12,2.0,1.0,0.0,1.0,7.0,4.0,3.0,2.0,4.0,-2.0,5.0,0.0,5.0,1.0,0.0,1.0,0.0,0.0,0.0,54.5,18.2,25.0,41.7,1533.1,1642.9
2019-10-06,2019,Tromso,Kristiansund,5,0,H,O,2.48,3.4,2.74,12,0.0,1.0,1.0,1.0,3.0,3.0,0.0,4.0,4.0,0.0,-1.0,-1.0,0.0,0.0,0.0,0.0,0.0,1.0,-1.0,27.3,45.5,25.0,41.7,1438.1,1546.1
2019-10-06,2019,Stabaek,Viking,0,0,D,U,2.39,3.64,2.72,13,2.0,1.0,1.0,1.0,5.0,7.0,-2.0,3.0,4.0,-1.0,2.0,3.0,-1.0,1.0,1.0,0.0,0.0,0.0,0.0,33.3,25.0,27.3,45.5,1468.1,1507.3
2019-10-06,2019,Ranheim,Sarpsborg 08,0,2,A,U,2.64,3.3,2.63,12,0.0,0.0,2.0,3.0,4.0,2.0,2.0,6.0,7.0,-1.0,-2.0,-5.0,3.0,0.0,0.0,0.0,0.0,1.0,-1.0,18.2,63.6,0.0,63.6,1452.5,1477.2
2019-10-06,2019,Lillestrom,Bodo/Glimt,0,0,D,U,3.01,3.62,2.21,12,1.0,0.0,1.0,1.0,5.0,3.0,2.0,6.0,5.0,1.0,-1.0,-2.0,1.0,0.0,0.0,0.0,1.0,1.0,0.0,45.5,36.4,45.5,27.3,1473.5,1553.7
2019-10-06,2019,Haugesund,Rosenborg,2,1,H,O,3.16,3.35,2.24,12,0.0,1.0,2.0,0.0,0.0,4.0,-4.0,3.0,3.0,0.0,-3.0,1.0,-4.0,0.0,0.0,0.0,1.0,0.0,1.0,18.2,36.4,27.3,36.4,1521.7,1656.6
2019-10-06,2019,Brann,Molde,0,0,D,U,2.78,3.43,2.44,12,1.0,3.0,1.0,0.0,4.0,8.0,-4.0,4.0,4.0,0.0,0.0,4.0,-4.0,0.0,1.0,-1.0,0.0,0.0,0.0,36.4,27.3,58.3,25.0,1569.2,1671.1
2019-10-05,2019,Odd,Valerenga,1,1,D,U,1.78,3.75,4.31,13,2.0,0.0,0.0,2.0,7.0,1.0,6.0,2.0,6.0,-4.0,5.0,-5.0,10.0,2.0,0.0,2.0,0.0,1.0,-1.0,83.3,0.0,18.2,54.5,1576.7,1488.7
2019-10-04,2019,Mjondalen,Stromsgodset,1,1,D,U,2.35,3.37,2.94,12,1.0,1.0,2.0,2.0,4.0,2.0,2.0,6.0,6.0,0.0,-2.0,-4.0,2.0,0.0,0.0,0.0,1.0,1.0,0.0,27.3,36.4,9.1,63.6,1412.9,1452.0
2019-09-30,2019,Viking,Mjondalen,4,1,H,O,1.95,3.74,3.53,12,2.0,0.0,0.0,2.0,8.0,2.0,6.0,2.0,7.0,-5.0,6.0,-5.0,11.0,2.0,0.0,2.0,0.0,1.0,-1.0,54.5,18.2,9.1,45.5,1499.5,1420.7
2019-09-29,2019,Valerenga,Ranheim,1,1,D,U,1.69,3.96,4.62,12,0.0,1.0,2.0,1.0,2.0,3.0,-1.0,7.0,3.0,4.0,-5.0,0.0,-5.0,0.0,0.0,0.0,1.0,0.0,1.0,45.5,27.3,27.3,45.5,1489.8,1451.4
2019-09-29,2019,Stromsgodset,Odd,2,3,A,O,2.9,3.44,2.35,12,3.0,0.0,0.0,1.0,6.0,3.0,3.0,3.0,5.0,-2.0,3.0,-2.0,5.0,0.0,0.0,0.0,0.0,1.0,-1.0,45.5,45.5,20.0,50.0,1458.9,1569.8
2019-09-29,2019,Sarpsborg 08,Stabaek,0,0,D,U,1.93,3.55,3.83,12,1.0,0.0,0.0,2.0,4.0,6.0,-2.0,3.0,8.0,-5.0,1.0,-2.0,3.0,0.0,0.0,0.0,0.0,0.0,0.0,27.3,18.2,20.0,70.0,1477.5,1467.9
2019-09-29,2019,Molde,Lillestrom,2,1,H,O,1.48,4.48,6.18,11,2.0,1.0,0.0,1.0,7.0,4.0,3.0,3.0,4.0,-1.0,4.0,0.0,4.0,1.0,1.0,0.0,0.0,1.0,-1.0,80.0,0.0,18.2,54.5,1666.0,1478.5
2019-09-29,2019,Kristiansund,Haugesund,2,2,D,O,2.17,3.34,3.3,11,2.0,1.0,1.0,0.0,6.0,4.0,2.0,2.0,3.0,-1.0,4.0,1.0,3.0,1.0,0.0,1.0,0.0,0.0,0.0,60.0,20.0,36.4,27.3,1546.9,1521.0
2019-09-29,2019,Bodo/Glimt,Tromso,4,0,H,O,1.42,4.74,6.69,12,2.0,1.0,0.0,2.0,9.0,5.0,4.0,4.0,10.0,-6.0,5.0,-5.0,10.0,1.0,0.0,1.0,0.0,2.0,-2.0,72.7,9.1,27.3,63.6,1546.5,1445.3
2019-09-28,2019,Rosenborg,Brann,0,0,D,U,1.49,4.2,6.63,12,3.0,1.0,0.0,2.0,11.0,4.0,7.0,5.0,4.0,1.0,6.0,0.0,6.0,2.0,1.0,1.0,0.0,0.0,0.0,72.7,9.1,45.5,36.4,1659.2,1566.6
2019-09-23,2019,Stabaek,Molde,1,2,A,O,3.24,3.7,2.07,12,2.0,3.0,0.0,0.0,5.0,8.0,-3.0,2.0,3.0,-1.0,3.0,5.0,-2.0,1.0,2.0,-1.0,0.0,0.0,0.0,36.4,18.2,54.5,27.3,1472.9,1661.0
2019-09-22,2019,Valerenga,Viking,0,4,A,O,1.74,4.05,4.2,11,0.0,0.0,1.0,2.0,3.0,4.0,-1.0,4.0,9.0,-5.0,-1.0,-5.0,4.0,0.0,0.0,0.0,0.0,1.0,-1.0,50.0,20.0,20.0,50.0,1500.1,1489.2
2019-09-22,2019,Tromso,Stromsgodset,0,1,A,U,2.13,3.49,3.26,11,0.0,0.0,0.0,3.0,5.0,2.0,3.0,5.0,8.0,-3.0,0.0,-6.0,6.0,0.0,0.0,0.0,0.0,1.0,-1.0,30.0,40.0,0.0,70.0,1455.5,1448.7
2019-09-22,2019,Ranheim,Bodo/Glimt,1,1,D,U,3.13,3.7,2.12,11,0.0,1.0,3.0,1.0,3.0,4.0,-1.0,8.0,5.0,3.0,-5.0,-1.0,-4.0,0.0,0.0,0.0,1.0,1.0,0.0,20.0,70.0,50.0,30.0,1448.6,1549.4
2019-09-22,2019,Odd,Sarpsborg 08,3,0,H,O,2.06,3.4,3.52,12,2.0,0.0,0.0,3.0,6.0,3.0,3.0,3.0,6.0,-3.0,3.0,-3.0,6.0,1.0,0.0,1.0,0.0,0.0,0.0,81.8,0.0,0.0,60.0,1562.0,1485.3
2019-09-22,2019,Mjondalen,Rosenborg,1,2,A,O,4.08,3.69,1.83,11,2.0,0.0,1.0,0.0,5.0,3.0,2.0,4.0,3.0,1.0,1.0,0.0,1.0,1.0,0.0,1.0,1.0,0.0,1.0,30.0,30.0,20.0,40.0,1424.9,1655.0
2019-09-22,2019,Lillestrom,Kristiansund,1,1,D,U,2.14,3.44,3.3,11,2.0,1.0,1.0,1.0,6.0,3.0,3.0,6.0,4.0,2.0,0.0,-1.0,1.0,0.0,0.0,0.0,1.0,1.0,0.0,50.0,40.0,27.3,45.5,1476.5,1548.9
2019-09-21,2019,Brann,Haugesund,0,0,D,U,2.06,3.32,3.64,11,1.0,1.0,1.0,0.0,4.0,5.0,-1.0,4.0,4.0,0.0,0.0,1.0,-1.0,0.0,0.0,0.0,0.0,0.0,0.0,40.0,30.0,40.0,30.0,1568.0,1519.6
2019-09-16,2019,Sarpsborg 08,Valerenga,1,0,H,U,2.25,3.54,2.99,11,0.0,0.0,0.0,2.0,4.0,3.0,1.0,4.0,8.0,-4.0,0.0,-5.0,5.0,0.0,0.0,0.0,0.0,1.0,-1.0,20.0,20.0,20.0,50.0,1474.3,1511.2
2019-09-15,2019,Viking,Odd,2,0,H,U,2.6,3.46,2.58,11,2.0,0.0,0.0,1.0,8.0,3.0,5.0,3.0,5.0,-2.0,5.0,-2.0,7.0,1.0,0.0,1.0,0.0,1.0,-1.0,50.0,20.0,22.2,44.4,1476.5,1574.8
2019-09-15,2019,Stromsgodset,Ranheim,1,0,H,U,1.97,3.51,3.71,11,2.0,1.0,1.0,1.0,6.0,4.0,2.0,6.0,7.0,-1.0,0.0,-3.0,3.0,0.0,0.0,0.0,1.0,1.0,0.0,40.0,50.0,30.0,40.0,1438.1,1459.2
2019-09-15,2019,Molde,Tromso,3,0,H,O,1.23,6.49,10.52,10,1.0,1.0,0.0,2.0,5.0,6.0,-1.0,4.0,12.0,-8.0,1.0,-6.0,7.0,0.0,0.0,0.0,0.0,2.0,-2.0,77.8,0.0,30.0,60.0,1656.1,1460.4
2019-09-15,2019,Kristiansund,Brann,1,0,H,U,2.86,3.22,2.49,10,1.0,2.0,1.0,1.0,6.0,7.0,-1.0,3.0,3.0,0.0,3.0,4.0,-1.0,1.0,2.0,-1.0,0.0,0.0,0.0,55.6,22.2,50.0,30.0,1537.7,1579.1
2019-09-15,2019,Haugesund,Mjondalen,0,0,D,U,1.78,3.63,4.44,11,1.0,0.0,2.0,2.0,5.0,4.0,1.0,4.0,9.0,-5.0,1.0,-5.0,6.0,1.0,0.0,1.0,1.0,1.0,0.0,20.0,40.0,10.0,50.0,1522.4,1422.1
2019-09-15,2019,Bodo/Glimt,Stabaek,3,3,D,O,1.52,4.4,5.66,11,3.0,0.0,0.0,3.0,11.0,4.0,7.0,2.0,7.0,-5.0,9.0,-3.0,12.0,2.0,0.0,2.0,0.0,0.0,0.0,80.0,10.0,22.2,77.8,1551.6,1470.6
2019-09-14,2019,Rosenborg,Lillestrom,3,1,H,O,1.38,4.79,7.64,11,3.0,1.0,0.0,1.0,13.0,4.0,9.0,5.0,3.0,2.0,8.0,1.0,7.0,2.0,1.0,1.0,0.0,0.0,0.0,70.0,10.0,20.0,50.0,1649.5,1482.0
2019-09-01,2019,Valerenga,Rosenborg,1,1,D,U,3.45,3.63,2.01,10,1.0,1.0,1.0,0.0,8.0,5.0,3.0,3.0,4.0,-1.0,5.0,1.0,4.0,1.0,0.0,1.0,0.0,0.0,0.0,55.6,22.2,22.2,44.4,1507.2,1653.5
2019-09-01,2019,Tromso,Haugesund,2,2,D,O,2.59,3.33,2.66,10,1.0,1.0,0.0,0.0,5.0,3.0,2.0,3.0,2.0,1.0,2.0,1.0,1.0,1.0,0.0,1.0,0.0,0.0,0.0,33.3,44.4,44.4,33.3,1458.5,1524.3
2019-09-01,2019,Sarpsborg 08,Viking,2,2,D,O,1.75,3.85,4.4,10,0.0,0.0,0.0,2.0,4.0,3.0,1.0,4.0,8.0,-4.0,0.0,-5.0,5.0,0.0,0.0,0.0,0.0,1.0,-1.0,22.2,22.2,22.2,55.6,1474.2,1476.5
2019-09-01,2019,Ranheim,Kristiansund,1,2,A,O,2.29,3.38,3.04,10,0.0,0.0,3.0,2.0,4.0,1.0,3.0,9.0,4.0,5.0,-5.0,-3.0,-2.0,0.0,0.0,0.0,1.0,1.0,0.0,22.2,66.7,20.0,50.0,1467.5,1529.5
2019-09-01,2019,Mjondalen,Molde,1,3,A,O,3.16,3.52,2.17,10,2.0,2.0,0.0,0.0,5.0,7.0,-2.0,2.0,4.0,-2.0,3.0,3.0,0.0,1.0,1.0,0.0,0.0,0.0,0.0,33.3,22.2,50.0,30.0,1426.4,1651.8
2019-09-01,2019,Lillestrom,Brann,1,3,A,O,2.81,3.27,2.51,10,3.0,1.0,0.0,1.0,9.0,5.0,4.0,3.0,3.0,0.0,6.0,2.0,4.0,1.0,1.0,0.0,0.0,0.0,0.0,55.6,33.3,44.4,33.3,1489.7,1571.5
2019-08-31,2019,Stabaek,Stromsgodset,2,1,H,O,1.93,3.56,3.84,11,1.0,0.0,0.0,2.0,4.0,3.0,1.0,2.0,8.0,-6.0,2.0,-5.0,7.0,1.0,0.0,1.0,0.0,1.0,-1.0,30.0,20.0,0.0,66.7,1461.0,1447.7
2019-08-30,2019,Odd,Bodo/Glimt,3,1,H,O,2.18,3.5,3.16,11,2.0,2.0,0.0,0.0,5.0,6.0,-1.0,3.0,3.0,0.0,2.0,3.0,-1.0,0.0,1.0,-1.0,0.0,0.0,0.0,80.0,0.0,55.6,22.2,1564.9,1561.6
2019-08-26,2019,Bodo/Glimt,Valerenga,4,0,H,O,1.75,3.93,4.26,10,3.0,1.0,0.0,1.0,10.0,7.0,3.0,2.0,5.0,-3.0,8.0,2.0,6.0,2.0,1.0,1.0,0.0,0.0,0.0,77.8,11.1,22.2,44.4,1552.6,1516.2
2019-08-25,2019,Viking,Ranheim,2,2,D,O,1.78,3.91,4.15,10,2.0,1.0,1.0,1.0,6.0,2.0,4.0,3.0,5.0,-2.0,3.0,-3.0,6.0,1.0,0.0,1.0,1.0,1.0,0.0,55.6,22.2,33.3,44.4,1476.8,1467.2
2019-08-25,2019,Stromsgodset,Sarpsborg 08,2,1,H,O,2.8,3.25,2.53,10,1.0,0.0,2.0,2.0,4.0,5.0,-1.0,7.0,7.0,0.0,-3.0,-2.0,-1.0,0.0,0.0,0.0,2.0,0.0,2.0,33.3,55.6,0.0,55.6,1436.3,1485.6
2019-08-25,2019,Molde,Odd,2,2,D,O,1.81,3.72,4.19,9,2.0,0.0,0.0,2.0,5.0,1.0,4.0,2.0,6.0,-4.0,3.0,-5.0,8.0,1.0,0.0,1.0,0.0,2.0,-2.0,87.5,0.0,25.0,50.0,1654.4,1562.3
2019-08-25,2019,Kristiansund,Mjondalen,4,0,H,O,2.08,3.43,3.49,9,1.0,0.0,1.0,1.0,7.0,4.0,3.0,5.0,5.0,0.0,2.0,-1.0,3.0,1.0,0.0,1.0,0.0,0.0,0.0,50.0,25.0,11.1,44.4,1522.0,1433.9
2019-08-25,2019,Haugesund,Lillestrom,0,2,A,U,1.75,3.68,4.62,10,1.0,0.0,2.0,2.0,6.0,4.0,2.0,6.0,8.0,-2.0,0.0,-4.0,4.0,1.0,0.0,1.0,1.0,1.0,0.0,22.2,33.3,11.1,55.6,1536.0,1478.0
2019-08-25,2019,Brann,Tromso,2,3,A,O,1.37,4.92,7.78,10,2.0,0.0,0.0,3.0,3.0,3.0,0.0,1.0,14.0,-13.0,2.0,-11.0,13.0,0.0,0.0,0.0,0.0,3.0,-3.0,44.4,22.2,22.2,66.7,1585.3,1444.7
2019-08-24,2019,Rosenborg,Stabaek,3,2,H,O,1.37,4.74,8.49,10,3.0,1.0,0.0,2.0,11.0,4.0,7.0,3.0,4.0,-1.0,8.0,0.0,8.0,2.0,1.0,1.0,0.0,0.0,0.0,66.7,11.1,25.0,75.0,1648.3,1466.2
2019-08-19,2019,Sarpsborg 08,Bodo/Glimt,1,1,D,U,2.24,3.53,3.0,9,1.0,2.0,0.0,1.0,5.0,5.0,0.0,3.0,8.0,-5.0,2.0,-3.0,5.0,1.0,1.0,0.0,0.0,1.0,-1.0,25.0,25.0,62.5,25.0,1483.6,1554.6
2019-08-18,2019,Viking,Stromsgodset,4,0,H,O,1.95,3.77,3.55,9,1.0,0.0,1.0,2.0,2.0,3.0,-1.0,3.0,6.0,-3.0,-1.0,-3.0,2.0,0.0,0.0,0.0,1.0,1.0,0.0,50.0,25.0,0.0,62.5,1467.4,1445.7
2019-08-18,2019,Valerenga,Haugesund,1,2,A,O,1.75,3.79,4.43,9,1.0,0.0,0.0,1.0,8.0,2.0,6.0,2.0,4.0,-2.0,6.0,-2.0,8.0,1.0,0.0,1.0,0.0,1.0,-1.0,62.5,12.5,37.5,37.5,1526.2,1525.9
2019-08-18,2019,Tromso,Lillestrom,1,1,D,U,2.34,3.35,2.98,9,2.0,0.0,0.0,3.0,5.0,3.0,2.0,2.0,8.0,-6.0,3.0,-5.0,8.0,1.0,0.0,1.0,0.0,1.0,-1.0,37.5,50.0,12.5,62.5,1443.7,1479.1
2019-08-18,2019,Stabaek,Kristiansund,2,0,H,U,2.19,3.4,3.23,10,0.0,0.0,0.0,1.0,5.0,2.0,3.0,5.0,3.0,2.0,0.0,-1.0,1.0,0.0,0.0,0.0,0.0,0.0,0.0,22.2,22.2,22.2,44.4,1453.9,1534.2
2019-08-18,2019,Ranheim,Molde,2,3,A,O,3.87,3.82,1.85,9,0.0,2.0,2.0,0.0,3.0,8.0,-5.0,7.0,2.0,5.0,-4.0,6.0,-10.0,0.0,2.0,-2.0,1.0,0.0,1.0,25.0,62.5,44.4,33.3,1472.5,1649.0
2019-08-18,2019,Mjondalen,Brann,2,1,H,O,3.75,3.54,1.95,9,1.0,1.0,0.0,0.0,4.0,5.0,-1.0,2.0,2.0,0.0,2.0,3.0,-1.0,1.0,1.0,0.0,0.0,0.0,0.0,25.0,25.0,50.0,25.0,1419.1,1600.1
2019-08-17,2019,Odd,Rosenborg,1,1,D,U,2.1,3.35,3.49,10,2.0,1.0,0.0,1.0,6.0,4.0,2.0,4.0,4.0,0.0,2.0,0.0,2.0,0.0,0.0,0.0,0.0,0.0,0.0,88.9,0.0,25.0,50.0,1559.7,1650.8
2019-08-14,2019,Viking,Sarpsborg 08,2,1,H,O,2.96,3.52,2.28,8,0.0,0.0,2.0,2.0,3.0,4.0,-1.0,6.0,7.0,-1.0,-3.0,-3.0,0.0,0.0,0.0,0.0,1.0,1.0,0.0,42.9,28.6,0.0,50.0,1456.3,1494.7
2019-08-14,2019,Stabaek,Valerenga,1,1,D,U,3.17,3.47,2.19,9,0.0,1.0,0.0,2.0,4.0,6.0,-2.0,4.0,7.0,-3.0,0.0,-1.0,1.0,0.0,1.0,-1.0,0.0,1.0,-1.0,25.0,25.0,25.0,50.0,1451.8,1528.4
2019-08-14,2019,Kristiansund,Bodo/Glimt,1,2,A,O,2.61,3.55,2.51,8,1.0,2.0,1.0,1.0,6.0,7.0,-1.0,4.0,10.0,-6.0,2.0,-3.0,5.0,1.0,1.0,0.0,0.0,1.0,-1.0,57.1,14.3,57.1,28.6,1544.2,1544.6
2019-08-12,2019,Lillestrom,Mjondalen,3,2,H,O,2.24,3.32,3.16,9,2.0,0.0,1.0,0.0,6.0,3.0,3.0,3.0,3.0,0.0,3.0,0.0,3.0,1.0,0.0,1.0,1.0,0.0,1.0,50.0,37.5,12.5,37.5,1470.3,1427.9
2019-08-11,2019,Stromsgodset,Valerenga,3,2,H,O,2.94,3.46,2.31,9,0.0,2.0,3.0,1.0,1.0,9.0,-8.0,9.0,5.0,4.0,-8.0,4.0,-12.0,0.0,2.0,-2.0,3.0,1.0,2.0,25.0,62.5,28.6,42.9,1432.7,1541.4
2019-08-11,2019,Kristiansund,Odd,1,1,D,U,3.04,3.28,2.34,7,2.0,0.0,1.0,3.0,8.0,0.0,8.0,5.0,7.0,-2.0,3.0,-7.0,10.0,1.0,0.0,1.0,0.0,3.0,-3.0,66.7,16.7,28.6,57.1,1543.8,1560.2
2019-08-11,2019,Haugesund,Ranheim,0,1,A,U,1.69,3.81,4.83,9,1.0,0.0,1.0,2.0,7.0,1.0,6.0,6.0,7.0,-1.0,1.0,-6.0,7.0,1.0,0.0,1.0,1.0,2.0,-1.0,25.0,25.0,25.0,50.0,1538.2,1460.3
2019-08-11,2019,Bodo/Glimt,Viking,2,1,H,O,1.53,4.36,5.63,9,3.0,1.0,0.0,1.0,10.0,4.0,6.0,1.0,6.0,-5.0,9.0,-2.0,11.0,3.0,1.0,2.0,0.0,1.0,-1.0,75.0,12.5,25.0,50.0,1536.7,1464.3
2019-08-10,2019,Rosenborg,Tromso,5,2,H,O,1.45,4.55,6.53,9,3.0,1.0,0.0,2.0,9.0,2.0,7.0,1.0,9.0,-8.0,8.0,-7.0,15.0,2.0,0.0,2.0,0.0,2.0,-2.0,62.5,12.5,25.0,62.5,1646.0,1448.5
2019-08-05,2019,Stromsgodset,Bodo/Glimt,1,3,A,O,3.43,3.69,2.0,8,1.0,2.0,2.0,1.0,3.0,6.0,-3.0,7.0,10.0,-3.0,-4.0,-4.0,0.0,1.0,0.0,1.0,2.0,1.0,1.0,28.6,57.1,50.0,33.3,1440.2,1529.2
2019-08-04,2019,Viking,Molde,0,2,A,U,3.7,3.95,1.86,7,1.0,1.0,1.0,1.0,6.0,7.0,-1.0,4.0,4.0,0.0,2.0,3.0,-1.0,1.0,1.0,0.0,0.0,0.0,0.0,50.0,16.7,37.5,37.5,1469.6,1643.7
2019-08-04,2019,Valerenga,Kristiansund,1,1,D,U,1.61,4.02,5.16,8,1.0,0.0,1.0,1.0,7.0,1.0,6.0,4.0,2.0,2.0,3.0,-1.0,4.0,1.0,0.0,1.0,1.0,0.0,1.0,71.4,14.3,25.0,50.0,1541.3,1543.8
2019-08-04,2019,Tromso,Mjondalen,2,2,D,O,2.37,3.32,2.94,8,3.0,0.0,0.0,1.0,5.0,3.0,2.0,1.0,4.0,-3.0,4.0,-1.0,5.0,1.0,0.0,1.0,0.0,0.0,0.0,42.9,57.1,14.3,42.9,1449.2,1427.3
2019-08-04,2019,Stabaek,Haugesund,1,1,D,U,2.75,3.26,2.55,8,0.0,1.0,1.0,1.0,3.0,5.0,-2.0,4.0,4.0,0.0,-1.0,1.0,-2.0,0.0,1.0,-1.0,0.0,1.0,-1.0,28.6,28.6,42.9,42.9,1449.2,1540.7
2019-08-04,2019,Ranheim,Brann,0,3,A,O,3.55,3.39,2.06,8,1.0,1.0,1.0,0.0,4.0,4.0,0.0,4.0,3.0,1.0,0.0,1.0,-1.0,0.0,0.0,0.0,0.0,0.0,0.0,28.6,57.1,42.9,28.6,1466.8,1593.6
2019-08-03,2019,Sarpsborg 08,Rosenborg,1,1,D,U,3.02,3.27,2.35,8,1.0,2.0,1.0,1.0,5.0,4.0,1.0,5.0,3.0,2.0,0.0,1.0,-1.0,1.0,0.0,1.0,1.0,0.0,1.0,28.6,28.6,28.6,57.1,1490.4,1650.3
2019-08-03,2019,Odd,Lillestrom,2,1,H,O,1.6,3.89,5.57,9,2.0,1.0,0.0,2.0,7.0,5.0,2.0,4.0,6.0,-2.0,3.0,-1.0,4.0,1.0,1.0,0.0,0.0,1.0,-1.0,87.5,0.0,14.3,57.1,1552.3,1478.2
2019-07-21,2019,Molde,Sarpsborg 08,2,1,H,O,1.49,4.47,5.91,8,2.0,0.0,0.0,1.0,8.0,4.0,4.0,2.0,6.0,-4.0,6.0,-2.0,8.0,2.0,0.0,2.0,0.0,1.0,-1.0,85.7,0.0,0.0,42.9,1637.5,1496.6
2019-07-21,2019,Brann,Stabaek,2,1,H,O,1.47,4.34,6.54,9,1.0,2.0,1.0,1.0,1.0,4.0,-3.0,1.0,2.0,-1.0,0.0,2.0,-2.0,0.0,1.0,-1.0,0.0,0.0,0.0,37.5,25.0,28.6,71.4,1587.2,1455.6
2019-07-15,2019,Stabaek,Sarpsborg 08,3,3,D,O,3.15,3.3,2.28,7,0.0,0.0,2.0,2.0,0.0,2.0,-2.0,2.0,5.0,-3.0,-2.0,-3.0,1.0,0.0,0.0,0.0,0.0,1.0,-1.0,33.3,33.3,0.0,50.0,1454.3,1497.8
2019-07-14,2019,Mjondalen,Odd,2,0,H,U,3.54,3.39,2.07,8,0.0,1.0,1.0,2.0,3.0,3.0,0.0,6.0,5.0,1.0,-3.0,-2.0,-1.0,0.0,1.0,-1.0,1.0,2.0,-1.0,14.3,28.6,33.3,50.0,1413.2,1566.4
2019-07-14,2019,Lillestrom,Stromsgodset,2,1,H,O,1.89,3.48,4.08,8,1.0,0.0,2.0,2.0,4.0,2.0,2.0,5.0,5.0,0.0,-1.0,-3.0,2.0,1.0,0.0,1.0,2.0,1.0,1.0,42.9,42.9,0.0,57.1,1468.7,1449.6
2019-07-14,2019,Haugesund,Tromso,5,1,H,O,1.83,3.43,4.47,8,0.0,1.0,1.0,2.0,2.0,2.0,0.0,5.0,7.0,-2.0,-3.0,-5.0,2.0,0.0,0.0,0.0,1.0,2.0,-1.0,14.3,28.6,28.6,57.1,1532.9,1457.0
2019-07-13,2019,Rosenborg,Viking,5,1,H,O,1.42,4.64,7.06,8,3.0,1.0,0.0,1.0,7.0,4.0,3.0,2.0,6.0,-4.0,5.0,-2.0,7.0,1.0,1.0,0.0,0.0,1.0,-1.0,57.1,14.3,28.6,42.9,1644.8,1475.1
2019-07-13,2019,Bodo/Glimt,Ranheim,5,1,H,O,1.5,4.38,6.0,8,2.0,1.0,1.0,1.0,6.0,3.0,3.0,2.0,3.0,-1.0,4.0,0.0,4.0,2.0,1.0,1.0,0.0,1.0,-1.0,71.4,14.3,28.6,42.9,1520.5,1475.5
2019-07-10,2019,Odd,Stabaek,2,1,H,O,1.44,4.4,7.07,8,2.0,2.0,0.0,1.0,6.0,3.0,3.0,3.0,3.0,0.0,3.0,0.0,3.0,1.0,1.0,0.0,0.0,1.0,-1.0,85.7,0.0,33.3,66.7,1559.2,1461.6
2019-07-05,2019,Viking,Haugesund,0,0,D,U,2.02,3.63,3.44,6,1.0,2.0,1.0,1.0,7.0,7.0,0.0,5.0,4.0,1.0,2.0,3.0,-1.0,1.0,2.0,-1.0,0.0,1.0,-1.0,60.0,20.0,50.0,50.0,1473.4,1534.6
2019-07-05,2019,Valerenga,Bodo/Glimt,6,0,H,O,2.44,3.57,2.68,7,1.0,2.0,1.0,0.0,3.0,7.0,-4.0,4.0,5.0,-1.0,-1.0,2.0,-3.0,1.0,0.0,1.0,1.0,0.0,1.0,66.7,16.7,60.0,20.0,1531.3,1530.4
2019-07-05,2019,Tromso,Sarpsborg 08,2,0,H,U,3.19,3.29,2.23,7,2.0,0.0,1.0,2.0,4.0,2.0,2.0,3.0,4.0,-1.0,1.0,-2.0,3.0,0.0,0.0,0.0,0.0,0.0,0.0,33.3,66.7,0.0,40.0,1445.2,1509.6
2019-07-05,2019,Stromsgodset,Stabaek,0,2,A,U,1.83,3.6,4.16,7,1.0,1.0,1.0,2.0,3.0,1.0,2.0,5.0,4.0,1.0,-2.0,-3.0,1.0,1.0,0.0,1.0,1.0,1.0,0.0,33.3,50.0,20.0,80.0,1459.8,1451.3
2019-07-05,2019,Odd,Molde,2,2,D,O,2.33,3.42,2.93,7,3.0,1.0,0.0,2.0,6.0,7.0,-1.0,2.0,5.0,-3.0,4.0,2.0,2.0,1.0,1.0,0.0,0.0,0.0,0.0,100.0,0.0,42.9,42.9,1556.8,1639.9
2019-07-05,2019,Kristiansund,Lillestrom,5,2,H,O,1.98,3.44,3.78,6,2.0,1.0,1.0,1.0,4.0,5.0,-1.0,3.0,3.0,0.0,1.0,2.0,-1.0,0.0,1.0,-1.0,0.0,0.0,0.0,60.0,20.0,16.7,50.0,1535.5,1477.1
2019-07-05,2019,Brann,Mjondalen,0,0,D,U,1.52,4.18,6.09,8,2.0,0.0,1.0,2.0,3.0,3.0,0.0,2.0,5.0,-3.0,1.0,-2.0,3.0,0.0,0.0,0.0,0.0,0.0,0.0,42.9,28.6,16.7,50.0,1592.0,1408.3
2019-07-04,2019,Ranheim,Rosenborg,2,3,A,O,3.95,3.49,1.91,7,1.0,1.0,1.0,1.0,3.0,2.0,1.0,6.0,2.0,4.0,-3.0,0.0,-3.0,0.0,0.0,0.0,1.0,0.0,1.0,33.3,50.0,16.7,66.7,1481.3,1639.1
2019-07-01,2019,Sarpsborg 08,Stromsgodset,2,2,D,O,1.65,3.78,5.19,7,1.0,0.0,2.0,3.0,3.0,0.0,3.0,4.0,5.0,-1.0,-1.0,-5.0,4.0,1.0,0.0,1.0,1.0,2.0,-1.0,33.3,33.3,0.0,66.7,1511.1,1458.3
2019-06-30,2019,Stabaek,Ranheim,0,0,D,U,2.62,3.19,2.72,6,1.0,1.0,2.0,2.0,2.0,3.0,-1.0,2.0,4.0,-2.0,0.0,-1.0,1.0,1.0,1.0,0.0,0.0,1.0,-1.0,40.0,40.0,33.3,50.0,1450.4,1482.2
2019-06-30,2019,Molde,Brann,1,1,D,U,2.0,3.6,3.5,7,3.0,2.0,0.0,0.0,8.0,4.0,4.0,1.0,2.0,-1.0,7.0,2.0,5.0,2.0,0.0,2.0,0.0,0.0,0.0,100.0,0.0,50.0,33.3,1641.3,1590.6
2019-06-30,2019,Mjondalen,Viking,1,1,D,U,2.32,3.64,2.8,7,0.0,1.0,1.0,1.0,4.0,3.0,1.0,7.0,5.0,2.0,-3.0,-2.0,-1.0,0.0,1.0,-1.0,1.0,1.0,0.0,16.7,33.3,33.3,50.0,1406.3,1475.3
2019-06-30,2019,Lillestrom,Tromso,4,0,H,O,2.12,3.27,3.5,7,0.0,1.0,2.0,2.0,1.0,2.0,-1.0,6.0,4.0,2.0,-5.0,-2.0,-3.0,0.0,0.0,0.0,2.0,1.0,1.0,33.3,50.0,33.3,50.0,1467.4,1454.8
2019-06-30,2019,Haugesund,Valerenga,1,4,A,O,2.37,3.23,3.03,7,0.0,1.0,0.0,1.0,2.0,6.0,-4.0,2.0,5.0,-3.0,0.0,1.0,-1.0,0.0,1.0,-1.0,0.0,1.0,-1.0,16.7,16.7,16.7,50.0,1545.3,1520.6
2019-06-30,2019,Bodo/Glimt,Odd,3,0,H,O,2.27,3.32,3.11,7,2.0,2.0,1.0,1.0,7.0,5.0,2.0,2.0,3.0,-1.0,5.0,2.0,3.0,2.0,1.0,1.0,0.0,1.0,-1.0,66.7,16.7,40.0,40.0,1519.0,1568.2
2019-06-29,2019,Rosenborg,Kristiansund,1,0,H,U,1.57,3.91,5.84,7,2.0,1.0,1.0,0.0,6.0,2.0,4.0,4.0,1.0,3.0,2.0,1.0,1.0,1.0,0.0,1.0,1.0,0.0,1.0,50.0,16.7,28.6,42.9,1631.6,1543.0
2019-06-23,2019,Viking,Bodo/Glimt,3,4,A,O,2.81,3.5,2.38,5,2.0,1.0,0.0,1.0,6.0,3.0,3.0,2.0,4.0,-2.0,4.0,-1.0,5.0,1.0,0.0,1.0,0.0,1.0,-1.0,75.0,0.0,50.0,25.0,1484.6,1509.8
2019-06-23,2019,Valerenga,Sarpsborg 08,1,1,D,U,2.16,3.42,3.25,6,2.0,0.0,1.0,2.0,3.0,2.0,1.0,3.0,4.0,-1.0,0.0,-2.0,2.0,1.0,0.0,1.0,1.0,0.0,1.0,80.0,20.0,0.0,50.0,1520.9,1510.9
2019-06-23,2019,Tromso,Rosenborg,1,0,H,U,3.77,3.34,2.0,6,1.0,1.0,2.0,1.0,4.0,2.0,2.0,5.0,4.0,1.0,-1.0,-2.0,1.0,0.0,0.0,0.0,0.0,1.0,-1.0,20.0,80.0,20.0,60.0,1439.5,1646.9
2019-06-23,2019,Ranheim,Mjondalen,1,1,D,U,2.31,3.38,3.0,6,2.0,0.0,1.0,2.0,7.0,3.0,4.0,7.0,5.0,2.0,0.0,-2.0,2.0,1.0,0.0,1.0,1.0,0.0,1.0,40.0,60.0,20.0,60.0,1484.4,1404.1
2019-06-23,2019,Odd,Haugesund,3,1,H,O,1.78,3.52,4.57,6,3.0,2.0,0.0,1.0,4.0,6.0,-2.0,1.0,2.0,-1.0,3.0,4.0,-1.0,0.0,2.0,-2.0,0.0,0.0,0.0,100.0,0.0,60.0,40.0,1558.3,1555.2
2019-06-23,2019,Kristiansund,Stabaek,0,1,A,U,1.58,4.0,5.51,5,2.0,0.0,0.0,3.0,4.0,0.0,4.0,2.0,7.0,-5.0,2.0,-7.0,9.0,0.0,0.0,0.0,0.0,2.0,-2.0,75.0,0.0,0.0,100.0,1556.3,1437.1
2019-06-23,2019,Brann,Lillestrom,1,0,H,U,1.34,4.92,8.86,7,1.0,1.0,2.0,1.0,2.0,5.0,-3.0,3.0,6.0,-3.0,-1.0,-1.0,0.0,0.0,1.0,-1.0,0.0,1.0,-1.0,33.3,33.3,20.0,40.0,1583.6,1474.4
2019-06-22,2019,Stromsgodset,Molde,0,4,A,O,3.63,3.67,1.94,6,1.0,1.0,1.0,2.0,5.0,5.0,0.0,4.0,6.0,-2.0,1.0,-1.0,2.0,1.0,0.0,1.0,0.0,0.0,0.0,40.0,40.0,33.3,50.0,1463.8,1635.9
2019-06-17,2019,Stabaek,Tromso,0,1,A,U,2.19,3.4,3.2,5,2.0,0.0,1.0,2.0,5.0,2.0,3.0,2.0,5.0,-3.0,3.0,-3.0,6.0,2.0,0.0,2.0,0.0,1.0,-1.0,50.0,25.0,20.0,60.0,1447.7,1428.9
2019-06-16,2019,Sarpsborg 08,Odd,2,0,H,U,2.63,3.18,2.71,6,0.0,2.0,2.0,1.0,2.0,5.0,-3.0,5.0,2.0,3.0,-3.0,3.0,-6.0,0.0,1.0,-1.0,1.0,0.0,1.0,20.0,40.0,50.0,25.0,1498.8,1570.3
2019-06-16,2019,Rosenborg,Valerenga,3,0,H,O,1.91,3.51,3.97,6,2.0,1.0,1.0,0.0,4.0,7.0,-3.0,4.0,3.0,1.0,0.0,4.0,-4.0,0.0,1.0,-1.0,1.0,0.0,1.0,40.0,20.0,20.0,40.0,1640.0,1527.8
2019-06-16,2019,Molde,Ranheim,2,0,H,U,1.27,5.69,9.76,6,3.0,2.0,0.0,1.0,9.0,4.0,5.0,1.0,2.0,-1.0,8.0,2.0,6.0,2.0,1.0,1.0,0.0,0.0,0.0,100.0,0.0,40.0,40.0,1629.7,1490.6
2019-06-16,2019,Mjondalen,Kristiansund,1,1,D,U,2.62,3.27,2.67,6,1.0,2.0,1.0,0.0,4.0,4.0,0.0,6.0,2.0,4.0,-2.0,2.0,-4.0,0.0,0.0,0.0,1.0,0.0,1.0,20.0,40.0,33.3,50.0,1399.7,1560.6
2019-06-16,2019,Lillestrom,Viking,0,2,A,U,2.21,3.5,3.09,6,1.0,0.0,1.0,2.0,2.0,3.0,-1.0,4.0,10.0,-6.0,-2.0,-7.0,5.0,0.0,0.0,0.0,1.0,2.0,-1.0,40.0,40.0,20.0,60.0,1484.7,1474.3
2019-06-16,2019,Bodo/Glimt,Stromsgodset,2,0,H,U,1.48,4.48,6.12,6,1.0,0.0,1.0,3.0,6.0,1.0,5.0,3.0,5.0,-2.0,3.0,-4.0,7.0,1.0,0.0,1.0,0.0,1.0,-1.0,60.0,20.0,0.0,60.0,1500.6,1473.0
2019-06-15,2019,Haugesund,Brann,1,1,D,U,2.95,3.21,2.43,6,0.0,3.0,1.0,0.0,2.0,5.0,-3.0,3.0,2.0,1.0,-1.0,3.0,-4.0,0.0,0.0,0.0,0.0,0.0,0.0,20.0,20.0,60.0,40.0,1554.4,1584.5
2019-05-26,2019,Tromso,Molde,2,1,H,O,4.87,4.06,1.63,5,0.0,2.0,3.0,1.0,3.0,6.0,-3.0,6.0,4.0,2.0,-3.0,2.0,-5.0,0.0,1.0,-1.0,0.0,0.0,0.0,0.0,100.0,40.0,40.0,1413.1,1645.5
2019-05-26,2019,Ranheim,Stromsgodset,1,0,H,U,2.28,3.4,3.02,5,1.0,0.0,2.0,2.0,6.0,1.0,5.0,9.0,4.0,5.0,-3.0,-3.0,0.0,1.0,0.0,1.0,2.0,1.0,1.0,25.0,75.0,0.0,50.0,1480.6,1483.0
2019-05-26,2019,Mjondalen,Haugesund,1,4,A,O,2.8,3.25,2.5,5,1.0,2.0,0.0,1.0,4.0,4.0,0.0,3.0,1.0,2.0,1.0,3.0,-2.0,0.0,2.0,-2.0,0.0,0.0,0.0,25.0,25.0,50.0,50.0,1405.9,1548.3
2019-05-26,2019,Brann,Rosenborg,0,1,A,U,1.7,3.68,4.99,6,1.0,0.0,1.0,2.0,3.0,2.0,1.0,3.0,7.0,-4.0,0.0,-5.0,5.0,0.0,0.0,0.0,0.0,2.0,-2.0,40.0,20.0,0.0,75.0,1593.4,1631.1
2019-05-25,2019,Valerenga,Lillestrom,0,3,A,O,1.49,4.38,6.11,5,3.0,0.0,0.0,2.0,7.0,2.0,5.0,1.0,7.0,-6.0,6.0,-5.0,11.0,2.0,0.0,2.0,0.0,1.0,-1.0,100.0,0.0,0.0,50.0,1539.7,1472.8
2019-05-20,2019,Molde,Viking,5,1,H,O,1.38,4.87,7.52,5,3.0,0.0,0.0,2.0,8.0,2.0,6.0,1.0,6.0,-5.0,7.0,-4.0,11.0,2.0,0.0,2.0,0.0,1.0,-1.0,100.0,0.0,25.0,50.0,1639.8,1480.0
2019-05-19,2019,Stromsgodset,Tromso,3,1,H,O,1.91,3.45,4.02,5,0.0,0.0,2.0,2.0,4.0,2.0,2.0,6.0,6.0,0.0,-2.0,-4.0,2.0,0.0,0.0,0.0,0.0,1.0,-1.0,25.0,50.0,25.0,50.0,1474.5,1421.6
2019-05-19,2019,Sarpsborg 08,Ranheim,1,3,A,O,1.44,4.34,7.31,5,1.0,1.0,1.0,1.0,2.0,1.0,1.0,2.0,1.0,1.0,0.0,0.0,0.0,0.0,0.0,0.0,0.0,0.0,0.0,25.0,25.0,25.0,50.0,1510.0,1469.4
2019-05-19,2019,Rosenborg,Mjondalen,3,2,H,O,1.63,3.82,5.3,5,1.0,1.0,1.0,1.0,1.0,4.0,-3.0,2.0,4.0,-2.0,-1.0,0.0,-1.0,0.0,0.0,0.0,1.0,0.0,1.0,25.0,25.0,25.0,50.0,1626.7,1410.3
2019-05-19,2019,Lillestrom,Odd,0,3,A,O,3.39,3.28,2.16,5,1.0,1.0,1.0,1.0,2.0,3.0,-1.0,3.0,3.0,0.0,-1.0,0.0,-1.0,0.0,0.0,0.0,1.0,0.0,1.0,50.0,25.0,33.3,33.3,1480.4,1562.7
2019-05-19,2019,Haugesund,Kristiansund,0,0,D,U,1.7,3.75,4.82,5,1.0,2.0,1.0,1.0,5.0,4.0,1.0,3.0,4.0,-1.0,2.0,0.0,2.0,1.0,0.0,1.0,0.0,1.0,-1.0,25.0,25.0,40.0,60.0,1547.9,1561.0
2019-05-19,2019,Bodo/Glimt,Brann,1,2,A,O,2.56,3.35,2.68,5,2.0,2.0,0.0,1.0,8.0,4.0,4.0,3.0,3.0,0.0,5.0,1.0,4.0,1.0,0.0,1.0,0.0,0.0,0.0,75.0,0.0,50.0,50.0,1508.4,1585.6
2019-05-16,2019,Viking,Stabaek,3,0,H,O,1.68,3.91,4.75,4,2.0,0.0,0.0,3.0,5.0,0.0,5.0,2.0,7.0,-5.0,3.0,-7.0,10.0,1.0,0.0,1.0,0.0,2.0,-2.0,66.7,0.0,0.0,100.0,1470.4,1457.3
2019-05-16,2019,Valerenga,Stromsgodset,2,0,H,U,1.68,3.91,4.78,4,3.0,0.0,0.0,1.0,7.0,2.0,5.0,1.0,3.0,-2.0,6.0,-1.0,7.0,2.0,0.0,2.0,0.0,0.0,0.0,100.0,0.0,0.0,33.3,1531.1,1483.2
2019-05-16,2019,Tromso,Bodo/Glimt,1,2,A,O,3.6,3.58,1.99,4,0.0,1.0,3.0,1.0,2.0,6.0,-4.0,6.0,7.0,-1.0,-4.0,-1.0,-3.0,0.0,0.0,0.0,1.0,1.0,0.0,0.0,100.0,33.3,33.3,1429.5,1500.4
2019-05-16,2019,Rosenborg,Haugesund,0,2,A,U,1.89,3.4,4.18,4,1.0,1.0,0.0,2.0,2.0,4.0,-2.0,1.0,4.0,-3.0,1.0,0.0,1.0,0.0,1.0,-1.0,0.0,0.0,0.0,33.3,0.0,33.3,66.7,1639.6,1535.0
2019-05-16,2019,Odd,Ranheim,1,0,H,U,1.39,4.5,8.12,5,3.0,1.0,0.0,1.0,5.0,2.0,3.0,1.0,2.0,-1.0,4.0,0.0,4.0,1.0,0.0,1.0,0.0,0.0,0.0,100.0,0.0,33.3,33.3,1554.9,1477.2
2019-05-16,2019,Mjondalen,Lillestrom,2,2,D,O,2.15,3.45,3.26,4,1.0,0.0,1.0,2.0,6.0,1.0,5.0,6.0,6.0,0.0,0.0,-5.0,5.0,0.0,0.0,0.0,0.0,1.0,-1.0,33.3,33.3,0.0,66.7,1408.2,1482.6
2019-05-16,2019,Kristiansund,Molde,3,2,H,O,3.3,3.45,2.13,4,2.0,2.0,0.0,1.0,3.0,6.0,-3.0,0.0,4.0,-4.0,3.0,2.0,1.0,1.0,1.0,0.0,0.0,0.0,0.0,66.7,0.0,50.0,25.0,1548.1,1652.8
2019-05-16,2019,Brann,Sarpsborg 08,2,1,H,O,1.89,3.4,4.21,5,1.0,0.0,1.0,1.0,3.0,2.0,1.0,3.0,3.0,0.0,0.0,-1.0,1.0,0.0,0.0,0.0,0.0,0.0,0.0,25.0,25.0,0.0,33.3,1577.3,1518.3
2019-05-13,2019,Stromsgodset,Viking,0,0,D,U,1.93,3.68,3.65,4,1.0,1.0,2.0,2.0,7.0,4.0,3.0,8.0,6.0,2.0,-1.0,-2.0,1.0,0.0,1.0,-1.0,0.0,1.0,-1.0,33.3,66.7,33.3,66.7,1483.6,1470.0
2019-05-12,2019,Tromso,Odd,1,2,A,O,3.0,3.27,2.35,3,,,,,,,,,,,,,,,,,,,,0.0,100.0,0.0,50.0,1436.4,1548.0
2019-05-12,2019,Stabaek,Brann,0,1,A,U,3.96,3.43,1.93,4,2.0,1.0,0.0,2.0,6.0,5.0,1.0,2.0,6.0,-4.0,4.0,-1.0,5.0,2.0,0.0,2.0,0.0,0.0,0.0,66.7,0.0,33.3,66.7,1464.3,1570.2
2019-05-12,2019,Sarpsborg 08,Kristiansund,0,1,A,U,1.6,3.87,5.54,4,1.0,1.0,0.0,2.0,3.0,4.0,-1.0,2.0,6.0,-4.0,1.0,-2.0,3.0,0.0,0.0,0.0,0.0,1.0,-1.0,33.3,0.0,25.0,75.0,1528.0,1538.4
2019-05-12,2019,Ranheim,Valerenga,1,5,A,O,3.18,3.3,2.24,4,1.0,0.0,2.0,1.0,6.0,3.0,3.0,6.0,6.0,0.0,0.0,-3.0,3.0,1.0,0.0,1.0,1.0,1.0,0.0,33.3,66.7,0.0,50.0,1486.2,1522.1
2019-05-12,2019,Molde,Mjondalen,1,0,H,U,1.31,5.39,8.94,4,3.0,1.0,0.0,1.0,10.0,4.0,6.0,1.0,5.0,-4.0,9.0,-1.0,10.0,3.0,0.0,3.0,0.0,1.0,-1.0,100.0,0.0,33.3,33.3,1648.7,1412.3
2019-05-12,2019,Haugesund,Bodo/Glimt,1,1,D,U,2.09,3.44,3.39,4,1.0,,1.0,,5.0,,,3.0,,,2.0,,,1.0,,,0.0,,,33.3,33.3,50.0,50.0,1536.0,1499.3
2019-05-11,2019,Lillestrom,Rosenborg,1,1,D,U,3.14,3.24,2.29,4,2.0,0.0,1.0,3.0,3.0,1.0,2.0,3.0,8.0,-5.0,0.0,-7.0,7.0,0.0,0.0,0.0,1.0,3.0,-2.0,66.7,33.3,0.0,100.0,1478.1,1644.0
2019-05-06,2019,Viking,Valerenga,1,1,D,U,2.76,3.45,2.43,3,,0.0,,2.0,,2.0,,,7.0,,,-5.0,,,0.0,,,2.0,,100.0,0.0,0.0,66.7,1468.4,1523.7
2019-05-05,2019,Rosenborg,Sarpsborg 08,1,0,H,U,2.21,3.12,3.43,3,,,,,,,,,,,,,,,,,,,,0.0,0.0,0.0,0.0,1636.9,1535.2
2019-05-05,2019,Odd,Stromsgodset,2,1,H,O,1.78,3.59,4.47,4,3.0,,0.0,,6.0,,,2.0,,,4.0,,,1.0,,,0.0,,,100.0,0.0,0.0,0.0,1539.3,1492.2
2019-05-05,2019,Kristiansund,Tromso,1,0,H,U,1.83,3.64,4.12,3,,1.0,,1.0,,4.0,,,6.0,,,-2.0,,,0.0,,,1.0,,50.0,0.0,33.3,33.3,1530.8,1444.0
2019-05-05,2019,Haugesund,Molde,1,2,A,O,2.75,3.24,2.56,3,,1.0,,1.0,,5.0,,,4.0,,,1.0,,,1.0,,,0.0,,50.0,0.0,33.3,33.3,1543.3,1641.4
2019-05-05,2019,Brann,Ranheim,0,1,A,U,1.36,4.79,8.25,4,1.0,,0.0,,4.0,,,3.0,,,1.0,,,0.0,,,0.0,,,33.3,0.0,0.0,50.0,1583.3,1473.1
2019-05-05,2019,Bodo/Glimt,Lillestrom,4,0,H,O,1.59,4.07,5.33,4,2.0,,0.0,,6.0,,,3.0,,,3.0,,,1.0,,,0.0,,,66.7,0.0,0.0,50.0,1489.4,1488.1
2019-05-04,2019,Mjondalen,Stabaek,1,0,H,U,2.03,3.49,3.51,3,,,,,,,,,,,,,,,,,,,,0.0,50.0,0.0,100.0,1400.1,1476.5
2019-04-29,2019,Valerenga,Odd,1,0,H,U,2.28,3.31,3.11,3,,,,,,,,,,,,,,,,,,,,100.0,0.0,0.0,0.0,1512.6,1550.4
2019-04-28,2019,Tromso,Brann,1,2,A,O,3.34,3.39,2.13,2,,,,,,,,,,,,,,,,,,,,0.0,100.0,0.0,100.0,1450.5,1576.8
2019-04-28,2019,Stromsgodset,Kristiansund,2,3,A,O,1.79,3.66,4.31,3,,0.0,,3.0,,1.0,,,6.0,,,-5.0,,,0.0,,,2.0,,50.0,50.0,0.0,100.0,1501.6,1521.4
2019-04-28,2019,Stabaek,Bodo/Glimt,2,0,H,U,3.25,3.47,2.14,3,,,,,,,,,,,,,,,,,,,,50.0,0.0,100.0,0.0,1465.5,1500.4
2019-04-28,2019,Ranheim,Viking,5,2,H,O,2.78,3.24,2.53,3,,,,,,,,,,,,,,,,,,,,0.0,100.0,50.0,50.0,1462.6,1478.9
2019-04-28,2019,Molde,Rosenborg,3,0,H,O,1.91,3.65,3.78,3,,,,,,,,,,,,,,,,,,,,100.0,0.0,0.0,100.0,1631.0,1647.3
2019-04-28,2019,Lillestrom,Haugesund,1,0,H,U,2.48,3.12,2.94,3,,,,,,,,,,,,,,,,,,,,50.0,50.0,50.0,50.0,1475.8,1555.5
2019-04-27,2019,Sarpsborg 08,Mjondalen,1,1,D,U,1.44,4.38,6.96,3,,,,,,,,,,,,,,,,,,,,50.0,0.0,50.0,50.0,1539.1,1396.3
2019-04-23,2019,Odd,Viking,1,0,H,U,1.61,4.0,5.15,3,,,,,,,,,,,,,,,,,,,,100.0,0.0,100.0,0.0,1542.0,1487.3
2019-04-22,2019,Rosenborg,Stromsgodset,0,0,D,U,1.62,3.9,5.29,2,,,,,,,,,,,,,,,,,,,,0.0,0.0,0.0,0.0,1651.5,1497.5
2019-04-22,2019,Mjondalen,Tromso,1,1,D,U,2.1,3.45,3.35,2,,,,,,,,,,,,,,,,,,,,0.0,100.0,50.0,50.0,1394.6,1452.2
2019-04-22,2019,Lillestrom,Molde,0,2,A,U,3.08,3.44,2.23,2,,,,,,,,,,,,,,,,,,,,100.0,0.0,0.0,50.0,1481.9,1624.9
2019-04-22,2019,Kristiansund,Ranheim,0,0,D,U,1.75,3.62,4.68,2,,,,,,,,,,,,,,,,,,,,100.0,0.0,0.0,100.0,1523.2,1460.9
2019-04-22,2019,Haugesund,Stabaek,3,0,H,O,1.69,3.73,4.9,2,,,,,,,,,,,,,,,,,,,,0.0,0.0,0.0,100.0,1547.6,1473.4
2019-04-22,2019,Brann,Valerenga,1,1,D,U,1.64,3.87,5.07,3,,,,,,,,,,,,,,,,,,,,50.0,0.0,0.0,100.0,1578.7,1510.7
2019-04-22,2019,Bodo/Glimt,Sarpsborg 08,1,1,D,U,2.22,3.38,3.15,3,,,,,,,,,,,,,,,,,,,,100.0,0.0,0.0,0.0,1499.2,1540.2
2019-04-14,2019,Valerenga,Tromso,4,1,H,O,1.58,4.1,5.37,2,,,,,,,,,,,,,,,,,,,,100.0,0.0,100.0,0.0,1501.8,1461.0
2019-04-14,2019,Stabaek,Rosenborg,3,1,H,O,3.59,3.24,2.11,2,,,,,,,,,,,,,,,,,,,,0.0,0.0,0.0,100.0,1458.0,1666.9
2019-04-14,2019,Sarpsborg 08,Lillestrom,1,0,H,U,1.81,3.51,4.44,2,,,,,,,,,,,,,,,,,,,,0.0,0.0,0.0,0.0,1531.4,1490.8
2019-04-14,2019,Ranheim,Haugesund,0,2,A,U,2.74,3.16,2.63,2,,,,,,,,,,,,,,,,,,,,0.0,100.0,0.0,100.0,1468.9,1539.6
2019-04-14,2019,Odd,Kristiansund,2,0,H,U,1.61,3.83,5.53,2,,,,,,,,,,,,,,,,,,,,100.0,0.0,0.0,100.0,1531.9,1533.2
2019-04-14,2019,Bodo/Glimt,Molde,3,2,H,O,2.9,3.51,2.31,2,,,,,,,,,,,,,,,,,,,,100.0,0.0,0.0,0.0,1485.0,1639.0
2019-04-13,2019,Viking,Brann,2,1,H,O,3.18,3.37,2.22,2,,,,,,,,,,,,,,,,,,,,100.0,0.0,0.0,100.0,1474.1,1592.0
2019-04-12,2019,Stromsgodset,Mjondalen,2,3,A,O,1.72,3.87,4.49,2,,,,,,,,,,,,,,,,,,,,100.0,0.0,0.0,100.0,1511.1,1381.0
2019-04-10,2019,Molde,Valerenga,4,1,H,O,1.41,4.65,7.25,2,,,,,,,,,,,,,,,,,,,,100.0,0.0,0.0,100.0,1632.5,1508.4
2019-04-10,2019,Brann,Kristiansund,2,1,H,O,1.51,4.12,6.29,2,,,,,,,,,,,,,,,,,,,,0.0,0.0,0.0,100.0,1583.2,1542.0
2019-04-08,2019,Rosenborg,Odd,1,1,D,U,1.85,3.43,4.32,1,,,,,,,,,,,,,,,,,,,,,,,,1670.8,1528.0
2019-04-07,2019,Tromso,Viking,0,2,A,U,2.07,3.46,3.45,1,,,,,,,,,,,,,,,,,,,,,,,,1471.2,1463.8
2019-04-07,2019,Molde,Stabaek,3,0,H,O,1.33,5.09,8.65,1,,,,,,,,,,,,,,,,,,,,,,,,1626.8,1463.6
2019-04-07,2019,Lillestrom,Ranheim,2,1,H,O,1.65,3.85,5.05,1,,,,,,,,,,,,,,,,,,,,,,,,1480.8,1478.8
2019-04-07,2019,Kristiansund,Valerenga,2,0,H,U,3.04,3.35,2.3,1,,,,,,,,,,,,,,,,,,,,,,,,1532.4,1518.0
2019-04-07,2019,Haugesund,Sarpsborg 08,1,1,D,U,2.73,3.28,2.55,1,,,,,,,,,,,,,,,,,,,,,,,,1539.9,1531.1
2019-04-07,2019,Brann,Stromsgodset,1,1,D,U,1.68,3.82,4.83,1,,,,,,,,,,,,,,,,,,,,,,,,1585.3,1508.9
2019-04-06,2019,Mjondalen,Bodo/Glimt,4,5,A,O,2.84,3.31,2.44,1,,,,,,,,,,,,,,,,,,,,,,,,1388.5,1477.5
2019-04-01,2019,Stabaek,Lillestrom,1,1,D,U,2.73,3.29,2.55,1,,,,,,,,,,,,,,,,,,,,,,,,1463.1,1481.3
2019-03-31,2019,Viking,Kristiansund,2,0,H,U,2.09,3.45,3.42,1,,,,,,,,,,,,,,,,,,,,,,,,1451.2,1545.1
2019-03-31,2019,Stromsgodset,Haugesund,3,2,H,O,2.0,3.38,3.77,1,,,,,,,,,,,,,,,,,,,,,,,,1497.4,1551.4
2019-03-31,2019,Sarpsborg 08,Molde,1,1,D,U,2.61,3.31,2.65,1,,,,,,,,,,,,,,,,,,,,,,,,1528.3,1629.7
2019-03-31,2019,Ranheim,Tromso,1,2,A,O,2.32,3.36,3.0,1,,,,,,,,,,,,,,,,,,,,,,,,1489.6,1460.4
2019-03-31,2019,Bodo/Glimt,Rosenborg,2,0,H,U,2.95,3.31,2.38,1,,,,,,,,,,,,,,,,,,,,,,,,1461.8,1686.5
2019-03-30,2019,Valerenga,Mjondalen,2,0,H,U,1.63,3.85,5.31,1,,,,,,,,,,,,,,,,,,,,,,,,1511.2,1395.3
2019-03-30,2019,Odd,Brann,3,2,H,O,2.39,3.11,3.11,1,,,,,,,,,,,,,,,,,,,,,,,,1515.7,1597.7
2018-12-09,2018,Aalesund,Stabaek,1,1,D,U,2.26,3.46,3.0,1,,1.0,,1.0,,6.0,,,4.0,,,2.0,,,1.0,,,0.0,,,,6.7,60.0,1473.2,1462.8
2018-11-24,2018,Valerenga,Ranheim,2,1,H,O,1.61,4.18,5.06,15,1.0,0.0,1.0,3.0,3.0,2.0,1.0,4.0,7.0,-3.0,-1.0,-5.0,4.0,0.0,0.0,0.0,1.0,2.0,-1.0,42.9,21.4,28.6,57.1,1501.3,1499.6
2018-11-24,2018,Tromso,Sarpsborg 08,0,2,A,U,2.41,3.54,2.76,15,1.0,0.0,2.0,1.0,5.0,2.0,3.0,7.0,3.0,4.0,-2.0,-1.0,-1.0,0.0,0.0,0.0,1.0,0.0,1.0,50.0,35.7,21.4,42.9,1468.9,1519.8
2018-11-24,2018,Stabaek,Stromsgodset,2,2,D,O,2.32,3.48,2.93,15,0.0,1.0,2.0,2.0,2.0,3.0,-1.0,4.0,5.0,-1.0,-2.0,-2.0,0.0,0.0,0.0,0.0,0.0,1.0,-1.0,35.7,28.6,14.3,50.0,1461.8,1498.4
2018-11-24,2018,Sandefjord,Molde,1,3,A,O,5.79,4.52,1.5,15,2.0,3.0,0.0,0.0,7.0,8.0,-1.0,3.0,3.0,0.0,4.0,5.0,-1.0,1.0,2.0,-1.0,0.0,0.0,0.0,21.4,50.0,42.9,28.6,1418.1,1625.0
2018-11-24,2018,Rosenborg,Bodo/Glimt,1,1,D,U,1.71,3.63,4.96,15,2.0,0.0,0.0,1.0,7.0,1.0,6.0,3.0,2.0,1.0,4.0,-1.0,5.0,2.0,0.0,2.0,0.0,0.0,0.0,64.3,7.1,14.3,35.7,1692.4,1455.9
2018-11-24,2018,Lillestrom,Kristiansund,2,0,H,U,1.54,4.37,5.42,15,1.0,2.0,0.0,1.0,4.0,4.0,0.0,3.0,2.0,1.0,1.0,2.0,-1.0,0.0,1.0,-1.0,0.0,0.0,0.0,28.6,14.3,35.7,42.9,1468.8,1557.6
2018-11-24,2018,Haugesund,Start,3,1,H,O,2.24,3.5,3.03,15,3.0,1.0,0.0,2.0,5.0,5.0,0.0,0.0,8.0,-8.0,5.0,-3.0,8.0,2.0,0.0,2.0,0.0,1.0,-1.0,64.3,21.4,14.3,64.3,1545.3,1401.5
2018-11-24,2018,Brann,Odd,1,0,H,U,1.58,4.0,5.56,15,1.0,0.0,1.0,2.0,5.0,2.0,3.0,4.0,6.0,-2.0,1.0,-4.0,5.0,1.0,0.0,1.0,0.0,2.0,-2.0,57.1,14.3,21.4,50.0,1589.5,1523.8
2018-11-11,2018,Stromsgodset,Lillestrom,2,2,D,O,2.06,3.5,3.48,15,1.0,0.0,2.0,2.0,3.0,3.0,0.0,3.0,7.0,-4.0,0.0,-4.0,4.0,1.0,0.0,1.0,0.0,1.0,-1.0,35.7,42.9,14.3,71.4,1499.3,1467.9
2018-11-11,2018,Start,Rosenborg,0,1,A,U,4.33,3.51,1.84,15,2.0,1.0,1.0,1.0,5.0,2.0,3.0,3.0,2.0,1.0,2.0,0.0,2.0,1.0,0.0,1.0,1.0,0.0,1.0,42.9,42.9,64.3,21.4,1404.7,1689.1
2018-11-11,2018,Sarpsborg 08,Sandefjord,1,1,D,U,1.71,3.87,4.62,15,1.0,0.0,2.0,1.0,3.0,4.0,-1.0,4.0,5.0,-1.0,-1.0,-1.0,0.0,0.0,0.0,0.0,0.0,0.0,0.0,50.0,35.7,7.1,50.0,1522.8,1415.1
2018-11-11,2018,Ranheim,Tromso,1,2,A,O,2.24,3.6,3.0,15,2.0,0.0,0.0,3.0,5.0,1.0,4.0,3.0,7.0,-4.0,2.0,-6.0,8.0,0.0,0.0,0.0,0.0,1.0,-1.0,57.1,14.3,21.4,71.4,1511.1,1457.4
2018-11-11,2018,Odd,Stabaek,0,3,A,O,2.03,3.73,3.33,15,3.0,0.0,0.0,1.0,6.0,3.0,3.0,2.0,4.0,-2.0,4.0,-1.0,5.0,1.0,0.0,1.0,0.0,0.0,0.0,57.1,21.4,0.0,64.3,1536.3,1449.3
2018-11-11,2018,Molde,Haugesund,2,0,H,U,1.48,4.35,6.4,15,2.0,1.0,0.0,2.0,6.0,3.0,3.0,4.0,4.0,0.0,2.0,-1.0,3.0,0.0,0.0,0.0,0.0,0.0,0.0,71.4,21.4,42.9,35.7,1616.8,1553.5
2018-11-11,2018,Kristiansund,Brann,3,1,H,O,3.33,3.63,2.07,15,3.0,2.0,0.0,1.0,10.0,6.0,4.0,4.0,4.0,0.0,6.0,2.0,4.0,1.0,1.0,0.0,0.0,0.0,0.0,50.0,21.4,57.1,21.4,1546.0,1601.1
2018-11-11,2018,Bodo/Glimt,Valerenga,1,1,D,U,1.71,3.98,4.48,15,0.0,0.0,2.0,2.0,2.0,3.0,-1.0,4.0,6.0,-2.0,-2.0,-3.0,1.0,0.0,0.0,0.0,0.0,1.0,-1.0,28.6,35.7,28.6,50.0,1454.5,1502.6
2018-11-05,2018,Lillestrom,Bodo/Glimt,1,1,D,U,2.06,3.35,3.64,14,2.0,0.0,0.0,1.0,4.0,1.0,3.0,2.0,2.0,0.0,2.0,-1.0,3.0,0.0,0.0,0.0,0.0,0.0,0.0,30.8,15.4,15.4,38.5,1468.4,1454.1
2018-11-04,2018,Valerenga,Sarpsborg 08,0,0,D,U,2.04,3.51,3.53,14,1.0,0.0,2.0,2.0,5.0,3.0,2.0,7.0,6.0,1.0,-2.0,-3.0,1.0,0.0,0.0,0.0,1.0,1.0,0.0,46.2,23.1,23.1,46.2,1502.0,1523.4
2018-11-04,2018,Tromso,Molde,2,4,A,O,3.73,3.72,1.92,14,1.0,3.0,1.0,0.0,3.0,6.0,-3.0,3.0,2.0,1.0,0.0,4.0,-4.0,0.0,1.0,-1.0,0.0,0.0,0.0,53.8,30.8,38.5,30.8,1463.4,1610.8
2018-11-04,2018,Sandefjord,Start,4,1,H,O,2.8,3.39,2.45,14,1.0,2.0,0.0,1.0,4.0,6.0,-2.0,3.0,5.0,-2.0,1.0,1.0,0.0,0.0,0.0,0.0,0.0,0.0,0.0,15.4,53.8,15.4,61.5,1404.8,1415.0
2018-11-04,2018,Rosenborg,Odd,3,1,H,O,1.41,4.63,7.58,14,2.0,1.0,0.0,1.0,5.0,3.0,2.0,2.0,4.0,-2.0,3.0,-1.0,4.0,1.0,0.0,1.0,0.0,1.0,-1.0,61.5,7.7,23.1,46.2,1683.0,1542.5
2018-11-04,2018,Haugesund,Ranheim,2,0,H,U,1.62,4.05,5.2,14,2.0,0.0,1.0,3.0,4.0,2.0,2.0,3.0,6.0,-3.0,1.0,-4.0,5.0,1.0,0.0,1.0,1.0,1.0,0.0,61.5,23.1,30.8,53.8,1544.2,1520.4
2018-11-04,2018,Brann,Stromsgodset,3,1,H,O,1.73,3.78,4.67,14,0.0,1.0,1.0,1.0,3.0,3.0,0.0,4.0,3.0,1.0,-1.0,0.0,-1.0,0.0,0.0,0.0,0.0,0.0,0.0,53.8,15.4,15.4,46.2,1593.5,1506.9
2018-11-03,2018,Stabaek,Kristiansund,0,1,A,U,1.7,3.88,4.66,14,1.0,1.0,1.0,2.0,5.0,5.0,0.0,5.0,5.0,0.0,0.0,0.0,0.0,0.0,1.0,-1.0,0.0,0.0,0.0,38.5,23.1,30.8,46.2,1457.0,1538.3
2018-10-29,2018,Start,Molde,1,3,A,O,4.63,3.84,1.72,14,2.0,2.0,1.0,0.0,4.0,4.0,0.0,1.0,2.0,-1.0,3.0,2.0,1.0,1.0,0.0,1.0,0.0,0.0,0.0,46.2,38.5,33.3,33.3,1420.1,1605.7
2018-10-28,2018,Sarpsborg 08,Haugesund,2,1,H,O,1.99,3.4,3.84,14,0.0,1.0,3.0,2.0,2.0,2.0,0.0,5.0,3.0,2.0,-3.0,-1.0,-2.0,0.0,0.0,0.0,0.0,0.0,0.0,46.2,38.5,46.2,30.8,1512.1,1555.5
2018-10-28,2018,Ranheim,Lillestrom,3,2,H,O,2.92,3.44,2.36,14,1.0,1.0,0.0,1.0,3.0,4.0,-1.0,2.0,5.0,-3.0,1.0,-1.0,2.0,0.0,1.0,-1.0,0.0,1.0,-1.0,53.8,15.4,15.4,69.2,1511.4,1477.4
2018-10-28,2018,Odd,Tromso,1,0,H,U,1.82,3.8,4.1,14,2.0,1.0,0.0,2.0,6.0,5.0,1.0,3.0,8.0,-5.0,3.0,-3.0,6.0,1.0,1.0,0.0,0.0,1.0,-1.0,53.8,23.1,23.1,69.2,1534.2,1471.6
2018-10-28,2018,Kristiansund,Sandefjord,3,2,H,O,1.83,3.77,4.06,14,2.0,0.0,0.0,0.0,8.0,5.0,3.0,3.0,5.0,-2.0,5.0,0.0,5.0,1.0,0.0,1.0,0.0,0.0,0.0,46.2,23.1,7.7,46.2,1531.6,1411.5
2018-10-28,2018,Brann,Rosenborg,1,2,A,O,2.61,3.33,2.67,13,1.0,1.0,0.0,1.0,3.0,3.0,0.0,2.0,3.0,-1.0,1.0,0.0,1.0,0.0,0.0,0.0,0.0,0.0,0.0,58.3,8.3,61.5,23.1,1601.5,1675.1
2018-10-28,2018,Bodo/Glimt,Stabaek,1,1,D,U,1.81,3.81,4.13,14,1.0,0.0,2.0,2.0,4.0,2.0,2.0,4.0,5.0,-1.0,0.0,-3.0,3.0,1.0,0.0,1.0,0.0,1.0,-1.0,30.8,38.5,0.0,69.2,1454.1,1457.1
2018-10-27,2018,Stromsgodset,Valerenga,2,0,H,U,2.1,3.62,3.28,14,0.0,1.0,3.0,1.0,3.0,4.0,-1.0,7.0,4.0,3.0,-4.0,0.0,-4.0,0.0,0.0,0.0,1.0,0.0,1.0,30.8,46.2,30.8,46.2,1496.4,1512.5
2018-10-21,2018,Valerenga,Kristiansund,0,2,A,U,1.54,4.3,5.69,13,2.0,1.0,1.0,2.0,7.0,5.0,2.0,5.0,6.0,-1.0,2.0,-1.0,3.0,1.0,0.0,1.0,0.0,0.0,0.0,50.0,16.7,25.0,50.0,1522.5,1521.6
2018-10-21,2018,Tromso,Start,1,2,A,O,2.22,3.39,3.2,13,1.0,1.0,1.0,1.0,3.0,5.0,-2.0,3.0,5.0,-2.0,0.0,0.0,0.0,0.0,0.0,0.0,0.0,0.0,0.0,58.3,25.0,8.3,66.7,1483.7,1408.0
2018-10-21,2018,Stabaek,Brann,1,2,A,O,2.97,3.4,2.33,13,1.0,1.0,0.0,2.0,7.0,4.0,3.0,6.0,5.0,1.0,1.0,-1.0,2.0,0.0,1.0,-1.0,0.0,1.0,-1.0,41.7,16.7,53.8,23.1,1463.5,1595.1
2018-10-21,2018,Ranheim,Bodo/Glimt,0,0,D,U,2.95,3.46,2.33,13,1.0,1.0,0.0,1.0,4.0,3.0,1.0,3.0,3.0,0.0,1.0,0.0,1.0,0.0,0.0,0.0,0.0,0.0,0.0,58.3,16.7,16.7,41.7,1513.1,1452.3
2018-10-21,2018,Lillestrom,Rosenborg,0,0,D,U,2.86,3.38,2.42,13,2.0,2.0,1.0,1.0,4.0,5.0,-1.0,3.0,3.0,0.0,1.0,2.0,-1.0,0.0,1.0,-1.0,0.0,0.0,0.0,33.3,16.7,66.7,25.0,1472.0,1680.4
2018-10-21,2018,Haugesund,Odd,2,0,H,U,2.03,3.4,3.67,13,2.0,2.0,1.0,0.0,4.0,4.0,0.0,3.0,2.0,1.0,1.0,2.0,-1.0,1.0,0.0,1.0,1.0,0.0,1.0,58.3,25.0,25.0,41.7,1545.5,1544.2
2018-10-20,2018,Sandefjord,Stromsgodset,2,1,H,O,3.34,3.55,2.1,13,0.0,1.0,1.0,1.0,3.0,5.0,-2.0,5.0,5.0,0.0,-2.0,0.0,-2.0,0.0,0.0,0.0,1.0,0.0,1.0,8.3,58.3,16.7,41.7,1398.4,1509.5
2018-10-20,2018,Molde,Sarpsborg 08,2,2,D,O,1.49,4.22,6.51,14,2.0,0.0,1.0,3.0,6.0,2.0,4.0,5.0,7.0,-2.0,1.0,-5.0,6.0,0.0,0.0,0.0,0.0,2.0,-2.0,76.9,23.1,25.0,50.0,1608.5,1509.4
2018-10-07,2018,Start,Sarpsborg 08,1,0,H,U,2.6,3.31,2.68,13,1.0,0.0,1.0,3.0,3.0,2.0,1.0,1.0,8.0,-7.0,2.0,-6.0,8.0,1.0,0.0,1.0,0.0,3.0,-3.0,41.7,41.7,27.3,45.5,1394.4,1522.9
2018-10-07,2018,Rosenborg,Sandefjord,1,1,D,U,1.39,4.88,7.35,13,3.0,0.0,0.0,0.0,8.0,5.0,3.0,4.0,5.0,-1.0,4.0,0.0,4.0,1.0,0.0,1.0,0.0,0.0,0.0,66.7,8.3,8.3,50.0,1687.3,1391.5
2018-10-07,2018,Odd,Ranheim,2,0,H,U,1.69,3.83,4.87,13,1.0,1.0,0.0,2.0,6.0,5.0,1.0,5.0,6.0,-1.0,1.0,-1.0,2.0,0.0,0.0,0.0,0.0,0.0,0.0,50.0,25.0,33.3,50.0,1534.5,1522.8
2018-10-07,2018,Kristiansund,Tromso,5,1,H,O,2.32,3.42,2.99,13,1.0,1.0,1.0,2.0,3.0,4.0,-1.0,4.0,6.0,-2.0,-1.0,-2.0,1.0,0.0,1.0,-1.0,1.0,1.0,0.0,41.7,25.0,25.0,66.7,1512.2,1493.2
2018-10-07,2018,Brann,Lillestrom,1,1,D,U,1.72,3.74,4.76,12,2.0,1.0,0.0,2.0,4.0,3.0,1.0,1.0,6.0,-5.0,3.0,-3.0,6.0,1.0,1.0,0.0,0.0,2.0,-2.0,63.6,9.1,16.7,75.0,1598.7,1468.4
2018-10-07,2018,Bodo/Glimt,Molde,0,1,A,U,3.23,3.51,2.16,13,1.0,1.0,1.0,1.0,5.0,4.0,1.0,4.0,5.0,-1.0,1.0,-1.0,2.0,1.0,0.0,1.0,0.0,1.0,-1.0,33.3,33.3,27.3,36.4,1458.4,1602.4
2018-10-06,2018,Stromsgodset,Haugesund,0,1,A,U,1.75,3.79,4.52,13,0.0,0.0,2.0,2.0,4.0,2.0,2.0,7.0,4.0,3.0,-3.0,-2.0,-1.0,0.0,0.0,0.0,1.0,0.0,1.0,33.3,41.7,41.7,33.3,1519.0,1536.0
2018-10-06,2018,Stabaek,Valerenga,1,1,D,U,2.68,3.47,2.52,12,2.0,1.0,0.0,2.0,9.0,3.0,6.0,6.0,4.0,2.0,3.0,-1.0,4.0,1.0,0.0,1.0,0.0,0.0,0.0,45.5,18.2,33.3,50.0,1461.7,1524.3
2018-10-01,2018,Tromso,Brann,2,1,H,O,2.92,3.31,2.41,12,0.0,1.0,2.0,2.0,2.0,4.0,-2.0,4.0,8.0,-4.0,-2.0,-4.0,2.0,0.0,1.0,-1.0,0.0,2.0,-2.0,54.5,27.3,58.3,16.7,1479.5,1612.3
2018-09-30,2018,Valerenga,Start,3,2,H,O,1.57,4.03,5.75,12,2.0,1.0,1.0,0.0,7.0,4.0,3.0,3.0,3.0,0.0,4.0,1.0,3.0,2.0,0.0,2.0,0.0,0.0,0.0,45.5,18.2,9.1,63.6,1517.5,1401.2
2018-09-30,2018,Sarpsborg 08,Stromsgodset,0,1,A,U,1.89,3.7,3.84,13,1.0,0.0,2.0,1.0,4.0,6.0,-2.0,4.0,7.0,-3.0,0.0,-1.0,1.0,1.0,0.0,1.0,0.0,0.0,0.0,50.0,33.3,9.1,45.5,1533.6,1508.3
2018-09-30,2018,Ranheim,Kristiansund,2,1,H,O,2.15,3.42,3.32,12,0.0,1.0,1.0,2.0,3.0,4.0,-1.0,5.0,7.0,-2.0,-2.0,-3.0,1.0,0.0,0.0,0.0,1.0,1.0,0.0,54.5,18.2,27.3,45.5,1512.5,1522.4
2018-09-30,2018,Molde,Rosenborg,1,0,H,U,2.28,3.51,2.98,13,2.0,3.0,1.0,0.0,10.0,8.0,2.0,6.0,3.0,3.0,4.0,5.0,-1.0,1.0,2.0,-1.0,0.0,0.0,0.0,75.0,25.0,72.7,18.2,1589.3,1700.4
2018-09-30,2018,Lillestrom,Stabaek,3,2,H,O,1.94,3.62,3.74,12,1.0,0.0,1.0,1.0,2.0,1.0,1.0,2.0,3.0,-1.0,0.0,-2.0,2.0,0.0,0.0,0.0,0.0,1.0,-1.0,27.3,18.2,0.0,66.7,1458.0,1472.1
2018-09-30,2018,Haugesund,Bodo/Glimt,1,0,H,U,2.03,3.5,3.56,12,2.0,1.0,1.0,1.0,4.0,3.0,1.0,3.0,6.0,-3.0,1.0,-3.0,4.0,1.0,0.0,1.0,1.0,1.0,0.0,54.5,27.3,18.2,36.4,1527.7,1466.7
2018-09-29,2018,Sandefjord,Odd,1,1,D,U,3.01,3.31,2.36,12,1.0,2.0,1.0,0.0,3.0,4.0,-1.0,4.0,2.0,2.0,-1.0,2.0,-3.0,0.0,0.0,0.0,1.0,0.0,1.0,9.1,63.6,27.3,45.5,1387.4,1538.6
2018-09-24,2018,Lillestrom,Tromso,1,0,H,U,1.8,3.87,4.1,11,0.0,1.0,1.0,2.0,3.0,4.0,-1.0,4.0,6.0,-2.0,-1.0,-2.0,1.0,0.0,1.0,-1.0,0.0,1.0,-1.0,20.0,20.0,27.3,63.6,1446.8,1490.8
2018-09-23,2018,Stromsgodset,Molde,1,2,A,O,2.58,3.5,2.6,12,1.0,0.0,1.0,1.0,7.0,4.0,3.0,5.0,6.0,-1.0,2.0,-2.0,4.0,1.0,0.0,1.0,1.0,1.0,0.0,36.4,36.4,20.0,40.0,1516.4,1581.2
2018-09-23,2018,Stabaek,Ranheim,3,2,H,O,1.81,3.79,4.15,11,1.0,1.0,1.0,1.0,7.0,3.0,4.0,7.0,3.0,4.0,0.0,0.0,0.0,1.0,0.0,1.0,1.0,0.0,1.0,40.0,20.0,36.4,45.5,1460.3,1524.3
2018-09-23,2018,Rosenborg,Sarpsborg 08,3,1,H,O,1.55,3.92,6.37,12,2.0,1.0,0.0,2.0,6.0,4.0,2.0,4.0,6.0,-2.0,2.0,-2.0,4.0,0.0,1.0,-1.0,0.0,2.0,-2.0,63.6,9.1,30.0,40.0,1694.6,1539.4
2018-09-23,2018,Kristiansund,Haugesund,2,1,H,O,2.6,3.34,2.69,12,0.0,1.0,1.0,1.0,2.0,3.0,-1.0,4.0,3.0,1.0,-2.0,0.0,-2.0,0.0,0.0,0.0,1.0,0.0,1.0,36.4,27.3,45.5,27.3,1511.7,1538.5
2018-09-23,2018,Brann,Sandefjord,1,1,D,U,1.42,4.49,7.73,11,3.0,0.0,0.0,0.0,7.0,6.0,1.0,1.0,6.0,-5.0,6.0,0.0,6.0,2.0,0.0,2.0,0.0,0.0,0.0,70.0,10.0,9.1,54.5,1618.2,1381.5
2018-09-23,2018,Bodo/Glimt,Start,1,2,A,O,1.63,3.85,5.34,12,2.0,0.0,0.0,1.0,7.0,3.0,4.0,2.0,6.0,-4.0,5.0,-3.0,8.0,2.0,0.0,2.0,0.0,1.0,-1.0,36.4,27.3,0.0,70.0,1479.2,1388.7
2018-09-22,2018,Odd,Valerenga,3,2,H,O,2.54,3.42,2.69,12,1.0,1.0,0.0,2.0,6.0,2.0,4.0,4.0,6.0,-2.0,2.0,-4.0,6.0,1.0,0.0,1.0,0.0,1.0,-1.0,45.5,27.3,36.4,45.5,1528.7,1527.5
2018-09-17,2018,Molde,Kristiansund,3,2,H,O,1.43,4.51,7.29,12,2.0,2.0,1.0,1.0,12.0,5.0,7.0,5.0,6.0,-1.0,7.0,-1.0,8.0,2.0,0.0,2.0,0.0,1.0,-1.0,72.7,27.3,30.0,40.0,1572.7,1520.2
2018-09-16,2018,Valerenga,Rosenborg,2,3,A,O,3.2,3.51,2.17,11,2.0,3.0,0.0,0.0,7.0,6.0,1.0,2.0,1.0,1.0,5.0,5.0,0.0,2.0,2.0,0.0,0.0,0.0,0.0,50.0,10.0,70.0,20.0,1533.3,1688.8
2018-09-16,2018,Tromso,Stabaek,0,0,D,U,2.0,3.62,3.59,11,1.0,0.0,2.0,2.0,4.0,2.0,2.0,5.0,5.0,0.0,-1.0,-3.0,2.0,0.0,0.0,0.0,0.0,1.0,-1.0,60.0,30.0,0.0,72.7,1491.7,1459.3
2018-09-16,2018,Start,Lillestrom,3,0,H,O,2.74,3.34,2.55,12,1.0,1.0,1.0,2.0,2.0,4.0,-2.0,2.0,6.0,-4.0,0.0,-2.0,2.0,0.0,1.0,-1.0,0.0,2.0,-2.0,36.4,45.5,18.2,72.7,1376.3,1459.1
2018-09-16,2018,Sarpsborg 08,Odd,1,2,A,O,1.95,3.5,3.85,12,2.0,1.0,1.0,0.0,7.0,3.0,4.0,3.0,2.0,1.0,4.0,1.0,3.0,2.0,0.0,2.0,0.0,0.0,0.0,54.5,27.3,20.0,50.0,1550.4,1517.7
2018-09-16,2018,Sandefjord,Bodo/Glimt,1,1,D,U,3.36,3.48,2.12,11,1.0,1.0,2.0,1.0,2.0,4.0,-2.0,4.0,7.0,-3.0,-2.0,-3.0,1.0,0.0,0.0,0.0,1.0,1.0,0.0,10.0,70.0,20.0,40.0,1378.6,1482.1
2018-09-16,2018,Ranheim,Stromsgodset,1,1,D,U,2.94,3.56,2.3,11,1.0,0.0,1.0,1.0,4.0,6.0,-2.0,4.0,7.0,-3.0,0.0,-1.0,1.0,1.0,0.0,1.0,1.0,0.0,1.0,60.0,20.0,10.0,50.0,1524.6,1516.2
2018-09-15,2018,Haugesund,Brann,1,3,A,O,2.81,3.25,2.54,11,3.0,0.0,0.0,2.0,7.0,3.0,4.0,2.0,9.0,-7.0,5.0,-6.0,11.0,2.0,0.0,2.0,0.0,2.0,-2.0,60.0,20.0,54.5,18.2,1546.7,1610.0
2018-09-02,2018,Rosenborg,Haugesund,1,0,H,U,1.52,4.18,6.25,11,2.0,1.0,0.0,1.0,7.0,4.0,3.0,5.0,4.0,1.0,2.0,0.0,2.0,0.0,0.0,0.0,0.0,0.0,0.0,60.0,10.0,50.0,20.0,1682.4,1553.1
2018-09-02,2018,Odd,Molde,1,1,D,U,2.9,3.46,2.37,11,1.0,1.0,1.0,1.0,5.0,7.0,-2.0,4.0,5.0,-1.0,1.0,2.0,-1.0,1.0,1.0,0.0,0.0,1.0,-1.0,50.0,30.0,22.2,44.4,1516.1,1574.3
2018-09-02,2018,Lillestrom,Valerenga,0,1,A,U,2.33,3.48,2.93,10,0.0,0.0,0.0,3.0,4.0,1.0,3.0,4.0,9.0,-5.0,0.0,-8.0,8.0,0.0,0.0,0.0,0.0,2.0,-2.0,22.2,11.1,30.0,50.0,1467.5,1524.9
2018-09-02,2018,Kristiansund,Start,1,1,D,U,1.98,3.44,3.82,11,0.0,0.0,1.0,2.0,2.0,2.0,0.0,4.0,7.0,-3.0,-2.0,-5.0,3.0,0.0,0.0,0.0,1.0,2.0,-1.0,40.0,30.0,0.0,77.8,1524.3,1372.2
2018-09-02,2018,Brann,Ranheim,1,0,H,U,1.48,4.17,7.02,10,2.0,1.0,1.0,1.0,6.0,4.0,2.0,5.0,6.0,-1.0,1.0,-2.0,3.0,2.0,0.0,2.0,1.0,1.0,0.0,66.7,11.1,40.0,40.0,1602.0,1532.6
2018-09-02,2018,Bodo/Glimt,Sarpsborg 08,3,1,H,O,2.05,3.46,3.57,11,1.0,1.0,0.0,1.0,6.0,4.0,2.0,3.0,4.0,-1.0,3.0,0.0,3.0,1.0,1.0,0.0,0.0,1.0,-1.0,30.0,30.0,33.3,33.3,1469.5,1563.0
2018-09-01,2018,Stromsgodset,Tromso,2,4,A,O,1.6,4.19,5.18,11,1.0,0.0,1.0,3.0,7.0,1.0,6.0,4.0,6.0,-2.0,3.0,-5.0,8.0,1.0,0.0,1.0,0.0,1.0,-1.0,40.0,30.0,20.0,70.0,1527.5,1480.4
2018-09-01,2018,Stabaek,Sandefjord,3,3,D,O,1.71,3.81,4.8,10,2.0,0.0,1.0,1.0,6.0,5.0,1.0,5.0,7.0,-2.0,1.0,-2.0,3.0,1.0,0.0,1.0,1.0,1.0,0.0,44.4,22.2,10.0,60.0,1461.8,1376.2
2018-08-27,2018,Start,Odd,0,1,A,U,2.91,3.31,2.44,11,2.0,0.0,0.0,1.0,4.0,3.0,1.0,1.0,4.0,-3.0,3.0,-1.0,4.0,1.0,0.0,1.0,0.0,0.0,0.0,40.0,40.0,11.1,55.6,1378.6,1509.7
2018-08-26,2018,Valerenga,Brann,2,0,H,U,2.45,3.38,2.83,10,1.0,1.0,0.0,1.0,7.0,4.0,3.0,4.0,7.0,-3.0,3.0,-3.0,6.0,1.0,0.0,1.0,0.0,1.0,-1.0,44.4,11.1,60.0,10.0,1512.0,1614.9
2018-08-26,2018,Sarpsborg 08,Kristiansund,1,2,A,O,2.06,3.42,3.58,11,2.0,1.0,1.0,2.0,8.0,3.0,5.0,4.0,7.0,-3.0,4.0,-4.0,8.0,2.0,0.0,2.0,0.0,2.0,-2.0,60.0,20.0,22.2,44.4,1574.8,1512.5
2018-08-26,2018,Sandefjord,Lillestrom,1,3,A,O,3.0,3.35,2.35,10,1.0,0.0,2.0,2.0,1.0,3.0,-2.0,3.0,7.0,-4.0,-2.0,-4.0,2.0,0.0,0.0,0.0,1.0,2.0,-1.0,11.1,66.7,10.0,80.0,1384.0,1459.6
2018-08-26,2018,Rosenborg,Stromsgodset,4,3,H,O,1.43,4.52,7.29,10,2.0,0.0,0.0,0.0,6.0,4.0,2.0,2.0,4.0,-2.0,4.0,0.0,4.0,1.0,0.0,1.0,0.0,0.0,0.0,55.6,11.1,11.1,44.4,1676.3,1533.6
2018-08-26,2018,Molde,Ranheim,2,3,A,O,1.37,4.81,8.33,11,3.0,0.0,0.0,2.0,13.0,1.0,12.0,2.0,7.0,-5.0,11.0,-6.0,17.0,3.0,0.0,3.0,0.0,2.0,-2.0,80.0,20.0,33.3,44.4,1586.2,1520.8
2018-08-26,2018,Haugesund,Stabaek,2,0,H,U,1.97,3.63,3.64,10,2.0,0.0,0.0,2.0,7.0,2.0,5.0,4.0,6.0,-2.0,3.0,-4.0,7.0,1.0,0.0,1.0,0.0,1.0,-1.0,55.6,22.2,0.0,70.0,1545.3,1469.6
2018-08-25,2018,Tromso,Bodo/Glimt,1,2,A,O,2.22,3.52,3.11,10,2.0,0.0,1.0,1.0,5.0,2.0,3.0,4.0,6.0,-2.0,1.0,-4.0,5.0,0.0,0.0,0.0,0.0,1.0,-1.0,66.7,22.2,11.1,44.4,1491.3,1458.5
2018-08-20,2018,Bodo/Glimt,Odd,1,1,D,U,1.92,3.72,3.75,10,1.0,0.0,0.0,1.0,6.0,2.0,4.0,3.0,3.0,0.0,3.0,-1.0,4.0,1.0,0.0,1.0,0.0,0.0,0.0,33.3,33.3,12.5,62.5,1457.0,1511.2
2018-08-19,2018,Valerenga,Tromso,3,0,H,O,1.96,3.72,3.6,9,1.0,1.0,0.0,2.0,5.0,4.0,1.0,4.0,5.0,-1.0,1.0,-1.0,2.0,0.0,0.0,0.0,0.0,0.0,0.0,37.5,12.5,22.2,66.7,1502.1,1501.3
2018-08-19,2018,Stromsgodset,Start,1,1,D,U,1.37,5.0,7.75,10,2.0,0.0,1.0,3.0,9.0,2.0,7.0,3.0,9.0,-6.0,6.0,-7.0,13.0,2.0,0.0,2.0,0.0,3.0,-3.0,44.4,33.3,0.0,87.5,1538.0,1374.2
2018-08-19,2018,Stabaek,Molde,3,1,H,O,2.98,3.58,2.26,9,1.0,1.0,1.0,1.0,3.0,6.0,-3.0,4.0,3.0,1.0,-1.0,3.0,-4.0,0.0,1.0,-1.0,1.0,0.0,1.0,37.5,25.0,25.0,37.5,1455.7,1600.1
2018-08-19,2018,Ranheim,Sandefjord,1,1,D,U,2.01,3.47,3.68,10,2.0,0.0,1.0,1.0,5.0,5.0,0.0,4.0,7.0,-3.0,1.0,-2.0,3.0,1.0,0.0,1.0,1.0,1.0,0.0,66.7,22.2,11.1,66.7,1524.7,1380.1
2018-08-19,2018,Lillestrom,Haugesund,1,1,D,U,2.09,3.53,3.38,9,0.0,2.0,0.0,1.0,3.0,5.0,-2.0,3.0,3.0,0.0,0.0,2.0,-2.0,0.0,1.0,-1.0,0.0,0.0,0.0,25.0,12.5,55.6,22.2,1457.0,1547.8
2018-08-19,2018,Kristiansund,Rosenborg,0,2,A,U,5.38,4.02,1.6,10,1.0,2.0,0.0,1.0,3.0,5.0,-2.0,2.0,3.0,-1.0,1.0,2.0,-1.0,0.0,1.0,-1.0,0.0,0.0,0.0,44.4,22.2,66.7,22.2,1518.4,1670.4
2018-08-19,2018,Brann,Sarpsborg 08,2,0,H,U,1.72,3.74,4.79,9,1.0,1.0,1.0,1.0,4.0,5.0,-1.0,5.0,4.0,1.0,-1.0,1.0,-2.0,1.0,1.0,0.0,1.0,0.0,1.0,62.5,12.5,37.5,25.0,1605.5,1584.2
2018-08-13,2018,Haugesund,Valerenga,1,0,H,U,1.92,3.74,3.72,9,2.0,0.0,0.0,2.0,7.0,1.0,6.0,4.0,8.0,-4.0,3.0,-7.0,10.0,1.0,0.0,1.0,0.0,2.0,-2.0,50.0,25.0,33.3,44.4,1538.6,1511.3
2018-08-12,2018,Start,Ranheim,0,0,D,U,2.09,3.51,3.42,10,2.0,0.0,0.0,3.0,5.0,1.0,4.0,2.0,11.0,-9.0,3.0,-10.0,13.0,1.0,0.0,1.0,0.0,3.0,-3.0,44.4,44.4,37.5,50.0,1369.9,1529.0
2018-08-12,2018,Sarpsborg 08,Lillestrom,2,0,H,U,2.08,3.58,3.38,10,2.0,0.0,1.0,2.0,10.0,3.0,7.0,6.0,6.0,0.0,4.0,-3.0,7.0,2.0,0.0,2.0,0.0,1.0,-1.0,55.6,22.2,11.1,77.8,1577.3,1463.9
2018-08-12,2018,Rosenborg,Stabaek,1,1,D,U,1.31,5.34,9.17,9,2.0,0.0,1.0,3.0,6.0,3.0,3.0,3.0,9.0,-6.0,3.0,-6.0,9.0,1.0,0.0,1.0,0.0,2.0,-2.0,62.5,12.5,0.0,77.8,1676.1,1450.0
2018-08-12,2018,Odd,Stromsgodset,2,2,D,O,2.41,3.48,2.81,10,1.0,0.0,2.0,1.0,4.0,2.0,2.0,4.0,6.0,-2.0,0.0,-4.0,4.0,1.0,0.0,1.0,0.0,1.0,-1.0,55.6,33.3,12.5,50.0,1510.4,1538.9
2018-08-12,2018,Molde,Brann,5,1,H,O,2.03,3.51,3.58,10,3.0,2.0,0.0,0.0,11.0,5.0,6.0,2.0,3.0,-1.0,9.0,2.0,7.0,3.0,0.0,3.0,0.0,0.0,0.0,77.8,22.2,66.7,0.0,1589.3,1616.3
2018-08-12,2018,Bodo/Glimt,Kristiansund,3,0,H,O,1.88,3.72,3.91,9,1.0,2.0,0.0,1.0,7.0,5.0,2.0,3.0,5.0,-2.0,4.0,0.0,4.0,1.0,0.0,1.0,0.0,1.0,-1.0,25.0,37.5,25.0,37.5,1444.5,1530.8
2018-08-10,2018,Sandefjord,Tromso,1,0,H,U,2.99,3.39,2.34,9,0.0,1.0,3.0,2.0,0.0,4.0,-4.0,4.0,5.0,-1.0,-4.0,-1.0,-3.0,0.0,0.0,0.0,1.0,0.0,1.0,0.0,75.0,25.0,62.5,1366.0,1515.3
2018-08-06,2018,Brann,Start,4,1,H,O,1.37,4.67,8.77,8,0.0,0.0,1.0,3.0,1.0,1.0,0.0,5.0,9.0,-4.0,-4.0,-8.0,4.0,0.0,0.0,0.0,1.0,3.0,-2.0,57.1,14.3,0.0,85.7,1612.2,1374.0
2018-08-05,2018,Valerenga,Sandefjord,2,2,D,O,1.52,4.22,6.07,8,2.0,0.0,0.0,2.0,4.0,3.0,1.0,2.0,7.0,-5.0,2.0,-4.0,6.0,0.0,0.0,0.0,0.0,2.0,-2.0,42.9,14.3,12.5,75.0,1515.4,1361.9
2018-08-05,2018,Tromso,Haugesund,1,2,A,O,2.03,3.55,3.51,9,3.0,1.0,0.0,1.0,7.0,4.0,3.0,2.0,3.0,-1.0,5.0,1.0,4.0,1.0,1.0,0.0,0.0,0.0,0.0,75.0,12.5,50.0,25.0,1525.2,1528.7
2018-08-05,2018,Stromsgodset,Bodo/Glimt,4,0,H,O,1.58,4.2,5.33,9,2.0,0.0,1.0,1.0,7.0,2.0,5.0,3.0,3.0,0.0,4.0,-1.0,5.0,2.0,0.0,2.0,0.0,0.0,0.0,37.5,37.5,12.5,37.5,1531.1,1452.3
2018-08-05,2018,Stabaek,Sarpsborg 08,1,3,A,O,2.75,3.37,2.51,8,2.0,1.0,0.0,1.0,4.0,3.0,1.0,2.0,3.0,-1.0,2.0,0.0,2.0,0.0,0.0,0.0,0.0,0.0,0.0,42.9,14.3,28.6,28.6,1456.8,1570.5
2018-08-05,2018,Lillestrom,Molde,2,2,D,O,3.15,3.53,2.18,8,0.0,1.0,0.0,2.0,2.0,5.0,-3.0,2.0,4.0,-2.0,0.0,1.0,-1.0,0.0,1.0,-1.0,0.0,1.0,-1.0,28.6,14.3,28.6,42.9,1460.2,1593.0
2018-08-05,2018,Kristiansund,Odd,1,1,D,U,2.28,3.35,3.1,9,2.0,0.0,0.0,2.0,6.0,2.0,4.0,1.0,4.0,-3.0,5.0,-2.0,7.0,1.0,0.0,1.0,0.0,0.0,0.0,50.0,25.0,14.3,71.4,1531.5,1509.8
2018-08-04,2018,Ranheim,Rosenborg,1,3,A,O,4.48,3.72,1.77,9,3.0,2.0,0.0,1.0,7.0,4.0,3.0,2.0,3.0,-1.0,5.0,1.0,4.0,2.0,0.0,2.0,0.0,0.0,0.0,75.0,12.5,62.5,25.0,1535.3,1669.8
2018-07-09,2018,Stromsgodset,Kristiansund,2,3,A,O,1.56,4.2,5.58,8,2.0,1.0,1.0,2.0,6.0,4.0,2.0,2.0,6.0,-4.0,4.0,-2.0,6.0,2.0,0.0,2.0,0.0,1.0,-1.0,42.9,28.6,14.3,42.9,1541.7,1520.9
2018-07-08,2018,Start,Stabaek,2,1,H,O,2.46,3.42,2.77,9,2.0,0.0,0.0,3.0,4.0,2.0,2.0,1.0,8.0,-7.0,3.0,-6.0,9.0,1.0,0.0,1.0,0.0,2.0,-2.0,37.5,50.0,0.0,75.0,1360.9,1469.8
2018-07-08,2018,Sarpsborg 08,Ranheim,4,1,H,O,1.61,3.95,5.4,9,2.0,1.0,1.0,2.0,10.0,3.0,7.0,5.0,8.0,-3.0,5.0,-5.0,10.0,2.0,1.0,1.0,0.0,2.0,-2.0,50.0,25.0,42.9,42.9,1560.9,1544.8
2018-07-08,2018,Odd,Lillestrom,3,1,H,O,2.0,3.55,3.62,9,1.0,0.0,2.0,2.0,6.0,2.0,4.0,3.0,6.0,-3.0,3.0,-4.0,7.0,1.0,0.0,1.0,0.0,1.0,-1.0,50.0,37.5,12.5,75.0,1500.7,1469.3
2018-07-08,2018,Molde,Valerenga,5,1,H,O,1.71,3.82,4.72,9,3.0,0.0,0.0,2.0,8.0,0.0,8.0,1.0,6.0,-5.0,7.0,-6.0,13.0,3.0,0.0,3.0,0.0,2.0,-2.0,75.0,25.0,37.5,37.5,1584.7,1523.7
2018-07-08,2018,Haugesund,Sandefjord,4,2,H,O,1.48,4.1,7.18,8,1.0,0.0,1.0,2.0,4.0,1.0,3.0,4.0,8.0,-4.0,0.0,-7.0,7.0,0.0,0.0,0.0,0.0,2.0,-2.0,42.9,28.6,14.3,71.4,1522.9,1367.7
2018-07-08,2018,Bodo/Glimt,Brann,2,2,D,O,2.8,3.25,2.52,8,1.0,2.0,1.0,0.0,5.0,4.0,1.0,2.0,2.0,0.0,3.0,2.0,1.0,1.0,0.0,1.0,0.0,0.0,0.0,28.6,42.9,75.0,0.0,1447.8,1616.7
2018-07-07,2018,Rosenborg,Tromso,2,1,H,O,1.46,4.39,6.75,8,2.0,2.0,1.0,1.0,7.0,4.0,3.0,2.0,3.0,-1.0,5.0,1.0,4.0,2.0,0.0,2.0,0.0,0.0,0.0,57.1,14.3,28.6,57.1,1663.4,1531.6
2018-07-02,2018,Lillestrom,Stromsgodset,1,1,D,U,2.6,3.5,2.58,7,1.0,0.0,0.0,2.0,2.0,1.0,1.0,1.0,7.0,-6.0,1.0,-6.0,7.0,0.0,0.0,0.0,0.0,2.0,-2.0,33.3,16.7,14.3,57.1,1467.2,1543.9
2018-07-01,2018,Tromso,Odd,2,1,H,O,2.04,3.48,3.55,8,2.0,0.0,1.0,2.0,6.0,2.0,4.0,3.0,5.0,-2.0,3.0,-3.0,6.0,1.0,0.0,1.0,0.0,1.0,-1.0,71.4,14.3,16.7,66.7,1522.0,1510.4
2018-07-01,2018,Stabaek,Haugesund,2,1,H,O,2.45,3.46,2.77,7,1.0,1.0,1.0,0.0,2.0,5.0,-3.0,2.0,3.0,-1.0,0.0,2.0,-2.0,0.0,1.0,-1.0,0.0,0.0,0.0,33.3,16.7,57.1,14.3,1457.6,1535.1
2018-07-01,2018,Sandefjord,Rosenborg,0,1,A,U,6.8,4.18,1.49,8,0.0,2.0,3.0,1.0,0.0,4.0,-4.0,4.0,3.0,1.0,-4.0,1.0,-5.0,0.0,0.0,0.0,1.0,0.0,1.0,0.0,71.4,57.1,28.6,1370.9,1660.2
2018-07-01,2018,Ranheim,Start,2,0,H,U,1.94,3.53,3.87,8,3.0,0.0,0.0,3.0,8.0,1.0,7.0,3.0,10.0,-7.0,5.0,-9.0,14.0,2.0,0.0,2.0,0.0,3.0,-3.0,71.4,14.3,0.0,83.3,1539.4,1366.3
2018-07-01,2018,Kristiansund,Sarpsborg 08,1,1,D,U,2.67,3.31,2.61,8,2.0,2.0,1.0,1.0,6.0,4.0,2.0,3.0,3.0,0.0,3.0,1.0,2.0,1.0,0.0,1.0,1.0,0.0,1.0,57.1,28.6,33.3,33.3,1519.6,1562.2
2018-07-01,2018,Brann,Molde,0,4,A,O,1.98,3.33,3.96,7,1.0,0.0,0.0,2.0,4.0,3.0,1.0,1.0,6.0,-5.0,3.0,-3.0,6.0,1.0,0.0,1.0,0.0,1.0,-1.0,66.7,0.0,16.7,50.0,1628.3,1573.1
2018-06-30,2018,Valerenga,Bodo/Glimt,2,2,D,O,2.1,3.43,3.45,7,2.0,1.0,0.0,1.0,4.0,2.0,2.0,2.0,2.0,0.0,2.0,0.0,2.0,0.0,0.0,0.0,0.0,0.0,0.0,50.0,16.7,14.3,42.9,1526.0,1445.5
2018-06-25,2018,Odd,Brann,0,1,A,U,2.65,3.18,2.73,8,2.0,2.0,1.0,0.0,9.0,4.0,5.0,2.0,2.0,0.0,7.0,2.0,5.0,2.0,0.0,2.0,0.0,0.0,0.0,57.1,28.6,71.4,0.0,1517.5,1621.2
2018-06-24,2018,Stromsgodset,Ranheim,3,0,H,O,1.53,4.35,5.7,7,1.0,1.0,2.0,1.0,3.0,4.0,-1.0,3.0,6.0,-3.0,0.0,-2.0,2.0,1.0,1.0,0.0,0.0,1.0,-1.0,33.3,33.3,50.0,33.3,1533.4,1549.9
2018-06-24,2018,Start,Kristiansund,2,0,H,U,2.47,3.24,2.89,8,1.0,1.0,1.0,1.0,2.0,4.0,-2.0,2.0,4.0,-2.0,0.0,0.0,0.0,0.0,0.0,0.0,0.0,0.0,0.0,28.6,57.1,16.7,33.3,1351.5,1534.5
2018-06-24,2018,Sarpsborg 08,Tromso,2,3,A,O,1.73,3.77,4.62,8,2.0,1.0,0.0,2.0,10.0,1.0,9.0,4.0,4.0,0.0,6.0,-3.0,9.0,2.0,0.0,2.0,0.0,1.0,-1.0,57.1,14.3,16.7,66.7,1574.0,1510.1
2018-06-24,2018,Rosenborg,Valerenga,3,0,H,O,1.6,3.94,5.51,7,1.0,1.0,1.0,1.0,5.0,1.0,4.0,3.0,3.0,0.0,2.0,-2.0,4.0,1.0,0.0,1.0,0.0,1.0,-1.0,50.0,16.7,42.9,28.6,1653.6,1532.6
2018-06-24,2018,Haugesund,Lillestrom,2,2,D,O,2.05,3.51,3.53,7,2.0,1.0,1.0,2.0,5.0,2.0,3.0,4.0,5.0,-1.0,1.0,-3.0,4.0,0.0,0.0,0.0,0.0,1.0,-1.0,50.0,33.3,14.3,85.7,1537.2,1465.1
2018-06-24,2018,Bodo/Glimt,Sandefjord,1,1,D,U,1.44,4.54,6.89,7,1.0,0.0,1.0,3.0,6.0,0.0,6.0,3.0,8.0,-5.0,3.0,-8.0,11.0,1.0,0.0,1.0,0.0,2.0,-2.0,33.3,50.0,16.7,83.3,1447.8,1368.6
2018-06-23,2018,Molde,Stabaek,3,0,H,O,1.67,4.1,4.64,8,2.0,0.0,1.0,3.0,6.0,2.0,4.0,3.0,6.0,-3.0,3.0,-4.0,7.0,2.0,0.0,2.0,0.0,1.0,-1.0,71.4,28.6,0.0,71.4,1566.0,1464.8
2018-06-11,2018,Tromso,Rosenborg,2,1,H,O,3.63,3.39,2.05,7,1.0,3.0,1.0,0.0,4.0,4.0,0.0,2.0,1.0,1.0,2.0,3.0,-1.0,1.0,0.0,1.0,0.0,0.0,0.0,66.7,16.7,66.7,16.7,1495.5,1668.2
2018-06-10,2018,Start,Stromsgodset,1,1,D,U,3.82,3.69,1.9,7,1.0,0.0,2.0,2.0,1.0,2.0,-1.0,2.0,8.0,-6.0,-1.0,-6.0,5.0,0.0,0.0,0.0,0.0,2.0,-2.0,33.3,66.7,16.7,66.7,1346.5,1538.4
2018-06-10,2018,Stabaek,Bodo/Glimt,0,0,D,U,2.09,3.69,3.23,6,2.0,1.0,1.0,1.0,5.0,2.0,3.0,4.0,2.0,2.0,1.0,0.0,1.0,0.0,0.0,0.0,0.0,0.0,0.0,40.0,20.0,16.7,50.0,1465.3,1447.2
2018-06-10,2018,Sandefjord,Haugesund,0,2,A,U,3.56,3.25,2.12,7,0.0,1.0,3.0,0.0,0.0,4.0,-4.0,3.0,3.0,0.0,-3.0,1.0,-4.0,0.0,0.0,0.0,0.0,0.0,0.0,0.0,66.7,50.0,16.7,1374.4,1531.4
2018-06-10,2018,Ranheim,Sarpsborg 08,2,1,H,O,3.02,3.39,2.31,7,2.0,2.0,0.0,1.0,8.0,4.0,4.0,4.0,4.0,0.0,4.0,0.0,4.0,2.0,0.0,2.0,0.0,1.0,-1.0,66.7,16.7,40.0,20.0,1538.6,1585.3
2018-06-10,2018,Lillestrom,Odd,0,0,D,U,2.03,3.48,3.56,6,1.0,1.0,1.0,2.0,2.0,3.0,-1.0,2.0,5.0,-3.0,0.0,-2.0,2.0,0.0,0.0,0.0,0.0,1.0,-1.0,40.0,20.0,20.0,80.0,1463.5,1519.0
2018-06-10,2018,Brann,Valerenga,0,0,D,U,1.83,3.46,4.45,6,2.0,1.0,0.0,1.0,7.0,3.0,4.0,1.0,5.0,-4.0,6.0,-2.0,8.0,2.0,0.0,2.0,0.0,1.0,-1.0,80.0,0.0,50.0,33.3,1623.8,1530.0
2018-06-09,2018,Kristiansund,Molde,1,0,H,U,2.81,3.38,2.46,7,2.0,0.0,1.0,1.0,6.0,3.0,3.0,3.0,5.0,-2.0,3.0,-2.0,5.0,1.0,0.0,1.0,1.0,1.0,0.0,50.0,33.3,20.0,40.0,1522.9,1577.5
2018-05-28,2018,Sarpsborg 08,Stabaek,4,2,H,O,1.76,3.78,4.46,7,1.0,0.0,0.0,3.0,6.0,0.0,6.0,2.0,5.0,-3.0,4.0,-5.0,9.0,1.0,0.0,1.0,0.0,1.0,-1.0,50.0,16.7,0.0,66.7,1578.3,1472.4
2018-05-27,2018,Stromsgodset,Sandefjord,2,0,H,U,1.34,5.07,8.86,6,1.0,0.0,2.0,3.0,4.0,1.0,3.0,3.0,10.0,-7.0,1.0,-9.0,10.0,1.0,0.0,1.0,0.0,2.0,-2.0,20.0,40.0,20.0,80.0,1532.5,1380.3
2018-05-27,2018,Rosenborg,Brann,1,2,A,O,1.71,3.57,5.21,6,2.0,2.0,0.0,0.0,6.0,3.0,3.0,1.0,1.0,0.0,5.0,2.0,3.0,2.0,0.0,2.0,0.0,0.0,0.0,60.0,0.0,66.7,0.0,1680.1,1611.9
2018-05-27,2018,Odd,Kristiansund,1,2,A,O,1.99,3.4,3.81,7,3.0,0.0,0.0,1.0,11.0,5.0,6.0,1.0,6.0,-5.0,10.0,-1.0,11.0,3.0,0.0,3.0,0.0,0.0,0.0,66.7,16.7,0.0,40.0,1529.5,1512.4
2018-05-27,2018,Molde,Start,3,1,H,O,1.45,4.58,6.55,7,1.0,0.0,2.0,2.0,3.0,1.0,2.0,3.0,8.0,-5.0,0.0,-7.0,7.0,1.0,0.0,1.0,0.0,2.0,-2.0,66.7,33.3,0.0,80.0,1573.2,1350.8
2018-05-27,2018,Haugesund,Tromso,1,0,H,U,1.77,3.71,4.54,6,2.0,1.0,1.0,1.0,5.0,2.0,3.0,4.0,4.0,0.0,1.0,-2.0,3.0,0.0,0.0,0.0,0.0,1.0,-1.0,40.0,40.0,20.0,60.0,1521.9,1505.1
2018-05-27,2018,Bodo/Glimt,Ranheim,4,0,H,O,1.68,4.01,4.69,6,0.0,2.0,2.0,0.0,2.0,5.0,-3.0,4.0,2.0,2.0,-2.0,3.0,-5.0,0.0,1.0,-1.0,0.0,0.0,0.0,20.0,60.0,60.0,20.0,1434.0,1551.8
2018-05-26,2018,Valerenga,Lillestrom,1,0,H,U,2.0,3.6,3.57,6,1.0,1.0,0.0,2.0,3.0,4.0,-1.0,2.0,7.0,-5.0,1.0,-3.0,4.0,0.0,0.0,0.0,0.0,1.0,-1.0,40.0,20.0,16.7,83.3,1521.4,1472.1
2018-05-21,2018,Tromso,Valerenga,3,0,H,O,2.31,3.5,2.93,6,1.0,2.0,1.0,0.0,5.0,9.0,-4.0,3.0,3.0,0.0,2.0,6.0,-4.0,1.0,1.0,0.0,0.0,0.0,0.0,60.0,20.0,60.0,20.0,1494.0,1532.5
2018-05-21,2018,Start,Bodo/Glimt,1,0,H,U,2.82,3.43,2.42,6,0.0,1.0,3.0,0.0,1.0,3.0,-2.0,8.0,2.0,6.0,-7.0,1.0,-8.0,0.0,0.0,0.0,1.0,0.0,1.0,20.0,80.0,20.0,40.0,1337.8,1447.0
2018-05-21,2018,Stabaek,Odd,2,1,H,O,2.45,3.4,2.81,5,1.0,1.0,1.0,2.0,4.0,2.0,2.0,4.0,6.0,-2.0,0.0,-4.0,4.0,0.0,0.0,0.0,0.0,2.0,-2.0,25.0,25.0,25.0,75.0,1460.1,1541.8
2018-05-21,2018,Sandefjord,Sarpsborg 08,0,1,A,U,4.31,3.42,1.87,6,0.0,1.0,2.0,1.0,3.0,4.0,-1.0,5.0,5.0,0.0,-2.0,-1.0,-1.0,0.0,0.0,0.0,0.0,1.0,-1.0,0.0,60.0,25.0,25.0,1385.3,1573.2
2018-05-21,2018,Ranheim,Molde,3,1,H,O,3.2,3.53,2.16,6,1.0,0.0,1.0,1.0,5.0,2.0,3.0,5.0,6.0,-1.0,0.0,-4.0,4.0,1.0,0.0,1.0,1.0,1.0,0.0,60.0,20.0,25.0,25.0,1540.6,1584.4
2018-05-21,2018,Lillestrom,Brann,1,1,D,U,2.97,3.3,2.38,5,2.0,3.0,1.0,0.0,2.0,4.0,-2.0,1.0,0.0,1.0,1.0,4.0,-3.0,0.0,1.0,-1.0,0.0,0.0,0.0,50.0,25.0,80.0,0.0,1468.1,1615.9
2018-05-21,2018,Kristiansund,Stromsgodset,4,0,H,O,2.97,3.31,2.38,6,1.0,0.0,1.0,2.0,3.0,2.0,1.0,4.0,5.0,-1.0,-1.0,-3.0,2.0,0.0,0.0,0.0,1.0,1.0,0.0,40.0,40.0,20.0,60.0,1501.2,1543.7
2018-05-21,2018,Haugesund,Rosenborg,1,2,A,O,3.37,3.25,2.21,5,2.0,3.0,0.0,0.0,5.0,3.0,2.0,3.0,0.0,3.0,2.0,3.0,-1.0,0.0,0.0,0.0,0.0,0.0,0.0,50.0,25.0,60.0,20.0,1527.9,1674.1
2018-05-16,2018,Valerenga,Stabaek,1,0,H,U,1.63,4.2,4.84,5,0.0,0.0,1.0,2.0,3.0,1.0,2.0,6.0,5.0,1.0,-3.0,-4.0,1.0,0.0,0.0,0.0,1.0,1.0,0.0,25.0,25.0,0.0,60.0,1524.1,1468.5
2018-05-16,2018,Sarpsborg 08,Start,4,0,H,O,1.54,4.06,6.13,6,0.0,0.0,1.0,2.0,3.0,1.0,2.0,4.0,6.0,-2.0,-1.0,-5.0,4.0,0.0,0.0,0.0,0.0,2.0,-2.0,40.0,20.0,0.0,75.0,1568.9,1342.1
2018-05-16,2018,Rosenborg,Lillestrom,3,0,H,O,1.42,4.49,7.56,5,2.0,1.0,0.0,2.0,7.0,5.0,2.0,1.0,6.0,-5.0,6.0,-1.0,7.0,2.0,0.0,2.0,0.0,0.0,0.0,50.0,0.0,20.0,80.0,1669.2,1473.0
2018-05-16,2018,Odd,Sandefjord,5,0,H,O,1.55,3.85,6.38,6,3.0,1.0,0.0,2.0,7.0,5.0,2.0,1.0,6.0,-5.0,6.0,-1.0,7.0,2.0,1.0,1.0,0.0,1.0,-1.0,60.0,20.0,25.0,75.0,1535.8,1391.4
2018-05-16,2018,Molde,Stromsgodset,2,0,H,U,2.09,3.52,3.38,6,1.0,0.0,2.0,2.0,3.0,3.0,0.0,4.0,6.0,-2.0,-1.0,-3.0,2.0,0.0,0.0,0.0,0.0,1.0,-1.0,60.0,40.0,25.0,50.0,1575.1,1553.1
2018-05-16,2018,Kristiansund,Ranheim,1,3,A,O,2.33,3.27,3.09,5,2.0,2.0,0.0,0.0,4.0,4.0,0.0,2.0,2.0,0.0,2.0,2.0,0.0,0.0,0.0,0.0,0.0,0.0,0.0,50.0,25.0,50.0,25.0,1510.6,1531.2
2018-05-16,2018,Brann,Haugesund,1,1,D,U,1.76,3.52,4.77,5,3.0,1.0,0.0,1.0,7.0,5.0,2.0,0.0,6.0,-6.0,7.0,-1.0,8.0,2.0,0.0,2.0,0.0,1.0,-1.0,100.0,0.0,60.0,20.0,1618.5,1525.3
2018-05-16,2018,Bodo/Glimt,Tromso,0,1,A,U,1.83,3.82,4.0,5,0.0,0.0,2.0,2.0,2.0,2.0,0.0,6.0,6.0,0.0,-4.0,-4.0,0.0,0.0,0.0,0.0,1.0,1.0,0.0,25.0,50.0,0.0,75.0,1456.2,1484.8
2018-05-13,2018,Tromso,Lillestrom,1,2,A,O,2.15,3.39,3.36,5,2.0,0.0,0.0,3.0,7.0,4.0,3.0,2.0,7.0,-5.0,5.0,-3.0,8.0,2.0,0.0,2.0,0.0,0.0,0.0,75.0,0.0,0.0,100.0,1495.7,1462.0
2018-05-13,2018,Stromsgodset,Sarpsborg 08,1,2,A,O,2.04,3.36,3.72,5,1.0,0.0,1.0,1.0,4.0,4.0,0.0,2.0,6.0,-4.0,2.0,-2.0,4.0,1.0,0.0,1.0,0.0,1.0,-1.0,25.0,25.0,0.0,33.3,1563.2,1558.8
2018-05-13,2018,Stabaek,Rosenborg,0,1,A,U,4.46,3.8,1.76,4,1.0,2.0,0.0,0.0,5.0,3.0,2.0,4.0,1.0,3.0,1.0,2.0,-1.0,0.0,0.0,0.0,0.0,0.0,0.0,33.3,0.0,50.0,25.0,1473.5,1664.2
2018-05-13,2018,Ranheim,Odd,3,1,H,O,2.52,3.31,2.77,5,1.0,1.0,1.0,2.0,6.0,2.0,4.0,6.0,5.0,1.0,0.0,-3.0,3.0,1.0,0.0,1.0,1.0,1.0,0.0,50.0,25.0,33.3,66.7,1520.4,1546.5
2018-05-13,2018,Molde,Bodo/Glimt,1,2,A,O,1.74,3.86,4.49,5,2.0,0.0,1.0,1.0,4.0,1.0,3.0,3.0,2.0,1.0,1.0,-1.0,2.0,0.0,0.0,0.0,0.0,0.0,0.0,75.0,25.0,0.0,50.0,1589.1,1442.2
2018-05-13,2018,Haugesund,Kristiansund,3,2,H,O,1.8,3.48,4.66,4,1.0,0.0,1.0,1.0,2.0,3.0,-1.0,2.0,4.0,-2.0,0.0,-1.0,1.0,0.0,0.0,0.0,0.0,0.0,0.0,33.3,33.3,0.0,25.0,1515.1,1520.8
2018-05-12,2018,Start,Brann,0,1,A,U,3.67,3.45,2.02,5,0.0,3.0,3.0,0.0,2.0,5.0,-3.0,11.0,1.0,10.0,-9.0,4.0,-13.0,0.0,1.0,-1.0,2.0,0.0,2.0,25.0,75.0,75.0,0.0,1345.5,1615.0
2018-05-12,2018,Sandefjord,Valerenga,0,1,A,U,4.04,3.52,1.9,5,0.0,1.0,2.0,1.0,4.0,8.0,-4.0,6.0,6.0,0.0,-2.0,2.0,-4.0,0.0,1.0,-1.0,0.0,1.0,-1.0,0.0,50.0,50.0,25.0,1398.1,1517.4
2018-05-07,2018,Sarpsborg 08,Molde,2,2,D,O,2.29,3.36,3.08,5,1.0,1.0,1.0,1.0,4.0,1.0,3.0,2.0,4.0,-2.0,2.0,-3.0,5.0,1.0,0.0,1.0,0.0,1.0,-1.0,50.0,25.0,33.3,33.3,1557.9,1590.0
2018-05-06,2018,Valerenga,Haugesund,2,2,D,O,1.91,3.58,3.91,4,1.0,2.0,1.0,1.0,3.0,6.0,-3.0,5.0,4.0,1.0,-2.0,2.0,-4.0,0.0,1.0,-1.0,1.0,1.0,0.0,33.3,33.3,75.0,25.0,1517.5,1515.1
2018-05-06,2018,Odd,Start,3,0,H,O,1.81,3.52,4.52,5,2.0,0.0,0.0,2.0,5.0,1.0,4.0,2.0,4.0,-2.0,3.0,-3.0,6.0,1.0,0.0,1.0,0.0,1.0,-1.0,50.0,25.0,0.0,66.7,1541.5,1350.5
2018-05-06,2018,Lillestrom,Sandefjord,1,0,H,U,1.41,4.65,7.35,4,1.0,1.0,1.0,2.0,3.0,5.0,-2.0,3.0,10.0,-7.0,0.0,-5.0,5.0,0.0,1.0,-1.0,0.0,2.0,-2.0,33.3,33.3,33.3,66.7,1453.4,1406.8
2018-05-06,2018,Kristiansund,Stabaek,1,0,H,U,2.15,3.46,3.27,4,1.0,0.0,1.0,2.0,3.0,2.0,1.0,3.0,8.0,-5.0,0.0,-6.0,6.0,0.0,0.0,0.0,0.0,2.0,-2.0,33.3,33.3,0.0,50.0,1511.6,1482.6
2018-05-06,2018,Brann,Tromso,3,0,H,O,1.65,3.75,5.29,4,3.0,0.0,0.0,2.0,6.0,3.0,3.0,0.0,7.0,-7.0,6.0,-4.0,10.0,2.0,0.0,2.0,0.0,1.0,-1.0,100.0,0.0,0.0,66.7,1608.0,1502.8
2018-05-06,2018,Bodo/Glimt,Stromsgodset,2,2,D,O,2.23,3.53,3.05,4,1.0,1.0,2.0,2.0,3.0,5.0,-2.0,5.0,5.0,0.0,-2.0,0.0,-2.0,1.0,1.0,0.0,1.0,1.0,0.0,33.3,66.7,33.3,66.7,1438.7,1566.8
2018-05-05,2018,Rosenborg,Ranheim,1,1,D,U,1.28,5.59,10.5,4,2.0,2.0,0.0,1.0,8.0,3.0,5.0,2.0,5.0,-3.0,6.0,-2.0,8.0,2.0,0.0,2.0,0.0,1.0,-1.0,66.7,0.0,66.7,33.3,1668.3,1516.3
2018-04-30,2018,Stabaek,Lillestrom,3,2,H,O,2.39,3.47,2.85,3,,0.0,,3.0,,3.0,,,7.0,,,-4.0,,,0.0,,,1.0,,0.0,0.0,0.0,100.0,1472.9,1463.1
2018-04-29,2018,Tromso,Kristiansund,0,0,D,U,1.64,3.87,5.32,4,3.0,0.0,0.0,1.0,11.0,5.0,6.0,2.0,6.0,-4.0,9.0,-1.0,10.0,3.0,0.0,3.0,0.0,0.0,0.0,100.0,0.0,0.0,33.3,1502.5,1511.9
2018-04-29,2018,Stromsgodset,Rosenborg,0,1,A,U,3.14,3.37,2.25,4,1.0,1.0,0.0,1.0,6.0,2.0,4.0,3.0,2.0,1.0,3.0,0.0,3.0,1.0,0.0,1.0,0.0,0.0,0.0,33.3,0.0,33.3,33.3,1574.3,1660.8
2018-04-29,2018,Start,Haugesund,0,1,A,U,2.65,3.31,2.62,4,1.0,2.0,2.0,1.0,6.0,7.0,-1.0,11.0,5.0,6.0,-5.0,2.0,-7.0,1.0,1.0,0.0,2.0,1.0,1.0,33.3,66.7,66.7,33.3,1356.4,1509.2
2018-04-29,2018,Sarpsborg 08,Bodo/Glimt,0,0,D,U,1.84,3.65,4.2,4,2.0,0.0,1.0,2.0,5.0,1.0,4.0,2.0,4.0,-2.0,3.0,-3.0,6.0,1.0,0.0,1.0,0.0,1.0,-1.0,66.7,33.3,0.0,66.7,1561.4,1435.2
2018-04-29,2018,Sandefjord,Brann,0,1,A,U,4.48,3.38,1.86,4,0.0,2.0,1.0,0.0,5.0,5.0,0.0,6.0,2.0,4.0,-1.0,3.0,-4.0,0.0,1.0,-1.0,0.0,0.0,0.0,0.0,33.3,66.7,0.0,1411.8,1603.0
2018-04-29,2018,Molde,Odd,0,1,A,U,1.67,3.8,5.08,4,3.0,,0.0,,9.0,,,2.0,,,7.0,,,1.0,,,0.0,,,100.0,0.0,0.0,100.0,1602.0,1529.5
2018-04-28,2018,Ranheim,Valerenga,2,2,D,O,3.28,3.45,2.16,4,2.0,2.0,1.0,1.0,8.0,7.0,1.0,5.0,4.0,1.0,3.0,3.0,0.0,2.0,1.0,1.0,1.0,1.0,0.0,66.7,33.3,66.7,33.3,1516.3,1517.5
2018-04-25,2018,Stabaek,Start,1,1,D,U,1.7,3.98,4.59,2,,,,,,,,,,,,,,,,,,,,0.0,0.0,0.0,100.0,1476.3,1353.0
2018-04-25,2018,Ranheim,Brann,0,2,A,U,3.09,3.3,2.32,3,,,,,,,,,,,,,,,,,,,,100.0,0.0,50.0,0.0,1524.3,1595.0
2018-04-23,2018,Odd,Sarpsborg 08,3,1,H,O,2.68,3.15,2.72,4,1.0,,1.0,,3.0,,,3.0,,,0.0,,,0.0,,,0.0,,,33.3,33.3,0.0,0.0,1517.9,1572.9
2018-04-22,2018,Valerenga,Molde,0,0,D,U,2.0,3.56,3.61,3,,,,,,,,,,,,,,,,,,,,50.0,50.0,50.0,50.0,1515.0,1604.6
2018-04-22,2018,Tromso,Sandefjord,4,1,H,O,1.44,4.46,7.24,3,,,,,,,,,,,,,,,,,,,,100.0,0.0,50.0,50.0,1494.7,1419.6
2018-04-22,2018,Rosenborg,Start,2,0,H,U,1.26,5.84,10.42,3,,,,,,,,,,,,,,,,,,,,50.0,0.0,0.0,100.0,1657.8,1356.0
2018-04-22,2018,Lillestrom,Ranheim,0,1,A,U,1.55,4.19,5.74,3,,,,,,,,,,,,,,,,,,,,50.0,0.0,50.0,50.0,1471.8,1515.5
2018-04-22,2018,Kristiansund,Bodo/Glimt,1,1,D,U,2.38,3.31,2.97,3,,,,,,,,,,,,,,,,,,,,50.0,50.0,0.0,100.0,1514.2,1432.9
2018-04-22,2018,Haugesund,Stromsgodset,1,0,H,U,2.38,3.35,2.92,3,,,,,,,,,,,,,,,,,,,,0.0,50.0,50.0,50.0,1496.6,1586.9
2018-04-21,2018,Brann,Stabaek,3,0,H,O,1.73,3.66,4.8,3,,0.0,,1.0,,4.0,,,7.0,,,-3.0,,,0.0,,,1.0,,100.0,0.0,0.0,33.3,1587.9,1483.4
2018-04-16,2018,Bodo/Glimt,Rosenborg,0,1,A,U,4.7,3.86,1.7,3,,,,,,,,,,,,,,,,,,,,50.0,50.0,0.0,50.0,1437.4,1653.3
2018-04-15,2018,Stromsgodset,Odd,3,0,H,O,1.87,3.56,4.13,3,,,,,,,,,,,,,,,,,,,,0.0,0.0,0.0,100.0,1578.4,1526.4
2018-04-15,2018,Stabaek,Tromso,1,1,D,U,2.09,3.55,3.35,1,,,,,,,,,,,,,,,,,,,,,,0.0,100.0,1483.1,1495.0
2018-04-15,2018,Sarpsborg 08,Brann,1,2,A,O,2.22,3.28,3.31,3,,,,,,,,,,,,,,,,,,,,100.0,0.0,0.0,0.0,1583.1,1577.7
2018-04-15,2018,Sandefjord,Kristiansund,3,3,D,O,2.62,3.15,2.78,3,,,,,,,,,,,,,,,,,,,,0.0,50.0,0.0,50.0,1416.8,1517.0
2018-04-15,2018,Ranheim,Haugesund,4,2,H,O,2.81,3.32,2.48,2,,,,,,,,,,,,,,,,,,,,100.0,0.0,100.0,0.0,1505.5,1506.7
2018-04-15,2018,Molde,Lillestrom,2,1,H,O,1.68,3.89,4.87,3,,,,,,,,,,,,,,,,,,,,100.0,0.0,0.0,100.0,1597.9,1478.5
2018-04-14,2018,Start,Valerenga,1,6,A,O,2.57,3.42,2.65,3,,,,,,,,,,,,,,,,,,,,50.0,50.0,50.0,50.0,1362.0,1509.0
2018-04-11,2018,Tromso,Stromsgodset,3,1,H,O,2.33,3.42,2.96,2,,,,,,,,,,,,,,,,,,,,100.0,0.0,100.0,0.0,1482.0,1591.4
2018-04-11,2018,Sandefjord,Ranheim,1,2,A,O,1.96,3.44,3.9,2,,,,,,,,,,,,,,,,,,,,0.0,0.0,0.0,100.0,1424.8,1497.5
2018-04-09,2018,Lillestrom,Start,1,0,H,U,1.91,3.59,3.89,2,,,,,,,,,,,,,,,,,,,,0.0,0.0,,,1471.4,1369.1
2018-04-08,2018,Tromso,Ranheim,4,0,H,O,1.64,3.97,5.07,1,,,,,,,,,,,,,,,,,,,,,,,,1470.9,1508.6
2018-04-08,2018,Sandefjord,Stabaek,1,1,D,U,2.73,3.46,2.48,1,,,,,,,,,,,,,,,,,,,,,,0.0,50.0,1423.0,1484.8
2018-04-08,2018,Rosenborg,Molde,4,0,H,O,1.8,3.63,4.4,2,,,,,,,,,,,,,,,,,,,,0.0,0.0,100.0,0.0,1644.4,1606.8
2018-04-08,2018,Odd,Bodo/Glimt,1,0,H,U,2.09,3.45,3.45,3,,,,,,,,,,,,,,,,,,,,0.0,50.0,0.0,100.0,1518.5,1445.3
2018-04-08,2018,Haugesund,Sarpsborg 08,1,1,D,U,2.75,3.2,2.61,2,,,,,,,,,,,,,,,,,,,,0.0,100.0,0.0,0.0,1504.4,1585.4
2018-04-08,2018,Brann,Kristiansund,1,0,H,U,1.64,3.75,5.47,2,,,,,,,,,,,,,,,,,,,,100.0,0.0,0.0,0.0,1569.0,1525.7
2018-04-07,2018,Valerenga,Stromsgodset,1,4,A,O,2.01,3.57,3.57,2,,,,,,,,,,,,,,,,,,,,100.0,0.0,,,1517.1,1583.3
2018-04-02,2018,Stromsgodset,Brann,1,1,D,U,2.02,3.47,3.64,2,,,,,,,,,,,,,,,,,,,,0.0,0.0,,,1583.7,1568.6
2018-04-02,2018,Start,Sandefjord,1,4,A,O,1.64,3.83,5.38,2,,,,,,,,,,,,,,,,,,,,100.0,0.0,0.0,100.0,1378.1,1414.0
2018-04-02,2018,Sarpsborg 08,Valerenga,3,0,H,O,2.11,3.37,3.48,2,,,,,,,,,,,,,,,,,,,,100.0,0.0,100.0,0.0,1576.8,1525.6
2018-04-02,2018,Ranheim,Stabaek,4,1,H,O,3.1,3.46,2.23,1,,,,,,,,,,,,,,,,,,,,,,0.0,0.0,1498.7,1494.7
2018-04-02,2018,Odd,Rosenborg,1,1,D,U,3.46,3.31,2.14,2,,,,,,,,,,,,,,,,,,,,0.0,100.0,0.0,100.0,1514.8,1648.0
2018-04-02,2018,Molde,Tromso,2,1,H,O,1.53,4.15,6.12,2,,,,,,,,,,,,,,,,,,,,100.0,0.0,0.0,100.0,1600.2,1477.5
2018-04-02,2018,Kristiansund,Lillestrom,2,1,H,O,2.72,3.25,2.61,2,,,,,,,,,,,,,,,,,,,,0.0,100.0,0.0,100.0,1516.8,1480.4
2018-04-02,2018,Bodo/Glimt,Haugesund,0,3,A,O,1.85,3.61,4.14,2,,,,,,,,,,,,,,,,,,,,100.0,0.0,100.0,0.0,1454.1,1495.6
2018-03-18,2018,Valerenga,Odd,2,1,H,O,1.94,3.42,3.96,1,,,,,,,,,,,,,,,,,,,,,,,,1515.3,1525.1
2018-03-18,2018,Haugesund,Molde,0,1,A,U,2.98,3.24,2.4,1,,,,,,,,,,,,,,,,,,,,,,,,1503.1,1592.7
2018-03-18,2018,Brann,Bodo/Glimt,2,0,H,U,1.82,3.54,4.39,1,,,,,,,,,,,,,,,,,,,,,,,,1561.4,1461.3
2018-03-17,2018,Rosenborg,Kristiansund,2,2,D,O,1.23,5.87,13.31,1,,,,,,,,,,,,,,,,,,,,,,,,1651.8,1513.0
2018-03-17,2018,Lillestrom,Sarpsborg 08,2,2,D,O,2.58,3.21,2.76,1,,,,,,,,,,,,,,,,,,,,,,,,1477.5,1579.7
2018-03-12,2018,Kristiansund,Valerenga,0,1,A,U,2.62,3.3,2.66,1,,,,,,,,,,,,,,,,,,,,,,,,1523.5,1504.8
2018-03-11,2018,Stromsgodset,Stabaek,2,2,D,O,1.67,3.87,4.97,1,,,,,,,,,,,,,,,,,,,,,,,,1586.4,1492.1
2018-03-11,2018,Start,Tromso,4,1,H,O,2.36,3.23,3.04,1,,,,,,,,,,,,,,,,,,,,,,,,1364.6,1491.0
2018-03-11,2018,Sarpsborg 08,Rosenborg,1,0,H,U,3.06,3.21,2.36,1,,,,,,,,,,,,,,,,,,,,,,,,1567.0,1664.6
2018-03-11,2018,Odd,Haugesund,1,2,A,O,1.86,3.35,4.43,1,,,,,,,,,,,,,,,,,,,,,,,,1536.4,1491.8
2018-03-11,2018,Molde,Sandefjord,5,0,H,O,1.41,4.57,7.41,1,,,,,,,,,,,,,,,,,,,,,,,,1587.2,1419.5
2018-03-11,2018,Bodo/Glimt,Lillestrom,3,1,H,O,2.27,3.4,3.07,1,,,,,,,,,,,,,,,,,,,,,,,,1450.2,1488.6
2017-12-02,2017,Ranheim,Sogndal,1,0,H,U,2.51,3.28,2.77,1,,0.0,,2.0,,2.0,,,6.0,,,-4.0,,,0.0,,,1.0,,,,13.3,60.0,1489.1,1478.1
2017-11-29,2017,Sogndal,Ranheim,1,0,H,U,1.57,3.87,5.9,16,1.0,,1.0,,8.0,,,7.0,,,1.0,,,1.0,,,1.0,,,40.0,33.3,,,1467.1,1500.0
2017-11-26,2017,Viking,Stabaek,2,0,H,U,2.78,3.64,2.34,15,1.0,1.0,2.0,0.0,3.0,7.0,-4.0,9.0,2.0,7.0,-6.0,5.0,-11.0,0.0,1.0,-1.0,1.0,0.0,1.0,21.4,57.1,28.6,28.6,1439.4,1503.9
2017-11-26,2017,Sogndal,Valerenga,5,2,H,O,1.78,3.83,4.21,15,0.0,1.0,1.0,2.0,5.0,9.0,-4.0,7.0,7.0,0.0,-2.0,2.0,-4.0,0.0,1.0,-1.0,1.0,2.0,-1.0,35.7,35.7,21.4,64.3,1455.4,1516.5
2017-11-26,2017,Sandefjord,Lillestrom,1,3,A,O,2.56,3.44,2.63,15,2.0,0.0,1.0,3.0,5.0,1.0,4.0,2.0,5.0,-3.0,3.0,-4.0,7.0,2.0,0.0,2.0,0.0,1.0,-1.0,57.1,28.6,14.3,50.0,1428.1,1480.1
2017-11-26,2017,Odd,Rosenborg,1,0,H,U,3.53,3.7,1.97,15,2.0,2.0,1.0,1.0,2.0,7.0,-5.0,5.0,2.0,3.0,-3.0,5.0,-8.0,0.0,2.0,-2.0,1.0,0.0,1.0,64.3,21.4,64.3,14.3,1522.2,1678.8
2017-11-26,2017,Molde,Sarpsborg 08,2,2,D,O,2.48,3.36,2.76,15,2.0,0.0,1.0,1.0,2.0,5.0,-3.0,1.0,6.0,-5.0,1.0,-1.0,2.0,0.0,0.0,0.0,0.0,0.0,0.0,64.3,28.6,28.6,28.6,1587.8,1566.3
2017-11-26,2017,Haugesund,Kristiansund,2,3,A,O,1.93,3.67,3.69,15,1.0,2.0,2.0,0.0,5.0,6.0,-1.0,6.0,1.0,5.0,-1.0,5.0,-6.0,1.0,1.0,0.0,1.0,0.0,1.0,42.9,21.4,21.4,57.1,1501.4,1513.9
2017-11-26,2017,Brann,Tromso,2,2,D,O,2.07,3.66,3.31,15,1.0,2.0,2.0,1.0,2.0,5.0,-3.0,7.0,3.0,4.0,-5.0,2.0,-7.0,1.0,1.0,0.0,2.0,0.0,2.0,57.1,21.4,28.6,57.1,1563.5,1488.8
2017-11-26,2017,Aalesund,Stromsgodset,4,3,H,O,3.3,3.64,2.07,15,1.0,3.0,1.0,0.0,3.0,6.0,-3.0,3.0,2.0,1.0,0.0,4.0,-4.0,0.0,1.0,-1.0,0.0,0.0,0.0,35.7,35.7,28.6,35.7,1459.3,1600.2
2017-11-19,2017,Valerenga,Odd,2,0,H,U,1.85,3.73,3.97,15,2.0,0.0,1.0,2.0,9.0,3.0,6.0,3.0,5.0,-2.0,6.0,-2.0,8.0,2.0,0.0,2.0,0.0,0.0,0.0,50.0,21.4,14.3,57.1,1505.8,1532.9
2017-11-19,2017,Tromso,Haugesund,2,0,H,U,1.75,3.88,4.35,15,2.0,0.0,1.0,3.0,5.0,0.0,5.0,4.0,5.0,-1.0,1.0,-5.0,6.0,1.0,0.0,1.0,1.0,1.0,0.0,35.7,28.6,35.7,57.1,1477.9,1512.4
2017-11-19,2017,Stromsgodset,Brann,2,1,H,O,1.87,3.64,3.97,15,3.0,1.0,0.0,2.0,7.0,4.0,3.0,2.0,5.0,-3.0,5.0,-1.0,6.0,1.0,0.0,1.0,0.0,0.0,0.0,64.3,14.3,35.7,35.7,1590.7,1573.0
2017-11-19,2017,Stabaek,Sogndal,1,1,D,U,1.87,3.72,3.89,15,1.0,1.0,2.0,2.0,5.0,2.0,3.0,6.0,5.0,1.0,-1.0,-3.0,2.0,1.0,0.0,1.0,1.0,1.0,0.0,42.9,42.9,14.3,64.3,1505.4,1453.9
2017-11-19,2017,Sarpsborg 08,Aalesund,1,0,H,U,1.47,4.55,6.15,15,2.0,0.0,0.0,3.0,9.0,1.0,8.0,3.0,11.0,-8.0,6.0,-10.0,16.0,1.0,0.0,1.0,0.0,3.0,-3.0,57.1,7.1,14.3,57.1,1558.9,1466.7
2017-11-19,2017,Rosenborg,Viking,2,0,H,U,1.21,6.74,11.33,15,1.0,1.0,0.0,2.0,4.0,3.0,1.0,1.0,5.0,-4.0,3.0,-2.0,5.0,1.0,1.0,0.0,0.0,1.0,-1.0,57.1,14.3,14.3,64.3,1674.6,1443.6
2017-11-19,2017,Lillestrom,Molde,0,1,A,U,2.38,3.44,2.86,15,2.0,2.0,1.0,0.0,5.0,7.0,-2.0,3.0,5.0,-2.0,2.0,2.0,0.0,1.0,0.0,1.0,1.0,0.0,1.0,50.0,35.7,42.9,28.6,1487.5,1580.4
2017-11-19,2017,Kristiansund,Sandefjord,3,2,H,O,1.89,3.53,4.05,15,1.0,0.0,1.0,3.0,3.0,1.0,2.0,4.0,10.0,-6.0,-1.0,-9.0,8.0,0.0,0.0,0.0,1.0,3.0,-2.0,35.7,14.3,21.4,71.4,1505.9,1436.1
2017-11-05,2017,Viking,Sarpsborg 08,2,1,H,O,5.0,4.01,1.63,14,0.0,0.0,3.0,1.0,3.0,4.0,-1.0,11.0,9.0,2.0,-8.0,-5.0,-3.0,0.0,0.0,0.0,1.0,1.0,0.0,15.4,61.5,30.8,23.1,1429.6,1572.8
2017-11-05,2017,Sogndal,Tromso,0,2,A,U,2.48,3.32,2.8,14,0.0,1.0,1.0,2.0,5.0,4.0,1.0,6.0,7.0,-1.0,-1.0,-3.0,2.0,0.0,0.0,0.0,0.0,1.0,-1.0,38.5,30.8,23.1,61.5,1463.8,1468.0
2017-11-05,2017,Odd,Stabaek,0,5,A,O,1.9,3.7,3.79,14,3.0,0.0,0.0,1.0,5.0,2.0,3.0,2.0,3.0,-1.0,3.0,-1.0,4.0,0.0,0.0,0.0,0.0,0.0,0.0,69.2,15.4,23.1,30.8,1544.4,1493.9
2017-11-05,2017,Haugesund,Stromsgodset,1,3,A,O,2.62,3.35,2.61,14,2.0,3.0,1.0,0.0,6.0,5.0,1.0,4.0,1.0,3.0,2.0,4.0,-2.0,1.0,1.0,0.0,0.0,0.0,0.0,46.2,15.4,23.1,38.5,1520.7,1582.5
2017-11-05,2017,Brann,Lillestrom,2,0,H,U,1.93,3.6,3.76,14,1.0,0.0,2.0,2.0,2.0,2.0,0.0,8.0,4.0,4.0,-6.0,-2.0,-4.0,0.0,0.0,0.0,2.0,0.0,2.0,53.8,23.1,15.4,46.2,1564.9,1495.5
2017-11-05,2017,Aalesund,Rosenborg,2,1,H,O,3.41,3.65,2.03,14,0.0,3.0,1.0,0.0,2.0,9.0,-7.0,3.0,0.0,3.0,-1.0,9.0,-10.0,0.0,3.0,-3.0,0.0,0.0,0.0,30.8,38.5,69.2,7.7,1450.7,1690.6
2017-11-04,2017,Molde,Kristiansund,0,1,A,U,1.69,3.85,4.76,14,3.0,1.0,0.0,0.0,5.0,5.0,0.0,1.0,1.0,0.0,4.0,4.0,0.0,1.0,1.0,0.0,0.0,0.0,0.0,69.2,23.1,15.4,61.5,1593.2,1493.1
2017-11-03,2017,Sandefjord,Valerenga,2,0,H,U,2.57,3.43,2.62,14,1.0,1.0,2.0,2.0,3.0,9.0,-6.0,3.0,8.0,-5.0,0.0,1.0,-1.0,1.0,1.0,0.0,0.0,2.0,-2.0,53.8,30.8,23.1,61.5,1423.4,1518.4
2017-10-30,2017,Lillestrom,Aalesund,4,0,H,O,1.7,3.9,4.63,14,1.0,0.0,1.0,3.0,1.0,3.0,-2.0,3.0,10.0,-7.0,-2.0,-7.0,5.0,0.0,0.0,0.0,1.0,2.0,-1.0,46.2,38.5,15.4,53.8,1486.2,1460.0
2017-10-29,2017,Valerenga,Molde,1,2,A,O,2.38,3.47,2.83,14,3.0,1.0,0.0,1.0,10.0,7.0,3.0,2.0,7.0,-5.0,8.0,0.0,8.0,2.0,0.0,2.0,0.0,0.0,0.0,53.8,15.4,38.5,30.8,1526.8,1584.9
2017-10-29,2017,Tromso,Viking,3,0,H,O,1.47,4.52,6.18,14,1.0,1.0,1.0,2.0,4.0,4.0,0.0,6.0,5.0,1.0,-2.0,-1.0,-1.0,0.0,1.0,-1.0,1.0,1.0,0.0,30.8,30.8,15.4,61.5,1458.5,1439.1
2017-10-29,2017,Stromsgodset,Sogndal,4,1,H,O,1.56,4.05,5.74,14,2.0,1.0,1.0,2.0,3.0,2.0,1.0,3.0,3.0,0.0,0.0,-1.0,1.0,0.0,0.0,0.0,1.0,0.0,1.0,61.5,15.4,15.4,61.5,1575.4,1470.9
2017-10-29,2017,Sarpsborg 08,Sandefjord,5,0,H,O,1.53,4.04,6.21,14,1.0,0.0,0.0,3.0,4.0,1.0,3.0,3.0,6.0,-3.0,1.0,-5.0,6.0,0.0,0.0,0.0,0.0,2.0,-2.0,53.8,7.7,23.1,69.2,1566.6,1429.7
2017-10-29,2017,Rosenborg,Stabaek,0,0,D,U,1.29,5.68,9.17,14,1.0,0.0,1.0,1.0,4.0,3.0,1.0,2.0,4.0,-2.0,2.0,-1.0,3.0,1.0,0.0,1.0,0.0,0.0,0.0,61.5,15.4,25.0,33.3,1695.9,1488.6
2017-10-29,2017,Kristiansund,Odd,2,2,D,O,2.35,3.29,3.03,14,2.0,0.0,1.0,2.0,5.0,3.0,2.0,3.0,5.0,-2.0,2.0,-2.0,4.0,1.0,0.0,1.0,1.0,0.0,1.0,38.5,15.4,15.4,61.5,1491.5,1545.9
2017-10-28,2017,Haugesund,Brann,2,3,A,O,2.47,3.23,2.87,13,2.0,1.0,0.0,2.0,5.0,2.0,3.0,2.0,3.0,-1.0,3.0,-1.0,4.0,1.0,0.0,1.0,0.0,0.0,0.0,50.0,8.3,30.8,38.5,1529.9,1555.7
2017-10-23,2017,Odd,Lillestrom,1,0,H,U,1.95,3.54,3.77,13,3.0,0.0,0.0,2.0,5.0,3.0,2.0,2.0,6.0,-4.0,3.0,-3.0,6.0,0.0,0.0,0.0,0.0,1.0,-1.0,66.7,16.7,16.7,41.7,1537.1,1495.0
2017-10-22,2017,Viking,Valerenga,1,7,A,O,2.52,3.41,2.69,13,0.0,0.0,3.0,3.0,4.0,3.0,1.0,8.0,9.0,-1.0,-4.0,-6.0,2.0,0.0,0.0,0.0,1.0,2.0,-1.0,16.7,58.3,16.7,66.7,1447.1,1518.8
2017-10-22,2017,Stabaek,Tromso,1,2,A,O,2.26,3.61,2.93,14,2.0,0.0,1.0,2.0,7.0,2.0,5.0,6.0,6.0,0.0,1.0,-4.0,5.0,1.0,0.0,1.0,1.0,1.0,0.0,46.2,38.5,16.7,66.7,1500.1,1447.0
2017-10-22,2017,Sogndal,Sarpsborg 08,3,3,D,O,2.94,3.26,2.41,13,1.0,1.0,1.0,1.0,4.0,3.0,1.0,3.0,7.0,-4.0,1.0,-4.0,5.0,1.0,0.0,1.0,0.0,1.0,-1.0,41.7,33.3,33.3,25.0,1468.0,1569.4
2017-10-22,2017,Sandefjord,Stromsgodset,1,2,A,O,2.93,3.31,2.39,13,2.0,2.0,1.0,0.0,5.0,3.0,2.0,2.0,0.0,2.0,3.0,3.0,0.0,2.0,1.0,1.0,0.0,0.0,0.0,58.3,25.0,16.7,41.7,1436.0,1569.1
2017-10-22,2017,Molde,Haugesund,1,0,H,U,1.71,3.86,4.65,13,3.0,1.0,0.0,2.0,6.0,1.0,5.0,2.0,4.0,-2.0,4.0,-3.0,7.0,1.0,0.0,1.0,0.0,1.0,-1.0,66.7,25.0,38.5,53.8,1576.0,1538.8
2017-10-22,2017,Brann,Rosenborg,0,3,A,O,2.87,3.39,2.38,13,2.0,3.0,1.0,0.0,4.0,8.0,-4.0,5.0,0.0,5.0,-1.0,8.0,-9.0,1.0,3.0,-2.0,1.0,0.0,1.0,58.3,16.7,66.7,8.3,1562.2,1689.4
2017-10-21,2017,Aalesund,Kristiansund,1,1,D,U,2.0,3.58,3.54,13,0.0,1.0,1.0,1.0,2.0,4.0,-2.0,3.0,2.0,1.0,-1.0,2.0,-3.0,0.0,1.0,-1.0,0.0,1.0,-1.0,33.3,41.7,16.7,66.7,1459.0,1492.5
2017-10-16,2017,Sarpsborg 08,Stabaek,2,2,D,O,1.65,3.88,5.05,13,2.0,0.0,0.0,1.0,4.0,3.0,1.0,2.0,4.0,-2.0,2.0,-1.0,3.0,0.0,0.0,0.0,0.0,0.0,0.0,58.3,8.3,27.3,36.4,1571.5,1498.0
2017-10-15,2017,Valerenga,Aalesund,5,1,H,O,1.81,3.74,4.14,13,2.0,0.0,1.0,3.0,6.0,4.0,2.0,3.0,8.0,-5.0,3.0,-4.0,7.0,1.0,0.0,1.0,0.0,1.0,-1.0,50.0,16.7,16.7,50.0,1510.0,1467.8
2017-10-15,2017,Molde,Brann,1,0,H,U,1.92,3.58,3.79,12,2.0,2.0,1.0,1.0,6.0,6.0,0.0,4.0,4.0,0.0,2.0,2.0,0.0,1.0,1.0,0.0,0.0,0.0,0.0,63.6,27.3,33.3,33.3,1565.8,1572.4
2017-10-15,2017,Lillestrom,Sogndal,1,0,H,U,1.78,3.66,4.4,13,1.0,1.0,1.0,2.0,2.0,3.0,-1.0,4.0,4.0,0.0,-2.0,-1.0,-1.0,0.0,0.0,0.0,1.0,0.0,1.0,41.7,41.7,16.7,58.3,1485.3,1477.8
2017-10-15,2017,Kristiansund,Viking,0,2,A,U,1.93,3.56,3.8,13,2.0,0.0,0.0,2.0,7.0,3.0,4.0,3.0,6.0,-3.0,4.0,-3.0,7.0,1.0,0.0,1.0,0.0,1.0,-1.0,41.7,8.3,8.3,66.7,1504.4,1435.1
2017-10-15,2017,Haugesund,Sandefjord,2,0,H,U,1.81,3.52,4.44,12,1.0,1.0,0.0,2.0,5.0,4.0,1.0,4.0,5.0,-1.0,1.0,-1.0,2.0,0.0,1.0,-1.0,0.0,1.0,-1.0,45.5,9.1,25.0,66.7,1531.3,1443.5
2017-10-14,2017,Tromso,Rosenborg,0,3,A,O,3.56,3.59,1.99,13,2.0,3.0,0.0,0.0,9.0,7.0,2.0,3.0,1.0,2.0,6.0,6.0,0.0,1.0,2.0,-1.0,0.0,0.0,0.0,33.3,25.0,63.6,9.1,1451.1,1685.3
2017-10-14,2017,Stromsgodset,Odd,1,0,H,U,1.96,3.43,3.8,13,2.0,0.0,1.0,2.0,5.0,4.0,1.0,4.0,6.0,-2.0,1.0,-2.0,3.0,1.0,0.0,1.0,1.0,0.0,1.0,58.3,16.7,16.7,58.3,1559.4,1546.8
2017-10-12,2017,Valerenga,Haugesund,3,0,H,O,2.09,3.41,3.45,12,1.0,2.0,1.0,1.0,3.0,2.0,1.0,3.0,1.0,2.0,0.0,1.0,-1.0,0.0,0.0,0.0,0.0,0.0,0.0,45.5,18.2,41.7,50.0,1498.8,1542.6
2017-10-01,2017,Viking,Stromsgodset,0,1,A,U,2.85,3.41,2.39,12,0.0,1.0,2.0,0.0,6.0,2.0,4.0,9.0,0.0,9.0,-3.0,2.0,-5.0,0.0,1.0,-1.0,1.0,0.0,1.0,18.2,54.5,9.1,45.5,1442.0,1552.5
2017-10-01,2017,Tromso,Lillestrom,2,1,H,O,2.16,3.49,3.23,12,2.0,0.0,0.0,1.0,10.0,4.0,6.0,4.0,6.0,-2.0,6.0,-2.0,8.0,1.0,0.0,1.0,0.0,1.0,-1.0,27.3,27.3,18.2,36.4,1439.5,1496.9
2017-10-01,2017,Sogndal,Molde,2,2,D,O,3.21,3.4,2.2,12,1.0,2.0,2.0,1.0,2.0,7.0,-5.0,4.0,6.0,-2.0,-2.0,1.0,-3.0,1.0,0.0,1.0,1.0,0.0,1.0,45.5,36.4,41.7,33.3,1475.2,1568.4
2017-10-01,2017,Sandefjord,Aalesund,2,0,H,U,2.18,3.38,3.27,12,2.0,0.0,1.0,3.0,5.0,4.0,1.0,3.0,8.0,-5.0,2.0,-4.0,6.0,1.0,0.0,1.0,0.0,1.0,-1.0,54.5,27.3,18.2,45.5,1432.2,1479.2
2017-10-01,2017,Rosenborg,Sarpsborg 08,1,1,D,U,1.59,3.98,5.55,13,2.0,1.0,1.0,1.0,7.0,4.0,3.0,2.0,8.0,-6.0,5.0,-4.0,9.0,2.0,0.0,2.0,0.0,1.0,-1.0,66.7,16.7,36.4,27.3,1688.6,1568.2
2017-10-01,2017,Odd,Haugesund,1,0,H,U,2.0,3.4,3.75,12,3.0,2.0,0.0,1.0,6.0,3.0,3.0,3.0,2.0,1.0,3.0,1.0,2.0,0.0,0.0,0.0,0.0,0.0,0.0,63.6,18.2,45.5,45.5,1536.3,1553.1
2017-09-30,2017,Stabaek,Valerenga,4,2,H,O,2.38,3.38,2.9,13,1.0,0.0,2.0,3.0,4.0,1.0,3.0,7.0,7.0,0.0,-3.0,-6.0,3.0,0.0,0.0,0.0,2.0,2.0,0.0,41.7,41.7,18.2,63.6,1487.4,1509.4
2017-09-29,2017,Brann,Kristiansund,0,4,A,O,1.71,3.62,5.01,12,2.0,0.0,1.0,2.0,4.0,1.0,3.0,2.0,6.0,-4.0,2.0,-5.0,7.0,1.0,0.0,1.0,0.0,2.0,-2.0,63.6,9.1,9.1,72.7,1585.0,1491.8
2017-09-25,2017,Sarpsborg 08,Odd,2,1,H,O,1.77,3.64,4.54,12,1.0,0.0,0.0,2.0,5.0,3.0,2.0,4.0,6.0,-2.0,1.0,-3.0,4.0,0.0,0.0,0.0,0.0,1.0,-1.0,54.5,9.1,18.2,54.5,1558.5,1545.9
2017-09-24,2017,Valerenga,Brann,2,1,H,O,2.61,3.24,2.68,11,1.0,2.0,1.0,0.0,4.0,8.0,-4.0,3.0,5.0,-2.0,1.0,3.0,-2.0,1.0,1.0,0.0,0.0,0.0,0.0,40.0,20.0,36.4,27.3,1496.6,1597.8
2017-09-24,2017,Stromsgodset,Tromso,2,1,H,O,1.74,3.78,4.48,12,2.0,0.0,1.0,2.0,5.0,1.0,4.0,3.0,7.0,-4.0,2.0,-6.0,8.0,2.0,0.0,2.0,1.0,2.0,-1.0,54.5,18.2,18.2,63.6,1545.3,1446.7
2017-09-24,2017,Molde,Sandefjord,3,1,H,O,1.72,3.73,4.69,11,1.0,1.0,1.0,2.0,3.0,4.0,-1.0,3.0,7.0,-4.0,0.0,-3.0,3.0,0.0,1.0,-1.0,0.0,1.0,-1.0,60.0,30.0,27.3,63.6,1561.8,1438.8
2017-09-24,2017,Lillestrom,Rosenborg,0,3,A,O,3.57,3.57,1.98,12,1.0,3.0,0.0,0.0,4.0,7.0,-3.0,3.0,1.0,2.0,1.0,6.0,-5.0,0.0,2.0,-2.0,0.0,0.0,0.0,45.5,36.4,60.0,10.0,1502.1,1683.4
2017-09-24,2017,Kristiansund,Stabaek,1,0,H,U,2.37,3.39,2.87,12,1.0,0.0,0.0,0.0,7.0,5.0,2.0,4.0,5.0,-1.0,3.0,0.0,3.0,1.0,0.0,1.0,0.0,0.0,0.0,36.4,9.1,30.0,30.0,1481.3,1497.9
2017-09-24,2017,Aalesund,Sogndal,0,1,A,U,2.2,3.35,3.25,12,0.0,0.0,0.0,3.0,5.0,3.0,2.0,5.0,6.0,-1.0,0.0,-3.0,3.0,0.0,0.0,0.0,0.0,0.0,0.0,36.4,36.4,9.1,63.6,1489.9,1464.5
2017-09-23,2017,Haugesund,Viking,2,1,H,O,1.88,3.55,4.04,11,1.0,1.0,0.0,1.0,5.0,4.0,1.0,3.0,4.0,-1.0,2.0,0.0,2.0,1.0,1.0,0.0,0.0,1.0,-1.0,40.0,10.0,9.1,63.6,1545.8,1449.3
2017-09-21,2017,Tromso,Odd,2,2,D,O,2.03,3.54,3.46,11,2.0,0.0,1.0,3.0,9.0,2.0,7.0,4.0,9.0,-5.0,5.0,-7.0,12.0,1.0,0.0,1.0,0.0,2.0,-2.0,30.0,30.0,20.0,60.0,1443.8,1548.9
2017-09-18,2017,Odd,Aalesund,3,2,H,O,1.71,3.73,4.81,11,2.0,0.0,1.0,3.0,3.0,2.0,1.0,3.0,6.0,-3.0,0.0,-4.0,4.0,0.0,0.0,0.0,1.0,1.0,0.0,60.0,20.0,20.0,40.0,1540.0,1498.7
2017-09-17,2017,Viking,Molde,2,3,A,O,3.13,3.41,2.23,11,0.0,2.0,1.0,1.0,5.0,7.0,-2.0,7.0,4.0,3.0,-2.0,3.0,-5.0,0.0,1.0,-1.0,1.0,0.0,1.0,20.0,50.0,36.4,36.4,1456.5,1554.5
2017-09-17,2017,Tromso,Sarpsborg 08,5,0,H,O,2.5,3.37,2.74,10,1.0,2.0,1.0,0.0,5.0,5.0,0.0,5.0,3.0,2.0,0.0,2.0,-2.0,0.0,0.0,0.0,0.0,0.0,0.0,22.2,33.3,40.0,20.0,1429.9,1572.4
2017-09-17,2017,Sogndal,Haugesund,0,1,A,U,2.43,3.23,2.93,11,2.0,1.0,1.0,1.0,3.0,3.0,0.0,3.0,3.0,0.0,0.0,0.0,0.0,1.0,0.0,1.0,1.0,0.0,1.0,50.0,30.0,40.0,50.0,1472.6,1537.6
2017-09-17,2017,Sandefjord,Brann,0,1,A,U,2.87,3.15,2.52,11,3.0,1.0,0.0,1.0,8.0,7.0,1.0,2.0,7.0,-5.0,6.0,0.0,6.0,2.0,1.0,1.0,0.0,1.0,-1.0,60.0,20.0,30.0,30.0,1444.8,1591.8
2017-09-17,2017,Rosenborg,Valerenga,3,0,H,O,1.42,4.51,7.57,12,2.0,0.0,1.0,2.0,9.0,2.0,7.0,3.0,5.0,-2.0,6.0,-3.0,9.0,2.0,0.0,2.0,0.0,1.0,-1.0,63.6,18.2,20.0,60.0,1678.1,1501.9
2017-09-17,2017,Lillestrom,Kristiansund,0,0,D,U,1.6,4.0,5.36,11,2.0,0.0,0.0,3.0,6.0,3.0,3.0,3.0,10.0,-7.0,3.0,-7.0,10.0,1.0,0.0,1.0,0.0,3.0,-3.0,50.0,40.0,10.0,80.0,1502.7,1480.7
2017-09-16,2017,Stabaek,Stromsgodset,0,2,A,U,2.92,3.42,2.34,12,2.0,0.0,1.0,1.0,6.0,0.0,6.0,5.0,2.0,3.0,1.0,-2.0,3.0,1.0,0.0,1.0,1.0,1.0,0.0,45.5,36.4,0.0,50.0,1507.0,1536.1
2017-09-11,2017,Molde,Odd,2,1,H,O,1.82,3.62,4.27,10,1.0,0.0,1.0,2.0,4.0,1.0,3.0,4.0,7.0,-3.0,0.0,-6.0,6.0,0.0,0.0,0.0,0.0,2.0,-2.0,55.6,33.3,22.2,55.6,1544.4,1550.2
2017-09-10,2017,Valerenga,Sarpsborg 08,1,2,A,O,2.5,3.31,2.78,10,1.0,1.0,0.0,0.0,4.0,3.0,1.0,2.0,2.0,0.0,2.0,1.0,1.0,1.0,0.0,1.0,0.0,0.0,0.0,44.4,11.1,33.3,22.2,1510.4,1564.0
2017-09-10,2017,Stromsgodset,Rosenborg,0,2,A,U,3.15,3.52,2.18,11,3.0,2.0,0.0,0.0,9.0,8.0,1.0,3.0,4.0,-1.0,6.0,4.0,2.0,3.0,1.0,2.0,0.0,0.0,0.0,60.0,10.0,55.6,11.1,1542.6,1671.7
2017-09-10,2017,Sandefjord,Viking,3,1,H,O,2.1,3.37,3.47,10,2.0,1.0,1.0,1.0,6.0,5.0,1.0,3.0,4.0,-1.0,3.0,1.0,2.0,1.0,1.0,0.0,0.0,0.0,0.0,55.6,22.2,10.0,60.0,1433.8,1467.5
2017-09-10,2017,Kristiansund,Tromso,4,1,H,O,2.29,3.37,3.05,11,0.0,0.0,0.0,2.0,6.0,0.0,6.0,6.0,5.0,1.0,0.0,-5.0,5.0,0.0,0.0,0.0,0.0,2.0,-2.0,30.0,10.0,20.0,60.0,1471.6,1439.0
2017-09-10,2017,Haugesund,Lillestrom,1,1,D,U,2.31,3.4,2.98,10,2.0,0.0,0.0,1.0,6.0,6.0,0.0,2.0,8.0,-6.0,4.0,-2.0,6.0,2.0,0.0,2.0,0.0,1.0,-1.0,44.4,11.1,20.0,40.0,1538.7,1501.7
2017-09-10,2017,Aalesund,Stabaek,1,1,D,U,2.37,3.5,2.82,11,0.0,1.0,1.0,0.0,4.0,6.0,-2.0,7.0,5.0,2.0,-3.0,1.0,-4.0,0.0,0.0,0.0,1.0,0.0,1.0,40.0,40.0,33.3,33.3,1498.5,1507.3
2017-09-09,2017,Brann,Sogndal,2,1,H,O,1.63,3.79,5.5,11,1.0,0.0,1.0,2.0,2.0,3.0,-1.0,1.0,5.0,-4.0,1.0,-2.0,3.0,1.0,0.0,1.0,0.0,0.0,0.0,60.0,10.0,10.0,60.0,1584.7,1479.7
2017-08-21,2017,Sarpsborg 08,Stromsgodset,0,0,D,U,1.81,3.64,4.23,11,1.0,0.0,0.0,1.0,6.0,1.0,5.0,5.0,3.0,2.0,1.0,-2.0,3.0,0.0,0.0,0.0,0.0,1.0,-1.0,60.0,10.0,0.0,55.6,1564.6,1541.9
2017-08-20,2017,Viking,Brann,2,4,A,O,2.68,3.26,2.61,10,0.0,0.0,0.0,1.0,4.0,4.0,0.0,4.0,6.0,-2.0,0.0,-2.0,2.0,0.0,0.0,0.0,0.0,1.0,-1.0,22.2,44.4,22.2,33.3,1474.6,1577.6
2017-08-20,2017,Tromso,Aalesund,3,2,H,O,1.96,3.56,3.66,9,0.0,0.0,2.0,2.0,4.0,1.0,3.0,7.0,4.0,3.0,-3.0,-3.0,0.0,0.0,0.0,0.0,1.0,1.0,0.0,12.5,37.5,22.2,33.3,1426.6,1510.8
2017-08-20,2017,Stabaek,Molde,3,2,H,O,2.81,3.46,2.4,11,1.0,2.0,2.0,0.0,4.0,6.0,-2.0,7.0,2.0,5.0,-3.0,4.0,-7.0,1.0,1.0,0.0,2.0,0.0,2.0,40.0,40.0,40.0,30.0,1495.6,1556.1
2017-08-20,2017,Sogndal,Kristiansund,2,0,H,U,2.14,3.32,3.38,10,1.0,1.0,1.0,2.0,1.0,7.0,-6.0,3.0,9.0,-6.0,-2.0,-2.0,0.0,0.0,1.0,-1.0,1.0,2.0,-1.0,44.4,33.3,11.1,77.8,1469.3,1482.0
2017-08-20,2017,Rosenborg,Haugesund,0,1,A,U,1.46,4.44,6.56,11,3.0,1.0,0.0,1.0,12.0,3.0,9.0,2.0,3.0,-1.0,10.0,0.0,10.0,3.0,0.0,3.0,0.0,0.0,0.0,70.0,10.0,33.3,55.6,1686.0,1524.3
2017-08-20,2017,Odd,Sandefjord,1,0,H,U,1.82,3.47,4.48,10,1.0,1.0,1.0,1.0,2.0,5.0,-3.0,3.0,7.0,-4.0,-1.0,-2.0,1.0,0.0,1.0,-1.0,1.0,1.0,0.0,55.6,22.2,30.0,60.0,1543.1,1441.0
2017-08-19,2017,Lillestrom,Valerenga,2,1,H,O,2.11,3.47,3.33,10,2.0,0.0,0.0,1.0,5.0,1.0,4.0,2.0,3.0,-1.0,3.0,-2.0,5.0,1.0,0.0,1.0,0.0,1.0,-1.0,44.4,44.4,22.2,55.6,1490.8,1521.2
2017-08-14,2017,Valerenga,Tromso,0,0,D,U,1.64,3.95,5.04,9,1.0,0.0,0.0,3.0,5.0,0.0,5.0,3.0,8.0,-5.0,2.0,-8.0,10.0,1.0,0.0,1.0,0.0,3.0,-3.0,50.0,12.5,22.2,66.7,1524.0,1423.8
2017-08-13,2017,Stromsgodset,Lillestrom,3,1,H,O,1.99,3.56,3.59,10,2.0,0.0,0.0,1.0,7.0,6.0,1.0,3.0,8.0,-5.0,4.0,-2.0,6.0,2.0,0.0,2.0,0.0,1.0,-1.0,55.6,11.1,22.2,33.3,1532.9,1499.9
2017-08-13,2017,Kristiansund,Sarpsborg 08,2,2,D,O,3.99,3.44,1.92,10,0.0,1.0,0.0,1.0,5.0,1.0,4.0,5.0,1.0,4.0,0.0,0.0,0.0,0.0,0.0,0.0,0.0,0.0,0.0,33.3,11.1,37.5,25.0,1479.5,1567.1
2017-08-13,2017,Haugesund,Stabaek,2,2,D,O,1.97,3.58,3.63,9,3.0,1.0,0.0,1.0,5.0,4.0,1.0,0.0,8.0,-8.0,5.0,-4.0,9.0,2.0,0.0,2.0,0.0,1.0,-1.0,50.0,12.5,37.5,37.5,1525.2,1494.7
2017-08-13,2017,Brann,Odd,2,0,H,U,1.96,3.4,3.89,10,1.0,0.0,1.0,1.0,5.0,1.0,4.0,1.0,5.0,-4.0,4.0,-4.0,8.0,1.0,0.0,1.0,0.0,1.0,-1.0,55.6,11.1,25.0,50.0,1568.1,1552.6
2017-08-13,2017,Aalesund,Viking,1,1,D,U,2.22,3.44,3.1,10,1.0,1.0,1.0,2.0,8.0,4.0,4.0,7.0,4.0,3.0,1.0,0.0,1.0,1.0,1.0,0.0,1.0,0.0,1.0,44.4,44.4,11.1,66.7,1511.9,1473.5
2017-08-12,2017,Molde,Rosenborg,1,2,A,O,2.7,3.41,2.51,9,2.0,1.0,0.0,1.0,6.0,6.0,0.0,2.0,4.0,-2.0,4.0,2.0,2.0,1.0,1.0,0.0,0.0,0.0,0.0,62.5,25.0,50.0,12.5,1562.9,1679.2
2017-08-11,2017,Sandefjord,Sogndal,2,1,H,O,2.04,3.36,3.63,9,2.0,0.0,1.0,2.0,5.0,2.0,3.0,2.0,6.0,-4.0,3.0,-4.0,7.0,1.0,0.0,1.0,0.0,1.0,-1.0,50.0,25.0,11.1,55.6,1429.5,1480.8
2017-08-07,2017,Stromsgodset,Valerenga,2,0,H,U,2.21,3.36,3.2,9,2.0,1.0,0.0,0.0,9.0,5.0,4.0,5.0,3.0,2.0,4.0,2.0,2.0,2.0,1.0,1.0,0.0,0.0,0.0,50.0,12.5,25.0,50.0,1522.5,1534.4
2017-08-06,2017,Viking,Lillestrom,2,2,D,O,2.32,3.36,2.98,9,1.0,1.0,0.0,1.0,4.0,8.0,-4.0,3.0,8.0,-5.0,1.0,0.0,1.0,0.0,1.0,-1.0,0.0,1.0,-1.0,25.0,50.0,25.0,37.5,1472.7,1500.7
2017-08-06,2017,Tromso,Molde,1,2,A,O,2.82,3.43,2.39,8,0.0,1.0,1.0,1.0,4.0,4.0,0.0,6.0,2.0,4.0,-2.0,2.0,-4.0,0.0,1.0,-1.0,1.0,0.0,1.0,14.3,28.6,33.3,33.3,1430.3,1556.3
2017-08-06,2017,Stabaek,Sandefjord,1,3,A,O,1.76,3.74,4.39,10,1.0,0.0,2.0,2.0,5.0,4.0,1.0,8.0,9.0,-1.0,-3.0,-5.0,2.0,1.0,0.0,1.0,2.0,1.0,1.0,44.4,33.3,22.2,66.7,1507.2,1417.0
2017-08-06,2017,Sarpsborg 08,Haugesund,2,1,H,O,1.73,3.67,4.66,10,1.0,1.0,0.0,1.0,5.0,4.0,1.0,4.0,4.0,0.0,1.0,0.0,1.0,0.0,0.0,0.0,0.0,0.0,0.0,55.6,11.1,37.5,50.0,1557.8,1534.5
2017-08-06,2017,Odd,Sogndal,2,1,H,O,1.76,3.5,4.83,9,0.0,0.0,1.0,1.0,0.0,2.0,-2.0,2.0,5.0,-3.0,-2.0,-3.0,1.0,0.0,0.0,0.0,1.0,1.0,0.0,50.0,25.0,12.5,50.0,1544.2,1489.2
2017-08-06,2017,Aalesund,Brann,3,3,D,O,2.64,3.33,2.59,9,1.0,0.0,2.0,1.0,5.0,1.0,4.0,5.0,3.0,2.0,0.0,-2.0,2.0,1.0,0.0,1.0,1.0,1.0,0.0,50.0,50.0,25.0,37.5,1510.2,1569.8
2017-08-05,2017,Rosenborg,Kristiansund,4,1,H,O,1.28,5.41,9.93,10,3.0,1.0,0.0,2.0,11.0,7.0,4.0,2.0,7.0,-5.0,9.0,0.0,9.0,3.0,1.0,2.0,0.0,1.0,-1.0,66.7,11.1,12.5,75.0,1674.2,1484.6
2017-07-17,2017,Kristiansund,Valerenga,1,1,D,U,3.19,3.31,2.23,9,0.0,1.0,0.0,1.0,5.0,4.0,1.0,5.0,4.0,1.0,0.0,0.0,0.0,0.0,1.0,-1.0,0.0,1.0,-1.0,37.5,12.5,28.6,57.1,1483.1,1535.9
2017-07-16,2017,Sandefjord,Tromso,3,0,H,O,2.52,3.26,2.76,8,1.0,0.0,1.0,3.0,2.0,1.0,1.0,2.0,9.0,-7.0,0.0,-8.0,8.0,0.0,0.0,0.0,0.0,3.0,-3.0,42.9,28.6,25.0,62.5,1405.9,1441.3
2017-07-16,2017,Odd,Viking,0,2,A,U,1.71,3.64,4.93,8,0.0,0.0,1.0,3.0,1.0,4.0,-3.0,2.0,8.0,-6.0,-1.0,-4.0,3.0,0.0,0.0,0.0,0.0,1.0,-1.0,57.1,14.3,0.0,75.0,1556.9,1460.0
2017-07-16,2017,Molde,Stromsgodset,0,0,D,U,1.74,3.75,4.47,8,3.0,0.0,0.0,2.0,9.0,2.0,7.0,3.0,6.0,-3.0,6.0,-4.0,10.0,2.0,0.0,2.0,0.0,2.0,-2.0,71.4,28.6,0.0,62.5,1557.4,1521.5
2017-07-16,2017,Haugesund,Aalesund,2,0,H,U,2.02,3.41,3.62,8,2.0,0.0,0.0,1.0,3.0,2.0,1.0,0.0,3.0,-3.0,3.0,-1.0,4.0,1.0,0.0,1.0,0.0,0.0,0.0,42.9,14.3,25.0,25.0,1524.7,1520.1
2017-07-16,2017,Brann,Sarpsborg 08,0,1,A,U,2.38,3.27,2.95,9,1.0,0.0,0.0,1.0,6.0,0.0,6.0,1.0,1.0,0.0,5.0,-1.0,6.0,1.0,0.0,1.0,0.0,0.0,0.0,62.5,0.0,28.6,28.6,1580.7,1546.8
2017-07-15,2017,Sogndal,Rosenborg,0,3,A,O,5.26,3.94,1.61,9,2.0,0.0,0.0,1.0,4.0,4.0,0.0,2.0,5.0,-3.0,2.0,-1.0,3.0,0.0,0.0,0.0,0.0,0.0,0.0,50.0,25.0,42.9,14.3,1494.6,1668.9
2017-07-15,2017,Lillestrom,Stabaek,2,2,D,O,1.79,3.9,4.04,9,3.0,1.0,0.0,2.0,7.0,3.0,4.0,1.0,9.0,-8.0,6.0,-6.0,12.0,2.0,0.0,2.0,0.0,2.0,-2.0,50.0,50.0,42.9,42.9,1500.5,1507.4
2017-07-10,2017,Sarpsborg 08,Lillestrom,3,3,D,O,1.87,3.64,3.96,9,2.0,1.0,0.0,1.0,4.0,6.0,-2.0,1.0,6.0,-5.0,3.0,0.0,3.0,1.0,1.0,0.0,0.0,1.0,-1.0,62.5,12.5,28.6,42.9,1548.2,1499.0
2017-07-09,2017,Viking,Sogndal,1,1,D,U,1.84,3.54,4.24,8,1.0,1.0,1.0,1.0,4.0,3.0,1.0,4.0,5.0,-1.0,0.0,-2.0,2.0,0.0,0.0,0.0,0.0,1.0,-1.0,28.6,57.1,14.3,57.1,1459.0,1495.6
2017-07-09,2017,Stromsgodset,Kristiansund,4,2,H,O,1.61,3.94,5.29,8,1.0,1.0,1.0,2.0,6.0,5.0,1.0,5.0,4.0,1.0,1.0,1.0,0.0,1.0,1.0,0.0,0.0,0.0,0.0,42.9,14.3,14.3,71.4,1512.0,1492.5
2017-07-09,2017,Stabaek,Brann,2,0,H,U,2.79,3.42,2.41,9,0.0,1.0,2.0,0.0,4.0,4.0,0.0,9.0,3.0,6.0,-5.0,1.0,-6.0,0.0,0.0,0.0,2.0,0.0,2.0,37.5,37.5,28.6,28.6,1494.7,1593.5
2017-07-08,2017,Rosenborg,Sandefjord,5,1,H,O,1.23,6.06,11.55,9,2.0,0.0,0.0,2.0,7.0,3.0,4.0,2.0,6.0,-4.0,5.0,-3.0,8.0,2.0,0.0,2.0,0.0,1.0,-1.0,62.5,12.5,25.0,62.5,1665.1,1409.7
2017-07-08,2017,Aalesund,Molde,0,3,A,O,2.46,3.42,2.71,8,2.0,1.0,1.0,1.0,7.0,3.0,4.0,2.0,3.0,-1.0,5.0,0.0,5.0,2.0,0.0,2.0,0.0,0.0,0.0,57.1,42.9,25.0,37.5,1529.6,1547.9
2017-07-03,2017,Kristiansund,Rosenborg,3,3,D,O,5.03,3.73,1.68,8,1.0,0.0,0.0,1.0,5.0,1.0,4.0,4.0,2.0,2.0,1.0,-1.0,2.0,0.0,0.0,0.0,0.0,0.0,0.0,42.9,14.3,50.0,16.7,1487.7,1669.9
2017-07-02,2017,Sandefjord,Stabaek,1,2,A,O,2.47,3.38,2.74,7,2.0,1.0,0.0,2.0,3.0,3.0,0.0,0.0,9.0,-9.0,3.0,-6.0,9.0,1.0,0.0,1.0,0.0,2.0,-2.0,50.0,16.7,33.3,50.0,1417.7,1486.6
2017-07-02,2017,Odd,Sarpsborg 08,0,0,D,U,2.48,3.26,2.81,7,1.0,1.0,1.0,1.0,3.0,2.0,1.0,2.0,2.0,0.0,1.0,0.0,1.0,1.0,0.0,1.0,0.0,0.0,0.0,66.7,16.7,33.3,33.3,1557.2,1547.9
2017-07-02,2017,Molde,Viking,3,2,H,O,1.64,3.87,5.09,7,2.0,0.0,1.0,2.0,7.0,3.0,4.0,3.0,6.0,-3.0,4.0,-3.0,7.0,2.0,0.0,2.0,0.0,1.0,-1.0,66.7,33.3,0.0,71.4,1540.0,1466.9
2017-07-02,2017,Haugesund,Tromso,2,0,H,U,1.77,3.69,4.39,7,1.0,1.0,1.0,2.0,1.0,3.0,-2.0,2.0,8.0,-6.0,-1.0,-5.0,4.0,0.0,0.0,0.0,1.0,2.0,-1.0,33.3,16.7,28.6,57.1,1516.6,1449.4
2017-07-02,2017,Brann,Valerenga,0,0,D,U,1.85,3.63,4.03,8,2.0,2.0,0.0,1.0,11.0,5.0,6.0,1.0,4.0,-3.0,10.0,1.0,9.0,2.0,1.0,1.0,0.0,1.0,-1.0,71.4,0.0,33.3,66.7,1595.2,1534.2
2017-07-01,2017,Sogndal,Aalesund,1,0,H,U,2.84,3.41,2.38,8,1.0,1.0,1.0,0.0,5.0,4.0,1.0,5.0,3.0,2.0,0.0,1.0,-1.0,0.0,0.0,0.0,0.0,0.0,0.0,42.9,28.6,28.6,14.3,1484.0,1541.2
2017-07-01,2017,Lillestrom,Stromsgodset,2,0,H,U,1.99,3.61,3.54,8,2.0,0.0,1.0,1.0,6.0,3.0,3.0,3.0,5.0,-2.0,3.0,-2.0,5.0,1.0,0.0,1.0,0.0,1.0,-1.0,42.9,57.1,0.0,57.1,1488.0,1523.0
2017-06-26,2017,Stromsgodset,Molde,1,1,D,U,2.25,3.47,3.01,7,1.0,1.0,1.0,2.0,6.0,3.0,3.0,5.0,6.0,-1.0,1.0,-3.0,4.0,1.0,0.0,1.0,0.0,1.0,-1.0,50.0,16.7,28.6,42.9,1522.5,1540.5
2017-06-25,2017,Viking,Haugesund,1,1,D,U,2.39,3.32,2.89,7,1.0,1.0,2.0,2.0,3.0,3.0,0.0,5.0,5.0,0.0,-2.0,-2.0,0.0,0.0,0.0,0.0,1.0,1.0,0.0,33.3,66.7,42.9,57.1,1465.4,1518.1
2017-06-25,2017,Tromso,Sandefjord,1,1,D,U,1.83,3.57,4.23,7,0.0,0.0,1.0,3.0,4.0,2.0,2.0,6.0,10.0,-4.0,-2.0,-8.0,6.0,0.0,0.0,0.0,1.0,2.0,-1.0,16.7,33.3,28.6,71.4,1450.4,1416.8
2017-06-25,2017,Stabaek,Kristiansund,1,4,A,O,1.71,3.65,4.85,8,0.0,0.0,1.0,2.0,3.0,2.0,1.0,5.0,4.0,1.0,-2.0,-2.0,0.0,0.0,0.0,0.0,1.0,0.0,1.0,42.9,28.6,0.0,83.3,1497.2,1477.1
2017-06-25,2017,Sarpsborg 08,Brann,1,1,D,U,2.28,3.2,3.2,8,2.0,1.0,0.0,1.0,4.0,4.0,0.0,1.0,4.0,-3.0,3.0,0.0,3.0,1.0,0.0,1.0,0.0,0.0,0.0,71.4,14.3,33.3,33.3,1546.5,1596.7
2017-06-25,2017,Rosenborg,Sogndal,3,0,H,O,1.24,5.79,11.85,8,1.0,1.0,1.0,0.0,5.0,3.0,2.0,4.0,2.0,2.0,1.0,1.0,0.0,1.0,0.0,1.0,0.0,0.0,0.0,57.1,14.3,16.7,50.0,1664.6,1489.3
2017-06-25,2017,Aalesund,Odd,5,1,H,O,2.51,3.26,2.77,7,1.0,1.0,2.0,0.0,2.0,2.0,0.0,2.0,0.0,2.0,0.0,2.0,-2.0,1.0,1.0,0.0,0.0,0.0,0.0,50.0,50.0,28.6,42.9,1530.1,1568.3
2017-06-24,2017,Valerenga,Lillestrom,3,1,H,O,2.13,3.37,3.34,8,1.0,1.0,0.0,0.0,3.0,6.0,-3.0,2.0,4.0,-2.0,1.0,2.0,-1.0,0.0,1.0,-1.0,0.0,0.0,0.0,42.9,14.3,33.3,33.3,1525.0,1497.2
2017-06-19,2017,Brann,Stabaek,5,0,H,O,1.68,3.82,4.83,7,2.0,1.0,0.0,1.0,10.0,4.0,6.0,2.0,5.0,-3.0,8.0,-1.0,9.0,2.0,0.0,2.0,0.0,1.0,-1.0,66.7,0.0,40.0,40.0,1589.1,1504.8
2017-06-18,2017,Valerenga,Stromsgodset,1,1,D,U,2.2,3.42,3.14,7,1.0,0.0,0.0,2.0,3.0,2.0,1.0,2.0,6.0,-4.0,1.0,-4.0,5.0,0.0,0.0,0.0,0.0,2.0,-2.0,50.0,16.7,0.0,66.7,1525.0,1522.5
2017-06-18,2017,Sogndal,Odd,0,0,D,U,3.33,3.32,2.16,7,2.0,2.0,1.0,0.0,9.0,3.0,6.0,5.0,0.0,5.0,4.0,3.0,1.0,1.0,1.0,0.0,0.0,0.0,0.0,50.0,33.3,33.3,50.0,1487.0,1570.6
2017-06-18,2017,Sandefjord,Sarpsborg 08,1,0,H,U,3.78,3.4,1.97,6,1.0,1.0,0.0,0.0,5.0,3.0,2.0,3.0,2.0,1.0,2.0,1.0,1.0,1.0,0.0,1.0,0.0,0.0,0.0,40.0,20.0,40.0,20.0,1402.5,1560.7
2017-06-18,2017,Molde,Tromso,3,0,H,O,1.57,4.17,5.4,6,1.0,1.0,2.0,1.0,4.0,4.0,0.0,4.0,6.0,-2.0,0.0,-2.0,2.0,1.0,0.0,1.0,0.0,1.0,-1.0,60.0,40.0,33.3,50.0,1532.6,1458.3
2017-06-18,2017,Lillestrom,Viking,1,0,H,U,1.64,3.9,5.12,7,1.0,0.0,2.0,2.0,5.0,3.0,2.0,4.0,9.0,-5.0,1.0,-6.0,7.0,1.0,0.0,1.0,0.0,2.0,-2.0,33.3,66.7,0.0,66.7,1487.6,1475.0
2017-06-18,2017,Haugesund,Rosenborg,1,0,H,U,4.0,3.56,1.88,6,0.0,1.0,1.0,0.0,0.0,3.0,-3.0,2.0,2.0,0.0,-2.0,1.0,-3.0,0.0,0.0,0.0,1.0,0.0,1.0,20.0,20.0,60.0,0.0,1503.4,1679.3
2017-06-17,2017,Kristiansund,Aalesund,1,1,D,U,2.8,3.17,2.54,7,1.0,2.0,0.0,0.0,5.0,4.0,1.0,4.0,2.0,2.0,1.0,2.0,-1.0,0.0,0.0,0.0,0.0,0.0,0.0,50.0,16.7,33.3,16.7,1475.5,1531.7
2017-06-04,2017,Viking,Kristiansund,2,1,H,O,1.76,3.55,4.65,6,1.0,0.0,2.0,2.0,4.0,2.0,2.0,4.0,7.0,-3.0,0.0,-5.0,5.0,1.0,0.0,1.0,1.0,1.0,0.0,20.0,80.0,0.0,80.0,1464.4,1486.1
2017-06-04,2017,Sogndal,Sandefjord,3,2,H,O,2.11,3.25,3.52,6,1.0,1.0,2.0,2.0,6.0,2.0,4.0,4.0,7.0,-3.0,2.0,-5.0,7.0,1.0,1.0,0.0,0.0,2.0,-2.0,40.0,40.0,33.3,66.7,1478.9,1410.6
2017-06-04,2017,Sarpsborg 08,Molde,1,0,H,U,1.84,3.62,4.05,7,1.0,1.0,1.0,1.0,4.0,6.0,-2.0,3.0,8.0,-5.0,1.0,-2.0,3.0,1.0,0.0,1.0,0.0,1.0,-1.0,66.7,16.7,33.3,33.3,1551.0,1542.3
2017-06-04,2017,Rosenborg,Stromsgodset,3,1,H,O,1.43,4.51,6.83,7,1.0,0.0,1.0,2.0,4.0,1.0,3.0,4.0,5.0,-1.0,0.0,-4.0,4.0,0.0,0.0,0.0,0.0,2.0,-2.0,50.0,16.7,0.0,60.0,1673.2,1528.5
2017-06-04,2017,Odd,Brann,0,0,D,U,2.4,3.22,2.95,6,2.0,2.0,1.0,1.0,5.0,6.0,-1.0,3.0,4.0,-1.0,2.0,2.0,0.0,1.0,1.0,0.0,0.0,0.0,0.0,80.0,20.0,40.0,40.0,1570.1,1589.6
2017-06-04,2017,Aalesund,Haugesund,0,1,A,U,1.91,3.59,3.78,6,2.0,1.0,1.0,2.0,5.0,5.0,0.0,2.0,5.0,-3.0,3.0,0.0,3.0,2.0,1.0,1.0,0.0,1.0,-1.0,60.0,40.0,33.3,66.7,1543.2,1492.0
2017-06-03,2017,Tromso,Valerenga,2,4,A,O,2.65,3.35,2.56,6,0.0,1.0,1.0,2.0,2.0,2.0,0.0,5.0,4.0,1.0,-3.0,-2.0,-1.0,0.0,0.0,0.0,1.0,1.0,0.0,20.0,20.0,20.0,80.0,1466.9,1516.4
2017-06-03,2017,Stabaek,Lillestrom,2,4,A,O,2.31,3.34,2.99,7,0.0,1.0,1.0,0.0,1.0,3.0,-2.0,4.0,2.0,2.0,-3.0,1.0,-4.0,0.0,0.0,0.0,1.0,0.0,1.0,50.0,16.7,20.0,40.0,1515.9,1476.5
2017-05-29,2017,Stromsgodset,Viking,4,2,H,O,1.89,3.45,4.08,6,1.0,0.0,1.0,1.0,3.0,2.0,1.0,3.0,6.0,-3.0,0.0,-4.0,4.0,0.0,0.0,0.0,0.0,1.0,-1.0,40.0,20.0,0.0,60.0,1519.9,1473.1
2017-05-28,2017,Valerenga,Rosenborg,1,1,D,U,4.1,3.59,1.84,6,2.0,2.0,0.0,0.0,5.0,3.0,2.0,1.0,1.0,0.0,4.0,2.0,2.0,1.0,0.0,1.0,0.0,0.0,0.0,60.0,20.0,75.0,0.0,1512.0,1677.6
2017-05-28,2017,Molde,Stabaek,3,1,H,O,1.87,3.59,3.96,5,1.0,2.0,2.0,0.0,5.0,6.0,-1.0,3.0,2.0,1.0,2.0,4.0,-2.0,1.0,1.0,0.0,0.0,0.0,0.0,50.0,50.0,50.0,25.0,1532.5,1525.7
2017-05-28,2017,Lillestrom,Tromso,4,1,H,O,1.88,3.51,3.99,6,0.0,1.0,3.0,1.0,1.0,4.0,-3.0,5.0,5.0,0.0,-4.0,-1.0,-3.0,0.0,0.0,0.0,1.0,1.0,0.0,20.0,80.0,40.0,40.0,1466.2,1477.2
2017-05-28,2017,Kristiansund,Sogndal,1,1,D,U,2.3,3.16,3.17,6,2.0,1.0,0.0,1.0,6.0,2.0,4.0,3.0,4.0,-1.0,3.0,-2.0,5.0,1.0,0.0,1.0,0.0,1.0,-1.0,60.0,20.0,20.0,60.0,1486.4,1478.7
2017-05-28,2017,Haugesund,Sarpsborg 08,0,0,D,U,2.57,3.35,2.63,5,0.0,1.0,1.0,1.0,0.0,3.0,-3.0,2.0,5.0,-3.0,-2.0,-2.0,0.0,0.0,0.0,0.0,1.0,1.0,0.0,25.0,25.0,50.0,25.0,1490.2,1552.8
2017-05-28,2017,Brann,Aalesund,1,1,D,U,1.52,4.14,5.95,6,2.0,2.0,0.0,0.0,10.0,3.0,7.0,2.0,1.0,1.0,8.0,2.0,6.0,2.0,0.0,2.0,0.0,0.0,0.0,80.0,0.0,40.0,20.0,1591.0,1541.8
2017-05-27,2017,Sandefjord,Odd,0,0,D,U,3.74,3.28,2.03,5,2.0,2.0,0.0,1.0,7.0,3.0,4.0,3.0,3.0,0.0,4.0,0.0,4.0,2.0,1.0,1.0,0.0,1.0,-1.0,50.0,25.0,40.0,60.0,1406.1,1574.6
2017-05-22,2017,Stabaek,Viking,1,1,D,U,1.94,3.44,3.85,6,1.0,0.0,1.0,2.0,3.0,1.0,2.0,3.0,8.0,-5.0,0.0,-7.0,7.0,1.0,0.0,1.0,1.0,2.0,-1.0,60.0,20.0,0.0,75.0,1527.3,1471.5
2017-05-21,2017,Tromso,Stromsgodset,1,1,D,U,2.29,3.33,3.04,5,1.0,0.0,1.0,2.0,4.0,1.0,3.0,4.0,5.0,-1.0,0.0,-4.0,4.0,1.0,0.0,1.0,1.0,2.0,-1.0,25.0,25.0,0.0,75.0,1475.9,1521.2
2017-05-21,2017,Sarpsborg 08,Valerenga,2,0,H,U,1.87,3.6,3.93,6,1.0,1.0,1.0,2.0,7.0,2.0,5.0,4.0,6.0,-2.0,3.0,-4.0,7.0,1.0,0.0,1.0,0.0,1.0,-1.0,60.0,20.0,25.0,75.0,1543.4,1521.4
2017-05-21,2017,Odd,Molde,1,2,A,O,2.17,3.34,3.26,5,3.0,0.0,0.0,1.0,5.0,4.0,1.0,1.0,7.0,-6.0,4.0,-3.0,7.0,1.0,0.0,1.0,0.0,1.0,-1.0,100.0,0.0,20.0,40.0,1586.5,1520.7
2017-05-21,2017,Kristiansund,Haugesund,3,2,H,O,2.63,3.09,2.74,5,2.0,1.0,0.0,2.0,4.0,4.0,0.0,1.0,5.0,-4.0,3.0,-1.0,4.0,1.0,1.0,0.0,0.0,2.0,-2.0,50.0,25.0,40.0,60.0,1475.6,1500.9
2017-05-21,2017,Aalesund,Sandefjord,2,0,H,U,1.76,3.75,4.33,5,2.0,1.0,1.0,2.0,6.0,2.0,4.0,3.0,6.0,-3.0,3.0,-4.0,7.0,2.0,1.0,1.0,0.0,1.0,-1.0,50.0,50.0,40.0,60.0,1535.2,1412.7
2017-05-20,2017,Sogndal,Brann,2,3,A,O,3.44,3.25,2.14,5,1.0,1.0,1.0,2.0,5.0,3.0,2.0,2.0,3.0,-1.0,3.0,0.0,3.0,1.0,1.0,0.0,0.0,0.0,0.0,50.0,25.0,25.0,50.0,1486.0,1583.8
2017-05-20,2017,Rosenborg,Lillestrom,1,1,D,U,1.36,4.86,8.2,6,1.0,1.0,1.0,1.0,3.0,3.0,0.0,3.0,4.0,-1.0,0.0,-1.0,1.0,0.0,0.0,0.0,0.0,1.0,-1.0,60.0,20.0,25.0,50.0,1683.3,1460.5
2017-05-16,2017,Viking,Aalesund,1,2,A,O,1.68,3.91,4.75,5,1.0,1.0,2.0,0.0,3.0,2.0,1.0,3.0,1.0,2.0,0.0,1.0,-1.0,1.0,0.0,1.0,1.0,0.0,1.0,25.0,75.0,25.0,25.0,1480.1,1526.5
2017-05-16,2017,Valerenga,Kristiansund,1,0,H,U,1.47,4.2,6.79,5,1.0,0.0,1.0,2.0,5.0,2.0,3.0,3.0,8.0,-5.0,2.0,-6.0,8.0,1.0,0.0,1.0,0.0,2.0,-2.0,50.0,25.0,0.0,75.0,1512.2,1484.8
2017-05-16,2017,Stromsgodset,Stabaek,1,2,A,O,2.05,3.47,3.45,5,1.0,1.0,0.0,1.0,3.0,5.0,-2.0,2.0,5.0,-3.0,1.0,0.0,1.0,0.0,1.0,-1.0,0.0,1.0,-1.0,50.0,0.0,33.3,33.3,1531.6,1516.9
2017-05-16,2017,Rosenborg,Tromso,1,2,A,O,1.27,5.54,10.03,5,2.0,0.0,0.0,2.0,4.0,2.0,2.0,2.0,5.0,-3.0,2.0,-3.0,5.0,0.0,0.0,0.0,0.0,1.0,-1.0,75.0,0.0,25.0,50.0,1699.3,1459.9
2017-05-16,2017,Molde,Sogndal,1,2,A,O,1.5,4.12,6.5,4,2.0,0.0,1.0,2.0,6.0,0.0,6.0,2.0,6.0,-4.0,4.0,-6.0,10.0,1.0,0.0,1.0,0.0,2.0,-2.0,66.7,33.3,0.0,75.0,1532.3,1474.3
2017-05-16,2017,Lillestrom,Sarpsborg 08,1,2,A,O,2.37,3.3,2.91,5,0.0,1.0,3.0,1.0,0.0,4.0,-4.0,5.0,5.0,0.0,-5.0,-1.0,-4.0,0.0,1.0,-1.0,2.0,1.0,1.0,25.0,75.0,33.3,33.3,1468.6,1535.3
2017-05-16,2017,Haugesund,Odd,0,2,A,U,2.42,3.3,2.85,4,1.0,1.0,0.0,2.0,4.0,1.0,3.0,3.0,5.0,-2.0,1.0,-4.0,5.0,0.0,0.0,0.0,0.0,2.0,-2.0,33.3,0.0,25.0,75.0,1508.9,1578.4
2017-05-16,2017,Brann,Sandefjord,5,0,H,O,1.45,4.21,7.27,5,2.0,2.0,0.0,1.0,8.0,4.0,4.0,3.0,2.0,1.0,5.0,2.0,3.0,2.0,1.0,1.0,0.0,0.0,0.0,75.0,0.0,50.0,50.0,1578.1,1418.4
2017-05-13,2017,Stabaek,Rosenborg,0,0,D,U,4.3,3.66,1.79,5,2.0,3.0,1.0,0.0,5.0,6.0,-1.0,3.0,1.0,2.0,2.0,5.0,-3.0,2.0,1.0,1.0,1.0,0.0,1.0,75.0,25.0,100.0,0.0,1511.9,1704.3
2017-05-13,2017,Sogndal,Viking,4,0,H,O,3.23,3.17,2.26,4,1.0,0.0,1.0,2.0,5.0,1.0,4.0,3.0,5.0,-2.0,2.0,-4.0,6.0,1.0,0.0,1.0,0.0,1.0,-1.0,33.3,33.3,0.0,66.7,1463.5,1490.9
2017-05-13,2017,Sarpsborg 08,Tromso,1,1,D,U,1.55,4.15,5.7,5,2.0,1.0,1.0,2.0,9.0,3.0,6.0,3.0,5.0,-2.0,6.0,-2.0,8.0,2.0,0.0,2.0,0.0,1.0,-1.0,75.0,25.0,33.3,66.7,1537.6,1457.7
2017-05-13,2017,Sandefjord,Haugesund,2,0,H,U,2.58,3.27,2.68,4,1.0,2.0,1.0,1.0,5.0,6.0,-1.0,6.0,3.0,3.0,-1.0,3.0,-4.0,1.0,2.0,-1.0,1.0,1.0,0.0,33.3,33.3,50.0,50.0,1405.1,1522.2
2017-05-13,2017,Odd,Stromsgodset,2,0,H,U,2.18,3.27,3.31,4,3.0,0.0,0.0,2.0,5.0,1.0,4.0,1.0,6.0,-5.0,4.0,-5.0,9.0,1.0,0.0,1.0,0.0,2.0,-2.0,100.0,0.0,0.0,66.7,1569.2,1540.8
2017-05-13,2017,Kristiansund,Lillestrom,1,1,D,U,3.13,3.12,2.33,4,2.0,1.0,1.0,2.0,3.0,3.0,0.0,1.0,5.0,-4.0,2.0,-2.0,4.0,1.0,0.0,1.0,0.0,1.0,-1.0,66.7,33.3,33.3,66.7,1485.3,1468.1
2017-05-13,2017,Brann,Molde,4,1,H,O,2.02,3.35,3.69,4,2.0,0.0,0.0,1.0,7.0,4.0,3.0,2.0,5.0,-3.0,5.0,-1.0,6.0,2.0,0.0,2.0,0.0,0.0,0.0,66.7,0.0,25.0,25.0,1568.8,1541.5
2017-05-12,2017,Aalesund,Valerenga,0,1,A,U,2.34,3.52,2.83,4,2.0,0.0,1.0,3.0,7.0,4.0,3.0,5.0,10.0,-5.0,2.0,-6.0,8.0,2.0,0.0,2.0,1.0,1.0,0.0,66.7,33.3,0.0,100.0,1537.5,1501.1
2017-05-08,2017,Lillestrom,Odd,0,1,A,U,2.27,3.33,3.07,4,1.0,0.0,2.0,3.0,2.0,0.0,2.0,5.0,8.0,-3.0,-3.0,-8.0,5.0,0.0,0.0,0.0,2.0,3.0,-1.0,33.3,66.7,0.0,100.0,1475.7,1561.7
2017-05-07,2017,Viking,Sandefjord,0,2,A,U,1.57,3.86,5.95,4,1.0,1.0,2.0,2.0,4.0,3.0,1.0,3.0,4.0,-1.0,1.0,-1.0,2.0,1.0,0.0,1.0,0.0,0.0,0.0,33.3,66.7,33.3,66.7,1504.0,1392.0
2017-05-07,2017,Valerenga,Stabaek,1,1,D,U,1.85,3.68,3.96,4,2.0,,1.0,,5.0,,,2.0,,,3.0,,,1.0,,,0.0,,,66.7,33.3,50.0,50.0,1500.8,1512.2
2017-05-07,2017,Tromso,Kristiansund,1,1,D,U,1.55,3.94,6.02,4,1.0,0.0,1.0,3.0,4.0,1.0,3.0,4.0,9.0,-5.0,0.0,-8.0,8.0,1.0,0.0,1.0,1.0,3.0,-2.0,33.3,33.3,0.0,100.0,1456.8,1486.2
2017-05-07,2017,Stromsgodset,Sarpsborg 08,1,1,D,U,2.13,3.43,3.27,4,2.0,,0.0,,5.0,,,2.0,,,3.0,,,1.0,,,0.0,,,66.7,0.0,50.0,50.0,1540.9,1537.5
2017-05-07,2017,Rosenborg,Brann,2,1,H,O,1.52,4.05,6.31,4,2.0,1.0,0.0,1.0,5.0,3.0,2.0,1.0,2.0,-1.0,4.0,1.0,3.0,1.0,1.0,0.0,0.0,0.0,0.0,66.7,0.0,33.3,33.3,1697.7,1575.5
2017-05-07,2017,Haugesund,Sogndal,0,0,D,U,1.67,3.77,4.96,3,,0.0,,3.0,,1.0,,,9.0,,,-8.0,,,0.0,,,3.0,,50.0,0.0,0.0,100.0,1523.9,1461.8
2017-05-06,2017,Molde,Aalesund,0,1,A,U,1.55,4.19,5.48,3,,0.0,,1.0,,2.0,,,4.0,,,-2.0,,,0.0,,,1.0,,100.0,0.0,0.0,33.3,1552.3,1526.8
2017-05-01,2017,Sarpsborg 08,Rosenborg,1,2,A,O,3.68,3.47,1.98,4,3.0,,0.0,,11.0,,,2.0,,,9.0,,,3.0,,,0.0,,,100.0,0.0,100.0,0.0,1543.4,1691.7
2017-04-30,2017,Stabaek,Haugesund,0,3,A,O,1.97,3.56,3.6,4,3.0,1.0,0.0,2.0,8.0,4.0,4.0,1.0,6.0,-5.0,7.0,-2.0,9.0,3.0,1.0,2.0,0.0,2.0,-2.0,100.0,0.0,33.3,66.7,1522.5,1513.7
2017-04-30,2017,Sogndal,Lillestrom,0,1,A,U,2.48,3.31,2.74,3,,,,,,,,,,,,,,,,,,,,50.0,0.0,0.0,100.0,1471.9,1465.5
2017-04-30,2017,Sandefjord,Molde,3,3,D,O,4.33,3.46,1.83,3,,1.0,,1.0,,2.0,,,2.0,,,0.0,,,0.0,,,0.0,,50.0,50.0,33.3,33.3,1387.5,1556.8
2017-04-30,2017,Odd,Valerenga,2,1,H,O,2.05,3.42,3.52,3,,,,,,,,,,,,,,,,,,,,100.0,0.0,0.0,100.0,1552.9,1509.5
2017-04-30,2017,Kristiansund,Stromsgodset,2,0,H,U,3.7,3.38,2.0,3,,,,,,,,,,,,,,,,,,,,50.0,50.0,0.0,50.0,1473.9,1553.1
2017-04-30,2017,Aalesund,Tromso,3,1,H,O,2.27,3.45,2.99,3,,,,,,,,,,,,,,,,,,,,50.0,50.0,50.0,50.0,1518.3,1465.3
2017-04-29,2017,Brann,Viking,1,1,D,U,1.75,3.46,4.88,3,,,,,,,,,,,,,,,,,,,,100.0,0.0,0.0,100.0,1577.6,1501.9
2017-04-24,2017,Haugesund,Molde,0,0,D,U,3.06,3.42,2.24,2,,,,,,,,,,,,,,,,,,,,100.0,0.0,50.0,50.0,1512.4,1558.1
2017-04-23,2017,Viking,Odd,3,0,H,O,2.48,3.22,2.82,3,,,,,,,,,,,,,,,,,,,,0.0,100.0,0.0,100.0,1489.8,1565.0
2017-04-23,2017,Valerenga,Sogndal,3,0,H,O,1.72,3.73,4.62,3,,,,,,,,,,,,,,,,,,,,50.0,50.0,0.0,100.0,1500.1,1481.4
2017-04-23,2017,Tromso,Stabaek,0,3,A,O,1.84,3.64,4.03,3,,,,,,,,,,,,,,,,,,,,50.0,0.0,0.0,100.0,1474.2,1513.6
2017-04-23,2017,Sarpsborg 08,Kristiansund,5,1,H,O,1.51,4.07,6.38,3,,,,,,,,,,,,,,,,,,,,100.0,0.0,0.0,100.0,1534.9,1482.4
2017-04-23,2017,Rosenborg,Aalesund,0,0,D,U,1.17,7.31,13.97,3,,,,,,,,,,,,,,,,,,,,100.0,0.0,0.0,50.0,1696.5,1513.5
2017-04-23,2017,Lillestrom,Brann,0,2,A,U,2.53,3.25,2.75,3,,,,,,,,,,,,,,,,,,,,50.0,50.0,0.0,50.0,1472.8,1570.4
2017-04-22,2017,Stromsgodset,Sandefjord,1,0,H,U,1.41,4.6,7.24,3,,,,,,,,,,,,,,,,,,,,50.0,0.0,50.0,50.0,1547.3,1393.3
2017-04-17,2017,Viking,Rosenborg,0,1,A,U,6.51,4.07,1.5,2,,,,,,,,,,,,,,,,,,,,0.0,100.0,100.0,0.0,1494.6,1691.7
2017-04-17,2017,Stabaek,Sarpsborg 08,3,0,H,O,2.91,3.34,2.35,3,,,,,,,,,,,,,,,,,,,,100.0,0.0,100.0,0.0,1502.3,1546.2
2017-04-17,2017,Sogndal,Stromsgodset,1,1,D,U,2.77,3.37,2.43,2,,,,,,,,,,,,,,,,,,,,100.0,0.0,0.0,100.0,1479.4,1549.2
2017-04-17,2017,Sandefjord,Kristiansund,2,0,H,U,2.11,3.23,3.52,2,,,,,,,,,,,,,,,,,,,,0.0,100.0,0.0,100.0,1380.1,1495.6
2017-04-17,2017,Odd,Tromso,1,0,H,U,1.62,3.92,5.14,2,,,,,,,,,,,,,,,,,,,,100.0,0.0,100.0,0.0,1557.2,1482.0
2017-04-17,2017,Molde,Valerenga,4,0,H,O,1.64,3.87,5.06,2,,,,,,,,,,,,,,,,,,,,100.0,0.0,0.0,100.0,1549.2,1508.9
2017-04-17,2017,Brann,Haugesund,3,1,H,O,1.72,3.66,4.74,2,,,,,,,,,,,,,,,,,,,,100.0,0.0,50.0,50.0,1561.5,1521.2
2017-04-17,2017,Aalesund,Lillestrom,3,1,H,O,2.43,3.4,2.76,2,,,,,,,,,,,,,,,,,,,,0.0,100.0,0.0,100.0,1504.1,1482.1
2017-04-10,2017,Kristiansund,Brann,1,0,H,U,3.72,3.3,2.02,2,,,,,,,,,,,,,,,,,,,,0.0,100.0,0.0,0.0,1483.1,1574.1
2017-04-09,2017,Valerenga,Sandefjord,1,2,A,O,1.39,4.66,7.59,2,,,,,,,,,,,,,,,,,,,,100.0,0.0,0.0,100.0,1523.2,1365.9
2017-04-09,2017,Tromso,Sogndal,3,0,H,O,2.0,3.34,3.73,2,,,,,,,,,,,,,,,,,,,,0.0,0.0,0.0,100.0,1471.5,1489.9
2017-04-09,2017,Stromsgodset,Aalesund,1,1,D,U,1.48,4.4,6.14,2,,,,,,,,,,,,,,,,,,,,100.0,0.0,0.0,100.0,1550.6,1502.8
2017-04-09,2017,Stabaek,Odd,2,0,H,U,3.49,3.39,2.06,2,,,,,,,,,,,,,,,,,,,,100.0,0.0,0.0,100.0,1490.1,1569.4
2017-04-09,2017,Sarpsborg 08,Viking,3,0,H,O,1.76,3.58,4.53,2,,,,,,,,,,,,,,,,,,,,100.0,0.0,0.0,100.0,1537.2,1503.7
2017-04-09,2017,Lillestrom,Haugesund,0,2,A,U,2.08,3.47,3.37,2,,,,,,,,,,,,,,,,,,,,100.0,0.0,0.0,100.0,1491.6,1511.8
2017-04-08,2017,Rosenborg,Molde,2,1,H,O,1.37,4.77,7.91,2,,,,,,,,,,,,,,,,,,,,100.0,0.0,100.0,0.0,1685.2,1555.7
2017-04-06,2017,Viking,Tromso,1,2,A,O,1.94,3.38,3.93,1,,,,,,,,,,,,,,,,,,,,,,,,1515.2,1459.9
2017-04-06,2017,Haugesund,Valerenga,4,3,H,O,2.49,3.31,2.74,1,,,,,,,,,,,,,,,,,,,,,,,,1500.9,1534.1
2017-04-06,2017,Brann,Stromsgodset,3,0,H,O,2.21,3.22,3.28,1,,,,,,,,,,,,,,,,,,,,,,,,1564.2,1560.5
2017-04-05,2017,Sogndal,Stabaek,4,1,H,O,2.08,3.3,3.51,1,,,,,,,,,,,,,,,,,,,,,,,,1479.3,1500.7
2017-04-05,2017,Sandefjord,Rosenborg,0,3,A,O,8.64,4.9,1.34,1,,,,,,,,,,,,,,,,,,,,,,,,1368.7,1682.4
2017-04-05,2017,Odd,Kristiansund,2,0,H,U,1.49,4.27,6.3,1,,,,,,,,,,,,,,,,,,,,,,,,1561.4,1491.1
2017-04-05,2017,Molde,Lillestrom,2,1,H,O,1.57,4.04,5.55,1,,,,,,,,,,,,,,,,,,,,,,,,1547.0,1500.2
2017-04-05,2017,Aalesund,Sarpsborg 08,1,3,A,O,2.58,3.39,2.59,1,,,,,,,,,,,,,,,,,,,,,,,,1512.3,1527.6
2017-04-03,2017,Valerenga,Viking,1,0,H,U,1.83,3.47,4.3,1,,,,,,,,,,,,,,,,,,,,,,,,1524.1,1525.3
2017-04-02,2017,Tromso,Brann,1,1,D,U,2.34,3.1,3.15,1,,,,,,,,,,,,,,,,,,,,,,,,1456.9,1567.2
2017-04-02,2017,Stromsgodset,Haugesund,3,1,H,O,1.72,3.68,4.68,1,,,,,,,,,,,,,,,,,,,,,,,,1551.7,1509.6
2017-04-02,2017,Stabaek,Aalesund,3,1,H,O,2.63,3.23,2.66,1,,,,,,,,,,,,,,,,,,,,,,,,1489.7,1523.3
2017-04-02,2017,Sarpsborg 08,Sogndal,3,1,H,O,1.77,3.47,4.7,1,,,,,,,,,,,,,,,,,,,,,,,,1518.5,1488.5
2017-04-02,2017,Rosenborg,Odd,3,0,H,O,1.49,4.19,6.46,1,,,,,,,,,,,,,,,,,,,,,,,,1675.4,1568.4
2017-04-02,2017,Lillestrom,Sandefjord,2,1,H,O,1.65,3.83,5.01,1,,,,,,,,,,,,,,,,,,,,,,,,1493.5,1375.4
2017-04-01,2017,Kristiansund,Molde,0,1,A,U,3.6,3.32,2.05,1,,,,,,,,,,,,,,,,,,,,,,,,1500.0,1538.1
2016-12-04,2016,Stabaek,Jerv,2,0,H,U,1.79,3.61,4.22,16,1.0,,2.0,,5.0,,,4.0,,,1.0,,,1.0,,,0.0,,,33.3,60.0,,,1479.3,1494.7
2016-11-30,2016,Jerv,Stabaek,1,0,H,U,2.32,3.2,3.03,1,,1.0,,1.0,,2.0,,,4.0,,,-2.0,,,0.0,,,1.0,,,,20.0,40.0,1484.5,1489.4
2016-11-06,2016,Viking,Valerenga,0,2,A,U,1.99,3.58,3.52,15,2.0,1.0,1.0,1.0,5.0,5.0,0.0,3.0,4.0,-1.0,2.0,1.0,1.0,1.0,1.0,0.0,0.0,1.0,-1.0,35.7,35.7,28.6,50.0,1535.9,1513.4
2016-11-06,2016,Tromso,Odd,3,1,H,O,2.5,3.43,2.67,15,1.0,1.0,2.0,1.0,2.0,3.0,-1.0,6.0,3.0,3.0,-4.0,0.0,-4.0,0.0,0.0,0.0,2.0,0.0,2.0,35.7,42.9,50.0,28.6,1443.1,1582.2
2016-11-06,2016,Stabaek,Start,3,0,H,O,1.51,4.51,5.57,15,1.0,0.0,2.0,2.0,3.0,1.0,2.0,4.0,5.0,-1.0,-1.0,-4.0,3.0,0.0,0.0,0.0,0.0,2.0,-2.0,28.6,64.3,0.0,57.1,1482.5,1371.5
2016-11-06,2016,Sogndal,Aalesund,2,4,A,O,1.98,3.68,3.45,15,1.0,3.0,1.0,0.0,3.0,8.0,-5.0,1.0,3.0,-2.0,2.0,5.0,-3.0,1.0,1.0,0.0,0.0,0.0,0.0,28.6,21.4,35.7,57.1,1498.0,1513.7
2016-11-06,2016,Rosenborg,Bodo/Glimt,2,1,H,O,1.4,5.03,6.57,15,2.0,0.0,1.0,3.0,6.0,1.0,5.0,3.0,4.0,-1.0,3.0,-3.0,6.0,2.0,0.0,2.0,0.0,0.0,0.0,92.9,7.1,21.4,57.1,1670.9,1454.7
2016-11-06,2016,Lillestrom,Molde,1,0,H,U,3.25,3.59,2.08,15,0.0,1.0,2.0,2.0,4.0,3.0,1.0,7.0,3.0,4.0,-3.0,0.0,-3.0,0.0,1.0,-1.0,1.0,0.0,1.0,28.6,42.9,35.7,50.0,1481.5,1550.1
2016-11-06,2016,Haugesund,Stromsgodset,1,1,D,U,2.09,3.59,3.23,15,1.0,1.0,0.0,2.0,4.0,5.0,-1.0,3.0,8.0,-5.0,1.0,-3.0,4.0,0.0,0.0,0.0,0.0,2.0,-2.0,57.1,7.1,21.4,64.3,1508.4,1553.0
2016-11-06,2016,Brann,Sarpsborg 08,2,1,H,O,1.84,3.65,4.07,15,2.0,1.0,1.0,1.0,4.0,3.0,1.0,3.0,5.0,-2.0,1.0,-2.0,3.0,0.0,0.0,0.0,0.0,1.0,-1.0,71.4,7.1,35.7,35.7,1558.1,1527.6
2016-10-30,2016,Valerenga,Lillestrom,1,1,D,U,1.92,3.53,3.79,15,0.0,2.0,1.0,1.0,2.0,5.0,-3.0,3.0,4.0,-1.0,-1.0,1.0,-2.0,0.0,0.0,0.0,0.0,0.0,0.0,35.7,35.7,21.4,42.9,1514.4,1480.6
2016-10-30,2016,Stromsgodset,Rosenborg,2,0,H,U,3.64,3.75,1.91,15,0.0,2.0,1.0,0.0,2.0,7.0,-5.0,4.0,3.0,1.0,-2.0,4.0,-6.0,0.0,2.0,-2.0,1.0,0.0,1.0,57.1,7.1,50.0,7.1,1539.0,1684.9
2016-10-30,2016,Start,Brann,1,2,A,O,5.05,3.84,1.65,15,2.0,1.0,1.0,1.0,4.0,5.0,-1.0,5.0,4.0,1.0,-1.0,1.0,-2.0,0.0,1.0,-1.0,1.0,0.0,1.0,14.3,57.1,28.6,50.0,1376.9,1552.8
2016-10-30,2016,Sarpsborg 08,Tromso,2,2,D,O,1.88,3.57,3.93,15,1.0,0.0,1.0,3.0,4.0,2.0,2.0,4.0,6.0,-2.0,0.0,-4.0,4.0,0.0,0.0,0.0,0.0,1.0,-1.0,50.0,21.4,21.4,57.1,1530.1,1440.5
2016-10-30,2016,Odd,Sogndal,3,1,H,O,1.51,4.2,6.05,15,1.0,1.0,2.0,1.0,3.0,2.0,1.0,4.0,3.0,1.0,-1.0,-1.0,0.0,0.0,0.0,0.0,0.0,1.0,-1.0,50.0,28.6,28.6,35.7,1574.2,1506.1
2016-10-30,2016,Molde,Stabaek,3,0,H,O,1.51,4.37,5.81,15,0.0,1.0,1.0,0.0,1.0,3.0,-2.0,3.0,2.0,1.0,-2.0,1.0,-3.0,0.0,0.0,0.0,1.0,0.0,1.0,50.0,21.4,21.4,35.7,1541.5,1491.1
2016-10-30,2016,Bodo/Glimt,Viking,0,2,A,U,1.73,3.87,4.32,15,2.0,0.0,1.0,1.0,7.0,1.0,6.0,5.0,2.0,3.0,2.0,-1.0,3.0,2.0,0.0,2.0,1.0,0.0,1.0,35.7,42.9,42.9,35.7,1462.8,1527.8
2016-10-30,2016,Aalesund,Haugesund,3,3,D,O,2.71,3.55,2.39,15,3.0,0.0,0.0,2.0,6.0,1.0,5.0,2.0,3.0,-1.0,4.0,-2.0,6.0,1.0,0.0,1.0,0.0,0.0,0.0,42.9,28.6,28.6,50.0,1513.9,1508.2
2016-10-23,2016,Tromso,Valerenga,0,3,A,O,2.37,3.36,2.88,14,2.0,1.0,1.0,1.0,4.0,4.0,0.0,3.0,5.0,-2.0,1.0,-1.0,2.0,1.0,0.0,1.0,1.0,1.0,0.0,38.5,38.5,23.1,53.8,1448.9,1506.0
2016-10-23,2016,Sogndal,Stromsgodset,0,1,A,U,2.52,3.32,2.72,14,1.0,0.0,0.0,2.0,4.0,5.0,-1.0,1.0,9.0,-8.0,3.0,-4.0,7.0,1.0,0.0,1.0,0.0,2.0,-2.0,30.8,15.4,15.4,69.2,1515.7,1529.4
2016-10-23,2016,Rosenborg,Odd,1,2,A,O,1.48,4.41,6.11,14,3.0,1.0,0.0,1.0,8.0,5.0,3.0,2.0,4.0,-2.0,6.0,1.0,5.0,3.0,1.0,2.0,0.0,0.0,0.0,100.0,0.0,46.2,30.8,1698.7,1560.4
2016-10-23,2016,Lillestrom,Start,1,1,D,U,1.42,4.55,7.11,14,0.0,0.0,2.0,3.0,4.0,0.0,4.0,7.0,6.0,1.0,-3.0,-6.0,3.0,0.0,0.0,0.0,1.0,3.0,-2.0,30.8,46.2,0.0,61.5,1483.6,1373.8
2016-10-23,2016,Haugesund,Bodo/Glimt,2,1,H,O,1.68,3.92,4.66,14,1.0,1.0,0.0,2.0,5.0,2.0,3.0,4.0,3.0,1.0,1.0,-1.0,2.0,0.0,0.0,0.0,0.0,0.0,0.0,53.8,7.7,23.1,53.8,1499.0,1472.1
2016-10-22,2016,Stabaek,Sarpsborg 08,1,2,A,O,2.2,3.38,3.17,14,1.0,0.0,2.0,1.0,2.0,3.0,-1.0,4.0,6.0,-2.0,-2.0,-3.0,1.0,0.0,0.0,0.0,1.0,1.0,0.0,30.8,61.5,30.8,38.5,1500.5,1520.7
2016-10-22,2016,Brann,Molde,2,1,H,O,2.38,3.25,2.95,14,1.0,2.0,1.0,1.0,2.0,4.0,-2.0,2.0,1.0,1.0,0.0,3.0,-3.0,0.0,2.0,-2.0,0.0,0.0,0.0,69.2,7.7,38.5,46.2,1542.5,1551.8
2016-10-21,2016,Viking,Aalesund,2,3,A,O,1.79,3.74,4.16,14,2.0,2.0,0.0,1.0,5.0,5.0,0.0,2.0,4.0,-2.0,3.0,1.0,2.0,1.0,1.0,0.0,0.0,1.0,-1.0,38.5,30.8,30.8,61.5,1538.8,1502.9
2016-10-16,2016,Valerenga,Stabaek,1,1,D,U,1.79,3.65,4.32,14,0.0,1.0,1.0,0.0,2.0,4.0,-2.0,3.0,3.0,0.0,-1.0,1.0,-2.0,0.0,0.0,0.0,0.0,0.0,0.0,38.5,38.5,23.1,38.5,1506.2,1500.3
2016-10-16,2016,Start,Tromso,2,1,H,O,3.68,3.57,1.94,14,1.0,0.0,1.0,3.0,3.0,2.0,1.0,5.0,6.0,-1.0,-2.0,-4.0,2.0,0.0,0.0,0.0,1.0,1.0,0.0,7.7,61.5,23.1,53.8,1361.0,1461.7
2016-10-16,2016,Odd,Haugesund,2,1,H,O,1.94,3.51,3.76,14,0.0,0.0,2.0,1.0,1.0,1.0,0.0,3.0,2.0,1.0,-2.0,-1.0,-1.0,0.0,0.0,0.0,0.0,0.0,0.0,46.2,30.8,30.8,46.2,1551.7,1507.7
2016-10-16,2016,Molde,Sogndal,0,0,D,U,1.53,4.06,5.99,14,1.0,1.0,1.0,1.0,5.0,3.0,2.0,5.0,4.0,1.0,0.0,-1.0,1.0,1.0,0.0,1.0,1.0,1.0,0.0,53.8,23.1,30.8,38.5,1552.9,1514.6
2016-10-16,2016,Brann,Lillestrom,1,2,A,O,1.65,3.76,5.21,13,1.0,1.0,0.0,1.0,2.0,5.0,-3.0,1.0,5.0,-4.0,1.0,0.0,1.0,0.0,0.0,0.0,0.0,0.0,0.0,75.0,0.0,15.4,46.2,1554.9,1471.3
2016-10-15,2016,Sarpsborg 08,Rosenborg,2,2,D,O,4.76,3.88,1.68,14,2.0,2.0,1.0,0.0,3.0,6.0,-3.0,2.0,2.0,0.0,1.0,4.0,-3.0,0.0,2.0,-2.0,0.0,0.0,0.0,53.8,23.1,53.8,7.7,1515.7,1703.6
2016-10-15,2016,Aalesund,Bodo/Glimt,1,0,H,U,2.28,3.48,2.95,14,2.0,1.0,0.0,1.0,7.0,3.0,4.0,4.0,3.0,1.0,3.0,0.0,3.0,1.0,0.0,1.0,0.0,0.0,0.0,38.5,30.8,25.0,50.0,1493.2,1481.7
2016-10-14,2016,Stromsgodset,Viking,1,1,D,U,1.95,3.48,3.77,14,0.0,0.0,1.0,2.0,2.0,1.0,1.0,4.0,3.0,1.0,-2.0,-2.0,0.0,0.0,0.0,0.0,1.0,0.0,1.0,61.5,7.7,46.2,38.5,1529.1,1539.1
2016-10-02,2016,Viking,Start,2,0,H,U,1.42,4.52,7.28,13,1.0,0.0,0.0,2.0,5.0,1.0,4.0,4.0,5.0,-1.0,1.0,-4.0,5.0,0.0,0.0,0.0,0.0,2.0,-2.0,33.3,33.3,0.0,58.3,1533.6,1366.5
2016-10-02,2016,Tromso,Molde,0,2,A,U,2.48,3.33,2.75,13,3.0,2.0,0.0,1.0,6.0,4.0,2.0,2.0,1.0,1.0,4.0,3.0,1.0,1.0,2.0,-1.0,0.0,0.0,0.0,41.7,33.3,33.3,50.0,1469.6,1545.0
2016-10-02,2016,Rosenborg,Valerenga,3,1,H,O,1.38,4.97,7.09,13,3.0,2.0,0.0,0.0,8.0,5.0,3.0,2.0,2.0,0.0,6.0,3.0,3.0,3.0,1.0,2.0,0.0,0.0,0.0,100.0,0.0,25.0,50.0,1698.5,1511.3
2016-10-02,2016,Haugesund,Sarpsborg 08,1,1,D,U,1.87,3.51,4.06,13,2.0,0.0,0.0,1.0,6.0,2.0,4.0,4.0,5.0,-1.0,2.0,-3.0,5.0,0.0,0.0,0.0,0.0,1.0,-1.0,58.3,8.3,33.3,41.7,1507.5,1516.0
2016-10-02,2016,Aalesund,Odd,1,0,H,U,3.25,3.52,2.11,13,1.0,1.0,1.0,1.0,6.0,7.0,-1.0,6.0,7.0,-1.0,0.0,0.0,0.0,1.0,1.0,0.0,1.0,1.0,0.0,33.3,33.3,50.0,25.0,1480.8,1564.0
2016-10-01,2016,Stabaek,Lillestrom,1,2,A,O,2.2,3.29,3.28,13,2.0,0.0,1.0,1.0,4.0,4.0,0.0,2.0,5.0,-3.0,2.0,-1.0,3.0,1.0,0.0,1.0,1.0,0.0,1.0,33.3,58.3,8.3,50.0,1511.8,1459.8
2016-10-01,2016,Sogndal,Brann,0,0,D,U,2.77,3.16,2.57,13,1.0,1.0,1.0,2.0,5.0,7.0,-2.0,3.0,7.0,-4.0,2.0,0.0,2.0,1.0,1.0,0.0,0.0,0.0,0.0,33.3,16.7,30.8,53.8,1513.4,1556.1
2016-09-30,2016,Bodo/Glimt,Stromsgodset,4,2,H,O,2.56,3.37,2.64,14,1.0,0.0,1.0,2.0,4.0,3.0,1.0,4.0,6.0,-2.0,0.0,-3.0,3.0,1.0,0.0,1.0,1.0,1.0,0.0,30.8,46.2,16.7,66.7,1469.7,1541.1
2016-09-26,2016,Stabaek,Bodo/Glimt,1,0,H,U,1.98,3.5,3.63,12,1.0,1.0,2.0,1.0,3.0,5.0,-2.0,3.0,5.0,-2.0,0.0,0.0,0.0,1.0,0.0,1.0,1.0,0.0,1.0,27.3,63.6,27.3,45.5,1502.5,1479.0
2016-09-25,2016,Valerenga,Aalesund,0,1,A,U,1.56,4.2,5.36,13,1.0,2.0,0.0,1.0,5.0,6.0,-1.0,4.0,5.0,-1.0,1.0,1.0,0.0,0.0,1.0,-1.0,0.0,1.0,-1.0,41.7,33.3,25.0,66.7,1522.8,1469.3
2016-09-25,2016,Stromsgodset,Odd,1,1,D,U,2.36,3.37,2.88,13,0.0,2.0,1.0,1.0,3.0,8.0,-5.0,5.0,7.0,-2.0,-2.0,1.0,-3.0,0.0,1.0,-1.0,1.0,1.0,0.0,66.7,8.3,54.5,27.3,1540.5,1564.7
2016-09-25,2016,Start,Haugesund,1,0,H,U,4.17,3.7,1.8,13,0.0,1.0,2.0,0.0,3.0,2.0,1.0,7.0,1.0,6.0,-4.0,1.0,-5.0,0.0,0.0,0.0,1.0,0.0,1.0,0.0,66.7,33.3,41.7,1352.0,1522.0
2016-09-25,2016,Lillestrom,Sogndal,1,2,A,O,2.08,3.42,3.44,13,0.0,0.0,2.0,2.0,6.0,2.0,4.0,9.0,6.0,3.0,-3.0,-4.0,1.0,0.0,0.0,0.0,1.0,2.0,-1.0,33.3,41.7,25.0,41.7,1468.8,1504.4
2016-09-25,2016,Brann,Tromso,1,0,H,U,1.6,3.83,5.59,12,1.0,1.0,0.0,2.0,2.0,5.0,-3.0,1.0,5.0,-4.0,1.0,0.0,1.0,0.0,1.0,-1.0,0.0,1.0,-1.0,72.7,0.0,25.0,50.0,1548.1,1477.6
2016-09-24,2016,Sarpsborg 08,Viking,1,0,H,U,2.22,3.29,3.19,13,1.0,1.0,2.0,1.0,2.0,3.0,-1.0,4.0,3.0,1.0,-2.0,0.0,-2.0,0.0,0.0,0.0,1.0,0.0,1.0,50.0,25.0,50.0,33.3,1504.9,1544.7
2016-09-24,2016,Molde,Rosenborg,1,3,A,O,3.27,3.55,2.09,13,2.0,2.0,0.0,0.0,7.0,5.0,2.0,4.0,1.0,3.0,3.0,4.0,-1.0,1.0,2.0,-1.0,0.0,0.0,0.0,58.3,16.7,50.0,8.3,1551.1,1692.4
2016-09-18,2016,Sogndal,Sarpsborg 08,3,0,H,O,2.26,3.26,3.17,12,0.0,1.0,1.0,0.0,4.0,3.0,1.0,5.0,2.0,3.0,-1.0,1.0,-2.0,0.0,0.0,0.0,0.0,0.0,0.0,27.3,18.2,36.4,36.4,1493.8,1515.5
2016-09-18,2016,Rosenborg,Start,2,0,H,U,1.1,9.29,19.67,12,3.0,0.0,0.0,2.0,12.0,1.0,11.0,2.0,4.0,-2.0,10.0,-3.0,13.0,3.0,0.0,3.0,0.0,1.0,-1.0,100.0,0.0,0.0,54.5,1689.8,1354.5
2016-09-18,2016,Odd,Stabaek,0,1,A,U,1.6,3.98,5.32,13,0.0,0.0,2.0,0.0,2.0,5.0,-3.0,5.0,5.0,0.0,-3.0,0.0,-3.0,0.0,0.0,0.0,1.0,0.0,1.0,50.0,25.0,16.7,41.7,1577.2,1490.0
2016-09-18,2016,Bodo/Glimt,Brann,1,3,A,O,2.71,3.29,2.54,13,1.0,1.0,1.0,2.0,3.0,7.0,-4.0,4.0,7.0,-3.0,-1.0,0.0,-1.0,1.0,1.0,0.0,1.0,0.0,1.0,33.3,41.7,25.0,58.3,1487.6,1539.6
2016-09-18,2016,Aalesund,Stromsgodset,4,2,H,O,3.21,3.52,2.13,12,1.0,0.0,1.0,2.0,4.0,1.0,3.0,4.0,3.0,1.0,0.0,-2.0,2.0,1.0,0.0,1.0,1.0,0.0,1.0,27.3,36.4,18.2,63.6,1456.6,1553.2
2016-09-17,2016,Viking,Molde,1,0,H,U,2.61,3.36,2.59,12,0.0,2.0,1.0,1.0,4.0,4.0,0.0,6.0,3.0,3.0,-2.0,1.0,-3.0,0.0,2.0,-2.0,1.0,1.0,0.0,27.3,36.4,36.4,45.5,1533.9,1561.9
2016-09-17,2016,Tromso,Lillestrom,2,1,H,O,1.81,3.66,4.13,12,2.0,0.0,1.0,1.0,5.0,3.0,2.0,3.0,5.0,-2.0,2.0,-2.0,4.0,1.0,0.0,1.0,0.0,1.0,-1.0,36.4,36.4,9.1,45.5,1467.2,1479.1
2016-09-16,2016,Haugesund,Valerenga,1,1,D,U,2.13,3.41,3.3,12,2.0,3.0,1.0,0.0,5.0,8.0,-3.0,4.0,3.0,1.0,1.0,5.0,-4.0,0.0,2.0,-2.0,0.0,0.0,0.0,63.6,9.1,27.3,54.5,1522.0,1522.8
2016-09-11,2016,Tromso,Sogndal,2,0,H,U,2.15,3.32,3.34,11,1.0,1.0,1.0,1.0,5.0,3.0,2.0,5.0,4.0,1.0,0.0,-1.0,1.0,0.0,0.0,0.0,0.0,1.0,-1.0,30.0,40.0,27.3,36.4,1455.8,1505.2
2016-09-11,2016,Stabaek,Rosenborg,0,2,A,U,5.1,3.95,1.63,11,1.0,2.0,1.0,0.0,4.0,7.0,-3.0,2.0,4.0,-2.0,2.0,3.0,-1.0,1.0,1.0,0.0,0.0,0.0,0.0,30.0,60.0,45.5,9.1,1495.1,1684.8
2016-09-11,2016,Sarpsborg 08,Bodo/Glimt,1,2,A,O,1.63,3.93,5.12,12,2.0,0.0,1.0,1.0,2.0,5.0,-3.0,2.0,6.0,-4.0,0.0,-1.0,1.0,0.0,0.0,0.0,1.0,0.0,1.0,54.5,18.2,20.0,50.0,1526.9,1476.1
2016-09-11,2016,Molde,Haugesund,0,0,D,U,1.74,3.84,4.34,12,2.0,1.0,1.0,1.0,7.0,2.0,5.0,5.0,7.0,-2.0,2.0,-5.0,7.0,1.0,0.0,1.0,0.0,1.0,-1.0,63.6,18.2,36.4,45.5,1563.2,1520.8
2016-09-11,2016,Lillestrom,Odd,2,4,A,O,3.05,3.4,2.26,12,1.0,1.0,1.0,2.0,6.0,5.0,1.0,5.0,7.0,-2.0,1.0,-2.0,3.0,1.0,0.0,1.0,0.0,1.0,-1.0,36.4,36.4,50.0,30.0,1486.8,1569.5
2016-09-10,2016,Valerenga,Stromsgodset,1,1,D,U,1.88,3.64,3.85,12,2.0,0.0,0.0,3.0,7.0,0.0,7.0,3.0,4.0,-1.0,4.0,-4.0,8.0,1.0,0.0,1.0,0.0,1.0,-1.0,45.5,36.4,20.0,70.0,1521.9,1554.1
2016-09-10,2016,Brann,Viking,0,0,D,U,2.19,3.3,3.27,11,2.0,1.0,0.0,1.0,8.0,5.0,3.0,1.0,5.0,-4.0,7.0,0.0,7.0,1.0,0.0,1.0,0.0,0.0,0.0,80.0,0.0,54.5,36.4,1539.8,1533.7
2016-09-09,2016,Start,Aalesund,1,4,A,O,2.29,3.49,2.94,12,0.0,1.0,2.0,2.0,4.0,2.0,2.0,7.0,10.0,-3.0,-3.0,-8.0,5.0,0.0,0.0,0.0,1.0,2.0,-1.0,0.0,63.6,18.2,72.7,1362.1,1449.1
2016-08-28,2016,Viking,Lillestrom,2,2,D,O,1.78,3.61,4.37,11,0.0,0.0,2.0,2.0,2.0,1.0,1.0,5.0,6.0,-1.0,-3.0,-5.0,2.0,0.0,0.0,0.0,1.0,2.0,-1.0,30.0,40.0,10.0,50.0,1535.1,1485.3
2016-08-28,2016,Sogndal,Stabaek,1,1,D,U,2.07,3.39,3.47,11,1.0,0.0,1.0,0.0,7.0,6.0,1.0,7.0,6.0,1.0,0.0,0.0,0.0,0.0,0.0,0.0,0.0,0.0,0.0,30.0,20.0,18.2,45.5,1505.5,1494.8
2016-08-28,2016,Rosenborg,Tromso,3,1,H,O,1.25,5.93,10.67,11,3.0,1.0,0.0,2.0,14.0,4.0,10.0,3.0,3.0,0.0,11.0,1.0,10.0,3.0,1.0,2.0,0.0,0.0,0.0,100.0,0.0,27.3,45.5,1680.4,1460.2
2016-08-28,2016,Odd,Valerenga,1,2,A,O,1.73,3.85,4.44,12,0.0,2.0,1.0,1.0,3.0,7.0,-4.0,5.0,6.0,-1.0,-2.0,1.0,-3.0,0.0,2.0,-2.0,1.0,1.0,0.0,54.5,18.2,20.0,60.0,1581.5,1509.9
2016-08-28,2016,Bodo/Glimt,Start,2,0,H,U,1.67,3.96,4.75,12,1.0,0.0,1.0,1.0,3.0,3.0,0.0,5.0,4.0,1.0,-2.0,-1.0,-1.0,0.0,0.0,0.0,1.0,0.0,1.0,27.3,45.5,0.0,50.0,1468.9,1369.3
2016-08-27,2016,Stromsgodset,Molde,0,2,A,U,2.49,3.43,2.69,12,1.0,1.0,0.0,2.0,4.0,5.0,-1.0,3.0,7.0,-4.0,1.0,-2.0,3.0,0.0,1.0,-1.0,0.0,1.0,-1.0,72.7,0.0,30.0,50.0,1564.4,1552.8
2016-08-27,2016,Haugesund,Brann,3,2,H,O,2.32,3.33,3.0,11,2.0,1.0,1.0,1.0,6.0,6.0,0.0,3.0,5.0,-2.0,3.0,1.0,2.0,1.0,1.0,0.0,0.0,0.0,0.0,60.0,10.0,27.3,54.5,1509.6,1551.0
2016-08-26,2016,Aalesund,Sarpsborg 08,2,2,D,O,3.05,3.48,2.23,11,1.0,1.0,1.0,1.0,3.0,3.0,0.0,3.0,5.0,-2.0,0.0,-2.0,2.0,1.0,0.0,1.0,1.0,1.0,0.0,30.0,40.0,40.0,40.0,1446.7,1529.3
2016-08-21,2016,Tromso,Viking,2,1,H,O,2.42,3.38,2.81,10,0.0,1.0,1.0,1.0,5.0,5.0,0.0,6.0,7.0,-1.0,-1.0,-2.0,1.0,0.0,0.0,0.0,0.0,1.0,-1.0,22.2,44.4,60.0,30.0,1447.4,1548.0
2016-08-21,2016,Start,Sogndal,1,1,D,U,3.15,3.37,2.21,11,0.0,1.0,3.0,1.0,4.0,3.0,1.0,10.0,4.0,6.0,-6.0,-1.0,-5.0,0.0,0.0,0.0,2.0,1.0,1.0,0.0,70.0,30.0,40.0,1365.3,1509.4
2016-08-21,2016,Stabaek,Aalesund,3,0,H,O,1.74,3.83,4.42,10,0.0,1.0,2.0,2.0,1.0,3.0,-2.0,3.0,11.0,-8.0,-2.0,-8.0,6.0,0.0,0.0,0.0,0.0,2.0,-2.0,22.2,66.7,20.0,70.0,1485.6,1455.9
2016-08-21,2016,Sarpsborg 08,Stromsgodset,1,0,H,U,2.33,3.38,2.95,11,2.0,1.0,1.0,2.0,4.0,1.0,3.0,2.0,3.0,-1.0,2.0,-2.0,4.0,1.0,0.0,1.0,1.0,1.0,0.0,50.0,20.0,22.2,66.7,1517.6,1576.1
2016-08-21,2016,Molde,Odd,4,2,H,O,2.0,3.61,3.49,11,1.0,2.0,1.0,1.0,5.0,4.0,1.0,5.0,3.0,2.0,0.0,1.0,-1.0,0.0,0.0,0.0,0.0,0.0,0.0,60.0,20.0,55.6,22.2,1541.3,1593.0
2016-08-21,2016,Brann,Rosenborg,1,1,D,U,3.1,3.46,2.21,10,3.0,2.0,0.0,0.0,11.0,7.0,4.0,1.0,4.0,-3.0,10.0,3.0,7.0,2.0,1.0,1.0,0.0,0.0,0.0,88.9,0.0,50.0,10.0,1547.2,1684.2
2016-08-20,2016,Lillestrom,Haugesund,1,1,D,U,2.38,3.42,2.84,11,1.0,1.0,2.0,1.0,6.0,3.0,3.0,6.0,8.0,-2.0,0.0,-5.0,5.0,1.0,0.0,1.0,0.0,1.0,-1.0,40.0,40.0,40.0,50.0,1484.6,1510.3
2016-08-19,2016,Valerenga,Bodo/Glimt,1,1,D,U,1.48,4.43,6.23,11,2.0,1.0,0.0,1.0,7.0,8.0,-1.0,3.0,6.0,-3.0,4.0,2.0,2.0,1.0,1.0,0.0,0.0,0.0,0.0,50.0,40.0,22.2,55.6,1511.1,1467.6
2016-08-14,2016,Viking,Stabaek,2,2,D,O,1.8,3.65,4.24,10,1.0,1.0,2.0,0.0,2.0,6.0,-4.0,3.0,5.0,-2.0,-1.0,1.0,-2.0,1.0,0.0,1.0,1.0,0.0,1.0,33.3,44.4,20.0,50.0,1549.8,1483.7
2016-08-14,2016,Stromsgodset,Start,1,1,D,U,1.32,5.27,8.64,11,2.0,0.0,0.0,2.0,7.0,3.0,4.0,4.0,5.0,-1.0,3.0,-2.0,5.0,1.0,0.0,1.0,0.0,0.0,0.0,80.0,0.0,0.0,55.6,1581.7,1359.7
2016-08-14,2016,Rosenborg,Sogndal,3,1,H,O,1.32,5.19,8.93,10,3.0,2.0,0.0,0.0,14.0,3.0,11.0,3.0,1.0,2.0,11.0,2.0,9.0,3.0,0.0,3.0,0.0,0.0,0.0,100.0,0.0,33.3,33.3,1678.6,1515.0
2016-08-14,2016,Odd,Sarpsborg 08,0,0,D,U,1.67,3.84,4.86,11,1.0,2.0,1.0,1.0,7.0,5.0,2.0,6.0,6.0,0.0,1.0,-1.0,2.0,1.0,0.0,1.0,1.0,1.0,0.0,60.0,20.0,44.4,44.4,1595.3,1515.3
2016-08-14,2016,Haugesund,Tromso,2,1,H,O,1.79,3.68,4.27,10,2.0,2.0,1.0,1.0,6.0,7.0,-1.0,3.0,3.0,0.0,3.0,4.0,-1.0,1.0,2.0,-1.0,0.0,0.0,0.0,55.6,11.1,30.0,40.0,1501.6,1456.1
2016-08-14,2016,Aalesund,Molde,0,2,A,U,3.47,3.7,1.97,10,1.0,0.0,0.0,3.0,5.0,4.0,1.0,3.0,10.0,-7.0,2.0,-6.0,8.0,1.0,0.0,1.0,0.0,2.0,-2.0,33.3,33.3,22.2,55.6,1463.9,1533.3
2016-08-13,2016,Valerenga,Brann,3,2,H,O,2.2,3.33,3.23,10,1.0,1.0,1.0,1.0,4.0,4.0,0.0,2.0,3.0,-1.0,2.0,1.0,1.0,1.0,1.0,0.0,0.0,0.0,0.0,44.4,44.4,30.0,50.0,1499.4,1558.9
2016-08-13,2016,Bodo/Glimt,Lillestrom,1,1,D,U,2.04,3.59,3.38,11,1.0,0.0,1.0,2.0,2.0,2.0,0.0,4.0,7.0,-3.0,-2.0,-5.0,3.0,0.0,0.0,0.0,1.0,2.0,-1.0,30.0,50.0,11.1,55.6,1467.1,1485.1
2016-08-11,2016,Viking,Rosenborg,0,2,A,U,4.84,3.96,1.66,9,1.0,1.0,1.0,0.0,2.0,5.0,-3.0,1.0,4.0,-3.0,1.0,1.0,0.0,1.0,0.0,1.0,0.0,0.0,0.0,37.5,37.5,44.4,11.1,1556.6,1671.8
2016-08-07,2016,Start,Odd,1,2,A,O,4.85,3.92,1.66,10,0.0,1.0,3.0,1.0,3.0,2.0,1.0,13.0,2.0,11.0,-10.0,0.0,-10.0,0.0,0.0,0.0,3.0,0.0,3.0,0.0,66.7,50.0,25.0,1364.0,1591.0
2016-08-07,2016,Stabaek,Haugesund,0,1,A,U,2.12,3.5,3.27,9,0.0,0.0,2.0,2.0,1.0,2.0,-1.0,5.0,9.0,-4.0,-4.0,-7.0,3.0,0.0,0.0,0.0,1.0,1.0,0.0,25.0,62.5,33.3,55.6,1493.8,1491.6
2016-08-07,2016,Sogndal,Viking,1,2,A,O,2.19,3.3,3.28,10,1.0,1.0,0.0,1.0,8.0,4.0,4.0,7.0,6.0,1.0,1.0,-2.0,3.0,0.0,0.0,0.0,0.0,1.0,-1.0,33.3,11.1,55.6,33.3,1524.4,1547.3
2016-08-07,2016,Sarpsborg 08,Valerenga,0,2,A,U,2.26,3.4,3.05,10,3.0,1.0,0.0,1.0,5.0,7.0,-2.0,0.0,8.0,-8.0,5.0,-1.0,6.0,1.0,1.0,0.0,0.0,1.0,-1.0,55.6,11.1,11.1,66.7,1526.4,1488.3
2016-08-07,2016,Brann,Stromsgodset,1,0,H,U,2.2,3.38,3.19,9,3.0,1.0,0.0,2.0,11.0,2.0,9.0,1.0,4.0,-3.0,10.0,-2.0,12.0,2.0,0.0,2.0,0.0,1.0,-1.0,87.5,0.0,25.0,62.5,1547.6,1593.0
2016-08-06,2016,Molde,Bodo/Glimt,3,2,H,O,1.4,4.81,6.92,10,0.0,1.0,2.0,1.0,2.0,6.0,-4.0,4.0,5.0,-1.0,-2.0,1.0,-3.0,0.0,1.0,-1.0,0.0,1.0,-1.0,55.6,22.2,25.0,50.0,1524.7,1475.7
2016-08-06,2016,Lillestrom,Rosenborg,3,4,A,O,5.64,4.19,1.54,10,1.0,0.0,2.0,0.0,5.0,2.0,3.0,6.0,2.0,4.0,-1.0,0.0,-1.0,1.0,0.0,1.0,1.0,0.0,1.0,44.4,33.3,37.5,12.5,1490.4,1666.4
2016-08-05,2016,Tromso,Aalesund,1,2,A,O,1.72,3.81,4.56,9,0.0,0.0,1.0,3.0,5.0,3.0,2.0,6.0,14.0,-8.0,-1.0,-11.0,10.0,0.0,0.0,0.0,0.0,3.0,-3.0,25.0,37.5,11.1,77.8,1466.5,1453.5
2016-08-01,2016,Valerenga,Molde,3,0,H,O,2.58,3.43,2.59,9,0.0,0.0,2.0,3.0,1.0,4.0,-3.0,3.0,9.0,-6.0,-2.0,-5.0,3.0,0.0,0.0,0.0,0.0,2.0,-2.0,37.5,50.0,25.0,50.0,1476.6,1536.4
2016-07-31,2016,Stromsgodset,Stabaek,2,2,D,O,1.54,4.07,5.93,10,3.0,2.0,0.0,0.0,8.0,9.0,-1.0,4.0,3.0,1.0,4.0,6.0,-2.0,1.0,1.0,0.0,0.0,0.0,0.0,88.9,0.0,22.2,55.6,1596.0,1490.9
2016-07-31,2016,Odd,Brann,1,3,A,O,1.8,3.52,4.44,10,2.0,0.0,0.0,2.0,8.0,1.0,7.0,4.0,4.0,0.0,4.0,-3.0,7.0,1.0,0.0,1.0,0.0,1.0,-1.0,66.7,11.1,22.2,55.6,1602.9,1535.7
2016-07-31,2016,Haugesund,Sogndal,0,1,A,U,2.1,3.43,3.36,9,2.0,1.0,0.0,0.0,7.0,2.0,5.0,3.0,1.0,2.0,4.0,1.0,3.0,1.0,0.0,1.0,0.0,0.0,0.0,62.5,0.0,25.0,37.5,1501.2,1514.8
2016-07-31,2016,Bodo/Glimt,Tromso,0,3,A,O,2.0,3.56,3.51,10,1.0,2.0,1.0,1.0,2.0,7.0,-5.0,2.0,3.0,-1.0,0.0,4.0,-4.0,0.0,2.0,-2.0,0.0,0.0,0.0,33.3,44.4,22.2,44.4,1486.6,1455.6
2016-07-31,2016,Aalesund,Lillestrom,2,0,H,U,2.49,3.44,2.7,9,0.0,0.0,0.0,2.0,4.0,3.0,1.0,4.0,7.0,-3.0,0.0,-4.0,4.0,0.0,0.0,0.0,0.0,1.0,-1.0,25.0,37.5,12.5,50.0,1441.8,1502.2
2016-07-29,2016,Sarpsborg 08,Start,1,0,H,U,1.42,4.56,7.11,9,2.0,0.0,0.0,1.0,4.0,5.0,-1.0,0.0,6.0,-6.0,4.0,-1.0,5.0,1.0,0.0,1.0,0.0,0.0,0.0,50.0,12.5,0.0,50.0,1520.5,1369.9
2016-07-24,2016,Tromso,Stabaek,2,2,D,O,2.02,3.45,3.58,8,0.0,2.0,2.0,1.0,4.0,7.0,-3.0,6.0,2.0,4.0,-2.0,5.0,-7.0,0.0,1.0,-1.0,0.0,0.0,0.0,28.6,42.9,25.0,62.5,1454.5,1491.9
2016-07-24,2016,Start,Valerenga,2,4,A,O,2.96,3.41,2.31,9,0.0,0.0,3.0,2.0,1.0,5.0,-4.0,11.0,9.0,2.0,-10.0,-4.0,-6.0,0.0,0.0,0.0,3.0,1.0,2.0,0.0,62.5,0.0,75.0,1377.3,1469.2
2016-07-24,2016,Sogndal,Bodo/Glimt,2,2,D,O,1.76,3.71,4.4,9,1.0,2.0,0.0,1.0,8.0,6.0,2.0,7.0,4.0,3.0,1.0,2.0,-1.0,0.0,1.0,-1.0,0.0,1.0,-1.0,37.5,12.5,28.6,57.1,1515.6,1485.8
2016-07-24,2016,Odd,Viking,2,2,D,O,1.65,3.83,5.09,9,3.0,2.0,0.0,1.0,8.0,4.0,4.0,2.0,5.0,-3.0,6.0,-1.0,7.0,2.0,0.0,2.0,0.0,1.0,-1.0,75.0,12.5,62.5,37.5,1604.6,1545.6
2016-07-24,2016,Lillestrom,Stromsgodset,2,0,H,U,3.69,3.63,1.93,9,0.0,1.0,3.0,2.0,4.0,4.0,0.0,8.0,6.0,2.0,-4.0,-2.0,-2.0,0.0,0.0,0.0,1.0,1.0,0.0,37.5,37.5,28.6,57.1,1488.8,1609.3
2016-07-23,2016,Rosenborg,Haugesund,6,0,H,O,1.44,4.59,6.51,9,3.0,1.0,0.0,1.0,10.0,3.0,7.0,4.0,3.0,1.0,6.0,0.0,6.0,2.0,0.0,2.0,0.0,0.0,0.0,100.0,0.0,37.5,50.0,1660.6,1507.0
2016-07-23,2016,Molde,Sarpsborg 08,0,1,A,U,1.74,3.89,4.32,9,1.0,1.0,1.0,2.0,4.0,4.0,0.0,3.0,10.0,-7.0,1.0,-6.0,7.0,1.0,0.0,1.0,0.0,2.0,-2.0,62.5,12.5,37.5,50.0,1547.5,1509.4
2016-07-22,2016,Brann,Aalesund,6,0,H,O,1.48,4.19,6.65,8,3.0,1.0,0.0,2.0,6.0,4.0,2.0,1.0,8.0,-7.0,5.0,-4.0,9.0,1.0,0.0,1.0,0.0,2.0,-2.0,85.7,0.0,12.5,75.0,1527.9,1449.6
2016-07-17,2016,Stromsgodset,Tromso,1,0,H,U,1.53,4.1,5.94,9,3.0,2.0,0.0,0.0,11.0,7.0,4.0,4.0,2.0,2.0,7.0,5.0,2.0,2.0,2.0,0.0,0.0,0.0,0.0,87.5,0.0,25.0,37.5,1603.2,1460.6
2016-07-17,2016,Stabaek,Brann,1,1,D,U,2.32,3.23,3.08,8,1.0,0.0,2.0,3.0,1.0,0.0,1.0,4.0,4.0,0.0,-3.0,-4.0,1.0,0.0,0.0,0.0,1.0,1.0,0.0,28.6,71.4,25.0,62.5,1490.8,1529.0
2016-07-17,2016,Sarpsborg 08,Lillestrom,3,0,H,O,1.73,3.75,4.59,8,2.0,0.0,0.0,2.0,2.0,4.0,-2.0,0.0,7.0,-7.0,2.0,-3.0,5.0,0.0,0.0,0.0,0.0,1.0,-1.0,42.9,14.3,14.3,42.9,1499.4,1498.8
2016-07-17,2016,Molde,Start,2,2,D,O,1.28,5.62,9.79,8,2.0,0.0,1.0,1.0,6.0,4.0,2.0,3.0,5.0,-2.0,3.0,-1.0,4.0,2.0,0.0,2.0,0.0,0.0,0.0,71.4,14.3,0.0,57.1,1552.3,1372.5
2016-07-17,2016,Bodo/Glimt,Odd,2,1,H,O,3.71,3.64,1.92,9,0.0,1.0,1.0,1.0,0.0,2.0,-2.0,1.0,3.0,-2.0,-1.0,-1.0,0.0,0.0,0.0,0.0,0.0,1.0,-1.0,25.0,50.0,57.1,14.3,1471.8,1618.6
2016-07-16,2016,Haugesund,Viking,4,1,H,O,2.2,3.39,3.17,8,2.0,2.0,0.0,1.0,6.0,3.0,3.0,3.0,2.0,1.0,3.0,1.0,2.0,1.0,0.0,1.0,0.0,0.0,0.0,57.1,0.0,71.4,28.6,1495.3,1557.4
2016-07-16,2016,Aalesund,Rosenborg,1,1,D,U,7.21,4.69,1.4,8,0.0,1.0,1.0,0.0,4.0,3.0,1.0,7.0,1.0,6.0,-3.0,2.0,-5.0,0.0,1.0,-1.0,1.0,0.0,1.0,28.6,42.9,42.9,14.3,1443.9,1666.2
2016-07-15,2016,Valerenga,Sogndal,1,1,D,U,2.07,3.4,3.48,8,1.0,2.0,2.0,0.0,3.0,5.0,-2.0,2.0,1.0,1.0,1.0,4.0,-3.0,1.0,1.0,0.0,0.0,0.0,0.0,42.9,57.1,28.6,42.9,1467.8,1517.0
2016-07-10,2016,Odd,Aalesund,4,1,H,O,1.31,5.44,8.85,8,3.0,1.0,0.0,2.0,6.0,3.0,3.0,2.0,5.0,-3.0,4.0,-2.0,6.0,1.0,0.0,1.0,0.0,1.0,-1.0,71.4,14.3,14.3,71.4,1613.0,1449.6
2016-07-10,2016,Lillestrom,Stabaek,1,2,A,O,2.02,3.55,3.48,8,1.0,1.0,2.0,2.0,4.0,6.0,-2.0,6.0,4.0,2.0,-2.0,2.0,-4.0,0.0,1.0,-1.0,1.0,1.0,0.0,42.9,28.6,14.3,71.4,1509.7,1480.0
2016-07-09,2016,Viking,Stromsgodset,0,1,A,U,2.39,3.38,2.86,8,2.0,0.0,0.0,2.0,4.0,5.0,-1.0,0.0,8.0,-8.0,4.0,-3.0,7.0,2.0,0.0,2.0,0.0,1.0,-1.0,42.9,28.6,16.7,66.7,1566.6,1594.0
2016-07-09,2016,Tromso,Haugesund,2,2,D,O,2.39,3.44,2.82,7,1.0,1.0,2.0,2.0,3.0,3.0,0.0,4.0,4.0,0.0,-1.0,-1.0,0.0,0.0,0.0,0.0,0.0,0.0,0.0,33.3,50.0,42.9,57.1,1459.6,1496.3
2016-07-09,2016,Sogndal,Molde,4,3,H,O,2.87,3.37,2.39,8,0.0,0.0,0.0,2.0,4.0,4.0,0.0,4.0,8.0,-4.0,0.0,-4.0,4.0,0.0,0.0,0.0,0.0,2.0,-2.0,28.6,14.3,28.6,42.9,1505.4,1563.9
2016-07-09,2016,Rosenborg,Sarpsborg 08,5,2,H,O,1.3,5.4,9.41,8,3.0,1.0,0.0,2.0,8.0,2.0,6.0,3.0,8.0,-5.0,5.0,-6.0,11.0,2.0,0.0,2.0,0.0,2.0,-2.0,100.0,0.0,42.9,42.9,1660.4,1505.2
2016-07-09,2016,Brann,Valerenga,4,1,H,O,2.19,3.3,3.27,7,3.0,0.0,0.0,1.0,3.0,4.0,-1.0,0.0,5.0,-5.0,3.0,-1.0,4.0,0.0,0.0,0.0,0.0,0.0,0.0,83.3,0.0,0.0,71.4,1520.3,1476.6
2016-07-08,2016,Start,Bodo/Glimt,1,4,A,O,2.5,3.44,2.66,8,0.0,1.0,2.0,2.0,2.0,3.0,-1.0,9.0,5.0,4.0,-7.0,-2.0,-5.0,0.0,0.0,0.0,2.0,1.0,1.0,0.0,57.1,16.7,66.7,1380.2,1464.1
2016-07-04,2016,Stromsgodset,Aalesund,4,2,H,O,1.36,5.02,7.37,8,3.0,1.0,0.0,2.0,10.0,1.0,9.0,3.0,2.0,1.0,7.0,-1.0,8.0,2.0,0.0,2.0,0.0,0.0,0.0,85.7,0.0,16.7,66.7,1587.6,1455.9
2016-07-03,2016,Valerenga,Odd,0,1,A,U,2.84,3.42,2.38,7,2.0,1.0,1.0,1.0,5.0,3.0,2.0,1.0,4.0,-3.0,4.0,-1.0,5.0,2.0,0.0,2.0,0.0,1.0,-1.0,50.0,50.0,50.0,16.7,1483.2,1606.4
2016-07-03,2016,Stabaek,Sogndal,0,1,A,U,2.17,3.37,3.26,7,1.0,1.0,2.0,1.0,2.0,4.0,-2.0,5.0,3.0,2.0,-3.0,1.0,-4.0,0.0,1.0,-1.0,1.0,1.0,0.0,33.3,66.7,16.7,50.0,1489.8,1495.5
2016-07-03,2016,Sarpsborg 08,Brann,1,0,H,U,2.01,3.35,3.74,7,2.0,0.0,0.0,3.0,5.0,0.0,5.0,0.0,4.0,-4.0,5.0,-4.0,9.0,1.0,0.0,1.0,0.0,1.0,-1.0,33.3,16.7,28.6,57.1,1494.2,1531.3
2016-07-03,2016,Molde,Viking,0,1,A,U,1.68,3.86,4.78,7,3.0,1.0,0.0,2.0,7.0,2.0,5.0,2.0,6.0,-4.0,5.0,-4.0,9.0,2.0,0.0,2.0,0.0,1.0,-1.0,83.3,0.0,66.7,33.3,1574.5,1556.1
2016-07-02,2016,Haugesund,Start,2,1,H,O,1.47,4.33,6.59,7,1.0,0.0,0.0,1.0,7.0,3.0,4.0,5.0,4.0,1.0,2.0,-1.0,3.0,1.0,0.0,1.0,0.0,0.0,0.0,50.0,0.0,0.0,50.0,1489.2,1387.3
2016-07-02,2016,Bodo/Glimt,Rosenborg,0,0,D,U,6.5,4.54,1.45,8,0.0,1.0,2.0,0.0,0.0,4.0,-4.0,3.0,2.0,1.0,-3.0,2.0,-5.0,0.0,1.0,-1.0,1.0,0.0,1.0,28.6,57.1,50.0,16.7,1458.8,1665.8
2016-07-01,2016,Lillestrom,Tromso,2,4,A,O,1.89,3.52,3.97,7,2.0,1.0,1.0,1.0,4.0,3.0,1.0,2.0,2.0,0.0,2.0,1.0,1.0,1.0,1.0,0.0,0.0,1.0,-1.0,50.0,16.7,14.3,42.9,1521.8,1447.5
2016-05-29,2016,Viking,Bodo/Glimt,2,0,H,U,1.42,4.55,7.07,7,2.0,1.0,0.0,2.0,5.0,3.0,2.0,2.0,5.0,-3.0,3.0,-2.0,5.0,1.0,0.0,1.0,0.0,1.0,-1.0,33.3,33.3,20.0,60.0,1548.4,1466.5
2016-05-29,2016,Start,Stabaek,0,5,A,O,2.49,3.29,2.77,7,0.0,0.0,2.0,3.0,3.0,2.0,1.0,8.0,7.0,1.0,-5.0,-5.0,0.0,0.0,0.0,0.0,2.0,2.0,0.0,0.0,50.0,0.0,83.3,1394.9,1482.3
2016-05-29,2016,Sogndal,Lillestrom,2,2,D,O,1.89,3.48,4.0,7,0.0,1.0,0.0,2.0,3.0,5.0,-2.0,3.0,6.0,-3.0,0.0,-1.0,1.0,0.0,1.0,-1.0,0.0,1.0,-1.0,33.3,16.7,16.7,50.0,1494.7,1522.6
2016-05-29,2016,Odd,Stromsgodset,2,1,H,O,2.14,3.47,3.23,7,2.0,1.0,1.0,1.0,5.0,5.0,0.0,4.0,6.0,-2.0,1.0,-1.0,2.0,1.0,0.0,1.0,1.0,1.0,0.0,66.7,16.7,20.0,60.0,1596.3,1597.6
2016-05-29,2016,Brann,Haugesund,1,0,H,U,2.07,3.33,3.52,6,3.0,2.0,0.0,1.0,4.0,7.0,-3.0,0.0,6.0,-6.0,4.0,1.0,3.0,1.0,0.0,1.0,0.0,0.0,0.0,80.0,0.0,50.0,50.0,1522.0,1498.5
2016-05-29,2016,Aalesund,Valerenga,2,2,D,O,2.78,3.38,2.43,7,1.0,0.0,1.0,2.0,8.0,2.0,6.0,5.0,5.0,0.0,3.0,-3.0,6.0,1.0,0.0,1.0,1.0,1.0,0.0,33.3,50.0,0.0,83.3,1455.1,1484.0
2016-05-28,2016,Tromso,Sarpsborg 08,1,2,A,O,2.32,3.28,3.01,6,1.0,1.0,2.0,2.0,3.0,2.0,1.0,4.0,7.0,-3.0,-1.0,-5.0,4.0,0.0,1.0,-1.0,0.0,2.0,-2.0,40.0,40.0,33.3,50.0,1456.7,1485.0
2016-05-28,2016,Rosenborg,Molde,3,1,H,O,1.62,4.0,5.09,7,3.0,0.0,0.0,2.0,9.0,3.0,6.0,2.0,9.0,-7.0,7.0,-6.0,13.0,2.0,0.0,2.0,0.0,2.0,-2.0,100.0,0.0,33.3,33.3,1657.9,1582.3
2016-05-22,2016,Stromsgodset,Valerenga,3,2,H,O,1.45,4.43,6.58,7,3.0,0.0,0.0,2.0,9.0,0.0,9.0,1.0,6.0,-5.0,8.0,-6.0,14.0,3.0,0.0,3.0,0.0,2.0,-2.0,83.3,0.0,0.0,80.0,1590.4,1491.2
2016-05-22,2016,Sogndal,Start,2,2,D,O,1.7,3.66,4.93,6,0.0,0.0,1.0,2.0,1.0,1.0,0.0,2.0,4.0,-2.0,-1.0,-3.0,2.0,0.0,0.0,0.0,0.0,1.0,-1.0,40.0,20.0,0.0,60.0,1497.7,1391.9
2016-05-22,2016,Lillestrom,Viking,1,2,A,O,2.41,3.34,2.83,6,2.0,1.0,0.0,2.0,4.0,2.0,2.0,1.0,6.0,-5.0,3.0,-4.0,7.0,1.0,0.0,1.0,0.0,1.0,-1.0,60.0,0.0,60.0,40.0,1532.4,1538.6
2016-05-22,2016,Haugesund,Rosenborg,1,1,D,U,3.9,3.66,1.87,6,2.0,2.0,0.0,0.0,9.0,5.0,4.0,5.0,2.0,3.0,4.0,3.0,1.0,2.0,1.0,1.0,0.0,0.0,0.0,60.0,0.0,60.0,20.0,1494.0,1662.4
2016-05-22,2016,Bodo/Glimt,Aalesund,0,1,A,U,1.75,3.75,4.38,7,0.0,0.0,2.0,2.0,3.0,1.0,2.0,6.0,3.0,3.0,-3.0,-2.0,-1.0,0.0,0.0,0.0,1.0,0.0,1.0,33.3,50.0,0.0,80.0,1477.4,1444.1
2016-05-21,2016,Stabaek,Tromso,0,3,A,O,1.81,3.55,4.34,6,1.0,0.0,2.0,2.0,2.0,0.0,2.0,3.0,8.0,-5.0,-1.0,-8.0,7.0,0.0,0.0,0.0,0.0,2.0,-2.0,40.0,60.0,0.0,50.0,1493.7,1445.3
2016-05-21,2016,Molde,Brann,2,0,H,U,1.61,3.93,5.33,6,3.0,1.0,0.0,2.0,9.0,1.0,8.0,2.0,2.0,0.0,7.0,-1.0,8.0,2.0,0.0,2.0,0.0,0.0,0.0,80.0,0.0,33.3,50.0,1573.6,1530.8
2016-05-20,2016,Sarpsborg 08,Odd,0,0,D,U,2.97,3.36,2.32,6,2.0,2.0,0.0,1.0,6.0,4.0,2.0,1.0,4.0,-3.0,5.0,0.0,5.0,1.0,0.0,1.0,0.0,1.0,-1.0,40.0,20.0,60.0,20.0,1481.7,1599.6
2016-05-16,2016,Viking,Sogndal,0,0,D,U,1.69,3.68,4.91,6,2.0,1.0,1.0,2.0,5.0,5.0,0.0,3.0,5.0,-2.0,2.0,0.0,2.0,1.0,1.0,0.0,0.0,1.0,-1.0,40.0,40.0,20.0,60.0,1539.8,1496.4
2016-05-16,2016,Valerenga,Haugesund,0,1,A,U,1.87,3.71,3.83,6,3.0,1.0,0.0,2.0,9.0,6.0,3.0,0.0,7.0,-7.0,9.0,-1.0,10.0,3.0,0.0,3.0,0.0,0.0,0.0,60.0,40.0,40.0,60.0,1501.7,1483.5
2016-05-16,2016,Tromso,Bodo/Glimt,1,2,A,O,2.1,3.45,3.33,5,2.0,0.0,1.0,3.0,4.0,1.0,3.0,2.0,5.0,-3.0,2.0,-4.0,6.0,1.0,0.0,1.0,0.0,1.0,-1.0,50.0,25.0,0.0,75.0,1454.9,1467.8
2016-05-16,2016,Stromsgodset,Sarpsborg 08,4,0,H,O,1.64,3.93,5.02,6,3.0,2.0,0.0,1.0,7.0,6.0,1.0,2.0,4.0,-2.0,5.0,2.0,3.0,2.0,2.0,0.0,0.0,1.0,-1.0,80.0,0.0,40.0,40.0,1583.1,1489.1
2016-05-16,2016,Rosenborg,Lillestrom,2,1,H,O,1.23,6.02,11.63,6,3.0,1.0,0.0,1.0,10.0,6.0,4.0,1.0,6.0,-5.0,9.0,0.0,9.0,3.0,1.0,2.0,0.0,1.0,-1.0,100.0,0.0,20.0,40.0,1655.6,1539.2
2016-05-16,2016,Odd,Molde,2,0,H,U,2.25,3.5,2.96,6,2.0,1.0,1.0,1.0,6.0,5.0,1.0,4.0,8.0,-4.0,2.0,-3.0,5.0,1.0,0.0,1.0,1.0,1.0,0.0,60.0,20.0,40.0,20.0,1589.8,1583.4
2016-05-16,2016,Brann,Stabaek,1,0,H,U,1.97,3.45,3.71,5,3.0,0.0,0.0,2.0,4.0,3.0,1.0,0.0,7.0,-7.0,4.0,-4.0,8.0,1.0,0.0,1.0,0.0,2.0,-2.0,75.0,0.0,0.0,80.0,1521.3,1503.2
2016-05-16,2016,Aalesund,Start,1,1,D,U,1.65,3.86,5.03,6,1.0,0.0,2.0,3.0,8.0,0.0,8.0,6.0,6.0,0.0,2.0,-6.0,8.0,1.0,0.0,1.0,1.0,2.0,-1.0,40.0,60.0,0.0,75.0,1445.7,1390.3
2016-05-12,2016,Start,Rosenborg,0,2,A,U,8.62,5.12,1.33,6,0.0,2.0,1.0,0.0,4.0,5.0,-1.0,7.0,2.0,5.0,-3.0,3.0,-6.0,0.0,1.0,-1.0,1.0,0.0,1.0,0.0,40.0,50.0,25.0,1394.0,1651.9
2016-05-12,2016,Stabaek,Viking,1,0,H,U,2.72,3.28,2.54,5,1.0,2.0,2.0,1.0,3.0,3.0,0.0,4.0,5.0,-1.0,-1.0,-2.0,1.0,0.0,0.0,0.0,0.0,1.0,-1.0,25.0,75.0,75.0,25.0,1491.4,1551.5
2016-05-12,2016,Sogndal,Tromso,0,0,D,U,1.79,3.51,4.5,5,1.0,0.0,1.0,3.0,2.0,0.0,2.0,2.0,12.0,-10.0,0.0,-12.0,12.0,0.0,0.0,0.0,0.0,3.0,-3.0,50.0,25.0,0.0,60.0,1497.7,1453.6
2016-05-12,2016,Sarpsborg 08,Aalesund,1,0,H,U,1.77,3.7,4.36,5,1.0,0.0,0.0,2.0,5.0,1.0,4.0,1.0,3.0,-2.0,4.0,-2.0,6.0,1.0,0.0,1.0,0.0,0.0,0.0,25.0,25.0,0.0,75.0,1479.8,1455.0
2016-05-11,2016,Molde,Stromsgodset,4,2,H,O,1.8,3.66,4.21,5,3.0,1.0,0.0,1.0,9.0,3.0,6.0,2.0,4.0,-2.0,7.0,-1.0,8.0,2.0,0.0,2.0,0.0,1.0,-1.0,75.0,0.0,25.0,50.0,1572.8,1593.7
2016-05-11,2016,Lillestrom,Brann,1,0,H,U,1.96,3.42,3.78,5,2.0,1.0,0.0,2.0,7.0,1.0,6.0,1.0,4.0,-3.0,6.0,-3.0,9.0,2.0,0.0,2.0,0.0,1.0,-1.0,50.0,0.0,40.0,40.0,1529.1,1531.4
2016-05-11,2016,Haugesund,Odd,3,1,H,O,3.15,3.35,2.21,5,1.0,3.0,0.0,0.0,8.0,5.0,3.0,6.0,1.0,5.0,2.0,4.0,-2.0,1.0,1.0,0.0,0.0,0.0,0.0,50.0,0.0,75.0,0.0,1469.8,1603.5
2016-05-11,2016,Bodo/Glimt,Valerenga,0,0,D,U,2.81,3.41,2.39,6,0.0,0.0,3.0,3.0,4.0,1.0,3.0,8.0,8.0,0.0,-4.0,-7.0,3.0,0.0,0.0,0.0,1.0,2.0,-1.0,40.0,60.0,0.0,100.0,1466.8,1502.8
2016-05-08,2016,Valerenga,Sarpsborg 08,3,0,H,O,1.98,3.5,3.61,5,2.0,2.0,1.0,1.0,6.0,6.0,0.0,2.0,5.0,-3.0,4.0,1.0,3.0,2.0,2.0,0.0,1.0,1.0,0.0,50.0,50.0,50.0,25.0,1492.9,1489.7
2016-05-08,2016,Rosenborg,Stabaek,3,1,H,O,1.23,6.16,11.48,5,3.0,0.0,0.0,2.0,8.0,3.0,5.0,0.0,7.0,-7.0,8.0,-4.0,12.0,2.0,0.0,2.0,0.0,2.0,-2.0,100.0,0.0,0.0,75.0,1646.0,1497.4
2016-05-08,2016,Odd,Bodo/Glimt,2,1,H,O,1.21,6.42,12.94,5,1.0,0.0,1.0,2.0,4.0,1.0,3.0,3.0,4.0,-1.0,1.0,-3.0,4.0,1.0,0.0,1.0,1.0,1.0,0.0,50.0,25.0,0.0,66.7,1596.9,1473.4
2016-05-08,2016,Haugesund,Molde,3,3,D,O,3.8,3.52,1.93,4,2.0,1.0,0.0,1.0,8.0,3.0,5.0,3.0,6.0,-3.0,5.0,-3.0,8.0,2.0,0.0,2.0,0.0,1.0,-1.0,66.7,0.0,50.0,25.0,1466.7,1575.8
2016-05-08,2016,Aalesund,Sogndal,1,4,A,O,1.95,3.44,3.8,5,1.0,0.0,2.0,2.0,8.0,1.0,7.0,4.0,4.0,0.0,4.0,-3.0,7.0,1.0,0.0,1.0,0.0,1.0,-1.0,50.0,50.0,0.0,75.0,1464.3,1488.4
2016-05-07,2016,Viking,Tromso,2,0,H,U,1.6,3.87,5.45,5,1.0,0.0,2.0,2.0,3.0,0.0,3.0,5.0,10.0,-5.0,-2.0,-10.0,8.0,0.0,0.0,0.0,1.0,2.0,-1.0,25.0,50.0,0.0,50.0,1543.9,1461.3
2016-05-07,2016,Stromsgodset,Lillestrom,3,1,H,O,1.69,3.83,4.66,5,3.0,1.0,0.0,1.0,6.0,7.0,-1.0,1.0,7.0,-6.0,5.0,0.0,5.0,2.0,1.0,1.0,0.0,1.0,-1.0,75.0,0.0,25.0,25.0,1585.0,1537.7
2016-05-07,2016,Brann,Start,1,0,H,U,1.6,3.8,5.68,4,2.0,0.0,0.0,2.0,3.0,0.0,3.0,0.0,5.0,-5.0,3.0,-5.0,8.0,1.0,0.0,1.0,0.0,2.0,-2.0,66.7,0.0,0.0,66.7,1524.8,1400.6
2016-05-02,2016,Bodo/Glimt,Sarpsborg 08,0,2,A,U,2.33,3.39,2.93,5,1.0,1.0,2.0,1.0,7.0,4.0,3.0,7.0,5.0,2.0,0.0,-1.0,1.0,1.0,1.0,0.0,0.0,1.0,-1.0,50.0,50.0,33.3,33.3,1483.5,1479.6
2016-05-01,2016,Viking,Haugesund,3,2,H,O,1.86,3.57,4.01,4,0.0,1.0,2.0,2.0,0.0,4.0,-4.0,3.0,6.0,-3.0,-3.0,-2.0,-1.0,0.0,0.0,0.0,1.0,1.0,0.0,0.0,66.7,50.0,50.0,1535.6,1475.0
2016-05-01,2016,Tromso,Brann,1,0,H,U,2.41,3.25,2.9,4,1.0,2.0,1.0,1.0,3.0,3.0,0.0,2.0,4.0,-2.0,1.0,-1.0,2.0,1.0,0.0,1.0,0.0,1.0,-1.0,33.3,33.3,50.0,25.0,1448.8,1537.3
2016-05-01,2016,Start,Stromsgodset,2,2,D,O,4.97,3.91,1.64,5,0.0,1.0,2.0,2.0,2.0,1.0,1.0,6.0,3.0,3.0,-4.0,-2.0,-2.0,0.0,0.0,0.0,1.0,1.0,0.0,0.0,50.0,33.3,66.7,1395.5,1590.1
2016-05-01,2016,Stabaek,Odd,1,2,A,O,3.7,3.47,1.97,4,1.0,2.0,2.0,0.0,3.0,3.0,0.0,4.0,0.0,4.0,-1.0,3.0,-4.0,0.0,1.0,-1.0,0.0,0.0,0.0,33.3,66.7,66.7,0.0,1505.0,1589.2
2016-05-01,2016,Sogndal,Rosenborg,1,1,D,U,6.67,4.39,1.45,4,2.0,2.0,1.0,1.0,2.0,4.0,-2.0,1.0,2.0,-1.0,1.0,2.0,-1.0,0.0,1.0,-1.0,0.0,0.0,0.0,66.7,33.3,66.7,33.3,1483.9,1650.4
2016-04-30,2016,Molde,Aalesund,1,0,H,U,1.38,4.78,7.56,4,2.0,0.0,0.0,2.0,9.0,1.0,8.0,3.0,5.0,-2.0,6.0,-4.0,10.0,2.0,0.0,2.0,0.0,1.0,-1.0,66.7,0.0,0.0,66.7,1568.5,1471.6
2016-04-30,2016,Lillestrom,Valerenga,2,0,H,U,2.15,3.36,3.29,4,1.0,0.0,0.0,3.0,6.0,1.0,5.0,2.0,7.0,-5.0,4.0,-6.0,10.0,1.0,0.0,1.0,0.0,1.0,-1.0,33.3,0.0,0.0,100.0,1528.5,1502.1
2016-04-25,2016,Haugesund,Stabaek,3,1,H,O,2.32,3.34,2.97,3,,0.0,,2.0,,2.0,,,5.0,,,-3.0,,,0.0,,,1.0,,50.0,0.0,0.0,66.7,1463.5,1516.6
2016-04-24,2016,Valerenga,Start,2,0,H,U,1.5,4.17,6.35,4,1.0,,2.0,,4.0,,,4.0,,,0.0,,,1.0,,,2.0,,,33.3,66.7,0.0,50.0,1494.7,1402.9
2016-04-24,2016,Sarpsborg 08,Molde,4,0,H,O,4.25,3.61,1.81,4,0.0,2.0,1.0,0.0,1.0,5.0,-4.0,2.0,3.0,-1.0,-1.0,2.0,-3.0,0.0,0.0,0.0,0.0,0.0,0.0,0.0,33.3,66.7,0.0,1466.4,1581.7
2016-04-24,2016,Rosenborg,Viking,4,0,H,O,1.39,4.64,7.63,4,3.0,3.0,0.0,0.0,5.0,5.0,0.0,0.0,1.0,-1.0,5.0,4.0,1.0,1.0,1.0,0.0,0.0,0.0,0.0,100.0,0.0,100.0,0.0,1643.2,1542.8
2016-04-24,2016,Odd,Lillestrom,1,3,A,O,1.5,4.22,6.27,4,2.0,0.0,0.0,1.0,4.0,5.0,-1.0,0.0,7.0,-7.0,4.0,-2.0,6.0,1.0,0.0,1.0,0.0,1.0,-1.0,66.7,0.0,0.0,33.3,1601.7,1516.1
2016-04-24,2016,Aalesund,Tromso,6,0,H,O,2.14,3.35,3.33,4,1.0,0.0,2.0,1.0,3.0,1.0,2.0,4.0,5.0,-1.0,-1.0,-4.0,3.0,0.0,0.0,0.0,0.0,1.0,-1.0,33.3,66.7,0.0,33.3,1461.7,1458.7
2016-04-23,2016,Stromsgodset,Bodo/Glimt,2,0,H,U,1.44,4.55,6.65,4,2.0,,0.0,,6.0,,,3.0,,,3.0,,,1.0,,,0.0,,,66.7,0.0,0.0,50.0,1582.7,1490.9
2016-04-23,2016,Brann,Sogndal,2,0,H,U,1.9,3.41,4.05,3,,0.0,,2.0,,1.0,,,4.0,,,-3.0,,,0.0,,,1.0,,50.0,0.0,0.0,66.7,1528.3,1492.9
2016-04-21,2016,Tromso,Rosenborg,1,2,A,O,5.56,3.87,1.59,3,,,,,,,,,,,,,,,,,,,,50.0,0.0,50.0,50.0,1464.1,1637.9
2016-04-21,2016,Start,Sarpsborg 08,1,4,A,O,2.83,3.18,2.5,4,0.0,,1.0,,2.0,,,3.0,,,-1.0,,,0.0,,,0.0,,,0.0,33.3,0.0,50.0,1411.6,1457.7
2016-04-21,2016,Molde,Valerenga,4,0,H,O,1.56,4.14,5.41,3,,,,,,,,,,,,,,,,,,,,50.0,0.0,0.0,100.0,1573.7,1502.7
2016-04-21,2016,Lillestrom,Aalesund,1,1,D,U,1.62,3.94,5.19,3,,,,,,,,,,,,,,,,,,,,50.0,0.0,0.0,100.0,1517.7,1460.0
2016-04-20,2016,Viking,Brann,0,1,A,U,1.7,3.67,4.84,3,,1.0,,1.0,,4.0,,,6.0,,,-2.0,,,0.0,,,1.0,,0.0,50.0,33.3,33.3,1553.8,1517.3
2016-04-20,2016,Stabaek,Stromsgodset,0,1,A,U,2.7,3.4,2.48,3,,,,,,,,,,,,,,,,,,,,50.0,50.0,0.0,100.0,1525.2,1574.1
2016-04-20,2016,Sogndal,Odd,0,1,A,U,4.08,3.48,1.87,3,,,,,,,,,,,,,,,,,,,,100.0,0.0,50.0,0.0,1500.3,1594.3
2016-04-20,2016,Bodo/Glimt,Haugesund,3,4,A,O,2.08,3.4,3.41,4,2.0,1.0,1.0,2.0,6.0,1.0,5.0,3.0,3.0,0.0,3.0,-2.0,5.0,2.0,0.0,2.0,0.0,1.0,-1.0,66.7,33.3,33.3,66.7,1502.3,1452.1
2016-04-17,2016,Valerenga,Tromso,4,0,H,O,1.85,3.48,4.2,3,,,,,,,,,,,,,,,,,,,,0.0,100.0,0.0,0.0,1493.2,1473.5
2016-04-17,2016,Sarpsborg 08,Stabaek,1,1,D,U,2.45,3.28,2.83,3,,,,,,,,,,,,,,,,,,,,0.0,50.0,0.0,100.0,1455.7,1527.2
2016-04-17,2016,Odd,Start,3,0,H,O,1.26,5.56,10.89,3,,,,,,,,,,,,,,,,,,,,50.0,0.0,0.0,0.0,1588.9,1417.0
2016-04-17,2016,Bodo/Glimt,Molde,1,2,A,O,4.26,3.63,1.8,3,,,,,,,,,,,,,,,,,,,,100.0,0.0,50.0,0.0,1510.8,1565.3
2016-04-17,2016,Aalesund,Viking,1,2,A,O,3.25,3.43,2.14,3,,,,,,,,,,,,,,,,,,,,50.0,50.0,100.0,0.0,1467.8,1546.0
2016-04-16,2016,Stromsgodset,Sogndal,2,1,H,O,1.51,4.13,6.24,3,,,,,,,,,,,,,,,,,,,,50.0,0.0,0.0,50.0,1565.7,1508.6
2016-04-16,2016,Rosenborg,Brann,3,0,H,O,1.33,5.04,8.95,3,,,,,,,,,,,,,,,,,,,,100.0,0.0,50.0,0.0,1630.8,1524.3
2016-04-15,2016,Haugesund,Lillestrom,2,2,D,O,2.47,3.27,2.82,2,,,,,,,,,,,,,,,,,,,,100.0,0.0,0.0,50.0,1450.1,1519.7
2016-04-10,2016,Viking,Odd,0,2,A,U,2.45,3.34,2.8,2,,,,,,,,,,,,,,,,,,,,0.0,0.0,0.0,0.0,1555.3,1579.6
2016-04-10,2016,Tromso,Stromsgodset,2,0,H,U,3.17,3.35,2.22,2,,,,,,,,,,,,,,,,,,,,0.0,0.0,0.0,100.0,1460.2,1579.0
2016-04-10,2016,Start,Molde,1,1,D,U,6.2,4.12,1.51,3,,,,,,,,,,,,,,,,,,,,0.0,50.0,100.0,0.0,1412.8,1569.5
2016-04-10,2016,Rosenborg,Aalesund,1,0,H,U,1.17,7.19,14.32,2,,,,,,,,,,,,,,,,,,,,100.0,0.0,0.0,100.0,1624.9,1473.7
2016-04-10,2016,Brann,Bodo/Glimt,1,0,H,U,1.84,3.59,4.09,2,,,,,,,,,,,,,,,,,,,,0.0,0.0,0.0,0.0,1514.1,1521.0
2016-04-09,2016,Stabaek,Valerenga,2,1,H,O,2.16,3.36,3.27,2,,,,,,,,,,,,,,,,,,,,0.0,100.0,0.0,100.0,1517.6,1502.8
2016-04-09,2016,Lillestrom,Sarpsborg 08,4,0,H,O,1.84,3.5,4.22,2,,,,,,,,,,,,,,,,,,,,0.0,0.0,0.0,0.0,1511.0,1464.3
2016-04-08,2016,Sogndal,Haugesund,1,0,H,U,2.19,3.28,3.29,2,,,,,,,,,,,,,,,,,,,,100.0,0.0,50.0,50.0,1499.8,1458.9
2016-04-03,2016,Stromsgodset,Haugesund,2,0,H,U,1.52,4.11,6.05,2,,,,,,,,,,,,,,,,,,,,0.0,0.0,100.0,0.0,1571.9,1466.0
2016-04-03,2016,Sarpsborg 08,Sogndal,0,0,D,U,2.15,3.3,3.36,2,,,,,,,,,,,,,,,,,,,,0.0,100.0,0.0,100.0,1463.3,1500.9
2016-04-03,2016,Odd,Tromso,0,0,D,U,1.39,4.56,7.89,2,,,,,,,,,,,,,,,,,,,,100.0,0.0,0.0,0.0,1583.1,1456.8
2016-04-03,2016,Bodo/Glimt,Stabaek,3,1,H,O,2.4,3.37,2.83,2,,,,,,,,,,,,,,,,,,,,100.0,0.0,0.0,100.0,1510.5,1528.1
2016-04-03,2016,Aalesund,Brann,1,2,A,O,2.37,3.29,2.93,2,,,,,,,,,,,,,,,,,,,,100.0,0.0,0.0,0.0,1483.1,1504.7
2016-04-02,2016,Valerenga,Rosenborg,0,2,A,U,4.12,3.58,1.84,2,,,,,,,,,,,,,,,,,,,,0.0,100.0,0.0,100.0,1509.8,1617.9
2016-04-02,2016,Start,Viking,0,1,A,U,3.98,3.51,1.89,2,,,,,,,,,,,,,,,,,,,,0.0,0.0,100.0,0.0,1419.2,1548.9
2016-04-01,2016,Molde,Lillestrom,4,2,H,O,1.4,4.76,7.2,2,,,,,,,,,,,,,,,,,,,,0.0,0.0,0.0,0.0,1560.7,1519.9
2016-03-20,2016,Viking,Sarpsborg 08,0,0,D,U,1.59,3.85,5.67,1,,,,,,,,,,,,,,,,,,,,,,,,1551.5,1460.7
2016-03-20,2016,Stabaek,Molde,1,2,A,O,3.85,3.49,1.92,1,,,,,,,,,,,,,,,,,,,,,,,,1537.7,1551.1
2016-03-20,2016,Sogndal,Valerenga,1,0,H,U,2.49,3.27,2.79,1,,,,,,,,,,,,,,,,,,,,,,,,1490.0,1520.7
2016-03-20,2016,Lillestrom,Bodo/Glimt,1,1,D,U,1.79,3.64,4.35,1,,,,,,,,,,,,,,,,,,,,,,,,1520.2,1510.2
2016-03-20,2016,Brann,Odd,0,0,D,U,3.2,3.37,2.19,1,,,,,,,,,,,,,,,,,,,,,,,,1502.4,1585.4
2016-03-19,2016,Rosenborg,Stromsgodset,1,0,H,U,1.59,3.97,5.41,1,,,,,,,,,,,,,,,,,,,,,,,,1608.7,1581.1
2016-03-19,2016,Haugesund,Aalesund,3,0,H,O,2.18,3.37,3.23,1,,,,,,,,,,,,,,,,,,,,,,,,1454.8,1494.2
2016-03-18,2016,Tromso,Start,0,0,D,U,1.56,3.85,6.05,1,,,,,,,,,,,,,,,,,,,,,,,,1457.9,1418.1
2016-03-14,2016,Valerenga,Viking,0,2,A,U,2.3,3.31,3.03,1,,,,,,,,,,,,,,,,,,,,,,,,1530.3,1541.8
2016-03-13,2016,Stromsgodset,Brann,2,2,D,O,1.58,4.01,5.45,1,,,,,,,,,,,,,,,,,,,,,,,,1583.5,1500.0
2016-03-13,2016,Start,Lillestrom,1,1,D,U,3.16,3.35,2.21,1,,,,,,,,,,,,,,,,,,,,,,,,1415.1,1523.2
2016-03-13,2016,Sarpsborg 08,Haugesund,0,1,A,U,2.03,3.4,3.58,1,,,,,,,,,,,,,,,,,,,,,,,,1471.5,1444.0
2016-03-13,2016,Molde,Tromso,1,1,D,U,1.39,4.61,7.63,1,,,,,,,,,,,,,,,,,,,,,,,,1553.9,1455.1
2016-03-13,2016,Bodo/Glimt,Sogndal,2,0,H,U,2.18,3.37,3.21,1,,,,,,,,,,,,,,,,,,,,,,,,1500.2,1500.0
2016-03-12,2016,Odd,Rosenborg,1,0,H,U,2.63,3.42,2.54,1,,,,,,,,,,,,,,,,,,,,,,,,1574.1,1620.1
2016-03-11,2016,Aalesund,Stabaek,1,0,H,U,2.03,3.57,3.42,1,,,,,,,,,,,,,,,,,,,,,,,,1482.3,1549.6
2015-11-25,2015,Start,Jerv,3,1,H,O,2.5,3.27,2.75,16,0.0,,2.0,,1.0,,,8.0,,,-7.0,,,0.0,,,2.0,,,26.7,53.3,,,1402.4,1497.2
2015-11-21,2015,Jerv,Start,1,1,D,U,2.07,3.33,3.49,1,,0.0,,2.0,,4.0,,,8.0,,,-4.0,,,0.0,,,1.0,,,,6.7,66.7,1500.0,1399.6
2015-11-08,2015,Viking,Mjondalen,3,1,H,O,1.57,4.44,4.93,15,2.0,0.0,0.0,2.0,4.0,2.0,2.0,2.0,7.0,-5.0,2.0,-5.0,7.0,0.0,0.0,0.0,0.0,2.0,-2.0,64.3,21.4,0.0,57.1,1535.5,1401.6
2015-11-08,2015,Stromsgodset,Valerenga,2,2,D,O,1.36,5.07,7.42,15,2.0,2.0,0.0,0.0,8.0,3.0,5.0,5.0,1.0,4.0,3.0,2.0,1.0,1.0,0.0,1.0,0.0,0.0,0.0,71.4,7.1,50.0,21.4,1585.1,1528.7
2015-11-08,2015,Start,Molde,0,3,A,O,4.09,4.05,1.74,15,0.0,1.0,1.0,2.0,1.0,2.0,-1.0,5.0,3.0,2.0,-4.0,-1.0,-3.0,0.0,0.0,0.0,1.0,0.0,1.0,28.6,50.0,42.9,35.7,1405.7,1547.7
2015-11-08,2015,Sarpsborg 08,Sandefjord,2,1,H,O,1.55,4.22,5.47,15,2.0,0.0,1.0,3.0,5.0,5.0,0.0,7.0,8.0,-1.0,-2.0,-3.0,1.0,1.0,0.0,1.0,1.0,0.0,1.0,35.7,42.9,0.0,85.7,1463.8,1383.1
2015-11-08,2015,Odd,Lillestrom,5,0,H,O,1.38,4.86,7.39,15,2.0,1.0,0.0,1.0,7.0,3.0,4.0,5.0,1.0,4.0,2.0,2.0,0.0,0.0,1.0,-1.0,0.0,0.0,0.0,42.9,14.3,21.4,35.7,1565.0,1532.2
2015-11-08,2015,Haugesund,Tromso,0,1,A,U,2.05,3.52,3.39,15,0.0,0.0,2.0,3.0,2.0,1.0,1.0,4.0,7.0,-3.0,-2.0,-6.0,4.0,0.0,0.0,0.0,0.0,1.0,-1.0,21.4,42.9,7.1,78.6,1454.3,1444.9
2015-11-08,2015,Bodo/Glimt,Stabaek,6,1,H,O,3.43,3.75,1.96,15,1.0,1.0,1.0,2.0,3.0,5.0,-2.0,5.0,4.0,1.0,-2.0,1.0,-3.0,0.0,1.0,-1.0,1.0,0.0,1.0,50.0,42.9,50.0,28.6,1488.1,1561.7
2015-11-08,2015,Aalesund,Rosenborg,0,1,A,U,2.93,3.77,2.17,15,1.0,1.0,2.0,1.0,4.0,7.0,-3.0,6.0,4.0,2.0,-2.0,3.0,-5.0,0.0,1.0,-1.0,1.0,0.0,1.0,50.0,28.6,64.3,21.4,1488.9,1613.5
2015-11-01,2015,Valerenga,Odd,2,2,D,O,2.83,3.52,2.33,15,1.0,2.0,1.0,1.0,6.0,6.0,0.0,6.0,4.0,2.0,0.0,2.0,-2.0,1.0,1.0,0.0,1.0,0.0,1.0,50.0,42.9,57.1,21.4,1527.6,1566.1
2015-11-01,2015,Tromso,Bodo/Glimt,3,1,H,O,1.55,4.15,5.57,15,1.0,0.0,0.0,2.0,4.0,3.0,1.0,2.0,6.0,-4.0,2.0,-3.0,5.0,1.0,0.0,1.0,0.0,1.0,-1.0,28.6,28.6,28.6,50.0,1433.0,1500.0
2015-11-01,2015,Stabaek,Start,3,2,H,O,1.44,4.62,6.43,15,2.0,0.0,1.0,2.0,4.0,3.0,1.0,5.0,8.0,-3.0,-1.0,-5.0,4.0,0.0,0.0,0.0,1.0,2.0,-1.0,64.3,21.4,7.1,64.3,1555.7,1411.8
2015-11-01,2015,Sandefjord,Stromsgodset,1,2,A,O,7.99,5.12,1.34,15,1.0,2.0,2.0,0.0,6.0,11.0,-5.0,6.0,4.0,2.0,0.0,7.0,-7.0,1.0,2.0,-1.0,1.0,0.0,1.0,28.6,57.1,42.9,42.9,1388.1,1580.1
2015-11-01,2015,Rosenborg,Haugesund,4,3,H,O,1.21,6.72,11.23,15,2.0,1.0,0.0,2.0,4.0,1.0,3.0,1.0,7.0,-6.0,3.0,-6.0,9.0,1.0,0.0,1.0,0.0,2.0,-2.0,71.4,0.0,35.7,50.0,1607.5,1460.3
2015-11-01,2015,Molde,Viking,4,1,H,O,1.63,4.06,4.82,15,3.0,1.0,0.0,2.0,8.0,5.0,3.0,1.0,7.0,-6.0,7.0,-2.0,9.0,2.0,1.0,1.0,0.0,2.0,-2.0,50.0,21.4,50.0,50.0,1537.5,1545.7
2015-11-01,2015,Mjondalen,Aalesund,1,2,A,O,1.83,3.81,3.93,15,0.0,1.0,3.0,1.0,3.0,6.0,-3.0,9.0,5.0,4.0,-6.0,1.0,-7.0,0.0,1.0,-1.0,2.0,1.0,1.0,28.6,50.0,21.4,64.3,1409.6,1480.9
2015-11-01,2015,Lillestrom,Sarpsborg 08,3,1,H,O,1.8,3.67,4.18,15,3.0,0.0,0.0,1.0,8.0,3.0,5.0,1.0,5.0,-4.0,7.0,-2.0,9.0,3.0,0.0,3.0,0.0,1.0,-1.0,57.1,21.4,14.3,35.7,1523.7,1472.3
2015-10-25,2015,Viking,Stabaek,2,1,H,O,2.15,3.49,3.17,14,2.0,2.0,0.0,1.0,4.0,8.0,-4.0,1.0,4.0,-3.0,3.0,4.0,-1.0,1.0,2.0,-1.0,0.0,0.0,0.0,61.5,23.1,53.8,23.1,1534.8,1566.6
2015-10-25,2015,Stromsgodset,Rosenborg,3,3,D,O,2.07,3.66,3.23,14,3.0,1.0,0.0,1.0,6.0,5.0,1.0,2.0,2.0,0.0,4.0,3.0,1.0,1.0,1.0,0.0,0.0,0.0,0.0,76.9,7.7,69.2,23.1,1579.3,1608.3
2015-10-25,2015,Odd,Sandefjord,4,3,H,O,1.22,6.29,11.3,14,2.0,0.0,0.0,3.0,4.0,2.0,2.0,2.0,6.0,-4.0,2.0,-4.0,6.0,0.0,0.0,0.0,0.0,1.0,-1.0,38.5,15.4,0.0,84.6,1560.6,1393.7
2015-10-25,2015,Bodo/Glimt,Lillestrom,0,3,A,O,2.04,3.51,3.42,14,2.0,0.0,0.0,1.0,6.0,2.0,4.0,3.0,3.0,0.0,3.0,-1.0,4.0,1.0,0.0,1.0,0.0,0.0,0.0,53.8,38.5,15.4,38.5,1509.9,1513.8
2015-10-25,2015,Aalesund,Molde,1,2,A,O,4.27,3.92,1.74,14,2.0,1.0,1.0,2.0,5.0,4.0,1.0,4.0,4.0,0.0,1.0,0.0,1.0,1.0,1.0,0.0,1.0,0.0,1.0,53.8,23.1,38.5,38.5,1489.8,1528.6
2015-10-24,2015,Sarpsborg 08,Tromso,1,0,H,U,2.27,3.39,3.02,14,2.0,0.0,1.0,3.0,7.0,1.0,6.0,8.0,7.0,1.0,-1.0,-6.0,5.0,2.0,0.0,2.0,1.0,1.0,0.0,30.8,46.2,7.7,76.9,1462.9,1442.4
2015-10-24,2015,Haugesund,Valerenga,0,1,A,U,3.05,3.47,2.21,14,0.0,1.0,2.0,1.0,4.0,2.0,2.0,7.0,3.0,4.0,-3.0,-1.0,-2.0,0.0,0.0,0.0,1.0,1.0,0.0,23.1,38.5,46.2,23.1,1468.9,1519.1
2015-10-23,2015,Start,Mjondalen,1,1,D,U,2.27,3.4,3.02,14,0.0,0.0,2.0,2.0,1.0,1.0,0.0,7.0,6.0,1.0,-6.0,-5.0,-1.0,0.0,0.0,0.0,2.0,2.0,0.0,30.8,53.8,0.0,61.5,1411.9,1409.5
2015-10-18,2015,Valerenga,Sarpsborg 08,3,1,H,O,1.73,3.77,4.47,14,0.0,0.0,2.0,1.0,3.0,3.0,0.0,6.0,5.0,1.0,-3.0,-2.0,-1.0,0.0,0.0,0.0,1.0,1.0,0.0,46.2,46.2,15.4,30.8,1510.2,1471.8
2015-10-18,2015,Tromso,Viking,3,1,H,O,2.66,3.39,2.52,14,0.0,1.0,0.0,2.0,2.0,4.0,-2.0,2.0,5.0,-3.0,0.0,-1.0,1.0,0.0,1.0,-1.0,0.0,1.0,-1.0,23.1,30.8,53.8,46.2,1429.1,1548.1
2015-10-18,2015,Rosenborg,Bodo/Glimt,1,1,D,U,1.21,6.6,11.89,14,3.0,1.0,0.0,2.0,4.0,6.0,-2.0,0.0,7.0,-7.0,4.0,-1.0,5.0,1.0,1.0,0.0,0.0,1.0,-1.0,76.9,0.0,30.8,53.8,1611.2,1507.0
2015-10-18,2015,Molde,Mjondalen,3,1,H,O,1.28,5.47,9.81,14,2.0,0.0,0.0,2.0,7.0,0.0,7.0,2.0,4.0,-2.0,5.0,-4.0,9.0,1.0,0.0,1.0,0.0,1.0,-1.0,46.2,23.1,0.0,58.3,1521.5,1416.6
2015-10-18,2015,Lillestrom,Haugesund,2,0,H,U,1.72,3.81,4.53,14,3.0,2.0,0.0,1.0,7.0,4.0,3.0,1.0,6.0,-5.0,6.0,-2.0,8.0,2.0,1.0,1.0,0.0,1.0,-1.0,53.8,23.1,38.5,46.2,1504.6,1478.1
2015-10-17,2015,Stabaek,Aalesund,1,4,A,O,1.42,4.61,6.93,14,2.0,0.0,1.0,2.0,4.0,3.0,1.0,3.0,7.0,-4.0,1.0,-4.0,5.0,0.0,0.0,0.0,0.0,2.0,-2.0,69.2,15.4,15.4,69.2,1579.4,1476.9
2015-10-17,2015,Sandefjord,Start,4,1,H,O,2.71,3.42,2.47,14,0.0,0.0,3.0,2.0,4.0,3.0,1.0,9.0,6.0,3.0,-5.0,-3.0,-2.0,0.0,0.0,0.0,2.0,1.0,1.0,23.1,61.5,7.7,61.5,1382.5,1423.0
2015-10-16,2015,Stromsgodset,Odd,2,1,H,O,1.89,3.69,3.75,13,3.0,3.0,0.0,0.0,9.0,7.0,2.0,1.0,3.0,-2.0,8.0,4.0,4.0,2.0,1.0,1.0,0.0,0.0,0.0,75.0,8.3,61.5,15.4,1569.3,1570.6
2015-10-04,2015,Viking,Lillestrom,1,0,H,U,1.53,4.18,5.81,13,2.0,0.0,0.0,1.0,5.0,4.0,1.0,2.0,5.0,-3.0,3.0,-1.0,4.0,1.0,0.0,1.0,0.0,0.0,0.0,58.3,25.0,16.7,33.3,1538.8,1513.9
2015-10-04,2015,Start,Rosenborg,0,4,A,O,6.42,4.48,1.46,13,0.0,1.0,2.0,1.0,1.0,6.0,-5.0,7.0,2.0,5.0,-6.0,4.0,-10.0,0.0,1.0,-1.0,2.0,0.0,2.0,33.3,50.0,66.7,25.0,1428.3,1606.0
2015-10-04,2015,Molde,Tromso,4,0,H,O,1.48,4.3,6.35,13,1.0,0.0,0.0,3.0,3.0,1.0,2.0,2.0,4.0,-2.0,1.0,-3.0,4.0,0.0,0.0,0.0,0.0,0.0,0.0,41.7,25.0,8.3,75.0,1513.7,1436.9
2015-10-04,2015,Haugesund,Odd,1,2,A,O,4.24,3.84,1.75,13,1.0,3.0,1.0,0.0,6.0,9.0,-3.0,6.0,2.0,4.0,0.0,7.0,-7.0,1.0,2.0,-1.0,1.0,0.0,1.0,25.0,33.3,58.3,16.7,1485.9,1562.8
2015-10-04,2015,Aalesund,Sandefjord,2,1,H,O,1.53,4.24,5.72,13,2.0,0.0,1.0,2.0,5.0,2.0,3.0,4.0,5.0,-1.0,1.0,-3.0,4.0,1.0,0.0,1.0,1.0,1.0,0.0,50.0,25.0,0.0,83.3,1469.2,1390.3
2015-10-03,2015,Sarpsborg 08,Stromsgodset,1,6,A,O,3.8,3.55,1.92,13,2.0,1.0,1.0,1.0,6.0,6.0,0.0,4.0,5.0,-1.0,2.0,1.0,1.0,2.0,1.0,1.0,1.0,0.0,1.0,33.3,41.7,38.5,46.2,1479.5,1561.6
2015-10-03,2015,Mjondalen,Stabaek,1,4,A,O,3.77,3.61,1.91,14,1.0,2.0,2.0,1.0,4.0,6.0,-2.0,6.0,3.0,3.0,-2.0,3.0,-5.0,0.0,2.0,-2.0,1.0,0.0,1.0,30.8,46.2,50.0,25.0,1422.5,1573.5
2015-10-02,2015,Bodo/Glimt,Valerenga,1,1,D,U,2.37,3.45,2.81,13,3.0,1.0,0.0,2.0,10.0,1.0,9.0,3.0,4.0,-1.0,7.0,-3.0,10.0,2.0,0.0,2.0,0.0,2.0,-2.0,58.3,41.7,50.0,25.0,1506.9,1510.3
2015-09-27,2015,Tromso,Aalesund,1,1,D,U,1.78,3.64,4.35,13,0.0,0.0,0.0,3.0,2.0,3.0,-1.0,2.0,9.0,-7.0,0.0,-6.0,6.0,0.0,0.0,0.0,0.0,3.0,-3.0,25.0,33.3,16.7,75.0,1435.9,1470.2
2015-09-27,2015,Stabaek,Molde,1,0,H,U,2.5,3.36,2.69,13,2.0,2.0,1.0,1.0,6.0,5.0,1.0,5.0,3.0,2.0,1.0,2.0,-1.0,0.0,1.0,-1.0,0.0,0.0,0.0,66.7,16.7,41.7,33.3,1564.7,1522.5
2015-09-27,2015,Sandefjord,Haugesund,0,1,A,U,2.42,3.44,2.75,13,1.0,1.0,2.0,2.0,6.0,4.0,2.0,9.0,8.0,1.0,-3.0,-4.0,1.0,0.0,1.0,-1.0,2.0,1.0,1.0,25.0,58.3,33.3,50.0,1398.0,1478.2
2015-09-27,2015,Rosenborg,Viking,2,0,H,U,1.41,4.68,7.07,13,3.0,2.0,0.0,1.0,4.0,6.0,-2.0,0.0,3.0,-3.0,4.0,3.0,1.0,1.0,2.0,-1.0,0.0,0.0,0.0,75.0,0.0,58.3,41.7,1597.4,1547.4
2015-09-27,2015,Odd,Sarpsborg 08,1,1,D,U,1.47,4.4,6.41,13,2.0,0.0,0.0,1.0,5.0,2.0,3.0,3.0,4.0,-1.0,2.0,-2.0,4.0,0.0,0.0,0.0,0.0,1.0,-1.0,41.7,16.7,16.7,33.3,1565.3,1477.0
2015-09-26,2015,Stromsgodset,Bodo/Glimt,3,1,H,O,1.35,5.11,7.53,12,3.0,1.0,0.0,2.0,8.0,6.0,2.0,1.0,6.0,-5.0,7.0,0.0,7.0,1.0,1.0,0.0,0.0,0.0,0.0,72.7,9.1,33.3,50.0,1552.6,1515.8
2015-09-26,2015,Lillestrom,Mjondalen,3,0,H,O,2.01,3.49,3.53,13,2.0,0.0,1.0,2.0,4.0,1.0,3.0,6.0,3.0,3.0,-2.0,-2.0,0.0,1.0,0.0,1.0,1.0,0.0,1.0,50.0,25.0,0.0,54.5,1506.0,1430.4
2015-09-25,2015,Valerenga,Start,1,1,D,U,1.52,4.24,5.75,13,1.0,0.0,2.0,3.0,3.0,3.0,0.0,5.0,10.0,-5.0,-2.0,-7.0,5.0,0.0,0.0,0.0,1.0,2.0,-1.0,50.0,50.0,8.3,66.7,1512.7,1425.9
2015-09-23,2015,Stromsgodset,Molde,1,0,H,U,2.27,3.52,2.91,11,2.0,2.0,1.0,0.0,7.0,7.0,0.0,3.0,4.0,-1.0,4.0,3.0,1.0,1.0,1.0,0.0,1.0,0.0,1.0,70.0,10.0,45.5,27.3,1543.0,1532.2
2015-09-20,2015,Molde,Rosenborg,1,0,H,U,2.28,3.51,2.91,12,0.0,2.0,1.0,0.0,3.0,8.0,-5.0,4.0,2.0,2.0,-1.0,6.0,-7.0,0.0,1.0,-1.0,0.0,0.0,0.0,36.4,27.3,72.7,18.2,1519.6,1609.9
2015-09-20,2015,Mjondalen,Valerenga,0,1,A,U,2.7,3.41,2.47,13,1.0,0.0,2.0,3.0,7.0,0.0,7.0,11.0,6.0,5.0,-4.0,-6.0,2.0,0.0,0.0,0.0,2.0,3.0,-1.0,33.3,41.7,45.5,27.3,1438.5,1504.6
2015-09-20,2015,Haugesund,Sarpsborg 08,1,1,D,U,2.3,3.39,2.95,12,1.0,0.0,1.0,2.0,7.0,3.0,4.0,7.0,6.0,1.0,0.0,-3.0,3.0,1.0,0.0,1.0,1.0,1.0,0.0,27.3,36.4,18.2,36.4,1478.3,1477.0
2015-09-20,2015,Bodo/Glimt,Sandefjord,2,1,H,O,1.6,4.13,4.99,12,3.0,0.0,0.0,2.0,9.0,3.0,6.0,2.0,6.0,-4.0,7.0,-3.0,10.0,2.0,0.0,2.0,0.0,1.0,-1.0,54.5,45.5,0.0,81.8,1508.7,1405.1
2015-09-20,2015,Aalesund,Odd,1,3,A,O,3.1,3.56,2.15,12,3.0,3.0,0.0,0.0,6.0,12.0,-6.0,1.0,4.0,-3.0,5.0,8.0,-3.0,2.0,2.0,0.0,0.0,0.0,0.0,54.5,18.2,54.5,18.2,1477.9,1557.6
2015-09-19,2015,Start,Lillestrom,0,0,D,U,2.39,3.37,2.83,12,0.0,0.0,3.0,2.0,1.0,4.0,-3.0,10.0,7.0,3.0,-9.0,-3.0,-6.0,0.0,0.0,0.0,3.0,1.0,2.0,36.4,54.5,18.2,36.4,1423.5,1508.4
2015-09-19,2015,Stabaek,Tromso,2,1,H,O,1.69,3.74,4.8,12,2.0,0.0,1.0,3.0,6.0,2.0,4.0,4.0,5.0,-1.0,2.0,-3.0,5.0,1.0,0.0,1.0,0.0,0.0,0.0,63.6,18.2,9.1,72.7,1557.9,1442.7
2015-09-18,2015,Viking,Stromsgodset,1,1,D,U,2.28,3.57,2.87,12,2.0,2.0,1.0,1.0,4.0,11.0,-7.0,2.0,4.0,-2.0,2.0,7.0,-5.0,1.0,2.0,-1.0,0.0,0.0,0.0,63.6,27.3,41.7,50.0,1547.5,1542.8
2015-09-13,2015,Valerenga,Viking,2,4,A,O,2.25,3.4,3.03,12,2.0,2.0,1.0,1.0,3.0,5.0,-2.0,1.0,1.0,0.0,2.0,4.0,-2.0,1.0,2.0,-1.0,0.0,0.0,0.0,54.5,45.5,54.5,45.5,1513.9,1538.2
2015-09-13,2015,Tromso,Mjondalen,0,0,D,U,1.74,3.65,4.54,12,0.0,0.0,1.0,2.0,2.0,3.0,-1.0,8.0,5.0,3.0,-6.0,-2.0,-4.0,0.0,0.0,0.0,1.0,0.0,1.0,27.3,36.4,0.0,60.0,1442.8,1438.4
2015-09-13,2015,Sarpsborg 08,Start,3,1,H,O,1.65,3.94,4.86,12,1.0,0.0,1.0,3.0,5.0,2.0,3.0,5.0,9.0,-4.0,0.0,-7.0,7.0,1.0,0.0,1.0,1.0,2.0,-1.0,27.3,45.5,9.1,63.6,1468.0,1432.5
2015-09-13,2015,Rosenborg,Stabaek,1,0,H,U,1.37,4.9,7.41,12,3.0,2.0,0.0,0.0,6.0,8.0,-2.0,2.0,4.0,-2.0,4.0,4.0,0.0,1.0,2.0,-1.0,0.0,0.0,0.0,72.7,0.0,54.5,18.2,1600.9,1567.0
2015-09-13,2015,Odd,Bodo/Glimt,2,1,H,O,1.42,4.66,6.82,12,2.0,2.0,0.0,1.0,6.0,7.0,-1.0,4.0,5.0,-1.0,2.0,2.0,0.0,0.0,1.0,-1.0,0.0,0.0,0.0,36.4,18.2,36.4,45.5,1548.4,1517.9
2015-09-13,2015,Lillestrom,Aalesund,3,1,H,O,1.93,3.55,3.75,12,2.0,0.0,1.0,3.0,4.0,2.0,2.0,7.0,7.0,0.0,-3.0,-5.0,2.0,0.0,0.0,0.0,1.0,2.0,-1.0,45.5,27.3,18.2,72.7,1498.7,1487.6
2015-09-12,2015,Sandefjord,Molde,2,4,A,O,6.09,4.21,1.5,12,1.0,2.0,2.0,0.0,5.0,7.0,-2.0,7.0,3.0,4.0,-2.0,4.0,-6.0,0.0,1.0,-1.0,1.0,0.0,1.0,27.3,54.5,40.0,30.0,1412.3,1512.5
2015-09-11,2015,Stromsgodset,Haugesund,5,0,H,O,1.41,4.67,6.97,10,2.0,2.0,1.0,1.0,6.0,5.0,1.0,4.0,3.0,1.0,2.0,2.0,0.0,1.0,1.0,0.0,1.0,0.0,1.0,66.7,11.1,36.4,45.5,1534.2,1486.9
2015-08-30,2015,Tromso,Rosenborg,1,1,D,U,4.42,3.73,1.75,11,1.0,2.0,1.0,1.0,3.0,7.0,-4.0,8.0,2.0,6.0,-5.0,5.0,-10.0,0.0,1.0,-1.0,1.0,0.0,1.0,30.0,40.0,80.0,20.0,1438.4,1605.4
2015-08-30,2015,Start,Haugesund,1,3,A,O,2.34,3.41,2.88,11,1.0,2.0,2.0,1.0,4.0,3.0,1.0,8.0,2.0,6.0,-4.0,1.0,-5.0,1.0,0.0,1.0,2.0,0.0,2.0,40.0,50.0,30.0,50.0,1441.4,1477.9
2015-08-30,2015,Stabaek,Odd,1,2,A,O,1.96,3.6,3.58,11,2.0,2.0,0.0,1.0,5.0,10.0,-5.0,2.0,6.0,-4.0,3.0,4.0,-1.0,1.0,2.0,-1.0,0.0,1.0,-1.0,70.0,10.0,50.0,20.0,1578.1,1537.3
2015-08-30,2015,Molde,Lillestrom,2,2,D,O,1.41,4.6,7.1,11,0.0,0.0,2.0,2.0,1.0,5.0,-4.0,3.0,8.0,-5.0,-2.0,-3.0,1.0,0.0,0.0,0.0,0.0,1.0,-1.0,40.0,30.0,20.0,40.0,1512.9,1498.3
2015-08-30,2015,Mjondalen,Stromsgodset,2,4,A,O,3.61,3.67,1.93,12,1.0,2.0,2.0,1.0,6.0,9.0,-3.0,9.0,3.0,6.0,-3.0,6.0,-9.0,0.0,1.0,-1.0,1.0,0.0,1.0,36.4,36.4,36.4,54.5,1446.1,1526.4
2015-08-30,2015,Bodo/Glimt,Sarpsborg 08,3,1,H,O,2.02,3.55,3.44,11,3.0,0.0,0.0,1.0,7.0,2.0,5.0,1.0,3.0,-2.0,6.0,-1.0,7.0,1.0,0.0,1.0,0.0,0.0,0.0,50.0,50.0,20.0,30.0,1508.8,1477.1
2015-08-29,2015,Viking,Sandefjord,2,0,H,U,1.3,5.41,9.14,11,2.0,0.0,1.0,2.0,6.0,3.0,3.0,3.0,6.0,-3.0,3.0,-3.0,6.0,1.0,0.0,1.0,0.0,1.0,-1.0,60.0,30.0,0.0,80.0,1531.3,1419.2
2015-08-28,2015,Aalesund,Valerenga,2,0,H,U,2.52,3.41,2.64,11,3.0,1.0,0.0,2.0,8.0,2.0,6.0,3.0,5.0,-2.0,5.0,-3.0,8.0,2.0,0.0,2.0,0.0,2.0,-2.0,50.0,20.0,50.0,20.0,1476.2,1525.3
2015-08-23,2015,Valerenga,Molde,0,1,A,U,2.59,3.41,2.57,11,3.0,1.0,0.0,0.0,5.0,7.0,-2.0,0.0,4.0,-4.0,5.0,3.0,2.0,2.0,1.0,1.0,0.0,0.0,0.0,60.0,40.0,33.3,33.3,1536.3,1501.9
2015-08-23,2015,Stromsgodset,Start,2,1,H,O,1.36,4.94,7.71,9,2.0,0.0,1.0,3.0,6.0,2.0,4.0,4.0,9.0,-5.0,2.0,-7.0,9.0,1.0,0.0,1.0,1.0,2.0,-1.0,62.5,12.5,10.0,60.0,1518.4,1449.5
2015-08-23,2015,Sarpsborg 08,Aalesund,3,1,H,O,1.95,3.5,3.7,11,0.0,0.0,2.0,3.0,3.0,2.0,1.0,8.0,8.0,0.0,-5.0,-6.0,1.0,0.0,0.0,0.0,2.0,2.0,0.0,20.0,50.0,20.0,70.0,1466.5,1486.8
2015-08-23,2015,Rosenborg,Mjondalen,1,0,H,U,1.17,7.59,13.53,11,3.0,0.0,0.0,2.0,8.0,5.0,3.0,2.0,8.0,-6.0,6.0,-3.0,9.0,2.0,0.0,2.0,0.0,1.0,-1.0,70.0,0.0,0.0,55.6,1599.4,1452.1
2015-08-23,2015,Odd,Viking,1,0,H,U,2.14,3.52,3.16,11,1.0,2.0,1.0,1.0,6.0,6.0,0.0,6.0,4.0,2.0,0.0,2.0,-2.0,0.0,2.0,-2.0,0.0,1.0,-1.0,30.0,20.0,60.0,40.0,1526.8,1541.8
2015-08-23,2015,Haugesund,Bodo/Glimt,2,4,A,O,1.97,3.6,3.55,11,1.0,2.0,0.0,1.0,8.0,5.0,3.0,6.0,4.0,2.0,2.0,1.0,1.0,1.0,0.0,1.0,0.0,0.0,0.0,30.0,30.0,30.0,50.0,1487.6,1499.1
2015-08-22,2015,Sandefjord,Stabaek,2,4,A,O,4.52,3.83,1.71,11,1.0,1.0,1.0,1.0,4.0,5.0,-1.0,4.0,6.0,-2.0,0.0,-1.0,1.0,0.0,1.0,-1.0,0.0,1.0,-1.0,30.0,50.0,50.0,20.0,1425.2,1572.1
2015-08-21,2015,Lillestrom,Tromso,1,0,H,U,1.95,3.59,3.62,11,1.0,0.0,2.0,2.0,4.0,3.0,1.0,9.0,5.0,4.0,-5.0,-2.0,-3.0,0.0,0.0,0.0,1.0,0.0,1.0,40.0,30.0,10.0,70.0,1489.5,1447.2
2015-08-16,2015,Tromso,Sandefjord,1,1,D,U,1.58,4.02,5.32,10,2.0,0.0,1.0,2.0,4.0,4.0,0.0,7.0,7.0,0.0,-3.0,-3.0,0.0,1.0,0.0,1.0,1.0,1.0,0.0,33.3,44.4,0.0,88.9,1447.8,1424.5
2015-08-16,2015,Start,Odd,0,4,A,O,3.51,3.6,1.98,10,2.0,1.0,1.0,1.0,7.0,7.0,0.0,5.0,7.0,-2.0,2.0,0.0,2.0,2.0,1.0,1.0,1.0,1.0,0.0,44.4,44.4,44.4,22.2,1457.7,1518.6
2015-08-16,2015,Stabaek,Lillestrom,3,2,H,O,1.47,4.35,6.42,10,2.0,0.0,0.0,1.0,5.0,3.0,2.0,2.0,5.0,-3.0,3.0,-2.0,5.0,1.0,0.0,1.0,0.0,1.0,-1.0,66.7,11.1,22.2,33.3,1564.0,1497.6
2015-08-16,2015,Rosenborg,Valerenga,2,0,H,U,1.3,5.44,8.8,10,2.0,1.0,0.0,1.0,7.0,2.0,5.0,3.0,3.0,0.0,4.0,-1.0,5.0,1.0,0.0,1.0,0.0,1.0,-1.0,66.7,0.0,55.6,11.1,1590.7,1545.0
2015-08-16,2015,Mjondalen,Haugesund,2,1,H,O,2.37,3.45,2.8,11,0.0,2.0,2.0,1.0,6.0,2.0,4.0,10.0,2.0,8.0,-4.0,0.0,-4.0,0.0,0.0,0.0,1.0,1.0,0.0,30.0,40.0,33.3,44.4,1440.4,1499.3
2015-08-15,2015,Viking,Bodo/Glimt,2,1,H,O,1.52,4.27,5.66,10,2.0,3.0,1.0,0.0,7.0,6.0,1.0,3.0,3.0,0.0,4.0,3.0,1.0,2.0,0.0,2.0,0.0,0.0,0.0,55.6,33.3,33.3,44.4,1532.4,1508.4
2015-08-15,2015,Molde,Sarpsborg 08,0,0,D,U,1.34,5.11,8.09,10,0.0,0.0,2.0,2.0,1.0,3.0,-2.0,3.0,6.0,-3.0,-2.0,-3.0,1.0,0.0,0.0,0.0,0.0,1.0,-1.0,44.4,33.3,22.2,33.3,1503.0,1465.4
2015-08-14,2015,Aalesund,Stromsgodset,2,1,H,O,2.9,3.51,2.28,10,2.0,2.0,0.0,1.0,7.0,10.0,-3.0,3.0,4.0,-1.0,4.0,6.0,-2.0,2.0,1.0,1.0,0.0,0.0,0.0,44.4,22.2,40.0,50.0,1475.2,1530.0
2015-08-09,2015,Stromsgodset,Stabaek,0,2,A,U,1.85,3.68,3.96,8,3.0,0.0,0.0,1.0,8.0,4.0,4.0,2.0,7.0,-5.0,6.0,-3.0,9.0,2.0,0.0,2.0,0.0,1.0,-1.0,71.4,0.0,44.4,22.2,1539.5,1554.4
2015-08-09,2015,Odd,Molde,2,2,D,O,2.92,3.45,2.3,10,1.0,1.0,1.0,1.0,7.0,5.0,2.0,7.0,4.0,3.0,0.0,1.0,-1.0,0.0,1.0,-1.0,0.0,1.0,-1.0,33.3,22.2,37.5,37.5,1519.0,1502.5
2015-08-09,2015,Lillestrom,Rosenborg,0,5,A,O,5.58,4.27,1.54,10,1.0,2.0,1.0,1.0,5.0,4.0,1.0,5.0,2.0,3.0,0.0,2.0,-2.0,0.0,1.0,-1.0,0.0,0.0,0.0,44.4,22.2,77.8,22.2,1505.4,1582.9
2015-08-09,2015,Haugesund,Aalesund,3,1,H,O,2.09,3.54,3.28,10,0.0,0.0,0.0,3.0,6.0,2.0,4.0,6.0,8.0,-2.0,0.0,-6.0,6.0,0.0,0.0,0.0,0.0,2.0,-2.0,22.2,33.3,22.2,66.7,1489.4,1485.1
2015-08-09,2015,Bodo/Glimt,Start,5,1,H,O,1.87,3.7,3.83,10,2.0,0.0,1.0,2.0,2.0,4.0,-2.0,3.0,7.0,-4.0,-1.0,-3.0,2.0,0.0,0.0,0.0,1.0,1.0,0.0,44.4,55.6,11.1,55.6,1499.3,1466.8
2015-08-08,2015,Sarpsborg 08,Viking,0,2,A,U,2.62,3.41,2.56,10,0.0,2.0,2.0,1.0,3.0,7.0,-4.0,8.0,4.0,4.0,-5.0,3.0,-8.0,0.0,2.0,-2.0,2.0,1.0,1.0,22.2,44.4,55.6,44.4,1474.0,1523.9
2015-08-07,2015,Valerenga,Tromso,1,0,H,U,1.63,4.07,4.87,10,2.0,0.0,1.0,2.0,5.0,4.0,1.0,2.0,6.0,-4.0,3.0,-2.0,5.0,2.0,0.0,2.0,0.0,0.0,0.0,55.6,44.4,11.1,66.7,1537.3,1455.5
2015-08-07,2015,Sandefjord,Mjondalen,2,1,H,O,2.33,3.51,2.84,10,0.0,0.0,1.0,1.0,2.0,5.0,-3.0,3.0,7.0,-4.0,-1.0,-2.0,1.0,0.0,0.0,0.0,0.0,1.0,-1.0,22.2,55.6,0.0,50.0,1413.4,1451.5
2015-08-02,2015,Tromso,Stromsgodset,0,6,A,O,2.55,3.45,2.6,9,3.0,2.0,0.0,1.0,6.0,5.0,1.0,1.0,4.0,-3.0,5.0,1.0,4.0,2.0,0.0,2.0,0.0,0.0,0.0,37.5,37.5,33.3,55.6,1463.6,1531.5
2015-08-02,2015,Rosenborg,Sarpsborg 08,3,2,H,O,1.2,6.59,12.23,9,1.0,0.0,0.0,1.0,5.0,2.0,3.0,2.0,4.0,-2.0,3.0,-2.0,5.0,1.0,0.0,1.0,0.0,1.0,-1.0,62.5,0.0,25.0,25.0,1575.5,1481.3
2015-08-02,2015,Mjondalen,Odd,3,6,A,O,3.01,3.49,2.23,10,0.0,1.0,1.0,1.0,4.0,2.0,2.0,5.0,4.0,1.0,-1.0,-2.0,1.0,0.0,0.0,0.0,0.0,1.0,-1.0,33.3,33.3,37.5,25.0,1460.1,1510.5
2015-08-02,2015,Lillestrom,Sandefjord,3,2,H,O,1.62,3.98,5.03,9,1.0,0.0,1.0,2.0,4.0,3.0,1.0,4.0,10.0,-6.0,0.0,-7.0,7.0,0.0,0.0,0.0,0.0,2.0,-2.0,37.5,25.0,0.0,87.5,1497.6,1421.2
2015-08-02,2015,Aalesund,Start,2,0,H,U,1.93,3.61,3.68,9,2.0,1.0,0.0,1.0,7.0,6.0,1.0,4.0,5.0,-1.0,3.0,1.0,2.0,1.0,1.0,0.0,0.0,0.0,0.0,37.5,25.0,12.5,50.0,1475.0,1476.8
2015-08-01,2015,Stabaek,Valerenga,2,0,H,U,2.12,3.53,3.23,9,2.0,2.0,0.0,0.0,6.0,6.0,0.0,4.0,4.0,0.0,2.0,2.0,0.0,0.0,0.0,0.0,0.0,0.0,0.0,62.5,12.5,62.5,0.0,1544.4,1547.4
2015-07-31,2015,Viking,Haugesund,0,1,A,U,1.62,3.97,5.11,9,2.0,1.0,1.0,2.0,10.0,2.0,8.0,6.0,4.0,2.0,4.0,-2.0,6.0,2.0,0.0,2.0,0.0,1.0,-1.0,62.5,25.0,25.0,50.0,1535.5,1477.8
2015-07-27,2015,Valerenga,Lillestrom,2,0,H,U,1.82,3.74,4.02,9,1.0,0.0,2.0,1.0,4.0,3.0,1.0,4.0,5.0,-1.0,0.0,-2.0,2.0,1.0,0.0,1.0,0.0,1.0,-1.0,50.0,50.0,25.0,25.0,1538.3,1506.7
2015-07-26,2015,Sarpsborg 08,Mjondalen,2,2,D,O,1.93,3.54,3.79,9,0.0,0.0,3.0,2.0,1.0,4.0,-3.0,7.0,10.0,-3.0,-6.0,-6.0,0.0,0.0,0.0,0.0,2.0,2.0,0.0,25.0,50.0,0.0,57.1,1482.0,1459.4
2015-07-26,2015,Sandefjord,Rosenborg,1,2,A,O,7.73,5.1,1.35,9,0.0,2.0,1.0,1.0,1.0,4.0,-3.0,2.0,2.0,0.0,-1.0,2.0,-3.0,0.0,1.0,-1.0,0.0,0.0,0.0,25.0,50.0,75.0,25.0,1427.4,1569.4
2015-07-26,2015,Odd,Tromso,3,2,H,O,1.59,4.0,5.4,9,0.0,0.0,1.0,1.0,5.0,3.0,2.0,6.0,4.0,2.0,-1.0,-1.0,0.0,0.0,0.0,0.0,0.0,0.0,0.0,25.0,25.0,12.5,62.5,1501.3,1472.8
2015-07-26,2015,Bodo/Glimt,Aalesund,1,0,H,U,2.17,3.53,3.09,9,2.0,0.0,1.0,2.0,6.0,3.0,3.0,4.0,8.0,-4.0,2.0,-5.0,7.0,1.0,0.0,1.0,1.0,2.0,-1.0,37.5,62.5,25.0,62.5,1489.5,1484.9
2015-07-25,2015,Haugesund,Stabaek,2,2,D,O,2.46,3.45,2.7,9,0.0,1.0,1.0,1.0,4.0,3.0,1.0,6.0,5.0,1.0,-2.0,-2.0,0.0,0.0,0.0,0.0,1.0,1.0,0.0,25.0,37.5,50.0,25.0,1475.8,1546.4
2015-07-24,2015,Start,Viking,0,3,A,O,2.7,3.43,2.48,9,2.0,1.0,1.0,2.0,7.0,5.0,2.0,3.0,6.0,-3.0,4.0,-1.0,5.0,2.0,1.0,1.0,0.0,1.0,-1.0,50.0,37.5,50.0,50.0,1485.7,1526.7
2015-07-18,2015,Molde,Bodo/Glimt,1,2,A,O,1.21,6.72,11.44,9,1.0,2.0,1.0,1.0,6.0,6.0,0.0,2.0,5.0,-3.0,4.0,1.0,3.0,1.0,0.0,1.0,0.0,0.0,0.0,50.0,25.0,25.0,50.0,1513.5,1478.5
2015-07-12,2015,Tromso,Start,2,1,H,O,1.78,3.73,4.22,8,2.0,1.0,0.0,1.0,6.0,5.0,1.0,2.0,4.0,-2.0,4.0,1.0,3.0,2.0,1.0,1.0,0.0,0.0,0.0,28.6,42.9,14.3,42.9,1461.8,1496.7
2015-07-12,2015,Stabaek,Sarpsborg 08,0,0,D,U,1.61,3.97,5.25,8,2.0,1.0,1.0,1.0,8.0,4.0,4.0,7.0,5.0,2.0,1.0,-1.0,2.0,0.0,0.0,0.0,0.0,1.0,-1.0,71.4,14.3,28.6,28.6,1548.3,1480.0
2015-07-12,2015,Rosenborg,Odd,3,0,H,O,1.47,4.46,6.2,8,1.0,1.0,0.0,0.0,7.0,4.0,3.0,3.0,3.0,0.0,4.0,1.0,3.0,1.0,0.0,1.0,0.0,0.0,0.0,57.1,0.0,42.9,14.3,1560.8,1509.8
2015-07-12,2015,Mjondalen,Bodo/Glimt,1,2,A,O,1.87,3.72,3.81,9,0.0,1.0,1.0,2.0,3.0,4.0,-1.0,6.0,7.0,-1.0,-3.0,-3.0,0.0,0.0,0.0,0.0,1.0,1.0,0.0,37.5,25.0,14.3,57.1,1469.5,1468.4
2015-07-12,2015,Lillestrom,Stromsgodset,1,2,A,O,2.54,3.42,2.65,8,2.0,1.0,0.0,2.0,6.0,3.0,3.0,2.0,7.0,-5.0,4.0,-4.0,8.0,1.0,0.0,1.0,0.0,1.0,-1.0,42.9,14.3,25.0,62.5,1516.5,1521.6
2015-07-11,2015,Viking,Aalesund,4,1,H,O,1.56,4.23,5.37,8,2.0,0.0,1.0,2.0,7.0,3.0,4.0,5.0,7.0,-2.0,2.0,-4.0,6.0,1.0,0.0,1.0,0.0,2.0,-2.0,57.1,28.6,28.6,57.1,1517.4,1494.2
2015-07-11,2015,Valerenga,Sandefjord,2,0,H,U,1.47,4.45,6.32,8,1.0,0.0,2.0,2.0,6.0,4.0,2.0,6.0,13.0,-7.0,0.0,-9.0,9.0,1.0,0.0,1.0,0.0,2.0,-2.0,42.9,57.1,0.0,85.7,1531.0,1434.7
2015-07-10,2015,Molde,Haugesund,0,1,A,U,1.28,5.52,9.89,8,1.0,0.0,0.0,2.0,9.0,1.0,8.0,4.0,4.0,0.0,5.0,-3.0,8.0,1.0,0.0,1.0,0.0,1.0,-1.0,57.1,14.3,14.3,57.1,1525.2,1464.0
2015-07-05,2015,Stromsgodset,Viking,4,1,H,O,1.94,3.66,3.62,7,3.0,2.0,0.0,1.0,7.0,8.0,-1.0,2.0,2.0,0.0,5.0,6.0,-1.0,2.0,2.0,0.0,0.0,0.0,0.0,66.7,0.0,57.1,42.9,1511.1,1527.8
2015-07-05,2015,Sandefjord,Tromso,1,1,D,U,2.72,3.36,2.5,8,0.0,0.0,2.0,2.0,0.0,2.0,-2.0,4.0,4.0,0.0,-4.0,-2.0,-2.0,0.0,0.0,0.0,1.0,0.0,1.0,28.6,57.1,14.3,71.4,1433.8,1462.6
2015-07-05,2015,Odd,Valerenga,1,2,A,O,1.71,3.86,4.56,8,0.0,2.0,0.0,0.0,4.0,7.0,-3.0,4.0,3.0,1.0,0.0,4.0,-4.0,0.0,1.0,-1.0,0.0,0.0,0.0,28.6,14.3,57.1,0.0,1519.8,1521.0
2015-07-05,2015,Bodo/Glimt,Rosenborg,1,0,H,U,6.2,4.57,1.46,8,2.0,3.0,1.0,0.0,6.0,7.0,-1.0,4.0,3.0,1.0,2.0,4.0,-2.0,1.0,1.0,0.0,1.0,0.0,1.0,28.6,71.4,85.7,14.3,1455.1,1574.1
2015-07-05,2015,Aalesund,Mjondalen,4,2,H,O,2.17,3.45,3.19,8,1.0,0.0,1.0,2.0,3.0,4.0,-1.0,6.0,10.0,-4.0,-3.0,-6.0,3.0,0.0,0.0,0.0,1.0,2.0,-1.0,28.6,28.6,0.0,50.0,1484.4,1479.3
2015-07-04,2015,Start,Stabaek,4,1,H,O,3.17,3.54,2.14,8,1.0,1.0,2.0,0.0,4.0,5.0,-1.0,4.0,4.0,0.0,0.0,1.0,-1.0,1.0,0.0,1.0,0.0,0.0,0.0,42.9,42.9,57.1,14.3,1484.5,1560.4
2015-07-04,2015,Haugesund,Lillestrom,3,3,D,O,2.24,3.38,3.09,8,1.0,1.0,1.0,1.0,5.0,3.0,2.0,3.0,3.0,0.0,2.0,0.0,2.0,1.0,1.0,0.0,1.0,1.0,0.0,28.6,42.9,28.6,28.6,1462.4,1518.1
2015-07-03,2015,Sarpsborg 08,Molde,1,4,A,O,4.31,3.71,1.78,8,0.0,1.0,3.0,1.0,1.0,4.0,-3.0,6.0,3.0,3.0,-5.0,1.0,-6.0,0.0,1.0,-1.0,2.0,1.0,1.0,28.6,42.9,28.6,42.9,1489.3,1516.0
2015-06-28,2015,Viking,Sarpsborg 08,3,1,H,O,1.5,4.28,6.21,7,1.0,1.0,1.0,0.0,5.0,5.0,0.0,5.0,4.0,1.0,0.0,1.0,-1.0,0.0,0.0,0.0,0.0,0.0,0.0,50.0,33.3,33.3,16.7,1518.4,1498.7
2015-06-28,2015,Valerenga,Bodo/Glimt,1,2,A,O,1.44,4.71,6.28,7,1.0,0.0,2.0,2.0,5.0,3.0,2.0,6.0,7.0,-1.0,-1.0,-4.0,3.0,1.0,0.0,1.0,1.0,1.0,0.0,50.0,50.0,0.0,66.7,1533.6,1442.6
2015-06-28,2015,Tromso,Haugesund,2,0,H,U,1.9,3.54,3.92,7,1.0,0.0,1.0,2.0,8.0,1.0,7.0,7.0,5.0,2.0,1.0,-4.0,5.0,1.0,0.0,1.0,0.0,1.0,-1.0,16.7,50.0,16.7,50.0,1452.0,1473.0
2015-06-28,2015,Mjondalen,Sandefjord,2,2,D,O,1.85,3.7,3.92,8,1.0,0.0,1.0,3.0,4.0,2.0,2.0,6.0,15.0,-9.0,-2.0,-13.0,11.0,0.0,0.0,0.0,1.0,3.0,-2.0,42.9,28.6,0.0,100.0,1480.7,1432.5
2015-06-28,2015,Lillestrom,Odd,1,1,D,U,2.6,3.41,2.58,7,3.0,1.0,0.0,0.0,7.0,4.0,3.0,2.0,3.0,-1.0,5.0,1.0,4.0,1.0,0.0,1.0,0.0,0.0,0.0,50.0,16.7,50.0,16.7,1518.1,1519.9
2015-06-27,2015,Start,Aalesund,3,1,H,O,2.2,3.47,3.08,7,0.0,1.0,2.0,1.0,2.0,5.0,-3.0,4.0,5.0,-1.0,-2.0,0.0,-2.0,0.0,1.0,-1.0,0.0,1.0,-1.0,33.3,50.0,33.3,50.0,1473.9,1495.0
2015-06-27,2015,Stabaek,Stromsgodset,3,2,H,O,2.21,3.47,3.07,7,2.0,1.0,1.0,2.0,9.0,1.0,8.0,5.0,6.0,-1.0,4.0,-5.0,9.0,1.0,0.0,1.0,0.0,2.0,-2.0,66.7,16.7,28.6,57.1,1551.3,1520.2
2015-06-27,2015,Rosenborg,Molde,1,1,D,U,1.81,3.71,4.09,7,2.0,1.0,0.0,2.0,9.0,4.0,5.0,2.0,4.0,-2.0,7.0,0.0,7.0,2.0,1.0,1.0,0.0,1.0,-1.0,66.7,0.0,33.3,50.0,1575.9,1514.2
2015-06-21,2015,Stromsgodset,Tromso,2,1,H,O,1.53,4.24,5.77,6,2.0,0.0,0.0,2.0,6.0,4.0,2.0,2.0,6.0,-4.0,4.0,-2.0,6.0,2.0,0.0,2.0,0.0,0.0,0.0,60.0,0.0,16.7,66.7,1511.7,1460.5
2015-06-21,2015,Sarpsborg 08,Rosenborg,0,2,A,U,5.08,3.93,1.63,7,1.0,2.0,2.0,1.0,4.0,7.0,-3.0,4.0,6.0,-2.0,0.0,1.0,-1.0,1.0,0.0,1.0,1.0,0.0,1.0,33.3,33.3,83.3,16.7,1507.0,1567.6
2015-06-21,2015,Haugesund,Mjondalen,1,1,D,U,1.76,3.68,4.47,7,1.0,0.0,2.0,3.0,4.0,3.0,1.0,4.0,10.0,-6.0,0.0,-7.0,7.0,1.0,0.0,1.0,2.0,2.0,0.0,33.3,50.0,0.0,60.0,1472.8,1480.9
2015-06-21,2015,Bodo/Glimt,Viking,0,3,A,O,3.18,3.6,2.11,7,2.0,2.0,1.0,1.0,9.0,7.0,2.0,6.0,2.0,4.0,3.0,5.0,-2.0,1.0,2.0,-1.0,1.0,0.0,1.0,33.3,66.7,50.0,50.0,1450.9,1510.1
2015-06-21,2015,Aalesund,Stabaek,1,1,D,U,2.43,3.54,2.69,7,1.0,2.0,1.0,0.0,4.0,6.0,-2.0,7.0,3.0,4.0,-3.0,3.0,-6.0,0.0,1.0,-1.0,1.0,0.0,1.0,33.3,33.3,66.7,16.7,1493.3,1553.0
2015-06-20,2015,Sandefjord,Lillestrom,0,0,D,U,3.13,3.44,2.19,7,0.0,1.0,3.0,2.0,1.0,3.0,-2.0,7.0,6.0,1.0,-6.0,-3.0,-3.0,0.0,1.0,-1.0,2.0,2.0,0.0,33.3,66.7,33.3,33.3,1429.9,1520.6
2015-06-20,2015,Molde,Valerenga,0,0,D,U,1.41,4.77,6.91,7,2.0,3.0,0.0,0.0,13.0,12.0,1.0,4.0,7.0,-3.0,9.0,5.0,4.0,2.0,1.0,1.0,0.0,0.0,0.0,66.7,16.7,66.7,0.0,1513.7,1534.2
2015-06-19,2015,Odd,Start,3,3,D,O,1.33,5.1,8.57,7,1.0,1.0,0.0,2.0,3.0,2.0,1.0,1.0,5.0,-4.0,2.0,-3.0,5.0,1.0,1.0,0.0,0.0,1.0,-1.0,33.3,16.7,16.7,50.0,1521.3,1472.5
2015-06-07,2015,Start,Stromsgodset,0,1,A,U,3.14,3.55,2.15,6,1.0,1.0,1.0,2.0,5.0,5.0,0.0,4.0,9.0,-5.0,1.0,-4.0,5.0,1.0,1.0,0.0,0.0,2.0,-2.0,40.0,40.0,16.7,66.7,1481.9,1502.3
2015-06-07,2015,Stabaek,Bodo/Glimt,3,2,H,O,1.53,4.26,5.62,6,2.0,0.0,1.0,2.0,7.0,1.0,6.0,3.0,6.0,-3.0,4.0,-5.0,9.0,1.0,0.0,1.0,0.0,2.0,-2.0,60.0,20.0,0.0,60.0,1545.5,1458.4
2015-06-07,2015,Mjondalen,Sarpsborg 08,1,1,D,U,2.49,3.36,2.71,7,2.0,1.0,1.0,0.0,7.0,5.0,2.0,8.0,4.0,4.0,-1.0,1.0,-2.0,0.0,0.0,0.0,1.0,0.0,1.0,50.0,33.3,40.0,20.0,1480.1,1507.8
2015-06-07,2015,Lillestrom,Viking,2,1,H,O,2.51,3.39,2.69,6,2.0,3.0,0.0,0.0,6.0,8.0,-2.0,2.0,1.0,1.0,4.0,7.0,-3.0,1.0,2.0,-1.0,0.0,0.0,0.0,40.0,20.0,60.0,40.0,1510.3,1520.4
2015-06-07,2015,Aalesund,Haugesund,2,1,H,O,2.01,3.5,3.52,6,1.0,1.0,1.0,1.0,4.0,2.0,2.0,6.0,4.0,2.0,-2.0,-2.0,0.0,1.0,0.0,1.0,1.0,1.0,0.0,20.0,40.0,20.0,40.0,1483.3,1482.8
2015-06-06,2015,Valerenga,Rosenborg,1,2,A,O,3.64,3.71,1.92,6,1.0,2.0,2.0,1.0,5.0,7.0,-2.0,6.0,6.0,0.0,-1.0,1.0,-2.0,1.0,0.0,1.0,1.0,0.0,1.0,60.0,40.0,80.0,20.0,1543.8,1558.0
2015-06-06,2015,Sandefjord,Odd,0,1,A,U,4.42,3.81,1.73,6,0.0,0.0,3.0,1.0,2.0,3.0,-1.0,8.0,5.0,3.0,-6.0,-2.0,-4.0,0.0,0.0,0.0,2.0,1.0,1.0,40.0,60.0,40.0,20.0,1437.8,1513.4
2015-06-05,2015,Tromso,Molde,2,0,H,U,4.58,3.81,1.72,6,0.0,1.0,2.0,2.0,6.0,5.0,1.0,9.0,4.0,5.0,-3.0,1.0,-4.0,0.0,1.0,-1.0,1.0,0.0,1.0,0.0,60.0,40.0,40.0,1448.3,1525.9
2015-05-31,2015,Viking,Valerenga,3,4,A,O,1.86,3.68,3.91,6,2.0,2.0,0.0,0.0,4.0,9.0,-5.0,2.0,5.0,-3.0,2.0,4.0,-2.0,0.0,1.0,-1.0,0.0,0.0,0.0,60.0,20.0,60.0,0.0,1530.3,1533.9
2015-05-31,2015,Stromsgodset,Lillestrom,2,0,H,U,1.67,3.91,4.72,5,2.0,2.0,0.0,1.0,7.0,7.0,0.0,4.0,5.0,-1.0,3.0,2.0,1.0,1.0,2.0,-1.0,0.0,1.0,-1.0,50.0,0.0,40.0,20.0,1491.4,1521.2
2015-05-31,2015,Sarpsborg 08,Stabaek,0,1,A,U,2.14,3.43,3.24,6,2.0,2.0,1.0,0.0,6.0,7.0,-1.0,3.0,3.0,0.0,3.0,4.0,-1.0,2.0,2.0,0.0,1.0,0.0,1.0,40.0,20.0,60.0,20.0,1517.2,1536.0
2015-05-31,2015,Rosenborg,Tromso,1,1,D,U,1.22,6.32,11.64,6,3.0,0.0,0.0,3.0,11.0,4.0,7.0,3.0,8.0,-5.0,8.0,-4.0,12.0,2.0,0.0,2.0,0.0,1.0,-1.0,80.0,0.0,20.0,80.0,1561.3,1445.1
2015-05-31,2015,Bodo/Glimt,Mjondalen,5,1,H,O,2.02,3.57,3.43,6,1.0,0.0,2.0,2.0,5.0,4.0,1.0,7.0,7.0,0.0,-2.0,-3.0,1.0,0.0,0.0,0.0,1.0,1.0,0.0,20.0,80.0,0.0,50.0,1447.2,1491.4
2015-05-30,2015,Molde,Sandefjord,6,1,H,O,1.18,7.18,12.99,6,2.0,0.0,0.0,3.0,10.0,2.0,8.0,4.0,11.0,-7.0,6.0,-9.0,15.0,2.0,0.0,2.0,0.0,2.0,-2.0,60.0,20.0,0.0,100.0,1517.9,1445.7
2015-05-30,2015,Haugesund,Start,0,2,A,U,1.74,3.66,4.61,6,2.0,0.0,1.0,3.0,6.0,2.0,4.0,3.0,8.0,-5.0,3.0,-6.0,9.0,1.0,0.0,1.0,1.0,1.0,0.0,40.0,40.0,0.0,60.0,1493.4,1471.3
2015-05-29,2015,Odd,Aalesund,1,1,D,U,1.5,4.46,5.71,6,1.0,2.0,1.0,1.0,3.0,6.0,-3.0,2.0,5.0,-3.0,1.0,1.0,0.0,1.0,1.0,0.0,0.0,1.0,-1.0,40.0,20.0,40.0,60.0,1514.3,1482.4
2015-05-25,2015,Tromso,Odd,2,2,D,O,2.94,3.41,2.29,5,0.0,1.0,2.0,1.0,5.0,5.0,0.0,8.0,5.0,3.0,-3.0,0.0,-3.0,0.0,1.0,-1.0,1.0,1.0,0.0,0.0,75.0,50.0,25.0,1443.0,1516.4
2015-05-25,2015,Start,Sarpsborg 08,1,2,A,O,2.39,3.35,2.85,5,1.0,0.0,1.0,1.0,6.0,3.0,3.0,5.0,4.0,1.0,1.0,-1.0,2.0,1.0,0.0,1.0,0.0,0.0,0.0,50.0,25.0,25.0,25.0,1480.5,1508.0
2015-05-25,2015,Stabaek,Rosenborg,2,3,A,O,4.14,3.86,1.76,5,3.0,2.0,0.0,1.0,6.0,8.0,-2.0,0.0,5.0,-5.0,6.0,3.0,3.0,1.0,1.0,0.0,0.0,0.0,0.0,75.0,0.0,75.0,25.0,1545.9,1551.4
2015-05-25,2015,Sandefjord,Valerenga,0,3,A,O,3.15,3.58,2.12,5,1.0,2.0,2.0,0.0,3.0,9.0,-6.0,5.0,7.0,-2.0,-2.0,2.0,-4.0,0.0,0.0,0.0,1.0,0.0,1.0,50.0,50.0,50.0,0.0,1453.7,1525.9
2015-05-25,2015,Lillestrom,Bodo/Glimt,3,0,H,O,1.69,3.86,4.63,5,1.0,0.0,1.0,1.0,3.0,3.0,0.0,4.0,5.0,-1.0,-1.0,-2.0,1.0,0.0,0.0,0.0,1.0,1.0,0.0,25.0,25.0,0.0,50.0,1512.8,1455.5
2015-05-25,2015,Aalesund,Viking,0,4,A,O,2.65,3.46,2.49,5,1.0,2.0,1.0,1.0,4.0,4.0,0.0,4.0,2.0,2.0,0.0,2.0,-2.0,1.0,1.0,0.0,1.0,0.0,1.0,25.0,25.0,50.0,50.0,1491.5,1521.1
2015-05-24,2015,Haugesund,Stromsgodset,4,0,H,O,3.0,3.45,2.24,5,1.0,1.0,1.0,2.0,2.0,6.0,-4.0,3.0,8.0,-5.0,-1.0,-2.0,1.0,0.0,1.0,-1.0,1.0,2.0,-1.0,25.0,50.0,20.0,60.0,1482.9,1502.0
2015-05-22,2015,Mjondalen,Molde,0,3,A,O,4.06,3.8,1.8,6,2.0,0.0,1.0,2.0,8.0,2.0,6.0,9.0,4.0,5.0,-1.0,-2.0,1.0,0.0,0.0,0.0,1.0,0.0,1.0,60.0,20.0,25.0,50.0,1501.2,1508.1
2015-05-16,2015,Viking,Start,1,0,H,U,1.36,4.93,8.01,5,1.0,0.0,1.0,2.0,4.0,3.0,1.0,6.0,8.0,-2.0,-2.0,-5.0,3.0,0.0,0.0,0.0,1.0,1.0,0.0,50.0,25.0,0.0,50.0,1511.8,1489.9
2015-05-16,2015,Valerenga,Mjondalen,4,2,H,O,1.72,3.82,4.5,5,1.0,0.0,2.0,1.0,3.0,3.0,0.0,4.0,4.0,0.0,-1.0,-1.0,0.0,1.0,0.0,1.0,1.0,0.0,1.0,50.0,50.0,0.0,33.3,1516.0,1511.1
2015-05-16,2015,Stromsgodset,Aalesund,3,1,H,O,1.49,4.34,6.11,4,1.0,2.0,0.0,1.0,5.0,6.0,-1.0,4.0,7.0,-3.0,1.0,-1.0,2.0,0.0,1.0,-1.0,0.0,1.0,-1.0,33.3,0.0,50.0,50.0,1491.7,1501.8
2015-05-16,2015,Sarpsborg 08,Lillestrom,1,3,A,O,1.92,3.51,3.85,5,2.0,1.0,0.0,1.0,7.0,5.0,2.0,2.0,5.0,-3.0,5.0,0.0,5.0,2.0,1.0,1.0,0.0,1.0,-1.0,50.0,0.0,25.0,25.0,1518.5,1502.4
2015-05-16,2015,Rosenborg,Sandefjord,5,1,H,O,1.14,7.96,17.04,5,2.0,0.0,0.0,3.0,7.0,3.0,4.0,3.0,9.0,-6.0,4.0,-6.0,10.0,1.0,0.0,1.0,0.0,1.0,-1.0,75.0,0.0,0.0,100.0,1543.7,1461.3
2015-05-16,2015,Odd,Haugesund,0,0,D,U,1.44,4.46,6.89,5,1.0,1.0,1.0,2.0,5.0,2.0,3.0,4.0,6.0,-2.0,1.0,-4.0,5.0,1.0,0.0,1.0,0.0,2.0,-2.0,50.0,25.0,25.0,50.0,1517.4,1481.9
2015-05-16,2015,Molde,Stabaek,3,3,D,O,1.36,4.87,7.83,5,3.0,3.0,0.0,0.0,12.0,6.0,6.0,2.0,0.0,2.0,10.0,6.0,4.0,3.0,3.0,0.0,0.0,0.0,0.0,75.0,25.0,75.0,25.0,1507.0,1547.0
2015-05-16,2015,Bodo/Glimt,Tromso,1,0,H,U,2.51,3.35,2.7,5,0.0,1.0,3.0,2.0,6.0,6.0,0.0,11.0,7.0,4.0,-5.0,-1.0,-4.0,0.0,1.0,-1.0,2.0,1.0,1.0,0.0,100.0,25.0,75.0,1445.3,1453.3
2015-05-13,2015,Start,Bodo/Glimt,1,1,D,U,1.78,3.82,4.14,4,2.0,0.0,1.0,2.0,7.0,3.0,4.0,5.0,7.0,-2.0,2.0,-4.0,6.0,1.0,0.0,1.0,0.0,2.0,-2.0,66.7,33.3,0.0,66.7,1491.2,1444.0
2015-05-13,2015,Stabaek,Sandefjord,4,0,H,O,1.72,3.77,4.51,4,2.0,0.0,0.0,3.0,3.0,4.0,-1.0,1.0,7.0,-6.0,2.0,-3.0,5.0,0.0,0.0,0.0,0.0,0.0,0.0,66.7,0.0,0.0,100.0,1539.0,1469.4
2015-05-13,2015,Odd,Stromsgodset,2,0,H,U,2.12,3.54,3.21,4,1.0,1.0,1.0,1.0,5.0,7.0,-2.0,4.0,7.0,-3.0,1.0,0.0,1.0,1.0,1.0,0.0,0.0,1.0,-1.0,33.3,33.3,25.0,50.0,1507.6,1501.5
2015-05-13,2015,Lillestrom,Molde,2,1,H,O,4.93,3.8,1.67,4,0.0,1.0,1.0,1.0,2.0,4.0,-2.0,4.0,3.0,1.0,-2.0,1.0,-3.0,0.0,1.0,-1.0,1.0,0.0,1.0,0.0,33.3,33.3,33.3,1491.6,1517.7
2015-05-13,2015,Haugesund,Viking,0,2,A,U,2.67,3.32,2.55,4,1.0,1.0,1.0,2.0,2.0,2.0,0.0,7.0,3.0,4.0,-5.0,-1.0,-4.0,0.0,0.0,0.0,1.0,0.0,1.0,33.3,33.3,33.3,66.7,1491.6,1502.1
2015-05-13,2015,Aalesund,Sarpsborg 08,2,2,D,O,2.03,3.44,3.52,4,1.0,1.0,1.0,1.0,3.0,2.0,1.0,3.0,2.0,1.0,0.0,0.0,0.0,1.0,0.0,1.0,1.0,0.0,1.0,33.3,33.3,33.3,33.3,1501.3,1519.0
2015-05-12,2015,Tromso,Valerenga,4,5,A,O,2.14,3.44,3.24,4,0.0,1.0,2.0,0.0,1.0,5.0,-4.0,4.0,4.0,0.0,-3.0,1.0,-4.0,0.0,0.0,0.0,1.0,0.0,1.0,0.0,66.7,33.3,0.0,1462.0,1507.3
2015-05-12,2015,Mjondalen,Rosenborg,3,2,H,O,6.52,4.48,1.45,5,1.0,3.0,1.0,0.0,6.0,12.0,-6.0,8.0,2.0,6.0,-2.0,10.0,-12.0,0.0,2.0,-2.0,1.0,0.0,1.0,50.0,25.0,100.0,0.0,1499.5,1555.3
2015-05-10,2015,Viking,Odd,1,1,D,U,2.2,3.48,3.06,4,2.0,2.0,1.0,1.0,6.0,6.0,0.0,6.0,5.0,1.0,0.0,1.0,-1.0,1.0,1.0,0.0,1.0,1.0,0.0,66.7,33.3,66.7,33.3,1501.9,1507.8
2015-05-10,2015,Sarpsborg 08,Haugesund,3,0,H,O,2.0,3.43,3.6,4,1.0,1.0,0.0,1.0,5.0,3.0,2.0,3.0,4.0,-1.0,2.0,-1.0,3.0,1.0,0.0,1.0,0.0,1.0,-1.0,33.3,0.0,33.3,33.3,1509.2,1501.3
2015-05-10,2015,Sandefjord,Aalesund,1,3,A,O,2.21,3.37,3.14,4,2.0,1.0,1.0,2.0,5.0,3.0,2.0,3.0,11.0,-8.0,2.0,-8.0,10.0,1.0,0.0,1.0,0.0,2.0,-2.0,66.7,33.3,33.3,66.7,1479.0,1491.7
2015-05-10,2015,Molde,Start,4,0,H,O,1.22,6.35,11.83,4,2.0,0.0,1.0,1.0,9.0,4.0,5.0,4.0,5.0,-1.0,5.0,-1.0,6.0,2.0,0.0,2.0,0.0,0.0,0.0,66.7,33.3,0.0,33.3,1507.9,1501.0
2015-05-10,2015,Bodo/Glimt,Stromsgodset,3,5,A,O,3.32,3.55,2.06,4,0.0,0.0,3.0,2.0,4.0,3.0,1.0,9.0,7.0,2.0,-5.0,-4.0,-1.0,0.0,0.0,0.0,2.0,2.0,0.0,0.0,100.0,0.0,66.7,1452.8,1492.7
2015-05-09,2015,Valerenga,Stabaek,0,2,A,U,1.76,3.75,4.3,4,2.0,2.0,1.0,1.0,6.0,4.0,2.0,3.0,2.0,1.0,3.0,2.0,1.0,2.0,2.0,0.0,0.0,1.0,-1.0,66.7,33.3,66.7,33.3,1517.0,1529.4
2015-05-09,2015,Rosenborg,Lillestrom,3,0,H,O,1.21,6.58,11.56,4,2.0,1.0,0.0,0.0,9.0,6.0,3.0,3.0,3.0,0.0,6.0,3.0,3.0,1.0,1.0,0.0,0.0,0.0,0.0,66.7,0.0,33.3,0.0,1546.7,1500.3
2015-05-09,2015,Mjondalen,Tromso,4,3,H,O,2.35,3.27,2.96,4,1.0,1.0,1.0,2.0,3.0,4.0,-1.0,5.0,6.0,-1.0,-2.0,-2.0,0.0,0.0,1.0,-1.0,1.0,2.0,-1.0,33.3,33.3,33.3,66.7,1490.0,1471.4
2015-05-04,2015,Viking,Molde,2,1,H,O,3.82,3.53,1.92,3,,,,,,,,,,,,,,,,,,,,50.0,50.0,50.0,0.0,1491.1,1518.7
2015-05-03,2015,Start,Tromso,3,1,H,O,2.06,3.39,3.5,3,,,,,,,,,,,,,,,,,,,,50.0,50.0,50.0,50.0,1491.3,1481.1
2015-05-03,2015,Stabaek,Mjondalen,1,0,H,U,1.82,3.56,4.23,3,,,,,,,,,,,,,,,,,,,,50.0,0.0,0.0,0.0,1520.0,1499.4
2015-05-03,2015,Odd,Rosenborg,1,2,A,O,3.19,3.52,2.13,3,,,,,,,,,,,,,,,,,,,,50.0,0.0,100.0,0.0,1517.2,1537.2
2015-05-03,2015,Lillestrom,Valerenga,1,1,D,U,2.51,3.39,2.67,3,,,,,,,,,,,,,,,,,,,,0.0,50.0,50.0,0.0,1499.8,1517.5
2015-05-03,2015,Haugesund,Sandefjord,2,1,H,O,1.8,3.61,4.33,3,,,,,,,,,,,,,,,,,,,,0.0,50.0,0.0,100.0,1491.4,1488.9
2015-05-03,2015,Aalesund,Bodo/Glimt,2,0,H,U,1.78,3.7,4.22,3,,,,,,,,,,,,,,,,,,,,0.0,50.0,0.0,50.0,1482.2,1462.2
2015-05-02,2015,Stromsgodset,Sarpsborg 08,1,1,D,U,1.54,4.11,5.81,3,,,,,,,,,,,,,,,,,,,,50.0,0.0,50.0,50.0,1492.1,1509.7
2015-04-30,2015,Valerenga,Aalesund,1,2,A,O,1.49,4.36,6.07,3,,,,,,,,,,,,,,,,,,,,100.0,0.0,0.0,100.0,1529.2,1470.6
2015-04-30,2015,Tromso,Stabaek,0,2,A,U,1.85,3.55,4.08,3,,,,,,,,,,,,,,,,,,,,0.0,50.0,50.0,50.0,1490.6,1510.5
2015-04-30,2015,Sandefjord,Viking,1,2,A,O,2.46,3.35,2.76,3,,,,,,,,,,,,,,,,,,,,100.0,0.0,0.0,100.0,1499.5,1480.6
2015-04-30,2015,Rosenborg,Start,3,2,H,O,1.21,6.63,11.1,3,,,,,,,,,,,,,,,,,,,,50.0,0.0,0.0,0.0,1528.0,1500.5
2015-04-30,2015,Mjondalen,Lillestrom,1,4,A,O,2.21,3.32,3.18,3,,,,,,,,,,,,,,,,,,,,50.0,0.0,0.0,0.0,1510.0,1489.2
2015-04-30,2015,Bodo/Glimt,Haugesund,1,2,A,O,2.27,3.4,3.01,3,,,,,,,,,,,,,,,,,,,,0.0,100.0,0.0,50.0,1472.0,1481.7
2015-04-29,2015,Sarpsborg 08,Odd,2,0,H,U,3.06,3.37,2.24,3,,,,,,,,,,,,,,,,,,,,0.0,0.0,100.0,0.0,1498.9,1528.0
2015-04-29,2015,Molde,Stromsgodset,3,1,H,O,1.5,4.23,6.12,3,,,,,,,,,,,,,,,,,,,,50.0,50.0,0.0,50.0,1508.9,1501.9
2015-04-26,2015,Stromsgodset,Sandefjord,3,2,H,O,1.5,4.23,6.07,2,,,,,,,,,,,,,,,,,,,,0.0,0.0,0.0,100.0,1491.4,1510.0
2015-04-26,2015,Sarpsborg 08,Bodo/Glimt,2,2,D,O,1.75,3.67,4.46,2,,,,,,,,,,,,,,,,,,,,0.0,0.0,0.0,100.0,1499.7,1471.1
2015-04-26,2015,Lillestrom,Stabaek,0,2,A,U,1.91,3.63,3.78,2,,,,,,,,,,,,,,,,,,,,0.0,0.0,0.0,100.0,1499.1,1500.6
2015-04-26,2015,Haugesund,Molde,0,0,D,U,4.61,3.68,1.73,2,,,,,,,,,,,,,,,,,,,,0.0,100.0,100.0,0.0,1480.9,1509.7
2015-04-26,2015,Aalesund,Tromso,0,2,A,U,2.07,3.42,3.45,2,,,,,,,,,,,,,,,,,,,,0.0,0.0,0.0,100.0,1480.6,1480.6
2015-04-25,2015,Viking,Rosenborg,1,4,A,O,3.48,3.51,2.03,2,,,,,,,,,,,,,,,,,,,,100.0,0.0,100.0,0.0,1489.7,1518.9
2015-04-25,2015,Odd,Mjondalen,2,2,D,O,1.35,4.92,8.3,2,,,,,,,,,,,,,,,,,,,,100.0,0.0,0.0,0.0,1528.6,1509.4
2015-04-24,2015,Start,Valerenga,2,3,A,O,2.47,3.44,2.69,2,,,,,,,,,,,,,,,,,,,,100.0,0.0,0.0,0.0,1510.3,1519.4
2015-04-19,2015,Tromso,Lillestrom,1,1,D,U,1.94,3.45,3.82,2,,,,,,,,,,,,,,,,,,,,0.0,100.0,0.0,0.0,1480.0,1499.7
2015-04-19,2015,Stabaek,Viking,1,0,H,U,2.64,3.31,2.59,2,,,,,,,,,,,,,,,,,,,,0.0,0.0,0.0,100.0,1490.3,1500.0
2015-04-19,2015,Sandefjord,Sarpsborg 08,1,0,H,U,2.18,3.35,3.23,2,,,,,,,,,,,,,,,,,,,,100.0,0.0,100.0,0.0,1499.7,1510.0
2015-04-19,2015,Molde,Aalesund,5,1,H,O,1.28,5.53,9.55,2,,,,,,,,,,,,,,,,,,,,0.0,100.0,0.0,100.0,1500.0,1490.3
2015-04-19,2015,Bodo/Glimt,Odd,2,4,A,O,3.2,3.43,2.17,2,,,,,,,,,,,,,,,,,,,,0.0,100.0,100.0,0.0,1480.0,1519.7
2015-04-18,2015,Rosenborg,Stromsgodset,1,1,D,U,1.45,4.52,6.53,2,,,,,,,,,,,,,,,,,,,,100.0,0.0,0.0,100.0,1519.7,1490.6
2015-04-18,2015,Mjondalen,Start,1,1,D,U,1.97,3.51,3.62,2,,,,,,,,,,,,,,,,,,,,100.0,0.0,0.0,0.0,1509.4,1510.3
2015-04-17,2015,Valerenga,Haugesund,2,0,H,U,1.78,3.7,4.31,2,,,,,,,,,,,,,,,,,,,,100.0,0.0,0.0,0.0,1510.0,1490.3
2015-04-12,2015,Viking,Tromso,3,1,H,O,1.86,3.44,4.17,1,,,,,,,,,,,,,,,,,,,,,,,,1490.0,1490.0
2015-04-12,2015,Start,Sandefjord,2,1,H,O,2.17,3.43,3.16,1,,,,,,,,,,,,,,,,,,,,,,,,1500.0,1510.0
2015-04-12,2015,Odd,Stabaek,2,0,H,U,1.32,5.06,8.89,1,,,,,,,,,,,,,,,,,,,,,,,,1510.0,1500.0
2015-04-12,2015,Haugesund,Rosenborg,0,6,A,O,3.06,3.4,2.24,1,,,,,,,,,,,,,,,,,,,,,,,,1500.0,1510.0
2015-04-12,2015,Aalesund,Lillestrom,1,1,D,U,2.0,3.46,3.57,1,,,,,,,,,,,,,,,,,,,,,,,,1490.0,1500.0
2015-04-11,2015,Stromsgodset,Mjondalen,1,1,D,U,1.51,4.19,6.01,1,,,,,,,,,,,,,,,,,,,,,,,,1490.0,1510.0
2015-04-11,2015,Bodo/Glimt,Molde,1,3,A,O,5.17,3.88,1.62,1,,,,,,,,,,,,,,,,,,,,,,,,1490.0,1490.0
2015-04-10,2015,Sarpsborg 08,Valerenga,1,1,D,U,2.41,3.38,2.79,1,,,,,,,,,,,,,,,,,,,,,,,,1510.0,1510.0
2015-04-07,2015,Molde,Odd,1,2,A,O,1.6,3.91,5.35,1,,,,,,,,,,,,,,,,,,,,,,,,1500.0,1500.0
2015-04-07,2015,Lillestrom,Start,1,1,D,U,1.66,3.82,5.01,1,,,,,,,,,,,,,,,,,,,,,,,,1500.0,1500.0
2015-04-06,2015,Valerenga,Stromsgodset,3,1,H,O,2.44,3.38,2.75,1,,,,,,,,,,,,,,,,,,,,,,,,1500.0,1500.0
2015-04-06,2015,Tromso,Sarpsborg 08,0,1,A,U,1.72,3.68,4.67,1,,,,,,,,,,,,,,,,,,,,,,,,1500.0,1500.0
2015-04-06,2015,Stabaek,Haugesund,1,1,D,U,2.53,3.33,2.69,1,,,,,,,,,,,,,,,,,,,,,,,,1500.0,1500.0
2015-04-06,2015,Sandefjord,Bodo/Glimt,3,1,H,O,1.93,3.52,3.82,1,,,,,,,,,,,,,,,,,,,,,,,,1500.0,1500.0
2015-04-06,2015,Rosenborg,Aalesund,5,0,H,O,1.45,4.44,6.57,1,,,,,,,,,,,,,,,,,,,,,,,,1500.0,1500.0
2015-04-06,2015,Mjondalen,Viking,1,0,H,U,2.38,3.35,2.86,1,,,,,,,,,,,,,,,,,,,,,,,,1500.0,1500.0
